:020000041000EA
:1000000000B5324B212058609868022188439860DF
:10001000D860186158612E4B002199600221596106
:100020000121F02299502B49196001219960352056
:1000300000F044F80222904214D00621196600F024
:1000400034F8196E01211966002018661A6600F04E
:100050002CF8196E196E196E052000F02FF8012189
:100060000842F9D1002199601B49196000215960AB
:100070001A491B48016001219960EB211966A021F2
:10008000196600F012F800219960164914480160C1
:100090000121996001BC002800D000471248134993
:1000A000086003C880F30888084703B5996A0420EC
:1000B0000142FBD001200142F8D103BD02B5186610
:1000C0001866FFF7F2FF186E186E02BD00000240BE
:1000D000000000180000070000035F00212200005C
:1000E000F4000018222000A00001001008ED00E03C
:1000F00000000000000000000000000074B24E7A12
:1001000000000420E3010010C3010010E903001007
:10011000C1010010C1010010C1010010C101001097
:10012000C1010010C1010010C10100104503001001
:10013000C1010010C1010010C9030010D503001057
:10014000CD010010CD010010CD010010CD01001037
:10015000CD010010CD010010CD010010CD01001027
:10016000CD010010CD010010CD010010CD01001017
:10017000CD010010CD010010CD010010CD01001007
:10018000CD010010CD010010CD010010CD010010F7
:10019000CD010010CD010010CD010010CD010010E7
:1001A000CD010010CD010010CD010010CD010010D7
:1001B000CD010010CD010010CD010010CD010010C7
:1001C00000BE00BE00BE00BE00BE00BE00F03FF894
:1001D000103800BE00202049086006C881F3088856
:1001E00010471E48006800282DD10CA40ECC002911
:1001F00002D000F010F8F9E719491A4A002000E08F
:1002000001C19142FCD1184988471849884700BE6E
:10021000FDE701C901C29A42FBD3704794C20110A5
:10022000C00000208C1100206CD3011000000420BD
:10023000000004206CD301100010042000100420E2
:100240000000000070470A4810F09CFE0047EFF3E2
:100250000580C0B27047000008ED00E0000000D04B
:1002600098110020C4AC0020CD02001071BA00101B
:1002700057560000F8B5C046F8BC08BC9E4670470B
:10028000F8B5C04610B5064C2378002B07D1054BB6
:10029000002B02D0044800E000BF0123237010BDF2
:1002A000101700200000000084020010044B10B55D
:1002B000002B03D00349044800E000BF10BDC04636
:1002C000000000001417002084020010164B002BC1
:1002D00000D1144B9D46402292029A1A9246002168
:1002E0008B460F461348144A121A12F0D7FE0F4BD2
:1002F000002B00D098470E4B002B00D098470020D1
:10030000002104000D000D48002802D00C480BF01D
:10031000B2FB12F045FA2000290007F08FFE0BF027
:10032000A7FBC046000008000000042000000000F9
:100330009D7F001098110020C4AC002077BA0010F7
:10034000000000007046C0082CD3EFF309808169DB
:1003500002390978002929D101B50FC8B8470CBC6A
:1003600003C29E461E4B06CB91421ED0083B1A602C
:10037000002909D0EFF3098020388863F0C0444693
:100380004D4656465F46F0C0906B1030F0C8A04610
:10039000A946B246BB4680F309882038F0C802203F
:1003A000C0430047EFF30880D1E770470D4A136858
:1003B0009942FAD801B5890053589C460FC8E047C6
:1003C0000CBC10609E46704701B507F0E1F803BC15
:1003D0008E46C7E701B507F099F803BC8E46C1E722
:1003E000BC0500202C920110102304E0202302E021
:1003F000302300E040239C46F0B404AE7546E80884
:1004000001D3EFF309860E4F0FCE0FC70FBC0FC7F6
:100410004046494652465B460FC71DCE3100A60AEC
:1004200000D304316E0900D248311FC7EFF30980B1
:100430006946EFF3148663C7604601490AF09CFEE3
:1004400034AC002001480421014B1847B0070020BC
:10045000950F011002B47146490849000956490038
:100460008E4402BC7047C04602B471464908490038
:10047000095C49008E4402BC7047C0460022430814
:100480008B4274D303098B425FD3030A8B4244D35C
:10049000030B8B4228D3030C8B420DD3FF2209029E
:1004A00012BA030C8B4202D31212090265D0030B5D
:1004B0008B4219D300E0090AC30B8B4201D3CB0353
:1004C000C01A5241830B8B4201D38B03C01A524195
:1004D000430B8B4201D34B03C01A5241030B8B4297
:1004E00001D30B03C01A5241C30A8B4201D3CB0282
:1004F000C01A5241830A8B4201D38B02C01A524167
:10050000430A8B4201D34B02C01A5241030A8B4269
:1005100001D30B02C01A5241CDD2C3098B4201D381
:10052000CB01C01A524183098B4201D38B01C01AFF
:10053000524143098B4201D34B01C01A5241030976
:100540008B4201D30B01C01A5241C3088B4201D325
:10055000CB00C01A524183088B4201D38B00C01AD2
:10056000524143088B4201D34B00C01A5241411AF9
:1005700000D20146524110467047FFE701B5002006
:1005800000F0F0F802BDC0460029F7D076E77047CA
:1005900003460B437FD4002243088B4274D30309E4
:1005A0008B425FD3030A8B4244D3030B8B4228D385
:1005B000030C8B420DD3FF22090212BA030C8B42AB
:1005C00002D31212090265D0030B8B4219D300E04B
:1005D000090AC30B8B4201D3CB03C01A5241830BD0
:1005E0008B4201D38B03C01A5241430B8B4201D380
:1005F0004B03C01A5241030B8B4201D30B03C01AA9
:100600005241C30A8B4201D3CB02C01A5241830A22
:100610008B4201D38B02C01A5241430A8B4201D351
:100620004B02C01A5241030A8B4201D30B02C01A7B
:100630005241CDD2C3098B4201D3CB01C01A5241E2
:1006400083098B4201D38B01C01A524143098B426B
:1006500001D34B01C01A524103098B4201D30B0154
:10066000C01A5241C3088B4201D3CB00C01A524179
:1006700083088B4201D38B00C01A524143088B423E
:1006800001D34B00C01A5241411A00D201465241D7
:10069000104670475DE0CA0F00D04942031000D3F6
:1006A0004042534000229C4603098B422DD3030A4B
:1006B0008B4212D3FC22890112BA030A8B420CD35B
:1006C000890192118B4208D3890192118B4204D384
:1006D00089013AD0921100E08909C3098B4201D304
:1006E000CB01C01A524183098B4201D38B01C01A3E
:1006F000524143098B4201D34B01C01A52410309B5
:100700008B4201D30B01C01A5241C3088B4201D363
:10071000CB00C01A524183088B4201D38B00C01A10
:100720005241D9D243088B4201D34B00C01A5241E7
:10073000411A00D20146634652415B10104601D374
:100740004042002B00D54942704763465B1000D3FE
:10075000404201B5002000F005F802BD0029F8D0A4
:1007600016E770477047C046D0400B1CD1409C46EE
:10077000203AD3401843524263469340184370478F
:100780009140031C90409C46203A934019435242AA
:100790006346D340194370478446101C62468C461A
:1007A000191C634600E0C0461FB501F031FA00286D
:1007B00001D40021C8421FBD10B501F089F94042A3
:1007C000013010BD10B501F023FA002801DB002034
:1007D00010BD012010BDC04610B501F019FA002867
:1007E00001DD002010BD012010BDC04610B501F094
:1007F000ABF9002801DC002010BD012010BDC0466F
:1008000010B501F0A1F9002801DA002010BD012087
:1008100010BDC0461C2101231B04984201D3000CCB
:1008200010391B0A984201D3000A08391B09984263
:1008300001D30009043902A2105C40187047C04679
:100840000403020201010101000000000000000099
:10085000414208401C2101231B04984201D3000C93
:1008600010391B0A984201D3000A08391B09984223
:1008700001D30009043902A2105C401A7047C04637
:100880001B1C1D1D1E1E1E1E1F1F1F1F1F1F1F1F87
:10089000002B15D1002A13D1002906DB01DC00282A
:1008A00006D00020C043410802E080210906002054
:1008B00007B4024801A14018029003BDA9FEFFFF42
:1008C00003B4684601B5029800F02CF9019B9E46DE
:1008D00002B00CBC7047C046002B11D1002A0FD1CA
:1008E000002900D1002802D00021C943081C07B408
:1008F000024802A14018029003BDC04669FEFFFFF6
:1009000003B4684601B5029800F04AF8019B9E4680
:1009100002B00CBC7047C046F0B5CE464746150441
:100920002D0C2E0080B50704140C3F0C9946030CC7
:100930007E435D43674363437F19340CE4199C464F
:10094000A54203D980235B029846C4444B464343E7
:100950005143250C36046544360C2404A4195B1954
:10096000591820000CBC90469946F0BD094A43082E
:100970001340C01A0300084A8008104013401B1897
:100980001809C018054B03401802C0180304C0180A
:10099000000E704755555555333333330F0F0F0F36
:1009A000F0B54F464646D646C0B5040082B00D00AD
:1009B000914698468B422FD82CD04146484602F0AB
:1009C000DDF829000600200002F0D8F8331A9C4612
:1009D000203B9A4600D576E04B46524693401F0096
:1009E0004B46624693401E00AF4228D825D053465E
:1009F000A41BBD41002B00DA7BE000220023009203
:100A00000193012352469340019301236246934090
:100A1000009318E08242D0D9002200230092019373
:100A20000A9B002B01D01C605D600098019902B008
:100A30001CBC90469946A246F0BDA342D7D90022DD
:100A40000023009201936346002BE9D0FB079846F0
:100A5000414672080A437B0866460EE0AB4201D16C
:100A6000A2420CD8A41A9D41012024196D410021F5
:100A7000013E24184D41002E06D0AB42EED9013E76
:100A800024196D41002EF8D10098019953460019A0
:100A90006941002B23DB2B005246D3402A006446D9
:100AA000E2401C0053461500002B2DDB2600574664
:100AB000BE40330026006746BE403200801A99418E
:100AC00000900191ACE7624620239B1A4A46DA4027
:100AD0006146130042468A4017001F4380E7624682
:100AE00020239B1A2A0066469A402300F3401343B2
:100AF000D4E76246202300219B1A00220091019234
:100B00000122DA40019280E72023624626009B1AE8
:100B1000DE402F00B0466646B74046463B003343B2
:100B2000C8E7C046F0B583B016001F0000900191E1
:100B300002F030F804000D0002000B003000390014
:100B4000FFF7EAFE009A019B121A8B4108992000D8
:100B50000A604B60290003B0F0BDC046F0B54E46B8
:100B600057464546DE46E0B543025B0A450083B082
:100B70000F1C99462D0EC60F002D57D0FF2D24D0E7
:100B80008020DB00C0041843002381469A469B4620
:100B90007F3D7C027A00FB0F640A120E984623D038
:100BA000FF2A4BD0E30080240020E4047F3A1C435A
:100BB000AD186B1C47460193534677403A000F2B04
:100BC00048D87D499B00CB589F46002B00D085E03C
:100BD00008339A46063B9B467C027A00FB0FFF25B2
:100BE000640A120E9846DBD1002C00D090E05246E9
:100BF00001231A4392460120DBE74C465846170072
:100C0000022824D0032800D1CFE0002200230128AD
:100C10004DD15802D205400AFF071043384303B0B4
:100C20003CBC90469946A246AB46F0BD002B5BD13A
:100C300004239A46033B00259B46AAE7FF35002C78
:100C400060D1524602231A4392460220B1E7FF22A6
:100C50000023DEE74B461B0C9C464B462604360C15
:100C6000180461463300220C6446000C43434E4393
:100C70005043544380191A0C1218964203D980210C
:100C800049028C4664441B041B0C1004C0188301E9
:100C90005E1EB341800E1843130C1B199B010343C6
:100CA0001C00230179D5012362081C401443019ADA
:100CB0007F32002A4DDD630704D00F232340042B2D
:100CC00000D00434230103D53C4B019A1C408032F0
:100CD000FE2ABCDCA3015B0AD2B29AE70C239A4637
:100CE000093BFF259B4654E71800FFF793FD4A4652
:100CF000431F76259A4000236D4291462D1A9A464D
:100D00009B4646E7524603231A439246032050E788
:100D10002000FFF77FFD431F2D1A9C40763D0020E9
:100D200047E780230027DB03FF2272E7424666E79E
:100D30004C463200584662E780234A46DB031A429B
:100D400022D01C4220D123435B025B0A4746FF228C
:100D50005FE701239A1A1B2A21DC23000199D34063
:100D60009E318C401A0023005C1EA34113435A0796
:100D700004D00F221A40042A00D004335A0111D49F
:100D80009B015B0A002244E780234A46DB031343AE
:100D90005B025B0A3700FF223BE7019587E70022F1
:100DA000002336E70122002333E78023DB032343BC
:100DB0005B025B0AFF222CE7A8870110FFFFFFF709
:100DC00041024200C30F490A120E00207E2A0DD9AB
:100DD0009D2A0CD8802000040143952A0ADC962025
:100DE000821AD1404842002B00D108007047034AC4
:100DF0009818FBE7963A9140F4E7C046FFFFFF7F63
:100E000070B500283DD0C317C5185D40C40F280039
:100E1000FFF700FD9E22121A962A07DCD2B208289C
:100E200033DD083885406802400A23E0992A0BDD4B
:100E3000052329001B1AD94003001B339D402B00BA
:100E40005D1EAB4119430D00052801DD431F9D4088
:100E50002B000F490B406E0709D00F263540042D9B
:100E600005D004335D0102D59F220B40121A9B016D
:100E7000580AD2B24002D205400AE4071043204388
:100E800070BD002400220020F4E76802400AF1E768
:100E9000FFFFFFFBF0B54F464646D6460C00090360
:100EA000C0B5490A470F5E0039431F03DB0F9C465C
:100EB00065007B0A570F1F436D0DE40F760DA146A9
:100EC000C000B846D200AB1B64457BD0002B5FDD71
:100ED000002E00D0A4E03E00164300D112E15E1EB9
:100EE000002E00D09EE1871A4346B842804101257A
:100EF000C91A4042091A0B0200D431E149024E0AD4
:100F0000002E00D16EE13000FFF784FC0300083BA7
:100F10001F2B00DD61E120223900D21A9E40D14012
:100F20009F400E439D4200DD51E15D1B6B1C1F2B5A
:100F300000DD7CE12021C91A3D0030008F4088404F
:100F4000DD40791E8F41310007222843D94000251A
:100F500007433A40002A09D00F233B40042B05D019
:100F60003B1DBB42BF417F42C9191F000B0200D489
:100F700026E26A1CC64B55056D0D9A4200D106E16A
:100F8000C44AFF080A40530752023B43120B8EE04B
:100F9000002B00D0B8E06B1C5B055B0D012B00DC67
:100FA00030E1871A4346B842B641CB1A76429E1BBF
:100FB000330200D54CE13B003343A1D10022002491
:100FC000002570E0002B00DCE5E0002E00D183E07E
:100FD000AF4EB54260D0802636043743B846382B32
:100FE00000DC3EE1434613431F007A1E97413F1841
:100FF00087428041404209180B0200D4B0E0A44B64
:1010000001359D4200D1C3E0A24A7B080A4001217C
:101010000F401F435108D30707221F433A4099E767
:101020009B4EB54238D0802636043743B846382B1D
:1010300000DDDCE01F2B00DC30E11E004746203ED7
:10104000F740BC46202B04D04026F31A46469E406B
:101050003243170063467A1E97411F43CCE0002BB2
:1010600000D104E24346134300D159E14B07C008C5
:1010700018438023C9081B03194208D04546ED08D0
:101080001D4204D14346D008590708432900420FA6
:10109000C9007F4D1143C0004B07CA087C49C008F6
:1010A00003438D4268D012036D05120B6D0D0021B4
:1010B00012031800130B0A0D12051A43764B2D0567
:1010C00013402B435B00E4075B08234319001CBC5F
:1010D00090469946A246F0BD3E00164312D05E1ED1
:1010E000002E00D000E187188742804141444042F1
:1010F000091801250B0233D5022585E76446330024
:10110000414610001D00C7E7002D00D0DAE00C00BA
:101110000443F3D05C1C00D19FE15D4CA64200D19A
:101120002FE1DB43382B00DD66E11F2B00DD83E17F
:1011300020240500E41A0F00DD40D940A0404346BA
:10114000A7405B1A441EA04198462F433843171A04
:10115000BA42924143465242991A64463500CAE661
:1011600007223A40002A00D0F6E64B07CA08484951
:10117000FF083B438D4296D11900114300D19EE1F7
:10118000802109030A431203120B414D8FE715001A
:10119000002200238BE7002B00D0C7E06B1C5F050B
:1011A0007F0D012F00DCF1E0394DAB4200D1B9E0F9
:1011B00085180A0085428941424449425118072254
:1011C000CF076D082F4349083A401D00C2E60722A9
:1011D0003049ED1A31403A40BCE63E00283886409E
:1011E00000279FE63800FFF715FB20308EE64346C8
:1011F00013431F007A1E9741C71BB84280414042EB
:10120000091A78E60E003B0006431343002D61D116
:10121000002E00D0F4E0002B00D11BE16446390021
:10122000100039E71A4FBB427AD03300FFE6300096
:101230001F3DE840202B03D04021CB1A9E4037436E
:101240007B1E9F41072207433A400021002589E782
:10125000171A4346BA42B641591A76428E1B644663
:101260004EE61F2B00DDADE020264746F61AB740BC
:10127000B9461700B246DF404E463E433700564659
:10128000B240561EB24117434246DA408918AEE6D4
:10129000FF070000FFFF7FFFFFFF0F80202647466C
:1012A000F61AB740B9461700B246DF404E463E43F5
:1012B00037005646B240561EB24117434246DA4006
:1012C000891A99E77F4CA6425BD0802424045B42B4
:1012D000214327E7002E0CD1002B00D1CBE0644640
:1012E00039001000774DD7E6764FBB4218D0330057
:1012F00075E6002B14D04B07C00818438023C9089B
:101300001B03194207D0FC081C4204D17907D008FE
:101310000843E14621004C46420FC9001143C0007A
:10132000684DB9E61D0000220023C0E6002D5BD108
:101330000D00054300D1E2E65D1C00D1B0E0614D37
:10134000AE421FD0DB43382B71DC1F2B00DD96E053
:1013500020250F00ED1AAF40B9460700AA46DF402E
:101360004D463D432F005546A840D940451EA84153
:1013700088440743BF189742924151424144350087
:101380003AE6644635004146100085E60B0003430B
:10139000002D00D063E6002BF5D04346134300D167
:1013A0007AE6871887428041072241444042091863
:1013B0003A400B0200D4D5E6434B01351940C9E54C
:1013C000380069E61E004746203EF740BC46202B09
:1013D00004D04026F31A46469E4032431700634627
:1013E0007A1E97411F4302E6364DAE42CAD0802591
:1013F0002D045B422943A6E70843411E8841A6E627
:10140000002B00D148E6871A4346B842B641CB1AB2
:1014100076429E1B33024BD5171A4346BA4292417D
:10142000591A5242891A072264463A4092E501430A
:101430000F00791E8F419DE71C000F00203CE74004
:10144000202B03D04024E31A99400843411E8841D1
:1014500038437CE60022002425E6171A4346BA42A8
:101460009241591A5242891A6446350043E5414671
:101470001000144D10E680220024120380E61D00A7
:101480000F00203DEF40BC46202B03D04025EB1A37
:101490009940084307006346781E87411F4369E768
:1014A000871897429B4141445B42C9183500A3E528
:1014B0003B003343CED0072231003A4052E60023AE
:1014C0001A00F4E5FF070000FFFF7FFFF0B5574665
:1014D000DE464E464546E0B5834607000E0348000B
:1014E00085B092461C00360B400DCD0F002800D170
:1014F0009DE0954B984239D08023F6001B041E4393
:10150000924A7B0F33439946944603006344009309
:1015100000230026FF00029323031B0B9846630061
:10152000E40F52465B0D019400D1B3E086498B4233
:1015300000D19EE04246D100802212040A43514667
:10154000490F11438B46814952468C4600996344AA
:10155000CB1A0021D20000932B0063409A460F2E35
:1015600000D905E17A4BB6009B599F465B46334351
:10157000994600D0B8E00223082600270090029385
:10158000CAE7CB463A0002990195019B9A46022987
:1015900027D0032900D180E2012944D06D49009B66
:1015A0008C4663441C00002C38DD530700D013E246
:1015B000D2085B46DB0109D55946674B19408B467B
:1015C0008021C9008C46009B63441C00634B9C42F5
:1015D00007DC5B4664055F075B0217431B0B620D6C
:1015E00002E000230027584A00211B031C0B0B0DAF
:1015F0001B05234314055A4A380013401C43534625
:101600006400DB0764081C43210005B03CBC904625
:101610009946A246AB46F0BD0122524201231B1B54
:10162000382B00DCADE1002200230027DCE75B461D
:10163000334399465ED0002E00D18AE13000FFF797
:10164000E9F803000B3B1C2B00DD7BE11D22D31AC4
:101650005A460100DA4008398E4013005F46334392
:1016600099468F403F4B00261B1A0093002302939C
:1016700052E7414653460B433B499B468C46009BF1
:10168000634400935B46002B3BD1022300221E43A0
:10169000022161E7434613439B4637D04346002B64
:1016A00000D162E14046FFF7B5F803000B3B1C2B6D
:1016B00000DD53E102004146083A914088461D2171
:1016C000CB1A5146D9400B0041460B439B4653462B
:1016D00093401A00009B25499C46604403008C46B9
:1016E00063440093002137E70323B14600900C26A2
:1016F000029311E70023009301330426002702938D
:101700000AE70323C3461E43032125E701331E4393
:101710000022012120E700239A46802300271B0393
:10172000094A61E7802349461B03194200D1E2E0E0
:101730005946194200D0DEE00B431B0317001B0B78
:10174000A246014A50E7C046FF07000001FCFFFF28
:10175000E8870110FF030000FFFFFFFEFE07000007
:10176000FFFF0F800DFCFFFF01F8FFFFF3030000F8
:10177000D94500D9CBE000D1C6E03C00484600275F
:10178000009B013B00935B46160E1B021E43130297
:10179000984633041B0C9946310C0191FEF7F4FE78
:1017A0004A4642430B04210C050019438A4207D9DB
:1017B0008919013D8E4203D88A4201D9851E8919B3
:1017C000881A0199FEF7E0FE09048C464A46210476
:1017D00064464243090C030021438A4204D9891913
:1017E000013B8E4200D8F1E02D041D43AB46434639
:1017F000891A4246280C12041D0C5B46140C220068
:101800001B041B0C5A4303946B43444302956843E7
:101810001B19150CEB189C4203D980246402A446C2
:1018200060441C0C15041B042D0C20185D1981420A
:1018300077D373D00C1AA24A7D1BAF42BF419446A6
:10184000009B7F426344E01B1C00864200D1DBE02A
:101850000199FEF799FE4A4642430B04290C070002
:1018600019438A4207D98919013F8E4203D88A4217
:1018700001D9871E8919881A0199FEF785FE090486
:101880004A46894629044D464243090C0300294330
:101890008A4207D98919013B8E4203D88A4201D96D
:1018A000831E89193F04891A3A00039F1A4338009E
:1018B00013041B0C584381460298150C6F43434395
:1018C00045434846000C8446DB1963449F4203D9D4
:1018D000802040028446654448461F0C00041B04D7
:1018E000000C7D191818A94200D284E000D17FE0D5
:1018F00001231A4357E680234A461B0313431B0365
:101900001B0BAA466F4A6FE6BA4200D935E74B4631
:10191000DC0758087B081C43FF0734E70024AF426C
:1019200089D247444745A4415B466442A4196418E0
:10193000013BA6421ED2A0426DD800D1B6E0241AC7
:101940009B4678E703005A46283B9A400027914679
:1019500088E65846FEF75EFF203072E603005246E6
:10196000283B9A4093460022B4E65046FEF752FFC9
:1019700020309AE6A642E2D1B845DCD9341A9B461B
:1019800059E71F2B65DC504C0099A4465C46614426
:1019900008008C4011008240D940501E82410C4307
:1019A00014435A46DA401300620709D00F2222403E
:1019B000042A05D02200141D9442894149425B1833
:1019C0001A0262D50122002300270DE68A4200D8C0
:1019D0000AE7831E891907E70F231340042B00D160
:1019E000E6E5171D9742924153429B44FA08E0E511
:1019F000002800D1D7E57118531EB14227D3A94260
:101A000015D358D01A0073E7002B00DC04E601233D
:101A100000229B44CDE502234744474589415B4270
:101A20009C46494289190C19E344241A03E74346AA
:101A30005F0047459B41B8465B429E19023A8919AF
:101A4000A94200D054E7404500D051E7ABE51A0069
:101A5000F6E71F215F4649420C1BE740202B07D0C9
:101A60001A49009B8C46634418005B4683401A4326
:101A7000501E82413A4307270023174009D00F2107
:101A8000002311401400042995D122005F075B0256
:101A90001B0BD20817430022A6E5802359461B03DF
:101AA0000B431B0317001B0B064A9DE5BD42B2D832
:101AB0009B460024BFE68045B9D31A00C3E7C04661
:101AC000FF030000FF0700001E0400003E040000AA
:101AD000F0B54F464646D6468446C0B58046194EB8
:101AE00018030F034D00000B5C0082463F0B6D0D89
:101AF000C90F9146640DDB0F0120B5420AD0B442F4
:101B000003D0A54201D157450CD01CBC9046994644
:101B1000A246F0BD66463E43F7D1AC42F5D15446ED
:101B20001443F2D10120C845EFD1994207D0002DCE
:101B3000EBD163461F433800471EB841E5E700205C
:101B4000E3E7C046FF070000F0B54F464646D646DD
:101B50004D00C0B50E03C90F8A462C491F035C0017
:101B60008046360B6D0D91463F0B640DDB0F8D42A9
:101B70001ED08C4216D0002D1ED130438446002C3E
:101B800001D13A4323D06246002A1AD09A4529D07F
:101B9000514602200139084001381CBC9046994644
:101BA000A246F0BD39001143E5D002204042F4E7DF
:101BB0003043FAD1AC420FD0002C0FD13A43E7D0DA
:101BC0000CE00122013B934318000130E5E7634636
:101BD0000020002BE1D0DBE73A43E6D19A45D7D18C
:101BE000A542D5DCA54205DBBE42D1D808D00020F5
:101BF000BE42D2D250460123013898430130CCE78F
:101C0000C845C5D80020C845F4D3C6E7FF07000083
:101C1000F0B54F464646D6464D00C0B50E03C90F37
:101C20008A462E491F035C008046360B6D0D914697
:101C30003F0B640DDB0F8D4218D08C4211D0002D6C
:101C400018D130438446002C1ED13A431CD1634640
:101C50000020002B30D051460220013908400138C5
:101C60002AE039001143EAD0022025E03043FBD1BD
:101C7000AC4226D0002C26D13A4324D15146022032
:101C800001390840013817E06246002A0FD09A4512
:101C9000E1D1A54205DBBE42DDD819D00020BE420D
:101CA0000AD25046012301389843013004E0012252
:101CB000013B9343180001301CBC90469946A24654
:101CC000F0BD3A43D0D19A45C5D1A542C3DCE0E787
:101CD000C845C0D80020C845E3D3EDE7FF070000A2
:101CE000F0B55746DE464E464546E0B5834606000B
:101CF0000F03480087B092461D003F0B400DCC0FEC
:101D0000002800D16FE0DE4B984238D08023FF00DE
:101D10001B041F43730F3B430193DA4B0027994683
:101D200000239B46F60081442B0369001B0B52469F
:101D30009846490DED0F002900D185E0D04B99421E
:101D400000D173E04346DA0080231B04134352465C
:101D5000CC48520F84461343524600206144D200BF
:101D600089442100694000918C46012149448A46FA
:101D70000F2F00D990E0C449BF00CF59BF465B4642
:101D80003B43019300D06AE10223082700268146E5
:101D90009B46C9E732005846019B614600910228E4
:101DA00000D175E0032800D1FEE1012800D02CE12C
:101DB00000230027002600253F032A0D3F0BB348D0
:101DC00012053A4302401B051343009A5B00D107FA
:101DD0005B080B433000190007B03CBC90469946A5
:101DE000A246AB46F0BD5B463B43019300D12FE1D9
:101DF000002F00D1A5E13800FEF70CFD03000B3BDE
:101E00001C2B00DD96E11D22D31A5A460100DA4050
:101E10005E4608398F4013008E403B4301939C4B34
:101E200000271B1A994600239B467DE741465346EF
:101E30000B4393498C46E144002B00D01AE1022267
:101E40000220174300228CE7134300D10DE14346E3
:101E5000002B00D181E14046FEF7DCFC02000B3A8A
:101E60001C2A00DD72E10100434608398B40984688
:101E70001D239A1A5346D3401A0043461343524631
:101E80008A404946081A824989468144002068E709
:101E90007B4B002700268EE7140C1204120C110055
:101EA000370C3604350C794328008C462E006043ED
:101EB0006044834656432100300C8046584679439F
:101EC00040440291844506D98846802149028C46C7
:101ED000E044414602913604010C360C00048B4666
:101EE00081191E0C1B041B0C0391190079438C46AD
:101EF000280075436544A8465843050C454477437C
:101F0000A94203D9802149028C466744290C8C469A
:101F100039000004000C2D042D186144AB440591D8
:101F20005946049101990F043F0C080C39005143A4
:101F30004243904602008C46090C8B4662437C4328
:101F400044445C44A04503D9802149028846424468
:101F5000210C884661460904090C8C463900594316
:101F6000434370437E430F0CF6182404BE196444A7
:101F700042448C46B34203D980235B0298464044D6
:101F8000029B61469846049B370443449B46AB45FD
:101F9000AD416B420D0405992D0C8C467F196744A9
:101FA000FD18A8465D462D19A542A44193466442FA
:101FB000A446C344DC448F42BF4198459B419345AE
:101FC0009241A445A4415B427F421F43360C5242DA
:101FD0006442BF192243BF18624638184302D20D2B
:101FE000039913436A020A43501E82416146ED0D74
:101FF0002A434E023243D90100D4B3E001265008EF
:1020000032400243DE0732435B08224C5444002C2A
:1020100062DD510709D00F201040042805D0101DA3
:102020009042924152429B180200D90104D580246B
:102030001948E400034054441848844200DD27E76F
:102040005E075B02D2081F0B630516435B0DB2E609
:10205000002399460133042700269B4664E60323A8
:10206000019781460C279B465EE60122012017431B
:10207000002276E6032303201F43434671E6C04651
:10208000FF07000001FCFFFF28880110FFFF0F8001
:102090000DFCFFFFFF030000FFFFFFFEFE07000037
:1020A0000023802700933F030026434B83E6019BD8
:1020B0003200A446584670E6AC466EE68027019989
:1020C0003F0339422DD03B422BD11F433F033F0BEF
:1020D00000951600384B6EE601252D1B382D00DDCE
:1020E00066E61F2D40DC35481C0050441600824037
:1020F0008440EE40501E824134431443EB4062075B
:1021000009D00F222240042A05D02200141D944237
:10211000804140421B181A023ED5012300270026A9
:1021200049E68027019B3F031F433F033F0B009479
:10213000214B40E603005A46283B9A400026019274
:102140006DE65846FEF766FB203057E60300524620
:10215000283B9A401300002293E65046FEF75AFBB4
:1021600020307BE6CA4650E71F201E004042041B79
:10217000E640202D03D0124C5444A3401A43501E75
:102180008241324307260027164009D00F20002342
:10219000104014000428B9D122005E075B021F0B17
:1021A000D2081643002306E680273F031F433F0360
:1021B0003F0B1600004BFEE5FF0700001E04000069
:1021C0003E040000F8B557464E464546DE460C0034
:1021D0000903E0B5490A460F5F0031431E03DB0FD8
:1021E000760A9B46530F3343C84E6500C000E40F88
:1021F000D2006D0DA24681467F0D9C469046B742A7
:1022000000D1B9E05B46012673409B46EE1BA34517
:1022100000D183E0002E63DD002F00D0B1E06346E3
:10222000134300D123E1731E002B00D0BAE1861ABC
:102230006346B04280410125C91A4042091A0B0287
:1022400000D447E149024B0A98464346002B00D18F
:1022500089E14046FEF7DEFA0300083B1F2B00DD54
:102260007CE120223000D21A4146D0409940020041
:102270009E400A439D4200DD6AE15D1B6B1C1F2BE3
:1022800000DD94E1202110003500C91A8E40DA40AB
:102290008840DD40711E8E41110007222843002531
:1022A00006433240002A09D00F233340042B05D0C7
:1022B000331DB342B641764289191E000B0200D489
:1022C0003DE26A1C914B55056D0D9A4200D119E112
:1022D0008F4AF6080A40570752023743120B9BE019
:1022E000002E00D0C5E06E1C7605760D012E00DCB8
:1022F00048E16746861ACB1BB042BF417F42B846D1
:102300001F004346FF1A3B00B8461B0200D55FE1A1
:1023100037439AD100220024002579E0002E00DC0A
:10232000FAE0002F00D18DE0784B9D4267D08023EA
:1023300067461B041F43BC46382E00DC52E163464F
:1023400013435A1E93411E18864280414042091889
:102350000B0200D4BEE06D4B01359D4200D1D2E0AE
:102360006B4A73080A4001210E401E435108D307EF
:1023700007221E43324095E71E00164300D045E772
:1023800040E7624B9D423AD0802367461B041F43BF
:10239000BC46382E00DDEBE01F2E00DC3AE13300B6
:1023A0006746203BDF403B00202E05D04027BF1B67
:1023B0006646BE40324390464646721E96413343BF
:1023C000DAE0002B00D114E26346134300D168E148
:1023D00080234E07C008C9081B030643194208D0D2
:1023E0006046C008184204D163460100D2085E0767
:1023F0001643F3009946C900720F444D11434B46F2
:10240000DE08424B4F073743CA089D4200D16EE0B9
:1024100012036D05120B6D0D00211203130B0A0D33
:1024200012051A433B4B2D0513402B435B00E40779
:102430005B082343380019003CBC90469946A246ED
:10244000AB46F8BD6346134311D0731E002B00D07A
:1024500007E18618864280416144404209180125FF
:102460000B0237D502257BE73E00614691463500D9
:10247000C5E75C46002D00D0E1E00B000343F3D03C
:10248000731C00D1ACE1214B9F4200D13AE1F343F0
:10249000382B00DD6FE11F2B00DD8CE120250E00C5
:1024A000ED1AAE40B0460600AA46DE40454635432A
:1024B0002E005546D940A8406346451EA8415B1AE8
:1024C0009C463043161AB242924163465242991AD0
:1024D0003D00B4E607223240002A00D0E4E60B4B70
:1024E000F6084F073743CA089D4200D090E73B00EB
:1024F000134300D1A6E180231B031A431203120BDE
:10250000024D89E715000022002785E7FF0700003C
:10251000FFFF7FFFFFFF0F80002E00D0C7E06B1C86
:102520005E05760D012E00DCF0E0C84DAB4200D117
:10253000B9E085180A008542894162444942511830
:102540000722CE076D082E43490832401D00A9E638
:10255000BF49ED1A114007223240A3E63200283865
:102560008240002686E63000FEF754F9203073E6FC
:10257000634613435A1E9341C61AB04280414042FB
:10258000091A5CE60E00674606431743002D5ED12C
:10259000002E00D0F3E0002F00D11EE15C46614622
:1025A00091462CE7A94FBE427BD01E00F1E61000F9
:1025B0001F3DE840202B03D04021CB1A9A40164300
:1025C000731E9E410722064332400021002583E707
:1025D000161A6346B2428041591A40420B1A984675
:1025E0005C4632E61F2E00DDABE02027BB1B9A467F
:1025F00063465746BB40994613004F46F3401F437E
:102600003B005746BA40571EBA4113436246F24058
:10261000891898E62027BB1B9A4663465746BB405D
:10262000994613004F46F3401F433B005746BA40BC
:10263000571EBA4113436246F240891A9CE7834B06
:102640009F425FD080252D047342294320E7002E4E
:102650000CD1002F00D1D0E05C46614691467B4D05
:10266000CDE67A4FBE421CD01E0065E6002F18D082
:10267000C0084E0706438020C9080003014208D065
:102680006346DC08044204D12100DA46D2085E0722
:102690001643F300994601245346C900720F1143B3
:1026A0001C406A4DABE61D0000220027B4E6002D59
:1026B00059D10B00034300D1D6E6731C00D1B2E020
:1026C000624B9F421ED0F343382B6FDC1F2B00DD83
:1026D00097E020250E00ED1AAE40B0460600AA464F
:1026E000DE40454635432E005546A840D940451E9C
:1026F000A8418C440643B618964292415142614427
:102700003D0025E63D006146914678E60B00034317
:10271000002D00D055E6002BF5D06346134300D1C1
:102720006DE68618864280416144404209180022C5
:102730000B0200D4D0E6464B01351940B2E5B14654
:102740005DE633006746203BDF403B00202E05D08E
:102750004027BF1B6646BE40324390464646721E27
:1027600096413343EFE5394B9F42CBD080252D0472
:1027700073422943A8E70843411E8841A2E6002F7F
:1027800000D13CE66346861ACF1AB0429B415B42B9
:10279000FB1A98461B024ED5161A6346B242924166
:1027A000591A5242891A5C4600227BE501430E0009
:1027B000711E8E419FE71D000E00203DEE40B04689
:1027C000202B04D04025EB1A994008438146484607
:1027D0004346411E8841184374E60022002417E650
:1027E000161A6346B2429241591A5242891A3D0062
:1027F00025E561469146154D01E68022002412032D
:1028000079E61D000E00203DEE40B046202B04D09E
:102810004025EB1A9940084381464E464346711EB7
:102820008E411E4367E7861896429B4161445B4296
:10283000C9183D008CE547463743CED007224146B4
:10284000324049E600273A00E6E5C046FF070000AF
:10285000FFFF7FFF70B50C4E0D031C0349005B00AA
:102860002D0B490D240B5B0DB14208D00649002009
:102870008B4203D114432000441EA04170BD054388
:102880000120002DFAD1F1E7FF07000030B5144D0B
:102890000A034B00120B5B0DC90F0024AB4211DD84
:1028A000104CA34210DC8024640322430E4CE41A33
:1028B0001F2C0CDD0D48C31ADA4013005C420029BE
:1028C00000D11C00200030BD094BCC18FAE7094D9F
:1028D000E040AC4663449A4013000343EEE7C04631
:1028E000FE0300001D040000330400001304000078
:1028F000FFFFFF7FEDFBFFFF70B500282DD0C31752
:10290000C5185D40C40F2800FDF784FF154B1B1A46
:102910005B055B0D0A2815DD0B38854000222D0371
:102920002D0B002110002D030A0D2D0B12052A433B
:102930000D4D1B052A4013435B00E4075B0823434E
:10294000190070BD02002900153291400A000B21C8
:10295000081AC5402D032D0BE3E7002400230025B2
:102960000022DEE71E040000FFFF0F8010B5041EEA
:1029700025D0FDF74FFF144B1B1A5B055B0D0A2892
:1029800012DD0B38844000222403240B00211000A8
:1029900024030A0D240B120522430C4C1B05224074
:1029A00013435B00590810BD02002100153291400D
:1029B0000A000B21081AC4402403240BE6E7002375
:1029C00000240022E2E7C0461E040000FFFF0F8043
:1029D0004100090E4B1C70B5DBB24602750AC40FEC
:1029E000012B14DDE0239B006D07360BCB18002173
:1029F0000A0D280012051C4D32435B052A405B0876
:102A000013435B00E4075B082343190070BD0029F2
:102A100014D1002D1ED02800FDF7FCFE0A281CDC76
:102A20000B232A001B1ADA40030015339D400F4B7D
:102A300012031B1A5B05160B5B0DD8E7002D06D0A1
:102A4000320B802636036D071643094BCFE7084B40
:102A50000026CCE700230026C9E703002A000B3B31
:102A60009A400025E3E7C046FFFF0F80890300007E
:102A7000FF070000F0B54C00640D0B03621C5B0AFD
:102A8000460F5205C90F1E43C500520D012A29DD0C
:102A9000374BE718FE2F1CDC002F3BDD8001431E67
:102AA00098410722F3006D0F03432B431A40002A7D
:102AB00004D00F221A40042A00D004338022D2040A
:102AC0001A4024D00137FAB2FF2F02D09B01580AD6
:102AD00001E0FF2200204002D205400AC90710434E
:102AE0000843F0BD3543002C04D1002D0AD100224B
:102AF0000020F0E7002DECD08020C0033043FF22FF
:102B0000E9E7002400235B02580AE2B2E3E7DB08AE
:102B10003C00F8E73B001733F3DB80231B0433430F
:102B20001E26F61B1F2E14DD02225242D71B1A004E
:102B3000FA401700202E04D00E4A94466444A34065
:102B40001D432B005D1EAB4107223B431A4000276B
:102B5000ADE7094A2800A218954093406C1EA54194
:102B6000F04007222B4303431A4000279FE7C0464B
:102B700080FCFFFFA2FCFFFF82FCFFFF10B50029D5
:102B800003D1FDF747FE203002E0081CFDF742FEAE
:102B900010BDC046F0B54E465746DE464546E0B548
:102BA0000F00002183B006008946002F06DA3900A5
:102BB000002746428F41012149428946002B07DA0E
:102BC0004946C943100089461900002342428B41FF
:102BD00034003D0092469846BB4269D866D04146D3
:102BE0005046FFF7CBFF834639003000FFF7C6FFA2
:102BF0005B461B1A9C46203B9B4600D575E0514620
:102C0000584681400B005146604681400A00BB4255
:102C100061D85ED034003D005946A41A9D41002978
:102C200000DA7AE000210020012600900191594647
:102C30008E400196614601268E406146009600292D
:102C400050D0D90756085F080E4363460EE0AF42E6
:102C500001D1A6420CD8A41BBD41012124196D410C
:102C60000022013B64185541002B06D0AF42EED93B
:102C7000013B24196D41002BF8D1009801995B4666
:102C800000196941002B3DDB2E00DE4063462C001D
:102C9000DC405B46002B4BDB34005D46AC40230040
:102CA0006446A6403200801A994103E0B24296D9A8
:102CB000002000214B46002B04D003000C00002113
:102CC0005842A14103B03CBC90469946A246AB464F
:102CD000F0BDB1429ED900210020009001916146D3
:102CE0000029AED100980199E4E7202362465146BD
:102CF0009B1AD940404600916146884003000099E4
:102D00000B4380E7624620239B1A2A009A40260044
:102D100013006246D6401E43B8E7614620260127CD
:102D2000761A00200021F74000900191019781E779
:102D30006746202362463500BC409B1ADD402300D5
:102D40002B43ADE7024670B50A4392072AD11E4DC8
:102D5000EE0104C808C9541B9443344017D0D0B2C4
:102D6000D9B2401A2106014310D190B299B2401A4B
:102D7000210401430AD110021902000A090A401A6B
:102D80002102014302D1100E190E401A70BD9A4261
:102D9000DFD010BA19BA884201D9012070BD0020D5
:102DA000C04370BD02780B7801300131002A09D090
:102DB0009A4207D102780B7801300131002A01D004
:0C2DC0009A42EFD0D01A70BD0101010151
:022DCC0070474E
:022DCE0070474C
:022DD00070474A
:0C2DD4008423838100487047B8880110F8
:102DE000F0B5050000208FB081425CD102AB9E1D82
:102DF0002722300010F052F92B6828005B6B9847AF
:102E00002B6807005B6B280098472B0029331B7841
:102E100003AC00932B002A331B7822220193234B0F
:102E200022762380E13BFF3BA3700223FF33A38084
:102E3000413BE371B73B6372053BA372023B637393
:102E40006A461B4B67766382122307270012A0761F
:102E500005201278FF336277164AA382113BFF3BAD
:102E6000E28302AAF377D619F77704AE2077F077DA
:102E7000043080186A4612790321C2770A2002AA18
:102E80008018C1774020A173083189183235C8777E
:102E9000FF350DA90B70292221002800E375E77684
:102EA00010F06AF828000FB0F0BDC046090200001B
:082EB0000921000003400000AD
:102EB800F0B50400164B8BB0083301AD0360242233
:102EC8001449280010F054F8210000220126FF318F
:102ED8002020844603233700944460469B1A9F4071
:102EE800285CFFB2CB7C00280FD03B430132CB7467
:102EF800042AEDD120005D30FF3009F009FA2000E6
:102F080000F0CCFD20000BB0F0BDBB43EEE7C0469F
:082F180068880110A886011071
:102F200010B50400FFF7C8FFC2212000490008F0D7
:062F3000F3FF200010BDBC
:102F3800F0B58BB001AD242204000D49280010F033
:102F480017F801260022032031001700831A994040
:102F58002037EF5DCBB22178002F06D00B432370CA
:102F68000132042AF0D10BB0F0BD99432170F7E784
:042F7800CC860110F2
:102F7C00F0B506005D36FF3695B0050030000F0049
:102F8C000193009209F08EF93C22002105A810F063
:102F9C007FF80123072203AC23718033FF33EB5CF2
:102FAC002100134063716B461B782800E3716B465C
:102FBC001B79A77123720523039300F0BFFE040055
:0C2FCC00300009F08BF9200015B0F0BDBA
:102FD800F8B50F001049060015000EF0B1FD041EEB
:102FE8000AD10E4D0E49280002F03EFE310028009D
:102FF80002F056FE2000F8BD03002A000121380027
:103008000FF0BAFB06002000AD1B0EF075FB6842FE
:103018006841C0B2EFE7C046658901101C1B00205B
:0430280068890110A2
:10302C00F8B50E000949170000250EF087FD0400C5
:10303C00A84209D003003A00012130000EF07CFEBA
:10304C00050020000EF056FB2800F8BD6289011027
:10305C0070B50500194C0E002000194902F002FE53
:10306C002900200002F0FEFD1649200002F016FE99
:10307C00280015490EF062FD051E04D113492000ED
:10308C0002F00CFE70BD300010F0F6FC2B000200BC
:10309C00012130000FF06EFB06000D49200002F0FC
:1030AC00E1FD0A223100200002F059FE09492000FE
:1030BC0002F0F4FD28000EF01DFBE3E71C1B0020C2
:1030CC00898A0110948A0110658901109A8A01106D
:0830DC00A98A0110B08A01105D
:1030E400F8B50700134D0E0028001349140002F030
:1030F400BDFD3900280002F0B9FD1049280002F096
:10310400D1FD002C07D00E4938000EF01BFD051E22
:1031140003D1040030702000F8BD621E03000121B9
:1031240030000EF00DFE00230400335428000EF08E
:10313400E5FAF0E71C1B0020678A0110948A01104D
:04314400628901108B
:10314800F8B507000E0015000024BC420FDA012173
:10315800192002F079FF300002F0D8FE0021192072
:1031680002F072FF280002F0D1FE0134EDE7F8BD4D
:10317800044B1B78002B04D00123034A11784B40E1
:0C31880013707047E02B0020A003002013
:1031940030B585B00CF01CFC1E4B1F4C186080230E
:1031A4009B0002930193C13BFF3B009300221B4908
:1031B40020000CF059F81A4D1A492A00200008F092
:1031C40053FC0CF0EBFE0123029350330193164B96
:1031D400164C0093002301001A00200000F08CFD1F
:1031E4002000134B33220021FE3023600FF054FFE4
:1031F400104809F053F81048FFF79CFEC023002242
:103204005B00E2540D492A00200008F02DFC05B0B3
:1032140030BDC046F4250020FC1C00203C89011070
:10322400580300200DF200103512000098270020EA
:1032340070880110F4280020AA280020B92E00105C
:1032440070B509480BF068FD041E0BDA074D0849F8
:10325400280002F027FD604210F006FC010028005F
:1032640002F020FD70BDC046FC1C00201C1B002089
:043274006E8A01104D
:10327800F8B5124C1249200002F0F6FC114E124D1E
:10328800316828000BF0CCFC1049071E00D110490A
:10329800200002F005FD002F0ED00E49200002F09C
:1032A800FFFC316828000CF06FF80849002800D1AD
:1032B8000749200002F0F4FCF8BDC0461C1B0020A2
:1032C8003B8A0110F4250020FC1C00202F8A0110E5
:0832D800378A0110588A011029
:1032E000F0B585B0FFF7C8FF164F102269463800C9
:1032F000FFF7F8FE144C051E0FD11449200002F010
:10330000D3FC134E38003100FFF7A8FE1022310025
:10331000684610F0E9FB6B46DD730E49200002F0B1
:10332000A7FC6946200002F0BFFC0B496846FFF786
:1033300009FD43425841094B1870FFF783FF05B060
:10334000F0BDC046DB8901101C1B0020E88901107C
:10335000088A0110108A01101B8A0110E02B00203E
:10336000012310B5164C86B0227853402370FFF726
:1033700083FF23781349002B00D113491348FFF72B
:103380006DFEFFF75FFF124903A802F041FD2378AD
:103390001049002B00D11049684602F039FD6946FA
:1033A00003A802F067FD01000C4802F073FC6846B8
:1033B00002F0DFFC03A802F0DCFC06B010BDC04642
:1033C000E02B00201B8A0110088A0110DB89011004
:1033D0004D8901103F890110458901101C1B0020F7
:1033E00010B5FFF7BDFF044B1B78002B02D0012264
:1033F000024B1A7010BDC046E02B0020A003002035
:1034000030B585B06C46FFF737FF104D1022210014
:103410002800FFF70BFE102811D16368009A934231
:1034200009DDE368A268934205DD094B07CC07C3B9
:103430001A0023681360FFF705FF05B030BD1022A6
:1034400003492800FFF7C8FDF5E7C046218A0110AF
:0434500090030020C5
:1034540010B5FFF70FFF102203490448FFF7BAFD28
:10346400FFF7EEFE10BDC04690030020218A011034
:10347400F0B5354C85B03549200002F013FC962296
:1034840003201100FFF75EFE002602F031FD304FED
:1034940003900296019702F02BFD039BC01A2D4B5B
:1034A400984218D81B2002F055FD05001A2002F09E
:1034B40051FD019BAB4200DD0195029BAB4200DA5A
:1034C4000295874200DD0700864200DA06000520E7
:1034D40002F01EFDDFE7204D019BEE602B60029B96
:1034E400AF606B60FFF7B4FF1C49200002F0BEFB25
:1034F4000A222968200002F022FC194E2000310023
:1035040002F0B4FB0A226968200002F018FC154995
:10351400200002F0ABFB0A22A968200002F00FFC95
:103524003100200002F0A2FB0A22E968200002F028
:1035340006FC0D49200002F0B5FB3C2205201100D9
:10354400FFF700FE05B0F0BD1C1B002083890110AD
:10355400FF0F00003F1F000090030020B8890110F6
:0C356400D0890110D3890110D989011011
:10357000F0B5102099B002F091FDB64C23780028E8
:1035800000D0BBE0002B05D10133237002F0B2FC68
:10359000B14B1860B14B1B2000215A5E02920421EE
:1035A0005A5E039208215A5E0C255D5F049202F078
:1035B000D3FC04001A2002F0CFFC039BA34200DDE1
:1035C0002300029C9C4200DA1C002B00854200DD97
:1035D0000300049A05929A4200DA0593A04BA14F8A
:1035E0001B78002B00D1D0E01E261E23039A5B42DD
:1035F00002992000009602F026FA1E2304005B4286
:103600002A0000960499059802F01DFA23000E3353
:103610009BB205001C2B00D800242B000E339BB25C
:1036200024B21C2B00D80025062002F037FD4642AC
:103630004641072002F032FD4342584176B2400035
:103640000643092002F02AFD434258418000064308
:10365000082002F023FD43425841C023C0005B0014
:103660000643FE54804B1B780293002B62D00D2042
:1036700002F014FD0024002801D10A2464420F2026
:1036800002F00CFD002800D10A340E2002F006FDE5
:103690000025002801D10A256D420C2002F0FEFC15
:1036A000002800D10A352300704E2B433FD03068EC
:1036B000FFF78EF96E4A6F4BFDF7ECFBFFF7DAF977
:1036C000306036682800FDF79BFB311CFDF746FA99
:1036D000FDF776FB45B22000FDF792FB311CFDF7AC
:1036E0003DFAFDF76DFB00232A0041B23800FFF7D9
:1036F00045FC0F2002F00EFC19B0F0BD002B0AD0E3
:1037000002F0F8FB544D2B68C01AFA239B00984234
:1037100004D9FFF765FE002323703BE702F0EAFBC4
:103720002B68C01A3228F6D9FFF726FDF3E70023ED
:103730003360C6E7E3172DB2E6185E40EB17E818D2
:103740005840454345434C496843FCF721FF45B287
:1037500020007043704348497043FCF719FF029BF7
:1037600041B22A003800FFF709FC0C2002F096FC59
:10377000011E03D101235B420A00B7E70E2002F0CD
:103780008DFC011EB5D10123F6E70B2002F086FC6B
:103790003A4E002808D102F0ADFB3368C01A384B0E
:1037A000984204D9FFF766FE02F0A4FB3060354E64
:1037B000354B0096039A0299200002F044F92A0042
:1037C00004000096304B0499059802F03CF93B0048
:1037D000FF33587400B2DC73001224B224129874C0
:1037E0002A481C740725FFF7A7FB00240126284B55
:1037F000A200D058C0B202F051FC220031002A4091
:103800009140E310FB18FE33CAB2197800281DD18D
:103810000A431A7001340D2CE9D11E4C200008F027
:1038200047FD022307A90B71013B1800FD30385CEE
:10383000CA1801331071162BF7D138000B6000F055
:1038400083FA200008F050FD1E2053E791431970C1
:10385000E0E7C046E22B002024290020900300204E
:10386000E02B002098270020A0030020A0290020A2
:103870009A9999999999B93F78690000202900206F
:10388000B80B0000FF7F00000180FFFFAA28002086
:083890005C030020F428002075
:10389800E12110B549021B4800F024FE00241A4B10
:1038A800A200D0580221C0B2013402F08FFB0D2CC7
:1038B800F5D10221102002F089FB0121192002F024
:1038C80085FB0121122002F081FB0121132002F067
:1038D8007DFB0121142002F079FB0021122002F067
:1038E800B3FB0021132002F0AFFB0021142002F0EB
:1038F800ABFBFA20C00002F009FBFFF7EDFCFFF775
:0C3908007BFD10BD1C1B00205C03002098
:023914007047FA
:0E39160010B5040003681B6B9847A08910BD14
:0E392400CB880079181A43425841C0B2704750
:0439320004207047B6
:0839380000487047C28B01102A
:0839400000487047AC8B011038
:1039480030B5050089B00922002102A80FF0A2FBBA
:103958002B00FD331878013B1978154B1B22019376
:10396800022301AC63719F33A371A03BE3717433ED
:1039780023726D3B63720D33A372F03BA3817133E5
:10398800FF33A37323750B4BE073E3820A4B0B4899
:10399800AA8123830E35D23B05906175FF3B210038
:1039A8002800A3760FF0E4FA280009B030BDC0461D
:1039B80006ABFF0A0902000091020000090181021A
:1039C800F0B5050000208FB081425ED102AB2722FE
:1039D800981D0FF05FFB2B6828005B6B2F799847C9
:1039E8002B6806005B6B280098472B0029331B784F
:1039F80003AC9C462B002A331B78E7720193244BB7
:103A080022272380E13BFF3BA3700223FF33A380DF
:103A1800413BE371B73B6372053BA372023B63739F
:103A28001C4B277667466382122325226676072673
:103A38000012A07605206777174FFF33A382E7832C
:103A4800113B02AFFF3BBF1802AA3B709719E676FD
:103A5800FE7704AE2077F077043080186A46127932
:103A68000321C2770A2002AA8018C1774020A173D7
:103A780008318918C87749350DA90B70292221000A
:103A88002800E3750FF074FA28000FB0F0BDC046A7
:0C3A9800090200000921000003400000AA
:103AA40010B504000A4B0833036000F091FF06F0E0
:103AB40009FD2000403005F09AFB2000343005F069
:103AC40096FB20002C3005F092FB200010BDC04670
:043AD4005C8B0110F6
:103AD80010B50400FFF7E2FF80212000490008F03C
:063AE80017FA200010BDDA
:103AF00010B50400024B036005F02CFA200010BD45
:043B0000C08A011066
:103B040010B50400FFF7F2FF2000302108F002FA9C
:043B1400200010BDC0
:0A3B180010B50C220FF02CFA10BDBE
:083B220010B500F08AFF10BD90
:103B2A0070B50400042918D005003C352B78002B09
:103B3A0006D103002933197800F082FF01232B7084
:103B4A00250048352B78002B07D123002A33197812
:103B5A00200000F075FF01232B702000343005F09F
:103B6A00FBFA2000403005F0F7FA20002C3005F06F
:043B7A00F3FA70BD2D
:103B800070B50D00040040220321280005F08AFAD8
:103B900023002933187040220321280005F089FAF8
:103BA0002A342070280005F019FA002804D189224F
:103BB0000249034807F016FC70BDC0463E8B011059
:043BC000498B01101C
:103BC40070B5040000F038FF230029331978200071
:103BD400250000F060FF012320003C352B703430B9
:103BE40005F0BDFA2B78002B03D0236820005B6C12
:043BF400984770BDC1
:103BF80070B5040000F01EFF23002A331978200056
:103C080000F033FF23002500B8331860012320009B
:103C180048352B70403005F0A0FA2B78002B03D0E4
:0A3C2800236820001B6C984770BD54
:103C3200F7B51F00042300921370CA8803790400A9
:103C42000D0000269A4217D14B78B34216D00026B7
:103C52006A78012A10D1EB78092B0DD12300A988AB
:103C6200BC33197021003F262B89B83101330B6018
:103C7200009BBD343C601A703000FEBDCB78062B31
:103C8200E6D18B881B120193212B1AD0222BDFD174
:103C920003681B6B98470028D9D0236820005B6B10
:103CA20098470028D3D0236820005B6B984723688D
:103CB20006001B6B200098470123009A386013709E
:103CC200C6E700F086FE3200019905F0D0FF002819
:0E3CD200BDD00123009A386009261370B8E7B0
:0C3CE00010B500F077FE05F095FF10BD58
:0E3CEC00C36810B5002B01D09B68984710BD2F
:103CFC00F8B51E0000230125040083600E4B4571AE
:103D0C00083303602C30170005F018FA200034300B
:103D1C0005F014FA2000403005F010FA23003C3373
:103D2C001D701D73C0331F705E7000F04DFE2100BE
:0C3D3C0000F004FE2000F8BD5C8B0110BC
:103D480070B504008CB00D0000F066FE684605F002
:103D5800EBF8200000260D4B69460A9534300BAD70
:103D6800009309942E7005F00FFA200000F05BFE16
:103D7800074B31001A68684605F09AF82C786846AF
:103D8800FFF7B2FE20000CB070BDC046C08A01101B
:043D9800DC8A0110B0
:103D9C00F8B504000F0000F03DFEFFF79BFF051E79
:103DAC0004D1200000F03DFE2800F8BD26003C3672
:103DBC003578002DF5D020004422390074300FF0F6
:103DCC00D5F823002200293319787832636F20004C
:0A3DDC0000F051FE00233370E3E70E
:103DE60010B50400FFF779FF002803D12C342070AA
:103DF600013010BDA16A606AFFF7CDFF0028F8D038
:083E060001232C342370F4E7C2
:0C3E0E0010B50400FFF76BFF200010BD92
:103E1A0010B542680368086854100019D20701D522
:083E2A000268D358984710BD4F
:0C3E320010B501000430FFF7EFFF10BDD9
:103E400010B5024BC3601CC91CC010BDD08A011044
:103E500010B586B00400684603910092436004AB3D
:103E600006C806C3200003A9FFF7EAFF200006B03A
:023E700010BD83
:0C3E720013B50400FFF7EBFF200016BDA5
:103E8000F0B504008DB000F0A5FD23000600293335
:103E900008AD1F7821002800184A0023FFF7E9FF2A
:103EA0003900032340220095300006F07BFB2800F8
:103EB000FFF7ADFF260000F08DFD2A36039037781E
:103EC000210028000E4A0023FFF7D3FF3900032307
:103ED00040220095039806F065FB2800FFF797FF46
:103EE00022003178BC324023200000F0B6FD0023D0
:103EF0000120483423700DB0F0BDC046C53B001012
:043F0000F93B001079
:083F040010B5FFF794FF10BD9A
:083F0C0010B5FFF7F9FF10BD2D
:063F140016204042704738
:0A3F1A000020814200D119387047E1
:043F240001207047C1
:063F280016204042704724
:063F2E001620404270471E
:043F340011207047A1
:023F38007047D0
:023F3A007047CE
:023F3C007047CC
:103F400070B5104C10492068104A114B88420FD1AF
:103F5000606890420CD1A068984209D100250D48B4
:103F600025600DF00FF80300802029008004984799
:103F7000216009480021A36062600CF071FE0023FB
:103F8000236070BD8C110020DE8116F0299B72BD6C
:0C3F90007ABE59D355420000A086010003
:103F9C000B00F0B50F2700260E33023902003A4011
:103FAC00D5B22C0000093034092A00DD07341C700E
:0A3FBC005E70023B9942F1D1F0BDA6
:043FC6001E20704702
:023FCA0070473E
:103FCC0013B5040068460CF0C1FA21000098FFF705
:103FDC00DFFF210001981031FFF7DAFF202016BD1A
:103FEC0010B5192001F06AFF040004480CF0C4FF5E
:103FFC00030001200021A0409847C0465542000014
:04400C0000207047D9
:104010009A2370B55B00C35C05001400002B1CD113
:104020000368DB699847F0210C4B09012140C9184E
:104030004B1E9941F0232340303B5A4253410F22FB
:104040000731144001330D3A012C02D0023C624288
:104050006241A869006804F0C0FB70BD00FDFFFF6D
:104060009A2310B55B00C35C0400002B05D1A36943
:0C407000186804F0E2FB0028F9D010BD35
:10407C009A2370B55B00C55C0400002D14D18369D4
:10408C00002B0CD01868002809D00368DB6898470F
:10409C00A36904211D60A06907F038FFA561002306
:0A40AC00FC34E3622363636370BD1C
:1040B6009A23F7B55B00C35C0400002B2AD1802548
:1040C600FF276D00A369186804F098FB002821D02B
:1040D60007F04BFAA369012218686B46DE1D0368D8
:1040E60031005B6998472300FC335A6BAA420ED015
:1040F6005A6BAA420BD02200D96A30782832505423
:10410600DA6A01323A40DA625A6B01325A6307F0D0
:0641160042FAD7E7F7BDF5
:10411C009A2210B552000300805C002806D00120C2
:10412C0001F0F2FE054801F086FA10BD9B69002BE8
:10413C00FBD01868431E9841C0B2F6E72C1700203C
:10414C0070B504000D0001F076FA030000208342E4
:10415C0004D0236829001B6C2000984770BD08B45C
:10416C00024B9C46024BC01A08BC60474D410010E4
:04417C0040010000FE
:1041800037B56B46DC1D9A2321705B00C35C0500CC
:10419000002B04D0C9B20A48FFF7D8FF3EBDAB6977
:1041A000186804F04AFB0028F9D0AB6901221868AE
:1041B000210003681B6998470130431E9841EDE7D1
:0441C0002C17002098
:1041C400F7B5060001911700002401F038FAA04267
:1041D4000DD0A7420BD93D1B402D00D94025019B92
:1041E4002A001919300000F06BFF6419F1E7200070
:1041F400FEBD08B4024B9C46024BC01A08BC604783
:08420400C5410010400100005B
:10420C009A2370B55B00C35C05000E001400002BF4
:10421C0005D00F48FFF7D0FF0400200070BDAB693C
:10422C00186804F004FB0028F9D0AB6901211B6865
:10423C0018005B6F74301B6B9847AB6922001868D1
:10424C00310003681B699847431CE6D10024E4E75E
:04425C002C170020FB
:10426000F0B5C3B0050001F0D7F9932380229B007D
:10427000E918CB6852000400D31A984201DDCC68DB
:10428000141B01AB220002A92800A82601F017F890
:104290000021019802AB241A76001C199323802276
:1042A0009B00EB18DF685200974211D081420FD07B
:1042B000DF6897420AD05A68675CAA1897555A680F
:1042C0000132D2B25A60DA680132DA600131E5E7D0
:0442D00043B0F0BD4A
:1042D40070B5040000F0A2FB2000FFF7BFFF93239A
:1042E4009B00E318DD68200000F09FFB280070BDF0
:1042F40008B4034B9C46034BC01A08BC6047C04635
:08430400D54200104001000049
:10430C009A2310B55B00C35C0400002B05D0064853
:10431C00FFF7DAFF0400200010BDFC3407F022F98F
:0C432C00646B07F035F9F6E72C17002051
:1043380070B5040000F070FB2000FFF78DFF932399
:104348009B00E318DA68002A09D0A8229B6852006B
:10435800E3189D5C200000F066FB280070BD012575
:104368006D42F7E708B4034B9C46034BC01A08BCE0
:0C4378006047C0463943001040010000BF
:104384009A2310B55B00C35C0400002B05D00B48D6
:10439400FFF7D0FF0400200010BD07F0E7F823006A
:1043A400FC335A6B002A05D01B6B2834E45C07F0FD
:1043B400F3F8F0E701246442F9E7C0462C17002023
:1043C40070B5040000F02AFB2000FFF747FF932399
:1043D4009B00E318DA68002A10D0A8219A684900E3
:1043E400A218555C9A680132D2B29A60DA68013A2E
:1043F400DA60200000F019FB280070BD01256D4231
:10440400F7E708B4024B9C46024BC01A08BC60474D
:08441400C54300104001000047
:10441C009A2310B55B00C35C0400002B05D00E483A
:10442C00FFF7CAFF0400200010BD07F09BF8230023
:10443C00FC335A6B002A0CD01A6B2834A45C1A6B10
:10444C000132D2B21A635A6B013A5A6307F0A0F8E0
:0C445C00E9E701246442F9E72C17002076
:10446800802210B50400520000210EF013FE230034
:0E4478000022FC335A6020009A60DA6010BD0A
:1044860010B542680368086854100019D20701D5B0
:084496000268D358984710BDDD
:0C449E0010B501000430FFF7EFFF10BD67
:1044AC0010B5024BC3601CC91CC010BDCC8B0110D5
:1044BC0010B586B00400684603910092436004ABCB
:1044CC0006C806C3200003A9FFF7EAFF200006B0C8
:0244DC0010BD11
:0C44DE0013B50400FFF7EBFF200016BD33
:1044EC009A2370B55B00C35C86B004000D00002BF2
:1044FC0036D18669002E04D1042007F0D3FCA061CC
:10450C000660A369186800282CD1783007F0CAFC23
:10451C0006002223E25E2023E15E2B0004F076FCF1
:10452C00A3691E602423E25E531C06D0A0692621D9
:10453C00635E0068032104F077FCA3691D68002DFD
:10454C000ED00026094A3300210002A8FFF7C1FF54
:10455C002800320002A904F0D5F902A8FFF751FC9B
:10456C0006B070BD290004F021F9DBE7B74000105C
:08457C0010B5FFF78EFF10BD22
:0845840010B5FFF7F9FF10BDAF
:10458C00F7B51A4B1A4DFA260024083300932B600A
:10459C002023B600AE606C6016486B61AC61EC61B8
:1045AC00FFF75CFF9A22012752002000AF5401F064
:1045BC0085FC0190380001F081FC20230E4D009900
:1045CC006B616B469B88AE602B84012368845B42D5
:1045DC006C600A482960AC61EC61AB84EB84FFF73A
:1045EC003DFF9A225200AC54F7BDC046D88B011047
:1045FC001C1B0020441B0020E41900200C1A002076
:04460C0000207047D3
:024610007047F1
:024612007047EF
:024614007047ED
:1046180010B5054BC458002C05D023682000DB6A70
:0C4628009847A468F7E710BD8C0500005F
:1046340070B50D00054BC458002C06D0236820002B
:10464400DB6829009847A468F6E770BD8C05000074
:0846540000487047A88C01101A
:10465C0010B50400044B036005F030FF200006F099
:0C466C0063F8200010BDC046288C01102F
:1046780010B50400FFF7EEFFB2212000C90007F0D3
:0646880047FC200010BDFC
:10469000F0B50F4B0500C458002385B0019102AA64
:1046A000D61C002C12D0236801991F69320003AB7D
:1046B0002000B84731780300042905D0039A280068
:1046C00005F066F905B0F0BDA468E8E73178F5E7D4
:0446D0008C05000055
:1046D40070B50E0005000021002A0CD10A4BC45805
:1046E400002C0ED0236800225B693100200098471B
:1046F400002804D00121280004F014FF70BDA46830
:0C470400EEE72100F7E7C0468C0500003E
:1047100070B50E0005000021074BC458002C07D0CF
:104720002368310020009B699847A4680100F5E7E1
:0C473000280005F003F870BD8C050000A7
:10473C00F8B505000E001700084BC458002C07D024
:10474C0023682000DB693A0031009847A468F5E73C
:10475C002800012105F058F8F8BDC0468C05000072
:10476C00F0B5002187B0040005F0C6FA6B460022B4
:10477C00DA80238901A9A588E28889260B731B0A94
:10478C004B730F4BEF27CB81042376000E80113E29
:10479C00FF3ECE704E710D728A72FF330A34013EA9
:1047AC002D0A120AC871CA720F718E714D720B826A
:1047BC00122220000EF0DAFB200007B0F0BDC0463C
:0447CC0001020000E6
:1047D000F8B506000C000500002730000FF052F974
:1047E000AB1B984205D92B786770237001350234D2
:0847F000F3E74000C0B2F8BD80
:1047F80070B504000C4BC558002D07D02B68280055
:104808005B6A9847002802D1AD68F5E72800A9251A
:10481800064BED006353064BE118FFF7D5FF635DC8
:10482800C0186055601970BD8C05000002030000B7
:044838004A0500002D
:10483C0070B5A125064BED004353064B0400C1187F
:10484C000548FFF7BFFF635DC0186055601970BD68
:0C485C00020300000A0500000C8C011093
:1048680070B59925064BED004353064B0400C0185C
:10487800FFF7A8FB635DC0186055601970BDC0469E
:0848880002030000CA04000055
:104890000023F0B587B003A98B71B123DB00C35CA3
:1048A00005000B7101234B71BF33CB713A330B728F
:1048B000CE2309249B00154AC71803923800092209
:1048C0000EF05AFB124BEE58002E17D03368002121
:1048D0009B6830009847C37882781B021343093BDA
:1048E0000193CE2301009B00E01828180931019A9A
:1048F0000EF042FB019BB668E418E5E73800054B73
:10490000EC54054B2412EC5407B0F0BD0902FFFF34
:0C4910008C0500003A0300003B0300008F
:10491C0073B504000D0016000BF03CFB80235B000C
:10492C00010000932A003300200005F0A9FE024B81
:0C493C002000236076BDC046288C0110CE
:1049480010B50E4A04008358002B12D18150B123B0
:10495800DB00E25C48790A71E25C1218E2540B68E9
:1049680008009B6A9847238918182081012010BDE8
:1049780013009A68002AFBD19960E8E78C050000CB
:104988001FB5040005F0B2F90100684604F01AFBEF
:104998004021684604F090FB074BE458002C06D0F1
:1049A800236820001B6A69469847A468F6E76846AA
:0C49B80004F00FFB1FBDC0468C05000082
:1049C40010B50400FFF7DEFF200005F033F910BD39
:1049D40070B50D4D2B78BFF35B8F0C4CDB0711D4F6
:1049E400280007F055F800280CD0C0220849200000
:1049F400FFF792FF280007F06DF8064A06492000E9
:104A040007F032F8200070BD581C00201C20002044
:0C4A14008A2E0000580300205D460010B0
:0E4A200010B5FFF7D7FF03685B6F984710BD16
:0E4A2E0010B5FFF7D0FF03689B6F984710BDCF
:0E4A3C0010B5FFF7C9FF0368DB6F984710BD88
:104A4A0010B50C00FFF7C1FF210005F072F910BD87
:104A5A0070B515001E000C00FFF7B7FF33002A00DF
:084A6A00210005F0A2FA70BD65
:104A720010B50C00FFF7ADFF210005F0FAFA10BDEA
:104A820070B515001E000C00FFF7A3FF33002A00CB
:084A9200210005F030FB70BDAE
:104A9A0010B50C00FFF799FF210005F090FB10BD3F
:084AAA0010B504F014FC10BD6E
:084AB20010B504F026FC10BD54
:084ABA0010B504F0FAFB10BD79
:024AC20070473B
:024AC400704739
:024AC600704737
:084AC800436A78331878704747
:064AD000FC30806A704713
:044AD6000120704704
:084ADC0000487047008E011034
:104AE400F0B505009BB007AC4B220F00200000215D
:104AF4000EF0D2FA2B00FC339B6A05215A1E934117
:104B040000202E795B421940731CDBB20193AB7B0E
:104B140002932B7B03936B7B0493874200D0A5E025
:104B24006176534906A86183102161770B39E177D7
:104B34002421471D0922F9772527627406A8053A1E
:104B4400C019A274033A027006A8C71D0320494B7A
:104B5400F8772380BF3BFF3BA370812308AFFA772C
:104B640004275B00A380823BE37162754E3B22768F
:104B7400A27706A80832121823722A3BD7776372E9
:104B84000A220333A3723C4B06A8A3810223121802
:104B9400D1770591073706A97F18FB7706270521EA
:104BA40009A8C77711A801702D2006A9401824214F
:104BB400E672A373E674A375E37501702E2006A94B
:104BC400401807702F204018694606700E7912A805
:104BD40006703126072006A976183070322676181A
:104BE40005213170332606A9761869460F7A06A97D
:104BF4003770224E102726863726761837700927F5
:104C040014AE377039260427761837703A2676188A
:104C140069460F7906A93770194E1D352687412636
:104C2400761830703B30401805210170432106A8E6
:104C3400091868464426007B0870124906A88019A2
:104C4400018011492800D1874A2206A952186946D1
:104C5400097C11704B2206A952181370402219AB1B
:104C64001A7021000B320EF085F928001BB0F0BD3C
:104C740005240000090200000202000003400000B5
:0C4C8400020A00000240000007050000CA
:104C900010B504000A4B08330360FFF79BFE05F0D4
:104CA00013FC2000D03004F0A4FA20007C3004F083
:104CB000A0FA2000703004F09CFA200010BDC0461D
:044CC000B88D01109A
:104CC40010B50400FFF7E2FF94212000490007F02B
:064CD40021F9200010BDD3
:084CDA0010B5FFF7AEFE10BD9E
:104CE40010B50400024B036004F032F9200010BD3B
:044CF400F08C01102F
:104CF80010B50400FFF7F2FF2000282107F008F99B
:044D0800200010BDBA
:104D0C0010B50400024B036004F01EF9200010BD26
:044D1C00C08C011036
:104D200010B50400FFF7F2FF2000342107F0F4F87B
:044D3000200010BD92
:104D340010B50400024B036004F00AF9200010BD12
:044D4400D88C0110F6
:104D480010B50400FFF7F2FF2000382107F0E0F863
:044D5800200010BD6A
:104D5C0070B50D000400072217490F300EF006F94C
:104D6C0040220221280004F097F9402220730221EE
:104D7C00280004F098F9402260730321280004F005
:104D8C008BF9A073280004F023F9002804D1AF227A
:104D9C000A490B4806F020FB220021000023783240
:104DAC0085311165536513701373D93450321374F4
:104DBC005465936570BDC0460C8D01109A8D011021
:044DCC00A58D0110A0
:104DD000F0B504000E0087B01500FFF72FFEF28833
:104DE00023799A4236D1002D34D173780593012B63
:104DF0002DD1F378202B26D13789072F23D12300FB
:104E00000F33039307333A001900039804930EF00D
:104E10008DF8059D002816D03A00049903980EF0ED
:104E2000ABF8217CE07B09020918607CE77C000478
:104E30000918A07C0097000609182068237D476B9D
:104E4000627D2000B847F378212B00D1012528008E
:084E500007B0F0BD0025FAE7F0
:104E580070B50400FFF7EEFDFFF7B8FD217B05F004
:104E6800AFF923002200C833853225001A602000DC
:104E780000234732843513607C302B7004F06DF9C1
:104E88002B78002B03D123682000DB6B984770BD7B
:104E980070B504002500FC35FFF7CCFD6E6A002EC6
:104EA80005D0DE220E49FF320E4806F097FA23009D
:104EB800D9332B62FFF78AFD617B05F0D7F868626A
:104EC80025002000D8352E70D03004F046F92B7814
:104ED800002B03D1236820009B6B984770BDC04608
:084EE8009A8D0110138D0110D9
:064EF0000023C3607047BF
:104EF800022370B543710023040083600C4B150036
:104F080008330360703004F01BF920007C3004F093
:104F180017F92000D03004F013F92300FC339D6208
:104F2800FFF754FD2100FFF70BFD200070BDC046C0
:044F3800B88D01101F
:104F3C0070B504000D00FFF77BFD230078331D7066
:104F4C00002D42D1260084363378002B05D0FFF794
:104F5C003BFD217B04F0ECFE357023002200250084
:104F6C000026C83385327C3528001A605E6004F058
:104F7C00F2F8280004F0E8F8B04205D1A222154955
:104F8C001548520006F028FA2500D8352B78002B4E
:104F9C0005D0FFF719FD217B04F0CAFE2E7023000B
:104FAC002200FC33D93225001A620022D0352800A9
:104FBC005A6204F0D0F8280004F0C6F8002804D196
:104FCC00A722044952000548DCE72000703004F0A9
:104FDC00C2F870BD9A8D0110218D0110328D011017
:104FEC0010B50400FFF724FD00212000FFF7A0FFFF
:024FFC0010BDE6
:104FFE0070B50D000400FFF71AFD042D03D000213B
:08500E002000FFF794FF70BDC4
:10501600F8B5040016000D001F00FFF70CFD042371
:105026003370EA88237900209A4210D16A78012ADF
:105036000DD1EB78212B06D0222B09D0202B19D1AC
:105046003070163401E032700F3407203C60F8BD32
:10505600A988114000D011002000FFF76CFF012243
:10506600AB8800201340E366AB8892181340A36612
:0A5076003270ECE703233370E9E722
:1050800010B504008AB0FFF7CBFC684603F050FF70
:1050900020000A4B694670300093099404F078F8B8
:1050A0002000FFF7C4FC064B00211A68684603F095
:1050B00003FF6846FFF716FE0AB010BDF08C011022
:0450C000E08A011071
:1050C40070B504000E008EB01500FFF7A7FC01A810
:1050D40003F02CFF20000B9600260D4B01A90C9524
:1050E4007C300DAD01930A942E7004F04FF820002B
:1050F400FFF79BFC074B31001A6801A803F0DAFEA6
:105104002C7801A8FFF700FE20000EB070BDC04649
:08511400C08C0110E08A0110BB
:10511C0070B5040025008435FFF78AFC2B78002B32
:10512C0010D12600CC363368002B0BD0FFF74CFC8B
:10513C002200217B8532336804F0D8FF002801D08F
:06514C0001232B7070BD71
:10515200F0B585B01F000AAB1B78040003930291DF
:105162000192FFF75CFC00233B60230078331B783D
:10517200002B21D0230084331B78002B1CD1260066
:105182004025CC363368ED1A019B9D4200D91D00A3
:10519200019B002B06D02300C83318682A0002990D
:1051A2000DF0E9FE33685B193360039B3D60002B11
:1051B20002D02000FFF7B1FF2000FFF737FC05B057
:0251C200F0BD3E
:1051C400F0B50400406A85B0030078331D780126E9
:1051D400002D05D1303425703500280005B0F0BD10
:1051E4000027009603ABE26AA16A0397FFF7AFFFBB
:1051F400039AE36AA16A9B1A8A18E362A262BB4219
:1052040002D130342670E8E7606AFFF785FF3D007D
:02521400E3E7CE
:10521800F0B51C0093B0019205000F00FFF7FCFBEE
:1052280063426341DBB20093002C00D103AC00263B
:1052380004A8266003F078FE6A46109428003D24EE
:105248000F4B12780493019B04A90F9311AB1A70AA
:1052580002ABE418D03026700D950E9703F094FF3A
:105268002800FFF7E0FB074B31001A6804A803F099
:105278001FFE247804A8FFF759FD200013B0F0BDE5
:08528800D88C0110E08A01102E
:10529000030070B5FC335B6A0400002B0ED10500DF
:1052A000D8352B78002B09D1FFF794FB220040233F
:0E52B000D932617B04F07EFE01232B7070BDAD
:1052BE00F8B506001F0000233B60330078331B78DF
:1052CE000800002B19D03300D8331B78002B14D1D3
:1052DE003400FC34656A954200D915002A00216A13
:1052EE000DF043FE3D60236A5B192362636A5D1B0A
:0C52FE00656202D13000FFF7C4FFF8BD6C
:10530A0037B50400406A030078331D78002D04D1B4
:10531A0035342570013528003EBD0023E26A019329
:10532A00A16A01ABFFF7C6FF019BA26AD218A2626B
:10533A00226B1168CB181360E36A01995B1A21008A
:10534A00E36234310978002902D11268002A01D1B6
:10535A00002B03D1012335342370DCE7606AFFF7A1
:06536A0092FF0025D7E7C9
:0E53700010B504000021FFF7BBFD200010BDAA
:0C537E0010B50400FFF7F5FF200010BD83
:10538A0010B542680368086854100019D20701D59D
:08539A000268D358984710BDCA
:0C53A20010B501000430FFF7EFFF10BD54
:1053B00010B5024BC3601CC91CC010BD008D01108C
:1053C00010B586B00400684603910092436004ABB8
:1053D00006C806C3200003A9FFF7EAFF200006B0B5
:0253E00010BDFE
:0C53E20013B50400FFF7EBFF200016BD20
:1053F000F0B58BB00400FFF721FBFFF7EBFA0600D6
:1054000006ADA77B00212800FFF7B9FF3900032371
:1054100040220095300005F0C5F82800FEF7F7FCA3
:10542000FFF7D8FA0700267B21002800174A00233F
:10543000FFF7D7FF3100022340220095380005F026
:10544000B1F82800FEF7E3FCFFF7C4FA0600677B1B
:10545000210028000E4A0023FFF7C3FF3900022372
:1054600040220095300005F09DF82800FEF7CFFCA3
:10547000FFF7B0FA2200FC32617B4023126A04F08D
:1054800099FD0120D83420700BB0F0BD594E0010AA
:04549000994E001021
:0854940010B5FFF784FF10BD05
:08549C0010B5FFF7F9FF10BD88
:1054A40010B503689B6C984710BD08B4024B9C462A
:1054B400024BC01A08BC6047A5540010400100000C
:0454C4007047704776
:0454C8007047704772
:1054CC0010B504000120783400F01EFD207810BDCA
:1054DC0008B4034B9C46034BC01A08BC6047C0463B
:0854EC00CD5400104001000046
:1054F400012270B501235242FF210B4806F0A6FE9B
:1055040000F0F6FC0500094C78342378002B03D016
:10551400012000F0FDFCF8E700F0EAFC401BC7287E
:10552400F6D9FEF761FD70BDC41D00202C170020C4
:1055340007B50122019101A9FFF7C2FD002801D09E
:0A55440001980EBD01204042FBE774
:1055500008B4034B9C46034BC01A08BC6047C046C6
:08556000355500102801000080
:1055680013B56B46DC1D0023012221002370FFF7D1
:105578004FFE002801D0207816BD01204042FBE7ED
:1055880008B4034B9C46034BC01A08BC6047C0468E
:08559800695500102801000014
:1055A000F7B5040001930E001500FFF747FA9C239E
:1055B0009B00E758002F04D0089B019A2900300077
:1055C000B84798239B00E650019A0433E550043312
:0A55D000E250089A0433E250F7BDE0
:1055DC00962310B5DB00984203D10121014806F057
:0855EC0013FE10BDC41D0020D8
:0455F4000068704794
:0455F8000C307047BC
:0C55FC0010B5FFF7FBFF0023036010BD9B
:10560800CB6810B5C360002B01D05B68984710BD0C
:1056180070B50500FFF700FA2B000024D8331B787B
:10562800A34205D12B00FC335C6A402C00D94024EE
:0A5638002800FFF7F8F9200070BD0C
:065642007830007870478B
:10564800F0B585B003930AAB1E880BAB04001F8826
:105658000D0002920AF0A0FC039B0100029A019738
:1056680000962000FFF744FC200029300021FF307D
:1056780005F0EAFC2300FA2200264133FF339200AA
:105688005E609A60184B194A23602300FC33DA6283
:10569800174A20001A63174A51305A648022310091
:1056A800FF3052000DF0F6FC93239B00E3185E6078
:1056B8009E60DE609D239B00E6184033E7183000AB
:1056C8001036FFF751FEBE42F9D1AD2200239200F9
:1056D800A350443AA3509D4202D02000FFF7CCFCCF
:1056E800200005B0F0BDC046C88E0110408F0110E3
:0856F800A08F0110B08F01101A
:10570000104B70B5036003000F4AFC33DA620F4A96
:1057100004001A630E4A5A649D239B00C618403346
:10572000C518AE4204D0103D2800FEF770FBF8E724
:1057300020002930FF3005F0B7FC2000FFF7A8FA61
:10574000200070BDC88E0110408F0110A08F011085
:04575000B08F011005
:1057540008B4034B9C46034BC01A08BC6047C046C0
:085764000157001028010000AC
:10576C0008B4034B9C46034BC01A08BC6047C046A8
:08577C00015700102C01000090
:1057840010B50400FFF7BAFFAE212000890006F02F
:06579400C1FB200010BD66
:10579C0008B4034B9C46034BC01A08BC6047C04678
:0857AC00855700102C010000DC
:1057B40008B4034B9C46034BC01A08BC6047C04660
:0857C4008557001028010000C8
:1057CC0070B504000D00884205D0FEF789FA290057
:0A57DC002000FFF713FF200070BD4E
:1057E60010B5FFF706FF0068431E9841C0B210BD12
:1057F80010B50400FFF7F3FF002804D1054A064955
:10580800064805F0EBFDE068FFF7F0FE0300200016
:10581800984710BD02020000A98E0110B48E011035
:10582800F8B5AD2706000025FFF704F9BF00F359C6
:10583800AB420ED99D2292002B01B418E418200027
:10584800FFF7CDFF002804D02000FFF7D1FF013576
:04585800EDE7F8BDC3
:10585C0010B5044B0822C3600B68002108C00DF082
:08586C0017FC10BD248E011091
:1058740013B504000191002903D1FFF7BDFE2000F8
:0A58840016BD01A9FFF7E8FFF9E7E0
:10588E0010B542680368086854100019D20701D594
:08589E000268D358984710BDC1
:0C58A60010B501000430FFF7EFFF10BD4B
:1058B40010B5024BC3601CC91CC010BD188E01106A
:1058C40010B586B00400684603910092436004ABAF
:1058D40006C806C3200003A9FFF7EAFF200006B0AC
:0258E40010BDF5
:0C58E60013B50400FFF7EBFF200016BD17
:1058F40030B589B00400FFF791F89C23274A9B0038
:10590400E2502000FFF791F80023254A210004A863
:10591400FFF7E7FF2000FFF781F8AD239B00E05875
:10592400032808D8421CE2500001403BC01820184C
:1059340004A9FFF749FF2000FFF777F804A8FEF752
:1059440064FABC2006F0B2FA0500164B08C0FFF753
:105954000DFD28000021403006F004FD28005430DD
:1059640006F09CFC8022104B520000932800002378
:10597400182106F071FD97239B00E5500B4904A8FC
:10598400FFF776FF04A9280006F0BEFD04A8FEF781
:105994003CFA2000FEF762FC09B030BDDD55001072
:1059A40061420010B4A30110308E0110F5540010B0
:1059B40008B4034B9C46034BC01A08BC6047C0465E
:0859C400F5580010400100003D
:0859CC0010B50368984710BDF7
:0859D40010B5FFF7F9FF10BD4B
:0859DC0010B5FFF762FF10BDDA
:0859E40010B5FFF7F9FF10BD3B
:1059EC0037B50E4C200006F005FC0D4D0D492A0074
:1059FC00200006F035F8012201920B4AF8230092A0
:105A0C0000220A4C5B0111002000FFF717FE2A0050
:105A1C000749200006F024F837BDC046C41D0020FD
:105A2C00580300201FC20010122000002C17002069
:045A3C0001570010FE
:065A400010B50BF0E3FDC0
:105A460010B51C00431A0298511A001B5843FAF766
:065A56009CFD001910BDCB
:105A5C00F0B589B00191037D0400012B00D08AE0E0
:105A6C00021D0292100001220493002352421C00DA
:105A7C001500049E03920178002900D06EE0417855
:105A8C00002900D06AE0511C65D001335BB2049947
:105A9C008B4201DD049303920134E1B202304CB22B
:105AAC000829E8D100263700039BBB4204DC049B89
:105ABC00039A9B18BB4253DC0F22029B1D782B11BF
:105ACC001540029ADCB25278111107916946097F90
:105ADC0005910F2111400691002B08D02100573160
:105AEC00092B00DC2739019800F0C0F836182C433C
:105AFC0008D029005731092D00D82739019800F01A
:105B0C00B5F83618059B1C430AD01900079B573172
:105B1C00092B01DC05993031019800F0A7F83618F3
:105B2C000699069B5731092B01D819003031019881
:105B3C0000F09CF83618072F04D03A21019800F099
:105B4C0095F83618029B013702330293082FABD11C
:105B5C00300009B0F0BD2200330098E72A009BE723
:105B6C00039BBB42EED1002BE7D13A21019800F008
:105B7C007DF83618E1E703000500002613331035D5
:105B8C00029329780A22019800F0E5F82E210700EB
:105B9C00019800F06BF8029B3F180135F6199D42F5
:105BAC00EFD1E17C0A22019800F0D5F83618CFE746
:105BBC0010B50400054B0175083303601022002159
:105BCC0004300DF065FA200010BDC046DC8F0110CA
:105BDC00F7B50F0000211D0008AB1B7804000193E2
:105BEC00084B16000833036001750C2204300DF0CD
:105BFC004FFA6B461B7927746674A5742000E37406
:085C0C00FEBDC046DC8F011053
:105C140007B501210548FFF7CFFF00210448009193
:105C24000B000A00FFF7D8FF07BDC0465C1E00202A
:045C3400741E0020BA
:105C380070B5040008000D000DF020FF2368020075
:0A5C480029005B682000984770BD3A
:105C520010B50B1E02D0FFF7EEFF0300180010BDB7
:0E5C620010B503688A685B680968984710BD32
:085C700010B5FFF7EEFF10BDB7
:0A5C780010B503681B68984710BDC3
:105C840010B50249FFF7D6FF10BDC046E88F0110DA
:105C940070B50500FFF7E3FF04002800FFF7F0FFED
:045CA400201870BD97
:105CA80070B50400FFF7D1FF05002000FFF7E6FFFD
:045CB800401970BD62
:105CBC00F0B58BB06B461500002205330600DA7781
:105CCC000800012D00D80A2509AC2900FAF756FC6A
:105CDC00CAB2130037330700DBB2092902D813000C
:105CEC003033DBB2013C2370002FEED121003000A9
:085CFC00FFF7A9FF0BB0F0BD9A
:105D0400F8B506000C00151E04D10368C9B21B685F
:105D14009847F8BD0A2A0CD100290BDA2D21FFF788
:105D2400A9FF614207002A003000FFF7C5FF3818B9
:0E5D3400EFE7D2B221003000FFF7BEFFE9E733
:085D420010B5FFF7DEFF10BDF4
:105D4A0010B5002A04D10368C9B21B68984710BD70
:085D5A00D2B2FFF7AEFFFAE739
:085D620010B5FFF7F1FF10BDC1
:085D6A0010B5FFF7EDFF10BDBD
:105D720010B504000068002801D00CF0CCFD200012
:025D820010BD52
:105D840010B504000068002801D00CF0C3FD002306
:085D94002360A360636010BDF1
:105D9C0070B504000D00006801310DF047FA031EC8
:085DAC0001D0012028C470BDE4
:105DB400036810B50400002B04D043688B4201D360
:105DC400012010BD2000FFF7E7FF0028F9D0A368E9
:0A5DD400002BF5D122681370F3E7ED
:105DDE0070B50E00110004001500FFF7E4FF002857
:105DEE0004D12000FFF7C7FF200070BD2A0031004C
:105DFE00A56020680DF0B9F800232268A1685354FD
:025E0E00F2E7B9
:105E1000002370B504000D00036043608360994265
:105E200007D008000DF02EFE290002002000FFF729
:065E3000D6FF200070BD4A
:105E3600F7B5040001911600002902D100252800BB
:105E4600FEBD0125002AFAD08368D7183900FFF76E
:105E5600AEFF051EF2D02368A26801999818320099
:0E5E66000DF087F800222368A760DA55E7E701
:105E740010B58A6809680400FFF7DBFF002802D127
:0A5E84002000FFF77DFF200010BD95
:105E900010B500F043F8FEF798F8FEF79BFDFEF70B
:105EA00091FDE12106484902FFF724FDFDF7F4FCCE
:105EB000FDF75EFB034B002BFAD000E000BFF7E7D5
:085EC0002C1700200000000077
:105EC80010B50400FEF77BF8844203D2034B24018B
:105ED800E05E10BD01204042FBE7C046C40300203D
:0C5EE80010B5040002F050FE200010BDB8
:105EF40007B50649684602F088FE00980199FA221F
:105F040000239200FAF7C2FC0EBDC046981100208F
:085F140010B506F05BFA10BDA8
:105F1C0010B5044C200002F041FE200002F03EFEC1
:085F2C0010BDC04698110020D1
:105F340010B5054C200002F0A5FE044A04492000D7
:105F440005F092FD10BDC0469811002058030020B2
:045F5400E95E0010F2
:105F580070B50400FEF733F8844202D301204042B2
:105F680070BDFEF72CF88442F8D2144A192C14D8C4
:105F780023001A331B01D55E6B1CEFD0104BE400D5
:105F88001C196668002E0ED0300002F0BDF90D4BCA
:105F98001A6810239B1A1841E2E72301D55E1A3CC0
:105FA8006B1CEBD1DAE70C2005F07EFF0600064AF1
:105FB800290002F0CDF96660E6E7C046C403002078
:0C5FC800A4030020A40500200000C07FFE
:105FD400F7B504000D00FDF7F4FF84422ED21A4EEB
:105FE4002701F319D868002802D0042105F092FF94
:105FF4002000FFF767FF0190042005F057FF0023FE
:106004000400038083700199F61904F050FCF460D5
:10601400012D10D0002D06D0022D10D0200002F04A
:10602400C6F9022103E0200002F0C1F92900200092
:1060340002F0C8F902E0200002F0AEF9F7BD20003A
:0C60440002F0B5F90121F2E7C4030020CE
:10605000F7B507000E00FDF7B6FF87421AD20E4DC6
:106060003B01ED18EC68002C10D13800FFF72CFF35
:106070000700042005F01CFF002304000380837048
:1060800001220096390004F033FCEC60310020005E
:0C6090000AF06CF8F7BDC046C403002005
:10609C00F7B50500FDF791FF002485421AD20E4F8B
:1060AC002B01FF18FE68A64210D12800FFF706FF4F
:1060BC000500042005F0F6FE060004808470230021
:1060CC0000942200290004F00DFCFE6030000AF060
:0C60DC0053F8C4B22000FEBDC403002035
:1060E800010010B5002807D10420404200F0D5F97E
:1060F80004235B42180010BD132001F0EFFD0023BC
:106108009842F7D10120404200F0C7F90123F0E797
:1061180080B5EFF30583002B03D1EFF31083002B39
:1061280006D00620404200F0B8F90620404280BD63
:0C613800014F00DFFBE7C046E9600010EB
:1061440070B5051E18D084680268002C10D0032195
:1061540023000B400C4203D1C16815000F2923D83A
:1061640009210020494202F04BF80024200070BDB0
:10617400C368002BF4D11500114B1A00903210683B
:1061840000280AD000F04FFB0400012300280BD1A3
:106194000521494202F034F8E8E7043301221021D2
:1061A400D86F00F0C2FAEFE7F322A3700023227045
:1061B400A360E360034A024B65605A66D6E7C046B3
:0861C400A8050020256200106F
:1061CC0070B50300022510000124284014402A4217
:1061DC0014D1EFF3108672B61A6815000D40002C1E
:1061EC0006D0A94206D1100088431860100001E0C7
:1061FC00281EF8D1002E00D162B670BD18680300BD
:10620C000B40002C03D09942F7D00020F5E75A1E22
:08621C0093415B421840F0E7DA
:10622400F8B505008468002C00D1F8BD2800231DB2
:10623400DA7F616A0C30A768FFF7C6FF061E07D035
:10624400200001F011FB00223100200001F0A6FC27
:046254003C00E8E73B
:10625800F8B504000D0016001F00002804D00378CC
:10626800F32B01D1002907DA04212000494201F06B
:10627800C5FF04204042F8BD0C30FFF7A3FF0028FB
:10628800F9D1002F10D03900433001F027FD002844
:1062980008D0064B20005F69390001F0C3FA0437C3
:1062A8003D62FE770220E5E70320E3E7A80500202A
:1062B80070B5041E02D00378F32B08D00421200007
:1062C8000425494201F09AFF6D42280070BD836899
:1062D800002B0DD003256D42200001F0B9FA0022F1
:1062E800290001F059FCA0680028F5D101F024FB31
:1062F8000025A3782570DB07E7D5084B1A009032F4
:106308001068A84203D0210000F09DFADDE70433AD
:106318002100D86F00F03DFAD7E7C046A805002055
:10632800F7B50C00002804D00378F32B01D100291D
:1063380007DA04210424494201F060FF6442200086
:10634800FEBD03000C330093EFF3108372B6C268EE
:106358001443C460002B00D162B68568002D03D1B8
:10636800280001F0E9FAEAE7AB682F1D0193FA7FEC
:10637800696A0098FFF726FF061E0ED00222FB7FEF
:106388000400134201D16B6A9C43280001F06AFAA9
:0E63980000223100280001F0FFFB019DDEE72E
:1063A80080B5EFF30583002B03D1EFF31083002BA7
:1063B80006D006210020494201F020FF002080BDC0
:0C63C800014F00DFFBE7C04645610010FC
:1063D400B0B5EFF30583002B03D1EFF31083002B4B
:1063E4001AD0002804D00378F32B01D1002907DA4E
:1063F40004210424494201F003FF64422000B0BD9B
:10640400EFF3108372B6C4680C43C460002B00D150
:1064140062B601F0F7F8F1E7014F00DF0400EDE7A1
:0464240029630010D8
:10642800B0B5EFF30584002C03D1EFF31084002CF2
:1064380016D0002806D00478F32C03D1002B01D104
:10644800002906DA0421494201F0D8FE042040421E
:10645800B0BD0C30FFF7B6FE0028F9D10338F7E7D6
:0C646800014F00DFF4E7C046596200104D
:1064740080B5EFF30583002B03D1EFF31083002BDA
:1064840006D00621494201F0BBFE0620404280BDF1
:0C649400014F00DFFBE7C046B9620010BA
:0264A000704743
:0264A200704741
:1064A40073B5514C0020237A012B06D0834205D0CA
:1064B400013801F095FE0120404276BD4B4DEB685A
:1064C4002A8AE365230054331A80AB68296B23645A
:1064D400EB6A1800019300F00DF9002802D0019A2C
:1064E400231DDA676E69A969300000F003F90028FA
:1064F40001D1231DDE6F6667EE69296A300000F062
:10650400F9F8002801D1231DDE6FA6676E6AA96A17
:10651400300000F0EFF8002801D1231DDE6FE6679C
:106524006E6B002E08D0F3683000B268316800F05A
:1065340053F923000833DE67AE6B002E08D0F368EE
:106544003000B268316800F047F9230088331E60D8
:10655400EE6B002E08D0F3683000B268316800F0AA
:106564003BF923008C331E602E6C002E08D0F36898
:106574003000B268316800F02FF9230090331E60B8
:106584006E6C002E08D0F3683000B268316800F0F9
:1065940023F9230094331E60AE6C002E08D0F368F8
:1065A4003000B268316800F017F9230098331E6098
:1065B400EE6C002E08D0F3683000B268316800F049
:1065C4000BF923009C331E602D6D002D08D0EB6861
:1065D4002800AA68296800F0FFF82300A0331D6092
:1065E40001230020237268E7A805002028870110F2
:1065F400F7B51E4C0720257A012D04D101F0A6FB26
:10660400002807D101200126404201F0E9FD76422D
:106614003000FEBDFF23164A1B04116A154F0B43BD
:106624001362136AD1695B029B0E9B060B43786865
:106634001149D36101F068FC061EE3D101F0A8FC06
:10664400206101F089FC0D4801F004F901F06EF9B4
:106654003B6801932B4207D0022383F31488BFF3D2
:106664006F8F02232372D3E70323F6E7A8050020E4
:1066740000ED00E028870110D5030010C4050020B8
:0266840070475D
:1066860070B50D000400FFF708FF2900200001F097
:0466960068FD70BD6E
:10669C0080B5FFF7F1FFEFF30583002B03D1EFF388
:1066AC001083002B06D00620404201F095FD0620F9
:1066BC00404280BD014F00DFFBE7C046A5640010DF
:1066CC0080B5EFF30583002B03D1EFF31083002B80
:1066DC0006D00620404201F07FFD0620404280BDDE
:0C66EC00014F00DFFBE7C046F565001021
:1066F800030010B5002813D002000A430724100035
:10670800204022420DD117290AD9102219600839D0
:10671800C91899605A60086099684A60D860012071
:0667280010BD0020FCE79B
:10672E000300F0B5002817D0081E15D0032614005C
:10673E000020B44384420FD11D000F310730814336
:10674E0008352C002D686768281BB743C01B814293
:10675E0003D928680028F4D1F0BD58681E680818BF
:10676E0058609B19083B5E68B04200D9586060685B
:10677E000A43002803D1200062600830ECE70323AF
:0C678E0098432018056042602060F6E788
:10679A00020010B5002812D0081E10D013000024E1
:1067AA00083908338B420BD103215868884301000A
:1067BA005068411A5160002C08D15C60012010BD5C
:1067CA0018681C000028FAD00300EBE71B68236056
:0267DA00F4E7E2
:1067DC0030B504000800002C1BD0002914D0002A6E
:1067EC0019D0002B19D021600021616011004143A8
:1067FC005D18A260E360636125611C00013800280C
:10680C0003D18A1A9850013030BDA51825602C0090
:0E681C00F4E72000F8E71000F6E71800F4E7B4
:10682A000300EFF3108100280BD072B640690028EC
:10683A0004D002685A615A6801325A60002900D1AC
:04684A0062B670477B
:10684E00EFF31082002811D0C3688B420ED8036973
:10685E008B420BD972B643690B6043684161013BB1
:10686E0043600020824200D162B67047042040424D
:02687E00FBE736
:1068800070B5EFF31085036B002B1DD00024CE787C
:10689000DA78B24210D31A004A608C60002A11D014
:1068A0009160002C13D0616072B6836A01338362F9
:1068B000002D00D162B670BD5A681C00002AEBD0D2
:1068C0001300E5E7C162ECE74B608B60C1620163D6
:0268D000EAE7F5
:1068D200EFF3108372B6826A002A11D0511E8162D0
:1068E200002B0FD00122C06A00280ED072B6817828
:1068F2008270002B00D162B6002907D08068F3E7CE
:0E690200002B02D162B6002AECD100207047B3
:106910004B688A68002B05D09A608A68002A03D0E9
:0C69200053607047C262F8E70363FAE7B7
:10692C00F8B587780400002F31D0C56800262F00F9
:10693C0001000C372800FFF7E5FF21003800267016
:10694C00FFF77FFFAB68B34246D03800FFF767FF15
:10695C000400B04240D0280000F078FF070032005D
:10696C00310001F017F9380000F0D8FF07002000C3
:10697C006A6AB9680C300CF0F9FAF923A670237026
:10698C00FB68E37021002800FFF774FF24E08568A2
:10699C00AB68002BF6D05B78832BF3D1280000F08A
:1069AC0055FF06003A00390001F0F4F8300000F011
:1069BC00B5FF210006006A6A80680C310CF0D6FA2B
:1069CC00F368002B01D0E2781A7000232800210014
:0A69DC0023700C30FFF735FFF8BD03
:1069E800F7B504000E0017000193002804D00378BF
:1069F800FA2B01D1002907D104212000494201F0D6
:106A080017FC042040421AE08368002B18D05B78FA
:106A1800832B15D100F01CFF05000122002101F095
:106A2800BBF8280000F07CFF05003100626A80682E
:106A38000CF09EFA0020EB68834200D01F70FEBD68
:106A48000C30FFF7EEFE051E0FD03100626A0C30E5
:106A58000CF08EFA0026F923200029002B70AE7066
:106A6800EF70FFF709FF3000E9E7019B0320002BD7
:106A7800C8D01900932001F031F9002808D0054B3F
:106A88002000596900F0CEFEEFF309839E60DF60B5
:086A98000220B7E7A805002069
:106AA000F7B504000F0016000193002804D0037806
:106AB000FA2B01D1002907D104212000494201F01D
:106AC000BBFB042040421DE0FFF703FF051E3BD047
:106AD00001002000FFF71CFF29003800626A0C311A
:106AE0000CF04AFA002E01D0EB7833702700002614
:106AF0000C37290038002E70FFF7A9FEA368B342B7
:106B000001D10020FEBD3800FFF78FFE051EF8D032
:106B1000200000F0A1FE07003100012201F040F842
:106B2000380000F001FF07002800B968626A0C30E5
:106B30000CF022FAF923AE702B70FB6829002000BC
:106B4000EB70FFF79DFEDCE7019B0320002BB9D023
:106B50001900832001F0C6F8002808D0054B20005A
:106B6000596900F063FEEFF309839F60DE60022045
:086B7000A8E7C046A8050020BB
:106B7800F0B587B007001600019100280AD0002957
:106B880008D0F9F743FE04000198F9F73FFE001911
:106B98001F2806DC04210020494201F049FB00249B
:106BA8007BE00322019B033393430C3305937B4320
:106BB8000293002E22D0B468002C06D0144202D1D1
:106BC800F368332B04D80921E5E7F368002BFAD1E1
:106BD8003368356972690393002D09D003212B00AE
:106BE8000B400D4202D10299914259D90A21D2E7AC
:106BF800002AFBD1002C03D004920FE03500039645
:106C0800294B1A00A032106800281CD0FFF709FE93
:106C1800041E16D00123002D29D10493224E0022F0
:106C28000299F06FFFF77FFD051E19D1049B002B19
:106C380007D03300A033186800280BD02100FFF7D5
:106C480002FE0521A7E7043301223421D86FFFF79C
:106C58006AFDDDE704362100F06FFFF79AFDF0E7E3
:106C6800029A00210CF016FA0223049A1343FA221E
:106C7800A370039B2000636000232270019AA36025
:106C88006262A362059AE362236339002B000C3029
:106C9800FFF7A0FD044B054A1A67200007B0F0BDB6
:106CA800002CE4D1ACE7C046A80500202D690010EF
:106CB800064B10B59A6ED86E0821FFF759FF044BA2
:106CC800D86443425841404210BDC046288701104D
:046CD800A8050020EB
:106CDC00F7B505000E0001920093EFF30583002B2E
:106CEC0003D1EFF31083002B29D0002D07D02B7884
:106CFC00FA2B04D1002E02D0009B002B07D00421CC
:106D0C002800494201F092FA0420404216E0280083
:106D1C000C30FFF784FD041E16D031006A6A0C306B
:106D2C000CF024F9F9232370009B2000A370019B25
:106D3C006660E370A56000F061FC0098FEBD019AEE
:106D4C00009B024F00DFF9E70320DEE7E969001042
:106D5C00F7B504000E000192EFF30582002A03D16F
:106D6C00EFF31082002A27D0002C06D02278FA2AC2
:106D7C0003D1002E01D0002B07D004212000494262
:106D8C0001F054FA0420404215E02000FFF79BFD6F
:106D9C00051E15D00100626A30000C310CF0E6F8CB
:106DAC00019B002B02D0EB78019A13702800EC6049
:106DBC0000F024FC0020FEBD019A024F00DFFAE730
:086DCC000320E0E7A16A0010BA
:106DD40070B500283AD0846805684668002C0FD046
:106DE400032223001340144202D1C2681B2A1CD878
:106DF40009210020494201F00BFA0024200070BD53
:106E0400C368002BF4D1134B1A0094321068002885
:106E140006D1043301221C21D86FFFF786FC01E060
:106E2400FFF701FD041E0CD00123F522A3700023FB
:106E34002270E6706560A360E3602361636123767A
:106E4400DCE70521494201F0E3F9D7E70500060034
:086E5400D9E7C046A8050020A3
:106E5C002A4B70B55D6904000E00002D06D1082187
:106E6C00494201F0D1F90120404219E0002802D03A
:106E7C000378F52B06D004212000494201F0C4F917
:106E8C000420F1E7037E002B0BD10361EB6AC56094
:106E9C004361002B00D018610123EC6200202376A3
:106EAC0070BDC278D1070CD5C168A94209D1FF2B9E
:106EBC0005D11021494201F0A7F90320D4E7013391
:106ECC00ECE7002EF9D093070BD51F221F21E068A9
:106EDC006B1C9A56431C5956914202DADA7700F031
:106EEC00CAFC3100532000F0F7FE002803D0290023
:106EFC00200000F095FC0220B6E7C046A805002053
:106F0C00354B70B55B690400002B06D10821494252
:106F1C0001F07AF90120404270BD002802D00278BD
:106F2C00F52A06D004212000494201F06DF9042015
:106F3C00F1E7027E0F21002A03D0C168994206D0E6
:106F4C000E212000494201F05FF90320E3E7013AEA
:106F5C00D2B2027600208242DED16269824201D036
:106F6C00216911612169002923D04A6102209A1CF0
:106F7C00D27FDD6A52B2002D1DD10133DA77A368BE
:106F8C00002B11D0200000F061FC06002A00290023
:106F9C0000F000FEF36AE66025616361002B00D00F
:106FAC001C610123F4622376002000F0C3FC002056
:106FBC00B2E7DA62DAE7E97801420AD0A968002977
:106FCC0007D00131C97F0E1C49B2914200DA161C60
:0C6FDC0072B26D69CFE7C046A805002026
:106FE80070B5041E02D00378F52B08D004212000C8
:106FF8000425494201F00AF96D42280070BD037E5C
:10700800002B1FD06369C068002B01D022691A6168
:107018002269002A25D053610225831CDB7FC26ABE
:107028005BB2002A1FD11F21421C5156994202D03F
:10703800D37700F022FC03256D42A068002822D1F6
:1070480000F07AFC0025A3782570DB07D5D5154B11
:107058001A0094321068A8421DD02100FFF7F3FBF4
:10706800CBE7C362D8E7D17829420AD091680029D2
:1070780007D00131C97F0E1C49B2994200DA1E1CA3
:1070880073B25269CDE7200000F0E2FB002229002C
:1070980000F082FDD1E704332100D86FFFF779FBB8
:0870A800ABE7C046A80500207B
:1070B000F8B50400002C00D1F8BD0822E378676918
:1070C000134216D00026A3682676B34211D02000C2
:1070D00000F0C2FB05003200310000F061FDEB6AF8
:1070E000E56026616361B34200D01C610123EC625C
:0670F00023763C00DEE700
:1070F60070B50225C3782B4220D01F22C0684319E1
:107106009A56C46AE3782B420DD0A3688B4200D10D
:107116008B68002B07D00133DB7F1E1C5BB29342CA
:1071260000DA161C72B26469002CEBD11F21431CD5
:0E7136005956914202D0DA7700F0A0FB70BDEE
:1071440080B5EFF30583002B03D1EFF31083002BFD
:1071540006D006210020494201F05AF8002080BDE3
:0C716400014F00DFFBE7C046D56D0010B6
:1071700080B5EFF30583002B03D1EFF31083002BD1
:1071800006D00621494201F045F80620404280BD64
:0C719000014F00DFFBE7C0465D6E001001
:10719C0080B5EFF30583002B03D1EFF31083002BA5
:1071AC0006D00621494201F02FF80620404280BD4E
:0C71BC00014F00DFFBE7C0460D6F001024
:1071C80080B5EFF30583002B03D1EFF31083002B79
:1071D80006D00621494201F019F80620404280BD38
:0C71E800014F00DFFBE7C046E96F00101C
:1071F400F8B5254B1500421E06000F009A4201D82F
:10720400884207D204210020494201F009F80024F1
:107214002000F8BD002D12D0AC682A68002C0AD0DA
:10722400032123000B400C4203D1E96815000F2908
:107234001DD80921E7E7EB68002BFAD11500134BA1
:107244001A009832106800280AD0FFF7ECFA0400FC
:10725400012300280BD10521494200F0E1FFD7E7C3
:10726400043301221021D86FFFF75FFAEFE7F6220B
:10727400A37000232270A360054A044B6560A781B4
:10728400E6819A66C4E7C046FEFF0000A805002018
:04729400B7720010BD
:107298000300EFF3108172B602880020824202D008
:0E72A800013A1A800130002900D162B6704709
:1072B600836810B50400002B0BD00C30FFF7E9FFF4
:1072C600002806D0200000F0C4FA0022110000F0C9
:0472D60064FC10BD87
:1072DC0070B504000D00002802D00378F62B08D0FE
:1072EC0004212000494200F097FF04235B42180060
:1072FC0070BD0C30FFF7CAFF00239842F7D19D42B6
:10730C000CD02900632000F0E7FC002804D0044BCB
:10731C002000596900F084FA0223E7E70323E5E72C
:04732C00A805002090
:1073300070B5041E02D00378F62B08D0042120007B
:107340000425494200F06EFF6D42280070BD83683D
:10735000002B0DD003256D42200000F07DFA0022A5
:10736000290000F01DFCA0680028F5D100F0E8FA23
:107370000025A3782570DB07E7D5084B1A00983263
:107380001068A84203D02100FFF761FADDE704335B
:107390002100D86FFFF701FAD7E7C046A805002003
:1073A00010B5002802D00378F62B06D004214942FC
:1073B00000F038FF0420404209E08368002B07D02A
:1073C00000F04AFA0122002100F0EAFB002010BD83
:1073D000EFF3108172B68289C489944206D90132D2
:1073E000828118000029F2D162B6F0E7002900D1AD
:0E73F00062B61121494200F015FF0320DBE7D1
:1074000080B5EFF30583002B03D1EFF31083002B3E
:1074100006D006210020494200F004FF002080BD74
:0C742000014F00DFFBE7C046F5710010D3
:10742C00B0B50C00EFF30583002B03D1EFF3108301
:10743C00002B16D0002804D00378F62B01D1002C99
:10744C0006D00421494200F0E7FE04204042B0BDC2
:10745C000C30FFF71BFF03002000002BF7D103209B
:0C746C00F4E7014F00DFF2E7DD720010D2
:1074780080B5EFF30583002B03D1EFF31083002BC6
:107488001BD0002802D00378F62B06D004214942ED
:1074980000F0C4FE042040420EE0EFF3108272B602
:1074A8008389C18999420BD901338381002A00D18C
:1074B80062B600F0A5F8002080BD064F00DFFBE7AC
:1074C800002A00D162B61121494200F0A7FE03202C
:0874D800E1E7C046A1730010BA
:1074E00080B5EFF30583002B03D1EFF31083002B5E
:1074F00006D00621494200F095FE0620404280BD9C
:0C750000014F00DFFBE7C04631730010B4
:10750C0070B500F03BFD1E4CE3680133E36000F006
:10751C00CFF9002000F00EFA236D002B00D0984715
:10752C00226C002A2BD0A369E16B994204D0D96953
:10753C00E363002900D1DA61DA69002A1BD1237ACE
:10754C00022B1CD1656A002D19D0E36B6A1C013328
:10755C00D27FDB7F52B25BB29A4210D1280000F08E
:10756C007FF9E06B00F09AF9280000F0DBF9236C4E
:10757C00E563EB6103E0013ADA61002ADFD070BD0C
:04758C00A80500202E
:10759000F8B51C4B1D001C0054355634288872B6B3
:1075A0002288002A04D162B6002000F0C9F9F8BD93
:1075B0001E00013A22805A363188DF6D8A0001317F
:1075C00089B2D25988420ED0318062B6002AEBD0FF
:1075D0001078F1380828E1D8F8F73CFF07E00BE015
:1075E000E00D0FE011000021EEE71B6E1000984740
:1075F000CFE75B6EFAE79B6EF8E7DB6EF6E71B6F93
:08760000F4E7C046A8050020D4
:107608000100F8B5EFF31080164A130054331C88B4
:1076180072B6150056352B889C421BD901332B8036
:10762800150058352B88D76D9E0001339BB2F15158
:107638009C4200D100232B80002800D162B6537AE7
:10764800002B04D18022084B52055A60F8BD012353
:107658009372FBE7002800D162B60220FFF70FF80B
:0C766800F4E7C046A805002000ED00E09B
:0C7674000378F12B00D07047C068F9E7E4
:10768000C26910B503694169541C0ED1002B00D0AA
:1076900059614269002A03D013610023436101E06C
:1076A000084A13630023C36110BD002B03D0DC69BB
:1076B0005961A218DA614269002AEDD1014AD36208
:0876C000F0E7C046A805002018
:1076C80001231F2110B54370C3185956094B0A4AA4
:1076D8005B6A002B04D05C1CE47F64B28C4206DC3D
:1076E800C26083609060002B00D0D86010BD1A0083
:0C76F8009B68EEE7A8050020C4050020F8
:0C770400014B58697047C046A8050020E2
:1077100080B500F099FD044F00DF012100204942AF
:0C77200000F068FDFEE7C046057C00108C
:10772C0070B50300022510000124284014402A42A1
:10773C0014D1EFF3108672B61A6815000D40002CA8
:10774C0006D0A94206D1100088431860100001E051
:10775C00281EF8D1002E00D162B670BD1868030047
:10776C000B40002C03D09942F7D00020F5E75A1EAD
:08777C0093415B421840F0E765
:10778400002210B508490B6B002B08D10124644278
:10779400C46142610361002A04D0106110BD1A0063
:0C77A4001B69F1E70863F9E7A805002065
:1077B000002310B5827804000380930707D5016B7E
:1077C0000E4BD20610D50833D86FFFF740F8A378D8
:1077D000DB0708D5094B1A0088321068002807D04B
:1077E0002100FFF734F810BD586FFEF7D6FFEEE723
:1077F00004332100D86FFEF7D0FFF4E7A80500207E
:10780000C37810B5DB0702D4FFF7D2FF10BD042305
:1078100043700023044AC360536B8360002B00D085
:0C782000D8605063F2E7C046A8050020C5
:10782C001F2210B54B1C9A568368002B04D05C1C8D
:10783C00E47F64B2944206DAC8608B608160002BEE
:0C784C0000D0D96010BD18009B68EEE76A
:107858000300806882689A60002A00D0D360002301
:04786800C360704742
:10786C00C268002A06D083689360002B00D0DA60CF
:06787C000023C360704709
:1078820070B505000400002C09D02378F12B07D035
:107892002800FFF7EAFF29002000FFF7C6FF70BDAE
:0478A200E468F0E7BF
:1078A800012310B5010043700148FFF7BBFF10BD6D
:0478B800C4050020E3
:1078BC00F8B5194DEC6A002C1ED0E369013BE3616D
:1078CC00002B19D1102620276378732B18D014D8CD
:1078DC00532B19D0BB43432B12D02000FFF7C0FF12
:1078EC002000FFF7DBFF2469002C04D0E369002B98
:1078FC00EAD000236361EC62F8BDB343832BECD177
:10790C002000FFF7B1FEE8E72000FFF7ADFE2100F5
:0C791C00FFF7EBFBE1E7C046A8050020E8
:06792800806B2030704767
:1079300002234370014B98617047C046A8050020A0
:10794000F8B5154D04002E7A6F69002815D1022E66
:1079500012D16C6A002C0FD0621C7B1CD27FDB7FA3
:1079600052B25BB29A4207DD2000FFF77FFF38007A
:10797000FFF7AAFE6670AC61F8BD022E07D1421C6B
:107980007B1CD27FDB7F52B25BB29A42EFDC2000DD
:0C799000FFF78AFFF0E7C046A8050020C2
:10799C00F0B587B005910390042100280AD0002A85
:1079AC0056D09768002F0BD0BB0702D1D368432B5E
:1079BC0009D809210020494200F016FC0024BEE041
:1079CC00D368002BF5D19369146956690093002C88
:1079DC0006D0630702D1002E00D0BCE00B21E9E7F2
:1079EC00009B002B31D0009B0C21013B372BE1D8A5
:1079FC00002E00D0B5E01368029353680493002363
:107A0C0001939F420BD15C4B1A00883210680028FE
:107A1C0025D0FEF704FF071E44D001230193002C50
:107A2C0049D1554B002E21D1544A566D1A000832BB
:107A3C00D06F00281AD0FEF7F2FE051E1DD01023C1
:107A4C00019A1A4301923C0026E018230093CFE7D9
:107A5C00182314001600029200930492D3E7043307
:107A6C0001224421D86FFEF75CFED4E722003100DE
:107A7C00586FFEF756FE051EE5D10025019BAB4263
:107A8C000AD03D4B1A0088321568002D0CD0280006
:107A9C003900FEF7D6FE00250223019A1A43019203
:107AAC00002C0AD1052185E704333900D86FFEF785
:107ABC006EFE2C00F0E725003C00F223FF33238000
:107ACC00019B6A46A370049B1278E370029B52B22E
:107ADC0063600023611CA360E36023616361A361A5
:107AEC00E361CA77A11CCA776362A362E3623300C5
:107AFC00FD22403BEB18A363039B6284E363204BA2
:107B0C00256366632B601D4B1B6800935B0719D4C0
:107B1C00A36B002019001A00343101C39942FCD127
:107B2C00184B20005363039B936380235B04D36344
:107B3C00059B1362104B144A1A66FFF7FBFE2000DC
:107B4C0007B0F0BDB608114B113E002EE0D0043545
:107B5C00013E2B60F9E7009B002B00D043E7182374
:107B6C000093730700D039E733000949483B8B4237
:107B7C0000D840E732E7C046A8050020288701104E
:107B8C00A52E5AE211770010C17B0010CCCCCCCCC6
:047B9C00B7FFFF7FB1
:107BA00070B50400836B15001962FFF769FD2000B2
:107BB000002D02D0FFF7C4FE70BDFFF775FEFBE796
:107BC00010B543780400332B0BD1031D416ADA7FD3
:107BD0002830FFF7ABFD011E03D000222000FFF785
:047BE000DFFF10BDF6
:107BE40010B504008069002803D000221100FFF7BB
:107BF400D5FF6378232B02D10022A3689A6110BDBC
:107C040070B50E4C267A022E16D1636A002B13D05F
:107C14006569E86AFFF74AFA2800FFF7E1FF0848B8
:107C2400FFF718FE4670A061EFF30983AB630023EE
:107C340028006361FFF7E2FD70BDC046A80500207F
:047C4400C405002053
:107C480070B5041E02D00378F12B07D00421200060
:107C5800494200F0CBFA0420404270BD0F2243781D
:107C68001340022B1ED0032B2AD0012B21D1FFF762
:107C7800F9FDE06AFFF718FA2000FFF7AFFF657813
:107C8800022D23D11348FFF7E3FD134B457098618C
:107C9800EFF30982A26300225A612000FFF7ACFDCE
:107CA8000020DAE70C4B1A7A022A02D15B6A002B11
:107CB800DFD103212000494200F098FA0320CBE7E6
:107CC800FFF7D0FD2000FFF7D7FCD2E70020FFF731
:0C7CD80033FEE2E7C4050020A8050020F0
:107CE40070B5184C0300207A002202280FD1606A74
:107CF40090420CD0606943704B1C0AD1FFF740FDE1
:107D04001148FFF7A7FD022301224370A061100070
:107D140070BDE36A002B02D0DD69A9420CD2C161B7
:107D240042610361002A0BD01061002BE8D0DA69AC
:107D34005861511AD961E3E71A00491B1B69E9E745
:0C7D4400E062F2E7A8050020C405002062
:107D500070B50D4D0021AA6D0C48FFF71FFE0C4CAD
:107D60006B6EA0620120002B0DD09847030000200D
:107D7000834208D1EA6DE16C286EFFF70FFEA06424
:107D8000431E9841C0B270BD288701106181001068
:047D9000A805002022
:107D940080B5EFF30583002B03D1EFF31083002BA1
:107DA40006D006210020494200F022FA002080BDBE
:0C7DB400014F00DFFBE7C0469D79001086
:107DC00080B5EFF30583002B03D1EFF31083002B75
:107DD00002D0034B586980BD024F00DFFBE7C0466D
:087DE000A80500200577001042
:107DE800B0B5040000F038FAEFF30583002B03D197
:107DF800EFF31083002B07D006212000494200F042
:107E0800F5F906204042B0BD2000014F00DFFAE737
:047E1800497C001091
:107E1C00002230B50C4C636C002B02D01D698D42D6
:107E2C000CD901618260C360002B03D01D6998607E
:107E3C00691A1961002A05D0D06030BD1A00491B9F
:0C7E4C00DB68E9E76064F8E7A8050020A7
:107E5800F8B51B4D6C6C002C2DD023696E69013B65
:107E680023612369002B25D1E368002B01D0A26888
:107E78009A6021006B640023E86C1A001831FEF741
:107E880029FF00280CD0AB69210003206F696B61C2
:107E9800FEF7F5FB6B69002B02D1B74200D11E003B
:107EA800E378012B08D120006169FFF7B3FF6C6C00
:107EB800002CD6D16E61F8BD01236370F7E7C04688
:047EC800A8050020E9
:107ECC0010B5FEF7F3FE002803D1034B034A1A65E5
:107EDC0010BD01204042FBE7A8050020597E001090
:107EEC0037B5012504006D422B00002269462000A5
:107EFC00FEF72EFF0028F7D10198009B9847F3E777
:107F0C00010010B5002817D00D4B1868F8F7B0FA1F
:107F1C00802301385B0498420ED2FF23094A1B06CA
:107F2C00116A0B4313620622074B1A60586000203B
:107F3C009860064B187010BD01204042FBE7C0460C
:107F4C005407002000ED00E010E000E0E32B0020DF
:107F5C00074B1A78002A05D000221A708022054B94
:107F6C00D2045A600123044A11680B431360704712
:0C7F7C00E32B002000ED00E010E000E02E
:0C7F8800014B1B687047C04610E000E091
:067F94000120404270478D
:107F9C00094A0A4B10B51A60094B9B1A094A13601F
:107FAC00094A0A4B1A600A4B9B1A0A4A136000F0E2
:107FBC0055F800F06DF8C04600FC03209C29002009
:107FCC000000042098290020C4AC00209029002037
:087FDC0000FC03208C290020A9
:107FE40070B50B251C240C480C4B456003600C4BEE
:107FF400C4608360FFF7A4F80A4B18600A480B4B6F
:10800400456003600A4BC4608360FFF799F8094B2D
:1080140018600AF0C3FB70BD5C2900209092011027
:10802400702900206C290020242700209D92011033
:0880340038270020342700204A
:08803C0010B5FDF727FF10BD90
:10804400012110B5024B49421868FFF78FF810BDA3
:048054006C29002073
:1080580010B5024B1868FFF79DF810BD6C29002079
:0C80680010B508F0D5F800F011F810BDBC
:02807400704753
:02807600704751
:1080780010B500F043F8FFF7F9FFFFF7AFFFFFF780
:0C808800F6FF03F0D7FBFFF7D5FF10BD9B
:0880940010B5FEF701FB10BD61
:10809C0013B5114B114C0021236180231B0263612A
:1080AC004423E3600E4B2200A3601823A3610D4B05
:1080BC000D482360FFF768FE031E05D122000B4913
:1080CC0000900B4803F0BCFBFEF7FAFA00220949BA
:1080DC0013000092F5E7C046302C0020042C002041
:1080EC00F02A0020A792011079800010AC920110A8
:0880FC001D010180C892011072
:1081040030B585B068460200054B32CB32C21B68DD
:108114001360FFF715F8034B186005B030BDC04677
:0881240098870110282C0020AF
:10812C0073B506000C00150003F084FB00280CD17D
:10813C000649A31DA21D02D3054A9B009958002392
:10814C0032002800009303F07BFB73BDDD9201101D
:04815C00F893011083
:0681600010B500F091F8DB
:10816800002307B502000138009304281AD8002319
:10817800F8F776F903080C10140001220B490C4893
:1081880003F060FB02220B490B48F9E703220B4975
:108198000B48F5E704220B490B48F1E705220B4988
:1081A8000B48EDE70B490C48EAE7C046E592011099
:1081B8002501028006930110260102802B930110ED
:1081C8002701028060930110280102809B9301100F
:0C81D8002A010280DB93011000010280EC
:1081E40010B50100014AFFF79FFF10BD3101018066
:1081F40010B5024AFFF798FF10BDC0463201018056
:1082040010B5024AFFF790FF10BDC0463701018048
:1082140010B5024AFFF788FF10BDC0463301018044
:108224000B0010B5113302D0014AFFF77DFF10BDDA
:048234003401018090
:1082380010B5024AFFF776FF10BDC046380101802D
:1082480010B5FFF7B9FD034B1B68002B00D098470A
:0882580010BDC046542B0020AC
:10826000034B10B51B68002B00D0984710BDC046CB
:04827000542B00206B
:1082740010B503F07BF903F079FB03F078FB03F00E
:048284008BF910BDA5
:1082880010B5024B1B689847FBE7C0464C06002018
:0882980010B5FDF7ADFA10BDB1
:0C82A00010B50400FDF7B0F9200010BD7F
:1082AC00F8B50500060010CD002C14D10E4F38681F
:1082BC00002803D001214942FEF754FF3468002CFA
:1082CC0004D1280003F0E6FF2C0035603868002844
:1082DC0001D0FEF75DFFAC4204D08B220349044869
:1082EC0003F07AF82000F8BD282C002034940110FB
:0482FC004394011096
:028300007047C4
:0E83020010B504000C2103F006FE200010BD93
:1083100070B5040003689B689847201D07F0A2FE13
:0E832000050023682000DB689847280070BD28
:1083300010B50348FFF7BAFF03F0BAFF10BDC046FF
:04834000DC1D002020
:1083440010B50348FFF7B0FF03F0CCFF10BDC046E3
:04835400DC1D00200C
:1083580070B504000D00074B82600360FFF7E4FF6F
:108368002900201D07F040FE2000FFF7E7FF20004E
:0883780070BDC04670940110B5
:0E83800010B50368012200211B69984710BD4B
:0E838E00002210B5036811001B69984710BD4E
:10839C0010B5040003F0E6F80121200007F018FFE7
:0683AC0003F0F6F810BD1D
:1083B20010B5040003F0DBF80021200007F00DFFE8
:0683C20003F0EBF810BD12
:1083C80070B50D00040003F0CFF82900200007F075
:0883D800E7FE03F0DFF870BDC1
:0883E00010B507F0BBFE10BD53
:0883E80010B507F0B4FE10BD52
:0883F00010B507F0B6FE10BD48
:0883F80010B507F0A9FE10BD4D
:0884000010B507F0B1FE10BD3C
:1084080070B505000D4E3000FFF74CFF03F04CFF30
:10841800280007F041FE041E0CD1280007F09AFE40
:1084280003F05AFD68603000FFF73CFF03F058FF87
:10843800200070BD01246442F5E7C046341E0020C8
:1084480070B505000B4E3000FFF72CFF03F02CFF32
:10845800280007F023FE441EA04144426868002813
:1084680001D003F066FD3000FFF71CFF03F038FF72
:08847800200070BD341E00203D
:10848000F7B50D001E0004000A4F01923800FFF7F7
:108490000DFF03F00DFF33002A000199200007F0C3
:1084A00023FE04003800FFF701FF03F01DFF20004A
:0884B000FEBDC046341E002091
:1084B800F0B589B0029101920393050007F04AFED6
:1084C8000700280007F040FE0600280007F045FED8
:1084D8000490280007F044FE390007900198F8F747
:1084E8004FF80C1E69D1029B002B66D0019A039BA2
:1084F8009B18049AB618B3425FD83148FFF7D2FEEA
:1085080003F0D2FE039B002B4FD0002C4BD10199D6
:10851800280007F01CFE040001000198F8F730F865
:10852800039B601A984200D918000322029B134249
:1085380001D187422ED93E00874200D90600320079
:10854800029968680AF014FDBE4205D26B68079963
:10855800BA1B98190AF09EFD6B68059706931023BD
:1085680004932800059B069A019907F0C5FD041E8F
:1085780006D0049B013B0493002BF2D101246442F2
:10858800039B9B1B0393019B9B190193029B9B19C4
:108598000293B7E73900F7F76DFF7843029B0600AF
:1085A80005900693DBE7012464420548FFF77AFE4D
:1085B80003F096FE200009B0F0BD01246442F9E7FB
:0485C800341E00203D
:1085CC00F7B50D001700060007F0BCFD04003000E5
:1085DC0007F0C1FD2018EC19A04203D2012464421B
:1085EC002000FEBDA0421FD81948FFF759FE03F02A
:1085FC0059FE0024002F24D0002C20D110230193ED
:10860C002900300007F04AFD041E06D0019B013BF7
:10861C000193002BF4D1012464422900300007F0AF
:10862C0094FD3F1A2D18E5E72100300007F08DFD71
:10863C0001002000F7F7A2FF0029CFD1D4E70124D5
:10864C0064420348FFF72CFE03F048FEC8E7C0461F
:04865C00341E0020A8
:02866000704761
:1086640070B506000400831D3E229A5E0C36031D7D
:108674003E21595E300008F021FEE56C236D002D8B
:1086840001D1DA0711D558102018DB0701D503688A
:108694005D592300583300229B5E2200563200218C
:1086A400525E210054310978A8473000E16B08F08C
:1086B4006AFE30002200024908F0A4FE70BDC046E4
:0486C400A989001070
:1086C800F7B50093836C04000E001500002B05D04D
:1086D80036222B492B48FF3202F080FE2A4A0365D6
:1086E8000368C2641B6898472300270054331E7030
:1086F80002331D800193009B58373B80042E0DD810
:108708003000F7F7ADFE15031015190001232A00F4
:1087180001215B4220000C3008F0E9FE23682000AC
:108728005B689847F7BD01222B0002215242F1E70E
:108738002A003100009BEDE72300012270331A70F4
:108748006B1C0CD0042003F0AFFB019B050000213B
:10875800595E00230380837002F0A7F8E5650022C4
:10876800BB5E0133DAD0042003F09EFB0022050033
:108778000023F95E0280827002F09CF82566CDE73E
:0C878800D9940110E8940110C98600107B
:1087940010B50400FBF7A8FA2000FCF72DFF200019
:1087A40010BD10B50400FBF79FFA2000FCF724FF6E
:0487B400200010BDD4
:1087B80070B5040003680D001B6898472000290065
:1087C8000C3008F0DEFD2368E56320005B689847FD
:0287D80070BD72
:1087DA00F8B504001F0003680D001B6816009847CF
:1087EA0020003B00320029000C3008F0DAFD236833
:0887FA0020005B689847F8BD00
:1088020070B5040003681B68984720000C3008F01C
:1088120066FE230070331B780500002B06D0206E05
:10882200002803D06942694107F09FFC23682000B9
:088832005B689847280070BD47
:10883A0070B5040003681B68984720000C3008F0E4
:10884A0050FE230070331B780500002B05D0E06D25
:10885A0007F093FC434258410540236820005B68B7
:06886A009847280070BDD4
:0A88700010B50C3008F024FE10BD16
:0E887A0010B50C000C3008F026FE200010BDDA
:10888800F7B5002504001F001D4B0E0008330360D8
:108898001C4B290043600192856010220C300AF0BD
:1088A800F9FB20001C30FCF75FFD20002C30FCF7A2
:1088B8005BFD0222A31CFF32E763DA87019A231DBE
:1088C800DE87A31DDA874E33A564E564256522009B
:1088D8001D70012356325B4213805380230070338E
:1088E8006566A566E5661D70A26863685010201865
:1088F800D20701D50268D35898472000FEBDC0466C
:088908000095011065860010C6
:10891000F7B50500036816001B680F0098472B0089
:1089200040331B783401002B01D0002E11D02B00D6
:1089300041331B78002B01D0012E0AD020001C30BF
:1089400039002818FCF742FF2B6828005B6898471D
:10895000F7BD02F00DFE3800FCF745FF2B001C347C
:108960000C332C190193002812D02000FCF73BFF98
:10897000002801D102F0FCFF39002000FCF726FF9F
:1089800001223100019808F051FD02F007FEDBE7FB
:108990002000FCF728FF002801D002F0EAFF2000A9
:0889A000FFF7F8FE0022ECE7EE
:1089A80009011C3110B544182000FCF718FF0028F5
:0A89B80002D02000FFF76CFC10BD98
:1089C200F8B504002600036840361B680D0098477E
:1089D2003378AB4233D0002D0DD0230041331B78C6
:1089E200002B08D1A268636850102018D20701D565
:1089F2000268D3589847270002F0B9FD1C37002DB2
:108A020022D03800FCF7EEFE00280AD03800FCF72E
:108A1200F2FE02F0ACFF2000012200210C3008F02F
:108A220004FD02F0BAFD3570002D08D12300413358
:108A32001B78002B03D120000C3008F0A0FC236827
:108A420020005B689847F8BD20002A000C302900FE
:108A520008F0EBFC3800FCF7C5FE0028E1D002F07C
:048A620087FFDEE7C5
:108A6600F8B504002600036841361B680D009847D8
:108A76003378AB4233D0002D0DD0230040331B7822
:108A8600002B08D1A268636850102018D20701D5C0
:108A96000268D3589847270002F067FD2C37002D4F
:108AA60022D03800FCF79CFE00280AD03800FCF7DC
:108AB600A0FE02F05AFF0122200011000C3008F03F
:108AC600B2FC02F068FD3570002D08D1230040335A
:108AD6001B78002B03D120000C3008F04EFC2368D5
:108AE60020005B689847F8BD20002A000C30012161
:108AF60008F099FC3800FCF773FE0028E1D002F07C
:048B060035FFDEE772
:108B0C001FB50400194B0021083303606846FCF7BD
:108B1C0030FC002269462000FFF7F4FE6846FBF7A4
:108B2C0070F900216846FCF724FC012269462000FC
:108B3C00FFF7E8FE6846FBF764F9230040331B7827
:108B4C00002B04D1230041331B78002B03D02000D1
:108B5C000C3008F00FFC20002C30FBF752F92000F1
:108B6C001C30FBF74EF9200004B010BD009501102D
:108B7C0010B50400FFF7C4FF2000742103F0C6F900
:048B8C00200010BDF8
:108B900010B5437D0400002B04D0037D002B01D0D1
:088BA00002F0E7FE200010BD09
:108BA80013B5040001A802F0DBF8637D002B0BD19C
:108BB800237D002B01D002F0D7FE206902F08EF849
:108BC800012320606160637501A802F0CFF813BD2E
:108BD80037B5040001A80D0002F0C2F800230022F6
:108BE800226063606B7D002B08D0286902F076F85C
:108BF8002A686B68801A99412060616001A802F0B8
:068C0800B5F820003EBD9E
:108C0E0030B50D0085B0040003A802F0A6F82900C7
:108C1E006846FFF7DAFF00980199AA68EB68121808
:108C2E004B4103A82260636002F09DF8200005B05E
:028C3E0030BD47
:108C400013B5040001A802F08FF8206902F04AF879
:108C50000022002320606160A260E36001A802F0AE
:048C600089F813BDBF
:108C640010B50B00040000210020236100232060C4
:108C74006160A060E160227520006375FFF7DEFF8C
:048C8400200010BDFF
:108C880010B5040002F054F8012201002000FFF79B
:068C9800E5FF200010BD05
:048C9E0000207047FB
:0C8CA2001D20404270471D2040427047DA
:0C8CAE00162040427047162040427047DC
:088CBA00012070470120704702
:088CC2000020704700207047FC
:108CCA00F8B5050000248EB2CB0704D5FFF794FD52
:108CDA00441EA04104B210273E4205D02800FFF7E7
:0C8CEA00A7FD002800D03C432000F8BD8E
:108CF80008B4024B9C46743808BC6047CB8C001003
:0A8D080010B5FFF75AFE002010BD61
:108D140008B4024B9C46743808BC6047098D0010A7
:0A8D240010B5FFF79EFE002010BD01
:108D300008B4024B9C46743808BC6047258D00106F
:108D400010B50400024B0360FFF7E0FE200010BDE9
:108D50002095011008B4024B9C46743808BC60474B
:048D6000418D001031
:108D640010B50400FFF7EAFF2000782103F0D2F8E1
:108D7400200010BD08B4024B9C46743808BC604700
:048D8400658D0010E9
:108D8800F7B505000C00161E1BD002F0E9FB012305
:108D98004340DFB2002F03D02B6828001B68984798
:108DA800A3190193019B9C4205D021782800FFF765
:108DB80060FD0134F6E7002F03D02B6828005B68BC
:068DC80098473000FEBDDB
:108DD00008B4024B9C46743808BC6047898D00106B
:108DE00070B504000D00101E0CD0236820001B6815
:108DF00098472000FFF73CFD2870236820005B683F
:068E00009847012070BD3F
:108E080008B4024B9C46743808BC6047E18D0010DA
:108E180010B50400FFF734FD024B20002360024B1D
:0C8E2800636710BD209501105C950110DF
:108E3400F8B504000D0016001F0003681B6898476E
:108E44003B00320029002000FFF73CFC236820008F
:068E54005B689847F8BDC1
:108E5A0070B504000E0002F086FBA569002D0BD048
:108E6A0020000830FFF79AFC0122631CDA770023FE
:108E7A00A21CE361D677A36102F08BFB002D03D01D
:0A8E8A002100280000F090F970BDEF
:108E940010B5002802D003F009FA10BD02F066FBF9
:028EA400FBE7EA
:108EA60010B5002802D003F01CFA10BD02F073FBC7
:028EB600FBE7D8
:108EB800F0B5040089B00E00170002F055FBA56953
:108EC80002F068FB002D29D003AD0021280003F033
:108ED80047FA02F049FBA3690193E369002B04D028
:108EE80039220F490F4802F079FAE56102F052FB86
:108EF800019B002B0FD03900280003F03BFA002813
:108F080009D13000FFF7C2FF20000121FFF7A1FFC0
:108F18003000FFF7C4FF280003F04FFA09B0F0BD96
:088F2800C1950110CD95011067
:108F300070B500250400064B456008330360083017
:108F4000FCF716FA2000A561E561258470BDC046D6
:048F5000EC9501108B
:108F5400084B10B50833036083690400002B04D068
:108F640026220549054802F03BFA0830FAF74DFF7E
:108F7400200010BDEC950110C1950110DB95011086
:108F840030B50400250085B0083502F0EFFA290059
:108F94006846FFF783F92800FFF703FC0023E06924
:108FA400A361984201D003F005FA02F0F5FA68468D
:108FB400FCF717FC002802D06846FFF76BF96846F7
:088FC400FAF723FF05B030BDF0
:0E8FCC0000234360836001330160037370472C
:028FDA007047DE
:108FDC000300007B002805D00CCB002012689A42BD
:068FEC004041C0B27047D5
:108FF200F0B5036885B0019301230500180088408D
:1090020019001E0051400290039101989900445C9E
:109012000299214205D030210C40002A07D0102CA1
:1090220007D10133112BF0D10120404215E0002C71
:10903200F7D01000590002390843009131008140F5
:10904200AF680F42EDD1202C07D10399009C0C434D
:0E905200210034008C402742E3D105B0F0BD70
:1090600070B5040008001100020020001D00FFF789
:10907000C0FF002802DA0020207370BD4108236879
:109080008A009A18D3885279666855439B195B19F0
:10909000636001238340A268C00113430843A360B7
:0490A000C0B2EAE789
:0E90A40010B513000A000121FFF7D8FF10BD20
:0E90B20010B513000A000021FFF7D1FF10BD1A
:1090C00070B50D0004000A000021FFF7EBFF2A0035
:0A90D00000212000FFF7EDFF70BD46
:0890DA000023036043607047AE
:0290E2007047D5
:0490E4000068704769
:1090E80000230B604368002B02D101604160704788
:0490F8001960FBE719
:1090FC0003000068002806D00268002A00D15A60DC
:08910C001A60002303607047A4
:1091140010B50468002223008B4204D0002B10D029
:109124001A001B68F8E7002A01D00B6813608C4210
:1091340001D10B68036043688B4200D14260002375
:049144000B6010BDEF
:0C91480010B50400FFF7C5FF200010BDAB
:0E91540010B5FFF7C5FF43425841C0B210BD31
:1091620070B505002800FFF7BCFF00280ED0041FD1
:10917200236820009B689847002807D02800FFF743
:0E918200BCFF23682000DB689847EBE770BD58
:1091900070B504000D00FFF7A5FFAC610600291DA6
:1091A0002000FFF7A1FF002E02D12000FFF7D9FF1A
:0291B00070BD90
:1091B20070B505000C00FFF794FF0600002C00D0EC
:1091C200043421002800FFF7A4FFA64202D12800A0
:0691D200FFF7C6FF70BDAF
:1091D80010B504002000FFF781FF002804D00438F0
:0A91E8000368DB689847F5E710BD47
:1091F20010B50400FFF7EFFF2000FFF771FF20001A
:0292020010BD9D
:029204007047B1
:029206007047AF
:0A92080010B503689B6D984710BD78
:1092140030B587B06B46040005220021981D09F083
:109224003BFFC8239B00E258238901AD8921AB8110
:109234000A4B4900EB8104232980EA7111396268E1
:10924400FF390A34E9700392FF3312222900200007
:109254002B8209F08FFE200007B030BD0102000010
:0892640000487047DC9801107E
:08926C0000487047149901103D
:0892740000487047E09801106A
:08927C0000487047269901101B
:08928400004870470C9901102D
:08928C0000487047F69801103C
:10929400036810B55B6F04009847BB239B00E0583C
:1092A40003681B6F9847236820009B6F984710BD85
:1092B400CD239B00C35810B5002B04D1024A0349A7
:1092C400034802F08DF810BDCD0600002196011070
:0492D4002F960110C0
:1092D80010B5040002F048F9CD229200A3580133DA
:1092E800A350002B05D1D72202490348D20002F02F
:0C92F80075F810BD219601102F96011092
:10930400CD239B00C35870B50400012B16D1C92589
:10931400CA26AD00B6000122A05963590240002BB1
:1093240001D1002A0AD00021401061512018A15116
:109334008A4201D00268D3589847ECE7CD229200C4
:10934400A358002B04D1054A0549064802F048F801
:10935400013BA35002F020F970BDC046C6060000D0
:08936400219601102F96011063
:10936C0007B50022024913000248009202F068FA85
:08937C003B9601100E01158063
:1093840007B50022024913000248009202F05CFA79
:0893940063960110040115802D
:10939C00036870B5DB6F04009847BE239B00E55A49
:1093AC002B12022B28D0032B5BD00020012B06D1D3
:1093BC00236820001B6B9847002801D1002070BD4A
:1093CC00236820001B6B98470678122EF6D1236871
:1093DC0020001B6B98474578012DEFD1C1239B00D2
:1093EC00E650236820001B6B9847C0239B00E0507D
:1093FC0008332800E554E2E72368EDB22900200089
:10940C005B6B98470028D9D0236829005B6B200040
:10941C0098470378092BD1D1236829005B6B200076
:10942C0098474378022BC9D1236829005B6B200035
:10943C0098472368867829005B6B20009847C122E7
:10944C00C37892001B023343A350236829002000E9
:10945C005B6B9847C0239B00E05001200833E0541D
:10946C00ADE7EDB20020052DA9D82800C125236851
:10947C00AD00F6F7F3FF030D151D252D9B6B20009A
:10948C0098470378635123689B6B20009847E1E76A
:10949C00DB6B20009847037863512368DB6BF4E7A0
:1094AC001B6C200098470378635123681B6CECE716
:1094BC005B6C200098470378635123685B6CE4E78E
:1094CC009B6C200098470378635123689B6CDCE706
:1094DC00DB6C20009847037863512368DB6CD4E77E
:1094EC001F200B78DB0913700B785B069B0F5370F6
:1094FC000B78034093704B78D370C8788B7800024C
:10950C000343938048790B7900020343D380C879D5
:0A951C008B790002034313817047AE
:10952800036870B55B6F04000D009847C3239B0068
:10953800E35C022B05D03E2209490A48FF3201F0BC
:109548004DFFC423084A9B00E5541433E25000221F
:109558000433E250236820009B6F984770BDC046D3
:0C9568002196011082960110D59A001087
:10957400036870B5DB6F04009847C2239B00E35C6B
:10958400002B02D00025280070BDBB25AD0060591A
:1095940003685B6C9847C1239B00E2589042F1D862
:1095A400C026B600A159121A0918A151E250002A86
:1095B40014D102210833E1540E4BE55C002D07D091
:1095C400E254163BE118236820009B6E9847DAE7C3
:1095D40001212000FFF7A6FF0125D4E7C8239B0043
:1095E400E3586059934200D913000268146C1A00BE
:0895F400A047F1E70A030000A3
:1095FC00036813B5DB6F04009847C7239B00E35C3B
:10960C00012B06D8002213000F4900920F4802F0DC
:10961C0017F9C3239B00E35C002B04D000220C49F8
:10962C0013000092F2E70B4BE35C032B0AD02000F3
:10963C00FFF79AFF002805D1BB239B00E058036875
:10964C00DB6C984713BDC0463B9601100E0115808C
:08965C00AD9601100B030000A4
:10966400036870B5DB6F04009847C2239B00E35C7A
:109674000025012B36D1C1239B00E358AB4206D110
:109684001C4AA15CA94201D101252BE0A354C822A4
:109694009200A5589D4200D91D00BB23C0269B0003
:1096A400E058B60003682A009B6CA1599847A35957
:1096B4005B19A351C1239B00E258551BE550E3D12C
:1096C4000C4BE25C002ADFD102210333E1540A4B44
:1096D400E55C002D08D0E254163BE1182368200015
:1096E4009B6E9847280070BD01212000FFF71AFFE8
:0C96F400CAE7C046090300000A0300009A
:10970000036810B5DB6F04009847C7239B00E35C38
:10971000012B01D8FFF72AFE074BE35C032B0AD08D
:109720002000FFF79FFF002805D1BB239B00E058D6
:0C9730000368DB6C984710BD0B030000C1
:10973C00036870B55B6F04000D009847C3239B0052
:10974C00E35C032B05D0C32209490A48520001F0FF
:10975C0043FEC423084A9B00E5541433E250002214
:10976C000433E250236820009B6F984770BDC046BD
:0C977C0021960110F796011021A50010A5
:10978800036810B50400DB6F98470120044BE2180A
:109798001D3BE2500433E0500433E05410BDC04692
:0497A8001D0300009D
:1097AC00036810B5DB6F04009847C7239B00E35C8C
:1097BC000020042B0CD1074B0130E25A064BE2522D
:1097CC003633E218303BE2500433E0500433E054BB
:0C97DC0010BDC0462E030000FA02000081
:1097E800036810B5DB6F04009847C32304229B006D
:1097F800E254143BE25C044B2000E15A23681B6FDF
:0C9808009847012010BDC046FA02000085
:10981400036870B55B6F04000D009847C3239B0079
:10982400E35C042B05D0EB2209490A48520001F0FD
:10983400D7FDC423084A9B00E5541433E2500022A8
:109844000433E250236820009B6F984770BDC046E4
:0C9854002196011023970110759B001055
:10986000036870B5DB6F04009847C7239B00E35C77
:10987000042B04D000201E4BE35A834215D11D4B0C
:10988000E15C012912D0022913D0002081420CD1C1
:109890000122194B1A80C023174A9B00E250022272
:1098A00001200433E2500433E05470BD0022124B17
:1098B000F0E70F4BE25A8F2310009843030000207B
:1098C0008342F2D10C48130702D100230380E2E760
:1098D0001E2553002B40D2111A431823023A53433A
:1098E000E31830331B780B42EFD00123EEE7C0467C
:0C98F000FA020000F6020000582B0020D5
:1098FC0030B5036891B0DB6F04009847BB23C822D6
:10990C009B00E058920003686946A258DB6B9847AD
:10991C00BD239B00E5182A0069462000FFF7E0FDF7
:10992C00C02200239200A3500432A3500432A3504F
:10993C00C32301229B00E2542368290020005B6EA4
:06994C00984711B030BD88
:10995400036810B5DB6F04009847C7239B00E35CE2
:10996400012B01D8FFF700FDCB2201239200A35461
:10997400203AA25C002A03D12000FFF7BDFF10BDEE
:0C998400014AA354FBE7C0462D0300007D
:10999000F8B51D00036804005B6F0F0016009847C0
:1099A000C3239B00E35C012B04D00B4A0B490C48FA
:1099B00001F018FDC4239B00E7540433E650094A24
:1099C0000433E5500C33E25000220433E2502368A4
:1099D00020009B6F9847F8BDBA0200002196011045
:0899E0004B970110B1A3001028
:1099E800036870B5DB6F04009847BF239B00E35AF8
:1099F800002B34D0BD229200A55C1432A25C012D4C
:109A080025D1012A06D0BB239B00E0580368DB6CF4
:109A1800984770BDC1229200A158994200D9A3501D
:109A2800C1229200A0581F4E012D28D1834208D987
:109A3800C8239B00E158F6F7A3FD002901D11A4B72
:109A4800E55402232000A355FFF708FEE1E7002AAA
:109A5800D9D1C1229200A2589A42E1D0D3E7BB23C0
:109A6800C1229B009200E058A15803680029CED17A
:109A780003250C4A9B6CA5540A009847C9E70123A3
:109A8800C822A355BB239200A2589B00E3588242E8
:109A980000D90200196818000D6CC02189006158AE
:0C9AA800A847B6E70B030000090300000C
:109AB400036810B5DB6F040098470022024BE254A0
:109AC400024B0332E25410BD2D0300000B030000CF
:109AD400036810B5DB6F04009847C423C322002138
:109AE40092009B00E35CA154134AA15C002903D0BB
:109AF4002000FFF7DDFF10BD002B06D1BB239B0028
:109B0400E0580368DB6C9847F5E70C4BE25C012AEC
:109B140008D10232E2541F3BE05803689B6C0A00F0
:109B24009847E8E7022AE6D10132E254BB239B00BE
:109B3400E05803681B6CF2E72D0300000B030000E0
:109B4400036810B5DB6F04009847CB2300229B0009
:109B5400E254203BE35C934203D12000FFF7A8FFCB
:109B640010BD0122014BE254FAE7C0462D03000068
:109B7400036810B5DB6F04009847C423C322002197
:109B840092009B00E35CA1540E4AA25C8A4203D07B
:109B94002000FFF78DFF10BD002B0BD00A4B2000D7
:109BA400E25A0A4BE252363BE25A3833E254FFF7A8
:109BB40019FFF0E7BB239B00E0580368DB6C984770
:109BC400E9E7C0462D030000FA0200002E0300005E
:109BD40070B5BC2504000368AD005B6F9847635DF6
:109BE400002B10D1BB26B600A059210003689B6846
:109BF4009847A059402103689B6B9847C8239B0052
:109C0400E05001236355236820009B6F984770BD83
:109C1400036870B55B6F05009847C7239B00EC5C35
:109C24002B68E4B228009B6F043C98476042604173
:049C3400C0B270BD8D
:109C380070B5040003680B4D5B6F98472000FFF771
:109C4800C5FF635D002B07D1BB239B00E058036869
:109C58005B69984701236355236820009B6F9847E9
:089C680070BDC046F1020000CE
:109C7000F7B5036801915B6B11000400160098476B
:109C8000002834D0236831005B6B200098470378AC
:109C9000092B2CD1236831005B6B20009847437857
:109CA000022B24D1236831005B6B20009847236886
:109CB00087785B6B310020009847C3781B021F43F5
:109CC0000B2F14D92368310020005B6B98470930B3
:109CD00005006B78019A93420AD02B783100ED1879
:109CE000236820005B6B9847C0198542F1D300259B
:049CF0002800FEBD8D
:109CF400BB239B0010B5C05803685B6B984710BD2D
:109D040070B50D00036804005B6F98472B0708D1FA
:109D1400C8239B00E558236820009B6F98472800C0
:109D240070BD1E2369001940ED0929430239063B21
:089D3400594361188D8DEEE723
:109D3C00F7B50E00036804005B6F984737008F235C
:109D4C009F4301D1330706D100221749130017484E
:109D5C00009201F075FD1E2375001D40F3091D4393
:109D6C001823023D5D4365192B0030331B78DB074C
:109D7C0009D42000FFF748FF002810D00C4A0D49E9
:109D8C000D4801F029FB31352B78002B07D0BB2374
:109D9C009B00E05831000368DB6E98472F702368F6
:109DAC0020009B6F9847F7BD639601100401158046
:0C9DBC008C050000219601106E9701102C
:109DC80073B50D00036804005B6F98478F232A0062
:109DD8009A4301D12B0706D100221A4913001A48C9
:109DE800009201F02FFD1E236E001E40EB091E435A
:109DF8001823023E5E43A619320030321178CB0791
:109E080009D42000FFF702FF002816D00F4A104996
:109E1800104801F0E3FA02230B431370BB239B00A5
:109E2800E0582900036831369B6D98473378002B3A
:109E380003D029002000FFF77DFF236820009B6FD7
:109E4800984773BD6396011004011580CC04000087
:089E5800219601106E97011024
:109E6000036810B5DB6F04009847C7239B00E35CD1
:109E7000042B04D000200E4BE35A834217D10D4B24
:109E80000020E35C022B12D1094BE15A8F230A0018
:109E90009A4382420BD10B0709D0BE239B00E35AA1
:109EA000834204D12000C9B2FFF78EFF012010BD0C
:089EB000FA020000F6020000B6
:109EB80073B50D00036804005B6F98478F232A0071
:109EC8009A4301D12B0706D100221D4913001D48D2
:109ED800009201F0B7FC1E266B003340EE091E43CA
:109EE8001823023E7343E3181A0030321278D2075F
:109EF80009D42000FFF78AFE00281BD0124A134914
:109F0800134801F06BFA31331B78002B03D029007A
:109F18002000FFF70FFF182302217343E3183033A3
:109F28001A788A431A70BB239B00E05829000368FB
:109F3800DB6D9847236820009B6F984773BDC04628
:109F48006396011004011580F104000021960110A8
:049F58006E970110EF
:109F5C00036810B5DB6F04009847C7239B00E35CD4
:109F6C00042B04D000200E4BE35A834217D10D4B27
:109F7C000020E35C022B12D1094BE15A8F230A001B
:109F8C009A4382420BD10B0709D0BE239B00E35AA4
:109F9C00834204D12000C9B2FFF788FF012010BD15
:089FAC00FA020000F6020000B9
:109FB400F0B50F001E00036885B05B6F03920500C7
:109FC4003C0098478F239C4301D13B0706D10022D4
:109FD400130020492048009201F036FC1E237A0029
:109FE4001A40FB0913431822023B5A43AA181300D0
:109FF40030331B78DB0709D42800FFF709FE041E61
:10A0040012D0164A1649174801F0EAF9938DB34263
:10A0140005D923002200144914480094DCE73132A6
:10A0240016001278002A06D02B6828009B6F9847E8
:10A03400200005B0F0BDBB229200A8583900026888
:10A04400146E039AA047041EEED0337801333370A4
:10A05400EAE7C0466396011004011580AF050000CD
:10A06400219601106E9701107C970110050115804F
:10A0740037B50D00036804005B6F98478F232A00EF
:10A084009A4301D12B0706D1002215491300154824
:10A09400009201F0D9FB1E226B001340EA091A4317
:10A0A4001823023A5343E31830331B78DB0709D4EF
:10A0B4002000FFF7ADFD051E0CD00B4A0B490C48E0
:10A0C40001F08EF9BB239B00E058290003685B6E06
:10A0D40098470500236820009B6F984728003EBDE1
:10A0E4006396011004011580E90500002196011012
:04A0F4006E97011052
:10A0F800F0B50F0087B00393036805925B6F050006
:10A108003C0098478F239C4301D13B0706D100228E
:10A11800130024492448009201F094FB1E237E007A
:10A128001E40FB091E431823023E5E43AE1933004E
:10A1380030331B78DB0709D42800FFF767FD041EBE
:10A1480014D01A4A1A491B4801F048F9B38D039AEA
:10A15800934205D223002200174918480094DBE7F0
:10A168003300313304931B78002B06D02B6828006A
:10A178009B6F9847200007B0F0BDBB239B00E858B1
:10A1880039000368059A9C6E039BA047041E07D0FC
:10A19800039B049AF385049B1B7801331370E5E74E
:10A1A800F085E3E7CD970110040115800A06000049
:10A1B800219601106E970110EB970110050115808B
:10A1C80037B50D00036804005B6F98478F232A009A
:10A1D8009A4301D12B0706D10022124913001248D5
:10A1E800009201F02FFB1E216B000B40ED091D436F
:10A1F800023D06394D4365192B0030331B78DB07C8
:10A2080009D42000FFF702FD051E05D0074A0849BA
:10A21800084801F0E3F8ED8D236820009B6F98470C
:10A2280028003EBD63960110040115804906000010
:08A23800219601106E97011040
:10A24000036870B5DB6F04000E009847C7218900D2
:10A25000625C6654D3B2B24226D00025032B03D9E8
:10A260000322B2426D41EDB2012B04D9012E02D876
:10A27000002D11D002E0002D11D00025B4222000C5
:10A28000920000211C3008F009FF0023074AA35464
:10A29000074AA3549D4202D02000FFF753FC2368D5
:10A2A000310020001B6E984770BDC0461D030000A2
:04A2B000F2020000B6
:10A2B400036870B5DB6F04009847BB23BE259B0081
:10A2C400E058AD000368615DDB6A9847635B022177
:10A2D400002B00D003212000FFF7B0FF012070BD48
:10A2E400036810B5DB6F04009847BE239B00E15C54
:10A2F4000C4BE15400290AD1313BE05803681B6A36
:10A30400984703212000FFF799FF012010BD012287
:10A31400054B2000E2541A330232E2542368DB6E08
:0CA324009847F2E71D030000F202000061
:10A33000036810B50400DB6F984700201A4BE35CFC
:10A3400083420ED1194BE05C0B282BD8F6F78CF822
:10A35000060A2A0E2A12162A1A1E22262000FFF7A3
:10A360007FFA10BD2000FFF7F9FDFAE72000FFF7A4
:10A3700077FDF6E72000FFF79DFFF2E72000FFF7EB
:10A380000DF8EEE72000FFF7FFF9EAE72000FFF7FE
:10A39000A9FFE6E72000FFF709FAE2E72000FFF750
:10A3A00023FADEE70020DCE7F5020000F7020000F8
:10A3B000036870B5DB6F04009847C5229200A1586E
:10A3C000C4230432C325A05800229B00AD00E35CE7
:10A3D00062551B4AA25C002A10D0012B0AD8022326
:10A3E0006355BD239B00E1182368012220009B6E6A
:10A3F000984770BD2000FFF75DFBFAE7042B12D1F0
:10A400002000FFF795FF002806D1BB239B00E058F2
:10A410000368DB6C9847ECE7635D002BE9D1200013
:10A42000FFF7E2FAE5E7032BEFD00125054AA55433
:10A43000063AA050043AA1500832A354EFE7C046B0
:08A440002D0300000A030000D7
:10A4480010B504000368DB6F984702212000FFF76E
:10A45800F3FE0022044B2000E254FFF76FFB236851
:0CA468002000DB6D984710BD1E030000B3
:10A4740070B504000368104D5B6F9847635D002B53
:10A4840007D0BB239B00E05803689B6998470023CF
:10A494006355C7239B00E35C012B03D901212000F2
:10A4A400FFF7CCFE0023054A2000A354044AA3541A
:10A4B40023689B6F984770BDF10200001D030000E4
:04A4C4001E03000073
:10A4C80070B5BC2504000368AD005B6F9847635DF9
:10A4D800002B0AD02000FFF7C9FFBB239B00E058E0
:10A4E8000368DB68984700236355236820009B6F47
:04A4F800984770BD54
:10A4FC00036870B5DB6F0D0004009847002D08D180
:10A50C00C7239B00E35C002B03D029002000FFF73E
:04A51C0091FE70BD7F
:10A52000F8B503680400DB6F9847C4231A4E9B00FC
:10A53000E75CA35D002B01D1002F0FD12000FFF7B6
:10A5400069FB051E0AD10100B422200092001C30D4
:10A5500008F0A4FD114BE554114BE554C323002230
:10A560009B00E254A35D934203D02000FFF7A2FAC0
:10A57000F8BDBB239B00E0580368002F09D0DB69BE
:10A58000984720000421FFF75BFE2000FFF72CFA1C
:10A59000EEE7DB6C9847EBE72D0300001D0300009E
:04A5A000F2020000C3
:10A5A400F0B50D0089B00693036817005B6F0400D3
:10A5B40098478F232A009A4301D12B0706D1002202
:10A5C4002A4913002A48009201F03EF9294BE65C1F
:10A5D400002E06D1236820009B6F9847300009B0F5
:10A5E400F0BD1E2368001840EB091843030018222D
:10A5F400023B5343E3180393303304931B78173A15
:10A604001A40079201220590134205D08E221A495E
:10A614001A48D20000F0E4FE8023DB009F4203D9F5
:10A62400174A15491748F5E7BB239B00E0583A0041
:10A63400036829001E6D069BB047061ECAD0182366
:10A6440005980E990138584304302018FBF7BCF8DC
:10A654000122049B1B781343049A1370039B079AEB
:10A6640031331A70039B9F85B4E7C046639601108B
:10A6740004011580F2020000219601100C980110CB
:08A68400710400002E98011082
:10A68C00F0B5060085B002930AAB1B881C36039309
:10A69C00214B04000360BB2335009B000091019209
:10A6AC00C71828001835FAF75DFEAF42F9D1B4226D
:10A6BC00019B0021A380029B3000E380039B92004E
:10A6CC00238108F0E5FCBD239B00E0182822002123
:10A6DC0008F0DEFCC322002300999200A354203A18
:10A6EC00A150012120000432A3520C4AA35442323F
:10A6FC00A350143AA3500432A3500432A350043292
:10A70C00A3500432A354143AA154054AA354054A45
:10A71C00A35405B0F0BDC0465C980110F2020000D5
:08A72C001D0300001E030000E4
:10A734000E4B70B50360BC239B00C35C0400002B6C
:10A7440004D00B4A0B490C4800F04AFEFFF7BAFE4E
:10A75400BB2326009B00E5181C36B54204D0183DE7
:10A764002800F9F752FBF8E7200070BD5C9801104F
:0CA77400620500002196011046980110BB
:10A7800070B50D0003680400DB6F98478F232A0023
:10A790009A4301D12B0701D1FEF7F4FD1E231820A7
:10A7A00069001940ED0929438B1E4343E3183133F7
:10A7B0001A78002A0DD0013941430431013A641856
:10A7C00020001A70FBF70FF8002802D02000FDF7D8
:04A7D00063FD70BDF8
:10A7D40070B50D0003680400DB6F98478F232A00CF
:10A7E4009A4301D12B0701D1FEF7CAFD1E2318207D
:10A7F40069001940ED0929438B1E4343E3183133A3
:10A804001A78002A0DD0013941430431013A641801
:10A8140020001A70FAF7E5FF002802D02000FDF7A7
:04A8240039FD70BDCD
:10A82800EFF3108172B6054B1A78002A05D1013270
:10A838001000884302491A7008707047E42B002002
:04A84800DD2B0020E4
:10A84C0010B5EFF310820123934304D0362206494E
:10A85C00064800F0C1FD064A1370064B1B78002B0E
:10A86C0000D062B610BDC046419901105D9901102F
:08A87C00E42B0020DD2B00207D
:0CA88400014B18787047C046E42B002000
:10A8900070B50D000400160005F07DFC6B1C07D0A0
:10A8A0000021200005F09AFC3100200005F07CFC1E
:02A8B00070BD79
:0AA8B20010B50022FFF7EBFF10BD08
:10A8BC0070B50D000400160005F067FC6B1C0BD086
:10A8CC003100200005F04CFC0121200005F080FC3B
:0AA8DC000021200005F062FC70BDB1
:0AA8E60010B50022FFF7E7FF10BDD8
:10A8F00070B504000D001E00002A09D11A00FFF7F0
:10A90000C7FF6B1C03D02000049905F02FFC70BD1D
:10A9100005F041FC6B1CFAD02000049905F026FCE0
:10A920002000012105F05AFC3100200005F03CFC1C
:02A93000EDE751
:10A9320003000022885E421C02D0984201D148687E
:06A9420070470C31F5E73F
:10A9480013B50400431C0AD0FFF7EFFF431C06D1E0
:10A958000023220002490348009300F073FF16BD4C
:08A96800779901103001018014
:10A9700003000022885E421C02D0984201D1886800
:06A9800070470C31F5E701
:10A98600F7B54668330032331C78002C32D10368A1
:10A996005B6898470300306A98422BD03269181AD0
:10A9A600104033223362B256002A24DB2100F5F729
:10A9B600E4FE3427F75704000D00002F14D00021C1
:10A9C600706A24184D41009401958F421ADB3A00B3
:10A9D60020002900F5F7C5FE3A0004000D00F5F742
:10A9E600CCFE009B181A7062B26AF36AA4185D4125
:10A9F600B462F562F7BD020023002100B068F5F7E6
:10AA060088FFD6E7F7680B00009801993A00F5F73A
:10AA160060FF4743009B0400DF1B0D007762E3E7FE
:10AA26000300824206D901208A4202D9994289410D
:10AA36004842704700208B42FBD991424041F8E7DB
:10AA4800F0B546683B4B326B040085B01A4266D1BC
:10AA5800FFF795FF7368002B63D018685968F36A8D
:10AA68008B4207D302D1B36A834203D323685B695D
:10AA7800984754E06568AA6AEB6A801A9941EB69BD
:10AA88006F698B4224D302D1AB69834220D334222D
:10AA9800AA56002A29DBF5F76FFE2B0033331B7803
:10AAA8005BB29C46002B10D0AB680393039B013B21
:10AAB800009300230193009A019B80185941634633
:10AAC800002B19DB6246F5F74BFE874200D90700D9
:10AAD8002B6AFF182B691F40336ABB4211D1CA2267
:10AAE80015491648FF3200F079FC02000B00E868AF
:10AAF8000021F5F70DFFD0E7039A019BF5F7E8FE73
:10AB0800E3E7236838001B69984723685B68984720
:10AB18003A000100306AFFF782FF0028A6D105B08D
:10AB2800F0BD336A726930699B18184023681B6945
:10AB38009847F4E700FFFF00AC990110BE99011097
:10AB48004368F0B51A0030321278040085B0002A44
:10AB580000D080E032331B78002B7CD103681B685F
:10AB680098472368DB69984706680390002E06D14A
:10AB7800330032003A493B48009600F063FE30004B
:10AB880039490F00F5F7FCFC38000029F9D13900E4
:10AB98003548F5F76FFC1F23012265680290A8600D
:10ABA800013B04D31100029899408842F8D12A0049
:10ABB8003332137039003000F5F75CFC1F230200B4
:10ABC8000121E86008009840824201D0013BF9D297
:10ABD800290034310B70039B5868011F1C2905D9C3
:10ABE80000222249130022480092C6E701232028A8
:10ABF80033D08340013B07200027884016002B6193
:10AC0800029A3B006861C117F5F782FE02000B004B
:10AC180001204042C11780197941801859413200FA
:10AC28003B00F5F755FE2368A861E9615B682F6072
:10AC38006F609847002128620122002063689862AB
:10AC4800D9625F621A86323320001F70FFF797FEC1
:10AC58002000FFF7F5FE05B0F0BD5B42CBE7C0462C
:10AC6800E29901100E01048040420F00FB99011087
:04AC7800050104804E
:10AC7C0070B5050000F076FC2B686C68DB689847B3
:10AC8C00230032331B78002B02D000F081FC70BD06
:10AC9C0026000123313633706368002B16D0280050
:10ACAC00FFF76BFE6368E26A596891420ED803D1D4
:10ACBC001A68A16A8A4209D86A68DB6852686360BC
:10ACCC002368002BE8D090689847E5E7002328001C
:08ACDC003370FFF7B3FED8E767
:10ACE40070B50400FFF72EFF00F040FC2000FFF7D2
:10ACF40048FE63689C6ADD6A00F04EFC290020006F
:02AD040070BD20
:08AD060010B5FFF7ECFF10BDD2
:10AD100010B50022024B1A7006F073FC10BDC0463D
:04AD200030AC002033
:10AD240010B506F023FC0122014B1A7010BDC04679
:04AD340030AC00201F
:08AD380000487047389A011031
:10AD4000034B10B51B68002B01D00248984710BD7B
:08AD500050060020389A0110A2
:10AD580010B50C23CA5E0423C95E06F0ADFA10BD17
:0CAD680010B5040000F000FC200010BD3D
:0CAD740010B5040000F010FC200010BD21
:04AD8000007B70479D
:10AD84000F4B70B50833036000230E4E436081609F
:10AD94000273040030000D00FDF786FA01F086FA14
:10ADA400002D0AD0084B1A681C6062603000FDF761
:10ADB4007BFA01F097FA200070BD6560F6E7C046A3
:0CADC4006C9A0110081E0020041E0020E4
:10ADD00070B50400154B164D083303602800FDF7CD
:10ADE00065FA01F065FAA368002B05D01149626885
:10ADF0000B68A34213D10A600F4B1A68A24201D11B
:10AE000000221A602800FDF751FA01F06DFA237B49
:10AE1000002B02D1201F01F095F8200070BD190011
:10AE20005B68A342FBD14A60E6E7C0466C9A01101A
:0CAE3000081E0020041E0020301E002020
:10AE3C0010B50400FFF7C6FF2000102101F066F8E2
:04AE4C00200010BD15
:10AE5000F7B51A4E019030000D00FDF727FA01F00A
:10AE600027FA174B1C68002C16D0A768002F11D0AA
:10AE7000380008F007FEA8420CD12A0038000199DA
:10AE800008F054F8002805D13000FDF70FFA01F062
:10AE90002BFA11E06468E6E7072DF5D12A00019945
:10AEA000084808F043F80028EED13000FDF7FEF91D
:10AEB00001F01AFA044B1C682000FEBD081E002099
:0CAEC000041E0020649A0110301E0020C7
:04AECC0000207047AB
:10AED000036870B5012200211B6904009847051E14
:10AEE0000DDB2368022200211B6920009847060021
:10AEF00023682900002220001B699847350028009C
:02AF000070BD22
:10AF040070B50E000025040010490560456030004E
:10AF140008F02EFE29003018206023681A782F2AA2
:10AF240008D10133236000290AD12A22084909489B
:10AF340000F056FA002AF6D0013301312360ECE721
:10AF4400FFF784FF6060200070BDC046CC9A0110FA
:08AF5400E89A0110F59A0110C2
:04AF5C0000687047D2
:10AF6000436810B5181E05D0FFF70AFF01384342A9
:06AF70005841C0B210BD03
:10AF760010B50400FFF7F1FF0023984203D0636881
:0AAF8600002B00D0043B180010BDA2
:10AF9000436810B5181E04D0FFF7F2FE4342584133
:04AFA000C0B210BD6E
:10AFA40010B50400FFF7F2FF0023984203D0636852
:0AAFB400002B00D0043B180010BD74
:0AAFBE004068431E9841C0B270477E
:06AFC800582040427047D2
:06AFCE00582040427047CC
:06AFD400582040427047C6
:04AFDA00002070479C
:10AFDE00F8B50E00036804001B6D8D1898473300FA
:10AFEE0022689D4207D019785F1C2000936C984709
:10AFFE00431C06D13D00236820005B6D9847A81BBB
:06B00E00F8BD3B00ECE779
:10B01400F8B50E00036804001B6D8F1835009847BF
:10B024002368AF4207D0DB6C20009847431C02D052
:10B0340028700135F4E7236820005B6D9847A81B4E
:02B04400F8BD55
:04B04600002070472F
:04B04A00002070472B
:02B04E00704749
:10B0500013B504000F4B002208C0FFF793FE0E4B00
:10B0600020001A0068336360002308320B49226015
:10B07000636100F0C5FF6061002806D10300020093
:10B0800000900749074800F0E1FB00F0F6FC2000C3
:10B0900016BDC046849A0110A49B01102C9B011080
:08B0A0002F9B01101901018032
:10B0A800094B10B51A000400083268330260436087
:10B0B800406906F021FB054B201D2360044B6360AB
:10B0C800FFF782FE200010BDA49B01104C9B0110CD
:04B0D8009C9B01102C
:10B0DC0030B5002585B01A4CAB002900E258194850
:10B0EC00013500F025FA0D2DF5D1A36C164802930D
:10B0FC00636C0193236C0093E36BA26B616B00F0A8
:10B10C0017FA124B1248196800F012FAE36C1B077D
:10B11C0012D5104800F00CFA236D0F48DB0700D451
:10B12C000E4800F005FAE36C0D485B0700D40D489F
:10B13C0000F0FEF905B030BD0B4800F0F9F9EFE76F
:10B14C0034AC0020149C0110229C011000ED00E096
:10B15C00719C01107F9C01108E9C01109B9C011016
:0CB16C00BE9C0110CA9C0110AE9C01109A
:10B17800F7B51B4F05000E003800012100F046F915
:10B188000024A04216D1174800F0D4F9302D18D069
:10B19800402D1BD0202D1ED1134800F0CBF9134CA5
:10B1A800134800F0C7F9FFF795FF124800F0C2F9FD
:10B1B80000233B700023320020000F49009300F069
:10B1C80041FB0E4800F0B6F90D4CE9E70D4800F0D8
:10B1D800B1F90D4CE4E70D4800F0ACF90C4CDFE791
:10B1E80088AC0020D69C0110FF9C01103E01FF8016
:10B1F8002C9D0110379D0110569D01100E9D0110C8
:10B208003F01FF80179D01104001FF80229D011022
:04B218003D01FF8075
:10B21C00F7B50C007746160000F084FB0194002C67
:10B22C0003D02300083B1B6801930025AE420FD0CE
:10B23C00300007F061FB051E0AD0019AB24200D91A
:10B24C0032002100280007F091FE200007F05EFB81
:10B25C003B0032002100280000F020FB00F072FBC4
:04B26C002800FEBDFB
:10B27000F7B516007746019100F05AFB019D754322
:10B28000280007F03FFB041E03D02A00002107F02E
:10B2900005FF3B0032000199200000F01DFB00F08B
:06B2A00057FB2000FEBD7B
:10B2A800F7B50D000192060000F03EFB204F380074
:10B2B800FCF7F8FF00F0F8FF2B001E4C093332D8DA
:10B2C80029003000083107F02DFB00282BD006009C
:10B2D800A268194B521905604360A260226923686D
:10B2E800013222616268EB1808362360934200D964
:10B2F800636004380368002B00DAC0180122036871
:10B308009343A269521B9B18A3613800FCF7CAFF3C
:10B3180000F0E6FF29003000019A00F0ADFA00F0D5
:10B3280013FB3000FEBD6369002601336361ECE75F
:0CB33800D41C0020641C0020EFBEADDE21
:0AB3440010B57246FFF7AEFF10BD12
:10B35000F7B50C000500160000F0EAFA1B4F3800A4
:10B36000FCF7A4FF00F0A4FF002C21D02100083935
:10B37000174B4A689A4227D123000C3B18680A6889
:10B38000002800DA1B1818680123984300234B603B
:10B39000104B01901868801A1860186901381861FC
:10B3A000986912180198121A9A61280006F02AFD6D
:10B3B0003800FCF77BFF00F097FF3100200000F021
:10B3C000A3FA00F0C5FAF7BD2100EEE7D41C002077
:08B3D000EFBEADDE641C00209D
:0AB3D80010B57246FFF7B8FF10BD74
:10B3E40007B50B00009201000022014800F02CFA7E
:04B3F4004401FF8091
:10B3F80070B5050000F0B8F82C780123E4B2601E9F
:0CB4080084412B7000F0C6F8E0B270BD6B
:10B4140070B504000E0000F0A9F825782670EDB28E
:08B4240000F0BAF8280070BD29
:10B42C0070B505000E0000F09DF82C68A4192C6076
:08B43C0000F0AEF8200070BD25
:10B4440070B505000E0000F091F82C68A41B2C6068
:08B4540000F0A2F8200070BD19
:10B45C0037B500F087F8192101A8FFF73EFA01254E
:10B46C000424290001A804F07BFE104800F098FE8B
:10B47C00002101A804F074FE013C0C4800F090FE81
:10B48C00002CEED10434290001A804F069FE084810
:10B49C0000F086FE002101A804F062FE013C044885
:10B4AC0000F07EFE002CEED1DAE7C046F049020037
:04B4BC00801A0600EC
:10B4C00037B5002201000400022000F083FB0D25A7
:10B4D00000F04EF800222378002B02D100F05EF835
:10B4E00037BD0A2B08D10D2A06D06B460122D91D83
:10B4F00002200D7000F06EFB01222100022000F0FE
:08B5000069FB22780134E6E743
:10B5080010B5A2B002000B0001A884210BF0EEF9DF
:10B518000400832805D9832005220549684407F0DB
:10B5280027FD002C02DD01A8FFF7C6FF22B010BDE1
:04B53800669D0110FB
:10B53C000FB407B504A901C90191FFF7DFFF03B0F0
:06B54C0008BC04B0184722
:0AB55200EFF31083012098437047C7
:0CB55C00EFF30580431E9841C0B2704719
:08B5680010B5FFF78BF910BDCF
:10B5700010B5FFF759F9064A1368591C04D13F2248
:10B5800004490548FFF72EFF0133136010BDC04684
:0CB5900020270020859D0110959D0110D2
:10B59C00054A10B51368002B05D0013B1360002B36
:0CB5AC0001D1FFF74DF910BD2027002051
:10B5B80010B50C48FFF71CFF002805D0FFF7D4FF93
:10B5C800BFF34F8F20BFFDE7FFF7C4FF002801D06E
:10B5D800FFF740FFFFF7B9FF0028F9D0012000F07E
:08B5E80043FAC046DE2B0020EF
:10B5F000F0B54A4C0E0021689BB04B000700059245
:10B600009B0F8DB2032B00D14D420B1444482A00EE
:10B61000DBB2FFF793FF28003238FF3813280FD82A
:10B62000F4F722FF0A6366696C726F750E0E0E0ED8
:10B630000E0E0E0E0E0E0E78A1683A48FFF77EFF32
:10B640003800FFF73DFF61683748FFF777FF002EAE
:10B6500009D03648FFF734FF3000FFF731FF059976
:10B660003348FFF76BFFA1683248FFF767FF236895
:10B67000314A9A18012A06D9304A934203D0304AF7
:10B680000020934207D10020A368834203D0DB6CE3
:10B690000130DB089843E3682A49002B03D059683E
:10B6A000002900D12749284A002800D1274AE0690B
:10B6B00006AD0390A0690290606901902069009036
:10B6C0002348FFF73BFF280000F048FDEB68069A8F
:10B6D00001932B7A1F4800936B682168FFF72EFFB8
:10B6E0001D48FFF72BFF1BB0F0BDA1681B48A5E765
:10B6F000A1681B48A2E7A1681A489FE7A1681A48F9
:10B700009CE7A168194899E7A168194896E7A168DC
:10B71000184893E71848FFF711FF91E72829002000
:10B72000DB9D01102C9E0110D49E0110E59E01109E
:10B73000ED9E0110F19E0110C2FE007F4001FF80CE
:10B740003D01FF80C69D0110D09D0110F19F0110A9
:10B75000059F01105E9F0110D89F0110429E0110AD
:10B76000529E0110619E0110749E0110889E01106E
:0CB770009C9E0110AB9E0110C19E0110B8
:02B77C00704714
:10B78000F0B505000E0017008FB0002800DB224D39
:10B790003022002102A807F081FC204B01ACEB18FD
:10B7A0000195A660012B05D91D4B9D4202D01D4B72
:10B7B0009D422AD1F36B6360736BE3611A4B5B6943
:10B7C000DA6BE36022615A6B1B6B6261A361FFF766
:10B7D000CFFE164A136801331360012B04D13422C3
:10B7E0002100134807F0C8FB124D34222100280025
:10B7F00007F0C2FB104B28001B68002B08D09847AD
:10B80000FFF7CCFE00200FB0F0BD6760E461D5E724
:10B81000FFF7B4FFF4E7C0460101FF80C2FE007FDE
:10B820004001FF803D01FF80A80500205427002033
:0CB830005C270020282900205827002059
:04B83C000020704731
:0CB84000014B1878C0B2704788AC0020A3
:10B84C00F7B5050001910A480121774616001C0046
:10B85C00FFF7DAFD002809D13A0031002800FFF784
:10B86C0089FF2100089A0198FFF7BCFEFFF79EFEA6
:04B87C0088AC002074
:10B880000B00074970B50D680400002D06D005496E
:10B890000978012902D801000020A847200070BDC6
:08B8A000801C0020DA2B0020BF
:10B8A80037B5040010001A00074B1D68002D08D09A
:10B8B800064B1B78012B04D80B00009021000120B7
:10B8C800A84720003EBDC046801C0020DA2B00207F
:10B8D80037B5040010001A00074B1D68002D08D06A
:10B8E800064B1B78012B04D80B0000902100022086
:10B8F800A84720003EBDC046801C0020DA2B00204F
:10B908000A00074910B50C680300002C06D0054949
:10B918000978012902D800210320A04710BDC0469C
:08B92800801C0020DA2B002036
:10B9300010B50548FCF7BAFC00F0BAFC034A1378CE
:10B940000133137010BDC046841C0020DA2B002088
:10B9500010B5054A05481378013B1370FCF7A6FCA7
:10B9600000F0C2FC10BDC046DA2B0020841C002071
:02B9700070471E
:02B9720070471C
:06B974001D204042704757
:06B97A0016204042704758
:04B9800001207047EB
:04B9840000207047E8
:02B98800704706
:10B98C00044B10B51868002803D001214942FBF77D
:08B99C00E9FB10BD282C00207E
:10B9A400034B10B51868002801D0FBF7F5FB10BD58
:04B9B400282C00201B
:10B9B80070B515000C008E18B44205D021780348E4
:10B9C80005F082FD0134F7E7280070BD8CAC00203B
:10B9D80070B500248DB2CB0705D5084805F07CFD6D
:10B9E800441EA04104B21026354205D0034805F094
:10B9F80079FD002800D03443200070BD8CAC0020B5
:10BA0800002010B50C00824204D0034805F054FD14
:0CBA18002070012010BDC0468CAC002046
:10BA2400094B70B508330360084B04001B6815000C
:10BA3400002B07D1064E3000FFF78CF929003000A7
:10BA440005F0A1FC200070BD08A10110402B0020CE
:04BA54008CAC002096
:04BA58000020704713
:04BA5C00002070470F
:0CBA600010B5002801D0FFF7F9FCFEE74C
:04BA6C0001207047FE
:06BA700010B5FFF7F5FF21
:04BA760001207047F4
:0ABA7A0010B5002107F099FC10BD83
:08BA840010B5FCF7DDFA10BD5E
:08BA8C0010B5FCF7E3FA10BD50
:10BA940070B50400037803252B40012B07D0FFF772
:10BAA40073FF22781540012D03D1FFF779FF0020A1
:10BAB4000BE0002D05D0D42204490548D200FFF73D
:10BAC4008FFC022313432370012070BD0CA00110CE
:04BAD4001EA001109F
:10BAD80010B50378032219001140022904D0064A40
:10BAE80006490748FFF77AFC934301221343037082
:10BAF800FFF754FF10BDC046A90600000CA00110B6
:04BB08003CA001104C
:10BB0C00F8B5040000203F2C19DC174EA500A859ED
:10BB1C00431C14D1022C12DC2000FFF799FF0028E3
:10BB2C000CD12000FFF792FF002807D10F4F3B7874
:10BB3C00BFF35B8F0E4CDB0702D520007051F8BDB4
:10BB4C003800FFF7A1FF0028F7D0E1220949520283
:10BB5C002000FFF761FF3800FFF7B8FF2000064A0E
:10BB6C000649FFF77DFFE8E7540600205C1C002027
:10BB7C00AC25002058A101105803002089B90010F1
:10BB8C0070B50400FFF7BCFFA30000240B4A9C50C7
:10BB9C00A04206D105F03CFD092303600120404280
:10BBAC0070BD03685B69984705002000002DF7DA2B
:10BBBC0005F02EFD6D420560F0E7C04654060020EE
:08BBCC0010B5FFF7DDFF10BD0D
:10BBD40070B50C001500FFF797FF002807D105F09A
:10BBE4001BFD0923036001246442200070BD036827
:10BBF40021002A00DB689847041EF6DA05F00CFDE4
:06BC040064420460EFE75A
:10BC0A0070B50C001500FFF77CFF002807D105F07E
:10BC1A0000FD0923036001246442200070BD03680B
:10BC2A0021002A009B689847041EF6DA05F0F1FC09
:06BC3A0064420460EFE724
:10BC400010B5FFF763FF041E05D105F0E7FC0923DB
:10BC50000360200010BD0368DB699847041EF8DA12
:0CBC600005F0DCFC644204600024F2E704
:10BC6C0030B585B0019009200C004023042202ADB0
:10BC7C0001A968442B7007F079F92100280005F020
:10BC8C005DFF041E07D00198FFF7D4FF002802D0F7
:0CBC9C002000FFF7ECFE200005B030BDDA
:10BCA800F0B585B006000F000292FFF753FC051EA1
:10BCB80006D0002332002C492C480093FFF7C2FD20
:10BCC800FFF743FC0028F4D0029B002B08DA05F0AC
:10BCD800A1FC1623036001246442200005B0F0BDD6
:10BCE8003000FFF7A9FF041E2AD02C00204B9B5DD3
:10BCF8000393029BAB4223DD7B5D0A2B1CD1039B84
:10BD08000D2B19D0AC420CDA30002A1B3919FFF779
:10BD18005DFF0028DFDB2418A542DEDC144B039A04
:10BD28009A55012230001349FFF750FF0028D2DB53
:10BD3800D3D00D220E4B9A557B5D01350393D8E77E
:10BD4800029BA342C9DD30001A1B3919FFF73EFFD9
:10BD58000028C0DB2418002CBFD03F19013F3A78D7
:10BD6800034B9A55B9E7C04673A001102F01018013
:08BD78009A2B0020ADA0011080
:08BD800010B5FFF75DFF10BDD7
:10BD88007FB504000D001600FFF7E4FB002806D07D
:10BD9800002322001E491F480093FFF753FDFFF7B9
:10BDA800D4FB0028F4D0002E06DA05F033FC162365
:10BDB80003600120404219E02000FFF73DFF002802
:10BDC8001FD00F266E44012231002000FFF719FF13
:10BDD8000028EEDB0AD033780F4A0D2B08D1115D0D
:10BDE8000A290AD013550A2301202B7004B070BD0C
:10BDF8000A2B04D1115D0D29F4D11355E1E7135530
:10BE0800F2E7320029002000FFF7FBFEEEE7C0460C
:0CBE1800AFA001102F0101805A2B002068
:10BE240070B50C001500FFF76FFE002807D105F070
:10BE3400F3FB0923036001246442200070BD0368FE
:10BE440021002A001B699847041EF6DA05F0E4FB7A
:06BE540064420460EFE708
:08BE5A0010B5FFF7E2FF10BD77
:10BE640070B50D00FFF750FE041E06D105F0D4FB9B
:10BE7400092303600120404270BD0368DB699847D1
:10BE8400431E9841802243420548120203409B18F6
:10BE94006B60236820009B6A984728610020EBE7C9
:04BEA40000A0FFFFFC
:08BEA80010B5FFF7DBFF10BD30
:10BEB00013B50400074B724621001868FFF7F4F928
:10BEC000002806D103000090220003490348FFF731
:10BED000BDFC16BDC0070020EBA001101F010180B2
:08BEE00010B5FFF7E5FF10BDEE
:10BEE80010B5034B010072461868FFF7D9F910BD69
:04BEF800C00700205F
:08BEFC0010B5FFF7F3FF10BDC4
:10BF040010B5034B010072461868FFF71FFA10BD05
:04BF1400C007002042
:10BF180010B5034B010072461868FFF715FA10BDFB
:04BF2800C00700202E
:0EBF2C0010B504000421FFF7F1FF200010BD46
:08BF3A0010B5FFF7E2FF10BD96
:10BF440070B50C4D04002800FCF7AEF900F0AEF912
:10BF540000231900084A1068A04200D1116001337F
:10BF64000432402BF7D12800FCF79EF900F0BAF90F
:0CBF740070BDC046AC1C0020540600202C
:10BF800070B50324114D2800FCF790F900F090F9EA
:10BF90000F4BA200995800290ED00134402CF8D143
:10BFA00005F03CFB182303602800FCF77FF900F044
:10BFB0009BF9413C200070BD012128004942D1502D
:10BFC000FCF774F900F090F9F4E7C046AC1C0020CF
:04BFD00054060020F3
:10BFD40010B50400FFF7D2FF002807DB044A8300F2
:10BFE4009C500023034A1354034A135410BDC04603
:0CBFF400540600205A2B00209A2B00203D
:10C00000F8B506000F000025FFF7E4FF0400A84282
:10C010000ADB3900FFF72AFE051E05D1064BA400F6
:10C02000E258964202D1E0502800F8BD05F0F6FA39
:0CC0300009230360F8E7C0465406002016
:10C03C000EB4F0B586B00500FFF79CFF041E13DBB1
:10C04C000023290004A80393FEF756FF04A8FEF76B
:10C05C00B0FFA600051E1D4F0CD105F0D9FA132315
:10C06C000360BD5101246442200006B0F0BC08BC42
:10C07C0003B0184704A8FEF785FF0300009004A83E
:10C08C00002B0AD0FEF788FF0390039B104ABB518C
:10C09C00002313550F4A1355E6E7FEF766FF051EFE
:10C0AC00DBD0036804A89B680193FEF751FF0B9B40
:10C0BC00020003A92800019DA847051EE5D005F044
:10C0CC00A7FA009B6D420560BB51CBE754060020DC
:08C0DC005A2B00209A2B0020D2
:10C0E40073B50E0018490500F6F72AFE041E03D1A5
:10C0F400FFF70AFD200076BD28001449F6F720FE5C
:10C10400002804D10130FFF7FFFC0124F2E72800E6
:10C114000F49F6F715FE002804D10230FFF7F4FCAE
:10C124000224E7E72B78402B06D10422691C01A8DE
:10C1340006F020FF019CDDE7064928003140FFF7A7
:10C144007BFF0400D6E7C04678A101107FA101104F
:08C1540070A10110FFFFFEFFC6
:10C15C0010B5041E04D190220C490D48FFF73CF990
:10C16C004C220021043006F093FF0A4B23608023FD
:10C17C009B05236180235B052363074B1B6863606E
:10C18C0002232372054BE36010BDC046A1A1011030
:10C19C00AEA1011004F1000000ED00E058600100B8
:10C1AC0070B50500FEF7C2FD0400FEF7A6FD060003
:0EC1BC002000FEF7A2FD801BA842F9D370BD43
:10C1CC001FB500230193031D02931023040068463E
:10C1DC0000910393FAF7E2F82060002804D135228D
:10C1EC0002490348FFF7F8F81FBDC046D2A1011061
:04C1FC00E1A10110AC
:10C2000010B504000249FFF7E1FF200010BDC04651
:04C21000E5A1011093
:0AC2140010B50068FAF7DCF810BD61
:0EC21E0010B504000068FAF726F9200010BDE4
:10C22C0010B502AC2478002C01D1023422430068F2
:06C23C00FAF7F4F810BD52
:0EC2420007B5009313000022FFF7EFFF0EBDBB
:08C2500010B5FFF7F6FF10BD69
:10C258001FB5002304000362994200D10B49231D36
:10C2680002931C2368460393113B00910193FAF74C
:10C2780065FF2060002808D1FFF7DEFA002804D106
:10C288003D2203490348FFF7A9F81FBD05A2011085
:08C2980035A201103FA20110C4
:0EC2A00010B504000021FFF7D7FF200010BDED
:10C2B00037B50121040049420068FAF759FF051E0D
:10C2C00003D1236A0133236237BDFFF7B9FA031E96
:10C2D000FAD12A00024903480093FFF7B7FAC04693
:08C2E00063A2011015010280A8
:10C2E800036A13B5013B03620068FAF753FF041EA3
:10C2F80009D0FFF7A1FA031E05D1009022000249D8
:10C308000248FFF79FFA13BD75A2011017010280BA
:0EC3180010B504000068FAF753FF200010BDB6
:10C328007FB504000E00150000210822684606F0BB
:10C33800B1FE231D029310236A463100280003939F
:10C34800FBF75AF82060002804D137220249034835
:10C35800FFF744F87FBDC0469FA20110ADA20110AF
:10C3680010B50400024AFFF7DBFF200010BDC046ED
:04C37800FFFF0000C3
:10C37C0013B500680C00FBF753F8021E0ED0002317
:10C38C00C11C07D19C420BD00093064900230648E0
:10C39C00FFF756FA1800911CF6D116BD0120FCE7E8
:0CC3AC002000FAE7BCA20110140102807E
:0AC3B80010B50068FBF75CF810BD3B
:0EC3C20010B504000068FBF78AF8200010BDDB
:10C3D00010B5002808D0F9F79FFE002804D0E3220A
:10C3E00002490348FEF7FEFF10BDC046EBA2011054
:04C3F0007FA3011016
:10C3F400F7B501930723089D04000F002E00009257
:10C404001D4201D09E43083620004422002178308A
:10C4140006F042FE6A426A412300002120003C33B8
:10C4240061611C301A705970202206F035FE009BA1
:10C434002363019BED180723AD1B9D43099BE56214
:10C44400002B01D1034B0993099BA6626763A36187
:08C45400F7BDC0468EA30110E4
:10C45C0013B5049C0093019413000A000021FFF70C
:04C46C00C3FF13BD3A
:10C4700070B50500040054352800FFF719FF2000AF
:10C4800040306669FFF798FF002363613D342378ED
:10C49000002B05D000242800FFF726FF200070BDE8
:10C4A00001232370002EF5D03000FBF79DFC040023
:02C4B000F1E7B2
:10C4B40010B504000E4B08330360FFF7D7FF2300C9
:10C4C4003C331B78002B06D0A06A002801D0FFF76C
:10C4D40032FD0023A36220005430FFF71BFF20002D
:10C4E4004030FFF76CFF201DF7F78FFC200010BDD4
:04C4F400ACA30110E4
:10C4F80010B50400FFF7DAFF2000BC21FFF708FDA4
:04C50800200010BD42
:10C50C0070B505000400543528000E00FFF7CAFE74
:10C51C006369002B04D123003D331B78002B05D01D
:10C52C002800FFF7DBFE0420404270BDA36A002BFD
:10C53C000AD000232449E26A92089A4218D9A06AC8
:10C54C009A0011500133F6E7E06A204B98420CD860
:10C55C00032398431E49FFF7CBFCA0620028E8D1C7
:10C56C002800FFF7BBFE0520DEE701204042F1E783
:10C57C00442363622300783331002362201DF9F7D2
:10C58C001FF92200210013481832FBF7FDFB6061F4
:10C59C00002814D123003C331B78002B06D0A06A52
:10C5AC00002801D0FFF7C3FC0023A3622800FFF78B
:10C5BC0095FE20004030FFF7F9FE0320B4E7280079
:10C5CC00FFF78CFE0020B0E7A52E5AE2FBFFFF7FA1
:08C5DC008CB30110E5C500104D
:10C5E40010B504000430FBF755FE20005430FFF76B
:10C5F4005DFE002363612300012220003D331A7095
:08C604004030FFF7D7FE10BD26
:04C60C000020704753
:04C61000002070474F
:06C6140001200021704727
:06C61A00C1698069704750
:08C6200000487047BCA30110A3
:10C62800F0B5431C87B00593DB7F0500002B00D1D4
:10C6380043622E00243601213000FEF7F3FE00236A
:10C648000490019301280AD12F1D3800FBF7D8FE6A
:10C658000190002806D030000499FEF7EFFE0198FB
:10C6680007B0F0BD29696A69AB69EC695B18544188
:10C67800380002930394FBF7BBFE04003800FBF775
:10C68800B3FE039B2418002B02D1029BA34206D9B8
:10C6980001213000FEF7D2FE194B0193DFE72B6929
:10C6A800380002936C69FBF79FFE019BA34202D1FD
:10C6B800029B9842ECD82C696B691C4304D1380062
:10C6C800FBF792FE6C612861AC69EB691C4312D1DF
:10C6D8003800FBF78DFE06003800FBF785FE2700C3
:10C6E8003200230006002869696992197B41121AF1
:10C6F8008B41AA61EB610123059AD377AFE7C04666
:04C708005FF0FFFFE0
:10C70C00F0B50669476985B00400043000920193C6
:10C71C00FBF768FE009A019B05000A980B9912180A
:10C72C004B4102920393236820009B6B9847039B19
:10C73C008B4203D805D1029B834202D9002005B05D
:10C74C00F0BD009A019BB6185F412A000023B61A6F
:10C75C009F4123682000196B009A019B88470200B7
:10C76C000B0030003900F4F7B1F81A43E6D10A9AFD
:10C77C000B9B02980399B6185F4101225242D317C2
:10C78C00801859410B0021680200096B2000884772
:10C79C0002000B0030003900F4F798F81A435042AD
:06C7AC005041C0B2CBE7D2
:10C7B400F0B585B01F000391431CDB7F1600040015
:10C7C4000A9D0B9A002B02D10B4805B0F0BD0368FB
:10C7D40001920095D96B32003B0088470028F3D0C2
:10C7E4002269636992197B4111002B000A00201D04
:0CC7F4000399FBF743FEE8E75FF0FFFF4E
:10C80000F0B585B01F000391431CDB7F16000400C8
:10C810000A9D0B9A002B02D10B4805B0F0BD0368AE
:10C8200001920095196C32003B0088470028F3D034
:10C830002269636992197B4111002B000A00201DB7
:0CC840000399FBF739FEE8E75FF0FFFF0B
:10C84C00F7B51F00431CDB7F16000400089D099AF6
:10C85C00002B01D10A48FEBD036801920095596C6A
:10C86C0032003B0088470028F4D022696369B6186F
:10C87C005F41201D2A003100FBF7A2FEEBE7C0460A
:04C88C005FF0FFFF5B
:10C89000421C0300002010B5D27F824202D0181D36
:08C8A000FBF79EFD002110BD15
:10C8A80010B5431CDB7F002B03D00430FBF7A4FD3D
:08C8B80010BD01204042FBE726
:10C8C00070B51D00036814009B6A060098470200BB
:10C8D0000B0020002900F3F7FFFF1A4301D00020CE
:10C8E00070BD336830009B6A984702000B000498C3
:10C8F0000599F3F7F1FF1A43F1D1049A059BA418A7
:10C900005D41336830009B6B984701238D4202D80C
:0CC9100002D1844200D90023D8B2E1E734
:10C91C0070B5451C0400E87F002801D1606270BD31
:10C92C00200001212430FEF787FD03000020834204
:0CC93C00F5D1E877201DFBF781FDF0E746
:10C9480010B50400034B08330360FFF7E3FF200032
:08C9580010BDC04638A4011017
:10C9600010B50400FFF7F0FF20002821FFF7D4FAEC
:04C97000200010BDD6
:10C97400421C0300002010B5D27F824203D0196903
:0AC98400181DFBF72FFD002110BD68
:10C98E0003001100421C002010B5D27F824204D059
:0EC99E001A69181D5118FBF720FD002110BD6D
:10C9AC0070B51D00036814005B6A0600984702000E
:10C9BC000B0020002900F3F789FF1A4301D0002057
:10C9CC0070BD336830005B6A984702000B00049816
:10C9DC000599F3F77BFF1A43F1D1049A059BA41830
:10C9EC005D41336830009B6B984701238D4202D820
:0CC9FC0002D1844200D90023D8B2E1E748
:10CA08000C4B13B5083303600023441C4360836058
:10CA1800016143618261C361E3774362013101D0FF
:10CA28009A4206D10093002303491A000348FEF7EF
:10CA380009FF16BD38A40110C5A301100101FF802C
:10CA480010B50400044B0360044B04300360FEF788
:10CA5800BBF9200010BDC04694A40110C0A4011069
:10CA680008B4024B9C46043808BC604749CA001009
:10CA780010B50400FFF7E4FF20001421FFF748FA7F
:10CA8800200010BD08B4024B9C46043808BC60471F
:04CA980079CA001047
:10CA9C000368C26A1B6A10B50400981A4018190082
:10CAAC00F3F76CFD236B8B420AD9E36B4A099200B6
:10CABC009B181F2211401E3A8A4019680A431A60BB
:04CACC00002010BD79
:10CAD00003001A680120013203D058680130434234
:04CAE0005841704702
:10CAE40010B50A68046803000020944208D05B680B
:10CAF40049688B4204D08C4202D0D01A431E98411C
:02CB040010BD62
:10CB0600030040799A790430DB798018C0187047A1
:10CB1600036810B59B6A0400002B02D1C06905F0BA
:10CB2600F8FE2368DB6A002B02D1A06A05F0F1FE4D
:10CB360023681B6B002B02D1E06B05F0EAFE10BDEB
:10CB4800F0B589B00393036805921B6A039A0D0038
:10CB58000E9C109F0790934229D8122237493848D3
:10CB6800FEF73CFC079B1E68059B002B23D01B6827
:10CB78000493049A039B93421DD1059B5968A142D3
:10CB880019D8B369CB189C4215D21E1BBE4200D9D6
:10CB98003E00059B611A9B680493591832000F9850
:10CBA80006F0E6F90F9BA4199B190F93BF1B002FE2
:10CBB800D8D1380040E073692A680493039B9342F4
:10CBC8000DD169688C420AD3049BCB189C4206D2CB
:10CBD8001E1BBE4200D93E00AB68611ADDE720008B
:10CBE8000499F3F7CDFC73680693002917D1049BC9
:10CBF8009F4214D319003800F3F7C2FC7F1A3000A3
:10CC0800049122000F9B0399069E0097B0470028C5
:10CC180012D10F9BE419DB190F93049FC7E7039BFD
:10CC2800621A2B60049B300000930399AB68069E40
:10CC38006A60B0470028BAD009B0F0BDF7A4011067
:04CC4800FDA4011036
:10CC4C0030B50C00010085B0089D019300922300C3
:0ECC5C00002214310295FFF771FF05B030BDC4
:10CC6A0010B50C008269FF21A06806F012FA0123B0
:06CC7A005B42236010BDC7
:10CC8000F8B58B6A04000D000160002B15D0C3615C
:10CC9000EB6A002B1DD0A362210028002031FFF792
:10CCA000E4FF012325685B426361686AC30617D00D
:10CCB0002D4A2E492E48FEF795FB486905F022FEC5
:10CCC000E0610028E4D12000FFF725FF0C2040425E
:10CCD00048E0A86905F016FEA0620028DCD1F2E762
:10CCE000002803D1234A21492348E4E72B6B002B7A
:10CCF0000BD0E363AF6969693800F3F745FC00299D
:10CD00000AD01E4A19491E48D5E7C00805F0FAFDA9
:10CD1000E0630028EED1D6E7EE6939003000F3F782
:10CD200033FC0D1E03D0174A10491748C3E73100E2
:10CD3000012008394042F3F7A1FB0138F3F76AFDFF
:10CD400020231B1A9B009E4203D2104A0749104819
:10CD5000B1E7012328005B426360A360E5602561C1
:10CD60000234E587F8BDC04612080000F7A40110A0
:10CD70001BA501101308000039A501101E080000B2
:10CD800051A501101F08000080A501102208000015
:04CD9000B0A5011039
:10CD9400F8B5C7690D68083F0E000020BD4215D3E1
:10CDA40039002800F3F768FB0138F3F7DDFD0230A2
:10CDB40080003900281AF3F75FFB0400F3F7D4FD71
:0ECDC40067438000281AC01B30602000F8BDB5
:10CDD200F0B58DB01D00129B0691013B060009A91A
:10CDE200006807920993FFF7D4FF04002900149802
:10CDF200139B9847002813D1002C11D0012702233E
:10CE02002740DB1B05939B0002930AAB0193009022
:10CE12002B003000079A0699FFF795FE002809D0EB
:10CE22000DB0F0BD139B0A99149898470300012096
:10CE3200002B09D1059B013B8342F3DC9B000AAA2C
:0CCE4200D558BB1EE418D1E71800E9E742
:10CE5000F0B58BB006000691181E079207D101238A
:10CE6000119A5B421360129B18600BB0F0BD013841
:10CE7000099009A93068FFF78DFF10A905003068F7
:10CE8000FFF788FF0590059B079FAB4206D3119BD8
:10CE9000109A1F60129B00201A60E6E7059BE81AB3
:10CEA000F3F7B8FC04002800F3F7D2FC20231C1B86
:10CEB000013C844200D904000423029307AB019390
:10CEC000A300009300223B0030000699FFF73CFED0
:10CED000079B0028C9D1012B03D93268126A9342FB
:10CEE00005D98F2204490548D200FEF77BFA0123B9
:10CEF000A340ED1AC7E7C046F7A40110FCA5011036
:10CF0000F0B514000200050001268BB01432E318BE
:10CF1000079105920693069BA34202D100200BB015
:10CF2000F0BD172704ABFF18009400222800079BD0
:10CF3000059902960197FFF707FE01340028EED10C
:0CCF400032003900109802F06FFAE4E7AC
:10CF4C00F0B513688FB0089353680600099300235B
:10CF5C000D00102703930593039B08AA9B009B5875
:10CF6C000AAC049300222300300004990097FFF7C9
:10CF7C0067FE00280FD00300343307D1039B012B2D
:10CF8C0006D10020059B834200D134380FB0F0BD90
:10CF9C0001230393E0E7059B002B03D02368EA6988
:10CFAC009B1AEBD463685B005A08262BE6D93368CE
:10CFBC00DB699A42E2D801233A005B42210007A8C0
:10CFCC00079302F02BFA636807AA5B005B080092D8
:10CFDC0030003A000499103BFFF78CFF0028CAD1AF
:10CFEC00079B002BCAD10122049B08A96B60039BF1
:10CFFC009446013313409B005B58EF60AB602B00F1
:10D00C001C3307CC07C32168196063460593B5E749
:10D01C00F7B507000C001600E268216A10004B00FF
:10D02C005B080C30043B984216D80C213800009158
:10D03C00331D6168FFF704FE051E12D1E76830004E
:10D04C003760FFF75AFD3F18E7603000FFF755FDDA
:10D05C00A3691818A06104E0002904DB02253260E2
:10D06C006D422800FEBD2200210038002432FFF75B
:10D07C0067FF051EF5D11023E360A3691433A36188
:02D08C00CAE7F1
:10D08E00F0B5050093B004300E000024FFF719FD33
:10D09E00A04209D10123280001AA07A901940293F5
:10D0AE00FFF74DFF041E0ED0200013B0F0BD3B79EC
:10D0BE007F2B14D80822310005A805F030FF002878
:10D0CE000DD10124F0E710A8FFF7FBFC0028EBD1EF
:10D0DE00280010AA07A9FFF732FF002809D103AFD5
:10D0EE003A00280007A9FFF792FF0028DFD0831C23
:06D0FE00E9D00400D8E7B0
:10D10400F7B51D000023060014005362013301919A
:10D114009362270024373800FFF7D8FC002801D099
:10D1240000200FE03A0021003000FFF70DFF002837
:10D1340008D12A0021003000FFF76EFF002802D03A
:10D14400831CE6D0FEBD70222B791340202BF0D136
:10D15400280001990830FFF7C3FC0028E9D1012019
:02D16400F0E7F2
:10D16600F7B5050004300E001400FFF7AEFC0028EA
:10D1760001D00020FEBD01236A46009001932100E4
:10D186002800FFF7E0FE0028F4D1270024373800F6
:10D19600FFF79BFC0028ECD131003800FFF79FFC1D
:0CD1A600002801D03A00EAE70120E3E78E
:10D1B200F0B51D0016002C008BB0119B0690EB18E9
:10D1C20007910593059B9C4201D1012015E00123A3
:10D1D2001727029304ABFF18002233000799069821
:10D1E20001970094FFF7AFFC002806D1109B3A7814
:0ED1F2005B1B1B5D01349A42E4D00BB0F0BD14
:10D20000F7B50C0009680600170000254B1C0ED06E
:10D2100000686268836900938568A368A847051E53
:10D2200005D1002F05D121003068FFF71EFD280031
:10D23000FEBD336839009B6930000193A368226802
:10D2400000936368FFF7B5FF002803DBEBD13425BB
:08D250006D42ECE70500EAE77E
:10D25800F0B587B00293036805921B6A029A05002D
:10D268000F000C9C934233D89C2240494048FEF75B
:10D27800B5F83B68029A9A4230D17868A0422DD816
:10D288002A6896698619B44228D20E9B361B9E429C
:10D2980000D91E00BB68201A0D991818320005F035
:10D2A80067FE0D9BA4199B190D930E9B20009B1BD9
:10D2B80003932B689969F3F763F9002906D13900BC
:10D2C8002800059AFFF798FF002805D1039B0E93C5
:10D2D8000E9B002BCDD1180007B0F0BD013303D051
:10D2E800B72222492348C2E72E682000B3691900F3
:10D2F8000393F3F745F9002930D10E9B039A934223
:10D308002CD311001800F3F73BF90E9B30005B1A81
:10D3180000930493B36803919C46220066460D9BD4
:10D328000299B0470028D7D1059B002B06D1049A53
:10D338000D9B944663440D93A418C7E7049B2800EB
:10D3480001930D9B029A009305992300FFF72DFF87
:10D358000028C1DBEBD134204042BDE7029B611AB3
:10D368003B600E9B79600393B0E7C046F7A40110B9
:08D37800FDA4011027A601101D
:10D38000F0B50500140089B007931B68069102935D
:10D390004F4B5360436893608368D3604D4E02984F
:10D3A000310006F0E7FB029B31001F18380006F041
:10D3B000E7F90390012806D13B782E2B0DD1039B72
:10D3C000FB180293EAE7039B022B06D102223800E6
:10D3D000414905F0ABFD0028F1D0039BFB181E006E
:10D3E00002930123049330003A4906F0C3FB361838
:10D3F0003000384906F0C4F90590002815D00228FD
:10D400000DD102223000344905F090FD002806D1EC
:10D41000049B013B0493002B04D1B31CD1E7049B74
:10D4200001330493059BF618DDE73878002845D0D2
:10D43000079B1F602379222B47D126000836320034
:10D4400028000699FFF782FD002837D12200280026
:10D450000699FFF7E3FD002830D17F22237913409E
:10D46000112B01D0222BF1D1E379039A9342EDD114
:10D4700029002368627904339B18A27900979B18CE
:10D48000039A28000192069A14315268FFF791FE20
:10D49000002813DBDAD02B0041331B78002B00D09F
:10D4A0007CE723797F2B00D878E731002800FFF74D
:10D4B000EEFD002804D001DB0220404209B0F0BD9F
:10D4C0007F2223791340237168E71420F5E7C046D3
:0CD4D0002208000043A6011045A6011030
:10D4DC0070B5436886B04B60836802AE01928B6076
:10D4EC00320001AB05000C00FFF744FF002814D1FB
:10D4FC003379222B13D12100280004AAFFF720FD39
:10D50C0000280AD163682361A36863610E23A361B9
:10D51C000233E3602B6923602C6106B070BD1420CC
:04D52C004042FAE798
:10D53000020003691032002B03D08B4203D11B6819
:0CD540001360002070471A001B68F4E71D
:10D54C00F0B5140084220D0007000021200087B0E4
:10D55C00520005F09DFDAB690E2B0CD1200014334D
:10D56C0025492370083006F0FDF80120AB69013322
:10D57C00AB6107B0F0BD0F2B05D1200013331F4951
:10D58C0023700830EFE702AE320029003800FFF7B5
:10D59C003FFD002803D0831CEBD10020E9E77F225C
:10D5AC0033791A40112A01D0222AECD15BB2002B1C
:10D5BC000ADA380004A9FFF764FD0028D9DBE2D1B0
:10D5CC007F2233791340337133792370112B01D1BE
:10D5DC00F36863602300029A717904325218B179AE
:10D5EC0038005218F179083300916968FFF728FB6D
:10D5FC000028BED10130BCE748A6011045A6011099
:04D60C008869704772
:10D610000A0010B510320C00FFF798FC002807D163
:10D62000236963606369A3600E23A3610233E3602F
:02D6300010BD2B
:10D63200F8B507000C001500FFF7E9FF061E06D13A
:10D64200A561226A53005B08AB4202D3E560300059
:10D65200F8BDED1A002A09DA22002100380024322E
:10D66200FFF773FC0028ECD00600F0E7162676429E
:02D67200EDE7E2
:04D67400086A704789
:10D678004B69CA691800920303D5086A984200D218
:04D6880018007047CF
:10D68C00F0B595B005AE0391150003AB320009A9B6
:10D69C000700FFF76FFE041E18D184220100520010
:10D6AC00280005F0F5FC33792B70112B01D1F368B0
:10D6BC006B60391D07A8FFF70FFA2B000400083325
:10D6CC00002806D118000A4906F04CF8200015B0C5
:10D6DC00F0BD059A717904325218B179380052189C
:10D6EC00F17900910A99FFF7ABFA0400EEE7C04616
:04D6FC0043A6011030
:10D7000030B59BB00500FFF7BBFA041E2CD12B6887
:10D71000E8621B6A2863AB6301236863049004AA70
:10D7200028000FA90593FFF711FC041E21D1202327
:10D73000102200932800109907ABFFF787FA041E08
:10D7400017D1089B08226B60099B0D49AB600DA89F
:10D75000039305F0EBFB041E09D10C9B1A0C012A64
:10D760000BD19BB2012B08D820001BB030BD342454
:10D7700064422800FFF7CFF9F6E71624F8E7C04621
:04D780004AA60110A4
:0AD7840010B5FFF7C6F9002010BD34
:10D78E00F0B505009BB00430059106920024FFF71A
:10D79E0098F9A04215D1012309900A930999069888
:10D7AE00059B9847041E0CD10A990698059B98472D
:10D7BE00041E06D1280009AA0FA9FFF7C0FB041EFC
:10D7CE0029D020001BB0F0BD0C2328000093109927
:10D7DE000CABFFF734FA0BAF061E65D13800FFF71E
:10D7EE008BF97022129B1818079312903B791340F5
:10D7FE00102B10D1FB68002B0DD02900069A009338
:10D80E000292059A28000192BB6832001431FFF78C
:10D81E00D9FA002846D1129A179B110007935B0084
:10D82E005B080C31043B9942CED9189B09A8099389
:10D83E00199B07930A93FFF744F90028AED080276F
:10D84E00EE68BF02002EBCD08022F3695202134252
:10D85E0016D1F3693B4211D0336A002B0ED0069AD3
:10D86E0029000292059A0093019232002800736AF1
:10D87E002C321431FFF7A6FA002813D13668E1E7EF
:10D88E007369002BE5D0069A29000292059A00933F
:10D89E0001923200280033692C321431FFF792FACC
:0CD8AE000028D6D004008CE704008AE7B4
:10D8BC00F8B504000E00236B606BA56B98421CD16D
:10D8CC00002D49D0E26A27689818396AF2F756FE9B
:10D8DC007A6AE1621300AA4200D92B000021D20817
:10D8EC006163E06B236305F0D3FB220020001C492D
:10D8FC00FFF747FF0028DED025E01F21012701405C
:10D90C008F40421C013D6263A5634209E56B9200A6
:10D91C0052593A42D0D1E36AC0182368196AF2F717
:10D92C002DFE31600121276B636BBB4212D01F2689
:10D93C00180030400E00864030005A0992005259AF
:10D94C001040324200D1F8BD01336363A36B013B3D
:10D95C00A363E9E70020F6E71C204042F3E7C0464A
:04D96C009DCA001040
:10D9700073B50C0004310600FFF7A0FF051E1ED191
:10D98000210030000831FFF799FF051E17D104234D
:10D99000009323000200616830001C33FFF756F942
:10D9A000002802D0030034330BD1E3690133E36173
:10D9B00014232362153B6362A3621133E3602800E2
:06D9C00076BD0500FBE747
:10D9C600F0B504000E0089B0200007A9FFF773FF29
:10D9D600051E08D120680799C3689847051E43D0DD
:10D9E60003003433F0D0280009B0F0BD230014330F
:10D9F600059301231322029302ABD218019232003F
:10DA06002000736A059900972C32FFF79AF80028D0
:10DA160012D10123210002AA029312339B1801930B
:10DA26002000079B059A00972031FFF712FC00287B
:10DA360004D003003433C7D00500D4E70137B36AF6
:10DA4600BB42D3D82368A16A9A69706B05F091FA34
:10DA56002100236A2068F362636A20313363FFF78B
:0CDA660001F9079B7362BEE70700E8E7C8
:10DA7400F0B591B0089303230792CA6906000D001C
:10DA84001340012B00D13BE1530314D4EB691A0575
:10DA940018D42F6A089AD74200D534E19B0317D5CE
:10DAA400089B0493049AEB69002A23D1974A089CA3
:10DAB4001340EB6103E000F035F9041EE6D02000CA
:10DAC40011B0F0BD6A69296A8A42E2D92A62E0E7A4
:10DAD4006B699F42E4D92B6200230FAA13702900BB
:10DAE40030000133FFF7C4FF041EE8DB2B6A9F42BA
:10DAF400F2D8D5E72A002C320692802292021342F1
:10DB04001FD03368AA6ADB699A424ED13700336862
:10DB140014371B6AB3636B6A0D932B6A0E93300040
:10DB24000FA9FFF7C9FE041E1DD10F99012903D9BE
:10DB34003068036A994221D9754A76497648FDF7D7
:10DB44004FFC2B6A002BE1D02A0028320292013BC1
:10DB5400043A0192009330006B692A690699FFF731
:10DB640075F9041E05D08023EA691B031343EB6196
:10DB7400A5E706993068FFF776F8C7E7C3689847C2
:10DB8400041E06D023003433EDD101235B423362FB
:10DB9400C5E70E9B3068002B28D10F9A6A62AB62EE
:10DBA4008023EA699B021343EB613368DF69AB6A44
:10DBB400FF1A049B9F4200D91F003200079B3000CC
:10DBC4000193AB6A0699009302976B6A1432FFF7CC
:10DBD40041FB041E00D183E003003433C3D1290088
:10DBE4003000FFF7EEFE041EE7D0BCE7013B0EA9B0
:10DBF4000E93FFF7CDF832680E9BD26901330E9372
:10DC04000594934248D10130F2F720FE030001331A
:10DC14000B9009930594059B3A009B000A930423F7
:10DC240002930DAB01930A9B3000009306990F9B5E
:10DC3400FFF710FB041EA5D10B9B059A934230D12C
:10DC44000D9B012B3CD8354A3249354877E70123EF
:10DC540008AA029312339B18059A01930092390083
:10DC6400002230000D9BFEF76DFF041E00D07AE702
:10DC7400012308AA029312339B180193059B3A00CF
:10DC8400009330000F9B0699FFF7E4FA041E00D0BE
:10DC940078E7059B013305930E9B059A9A42D6D3E8
:10DCA4007BE7042302930DAB01930A9B02000093CC
:10DCB400390030000D9BFEF745FF041EC0D052E72B
:10DCC4003268126A9342BED8059B01330593059AC4
:10DCD400099B93429FD80F9B6B62099B9B005EE755
:10DCE4002B6ADB192B62AB6ADB19AB62079BDB196E
:10DCF4000793049BDB1B049333681B6AB363D1E66D
:10DD040009246442DBE61B24FBE7C046FFFFF7FF60
:10DD14008C040000F7A4011053A60110D3040000E2
:04DD2400FCA5011049
:10DD2800F0B5CB6905000C0093B05A0305D5012264
:10DD38005242CA622D4A1340CB61E36900209B031B
:10DD48002CD501002C2204A8276A05F0A3F9236921
:10DD58002A00089363690C970993012314320B93E3
:10DD68000FAB43CA43C301262B00764214336E61BE
:10DD78000193236A6269934212D321002800019A11
:10DD88002C31FFF739FA002822D00300343305D1AB
:10DD980021002800FFF713FE0028EED013B0F0BDD5
:10DDA80002AA01232800073204A900F023F800285A
:10DDB800F4DB02AA0123210028000732FFF756FEF0
:10DDC8000028EBDB6B690133D3D00F966E61D0E787
:10DDD800636A074A2361236A27626361E3691A4019
:10DDE80080235B021343E361D8E7C046FFFFFBFFD4
:04DDF800FFFFFDFF2D
:10DDFC00F0B51D00032387B00592CA6906000C001C
:10DE0C001340022B55D0930306D4236A6269002079
:10DE1C00934206D307B0F0BDFFF780FF0028F4D083
:10DE2C00F8E7D31A0493AB4200D90495049F002F52
:10DE3C0001D10498EEE78022E369D202134204D0A8
:10DE4C003368A26ADB699A4214D12300210028337B
:10DE5C000293043B0193236A3000009322696369A7
:10DE6C002C31FEF7EFFF0028D4D18023E269DB02CE
:10DE7C001343E3613268A36AD569ED1ABD4200D938
:10DE8C003D002100059A0093019230000022636A44
:10DE9C0002952C31FEF752FE0028BBD1236A7F1B62
:10DEAC005B192362A36A5B19A362059B5B1905933B
:08DEBC00BDE709204042ADE77B
:10DEC40070B50D0014001E00FFF72CFF00280DD1C3
:10DED400002E07D02B6A012E01D1E41802E0022E95
:10DEE40005D01C00002C04DB20002C6270BD6B6983
:08DEF400F3E716204042F9E7B4
:10DEFC000323F0B51600CA6905000C0087B0134067
:10DF0C00012B46D0FFF7B2FB0300B0421DD9210014
:10DF1C002800FFF703FF002815D105AB029323005F
:10DF2C002100103305900193280063692269009643
:10DF3C002C31FEF787FF002805D18023E2695B02B4
:10DF4C0013436661E36107B0F0BD0020B342FAD21F
:10DF5C00276ABB4207D00200022321002800FFF7EA
:10DF6C00ABFF0028EFDB236AB34209D300233A004E
:10DF7C0021002800FFF7A0FF0028E4DD0020E2E7E5
:10DF8C00002305AA1370210028000133FFF76CFD54
:08DF9C00E7E709204042D6E747
:10DFA4000300F0B5012740331F70031DA9B004001E
:10DFB40018000193FEF78AFD06000020864236D140
:10DFC40007AD2C223100280005F066F880232822B2
:10DFD4001B06310012A82B6205F05EF81C9737006F
:10DFE40023681B6A9F4202D3342040421FE01BA8CF
:10DFF400FEF76CFD002800D06BE020001BAA12A9DC
:10E00400FEF7A2FF002812D12B6A002B3CDB0198FB
:10E01400FEF75CFD00280CD01B9B01936B621C9BDC
:10E02400AB62002329001A00200000F054F829B044
:10E03400F0BD200003AB1DAA10A9FFF761F800286A
:10E04400F5DBE9D0059A1099069B11988A4201D113
:10E05400984219D0824201D1994215D06A62DFE711
:10E06400702202AB9B181B787F2B0DD920001FA9AF
:10E07400FFF70BF80028DADB1BD0310020001DAAC3
:10E0840000F064FA0028D2D112AE310020001DAA9B
:10E09400FEF7C2FF0028E3D0831CC8D12B0007CEB3
:10E0A40007C307CE07C307CE07C3013706CE06C38F
:10E0B40096E770227F2102AB9B181B780B4002A9C4
:10E0C4008A181370310003001DAA200000F046F9DD
:06E0D400D8E70020ABE7D5
:10E0DA00F0B59FB00B93CB698C680133CB610B1DF4
:10E0EA00099313000600089248680B9A0D004C60C9
:10E0FA0088601101C91899420FD100230D940E901E
:10E10A000A9330686968C3689847041E0DD02300D3
:10E11A00343300D1F1E02000FEE0DF682A6AD21928
:10E12A005F681033D21B2A62E5E72F0001231C37F0
:10E13A005B42102239000FA80F9301F070F93300E7
:10E14A0020330693102322000293009430006B6858
:10E15A0006990197FFF77BF8041ED8D11023079080
:10E16A00049305932BE0079B0B9A934200DB9EE0F6
:10E17A001F01089B059ADF193B68934200D096E07D
:10E18A00FA68B9680FA801F04AF9FB6800220293FD
:10E19A00BB6830000193049B069900936B68FFF7F4
:10E1AA0056F8041EB3D17A68059B94466344049AD0
:10E1BA000593FB68D3180493079B013307932B6AD3
:10E1CA00049A5B005B08043B9342CCD80423029375
:10E1DA000FAB01930092300000226B680699FFF79B
:10E1EA0036F8041E93D101235B42020006993000DF
:10E1FA007361FFF700F8041E89D1306803699847F4
:10E20A00041E00D083E701235B4213932B6A13AFEA
:10E21A005B005B08020069683000043B0097FEF768
:10E22A006AFE041E00D076E7139B0F9A934264D1CC
:10E23A000A9B002B2BD0341D2000FEF744FC00283B
:10E24A0000D075E03A0030000FAB0DA9FEF755FF7C
:10E25A00002861DB00D16BE06B6839001193AB6871
:10E26A00300012930FAA002300F075F8002853D14A
:10E27A0021000DA8FEF731FC002803D16B687360FA
:10E28A00AB68B3603000FFF788FE002844D13469D8
:10E29A00002C00D13FE70999201DFEF71EFC00283B
:10E2AA0003D16B686360AB68A3602468F0E701235D
:10E2BA0013AF009330003B00059A0E99FEF7C1FC9C
:10E2CA00041E00D027E7012239000FA801F0A7F8A1
:10E2DA0001230293049B2200009330006B68069985
:10E2EA000197FEF7B4FF041E00D010E7059B013327
:10E2FA000593049B0133049361E701235B42336274
:10E30A00002313A913930DA801331493FEF7E5FB19
:10E31A00002803D1342040421FB0F0BD30000999D3
:10E32A00FFF7C7FA01230A93002800D1E9E6F3E7C9
:10E33A003A0030000DA9FEF711FF0028ECDBA6D049
:10E34A006B6839007B62AB683000BB6200231A003D
:06E35A00FFF7BEFE99E78B
:10E3600070B515000C2610CD88B00094A419019644
:10E37000029503960494D2790693059207925A1E49
:0EE3800093416A460133FFF7A8FE08B070BD56
:10E39000F0B593B006000D00FFF7C6FC041E3ED199
:10E3A0009023EA691B03134080225202934236D124
:10E3B0002F1D3800FEF78CFB002830D13A003000CA
:10E3C00007A9FEF7C3FD041E29D101000C2204A8F1
:10E3D00004F064FEEB68300003930C23EA680093BA
:10E3E000089904ABFEF732FC03AF041E17D13B794A
:10E3F000112B04D00B4A0C490C48FCF7F3FF2B6996
:10E400003A00BB606B6907A9FB6003003000FFF7AF
:10E41000A7FF041E03D1EA69054B1340EB612000FE
:10E4200013B0F0BD13060000F7A4011082A601107E
:04E43000FFFFFEFFED
:10E4340070B505000C00FFF7A9FF2A000600EB6881
:10E444000C32002B03D0A34210D123681360A369BC
:10E45400002B02D01B68002B06D12B685B6B002BB2
:10E4640002D1606B04F056FA300070BD1A001B68CC
:02E47400E7E7D8
:10E47600F0B506000C0097B0009201930098FEF7E5
:10E486003FFB3368256ADB692818984217D8009B3A
:10E49600043D20C30D930C2300220E93019B0C9286
:10E4A6001193009B10920B950F95DB792100129327
:10E4B60002230BAA3000FFF70DFE17B0F0BD002DAA
:10E4C60039DB0BAD2B00220083CA83C383CA83C307
:10E4D60083CA83C303CA03C321003000FFF745FA8A
:10E4E6000028EAD16B6A009A6362AB6A0490A36261
:10E4F600236A0890043B08C205920C2203930793F3
:10E50600019B06920993009B2100DB7930000A9358
:10E5160003AA0223FFF7DEFD0028CED180232A6A54
:10E526001B0613432B62636802006B62A368290013
:10E53600AB620300BEE72200210030002432FEF762
:08E5460002FD00289AD0B8E79D
:10E55000F0B50C00070091B010001500FEF7D3FADB
:10E56000236A14305B005B0883421ED13800211DF2
:10E5700005AAFEF7F8FD0190002813DB0D9B002B88
:10E5800013DA216A304A38000A4313400D93636A54
:10E5900005A90E93A36A01930F9300231A00FFF7B6
:10E5A0009CFD0190019811B0F0BD2B6828000593E7
:10E5B000FEF7A9FA0023069007930893210038007C
:10E5C000013305AAFFF789FD01900028EAD1231D38
:10E5D000FE680393002E1AD13E690434002EE1D068
:10E5E0002100301DFEF77EFA00280ED1F7682B6857
:10E5F0009F420AD92800FEF786FA3F1AF7602800E2
:10E60000FEF781FAB369181AB0613668E6E7039934
:10E61000301DFEF767FA002809D1F3680293029AC9
:10E620002B689A4205D101235B427360B360366860
:10E63000D0E7029A9A42FAD92800FEF764FA029BC0
:0CE64000181AF060F3E7C046FFFFFF7FF0
:10E64C00F0B5A5B00500FEF715FB041E7BD12B68B9
:10E65C0001005A6AE86BD20804F01AFD2A68EC62D1
:10E66C00136A526A9A4200D91A002A6300222800BF
:10E67C006A63AB630EA9FFF775F9041E60D128001D
:10E68C0019A9FFF76FF9041E5AD10300020019A94A
:10E69C002800FFF71CFD041E52D1102205922B4AB4
:10E6AC0005AB9A80082229689871C869096A1B9E73
:10E6BC001A9F0A912649AE6009900B916F6025490B
:10E6CC000CA8DA710896079704F050FC342310223A
:10E6DC001693143B189601920293049328001F3B47
:10E6EC0006AE01AA0EA917970396FFF7F0FC1023AC
:10E6FC00002804D00200343202D0040020E00124AF
:10E70C000193202328000293049301AA1F3B0EA916
:10E71C000396FFF7DCFC002804D003003433ECD163
:10E72C00002CEAD000232800019301AA01330EA982
:10E73C000293FEF705FC041E02D12B681B6AAB6327
:10E74C002800FEF7E2F9200025B0F0BD2E140000E1
:08E75C00010001009FA601105D
:10E76400030070B59CB0019140331B780500002B69
:10E774003FD002AE3200280001AB06A9FEF7FEFD31
:10E784000400831C3CD12F21019804F085FF00284C
:10E7940033D12B6828001B6A11A9AB63FFF7E6F895
:10E7A400041E2AD10F9B02001A93109B11A90093F7
:10E7B4001B9303002800FFF78EFC041E1DD1019C4F
:10E7C400124BB0712000B38005F05AF9129A139BD2
:10E7D400F071B260F3600F921093320023002800AE
:10E7E40006A9FFF746FE041E07D12B681B6AAB631C
:10E7F40003E0FFF7D5FB041EBBD020001CB070BDA6
:10E804000028FAD111246442F7E7C0462208000028
:10E81400F0B595B0009303230392009A06000C0010
:10E824001340012B11D105AF3A00300003AB09A905
:10E83400FEF7A4FD051E14D13B79222B00D18BE0F9
:10E84400009B9B052FD5112566E0030040331B7800
:10E85400002BE8D1FFF7A4FB051EE4D0280015B077
:10E86400F0BD831CFAD1039B2F211800019304F0FF
:10E8740013FF02900028F1D1009BDB05EED5374B46
:10E88400B8710198BB8005F0FBF801235B42BB60C3
:10E89400029BF871FB603A003000019B09A9FFF765
:10E8A400E8FD051EDAD1009A1A9BE2610022A361F9
:10E8B4000A9B226263600B9B009AA360059BE36042
:10E8C400079B01932361089B636152050FD40123C5
:10E8D4005B42E3621A9B002B16D01B68002B13D0FB
:10E8E40063630323E2691340012B24D02EE0002B41
:10E8F40004D08023009A5B021343E36101235B424B
:10E90400236100236361E2E733685A6B002A07D06E
:10E91400F368002B02D00C256D429FE76263E0E7A9
:10E924000322E1690A40012A0AD1586903F0E8FF89
:10E9340060630028EFD0F36800252360F4608DE75E
:10E94400986903F0DDFF60630028E4D0210030689B
:10E954002C31FEF788F9EEE71525DDE711080000F4
:0CE9640013B500240094FFF753FF16BD0C
:10E97000030010B59CB0019140331B780400002BBC
:10E9800009D0200001AB02AA06A9FEF7F9FC002875
:10E9900006D01CB010BDFFF705FB0028F1D0F8E74A
:10E9A0006B461B7B222B17D0200002AA06A9FFF77B
:10E9B000CFFD0028EDD16B461B7B222BE9D1200037
:10E9C00006AA12A9FEF7CFFB0028E2DB11D10F4AFD
:10E9D0000F491048FCF706FD200004AA11A9FEF714
:10E9E000B5FA0028D5D1199B142BDDD02720404241
:10E9F000CFE71A9B20000F931B9B06A9009310934F
:10EA000000231A00FFF769FBC3E7C0467107000047
:08EA1000F7A40110A8A60110F3
:10EA18000300F0B5B3B00391029240331B780400B1
:10EA2800002B44D0039B05AF04933A00200004ABAD
:10EA380011A9FEF7A1FC00283DD180233A795B4259
:10EA480013433B713A00030011A92000FFF784FC2F
:10EA5800002830D109AE3200200002AB1CA9FEF715
:10EA68008BFC051E29D0831C25D12F21029804F088
:10EA780011FE03002800002B1DD10DAF3B0007CE6F
:10EA880007C30EAB06AA43CA43C37F223B79029E43
:10EA9800134030003B7104F0F1FFF871AB1C20D13A
:10EAA80033003A0020001CA9FFF7E1FC1FE0FFF744
:10EAB80075FA0028B6D033B0F0BD7F213B793279A2
:10EAC8000B409A424AD1222AD7D120000BAA27A963
:10EAD800FEF738FA0028EED12F9B142BCDD0272033
:10EAE8003DE033003A0020001CA9FFF735FC002860
:10EAF800E1D12700012341373B70200003AB05AA71
:10EB080011A9FEF739FC0028D5D10600387005AAEE
:10EB1800200011A9FFF718FD0028CCD1AB1CCAD0E2
:10EB280009AB1B79222BC6D120001CAA28A9FEF705
:10EB380016FB0028BFDB05D1FB220A490A48D20090
:10EB4800FCF74CFC309B32002593319B200001934D
:10EB580026931CA93300FFF7BCFAACE71520404206
:0CEB6800A9E7C046F7A40110A8A6011000
:10EB7400002807DC0300163304DA0300343301D120
:06EB84008A2040427047A8
:10EB8A00F7B50024170005681E00C0690A002300B3
:10EB9A002100F1F7BCFE3A00230012184B410898F5
:10EBAA0029680090019428004C693100A047FEBDF5
:10EBBA00F7B50024170005681E00C0690A00230083
:10EBCA002100F1F7A4FE3A00230012184B410898DD
:10EBDA0029680090019428008C693100A047FEBD85
:10EBEA00030073B50024DE691D68320023000800A3
:10EBFA002100F1F78CFE0B002968009601940200AF
:08EC0A00C9692800884776BDA6
:0CEC120010B5006803681B69984710BD2E
:0AEC1E000368013303600020704713
:10EC2800F7B507000400A43738000D00FDF73CFBDA
:10EC38002300903300931D602B6828009B68984739
:10EC4800061E06D00023009A13603800FDF748FB23
:10EC580056E0010023002000583324226C30019331
:10EC680004F018FA274BA565E365274B28002366AF
:10EC7800264B6366264BA3662B685B6A984723007E
:10EC8800E06694331B68984200D2E3662B6828003C
:10EC98009B6A98472300206798331B68984200D2E4
:10ECA80023672B682800DB6A9847230060679C333A
:10ECB8001B68984200D263672B6828009B6B9847B3
:10ECC8000023626FF1F704FE1F23A0671F309843EB
:10ECD8002300E067A0331B68984200D9E36720004F
:10ECE80001991430FEF708FD061EAED00023009AE5
:10ECF80038001360FDF7F4FA3000FFF737FF06001D
:10ED08003000FEBD8BEB0010BBEB0010EBEB0010EE
:04ED180013EC0010E8
:10ED1C00F8B5050007002E000024A4373800903603
:10ED2C00FDF7C0FA3368A34213D028001430FEF765
:10ED3C0023FD041E02D0FFF717FF040030680368A0
:10ED4C00DB689847002802D0002C00D10400002377
:0CED5C0033603800FDF7C2FA2000F8BD5B
:10ED680070B505000400A43528000E00FDF79CFAD4
:10ED7800200031001430FFF7F7FD04002800FDF7EC
:0AED8800AFFA2000FFF7F2FE70BDA5
:10ED9200F8B507000400A43738000D001600FDF78F
:10EDA20086FA2000320029001430FFF734FE0400F6
:0EEDB2003800FDF798FA2000FFF7DBFEF8BDF1
:10EDC00070B505000400A43528000E00FDF770FAA8
:10EDD000200031001430FFF7C5FC04002800FDF7C7
:0AEDE00083FA2000FFF7C6FE70BDA5
:10EDEC00F0B506000500A436C5B0300014000F00C5
:10EDFC00FDF758FA2800390002AA1430FEF740FC3F
:10EE0C0005003000FDF76AFA039B0193236102AB06
:10EE1C001B78112B0DD0223B5A1E9341064A5B42A4
:10EE2C001340064A9B1828006360FFF79DFE45B00F
:10EE3C00F0BD034BF7E7C04601BEFFFFFF410000EA
:04EE4C00FF81000042
:10EE5000F7B506001400370028220021200004F036
:10EE60001DF90023A43738000193FDF721FA300083
:10EE70000D49143001AAFEF78AFC05003800FDF7A1
:10EE800033FA002D0DD1736F019A23606360B36F65
:10EE9000E560A3609B1A2361A361FF236561E561BF
:0CEEA00063622800FEBDC0461FEC00109D
:10EEAC00F0B5070085B03E0038201C00029201919D
:10EEBC00FCF7F8FFA43605003000FDF7F3F9032248
:10EECC0020001437BC461040144236D000210128D3
:10EEDC0035D0022802D00800002200E00800802370
:10EEEC0067105B001F4003978027A310BF003B40B7
:10EEFC00039F3B438027FF0027401F4380232402AE
:10EF0C001B0123403B4303430B431343290060463F
:10EF1C00029AFFF721FD04003000FDF7DFF9002C09
:10EF2C0006D1019B1D602000FFF71EFE05B0F0BD51
:10EF3C0038212800FCF7EAFFF5E70121CCE7022095
:02EF4C00CAE712
:10EF4E0070B506000400A43630000D00FDF7A9F9D7
:10EF5E00200029001430FFF766FA04003000FDF798
:10EF6E00BCF9002D03D038212800FCF7CEFF20007D
:06EF7E00FFF7F9FD70BD74
:10EF8400F7B507000400A437380015001E000191EE
:10EF9400FDF78CF9200033002A0001991430FEF7A4
:10EFA4002BFF04003800FDF79DF92000FFF7E0FD7A
:02EFB400FEBDA0
:10EFB600F7B507000400A437380015001E000191BC
:10EFC600FDF773F9200033002A0001991430FEF78B
:10EFD6004EFD04003800FDF784F92000FFF7C7FD59
:02EFE600FEBD6E
:10EFE80070B505000400A43528000E00FDF75CF993
:10EFF800200031001430FFF7C7F904002800FDF79E
:0AF008006FF92000FFF7B2FD70BDA4
:10F01200F7B507000400A437380015001E0001915F
:10F02200FDF745F9200033002A0001991430FEF75C
:10F0320048FF04003800FDF756F92000FFF799FD5C
:02F04200FEBD11
:10F0440070B505000400A43528000E00FDF72EF964
:10F05400200031001430FEF70BFB04002800FDF7FC
:0AF0640041F92000FFF784FD70BDA4
:10F06E0070B505000400A43528000E00FDF719F94F
:10F07E00200031001430FEF7F8FA04002800FDF7E6
:0AF08E002CF92000FFF76FFD70BDA4
:10F09800F8B507000400A43738000D001600FDF786
:10F0A80003F92000320029001430FEF723FF040082
:0EF0B8003800FDF715F92000FFF758FDF8BDF0
:10F0C600F7B504002C2027000E000192FCF7EDFE98
:10F0D600A43705003800FDF7E8F820002900019A5A
:10F0E6001430FEF7F8F904003800FDF7FAF8002CA2
:10F0F60004D135602000FFF73AFDFEBD2C21280023
:06F10600FCF707FFF6E72D
:10F10C0070B506000400A43630000D00FDF7CAF8F7
:10F11C00200029001430FEF705FA04003000FDF73A
:10F12C00DDF8002D03D02C212800FCF7EFFE200089
:06F13C00FFF71AFD70BD93
:10F14200F0B507000400A437C3B038000E00150064
:10F15200FDF7ADF820006A4631001430FEF7F5F9EC
:10F1620004003800FDF7BFF8012C0FD16B461A7866
:10F172000523112A03D00023222A00D103332A00B7
:10F18200FF322800537002A904F0F1FA2000FFF7C1
:06F19200F0FC43B0F0BDEB
:10F19800F8B507000400A43738000D001600FDF785
:10F1A80083F82000320029001430FEF73EFA3800B8
:06F1B800FDF796F8F8BD1A
:10F1BE0070B505000400A43528000E00FDF771F8A7
:10F1CE00200031001430FEF71AFA04002800FDF773
:0AF1DE0084F82000FFF7C7FC70BDA5
:10F1E80070B506000400A43630000D00FDF75CF889
:10F1F800200029001430FEF707FA3000FDF770F8F8
:02F2080070BDD7
:10F20C0010B50400074B0360074B4360FFF780FD0C
:10F21C002000A430FDF77AF82000FDF70FFC200049
:0CF22C0010BDC046B4A6011034A70110AC
:10F2380008B4024B9C46043808BC60470DF2001025
:10F2480010B50400FFF7DEFF2000C821FCF760FEC0
:04F25800200010BDC5
:10F25C0008B4024B9C46043808BC604749F20010C5
:10F26C0070B5040015001E0000F084FB2000134B49
:10F27C0044222360124B00216360143003F008FF1A
:10F28C00200038220021583003F002FF2300002216
:10F29C00200090331A60049A5E609A60059AA4303C
:10F2AC00DA60069A1A61FCF7F5FF002D03D02900ED
:10F2BC002000FFF7B3FC200070BDC046B4A60110BF
:04F2CC0034A7011052
:10F2D000F0B51D000368A3B09B6804000F00160082
:10F2E000984700283CD10100242208A803F0D6FE4C
:10F2F000234B20000493234B03940593224B069346
:10F30000224B079323685B6A984787422AD8089064
:10F31000236820009B6A9847864225D80990236875
:10F320002000DB6A9847854220D80A902368200095
:10F330009B6B98470A9B1A0001930023F1F7CCFAC4
:10F340001F230B901F309843289B834210D30C90AF
:10F3500003A911A8FFF77AF900280CD0FFF70AFCDF
:10F3600023B0F0BD0897D3E70996D8E70A95DDE703
:10F37000289B0C93ECE723682000DB689847EFE7B5
:10F380008BEB0010BBEB0010EBEB001013EC00104C
:10F39000F7B506000500A43630000F00FCF788FF23
:10F3A0002B0090331B68002B0CD0002F00D11F00C6
:10F3B0002B6828009B6A9847041E0CD03000FCF78D
:10F3C00093FF06E0002F06D130001324FCF78CFFDA
:10F3D00064422000FEBD2B00A0331B682A0000936E
:10F3E00029002B0098329C33943138001B68126836
:10F3F0000968FFF76DFF041EE0D12B683900280073
:08F400005B6A98470400D9E79C
:10F4080010B51F2201244308002B06D01900400024
:0EF4180021400843013A5B08F6E7904010BD22
:10F42800F8B515000E001F220127040000684308E4
:10F43800002B06D01900400039400843013A5B0808
:10F44800F6E79040FFF7DCFF721931000F260B4DED
:10F4580020608A4210D00B7801311F0047403740A6
:10F46800BF007F59000947401B097B4033409B0080
:10F4780058593F097840ECE72060F8BD80940110A6
:10F48800436870B504000D00002B09D10B6801001A
:10F49800DB6D280008319847002800D1656070BDF1
:06F4A80016204042FBE7C4
:10F4AE0010B504004068002806D00368A1681B6EE2
:0EF4BE0098470023636010BD16204042FBE714
:10F4CC00054B10B50833036043680400002B01D0D2
:0CF4DC00FFF7E7FF200010BD6CA7011037
:10F4E80010B50400FFF7EEFF20000C21FCF710FD1B
:04F4F800200010BD23
:10F4FC00030040680A0010B5002804D14B220449CF
:10F50C000448FBF769FF01688C6E9968A04710BD31
:08F51C0060A7011068A70110AF
:10F524000300406810B5002804D15122044905485D
:10F53400FBF756FF02689968D26E904710BDC0462B
:08F5440060A7011068A7011087
:10F54C000300406810B5002804D15722044905482F
:10F55C00FBF742FF02689968126F904710BDC046D6
:08F56C0060A7011068A701105F
:10F574000300406810B5002804D15D220449054801
:10F58400FBF72EFF02689968526F904710BDC04682
:08F5940060A7011068A7011037
:10F59C00436870B504000D00002B04D144220849C7
:10F5AC000848FBF719FF022228000021FF3203F064
:10F5BC006FFD60682A000368A1685B6E984770BD98
:08F5CC0060A7011068A70110FF
:10F5D400034B083303600023436083607047C046D5
:04F5E4006CA70110FF
:10F5E80070B50D0041680400002909D129680E6B27
:10F5F800010028000831B047002800D1656070BDBF
:06F6080016204042FBE762
:10F60E0010B504004068002806D00368A1685B6B43
:0EF61E0098470023636010BD16204042FBE7B2
:10F62C00054B10B50833036043680400002B01D070
:0CF63C00FFF7E7FF200010BDCCA7011075
:10F6480010B50400FFF7EEFF20000C21FCF760FC6A
:04F65800200010BDC1
:10F65C0070B5040040681300002804D14422054909
:10F66C000548FBF7B9FE0268956B0A00A168A8472C
:0CF67C0070BDC046BCA70110C5A701105E
:10F6880070B5040040681300002804D14A220549D7
:10F698000548FBF7A3FE0268D56B0A00A168A847D6
:0CF6A80070BDC046BCA70110C5A7011032
:10F6B4000300406810B5002804D1502204490548CD
:10F6C400FBF78EFE02689968126C904710BDC04625
:08F6D400BCA70110C5A701103D
:10F6DC000300406810B5002804D15622044905489F
:10F6EC00FBF77AFE02689968526C904710BDC046D1
:08F6FC00BCA70110C5A7011015
:10F7040070B5040040681300002804D15C22054948
:10F714000548FBF765FE0268956C0A00A168A847D6
:0CF7240070BDC046BCA70110C5A70110B5
:10F730000300406810B5002804D16222044905483E
:10F74000FBF750FE02689968D26C904710BDC04626
:08F75000BCA70110C5A70110C0
:10F758000300406810B5002804D168220449054810
:10F76800FBF73CFE02689968126D904710BDC046D1
:08F77800BCA70110C5A7011098
:10F780000300406810B5002804D16E2204490548E2
:10F79000FBF728FE02689968526D904710BDC0467D
:08F7A000BCA70110C5A7011070
:10F7A800030040680A0010B5002804D174220449F7
:10F7B8000448FBF713FE01688C6D9968A04710BDDB
:08F7C800BCA70110C5A7011048
:10F7D000034B083303600023436083607047C046D7
:04F7E000CCA70110A1
:06F7E4005820404270476E
:06F7EA0058204042704768
:06F7F00058204042704762
:04F7F6000020704738
:0EF7FA0010B5036800229C6C0123A04710BDCF
:0EF80800036810B59C6C00231A00A04710BDC9
:10F81600F8B503680400DB6C0D0098472368060002
:10F8260029009F6C002202232000B84723680700A6
:10F836009B6C32009C462900002320006446A047AA
:04F846003800F8BDD1
:06F84A0058204042704707
:02F850007047FF
:04F8520000207047DB
:0CF8560010B5036800229B6E984710BD9F
:10F862000368F7B5DB6E04000D0098470190022093
:10F87200FF30FCF71CFB23680600290020001B6FE9
:10F882009847002723683200290020005B6E9847C2
:10F89200002801DD0137F5E72368290020009B6E6F
:10F8A200019A984702213000FF31FCF734FB3800FF
:02F8B200FEBD99
:10F8B40010B50400024B0360FFF7B6FE200010BD34
:04F8C40028A801105F
:10F8C80010B50400FFF7F2FF20000C21FCF720FB25
:04F8D800200010BD3F
:10F8DC00F7B506000C201F000D000192FCF7E2FAB0
:10F8EC000400FFF76FFF094B3100236020003B0041
:10F8FC00019AFFF773FE061E05D0236820005B6893
:10F90C0098473000FEBD2C60FBE7C04628A80110CC
:10F91C0010B50400024B0360FFF7D2FD200010BDB0
:04F92C007CA80110A2
:10F9300010B50400FFF7F2FF20000C21FCF7ECFAF1
:04F94000200010BDD6
:10F94400F8B505000C200E001700FCF7AFFA040010
:10F95400FFF73EFE084B29003A0020002360FFF722
:10F9640091FD051E05D0236820005B689847280098
:0CF97400F8BD3460FBE7C0467CA8011021
:10F9800010B50400054B012208C0FBF7FBF9044B3E
:10F9900020002360034B636010BDC046089B01102C
:08F9A000A8A8011028A901101C
:10F9A80070B50400FFF72FFE0500236820005B6890
:06F9B8009847280070BD15
:10F9BE0070B50400FFF774FD0500236820005B6836
:06F9CE009847280070BDFF
:10F9D400F7B50025684600950195F8F713FDA84290
:10F9E40044D12348234C24182348241A2100684670
:10F9F400F8F7F8FC0500601E2900F0F73DFD461CF1
:10FA04006846F8F7F3FC04006846F8F7F3FC0700CF
:10FA14006E43E4196846A41B6D00F8F713FD290032
:10FA24002000F0F799FE002907D02000E1172A00F2
:10FA3400EB17F0F74FFF68430400104F3B78BFF318
:10FA44005B8F0F4DDB0711D43800FCF721F8002839
:10FA54000CD0220031002800FCF7D4FF3800FCF75A
:10FA640039F82800074A0849FBF7FEFF2800FEBDC5
:10FA740094C201108C110020C0000020601C0020E2
:0CFA8400B01100205803002049C90010F8
:02FA90007047BD
:04FA92000120704798
:10FA9800054B064A1A608022054B5202DA6480221E
:10FAA8009205DA647047C046900011509314010023
:04FAB80000201150C9
:02FABC00704791
:10FAC0008022024B92021A607047C046902011506B
:10FAD0008022024B92021A607047C046903011504B
:04FAE000816070478A
:10FAE4008022024B5201DA647047C0460020115054
:08FAF40000487047CCAA011084
:04FAFC0040207047EF
:10FB0000D03003790160591E8B4192055B03920D41
:10FB10001A438023DB001A43034BDA6703795A4206
:0CFB2000534103717047C04608001050AC
:10FB2C000322054B9A668022044B1201191D0833DF
:10FB3C00CA67DA677047C0460000115000001050C9
:10FB4C00F0B57F270F400400CE111648791EC9006E
:10FB5C000D18002E01D014480D18E8200001844621
:10FB6C00E16800205118614519D20C217943864275
:10FB7C0016D01031002061180871E0680B4E9B06FE
:10FB8C00861981308E60FF30094903430B432B608B
:10FB9C003F2301203F329A43E3689A18E260F0BD9C
:10FBAC00D031E7E70C0010500800105080011050C5
:04FBBC00000002A0A3
:02FBC00070478C
:10FBC4007F231940044BC900C9188023CA6F1B0145
:0CFBD4001343CB677047C0460800105078
:10FBE0007F231940034BC900C918CB6F024A134049
:0CFBF000CB67704708001050FFF7FFFFC4
:10FBFC0030B57F242140733C4C4300190400D034B1
:10FC0C002260D43002789B051400651EAC419B0D1C
:10FC1C00640323438024E4002343044CC9000919E2
:10FC2C004B6053425A410270012030BD800010508D
:10FC3C00C82110B504004900FCF768F9200010BD7C
:10FC4C0010B5054A0021054803F022FA8022044B26
:10FC5C005202DA6410BDC046F80F000008001050C4
:04FC6C000030115003
:10FC7000080010B5082A00D90822024903F07CF9CF
:08FC800010BDC0460000105049
:10FC8800094B10B5DA6F002413040AD50300D033EA
:10FC980018689205940D002803D02200996803F093
:0CFCA80067F9200010BDC0460800105095
:10FCB40070B504001500002902D0806903F05AF9D8
:10FCC400FFE7FFE7FFE7FFE7FFE7FFE7227D531EBC
:10FCD4009A41842352032A431B021A43034BDA67D3
:10FCE400237D5A425341237570BDC0460400105011
:10FCF4007F230D4A1940CB009B185B6810B5002484
:10FD04001A040ED59C050C23594341180B00D0331B
:10FD14001868A40D002804D0D8312200096803F023
:0CFD240029F9200010BDC04680001050DE
:10FD3000F8B57F24060017001D000C40002A07D0EC
:10FD40000C236343C3182A003900986903F014F99F
:10FD5000FFE7FFE7FFE7FFE7FFE7FFE70C20604370
:10FD60003018027D10341300591E8B4184215B032F
:10FD70002B4309020B430449E400635053425A41A8
:0CFD800002750120F8BDC04600001050C4
:10FD8C00036810B59B6998472022034BDA67BFF3D1
:0CFD9C004F8FBFF36F8F10BD04E100E03B
:10FDA8002022074B10B5DA67BFF34F8FBFF36F8F71
:10FDB800044B1B6858680368DB6A984710BDC04647
:08FDC80004E100E0D81D002059
:10FDD0000023202210B58360134B41601860134B41
:10FDE000DA67BFF34F8FBFF36F8F8023104A5B0436
:10FDF0001360104A10481360190082689143FBD1C8
:10FE000080220E48520103F049F909220C4B5A672F
:10FE100003329A670B3A1A640A4B0B4A9B685A657D
:10FE200020220A4B1A6010BDD81D002004E100E01A
:10FE300000E0004000F0004000C000400000105012
:10FE40000000115000ED00E0A9FD001000E100E00D
:10FE5000F0B5040085B080224A4E520133684A4D05
:10FE6000134218D00026494A310049482E6003F059
:10FE700015F980231B03E6602B6501F019F9606812
:10FE800003689B689847C0212022424B49005A5082
:10FE90001A6005B0F0BD802233685202134210D0C0
:10FEA000210001223C4BD4312275A3610A7022004B
:10FEB0006068D83213600368DB68984780239B0230
:10FEC0002B653368DB0621D433689B0353D4336836
:10FED0001B0408D58022314B60685201DA64036844
:10FEE0000021DB69984733685B0406D510236068FE
:10FEF0002B6503680121DB6998471022336893431F
:10FF0000C1D03368029301230393A4E7AB6D01933F
:10FF10000123019A1A420AD06068AB6503685B69E5
:10FF20009847A368002B02D02B600023A360022314
:10FF3000019A1A4204D06068AB6503681B69984750
:10FF400002270123BB40019A1A420AD00E4A606878
:10FF50009365012203687910174206D05B6AC9B223
:10FF600098470137202FECD1AEE78022524211434F
:10FF70009B6AC9B2F4E76068A96C03681B6A98477A
:10FF8000A5E7C0469800115000001150F80F00007E
:10FF90000800105000E100E0000110500020115056
:10FFA00070B50E4D01232A78BFF35B8F16000C4C01
:10FFB0001E401A4210D12800FBF76CFD00280BD020
:10FFC000084B2800083323606660FBF785FD20009E
:10FFD000054A0649FBF74AFD200070BD541C00206D
:10FFE0008C1E002050AA01105803002091FA001026
:10FFF000F8B50C00164E050031002000FAF7A4FCFD
:020000041001E9
:10000000C0B2FF2804D10E2212491348FBF7EAF9C7
:10001000124F3B78002B03D100F02CF901233B70E9
:1000200031002000FAF7A4FC1F212870200000F006
:10003000BFFA00222000110000F0DAFA00212000AF
:1000400000F00CFBF02C02D10222054B1A60F8BD27
:1000500030A9011043AB011052AB0110E12B00207D
:0400600000E0044078
:100064000B4A037811681B034B40E021C9010B4084
:1000740008490B600421084B1960130080225200C8
:1000840019681142FCD05868000180B27047C0461C
:0C00940000C0044000D0044000E0044024
:0400A0000020704785
:0400A4000020704781
:1000A800F0231B0670B5CD1809050C0D00290AD1DF
:1000B800FBF75AFA80212800490100F009F8FBF7FC
:1000C80069FA200070BD01204042FBE700000000F3
:1000D80001B40248844601BC604700BF25010020E6
:1000E800002010B5984201D1002010BD0C5C1454BA
:0400F8000130F7E7F5
:10010000F8B51700F02212068C182600FF221640C0
:1001100014420FD11D0A13405A1E9341ED18FBF7EC
:1001200027FA200039002A0200F00AF8FBF736FA15
:100130003000F8BD01204042FBE700000000000055
:1001400001B40248844601BC604700BFD1010020D1
:06015000802080037047CF
:060156008020400170470B
:06015C0080204000704706
:06016200802040057047FB
:04016800FF207047BD
:10016C000023C25E01239340D0221206002901D045
:08017C00536170479361FCE739
:10018400D0231B060021425E5B680120D340184047
:020194007047B2
:1001960010B501804B1C02D0080000F06AFA10BDB1
:1001A8000023C05E10B5431C04D13122074908481A
:1001B800FBF714F98A1E013953425A414B425941FF
:1001C800D2B2C9B200F010FA10BDC046C0AB0110DF
:0401D800CBAB01109C
:1001DC000023C25E10B5531C04D10A490A483932B7
:1001EC00FBF7FAF88170012904D1D02391401B064A
:1001FC00596210BD0029FCD101239340D022120674
:0C020C009362F6E7C0AB0110CBAB011011
:1002180010B500F0B5FF0122014B1A6010BDC046B1
:0402280094290020F5
:10022C00024BC918890001607047C0464000003479
:10023C0010B5040000F08EFC01002000FFF7F0FF69
:0A024C00FF232371BFF35F8F10BD85
:1002560010B5040000F081FC01002000FFF7E3FF69
:0A026600FF23A380BFF35F8F10BDDC
:020270007047D5
:100274000123084A08491360084A136018008A6871
:100284009043FBD1064A136080235B001168194236
:10029400FCD0704700E0004000C0004000F0004087
:0402A40000C0044052
:1002A800EFF3108072B6034A1368002BFCD0BFF33B
:0802B8005F8F70472C0100D09C
:1002C000BFF35F8F0022024B1A6080F310887047E3
:0402D0002C0100D02D
:1002D4000722CB08C35C0120114088401840431E0C
:0602E4009841C0B2704712
:1002EA00F8B505000C001700FFF7D9FF210006003A
:1002FA002800FFF7EAFF002803D02100380000F0A9
:10030A00ACFF07210123E2080C40A340A95C30009E
:0A031A000B43AB54FFF7CFFFF8BD13
:1003240070B505000C00FFF7BDFF21000600280092
:10033400FFF7CEFF002805D13321084B084A0948AE
:1003440000F008FF07210122E0080C40A2402B5CCA
:1003540093432B543000FFF7B1FF70BDE3AB0110A2
:0803640060AC011002AC0110B5
:10036C00F0B585B01D000A9B0700009103929D42D9
:10037C0005D22D21314B324A324800F0E7FE0C24D5
:10038C002B0E02932D02002328000A9A0299F0F7F3
:10039C009DFA7C432C4B0600E4186368834200D220
:1003AC0060603B1FDBB20193C023019A9B01234386
:1003BC00012A34D8009A012A31D102321A60009BEA
:1003CC00A2681A42FCD0039A236852015A40802139
:1003DC00E02349011A40019B21430A60012B0BD8F1
:1003EC002368009A5340032213400B600123009AA8
:1003FC009340A2681342FCD0802380229B012343AC
:10040C0012011A6028003200002302996660F0F78E
:10041C005DFA0E4BBF00D851012005B0F0BD802213
:10042C0012011A60094BBA00D1580029CBD0586977
:10043C00F0F71EF801300138FDD1C4E76FAC0110A4
:10044C00E0AC011080AC011000800040F8260020C8
:10045C0073B50C2000F074FD00F034FE00280AD0B7
:10046C0000232B4A2B489900013388500A2BFAD1D0
:10047C00294B536273BD294CA06700F069FD012222
:10048C00274B1A60636C012BFCD10322254B1A609D
:10049C00A66B012EFCD10224310000940623224AC3
:1004AC00224800F0CDFA310000940523204A21485F
:1004BC0000F0C6FA204B214D2100009300220420AD
:1004CC00FFF74EFF2B003100002200950520FFF7AF
:1004DC0047FF00220F4C1100230000940720FFF768
:1004EC003FFF00222300110000940820FFF738FF83
:1004FC000022094B1100009309202300FFF730FF65
:10050C0000222B00110000950620FFF729FFB1E710
:10051C00F8260020006CDC021BB7000000800040B5
:10052C003CB0004030B00040002F685900800240C1
:10053C0000389C1C00C00240001BB70040597307D8
:0C054C00014B8000C0587047F8260020CA
:1005580030B5002489B009222100050001A80094C3
:1005680002F098FD0922210005A8049402F092FDEA
:100578006A464B236846137004A90D2200F00CF854
:1005880004AB1B195B792B550134082CF8D109B041
:1005980030BD00000000000001B40248844601BCE0
:0805A800604700BF7D02002046
:1005B000084B8200D218402310B51468C000634075
:1005C000C02423408024640122431360024BC018DE
:0C05D000416010BD04C00140004001402B
:1005DC00034BC000C0181F23406818407047C0462A
:0405EC00004001408A
:1005F000094B8000C0184B1E9941531E9A41C900F7
:10060000036892001143594080230C225B01114082
:0C061000184301607047C04604C0014060
:10061C00064BC000C018036809045940C0239B0254
:10062C00194080235B01184301607047044001406E
:10063C00064BC000C018036809035940C0239B0136
:10064C00194080235B01184301607047044001404E
:10065C00054B8000C01840228023002900D1C02304
:0C066C009B0118430260704704C001406D
:100678000123D022834010B51206936205219361AD
:06068800FFF792FF10BD18
:10069000074B10309B688000C150BFF35F8FBFF3E2
:1006A0005F8F0021034B196082F310887047C046AA
:0806B00000ED00E0240100D080
:1006B800038810B5DA0A1C2A05D09921044B054A8B
:1006C800054800F045FD5B051B150433C01810BD37
:0C06D80023AD011077AE011038AD011009
:1006E4000439081A430810B5000B05D08B21044BBC
:1006F400044A054800F02EFD0448184380B210BD9A
:1007040092AD011054AE011038AD011000E0FFFFAE
:1007140001228240034B1B681340581E8341D8B208
:080724007047C04600E100E04F
:10072C00002904D0034B1860034B18607047034B2F
:10073C00FBE7C04680E200E000E100E080E100E081
:0E074C000123834010B51800FFF7EAFF10BD2F
:10075C00024B10309B688000C058704700ED00E0E1
:10076C0070B504000D00EFF3108672B60C4A1368D6
:10077C00002BFCD0BFF35F8F2000FFF7E9FF094B84
:10078C00984207D0A84205D06E21074B074A08486B
:10079C0000F0DCFC320029002000FFF773FF70BD75
:1007AC00240100D0CD010010A2AD01103AAE011011
:0407BC0038AD011043
:1007C000F0B5060085B00F00EFF31083029372B608
:1007D0004E4A1368002BFCD0BFF35F8F34004C4BA4
:1007E00010349B68A200D3580193019A494B9A4256
:1007F00067D0BA4200D181E0474D531B2F2B60D800
:100800003000FFF787FF002103903000FFF79EFFC5
:10081000BFF35F8FEFF71BFD002808D0844206D09E
:100820001E213E4B3E4AFF313E4800F095FC01231D
:100830000C21019C3C4A9C4323005B1B5B415A43B7
:10084000120D8C4600230625A1686557B9420ED1CA
:10085000002D14DA002841D1002B3CD0FF219971E2
:1008600032499980324B19781A70A17125E0002D18
:1008700046DB63465D43284923004C19E3E70C201F
:100880006843254F3B189A68A260DA79E271062224
:100890009A56A2719B797F2B1AD80430C019FFF7A2
:1008A0000BFF0100201DFFF71DFF0C236B43FF18FA
:1008B0001F4BA0801A781D70BA7130000399FFF7A2
:1008C00045FF3000029A0199FFF7E2FE05B0F0BD46
:1008D000BD200002E9E70F4B0193C3E7154B1B1B3B
:1008E000083B5A081B0B03D09321134B134A9BE779
:1008F000134BA380134B1343E380DEE70193E0E740
:10090000A921114B064A49008EE7C046240100D0B8
:1009100000ED00E0CD01001058070020D8AD011017
:1009200086AE011038AD0110AAAA000000BDFFFF7D
:10093000DF2B00209207002092AD011060AE011065
:0C09400000F0FFFF00F8FFFFFCAD01100D
:10094C00F8B50126294C06430500331B2F2B04D97F
:10095C007821274B274AFF3107E0EFF772FC00287C
:10096C0006D1BD21244B234A4900244800F0EEFB5C
:10097C00EFF3108772B6224B9C461A68002AFCD003
:10098C00BFF35F8F1F4B2A00121B524153431B0DA9
:10099C001D4A800092685BB2125811000022B142CD
:1009AC000FD1194A194992681150194A11781370CC
:1009BC00A971BFF35F8F00236246136087F3108821
:1009CC00F8BD06216156994208D10C214A430749CA
:1009DC008A18FF2191710F499180E6E701320C349E
:1009EC00042AEED18C210C4B024AB4E758070020A4
:1009FC0002AE011099AE01102AAE011038AD0110F3
:100A0C00240100D0AAAA000000ED00E0CD010010E6
:0C0A1C00DF2B002000BDFFFF34AE0110F6
:100A2800054B064A1360064A136053609360D3600F
:100A380013615361936170478080808000E400E017
:040A480004E400E0E2
:100A4C00F7B504000C2017001D000E00EFF710FD89
:100A5C002E49019041433800EFF70AFD020098231C
:100A6C00103A5B009A4205D91621294B294A2A488B
:100A7C0000F06CFB6B1E062B03D8089B013B062B6E
:100A8C0003D91921254B234AF1E7089B9D4203D238
:100A9C001F21234B1F4AEAE7019B3A099A4203D2D2
:100AAC002221204B1B4AE2E7089B2D041F032368DD
:100ABC002F43002B0ADA3F2223681340B34205D19F
:100ACC00A3681B051B0D834200D1E368164B9C42A7
:100ADC0019D080235B01154A15491360154A136020
:100AEC001D008A689543FBD1C023221D9B01134333
:100AFC0021222660A0601A602268002AFCDA0822F3
:100B0C00E7601A60F7BD80239B01E4E740420F00C9
:100B1C00B3AE0110A4AF0110CFAE011029AF01107C
:100B2C0072AF011089AF011000C0024000E000401C
:080B3C0000C0004000F0004081
:100B44000021044B044ABFF35F8F02C39342FAD1DE
:0C0B54007047C046000100D0800100D0B6
:100B6000044A1078431CDBB2172B01D8137070476E
:080B70001023FBE7A0070020A1
:100B7800F7B5EFF305823F231A40100001921038B1
:100B8800EFF3108772B6184B1A68002AFCD0BFF32F
:100B98005F8F012634008440144D154B6C631B781D
:100BA8001A00C24094466146002231420AD0114ED2
:100BB800696A8500AE59B1420FD30F4A0C49A34365
:100BC800AA580B70BFF35F8F002307490B6087F3A8
:100BD80010889A4200D09047F7BD019B07499B00B7
:100BE8005B1819681960EDE7280100D0004005403E
:100BF800E52B0020442B0020E4250020D03F0540B1
:100C080010B50100024A0348FFF76BFB10BDC04650
:080C1800ADAF0110DC2B002040
:100C200010B501000148FFF77DFB10BDDC2B002053
:100C3000034B596A0A00986A596A8A42FAD1704786
:040C4000004005402B
:100C4400054B5A6A8A42FCD38A4202D19A6A82428A
:0C0C540000D370475A6AF7E700400540E3
:100C600070B504000D00FFF7E3FF02000B00200049
:100C70002900801859418B4204D801D1824201D801
:100C8000002905DA3F21044B044A054800F064FAC4
:100C9000FFF7D8FF70BDC046CFAF0110CBB0011039
:040CA000EAAF0110A6
:100CA400F7B504000D00EFF3108772B61C4B1A68F9
:100CB400002AFCD0BFF35F8FA3001A4E0193002DCE
:100CC4001BD02000FFF748FD86420BD031002000E6
:100CD400FFF74AFD01212000FFF736FD0123A34061
:100CE400114A1360114B019A9D50BFF35F8F00238B
:100CF4000B4A136087F31088F7BD0C4BA2009D507C
:100D04000122A2400A4920000B7893430B70310062
:100D1400FFF754FD29002000FFF716FDE5E7C04664
:100D2400280100D0790B011038600540E42500202B
:040D3400E52B00208B
:100D3800F0B587B01E0007000492FFF775FF049B0B
:100D4800350003938E4202D850D183424ED9EFF337
:100D58001083059372B6264B1A68002AFCD0BFF39D
:100D68005F8F0124BC40234B04991B7801932343D4
:100D7800DBB20293029A1F4B1A701F4B3A1D920066
:100D88005C63D1501D49BA0056501A6A1E002242AF
:100D980013D11B6C23420AD00020BFF35F8F0023BE
:100DA800134A1360059B83F3108807B0F0BDC12177
:100DB800134B144A144800F0CBF9FFF735FF8D4266
:100DC800EAD802D1039B8342E6D8029B019A01200C
:100DD8009342E2D01F2302003B409A400B4B3462FF
:100DE80074631A60034B019A1A70D6E70120DCE796
:100DF800280100D0E52B002000400540442B0020AE
:100E08004CB00110E0B001106DB0011080E200E0BC
:100E180010B5EFF3108472B60A490B68002BFCD0AA
:100E2800BFF35F8F01238340074A084813620278A3
:100E38009A430270BFF35F8F00230B6084F310881E
:100E480010BDC046280100D000400540E52B002019
:100E5800054B984204D08023DB03044A1360704793
:100E680080231B04F9E7C0460080034000E00040EF
:100E780070B5060006200C00FFF764FB2100C000D7
:100E8800EFF7F8FA0124C50907D00E4B9D4215D893
:100E98007F23184000192C00450880200023746225
:100EA8008001B5622C36064333600620FFF74AFB03
:100EB800A10149198000EFF7DDFA70BD0025024C49
:0C0EC800EBE7C046FEFF0000FFFF00004B
:100ED40070B5040006200D00FFF736FB002825D06E
:100EE400144B9C4223D08023DB03134A1349136021
:100EF400134A136018008A689043FBD1290020002C
:100F0400FFF7B8FF6023E26A210053406E221340CA
:100F140080222C3152010A4313600A4B10222363AE
:100F240080239B010B431A600323A36470BD8023B9
:100F34001B04DAE70080034000E0004000C00040EA
:080F440000F000400103000071
:100F4C008023024A9B000343D36270470080054014
:100F5C00AA22064B12011A602F220549DA60054AB3
:100F6C0011605A68002AFCDA7047C0460040024003
:080F7C0000B0FA000060024021
:100F8400142310B50100188804331B88984710BD3A
:100F940070B50400012689004518AC4201D1300027
:100FA40070BD2068FFF7ECFF01C4431E9841404226
:040FB4000640F2E71A
:100FB8008022094B5202196D1142FCD009225A674E
:100FC800064B053ADA67064B1A68064BDA67064B92
:100FD8001A68064B1A64704700001150043011500B
:100FE8009027002000400140342B002000C0014021
:100FF80010B51020FFF7EEFA082802D11D4800F0BE
:101008002DF91D4B0F20DA6F1C4B1A601C4B1A6C04
:101018001C4B1A6001221100FFF7E6FA02210F208B
:10102800FFF708FB184B03211A68082353401F22B7
:101038001340164A0F201360FFF7ECFA0222144BF4
:10104800DA67144B9218DA67134B08325A671B6D2C
:101058001B079B0F012B05D07B21104B104A114811
:1010680000F076F8FA2000218000FFF7F5FDFFF781
:101078009FFF10BDFAB001100040014090270020EA
:1010880000C00140342B00207C4001407C500140CE
:101098000020115004201150000011501CB1011003
:0810A800C2B1011034B10110C6
:1010B00010B500F015F8012807D1032203490B6D84
:1010C0009B081342FBD0FFF797FF10BD00001150A3
:1010D000024B18688007C00F7047C04600C006402A
:1010E0008023DB0518680B49030B020510B59BB282
:1010F000120D8A4205D02221074B084A084800F009
:101100002BF8022B03D02321064B044AF6E7000FED
:1011100010BDC04627090000E0B1011072B20110F5
:0811200001B2011061B20110DF
:10112800084A03001168002901D1074911601068B5
:101138000649C3188B4201D813607047012040420A
:10114800FBE7C04694270020C4AC002000FC032025
:1011580013B50C001900074B002A01D1064B1A00E1
:101168000192009302002300044801F0F5FF00BE3D
:10117800FDE7C04686B20110C1B2011093B201105A
:10118800264B274A70B51A60264A274C1500274B6C
:101198002360180091688843FBD1254E254B9E4259
:1011A80025D3FFF757F9244B2360AB68DB01803365
:1011B800FBD14022214B22489A675A671A67DA66A0
:1011C800204B984216D3204D204CC0222800A168FD
:1011D80001F0CEFEA560EFF736F8002800D000BE7B
:1011E800FFF7ACFCFFF71CFCFFF73EF870BD08CE1C
:1011F8009847D3E7040003680834002B0BD0012B71
:1012080005D08321124B134A1348FFF7A1FFFFF7BC
:101218001EF82000D4E7FFF70DF8FAE700E00040D9
:10122800BFCDFBFE00C0004000F00040FE7F3C0048
:101238006C11002070110020FFFFFF0100F0014039
:101248006C1100206C1100200000002000ED00E06F
:0C125800C2B201104DB30110DFB2011052
:101264000FB407B5074801F0DBFF049B002B07D040
:1012740005A91800019105F0F5FA034801F0D0FF23
:0C12840000BEFDE73DB301104BB30110AC
:1012900010B5034B034A1B6800211068984710BD26
:0812A0001C290020382B00205E
:1012A80010B5034B034A1B6800215068984710BDCE
:0812B8001C290020382B002046
:1012C000F7B5160004000D001022002907D1254BA8
:1012D0001B68002B03D0244901F092FEF7BD0021CA
:1012E000200001F0DBFE01235B422049A3602800BF
:1012F000E580A680F9F728FB1D49C7B23000F9F751
:1013000023FBC0B2874206D000221A4913001A48B4
:101310000092FAF79BFA78427841E121174B40425C
:101320008003C01849022060FFF7D4FD0221280085
:10133000FFF73EF902213000FFF73AF910221000C2
:101340002368D96A2C338843802149010B431860F4
:10135000002DC3D12100044801F052FE0122014BAF
:101360001A60BBE7402B00208CAC0020E4A90110E0
:1013700078A901105AB301100901098000800340C7
:0A13800010B50068FFF768FD10BD0E
:10138A0010B50400C1600068FFF79FFD10212368B3
:10139A00DA6A2C339143802252011343196010BD3B
:1013AC0037B51D00022A1CD8114B00689C5C4B1FE2
:1013BC00691EC9005B010B4321004D1EA941013C74
:1013CC0049000B4361424C41C16AA40023434B408A
:1013DC006E2102000B4080212C3249010A4313601C
:1013EC0037BD00220349130003480092FAF728FA8C
:0C13FC0081B301106EB3011009010980DB
:1014080010B50068044C054BA04203D11A60044B88
:10141800196010BD5A60FAE700400340382B0020DD
:041428001C2900205B
:10142C00F8B50C0003681F4915005E18711E8E413B
:10143C001D4A07001D491436934200D01C496A1EF0
:10144C0095413000FFF78CF93000E9B2FFF778F9DD
:10145C003B68012C15D0002C16D1210010220A4318
:10146C006142614189010A439A63002C0FD13821F2
:10147C005A6B34330A40190080235B010B431A600A
:10148C00F8BD20210022EAE700210A00E7E7012C41
:10149C00F6D10722596B3433114080225201134389
:1014AC001960EDE700C0FCBF004003409112011031
:0414BC00A912011060
:1014C0001022036899691142FCD11868C0B27047B4
:1014D0008022036898691042FCD0C9B21960704735
:0C14E000036801209B691B0998437047BA
:0A14EC00036898690006C00F7047FE
:1014F60070B504000D00100022816381531C02D0D8
:101506000221FFF752F80A23E05E431C02D00221B3
:10151600FFF74BF8246880222300C02130335201A4
:101526001A430902032D03D1236B9943116070BD41
:10153600022D09D00023012D09D00020246B03437E
:1015460063400B401360F2E780231B02F5E780201F
:04155600C001F3E7F6
:0C155A0010B5002801D1F9F7EEFB10BD20
:081568000048704784B3011034
:1015700010B50020FFF748FB00200249FFF792FB5F
:0815800010BDC0465B1501100F
:0C158800014B986A7047C04600400540C7
:10159400F7B50025124C0190F9F7E8FF019EA36A04
:1015A4002F009E420DD2FFF741FB2A004B1CB618B8
:1015B4005F4132003B000020FFF7BCFBF9F7ECFF72
:1015C400F7BDFFF733FB0029F3D0FFF72FFB01230F
:1015D40001225B428018594160602560E9E7C046FA
:0415E400004005407E
:0815E80010B5F9F7A9FB10BDD5
:0A15F00010B50020FFF710FC10BD3D
:0815FA0010B5FFF7F8FF10BD6A
:0A16020010B50020FFF70BFB10BD30
:10160C0010B5062001F0D4FF0120FAF723FAC046EA
:0C161C00014B18687047C046C007002052
:1016280070B505000C1E47D0002802D0836B002B34
:1016380048D001260C22A35E626E32423FD19B0540
:1016480030D52100280000F061F8E36A0600002B7D
:1016580004D0E1692800984700283CDBA3891B06D1
:101668003CD4216B002908D023004033994202D092
:101678002800F9F7ADFE00232363616C002904D02C
:101688002800F9F7A5FE0023636400F0F3F90023AE
:10169800A381636EDB0726D5A06D01F0B1F800F0D9
:1016A800F1F90AE0A06D01F0ADF80C22A35E002B61
:1016B800C7D1636E1E401AD00026300070BD002BC3
:1016C800FAD0BEE7012600F04FF90C22A35E626E45
:1016D8003242F4D1B3E701267642BFE721692800F8
:1016E800F9F776FEBDE7A06D01F08EF8D4E7A06D9E
:0816F80001F08AF8E1E7C046A9
:1017000010B5034B01001868FFF78EFF10BDC046EF
:04171000C0070020EE
:10171400F0B5C64600B50C23CA5E804693B20C00F1
:10172400190746D480231B0113436268A381002A4E
:101734005FDDA56A002D5FD042464146166800224F
:101744009BB20A60E169DA0400D57EE0012300223D
:101754004046A847431C55D0A389A56AE1695B07A5
:1017640006D56368C01A236B002B01D0E36BC01A43
:10177400002302004046A847431C4FD0A389364AA1
:1017840013400022626022691BB2A3812260DB0441
:1017940059D44346216B1E6000292DD023004033C9
:1017A400994202D04046F9F715FE00230020236336
:1017B40023E02669002E1FD022682660951B002294
:1017C4009B071DD0A260002D04DC15E036182D1AED
:1017D400002D11DD2B003200E1694046676AB847ED
:1017E4000028F3DCA389402201201343A381404253
:1017F40003E0E26B002A9CDC002004BC9046F0BDB0
:101804006269DFE743461B68002BA5D01D2B01D07E
:10181400162B1CD1434600201E60EEE743461D688C
:101824000C22A35E1D2DDED80C490122E9408A4317
:10183400D9D10949626022690B40A3812260DB048B
:10184400A7D5002DA5D12065A3E7206D87E7402209
:10185400A3891343A381D0E7FFF7FFFF01004020D2
:1018640070B505000C00002802D0836B002B16D045
:101874000C22A35E0026002B0FD0626ED20701D487
:101884009B0513D521002800FFF742FF636E060075
:10189400DB0702D4A3899B0504D5300070BD00F09A
:1018A40065F8E5E7A06D00F0B1FFF6E7A06D00F084
:0418B400ABFFE7E7B8
:1018B80010B5011E04D0054B1868FFF7CFFF10BD07
:1018C800034B0449186800F0D7FEF8E7C00700206A
:0818D80094B401106518011021
:1018E000002310B504000360436083608181436678
:1018F000C281036143618361082200215C3001F0F1
:10190000CDFB2000064BE4612362064B5830636236
:10191000054BA362054BE36200F074FF10BDC046A7
:10192000013601102936011065360110913601107B
:1019300010B5024900F0A4FE10BDC04629160110E2
:1019400070B568244A1E54430E0021007431F9F723
:10195000F9FC051E09D000232200036046600C300C
:10196000A8606832002101F099FB280070BDC046D4
:1019700070B50400144D280000F048FFA36B002B45
:101980001DD1124A0421E263B8229200A350B92368
:1019900003229B00E2500833E218043BE2506068E7
:1019A0000022FFF79DFF01220921A068FFF798FFA1
:1019B00002221221E068FFF793FF0123A3632800AE
:1019C00000F026FF70BDC046A0AC00203119011008
:1019D000F8B5274E0700300000F018FF254B1D68B2
:1019E000AB6B002B31D0B8239B009C4665446B68E1
:1019F000AC68013B03D523E06834013B20D30C21C4
:101A0000625E002AF8D1002520001B4B5830E360AD
:101A1000656600F0F7FE300000F0FAFE2000256059
:101A2000A560656025616561A561082200215C30C3
:101A300001F034FB256365636564A5642000F8BD8F
:101A40002868002805D00500D1E72800FFF790FF9F
:101A5000C9E704213800FFF773FF28600028F2D19E
:101A6000300000F0D5FE0C2300243B60E6E7C046C2
:0C1A7000ACAC002094B401100100FFFF9A
:101A7C0010B5024800F0C4FE10BDC046ACAC00204E
:101A8C0010B5024800F0BEFE10BDC046ACAC002044
:101A9C00F0B583B00F00110001AA050006F08AF81A
:101AAC00061E36D02800FFF78DFF041E31D0DB2335
:101ABC0039005B00019A280001F038FB071E1FDB80
:101ACC00636EDB0715D5194BE7812362184BA68192
:101ADC006362184BE461A362174BE362F3051AD4FB
:101AEC00636EDB0702D4A3899B051BD5200003B0D2
:101AFC00F0BDA3899B05E6D4A06D00F081FEE2E762
:101B0C00FFF7B6FF0023A06DA38100F077FEFFF76F
:101B1C00B7FF0024EAE7022300222100280000F08E
:101B2C0055FADDE7A06D00F06DFEDFE70136011020
:0C1B3C00293601106536011091360110A9
:101B480010B5044B0A001B6801001800FFF7A2FF3C
:081B580010BDC046C0070020CB
:101B6000F0B54E46994657464546DE461300924626
:101B70004A46E0B5534383B006000D000C9C009329
:101B8000002B4FD0002803D0836B002B00D1ADE099
:101B90000C23E15E626E8BB2D20702D49A0500D4A8
:101BA000AEE080229201134206D10A43644B616E7B
:101BB000A2810B40636693B26768002F3ADB0098FE
:101BC0003A00216883469B073CD4B046060011E0EA
:101BD00028003A0001F0D0F923682100DB192360C6
:101BE0004046ED19F61B01F041FB002800D08EE0C5
:101BF00021686768BE42EBD8B3463200280001F086
:101C0000BBF963689B1B636023685B4423604B469E
:101C10000093636EDB0705D4A3899B0502D4A06DF6
:101C200000F0F6FD009803B03CBC90469946A246F1
:101C3000AB46F0BD00220098626000272168834611
:101C40009B07C2D5904200D993465A46280001F01E
:101C500093F95A462368216B5B441800236063683C
:101C60009B1A6360009B9B1A9846002961D0002B49
:101C7000CDD023004033994204D03000F9F7ACFBBB
:101C8000236818000023236323695D449B4663692E
:101C9000474698464B46B1460193060001E0002FA7
:101CA0004AD02561676125602100484601F0DEFACF
:101CB0005B4623614346636163682660FF1AED1843
:101CC000002363600028EAD0636EB846DB0705D4C2
:101CD000A3899B0502D4A06D00F09AFD4246009BAB
:101CE0005146981AEEF7CAFB00909BE7FFF740FEBB
:101CF0000C23E15E626E8BB2D20700D551E74DE74F
:101D0000A06D00F083FD0C23E15E8BB249E7636EAA
:101D1000B346DB0705D4A3899B0502D4A06D00F070
:101D200077FD5A46009B5146981AEEF7A7FB0090A4
:101D300078E7002BA8D16AE7019B994667E7C04680
:041D4000FFDFFFFFC3
:101D440010B50400054882B00068009313000A002F
:101D54002100FFF703FF02B010BDC046C0070020FA
:101D6400F8B50C000600F9F78BFE204FBB685D68E0
:101D740003239D431E4B2C1B9C466444240B1D4B88
:101D8400013C24039C4207DD0021300001F0FEFAEF
:101D9400BB685B19984204D03000F9F775FE002047
:101DA400F8BD6142300001F0F1FA431C0DD001226C
:101DB400BB682D1B15435D600F4B30001A68141B64
:101DC4001C60F9F761FE0120EAE70021300001F010
:101DD400DDFABA68831A0F2BDEDD08490968401A58
:101DE4000549086001210B435360D5E75C0D0020D1
:101DF400EF0F0000FF0F0000B02500206411002049
:101E0400F8B5CE464746050080B50C1E55D0F9F707
:101E140037FE210008394F68012438000323A0430A
:101E24000A1856689E43B146644EB368934229D05B
:101E34004B465360D3189C463C4242D10F68C91BA1
:101E44008B68C019984663465F6808239C46B4446F
:101E54002740E0456AD04346CC68DC60A360002F8D
:101E640032D1012448440443A0469368544C0F18CB
:101E7400A34200D17FE0D268DA60936043464B60AE
:101E8400386025E003004B443C4206D10A68891AB5
:101E940088689B18CA68C260906001221A434A602D
:101EA400484AB16012689A4204D8474B280019681E
:101EB400FFF756FF2800F9F7E7FD0CBC904699465A
:101EC400F8BD5F682740CCD0012303434B60085022
:101ED4003E4B98421AD9430A042B33D88209140082
:101EE40039323834D200B218083A936803279A4238
:101EF40039D05C68BC43844233D99B689A42F8D198
:101F0400D368CB608A609960D160D3E7C008FF3B97
:101F14008210FF3B93407268C000134373608619BC
:101F2400B368CE608B60B160D960C3E7002F41D144
:101F3400030090684B44D2681C43C26090604C60BC
:101F4400CB50B7E7142B07D9542B1CD8020B140021
:101F54006F326E34D200C6E71C005C335B34DA00A7
:101F6400C1E71A00CCE70123A410A340706803431F
:101F740073601300C5E7D9609960CB608B604346FA
:101F84004B60386096E7AA225200934205D8C20BF0
:101F9400140078327734D200A5E70D4A934205D86D
:101FA400820C14007D327C34D2009CE7FE227E2415
:101FB400920098E704434C6010607BE75C0D0020BE
:101FC400640D002068110020E0250020FF010000BE
:041FD40054050000B0
:081FD80010B500F001F810BD86
:101FE000F0B545465746DE464E46E0B50C0097B084
:101FF000050090461F00002802D0836B002B4AD0BA
:10200000626EA389D20702D49A0500D4F9E0842233
:1020100052001340934200D1EEE0A36A9946002B90
:102020003CD0012F15D0022F44D0002F42D01623D0
:102030002B60636EDB0702D4A3899B0536D501258F
:102040006D42280017B03CBC90469946A246AB466C
:10205000F0BD21002800FFF705FCA389DA0400D5B4
:1020600034E101230022E1692800C8470600431C2F
:1020700000D1CBE0A3892269590700D4D8E0636876
:10208000F61A236B002B01D0E16B761A0123B044C2
:102090009B46002712E0FFF76BFCB1E71D332B6076
:1020A000636EDB07CBD4A3899B05C8D4A06D00F079
:1020B000AFFBC4E7002300269B462269002A00D11B
:1020C000C0E00C23E25E914993B20B4272D18021B1
:1020D000C9008A460B4266D0C246002F00D0CEE02F
:1020E0005B46002B00D0B2E0A389DB0400D5C4E03E
:1020F00001230022E1692800C847431C5AD06368C5
:10210000216B1A00C61A8B46002900D1ABE0E16BA7
:10211000761A2269F61894466046A26B121AB61A0D
:102120005218B24500DBD3E0E36CE1695E425346EE
:102130001E40320000232800C847431C3AD0002329
:10214000216B636023692360002908D0230040339A
:10215000994202D02800F9F73FF900232363202297
:10216000A3899343A38153469E1B0DD021002800D1
:1021700001F07CF800281DD16368B3421AD32268AD
:1021800092199E1B22606660082220000125002112
:102190005C3000F083FF636E1D4002D1A3899B0574
:1021A0005CD500254DE75A4B994574D080231B011F
:1021B0001A43A28121002800FFF754FB002832D1E6
:1021C0003B004246E1692800C847431C2BD0216BE5
:1021D000002908D023004033994202D02800F9F7A3
:1021E000FBF80023236323694A4A236000236360CA
:1021F000A3891340A381C7E721002800FFF732FB22
:102200000BE7A06D00F002FBA38900E7636E3B4281
:1022100000D014E7A3899B0500D510E7A06D00F05E
:10222000F7FA35000DE7636EDB0700D404E706E735
:102230001B0700D42AE72368002B00D126E79B1A4E
:10224000F61823E72100280000F014FB39E7236B80
:102250009B46002B06D06368E16B5AE7A06D00F047
:10226000D7FAEEE6626823699C4661462368591AEC
:102270000023761A52189B4653E7206D3FE70E2342
:10228000E15E6A46280000F047F8002892D1049BDE
:1022900043449A4624E70E23E15E002986DB6A4622
:1022A000280000F039F80C23E25E002800D07DE71A
:1022B000F021019B09020B40802109028B4200D0D2
:1022C00074E753461A43E364A28105E7266DD2E61C
:1022D000B318534500D827E753469E1B63469B1906
:1022E00023605B46921B6260002B09D023004033C1
:1022F0009B4503D059462800F9F76EF80023236365
:102300002022A3899343A381183A3EE71A080000CC
:0823100065360110DFF7FFFF45
:10231800002370B5074C0500080011002360F9F789
:10232800BFFD431C00D070BD2368002BFBD02B6081
:08233800F9E7C0469CAC00204F
:10234000F0B54546DE4657464E46E0B5936883B045
:1023500000900D009046002B2DD08B891A0732D5A6
:102360000A69002A2FD0424616689A0737D56B6A49
:1023700000279A46AD4B00249946E969002C16D0F7
:1023800023004C4500D9A94B3A000098D0470028BB
:1023900000DC8FE043469B683F18241A181A434616
:1023A000986008D06B6AE9699A46002CE8D13768D2
:1023B00074680836E2E7002003B03CBC90469946BA
:1023C000A246AB46F0BD2900009804F029FB002886
:1023D00000D028E14246AB8916689A07C7D4DA07CD
:1023E00070D4002291468022920000279346AC6868
:1023F0002868002F53D05A46134200D1A8E0A246C5
:10240000BC4200D9D7E09022D20013422ED02969D5
:10241000441AA4466869019442001218D00F821829
:10242000781C521060449246904201D982460200C4
:102430005B0500D4D0E011000098F8F783FF041E7C
:1024400000D1EAE0019A296900F096FDAB89784A4B
:10245000134080221343AB815246019B2C61E0184C
:10246000BA463C00D31A28606A61AB6052464946BE
:1024700000F0C6FDAB681C1BAC603C0000272B685D
:1024800053442B6043469B68A1441C1B43469C60FD
:1024900000D190E7AC682868AB89002FABD13268D7
:1024A000776891460836A4E729000098FFF7DAF923
:1024B00000282DD00C22AB5E402201201343AB81BB
:1024C000404279E7002399469A46330000204E4661
:1024D0000027994625E000282FD0B346BE4200D9F8
:1024E000BB4628682A696B69904203D9AA689C1880
:1024F000A34563DC5B4500DD82E06C6A5246E96916
:102500000098A047041ED5DD361B0120002ECBD03D
:1025100043469B68A2443F1B1C1B43469C6000D162
:1025200049E7002FD7D14B461B689A464B465F6858
:1025300008239C46E144002FF5D03A000A2150467A
:1025400000F0B4FC002859D053460130C61AC4E745
:102550002B69834217D36B699A46BB4213D8354B1C
:1025600038009F4200D934485146EEF711F85346DF
:102570004A464343E96900986C6AA047002899DD00
:1025800004003F1B7EE7BC4200D93C0022004946C4
:1025900000F036FDAB682A681B1B1219AB602A607D
:1025A000002BEED129000098FFF75CF9002800D03D
:1025B00080E73F1B66E73C00BA4657E751462200DA
:1025C00000F01EFD2B6829001B192B600098FFF7F7
:1025D00049F9002898D06DE70098F8F71FFE041E0F
:1025E00000D039E7009C29692000F8F7F5FE802229
:1025F000AB899343743A1BB222605DE77E1C6CE7A3
:102600005A46514600F0FCFC5A46AB685C469B1AA1
:10261000AB602B685B442B6076E70C23009A136059
:102620000C22AB5E48E701204042C5E600FCFF7F7C
:0C2630007FFBFFFFFEFFFF7FFFFFFF7F2F
:10263C00B823F0B5C6469B00C71800B588460026DF
:10264C00002F13D07B68BC685D1E0CD4A389012BB2
:10265C0006D90E22A35E013302D02000C0470643E8
:10266C006834013DF2D23F68002FEBD1300004BC3E
:04267C009046F0BDD7
:10268000F8B54746CE4680B5B8278046BF004744D8
:1026900089460026002F14D07B68BC685D1E0DD4CF
:1026A000A389012B07D90E22A35E013303D0210099
:1026B0004046C84706436834013DF1D23F68002FC9
:0C26C000EAD130000CBC90469946F8BDF1
:1026CC00F0B5C64600B51D00160086B001AB0393ED
:1026DC0001236E43071E90460C9C019102960596B1
:1026EC00049302D0836B002B2FD00C23E25E636E1D
:1026FC0091B2DB0701D48B052AD580239B011942AB
:10270C0005D11343A381626E194B1340636603AA70
:10271C0021003800FFF70EFE636E002809D1DB079D
:10272C0002D4A3899B051AD5280006B004BC904698
:10273C00F0BDDB0702D4A3899B0514D5059841464F
:10274C00301AEDF795FE0500EEE7FFF70BF9CCE735
:10275C00A06D00F055F80C23E25E91B2CDE7A06DB0
:10276C0000F050F8E0E7A06D00F04CF8E6E7C0464A
:04277C00FFDFFFFF7D
:1027800010B50400054882B00068009313000A00E9
:102790002100FFF79BFF02B010BDC046C00700201C
:1027A00070B50D4E0D4DAD1BAD1006D00024A3002D
:1027B000F35801349847A542F9D1EDF75BFD084E77
:1027C000084DAD1BAD1006D00024A300F358013412
:1027D0009847A542F9D170BD6C11002070110020FE
:0827E000701100208C11002093
:1027E800044B1B685B6B002B00D1034B94225200F7
:0C27F800985C7047C0070020F00B002028
:042804007047C04613
:042808007047C0460F
:04280C007047C0460B
:042810007047C04607
:1028140070B50C001E000E23C95E96B01500002989
:102824000EDA00233360A3891B0605D4802300201D
:10283400DB002B6016B070BD402300202B60F9E74D
:102844006A46FFF767FD0028EBDBF022019B1202CA
:102854001340064A8020944663445A4253413360ED
:102864008023DB002B600001E4E7C04600E0FFFFAB
:1028740070B58B8982B006000C009B0707D5230036
:102884004333236023610123636102B070BD01AB54
:102894006A46FFF7BDFF009905003000F8F750FDC8
:1028A40000281ED08022154BF363A38920601343B4
:1028B400009A1BB26261019AA3812061002A02D1AD
:1028C4002B43A381E1E70E23E15E300005F0C4F958
:1028D400002810D00322A3899343012213431BB27F
:1028E400EEE70C22A35E9A05CFD40322934302227F
:1028F4001343A381C3E70C22A35EE1E7311901105E
:1029040010B5034B01001868F8F71AFD10BDC04656
:04291400C0070020D8
:1029180010B5034B01001868F8F75AFD10BDC04602
:04292800C0070020C4
:10292C00F0B557464546DE464E46E0B50D000B3534
:10293C0083B00700162D28D8102900D9C1E0F9F76B
:10294C009BF8102518230220CC4EF3181A005C6853
:10295C00083A944200D15BE1032362689A43130066
:10296C00E268A168CA6091600122E31859683800D6
:10297C000A435A60F9F784F82000083003B03CBCD5
:10298C0090469946A246AB46F0BD07239D4300D521
:10299C0097E0A94200D994E0F9F76EF8F823FF33D9
:1029AC009D4200D859E1680A00D18EE0042800D974
:1029BC0034E138239846A80980443930C100AF4E21
:1029CC0071180839CC68A14218D0032362689A4365
:1029DC001300521B0F2A00DD18E1002AC0DA032372
:1029EC009C4608E06246636893435A1B0F2A00DD3D
:1029FC000CE1002AB4DAE468A142F3D13200346964
:102A0C000832944267D00323616899438A460B00CD
:102A1C00491B0F2900DD0DE1726132610029A3DA37
:102A2C00974A924500D94AE1DB08FF3A9910FF3AE0
:102A3C008A40DB0071689B190A4399687260E360F5
:102A4C00A1609C60CC60012183109940914248D8D0
:102A5C000A4205D103239843490004300A42FBD0B3
:102A6C0003239846C3009946B144CC46824663463C
:102A7C00DC68A44507D1F4E0002A00DB10E1E4682F
:102A8C00A44500D1EDE04246636893435A1B0F2ADC
:102A9C00F2DD01208046611905436560A068E56898
:102AAC000836C560A8604046F160B16010434860CC
:102ABC00CE608E603800E250F8F7E2FF200008305C
:102ACC005CE70C2300203B6058E780213F23890002
:102ADC004020984673E70121726883109940914217
:102AEC00B6D90323B46862689A439046AA4202D3CB
:102AFC00531B0F2B7CDC634A634B93461B68126899
:102B0C00EB18013200D13BE1604A944663441B0B45
:102B1C001B0301930199380000F034FC030081463B
:102B2C00013300D1F9E04346E318834200D9F2E0C7
:102B3C00574A019992461268944652466144116074
:102B4C00834200D13EE15A461268013200D155E170
:102B5C004A46D31A59185346196007234A4613405C
:102B6C0000D123E1082189464A49D21A9144CB1A53
:102B7C00019A38004A441105090D5B1A19009B464D
:102B8C0000F000FC431C00D134E14B46C01A012379
:102B9C005844184353461B685B441900534619604C
:102BAC004B46B3605860B44212D043460F2B00D84A
:102BBC001CE1072260680C3B9343063A0240052057
:102BCC001A436260E218506090600F2B00D933E119
:102BDC00314B1A68914200D919600323B4686268BA
:102BEC009A432E4B1868814200D89AE0196098E0FD
:102BFC000122290013431143651961603800B56047
:102C0C006B60F8F73DFF20000830B7E64046F5E66C
:102C1C00DC680230A34200D1F0E69DE6142874D99A
:102C2C00542800D9AFE06E239846280B80446F30AF
:102C3C00C100C4E6012360191D43656070613061F9
:102C4C00C26082601A0053460A4342603800E15069
:102C5C00F8F716FF2000083090E62B00E808083340
:102C6C0072E608239B46073BDC449B46DA4443460A
:102C7C005246134200D0FAE66DE0C0465C0D0020CF
:102C8C00FF01000064110020E02500200F1000005F
:102C9C00B025002008100000D8250020DC250020DD
:102CAC000122E318596838000A435A60E368A268A5
:102CBC00D3609A60F8F7E4FE200008305EE65A0A0A
:102CCC00042A39D9142A74D85B23984690445C3270
:102CDC00D20008235B429C46B21894446346996820
:102CEC00032399468C4559D04B464A689A43524522
:102CFC0002D989688C45F7D1CB6872689C466346CB
:102D0C00A160E3609C60CC609DE65B2398468044A8
:102D1C005C30C10053E6B44274D00323B4686268DB
:102D2C009A43531B954202D80F2B00DD60E7380005
:102D3C00F8F7A6FE002021E69A093823984690441D
:102D4C003932D200C5E74B461A68083B0138914628
:102D5C009A4200D087E043460342F4D173688B4318
:102D6C0073604900994200D9BBE6002904D1B8E64A
:102D7C00042294464900E2440B42F9D0504671E6D5
:102D8C0010330193C6E6AA235B00984224D8DD3B9E
:102D9C009846E80B80447830C10010E64346012287
:102DAC009B109A4073681A437260A8E780235B01FA
:102DBC00DEE6542A2FD81A0B6E23984690446F32B5
:102DCC00D20086E71A0500D0BDE60120019BB2684F
:102DDC00434403435360FBE6244B984226D87C23A0
:102DEC009846A80C80447D30C100E8E501234A4692
:102DFC0053609CE7002301209B46CBE65B464A468A
:102E0C001A60AAE61A4A01999246126894465246EA
:102E1C006144116097E6AA2149008A4214D8DA0B62
:102E2C007723984690447832D20052E7FE217E23D5
:102E3C0089007F209846C2E5210038000831F8F758
:102E4C00C5FA53461968C3E608498A4206D89A0C53
:102E5C007C23984690447D32D2003AE7FE227E23B2
:102E6C009200984635E773687BE7C046540500002E
:042E7C00B02500205D
:102E800082B000290AD0002A0BD0002B0BD0137877
:102E90000B601078431E984102B0704701A9002AC8
:0C2EA000F3D10020F8E702204042F5E7E3
:102EAC0070B5CCB2830734D0531E002A1BD00278E5
:102EBC00A24219D0032504E0013B14D30278A242AC
:102ECC0012D001302842F7D1032B0ED8002B0AD098
:102EDC000278A24208D0C31802E00278A24203D0C2
:102EEC0001308342F9D1002070BDFF220D062D0C5C
:102EFC00114029430D04084E0D43026807496A40EE
:102F0C00511891433142E3D1043B0430032BF4D8E4
:102F1C00DCE71300D8E7C04680808080FFFEFEFE11
:102F2C0030B5032A1CD903000B439B070FD0047840
:102F3C000B789C4217D1012305E0C45C5D1CCB5C73
:102F4C009C4210D12B009342F7D1002030BD036876
:102F5C000C68A342EBD1043A04300431032AF6D8AE
:0C2F6C00002AE4D1F1E7E01AF0E7C046CB
:102F7800F0B50F2A37D90D0005430C000300AD0743
:102F880035D11500103D2D092E0136181036276849
:102F98001F6067685F60A7689F60E7681034DF603C
:102FA8001033B342F3D10F2401352D0149191440D0
:102FB8004519032C1DD90023CE58EE500433E61AC8
:102FC800032EF9D80323043CA4080134A4001A40B2
:102FD8002D190919002A05D00023CC5CEC540133C3
:102FE8009342FAD1F0BD0500002AF5D1FAE70500B1
:082FF800F2E72200F8E7C046F1
:10300000F0B588420AD98B18984207D2531E002A7D
:1030100003D0CA5CC254013BFBD2F0BD0F2A09D8D1
:103020000500002AF9D00023CC5CEC540133934214
:10303000FAD1F2E70D0005430C000300AD0729D1DA
:103040001500103D2D092F013F18103726681E600E
:1030500066685E60A6689E60E6681034DE601033C5
:10306000BB42F3D10F2401352D01491914404519F4
:10307000032C11D90023CE58EE500433E61A032E48
:10308000F9D80323043CA4080134A4002D1909191C
:0C3090001A40C6E70500C6E72200C2E7B0
:10309C00F0B5830746D0541E002A42D0CEB20200AF
:1030AC00032502E01A00013C3BD3531C16702B4243
:1030BC00F8D1032C2DD9FF220A40150215432A04FE
:1030CC0015430F2C16D92700103F3F093E01B4467B
:1030DC001E001A0010366644156055609560D56068
:1030EC001032B242F8D10F2201373F01DB191440E4
:1030FC00032C0ED9261FB608B700BC461A001F1D9C
:10310C00674420C2BA42FCD103220136B6009B1997
:10311C001440002C05D0C9B21C19197001339C4203
:0C312C00FBD1F0BD14000300C3E7C04657
:1031380070B50500080011000022064C22601A0034
:10314800F8F7CCFF431C00D070BD2368002BFBD0E0
:083158002B60F9E79CAC00209C
:103160000FB400B5064983B004AB086804CB81688E
:10317000019301F0F7FF03B008BC04B01847C04644
:04318000C007002064
:1031840030B5050089B008000C0000F079FC04ABF0
:10319400214A01930223069201220293AB6B05900C
:1031A4000130049407920390AC68002B25D00C23C3
:1031B400E25E636E91B2DB0701D48B0525D58023D3
:1031C4009B01194205D11343A381626E134B134033
:1031D4006366280001AA2100FFF7B0F84542684160
:1031E4000B254042636E0540013DDB0702D4A389F1
:1031F4009B0506D5280009B030BD2800FEF7B6FBB4
:10320400D5E7A06DFFF702FBF4E7A06DFFF7FCFA2A
:103214000C23E25E91B2D2E7ACB40110FFDFFFFFF2
:1032240010B5034B01001868FFF7AAFF10BDC04694
:04323400C0070020AF
:1032380010B5044B0A001B6801001800F7F7EAFFF5
:0832480010BDC046C0070020C4
:10325000092310B5828913400022092B01D01000E8
:0C32600010BDFEF729FB0200F9E7C04694
:10326C00F8B505000C00002802D0836B002B45D06C
:10327C0080210C22A35E89019AB20A4206D10B432B
:10328C003D4A616EA3810A4062669AB20021616078
:10329C0091063ED451071DD4D10664D5082616429A
:1032AC0050D104221343A3812369002B56D00C2345
:1032BC00E75EBEB2B3072FD12369280023602269D1
:1032CC006369E169256AA847030060600020002B50
:1032DC0017DDF8BD216B0029E6D02300403399425D
:1032EC0002D02800F8F772F800232363E36B6360C5
:1032FC00002BD9D0A36B00202360EAE7FEF732FB4A
:10330C00B6E70C21625E002B17D040231A43606095
:10331C00A28101204042DCE70123A381174B18490D
:10332C001868FFF785F90923A7811E40092EC3D120
:10333C0021002800FEF7E8F9BEE720231A43A281FA
:10334C000138C6E721002800FEF786FA0028E0D1F4
:10335C00A389A060B3431BB2A061A2E7210028009F
:10336C00FFF782FAA3E709222A60402201201343C7
:10337C00A3814042ADE7C046FFDFFFFF94B40110CC
:04338C0051320110A9
:10339000002370B5064C050008002360FDF7C4FE4D
:1033A000431C00D070BD2368002BFBD02B60F9E7D5
:0433B0009CAC0020B1
:1033B4004A424A41802310B55200DB0000F002F873
:0433C40010BDC04632
:1033C800F0B5CE46474680B51F00614B83B01D68F7
:1033D800040089461600002D03D0AB6B002B00D1EA
:1033E8007DE0022E05D0012E00D9ACE0002F00DAD6
:1033F800A9E0636EDB0733D521002800FEF72EFA1B
:10340800216B002908D023004033994202D02800BC
:10341800F7F7DEFF002323630023A36163600C2218
:10342800A35E1A065FD44B4A13400022A38190463C
:10343800022E1CD1022213430022A2602200433232
:10344800226022610122616EA3816261114201D171
:103458009B0560D5404603B00CBC90469946F0BD2C
:10346800A3899B05C8D4A06DFFF7CCF9C4E701ABCD
:103478006A4621002800FFF7C9F9A3891843A081EB
:10348800002F37D1009F3800FFF738FA814600280F
:1034980047D08022A3891343A381AB6B002B2FD085
:1034A8000C22A35E009ABA4203D080221201134371
:1034B800A381012E02D101221343A3814A4622602F
:1034C800226108229BB267611A401DD1A2600122C5
:1034D800616E11408846BBD000239846BAE72800A1
:1034E800FEF742FA7DE721692800F7F771FF0C2201
:1034F800A35E98E74B46002BC5D0AB6B002BCFD112
:103508002800FEF731FACBE7DA0708D500227F4218
:10351800A260A761DBE7A06DFFF776F99AE7A760DD
:10352800D5E7009B9846BB4205D10C22A35E012239
:10353800524290467EE71800FFF7E0F981460028DE
:10354800F3D04746A5E701235B42984682E7C04689
:08355800C00700205CF3FFFF37
:1035600070B505000C001F2922D8B7239B00C35853
:10357000002B0ED08A009B181A68002A09D0012A55
:1035800010D0511C10D0002120001960904700205D
:1035900070BD280000F030F822000100280000F083
:1035A00017F8F5E70020F3E7162303600120EFE7A3
:0C35B0001623036001204042EAE7C046F9
:1035BC0010B5034B01001868FFF7CCFF10BDC046D7
:0435CC00C007002014
:1035D000002370B5074C050008001100236005F0BA
:1035E0005BF8431C00D070BD2368002BFBD02B6020
:0835F000F9E7C0469CAC002085
:0835F80010B505F045F810BD07
:1036000070B50C000E25495F04F0B0FE002803DB06
:10361000236D1B18236570BDA389024A1340A38143
:08362000F9E7C046FFEFFFFFD0
:10362800F8B516001F000C228B5E0C0005000E2258
:10363800895EDA0507D50022022304F029FB0C2253
:10364800A35E0E22A15E044A28001340A381320023
:0C3658003B0003F0CDF9F8BDFFEFFFFFD1
:1036640070B50C000E25495F04F014FB431C06D012
:103674008023A2895B011343A381206570BDA389C4
:0C368400014A1340A381F9E7FFEFFFFFAC
:0C36900010B50E23C95E03F02DFA10BD2A
:10369C000323CAB2F0B50340002A39D0002B0ED058
:1036AC000378002B57D09A4231D0032404E00378DE
:1036BC00002B50D093422AD001302042F7D1FF2565
:1036CC0029400D0229430D040D4329000468234EA3
:1036DC0061408B198B43A119A143214E0B433342FB
:1036EC000BD1043001681D4F0C00CB196C408B437F
:1036FC00E119A1430B433342F3D00378002B04D1DF
:10370C0029E001300378002B25D09A42F9D1F0BD85
:10371C00002B0AD00378002BF9D0032202E00378A7
:10372C00002BF4D001301042F9D102680B4B0C493C
:10373C00D31893430B4206D104300268074BD318BD
:10374C0093430B42F8D00378002BE0D00130037880
:10375C00002BFBD1DBE70020D9E7C046FFFEFEFEC5
:04376C008080808059
:1037700003000A7801311A700133002AF9D1704729
:1037800070B504780600002C12D00D78002D09D0F9
:10379000A5420BD00B0001E0A24207D001331A78FA
:1037A000002AF9D101300478002CEFD1801B70BDC4
:0437B0000020FCE712
:1037B40070B50D0011008E2D00D9A3E0584EAC0059
:1037C4003459A746574870BD5748FCE75748FAE7AD
:1037D4005748F8E75748F6E75748F4E75748F2E7F9
:1037E4005748F0E75748EEE75748ECE75748EAE709
:1037F4005748E8E75748E6E75748E4E75748E2E719
:103804005748E0E75748DEE75748DCE75748DAE728
:103814005748D8E75748D6E75748D4E75748D2E738
:103824005748D0E75748CEE75748CCE75748CAE748
:103834005748C8E75748C6E75748C4E75748C2E758
:103844005748C0E75748BEE75748BCE75748BAE768
:103854005748B8E75748B6E75748B4E75748B2E778
:103864005748B0E75748AEE75748ACE75748AAE788
:103874005748A8E75748A6E75748A4E75748A2E798
:103884005748A0E757489EE757489CE757489AE7A8
:10389400574898E7574896E7574894E7574892E7B8
:1038A400574890E757488EE757488CE757488AE7C8
:1038B400574888E7574886E7574884E7574882E7D8
:1038C400574880E757487EE757487CE757487AE7E8
:1038D400574878E7574876E7574874E7574872E7F8
:1038E400574870E757486EE757486CE757486AE708
:1038F400574868E7574866E7574864E7574862E718
:10390400574860E7002B08D01A00280001F026FC75
:10391400002800D057E7534855E70300F4E7C046B2
:10392400B0B40110ECB6011060BD011048BD011027
:1039340034BD011098BD011090BA0110C8B901102E
:1039440000BD011018BD011004B90110C4BC011060
:1039540038BB0110C0BD0110CCB7011094B70110E1
:103964009CB801109CB901108CB80110D4BD011091
:10397400E0B80110B4BA0110DCBC0110ACBC0110F9
:103984007CBC011064BC011044BC011024BC0110B7
:10399400F4BB0110D0BB011090BC011074BD011028
:1039A400B8BB01109CBB011088BB01106CBB01109B
:1039B40060BB01104CBB011028BB011010BB0110EF
:1039C400FCBA0110E4BA0110ECBB0110D4BA011026
:1039D400CCBA0110A8BA01107CBA011060BA011067
:1039E4004CBA01101CBA011010BA011000BA01102F
:1039F400E8B90110D8B90110B0B901108CB901109F
:103A04007CB9011064B9011044B9011024B9011042
:103A1400CCB80110BCB801107CB801106CB801100E
:103A240058B801104CB8011034B8011028B801106E
:103A340014B8011000B80110ECB70110C0B70110A0
:103A4400B0B7011080B701106CB7011050B7011066
:103A540044B701102CB701101CB7011000B70110B6
:083A6400F4B60110E8B70110EF
:103A6C0010B5044B0100002218680023FFF79CFEE0
:083A7C0010BDC046C007002088
:103A840010B5040083070AD00378002B23D0032247
:103A940002E00378002B1CD001301042F9D10268F7
:103AA4000E4B0F49D31893430B420FD104300268D5
:103AB4000A4BD31893430B4208D104300268074BD6
:103AC400D31893430B42F1D000E001300378002B6C
:103AD400FBD1001B10BD0020FCE7C046FFFEFEFE2C
:043AE40080808080DE
:103AE8000300F0B5C6460B4300B580469B0701D1DD
:103AF800032A1AD84646002A13D0531E9C460B7830
:103B0800771C3C003370002B21D0012307E060466E
:103B1800CD5CC01AFC18F5540133002D18D093421F
:103B2800F5D1404604BC9046F0BD04000D4D06E0BA
:103B3800043A0431261D2060032ADCD934000868C1
:103B4800094BC31883432B42F2D02600D5E76046C1
:103B5800211800220028E4D022700134A142FBD1B0
:0C3B6800DFE7C04680808080FFFEFEFE8C
:103B740070B504780600002C13D00D78002D09D000
:103B8400A54209D00B0001E0A24205D001331A7806
:103B9400002AF9D1801B70BD01300478002CEDD1CE
:083BA400F8E70020F7E7C04636
:103BAC00F0B5DE464E4657464546E0B5C3B00C0070
:103BBC00079191461093089004F05CF80368180084
:103BCC001A93FFF759FF1990A3891B0605D5236992
:103BDC000993002B01D100F023FF32AB2593002376
:103BEC0025AFBB607B6018930024002316931794B9
:103BFC000023CA4632AE14931B930C9353461B7886
:103C0C00002B47D05446252B02D11BE0252B03D08B
:103C1C0001342378002BF9D15346E51A0FD03360C9
:103C2C00BB6875605B19BB607B6801337B60072BDD
:103C3C0027DC08360C9B9C46AC4463460C932378DB
:103C4C00002B27D0631C9A46002316AAD377012297
:103C5C005242934600220B922032904620329146DB
:103C6C00383A637894460021002400255246180007
:103C7C0020380132099158283ED8BF498000085895
:103C8C0087463A000799089804F07EFB002809D172
:103C9C0032AECFE7BB68002B04D03A0007990898E6
:103CAC0004F072FB079B9B895B0601D501F058F968
:103CBC000C9843B03CBC90469946A246AB46F0BD2E
:103CCC000021303B1800099B0A959A460D00AB0069
:103CDC005D1913786D0045191800511C30380A0015
:103CEC000928F4D952468A46099252460B950A9DE8
:103CFC00180020385828C0D90999139392460029E6
:103D0C0001D001F01CFA139A002AC3D028AB1A7008
:103D1C00002216A9CA770A9501327EE180230999FF
:103D2C001D431378A3E7531C0A9313782A2B01D154
:103D3C0001F0CFF91800002230389346092801D938
:103D4C0001F097F8099B5946A2469B460A9A8B00AC
:103D5C005B185B0019181378541C180030382200BB
:103D6C000928F4D920005A465446824609928B46BB
:103D7C005246BDE7099913780420054377E7137879
:103D8C0001212B2473E710980999036804300B93D5
:103D9C0010900B981378002800DB68E740420B90DA
:103DAC00EAE7012309991D43137860E70999137811
:103DBC00002C00D05BE70121203458E709991393BC
:103DCC009246002901D001F0B2F96C4B1493AB066A
:103DDC0000D409E30722109B073393430132944626
:103DEC009C4462465C681B680E930F9410920223ED
:103DFC00EA0769D50E990F9A0800104364D0302158
:103E0C001EAA11704C206946091809781D4351707F
:103E1C00002216A9CA775A4601325BD1002291467C
:103E2C000A95012B00D1CFE0022B01D100F036FC1A
:103E3C000E980F995B4632AA90460993B34600E060
:103E4C00A0464A079446434665465C1EC6080723AF
:103E5C00CA08354311002A00034030332370280070
:103E6C000A43EDD10E900F9109995E468B460A9943
:103E7C0042461294C90701D500F0F1FC32AB1B1B72
:103E8C000D935B4609930D9B9B4500DA0993002328
:103E9C0015934B46002B00D1C8E0099B01330993C5
:103EAC00C4E013939246AB0600D4B2E20722109BF7
:103EBC0007339343013294469C4462465C681B680A
:103ECC000E930F9401231092002216A9CA775A461A
:103EDC000132A3D0002291468022290091430A91FD
:103EEC000E990F9A080010439BD15A46002A01D014
:103EFC0000F047FE002B01D000F071FC0120030004
:103F0C0032AA2B400D931292BBD02723302128AA22
:103F1C00D15416AA9446483363441293B1E71393D1
:103F2C00109B92461C1D1B6816A91A0012930023A5
:103F3C00CB77002A01D100F0A5FD5B46013301D1FE
:103F4C0000F08DFE5A4600211298FEF7A9FF0028BA
:103F5C0001D100F096FF129BC21A16ABDB7F0D92BB
:103F6C009946D343DB171A400023099210940A9503
:103F7C009B4615938DE7C046ECBD011074BF011034
:103F8C00099913939246002901D001F0D4F8AB069D
:103F9C0000D40FE20722109B07339343013294465F
:103FAC009C4462465C681B680E930F9410920F9BA6
:103FBC00002B01DA00F077FC16ABDB7F99465A46F2
:103FCC000123013288D10A950E9B0F9C002C01D045
:103FDC0000F07EFD092B01D900F07AFD27220E9B03
:103FEC0028A930338B54012316AA94460D936E33B3
:103FFC006344129345E7109992460A68242009926B
:10400C006A4612181278139328AB1A70002216A85D
:10401C00C2770A1D109201220A950992002291463C
:10402C0001320D92002293461592129302230A9AA2
:10403C001A40904602D0099B0233099384230A9AB2
:10404C00BC681A40119238D10B9B099A9D1A002D0D
:10405C0033DDCC4A7B689146102D1FDD22004C4687
:10406C0003E0103D0836102D16DD102110320133FF
:10407C0034607160BA607B60072BF2DD3A000799FF
:10408C00089804F081F9002800D00BE6103DBA68BE
:10409C007B6832AE102DE8DCA14614004A46641948
:1040AC00013332607560BC607B60072B01DD00F072
:1040BC003BFD16ABDB7F083699464B46002B0FD0E9
:1040CC0016AA1F23944663443360012373607B68F4
:1040DC0001340133BC607B60072B00DDC6E208367F
:1040EC004346002B0CD01EAB3360022373607B68FD
:1040FC0002340133BC607B60072B00DDC2E2083662
:10410C00119B802B00D120E25B460D9A9B1A9B469B
:10411C00002B32DD5A467B689B4D102A22DD102283
:10412C00A84691465D4603E0103D0836102D17DD7C
:10413C00424632604A46103401337260BC607B6088
:10414C00072BF1DD3A000799089804F01DF90028B7
:10415C0000D0A7E5103DBC687B6832AE102DE7DCC3
:10416C00AB4645465A465C44013335607260BC60D0
:10417C007B60072B00DDAFE208360A9BDB0500D520
:10418C0084E1129B33600D9B9C4673607B68644496
:10419C000133BC607B60072B00DD6BE108360A9BAA
:1041AC005B0731D50B9B099A9D1A002D2CDD754AA6
:1041BC007B68914610229046102D04DC1BE0103DCC
:1041CC000836102D17DD6F4A103432604246013329
:1041DC007260BC607B60072BF1DD3A000799089890
:1041EC0004F0D2F8002800D05CE5103DBC687B6878
:1041FC0032AE102DE7DC4A466419013324C6BC608C
:10420C007B60072B00DD36E30B9A099B9A4200DAA0
:10421C001A000C9B9C46944463460C93002C00D0D3
:10422C00CEE1002332AE7B60E8E413939246AB06FA
:10423C0051D50722109B07339343013294469C447B
:10424C0062465C681B6810920E930F9400233BE649
:10425C0009999246002901D000F061FF109A08CA12
:10426C001092AA0600D52BE3EA0601D500F058FC03
:10427C006A0601D400F054FC6A46128E1A80BDE422
:10428C00434609991D431378F1E4109992460B6843
:10429C003E4A0E9300230F9302331D431EAB1A802C
:1042AC0078220B1D10933A4B1392149302230BE6B6
:1042BC00137809996C2B00D1D2E310200543D6E476
:1042CC004B4609991D431378D1E4139310231D43D6
:1042DC009246AB06ADD4109A08CA1092EA0602D4E4
:1042EC006A0600D59BB20E9300230F93ECE5634650
:1042FC0009991D431378BAE409991393924600293E
:10430C0001D000F010FF0722109B073393431A00D3
:10431C0018CA9846109201221693179464006408E8
:10432C0052421C4B40462100EEF78EFA002800D07A
:10433C00CCE20122174B524240462100ECF746FAE0
:10434C00002800D0C2E21698179900220023ECF73F
:10435C0033FA002801D000F048FD16ABDB7F9946FC
:10436C00139B472B01DD00F080FC0B4B1293802339
:10437C009D437D3B09930D9300230A959B46159312
:10438C0087E5C04694BF0110A4BF0110307800002F
:10439C0074BF0110FFFFEF7F50BF011009991393F9
:1043AC009246002901D000F0ABFE10231D43AB0652
:1043BC0000D5EFE5109A08CA1092EA0600D56AE219
:1043CC006A0600D467E21BB20E93DB170F93EEE57F
:1043DC00099913939246002901D000F09CFEC44B1E
:1043EC001493AB0600D5F5E4109A08CA1092EA06AD
:1043FC0000D54BE26A0600D448E29BB20E93002330
:10440C000F93F4E4139310231D439246AB0600D58F
:10441C004CE5109A08CA1092EA0602D46A0600D536
:10442C009BB20E9300230F9301334DE501330D9393
:10443C001300A34691460C0008334A4659461560B2
:10444C0051600D9A5C44BC607A60072A00DDF6E28C
:10445C001E00994601320D9208364A4621AB136074
:10446C001B9B9C4653600D9B6444BC607B60072B7C
:10447C0000DC94E63A000799089803F085FF0028C1
:10448C0001D0FFF70FFCBC6832AE88E6139B652B9E
:10449C0000DC9FE01698179900220023ECF786F9B0
:1044AC00002800D12AE1934B01343360012373605F
:1044BC007B68BC6001337B60072B00DDB6E30836FC
:1044CC001F9B189A934204DB0A9BDB0701D4BC6840
:1044DC0065E61A9BBA683360199B9C4673607B68CF
:1044EC00624401331400BA607B60072B00DDBDE22F
:1044FC000836189B013B9846002B00DC4FE64246E1
:10450C007B687D4D102A00DC43E31022914622008B
:10451C00444604E00836103C102C00DC37E34946D6
:10452C001032013335607160BA607B60072BF1DDAE
:10453C003A000799089803F027FF002801D0FFF7ED
:10454C00B1FBBA687B6832AEE5E70B9B099A9B1A04
:10455C009846002B00DCD7E542467B68664D102A56
:10456C0022DD102291462200444603E0103C08361E
:10457C00102C17DD49461032013335607160BA607A
:10458C007B60072BF2DD3A000799089803F0FCFEDC
:10459C00002801D0FFF786FB103CBA687B6832AE6E
:1045AC00102CE7DCA046140042464444013335602D
:1045BC007260BC607B60072B00DDF6E20836A3E579
:1045CC003A000799089803F0DFFE002800D128E68E
:1045DC00FFF768FB082189467A6818990134531C47
:1045EC00B144012900DC29E1129ABC60326001223D
:1045FC007B607260072B00DDA6E24A461A990133F4
:10460C001160199A4946944664444A60BC609846C5
:10461C007B60072B00DDA5E208239C46E144434662
:10462C00169817994E465D1C189B0022013B9B4621
:10463C00002311950D950836ECF7B8F8002800D03A
:10464C00D3E04A46129B5C44013313604B465A46F6
:10465C00BC605A607D60072D00DDF0E143460233FB
:10466C000D934B461033B1461E00F6E63A000799FF
:10467C00089803F089FE002801D0FFF713FBBC68F3
:10468C0032AE2DE53A000799089803F07DFE00281C
:10469C0001D0FFF707FBBC6832AE31E50F20B44602
:1046AC0032AB19000E9A0F9B0400149D14402C5D24
:1046BC0016091D07013935430C701C0923002C0009
:1046CC002A001C43F0D10E920F9332AB5B1A12915D
:1046DC0066460D93FFF7D5FB3A000799089803F04F
:1046EC0053FE002801D0FFF7DDFABC6832AE44E57A
:1046FC0060BF011090BF0110A4BF01101F990029C9
:10470C0000DC5FE2159B1D00189B9D4200DD5DE106
:10471C00002D0BDD129B641933607B6875600133CF
:10472C00BC607B60072B00DD53E30836EB43DB17E3
:10473C001D40159B5B1B9846002B00DD4AE11F9B1F
:10474C00189A934200DAB4E10A9AD20700D5B0E184
:10475C001899159ACB1A8A1A1D00934200DD150080
:10476C00002D0EDD1599129A8C46624432607A68DF
:10477C00641901327560BC607A60072A00DD69E358
:10478C000836EA43D21715405B1B9846002B00DC19
:10479C0005E542467B68E04D102A00DCF9E1102269
:1047AC0091462200444604E00836103C102C00DCF4
:1047BC00EDE149461032013335607160BA607B60BF
:1047CC00072BF1DD3A000799089803F0DDFD00286E
:1047DC0001D0FFF767FABA687B6832AEE5E70023D1
:1047EC000D9332AB1293FFF74CFB5B46002B00DCB6
:1047FC0033E6102B01DC00F042FC2100C64D1026E4
:10480C004A465C46119B05E00832103C102C00DC3B
:10481C000CE60133103115605660B9607B60072BD4
:10482C00F2DD3A000799089803F0AEFD002801D09C
:10483C00FFF738FAB9687B6832AAE6E701210A98D3
:10484C00014200D0D0E6129871603060BC607B6091
:10485C00072B00DDF3E0931C0D931036FDE5302B98
:10486C0000D120E13023023A137032AB9B1A0D9326
:10487C001292FFF706FB3A000799089803F084FDA3
:10488C00002801D0FFF70EFABC68BDE40E9300239C
:10489C000F93FFF7ACFA0E93DB170F930F9B002BC4
:1048AC0001DBFFF789FB0E990F9A00244B429441D0
:1048BC000E930F942D2316AAD3779946FFF77FFBFF
:1048CC000C9A1A60D2175A60FFF798F91698179934
:1048DC0002000B00EDF7B8FF002800D0ACE320235A
:1048EC00139A9A435B469146013300D1C6E2472A9C
:1048FC0000D1C7E180235B002B430A93179B002B4D
:10490C0000DA78E2169A0993002390461193139BD0
:10491C00662B00D188E2462B00D1E7E24B46452BB3
:10492C0000D1B6E123AB049320AB03931FAB0293EE
:10493C005B4601930223424600930898099B02F0C0
:10494C008FF9139B1290672B00D0D6E3129B1A00A1
:10495C005A441400EA0700D4D2E100230022404656
:10496C000999EBF723FF2300002809D1239B302161
:10497C00A34205D25A1C23921970239B9C42F9D84E
:10498C00129A9B1A18931F9B15934B46472B00D1D9
:10499C00BEE1139B662B00D0C2E1159B002B00DC03
:1049AC0064E35B46002B00D053E3EB0700D550E3E8
:1049BC00159B09930D93119B002B00D0E0E116ABD6
:1049CC00DB7F994600239B46FFF763FA1D1E00DD33
:1049DC00A0E6ABE642467B684F4D102A00DC32E184
:1049EC00102291462200444604E00836103C102C5C
:1049FC0000DC26E149461032013335607160BA6043
:104A0C007B60072BF1DD3A000799089803F0BCFC9A
:104A1C00002801D0FFF746F9BA687B6832AEE5E7AB
:104A2C0040210898F6F788FC079B1860186100284D
:104A3C0000D169E34023079A5361FFF7CEF83A009F
:104A4C000799089803F0A0FC002801D0FFF72AF979
:104A5C007B68BC6801330D9332AB34AE9946FCE4F1
:104A6C00434601321D431378FFF701F93A000799C9
:104A7C00089803F089FC002801D0FFF713F9BC68F3
:104A8C0032AE36E55B460993062B00D9F1E0099B63
:104A9C0010940D93002399469B4615931F4B0A9532
:104AAC001293FFF7C3FA129A32AB9B1A0D93FFF7CE
:104ABC00E8F91A9A3260199A944672607A686444DA
:104ACC000132BC607A60072A00DD75E108363FE6EA
:104ADC0032ABB0460E9C0F9D1E00200029000A220E
:104AEC000023EBF7F3FE013E30323270002320003E
:104AFC0029000A22EBF7EAFE030004000D000B4329
:104B0C00EBD1320032AB9B1A12960E940F9546469F
:104B1C000D93FFF7B6F9C046A4BF011088BF011072
:104B2C000C9A1A60FFF76AF83A000799089803F094
:104B3C002BFC002801D0FFF7B5F816ABDB7FBC6867
:104B4C00994632AEFFF7B9FA3A000799089803F084
:104B5C001BFC002801D0FFF7A5F832AABC687B68C3
:104B6C0091464AE53A000799089803F00DFC002895
:104B7C0001D0FFF797F87B68BC68984632AB994632
:104B8C004DE5012B01D0FFF74FF9FFF727FAA046AF
:104B9C00140042464444013335607260BC607B6053
:104BAC00072B01DCFFF7FAFA64E43A00079908983E
:104BBC0003F0EAFB002801D0FFF774F8BC6832AEB2
:104BCC00FFF7A2FAD64B01343360012373607B6884
:104BDC00BC6001337B60072B00DD18E1083600292F
:104BEC0002D1189B002B47D01A9B3360199B9C4613
:104BFC0073607B6864440133BC607B60072B00DD11
:104C0C004CE132000832002900DA82E112990133BA
:104C1C00116018997B608C4664445160BC60072B12
:104C2C0000DD27E408321600FFF7B9FA3A000799BD
:104C3C00089803F0A9FB002801D0FFF733F832AE37
:104C4C003EE4A04614004246444401333560726091
:104C5C00BC607B60072B00DD3CE108366FE51298E9
:104C6C00FEF70AFF0200FFF778F9AE4B1293FFF73D
:104C7C007EFB062309930AE70A9BDB0701D4FFF7A7
:104C8C008EFAB1E75B46002B00D033E601239B463E
:104C9C0030E65B465A1C23AB049320AB03931FAB4B
:104CAC00029302230D92019200934246099B0898AD
:104CBC0001F0D6FF1290139B472B00D003E2EB07B9
:104CCC0000D4ECE10D9A129B944663441C00139B98
:104CDC00462B00D041E6129B1B78302B02D01F9B39
:104CEC00E4183AE60022002340460999EBF75EFDF2
:104CFC000028F4D101230D9A9B1A1F93E4182CE67B
:104D0C00239AD31A18931F9B15934B46472B07D105
:104D1C00159BDA1C01DB9B453ADA139B023B139380
:104D2C006A464C21159B521812785C1E21AB1F94BD
:104D3C0099461A70002C00DA6CE12B234A4653700A
:104D4C00092C00DD11E130234A4630349370D470C5
:104D5C0022AB4A469B1A189A9C46110061441B933D
:104D6C000D91012A00DC5CE1199B0D9A9C46624472
:104D7C00D343DB170D921A400023099215931AE6C0
:104D8C002D2316AAD377994600239B46FFF785F867
:104D9C00159B18998B4200DA8EE0EA0700D42FE1BC
:104DAC00199B159A9C4662440D92D343DB171A400B
:104DBC00672309921393FEE53A000799089803F0CC
:104DCC00E3FA002801D0FEF76DFF1F9BBC6832AEE2
:104DDC00BEE43A000799089803F0D6FA002801D0EF
:104DEC00FEF760FFBC6832AEA0E42D2316AAD37781
:104DFC009946FFF7B5FA8022169B179C1206984627
:104E0C0094462300634409932D2311937FE53A00C4
:104E1C000799089803F0B8FA002801D0FEF742FF72
:104E2C001F99BC6832AEDAE623AB049320AB039334
:104E3C001FAB02935B4601930323424600930898F1
:104E4C00099B01F00DFF03005B441C005B461290B4
:104E5C000D9340E73A000799089803F095FA00285B
:104E6C0001D0FEF71FFF189B1F9ABC689B1A32AE2D
:104E7C0087E40A9A92465246FEF73AFF06239B466F
:104E8C0038E516ABDB7F109499465B4609930D937E
:104E9C0000230A959B461593FEF7FBFF3A000799F2
:104EAC00089803F071FA002801D0FEF7FBFE1F9959
:104EBC00BC687B6832AAA6E6199B189A9C46159B7F
:104ECC0062440D92002B00DD6FE7159A0D9B981A2A
:104EDC00421C69E73A000799089803F055FA002834
:104EEC0001D0FEF7DFFEBC6832AE28E423AB04939E
:104EFC0020AB03931FAB02935B4601930323424603
:104F0C0000930898099B01F0ABFE5B4612900D9341
:104F1C00D8E64E42044D103168DA1021884609E07B
:104F2C0090BF011054BF0110A4BF01100832103EF5
:104F3C00102E5BDD41461034013315605160BC60AE
:104F4C007B60072BF2DD3A000799089803F01CFAF6
:104F5C00002801D0FEF7A6FEBC687B6832AAE6E703
:104F6C0001235B420C93FEF7A3FE16AA3B23944647
:104F7C006344B346A8461E0000E02E0020000A2120
:104F8C00EBF7E6FB751E3031297020000A21EBF798
:104F9C00F9FA04000928F0DC32002B0016A95E4651
:104FAC004546934698468C4613003B223034E4B277
:104FBC00023B62441C709A4200D899E03B235A464B
:104FCC0063449A1A012358465B4201E0C45C0133E6
:104FDC004946C918CC709A42F8D116A98C462E2293
:104FEC00434662449446FB1A6344B2E6A419013367
:104FFC0015605660BC607B60072B57DC083205E6F9
:10500C001A00DB431100DB171940672309910D923D
:10501C001393D0E40124159B4A46E41A2D235370B4
:10502C008EE601232B40159300D09DE6CB430A005E
:10503C00DB171A400992BEE4179B002B27DB16AB3B
:10504C00DB7F9946139B472B1DDC3F4B1293FFF7DD
:10505C008EF9199A159B94466344180002005A4421
:10506C00D343DB170D921A400992A4E45B46002B44
:10507C0012D1EB0710D4012309930D939BE4330059
:10508C00324DFFF7DAF9324B1293FFF770F92D23FB
:10509C0016AAD3779946D5E7199B581CDEE7239BB4
:1050AC00129A9B1A18931F9B159331E63A00079995
:1050BC00089803F069F9002801D0FEF7F3FDBC68ED
:1050CC007B6832AAA2E5129A0D9B944663441C009D
:1050DC0043E4109B0999181D1B689B46002B02DAB0
:1050EC0001235B429B46537810900A9AFEF7BFFD52
:1050FC0016AA2E23944663442BE65B460D93DAE501
:10510C0016ABDC77FFF751F90C23089A13600D3BB3
:10511C000C93FEF7CDFD16ABDC77FFF760F916AB01
:10512C00DC77FFF79BF816ABDC77FFF7ECF816ABE8
:10513C00DC77FEF74AFE16ABDC77FEF728FF16ABE2
:10514C00DC77FEF7E0FDC04658BF0110A4BF01108C
:04515C005CBF011023
:045160000020704774
:10516400F0B5DE464E4645465746E0B5C3B08B46DD
:1051740091461C000D930500079002F07FFD036823
:1051840018001A93FEF77CFC1990002D04D0AB6B29
:105194000893002B00D1A9E05B465A460C21595EC6
:1051A400526E8BB2D20702D49A0500D4C7E0802293
:1051B4009201134209D10A435B4659469A81496ECA
:1051C400B64B0B4059464B6693B21A075ED55A4606
:1051D4001269002A5AD01A221A400A2A6FD032AB16
:1051E4002593002325AFBB607B6018930024002324
:1051F400169317940023DA46CB4632AE14931B93CE
:105204000A935B461B78002B00D141E25C46252BB8
:1052140002D11CE0252B03D001342378002BF9D1D3
:105224005B46E51A0FD03360BB6875605B19BB60E1
:105234007B6801337B60072B5CDC08360A9B9C4649
:10524400AC4463460A932378002B00D120E2631C0C
:105254009B46002316AAD37701225242914600228C
:105264000B92203294462032637890460021002429
:1052740000255A460132089118002038582801D9CF
:1052840000F018FC8649800008588746594607985C
:1052940001F0C4FB5B4600280CD05B6EDB0705D431
:1052A4005B469B899B0501D400F0FCFB01235B4218
:1052B4000A933CE01A229B891A400A2A8FD15A4643
:1052C4000E21525E002A8ADB5A46526ED20705D45A
:1052D4009B0503D45B46986DFDF798FA23004A4674
:1052E4005946079801F07AFA0A9020E00798FCF7EB
:1052F4003DFB51E73A005146079803F015F90028A1
:1053040009D132AE9AE73A005146079803F00CF9F6
:10531400002800D1B4E1D3465A465B46526E9B89BD
:10532400D20702D49A0500D4B5E35B06BED40A982A
:1053340043B03CBC90469946A246AB46F0BD5B46A2
:10534400986DFDF761FA5B460C21595E8BB22EE72E
:105354000021303B1800089B09959B460D00AB00CB
:105364005D1913786D0045191800511C30380A0076
:105374000928F4D9594693460B95099D08915A4634
:105384007AE708991378002C00D073E701212034C0
:1053940070E7012308991D4313786BE70899139369
:1053A4009346002901D001F00AFA3E4B1493AB0650
:1053B40000D437E307220D9B07339343013294460D
:1053C4009C4462465C681B680E930F940D92022302
:1053D400EA070DD50E990F9A0800104308D0302122
:1053E4001EAA11704C206946091809781D43517092
:1053F400002216A9CA774A46013200D197E1002259
:10540400904680222900914309910E990F9A080031
:10541400104300D08EE14A46002A01D000F02DFE50
:10542400002B01D000F012FD0120030032AA2B4012
:105434000C93129208D02723302128AAD15416AAFB
:1054440094464833634412934B4608930C9B994506
:1054540000DA0893002315934346002B02D0089BDF
:10546400013308930223099A1A40109202D0089B30
:10547400023308938423099ABC681A40119241D1DB
:105484000B9B089A9D1A002D3CDD074A7B689046C9
:10549400102D28DD220044460CE0C046FFDFFFFF4C
:1054A400B4BF01103CC101105CC10110103D0836AD
:1054B400102D16DD10211032013334607160BA6092
:1054C4007B60072BF2DD3A005146079803F02CF875
:1054D400002800D01FE7103DBA687B6832AE102D5B
:1054E400E8DCA0461400424664190133326075605A
:1054F400BC607B60072B01DD00F028FD16ABDB7F71
:10550400083698464346002B10D016AA1F2394460B
:1055140063443360012373607B6801340133BC60EE
:105524007B60072B01DD00F005FC0836109B002B87
:105534000DD01EAB3360022373607B6802340133E9
:10554400BC607B60072B01DD00F001FC0836119B79
:10555400802B00D1B4E34B460C9A9B1A9846002B3F
:1055640032DD42467B68CA4D102A21DD1022914665
:105574002200444603E0103C0836102C16DD494650
:105584001032013335607160BA607B60072BF2DD45
:105594003A005146079802F0C7FF002800D0BAE647
:1055A400103CBA687B6832AE102CE8DCA0461400CC
:1055B40042464444013335607260BC607B60072B13
:1055C40001DD00F0EEFB0836099BDB0500D50FE397
:1055D400129B33600C9B9C4673607B68644401336C
:1055E400BC607B60072B00DDF6E20836099B5B0795
:1055F40039D50B9B089A9D1A002D34DDA54A7B688A
:10560400904610229146102D04DC1BE0103D083614
:10561400102D17DD9F4A103432604A460133726000
:10562400BC607B60072BF1DD3A005146079802F01D
:105634007BFF002800D06EE6103DBC687B6832AE6C
:10564400102DE7DC42466419013324C6BC607B603C
:10565400072B08DD3A005146079802F065FF002841
:1056640000D058E6BC680B9A089B9A4200DA1A00EC
:105674000A9B9C46944463460A93002C00D042E65D
:1056840000237B605B461B7832AE002B00D0BDE567
:10569400BB68D346002B01D000F085FF00237B605C
:1056A4003AE613930D9B93461C1D1B6816A91A001A
:1056B40012930023CB77002A01D100F040FE4B4621
:1056C400013301D100F09FFE4A4600211298FDF7F4
:1056D400EBFB002801D100F0E9FD129BC21A16ABC6
:1056E400DB7F0C929846D343DB171A4000230892C1
:1056F4000D94099599461593AEE613939346AB061C
:1057040000D476E107220D9B16A907339343013297
:1057140094469C4462465C681B680D920022CA77DA
:105724004A460E930F940123013200D067E600220B
:1057340090460995012B00D1D8E0022B00D113E348
:105744000E980F994B4632AA089391460C9600E0A6
:10575400A1464A0794464B466546C2085C1E072389
:1057640015432A000340CE0830332370280031004B
:105774003243EDD10E900F9108994A468946099912
:1057840012940C9EC90700D5D4E332AB1B1B0C93B7
:105794005AE60D980899036804300B930D900B9802
:1057A4001378002800DB65E540420B900420054394
:1057B40060E5137801212B245CE508991378F5E75B
:1057C400531C9B4613782A2B01D100F0D1FF1800FB
:1057D4000022303891465A46092800D9CFE5089B63
:1057E4004946A34699468B005B185B001918137849
:1057F400541C1800303822000928F4D94A46894636
:1058040021005C468B4608925A4635E50899934632
:10581400002901D000F0C0FF0D9A08CA0D92AA0613
:1058240001D400F04AFC0A9A1A60D2175A60E8E4DC
:1058340013939346AB0600D4C8E007220D9B0733AD
:105844009343013294469C4462465C681B680D9203
:105854000E930F940023CBE50D9993460B680E4AE3
:105864000E9300230F9302331D431EAB1A8078223C
:105874000B1D0D93094B139214930223B8E513786F
:1058840008996C2B01D100F038FD10200543F1E498
:105894006CC101105CC10110307800003CC10110E2
:1058A400089913939346002901D000F079FF10233F
:1058B4001D43AB0600D4F8E207220D9B0733934344
:1058C400013294469C4462465C681B680E930F94B4
:1058D4000D920F9B002B00DAFAE216ABDB7F9846A1
:1058E4004A460123013200D08BE509950E9B0F9C9B
:1058F400002C00D0F1E0092B00D9EEE027220E9B0A
:1059040028A930338B54012316AA94460C936E3382
:105914006344129398E5089913939346002901D0A0
:1059240000F046FF07220D9B073393431A0018CA61
:1059340098460D920122169317946400640852420B
:10594400DA4B40462100ECF783FF002800D0C1E386
:105954000122D64B524240462100EAF73BFF002881
:1059640000D0B7E31698179900220023EAF728FF1E
:10597400002801D000F075FC16ABDB7F9846139B22
:10598400472B01DD00F03BFDC94B129380239D435F
:105994007D3B08930C9300230995994615935BE589
:1059A400802308991D43137864E4634608991D43D2
:1059B40013785FE4082308991D4313785AE413937A
:1059C40010231D439346AB0600D536E70D9A08CA4B
:1059D4000D92EA0602D46A0600D59BB20E93002308
:1059E4000F9305E5139310231D439346AB0600D58F
:1059F40088E60D9A08CA0D92EA0602D46A0600D512
:105A04009BB20E9300230F930133F1E4089913938F
:105A14009346002901D000F0C7FEA64B1493AB06B1
:105A240000D5C7E40D9A08CA0D92EA0600D55BE2D8
:105A34006A0600D458E29BB20E9300230F93C6E487
:105A44000D9993460A68202008926A461218127823
:105A5400139328AB1A70002216A8C2770A1D0D9260
:105A64000122099508920022904601320C920022EC
:105A7400129391461592F5E40899139393460029DD
:105A840000D116E716ABDC7713E7434608991D43AC
:105A94001378FFF7EFFB5B46986DFCF7B7FE5B46A8
:105AA4009B8942E45B46986DFCF7B0FE01235B42A0
:105AB4000A933CE4089913939346002901D000F01B
:105AC40082FE139A002A00D1E2E528AB1A70002264
:105AD40016A9CA7709950132C4E74A460E9C0F9D60
:105AE40032ABB1461E000892200029000A2200238E
:105AF400EAF7F0FE013E3032327000232000290024
:105B04000A22EAF7E7FE030004000D000B43EBD181
:105B14003200089B12964E46994632AB9B1A0E945D
:105B24000F950C9390E4082189467A6818990134FA
:105B3400531CB144012900DCDBE1129ABC603260E1
:105B440001227B607260072B00DD79E24A461A99D4
:105B540001331160199A4946944664444A60BC6012
:105B640098467B60072B00DD78E208239C46E144DD
:105B74004346169817994E465D1C189B0022013B1C
:105B84001093002311950C950836EAF713FE0028AC
:105B940000D061E1129A7D60013213004A4613601D
:105BA400109B9C4664445360BC60072D00DDB0E14B
:105BB400434602330C934B461033B1461E004A460B
:105BC40021AB13601B9B9C4653600C9B6444BC60DC
:105BD4007B60072B00DC09E53A005146079802F088
:105BE400A3FC002801D0FFF796FBBC6832AEFDE4AD
:105BF400139B652B97DD1698179900220023EAF76B
:105C0400D9FD002800D1D9E02B4B013433600123A6
:105C140073607B68BC6001337B60072B00DD12E39B
:105C240008361F9B189A934203DB099BDB0700D4B9
:105C340014E31A9BBA683360199B9C4673607B68B3
:105C4400624401331400BA607B60072B00DD5AE321
:105C54000836189B013B9846002B00DCC6E44246FC
:105C64007B68164D102A00DC0EE2102291462200B9
:105C7400444604E00836103C102C00DC02E249469D
:105C84001032013335607160BA607B60072BF1DD3F
:105C94003A005146079802F047FC002801D0FFF76C
:105CA4003AFBBA687B6832AEE5E7C046FFFFEF7F98
:105CB40018C1011028C1011058C101106CC1011094
:105CC4000B9B089A9B1A9846002B00DC43E442463F
:105CD4007B68DA4D102A20DD2200444603E0103CA4
:105CE4000836102C17DD1021103201333560716035
:105CF400BA607B60072BF2DD3A005146079802F048
:105D040013FC002801D0FFF706FB103CBA687B683F
:105D140032AE102CE7DCA046140042464444013362
:105D240035607260BC607B60072B00DDB8E108362B
:105D3400FFF711FC3A005146079802F0F5FB0028E2
:105D440001D0FFF7E8FABC6832AEFFF7EFFB3A0088
:105D54005146079802F0E8FB002801D0FFF7DBFA70
:105D6400BC6832AEFFF7F3FB0F200E9A0F9BB446CC
:105D740032A90400149D14402C5D1E071509013935
:105D84002E430C701C092300340032001C43F0D154
:105D94000E920F9332AB5B1A129166460C93FFF787
:105DA40053FB3A005146079802F0BEFB002801D08D
:105DB400FFF7B1FABC6832AEFFF706FC1F99002961
:105DC40000DC08E2159B1D00189B9D4200DD1D00B0
:105DD400002D0BDD129B641933607B687560013301
:105DE400BC607B60072B00DD3CE30836EB43DB172C
:105DF4001D40159B5B1B9846002B00DCC1E042460E
:105E04007B688E4D102A00DC8DE210222100914621
:105E140044463200564604E00832103C102C00DCA4
:105E24007DE248461031013315605060B9607B60F3
:105E3400072BF1DD3A003100079802F075FB0028CA
:105E440000D0BBE3B9687B6832AAE6E700230C9371
:105E540032AB1293FFF7F8FA109B002B00DCAEE68E
:105E6400102B01DC00F05BFC2100744D1C0010269B
:105E74004A46119B05E00832103C102C00DC22E25B
:105E84000133103115605660B9607B60072BF2DD79
:105E94003A005146079802F047FB002801D0FFF76B
:105EA4003AFAB9687B6832AAE6E70D9A08CA0D92F5
:105EB400EA0606D46A0604D51BB20E93DB170F93C9
:105EC40007E50E93DB170F930F9B002B00DB04E514
:105ED4000E990F9A00244B4294410E930F942D2354
:105EE40016AAD3779846FBE40E9300230F93FFF78B
:105EF4006EFA01210998014200D01EE612987160E1
:105F04003060BC607B60072B03DC931C0C93103661
:105F140055E63A005146079802F006FB002801D0E6
:105F2400FFF7F9F97B68BC6801330C9332AB34AEEC
:105F3400994644E6302B00D113E23023023A137021
:105F440032AB9B1A0C931292FFF77EFA3A00514639
:105F5400079802F0E9FA002801D0FFF7DCF916AB44
:105F6400DB7FBC68984632AEFFF7CCFA3A00514664
:105F7400079802F0D9FA002801D0FFF7CCF9BC68E1
:105F840032AE1F9B189A934248DB099AD20745D434
:105F94001899159ACB1A8A1A1D00934200DD150030
:105FA400002D0EDD1599129A8C46624432607A688F
:105FB400641901327560BC607A60072A00DD63E110
:105FC4000836EA43D21715405B1B9846002B01DCC8
:105FD400FFF70CFB42467B68184D102A54DD102253
:105FE40091462200444603E00836103C102C49DD5B
:105FF40049461032013335607160BA607B60072B0B
:10600400F2DD3A005146079802F08EFA002801D0DA
:10601400FFF781F9BA687B6832AEE6E71A9A326014
:10602400199A944672607A6864440132BC607A605A
:10603400072A00DD09E20836AAE7C0466CC1011050
:106044003A005146079802F06FFA002801D0FFF792
:1060540062F932AABC687B68914677E53A005146FA
:10606400079802F061FA002801D0FFF754F97B6821
:10607400BC68984632AB99467AE5012B01D0FFF70C
:106084005CFB3BE4A04614004246444401333560C3
:106094007260BC607B60072B01DCFFF7A6FA9BE50E
:1060A4003A005146079802F03FFA002801D0FFF762
:1060B40032F9BC6832AEFFF74EFAEA0606D46A0635
:1060C40004D56A46128D1A80FFF79BF80A9A1A6063
:1060D400FFF797F81698179902000B00ECF7B8FB36
:1060E400002800D0E4E22023139A9A4313000C9270
:1060F4004A46013200D1D6E0472B00D1BEE18023CD
:106104005B002B430993179B002B00DABDE1169A21
:106114000893002390461093139B662B00D1C0E193
:10612400462B00D12CE20C9B452B00D1F1E123AB93
:10613400049320AB03931FAB02934B4601930223BA
:10614400424600930798089B00F08EFD139B129023
:10615400672B00D030E3129B1A004A441400EA076C
:1061640000D404E10023002240460899EAF722FB08
:106174002300002809D1239B3021A34205D25A1CB5
:1061840023921970239B9C42F9D8129A9B1A189354
:106194001F9B15930C9B472B00D1F0E0139B662BA0
:1061A40000D0F4E0159B002B00DCAFE24B46002B43
:1061B40000D08AE2EB0700D587E2159B08930C9385
:1061C400109B002B00D024E116ABDB7F9846002304
:1061D4009946FFF741F9E04B0134336001237360C2
:1061E4007B68BC6001337B60072B40DC08360029E8
:1061F40007D1189B002B04D1099BDB0701D4FFF7BF
:10620400F5F91A9B3360199B9C4673607B68644460
:106214000133BC607B60072B00DD6CE13200083287
:10622400002900DACDE112990133116018997B60DD
:106234008C4664445160BC60072B00DDCCE408321A
:106244001600FFF7D3F93A005146079802F06CF9AB
:10625400002801D0FFF75FF832AEE2E4BC68FFF734
:10626400C5F92D2316AAD3779846FFF788FB3A0081
:106274005146079802F058F9002801D0FFF74BF86F
:106284001F99BC6832AEB2E73A005146079802F053
:106294004BF9002801D0FFF73EF8189B1F9ABC6801
:1062A4009B1A32AE8DE60623994628E716ABDB7FB0
:1062B4000D9498464B4608930C93002309959946F0
:1062C4001593FFF7C9F801330C931300109491460A
:1062D4000C0008334A461560109A494694464A60B1
:1062E4000C9A6444BC607A60072A00DD11E61E0043
:1062F40001320C920836994661E4634601321D432B
:106304001378FEF7B7FF3A005146079802F00CF9EC
:10631400002801D0FEF7FFFFBC6832AE99E4A04626
:10632400B2460C00160042464444013335607260A4
:10633400BC607B60072B00DD18E6083621E64B467F
:106344000893062B01D906230893089B0D940C93FC
:106354000023984699461593804B09951293FFF7AD
:1063640081F8129A32AB9B1A0C93FFF76DF8239ABB
:10637400D31A18931F9B15930C9B472B07D1159B7E
:10638400DA1C01DB99454CDA139B023B13932C2254
:10639400159B4C215C1E16AB9B186A46521812784A
:1063A4001F941A70002C00DAA7E12D212B2316AAC2
:1063B40052181370092C00DD2FE12E21302316AA68
:1063C400521813702F2216AB9B1830341C7022AB5A
:1063D40021AA9B1A189A9C46110061441B930C91A4
:1063E400012A00DC7EE1199B0C9A9C466244D3434B
:1063F400DB170C921A40002308921593E0E6584BE1
:106404001293FFF7C3FA1298FDF73AFB0200FFF765
:1064140066F92D2316AAD377984600239946FFF7E9
:106424001EF8159B18998B4200DA9BE0EA0700D40A
:1064340034E1199B159A9C4662440C92D343DB17B2
:106444001A40672308921393BAE63A005146079814
:1064540002F06AF8002801D0FEF75DFF1F9BBC68BC
:1064640032AE95E53A005146079802F05DF80028EF
:1064740001D0FEF750FFBC6832AEB7E44B46002BA8
:1064840000D03CE60123994639E68022169B179CEE
:106494001206984694462300634408932D231093D0
:1064A4003AE623AB049320AB03931FAB02934B4612
:1064B40001930323424600930798089B00F0D4FB02
:1064C40003004B441C004B4612901193129B1B7803
:1064D400302B02D01F9BE41844E6002200234046E0
:1064E4000899EAF767F90028F4D10123119A9B1A55
:1064F4001F93E41836E63A005146079802F014F860
:10650400002801D0FEF707FF1F99BC687B6832AAF8
:1065140086E64B465A1C23AB049320AB03931FAB74
:10652400029302231192019200934246089B07981A
:1065340000F09AFB1290139B472B00D012E1EB075B
:1065440000D408E1119A129B944663441C00139BE7
:10655400462BBBD006E6C04658C1011050C10110FD
:106564001CC10110199B189A9C46159B62440C92FD
:10657400002B00DD62E7159A0C9B981A421C5CE71D
:1065840023AB049320AB03931FAB02934B460193BD
:106594000323424600930798089B00F065FB4B4693
:1065A40012901193CEE73A005146079801F0BCFFD0
:1065B400002801D1FFF772F8FEF7AEFEB346FEF7EE
:1065C400ABFE4E42824D10311CDA1021884603E0A6
:1065D4000832103E102E15DD41461034013315608B
:1065E4005160BC607B60072BF2DD3A00514607988E
:1065F40001F09AFF002801D0FEF78DFEBC687B688D
:1066040032AAE6E7A419013315605660BC607B60CA
:10661400072B00DD92E0083205E616AA3B239446D8
:106624006344B146A8461E0000E02E0020000A2163
:10663400EAF792F8751E3031297020000A21E9F733
:10664400A5FF04000928F0DC32002B0016A94E46F1
:106654004546914698468C4613003B223034E4B2BA
:10666400023B62441C709A4200D890E03B234A46A5
:1066740063449A1A012348465B4201E0C45C013337
:1066840021A9C918CC709A42F8D116A98C462E2299
:10669400434662449446FB1A634499E61A00DB437A
:1066A4001100DB171940672308910C92139387E5B7
:1066B400179B002B3ADB16ABDB7F9846139B472BCB
:1066C40030DC444B1293FFF761F9199A159B9446F9
:1066D4006344180002004A44D343DB170C921A4067
:1066E40008926DE501232B40159300D07BE6CB4344
:1066F4000A00DB171A40089262E50124159B16AACA
:10670400E41A2D231F395218137053E64B46002BFD
:1067140011D1EB070FD4012308930C9350E53300F8
:106724002B4DD7E52C4B1293FFF730F92D2316AAE6
:10673400D3779846C2E7199B581CCBE73A005146D9
:10674400079801F0F1FE002801D0FEF7E4FDBC68D3
:106754007B6832AA67E5239B129A9B1A18931F9BA6
:1067640015930CE6129A119B944663441C00F9E4B9
:106774000D9B0899181D1B689946002B02DA01230A
:106784005B42994653780D905A46FEF773FD16AA5C
:106794002E23944663441BE616ABDC77FFF73CF8E4
:1067A40016ABDC77FFF783F816ABDC77FFF735F928
:1067B40016ABDC77FFF7B6F84B461193BBE616AB86
:1067C400DC77FEF7F2FD16ABDC77FFF77AF9C0460B
:0C67D4006CC1011020C1011024C1011093
:1067E000F0B5150002221E4C1F008B89A54493436F
:1067F0006A4693814B6E06001993CB8916A8D38104
:10680000CB690C0007934B6A09931AAB009304936E
:106810008023DB000293059300230693FBF7F2FF2E
:106820002A003B0069463000FEF79CFC051E0EDA8C
:106830006B469B895B0603D54022A3891343A38142
:106840001698FBF7E1FF2800064B9D44F0BD694612
:106850003000FBF707F80028EAD001256D42E7E792
:0868600094FBFFFF6C04000033
:1068680010B50B000349020008688168FEF776FC42
:0868780010BDC046C00700205E
:1068800030B504009BB01800002A2DDB82236D4632
:106890009B00AB8100910491002A13D00123013A9F
:1068A0005B4202920592EB8102001E9B694620002A
:1068B000FDF77CF9431C01DA8B2323600023009A47
:1068C00013700CE001235B4202920592EB810200FF
:1068D0001E9B69462000FDF769F9431C01DB1BB0D4
:1068E00030BD8B232360FAE78B23012023604042D5
:0468F000F5E7C046C2
:1068F40010B50400054882B00068009313000A0034
:106904002100FFF7BBFF02B010BDC046C007002046
:10691400F8B506000D001400002802D0836B002B8C
:106924004BD0A369A3600C23E25E91B20B071FD581
:106934002369002B1CD0FF20EFB20540802080018A
:10694400014226D022686169D31A99422CDD0133B1
:10695400A1680139A160511C2160177062699A42D3
:106964002ED0A389DB0701D50A2D29D02800F8BD34
:106974002100300000F052F8002827D1FF20EFB2A8
:10698400054080200C23E25E800191B2236901421C
:10699400D8D10243616EA2810E4A0A4062666169DF
:1069A4002268D31A9942D2DC21003000FAF758FF4A
:1069B40000280BD122680123CAE7FAF7D7FFB0E712
:1069C40021003000FAF74CFF0028CFD001256D429A
:0869D400CCE7C046FFDFFFFF26
:1069DC00002904D0FF2A04D801200A707047002037
:0C69EC00FCE78A23036001204042F7E72B
:1069F80070B50500080011000022064C22601A003C
:106A0800F5F74EF9431C00D070BD2368002BFBD06E
:086A18002B60F9E79CAC0020A3
:106A2000334B70B5050018680C00002802D0836B4A
:106A3000002B3DD00C23E25E93B219070DD52169DE
:106A4000002915D0DA0722D50023A360636900204E
:106A50005B42A361002922D070BDD90640D55B07F7
:106A600029D4216908231343A3819BB20029E9D1CA
:106A7000A0228020920080001A408242E2D02100B1
:106A80002800FBF7F7FEA3892169DA07DCD400228E
:106A90009B0700D46269A26000200029DCD10C228F
:106AA000A35E1A06D8D540221343A3810138D3E749
:106AB000FAF75EFFBEE7216B00290AD023004033BE
:106AC000994204D02800F4F787FC0C23E25E0023EF
:106AD000236324239A430023216963602160C1E773
:106AE00009232B60402301201A43A2814042B3E7CF
:046AF000C0070020BB
:106AF400002370B5064C050008002360F5F764F820
:106B0400431C00D070BD2368002BFBD02B60F9E739
:046B14009CAC002015
:106B1800F0B5454680465746DE464E464346E0B504
:106B28001B690D6985B00F000020AB4200DA92E0C6
:106B380014239C468C446246013DAB000292D61851
:106B4800142242449146994433680192591C4B4699
:106B58001868E9F78FFC041E46D0029A0023924673
:106B6800002001994A46A446B1465446BB46AA4667
:106B780006000D001F000392634604CC1004000CAD
:106B88005843120C5A43C019030CD2182B6800043E
:106B98001904090C8919170C000C1204091A120C93
:106BA8001B0C9B1A0A149B1809041E14090C1B04BD
:106BB800194302C5A145DFD2039B4E4699461B687F
:106BC800644655465F46002B0ED14B46019A043B5E
:106BD8009A4204D306E0043B013D9A4202D2196866
:106BE8000029F8D043461D613900404601F0B0FA4B
:106BF80000282FDB029B01340020A4461900019FC6
:106C08003B6810C91A04120C10182204120C821ABC
:106C18001B0C200C1B1A10141B1812041814120C2D
:106C28001B04134308C78E42EAD2019A644694466D
:106C3800AB006344196800290CD1043B9A4204D381
:106C480006E0043B013D9A4202D219680029F8D0B7
:106C580043461D61200005B03CBC90469946A246BB
:046C6800AB46F0BD8A
:106C6C00F0B557464E46DE464546E0B516001F00C9
:106C7C00016C9DB0040002960397002908D00123F3
:106C8C00426C93404A608B6001F03CF80023236413
:106C9C003D1E00DAB8E10023299A13602A00CC4B80
:106CAC001A409A4200D1BBE1029E039F00220023AE
:106CBC0030003900E9F77AFD002813D00123289A17
:106CCC0013602A9B002B00D1D4E1C24B2A9A13608B
:106CDC00013B9A4650461DB03CBC90469946A24694
:106CEC00AB46F0BD1AAB01931BAB009332003B00DB
:106CFC00200001F0D7FA2B0D834600D0ADE11A9B92
:106D0C0098461B9B43441E00B34BF318202B01DC0D
:106D1C0000F096FC4022D31A9D40B04B0298F31819
:106D2C00D8402843EBF71CFE0123AD4D16934919AF
:106D3C00751E0022AB4BEBF73FFAAB4AAB4BEAF7B5
:106D4C00C9FFAB4AAB4BEAF79FF8060028000F00CF
:106D5C00EBF7CCFDA84AA94BEAF7BCFF02000B00ED
:106D6C0030003900EAF790F806000F00EBF788FDC9
:106D7C0000220690002330003900E9F71DFD0028A1
:106D8C000DD0069B18009946EBF7B0FD3B00320086
:106D9C00E9F70CFD434258414B461B1A069301235D
:106DAC00069E0A93162E10D89549F300C918086848
:106DBC004968029A039BE9F713FD002801D100F002
:106DCC0045FC0023013E06960A9343465D1B0023B7
:106DDC0004932B00013B984604D501235B1B0493C1
:106DEC0000239846069B002B00DA8AE29C46099306
:106DFC0000239946E044269B092B00D93DE101264E
:106E0C00052B02DD0026043B2693269B032B01D188
:106E1C0000F043FD01DC00F0F9FC269B042B01D1B2
:106E2C0000F06EFC01230893269B052B01D000F08B
:106E3C00F3FC279A069B944663440B930133079308
:106E4C001F1E00DC01270023079D63640021172F00
:106E5C0000DC20E1012204335B0018001430110027
:106E6C000132B842F8D96164200000F023FF824659
:106E7C0020640E2D00D816E11B9B002B00DA22E2B9
:106E8C00069A0E2A00DD1EE25D4BD2009B181A6892
:106E9C005B6804920593279B002B01DA00F03BFC06
:106EAC00029E039F049A059B30003900EAF708FB09
:106EBC00EBF7E6FC8146EBF719FD049A059BEAF724
:106ECC0009FF02000B0030003900EBF775F953464F
:106EDC005D1C4B46524630331370079B06000F0067
:106EEC00012B45D00022474BEAF7F4FE0022002389
:106EFC0006000F00E9F75AFC002800D069E30222D3
:106F0C00079B5244534402931500A1460EE0002205
:106F1C003C4BEAF7DFFE0022002306000F00013590
:106F2C00E9F744FC002801D000F0C2FC049A059B50
:106F3C0030003900EAF7C4FAEBF7A2FC0400EBF7D7
:106F4C00D5FC049A059BEAF7C5FE02000B00300045
:106F5C003900EBF731F922006B1E30321A70029BAC
:106F6C0006000F00A846AB42D1D14B46A1461C00EF
:106F7C0032003B0030003900E9F786FF049A059B8C
:106F8C0006000F00E9F72CFC00280CD1049A059B95
:106F9C0030003900E9F70AFC002800D119E34B4610
:106FAC00DB0700D415E36B1E1978504607E09842B6
:106FBC0001D100F002FD023D29781D00013B1A00B1
:106FCC003929F4D082460291029E0136167000E3F4
:106FDC000000F07F8DC1011032040000120400008B
:106FEC00000010FE0000F83F61436F63A787D23F9B
:106FFC00B3C8608B288AC63FFB799F501344D33F9C
:10700C00B8C10110000024400123299A7D006D08AD
:10701C0013602A00BF4B03951A409A4200D043E6F6
:10702C00BD4B289A1360029B002B0CD12D030AD167
:10703C002A9B002B01D100F0ABFDB84B9A460833CC
:10704C002A9A136046E62A9B002B02D1B44B9A462F
:10705C0040E6B34B9A460333F2E73A03B14D120BB9
:10706C001543B14A29009D181A9B300098460023FD
:10707C0016935EE6AD4B9A462CE6012500230122C1
:10708C0001266D4226930892079527930023002131
:10709C006364079B0B93200000F00CFE8246206477
:1070AC000E2D00D9E8E6002E00D1E5E6029A039BEE
:1070BC00069F0E920F93002F00DC52E30F213B0032
:1070CC000B40DA009A4B9B181D685E680C950D9668
:1070DC003D11EB0601D400F008FC964B0D401A6AEA
:1070EC005B6A0E980F99EAF7EBF903231090119154
:1070FC000293002D18D00C980D99230001274C46B3
:10710C0099468C4E2F4206D0029B01330293326873
:10711C007368EAF7DFFD6D100836002DF2D14B468F
:10712C00A1461C000C900D910C9A0D9B1098119976
:10713C00EAF7C6F90C900D910A9B002B09D00C981C
:10714C000D990022774BE9F737FB002801D000F0AE
:10715C0082FC0298EBF7CAFB0C9A0D9BEAF7BAFD7E
:10716C00754B0022E9F790FE744B0500CE18079B77
:10717C00002B00D16FE3069B1893079B10930C9880
:10718C000D99EBF77DFB129513960600109D684B3D
:10719C006A1ED2009B18303619685A68F3B25646EC
:1071AC0001361491159202931796EBF79FFB020090
:1071BC000B000C980D99EAF7FFFF149A159B06002B
:1071CC0008980F00002800D1ADE300205C49EAF7D5
:1071DC0077F9129A139BEAF7EFFF6B4652461B7A2C
:1071EC000C900D91137032003B00E9F7F9FA00286E
:1071FC0001D000F0BDFC32003B0000204949EAF709
:10720C00DBFF0C9A0D9BE9F7D7FA002801D000F0B0
:10721C00B1FC012D00D178E34A46149242461992F2
:10722C005A46179B554402951294109299460C9C01
:10723C000D9DD34612E032003B0000203949EAF79D
:10724C00BBFF22002B00E9F7B7FA002801D000F0B1
:10725C0065FC029BD146534500D14EE30022394BCD
:10726C0020002900EAF736FD0022364B04000D0001
:10727C0030003900EAF72EFD0F000600EBF700FB9B
:10728C008046EBF733FB02000B0030003900EAF7C5
:10729C0093FF01234B449A4643463033DBB2984666
:1072AC004B4642461A7022002B0006000F00E9F7ED
:1072BC0083FA0028BFD0109B5546DA469B46189B94
:1072CC00129C069385E1089A002A3DD0269A012A41
:1072DC0000DC05E2079B5D1E4B46A94500DAEAE29D
:1072EC005D1B079B002B00DA15E39C46049AE044D7
:1072FC001700624404920121200000F09DFD06005D
:10730C0025E0049A069BD21A5B429946002304920C
:10731C00099370E50000F07F0F2700007CC101107D
:10732C0088C101100000F03F01FCFFFF8CC101106F
:10733C00B8C1011090C1011000001C400000C0FC3D
:10734C000000E03F000024404D460026049F002F23
:10735C000DDD4346002B0ADD3B00474500DD92E185
:10736C00049AFF1AD21A04924246D31A98464B46F4
:10737C00002B0ED0089B002B05D04B465B1B99466F
:10738C00002D00D081E159464A46200000F01AFE3B
:10739C0083460121200000F04FFD099A8146002A06
:1073AC0000D037E1269B012B00DC53E101231F2089
:1073BC004344184000D12BE120231B1A042B00DC82
:1073CC00E0E31C23181A049B3F189C468444634634
:1073DC0080440493049B002B05DD59461A002000C1
:1073EC0000F050FE83464346002B05DD49464246DD
:1073FC00200000F047FE81460A9B002B7AD1079BA8
:10740C00002B00DCF5E1089B002B00D190E0002F55
:10741C0000DD50E1099B0496002B00D0D0E1079AC7
:10742C0053469446013B9C44634608930123029ABD
:10743C005D461A405346D046CB4607920A935946AE
:10744C002800FFF763FB030009903033310028005C
:10745C00029300F07BFE049A07005946200000F0CE
:10746C008FFEC3688146002B00D0CEE001002800BF
:10747C0000F06CFE82464946200000F043FC524668
:10748C00269B134303D1079B002B00D125E3002F30
:10749C0000DA19E2269B1F4303D1079B002B00D176
:1074AC0012E243465F1C5346002B00DDA2E26A4603
:1074BC004346127A1A70089B434500D1A9E2002377
:1074CC0029000A22200000F027FC049B05009E42A4
:1074DC0000D190E0310000230A22200000F01CFCB7
:1074EC00002306000A220499200000F015FCB8467F
:1074FC000490A4E74946584600F028FE002800DB1B
:10750C007DE7069B5946013B06930A220023200087
:10751C0000F002FC089B8346002B00D012E30B9B6F
:10752C00002B04DC269B022B00DD35E30B9B079321
:10753C00079B5746984623005C46B3464E469946F1
:10754C0007E0210000230A22484600F0E5FB2F004B
:10755C00040031002000FFF7D9FA534630307D1C6F
:10756C003870EB1A4345ECDB4B460027B1465E46C0
:10757C00A3461C00029001225946200000F082FD17
:10758C004946834600F0E2FD6B1E1A78002800DCA9
:10759C0098E0514606E0994200D182E1023D2A78FA
:1075AC001D00013B392AF6D08A4601321A70494631
:1075BC00200000F0A7FB002E0BD0002F05D0B74207
:1075CC0003D03900200000F09DFB3100200000F0BA
:1075DC0099FB5946200000F095FB00232B70069B6D
:1075EC00289A013313602A9B002B01D1FFF772FB01
:1075FC001D60FFF76FFB310000230A22200000F012
:10760C008BFBB8460600049019E701239A4632E733
:10761C001C20D8E60100200000F0D4FC269B8146FB
:10762C00012B00DCE0E0002309934B461B6903337C
:10763C009B004B44586800F0B5FB20231B1AB6E6A0
:10764C0020220298D31A9840FFF76CFB00230A9370
:10765C00FFF7BBFB029B002B00D0A7E60298039917
:10766C0000220B0309D1DA4B0B4206D0049B0132EA
:10767C000133049301239C46E044099B0992002B9F
:10768C0000D193E6D1E743466AE62A003100200098
:10769C0000F098FC5A4601000600200000F0D6FBD2
:1076AC0059460500200000F02DFB4B46AB46002B45
:1076BC0000D16EE667E631003A00200000F0E2FCF3
:1076CC000600A7E6002808D10299C90700D560E793
:1076DC0003E0023D2A781D00013B302AF9D066E711
:1076EC00169A002A00D19CE1BA4A94466344049A43
:1076FC00984494469C4463464D4617000493FAE51F
:10770C0001230893279B002B00DCC0E00B9307930D
:10771C001F00FFF798FB079B002B01DDFFF7C0FB59
:10772C0000D0B0E0049805990022AB4BEAF7D2FAEE
:10773C00029A039BE9F75EF800230026994600287D
:10774C005FD1534652465D1C31231370069B0133A7
:10775C0006934946200000F0D5FA002E00D034E7FD
:10776C0037E7069B002B00D16DE10E980F995D4217
:10777C000F239A4A2B40DB00D3181A685B68EAF790
:10778C00A9FA2D110C900D91002D00D1ECE10222E3
:10779C0000230127924E02922F4207D0029B013305
:1077AC00029332687368EAF795FA01236D10083674
:1077BC00002DF1D1002B00D1BEE40C900D91BBE457
:1077CC007168200000F076FA3100050033690C3145
:1077DC009A1C92000C30FBF7C9FB012229002000F7
:1077EC0000F050FC04901AE6029B002B00D135E708
:1077FC0019E7269B022B00DC05E6079B002B00D12A
:10780C0013E1279B5546DB430693A2E7002308931D
:10781C00269B022B00D175E7002300216364200016
:10782C0000F048FA0023279301330893023B824669
:10783C0020640B930793FFF71FFB0298EBF756F8A6
:10784C000C9A0D9BEAF746FA664B0022E9F71CFBF3
:10785C000500654BCE1800220C980D995E4BEAF78B
:10786C00ABFC2A00330002900391E8F7B9FF002823
:10787C0055D18021090673182A0002980399E8F75C
:10788C009BFF002841D0002300269946B9E701232D
:10789C00012507932793FFF7F9FB00230893FFF7C4
:1078AC00C8FA069B8A460133069331230B707EE699
:1078BC0045464C468DE6EE1A099BA9469C46B444B7
:1078CC006346002509930CE50A9A534692464246B4
:1078DC00D946AB46551C002B00DDE3E06A46434617
:1078EC00127A37001A70049E61E60E9A0F9B109262
:1078FC00119302230293FFF7FCFB149BDA46994683
:10790C00199B129C9846109B9B460E9A0F9B0292B9
:10791C000393FFF7B1FA049B079A9F1AEBE4002339
:10792C00002699460DE712981399EAF7D3F96A469F
:10793C005346127A0C900D911A70109B179D012BC7
:10794C0027D0109B534402934B46C146A0462C00B3
:10795C0010930022254B30003900EAF7BBF90F00D9
:10796C000600EAF78DFF0500EAF7C0FF0B000200E6
:10797C0039003000EAF720FC3035029B25700134C9
:10798C0006000F00A342E4D1109B4446C84699461A
:10799C00029D00220C980D99154BE9F775FA3200EF
:1079AC003B00E8F709FF002800D1A2E0189A6B1EF3
:1079BC00197806925046FFF702FB069B824601336C
:1079CC0006933023020003700293FFF7FDFAC046C2
:1079DC000000F07F3304000000001440B8C1011017
:1079EC0090C1011000001C400000C0FC00002440AD
:1079FC000000E03F0A9BD9469A46029BAB463D00ED
:107A0C00392B61D04246029B370001331370049E20
:107A1C00CDE50A9BD9469A46AB463D003700049EFD
:107A2C00A9E536231A9A9B1A61E6494605222000DD
:107A3C0000F072F981460100584600F087FB0028DF
:107A4C0000DD7EE6DDE60E9A0F9B0C920D93022371
:107A5C000293FFF771FB079B002B00D1EDE60B9F08
:107A6C00002F00DC51E70C980D99069B0022013B7E
:107A7C0018934B4BEAF72EF905000E0002980C9563
:107A8C000D960130EAF732FF2A003300EAF722F9AB
:107A9C00444B0022E9F7F8F9434B0500CE18109738
:107AAC00FFF76DFB59460122200000F0EBFA494626
:107ABC00834600F04BFB00283CDD029B392B03D0A6
:107ACC00099B3133029309E739234246370013707F
:107ADC00049E39226B1E514664E50A9BD9469A4690
:107AEC004346AB465D1C029B392BEDD0002FE7DCE7
:107AFC00F4E60C9A0D9B00202C49EAF75DFB320052
:107B0C003B00E8F76DFE002801D1FEE61D006B1E60
:107B1C001A78302AFAD0189B06935AE55546DA465D
:107B2C00109A4B469346189A4146129C0692504620
:107B3C00FFF745FA002800D0D0E6029BDB0700D403
:107B4C00CCE6BAE7002331000A22200000F0E4F86A
:107B5C000B9B0600002B01DD079358E4269B022BA0
:107B6C001ADC0B9B079352E402230293FFF7E4FA0F
:107B7C00179DD0E7189B179D0693029953465046C4
:107B8C00FFF71DFA042B00D124E43C23181A1AE445
:107B9C00074B9A46FFF79EF80B9B07932DE6C046C2
:107BAC000000244000001C400000C0FC0000E03F2E
:047BBC007CC1011077
:107BC000F0B5D6464F4646460B78C0B5722B3FD02F
:107BD000772B37D0612B07D01623036000201CBC05
:107BE00090469946A246F0BD822384209B009A4687
:107BF0000124400080235B02994680231B019846A4
:107C00001C2310279C460326022501310B78002BEC
:107C10000ED0622B13D0782B0ED02B2BF5D16346D0
:107C2000013198430B78B44338432C43002BF0D1F7
:107C300053461C431460D2E743461C43E5E74B46DA
:107C40001C43E2E7C023DB009A4601240820D1E769
:0C7C5000002300249A460420CCE7C04624
:107C5C00002370B5064C050008002360F4F78AF881
:107C6C00431C00D070BD2368002BFBD02B60F9E7C0
:047C7C009CAC00209C
:107C8000034B1B68586B002800D10248F030704746
:087C9000C0070020F00B0020EA
:107C980070B50500080011000022064C22601A0089
:107CA800F4F7D7F8431C00D070BD2368002BFBD035
:087CB8002B60F9E79CAC0020F1
:107CC00070B50400C06C0D0000280AD0AB00C318CA
:107CD000186800280FD002681A6000230361C3608F
:107CE00070BD212204212000F3F7C2FAE0640028CD
:107CF000ECD10020F4E70126AE40721D9200012174
:107D00002000F3F7B5FA0028F3D045608660E4E779
:107D1000002906D04B689A00C36C9B181A680A6049
:047D2000196070472F
:107D2400F8B5CE4647468146080080B50D000C697B
:107D34001F0000211430036801311E04360C564321
:107D44001B0C5343F619370CDB1936041F0C360C85
:107D54001B049B1908C08C42EDDC002F08D0AB68D3
:107D6400A3420ADD231D9B00EB1801345F602C61E4
:107D740028000CBC90469946F8BD6B684846591CCF
:107D8400FFF79CFF29002B6980469A1C92000C3156
:107D94000C30FBF7EFF86B689A004B46DB6C9B18D2
:0C7DA4001A682A601D604546DCE7C046F6
:107DB0000300020C0020002A01D11B0410301A0E0F
:107DC00001D108301B021A0F01D104301B019A0F98
:107DD00001D102309B00002B02DB5B0001D501309A
:087DE00070472020FCE7C046BB
:107DE80003685A0709D00022D90704D49A071ED578
:107DF80001225B0803601000704719040022002963
:107E080001D11B0C1032FF21194201D108321B0A83
:107E1800190701D104321B09990701D102329B08C5
:107E2800D90702D45B0806D001320360E3E79B0858
:0C7E380003600222DFE72022DDE7C046E5
:107E440010B50C000121FFF739FF012344610361E0
:047E540010BDC04657
:107E5800F0B557464E464546DE46E0B514690E690C
:107E680085B00F001500A64204DA3300170026007B
:107E78000D001C0033199846BB687968434500DA41
:107E88000131FFF719FF14220300944663449A4610
:107E980043469B0019005144029003918A4504D23D
:107EA8005346002204C39942FCD83B0014339C4635
:107EB80001931423B2006244A4009C462300AC44FE
:107EC800634400939C4562D2914608E0240C32D169
:107ED80004239B46009BDC44DA44634557D9634638
:107EE8001C682604360CF1D0554600224C46019FEA
:107EF80002CF28680B041B0C73430004000C1B18EA
:107F0800994691442A680B0C100C4A46494673431B
:107F1800120C1B189B1809041A0C090C1B040B43A0
:107F2800AB4608C5BC42E3D85B465A606346A146E7
:107F38001C68240CCCD0534600221B684946504686
:107F48001E009146019D2A88360C624392194A44C4
:107F58001B0416041B0C33434668036037043F0CAC
:107F6800B94608CD120C1B0C63434B449B181A0CE2
:107F7800834691460430A942E5D85F467B600423D6
:107F88009B46009BDC448946DA446345A7D84346B0
:107F9800002B0EDD039B043B1A68002A09D14246D8
:107FA80003E0043B1968002902D1013A002AF8D1FC
:107FB8009046029B424618001A6105B03CBC9046A8
:087FC8009946A246AB46F0BD4C
:107FD000F8B54746CE46032380B58846070014000F
:107FE00013403AD1A410464626D0BD6C002D3DD09A
:107FF000012346469846002399464346234208D12A
:10800000641019D0286800281BD00500434623427D
:10801000F6D02A0031003800FFF71EFF002E1AD0DC
:10802000FA6C736894469B0063441A68641032606B
:108030001E600600002CE5D130000CBC904699462D
:10804000F8BD2A0029003800FFF706FF4B462860DC
:1080500003600500DAE70600D2E70B4A013B9B000C
:108060009A580023FFF75EFE8046BBE701213800E7
:10807000FFF726FE054B0500436101230361002342
:10808000B8640360B4E7C04680C20110710200000A
:10809000F0B5DE4657464E464546E0B50D002B6925
:1080A00056119B46B3445B465C1CAB6883B00190A1
:1080B000170049689C4203DD01315B009C42FBDCF8
:1080C0000198FFF7FDFD030084461433002E06DD02
:1080D0000022B100591804C39942FCD10B00296950
:1080E0002A008E001F211432394096198946002932
:1080F00029D020214846091A8846002719004846F9
:1081000013688A4683403B4308C1434680CADF4028
:108110009642F4D853465F60002F01D05C4602348B
:1081200063466046013C1C616B689A00019BDB6CF6
:108130009B181A682A601D6003B03CBC90469946A3
:10814000A246AB46F0BD02CA02C39642E8D902CAB3
:0881500002C39642F7D8E3E7F1
:108158000A69036930B50500981A12D192001435DE
:108168001431AB18891801E09D420AD2043B043946
:108178001C680A689442F7D09442804101239843CE
:04818800013030BDD5
:10818C00F8B5454657464E461400DE46E0B50E009F
:10819C00250013690A698846D71A14361435002F3E
:1081AC0016D19B00F218EB1802E0B24200D86FE037
:1081BC00043A1168043B8C4619688C45F5D00AD2F8
:1081CC0033002E001D0043460127A0461C0002E090
:1081DC00002FF5DB002743465968FFF76BFD43463C
:1081EC0081461B69C7609C469800236982469B00A8
:1081FC0098464F46B244A8441437002000E02600AD
:10820C0004CD34009346594608CC09041A04120CC8
:10821C001218090C521A190C5B461B0CCB1A1114B0
:10822C005B1812041814120C1B04391D13433B6009
:10823C000F00A845E3D8A24515D908CC1A04120C96
:10824C00121815141B0C5B1912041814120C1B04B5
:10825C00134308C7A245F0D85246961B053EB608F4
:10826C000136B60089190439002B07D101235B4272
:10827C00984604390B68C444002BF7D04B46624631
:10828C001A6148463CBC90469946A246AB46F8BD9E
:10829C000021FFF70FFD0123036100238146436199
:0482AC00EFE7C046F2
:1082B000F0B501211C0083B01500089FFFF700FDF9
:1082C0002303640006001B0B640D02D080225203BE
:1082D00013430193002D19D068460095FFF784FDE4
:1082E000002830D1009B019D7361B5616B1E9D41DB
:1082F00001353561002C14D0194B9C46352364445C
:108300002418181A099B3C60186019E001A8FFF7AF
:108310006BFD019B20307361012301253361002C2B
:10832000EAD1104B9C46104B6044EB189B00F318AD
:1083300038605869FFF73CFD6D01099B281A1860E9
:10834000300003B0F0BD019D20232A001B1A9A4083
:108350001300C540009A019513437361C5E7C046F9
:0C836000CDFBFFFFCEFBFFFFFFFFFF3F48
:10836C0070B50500080011000022064C22601A00AE
:10837C00F3F704FD431C00D070BD2368002BFBD029
:08838C002B60F9E79CAC002016
:10839400F0B557464E46DE464546E0B5936883B091
:1083A40001900E009246002B6CD0136808688D680B
:1083B4001F0044E09022B389D20013422ED03169C9
:1083C400421A9346706942001218D00F8218601C3A
:1083D400521058449046904201D9804602008020B1
:1083E400C000034237D011000198F2F7A9FF051E1F
:1083F40053D05A463169FAF7BDFDB389294A13406F
:1084040080221343B381434628005A463561A0466F
:108414002500584473619B1A3060B3604246494654
:10842400FAF7ECFDB3685D1B3368B5604344336011
:10843400180053469B681C1B53469C6022D03B6823
:108444007C6899460837A846002CF8D0AC42B1D2D3
:108454002500A046E2E70198F2F7DEFE051ED2D120
:10846400019C31692000F2F7B5FF0C232360402200
:10847400B38901201343B3815246002340429360E1
:10848400536003E0002352460020536003B03CBC19
:1084940090469946A246AB46F0BD0C23019A136060
:0884A400E5E7C0467FFBFFFF86
:1084AC00F8B54E464546DE4657464B6EE0B580461F
:1084BC000E0091469B0430D513689A469368002BA6
:1084CC0029D05246146852689346970818D0002554
:1084DC0003E001350434AF4210D03200216840462D
:1084EC0000F072F8431CF4D14A46002393605360A9
:1084FC003CBC90469946A246AB46F8BD4B469B68A1
:10850C005A4603218A439B1A4A4693600822944692
:10851C00E244002BD5D10020E6E7F9F70BFFE3E7A7
:10852C00936810B5002B02D0FFF7BAFF10BD536053
:04853C000020FBE739
:10854000F0B5CE46474680B583B0814688461400D4
:10855000FAF74AF9012803D14346013BFE2B2ED9F5
:10856000230001AF5C3342463900484600F060F812
:108570000600431C29D000281FD03978002507E0C9
:1085800023685A1C226019700135B54215D2795DF5
:10859000A368013BA360002BF2DAA269934201DBDE
:1085A0000A29EDD122004846FEF7B4F9431CEBD16D
:1085B00003B00CBC90469946F0BD4046F8E74346F0
:1085C00001AFD9B239700126D8E74022A3891343FD
:0485D000A381EDE7AF
:1085D40070B514000C23D25E636E0E00050091B2D8
:1085E400DB0701D48B051AD580239B01194204D1E2
:1085F4001A43A281626E134363662800220031008D
:10860400FFF79CFF636E0500DB0702D4A3899B057B
:1086140001D5280070BDA06DFAF7F8F8F9E7A06D50
:0C862400FAF7F2F80C23E25E91B2DDE7F9
:1086300070B51D00124B84B01B6804005B6B0029F1
:108640000CD0002B08D0E0201E582B002000B04793
:10865000431C0ED004B070BD0A4BF4E7002B0DD0C4
:10866000E02201A99E5820002B000022B047431CA5
:10867000F0D100232B608A332360EBE7014BEFE757
:08868000C0070020F00B0020F0
:1086880058220120014B40421A6070479CAC0020E0
:1086980058220120014B40421A6070479CAC0020D0
:1086A80000000000000000010000010000000101BE
:1086B80000010000000100010001010000010101AA
:1086C800010000000000000000000001000001009F
:1086D800000001010001000000010001000101008B
:1086E800000101010100000000000000000000007E
:1086F8000000000000000000000000000000000072
:108708000000000000000000000000000000000061
:108718000000000000000000000000000000000051
:1087280005000000E803000005000000A42900205F
:108738001000000000000000000000000000000021
:108748000000000000000000000000000000000021
:108758000000000000000000000000000000000011
:108768000000000000000000000000000000000001
:108778000000000000100000309201106C920110FF
:10878800ED7E0010CD7E0010549201100400000010
:10879800099001100B000000E82B00201C000000CD
:1087A800540C0010FE0B0010FE0B00102C0D0010D6
:1087B800FA0B0010FA0B0010220D00102C0D0010FF
:1087C800FA0B0010220D0010FA0B00102C0D0010EF
:1087D800300D0010300D0010300D0010380D001055
:1087E80070170010E2150010261600108A150010E8
:1087F8002616001016170010261600108A150010ED
:10880800E2150010E2150010161700108A15001066
:108818008215001082150010821500102417001010
:10882800981E00109A1D00109A1D0010B820001004
:10883800941D0010941D0010A0200010B8200010F6
:10884800941D0010A0200010941D0010B8200010E6
:10885800AE200010AE200010AE200010BC2000108A
:108868000000000000000000B92E0010212F0010A9
:10887800E12D00102B3B0010333C0010253900106F
:10888800813E0010233B0010813B00103939001055
:108898003339001015460010D52D00101739001077
:1088A80041390010CD2D0010CF2D0010D12D001012
:1088B80005010902A10185010901A10005091901A4
:1088C8002903150025019503750181027505950198
:1088D80081030501093009311581257F7508950245
:1088E800810609381581257F750895018106C0C064
:1088F80005010904A101850205091901298015004E
:10890800250175019580810205010930093116009C
:108918008026FF7F75109502810209391500250709
:108928003500463801651475049501810275049572
:04893800018103C0F6
:03893C006673005F
:10893F004D6F7573650047616D65506164004D6FD4
:10894F006465207377617070656420746F20484987
:03895F00442000B1
:038962007262003E
:108965007762004661696C656420746F206F70657D
:0E8975006E20666F722077726974653A20007A
:1089830043616C6962726174696F6E3A20737461DA
:108993007274696E672E204D6F76652073746963F8
:1089A3006B20746F20616C6C2065787472656D65E3
:1089B300732E2E2E0043616C6962726174696F6E4F
:1089C300207361766564202D20583A5B002C2000CB
:0889D3005D20593A5B005D00D4
:1089DB002F66732F6D6F64652E62696E006D6F6409
:1089EB00652E62696E206D697373696E672C2064E6
:1089FB00656661756C74696E6720746F2067616D55
:108A0B0065706164004D6F6465207365743A200076
:068A1B006D6F757365002C
:0E8A21002F66732F63616C69622E62696E00AE
:108A2F004661696C203A28004F4B21004D6F756EDF
:108A3F0074696E672066696C6573797374656D20F0
:108A4F002F66732F2E2E2E2000466F726D61747459
:088A5F00696E672E2E2E200027
:078A6700526561642022004A
:108A6E004661696C20756E6D6F756E74696E6720E8
:0B8A7E0066696C6573797374656D00A8
:108A8900577269746520746F202200222E2E2E20C1
:108A99000046696C65206E6F7420666F756E6400A0
:0F8AA90057726F746520002063686172732E002E
:108AB8000000000000000000F13A0010053B001023
:088AC800E73D0010858F00104E
:0C8AD0000D3F0010193B0010153900107C
:088ADC00FFFFFFFFFFFFFFFF9A
:108AE4002F686F6D652F74616E676C65732F2E61CF
:108AF400726475696E6F31352F7061636B61676580
:108B0400732F61726475696E6F2F68617264776127
:108B140072652F6D6265645F7270323034302F3449
:108B24002E362E302F6C69627261726965732F550F
:108B340053424849442F7372632F55534248494462
:108B44002E637070007265736F6C7665722E766139
:068B54006C696428290091
:108B5C000000000000000000A53A0010D93A0010F7
:108B6C00C93900102B3B0010333C00102539001084
:108B7C00813E0010233B0010813B0010393900105E
:108B8C003339001015460010493900101739001000
:108B9C0041390010CD2D0010CF2D0010D12D00101B
:108BAC0016034800490044002000440045005600CC
:068BBC00490043004500E2
:088BC2000803480049004400CB
:0C8BCC0085450010193B00101539001001
:108BD8000000000000000000814100100D4200105C
:108BE8000D400010614000100D4300101D4400109E
:108BF80085430010ED440010114000107D40001026
:048C08001D410010FA
:108C0C005261737062657272795069205069636F3A
:018C1C000057
:108C200000000000000000005D46001079460010C2
:108C300049A4001055990010FD95001001970010EF
:108C4000FDA40010079200100992001081A70010E7
:108C5000D5A70010959200106D47001091480010A4
:108C600065920010554600103D48001069480010FC
:108C70007D920010F94700100D46001011460010BB
:108C8000134600101946001035460010914600109A
:108C9000D5460010114700103D470010AB4A0010A8
:088CA000B34A0010BB4A0010AA
:108CA8001003410072006400750069006E006F00D7
:108CB80000000000000000000D4D0010214D0010C4
:088CC800C5510010858F00105A
:108CD0000000000000000000354D0010494D00105C
:088CE0000B530010858F0010FA
:108CE8000000000000000000E54C0010F94C0010E6
:088CF800C94A0010858F00102D
:0C8D00009D540010193B001015390010A4
:078D0C0080250000000008B3
:0E8D13005F72785F73697A65203D3D20300005
:108D21005F74785F6C6973742E656D70747928292E
:108D3100005F72785F6C6973742E656D7074792849
:028D4100290007
:108D43002F686F6D652F74616E676C65732F2E616D
:108D5300726475696E6F31352F7061636B6167651E
:108D6300732F61726475696E6F2F686172647761C6
:108D730072652F6D6265645F7270323034302F34E8
:108D83002E362E302F636F7265732F61726475698F
:108D93006E6F2F5553422F5553424344432E6370F6
:108DA30070007265736F6C7665722E76616C6964A0
:038DB3002829006C
:108DB8000000000000000000914C0010C54C00109D
:108DC800E54A0010FF4F001017500010D14D001059
:108DD800F1530010DB4C00105D4D0010D14A00101B
:108DE800D74A0010ED4F0010DD4A0010C34A0010AA
:088DF800C54A0010C74A001033
:108E00001603430044004300200044004500560080
:068E10004900430045008B
:0C8E1800E5590010193B0010153900103E
:0C8E2400D5590010193B00101539001042
:078E30005553426576740002
:108E37002F686F6D652F74616E676C65732F2E6178
:108E4700726475696E6F31352F7061636B61676529
:108E5700732F61726475696E6F2F686172647761D1
:108E670072652F6D6265645F7270323034302F34F3
:108E77002E362E302F636F7265732F61726475699A
:108E87006E6F2F6D6265642F706C6174666F726DA3
:108E97002F696E636C7564652F706C6174666F7291
:108EA7006D2F43616C6C6261636B2E6800626F6F3C
:098EB7006C282A74686973290013
:108EC000000000000000000001570010855700104E
:108ED000E54A0010FF4F001017500010D14D001050
:108EE000F1530010DB4C00105D4D0010D14A001012
:108EF000D74A0010ED4F0010DD4A0010A1550010B8
:108F000029580010C74A0010355500106955001047
:108F1000F5580010A5540010C5540010D54200109B
:108F200039430010C5430010C95400104D410010D2
:108F3000C5410010CD540010D8FEFFFF0000000016
:108F400055570010B557001015B00010DFAF0010D6
:108F500047B00010DBAF0010DBAF0010DBAF00103C
:108F60004BB000104FB000104BB00010153F001078
:108F70001B3F0010253F0010293F00102F3F00101D
:108F8000353F0010393F0010515500108955001031
:108F90003B3F00103D3F0010D4FEFFFF00000000EB
:108FA0006D5700109D570010C0FEFFFF000000002D
:108FB0006B410010F74100100D400010CB54001021
:108FC000F5420010074400106D430010B559001021
:0C8FD000AF540010C7540010DD54001016
:0C8FDC0000000000000000005D5A0010C2
:038FE8000D0A006F
:0B8FEB005254582056352E352E33000E
:108FF6007274785F74696D6572007274785F696403
:109006006C650073696E676C65746F6E5F6D757401
:109016006578004E6F7420616C6C6F7765642069AB
:109026006E2049535220636F6E74657874005379CD
:109036007374656D206973206F7574206F66206D7B
:10904600656D6F727900506172616D65746572202D
:109056006572726F72005265736F75726365206E0A
:109066006F7420617661696C61626C65004F706532
:10907600726174696F6E206E6F7420636F6D706CB1
:10908600657465642077697468696E207468652004
:1090960074696D656F757420706572696F640055CB
:1090A6006E7370656369666965642052544F532018
:1090B6006572726F7200666C6173685F6F66667365
:1090C600202B20636F756E74203C3D205049434F22
:1090D6005F464C4153485F53495A455F4259544590
:1090E60053002E2F6D6265642D6F732F7461726746
:1090F6006574732F5441524745545F524153504251
:109106004552525950492F5441524745545F525087
:10911600323034302F7069636F2D73646B2F727029
:10912600325F636F6D6D6F6E2F6861726477617207
:10913600655F666C6173682F666C6173682E630089
:10914600636F6E6E6563745F696E7465726E616C73
:109156005F666C61736820262620666C6173685FA3
:10916600657869745F78697020262620666C61735D
:10917600685F72616E67655F65726173652026263A
:1091860020666C6173685F666C7573685F636163A4
:10919600686500636F6E6E6563745F696E74657291
:1091A6006E616C5F666C61736820262620666C6152
:1091B60073685F657869745F786970202626206613
:1091C6006C6173685F72616E67655F70726F6772FC
:1091D600616D20262620666C6173685F666C757308
:1091E600685F636163686500636F6E6E6563745F75
:1091F600696E7465726E616C5F666C617368202659
:109206002620666C6173685F657869745F7869703B
:1092160020262620666C6173685F666C7573685FCE
:069226006361636865004E
:04922C00000000003E
:109230000090011000000000AC2A00204400000053
:1092400010120020000200000100000001000000D8
:04925000000000001A
:109254000000000000000000E429002034000000A9
:08926400182A00205000000050
:10926C00F68F011000000000682A00204400000066
:10927C001014002000030000280000000100000072
:04928C0000000000DE
:109290006D616C6C6F635F6D7574657800656E767B
:0792A0005F6D757465780035
:1092A7006D61696E00507265206D61696E2074682A
:1092B70072656164206E6F742063726561746564A2
:1092C700004661696C656420746F20737461727401
:0692D7002052544F530029
:0892DD00556E6B6E6F776E0099
:1092E500434D5349532D52544F53206572726F723B
:1092F5003A20537461636B206F766572666C6F7785
:1093050000434D5349532D52544F53206572726F8C
:10931500723A20495352205175657565206F7665FF
:1093250072666C6F7700434D5349532D52544F531A
:10933500206572726F723A20557365722054696D9B
:1093450065722043616C6C6261636B205175657554
:1093550065206F766572666C6F7700434D53495390
:109365002D52544F53206572726F723A20535444F4
:1093750020432F432B2B206C696272617279206C1C
:1093850069627370616365206E6F742061766169CF
:109395006C61626C6500434D5349532D52544F53D4
:1093A500206572726F723A2053544420432F432B29
:1093B5002B206C696272617279206D7574657820F5
:1093C500696E697469616C697A6174696F6E20662A
:1093D50061696C656400434D5349532D52544F5395
:1093E500206572726F723A20556E6B6E6F776E00E4
:1093F80019900110349001104C9001105C900110EC
:0894080073900110A590011002
:109410002E2F6D6265642D6F732F706C6174666F93
:10942000726D2F696E636C7564652F706C61746604
:109430006F726D2F53696E676C65746F6E507472C6
:109440002E680070203D3D207265696E74657270F3
:109450007265745F636173743C54202A3E28265FF2
:0694600064617461290043
:1094680000000000000000000183001003830010CA
:08947800318300104583001050
:10948000000000006410B71DC8206E3BAC30D92628
:109490009041DC76F4516B6B5861B24D3C710550D4
:1094A0002083B8ED44930FF0E8A3D6D68CB361CBFC
:1094B000B0C2649BD4D2D38678E20AA01CF2BDBDB0
:1094C0002E2F6D6265642D6F732F647269766572DD
:1094D000732F736F757263652F53657269616C4288
:1094E0006173652E637070005F7374617469635F8C
:0F94F00070696E6D6170203D3D204E554C4C00F3
:10950000000000000000000061860010618600106D
:089510000D8B00107D8B001093
:109518000000000000000000618600106186001055
:10952800418D0010658D0010898D0010E18D0010AF
:10953800A38C0010AF8C0010BB8C0010C38C0010E3
:10954800098D0010258D0010CB8C00108CFFFFFFBB
:1095580000000000558D0010798D0010098E001054
:10956800D18D0010A98C0010C78C00109F8C0010A2
:10957800BF8C0010818300108F830010B58C001001
:10958800153F00101B3F0010253F0010158D0010DF
:0C959800318D0010F98C0010393F0010DC
:1095A4002E2F6D6265642D6F732F647269766572F8
:1095B400732F7573622F736F757263652F4173799F
:1095C4006E634F702E637070005F77616974203D25
:0795D4003D204E554C4C00F8
:0E95DB005F6C697374203D3D204E554C4C0072
:1095EC00000000000000000000000000000000006F
:0895FC00415A0010858F001098
:109604002E2F6D6265642D6F732F64726976657297
:10961400732F7573622F736F757263652F55534281
:109624004465766963652E637070005F6C6F636B6D
:079634006564203E203000B8
:10963B004465766963652073746174652069732072
:10964B0022506F776572656422206F722022446509
:08965B0074616368656422007C
:1096630054686520656E64706F696E742069732039
:0F9673006E6F7420696E64657861626C652E009D
:109682005F7472616E736665722E757365725F6365
:10969200616C6C6261636B203D3D20526571756542
:0B96A200737458666572446F6E6500BB
:1096AD0054686520737461636B20697320776169F9
:1096BD0074696E67206F6E2061207573657220630B
:1096CD00616C6C6261636B20666F722074686520DB
:1096DD0062756666657220746F2066696C6C206FAA
:0A96ED0072207374617475732E000F
:1096F7005F7472616E736665722E757365725F63F0
:10970700616C6C6261636B203D3D20536574436FF0
:0C9717006E66696775726174696F6E00A0
:109723005F7472616E736665722E757365725F63C3
:10973300616C6C6261636B203D3D20536574496EBF
:08974300746572666163650044
:10974B005F7472616E736665722E757365725F639B
:10975B00616C6C6261636B203D3D20526571756578
:03976B0073740014
:0E976E0021636F6E6669677572656428290055
:10977C005468652073697A65206F6620746865206B
:10978C006461746120746F20726561642069732058
:10979C006C657373207468616E20746865206D61EC
:1097AC0078207061636B65742073697A6520666FCD
:1097BC0072207468697320656E64706F696E742EA4
:0197CC00009C
:1097CD0054686520656E64706F696E7420697320CE
:1097DD006E6F7420696E64657861626C65005369A3
:1097ED007A65206265696E67207772697474656E3B
:0F97FD0020697320746F6F206C617267652E0096
:10980C002128696E666F2D3E666C61677320262079
:10981C00454E44504F494E545F454E41424C454491
:10982C0029006D61785F7061636B65745F73697A31
:0A983C0065203C3D2031303234003D
:0E984600215F696E697469616C697A656400FE
:109854000000000000000000000000000000000004
:1098640049A4001055990010FD95001001970010AF
:10987400FDA40010079200100992001081A70010A7
:10988400D5A700109592001015920010415A0010AF
:10989400659200106D9200108D9200107592001068
:1098A4007D920010859200100D46001011460010A4
:1098B4001346001005920010415A0010415A00103E
:1098C400415A0010415A0010415A0010D992001018
:0898D40005930010B59200108D
:0498DC000403090474
:1098E00016033000310032003300340035003600FA
:0698F000370038003900CA
:1098F6001603550053004200200044004500560060
:069906004900430045008A
:08990C0008035500530042005E
:1099140012036D006200650064002E006F00720087
:029924006700DA
:06992600060330003100D1
:10992C002E2F6D6265642D6F732F68616C2F736FB2
:10993C00757263652F6D6265645F637269746963C8
:10994C00616C5F73656374696F6E5F6170692E63C0
:10995C0000216172655F696E7465727275707473E3
:0B996C005F656E61626C656428290075
:1099770070696E6D6170206E6F7420666F756E64AE
:1099870020666F72207065726970686572616C001D
:109997002E2F6D6265642D6F732F68616C2F736F47
:1099A700757263652F6D6265645F7469636B657259
:1099B7005F6170692E63006D617463685F746963CA
:1099C7006B20213D2071756575652D3E7469636B4C
:0B99D7005F6C6173745F726561640077
:1099E2005469636B6572206672657175656E637921
:1099F200206973207A65726F005469636B65722007
:109A02006E756D626572206F66206269742069737B
:109A12002067726561746572207468616E203332EA
:109A2200206F72206C657373207468616E2034201D
:059A320062697473007D
:089A3800409A0110D811002032
:109A400025AD001089150110F1150110FB1501104D
:109A500095150110E915011011AD001069150110DF
:049A60000000000002
:089A640064656661756C740015
:109A6C000000000000000000D1AD00103DAE001061
:109A7C0000000000000000000000000000000000DA
:109A8C00415A0010415A0010415A0010415A00101E
:109A9C009F8C0010CDAE0010818300108F830010BE
:109AAC00D1AE0010153F00101B3F0010253F0010D9
:109ABC00293F00102F3F0010353F0010393F001098
:109ACC002F002E2F6D6265642D6F732F706C617477
:109ADC00666F726D2F736F757263652F46696C6557
:109AEC00506174682E637070006C656E20213D208F
:029AFC00300038
:109B00000000000000000000000000000000000055
:109B1000415A0010C9AF0010CFAF0010C9AF0010FC
:0C9B2000C9AF0010D5AF0010C9AF001095
:109B2C00772B0053747265616D206F626A206661D9
:069B3C00696C7572650002
:109B44000000000000000000000000000000000011
:109B5400415A0010415A0010415A0010415A001055
:109B64009F8C0010CDAE0010818300108F830010F5
:109B7400D1AE0010153F00101B3F0010253F001010
:109B8400293F00102F3F0010353F0010393F0010CF
:109B9400FCFFFFFF000000000000000000000000C8
:109BA40000000000000000000000000000000000B1
:109BB40015B00010DFAF001047B00010DBAF00108D
:109BC400DBAF0010DBAF00104BB000104FB0001043
:109BD4004BB00010153F00101B3F0010253F001034
:109BE400293F00102F3F0010353F0010393F00106F
:109BF400415A0010415A00103B3F00103D3F0010F5
:109C0400FCFFFFFF00000000000000000000000057
:109C14000A52252D34643A202530386C58000A53F2
:109C2400502020203A202530386C580A4C522020ED
:109C3400203A202530386C580A50432020203A20FE
:109C44002530386C580A78505352203A2025303841
:109C54006C580A50535020203A202530386C580A4A
:109C64004D535020203A202530386C58000A435078
:109C74005549443A202530386C58000A4D6F6465C4
:109C8400203A20546872656164000A507269762033
:109C94003A2055736572000A50726976203A205052
:109CA400726976696C65676564000A4D6F64652046
:109CB4003A2048616E646C6572000A537461636B88
:109CC4003A20505350000A537461636B3A204D5349
:029CD40050003E
:109CD6000A2B2B204D6265644F53204661756C74C8
:109CE6002048616E646C6572202B2B0A0A466175EA
:109CF6006C74547970653A20004D656D4D616E61E6
:109D060067654661756C74004275734661756C745F
:109D16000055736167654661756C740048617264CD
:109D26004661756C74000A0A436F6E746578743AFE
:109D3600000A0A2D2D204D6265644F532046617539
:109D46006C742048616E646C6572202D2D0A0A00C1
:109D56004661756C7420657863657074696F6E0012
:059D66002E2E2E0A0064
:109D6B002E2F6D6265642D6F732F706C6174666F2F
:109D7B00726D2F736F757263652F6D6265645F63B0
:109D8B007269746963616C2E6300637269746963D1
:109D9B00616C5F73656374696F6E5F7265656E741A
:109DAB0072616E63795F636F756E746572203C20B0
:0B9DBB0055494E5433325F4D415800B3
:109DC6003C756E6E616D65643E00203C68616E6434
:109DD6006C65723E000A0A2B2B204D6265644F5358
:109DE600204572726F7220496E666F202B2B0A45D2
:109DF60072726F72205374617475733A20307825CD
:109E06005820436F64653A202564204D6F64756C55
:109E1600653A2025640A4572726F72204D65737328
:109E26006167653A20004B65726E656C20457272FB
:109E36006F723A203078256C582C20005468726571
:109E460061643A203078256C582C20004D75746575
:109E5600783A203078256C582C200053656D617057
:109E6600686F72653A203078256C582C20004D6555
:109E76006D6F7279506F6F6C3A203078256C582C64
:109E860020004576656E74466C6167733A203078BB
:109E9600256C582C200054696D65723A203078255F
:109EA6006C582C20004D6573736167655175657537
:109EB600653A203078256C582C2000417373657202
:109EC60074696F6E206661696C65643A20000A4C9D
:109ED6006F636174696F6E3A203078256C58000A9A
:109EE60046696C653A20002B2564000A4572726F3C
:109EF600722056616C75653A203078256C58000AD8
:109F060043757272656E74205468726561643A2096
:109F1600257325732049643A203078256C582045EE
:109F26006E7472793A203078256C582053746163C8
:109F36006B53697A653A203078256C5820537461E2
:109F4600636B4D656D3A203078256C582053503A36
:109F5600203078256C5820000A466F72206D6F728B
:109F66006520696E666F2C2076697369743A20687D
:109F7600747470733A2F2F6D6265642E636F6D2F44
:109F8600732F6572726F723F6572726F723D3078B1
:109F960025303858266F737665723D256C642663C6
:109FA6006F72653D30782530386C5826636F6D705A
:109FB6003D2564267665723D256C75267467743D6D
:109FC6005241535042455252595F50495F5049439E
:109FD6004F000A2D2D204D6265644F532045727245
:0C9FE6006F7220496E666F202D2D0A005E
:109FF2002E2F6D6265642D6F732F706C6174666FA6
:10A00200726D2F736F757263652F6D6265645F7217
:10A01200657461726765742E63707000286775617C
:10A0220072642026204358415F47554152445F4D98
:0AA0320041534B29203D3D20300032
:10A03C002867756172642026204358415F4755415B
:10A04C0052445F4D41534B29203D3D204358415FC5
:10A05C0047554152445F494E49545F494E5F5052F7
:07A06C004F4752455353001A
:10A073004572726F72202D2077726974696E672042
:10A08300746F20612066696C6520696E20616E20A3
:10A09300495352206F7220637269746963616C2043
:0CA0A30073656374696F6E0D0A000D0098
:10A0AF004572726F72202D2072656164696E672030
:10A0BF0066726F6D20612066696C6520696E206124
:10A0CF006E20495352206F72206372697469636105
:0CA0DF006C2073656374696F6E0D0A00DD
:10A0EB004F70657261746F72206E6577206F757437
:0DA0FB00206F66206D656D6F72790D0A0093
:10A10800000000000000000089B900102DBF0010F9
:10A1180009BA0010B9B9001075B9001085B9001056
:10A128009F8C001081B90010818300108F8300106C
:10A138007BB90010153F00101B3F0010253F001091
:10A14800293F00102F3F0010D9B90010393F0010E7
:10A15800FFFFFFFF00000000FFFFFFFF01000000FE
:08A16800FFFFFFFF00000000F3
:08A170002F7374646572720024
:07A178002F737464696E008F
:08A17F002F7374646F75740006
:10A187002E2F6D6265642D6F732F706C6174666F0F
:10A19700726D2F736F757263652F6D6265645F7380
:10A1A700746174732E6300737461747320213D208E
:05A1B7004E554C4C0068
:10A1BC002E2F6D6265642D6F732F72746F732F73F6
:10A1CC006F757263652F4576656E74466C61677347
:09A1DC002E637070005F696400DD
:10A1E5006170706C69636174696F6E5F756E6E61C5
:10A1F5006D65645F6576656E745F666C6167730037
:10A205006170706C69636174696F6E5F756E6E61A4
:10A215006D65645F6D75746578002E2F6D6265647C
:10A225002D6F732F72746F732F736F757263652F34
:10A235004D757465782E637070005F6964207C7C51
:10A24500206D6265645F6765745F6572726F725FCA
:0EA25500696E5F70726F6772657373282900FF
:10A263004D75746578206C6F636B206661696C65EE
:02A27300640085
:10A275004D7574657820756E6C6F636B20666169CA
:04A285006C656400A0
:10A289002E2F6D6265642D6F732F72746F732F7328
:10A299006F757263652F53656D6170686F72652E96
:10A2A900637070005F696420213D206E756C6C706D
:03A2B900747200BC
:10A2BC0053656D6170686F72652061637175697249
:09A2CC0065206661696C6564009F
:10A2D5002E2F6D6265642D6F732F72746F732F73DC
:10A2E5006F757263652F546869735468726561642C
:10A2F5002E6370700028666C616773203D3D206F8A
:10A3050073466C6167734572726F7254696D656FE0
:10A3150075742026262072656C5F74696D65202131
:10A325003D20776169745F666F725F7533325F6672
:10A335006F726576657229207C7C2028666C616762
:10A3450073203D3D206F73466C6167734572726F74
:10A35500725265736F757263652026262072656C6F
:10A365005F74696D65203D3D2072656C5F74696D34
:0AA37500652E7A65726F2829290011
:0FA37F00737461747573203D3D206F734F4B00F5
:10A38E006170706C69636174696F6E5F756E6E611A
:0BA39E006D65645F74687265616400A7
:10A3AC000000000000000000B5C40010F9C400104B
:09A3BC00464C4153484941500050
:10A3C50042617365206164647265737320616E64B4
:10A3D5002073697A65206E65656420746F206265F7
:10A3E5002073657420696E20666C6173686961709D
:10A3F5002D626C6F636B2D64657669636520636F91
:10A405006E66696775726174696F6E20696E206F1B
:10A415007264657220746F2075736520646566616A
:10A42500756C7420636F6E7374727563746F7200EC
:10A43800000000000000000049C9001061C90010B8
:10A4480029C600101DC900100DC60010B5C70010A0
:10A4580001C800104DC8001011C6001015C6001024
:10A4680091C8001075C900108FC90010A9C8001044
:10A478001BC60010ADC90010C1C800100DC70010E0
:04A4880021C60010D9
:10A48C0000000000000000000000000000000000C0
:10A49C00415A0010C9AF0010CFAF0010C9AF001067
:10A4AC00C9AF0010D5AF0010C9AF0010FCFFFFFF03
:0CA4BC0000000000000000000000000094
:10A4C8002E2F6D6265642D6F732F73746F726167C1
:10A4D800652F66696C6573797374656D2F6C697423
:10A4E800746C6566732F6C6974746C6566732F6C15
:10A4F80066732E6300626C6F636B203C206C66731E
:10A508002D3E6366672D3E626C6F636B5F636F758C
:03A518006E74005E
:10A51B006C66732D3E6366672D3E6C6F6F6B616867
:10A52B006561642025203332203D3D2030006C6670
:10A53B00732D3E6366672D3E6C6F6F6B6168656153
:10A54B0064203E2030006C66732D3E6366672D3EA3
:10A55B0070726F675F73697A652025206C66732D47
:10A56B003E6366672D3E726561645F73697A652031
:10A57B003D3D2030006C66732D3E6366672D3E6259
:10A58B006C6F636B5F73697A652025206C66732D26
:10A59B003E6366672D3E70726F675F73697A6520E5
:10A5AB003D3D203000342A6C66735F6E7077322825
:10A5BB0030786666666666666666202F20286C664F
:10A5CB00732D3E6366672D3E626C6F636B5F7369C1
:10A5DB007A652D322A342929203C3D206C66732D57
:10A5EB003E6366672D3E626C6F636B5F73697A6562
:01A5FB00005F
:10A5FC0068656164203E3D20322026262068656116
:10A60C0064203C3D206C66732D3E6366672D3E6274
:0BA61C006C6F636B5F636F756E740002
:10A627007063616368652D3E626C6F636B203D3DAF
:0CA637002030786666666666666666001F
:05A643002F002E2E0087
:02A648002E00E2
:09A64A006C6974746C65667300A0
:10A653006E626C6F636B203E3D2032202626206E97
:10A66300626C6F636B203C3D206C66732D3E6366AA
:0FA67300672D3E626C6F636B5F636F756E740073
:10A68200656E7472792E642E74797065203D3D205A
:0DA692004C46535F545950455F52454700F8
:09A69F006C6974746C656673004B
:04A6A8007265730064
:10A6AC0000000000000000000DF2001049F2001044
:10A6BC00DDF8001045F9001069ED001093ED001065
:10A6CC00EDED0010C1ED001051EE001029EC001062
:10A6DC001DED001091F30010ADEE00104FEF0010C7
:10A6EC0085EF0010B7EF0010E9EF0010F7F700103E
:10A6FC0013F0001045F0001009F800106FF0001076
:10A70C0099F00010C7F000100DF1001043F100108B
:10A71C0099F10010BFF10010E9F1001063F800107E
:10A72C00FCFFFFFF0000000039F200105DF200108A
:10A73C002E2F6D6265642D6F732F73746F7261674A
:10A74C00652F66696C6573797374656D2F736F759E
:10A75C007263652F4469722E637070005F667300BC
:10A76C000000000000000000CDF40010E9F400101F
:10A77C009DF50010AFF40010FDF4001025F500104D
:0CA78C004DF5001075F5001089F4001068
:10A798002E2F6D6265642D6F732F73746F726167EE
:10A7A800652F66696C6573797374656D2F736F7542
:10A7B8007263652F46696C652E637070005F6673FF
:01A7C8000090
:10A7CC0000000000000000002DF6001049F60010FB
:10A7DC005DF6001089F6001005F700100FF600105A
:10A7EC00B5F60010DDF6001031F7001059F7001027
:10A7FC0081F70010A9F700101B3F0010253F001037
:10A80C00293F00102F3F0010353F0010393F00103A
:04A81C00E9F500104A
:10A820000000000000000000B5F80010C9F800109A
:10A830005DF6001089F6001005F70010A9F9001068
:10A84000B5F60010DDF6001031F7001059F70010D2
:10A8500081F70010A9F700101B3F0010253F0010E2
:10A86000293F00102F3F0010353F0010393F0010E6
:04A87000E9F50010F6
:10A8740000000000000000001DF9001031F9001074
:10A884009DF50010BFF90010FDF4001025F500102F
:0CA894004DF5001075F5001089F400105F
:10A8A00000000000000000000000000000000000A8
:10A8B000DDF8001045F90010E5F70010EBF7001087
:10A8C000EBF70010F1F70010EBF70010415A001001
:10A8D000415A0010E5F70010415A0010415A00108B
:10A8E000415A0010415A0010F7F70010F7F7001016
:10A8F000415A0010FBF7001009F8001017F800107B
:10A900004BF80010EBF70010E5F70010EBF7001024
:10A9100051F8001053F8001057F8001063F80010B9
:10A92000FCFFFFFF0000000000000000000000002E
:10A930001A00000000000000000000001B000000E2
:10A9400000000000010000001C00000000000000EA
:10A95000020000001D0000000000000003000000D5
:10A96000F00000000000000004000000FFFF0000F5
:08A97000FFFFFFFF00000000E3
:10A978000100000000000000004003400500000046
:10A9880001000000008003400900000001000000F1
:10A99800008003400D00000000000000004003405C
:10A9A80011000000000000000040034015000000F6
:10A9B80001000000008003401900000001000000B1
:10A9C800008003401D00000000000000004003401C
:0CA9D800FFFF0000FFFFFFFF0000000079
:10A9E40000000000000000000040034004000000DC
:10A9F4000100000000800340080000000100000086
:10AA0400008003400C0000000000000000400340F0
:10AA1400100000000000000000400340140000008B
:10AA24000100000000800340180000000100000045
:10AA3400008003401C0000000000000000400340B0
:0CAA4400FFFF0000FFFFFFFF000000000C
:10AA5000000000000000000091FA00103DFC001012
:10AA6000D1FD00108DFD001093FA001099FA00102E
:10AA70004DFC0010BDFA0010BDFA0010C1FA001024
:10AA8000D1FA0010E1FA0010E5FA0010F5FA001012
:10AA9000FDFA001071FC001001FB001089FC001091
:10AAA000B5FC00102DFB00104DFB0010C1FB001089
:10AAB000C5FB0010E1FB0010FDFB0010F5FC0010D1
:0CAAC00031FD0010C1FB001051FE001021
:10AACC00800E00003F0100003F0100003F0100002C
:10AADC003F0100003F0100003F0100003F0100006A
:10AAEC003F0100003F0100003F0100003F0100005A
:10AAFC003F0100003F0100003F0100003F0100004A
:04AB0C003F01000005
:10AB10002E2F6D6265642D6F732F7461726765747B
:10AB2000732F5441524745545F524153504245524E
:10AB3000525950492F5441524745545F5250323078
:10AB400034302F616E616C6F67696E5F6170692E62
:10AB50006300284144434E616D652970696E6D61E3
:10AB6000705F7065726970686572616C2870696E7B
:10AB70002C2050696E4D61705F4144432920213D76
:0DAB800020284144434E616D65294E43007D
:10AB8D002E2F6D6265642D6F732F746172676574FE
:10AB9D00732F5441524745545F52415350424552D1
:10ABAD00525950492F5441524745545F52503230FB
:10ABBD0034302F6770696F5F6170692E63006F624B
:10ABCD006A2D3E70696E20213D202850696E4E61C0
:06ABDD006D65294E4300E6
:10ABE30068775F69735F636C61696D656428626927
:10ABF30074732C206269745F696E64657829002E12
:10AC03002F6D6265642D6F732F7461726765747342
:10AC13002F5441524745545F52415350424552527B
:10AC23005950492F5441524745545F5250323034A2
:10AC3300302F7069636F2D73646B2F7270325F6393
:10AC43006F6D6D6F6E2F68617264776172655F639C
:0DAC53006C61696D2F636C61696D2E63008B
:0FAC600068775F636C61696D5F636C656172003B
:10AC6F007372635F66726571203E3D206672657117
:10AC7F00002E2F6D6265642D6F732F74617267657F
:10AC8F0074732F5441524745545F524153504245BC
:10AC9F0052525950492F5441524745545F525032E6
:10ACAF003034302F7069636F2D73646B2F72703275
:10ACBF005F636F6D6D6F6E2F686172647761726520
:10ACCF005F636C6F636B732F636C6F636B732E6358
:01ACDF000074
:10ACE000636C6F636B5F636F6E6669677572650037
:10ACF000666C6173685F72616E67655F65726173D0
:02AD00006500EC
:10AD0200666C6173685F72616E67655F70726F67B0
:04AD120072616D00FD
:0DAD1600666C6173685F646F5F636D64005D
:10AD230030783163203D3D20282A696E7374293EB3
:10AD33003E313175002E2F6D6265642D6F732F7454
:10AD43006172676574732F5441524745545F524192
:10AD53005350424552525950492F5441524745543A
:10AD63005F5250323034302F7069636F2D73646BD0
:10AD73002F7270325F636F6D6D6F6E2F68617264D7
:0FAD8300776172655F6972712F6972712E63005B
:10AD9200212864656C7461203E3E203131752900A2
:10ADA20063757272656E74203D3D205F5F756E68DB
:10ADB200616E646C65645F757365725F6972712040
:10ADC2007C7C2063757272656E74203D3D206861E3
:06ADD2006E646C65720066
:10ADD80021657863657074696F6E207C7C20657866
:10ADE80063657074696F6E203D3D206E756D202B14
:0AADF8002031360066616C736500BF
:10AE020069735F7368617265645F6972715F7261B1
:10AE1200775F68616E646C657228736C6F745F68CB
:10AE2200616E646C65722900657863657074696F20
:08AE32006E00666F756E64008E
:10AE3A006972715F7365745F6578636C757369763F
:0AAE4A00655F68616E646C6572005C
:0CAE54006D616B655F6272616E63680087
:10AE6000696E736572745F6272616E63685F616E52
:07AE7000645F6C696E6B006A
:0FAE77007265736F6C76655F6272616E636800FF
:10AE86006972715F72656D6F76655F68616E646C1D
:03AE9600657200E2
:10AE99006972715F6164645F7461696C5F746F5F2B
:0AAEA900667265655F6C69737400E2
:10AEB3006662646976203E3D203136202626206670
:10AEC30062646976203C3D20333230002E2F6D6260
:10AED30065642D6F732F746172676574732F5441AA
:10AEE300524745545F52415350424552525950497B
:10AEF3002F5441524745545F5250323034302F70F3
:10AF030069636F2D73646B2F7270325F636F6D6D46
:10AF13006F6E2F68617264776172655F706C6C2FFE
:10AF2300706C6C2E630028706F73745F6469763184
:10AF3300203E3D203120262620706F73745F6469A4
:10AF43007631203C3D2037292026262028706F7338
:10AF5300745F64697632203E3D20312026262070BE
:10AF63006F73745F64697632203C3D20372900702B
:10AF73006F73745F64697632203C3D20706F737425
:10AF83005F64697631007265665F6D687A203C3D67
:10AF9300202876636F5F66726571202F2031362912
:01AFA30000AD
:09AFA400706C6C5F696E69740049
:10AFAD00486172647761726520616C61726D2025F4
:10AFBD006420616C726561647920636C61696D6593
:02AFCD0064001E
:10AFCF0075735F73696E63655F626F6F74203C3D6D
:10AFDF0020494E5436345F4D4158002E2F6D626517
:10AFEF00642D6F732F746172676574732F544152A0
:10AFFF004745545F52415350424552525950492F81
:10B00F005441524745545F5250323034302F70699B
:10B01F00636F2D73646B2F636F6D6D6F6E2F706920
:10B02F00636F5F626173652F696E636C7564652F03
:0DB03F007069636F2F74797065732E68005F
:10B04C0074696D65725F68772D3E696E7473202626
:10B05C00203175203C3C20616C61726D5F6E756DAA
:10B06C00002E2F6D6265642D6F732F74617267658E
:10B07C0074732F5441524745545F524153504245CB
:10B08C0052525950492F5441524745545F525032F5
:10B09C003034302F7069636F2D73646B2F72703284
:10B0AC005F636F6D6D6F6E2F68617264776172652F
:0FB0BC005F74696D65722F74696D65722E630024
:10B0CB007570646174655F75735F73696E63655FDB
:05B0DB00626F6F7400BC
:10B0E00068617264776172655F616C61726D5F73D4
:0AB0F00065745F7461726765740097
:10B0FA004E6F7420657870656374696E6720444D7D
:10B10A0020746F2062652066756E6374696F6E20A5
:10B11A00380068775F6C696E655F7374617465285F
:10B12A0029203D3D204C535F4A002E2F6D626564F5
:10B13A002D6F732F746172676574732F5441524770
:10B14A0045545F52415350424552525950492F5427
:10B15A0041524745545F5250323034302F70696340
:10B16A006F2D73646B2F7270325F636F6D6D6F6ECC
:10B17A002F7069636F5F6669782F7270323034306E
:10B18A005F7573625F6465766963655F656E756D29
:10B19A0065726174696F6E2F7270323034305F7508
:10B1AA0073625F6465766963655F656E756D657206
:08B1BA006174696F6E2E6300E1
:10B1C20068775F656E756D65726174696F6E5F66D3
:0EB1D20069785F666F7263655F6C735F6A0019
:10B1E0006D616E756661637475726572203D3D2098
:10B1F0004D414E5546414354555245525F52504978
:10B20000002E2F6D6265642D6F732F7461726765F8
:10B2100074732F5441524745545F52415350424535
:10B2200052525950492F5441524745545F5250325F
:10B230003034302F7069636F2D73646B2F727032EE
:10B240005F636F6D6D6F6E2F7069636F5F706C61A0
:10B2500074666F726D2F706C6174666F726D2E63A1
:10B260000070617274203D3D20504152545F525035
:02B270003200AA
:10B272007270323034305F636869705F7665727302
:04B28200696F6E0082
:10B286002C2066756E6374696F6E3A200061737365
:10B29600657274696F6E2022257322206661696C5F
:10B2A60065643A2066696C6520222573222C206C21
:0CB2B600696E65202564257325730A006D
:10B2C20031203D3D202875696E747074725F742957
:10B2D2006C2D3E7370696E5F6C6F636B002E2F6D09
:10B2E2006265642D6F732F746172676574732F5476
:10B2F20041524745545F5241535042455252595070
:10B30200492F5441524745545F5250323034302F06
:10B312007069636F2D73646B2F7270325F636F6D30
:10B322006D6F6E2F7069636F5F72756E74696D6594
:0BB332002F72756E74696D652E63004C
:10B33D000A2A2A2A2050414E4943202A2A2A0A0045
:0DB34D0072756E74696D655F696E697400DC
:10B35A00496E76616C69642073657269616C2070EC
:04B36A00696E730095
:10B36E00556E737570706F7274656420706172695A
:03B37E00747900DF
:03B38100000201C6
:08B3840040420F002000000010
:01B38C0000C0
:10B3900000202020202020202020282828282820A5
:10B3A000202020202020202020202020202020209D
:10B3B0002088101010101010101010101010101005
:10B3C00010040404040404040404041010101010F5
:10B3D00010104141414141410101010101010101BF
:10B3E0000101010101010101010101011010101011
:10B3F0001010424242424242020202020202020291
:10B4000002020202020202020202020210101010E4
:10B41000200000000000000000000000000000000C
:10B42000000000000000000000000000000000001C
:10B43000000000000000000000000000000000000C
:10B4400000000000000000000000000000000000FC
:10B4500000000000000000000000000000000000EC
:10B4600000000000000000000000000000000000DC
:10B4700000000000000000000000000000000000CC
:10B4800000000000000000000000000000000000BC
:01B4900000BB
:04B49400C8070020C5
:10B4980043000000504F53495800000000000000CE
:04B4A8002E00000072
:04B4AC000A00000092
:10B4B000C83701100439011000390110FC3801109F
:10B4C000F8380110F4380110F0380110EC38011090
:10B4D000E8380110E4380110E0380110DC380110C0
:10B4E000D8380110D4380110D038011008390110B3
:10B4F000CC380110C8380110C4380110C038011010
:10B50000BC380110B8380110B4380110B03801103F
:10B51000AC380110A8380110A4380110A03801106F
:10B520009C3801109838011094380110903801109F
:10B530008C380110883801108438011080380110CF
:10B540007C38011008390110083901100839011040
:10B5500008390110083901100839011008390110A3
:10B5600008390110783801107438011008390110B9
:10B570000839011008390110083901100839011083
:10B580000839011008390110083901100839011073
:10B590000839011008390110083901100839011063
:10B5A000703801106C3801106838011064380110CF
:10B5B00008390110083901100839011060380110EC
:10B5C0000839011008390110083901105C380110E0
:10B5D00008390110083901105838011008390110D4
:10B5E00008390110543801100839011008390110C8
:10B5F0000839011008390110083901100839011003
:10B6000008390110083901100839011008390110F2
:10B6100050380110083901104C3801104838011019
:10B620004438011008390110083901104038011060
:10B6300008390110083901100839011008390110C2
:10B6400008390110083901100839011008390110B2
:10B650003C380110383801103438011030380110EE
:10B660002C38011028380110083901102438011035
:10B67000203801101C38011018380110143801103E
:10B68000103801100C38011008380110043801106E
:10B6900000380110FC370110F8370110F4370110A1
:10B6A00008390110F0370110EC370110E8370110AC
:10B6B000E437011008390110083901100839011068
:10B6C0000839011008390110E0370110083901105C
:10B6D0000839011008390110DC370110D837011082
:0CB6E000D4370110D0370110CC37011016
:10B6EC0053756363657373004E6F74206F776E656B
:10B6FC00720000004E6F20737563682066696C657C
:10B70C00206F72206469726563746F727900000037
:10B71C004E6F20737563682070726F63657373006E
:10B72C00496E746572727570746564207379737484
:10B73C00656D2063616C6C00492F4F206572726FD0
:10B74C00720000004E6F2073756368206465766923
:10B75C006365206F7220616464726573730000000E
:10B76C00417267206C69737420746F6F206C6F6EFC
:10B77C00670000004578656320666F726D61742008
:10B78C006572726F72000000536F636B6574206199
:10B79C006C726561647920636F6E6E656374656449
:10B7AC00000000004261642066696C65206E756D56
:10B7BC00626572004E6F206368696C6472656E001E
:10B7CC0044657374696E6174696F6E206164647230
:10B7DC006573732072657175697265640000000091
:10B7EC004E6F206D6F72652070726F636573736539
:10B7FC00730000004E6F7420656E6F756768207360
:10B80C0070616365000000005065726D6973736947
:10B81C006F6E2064656E696564000000426164208F
:10B82C006164647265737300446576696365206F47
:10B83C0072207265736F757263652062757379001F
:10B84C0046696C65206578697374730043726F7315
:10B85C00732D646576696365206C696E6B000000FE
:10B86C004E6F2073756368206465766963650000AC
:10B87C004E6F742061206469726563746F72790015
:10B88C00486F737420697320646F776E000000003A
:10B89C00436F6E6E656374696F6E20616C72656167
:10B8AC00647920696E2070726F6772657373000023
:10B8BC0049732061206469726563746F727900004A
:10B8CC00496E76616C696420617267756D656E7422
:10B8DC00000000004E6574776F726B20696E7465A2
:10B8EC007266616365206973206E6F7420636F6E7E
:10B8FC006669677572656400436F6E6E6563746923
:10B90C006F6E2061626F72746564206279206E655F
:10B91C0074776F726B000000546F6F206D616E79DD
:10B92C00206F70656E2066696C657320696E20737C
:10B93C00797374656D00000046696C6520646573ED
:10B94C0063726970746F722076616C756520746FA8
:10B95C006F206C61726765004E6F742061206368A4
:10B96C006172616374657220646576696365000059
:10B97C00546578742066696C652062757379000073
:10B98C0046696C6520746F6F206C6172676500008E
:10B99C00486F737420697320756E7265616368619A
:10B9AC00626C65004E6F207370616365206C656618
:10B9BC0074206F6E20646576696365004E6F742029
:10B9CC00737570706F72746564000000496C6C65FF
:10B9DC0067616C207365656B0000000052656164E3
:10B9EC002D6F6E6C792066696C6520737973746544
:10B9FC006D000000546F6F206D616E79206C696E64
:10BA0C006B73000042726F6B656E2070697065001D
:10BA1C004D617468656D61746963732061726775DB
:10BA2C006D656E74206F7574206F6620646F6D6128
:10BA3C00696E206F662066756E6374696F6E0000A8
:10BA4C00526573756C7420746F6F206C61726765CE
:10BA5C00000000004E6F206D657373616765206F89
:10BA6C006620646573697265642074797065000082
:10BA7C004964656E7469666965722072656D6F766E
:10BA8C0065640000496C6C6567616C206279746553
:10BA9C002073657175656E636500000044656164B3
:10BAAC006C6F636B000000004E6574776F726B20D7
:10BABC00697320756E726561636861626C65000004
:10BACC004E6F206C6F636B004E6F7420612073742B
:10BADC007265616D0000000053747265616D2069C0
:10BAEC006F63746C2074696D656F75740000000071
:10BAFC004E6F2073747265616D207265736F757211
:10BB0C00636573005669727475616C206369726346
:10BB1C0075697420697320676F6E650050726F745D
:10BB2C006F636F6C206572726F720000556E6B6E76
:10BB3C006F776E2070726F746F636F6C0000000013
:10BB4C004D756C7469686F7020617474656D707478
:10BB5C0065640000426164206D6573736167650004
:10BB6C0046756E6374696F6E206E6F7420696D70AC
:10BB7C006C656D656E7465640000000044697265E7
:10BB8C0063746F7279206E6F7420656D70747900B8
:10BB9C0046696C65206F722070617468206E616DEF
:10BBAC006520746F6F206C6F6E670000546F6F2090
:10BBBC006D616E792073796D626F6C6963206C694D
:10BBCC006E6B73004E6F20627566666572207370C3
:10BBDC0061636520617661696C61626C650000006F
:10BBEC004E6F2064617461004164647265737320EC
:10BBFC0066616D696C79206E6F7420737570706FEF
:10BC0C00727465642062792070726F746F636F6CEC
:10BC1C002066616D696C790050726F746F636F6C24
:10BC2C002077726F6E67207479706520666F722052
:10BC3C00736F636B65740000536F636B6574206F77
:10BC4C007065726174696F6E206F6E206E6F6E2DF1
:10BC5C00736F636B6574000050726F746F636F6CFD
:10BC6C00206E6F7420617661696C61626C65000096
:10BC7C00436F6E6E656374696F6E20726566757363
:10BC8C0065640000436F6E6E656374696F6E20723D
:10BC9C006573657420627920706565720000000020
:10BCAC004164647265737320616C726561647920A0
:10BCBC00696E20757365000041646472657373204E
:10BCCC006E6F7420617661696C61626C6500000056
:10BCDC00536F667477617265206361757365642058
:10BCEC00636F6E6E656374696F6E2061626F7274E0
:10BCFC0000000000536F636B6574206973206E6FD6
:10BD0C007420636F6E6E656374656400536F636B50
:10BD1C00657420697320616C726561647920636F4E
:10BD2C006E6E6563746564004F7065726174696FE3
:10BD3C006E2063616E63656C65640000537461749E
:10BD4C0065206E6F74207265636F76657261626CCC
:10BD5C006500000050726576696F7573206F776EA1
:10BD6C0065722064696564004F7065726174696FF7
:10BD7C006E206E6F7420737570706F7274656420B2
:10BD8C006F6E20736F636B657400000056616C7589
:10BD9C006520746F6F206C6172676520666F72200E
:10BDAC00646566696E656420646174612074797081
:10BDBC00650000004D65737361676520746F6F20BB
:10BDCC006C6F6E6700000000436F6E6E6563746984
:10BDDC006F6E2074696D6564206F757400000000CF
:10BDEC00B83D0110043D0110043D0110AE3D0110A1
:10BDFC00043D0110043D0110043D0110043D0110EF
:10BE0C00043D0110043D0110923D01108A3D0110CA
:10BE1C00043D0110803D0110323D0110043D011024
:10BE2C00283D0110CC3C0110CC3C0110CC3C011045
:10BE3C00CC3C0110CC3C0110CC3C0110CC3C011092
:10BE4C00CC3C0110CC3C0110043D0110043D011010
:10BE5C00043D0110043D0110043D0110043D01108E
:10BE6C00043D0110043D0110043D0110043D01107E
:10BE7C00A843011004430110043D011004430110B8
:10BE8C00043D0110043D0110043D0110043D01105E
:10BE9C00FA420110043D0110043D0110D64201107C
:10BEAC00043D0110043D0110043D0110043D01103E
:10BEBC00043D011010440110043D0110043D01101B
:10BECC00DC430110043D0110043D0110043D011040
:10BEDC00043D0110043D0110043D0110043D01100E
:10BEEC00043D0110043D0110043D011002400110FD
:10BEFC008C3F011004430110044301100443011052
:10BF0C00CC4201108C3F0110043D0110043D011086
:10BF1C00BC420110043D01105C420110364201107C
:10BF2C00964201108C420110043D01102A3F011071
:10BF3C00043D0110AE3E0110043D0110043D011002
:04BF4C00C83D0110DB
:10BF5000494E4600696E66004E414E006E616E00AD
:10BF6000303132333435363738394142434445462F
:10BF700000000000303132333435363738396162F1
:10BF80006364656600000000286E756C6C29000013
:04BF9000300000007D
:10BF9400202020202020202020202020202020209D
:10BFA400303030303030303030303030303030308D
:10BFB40086530110B85A0110B85A01109653011053
:10BFC400B85A0110B85A0110B85A0110B85A0110E1
:10BFD400B85A0110B85A011096570110B6570110FB
:10BFE400B85A0110BE570110C4570110B85A0110B5
:10BFF400A459011054530110545301105453011007
:10C00400545301105453011054530110545301104C
:10C014005453011054530110B85A0110B85A011066
:10C02400B85A0110B85A0110B85A0110B85A011080
:10C03400B85A0110B85A0110B85A0110B85A011070
:10C04400A45801101A590110B85A01101A590110B4
:10C05400B85A0110B85A0110B85A0110B85A011050
:10C06400B8590110B85A0110B85A0110C259011038
:10C07400B85A0110B85A0110B85A0110B85A011030
:10C08400B85A0110E8590110B85A0110B85A0110F1
:10C09400105A0110B85A0110B85A0110B85A0110B8
:10C0A400B85A0110B85A0110B85A0110B85A011000
:10C0B400B85A0110B85A0110B85A0110445A011064
:10C0C4007C5A01101A5901101A5901101A590110F9
:10C0D4008E5A01107C5A0110B85A0110B85A011036
:10C0E40082580110B85A0110105801103458011028
:10C0F4005C580110AE590110B85A0110A65601102F
:10C10400B85A0110FE560110B85A0110B85A01105D
:04C11400A053011023
:10C11800494E4600696E66004E414E006E616E00E3
:10C128003031323334353637383941424344454665
:10C138000000000030313233343536373839616227
:10C148006364656600000000286E756C6C29000049
:04C1580030000000B3
:10C15C0020202020202020202020202020202020D3
:10C16C0030303030303030303030303030303030C3
:10C17C00496E66696E697479000000004E614E006C
:04C18C00300000007F
:10C190000080E03779C34143176E05B5B5B89346C3
:10C1A000F5F93FE9034F384D321D30F94877825A8F
:08C1B0003CBF737FDD4F1575E4
:10C1B800000000000000F03F0000000000002440E4
:10C1C80000000000000059400000000000408F40BF
:10C1D800000000000088C34000000000006AF8402A
:10C1E8000000000080842E4100000000D01263414E
:10C1F8000000000084D797410000000065CDCD41C4
:10C20800000000205FA00242000000E876483742A4
:10C21800000000A2941A6D42000040E59C30A24242
:10C228000000901EC4BCD64200003426F56B0C43B7
:10C238000080E03779C3414300A0D885573476435E
:10C2480000C84E676DC1AB43003D9160E458E143BF
:10C25800408CB5781DAF154450EFE2D6E41A4B4434
:10C2680092D54D06CFF08044F64AE1C7022DB54479
:08C27800B49DD9794378EA4432
:0CC2800005000000190000007D00000017
:08C28C004040FE7F01000000AC
:10C29400084A10B51378002B0AD1802306480749B1
:10C2A4005B051C68C45004338B42FAD1012313701C
:10C2B40010BDC046DB2B0020F82500100001001043
:10C2C40010B5024B0133984710BDC046F825002035
:10C2D400431E9841054B02301B6800025840C0239E
:10C2E4009B001840024B18607047C0460C80014008
:10C2F4000C9001408023F0B50A1804000D0085B0AD
:10C304009B039A4205D941211D4B1E4A1E4800F049
:10C3140003F91826142733881C493888984733882A
:10C324001B4903903888984733881A490290388803
:10C33400984733880190184938889847039B06002A
:10C34400002B07D0029B002B04D0019B002B01D0B3
:10C35400002803D14921114B0A4AD7E7FFF798FF78
:10C36400039B9847029B984780222000D8232900EA
:10C374005202019CA047B047FFF7A2FF05B0F0BDF1
:10C38400BC900110F0AC0110E89001104946000087
:10C3940045580000524500004643000046910110F4
:10C3A4008023F0B5140085B01218050003919B0397
:10C3B4009A4205D958211D4B1D4A1E4800F0ACF87D
:10C3C4001826142733881C493888984733881B4912
:10C3D40002903888984733881949019038889847DB
:10C3E40033880090174938889847029B0600002B31
:10C3F40007D0019B002B04D0009B002B01D0002808
:10C4040003D16021104B0A4AD7E7FFF741FF029B93
:10C414009847019B9847220028000399009B98475E
:10C42400B047FFF74DFF05B0F0BDC046BC9001100A
:10C4340002AD0110E8900110494600004558000083
:10C44400525000004643000099910110F0B518269F
:10C45400142485B03388019002912088274917005D
:10C4640098473388264905002088984733880390E5
:10C474002449208898470600002D04D0039B002BF4
:10C4840001D0002805D180211F4B204A204800F00C
:10C4940043F8FFF7FDFEA847039B98470020FFF7EA
:10C4A40017FFC0223B00082502205205390019431A
:10C4B40007D10120FFF70CFFB047FFF701FF05B0DC
:10C4C400F0BD916A0C002C4001420BD0002F09D022
:10C4D400D91B0D2906D80199013F097811660199E4
:10C4E40001310191002CE1D0002BDFD0116E029CB0
:10C4F400013B2170210001310291D7E74946000038
:10C504004558000046430000EE91011016AD01109D
:10C51400E89001100000000001B40248844601BC08
:10C52400604700BF59110110000000000600000020
:10C5340007000000080000000900000016000000C9
:10C54400150000000A0000000B0000000E000000AF
:10C554000C0000000D0000000F000000140000009B
:10C5640087000000B603000087000000B603000047
:10C57400010000001A000000000000001B00000081
:10C58400000000001C000000000000001D0000006E
:10C594000000000000000000000000000000000097
:10C5A4000000000001000000000000000000000086
:10C5B4000000000002000000000000000000000075
:10C5C4000000000003000000000000000000000064
:10C5D4000000000004000000000000000000000053
:10C5E4000000000005000000000000000000000042
:10C5F4000000000006000000000000000000000031
:10C60400000000000700000000000000000000001F
:10C61400000000000800000000000000000000000E
:10C6240000000000090000000000000000000000FD
:10C63400000000000A0000000000000000000000EC
:10C64400000000000B0000000000000000000000DB
:10C65400000000000C0000000000000000000000CA
:10C66400000000000D0000000000000000000000B9
:10C67400000000000E0000000000000000000000A8
:10C68400000000000F000000000000000000000097
:10C694000000000010000000000000000000000086
:10C6A4000000000011000000000000000000000075
:10C6B4000000000012000000000000000000000064
:10C6C4000000000013000000000000000000000053
:10C6D4000000000014000000000000000000000042
:10C6E4000000000015000000000000000000000031
:10C6F4000000000016000000000000000000000020
:10C70400000000001700000000000000000000000E
:10C7140000000000180000000000000000000000FD
:10C7240000000000190000000000000000000000EC
:10C73400000000001A0000000000000000000000DB
:10C74400000000001B0000000000000000000000CA
:10C75400000000001C0000000000000000000000B9
:10C76400000000001D0000000000000000000000A8
:10C77400000000000A000000EB8F0110D3B3FB029D
:10C7840000000000000000000000000000000000A5
:10C794000000000000000000000000000000000095
:10C7A4000000000000000000000000000000000085
:10C7B4000000000000000000000000000000000075
:10C7C4000000000000000000000000000000000065
:10C7D4000000000000000000000000000000000055
:10C7E4000000000000000000000000000000000045
:10C7F4000000000000000000000000000000000035
:10C804000000000000000000000000000000000024
:10C81400000000000000000000000000758200100D
:10C824007DAC0010FFFFFFFFFFFFFFFFFFFFFFFFD7
:10C8340000000000000000000000000000000000F4
:10C8440000000000000000000000000000000000E4
:10C8540000000000000000000000000000000000D4
:10C8640000000000000000000000000000000000C4
:10C8740000000000000000000000000000000000B4
:10C8840000000000000000000000000000000000A4
:10C894000000000000000000000000000000000094
:10C8A4000000000000000000000000000000000084
:10C8B4000000000000000000000000000000000074
:10C8C4000000000000000000000000000000000064
:10C8D4000000000000000000000000000000000054
:10C8E4000000000000000000000000000000000044
:10C8F4000000000000000000000000000000000034
:10C904000000000000000000000000000000000023
:10C914000000000000000000000000000000000013
:10C9240000000000405973070000000000000100EF
:10C9340000000000000000000000020000000000F1
:10C9440000000000000003000000000000000000E0
:10C954000000FF000000000000B5486801318E4669
:10C964000047704609380149884700BD4D09011048
:10C9740010000000000000000000000000000000A3
:10C98400503300004C330000543300005233000095
:10C99400C80700200000000000000000B40A0020C6
:10C9A4001C0B0020840B002000000000000000008D
:10C9B4000000000000000000000000000000000073
:10C9C4000000000000000000000000000000000063
:10C9D4000000000000000000000000000000000053
:10C9E4000000000000000000000000000000000043
:10C9F4000000000000000000000000000000000033
:10CA04000000000000000000000000000000000022
:10CA14000000000000000000000000000000000012
:10CA24000000000000000000000000000000000002
:10CA340000000000000000000000000000000000F2
:10CA440001000000000000000E33CDAB34126DE68F
:10CA5400ECDE05000B0000000000000000000000F8
:10CA640000000000000000000000000000000000C2
:10CA740000000000000000000000000000000000B2
:10CA840000000000000000000000000000000000A2
:10CA94000000000000000000000000000000000092
:10CAA4000000000000000000000000000000000082
:10CAB4000000000000000000000000000000000072
:10CAC4000000000000000000000000000000000062
:10CAD4000000000000000000000000000000000052
:10CAE4000000000000000000000000000000000042
:10CAF4000000000000000000000000000000000032
:10CB04000000000000000000000000000000000021
:10CB14000000000000000000000000000000000011
:10CB24000000000000000000000000000000000001
:10CB340000000000000000000000000000000000F1
:10CB440000000000000000000000000000000000E1
:10CB540000000000000000000000000000000000D1
:10CB640000000000000000000000000000000000C1
:10CB740000000000000000000000000000000000B1
:10CB840000000000000000000000000000000000A1
:10CB94000000000000000000000000000000000091
:10CBA4000000000000000000000000000000000081
:10CBB4000000000000000000000000000000000071
:10CBC4000000000000000000000000000000000061
:10CBD4000000000000000000000000000000000051
:10CBE4000000000000000000000000000000000041
:10CBF4000000000000000000000000000000000031
:10CC04000000000000000000000000000000000020
:10CC14000000000000000000000000000000000010
:10CC24000000000000000000000000000000000000
:10CC340000000000000000000000000000000000F0
:10CC440000000000000000000000000000000000E0
:10CC540000000000000000000000000000000000D0
:10CC640000000000000000000000000000000000C0
:10CC740000000000000000000000000000000000B0
:10CC840000000000000000000000000000000000A0
:10CC94000000000000000000000000000000000090
:10CCA4000000000000000000000000000000000080
:10CCB4000000000000000000000000000000000070
:10CCC4000000000000000000000000000000000060
:10CCD4000000000000000000000000000000000050
:10CCE4000000000000000000000000000000000040
:10CCF4000000000000000000000000000000000030
:10CD0400000000000000000000000000000000001F
:10CD1400000000000000000000000000000000000F
:10CD240000000000000000000000000000000000FF
:10CD340000000000000000000000000000000000EF
:10CD440000000000000000000000000000000000DF
:10CD540000000000000000000000000000000000CF
:10CD640000000000000000000000000000000000BF
:10CD740000000000000000000000000000000000AF
:10CD8400000000000000000000000000000000009F
:10CD9400000000000000000000000000000000008F
:10CDA400000000000000000000000000000000007F
:10CDB400000000000000000000000000000000006F
:10CDC400430000000000000000000000000000001C
:10CDD400000000000000000000000000000000004F
:10CDE40043000000000000000000000000000000FC
:10CDF400000000000000000000000000000000002F
:10CE040043000000000000000000000000000000DB
:10CE1400000000000000000000000000000000000E
:10CE240043000000000000000000000000000000BB
:10CE340000000000000000000000000000000000EE
:10CE4400430000000000000000000000000000009B
:10CE540000000000000000000000000000000000CE
:10CE6400430000000000000000000000000000007B
:10CE740000000000000000000000000000000000AE
:10CE8400430000000000000000000000000000005B
:10CE9400000000000000000000000000000000008E
:10CEA400DD690110812E01100000000090B3011013
:10CEB400A8B40110A4B40110A4B40110A4B40110C6
:10CEC400A4B40110A4B40110A4B40110A4B40110BA
:10CED400A4B40110A4B40110FFFFFFFFFFFFFFFF84
:10CEE400FFFFFFFFFFFF00000100415343494900DA
:10CEF400000000000000000000000000000000002E
:10CF040000000000000000000000415343494900B4
:10CF1400000000000000000000000000000000000D
:10CF240000000000000000000000000000000000FD
:10CF3400000000005C0D00205C0D0020640D00204A
:10CF4400640D00206C0D00206C0D0020740D002079
:10CF5400740D00207C0D00207C0D0020840D002029
:10CF6400840D00208C0D00208C0D0020940D0020D9
:10CF7400940D00209C0D00209C0D0020A40D002089
:10CF8400A40D0020AC0D0020AC0D0020B40D002039
:10CF9400B40D0020BC0D0020BC0D0020C40D0020E9
:10CFA400C40D0020CC0D0020CC0D0020D40D002099
:10CFB400D40D0020DC0D0020DC0D0020E40D002049
:10CFC400E40D0020EC0D0020EC0D0020F40D0020F9
:10CFD400F40D0020FC0D0020FC0D0020040E0020A8
:10CFE400040E00200C0E00200C0E0020140E002055
:10CFF400140E00201C0E00201C0E0020240E002005
:10D00400240E00202C0E00202C0E0020340E0020B4
:10D01400340E00203C0E00203C0E0020440E002064
:10D02400440E00204C0E00204C0E0020540E002014
:10D03400540E00205C0E00205C0E0020640E0020C4
:10D04400640E00206C0E00206C0E0020740E002074
:10D05400740E00207C0E00207C0E0020840E002024
:10D06400840E00208C0E00208C0E0020940E0020D4
:10D07400940E00209C0E00209C0E0020A40E002084
:10D08400A40E0020AC0E0020AC0E0020B40E002034
:10D09400B40E0020BC0E0020BC0E0020C40E0020E4
:10D0A400C40E0020CC0E0020CC0E0020D40E002094
:10D0B400D40E0020DC0E0020DC0E0020E40E002044
:10D0C400E40E0020EC0E0020EC0E0020F40E0020F4
:10D0D400F40E0020FC0E0020FC0E0020040F0020A3
:10D0E400040F00200C0F00200C0F0020140F002050
:10D0F400140F00201C0F00201C0F0020240F002000
:10D10400240F00202C0F00202C0F0020340F0020AF
:10D11400340F00203C0F00203C0F0020440F00205F
:10D12400440F00204C0F00204C0F0020540F00200F
:10D13400540F00205C0F00205C0F0020640F0020BF
:10D14400640F00206C0F00206C0F0020740F00206F
:10D15400740F00207C0F00207C0F0020840F00201F
:10D16400840F00208C0F00208C0F0020940F0020CF
:10D17400940F00209C0F00209C0F0020A40F00207F
:10D18400A40F0020AC0F0020AC0F0020B40F00202F
:10D19400B40F0020BC0F0020BC0F0020C40F0020DF
:10D1A400C40F0020CC0F0020CC0F0020D40F00208F
:10D1B400D40F0020DC0F0020DC0F0020E40F00203F
:10D1C400E40F0020EC0F0020EC0F0020F40F0020EF
:10D1D400F40F0020FC0F0020FC0F0020041000209E
:10D1E400041000200C1000200C100020141000204B
:10D1F400141000201C1000201C10002024100020FB
:10D20400241000202C1000202C10002034100020AA
:10D21400341000203C1000203C100020441000205A
:10D22400441000204C1000204C100020541000200A
:10D23400541000205C1000205C10002064100020BA
:10D24400641000206C1000206C100020741000206A
:10D25400741000207C1000207C100020841000201A
:10D26400841000208C1000208C10002094100020CA
:10D27400941000209C1000209C100020A41000207A
:10D28400A4100020AC100020AC100020B41000202A
:10D29400B4100020BC100020BC100020C4100020DA
:10D2A400C4100020CC100020CC100020D41000208A
:10D2B400D4100020DC100020DC100020E41000203A
:10D2C400E4100020EC100020EC100020F4100020EA
:10D2D400F4100020FC100020FC1000200411002099
:10D2E400041100200C1100200C1100201411002046
:10D2F400141100201C1100201C11002024110020F6
:10D30400241100202C1100202C11002034110020A5
:10D31400341100203C1100203C1100204411002055
:10D32400441100204C1100204C1100205411002005
:10D3340054110020FFFFFFFF00000200450400100D
:10D34400413F0010AD020010953100108D450010D2
:0CD35400ED590010155C0010355F001052
:04000005100001D511
:00000001FF
