:020000041000EA
:1000000000B5324B212058609868022188439860DF
:10001000D860186158612E4B002199600221596106
:100020000121F02299502B49196001219960352056
:1000300000F044F80222904214D00621196600F024
:1000400034F8196E01211966002018661A6600F04E
:100050002CF8196E196E196E052000F02FF8012189
:100060000842F9D1002199601B49196000215960AB
:100070001A491B48016001219960EB211966A021F2
:10008000196600F012F800219960164914480160C1
:100090000121996001BC002800D000471248134993
:1000A000086003C880F30888084703B5996A0420EC
:1000B0000142FBD001200142F8D103BD02B5186610
:1000C0001866FFF7F2FF186E186E02BD00000240BE
:1000D000000000180000070000035F00212200005C
:1000E000F4000018222000A00001001008ED00E03C
:1000F00000000000000000000000000074B24E7A12
:1001000000000420E3010010C3010010E903001007
:10011000C1010010C1010010C1010010C101001097
:10012000C1010010C1010010C10100104503001001
:10013000C1010010C1010010C9030010D503001057
:10014000CD010010CD010010CD010010CD01001037
:10015000CD010010CD010010CD010010CD01001027
:10016000CD010010CD010010CD010010CD01001017
:10017000CD010010CD010010CD010010CD01001007
:10018000CD010010CD010010CD010010CD010010F7
:10019000CD010010CD010010CD010010CD010010E7
:1001A000CD010010CD010010CD010010CD010010D7
:1001B000CD010010CD010010CD010010CD010010C7
:1001C00000BE00BE00BE00BE00BE00BE00F03FF894
:1001D000103800BE00202049086006C881F3088856
:1001E00010471E48006800282DD10CA40ECC002911
:1001F00002D000F010F8F9E719491A4A002000E08F
:1002000001C19142FCD1184988471849884700BE6E
:10021000FDE701C901C29A42FBD370479CC201109D
:10022000C00000208C11002074D3011000000420B5
:100230000000042074D301100010042000100420DA
:100240000000000070470A4810F0A0FE0047EFF3DE
:100250000580C0B27047000008ED00E0000000D04B
:1002600098110020C4AC0020CD02001075BA001017
:1002700057560000F8B5C046F8BC08BC9E4670470B
:10028000F8B5C04610B5064C2378002B07D1054BB6
:10029000002B02D0044800E000BF0123237010BDF2
:1002A000101700200000000084020010044B10B55D
:1002B000002B03D00349044800E000BF10BDC04636
:1002C000000000001417002084020010164B002BC1
:1002D00000D1144B9D46402292029A1A9246002168
:1002E0008B460F461348144A121A12F0DBFE0F4BCE
:1002F000002B00D098470E4B002B00D098470020D1
:10030000002104000D000D48002802D00C480BF01D
:10031000B4FB12F049FA2000290007F091FE0BF01F
:10032000A9FBC046000008000000042000000000F7
:10033000A17F001098110020C4AC00207BBA0010EF
:10034000000000007046C0082CD3EFF309808169DB
:1003500002390978002929D101B50FC8B8470CBC6A
:1003600003C29E461E4B06CB91421ED0083B1A602C
:10037000002909D0EFF3098020388863F0C0444693
:100380004D4656465F46F0C0906B1030F0C8A04610
:10039000A946B246BB4680F309882038F0C802203F
:1003A000C0430047EFF30880D1E770470D4A136858
:1003B0009942FAD801B5890053589C460FC8E047C6
:1003C0000CBC10609E46704701B507F0E3F803BC13
:1003D0008E46C7E701B507F09BF803BC8E46C1E720
:1003E000BC05002034920110102304E0202302E019
:1003F000302300E040239C46F0B404AE7546E80884
:1004000001D3EFF309860E4F0FCE0FC70FBC0FC7F6
:100410004046494652465B460FC71DCE3100A60AEC
:1004200000D304316E0900D248311FC7EFF30980B1
:100430006946EFF3148663C7604601490AF09EFEE1
:1004400034AC002001480421014B1847B0070020BC
:100450009D0F011002B47146490849000956490030
:100460008E4402BC7047C04602B471464908490038
:10047000095C49008E4402BC7047C0460022430814
:100480008B4274D303098B425FD3030A8B4244D35C
:10049000030B8B4228D3030C8B420DD3FF2209029E
:1004A00012BA030C8B4202D31212090265D0030B5D
:1004B0008B4219D300E0090AC30B8B4201D3CB0353
:1004C000C01A5241830B8B4201D38B03C01A524195
:1004D000430B8B4201D34B03C01A5241030B8B4297
:1004E00001D30B03C01A5241C30A8B4201D3CB0282
:1004F000C01A5241830A8B4201D38B02C01A524167
:10050000430A8B4201D34B02C01A5241030A8B4269
:1005100001D30B02C01A5241CDD2C3098B4201D381
:10052000CB01C01A524183098B4201D38B01C01AFF
:10053000524143098B4201D34B01C01A5241030976
:100540008B4201D30B01C01A5241C3088B4201D325
:10055000CB00C01A524183088B4201D38B00C01AD2
:10056000524143088B4201D34B00C01A5241411AF9
:1005700000D20146524110467047FFE701B5002006
:1005800000F0F0F802BDC0460029F7D076E77047CA
:1005900003460B437FD4002243088B4274D30309E4
:1005A0008B425FD3030A8B4244D3030B8B4228D385
:1005B000030C8B420DD3FF22090212BA030C8B42AB
:1005C00002D31212090265D0030B8B4219D300E04B
:1005D000090AC30B8B4201D3CB03C01A5241830BD0
:1005E0008B4201D38B03C01A5241430B8B4201D380
:1005F0004B03C01A5241030B8B4201D30B03C01AA9
:100600005241C30A8B4201D3CB02C01A5241830A22
:100610008B4201D38B02C01A5241430A8B4201D351
:100620004B02C01A5241030A8B4201D30B02C01A7B
:100630005241CDD2C3098B4201D3CB01C01A5241E2
:1006400083098B4201D38B01C01A524143098B426B
:1006500001D34B01C01A524103098B4201D30B0154
:10066000C01A5241C3088B4201D3CB00C01A524179
:1006700083088B4201D38B00C01A524143088B423E
:1006800001D34B00C01A5241411A00D201465241D7
:10069000104670475DE0CA0F00D04942031000D3F6
:1006A0004042534000229C4603098B422DD3030A4B
:1006B0008B4212D3FC22890112BA030A8B420CD35B
:1006C000890192118B4208D3890192118B4204D384
:1006D00089013AD0921100E08909C3098B4201D304
:1006E000CB01C01A524183098B4201D38B01C01A3E
:1006F000524143098B4201D34B01C01A52410309B5
:100700008B4201D30B01C01A5241C3088B4201D363
:10071000CB00C01A524183088B4201D38B00C01A10
:100720005241D9D243088B4201D34B00C01A5241E7
:10073000411A00D20146634652415B10104601D374
:100740004042002B00D54942704763465B1000D3FE
:10075000404201B5002000F005F802BD0029F8D0A4
:1007600016E770477047C046D0400B1CD1409C46EE
:10077000203AD3401843524263469340184370478F
:100780009140031C90409C46203A934019435242AA
:100790006346D340194370478446101C62468C461A
:1007A000191C634600E0C0461FB501F031FA00286D
:1007B00001D40021C8421FBD10B501F089F94042A3
:1007C000013010BD10B501F023FA002801DB002034
:1007D00010BD012010BDC04610B501F019FA002867
:1007E00001DD002010BD012010BDC04610B501F094
:1007F000ABF9002801DC002010BD012010BDC0466F
:1008000010B501F0A1F9002801DA002010BD012087
:1008100010BDC0461C2101231B04984201D3000CCB
:1008200010391B0A984201D3000A08391B09984263
:1008300001D30009043902A2105C40187047C04679
:100840000403020201010101000000000000000099
:10085000414208401C2101231B04984201D3000C93
:1008600010391B0A984201D3000A08391B09984223
:1008700001D30009043902A2105C401A7047C04637
:100880001B1C1D1D1E1E1E1E1F1F1F1F1F1F1F1F87
:10089000002B15D1002A13D1002906DB01DC00282A
:1008A00006D00020C043410802E080210906002054
:1008B00007B4024801A14018029003BDA9FEFFFF42
:1008C00003B4684601B5029800F02CF9019B9E46DE
:1008D00002B00CBC7047C046002B11D1002A0FD1CA
:1008E000002900D1002802D00021C943081C07B408
:1008F000024802A14018029003BDC04669FEFFFFF6
:1009000003B4684601B5029800F04AF8019B9E4680
:1009100002B00CBC7047C046F0B5CE464746150441
:100920002D0C2E0080B50704140C3F0C9946030CC7
:100930007E435D43674363437F19340CE4199C464F
:10094000A54203D980235B029846C4444B464343E7
:100950005143250C36046544360C2404A4195B1954
:10096000591820000CBC90469946F0BD094A43082E
:100970001340C01A0300084A8008104013401B1897
:100980001809C018054B03401802C0180304C0180A
:10099000000E704755555555333333330F0F0F0F36
:1009A000F0B54F464646D646C0B5040082B00D00AD
:1009B000914698468B422FD82CD04146484602F0AB
:1009C000DDF829000600200002F0D8F8331A9C4612
:1009D000203B9A4600D576E04B46524693401F0096
:1009E0004B46624693401E00AF4228D825D053465E
:1009F000A41BBD41002B00DA7BE000220023009203
:100A00000193012352469340019301236246934090
:100A1000009318E08242D0D9002200230092019373
:100A20000A9B002B01D01C605D600098019902B008
:100A30001CBC90469946A246F0BDA342D7D90022DD
:100A40000023009201936346002BE9D0FB079846F0
:100A5000414672080A437B0866460EE0AB4201D16C
:100A6000A2420CD8A41A9D41012024196D410021F5
:100A7000013E24184D41002E06D0AB42EED9013E76
:100A800024196D41002EF8D10098019953460019A0
:100A90006941002B23DB2B005246D3402A006446D9
:100AA000E2401C0053461500002B2DDB2600574664
:100AB000BE40330026006746BE403200801A99418E
:100AC00000900191ACE7624620239B1A4A46DA4027
:100AD0006146130042468A4017001F4380E7624682
:100AE00020239B1A2A0066469A402300F3401343B2
:100AF000D4E76246202300219B1A00220091019234
:100B00000122DA40019280E72023624626009B1AE8
:100B1000DE402F00B0466646B74046463B003343B2
:100B2000C8E7C046F0B583B016001F0000900191E1
:100B300002F030F804000D0002000B003000390014
:100B4000FFF7EAFE009A019B121A8B4108992000D8
:100B50000A604B60290003B0F0BDC046F0B54E46B8
:100B600057464546DE46E0B543025B0A450083B082
:100B70000F1C99462D0EC60F002D57D0FF2D24D0E7
:100B80008020DB00C0041843002381469A469B4620
:100B90007F3D7C027A00FB0F640A120E984623D038
:100BA000FF2A4BD0E30080240020E4047F3A1C435A
:100BB000AD186B1C47460193534677403A000F2B04
:100BC00048D87D499B00CB589F46002B00D085E03C
:100BD00008339A46063B9B467C027A00FB0FFF25B2
:100BE000640A120E9846DBD1002C00D090E05246E9
:100BF00001231A4392460120DBE74C465846170072
:100C0000022824D0032800D1CFE0002200230128AD
:100C10004DD15802D205400AFF071043384303B0B4
:100C20003CBC90469946A246AB46F0BD002B5BD13A
:100C300004239A46033B00259B46AAE7FF35002C78
:100C400060D1524602231A4392460220B1E7FF22A6
:100C50000023DEE74B461B0C9C464B462604360C15
:100C6000180461463300220C6446000C43434E4393
:100C70005043544380191A0C1218964203D980210C
:100C800049028C4664441B041B0C1004C0188301E9
:100C90005E1EB341800E1843130C1B199B010343C6
:100CA0001C00230179D5012362081C401443019ADA
:100CB0007F32002A4DDD630704D00F232340042B2D
:100CC00000D00434230103D53C4B019A1C408032F0
:100CD000FE2ABCDCA3015B0AD2B29AE70C239A4637
:100CE000093BFF259B4654E71800FFF793FD4A4652
:100CF000431F76259A4000236D4291462D1A9A464D
:100D00009B4646E7524603231A439246032050E788
:100D10002000FFF77FFD431F2D1A9C40763D0020E9
:100D200047E780230027DB03FF2272E7424666E79E
:100D30004C463200584662E780234A46DB031A429B
:100D400022D01C4220D123435B025B0A4746FF228C
:100D50005FE701239A1A1B2A21DC23000199D34063
:100D60009E318C401A0023005C1EA34113435A0796
:100D700004D00F221A40042A00D004335A0111D49F
:100D80009B015B0A002244E780234A46DB031343AE
:100D90005B025B0A3700FF223BE7019587E70022F1
:100DA000002336E70122002333E78023DB032343BC
:100DB0005B025B0AFF222CE7B0870110FFFFFFF701
:100DC00041024200C30F490A120E00207E2A0DD9AB
:100DD0009D2A0CD8802000040143952A0ADC962025
:100DE000821AD1404842002B00D108007047034AC4
:100DF0009818FBE7963A9140F4E7C046FFFFFF7F63
:100E000070B500283DD0C317C5185D40C40F280039
:100E1000FFF700FD9E22121A962A07DCD2B208289C
:100E200033DD083885406802400A23E0992A0BDD4B
:100E3000052329001B1AD94003001B339D402B00BA
:100E40005D1EAB4119430D00052801DD431F9D4088
:100E50002B000F490B406E0709D00F263540042D9B
:100E600005D004335D0102D59F220B40121A9B016D
:100E7000580AD2B24002D205400AE4071043204388
:100E800070BD002400220020F4E76802400AF1E768
:100E9000FFFFFFFBF0B54F464646D6460C00090360
:100EA000C0B5490A470F5E0039431F03DB0F9C465C
:100EB00065007B0A570F1F436D0DE40F760DA146A9
:100EC000C000B846D200AB1B64457BD0002B5FDD71
:100ED000002E00D0A4E03E00164300D112E15E1EB9
:100EE000002E00D09EE1871A4346B842804101257A
:100EF000C91A4042091A0B0200D431E149024E0AD4
:100F0000002E00D16EE13000FFF784FC0300083BA7
:100F10001F2B00DD61E120223900D21A9E40D14012
:100F20009F400E439D4200DD51E15D1B6B1C1F2B5A
:100F300000DD7CE12021C91A3D0030008F4088404F
:100F4000DD40791E8F41310007222843D94000251A
:100F500007433A40002A09D00F233B40042B05D019
:100F60003B1DBB42BF417F42C9191F000B0200D489
:100F700026E26A1CC64B55056D0D9A4200D106E16A
:100F8000C44AFF080A40530752023B43120B8EE04B
:100F9000002B00D0B8E06B1C5B055B0D012B00DC67
:100FA00030E1871A4346B842B641CB1A76429E1BBF
:100FB000330200D54CE13B003343A1D10022002491
:100FC000002570E0002B00DCE5E0002E00D183E07E
:100FD000AF4EB54260D0802636043743B846382B32
:100FE00000DC3EE1434613431F007A1E97413F1841
:100FF00087428041404209180B0200D4B0E0A44B64
:1010000001359D4200D1C3E0A24A7B080A4001217C
:101010000F401F435108D30707221F433A4099E767
:101020009B4EB54238D0802636043743B846382B1D
:1010300000DDDCE01F2B00DC30E11E004746203ED7
:10104000F740BC46202B04D04026F31A46469E406B
:101050003243170063467A1E97411F43CCE0002BB2
:1010600000D104E24346134300D159E14B07C008C5
:1010700018438023C9081B03194208D04546ED08D0
:101080001D4204D14346D008590708432900420FA6
:10109000C9007F4D1143C0004B07CA087C49C008F6
:1010A00003438D4268D012036D05120B6D0D0021B4
:1010B00012031800130B0A0D12051A43764B2D0567
:1010C00013402B435B00E4075B08234319001CBC5F
:1010D00090469946A246F0BD3E00164312D05E1ED1
:1010E000002E00D000E187188742804141444042F1
:1010F000091801250B0233D5022585E76446330024
:10110000414610001D00C7E7002D00D0DAE00C00BA
:101110000443F3D05C1C00D19FE15D4CA64200D19A
:101120002FE1DB43382B00DD66E11F2B00DD83E17F
:1011300020240500E41A0F00DD40D940A0404346BA
:10114000A7405B1A441EA04198462F433843171A04
:10115000BA42924143465242991A64463500CAE661
:1011600007223A40002A00D0F6E64B07CA08484951
:10117000FF083B438D4296D11900114300D19EE1F7
:10118000802109030A431203120B414D8FE715001A
:10119000002200238BE7002B00D0C7E06B1C5F050B
:1011A0007F0D012F00DCF1E0394DAB4200D1B9E0F9
:1011B00085180A0085428941424449425118072254
:1011C000CF076D082F4349083A401D00C2E60722A9
:1011D0003049ED1A31403A40BCE63E00283886409E
:1011E00000279FE63800FFF715FB20308EE64346C8
:1011F00013431F007A1E9741C71BB84280414042EB
:10120000091A78E60E003B0006431343002D61D116
:10121000002E00D0F4E0002B00D11BE16446390021
:10122000100039E71A4FBB427AD03300FFE6300096
:101230001F3DE840202B03D04021CB1A9E4037436E
:101240007B1E9F41072207433A400021002589E782
:10125000171A4346BA42B641591A76428E1B644663
:101260004EE61F2B00DDADE020264746F61AB740BC
:10127000B9461700B246DF404E463E433700564659
:10128000B240561EB24117434246DA408918AEE6D4
:10129000FF070000FFFF7FFFFFFF0F80202647466C
:1012A000F61AB740B9461700B246DF404E463E43F5
:1012B00037005646B240561EB24117434246DA4006
:1012C000891A99E77F4CA6425BD0802424045B42B4
:1012D000214327E7002E0CD1002B00D1CBE0644640
:1012E00039001000774DD7E6764FBB4218D0330057
:1012F00075E6002B14D04B07C00818438023C9089B
:101300001B03194207D0FC081C4204D17907D008FE
:101310000843E14621004C46420FC9001143C0007A
:10132000684DB9E61D0000220023C0E6002D5BD108
:101330000D00054300D1E2E65D1C00D1B0E0614D37
:10134000AE421FD0DB43382B71DC1F2B00DD96E053
:1013500020250F00ED1AAF40B9460700AA46DF402E
:101360004D463D432F005546A840D940451EA84153
:1013700088440743BF189742924151424144350087
:101380003AE6644635004146100085E60B0003430B
:10139000002D00D063E6002BF5D04346134300D167
:1013A0007AE6871887428041072241444042091863
:1013B0003A400B0200D4D5E6434B01351940C9E54C
:1013C000380069E61E004746203EF740BC46202B09
:1013D00004D04026F31A46469E4032431700634627
:1013E0007A1E97411F4302E6364DAE42CAD0802591
:1013F0002D045B422943A6E70843411E8841A6E627
:10140000002B00D148E6871A4346B842B641CB1AB2
:1014100076429E1B33024BD5171A4346BA4292417D
:10142000591A5242891A072264463A4092E501430A
:101430000F00791E8F419DE71C000F00203CE74004
:10144000202B03D04024E31A99400843411E8841D1
:1014500038437CE60022002425E6171A4346BA42A8
:101460009241591A5242891A6446350043E5414671
:101470001000144D10E680220024120380E61D00A7
:101480000F00203DEF40BC46202B03D04025EB1A37
:101490009940084307006346781E87411F4369E768
:1014A000871897429B4141445B42C9183500A3E528
:1014B0003B003343CED0072231003A4052E60023AE
:1014C0001A00F4E5FF070000FFFF7FFFF0B5574665
:1014D000DE464E464546E0B5834607000E0348000B
:1014E00085B092461C00360B400DCD0F002800D170
:1014F0009DE0954B984239D08023F6001B041E4393
:10150000924A7B0F33439946944603006344009309
:1015100000230026FF00029323031B0B9846630061
:10152000E40F52465B0D019400D1B3E086498B4233
:1015300000D19EE04246D100802212040A43514667
:10154000490F11438B46814952468C4600996344AA
:10155000CB1A0021D20000932B0063409A460F2E35
:1015600000D905E17A4BB6009B599F465B46334351
:10157000994600D0B8E00223082600270090029385
:10158000CAE7CB463A0002990195019B9A46022987
:1015900027D0032900D180E2012944D06D49009B66
:1015A0008C4663441C00002C38DD530700D013E246
:1015B000D2085B46DB0109D55946674B19408B467B
:1015C0008021C9008C46009B63441C00634B9C42F5
:1015D00007DC5B4664055F075B0217431B0B620D6C
:1015E00002E000230027584A00211B031C0B0B0DAF
:1015F0001B05234314055A4A380013401C43534625
:101600006400DB0764081C43210005B03CBC904625
:101610009946A246AB46F0BD0122524201231B1B54
:10162000382B00DCADE1002200230027DCE75B461D
:10163000334399465ED0002E00D18AE13000FFF797
:10164000E9F803000B3B1C2B00DD7BE11D22D31AC4
:101650005A460100DA4008398E4013005F46334392
:1016600099468F403F4B00261B1A0093002302939C
:1016700052E7414653460B433B499B468C46009BF1
:10168000634400935B46002B3BD1022300221E43A0
:10169000022161E7434613439B4637D04346002B64
:1016A00000D162E14046FFF7B5F803000B3B1C2B6D
:1016B00000DD53E102004146083A914088461D2171
:1016C000CB1A5146D9400B0041460B439B4653462B
:1016D00093401A00009B25499C46604403008C46B9
:1016E00063440093002137E70323B14600900C26A2
:1016F000029311E70023009301330426002702938D
:101700000AE70323C3461E43032125E701331E4393
:101710000022012120E700239A46802300271B0393
:10172000094A61E7802349461B03194200D1E2E0E0
:101730005946194200D0DEE00B431B0317001B0B78
:10174000A246014A50E7C046FF07000001FCFFFF28
:10175000F0870110FF030000FFFFFFFEFE070000FF
:10176000FFFF0F800DFCFFFF01F8FFFFF3030000F8
:10177000D94500D9CBE000D1C6E03C00484600275F
:10178000009B013B00935B46160E1B021E43130297
:10179000984633041B0C9946310C0191FEF7F4FE78
:1017A0004A4642430B04210C050019438A4207D9DB
:1017B0008919013D8E4203D88A4201D9851E8919B3
:1017C000881A0199FEF7E0FE09048C464A46210476
:1017D00064464243090C030021438A4204D9891913
:1017E000013B8E4200D8F1E02D041D43AB46434639
:1017F000891A4246280C12041D0C5B46140C220068
:101800001B041B0C5A4303946B43444302956843E7
:101810001B19150CEB189C4203D980246402A446C2
:1018200060441C0C15041B042D0C20185D1981420A
:1018300077D373D00C1AA24A7D1BAF42BF419446A6
:10184000009B7F426344E01B1C00864200D1DBE02A
:101850000199FEF799FE4A4642430B04290C070002
:1018600019438A4207D98919013F8E4203D88A4217
:1018700001D9871E8919881A0199FEF785FE090486
:101880004A46894629044D464243090C0300294330
:101890008A4207D98919013B8E4203D88A4201D96D
:1018A000831E89193F04891A3A00039F1A4338009E
:1018B00013041B0C584381460298150C6F43434395
:1018C00045434846000C8446DB1963449F4203D9D4
:1018D000802040028446654448461F0C00041B04D7
:1018E000000C7D191818A94200D284E000D17FE0D5
:1018F00001231A4357E680234A461B0313431B0365
:101900001B0BAA466F4A6FE6BA4200D935E74B4631
:10191000DC0758087B081C43FF0734E70024AF426C
:1019200089D247444745A4415B466442A4196418E0
:10193000013BA6421ED2A0426DD800D1B6E0241AC7
:101940009B4678E703005A46283B9A400027914679
:1019500088E65846FEF75EFF203072E603005246E6
:10196000283B9A4093460022B4E65046FEF752FFC9
:1019700020309AE6A642E2D1B845DCD9341A9B461B
:1019800059E71F2B65DC504C0099A4465C46614426
:1019900008008C4011008240D940501E82410C4307
:1019A00014435A46DA401300620709D00F2222403E
:1019B000042A05D02200141D9442894149425B1833
:1019C0001A0262D50122002300270DE68A4200D8C0
:1019D0000AE7831E891907E70F231340042B00D160
:1019E000E6E5171D9742924153429B44FA08E0E511
:1019F000002800D1D7E57118531EB14227D3A94260
:101A000015D358D01A0073E7002B00DC04E601233D
:101A100000229B44CDE502234744474589415B4270
:101A20009C46494289190C19E344241A03E74346AA
:101A30005F0047459B41B8465B429E19023A8919AF
:101A4000A94200D054E7404500D051E7ABE51A0069
:101A5000F6E71F215F4649420C1BE740202B07D0C9
:101A60001A49009B8C46634418005B4683401A4326
:101A7000501E82413A4307270023174009D00F2107
:101A8000002311401400042995D122005F075B0256
:101A90001B0BD20817430022A6E5802359461B03DF
:101AA0000B431B0317001B0B064A9DE5BD42B2D832
:101AB0009B460024BFE68045B9D31A00C3E7C04661
:101AC000FF030000FF0700001E0400003E040000AA
:101AD000F0B54F464646D6468446C0B58046194EB8
:101AE00018030F034D00000B5C0082463F0B6D0D89
:101AF000C90F9146640DDB0F0120B5420AD0B442F4
:101B000003D0A54201D157450CD01CBC9046994644
:101B1000A246F0BD66463E43F7D1AC42F5D15446ED
:101B20001443F2D10120C845EFD1994207D0002DCE
:101B3000EBD163461F433800471EB841E5E700205C
:101B4000E3E7C046FF070000F0B54F464646D646DD
:101B50004D00C0B50E03C90F8A462C491F035C0017
:101B60008046360B6D0D91463F0B640DDB0F8D42A9
:101B70001ED08C4216D0002D1ED130438446002C3E
:101B800001D13A4323D06246002A1AD09A4529D07F
:101B9000514602200139084001381CBC9046994644
:101BA000A246F0BD39001143E5D002204042F4E7DF
:101BB0003043FAD1AC420FD0002C0FD13A43E7D0DA
:101BC0000CE00122013B934318000130E5E7634636
:101BD0000020002BE1D0DBE73A43E6D19A45D7D18C
:101BE000A542D5DCA54205DBBE42D1D808D00020F5
:101BF000BE42D2D250460123013898430130CCE78F
:101C0000C845C5D80020C845F4D3C6E7FF07000083
:101C1000F0B54F464646D6464D00C0B50E03C90F37
:101C20008A462E491F035C008046360B6D0D914697
:101C30003F0B640DDB0F8D4218D08C4211D0002D6C
:101C400018D130438446002C1ED13A431CD1634640
:101C50000020002B30D051460220013908400138C5
:101C60002AE039001143EAD0022025E03043FBD1BD
:101C7000AC4226D0002C26D13A4324D15146022032
:101C800001390840013817E06246002A0FD09A4512
:101C9000E1D1A54205DBBE42DDD819D00020BE420D
:101CA0000AD25046012301389843013004E0012252
:101CB000013B9343180001301CBC90469946A24654
:101CC000F0BD3A43D0D19A45C5D1A542C3DCE0E787
:101CD000C845C0D80020C845E3D3EDE7FF070000A2
:101CE000F0B55746DE464E464546E0B5834606000B
:101CF0000F03480087B092461D003F0B400DCC0FEC
:101D0000002800D16FE0DE4B984238D08023FF00DE
:101D10001B041F43730F3B430193DA4B0027994683
:101D200000239B46F60081442B0369001B0B52469F
:101D30009846490DED0F002900D185E0D04B99421E
:101D400000D173E04346DA0080231B04134352465C
:101D5000CC48520F84461343524600206144D200BF
:101D600089442100694000918C46012149448A46FA
:101D70000F2F00D990E0C449BF00CF59BF465B4642
:101D80003B43019300D06AE10223082700268146E5
:101D90009B46C9E732005846019B614600910228E4
:101DA00000D175E0032800D1FEE1012800D02CE12C
:101DB00000230027002600253F032A0D3F0BB348D0
:101DC00012053A4302401B051343009A5B00D107FA
:101DD0005B080B433000190007B03CBC90469946A5
:101DE000A246AB46F0BD5B463B43019300D12FE1D9
:101DF000002F00D1A5E13800FEF70CFD03000B3BDE
:101E00001C2B00DD96E11D22D31A5A460100DA4050
:101E10005E4608398F4013008E403B4301939C4B34
:101E200000271B1A994600239B467DE741465346EF
:101E30000B4393498C46E144002B00D01AE1022267
:101E40000220174300228CE7134300D10DE14346E3
:101E5000002B00D181E14046FEF7DCFC02000B3A8A
:101E60001C2A00DD72E10100434608398B40984688
:101E70001D239A1A5346D3401A0043461343524631
:101E80008A404946081A824989468144002068E709
:101E90007B4B002700268EE7140C1204120C110055
:101EA000370C3604350C794328008C462E006043ED
:101EB0006044834656432100300C8046584679439F
:101EC00040440291844506D98846802149028C46C7
:101ED000E044414602913604010C360C00048B4666
:101EE00081191E0C1B041B0C0391190079438C46AD
:101EF000280075436544A8465843050C454477437C
:101F0000A94203D9802149028C466744290C8C469A
:101F100039000004000C2D042D186144AB440591D8
:101F20005946049101990F043F0C080C39005143A4
:101F30004243904602008C46090C8B4662437C4328
:101F400044445C44A04503D9802149028846424468
:101F5000210C884661460904090C8C463900594316
:101F6000434370437E430F0CF6182404BE196444A7
:101F700042448C46B34203D980235B0298464044D6
:101F8000029B61469846049B370443449B46AB45FD
:101F9000AD416B420D0405992D0C8C467F196744A9
:101FA000FD18A8465D462D19A542A44193466442FA
:101FB000A446C344DC448F42BF4198459B419345AE
:101FC0009241A445A4415B427F421F43360C5242DA
:101FD0006442BF192243BF18624638184302D20D2B
:101FE000039913436A020A43501E82416146ED0D74
:101FF0002A434E023243D90100D4B3E001265008EF
:1020000032400243DE0732435B08224C5444002C2A
:1020100062DD510709D00F201040042805D0101DA3
:102020009042924152429B180200D90104D580246B
:102030001948E400034054441848844200DD27E76F
:102040005E075B02D2081F0B630516435B0DB2E609
:10205000002399460133042700269B4664E60323A8
:10206000019781460C279B465EE60122012017431B
:10207000002276E6032303201F43434671E6C04651
:10208000FF07000001FCFFFF30880110FFFF0F80F9
:102090000DFCFFFFFF030000FFFFFFFEFE07000037
:1020A0000023802700933F030026434B83E6019BD8
:1020B0003200A446584670E6AC466EE68027019989
:1020C0003F0339422DD03B422BD11F433F033F0BEF
:1020D00000951600384B6EE601252D1B382D00DDCE
:1020E00066E61F2D40DC35481C0050441600824037
:1020F0008440EE40501E824134431443EB4062075B
:1021000009D00F222240042A05D02200141D944237
:10211000804140421B181A023ED5012300270026A9
:1021200049E68027019B3F031F433F033F0B009479
:10213000214B40E603005A46283B9A400026019274
:102140006DE65846FEF766FB203057E60300524620
:10215000283B9A401300002293E65046FEF75AFBB4
:1021600020307BE6CA4650E71F201E004042041B79
:10217000E640202D03D0124C5444A3401A43501E75
:102180008241324307260027164009D00F20002342
:10219000104014000428B9D122005E075B021F0B17
:1021A000D2081643002306E680273F031F433F0360
:1021B0003F0B1600004BFEE5FF0700001E04000069
:1021C0003E040000F8B557464E464546DE460C0034
:1021D0000903E0B5490A460F5F0031431E03DB0FD8
:1021E000760A9B46530F3343C84E6500C000E40F88
:1021F000D2006D0DA24681467F0D9C469046B742A7
:1022000000D1B9E05B46012673409B46EE1BA34517
:1022100000D183E0002E63DD002F00D0B1E06346E3
:10222000134300D123E1731E002B00D0BAE1861ABC
:102230006346B04280410125C91A4042091A0B0287
:1022400000D447E149024B0A98464346002B00D18F
:1022500089E14046FEF7DEFA0300083B1F2B00DD54
:102260007CE120223000D21A4146D0409940020041
:102270009E400A439D4200DD6AE15D1B6B1C1F2BE3
:1022800000DD94E1202110003500C91A8E40DA40AB
:102290008840DD40711E8E41110007222843002531
:1022A00006433240002A09D00F233340042B05D0C7
:1022B000331DB342B641764289191E000B0200D489
:1022C0003DE26A1C914B55056D0D9A4200D119E112
:1022D0008F4AF6080A40570752023743120B9BE019
:1022E000002E00D0C5E06E1C7605760D012E00DCB8
:1022F00048E16746861ACB1BB042BF417F42B846D1
:102300001F004346FF1A3B00B8461B0200D55FE1A1
:1023100037439AD100220024002579E0002E00DC0A
:10232000FAE0002F00D18DE0784B9D4267D08023EA
:1023300067461B041F43BC46382E00DC52E163464F
:1023400013435A1E93411E18864280414042091889
:102350000B0200D4BEE06D4B01359D4200D1D2E0AE
:102360006B4A73080A4001210E401E435108D307EF
:1023700007221E43324095E71E00164300D045E772
:1023800040E7624B9D423AD0802367461B041F43BF
:10239000BC46382E00DDEBE01F2E00DC3AE13300B6
:1023A0006746203BDF403B00202E05D04027BF1B67
:1023B0006646BE40324390464646721E96413343BF
:1023C000DAE0002B00D114E26346134300D168E148
:1023D00080234E07C008C9081B030643194208D0D2
:1023E0006046C008184204D163460100D2085E0767
:1023F0001643F3009946C900720F444D11434B46F2
:10240000DE08424B4F073743CA089D4200D16EE0B9
:1024100012036D05120B6D0D00211203130B0A0D33
:1024200012051A433B4B2D0513402B435B00E40779
:102430005B082343380019003CBC90469946A246ED
:10244000AB46F8BD6346134311D0731E002B00D07A
:1024500007E18618864280416144404209180125FF
:102460000B0237D502257BE73E00614691463500D9
:10247000C5E75C46002D00D0E1E00B000343F3D03C
:10248000731C00D1ACE1214B9F4200D13AE1F343F0
:10249000382B00DD6FE11F2B00DD8CE120250E00C5
:1024A000ED1AAE40B0460600AA46DE40454635432A
:1024B0002E005546D940A8406346451EA8415B1AE8
:1024C0009C463043161AB242924163465242991AD0
:1024D0003D00B4E607223240002A00D0E4E60B4B70
:1024E000F6084F073743CA089D4200D090E73B00EB
:1024F000134300D1A6E180231B031A431203120BDE
:10250000024D89E715000022002785E7FF0700003C
:10251000FFFF7FFFFFFF0F80002E00D0C7E06B1C86
:102520005E05760D012E00DCF0E0C84DAB4200D117
:10253000B9E085180A008542894162444942511830
:102540000722CE076D082E43490832401D00A9E638
:10255000BF49ED1A114007223240A3E63200283865
:102560008240002686E63000FEF754F9203073E6FC
:10257000634613435A1E9341C61AB04280414042FB
:10258000091A5CE60E00674606431743002D5ED12C
:10259000002E00D0F3E0002F00D11EE15C46614622
:1025A00091462CE7A94FBE427BD01E00F1E61000F9
:1025B0001F3DE840202B03D04021CB1A9A40164300
:1025C000731E9E410722064332400021002583E707
:1025D000161A6346B2428041591A40420B1A984675
:1025E0005C4632E61F2E00DDABE02027BB1B9A467F
:1025F00063465746BB40994613004F46F3401F437E
:102600003B005746BA40571EBA4113436246F24058
:10261000891898E62027BB1B9A4663465746BB405D
:10262000994613004F46F3401F433B005746BA40BC
:10263000571EBA4113436246F240891A9CE7834B06
:102640009F425FD080252D047342294320E7002E4E
:102650000CD1002F00D1D0E05C46614691467B4D05
:10266000CDE67A4FBE421CD01E0065E6002F18D082
:10267000C0084E0706438020C9080003014208D065
:102680006346DC08044204D12100DA46D2085E0722
:102690001643F300994601245346C900720F1143B3
:1026A0001C406A4DABE61D0000220027B4E6002D59
:1026B00059D10B00034300D1D6E6731C00D1B2E020
:1026C000624B9F421ED0F343382B6FDC1F2B00DD83
:1026D00097E020250E00ED1AAE40B0460600AA464F
:1026E000DE40454635432E005546A840D940451E9C
:1026F000A8418C440643B618964292415142614427
:102700003D0025E63D006146914678E60B00034317
:10271000002D00D055E6002BF5D06346134300D1C1
:102720006DE68618864280416144404209180022C5
:102730000B0200D4D0E6464B01351940B2E5B14654
:102740005DE633006746203BDF403B00202E05D08E
:102750004027BF1B6646BE40324390464646721E27
:1027600096413343EFE5394B9F42CBD080252D0472
:1027700073422943A8E70843411E8841A2E6002F7F
:1027800000D13CE66346861ACF1AB0429B415B42B9
:10279000FB1A98461B024ED5161A6346B242924166
:1027A000591A5242891A5C4600227BE501430E0009
:1027B000711E8E419FE71D000E00203DEE40B04689
:1027C000202B04D04025EB1A994008438146484607
:1027D0004346411E8841184374E60022002417E650
:1027E000161A6346B2429241591A5242891A3D0062
:1027F00025E561469146154D01E68022002412032D
:1028000079E61D000E00203DEE40B046202B04D09E
:102810004025EB1A9940084381464E464346711EB7
:102820008E411E4367E7861896429B4161445B4296
:10283000C9183D008CE547463743CED007224146B4
:10284000324049E600273A00E6E5C046FF070000AF
:10285000FFFF7FFF70B50C4E0D031C0349005B00AA
:102860002D0B490D240B5B0DB14208D00649002009
:102870008B4203D114432000441EA04170BD054388
:102880000120002DFAD1F1E7FF07000030B5144D0B
:102890000A034B00120B5B0DC90F0024AB4211DD84
:1028A000104CA34210DC8024640322430E4CE41A33
:1028B0001F2C0CDD0D48C31ADA4013005C420029BE
:1028C00000D11C00200030BD094BCC18FAE7094D9F
:1028D000E040AC4663449A4013000343EEE7C04631
:1028E000FE0300001D040000330400001304000078
:1028F000FFFFFF7FEDFBFFFF70B500282DD0C31752
:10290000C5185D40C40F2800FDF784FF154B1B1A46
:102910005B055B0D0A2815DD0B38854000222D0371
:102920002D0B002110002D030A0D2D0B12052A433B
:102930000D4D1B052A4013435B00E4075B0823434E
:10294000190070BD02002900153291400A000B21C8
:10295000081AC5402D032D0BE3E7002400230025B2
:102960000022DEE71E040000FFFF0F8010B5041EEA
:1029700025D0FDF74FFF144B1B1A5B055B0D0A2892
:1029800012DD0B38844000222403240B00211000A8
:1029900024030A0D240B120522430C4C1B05224074
:1029A00013435B00590810BD02002100153291400D
:1029B0000A000B21081AC4402403240BE6E7002375
:1029C00000240022E2E7C0461E040000FFFF0F8043
:1029D0004100090E4B1C70B5DBB24602750AC40FEC
:1029E000012B14DDE0239B006D07360BCB18002173
:1029F0000A0D280012051C4D32435B052A405B0876
:102A000013435B00E4075B082343190070BD0029F2
:102A100014D1002D1ED02800FDF7FCFE0A281CDC76
:102A20000B232A001B1ADA40030015339D400F4B7D
:102A300012031B1A5B05160B5B0DD8E7002D06D0A1
:102A4000320B802636036D071643094BCFE7084B40
:102A50000026CCE700230026C9E703002A000B3B31
:102A60009A400025E3E7C046FFFF0F80890300007E
:102A7000FF070000F0B54C00640D0B03621C5B0AFD
:102A8000460F5205C90F1E43C500520D012A29DD0C
:102A9000374BE718FE2F1CDC002F3BDD8001431E67
:102AA00098410722F3006D0F03432B431A40002A7D
:102AB00004D00F221A40042A00D004338022D2040A
:102AC0001A4024D00137FAB2FF2F02D09B01580AD6
:102AD00001E0FF2200204002D205400AC90710434E
:102AE0000843F0BD3543002C04D1002D0AD100224B
:102AF0000020F0E7002DECD08020C0033043FF22FF
:102B0000E9E7002400235B02580AE2B2E3E7DB08AE
:102B10003C00F8E73B001733F3DB80231B0433430F
:102B20001E26F61B1F2E14DD02225242D71B1A004E
:102B3000FA401700202E04D00E4A94466444A34065
:102B40001D432B005D1EAB4107223B431A4000276B
:102B5000ADE7094A2800A218954093406C1EA54194
:102B6000F04007222B4303431A4000279FE7C0464B
:102B700080FCFFFFA2FCFFFF82FCFFFF10B50029D5
:102B800003D1FDF747FE203002E0081CFDF742FEAE
:102B900010BDC046F0B54E465746DE464546E0B548
:102BA0000F00002183B006008946002F06DA3900A5
:102BB000002746428F41012149428946002B07DA0E
:102BC0004946C943100089461900002342428B41FF
:102BD00034003D0092469846BB4269D866D04146D3
:102BE0005046FFF7CBFF834639003000FFF7C6FFA2
:102BF0005B461B1A9C46203B9B4600D575E0514620
:102C0000584681400B005146604681400A00BB4255
:102C100061D85ED034003D005946A41A9D41002978
:102C200000DA7AE000210020012600900191594647
:102C30008E400196614601268E406146009600292D
:102C400050D0D90756085F080E4363460EE0AF42E6
:102C500001D1A6420CD8A41BBD41012124196D410C
:102C60000022013B64185541002B06D0AF42EED93B
:102C7000013B24196D41002BF8D1009801995B4666
:102C800000196941002B3DDB2E00DE4063462C001D
:102C9000DC405B46002B4BDB34005D46AC40230040
:102CA0006446A6403200801A994103E0B24296D9A8
:102CB000002000214B46002B04D003000C00002113
:102CC0005842A14103B03CBC90469946A246AB464F
:102CD000F0BDB1429ED900210020009001916146D3
:102CE0000029AED100980199E4E7202362465146BD
:102CF0009B1AD940404600916146884003000099E4
:102D00000B4380E7624620239B1A2A009A40260044
:102D100013006246D6401E43B8E7614620260127CD
:102D2000761A00200021F74000900191019781E779
:102D30006746202362463500BC409B1ADD402300D5
:102D40002B43ADE7024670B50A4392072AD11E4DC8
:102D5000EE0104C808C9541B9443344017D0D0B2C4
:102D6000D9B2401A2106014310D190B299B2401A4B
:102D7000210401430AD110021902000A090A401A6B
:102D80002102014302D1100E190E401A70BD9A4261
:102D9000DFD010BA19BA884201D9012070BD0020D5
:102DA000C04370BD02780B7801300131002A09D090
:102DB0009A4207D102780B7801300131002A01D004
:0C2DC0009A42EFD0D01A70BD0101010151
:022DCC0070474E
:022DCE0070474C
:022DD00070474A
:0C2DD4008423838100487047C0880110F0
:102DE000F0B5050000208FB081425CD102AB9E1D82
:102DF0002722300010F056F92B6828005B6B9847AB
:102E00002B6807005B6B280098472B0029331B7841
:102E100003AC00932B002A331B7822220193234B0F
:102E200022762380E13BFF3BA3700223FF33A38084
:102E3000413BE371B73B6372053BA372023B637393
:102E40006A461B4B67766382122307270012A0761F
:102E500005201278FF336277164AA382113BFF3BAD
:102E6000E28302AAF377D619F77704AE2077F077DA
:102E7000043080186A4612790321C2770A2002AA18
:102E80008018C1774020A173083189183235C8777E
:102E9000FF350DA90B70292221002800E375E77684
:102EA00010F06EF828000FB0F0BDC0460902000017
:082EB0000921000003400000AD
:102EB800F0B50400164B8BB0083301AD0360242233
:102EC8001449280010F058F8210000220126FF318B
:102ED8002020844603233700944460469B1A9F4071
:102EE800285CFFB2CB7C00280FD03B430132CB7467
:102EF800042AEDD120005D30FF3009F00BFA2000E4
:102F080000F0CEFD20000BB0F0BDBB43EEE7C0469D
:082F180070880110B086011061
:102F200010B50400FFF7C8FFC2212000490008F0D7
:062F3000F5FF200010BDBA
:102F3800F0B58BB001AD242204000D49280010F033
:102F48001BF801260022032031001700831A99403C
:102F58002037EF5DCBB22178002F06D00B432370CA
:102F68000132042AF0D10BB0F0BD99432170F7E784
:042F7800D4860110EA
:102F7C00F0B506005D36FF3695B0050030000F0049
:102F8C000193009209F090F93C22002105A810F061
:102F9C0083F80123072203AC23718033FF33EB5CEE
:102FAC002100134063716B461B782800E3716B465C
:102FBC001B79A77123720523039300F0C1FE040053
:0C2FCC00300009F08DF9200015B0F0BDB8
:102FD800F8B50F001049060015000EF0B5FD041EE7
:102FE8000AD10E4D0E49280002F040FE310028009B
:102FF80002F058FE2000F8BD03002A000121380025
:103008000FF0BEFB06002000AD1B0EF079FB6842F6
:103018006841C0B2EFE7C0466D8901101C1B002053
:04302800708901109A
:10302C00F8B50E000949170000250EF08BFD0400C1
:10303C00A84209D003003A00012130000EF080FEB6
:10304C00050020000EF05AFB2800F8BD6A8901101B
:10305C0070B50500194C0E002000194902F004FE51
:10306C002900200002F000FE1649200002F018FE94
:10307C00280015490EF066FD051E04D113492000E9
:10308C0002F00EFE70BD300010F0FAFC2B000200B6
:10309C00012130000FF072FB06000D49200002F0F8
:1030AC00E3FD0A223100200002F05BFE09492000FA
:1030BC0002F0F6FD28000EF021FBE3E71C1B0020BC
:1030CC00918A01109C8A01106D890110A28A01104D
:0830DC00B18A0110B88A01104D
:1030E400F8B50700134D0E0028001349140002F030
:1030F400BFFD3900280002F0BBFD1049280002F092
:10310400D3FD002C07D00E4938000EF01FFD051E1C
:1031140003D1040030702000F8BD621E03000121B9
:1031240030000EF011FE00230400335428000EF08A
:10313400E9FAF0E71C1B00206F8A01109C8A011039
:043144006A89011083
:10314800F8B507000E0015000024BC420FDA012173
:10315800192002F07BFF300002F0DAFE002119206E
:1031680002F074FF280002F0D3FE0134EDE7F8BD49
:10317800044B1B78002B04D00123034A11784B40E1
:0C31880013707047E02B0020A003002013
:1031940030B585B00CF01EFC1E4B1F4C186080230C
:1031A4009B0002930193C13BFF3B009300221B4908
:1031B40020000CF05BF81A4D1A492A00200008F090
:1031C40055FC0CF0EDFE0123029350330193164B92
:1031D400164C0093002301001A00200000F08EFD1D
:1031E4002000134B33220021FE3023600FF058FFE0
:1031F400104809F055F81048FFF79CFEC023002240
:103204005B00E2540D492A00200008F02FFC05B0B1
:1032140030BDC046F4250020FC1C00204489011068
:103224005803002011F200103512000098270020E6
:1032340078880110F4280020AA280020B92E001054
:1032440070B509480BF06AFD041E0BDA074D0849F6
:10325400280002F029FD604210F00AFC0100280059
:1032640002F022FD70BDC046FC1C00201C1B002087
:04327400768A011045
:10327800F8B5124C1249200002F0F8FC114E124D1C
:10328800316828000BF0CEFC1049071E00D1104908
:10329800200002F007FD002F0ED00E49200002F09A
:1032A80001FD316828000CF071F80849002800D1A8
:1032B8000749200002F0F6FCF8BDC0461C1B0020A0
:1032C800438A0110F4250020FC1C0020378A0110D5
:0832D8003F8A0110608A011019
:1032E000F0B585B0FFF7C8FF164F102269463800C9
:1032F000FFF7F8FE144C051E0FD11449200002F010
:10330000D5FC134E38003100FFF7A8FE1022310023
:10331000684610F0EDFB6B46DD730E49200002F0AD
:10332000A9FC6946200002F0C1FC0B496846FFF782
:1033300009FD43425841094B1870FFF783FF05B060
:10334000F0BDC046E38901101C1B0020F08901106C
:10335000108A0110188A0110238A0110E02B002026
:10336000012310B5164C86B0227853402370FFF726
:1033700083FF23781349002B00D113491348FFF72B
:103380006DFEFFF75FFF124903A802F043FD2378AB
:103390001049002B00D11049684602F03BFD6946F8
:1033A00003A802F069FD01000C4802F075FC6846B4
:1033B00002F0E1FC03A802F0DEFC06B010BDC0463E
:1033C000E02B0020238A0110108A0110E3890110EC
:1033D00055890110478901104D8901101C1B0020DF
:1033E00010B5FFF7BDFF044B1B78002B02D0012264
:1033F000024B1A7010BDC046E02B0020A003002035
:1034000030B585B06C46FFF737FF104D1022210014
:103410002800FFF70BFE102811D16368009A934231
:1034200009DDE368A268934205DD094B07CC07C3B9
:103430001A0023681360FFF705FF05B030BD1022A6
:1034400003492800FFF7C8FDF5E7C046298A0110A7
:0434500090030020C5
:1034540010B5FFF70FFF102203490448FFF7BAFD28
:10346400FFF7EEFE10BDC04690030020298A01102C
:10347400F0B5354C85B03549200002F015FC962294
:1034840003201100FFF75EFE002602F033FD304FEB
:1034940003900296019702F02DFD039BC01A2D4B59
:1034A400984218D81B2002F057FD05001A2002F09C
:1034B40053FD019BAB4200DD0195029BAB4200DA58
:1034C4000295874200DD0700864200DA06000520E7
:1034D40002F020FDDFE7204D019BEE602B60029B94
:1034E400AF606B60FFF7B4FF1C49200002F0C0FB23
:1034F4000A222968200002F024FC194E2000310021
:1035040002F0B6FB0A226968200002F01AFC154991
:10351400200002F0ADFB0A22A968200002F011FC91
:103524003100200002F0A4FB0A22E968200002F026
:1035340008FC0D49200002F0B7FB3C2205201100D5
:10354400FFF700FE05B0F0BD1C1B00208B890110A5
:10355400FF0F00003F1F000090030020C0890110EE
:0C356400D8890110DB890110E1890110F9
:10357000F0B5102099B002F093FDB84C23780028E4
:1035800000D0BBE0002B05D10133237002F0B4FC66
:10359000B34B1860B34B1B2000215A5E02920421EA
:1035A0005A5E039208215A5E0C255D5F049202F078
:1035B000D5FC04001A2002F0D1FC039BA34200DDDD
:1035C0002300029C9C4200DA1C002B00854200DD97
:1035D0000300049A05929A4200DA0593A24BA34F86
:1035E0001B78002B00D1D4E028262823039A5B42C5
:1035F00002992000009602F028FA282304005B427A
:103600002A0000960499059802F01FFA23000E3351
:103610009BB205001C2B00D800242B000E339BB25C
:1036200024B21C2B00D80025062002F039FD4642AA
:103630004641072002F034FD4342584176B2400033
:103640000643092002F02CFD434258418000064306
:10365000082002F025FD43425841C023C0005B0012
:103660000643FE54824B1B780293002B64D00D203E
:1036700002F016FD0024002801D10A2464420F2024
:1036800002F00EFD002800D10A340E2002F008FDE1
:103690000025002801D10A256D420C2002F000FD12
:1036A000002800D10A352300724E2B4341D03068E8
:1036B000FFF78EF9704A714BFDF7ECFBFFF7DAF973
:1036C000306036682800FDF79BFB311CFDF746FA99
:1036D000FDF776FB45B22000FDF792FB311CFDF7AC
:1036E0003DFAFDF76DFB00232A0041B23800FFF7D9
:1036F00045FC0F2002F010FC19B0F0BD002B0AD0E1
:1037000002F0FAFB564D2B68C01AFA235B00984270
:1037100004D9FFF765FE002323703BE702F0ECFBC2
:103720002B68C01A96235B009842F4D9FFF724FD5A
:10373000F1E700233360C4E7FA21E3172DB2E6185E
:103740005E40EB17E818584045434543090268437B
:10375000FCF71EFF45B22000FA21704370430902B6
:103760007043FCF715FF029B41B22A003800FFF7B7
:1037700005FC0C2002F094FC011E03D101235B42E6
:103780000A00B3E70E2002F08BFC011EB1D1012329
:10379000F6E7082002F084FC394E002808D102F038
:1037A000ABFB3368C01A374B984204D9FFF762FE6F
:1037B00002F0A2FB3060344E344B0096039A02991B
:1037C000200002F042F92A00040000962F4B0499D1
:1037D000059802F03AF93B00FF33587400B2DC73ED
:1037E000001224B22412987429481C740725FFF78C
:1037F000A3FB00240126274BA200D058C0B202F040
:103800004FFC220031002A409140E310FB18FE33A8
:10381000CAB2197800281DD10A431A7001340D2C40
:10382000E9D11D4C200008F045FD022307A90B71CA
:10383000013B1800FD30385CCA1801331071162B9B
:10384000F7D138000B6000F081FA200008F04EFD3F
:103850001E204FE791431970E0E7C046E22B00209D
:103860002429002090030020E02B0020982700202E
:10387000A0030020A02900209A9999999999B93F0D
:1038800020290020B80B0000FF7F00000180FFFF0F
:0C389000AA2800205C030020F42800207F
:10389C00E12110B549021B4800F024FE00241A4B0C
:1038AC00A200D0580221C0B2013402F08FFB0D2CC3
:1038BC00F5D10221102002F089FB0121192002F020
:1038CC0085FB0121122002F081FB0121132002F063
:1038DC007DFB0121142002F079FB0021122002F063
:1038EC00B3FB0021132002F0AFFB0021142002F0E7
:1038FC00ABFBFA20C00002F009FBFFF7EBFCFFF773
:0C390C0079FD10BD1C1B00205C03002096
:023918007047F6
:0E391A0010B5040003681B6B9847A08910BD10
:0E392800CB880079181A43425841C0B270474C
:0439360004207047B2
:08393C0000487047CA8B01101E
:0839440000487047B48B01102C
:10394C0030B5050089B00922002102A80FF0A4FBB4
:10395C002B00FD331878013B1978154B1B22019372
:10396C00022301AC63719F33A371A03BE3717433E9
:10397C0023726D3B63720D33A372F03BA3817133E1
:10398C00FF33A37323750B4BE073E3820A4B0B4895
:10399C00AA8123830E35D23B05906175FF3B210034
:1039AC002800A3760FF0E6FA280009B030BDC04617
:1039BC0006ABFF0A09020000910200000901810216
:1039CC00F0B5050000208FB081425ED102AB2722FA
:1039DC00981D0FF061FB2B6828005B6B2F799847C3
:1039EC002B6806005B6B280098472B0029331B784B
:1039FC0003AC9C462B002A331B78E7720193244BB3
:103A0C0022272380E13BFF3BA3700223FF33A380DB
:103A1C00413BE371B73B6372053BA372023B63739B
:103A2C001C4B27766746638212232522667607266F
:103A3C000012A07605206777174FFF33A382E78328
:103A4C00113B02AFFF3BBF1802AA3B709719E676F9
:103A5C00FE7704AE2077F077043080186A4612792E
:103A6C000321C2770A2002AA8018C1774020A173D3
:103A7C0008318918C87749350DA90B702922210006
:103A8C002800E3750FF076FA28000FB0F0BDC046A1
:0C3A9C00090200000921000003400000A6
:103AA80010B504000A4B0833036000F091FF06F0DC
:103AB80009FD2000403005F09AFB2000343005F065
:103AC80096FB20002C3005F092FB200010BDC0466C
:043AD800648B0110EA
:103ADC0010B50400FFF7E2FF80212000490008F038
:063AEC0017FA200010BDD6
:103AF40010B50400024B036005F02CFA200010BD41
:043B0400C88A01105A
:103B080010B50400FFF7F2FF2000302108F002FA98
:043B1800200010BDBC
:0A3B1C0010B50C220FF02EFA10BDB8
:083B260010B500F08AFF10BD8C
:103B2E0070B50400042918D005003C352B78002B05
:103B3E0006D103002933197800F082FF01232B7080
:103B4E00250048352B78002B07D123002A3319780E
:103B5E00200000F075FF01232B702000343005F09B
:103B6E00FBFA2000403005F0F7FA20002C3005F06B
:043B7E00F3FA70BD29
:103B840070B50D00040040220321280005F08AFAD4
:103B940023002933187040220321280005F089FAF4
:103BA4002A342070280005F019FA002804D189224B
:103BB4000249034807F016FC70BDC046468B01104D
:043BC400518B011010
:103BC80070B5040000F038FF23002933197820006D
:103BD800250000F060FF012320003C352B703430B5
:103BE80005F0BDFA2B78002B03D0236820005B6C0E
:043BF800984770BDBD
:103BFC0070B5040000F01EFF23002A331978200052
:103C0C0000F033FF23002500B83318600123200097
:103C1C0048352B70403005F0A0FA2B78002B03D0E0
:0A3C2C00236820001B6C984770BD50
:103C3600F7B51F00042300921370CA8803790400A5
:103C46000D0000269A4217D14B78B34216D00026B3
:103C56006A78012A10D1EB78092B0DD12300A988A7
:103C6600BC33197021003F262B89B83101330B6014
:103C7600009BBD343C601A703000FEBDCB78062B2D
:103C8600E6D18B881B120193212B1AD0222BDFD170
:103C960003681B6B98470028D9D0236820005B6B0C
:103CA60098470028D3D0236820005B6B9847236889
:103CB60006001B6B200098470123009A386013709A
:103CC600C6E700F086FE3200019905F0D0FF002815
:0E3CD600BDD00123009A386009261370B8E7AC
:0C3CE40010B500F077FE05F095FF10BD54
:0E3CF000C36810B5002B01D09B68984710BD2B
:103D0000F8B51E0000230125040083600E4B4571A9
:103D1000083303602C30170005F018FA2000343007
:103D200005F014FA2000403005F010FA23003C336F
:103D30001D701D73C0331F705E7000F04DFE2100BA
:0C3D400000F004FE2000F8BD648B0110B0
:103D4C0070B504008CB00D0000F066FE684605F0FE
:103D5C00EBF8200000260D4B69460A9534300BAD6C
:103D6C00009309942E7005F00FFA200000F05BFE12
:103D7C00074B31001A68684605F09AF82C786846AB
:103D8C00FFF7B2FE20000CB070BDC046C88A01100F
:043D9C00E48A0110A4
:103DA000F8B504000F0000F03DFEFFF79BFF051E75
:103DB00004D1200000F03DFE2800F8BD26003C366E
:103DC0003578002DF5D020004422390074300FF0F2
:103DD000D7F823002200293319787832636F200046
:0A3DE00000F051FE00233370E3E70A
:103DEA0010B50400FFF779FF002803D12C342070A6
:103DFA00013010BDA16A606AFFF7CDFF0028F8D034
:083E0A0001232C342370F4E7BE
:0C3E120010B50400FFF76BFF200010BD8E
:103E1E0010B542680368086854100019D20701D51E
:083E2E000268D358984710BD4B
:0C3E360010B501000430FFF7EFFF10BDD5
:103E440010B5024BC3601CC91CC010BDD88A011038
:103E540010B586B00400684603910092436004AB39
:103E640006C806C3200003A9FFF7EAFF200006B036
:023E740010BD7F
:0C3E760013B50400FFF7EBFF200016BDA1
:103E8400F0B504008DB000F0A5FD23000600293331
:103E940008AD1F7821002800184A0023FFF7E9FF26
:103EA4003900032340220095300006F07BFB2800F4
:103EB400FFF7ADFF260000F08DFD2A36039037781A
:103EC400210028000E4A0023FFF7D3FF3900032303
:103ED40040220095039806F065FB2800FFF797FF42
:103EE40022003178BC324023200000F0B6FD0023CC
:103EF4000120483423700DB0F0BDC046C93B00100A
:043F0400FD3B001071
:083F080010B5FFF794FF10BD96
:083F100010B5FFF7F9FF10BD29
:063F180016204042704734
:0A3F1E000020814200D119387047DD
:043F280001207047BD
:063F2C0016204042704720
:063F32001620404270471A
:043F3800112070479D
:023F3C007047CC
:023F3E007047CA
:023F40007047C8
:103F440070B5104C10492068104A114B88420FD1AB
:103F5400606890420CD1A068984209D100250D48B0
:103F640025600DF011F80300802029008004984793
:103F7400216009480021A36062600CF073FE0023F5
:103F8400236070BD8C110020DE8116F0299B72BD68
:0C3F94007ABE59D355420000A0860100FF
:103FA0000B00F0B50F2700260E33023902003A400D
:103FB000D5B22C0000093034092A00DD07341C700A
:0A3FC0005E70023B9942F1D1F0BDA2
:043FCA001E207047FE
:023FCE0070473A
:103FD00013B5040068460CF0C3FA21000098FFF7FF
:103FE000DFFF210001981031FFF7DAFF202016BD16
:103FF00010B5192001F06AFF040004480CF0C6FF58
:10400000030001200021A0409847C046554200000F
:0440100000207047D5
:104014009A2370B55B00C35C05001400002B1CD10F
:104024000368DB699847F0210C4B09012140C9184A
:104034004B1E9941F0232340303B5A4253410F22F7
:104044000731144001330D3A012C02D0023C624284
:104054006241A869006804F0C0FB70BD00FDFFFF69
:104064009A2310B55B00C35C0400002B05D1A3693F
:0C407400186804F0E2FB0028F9D010BD31
:104080009A2370B55B00C55C0400002D14D18369D0
:10409000002B0CD01868002809D00368DB6898470B
:1040A000A36904211D60A06907F038FFA561002302
:0A40B000FC34E3622363636370BD18
:1040BA009A23F7B55B00C35C0400002B2AD1802544
:1040CA00FF276D00A369186804F098FB002821D027
:1040DA0007F04BFAA369012218686B46DE1D0368D4
:1040EA0031005B6998472300FC335A6BAA420ED011
:1040FA005A6BAA420BD02200D96A3078283250541F
:10410A00DA6A01323A40DA625A6B01325A6307F0CC
:06411A0042FAD7E7F7BDF1
:104120009A2210B552000300805C002806D00120BE
:1041300001F0F2FE054801F086FA10BD9B69002BE4
:10414000FBD01868431E9841C0B2F6E72C17002038
:1041500070B504000D0001F076FA030000208342E0
:1041600004D0236829001B6C2000984770BD08B458
:10417000024B9C46024BC01A08BC604751410010DC
:0441800040010000FA
:1041840037B56B46DC1D9A2321705B00C35C0500C8
:10419400002B04D0C9B20A48FFF7D8FF3EBDAB6973
:1041A400186804F04AFB0028F9D0AB6901221868AA
:1041B400210003681B6998470130431E9841EDE7CD
:0441C4002C17002094
:1041C800F7B5060001911700002401F038FAA04263
:1041D8000DD0A7420BD93D1B402D00D94025019B8E
:1041E8002A001919300000F06BFF6419F1E720006C
:1041F800FEBD08B4024B9C46024BC01A08BC60477F
:08420800C94100104001000053
:104210009A2370B55B00C35C05000E001400002BF0
:1042200005D00F48FFF7D0FF0400200070BDAB6938
:10423000186804F004FB0028F9D0AB6901211B6861
:1042400018005B6F74301B6B9847AB6922001868CD
:10425000310003681B699847431CE6D10024E4E75A
:044260002C170020F7
:10426400F0B5C3B0050001F0D7F9932380229B0079
:10427400E918CB6852000400D31A984201DDCC68D7
:10428400141B01AB220002A92800A82601F017F88C
:104294000021019802AB241A76001C199323802272
:1042A4009B00EB18DF685200974211D081420FD077
:1042B400DF6897420AD05A68675CAA1897555A680B
:1042C4000132D2B25A60DA680132DA600131E5E7CC
:0442D40043B0F0BD46
:1042D80070B5040000F0A2FB2000FFF7BFFF932396
:1042E8009B00E318DD68200000F09FFB280070BDEC
:1042F80008B4034B9C46034BC01A08BC6047C04631
:08430800D94200104001000041
:104310009A2310B55B00C35C0400002B05D006484F
:10432000FFF7DAFF0400200010BDFC3407F022F98B
:0C433000646B07F035F9F6E72C1700204D
:10433C0070B5040000F070FB2000FFF78DFF932395
:10434C009B00E318DA68002A09D0A8229B68520067
:10435C00E3189D5C200000F066FB280070BD012571
:10436C006D42F7E708B4034B9C46034BC01A08BCDC
:0C437C006047C0463D43001040010000B7
:104388009A2310B55B00C35C0400002B05D00B48D2
:10439800FFF7D0FF0400200010BD07F0E7F8230066
:1043A800FC335A6B002A05D01B6B2834E45C07F0F9
:1043B800F3F8F0E701246442F9E7C0462C1700201F
:1043C80070B5040000F02AFB2000FFF747FF932395
:1043D8009B00E318DA68002A10D0A8219A684900DF
:1043E800A218555C9A680132D2B29A60DA68013A2A
:1043F800DA60200000F019FB280070BD01256D422D
:10440800F7E708B4024B9C46024BC01A08BC604749
:08441800C9430010400100003F
:104420009A2310B55B00C35C0400002B05D00E4836
:10443000FFF7CAFF0400200010BD07F09BF823001F
:10444000FC335A6B002A0CD01A6B2834A45C1A6B0C
:104450000132D2B21A635A6B013A5A6307F0A0F8DC
:0C446000E9E701246442F9E72C17002072
:10446C00802210B50400520000210EF015FE23002E
:0E447C000022FC335A6020009A60DA6010BD06
:10448A0010B542680368086854100019D20701D5AC
:08449A000268D358984710BDD9
:0C44A20010B501000430FFF7EFFF10BD63
:1044B00010B5024BC3601CC91CC010BDD48B0110C9
:1044C00010B586B00400684603910092436004ABC7
:1044D00006C806C3200003A9FFF7EAFF200006B0C4
:0244E00010BD0D
:0C44E20013B50400FFF7EBFF200016BD2F
:1044F0009A2370B55B00C35C86B004000D00002BEE
:1045000036D18669002E04D1042007F0D3FCA061C7
:104510000660A369186800282CD1783007F0CAFC1F
:1045200006002223E25E2023E15E2B0004F076FCED
:10453000A3691E602423E25E531C06D0A0692621D5
:10454000635E0068032104F077FCA3691D68002DF9
:104550000ED00026094A3300210002A8FFF7C1FF50
:104560002800320002A904F0D5F902A8FFF751FC97
:1045700006B070BD290004F021F9DBE7BB40001054
:0845800010B5FFF78EFF10BD1E
:0845880010B5FFF7F9FF10BDAB
:10459000F7B51A4B1A4DFA260024083300932B6006
:1045A0002023B600AE606C6016486B61AC61EC61B4
:1045B000FFF75CFF9A22012752002000AF5401F060
:1045C00085FC0190380001F081FC20230E4D0099FC
:1045D0006B616B469B88AE602B84012368845B42D1
:1045E0006C600A482960AC61EC61AB84EB84FFF736
:1045F0003DFF9A225200AC54F7BDC046E08B01103B
:104600001C1B0020441B0020E41900200C1A002071
:0446100000207047CF
:024614007047ED
:024616007047EB
:024618007047E9
:10461C0010B5054BC458002C05D023682000DB6A6C
:0C462C009847A468F7E710BD8C0500005B
:1046380070B50D00054BC458002C06D02368200027
:10464800DB6829009847A468F6E770BD8C05000070
:0846580000487047B08C01100E
:1046600010B50400044B036005F030FF200006F095
:0C46700063F8200010BDC046308C011023
:10467C0010B50400FFF7EEFFB2212000C90007F0CF
:06468C0047FC200010BDF8
:10469400F0B50F4B0500C458002385B0019102AA60
:1046A400D61C002C12D0236801991F69320003AB79
:1046B4002000B84731780300042905D0039A280064
:1046C40005F066F905B0F0BDA468E8E73178F5E7D0
:0446D4008C05000051
:1046D80070B50E0005000021002A0CD10A4BC45801
:1046E800002C0ED0236800225B6931002000984717
:1046F800002804D00121280004F014FF70BDA4682C
:0C470800EEE72100F7E7C0468C0500003A
:1047140070B50E0005000021074BC458002C07D0CB
:104724002368310020009B699847A4680100F5E7DD
:0C473400280005F003F870BD8C050000A3
:10474000F8B505000E001700084BC458002C07D020
:1047500023682000DB693A0031009847A468F5E738
:104760002800012105F058F8F8BDC0468C0500006E
:10477000F0B5002187B0040005F0C6FA6B460022B0
:10478000DA80238901A9A588E28889260B731B0A90
:104790004B730F4BEF27CB81042376000E80113E25
:1047A000FF3ECE704E710D728A72FF330A34013EA5
:1047B0002D0A120AC871CA720F718E714D720B8266
:1047C000122220000EF0DCFB200007B0F0BDC04636
:0447D00001020000E2
:1047D400F8B506000C000500002730000FF054F96E
:1047E400AB1B984205D92B786770237001350234CE
:0847F400F3E74000C0B2F8BD7C
:1047FC0070B504000C4BC558002D07D02B68280051
:10480C005B6A9847002802D1AD68F5E72800A92516
:10481C00064BED006353064BE118FFF7D5FF635DC4
:10482C00C0186055601970BD8C05000002030000B3
:04483C004A05000029
:1048400070B5A125064BED004353064B0400C1187B
:104850000548FFF7BFFF635DC0186055601970BD64
:0C486000020300000A050000148C011087
:10486C0070B59925064BED004353064B0400C01858
:10487C00FFF7A8FB635DC0186055601970BDC0469A
:08488C0002030000CA04000051
:104894000023F0B587B003A98B71B123DB00C35C9F
:1048A40005000B7101234B71BF33CB713A330B728B
:1048B400CE2309249B00154AC71803923800092205
:1048C4000EF05CFB124BEE58002E17D0336800211B
:1048D4009B6830009847C37882781B021343093BD6
:1048E4000193CE2301009B00E01828180931019A96
:1048F4000EF044FB019BB668E418E5E73800054B6D
:10490400EC54054B2412EC5407B0F0BD0902FFFF30
:0C4914008C0500003A0300003B0300008B
:1049200073B504000D0016000BF03CFB80235B0008
:10493000010000932A003300200005F0A9FE024B7D
:0C4940002000236076BDC046308C0110C2
:10494C0010B50E4A04008358002B12D18150B123AC
:10495C00DB00E25C48790A71E25C1218E2540B68E5
:10496C0008009B6A9847238918182081012010BDE4
:10497C0013009A68002AFBD19960E8E78C050000C7
:10498C001FB5040005F0B2F90100684604F01AFBEB
:10499C004021684604F090FB074BE458002C06D0ED
:1049AC00236820001B6A69469847A468F6E76846A6
:0C49BC0004F00FFB1FBDC0468C0500007E
:1049C80010B50400FFF7DEFF200005F033F910BD35
:1049D80070B50D4D2B78BFF35B8F0C4CDB0711D4F2
:1049E800280007F055F800280CD0C02208492000FC
:1049F800FFF792FF280007F06DF8064A06492000E5
:104A080007F032F8200070BD581C00201C20002040
:0C4A18008A2E00005803002061460010A8
:0E4A240010B5FFF7D7FF03685B6F984710BD12
:0E4A320010B5FFF7D0FF03689B6F984710BDCB
:0E4A400010B5FFF7C9FF0368DB6F984710BD84
:104A4E0010B50C00FFF7C1FF210005F072F910BD83
:104A5E0070B515001E000C00FFF7B7FF33002A00DB
:084A6E00210005F0A2FA70BD61
:104A760010B50C00FFF7ADFF210005F0FAFA10BDE6
:104A860070B515001E000C00FFF7A3FF33002A00C7
:084A9600210005F030FB70BDAA
:104A9E0010B50C00FFF799FF210005F090FB10BD3B
:084AAE0010B504F014FC10BD6A
:084AB60010B504F026FC10BD50
:084ABE0010B504F0FAFB10BD75
:024AC600704737
:024AC800704735
:024ACA00704733
:084ACC00436A78331878704743
:064AD400FC30806A70470F
:044ADA000120704700
:084AE00000487047088E011028
:104AE800F0B505009BB007AC4B220F002000002159
:104AF8000EF0D4FA2B00FC339B6A05215A1E934111
:104B080000202E795B421940731CDBB20193AB7B0A
:104B180002932B7B03936B7B0493874200D0A5E021
:104B28006176534906A86183102161770B39E177D3
:104B38002421471D0922F9772527627406A8053A1A
:104B4800C019A274033A027006A8C71D0320494B76
:104B5800F8772380BF3BFF3BA370812308AFFA7728
:104B680004275B00A380823BE37162754E3B22768B
:104B7800A27706A80832121823722A3BD7776372E5
:104B88000A220333A3723C4B06A8A38102231218FE
:104B9800D1770591073706A97F18FB7706270521E6
:104BA80009A8C77711A801702D2006A9401824214B
:104BB800E672A373E674A375E37501702E2006A947
:104BC800401807702F204018694606700E7912A801
:104BD80006703126072006A9761830703226761816
:104BE80005213170332606A9761869460F7A06A979
:104BF8003770224E102726863726761837700927F1
:104C080014AE377039260427761837703A26761886
:104C180069460F7906A93770194E1D352687412632
:104C2800761830703B30401805210170432106A8E2
:104C3800091868464426007B0870124906A880199E
:104C4800018011492800D1874A2206A952186946CD
:104C5800097C11704B2206A952181370402219AB17
:104C68001A7021000B320EF087F928001BB0F0BD36
:104C780005240000090200000202000003400000B1
:0C4C8800020A00000240000007050000C6
:104C940010B504000A4B08330360FFF79BFE05F0D0
:104CA40013FC2000D03004F0A4FA20007C3004F07F
:104CB400A0FA2000703004F09CFA200010BDC04619
:044CC400C08D01108E
:104CC80010B50400FFF7E2FF94212000490007F027
:064CD80021F9200010BDCF
:084CDE0010B5FFF7AEFE10BD9A
:104CE80010B50400024B036004F032F9200010BD37
:044CF800F88C011023
:104CFC0010B50400FFF7F2FF2000282107F008F997
:044D0C00200010BDB6
:104D100010B50400024B036004F01EF9200010BD22
:044D2000C88C01102A
:104D240010B50400FFF7F2FF2000342107F0F4F877
:044D3400200010BD8E
:104D380010B50400024B036004F00AF9200010BD0E
:044D4800E08C0110EA
:104D4C0010B50400FFF7F2FF2000382107F0E0F85F
:044D5C00200010BD66
:104D600070B50D000400072217490F300EF008F946
:104D700040220221280004F097F9402220730221EA
:104D8000280004F098F9402260730321280004F001
:104D90008BF9A073280004F023F9002804D1AF2276
:104DA0000A490B4806F020FB22002100002378323C
:104DB00085311165536513701373D93450321374F0
:104DC0005465936570BDC046148D0110A28D01100D
:044DD000AD8D011094
:104DD400F0B504000E0087B01500FFF72FFEF2882F
:104DE40023799A4236D1002D34D173780593012B5F
:104DF4002DD1F378202B26D13789072F23D12300F7
:104E04000F33039307333A001900039804930EF009
:104E14008FF8059D002816D03A00049903980EF0E7
:104E2400ADF8217CE07B09020918607CE77C000472
:104E34000918A07C0097000609182068237D476B99
:104E4400627D2000B847F378212B00D1012528008A
:084E540007B0F0BD0025FAE7EC
:104E5C0070B50400FFF7EEFDFFF7B8FD217B05F000
:104E6C00AFF923002200C833853225001A602000D8
:104E7C0000234732843513607C302B7004F06DF9BD
:104E8C002B78002B03D123682000DB6B984770BD77
:104E9C0070B504002500FC35FFF7CCFD6E6A002EC2
:104EAC0005D0DE220E49FF320E4806F097FA230099
:104EBC00D9332B62FFF78AFD617B05F0D7F8686266
:104ECC0025002000D8352E70D03004F046F92B7810
:104EDC00002B03D1236820009B6B984770BDC04604
:084EEC00A28D01101B8D0110C5
:064EF4000023C3607047BB
:104EFC00022370B543710023040083600C4B150032
:104F0C0008330360703004F01BF920007C3004F08F
:104F1C0017F92000D03004F013F92300FC339D6204
:104F2C00FFF754FD2100FFF70BFD200070BDC046BC
:044F3C00C08D011013
:104F400070B504000D00FFF77BFD230078331D7062
:104F5000002D42D1260084363378002B05D0FFF790
:104F60003BFD217B04F0ECFE357023002200250080
:104F70000026C83385327C3528001A605E6004F054
:104F8000F2F8280004F0E8F8B04205D1A222154951
:104F90001548520006F028FA2500D8352B78002B4A
:104FA00005D0FFF719FD217B04F0CAFE2E70230007
:104FB0002200FC33D93225001A620022D0352800A5
:104FC0005A6204F0D0F8280004F0C6F8002804D192
:104FD000A722044952000548DCE72000703004F0A5
:104FE000C2F870BDA28D0110298D01103A8D0110FB
:104FF00010B50400FFF724FD00212000FFF7A0FFFB
:0250000010BDE1
:1050020070B50D000400FFF71AFD042D03D0002136
:085012002000FFF794FF70BDC0
:10501A00F8B5040016000D001F00FFF70CFD04236D
:10502A003370EA88237900209A4210D16A78012ADB
:10503A000DD1EB78212B06D0222B09D0202B19D1A8
:10504A003070163401E032700F3407203C60F8BD2E
:10505A00A988114000D011002000FFF76CFF01223F
:10506A00AB8800201340E366AB8892181340A3660E
:0A507A003270ECE703233370E9E71E
:1050840010B504008AB0FFF7CBFC684603F050FF6C
:1050940020000A4B694670300093099404F078F8B4
:1050A4002000FFF7C4FC064B00211A68684603F091
:1050B40003FF6846FFF716FE0AB010BDF88C011016
:0450C400E88A011065
:1050C80070B504000E008EB01500FFF7A7FC01A80C
:1050D80003F02CFF20000B9600260D4B01A90C9520
:1050E8007C300DAD01930A942E7004F04FF8200027
:1050F800FFF79BFC074B31001A6801A803F0DAFEA2
:105108002C7801A8FFF700FE20000EB070BDC04645
:08511800C88C0110E88A0110A7
:1051200070B5040025008435FFF78AFC2B78002B2E
:1051300010D12600CC363368002B0BD0FFF74CFC87
:105140002200217B8532336804F0D8FF002801D08B
:0651500001232B7070BD6D
:10515600F0B585B01F000AAB1B78040003930291DB
:105166000192FFF75CFC00233B60230078331B7839
:10517600002B21D0230084331B78002B1CD1260062
:105186004025CC363368ED1A019B9D4200D91D009F
:10519600019B002B06D02300C83318682A00029909
:1051A6000DF0EBFE33685B193360039B3D60002B0B
:1051B60002D02000FFF7B1FF2000FFF737FC05B053
:0251C600F0BD3A
:1051C800F0B50400406A85B0030078331D780126E5
:1051D800002D05D1303425703500280005B0F0BD0C
:1051E8000027009603ABE26AA16A0397FFF7AFFFB7
:1051F800039AE36AA16A9B1A8A18E362A262BB4215
:1052080002D130342670E8E7606AFFF785FF3D0079
:02521800E3E7CA
:10521C00F0B51C0093B0019205000F00FFF7FCFBEA
:10522C0063426341DBB20093002C00D103AC002637
:10523C0004A8266003F078FE6A46109428003D24EA
:10524C000F4B12780493019B04A90F9311AB1A70A6
:10525C0002ABE418D03026700D950E9703F094FF36
:10526C002800FFF7E0FB074B31001A6804A803F095
:10527C001FFE247804A8FFF759FD200013B0F0BDE1
:08528C00E08C0110E88A01101A
:10529400030070B5FC335B6A0400002B0ED10500DB
:1052A400D8352B78002B09D1FFF794FB220040233B
:0E52B400D932617B04F07EFE01232B7070BDA9
:1052C200F8B506001F0000233B60330078331B78DB
:1052D2000800002B19D03300D8331B78002B14D1CF
:1052E2003400FC34656A954200D915002A00216A0F
:1052F2000DF045FE3D60236A5B192362636A5D1B04
:0C530200656202D13000FFF7C4FFF8BD67
:10530E0037B50400406A030078331D78002D04D1B0
:10531E0035342570013528003EBD0023E26A019325
:10532E00A16A01ABFFF7C6FF019BA26AD218A26267
:10533E00226B1168CB181360E36A01995B1A210086
:10534E00E36234310978002902D11268002A01D1B2
:10535E00002B03D1012335342370DCE7606AFFF79D
:06536E0092FF0025D7E7C5
:0E53740010B504000021FFF7BBFD200010BDA6
:0C53820010B50400FFF7F5FF200010BD7F
:10538E0010B542680368086854100019D20701D599
:08539E000268D358984710BDC6
:0C53A60010B501000430FFF7EFFF10BD50
:1053B40010B5024BC3601CC91CC010BD088D011080
:1053C40010B586B00400684603910092436004ABB4
:1053D40006C806C3200003A9FFF7EAFF200006B0B1
:0253E40010BDFA
:0C53E60013B50400FFF7EBFF200016BD1C
:1053F400F0B58BB00400FFF721FBFFF7EBFA0600D2
:1054040006ADA77B00212800FFF7B9FF390003236D
:1054140040220095300005F0C5F82800FEF7F7FC9F
:10542400FFF7D8FA0700267B21002800174A00233B
:10543400FFF7D7FF3100022340220095380005F022
:10544400B1F82800FEF7E3FCFFF7C4FA0600677B17
:10545400210028000E4A0023FFF7C3FF390002236E
:1054640040220095300005F09DF82800FEF7CFFC9F
:10547400FFF7B0FA2200FC32617B4023126A04F089
:1054840099FD0120D83420700BB0F0BD5D4E0010A2
:045494009D4E001019
:0854980010B5FFF784FF10BD01
:0854A00010B5FFF7F9FF10BD84
:1054A80010B503689B6C984710BD08B4024B9C4626
:1054B800024BC01A08BC6047A95400104001000004
:0454C8007047704772
:0454CC00704770476E
:1054D00010B504000120783400F01EFD207810BDC6
:1054E00008B4034B9C46034BC01A08BC6047C04637
:0854F000D1540010400100003E
:1054F800012270B501235242FF210B4806F0A6FE97
:1055080000F0F6FC0500094C78342378002B03D012
:10551800012000F0FDFCF8E700F0EAFC401BC7287A
:10552800F6D9FEF761FD70BDC41D00202C170020C0
:1055380007B50122019101A9FFF7C2FD002801D09A
:0A55480001980EBD01204042FBE770
:1055540008B4034B9C46034BC01A08BC6047C046C2
:08556400395500102801000078
:10556C0013B56B46DC1D0023012221002370FFF7CD
:10557C004FFE002801D0207816BD01204042FBE7E9
:10558C0008B4034B9C46034BC01A08BC6047C0468A
:08559C006D550010280100000C
:1055A400F7B5040001930E001500FFF747FA9C239A
:1055B4009B00E758002F04D0089B019A2900300073
:1055C400B84798239B00E650019A0433E55004330E
:0A55D400E250089A0433E250F7BDDC
:1055E000962310B5DB00984203D10121014806F053
:0855F00013FE10BDC41D0020D4
:0455F8000068704790
:0455FC000C307047B8
:0C56000010B5FFF7FBFF0023036010BD96
:10560C00CB6810B5C360002B01D05B68984710BD08
:10561C0070B50500FFF700FA2B000024D8331B7877
:10562C00A34205D12B00FC335C6A402C00D94024EA
:0A563C002800FFF7F8F9200070BD08
:0656460078300078704787
:10564C00F0B585B003930AAB1E880BAB04001F8822
:10565C000D0002920AF0A0FC039B0100029A019734
:10566C0000962000FFF744FC200029300021FF3079
:10567C0005F0EAFC2300FA2200264133FF339200A6
:10568C005E609A60184B194A23602300FC33DA627F
:10569C00174A20001A63174A51305A64802231008D
:1056AC00FF3052000DF0F8FC93239B00E3185E6072
:1056BC009E60DE609D239B00E6184033E7183000A7
:1056CC001036FFF751FEBE42F9D1AD2200239200F5
:1056DC00A350443AA3509D4202D02000FFF7CCFCCB
:1056EC00200005B0F0BDC046D08E0110488F0110CF
:0856FC00A88F0110B88F011006
:10570400104B70B5036003000F4AFC33DA620F4A92
:1057140004001A630E4A5A649D239B00C618403342
:10572400C518AE4204D0103D2800FEF770FBF8E720
:1057340020002930FF3005F0B7FC2000FFF7A8FA5D
:10574400200070BDD08E0110488F0110A88F011069
:04575400B88F0110F9
:1057580008B4034B9C46034BC01A08BC6047C046BC
:085768000557001028010000A4
:1057700008B4034B9C46034BC01A08BC6047C046A4
:08578000055700102C01000088
:1057880010B50400FFF7BAFFAE212000890006F02B
:06579800C1FB200010BD62
:1057A00008B4034B9C46034BC01A08BC6047C04674
:0857B000895700102C010000D4
:1057B80008B4034B9C46034BC01A08BC6047C0465C
:0857C8008957001028010000C0
:1057D00070B504000D00884205D0FEF789FA290053
:0A57E0002000FFF713FF200070BD4A
:1057EA0010B5FFF706FF0068431E9841C0B210BD0E
:1057FC0010B50400FFF7F3FF002804D1054A064951
:10580C00064805F0EBFDE068FFF7F0FE0300200012
:10581C00984710BD02020000B18E0110BC8E011021
:10582C00F8B5AD2706000025FFF704F9BF00F359C2
:10583C00AB420ED99D2292002B01B418E418200023
:10584C00FFF7CDFF002804D02000FFF7D1FF013572
:04585C00EDE7F8BDBF
:1058600010B5044B0822C3600B68002108C00DF07E
:0858700019FC10BD2C8E011083
:1058780013B504000191002903D1FFF7BDFE2000F4
:0A58880016BD01A9FFF7E8FFF9E7DC
:1058920010B542680368086854100019D20701D590
:0858A2000268D358984710BDBD
:0C58AA0010B501000430FFF7EFFF10BD47
:1058B80010B5024BC3601CC91CC010BD208E01105E
:1058C80010B586B00400684603910092436004ABAB
:1058D80006C806C3200003A9FFF7EAFF200006B0A8
:0258E80010BDF1
:0C58EA0013B50400FFF7EBFF200016BD13
:1058F80030B589B00400FFF791F89C23274A9B0034
:10590800E2502000FFF791F80023254A210004A85F
:10591800FFF7E7FF2000FFF781F8AD239B00E05871
:10592800032808D8421CE2500001403BC018201848
:1059380004A9FFF749FF2000FFF777F804A8FEF74E
:1059480064FABC2006F0B2FA0500164B08C0FFF74F
:105958000DFD28000021403006F004FD28005430D9
:1059680006F09CFC8022104B520000932800002374
:10597800182106F071FD97239B00E5500B4904A8F8
:10598800FFF776FF04A9280006F0BEFD04A8FEF77D
:105998003CFA2000FEF762FC09B030BDE15500106A
:1059A80065420010BCA30110388E0110F954001094
:1059B80008B4034B9C46034BC01A08BC6047C0465A
:0859C800F95800104001000035
:0859D00010B50368984710BDF3
:0859D80010B5FFF7F9FF10BD47
:0859E00010B5FFF762FF10BDD6
:0859E80010B5FFF7F9FF10BD37
:1059F00037B50E4C200006F005FC0D4D0D492A0070
:105A0000200006F035F8012201920B4AF82300929B
:105A100000220A4C5B0111002000FFF717FE2A004C
:105A20000749200006F024F837BDC046C41D0020F9
:105A30005803002023C20010122000002C17002061
:045A400005570010F6
:065A440010B50BF0E5FDBA
:105A4A0010B51C00431A0298511A001B5843FAF762
:065A5A009AFD001910BDC9
:105A6000F0B589B00191037D0400012B00D08AE0DC
:105A7000021D0292100001220493002352421C00D6
:105A80001500049E03920178002900D06EE0417851
:105A9000002900D06AE0511C65D001335BB2049943
:105AA0008B4201DD049303920134E1B202304CB227
:105AB0000829E8D100263700039BBB4204DC049B85
:105AC000039A9B18BB4253DC0F22029B1D782B11BB
:105AD0001540029ADCB25278111107916946097F8C
:105AE00005910F2111400691002B08D0210057315C
:105AF000092B00DC2739019800F0C0F836182C4338
:105B000008D029005731092D00D82739019800F015
:105B1000B5F83618059B1C430AD01900079B57316E
:105B2000092B01DC05993031019800F0A7F83618EF
:105B30000699069B5731092B01D81900303101987D
:105B400000F09CF83618072F04D03A21019800F095
:105B500095F83618029B013702330293082FABD118
:105B6000300009B0F0BD2200330098E72A009BE71F
:105B7000039BBB42EED1002BE7D13A21019800F004
:105B80007DF83618E1E703000500002613331035D1
:105B9000029329780A22019800F0E5F82E210700E7
:105BA000019800F06BF8029B3F180135F6199D42F1
:105BB000EFD1E17C0A22019800F0D5F83618CFE742
:105BC00010B50400054B0175083303601022002155
:105BD00004300DF067FA200010BDC046E48F0110BC
:105BE000F7B50F0000211D0008AB1B7804000193DE
:105BF000084B16000833036001750C2204300DF0C9
:105C000051FA6B461B7927746674A5742000E374FF
:085C1000FEBDC046E48F011047
:105C180007B501210548FFF7CFFF0021044800918F
:105C28000B000A00FFF7D8FF07BDC0465C1E002026
:045C3800741E0020B6
:105C3C0070B5040008000D000DF022FF236802006F
:0A5C4C0029005B682000984770BD36
:105C560010B50B1E02D0FFF7EEFF0300180010BDB3
:0E5C660010B503688A685B680968984710BD2E
:085C740010B5FFF7EEFF10BDB3
:0A5C7C0010B503681B68984710BDBF
:105C880010B50249FFF7D6FF10BDC046F08F0110CE
:105C980070B50500FFF7E3FF04002800FFF7F0FFE9
:045CA800201870BD93
:105CAC0070B50400FFF7D1FF05002000FFF7E6FFF9
:045CBC00401970BD5E
:105CC000F0B58BB06B461500002205330600DA777D
:105CD0000800012D00D80A2509AC2900FAF754FC68
:105CE000CAB2130037330700DBB2092902D8130008
:105CF0003033DBB2013C2370002FEED121003000A5
:085D0000FFF7A9FF0BB0F0BD95
:105D0800F8B506000C00151E04D10368C9B21B685B
:105D18009847F8BD0A2A0CD100290BDA2D21FFF784
:105D2800A9FF614207002A003000FFF7C5FF3818B5
:0E5D3800EFE7D2B221003000FFF7BEFFE9E72F
:085D460010B5FFF7DEFF10BDF0
:105D4E0010B5002A04D10368C9B21B68984710BD6C
:085D5E00D2B2FFF7AEFFFAE735
:085D660010B5FFF7F1FF10BDBD
:085D6E0010B5FFF7EDFF10BDB9
:105D760010B504000068002801D00CF0CEFD20000C
:025D860010BD4E
:105D880010B504000068002801D00CF0C5FD002300
:085D98002360A360636010BDED
:105DA00070B504000D00006801310DF049FA031EC2
:085DB00001D0012028C470BDE0
:105DB800036810B50400002B04D043688B4201D35C
:105DC800012010BD2000FFF7E7FF0028F9D0A368E5
:0A5DD800002BF5D122681370F3E7E9
:105DE20070B50E00110004001500FFF7E4FF002853
:105DF20004D12000FFF7C7FF200070BD2A00310048
:105E0200A56020680DF0BBF800232268A1685354F6
:025E1200F2E7B5
:105E1400002370B504000D00036043608360994261
:105E240007D008000DF030FE290002002000FFF723
:065E3400D6FF200070BD46
:105E3A00F7B5040001911600002902D100252800B7
:105E4A00FEBD0125002AFAD08368D7183900FFF76A
:105E5A00AEFF051EF2D02368A26801999818320095
:0E5E6A000DF089F800222368A760DA55E7E7FB
:105E780010B58A6809680400FFF7DBFF002802D123
:0A5E88002000FFF77DFF200010BD91
:105E940010B500F043F8FEF798F8FEF79BFDFEF707
:105EA40091FDE12106484902FFF724FDFDF7F4FCCA
:105EB400FDF75CFB034B002BFAD000E000BFF7E7D3
:085EC4002C1700200000000073
:105ECC0010B50400FEF77BF8844203D2034B240187
:105EDC00E05E10BD01204042FBE7C046C403002039
:0C5EEC0010B5040002F050FE200010BDB4
:105EF80007B50649684602F088FE00980199FA221B
:105F080000239200FAF7C0FC0EBDC046981100208D
:085F180010B506F05BFA10BDA4
:105F200010B5044C200002F041FE200002F03EFEBD
:085F300010BDC04698110020CD
:105F380010B5054C200002F0A5FE044A04492000D3
:105F480005F092FD10BDC0469811002058030020AE
:045F5800ED5E0010EA
:105F5C0070B50400FEF733F8844202D301204042AE
:105F6C0070BDFEF72CF88442F8D2144A192C14D8C0
:105F7C0023001A331B01D55E6B1CEFD0104BE400D1
:105F8C001C196668002E0ED0300002F0BDF90D4BC6
:105F9C001A6810239B1A1841E2E72301D55E1A3CBC
:105FAC006B1CEBD1DAE70C2005F07EFF0600064AED
:105FBC00290002F0CDF96660E6E7C046C403002074
:0C5FCC00A4030020A40500200000C07FFA
:105FD800F7B504000D00FDF7F4FF84422ED21A4EE7
:105FE8002701F319D868002802D0042105F092FF90
:105FF8002000FFF767FF0190042005F057FF0023FA
:106008000400038083700199F61904F050FCF460D1
:10601800012D10D0002D06D0022D10D0200002F046
:10602800C6F9022103E0200002F0C1F9290020008E
:1060380002F0C8F902E0200002F0AEF9F7BD200036
:0C60480002F0B5F90121F2E7C4030020CA
:10605400F7B507000E00FDF7B6FF87421AD20E4DC2
:106064003B01ED18EC68002C10D13800FFF72CFF31
:106074000700042005F01CFF002304000380837044
:1060840001220096390004F033FCEC60310020005A
:0C6094000AF06EF8F7BDC046C4030020FF
:1060A000F7B50500FDF791FF002485421AD20E4F87
:1060B0002B01FF18FE68A64210D12800FFF706FF4B
:1060C0000500042005F0F6FE06000480847023001D
:1060D00000942200290004F00DFCFE6030000AF05C
:0C60E00055F8C4B22000FEBDC40300202F
:1060EC00010010B5002807D10420404200F0D5F97A
:1060FC0004235B42180010BD132001F0EFFD0023B8
:10610C009842F7D10120404200F0C7F90123F0E793
:10611C0080B5EFF30583002B03D1EFF31083002B35
:10612C0006D00620404200F0B8F90620404280BD5F
:0C613C00014F00DFFBE7C046ED600010E3
:1061480070B5051E18D084680268002C10D0032191
:1061580023000B400C4203D1C16815000F2923D836
:1061680009210020494202F04BF80024200070BDAC
:10617800C368002BF4D11500114B1A009032106837
:1061880000280AD000F04FFB0400012300280BD19F
:106198000521494202F034F8E8E7043301221021CE
:1061A800D86F00F0C2FAEFE7F322A3700023227041
:1061B800A360E360034A024B65605A66D6E7C046AF
:0861C800A80500202962001067
:1061D00070B50300022510000124284014402A4213
:1061E00014D1EFF3108672B61A6815000D40002C1A
:1061F00006D0A94206D1100088431860100001E0C3
:10620000281EF8D1002E00D162B670BD18680300B8
:106210000B40002C03D09942F7D00020F5E75A1E1E
:0862200093415B421840F0E7D6
:10622800F8B505008468002C00D1F8BD2800231DAE
:10623800DA7F616A0C30A768FFF7C6FF061E07D031
:10624800200001F011FB00223100200001F0A6FC23
:046258003C00E8E737
:10625C00F8B504000D0016001F00002804D00378C8
:10626C00F32B01D1002907DA04212000494201F067
:10627C00C5FF04204042F8BD0C30FFF7A3FF0028F7
:10628C00F9D1002F10D03900433001F027FD002840
:10629C0008D0064B20005F69390001F0C3FA0437BF
:1062AC003D62FE770220E5E70320E3E7A805002026
:1062BC0070B5041E02D00378F32B08D00421200003
:1062CC000425494201F09AFF6D42280070BD836895
:1062DC00002B0DD003256D42200001F0B9FA0022ED
:1062EC00290001F059FCA0680028F5D101F024FB2D
:1062FC000025A3782570DB07E7D5084B1A009032F0
:10630C001068A84203D0210000F09DFADDE70433A9
:10631C002100D86F00F03DFAD7E7C046A805002051
:10632C00F7B50C00002804D00378F32B01D1002919
:10633C0007DA04210424494201F060FF6442200082
:10634C00FEBD03000C330093EFF3108372B6C268EA
:10635C001443C460002B00D162B68568002D03D1B4
:10636C00280001F0E9FAEAE7AB682F1D0193FA7FE8
:10637C00696A0098FFF726FF061E0ED00222FB7FEB
:10638C000400134201D16B6A9C43280001F06AFAA5
:0E639C0000223100280001F0FFFB019DDEE72A
:1063AC0080B5EFF30583002B03D1EFF31083002BA3
:1063BC0006D006210020494201F020FF002080BDBC
:0C63CC00014F00DFFBE7C04649610010F4
:1063D800B0B5EFF30583002B03D1EFF31083002B47
:1063E8001AD0002804D00378F32B01D1002907DA4A
:1063F80004210424494201F003FF64422000B0BD97
:10640800EFF3108372B6C4680C43C460002B00D14C
:1064180062B601F0F7F8F1E7014F00DF0400EDE79D
:046428002D630010D0
:10642C00B0B5EFF30584002C03D1EFF31084002CEE
:10643C0016D0002806D00478F32C03D1002B01D100
:10644C00002906DA0421494201F0D8FE042040421A
:10645C00B0BD0C30FFF7B6FE0028F9D10338F7E7D2
:0C646C00014F00DFF4E7C0465D62001045
:1064780080B5EFF30583002B03D1EFF31083002BD6
:1064880006D00621494201F0BBFE0620404280BDED
:0C649800014F00DFFBE7C046BD620010B2
:0264A40070473F
:0264A60070473D
:1064A80073B5514C0020237A012B06D0834205D0C6
:1064B800013801F095FE0120404276BD4B4DEB6856
:1064C8002A8AE365230054331A80AB68296B236456
:1064D800EB6A1800019300F00DF9002802D0019A28
:1064E800231DDA676E69A969300000F003F90028F6
:1064F80001D1231DDE6F6667EE69296A300000F05E
:10650800F9F8002801D1231DDE6FA6676E6AA96A13
:10651800300000F0EFF8002801D1231DDE6FE66798
:106528006E6B002E08D0F3683000B268316800F056
:1065380053F923000833DE67AE6B002E08D0F368EA
:106548003000B268316800F047F9230088331E60D4
:10655800EE6B002E08D0F3683000B268316800F0A6
:106568003BF923008C331E602E6C002E08D0F36894
:106578003000B268316800F02FF9230090331E60B4
:106588006E6C002E08D0F3683000B268316800F0F5
:1065980023F9230094331E60AE6C002E08D0F368F4
:1065A8003000B268316800F017F9230098331E6094
:1065B800EE6C002E08D0F3683000B268316800F045
:1065C8000BF923009C331E602D6D002D08D0EB685D
:1065D8002800AA68296800F0FFF82300A0331D608E
:1065E80001230020237268E7A805002030870110E6
:1065F800F7B51E4C0720257A012D04D101F0A6FB22
:10660800002807D101200126404201F0E9FD764229
:106618003000FEBDFF23164A1B04116A154F0B43B9
:106628001362136AD1695B029B0E9B060B43786861
:106638001149D36101F068FC061EE3D101F0A8FC02
:10664800206101F089FC0D4801F004F901F06EF9B0
:106658003B6801932B4207D0022383F31488BFF3CE
:106668006F8F02232372D3E70323F6E7A8050020E0
:1066780000ED00E030870110D5030010C4050020AC
:02668800704759
:10668A0070B50D000400FFF708FF2900200001F093
:04669A0068FD70BD6A
:1066A00080B5FFF7F1FFEFF30583002B03D1EFF384
:1066B0001083002B06D00620404201F095FD0620F5
:1066C000404280BD014F00DFFBE7C046A9640010D7
:1066D00080B5EFF30583002B03D1EFF31083002B7C
:1066E00006D00620404201F07FFD0620404280BDDA
:0C66F000014F00DFFBE7C046F965001019
:1066FC00030010B5002813D002000A430724100031
:10670C00204022420DD117290AD9102219600839CC
:10671C00C91899605A60086099684A60D86001206D
:06672C0010BD0020FCE797
:106732000300F0B5002817D0081E15D00326140058
:106742000020B44384420FD11D000F310730814332
:1067520008352C002D686768281BB743C01B81428F
:1067620003D928680028F4D1F0BD58681E680818BB
:1067720058609B19083B5E68B04200D95860606857
:106782000A43002803D1200062600830ECE70323AB
:0C67920098432018056042602060F6E784
:10679E00020010B5002812D0081E10D013000024DD
:1067AE00083908338B420BD1032158688843010006
:1067BE005068411A5160002C08D15C60012010BD58
:1067CE0018681C000028FAD00300EBE71B68236052
:0267DE00F4E7DE
:1067E00030B504000800002C1BD0002914D0002A6A
:1067F00019D0002B19D021600021616011004143A4
:106800005D18A260E360636125611C000138002807
:1068100003D18A1A9850013030BDA51825602C008C
:0E682000F4E72000F8E71000F6E71800F4E7B0
:10682E000300EFF3108100280BD072B640690028E8
:10683E0004D002685A615A6801325A60002900D1A8
:04684E0062B6704777
:10685200EFF31082002811D0C3688B420ED803696F
:106862008B420BD972B643690B6043684161013BAD
:1068720043600020824200D162B670470420404249
:02688200FBE732
:1068840070B5EFF31085036B002B1DD00024CE7878
:10689400DA78B24210D31A004A608C60002A11D010
:1068A4009160002C13D0616072B6836A01338362F5
:1068B400002D00D162B670BD5A681C00002AEBD0CE
:1068C4001300E5E7C162ECE74B608B60C1620163D2
:0268D400EAE7F1
:1068D600EFF3108372B6826A002A11D0511E8162CC
:1068E600002B0FD00122C06A00280ED072B6817824
:1068F6008270002B00D162B6002907D08068F3E7CA
:0E690600002B02D162B6002AECD100207047AF
:106914004B688A68002B05D09A608A68002A03D0E5
:0C69240053607047C262F8E70363FAE7B3
:10693000F8B587780400002F31D0C56800262F00F5
:1069400001000C372800FFF7E5FF21003800267012
:10695000FFF77FFFAB68B34246D03800FFF767FF11
:106960000400B04240D0280000F078FF0700320059
:10697000310001F017F9380000F0D8FF07002000BF
:106980006A6AB9680C300CF0FBFAF923A670237020
:10699000FB68E37021002800FFF774FF24E085689E
:1069A000AB68002BF6D05B78832BF3D1280000F086
:1069B00055FF06003A00390001F0F4F8300000F00D
:1069C000B5FF210006006A6A80680C310CF0D8FA25
:1069D000F368002B01D0E2781A7000232800210010
:0A69E00023700C30FFF735FFF8BDFF
:1069EC00F7B504000E0017000193002804D00378BB
:1069FC00FA2B01D1002907D104212000494201F0D2
:106A0C0017FC042040421AE08368002B18D05B78F6
:106A1C00832B15D100F01CFF05000122002101F091
:106A2C00BBF8280000F07CFF05003100626A80682A
:106A3C000CF0A0FA0020EB68834200D01F70FEBD62
:106A4C000C30FFF7EEFE051E0FD03100626A0C30E1
:106A5C000CF090FA0026F923200029002B70AE7060
:106A6C00EF70FFF709FF3000E9E7019B0320002BD3
:106A7C00C8D01900932001F031F9002808D0054B3B
:106A8C002000596900F0CEFEEFF309839E60DF60B1
:086A9C000220B7E7A805002065
:106AA400F7B504000F0016000193002804D0037802
:106AB400FA2B01D1002907D104212000494201F019
:106AC400BBFB042040421DE0FFF703FF051E3BD043
:106AD40001002000FFF71CFF29003800626A0C3116
:106AE4000CF04CFA002E01D0EB783370270000260E
:106AF4000C37290038002E70FFF7A9FEA368B342B3
:106B040001D10020FEBD3800FFF78FFE051EF8D02E
:106B1400200000F0A1FE07003100012201F040F83E
:106B2400380000F001FF07002800B968626A0C30E1
:106B34000CF024FAF923AE702B70FB6829002000B6
:106B4400EB70FFF79DFEDCE7019B0320002BB9D01F
:106B54001900832001F0C6F8002808D0054B200056
:106B6400596900F063FEEFF309839F60DE60022041
:086B7400A8E7C046A8050020B7
:106B7C00F0B587B007001600019100280AD0002953
:106B8C0008D0F9F741FE04000198F9F73DFE001911
:106B9C001F2806DC04210020494201F049FB002497
:106BAC007BE00322019B033393430C3305937B431C
:106BBC000293002E22D0B468002C06D0144202D1CD
:106BCC00F368332B04D80921E5E7F368002BFAD1DD
:106BDC003368356972690393002D09D003212B00AA
:106BEC000B400D4202D10299914259D90A21D2E7A8
:106BFC00002AFBD1002C03D004920FE03500039641
:106C0C00294B1A00A032106800281CD0FFF709FE8F
:106C1C00041E16D00123002D29D10493224E0022EC
:106C2C000299F06FFFF77FFD051E19D1049B002B15
:106C3C0007D03300A033186800280BD02100FFF7D1
:106C4C0002FE0521A7E7043301223421D86FFFF798
:106C5C006AFDDDE704362100F06FFFF79AFDF0E7DF
:106C6C00029A00210CF018FA0223049A1343FA2218
:106C7C00A370039B2000636000232270019AA36021
:106C8C006262A362059AE362236339002B000C3025
:106C9C00FFF7A0FD044B054A1A67200007B0F0BDB2
:106CAC00002CE4D1ACE7C046A805002031690010E7
:106CBC00064B10B59A6ED86E0821FFF759FF044B9E
:106CCC00D86443425841404210BDC0463087011041
:046CDC00A8050020E7
:106CE000F7B505000E0001920093EFF30583002B2A
:106CF00003D1EFF31083002B29D0002D07D02B7880
:106D0000FA2B04D1002E02D0009B002B07D00421C7
:106D10002800494201F092FA0420404216E028007F
:106D20000C30FFF784FD041E16D031006A6A0C3067
:106D30000CF026F9F9232370009B2000A370019B1F
:106D40006660E370A56000F061FC0098FEBD019AEA
:106D5000009B024F00DFF9E70320DEE7ED6900103A
:106D6000F7B504000E000192EFF30582002A03D16B
:106D7000EFF31082002A27D0002C06D02278FA2ABE
:106D800003D1002E01D0002B07D00421200049425E
:106D900001F054FA0420404215E02000FFF79BFD6B
:106DA000051E15D00100626A30000C310CF0E8F8C5
:106DB000019B002B02D0EB78019A13702800EC6045
:106DC00000F024FC0020FEBD019A024F00DFFAE72C
:086DD0000320E0E7A56A0010B2
:106DD80070B500283AD0846805684668002C0FD042
:106DE800032223001340144202D1C2681B2A1CD874
:106DF80009210020494201F00BFA0024200070BD4F
:106E0800C368002BF4D1134B1A0094321068002881
:106E180006D1043301221C21D86FFFF786FC01E05C
:106E2800FFF701FD041E0CD00123F522A3700023F7
:106E38002270E6706560A360E36023616361237676
:106E4800DCE70521494201F0E3F9D7E70500060030
:086E5800D9E7C046A80500209F
:106E60002A4B70B55D6904000E00002D06D1082183
:106E7000494201F0D1F90120404219E0002802D036
:106E80000378F52B06D004212000494201F0C4F913
:106E90000420F1E7037E002B0BD10361EB6AC56090
:106EA0004361002B00D018610123EC62002023769F
:106EB00070BDC278D1070CD5C168A94209D1FF2B9A
:106EC00005D11021494201F0A7F90320D4E701338D
:106ED000ECE7002EF9D093070BD51F221F21E068A5
:106EE0006B1C9A56431C5956914202DADA7700F02D
:106EF000CAFC3100532000F0F7FE002803D029001F
:106F0000200000F095FC0220B6E7C046A80500204E
:106F1000354B70B55B690400002B06D1082149424E
:106F200001F07AF90120404270BD002802D00278B9
:106F3000F52A06D004212000494201F06DF9042011
:106F4000F1E7027E0F21002A03D0C168994206D0E2
:106F50000E212000494201F05FF90320E3E7013AE6
:106F6000D2B2027600208242DED16269824201D032
:106F7000216911612169002923D04A6102209A1CEC
:106F8000D27FDD6A52B2002D1DD10133DA77A368BA
:106F9000002B11D0200000F061FC06002A0029001F
:106FA00000F000FEF36AE66025616361002B00D00B
:106FB0001C610123F4622376002000F0C3FC002052
:106FC000B2E7DA62DAE7E97801420AD0A968002973
:106FD00007D00131C97F0E1C49B2914200DA161C5C
:0C6FE00072B26D69CFE7C046A805002022
:106FEC0070B5041E02D00378F52B08D004212000C4
:106FFC000425494201F00AF96D42280070BD037E58
:10700C00002B1FD06369C068002B01D022691A6164
:10701C002269002A25D053610225831CDB7FC26ABA
:10702C005BB2002A1FD11F21421C5156994202D03B
:10703C00D37700F022FC03256D42A068002822D1F2
:10704C0000F07AFC0025A3782570DB07D5D5154B0D
:10705C001A0094321068A8421DD02100FFF7F3FBF0
:10706C00CBE7C362D8E7D17829420AD091680029CE
:10707C0007D00131C97F0E1C49B2994200DA1E1C9F
:10708C0073B25269CDE7200000F0E2FB0022290028
:10709C0000F082FDD1E704332100D86FFFF779FBB4
:0870AC00ABE7C046A805002077
:1070B400F8B50400002C00D1F8BD0822E378676914
:1070C400134216D00026A3682676B34211D02000BE
:1070D40000F0C2FB05003200310000F061FDEB6AF4
:1070E400E56026616361B34200D01C610123EC6258
:0670F40023763C00DEE7FC
:1070FA0070B50225C3782B4220D01F22C0684319DD
:10710A009A56C46AE3782B420DD0A3688B4200D109
:10711A008B68002B07D00133DB7F1E1C5BB29342C6
:10712A0000DA161C72B26469002CEBD11F21431CD1
:0E713A005956914202D0DA7700F0A0FB70BDEA
:1071480080B5EFF30583002B03D1EFF31083002BF9
:1071580006D006210020494201F05AF8002080BDDF
:0C716800014F00DFFBE7C046D96D0010AE
:1071740080B5EFF30583002B03D1EFF31083002BCD
:1071840006D00621494201F045F80620404280BD60
:0C719400014F00DFFBE7C046616E0010F9
:1071A00080B5EFF30583002B03D1EFF31083002BA1
:1071B00006D00621494201F02FF80620404280BD4A
:0C71C000014F00DFFBE7C046116F00101C
:1071CC0080B5EFF30583002B03D1EFF31083002B75
:1071DC0006D00621494201F019F80620404280BD34
:0C71EC00014F00DFFBE7C046ED6F001014
:1071F800F8B5254B1500421E06000F009A4201D82B
:10720800884207D204210020494201F009F80024ED
:107218002000F8BD002D12D0AC682A68002C0AD0D6
:10722800032123000B400C4203D1E96815000F2904
:107238001DD80921E7E7EB68002BFAD11500134B9D
:107248001A009832106800280AD0FFF7ECFA0400F8
:10725800012300280BD10521494200F0E1FFD7E7BF
:10726800043301221021D86FFFF75FFAEFE7F62207
:10727800A37000232270A360054A044B6560A781B0
:10728800E6819A66C4E7C046FEFF0000A805002014
:04729800BB720010B5
:10729C000300EFF3108172B602880020824202D004
:0E72AC00013A1A800130002900D162B6704705
:1072BA00836810B50400002B0BD00C30FFF7E9FFF0
:1072CA00002806D0200000F0C4FA0022110000F0C5
:0472DA0064FC10BD83
:1072E00070B504000D00002802D00378F62B08D0FA
:1072F00004212000494200F097FF04235B4218005C
:1073000070BD0C30FFF7CAFF00239842F7D19D42B1
:107310000CD02900632000F0E7FC002804D0044BC7
:107320002000596900F084FA0223E7E70323E5E728
:04733000A80500208C
:1073340070B5041E02D00378F62B08D00421200077
:107344000425494200F06EFF6D42280070BD836839
:10735400002B0DD003256D42200000F07DFA0022A1
:10736400290000F01DFCA0680028F5D100F0E8FA1F
:107374000025A3782570DB07E7D5084B1A0098325F
:107384001068A84203D02100FFF761FADDE7043357
:107394002100D86FFFF701FAD7E7C046A8050020FF
:1073A40010B5002802D00378F62B06D004214942F8
:1073B40000F038FF0420404209E08368002B07D026
:1073C40000F04AFA0122002100F0EAFB002010BD7F
:1073D400EFF3108172B68289C489944206D90132CE
:1073E400828118000029F2D162B6F0E7002900D1A9
:0E73F40062B61121494200F015FF0320DBE7CD
:1074040080B5EFF30583002B03D1EFF31083002B3A
:1074140006D006210020494200F004FF002080BD70
:0C742400014F00DFFBE7C046F9710010CB
:10743000B0B50C00EFF30583002B03D1EFF31083FD
:10744000002B16D0002804D00378F62B01D1002C95
:1074500006D00421494200F0E7FE04204042B0BDBE
:107460000C30FFF71BFF03002000002BF7D1032097
:0C747000F4E7014F00DFF2E7E1720010CA
:10747C0080B5EFF30583002B03D1EFF31083002BC2
:10748C001BD0002802D00378F62B06D004214942E9
:10749C0000F0C4FE042040420EE0EFF3108272B6FE
:1074AC008389C18999420BD901338381002A00D188
:1074BC0062B600F0A5F8002080BD064F00DFFBE7A8
:1074CC00002A00D162B61121494200F0A7FE032028
:0874DC00E1E7C046A5730010B2
:1074E40080B5EFF30583002B03D1EFF31083002B5A
:1074F40006D00621494200F095FE0620404280BD98
:0C750400014F00DFFBE7C04635730010AC
:1075100070B500F03BFD1E4CE3680133E36000F002
:10752000CFF9002000F00EFA236D002B00D0984711
:10753000226C002A2BD0A369E16B994204D0D9694F
:10754000E363002900D1DA61DA69002A1BD1237ACA
:10755000022B1CD1656A002D19D0E36B6A1C013324
:10756000D27FDB7F52B25BB29A4210D1280000F08A
:107570007FF9E06B00F09AF9280000F0DBF9236C4A
:10758000E563EB6103E0013ADA61002ADFD070BD08
:04759000A80500202A
:10759400F8B51C4B1D001C0054355634288872B6AF
:1075A4002288002A04D162B6002000F0C9F9F8BD8F
:1075B4001E00013A22805A363188DF6D8A0001317B
:1075C40089B2D25988420ED0318062B6002AEBD0FB
:1075D4001078F1380828E1D8F8F73AFF07E00BE013
:1075E400E00D0FE011000021EEE71B6E100098473C
:1075F400CFE75B6EFAE79B6EF8E7DB6EF6E71B6F8F
:08760400F4E7C046A8050020D0
:10760C000100F8B5EFF31080164A130054331C88B0
:10761C0072B6150056352B889C421BD901332B8032
:10762C00150058352B88D76D9E0001339BB2F15154
:10763C009C4200D100232B80002800D162B6537AE3
:10764C00002B04D18022084B52055A60F8BD01234F
:10765C009372FBE7002800D162B60220FFF70FF807
:0C766C00F4E7C046A805002000ED00E097
:0C7678000378F12B00D07047C068F9E7E0
:10768400C26910B503694169541C0ED1002B00D0A6
:1076940059614269002A03D013610023436101E068
:1076A400084A13630023C36110BD002B03D0DC69B7
:1076B4005961A218DA614269002AEDD1014AD36204
:0876C400F0E7C046A805002014
:1076CC0001231F2110B54370C3185956094B0A4AA0
:1076DC005B6A002B04D05C1CE47F64B28C4206DC39
:1076EC00C26083609060002B00D0D86010BD1A007F
:0C76FC009B68EEE7A8050020C4050020F4
:0C770800014B58697047C046A8050020DE
:1077140080B500F099FD044F00DF012100204942AB
:0C77240000F068FDFEE7C046097C001084
:1077300070B50300022510000124284014402A429D
:1077400014D1EFF3108672B61A6815000D40002CA4
:1077500006D0A94206D1100088431860100001E04D
:10776000281EF8D1002E00D162B670BD1868030043
:107770000B40002C03D09942F7D00020F5E75A1EA9
:0877800093415B421840F0E761
:10778800002210B508490B6B002B08D10124644274
:10779800C46142610361002A04D0106110BD1A005F
:0C77A8001B69F1E70863F9E7A805002061
:1077B400002310B5827804000380930707D5016B7A
:1077C4000E4BD20610D50833D86FFFF740F8A378D4
:1077D400DB0708D5094B1A0088321068002807D047
:1077E4002100FFF734F810BD586FFEF7D6FFEEE71F
:1077F40004332100D86FFEF7D0FFF4E7A80500207A
:10780400C37810B5DB0702D4FFF7D2FF10BD042301
:1078140043700023044AC360536B8360002B00D081
:0C782400D8605063F2E7C046A8050020C1
:107830001F2210B54B1C9A568368002B04D05C1C89
:10784000E47F64B2944206DAC8608B608160002BEA
:0C78500000D0D96010BD18009B68EEE766
:10785C000300806882689A60002A00D0D3600023FD
:04786C00C36070473E
:10787000C268002A06D083689360002B00D0DA60CB
:067880000023C360704705
:1078860070B505000400002C09D02378F12B07D031
:107896002800FFF7EAFF29002000FFF7C6FF70BDAA
:0478A600E468F0E7BB
:1078AC00012310B5010043700148FFF7BBFF10BD69
:0478BC00C4050020DF
:1078C000F8B5194DEC6A002C1ED0E369013BE36169
:1078D000002B19D1102620276378732B18D014D8C9
:1078E000532B19D0BB43432B12D02000FFF7C0FF0E
:1078F0002000FFF7DBFF2469002C04D0E369002B94
:10790000EAD000236361EC62F8BDB343832BECD172
:107910002000FFF7B1FEE8E72000FFF7ADFE2100F1
:0C792000FFF7EBFBE1E7C046A8050020E4
:06792C00806B2030704763
:1079340002234370014B98617047C046A80500209C
:10794400F8B5154D04002E7A6F69002815D1022E62
:1079540012D16C6A002C0FD0621C7B1CD27FDB7F9F
:1079640052B25BB29A4207DD2000FFF77FFF380076
:10797400FFF7AAFE6670AC61F8BD022E07D1421C67
:107984007B1CD27FDB7F52B25BB29A42EFDC2000D9
:0C799400FFF78AFFF0E7C046A8050020BE
:1079A000F0B587B005910390042100280AD0002A81
:1079B00056D09768002F0BD0BB0702D1D368432B5A
:1079C00009D809210020494200F016FC0024BEE03D
:1079D000D368002BF5D19369146956690093002C84
:1079E00006D0630702D1002E00D0BCE00B21E9E7EE
:1079F000009B002B31D0009B0C21013B372BE1D8A1
:107A0000002E00D0B5E0136802935368049300235E
:107A100001939F420BD15C4B1A00883210680028FA
:107A200025D0FEF704FF071E44D001230193002C4C
:107A300049D1554B002E21D1544A566D1A000832B7
:107A4000D06F00281AD0FEF7F2FE051E1DD01023BD
:107A5000019A1A4301923C0026E018230093CFE7D5
:107A6000182314001600029200930492D3E7043303
:107A700001224421D86FFEF75CFED4E722003100DA
:107A8000586FFEF756FE051EE5D10025019BAB425F
:107A90000AD03D4B1A0088321568002D0CD0280002
:107AA0003900FEF7D6FE00250223019A1A430192FF
:107AB000002C0AD1052185E704333900D86FFEF781
:107AC0006EFE2C00F0E725003C00F223FF332380FC
:107AD000019B6A46A370049B1278E370029B52B22A
:107AE00063600023611CA360E36023616361A361A1
:107AF000E361CA77A11CCA776362A362E3623300C1
:107B0000FD22403BEB18A363039B6284E363204B9D
:107B1000256366632B601D4B1B6800935B0719D4BC
:107B2000A36B002019001A00343101C39942FCD123
:107B3000184B20005363039B936380235B04D36340
:107B4000059B1362104B144A1A66FFF7FBFE2000D8
:107B500007B0F0BDB608114B113E002EE0D0043541
:107B6000013E2B60F9E7009B002B00D043E7182370
:107B70000093730700D039E733000949483B8B4233
:107B800000D840E732E7C046A80500203087011042
:107B9000A52E5AE215770010C57B0010CCCCCCCCBA
:047BA000B7FFFF7FAD
:107BA40070B50400836B15001962FFF769FD2000AE
:107BB400002D02D0FFF7C4FE70BDFFF775FEFBE792
:107BC40010B543780400332B0BD1031D416ADA7FCF
:107BD4002830FFF7ABFD011E03D000222000FFF781
:047BE400DFFF10BDF2
:107BE80010B504008069002803D000221100FFF7B7
:107BF800D5FF6378232B02D10022A3689A6110BDB8
:107C080070B50E4C267A022E16D1636A002B13D05B
:107C18006569E86AFFF74AFA2800FFF7E1FF0848B4
:107C2800FFF718FE4670A061EFF30983AB630023EA
:107C380028006361FFF7E2FD70BDC046A80500207B
:047C4800C40500204F
:107C4C0070B5041E02D00378F12B07D0042120005C
:107C5C00494200F0CBFA0420404270BD0F22437819
:107C6C001340022B1ED0032B2AD0012B21D1FFF75E
:107C7C00F9FDE06AFFF718FA2000FFF7AFFF65780F
:107C8C00022D23D11348FFF7E3FD134B4570986188
:107C9C00EFF30982A26300225A612000FFF7ACFDCA
:107CAC000020DAE70C4B1A7A022A02D15B6A002B0D
:107CBC00DFD103212000494200F098FA0320CBE7E2
:107CCC00FFF7D0FD2000FFF7D7FCD2E70020FFF72D
:0C7CDC0033FEE2E7C4050020A8050020EC
:107CE80070B5184C0300207A002202280FD1606A70
:107CF80090420CD0606943704B1C0AD1FFF740FDDD
:107D08001148FFF7A7FD022301224370A06110006C
:107D180070BDE36A002B02D0DD69A9420CD2C161B3
:107D280042610361002A0BD01061002BE8D0DA69A8
:107D38005861511AD961E3E71A00491B1B69E9E741
:0C7D4800E062F2E7A8050020C40500205E
:107D540070B50D4D0021AA6D0C48FFF71FFE0C4CA9
:107D64006B6EA0620120002B0DD098470300002009
:107D7400834208D1EA6DE16C286EFFF70FFEA06420
:107D8400431E9841C0B270BD308701106581001058
:047D9400A80500201E
:107D980080B5EFF30583002B03D1EFF31083002B9D
:107DA80006D006210020494200F022FA002080BDBA
:0C7DB800014F00DFFBE7C046A17900107E
:107DC40080B5EFF30583002B03D1EFF31083002B71
:107DD40002D0034B586980BD024F00DFFBE7C04669
:087DE400A8050020097700103A
:107DEC00B0B5040000F038FAEFF30583002B03D193
:107DFC00EFF31083002B07D006212000494200F03E
:107E0C00F5F906204042B0BD2000014F00DFFAE733
:047E1C004D7C001089
:107E2000002230B50C4C636C002B02D01D698D42D2
:107E30000CD901618260C360002B03D01D6998607A
:107E4000691A1961002A05D0D06030BD1A00491B9B
:0C7E5000DB68E9E76064F8E7A8050020A3
:107E5C00F8B51B4D6C6C002C2DD023696E69013B61
:107E6C0023612369002B25D1E368002B01D0A26884
:107E7C009A6021006B640023E86C1A001831FEF73D
:107E8C0029FF00280CD0AB69210003206F696B61BE
:107E9C00FEF7F5FB6B69002B02D1B74200D11E0037
:107EAC00E378012B08D120006169FFF7B3FF6C6CFC
:107EBC00002CD6D16E61F8BD01236370F7E7C04684
:047ECC00A8050020E5
:107ED00010B5FEF7F3FE002803D1034B034A1A65E1
:107EE00010BD01204042FBE7A80500205D7E001088
:107EF00037B5012504006D422B00002269462000A1
:107F0000FEF72EFF0028F7D10198009B9847F3E772
:107F1000010010B5002817D00D4B1868F8F7AEFA1D
:107F2000802301385B0498420ED2FF23094A1B06C6
:107F3000116A0B4313620622074B1A605860002037
:107F40009860064B187010BD01204042FBE7C04608
:107F50005407002000ED00E010E000E0E32B0020DB
:107F6000074B1A78002A05D000221A708022054B90
:107F7000D2045A600123044A11680B43136070470E
:0C7F8000E32B002000ED00E010E000E02A
:0C7F8C00014B1B687047C04610E000E08D
:067F980001204042704789
:107FA000094A0A4B10B51A60094B9B1A094A13601B
:107FB000094A0A4B1A600A4B9B1A0A4A136000F0DE
:107FC00055F800F06DF8C04600FC03209C29002005
:107FD0000000042098290020C4AC00209029002033
:087FE00000FC03208C290020A5
:107FE80070B50B251C240C480C4B456003600C4BEA
:107FF800C4608360FFF7A4F80A4B18600A480B4B6B
:10800800456003600A4BC4608360FFF799F8094B29
:1080180018600AF0C5FB70BD5C2900209892011019
:10802800702900206C29002024270020A592011027
:08803800382700203427002046
:0880400010B5FDF727FF10BD8C
:10804800012110B5024B49421868FFF78FF810BD9F
:048058006C2900206F
:10805C0010B5024B1868FFF79DF810BD6C29002075
:0C806C0010B508F0D7F800F011F810BDB6
:0280780070474F
:02807A0070474D
:10807C0010B500F043F8FFF7F9FFFFF7AFFFFFF77C
:0C808C00F6FF03F0D7FBFFF7D5FF10BD97
:0880980010B5FEF701FB10BD5D
:1080A00013B5114B114C0021236180231B02636126
:1080B0004423E3600E4B2200A3601823A3610D4B01
:1080C0000D482360FFF768FE031E05D122000B490F
:1080D00000900B4803F0BCFBFEF7FAFA00220949B6
:1080E00013000092F5E7C046302C0020042C00203D
:1080F000F02A0020AF9201107D800010B492011090
:088100001D010180D092011065
:1081080030B585B068460200054B32CB32C21B68D9
:108118001360FFF715F8034B186005B030BDC04673
:08812800A0870110282C0020A3
:1081300073B506000C00150003F084FB00280CD179
:108140000649A31DA21D02D3054A9B00995800238E
:1081500032002800009303F07BFB73BDE592011011
:048160000094011076
:0681640010B500F091F8D7
:10816C00002307B502000138009304281AD8002315
:10817C00F8F774F903080C10140001220B490C4891
:10818C0003F060FB02220B490B48F9E703220B4971
:10819C000B48F5E704220B490B48F1E705220B4984
:1081AC000B48EDE70B490C48EAE7C046ED9201108D
:1081BC00250102800E9301102601028033930110D9
:1081CC00270102806893011028010280A3930110FB
:0C81DC002A010280E393011000010280E0
:1081E80010B50100014AFFF79FFF10BD3101018062
:1081F80010B5024AFFF798FF10BDC0463201018052
:1082080010B5024AFFF790FF10BDC0463701018044
:1082180010B5024AFFF788FF10BDC0463301018040
:108228000B0010B5113302D0014AFFF77DFF10BDD6
:04823800340101808C
:10823C0010B5024AFFF776FF10BDC0463801018029
:10824C0010B5FFF7B9FD034B1B68002B00D0984706
:08825C0010BDC046542B0020A8
:10826400034B10B51B68002B00D0984710BDC046C7
:04827400542B002067
:1082780010B503F07BF903F079FB03F078FB03F00A
:048288008BF910BDA1
:10828C0010B5024B1B689847FBE7C0464C06002014
:08829C0010B5FDF7ADFA10BDAD
:0C82A40010B50400FDF7B0F9200010BD7B
:1082B000F8B50500060010CD002C14D10E4F38681B
:1082C000002803D001214942FEF754FF3468002CF6
:1082D00004D1280003F0E6FF2C0035603868002840
:1082E00001D0FEF75DFFAC4204D08B220349044865
:1082F00003F07AF82000F8BD282C00203C940110EF
:048300004B94011089
:028304007047C0
:0E83060010B504000C2103F006FE200010BD8F
:1083140070B5040003689B689847201D07F0A2FE0F
:0E832400050023682000DB689847280070BD24
:1083340010B50348FFF7BAFF03F0BAFF10BDC046FB
:04834400DC1D00201C
:1083480010B50348FFF7B0FF03F0CCFF10BDC046DF
:04835800DC1D002008
:10835C0070B504000D00074B82600360FFF7E4FF6B
:10836C002900201D07F040FE2000FFF7E7FF20004A
:08837C0070BDC04678940110A9
:0E83840010B50368012200211B69984710BD47
:0E839200002210B5036811001B69984710BD4A
:1083A00010B5040003F0E6F80121200007F01AFFE1
:0683B00003F0F6F810BD19
:1083B60010B5040003F0DBF80021200007F00FFFE2
:0683C60003F0EBF810BD0E
:1083CC0070B50D00040003F0CFF82900200007F071
:0883DC00E9FE03F0DFF870BDBB
:0883E40010B507F0BDFE10BD4D
:0883EC0010B507F0B6FE10BD4C
:0883F40010B507F0B8FE10BD42
:0883FC0010B507F0ABFE10BD47
:0884040010B507F0B3FE10BD36
:10840C0070B505000D4E3000FFF74CFF03F04CFF2C
:10841C00280007F041FE041E0CD1280007F09CFE3A
:10842C0003F05AFD68603000FFF73CFF03F058FF83
:10843C00200070BD01246442F5E7C046341E0020C4
:10844C0070B505000B4E3000FFF72CFF03F02CFF2E
:10845C00280007F023FE441EA0414442686800280F
:10846C0001D003F066FD3000FFF71CFF03F038FF6E
:08847C00200070BD341E002039
:10848400F7B50D001E0004000A4F01923800FFF7F3
:108494000DFF03F00DFF33002A000199200007F0BF
:1084A40025FE04003800FFF701FF03F01DFF200044
:0884B400FEBDC046341E00208D
:1084BC00F0B589B0029101920393050007F04CFED0
:1084CC000700280007F042FE0600280007F047FED0
:1084DC000490280007F046FE390007900198F8F741
:1084EC004DF80C1E69D1029B002B66D0019A039BA0
:1084FC009B18049AB618B3425FD83148FFF7D2FEE6
:10850C0003F0D2FE039B002B4FD0002C4BD10199D2
:10851C00280007F01EFE040001000198F8F72EF861
:10852C00039B601A984200D918000322029B134245
:10853C0001D187422ED93E00874200D90600320075
:10854C00029968680AF016FDBE4205D26B6807995D
:10855C00BA1B98190AF0A0FD6B68059706931023B7
:10856C0004932800059B069A019907F0C7FD041E89
:10857C0006D0049B013B0493002BF2D101246442EE
:10858C00039B9B1B0393019B9B190193029B9B19C0
:10859C000293B7E73900F7F76BFF7843029B0600AD
:1085AC0005900693DBE7012464420548FFF77AFE49
:1085BC0003F096FE200009B0F0BD01246442F9E7F7
:0485CC00341E002039
:1085D000F7B50D001700060007F0BEFD04003000DF
:1085E00007F0C3FD2018EC19A04203D20124644215
:1085F0002000FEBDA0421FD81948FFF759FE03F026
:1086000059FE0024002F24D0002C20D110230193E8
:108610002900300007F04CFD041E06D0019B013BF1
:108620000193002BF4D1012464422900300007F0AB
:1086300096FD3F1A2D18E5E72100300007F08FFD69
:1086400001002000F7F7A0FF0029CFD1D4E70124D3
:1086500064420348FFF72CFE03F048FEC8E7C0461B
:04866000341E0020A4
:0286640070475D
:1086680070B506000400831D3E229A5E0C36031D79
:108678003E21595E300008F023FEE56C236D002D85
:1086880001D1DA0711D558102018DB0701D5036886
:108698005D592300583300229B5E22005632002188
:1086A800525E210054310978A8473000E16B08F088
:1086B8006CFE30002200024908F0A6FE70BDC046DC
:0486C800AD89001068
:1086CC00F7B50093836C04000E001500002B05D049
:1086DC0036222B492B48FF3202F080FE2A4A0365D2
:1086EC000368C2641B6898472300270054331E702C
:1086FC0002331D800193009B58373B80042E0DD80C
:10870C003000F7F7ABFE15031015190001232A00F2
:10871C0001215B4220000C3008F0EBFE23682000A6
:10872C005B689847F7BD01222B0002215242F1E70A
:10873C002A003100009BEDE72300012270331A70F0
:10874C006B1C0CD0042003F0AFFB019B0500002137
:10875C00595E00230380837002F0A7F8E5650022C0
:10876C00BB5E0133DAD0042003F09EFB002205002F
:10877C000023F95E0280827002F09CF82566CDE73A
:0C878C00E1940110F0940110CD86001063
:1087980010B50400FBF7A8FA2000FCF72DFF200015
:1087A80010BD10B50400FBF79FFA2000FCF724FF6A
:0487B800200010BDD0
:1087BC0070B5040003680D001B6898472000290061
:1087CC000C3008F0E0FD2368E56320005B689847F7
:0287DC0070BD6E
:1087DE00F8B504001F0003680D001B6816009847CB
:1087EE0020003B00320029000C3008F0DCFD23682D
:0887FE0020005B689847F8BDFC
:1088060070B5040003681B68984720000C3008F018
:1088160068FE230070331B780500002B06D0206EFF
:10882600002803D06942694107F0A1FC23682000B3
:088836005B689847280070BD43
:10883E0070B5040003681B68984720000C3008F0E0
:10884E0052FE230070331B780500002B05D0E06D1F
:10885E0007F095FC434258410540236820005B68B1
:06886E009847280070BDD0
:0A88740010B50C3008F026FE10BD10
:0E887E0010B50C000C3008F028FE200010BDD4
:10888C00F7B5002504001F001D4B0E0008330360D4
:10889C001C4B290043600192856010220C300AF0B9
:1088AC00FBFB20001C30FCF75FFD20002C30FCF79C
:1088BC005BFD0222A31CFF32E763DA87019A231DBA
:1088CC00DE87A31DDA874E33A564E5642565220097
:1088DC001D70012356325B4213805380230070338A
:1088EC006566A566E5661D70A26863685010201861
:1088FC00D20701D50268D35898472000FEBDC04668
:08890C000895011069860010B6
:10891400F7B50500036816001B680F0098472B0085
:1089240040331B783401002B01D0002E11D02B00D2
:1089340041331B78002B01D0012E0AD020001C30BB
:1089440039002818FCF742FF2B6828005B68984719
:10895400F7BD02F00DFE3800FCF745FF2B001C3478
:108964000C332C190193002812D02000FCF73BFF94
:10897400002801D102F0FCFF39002000FCF726FF9B
:1089840001223100019808F053FD02F007FEDBE7F5
:108994002000FCF728FF002801D002F0EAFF2000A5
:0889A400FFF7F8FE0022ECE7EA
:1089AC0009011C3110B544182000FCF718FF0028F1
:0A89BC0002D02000FFF76CFC10BD94
:1089C600F8B504002600036840361B680D0098477A
:1089D6003378AB4233D0002D0DD0230041331B78C2
:1089E600002B08D1A268636850102018D20701D561
:1089F6000268D3589847270002F0B9FD1C37002DAE
:108A060022D03800FCF7EEFE00280AD03800FCF72A
:108A1600F2FE02F0ACFF2000012200210C3008F02B
:108A260006FD02F0BAFD3570002D08D12300413352
:108A36001B78002B03D120000C3008F0A2FC236821
:108A460020005B689847F8BD20002A000C302900FA
:108A560008F0EDFC3800FCF7C5FE0028E1D002F076
:048A660087FFDEE7C1
:108A6A00F8B504002600036841361B680D009847D4
:108A7A003378AB4233D0002D0DD0230040331B781E
:108A8A00002B08D1A268636850102018D20701D5BC
:108A9A000268D3589847270002F067FD2C37002D4B
:108AAA0022D03800FCF79CFE00280AD03800FCF7D8
:108ABA00A0FE02F05AFF0122200011000C3008F03B
:108ACA00B4FC02F068FD3570002D08D12300403354
:108ADA001B78002B03D120000C3008F050FC2368CF
:108AEA0020005B689847F8BD20002A000C3001215D
:108AFA0008F09BFC3800FCF773FE0028E1D002F076
:048B0A0035FFDEE76E
:108B10001FB50400194B0021083303606846FCF7B9
:108B200030FC002269462000FFF7F4FE6846FBF7A0
:108B300070F900216846FCF724FC012269462000F8
:108B4000FFF7E8FE6846FBF764F9230040331B7823
:108B5000002B04D1230041331B78002B03D02000CD
:108B60000C3008F011FC20002C30FBF752F92000EB
:108B70001C30FBF74EF9200004B010BD0895011021
:108B800010B50400FFF7C4FF2000742103F0C6F9FC
:048B9000200010BDF4
:108B940010B5437D0400002B04D0037D002B01D0CD
:088BA40002F0E7FE200010BD05
:108BAC0013B5040001A802F0DBF8637D002B0BD198
:108BBC00237D002B01D002F0D7FE206902F08EF845
:108BCC00012320606160637501A802F0CFF813BD2A
:108BDC0037B5040001A80D0002F0C2F800230022F2
:108BEC00226063606B7D002B08D0286902F076F858
:108BFC002A686B68801A99412060616001A802F0B4
:068C0C00B5F820003EBD9A
:108C120030B50D0085B0040003A802F0A6F82900C3
:108C22006846FFF7DAFF00980199AA68EB68121804
:108C32004B4103A82260636002F09DF8200005B05A
:028C420030BD43
:108C440013B5040001A802F08FF8206902F04AF875
:108C54000022002320606160A260E36001A802F0AA
:048C640089F813BDBB
:108C680010B50B00040000210020236100232060C0
:108C78006160A060E160227520006375FFF7DEFF88
:048C8800200010BDFB
:108C8C0010B5040002F054F8012201002000FFF797
:068C9C00E5FF200010BD01
:048CA20000207047F7
:0C8CA6001D20404270471D2040427047D6
:0C8CB200162040427047162040427047D8
:088CBE000120704701207047FE
:088CC6000020704700207047F8
:108CCE00F8B5050000248EB2CB0704D5FFF794FD4E
:108CDE00441EA04104B210273E4205D02800FFF7E3
:0C8CEE00A7FD002800D03C432000F8BD8A
:108CFC0008B4024B9C46743808BC6047CF8C0010FB
:0A8D0C0010B5FFF75AFE002010BD5D
:108D180008B4024B9C46743808BC60470D8D00109F
:0A8D280010B5FFF79EFE002010BDFD
:108D340008B4024B9C46743808BC6047298D001067
:108D440010B50400024B0360FFF7E0FE200010BDE5
:108D54002895011008B4024B9C46743808BC60473F
:048D6400458D001029
:108D680010B50400FFF7EAFF2000782103F0D2F8DD
:108D7800200010BD08B4024B9C46743808BC6047FC
:048D8800698D0010E1
:108D8C00F7B505000C00161E1BD002F0E9FB012301
:108D9C004340DFB2002F03D02B6828001B68984794
:108DAC00A3190193019B9C4205D021782800FFF761
:108DBC0060FD0134F6E7002F03D02B6828005B68B8
:068DCC0098473000FEBDD7
:108DD40008B4024B9C46743808BC60478D8D001063
:108DE40070B504000D00101E0CD0236820001B6811
:108DF40098472000FFF73CFD2870236820005B683B
:068E04009847012070BD3B
:108E0C0008B4024B9C46743808BC6047E58D0010D2
:108E1C0010B50400FFF734FD024B20002360024B19
:0C8E2C00636710BD2895011064950110CB
:108E3800F8B504000D0016001F0003681B6898476A
:108E48003B00320029002000FFF73CFC236820008B
:068E58005B689847F8BDBD
:108E5E0070B504000E0002F086FBA569002D0BD044
:108E6E0020000830FFF79AFC0122631CDA770023FA
:108E7E00A21CE361D677A36102F08BFB002D03D019
:0A8E8E002100280000F090F970BDEB
:108E980010B5002802D003F009FA10BD02F066FBF5
:028EA800FBE7E6
:108EAA0010B5002802D003F01CFA10BD02F073FBC3
:028EBA00FBE7D4
:108EBC00F0B5040089B00E00170002F055FBA5694F
:108ECC0002F068FB002D29D003AD0021280003F02F
:108EDC0047FA02F049FBA3690193E369002B04D024
:108EEC0039220F490F4802F079FAE56102F052FB82
:108EFC00019B002B0FD03900280003F03BFA00280F
:108F0C0009D13000FFF7C2FF20000121FFF7A1FFBC
:108F1C003000FFF7C4FF280003F04FFA09B0F0BD92
:088F2C00C9950110D595011053
:108F340070B500250400064B456008330360083013
:108F4400FCF716FA2000A561E561258470BDC046D2
:048F5400F49501107F
:108F5800084B10B50833036083690400002B04D064
:108F680026220549054802F03BFA0830FAF74DFF7A
:108F7800200010BDF4950110C9950110E39501106A
:108F880030B50400250085B0083502F0EFFA290055
:108F98006846FFF783F92800FFF703FC0023E06920
:108FA800A361984201D003F005FA02F0F5FA684689
:108FB800FCF717FC002802D06846FFF76BF96846F3
:088FC800FAF723FF05B030BDEC
:0E8FD000002343608360013301600373704728
:028FDE007047DA
:108FE0000300007B002805D00CCB002012689A42B9
:068FF0004041C0B27047D1
:108FF600F0B5036885B00193012305001800884089
:1090060019001E0051400290039101989900445C9A
:109016000299214205D030210C40002A07D0102C9D
:1090260007D10133112BF0D10120404215E0002C6D
:10903600F7D01000590002390843009131008140F1
:10904600AF680F42EDD1202C07D10399009C0C4349
:0E905600210034008C402742E3D105B0F0BD6C
:1090640070B5040008001100020020001D00FFF785
:10907400C0FF002802DA0020207370BD4108236875
:109084008A009A18D3885279666855439B195B19EC
:10909400636001238340A268C00113430843A360B3
:0490A400C0B2EAE785
:0E90A80010B513000A000121FFF7D8FF10BD1C
:0E90B60010B513000A000021FFF7D1FF10BD16
:1090C40070B50D0004000A000021FFF7EBFF2A0031
:0A90D40000212000FFF7EDFF70BD42
:0890DE000023036043607047AA
:0290E6007047D1
:0490E8000068704765
:1090EC0000230B604368002B02D101604160704784
:0490FC001960FBE715
:1091000003000068002806D00268002A00D15A60D7
:089110001A60002303607047A0
:1091180010B50468002223008B4204D0002B10D025
:109128001A001B68F8E7002A01D00B6813608C420C
:1091380001D10B68036043688B4200D14260002371
:049148000B6010BDEB
:0C914C0010B50400FFF7C5FF200010BDA7
:0E91580010B5FFF7C5FF43425841C0B210BD2D
:1091660070B505002800FFF7BCFF00280ED0041FCD
:10917600236820009B689847002807D02800FFF73F
:0E918600BCFF23682000DB689847EBE770BD54
:1091940070B504000D00FFF7A5FFAC610600291DA2
:1091A4002000FFF7A1FF002E02D12000FFF7D9FF16
:0291B40070BD8C
:1091B60070B505000C00FFF794FF0600002C00D0E8
:1091C600043421002800FFF7A4FFA64202D128009C
:0691D600FFF7C6FF70BDAB
:1091DC0010B504002000FFF781FF002804D00438EC
:0A91EC000368DB689847F5E710BD43
:1091F60010B50400FFF7EFFF2000FFF771FF200016
:0292060010BD99
:029208007047AD
:02920A007047AB
:0A920C0010B503689B6D984710BD74
:1092180030B587B06B46040005220021981D09F07F
:109228003DFFC8239B00E258238901AD8921AB810A
:109238000A4B4900EB8104232980EA7111396268DD
:10924800FF390A34E9700392FF3312222900200003
:109258002B8209F091FE200007B030BD010200000A
:0892680000487047E498011072
:08927000004870471C99011031
:0892780000487047E89801105E
:08928000004870472E9901100F
:08928800004870471499011021
:0892900000487047FE98011030
:10929800036810B55B6F04009847BB239B00E05838
:1092A80003681B6F9847236820009B6F984710BD81
:1092B800CD239B00C35810B5002B04D1024A0349A3
:1092C800034802F08DF810BDCD0600002996011064
:0492D80037960110B4
:1092DC0010B5040002F048F9CD229200A3580133D6
:1092EC00A350002B05D1D72202490348D20002F02B
:0C92FC0075F810BD29960110379601107E
:10930800CD239B00C35870B50400012B16D1C92585
:10931800CA26AD00B6000122A05963590240002BAD
:1093280001D1002A0AD00021401061512018A15112
:109338008A4201D00268D3589847ECE7CD229200C0
:10934800A358002B04D1054A0549064802F048F8FD
:10935800013BA35002F020F970BDC046C6060000CC
:0893680029960110379601104F
:1093700007B50022024913000248009202F068FA81
:08938000439601100E01158057
:1093880007B50022024913000248009202F05CFA75
:089398006B9601100401158021
:1093A000036870B5DB6F04009847BE239B00E55A45
:1093B0002B12022B28D0032B5BD00020012B06D1CF
:1093C000236820001B6B9847002801D1002070BD46
:1093D000236820001B6B98470678122EF6D123686D
:1093E00020001B6B98474578012DEFD1C1239B00CE
:1093F000E650236820001B6B9847C0239B00E05079
:1094000008332800E554E2E72368EDB22900200084
:109410005B6B98470028D9D0236829005B6B20003C
:1094200098470378092BD1D1236829005B6B200072
:1094300098474378022BC9D1236829005B6B200031
:1094400098472368867829005B6B20009847C122E3
:10945000C37892001B023343A350236829002000E5
:109460005B6B9847C0239B00E05001200833E05419
:10947000ADE7EDB20020052DA9D82800C12523684D
:10948000AD00F6F7F1FF030D151D252D9B6B200098
:1094900098470378635123689B6B20009847E1E766
:1094A000DB6B20009847037863512368DB6BF4E79C
:1094B0001B6C200098470378635123681B6CECE712
:1094C0005B6C200098470378635123685B6CE4E78A
:1094D0009B6C200098470378635123689B6CDCE702
:1094E000DB6C20009847037863512368DB6CD4E77A
:1094F0001F200B78DB0913700B785B069B0F5370F2
:109500000B78034093704B78D370C8788B78000247
:109510000343938048790B7900020343D380C879D1
:0A9520008B790002034313817047AA
:10952C00036870B55B6F04000D009847C3239B0064
:10953C00E35C022B05D03E2209490A48FF3201F0B8
:10954C004DFFC423084A9B00E5541433E25000221B
:10955C000433E250236820009B6F984770BDC046CF
:0C956C00299601108A960110D99A00106F
:10957800036870B5DB6F04009847C2239B00E35C67
:10958800002B02D00025280070BDBB25AD00605916
:1095980003685B6C9847C1239B00E2589042F1D85E
:1095A800C026B600A159121A0918A151E250002A82
:1095B80014D102210833E1540E4BE55C002D07D08D
:1095C800E254163BE118236820009B6E9847DAE7BF
:1095D80001212000FFF7A6FF0125D4E7C8239B003F
:1095E800E3586059934200D913000268146C1A00BA
:0895F800A047F1E70A0300009F
:10960000036813B5DB6F04009847C7239B00E35C36
:10961000012B06D8002213000F4900920F4802F0D8
:1096200017F9C3239B00E35C002B04D000220C49F4
:1096300013000092F2E70B4BE35C032B0AD02000EF
:10964000FFF79AFF002805D1BB239B00E058036871
:10965000DB6C984713BDC046439601100E01158080
:08966000B59601100B03000098
:10966800036870B5DB6F04009847C2239B00E35C76
:109678000025012B36D1C1239B00E358AB4206D10C
:109688001C4AA15CA94201D101252BE0A354C822A0
:109698009200A5589D4200D91D00BB23C0269B00FF
:1096A800E058B60003682A009B6CA1599847A35953
:1096B8005B19A351C1239B00E258551BE550E3D128
:1096C8000C4BE25C002ADFD102210333E1540A4B40
:1096D800E55C002D08D0E254163BE1182368200011
:1096E8009B6E9847280070BD01212000FFF71AFFE4
:0C96F800CAE7C046090300000A03000096
:10970400036810B5DB6F04009847C7239B00E35C34
:10971400012B01D8FFF72AFE074BE35C032B0AD089
:109724002000FFF79FFF002805D1BB239B00E058D2
:0C9734000368DB6C984710BD0B030000BD
:10974000036870B55B6F04000D009847C3239B004E
:10975000E35C032B05D0C32209490A48520001F0FB
:1097600043FEC423084A9B00E5541433E250002210
:109770000433E250236820009B6F984770BDC046B9
:0C97800029960110FF96011025A500108D
:10978C00036810B50400DB6F98470120044BE21806
:10979C001D3BE2500433E0500433E05410BDC0468E
:0497AC001D03000099
:1097B000036810B5DB6F04009847C7239B00E35C88
:1097C0000020042B0CD1074B0130E25A064BE25229
:1097D0003633E218303BE2500433E0500433E054B7
:0C97E00010BDC0462E030000FA0200007D
:1097EC00036810B5DB6F04009847C32304229B0069
:1097FC00E254143BE25C044B2000E15A23681B6FDB
:0C980C009847012010BDC046FA02000081
:10981800036870B55B6F04000D009847C3239B0075
:10982800E35C042B05D0EB2209490A48520001F0F9
:10983800D7FDC423084A9B00E5541433E2500022A4
:109848000433E250236820009B6F984770BDC046E0
:0C985800299601102B970110799B00103D
:10986400036870B5DB6F04009847C7239B00E35C73
:10987400042B04D000201E4BE35A834215D11D4B08
:10988400E15C012912D0022913D0002081420CD1BD
:109894000122194B1A80C023174A9B00E25002226E
:1098A40001200433E2500433E05470BD0022124B13
:1098B400F0E70F4BE25A8F23100098430300002077
:1098C4008342F2D10C48130702D100230380E2E75C
:1098D4001E2553002B40D2111A431823023A534336
:1098E400E31830331B780B42EFD00123EEE7C04678
:0C98F400FA020000F6020000582B0020D1
:1099000030B5036891B0DB6F04009847BB23C822D1
:109910009B00E058920003686946A258DB6B9847A9
:10992000BD239B00E5182A0069462000FFF7E0FDF3
:10993000C02200239200A3500432A3500432A3504B
:10994000C32301229B00E2542368290020005B6EA0
:06995000984711B030BD84
:10995800036810B5DB6F04009847C7239B00E35CDE
:10996800012B01D8FFF700FDCB2201239200A3545D
:10997800203AA25C002A03D12000FFF7BDFF10BDEA
:0C998800014AA354FBE7C0462D03000079
:10999400F8B51D00036804005B6F0F0016009847BC
:1099A400C3239B00E35C012B04D00B4A0B490C48F6
:1099B40001F018FDC4239B00E7540433E650094A20
:1099C4000433E5500C33E25000220433E2502368A0
:1099D40020009B6F9847F8BDBA0200002996011039
:0899E40053970110B5A3001018
:1099EC00036870B5DB6F04009847BF239B00E35AF4
:1099FC00002B34D0BD229200A55C1432A25C012D48
:109A0C0025D1012A06D0BB239B00E0580368DB6CF0
:109A1C00984770BDC1229200A158994200D9A35019
:109A2C00C1229200A0581F4E012D28D1834208D983
:109A3C00C8239B00E158F6F7A1FD002901D11A4B70
:109A4C00E55402232000A355FFF708FEE1E7002AA6
:109A5C00D9D1C1229200A2589A42E1D0D3E7BB23BC
:109A6C00C1229B009200E058A15803680029CED176
:109A7C0003250C4A9B6CA5540A009847C9E701239F
:109A8C00C822A355BB239200A2589B00E3588242E4
:109A9C0000D90200196818000D6CC02189006158AA
:0C9AAC00A847B6E70B0300000903000008
:109AB800036810B5DB6F040098470022024BE2549C
:109AC800024B0332E25410BD2D0300000B030000CB
:109AD800036810B5DB6F04009847C423C322002134
:109AE80092009B00E35CA154134AA15C002903D0B7
:109AF8002000FFF7DDFF10BD002B06D1BB239B0024
:109B0800E0580368DB6C9847F5E70C4BE25C012AE8
:109B180008D10232E2541F3BE05803689B6C0A00EC
:109B28009847E8E7022AE6D10132E254BB239B00BA
:109B3800E05803681B6CF2E72D0300000B030000DC
:109B4800036810B5DB6F04009847CB2300229B0005
:109B5800E254203BE35C934203D12000FFF7A8FFC7
:109B680010BD0122014BE254FAE7C0462D03000064
:109B7800036810B5DB6F04009847C423C322002193
:109B880092009B00E35CA1540E4AA25C8A4203D077
:109B98002000FFF78DFF10BD002B0BD00A4B2000D3
:109BA800E25A0A4BE252363BE25A3833E254FFF7A4
:109BB80019FFF0E7BB239B00E0580368DB6C98476C
:109BC800E9E7C0462D030000FA0200002E0300005A
:109BD80070B5BC2504000368AD005B6F9847635DF2
:109BE800002B10D1BB26B600A059210003689B6842
:109BF8009847A059402103689B6B9847C8239B004E
:109C0800E05001236355236820009B6F984770BD7F
:109C1800036870B55B6F05009847C7239B00EC5C31
:109C28002B68E4B228009B6F043C9847604260416F
:049C3800C0B270BD89
:109C3C0070B5040003680B4D5B6F98472000FFF76D
:109C4C00C5FF635D002B07D1BB239B00E058036865
:109C5C005B69984701236355236820009B6F9847E5
:089C6C0070BDC046F1020000CA
:109C7400F7B5036801915B6B110004001600984767
:109C8400002834D0236831005B6B200098470378A8
:109C9400092B2CD1236831005B6B20009847437853
:109CA400022B24D1236831005B6B20009847236882
:109CB40087785B6B310020009847C3781B021F43F1
:109CC4000B2F14D92368310020005B6B98470930AF
:109CD40005006B78019A93420AD02B783100ED1875
:109CE400236820005B6B9847C0198542F1D3002597
:049CF4002800FEBD89
:109CF800BB239B0010B5C05803685B6B984710BD29
:109D080070B50D00036804005B6F98472B0708D1F6
:109D1800C8239B00E558236820009B6F98472800BC
:109D280070BD1E2369001940ED0929430239063B1D
:089D3800594361188D8DEEE71F
:109D4000F7B50E00036804005B6F984737008F2358
:109D50009F4301D1330706D100221749130017484A
:109D6000009201F075FD1E2375001D40F3091D438F
:109D70001823023D5D4365192B0030331B78DB0748
:109D800009D42000FFF748FF002810D00C4A0D49E5
:109D90000D4801F029FB31352B78002B07D0BB2370
:109DA0009B00E05831000368DB6E98472F702368F2
:109DB00020009B6F9847F7BD6B960110040115803A
:0C9DC0008C050000299601107697011018
:109DCC0073B50D00036804005B6F98478F232A005E
:109DDC009A4301D12B0706D100221A4913001A48C5
:109DEC00009201F02FFD1E236E001E40EB091E4356
:109DFC001823023E5E43A619320030321178CB078D
:109E0C0009D42000FFF702FF002816D00F4A104992
:109E1C00104801F0E3FA02230B431370BB239B00A1
:109E2C00E0582900036831369B6D98473378002B36
:109E3C0003D029002000FFF77DFF236820009B6FD3
:109E4C00984773BD6B96011004011580CC0400007B
:089E5C00299601107697011010
:109E6400036810B5DB6F04009847C7239B00E35CCD
:109E7400042B04D000200E4BE35A834217D10D4B20
:109E84000020E35C022B12D1094BE15A8F230A0014
:109E94009A4382420BD10B0709D0BE239B00E35A9D
:109EA400834204D12000C9B2FFF78EFF012010BD08
:089EB400FA020000F6020000B2
:109EBC0073B50D00036804005B6F98478F232A006D
:109ECC009A4301D12B0706D100221D4913001D48CE
:109EDC00009201F0B7FC1E266B003340EE091E43C6
:109EEC001823023E7343E3181A0030321278D2075B
:109EFC0009D42000FFF78AFE00281BD0124A134910
:109F0C00134801F06BFA31331B78002B03D0290076
:109F1C002000FFF70FFF182302217343E31830339F
:109F2C001A788A431A70BB239B00E05829000368F7
:109F3C00DB6D9847236820009B6F984773BDC04624
:109F4C006B96011004011580F10400002996011094
:049F5C0076970110E3
:109F6000036810B5DB6F04009847C7239B00E35CD0
:109F7000042B04D000200E4BE35A834217D10D4B23
:109F80000020E35C022B12D1094BE15A8F230A0017
:109F90009A4382420BD10B0709D0BE239B00E35AA0
:109FA000834204D12000C9B2FFF788FF012010BD11
:089FB000FA020000F6020000B5
:109FB800F0B50F001E00036885B05B6F03920500C3
:109FC8003C0098478F239C4301D13B0706D10022D0
:109FD800130020492048009201F036FC1E237A0025
:109FE8001A40FB0913431822023B5A43AA181300CC
:109FF80030331B78DB0709D42800FFF709FE041E5D
:10A0080012D0164A1649174801F0EAF9938DB3425F
:10A0180005D923002200144914480094DCE73132A2
:10A0280016001278002A06D02B6828009B6F9847E4
:10A03800200005B0F0BDBB229200A8583900026884
:10A04800146E039AA047041EEED0337801333370A0
:10A05800EAE7C0466B96011004011580AF050000C1
:10A068002996011076970110849701100501158033
:10A0780037B50D00036804005B6F98478F232A00EB
:10A088009A4301D12B0706D1002215491300154820
:10A09800009201F0D9FB1E226B001340EA091A4313
:10A0A8001823023A5343E31830331B78DB0709D4EB
:10A0B8002000FFF7ADFD051E0CD00B4A0B490C48DC
:10A0C80001F08EF9BB239B00E058290003685B6E02
:10A0D80098470500236820009B6F984728003EBDDD
:10A0E8006B96011004011580E905000029960110FE
:04A0F8007697011046
:10A0FC00F0B50F0087B00393036805925B6F050002
:10A10C003C0098478F239C4301D13B0706D100228A
:10A11C00130024492448009201F094FB1E237E0076
:10A12C001E40FB091E431823023E5E43AE1933004A
:10A13C0030331B78DB0709D42800FFF767FD041EBA
:10A14C0014D01A4A1A491B4801F048F9B38D039AE6
:10A15C00934205D223002200174918480094DBE7EC
:10A16C003300313304931B78002B06D02B68280066
:10A17C009B6F9847200007B0F0BDBB239B00E858AD
:10A18C0039000368059A9C6E039BA047041E07D0F8
:10A19C00039B049AF385049B1B7801331370E5E74A
:10A1AC00F085E3E7D5970110040115800A0600003D
:10A1BC002996011076970110F3970110050115806F
:10A1CC0037B50D00036804005B6F98478F232A0096
:10A1DC009A4301D12B0706D10022124913001248D1
:10A1EC00009201F02FFB1E216B000B40ED091D436B
:10A1FC00023D06394D4365192B0030331B78DB07C4
:10A20C0009D42000FFF702FD051E05D0074A0849B6
:10A21C00084801F0E3F8ED8D236820009B6F984708
:10A22C0028003EBD6B960110040115804906000004
:08A23C0029960110769701102C
:10A24400036870B5DB6F04000E009847C7218900CE
:10A25400625C6654D3B2B24226D00025032B03D9E4
:10A264000322B2426D41EDB2012B04D9012E02D872
:10A27400002D11D002E0002D11D00025B4222000C1
:10A28400920000211C3008F00BFF0023074AA3545E
:10A29400074AA3549D4202D02000FFF753FC2368D1
:10A2A400310020001B6E984770BDC0461D0300009E
:04A2B400F2020000B2
:10A2B800036870B5DB6F04009847BB23BE259B007D
:10A2C800E058AD000368615DDB6A9847635B022173
:10A2D800002B00D003212000FFF7B0FF012070BD44
:10A2E800036810B5DB6F04009847BE239B00E15C50
:10A2F8000C4BE15400290AD1313BE05803681B6A32
:10A30800984703212000FFF799FF012010BD012283
:10A31800054B2000E2541A330232E2542368DB6E04
:0CA328009847F2E71D030000F20200005D
:10A33400036810B50400DB6F984700201A4BE35CF8
:10A3440083420ED1194BE05C0B282BD8F6F78AF820
:10A35400060A2A0E2A12162A1A1E22262000FFF79F
:10A364007FFA10BD2000FFF7F9FDFAE72000FFF7A0
:10A3740077FDF6E72000FFF79DFFF2E72000FFF7E7
:10A384000DF8EEE72000FFF7FFF9EAE72000FFF7FA
:10A39400A9FFE6E72000FFF709FAE2E72000FFF74C
:10A3A40023FADEE70020DCE7F5020000F7020000F4
:10A3B400036870B5DB6F04009847C5229200A1586A
:10A3C400C4230432C325A05800229B00AD00E35CE3
:10A3D40062551B4AA25C002A10D0012B0AD8022322
:10A3E4006355BD239B00E1182368012220009B6E66
:10A3F400984770BD2000FFF75DFBFAE7042B12D1EC
:10A404002000FFF795FF002806D1BB239B00E058EE
:10A414000368DB6C9847ECE7635D002BE9D120000F
:10A42400FFF7E2FAE5E7032BEFD00125054AA5542F
:10A43400063AA050043AA1500832A354EFE7C046AC
:08A444002D0300000A030000D3
:10A44C0010B504000368DB6F984702212000FFF76A
:10A45C00F3FE0022044B2000E254FFF76FFB23684D
:0CA46C002000DB6D984710BD1E030000AF
:10A4780070B504000368104D5B6F9847635D002B4F
:10A4880007D0BB239B00E05803689B6998470023CB
:10A498006355C7239B00E35C012B03D901212000EE
:10A4A800FFF7CCFE0023054A2000A354044AA35416
:10A4B80023689B6F984770BDF10200001D030000E0
:04A4C8001E0300006F
:10A4CC0070B5BC2504000368AD005B6F9847635DF5
:10A4DC00002B0AD02000FFF7C9FFBB239B00E058DC
:10A4EC000368DB68984700236355236820009B6F43
:04A4FC00984770BD50
:10A50000036870B5DB6F0D0004009847002D08D17B
:10A51000C7239B00E35C002B03D029002000FFF73A
:04A5200091FE70BD7B
:10A52400F8B503680400DB6F9847C4231A4E9B00F8
:10A53400E75CA35D002B01D1002F0FD12000FFF7B2
:10A5440069FB051E0AD10100B422200092001C30D0
:10A5540008F0A6FD114BE554114BE554C32300222A
:10A564009B00E254A35D934203D02000FFF7A2FABC
:10A57400F8BDBB239B00E0580368002F09D0DB69BA
:10A58400984720000421FFF75BFE2000FFF72CFA18
:10A59400EEE7DB6C9847EBE72D0300001D0300009A
:04A5A400F2020000BF
:10A5A800F0B50D0089B00693036817005B6F0400CF
:10A5B80098478F232A009A4301D12B0706D10022FE
:10A5C8002A4913002A48009201F03EF9294BE65C1B
:10A5D800002E06D1236820009B6F9847300009B0F1
:10A5E800F0BD1E2368001840EB0918430300182229
:10A5F800023B5343E3180393303304931B78173A11
:10A608001A40079201220590134205D08E221A495A
:10A618001A48D20000F0E4FE8023DB009F4203D9F1
:10A62800174A15491748F5E7BB239B00E0583A003D
:10A63800036829001E6D069BB047061ECAD0182362
:10A6480005980E990138584304302018FBF7BCF8D8
:10A658000122049B1B781343049A1370039B079AE7
:10A6680031331A70039B9F85B4E7C0466B9601107F
:10A6780004011580F20200002996011014980110B7
:08A68800710400003698011076
:10A69000F0B5060085B002930AAB1B881C36039305
:10A6A000214B04000360BB2335009B000091019205
:10A6B000C71828001835FAF75DFEAF42F9D1B42269
:10A6C000019B0021A380029B3000E380039B92004A
:10A6D000238108F0E7FCBD239B00E018282200211D
:10A6E00008F0E0FCC322002300999200A354203A12
:10A6F000A150012120000432A3520C4AA35442323B
:10A70000A350143AA3500432A3500432A35004328D
:10A71000A3500432A354143AA154054AA354054A41
:10A72000A35405B0F0BDC04664980110F2020000C9
:08A730001D0300001E030000E0
:10A738000E4B70B50360BC239B00C35C0400002B68
:10A7480004D00B4A0B490C4800F04AFEFFF7BAFE4A
:10A75800BB2326009B00E5181C36B54204D0183DE3
:10A768002800F9F752FBF8E7200070BD6498011043
:0CA7780062050000299601104E980110A7
:10A7840070B50D0003680400DB6F98478F232A001F
:10A794009A4301D12B0701D1FEF7F4FD1E231820A3
:10A7A40069001940ED0929438B1E4343E3183133F3
:10A7B4001A78002A0DD0013941430431013A641852
:10A7C40020001A70FBF70FF8002802D02000FDF7D4
:04A7D40063FD70BDF4
:10A7D80070B50D0003680400DB6F98478F232A00CB
:10A7E8009A4301D12B0701D1FEF7CAFD1E23182079
:10A7F80069001940ED0929438B1E4343E31831339F
:10A808001A78002A0DD0013941430431013A6418FD
:10A8180020001A70FAF7E5FF002802D02000FDF7A3
:04A8280039FD70BDC9
:10A82C00EFF3108172B6054B1A78002A05D101326C
:10A83C001000884302491A7008707047E42B0020FE
:04A84C00DD2B0020E0
:10A8500010B5EFF310820123934304D0362206494A
:10A86000064800F0C1FD064A1370064B1B78002B0A
:10A8700000D062B610BDC04649990110659901101B
:08A88000E42B0020DD2B002079
:0CA88800014B18787047C046E42B0020FC
:10A8940070B50D000400160005F07FFC6B1C07D09A
:10A8A4000021200005F09CFC3100200005F07EFC16
:02A8B40070BD75
:0AA8B60010B50022FFF7EBFF10BD04
:10A8C00070B50D000400160005F069FC6B1C0BD080
:10A8D0003100200005F04EFC0121200005F082FC33
:0AA8E0000021200005F064FC70BDAB
:0AA8EA0010B50022FFF7E7FF10BDD4
:10A8F40070B504000D001E00002A09D11A00FFF7EC
:10A90400C7FF6B1C03D02000049905F031FC70BD17
:10A9140005F043FC6B1CFAD02000049905F028FCD8
:10A924002000012105F05CFC3100200005F03EFC14
:02A93400EDE74D
:10A9360003000022885E421C02D0984201D148687A
:06A9460070470C31F5E73B
:10A94C0013B50400431C0AD0FFF7EFFF431C06D1DC
:10A95C000023220002490348009300F073FF16BD48
:08A96C007F9901103001018008
:10A9740003000022885E421C02D0984201D18868FC
:06A9840070470C31F5E7FD
:10A98A00F7B54668330032331C78002C32D103689D
:10A99A005B6898470300306A98422BD03269181ACC
:10A9AA00104033223362B256002A24DB2100F5F725
:10A9BA00E2FE3427F75704000D00002F14D00021BF
:10A9CA00706A24184D41009401958F421ADB3A00AF
:10A9DA0020002900F5F7C3FE3A0004000D00F5F740
:10A9EA00CAFE009B181A7062B26AF36AA4185D4123
:10A9FA00B462F562F7BD020023002100B068F5F7E2
:10AA0A0086FFD6E7F7680B00009801993A00F5F738
:10AA1A005EFF4743009B0400DF1B0D007762E3E7FC
:10AA2A000300824206D901208A4202D99942894109
:10AA3A004842704700208B42FBD991424041F8E7D7
:10AA4C00F0B546683B4B326B040085B01A4266D1B8
:10AA5C00FFF795FF7368002B63D018685968F36A89
:10AA6C008B4207D302D1B36A834203D323685B6959
:10AA7C00984754E06568AA6AEB6A801A9941EB69B9
:10AA8C006F698B4224D302D1AB69834220D3342229
:10AA9C00AA56002A29DBF5F76DFE2B0033331B7801
:10AAAC005BB29C46002B10D0AB680393039B013B1D
:10AABC00009300230193009A019B8018594163462F
:10AACC00002B19DB6246F5F749FE874200D90700D7
:10AADC002B6AFF182B691F40336ABB4211D1CA2263
:10AAEC0015491648FF3200F079FC02000B00E868AB
:10AAFC000021F5F70BFFD0E7039A019BF5F7E6FE73
:10AB0C00E3E7236838001B69984723685B6898471C
:10AB1C003A000100306AFFF782FF0028A6D105B089
:10AB2C00F0BD336A726930699B18184023681B6941
:10AB3C009847F4E700FFFF00B4990110C699011083
:10AB4C004368F0B51A0030321278040085B0002A40
:10AB5C0000D080E032331B78002B7CD103681B685B
:10AB6C0098472368DB69984706680390002E06D146
:10AB7C00330032003A493B48009600F063FE300047
:10AB8C0039490F00F5F7FAFC38000029F9D13900E2
:10AB9C003548F5F76DFC1F23012265680290A8600B
:10ABAC00013B04D31100029899408842F8D12A0045
:10ABBC003332137039003000F5F75AFC1F230200B2
:10ABCC000121E86008009840824201D0013BF9D293
:10ABDC00290034310B70039B5868011F1C2905D9BF
:10ABEC0000222249130022480092C6E701232028A4
:10ABFC0033D08340013B07200027884016002B618F
:10AC0C00029A3B006861C117F5F780FE02000B0049
:10AC1C0001204042C11780197941801859413200F6
:10AC2C003B00F5F753FE2368A861E9615B682F6070
:10AC3C006F609847002128620122002063689862A7
:10AC4C00D9625F621A86323320001F70FFF797FEBD
:10AC5C002000FFF7F5FE05B0F0BD5B42CBE7C04628
:10AC6C00EA9901100E01048040420F00039A011072
:04AC7C00050104804A
:10AC800070B5050000F076FC2B686C68DB689847AF
:10AC9000230032331B78002B02D000F081FC70BD02
:10ACA00026000123313633706368002B16D028004C
:10ACB000FFF76BFE6368E26A596891420ED803D1D0
:10ACC0001A68A16A8A4209D86A68DB6852686360B8
:10ACD0002368002BE8D090689847E5E70023280018
:08ACE0003370FFF7B3FED8E763
:10ACE80070B50400FFF72EFF00F040FC2000FFF7CE
:10ACF80048FE63689C6ADD6A00F04EFC290020006B
:02AD080070BD1C
:08AD0A0010B5FFF7ECFF10BDCE
:10AD140010B50022024B1A7006F075FC10BDC04637
:04AD240030AC00202F
:10AD280010B506F025FC0122014B1A7010BDC04673
:04AD380030AC00201B
:08AD3C0000487047409A011025
:10AD4400034B10B51B68002B01D00248984710BD77
:08AD540050060020409A011096
:10AD5C0010B50C23CA5E0423C95E06F0AFFA10BD11
:0CAD6C0010B5040000F000FC200010BD39
:0CAD780010B5040000F010FC200010BD1D
:04AD8400007B704799
:10AD88000F4B70B50833036000230E4E436081609B
:10AD98000273040030000D00FDF786FA01F086FA10
:10ADA800002D0AD0084B1A681C6062603000FDF75D
:10ADB8007BFA01F097FA200070BD6560F6E7C0469F
:0CADC800749A0110081E0020041E0020D8
:10ADD40070B50400154B164D083303602800FDF7C9
:10ADE40065FA01F065FAA368002B05D01149626881
:10ADF4000B68A34213D10A600F4B1A68A24201D117
:10AE040000221A602800FDF751FA01F06DFA237B45
:10AE1400002B02D1201F01F095F8200070BD19000D
:10AE24005B68A342FBD14A60E6E7C046749A01100E
:0CAE3400081E0020041E0020301E00201C
:10AE400010B50400FFF7C6FF2000102101F066F8DE
:04AE5000200010BD11
:10AE5400F7B51A4E019030000D00FDF727FA01F006
:10AE640027FA174B1C68002C16D0A768002F11D0A6
:10AE7400380008F009FEA8420CD12A0038000199D4
:10AE840008F056F8002805D13000FDF70FFA01F05C
:10AE94002BFA11E06468E6E7072DF5D12A00019941
:10AEA400084808F045F80028EED13000FDF7FEF917
:10AEB40001F01AFA044B1C682000FEBD081E002095
:0CAEC400041E00206C9A0110301E0020BB
:04AED00000207047A7
:10AED400036870B5012200211B6904009847051E10
:10AEE4000DDB2368022200211B692000984706001D
:10AEF40023682900002220001B6998473500280098
:02AF040070BD1E
:10AF080070B50E000025040010490560456030004A
:10AF180008F030FE29003018206023681A782F2A9C
:10AF280008D10133236000290AD12A220849094897
:10AF380000F056FA002AF6D0013301312360ECE71D
:10AF4800FFF784FF6060200070BDC046D49A0110EE
:08AF5800F09A0110FD9A0110AE
:04AF600000687047CE
:10AF6400436810B5181E05D0FFF70AFF01384342A5
:06AF74005841C0B210BDFF
:10AF7A0010B50400FFF7F1FF0023984203D063687D
:0AAF8A00002B00D0043B180010BD9E
:10AF9400436810B5181E04D0FFF7F2FE434258412F
:04AFA400C0B210BD6A
:10AFA80010B50400FFF7F2FF0023984203D063684E
:0AAFB800002B00D0043B180010BD70
:0AAFC2004068431E9841C0B270477A
:06AFCC00582040427047CE
:06AFD200582040427047C8
:06AFD800582040427047C2
:04AFDE000020704798
:10AFE200F8B50E00036804001B6D8D1898473300F6
:10AFF20022689D4207D019785F1C2000936C984705
:10B00200431C06D13D00236820005B6D9847A81BB6
:06B01200F8BD3B00ECE775
:10B01800F8B50E00036804001B6D8F1835009847BB
:10B028002368AF4207D0DB6C20009847431C02D04E
:10B0380028700135F4E7236820005B6D9847A81B4A
:02B04800F8BD51
:04B04A00002070472B
:04B04E000020704727
:02B05200704745
:10B0540013B504000F4B002208C0FFF793FE0E4BFC
:10B0640020001A0068336360002308320B49226011
:10B07400636100F0C5FF6061002806D1030002008F
:10B0840000900749074800F0E1FB00F0F6FC2000BF
:10B0940016BDC0468C9A0110AC9B0110349B011064
:08B0A400379B01101901018026
:10B0AC00094B10B51A000400083268330260436083
:10B0BC00406906F023FB054B201D2360044B6360A5
:10B0CC00FFF782FE200010BDAC9B0110549B0110B9
:04B0DC00A49B011020
:10B0E00030B5002585B01A4CAB002900E25819484C
:10B0F000013500F025FA0D2DF5D1A36C1648029309
:10B10000636C0193236C0093E36BA26B616B00F0A3
:10B1100017FA124B1248196800F012FAE36C1B0779
:10B1200012D5104800F00CFA236D0F48DB0700D44D
:10B130000E4800F005FAE36C0D485B0700D40D489B
:10B1400000F0FEF905B030BD0B4800F0F9F9EFE76B
:10B1500034AC00201C9C01102A9C011000ED00E082
:10B16000799C0110879C0110969C0110A39C0110F2
:0CB17000C69C0110D29C0110B69C01107E
:10B17C00F7B51B4F05000E003800012100F046F911
:10B18C000024A04216D1174800F0D4F9302D18D065
:10B19C00402D1BD0202D1ED1134800F0CBF9134CA1
:10B1AC00134800F0C7F9FFF795FF124800F0C2F9F9
:10B1BC0000233B700023320020000F49009300F065
:10B1CC0041FB0E4800F0B6F90D4CE9E70D4800F0D4
:10B1DC00B1F90D4CE4E70D4800F0ACF90C4CDFE78D
:10B1EC0088AC0020DE9C0110079D01103E01FF8001
:10B1FC00349D01103F9D01105E9D0110169D0110A4
:10B20C003F01FF801F9D01104001FF802A9D01100E
:04B21C003D01FF8071
:10B22000F7B50C007746160000F084FB0194002C63
:10B2300003D02300083B1B6801930025AE420FD0CA
:10B24000300007F063FB051E0AD0019AB24200D914
:10B2500032002100280007F093FE200007F060FB79
:10B260003B0032002100280000F020FB00F072FBC0
:04B270002800FEBDF7
:10B27400F7B516007746019100F05AFB019D75431E
:10B28400280007F041FB041E03D02A00002107F028
:10B2940007FF3B0032000199200000F01DFB00F085
:06B2A40057FB2000FEBD77
:10B2AC00F7B50D000192060000F03EFB204F380070
:10B2BC00FCF7F8FF00F0F8FF2B001E4C093332D8D6
:10B2CC0029003000083107F02FFB00282BD0060096
:10B2DC00A268194B521905604360A2602269236869
:10B2EC00013222616268EB1808362360934200D960
:10B2FC00636004380368002B00DAC018012203686D
:10B30C009343A269521B9B18A3613800FCF7CAFF38
:10B31C0000F0E6FF29003000019A00F0ADFA00F0D1
:10B32C0013FB3000FEBD6369002601336361ECE75B
:0CB33C00D41C0020641C0020EFBEADDE1D
:0AB3480010B57246FFF7AEFF10BD0E
:10B35400F7B50C000500160000F0EAFA1B4F3800A0
:10B36400FCF7A4FF00F0A4FF002C21D02100083931
:10B37400174B4A689A4227D123000C3B18680A6885
:10B38400002800DA1B1818680123984300234B6037
:10B39400104B01901868801A1860186901381861F8
:10B3A400986912180198121A9A61280006F02CFD67
:10B3B4003800FCF77BFF00F097FF3100200000F01D
:10B3C400A3FA00F0C5FAF7BD2100EEE7D41C002073
:08B3D400EFBEADDE641C002099
:0AB3DC0010B57246FFF7B8FF10BD70
:10B3E80007B50B00009201000022014800F02CFA7A
:04B3F8004401FF808D
:10B3FC0070B5050000F0B8F82C780123E4B2601E9B
:0CB40C0084412B7000F0C6F8E0B270BD67
:10B4180070B504000E0000F0A9F825782670EDB28A
:08B4280000F0BAF8280070BD25
:10B4300070B505000E0000F09DF82C68A4192C6072
:08B4400000F0AEF8200070BD21
:10B4480070B505000E0000F091F82C68A41B2C6064
:08B4580000F0A2F8200070BD15
:10B4600037B500F087F8192101A8FFF73EFA01254A
:10B470000424290001A804F07DFE104800F098FE85
:10B48000002101A804F076FE013C0C4800F090FE7B
:10B49000002CEED10434290001A804F06BFE08480A
:10B4A00000F086FE002101A804F064FE013C04487F
:10B4B00000F07EFE002CEED1DAE7C046F049020033
:04B4C000801A0600E8
:10B4C40037B5002201000400022000F083FB0D25A3
:10B4D40000F04EF800222378002B02D100F05EF831
:10B4E40037BD0A2B08D10D2A06D06B460122D91D7F
:10B4F40002200D7000F06EFB01222100022000F0FA
:08B5040069FB22780134E6E73F
:10B50C0010B5A2B002000B0001A884210BF0F0F9D9
:10B51C000400832805D9832005220549684407F0D7
:10B52C0029FD002C02DD01A8FFF7C6FF22B010BDDB
:04B53C006E9D0110EF
:10B540000FB407B504A901C90191FFF7DFFF03B0EC
:06B5500008BC04B018471E
:0AB55600EFF31083012098437047C3
:0CB56000EFF30580431E9841C0B2704715
:08B56C0010B5FFF78BF910BDCB
:10B5740010B5FFF759F9064A1368591C04D13F2244
:10B5840004490548FFF72EFF0133136010BDC04680
:0CB59400202700208D9D01109D9D0110BE
:10B5A000054A10B51368002B05D0013B1360002B32
:0CB5B00001D1FFF74DF910BD202700204D
:10B5BC0010B50C48FFF71CFF002805D0FFF7D4FF8F
:10B5CC00BFF34F8F20BFFDE7FFF7C4FF002801D06A
:10B5DC00FFF740FFFFF7B9FF0028F9D0012000F07A
:08B5EC0043FAC046DE2B0020EB
:10B5F400F0B54A4C0E0021689BB04B000700059241
:10B604009B0F8DB2032B00D14D420B1444482A00EA
:10B61400DBB2FFF793FF28003238FF3813280FD826
:10B62400F4F720FF0A6366696C726F750E0E0E0ED6
:10B634000E0E0E0E0E0E0E78A1683A48FFF77EFF2E
:10B644003800FFF73DFF61683748FFF777FF002EAA
:10B6540009D03648FFF734FF3000FFF731FF059972
:10B664003348FFF76BFFA1683248FFF767FF236891
:10B67400314A9A18012A06D9304A934203D0304AF3
:10B684000020934207D10020A368834203D0DB6CDF
:10B694000130DB089843E3682A49002B03D059683A
:10B6A400002900D12749284A002800D1274AE06907
:10B6B40006AD0390A0690290606901902069009032
:10B6C4002348FFF73BFF280000F048FDEB68069A8B
:10B6D40001932B7A1F4800936B682168FFF72EFFB4
:10B6E4001D48FFF72BFF1BB0F0BDA1681B48A5E761
:10B6F400A1681B48A2E7A1681A489FE7A1681A48F5
:10B704009CE7A168194899E7A168194896E7A168D8
:10B71400184893E71848FFF711FF91E728290020FC
:10B72400E39D0110349E0110DC9E0110ED9E01107A
:10B73400F59E0110F99E0110C2FE007F4001FF80BA
:10B744003D01FF80CE9D0110D89D0110F99F01108D
:10B754000D9F0110669F0110E09F01104A9E011089
:10B764005A9E0110699E01107C9E0110909E01104A
:0CB77400A49E0110B39E0110C99E01109C
:02B78000704710
:10B78400F0B505000E0017008FB0002800DB224D35
:10B794003022002102A807F083FC204B01ACEB18F7
:10B7A4000195A660012B05D91D4B9D4202D01D4B6E
:10B7B4009D422AD1F36B6360736BE3611A4B5B693F
:10B7C400DA6BE36022615A6B1B6B6261A361FFF762
:10B7D400CFFE164A136801331360012B04D13422BF
:10B7E4002100134807F0CAFB124D3422210028001F
:10B7F40007F0C4FB104B28001B68002B08D09847A7
:10B80400FFF7CCFE00200FB0F0BD6760E461D5E720
:10B81400FFF7B4FFF4E7C0460101FF80C2FE007FDA
:10B824004001FF803D01FF80A8050020542700202F
:0CB834005C270020282900205827002055
:04B84000002070472D
:0CB84400014B1878C0B2704788AC00209F
:10B85000F7B5050001910A480121774616001C0042
:10B86000FFF7DAFD002809D13A0031002800FFF780
:10B8700089FF2100089A0198FFF7BCFEFFF79EFEA2
:04B8800088AC002070
:10B884000B00074970B50D680400002D06D005496A
:10B894000978012902D801000020A847200070BDC2
:08B8A400801C0020DA2B0020BB
:10B8AC0037B5040010001A00074B1D68002D08D096
:10B8BC00064B1B78012B04D80B00009021000120B3
:10B8CC00A84720003EBDC046801C0020DA2B00207B
:10B8DC0037B5040010001A00074B1D68002D08D066
:10B8EC00064B1B78012B04D80B0000902100022082
:10B8FC00A84720003EBDC046801C0020DA2B00204B
:10B90C000A00074910B50C680300002C06D0054945
:10B91C000978012902D800210320A04710BDC04698
:08B92C00801C0020DA2B002032
:10B9340010B50548FCF7BAFC00F0BAFC034A1378CA
:10B944000133137010BDC046841C0020DA2B002084
:10B9540010B5054A05481378013B1370FCF7A6FCA3
:10B9640000F0C2FC10BDC046DA2B0020841C00206D
:02B9740070471A
:02B97600704718
:06B978001D204042704753
:06B97E0016204042704754
:04B9840001207047E7
:04B9880000207047E4
:02B98C00704702
:10B99000044B10B51868002803D001214942FBF779
:08B9A000E9FB10BD282C00207A
:10B9A800034B10B51868002801D0FBF7F5FB10BD54
:04B9B800282C002017
:10B9BC0070B515000C008E18B44205D021780348E0
:10B9CC0005F084FD0134F7E7280070BD8CAC002035
:10B9DC0070B500248DB2CB0705D5084805F07EFD67
:10B9EC00441EA04104B21026354205D0034805F090
:10B9FC007BFD002800D03443200070BD8CAC0020AF
:10BA0C00002010B50C00824204D0034805F056FD0E
:0CBA1C002070012010BDC0468CAC002042
:10BA2800094B70B508330360084B04001B68150008
:10BA3800002B07D1064E3000FFF78CF929003000A3
:10BA480005F0A3FC200070BD10A10110402B0020C0
:04BA58008CAC002092
:04BA5C00002070470F
:04BA6000002070470B
:0CBA640010B5002801D0FFF7F9FCFEE748
:04BA700001207047FA
:06BA740010B5FFF7F5FF1D
:04BA7A0001207047F0
:0ABA7E0010B5002107F09BFC10BD7D
:08BA880010B5FCF7DDFA10BD5A
:08BA900010B5FCF7E3FA10BD4C
:10BA980070B50400037803252B40012B07D0FFF76E
:10BAA80073FF22781540012D03D1FFF779FF00209D
:10BAB8000BE0002D05D0D42204490548D200FFF739
:10BAC8008FFC022313432370012070BD14A00110C2
:04BAD80026A0011093
:10BADC0010B50378032219001140022904D0064A3C
:10BAEC0006490748FFF77AFC93430122134303707E
:10BAFC00FFF754FF10BDC046A906000014A00110AA
:04BB0C0044A0011040
:10BB1000F8B5040000203F2C19DC174EA500A859E9
:10BB2000431C14D1022C12DC2000FFF799FF0028DF
:10BB30000CD12000FFF792FF002807D10F4F3B7870
:10BB4000BFF35B8F0E4CDB0702D520007051F8BDB0
:10BB50003800FFF7A1FF0028F7D0E122094952027F
:10BB60002000FFF761FF3800FFF7B8FF2000064A0A
:10BB70000649FFF77DFFE8E7540600205C1C002023
:10BB8000AC25002060A10110580300208DB90010E1
:10BB900070B50400FFF7BCFFA30000240B4A9C50C3
:10BBA000A04206D105F03EFD09230360012040427A
:10BBB00070BD03685B69984705002000002DF7DA27
:10BBC00005F030FD6D420560F0E7C04654060020E8
:08BBD00010B5FFF7DDFF10BD09
:10BBD80070B50C001500FFF797FF002807D105F096
:10BBE8001DFD0923036001246442200070BD036821
:10BBF80021002A00DB689847041EF6DA05F00EFDDE
:06BC080064420460EFE756
:10BC0E0070B50C001500FFF77CFF002807D105F07A
:10BC1E0002FD0923036001246442200070BD036805
:10BC2E0021002A009B689847041EF6DA05F0F3FC03
:06BC3E0064420460EFE720
:10BC440010B5FFF763FF041E05D105F0E9FC0923D5
:10BC54000360200010BD0368DB699847041EF8DA0E
:0CBC640005F0DEFC644204600024F2E7FE
:10BC700030B585B0019009200C004023042202ADAC
:10BC800001A968442B7007F07BF92100280005F01A
:10BC90005FFF041E07D00198FFF7D4FF002802D0F1
:0CBCA0002000FFF7ECFE200005B030BDD6
:10BCAC00F0B585B006000F000292FFF753FC051E9D
:10BCBC0006D0002332002C492C480093FFF7C2FD1C
:10BCCC00FFF743FC0028F4D0029B002B08DA05F0A8
:10BCDC00A3FC1623036001246442200005B0F0BDD0
:10BCEC003000FFF7A9FF041E2AD02C00204B9B5DCF
:10BCFC000393029BAB4223DD7B5D0A2B1CD1039B80
:10BD0C000D2B19D0AC420CDA30002A1B3919FFF775
:10BD1C005DFF0028DFDB2418A542DEDC144B039A00
:10BD2C009A55012230001349FFF750FF0028D2DB4F
:10BD3C00D3D00D220E4B9A557B5D01350393D8E77A
:10BD4C00029BA342C9DD30001A1B3919FFF73EFFD5
:10BD5C000028C0DB2418002CBFD03F19013F3A78D3
:10BD6C00034B9A55B9E7C0467BA001102F01018007
:08BD7C009A2B0020B5A0011074
:08BD840010B5FFF75DFF10BDD3
:10BD8C007FB504000D001600FFF7E4FB002806D079
:10BD9C00002322001E491F480093FFF753FDFFF7B5
:10BDAC00D4FB0028F4D0002E06DA05F035FC16235F
:10BDBC0003600120404219E02000FFF73DFF0028FE
:10BDCC001FD00F266E44012231002000FFF719FF0F
:10BDDC000028EEDB0AD033780F4A0D2B08D1115D09
:10BDEC000A290AD013550A2301202B7004B070BD08
:10BDFC000A2B04D1115D0D29F4D11355E1E713552C
:10BE0C00F2E7320029002000FFF7FBFEEEE7C04608
:0CBE1C00B7A001102F0101805A2B00205C
:10BE280070B50C001500FFF76FFE002807D105F06C
:10BE3800F5FB0923036001246442200070BD0368F8
:10BE480021002A001B699847041EF6DA05F0E6FB74
:06BE580064420460EFE704
:08BE5E0010B5FFF7E2FF10BD73
:10BE680070B50D00FFF750FE041E06D105F0D6FB95
:10BE7800092303600120404270BD0368DB699847CD
:10BE8800431E9841802243420548120203409B18F2
:10BE98006B60236820009B6A984728610020EBE7C5
:04BEA80000A0FFFFF8
:08BEAC0010B5FFF7DBFF10BD2C
:10BEB40013B50400074B724621001868FFF7F4F924
:10BEC400002806D103000090220003490348FFF72D
:10BED400BDFC16BDC0070020F3A001101F010180A6
:08BEE40010B5FFF7E5FF10BDEA
:10BEEC0010B5034B010072461868FFF7D9F910BD65
:04BEFC00C00700205B
:08BF000010B5FFF7F3FF10BDBF
:10BF080010B5034B010072461868FFF71FFA10BD01
:04BF1800C00700203E
:10BF1C0010B5034B010072461868FFF715FA10BDF7
:04BF2C00C00700202A
:0EBF300010B504000421FFF7F1FF200010BD42
:08BF3E0010B5FFF7E2FF10BD92
:10BF480070B50C4D04002800FCF7AEF900F0AEF90E
:10BF580000231900084A1068A04200D1116001337B
:10BF68000432402BF7D12800FCF79EF900F0BAF90B
:0CBF780070BDC046AC1C00205406002028
:10BF840070B50324114D2800FCF790F900F090F9E6
:10BF94000F4BA200995800290ED00134402CF8D13F
:10BFA40005F03EFB182303602800FCF77FF900F03E
:10BFB4009BF9413C200070BD012128004942D15029
:10BFC400FCF774F900F090F9F4E7C046AC1C0020CB
:04BFD40054060020EF
:10BFD80010B50400FFF7D2FF002807DB044A8300EE
:10BFE8009C500023034A1354034A135410BDC046FF
:0CBFF800540600205A2B00209A2B002039
:10C00400F8B506000F000025FFF7E4FF0400A8427E
:10C014000ADB3900FFF72AFE051E05D1064BA400F2
:10C02400E258964202D1E0502800F8BD05F0F8FA33
:0CC0340009230360F8E7C0465406002012
:10C040000EB4F0B586B00500FFF79CFF041E13DBAD
:10C050000023290004A80393FEF756FF04A8FEF767
:10C06000B0FFA600051E1D4F0CD105F0DBFA13230F
:10C070000360BD5101246442200006B0F0BC08BC3E
:10C0800003B0184704A8FEF785FF0300009004A83A
:10C09000002B0AD0FEF788FF0390039B104ABB5188
:10C0A000002313550F4A1355E6E7FEF766FF051EFA
:10C0B000DBD0036804A89B680193FEF751FF0B9B3C
:10C0C000020003A92800019DA847051EE5D005F040
:10C0D000A9FA009B6D420560BB51CBE754060020D6
:08C0E0005A2B00209A2B0020CE
:10C0E80073B50E0018490500F6F728FE041E03D1A3
:10C0F800FFF70AFD200076BD28001449F6F71EFE5A
:10C10800002804D10130FFF7FFFC0124F2E72800E2
:10C118000F49F6F713FE002804D10230FFF7F4FCAC
:10C128000224E7E72B78402B06D10422691C01A8DA
:10C1380006F022FF019CDDE7064928003140FFF7A1
:10C148007BFF0400D6E7C04680A1011087A101103B
:08C1580078A10110FFFFFEFFBA
:10C1600010B5041E04D190220C490D48FFF73CF98C
:10C170004C220021043006F095FF0A4B23608023F7
:10C180009B05236180235B052363074B1B6863606A
:10C1900002232372054BE36010BDC046A9A1011024
:10C1A000B6A1011004F1000000ED00E058600100AC
:10C1B00070B50500FEF7C2FD0400FEF7A6FD0600FF
:0EC1C0002000FEF7A2FD801BA842F9D370BD3F
:10C1D0001FB500230193031D02931023040068463A
:10C1E00000910393FAF7E2F82060002804D1352289
:10C1F00002490348FFF7F8F81FBDC046DAA1011055
:04C20000E9A101109F
:10C2040010B504000249FFF7E1FF200010BDC0464D
:04C21400EDA1011087
:0AC2180010B50068FAF7DCF810BD5D
:0EC2220010B504000068FAF726F9200010BDE0
:10C2300010B502AC2478002C01D1023422430068EE
:06C24000FAF7F4F810BD4E
:0EC2460007B5009313000022FFF7EFFF0EBDB7
:08C2540010B5FFF7F6FF10BD65
:10C25C001FB5002304000362994200D10B49231D32
:10C26C0002931C2368460393113B00910193FAF748
:10C27C0065FF2060002808D1FFF7DEFA002804D102
:10C28C003D2203490348FFF7A9F81FBD0DA2011079
:08C29C003DA2011047A20110B0
:0EC2A40010B504000021FFF7D7FF200010BDE9
:10C2B40037B50121040049420068FAF759FF051E09
:10C2C40003D1236A0133236237BDFFF7B9FA031E92
:10C2D400FAD12A00024903480093FFF7B7FAC0468F
:08C2E4006BA20110150102809C
:10C2EC00036A13B5013B03620068FAF753FF041E9F
:10C2FC0009D0FFF7A1FA031E05D1009022000249D4
:10C30C000248FFF79FFA13BD7DA2011017010280AE
:0EC31C0010B504000068FAF753FF200010BDB2
:10C32C007FB504000E00150000210822684606F0B7
:10C33C00B3FE231D029310236A4631002800039399
:10C34C00FBF75AF82060002804D137220249034831
:10C35C00FFF744F87FBDC046A7A20110B5A201109B
:10C36C0010B50400024AFFF7DBFF200010BDC046E9
:04C37C00FFFF0000BF
:10C3800013B500680C00FBF753F8021E0ED0002313
:10C39000C11C07D19C420BD00093064900230648DC
:10C3A000FFF756FA1800911CF6D116BD0120FCE7E4
:0CC3B0002000FAE7C4A201101401028072
:0AC3BC0010B50068FBF75CF810BD37
:0EC3C60010B504000068FBF78AF8200010BDD7
:10C3D40010B5002808D0F9F79FFE002804D0E32206
:10C3E40002490348FEF7FEFF10BDC046F3A2011048
:04C3F40087A301100A
:10C3F800F7B501930723089D04000F002E00009253
:10C408001D4201D09E430836200044220021783086
:10C4180006F044FE6A426A412300002120003C33B2
:10C4280061611C301A705970202206F037FE009B9B
:10C438002363019BED180723AD1B9D43099BE56210
:10C44800002B01D1034B0993099BA6626763A36183
:08C45800F7BDC04696A30110D8
:10C4600013B5049C0093019413000A000021FFF708
:04C47000C3FF13BD36
:10C4740070B50500040054352800FFF719FF2000AB
:10C4840040306669FFF798FF002363613D342378E9
:10C49400002B05D000242800FFF726FF200070BDE4
:10C4A40001232370002EF5D03000FBF79DFC04001F
:02C4B400F1E7AE
:10C4B80010B504000E4B08330360FFF7D7FF2300C5
:10C4C8003C331B78002B06D0A06A002801D0FFF768
:10C4D80032FD0023A36220005430FFF71BFF200029
:10C4E8004030FFF76CFF201DF7F78FFC200010BDD0
:04C4F800B4A30110D8
:10C4FC0010B50400FFF7DAFF2000BC21FFF708FDA0
:04C50C00200010BD3E
:10C5100070B505000400543528000E00FFF7CAFE70
:10C520006369002B04D123003D331B78002B05D019
:10C530002800FFF7DBFE0420404270BDA36A002BF9
:10C540000AD000232449E26A92089A4218D9A06AC4
:10C550009A0011500133F6E7E06A204B98420CD85C
:10C56000032398431E49FFF7CBFCA0620028E8D1C3
:10C570002800FFF7BBFE0520DEE701204042F1E77F
:10C58000442363622300783331002362201DF9F7CE
:10C590001FF92200210013481832FBF7FDFB6061F0
:10C5A000002814D123003C331B78002B06D0A06A4E
:10C5B000002801D0FFF7C3FC0023A3622800FFF787
:10C5C00095FE20004030FFF7F9FE0320B4E7280075
:10C5D000FFF78CFE0020B0E7A52E5AE2FBFFFF7F9D
:08C5E00094B30110E9C500103D
:10C5E80010B504000430FBF755FE20005430FFF767
:10C5F8005DFE002363612300012220003D331A7091
:08C608004030FFF7D7FE10BD22
:04C61000002070474F
:04C61400002070474B
:06C6180001200021704723
:06C61E00C169806970474C
:08C6240000487047C4A3011097
:10C62C00F0B5431C87B00593DB7F0500002B00D1D0
:10C63C0043622E00243601213000FEF7F3FE002366
:10C64C000490019301280AD12F1D3800FBF7D8FE66
:10C65C000190002806D030000499FEF7EFFE0198F7
:10C66C0007B0F0BD29696A69AB69EC695B18544184
:10C67C00380002930394FBF7BBFE04003800FBF771
:10C68C00B3FE039B2418002B02D1029BA34206D9B4
:10C69C0001213000FEF7D2FE194B0193DFE72B6925
:10C6AC00380002936C69FBF79FFE019BA34202D1F9
:10C6BC00029B9842ECD82C696B691C4304D138005E
:10C6CC00FBF792FE6C612861AC69EB691C4312D1DB
:10C6DC003800FBF78DFE06003800FBF785FE2700BF
:10C6EC003200230006002869696992197B41121AED
:10C6FC008B41AA61EB610123059AD377AFE7C04662
:04C70C005FF0FFFFDC
:10C71000F0B50669476985B00400043000920193C2
:10C72000FBF768FE009A019B05000A980B99121806
:10C730004B4102920393236820009B6B9847039B15
:10C740008B4203D805D1029B834202D9002005B059
:10C75000F0BD009A019BB6185F412A000023B61A6B
:10C760009F4123682000196B009A019B88470200B3
:10C770000B0030003900F4F7AFF81A43E6D10A9AFB
:10C780000B9B02980399B6185F4101225242D317BE
:10C79000801859410B0021680200096B200088476E
:10C7A00002000B0030003900F4F796F81A435042AB
:06C7B0005041C0B2CBE7CE
:10C7B800F0B585B01F000391431CDB7F1600040011
:10C7C8000A9D0B9A002B02D10B4805B0F0BD0368F7
:10C7D80001920095D96B32003B0088470028F3D0BE
:10C7E8002269636992197B4111002B000A00201D00
:0CC7F8000399FBF743FEE8E75FF0FFFF4A
:10C80400F0B585B01F000391431CDB7F16000400C4
:10C814000A9D0B9A002B02D10B4805B0F0BD0368AA
:10C8240001920095196C32003B0088470028F3D030
:10C834002269636992197B4111002B000A00201DB3
:0CC844000399FBF739FEE8E75FF0FFFF07
:10C85000F7B51F00431CDB7F16000400089D099AF2
:10C86000002B01D10A48FEBD036801920095596C66
:10C8700032003B0088470028F4D022696369B6186B
:10C880005F41201D2A003100FBF7A2FEEBE7C04606
:04C890005FF0FFFF57
:10C89400421C0300002010B5D27F824202D0181D32
:08C8A400FBF79EFD002110BD11
:10C8AC0010B5431CDB7F002B03D00430FBF7A4FD39
:08C8BC0010BD01204042FBE722
:10C8C40070B51D00036814009B6A060098470200B7
:10C8D4000B0020002900F3F7FDFF1A4301D00020CC
:10C8E40070BD336830009B6A984702000B000498BF
:10C8F4000599F3F7EFFF1A43F1D1049A059BA418A5
:10C904005D41336830009B6B984701238D4202D808
:0CC9140002D1844200D90023D8B2E1E730
:10C9200070B5451C0400E87F002801D1606270BD2D
:10C93000200001212430FEF787FD03000020834200
:0CC94000F5D1E877201DFBF781FDF0E742
:10C94C0010B50400034B08330360FFF7E3FF20002E
:08C95C0010BDC04640A401100B
:10C9640010B50400FFF7F0FF20002821FFF7D4FAE8
:04C97400200010BDD2
:10C97800421C0300002010B5D27F824203D01969FF
:0AC98800181DFBF72FFD002110BD64
:10C9920003001100421C002010B5D27F824204D055
:0EC9A2001A69181D5118FBF720FD002110BD69
:10C9B00070B51D00036814005B6A0600984702000A
:10C9C0000B0020002900F3F787FF1A4301D0002055
:10C9D00070BD336830005B6A984702000B00049812
:10C9E0000599F3F779FF1A43F1D1049A059BA4182E
:10C9F0005D41336830009B6B984701238D4202D81C
:0CCA000002D1844200D90023D8B2E1E743
:10CA0C000C4B13B5083303600023441C4360836054
:10CA1C00016143618261C361E3774362013101D0FB
:10CA2C009A4206D10093002303491A000348FEF7EB
:10CA3C0009FF16BD40A40110CDA301100101FF8018
:10CA4C0010B50400044B0360044B04300360FEF784
:10CA5C00BBF9200010BDC0469CA40110C8A4011055
:10CA6C0008B4024B9C46043808BC60474DCA001001
:10CA7C0010B50400FFF7E4FF20001421FFF748FA7B
:10CA8C00200010BD08B4024B9C46043808BC60471B
:04CA9C007DCA00103F
:10CAA0000368C26A1B6A10B50400981A401819007E
:10CAB000F3F76AFD236B8B420AD9E36B4A099200B4
:10CAC0009B181F2211401E3A8A4019680A431A60B7
:04CAD000002010BD75
:10CAD40003001A680120013203D058680130434230
:04CAE40058417047FE
:10CAE80010B50A68046803000020944208D05B6807
:10CAF80049688B4204D08C4202D0D01A431E984118
:02CB080010BD5E
:10CB0A00030040799A790430DB798018C01870479D
:10CB1A00036810B59B6A0400002B02D1C06905F0B6
:10CB2A00FAFE2368DB6A002B02D1A06A05F0F3FE45
:10CB3A0023681B6B002B02D1E06B05F0ECFE10BDE5
:10CB4C00F0B589B00393036805921B6A039A0D0034
:10CB5C000E9C109F0790934229D8122237493848CF
:10CB6C00FEF73CFC079B1E68059B002B23D01B6823
:10CB7C000493049A039B93421DD1059B5968A142CF
:10CB8C0019D8B369CB189C4215D21E1BBE4200D9D2
:10CB9C003E00059B611A9B680493591832000F984C
:10CBAC0006F0E8F90F9BA4199B190F93BF1B002FDC
:10CBBC00D8D1380040E073692A680493039B9342F0
:10CBCC000DD169688C420AD3049BCB189C4206D2C7
:10CBDC001E1BBE4200D93E00AB68611ADDE7200087
:10CBEC000499F3F7CBFC73680693002917D1049BC7
:10CBFC009F4214D319003800F3F7C0FC7F1A3000A1
:10CC0C00049122000F9B0399069E0097B0470028C1
:10CC1C0012D10F9BE419DB190F93049FC7E7039BF9
:10CC2C00621A2B60049B300000930399AB68069E3C
:10CC3C006A60B0470028BAD009B0F0BDFFA401105B
:04CC4C0005A5011029
:10CC500030B50C00010085B0089D019300922300BF
:0ECC6000002214310295FFF771FF05B030BDC0
:10CC6E0010B50C008269FF21A06806F014FA0123AA
:06CC7E005B42236010BDC3
:10CC8400F8B58B6A04000D000160002B15D0C36158
:10CC9400EB6A002B1DD0A362210028002031FFF78E
:10CCA400E4FF012325685B426361686AC30617D009
:10CCB4002D4A2E492E48FEF795FB486905F024FEBF
:10CCC400E0610028E4D12000FFF725FF0C2040425A
:10CCD40048E0A86905F018FEA0620028DCD1F2E75C
:10CCE400002803D1234A21492348E4E72B6B002B76
:10CCF4000BD0E363AF6969693800F3F743FC00299B
:10CD04000AD01E4A19491E48D5E7C00805F0FCFDA3
:10CD1400E0630028EED1D6E7EE6939003000F3F77E
:10CD240031FC0D1E03D0174A10491748C3E73100E0
:10CD3400012008394042F3F79FFB0138F3F768FDFF
:10CD440020231B1A9B009E4203D2104A0749104815
:10CD5400B1E7012328005B426360A360E5602561BD
:10CD64000234E587F8BDC04612080000FFA4011094
:10CD740023A501101308000041A501101E0800009E
:10CD840059A501101F08000088A501102208000001
:04CD9400B8A501102D
:10CD9800F8B5C7690D68083F0E000020BD4215D3DD
:10CDA80039002800F3F766FB0138F3F7DBFD0230A2
:10CDB80080003900281AF3F75DFB0400F3F7D2FD71
:0ECDC80067438000281AC01B30602000F8BDB1
:10CDD600F0B58DB01D00129B0691013B060009A916
:10CDE600006807920993FFF7D4FF040029001498FE
:10CDF600139B9847002813D1002C11D0012702233A
:10CE06002740DB1B05939B0002930AAB019300901E
:10CE16002B003000079A0699FFF795FE002809D0E7
:10CE26000DB0F0BD139B0A99149898470300012092
:10CE3600002B09D1059B013B8342F3DC9B000AAA28
:0CCE4600D558BB1EE418D1E71800E9E73E
:10CE5400F0B58BB006000691181E079207D1012386
:10CE6400119A5B421360129B18600BB0F0BD01383D
:10CE7400099009A93068FFF78DFF10A905003068F3
:10CE8400FFF788FF0590059B079FAB4206D3119BD4
:10CE9400109A1F60129B00201A60E6E7059BE81AAF
:10CEA400F3F7B6FC04002800F3F7D0FC20231C1B86
:10CEB400013C844200D904000423029307AB01938C
:10CEC400A300009300223B0030000699FFF73CFECC
:10CED400079B0028C9D1012B03D93268126A9342F7
:10CEE40005D98F2204490548D200FEF77BFA0123B5
:10CEF400A340ED1AC7E7C046FFA4011004A6011021
:10CF0400F0B514000200050001268BB01432E318BA
:10CF1400079105920693069BA34202D100200BB011
:10CF2400F0BD172704ABFF18009400222800079BCC
:10CF3400059902960197FFF707FE01340028EED108
:0CCF440032003900109802F06FFAE4E7A8
:10CF5000F0B513688FB00893536806000993002357
:10CF60000D00102703930593039B08AA9B009B5871
:10CF70000AAC049300222300300004990097FFF7C5
:10CF800067FE00280FD00300343307D1039B012B29
:10CF900006D10020059B834200D134380FB0F0BD8C
:10CFA00001230393E0E7059B002B03D02368EA6984
:10CFB0009B1AEBD463685B005A08262BE6D93368CA
:10CFC000DB699A42E2D801233A005B42210007A8BC
:10CFD000079302F02BFA636807AA5B005B080092D4
:10CFE00030003A000499103BFFF78CFF0028CAD1AB
:10CFF000079B002BCAD10122049B08A96B60039BED
:10D000009446013313409B005B58EF60AB602B00EC
:10D010001C3307CC07C32168196063460593B5E745
:10D02000F7B507000C001600E268216A10004B00FB
:10D030005B080C30043B984216D80C213800009154
:10D04000331D6168FFF704FE051E12D1E76830004A
:10D050003760FFF75AFD3F18E7603000FFF755FDD6
:10D06000A3691818A06104E0002904DB02253260DE
:10D070006D422800FEBD2200210038002432FFF757
:10D0800067FF051EF5D11023E360A3691433A36184
:02D09000CAE7ED
:10D09200F0B5050093B004300E000024FFF719FD2F
:10D0A200A04209D10123280001AA07A901940293F1
:10D0B200FFF74DFF041E0ED0200013B0F0BD3B79E8
:10D0C2007F2B14D80822310005A805F032FF002872
:10D0D2000DD10124F0E710A8FFF7FBFC0028EBD1EB
:10D0E200280010AA07A9FFF732FF002809D103AFD1
:10D0F2003A00280007A9FFF792FF0028DFD0831C1F
:06D10200E9D00400D8E7AB
:10D10800F7B51D0000230600140053620133019196
:10D118009362270024373800FFF7D8FC002801D095
:10D1280000200FE03A0021003000FFF70DFF002833
:10D1380008D12A0021003000FFF76EFF002802D036
:10D14800831CE6D0FEBD70222B791340202BF0D132
:10D15800280001990830FFF7C3FC0028E9D1012015
:02D16800F0E7EE
:10D16A00F7B5050004300E001400FFF7AEFC0028E6
:10D17A0001D00020FEBD01236A46009001932100E0
:10D18A002800FFF7E0FE0028F4D1270024373800F2
:10D19A00FFF79BFC0028ECD131003800FFF79FFC19
:0CD1AA00002801D03A00EAE70120E3E78A
:10D1B600F0B51D0016002C008BB0119B0690EB18E5
:10D1C60007910593059B9C4201D1012015E001239F
:10D1D6001727029304ABFF1800223300079906981D
:10D1E60001970094FFF7AFFC002806D1109B3A7810
:0ED1F6005B1B1B5D01349A42E4D00BB0F0BD10
:10D20400F7B50C0009680600170000254B1C0ED06A
:10D2140000686268836900938568A368A847051E4F
:10D2240005D1002F05D121003068FFF71EFD28002D
:10D23400FEBD336839009B6930000193A3682268FE
:10D2440000936368FFF7B5FF002803DBEBD13425B7
:08D254006D42ECE70500EAE77A
:10D25C00F0B587B00293036805921B6A029A050029
:10D26C000F000C9C934233D89C2240494048FEF757
:10D27C00B5F83B68029A9A4230D17868A0422DD812
:10D28C002A6896698619B44228D20E9B361B9E4298
:10D29C0000D91E00BB68201A0D991818320005F031
:10D2AC0069FE0D9BA4199B190D930E9B20009B1BD3
:10D2BC0003932B689969F3F761F9002906D13900BA
:10D2CC002800059AFFF798FF002805D1039B0E93C1
:10D2DC000E9B002BCDD1180007B0F0BD013303D04D
:10D2EC00B72222492348C2E72E682000B3691900EF
:10D2FC000393F3F743F9002930D10E9B039A934221
:10D30C002CD311001800F3F739F90E9B30005B1A7F
:10D31C0000930493B36803919C46220066460D9BD0
:10D32C000299B0470028D7D1059B002B06D1049A4F
:10D33C000D9B944663440D93A418C7E7049B2800E7
:10D34C0001930D9B029A009305992300FFF72DFF83
:10D35C000028C1DBEBD134204042BDE7029B611AAF
:10D36C003B600E9B79600393B0E7C046FFA40110AD
:08D37C0005A501102FA6011008
:10D38400F0B50500140089B007931B680691029359
:10D394004F4B5360436893608368D3604D4E02984B
:10D3A400310006F0E9FB029B31001F18380006F03B
:10D3B400E9F90390012806D13B782E2B0DD1039B6C
:10D3C400FB180293EAE7039B022B06D102223800E2
:10D3D400414905F0ADFD0028F1D0039BFB181E0068
:10D3E40002930123049330003A4906F0C5FB361832
:10D3F4003000384906F0C6F90590002815D00228F7
:10D404000DD102223000344905F092FD002806D1E6
:10D41400049B013B0493002B04D1B31CD1E7049B70
:10D4240001330493059BF618DDE73878002845D0CE
:10D43400079B1F602379222B47D126000836320030
:10D4440028000699FFF782FD002837D12200280022
:10D454000699FFF7E3FD002830D17F22237913409A
:10D46400112B01D0222BF1D1E379039A9342EDD110
:10D4740029002368627904339B18A27900979B18CA
:10D48400039A28000192069A14315268FFF791FE1C
:10D49400002813DBDAD02B0041331B78002B00D09B
:10D4A4007CE723797F2B00D878E731002800FFF749
:10D4B400EEFD002804D001DB0220404209B0F0BD9B
:10D4C4007F2223791340237168E71420F5E7C046CF
:0CD4D400220800004BA601104DA601101C
:10D4E00070B5436886B04B60836802AE01928B6072
:10D4F000320001AB05000C00FFF744FF002814D1F7
:10D500003379222B13D12100280004AAFFF720FD34
:10D5100000280AD163682361A36863610E23A361B5
:10D520000233E3602B6923602C6106B070BD1420C8
:04D530004042FAE794
:10D53400020003691032002B03D08B4203D11B6815
:0CD544001360002070471A001B68F4E719
:10D55000F0B5140084220D0007000021200087B0E0
:10D56000520005F09FFDAB690E2B0CD12000143347
:10D5700025492370083006F0FFF80120AB6901331C
:10D58000AB6107B0F0BD0F2B05D1200013331F494D
:10D5900023700830EFE702AE320029003800FFF7B1
:10D5A0003FFD002803D0831CEBD10020E9E77F2258
:10D5B00033791A40112A01D0222AECD15BB2002B18
:10D5C0000ADA380004A9FFF764FD0028D9DBE2D1AC
:10D5D0007F2233791340337133792370112B01D1BA
:10D5E000F36863602300029A717904325218B179AA
:10D5F00038005218F179083300916968FFF728FB69
:10D600000028BED10130BCE750A601104DA6011084
:04D61000886970476E
:10D614000A0010B510320C00FFF798FC002807D15F
:10D62400236963606369A3600E23A3610233E3602B
:02D6340010BD27
:10D63600F8B507000C001500FFF7E9FF061E06D136
:10D64600A561226A53005B08AB4202D3E560300055
:10D65600F8BDED1A002A09DA22002100380024322A
:10D66600FFF773FC0028ECD00600F0E7162676429A
:02D67600EDE7DE
:04D67800086A704785
:10D67C004B69CA691800920303D5086A984200D214
:04D68C0018007047CB
:10D69000F0B595B005AE0391150003AB320009A9B2
:10D6A0000700FFF76FFE041E18D18422010052000C
:10D6B000280005F0F7FC33792B70112B01D1F368AA
:10D6C0006B60391D07A8FFF70FFA2B000400083321
:10D6D000002806D118000A4906F04EF8200015B0BF
:10D6E000F0BD059A717904325218B1793800521898
:10D6F000F17900910A99FFF7ABFA0400EEE7C04612
:04D700004BA6011023
:10D7040030B59BB00500FFF7BBFA041E2CD12B6883
:10D71400E8621B6A2863AB6301236863049004AA6C
:10D7240028000FA90593FFF711FC041E21D1202323
:10D73400102200932800109907ABFFF787FA041E04
:10D7440017D1089B08226B60099B0D49AB600DA89B
:10D75400039305F0EDFB041E09D10C9B1A0C012A5E
:10D764000BD19BB2012B08D820001BB030BD342450
:10D7740064422800FFF7CFF9F6E71624F8E7C0461D
:04D7840052A6011098
:0AD7880010B5FFF7C6F9002010BD30
:10D79200F0B505009BB00430059106920024FFF716
:10D7A20098F9A04215D1012309900A930999069884
:10D7B200059B9847041E0CD10A990698059B984729
:10D7C200041E06D1280009AA0FA9FFF7C0FB041EF8
:10D7D20029D020001BB0F0BD0C2328000093109923
:10D7E2000CABFFF734FA0BAF061E65D13800FFF71A
:10D7F2008BF97022129B1818079312903B791340F1
:10D80200102B10D1FB68002B0DD02900069A009333
:10D812000292059A28000192BB6832001431FFF788
:10D82200D9FA002846D1129A179B110007935B0080
:10D832005B080C31043B9942CED9189B09A8099385
:10D84200199B07930A93FFF744F90028AED080276B
:10D85200EE68BF02002EBCD08022F369520213424E
:10D8620016D1F3693B4211D0336A002B0ED0069ACF
:10D8720029000292059A0093019232002800736AED
:10D882002C321431FFF7A6FA002813D13668E1E7EB
:10D892007369002BE5D0069A29000292059A00933B
:10D8A20001923200280033692C321431FFF792FAC8
:0CD8B2000028D6D004008CE704008AE7B0
:10D8C000F8B504000E00236B606BA56B98421CD169
:10D8D000002D49D0E26A27689818396AF2F754FE99
:10D8E0007A6AE1621300AA4200D92B000021D20813
:10D8F0006163E06B236305F0D5FB220020001C4927
:10D90000FFF747FF0028DED025E01F210127014057
:10D910008F40421C013D6263A5634209E56B9200A2
:10D9200052593A42D0D1E36AC0182368196AF2F713
:10D930002BFE31600121276B636BBB4212D01F2687
:10D94000180030400E00864030005A0992005259AB
:10D950001040324200D1F8BD01336363A36B013B39
:10D96000A363E9E70020F6E71C204042F3E7C04646
:04D97000A1CA001038
:10D9740073B50C0004310600FFF7A0FF051E1ED18D
:10D98400210030000831FFF799FF051E17D1042349
:10D99400009323000200616830001C33FFF756F93E
:10D9A400002802D0030034330BD1E3690133E3616F
:10D9B40014232362153B6362A3621133E3602800DE
:06D9C40076BD0500FBE743
:10D9CA00F0B504000E0089B0200007A9FFF773FF25
:10D9DA00051E08D120680799C3689847051E43D0D9
:10D9EA0003003433F0D0280009B0F0BD230014330B
:10D9FA00059301231322029302ABD218019232003B
:10DA0A002000736A059900972C32FFF79AF80028CC
:10DA1A0012D10123210002AA029312339B18019307
:10DA2A002000079B059A00972031FFF712FC002877
:10DA3A0004D003003433C7D00500D4E70137B36AF2
:10DA4A00BB42D3D82368A16A9A69706B05F093FA2E
:10DA5A002100236A2068F362636A20313363FFF787
:0CDA6A0001F9079B7362BEE70700E8E7C4
:10DA7800F0B591B0089303230792CA6906000D0018
:10DA88001340012B00D13BE1530314D4EB691A0571
:10DA980018D42F6A089AD74200D534E19B0317D5CA
:10DAA800089B0493049AEB69002A23D1974A089C9F
:10DAB8001340EB6103E000F035F9041EE6D02000C6
:10DAC80011B0F0BD6A69296A8A42E2D92A62E0E7A0
:10DAD8006B699F42E4D92B6200230FAA13702900B7
:10DAE80030000133FFF7C4FF041EE8DB2B6A9F42B6
:10DAF800F2D8D5E72A002C320692802292021342ED
:10DB08001FD03368AA6ADB699A424ED1370033685E
:10DB180014371B6AB3636B6A0D932B6A0E9330003C
:10DB28000FA9FFF7C9FE041E1DD10F99012903D9BA
:10DB38003068036A994221D9754A76497648FDF7D3
:10DB48004FFC2B6A002BE1D02A0028320292013BBD
:10DB5800043A0192009330006B692A690699FFF72D
:10DB680075F9041E05D08023EA691B031343EB6192
:10DB7800A5E706993068FFF776F8C7E7C3689847BE
:10DB8800041E06D023003433EDD101235B423362F7
:10DB9800C5E70E9B3068002B28D10F9A6A62AB62EA
:10DBA8008023EA699B021343EB613368DF69AB6A40
:10DBB800FF1A049B9F4200D91F003200079B3000C8
:10DBC8000193AB6A0699009302976B6A1432FFF7C8
:10DBD80041FB041E00D183E003003433C3D1290084
:10DBE8003000FFF7EEFE041EE7D0BCE7013B0EA9AC
:10DBF8000E93FFF7CDF832680E9BD26901330E936E
:10DC08000594934248D10130F2F71EFE0300013318
:10DC18000B9009930594059B3A009B000A930423F3
:10DC280002930DAB01930A9B3000009306990F9B5A
:10DC3800FFF710FB041EA5D10B9B059A934230D128
:10DC48000D9B012B3CD8354A3249354877E70123EB
:10DC580008AA029312339B18059A0193009239007F
:10DC6800002230000D9BFEF76DFF041E00D07AE7FE
:10DC7800012308AA029312339B180193059B3A00CB
:10DC8800009330000F9B0699FFF7E4FA041E00D0BA
:10DC980078E7059B013305930E9B059A9A42D6D3E4
:10DCA8007BE7042302930DAB01930A9B02000093C8
:10DCB800390030000D9BFEF745FF041EC0D052E727
:10DCC8003268126A9342BED8059B01330593059AC0
:10DCD800099B93429FD80F9B6B62099B9B005EE751
:10DCE8002B6ADB192B62AB6ADB19AB62079BDB196A
:10DCF8000793049BDB1B049333681B6AB363D1E669
:10DD080009246442DBE61B24FBE7C046FFFFF7FF5C
:10DD18008C040000FFA401105BA60110D3040000CE
:04DD280004A601103C
:10DD2C00F0B5CB6905000C0093B05A0305D5012260
:10DD3C005242CA622D4A1340CB61E36900209B0317
:10DD4C002CD501002C2204A8276A05F0A5F923691B
:10DD5C002A00089363690C970993012314320B93DF
:10DD6C000FAB43CA43C301262B00764214336E61BA
:10DD7C000193236A6269934212D321002800019A0D
:10DD8C002C31FFF739FA002822D00300343305D1A7
:10DD9C0021002800FFF713FE0028EED013B0F0BDD1
:10DDAC0002AA01232800073204A900F023F8002856
:10DDBC00F4DB02AA0123210028000732FFF756FEEC
:10DDCC000028EBDB6B690133D3D00F966E61D0E783
:10DDDC00636A074A2361236A27626361E3691A4015
:10DDEC0080235B021343E361D8E7C046FFFFFBFFD0
:04DDFC00FFFFFDFF29
:10DE0000F0B51D00032387B00592CA6906000C0017
:10DE10001340022B55D0930306D4236A6269002075
:10DE2000934206D307B0F0BDFFF780FF0028F4D07F
:10DE3000F8E7D31A0493AB4200D90495049F002F4E
:10DE400001D10498EEE78022E369D202134204D0A4
:10DE50003368A26ADB699A4214D123002100283377
:10DE60000293043B0193236A3000009322696369A3
:10DE70002C31FEF7EFFF0028D4D18023E269DB02CA
:10DE80001343E3613268A36AD569ED1ABD4200D934
:10DE90003D002100059A0093019230000022636A40
:10DEA00002952C31FEF752FE0028BBD1236A7F1B5E
:10DEB0005B192362A36A5B19A362059B5B19059337
:08DEC000BDE709204042ADE777
:10DEC80070B50D0014001E00FFF72CFF00280DD1BF
:10DED800002E07D02B6A012E01D1E41802E0022E91
:10DEE80005D01C00002C04DB20002C6270BD6B697F
:08DEF800F3E716204042F9E7B0
:10DF00000323F0B51600CA6905000C0087B0134062
:10DF1000012B46D0FFF7B2FB0300B0421DD9210010
:10DF20002800FFF703FF002815D105AB029323005B
:10DF3000210010330590019328006369226900963F
:10DF40002C31FEF787FF002805D18023E2695B02B0
:10DF500013436661E36107B0F0BD0020B342FAD21B
:10DF6000276ABB4207D00200022321002800FFF7E6
:10DF7000ABFF0028EFDB236AB34209D300233A004A
:10DF800021002800FFF7A0FF0028E4DD0020E2E7E1
:10DF9000002305AA1370210028000133FFF76CFD50
:08DFA000E7E709204042D6E743
:10DFA8000300F0B5012740331F70031DA9B004001A
:10DFB80018000193FEF78AFD06000020864236D13C
:10DFC80007AD2C223100280005F068F880232822AC
:10DFD8001B06310012A82B6205F060F81C97370069
:10DFE80023681B6A9F4202D3342040421FE01BA8CB
:10DFF800FEF76CFD002800D06BE020001BAA12A9D8
:10E00800FEF7A2FF002812D12B6A002B3CDB0198F7
:10E01800FEF75CFD00280CD01B9B01936B621C9BD8
:10E02800AB62002329001A00200000F054F829B040
:10E03800F0BD200003AB1DAA10A9FFF761F8002866
:10E04800F5DBE9D0059A1099069B11988A4201D10F
:10E05800984219D0824201D1994215D06A62DFE70D
:10E06800702202AB9B181B787F2B0DD920001FA9AB
:10E07800FFF70BF80028DADB1BD0310020001DAABF
:10E0880000F064FA0028D2D112AE310020001DAA97
:10E09800FEF7C2FF0028E3D0831CC8D12B0007CEAF
:10E0A80007C307CE07C307CE07C3013706CE06C38B
:10E0B80096E770227F2102AB9B181B780B4002A9C0
:10E0C8008A181370310003001DAA200000F046F9D9
:06E0D800D8E70020ABE7D1
:10E0DE00F0B59FB00B93CB698C680133CB610B1DF0
:10E0EE00099313000600089248680B9A0D004C60C5
:10E0FE0088601101C91899420FD100230D940E901A
:10E10E000A9330686968C3689847041E0DD02300CF
:10E11E00343300D1F1E02000FEE0DF682A6AD21924
:10E12E005F681033D21B2A62E5E72F0001231C37EC
:10E13E005B42102239000FA80F9301F070F93300E3
:10E14E0020330693102322000293009430006B6854
:10E15E0006990197FFF77BF8041ED8D1102307907C
:10E16E00049305932BE0079B0B9A934200DB9EE0F2
:10E17E001F01089B059ADF193B68934200D096E079
:10E18E00FA68B9680FA801F04AF9FB6800220293F9
:10E19E00BB6830000193049B069900936B68FFF7F0
:10E1AE0056F8041EB3D17A68059B94466344049ACC
:10E1BE000593FB68D3180493079B013307932B6ACF
:10E1CE00049A5B005B08043B9342CCD80423029371
:10E1DE000FAB01930092300000226B680699FFF797
:10E1EE0036F8041E93D101235B42020006993000DB
:10E1FE007361FFF700F8041E89D1306803699847F0
:10E20E00041E00D083E701235B4213932B6A13AFE6
:10E21E005B005B08020069683000043B0097FEF764
:10E22E006AFE041E00D076E7139B0F9A934264D1C8
:10E23E000A9B002B2BD0341D2000FEF744FC002837
:10E24E0000D075E03A0030000FAB0DA9FEF755FF78
:10E25E00002861DB00D16BE06B6839001193AB686D
:10E26E00300012930FAA002300F075F8002853D146
:10E27E0021000DA8FEF731FC002803D16B687360F6
:10E28E00AB68B3603000FFF788FE002844D13469D4
:10E29E00002C00D13FE70999201DFEF71EFC002837
:10E2AE0003D16B686360AB68A3602468F0E7012359
:10E2BE0013AF009330003B00059A0E99FEF7C1FC98
:10E2CE00041E00D027E7012239000FA801F0A7F89D
:10E2DE0001230293049B2200009330006B68069981
:10E2EE000197FEF7B4FF041E00D010E7059B013323
:10E2FE000593049B0133049361E701235B42336270
:10E30E00002313A913930DA801331493FEF7E5FB15
:10E31E00002803D1342040421FB0F0BD30000999CF
:10E32E00FFF7C7FA01230A93002800D1E9E6F3E7C5
:10E33E003A0030000DA9FEF711FF0028ECDBA6D045
:10E34E006B6839007B62AB683000BB6200231A0039
:06E35E00FFF7BEFE99E787
:10E3640070B515000C2610CD88B00094A419019640
:10E37400029503960494D2790693059207925A1E45
:0EE3840093416A460133FFF7A8FE08B070BD52
:10E39400F0B593B006000D00FFF7C6FC041E3ED195
:10E3A4009023EA691B03134080225202934236D120
:10E3B4002F1D3800FEF78CFB002830D13A003000C6
:10E3C40007A9FEF7C3FD041E29D101000C2204A8ED
:10E3D40004F066FEEB68300003930C23EA680093B4
:10E3E400089904ABFEF732FC03AF041E17D13B7946
:10E3F400112B04D00B4A0C490C48FCF7F3FF2B6992
:10E404003A00BB606B6907A9FB6003003000FFF7AB
:10E41400A7FF041E03D1EA69054B1340EB612000FA
:10E4240013B0F0BD13060000FFA401108AA601106A
:04E43400FFFFFEFFE9
:10E4380070B505000C00FFF7A9FF2A000600EB687D
:10E448000C32002B03D0A34210D123681360A369B8
:10E45800002B02D01B68002B06D12B685B6B002BAE
:10E4680002D1606B04F058FA300070BD1A001B68C6
:02E47800E7E7D4
:10E47A00F0B506000C0097B0009201930098FEF7E1
:10E48A003FFB3368256ADB692818984217D8009B36
:10E49A00043D20C30D930C2300220E93019B0C9282
:10E4AA001193009B10920B950F95DB792100129323
:10E4BA0002230BAA3000FFF70DFE17B0F0BD002DA6
:10E4CA0039DB0BAD2B00220083CA83C383CA83C303
:10E4DA0083CA83C303CA03C321003000FFF745FA86
:10E4EA000028EAD16B6A009A6362AB6A0490A3625D
:10E4FA00236A0890043B08C205920C2203930793EF
:10E50A00019B06920993009B2100DB7930000A9354
:10E51A0003AA0223FFF7DEFD0028CED180232A6A50
:10E52A001B0613432B62636802006B62A36829000F
:10E53A00AB620300BEE72200210030002432FEF75E
:08E54A0002FD00289AD0B8E799
:10E55400F0B50C00070091B010001500FEF7D3FAD7
:10E56400236A14305B005B0883421ED13800211DEE
:10E5740005AAFEF7F8FD0190002813DB0D9B002B84
:10E5840013DA216A304A38000A4313400D93636A50
:10E5940005A90E93A36A01930F9300231A00FFF7B2
:10E5A4009CFD0190019811B0F0BD2B6828000593E3
:10E5B400FEF7A9FA00230690079308932100380078
:10E5C400013305AAFFF789FD01900028EAD1231D34
:10E5D400FE680393002E1AD13E690434002EE1D064
:10E5E4002100301DFEF77EFA00280ED1F7682B6853
:10E5F4009F420AD92800FEF786FA3F1AF7602800DE
:10E60400FEF781FAB369181AB0613668E6E7039930
:10E61400301DFEF767FA002809D1F3680293029AC5
:10E624002B689A4205D101235B427360B36036685C
:10E63400D0E7029A9A42FAD92800FEF764FA029BBC
:0CE64400181AF060F3E7C046FFFFFF7FEC
:10E65000F0B5A5B00500FEF715FB041E7BD12B68B5
:10E6600001005A6AE86BD20804F01CFD2A68EC62CB
:10E67000136A526A9A4200D91A002A6300222800BB
:10E680006A63AB630EA9FFF775F9041E60D1280019
:10E6900019A9FFF76FF9041E5AD10300020019A946
:10E6A0002800FFF71CFD041E52D1102205922B4AB0
:10E6B00005AB9A80082229689871C869096A1B9E6F
:10E6C0001A9F0A912649AE6009900B916F60254907
:10E6D0000CA8DA710896079704F052FC3423102234
:10E6E0001693143B189601920293049328001F3B43
:10E6F00006AE01AA0EA917970396FFF7F0FC1023A8
:10E70000002804D00200343202D0040020E00124AA
:10E710000193202328000293049301AA1F3B0EA912
:10E720000396FFF7DCFC002804D003003433ECD15F
:10E73000002CEAD000232800019301AA01330EA97E
:10E740000293FEF705FC041E02D12B681B6AAB6323
:10E750002800FEF7E2F9200025B0F0BD2E140000DD
:08E7600001000100A7A6011051
:10E76800030070B59CB0019140331B780500002B65
:10E778003FD002AE3200280001AB06A9FEF7FEFD2D
:10E788000400831C3CD12F21019804F087FF002846
:10E7980033D12B6828001B6A11A9AB63FFF7E6F891
:10E7A800041E2AD10F9B02001A93109B11A90093F3
:10E7B8001B9303002800FFF78EFC041E1DD1019C4B
:10E7C800124BB0712000B38005F05CF9129A139BCC
:10E7D800F071B260F3600F921093320023002800AA
:10E7E80006A9FFF746FE041E07D12B681B6AAB6318
:10E7F80003E0FFF7D5FB041EBBD020001CB070BDA2
:10E808000028FAD111246442F7E7C0462208000024
:10E81800F0B595B0009303230392009A06000C000C
:10E828001340012B11D105AF3A00300003AB09A901
:10E83800FEF7A4FD051E14D13B79222B00D18BE0F5
:10E84800009B9B052FD5112566E0030040331B78FC
:10E85800002BE8D1FFF7A4FB051EE4D0280015B073
:10E86800F0BD831CFAD1039B2F211800019304F0FB
:10E8780015FF02900028F1D1009BDB05EED5374B40
:10E88800B8710198BB8005F0FDF801235B42BB60BD
:10E89800029BF871FB603A003000019B09A9FFF761
:10E8A800E8FD051EDAD1009A1A9BE2610022A361F5
:10E8B8000A9B226263600B9B009AA360059BE3603E
:10E8C800079B01932361089B636152050FD40123C1
:10E8D8005B42E3621A9B002B16D01B68002B13D0F7
:10E8E80063630323E2691340012B24D02EE0002B3D
:10E8F80004D08023009A5B021343E36101235B4247
:10E90800236100236361E2E733685A6B002A07D06A
:10E91800F368002B02D00C256D429FE76263E0E7A5
:10E928000322E1690A40012A0AD1586903F0EAFF83
:10E9380060630028EFD0F36800252360F4608DE75A
:10E94800986903F0DFFF60630028E4D02100306895
:10E958002C31FEF788F9EEE71525DDE711080000F0
:0CE9680013B500240094FFF753FF16BD08
:10E97400030010B59CB0019140331B780400002BB8
:10E9840009D0200001AB02AA06A9FEF7F9FC002871
:10E9940006D01CB010BDFFF705FB0028F1D0F8E746
:10E9A4006B461B7B222B17D0200002AA06A9FFF777
:10E9B400CFFD0028EDD16B461B7B222BE9D1200033
:10E9C40006AA12A9FEF7CFFB0028E2DB11D10F4AF9
:10E9D4000F491048FCF706FD200004AA11A9FEF710
:10E9E400B5FA0028D5D1199B142BDDD0272040423D
:10E9F400CFE71A9B20000F931B9B06A9009310934B
:10EA040000231A00FFF769FBC3E7C0467107000043
:08EA1400FFA40110B0A60110DF
:10EA1C000300F0B5B3B00391029240331B780400AD
:10EA2C00002B44D0039B05AF04933A00200004ABA9
:10EA3C0011A9FEF7A1FC00283DD180233A795B4255
:10EA4C0013433B713A00030011A92000FFF784FC2B
:10EA5C00002830D109AE3200200002AB1CA9FEF711
:10EA6C008BFC051E29D0831C25D12F21029804F084
:10EA7C0013FE03002800002B1DD10DAF3B0007CE69
:10EA8C0007C30EAB06AA43CA43C37F223B79029E3F
:10EA9C00134030003B7104F0F3FFF871AB1C20D134
:10EAAC0033003A0020001CA9FFF7E1FC1FE0FFF740
:10EABC0075FA0028B6D033B0F0BD7F213B7932799E
:10EACC000B409A424AD1222AD7D120000BAA27A95F
:10EADC00FEF738FA0028EED12F9B142BCDD027202F
:10EAEC003DE033003A0020001CA9FFF735FC00285C
:10EAFC00E1D12700012341373B70200003AB05AA6D
:10EB0C0011A9FEF739FC0028D5D10600387005AAEA
:10EB1C00200011A9FFF718FD0028CCD1AB1CCAD0DE
:10EB2C0009AB1B79222BC6D120001CAA28A9FEF701
:10EB3C0016FB0028BFDB05D1FB220A490A48D2008C
:10EB4C00FCF74CFC309B32002593319B2000019349
:10EB5C0026931CA93300FFF7BCFAACE71520404202
:0CEB6C00A9E7C046FFA40110B0A60110EC
:10EB7800002807DC0300163304DA0300343301D11C
:06EB88008A2040427047A4
:10EB8E00F7B50024170005681E00C0690A002300AF
:10EB9E002100F1F7BAFE3A00230012184B410898F3
:10EBAE0029680090019428004C693100A047FEBDF1
:10EBBE00F7B50024170005681E00C0690A0023007F
:10EBCE002100F1F7A2FE3A00230012184B410898DB
:10EBDE0029680090019428008C693100A047FEBD81
:10EBEE00030073B50024DE691D683200230008009F
:10EBFE002100F1F78AFE0B002968009601940200AD
:08EC0E00C9692800884776BDA2
:0CEC160010B5006803681B69984710BD2A
:0AEC2200036801330360002070470F
:10EC2C00F7B507000400A43738000D00FDF73CFBD6
:10EC3C002300903300931D602B6828009B68984735
:10EC4C00061E06D00023009A13603800FDF748FB1F
:10EC5C0056E0010023002000583324226C3001932D
:10EC6C0004F01AFA274BA565E365274B28002366A9
:10EC7C00264B6366264BA3662B685B6A984723007A
:10EC8C00E06694331B68984200D2E3662B68280038
:10EC9C009B6A98472300206798331B68984200D2E0
:10ECAC0023672B682800DB6A9847230060679C3336
:10ECBC001B68984200D263672B6828009B6B9847AF
:10ECCC000023626FF1F702FE1F23A0671F309843E9
:10ECDC002300E067A0331B68984200D9E36720004B
:10ECEC0001991430FEF708FD061EAED00023009AE1
:10ECFC0038001360FDF7F4FA3000FFF737FF060019
:10ED0C003000FEBD8FEB0010BFEB0010EFEB0010DE
:04ED1C0017EC0010E0
:10ED2000F8B5050007002E000024A43738009036FF
:10ED3000FDF7C0FA3368A34213D028001430FEF761
:10ED400023FD041E02D0FFF717FF0400306803689C
:10ED5000DB689847002802D0002C00D10400002373
:0CED600033603800FDF7C2FA2000F8BD57
:10ED6C0070B505000400A43528000E00FDF79CFAD0
:10ED7C00200031001430FFF7F7FD04002800FDF7E8
:0AED8C00AFFA2000FFF7F2FE70BDA1
:10ED9600F8B507000400A43738000D001600FDF78B
:10EDA60086FA2000320029001430FFF734FE0400F2
:0EEDB6003800FDF798FA2000FFF7DBFEF8BDED
:10EDC40070B505000400A43528000E00FDF770FAA4
:10EDD400200031001430FFF7C5FC04002800FDF7C3
:0AEDE40083FA2000FFF7C6FE70BDA1
:10EDF000F0B506000500A436C5B0300014000F00C1
:10EE0000FDF758FA2800390002AA1430FEF740FC3A
:10EE100005003000FDF76AFA039B0193236102AB02
:10EE20001B78112B0DD0223B5A1E9341064A5B42A0
:10EE30001340064A9B1828006360FFF79DFE45B00B
:10EE4000F0BD034BF7E7C04601BEFFFFFF410000E6
:04EE5000FF8100003E
:10EE5400F7B506001400370028220021200004F032
:10EE64001FF90023A43738000193FDF721FA30007D
:10EE74000D49143001AAFEF78AFC05003800FDF79D
:10EE840033FA002D0DD1736F019A23606360B36F61
:10EE9400E560A3609B1A2361A361FF236561E561BB
:0CEEA40063622800FEBDC04623EC001095
:10EEB000F0B5070085B03E0038201C000292019199
:10EEC000FCF7F8FFA43605003000FDF7F3F9032244
:10EED00020001437BC461040144236D000210128CF
:10EEE00035D0022802D00800002200E0080080236C
:10EEF00067105B001F4003978027A310BF003B40B3
:10EF0000039F3B438027FF0027401F4380232402A9
:10EF10001B0123403B4303430B431343290060463B
:10EF2000029AFFF721FD04003000FDF7DFF9002C05
:10EF300006D1019B1D602000FFF71EFE05B0F0BD4D
:10EF400038212800FCF7EAFFF5E70121CCE7022091
:02EF5000CAE70E
:10EF520070B506000400A43630000D00FDF7A9F9D3
:10EF6200200029001430FFF766FA04003000FDF794
:10EF7200BCF9002D03D038212800FCF7CEFF200079
:06EF8200FFF7F9FD70BD70
:10EF8800F7B507000400A437380015001E000191EA
:10EF9800FDF78CF9200033002A0001991430FEF7A0
:10EFA8002BFF04003800FDF79DF92000FFF7E0FD76
:02EFB800FEBD9C
:10EFBA00F7B507000400A437380015001E000191B8
:10EFCA00FDF773F9200033002A0001991430FEF787
:10EFDA004EFD04003800FDF784F92000FFF7C7FD55
:02EFEA00FEBD6A
:10EFEC0070B505000400A43528000E00FDF75CF98F
:10EFFC00200031001430FFF7C7F904002800FDF79A
:0AF00C006FF92000FFF7B2FD70BDA0
:10F01600F7B507000400A437380015001E0001915B
:10F02600FDF745F9200033002A0001991430FEF758
:10F0360048FF04003800FDF756F92000FFF799FD58
:02F04600FEBD0D
:10F0480070B505000400A43528000E00FDF72EF960
:10F05800200031001430FEF70BFB04002800FDF7F8
:0AF0680041F92000FFF784FD70BDA0
:10F0720070B505000400A43528000E00FDF719F94B
:10F08200200031001430FEF7F8FA04002800FDF7E2
:0AF092002CF92000FFF76FFD70BDA0
:10F09C00F8B507000400A43738000D001600FDF782
:10F0AC0003F92000320029001430FEF723FF04007E
:0EF0BC003800FDF715F92000FFF758FDF8BDEC
:10F0CA00F7B504002C2027000E000192FCF7EDFE94
:10F0DA00A43705003800FDF7E8F820002900019A56
:10F0EA001430FEF7F8F904003800FDF7FAF8002C9E
:10F0FA0004D135602000FFF73AFDFEBD2C2128001F
:06F10A00FCF707FFF6E729
:10F1100070B506000400A43630000D00FDF7CAF8F3
:10F12000200029001430FEF705FA04003000FDF736
:10F13000DDF8002D03D02C212800FCF7EFFE200085
:06F14000FFF71AFD70BD8F
:10F14600F0B507000400A437C3B038000E00150060
:10F15600FDF7ADF820006A4631001430FEF7F5F9E8
:10F1660004003800FDF7BFF8012C0FD16B461A7862
:10F176000523112A03D00023222A00D103332A00B3
:10F18600FF322800537002A904F0F3FA2000FFF7BB
:06F19600F0FC43B0F0BDE7
:10F19C00F8B507000400A43738000D001600FDF781
:10F1AC0083F82000320029001430FEF73EFA3800B4
:06F1BC00FDF796F8F8BD16
:10F1C20070B505000400A43528000E00FDF771F8A3
:10F1D200200031001430FEF71AFA04002800FDF76F
:0AF1E20084F82000FFF7C7FC70BDA1
:10F1EC0070B506000400A43630000D00FDF75CF885
:10F1FC00200029001430FEF707FA3000FDF770F8F4
:02F20C0070BDD3
:10F2100010B50400074B0360074B4360FFF780FD08
:10F220002000A430FDF77AF82000FDF70FFC200045
:0CF2300010BDC046BCA601103CA7011098
:10F23C0008B4024B9C46043808BC604711F200101D
:10F24C0010B50400FFF7DEFF2000C821FCF760FEBC
:04F25C00200010BDC1
:10F2600008B4024B9C46043808BC60474DF20010BD
:10F2700070B5040015001E0000F084FB2000134B45
:10F2800044222360124B00216360143003F00AFF14
:10F29000200038220021583003F004FF2300002210
:10F2A000200090331A60049A5E609A60059AA43038
:10F2B000DA60069A1A61FCF7F5FF002D03D02900E9
:10F2C0002000FFF7B3FC200070BDC046BCA60110B3
:04F2D0003CA7011046
:10F2D400F0B51D000368A3B09B6804000F0016007E
:10F2E400984700283CD10100242208A803F0D8FE46
:10F2F400234B20000493234B03940593224B069342
:10F30400224B079323685B6A984787422AD8089060
:10F31400236820009B6A9847864225D80990236871
:10F324002000DB6A9847854220D80A902368200091
:10F334009B6B98470A9B1A0001930023F1F7CAFAC2
:10F344001F230B901F309843289B834210D30C90AB
:10F3540003A911A8FFF77AF900280CD0FFF70AFCDB
:10F3640023B0F0BD0897D3E70996D8E70A95DDE7FF
:10F37400289B0C93ECE723682000DB689847EFE7B1
:10F384008FEB0010BFEB0010EFEB001017EC001038
:10F39400F7B506000500A43630000F00FCF788FF1F
:10F3A4002B0090331B68002B0CD0002F00D11F00C2
:10F3B4002B6828009B6A9847041E0CD03000FCF789
:10F3C40093FF06E0002F06D130001324FCF78CFFD6
:10F3D40064422000FEBD2B00A0331B682A0000936A
:10F3E40029002B0098329C33943138001B68126832
:10F3F4000968FFF76DFF041EE0D12B68390028006F
:08F404005B6A98470400D9E798
:10F40C0010B51F2201244308002B06D01900400020
:0EF41C0021400843013A5B08F6E7904010BD1E
:10F42C00F8B515000E001F220127040000684308E0
:10F43C00002B06D01900400039400843013A5B0804
:10F44C00F6E79040FFF7DCFF721931000F260B4DE9
:10F45C0020608A4210D00B7801311F0047403740A2
:10F46C00BF007F59000947401B097B4033409B007C
:10F47C0058593F097840ECE72060F8BD889401109A
:10F48C00436870B504000D00002B09D10B68010016
:10F49C00DB6D280008319847002800D1656070BDED
:06F4AC0016204042FBE7C0
:10F4B20010B504004068002806D00368A1681B6EDE
:0EF4C20098470023636010BD16204042FBE710
:10F4D000054B10B50833036043680400002B01D0CE
:0CF4E000FFF7E7FF200010BD74A701102B
:10F4EC0010B50400FFF7EEFF20000C21FCF710FD17
:04F4FC00200010BD1F
:10F50000030040680A0010B5002804D14B220449CA
:10F510000448FBF769FF01688C6E9968A04710BD2D
:08F5200068A7011070A701109B
:10F528000300406810B5002804D151220449054859
:10F53800FBF756FF02689968D26E904710BDC04627
:08F5480068A7011070A7011073
:10F550000300406810B5002804D15722044905482B
:10F56000FBF742FF02689968126F904710BDC046D2
:08F5700068A7011070A701104B
:10F578000300406810B5002804D15D2204490548FD
:10F58800FBF72EFF02689968526F904710BDC0467E
:08F5980068A7011070A7011023
:10F5A000436870B504000D00002B04D144220849C3
:10F5B0000848FBF719FF022228000021FF3203F060
:10F5C00071FD60682A000368A1685B6E984770BD92
:08F5D00068A7011070A70110EB
:10F5D800034B083303600023436083607047C046D1
:04F5E80074A70110F3
:10F5EC0070B50D0041680400002909D129680E6B23
:10F5FC00010028000831B047002800D1656070BDBB
:06F60C0016204042FBE75E
:10F6120010B504004068002806D00368A1685B6B3F
:0EF6220098470023636010BD16204042FBE7AE
:10F63000054B10B50833036043680400002B01D06C
:0CF64000FFF7E7FF200010BDD4A7011069
:10F64C0010B50400FFF7EEFF20000C21FCF760FC66
:04F65C00200010BDBD
:10F6600070B5040040681300002804D14422054905
:10F670000548FBF7B9FE0268956B0A00A168A84728
:0CF6800070BDC046C4A70110CDA701104A
:10F68C0070B5040040681300002804D14A220549D3
:10F69C000548FBF7A3FE0268D56B0A00A168A847D2
:0CF6AC0070BDC046C4A70110CDA701101E
:10F6B8000300406810B5002804D1502204490548C9
:10F6C800FBF78EFE02689968126C904710BDC04621
:08F6D800C4A70110CDA7011029
:10F6E0000300406810B5002804D15622044905489B
:10F6F000FBF77AFE02689968526C904710BDC046CD
:08F70000C4A70110CDA7011000
:10F7080070B5040040681300002804D15C22054944
:10F718000548FBF765FE0268956C0A00A168A847D2
:0CF7280070BDC046C4A70110CDA70110A1
:10F734000300406810B5002804D16222044905483A
:10F74400FBF750FE02689968D26C904710BDC04622
:08F75400C4A70110CDA70110AC
:10F75C000300406810B5002804D16822044905480C
:10F76C00FBF73CFE02689968126D904710BDC046CD
:08F77C00C4A70110CDA7011084
:10F784000300406810B5002804D16E2204490548DE
:10F79400FBF728FE02689968526D904710BDC04679
:08F7A400C4A70110CDA701105C
:10F7AC00030040680A0010B5002804D174220449F3
:10F7BC000448FBF713FE01688C6D9968A04710BDD7
:08F7CC00C4A70110CDA7011034
:10F7D400034B083303600023436083607047C046D3
:04F7E400D4A7011095
:06F7E8005820404270476A
:06F7EE0058204042704764
:06F7F4005820404270475E
:04F7FA000020704734
:0EF7FE0010B5036800229C6C0123A04710BDCB
:0EF80C00036810B59C6C00231A00A04710BDC5
:10F81A00F8B503680400DB6C0D00984723680600FE
:10F82A0029009F6C002202232000B84723680700A2
:10F83A009B6C32009C462900002320006446A047A6
:04F84A003800F8BDCD
:06F84E0058204042704703
:02F854007047FB
:04F8560000207047D7
:0CF85A0010B5036800229B6E984710BD9B
:10F866000368F7B5DB6E04000D009847019002208F
:10F87600FF30FCF71CFB23680600290020001B6FE5
:10F886009847002723683200290020005B6E9847BE
:10F89600002801DD0137F5E72368290020009B6E6B
:10F8A600019A984702213000FF31FCF734FB3800FB
:02F8B600FEBD95
:10F8B80010B50400024B0360FFF7B6FE200010BD30
:04F8C80030A8011053
:10F8CC0010B50400FFF7F2FF20000C21FCF720FB21
:04F8DC00200010BD3B
:10F8E000F7B506000C201F000D000192FCF7E2FAAC
:10F8F0000400FFF76FFF094B3100236020003B003D
:10F90000019AFFF773FE061E05D0236820005B688E
:10F9100098473000FEBD2C60FBE7C04630A80110C0
:10F9200010B50400024B0360FFF7D2FD200010BDAC
:04F9300084A8011096
:10F9340010B50400FFF7F2FF20000C21FCF7ECFAED
:04F94400200010BDD2
:10F94800F8B505000C200E001700FCF7AFFA04000C
:10F95800FFF73EFE084B29003A0020002360FFF71E
:10F9680091FD051E05D0236820005B689847280094
:0CF97800F8BD3460FBE7C04684A8011015
:10F9840010B50400054B012208C0FBF7FBF9044B3A
:10F9940020002360034B636010BDC046109B011020
:08F9A400B0A8011030A9011008
:10F9AC0070B50400FFF72FFE0500236820005B688C
:06F9BC009847280070BD11
:10F9C20070B50400FFF774FD0500236820005B6832
:06F9D2009847280070BDFB
:10F9D800F7B50025684600950195F8F713FDA8428C
:10F9E80044D12348234C24182348241A210068466C
:10F9F800F8F7F8FC0500601E2900F0F73BFD461CEF
:10FA08006846F8F7F3FC04006846F8F7F3FC0700CB
:10FA18006E43E4196846A41B6D00F8F713FD29002E
:10FA28002000F0F797FE002907D02000E1172A00F0
:10FA3800EB17F0F74DFF68430400104F3B78BFF316
:10FA48005B8F0F4DDB0711D43800FCF721F8002835
:10FA58000CD0220031002800FCF7D4FF3800FCF756
:10FA680039F82800074A0849FBF7FEFF2800FEBDC1
:10FA78009CC201108C110020C0000020601C0020D6
:0CFA8800B0110020580300204DC90010F0
:02FA94007047B9
:04FA96000120704794
:10FA9C00054B064A1A608022054B5202DA6480221A
:10FAAC009205DA647047C04690001150931401001F
:04FABC0000201150C5
:02FAC00070478D
:10FAC4008022024B92021A607047C0469020115067
:10FAD4008022024B92021A607047C0469030115047
:04FAE4008160704786
:10FAE8008022024B5201DA647047C0460020115050
:08FAF80000487047D4AA011078
:04FB000040207047EA
:10FB0400D03003790160591E8B4192055B03920D3D
:10FB14001A438023DB001A43034BDA6703795A4202
:0CFB2400534103717047C04608001050A8
:10FB30000322054B9A668022044B1201191D0833DB
:10FB4000CA67DA677047C0460000115000001050C5
:10FB5000F0B57F270F400400CE111648791EC9006A
:10FB60000D18002E01D014480D18E820000184461D
:10FB7000E16800205118614519D20C217943864271
:10FB800016D01031002061180871E0680B4E9B06FA
:10FB9000861981308E60FF30094903430B432B6087
:10FBA0003F2301203F329A43E3689A18E260F0BD98
:10FBB000D031E7E70C0010500800105080011050C1
:04FBC000000002A09F
:02FBC400704788
:10FBC8007F231940044BC900C9188023CA6F1B0141
:0CFBD8001343CB677047C0460800105074
:10FBE4007F231940034BC900C918CB6F024A134045
:0CFBF400CB67704708001050FFF7FFFFC0
:10FC000030B57F242140733C4C4300190400D034AC
:10FC10002260D43002789B051400651EAC419B0D18
:10FC2000640323438024E4002343044CC9000919DE
:10FC30004B6053425A410270012030BD8000105089
:10FC4000C82110B504004900FCF768F9200010BD78
:10FC500010B5054A0021054803F024FA8022044B20
:10FC60005202DA6410BDC046F80F000008001050C0
:04FC700000301150FF
:10FC7400080010B5082A00D90822024903F07EF9C9
:08FC840010BDC0460000105045
:10FC8C00094B10B5DA6F002413040AD50300D033E6
:10FC9C0018689205940D002803D02200996803F08F
:0CFCAC0069F9200010BDC046080010508F
:10FCB80070B504001500002902D0806903F05CF9D2
:10FCC800FFE7FFE7FFE7FFE7FFE7FFE7227D531EB8
:10FCD8009A41842352032A431B021A43034BDA67CF
:10FCE800237D5A425341237570BDC046040010500D
:10FCF8007F230D4A1940CB009B185B6810B5002480
:10FD08001A040ED59C050C23594341180B00D03317
:10FD18001868A40D002804D0D8312200096803F01F
:0CFD28002BF9200010BDC04680001050D8
:10FD3400F8B57F24060017001D000C40002A07D0E8
:10FD44000C236343C3182A003900986903F016F999
:10FD5400FFE7FFE7FFE7FFE7FFE7FFE70C2060436C
:10FD64003018027D10341300591E8B4184215B032B
:10FD74002B4309020B430449E400635053425A41A4
:0CFD840002750120F8BDC04600001050C0
:10FD9000036810B59B6998472022034BDA67BFF3CD
:0CFDA0004F8FBFF36F8F10BD04E100E037
:10FDAC002022074B10B5DA67BFF34F8FBFF36F8F6D
:10FDBC00044B1B6858680368DB6A984710BDC04643
:08FDCC0004E100E0D81D002055
:10FDD4000023202210B58360134B41601860134B3D
:10FDE400DA67BFF34F8FBFF36F8F8023104A5B0432
:10FDF4001360104A10481360190082689143FBD1C4
:10FE040080220E48520103F04BF909220C4B5A6729
:10FE140003329A670B3A1A640A4B0B4A9B685A6579
:10FE240020220A4B1A6010BDD81D002004E100E016
:10FE340000E0004000F0004000C00040000010500E
:10FE44000000115000ED00E0ADFD001000E100E005
:10FE5400F0B5040085B080224A4E520133684A4D01
:10FE6400134218D00026494A310049482E6003F055
:10FE740017F980231B03E6602B6501F01BF960680A
:10FE840003689B689847C0212022424B49005A507E
:10FE94001A6005B0F0BD802233685202134210D0BC
:10FEA400210001223C4BD4312275A3610A70220047
:10FEB4006068D83213600368DB68984780239B022C
:10FEC4002B653368DB0621D433689B0353D4336832
:10FED4001B0408D58022314B60685201DA64036840
:10FEE4000021DB69984733685B0406D510236068FA
:10FEF4002B6503680121DB6998471022336893431B
:10FF0400C1D03368029301230393A4E7AB6D01933B
:10FF14000123019A1A420AD06068AB6503685B69E1
:10FF24009847A368002B02D02B600023A360022310
:10FF3400019A1A4204D06068AB6503681B6998474C
:10FF440002270123BB40019A1A420AD00E4A606874
:10FF54009365012203687910174206D05B6AC9B21F
:10FF640098470137202FECD1AEE78022524211434B
:10FF74009B6AC9B2F4E76068A96C03681B6A984776
:10FF8400A5E7C0469800115000001150F80F00007A
:10FF94000800105000E100E0000110500020115052
:10FFA40070B50E4D01232A78BFF35B8F16000C4CFD
:10FFB4001E401A4210D12800FBF76CFD00280BD01C
:10FFC400084B2800083323606660FBF785FD20009A
:10FFD400054A0649FBF74AFD200070BD541C002069
:10FFE4008C1E002058AA01105803002095FA001016
:0CFFF400F8B50C00164E0500310020008E
:020000041001E9
:10000000FAF7A4FCC0B2FF2804D10E22124913480B
:10001000FBF7EAF9124F3B78002B03D100F02EF9E1
:1000200001233B7031002000FAF7A4FC1F21287047
:10003000200000F0C1FA00222000110000F0DCFADC
:100040000021200000F00EFBF02C02D10222054B13
:100050001A60F8BD38A901104BAB01105AAB011062
:08006000E12B002000E0044048
:100068000B4A037811681B034B40E021C9010B4080
:1000780008490B600421084B1960130080225200C4
:1000880019681142FCD05868000180B27047C04618
:0C00980000C0044000D0044000E0044020
:0400A4000020704781
:0400A800002070477D
:1000B000F0231B0670B5CD1809050C0D00290AD1D7
:1000C000FBF758FA80212800490100F009F8FBF7F6
:1000D00067FA200070BD01204042FBE700000000ED
:1000E00001B40248844601BC604700BF25010020DE
:1000F000002010B5984201D1002010BD0C5C1454B2
:040100000130F7E7EC
:10010800F8B51700F02212068C182600FF221640B8
:1001180014420FD11D0A13405A1E9341ED18FBF7E4
:1001280025FA200039002A0200F00AF8FBF734FA11
:100138003000F8BD01204042FBE70000000000004D
:1001480001B40248844601BC604700BFD1010020C9
:06015800802080037047C7
:06015E0080204001704703
:06016400802040007047FE
:06016A00802040057047F3
:04017000FF207047B5
:100174000023C25E01239340D0221206002901D03D
:08018400536170479361FCE731
:10018C00D0231B060021425E5B680120D34018403F
:02019C007047AA
:10019E0010B501804B1C02D0080000F06AFA10BDA9
:1001B0000023C05E10B5431C04D131220749084812
:1001C000FBF712F98A1E013953425A414B425941F9
:1001D000D2B2C9B200F010FA10BDC046C8AB0110CF
:0401E000D3AB01108C
:1001E4000023C25E10B5531C04D10A490A483932AF
:1001F400FBF7F8F88170012904D1D02391401B0644
:10020400596210BD0029FCD101239340D02212066B
:0C0214009362F6E7C8AB0110D3AB0110F9
:1002200010B500F0B5FF0122014B1A6010BDC046A9
:0402300094290020ED
:10023400024BC918890001607047C0464000003471
:1002440010B5040000F08EFC01002000FFF7F0FF61
:0A025400FF232371BFF35F8F10BD7D
:10025E0010B5040000F081FC01002000FFF7E3FF61
:0A026E00FF23A380BFF35F8F10BDD4
:020278007047CD
:10027C000123084A08491360084A136018008A6869
:10028C009043FBD1064A136080235B00116819422E
:10029C00FCD0704700E0004000C0004000F000407F
:0402AC0000C004404A
:1002B000EFF3108072B6034A1368002BFCD0BFF333
:0802C0005F8F70472C0100D094
:1002C800BFF35F8F0022024B1A6080F310887047DB
:0402D8002C0100D025
:1002DC000722CB08C35C0120114088401840431E04
:0602EC009841C0B270470A
:1002F200F8B505000C001700FFF7D9FF2100060032
:100302002800FFF7EAFF002803D02100380000F0A0
:10031200ACFF07210123E2080C40A340A95C300096
:0A0322000B43AB54FFF7CFFFF8BD0B
:10032C0070B505000C00FFF7BDFF2100060028008A
:10033C00FFF7CEFF002805D13321084B084A0948A6
:10034C0000F008FF07210122E0080C40A2402B5CC2
:10035C0093432B543000FFF7B1FF70BDEBAB011092
:08036C0068AC01100AAC01109D
:10037400F0B585B01D000A9B0700009103929D42D1
:1003840005D22D21314B324A324800F0E7FE0C24CD
:100394002B0E02932D02002328000A9A0299F0F7EB
:1003A40099FA7C432C4B0600E4186368834200D21C
:1003B40060603B1FDBB20193C023019A9B0123437E
:1003C400012A34D8009A012A31D102321A60009BE2
:1003D400A2681A42FCD0039A236852015A40802131
:1003E400E02349011A40019B21430A60012B0BD8E9
:1003F4002368009A5340032213400B600123009AA0
:100404009340A2681342FCD0802380229B012343A3
:1004140012011A6028003200002302996660F0F786
:1004240059FA0E4BBF00D851012005B0F0BD80220F
:1004340012011A60094BBA00D1580029CBD058696F
:10044400F0F71AF801300138FDD1C4E777AC011098
:10045400E8AC011088AC011000800040F8260020B0
:1004640073B50C2000F074FD00F034FE00280AD0AF
:1004740000232B4A2B489900013388500A2BFAD1C8
:10048400294B536273BD294CA06700F069FD01221A
:10049400274B1A60636C012BFCD10322254B1A6095
:1004A400A66B012EFCD10224310000940623224ABB
:1004B400224800F0CDFA310000940523204A214857
:1004C40000F0C6FA204B214D2100009300220420A5
:1004D400FFF74EFF2B003100002200950520FFF7A7
:1004E40047FF00220F4C1100230000940720FFF760
:1004F4003FFF00222300110000940820FFF738FF7B
:100504000022094B1100009309202300FFF730FF5C
:1005140000222B00110000950620FFF729FFB1E708
:10052400F8260020006CDC021BB7000000800040AD
:100534003CB0004030B00040002F685900800240B9
:1005440000389C1C00C00240001BB70040597307D0
:0C055400014B8000C0587047F8260020C2
:1005600030B5002489B009222100050001A80094BB
:1005700002F098FD0922210005A8049402F092FDE2
:100580006A464B236846137004A90D2200F00CF84C
:1005900004AB1B195B792B550134082CF8D109B039
:1005A00030BD00000000000001B40248844601BCD8
:0805B000604700BF7D0200203E
:1005B800084B8200D218402310B51468C00063406D
:1005C800C02423408024640122431360024BC018D6
:0C05D800416010BD04C001400040014023
:1005E400034BC000C0181F23406818407047C04622
:0405F4000040014082
:1005F800094B8000C0184B1E9941531E9A41C900EF
:10060800036892001143594080230C225B0111407A
:0C061800184301607047C04604C0014058
:10062400064BC000C018036809045940C0239B024C
:10063400194080235B011843016070470440014066
:10064400064BC000C018036809035940C0239B012E
:10065400194080235B011843016070470440014046
:10066400054B8000C01840228023002900D1C023FC
:0C0674009B0118430260704704C0014065
:100680000123D022834010B51206936205219361A5
:06069000FFF792FF10BD10
:10069800074B10309B688000C150BFF35F8FBFF3DA
:1006A8005F8F0021034B196082F310887047C046A2
:0806B80000ED00E0240100D078
:1006C000038810B5DA0A1C2A05D09921044B054A83
:1006D000054800F045FD5B051B150433C01810BD2F
:0C06E0002BAD01107FAE011040AD0110E9
:1006EC000439081A430810B5000B05D08B21044BB4
:1006FC00044A054800F02EFD0448184380B210BD92
:10070C009AAD01105CAE011040AD011000E0FFFF8E
:10071C0001228240034B1B681340581E8341D8B200
:08072C007047C04600E100E047
:10073400002904D0034B1860034B18607047034B27
:10074400FBE7C04680E200E000E100E080E100E079
:0E0754000123834010B51800FFF7EAFF10BD27
:10076400024B10309B688000C058704700ED00E0D9
:1007740070B504000D00EFF3108672B60C4A1368CE
:10078400002BFCD0BFF35F8F2000FFF7E9FF094B7C
:10079400984207D0A84205D06E21074B074A084863
:1007A40000F0DCFC320029002000FFF773FF70BD6D
:1007B400240100D0CD010010AAAD011042AE0110F9
:0407C40040AD011033
:1007C800F0B5060085B00F00EFF31083029372B600
:1007D8004E4A1368002BFCD0BFF35F8F34004C4B9C
:1007E80010349B68A200D3580193019A494B9A424E
:1007F80067D0BA4200D181E0474D531B2F2B60D8F8
:100808003000FFF787FF002103903000FFF79EFFBD
:10081800BFF35F8FEFF717FD002808D0844206D09A
:100828001E213E4B3E4AFF313E4800F095FC012315
:100838000C21019C3C4A9C4323005B1B5B415A43AF
:10084800120D8C4600230625A1686557B9420ED1C2
:10085800002D14DA002841D1002B3CD0FF219971DA
:1008680032499980324B19781A70A17125E0002D10
:1008780046DB63465D43284923004C19E3E70C2017
:100888006843254F3B189A68A260DA79E27106221C
:100898009A56A2719B797F2B1AD80430C019FFF79A
:1008A8000BFF0100201DFFF71DFF0C236B43FF18F2
:1008B8001F4BA0801A781D70BA7130000399FFF79A
:1008C80045FF3000029A0199FFF7E2FE05B0F0BD3E
:1008D800BD200002E9E70F4B0193C3E7154B1B1B33
:1008E800083B5A081B0B03D09321134B134A9BE771
:1008F800134BA380134B1343E380DEE70193E0E738
:10090800A921114B064A49008EE7C046240100D0B0
:1009180000ED00E0CD01001058070020E0AD011007
:100928008EAE011040AD0110AAAA000000BDFFFF65
:10093800DF2B0020920700209AAD011068AE01104D
:0C09480000F0FFFF00F8FFFF04AE0110FC
:10095400F8B50126294C06430500331B2F2B04D977
:100964007821274B274AFF3107E0EFF76EFC002878
:1009740006D1BD21244B234A4900244800F0EEFB54
:10098400EFF3108772B6224B9C461A68002AFCD0FB
:10099400BFF35F8F1F4B2A00121B524153431B0DA1
:1009A4001D4A800092685BB2125811000022B142C5
:1009B4000FD1194A194992681150194A11781370C4
:1009C400A971BFF35F8F00236246136087F3108819
:1009D400F8BD06216156994208D10C214A430749C2
:1009E4008A18FF2191710F499180E6E701320C3496
:1009F400042AEED18C210C4B024AB4E7580700209C
:100A04000AAE0110A1AE011032AE011040AD0110CA
:100A1400240100D0AAAA000000ED00E0CD010010DE
:0C0A2400DF2B002000BDFFFF3CAE0110E6
:100A3000054B064A1360064A136053609360D36007
:100A400013615361936170478080808000E400E00F
:040A500004E400E0DA
:100A5400F7B504000C2017001D000E00EFF70CFD85
:100A64002E49019041433800EFF706FD0200982318
:100A7400103A5B009A4205D91621294B294A2A4883
:100A840000F06CFB6B1E062B03D8089B013B062B66
:100A940003D91921254B234AF1E7089B9D4203D230
:100AA4001F21234B1F4AEAE7019B3A099A4203D2CA
:100AB4002221204B1B4AE2E7089B2D041F032368D5
:100AC4002F43002B0ADA3F2223681340B34205D197
:100AD400A3681B051B0D834200D1E368164B9C429F
:100AE40019D080235B01154A15491360154A136018
:100AF4001D008A689543FBD1C023221D9B0113432B
:100B040021222660A0601A602268002AFCDA0822EA
:100B1400E7601A60F7BD80239B01E4E740420F00C1
:100B2400BBAE0110ACAF0110D7AE011031AF011054
:100B34007AAF011091AF011000C0024000E0004004
:080B440000C0004000F0004079
:100B4C000021044B044ABFF35F8F02C39342FAD1D6
:0C0B5C007047C046000100D0800100D0AE
:100B6800044A1078431CDBB2172B01D81370704766
:080B78001023FBE7A007002099
:100B8000F7B5EFF305823F231A40100001921038A9
:100B9000EFF3108772B6184B1A68002AFCD0BFF327
:100BA0005F8F012634008440144D154B6C631B7815
:100BB0001A00C24094466146002231420AD0114ECA
:100BC000696A8500AE59B1420FD30F4A0C49A3435D
:100BD000AA580B70BFF35F8F002307490B6087F3A0
:100BE00010889A4200D09047F7BD019B07499B00AF
:100BF0005B1819681960EDE7280100D00040054036
:100C0000E52B0020442B0020E4250020D03F0540A8
:100C100010B50100024A0348FFF76BFB10BDC04648
:080C2000B5AF0110DC2B002030
:100C280010B501000148FFF77DFB10BDDC2B00204B
:100C3800034B596A0A00986A596A8A42FAD170477E
:040C48000040054023
:100C4C00054B5A6A8A42FCD38A4202D19A6A824282
:0C0C5C0000D370475A6AF7E700400540DB
:100C680070B504000D00FFF7E3FF02000B00200041
:100C78002900801859418B4204D801D1824201D8F9
:100C8800002905DA3F21044B044A054800F064FABC
:100C9800FFF7D8FF70BDC046D7AF0110D3B0011021
:040CA800F2AF011096
:100CAC00F7B504000D00EFF3108772B61C4B1A68F1
:100CBC00002AFCD0BFF35F8FA3001A4E0193002DC6
:100CCC001BD02000FFF748FD86420BD031002000DE
:100CDC00FFF74AFD01212000FFF736FD0123A34059
:100CEC00114A1360114B019A9D50BFF35F8F002383
:100CFC000B4A136087F31088F7BD0C4BA2009D5074
:100D0C000122A2400A4920000B7893430B7031005A
:100D1C00FFF754FD29002000FFF716FDE5E7C0465C
:100D2C00280100D0810B011038600540E42500201B
:040D3C00E52B002083
:100D4000F0B587B01E0007000492FFF775FF049B03
:100D5000350003938E4202D850D183424ED9EFF32F
:100D60001083059372B6264B1A68002AFCD0BFF395
:100D70005F8F0124BC40234B04991B7801932343CC
:100D8000DBB20293029A1F4B1A701F4B3A1D92005E
:100D90005C63D1501D49BA0056501A6A1E002242A7
:100DA00013D11B6C23420AD00020BFF35F8F0023B6
:100DB000134A1360059B83F3108807B0F0BDC1216F
:100DC000134B144A144800F0CBF9FFF735FF8D425E
:100DD000EAD802D1039B8342E6D8029B019A012004
:100DE0009342E2D01F2302003B409A400B4B3462F7
:100DF00074631A60034B019A1A70D6E70120DCE78E
:100E0000280100D0E52B002000400540442B0020A5
:100E100054B00110E8B0011075B0011080E200E09C
:100E200010B5EFF3108472B60A490B68002BFCD0A2
:100E3000BFF35F8F01238340074A0848136202789B
:100E40009A430270BFF35F8F00230B6084F3108816
:100E500010BDC046280100D000400540E52B002011
:100E6000054B984204D08023DB03044A136070478B
:100E700080231B04F9E7C0460080034000E00040E7
:100E800070B5060006200C00FFF764FB2100C000CF
:100E9000EFF7F4FA0124C50907D00E4B9D4215D88F
:100EA0007F23184000192C0045088020002374621D
:100EB0008001B5622C36064333600620FFF74AFBFB
:100EC000A10149198000EFF7D9FA70BD0025024C45
:0C0ED000EBE7C046FEFF0000FFFF000043
:100EDC0070B5040006200D00FFF736FB002825D066
:100EEC00144B9C4223D08023DB03134A1349136019
:100EFC00134A136018008A689043FBD12900200024
:100F0C00FFF7B8FF6023E26A210053406E221340C2
:100F1C0080222C3152010A4313600A4B10222363A6
:100F2C0080239B010B431A600323A36470BD8023B1
:100F3C001B04DAE70080034000E0004000C00040E2
:080F4C0000F000400103000069
:100F54008023024A9B000343D3627047008005400C
:100F6400AA22064B12011A602F220549DA60054AAB
:100F740011605A68002AFCDA7047C04600400240FB
:080F840000B0FA000060024019
:100F8C00142310B50100188804331B88984710BD32
:100F9C0070B50400012689004518AC4201D130001F
:100FAC0070BD2068FFF7ECFF01C4431E984140421E
:040FBC000640F2E712
:100FC0008022094B5202196D1142FCD009225A6746
:100FD000064B053ADA67064B1A68064BDA67064B8A
:100FE0001A68064B1A647047000011500430115003
:100FF0009027002000400140342B002000C0014019
:1010000010B51020FFF7EEFA082802D11D4800F0B5
:101010002DF91D4B0F20DA6F1C4B1A601C4B1A6CFC
:101020001C4B1A6001221100FFF7E6FA02210F2083
:10103000FFF708FB184B03211A68082353401F22AF
:101040001340164A0F201360FFF7ECFA0222144BEC
:10105000DA67144B9218DA67134B08325A671B6D24
:101060001B079B0F012B05D07B21104B104A114809
:1010700000F076F8FA2000218000FFF7F5FDFFF779
:101080009FFF10BD02B101100040014090270020D9
:1010900000C00140342B00207C4001407C500140C6
:1010A00000201150042011500000115024B10110F3
:0810B000CAB101103CB10110AE
:1010B80010B500F015F8012807D1032203490B6D7C
:1010C8009B081342FBD0FFF797FF10BD000011509B
:1010D800024B18688007C00F7047C04600C0064022
:1010E8008023DB0518680B49030B020510B59BB27A
:1010F800120D8A4205D02221074B084A084800F001
:101108002BF8022B03D02321064B044AF6E7000FE5
:1011180010BDC04627090000E8B101107AB20110DD
:0811280009B2011069B20110C7
:10113000084A03001168002901D1074911601068AD
:101140000649C3188B4201D8136070470120404202
:10115000FBE7C04694270020C4AC002000FC03201D
:1011600013B50C001900074B002A01D1064B1A00D9
:101170000192009302002300044801F0F5FF00BE35
:10118000FDE7C0468EB20110C9B201109BB201103A
:10119000264B274A70B51A60264A274C1500274B64
:1011A0002360180091688843FBD1254E254B9E4251
:1011B00025D3FFF757F9244B2360AB68DB0180335D
:1011C000FBD14022214B22489A675A671A67DA6698
:1011D000204B984216D3204D204CC0222800A168F5
:1011E00001F0CEFEA560EFF732F8002800D000BE77
:1011F000FFF7ACFCFFF71CFCFFF73EF870BD08CE14
:101200009847D3E7040003680834002B0BD0012B68
:1012100005D08321124B134A1348FFF7A1FFFFF7B4
:101220001EF82000D4E7FFF70DF8FAE700E00040D1
:10123000BFCDFBFE00C0004000F00040FE7F3C0040
:101240006C11002070110020FFFFFF0100F0014031
:101250006C1100206C1100200000002000ED00E067
:0C126000CAB2011055B30110E7B2011032
:10126C000FB407B5074801F0DBFF049B002B07D038
:10127C0005A91800019105F0F5FA034801F0D0FF1B
:0C128C0000BEFDE745B3011053B3011094
:1012980010B5034B034A1B6800211068984710BD1E
:0812A8001C290020382B002056
:1012B00010B5034B034A1B6800215068984710BDC6
:0812C0001C290020382B00203E
:1012C800F7B5160004000D001022002907D1254BA0
:1012D8001B68002B03D0244901F092FEF7BD0021C2
:1012E800200001F0DBFE01235B422049A3602800B7
:1012F800E580A680F9F726FB1D49C7B23000F9F74B
:1013080021FBC0B2874206D000221A4913001A48AE
:101318000092FAF799FA78427841E121174B404256
:101328008003C01849022060FFF7D4FD022128007D
:10133800FFF73EF902213000FFF73AF910221000BA
:101348002368D96A2C338843802149010B431860EC
:10135800002DC3D12100044801F052FE0122014BA7
:101368001A60BBE7402B00208CAC0020ECA90110D0
:1013780080A9011062B301100901098000800340AF
:0A13880010B50068FFF768FD10BD06
:1013920010B50400C1600068FFF79FFD10212368AB
:1013A200DA6A2C339143802252011343196010BD33
:1013B40037B51D00022A1CD8114B00689C5C4B1FDA
:1013C400691EC9005B010B4321004D1EA941013C6C
:1013D40049000B4361424C41C16AA40023434B4082
:1013E4006E2102000B4080212C3249010A43136014
:1013F40037BD00220349130003480092FAF726FA86
:0C14040089B3011076B3011009010980C2
:1014100010B50068044C054BA04203D11A60044B80
:10142000196010BD5A60FAE700400340382B0020D5
:041430001C29002053
:10143400F8B50C0003681F4915005E18711E8E4133
:101444001D4A07001D491436934200D01C496A1EE8
:1014540095413000FFF78CF93000E9B2FFF778F9D5
:101464003B68012C15D0002C16D1210010220A4310
:101474006142614189010A439A63002C0FD13821EA
:101484005A6B34330A40190080235B010B431A6002
:10149400F8BD20210022EAE700210A00E7E7012C39
:1014A400F6D10722596B3433114080225201134381
:1014B4001960EDE700C0FCBF004003409912011021
:0414C400B112011050
:1014C8001022036899691142FCD11868C0B27047AC
:1014D8008022036898691042FCD0C9B2196070472D
:0C14E800036801209B691B0998437047B2
:0A14F400036898690006C00F7047F6
:1014FE0070B504000D00100022816381531C02D0D0
:10150E000221FFF752F80A23E05E431C02D00221AB
:10151E00FFF74BF8246880222300C021303352019C
:10152E001A430902032D03D1236B9943116070BD39
:10153E00022D09D00023012D09D00020246B034376
:10154E0063400B401360F2E780231B02F5E7802017
:04155E00C001F3E7EE
:0C15620010B5002801D1F9F7ECFB10BD1A
:08157000004870478CB3011024
:1015780010B50020FFF748FB00200249FFF792FB57
:0815880010BDC04663150110FF
:0C159000014B986A7047C04600400540BF
:10159C00F7B50025124C0190F9F7E6FF019EA36AFE
:1015AC002F009E420DD2FFF741FB2A004B1CB618B0
:1015BC005F4132003B000020FFF7BCFBF9F7EAFF6C
:1015CC00F7BDFFF733FB0029F3D0FFF72FFB012307
:1015DC0001225B428018594160602560E9E7C046F2
:0415EC000040054076
:0815F00010B5F9F7A7FB10BDCF
:0A15F80010B50020FFF710FC10BD35
:0816020010B5FFF7F8FF10BD61
:0A160A0010B50020FFF70BFB10BD28
:1016140010B5062001F0D4FF0120FAF721FAC046E4
:0C162400014B18687047C046C00700204A
:1016300070B505000C1E47D0002802D0836B002B2C
:1016400048D001260C22A35E626E32423FD19B0538
:1016500030D52100280000F061F8E36A0600002B75
:1016600004D0E1692800984700283CDBA3891B06C9
:101670003CD4216B002908D023004033994202D08A
:101680002800F9F7ABFE00232363616C002904D026
:101690002800F9F7A3FE0023636400F0F3F90023A8
:1016A000A381636EDB0726D5A06D01F0B1F800F0D1
:1016B000F1F90AE0A06D01F0ADF80C22A35E002B59
:1016C000C7D1636E1E401AD00026300070BD002BBB
:1016D000FAD0BEE7012600F04FF90C22A35E626E3D
:1016E0003242F4D1B3E701267642BFE721692800F0
:1016F000F9F774FEBDE7A06D01F08EF8D4E7A06D98
:0817000001F08AF8E1E7C046A0
:1017080010B5034B01001868FFF78EFF10BDC046E7
:04171800C0070020E6
:10171C00F0B5C64600B50C23CA5E804693B20C00E9
:10172C00190746D480231B0113436268A381002A46
:10173C005FDDA56A002D5FD0424641461668002247
:10174C009BB20A60E169DA0400D57EE00123002235
:10175C004046A847431C55D0A389A56AE1695B079D
:10176C0006D56368C01A236B002B01D0E36BC01A3B
:10177C00002302004046A847431C4FD0A389364A99
:10178C0013400022626022691BB2A3812260DB0439
:10179C0059D44346216B1E6000292DD023004033C1
:1017AC00994202D04046F9F713FE00230020236330
:1017BC0023E02669002E1FD022682660951B00228C
:1017CC009B071DD0A260002D04DC15E036182D1AE5
:1017DC00002D11DD2B003200E1694046676AB847E5
:1017EC000028F3DCA389402201201343A38140424B
:1017FC0003E0E26B002A9CDC002004BC9046F0BDA8
:10180C006269DFE743461B68002BA5D01D2B01D076
:10181C00162B1CD1434600201E60EEE743461D6884
:10182C000C22A35E1D2DDED80C490122E9408A430F
:10183C00D9D10949626022690B40A3812260DB0483
:10184C00A7D5002DA5D12065A3E7206D87E7402201
:10185C00A3891343A381D0E7FFF7FFFF01004020CA
:10186C0070B505000C00002802D0836B002B16D03D
:10187C000C22A35E0026002B0FD0626ED20701D47F
:10188C009B0513D521002800FFF742FF636E06006D
:10189C00DB0702D4A3899B0504D5300070BD00F092
:1018AC0065F8E5E7A06D00F0B1FFF6E7A06D00F07C
:0418BC00ABFFE7E7B0
:1018C00010B5011E04D0054B1868FFF7CFFF10BDFF
:1018D000034B0449186800F0D7FEF8E7C007002062
:0818E0009CB401106D18011009
:1018E800002310B504000360436083608181436670
:1018F800C281036143618361082200215C3001F0E9
:10190800CDFB2000064BE4612362064B583063622E
:10191800054BA362054BE36200F074FF10BDC0469F
:1019280009360110313601106D3601109936011053
:1019380010B5024900F0A4FE10BDC04631160110D2
:1019480070B568244A1E54430E0021007431F9F71B
:10195800F7FC051E09D000232200036046600C3006
:10196800A8606832002101F099FB280070BDC046CC
:1019780070B50400144D280000F048FFA36B002B3D
:101988001DD1124A0421E263B8229200A350B92360
:1019980003229B00E2500833E218043BE2506068DF
:1019A8000022FFF79DFF01220921A068FFF798FF99
:1019B80002221221E068FFF793FF0123A3632800A6
:1019C80000F026FF70BDC046A0AC002039190110F8
:1019D800F8B5274E0700300000F018FF254B1D68AA
:1019E800AB6B002B31D0B8239B009C4665446B68D9
:1019F800AC68013B03D523E06834013B20D30C21BC
:101A0800625E002AF8D1002520001B4B5830E360A5
:101A1800656600F0F7FE300000F0FAFE2000256051
:101A2800A560656025616561A561082200215C30BB
:101A380001F034FB256365636564A5642000F8BD87
:101A48002868002805D00500D1E72800FFF790FF97
:101A5800C9E704213800FFF773FF28600028F2D196
:101A6800300000F0D5FE0C2300243B60E6E7C046BA
:0C1A7800ACAC00209CB401100100FFFF8A
:101A840010B5024800F0C4FE10BDC046ACAC002046
:101A940010B5024800F0BEFE10BDC046ACAC00203C
:101AA400F0B583B00F00110001AA050006F08AF812
:101AB400061E36D02800FFF78DFF041E31D0DB232D
:101AC40039005B00019A280001F038FB071E1FDB78
:101AD400636EDB0715D5194BE7812362184BA6818A
:101AE4006362184BE461A362174BE362F3051AD4F3
:101AF400636EDB0702D4A3899B051BD5200003B0CA
:101B0400F0BDA3899B05E6D4A06D00F081FEE2E759
:101B1400FFF7B6FF0023A06DA38100F077FEFFF767
:101B2400B7FF0024EAE7022300222100280000F086
:101B340055FADDE7A06D00F06DFEDFE70936011010
:0C1B4400313601106D3601109936011089
:101B500010B5044B0A001B6801001800FFF7A2FF34
:081B600010BDC046C0070020C3
:101B6800F0B54E46994657464546DE46130092461E
:101B78004A46E0B5534383B006000D000C9C009321
:101B8800002B4FD0002803D0836B002B00D1ADE091
:101B98000C23E15E626E8BB2D20702D49A0500D4A0
:101BA800AEE080229201134206D10A43644B616E73
:101BB800A2810B40636693B26768002F3ADB0098F6
:101BC8003A00216883469B073CD4B046060011E0E2
:101BD80028003A0001F0D0F923682100DB192360BE
:101BE8004046ED19F61B01F041FB002800D08EE0BD
:101BF80021686768BE42EBD8B3463200280001F07E
:101C0800BBF963689B1B636023685B4423604B4696
:101C18000093636EDB0705D4A3899B0502D4A06DEE
:101C280000F0F6FD009803B03CBC90469946A246E9
:101C3800AB46F0BD00220098626000272168834609
:101C48009B07C2D5904200D993465A46280001F016
:101C580093F95A462368216B5B4418002360636834
:101C68009B1A6360009B9B1A9846002961D0002B41
:101C7800CDD023004033994204D03000F9F7AAFBB5
:101C8800236818000023236323695D449B46636926
:101C9800474698464B46B1460193060001E0002F9F
:101CA8004AD02561676125602100484601F0DEFAC7
:101CB8005B4623614346636163682660FF1AED183B
:101CC800002363600028EAD0636EB846DB0705D4BA
:101CD800A3899B0502D4A06D00F09AFD4246009BA3
:101CE8005146981AEEF7C6FB00909BE7FFF740FEB7
:101CF8000C23E15E626E8BB2D20700D551E74DE747
:101D0800A06D00F083FD0C23E15E8BB249E7636EA2
:101D1800B346DB0705D4A3899B0502D4A06D00F068
:101D280077FD5A46009B5146981AEEF7A3FB0090A0
:101D380078E7002BA8D16AE7019B994667E7C04678
:041D4800FFDFFFFFBB
:101D4C0010B50400054882B00068009313000A0027
:101D5C002100FFF703FF02B010BDC046C0070020F2
:101D6C00F8B50C000600F9F789FE204FBB685D68DA
:101D7C0003239D431E4B2C1B9C466444240B1D4B80
:101D8C00013C24039C4207DD0021300001F0FEFAE7
:101D9C00BB685B19984204D03000F9F773FE002041
:101DAC00F8BD6142300001F0F1FA431C0DD0012264
:101DBC00BB682D1B15435D600F4B30001A68141B5C
:101DCC001C60F9F75FFE0120EAE70021300001F00A
:101DDC00DDFABA68831A0F2BDEDD08490968401A50
:101DEC000549086001210B435360D5E75C0D0020C9
:101DFC00EF0F0000FF0F0000B02500206411002041
:101E0C00F8B5CE464746050080B50C1E55D0F9F7FF
:101E1C0035FE210008394F68012438000323A04304
:101E2C000A1856689E43B146644EB368934229D053
:101E3C004B465360D3189C463C4242D10F68C91B99
:101E4C008B68C019984663465F6808239C46B44467
:101E5C002740E0456AD04346CC68DC60A360002F85
:101E6C0032D1012448440443A0469368544C0F18C3
:101E7C00A34200D17FE0D268DA60936043464B60A6
:101E8C00386025E003004B443C4206D10A68891AAD
:101E9C0088689B18CA68C260906001221A434A6025
:101EAC00484AB16012689A4204D8474B2800196816
:101EBC00FFF756FF2800F9F7E5FD0CBC9046994654
:101ECC00F8BD5F682740CCD0012303434B6008501A
:101EDC003E4B98421AD9430A042B33D8820914007A
:101EEC0039323834D200B218083A936803279A4230
:101EFC0039D05C68BC43844233D99B689A42F8D190
:101F0C00D368CB608A609960D160D3E7C008FF3B8F
:101F1C008210FF3B93407268C000134373608619B4
:101F2C00B368CE608B60B160D960C3E7002F41D13C
:101F3C00030090684B44D2681C43C26090604C60B4
:101F4C00CB50B7E7142B07D9542B1CD8020B140019
:101F5C006F326E34D200C6E71C005C335B34DA009F
:101F6C00C1E71A00CCE70123A410A3407068034317
:101F7C0073601300C5E7D9609960CB608B604346F2
:101F8C004B60386096E7AA225200934205D8C20BE8
:101F9C00140078327734D200A5E70D4A934205D865
:101FAC00820C14007D327C34D2009CE7FE227E240D
:101FBC00920098E704434C6010607BE75C0D0020B6
:101FCC00640D002068110020E0250020FF010000B6
:041FDC0054050000A8
:081FE00010B500F001F810BD7E
:101FE800F0B545465746DE464E46E0B50C0097B07C
:101FF800050090461F00002802D0836B002B4AD0B2
:10200800626EA389D20702D49A0500D4F9E084222B
:1020180052001340934200D1EEE0A36A9946002B88
:102028003CD0012F15D0022F44D0002F42D01623C8
:102038002B60636EDB0702D4A3899B0536D5012587
:102048006D42280017B03CBC90469946A246AB4664
:10205800F0BD21002800FFF705FCA389DA0400D5AC
:1020680034E101230022E1692800C8470600431C27
:1020780000D1CBE0A3892269590700D4D8E063686E
:10208800F61A236B002B01D0E16B761A0123B044BA
:102098009B46002712E0FFF76BFCB1E71D332B606E
:1020A800636EDB07CBD4A3899B05C8D4A06D00F071
:1020B800AFFBC4E7002300269B462269002A00D113
:1020C800C0E00C23E25E914993B20B4272D18021A9
:1020D800C9008A460B4266D0C246002F00D0CEE027
:1020E8005B46002B00D0B2E0A389DB0400D5C4E036
:1020F80001230022E1692800C847431C5AD06368BD
:10210800216B1A00C61A8B46002900D1ABE0E16B9F
:10211800761A2269F61894466046A26B121AB61A05
:102128005218B24500DBD3E0E36CE1695E425346E6
:102138001E40320000232800C847431C3AD0002321
:10214800216B636023692360002908D02300403392
:10215800994202D02800F9F73DF900232363202291
:10216800A3899343A38153469E1B0DD021002800C9
:1021780001F07CF800281DD16368B3421AD32268A5
:1021880092199E1B2260666008222000012500210A
:102198005C3000F083FF636E1D4002D1A3899B056C
:1021A8005CD500254DE75A4B994574D080231B0117
:1021B8001A43A28121002800FFF754FB002832D1DE
:1021C8003B004246E1692800C847431C2BD0216BDD
:1021D800002908D023004033994202D02800F9F79B
:1021E800F9F80023236323694A4A236000236360C4
:1021F800A3891340A381C7E721002800FFF732FB1A
:102208000BE7A06D00F002FBA38900E7636E3B4279
:1022180000D014E7A3899B0500D510E7A06D00F056
:10222800F7FA35000DE7636EDB0700D404E706E72D
:102238001B0700D42AE72368002B00D126E79B1A46
:10224800F61823E72100280000F014FB39E7236B78
:102258009B46002B06D06368E16B5AE7A06D00F03F
:10226800D7FAEEE6626823699C4661462368591AE4
:102278000023761A52189B4653E7206D3FE70E233A
:10228800E15E6A46280000F047F8002892D1049BD6
:1022980043449A4624E70E23E15E002986DB6A461A
:1022A800280000F039F80C23E25E002800D07DE712
:1022B800F021019B09020B40802109028B4200D0CA
:1022C80074E753461A43E364A28105E7266DD2E614
:1022D800B318534500D827E753469E1B63469B19FE
:1022E80023605B46921B6260002B09D023004033B9
:1022F8009B4503D059462800F9F76CF8002323635F
:102308002022A3899343A381183A3EE71A080000C4
:082318006D360110DFF7FFFF35
:10232000002370B5074C0500080011002360F9F781
:10233000BDFD431C00D070BD2368002BFBD02B607B
:08234000F9E7C0469CAC002047
:10234800F0B54546DE4657464E46E0B5936883B03D
:1023580000900D009046002B2DD08B891A0732D59E
:102368000A69002A2FD0424616689A0737D56B6A41
:1023780000279A46AD4B00249946E969002C16D0EF
:1023880023004C4500D9A94B3A000098D0470028B3
:1023980000DC8FE043469B683F18241A181A43460E
:1023A800986008D06B6AE9699A46002CE8D13768CA
:1023B80074680836E2E7002003B03CBC90469946B2
:1023C800A246AB46F0BD2900009804F029FB00287E
:1023D80000D028E14246AB8916689A07C7D4DA07C5
:1023E80070D4002291468022920000279346AC6860
:1023F8002868002F53D05A46134200D1A8E0A246BD
:10240800BC4200D9D7E09022D20013422ED02969CD
:10241800441AA4466869019442001218D00F821821
:10242800781C521060449246904201D982460200BC
:102438005B0500D4D0E011000098F8F781FF041E76
:1024480000D1EAE0019A296900F096FDAB89784A43
:10245800134080221343AB815246019B2C61E01844
:10246800BA463C00D31A28606A61AB6052464946B6
:1024780000F0C6FDAB681C1BAC603C0000272B6855
:1024880053442B6043469B68A1441C1B43469C60F5
:1024980000D190E7AC682868AB89002FABD13268CF
:1024A800776891460836A4E729000098FFF7DAF91B
:1024B80000282DD00C22AB5E402201201343AB81B3
:1024C800404279E7002399469A46330000204E4659
:1024D8000027994625E000282FD0B346BE4200D9F0
:1024E800BB4628682A696B69904203D9AA689C1878
:1024F800A34563DC5B4500DD82E06C6A5246E9690E
:102508000098A047041ED5DD361B0120002ECBD035
:1025180043469B68A2443F1B1C1B43469C6000D15A
:1025280049E7002FD7D14B461B689A464B465F6850
:1025380008239C46E144002FF5D03A000A21504672
:1025480000F0B4FC002859D053460130C61AC4E73D
:102558002B69834217D36B699A46BB4213D8354B14
:1025680038009F4200D934485146EEF70DF85346DB
:102578004A464343E96900986C6AA047002899DDF8
:1025880004003F1B7EE7BC4200D93C0022004946BC
:1025980000F036FDAB682A681B1B1219AB602A6075
:1025A800002BEED129000098FFF75CF9002800D035
:1025B80080E73F1B66E73C00BA4657E751462200D2
:1025C80000F01EFD2B6829001B192B600098FFF7EF
:1025D80049F9002898D06DE70098F8F71DFE041E09
:1025E80000D039E7009C29692000F8F7F3FE802223
:1025F800AB899343743A1BB222605DE77E1C6CE79B
:102608005A46514600F0FCFC5A46AB685C469B1A99
:10261800AB602B685B442B6076E70C23009A136051
:102628000C22AB5E48E701204042C5E600FCFF7F74
:0C2638007FFBFFFFFEFFFF7FFFFFFF7F27
:10264400B823F0B5C6469B00C71800B588460026D7
:10265400002F13D07B68BC685D1E0CD4A389012BAA
:1026640006D90E22A35E013302D02000C0470643E0
:102674006834013DF2D23F68002FEBD1300004BC36
:042684009046F0BDCF
:10268800F8B54746CE4680B5B8278046BF004744D0
:1026980089460026002F14D07B68BC685D1E0DD4C7
:1026A800A389012B07D90E22A35E013303D0210091
:1026B8004046C84706436834013DF1D23F68002FC1
:0C26C800EAD130000CBC90469946F8BDE9
:1026D400F0B5C64600B51D00160086B001AB0393E5
:1026E40001236E43071E90460C9C019102960596A9
:1026F400049302D0836B002B2FD00C23E25E636E15
:1027040091B2DB0701D48B052AD580239B011942A2
:1027140005D11343A381626E194B1340636603AA68
:1027240021003800FFF70EFE636E002809D1DB0795
:1027340002D4A3899B051AD5280006B004BC904690
:10274400F0BDDB0702D4A3899B0514D50598414647
:10275400301AEDF791FE0500EEE7FFF70BF9CCE731
:10276400A06D00F055F80C23E25E91B2CDE7A06DA8
:1027740000F050F8E0E7A06D00F04CF8E6E7C04642
:04278400FFDFFFFF75
:1027880010B50400054882B00068009313000A00E1
:102798002100FFF79BFF02B010BDC046C007002014
:1027A80070B50D4E0D4DAD1BAD1006D00024A30025
:1027B800F35801349847A542F9D1EDF757FD084E73
:1027C800084DAD1BAD1006D00024A300F35801340A
:1027D8009847A542F9D170BD6C11002070110020F6
:0827E800701100208C1100208B
:1027F000044B1B685B6B002B00D1034B94225200EF
:0C280000985C7047C0070020F00B00201F
:04280C007047C0460B
:042810007047C04607
:042814007047C04603
:042818007047C046FF
:10281C0070B50C001E000E23C95E96B01500002981
:10282C000EDA00233360A3891B0605D48023002015
:10283C00DB002B6016B070BD402300202B60F9E745
:10284C006A46FFF767FD0028EBDBF022019B1202C2
:10285C001340064A8020944663445A4253413360E5
:10286C008023DB002B600001E4E7C04600E0FFFFA3
:10287C0070B58B8982B006000C009B0707D523002E
:10288C004333236023610123636102B070BD01AB4C
:10289C006A46FFF7BDFF009905003000F8F74EFDC2
:1028AC0000281ED08022154BF363A38920601343AC
:1028BC00009A1BB26261019AA3812061002A02D1A5
:1028CC002B43A381E1E70E23E15E300005F0C4F950
:1028DC00002810D00322A3899343012213431BB277
:1028EC00EEE70C22A35E9A05CFD403229343022277
:1028FC001343A381C3E70C22A35EE1E7391901104E
:10290C0010B5034B01001868F8F718FD10BDC04650
:04291C00C0070020D0
:1029200010B5034B01001868F8F758FD10BDC046FC
:04293000C0070020BC
:10293400F0B557464546DE464E46E0B50D000B352C
:1029440083B00700162D28D8102900D9C1E0F9F763
:1029540099F8102518230220CC4EF3181A005C684D
:10296400083A944200D15BE1032362689A4313005E
:10297400E268A168CA6091600122E31859683800CE
:102984000A435A60F9F782F82000083003B03CBCCF
:1029940090469946A246AB46F0BD07239D4300D519
:1029A40097E0A94200D994E0F9F76CF8F823FF33D3
:1029B4009D4200D859E1680A00D18EE0042800D96C
:1029C40034E138239846A80980443930C100AF4E19
:1029D40071180839CC68A14218D0032362689A435D
:1029E4001300521B0F2A00DD18E1002AC0DA03236A
:1029F4009C4608E06246636893435A1B0F2A00DD35
:102A04000CE1002AB4DAE468A142F3D1320034695B
:102A14000832944267D00323616899438A460B00C5
:102A2400491B0F2900DD0DE1726132610029A3DA2F
:102A3400974A924500D94AE1DB08FF3A9910FF3AD8
:102A44008A40DB0071689B190A4399687260E360ED
:102A5400A1609C60CC60012183109940914248D8C8
:102A64000A4205D103239843490004300A42FBD0AB
:102A740003239846C3009946B144CC468246634634
:102A8400DC68A44507D1F4E0002A00DB10E1E46827
:102A9400A44500D1EDE04246636893435A1B0F2AD4
:102AA400F2DD01208046611905436560A068E56890
:102AB4000836C560A8604046F160B16010434860C4
:102AC400CE608E603800E250F8F7E0FF2000083056
:102AD4005CE70C2300203B6058E780213F238900FA
:102AE4004020984673E7012172688310994091420F
:102AF400B6D90323B46862689A439046AA4202D3C3
:102B0400531B0F2B7CDC634A634B93461B68126890
:102B1400EB18013200D13BE1604A944663441B0B3D
:102B24001B0301930199380000F034FC0300814633
:102B3400013300D1F9E04346E318834200D9F2E0BF
:102B4400574A01999246126894465246614411606C
:102B5400834200D13EE15A461268013200D155E168
:102B64004A46D31A59185346196007234A46134054
:102B740000D123E1082189464A49D21A9144CB1A4B
:102B8400019A38004A441105090D5B1A19009B4645
:102B940000F000FC431C00D134E14B46C01A012371
:102BA4005844184353461B685B4419005346196044
:102BB4004B46B3605860B44212D043460F2B00D842
:102BC4001CE1072260680C3B9343063A024005204F
:102BD4001A436260E218506090600F2B00D933E111
:102BE400314B1A68914200D919600323B4686268B2
:102BF4009A432E4B1868814200D89AE0196098E0F5
:102C04000122290013431143651961603800B5603E
:102C14006B60F8F73BFF20000830B7E64046F5E666
:102C2400DC680230A34200D1F0E69DE6142874D992
:102C3400542800D9AFE06E239846280B80446F30A7
:102C4400C100C4E6012360191D43656070613061F1
:102C5400C26082601A0053460A4342603800E15061
:102C6400F8F714FF2000083090E62B00E80808333A
:102C740072E608239B46073BDC449B46DA44434602
:102C84005246134200D0FAE66DE0C0465C0D0020C7
:102C9400FF01000064110020E02500200F10000057
:102CA400B025002008100000D8250020DC250020D5
:102CB4000122E318596838000A435A60E368A2689D
:102CC400D3609A60F8F7E2FE200008305EE65A0A04
:102CD400042A39D9142A74D85B23984690445C3268
:102CE400D20008235B429C46B21894446346996818
:102CF400032399468C4559D04B464A689A4352451A
:102D040002D989688C45F7D1CB6872689C466346C2
:102D1400A160E3609C60CC609DE65B2398468044A0
:102D24005C30C10053E6B44274D00323B4686268D3
:102D34009A43531B954202D80F2B00DD60E73800FD
:102D4400F8F7A4FE002021E69A0938239846904417
:102D54003932D200C5E74B461A68083B0138914620
:102D64009A4200D087E043460342F4D173688B4310
:102D740073604900994200D9BBE6002904D1B8E642
:102D8400042294464900E2440B42F9D0504671E6CD
:102D940010330193C6E6AA235B00984224D8DD3B96
:102DA4009846E80B80447830C10010E6434601227F
:102DB4009B109A4073681A437260A8E780235B01F2
:102DC400DEE6542A2FD81A0B6E23984690446F32AD
:102DD400D20086E71A0500D0BDE60120019BB26847
:102DE400434403435360FBE6244B984226D87C2398
:102DF4009846A80C80447D30C100E8E501234A468A
:102E040053609CE7002301209B46CBE65B464A4681
:102E14001A60AAE61A4A01999246126894465246E2
:102E24006144116097E6AA2149008A4214D8DA0B5A
:102E34007723984690447832D20052E7FE217E23CD
:102E440089007F209846C2E5210038000831F8F750
:102E5400C3FA53461968C3E608498A4206D89A0C4D
:102E64007C23984690447D32D2003AE7FE227E23AA
:102E74009200984635E773687BE7C0465405000026
:042E8400B025002055
:102E880082B000290AD0002A0BD0002B0BD013786F
:102E98000B601078431E984102B0704701A9002AC0
:0C2EA800F3D10020F8E702204042F5E7DB
:102EB40070B5CCB2830734D0531E002A1BD00278DD
:102EC400A24219D0032504E0013B14D30278A242A4
:102ED40012D001302842F7D1032B0ED8002B0AD090
:102EE4000278A24208D0C31802E00278A24203D0BA
:102EF40001308342F9D1002070BDFF220D062D0C54
:102F0400114029430D04084E0D43026807496A40E5
:102F1400511891433142E3D1043B0430032BF4D8DC
:102F2400DCE71300D8E7C04680808080FFFEFEFE09
:102F340030B5032A1CD903000B439B070FD0047838
:102F44000B789C4217D1012305E0C45C5D1CCB5C6B
:102F54009C4210D12B009342F7D1002030BD03686E
:102F64000C68A342EBD1043A04300431032AF6D8A6
:0C2F7400002AE4D1F1E7E01AF0E7C046C3
:102F8000F0B50F2A37D90D0005430C000300AD073B
:102F900035D11500103D2D092E0136181036276841
:102FA0001F6067685F60A7689F60E7681034DF6034
:102FB0001033B342F3D10F2401352D0149191440C8
:102FC0004519032C1DD90023CE58EE500433E61AC0
:102FD000032EF9D80323043CA4080134A4001A40AA
:102FE0002D190919002A05D00023CC5CEC540133BB
:102FF0009342FAD1F0BD0500002AF5D1FAE70500A9
:08300000F2E72200F8E7C046E8
:10300800F0B588420AD98B18984207D2531E002A75
:1030180003D0CA5CC254013BFBD2F0BD0F2A09D8C9
:103028000500002AF9D00023CC5CEC54013393420C
:10303800FAD1F2E70D0005430C000300AD0729D1D2
:103048001500103D2D092F013F18103726681E6006
:1030580066685E60A6689E60E6681034DE601033BD
:10306800BB42F3D10F2401352D01491914404519EC
:10307800032C11D90023CE58EE500433E61A032E40
:10308800F9D80323043CA4080134A4002D19091914
:0C3098001A40C6E70500C6E72200C2E7A8
:1030A400F0B5830746D0541E002A42D0CEB20200A7
:1030B400032502E01A00013C3BD3531C16702B423B
:1030C400F8D1032C2DD9FF220A40150215432A04F6
:1030D40015430F2C16D92700103F3F093E01B44673
:1030E4001E001A0010366644156055609560D56060
:1030F4001032B242F8D10F2201373F01DB191440DC
:10310400032C0ED9261FB608B700BC461A001F1D93
:10311400674420C2BA42FCD103220136B6009B198F
:103124001440002C05D0C9B21C19197001339C42FB
:0C313400FBD1F0BD14000300C3E7C0464F
:1031400070B50500080011000022064C22601A002C
:10315000F8F7CAFF431C00D070BD2368002BFBD0DA
:083160002B60F9E79CAC002094
:103168000FB400B5064983B004AB086804CB816886
:10317800019301F0F7FF03B008BC04B01847C0463C
:04318800C00700205C
:10318C0030B5050089B008000C0000F079FC04ABE8
:10319C00214A01930223069201220293AB6B059004
:1031AC000130049407920390AC68002B25D00C23BB
:1031BC00E25E636E91B2DB0701D48B0525D58023CB
:1031CC009B01194205D11343A381626E134B13402B
:1031DC006366280001AA2100FFF7B0F84542684158
:1031EC000B254042636E0540013DDB0702D4A389E9
:1031FC009B0506D5280009B030BD2800FEF7B6FBAC
:10320C00D5E7A06DFFF702FBF4E7A06DFFF7FCFA22
:10321C000C23E25E91B2D2E7B4B40110FFDFFFFFE2
:10322C0010B5034B01001868FFF7AAFF10BDC0468C
:04323C00C0070020A7
:1032400010B5044B0A001B6801001800F7F7E8FFEF
:0832500010BDC046C0070020BC
:10325800092310B5828913400022092B01D01000E0
:0C32680010BDFEF729FB0200F9E7C0468C
:10327400F8B505000C00002802D0836B002B45D064
:1032840080210C22A35E89019AB20A4206D10B4323
:103294003D4A616EA3810A4062669AB20021616070
:1032A40091063ED451071DD4D10664D50826164292
:1032B40050D104221343A3812369002B56D00C233D
:1032C400E75EBEB2B3072FD12369280023602269C9
:1032D4006369E169256AA847030060600020002B48
:1032E40017DDF8BD216B0029E6D023004033994255
:1032F40002D02800F8F770F800232363E36B6360BF
:10330400002BD9D0A36B00202360EAE7FEF732FB41
:10331400B6E70C21625E002B17D040231A4360608D
:10332400A28101204042DCE70123A381174B184905
:103334001868FFF785F90923A7811E40092EC3D118
:1033440021002800FEF7E8F9BEE720231A43A281F2
:103354000138C6E721002800FEF786FA0028E0D1EC
:10336400A389A060B3431BB2A061A2E72100280097
:10337400FFF782FAA3E709222A60402201201343BF
:10338400A3814042ADE7C046FFDFFFFF9CB40110BC
:043394005932011099
:10339800002370B5064C050008002360FDF7C4FE45
:1033A800431C00D070BD2368002BFBD02B60F9E7CD
:0433B8009CAC0020A9
:1033BC004A424A41802310B55200DB0000F002F86B
:0433CC0010BDC0462A
:1033D000F0B5CE46474680B51F00614B83B01D68EF
:1033E000040089461600002D03D0AB6B002B00D1E2
:1033F0007DE0022E05D0012E00D9ACE0002F00DACE
:10340000A9E0636EDB0733D521002800FEF72EFA12
:10341000216B002908D023004033994202D02800B4
:10342000F7F7DCFF002323630023A36163600C2212
:10343000A35E1A065FD44B4A13400022A381904634
:10344000022E1CD1022213430022A260220043322A
:10345000226022610122616EA3816261114201D169
:103460009B0560D5404603B00CBC90469946F0BD24
:10347000A3899B05C8D4A06DFFF7CCF9C4E701ABC5
:103480006A4621002800FFF7C9F9A3891843A081E3
:10349000002F37D1009F3800FFF738FA8146002807
:1034A00047D08022A3891343A381AB6B002B2FD07D
:1034B0000C22A35E009ABA4203D080221201134369
:1034C000A381012E02D101221343A3814A46226027
:1034D000226108229BB267611A401DD1A2600122BD
:1034E000616E11408846BBD000239846BAE7280099
:1034F000FEF742FA7DE721692800F7F76FFF0C22FB
:10350000A35E98E74B46002BC5D0AB6B002BCFD109
:103510002800FEF731FACBE7DA0708D500227F4210
:10352000A260A761DBE7A06DFFF776F99AE7A760D5
:10353000D5E7009B9846BB4205D10C22A35E012231
:10354000524290467EE71800FFF7E0F981460028D6
:10355000F3D04746A5E701235B42984682E7C04681
:08356000C00700205CF3FFFF2F
:1035680070B505000C001F2922D8B7239B00C3584B
:10357800002B0ED08A009B181A68002A09D0012A4D
:1035880010D0511C10D00021200019609047002055
:1035980070BD280000F030F822000100280000F07B
:1035A80017F8F5E70020F3E7162303600120EFE79B
:0C35B8001623036001204042EAE7C046F1
:1035C40010B5034B01001868FFF7CCFF10BDC046CF
:0435D400C00700200C
:1035D800002370B5074C050008001100236005F0B2
:1035E8005BF8431C00D070BD2368002BFBD02B6018
:0835F800F9E7C0469CAC00207D
:0836000010B505F045F810BDFE
:1036080070B50C000E25495F04F0B0FE002803DBFE
:10361800236D1B18236570BDA389024A1340A3813B
:08362800F9E7C046FFEFFFFFC8
:10363000F8B516001F000C228B5E0C0005000E2250
:10364000895EDA0507D50022022304F029FB0C224B
:10365000A35E0E22A15E044A28001340A38132001B
:0C3660003B0003F0CDF9F8BDFFEFFFFFC9
:10366C0070B50C000E25495F04F014FB431C06D00A
:10367C008023A2895B011343A381206570BDA389BC
:0C368C00014A1340A381F9E7FFEFFFFFA4
:0C36980010B50E23C95E03F02DFA10BD22
:1036A4000323CAB2F0B50340002A39D0002B0ED050
:1036B4000378002B57D09A4231D0032404E00378D6
:1036C400002B50D093422AD001302042F7D1FF255D
:1036D40029400D0229430D040D4329000468234E9B
:1036E40061408B198B43A119A143214E0B433342F3
:1036F4000BD1043001681D4F0C00CB196C408B4377
:10370400E119A1430B433342F3D00378002B04D1D6
:1037140029E001300378002B25D09A42F9D1F0BD7D
:10372400002B0AD00378002BF9D0032202E003789F
:10373400002BF4D001301042F9D102680B4B0C4934
:10374400D31893430B4206D104300268074BD318B5
:1037540093430B42F8D00378002BE0D00130037878
:10376400002BFBD1DBE70020D9E7C046FFFEFEFEBD
:043774008080808051
:1037780003000A7801311A700133002AF9D1704721
:1037880070B504780600002C12D00D78002D09D0F1
:10379800A5420BD00B0001E0A24207D001331A78F2
:1037A800002AF9D101300478002CEFD1801B70BDBC
:0437B8000020FCE70A
:1037BC0070B50D0011008E2D00D9A3E0584EAC0051
:1037CC003459A746574870BD5748FCE75748FAE7A5
:1037DC005748F8E75748F6E75748F4E75748F2E7F1
:1037EC005748F0E75748EEE75748ECE75748EAE701
:1037FC005748E8E75748E6E75748E4E75748E2E711
:10380C005748E0E75748DEE75748DCE75748DAE720
:10381C005748D8E75748D6E75748D4E75748D2E730
:10382C005748D0E75748CEE75748CCE75748CAE740
:10383C005748C8E75748C6E75748C4E75748C2E750
:10384C005748C0E75748BEE75748BCE75748BAE760
:10385C005748B8E75748B6E75748B4E75748B2E770
:10386C005748B0E75748AEE75748ACE75748AAE780
:10387C005748A8E75748A6E75748A4E75748A2E790
:10388C005748A0E757489EE757489CE757489AE7A0
:10389C00574898E7574896E7574894E7574892E7B0
:1038AC00574890E757488EE757488CE757488AE7C0
:1038BC00574888E7574886E7574884E7574882E7D0
:1038CC00574880E757487EE757487CE757487AE7E0
:1038DC00574878E7574876E7574874E7574872E7F0
:1038EC00574870E757486EE757486CE757486AE700
:1038FC00574868E7574866E7574864E7574862E710
:10390C00574860E7002B08D01A00280001F026FC6D
:10391C00002800D057E7534855E70300F4E7C046AA
:10392C00B8B40110F4B6011068BD011050BD0110FF
:10393C003CBD0110A0BD011098BA0110D0B9011006
:10394C0008BD011020BD01100CB90110CCBC011038
:10395C0040BB0110C8BD0110D4B701109CB70110B9
:10396C00A4B80110A4B9011094B80110DCBD011069
:10397C00E8B80110BCBA0110E4BC0110B4BC0110D1
:10398C0084BC01106CBC01104CBC01102CBC01108F
:10399C00FCBB0110D8BB011098BC01107CBD011000
:1039AC00C0BB0110A4BB011090BB011074BB011073
:1039BC0068BB011054BB011030BB011018BB0110C7
:1039CC0004BB0110ECBA0110F4BB0110DCBA0110FD
:1039DC00D4BA0110B0BA011084BA011068BA01103F
:1039EC0054BA011024BA011018BA011008BA011007
:1039FC00F0B90110E0B90110B8B9011094B9011077
:103A0C0084B901106CB901104CB901102CB901101A
:103A1C00D4B80110C4B8011084B8011074B80110E6
:103A2C0060B8011054B801103CB8011030B8011046
:103A3C001CB8011008B80110F4B70110C8B7011078
:103A4C00B8B7011088B7011074B7011058B701103E
:103A5C004CB7011034B7011024B7011008B701108E
:083A6C00FCB60110F0B70110D7
:103A740010B5044B0100002218680023FFF79CFED8
:083A840010BDC046C007002080
:103A8C0010B5040083070AD00378002B23D003223F
:103A9C0002E00378002B1CD001301042F9D10268EF
:103AAC000E4B0F49D31893430B420FD104300268CD
:103ABC000A4BD31893430B4208D104300268074BCE
:103ACC00D31893430B42F1D000E001300378002B64
:103ADC00FBD1001B10BD0020FCE7C046FFFEFEFE24
:043AEC0080808080D6
:103AF0000300F0B5C6460B4300B580469B0701D1D5
:103B0000032A1AD84646002A13D0531E9C460B7827
:103B1000771C3C003370002B21D0012307E0604666
:103B2000CD5CC01AFC18F5540133002D18D0934217
:103B3000F5D1404604BC9046F0BD04000D4D06E0B2
:103B4000043A0431261D2060032ADCD934000868B9
:103B5000094BC31883432B42F2D02600D5E76046B9
:103B6000211800220028E4D022700134A142FBD1A8
:0C3B7000DFE7C04680808080FFFEFEFE84
:103B7C0070B504780600002C13D00D78002D09D0F8
:103B8C00A54209D00B0001E0A24205D001331A78FE
:103B9C00002AF9D1801B70BD01300478002CEDD1C6
:083BAC00F8E70020F7E7C0462E
:103BB400F0B5DE464E4657464546E0B5C3B00C0068
:103BC400079191461093089004F05CF8036818007C
:103BD4001A93FFF759FF1990A3891B0605D523698A
:103BE4000993002B01D100F023FF32AB259300236E
:103BF40025AFBB607B6018930024002316931794B1
:103C04000023CA4632AE14931B930C9353461B787D
:103C1400002B47D05446252B02D11BE0252B03D083
:103C240001342378002BF9D15346E51A0FD03360C1
:103C3400BB6875605B19BB607B6801337B60072BD5
:103C440027DC08360C9B9C46AC4463460C932378D3
:103C5400002B27D0631C9A46002316AAD37701228F
:103C64005242934600220B922032904620329146D3
:103C7400383A6378944600210024002552461800FF
:103C840020380132099158283ED8BF49800008588D
:103C940087463A000799089804F07EFB002809D16A
:103CA40032AECFE7BB68002B04D03A0007990898DE
:103CB40004F072FB079B9B895B0601D501F058F960
:103CC4000C9843B03CBC90469946A246AB46F0BD26
:103CD4000021303B1800099B0A959A460D00AB0061
:103CE4005D1913786D0045191800511C30380A000D
:103CF4000928F4D952468A46099252460B950A9DE0
:103D0400180020385828C0D90999139392460029DD
:103D140001D001F01CFA139A002AC3D028AB1A7000
:103D2400002216A9CA770A9501327EE180230999F7
:103D34001D431378A3E7531C0A9313782A2B01D14C
:103D440001F0CFF91800002230389346092801D930
:103D540001F097F8099B5946A2469B460A9A8B00A4
:103D64005B185B0019181378541C180030382200B3
:103D74000928F4D920005A465446824609928B46B3
:103D84005246BDE7099913780420054377E7137871
:103D940001212B2473E710980999036804300B93CD
:103DA40010900B981378002800DB68E740420B90D2
:103DB400EAE7012309991D43137860E70999137809
:103DC400002C00D05BE70121203458E709991393B4
:103DD4009246002901D001F0B2F96C4B1493AB0662
:103DE40000D409E30722109B07339343013294461E
:103DF4009C4462465C681B680E930F9410920223E5
:103E0400EA0769D50E990F9A0800104364D030214F
:103E14001EAA11704C206946091809781D43517077
:103E2400002216A9CA775A4601325BD10022914674
:103E34000A95012B00D1CFE0022B01D100F036FC12
:103E44000E980F995B4632AA90460993B34600E058
:103E5400A0464A079446434665465C1EC6080723A7
:103E6400CA08354311002A00034030332370280068
:103E74000A43EDD10E900F9109995E468B460A993B
:103E840042461294C90701D500F0F1FC32AB1B1B6A
:103E94000D935B4609930D9B9B4500DA0993002320
:103EA40015934B46002B00D1C8E0099B01330993BD
:103EB400C4E013939246AB0600D4B2E20722109BEF
:103EC40007339343013294469C4462465C681B6802
:103ED4000E930F9401231092002216A9CA775A4612
:103EE4000132A3D0002291468022290091430A91F5
:103EF4000E990F9A080010439BD15A46002A01D00C
:103F040000F047FE002B01D000F071FC01200300FB
:103F140032AA2B400D931292BBD02723302128AA1A
:103F2400D15416AA9446483363441293B1E71393C9
:103F3400109B92461C1D1B6816A91A00129300239D
:103F4400CB77002A01D100F0A5FD5B46013301D1F6
:103F540000F08DFE5A4600211298FEF7A9FF0028B2
:103F640001D100F096FF129BC21A16ABDB7F0D92B3
:103F74009946D343DB171A400023099210940A95FB
:103F84009B4615938DE7C046F4BD01107CBF01101C
:103F9400099913939246002901D001F0D4F8AB0695
:103FA40000D40FE20722109B073393430132944657
:103FB4009C4462465C681B680E930F9410920F9B9E
:103FC400002B01DA00F077FC16ABDB7F99465A46EA
:103FD4000123013288D10A950E9B0F9C002C01D03D
:103FE40000F07EFD092B01D900F07AFD27220E9BFB
:103FF40028A930338B54012316AA94460D936E33AB
:104004006344129345E7109992460A682420099262
:104014006A4612181278139328AB1A70002216A855
:10402400C2770A1D109201220A9509920022914634
:1040340001320D92002293461592129302230A9A9A
:104044001A40904602D0099B0233099384230A9AAA
:10405400BC681A40119238D10B9B099A9D1A002D05
:1040640033DDCC4A7B689146102D1FDD22004C467F
:1040740003E0103D0836102D16DD102110320133F7
:1040840034607160BA607B60072BF2DD3A000799F7
:10409400089804F081F9002800D00BE6103DBA68B6
:1040A4007B6832AE102DE8DCA14614004A46641940
:1040B400013332607560BC607B60072B01DD00F06A
:1040C4003BFD16ABDB7F083699464B46002B0FD0E1
:1040D40016AA1F23944663443360012373607B68EC
:1040E40001340133BC607B60072B00DDC6E2083677
:1040F4004346002B0CD01EAB3360022373607B68F5
:1041040002340133BC607B60072B00DDC2E2083659
:10411400119B802B00D120E25B460D9A9B1A9B4693
:10412400002B32DD5A467B689B4D102A22DD10227B
:10413400A84691465D4603E0103D0836102D17DD74
:10414400424632604A46103401337260BC607B6080
:10415400072BF1DD3A000799089804F01DF90028AF
:1041640000D0A7E5103DBC687B6832AE102DE7DCBB
:10417400AB4645465A465C44013335607260BC60C8
:104184007B60072B00DDAFE208360A9BDB0500D518
:1041940084E1129B33600D9B9C4673607B6864448E
:1041A4000133BC607B60072B00DD6BE108360A9BA2
:1041B4005B0731D50B9B099A9D1A002D2CDD754A9E
:1041C4007B68914610229046102D04DC1BE0103DC4
:1041D4000836102D17DD6F4A103432604246013321
:1041E4007260BC607B60072BF1DD3A000799089888
:1041F40004F0D2F8002800D05CE5103DBC687B6870
:1042040032AE102DE7DC4A466419013324C6BC6083
:104214007B60072B00DD36E30B9A099B9A4200DA98
:104224001A000C9B9C46944463460C93002C00D0CB
:10423400CEE1002332AE7B60E8E413939246AB06F2
:1042440051D50722109B07339343013294469C4473
:1042540062465C681B6810920E930F9400233BE641
:1042640009999246002901D000F061FF109A08CA0A
:104274001092AA0600D52BE3EA0601D500F058FCFB
:104284006A0601D400F054FC6A46128E1A80BDE41A
:10429400434609991D431378F1E4109992460B683B
:1042A4003E4A0E9300230F9302331D431EAB1A8024
:1042B40078220B1D10933A4B1392149302230BE6AE
:1042C400137809996C2B00D1D2E310200543D6E46E
:1042D4004B4609991D431378D1E4139310231D43CE
:1042E4009246AB06ADD4109A08CA1092EA0602D4DC
:1042F4006A0600D59BB20E9300230F93ECE5634648
:1043040009991D431378BAE4099913939246002935
:1043140001D000F010FF0722109B073393431A00CB
:1043240018CA9846109201221693179464006408E0
:1043340052421C4B40462100EEF78AFA002800D076
:10434400CCE20122174B524240462100ECF742FADC
:10435400002800D0C2E21698179900220023ECF737
:104364002FFA002801D000F048FD16ABDB7F9946F8
:10437400139B472B01DD00F080FC0B4B1293802331
:104384009D437D3B09930D9300230A959B4615930A
:1043940087E5C0469CBF0110ACBF01103078000017
:1043A4007CBF0110FFFFEF7F58BF011009991393E1
:1043B4009246002901D000F0ABFE10231D43AB064A
:1043C40000D5EFE5109A08CA1092EA0600D56AE211
:1043D4006A0600D467E21BB20E93DB170F93EEE577
:1043E400099913939246002901D000F09CFEC44B16
:1043F4001493AB0600D5F5E4109A08CA1092EA06A5
:1044040000D54BE26A0600D448E29BB20E93002327
:104414000F93F4E4139310231D439246AB0600D587
:104424004CE5109A08CA1092EA0602D46A0600D52E
:104434009BB20E9300230F9301334DE501330D938B
:104444001300A34691460C0008334A4659461560AA
:1044540051600D9A5C44BC607A60072A00DDF6E284
:104464001E00994601320D9208364A4621AB13606C
:104474001B9B9C4653600D9B6444BC607B60072B74
:1044840000DC94E63A000799089803F085FF0028B9
:1044940001D0FFF70FFCBC6832AE88E6139B652B96
:1044A40000DC9FE01698179900220023ECF782F9AC
:1044B400002800D12AE1934B013433600123736057
:1044C4007B68BC6001337B60072B00DDB6E30836F4
:1044D4001F9B189A934204DB0A9BDB0701D4BC6838
:1044E40065E61A9BBA683360199B9C4673607B68C7
:1044F400624401331400BA607B60072B00DDBDE227
:104504000836189B013B9846002B00DC4FE64246D8
:104514007B687D4D102A00DC43E310229146220083
:10452400444604E00836103C102C00DC37E34946CE
:104534001032013335607160BA607B60072BF1DDA6
:104544003A000799089803F027FF002801D0FFF7E5
:10455400B1FBBA687B6832AEE5E70B9B099A9B1AFC
:104564009846002B00DCD7E542467B68664D102A4E
:1045740022DD102291462200444603E0103C083616
:10458400102C17DD49461032013335607160BA6072
:104594007B60072BF2DD3A000799089803F0FCFED4
:1045A400002801D0FFF786FB103CBA687B6832AE66
:1045B400102CE7DCA0461400424644440133356025
:1045C4007260BC607B60072B00DDF6E20836A3E571
:1045D4003A000799089803F0DFFE002800D128E686
:1045E400FFF768FB082189467A6818990134531C3F
:1045F400B144012900DC29E1129ABC603260012235
:104604007B607260072B00DDA6E24A461A990133EB
:104614001160199A4946944664444A60BC609846BD
:104624007B60072B00DDA5E208239C46E14443465A
:10463400169817994E465D1C189B0022013B9B4619
:10464400002311950D950836ECF7B4F8002800D036
:10465400D3E04A46129B5C44013313604B465A46EE
:10466400BC605A607D60072D00DDF0E143460233F3
:104674000D934B461033B1461E00F6E63A000799F7
:10468400089803F089FE002801D0FFF713FBBC68EB
:1046940032AE2DE53A000799089803F07DFE002814
:1046A40001D0FFF707FBBC6832AE31E50F20B446FA
:1046B40032AB19000E9A0F9B0400149D14402C5D1C
:1046C40016091D07013935430C701C0923002C0001
:1046D4002A001C43F0D10E920F9332AB5B1A129155
:1046E40066460D93FFF7D5FB3A000799089803F047
:1046F40053FE002801D0FFF7DDFABC6832AE44E572
:1047040068BF011098BF0110ACBF01101F990029A8
:1047140000DC5FE2159B1D00189B9D4200DD5DE1FE
:10472400002D0BDD129B641933607B6875600133C7
:10473400BC607B60072B00DD53E30836EB43DB17DB
:104744001D40159B5B1B9846002B00DD4AE11F9B17
:10475400189A934200DAB4E10A9AD20700D5B0E17C
:104764001899159ACB1A8A1A1D00934200DD150078
:10477400002D0EDD1599129A8C46624432607A68D7
:10478400641901327560BC607A60072A00DD69E350
:104794000836EA43D21715405B1B9846002B00DC11
:1047A40005E542467B68E04D102A00DCF9E1102261
:1047B40091462200444604E00836103C102C00DCEC
:1047C400EDE149461032013335607160BA607B60B7
:1047D400072BF1DD3A000799089803F0DDFD002866
:1047E40001D0FFF767FABA687B6832AEE5E70023C9
:1047F4000D9332AB1293FFF74CFB5B46002B00DCAE
:1048040033E6102B01DC00F042FC2100C64D1026DB
:104814004A465C46119B05E00832103C102C00DC33
:104824000CE60133103115605660B9607B60072BCC
:10483400F2DD3A000799089803F0AEFD002801D094
:10484400FFF738FAB9687B6832AAE6E701210A98CB
:10485400014200D0D0E6129871603060BC607B6089
:10486400072B00DDF3E0931C0D931036FDE5302B90
:1048740000D120E13023023A137032AB9B1A0D931E
:104884001292FFF706FB3A000799089803F084FD9B
:10489400002801D0FFF70EFABC68BDE40E93002394
:1048A4000F93FFF7ACFA0E93DB170F930F9B002BBC
:1048B40001DBFFF789FB0E990F9A00244B429441C8
:1048C4000E930F942D2316AAD3779946FFF77FFBF7
:1048D4000C9A1A60D2175A60FFF798F9169817992C
:1048E40002000B00EDF7B4FF002800D0ACE3202356
:1048F400139A9A435B469146013300D1C6E2472A94
:1049040000D1C7E180235B002B430A93179B002B44
:1049140000DA78E2169A0993002390461193139BC8
:10492400662B00D188E2462B00D1E7E24B46452BAB
:1049340000D1B6E123AB049320AB03931FAB0293E6
:104944005B4601930223424600930898099B02F0B8
:104954008FF9139B1290672B00D0D6E3129B1A0099
:104964005A441400EA0700D4D2E10023002240464E
:104974000999EBF71FFF2300002809D1239B30215D
:10498400A34205D25A1C23921970239B9C42F9D846
:10499400129A9B1A18931F9B15934B46472B00D1D1
:1049A400BEE1139B662B00D0C2E1159B002B00DCFB
:1049B40064E35B46002B00D053E3EB0700D550E3E0
:1049C400159B09930D93119B002B00D0E0E116ABCE
:1049D400DB7F994600239B46FFF763FA1D1E00DD2B
:1049E400A0E6ABE642467B684F4D102A00DC32E17C
:1049F400102291462200444604E00836103C102C54
:104A040000DC26E149461032013335607160BA603A
:104A14007B60072BF1DD3A000799089803F0BCFC92
:104A2400002801D0FFF746F9BA687B6832AEE5E7A3
:104A340040210898F6F786FC079B18601861002847
:104A440000D169E34023079A5361FFF7CEF83A0097
:104A54000799089803F0A0FC002801D0FFF72AF971
:104A64007B68BC6801330D9332AB34AE9946FCE4E9
:104A7400434601321D431378FFF701F93A000799C1
:104A8400089803F089FC002801D0FFF713F9BC68EB
:104A940032AE36E55B460993062B00D9F1E0099B5B
:104AA40010940D93002399469B4615931F4B0A952A
:104AB4001293FFF7C3FA129A32AB9B1A0D93FFF7C6
:104AC400E8F91A9A3260199A944672607A686444D2
:104AD4000132BC607A60072A00DD75E108363FE6E2
:104AE40032ABB0460E9C0F9D1E00200029000A2206
:104AF4000023EBF7EFFE013E30323270002320003A
:104B040029000A22EBF7E6FE030004000D000B4324
:104B1400EBD1320032AB9B1A12960E940F95464697
:104B24000D93FFF7B6F9C046ACBF011090BF01105A
:104B34000C9A1A60FFF76AF83A000799089803F08C
:104B44002BFC002801D0FFF7B5F816ABDB7FBC685F
:104B5400994632AEFFF7B9FA3A000799089803F07C
:104B64001BFC002801D0FFF7A5F832AABC687B68BB
:104B740091464AE53A000799089803F00DFC00288D
:104B840001D0FFF797F87B68BC68984632AB99462A
:104B94004DE5012B01D0FFF74FF9FFF727FAA046A7
:104BA400140042464444013335607260BC607B604B
:104BB400072B01DCFFF7FAFA64E43A000799089836
:104BC40003F0EAFB002801D0FFF774F8BC6832AEAA
:104BD400FFF7A2FAD64B01343360012373607B687C
:104BE400BC6001337B60072B00DD18E10836002927
:104BF40002D1189B002B47D01A9B3360199B9C460B
:104C040073607B6864440133BC607B60072B00DD08
:104C14004CE132000832002900DA82E112990133B2
:104C2400116018997B608C4664445160BC60072B0A
:104C340000DD27E408321600FFF7B9FA3A000799B5
:104C4400089803F0A9FB002801D0FFF733F832AE2F
:104C54003EE4A04614004246444401333560726089
:104C6400BC607B60072B00DD3CE108366FE51298E1
:104C7400FEF70AFF0200FFF778F9AE4B1293FFF735
:104C84007EFB062309930AE70A9BDB0701D4FFF79F
:104C94008EFAB1E75B46002B00D033E601239B4636
:104CA40030E65B465A1C23AB049320AB03931FAB43
:104CB400029302230D92019200934246099B0898A5
:104CC40001F0D6FF1290139B472B00D003E2EB07B1
:104CD40000D4ECE10D9A129B944663441C00139B90
:104CE400462B00D041E6129B1B78302B02D01F9B31
:104CF400E4183AE60022002340460999EBF75AFDEE
:104D04000028F4D101230D9A9B1A1F93E4182CE672
:104D1400239AD31A18931F9B15934B46472B07D1FD
:104D2400159BDA1C01DB9B453ADA139B023B139378
:104D34006A464C21159B521812785C1E21AB1F94B5
:104D440099461A70002C00DA6CE12B234A46537002
:104D5400092C00DD11E130234A4630349370D470BD
:104D640022AB4A469B1A189A9C46110061441B9335
:104D74000D91012A00DC5CE1199B0D9A9C4662446A
:104D8400D343DB170D921A400023099215931AE6B8
:104D94002D2316AAD377994600239B46FFF785F85F
:104DA400159B18998B4200DA8EE0EA0700D42FE1B4
:104DB400199B159A9C4662440D92D343DB171A4003
:104DC400672309921393FEE53A000799089803F0C4
:104DD400E3FA002801D0FEF76DFF1F9BBC6832AEDA
:104DE400BEE43A000799089803F0D6FA002801D0E7
:104DF400FEF760FFBC6832AEA0E42D2316AAD37779
:104E04009946FFF7B5FA8022169B179C120698461E
:104E140094462300634409932D2311937FE53A00BC
:104E24000799089803F0B8FA002801D0FEF742FF6A
:104E34001F99BC6832AEDAE623AB049320AB03932C
:104E44001FAB02935B4601930323424600930898E9
:104E5400099B01F00DFF03005B441C005B461290AC
:104E64000D9340E73A000799089803F095FA002853
:104E740001D0FEF71FFF189B1F9ABC689B1A32AE25
:104E840087E40A9A92465246FEF73AFF06239B4667
:104E940038E516ABDB7F109499465B4609930D9376
:104EA40000230A959B461593FEF7FBFF3A000799EA
:104EB400089803F071FA002801D0FEF7FBFE1F9951
:104EC400BC687B6832AAA6E6199B189A9C46159B77
:104ED40062440D92002B00DD6FE7159A0D9B981A22
:104EE400421C69E73A000799089803F055FA00282C
:104EF40001D0FEF7DFFEBC6832AE28E423AB049396
:104F040020AB03931FAB02935B46019303234246FA
:104F140000930898099B01F0ABFE5B4612900D9339
:104F2400D8E64E42044D103168DA1021884609E073
:104F340098BF01105CBF0110ACBF01100832103ED5
:104F4400102E5BDD41461034013315605160BC60A6
:104F54007B60072BF2DD3A000799089803F01CFAEE
:104F6400002801D0FEF7A6FEBC687B6832AAE6E7FB
:104F740001235B420C93FEF7A3FE16AA3B2394463F
:104F84006344B346A8461E0000E02E0020000A2118
:104F9400EBF7E2FB751E3031297020000A21EBF794
:104FA400F5FA04000928F0DC32002B0016A95E464D
:104FB4004546934698468C4613003B223034E4B26F
:104FC400023B62441C709A4200D899E03B235A4643
:104FD40063449A1A012358465B4201E0C45C0133DE
:104FE4004946C918CC709A42F8D116A98C462E228B
:104FF400434662449446FB1A6344B2E6A41901335F
:1050040015605660BC607B60072B57DC083205E6F0
:105014001A00DB431100DB171940672309910D9235
:105024001393D0E40124159B4A46E41A2D235370AC
:105034008EE601232B40159300D09DE6CB430A0056
:10504400DB171A400992BEE4179B002B27DB16AB33
:10505400DB7F9946139B472B1DDC3F4B1293FFF7D5
:105064008EF9199A159B94466344180002005A4419
:10507400D343DB170D921A400992A4E45B46002B3C
:1050840012D1EB0710D4012309930D939BE4330051
:10509400324DFFF7DAF9324B1293FFF770F92D23F3
:1050A40016AAD3779946D5E7199B581CDEE7239BAC
:1050B400129A9B1A18931F9B159331E63A0007998D
:1050C400089803F069F9002801D0FEF7F3FDBC68E5
:1050D4007B6832AAA2E5129A0D9B944663441C0095
:1050E40043E4109B0999181D1B689B46002B02DAA8
:1050F40001235B429B46537810900A9AFEF7BFFD4A
:1051040016AA2E23944663442BE65B460D93DAE5F8
:1051140016ABDC77FFF751F90C23089A13600D3BAB
:105124000C93FEF7CDFD16ABDC77FFF760F916ABF9
:10513400DC77FFF79BF816ABDC77FFF7ECF816ABE0
:10514400DC77FEF74AFE16ABDC77FEF728FF16ABDA
:10515400DC77FEF7E0FDC04660BF0110ACBF011074
:0451640064BF011013
:04516800002070476C
:10516C00F0B5DE464E4645465746E0B5C3B08B46D5
:10517C0091461C000D930500079002F07FFD03681B
:10518C0018001A93FEF77CFC1990002D04D0AB6B21
:10519C000893002B00D1A9E05B465A460C21595EBE
:1051AC00526E8BB2D20702D49A0500D4C7E080228B
:1051BC009201134209D10A435B4659469A81496EC2
:1051CC00B64B0B4059464B6693B21A075ED55A46FE
:1051DC001269002A5AD01A221A400A2A6FD032AB0E
:1051EC002593002325AFBB607B601893002400231C
:1051FC00169317940023DA46CB4632AE14931B93C6
:10520C000A935B461B78002B00D141E25C46252BB0
:10521C0002D11CE0252B03D001342378002BF9D1CB
:10522C005B46E51A0FD03360BB6875605B19BB60D9
:10523C007B6801337B60072B5CDC08360A9B9C4641
:10524C00AC4463460A932378002B00D120E2631C04
:10525C009B46002316AAD377012252429146002284
:10526C000B92203294462032637890460021002421
:10527C0000255A460132089118002038582801D9C7
:10528C0000F018FC86498000085887465946079854
:10529C0001F0C4FB5B4600280CD05B6EDB0705D429
:1052AC005B469B899B0501D400F0FCFB01235B4210
:1052BC000A933CE01A229B891A400A2A8FD15A463B
:1052CC000E21525E002A8ADB5A46526ED20705D452
:1052DC009B0503D45B46986DFDF798FA23004A466C
:1052EC005946079801F07AFA0A9020E00798FCF7E3
:1052FC003DFB51E73A005146079803F015F9002899
:10530C0009D132AE9AE73A005146079803F00CF9EE
:10531C00002800D1B4E1D3465A465B46526E9B89B5
:10532C00D20702D49A0500D4B5E35B06BED40A9822
:10533C0043B03CBC90469946A246AB46F0BD5B469A
:10534C00986DFDF761FA5B460C21595E8BB22EE726
:10535C000021303B1800089B09959B460D00AB00C3
:10536C005D1913786D0045191800511C30380A006E
:10537C000928F4D9594693460B95099D08915A462C
:10538C007AE708991378002C00D073E701212034B8
:10539C0070E7012308991D4313786BE70899139361
:1053AC009346002901D001F00AFA3E4B1493AB0648
:1053BC0000D437E307220D9B073393430132944605
:1053CC009C4462465C681B680E930F940D920223FA
:1053DC00EA070DD50E990F9A0800104308D030211A
:1053EC001EAA11704C206946091809781D4351708A
:1053FC00002216A9CA774A46013200D197E1002251
:10540C00904680222900914309910E990F9A080029
:10541C00104300D08EE14A46002A01D000F02DFE48
:10542C00002B01D000F012FD0120030032AA2B400A
:10543C000C93129208D02723302128AAD15416AAF3
:10544C0094464833634412934B4608930C9B9945FE
:10545C0000DA0893002315934346002B02D0089BD7
:10546C00013308930223099A1A40109202D0089B28
:10547C00023308938423099ABC681A40119241D1D3
:10548C000B9B089A9D1A002D3CDD074A7B689046C1
:10549C00102D28DD220044460CE0C046FFDFFFFF44
:1054AC00BCBF011044C1011064C10110103D08368D
:1054BC00102D16DD10211032013334607160BA608A
:1054CC007B60072BF2DD3A005146079803F02CF86D
:1054DC00002800D01FE7103DBA687B6832AE102D53
:1054EC00E8DCA04614004246641901333260756052
:1054FC00BC607B60072B01DD00F028FD16ABDB7F69
:10550C00083698464346002B10D016AA1F23944603
:10551C0063443360012373607B6801340133BC60E6
:10552C007B60072B01DD00F005FC0836109B002B7F
:10553C000DD01EAB3360022373607B6802340133E1
:10554C00BC607B60072B01DD00F001FC0836119B71
:10555C00802B00D1B4E34B460C9A9B1A9846002B37
:10556C0032DD42467B68CA4D102A21DD102291465D
:10557C002200444603E0103C0836102C16DD494648
:10558C001032013335607160BA607B60072BF2DD3D
:10559C003A005146079802F0C7FF002800D0BAE63F
:1055AC00103CBA687B6832AE102CE8DCA0461400C4
:1055BC0042464444013335607260BC607B60072B0B
:1055CC0001DD00F0EEFB0836099BDB0500D50FE38F
:1055DC00129B33600C9B9C4673607B686444013364
:1055EC00BC607B60072B00DDF6E20836099B5B078D
:1055FC0039D50B9B089A9D1A002D34DDA54A7B6882
:10560C00904610229146102D04DC1BE0103D08360C
:10561C00102D17DD9F4A103432604A4601337260F8
:10562C00BC607B60072BF1DD3A005146079802F015
:10563C007BFF002800D06EE6103DBC687B6832AE64
:10564C00102DE7DC42466419013324C6BC607B6034
:10565C00072B08DD3A005146079802F065FF002839
:10566C0000D058E6BC680B9A089B9A4200DA1A00E4
:10567C000A9B9C46944463460A93002C00D042E655
:10568C0000237B605B461B7832AE002B00D0BDE55F
:10569C00BB68D346002B01D000F085FF00237B6054
:1056AC003AE613930D9B93461C1D1B6816A91A0012
:1056BC0012930023CB77002A01D100F040FE4B4619
:1056CC00013301D100F09FFE4A4600211298FDF7EC
:1056DC00EBFB002801D100F0E9FD129BC21A16ABBE
:1056EC00DB7F0C929846D343DB171A4000230892B9
:1056FC000D94099599461593AEE613939346AB0614
:10570C0000D476E107220D9B16A90733934301328F
:10571C0094469C4462465C681B680D920022CA77D2
:10572C004A460E930F940123013200D067E6002203
:10573C0090460995012B00D1D8E0022B00D113E340
:10574C000E980F994B4632AA089391460C9600E09E
:10575C00A1464A0794464B466546C2085C1E072381
:10576C0015432A000340CE08303323702800310043
:10577C003243EDD10E900F9108994A46894609990A
:10578C0012940C9EC90700D5D4E332AB1B1B0C93AF
:10579C005AE60D980899036804300B930D900B98FA
:1057AC001378002800DB65E540420B90042005438C
:1057BC0060E5137801212B245CE508991378F5E753
:1057CC00531C9B4613782A2B01D100F0D1FF1800F3
:1057DC000022303891465A46092800D9CFE5089B5B
:1057EC004946A34699468B005B185B001918137841
:1057FC00541C1800303822000928F4D94A4689462E
:10580C0021005C468B4608925A4635E5089993462A
:10581C00002901D000F0C0FF0D9A08CA0D92AA060B
:10582C0001D400F04AFC0A9A1A60D2175A60E8E4D4
:10583C0013939346AB0600D4C8E007220D9B0733A5
:10584C009343013294469C4462465C681B680D92FB
:10585C000E930F940023CBE50D9993460B680E4ADB
:10586C000E9300230F9302331D431EAB1A80782234
:10587C000B1D0D93094B139214930223B8E5137867
:10588C0008996C2B01D100F038FD10200543F1E490
:10589C0074C1011064C101103078000044C10110C2
:1058AC00089913939346002901D000F079FF102337
:1058BC001D43AB0600D4F8E207220D9B073393433C
:1058CC00013294469C4462465C681B680E930F94AC
:1058DC000D920F9B002B00DAFAE216ABDB7F984699
:1058EC004A460123013200D08BE509950E9B0F9C93
:1058FC00002C00D0F1E0092B00D9EEE027220E9B02
:10590C0028A930338B54012316AA94460C936E337A
:10591C006344129398E5089913939346002901D098
:10592C0000F046FF07220D9B073393431A0018CA59
:10593C0098460D9201221693179464006408524203
:10594C00DA4B40462100ECF77FFF002800D0C1E382
:10595C000122D64B524240462100EAF737FF00287D
:10596C0000D0B7E31698179900220023EAF724FF1A
:10597C00002801D000F075FC16ABDB7F9846139B1A
:10598C00472B01DD00F03BFDC94B129380239D4357
:10599C007D3B08930C9300230995994615935BE581
:1059AC00802308991D43137864E4634608991D43CA
:1059BC0013785FE4082308991D4313785AE4139372
:1059CC0010231D439346AB0600D536E70D9A08CA43
:1059DC000D92EA0602D46A0600D59BB20E93002300
:1059EC000F9305E5139310231D439346AB0600D587
:1059FC0088E60D9A08CA0D92EA0602D46A0600D50A
:105A0C009BB20E9300230F930133F1E40899139387
:105A1C009346002901D000F0C7FEA64B1493AB06A9
:105A2C0000D5C7E40D9A08CA0D92EA0600D55BE2D0
:105A3C006A0600D458E29BB20E9300230F93C6E47F
:105A4C000D9993460A68202008926A46121812781B
:105A5C00139328AB1A70002216A8C2770A1D0D9258
:105A6C000122099508920022904601320C920022E4
:105A7C00129391461592F5E40899139393460029D5
:105A8C0000D116E716ABDC7713E7434608991D43A4
:105A9C001378FFF7EFFB5B46986DFCF7B7FE5B46A0
:105AAC009B8942E45B46986DFCF7B0FE01235B4298
:105ABC000A933CE4089913939346002901D000F013
:105ACC0082FE139A002A00D1E2E528AB1A7000225C
:105ADC0016A9CA7709950132C4E74A460E9C0F9D58
:105AEC0032ABB1461E000892200029000A22002386
:105AFC00EAF7ECFE013E3032327000232000290020
:105B0C000A22EAF7E3FE030004000D000B43EBD17D
:105B1C003200089B12964E46994632AB9B1A0E9455
:105B2C000F950C9390E4082189467A6818990134F2
:105B3C00531CB144012900DCDBE1129ABC603260D9
:105B4C0001227B607260072B00DD79E24A461A99CC
:105B5C0001331160199A4946944664444A60BC600A
:105B6C0098467B60072B00DD78E208239C46E144D5
:105B7C004346169817994E465D1C189B0022013B14
:105B8C001093002311950C950836EAF70FFE0028A8
:105B9C0000D061E1129A7D60013213004A46136015
:105BAC00109B9C4664445360BC60072D00DDB0E143
:105BBC00434602330C934B461033B1461E004A4603
:105BCC0021AB13601B9B9C4653600C9B6444BC60D4
:105BDC007B60072B00DC09E53A005146079802F080
:105BEC00A3FC002801D0FFF796FBBC6832AEFDE4A5
:105BFC00139B652B97DD1698179900220023EAF763
:105C0C00D5FD002800D1D9E02B4B013433600123A2
:105C1C0073607B68BC6001337B60072B00DD12E393
:105C2C0008361F9B189A934203DB099BDB0700D4B1
:105C3C0014E31A9BBA683360199B9C4673607B68AB
:105C4C00624401331400BA607B60072B00DD5AE319
:105C5C000836189B013B9846002B00DCC6E44246F4
:105C6C007B68164D102A00DC0EE2102291462200B1
:105C7C00444604E00836103C102C00DC02E2494695
:105C8C001032013335607160BA607B60072BF1DD37
:105C9C003A005146079802F047FC002801D0FFF764
:105CAC003AFBBA687B6832AEE5E7C046FFFFEF7F90
:105CBC0020C1011030C1011060C1011074C101106C
:105CCC000B9B089A9B1A9846002B00DC43E4424637
:105CDC007B68DA4D102A20DD2200444603E0103C9C
:105CEC000836102C17DD102110320133356071602D
:105CFC00BA607B60072BF2DD3A005146079802F040
:105D0C0013FC002801D0FFF706FB103CBA687B6837
:105D1C0032AE102CE7DCA04614004246444401335A
:105D2C0035607260BC607B60072B00DDB8E1083623
:105D3C00FFF711FC3A005146079802F0F5FB0028DA
:105D4C0001D0FFF7E8FABC6832AEFFF7EFFB3A0080
:105D5C005146079802F0E8FB002801D0FFF7DBFA68
:105D6C00BC6832AEFFF7F3FB0F200E9A0F9BB446C4
:105D7C0032A90400149D14402C5D1E07150901392D
:105D8C002E430C701C092300340032001C43F0D14C
:105D9C000E920F9332AB5B1A129166460C93FFF77F
:105DAC0053FB3A005146079802F0BEFB002801D085
:105DBC00FFF7B1FABC6832AEFFF706FC1F99002959
:105DCC0000DC08E2159B1D00189B9D4200DD1D00A8
:105DDC00002D0BDD129B641933607B6875600133F9
:105DEC00BC607B60072B00DD3CE30836EB43DB1724
:105DFC001D40159B5B1B9846002B00DCC1E0424606
:105E0C007B688E4D102A00DC8DE210222100914619
:105E1C0044463200564604E00832103C102C00DC9C
:105E2C007DE248461031013315605060B9607B60EB
:105E3C00072BF1DD3A003100079802F075FB0028C2
:105E4C0000D0BBE3B9687B6832AAE6E700230C9369
:105E5C0032AB1293FFF7F8FA109B002B00DCAEE686
:105E6C00102B01DC00F05BFC2100744D1C00102693
:105E7C004A46119B05E00832103C102C00DC22E253
:105E8C000133103115605660B9607B60072BF2DD71
:105E9C003A005146079802F047FB002801D0FFF763
:105EAC003AFAB9687B6832AAE6E70D9A08CA0D92ED
:105EBC00EA0606D46A0604D51BB20E93DB170F93C1
:105ECC0007E50E93DB170F930F9B002B00DB04E50C
:105EDC000E990F9A00244B4294410E930F942D234C
:105EEC0016AAD3779846FBE40E9300230F93FFF783
:105EFC006EFA01210998014200D01EE612987160D9
:105F0C003060BC607B60072B03DC931C0C93103659
:105F1C0055E63A005146079802F006FB002801D0DE
:105F2C00FFF7F9F97B68BC6801330C9332AB34AEE4
:105F3C00994644E6302B00D113E23023023A137019
:105F4C0032AB9B1A0C931292FFF77EFA3A00514631
:105F5C00079802F0E9FA002801D0FFF7DCF916AB3C
:105F6C00DB7FBC68984632AEFFF7CCFA3A0051465C
:105F7C00079802F0D9FA002801D0FFF7CCF9BC68D9
:105F8C0032AE1F9B189A934248DB099AD20745D42C
:105F9C001899159ACB1A8A1A1D00934200DD150028
:105FAC00002D0EDD1599129A8C46624432607A6887
:105FBC00641901327560BC607A60072A00DD63E108
:105FCC000836EA43D21715405B1B9846002B01DCC0
:105FDC00FFF70CFB42467B68184D102A54DD10224B
:105FEC0091462200444603E00836103C102C49DD53
:105FFC0049461032013335607160BA607B60072B03
:10600C00F2DD3A005146079802F08EFA002801D0D2
:10601C00FFF781F9BA687B6832AEE6E71A9A32600C
:10602C00199A944672607A6864440132BC607A6052
:10603C00072A00DD09E20836AAE7C04674C1011040
:10604C003A005146079802F06FFA002801D0FFF78A
:10605C0062F932AABC687B68914677E53A005146F2
:10606C00079802F061FA002801D0FFF754F97B6819
:10607C00BC68984632AB99467AE5012B01D0FFF704
:10608C005CFB3BE4A04614004246444401333560BB
:10609C007260BC607B60072B01DCFFF7A6FA9BE506
:1060AC003A005146079802F03FFA002801D0FFF75A
:1060BC0032F9BC6832AEFFF74EFAEA0606D46A062D
:1060CC0004D56A46128D1A80FFF79BF80A9A1A605B
:1060DC00FFF797F81698179902000B00ECF7B4FB32
:1060EC00002800D0E4E22023139A9A4313000C9268
:1060FC004A46013200D1D6E0472B00D1BEE18023C5
:10610C005B002B430993179B002B00DABDE1169A19
:10611C000893002390461093139B662B00D1C0E18B
:10612C00462B00D12CE20C9B452B00D1F1E123AB8B
:10613C00049320AB03931FAB02934B4601930223B2
:10614C00424600930798089B00F08EFD139B12901B
:10615C00672B00D030E3129B1A004A441400EA0764
:10616C0000D404E10023002240460899EAF71EFB04
:10617C002300002809D1239B3021A34205D25A1CAD
:10618C0023921970239B9C42F9D8129A9B1A18934C
:10619C001F9B15930C9B472B00D1F0E0139B662B98
:1061AC0000D0F4E0159B002B00DCAFE24B46002B3B
:1061BC0000D08AE2EB0700D587E2159B08930C937D
:1061CC00109B002B00D024E116ABDB7F98460023FC
:1061DC009946FFF741F9E04B0134336001237360BA
:1061EC007B68BC6001337B60072B40DC08360029E0
:1061FC0007D1189B002B04D1099BDB0701D4FFF7B7
:10620C00F5F91A9B3360199B9C4673607B68644458
:10621C000133BC607B60072B00DD6CE1320008327F
:10622C00002900DACDE112990133116018997B60D5
:10623C008C4664445160BC60072B00DDCCE4083212
:10624C001600FFF7D3F93A005146079802F06CF9A3
:10625C00002801D0FFF75FF832AEE2E4BC68FFF72C
:10626C00C5F92D2316AAD3779846FFF788FB3A0079
:10627C005146079802F058F9002801D0FFF74BF867
:10628C001F99BC6832AEB2E73A005146079802F04B
:10629C004BF9002801D0FFF73EF8189B1F9ABC68F9
:1062AC009B1A32AE8DE60623994628E716ABDB7FA8
:1062BC000D9498464B4608930C93002309959946E8
:1062CC001593FFF7C9F801330C9313001094914602
:1062DC000C0008334A461560109A494694464A60A9
:1062EC000C9A6444BC607A60072A00DD11E61E003B
:1062FC0001320C920836994661E4634601321D4323
:10630C001378FEF7B7FF3A005146079802F00CF9E4
:10631C00002801D0FEF7FFFFBC6832AE99E4A0461E
:10632C00B2460C001600424644440133356072609C
:10633C00BC607B60072B00DD18E6083621E64B4677
:10634C000893062B01D906230893089B0D940C93F4
:10635C000023984699461593804B09951293FFF7A5
:10636C0081F8129A32AB9B1A0C93FFF76DF8239AB3
:10637C00D31A18931F9B15930C9B472B07D1159B76
:10638C00DA1C01DB99454CDA139B023B13932C224C
:10639C00159B4C215C1E16AB9B186A465218127842
:1063AC001F941A70002C00DAA7E12D212B2316AABA
:1063BC0052181370092C00DD2FE12E21302316AA60
:1063CC00521813702F2216AB9B1830341C7022AB52
:1063DC0021AA9B1A189A9C46110061441B930C919C
:1063EC00012A00DC7EE1199B0C9A9C466244D34343
:1063FC00DB170C921A40002308921593E0E6584BD9
:10640C001293FFF7C3FA1298FDF73AFB0200FFF75D
:10641C0066F92D2316AAD377984600239946FFF7E1
:10642C001EF8159B18998B4200DA9BE0EA0700D402
:10643C0034E1199B159A9C4662440C92D343DB17AA
:10644C001A40672308921393BAE63A00514607980C
:10645C0002F06AF8002801D0FEF75DFF1F9BBC68B4
:10646C0032AE95E53A005146079802F05DF80028E7
:10647C0001D0FEF750FFBC6832AEB7E44B46002BA0
:10648C0000D03CE60123994639E68022169B179CE6
:10649C001206984694462300634408932D231093C8
:1064AC003AE623AB049320AB03931FAB02934B460A
:1064BC0001930323424600930798089B00F0D4FBFA
:1064CC0003004B441C004B4612901193129B1B78FB
:1064DC00302B02D01F9BE41844E6002200234046D8
:1064EC000899EAF763F90028F4D10123119A9B1A51
:1064FC001F93E41836E63A005146079802F014F858
:10650C00002801D0FEF707FF1F99BC687B6832AAF0
:10651C0086E64B465A1C23AB049320AB03931FAB6C
:10652C00029302231192019200934246089B079812
:10653C0000F09AFB1290139B472B00D012E1EB0753
:10654C0000D408E1119A129B944663441C00139BDF
:10655C00462BBBD006E6C04660C1011058C10110E5
:10656C0024C10110199B189A9C46159B62440C92ED
:10657C00002B00DD62E7159A0C9B981A421C5CE715
:10658C0023AB049320AB03931FAB02934B460193B5
:10659C000323424600930798089B00F065FB4B468B
:1065AC0012901193CEE73A005146079801F0BCFFC8
:1065BC00002801D1FFF772F8FEF7AEFEB346FEF7E6
:1065CC00ABFE4E42824D10311CDA1021884603E09E
:1065DC000832103E102E15DD414610340133156083
:1065EC005160BC607B60072BF2DD3A005146079886
:1065FC0001F09AFF002801D0FEF78DFEBC687B6885
:10660C0032AAE6E7A419013315605660BC607B60C2
:10661C00072B00DD92E0083205E616AA3B239446D0
:10662C006344B146A8461E0000E02E0020000A215B
:10663C00EAF78EF8751E3031297020000A21E9F72F
:10664C00A1FF04000928F0DC32002B0016A94E46ED
:10665C004546914698468C4613003B223034E4B2B2
:10666C00023B62441C709A4200D890E03B234A469D
:10667C0063449A1A012348465B4201E0C45C01332F
:10668C0021A9C918CC709A42F8D116A98C462E2291
:10669C00434662449446FB1A634499E61A00DB4372
:1066AC001100DB171940672308910C92139387E5AF
:1066BC00179B002B3ADB16ABDB7F9846139B472BC3
:1066CC0030DC444B1293FFF761F9199A159B9446F1
:1066DC006344180002004A44D343DB170C921A405F
:1066EC0008926DE501232B40159300D07BE6CB433C
:1066FC000A00DB171A40089262E50124159B16AAC2
:10670C00E41A2D231F395218137053E64B46002BF5
:10671C0011D1EB070FD4012308930C9350E53300F0
:10672C002B4DD7E52C4B1293FFF730F92D2316AADE
:10673C00D3779846C2E7199B581CCBE73A005146D1
:10674C00079801F0F1FE002801D0FEF7E4FDBC68CB
:10675C007B6832AA67E5239B129A9B1A18931F9B9E
:10676C0015930CE6129A119B944663441C00F9E4B1
:10677C000D9B0899181D1B689946002B02DA012302
:10678C005B42994653780D905A46FEF773FD16AA54
:10679C002E23944663441BE616ABDC77FFF73CF8DC
:1067AC0016ABDC77FFF783F816ABDC77FFF735F920
:1067BC0016ABDC77FFF7B6F84B461193BBE616AB7E
:1067CC00DC77FEF7F2FD16ABDC77FFF77AF9C04603
:0C67DC0074C1011028C101102CC1011073
:1067E800F0B5150002221E4C1F008B89A544934367
:1067F8006A4693814B6E06001993CB8916A8D381FC
:10680800CB690C0007934B6A09931AAB0093049366
:106818008023DB000293059300230693FBF7F2FF26
:106828002A003B0069463000FEF79CFC051E0EDA84
:106838006B469B895B0603D54022A3891343A3813A
:106848001698FBF7E1FF2800064B9D44F0BD69460A
:106858003000FBF707F80028EAD001256D42E7E78A
:0868680094FBFFFF6C0400002B
:1068700010B50B000349020008688168FEF776FC3A
:0868800010BDC046C007002056
:1068880030B504009BB01800002A2DDB82236D462A
:106898009B00AB8100910491002A13D00123013A97
:1068A8005B4202920592EB8102001E9B6946200022
:1068B800FDF77CF9431C01DA8B2323600023009A3F
:1068C80013700CE001235B4202920592EB810200F7
:1068D8001E9B69462000FDF769F9431C01DB1BB0CC
:1068E80030BD8B232360FAE78B23012023604042CD
:0468F800F5E7C046BA
:1068FC0010B50400054882B00068009313000A002C
:10690C002100FFF7BBFF02B010BDC046C00700203E
:10691C00F8B506000D001400002802D0836B002B84
:10692C004BD0A369A3600C23E25E91B20B071FD579
:10693C002369002B1CD0FF20EFB205408020800182
:10694C00014226D022686169D31A99422CDD0133A9
:10695C00A1680139A160511C2160177062699A42CB
:10696C002ED0A389DB0701D50A2D29D02800F8BD2C
:10697C002100300000F052F8002827D1FF20EFB2A0
:10698C00054080200C23E25E800191B22369014214
:10699C00D8D10243616EA2810E4A0A4062666169D7
:1069AC002268D31A9942D2DC21003000FAF758FF42
:1069BC0000280BD122680123CAE7FAF7D7FFB0E70A
:1069CC0021003000FAF74CFF0028CFD001256D4292
:0869DC00CCE7C046FFDFFFFF1E
:1069E400002904D0FF2A04D801200A70704700202F
:0C69F400FCE78A23036001204042F7E723
:106A000070B50500080011000022064C22601A0033
:106A1000F5F74CF9431C00D070BD2368002BFBD068
:086A20002B60F9E79CAC00209B
:106A2800334B70B5050018680C00002802D0836B42
:106A3800002B3DD00C23E25E93B219070DD52169D6
:106A4800002915D0DA0722D50023A3606369002046
:106A58005B42A361002922D070BDD90640D55B07EF
:106A680029D4216908231343A3819BB20029E9D1C2
:106A7800A0228020920080001A408242E2D02100A9
:106A88002800FBF7F7FEA3892169DA07DCD4002286
:106A98009B0700D46269A26000200029DCD10C2287
:106AA800A35E1A06D8D540221343A3810138D3E741
:106AB800FAF75EFFBEE7216B00290AD023004033B6
:106AC800994204D02800F4F785FC0C23E25E0023E9
:106AD800236324239A430023216963602160C1E76B
:106AE80009232B60402301201A43A2814042B3E7C7
:046AF800C0070020B3
:106AFC00002370B5064C050008002360F5F762F81A
:106B0C00431C00D070BD2368002BFBD02B60F9E731
:046B1C009CAC00200D
:106B2000F0B5454680465746DE464E464346E0B5FC
:106B30001B690D6985B00F000020AB4200DA92E0BE
:106B400014239C468C446246013DAB000292D61849
:106B5000142242449146994433680192591C4B4691
:106B60001868E9F78BFC041E46D0029A002392466F
:106B7000002001994A46A446B1465446BB46AA465F
:106B800006000D001F000392634604CC1004000CA5
:106B90005843120C5A43C019030CD2182B68000436
:106BA0001904090C8919170C000C1204091A120C8B
:106BB0001B0C9B1A0A149B1809041E14090C1B04B5
:106BC000194302C5A145DFD2039B4E4699461B6877
:106BD000644655465F46002B0ED14B46019A043B56
:106BE0009A4204D306E0043B013D9A4202D219685E
:106BF0000029F8D043461D613900404601F0B0FA43
:106C000000282FDB029B01340020A4461900019FBD
:106C10003B6810C91A04120C10182204120C821AB4
:106C20001B0C200C1B1A10141B1812041814120C25
:106C30001B04134308C78E42EAD2019A6446944665
:106C4000AB006344196800290CD1043B9A4204D379
:106C500006E0043B013D9A4202D219680029F8D0AF
:106C600043461D61200005B03CBC90469946A246B3
:046C7000AB46F0BD82
:106C7400F0B557464E46DE464546E0B516001F00C1
:106C8400016C9DB0040002960397002908D00123EB
:106C9400426C93404A608B6001F03CF8002323640B
:106CA4003D1E00DAB8E10023299A13602A00CC4B78
:106CB4001A409A4200D1BBE1029E039F00220023A6
:106CC40030003900E9F776FD002813D00123289A13
:106CD40013602A9B002B00D1D4E1C24B2A9A136083
:106CE400013B9A4650461DB03CBC90469946A2468C
:106CF400AB46F0BD1AAB01931BAB009332003B00D3
:106D0400200001F0D7FA2B0D834600D0ADE11A9B89
:106D140098461B9B43441E00B34BF318202B01DC05
:106D240000F096FC4022D31A9D40B04B0298F31811
:106D3400D8402843EBF718FE0123AD4D16934919AB
:106D4400751E0022AB4BEBF73BFAAB4AAB4BEAF7B1
:106D5400C5FFAB4AAB4BEAF79BF8060028000F00CF
:106D6400EBF7C8FDA84AA94BEAF7B8FF02000B00ED
:106D740030003900EAF78CF806000F00EBF784FDC9
:106D840000220690002330003900E9F719FD00289D
:106D94000DD0069B18009946EBF7ACFD3B00320082
:106DA400E9F708FD434258414B461B1A0693012359
:106DB400069E0A93162E10D89549F300C918086840
:106DC4004968029A039BE9F70FFD002801D100F0FE
:106DD40045FC0023013E06960A9343465D1B0023AF
:106DE40004932B00013B984604D501235B1B0493B9
:106DF40000239846069B002B00DA8AE29C460993FE
:106E040000239946E044269B092B00D93DE1012645
:106E1400052B02DD0026043B2693269B032B01D180
:106E240000F043FD01DC00F0F9FC269B042B01D1AA
:106E340000F06EFC01230893269B052B01D000F083
:106E4400F3FC279A069B944663440B930133079300
:106E54001F1E00DC01270023079D63640021172FF8
:106E640000DC20E1012204335B001800143011001F
:106E74000132B842F8D96164200000F023FF824651
:106E840020640E2D00D816E11B9B002B00DA22E2B1
:106E9400069A0E2A00DD1EE25D4BD2009B181A688A
:106EA4005B6804920593279B002B01DA00F03BFCFE
:106EB400029E039F049A059B30003900EAF704FB05
:106EC400EBF7E2FC8146EBF715FD049A059BEAF724
:106ED40005FF02000B0030003900EBF771F953464F
:106EE4005D1C4B46524630331370079B06000F005F
:106EF400012B45D00022474BEAF7F0FE0022002385
:106F040006000F00E9F756FC002800D069E30222CE
:106F1400079B5244534402931500A1460EE00022FD
:106F24003C4BEAF7DBFE0022002306000F0001358C
:106F3400E9F740FC002801D000F0C2FC049A059B4C
:106F440030003900EAF7C0FAEBF79EFC0400EBF7D7
:106F5400D1FC049A059BEAF7C1FE02000B00300045
:106F64003900EBF72DF922006B1E30321A70029BA8
:106F740006000F00A846AB42D1D14B46A1461C00E7
:106F840032003B0030003900E9F782FF049A059B88
:106F940006000F00E9F728FC00280CD1049A059B91
:106FA40030003900E9F706FC002800D119E34B460C
:106FB400DB0700D415E36B1E1978504607E09842AE
:106FC40001D100F002FD023D29781D00013B1A00A9
:106FD4003929F4D082460291029E0136167000E3EC
:106FE4000000F07F95C1011032040000120400007B
:106FF400000010FE0000F83F61436F63A787D23F93
:10700400B3C8608B288AC63FFB799F501344D33F93
:10701400C0C10110000024400123299A7D006D089D
:1070240013602A00BF4B03951A409A4200D043E6EE
:10703400BD4B289A1360029B002B0CD12D030AD15F
:107044002A9B002B01D100F0ABFDB84B9A460833C4
:107054002A9A136046E62A9B002B02D1B44B9A4627
:1070640040E6B34B9A460333F2E73A03B14D120BB1
:107074001543B14A29009D181A9B300098460023F5
:1070840016935EE6AD4B9A462CE6012500230122B9
:1070940001266D4226930892079527930023002129
:1070A4006364079B0B93200000F00CFE824620646F
:1070B4000E2D00D9E8E6002E00D1E5E6029A039BE6
:1070C400069F0E920F93002F00DC52E30F213B002A
:1070D4000B40DA009A4B9B181D685E680C950D9660
:1070E4003D11EB0601D400F008FC964B0D401A6AE2
:1070F4005B6A0E980F99EAF7E7F903231090119150
:107104000293002D18D00C980D99230001274C46AA
:1071140099468C4E2F4206D0029B0133029332686B
:107124007368EAF7DBFD6D100836002DF2D14B468B
:10713400A1461C000C900D910C9A0D9B109811996E
:10714400EAF7C2F90C900D910A9B002B09D00C9818
:107154000D990022774BE9F733FB002801D000F0AA
:1071640082FC0298EBF7C6FB0C9A0D9BEAF7B6FD7E
:10717400754B0022E9F78CFE744B0500CE18079B73
:10718400002B00D16FE3069B1893079B10930C9878
:107194000D99EBF779FB129513960600109D684B39
:1071A4006A1ED2009B18303619685A68F3B25646E4
:1071B40001361491159202931796EBF79BFB02008C
:1071C4000B000C980D99EAF7FBFF149A159B060027
:1071D40008980F00002800D1ADE300205C49EAF7CD
:1071E40073F9129A139BEAF7EBFF6B4652461B7A2C
:1071F4000C900D91137032003B00E9F7F5FA00286A
:1072040001D000F0BDFC32003B0000204949EAF700
:10721400D7FF0C9A0D9BE9F7D3FA002801D000F0B0
:10722400B1FC012D00D178E34A46149242461992EA
:107234005A46179B554402951294109299460C9CF9
:107244000D9DD34612E032003B0000203949EAF795
:10725400B7FF22002B00E9F7B3FA002801D000F0B1
:1072640065FC029BD146534500D14EE30022394BC5
:1072740020002900EAF732FD0022364B04000D00FD
:1072840030003900EAF72AFD0F000600EBF7FCFA9C
:107294008046EBF72FFB02000B0030003900EAF7C1
:1072A4008FFF01234B449A4643463033DBB2984662
:1072B4004B4642461A7022002B0006000F00E9F7E5
:1072C4007FFA0028BFD0109B5546DA469B46189B90
:1072D400129C069385E1089A002A3DD0269A012A39
:1072E40000DC05E2079B5D1E4B46A94500DAEAE295
:1072F4005D1B079B002B00DA15E39C46049AE044CF
:107304001700624404920121200000F09DFD060054
:1073140025E0049A069BD21A5B4299460023049204
:10732400099370E50000F07F0F27000084C101106D
:1073340090C101100000F03F01FCFFFF94C1011057
:10734400C0C1011098C1011000001C400000C0FC25
:107354000000E03F000024404D460026049F002F1B
:107364000DDD4346002B0ADD3B00474500DD92E17D
:10737400049AFF1AD21A04924246D31A98464B46EC
:10738400002B0ED0089B002B05D04B465B1B994667
:10739400002D00D081E159464A46200000F01AFE33
:1073A40083460121200000F04FFD099A8146002AFE
:1073B40000D037E1269B012B00DC53E101231F2081
:1073C4004344184000D12BE120231B1A042B00DC7A
:1073D400E0E31C23181A049B3F189C46844463462C
:1073E40080440493049B002B05DD59461A002000B9
:1073F40000F050FE83464346002B05DD49464246D5
:10740400200000F047FE81460A9B002B7AD1079B9F
:10741400002B00DCF5E1089B002B00D190E0002F4D
:1074240000DD50E1099B0496002B00D0D0E1079ABF
:1074340053469446013B9C44634608930123029AB5
:107444005D461A405346D046CB4607920A935946A6
:107454002800FFF763FB0300099030333100280054
:10746400029300F07BFE049A07005946200000F0C6
:107474008FFEC3688146002B00D0CEE001002800B7
:1074840000F06CFE82464946200000F043FC524660
:10749400269B134303D1079B002B00D125E3002F28
:1074A40000DA19E2269B1F4303D1079B002B00D16E
:1074B40012E243465F1C5346002B00DDA2E26A46FB
:1074C4004346127A1A70089B434500D1A9E200236F
:1074D40029000A22200000F027FC049B05009E429C
:1074E40000D190E0310000230A22200000F01CFCAF
:1074F400002306000A220499200000F015FCB84677
:107504000490A4E74946584600F028FE002800DB12
:107514007DE7069B5946013B06930A22002320007F
:1075240000F002FC089B8346002B00D012E30B9B67
:10753400002B04DC269B022B00DD35E30B9B079319
:10754400079B5746984623005C46B3464E469946E9
:1075540007E0210000230A22484600F0E5FB2F0043
:10756400040031002000FFF7D9FA534630307D1C67
:107574003870EB1A4345ECDB4B460027B1465E46B8
:10758400A3461C00029001225946200000F082FD0F
:107594004946834600F0E2FD6B1E1A78002800DCA1
:1075A40098E0514606E0994200D182E1023D2A78F2
:1075B4001D00013B392AF6D08A4601321A70494629
:1075C400200000F0A7FB002E0BD0002F05D0B742FF
:1075D40003D03900200000F09DFB3100200000F0B2
:1075E40099FB5946200000F095FB00232B70069B65
:1075F400289A013313602A9B002B01D1FFF772FBF9
:107604001D60FFF76FFB310000230A22200000F009
:107614008BFBB8460600049019E701239A4632E72B
:107624001C20D8E60100200000F0D4FC269B8146F3
:10763400012B00DCE0E0002309934B461B69033374
:107644009B004B44586800F0B5FB20231B1AB6E698
:1076540020220298D31A9840FFF76CFB00230A9368
:10766400FFF7BBFB029B002B00D0A7E6029803990F
:1076740000220B0309D1DA4B0B4206D0049B0132E2
:107684000133049301239C46E044099B0992002B97
:1076940000D193E6D1E743466AE62A003100200090
:1076A40000F098FC5A4601000600200000F0D6FBCA
:1076B40059460500200000F02DFB4B46AB46002B3D
:1076C40000D16EE667E631003A00200000F0E2FCEB
:1076D4000600A7E6002808D10299C90700D560E78B
:1076E40003E0023D2A781D00013B302AF9D066E709
:1076F400169A002A00D19CE1BA4A94466344049A3B
:10770400984494469C4463464D4617000493FAE516
:1077140001230893279B002B00DCC0E00B93079305
:107724001F00FFF798FB079B002B01DDFFF7C0FB51
:1077340000D0B0E0049805990022AB4BEAF7CEFAEA
:10774400029A039BE9F75AF8002300269946002879
:107754005FD1534652465D1C31231370069B01339F
:1077640006934946200000F0D5FA002E00D034E7F5
:1077740037E7069B002B00D16DE10E980F995D420F
:107784000F239A4A2B40DB00D3181A685B68EAF788
:10779400A5FA2D110C900D91002D00D1ECE10222DF
:1077A40000230127924E02922F4207D0029B0133FD
:1077B400029332687368EAF791FA01236D10083670
:1077C400002DF1D1002B00D1BEE40C900D91BBE44F
:1077D4007168200000F076FA3100050033690C313D
:1077E4009A1C92000C30FBF7C9FB012229002000EF
:1077F40000F050FC04901AE6029B002B00D135E700
:1078040019E7269B022B00DC05E6079B002B00D121
:1078140013E1279B5546DB430693A2E70023089315
:10782400269B022B00D175E700230021636420000E
:1078340000F048FA0023279301330893023B824661
:1078440020640B930793FFF71FFB0298EBF752F8A2
:107854000C9A0D9BEAF742FA664B0022E9F718FBF3
:107864000500654BCE1800220C980D995E4BEAF783
:10787400A7FC2A00330002900391E8F7B5FF002823
:1078840055D18021090673182A0002980399E8F754
:1078940097FF002841D0002300269946B9E7012329
:1078A400012507932793FFF7F9FB00230893FFF7BC
:1078B400C8FA069B8A460133069331230B707EE691
:1078C40045464C468DE6EE1A099BA9469C46B444AF
:1078D4006346002509930CE50A9A534692464246AC
:1078E400D946AB46551C002B00DDE3E06A4643460F
:1078F400127A37001A70049E61E60E9A0F9B10925A
:10790400119302230293FFF7FCFB149BDA4699467A
:10791400199B129C9846109B9B460E9A0F9B0292B1
:107924000393FFF7B1FA049B079A9F1AEBE4002331
:10793400002699460DE712981399EAF7CFF96A469B
:107944005346127A0C900D911A70109B179D012BBF
:1079540027D0109B534402934B46C146A0462C00AB
:1079640010930022254B30003900EAF7B7F90F00D5
:107974000600EAF789FF0500EAF7BCFF0B000200E6
:1079840039003000EAF71CFC3035029B25700134C5
:1079940006000F00A342E4D1109B4446C846994612
:1079A400029D00220C980D99154BE9F771FA3200EB
:1079B4003B00E8F705FF002800D1A2E0189A6B1EEF
:1079C400197806925046FFF702FB069B8246013364
:1079D40006933023020003700293FFF7FDFAC046BA
:1079E4000000F07F3304000000001440C0C1011007
:1079F40098C1011000001C400000C0FC000024409D
:107A04000000E03F0A9BD9469A46029BAB463D00E4
:107A1400392B61D04246029B370001331370049E18
:107A2400CDE50A9BD9469A46AB463D003700049EF5
:107A3400A9E536231A9A9B1A61E6494605222000D5
:107A440000F072F981460100584600F087FB0028D7
:107A540000DD7EE6DDE60E9A0F9B0C920D93022369
:107A64000293FFF771FB079B002B00D1EDE60B9F00
:107A7400002F00DC51E70C980D99069B0022013B76
:107A840018934B4BEAF72AF905000E0002980C955F
:107A94000D960130EAF72EFF2A003300EAF71EF9AB
:107AA400444B0022E9F7F4F9434B0500CE18109734
:107AB400FFF76DFB59460122200000F0EBFA49461E
:107AC400834600F04BFB00283CDD029B392B03D09E
:107AD400099B3133029309E7392342463700137077
:107AE400049E39226B1E514664E50A9BD9469A4688
:107AF4004346AB465D1C029B392BEDD0002FE7DCDF
:107B0400F4E60C9A0D9B00202C49EAF759FB32004D
:107B14003B00E8F769FE002801D1FEE61D006B1E5C
:107B24001A78302AFAD0189B06935AE55546DA4655
:107B3400109A4B469346189A4146129C0692504618
:107B4400FFF745FA002800D0D0E6029BDB0700D4FB
:107B5400CCE6BAE7002331000A22200000F0E4F862
:107B64000B9B0600002B01DD079358E4269B022B98
:107B74001ADC0B9B079352E402230293FFF7E4FA07
:107B8400179DD0E7189B179D0693029953465046BC
:107B9400FFF71DFA042B00D124E43C23181A1AE43D
:107BA400074B9A46FFF79EF80B9B07932DE6C046BA
:107BB4000000244000001C400000C0FC0000E03F26
:047BC40084C1011067
:107BC800F0B5D6464F4646460B78C0B5722B3FD027
:107BD800772B37D0612B07D01623036000201CBCFD
:107BE80090469946A246F0BD822384209B009A467F
:107BF8000124400080235B02994680231B0198469C
:107C08001C2310279C460326022501310B78002BE4
:107C18000ED0622B13D0782B0ED02B2BF5D16346C8
:107C2800013198430B78B44338432C43002BF0D1EF
:107C380053461C431460D2E743461C43E5E74B46D2
:107C48001C43E2E7C023DB009A4601240820D1E761
:0C7C5800002300249A460420CCE7C0461C
:107C6400002370B5064C050008002360F4F788F87B
:107C7400431C00D070BD2368002BFBD02B60F9E7B8
:047C84009CAC002094
:107C8800034B1B68586B002800D10248F03070473E
:087C9800C0070020F00B0020E2
:107CA00070B50500080011000022064C22601A0081
:107CB000F4F7D5F8431C00D070BD2368002BFBD02F
:087CC0002B60F9E79CAC0020E9
:107CC80070B50400C06C0D0000280AD0AB00C318C2
:107CD800186800280FD002681A6000230361C36087
:107CE80070BD212204212000F3F7C0FAE0640028C7
:107CF800ECD10020F4E70126AE40721D920001216C
:107D08002000F3F7B3FA0028F3D045608660E4E773
:107D1800002906D04B689A00C36C9B181A680A6041
:047D28001960704727
:107D2C00F8B5CE4647468146080080B50D000C6973
:107D3C001F0000211430036801311E04360C564319
:107D4C001B0C5343F619370CDB1936041F0C360C7D
:107D5C001B049B1908C08C42EDDC002F08D0AB68CB
:107D6C00A3420ADD231D9B00EB1801345F602C61DC
:107D7C0028000CBC90469946F8BD6B684846591CC7
:107D8C00FFF79CFF29002B6980469A1C92000C314E
:107D9C000C30FBF7EFF86B689A004B46DB6C9B18CA
:0C7DAC001A682A601D604546DCE7C046EE
:107DB8000300020C0020002A01D11B0410301A0E07
:107DC80001D108301B021A0F01D104301B019A0F90
:107DD80001D102309B00002B02DB5B0001D5013092
:087DE80070472020FCE7C046B3
:107DF00003685A0709D00022D90704D49A071ED570
:107E000001225B080360100070471904002200295A
:107E100001D11B0C1032FF21194201D108321B0A7B
:107E2000190701D104321B09990701D102329B08BD
:107E3000D90702D45B0806D001320360E3E79B0850
:0C7E400003600222DFE72022DDE7C046DD
:107E4C0010B50C000121FFF739FF012344610361D8
:047E5C0010BDC0464F
:107E6000F0B557464E464546DE46E0B514690E6904
:107E700085B00F001500A64204DA33001700260073
:107E80000D001C0033199846BB687968434500DA39
:107E90000131FFF719FF14220300944663449A4608
:107EA00043469B0019005144029003918A4504D235
:107EB0005346002204C39942FCD83B0014339C462D
:107EC00001931423B2006244A4009C462300AC44F6
:107ED000634400939C4562D2914608E0240C32D161
:107EE00004239B46009BDC44DA44634557D9634630
:107EF0001C682604360CF1D0554600224C46019FE2
:107F000002CF28680B041B0C73430004000C1B18E1
:107F1000994691442A680B0C100C4A464946734313
:107F2000120C1B189B1809041A0C090C1B040B4398
:107F3000AB4608C5BC42E3D85B465A606346A146DF
:107F40001C68240CCCD0534600221B68494650467E
:107F50001E009146019D2A88360C624392194A44BC
:107F60001B0416041B0C33434668036037043F0CA4
:107F7000B94608CD120C1B0C63434B449B181A0CDA
:107F8000834691460430A942E5D85F467B600423CE
:107F90009B46009BDC448946DA446345A7D84346A8
:107FA000002B0EDD039B043B1A68002A09D14246D0
:107FB00003E0043B1968002902D1013A002AF8D1F4
:107FC0009046029B424618001A6105B03CBC9046A0
:087FD0009946A246AB46F0BD44
:107FD800F8B54746CE46032380B588460700140007
:107FE80013403AD1A410464626D0BD6C002D3DD092
:107FF800012346469846002399464346234208D122
:10800800641019D0286800281BD005004346234275
:10801800F6D02A0031003800FFF71EFF002E1AD0D4
:10802800FA6C736894469B0063441A686410326063
:108038001E600600002CE5D130000CBC9046994625
:10804800F8BD2A0029003800FFF706FF4B462860D4
:1080580003600500DAE70600D2E70B4A013B9B0004
:108068009A580023FFF75EFE8046BBE701213800DF
:10807800FFF726FE054B050043610123036100233A
:10808800B8640360B4E7C04688C2011071020000FA
:10809800F0B5DE4657464E464546E0B50D002B691D
:1080A80056119B46B3445B465C1CAB6883B0019099
:1080B800170049689C4203DD01315B009C42FBDCF0
:1080C8000198FFF7FDFD030084461433002E06DDFA
:1080D8000022B100591804C39942FCD10B00296948
:1080E8002A008E001F21143239409619894600292A
:1080F80029D020214846091A8846002719004846F1
:1081080013688A4683403B4308C1434680CADF4020
:108118009642F4D853465F60002F01D05C46023483
:1081280063466046013C1C616B689A00019BDB6CEE
:108138009B181A682A601D6003B03CBC904699469B
:10814800A246AB46F0BD02CA02C39642E8D902CAAB
:0881580002C39642F7D8E3E7E9
:108160000A69036930B50500981A12D192001435D6
:108170001431AB18891801E09D420AD2043B04393E
:108180001C680A689442F7D09442804101239843C6
:04819000013030BDCD
:10819400F8B5454657464E461400DE46E0B50E0097
:1081A400250013690A698846D71A14361435002F36
:1081B40016D19B00F218EB1802E0B24200D86FE02F
:1081C400043A1168043B8C4619688C45F5D00AD2F0
:1081D40033002E001D0043460127A0461C0002E088
:1081E400002FF5DB002743465968FFF76BFD434634
:1081F40081461B69C7609C469800236982469B00A0
:1082040098464F46B244A8441437002000E02600A4
:1082140004CD34009346594608CC09041A04120CC0
:108224001218090C521A190C5B461B0CCB1A1114A8
:108234005B1812041814120C1B04391D13433B6001
:108244000F00A845E3D8A24515D908CC1A04120C8E
:10825400121815141B0C5B1912041814120C1B04AD
:10826400134308C7A245F0D85246961B053EB608EC
:108274000136B60089190439002B07D101235B426A
:10828400984604390B68C444002BF7D04B46624629
:108294001A6148463CBC90469946A246AB46F8BD96
:1082A4000021FFF70FFD0123036100238146436191
:0482B400EFE7C046EA
:1082B800F0B501211C0083B01500089FFFF700FDF1
:1082C8002303640006001B0B640D02D080225203B6
:1082D80013430193002D19D068460095FFF784FDDC
:1082E800002830D1009B019D7361B5616B1E9D41D3
:1082F80001353561002C14D0194B9C463523644454
:108308002418181A099B3C60186019E001A8FFF7A7
:108318006BFD019B20307361012301253361002C23
:10832800EAD1104B9C46104B6044EB189B00F318A5
:1083380038605869FFF73CFD6D01099B281A1860E1
:10834800300003B0F0BD019D20232A001B1A9A407B
:108358001300C540009A019513437361C5E7C046F1
:0C836800CDFBFFFFCEFBFFFFFFFFFF3F40
:1083740070B50500080011000022064C22601A00A6
:10838400F3F702FD431C00D070BD2368002BFBD023
:088394002B60F9E79CAC00200E
:10839C00F0B557464E46DE464546E0B5936883B089
:1083AC0001900E009246002B6CD0136808688D6803
:1083BC001F0044E09022B389D20013422ED03169C1
:1083CC00421A9346706942001218D00F8218601C32
:1083DC00521058449046904201D9804602008020A9
:1083EC00C000034237D011000198F2F7A7FF051E19
:1083FC0053D05A463169FAF7BDFDB389294A134067
:10840C0080221343B381434628005A463561A04667
:10841C002500584473619B1A3060B360424649464C
:10842C00FAF7ECFDB3685D1B3368B5604344336009
:10843C00180053469B681C1B53469C6022D03B681B
:10844C007C6899460837A846002CF8D0AC42B1D2CB
:10845C002500A046E2E70198F2F7DCFE051ED2D11A
:10846C00019C31692000F2F7B3FF0C2323604022FA
:10847C00B38901201343B3815246002340429360D9
:10848C00536003E0002352460020536003B03CBC11
:10849C0090469946A246AB46F0BD0C23019A136058
:0884AC00E5E7C0467FFBFFFF7E
:1084B400F8B54E464546DE4657464B6EE0B5804617
:1084C4000E0091469B0430D513689A469368002B9E
:1084D40029D05246146852689346970818D000254C
:1084E40003E001350434AF4210D032002168404625
:1084F40000F072F8431CF4D14A46002393605360A1
:108504003CBC90469946A246AB46F8BD4B469B6898
:108514005A4603218A439B1A4A469360082294468A
:10852400E244002BD5D10020E6E7F9F70BFFE3E79F
:10853400936810B5002B02D0FFF7BAFF10BD53604B
:048544000020FBE731
:10854800F0B5CE46474680B583B0814688461400CC
:10855800FAF74AF9012803D14346013BFE2B2ED9ED
:10856800230001AF5C3342463900484600F060F80A
:108578000600431C29D000281FD03978002507E0C1
:1085880023685A1C226019700135B54215D2795DED
:10859800A368013BA360002BF2DAA269934201DBD6
:1085A8000A29EDD122004846FEF7B4F9431CEBD165
:1085B80003B00CBC90469946F0BD4046F8E74346E8
:1085C80001AFD9B239700126D8E74022A3891343F5
:0485D800A381EDE7A7
:1085DC0070B514000C23D25E636E0E00050091B2D0
:1085EC00DB0701D48B051AD580239B01194204D1DA
:1085FC001A43A281626E1343636628002200310085
:10860C00FFF79CFF636E0500DB0702D4A3899B0573
:10861C0001D5280070BDA06DFAF7F8F8F9E7A06D48
:0C862C00FAF7F2F80C23E25E91B2DDE7F1
:1086380070B51D00124B84B01B6804005B6B0029E9
:108648000CD0002B08D0E0201E582B002000B0478B
:10865800431C0ED004B070BD0A4BF4E7002B0DD0BC
:10866800E02201A99E5820002B000022B047431C9D
:10867800F0D100232B608A332360EBE7014BEFE74F
:08868800C0070020F00B0020E8
:1086900058220120014B40421A6070479CAC0020D8
:1086A00058220120014B40421A6070479CAC0020C8
:1086B00000000000000000010000010000000101B6
:1086C00000010000000100010001010000010101A2
:1086D0000100000000000000000000010000010097
:1086E0000000010100010000000100010001010083
:1086F0000001010101000000000000000000000076
:108700000000000000000000000000000000000069
:108710000000000000000000000000000000000059
:108720000000000000000000000000000000000049
:1087300005000000E803000005000000A429002057
:108740001000000000000000000000000000000019
:108750000000000000000000000000000000000019
:108760000000000000000000000000000000000009
:1087700000000000000000000000000000000000F9
:1087800000000000001000003892011074920110E7
:10879000F17E0010D17E00105C92011004000000F8
:1087A000119001100B000000E82B00201C000000BD
:1087B000540C0010FE0B0010FE0B00102C0D0010CE
:1087C000FA0B0010FA0B0010220D00102C0D0010F7
:1087D000FA0B0010220D0010FA0B00102C0D0010E7
:1087E000300D0010300D0010300D0010380D00104D
:1087F00070170010E2150010261600108A150010E0
:108800002616001016170010261600108A150010E4
:10881000E2150010E2150010161700108A1500105E
:108820008215001082150010821500102417001008
:10883000981E00109A1D00109A1D0010B8200010FC
:10884000941D0010941D0010A0200010B8200010EE
:10885000941D0010A0200010941D0010B8200010DE
:10886000AE200010AE200010AE200010BC20001082
:108870000000000000000000B92E0010212F0010A1
:10888000E12D00102F3B0010373C0010293900105B
:10889000853E0010273B0010853B00103D3900103D
:1088A0003739001019460010D52D00101B39001063
:1088B00045390010CD2D0010CF2D0010D12D001006
:1088C00005010902A10185010901A100050919019C
:1088D0002903150025019503750181027505950190
:1088E00081030501093009311581257F750895023D
:1088F000810609381581257F750895018106C0C05C
:1089000005010904A1018502050919012980150045
:108910002501750195808102050109300931160094
:108920008026FF7F75109502810209391500250701
:10893000350046380165147504950181027504956A
:04894000018103C0EE
:0389440066730057
:108947004D6F7573650047616D65506164004D6FCC
:108957006465207377617070656420746F2048497F
:03896700442000A9
:03896A0072620036
:10896D007762004661696C656420746F206F706575
:0E897D006E20666F722077726974653A200072
:10898B0043616C6962726174696F6E3A20737461D2
:10899B007274696E672E204D6F76652073746963F0
:1089AB006B20746F20616C6C2065787472656D65DB
:1089BB00732E2E2E0043616C6962726174696F6E47
:1089CB00207361766564202D20583A5B002C2000C3
:0889DB005D20593A5B005D00CC
:1089E3002F66732F6D6F64652E62696E006D6F6401
:1089F300652E62696E206D697373696E672C2064DE
:108A0300656661756C74696E6720746F2067616D4C
:108A130065706164004D6F6465207365743A20006E
:068A23006D6F7573650024
:0E8A29002F66732F63616C69622E62696E00A6
:108A37004661696C203A28004F4B21004D6F756ED7
:108A470074696E672066696C6573797374656D20E8
:108A57002F66732F2E2E2E2000466F726D61747451
:088A6700696E672E2E2E20001F
:078A6F005265616420220042
:108A76004661696C20756E6D6F756E74696E6720E0
:0B8A860066696C6573797374656D00A0
:108A9100577269746520746F202200222E2E2E20B9
:108AA1000046696C65206E6F7420666F756E640098
:0F8AB10057726F746520002063686172732E0026
:108AC0000000000000000000F53A0010093B001013
:088AD000EB3D0010898F00103E
:0C8AD800113F00101D3B00101939001068
:088AE400FFFFFFFFFFFFFFFF92
:108AEC002F686F6D652F74616E676C65732F2E61C7
:108AFC00726475696E6F31352F7061636B61676578
:108B0C00732F61726475696E6F2F6861726477611F
:108B1C0072652F6D6265645F7270323034302F3441
:108B2C002E352E302F6C69627261726965732F5508
:108B3C0053424849442F7372632F5553424849445A
:108B4C002E637070007265736F6C7665722E766131
:068B5C006C696428290089
:108B64000000000000000000A93A0010DD3A0010E7
:108B7400CD3900102F3B0010373C0010293900106C
:108B8400853E0010273B0010853B00103D39001046
:108B940037390010194600104D3900101B390010E8
:108BA40045390010CD2D0010CF2D0010D12D00100F
:108BB40016034800490044002000440045005600C4
:068BC400490043004500DA
:088BCA000803480049004400C3
:0C8BD400894500101D3B001019390010ED
:108BE000000000000000000085410010114200104C
:108BF0001140001065400010114300102144001086
:108C000089430010F144001015400010814000100D
:048C100021410010EE
:108C14005261737062657272795069205069636F32
:018C2400004F
:108C28000000000000000000614600107D460010B2
:108C38004DA40010599900100196001005970010D6
:108C480001A500100B9200100D92001085A70010CE
:108C5800D9A700109992001071470010954800108C
:108C68006992001059460010414800106D480010E4
:108C780081920010FD4700101146001015460010A3
:108C8800174600101D460010394600109546001082
:108C9800D94600101547001041470010AF4A001090
:088CA800B74A0010BF4A00109A
:108CB0001003410072006400750069006E006F00CF
:108CC0000000000000000000114D0010254D0010B4
:088CD000C9510010898F00104A
:108CD8000000000000000000394D00104D4D00104C
:088CE8000F530010898F0010EA
:108CF0000000000000000000E94C0010FD4C0010D6
:088D0000CD4A0010898F00101C
:0C8D0800A15400101D3B00101939001090
:078D140080250000000008AB
:0E8D1B005F72785F73697A65203D3D203000FD
:108D29005F74785F6C6973742E656D707479282926
:108D3900005F72785F6C6973742E656D7074792841
:028D49002900FF
:108D4B002F686F6D652F74616E676C65732F2E6165
:108D5B00726475696E6F31352F7061636B61676516
:108D6B00732F61726475696E6F2F686172647761BE
:108D7B0072652F6D6265645F7270323034302F34E0
:108D8B002E352E302F636F7265732F617264756988
:108D9B006E6F2F5553422F5553424344432E6370EE
:108DAB0070007265736F6C7665722E76616C696498
:038DBB0028290064
:108DC0000000000000000000954C0010C94C00108D
:108DD000E94A0010035000101B500010D54D001040
:108DE000F5530010DF4C0010614D0010D54A001003
:108DF000DB4A0010F14F0010E14A0010C74A001092
:088E0000C94A0010CB4A001022
:108E08001603430044004300200044004500560078
:068E180049004300450083
:0C8E2000E95900101D3B0010193900102A
:0C8E2C00D95900101D3B0010193900102E
:078E380055534265767400FA
:108E3F002F686F6D652F74616E676C65732F2E6170
:108E4F00726475696E6F31352F7061636B61676521
:108E5F00732F61726475696E6F2F686172647761C9
:108E6F0072652F6D6265645F7270323034302F34EB
:108E7F002E352E302F636F7265732F617264756993
:108E8F006E6F2F6D6265642F706C6174666F726D9B
:108E9F002F696E636C7564652F706C6174666F7289
:108EAF006D2F43616C6C6261636B2E6800626F6F34
:098EBF006C282A7468697329000B
:108EC800000000000000000005570010895700103E
:108ED800E94A0010035000101B500010D54D001037
:108EE800F5530010DF4C0010614D0010D54A0010FA
:108EF800DB4A0010F14F0010E14A0010A5550010A0
:108F08002D580010CB4A0010395500106D5500102F
:108F1800F9580010A9540010C9540010D942001083
:108F28003D430010C9430010CD54001051410010BA
:108F3800C9410010D1540010D8FEFFFF0000000006
:108F480059570010B957001019B00010E3AF0010BE
:108F58004BB00010DFAF0010DFAF0010DFAF001024
:108F68004FB0001053B000104FB00010193F001060
:108F78001F3F0010293F00102D3F0010333F001005
:108F8800393F00103D3F0010555500108D55001019
:108F98003F3F0010413F0010D4FEFFFF00000000DB
:108FA80071570010A1570010C0FEFFFF000000001D
:108FB8006F410010FB41001011400010CF54001009
:108FC800F94200100B44001071430010B959001009
:0C8FD800B3540010CB540010E154001002
:0C8FE4000000000000000000615A0010B6
:038FF0000D0A0067
:0B8FF3005254582056352E352E330006
:108FFE007274785F74696D6572007274785F6964FB
:10900E006C650073696E676C65746F6E5F6D7574F9
:10901E006578004E6F7420616C6C6F7765642069A3
:10902E006E2049535220636F6E74657874005379C5
:10903E007374656D206973206F7574206F66206D73
:10904E00656D6F727900506172616D657465722025
:10905E006572726F72005265736F75726365206E02
:10906E006F7420617661696C61626C65004F70652A
:10907E00726174696F6E206E6F7420636F6D706CA9
:10908E00657465642077697468696E2074686520FC
:10909E0074696D656F757420706572696F640055C3
:1090AE006E7370656369666965642052544F532010
:1090BE006572726F7200666C6173685F6F6666735D
:1090CE00202B20636F756E74203C3D205049434F1A
:1090DE005F464C4153485F53495A455F4259544588
:1090EE0053002E2F6D6265642D6F732F746172673E
:1090FE006574732F5441524745545F524153504249
:10910E004552525950492F5441524745545F52507F
:10911E00323034302F7069636F2D73646B2F727021
:10912E00325F636F6D6D6F6E2F68617264776172FF
:10913E00655F666C6173682F666C6173682E630081
:10914E00636F6E6E6563745F696E7465726E616C6B
:10915E005F666C61736820262620666C6173685F9B
:10916E00657869745F78697020262620666C617355
:10917E00685F72616E67655F657261736520262632
:10918E0020666C6173685F666C7573685F6361639C
:10919E00686500636F6E6E6563745F696E74657289
:1091AE006E616C5F666C61736820262620666C614A
:1091BE0073685F657869745F78697020262620660B
:1091CE006C6173685F72616E67655F70726F6772F4
:1091DE00616D20262620666C6173685F666C757300
:1091EE00685F636163686500636F6E6E6563745F6D
:1091FE00696E7465726E616C5F666C617368202651
:10920E002620666C6173685F657869745F78697033
:10921E0020262620666C6173685F666C7573685FC6
:06922E0063616368650046
:049234000000000036
:109238000890011000000000AC2A00204400000043
:1092480010120020000200000100000001000000D0
:049258000000000012
:10925C000000000000000000E429002034000000A1
:08926C00182A00205000000048
:10927400FE8F011000000000682A00204400000056
:10928400101400200003000028000000010000006A
:0492940000000000D6
:109298006D616C6C6F635F6D7574657800656E7673
:0792A8005F6D75746578002D
:1092AF006D61696E00507265206D61696E20746822
:1092BF0072656164206E6F7420637265617465649A
:1092CF00004661696C656420746F207374617274F9
:0692DF002052544F530021
:0892E500556E6B6E6F776E0091
:1092ED00434D5349532D52544F53206572726F7233
:1092FD003A20537461636B206F766572666C6F777D
:10930D0000434D5349532D52544F53206572726F84
:10931D00723A20495352205175657565206F7665F7
:10932D0072666C6F7700434D5349532D52544F5312
:10933D00206572726F723A20557365722054696D93
:10934D0065722043616C6C6261636B20517565754C
:10935D0065206F766572666C6F7700434D53495388
:10936D002D52544F53206572726F723A20535444EC
:10937D0020432F432B2B206C696272617279206C14
:10938D0069627370616365206E6F742061766169C7
:10939D006C61626C6500434D5349532D52544F53CC
:1093AD00206572726F723A2053544420432F432B21
:1093BD002B206C696272617279206D7574657820ED
:1093CD00696E697469616C697A6174696F6E206622
:1093DD0061696C656400434D5349532D52544F538D
:1093ED00206572726F723A20556E6B6E6F776E00DC
:10940000219001103C9001105490011064900110C3
:089410007B900110AD900110EA
:109418002E2F6D6265642D6F732F706C6174666F8B
:10942800726D2F696E636C7564652F706C617466FC
:109438006F726D2F53696E676C65746F6E507472BE
:109448002E680070203D3D207265696E74657270EB
:109458007265745F636173743C54202A3E28265FEA
:069468006461746129003B
:1094700000000000000000000583001007830010BA
:08948000358300104983001040
:10948800000000006410B71DC8206E3BAC30D92620
:109498009041DC76F4516B6B5861B24D3C710550CC
:1094A8002083B8ED44930FF0E8A3D6D68CB361CBF4
:1094B800B0C2649BD4D2D38678E20AA01CF2BDBDA8
:1094C8002E2F6D6265642D6F732F647269766572D5
:1094D800732F736F757263652F53657269616C4280
:1094E8006173652E637070005F7374617469635F84
:0F94F80070696E6D6170203D3D204E554C4C00EB
:10950800000000000000000065860010658600105D
:08951800118B0010818B001083
:109520000000000000000000658600106586001045
:10953000458D0010698D00108D8D0010E58D001097
:10954000A78C0010B38C0010BF8C0010C78C0010CB
:109550000D8D0010298D0010CF8C00108CFFFFFFA7
:1095600000000000598D00107D8D00100D8E001040
:10957000D58D0010AD8C0010CB8C0010A38C00108A
:10958000C38C00108583001093830010B98C0010E9
:10959000193F00101F3F0010293F0010198D0010C7
:0C95A000358D0010FD8C00103D3F0010C8
:1095AC002E2F6D6265642D6F732F647269766572F0
:1095BC00732F7573622F736F757263652F41737997
:1095CC006E634F702E637070005F77616974203D1D
:0795DC003D204E554C4C00F0
:0E95E3005F6C697374203D3D204E554C4C006A
:1095F4000000000000000000000000000000000067
:08960400455A0010898F001087
:10960C002E2F6D6265642D6F732F6472697665728F
:10961C00732F7573622F736F757263652F55534279
:10962C004465766963652E637070005F6C6F636B65
:07963C006564203E203000B0
:10964300446576696365207374617465206973206A
:1096530022506F776572656422206F722022446501
:08966300746163686564220074
:10966B0054686520656E64706F696E742069732031
:0F967B006E6F7420696E64657861626C652E0095
:10968A005F7472616E736665722E757365725F635D
:10969A00616C6C6261636B203D3D2052657175653A
:0B96AA00737458666572446F6E6500B3
:1096B50054686520737461636B20697320776169F1
:1096C50074696E67206F6E20612075736572206303
:1096D500616C6C6261636B20666F722074686520D3
:1096E50062756666657220746F2066696C6C206FA2
:0A96F50072207374617475732E0007
:1096FF005F7472616E736665722E757365725F63E8
:10970F00616C6C6261636B203D3D20536574436FE8
:0C971F006E66696775726174696F6E0098
:10972B005F7472616E736665722E757365725F63BB
:10973B00616C6C6261636B203D3D20536574496EB7
:08974B0074657266616365003C
:109753005F7472616E736665722E757365725F6393
:10976300616C6C6261636B203D3D20526571756570
:039773007374000C
:0E97760021636F6E666967757265642829004D
:109784005468652073697A65206F66207468652063
:109794006461746120746F20726561642069732050
:1097A4006C657373207468616E20746865206D61E4
:1097B40078207061636B65742073697A6520666FC5
:1097C40072207468697320656E64706F696E742E9C
:0197D4000094
:1097D50054686520656E64706F696E7420697320C6
:1097E5006E6F7420696E64657861626C650053699B
:1097F5007A65206265696E67207772697474656E33
:0F98050020697320746F6F206C617267652E008D
:109814002128696E666F2D3E666C61677320262071
:10982400454E44504F494E545F454E41424C454489
:1098340029006D61785F7061636B65745F73697A29
:0A98440065203C3D20313032340035
:0E984E00215F696E697469616C697A656400F6
:10985C0000000000000000000000000000000000FC
:10986C004DA4001059990010019600100597001096
:10987C0001A500100B9200100D92001085A700108E
:10988C00D9A700109992001019920010455A001097
:10989C006992001071920010919200107992001050
:1098AC00819200108992001011460010154600108C
:1098BC001746001009920010455A0010455A001026
:1098CC00455A0010455A0010455A0010DD92001000
:0898DC0009930010B99200107D
:0498E400040309046C
:1098E80016033000310032003300340035003600F2
:0698F800370038003900C2
:1098FE001603550053004200200044004500560058
:06990E0049004300450082
:08991400080355005300420056
:10991C0012036D006200650064002E006F0072007F
:02992C006700D2
:06992E00060330003100C9
:109934002E2F6D6265642D6F732F68616C2F736FAA
:10994400757263652F6D6265645F637269746963C0
:10995400616C5F73656374696F6E5F6170692E63B8
:1099640000216172655F696E7465727275707473DB
:0B9974005F656E61626C65642829006D
:10997F0070696E6D6170206E6F7420666F756E64A6
:10998F0020666F72207065726970686572616C0015
:10999F002E2F6D6265642D6F732F68616C2F736F3F
:1099AF00757263652F6D6265645F7469636B657251
:1099BF005F6170692E63006D617463685F746963C2
:1099CF006B20213D2071756575652D3E7469636B44
:0B99DF005F6C6173745F72656164006F
:1099EA005469636B6572206672657175656E637919
:1099FA00206973207A65726F005469636B657220FF
:109A0A006E756D626572206F662062697420697373
:109A1A002067726561746572207468616E203332E2
:109A2A00206F72206C657373207468616E20342015
:059A3A00626974730075
:089A4000489A0110D811002022
:109A480029AD001091150110F91501100316011028
:109A58009D150110F115011015AD001071150110BB
:049A680000000000FA
:089A6C0064656661756C74000D
:109A74000000000000000000D5AD001041AE001051
:109A840000000000000000000000000000000000D2
:109A9400455A0010455A0010455A0010455A001006
:109AA400A38C0010D1AE00108583001093830010A6
:109AB400D5AE0010193F00101F3F0010293F0010C1
:109AC4002D3F0010333F0010393F00103D3F001080
:109AD4002F002E2F6D6265642D6F732F706C61746F
:109AE400666F726D2F736F757263652F46696C654F
:109AF400506174682E637070006C656E20213D2087
:029B040030002F
:109B0800000000000000000000000000000000004D
:109B1800455A0010CDAF0010D3AF0010CDAF0010E4
:0C9B2800CDAF0010D9AF0010CDAF001081
:109B3400772B0053747265616D206F626A206661D1
:069B4400696C75726500FA
:109B4C000000000000000000000000000000000009
:109B5C00455A0010455A0010455A0010455A00103D
:109B6C00A38C0010D1AE00108583001093830010DD
:109B7C00D5AE0010193F00101F3F0010293F0010F8
:109B8C002D3F0010333F0010393F00103D3F0010B7
:109B9C00FCFFFFFF000000000000000000000000C0
:109BAC0000000000000000000000000000000000A9
:109BBC0019B00010E3AF00104BB00010DFAF001075
:109BCC00DFAF0010DFAF00104FB0001053B000102B
:109BDC004FB00010193F00101F3F0010293F00101C
:109BEC002D3F0010333F0010393F00103D3F001057
:109BFC00455A0010455A00103F3F0010413F0010DD
:109C0C00FCFFFFFF0000000000000000000000004F
:109C1C000A52252D34643A202530386C58000A53EA
:109C2C00502020203A202530386C580A4C522020E5
:109C3C00203A202530386C580A50432020203A20F6
:109C4C002530386C580A78505352203A2025303839
:109C5C006C580A50535020203A202530386C580A42
:109C6C004D535020203A202530386C58000A435070
:109C7C005549443A202530386C58000A4D6F6465BC
:109C8C00203A20546872656164000A50726976202B
:109C9C003A2055736572000A50726976203A20504A
:109CAC00726976696C65676564000A4D6F6465203E
:109CBC003A2048616E646C6572000A537461636B80
:109CCC003A20505350000A537461636B3A204D5341
:029CDC00500036
:109CDE000A2B2B204D6265644F53204661756C74C0
:109CEE002048616E646C6572202B2B0A0A466175E2
:109CFE006C74547970653A20004D656D4D616E61DE
:109D0E0067654661756C74004275734661756C7457
:109D1E000055736167654661756C740048617264C5
:109D2E004661756C74000A0A436F6E746578743AF6
:109D3E00000A0A2D2D204D6265644F532046617531
:109D4E006C742048616E646C6572202D2D0A0A00B9
:109D5E004661756C7420657863657074696F6E000A
:059D6E002E2E2E0A005C
:109D73002E2F6D6265642D6F732F706C6174666F27
:109D8300726D2F736F757263652F6D6265645F63A8
:109D93007269746963616C2E6300637269746963C9
:109DA300616C5F73656374696F6E5F7265656E7412
:109DB30072616E63795F636F756E746572203C20A8
:0B9DC30055494E5433325F4D415800AB
:109DCE003C756E6E616D65643E00203C68616E642C
:109DDE006C65723E000A0A2B2B204D6265644F5350
:109DEE00204572726F7220496E666F202B2B0A45CA
:109DFE0072726F72205374617475733A20307825C5
:109E0E005820436F64653A202564204D6F64756C4D
:109E1E00653A2025640A4572726F72204D65737320
:109E2E006167653A20004B65726E656C20457272F3
:109E3E006F723A203078256C582C20005468726569
:109E4E0061643A203078256C582C20004D7574656D
:109E5E00783A203078256C582C200053656D61704F
:109E6E00686F72653A203078256C582C20004D654D
:109E7E006D6F7279506F6F6C3A203078256C582C5C
:109E8E0020004576656E74466C6167733A203078B3
:109E9E00256C582C200054696D65723A2030782557
:109EAE006C582C20004D657373616765517565752F
:109EBE00653A203078256C582C20004173736572FA
:109ECE0074696F6E206661696C65643A20000A4C95
:109EDE006F636174696F6E3A203078256C58000A92
:109EEE0046696C653A20002B2564000A4572726F34
:109EFE00722056616C75653A203078256C58000AD0
:109F0E0043757272656E74205468726561643A208E
:109F1E00257325732049643A203078256C582045E6
:109F2E006E7472793A203078256C582053746163C0
:109F3E006B53697A653A203078256C5820537461DA
:109F4E00636B4D656D3A203078256C582053503A2E
:109F5E00203078256C5820000A466F72206D6F7283
:109F6E006520696E666F2C2076697369743A206875
:109F7E00747470733A2F2F6D6265642E636F6D2F3C
:109F8E00732F6572726F723F6572726F723D3078A9
:109F9E0025303858266F737665723D256C642663BE
:109FAE006F72653D30782530386C5826636F6D7052
:109FBE003D2564267665723D256C75267467743D65
:109FCE005241535042455252595F50495F50494396
:109FDE004F000A2D2D204D6265644F53204572723D
:0C9FEE006F7220496E666F202D2D0A0056
:109FFA002E2F6D6265642D6F732F706C6174666F9E
:10A00A00726D2F736F757263652F6D6265645F720F
:10A01A00657461726765742E637070002867756174
:10A02A0072642026204358415F47554152445F4D90
:0AA03A0041534B29203D3D2030002A
:10A044002867756172642026204358415F47554153
:10A0540052445F4D41534B29203D3D204358415FBD
:10A0640047554152445F494E49545F494E5F5052EF
:07A074004F47524553530012
:10A07B004572726F72202D2077726974696E67203A
:10A08B00746F20612066696C6520696E20616E209B
:10A09B00495352206F7220637269746963616C203B
:0CA0AB0073656374696F6E0D0A000D0090
:10A0B7004572726F72202D2072656164696E672028
:10A0C70066726F6D20612066696C6520696E20611C
:10A0D7006E20495352206F722063726974696361FD
:0CA0E7006C2073656374696F6E0D0A00D5
:10A0F3004F70657261746F72206E6577206F75742F
:0DA10300206F66206D656D6F72790D0A008A
:10A1100000000000000000008DB9001031BF0010E9
:10A120000DBA0010BDB9001079B9001089B900103E
:10A13000A38C001085B90010858300109383001054
:10A140007FB90010193F00101F3F0010293F001079
:10A150002D3F0010333F0010DDB900103D3F0010CF
:10A16000FFFFFFFF00000000FFFFFFFF01000000F6
:08A17000FFFFFFFF00000000EB
:08A178002F737464657272001C
:07A180002F737464696E0087
:08A187002F7374646F757400FE
:10A18F002E2F6D6265642D6F732F706C6174666F07
:10A19F00726D2F736F757263652F6D6265645F7378
:10A1AF00746174732E6300737461747320213D2086
:05A1BF004E554C4C0060
:10A1C4002E2F6D6265642D6F732F72746F732F73EE
:10A1D4006F757263652F4576656E74466C6167733F
:09A1E4002E637070005F696400D5
:10A1ED006170706C69636174696F6E5F756E6E61BD
:10A1FD006D65645F6576656E745F666C616773002F
:10A20D006170706C69636174696F6E5F756E6E619C
:10A21D006D65645F6D75746578002E2F6D62656474
:10A22D002D6F732F72746F732F736F757263652F2C
:10A23D004D757465782E637070005F6964207C7C49
:10A24D00206D6265645F6765745F6572726F725FC2
:0EA25D00696E5F70726F6772657373282900F7
:10A26B004D75746578206C6F636B206661696C65E6
:02A27B0064007D
:10A27D004D7574657820756E6C6F636B20666169C2
:04A28D006C65640098
:10A291002E2F6D6265642D6F732F72746F732F7320
:10A2A1006F757263652F53656D6170686F72652E8E
:10A2B100637070005F696420213D206E756C6C7065
:03A2C100747200B4
:10A2C40053656D6170686F72652061637175697241
:09A2D40065206661696C65640097
:10A2DD002E2F6D6265642D6F732F72746F732F73D4
:10A2ED006F757263652F5468697354687265616424
:10A2FD002E6370700028666C616773203D3D206F82
:10A30D0073466C6167734572726F7254696D656FD8
:10A31D0075742026262072656C5F74696D65202129
:10A32D003D20776169745F666F725F7533325F666A
:10A33D006F726576657229207C7C2028666C61675A
:10A34D0073203D3D206F73466C6167734572726F6C
:10A35D00725265736F757263652026262072656C67
:10A36D005F74696D65203D3D2072656C5F74696D2C
:0AA37D00652E7A65726F2829290009
:0FA38700737461747573203D3D206F734F4B00ED
:10A396006170706C69636174696F6E5F756E6E6112
:0BA3A6006D65645F746872656164009F
:10A3B4000000000000000000B9C40010FDC400103B
:09A3C400464C4153484941500048
:10A3CD0042617365206164647265737320616E64AC
:10A3DD002073697A65206E65656420746F206265EF
:10A3ED002073657420696E20666C61736869617095
:10A3FD002D626C6F636B2D64657669636520636F89
:10A40D006E66696775726174696F6E20696E206F13
:10A41D007264657220746F20757365206465666162
:10A42D00756C7420636F6E7374727563746F7200E4
:10A4400000000000000000004DC9001065C90010A8
:10A450002DC6001021C9001011C60010B9C7001088
:10A4600005C8001051C8001015C6001019C600100C
:10A4700095C8001079C9001093C90010ADC800102C
:10A480001FC60010B1C90010C5C8001011C70010C8
:04A4900025C60010CD
:10A4940000000000000000000000000000000000B8
:10A4A400455A0010CDAF0010D3AF0010CDAF00104F
:10A4B400CDAF0010D9AF0010CDAF0010FCFFFFFFEF
:0CA4C4000000000000000000000000008C
:10A4D0002E2F6D6265642D6F732F73746F726167B9
:10A4E000652F66696C6573797374656D2F6C69741B
:10A4F000746C6566732F6C6974746C6566732F6C0D
:10A5000066732E6300626C6F636B203C206C667315
:10A510002D3E6366672D3E626C6F636B5F636F7584
:03A520006E740056
:10A523006C66732D3E6366672D3E6C6F6F6B61685F
:10A533006561642025203332203D3D2030006C6668
:10A54300732D3E6366672D3E6C6F6F6B616865614B
:10A5530064203E2030006C66732D3E6366672D3E9B
:10A5630070726F675F73697A652025206C66732D3F
:10A573003E6366672D3E726561645F73697A652029
:10A583003D3D2030006C66732D3E6366672D3E6251
:10A593006C6F636B5F73697A652025206C66732D1E
:10A5A3003E6366672D3E70726F675F73697A6520DD
:10A5B3003D3D203000342A6C66735F6E707732281D
:10A5C30030786666666666666666202F20286C6647
:10A5D300732D3E6366672D3E626C6F636B5F7369B9
:10A5E3007A652D322A342929203C3D206C66732D4F
:10A5F3003E6366672D3E626C6F636B5F73697A655A
:01A603000056
:10A6040068656164203E3D2032202626206865610D
:10A6140064203C3D206C66732D3E6366672D3E626C
:0BA624006C6F636B5F636F756E7400FA
:10A62F007063616368652D3E626C6F636B203D3DA7
:0CA63F0020307866666666666666660017
:05A64B002F002E2E007F
:02A650002E00DA
:09A652006C6974746C6566730098
:10A65B006E626C6F636B203E3D2032202626206E8F
:10A66B00626C6F636B203C3D206C66732D3E6366A2
:0FA67B00672D3E626C6F636B5F636F756E74006B
:10A68A00656E7472792E642E74797065203D3D2052
:0DA69A004C46535F545950455F52454700F0
:09A6A7006C6974746C6566730043
:04A6B000726573005C
:10A6B400000000000000000011F200104DF2001034
:10A6C400E1F8001049F900106DED001097ED00104D
:10A6D400F1ED0010C5ED001055EE00102DEC00104A
:10A6E40021ED001095F30010B1EE001053EF0010AF
:10A6F40089EF0010BBEF0010EDEF0010FBF7001026
:10A7040017F0001049F000100DF8001073F000105D
:10A714009DF00010CBF0001011F1001047F1001073
:10A724009DF10010C3F10010EDF1001067F8001066
:10A73400FCFFFFFF000000003DF2001061F200107A
:10A744002E2F6D6265642D6F732F73746F72616742
:10A75400652F66696C6573797374656D2F736F7596
:10A764007263652F4469722E637070005F667300B4
:10A774000000000000000000D1F40010EDF400100F
:10A78400A1F50010B3F4001001F5001029F5001034
:0CA7940051F5001079F500108DF4001054
:10A7A0002E2F6D6265642D6F732F73746F726167E6
:10A7B000652F66696C6573797374656D2F736F753A
:10A7C0007263652F46696C652E637070005F6673F7
:01A7D0000088
:10A7D400000000000000000031F600104DF60010EB
:10A7E40061F600108DF6001009F7001013F6001042
:10A7F400B9F60010E1F6001035F700105DF700100F
:10A8040085F70010ADF700101F3F0010293F00101E
:10A814002D3F0010333F0010393F00103D3F001022
:04A82400EDF500103E
:10A828000000000000000000B9F80010CDF800108A
:10A8380061F600108DF6001009F70010ADF9001050
:10A84800B9F60010E1F6001035F700105DF70010BA
:10A8580085F70010ADF700101F3F0010293F0010CA
:10A868002D3F0010333F0010393F00103D3F0010CE
:04A87800EDF50010EA
:10A87C00000000000000000021F9001035F9001064
:10A88C00A1F50010C3F9001001F5001029F5001016
:0CA89C0051F5001079F500108DF400104B
:10A8A80000000000000000000000000000000000A0
:10A8B800E1F8001049F90010E9F70010EFF700106F
:10A8C800EFF70010F5F70010EFF70010455A0010E9
:10A8D800455A0010E9F70010455A0010455A001073
:10A8E800455A0010455A0010FBF70010FBF70010FE
:10A8F800455A0010FFF700100DF800101BF8001063
:10A908004FF80010EFF70010E9F70010EFF700100C
:10A9180055F8001057F800105BF8001067F80010A1
:10A92800FCFFFFFF00000000000000000000000026
:10A938001A00000000000000000000001B000000DA
:10A9480000000000010000001C00000000000000E2
:10A95800020000001D0000000000000003000000CD
:10A96800F00000000000000004000000FFFF0000ED
:08A97800FFFFFFFF00000000DB
:10A98000010000000000000000400340050000003E
:10A9900001000000008003400900000001000000E9
:10A9A000008003400D000000000000000040034054
:10A9B00011000000000000000040034015000000EE
:10A9C00001000000008003401900000001000000A9
:10A9D000008003401D000000000000000040034014
:0CA9E000FFFF0000FFFFFFFF0000000071
:10A9EC0000000000000000000040034004000000D4
:10A9FC00010000000080034008000000010000007E
:10AA0C00008003400C0000000000000000400340E8
:10AA1C001000000000000000004003401400000083
:10AA2C00010000000080034018000000010000003D
:10AA3C00008003401C0000000000000000400340A8
:0CAA4C00FFFF0000FFFFFFFF0000000004
:10AA5800000000000000000095FA001041FC001002
:10AA6800D5FD001091FD001097FA00109DFA001016
:10AA780051FC0010C1FA0010C1FA0010C5FA00100C
:10AA8800D5FA0010E5FA0010E9FA0010F9FA0010FA
:10AA980001FB001075FC001005FB00108DFC001078
:10AAA800B9FC001031FB001051FB0010C5FB001071
:10AAB800C9FB0010E5FB001001FC0010F9FC0010B8
:0CAAC80035FD0010C5FB001055FE00100D
:10AAD400800E00003F0100003F0100003F01000024
:10AAE4003F0100003F0100003F0100003F01000062
:10AAF4003F0100003F0100003F0100003F01000052
:10AB04003F0100003F0100003F0100003F01000041
:04AB14003F010000FD
:10AB18002E2F6D6265642D6F732F74617267657473
:10AB2800732F5441524745545F5241535042455246
:10AB3800525950492F5441524745545F5250323070
:10AB480034302F616E616C6F67696E5F6170692E5A
:10AB58006300284144434E616D652970696E6D61DB
:10AB6800705F7065726970686572616C2870696E73
:10AB78002C2050696E4D61705F4144432920213D6E
:0DAB880020284144434E616D65294E430075
:10AB95002E2F6D6265642D6F732F746172676574F6
:10ABA500732F5441524745545F52415350424552C9
:10ABB500525950492F5441524745545F52503230F3
:10ABC50034302F6770696F5F6170692E63006F6243
:10ABD5006A2D3E70696E20213D202850696E4E61B8
:06ABE5006D65294E4300DE
:10ABEB0068775F69735F636C61696D65642862691F
:10ABFB0074732C206269745F696E64657829002E0A
:10AC0B002F6D6265642D6F732F746172676574733A
:10AC1B002F5441524745545F524153504245525273
:10AC2B005950492F5441524745545F52503230349A
:10AC3B00302F7069636F2D73646B2F7270325F638B
:10AC4B006F6D6D6F6E2F68617264776172655F6394
:0DAC5B006C61696D2F636C61696D2E630083
:0FAC680068775F636C61696D5F636C6561720033
:10AC77007372635F66726571203E3D20667265710F
:10AC8700002E2F6D6265642D6F732F746172676577
:10AC970074732F5441524745545F524153504245B4
:10ACA70052525950492F5441524745545F525032DE
:10ACB7003034302F7069636F2D73646B2F7270326D
:10ACC7005F636F6D6D6F6E2F686172647761726518
:10ACD7005F636C6F636B732F636C6F636B732E6350
:01ACE700006C
:10ACE800636C6F636B5F636F6E666967757265002F
:10ACF800666C6173685F72616E67655F65726173C8
:02AD08006500E4
:10AD0A00666C6173685F72616E67655F70726F67A8
:04AD1A0072616D00F5
:0DAD1E00666C6173685F646F5F636D640055
:10AD2B0030783163203D3D20282A696E7374293EAB
:10AD3B003E313175002E2F6D6265642D6F732F744C
:10AD4B006172676574732F5441524745545F52418A
:10AD5B005350424552525950492F54415247455432
:10AD6B005F5250323034302F7069636F2D73646BC8
:10AD7B002F7270325F636F6D6D6F6E2F68617264CF
:0FAD8B00776172655F6972712F6972712E630053
:10AD9A00212864656C7461203E3E2031317529009A
:10ADAA0063757272656E74203D3D205F5F756E68D3
:10ADBA00616E646C65645F757365725F6972712038
:10ADCA007C7C2063757272656E74203D3D206861DB
:06ADDA006E646C6572005E
:10ADE00021657863657074696F6E207C7C2065785E
:10ADF00063657074696F6E203D3D206E756D202B0C
:0AAE00002031360066616C736500B6
:10AE0A0069735F7368617265645F6972715F7261A9
:10AE1A00775F68616E646C657228736C6F745F68C3
:10AE2A00616E646C65722900657863657074696F18
:08AE3A006E00666F756E640086
:10AE42006972715F7365745F6578636C7573697637
:0AAE5200655F68616E646C65720054
:0CAE5C006D616B655F6272616E6368007F
:10AE6800696E736572745F6272616E63685F616E4A
:07AE7800645F6C696E6B0062
:0FAE7F007265736F6C76655F6272616E636800F7
:10AE8E006972715F72656D6F76655F68616E646C15
:03AE9E00657200DA
:10AEA1006972715F6164645F7461696C5F746F5F23
:0AAEB100667265655F6C69737400DA
:10AEBB006662646976203E3D203136202626206668
:10AECB0062646976203C3D20333230002E2F6D6258
:10AEDB0065642D6F732F746172676574732F5441A2
:10AEEB00524745545F524153504245525259504973
:10AEFB002F5441524745545F5250323034302F70EB
:10AF0B0069636F2D73646B2F7270325F636F6D6D3E
:10AF1B006F6E2F68617264776172655F706C6C2FF6
:10AF2B00706C6C2E630028706F73745F646976317C
:10AF3B00203E3D203120262620706F73745F64699C
:10AF4B007631203C3D2037292026262028706F7330
:10AF5B00745F64697632203E3D20312026262070B6
:10AF6B006F73745F64697632203C3D203729007023
:10AF7B006F73745F64697632203C3D20706F73741D
:10AF8B005F64697631007265665F6D687A203C3D5F
:10AF9B00202876636F5F66726571202F203136290A
:01AFAB0000A5
:09AFAC00706C6C5F696E69740041
:10AFB500486172647761726520616C61726D2025EC
:10AFC5006420616C726561647920636C61696D658B
:02AFD500640016
:10AFD70075735F73696E63655F626F6F74203C3D65
:10AFE70020494E5436345F4D4158002E2F6D62650F
:10AFF700642D6F732F746172676574732F54415298
:10B007004745545F52415350424552525950492F78
:10B017005441524745545F5250323034302F706993
:10B02700636F2D73646B2F636F6D6D6F6E2F706918
:10B03700636F5F626173652F696E636C7564652FFB
:0DB047007069636F2F74797065732E680057
:10B0540074696D65725F68772D3E696E747320261E
:10B06400203175203C3C20616C61726D5F6E756DA2
:10B07400002E2F6D6265642D6F732F746172676586
:10B0840074732F5441524745545F524153504245C3
:10B0940052525950492F5441524745545F525032ED
:10B0A4003034302F7069636F2D73646B2F7270327C
:10B0B4005F636F6D6D6F6E2F686172647761726527
:0FB0C4005F74696D65722F74696D65722E63001C
:10B0D3007570646174655F75735F73696E63655FD3
:05B0E300626F6F7400B4
:10B0E80068617264776172655F616C61726D5F73CC
:0AB0F80065745F746172676574008F
:10B102004E6F7420657870656374696E6720444D74
:10B1120020746F2062652066756E6374696F6E209D
:10B12200380068775F6C696E655F73746174652857
:10B1320029203D3D204C535F4A002E2F6D626564ED
:10B142002D6F732F746172676574732F5441524768
:10B1520045545F52415350424552525950492F541F
:10B1620041524745545F5250323034302F70696338
:10B172006F2D73646B2F7270325F636F6D6D6F6EC4
:10B182002F7069636F5F6669782F72703230343066
:10B192005F7573625F6465766963655F656E756D21
:10B1A20065726174696F6E2F7270323034305F7500
:10B1B20073625F6465766963655F656E756D6572FE
:08B1C2006174696F6E2E6300D9
:10B1CA0068775F656E756D65726174696F6E5F66CB
:0EB1DA0069785F666F7263655F6C735F6A0011
:10B1E8006D616E756661637475726572203D3D2090
:10B1F8004D414E5546414354555245525F52504970
:10B20800002E2F6D6265642D6F732F7461726765F0
:10B2180074732F5441524745545F5241535042452D
:10B2280052525950492F5441524745545F52503257
:10B238003034302F7069636F2D73646B2F727032E6
:10B248005F636F6D6D6F6E2F7069636F5F706C6198
:10B2580074666F726D2F706C6174666F726D2E6399
:10B268000070617274203D3D20504152545F52502D
:02B278003200A2
:10B27A007270323034305F636869705F76657273FA
:04B28A00696F6E007A
:10B28E002C2066756E6374696F6E3A20006173735D
:10B29E00657274696F6E2022257322206661696C57
:10B2AE0065643A2066696C6520222573222C206C19
:0CB2BE00696E65202564257325730A0065
:10B2CA0031203D3D202875696E747074725F74294F
:10B2DA006C2D3E7370696E5F6C6F636B002E2F6D01
:10B2EA006265642D6F732F746172676574732F546E
:10B2FA0041524745545F5241535042455252595068
:10B30A00492F5441524745545F5250323034302FFE
:10B31A007069636F2D73646B2F7270325F636F6D28
:10B32A006D6F6E2F7069636F5F72756E74696D658C
:0BB33A002F72756E74696D652E630044
:10B345000A2A2A2A2050414E4943202A2A2A0A003D
:0DB3550072756E74696D655F696E697400D4
:10B36200496E76616C69642073657269616C2070E4
:04B37200696E73008D
:10B37600556E737570706F72746564207061726952
:03B38600747900D7
:03B38900000201BE
:08B38C0040420F002000000008
:01B3940000B8
:10B39800002020202020202020202828282828209D
:10B3A8002020202020202020202020202020202095
:10B3B80020881010101010101010101010101010FD
:10B3C80010040404040404040404041010101010ED
:10B3D80010104141414141410101010101010101B7
:10B3E8000101010101010101010101011010101009
:10B3F8001010424242424242020202020202020289
:10B4080002020202020202020202020210101010DC
:10B418002000000000000000000000000000000004
:10B428000000000000000000000000000000000014
:10B438000000000000000000000000000000000004
:10B4480000000000000000000000000000000000F4
:10B4580000000000000000000000000000000000E4
:10B4680000000000000000000000000000000000D4
:10B4780000000000000000000000000000000000C4
:10B4880000000000000000000000000000000000B4
:01B4980000B3
:04B49C00C8070020BD
:10B4A00043000000504F53495800000000000000C6
:04B4B0002E0000006A
:04B4B4000A0000008A
:10B4B800D03701100C390110083901100439011076
:10B4C80000390110FC380110F8380110F438011067
:10B4D800F0380110EC380110E8380110E438011098
:10B4E800E0380110DC380110D8380110103901108B
:10B4F800D4380110D0380110CC380110C8380110E8
:10B50800C4380110C0380110BC380110B838011017
:10B51800B4380110B0380110AC380110A838011047
:10B52800A4380110A03801109C3801109838011077
:10B5380094380110903801108C38011088380110A7
:10B548008438011010390110103901101039011018
:10B55800103901101039011010390110103901107B
:10B5680010390110803801107C3801101039011091
:10B57800103901101039011010390110103901105B
:10B58800103901101039011010390110103901104B
:10B59800103901101039011010390110103901103B
:10B5A8007838011074380110703801106C380110A7
:10B5B80010390110103901101039011068380110C4
:10B5C80010390110103901101039011064380110B8
:10B5D80010390110103901106038011010390110AC
:10B5E800103901105C3801101039011010390110A0
:10B5F80010390110103901101039011010390110DB
:10B6080010390110103901101039011010390110CA
:10B6180058380110103901105438011050380110F1
:10B628004C38011010390110103901104838011038
:10B63800103901101039011010390110103901109A
:10B64800103901101039011010390110103901108A
:10B6580044380110403801103C38011038380110C6
:10B668003438011030380110103901102C3801100D
:10B678002838011024380110203801101C38011016
:10B688001838011014380110103801100C38011046
:10B69800083801100438011000380110FC37011077
:10B6A80010390110F8370110F4370110F037011084
:10B6B800EC37011010390110103901101039011040
:10B6C8001039011010390110E83701101039011034
:10B6D8001039011010390110E4370110E03701105A
:0CB6E800DC370110D8370110D4370110F6
:10B6F40053756363657373004E6F74206F776E6563
:10B70400720000004E6F20737563682066696C6573
:10B71400206F72206469726563746F72790000002F
:10B724004E6F20737563682070726F636573730066
:10B73400496E74657272757074656420737973747C
:10B74400656D2063616C6C00492F4F206572726FC8
:10B75400720000004E6F207375636820646576691B
:10B764006365206F72206164647265737300000006
:10B77400417267206C69737420746F6F206C6F6EF4
:10B78400670000004578656320666F726D61742000
:10B794006572726F72000000536F636B6574206191
:10B7A4006C726561647920636F6E6E656374656441
:10B7B400000000004261642066696C65206E756D4E
:10B7C400626572004E6F206368696C6472656E0016
:10B7D40044657374696E6174696F6E206164647228
:10B7E4006573732072657175697265640000000089
:10B7F4004E6F206D6F72652070726F636573736531
:10B80400730000004E6F7420656E6F756768207357
:10B8140070616365000000005065726D697373693F
:10B824006F6E2064656E6965640000004261642087
:10B834006164647265737300446576696365206F3F
:10B8440072207265736F7572636520627573790017
:10B8540046696C65206578697374730043726F730D
:10B86400732D646576696365206C696E6B000000F6
:10B874004E6F2073756368206465766963650000A4
:10B884004E6F742061206469726563746F7279000D
:10B89400486F737420697320646F776E0000000032
:10B8A400436F6E6E656374696F6E20616C7265615F
:10B8B400647920696E2070726F677265737300001B
:10B8C40049732061206469726563746F7279000042
:10B8D400496E76616C696420617267756D656E741A
:10B8E400000000004E6574776F726B20696E74659A
:10B8F4007266616365206973206E6F7420636F6E76
:10B904006669677572656400436F6E6E656374691A
:10B914006F6E2061626F72746564206279206E6557
:10B9240074776F726B000000546F6F206D616E79D5
:10B93400206F70656E2066696C657320696E207374
:10B94400797374656D00000046696C6520646573E5
:10B9540063726970746F722076616C756520746FA0
:10B964006F206C61726765004E6F7420612063689C
:10B974006172616374657220646576696365000051
:10B98400546578742066696C65206275737900006B
:10B9940046696C6520746F6F206C61726765000086
:10B9A400486F737420697320756E72656163686192
:10B9B400626C65004E6F207370616365206C656610
:10B9C40074206F6E20646576696365004E6F742021
:10B9D400737570706F72746564000000496C6C65F7
:10B9E40067616C207365656B0000000052656164DB
:10B9F4002D6F6E6C792066696C652073797374653C
:10BA04006D000000546F6F206D616E79206C696E5B
:10BA14006B73000042726F6B656E20706970650015
:10BA24004D617468656D61746963732061726775D3
:10BA34006D656E74206F7574206F6620646F6D6120
:10BA4400696E206F662066756E6374696F6E0000A0
:10BA5400526573756C7420746F6F206C61726765C6
:10BA6400000000004E6F206D657373616765206F81
:10BA7400662064657369726564207479706500007A
:10BA84004964656E7469666965722072656D6F7666
:10BA940065640000496C6C6567616C20627974654B
:10BAA4002073657175656E636500000044656164AB
:10BAB4006C6F636B000000004E6574776F726B20CF
:10BAC400697320756E726561636861626C650000FC
:10BAD4004E6F206C6F636B004E6F74206120737423
:10BAE4007265616D0000000053747265616D2069B8
:10BAF4006F63746C2074696D656F75740000000069
:10BB04004E6F2073747265616D207265736F757208
:10BB1400636573005669727475616C20636972633E
:10BB240075697420697320676F6E650050726F7455
:10BB34006F636F6C206572726F720000556E6B6E6E
:10BB44006F776E2070726F746F636F6C000000000B
:10BB54004D756C7469686F7020617474656D707470
:10BB640065640000426164206D65737361676500FC
:10BB740046756E6374696F6E206E6F7420696D70A4
:10BB84006C656D656E7465640000000044697265DF
:10BB940063746F7279206E6F7420656D70747900B0
:10BBA40046696C65206F722070617468206E616DE7
:10BBB4006520746F6F206C6F6E670000546F6F2088
:10BBC4006D616E792073796D626F6C6963206C6945
:10BBD4006E6B73004E6F20627566666572207370BB
:10BBE40061636520617661696C61626C6500000067
:10BBF4004E6F2064617461004164647265737320E4
:10BC040066616D696C79206E6F7420737570706FE6
:10BC1400727465642062792070726F746F636F6CE4
:10BC24002066616D696C790050726F746F636F6C1C
:10BC34002077726F6E67207479706520666F72204A
:10BC4400736F636B65740000536F636B6574206F6F
:10BC54007065726174696F6E206F6E206E6F6E2DE9
:10BC6400736F636B6574000050726F746F636F6CF5
:10BC7400206E6F7420617661696C61626C6500008E
:10BC8400436F6E6E656374696F6E2072656675735B
:10BC940065640000436F6E6E656374696F6E207235
:10BCA4006573657420627920706565720000000018
:10BCB4004164647265737320616C72656164792098
:10BCC400696E207573650000416464726573732046
:10BCD4006E6F7420617661696C61626C650000004E
:10BCE400536F667477617265206361757365642050
:10BCF400636F6E6E656374696F6E2061626F7274D8
:10BD040000000000536F636B6574206973206E6FCD
:10BD14007420636F6E6E656374656400536F636B48
:10BD2400657420697320616C726561647920636F46
:10BD34006E6E6563746564004F7065726174696FDB
:10BD44006E2063616E63656C656400005374617496
:10BD540065206E6F74207265636F76657261626CC4
:10BD64006500000050726576696F7573206F776E99
:10BD740065722064696564004F7065726174696FEF
:10BD84006E206E6F7420737570706F7274656420AA
:10BD94006F6E20736F636B657400000056616C7581
:10BDA4006520746F6F206C6172676520666F722006
:10BDB400646566696E656420646174612074797079
:10BDC400650000004D65737361676520746F6F20B3
:10BDD4006C6F6E6700000000436F6E6E656374697C
:10BDE4006F6E2074696D6564206F757400000000C7
:10BDF400C03D01100C3D01100C3D0110B63D011079
:10BE04000C3D01100C3D01100C3D01100C3D0110C6
:10BE14000C3D01100C3D01109A3D0110923D0110A2
:10BE24000C3D0110883D01103A3D01100C3D0110FC
:10BE3400303D0110D43C0110D43C0110D43C01101D
:10BE4400D43C0110D43C0110D43C0110D43C01106A
:10BE5400D43C0110D43C01100C3D01100C3D0110E8
:10BE64000C3D01100C3D01100C3D01100C3D011066
:10BE74000C3D01100C3D01100C3D01100C3D011056
:10BE8400B04301100C4301100C3D01100C43011090
:10BE94000C3D01100C3D01100C3D01100C3D011036
:10BEA400024301100C3D01100C3D0110DE42011053
:10BEB4000C3D01100C3D01100C3D01100C3D011016
:10BEC4000C3D0110184401100C3D01100C3D0110F3
:10BED400E44301100C3D01100C3D01100C3D011018
:10BEE4000C3D01100C3D01100C3D01100C3D0110E6
:10BEF4000C3D01100C3D01100C3D01100A400110D5
:10BF0400943F01100C4301100C4301100C43011029
:10BF1400D4420110943F01100C3D01100C3D01105E
:10BF2400C44201100C3D0110644201103E42011054
:10BF34009E420110944201100C3D0110323F011049
:10BF44000C3D0110B63E01100C3D01100C3D0110DA
:04BF5400D03D0110CB
:10BF5800494E4600696E66004E414E006E616E00A5
:10BF68003031323334353637383941424344454627
:10BF780000000000303132333435363738396162E9
:10BF88006364656600000000286E756C6C2900000B
:04BF98003000000075
:10BF9C002020202020202020202020202020202095
:10BFAC003030303030303030303030303030303085
:10BFBC008E530110C05A0110C05A01109E5301102B
:10BFCC00C05A0110C05A0110C05A0110C05A0110B9
:10BFDC00C05A0110C05A01109E570110BE570110D3
:10BFEC00C05A0110C6570110CC570110C05A01108D
:10BFFC00AC5901105C5301105C5301105C530110DF
:10C00C005C5301105C5301105C5301105C53011024
:10C01C005C5301105C530110C05A0110C05A01103E
:10C02C00C05A0110C05A0110C05A0110C05A011058
:10C03C00C05A0110C05A0110C05A0110C05A011048
:10C04C00AC58011022590110C05A0110225901108C
:10C05C00C05A0110C05A0110C05A0110C05A011028
:10C06C00C0590110C05A0110C05A0110CA59011010
:10C07C00C05A0110C05A0110C05A0110C05A011008
:10C08C00C05A0110F0590110C05A0110C05A0110C9
:10C09C00185A0110C05A0110C05A0110C05A011090
:10C0AC00C05A0110C05A0110C05A0110C05A0110D8
:10C0BC00C05A0110C05A0110C05A01104C5A01103C
:10C0CC00845A0110225901102259011022590110D1
:10C0DC00965A0110845A0110C05A0110C05A01100E
:10C0EC008A580110C05A0110185801103C58011000
:10C0FC0064580110B6590110C05A0110AE56011007
:10C10C00C05A011006570110C05A0110C05A011034
:04C11C00A853011013
:10C12000494E4600696E66004E414E006E616E00DB
:10C13000303132333435363738394142434445465D
:10C14000000000003031323334353637383961621F
:10C150006364656600000000286E756C6C29000041
:04C1600030000000AB
:10C1640020202020202020202020202020202020CB
:10C1740030303030303030303030303030303030BB
:10C18400496E66696E697479000000004E614E0064
:04C194003000000077
:10C198000080E03779C34143176E05B5B5B89346BB
:10C1A800F5F93FE9034F384D321D30F94877825A87
:08C1B8003CBF737FDD4F1575DC
:10C1C000000000000000F03F0000000000002440DC
:10C1D00000000000000059400000000000408F40B7
:10C1E000000000000088C34000000000006AF84022
:10C1F0000000000080842E4100000000D012634146
:10C200000000000084D797410000000065CDCD41BB
:10C21000000000205FA00242000000E8764837429C
:10C22000000000A2941A6D42000040E59C30A2423A
:10C230000000901EC4BCD64200003426F56B0C43AF
:10C240000080E03779C3414300A0D8855734764356
:10C2500000C84E676DC1AB43003D9160E458E143B7
:10C26000408CB5781DAF154450EFE2D6E41A4B442C
:10C2700092D54D06CFF08044F64AE1C7022DB54471
:08C28000B49DD9794378EA442A
:0CC2880005000000190000007D0000000F
:08C294003840FE7F01000000AC
:10C29C00084A10B51378002B0AD1802306480749A9
:10C2AC005B051C68C45004338B42FAD10123137014
:10C2BC0010BDC046DB2B0020F8250010000100103B
:10C2CC0010B5024B0133984710BDC046F82500202D
:10C2DC00431E9841054B02301B6800025840C02396
:10C2EC009B001840024B18607047C0460C80014000
:10C2FC000C9001408023F0B50A1804000D0085B0A5
:10C30C009B039A4205D941211D4B1E4A1E4800F041
:10C31C0003F91826142733881C4938889847338822
:10C32C001B4903903888984733881A4902903888FB
:10C33C00984733880190184938889847039B060022
:10C34C00002B07D0029B002B04D0019B002B01D0AB
:10C35C00002803D14921114B0A4AD7E7FFF798FF70
:10C36C00039B9847029B984780222000D8232900E2
:10C37C005202019CA047B047FFF7A2FF05B0F0BDE9
:10C38C00C4900110F8AC0110F09001104946000067
:10C39C004558000052450000464300004E910110E4
:10C3AC008023F0B5140085B01218050003919B038F
:10C3BC009A4205D958211D4B1D4A1E4800F0ACF875
:10C3CC001826142733881C493888984733881B490A
:10C3DC0002903888984733881949019038889847D3
:10C3EC0033880090174938889847029B0600002B29
:10C3FC0007D0019B002B04D0009B002B01D0002800
:10C40C0003D16021104B0A4AD7E7FFF741FF029B8B
:10C41C009847019B9847220028000399009B984756
:10C42C00B047FFF74DFF05B0F0BDC046C4900110FA
:10C43C000AAD0110F090011049460000455800006B
:10C44C005250000046430000A1910110F0B518268F
:10C45C00142485B033880190029120882749170055
:10C46C0098473388264905002088984733880390DD
:10C47C002449208898470600002D04D0039B002BEC
:10C48C0001D0002805D180211F4B204A204800F004
:10C49C0043F8FFF7FDFEA847039B98470020FFF7E2
:10C4AC0017FFC0223B000825022052053900194312
:10C4BC0007D10120FFF70CFFB047FFF701FF05B0D4
:10C4CC00F0BD916A0C002C4001420BD0002F09D01A
:10C4DC00D91B0D2906D80199013F097811660199DC
:10C4EC0001310191002CE1D0002BDFD0116E029CA8
:10C4FC00013B2170210001310291D7E74946000030
:10C50C004558000046430000F69101101EAD011085
:10C51C00F09001100000000001B40248844601BCF8
:10C52C00604700BF61110110000000000600000010
:10C53C0007000000080000000900000016000000C1
:10C54C00150000000A0000000B0000000E000000A7
:10C55C000C0000000D0000000F0000001400000093
:10C56C0087000000B603000087000000B60300003F
:10C57C00010000001A000000000000001B00000079
:10C58C00000000001C000000000000001D00000066
:10C59C00000000000000000000000000000000008F
:10C5AC00000000000100000000000000000000007E
:10C5BC00000000000200000000000000000000006D
:10C5CC00000000000300000000000000000000005C
:10C5DC00000000000400000000000000000000004B
:10C5EC00000000000500000000000000000000003A
:10C5FC000000000006000000000000000000000029
:10C60C000000000007000000000000000000000017
:10C61C000000000008000000000000000000000006
:10C62C0000000000090000000000000000000000F5
:10C63C00000000000A0000000000000000000000E4
:10C64C00000000000B0000000000000000000000D3
:10C65C00000000000C0000000000000000000000C2
:10C66C00000000000D0000000000000000000000B1
:10C67C00000000000E0000000000000000000000A0
:10C68C00000000000F00000000000000000000008F
:10C69C00000000001000000000000000000000007E
:10C6AC00000000001100000000000000000000006D
:10C6BC00000000001200000000000000000000005C
:10C6CC00000000001300000000000000000000004B
:10C6DC00000000001400000000000000000000003A
:10C6EC000000000015000000000000000000000029
:10C6FC000000000016000000000000000000000018
:10C70C000000000017000000000000000000000006
:10C71C0000000000180000000000000000000000F5
:10C72C0000000000190000000000000000000000E4
:10C73C00000000001A0000000000000000000000D3
:10C74C00000000001B0000000000000000000000C2
:10C75C00000000001C0000000000000000000000B1
:10C76C00000000001D0000000000000000000000A0
:10C77C00000000000A000000F38F0110D3B3FB028D
:10C78C00000000000000000000000000000000009D
:10C79C00000000000000000000000000000000008D
:10C7AC00000000000000000000000000000000007D
:10C7BC00000000000000000000000000000000006D
:10C7CC00000000000000000000000000000000005D
:10C7DC00000000000000000000000000000000004D
:10C7EC00000000000000000000000000000000003D
:10C7FC00000000000000000000000000000000002D
:10C80C00000000000000000000000000000000001C
:10C81C000000000000000000000000007982001001
:10C82C0081AC0010FFFFFFFFFFFFFFFFFFFFFFFFCB
:10C83C0000000000000000000000000000000000EC
:10C84C0000000000000000000000000000000000DC
:10C85C0000000000000000000000000000000000CC
:10C86C0000000000000000000000000000000000BC
:10C87C0000000000000000000000000000000000AC
:10C88C00000000000000000000000000000000009C
:10C89C00000000000000000000000000000000008C
:10C8AC00000000000000000000000000000000007C
:10C8BC00000000000000000000000000000000006C
:10C8CC00000000000000000000000000000000005C
:10C8DC00000000000000000000000000000000004C
:10C8EC00000000000000000000000000000000003C
:10C8FC00000000000000000000000000000000002C
:10C90C00000000000000000000000000000000001B
:10C91C00000000000000000000000000000000000B
:10C92C0000000000405973070000000000000100E7
:10C93C0000000000000000000000020000000000E9
:10C94C0000000000000003000000000000000000D8
:10C95C000000FF000000000000B5486801318E4661
:10C96C000047704609380149884700BD5509011038
:10C97C00100000000000000000000000000000009B
:10C98C00503300004C33000054330000523300008D
:10C99C00C80700200000000000000000B40A0020BE
:10C9AC001C0B0020840B0020000000000000000085
:10C9BC00000000000000000000000000000000006B
:10C9CC00000000000000000000000000000000005B
:10C9DC00000000000000000000000000000000004B
:10C9EC00000000000000000000000000000000003B
:10C9FC00000000000000000000000000000000002B
:10CA0C00000000000000000000000000000000001A
:10CA1C00000000000000000000000000000000000A
:10CA2C0000000000000000000000000000000000FA
:10CA3C0000000000000000000000000000000000EA
:10CA4C0001000000000000000E33CDAB34126DE687
:10CA5C00ECDE05000B0000000000000000000000F0
:10CA6C0000000000000000000000000000000000BA
:10CA7C0000000000000000000000000000000000AA
:10CA8C00000000000000000000000000000000009A
:10CA9C00000000000000000000000000000000008A
:10CAAC00000000000000000000000000000000007A
:10CABC00000000000000000000000000000000006A
:10CACC00000000000000000000000000000000005A
:10CADC00000000000000000000000000000000004A
:10CAEC00000000000000000000000000000000003A
:10CAFC00000000000000000000000000000000002A
:10CB0C000000000000000000000000000000000019
:10CB1C000000000000000000000000000000000009
:10CB2C0000000000000000000000000000000000F9
:10CB3C0000000000000000000000000000000000E9
:10CB4C0000000000000000000000000000000000D9
:10CB5C0000000000000000000000000000000000C9
:10CB6C0000000000000000000000000000000000B9
:10CB7C0000000000000000000000000000000000A9
:10CB8C000000000000000000000000000000000099
:10CB9C000000000000000000000000000000000089
:10CBAC000000000000000000000000000000000079
:10CBBC000000000000000000000000000000000069
:10CBCC000000000000000000000000000000000059
:10CBDC000000000000000000000000000000000049
:10CBEC000000000000000000000000000000000039
:10CBFC000000000000000000000000000000000029
:10CC0C000000000000000000000000000000000018
:10CC1C000000000000000000000000000000000008
:10CC2C0000000000000000000000000000000000F8
:10CC3C0000000000000000000000000000000000E8
:10CC4C0000000000000000000000000000000000D8
:10CC5C0000000000000000000000000000000000C8
:10CC6C0000000000000000000000000000000000B8
:10CC7C0000000000000000000000000000000000A8
:10CC8C000000000000000000000000000000000098
:10CC9C000000000000000000000000000000000088
:10CCAC000000000000000000000000000000000078
:10CCBC000000000000000000000000000000000068
:10CCCC000000000000000000000000000000000058
:10CCDC000000000000000000000000000000000048
:10CCEC000000000000000000000000000000000038
:10CCFC000000000000000000000000000000000028
:10CD0C000000000000000000000000000000000017
:10CD1C000000000000000000000000000000000007
:10CD2C0000000000000000000000000000000000F7
:10CD3C0000000000000000000000000000000000E7
:10CD4C0000000000000000000000000000000000D7
:10CD5C0000000000000000000000000000000000C7
:10CD6C0000000000000000000000000000000000B7
:10CD7C0000000000000000000000000000000000A7
:10CD8C000000000000000000000000000000000097
:10CD9C000000000000000000000000000000000087
:10CDAC000000000000000000000000000000000077
:10CDBC000000000000000000000000000000000067
:10CDCC004300000000000000000000000000000014
:10CDDC000000000000000000000000000000000047
:10CDEC0043000000000000000000000000000000F4
:10CDFC000000000000000000000000000000000027
:10CE0C0043000000000000000000000000000000D3
:10CE1C000000000000000000000000000000000006
:10CE2C0043000000000000000000000000000000B3
:10CE3C0000000000000000000000000000000000E6
:10CE4C004300000000000000000000000000000093
:10CE5C0000000000000000000000000000000000C6
:10CE6C004300000000000000000000000000000073
:10CE7C0000000000000000000000000000000000A6
:10CE8C004300000000000000000000000000000053
:10CE9C000000000000000000000000000000000086
:10CEAC00E5690110892E01100000000098B30110F3
:10CEBC00B0B40110ACB40110ACB40110ACB401109E
:10CECC00ACB40110ACB40110ACB40110ACB4011092
:10CEDC00ACB40110ACB40110FFFFFFFFFFFFFFFF6C
:10CEEC00FFFFFFFFFFFF00000100415343494900D2
:10CEFC000000000000000000000000000000000026
:10CF0C0000000000000000000000415343494900AC
:10CF1C000000000000000000000000000000000005
:10CF2C0000000000000000000000000000000000F5
:10CF3C00000000005C0D00205C0D0020640D002042
:10CF4C00640D00206C0D00206C0D0020740D002071
:10CF5C00740D00207C0D00207C0D0020840D002021
:10CF6C00840D00208C0D00208C0D0020940D0020D1
:10CF7C00940D00209C0D00209C0D0020A40D002081
:10CF8C00A40D0020AC0D0020AC0D0020B40D002031
:10CF9C00B40D0020BC0D0020BC0D0020C40D0020E1
:10CFAC00C40D0020CC0D0020CC0D0020D40D002091
:10CFBC00D40D0020DC0D0020DC0D0020E40D002041
:10CFCC00E40D0020EC0D0020EC0D0020F40D0020F1
:10CFDC00F40D0020FC0D0020FC0D0020040E0020A0
:10CFEC00040E00200C0E00200C0E0020140E00204D
:10CFFC00140E00201C0E00201C0E0020240E0020FD
:10D00C00240E00202C0E00202C0E0020340E0020AC
:10D01C00340E00203C0E00203C0E0020440E00205C
:10D02C00440E00204C0E00204C0E0020540E00200C
:10D03C00540E00205C0E00205C0E0020640E0020BC
:10D04C00640E00206C0E00206C0E0020740E00206C
:10D05C00740E00207C0E00207C0E0020840E00201C
:10D06C00840E00208C0E00208C0E0020940E0020CC
:10D07C00940E00209C0E00209C0E0020A40E00207C
:10D08C00A40E0020AC0E0020AC0E0020B40E00202C
:10D09C00B40E0020BC0E0020BC0E0020C40E0020DC
:10D0AC00C40E0020CC0E0020CC0E0020D40E00208C
:10D0BC00D40E0020DC0E0020DC0E0020E40E00203C
:10D0CC00E40E0020EC0E0020EC0E0020F40E0020EC
:10D0DC00F40E0020FC0E0020FC0E0020040F00209B
:10D0EC00040F00200C0F00200C0F0020140F002048
:10D0FC00140F00201C0F00201C0F0020240F0020F8
:10D10C00240F00202C0F00202C0F0020340F0020A7
:10D11C00340F00203C0F00203C0F0020440F002057
:10D12C00440F00204C0F00204C0F0020540F002007
:10D13C00540F00205C0F00205C0F0020640F0020B7
:10D14C00640F00206C0F00206C0F0020740F002067
:10D15C00740F00207C0F00207C0F0020840F002017
:10D16C00840F00208C0F00208C0F0020940F0020C7
:10D17C00940F00209C0F00209C0F0020A40F002077
:10D18C00A40F0020AC0F0020AC0F0020B40F002027
:10D19C00B40F0020BC0F0020BC0F0020C40F0020D7
:10D1AC00C40F0020CC0F0020CC0F0020D40F002087
:10D1BC00D40F0020DC0F0020DC0F0020E40F002037
:10D1CC00E40F0020EC0F0020EC0F0020F40F0020E7
:10D1DC00F40F0020FC0F0020FC0F00200410002096
:10D1EC00041000200C1000200C1000201410002043
:10D1FC00141000201C1000201C10002024100020F3
:10D20C00241000202C1000202C10002034100020A2
:10D21C00341000203C1000203C1000204410002052
:10D22C00441000204C1000204C1000205410002002
:10D23C00541000205C1000205C10002064100020B2
:10D24C00641000206C1000206C1000207410002062
:10D25C00741000207C1000207C1000208410002012
:10D26C00841000208C1000208C10002094100020C2
:10D27C00941000209C1000209C100020A410002072
:10D28C00A4100020AC100020AC100020B410002022
:10D29C00B4100020BC100020BC100020C4100020D2
:10D2AC00C4100020CC100020CC100020D410002082
:10D2BC00D4100020DC100020DC100020E410002032
:10D2CC00E4100020EC100020EC100020F4100020E2
:10D2DC00F4100020FC100020FC1000200411002091
:10D2EC00041100200C1100200C110020141100203E
:10D2FC00141100201C1100201C11002024110020EE
:10D30C00241100202C1100202C110020341100209D
:10D31C00341100203C1100203C110020441100204D
:10D32C00441100204C1100204C11002054110020FD
:10D33C0054110020FFFFFFFF000002004504001005
:10D34C00453F0010AD0200109531001091450010C2
:0CD35C00F1590010195C0010395F00103E
:04000005100001D511
:00000001FF
