:020000041000EA
:1000000000B5324B212058609868022188439860DF
:10001000D860186158612E4B002199600221596106
:100020000121F02299502B49196001219960352056
:1000300000F044F80222904214D00621196600F024
:1000400034F8196E01211966002018661A6600F04E
:100050002CF8196E196E196E052000F02FF8012189
:100060000842F9D1002199601B49196000215960AB
:100070001A491B48016001219960EB211966A021F2
:10008000196600F012F800219960164914480160C1
:100090000121996001BC002800D000471248134993
:1000A000086003C880F30888084703B5996A0420EC
:1000B0000142FBD001200142F8D103BD02B5186610
:1000C0001866FFF7F2FF186E186E02BD00000240BE
:1000D000000000180000070000035F00212200005C
:1000E000F4000018222000A00001001008ED00E03C
:1000F00000000000000000000000000074B24E7A12
:1001000000000420E3010010C3010010E903001007
:10011000C1010010C1010010C1010010C101001097
:10012000C1010010C1010010C10100104503001001
:10013000C1010010C1010010C9030010D503001057
:10014000CD010010CD010010CD010010CD01001037
:10015000CD010010CD010010CD010010CD01001027
:10016000CD010010CD010010CD010010CD01001017
:10017000CD010010CD010010CD010010CD01001007
:10018000CD010010CD010010CD010010CD010010F7
:10019000CD010010CD010010CD010010CD010010E7
:1001A000CD010010CD010010CD010010CD010010D7
:1001B000CD010010CD010010CD010010CD010010C7
:1001C00000BE00BE00BE00BE00BE00BE00F03FF894
:1001D000103800BE00202049086006C881F3088856
:1001E00010471E48006800282DD10CA40ECC002911
:1001F00002D000F010F8F9E719491A4A002000E08F
:1002000001C19142FCD1184988471849884700BE6E
:10021000FDE701C901C29A42FBD370471CC001101F
:10022000C00000207C110020E4D001100000042058
:1002300000000420E4D0011000100420001004206D
:100240000000000070470A4810F08CFD0047EFF3F3
:100250000580C0B27047000008ED00E0000000D04B
:1002600088110020B4AC0020CD0200104DB8001061
:1002700057560000F8B5C046F8BC08BC9E4670470B
:10028000F8B5C04610B5064C2378002B07D1054BB6
:10029000002B02D0044800E000BF0123237010BDF2
:1002A000001700200000000084020010044B10B56D
:1002B000002B03D00349044800E000BF10BDC04636
:1002C000000000000417002084020010164B002BD1
:1002D00000D1144B9D46402292029A1A9246002168
:1002E0008B460F461348144A121A12F0C7FD0F4BE3
:1002F000002B00D098470E4B002B00D098470020D1
:10030000002104000D000D48002802D00C480BF01D
:10031000A0FA12F035F92000290007F07DFD0BF05E
:1003200095FAC0460000080000000420000000000C
:10033000797D001088110020B4AC002053B8001063
:10034000000000007046C0082CD3EFF309808169DB
:1003500002390978002929D101B50FC8B8470CBC6A
:1003600003C29E461E4B06CB91421ED0083B1A602C
:10037000002909D0EFF3098020388863F0C0444693
:100380004D4656465F46F0C0906B1030F0C8A04610
:10039000A946B246BB4680F309882038F0C802203F
:1003A000C0430047EFF30880D1E770470D4A136858
:1003B0009942FAD801B5890053589C460FC8E047C6
:1003C0000CBC10609E46704701B506F0CFFF03BC21
:1003D0008E46C7E701B506F087FF03BC8E46C1E72E
:1003E000B8050020B48F0110102304E0202302E0A0
:1003F000302300E040239C46F0B404AE7546E80884
:1004000001D3EFF309860E4F0FCE0FC70FBC0FC7F6
:100410004046494652465B460FC71DCE3100A60AEC
:1004200000D304316E0900D248311FC7EFF30980B1
:100430006946EFF3148663C7604601490AF08AFDF6
:1004400024AC002001480421014B1847A0070020DC
:10045000750D011002B4714649084900095649005A
:100460008E4402BC7047C04602B471464908490038
:10047000095C49008E4402BC7047C0460022430814
:100480008B4274D303098B425FD3030A8B4244D35C
:10049000030B8B4228D3030C8B420DD3FF2209029E
:1004A00012BA030C8B4202D31212090265D0030B5D
:1004B0008B4219D300E0090AC30B8B4201D3CB0353
:1004C000C01A5241830B8B4201D38B03C01A524195
:1004D000430B8B4201D34B03C01A5241030B8B4297
:1004E00001D30B03C01A5241C30A8B4201D3CB0282
:1004F000C01A5241830A8B4201D38B02C01A524167
:10050000430A8B4201D34B02C01A5241030A8B4269
:1005100001D30B02C01A5241CDD2C3098B4201D381
:10052000CB01C01A524183098B4201D38B01C01AFF
:10053000524143098B4201D34B01C01A5241030976
:100540008B4201D30B01C01A5241C3088B4201D325
:10055000CB00C01A524183088B4201D38B00C01AD2
:10056000524143088B4201D34B00C01A5241411AF9
:1005700000D20146524110467047FFE701B5002006
:1005800000F0F0F802BDC0460029F7D076E77047CA
:1005900003460B437FD4002243088B4274D30309E4
:1005A0008B425FD3030A8B4244D3030B8B4228D385
:1005B000030C8B420DD3FF22090212BA030C8B42AB
:1005C00002D31212090265D0030B8B4219D300E04B
:1005D000090AC30B8B4201D3CB03C01A5241830BD0
:1005E0008B4201D38B03C01A5241430B8B4201D380
:1005F0004B03C01A5241030B8B4201D30B03C01AA9
:100600005241C30A8B4201D3CB02C01A5241830A22
:100610008B4201D38B02C01A5241430A8B4201D351
:100620004B02C01A5241030A8B4201D30B02C01A7B
:100630005241CDD2C3098B4201D3CB01C01A5241E2
:1006400083098B4201D38B01C01A524143098B426B
:1006500001D34B01C01A524103098B4201D30B0154
:10066000C01A5241C3088B4201D3CB00C01A524179
:1006700083088B4201D38B00C01A524143088B423E
:1006800001D34B00C01A5241411A00D201465241D7
:10069000104670475DE0CA0F00D04942031000D3F6
:1006A0004042534000229C4603098B422DD3030A4B
:1006B0008B4212D3FC22890112BA030A8B420CD35B
:1006C000890192118B4208D3890192118B4204D384
:1006D00089013AD0921100E08909C3098B4201D304
:1006E000CB01C01A524183098B4201D38B01C01A3E
:1006F000524143098B4201D34B01C01A52410309B5
:100700008B4201D30B01C01A5241C3088B4201D363
:10071000CB00C01A524183088B4201D38B00C01A10
:100720005241D9D243088B4201D34B00C01A5241E7
:10073000411A00D20146634652415B10104601D374
:100740004042002B00D54942704763465B1000D3FE
:10075000404201B5002000F005F802BD0029F8D0A4
:1007600016E770477047C046D0400B1CD1409C46EE
:10077000203AD3401843524263469340184370478F
:100780009140031C90409C46203A934019435242AA
:100790006346D340194370478446101C62468C461A
:1007A000191C634600E0C0461FB501F031FA00286D
:1007B00001D40021C8421FBD10B501F089F94042A3
:1007C000013010BD10B501F023FA002801DB002034
:1007D00010BD012010BDC04610B501F019FA002867
:1007E00001DD002010BD012010BDC04610B501F094
:1007F000ABF9002801DC002010BD012010BDC0466F
:1008000010B501F0A1F9002801DA002010BD012087
:1008100010BDC0461C2101231B04984201D3000CCB
:1008200010391B0A984201D3000A08391B09984263
:1008300001D30009043902A2105C40187047C04679
:100840000403020201010101000000000000000099
:10085000414208401C2101231B04984201D3000C93
:1008600010391B0A984201D3000A08391B09984223
:1008700001D30009043902A2105C401A7047C04637
:100880001B1C1D1D1E1E1E1E1F1F1F1F1F1F1F1F87
:10089000002B15D1002A13D1002906DB01DC00282A
:1008A00006D00020C043410802E080210906002054
:1008B00007B4024801A14018029003BDA9FEFFFF42
:1008C00003B4684601B5029800F02CF9019B9E46DE
:1008D00002B00CBC7047C046002B11D1002A0FD1CA
:1008E000002900D1002802D00021C943081C07B408
:1008F000024802A14018029003BDC04669FEFFFFF6
:1009000003B4684601B5029800F04AF8019B9E4680
:1009100002B00CBC7047C046F0B5CE464746150441
:100920002D0C2E0080B50704140C3F0C9946030CC7
:100930007E435D43674363437F19340CE4199C464F
:10094000A54203D980235B029846C4444B464343E7
:100950005143250C36046544360C2404A4195B1954
:10096000591820000CBC90469946F0BD094A43082E
:100970001340C01A0300084A8008104013401B1897
:100980001809C018054B03401802C0180304C0180A
:10099000000E704755555555333333330F0F0F0F36
:1009A000F0B54F464646D646C0B5040082B00D00AD
:1009B000914698468B422FD82CD04146484602F0AB
:1009C000DDF829000600200002F0D8F8331A9C4612
:1009D000203B9A4600D576E04B46524693401F0096
:1009E0004B46624693401E00AF4228D825D053465E
:1009F000A41BBD41002B00DA7BE000220023009203
:100A00000193012352469340019301236246934090
:100A1000009318E08242D0D9002200230092019373
:100A20000A9B002B01D01C605D600098019902B008
:100A30001CBC90469946A246F0BDA342D7D90022DD
:100A40000023009201936346002BE9D0FB079846F0
:100A5000414672080A437B0866460EE0AB4201D16C
:100A6000A2420CD8A41A9D41012024196D410021F5
:100A7000013E24184D41002E06D0AB42EED9013E76
:100A800024196D41002EF8D10098019953460019A0
:100A90006941002B23DB2B005246D3402A006446D9
:100AA000E2401C0053461500002B2DDB2600574664
:100AB000BE40330026006746BE403200801A99418E
:100AC00000900191ACE7624620239B1A4A46DA4027
:100AD0006146130042468A4017001F4380E7624682
:100AE00020239B1A2A0066469A402300F3401343B2
:100AF000D4E76246202300219B1A00220091019234
:100B00000122DA40019280E72023624626009B1AE8
:100B1000DE402F00B0466646B74046463B003343B2
:100B2000C8E7C046F0B583B016001F0000900191E1
:100B300002F030F804000D0002000B003000390014
:100B4000FFF7EAFE009A019B121A8B4108992000D8
:100B50000A604B60290003B0F0BDC046F0B54E46B8
:100B600057464546DE46E0B543025B0A450083B082
:100B70000F1C99462D0EC60F002D57D0FF2D24D0E7
:100B80008020DB00C0041843002381469A469B4620
:100B90007F3D7C027A00FB0F640A120E984623D038
:100BA000FF2A4BD0E30080240020E4047F3A1C435A
:100BB000AD186B1C47460193534677403A000F2B04
:100BC00048D87D499B00CB589F46002B00D085E03C
:100BD00008339A46063B9B467C027A00FB0FFF25B2
:100BE000640A120E9846DBD1002C00D090E05246E9
:100BF00001231A4392460120DBE74C465846170072
:100C0000022824D0032800D1CFE0002200230128AD
:100C10004DD15802D205400AFF071043384303B0B4
:100C20003CBC90469946A246AB46F0BD002B5BD13A
:100C300004239A46033B00259B46AAE7FF35002C78
:100C400060D1524602231A4392460220B1E7FF22A6
:100C50000023DEE74B461B0C9C464B462604360C15
:100C6000180461463300220C6446000C43434E4393
:100C70005043544380191A0C1218964203D980210C
:100C800049028C4664441B041B0C1004C0188301E9
:100C90005E1EB341800E1843130C1B199B010343C6
:100CA0001C00230179D5012362081C401443019ADA
:100CB0007F32002A4DDD630704D00F232340042B2D
:100CC00000D00434230103D53C4B019A1C408032F0
:100CD000FE2ABCDCA3015B0AD2B29AE70C239A4637
:100CE000093BFF259B4654E71800FFF793FD4A4652
:100CF000431F76259A4000236D4291462D1A9A464D
:100D00009B4646E7524603231A439246032050E788
:100D10002000FFF77FFD431F2D1A9C40763D0020E9
:100D200047E780230027DB03FF2272E7424666E79E
:100D30004C463200584662E780234A46DB031A429B
:100D400022D01C4220D123435B025B0A4746FF228C
:100D50005FE701239A1A1B2A21DC23000199D34063
:100D60009E318C401A0023005C1EA34113435A0796
:100D700004D00F221A40042A00D004335A0111D49F
:100D80009B015B0A002244E780234A46DB031343AE
:100D90005B025B0A3700FF223BE7019587E70022F1
:100DA000002336E70122002333E78023DB032343BC
:100DB0005B025B0AFF222CE788850110FFFFFFF72B
:100DC00041024200C30F490A120E00207E2A0DD9AB
:100DD0009D2A0CD8802000040143952A0ADC962025
:100DE000821AD1404842002B00D108007047034AC4
:100DF0009818FBE7963A9140F4E7C046FFFFFF7F63
:100E000070B500283DD0C317C5185D40C40F280039
:100E1000FFF700FD9E22121A962A07DCD2B208289C
:100E200033DD083885406802400A23E0992A0BDD4B
:100E3000052329001B1AD94003001B339D402B00BA
:100E40005D1EAB4119430D00052801DD431F9D4088
:100E50002B000F490B406E0709D00F263540042D9B
:100E600005D004335D0102D59F220B40121A9B016D
:100E7000580AD2B24002D205400AE4071043204388
:100E800070BD002400220020F4E76802400AF1E768
:100E9000FFFFFFFBF0B54F464646D6460C00090360
:100EA000C0B5490A470F5E0039431F03DB0F9C465C
:100EB00065007B0A570F1F436D0DE40F760DA146A9
:100EC000C000B846D200AB1B64457BD0002B5FDD71
:100ED000002E00D0A4E03E00164300D112E15E1EB9
:100EE000002E00D09EE1871A4346B842804101257A
:100EF000C91A4042091A0B0200D431E149024E0AD4
:100F0000002E00D16EE13000FFF784FC0300083BA7
:100F10001F2B00DD61E120223900D21A9E40D14012
:100F20009F400E439D4200DD51E15D1B6B1C1F2B5A
:100F300000DD7CE12021C91A3D0030008F4088404F
:100F4000DD40791E8F41310007222843D94000251A
:100F500007433A40002A09D00F233B40042B05D019
:100F60003B1DBB42BF417F42C9191F000B0200D489
:100F700026E26A1CC64B55056D0D9A4200D106E16A
:100F8000C44AFF080A40530752023B43120B8EE04B
:100F9000002B00D0B8E06B1C5B055B0D012B00DC67
:100FA00030E1871A4346B842B641CB1A76429E1BBF
:100FB000330200D54CE13B003343A1D10022002491
:100FC000002570E0002B00DCE5E0002E00D183E07E
:100FD000AF4EB54260D0802636043743B846382B32
:100FE00000DC3EE1434613431F007A1E97413F1841
:100FF00087428041404209180B0200D4B0E0A44B64
:1010000001359D4200D1C3E0A24A7B080A4001217C
:101010000F401F435108D30707221F433A4099E767
:101020009B4EB54238D0802636043743B846382B1D
:1010300000DDDCE01F2B00DC30E11E004746203ED7
:10104000F740BC46202B04D04026F31A46469E406B
:101050003243170063467A1E97411F43CCE0002BB2
:1010600000D104E24346134300D159E14B07C008C5
:1010700018438023C9081B03194208D04546ED08D0
:101080001D4204D14346D008590708432900420FA6
:10109000C9007F4D1143C0004B07CA087C49C008F6
:1010A00003438D4268D012036D05120B6D0D0021B4
:1010B00012031800130B0A0D12051A43764B2D0567
:1010C00013402B435B00E4075B08234319001CBC5F
:1010D00090469946A246F0BD3E00164312D05E1ED1
:1010E000002E00D000E187188742804141444042F1
:1010F000091801250B0233D5022585E76446330024
:10110000414610001D00C7E7002D00D0DAE00C00BA
:101110000443F3D05C1C00D19FE15D4CA64200D19A
:101120002FE1DB43382B00DD66E11F2B00DD83E17F
:1011300020240500E41A0F00DD40D940A0404346BA
:10114000A7405B1A441EA04198462F433843171A04
:10115000BA42924143465242991A64463500CAE661
:1011600007223A40002A00D0F6E64B07CA08484951
:10117000FF083B438D4296D11900114300D19EE1F7
:10118000802109030A431203120B414D8FE715001A
:10119000002200238BE7002B00D0C7E06B1C5F050B
:1011A0007F0D012F00DCF1E0394DAB4200D1B9E0F9
:1011B00085180A0085428941424449425118072254
:1011C000CF076D082F4349083A401D00C2E60722A9
:1011D0003049ED1A31403A40BCE63E00283886409E
:1011E00000279FE63800FFF715FB20308EE64346C8
:1011F00013431F007A1E9741C71BB84280414042EB
:10120000091A78E60E003B0006431343002D61D116
:10121000002E00D0F4E0002B00D11BE16446390021
:10122000100039E71A4FBB427AD03300FFE6300096
:101230001F3DE840202B03D04021CB1A9E4037436E
:101240007B1E9F41072207433A400021002589E782
:10125000171A4346BA42B641591A76428E1B644663
:101260004EE61F2B00DDADE020264746F61AB740BC
:10127000B9461700B246DF404E463E433700564659
:10128000B240561EB24117434246DA408918AEE6D4
:10129000FF070000FFFF7FFFFFFF0F80202647466C
:1012A000F61AB740B9461700B246DF404E463E43F5
:1012B00037005646B240561EB24117434246DA4006
:1012C000891A99E77F4CA6425BD0802424045B42B4
:1012D000214327E7002E0CD1002B00D1CBE0644640
:1012E00039001000774DD7E6764FBB4218D0330057
:1012F00075E6002B14D04B07C00818438023C9089B
:101300001B03194207D0FC081C4204D17907D008FE
:101310000843E14621004C46420FC9001143C0007A
:10132000684DB9E61D0000220023C0E6002D5BD108
:101330000D00054300D1E2E65D1C00D1B0E0614D37
:10134000AE421FD0DB43382B71DC1F2B00DD96E053
:1013500020250F00ED1AAF40B9460700AA46DF402E
:101360004D463D432F005546A840D940451EA84153
:1013700088440743BF189742924151424144350087
:101380003AE6644635004146100085E60B0003430B
:10139000002D00D063E6002BF5D04346134300D167
:1013A0007AE6871887428041072241444042091863
:1013B0003A400B0200D4D5E6434B01351940C9E54C
:1013C000380069E61E004746203EF740BC46202B09
:1013D00004D04026F31A46469E4032431700634627
:1013E0007A1E97411F4302E6364DAE42CAD0802591
:1013F0002D045B422943A6E70843411E8841A6E627
:10140000002B00D148E6871A4346B842B641CB1AB2
:1014100076429E1B33024BD5171A4346BA4292417D
:10142000591A5242891A072264463A4092E501430A
:101430000F00791E8F419DE71C000F00203CE74004
:10144000202B03D04024E31A99400843411E8841D1
:1014500038437CE60022002425E6171A4346BA42A8
:101460009241591A5242891A6446350043E5414671
:101470001000144D10E680220024120380E61D00A7
:101480000F00203DEF40BC46202B03D04025EB1A37
:101490009940084307006346781E87411F4369E768
:1014A000871897429B4141445B42C9183500A3E528
:1014B0003B003343CED0072231003A4052E60023AE
:1014C0001A00F4E5FF070000FFFF7FFFF0B5574665
:1014D000DE464E464546E0B5834607000E0348000B
:1014E00085B092461C00360B400DCD0F002800D170
:1014F0009DE0954B984239D08023F6001B041E4393
:10150000924A7B0F33439946944603006344009309
:1015100000230026FF00029323031B0B9846630061
:10152000E40F52465B0D019400D1B3E086498B4233
:1015300000D19EE04246D100802212040A43514667
:10154000490F11438B46814952468C4600996344AA
:10155000CB1A0021D20000932B0063409A460F2E35
:1015600000D905E17A4BB6009B599F465B46334351
:10157000994600D0B8E00223082600270090029385
:10158000CAE7CB463A0002990195019B9A46022987
:1015900027D0032900D180E2012944D06D49009B66
:1015A0008C4663441C00002C38DD530700D013E246
:1015B000D2085B46DB0109D55946674B19408B467B
:1015C0008021C9008C46009B63441C00634B9C42F5
:1015D00007DC5B4664055F075B0217431B0B620D6C
:1015E00002E000230027584A00211B031C0B0B0DAF
:1015F0001B05234314055A4A380013401C43534625
:101600006400DB0764081C43210005B03CBC904625
:101610009946A246AB46F0BD0122524201231B1B54
:10162000382B00DCADE1002200230027DCE75B461D
:10163000334399465ED0002E00D18AE13000FFF797
:10164000E9F803000B3B1C2B00DD7BE11D22D31AC4
:101650005A460100DA4008398E4013005F46334392
:1016600099468F403F4B00261B1A0093002302939C
:1016700052E7414653460B433B499B468C46009BF1
:10168000634400935B46002B3BD1022300221E43A0
:10169000022161E7434613439B4637D04346002B64
:1016A00000D162E14046FFF7B5F803000B3B1C2B6D
:1016B00000DD53E102004146083A914088461D2171
:1016C000CB1A5146D9400B0041460B439B4653462B
:1016D00093401A00009B25499C46604403008C46B9
:1016E00063440093002137E70323B14600900C26A2
:1016F000029311E70023009301330426002702938D
:101700000AE70323C3461E43032125E701331E4393
:101710000022012120E700239A46802300271B0393
:10172000094A61E7802349461B03194200D1E2E0E0
:101730005946194200D0DEE00B431B0317001B0B78
:10174000A246014A50E7C046FF07000001FCFFFF28
:10175000C8850110FF030000FFFFFFFEFE07000029
:10176000FFFF0F800DFCFFFF01F8FFFFF3030000F8
:10177000D94500D9CBE000D1C6E03C00484600275F
:10178000009B013B00935B46160E1B021E43130297
:10179000984633041B0C9946310C0191FEF7F4FE78
:1017A0004A4642430B04210C050019438A4207D9DB
:1017B0008919013D8E4203D88A4201D9851E8919B3
:1017C000881A0199FEF7E0FE09048C464A46210476
:1017D00064464243090C030021438A4204D9891913
:1017E000013B8E4200D8F1E02D041D43AB46434639
:1017F000891A4246280C12041D0C5B46140C220068
:101800001B041B0C5A4303946B43444302956843E7
:101810001B19150CEB189C4203D980246402A446C2
:1018200060441C0C15041B042D0C20185D1981420A
:1018300077D373D00C1AA24A7D1BAF42BF419446A6
:10184000009B7F426344E01B1C00864200D1DBE02A
:101850000199FEF799FE4A4642430B04290C070002
:1018600019438A4207D98919013F8E4203D88A4217
:1018700001D9871E8919881A0199FEF785FE090486
:101880004A46894629044D464243090C0300294330
:101890008A4207D98919013B8E4203D88A4201D96D
:1018A000831E89193F04891A3A00039F1A4338009E
:1018B00013041B0C584381460298150C6F43434395
:1018C00045434846000C8446DB1963449F4203D9D4
:1018D000802040028446654448461F0C00041B04D7
:1018E000000C7D191818A94200D284E000D17FE0D5
:1018F00001231A4357E680234A461B0313431B0365
:101900001B0BAA466F4A6FE6BA4200D935E74B4631
:10191000DC0758087B081C43FF0734E70024AF426C
:1019200089D247444745A4415B466442A4196418E0
:10193000013BA6421ED2A0426DD800D1B6E0241AC7
:101940009B4678E703005A46283B9A400027914679
:1019500088E65846FEF75EFF203072E603005246E6
:10196000283B9A4093460022B4E65046FEF752FFC9
:1019700020309AE6A642E2D1B845DCD9341A9B461B
:1019800059E71F2B65DC504C0099A4465C46614426
:1019900008008C4011008240D940501E82410C4307
:1019A00014435A46DA401300620709D00F2222403E
:1019B000042A05D02200141D9442894149425B1833
:1019C0001A0262D50122002300270DE68A4200D8C0
:1019D0000AE7831E891907E70F231340042B00D160
:1019E000E6E5171D9742924153429B44FA08E0E511
:1019F000002800D1D7E57118531EB14227D3A94260
:101A000015D358D01A0073E7002B00DC04E601233D
:101A100000229B44CDE502234744474589415B4270
:101A20009C46494289190C19E344241A03E74346AA
:101A30005F0047459B41B8465B429E19023A8919AF
:101A4000A94200D054E7404500D051E7ABE51A0069
:101A5000F6E71F215F4649420C1BE740202B07D0C9
:101A60001A49009B8C46634418005B4683401A4326
:101A7000501E82413A4307270023174009D00F2107
:101A8000002311401400042995D122005F075B0256
:101A90001B0BD20817430022A6E5802359461B03DF
:101AA0000B431B0317001B0B064A9DE5BD42B2D832
:101AB0009B460024BFE68045B9D31A00C3E7C04661
:101AC000FF030000FF0700001E0400003E040000AA
:101AD000F0B54F464646D6468446C0B58046194EB8
:101AE00018030F034D00000B5C0082463F0B6D0D89
:101AF000C90F9146640DDB0F0120B5420AD0B442F4
:101B000003D0A54201D157450CD01CBC9046994644
:101B1000A246F0BD66463E43F7D1AC42F5D15446ED
:101B20001443F2D10120C845EFD1994207D0002DCE
:101B3000EBD163461F433800471EB841E5E700205C
:101B4000E3E7C046FF070000F0B54F464646D646DD
:101B50004D00C0B50E03C90F8A462C491F035C0017
:101B60008046360B6D0D91463F0B640DDB0F8D42A9
:101B70001ED08C4216D0002D1ED130438446002C3E
:101B800001D13A4323D06246002A1AD09A4529D07F
:101B9000514602200139084001381CBC9046994644
:101BA000A246F0BD39001143E5D002204042F4E7DF
:101BB0003043FAD1AC420FD0002C0FD13A43E7D0DA
:101BC0000CE00122013B934318000130E5E7634636
:101BD0000020002BE1D0DBE73A43E6D19A45D7D18C
:101BE000A542D5DCA54205DBBE42D1D808D00020F5
:101BF000BE42D2D250460123013898430130CCE78F
:101C0000C845C5D80020C845F4D3C6E7FF07000083
:101C1000F0B54F464646D6464D00C0B50E03C90F37
:101C20008A462E491F035C008046360B6D0D914697
:101C30003F0B640DDB0F8D4218D08C4211D0002D6C
:101C400018D130438446002C1ED13A431CD1634640
:101C50000020002B30D051460220013908400138C5
:101C60002AE039001143EAD0022025E03043FBD1BD
:101C7000AC4226D0002C26D13A4324D15146022032
:101C800001390840013817E06246002A0FD09A4512
:101C9000E1D1A54205DBBE42DDD819D00020BE420D
:101CA0000AD25046012301389843013004E0012252
:101CB000013B9343180001301CBC90469946A24654
:101CC000F0BD3A43D0D19A45C5D1A542C3DCE0E787
:101CD000C845C0D80020C845E3D3EDE7FF070000A2
:101CE000F0B55746DE464E464546E0B5834606000B
:101CF0000F03480087B092461D003F0B400DCC0FEC
:101D0000002800D16FE0DE4B984238D08023FF00DE
:101D10001B041F43730F3B430193DA4B0027994683
:101D200000239B46F60081442B0369001B0B52469F
:101D30009846490DED0F002900D185E0D04B99421E
:101D400000D173E04346DA0080231B04134352465C
:101D5000CC48520F84461343524600206144D200BF
:101D600089442100694000918C46012149448A46FA
:101D70000F2F00D990E0C449BF00CF59BF465B4642
:101D80003B43019300D06AE10223082700268146E5
:101D90009B46C9E732005846019B614600910228E4
:101DA00000D175E0032800D1FEE1012800D02CE12C
:101DB00000230027002600253F032A0D3F0BB348D0
:101DC00012053A4302401B051343009A5B00D107FA
:101DD0005B080B433000190007B03CBC90469946A5
:101DE000A246AB46F0BD5B463B43019300D12FE1D9
:101DF000002F00D1A5E13800FEF70CFD03000B3BDE
:101E00001C2B00DD96E11D22D31A5A460100DA4050
:101E10005E4608398F4013008E403B4301939C4B34
:101E200000271B1A994600239B467DE741465346EF
:101E30000B4393498C46E144002B00D01AE1022267
:101E40000220174300228CE7134300D10DE14346E3
:101E5000002B00D181E14046FEF7DCFC02000B3A8A
:101E60001C2A00DD72E10100434608398B40984688
:101E70001D239A1A5346D3401A0043461343524631
:101E80008A404946081A824989468144002068E709
:101E90007B4B002700268EE7140C1204120C110055
:101EA000370C3604350C794328008C462E006043ED
:101EB0006044834656432100300C8046584679439F
:101EC00040440291844506D98846802149028C46C7
:101ED000E044414602913604010C360C00048B4666
:101EE00081191E0C1B041B0C0391190079438C46AD
:101EF000280075436544A8465843050C454477437C
:101F0000A94203D9802149028C466744290C8C469A
:101F100039000004000C2D042D186144AB440591D8
:101F20005946049101990F043F0C080C39005143A4
:101F30004243904602008C46090C8B4662437C4328
:101F400044445C44A04503D9802149028846424468
:101F5000210C884661460904090C8C463900594316
:101F6000434370437E430F0CF6182404BE196444A7
:101F700042448C46B34203D980235B0298464044D6
:101F8000029B61469846049B370443449B46AB45FD
:101F9000AD416B420D0405992D0C8C467F196744A9
:101FA000FD18A8465D462D19A542A44193466442FA
:101FB000A446C344DC448F42BF4198459B419345AE
:101FC0009241A445A4415B427F421F43360C5242DA
:101FD0006442BF192243BF18624638184302D20D2B
:101FE000039913436A020A43501E82416146ED0D74
:101FF0002A434E023243D90100D4B3E001265008EF
:1020000032400243DE0732435B08224C5444002C2A
:1020100062DD510709D00F201040042805D0101DA3
:102020009042924152429B180200D90104D580246B
:102030001948E400034054441848844200DD27E76F
:102040005E075B02D2081F0B630516435B0DB2E609
:10205000002399460133042700269B4664E60323A8
:10206000019781460C279B465EE60122012017431B
:10207000002276E6032303201F43434671E6C04651
:10208000FF07000001FCFFFF08860110FFFF0F8023
:102090000DFCFFFFFF030000FFFFFFFEFE07000037
:1020A0000023802700933F030026434B83E6019BD8
:1020B0003200A446584670E6AC466EE68027019989
:1020C0003F0339422DD03B422BD11F433F033F0BEF
:1020D00000951600384B6EE601252D1B382D00DDCE
:1020E00066E61F2D40DC35481C0050441600824037
:1020F0008440EE40501E824134431443EB4062075B
:1021000009D00F222240042A05D02200141D944237
:10211000804140421B181A023ED5012300270026A9
:1021200049E68027019B3F031F433F033F0B009479
:10213000214B40E603005A46283B9A400026019274
:102140006DE65846FEF766FB203057E60300524620
:10215000283B9A401300002293E65046FEF75AFBB4
:1021600020307BE6CA4650E71F201E004042041B79
:10217000E640202D03D0124C5444A3401A43501E75
:102180008241324307260027164009D00F20002342
:10219000104014000428B9D122005E075B021F0B17
:1021A000D2081643002306E680273F031F433F0360
:1021B0003F0B1600004BFEE5FF0700001E04000069
:1021C0003E040000F8B557464E464546DE460C0034
:1021D0000903E0B5490A460F5F0031431E03DB0FD8
:1021E000760A9B46530F3343C84E6500C000E40F88
:1021F000D2006D0DA24681467F0D9C469046B742A7
:1022000000D1B9E05B46012673409B46EE1BA34517
:1022100000D183E0002E63DD002F00D0B1E06346E3
:10222000134300D123E1731E002B00D0BAE1861ABC
:102230006346B04280410125C91A4042091A0B0287
:1022400000D447E149024B0A98464346002B00D18F
:1022500089E14046FEF7DEFA0300083B1F2B00DD54
:102260007CE120223000D21A4146D0409940020041
:102270009E400A439D4200DD6AE15D1B6B1C1F2BE3
:1022800000DD94E1202110003500C91A8E40DA40AB
:102290008840DD40711E8E41110007222843002531
:1022A00006433240002A09D00F233340042B05D0C7
:1022B000331DB342B641764289191E000B0200D489
:1022C0003DE26A1C914B55056D0D9A4200D119E112
:1022D0008F4AF6080A40570752023743120B9BE019
:1022E000002E00D0C5E06E1C7605760D012E00DCB8
:1022F00048E16746861ACB1BB042BF417F42B846D1
:102300001F004346FF1A3B00B8461B0200D55FE1A1
:1023100037439AD100220024002579E0002E00DC0A
:10232000FAE0002F00D18DE0784B9D4267D08023EA
:1023300067461B041F43BC46382E00DC52E163464F
:1023400013435A1E93411E18864280414042091889
:102350000B0200D4BEE06D4B01359D4200D1D2E0AE
:102360006B4A73080A4001210E401E435108D307EF
:1023700007221E43324095E71E00164300D045E772
:1023800040E7624B9D423AD0802367461B041F43BF
:10239000BC46382E00DDEBE01F2E00DC3AE13300B6
:1023A0006746203BDF403B00202E05D04027BF1B67
:1023B0006646BE40324390464646721E96413343BF
:1023C000DAE0002B00D114E26346134300D168E148
:1023D00080234E07C008C9081B030643194208D0D2
:1023E0006046C008184204D163460100D2085E0767
:1023F0001643F3009946C900720F444D11434B46F2
:10240000DE08424B4F073743CA089D4200D16EE0B9
:1024100012036D05120B6D0D00211203130B0A0D33
:1024200012051A433B4B2D0513402B435B00E40779
:102430005B082343380019003CBC90469946A246ED
:10244000AB46F8BD6346134311D0731E002B00D07A
:1024500007E18618864280416144404209180125FF
:102460000B0237D502257BE73E00614691463500D9
:10247000C5E75C46002D00D0E1E00B000343F3D03C
:10248000731C00D1ACE1214B9F4200D13AE1F343F0
:10249000382B00DD6FE11F2B00DD8CE120250E00C5
:1024A000ED1AAE40B0460600AA46DE40454635432A
:1024B0002E005546D940A8406346451EA8415B1AE8
:1024C0009C463043161AB242924163465242991AD0
:1024D0003D00B4E607223240002A00D0E4E60B4B70
:1024E000F6084F073743CA089D4200D090E73B00EB
:1024F000134300D1A6E180231B031A431203120BDE
:10250000024D89E715000022002785E7FF0700003C
:10251000FFFF7FFFFFFF0F80002E00D0C7E06B1C86
:102520005E05760D012E00DCF0E0C84DAB4200D117
:10253000B9E085180A008542894162444942511830
:102540000722CE076D082E43490832401D00A9E638
:10255000BF49ED1A114007223240A3E63200283865
:102560008240002686E63000FEF754F9203073E6FC
:10257000634613435A1E9341C61AB04280414042FB
:10258000091A5CE60E00674606431743002D5ED12C
:10259000002E00D0F3E0002F00D11EE15C46614622
:1025A00091462CE7A94FBE427BD01E00F1E61000F9
:1025B0001F3DE840202B03D04021CB1A9A40164300
:1025C000731E9E410722064332400021002583E707
:1025D000161A6346B2428041591A40420B1A984675
:1025E0005C4632E61F2E00DDABE02027BB1B9A467F
:1025F00063465746BB40994613004F46F3401F437E
:102600003B005746BA40571EBA4113436246F24058
:10261000891898E62027BB1B9A4663465746BB405D
:10262000994613004F46F3401F433B005746BA40BC
:10263000571EBA4113436246F240891A9CE7834B06
:102640009F425FD080252D047342294320E7002E4E
:102650000CD1002F00D1D0E05C46614691467B4D05
:10266000CDE67A4FBE421CD01E0065E6002F18D082
:10267000C0084E0706438020C9080003014208D065
:102680006346DC08044204D12100DA46D2085E0722
:102690001643F300994601245346C900720F1143B3
:1026A0001C406A4DABE61D0000220027B4E6002D59
:1026B00059D10B00034300D1D6E6731C00D1B2E020
:1026C000624B9F421ED0F343382B6FDC1F2B00DD83
:1026D00097E020250E00ED1AAE40B0460600AA464F
:1026E000DE40454635432E005546A840D940451E9C
:1026F000A8418C440643B618964292415142614427
:102700003D0025E63D006146914678E60B00034317
:10271000002D00D055E6002BF5D06346134300D1C1
:102720006DE68618864280416144404209180022C5
:102730000B0200D4D0E6464B01351940B2E5B14654
:102740005DE633006746203BDF403B00202E05D08E
:102750004027BF1B6646BE40324390464646721E27
:1027600096413343EFE5394B9F42CBD080252D0472
:1027700073422943A8E70843411E8841A2E6002F7F
:1027800000D13CE66346861ACF1AB0429B415B42B9
:10279000FB1A98461B024ED5161A6346B242924166
:1027A000591A5242891A5C4600227BE501430E0009
:1027B000711E8E419FE71D000E00203DEE40B04689
:1027C000202B04D04025EB1A994008438146484607
:1027D0004346411E8841184374E60022002417E650
:1027E000161A6346B2429241591A5242891A3D0062
:1027F00025E561469146154D01E68022002412032D
:1028000079E61D000E00203DEE40B046202B04D09E
:102810004025EB1A9940084381464E464346711EB7
:102820008E411E4367E7861896429B4161445B4296
:10283000C9183D008CE547463743CED007224146B4
:10284000324049E600273A00E6E5C046FF070000AF
:10285000FFFF7FFF70B50C4E0D031C0349005B00AA
:102860002D0B490D240B5B0DB14208D00649002009
:102870008B4203D114432000441EA04170BD054388
:102880000120002DFAD1F1E7FF07000030B5144D0B
:102890000A034B00120B5B0DC90F0024AB4211DD84
:1028A000104CA34210DC8024640322430E4CE41A33
:1028B0001F2C0CDD0D48C31ADA4013005C420029BE
:1028C00000D11C00200030BD094BCC18FAE7094D9F
:1028D000E040AC4663449A4013000343EEE7C04631
:1028E000FE0300001D040000330400001304000078
:1028F000FFFFFF7FEDFBFFFF70B500282DD0C31752
:10290000C5185D40C40F2800FDF784FF154B1B1A46
:102910005B055B0D0A2815DD0B38854000222D0371
:102920002D0B002110002D030A0D2D0B12052A433B
:102930000D4D1B052A4013435B00E4075B0823434E
:10294000190070BD02002900153291400A000B21C8
:10295000081AC5402D032D0BE3E7002400230025B2
:102960000022DEE71E040000FFFF0F8010B5041EEA
:1029700025D0FDF74FFF144B1B1A5B055B0D0A2892
:1029800012DD0B38844000222403240B00211000A8
:1029900024030A0D240B120522430C4C1B05224074
:1029A00013435B00590810BD02002100153291400D
:1029B0000A000B21081AC4402403240BE6E7002375
:1029C00000240022E2E7C0461E040000FFFF0F8043
:1029D0004100090E4B1C70B5DBB24602750AC40FEC
:1029E000012B14DDE0239B006D07360BCB18002173
:1029F0000A0D280012051C4D32435B052A405B0876
:102A000013435B00E4075B082343190070BD0029F2
:102A100014D1002D1ED02800FDF7FCFE0A281CDC76
:102A20000B232A001B1ADA40030015339D400F4B7D
:102A300012031B1A5B05160B5B0DD8E7002D06D0A1
:102A4000320B802636036D071643094BCFE7084B40
:102A50000026CCE700230026C9E703002A000B3B31
:102A60009A400025E3E7C046FFFF0F80890300007E
:102A7000FF070000F0B54C00640D0B03621C5B0AFD
:102A8000460F5205C90F1E43C500520D012A29DD0C
:102A9000374BE718FE2F1CDC002F3BDD8001431E67
:102AA00098410722F3006D0F03432B431A40002A7D
:102AB00004D00F221A40042A00D004338022D2040A
:102AC0001A4024D00137FAB2FF2F02D09B01580AD6
:102AD00001E0FF2200204002D205400AC90710434E
:102AE0000843F0BD3543002C04D1002D0AD100224B
:102AF0000020F0E7002DECD08020C0033043FF22FF
:102B0000E9E7002400235B02580AE2B2E3E7DB08AE
:102B10003C00F8E73B001733F3DB80231B0433430F
:102B20001E26F61B1F2E14DD02225242D71B1A004E
:102B3000FA401700202E04D00E4A94466444A34065
:102B40001D432B005D1EAB4107223B431A4000276B
:102B5000ADE7094A2800A218954093406C1EA54194
:102B6000F04007222B4303431A4000279FE7C0464B
:102B700080FCFFFFA2FCFFFF82FCFFFF10B50029D5
:102B800003D1FDF747FE203002E0081CFDF742FEAE
:102B900010BDC046F0B54E465746DE464546E0B548
:102BA0000F00002183B006008946002F06DA3900A5
:102BB000002746428F41012149428946002B07DA0E
:102BC0004946C943100089461900002342428B41FF
:102BD00034003D0092469846BB4269D866D04146D3
:102BE0005046FFF7CBFF834639003000FFF7C6FFA2
:102BF0005B461B1A9C46203B9B4600D575E0514620
:102C0000584681400B005146604681400A00BB4255
:102C100061D85ED034003D005946A41A9D41002978
:102C200000DA7AE000210020012600900191594647
:102C30008E400196614601268E406146009600292D
:102C400050D0D90756085F080E4363460EE0AF42E6
:102C500001D1A6420CD8A41BBD41012124196D410C
:102C60000022013B64185541002B06D0AF42EED93B
:102C7000013B24196D41002BF8D1009801995B4666
:102C800000196941002B3DDB2E00DE4063462C001D
:102C9000DC405B46002B4BDB34005D46AC40230040
:102CA0006446A6403200801A994103E0B24296D9A8
:102CB000002000214B46002B04D003000C00002113
:102CC0005842A14103B03CBC90469946A246AB464F
:102CD000F0BDB1429ED900210020009001916146D3
:102CE0000029AED100980199E4E7202362465146BD
:102CF0009B1AD940404600916146884003000099E4
:102D00000B4380E7624620239B1A2A009A40260044
:102D100013006246D6401E43B8E7614620260127CD
:102D2000761A00200021F74000900191019781E779
:102D30006746202362463500BC409B1ADD402300D5
:102D40002B43ADE7024670B50A4392072AD11E4DC8
:102D5000EE0104C808C9541B9443344017D0D0B2C4
:102D6000D9B2401A2106014310D190B299B2401A4B
:102D7000210401430AD110021902000A090A401A6B
:102D80002102014302D1100E190E401A70BD9A4261
:102D9000DFD010BA19BA884201D9012070BD0020D5
:102DA000C04370BD02780B7801300131002A09D090
:102DB0009A4207D102780B7801300131002A01D004
:0C2DC0009A42EFD0D01A70BD0101010151
:022DCC0070474E
:022DCE0070474C
:022DD00070474A
:0C2DD4008423838100487047988601101A
:102DE000F0B5050000208FB081425CD102AB9E1D82
:102DF0002722300010F042F82B6828005B6B9847C0
:102E00002B6807005B6B280098472B0029331B7841
:102E100003AC00932B002A331B7822220193234B0F
:102E200022762380E13BFF3BA3700223FF33A38084
:102E3000413BE371B73B6372053BA372023B637393
:102E40006A461B4B67766382122307270012A0761F
:102E500005201278FF336277164AA382113BFF3BAD
:102E6000E28302AAF377D619F77704AE2077F077DA
:102E7000043080186A4612790321C2770A2002AA18
:102E80008018C1774020A173083189183235C8777E
:102E9000FF350DA90B70292221002800E375E77684
:102EA0000FF05AFF28000FB0F0BDC0460902000025
:082EB0000921000003400000AD
:102EB800F0B50400164B8BB0083301AD0360242233
:102EC800144928000FF044FF210000220126FF3199
:102ED8002020844603233700944460469B1A9F4071
:102EE800285CFFB2CB7C00280FD03B430132CB7467
:102EF800042AEDD120005D30FF3009F0F7F82000FA
:102F080000F0DEFC20000BB0F0BDBB43EEE7C0468E
:082F18004886011088840110B5
:102F200010B50400FFF7C8FFC2212000490008F0D7
:062F3000E1FE200010BDCF
:102F3800F0B58BB001AD242204000D4928000FF034
:102F480007FF01260022032031001700831A994049
:102F58002037EF5DCBB22178002F06D00B432370CA
:102F68000132042AF0D10BB0F0BD99432170F7E784
:042F7800AC84011014
:102F7C00F0B506005D36FF3695B0050030000F0049
:102F8C000193009209F07CF83C22002105A80FF077
:102F9C006FFF0123072203AC23718033FF33EB5CFB
:102FAC002100134063716B461B782800E3716B465C
:102FBC001B79A77123720523039300F0D1FD040044
:0C2FCC00300009F079F8200015B0F0BDCD
:102FD800F8B50F001049060015000EF0A1FC041EFC
:102FE8000AD10E4D0E49280002F050FD310028008C
:102FF80002F068FD2000F8BD03002A000121380016
:103008000FF0AAFA06002000AD1B0EF065FA684220
:103018006841C0B2EFE7C046458701100C1B00208D
:0430280048870110C4
:10302C00F8B50E000949170000250EF077FC0400D6
:10303C00A84209D003003A00012130000EF06CFDCB
:10304C00050020000EF046FA2800F8BD428701105A
:10305C0070B50500194C0E002000194902F014FD42
:10306C002900200002F010FD1649200002F028FD76
:10307C00280015490EF052FC051E04D113492000FE
:10308C0002F01EFD70BD300010F0E6FB2B000200BC
:10309C00012130000FF05EFA06000D49200002F00D
:1030AC00F3FC0A223100200002F048FD09492000FF
:1030BC0002F006FD28000EF00DFAE3E70C1B0020D1
:1030CC00118801101C8801104587011022880110FD
:0830DC00318801103888011051
:1030E400F8B50700134D0E0028001349140002F030
:1030F400CFFC3900280002F0CBFC1049280002F074
:10310400E3FC002C07D00E4938000EF00BFC051E22
:1031140003D1040030702000F8BD621E03000121B9
:1031240030000EF0FDFC00230400335428000EF0A0
:10313400D5F9F0E70C1B0020EF8701101C88011063
:0431440042870110AD
:1031480030B585B00CF030FB1E4B1F4C1860802347
:103158009B0002930193C13BFF3B009300221B4954
:1031680020000BF06DFF1A4D1A492A00200008F0C4
:1031780067FB0CF0FFFD0123029350330193164BBC
:10318800164C0093002301001A00200000F0C4FC34
:103198002000134B33220021FE3023600FF06AFE1B
:1031A800104808F067FF1048FFF7C2FEC02300224E
:1031B8005B00E2540D492A00200008F041FB05B0ED
:1031C80030BDC046E4250020EC1C00201C870110FF
:1031D80058030020E9EF001035120000882700206E
:1031E80050860110E42800209A280020B92E0010EB
:1031F80070B509480BF07CFC041E0BDA074D084932
:10320800280002F05FFC604210F01CFB010028005F
:1032180002F058FC70BDC046EC1C00200C1B0020BE
:04322800F687011014
:10322C00F8B5124C1249200002F02EFC114E124D32
:10323C00316828000BF0E0FB1049071E00D1104943
:10324C00200002F03DFC002F0ED00E49200002F0B1
:10325C0037FC316828000BF083FF0849002800D1A7
:10326C000749200002F02CFCF8BDC0460C1B0020C6
:10327C00C3870110E4250020EC1C0020B787011047
:08328C00BF870110E08701106B
:10329400F0B585B0FFF7C8FF164F10226946380015
:1032A400FFF71EFF144C051E0FD11449200002F035
:1032B4000BFC134E38003100FFF7CEFE1022310014
:1032C400684610F0FFFA6B46DD730E49200002F0E9
:1032D400DFFB6946200002F0F7FB0B496846FFF765
:1032E4002FFD43425841094B1870FFF783FF05B087
:1032F400F0BDC046638701100C1B002070870110CD
:103304009087011098870110A3870110CC2B00200F
:10331400012310B5164C86B0227853402370FFF772
:1033240083FF23781349002B00D113491348FFF777
:1033340093FEFFF75FFF124903A802F056FC2378BF
:103344001049002B00D11049684602F04EFC694632
:1033540003A802F07CFC01000C4802F0ABFB6846B9
:1033640002F0F4FB03A802F0F1FB06B010BDC04666
:10337400CC2B0020A38701109087011063870110D4
:103384002D8701101F870110258701100C1B0020B9
:1033940010B5FFF7BDFF044B1B78002B02D00122B0
:1033A400024B1A7010BDC046CC2B00209C03002099
:1033B400F0B5102099B002F05DFD9D4C23780028F3
:1033C40000D0BDE0002B05D10133237002F07EFC58
:1033D400984B1860984B1B201A68DF6803925A6850
:1033E40004929A68059202F0A3FC04001A2002F0E9
:1033F4009FFC924B02901E78914D002E00D1E0E08C
:103404006B4610229A5E6B460C21595E6B463FB2A6
:1034140014269E5F1300A24200DD23000800994297
:1034240000DA18001E2300933C3B02F01CFA029AB7
:1034340004003B00974200DD130030009E4200DA96
:1034440018001E23310000933A003C3B02F00BFAB3
:1034540023000E339BB206001C2B00D8002433003B
:103464000E339BB224B21C2B00D80026062002F097
:1034740001FD47424741072002F0FCFC434258410A
:103484007FB240000743092002F0F4FC4342584154
:1034940080000743082002F0EDFC43425841C0235A
:1034A400C0005B000743EF54664B1B780293002B6C
:1034B4005CD00D2002F0DEFC0024002801D10A2497
:1034C40064420F2002F0D6FC002800D10A340E20FA
:1034D40002F0D0FC0026002801D10A2676420C20F6
:1034E40002F0C8FC002800D10A362300564F3343AB
:1034F40039D03868FFF76AFA544A554BFDF7C8FCCF
:10350400FFF7B6FA38603F683000FDF777FC391CE6
:10351400FDF722FBFDF752FC46B22000FDF76EFCDE
:10352400391CFDF719FBFDF749FC0023320041B2B9
:103534002800FFF721FD0F2002F0D8FB19B0F0BDE1
:10354400002B0AD002F0C2FB3A4B1B68C01AFA23C4
:103554009B00984204D9FFF71BFF0023237039E72F
:1035640002F0B4FBF9E700233B60CCE7E317E7186C
:1035740036B25F40F317F018584046434643354986
:103584007043FDF703F846B238007C437C4331496D
:103594006043FCF7FBFF029B41B232002800FFF7B7
:1035A400EBFC0C2002F066FC011E03D101235B42FC
:1035B4000A00BDE70E2002F05DFC011EBBD1012311
:1035C400F6E72548FFF7B6FC07240127234BB20092
:1035D400D058C0B202F04EFC320039002240914073
:1035E400F310EB18FE33CAB2197800281DD10A4330
:1035F4001A7001360C2EE9D1194C200008F044FD54
:10360400022307A90B71013B1800FD30285CCA187E
:1036140001331071162BF7D128000B6000F0A4FAC7
:10362400200008F04DFD1E2086E791431970E0E765
:10363400CE2B0020102900208C030020CC2B00204E
:10364400882700209C0300208C2900209A999999AE
:103654009999B93F786900009A2800205C030020FA
:04366400E428002036
:1036680030B585B06C46FFF7DDFD104D1022210006
:103678002800FFF7D7FC102811D16368009A9342FD
:1036880009DDE368A268934205DD094B07CC07C34F
:103698001A0023681360FFF7ABFD05B030BD102298
:1036A80003492800FFF794FCF5E7C046A9870110F5
:0436B8008C0300205F
:1036BC00E12110B549021B4800F024FE00241A4BEE
:1036CC00A200D0580221C0B2013402F06BFB0C2CCA
:1036DC00F5D10221102002F065FB0121192002F026
:1036EC0061FB0121122002F05DFB0121132002F08D
:1036FC0059FB0121142002F055FB0021122002F08D
:10370C008FFB0021132002F08BFB0021142002F010
:10371C0087FBFA20C00002F0E5FAFFF7B5FDFFF7D2
:0C372C009DFF10BD0C1B00205C03002062
:023738007047D8
:0E373A0010B5040003681B6B9847A08910BDF2
:0E374800CB880079181A43425841C0B270472E
:043756000420704794
:08375C00004870474A89011082
:08376400004870473489011090
:10376C0030B5050089B00922002102A80FF080FBBA
:10377C002B00FD331878013B1978154B1B22019354
:10378C00022301AC63719F33A371A03BE3717433CB
:10379C0023726D3B63720D33A372F03BA3817133C3
:1037AC00FF33A37323750B4BE073E3820A4B0B4877
:1037BC00AA8123830E35D23B05906175FF3B210016
:1037CC002800A3760FF0C2FA280009B030BDC0461D
:1037DC0006ABFF0A090200009102000009018102F8
:1037EC00F0B5050000208FB081425ED102AB2722DC
:1037FC00981D0FF03DFB2B6828005B6B2F799847C9
:10380C002B6806005B6B280098472B0029331B782C
:10381C0003AC9C462B002A331B78E7720193244B94
:10382C0022272380E13BFF3BA3700223FF33A380BD
:10383C00413BE371B73B6372053BA372023B63737D
:10384C001C4B277667466382122325226676072651
:10385C000012A07605206777174FFF33A382E7830A
:10386C00113B02AFFF3BBF1802AA3B709719E676DB
:10387C00FE7704AE2077F077043080186A46127910
:10388C000321C2770A2002AA8018C1774020A173B5
:10389C0008318918C87749350DA90B7029222100E8
:1038AC002800E3750FF052FA28000FB0F0BDC046A7
:0C38BC0009020000092100000340000088
:1038C80010B504000A4B0833036000F091FF06F0BE
:1038D800E5FC2000403005F076FB2000343005F090
:1038E80072FB20002C3005F06EFB200010BDC04696
:0438F800E48801104F
:1038FC0010B50400FFF7E2FF80212000490008F01A
:06390C00F3F9200010BDDC
:1039140010B50400024B036005F008FA200010BD46
:0439240048880110BE
:1039280010B50400FFF7F2FF2000302108F0DEF99F
:04393800200010BD9E
:0A393C0010B50C220FF00AFA10BDBE
:0839460010B500F08AFF10BD6E
:10394E0070B50400042918D005003C352B78002BE7
:10395E0006D103002933197800F082FF01232B7062
:10396E00250048352B78002B07D123002A331978F0
:10397E00200000F075FF01232B702000343005F07D
:10398E00D7FA2000403005F0D3FA20002C3005F095
:04399E00CFFA70BD2F
:1039A40070B50D00040040220321280005F066FADA
:1039B40023002933187040220321280005F065FAFA
:1039C4002A342070280005F0F5F9002804D1892252
:1039D4000249034807F0F2FB70BDC046C6880110D7
:0439E400D188011075
:1039E80070B5040000F038FF23002933197820004F
:1039F800250000F060FF012320003C352B70343097
:103A080005F099FA2B78002B03D0236820005B6C13
:043A1800984770BD9E
:103A1C0070B5040000F01EFF23002A331978200033
:103A2C0000F033FF23002500B83318600123200079
:103A3C0048352B70403005F07CFA2B78002B03D0E6
:0A3A4C00236820001B6C984770BD32
:103A5600F7B51F00042300921370CA880379040087
:103A66000D0000269A4217D14B78B34216D0002695
:103A76006A78012A10D1EB78092B0DD12300A98889
:103A8600BC33197021003F262B89B83101330B60F6
:103A9600009BBD343C601A703000FEBDCB78062B0F
:103AA600E6D18B881B120193212B1AD0222BDFD152
:103AB60003681B6B98470028D9D0236820005B6BEE
:103AC60098470028D3D0236820005B6B984723686B
:103AD60006001B6B200098470123009A386013707C
:103AE600C6E700F086FE3200019905F0ACFF00281B
:0E3AF600BDD00123009A386009261370B8E78E
:0C3B040010B500F077FE05F071FF10BD59
:0E3B1000C36810B5002B01D09B68984710BD0C
:103B2000F8B51E0000230125040083600E4B45718B
:103B3000083303602C30170005F0F4F9200034300E
:103B400005F0F0F92000403005F0ECF923003C339B
:103B50001D701D73C0331F705E7000F04DFE21009C
:0C3B600000F004FE2000F8BDE488011015
:103B6C0070B504008CB00D0000F066FE684605F0E0
:103B7C00C7F8200000260D4B69460A9534300BAD72
:103B8C00009309942E7005F0EBF9200000F05BFE19
:103B9C00074B31001A68684605F076F82C786846B1
:103BAC00FFF7B2FE20000CB070BDC0464888011073
:043BBC006488011008
:103BC000F8B504000F0000F03DFEFFF79BFF051E57
:103BD00004D1200000F03DFE2800F8BD26003C3650
:103BE0003578002DF5D020004422390074300FF0D4
:103BF000B3F823002200293319787832636F20004C
:0A3C000000F051FE00233370E3E7EB
:103C0A0010B50400FFF779FF002803D12C34207087
:103C1A00013010BDA16A606AFFF7CDFF0028F8D015
:083C2A0001232C342370F4E7A0
:0C3C320010B50400FFF76BFF200010BD70
:103C3E0010B542680368086854100019D20701D500
:083C4E000268D358984710BD2D
:0C3C560010B501000430FFF7EFFF10BDB7
:103C640010B5024BC3601CC91CC010BD588801109C
:103C740010B586B00400684603910092436004AB1B
:103C840006C806C3200003A9FFF7EAFF200006B018
:023C940010BD61
:0C3C960013B50400FFF7EBFF200016BD83
:103CA400F0B504008DB000F0A5FD23000600293313
:103CB40008AD1F7821002800184A0023FFF7E9FF08
:103CC4003900032340220095300006F057FB2800FA
:103CD400FFF7ADFF260000F08DFD2A3603903778FC
:103CE400210028000E4A0023FFF7D3FF39000323E5
:103CF40040220095039806F041FB2800FFF797FF48
:103D040022003178BC324023200000F0B6FD0023AD
:103D14000120483423700DB0F0BDC046E9390010CD
:043D24001D3A001034
:083D280010B5FFF794FF10BD78
:083D300010B5FFF7F9FF10BD0B
:063D380016204042704716
:0A3D3E000020814200D119387047BF
:043D4800012070479F
:063D4C0016204042704702
:063D5200162040427047FC
:043D5800112070477F
:023D5C007047AE
:023D5E007047AC
:023D60007047AA
:103D640070B5104C10492068104A114B88420FD18D
:103D7400606890420CD1A068984209D100250D4892
:103D840025600CF0EDFF0300802029008004984793
:103D9400216009480021A36062600CF04FFE0023FB
:103DA400236070BD7C110020DE8116F0299B72BD5A
:0C3DB4007ABE59D355420000A0860100E1
:103DC0000B00F0B50F2700260E33023902003A40EF
:103DD000D5B22C0000093034092A00DD07341C70EC
:0A3DE0005E70023B9942F1D1F0BD84
:043DEA001E207047E0
:023DEE0070471C
:103DF00013B5040068460CF09FFA21000098FFF705
:103E0000DFFF210001981031FFF7DAFF202016BDF7
:103E100010B5192001F046FF040004480CF0A2FF81
:103E2000030001200021A0409847C04655420000F1
:043E300000207047B7
:103E34009A2370B55B00C35C05001400002B1CD1F1
:103E44000368DB699847F0210C4B09012140C9182C
:103E54004B1E9941F0232340303B5A4253410F22D9
:103E64000731144001330D3A012C02D0023C624266
:103E74006241A869006804F09CFB70BD00FDFFFF6F
:103E84009A2310B55B00C35C0400002B05D1A36921
:0C3E9400186804F0BEFB0028F9D010BD37
:103EA0009A2370B55B00C55C0400002D14D18369B2
:103EB000002B0CD01868002809D00368DB689847ED
:103EC000A36904211D60A06907F014FFA561002308
:0A3ED000FC34E3622363636370BDFA
:103EDA009A23F7B55B00C35C0400002B2AD1802526
:103EEA00FF276D00A369186804F074FB002821D02D
:103EFA0007F027FAA369012218686B46DE1D0368DA
:103F0A0031005B6998472300FC335A6BAA420ED0F2
:103F1A005A6BAA420BD02200D96A30782832505400
:103F2A00DA6A01323A40DA625A6B01325A6307F0AE
:063F3A001EFAD7E7F7BDF7
:103F40009A2210B552000300805C002806D00120A0
:103F500001F0CEFE054801F086FA10BD9B69002BEA
:103F6000FBD01868431E9841C0B2F6E71C1700202A
:103F700070B504000D0001F076FA030000208342C2
:103F800004D0236829001B6C2000984770BD08B43A
:103F9000024B9C46024BC01A08BC6047713F0010A0
:043FA00040010000DC
:103FA40037B56B46DC1D9A2321705B00C35C0500AA
:103FB400002B04D0C9B20A48FFF7D8FF3EBDAB6955
:103FC400186804F026FB0028F9D0AB6901221868B0
:103FD400210003681B6998470130431E9841EDE7AF
:043FE4001C17002086
:103FE800F7B5060001911700002401F038FAA04245
:103FF8000DD0A7420BD93D1B402D00D94025019B70
:104008002A001919300000F06BFF6419F1E720004D
:10401800FEBD08B4024B9C46024BC01A08BC604760
:08402800E93F00104001000017
:104030009A2370B55B00C35C05000E001400002BD2
:1040400005D00F48FFF7D0FF0400200070BDAB691A
:10405000186804F0E0FA0028F9D0AB6901211B6868
:1040600018005B6F74301B6B9847AB6922001868AF
:10407000310003681B699847431CE6D10024E4E73C
:044080001C170020E9
:10408400F0B5C3B0050001F0D7F9932380229B005B
:10409400E918CB6852000400D31A984201DDCC68B9
:1040A400141B01AB220002A92800A82601F017F86E
:1040B4000021019802AB241A76001C199323802254
:1040C4009B00EB18DF685200974211D081420FD059
:1040D400DF6897420AD05A68675CAA1897555A68ED
:1040E4000132D2B25A60DA680132DA600131E5E7AE
:0440F40043B0F0BD28
:1040F80070B5040000F0A2FB2000FFF7BFFF932378
:104108009B00E318DD68200000F09FFB280070BDCD
:1041180008B4034B9C46034BC01A08BC6047C04612
:08412800F94000104001000005
:104130009A2310B55B00C35C0400002B05D0064831
:10414000FFF7DAFF0400200010BDFC3407F0FEF892
:0C415000646B07F011F9F6E71C17002063
:10415C0070B5040000F070FB2000FFF78DFF932377
:10416C009B00E318DA68002A09D0A8229B68520049
:10417C00E3189D5C200000F066FB280070BD012553
:10418C006D42F7E708B4034B9C46034BC01A08BCBE
:0C419C006047C0465D410010400100007B
:1041A8009A2310B55B00C35C0400002B05D00B48B4
:1041B800FFF7D0FF0400200010BD07F0C3F823006C
:1041C800FC335A6B002A05D01B6B2834E45C07F0DB
:1041D800CFF8F0E701246442F9E7C0461C17002035
:1041E80070B5040000F02AFB2000FFF747FF932377
:1041F8009B00E318DA68002A10D0A8219A684900C1
:10420800A218555C9A680132D2B29A60DA68013A0B
:10421800DA60200000F019FB280070BD01256D420E
:10422800F7E708B4024B9C46024BC01A08BC60472B
:08423800E94100104001000003
:104240009A2310B55B00C35C0400002B05D00E4818
:10425000FFF7CAFF0400200010BD07F077F8230025
:10426000FC335A6B002A0CD01A6B2834A45C1A6BEE
:104270000132D2B21A635A6B013A5A6307F07CF8E2
:0C428000E9E701246442F9E71C17002064
:10428C00802210B50400520000210EF0F1FD230035
:0E429C000022FC335A6020009A60DA6010BDE8
:1042AA0010B542680368086854100019D20701D58E
:0842BA000268D358984710BDBB
:0C42C20010B501000430FFF7EFFF10BD45
:1042D00010B5024BC3601CC91CC010BD548901102D
:1042E00010B586B00400684603910092436004ABA9
:1042F00006C806C3200003A9FFF7EAFF200006B0A6
:0243000010BDEE
:0C43020013B50400FFF7EBFF200016BD10
:104310009A2370B55B00C35C86B004000D00002BCF
:1043200036D18669002E04D1042007F0AFFCA061CD
:104330000660A369186800282CD1783007F0A6FC25
:1043400006002223E25E2023E15E2B0004F052FCF3
:10435000A3691E602423E25E531C06D0A0692621B7
:10436000635E0068032104F053FCA3691D68002DFF
:104370000ED00026094A3300210002A8FFF7C1FF32
:104380002800320002A904F0B1F902A8FFF751FC9D
:1043900006B070BD290004F0FDF8DBE7DB3E00103D
:0843A00010B5FFF78EFF10BD00
:0843A80010B5FFF7F9FF10BD8D
:1043B000F7B51A4B1A4DFA260024083300932B60E8
:1043C0002023B600AE606C6016486B61AC61EC6196
:1043D000FFF75CFF9A22012752002000AF5401F042
:1043E00061FC0190380001F05DFC20230E4D009926
:1043F0006B616B469B88AE602B84012368845B42B3
:104400006C600A482960AC61EC61AB84EB84FFF717
:104410003DFF9A225200AC54F7BDC046608901109E
:104420000C1B0020341B0020D4190020FC19002094
:0444300000207047B1
:024434007047CF
:024436007047CD
:024438007047CB
:10443C0010B5054BC458002C05D023682000DB6A4E
:0C444C009847A468F7E710BD8C0500003D
:1044580070B50D00054BC458002C06D02368200009
:10446800DB6829009847A468F6E770BD8C05000052
:0844780000487047308A011072
:1044800010B50400044B036005F00CFF200006F09B
:0C4490003FF8200010BDC046B0890110AC
:10449C0010B50400FFF7EEFFB2212000C90007F0B1
:0644AC0023FC200010BDFE
:1044B400F0B50F4B0500C458002385B0019102AA42
:1044C400D61C002C12D0236801991F69320003AB5B
:1044D4002000B84731780300042905D0039A280046
:1044E40005F042F905B0F0BDA468E8E73178F5E7D6
:0444F4008C05000033
:1044F80070B50E0005000021002A0CD10A4BC458E3
:10450800002C0ED0236800225B69310020009847F8
:10451800002804D00121280004F0F0FE70BDA46832
:0C452800EEE72100F7E7C0468C0500001C
:1045340070B50E0005000021074BC458002C07D0AD
:104544002368310020009B699847A4680100F5E7BF
:0C455400280004F0DFFF70BD8C050000A3
:10456000F8B505000E001700084BC458002C07D002
:1045700023682000DB693A0031009847A468F5E71A
:104580002800012105F034F8F8BDC0468C05000074
:10459000F0B5002187B0040005F0A2FA6B460022B6
:1045A000DA80238901A9A588E28889260B731B0A72
:1045B0004B730F4BEF27CB81042376000E80113E07
:1045C000FF3ECE704E710D728A72FF330A34013E87
:1045D0002D0A120AC871CA720F718E714D720B8248
:1045E000122220000EF0B8FB200007B0F0BDC0463C
:0445F00001020000C4
:1045F400F8B506000C000500002730000FF030F974
:10460400AB1B984205D92B786770237001350234AF
:08461400F3E74000C0B2F8BD5D
:10461C0070B504000C4BC558002D07D02B68280032
:10462C005B6A9847002802D1AD68F5E72800A925F8
:10463C00064BED006353064BE118FFF7D5FF635DA6
:10464C00C0186055601970BD8C0500000203000095
:04465C004A0500000B
:1046600070B5A125064BED004353064B0400C1185D
:104670000548FFF7BFFF635DC0186055601970BD46
:0C468000020300000A05000094890110EC
:10468C0070B59925064BED004353064B0400C0183A
:10469C00FFF7A8FB635DC0186055601970BDC0467C
:0846AC0002030000CA04000033
:1046B4000023F0B587B003A98B71B123DB00C35C81
:1046C40005000B7101234B71BF33CB713A330B726D
:1046D400CE2309249B00154AC718039238000922E7
:1046E4000EF038FB124BEE58002E17D03368002121
:1046F4009B6830009847C37882781B021343093BB8
:104704000193CE2301009B00E01828180931019A77
:104714000EF020FB019BB668E418E5E73800054B72
:10472400EC54054B2412EC5407B0F0BD0902FFFF12
:0C4734008C0500003A0300003B0300006D
:1047400073B504000D0016000BF018FB80235B000E
:10475000010000932A003300200005F085FE024B83
:0C4760002000236076BDC046B089011027
:10476C0010B50E4A04008358002B12D18150B1238E
:10477C00DB00E25C48790A71E25C1218E2540B68C7
:10478C0008009B6A9847238918182081012010BDC6
:10479C0013009A68002AFBD19960E8E78C050000A9
:1047AC001FB5040005F08EF90100684604F0F6FA16
:1047BC004021684604F06CFB074BE458002C06D0F3
:1047CC00236820001B6A69469847A468F6E7684688
:0C47DC0004F0EBFA1FBDC0468C05000085
:1047E80010B50400FFF7DEFF200005F00FF910BD3B
:1047F80070B50D4D2B78BFF35B8F0C4CDB0711D4D4
:10480800280007F031F800280CD0C0220849200001
:10481800FFF792FF280007F049F8064A06492000EA
:1048280007F00EF8200070BD481C00200C20002066
:0C4838008A2E000058030020814400106C
:0E48440010B5FFF7D7FF03685B6F984710BDF4
:0E48520010B5FFF7D0FF03689B6F984710BDAD
:0E48600010B5FFF7C9FF0368DB6F984710BD66
:10486E0010B50C00FFF7C1FF210005F04EF910BD89
:10487E0070B515001E000C00FFF7B7FF33002A00BD
:08488E00210005F07EFA70BD67
:1048960010B50C00FFF7ADFF210005F0D6FA10BDEC
:1048A60070B515001E000C00FFF7A3FF33002A00A9
:0848B600210005F00CFB70BDB0
:1048BE0010B50C00FFF799FF210005F06CFB10BD41
:0848CE0010B504F0F0FB10BD71
:0848D60010B504F002FC10BD56
:0848DE0010B504F0D6FB10BD7B
:0248E600704719
:0248E800704717
:0248EA00704715
:0848EC00436A78331878704725
:0648F400FC30806A7047F1
:0448FA0001207047E2
:0849000000487047888B01108C
:10490800F0B505009BB007AC4B220F00200000213A
:104918000EF0B0FA2B00FC339B6A05215A1E934116
:1049280000202E795B421940731CDBB20193AB7BEC
:1049380002932B7B03936B7B0493874200D0A5E003
:104948006176534906A86183102161770B39E177B5
:104958002421471D0922F9772527627406A8053AFC
:10496800C019A274033A027006A8C71D0320494B58
:10497800F8772380BF3BFF3BA370812308AFFA770A
:1049880004275B00A380823BE37162754E3B22766D
:10499800A27706A80832121823722A3BD7776372C7
:1049A8000A220333A3723C4B06A8A38102231218E0
:1049B800D1770591073706A97F18FB7706270521C8
:1049C80009A8C77711A801702D2006A9401824212D
:1049D800E672A373E674A375E37501702E2006A929
:1049E800401807702F204018694606700E7912A8E3
:1049F80006703126072006A97618307032267618F8
:104A080005213170332606A9761869460F7A06A95A
:104A18003770224E102726863726761837700927D2
:104A280014AE377039260427761837703A26761868
:104A380069460F7906A93770194E1D352687412614
:104A4800761830703B30401805210170432106A8C4
:104A5800091868464426007B0870124906A8801980
:104A6800018011492800D1874A2206A952186946AF
:104A7800097C11704B2206A952181370402219ABF9
:104A88001A7021000B320EF063F928001BB0F0BD3C
:104A98000524000009020000020200000340000093
:0C4AA800020A00000240000007050000A8
:104AB40010B504000A4B08330360FFF79BFE05F0B2
:104AC400EFFB2000D03004F080FA20007C3004F0AA
:104AD4007CFA2000703004F078FA200010BDC04643
:044AE400408B0110F2
:104AE80010B50400FFF7E2FF94212000490007F009
:064AF800FDF8200010BDD6
:084AFE0010B5FFF7AEFE10BD7C
:104B080010B50400024B036004F00EF9200010BD3C
:044B1800788A011086
:104B1C0010B50400FFF7F2FF2000282107F0E4F89D
:044B2C00200010BD98
:104B300010B50400024B036004F0FAF8200010BD29
:044B4000488A01108E
:104B440010B50400FFF7F2FF2000342107F0D0F87D
:044B5400200010BD70
:104B580010B50400024B036004F0E6F8200010BD15
:044B6800608A01104E
:104B6C0010B50400FFF7F2FF2000382107F0BCF865
:044B7C00200010BD48
:104B800070B50D000400072217490F300EF0E4F84D
:104B900040220221280004F073F9402220730221F0
:104BA000280004F074F9402260730321280004F007
:104BB00067F9A073280004F0FFF8002804D1AF22A1
:104BC0000A490B4806F0FCFA220021000023783243
:104BD00085311165536513701373D93450321374D2
:104BE0005465936570BDC046948A0110228B0110F4
:044BF0002D8B0110F8
:104BF400F0B504000E0087B01500FFF72FFEF28811
:104C040023799A4236D1002D34D173780593012B40
:104C14002DD1F378202B26D13789072F23D12300D8
:104C24000F33039307333A001900039804930EF0EB
:104C34006BF8059D002816D03A00049903980EF0ED
:104C440089F8217CE07B09020918607CE77C000478
:104C54000918A07C0097000609182068237D476B7B
:104C6400627D2000B847F378212B00D1012528006C
:084C740007B0F0BD0025FAE7CE
:104C7C0070B50400FFF7EEFDFFF7B8FD217B05F0E2
:104C8C008BF923002200C833853225001A602000DE
:104C9C0000234732843513607C302B7004F049F9C3
:104CAC002B78002B03D123682000DB6B984770BD59
:104CBC0070B504002500FC35FFF7CCFD6E6A002EA4
:104CCC0005D0DE220E49FF320E4806F073FA23009F
:104CDC00D9332B62FFF78AFD617B05F0B3F868626C
:104CEC0025002000D8352E70D03004F022F92B7816
:104CFC00002B03D1236820009B6B984770BDC046E6
:084D0C00228B01109B8A0110AB
:064D14000023C36070479C
:104D1C00022370B543710023040083600C4B150013
:104D2C0008330360703004F0F7F820007C3004F096
:104D3C00F3F82000D03004F0EFF82300FC339D6230
:104D4C00FFF754FD2100FFF70BFD200070BDC0469E
:044D5C00408B011077
:104D600070B504000D00FFF77BFD230078331D7044
:104D7000002D42D1260084363378002B05D0FFF772
:104D80003BFD217B04F0C8FE357023002200250086
:104D90000026C83385327C3528001A605E6004F036
:104DA000CEF8280004F0C4F8B04205D1A22215497B
:104DB0001548520006F004FA2500D8352B78002B50
:104DC00005D0FFF719FD217B04F0A6FE2E7023000D
:104DD0002200FC33D93225001A620022D035280087
:104DE0005A6204F0ACF8280004F0A2F8002804D1BC
:104DF000A722044952000548DCE72000703004F087
:104E00009EF870BD228B0110A98A0110BA8A011088
:104E100010B50400FFF724FD00212000FFF7A0FFDC
:024E200010BDC3
:104E220070B50D000400FFF71AFD042D03D0002118
:084E32002000FFF794FF70BDA2
:104E3A00F8B5040016000D001F00FFF70CFD04234F
:104E4A003370EA88237900209A4210D16A78012ABD
:104E5A000DD1EB78212B06D0222B09D0202B19D18A
:104E6A003070163401E032700F3407203C60F8BD10
:104E7A00A988114000D011002000FFF76CFF012221
:104E8A00AB8800201340E366AB8892181340A366F0
:0A4E9A003270ECE703233370E9E700
:104EA40010B504008AB0FFF7CBFC684603F02CFF72
:104EB40020000A4B694670300093099404F054F8BA
:104EC4002000FFF7C4FC064B00211A68684603F073
:104ED400DFFE6846FFF716FE0AB010BD788A01109F
:044EE40068880110C9
:104EE80070B504000E008EB01500FFF7A7FC01A8EE
:104EF80003F008FF20000B9600260D4B01A90C9526
:104F08007C300DAD01930A942E7004F02BF820002C
:104F1800FFF79BFC074B31001A6801A803F0B6FEA7
:104F28002C7801A8FFF700FE20000EB070BDC04627
:084F3800488A0110688801108D
:104F400070B5040025008435FFF78AFC2B78002B10
:104F500010D12600CC363368002B0BD0FFF74CFC69
:104F60002200217B8532336804F0B4FF002801D091
:064F700001232B7070BD4F
:104F7600F0B585B01F000AAB1B78040003930291BD
:104F86000192FFF75CFC00233B60230078331B781B
:104F9600002B21D0230084331B78002B1CD1260044
:104FA6004025CC363368ED1A019B9D4200D91D0081
:104FB600019B002B06D02300C83318682A000299EB
:104FC6000DF0C7FE33685B193360039B3D60002B11
:104FD60002D02000FFF7B1FF2000FFF737FC05B035
:024FE600F0BD1C
:104FE800F0B50400406A85B0030078331D780126C7
:104FF800002D05D1303425703500280005B0F0BDEE
:105008000027009603ABE26AA16A0397FFF7AFFF98
:10501800039AE36AA16A9B1A8A18E362A262BB42F6
:1050280002D130342670E8E7606AFFF785FF3D005B
:02503800E3E7AC
:10503C00F0B51C0093B0019205000F00FFF7FCFBCC
:10504C0063426341DBB20093002C00D103AC002619
:10505C0004A8266003F054FE6A46109428003D24F0
:10506C000F4B12780493019B04A90F9311AB1A7088
:10507C0002ABE418D03026700D950E9703F070FF3C
:10508C002800FFF7E0FB074B31001A6804A803F077
:10509C00FBFD247804A8FFF759FD200013B0F0BDE8
:0850AC00608A01106888011000
:1050B400030070B5FC335B6A0400002B0ED10500BD
:1050C400D8352B78002B09D1FFF794FB220040231D
:0E50D400D932617B04F05AFE01232B7070BDAF
:1050E200F8B506001F0000233B60330078331B78BD
:1050F2000800002B19D03300D8331B78002B14D1B1
:105102003400FC34656A954200D915002A00216AF0
:105112000DF021FE3D60236A5B192362636A5D1B09
:0C512200656202D13000FFF7C4FFF8BD49
:10512E0037B50400406A030078331D78002D04D192
:10513E0035342570013528003EBD0023E26A019307
:10514E00A16A01ABFFF7C6FF019BA26AD218A26249
:10515E00226B1168CB181360E36A01995B1A210068
:10516E00E36234310978002902D11268002A01D194
:10517E00002B03D1012335342370DCE7606AFFF77F
:06518E0092FF0025D7E7A7
:0E51940010B504000021FFF7BBFD200010BD88
:0C51A20010B50400FFF7F5FF200010BD61
:1051AE0010B542680368086854100019D20701D57B
:0851BE000268D358984710BDA8
:0C51C60010B501000430FFF7EFFF10BD32
:1051D40010B5024BC3601CC91CC010BD888A0110E5
:1051E40010B586B00400684603910092436004AB96
:1051F40006C806C3200003A9FFF7EAFF200006B093
:0252040010BDDB
:0C52060013B50400FFF7EBFF200016BDFD
:10521400F0B58BB00400FFF721FBFFF7EBFA0600B3
:1052240006ADA77B00212800FFF7B9FF390003234F
:1052340040220095300005F0A1F82800FEF7F7FCA5
:10524400FFF7D8FA0700267B21002800174A00231D
:10525400FFF7D7FF3100022340220095380005F004
:105264008DF82800FEF7E3FCFFF7C4FA0600677B1D
:10527400210028000E4A0023FFF7C3FF3900022350
:1052840040220095300005F079F82800FEF7CFFCA5
:10529400FFF7B0FA2200FC32617B4023126A04F06B
:1052A40075FD0120D83420700BB0F0BD7D4C00108A
:0452B400BD4C0010DD
:0852B80010B5FFF784FF10BDE3
:0852C00010B5FFF7F9FF10BD66
:1052C80010B503689B6C984710BD08B4024B9C4608
:1052D800024BC01A08BC6047C952001040010000C8
:0452E8007047704754
:0452EC007047704750
:1052F00010B504000120783400F0FAFC207810BDCD
:1053000008B4034B9C46034BC01A08BC6047C04618
:08531000F15200104001000001
:10531800012270B501235242FF210B4806F082FE9C
:1053280000F0D2FC0500094C78342378002B03D018
:10533800012000F0D9FCF8E700F0C6FC401BC728A4
:10534800F6D9FEF761FD70BDB41D00201C170020C2
:1053580007B50122019101A9FFF7C2FD002801D07C
:0A53680001980EBD01204042FBE752
:1053740008B4034B9C46034BC01A08BC6047C046A4
:0853840059530010280100003C
:10538C0013B56B46DC1D0023012221002370FFF7AF
:10539C004FFE002801D0207816BD01204042FBE7CB
:1053AC0008B4034B9C46034BC01A08BC6047C0466C
:0853BC008D53001028010000D0
:1053C400F7B5040001930E001500FFF747FA9C237C
:1053D4009B00E758002F04D0089B019A2900300055
:1053E400B84798239B00E650019A0433E5500433F0
:0A53F400E250089A0433E250F7BDBE
:10540000962310B5DB00984203D10121014806F034
:08541000EFFD10BDB41D0020EA
:045418000068704771
:04541C000C30704799
:0C54200010B5FFF7FBFF0023036010BD78
:10542C00CB6810B5C360002B01D05B68984710BDEA
:10543C0070B50500FFF700FA2B000024D8331B7859
:10544C00A34205D12B00FC335C6A402C00D94024CC
:0A545C002800FFF7F8F9200070BDEA
:0654660078300078704769
:10546C00F0B585B003930AAB1E880BAB04001F8804
:10547C000D0002920AF07CFC039B0100029A01973A
:10548C0000962000FFF744FC200029300021FF305B
:10549C0005F0C6FC2300FA2200264133FF339200AC
:1054AC005E609A60184B194A23602300FC33DA6261
:1054BC00174A20001A63174A51305A64802231006F
:1054CC00FF3052000DF0D4FC93239B00E3185E6078
:1054DC009E60DE609D239B00E6184033E718300089
:1054EC001036FFF751FEBE42F9D1AD2200239200D7
:1054FC00A350443AA3509D4202D02000FFF7CCFCAD
:10550C00200005B0F0BDC046508C0110C88C0110B5
:08551C00288D0110388D0110EB
:10552400104B70B5036003000F4AFC33DA620F4A74
:1055340004001A630E4A5A649D239B00C618403324
:10554400C518AE4204D0103D2800FEF770FBF8E702
:1055540020002930FF3005F093FC2000FFF7A8FA63
:10556400200070BD508C0110C88C0110288D0110D2
:04557400388D01105D
:1055780008B4034B9C46034BC01A08BC6047C0469E
:08558800255500102801000068
:1055900008B4034B9C46034BC01A08BC6047C04686
:0855A000255500102C0100004C
:1055A80010B50400FFF7BAFFAE212000890006F00D
:0655B8009DFB200010BD68
:1055C00008B4034B9C46034BC01A08BC6047C04656
:0855D000A95500102C01000098
:1055D80008B4034B9C46034BC01A08BC6047C0463E
:0855E800A95500102801000084
:1055F00070B504000D00884205D0FEF789FA290035
:0A5600002000FFF713FF200070BD2B
:10560A0010B5FFF706FF0068431E9841C0B210BDEF
:10561C0010B50400FFF7F3FF002804D1054A064932
:10562C00064805F0C7FDE068FFF7F0FE0300200018
:10563C00984710BD02020000318C01103C8C011007
:10564C00F8B5AD2706000025FFF704F9BF00F359A4
:10565C00AB420ED99D2292002B01B418E418200005
:10566C00FFF7CDFF002804D02000FFF7D1FF013554
:04567C00EDE7F8BDA1
:1056800010B5044B0822C3600B68002108C00DF060
:08569000F5FB10BDAC8B01100D
:1056980013B504000191002903D1FFF7BDFE2000D6
:0A56A80016BD01A9FFF7E8FFF9E7BE
:1056B20010B542680368086854100019D20701D572
:0856C2000268D358984710BD9F
:0C56CA0010B501000430FFF7EFFF10BD29
:1056D80010B5024BC3601CC91CC010BDA08B0110C3
:1056E80010B586B00400684603910092436004AB8D
:1056F80006C806C3200003A9FFF7EAFF200006B08A
:0257080010BDD2
:0C570A0013B50400FFF7EBFF200016BDF4
:1057180030B589B00400FFF791F89C23274A9B0015
:10572800E2502000FFF791F80023254A210004A841
:10573800FFF7E7FF2000FFF781F8AD239B00E05853
:10574800032808D8421CE2500001403BC01820182A
:1057580004A9FFF749FF2000FFF777F804A8FEF730
:1057680064FABC2006F08EFA0500164B08C0FFF755
:105778000DFD28000021403006F0E0FC28005430E0
:1057880006F078FC8022104B52000093280000237A
:10579800182106F04DFD97239B00E5500B4904A8FE
:1057A800FFF776FF04A9280006F09AFD04A8FEF783
:1057B8003CFA2000FEF762FC09B030BD015400102D
:1057C800854000103CA10110B88B0110195300103E
:1057D80008B4034B9C46034BC01A08BC6047C0463C
:0857E8001957001040010000F8
:0857F00010B50368984710BDD5
:0857F80010B5FFF7F9FF10BD29
:0858000010B5FFF762FF10BDB7
:0858080010B5FFF7F9FF10BD18
:1058100037B50E4C200006F0E1FB0D4D0D492A0076
:10582000200006F011F8012201920B4AF8230092A1
:1058300000220A4C5B0111002000FFF717FE2A002E
:105840000749200006F000F837BDC046B41D00200F
:1058500058030020FBBF0010122000001C1700207E
:0458600025550010BA
:0658640010B50BF0C1FDC0
:10586A0010B51C00431A0298511A001B5843FAF744
:06587A008AFE001910BDBA
:10588000F0B589B00191037D0400012B00D08AE0BE
:10589000021D0292100001220493002352421C00B8
:1058A0001500049E03920178002900D06EE0417833
:1058B000002900D06AE0511C65D001335BB2049925
:1058C0008B4201DD049303920134E1B202304CB209
:1058D0000829E8D100263700039BBB4204DC049B67
:1058E000039A9B18BB4253DC0F22029B1D782B119D
:1058F0001540029ADCB25278111107916946097F6E
:1059000005910F2111400691002B08D0210057313D
:10591000092B00DC2739019800F0C0F836182C4319
:1059200008D029005731092D00D82739019800F0F7
:10593000B5F83618059B1C430AD01900079B573150
:10594000092B01DC05993031019800F0A7F83618D1
:105950000699069B5731092B01D81900303101985F
:1059600000F09CF83618072F04D03A21019800F077
:1059700095F83618029B013702330293082FABD1FA
:10598000300009B0F0BD2200330098E72A009BE701
:10599000039BBB42EED1002BE7D13A21019800F0E6
:1059A0007DF83618E1E703000500002613331035B3
:1059B000029329780A22019800F0C2F82E210700EC
:1059C000019800F06BF8029B3F180135F6199D42D3
:1059D000EFD1E17C0A22019800F0B2F83618CFE747
:1059E00010B50400054B0175083303601022002137
:1059F00004300DF043FA200010BDC046648D011044
:105A0000F7B50F0000211D0008AB1B7804000193BF
:105A1000084B16000833036001750C2204300DF0AA
:105A20002DFA6B461B7927746674A5742000E37405
:085A3000FEBDC046648D0110AB
:105A380007B501210548FFF7CFFF00210448009171
:105A48000B000A00FFF7D8FF07BDC0464C1E002018
:045A5800641E0020A8
:105A5C0070B5040008000D000DF0FEFE2368020076
:0A5A6C0029005B682000984770BD18
:105A760010B50B1E02D0FFF7EEFF0300180010BD95
:0E5A860010B503688A685B680968984710BD10
:085A940010B5FFF7EEFF10BD95
:0A5A9C0010B503681B68984710BDA1
:105AA80010B50249FFF7D6FF10BDC046708D011032
:105AB80070B50500FFF7E3FF04002800FFF7F0FFCB
:045AC800201870BD75
:105ACC0070B50400FFF7D1FF05002000FFF7E6FFDB
:045ADC00401970BD40
:105AE000F0B58BB06B461500002205330600DA775F
:105AF0000800012D00D80A2509AC2900FAF744FD59
:105B0000CAB2130037330700DBB2092902D81300E9
:105B10003033DBB2013C2370002FEED12100300086
:085B2000FFF7A9FF0BB0F0BD77
:105B280010B5002A04D10368C9B21B68984710BD94
:085B3800D2B2FFF7D1FFFAE73A
:085B400010B5FFF7F1FF10BDE5
:085B480010B5FFF7EDFF10BDE1
:105B500010B504000068002801D00CF0CDFD200035
:025B600010BD76
:105B620010B504000068002801D00CF0C4FD002329
:085B72002360A360636010BD15
:105B7A0070B504000D00006801310DF048FA031EEB
:085B8A0001D0012028C470BD08
:105B9200036810B50400002B04D043688B4201D384
:105BA200012010BD2000FFF7E7FF0028F9D0A3680D
:0A5BB200002BF5D122681370F3E711
:105BBC0070B50E00110004001500FFF7E4FF00287B
:105BCC0004D12000FFF7C7FF200070BD2A00310070
:105BDC00A56020680DF0BAF800232268A168535420
:025BEC00F2E7DE
:105BEE00002370B504000D0003604360836099428A
:105BFE0007D008000DF02FFE290002002000FFF74D
:065C0E00D6FF200070BD6E
:105C1400F7B5040001911600002902D100252800DF
:105C2400FEBD0125002AFAD08368D7183900FFF792
:105C3400AEFF051EF2D02368A268019998183200BD
:0E5C44000DF088F800222368A760DA55E7E724
:105C520010B58A6809680400FFF7DBFF002802D14B
:0A5C62002000FFF77DFF200010BDB9
:105C6C0010B500F043F8FEF7BCF8FEF7BFFDFEF7E9
:105C7C00B5FDE12106484902FFF748FDFDF718FD87
:105C8C00FDF792FB034B002BFAD000E000BFF7E7C7
:085C9C001C17002000000000AD
:105CA40010B50400FEF79FF8844203D2034B24018D
:105CB400E05E10BD01204042FBE7C046C003002067
:0C5CC40010B5040002F050FE200010BDDE
:105CD00007B50649684602F088FE00980199FA2245
:105CE00000239200FAF7D4FD0EBDC04688110020B3
:085CF00010B506F05BFA10BDCF
:105CF80010B5044C200002F041FE200002F03EFEE8
:085D080010BDC0468811002007
:105D100010B5054C200002F0A5FE044A04492000FD
:105D200005F092FD10BDC0468811002058030020E8
:045D3000C55C00103E
:105D340070B50400FEF757F8844202D301204042B4
:105D440070BDFEF750F88442F8D2144A192C14D8C6
:105D540023001A331B01D55E6B1CEFD0104BE400FB
:105D64001C196668002E0ED0300002F0BDF90D4BF0
:105D74001A6810239B1A1841E2E72301D55E1A3CE6
:105D84006B1CEBD1DAE70C2005F07EFF0600064A17
:105D9400290002F0CDF96660E6E7C046C0030020A2
:0C5DA400A0030020A00500200000C07F2C
:105DB000F7B504000D00FEF718F884422ED21A4EF3
:105DC0002701F319D868002802D0042105F092FFBA
:105DD0002000FFF767FF0190042005F057FF002324
:105DE0000400038083700199F61904F050FCF460FC
:105DF000012D10D0002D06D0022D10D0200002F071
:105E0000C6F9022103E0200002F0C1F929002000B8
:105E100002F0C8F902E0200002F0AEF9F7BD200060
:0C5E200002F0B5F90121F2E7C0030020F8
:105E2C00F7B507000E00FDF7DAFF87421AD20E4DC8
:105E3C003B01ED18EC68002C10D13800FFF72CFF5B
:105E4C000700042005F01CFF00230400038083706E
:105E5C0001220096390004F033FCEC603100200084
:0C5E6C000AF06EF8F7BDC046C00300202D
:105E7800F7B50500FDF7B5FF002485421AD20E4F8D
:105E88002B01FF18FE68A64210D12800FFF706FF75
:105E98000500042005F0F6FE060004808470230047
:105EA80000942200290004F00DFCFE6030000AF086
:0C5EB80055F8C4B22000FEBDC00300205D
:105EC400010010B5002807D10420404200F0D5F9A4
:105ED40004235B42180010BD132001F0EFFD0023E2
:105EE4009842F7D10120404200F0C7F90123F0E7BE
:105EF40080B5EFF30583002B03D1EFF31083002B60
:105F040006D00620404200F0B8F90620404280BD89
:0C5F1400014F00DFFBE7C046C55E001037
:105F200070B5051E18D084680268002C10D00321BB
:105F300023000B400C4203D1C16815000F2923D860
:105F400009210020494202F04BF80024200070BDD6
:105F5000C368002BF4D11500114B1A009032106861
:105F600000280AD000F04FFB0400012300280BD1C9
:105F70000521494202F034F8E8E7043301221021F8
:105F8000D86F00F0C2FAEFE7F322A370002322706B
:105F9000A360E360034A024B65605A66D6E7C046D9
:085FA000A405002001600010BF
:105FA80070B50300022510000124284014402A423D
:105FB80014D1EFF3108672B61A6815000D40002C44
:105FC80006D0A94206D1100088431860100001E0ED
:105FD800281EF8D1002E00D162B670BD18680300E3
:105FE8000B40002C03D09942F7D00020F5E75A1E49
:085FF80093415B421840F0E701
:10600000F8B505008468002C00D1F8BD2800231DD8
:10601000DA7F616A0C30A768FFF7C6FF061E07D05B
:10602000200001F011FB00223100200001F0A6FC4D
:046030003C00E8E761
:10603400F8B504000D0016001F00002804D00378F2
:10604400F32B01D1002907DA04212000494201F091
:10605400C5FF04204042F8BD0C30FFF7A3FF002821
:10606400F9D1002F10D03900433001F027FD00286A
:1060740008D0064B20005F69390001F0C3FA0437E9
:106084003D62FE770220E5E70320E3E7A405002054
:1060940070B5041E02D00378F32B08D0042120002D
:1060A4000425494201F09AFF6D42280070BD8368BF
:1060B400002B0DD003256D42200001F0B9FA002217
:1060C400290001F059FCA0680028F5D101F024FB57
:1060D4000025A3782570DB07E7D5084B1A0090321A
:1060E4001068A84203D0210000F09DFADDE70433D4
:1060F4002100D86F00F03DFAD7E7C046A405002080
:10610400F7B50C00002804D00378F32B01D1002943
:1061140007DA04210424494201F060FF64422000AC
:10612400FEBD03000C330093EFF3108372B6C26814
:106134001443C460002B00D162B68568002D03D1DE
:10614400280001F0E9FAEAE7AB682F1D0193FA7F12
:10615400696A0098FFF726FF061E0ED00222FB7F15
:106164000400134201D16B6A9C43280001F06AFACF
:0E61740000223100280001F0FFFB019DDEE754
:1061840080B5EFF30583002B03D1EFF31083002BCD
:1061940006D006210020494201F020FF002080BDE6
:0C61A400014F00DFFBE7C046215F001048
:1061B000B0B5EFF30583002B03D1EFF31083002B71
:1061C0001AD0002804D00378F32B01D1002907DA74
:1061D00004210424494201F003FF64422000B0BDC1
:1061E000EFF3108372B6C4680C43C460002B00D177
:1061F00062B601F0F7F8F1E7014F00DF0400EDE7C8
:046200000561001024
:10620400B0B5EFF30584002C03D1EFF31084002C18
:1062140016D0002806D00478F32C03D1002B01D12A
:10622400002906DA0421494201F0D8FE0420404244
:10623400B0BD0C30FFF7B6FE0028F9D10338F7E7FC
:0C624400014F00DFF4E7C0463560001099
:1062500080B5EFF30583002B03D1EFF31083002B00
:1062600006D00621494201F0BBFE0620404280BD17
:0C627000014F00DFFBE7C0469560001006
:02627C00704769
:02627E00704767
:1062800073B5514C0020237A012B06D0834205D0F0
:10629000013801F095FE0120404276BD4B4DEB6880
:1062A0002A8AE365230054331A80AB68296B236480
:1062B000EB6A1800019300F00DF9002802D0019A52
:1062C000231DDA676E69A969300000F003F9002820
:1062D00001D1231DDE6F6667EE69296A300000F088
:1062E000F9F8002801D1231DDE6FA6676E6AA96A3E
:1062F000300000F0EFF8002801D1231DDE6FE667C3
:106300006E6B002E08D0F3683000B268316800F080
:1063100053F923000833DE67AE6B002E08D0F36814
:106320003000B268316800F047F9230088331E60FE
:10633000EE6B002E08D0F3683000B268316800F0D0
:106340003BF923008C331E602E6C002E08D0F368BE
:106350003000B268316800F02FF9230090331E60DE
:106360006E6C002E08D0F3683000B268316800F01F
:1063700023F9230094331E60AE6C002E08D0F3681E
:106380003000B268316800F017F9230098331E60BE
:10639000EE6C002E08D0F3683000B268316800F06F
:1063A0000BF923009C331E602D6D002D08D0EB6887
:1063B0002800AA68296800F0FFF82300A0331D60B8
:1063C00001230020237268E7A4050020088501103E
:1063D000F7B51E4C0720257A012D04D101F0A6FB4C
:1063E000002807D101200126404201F0E9FD764254
:1063F0003000FEBDFF23164A1B04116A154F0B43E4
:106400001362136AD1695B029B0E9B060B4378688B
:106410001149D36101F068FC061EE3D101F0A8FC2C
:10642000206101F089FC0D4801F004F901F06EF9DA
:106430003B6801932B4207D0022383F31488BFF3F8
:106440006F8F02232372D3E70323F6E7A40500200E
:1064500000ED00E008850110D5030010C005002004
:02646000704783
:1064620070B50D000400FFF708FF2900200001F0BD
:0464720068FD70BD94
:1064780080B5FFF7F1FFEFF30583002B03D1EFF3AE
:106488001083002B06D00620404201F095FD06201F
:10649800404280BD014F00DFFBE7C046816200102B
:1064A80080B5EFF30583002B03D1EFF31083002BA6
:1064B80006D00620404201F07FFD0620404280BD04
:0C64C800014F00DFFBE7C046D16300106D
:1064D400030010B5002813D002000A43072410005B
:1064E400204022420DD117290AD9102219600839F7
:1064F400C91899605A60086099684A60D860012098
:0665040010BD0020FCE7C1
:10650A000300F0B5002817D0081E15D00326140082
:10651A000020B44384420FD11D000F31073081435C
:10652A0008352C002D686768281BB743C01B8142B9
:10653A0003D928680028F4D1F0BD58681E680818E5
:10654A0058609B19083B5E68B04200D95860606881
:10655A000A43002803D1200062600830ECE70323D5
:0C656A0098432018056042602060F6E7AE
:10657600020010B5002812D0081E10D01300002407
:10658600083908338B420BD1032158688843010030
:106596005068411A5160002C08D15C60012010BD82
:1065A60018681C000028FAD00300EBE71B6823607C
:0265B600F4E708
:1065B80030B504000800002C1BD0002914D0002A94
:1065C80019D0002B19D021600021616011004143CE
:1065D8005D18A260E360636125611C000138002832
:1065E80003D18A1A9850013030BDA51825602C00B7
:0E65F800F4E72000F8E71000F6E71800F4E7DB
:106606000300EFF3108100280BD072B64069002812
:1066160004D002685A615A6801325A60002900D1D2
:0466260062B67047A1
:10662A00EFF31082002811D0C3688B420ED8036999
:10663A008B420BD972B643690B6043684161013BD7
:10664A0043600020824200D162B670470420404273
:02665A00FBE75C
:10665C0070B5EFF31085036B002B1DD00024CE78A2
:10666C00DA78B24210D31A004A608C60002A11D03A
:10667C009160002C13D0616072B6836A013383621F
:10668C00002D00D162B670BD5A681C00002AEBD0F8
:10669C001300E5E7C162ECE74B608B60C1620163FC
:0266AC00EAE71B
:1066AE00EFF3108372B6826A002A11D0511E8162F6
:1066BE00002B0FD00122C06A00280ED072B681784E
:1066CE008270002B00D162B6002907D08068F3E7F4
:0E66DE00002B02D162B6002AECD100207047DA
:1066EC004B688A68002B05D09A608A68002A03D010
:0C66FC0053607047C262F8E70363FAE7DE
:10670800F8B587780400002F31D0C56800262F001F
:1067180001000C372800FFF7E5FF2100380026703C
:10672800FFF77FFFAB68B34246D03800FFF767FF3B
:106738000400B04240D0280000F078FF0700320083
:10674800310001F017F9380000F0D8FF07002000E9
:106758006A6AB9680C300CF0FBFAF923A67023704A
:10676800FB68E37021002800FFF774FF24E08568C8
:10677800AB68002BF6D05B78832BF3D1280000F0B0
:1067880055FF06003A00390001F0F4F8300000F037
:10679800B5FF210006006A6A80680C310CF0D8FA4F
:1067A800F368002B01D0E2781A700023280021003A
:0A67B80023700C30FFF735FFF8BD29
:1067C400F7B504000E0017000193002804D00378E5
:1067D400FA2B01D1002907D104212000494201F0FC
:1067E40017FC042040421AE08368002B18D05B7821
:1067F400832B15D100F01CFF05000122002101F0BC
:10680400BBF8280000F07CFF05003100626A806854
:106814000CF0A0FA0020EB68834200D01F70FEBD8C
:106824000C30FFF7EEFE051E0FD03100626A0C300B
:106834000CF090FA0026F923200029002B70AE708A
:10684400EF70FFF709FF3000E9E7019B0320002BFD
:10685400C8D01900932001F031F9002808D0054B65
:106864002000596900F0CEFEEFF309839E60DF60DB
:086874000220B7E7A405002093
:10687C00F7B504000F0016000193002804D003782C
:10688C00FA2B01D1002907D104212000494201F043
:10689C00BBFB042040421DE0FFF703FF051E3BD06D
:1068AC0001002000FFF71CFF29003800626A0C3140
:1068BC000CF04CFA002E01D0EB7833702700002638
:1068CC000C37290038002E70FFF7A9FEA368B342DD
:1068DC0001D10020FEBD3800FFF78FFE051EF8D059
:1068EC00200000F0A1FE07003100012201F040F869
:1068FC00380000F001FF07002800B968626A0C300C
:10690C000CF024FAF923AE702B70FB6829002000E0
:10691C00EB70FFF79DFEDCE7019B0320002BB9D049
:10692C001900832001F0C6F8002808D0054B200080
:10693C00596900F063FEEFF309839F60DE6002206B
:08694C00A8E7C046A4050020E5
:10695400F0B587B007001600019100280AD000297D
:1069640008D0F9F755FF04000198F9F751FF001911
:106974001F2806DC04210020494201F049FB0024C1
:106984007BE00322019B033393430C3305937B4346
:106994000293002E22D0B468002C06D0144202D1F7
:1069A400F368332B04D80921E5E7F368002BFAD107
:1069B4003368356972690393002D09D003212B00D4
:1069C4000B400D4202D10299914259D90A21D2E7D2
:1069D400002AFBD1002C03D004920FE0350003966B
:1069E400294B1A00A032106800281CD0FFF709FEBA
:1069F400041E16D00123002D29D10493224E002217
:106A04000299F06FFFF77FFD051E19D1049B002B3F
:106A140007D03300A033186800280BD02100FFF7FB
:106A240002FE0521A7E7043301223421D86FFFF7C2
:106A34006AFDDDE704362100F06FFFF79AFDF0E709
:106A4400029A00210CF018FA0223049A1343FA2242
:106A5400A370039B2000636000232270019AA3604B
:106A64006262A362059AE362236339002B000C304F
:106A7400FFF7A0FD044B054A1A67200007B0F0BDDC
:106A8400002CE4D1ACE7C046A4050020096700103F
:106A9400064B10B59A6ED86E0821FFF759FF044BC8
:106AA400D86443425841404210BDC0460885011095
:046AB400A405002015
:106AB800F7B505000E0001920093EFF30583002B54
:106AC80003D1EFF31083002B29D0002D07D02B78AA
:106AD800FA2B04D1002E02D0009B002B07D00421F2
:106AE8002800494201F092FA0420404216E02800AA
:106AF8000C30FFF784FD041E16D031006A6A0C3092
:106B08000CF026F9F9232370009B2000A370019B49
:106B18006660E370A56000F061FC0098FEBD019A14
:106B2800009B024F00DFF9E70320DEE7C56700108E
:106B3800F7B504000E000192EFF30582002A03D195
:106B4800EFF31082002A27D0002C06D02278FA2AE8
:106B580003D1002E01D0002B07D004212000494288
:106B680001F054FA0420404215E02000FFF79BFD95
:106B7800051E15D00100626A30000C310CF0E8F8EF
:106B8800019B002B02D0EB78019A13702800EC606F
:106B980000F024FC0020FEBD019A024F00DFFAE756
:086BA8000320E0E77D68001006
:106BB00070B500283AD0846805684668002C0FD06C
:106BC000032223001340144202D1C2681B2A1CD89E
:106BD00009210020494201F00BFA0024200070BD79
:106BE000C368002BF4D1134B1A00943210680028AC
:106BF00006D1043301221C21D86FFFF786FC01E087
:106C0000FFF701FD041E0CD00123F522A370002321
:106C10002270E6706560A360E360236163612376A0
:106C2000DCE70521494201F0E3F9D7E7050006005A
:086C3000D9E7C046A4050020CD
:106C38002A4B70B55D6904000E00002D06D10821AD
:106C4800494201F0D1F90120404219E0002802D060
:106C58000378F52B06D004212000494201F0C4F93D
:106C68000420F1E7037E002B0BD10361EB6AC560BA
:106C78004361002B00D018610123EC6200202376C9
:106C880070BDC278D1070CD5C168A94209D1FF2BC4
:106C980005D11021494201F0A7F90320D4E70133B7
:106CA800ECE7002EF9D093070BD51F221F21E068CF
:106CB8006B1C9A56431C5956914202DADA7700F057
:106CC800CAFC3100532000F0F7FE002803D0290049
:106CD800200000F095FC0220B6E7C046A40500207D
:106CE800354B70B55B690400002B06D10821494279
:106CF80001F07AF90120404270BD002802D00278E4
:106D0800F52A06D004212000494201F06DF904203B
:106D1800F1E7027E0F21002A03D0C168994206D00C
:106D28000E212000494201F05FF90320E3E7013A10
:106D3800D2B2027600208242DED16269824201D05C
:106D4800216911612169002923D04A6102209A1C16
:106D5800D27FDD6A52B2002D1DD10133DA77A368E4
:106D6800002B11D0200000F061FC06002A00290049
:106D780000F000FEF36AE66025616361002B00D035
:106D88001C610123F4622376002000F0C3FC00207C
:106D9800B2E7DA62DAE7E97801420AD0A96800299D
:106DA80007D00131C97F0E1C49B2914200DA161C86
:0C6DB80072B26D69CFE7C046A405002050
:106DC40070B5041E02D00378F52B08D004212000EE
:106DD4000425494201F00AF96D42280070BD037E82
:106DE400002B1FD06369C068002B01D022691A618F
:106DF4002269002A25D053610225831CDB7FC26AE5
:106E04005BB2002A1FD11F21421C5156994202D065
:106E1400D37700F022FC03256D42A068002822D11C
:106E240000F07AFC0025A3782570DB07D5D5154B37
:106E34001A0094321068A8421DD02100FFF7F3FB1A
:106E4400CBE7C362D8E7D17829420AD091680029F8
:106E540007D00131C97F0E1C49B2994200DA1E1CC9
:106E640073B25269CDE7200000F0E2FB0022290052
:106E740000F082FDD1E704332100D86FFFF779FBDE
:086E8400ABE7C046A4050020A5
:106E8C00F8B50400002C00D1F8BD0822E37867693E
:106E9C00134216D00026A3682676B34211D02000E8
:106EAC0000F0C2FB05003200310000F061FDEB6A1E
:106EBC00E56026616361B34200D01C610123EC6282
:066ECC0023763C00DEE726
:106ED20070B50225C3782B4220D01F22C068431907
:106EE2009A56C46AE3782B420DD0A3688B4200D134
:106EF2008B68002B07D00133DB7F1E1C5BB29342F1
:106F020000DA161C72B26469002CEBD11F21431CFB
:0E6F12005956914202D0DA7700F0A0FB70BD14
:106F200080B5EFF30583002B03D1EFF31083002B23
:106F300006D006210020494201F05AF8002080BD09
:0C6F4000014F00DFFBE7C046B16B001002
:106F4C0080B5EFF30583002B03D1EFF31083002BF7
:106F5C0006D00621494201F045F80620404280BD8A
:0C6F6C00014F00DFFBE7C046396C00104D
:106F780080B5EFF30583002B03D1EFF31083002BCB
:106F880006D00621494201F02FF80620404280BD74
:0C6F9800014F00DFFBE7C046E96C001071
:106FA40080B5EFF30583002B03D1EFF31083002B9F
:106FB40006D00621494201F019F80620404280BD5E
:0C6FC400014F00DFFBE7C046C56D001068
:106FD000F8B5254B1500421E06000F009A4201D855
:106FE000884207D204210020494201F009F8002418
:106FF0002000F8BD002D12D0AC682A68002C0AD001
:10700000032123000B400C4203D1E96815000F292E
:107010001DD80921E7E7EB68002BFAD11500134BC7
:107020001A009832106800280AD0FFF7ECFA040022
:10703000012300280BD10521494200F0E1FFD7E7E9
:10704000043301221021D86FFFF75FFAEFE7F62231
:10705000A37000232270A360054A044B6560A781DA
:10706000E6819A66C4E7C046FEFF0000A405002042
:047070009370001009
:107074000300EFF3108172B602880020824202D02E
:0E708400013A1A800130002900D162B670472F
:10709200836810B50400002B0BD00C30FFF7E9FF1A
:1070A200002806D0200000F0C4FA0022110000F0EF
:0470B20064FC10BDAD
:1070B80070B504000D00002802D00378F62B08D024
:1070C80004212000494200F097FF04235B42180086
:1070D80070BD0C30FFF7CAFF00239842F7D19D42DC
:1070E8000CD02900632000F0E7FC002804D0044BF2
:1070F8002000596900F084FA0223E7E70323E5E753
:04710800A4050020BA
:10710C0070B5041E02D00378F62B08D004212000A1
:10711C000425494200F06EFF6D42280070BD836863
:10712C00002B0DD003256D42200000F07DFA0022CB
:10713C00290000F01DFCA0680028F5D100F0E8FA49
:10714C000025A3782570DB07E7D5084B1A00983289
:10715C001068A84203D02100FFF761FADDE7043381
:10716C002100D86FFFF701FAD7E7C046A40500202D
:10717C0010B5002802D00378F62B06D00421494222
:10718C0000F038FF0420404209E08368002B07D050
:10719C0000F04AFA0122002100F0EAFB002010BDA9
:1071AC00EFF3108172B68289C489944206D90132F8
:1071BC00828118000029F2D162B6F0E7002900D1D3
:0E71CC0062B61121494200F015FF0320DBE7F7
:1071DC0080B5EFF30583002B03D1EFF31083002B65
:1071EC0006D006210020494200F004FF002080BD9B
:0C71FC00014F00DFFBE7C046D16F001020
:10720800B0B50C00EFF30583002B03D1EFF3108327
:10721800002B16D0002804D00378F62B01D1002CBF
:1072280006D00421494200F0E7FE04204042B0BDE8
:107238000C30FFF71BFF03002000002BF7D10320C1
:0C724800F4E7014F00DFF2E7B97000101E
:1072540080B5EFF30583002B03D1EFF31083002BEC
:107264001BD0002802D00378F62B06D00421494213
:1072740000F0C4FE042040420EE0EFF3108272B628
:107284008389C18999420BD901338381002A00D1B2
:1072940062B600F0A5F8002080BD064F00DFFBE7D2
:1072A400002A00D162B61121494200F0A7FE032052
:0872B400E1E7C0467D71001006
:1072BC0080B5EFF30583002B03D1EFF31083002B84
:1072CC0006D00621494200F095FE0620404280BDC2
:0C72DC00014F00DFFBE7C0460D71001001
:1072E80070B500F03BFD1E4CE3680133E36000F02D
:1072F800CFF9002000F00EFA236D002B00D098473C
:10730800226C002A2BD0A369E16B994204D0D96979
:10731800E363002900D1DA61DA69002A1BD1237AF4
:10732800022B1CD1656A002D19D0E36B6A1C01334E
:10733800D27FDB7F52B25BB29A4210D1280000F0B4
:107348007FF9E06B00F09AF9280000F0DBF9236C74
:10735800E563EB6103E0013ADA61002ADFD070BD32
:04736800A405002058
:10736C00F8B51C4B1D001C0054355634288872B6D9
:10737C002288002A04D162B6002000F0C9F9F8BDB9
:10738C001E00013A22805A363188DF6D8A000131A5
:10739C0089B2D25988420ED0318062B6002AEBD025
:1073AC001078F1380828E1D8F9F74EF807E00BE02F
:1073BC00E00D0FE011000021EEE71B6E1000984766
:1073CC00CFE75B6EFAE79B6EF8E7DB6EF6E71B6FB9
:0873DC00F4E7C046A4050020FF
:1073E4000100F8B5EFF31080164A130054331C88DB
:1073F40072B6150056352B889C421BD901332B805D
:10740400150058352B88D76D9E0001339BB2F1517E
:107414009C4200D100232B80002800D162B6537A0D
:10742400002B04D18022084B52055A60F8BD012379
:107434009372FBE7002800D162B60220FFF70FF831
:0C744400F4E7C046A405002000ED00E0C5
:0C7450000378F12B00D07047C068F9E70A
:10745C00C26910B503694169541C0ED1002B00D0D0
:10746C0059614269002A03D013610023436101E092
:10747C00084A13630023C36110BD002B03D0DC69E1
:10748C005961A218DA614269002AEDD1014AD3622E
:08749C00F0E7C046A405002042
:1074A40001231F2110B54370C3185956094B0A4ACA
:1074B4005B6A002B04D05C1CE47F64B28C4206DC63
:1074C400C26083609060002B00D0D86010BD1A00A9
:0C74D4009B68EEE7A4050020C005002026
:0C74E000014B58697047C046A40500200D
:1074EC0080B500F099FD044F00DF012100204942D6
:0C74FC0000F068FDFEE7C046E1790010DA
:1075080070B50300022510000124284014402A42C7
:1075180014D1EFF3108672B61A6815000D40002CCE
:1075280006D0A94206D1100088431860100001E077
:10753800281EF8D1002E00D162B670BD186803006D
:107548000B40002C03D09942F7D00020F5E75A1ED3
:0875580093415B421840F0E78B
:10756000002210B508490B6B002B08D1012464429E
:10757000C46142610361002A04D0106110BD1A0089
:0C7580001B69F1E70863F9E7A40500208F
:10758C00002310B5827804000380930707D5016BA4
:10759C000E4BD20610D50833D86FFFF740F8A378FE
:1075AC00DB0708D5094B1A0088321068002807D071
:1075BC002100FFF734F810BD586FFEF7D6FFEEE749
:1075CC0004332100D86FFEF7D0FFF4E7A4050020A8
:1075DC00C37810B5DB0702D4FFF7D2FF10BD04232C
:1075EC0043700023044AC360536B8360002B00D0AC
:0C75FC00D8605063F2E7C046A4050020F0
:107608001F2210B54B1C9A568368002B04D05C1CB3
:10761800E47F64B2944206DAC8608B608160002B14
:0C76280000D0D96010BD18009B68EEE790
:107634000300806882689A60002A00D0D360002327
:04764400C360704768
:10764800C268002A06D083689360002B00D0DA60F5
:067658000023C36070472F
:10765E0070B505000400002C09D02378F12B07D05B
:10766E002800FFF7EAFF29002000FFF7C6FF70BDD4
:04767E00E468F0E7E5
:10768400012310B5010043700148FFF7BBFF10BD93
:04769400C00500200D
:10769800F8B5194DEC6A002C1ED0E369013BE36193
:1076A800002B19D1102620276378732B18D014D8F3
:1076B800532B19D0BB43432B12D02000FFF7C0FF38
:1076C8002000FFF7DBFF2469002C04D0E369002BBE
:1076D800EAD000236361EC62F8BDB343832BECD19D
:1076E8002000FFF7B1FEE8E72000FFF7ADFE21001C
:0C76F800FFF7EBFBE1E7C046A405002013
:06770400806B203070478D
:10770C0002234370014B98617047C046A4050020CA
:10771C00F8B5154D04002E7A6F69002815D1022E8C
:10772C0012D16C6A002C0FD0621C7B1CD27FDB7FC9
:10773C0052B25BB29A4207DD2000FFF77FFF3800A0
:10774C00FFF7AAFE6670AC61F8BD022E07D1421C91
:10775C007B1CD27FDB7F52B25BB29A42EFDC200003
:0C776C00FFF78AFFF0E7C046A4050020EC
:10777800F0B587B005910390042100280AD0002AAB
:1077880056D09768002F0BD0BB0702D1D368432B84
:1077980009D809210020494200F016FC0024BEE067
:1077A800D368002BF5D19369146956690093002CAE
:1077B80006D0630702D1002E00D0BCE00B21E9E718
:1077C800009B002B31D0009B0C21013B372BE1D8CB
:1077D800002E00D0B5E01368029353680493002389
:1077E80001939F420BD15C4B1A0088321068002825
:1077F80025D0FEF704FF071E44D001230193002C77
:1078080049D1554B002E21D1544A566D1A000832E1
:10781800D06F00281AD0FEF7F2FE051E1DD01023E7
:10782800019A1A4301923C0026E018230093CFE7FF
:10783800182314001600029200930492D3E704332D
:1078480001224421D86FFEF75CFED4E72200310004
:10785800586FFEF756FE051EE5D10025019BAB4289
:107868000AD03D4B1A0088321568002D0CD028002C
:107878003900FEF7D6FE00250223019A1A43019229
:10788800002C0AD1052185E704333900D86FFEF7AB
:107898006EFE2C00F0E725003C00F223FF33238026
:1078A800019B6A46A370049B1278E370029B52B254
:1078B80063600023611CA360E36023616361A361CB
:1078C800E361CA77A11CCA776362A362E3623300EB
:1078D800FD22403BEB18A363039B6284E363204BC8
:1078E800256366632B601D4B1B6800935B0719D4E7
:1078F800A36B002019001A00343101C39942FCD14E
:10790800184B20005363039B936380235B04D3636A
:10791800059B1362104B144A1A66FFF7FBFE200002
:1079280007B0F0BDB608114B113E002EE0D004356B
:10793800013E2B60F9E7009B002B00D043E718239A
:107948000093730700D039E733000949483B8B425D
:1079580000D840E732E7C046A4050020088501109A
:10796800A52E5AE2ED7400109D790010CCCCCCCC39
:04797800B7FFFF7FD7
:10797C0070B50400836B15001962FFF769FD2000D8
:10798C00002D02D0FFF7C4FE70BDFFF775FEFBE7BC
:10799C0010B543780400332B0BD1031D416ADA7FF9
:1079AC002830FFF7ABFD011E03D000222000FFF7AB
:0479BC00DFFF10BD1C
:1079C00010B504008069002803D000221100FFF7E1
:1079D000D5FF6378232B02D10022A3689A6110BDE2
:1079E00070B50E4C267A022E16D1636A002B13D086
:1079F0006569E86AFFF74AFA2800FFF7E1FF0848DF
:107A0000FFF718FE4670A061EFF30983AB63002314
:107A100028006361FFF7E2FD70BDC046A4050020A9
:047A2000C00500207D
:107A240070B5041E02D00378F12B07D00421200086
:107A3400494200F0CBFA0420404270BD0F22437843
:107A44001340022B1ED0032B2AD0012B21D1FFF788
:107A5400F9FDE06AFFF718FA2000FFF7AFFF657839
:107A6400022D23D11348FFF7E3FD134B45709861B2
:107A7400EFF30982A26300225A612000FFF7ACFDF4
:107A84000020DAE70C4B1A7A022A02D15B6A002B37
:107A9400DFD103212000494200F098FA0320CBE70C
:107AA400FFF7D0FD2000FFF7D7FCD2E70020FFF757
:0C7AB40033FEE2E7C0050020A40500201E
:107AC00070B5184C0300207A002202280FD1606A9A
:107AD00090420CD0606943704B1C0AD1FFF740FD07
:107AE0001148FFF7A7FD022301224370A061100097
:107AF00070BDE36A002B02D0DD69A9420CD2C161DE
:107B000042610361002A0BD01061002BE8D0DA69D2
:107B10005861511AD961E3E71A00491B1B69E9E76B
:0C7B2000E062F2E7A4050020C005002090
:107B2C0070B50D4D0021AA6D0C48FFF71FFE0C4CD3
:107B3C006B6EA0620120002B0DD098470300002033
:107B4C00834208D1EA6DE16C286EFFF70FFEA0644A
:107B5C00431E9841C0B270BD088501103D7F0010D6
:047B6C00A40500204C
:107B700080B5EFF30583002B03D1EFF31083002BC7
:107B800006D006210020494200F022FA002080BDE4
:0C7B9000014F00DFFBE7C04679770010D2
:107B9C0080B5EFF30583002B03D1EFF31083002B9B
:107BAC0002D0034B586980BD024F00DFFBE7C04693
:087BBC00A4050020E174001093
:107BC400B0B5040000F038FAEFF30583002B03D1BD
:107BD400EFF31083002B07D006212000494200F068
:107BE400F5F906204042B0BD2000014F00DFFAE75E
:047BF400257A0010DE
:107BF800002230B50C4C636C002B02D01D698D42FD
:107C08000CD901618260C360002B03D01D699860A4
:107C1800691A1961002A05D0D06030BD1A00491BC5
:0C7C2800DB68E9E76064F8E7A4050020D1
:107C3400F8B51B4D6C6C002C2DD023696E69013B8B
:107C440023612369002B25D1E368002B01D0A268AE
:107C54009A6021006B640023E86C1A001831FEF767
:107C640029FF00280CD0AB69210003206F696B61E8
:107C7400FEF7F5FB6B69002B02D1B74200D11E0061
:107C8400E378012B08D120006169FFF7B3FF6C6C26
:107C9400002CD6D16E61F8BD01236370F7E7C046AE
:047CA400A405002013
:107CA80010B5FEF7F3FE002803D1034B034A1A650B
:107CB80010BD01204042FBE7A4050020357C0010E0
:107CC80037B5012504006D422B00002269462000CB
:107CD800FEF72EFF0028F7D10198009B9847F3E79D
:107CE800010010B5002817D00D4B1868F8F7C2FB33
:107CF800802301385B0498420ED2FF23094A1B06F1
:107D0800116A0B4313620622074B1A605860002061
:107D18009860064B187010BD01204042FBE7C04632
:107D28005007002000ED00E010E000E0CF2B00201D
:107D3800074B1A78002A05D000221A708022054BBA
:107D4800D2045A600123044A11680B431360704738
:0C7D5800CF2B002000ED00E010E000E068
:0C7D6400014B1B687047C04610E000E0B7
:067D7000012040427047B3
:107D7800094A0A4B10B51A60094B9B1A094A136045
:107D8800094A0A4B1A600A4B9B1A0A4A136000F008
:107D980055F800F06DF8C04600FC03208829002043
:107DA8000000042084290020B4AC00207C29002095
:087DB80000FC032078290020E3
:107DC00070B50B251C240C480C4B456003600C4B14
:107DD000C4608360FFF7A4F80A4B18600A480B4B95
:107DE000456003600A4BC4608360FFF799F8094B54
:107DF00018600AF0C5FB70BD4829002018900110DA
:107E00005C2900205829002014270020259001100B
:087E1000282700202427002090
:087E180010B5FDF727FF10BDB6
:107E2000012110B5024B49421868FFF78FF810BDC9
:047E300058290020AD
:107E340010B5024B1868FFF79DF810BD58290020B3
:0C7E440010B508F0D7F800F011F810BDE0
:027E5000704779
:027E5200704777
:107E540010B500F043F8FFF7F9FFFFF7AFFFFFF7A6
:0C7E6400F6FF03F0D7FBFFF7D5FF10BDC1
:087E700010B5FEF701FB10BD87
:107E780013B5114B114C0021236180231B02636150
:107E88004423E3600E4B2200A3601823A3610D4B2B
:107E98000D482360FFF768FE031E05D122000B4939
:107EA80000900B4803F0BCFBFEF7FAFA00220949E0
:107EB80013000092F5E7C046202C0020F42B002088
:107EC800DC2A00202F900110557E001034900110FC
:087ED8001D0101805090011012
:107EE00030B585B068460200054B32CB32C21B6804
:107EF0001360FFF715F8034B186005B030BDC0469E
:087F000078850110182C002007
:107F080073B506000C00150003F084FB00280CD1A3
:107F18000649A31DA21D02D3054A9B0099580023B8
:107F280032002800009303F07BFB73BD65900110BD
:047F38008091011023
:067F3C0010B500F091F801
:107F4400002307B502000138009304281AD800233F
:107F5400F8F788FA03080C10140001220B490C48A6
:107F640003F060FB02220B490B48F9E703220B499B
:107F74000B48F5E704220B490B48F1E705220B49AE
:107F84000B48EDE70B490C48EAE7C0466D90011039
:107F9400250102808E90011026010280B390011009
:107FA40027010280E890011028010280239101102A
:0C7FB4002A01028063910110000102808C
:107FC00010B50100014AFFF79FFF10BD310101808C
:107FD00010B5024AFFF798FF10BDC046320101807C
:107FE00010B5024AFFF790FF10BDC046370101806F
:107FF00010B5024AFFF788FF10BDC046330101806B
:108000000B0010B5113302D0014AFFF77DFF10BD00
:0480100034010180B6
:1080140010B5024AFFF776FF10BDC0463801018053
:1080240010B5FFF7B9FD034B1B68002B00D0984730
:0880340010BDC046402B0020E6
:10803C00034B10B51B68002B00D0984710BDC046F1
:04804C00402B0020A5
:1080500010B503F07BF903F079FB03F078FB03F034
:048060008BF910BDCB
:1080640010B5024B1B689847FBE7C0464806002042
:0880740010B5FDF7D1FA10BDB3
:0C807C0010B50400FDF7D4F9200010BD81
:10808800F8B50500060010CD002C14D10E4F386845
:10809800002803D001214942FEF754FF3468002C20
:1080A80004D1280003F0E6FF2C003560386800286A
:1080B80001D0FEF75DFFAC4204D08B22034904488F
:1080C80003F07AF82000F8BD182C0020BC910110AC
:0480D800CB91011037
:0280DC007047EB
:0E80DE0010B504000C2103F006FE200010BDBA
:1080EC0070B5040003689B689847201D07F0A2FE3A
:0E80FC00050023682000DB689847280070BD4F
:10810C0010B50348FFF7BAFF03F0BAFF10BDC04625
:04811C00CC1D002056
:1081200010B50348FFF7B0FF03F0CCFF10BDC04609
:04813000CC1D002042
:1081340070B504000D00074B82600360FFF7E4FF95
:108144002900201D07F040FE2000FFF7E7FF200074
:0881540070BDC046F891011056
:0E815C0010B50368012200211B69984710BD71
:0E816A00002210B5036811001B69984710BD74
:1081780010B5040003F0E6F80121200007F01AFF0B
:0681880003F0F6F810BD43
:10818E0010B5040003F0DBF80021200007F00FFF0C
:06819E0003F0EBF810BD38
:1081A40070B50D00040003F0CFF82900200007F09B
:0881B400E9FE03F0DFF870BDE5
:0881BC0010B507F0BDFE10BD77
:0881C40010B507F0B6FE10BD76
:0881CC0010B507F0B8FE10BD6C
:0881D40010B507F0ABFE10BD71
:0881DC0010B507F0B3FE10BD61
:1081E40070B505000D4E3000FFF74CFF03F04CFF57
:1081F400280007F041FE041E0CD1280007F09CFE65
:1082040003F05AFD68603000FFF73CFF03F058FFAD
:10821400200070BD01246442F5E7C046241E0020FE
:1082240070B505000B4E3000FFF72CFF03F02CFF58
:10823400280007F023FE441EA04144426868002839
:1082440001D003F066FD3000FFF71CFF03F038FF98
:08825400200070BD241E002073
:10825C00F7B50D001E0004000A4F01923800FFF71D
:10826C000DFF03F00DFF33002A000199200007F0E9
:10827C0025FE04003800FFF701FF03F01DFF20006E
:08828C00FEBDC046241E0020C7
:10829400F0B589B0029101920393050007F04CFEFA
:1082A4000700280007F042FE0600280007F047FEFA
:1082B4000490280007F046FE390007900198F8F76B
:1082C40061F90C1E69D1029B002B66D0019A039BB5
:1082D4009B18049AB618B3425FD83148FFF7D2FE10
:1082E40003F0D2FE039B002B4FD0002C4BD10199FD
:1082F400280007F01EFE040001000198F8F742F977
:10830400039B601A984200D918000322029B13426F
:1083140001D187422ED93E00874200D9060032009F
:10832400029968680AF016FDBE4205D26B68079987
:10833400BA1B98190AF0A0FD6B68059706931023E1
:1083440004932800059B069A019907F0C7FD041EB3
:1083540006D0049B013B0493002BF2D10124644218
:10836400039B9B1B0393019B9B190193029B9B19EA
:108374000293B7E73900F8F77FF87843029B0600C9
:1083840005900693DBE7012464420548FFF77AFE73
:1083940003F096FE200009B0F0BD01246442F9E721
:0483A400241E002073
:1083A800F7B50D001700060007F0BEFD0400300009
:1083B80007F0C3FD2018EC19A04203D2012464423F
:1083C8002000FEBDA0421FD81948FFF759FE03F050
:1083D80059FE0024002F24D0002C20D11023019313
:1083E8002900300007F04CFD041E06D0019B013B1C
:1083F8000193002BF4D1012464422900300007F0D6
:1084080096FD3F1A2D18E5E72100300007F08FFD93
:1084180001002000F8F7B4F80029CFD1D4E70124EF
:1084280064420348FFF72CFE03F048FEC8E7C04645
:04843800241E0020DE
:02843C00704787
:1084400070B506000400831D3E229A5E0C36031DA3
:108450003E21595E300008F023FEE56C236D002DAF
:1084600001D1DA0711D558102018DB0701D50368B0
:108470005D592300583300229B5E220056320021B2
:10848000525E210054310978A8473000E16B08F0B2
:108490006CFE30002200024908F0A6FE70BDC04606
:0484A00085870010BC
:1084A400F7B50093836C04000E001500002B05D073
:1084B40036222B492B48FF3202F080FE2A4A0365FC
:1084C4000368C2641B6898472300270054331E7056
:1084D40002331D800193009B58373B80042E0DD836
:1084E4003000F7F7BFFF15031015190001232A0008
:1084F40001215B4220000C3008F0EBFE23682000D1
:108504005B689847F7BD01222B0002215242F1E734
:108514002A003100009BEDE72300012270331A701A
:108524006B1C0CD0042003F0AFFB019B0500002161
:10853400595E00230380837002F0A7F8E5650022EA
:10854400BB5E0133DAD0042003F09EFB0022050059
:108554000023F95E0280827002F09CF82566CDE764
:0C8564006192011070920110A5840010BB
:1085700010B50400FBF7CCFA2000FCF751FF2000F7
:1085800010BD10B50400FBF7C3FA2000FCF748FF4C
:04859000200010BDFA
:1085940070B5040003680D001B689847200029008B
:1085A4000C3008F0E0FD2368E56320005B68984721
:0285B40070BD98
:1085B600F8B504001F0003680D001B6816009847F5
:1085C60020003B00320029000C3008F0DCFD236857
:0885D60020005B689847F8BD26
:1085DE0070B5040003681B68984720000C3008F043
:1085EE0068FE230070331B780500002B06D0206E2A
:1085FE00002803D06942694107F0A1FC23682000DE
:08860E005B689847280070BD6D
:1086160070B5040003681B68984720000C3008F00A
:1086260052FE230070331B780500002B05D0E06D49
:1086360007F095FC434258410540236820005B68DB
:068646009847280070BDFA
:0A864C0010B50C3008F026FE10BD3A
:0E86560010B50C000C3008F028FE200010BDFE
:10866400F7B5002504001F001D4B0E0008330360FE
:108674001C4B290043600192856010220C300AF0E3
:10868400FBFB20001C30FCF783FD20002C30FCF7A2
:108694007FFD0222A31CFF32E763DA87019A231DC0
:1086A400DE87A31DDA874E33A564E56425652200C1
:1086B4001D70012356325B421380538023007033B4
:1086C4006566A566E5661D70A2686368501020188B
:1086D400D20701D50268D35898472000FEBDC04692
:0886E40088920110418400108E
:1086EC00F7B50500036816001B680F0098472B00B0
:1086FC0040331B783401002B01D0002E11D02B00FD
:10870C0041331B78002B01D0012E0AD020001C30E5
:10871C0039002818FCF766FF2B6828005B6898471F
:10872C00F7BD02F00DFE3800FCF769FF2B001C347E
:10873C000C332C190193002812D02000FCF75FFF9A
:10874C00002801D102F0FCFF39002000FCF74AFFA1
:10875C0001223100019808F053FD02F007FEDBE71F
:10876C002000FCF74CFF002801D002F0EAFF2000AB
:08877C00FFF7F8FE0022ECE714
:1087840009011C3110B544182000FCF73CFF0028F7
:0A87940002D02000FFF76CFC10BDBE
:10879E00F8B504002600036840361B680D009847A4
:1087AE003378AB4233D0002D0DD0230041331B78EC
:1087BE00002B08D1A268636850102018D20701D58B
:1087CE000268D3589847270002F0B9FD1C37002DD8
:1087DE0022D03800FCF712FF00280AD03800FCF730
:1087EE0016FF02F0ACFF2000012200210C3008F031
:1087FE0006FD02F0BAFD3570002D08D1230041337D
:10880E001B78002B03D120000C3008F0A2FC23684B
:10881E0020005B689847F8BD20002A000C30290024
:10882E0008F0EDFC3800FCF7E9FE0028E1D002F07C
:04883E0087FFDEE7EB
:10884200F8B504002600036841361B680D009847FE
:108852003378AB4233D0002D0DD0230040331B7848
:10886200002B08D1A268636850102018D20701D5E6
:108872000268D3589847270002F067FD2C37002D75
:1088820022D03800FCF7C0FE00280AD03800FCF7DE
:10889200C4FE02F05AFF0122200011000C3008F041
:1088A200B4FC02F068FD3570002D08D1230040337E
:1088B2001B78002B03D120000C3008F050FC2368F9
:1088C20020005B689847F8BD20002A000C30012187
:1088D20008F09BFC3800FCF797FE0028E1D002F07C
:0488E20035FFDEE799
:1088E8001FB50400194B0021083303606846FCF7E4
:1088F80054FC002269462000FFF7F4FE6846FBF7A7
:1089080094F900216846FCF748FC012269462000DA
:10891800FFF7E8FE6846FBF788F9230040331B7829
:10892800002B04D1230041331B78002B03D02000F7
:108938000C3008F011FC20002C30FBF776F92000F1
:108948001C30FBF772F9200004B010BD88920110AA
:1089580010B50400FFF7C4FF2000742103F0C6F926
:04896800200010BD1E
:10896C0010B5437D0400002B04D0037D002B01D0F7
:08897C0002F0E7FE200010BD2F
:1089840013B5040001A802F0DBF8637D002B0BD1C2
:10899400237D002B01D002F0D7FE206902F08EF86F
:1089A400012320606160637501A802F0CFF813BD54
:1089B40037B5040001A80D0002F0C2F8002300221C
:1089C400226063606B7D002B08D0286902F076F882
:1089D4002A686B68801A99412060616001A802F0DE
:0689E400B5F820003EBDC5
:1089EA0030B50D0085B0040003A802F0A6F82900EE
:1089FA006846FFF7DAFF00980199AA68EB6812182F
:108A0A004B4103A82260636002F09DF8200005B084
:028A1A0030BD6D
:108A1C0013B5040001A802F08FF8206902F04AF89F
:108A2C000022002320606160A260E36001A802F0D4
:048A3C0089F813BDE5
:108A400010B50B00040000210020236100232060EA
:108A50006160A060E160227520006375FFF7DEFFB2
:048A6000200010BD25
:108A640010B5040002F054F8012201002000FFF7C1
:068A7400E5FF200010BD2B
:048A7A000020704721
:0C8A7E001D20404270471D204042704700
:0C8A8A0016204042704716204042704702
:088A9600012070470120704728
:088A9E00002070470020704722
:108AA600F8B5050000248EB2CB0704D5FFF794FD78
:108AB600441EA04104B210273E4205D02800FFF70D
:0C8AC600A7FD002800D03C432000F8BDB4
:108AD40008B4024B9C46743808BC6047A78A00104F
:0A8AE40010B5FFF75AFE002010BD88
:108AF00008B4024B9C46743808BC6047E58A0010F5
:0A8B000010B5FFF79EFE002010BD27
:108B0C0008B4024B9C46743808BC6047018B0010BB
:108B1C0010B50400024B0360FFF7E0FE200010BD0F
:108B2C00A892011008B4024B9C46743808BC6047EC
:048B3C001D8B00107D
:108B400010B50400FFF7EAFF2000782103F0D2F807
:108B5000200010BD08B4024B9C46743808BC604726
:048B6000418B001035
:108B6400F7B505000C00161E1BD002F0E9FB01232B
:108B74004340DFB2002F03D02B6828001B689847BE
:108B8400A3190193019B9C4205D021782800FFF78B
:108B940060FD0134F6E7002F03D02B6828005B68E2
:068BA40098473000FEBD01
:108BAC0008B4024B9C46743808BC6047658B0010B7
:108BBC0070B504000D00101E0CD0236820001B683B
:108BCC0098472000FFF73CFD2870236820005B6865
:068BDC009847012070BD66
:108BE40008B4024B9C46743808BC6047BD8B001027
:108BF40010B50400FFF734FD024B20002360024B44
:0C8C0400636710BDA8920110E4920110FB
:108C1000F8B504000D0016001F0003681B68984794
:108C20003B00320029002000FFF73CFC23682000B5
:068C30005B689847F8BDE7
:108C360070B504000E0002F086FBA569002D0BD06E
:108C460020000830FFF79AFC0122631CDA77002324
:108C5600A21CE361D677A36102F08BFB002D03D043
:0A8C66002100280000F090F970BD15
:108C700010B5002802D003F009FA10BD02F066FB1F
:028C8000FBE710
:108C820010B5002802D003F01CFA10BD02F073FBED
:028C9200FBE7FE
:108C9400F0B5040089B00E00170002F055FBA56979
:108CA40002F068FB002D29D003AD0021280003F059
:108CB40047FA02F049FBA3690193E369002B04D04E
:108CC40039220F490F4802F079FAE56102F052FBAC
:108CD400019B002B0FD03900280003F03BFA002839
:108CE40009D13000FFF7C2FF20000121FFF7A1FFE7
:108CF4003000FFF7C4FF280003F04FFA09B0F0BDBD
:088D0400499301105593011081
:108D0C0070B500250400064B45600833036008303D
:108D1C00FCF73AFA2000A561E561258470BDC046D8
:048D2C00749301102B
:108D3000084B10B50833036083690400002B04D08E
:108D400026220549054802F03BFA0830FAF771FF80
:108D5000200010BD7493011049930110639301101A
:108D600030B50400250085B0083502F0EFFA29007F
:108D70006846FFF783F92800FFF703FC0023E0694A
:108D8000A361984201D003F005FA02F0F5FA6846B3
:108D9000FCF73BFC002802D06846FFF76BF96846F9
:088DA000FAF747FF05B030BDF2
:0E8DA800002343608360013301600373704752
:028DB600704704
:108DB8000300007B002805D00CCB002012689A42E3
:068DC8004041C0B27047FB
:108DCE00F0B5036885B001930123050018008840B3
:108DDE0019001E0051400290039101989900445CC5
:108DEE000299214205D030210C40002A07D0102CC8
:108DFE0007D10133112BF0D10120404215E0002C98
:108E0E00F7D010005900023908430091310081401B
:108E1E00AF680F42EDD1202C07D10399009C0C4373
:0E8E2E00210034008C402742E3D105B0F0BD96
:108E3C0070B5040008001100020020001D00FFF7AF
:108E4C00C0FF002802DA0020207370BD410823689F
:108E5C008A009A18D3885279666855439B195B1916
:108E6C00636001238340A268C00113430843A360DD
:048E7C00C0B2EAE7AF
:0E8E800010B513000A000121FFF7D8FF10BD46
:0E8E8E0010B513000A000021FFF7D1FF10BD40
:108E9C0070B50D0004000A000021FFF7EBFF2A005B
:0A8EAC0000212000FFF7EDFF70BD6C
:088EB6000023036043607047D4
:028EBE007047FB
:048EC000006870478F
:108EC40000230B604368002B02D1016041607047AE
:048ED4001960FBE73F
:108ED80003000068002806D00268002A00D15A6002
:088EE8001A60002303607047CB
:108EF00010B50468002223008B4204D0002B10D050
:108F00001A001B68F8E7002A01D00B6813608C4236
:108F100001D10B68036043688B4200D1426000239B
:048F20000B6010BD15
:0C8F240010B50400FFF7C5FF200010BDD1
:0E8F300010B5FFF7C5FF43425841C0B210BD57
:108F3E0070B505002800FFF7BCFF00280ED0041FF7
:108F4E00236820009B689847002807D02800FFF769
:0E8F5E00BCFF23682000DB689847EBE770BD7E
:108F6C0070B504000D00FFF7A5FFAC610600291DCC
:108F7C002000FFF7A1FF002E02D12000FFF7D9FF40
:028F8C0070BDB6
:108F8E0070B505000C00FFF794FF0600002C00D012
:108F9E00043421002800FFF7A4FFA64202D12800C6
:068FAE00FFF7C6FF70BDD5
:108FB40010B504002000FFF781FF002804D0043816
:0A8FC4000368DB689847F5E710BD6D
:108FCE0010B50400FFF7EFFF2000FFF771FF200040
:028FDE0010BDC4
:028FE0007047D8
:028FE2007047D6
:0A8FE40010B503689B6D984710BD9F
:108FF00030B587B06B46040005220021981D09F0AA
:109000003DFFC8239B00E258238901AD8921AB8134
:109010000A4B4900EB8104232980EA711139626807
:10902000FF390A34E9700392FF331222290020002D
:109030002B8209F091FE200007B030BD0102000034
:0890400000487047649601101E
:08904800004870479C960110DE
:0890500000487047689601100A
:0890580000487047AE960110BC
:089060000048704794960110CE
:08906800004870477E960110DC
:10907000036810B55B6F04009847BB239B00E05862
:1090800003681B6F9847236820009B6F984710BDAB
:10909000CD239B00C35810B5002B04D1024A0349CD
:1090A000034802F08DF810BDCD060000A993011011
:0490B000B793011061
:1090B40010B5040002F048F9CD229200A358013300
:1090C400A350002B05D1D72202490348D20002F055
:0C90D40075F810BDA9930110B7930110AE
:1090E000CD239B00C35870B50400012B16D1C925B0
:1090F000CA26AD00B6000122A05963590240002BD8
:1091000001D1002A0AD00021401061512018A1513C
:109110008A4201D00268D3589847ECE7CD229200EA
:10912000A358002B04D1054A0549064802F048F827
:10913000013BA35002F020F970BDC046C6060000F6
:08914000A9930110B79301107F
:1091480007B50022024913000248009202F068FAAB
:08915800C39301100E01158004
:1091600007B50022024913000248009202F05CFA9F
:08917000EB93011004011580CE
:10917800036870B5DB6F04009847BE239B00E55A6F
:109188002B12022B28D0032B5BD00020012B06D1F9
:10919800236820001B6B9847002801D1002070BD70
:1091A800236820001B6B98470678122EF6D1236897
:1091B80020001B6B98474578012DEFD1C1239B00F8
:1091C800E650236820001B6B9847C0239B00E050A3
:1091D80008332800E554E2E72368EDB229002000AF
:1091E8005B6B98470028D9D0236829005B6B200067
:1091F80098470378092BD1D1236829005B6B20009D
:1092080098474378022BC9D1236829005B6B20005B
:1092180098472368867829005B6B20009847C1220D
:10922800C37892001B023343A3502368290020000F
:109238005B6B9847C0239B00E05001200833E05443
:10924800ADE7EDB20020052DA9D82800C125236877
:10925800AD00F7F705F9030D151D252D9B6B2000B3
:1092680098470378635123689B6B20009847E1E790
:10927800DB6B20009847037863512368DB6BF4E7C6
:109288001B6C200098470378635123681B6CECE73C
:109298005B6C200098470378635123685B6CE4E7B4
:1092A8009B6C200098470378635123689B6CDCE72C
:1092B800DB6C20009847037863512368DB6CD4E7A4
:1092C8001F200B78DB0913700B785B069B0F53701C
:1092D8000B78034093704B78D370C8788B78000272
:1092E8000343938048790B7900020343D380C879FC
:0A92F8008B790002034313817047D5
:10930400036870B55B6F04000D009847C3239B008E
:10931400E35C022B05D03E2209490A48FF3201F0E2
:109324004DFFC423084A9B00E5541433E250002245
:109334000433E250236820009B6F984770BDC046F9
:0C934400A99301100A940110B1980010C8
:10935000036870B5DB6F04009847C2239B00E35C91
:10936000002B02D00025280070BDBB25AD00605940
:1093700003685B6C9847C1239B00E2589042F1D888
:10938000C026B600A159121A0918A151E250002AAC
:1093900014D102210833E1540E4BE55C002D07D0B7
:1093A000E254163BE118236820009B6E9847DAE7E9
:1093B00001212000FFF7A6FF0125D4E7C8239B0069
:1093C000E3586059934200D913000268146C1A00E4
:0893D000A047F1E70A030000C9
:1093D800036813B5DB6F04009847C7239B00E35C61
:1093E800012B06D8002213000F4900920F4802F003
:1093F80017F9C3239B00E35C002B04D000220C491F
:1094080013000092F2E70B4BE35C032B0AD0200019
:10941800FFF79AFF002805D1BB239B00E05803689B
:10942800DB6C984713BDC046C39301100E0115802D
:08943800359401100B03000044
:10944000036870B5DB6F04009847C2239B00E35CA0
:109450000025012B36D1C1239B00E358AB4206D136
:109460001C4AA15CA94201D101252BE0A354C822CA
:109470009200A5589D4200D91D00BB23C0269B0029
:10948000E058B60003682A009B6CA1599847A3597D
:109490005B19A351C1239B00E258551BE550E3D152
:1094A0000C4BE25C002ADFD102210333E1540A4B6A
:1094B000E55C002D08D0E254163BE118236820003B
:1094C0009B6E9847280070BD01212000FFF71AFF0E
:0C94D000CAE7C046090300000A030000C0
:1094DC00036810B5DB6F04009847C7239B00E35C5F
:1094EC00012B01D8FFF72AFE074BE35C032B0AD0B4
:1094FC002000FFF79FFF002805D1BB239B00E058FD
:0C950C000368DB6C984710BD0B030000E7
:10951800036870B55B6F04000D009847C3239B0078
:10952800E35C032B05D0C32209490A48520001F025
:1095380043FEC423084A9B00E5541433E25000223A
:109548000433E250236820009B6F984770BDC046E3
:0C955800A99301107F940110FDA20010E7
:10956400036810B50400DB6F98470120044BE21830
:109574001D3BE2500433E0500433E05410BDC046B8
:049584001D030000C3
:10958800036810B5DB6F04009847C7239B00E35CB2
:109598000020042B0CD1074B0130E25A064BE25253
:1095A8003633E218303BE2500433E0500433E054E1
:0C95B80010BDC0462E030000FA020000A7
:1095C400036810B5DB6F04009847C32304229B0093
:1095D400E254143BE25C044B2000E15A23681B6F05
:0C95E4009847012010BDC046FA020000AC
:1095F000036870B55B6F04000D009847C3239B00A0
:10960000E35C042B05D0EB2209490A48520001F023
:10961000D7FDC423084A9B00E5541433E2500022CE
:109620000433E250236820009B6F984770BDC0460A
:0C963000A9930110AB9401105199001097
:10963C00036870B5DB6F04009847C7239B00E35C9D
:10964C00042B04D000201E4BE35A834215D11D4B32
:10965C00E15C012912D0022913D0002081420CD1E7
:10966C000122194B1A80C023174A9B00E250022298
:10967C0001200433E2500433E05470BD0022124B3D
:10968C00F0E70F4BE25A8F231000984303000020A1
:10969C008342F2D10C48130702D100230380E2E786
:1096AC001E2553002B40D2111A431823023A534360
:1096BC00E31830331B780B42EFD00123EEE7C046A2
:0C96CC00FA020000F6020000442B00200F
:1096D80030B5036891B0DB6F04009847BB23C822FC
:1096E8009B00E058920003686946A258DB6B9847D4
:1096F800BD239B00E5182A0069462000FFF7E0FD1E
:10970800C02200239200A3500432A3500432A35075
:10971800C32301229B00E2542368290020005B6ECA
:06972800984711B030BDAE
:10973000036810B5DB6F04009847C7239B00E35C08
:10974000012B01D8FFF700FDCB2201239200A35487
:10975000203AA25C002A03D12000FFF7BDFF10BD14
:0C976000014AA354FBE7C0462D030000A3
:10976C00F8B51D00036804005B6F0F0016009847E6
:10977C00C3239B00E35C012B04D00B4A0B490C4820
:10978C0001F018FDC4239B00E7540433E650094A4A
:10979C000433E5500C33E25000220433E2502368CA
:1097AC0020009B6F9847F8BDBA020000A9930110E6
:0897BC00D39401108DA10010EF
:1097C400036870B5DB6F04009847BF239B00E35A1E
:1097D400002B34D0BD229200A55C1432A25C012D72
:1097E40025D1012A06D0BB239B00E0580368DB6C1B
:1097F400984770BDC1229200A158994200D9A35044
:10980400C1229200A0581F4E012D28D1834208D9AD
:10981400C8239B00E158F6F7B5FE002901D11A4B85
:10982400E55402232000A355FFF708FEE1E7002AD0
:10983400D9D1C1229200A2589A42E1D0D3E7BB23E6
:10984400C1229B009200E058A15803680029CED1A0
:1098540003250C4A9B6CA5540A009847C9E70123C9
:10986400C822A355BB239200A2589B00E35882420E
:1098740000D90200196818000D6CC02189006158D4
:0C988400A847B6E70B0300000903000032
:10989000036810B5DB6F040098470022024BE254C6
:1098A000024B0332E25410BD2D0300000B030000F5
:1098B000036810B5DB6F04009847C423C32200215E
:1098C00092009B00E35CA154134AA15C002903D0E1
:1098D0002000FFF7DDFF10BD002B06D1BB239B004E
:1098E000E0580368DB6C9847F5E70C4BE25C012A13
:1098F00008D10232E2541F3BE05803689B6C0A0017
:109900009847E8E7022AE6D10132E254BB239B00E4
:10991000E05803681B6CF2E72D0300000B03000006
:10992000036810B5DB6F04009847CB2300229B002F
:10993000E254203BE35C934203D12000FFF7A8FFF1
:1099400010BD0122014BE254FAE7C0462D0300008E
:10995000036810B5DB6F04009847C423C3220021BD
:1099600092009B00E35CA1540E4AA25C8A4203D0A1
:109970002000FFF78DFF10BD002B0BD00A4B2000FD
:10998000E25A0A4BE252363BE25A3833E254FFF7CE
:1099900019FFF0E7BB239B00E0580368DB6C984796
:1099A000E9E7C0462D030000FA0200002E03000084
:1099B00070B5BC2504000368AD005B6F9847635D1C
:1099C000002B10D1BB26B600A059210003689B686C
:1099D0009847A059402103689B6B9847C8239B0078
:1099E000E05001236355236820009B6F984770BDAA
:1099F000036870B55B6F05009847C7239B00EC5C5C
:109A00002B68E4B228009B6F043C98476042604199
:049A1000C0B270BDB3
:109A140070B5040003680B4D5B6F98472000FFF797
:109A2400C5FF635D002B07D1BB239B00E05803688F
:109A34005B69984701236355236820009B6F98470F
:089A440070BDC046F1020000F4
:109A4C00F7B5036801915B6B110004001600984791
:109A5C00002834D0236831005B6B200098470378D2
:109A6C00092B2CD1236831005B6B2000984743787D
:109A7C00022B24D1236831005B6B200098472368AC
:109A8C0087785B6B310020009847C3781B021F431B
:109A9C000B2F14D92368310020005B6B98470930D9
:109AAC0005006B78019A93420AD02B783100ED189F
:109ABC00236820005B6B9847C0198542F1D30025C1
:049ACC002800FEBDB3
:109AD000BB239B0010B5C05803685B6B984710BD53
:109AE00070B50D00036804005B6F98472B0708D121
:109AF000C8239B00E558236820009B6F98472800E7
:109B000070BD1E2369001940ED0929430239063B47
:089B1000594361188D8DEEE749
:109B1800F7B50E00036804005B6F984737008F2382
:109B28009F4301D1330706D1002217491300174874
:109B3800009201F075FD1E2375001D40F3091D43B9
:109B48001823023D5D4365192B0030331B78DB0772
:109B580009D42000FFF748FF002810D00C4A0D490F
:109B68000D4801F029FB31352B78002B07D0BB239A
:109B78009B00E05831000368DB6E98472F7023681C
:109B880020009B6F9847F7BDEB93011004011580E7
:0C9B98008C050000A9930110F694011048
:109BA40073B50D00036804005B6F98478F232A0088
:109BB4009A4301D12B0706D100221A4913001A48EF
:109BC400009201F02FFD1E236E001E40EB091E4380
:109BD4001823023E5E43A619320030321178CB07B7
:109BE40009D42000FFF702FF002816D00F4A1049BD
:109BF400104801F0E3FA02230B431370BB239B00CC
:109C0400E0582900036831369B6D98473378002B60
:109C140003D029002000FFF77DFF236820009B6FFD
:109C2400984773BDEB93011004011580CC04000028
:089C3400A9930110F694011040
:109C3C00036810B5DB6F04009847C7239B00E35CF7
:109C4C00042B04D000200E4BE35A834217D10D4B4A
:109C5C000020E35C022B12D1094BE15A8F230A003E
:109C6C009A4382420BD10B0709D0BE239B00E35AC7
:109C7C00834204D12000C9B2FFF78EFF012010BD32
:089C8C00FA020000F6020000DC
:109C940073B50D00036804005B6F98478F232A0097
:109CA4009A4301D12B0706D100221D4913001D48F8
:109CB400009201F0B7FC1E266B003340EE091E43F0
:109CC4001823023E7343E3181A0030321278D20785
:109CD40009D42000FFF78AFE00281BD0124A13493A
:109CE400134801F06BFA31331B78002B03D02900A1
:109CF4002000FFF70FFF182302217343E3183033CA
:109D04001A788A431A70BB239B00E0582900036821
:109D1400DB6D9847236820009B6F984773BDC0464E
:109D2400EB93011004011580F1040000A9930110C4
:049D3400F694011090
:109D3800036810B5DB6F04009847C7239B00E35CFA
:109D4800042B04D000200E4BE35A834217D10D4B4D
:109D58000020E35C022B12D1094BE15A8F230A0041
:109D68009A4382420BD10B0709D0BE239B00E35ACA
:109D7800834204D12000C9B2FFF788FF012010BD3B
:089D8800FA020000F6020000DF
:109D9000F0B50F001E00036885B05B6F03920500ED
:109DA0003C0098478F239C4301D13B0706D10022FA
:109DB000130020492048009201F036FC1E237A004F
:109DC0001A40FB0913431822023B5A43AA181300F6
:109DD00030331B78DB0709D42800FFF709FE041E87
:109DE00012D0164A1649174801F0EAF9938DB3428A
:109DF00005D923002200144914480094DCE73132CD
:109E000016001278002A06D02B6828009B6F98470E
:109E1000200005B0F0BDBB229200A85839000268AE
:109E2000146E039AA047041EEED0337801333370CA
:109E3000EAE7C046EB93011004011580AF0500006E
:109E4000A9930110F69401100495011005011580E5
:109E500037B50D00036804005B6F98478F232A0015
:109E60009A4301D12B0706D100221549130015484A
:109E7000009201F0D9FB1E226B001340EA091A433D
:109E80001823023A5343E31830331B78DB0709D415
:109E90002000FFF7ADFD051E0CD00B4A0B490C4806
:109EA00001F08EF9BB239B00E058290003685B6E2C
:109EB00098470500236820009B6F984728003EBD07
:109EC000EB93011004011580E9050000A99301102E
:049ED000F6940110F3
:109ED400F0B50F0087B00393036805925B6F05002C
:109EE4003C0098478F239C4301D13B0706D10022B5
:109EF400130024492448009201F094FB1E237E00A1
:109F04001E40FB091E431823023E5E43AE19330074
:109F140030331B78DB0709D42800FFF767FD041EE4
:109F240014D01A4A1A491B4801F048F9B38D039A10
:109F3400934205D223002200174918480094DBE716
:109F44003300313304931B78002B06D02B68280090
:109F54009B6F9847200007B0F0BDBB239B00E858D7
:109F640039000368059A9C6E039BA047041E07D022
:109F7400039B049AF385049B1B7801331370E5E774
:109F8400F085E3E755950110040115800A060000E9
:109F9400A9930110F6940110739501100501158021
:109FA40037B50D00036804005B6F98478F232A00C0
:109FB4009A4301D12B0706D10022124913001248FB
:109FC400009201F02FFB1E216B000B40ED091D4395
:109FD400023D06394D4365192B0030331B78DB07EE
:109FE40009D42000FFF702FD051E05D0074A0849E1
:109FF400084801F0E3F8ED8D236820009B6F984733
:10A0040028003EBDEB9301100401158049060000B1
:08A01400A9930110F69401105C
:10A01C00036870B5DB6F04000E009847C7218900F8
:10A02C00625C6654D3B2B24226D00025032B03D90E
:10A03C000322B2426D41EDB2012B04D9012E02D89C
:10A04C00002D11D002E0002D11D00025B4222000EB
:10A05C00920000211C3008F00BFF0023074AA35488
:10A06C00074AA3549D4202D02000FFF753FC2368FB
:10A07C00310020001B6E984770BDC0461D030000C8
:04A08C00F2020000DC
:10A09000036870B5DB6F04009847BB23BE259B00A7
:10A0A000E058AD000368615DDB6A9847635B02219D
:10A0B000002B00D003212000FFF7B0FF012070BD6E
:10A0C000036810B5DB6F04009847BE239B00E15C7A
:10A0D0000C4BE15400290AD1313BE05803681B6A5C
:10A0E000984703212000FFF799FF012010BD0122AE
:10A0F000054B2000E2541A330232E2542368DB6E2F
:0CA100009847F2E71D030000F202000087
:10A10C00036810B50400DB6F984700201A4BE35C22
:10A11C0083420ED1194BE05C0B282BD8F6F79EF935
:10A12C00060A2A0E2A12162A1A1E22262000FFF7C9
:10A13C007FFA10BD2000FFF7F9FDFAE72000FFF7CA
:10A14C0077FDF6E72000FFF79DFFF2E72000FFF711
:10A15C000DF8EEE72000FFF7FFF9EAE72000FFF724
:10A16C00A9FFE6E72000FFF709FAE2E72000FFF776
:10A17C0023FADEE70020DCE7F5020000F70200001E
:10A18C00036870B5DB6F04009847C5229200A15894
:10A19C00C4230432C325A05800229B00AD00E35C0D
:10A1AC0062551B4AA25C002A10D0012B0AD802234C
:10A1BC006355BD239B00E1182368012220009B6E90
:10A1CC00984770BD2000FFF75DFBFAE7042B12D116
:10A1DC002000FFF795FF002806D1BB239B00E05819
:10A1EC000368DB6C9847ECE7635D002BE9D120003A
:10A1FC00FFF7E2FAE5E7032BEFD00125054AA5545A
:10A20C00063AA050043AA1500832A354EFE7C046D6
:08A21C002D0300000A030000FD
:10A2240010B504000368DB6F984702212000FFF794
:10A23400F3FE0022044B2000E254FFF76FFB236877
:0CA244002000DB6D984710BD1E030000D9
:10A2500070B504000368104D5B6F9847635D002B79
:10A2600007D0BB239B00E05803689B6998470023F5
:10A270006355C7239B00E35C012B03D90121200018
:10A28000FFF7CCFE0023054A2000A354044AA35440
:10A2900023689B6F984770BDF10200001D0300000A
:04A2A0001E03000099
:10A2A40070B5BC2504000368AD005B6F9847635D1F
:10A2B400002B0AD02000FFF7C9FFBB239B00E05806
:10A2C4000368DB68984700236355236820009B6F6D
:04A2D400984770BD7A
:10A2D800036870B5DB6F0D0004009847002D08D1A6
:10A2E800C7239B00E35C002B03D029002000FFF765
:04A2F80091FE70BDA6
:10A2FC00F8B503680400DB6F9847C4231A4E9B0023
:10A30C00E75CA35D002B01D1002F0FD12000FFF7DC
:10A31C0069FB051E0AD10100B422200092001C30FA
:10A32C0008F0A6FD114BE554114BE554C323002254
:10A33C009B00E254A35D934203D02000FFF7A2FAE6
:10A34C00F8BDBB239B00E0580368002F09D0DB69E4
:10A35C00984720000421FFF75BFE2000FFF72CFA42
:10A36C00EEE7DB6C9847EBE72D0300001D030000C4
:04A37C00F2020000E9
:10A38000F0B50D0089B00693036817005B6F0400F9
:10A3900098478F232A009A4301D12B0706D1002228
:10A3A0002A4913002A48009201F03EF9294BE65C45
:10A3B000002E06D1236820009B6F9847300009B01B
:10A3C000F0BD1E2368001840EB0918430300182253
:10A3D000023B5343E3180393303304931B78173A3B
:10A3E0001A40079201220590134205D08E221A4985
:10A3F0001A48D20000F0E4FE8023DB009F4203D91C
:10A40000174A15491748F5E7BB239B00E0583A0067
:10A41000036829001E6D069BB047061ECAD018238C
:10A4200005980E990138584304302018FBF7E0F8DE
:10A430000122049B1B781343049A1370039B079A11
:10A4400031331A70039B9F85B4E7C046EB9301102C
:10A4500004011580F2020000A993011094950110E7
:08A4600071040000B695011023
:10A46800F0B5060085B002930AAB1B881C3603932F
:10A47800214B04000360BB2335009B00009101922F
:10A48800C71828001835FAF781FEAF42F9D1B4226F
:10A49800019B0021A380029B3000E380039B920074
:10A4A800238108F0E7FCBD239B00E0182822002147
:10A4B80008F0E0FCC322002300999200A354203A3C
:10A4C800A150012120000432A3520C4AA354423265
:10A4D800A350143AA3500432A3500432A3500432B8
:10A4E800A3500432A354143AA154054AA354054A6C
:10A4F800A35405B0F0BDC046E4950110F202000077
:08A508001D0300001E0300000A
:10A510000E4B70B50360BC239B00C35C0400002B92
:10A5200004D00B4A0B490C4800F04AFEFFF7BAFE74
:10A53000BB2326009B00E5181C36B54204D0183D0D
:10A540002800F9F776FBF8E7200070BDE4950110CC
:0CA5500062050000A9930110CE950110D7
:10A55C0070B50D0003680400DB6F98478F232A0049
:10A56C009A4301D12B0701D1FEF7F4FD1E231820CD
:10A57C0069001940ED0929438B1E4343E31831331D
:10A58C001A78002A0DD0013941430431013A64187C
:10A59C0020001A70FBF733F8002802D02000FDF7DA
:04A5AC0063FD70BD1E
:10A5B00070B50D0003680400DB6F98478F232A00F5
:10A5C0009A4301D12B0701D1FEF7CAFD1E231820A3
:10A5D00069001940ED0929438B1E4343E3183133C9
:10A5E0001A78002A0DD0013941430431013A641828
:10A5F00020001A70FBF709F8002802D02000FDF7B0
:04A6000039FD70BDF3
:10A60400EFF3108172B6054B1A78002A05D1013296
:10A614001000884302491A7008707047D02B00203C
:04A62400C92B00201E
:10A6280010B5EFF310820123934304D03622064974
:10A63800064800F0C1FD064A1370064B1B78002B34
:10A6480000D062B610BDC046C9960110E59601104B
:08A65800D02B0020C92B0020CB
:0CA66000014B18787047C046D02B00203A
:10A66C0070B50D000400160005F07FFC6B1C07D0C4
:10A67C000021200005F09CFC3100200005F07EFC40
:02A68C0070BD9F
:0AA68E0010B50022FFF7EBFF10BD2E
:10A6980070B50D000400160005F069FC6B1C0BD0AA
:10A6A8003100200005F04EFC0121200005F082FC5D
:0AA6B8000021200005F064FC70BDD5
:0AA6C20010B50022FFF7E7FF10BDFE
:10A6CC0070B504000D001E00002A09D11A00FFF716
:10A6DC00C7FF6B1C03D02000049905F031FC70BD42
:10A6EC0005F043FC6B1CFAD02000049905F028FC03
:10A6FC002000012105F05CFC3100200005F03EFC3F
:02A70C00EDE777
:10A70E0003000022885E421C02D0984201D14868A4
:06A71E0070470C31F5E765
:10A7240013B50400431C0AD0FFF7EFFF431C06D106
:10A734000023220002490348009300F073FF16BD72
:08A74400FF96011030010180B5
:10A74C0003000022885E421C02D0984201D1886826
:06A75C0070470C31F5E727
:10A76200F7B54668330032331C78002C32D10368C7
:10A772005B6898470300306A98422BD03269181AF6
:10A78200104033223362B256002A24DB2100F5F74F
:10A79200F6FF3427F75704000D00002F14D00021D4
:10A7A200706A24184D41009401958F421ADB3A00D9
:10A7B20020002900F5F7D7FF3A0004000D00F5F755
:10A7C200DEFF009B181A7062B26AF36AA4185D4138
:10A7D200B462F562F7BD020023002100B068F6F70B
:10A7E2009AF8D6E7F7680B00009801993A00F6F755
:10A7F20072F84743009B0400DF1B0D007762E3E71A
:10A802000300824206D901208A4202D99942894133
:10A812004842704700208B42FBD991424041F8E701
:10A82400F0B546683B4B326B040085B01A4266D1E2
:10A83400FFF795FF7368002B63D018685968F36AB3
:10A844008B4207D302D1B36A834203D323685B6983
:10A85400984754E06568AA6AEB6A801A9941EB69E3
:10A864006F698B4224D302D1AB69834220D3342253
:10A87400AA56002A29DBF5F781FF2B0033331B7816
:10A884005BB29C46002B10D0AB680393039B013B47
:10A89400009300230193009A019B80185941634659
:10A8A400002B19DB6246F5F75DFF874200D90700EC
:10A8B4002B6AFF182B691F40336ABB4211D1CA228D
:10A8C40015491648FF3200F079FC02000B00E868D5
:10A8D4000021F6F71FF8D0E7039A019BF5F7FAFF7A
:10A8E400E3E7236838001B69984723685B68984747
:10A8F4003A000100306AFFF782FF0028A6D105B0B4
:10A90400F0BD336A726930699B18184023681B696B
:10A914009847F4E700FFFF003497011046970110B1
:10A924004368F0B51A0030321278040085B0002A6A
:10A9340000D080E032331B78002B7CD103681B6885
:10A9440098472368DB69984706680390002E06D170
:10A95400330032003A493B48009600F063FE300071
:10A9640039490F00F5F70EFE38000029F9D13900F6
:10A974003548F5F781FD1F23012265680290A86020
:10A98400013B04D31100029899408842F8D12A006F
:10A994003332137039003000F5F76EFD1F230200C7
:10A9A4000121E86008009840824201D0013BF9D2BD
:10A9B400290034310B70039B5868011F1C2905D9E9
:10A9C40000222249130022480092C6E701232028CE
:10A9D40033D08340013B07200027884016002B61B9
:10A9E400029A3B006861C117F5F794FF02000B005F
:10A9F40001204042C1178019794180185941320021
:10AA04003B00F5F767FF2368A861E9615B682F6085
:10AA14006F609847002128620122002063689862D1
:10AA2400D9625F621A86323320001F70FFF797FEE7
:10AA34002000FFF7F5FE05B0F0BD5B42CBE7C04652
:10AA44006A9701100E01048040420F0083970110A1
:04AA54000501048074
:10AA580070B5050000F076FC2B686C68DB689847D9
:10AA6800230032331B78002B02D000F081FC70BD2C
:10AA780026000123313633706368002B16D0280076
:10AA8800FFF76BFE6368E26A596891420ED803D1FA
:10AA98001A68A16A8A4209D86A68DB6852686360E2
:10AAA8002368002BE8D090689847E5E70023280042
:08AAB8003370FFF7B3FED8E78D
:10AAC00070B50400FFF72EFF00F040FC2000FFF7F8
:10AAD00048FE63689C6ADD6A00F04EFC2900200095
:02AAE00070BD47
:08AAE20010B5FFF7ECFF10BDF9
:10AAEC0010B50022024B1A7006F075FC10BDC04662
:04AAFC0020AC00206A
:10AB000010B506F025FC0122014B1A7010BDC0469D
:04AB100020AC002055
:08AB140000487047C0970110D2
:10AB1C00034B10B51B68002B01D00248984710BDA1
:08AB2C004C060020C097011047
:10AB340010B50C23CA5E0423C95E06F0AFFA10BD3B
:0CAB440010B5040000F000FC200010BD63
:0CAB500010B5040000F010FC200010BD47
:04AB5C00007B7047C3
:10AB60000F4B70B50833036000230E4E43608160C5
:10AB70000273040030000D00FDF786FA01F086FA3A
:10AB8000002D0AD0084B1A681C6062603000FDF787
:10AB90007BFA01F097FA200070BD6560F6E7C046C9
:0CABA000F4970110F81D0020F41D0020A7
:10ABAC0070B50400154B164D083303602800FDF7F3
:10ABBC0065FA01F065FAA368002B05D011496268AB
:10ABCC000B68A34213D10A600F4B1A68A24201D141
:10ABDC0000221A602800FDF751FA01F06DFA237B70
:10ABEC00002B02D1201F01F095F8200070BD190038
:10ABFC005B68A342FBD14A60E6E7C046F4970110BC
:0CAC0C00F81D0020F41D0020201E002078
:10AC180010B50400FFF7C6FF2000102101F066F808
:04AC2800200010BD3B
:10AC2C00F7B51A4E019030000D00FDF727FA01F030
:10AC3C0027FA174B1C68002C16D0A768002F11D0D0
:10AC4C00380008F009FEA8420CD12A0038000199FE
:10AC5C0008F056F8002805D13000FDF70FFA01F086
:10AC6C002BFA11E06468E6E7072DF5D12A0001996B
:10AC7C00084808F045F80028EED13000FDF7FEF941
:10AC8C0001F01AFA044B1C682000FEBDF81D0020D0
:0CAC9C00F41D0020EC970110201E002089
:04ACA80000207047D1
:10ACAC00036870B5012200211B6904009847051E3A
:10ACBC000DDB2368022200211B6920009847060047
:10ACCC0023682900002220001B69984735002800C2
:02ACDC0070BD49
:10ACE00070B50E0000250400104905604560300075
:10ACF00008F030FE29003018206023681A782F2AC7
:10AD000008D10133236000290AD12A2208490948C1
:10AD100000F056FA002AF6D0013301312360ECE747
:10AD2000FFF784FF6060200070BDC046549801109A
:08AD3000709801107D980110DC
:04AD380000687047F8
:10AD3C00436810B5181E05D0FFF70AFF01384342CF
:06AD4C005841C0B210BD29
:10AD520010B50400FFF7F1FF0023984203D06368A7
:0AAD6200002B00D0043B180010BDC8
:10AD6C00436810B5181E04D0FFF7F2FE4342584159
:04AD7C00C0B210BD94
:10AD800010B50400FFF7F2FF0023984203D0636878
:0AAD9000002B00D0043B180010BD9A
:0AAD9A004068431E9841C0B27047A4
:06ADA400582040427047F8
:06ADAA00582040427047F2
:06ADB000582040427047EC
:04ADB60000207047C2
:10ADBA00F8B50E00036804001B6D8D189847330020
:10ADCA0022689D4207D019785F1C2000936C98472F
:10ADDA00431C06D13D00236820005B6D9847A81BE1
:06ADEA00F8BD3B00ECE7A0
:10ADF000F8B50E00036804001B6D8F1835009847E6
:10AE00002368AF4207D0DB6C20009847431C02D078
:10AE100028700135F4E7236820005B6D9847A81B74
:02AE2000F8BD7B
:04AE22000020704755
:04AE26000020704751
:02AE2A0070476F
:10AE2C0013B504000F4B002208C0FFF793FE0E4B26
:10AE3C0020001A0068336360002308320B4922603B
:10AE4C00636100F0C5FF6061002806D103000200B9
:10AE5C0000900749074800F0E1FB00F0F6FC2000E9
:10AE6C0016BDC0460C9801102C990110B498011015
:08AE7C00B798011019010180D3
:10AE8400094B10B51A0004000832683302604360AD
:10AE9400406906F023FB054B201D2360044B6360CF
:10AEA400FFF782FE200010BD2C990110D4980110E8
:04AEB40024990110CC
:10AEB80030B5002585B01A4CAB002900E258194876
:10AEC800013500F025FA0D2DF5D1A36C1648029333
:10AED800636C0193236C0093E36BA26B616B00F0CE
:10AEE80017FA124B1248196800F012FAE36C1B07A4
:10AEF80012D5104800F00CFA236D0F48DB0700D478
:10AF08000E4800F005FAE36C0D485B0700D40D48C5
:10AF180000F0FEF905B030BD0B4800F0F9F9EFE795
:10AF280024AC00209C990110AA99011000ED00E0C2
:10AF3800F9990110079A0110169A0110239A011025
:0CAF4800469A0110529A0110369A01102E
:10AF5400F7B51B4F05000E003800012100F046F93B
:10AF64000024A04216D1174800F0D4F9302D18D08F
:10AF7400402D1BD0202D1ED1134800F0CBF9134CCB
:10AF8400134800F0C7F9FFF795FF124800F0C2F923
:10AF940000233B700023320020000F49009300F08F
:10AFA40041FB0E4800F0B6F90D4CE9E70D4800F0FE
:10AFB400B1F90D4CE4E70D4800F0ACF90C4CDFE7B7
:10AFC40078AC00205E9A0110879A01103E01FF8040
:10AFD400B49A0110BF9A0110DE9A0110969A0110DA
:10AFE4003F01FF809F9A01104001FF80AA9A01103F
:04AFF4003D01FF809C
:10AFF800F7B50C007746160000F084FB0194002C8E
:10B0080003D02300083B1B6801930025AE420FD0F4
:10B01800300007F063FB051E0AD0019AB24200D93E
:10B0280032002100280007F093FE200007F060FBA3
:10B038003B0032002100280000F020FB00F072FBEA
:04B048002800FEBD21
:10B04C00F7B516007746019100F05AFB019D754348
:10B05C00280007F041FB041E03D02A00002107F052
:10B06C0007FF3B0032000199200000F01DFB00F0AF
:06B07C0057FB2000FEBDA1
:10B08400F7B50D000192060000F03EFB204F38009A
:10B09400FCF7F8FF00F0F8FF2B001E4C093332D800
:10B0A40029003000083107F02FFB00282BD00600C0
:10B0B400A268194B521905604360A2602269236893
:10B0C400013222616268EB1808362360934200D98A
:10B0D400636004380368002B00DAC0180122036897
:10B0E4009343A269521B9B18A3613800FCF7CAFF63
:10B0F40000F0E6FF29003000019A00F0ADFA00F0FC
:10B1040013FB3000FEBD6369002601336361ECE785
:0CB11400C41C0020541C0020EFBEADDE67
:0AB1200010B57246FFF7AEFF10BD38
:10B12C00F7B50C000500160000F0EAFA1B4F3800CA
:10B13C00FCF7A4FF00F0A4FF002C21D0210008395B
:10B14C00174B4A689A4227D123000C3B18680A68AF
:10B15C00002800DA1B1818680123984300234B6061
:10B16C00104B01901868801A186018690138186122
:10B17C00986912180198121A9A61280006F02CFD91
:10B18C003800FCF77BFF00F097FF3100200000F047
:10B19C00A3FA00F0C5FAF7BD2100EEE7C41C0020AD
:08B1AC00EFBEADDE541C0020D3
:0AB1B40010B57246FFF7B8FF10BD9A
:10B1C00007B50B00009201000022014800F02CFAA4
:04B1D0004401FF80B7
:10B1D40070B5050000F0B8F82C780123E4B2601EC5
:0CB1E40084412B7000F0C6F8E0B270BD92
:10B1F00070B504000E0000F0A9F825782670EDB2B5
:08B2000000F0BAF8280070BD4F
:10B2080070B505000E0000F09DF82C68A4192C609C
:08B2180000F0AEF8200070BD4B
:10B2200070B505000E0000F091F82C68A41B2C608E
:08B2300000F0A2F8200070BD3F
:10B2380037B500F087F8192101A8FFF73EFA012574
:10B248000424290001A804F07DFE104800F098FEAF
:10B25800002101A804F076FE013C0C4800F090FEA5
:10B26800002CEED10434290001A804F06BFE084834
:10B2780000F086FE002101A804F064FE013C0448A9
:10B2880000F07EFE002CEED1DAE7C046F04902005D
:04B29800801A060012
:10B29C0037B5002201000400022000F083FB0D25CD
:10B2AC0000F04EF800222378002B02D100F05EF85B
:10B2BC0037BD0A2B08D10D2A06D06B460122D91DA9
:10B2CC0002200D7000F06EFB01222100022000F024
:08B2DC0069FB22780134E6E76A
:10B2E40010B5A2B002000B0001A884210BF0F0F904
:10B2F4000400832805D9832005220549684407F002
:10B3040029FD002C02DD01A8FFF7C6FF22B010BD05
:04B31400EE9A01109C
:10B318000FB407B504A901C90191FFF7DFFF03B016
:06B3280008BC04B0184748
:0AB32E00EFF31083012098437047ED
:0CB33800EFF30580431E9841C0B270473F
:08B3440010B5FFF78BF910BDF5
:10B34C0010B5FFF759F9064A1368591C04D13F226E
:10B35C0004490548FFF72EFF0133136010BDC046AA
:0CB36C00102700200D9B01101D9B0110FC
:10B37800054A10B51368002B05D0013B1360002B5C
:0CB3880001D1FFF74DF910BD1027002087
:10B3940010B50C48FFF71CFF002805D0FFF7D4FFB9
:10B3A400BFF34F8F20BFFDE7FFF7C4FF002801D094
:10B3B400FFF740FFFFF7B9FF0028F9D0012000F0A4
:08B3C40043FAC046CA2B002029
:10B3CC00F0B54A4C0E0021689BB04B00070005926B
:10B3DC009B0F8DB2032B00D14D420B1444482A0015
:10B3EC00DBB2FFF793FF28003238FF3813280FD851
:10B3FC00F5F734F80A6366696C726F750E0E0E0EF3
:10B40C000E0E0E0E0E0E0E78A1683A48FFF77EFF58
:10B41C003800FFF73DFF61683748FFF777FF002ED4
:10B42C0009D03648FFF734FF3000FFF731FF05999C
:10B43C003348FFF76BFFA1683248FFF767FF2368BB
:10B44C00314A9A18012A06D9304A934203D0304A1D
:10B45C000020934207D10020A368834203D0DB6C09
:10B46C000130DB089843E3682A49002B03D0596864
:10B47C00002900D12749284A002800D1274AE06931
:10B48C0006AD0390A069029060690190206900905C
:10B49C002348FFF73BFF280000F048FDEB68069AB5
:10B4AC0001932B7A1F4800936B682168FFF72EFFDE
:10B4BC001D48FFF72BFF1BB0F0BDA1681B48A5E78B
:10B4CC00A1681B48A2E7A1681A489FE7A1681A481F
:10B4DC009CE7A168194899E7A168194896E7A16803
:10B4EC00184893E71848FFF711FF91E7142900203B
:10B4FC00639B0110B49B01105C9C01106D9C0110AE
:10B50C00759C0110799C0110C2FE007F4001FF80E8
:10B51C003D01FF804E9B0110589B0110799D01103D
:10B52C008D9C0110E69C0110609D0110CA9B0110BE
:10B53C00DA9B0110E99B0110FC9B0110109C01107F
:0CB54C00249C0110339C0110499C01104C
:02B5580070473A
:10B55C00F0B505000E0017008FB0002800DB224D5F
:10B56C003022002102A807F083FC204B01ACEB1821
:10B57C000195A660012B05D91D4B9D4202D01D4B98
:10B58C009D422AD1F36B6360736BE3611A4B5B6969
:10B59C00DA6BE36022615A6B1B6B6261A361FFF78C
:10B5AC00CFFE164A136801331360012B04D13422E9
:10B5BC002100134807F0CAFB124D34222100280049
:10B5CC0007F0C4FB104B28001B68002B08D09847D1
:10B5DC00FFF7CCFE00200FB0F0BD6760E461D5E74B
:10B5EC00FFF7B4FFF4E7C0460101FF80C2FE007F05
:10B5FC004001FF803D01FF80A4050020442700206E
:0CB60C004C2700201429002048270020B3
:04B618000020704757
:0CB61C00014B1878C0B2704778AC0020D9
:10B62800F7B5050001910A480121774616001C006C
:10B63800FFF7DAFD002809D13A0031002800FFF7AA
:10B6480089FF2100089A0198FFF7BCFEFFF79EFECC
:04B6580078AC0020AA
:10B65C000B00074970B50D680400002D06D0054994
:10B66C000978012902D801000020A847200070BDEC
:08B67C00701C0020C62B002009
:10B6840037B5040010001A00074B1D68002D08D0C0
:10B69400064B1B78012B04D80B00009021000120DD
:10B6A400A84720003EBDC046701C0020C62B0020C9
:10B6B40037B5040010001A00074B1D68002D08D090
:10B6C400064B1B78012B04D80B00009021000220AC
:10B6D400A84720003EBDC046701C0020C62B002099
:10B6E4000A00074910B50C680300002C06D0054970
:10B6F4000978012902D800210320A04710BDC046C3
:08B70400701C0020C62B002080
:10B70C0010B50548FCF7BAFC00F0BAFC034A1378F4
:10B71C000133137010BDC046741C0020C62B0020D2
:10B72C0010B5054A05481378013B1370FCF7A6FCCD
:10B73C0000F0C2FC10BDC046C62B0020741C0020BB
:02B74C00704744
:02B74E00704742
:06B750001D20404270477D
:06B756001620404270477E
:04B75C000120704711
:04B76000002070470E
:02B7640070472C
:10B76800044B10B51868002803D001214942FBF7A3
:08B77800E9FB10BD182C0020B4
:10B78000034B10B51868002801D0FBF7F5FB10BD7E
:04B79000182C002051
:10B7940070B515000C008E18B44205D0217803480A
:10B7A40005F084FD0134F7E7280070BD7CAC00206F
:10B7B40070B500248DB2CB0705D5084805F07EFD91
:10B7C400441EA04104B21026354205D0034805F0BA
:10B7D4007BFD002800D03443200070BD7CAC0020E9
:10B7E400002010B50C00824204D0034805F056FD39
:0CB7F4002070012010BDC0467CAC00207D
:10B80000094B70B508330360084B04001B68150032
:10B81000002B07D1064E3000FFF78CF929003000CD
:10B8200005F0A3FC200070BD909E01102C2B002081
:04B830007CAC0020CC
:04B834000020704739
:04B838000020704735
:0CB83C0010B5002801D0FFF7F9FCFEE772
:04B848000120704724
:06B84C0010B5FFF7F5FF47
:04B85200012070471A
:0AB8560010B5002107F09BFC10BDA7
:08B8600010B5FCF7DDFA10BD84
:08B8680010B5FCF7E3FA10BD76
:10B8700070B50400037803252B40012B07D0FFF798
:10B8800073FF22781540012D03D1FFF779FF0020C7
:10B890000BE0002D05D0D42204490548D200FFF763
:10B8A0008FFC022313432370012070BD949D01106F
:04B8B000A69D011040
:10B8B40010B50378032219001140022904D0064A66
:10B8C40006490748FFF77AFC9343012213430370A8
:10B8D400FFF754FF10BDC046A9060000949D011057
:04B8E400C49D0110EE
:10B8E800F8B5040000203F2C19DC174EA500A85914
:10B8F800431C14D1022C12DC2000FFF799FF00280A
:10B908000CD12000FFF792FF002807D10F4F3B789A
:10B91800BFF35B8F0E4CDB0702D520007051F8BDDA
:10B928003800FFF7A1FF0028F7D0E12209495202A9
:10B938002000FFF761FF3800FFF7B8FF2000064A34
:10B948000649FFF77DFFE8E7500600204C1C002061
:10B958009C250020E09E01105803002065B70010C8
:10B9680070B50400FFF7BCFFA30000240B4A9C50ED
:10B97800A04206D105F03EFD0923036001204042A4
:10B9880070BD03685B69984705002000002DF7DA51
:10B9980005F030FD6D420560F0E7C0465006002016
:08B9A80010B5FFF7DDFF10BD33
:10B9B00070B50C001500FFF797FF002807D105F0C0
:10B9C0001DFD0923036001246442200070BD03684B
:10B9D00021002A00DB689847041EF6DA05F00EFD08
:06B9E00064420460EFE781
:10B9E60070B50C001500FFF77CFF002807D105F0A5
:10B9F60002FD0923036001246442200070BD036830
:10BA060021002A009B689847041EF6DA05F0F3FC2D
:06BA160064420460EFE74A
:10BA1C0010B5FFF763FF041E05D105F0E9FC0923FF
:10BA2C000360200010BD0368DB699847041EF8DA38
:0CBA3C0005F0DEFC644204600024F2E728
:10BA480030B585B0019009200C004023042202ADD6
:10BA580001A968442B7007F07BF92100280005F044
:10BA68005FFF041E07D00198FFF7D4FF002802D01B
:0CBA78002000FFF7ECFE200005B030BD00
:10BA8400F0B585B006000F000292FFF753FC051EC7
:10BA940006D0002332002C492C480093FFF7C2FD46
:10BAA400FFF743FC0028F4D0029B002B08DA05F0D2
:10BAB400A3FC1623036001246442200005B0F0BDFA
:10BAC4003000FFF7A9FF041E2AD02C00204B9B5DF9
:10BAD4000393029BAB4223DD7B5D0A2B1CD1039BAA
:10BAE4000D2B19D0AC420CDA30002A1B3919FFF7A0
:10BAF4005DFF0028DFDB2418A542DEDC144B039A2B
:10BB04009A55012230001349FFF750FF0028D2DB79
:10BB1400D3D00D220E4B9A557B5D01350393D8E7A4
:10BB2400029BA342C9DD30001A1B3919FFF73EFFFF
:10BB34000028C0DB2418002CBFD03F19013F3A78FD
:10BB4400034B9A55B9E7C046FB9D01102F010180B4
:08BB5400862B0020359E011034
:08BB5C0010B5FFF75DFF10BDFD
:10BB64007FB504000D001600FFF7E4FB002806D0A3
:10BB7400002322001E491F480093FFF753FDFFF7DF
:10BB8400D4FB0028F4D0002E06DA05F035FC162389
:10BB940003600120404219E02000FFF73DFF002828
:10BBA4001FD00F266E44012231002000FFF719FF39
:10BBB4000028EEDB0AD033780F4A0D2B08D1115D33
:10BBC4000A290AD013550A2301202B7004B070BD32
:10BBD4000A2B04D1115D0D29F4D11355E1E7135556
:10BBE400F2E7320029002000FFF7FBFEEEE7C04633
:0CBBF400379E01102F010180462B00201D
:10BC000070B50C001500FFF76FFE002807D105F096
:10BC1000F5FB0923036001246442200070BD036822
:10BC200021002A001B699847041EF6DA05F0E6FB9E
:06BC300064420460EFE72E
:08BC360010B5FFF7E2FF10BD9D
:10BC400070B50D00FFF750FE041E06D105F0D6FBBF
:10BC5000092303600120404270BD0368DB699847F7
:10BC6000431E9841802243420548120203409B181C
:10BC70006B60236820009B6A984728610020EBE7EF
:04BC800000A0FFFF22
:08BC840010B5FFF7DBFF10BD56
:10BC8C0013B50400074B724621001868FFF7F4F94E
:10BC9C00002806D103000090220003490348FFF757
:10BCAC00BDFC16BDB0070020739E01101F01018062
:08BCBC0010B5FFF7E5FF10BD14
:10BCC40010B5034B010072461868FFF7D9F910BD8F
:04BCD400B007002095
:08BCD80010B5FFF7F3FF10BDEA
:10BCE00010B5034B010072461868FFF71FFA10BD2C
:04BCF000B007002079
:10BCF40010B5034B010072461868FFF715FA10BD22
:04BD0400B007002064
:0EBD080010B504000421FFF7F1FF200010BD6C
:08BD160010B5FFF7E2FF10BDBC
:10BD200070B50C4D04002800FCF7AEF900F0AEF938
:10BD300000231900084A1068A04200D111600133A5
:10BD40000432402BF7D12800FCF79EF900F0BAF935
:0CBD500070BDC0469C1C00205006002066
:10BD5C0070B50324114D2800FCF790F900F090F910
:10BD6C000F4BA200995800290ED00134402CF8D169
:10BD7C0005F03EFB182303602800FCF77FF900F068
:10BD8C009BF9413C200070BD012128004942D15053
:10BD9C00FCF774F900F090F9F4E7C0469C1C002005
:04BDAC00500600201D
:10BDB00010B50400FFF7D2FF002807DB044A830018
:10BDC0009C500023034A1354034A135410BDC04629
:0CBDD00050060020462B0020862B00208F
:10BDDC00F8B506000F000025FFF7E4FF0400A842A9
:10BDEC000ADB3900FFF72AFE051E05D1064BA4001D
:10BDFC00E258964202D1E0502800F8BD05F0F8FA5E
:0CBE0C0009230360F8E7C0465006002040
:10BE18000EB4F0B586B00500FFF79CFF041E13DBD7
:10BE28000023290004A80393FEF756FF04A8FEF791
:10BE3800B0FFA600051E1D4F0CD105F0DBFA132339
:10BE48000360BD5101246442200006B0F0BC08BC68
:10BE580003B0184704A8FEF785FF0300009004A864
:10BE6800002B0AD0FEF788FF0390039B104ABB51B2
:10BE7800002313550F4A1355E6E7FEF766FF051E24
:10BE8800DBD0036804A89B680193FEF751FF0B9B66
:10BE9800020003A92800019DA847051EE5D005F06A
:10BEA800A9FA009B6D420560BB51CBE75006002004
:08BEB800462B0020862B002020
:10BEC00073B50E0018490500F6F73CFF041E03D1B8
:10BED000FFF70AFD200076BD28001449F6F732FF6F
:10BEE000002804D10130FFF7FFFC0124F2E728000D
:10BEF0000F49F6F727FF002804D10230FFF7F4FCC2
:10BF00000224E7E72B78402B06D10422691C01A804
:10BF100006F022FF019CDDE7064928003140FFF7CB
:10BF20007BFF0400D6E7C046009F0110079F011069
:08BF3000F89E0110FFFFFEFF67
:10BF380010B5041E04D190220C490D48FFF73CF9B6
:10BF48004C220021043006F095FF0A4B2360802321
:10BF58009B05236180235B052363074B1B68636094
:10BF680002232372054BE36010BDC046299F0110D0
:10BF7800369F011004F1000000ED00E05860010058
:10BF880070B50500FEF7C2FD0400FEF7A6FD060029
:0EBF98002000FEF7A2FD801BA842F9D370BD69
:10BFA8001FB500230193031D029310230400684664
:10BFB80000910393FAF7E2F82060002804D13522B3
:10BFC80002490348FFF7F8F81FBDC0465A9F011001
:04BFD800699F01104C
:10BFDC0010B504000249FFF7E1FF200010BDC04678
:04BFEC006D9F011034
:0ABFF00010B50068FAF7DCF810BD88
:0EBFFA0010B504000068FAF726F9200010BD0B
:10C0080010B502AC2478002C01D102342243006818
:06C01800FAF7F4F810BD78
:0EC01E0007B5009313000022FFF7EFFF0EBDE1
:08C02C0010B5FFF7F6FF10BD8F
:10C034001FB5002304000362994200D10B49231D5C
:10C0440002931C2368460393113B00910193FAF772
:10C0540065FF2060002808D1FFF7DEFA002804D12C
:10C064003D2203490348FFF7A9F81FBD8D9F011026
:08C07400BD9F0110C79F0110E0
:0EC07C0010B504000021FFF7D7FF200010BD13
:10C08C0037B50121040049420068FAF759FF051E33
:10C09C0003D1236A0133236237BDFFF7B9FA031EBC
:10C0AC00FAD12A00024903480093FFF7B7FAC046B9
:08C0BC00EB9F01101501028049
:10C0C400036A13B5013B03620068FAF753FF041EC9
:10C0D40009D0FFF7A1FA031E05D1009022000249FE
:10C0E4000248FFF79FFA13BDFD9F0110170102805C
:0EC0F40010B504000068FAF753FF200010BDDD
:10C104007FB504000E00150000210822684606F0E1
:10C11400B3FE231D029310236A46310028000393C3
:10C12400FBF75AF82060002804D13722024903485B
:10C13400FFF744F87FBDC04627A0011035A00110C9
:10C1440010B50400024AFFF7DBFF200010BDC04613
:04C15400FFFF0000E9
:10C1580013B500680C00FBF753F8021E0ED000233D
:10C16800C11C07D19C420BD0009306490023064806
:10C17800FFF756FA1800911CF6D116BD0120FCE70E
:0CC188002000FAE744A00110140102801E
:0AC1940010B50068FBF75CF810BD61
:0EC19E0010B504000068FBF78AF8200010BD01
:10C1AC0010B5002808D0F9F79FFE002804D0E32230
:10C1BC0002490348FEF7FEFF10BDC04673A00110F4
:04C1CC0007A10110B6
:10C1D000F7B501930723089D04000F002E0000927D
:10C1E0001D4201D09E4308362000442200217830B1
:10C1F00006F044FE6A426A412300002120003C33DD
:10C2000061611C301A705970202206F037FE009BC5
:10C210002363019BED180723AD1B9D43099BE5623A
:10C22000002B01D1034B0993099BA6626763A361AD
:08C23000F7BDC04616A1011084
:10C2380013B5049C0093019413000A000021FFF732
:04C24800C3FF13BD60
:10C24C0070B50500040054352800FFF719FF2000D5
:10C25C0040306669FFF798FF002363613D34237813
:10C26C00002B05D000242800FFF726FF200070BD0E
:10C27C0001232370002EF5D03000FBF79DFC040049
:02C28C00F1E7D8
:10C2900010B504000E4B08330360FFF7D7FF2300EF
:10C2A0003C331B78002B06D0A06A002801D0FFF792
:10C2B00032FD0023A36220005430FFF71BFF200053
:10C2C0004030FFF76CFF201DF7F7B3FC200010BDD6
:04C2D00034A1011084
:10C2D40010B50400FFF7DAFF2000BC21FFF708FDCA
:04C2E400200010BD69
:10C2E80070B505000400543528000E00FFF7CAFE9B
:10C2F8006369002B04D123003D331B78002B05D044
:10C308002800FFF7DBFE0420404270BDA36A002B23
:10C318000AD000232449E26A92089A4218D9A06AEE
:10C328009A0011500133F6E7E06A204B98420CD886
:10C33800032398431E49FFF7CBFCA0620028E8D1ED
:10C348002800FFF7BBFE0520DEE701204042F1E7A9
:10C35800442363622300783331002362201DF9F7F8
:10C3680043F92200210013481832FBF7FDFB6061F6
:10C37800002814D123003C331B78002B06D0A06A78
:10C38800002801D0FFF7C3FC0023A3622800FFF7B1
:10C3980095FE20004030FFF7F9FE0320B4E728009F
:10C3A800FFF78CFE0020B0E7A52E5AE2FBFFFF7FC7
:08C3B80014B10110C1C3001013
:10C3C00010B504000430FBF755FE20005430FFF791
:10C3D0005DFE002363612300012220003D331A70BB
:08C3E0004030FFF7D7FE10BD4D
:04C3E800002070477A
:04C3EC000020704776
:06C3F0000120002170474E
:06C3F600C1698069704777
:08C3FC000048704744A1011044
:10C40400F0B5431C87B00593DB7F0500002B00D1FA
:10C4140043622E00243601213000FEF7F3FE002390
:10C424000490019301280AD12F1D3800FBF7D8FE90
:10C434000190002806D030000499FEF7EFFE019821
:10C4440007B0F0BD29696A69AB69EC695B185441AE
:10C45400380002930394FBF7BBFE04003800FBF79B
:10C46400B3FE039B2418002B02D1029BA34206D9DE
:10C4740001213000FEF7D2FE194B0193DFE72B694F
:10C48400380002936C69FBF79FFE019BA34202D123
:10C49400029B9842ECD82C696B691C4304D1380088
:10C4A400FBF792FE6C612861AC69EB691C4312D105
:10C4B4003800FBF78DFE06003800FBF785FE2700E9
:10C4C4003200230006002869696992197B41121A17
:10C4D4008B41AA61EB610123059AD377AFE7C0468C
:04C4E4005FF0FFFF07
:10C4E800F0B50669476985B00400043000920193ED
:10C4F800FBF768FE009A019B05000A980B99121831
:10C508004B4102920393236820009B6B9847039B3F
:10C518008B4203D805D1029B834202D9002005B083
:10C52800F0BD009A019BB6185F412A000023B61A95
:10C538009F4123682000196B009A019B88470200DD
:10C548000B0030003900F4F7C3F91A43E6D10A9A10
:10C558000B9B02980399B6185F4101225242D317E8
:10C56800801859410B0021680200096B2000884798
:10C5780002000B0030003900F4F7AAF91A435042C0
:06C588005041C0B2CBE7F8
:10C59000F0B585B01F000391431CDB7F160004003B
:10C5A0000A9D0B9A002B02D10B4805B0F0BD036821
:10C5B00001920095D96B32003B0088470028F3D0E8
:10C5C0002269636992197B4111002B000A00201D2A
:0CC5D0000399FBF743FEE8E75FF0FFFF74
:10C5DC00F0B585B01F000391431CDB7F16000400EF
:10C5EC000A9D0B9A002B02D10B4805B0F0BD0368D5
:10C5FC0001920095196C32003B0088470028F3D05B
:10C60C002269636992197B4111002B000A00201DDD
:0CC61C000399FBF739FEE8E75FF0FFFF31
:10C62800F7B51F00431CDB7F16000400089D099A1C
:10C63800002B01D10A48FEBD036801920095596C90
:10C6480032003B0088470028F4D022696369B61895
:10C658005F41201D2A003100FBF7A2FEEBE7C04630
:04C668005FF0FFFF81
:10C66C00421C0300002010B5D27F824202D0181D5C
:08C67C00FBF79EFD002110BD3B
:10C6840010B5431CDB7F002B03D00430FBF7A4FD63
:08C6940010BD01204042FBE74C
:10C69C0070B51D00036814009B6A060098470200E1
:10C6AC000B0020002900F4F711F91A4301D00020E7
:10C6BC0070BD336830009B6A984702000B000498E9
:10C6CC000599F4F703F91A43F1D1049A059BA418C0
:10C6DC005D41336830009B6B984701238D4202D833
:0CC6EC0002D1844200D90023D8B2E1E75B
:10C6F80070B5451C0400E87F002801D1606270BD58
:10C70800200001212430FEF787FD0300002083422A
:0CC71800F5D1E877201DFBF781FDF0E76C
:10C7240010B50400034B08330360FFF7E3FF200058
:08C7340010BDC046C0A10110B8
:10C73C0010B50400FFF7F0FF20002821FFF7D4FA12
:04C74C00200010BDFC
:10C75000421C0300002010B5D27F824203D0196929
:0AC76000181DFBF72FFD002110BD8E
:10C76A0003001100421C002010B5D27F824204D07F
:0EC77A001A69181D5118FBF720FD002110BD93
:10C7880070B51D00036814005B6A06009847020034
:10C798000B0020002900F4F79BF81A4301D0002071
:10C7A80070BD336830005B6A984702000B0004983C
:10C7B8000599F4F78DF81A43F1D1049A059BA4184A
:10C7C8005D41336830009B6B984701238D4202D846
:0CC7D80002D1844200D90023D8B2E1E76E
:10C7E4000C4B13B5083303600023441C436083607F
:10C7F400016143618261C361E3774362013101D026
:10C804009A4206D10093002303491A000348FEF715
:10C8140009FF16BDC0A101104DA101100101FF8047
:10C8240010B50400044B0360044B04300360FEF7AE
:10C83400BBF9200010BDC0461CA2011048A2011083
:10C8440008B4024B9C46043808BC604725C8001055
:10C8540010B50400FFF7E4FF20001421FFF748FAA5
:10C86400200010BD08B4024B9C46043808BC604745
:04C8740055C8001093
:10C878000368C26A1B6A10B50400981A40181900A8
:10C88800F3F77EFE236B8B420AD9E36B4A099200C9
:10C898009B181F2211401E3A8A4019680A431A60E1
:04C8A800002010BD9F
:10C8AC0003001A680120013203D05868013043425A
:04C8BC005841704728
:10C8C00010B50A68046803000020944208D05B6831
:10C8D00049688B4204D08C4202D0D01A431E984142
:02C8E00010BD89
:10C8E200030040799A790430DB798018C0187047C8
:10C8F200036810B59B6A0400002B02D1C06905F0E1
:10C90200FAFE2368DB6A002B02D1A06A05F0F3FE6F
:10C9120023681B6B002B02D1E06B05F0ECFE10BD0F
:10C92400F0B589B00393036805921B6A039A0D005E
:10C934000E9C109F0790934229D8122237493848F9
:10C94400FEF73CFC079B1E68059B002B23D01B684D
:10C954000493049A039B93421DD1059B5968A142F9
:10C9640019D8B369CB189C4215D21E1BBE4200D9FC
:10C974003E00059B611A9B680493591832000F9876
:10C9840006F0E8F90F9BA4199B190F93BF1B002F06
:10C99400D8D1380040E073692A680493039B93421A
:10C9A4000DD169688C420AD3049BCB189C4206D2F1
:10C9B4001E1BBE4200D93E00AB68611ADDE72000B1
:10C9C4000499F3F7DFFD73680693002917D1049BDC
:10C9D4009F4214D319003800F3F7D4FD7F1A3000B6
:10C9E400049122000F9B0399069E0097B0470028EC
:10C9F40012D10F9BE419DB190F93049FC7E7039B24
:10CA0400621A2B60049B300000930399AB68069E66
:10CA14006A60B0470028BAD009B0F0BD7FA2011007
:04CA240085A20110D6
:10CA280030B50C00010085B0089D019300922300E9
:0ECA3800002214310295FFF771FF05B030BDEA
:10CA460010B50C008269FF21A06806F014FA0123D4
:06CA56005B42236010BDED
:10CA5C00F8B58B6A04000D000160002B15D0C36182
:10CA6C00EB6A002B1DD0A362210028002031FFF7B8
:10CA7C00E4FF012325685B426361686AC30617D033
:10CA8C002D4A2E492E48FEF795FB486905F024FEE9
:10CA9C00E0610028E4D12000FFF725FF0C20404284
:10CAAC0048E0A86905F018FEA0620028DCD1F2E786
:10CABC00002803D1234A21492348E4E72B6B002BA0
:10CACC000BD0E363AF6969693800F3F757FD0029B0
:10CADC000AD01E4A19491E48D5E7C00805F0FCFDCE
:10CAEC00E0630028EED1D6E7EE6939003000F3F7A9
:10CAFC0045FD0D1E03D0174A10491748C3E73100F6
:10CB0C00012008394042F3F7B3FC0138F3F77CFEFF
:10CB1C0020231B1A9B009E4203D2104A074910483F
:10CB2C00B1E7012328005B426360A360E5602561E7
:10CB3C000234E587F8BDC046120800007FA2011040
:10CB4C00A3A2011013080000C1A201101E080000CE
:10CB5C00D9A201101F08000008A301102208000030
:04CB6C0038A30110D9
:10CB7000F8B5C7690D68083F0E000020BD4215D307
:10CB800039002800F3F77AFC0138F3F7EFFE0230A2
:10CB900080003900281AF3F771FC0400F3F7E6FE71
:0ECBA00067438000281AC01B30602000F8BDDB
:10CBAE00F0B58DB01D00129B0691013B060009A940
:10CBBE00006807920993FFF7D4FF04002900149828
:10CBCE00139B9847002813D1002C11D00127022364
:10CBDE002740DB1B05939B0002930AAB0193009049
:10CBEE002B003000079A0699FFF795FE002809D012
:10CBFE000DB0F0BD139B0A991498984703000120BD
:10CC0E00002B09D1059B013B8342F3DC9B000AAA52
:0CCC1E00D558BB1EE418D1E71800E9E768
:10CC2C00F0B58BB006000691181E079207D10123B0
:10CC3C00119A5B421360129B18600BB0F0BD013867
:10CC4C00099009A93068FFF78DFF10A9050030681D
:10CC5C00FFF788FF0590059B079FAB4206D3119BFE
:10CC6C00109A1F60129B00201A60E6E7059BE81AD9
:10CC7C00F3F7CAFD04002800F3F7E4FD20231C1B86
:10CC8C00013C844200D904000423029307AB0193B6
:10CC9C00A300009300223B0030000699FFF73CFEF6
:10CCAC00079B0028C9D1012B03D93268126A934221
:10CCBC0005D98F2204490548D200FEF77BFA0123DF
:10CCCC00A340ED1AC7E7C0467FA2011084A3011050
:10CCDC00F0B514000200050001268BB01432E318E5
:10CCEC00079105920693069BA34202D100200BB03C
:10CCFC00F0BD172704ABFF18009400222800079BF7
:10CD0C00059902960197FFF707FE01340028EED132
:0CCD1C0032003900109802F06FFAE4E7D2
:10CD2800F0B513688FB00893536806000993002381
:10CD38000D00102703930593039B08AA9B009B589B
:10CD48000AAC049300222300300004990097FFF7EF
:10CD580067FE00280FD00300343307D1039B012B53
:10CD680006D10020059B834200D134380FB0F0BDB6
:10CD780001230393E0E7059B002B03D02368EA69AE
:10CD88009B1AEBD463685B005A08262BE6D93368F4
:10CD9800DB699A42E2D801233A005B42210007A8E6
:10CDA800079302F02BFA636807AA5B005B080092FE
:10CDB80030003A000499103BFFF78CFF0028CAD1D5
:10CDC800079B002BCAD10122049B08A96B60039B17
:10CDD8009446013313409B005B58EF60AB602B0017
:10CDE8001C3307CC07C32168196063460593B5E770
:10CDF800F7B507000C001600E268216A10004B0026
:10CE08005B080C30043B984216D80C21380000917E
:10CE1800331D6168FFF704FE051E12D1E768300074
:10CE28003760FFF75AFD3F18E7603000FFF755FD00
:10CE3800A3691818A06104E0002904DB0225326008
:10CE48006D422800FEBD2200210038002432FFF781
:10CE580067FF051EF5D11023E360A3691433A361AE
:02CE6800CAE717
:10CE6A00F0B5050093B004300E000024FFF719FD59
:10CE7A00A04209D10123280001AA07A9019402931B
:10CE8A00FFF74DFF041E0ED0200013B0F0BD3B7912
:10CE9A007F2B14D80822310005A805F032FF00289C
:10CEAA000DD10124F0E710A8FFF7FBFC0028EBD115
:10CEBA00280010AA07A9FFF732FF002809D103AFFB
:10CECA003A00280007A9FFF792FF0028DFD0831C49
:06CEDA00E9D00400D8E7D6
:10CEE000F7B51D00002306001400536201330191C1
:10CEF0009362270024373800FFF7D8FC002801D0C0
:10CF000000200FE03A0021003000FFF70DFF00285D
:10CF100008D12A0021003000FFF76EFF002802D060
:10CF2000831CE6D0FEBD70222B791340202BF0D15C
:10CF3000280001990830FFF7C3FC0028E9D101203F
:02CF4000F0E718
:10CF4200F7B5050004300E001400FFF7AEFC002810
:10CF520001D00020FEBD01236A460090019321000A
:10CF62002800FFF7E0FE0028F4D12700243738001C
:10CF7200FFF79BFC0028ECD131003800FFF79FFC43
:0CCF8200002801D03A00EAE70120E3E7B4
:10CF8E00F0B51D0016002C008BB0119B0690EB180F
:10CF9E0007910593059B9C4201D1012015E00123C9
:10CFAE001727029304ABFF18002233000799069847
:10CFBE0001970094FFF7AFFC002806D1109B3A783A
:0ECFCE005B1B1B5D01349A42E4D00BB0F0BD3A
:10CFDC00F7B50C0009680600170000254B1C0ED095
:10CFEC0000686268836900938568A368A847051E7A
:10CFFC0005D1002F05D121003068FFF71EFD280058
:10D00C00FEBD336839009B6930000193A368226828
:10D01C0000936368FFF7B5FF002803DBEBD13425E1
:08D02C006D42ECE70500EAE7A4
:10D03400F0B587B00293036805921B6A029A050053
:10D044000F000C9C934233D89C2240494048FEF781
:10D05400B5F83B68029A9A4230D17868A0422DD83C
:10D064002A6896698619B44228D20E9B361B9E42C2
:10D0740000D91E00BB68201A0D991818320005F05B
:10D0840069FE0D9BA4199B190D930E9B20009B1BFD
:10D0940003932B689969F3F775FA002906D13900CF
:10D0A4002800059AFFF798FF002805D1039B0E93EB
:10D0B4000E9B002BCDD1180007B0F0BD013303D077
:10D0C400B72222492348C2E72E682000B369190019
:10D0D4000393F3F757FA002930D10E9B039A934236
:10D0E4002CD311001800F3F74DFA0E9B30005B1A95
:10D0F40000930493B36803919C46220066460D9BFB
:10D104000299B0470028D7D1059B002B06D1049A79
:10D114000D9B944663440D93A418C7E7049B280011
:10D1240001930D9B029A009305992300FFF72DFFAD
:10D134000028C1DBEBD134204042BDE7029B611AD9
:10D144003B600E9B79600393B0E7C0467FA2011059
:08D1540085A20110AFA3011038
:10D15C00F0B50500140089B007931B680691029383
:10D16C004F4B5360436893608368D3604D4E029875
:10D17C00310006F0E9FB029B31001F18380006F065
:10D18C00E9F90390012806D13B782E2B0DD1039B96
:10D19C00FB180293EAE7039B022B06D1022238000C
:10D1AC00414905F0ADFD0028F1D0039BFB181E0092
:10D1BC0002930123049330003A4906F0C5FB36185C
:10D1CC003000384906F0C6F90590002815D0022821
:10D1DC000DD102223000344905F092FD002806D111
:10D1EC00049B013B0493002B04D1B31CD1E7049B9B
:10D1FC0001330493059BF618DDE73878002845D0F9
:10D20C00079B1F602379222B47D12600083632005A
:10D21C0028000699FFF782FD002837D1220028004C
:10D22C000699FFF7E3FD002830D17F2223791340C4
:10D23C00112B01D0222BF1D1E379039A9342EDD13A
:10D24C0029002368627904339B18A27900979B18F4
:10D25C00039A28000192069A14315268FFF791FE46
:10D26C00002813DBDAD02B0041331B78002B00D0C5
:10D27C007CE723797F2B00D878E731002800FFF773
:10D28C00EEFD002804D001DB0220404209B0F0BDC5
:10D29C007F2223791340237168E71420F5E7C046F9
:0CD2AC0022080000CBA30110CDA301104C
:10D2B80070B5436886B04B60836802AE01928B609C
:10D2C800320001AB05000C00FFF744FF002814D121
:10D2D8003379222B13D12100280004AAFFF720FD5F
:10D2E80000280AD163682361A36863610E23A361E0
:10D2F8000233E3602B6923602C6106B070BD1420F3
:04D308004042FAE7BE
:10D30C00020003691032002B03D08B4203D11B683F
:0CD31C001360002070471A001B68F4E743
:10D32800F0B5140084220D0007000021200087B00A
:10D33800520005F09FFDAB690E2B0CD12000143371
:10D3480025492370083006F0FFF80120AB69013346
:10D35800AB6107B0F0BD0F2B05D1200013331F4977
:10D3680023700830EFE702AE320029003800FFF7DB
:10D378003FFD002803D0831CEBD10020E9E77F2282
:10D3880033791A40112A01D0222AECD15BB2002B42
:10D398000ADA380004A9FFF764FD0028D9DBE2D1D6
:10D3A8007F2233791340337133792370112B01D1E4
:10D3B800F36863602300029A717904325218B179D4
:10D3C80038005218F179083300916968FFF728FB93
:10D3D8000028BED10130BCE7D0A30110CDA30110B5
:04D3E8008869704799
:10D3EC000A0010B510320C00FFF798FC002807D18A
:10D3FC00236963606369A3600E23A3610233E36056
:02D40C0010BD51
:10D40E00F8B507000C001500FFF7E9FF061E06D160
:10D41E00A561226A53005B08AB4202D3E56030007F
:10D42E00F8BDED1A002A09DA220021003800243254
:10D43E00FFF773FC0028ECD00600F0E716267642C4
:02D44E00EDE708
:04D45000086A7047AF
:10D454004B69CA691800920303D5086A984200D23E
:04D4640018007047F5
:10D46800F0B595B005AE0391150003AB320009A9DC
:10D478000700FFF76FFE041E18D184220100520036
:10D48800280005F0F7FC33792B70112B01D1F368D4
:10D498006B60391D07A8FFF70FFA2B00040008334B
:10D4A800002806D118000A4906F04EF8200015B0E9
:10D4B800F0BD059A717904325218B17938005218C2
:10D4C800F17900910A99FFF7ABFA0400EEE7C0463C
:04D4D800CBA30110D1
:10D4DC0030B59BB00500FFF7BBFA041E2CD12B68AE
:10D4EC00E8621B6A2863AB6301236863049004AA97
:10D4FC0028000FA90593FFF711FC041E21D120234E
:10D50C00102200932800109907ABFFF787FA041E2E
:10D51C0017D1089B08226B60099B0D49AB600DA8C5
:10D52C00039305F0EDFB041E09D10C9B1A0C012A88
:10D53C000BD19BB2012B08D820001BB030BD34247A
:10D54C0064422800FFF7CFF9F6E71624F8E7C04647
:04D55C00D2A3011045
:0AD5600010B5FFF7C6F9002010BD5A
:10D56A00F0B505009BB00430059106920024FFF740
:10D57A0098F9A04215D1012309900A9309990698AE
:10D58A00059B9847041E0CD10A990698059B984753
:10D59A00041E06D1280009AA0FA9FFF7C0FB041E22
:10D5AA0029D020001BB0F0BD0C232800009310994D
:10D5BA000CABFFF734FA0BAF061E65D13800FFF744
:10D5CA008BF97022129B1818079312903B7913401B
:10D5DA00102B10D1FB68002B0DD02900069A00935E
:10D5EA000292059A28000192BB6832001431FFF7B3
:10D5FA00D9FA002846D1129A179B110007935B00AB
:10D60A005B080C31043B9942CED9189B09A80993AF
:10D61A00199B07930A93FFF744F90028AED0802795
:10D62A00EE68BF02002EBCD08022F3695202134278
:10D63A0016D1F3693B4211D0336A002B0ED0069AF9
:10D64A0029000292059A0093019232002800736A17
:10D65A002C321431FFF7A6FA002813D13668E1E715
:10D66A007369002BE5D0069A29000292059A009365
:10D67A0001923200280033692C321431FFF792FAF2
:0CD68A000028D6D004008CE704008AE7DA
:10D69800F8B504000E00236B606BA56B98421CD193
:10D6A800002D49D0E26A27689818396AF2F768FFAE
:10D6B8007A6AE1621300AA4200D92B000021D2083D
:10D6C8006163E06B236305F0D5FB220020001C4951
:10D6D800FFF747FF0028DED025E01F210127014082
:10D6E8008F40421C013D6263A5634209E56B9200CD
:10D6F80052593A42D0D1E36AC0182368196AF2F73E
:10D708003FFF31600121276B636BBB4212D01F269C
:10D71800180030400E00864030005A0992005259D5
:10D728001040324200D1F8BD01336363A36B013B63
:10D73800A363E9E70020F6E71C204042F3E7C04670
:04D7480079C800108C
:10D74C0073B50C0004310600FFF7A0FF051E1ED1B7
:10D75C00210030000831FFF799FF051E17D1042373
:10D76C00009323000200616830001C33FFF756F968
:10D77C00002802D0030034330BD1E3690133E36199
:10D78C0014232362153B6362A3621133E360280008
:06D79C0076BD0500FBE76D
:10D7A200F0B504000E0089B0200007A9FFF773FF4F
:10D7B200051E08D120680799C3689847051E43D003
:10D7C20003003433F0D0280009B0F0BD2300143335
:10D7D200059301231322029302ABD2180192320065
:10D7E2002000736A059900972C32FFF79AF80028F7
:10D7F20012D10123210002AA029312339B18019332
:10D802002000079B059A00972031FFF712FC0028A1
:10D8120004D003003433C7D00500D4E70137B36A1C
:10D82200BB42D3D82368A16A9A69706B05F093FA58
:10D832002100236A2068F362636A20313363FFF7B1
:0CD8420001F9079B7362BEE70700E8E7EE
:10D85000F0B591B0089303230792CA6906000D0042
:10D860001340012B00D13BE1530314D4EB691A059B
:10D8700018D42F6A089AD74200D534E19B0317D5F4
:10D88000089B0493049AEB69002A23D1974A089CC9
:10D890001340EB6103E000F035F9041EE6D02000F0
:10D8A00011B0F0BD6A69296A8A42E2D92A62E0E7CA
:10D8B0006B699F42E4D92B6200230FAA13702900E1
:10D8C00030000133FFF7C4FF041EE8DB2B6A9F42E0
:10D8D000F2D8D5E72A002C32069280229202134217
:10D8E0001FD03368AA6ADB699A424ED13700336889
:10D8F00014371B6AB3636B6A0D932B6A0E93300067
:10D900000FA9FFF7C9FE041E1DD10F99012903D9E4
:10D910003068036A994221D9754A76497648FDF7FD
:10D920004FFC2B6A002BE1D02A0028320292013BE7
:10D93000043A0192009330006B692A690699FFF757
:10D9400075F9041E05D08023EA691B031343EB61BC
:10D95000A5E706993068FFF776F8C7E7C3689847E8
:10D96000041E06D023003433EDD101235B42336221
:10D97000C5E70E9B3068002B28D10F9A6A62AB6214
:10D980008023EA699B021343EB613368DF69AB6A6A
:10D99000FF1A049B9F4200D91F003200079B3000F2
:10D9A0000193AB6A0699009302976B6A1432FFF7F2
:10D9B00041FB041E00D183E003003433C3D12900AE
:10D9C0003000FFF7EEFE041EE7D0BCE7013B0EA9D6
:10D9D0000E93FFF7CDF832680E9BD26901330E9398
:10D9E0000594934248D10130F2F732FF030001332E
:10D9F0000B9009930594059B3A009B000A9304231E
:10DA000002930DAB01930A9B3000009306990F9B84
:10DA1000FFF710FB041EA5D10B9B059A934230D152
:10DA20000D9B012B3CD8354A3249354877E7012315
:10DA300008AA029312339B18059A019300923900A9
:10DA4000002230000D9BFEF76DFF041E00D07AE728
:10DA5000012308AA029312339B180193059B3A00F5
:10DA6000009330000F9B0699FFF7E4FA041E00D0E4
:10DA700078E7059B013305930E9B059A9A42D6D30E
:10DA80007BE7042302930DAB01930A9B02000093F2
:10DA9000390030000D9BFEF745FF041EC0D052E751
:10DAA0003268126A9342BED8059B01330593059AEA
:10DAB000099B93429FD80F9B6B62099B9B005EE77B
:10DAC0002B6ADB192B62AB6ADB19AB62079BDB1994
:10DAD0000793049BDB1B049333681B6AB363D1E693
:10DAE00009246442DBE61B24FBE7C046FFFFF7FF87
:10DAF0008C0400007FA20110DBA30110D3040000FE
:04DB000084A30110E9
:10DB0400F0B5CB6905000C0093B05A0305D501228A
:10DB14005242CA622D4A1340CB61E36900209B0341
:10DB24002CD501002C2204A8276A05F0A5F9236945
:10DB34002A00089363690C970993012314320B9309
:10DB44000FAB43CA43C301262B00764214336E61E4
:10DB54000193236A6269934212D321002800019A37
:10DB64002C31FFF739FA002822D00300343305D1D1
:10DB740021002800FFF713FE0028EED013B0F0BDFB
:10DB840002AA01232800073204A900F023F8002880
:10DB9400F4DB02AA0123210028000732FFF756FE16
:10DBA4000028EBDB6B690133D3D00F966E61D0E7AD
:10DBB400636A074A2361236A27626361E3691A403F
:10DBC40080235B021343E361D8E7C046FFFFFBFFFA
:04DBD400FFFFFDFF53
:10DBD800F0B51D00032387B00592CA6906000C0042
:10DBE8001340022B55D0930306D4236A62690020A0
:10DBF800934206D307B0F0BDFFF780FF0028F4D0AA
:10DC0800F8E7D31A0493AB4200D90495049F002F78
:10DC180001D10498EEE78022E369D202134204D0CE
:10DC28003368A26ADB699A4214D1230021002833A1
:10DC38000293043B0193236A3000009322696369CD
:10DC48002C31FEF7EFFF0028D4D18023E269DB02F4
:10DC58001343E3613268A36AD569ED1ABD4200D95E
:10DC68003D002100059A0093019230000022636A6A
:10DC780002952C31FEF752FE0028BBD1236A7F1B88
:10DC88005B192362A36A5B19A362059B5B19059361
:08DC9800BDE709204042ADE7A1
:10DCA00070B50D0014001E00FFF72CFF00280DD1E9
:10DCB000002E07D02B6A012E01D1E41802E0022EBB
:10DCC00005D01C00002C04DB20002C6270BD6B69A9
:08DCD000F3E716204042F9E7DA
:10DCD8000323F0B51600CA6905000C0087B013408D
:10DCE800012B46D0FFF7B2FB0300B0421DD921003B
:10DCF8002800FFF703FF002815D105AB0293230086
:10DD08002100103305900193280063692269009669
:10DD18002C31FEF787FF002805D18023E2695B02DA
:10DD280013436661E36107B0F0BD0020B342FAD245
:10DD3800276ABB4207D00200022321002800FFF710
:10DD4800ABFF0028EFDB236AB34209D300233A0074
:10DD580021002800FFF7A0FF0028E4DD0020E2E70B
:10DD6800002305AA1370210028000133FFF76CFD7A
:08DD7800E7E709204042D6E76D
:10DD80000300F0B5012740331F70031DA9B0040044
:10DD900018000193FEF78AFD06000020864236D166
:10DDA00007AD2C223100280005F068F880232822D6
:10DDB0001B06310012A82B6205F060F81C97370093
:10DDC00023681B6A9F4202D3342040421FE01BA8F5
:10DDD000FEF76CFD002800D06BE020001BAA12A902
:10DDE000FEF7A2FF002812D12B6A002B3CDB019822
:10DDF000FEF75CFD00280CD01B9B01936B621C9B03
:10DE0000AB62002329001A00200000F054F829B06A
:10DE1000F0BD200003AB1DAA10A9FFF761F8002890
:10DE2000F5DBE9D0059A1099069B11988A4201D139
:10DE3000984219D0824201D1994215D06A62DFE737
:10DE4000702202AB9B181B787F2B0DD920001FA9D5
:10DE5000FFF70BF80028DADB1BD0310020001DAAE9
:10DE600000F064FA0028D2D112AE310020001DAAC1
:10DE7000FEF7C2FF0028E3D0831CC8D12B0007CED9
:10DE800007C307CE07C307CE07C3013706CE06C3B5
:10DE900096E770227F2102AB9B181B780B4002A9EA
:10DEA0008A181370310003001DAA200000F046F903
:06DEB000D8E70020ABE7FB
:10DEB600F0B59FB00B93CB698C680133CB610B1D1A
:10DEC600099313000600089248680B9A0D004C60EF
:10DED60088601101C91899420FD100230D940E9044
:10DEE6000A9330686968C3689847041E0DD02300FA
:10DEF600343300D1F1E02000FEE0DF682A6AD2194F
:10DF06005F681033D21B2A62E5E72F0001231C3716
:10DF16005B42102239000FA80F9301F070F933000D
:10DF260020330693102322000293009430006B687E
:10DF360006990197FFF77BF8041ED8D110230790A6
:10DF4600049305932BE0079B0B9A934200DB9EE01C
:10DF56001F01089B059ADF193B68934200D096E0A3
:10DF6600FA68B9680FA801F04AF9FB680022029323
:10DF7600BB6830000193049B069900936B68FFF71A
:10DF860056F8041EB3D17A68059B94466344049AF6
:10DF96000593FB68D3180493079B013307932B6AF9
:10DFA600049A5B005B08043B9342CCD8042302939B
:10DFB6000FAB01930092300000226B680699FFF7C1
:10DFC60036F8041E93D101235B4202000699300005
:10DFD6007361FFF700F8041E89D13068036998471A
:10DFE600041E00D083E701235B4213932B6A13AF11
:10DFF6005B005B08020069683000043B0097FEF78F
:10E006006AFE041E00D076E7139B0F9A934264D1F2
:10E016000A9B002B2BD0341D2000FEF744FC002861
:10E0260000D075E03A0030000FAB0DA9FEF755FFA2
:10E03600002861DB00D16BE06B6839001193AB6897
:10E04600300012930FAA002300F075F8002853D170
:10E0560021000DA8FEF731FC002803D16B68736020
:10E06600AB68B3603000FFF788FE002844D13469FE
:10E07600002C00D13FE70999201DFEF71EFC002861
:10E0860003D16B686360AB68A3602468F0E7012383
:10E0960013AF009330003B00059A0E99FEF7C1FCC2
:10E0A600041E00D027E7012239000FA801F0A7F8C7
:10E0B60001230293049B2200009330006B680699AB
:10E0C6000197FEF7B4FF041E00D010E7059B01334D
:10E0D6000593049B0133049361E701235B4233629A
:10E0E600002313A913930DA801331493FEF7E5FB40
:10E0F600002803D1342040421FB0F0BD30000999FA
:10E10600FFF7C7FA01230A93002800D1E9E6F3E7EF
:10E116003A0030000DA9FEF711FF0028ECDBA6D06F
:10E126006B6839007B62AB683000BB6200231A0063
:06E13600FFF7BEFE99E7B1
:10E13C0070B515000C2610CD88B00094A41901966A
:10E14C00029503960494D2790693059207925A1E6F
:0EE15C0093416A460133FFF7A8FE08B070BD7C
:10E16C00F0B593B006000D00FFF7C6FC041E3ED1BF
:10E17C009023EA691B03134080225202934236D14A
:10E18C002F1D3800FEF78CFB002830D13A003000F0
:10E19C0007A9FEF7C3FD041E29D101000C2204A817
:10E1AC0004F066FEEB68300003930C23EA680093DE
:10E1BC00089904ABFEF732FC03AF041E17D13B7970
:10E1CC00112B04D00B4A0C490C48FCF7F3FF2B69BC
:10E1DC003A00BB606B6907A9FB6003003000FFF7D6
:10E1EC00A7FF041E03D1EA69054B1340EB61200025
:10E1FC0013B0F0BD130600007FA201100AA4011099
:04E20C00FFFFFEFF13
:10E2100070B505000C00FFF7A9FF2A000600EB68A7
:10E220000C32002B03D0A34210D123681360A369E2
:10E23000002B02D01B68002B06D12B685B6B002BD8
:10E2400002D1606B04F058FA300070BD1A001B68F0
:02E25000E7E7FE
:10E25200F0B506000C0097B0009201930098FEF70B
:10E262003FFB3368256ADB692818984217D8009B60
:10E27200043D20C30D930C2300220E93019B0C92AC
:10E282001193009B10920B950F95DB79210012934D
:10E2920002230BAA3000FFF70DFE17B0F0BD002DD0
:10E2A20039DB0BAD2B00220083CA83C383CA83C32D
:10E2B20083CA83C303CA03C321003000FFF745FAB0
:10E2C2000028EAD16B6A009A6362AB6A0490A36287
:10E2D200236A0890043B08C205920C220393079319
:10E2E200019B06920993009B2100DB7930000A937F
:10E2F20003AA0223FFF7DEFD0028CED180232A6A7B
:10E302001B0613432B62636802006B62A368290039
:10E31200AB620300BEE72200210030002432FEF788
:08E3220002FD00289AD0B8E7C3
:10E32C00F0B50C00070091B010001500FEF7D3FA01
:10E33C00236A14305B005B0883421ED13800211D18
:10E34C0005AAFEF7F8FD0190002813DB0D9B002BAE
:10E35C0013DA216A304A38000A4313400D93636A7A
:10E36C0005A90E93A36A01930F9300231A00FFF7DC
:10E37C009CFD0190019811B0F0BD2B68280005930D
:10E38C00FEF7A9FA002306900793089321003800A2
:10E39C00013305AAFFF789FD01900028EAD1231D5E
:10E3AC00FE680393002E1AD13E690434002EE1D08E
:10E3BC002100301DFEF77EFA00280ED1F7682B687D
:10E3CC009F420AD92800FEF786FA3F1AF760280008
:10E3DC00FEF781FAB369181AB0613668E6E703995B
:10E3EC00301DFEF767FA002809D1F3680293029AF0
:10E3FC002B689A4205D101235B427360B360366887
:10E40C00D0E7029A9A42FAD92800FEF764FA029BE6
:0CE41C00181AF060F3E7C046FFFFFF7F16
:10E42800F0B5A5B00500FEF715FB041E7BD12B68DF
:10E4380001005A6AE86BD20804F01CFD2A68EC62F5
:10E44800136A526A9A4200D91A002A6300222800E5
:10E458006A63AB630EA9FFF775F9041E60D1280043
:10E4680019A9FFF76FF9041E5AD10300020019A970
:10E478002800FFF71CFD041E52D1102205922B4ADA
:10E4880005AB9A80082229689871C869096A1B9E99
:10E498001A9F0A912649AE6009900B916F60254931
:10E4A8000CA8DA710896079704F052FC342310225E
:10E4B8001693143B189601920293049328001F3B6D
:10E4C80006AE01AA0EA917970396FFF7F0FC1023D2
:10E4D800002804D00200343202D0040020E00124D5
:10E4E8000193202328000293049301AA1F3B0EA93D
:10E4F8000396FFF7DCFC002804D003003433ECD18A
:10E50800002CEAD000232800019301AA01330EA9A8
:10E518000293FEF705FC041E02D12B681B6AAB634D
:10E528002800FEF7E2F9200025B0F0BD2E14000007
:08E538000100010027A40110FD
:10E54000030070B59CB0019140331B780500002B8F
:10E550003FD002AE3200280001AB06A9FEF7FEFD57
:10E560000400831C3CD12F21019804F087FF002870
:10E5700033D12B6828001B6A11A9AB63FFF7E6F8BB
:10E58000041E2AD10F9B02001A93109B11A900931D
:10E590001B9303002800FFF78EFC041E1DD1019C75
:10E5A000124BB0712000B38005F05CF9129A139BF6
:10E5B000F071B260F3600F921093320023002800D4
:10E5C00006A9FFF746FE041E07D12B681B6AAB6342
:10E5D00003E0FFF7D5FB041EBBD020001CB070BDCC
:10E5E0000028FAD111246442F7E7C046220800004F
:10E5F000F0B595B0009303230392009A06000C0037
:10E600001340012B11D105AF3A00300003AB09A92B
:10E61000FEF7A4FD051E14D13B79222B00D18BE01F
:10E62000009B9B052FD5112566E0030040331B7826
:10E63000002BE8D1FFF7A4FB051EE4D0280015B09D
:10E64000F0BD831CFAD1039B2F211800019304F025
:10E6500015FF02900028F1D1009BDB05EED5374B6A
:10E66000B8710198BB8005F0FDF801235B42BB60E7
:10E67000029BF871FB603A003000019B09A9FFF78B
:10E68000E8FD051EDAD1009A1A9BE2610022A3611F
:10E690000A9B226263600B9B009AA360059BE36068
:10E6A000079B01932361089B636152050FD40123EB
:10E6B0005B42E3621A9B002B16D01B68002B13D021
:10E6C00063630323E2691340012B24D02EE0002B67
:10E6D00004D08023009A5B021343E36101235B4271
:10E6E000236100236361E2E733685A6B002A07D095
:10E6F000F368002B02D00C256D429FE76263E0E7D0
:10E700000322E1690A40012A0AD1586903F0EAFFAD
:10E7100060630028EFD0F36800252360F4608DE784
:10E72000986903F0DFFF60630028E4D021003068BF
:10E730002C31FEF788F9EEE71525DDE7110800001A
:0CE7400013B500240094FFF753FF16BD32
:10E74C00030010B59CB0019140331B780400002BE2
:10E75C0009D0200001AB02AA06A9FEF7F9FC00289B
:10E76C0006D01CB010BDFFF705FB0028F1D0F8E770
:10E77C006B461B7B222B17D0200002AA06A9FFF7A1
:10E78C00CFFD0028EDD16B461B7B222BE9D120005D
:10E79C0006AA12A9FEF7CFFB0028E2DB11D10F4A23
:10E7AC000F491048FCF706FD200004AA11A9FEF73A
:10E7BC00B5FA0028D5D1199B142BDDD02720404267
:10E7CC00CFE71A9B20000F931B9B06A90093109375
:10E7DC0000231A00FFF769FBC3E7C046710700006E
:08E7EC007FA2011030A401100E
:10E7F4000300F0B5B3B00391029240331B780400D8
:10E80400002B44D0039B05AF04933A00200004ABD3
:10E8140011A9FEF7A1FC00283DD180233A795B427F
:10E8240013433B713A00030011A92000FFF784FC55
:10E83400002830D109AE3200200002AB1CA9FEF73B
:10E844008BFC051E29D0831C25D12F21029804F0AE
:10E8540013FE03002800002B1DD10DAF3B0007CE93
:10E8640007C30EAB06AA43CA43C37F223B79029E69
:10E87400134030003B7104F0F3FFF871AB1C20D15E
:10E8840033003A0020001CA9FFF7E1FC1FE0FFF76A
:10E8940075FA0028B6D033B0F0BD7F213B793279C8
:10E8A4000B409A424AD1222AD7D120000BAA27A989
:10E8B400FEF738FA0028EED12F9B142BCDD0272059
:10E8C4003DE033003A0020001CA9FFF735FC002886
:10E8D400E1D12700012341373B70200003AB05AA97
:10E8E40011A9FEF739FC0028D5D10600387005AA15
:10E8F400200011A9FFF718FD0028CCD1AB1CCAD009
:10E9040009AB1B79222BC6D120001CAA28A9FEF72B
:10E9140016FB0028BFDB05D1FB220A490A48D200B6
:10E92400FCF74CFC309B32002593319B2000019373
:10E9340026931CA93300FFF7BCFAACE7152040422C
:0CE94400A9E7C0467FA2011030A401101A
:10E95000002807DC0300163304DA0300343301D146
:06E960008A2040427047CE
:10E96600F7B50024170005681E00C0690A002300D9
:10E976002100F1F7CEFF3A00230012184B41089808
:10E9860029680090019428004C693100A047FEBD1B
:10E99600F7B50024170005681E00C0690A002300A9
:10E9A6002100F1F7B6FF3A00230012184B410898F0
:10E9B60029680090019428008C693100A047FEBDAB
:10E9C600030073B50024DE691D68320023000800C9
:10E9D6002100F1F79EFF0B002968009601940200C2
:08E9E600C9692800884776BDCD
:0CE9EE0010B5006803681B69984710BD55
:0AE9FA00036801330360002070473A
:10EA0400F7B507000400A43738000D00FDF73CFB00
:10EA14002300903300931D602B6828009B6898475F
:10EA2400061E06D00023009A13603800FDF748FB49
:10EA340056E0010023002000583324226C30019357
:10EA440004F01AFA274BA565E365274B28002366D3
:10EA5400264B6366264BA3662B685B6A98472300A4
:10EA6400E06694331B68984200D2E3662B68280062
:10EA74009B6A98472300206798331B68984200D20A
:10EA840023672B682800DB6A9847230060679C3360
:10EA94001B68984200D263672B6828009B6B9847D9
:10EAA4000023626FF1F716FF1F23A0671F309843FE
:10EAB4002300E067A0331B68984200D9E367200075
:10EAC40001991430FEF708FD061EAED00023009A0B
:10EAD40038001360FDF7F4FA3000FFF737FF060043
:10EAE4003000FEBD67E9001097E90010C7E9001087
:04EAF400EFE9001036
:10EAF800F8B5050007002E000024A437380090362A
:10EB0800FDF7C0FA3368A34213D028001430FEF78B
:10EB180023FD041E02D0FFF717FF040030680368C6
:10EB2800DB689847002802D0002C00D1040000239D
:0CEB380033603800FDF7C2FA2000F8BD81
:10EB440070B505000400A43528000E00FDF79CFAFA
:10EB5400200031001430FFF7F7FD04002800FDF712
:0AEB6400AFFA2000FFF7F2FE70BDCB
:10EB6E00F8B507000400A43738000D001600FDF7B5
:10EB7E0086FA2000320029001430FFF734FE04001C
:0EEB8E003800FDF798FA2000FFF7DBFEF8BD17
:10EB9C0070B505000400A43528000E00FDF770FACE
:10EBAC00200031001430FFF7C5FC04002800FDF7ED
:0AEBBC0083FA2000FFF7C6FE70BDCB
:10EBC800F0B506000500A436C5B0300014000F00EB
:10EBD800FDF758FA2800390002AA1430FEF740FC65
:10EBE80005003000FDF76AFA039B0193236102AB2D
:10EBF8001B78112B0DD0223B5A1E9341064A5B42CB
:10EC08001340064A9B1828006360FFF79DFE45B035
:10EC1800F0BD034BF7E7C04601BEFFFFFF41000010
:04EC2800FF81000068
:10EC2C00F7B506001400370028220021200004F05C
:10EC3C001FF90023A43738000193FDF721FA3000A7
:10EC4C000D49143001AAFEF78AFC05003800FDF7C7
:10EC5C0033FA002D0DD1736F019A23606360B36F8B
:10EC6C00E560A3609B1A2361A361FF236561E561E5
:0CEC7C0063622800FEBDC046FBE90010EA
:10EC8800F0B5070085B03E0038201C0002920191C3
:10EC9800FCF7F8FFA43605003000FDF7F3F903226E
:10ECA80020001437BC461040144236D000210128F9
:10ECB80035D0022802D00800002200E00800802396
:10ECC80067105B001F4003978027A310BF003B40DD
:10ECD800039F3B438027FF0027401F4380232402D4
:10ECE8001B0123403B4303430B4313432900604666
:10ECF800029AFFF721FD04003000FDF7DFF9002C30
:10ED080006D1019B1D602000FFF71EFE05B0F0BD77
:10ED180038212800FCF7EAFFF5E70121CCE70220BB
:02ED2800CAE738
:10ED2A0070B506000400A43630000D00FDF7A9F9FD
:10ED3A00200029001430FFF766FA04003000FDF7BE
:10ED4A00BCF9002D03D038212800FCF7CEFF2000A3
:06ED5A00FFF7F9FD70BD9A
:10ED6000F7B507000400A437380015001E00019114
:10ED7000FDF78CF9200033002A0001991430FEF7CA
:10ED80002BFF04003800FDF79DF92000FFF7E0FDA0
:02ED9000FEBDC6
:10ED9200F7B507000400A437380015001E000191E2
:10EDA200FDF773F9200033002A0001991430FEF7B1
:10EDB2004EFD04003800FDF784F92000FFF7C7FD7F
:02EDC200FEBD94
:10EDC40070B505000400A43528000E00FDF75CF9B9
:10EDD400200031001430FFF7C7F904002800FDF7C4
:0AEDE4006FF92000FFF7B2FD70BDCB
:10EDEE00F7B507000400A437380015001E00019186
:10EDFE00FDF745F9200033002A0001991430FEF783
:10EE0E0048FF04003800FDF756F92000FFF799FD82
:02EE1E00FEBD37
:10EE200070B505000400A43528000E00FDF72EF98A
:10EE3000200031001430FEF70BFB04002800FDF722
:0AEE400041F92000FFF784FD70BDCA
:10EE4A0070B505000400A43528000E00FDF719F975
:10EE5A00200031001430FEF7F8FA04002800FDF70C
:0AEE6A002CF92000FFF76FFD70BDCA
:10EE7400F8B507000400A43738000D001600FDF7AC
:10EE840003F92000320029001430FEF723FF0400A8
:0EEE94003800FDF715F92000FFF758FDF8BD16
:10EEA200F7B504002C2027000E000192FCF7EDFEBE
:10EEB200A43705003800FDF7E8F820002900019A80
:10EEC2001430FEF7F8F904003800FDF7FAF8002CC8
:10EED20004D135602000FFF73AFDFEBD2C21280049
:06EEE200FCF707FFF6E754
:10EEE80070B506000400A43630000D00FDF7CAF81E
:10EEF800200029001430FEF705FA04003000FDF761
:10EF0800DDF8002D03D02C212800FCF7EFFE2000AF
:06EF1800FFF71AFD70BDB9
:10EF1E00F0B507000400A437C3B038000E0015008A
:10EF2E00FDF7ADF820006A4631001430FEF7F5F912
:10EF3E0004003800FDF7BFF8012C0FD16B461A788C
:10EF4E000523112A03D00023222A00D103332A00DD
:10EF5E00FF322800537002A904F0F3FA2000FFF7E5
:06EF6E00F0FC43B0F0BD11
:10EF7400F8B507000400A43738000D001600FDF7AB
:10EF840083F82000320029001430FEF73EFA3800DE
:06EF9400FDF796F8F8BD40
:10EF9A0070B505000400A43528000E00FDF771F8CD
:10EFAA00200031001430FEF71AFA04002800FDF799
:0AEFBA0084F82000FFF7C7FC70BDCB
:10EFC40070B506000400A43630000D00FDF75CF8AF
:10EFD400200029001430FEF707FA3000FDF770F81E
:02EFE40070BDFE
:10EFE80010B50400074B0360074B4360FFF780FD33
:10EFF8002000A430FDF77AF82000FDF70FFC200070
:0CF0080010BDC0463CA40110BCA40110C7
:10F0140008B4024B9C46043808BC6047E9EF001072
:10F0240010B50400FFF7DEFF2000C821FCF760FEE6
:04F03400200010BDEB
:10F0380008B4024B9C46043808BC604725F0001011
:10F0480070B5040015001E0000F084FB2000134B6F
:10F0580044222360124B00216360143003F00AFF3E
:10F06800200038220021583003F004FF230000223A
:10F07800200090331A60049A5E609A60059AA43062
:10F08800DA60069A1A61FCF7F5FF002D03D0290013
:10F098002000FFF7B3FC200070BDC0463CA401105F
:04F0A800BCA40110F3
:10F0AC00F0B51D000368A3B09B6804000F001600A8
:10F0BC00984700283CD10100242208A803F0D8FE70
:10F0CC00234B20000493234B03940593224B06936C
:10F0DC00224B079323685B6A984787422AD808908B
:10F0EC00236820009B6A9847864225D8099023689C
:10F0FC002000DB6A9847854220D80A9023682000BC
:10F10C009B6B98470A9B1A0001930023F1F7DEFBD7
:10F11C001F230B901F309843289B834210D30C90D5
:10F12C0003A911A8FFF77AF900280CD0FFF70AFC05
:10F13C0023B0F0BD0897D3E70996D8E70A95DDE729
:10F14C00289B0C93ECE723682000DB689847EFE7DB
:10F15C0067E9001097E90010C7E90010EFE900100B
:10F16C00F7B506000500A43630000F00FCF788FF49
:10F17C002B0090331B68002B0CD0002F00D11F00EC
:10F18C002B6828009B6A9847041E0CD03000FCF7B3
:10F19C0093FF06E0002F06D130001324FCF78CFF00
:10F1AC0064422000FEBD2B00A0331B682A00009394
:10F1BC0029002B0098329C33943138001B6812685C
:10F1CC000968FFF76DFF041EE0D12B683900280099
:08F1DC005B6A98470400D9E7C3
:10F1E40010B51F2201244308002B06D0190040004B
:0EF1F40021400843013A5B08F6E7904010BD49
:10F20400F8B515000E001F2201270400006843080A
:10F21400002B06D01900400039400843013A5B082E
:10F22400F6E79040FFF7DCFF721931000F260B4D13
:10F2340020608A4210D00B7801311F0047403740CC
:10F24400BF007F59000947401B097B4033409B00A6
:10F2540058593F097840ECE72060F8BD0892011046
:10F26400436870B504000D00002B09D10B68010040
:10F27400DB6D280008319847002800D1656070BD17
:06F2840016204042FBE7EA
:10F28A0010B504004068002806D00368A1681B6E08
:0EF29A0098470023636010BD16204042FBE73A
:10F2A800054B10B50833036043680400002B01D0F8
:0CF2B800FFF7E7FF200010BDF4A40110D8
:10F2C40010B50400FFF7EEFF20000C21FCF710FD41
:04F2D400200010BD49
:10F2D800030040680A0010B5002804D14B220449F5
:10F2E8000448FBF769FF01688C6E9968A04710BD58
:08F2F800E8A40110F0A40110CC
:10F300000300406810B5002804D151220449054883
:10F31000FBF756FF02689968D26E904710BDC04651
:08F32000E8A40110F0A40110A3
:10F328000300406810B5002804D157220449054855
:10F33800FBF742FF02689968126F904710BDC046FC
:08F34800E8A40110F0A401107B
:10F350000300406810B5002804D15D220449054827
:10F36000FBF72EFF02689968526F904710BDC046A8
:08F37000E8A40110F0A4011053
:10F37800436870B504000D00002B04D144220849ED
:10F388000848FBF719FF022228000021FF3203F08A
:10F3980071FD60682A000368A1685B6E984770BDBC
:08F3A800E8A40110F0A401101B
:10F3B000034B083303600023436083607047C046FB
:04F3C000F4A40110A0
:10F3C40070B50D0041680400002909D129680E6B4D
:10F3D400010028000831B047002800D1656070BDE5
:06F3E40016204042FBE789
:10F3EA0010B504004068002806D00368A1685B6B6A
:0EF3FA0098470023636010BD16204042FBE7D9
:10F40800054B10B50833036043680400002B01D096
:0CF41800FFF7E7FF200010BD54A5011015
:10F4240010B50400FFF7EEFF20000C21FCF760FC90
:04F43400200010BDE7
:10F4380070B5040040681300002804D1442205492F
:10F448000548FBF7B9FE0268956B0A00A168A84752
:0CF4580070BDC04644A501104DA5011078
:10F4640070B5040040681300002804D14A220549FD
:10F474000548FBF7A3FE0268D56B0A00A168A847FC
:0CF4840070BDC04644A501104DA501104C
:10F490000300406810B5002804D1502204490548F3
:10F4A000FBF78EFE02689968126C904710BDC0464B
:08F4B00044A501104DA5011057
:10F4B8000300406810B5002804D1562204490548C5
:10F4C800FBF77AFE02689968526C904710BDC046F7
:08F4D80044A501104DA501102F
:10F4E00070B5040040681300002804D15C2205496F
:10F4F0000548FBF765FE0268956C0A00A168A847FD
:0CF5000070BDC04644A501104DA50110CF
:10F50C000300406810B5002804D162220449054864
:10F51C00FBF750FE02689968D26C904710BDC0464C
:08F52C0044A501104DA50110DA
:10F534000300406810B5002804D168220449054836
:10F54400FBF73CFE02689968126D904710BDC046F7
:08F5540044A501104DA50110B2
:10F55C000300406810B5002804D16E220449054808
:10F56C00FBF728FE02689968526D904710BDC046A3
:08F57C0044A501104DA501108A
:10F58400030040680A0010B5002804D1742204491D
:10F594000448FBF713FE01688C6D9968A04710BD01
:08F5A40044A501104DA5011062
:10F5AC00034B083303600023436083607047C046FD
:04F5BC0054A5011041
:06F5C00058204042704794
:06F5C6005820404270478E
:06F5CC0058204042704788
:04F5D200002070475E
:0EF5D60010B5036800229C6C0123A04710BDF5
:0EF5E400036810B59C6C00231A00A04710BDF0
:10F5F200F8B503680400DB6C0D0098472368060029
:10F6020029009F6C002202232000B84723680700CC
:10F612009B6C32009C462900002320006446A047D0
:04F622003800F8BDF7
:06F626005820404270472D
:02F62C00704725
:04F62E000020704701
:0CF6320010B5036800229B6E984710BDC5
:10F63E000368F7B5DB6E04000D00984701900220B9
:10F64E00FF30FCF71CFB23680600290020001B6F0F
:10F65E009847002723683200290020005B6E9847E8
:10F66E00002801DD0137F5E72368290020009B6E95
:10F67E00019A984702213000FF31FCF734FB380025
:02F68E00FEBDBF
:10F6900010B50400024B0360FFF7B6FE200010BD5A
:04F6A000B0A5011000
:10F6A40010B50400FFF7F2FF20000C21FCF720FB4B
:04F6B400200010BD65
:10F6B800F7B506000C201F000D000192FCF7E2FAD6
:10F6C8000400FFF76FFF094B3100236020003B0067
:10F6D800019AFFF773FE061E05D0236820005B68B9
:10F6E80098473000FEBD2C60FBE7C046B0A501106E
:10F6F80010B50400024B0360FFF7D2FD200010BDD7
:04F7080004A6011042
:10F70C0010B50400FFF7F2FF20000C21FCF7ECFA17
:04F71C00200010BDFC
:10F72000F8B505000C200E001700FCF7AFFA040036
:10F73000FFF73EFE084B29003A0020002360FFF748
:10F7400091FD051E05D0236820005B6898472800BE
:0CF75000F8BD3460FBE7C04604A60110C1
:10F75C0010B50400054B012208C0FBF7FBF9044B64
:10F76C0020002360034B636010BDC04690980110CD
:08F77C0030A60110B0A6011037
:10F7840070B50400FFF72FFE0500236820005B68B6
:06F794009847280070BD3B
:10F79A0070B50400FFF774FD0500236820005B685C
:06F7AA009847280070BD25
:10F7B000F7B50025684600950195F8F713FDA842B6
:10F7C00044D12348234C24182348241A2100684696
:10F7D000F8F7F8FC0500601E2900F0F74FFE461C04
:10F7E0006846F8F7F3FC04006846F8F7F3FC0700F6
:10F7F0006E43E4196846A41B6D00F8F713FD290059
:10F800002000F0F7ABFF002907D02000E1172A0005
:10F81000EB17F1F761F868430400104F3B78BFF332
:10F820005B8F0F4DDB0711D43800FCF721F800285F
:10F830000CD0220031002800FCF7D4FF3800FCF780
:10F8400039F82800074A0849FBF7FEFF2800FEBDEB
:10F850001CC001107C110020C0000020501C0020A2
:0CF86000A01100205803002025C7001054
:02F86C007047E3
:04F86E0001207047BE
:10F87400054B064A1A608022054B5202DA64802244
:10F884009205DA647047C046900011509314010049
:04F8940000201150EF
:02F898007047B7
:10F89C008022024B92021A607047C0469020115091
:10F8AC008022024B92021A607047C0469030115071
:04F8BC0081607047B0
:10F8C0008022024B5201DA647047C046002011507A
:08F8D0000048704754A8011024
:04F8D8004020704715
:10F8DC00D03003790160591E8B4192055B03920D68
:10F8EC001A438023DB001A43034BDA6703795A422D
:0CF8FC00534103717047C04608001050D3
:10F908000322054B9A668022044B1201191D083305
:10F91800CA67DA677047C0460000115000001050EF
:10F92800F0B57F270F400400CE111648791EC90094
:10F938000D18002E01D014480D18E8200001844647
:10F94800E16800205118614519D20C21794386429B
:10F9580016D01031002061180871E0680B4E9B0624
:10F96800861981308E60FF30094903430B432B60B1
:10F978003F2301203F329A43E3689A18E260F0BDC2
:10F98800D031E7E70C0010500800105080011050EB
:04F99800000002A0C9
:02F99C007047B2
:10F9A0007F231940044BC900C9188023CA6F1B016B
:0CF9B0001343CB677047C046080010509E
:10F9BC007F231940034BC900C918CB6F024A13406F
:0CF9CC00CB67704708001050FFF7FFFFEA
:10F9D80030B57F242140733C4C4300190400D034D7
:10F9E8002260D43002789B051400651EAC419B0D43
:10F9F800640323438024E4002343044CC900091909
:10FA08004B6053425A410270012030BD80001050B3
:10FA1800C82110B504004900FCF768F9200010BDA2
:10FA280010B5054A0021054803F024FA8022044B4A
:10FA38005202DA6410BDC046F80F000008001050EA
:04FA48000030115029
:10FA4C00080010B5082A00D90822024903F07EF9F3
:08FA5C0010BDC046000010506F
:10FA6400094B10B5DA6F002413040AD50300D03310
:10FA740018689205940D002803D02200996803F0B9
:0CFA840069F9200010BDC04608001050B9
:10FA900070B504001500002902D0806903F05CF9FC
:10FAA000FFE7FFE7FFE7FFE7FFE7FFE7227D531EE2
:10FAB0009A41842352032A431B021A43034BDA67F9
:10FAC000237D5A425341237570BDC0460400105037
:10FAD0007F230D4A1940CB009B185B6810B50024AA
:10FAE0001A040ED59C050C23594341180B00D03342
:10FAF0001868A40D002804D0D8312200096803F04A
:0CFB00002BF9200010BDC0468000105002
:10FB0C00F8B57F24060017001D000C40002A07D012
:10FB1C000C236343C3182A003900986903F016F9C3
:10FB2C00FFE7FFE7FFE7FFE7FFE7FFE70C20604396
:10FB3C003018027D10341300591E8B4184215B0355
:10FB4C002B4309020B430449E400635053425A41CE
:0CFB5C0002750120F8BDC04600001050EA
:10FB6800036810B59B6998472022034BDA67BFF3F7
:0CFB78004F8FBFF36F8F10BD04E100E061
:10FB84002022074B10B5DA67BFF34F8FBFF36F8F97
:10FB9400044B1B6858680368DB6A984710BDC0466D
:08FBA40004E100E0C81D00208F
:10FBAC000023202210B58360134B41601860134B67
:10FBBC00DA67BFF34F8FBFF36F8F8023104A5B045C
:10FBCC001360104A10481360190082689143FBD1EE
:10FBDC0080220E48520103F04BF909220C4B5A6754
:10FBEC0003329A670B3A1A640A4B0B4A9B685A65A4
:10FBFC0020220A4B1A6010BDC81D002004E100E051
:10FC0C0000E0004000F0004000C000400000105038
:10FC1C000000115000ED00E085FB001000E100E059
:10FC2C00F0B5040085B080224A4E520133684A4D2B
:10FC3C00134218D00026494A310049482E6003F07F
:10FC4C0017F980231B03E6602B6501F01BF9606834
:10FC5C0003689B689847C0212022424B49005A50A8
:10FC6C001A6005B0F0BD802233685202134210D0E6
:10FC7C00210001223C4BD4312275A3610A70220071
:10FC8C006068D83213600368DB68984780239B0256
:10FC9C002B653368DB0621D433689B0353D433685C
:10FCAC001B0408D58022314B60685201DA6403686A
:10FCBC000021DB69984733685B0406D51023606824
:10FCCC002B6503680121DB69984710223368934345
:10FCDC00C1D03368029301230393A4E7AB6D019366
:10FCEC000123019A1A420AD06068AB6503685B690C
:10FCFC009847A368002B02D02B600023A36002233B
:10FD0C00019A1A4204D06068AB6503681B69984776
:10FD1C0002270123BB40019A1A420AD00E4A60689E
:10FD2C009365012203687910174206D05B6AC9B249
:10FD3C0098470137202FECD1AEE780225242114375
:10FD4C009B6AC9B2F4E76068A96C03681B6A9847A0
:10FD5C00A5E7C0469800115000001150F80F0000A4
:10FD6C000800105000E100E000011050002011507C
:10FD7C0070B50E4D01232A78BFF35B8F16000C4C27
:10FD8C001E401A4210D12800FBF76CFD00280BD046
:10FD9C00084B2800083323606660FBF785FD2000C4
:10FDAC00054A0649FBF74AFD200070BD441C0020A3
:10FDBC007C1E0020D8A70110580300206DF80010FD
:10FDCC00F8B50C00164E050031002000FAF7A4FC23
:10FDDC00C0B2FF2804D10E2212491348FBF7EAF9EE
:10FDEC00124F3B78002B03D100F02EF901233B700E
:10FDFC0031002000FAF7A4FC1F212870200000F02D
:10FE0C00C1FA00222000110000F0DCFA00212000D1
:10FE1C0000F00EFBF02C02D10222054B1A60F8BD4B
:10FE2C00B8A60110CBA80110DAA80110CD2B002028
:04FE3C0000E004409E
:10FE40000B4A037811681B034B40E021C9010B40AA
:10FE500008490B600421084B1960130080225200EE
:10FE600019681142FCD05868000180B27047C04642
:0CFE700000C0044000D0044000E004404A
:04FE7C0000207047AB
:04FE800000207047A7
:10FE8800F0231B0670B5CD1809050C0D00290AD101
:10FE9800FBF758FA80212800490100F009F8FBF720
:10FEA80067FA200070BD01204042FBE70000000017
:10FEB80001B40248844601BC604700BF2501002008
:10FEC800002010B5984201D1002010BD0C5C1454DC
:04FED8000130F7E717
:10FEE000F8B51700F02212068C182600FF221640E3
:10FEF00014420FD11D0A13405A1E9341ED18FBF70F
:10FF000025FA200039002A0200F00AF8FBF734FA3B
:10FF10003000F8BD01204042FBE700000000000077
:10FF200001B40248844601BC604700BFD1010020F3
:06FF3000802080037047F1
:06FF36008020400170472D
:06FF3C0080204000704728
:06FF42008020400570471D
:04FF4800FF207047DF
:10FF4C000023C25E01239340D0221206002901D067
:08FF5C00536170479361FCE75B
:10FF6400D0231B060021425E5B680120D340184069
:02FF74007047D4
:10FF760010B501804B1C02D0080000F06AFA10BDD3
:10FF88000023C05E10B5431C04D13122074908483C
:10FF9800FBF712F98A1E013953425A414B42594123
:10FFA800D2B2C9B200F010FA10BDC04648A901107B
:04FFB80053A9011038
:10FFBC000023C25E10B5531C04D10A490A483932D9
:10FFCC00FBF7F8F88170012904D1D02391401B066E
:10FFDC00596210BD0029FCD101239340D022120696
:0CFFEC009362F6E748A9011053A9011028
:08FFF80010B500F0B5FF012275
:020000041001E9
:0C000000014B1A6010BDC0468029002092
:10000C00024BC918890001607047C046400000349B
:10001C0010B5040000F08EFC01002000FFF7F0FF8B
:0A002C00FF232371BFF35F8F10BDA7
:1000360010B5040000F081FC01002000FFF7E3FF8B
:0A004600FF23A380BFF35F8F10BDFE
:020050007047F7
:100054000123084A08491360084A136018008A6893
:100064009043FBD1064A136080235B001168194258
:10007400FCD0704700E0004000C0004000F00040A9
:0400840000C0044074
:10008800EFF3108072B6034A1368002BFCD0BFF35D
:080098005F8F70472C0100D0BE
:1000A000BFF35F8F0022024B1A6080F31088704705
:0400B0002C0100D04F
:1000B4000722CB08C35C0120114088401840431E2E
:0600C4009841C0B2704734
:1000CA00F8B505000C001700FFF7D9FF210006005C
:1000DA002800FFF7EAFF002803D02100380000F0CB
:1000EA00ACFF07210123E2080C40A340A95C3000C1
:0A00FA000B43AB54FFF7CFFFF8BD36
:1001040070B505000C00FFF7BDFF210006002800B4
:10011400FFF7CEFF002805D13321084B084A0948D0
:1001240000F008FF07210122E0080C40A2402B5CEC
:1001340093432B543000FFF7B1FF70BD6BA901103E
:08014400E8A901108AA90110CD
:10014C00F0B585B01D000A9B0700009103929D42FB
:10015C0005D22D21314B324A324800F0E7FE0C24F7
:10016C002B0E02932D02002328000A9A0299F0F715
:10017C00ADFB7C432C4B0600E4186368834200D231
:10018C0060603B1FDBB20193C023019A9B012343A8
:10019C00012A34D8009A012A31D102321A60009B0C
:1001AC00A2681A42FCD0039A236852015A4080215B
:1001BC00E02349011A40019B21430A60012B0BD813
:1001CC002368009A5340032213400B600123009ACA
:1001DC009340A2681342FCD0802380229B012343CE
:1001EC0012011A6028003200002302996660F0F7B1
:1001FC006DFB0E4BBF00D851012005B0F0BD802225
:10020C0012011A60094BBA00D1580029CBD0586999
:10021C00F0F72EF901300138FDD1C4E7F7A9011030
:10022C0068AA011008AA011000800040E8260020EE
:10023C0073B50C2000F074FD00F034FE00280AD0D9
:10024C0000232B4A2B489900013388500A2BFAD1F2
:10025C00294B536273BD294CA06700F069FD012244
:10026C00274B1A60636C012BFCD10322254B1A60BF
:10027C00A66B012EFCD10224310000940623224AE5
:10028C00224800F0CDFA310000940523204A214881
:10029C0000F0C6FA204B214D2100009300220420CF
:1002AC00FFF74EFF2B003100002200950520FFF7D1
:1002BC0047FF00220F4C1100230000940720FFF78A
:1002CC003FFF00222300110000940820FFF738FFA5
:1002DC000022094B1100009309202300FFF730FF87
:1002EC0000222B00110000950620FFF729FFB1E733
:1002FC00E8260020006CDC021BB7000000800040E8
:10030C003CB0004030B00040002F685900800240E3
:10031C0000389C1C00C00240001BB70040597307FA
:0C032C00014B8000C0587047E8260020FC
:1003380030B5002489B009222100050001A80094E5
:1003480002F098FD0922210005A8049402F092FD0C
:100358006A464B236846137004A90D2200F00CF876
:1003680004AB1B195B792B550134082CF8D109B063
:1003780030BD00000000000001B40248844601BC02
:08038800604700BF7D02002068
:10039000084B8200D218402310B51468C000634097
:1003A000C02423408024640122431360024BC01800
:0C03B000416010BD04C00140004001404D
:1003BC00034BC000C0181F23406818407047C0464C
:0403CC0000400140AC
:1003D000094B8000C0184B1E9941531E9A41C90019
:1003E000036892001143594080230C225B011140A5
:0C03F000184301607047C04604C0014083
:1003FC00064BC000C018036809045940C0239B0277
:10040C00194080235B011843016070470440014090
:10041C00064BC000C018036809035940C0239B0158
:10042C00194080235B011843016070470440014070
:10043C00054B8000C01840228023002900D1C02326
:0C044C009B0118430260704704C001408F
:100458000123D022834010B51206936205219361CF
:06046800FFF792FF10BD3A
:10047000074B10309B688000C150BFF35F8FBFF304
:100480005F8F0021034B196082F310887047C046CC
:0804900000ED00E0240100D0A2
:10049800038810B5DA0A1C2A05D09921044B054AAD
:1004A800054800F045FD5B051B150433C01810BD59
:0C04B800ABAA0110FFAB0110C0AA01109C
:1004C4000439081A430810B5000B05D08B21044BDE
:1004D400044A054800F02EFD0448184380B210BDBC
:1004E4001AAB0110DCAB0110C0AA011000E0FFFF41
:1004F40001228240034B1B681340581E8341D8B22B
:080504007047C04600E100E071
:10050C00002904D0034B1860034B18607047034B51
:10051C00FBE7C04680E200E000E100E080E100E0A3
:0E052C000123834010B51800FFF7EAFF10BD51
:10053C00024B10309B688000C058704700ED00E003
:10054C0070B504000D00EFF3108672B60C4A1368F8
:10055C00002BFCD0BFF35F8F2000FFF7E9FF094BA6
:10056C00984207D0A84205D06E21074B074A08488D
:10057C0000F0DCFC320029002000FFF773FF70BD97
:10058C00240100D0CD0100102AAB0110C2AB011028
:04059C00C0AA0110E0
:1005A000F0B5060085B00F00EFF31083029372B62A
:1005B0004E4A1368002BFCD0BFF35F8F34004C4BC6
:1005C00010349B68A200D3580193019A494B9A4278
:1005D00067D0BA4200D181E0474D531B2F2B60D822
:1005E0003000FFF787FF002103903000FFF79EFFE8
:1005F000BFF35F8FEFF72BFE002808D0844206D0B0
:100600001E213E4B3E4AFF313E4800F095FC01233F
:100610000C21019C3C4A9C4323005B1B5B415A43D9
:10062000120D8C4600230625A1686557B9420ED1EC
:10063000002D14DA002841D1002B3CD0FF21997104
:1006400032499980324B19781A70A17125E0002D3A
:1006500046DB63465D43284923004C19E3E70C2041
:100660006843254F3B189A68A260DA79E271062246
:100670009A56A2719B797F2B1AD80430C019FFF7C4
:100680000BFF0100201DFFF71DFF0C236B43FF181C
:100690001F4BA0801A781D70BA7130000399FFF7C4
:1006A00045FF3000029A0199FFF7E2FE05B0F0BD68
:1006B000BD200002E9E70F4B0193C3E7154B1B1B5D
:1006C000083B5A081B0B03D09321134B134A9BE79B
:1006D000134BA380134B1343E380DEE70193E0E762
:1006E000A921114B064A49008EE7C046240100D0DB
:1006F00000ED00E0CD0100105407002060AB0110B8
:100700000EAC0110C0AA0110AAAA000000BDFFFF94
:10071000CB2B00208E0700201AAB0110E8AB011094
:0C07200000F0FFFF00F8FFFF84AB0110A9
:10072C00F8B50126294C06430500331B2F2B04D9A1
:10073C007821274B274AFF3107E0EFF782FD00288D
:10074C0006D1BD21244B234A4900244800F0EEFB7E
:10075C00EFF3108772B6224B9C461A68002AFCD025
:10076C00BFF35F8F1F4B2A00121B524153431B0DCB
:10077C001D4A800092685BB2125811000022B142EF
:10078C000FD1194A194992681150194A11781370EE
:10079C00A971BFF35F8F00236246136087F3108843
:1007AC00F8BD06216156994208D10C214A430749EC
:1007BC008A18FF2191710F499180E6E701320C34C0
:1007CC00042AEED18C210C4B024AB4E754070020CA
:1007DC008AAB011021AC0110B2AB0110C0AA011000
:1007EC00240100D0AAAA000000ED00E0CD01001009
:0C07FC00CB2B002000BDFFFFBCAB0110A8
:10080800054B064A1360064A136053609360D36031
:1008180013615361936170478080808000E400E039
:0408280004E400E004
:10082C00F7B504000C2017001D000E00EFF720FE9A
:10083C002E49019041433800EFF71AFE020098232D
:10084C00103A5B009A4205D91621294B294A2A48AD
:10085C0000F06CFB6B1E062B03D8089B013B062B90
:10086C0003D91921254B234AF1E7089B9D4203D25A
:10087C001F21234B1F4AEAE7019B3A099A4203D2F4
:10088C002221204B1B4AE2E7089B2D041F032368FF
:10089C002F43002B0ADA3F2223681340B34205D1C1
:1008AC00A3681B051B0D834200D1E368164B9C42C9
:1008BC0019D080235B01154A15491360154A136042
:1008CC001D008A689543FBD1C023221D9B01134355
:1008DC0021222660A0601A602268002AFCDA082215
:1008EC00E7601A60F7BD80239B01E4E740420F00EC
:1008FC003BAC01102CAD011057AC0110B1AC011088
:10090C00FAAC011011AD011000C0024000E0004033
:08091C0000C0004000F00040A3
:100924000021044B044ABFF35F8F02C39342FAD100
:0C0934007047C046000100D0800100D0D8
:10094000044A1078431CDBB2172B01D81370704790
:080950001023FBE79C070020C7
:10095800F7B5EFF305823F231A40100001921038D3
:10096800EFF3108772B6184B1A68002AFCD0BFF351
:100978005F8F012634008440144D154B6C631B783F
:100988001A00C24094466146002231420AD0114EF4
:10099800696A8500AE59B1420FD30F4A0C49A34387
:1009A800AA580B70BFF35F8F002307490B6087F3CA
:1009B80010889A4200D09047F7BD019B07499B00D9
:1009C8005B1819681960EDE7280100D00040054060
:1009D800D12B0020302B0020D4250020D03F05400B
:1009E80010B50100024A0348FFF76BFB10BDC04673
:0809F80035AD0110C82B0020F1
:100A000010B501000148FFF77DFB10BDC82B002089
:100A1000034B596A0A00986A596A8A42FAD17047A8
:040A2000004005404D
:100A2400054B5A6A8A42FCD38A4202D19A6A8242AC
:0C0A340000D370475A6AF7E70040054005
:100A400070B504000D00FFF7E3FF02000B0020006B
:100A50002900801859418B4204D801D1824201D823
:100A6000002905DA3F21044B044A054800F064FAE6
:100A7000FFF7D8FF70BDC04657AD011053AE01104F
:040A800072AD011042
:100A8400F7B504000D00EFF3108772B61C4B1A681B
:100A9400002AFCD0BFF35F8FA3001A4E0193002DF0
:100AA4001BD02000FFF748FD86420BD03100200008
:100AB400FFF74AFD01212000FFF736FD0123A34083
:100AC400114A1360114B019A9D50BFF35F8F0023AD
:100AD4000B4A136087F31088F7BD0C4BA2009D509E
:100AE4000122A2400A4920000B7893430B70310085
:100AF400FFF754FD29002000FFF716FDE5E7C04687
:100B0400280100D05909011038600540D42500207F
:040B1400D12B0020C1
:100B1800F0B587B01E0007000492FFF775FF049B2D
:100B2800350003938E4202D850D183424ED9EFF359
:100B38001083059372B6264B1A68002AFCD0BFF3BF
:100B48005F8F0124BC40234B04991B7801932343F6
:100B5800DBB20293029A1F4B1A701F4B3A1D920088
:100B68005C63D1501D49BA0056501A6A1E002242D1
:100B780013D11B6C23420AD00020BFF35F8F0023E0
:100B8800134A1360059B83F3108807B0F0BDC12199
:100B9800134B144A144800F0CBF9FFF735FF8D4288
:100BA800EAD802D1039B8342E6D8029B019A01202E
:100BB8009342E2D01F2302003B409A400B4B346221
:100BC80074631A60034B019A1A70D6E70120DCE7B8
:100BD800280100D0D12B002000400540302B0020F8
:100BE800D4AD011068AE0110F5AD011080E200E04F
:100BF80010B5EFF3108472B60A490B68002BFCD0CD
:100C0800BFF35F8F01238340074A084813620278C5
:100C18009A430270BFF35F8F00230B6084F3108840
:100C280010BDC046280100D000400540D12B00204F
:100C3800054B984204D08023DB03044A13607047B5
:100C480080231B04F9E7C0460080034000E0004011
:100C580070B5060006200C00FFF764FB2100C000F9
:100C6800EFF708FC0124C50907D00E4B9D4215D8A3
:100C78007F23184000192C00450880200023746247
:100C88008001B5622C36064333600620FFF74AFB25
:100C9800A10149198000EFF7EDFB70BD0025024C5A
:0C0CA800EBE7C046FEFF0000FFFF00006D
:100CB40070B5040006200D00FFF736FB002825D090
:100CC400144B9C4223D08023DB03134A1349136043
:100CD400134A136018008A689043FBD1290020004E
:100CE400FFF7B8FF6023E26A210053406E221340ED
:100CF40080222C3152010A4313600A4B10222363D1
:100D040080239B010B431A600323A36470BD8023DB
:100D14001B04DAE70080034000E0004000C000400C
:080D240000F000400103000093
:100D2C008023024A9B000343D36270470080054036
:100D3C00AA22064B12011A602F220549DA60054AD5
:100D4C0011605A68002AFCDA7047C0460040024025
:080D5C0000B0FA000060024043
:100D6400142310B50100188804331B88984710BD5C
:100D740070B50400012689004518AC4201D1300049
:100D840070BD2068FFF7ECFF01C4431E9841404248
:040D94000640F2E73C
:100D98008022094B5202196D1142FCD009225A6770
:100DA800064B053ADA67064B1A68064BDA67064BB4
:100DB8001A68064B1A64704700001150043011502D
:100DC8008027002000400140202B002000C0014067
:100DD80010B51020FFF7EEFA082802D11D4800F0E0
:100DE8002DF91D4B0F20DA6F1C4B1A601C4B1A6C27
:100DF8001C4B1A6001221100FFF7E6FA02210F20AE
:100E0800FFF708FB184B03211A68082353401F22D9
:100E18001340164A0F201360FFF7ECFA0222144B16
:100E2800DA67144B9218DA67134B08325A671B6D4E
:100E38001B079B0F012B05D07B21104B104A114833
:100E480000F076F8FA2000218000FFF7F5FDFFF7A3
:100E58009FFF10BD82AE0110004001408027002096
:100E680000C00140202B00207C4001407C50014004
:100E7800002011500420115000001150A4AE0110A0
:080E88004AAF0110BCAE0110DD
:100E900010B500F015F8012807D1032203490B6DA6
:100EA0009B081342FBD0FFF797FF10BD00001150C5
:100EB000024B18688007C00F7047C04600C006404C
:100EC0008023DB0518680B49030B020510B59BB2A4
:100ED000120D8A4205D02221074B084A084800F02B
:100EE0002BF8022B03D02321064B044AF6E7000F10
:100EF00010BDC0462709000068AF0110FAAF01100D
:080F000089AF0110E9AF0110F7
:100F0800084A03001168002901D1074911601068D7
:100F18000649C3188B4201D813607047012040422C
:100F2800FBE7C04684270020B4AC002000FC032067
:100F380013B50C001900074B002A01D1064B1A0003
:100F48000192009302002300044801F0F5FF00BE5F
:100F5800FDE7C0460EB0011049B001101BB00110EA
:100F6800264B274A70B51A60264A274C1500274B8E
:100F78002360180091688843FBD1254E254B9E427B
:100F880025D3FFF757F9244B2360AB68DB01803387
:100F9800FBD14022214B22489A675A671A67DA66C2
:100FA800204B984216D3204D204CC0222800A1681F
:100FB80001F0CEFEA560EFF746F9002800D000BE8C
:100FC800FFF7ACFCFFF71CFCFFF73EF870BD08CE3E
:100FD8009847D3E7040003680834002B0BD0012B93
:100FE80005D08321124B134A1348FFF7A1FFFFF7DF
:100FF8001EF82000D4E7FFF70DF8FAE700E00040FC
:10100800BFCDFBFE00C0004000F00040FE7F3C006A
:101018005C11002060110020FFFFFF0100F001407B
:101028005C1100205C1100200000002000ED00E0B1
:0C1038004AB00110D5B0011067B00110E3
:101044000FB407B5074801F0DBFF049B002B07D062
:1010540005A91800019105F0F5FA034801F0D0FF45
:0C10640000BEFDE7C5B00110D3B00110C4
:1010700010B5034B034A1B6800211068984710BD48
:081080000C290020242B0020A4
:1010880010B5034B034A1B6800215068984710BDF0
:081098000C290020242B00208C
:1010A000F7B5160004000D001022002907D1254BCA
:1010B0001B68002B03D0244901F092FEF7BD0021EC
:1010C000200001F0DBFE01235B422049A3602800E1
:1010D000E580A680F9F726FB1D49C7B23000F9F775
:1010E00021FBC0B2874206D000221A4913001A48D9
:1010F0000092FAF799FA78427841E121174B404281
:101100008003C01849022060FFF7D4FD02212800A7
:10111000FFF73EF902213000FFF73AF910221000E4
:101120002368D96A2C338843802149010B43186016
:10113000002DC3D12100044801F052FE0122014BD1
:101140001A60BBE72C2B00207CAC00206CA70110A0
:1011500000A70110E2B001100901098000800340DE
:0A11600010B50068FFF768FD10BD30
:10116A0010B50400C1600068FFF79FFD10212368D5
:10117A00DA6A2C339143802252011343196010BD5D
:10118C0037B51D00022A1CD8114B00689C5C4B1F04
:10119C00691EC9005B010B4321004D1EA941013C96
:1011AC0049000B4361424C41C16AA40023434B40AC
:1011BC006E2102000B4080212C3249010A4313603E
:1011CC0037BD00220349130003480092FAF726FAB0
:0C11DC0009B10110F6B0011009010980F2
:1011E80010B50068044C054BA04203D11A60044BAB
:1011F800196010BD5A60FAE700400340242B002014
:041208000C2900208D
:10120C00F8B50C0003681F4915005E18711E8E415D
:10121C001D4A07001D491436934200D01C496A1E12
:10122C0095413000FFF78CF93000E9B2FFF778F9FF
:10123C003B68012C15D0002C16D1210010220A433A
:10124C006142614189010A439A63002C0FD1382114
:10125C005A6B34330A40190080235B010B431A602C
:10126C00F8BD20210022EAE700210A00E7E7012C63
:10127C00F6D10722596B34331140802252011343AB
:10128C001960EDE700C0FCBF004003407110011075
:04129C0089100110A4
:1012A0001022036899691142FCD11868C0B27047D6
:1012B0008022036898691042FCD0C9B21960704757
:0C12C000036801209B691B0998437047DC
:0A12CC00036898690006C00F704720
:1012D60070B504000D00100022816381531C02D0FA
:1012E6000221FFF752F80A23E05E431C02D00221D6
:1012F600FFF74BF8246880222300C02130335201C7
:101306001A430902032D03D1236B9943116070BD63
:10131600022D09D00023012D09D00020246B0343A0
:1013260063400B401360F2E780231B02F5E7802041
:04133600C001F3E718
:0C133A0010B5002801D1F9F7ECFB10BD44
:08134800004870470CB10110D0
:1013500010B50020FFF748FB00200249FFF792FB81
:0813600010BDC0463B13011053
:0C136800014B986A7047C04600400540E9
:10137400F7B50025124C0190F9F7E6FF019EA36A28
:101384002F009E420DD2FFF741FB2A004B1CB618DA
:101394005F4132003B000020FFF7BCFBF9F7EAFF96
:1013A400F7BDFFF733FB0029F3D0FFF72FFB012331
:1013B40001225B428018594160602560E9E7C0461C
:0413C40000400540A0
:0813C80010B5F9F7A7FB10BDF9
:0A13D00010B50020FFF710FC10BD5F
:0813DA0010B5FFF7F8FF10BD8C
:0A13E20010B50020FFF70BFB10BD53
:1013EC0010B5062001F0D4FF0120FAF721FAC0460F
:0C13FC00014B18687047C046B007002085
:1014080070B505000C1E47D0002802D0836B002B56
:1014180048D001260C22A35E626E32423FD19B0562
:1014280030D52100280000F061F8E36A0600002B9F
:1014380004D0E1692800984700283CDBA3891B06F3
:101448003CD4216B002908D023004033994202D0B4
:101458002800F9F7ABFE00232363616C002904D050
:101468002800F9F7A3FE0023636400F0F3F90023D2
:10147800A381636EDB0726D5A06D01F0B1F800F0FB
:10148800F1F90AE0A06D01F0ADF80C22A35E002B83
:10149800C7D1636E1E401AD00026300070BD002BE5
:1014A800FAD0BEE7012600F04FF90C22A35E626E67
:1014B8003242F4D1B3E701267642BFE7216928001A
:1014C800F9F774FEBDE7A06D01F08EF8D4E7A06DC2
:0814D80001F08AF8E1E7C046CB
:1014E00010B5034B01001868FFF78EFF10BDC04612
:0414F000B007002021
:1014F400F0B5C64600B50C23CA5E804693B20C0014
:10150400190746D480231B0113436268A381002A70
:101514005FDDA56A002D5FD0424641461668002271
:101524009BB20A60E169DA0400D57EE0012300225F
:101534004046A847431C55D0A389A56AE1695B07C7
:1015440006D56368C01A236B002B01D0E36BC01A65
:10155400002302004046A847431C4FD0A389364AC3
:1015640013400022626022691BB2A3812260DB0463
:1015740059D44346216B1E6000292DD023004033EB
:10158400994202D04046F9F713FE0023002023635A
:1015940023E02669002E1FD022682660951B0022B6
:1015A4009B071DD0A260002D04DC15E036182D1A0F
:1015B400002D11DD2B003200E1694046676AB8470F
:1015C4000028F3DCA389402201201343A381404275
:1015D40003E0E26B002A9CDC002004BC9046F0BDD2
:1015E4006269DFE743461B68002BA5D01D2B01D0A1
:1015F400162B1CD1434600201E60EEE743461D68AF
:101604000C22A35E1D2DDED80C490122E9408A4339
:10161400D9D10949626022690B40A3812260DB04AD
:10162400A7D5002DA5D12065A3E7206D87E740222B
:10163400A3891343A381D0E7FFF7FFFF01004020F4
:1016440070B505000C00002802D0836B002B16D067
:101654000C22A35E0026002B0FD0626ED20701D4A9
:101664009B0513D521002800FFF742FF636E060097
:10167400DB0702D4A3899B0504D5300070BD00F0BC
:1016840065F8E5E7A06D00F0B1FFF6E7A06D00F0A6
:04169400ABFFE7E7DA
:1016980010B5011E04D0054B1868FFF7CFFF10BD29
:1016A800034B0449186800F0D7FEF8E7B00700209C
:0816B8001CB2011045160110DF
:1016C000002310B50400036043608360818143669A
:1016D000C281036143618361082200215C3001F013
:1016E000CDFB2000064BE4612362064B5830636259
:1016F000054BA362054BE36200F074FF10BDC046CA
:10170000E133011009340110453401107134011026
:1017100010B5024900F0A4FE10BDC0460914011026
:1017200070B568244A1E54430E0021007431F9F745
:10173000F7FC051E09D000232200036046600C3030
:10174000A8606832002101F099FB280070BDC046F6
:1017500070B50400144D280000F048FFA36B002B67
:101760001DD1124A0421E263B8229200A350B9238A
:1017700003229B00E2500833E218043BE250606809
:101780000022FFF79DFF01220921A068FFF798FFC3
:1017900002221221E068FFF793FF0123A3632800D0
:1017A00000F026FF70BDC04690AC0020111701105C
:1017B000F8B5274E0700300000F018FF254B1D68D4
:1017C000AB6B002B31D0B8239B009C4665446B6803
:1017D000AC68013B03D523E06834013B20D30C21E6
:1017E000625E002AF8D1002520001B4B5830E360D0
:1017F000656600F0F7FE300000F0FAFE200025607C
:10180000A560656025616561A561082200215C30E5
:1018100001F034FB256365636564A5642000F8BDB1
:101820002868002805D00500D1E72800FFF790FFC1
:10183000C9E704213800FFF773FF28600028F2D1C0
:10184000300000F0D5FE0C2300243B60E6E7C046E4
:0C1850009CAC00201CB201100100FFFF46
:10185C0010B5024800F0C4FE10BDC0469CAC002080
:10186C0010B5024800F0BEFE10BDC0469CAC002076
:10187C00F0B583B00F00110001AA050006F08AF83C
:10188C00061E36D02800FFF78DFF041E31D0DB2357
:10189C0039005B00019A280001F038FB071E1FDBA2
:1018AC00636EDB0715D5194BE7812362184BA681B4
:1018BC006362184BE461A362174BE362F3051AD41D
:1018CC00636EDB0702D4A3899B051BD5200003B0F4
:1018DC00F0BDA3899B05E6D4A06D00F081FEE2E784
:1018EC00FFF7B6FF0023A06DA38100F077FEFFF792
:1018FC00B7FF0024EAE7022300222100280000F0B1
:10190C0055FADDE7A06D00F06DFEDFE7E133011065
:0C191C0009340110453401107134011031
:1019280010B5044B0A001B6801001800FFF7A2FF5E
:0819380010BDC046B0070020FD
:10194000F0B54E46994657464546DE461300924648
:101950004A46E0B5534383B006000D000C9C00934B
:10196000002B4FD0002803D0836B002B00D1ADE0BB
:101970000C23E15E626E8BB2D20702D49A0500D4CA
:10198000AEE080229201134206D10A43644B616E9D
:10199000A2810B40636693B26768002F3ADB009820
:1019A0003A00216883469B073CD4B046060011E00C
:1019B00028003A0001F0D0F923682100DB192360E8
:1019C0004046ED19F61B01F041FB002800D08EE0E7
:1019D00021686768BE42EBD8B3463200280001F0A8
:1019E000BBF963689B1B636023685B4423604B46C1
:1019F0000093636EDB0705D4A3899B0502D4A06D19
:101A000000F0F6FD009803B03CBC90469946A24613
:101A1000AB46F0BD00220098626000272168834633
:101A20009B07C2D5904200D993465A46280001F040
:101A300093F95A462368216B5B441800236063685E
:101A40009B1A6360009B9B1A9846002961D0002B6B
:101A5000CDD023004033994204D03000F9F7AAFBDF
:101A6000236818000023236323695D449B46636950
:101A7000474698464B46B1460193060001E0002FC9
:101A80004AD02561676125602100484601F0DEFAF1
:101A90005B4623614346636163682660FF1AED1865
:101AA000002363600028EAD0636EB846DB0705D4E4
:101AB000A3899B0502D4A06D00F09AFD4246009BCD
:101AC0005146981AEEF7DAFC00909BE7FFF740FECC
:101AD0000C23E15E626E8BB2D20700D551E74DE771
:101AE000A06D00F083FD0C23E15E8BB249E7636ECD
:101AF000B346DB0705D4A3899B0502D4A06D00F093
:101B000077FD5A46009B5146981AEEF7B7FC0090B5
:101B100078E7002BA8D16AE7019B994667E7C046A2
:041B2000FFDFFFFFE5
:101B240010B50400054882B00068009313000A0051
:101B34002100FFF703FF02B010BDC046B00700202C
:101B4400F8B50C000600F9F789FE204FBB685D6804
:101B540003239D431E4B2C1B9C466444240B1D4BAA
:101B6400013C24039C4207DD0021300001F0FEFA11
:101B7400BB685B19984204D03000F9F773FE00206B
:101B8400F8BD6142300001F0F1FA431C0DD001228E
:101B9400BB682D1B15435D600F4B30001A68141B86
:101BA4001C60F9F75FFE0120EAE70021300001F034
:101BB400DDFABA68831A0F2BDEDD08490968401A7A
:101BC4000549086001210B435360D5E74C0D002003
:101BD400EF0F0000FF0F0000A0250020541100208B
:101BE400F8B5CE464746050080B50C1E55D0F9F72A
:101BF40035FE210008394F68012438000323A0432F
:101C04000A1856689E43B146644EB368934229D07D
:101C14004B465360D3189C463C4242D10F68C91BC3
:101C24008B68C019984663465F6808239C46B44491
:101C34002740E0456AD04346CC68DC60A360002FAF
:101C440032D1012448440443A0469368544C0F18ED
:101C5400A34200D17FE0D268DA60936043464B60D0
:101C6400386025E003004B443C4206D10A68891AD7
:101C740088689B18CA68C260906001221A434A604F
:101C8400484AB16012689A4204D8474B2800196840
:101C9400FFF756FF2800F9F7E5FD0CBC904699467E
:101CA400F8BD5F682740CCD0012303434B60085044
:101CB4003E4B98421AD9430A042B33D882091400A4
:101CC40039323834D200B218083A936803279A425A
:101CD40039D05C68BC43844233D99B689A42F8D1BA
:101CE400D368CB608A609960D160D3E7C008FF3BBA
:101CF4008210FF3B93407268C000134373608619DF
:101D0400B368CE608B60B160D960C3E7002F41D166
:101D1400030090684B44D2681C43C26090604C60DE
:101D2400CB50B7E7142B07D9542B1CD8020B140043
:101D34006F326E34D200C6E71C005C335B34DA00C9
:101D4400C1E71A00CCE70123A410A3407068034341
:101D540073601300C5E7D9609960CB608B6043461C
:101D64004B60386096E7AA225200934205D8C20B12
:101D7400140078327734D200A5E70D4A934205D88F
:101D8400820C14007D327C34D2009CE7FE227E2437
:101D9400920098E704434C6010607BE74C0D0020F0
:101DA400540D002058110020D0250020FF01000010
:041DB40054050000D2
:081DB80010B500F001F810BDA8
:101DC000F0B545465746DE464E46E0B50C0097B0A6
:101DD000050090461F00002802D0836B002B4AD0DC
:101DE000626EA389D20702D49A0500D4F9E0842256
:101DF00052001340934200D1EEE0A36A9946002BB3
:101E00003CD0012F15D0022F44D0002F42D01623F2
:101E10002B60636EDB0702D4A3899B0536D50125B1
:101E20006D42280017B03CBC90469946A246AB468E
:101E3000F0BD21002800FFF705FCA389DA0400D5D6
:101E400034E101230022E1692800C8470600431C51
:101E500000D1CBE0A3892269590700D4D8E0636898
:101E6000F61A236B002B01D0E16B761A0123B044E4
:101E70009B46002712E0FFF76BFCB1E71D332B6098
:101E8000636EDB07CBD4A3899B05C8D4A06D00F09B
:101E9000AFFBC4E7002300269B462269002A00D13D
:101EA000C0E00C23E25E914993B20B4272D18021D3
:101EB000C9008A460B4266D0C246002F00D0CEE051
:101EC0005B46002B00D0B2E0A389DB0400D5C4E060
:101ED00001230022E1692800C847431C5AD06368E7
:101EE000216B1A00C61A8B46002900D1ABE0E16BCA
:101EF000761A2269F61894466046A26B121AB61A30
:101F00005218B24500DBD3E0E36CE1695E42534610
:101F10001E40320000232800C847431C3AD000234B
:101F2000216B636023692360002908D023004033BC
:101F3000994202D02800F9F73DF9002323632022BB
:101F4000A3899343A38153469E1B0DD021002800F3
:101F500001F07CF800281DD16368B3421AD32268CF
:101F600092199E1B22606660082220000125002134
:101F70005C3000F083FF636E1D4002D1A3899B0596
:101F80005CD500254DE75A4B994574D080231B0141
:101F90001A43A28121002800FFF754FB002832D108
:101FA0003B004246E1692800C847431C2BD0216B07
:101FB000002908D023004033994202D02800F9F7C5
:101FC000F9F80023236323694A4A236000236360EE
:101FD000A3891340A381C7E721002800FFF732FB44
:101FE0000BE7A06D00F002FBA38900E7636E3B42A4
:101FF00000D014E7A3899B0500D510E7A06D00F081
:10200000F7FA35000DE7636EDB0700D404E706E757
:102010001B0700D42AE72368002B00D126E79B1A70
:10202000F61823E72100280000F014FB39E7236BA2
:102030009B46002B06D06368E16B5AE7A06D00F069
:10204000D7FAEEE6626823699C4661462368591A0E
:102050000023761A52189B4653E7206D3FE70E2364
:10206000E15E6A46280000F047F8002892D1049B00
:1020700043449A4624E70E23E15E002986DB6A4644
:10208000280000F039F80C23E25E002800D07DE73C
:10209000F021019B09020B40802109028B4200D0F4
:1020A00074E753461A43E364A28105E7266DD2E63E
:1020B000B318534500D827E753469E1B63469B1928
:1020C00023605B46921B6260002B09D023004033E3
:1020D0009B4503D059462800F9F76CF80023236389
:1020E0002022A3899343A381183A3EE71A080000EF
:0820F00045340110DFF7FFFF8A
:1020F800002370B5074C0500080011002360F9F7AC
:10210800BDFD431C00D070BD2368002BFBD02B60A5
:08211800F9E7C0468CAC002081
:10212000F0B54546DE4657464E46E0B5936883B067
:1021300000900D009046002B2DD08B891A0732D5C8
:102140000A69002A2FD0424616689A0737D56B6A6B
:1021500000279A46AD4B00249946E969002C16D019
:1021600023004C4500D9A94B3A000098D0470028DD
:1021700000DC8FE043469B683F18241A181A434638
:10218000986008D06B6AE9699A46002CE8D13768F4
:1021900074680836E2E7002003B03CBC90469946DC
:1021A000A246AB46F0BD2900009804F029FB0028A8
:1021B00000D028E14246AB8916689A07C7D4DA07EF
:1021C00070D4002291468022920000279346AC688A
:1021D0002868002F53D05A46134200D1A8E0A246E7
:1021E000BC4200D9D7E09022D20013422ED02969F8
:1021F000441AA4466869019442001218D00F82184C
:10220000781C521060449246904201D982460200E6
:102210005B0500D4D0E011000098F8F781FF041EA0
:1022200000D1EAE0019A296900F096FDAB89784A6D
:10223000134080221343AB815246019B2C61E0186E
:10224000BA463C00D31A28606A61AB6052464946E0
:1022500000F0C6FDAB681C1BAC603C0000272B687F
:1022600053442B6043469B68A1441C1B43469C601F
:1022700000D190E7AC682868AB89002FABD13268F9
:10228000776891460836A4E729000098FFF7DAF945
:1022900000282DD00C22AB5E402201201343AB81DD
:1022A000404279E7002399469A46330000204E4683
:1022B0000027994625E000282FD0B346BE4200D91A
:1022C000BB4628682A696B69904203D9AA689C18A2
:1022D000A34563DC5B4500DD82E06C6A5246E96938
:1022E0000098A047041ED5DD361B0120002ECBD060
:1022F00043469B68A2443F1B1C1B43469C6000D185
:1023000049E7002FD7D14B461B689A464B465F687A
:1023100008239C46E144002FF5D03A000A2150469C
:1023200000F0B4FC002859D053460130C61AC4E767
:102330002B69834217D36B699A46BB4213D8354B3E
:1023400038009F4200D934485146EEF721F95346F0
:102350004A464343E96900986C6AA047002899DD22
:1023600004003F1B7EE7BC4200D93C0022004946E6
:1023700000F036FDAB682A681B1B1219AB602A609F
:10238000002BEED129000098FFF75CF9002800D05F
:1023900080E73F1B66E73C00BA4657E751462200FC
:1023A00000F01EFD2B6829001B192B600098FFF719
:1023B00049F9002898D06DE70098F8F71DFE041E33
:1023C00000D039E7009C29692000F8F7F3FE80224D
:1023D000AB899343743A1BB222605DE77E1C6CE7C5
:1023E0005A46514600F0FCFC5A46AB685C469B1AC4
:1023F000AB602B685B442B6076E70C23009A13607C
:102400000C22AB5E48E701204042C5E600FCFF7F9E
:0C2410007FFBFFFFFEFFFF7FFFFFFF7F51
:10241C00B823F0B5C6469B00C71800B58846002601
:10242C00002F13D07B68BC685D1E0CD4A389012BD4
:10243C0006D90E22A35E013302D02000C04706430A
:10244C006834013DF2D23F68002FEBD1300004BC60
:04245C009046F0BDF9
:10246000F8B54746CE4680B5B8278046BF004744FA
:1024700089460026002F14D07B68BC685D1E0DD4F1
:10248000A389012B07D90E22A35E013303D02100BB
:102490004046C84706436834013DF1D23F68002FEB
:0C24A000EAD130000CBC90469946F8BD13
:1024AC00F0B5C64600B51D00160086B001AB03930F
:1024BC0001236E43071E90460C9C019102960596D3
:1024CC00049302D0836B002B2FD00C23E25E636E3F
:1024DC0091B2DB0701D48B052AD580239B011942CD
:1024EC0005D11343A381626E194B1340636603AA93
:1024FC0021003800FFF70EFE636E002809D1DB07C0
:10250C0002D4A3899B051AD5280006B004BC9046BA
:10251C00F0BDDB0702D4A3899B0514D50598414671
:10252C00301AEDF7A5FF0500EEE7FFF70BF9CCE746
:10253C00A06D00F055F80C23E25E91B2CDE7A06DD2
:10254C0000F050F8E0E7A06D00F04CF8E6E7C0466C
:04255C00FFDFFFFF9F
:1025600010B50400054882B00068009313000A000B
:102570002100FFF79BFF02B010BDC046B00700204E
:1025800070B50D4E0D4DAD1BAD1006D00024A3004F
:10259000F35801349847A542F9D1EDF76BFE084E88
:1025A000084DAD1BAD1006D00024A300F358013434
:1025B0009847A542F9D170BD5C1100206011002040
:0825C000601100207C110020D5
:1025C800044B1B685B6B002B00D1034B9422520019
:0C25D800985C7047B0070020E00B00206A
:0425E4007047C04636
:0425E8007047C04632
:0425EC007047C0462E
:0425F0007047C0462A
:1025F40070B50C001E000E23C95E96B015000029AC
:102604000EDA00233360A3891B0605D4802300203F
:10261400DB002B6016B070BD402300202B60F9E76F
:102624006A46FFF767FD0028EBDBF022019B1202EC
:102634001340064A8020944663445A42534133600F
:102644008023DB002B600001E4E7C04600E0FFFFCD
:1026540070B58B8982B006000C009B0707D5230058
:102664004333236023610123636102B070BD01AB76
:102674006A46FFF7BDFF009905003000F8F74EFDEC
:1026840000281ED08022154BF363A38920601343D6
:10269400009A1BB26261019AA3812061002A02D1CF
:1026A4002B43A381E1E70E23E15E300005F0C4F97A
:1026B400002810D00322A3899343012213431BB2A1
:1026C400EEE70C22A35E9A05CFD4032293430222A1
:1026D4001343A381C3E70C22A35EE1E711170110A2
:1026E40010B5034B01001868F8F718FD10BDC0467B
:0426F400B00700200B
:1026F80010B5034B01001868F8F758FD10BDC04627
:04270800B0070020F6
:10270C00F0B557464546DE464E46E0B50D000B3556
:10271C0083B00700162D28D8102900D9C1E0F9F78D
:10272C0099F8102518230220CC4EF3181A005C6877
:10273C00083A944200D15BE1032362689A43130088
:10274C00E268A168CA6091600122E31859683800F8
:10275C000A435A60F9F782F82000083003B03CBCF9
:10276C0090469946A246AB46F0BD07239D4300D543
:10277C0097E0A94200D994E0F9F76CF8F823FF33FD
:10278C009D4200D859E1680A00D18EE0042800D996
:10279C0034E138239846A80980443930C100AF4E43
:1027AC0071180839CC68A14218D0032362689A4387
:1027BC001300521B0F2A00DD18E1002AC0DA032394
:1027CC009C4608E06246636893435A1B0F2A00DD5F
:1027DC000CE1002AB4DAE468A142F3D13200346986
:1027EC000832944267D00323616899438A460B00F0
:1027FC00491B0F2900DD0DE1726132610029A3DA5A
:10280C00974A924500D94AE1DB08FF3A9910FF3A02
:10281C008A40DB0071689B190A4399687260E36017
:10282C00A1609C60CC60012183109940914248D8F2
:10283C000A4205D103239843490004300A42FBD0D5
:10284C0003239846C3009946B144CC46824663465E
:10285C00DC68A44507D1F4E0002A00DB10E1E46851
:10286C00A44500D1EDE04246636893435A1B0F2AFE
:10287C00F2DD01208046611905436560A068E568BA
:10288C000836C560A8604046F160B16010434860EE
:10289C00CE608E603800E250F8F7E0FF2000083080
:1028AC005CE70C2300203B6058E780213F23890024
:1028BC004020984673E70121726883109940914239
:1028CC00B6D90323B46862689A439046AA4202D3ED
:1028DC00531B0F2B7CDC634A634B93461B681268BB
:1028EC00EB18013200D13BE1604A944663441B0B68
:1028FC001B0301930199380000F034FC030081465E
:10290C00013300D1F9E04346E318834200D9F2E0E9
:10291C00574A019992461268944652466144116096
:10292C00834200D13EE15A461268013200D155E192
:10293C004A46D31A59185346196007234A4613407E
:10294C0000D123E1082189464A49D21A9144CB1A75
:10295C00019A38004A441105090D5B1A19009B466F
:10296C0000F000FC431C00D134E14B46C01A01239B
:10297C005844184353461B685B441900534619606E
:10298C004B46B3605860B44212D043460F2B00D86C
:10299C001CE1072260680C3B9343063A0240052079
:1029AC001A436260E218506090600F2B00D933E13B
:1029BC00314B1A68914200D919600323B4686268DC
:1029CC009A432E4B1868814200D89AE0196098E01F
:1029DC000122290013431143651961603800B56069
:1029EC006B60F8F73BFF20000830B7E64046F5E691
:1029FC00DC680230A34200D1F0E69DE6142874D9BD
:102A0C00542800D9AFE06E239846280B80446F30D1
:102A1C00C100C4E6012360191D436560706130611B
:102A2C00C26082601A0053460A4342603800E1508B
:102A3C00F8F714FF2000083090E62B00E808083364
:102A4C0072E608239B46073BDC449B46DA4443462C
:102A5C005246134200D0FAE66DE0C0464C0D002001
:102A6C00FF01000054110020D02500200F100000A1
:102A7C00A025002008100000C8250020CC2500202F
:102A8C000122E318596838000A435A60E368A268C7
:102A9C00D3609A60F8F7E2FE200008305EE65A0A2E
:102AAC00042A39D9142A74D85B23984690445C3292
:102ABC00D20008235B429C46B21894446346996842
:102ACC00032399468C4559D04B464A689A43524544
:102ADC0002D989688C45F7D1CB6872689C466346ED
:102AEC00A160E3609C60CC609DE65B2398468044CB
:102AFC005C30C10053E6B44274D00323B4686268FE
:102B0C009A43531B954202D80F2B00DD60E7380027
:102B1C00F8F7A4FE002021E69A0938239846904441
:102B2C003932D200C5E74B461A68083B013891464A
:102B3C009A4200D087E043460342F4D173688B433A
:102B4C0073604900994200D9BBE6002904D1B8E66C
:102B5C00042294464900E2440B42F9D0504671E6F7
:102B6C0010330193C6E6AA235B00984224D8DD3BC0
:102B7C009846E80B80447830C10010E643460122A9
:102B8C009B109A4073681A437260A8E780235B011C
:102B9C00DEE6542A2FD81A0B6E23984690446F32D7
:102BAC00D20086E71A0500D0BDE60120019BB26871
:102BBC00434403435360FBE6244B984226D87C23C2
:102BCC009846A80C80447D30C100E8E501234A46B4
:102BDC0053609CE7002301209B46CBE65B464A46AC
:102BEC001A60AAE61A4A019992461268944652460D
:102BFC006144116097E6AA2149008A4214D8DA0B85
:102C0C007723984690447832D20052E7FE217E23F7
:102C1C0089007F209846C2E5210038000831F8F77A
:102C2C00C3FA53461968C3E608498A4206D89A0C77
:102C3C007C23984690447D32D2003AE7FE227E23D4
:102C4C009200984635E773687BE7C0465405000050
:042C5C00A02500208F
:102C600082B000290AD0002A0BD0002B0BD0137899
:102C70000B601078431E984102B0704701A9002AEA
:0C2C8000F3D10020F8E702204042F5E705
:102C8C0070B5CCB2830734D0531E002A1BD0027807
:102C9C00A24219D0032504E0013B14D30278A242CE
:102CAC0012D001302842F7D1032B0ED8002B0AD0BA
:102CBC000278A24208D0C31802E00278A24203D0E4
:102CCC0001308342F9D1002070BDFF220D062D0C7E
:102CDC00114029430D04084E0D43026807496A4010
:102CEC00511891433142E3D1043B0430032BF4D807
:102CFC00DCE71300D8E7C04680808080FFFEFEFE34
:102D0C0030B5032A1CD903000B439B070FD0047862
:102D1C000B789C4217D1012305E0C45C5D1CCB5C95
:102D2C009C4210D12B009342F7D1002030BD036898
:102D3C000C68A342EBD1043A04300431032AF6D8D0
:0C2D4C00002AE4D1F1E7E01AF0E7C046ED
:102D5800F0B50F2A37D90D0005430C000300AD0765
:102D680035D11500103D2D092E013618103627686B
:102D78001F6067685F60A7689F60E7681034DF605E
:102D88001033B342F3D10F2401352D0149191440F2
:102D98004519032C1DD90023CE58EE500433E61AEA
:102DA800032EF9D80323043CA4080134A4001A40D4
:102DB8002D190919002A05D00023CC5CEC540133E5
:102DC8009342FAD1F0BD0500002AF5D1FAE70500D3
:082DD800F2E72200F8E7C04613
:102DE000F0B588420AD98B18984207D2531E002AA0
:102DF00003D0CA5CC254013BFBD2F0BD0F2A09D8F4
:102E00000500002AF9D00023CC5CEC540133934236
:102E1000FAD1F2E70D0005430C000300AD0729D1FC
:102E20001500103D2D092F013F18103726681E6030
:102E300066685E60A6689E60E6681034DE601033E7
:102E4000BB42F3D10F2401352D0149191440451916
:102E5000032C11D90023CE58EE500433E61A032E6A
:102E6000F9D80323043CA4080134A4002D1909193E
:0C2E70001A40C6E70500C6E72200C2E7D2
:102E7C00F0B5830746D0541E002A42D0CEB20200D1
:102E8C00032502E01A00013C3BD3531C16702B4265
:102E9C00F8D1032C2DD9FF220A40150215432A0420
:102EAC0015430F2C16D92700103F3F093E01B4469D
:102EBC001E001A0010366644156055609560D5608A
:102ECC001032B242F8D10F2201373F01DB19144006
:102EDC00032C0ED9261FB608B700BC461A001F1DBE
:102EEC00674420C2BA42FCD103220136B6009B19BA
:102EFC001440002C05D0C9B21C19197001339C4226
:0C2F0C00FBD1F0BD14000300C3E7C04679
:102F180070B50500080011000022064C22601A0056
:102F2800F8F7CAFF431C00D070BD2368002BFBD004
:082F38002B60F9E78CAC0020CE
:102F40000FB400B5064983B004AB086804CB8168B0
:102F5000019301F0F7FF03B008BC04B01847C04666
:042F6000B007002096
:102F640030B5050089B008000C0000F079FC04AB12
:102F7400214A01930223069201220293AB6B05902E
:102F84000130049407920390AC68002B25D00C23E5
:102F9400E25E636E91B2DB0701D48B0525D58023F5
:102FA4009B01194205D11343A381626E134B134055
:102FB4006366280001AA2100FFF7B0F84542684182
:102FC4000B254042636E0540013DDB0702D4A38913
:102FD4009B0506D5280009B030BD2800FEF7B6FBD6
:102FE400D5E7A06DFFF702FBF4E7A06DFFF7FCFA4D
:102FF4000C23E25E91B2D2E734B20110FFDFFFFF8F
:1030040010B5034B01001868FFF7AAFF10BDC046B6
:04301400B0070020E1
:1030180010B5044B0A001B6801001800F7F7E8FF19
:0830280010BDC046B0070020F6
:10303000092310B5828913400022092B01D010000A
:0C30400010BDFEF729FB0200F9E7C046B6
:10304C00F8B505000C00002802D0836B002B45D08E
:10305C0080210C22A35E89019AB20A4206D10B434D
:10306C003D4A616EA3810A4062669AB2002161609A
:10307C0091063ED451071DD4D10664D508261642BC
:10308C0050D104221343A3812369002B56D00C2367
:10309C00E75EBEB2B3072FD12369280023602269F3
:1030AC006369E169256AA847030060600020002B72
:1030BC0017DDF8BD216B0029E6D02300403399427F
:1030CC0002D02800F8F770F800232363E36B6360E9
:1030DC00002BD9D0A36B00202360EAE7FEF732FB6C
:1030EC00B6E70C21625E002B17D040231A436060B8
:1030FC00A28101204042DCE70123A381174B184930
:10310C001868FFF785F90923A7811E40092EC3D142
:10311C0021002800FEF7E8F9BEE720231A43A2811C
:10312C000138C6E721002800FEF786FA0028E0D116
:10313C00A389A060B3431BB2A061A2E721002800C1
:10314C00FFF782FAA3E709222A60402201201343E9
:10315C00A3814042ADE7C046FFDFFFFF1CB2011068
:04316C0031300110ED
:10317000002370B5064C050008002360FDF7C4FE6F
:10318000431C00D070BD2368002BFBD02B60F9E7F7
:043190008CAC0020E3
:103194004A424A41802310B55200DB0000F002F895
:0431A40010BDC04654
:1031A800F0B5CE46474680B51F00614B83B01D6819
:1031B800040089461600002D03D0AB6B002B00D10C
:1031C8007DE0022E05D0012E00D9ACE0002F00DAF8
:1031D800A9E0636EDB0733D521002800FEF72EFA3D
:1031E800216B002908D023004033994202D02800DF
:1031F800F7F7DCFF002323630023A36163600C223D
:10320800A35E1A065FD44B4A13400022A38190465E
:10321800022E1CD1022213430022A2602200433254
:10322800226022610122616EA3816261114201D193
:103238009B0560D5404603B00CBC90469946F0BD4E
:10324800A3899B05C8D4A06DFFF7CCF9C4E701ABEF
:103258006A4621002800FFF7C9F9A3891843A0810D
:10326800002F37D1009F3800FFF738FA8146002831
:1032780047D08022A3891343A381AB6B002B2FD0A7
:103288000C22A35E009ABA4203D080221201134393
:10329800A381012E02D101221343A3814A46226051
:1032A800226108229BB267611A401DD1A2600122E7
:1032B800616E11408846BBD000239846BAE72800C3
:1032C800FEF742FA7DE721692800F7F76FFF0C2225
:1032D800A35E98E74B46002BC5D0AB6B002BCFD134
:1032E8002800FEF731FACBE7DA0708D500227F423B
:1032F800A260A761DBE7A06DFFF776F99AE7A76000
:10330800D5E7009B9846BB4205D10C22A35E01225B
:10331800524290467EE71800FFF7E0F98146002800
:10332800F3D04746A5E701235B42984682E7C046AB
:08333800B00700205CF3FFFF69
:1033400070B505000C001F2922D8B7239B00C35875
:10335000002B0ED08A009B181A68002A09D0012A77
:1033600010D0511C10D0002120001960904700207F
:1033700070BD280000F030F822000100280000F0A5
:1033800017F8F5E70020F3E7162303600120EFE7C5
:0C3390001623036001204042EAE7C0461B
:10339C0010B5034B01001868FFF7CCFF10BDC046F9
:0433AC00B007002046
:1033B000002370B5074C050008001100236005F0DC
:1033C0005BF8431C00D070BD2368002BFBD02B6042
:0833D000F9E7C0468CAC0020B7
:0833D80010B505F045F810BD29
:1033E00070B50C000E25495F04F0B0FE002803DB29
:1033F000236D1B18236570BDA389024A1340A38166
:08340000F9E7C046FFEFFFFFF2
:10340800F8B516001F000C228B5E0C0005000E227A
:10341800895EDA0507D50022022304F029FB0C2275
:10342800A35E0E22A15E044A28001340A381320045
:0C3438003B0003F0CDF9F8BDFFEFFFFFF3
:1034440070B50C000E25495F04F014FB431C06D034
:103454008023A2895B011343A381206570BDA389E6
:0C346400014A1340A381F9E7FFEFFFFFCE
:0C34700010B50E23C95E03F02DFA10BD4C
:10347C000323CAB2F0B50340002A39D0002B0ED07A
:10348C000378002B57D09A4231D0032404E0037800
:10349C00002B50D093422AD001302042F7D1FF2587
:1034AC0029400D0229430D040D4329000468234EC5
:1034BC0061408B198B43A119A143214E0B4333421D
:1034CC000BD1043001681D4F0C00CB196C408B43A1
:1034DC00E119A1430B433342F3D00378002B04D101
:1034EC0029E001300378002B25D09A42F9D1F0BDA8
:1034FC00002B0AD00378002BF9D0032202E00378CA
:10350C00002BF4D001301042F9D102680B4B0C495E
:10351C00D31893430B4206D104300268074BD318DF
:10352C0093430B42F8D00378002BE0D001300378A2
:10353C00002BFBD1DBE70020D9E7C046FFFEFEFEE7
:04354C00808080807B
:1035500003000A7801311A700133002AF9D170474B
:1035600070B504780600002C12D00D78002D09D01B
:10357000A5420BD00B0001E0A24207D001331A781C
:10358000002AF9D101300478002CEFD1801B70BDE6
:043590000020FCE734
:1035940070B50D0011008E2D00D9A3E0584EAC007B
:1035A4003459A746574870BD5748FCE75748FAE7CF
:1035B4005748F8E75748F6E75748F4E75748F2E71B
:1035C4005748F0E75748EEE75748ECE75748EAE72B
:1035D4005748E8E75748E6E75748E4E75748E2E73B
:1035E4005748E0E75748DEE75748DCE75748DAE74B
:1035F4005748D8E75748D6E75748D4E75748D2E75B
:103604005748D0E75748CEE75748CCE75748CAE76A
:103614005748C8E75748C6E75748C4E75748C2E77A
:103624005748C0E75748BEE75748BCE75748BAE78A
:103634005748B8E75748B6E75748B4E75748B2E79A
:103644005748B0E75748AEE75748ACE75748AAE7AA
:103654005748A8E75748A6E75748A4E75748A2E7BA
:103664005748A0E757489EE757489CE757489AE7CA
:10367400574898E7574896E7574894E7574892E7DA
:10368400574890E757488EE757488CE757488AE7EA
:10369400574888E7574886E7574884E7574882E7FA
:1036A400574880E757487EE757487CE757487AE70A
:1036B400574878E7574876E7574874E7574872E71A
:1036C400574870E757486EE757486CE757486AE72A
:1036D400574868E7574866E7574864E7574862E73A
:1036E400574860E7002B08D01A00280001F026FC98
:1036F400002800D057E7534855E70300F4E7C046D5
:1037040038B2011074B40110E8BA0110D0BA011033
:10371400BCBA011020BB011018B8011050B7011039
:1037240088BA0110A0BA01108CB601104CBA01106D
:10373400C0B8011048BB011054B501101CB50110EC
:1037440024B6011024B7011014B601105CBB01109B
:1037540068B601103CB8011064BA011034BA011003
:1037640004BA0110ECB90110CCB90110ACB90110C4
:103774007CB9011058B9011018BA0110FCBA011033
:1037840040B9011024B9011010B90110F4B80110A6
:10379400E8B80110D4B80110B0B8011098B80110FD
:1037A40084B801106CB8011074B901105CB8011030
:1037B40054B8011030B8011004B80110E8B7011072
:1037C400D4B70110A4B7011098B7011088B701103D
:1037D40070B7011060B7011038B7011014B70110A9
:1037E40004B70110ECB60110CCB60110ACB6011050
:1037F40054B6011044B6011004B60110F4B501101A
:10380400E0B50110D4B50110BCB50110B0B501107C
:103814009CB5011088B5011074B5011048B50110AC
:1038240038B5011008B50110F4B40110D8B4011072
:10383400CCB40110B4B40110A4B4011088B40110C4
:083844007CB4011070B5011005
:10384C0010B5044B0100002218680023FFF79CFE02
:08385C0010BDC046B0070020BA
:1038640010B5040083070AD00378002B23D0032269
:1038740002E00378002B1CD001301042F9D1026819
:103884000E4B0F49D31893430B420FD104300268F7
:103894000A4BD31893430B4208D104300268074BF8
:1038A400D31893430B42F1D000E001300378002B8E
:1038B400FBD1001B10BD0020FCE7C046FFFEFEFE4E
:0438C4008080808000
:1038C8000300F0B5C6460B4300B580469B0701D1FF
:1038D800032A1AD84646002A13D0531E9C460B7852
:1038E800771C3C003370002B21D0012307E0604691
:1038F800CD5CC01AFC18F5540133002D18D0934242
:10390800F5D1404604BC9046F0BD04000D4D06E0DC
:10391800043A0431261D2060032ADCD934000868E3
:10392800094BC31883432B42F2D02600D5E76046E3
:10393800211800220028E4D022700134A142FBD1D2
:0C394800DFE7C04680808080FFFEFEFEAE
:1039540070B504780600002C13D00D78002D09D022
:10396400A54209D00B0001E0A24205D001331A7828
:10397400002AF9D1801B70BD01300478002CEDD1F0
:08398400F8E70020F7E7C04658
:10398C00F0B5DE464E4657464546E0B5C3B00C0092
:10399C00079191461093089004F05CF803681800A6
:1039AC001A93FFF759FF1990A3891B0605D52369B4
:1039BC000993002B01D100F023FF32AB2593002398
:1039CC0025AFBB607B6018930024002316931794DB
:1039DC000023CA4632AE14931B930C9353461B78A8
:1039EC00002B47D05446252B02D11BE0252B03D0AE
:1039FC0001342378002BF9D15346E51A0FD03360EC
:103A0C00BB6875605B19BB607B6801337B60072BFF
:103A1C0027DC08360C9B9C46AC4463460C932378FD
:103A2C00002B27D0631C9A46002316AAD3770122B9
:103A3C005242934600220B922032904620329146FD
:103A4C00383A637894460021002400255246180029
:103A5C0020380132099158283ED8BF4980000858B7
:103A6C0087463A000799089804F07EFB002809D194
:103A7C0032AECFE7BB68002B04D03A000799089808
:103A8C0004F072FB079B9B895B0601D501F058F98A
:103A9C000C9843B03CBC90469946A246AB46F0BD50
:103AAC000021303B1800099B0A959A460D00AB008B
:103ABC005D1913786D0045191800511C30380A0037
:103ACC000928F4D952468A46099252460B950A9D0A
:103ADC00180020385828C0D9099913939246002908
:103AEC0001D001F01CFA139A002AC3D028AB1A702B
:103AFC00002216A9CA770A9501327EE18023099922
:103B0C001D431378A3E7531C0A9313782A2B01D176
:103B1C0001F0CFF91800002230389346092801D95A
:103B2C0001F097F8099B5946A2469B460A9A8B00CE
:103B3C005B185B0019181378541C180030382200DD
:103B4C000928F4D920005A465446824609928B46DD
:103B5C005246BDE7099913780420054377E713789B
:103B6C0001212B2473E710980999036804300B93F7
:103B7C0010900B981378002800DB68E740420B90FC
:103B8C00EAE7012309991D43137860E70999137833
:103B9C00002C00D05BE70121203458E709991393DE
:103BAC009246002901D001F0B2F96C4B1493AB068C
:103BBC0000D409E30722109B073393430132944648
:103BCC009C4462465C681B680E930F94109202230F
:103BDC00EA0769D50E990F9A0800104364D030217A
:103BEC001EAA11704C206946091809781D435170A2
:103BFC00002216A9CA775A4601325BD1002291469F
:103C0C000A95012B00D1CFE0022B01D100F036FC3C
:103C1C000E980F995B4632AA90460993B34600E082
:103C2C00A0464A079446434665465C1EC6080723D1
:103C3C00CA08354311002A00034030332370280092
:103C4C000A43EDD10E900F9109995E468B460A9965
:103C5C0042461294C90701D500F0F1FC32AB1B1B94
:103C6C000D935B4609930D9B9B4500DA099300234A
:103C7C0015934B46002B00D1C8E0099B01330993E7
:103C8C00C4E013939246AB0600D4B2E20722109B19
:103C9C0007339343013294469C4462465C681B682C
:103CAC000E930F9401231092002216A9CA775A463C
:103CBC000132A3D0002291468022290091430A911F
:103CCC000E990F9A080010439BD15A46002A01D036
:103CDC0000F047FE002B01D000F071FC0120030026
:103CEC0032AA2B400D931292BBD02723302128AA45
:103CFC00D15416AA9446483363441293B1E71393F4
:103D0C00109B92461C1D1B6816A91A0012930023C7
:103D1C00CB77002A01D100F0A5FD5B46013301D120
:103D2C0000F08DFE5A4600211298FEF7A9FF0028DC
:103D3C0001D100F096FF129BC21A16ABDB7F0D92DD
:103D4C009946D343DB171A400023099210940A9525
:103D5C009B4615938DE7C04674BB0110FCBC01104B
:103D6C00099913939246002901D001F0D4F8AB06BF
:103D7C0000D40FE20722109B073393430132944681
:103D8C009C4462465C681B680E930F9410920F9BC8
:103D9C00002B01DA00F077FC16ABDB7F99465A4614
:103DAC000123013288D10A950E9B0F9C002C01D067
:103DBC0000F07EFD092B01D900F07AFD27220E9B25
:103DCC0028A930338B54012316AA94460D936E33D5
:103DDC006344129345E7109992460A68242009928D
:103DEC006A4612181278139328AB1A70002216A880
:103DFC00C2770A1D109201220A950992002291465F
:103E0C0001320D92002293461592129302230A9AC4
:103E1C001A40904602D0099B0233099384230A9AD4
:103E2C00BC681A40119238D10B9B099A9D1A002D2F
:103E3C0033DDCC4A7B689146102D1FDD22004C46A9
:103E4C0003E0103D0836102D16DD10211032013321
:103E5C0034607160BA607B60072BF2DD3A00079921
:103E6C00089804F081F9002800D00BE6103DBA68E0
:103E7C007B6832AE102DE8DCA14614004A4664196A
:103E8C00013332607560BC607B60072B01DD00F094
:103E9C003BFD16ABDB7F083699464B46002B0FD00B
:103EAC0016AA1F23944663443360012373607B6816
:103EBC0001340133BC607B60072B00DDC6E20836A1
:103ECC004346002B0CD01EAB3360022373607B681F
:103EDC0002340133BC607B60072B00DDC2E2083684
:103EEC00119B802B00D120E25B460D9A9B1A9B46BE
:103EFC00002B32DD5A467B689B4D102A22DD1022A6
:103F0C00A84691465D4603E0103D0836102D17DD9E
:103F1C00424632604A46103401337260BC607B60AA
:103F2C00072BF1DD3A000799089804F01DF90028D9
:103F3C0000D0A7E5103DBC687B6832AE102DE7DCE5
:103F4C00AB4645465A465C44013335607260BC60F2
:103F5C007B60072B00DDAFE208360A9BDB0500D542
:103F6C0084E1129B33600D9B9C4673607B686444B8
:103F7C000133BC607B60072B00DD6BE108360A9BCC
:103F8C005B0731D50B9B099A9D1A002D2CDD754AC8
:103F9C007B68914610229046102D04DC1BE0103DEE
:103FAC000836102D17DD6F4A10343260424601334B
:103FBC007260BC607B60072BF1DD3A0007990898B2
:103FCC0004F0D2F8002800D05CE5103DBC687B689A
:103FDC0032AE102DE7DC4A466419013324C6BC60AE
:103FEC007B60072B00DD36E30B9A099B9A4200DAC3
:103FFC001A000C9B9C46944463460C93002C00D0F6
:10400C00CEE1002332AE7B60E8E413939246AB061C
:10401C0051D50722109B07339343013294469C449D
:10402C0062465C681B6810920E930F9400233BE66B
:10403C0009999246002901D000F061FF109A08CA34
:10404C001092AA0600D52BE3EA0601D500F058FC25
:10405C006A0601D400F054FC6A46128E1A80BDE444
:10406C00434609991D431378F1E4109992460B6865
:10407C003E4A0E9300230F9302331D431EAB1A804E
:10408C0078220B1D10933A4B1392149302230BE6D8
:10409C00137809996C2B00D1D2E310200543D6E498
:1040AC004B4609991D431378D1E4139310231D43F8
:1040BC009246AB06ADD4109A08CA1092EA0602D406
:1040CC006A0600D59BB20E9300230F93ECE5634672
:1040DC0009991D431378BAE4099913939246002960
:1040EC0001D000F010FF0722109B073393431A00F6
:1040FC0018CA98461092012216931794640064080B
:10410C0052421C4B40462100EEF79EFB002800D08B
:10411C00CCE20122174B524240462100ECF756FBF1
:10412C00002800D0C2E21698179900220023ECF761
:10413C0043FB002801D000F048FD16ABDB7F99460D
:10414C00139B472B01DD00F080FC0B4B129380235B
:10415C009D437D3B09930D9300230A959B46159334
:10416C0087E5C0461CBD01102CBD01103078000045
:10417C00FCBC0110FFFFEF7FD8BC01100999139311
:10418C009246002901D000F0ABFE10231D43AB0674
:10419C0000D5EFE5109A08CA1092EA0600D56AE23B
:1041AC006A0600D467E21BB20E93DB170F93EEE5A1
:1041BC00099913939246002901D000F09CFEC44B40
:1041CC001493AB0600D5F5E4109A08CA1092EA06CF
:1041DC0000D54BE26A0600D448E29BB20E93002352
:1041EC000F93F4E4139310231D439246AB0600D5B2
:1041FC004CE5109A08CA1092EA0602D46A0600D559
:10420C009BB20E9300230F9301334DE501330D93B5
:10421C001300A34691460C0008334A4659461560D4
:10422C0051600D9A5C44BC607A60072A00DDF6E2AE
:10423C001E00994601320D9208364A4621AB136096
:10424C001B9B9C4653600D9B6444BC607B60072B9E
:10425C0000DC94E63A000799089803F085FF0028E3
:10426C0001D0FFF70FFCBC6832AE88E6139B652BC0
:10427C0000DC9FE01698179900220023ECF796FAC1
:10428C00002800D12AE1934B013433600123736081
:10429C007B68BC6001337B60072B00DDB6E308361E
:1042AC001F9B189A934204DB0A9BDB0701D4BC6862
:1042BC0065E61A9BBA683360199B9C4673607B68F1
:1042CC00624401331400BA607B60072B00DDBDE251
:1042DC000836189B013B9846002B00DC4FE6424603
:1042EC007B687D4D102A00DC43E3102291462200AE
:1042FC00444604E00836103C102C00DC37E34946F9
:10430C001032013335607160BA607B60072BF1DDD0
:10431C003A000799089803F027FF002801D0FFF70F
:10432C00B1FBBA687B6832AEE5E70B9B099A9B1A26
:10433C009846002B00DCD7E542467B68664D102A78
:10434C0022DD102291462200444603E0103C083640
:10435C00102C17DD49461032013335607160BA609C
:10436C007B60072BF2DD3A000799089803F0FCFEFE
:10437C00002801D0FFF786FB103CBA687B6832AE90
:10438C00102CE7DCA046140042464444013335604F
:10439C007260BC607B60072B00DDF6E20836A3E59B
:1043AC003A000799089803F0DFFE002800D128E6B0
:1043BC00FFF768FB082189467A6818990134531C69
:1043CC00B144012900DC29E1129ABC60326001225F
:1043DC007B607260072B00DDA6E24A461A99013316
:1043EC001160199A4946944664444A60BC609846E8
:1043FC007B60072B00DDA5E208239C46E144434685
:10440C00169817994E465D1C189B0022013B9B4643
:10441C00002311950D950836ECF7C8F9002800D04B
:10442C00D3E04A46129B5C44013313604B465A4618
:10443C00BC605A607D60072D00DDF0E1434602331D
:10444C000D934B461033B1461E00F6E63A00079921
:10445C00089803F089FE002801D0FFF713FBBC6815
:10446C0032AE2DE53A000799089803F07DFE00283E
:10447C0001D0FFF707FBBC6832AE31E50F20B44624
:10448C0032AB19000E9A0F9B0400149D14402C5D46
:10449C0016091D07013935430C701C0923002C002B
:1044AC002A001C43F0D10E920F9332AB5B1A12917F
:1044BC0066460D93FFF7D5FB3A000799089803F071
:1044CC0053FE002801D0FFF7DDFABC6832AE44E59C
:1044DC00E8BC011018BD01102CBD01101F9900295A
:1044EC0000DC5FE2159B1D00189B9D4200DD5DE129
:1044FC00002D0BDD129B641933607B6875600133F2
:10450C00BC607B60072B00DD53E30836EB43DB1705
:10451C001D40159B5B1B9846002B00DD4AE11F9B41
:10452C00189A934200DAB4E10A9AD20700D5B0E1A6
:10453C001899159ACB1A8A1A1D00934200DD1500A2
:10454C00002D0EDD1599129A8C46624432607A6801
:10455C00641901327560BC607A60072A00DD69E37A
:10456C000836EA43D21715405B1B9846002B00DC3B
:10457C0005E542467B68E04D102A00DCF9E110228B
:10458C0091462200444604E00836103C102C00DC16
:10459C00EDE149461032013335607160BA607B60E1
:1045AC00072BF1DD3A000799089803F0DDFD002890
:1045BC0001D0FFF767FABA687B6832AEE5E70023F3
:1045CC000D9332AB1293FFF74CFB5B46002B00DCD8
:1045DC0033E6102B01DC00F042FC2100C64D102606
:1045EC004A465C46119B05E00832103C102C00DC5E
:1045FC000CE60133103115605660B9607B60072BF7
:10460C00F2DD3A000799089803F0AEFD002801D0BE
:10461C00FFF738FAB9687B6832AAE6E701210A98F5
:10462C00014200D0D0E6129871603060BC607B60B3
:10463C00072B00DDF3E0931C0D931036FDE5302BBA
:10464C0000D120E13023023A137032AB9B1A0D9348
:10465C001292FFF706FB3A000799089803F084FDC5
:10466C00002801D0FFF70EFABC68BDE40E930023BE
:10467C000F93FFF7ACFA0E93DB170F930F9B002BE6
:10468C0001DBFFF789FB0E990F9A00244B429441F2
:10469C000E930F942D2316AAD3779946FFF77FFB21
:1046AC000C9A1A60D2175A60FFF798F91698179956
:1046BC0002000B00EEF7C8F8002800D0ACE3202372
:1046CC00139A9A435B469146013300D1C6E2472ABE
:1046DC0000D1C7E180235B002B430A93179B002B6F
:1046EC0000DA78E2169A0993002390461193139BF3
:1046FC00662B00D188E2462B00D1E7E24B46452BD6
:10470C0000D1B6E123AB049320AB03931FAB029310
:10471C005B4601930223424600930898099B02F0E2
:10472C008FF9139B1290672B00D0D6E3129B1A00C3
:10473C005A441400EA0700D4D2E100230022404678
:10474C000999ECF733F82300002809D1239B302179
:10475C00A34205D25A1C23921970239B9C42F9D870
:10476C00129A9B1A18931F9B15934B46472B00D1FB
:10477C00BEE1139B662B00D0C2E1159B002B00DC25
:10478C0064E35B46002B00D053E3EB0700D550E30A
:10479C00159B09930D93119B002B00D0E0E116ABF8
:1047AC00DB7F994600239B46FFF763FA1D1E00DD55
:1047BC00A0E6ABE642467B684F4D102A00DC32E1A6
:1047CC00102291462200444604E00836103C102C7E
:1047DC0000DC26E149461032013335607160BA6065
:1047EC007B60072BF1DD3A000799089803F0BCFCBD
:1047FC00002801D0FFF746F9BA687B6832AEE5E7CE
:10480C0040210898F6F786FC079B18601861002871
:10481C0000D169E34023079A5361FFF7CEF83A00C1
:10482C000799089803F0A0FC002801D0FFF72AF99B
:10483C007B68BC6801330D9332AB34AE9946FCE413
:10484C00434601321D431378FFF701F93A000799EB
:10485C00089803F089FC002801D0FFF713F9BC6815
:10486C0032AE36E55B460993062B00D9F1E0099B85
:10487C0010940D93002399469B4615931F4B0A9554
:10488C001293FFF7C3FA129A32AB9B1A0D93FFF7F0
:10489C00E8F91A9A3260199A944672607A686444FC
:1048AC000132BC607A60072A00DD75E108363FE60C
:1048BC0032ABB0460E9C0F9D1E00200029000A2230
:1048CC000023ECF703F8013E303232700023200055
:1048DC0029000A22EBF7FAFF030004000D000B433A
:1048EC00EBD1320032AB9B1A12960E940F954646C2
:1048FC000D93FFF7B6F9C0462CBD011010BD011089
:10490C000C9A1A60FFF76AF83A000799089803F0B6
:10491C002BFC002801D0FFF7B5F816ABDB7FBC6889
:10492C00994632AEFFF7B9FA3A000799089803F0A6
:10493C001BFC002801D0FFF7A5F832AABC687B68E5
:10494C0091464AE53A000799089803F00DFC0028B7
:10495C0001D0FFF797F87B68BC68984632AB994654
:10496C004DE5012B01D0FFF74FF9FFF727FAA046D1
:10497C00140042464444013335607260BC607B6075
:10498C00072B01DCFFF7FAFA64E43A000799089860
:10499C0003F0EAFB002801D0FFF774F8BC6832AED4
:1049AC00FFF7A2FAD64B01343360012373607B68A6
:1049BC00BC6001337B60072B00DD18E10836002951
:1049CC0002D1189B002B47D01A9B3360199B9C4635
:1049DC0073607B6864440133BC607B60072B00DD33
:1049EC004CE132000832002900DA82E112990133DD
:1049FC00116018997B608C4664445160BC60072B35
:104A0C0000DD27E408321600FFF7B9FA3A000799DF
:104A1C00089803F0A9FB002801D0FFF733F832AE59
:104A2C003EE4A046140042464444013335607260B3
:104A3C00BC607B60072B00DD3CE108366FE512980B
:104A4C00FEF70AFF0200FFF778F9AE4B1293FFF75F
:104A5C007EFB062309930AE70A9BDB0701D4FFF7C9
:104A6C008EFAB1E75B46002B00D033E601239B4660
:104A7C0030E65B465A1C23AB049320AB03931FAB6D
:104A8C00029302230D92019200934246099B0898CF
:104A9C0001F0D6FF1290139B472B00D003E2EB07DB
:104AAC0000D4ECE10D9A129B944663441C00139BBA
:104ABC00462B00D041E6129B1B78302B02D01F9B5B
:104ACC00E4183AE60022002340460999EBF76EFE03
:104ADC000028F4D101230D9A9B1A1F93E4182CE69D
:104AEC00239AD31A18931F9B15934B46472B07D128
:104AFC00159BDA1C01DB9B453ADA139B023B1393A3
:104B0C006A464C21159B521812785C1E21AB1F94DF
:104B1C0099461A70002C00DA6CE12B234A4653702C
:104B2C00092C00DD11E130234A4630349370D470E7
:104B3C0022AB4A469B1A189A9C46110061441B935F
:104B4C000D91012A00DC5CE1199B0D9A9C46624494
:104B5C00D343DB170D921A400023099215931AE6E2
:104B6C002D2316AAD377994600239B46FFF785F889
:104B7C00159B18998B4200DA8EE0EA0700D42FE1DE
:104B8C00199B159A9C4662440D92D343DB171A402D
:104B9C00672309921393FEE53A000799089803F0EE
:104BAC00E3FA002801D0FEF76DFF1F9BBC6832AE04
:104BBC00BEE43A000799089803F0D6FA002801D011
:104BCC00FEF760FFBC6832AEA0E42D2316AAD377A3
:104BDC009946FFF7B5FA8022169B179C1206984649
:104BEC0094462300634409932D2311937FE53A00E7
:104BFC000799089803F0B8FA002801D0FEF742FF95
:104C0C001F99BC6832AEDAE623AB049320AB039356
:104C1C001FAB02935B460193032342460093089813
:104C2C00099B01F00DFF03005B441C005B461290D6
:104C3C000D9340E73A000799089803F095FA00287D
:104C4C0001D0FEF71FFF189B1F9ABC689B1A32AE4F
:104C5C0087E40A9A92465246FEF73AFF06239B4691
:104C6C0038E516ABDB7F109499465B4609930D93A0
:104C7C0000230A959B461593FEF7FBFF3A00079914
:104C8C00089803F071FA002801D0FEF7FBFE1F997B
:104C9C00BC687B6832AAA6E6199B189A9C46159BA1
:104CAC0062440D92002B00DD6FE7159A0D9B981A4C
:104CBC00421C69E73A000799089803F055FA002856
:104CCC0001D0FEF7DFFEBC6832AE28E423AB0493C0
:104CDC0020AB03931FAB02935B4601930323424625
:104CEC0000930898099B01F0ABFE5B4612900D9364
:104CFC00D8E64E42044D103168DA1021884609E09E
:104D0C0018BD0110DCBC01102CBD01100832103E86
:104D1C00102E5BDD41461034013315605160BC60D0
:104D2C007B60072BF2DD3A000799089803F01CFA18
:104D3C00002801D0FEF7A6FEBC687B6832AAE6E725
:104D4C0001235B420C93FEF7A3FE16AA3B23944669
:104D5C006344B346A8461E0000E02E0020000A2142
:104D6C00EBF7F6FC751E3031297020000A21EBF7A9
:104D7C0009FC04000928F0DC32002B0016A95E4661
:104D8C004546934698468C4613003B223034E4B299
:104D9C00023B62441C709A4200D899E03B235A466D
:104DAC0063449A1A012358465B4201E0C45C013308
:104DBC004946C918CC709A42F8D116A98C462E22B5
:104DCC00434662449446FB1A6344B2E6A419013389
:104DDC0015605660BC607B60072B57DC083205E61B
:104DEC001A00DB431100DB171940672309910D9260
:104DFC001393D0E40124159B4A46E41A2D235370D7
:104E0C008EE601232B40159300D09DE6CB430A0080
:104E1C00DB171A400992BEE4179B002B27DB16AB5D
:104E2C00DB7F9946139B472B1DDC3F4B1293FFF7FF
:104E3C008EF9199A159B94466344180002005A4443
:104E4C00D343DB170D921A400992A4E45B46002B66
:104E5C0012D1EB0710D4012309930D939BE433007B
:104E6C00324DFFF7DAF9324B1293FFF770F92D231D
:104E7C0016AAD3779946D5E7199B581CDEE7239BD6
:104E8C00129A9B1A18931F9B159331E63A000799B7
:104E9C00089803F069F9002801D0FEF7F3FDBC680F
:104EAC007B6832AAA2E5129A0D9B944663441C00BF
:104EBC0043E4109B0999181D1B689B46002B02DAD2
:104ECC0001235B429B46537810900A9AFEF7BFFD74
:104EDC0016AA2E23944663442BE65B460D93DAE523
:104EEC0016ABDC77FFF751F90C23089A13600D3BD6
:104EFC000C93FEF7CDFD16ABDC77FFF760F916AB24
:104F0C00DC77FFF79BF816ABDC77FFF7ECF816AB0A
:104F1C00DC77FEF74AFE16ABDC77FEF728FF16AB04
:104F2C00DC77FEF7E0FDC046E0BC01102CBD0110A3
:044F3C00E4BC0110C0
:044F40000020704796
:104F4400F0B5DE464E4645465746E0B5C3B08B46FF
:104F540091461C000D930500079002F07FFD036845
:104F640018001A93FEF77CFC1990002D04D0AB6B4B
:104F74000893002B00D1A9E05B465A460C21595EE8
:104F8400526E8BB2D20702D49A0500D4C7E08022B5
:104F94009201134209D10A435B4659469A81496EEC
:104FA400B64B0B4059464B6693B21A075ED55A4628
:104FB4001269002A5AD01A221A400A2A6FD032AB38
:104FC4002593002325AFBB607B6018930024002346
:104FD400169317940023DA46CB4632AE14931B93F0
:104FE4000A935B461B78002B00D141E25C46252BDB
:104FF40002D11CE0252B03D001342378002BF9D1F6
:105004005B46E51A0FD03360BB6875605B19BB6003
:105014007B6801337B60072B5CDC08360A9B9C466B
:10502400AC4463460A932378002B00D120E2631C2E
:105034009B46002316AAD3770122524291460022AE
:105044000B9220329446203263789046002100244B
:1050540000255A460132089118002038582801D9F1
:1050640000F018FC8649800008588746594607987E
:1050740001F0C4FB5B4600280CD05B6EDB0705D453
:105084005B469B899B0501D400F0FCFB01235B423A
:105094000A933CE01A229B891A400A2A8FD15A4665
:1050A4000E21525E002A8ADB5A46526ED20705D47C
:1050B4009B0503D45B46986DFDF798FA23004A4696
:1050C4005946079801F07AFA0A9020E00798FCF70D
:1050D4003DFB51E73A005146079803F015F90028C3
:1050E40009D132AE9AE73A005146079803F00CF919
:1050F400002800D1B4E1D3465A465B46526E9B89E0
:10510400D20702D49A0500D4B5E35B06BED40A984C
:1051140043B03CBC90469946A246AB46F0BD5B46C4
:10512400986DFDF761FA5B460C21595E8BB22EE750
:105134000021303B1800089B09959B460D00AB00ED
:105144005D1913786D0045191800511C30380A0098
:105154000928F4D9594693460B95099D08915A4656
:105164007AE708991378002C00D073E701212034E2
:1051740070E7012308991D4313786BE7089913938B
:105184009346002901D001F00AFA3E4B1493AB0672
:1051940000D437E307220D9B07339343013294462F
:1051A4009C4462465C681B680E930F940D92022324
:1051B400EA070DD50E990F9A0800104308D0302144
:1051C4001EAA11704C206946091809781D435170B4
:1051D400002216A9CA774A46013200D197E100227B
:1051E400904680222900914309910E990F9A080054
:1051F400104300D08EE14A46002A01D000F02DFE73
:10520400002B01D000F012FD0120030032AA2B4034
:105214000C93129208D02723302128AAD15416AA1D
:1052240094464833634412934B4608930C9B994528
:1052340000DA0893002315934346002B02D0089B01
:10524400013308930223099A1A40109202D0089B52
:10525400023308938423099ABC681A40119241D1FD
:105264000B9B089A9D1A002D3CDD074A7B689046EB
:10527400102D28DD220044460CE0C046FFDFFFFF6E
:105284003CBD0110C4BE0110E4BE0110103D08363F
:10529400102D16DD10211032013334607160BA60B4
:1052A4007B60072BF2DD3A005146079803F02CF897
:1052B400002800D01FE7103DBA687B6832AE102D7D
:1052C400E8DCA0461400424664190133326075607C
:1052D400BC607B60072B01DD00F028FD16ABDB7F93
:1052E400083698464346002B10D016AA1F2394462E
:1052F40063443360012373607B6801340133BC6011
:105304007B60072B01DD00F005FC0836109B002BA9
:105314000DD01EAB3360022373607B68023401330B
:10532400BC607B60072B01DD00F001FC0836119B9B
:10533400802B00D1B4E34B460C9A9B1A9846002B61
:1053440032DD42467B68CA4D102A21DD1022914687
:105354002200444603E0103C0836102C16DD494672
:105364001032013335607160BA607B60072BF2DD67
:105374003A005146079802F0C7FF002800D0BAE669
:10538400103CBA687B6832AE102CE8DCA0461400EE
:1053940042464444013335607260BC607B60072B35
:1053A40001DD00F0EEFB0836099BDB0500D50FE3B9
:1053B400129B33600C9B9C4673607B68644401338E
:1053C400BC607B60072B00DDF6E20836099B5B07B7
:1053D40039D50B9B089A9D1A002D34DDA54A7B68AC
:1053E400904610229146102D04DC1BE0103D083637
:1053F400102D17DD9F4A103432604A460133726023
:10540400BC607B60072BF1DD3A005146079802F03F
:105414007BFF002800D06EE6103DBC687B6832AE8E
:10542400102DE7DC42466419013324C6BC607B605E
:10543400072B08DD3A005146079802F065FF002863
:1054440000D058E6BC680B9A089B9A4200DA1A000E
:105454000A9B9C46944463460A93002C00D042E67F
:1054640000237B605B461B7832AE002B00D0BDE589
:10547400BB68D346002B01D000F085FF00237B607E
:105484003AE613930D9B93461C1D1B6816A91A003C
:1054940012930023CB77002A01D100F040FE4B4643
:1054A400013301D100F09FFE4A4600211298FDF716
:1054B400EBFB002801D100F0E9FD129BC21A16ABE8
:1054C400DB7F0C929846D343DB171A4000230892E3
:1054D4000D94099599461593AEE613939346AB063E
:1054E40000D476E107220D9B16A9073393430132BA
:1054F40094469C4462465C681B680D920022CA77FD
:105504004A460E930F940123013200D067E600222D
:1055140090460995012B00D1D8E0022B00D113E36A
:105524000E980F994B4632AA089391460C9600E0C8
:10553400A1464A0794464B466546C2085C1E0723AB
:1055440015432A000340CE0830332370280031006D
:105554003243EDD10E900F9108994A468946099934
:1055640012940C9EC90700D5D4E332AB1B1B0C93D9
:105574005AE60D980899036804300B930D900B9824
:105584001378002800DB65E540420B9004200543B6
:1055940060E5137801212B245CE508991378F5E77D
:1055A400531C9B4613782A2B01D100F0D1FF18001D
:1055B4000022303891465A46092800D9CFE5089B85
:1055C4004946A34699468B005B185B00191813786B
:1055D400541C1800303822000928F4D94A46894658
:1055E40021005C468B4608925A4635E50899934655
:1055F400002901D000F0C0FF0D9A08CA0D92AA0636
:1056040001D400F04AFC0A9A1A60D2175A60E8E4FE
:1056140013939346AB0600D4C8E007220D9B0733CF
:105624009343013294469C4462465C681B680D9225
:105634000E930F940023CBE50D9993460B680E4A05
:105644000E9300230F9302331D431EAB1A8078225E
:105654000B1D0D93094B139214930223B8E5137891
:1056640008996C2B01D100F038FD10200543F1E4BA
:10567400F4BE0110E4BE011030780000C4BE011075
:10568400089913939346002901D000F079FF102361
:105694001D43AB0600D4F8E207220D9B0733934366
:1056A400013294469C4462465C681B680E930F94D6
:1056B4000D920F9B002B00DAFAE216ABDB7F9846C3
:1056C4004A460123013200D08BE509950E9B0F9CBD
:1056D400002C00D0F1E0092B00D9EEE027220E9B2C
:1056E40028A930338B54012316AA94460C936E33A5
:1056F4006344129398E5089913939346002901D0C3
:1057040000F046FF07220D9B073393431A0018CA83
:1057140098460D920122169317946400640852422D
:10572400DA4B40462100EDF793F8002800D0C1E39E
:105734000122D64B524240462100EBF74BF8002899
:1057440000D0B7E31698179900220023EBF738F836
:10575400002801D000F075FC16ABDB7F9846139B44
:10576400472B01DD00F03BFDC94B129380239D4381
:105774007D3B08930C9300230995994615935BE5AB
:10578400802308991D43137864E4634608991D43F4
:1057940013785FE4082308991D4313785AE413939C
:1057A40010231D439346AB0600D536E70D9A08CA6D
:1057B4000D92EA0602D46A0600D59BB20E9300232A
:1057C4000F9305E5139310231D439346AB0600D5B1
:1057D40088E60D9A08CA0D92EA0602D46A0600D534
:1057E4009BB20E9300230F930133F1E408991393B2
:1057F4009346002901D000F0C7FEA64B1493AB06D4
:1058040000D5C7E40D9A08CA0D92EA0600D55BE2FA
:105814006A0600D458E29BB20E9300230F93C6E4A9
:105824000D9993460A68202008926A461218127845
:10583400139328AB1A70002216A8C2770A1D0D9282
:105844000122099508920022904601320C9200220E
:10585400129391461592F5E40899139393460029FF
:1058640000D116E716ABDC7713E7434608991D43CE
:105874001378FFF7EFFB5B46986DFCF7B7FE5B46CA
:105884009B8942E45B46986DFCF7B0FE01235B42C2
:105894000A933CE4089913939346002901D000F03D
:1058A40082FE139A002A00D1E2E528AB1A70002286
:1058B40016A9CA7709950132C4E74A460E9C0F9D82
:1058C40032ABB1461E000892200029000A220023B0
:1058D400EBF700F8013E303232700023200029003B
:1058E4000A22EAF7F7FF030004000D000B43EBD193
:1058F4003200089B12964E46994632AB9B1A0E9480
:105904000F950C9390E4082189467A68189901341C
:10591400531CB144012900DCDBE1129ABC60326003
:1059240001227B607260072B00DD79E24A461A99F6
:1059340001331160199A4946944664444A60BC6034
:1059440098467B60072B00DD78E208239C46E144FF
:105954004346169817994E465D1C189B0022013B3E
:105964001093002311950C950836EAF723FF0028BD
:1059740000D061E1129A7D60013213004A4613603F
:10598400109B9C4664445360BC60072D00DDB0E16D
:10599400434602330C934B461033B1461E004A462D
:1059A40021AB13601B9B9C4653600C9B6444BC60FE
:1059B4007B60072B00DC09E53A005146079802F0AA
:1059C400A3FC002801D0FFF796FBBC6832AEFDE4CF
:1059D400139B652B97DD1698179900220023EAF78D
:1059E400E9FE002800D1D9E02B4B013433600123B8
:1059F40073607B68BC6001337B60072B00DD12E3BE
:105A040008361F9B189A934203DB099BDB0700D4DB
:105A140014E31A9BBA683360199B9C4673607B68D5
:105A2400624401331400BA607B60072B00DD5AE343
:105A34000836189B013B9846002B00DCC6E442461E
:105A44007B68164D102A00DC0EE2102291462200DB
:105A5400444604E00836103C102C00DC02E24946BF
:105A64001032013335607160BA607B60072BF1DD61
:105A74003A005146079802F047FC002801D0FFF78E
:105A84003AFBBA687B6832AEE5E7C046FFFFEF7FBA
:105A9400A0BE0110B0BE0110E0BE0110F4BE0110A2
:105AA4000B9B089A9B1A9846002B00DC43E4424661
:105AB4007B68DA4D102A20DD2200444603E0103CC6
:105AC4000836102C17DD1021103201333560716057
:105AD400BA607B60072BF2DD3A005146079802F06A
:105AE40013FC002801D0FFF706FB103CBA687B6862
:105AF40032AE102CE7DCA046140042464444013385
:105B040035607260BC607B60072B00DDB8E108364D
:105B1400FFF711FC3A005146079802F0F5FB002804
:105B240001D0FFF7E8FABC6832AEFFF7EFFB3A00AA
:105B34005146079802F0E8FB002801D0FFF7DBFA92
:105B4400BC6832AEFFF7F3FB0F200E9A0F9BB446EE
:105B540032A90400149D14402C5D1E071509013957
:105B64002E430C701C092300340032001C43F0D176
:105B74000E920F9332AB5B1A129166460C93FFF7A9
:105B840053FB3A005146079802F0BEFB002801D0AF
:105B9400FFF7B1FABC6832AEFFF706FC1F99002983
:105BA40000DC08E2159B1D00189B9D4200DD1D00D2
:105BB400002D0BDD129B641933607B687560013323
:105BC400BC607B60072B00DD3CE30836EB43DB174E
:105BD4001D40159B5B1B9846002B00DCC1E0424630
:105BE4007B688E4D102A00DC8DE210222100914644
:105BF40044463200564604E00832103C102C00DCC7
:105C04007DE248461031013315605060B9607B6015
:105C1400072BF1DD3A003100079802F075FB0028EC
:105C240000D0BBE3B9687B6832AAE6E700230C9393
:105C340032AB1293FFF7F8FA109B002B00DCAEE6B0
:105C4400102B01DC00F05BFC2100744D1C001026BD
:105C54004A46119B05E00832103C102C00DC22E27D
:105C64000133103115605660B9607B60072BF2DD9B
:105C74003A005146079802F047FB002801D0FFF78D
:105C84003AFAB9687B6832AAE6E70D9A08CA0D9217
:105C9400EA0606D46A0604D51BB20E93DB170F93EB
:105CA40007E50E93DB170F930F9B002B00DB04E536
:105CB4000E990F9A00244B4294410E930F942D2376
:105CC40016AAD3779846FBE40E9300230F93FFF7AD
:105CD4006EFA01210998014200D01EE61298716003
:105CE4003060BC607B60072B03DC931C0C93103684
:105CF40055E63A005146079802F006FB002801D009
:105D0400FFF7F9F97B68BC6801330C9332AB34AE0E
:105D1400994644E6302B00D113E23023023A137043
:105D240032AB9B1A0C931292FFF77EFA3A0051465B
:105D3400079802F0E9FA002801D0FFF7DCF916AB66
:105D4400DB7FBC68984632AEFFF7CCFA3A00514686
:105D5400079802F0D9FA002801D0FFF7CCF9BC6803
:105D640032AE1F9B189A934248DB099AD20745D456
:105D74001899159ACB1A8A1A1D00934200DD150052
:105D8400002D0EDD1599129A8C46624432607A68B1
:105D9400641901327560BC607A60072A00DD63E132
:105DA4000836EA43D21715405B1B9846002B01DCEA
:105DB400FFF70CFB42467B68184D102A54DD102275
:105DC40091462200444603E00836103C102C49DD7D
:105DD40049461032013335607160BA607B60072B2D
:105DE400F2DD3A005146079802F08EFA002801D0FD
:105DF400FFF781F9BA687B6832AEE6E71A9A326037
:105E0400199A944672607A6864440132BC607A607C
:105E1400072A00DD09E20836AAE7C046F4BE0110ED
:105E24003A005146079802F06FFA002801D0FFF7B4
:105E340062F932AABC687B68914677E53A0051461C
:105E4400079802F061FA002801D0FFF754F97B6843
:105E5400BC68984632AB99467AE5012B01D0FFF72E
:105E64005CFB3BE4A04614004246444401333560E5
:105E74007260BC607B60072B01DCFFF7A6FA9BE530
:105E84003A005146079802F03FFA002801D0FFF784
:105E940032F9BC6832AEFFF74EFAEA0606D46A0657
:105EA40004D56A46128D1A80FFF79BF80A9A1A6085
:105EB400FFF797F81698179902000B00ECF7C8FC47
:105EC400002800D0E4E22023139A9A4313000C9292
:105ED4004A46013200D1D6E0472B00D1BEE18023EF
:105EE4005B002B430993179B002B00DABDE1169A44
:105EF4000893002390461093139B662B00D1C0E1B6
:105F0400462B00D12CE20C9B452B00D1F1E123ABB5
:105F1400049320AB03931FAB02934B4601930223DC
:105F2400424600930798089B00F08EFD139B129045
:105F3400672B00D030E3129B1A004A441400EA078E
:105F440000D404E10023002240460899EAF732FC19
:105F54002300002809D1239B3021A34205D25A1CD7
:105F640023921970239B9C42F9D8129A9B1A189376
:105F74001F9B15930C9B472B00D1F0E0139B662BC2
:105F840000D0F4E0159B002B00DCAFE24B46002B65
:105F940000D08AE2EB0700D587E2159B08930C93A7
:105FA400109B002B00D024E116ABDB7F9846002326
:105FB4009946FFF741F9E04B0134336001237360E4
:105FC4007B68BC6001337B60072B40DC083600290A
:105FD40007D1189B002B04D1099BDB0701D4FFF7E1
:105FE400F5F91A9B3360199B9C4673607B68644483
:105FF4000133BC607B60072B00DD6CE132000832AA
:10600400002900DACDE112990133116018997B60FF
:106014008C4664445160BC60072B00DDCCE408323C
:106024001600FFF7D3F93A005146079802F06CF9CD
:10603400002801D0FFF75FF832AEE2E4BC68FFF756
:10604400C5F92D2316AAD3779846FFF788FB3A00A3
:106054005146079802F058F9002801D0FFF74BF891
:106064001F99BC6832AEB2E73A005146079802F075
:106074004BF9002801D0FFF73EF8189B1F9ABC6823
:106084009B1A32AE8DE60623994628E716ABDB7FD2
:106094000D9498464B4608930C9300230995994612
:1060A4001593FFF7C9F801330C931300109491462C
:1060B4000C0008334A461560109A494694464A60D3
:1060C4000C9A6444BC607A60072A00DD11E61E0065
:1060D40001320C920836994661E4634601321D434D
:1060E4001378FEF7B7FF3A005146079802F00CF90F
:1060F400002801D0FEF7FFFFBC6832AE99E4A04649
:10610400B2460C00160042464444013335607260C6
:10611400BC607B60072B00DD18E6083621E64B46A1
:106124000893062B01D906230893089B0D940C931E
:106134000023984699461593804B09951293FFF7CF
:1061440081F8129A32AB9B1A0C93FFF76DF8239ADD
:10615400D31A18931F9B15930C9B472B07D1159BA0
:10616400DA1C01DB99454CDA139B023B13932C2276
:10617400159B4C215C1E16AB9B186A46521812786C
:106184001F941A70002C00DAA7E12D212B2316AAE4
:1061940052181370092C00DD2FE12E21302316AA8A
:1061A400521813702F2216AB9B1830341C7022AB7C
:1061B40021AA9B1A189A9C46110061441B930C91C6
:1061C400012A00DC7EE1199B0C9A9C466244D3436D
:1061D400DB170C921A40002308921593E0E6584B03
:1061E4001293FFF7C3FA1298FDF73AFB0200FFF788
:1061F40066F92D2316AAD377984600239946FFF70C
:106204001EF8159B18998B4200DA9BE0EA0700D42C
:1062140034E1199B159A9C4662440C92D343DB17D4
:106224001A40672308921393BAE63A005146079836
:1062340002F06AF8002801D0FEF75DFF1F9BBC68DE
:1062440032AE95E53A005146079802F05DF8002811
:1062540001D0FEF750FFBC6832AEB7E44B46002BCA
:1062640000D03CE60123994639E68022169B179C10
:106274001206984694462300634408932D231093F2
:106284003AE623AB049320AB03931FAB02934B4634
:1062940001930323424600930798089B00F0D4FB24
:1062A40003004B441C004B4612901193129B1B7825
:1062B400302B02D01F9BE41844E600220023404602
:1062C4000899EAF777FA0028F4D10123119A9B1A66
:1062D4001F93E41836E63A005146079802F014F882
:1062E400002801D0FEF707FF1F99BC687B6832AA1B
:1062F40086E64B465A1C23AB049320AB03931FAB97
:10630400029302231192019200934246089B07983C
:1063140000F09AFB1290139B472B00D012E1EB077D
:1063240000D408E1119A129B944663441C00139B09
:10633400462BBBD006E6C046E0BE0110D8BE011015
:10634400A4BE0110199B189A9C46159B62440C929A
:10635400002B00DD62E7159A0C9B981A421C5CE73F
:1063640023AB049320AB03931FAB02934B460193DF
:106374000323424600930798089B00F065FB4B46B5
:1063840012901193CEE73A005146079801F0BCFFF2
:10639400002801D1FFF772F8FEF7AEFEB346FEF710
:1063A400ABFE4E42824D10311CDA1021884603E0C8
:1063B4000832103E102E15DD4146103401331560AD
:1063C4005160BC607B60072BF2DD3A0051460798B0
:1063D40001F09AFF002801D0FEF78DFEBC687B68AF
:1063E40032AAE6E7A419013315605660BC607B60ED
:1063F400072B00DD92E0083205E616AA3B239446FB
:106404006344B146A8461E0000E02E0020000A2185
:10641400EAF7A2F9751E3031297020000A21EAF743
:10642400B5F804000928F0DC32002B0016A94E460A
:106434004546914698468C4613003B223034E4B2DC
:10644400023B62441C709A4200D890E03B234A46C7
:1064540063449A1A012348465B4201E0C45C013359
:1064640021A9C918CC709A42F8D116A98C462E22BB
:10647400434662449446FB1A634499E61A00DB439C
:106484001100DB171940672308910C92139387E5D9
:10649400179B002B3ADB16ABDB7F9846139B472BED
:1064A40030DC444B1293FFF761F9199A159B94461B
:1064B4006344180002004A44D343DB170C921A4089
:1064C40008926DE501232B40159300D07BE6CB4366
:1064D4000A00DB171A40089262E50124159B16AAEC
:1064E400E41A2D231F395218137053E64B46002B20
:1064F40011D1EB070FD4012308930C9350E533001B
:106504002B4DD7E52C4B1293FFF730F92D2316AA08
:10651400D3779846C2E7199B581CCBE73A005146FB
:10652400079801F0F1FE002801D0FEF7E4FDBC68F5
:106534007B6832AA67E5239B129A9B1A18931F9BC8
:1065440015930CE6129A119B944663441C00F9E4DB
:106554000D9B0899181D1B689946002B02DA01232C
:106564005B42994653780D905A46FEF773FD16AA7E
:106574002E23944663441BE616ABDC77FFF73CF806
:1065840016ABDC77FFF783F816ABDC77FFF735F94A
:1065940016ABDC77FFF7B6F84B461193BBE616ABA8
:1065A400DC77FEF7F2FD16ABDC77FFF77AF9C0462D
:0C65B400F4BE0110A8BE0110ACBE011026
:1065C000F0B5150002221E4C1F008B89A544934391
:1065D0006A4693814B6E06001993CB8916A8D38126
:1065E000CB690C0007934B6A09931AAB0093049391
:1065F0008023DB000293059300230693FBF7F2FF51
:106600002A003B0069463000FEF79CFC051E0EDAAE
:106610006B469B895B0603D54022A3891343A38164
:106620001698FBF7E1FF2800064B9D44F0BD694634
:106630003000FBF707F80028EAD001256D42E7E7B4
:0866400094FBFFFF6C04000055
:1066480010B50B000349020008688168FEF776FC64
:0866580010BDC046B007002090
:1066600030B504009BB01800002A2DDB82236D4654
:106670009B00AB8100910491002A13D00123013AC1
:106680005B4202920592EB8102001E9B694620004C
:10669000FDF77CF9431C01DA8B2323600023009A69
:1066A00013700CE001235B4202920592EB81020021
:1066B0001E9B69462000FDF769F9431C01DB1BB0F6
:1066C00030BD8B232360FAE78B23012023604042F7
:0466D000F5E7C046E4
:1066D40010B50400054882B00068009313000A0056
:1066E4002100FFF7BBFF02B010BDC046B007002079
:1066F400F8B506000D001400002802D0836B002BAF
:106704004BD0A369A3600C23E25E91B20B071FD5A3
:106714002369002B1CD0FF20EFB2054080208001AC
:10672400014226D022686169D31A99422CDD0133D3
:10673400A1680139A160511C2160177062699A42F5
:106744002ED0A389DB0701D50A2D29D02800F8BD56
:106754002100300000F052F8002827D1FF20EFB2CA
:10676400054080200C23E25E800191B2236901423E
:10677400D8D10243616EA2810E4A0A406266616901
:106784002268D31A9942D2DC21003000FAF758FF6C
:1067940000280BD122680123CAE7FAF7D7FFB0E734
:1067A40021003000FAF74CFF0028CFD001256D42BC
:0867B400CCE7C046FFDFFFFF48
:1067BC00002904D0FF2A04D801200A707047002059
:0C67CC00FCE78A23036001204042F7E74D
:1067D80070B50500080011000022064C22601A005E
:1067E800F5F74CF9431C00D070BD2368002BFBD093
:0867F8002B60F9E78CAC0020D6
:10680000334B70B5050018680C00002802D0836B6C
:10681000002B3DD00C23E25E93B219070DD5216900
:10682000002915D0DA0722D50023A3606369002070
:106830005B42A361002922D070BDD90640D55B0719
:1068400029D4216908231343A3819BB20029E9D1EC
:10685000A0228020920080001A408242E2D02100D3
:106860002800FBF7F7FEA3892169DA07DCD40022B0
:106870009B0700D46269A26000200029DCD10C22B1
:10688000A35E1A06D8D540221343A3810138D3E76B
:10689000FAF75EFFBEE7216B00290AD023004033E0
:1068A000994204D02800F4F785FC0C23E25E002313
:1068B000236324239A430023216963602160C1E795
:1068C00009232B60402301201A43A2814042B3E7F1
:0468D000B0070020ED
:1068D400002370B5064C050008002360F5F762F844
:1068E400431C00D070BD2368002BFBD02B60F9E75C
:0468F4008CAC002048
:1068F800F0B5454680465746DE464E464346E0B527
:106908001B690D6985B00F000020AB4200DA92E0E8
:1069180014239C468C446246013DAB000292D61873
:10692800142242449146994433680192591C4B46BB
:106938001868E9F79FFD041E46D0029A0023924684
:10694800002001994A46A446B1465446BB46AA4689
:1069580006000D001F000392634604CC1004000CCF
:106968005843120C5A43C019030CD2182B68000460
:106978001904090C8919170C000C1204091A120CB5
:106988001B0C9B1A0A149B1809041E14090C1B04DF
:10699800194302C5A145DFD2039B4E4699461B68A1
:1069A800644655465F46002B0ED14B46019A043B80
:1069B8009A4204D306E0043B013D9A4202D2196888
:1069C8000029F8D043461D613900404601F0B0FA6D
:1069D80000282FDB029B01340020A4461900019FE8
:1069E8003B6810C91A04120C10182204120C821ADF
:1069F8001B0C200C1B1A10141B1812041814120C50
:106A08001B04134308C78E42EAD2019A644694468F
:106A1800AB006344196800290CD1043B9A4204D3A3
:106A280006E0043B013D9A4202D219680029F8D0D9
:106A380043461D61200005B03CBC90469946A246DD
:046A4800AB46F0BDAC
:106A4C00F0B557464E46DE464546E0B516001F00EB
:106A5C00016C9DB0040002960397002908D0012315
:106A6C00426C93404A608B6001F03CF80023236435
:106A7C003D1E00DAB8E10023299A13602A00CC4BA2
:106A8C001A409A4200D1BBE1029E039F00220023D0
:106A9C0030003900E9F78AFE002813D00123289A28
:106AAC0013602A9B002B00D1D4E1C24B2A9A1360AD
:106ABC00013B9A4650461DB03CBC90469946A246B6
:106ACC00AB46F0BD1AAB01931BAB009332003B00FD
:106ADC00200001F0D7FA2B0D834600D0ADE11A9BB4
:106AEC0098461B9B43441E00B34BF318202B01DC30
:106AFC0000F096FC4022D31A9D40B04B0298F3183C
:106B0C00D8402843EBF72CFF0123AD4D16934919C0
:106B1C00751E0022AB4BEBF74FFBAB4AAB4BEBF7C5
:106B2C00D9F8AB4AAB4BEAF7AFF9060028000F00D7
:106B3C00EBF7DCFEA84AA94BEBF7CCF802000B00F4
:106B4C0030003900EAF7A0F906000F00EBF798FEC9
:106B5C0000220690002330003900E9F72DFE0028B2
:106B6C000DD0069B18009946EBF7C0FE3B00320097
:106B7C00E9F71CFE434258414B461B1A069301236E
:106B8C00069E0A93162E10D89549F300C91808686A
:106B9C004968029A039BE9F723FE002801D100F013
:106BAC0045FC0023013E06960A9343465D1B0023D9
:106BBC0004932B00013B984604D501235B1B0493E3
:106BCC0000239846069B002B00DA8AE29C46099328
:106BDC0000239946E044269B092B00D93DE1012670
:106BEC00052B02DD0026043B2693269B032B01D1AB
:106BFC0000F043FD01DC00F0F9FC269B042B01D1D5
:106C0C0000F06EFC01230893269B052B01D000F0AD
:106C1C00F3FC279A069B944663440B93013307932A
:106C2C001F1E00DC01270023079D63640021172F22
:106C3C0000DC20E1012204335B0018001430110049
:106C4C000132B842F8D96164200000F023FF82467B
:106C5C0020640E2D00D816E11B9B002B00DA22E2DB
:106C6C00069A0E2A00DD1EE25D4BD2009B181A68B4
:106C7C005B6804920593279B002B01DA00F03BFC28
:106C8C00029E039F049A059B30003900EAF718FC1A
:106C9C00EBF7F6FD8146EBF729FE049A059BEBF723
:106CAC0019F802000B0030003900EBF785FA534657
:106CBC005D1C4B46524630331370079B06000F0089
:106CCC00012B45D00022474BEBF704F800220023A0
:106CDC0006000F00E9F76AFD002800D069E30222E4
:106CEC00079B5244534402931500A1460EE0002228
:106CFC003C4BEAF7EFFF0022002306000F000135A2
:106D0C00E9F754FD002801D000F0C2FC049A059B61
:106D1C0030003900EAF7D4FBEBF7B2FD0400EBF7D7
:106D2C00E5FD049A059BEAF7D5FF02000B00300045
:106D3C003900EBF741FA22006B1E30321A70029BBD
:106D4C0006000F00A846AB42D1D14B46A1461C0011
:106D5C0032003B0030003900EAF796F8049A059BA4
:106D6C0006000F00E9F73CFD00280CD1049A059BA6
:106D7C0030003900E9F71AFD002800D119E34B4621
:106D8C00DB0700D415E36B1E1978504607E09842D8
:106D9C0001D100F002FD023D29781D00013B1A00D3
:106DAC003929F4D082460291029E0136167000E316
:106DBC000000F07F15BF0110320400001204000027
:106DCC00000010FE0000F83F61436F63A787D23FBD
:106DDC00B3C8608B288AC63FFB799F501344D33FBE
:106DEC0040BF0110000024400123299A7D006D084A
:106DFC0013602A00BF4B03951A409A4200D043E619
:106E0C00BD4B289A1360029B002B0CD12D030AD189
:106E1C002A9B002B01D100F0ABFDB84B9A460833EE
:106E2C002A9A136046E62A9B002B02D1B44B9A4651
:106E3C0040E6B34B9A460333F2E73A03B14D120BDB
:106E4C001543B14A29009D181A9B3000984600231F
:106E5C0016935EE6AD4B9A462CE6012500230122E3
:106E6C0001266D4226930892079527930023002153
:106E7C006364079B0B93200000F00CFE8246206499
:106E8C000E2D00D9E8E6002E00D1E5E6029A039B10
:106E9C00069F0E920F93002F00DC52E30F213B0054
:106EAC000B40DA009A4B9B181D685E680C950D968A
:106EBC003D11EB0601D400F008FC964B0D401A6A0C
:106ECC005B6A0E980F99EAF7FBFA03231090119165
:106EDC000293002D18D00C980D99230001274C46D5
:106EEC0099468C4E2F4206D0029B01330293326896
:106EFC007368EAF7EFFE6D100836002DF2D14B46A1
:106F0C00A1461C000C900D910C9A0D9B1098119998
:106F1C00EAF7D6FA0C900D910A9B002B09D00C982D
:106F2C000D990022774BE9F747FC002801D000F0BF
:106F3C0082FC0298EBF7DAFC0C9A0D9BEAF7CAFE7E
:106F4C00754B0022E9F7A0FF744B0500CE18079B88
:106F5C00002B00D16FE3069B1893079B10930C98A2
:106F6C000D99EBF78DFC129513960600109D684B4E
:106F7C006A1ED2009B18303619685A68F3B256460E
:106F8C0001361491159202931796EBF7AFFC0200A1
:106F9C000B000C980D99EBF70FF9149A159B060042
:106FAC0008980F00002800D1ADE300205C49EAF7F7
:106FBC0087FA129A139BEBF7FFF86B4652461B7A33
:106FCC000C900D91137032003B00E9F709FC00287E
:106FDC0001D000F0BDFC32003B0000204949EBF72A
:106FEC00EBF80C9A0D9BE9F7E7FB002801D000F0B9
:106FFC00B1FC012D00D178E34A4614924246199215
:10700C005A46179B554402951294109299460C9C23
:10701C000D9DD34612E032003B0000203949EBF7BE
:10702C00CBF822002B00E9F7C7FB002801D000F0B9
:10703C0065FC029BD146534500D14EE30022394BEF
:10704C0020002900EAF746FE0022364B04000D0012
:10705C0030003900EAF73EFE0F000600EBF710FC9B
:10706C008046EBF743FC02000B0030003900EBF7D5
:10707C00A3F801234B449A4643463033DBB298467F
:10708C004B4642461A7022002B0006000F00E9F70F
:10709C0093FB0028BFD0109B5546DA469B46189BA5
:1070AC00129C069385E1089A002A3DD0269A012A63
:1070BC0000DC05E2079B5D1E4B46A94500DAEAE2BF
:1070CC005D1B079B002B00DA15E39C46049AE044F9
:1070DC001700624404920121200000F09DFD06007F
:1070EC0025E0049A069BD21A5B429946002304922F
:1070FC00099370E50000F07F0F27000004BF01101A
:10710C0010BF01100000F03F01FCFFFF14BF011085
:10711C0040BF011018BF011000001C400000C0FC53
:10712C000000E03F000024404D460026049F002F45
:10713C000DDD4346002B0ADD3B00474500DD92E1A7
:10714C00049AFF1AD21A04924246D31A98464B4616
:10715C00002B0ED0089B002B05D04B465B1B994691
:10716C00002D00D081E159464A46200000F01AFE5D
:10717C0083460121200000F04FFD099A8146002A28
:10718C0000D037E1269B012B00DC53E101231F20AB
:10719C004344184000D12BE120231B1A042B00DCA4
:1071AC00E0E31C23181A049B3F189C468444634656
:1071BC0080440493049B002B05DD59461A002000E3
:1071CC0000F050FE83464346002B05DD49464246FF
:1071DC00200000F047FE81460A9B002B7AD1079BCA
:1071EC00002B00DCF5E1089B002B00D190E0002F78
:1071FC0000DD50E1099B0496002B00D0D0E1079AEA
:10720C0053469446013B9C44634608930123029ADF
:10721C005D461A405346D046CB4607920A935946D0
:10722C002800FFF763FB030009903033310028007E
:10723C00029300F07BFE049A07005946200000F0F0
:10724C008FFEC3688146002B00D0CEE001002800E1
:10725C0000F06CFE82464946200000F043FC52468A
:10726C00269B134303D1079B002B00D125E3002F52
:10727C0000DA19E2269B1F4303D1079B002B00D198
:10728C0012E243465F1C5346002B00DDA2E26A4625
:10729C004346127A1A70089B434500D1A9E2002399
:1072AC0029000A22200000F027FC049B05009E42C6
:1072BC0000D190E0310000230A22200000F01CFCD9
:1072CC00002306000A220499200000F015FCB846A1
:1072DC000490A4E74946584600F028FE002800DB3D
:1072EC007DE7069B5946013B06930A2200232000AA
:1072FC0000F002FC089B8346002B00D012E30B9B92
:10730C00002B04DC269B022B00DD35E30B9B079343
:10731C00079B5746984623005C46B3464E46994613
:10732C0007E0210000230A22484600F0E5FB2F006D
:10733C00040031002000FFF7D9FA534630307D1C91
:10734C003870EB1A4345ECDB4B460027B1465E46E2
:10735C00A3461C00029001225946200000F082FD39
:10736C004946834600F0E2FD6B1E1A78002800DCCB
:10737C0098E0514606E0994200D182E1023D2A781C
:10738C001D00013B392AF6D08A4601321A70494653
:10739C00200000F0A7FB002E0BD0002F05D0B74229
:1073AC0003D03900200000F09DFB3100200000F0DC
:1073BC0099FB5946200000F095FB00232B70069B8F
:1073CC00289A013313602A9B002B01D1FFF772FB23
:1073DC001D60FFF76FFB310000230A22200000F034
:1073EC008BFBB8460600049019E701239A4632E756
:1073FC001C20D8E60100200000F0D4FC269B81461E
:10740C00012B00DCE0E0002309934B461B6903339E
:10741C009B004B44586800F0B5FB20231B1AB6E6C2
:10742C0020220298D31A9840FFF76CFB00230A9392
:10743C00FFF7BBFB029B002B00D0A7E60298039939
:10744C0000220B0309D1DA4B0B4206D0049B01320C
:10745C000133049301239C46E044099B0992002BC1
:10746C0000D193E6D1E743466AE62A0031002000BA
:10747C0000F098FC5A4601000600200000F0D6FBF4
:10748C0059460500200000F02DFB4B46AB46002B67
:10749C0000D16EE667E631003A00200000F0E2FC15
:1074AC000600A7E6002808D10299C90700D560E7B5
:1074BC0003E0023D2A781D00013B302AF9D066E733
:1074CC00169A002A00D19CE1BA4A94466344049A65
:1074DC00984494469C4463464D4617000493FAE541
:1074EC0001230893279B002B00DCC0E00B93079330
:1074FC001F00FFF798FB079B002B01DDFFF7C0FB7C
:10750C0000D0B0E0049805990022AB4BEAF7E2FBFF
:10751C00029A039BE9F76EF900230026994600288E
:10752C005FD1534652465D1C31231370069B0133C9
:10753C0006934946200000F0D5FA002E00D034E71F
:10754C0037E7069B002B00D16DE10E980F995D4239
:10755C000F239A4A2B40DB00D3181A685B68EAF7B2
:10756C00B9FB2D110C900D91002D00D1ECE10222F4
:10757C0000230127924E02922F4207D0029B013327
:10758C00029332687368EAF7A5FB01236D10083685
:10759C00002DF1D1002B00D1BEE40C900D91BBE479
:1075AC007168200000F076FA3100050033690C3167
:1075BC009A1C92000C30FBF7C9FB01222900200019
:1075CC0000F050FC04901AE6029B002B00D135E72A
:1075DC0019E7269B022B00DC05E6079B002B00D14C
:1075EC0013E1279B5546DB430693A2E70023089340
:1075FC00269B022B00D175E7002300216364200039
:10760C0000F048FA0023279301330893023B82468B
:10761C0020640B930793FFF71FFB0298EBF766F9B7
:10762C000C9A0D9BEAF756FB664B0022E9F72CFCF3
:10763C000500654BCE1800220C980D995E4BEAF7AD
:10764C00BBFD2A00330002900391E9F7C9F800282A
:10765C0055D18021090673182A0002980399E9F77D
:10766C00ABF8002841D0002300269946B9E7012346
:10767C00012507932793FFF7F9FB00230893FFF7E6
:10768C00C8FA069B8A460133069331230B707EE6BB
:10769C0045464C468DE6EE1A099BA9469C46B444D9
:1076AC006346002509930CE50A9A534692464246D6
:1076BC00D946AB46551C002B00DDE3E06A46434639
:1076CC00127A37001A70049E61E60E9A0F9B109284
:1076DC00119302230293FFF7FCFB149BDA469946A5
:1076EC00199B129C9846109B9B460E9A0F9B0292DC
:1076FC000393FFF7B1FA049B079A9F1AEBE400235C
:10770C00002699460DE712981399EAF7E3FA6A46B0
:10771C005346127A0C900D911A70109B179D012BE9
:10772C0027D0109B534402934B46C146A0462C00D5
:10773C0010930022254B30003900EAF7CBFA0F00EA
:10774C000600EBF79DF80500EBF7D0F80B000200F4
:10775C0039003000EAF730FD3035029B25700134DA
:10776C0006000F00A342E4D1109B4446C84699463C
:10777C00029D00220C980D99154BE9F785FB320000
:10778C003B00E9F719F8002800D1A2E0189A6B1E0B
:10779C00197806925046FFF702FB069B824601338E
:1077AC0006933023020003700293FFF7FDFAC046E4
:1077BC000000F07F330400000000144040BF0110B3
:1077CC0018BF011000001C400000C0FC0000244049
:1077DC000000E03F0A9BD9469A46029BAB463D000F
:1077EC00392B61D04246029B370001331370049E43
:1077FC00CDE50A9BD9469A46AB463D003700049E20
:10780C00A9E536231A9A9B1A61E6494605222000FF
:10781C0000F072F981460100584600F087FB002801
:10782C0000DD7EE6DDE60E9A0F9B0C920D93022393
:10783C000293FFF771FB079B002B00D1EDE60B9F2A
:10784C00002F00DC51E70C980D99069B0022013BA0
:10785C0018934B4BEAF73EFA05000E0002980C9574
:10786C000D960130EBF742F82A003300EAF732FAB2
:10787C00444B0022E9F708FB434B0500CE18109748
:10788C00FFF76DFB59460122200000F0EBFA494648
:10789C00834600F04BFB00283CDD029B392B03D0C8
:1078AC00099B3133029309E73923424637001370A1
:1078BC00049E39226B1E514664E50A9BD9469A46B2
:1078CC004346AB465D1C029B392BEDD0002FE7DC09
:1078DC00F4E60C9A0D9B00202C49EAF76DFC320063
:1078EC003B00E8F77DFF002801D1FEE61D006B1E72
:1078FC001A78302AFAD0189B06935AE55546DA4680
:10790C00109A4B469346189A4146129C0692504642
:10791C00FFF745FA002800D0D0E6029BDB0700D425
:10792C00CCE6BAE7002331000A22200000F0E4F88C
:10793C000B9B0600002B01DD079358E4269B022BC2
:10794C001ADC0B9B079352E402230293FFF7E4FA31
:10795C00179DD0E7189B179D0693029953465046E6
:10796C00FFF71DFA042B00D124E43C23181A1AE467
:10797C00074B9A46FFF79EF80B9B07932DE6C046E4
:10798C000000244000001C400000C0FC0000E03F50
:04799C0004BF011013
:1079A000F0B5D6464F4646460B78C0B5722B3FD051
:1079B000772B37D0612B07D01623036000201CBC27
:1079C00090469946A246F0BD822384209B009A46A9
:1079D0000124400080235B02994680231B019846C6
:1079E0001C2310279C460326022501310B78002B0F
:1079F0000ED0622B13D0782B0ED02B2BF5D16346F3
:107A0000013198430B78B44338432C43002BF0D119
:107A100053461C431460D2E743461C43E5E74B46FC
:107A20001C43E2E7C023DB009A4601240820D1E78B
:0C7A3000002300249A460420CCE7C04646
:107A3C00002370B5064C050008002360F4F788F8A5
:107A4C00431C00D070BD2368002BFBD02B60F9E7E2
:047A5C008CAC0020CE
:107A6000034B1B68586B002800D10248F030704768
:087A7000B0070020E00B00202C
:107A780070B50500080011000022064C22601A00AB
:107A8800F4F7D5F8431C00D070BD2368002BFBD059
:087A98002B60F9E78CAC002023
:107AA00070B50400C06C0D0000280AD0AB00C318EC
:107AB000186800280FD002681A6000230361C360B1
:107AC00070BD212204212000F3F7C0FAE0640028F1
:107AD000ECD10020F4E70126AE40721D9200012196
:107AE0002000F3F7B3FA0028F3D045608660E4E79E
:107AF000002906D04B689A00C36C9B181A680A606C
:047B00001960704751
:107B0400F8B5CE4647468146080080B50D000C699D
:107B14001F0000211430036801311E04360C564343
:107B24001B0C5343F619370CDB1936041F0C360CA7
:107B34001B049B1908C08C42EDDC002F08D0AB68F5
:107B4400A3420ADD231D9B00EB1801345F602C6106
:107B540028000CBC90469946F8BD6B684846591CF1
:107B6400FFF79CFF29002B6980469A1C92000C3178
:107B74000C30FBF7EFF86B689A004B46DB6C9B18F4
:0C7B84001A682A601D604546DCE7C04618
:107B90000300020C0020002A01D11B0410301A0E31
:107BA00001D108301B021A0F01D104301B019A0FBA
:107BB00001D102309B00002B02DB5B0001D50130BC
:087BC00070472020FCE7C046DD
:107BC80003685A0709D00022D90704D49A071ED59A
:107BD80001225B0803601000704719040022002985
:107BE80001D11B0C1032FF21194201D108321B0AA6
:107BF800190701D104321B09990701D102329B08E8
:107C0800D90702D45B0806D001320360E3E79B087A
:0C7C180003600222DFE72022DDE7C04607
:107C240010B50C000121FFF739FF01234461036102
:047C340010BDC04679
:107C3800F0B557464E464546DE46E0B514690E692E
:107C480085B00F001500A64204DA3300170026009D
:107C58000D001C0033199846BB687968434500DA63
:107C68000131FFF719FF14220300944663449A4632
:107C780043469B0019005144029003918A4504D25F
:107C88005346002204C39942FCD83B0014339C4657
:107C980001931423B2006244A4009C462300AC4420
:107CA800634400939C4562D2914608E0240C32D18B
:107CB80004239B46009BDC44DA44634557D963465A
:107CC8001C682604360CF1D0554600224C46019F0C
:107CD80002CF28680B041B0C73430004000C1B180C
:107CE800994691442A680B0C100C4A46494673433E
:107CF800120C1B189B1809041A0C090C1B040B43C3
:107D0800AB4608C5BC42E3D85B465A606346A14609
:107D18001C68240CCCD0534600221B6849465046A8
:107D28001E009146019D2A88360C624392194A44E6
:107D38001B0416041B0C33434668036037043F0CCE
:107D4800B94608CD120C1B0C63434B449B181A0C04
:107D5800834691460430A942E5D85F467B600423F8
:107D68009B46009BDC448946DA446345A7D84346D2
:107D7800002B0EDD039B043B1A68002A09D14246FA
:107D880003E0043B1968002902D1013A002AF8D11E
:107D98009046029B424618001A6105B03CBC9046CA
:087DA8009946A246AB46F0BD6E
:107DB000F8B54746CE46032380B588460700140031
:107DC00013403AD1A410464626D0BD6C002D3DD0BC
:107DD000012346469846002399464346234208D14C
:107DE000641019D0286800281BD0050043462342A0
:107DF000F6D02A0031003800FFF71EFF002E1AD0FF
:107E0000FA6C736894469B0063441A68641032608D
:107E10001E600600002CE5D130000CBC904699464F
:107E2000F8BD2A0029003800FFF706FF4B462860FE
:107E300003600500DAE70600D2E70B4A013B9B002E
:107E40009A580023FFF75EFE8046BBE70121380009
:107E5000FFF726FE054B0500436101230361002364
:107E6000B8640360B4E7C04608C0011071020000A6
:107E7000F0B5DE4657464E464546E0B50D002B6947
:107E800056119B46B3445B465C1CAB6883B00190C3
:107E9000170049689C4203DD01315B009C42FBDC1A
:107EA0000198FFF7FDFD030084461433002E06DD24
:107EB0000022B100591804C39942FCD10B00296972
:107EC0002A008E001F211432394096198946002954
:107ED00029D020214846091A88460027190048461B
:107EE00013688A4683403B4308C1434680CADF404B
:107EF0009642F4D853465F60002F01D05C460234AE
:107F000063466046013C1C616B689A00019BDB6C18
:107F10009B181A682A601D6003B03CBC90469946C5
:107F2000A246AB46F0BD02CA02C39642E8D902CAD5
:087F300002C39642F7D8E3E713
:107F38000A69036930B50500981A12D19200143500
:107F48001431AB18891801E09D420AD2043B043968
:107F58001C680A689442F7D09442804101239843F0
:047F6800013030BDF7
:107F6C00F8B5454657464E461400DE46E0B50E00C1
:107F7C00250013690A698846D71A14361435002F60
:107F8C0016D19B00F218EB1802E0B24200D86FE059
:107F9C00043A1168043B8C4619688C45F5D00AD21A
:107FAC0033002E001D0043460127A0461C0002E0B2
:107FBC00002FF5DB002743465968FFF76BFD43465E
:107FCC0081461B69C7609C469800236982469B00CA
:107FDC0098464F46B244A8441437002000E02600CF
:107FEC0004CD34009346594608CC09041A04120CEB
:107FFC001218090C521A190C5B461B0CCB1A1114D3
:10800C005B1812041814120C1B04391D13433B602B
:10801C000F00A845E3D8A24515D908CC1A04120CB8
:10802C00121815141B0C5B1912041814120C1B04D7
:10803C00134308C7A245F0D85246961B053EB60816
:10804C000136B60089190439002B07D101235B4294
:10805C00984604390B68C444002BF7D04B46624653
:10806C001A6148463CBC90469946A246AB46F8BDC0
:10807C000021FFF70FFD01230361002381464361BB
:04808C00EFE7C04614
:10809000F0B501211C0083B01500089FFFF700FD1B
:1080A0002303640006001B0B640D02D080225203E0
:1080B00013430193002D19D068460095FFF784FD06
:1080C000002830D1009B019D7361B5616B1E9D41FD
:1080D00001353561002C14D0194B9C46352364447E
:1080E0002418181A099B3C60186019E001A8FFF7D2
:1080F0006BFD019B20307361012301253361002C4E
:10810000EAD1104B9C46104B6044EB189B00F318CF
:1081100038605869FFF73CFD6D01099B281A18600B
:10812000300003B0F0BD019D20232A001B1A9A40A5
:108130001300C540009A019513437361C5E7C0461B
:0C814000CDFBFFFFCEFBFFFFFFFFFF3F6A
:10814C0070B50500080011000022064C22601A00D0
:10815C00F3F702FD431C00D070BD2368002BFBD04D
:08816C002B60F9E78CAC002048
:10817400F0B557464E46DE464546E0B5936883B0B3
:1081840001900E009246002B6CD0136808688D682D
:108194001F0044E09022B389D20013422ED03169EB
:1081A400421A9346706942001218D00F8218601C5C
:1081B400521058449046904201D9804602008020D3
:1081C400C000034237D011000198F2F7A7FF051E43
:1081D40053D05A463169FAF7BDFDB389294A134091
:1081E40080221343B381434628005A463561A04692
:1081F4002500584473619B1A3060B3604246494677
:10820400FAF7ECFDB3685D1B3368B5604344336033
:10821400180053469B681C1B53469C6022D03B6845
:108224007C6899460837A846002CF8D0AC42B1D2F5
:108234002500A046E2E70198F2F7DCFE051ED2D144
:10824400019C31692000F2F7B3FF0C232360402224
:10825400B38901201343B381524600234042936003
:10826400536003E0002352460020536003B03CBC3B
:1082740090469946A246AB46F0BD0C23019A136082
:08828400E5E7C0467FFBFFFFA8
:10828C00F8B54E464546DE4657464B6EE0B5804641
:10829C000E0091469B0430D513689A469368002BC8
:1082AC0029D05246146852689346970818D0002576
:1082BC0003E001350434AF4210D03200216840464F
:1082CC0000F072F8431CF4D14A46002393605360CB
:1082DC003CBC90469946A246AB46F8BD4B469B68C3
:1082EC005A4603218A439B1A4A46936008229446B5
:1082FC00E244002BD5D10020E6E7F9F70BFFE3E7CA
:10830C00936810B5002B02D0FFF7BAFF10BD536075
:04831C000020FBE75B
:10832000F0B5CE46474680B583B0814688461400F6
:10833000FAF74AF9012803D14346013BFE2B2ED917
:10834000230001AF5C3342463900484600F060F834
:108350000600431C29D000281FD03978002507E0EB
:1083600023685A1C226019700135B54215D2795D17
:10837000A368013BA360002BF2DAA269934201DB00
:108380000A29EDD122004846FEF7B4F9431CEBD18F
:1083900003B00CBC90469946F0BD4046F8E7434612
:1083A00001AFD9B239700126D8E74022A38913431F
:0483B000A381EDE7D1
:1083B40070B514000C23D25E636E0E00050091B2FA
:1083C400DB0701D48B051AD580239B01194204D104
:1083D4001A43A281626E13436366280022003100AF
:1083E400FFF79CFF636E0500DB0702D4A3899B059E
:1083F40001D5280070BDA06DFAF7F8F8F9E7A06D73
:0C840400FAF7F2F80C23E25E91B2DDE71B
:1084100070B51D00124B84B01B6804005B6B002913
:108420000CD0002B08D0E0201E582B002000B047B5
:10843000431C0ED004B070BD0A4BF4E7002B0DD0E6
:10844000E02201A99E5820002B000022B047431CC7
:10845000F0D100232B608A332360EBE7014BEFE779
:08846000B0070020E00B002032
:1084680058220120014B40421A6070478CAC002012
:1084780058220120014B40421A6070478CAC002002
:1084880000000000000000010000010000000101E0
:1084980000010000000100010001010000010101CC
:1084A80001000000000000000000000100000100C1
:1084B80000000101000100000001000100010100AD
:1084C80000010101010000000000000000000000A0
:1084D8000000000000000000000000000000000094
:1084E8000000000000000000000000000000000084
:1084F8000000000000000000000000000000000074
:1085080005000000E8030000050000009029002095
:108518001000000000000000000000000000000043
:108528000000000000000000000000000000000043
:108538000000000000000000000000000000000033
:108548000000000000000000000000000000000023
:108558000000000000100000B88F0110F48F011017
:10856800C97C0010A97C0010DC8F011004000000F9
:10857800918D01100B000000D82B00201C0000007A
:10858800540C0010FE0B0010FE0B00102C0D0010F8
:10859800FA0B0010FA0B0010220D00102C0D001021
:1085A800FA0B0010220D0010FA0B00102C0D001011
:1085B800300D0010300D0010300D0010380D001077
:1085C80070170010E2150010261600108A1500100A
:1085D8002616001016170010261600108A1500100F
:1085E800E2150010E2150010161700108A15001089
:1085F8008215001082150010821500102417001033
:10860800981E00109A1D00109A1D0010B820001026
:10861800941D0010941D0010A0200010B820001018
:10862800941D0010A0200010941D0010B820001008
:10863800AE200010AE200010AE200010BC200010AC
:108648000000000000000000B92E0010212F0010CB
:10865800E12D00104F390010573A0010493700102B
:10866800A53C001047390010A53900105D370010EF
:108678005737001039440010D52D00103B37001033
:1086880065370010CD2D0010CF2D0010D12D001012
:1086980005010902A10185010901A10005091901C6
:1086A80029031500250195037501810275059501BA
:1086B80081030501093009311581257F7508950267
:1086C800810609381581257F750895018106C0C086
:1086D80005010904A1018502050919012980150070
:1086E80025017501958081020501093009311600BF
:1086F8008026FF7F7510950281020939150025072C
:108708003500463801651475049501810275049594
:04871800018103C018
:03871C0066730081
:10871F004D6F7573650047616D65506164004D6FF6
:10872F006465207377617070656420746F204849A9
:03873F00442000D3
:0387420072620060
:108745007762004661696C656420746F206F70659F
:0E8755006E20666F722077726974653A20009C
:108763002F66732F6D6F64652E62696E006D6F6483
:10877300652E62696E206D697373696E672C206460
:10878300656661756C74696E6720746F2067616DCF
:1087930065706164004D6F6465207365743A2000F1
:0687A3006D6F75736500A7
:0E87A9002F66732F63616C69622E62696E0029
:1087B7004661696C203A28004F4B21004D6F756E5A
:1087C70074696E672066696C6573797374656D206B
:1087D7002F66732F2E2E2E2000466F726D617474D4
:0887E700696E672E2E2E2000A2
:0787EF0052656164202200C5
:1087F6004661696C20756E6D6F756E74696E672063
:0B88060066696C6573797374656D0022
:10881100577269746520746F202200222E2E2E203B
:108821000046696C65206E6F7420666F756E64001A
:0F88310057726F746520002063686172732E00A8
:108840000000000000000000153900102939001058
:088850000B3C0010618D0010CB
:0C885800313D00103D3900103937001090
:08886400FFFFFFFFFFFFFFFF14
:10886C002F686F6D652F74616E676C65732F2E6149
:10887C00726475696E6F31352F7061636B616765FA
:10888C00732F61726475696E6F2F686172647761A2
:10889C0072652F6D6265645F7270323034302F34C4
:1088AC002E352E302F6C69627261726965732F558B
:1088BC0053424849442F7372632F555342484944DD
:1088CC002E637070007265736F6C7665722E7661B4
:0688DC006C69642829000C
:1088E4000000000000000000C9380010FD3800102E
:1088F400ED3700104F390010573A00104937001077
:10890400A53C001047390010A53900105D37001050
:1089140057370010394400106D3700103B370010F2
:1089240065370010CD2D0010CF2D0010D12D001073
:108934001603480049004400200044004500560046
:068944004900430045005C
:08894A00080348004900440045
:0C895400A94300103D3900103937001015
:108960000000000000000000A53F00103140001092
:10897000313E0010853E0010314100104142001090
:10898000A941001011430010353E0010A13E001017
:04899000413F001053
:108994005261737062657272795069205069636FB5
:0189A40000D2
:1089A8000000000000000000814400109D440010F9
:1089B80025A2001031970010D9930010DD94001003
:1089C800D9A20010E38F0010E58F00105DA50010FC
:1089D800B1A500107190001091450010B546001027
:1089E8004190001079440010614600108D46001037
:1089F800599000101D4600103144001035440010F5
:108A0800374400103D44001059440010B54400108C
:108A1800F94400103545001061450010CF4800109A
:088A2800D7480010DF480010E0
:108A30001003410072006400750069006E006F0051
:108A40000000000000000000314B0010454B0010FA
:088A5000E94F0010618D0010D8
:108A58000000000000000000594B00106D4B001092
:088A68002F510010618D001078
:108A70000000000000000000094B00101D4B00101A
:088A8000ED480010618D0010AB
:0C8A8800C15200103D39001039370010B9
:078A9400802500000000082E
:0E8A9B005F72785F73697A65203D3D20300080
:108AA9005F74785F6C6973742E656D7074792829A9
:108AB900005F72785F6C6973742E656D70747928C4
:028AC900290082
:108ACB002F686F6D652F74616E676C65732F2E61E8
:108ADB00726475696E6F31352F7061636B61676599
:108AEB00732F61726475696E6F2F68617264776141
:108AFB0072652F6D6265645F7270323034302F3463
:108B0B002E352E302F636F7265732F61726475690A
:108B1B006E6F2F5553422F5553424344432E637070
:108B2B0070007265736F6C7665722E76616C69641A
:038B3B00282900E6
:108B40000000000000000000B54A0010E94A0010D3
:108B500009490010234E00103B4E0010F54B001049
:108B600015520010FF4A0010814B0010F54800100C
:108B7000FB480010114E001001490010E74800109A
:088B8000E9480010EB48001069
:108B880016034300440043002000440045005600FB
:068B980049004300450006
:0C8BA000095800103D3900103937001052
:0C8BAC00F95700103D3900103937001057
:078BB800555342657674007D
:108BBF002F686F6D652F74616E676C65732F2E61F3
:108BCF00726475696E6F31352F7061636B616765A4
:108BDF00732F61726475696E6F2F6861726477614C
:108BEF0072652F6D6265645F7270323034302F346E
:108BFF002E352E302F636F7265732F617264756916
:108C0F006E6F2F6D6265642F706C6174666F726D1D
:108C1F002F696E636C7564652F706C6174666F720B
:108C2F006D2F43616C6C6261636B2E6800626F6FB6
:098C3F006C282A7468697329008D
:108C4800000000000000000025550010A955001084
:108C580009490010234E00103B4E0010F54B001040
:108C680015520010FF4A0010814B0010F548001003
:108C7800FB480010114E001001490010C5530010A8
:108C88004D560010EB480010595300108D5300103A
:108C980019570010C9520010E9520010F94000108D
:108CA8005D410010E9410010ED520010713F0010C5
:108CB800E93F0010F1520010D8FEFFFF000000004D
:108CC80079550010D9550010F1AD0010BBAD00105A
:108CD80023AE0010B7AD0010B7AD0010B7AD00104F
:108CE80027AE00102BAE001027AE0010393D001043
:108CF8003F3D0010493D00104D3D0010533D001010
:108D0800593D00105D3D001075530010AD53001023
:108D18005F3D0010613D0010D4FEFFFF0000000021
:108D280091550010C1550010C0FEFFFF0000000063
:108D38008F3F00101B400010313E0010EF52001012
:108D4800194100102B42001091410010D957001012
:0C8D5800D3520010EB5200100153001029
:0C8D64000000000000000000815800101A
:038D70000D0A00E9
:0B8D73005254582056352E352E330088
:108D7E007274785F74696D6572007274785F69647D
:108D8E006C650073696E676C65746F6E5F6D75747C
:108D9E006578004E6F7420616C6C6F776564206926
:108DAE006E2049535220636F6E7465787400537948
:108DBE007374656D206973206F7574206F66206DF6
:108DCE00656D6F727900506172616D6574657220A8
:108DDE006572726F72005265736F75726365206E85
:108DEE006F7420617661696C61626C65004F7065AD
:108DFE00726174696F6E206E6F7420636F6D706C2C
:108E0E00657465642077697468696E20746865207E
:108E1E0074696D656F757420706572696F64005545
:108E2E006E7370656369666965642052544F532092
:108E3E006572726F7200666C6173685F6F666673DF
:108E4E00202B20636F756E74203C3D205049434F9C
:108E5E005F464C4153485F53495A455F425954450A
:108E6E0053002E2F6D6265642D6F732F74617267C0
:108E7E006574732F5441524745545F5241535042CB
:108E8E004552525950492F5441524745545F525002
:108E9E00323034302F7069636F2D73646B2F7270A4
:108EAE00325F636F6D6D6F6E2F6861726477617282
:108EBE00655F666C6173682F666C6173682E630004
:108ECE00636F6E6E6563745F696E7465726E616CEE
:108EDE005F666C61736820262620666C6173685F1E
:108EEE00657869745F78697020262620666C6173D8
:108EFE00685F72616E67655F6572617365202626B5
:108F0E0020666C6173685F666C7573685F6361631E
:108F1E00686500636F6E6E6563745F696E7465720B
:108F2E006E616C5F666C61736820262620666C61CC
:108F3E0073685F657869745F78697020262620668D
:108F4E006C6173685F72616E67655F70726F677276
:108F5E00616D20262620666C6173685F666C757382
:108F6E00685F636163686500636F6E6E6563745FEF
:108F7E00696E7465726E616C5F666C6173682026D3
:108F8E002620666C6173685F657869745F786970B6
:108F9E0020262620666C6173685F666C7573685F49
:068FAE00636163686500C9
:048FB40000000000B9
:108FB800888D011000000000982A0020440000005D
:108FC8000012002000020000010000000100000063
:048FD8000000000095
:108FDC000000000000000000D02900203400000038
:088FEC00042A002050000000DF
:108FF4007E8D011000000000542A0020440000006F
:1090040000140020000300002800000001000000FC
:049014000000000058
:109018006D616C6C6F635F6D7574657800656E76F5
:079028005F6D7574657800AF
:10902F006D61696E00507265206D61696E207468A4
:10903F0072656164206E6F7420637265617465641C
:10904F00004661696C656420746F2073746172747B
:06905F002052544F5300A3
:08906500556E6B6E6F776E0013
:10906D00434D5349532D52544F53206572726F72B5
:10907D003A20537461636B206F766572666C6F77FF
:10908D0000434D5349532D52544F53206572726F07
:10909D00723A20495352205175657565206F76657A
:1090AD0072666C6F7700434D5349532D52544F5395
:1090BD00206572726F723A20557365722054696D16
:1090CD0065722043616C6C6261636B2051756575CF
:1090DD0065206F766572666C6F7700434D5349530B
:1090ED002D52544F53206572726F723A205354446F
:1090FD0020432F432B2B206C696272617279206C97
:10910D0069627370616365206E6F74206176616949
:10911D006C61626C6500434D5349532D52544F534E
:10912D00206572726F723A2053544420432F432BA3
:10913D002B206C696272617279206D75746578206F
:10914D00696E697469616C697A6174696F6E2066A4
:10915D0061696C656400434D5349532D52544F530F
:10916D00206572726F723A20556E6B6E6F776E005E
:10918000A18D0110BC8D0110D48D0110E48D011052
:08919000FB8D01102D8E011072
:109198002E2F6D6265642D6F732F706C6174666F0E
:1091A800726D2F696E636C7564652F706C6174667F
:1091B8006F726D2F53696E676C65746F6E50747241
:1091C8002E680070203D3D207265696E746572706E
:1091D8007265745F636173743C54202A3E28265F6D
:0691E800646174612900BE
:1091F0000000000000000000DD800010DF80001093
:089200000D8100102181001016
:10920800000000006410B71DC8206E3BAC30D926A2
:109218009041DC76F4516B6B5861B24D3C7105504E
:109228002083B8ED44930FF0E8A3D6D68CB361CB76
:10923800B0C2649BD4D2D38678E20AA01CF2BDBD2A
:109248002E2F6D6265642D6F732F64726976657257
:10925800732F736F757263652F53657269616C4202
:109268006173652E637070005F7374617469635F06
:0F92780070696E6D6170203D3D204E554C4C006D
:1092880000000000000000003D8400103D84001034
:08929800E9880010598900105B
:1092A00000000000000000003D8400103D8400101C
:1092B0001D8B0010418B0010658B0010BD8B0010C2
:1092C0007F8A00108B8A0010978A00109F8A0010F6
:1092D000E58A0010018B0010A78A00108CFFFFFFA9
:1092E00000000000318B0010558B0010E58B001042
:1092F000AD8B0010858A0010A38A00107B8A0010B5
:109300009B8A00105D8100106B810010918A001013
:10931000393D00103F3D0010493D0010F18A00101A
:0C9320000D8B0010D58A00105D3D001080
:10932C002E2F6D6265642D6F732F64726976657272
:10933C00732F7573622F736F757263652F41737919
:10934C006E634F702E637070005F77616974203D9F
:07935C003D204E554C4C0072
:0E9363005F6C697374203D3D204E554C4C00EC
:1093740000000000000000000000000000000000E9
:0893840065580010618D001016
:10938C002E2F6D6265642D6F732F64726976657212
:10939C00732F7573622F736F757263652F555342FC
:1093AC004465766963652E637070005F6C6F636BE8
:0793BC006564203E20300033
:1093C30044657669636520737461746520697320ED
:1093D30022506F776572656422206F722022446584
:0893E3007461636865642200F7
:1093EB0054686520656E64706F696E7420697320B4
:0F93FB006E6F7420696E64657861626C652E0018
:10940A005F7472616E736665722E757365725F63DF
:10941A00616C6C6261636B203D3D205265717565BC
:0B942A00737458666572446F6E650035
:1094350054686520737461636B2069732077616973
:1094450074696E67206F6E20612075736572206385
:10945500616C6C6261636B20666F72207468652055
:1094650062756666657220746F2066696C6C206F24
:0A94750072207374617475732E0089
:10947F005F7472616E736665722E757365725F636A
:10948F00616C6C6261636B203D3D20536574436F6B
:0C949F006E66696775726174696F6E001B
:1094AB005F7472616E736665722E757365725F633E
:1094BB00616C6C6261636B203D3D20536574496E3A
:0894CB007465726661636500BF
:1094D3005F7472616E736665722E757365725F6316
:1094E300616C6C6261636B203D3D205265717565F3
:0394F3007374008F
:0E94F60021636F6E66696775726564282900D0
:109504005468652073697A65206F662074686520E5
:109514006461746120746F207265616420697320D2
:109524006C657373207468616E20746865206D6166
:1095340078207061636B65742073697A6520666F47
:1095440072207468697320656E64706F696E742E1E
:019554000016
:1095550054686520656E64706F696E742069732048
:109565006E6F7420696E64657861626C650053691D
:109575007A65206265696E67207772697474656EB5
:0F95850020697320746F6F206C617267652E0010
:109594002128696E666F2D3E666C616773202620F4
:1095A400454E44504F494E545F454E41424C45440C
:1095B40029006D61785F7061636B65745F73697AAC
:0A95C40065203C3D203130323400B8
:0E95CE00215F696E697469616C697A65640079
:1095DC00000000000000000000000000000000007F
:1095EC0025A2001031970010D9930010DD940010C3
:1095FC00D9A20010E38F0010E58F00105DA50010BC
:10960C00B1A5001071900010F18F0010655800107A
:10961C00419000104990001069900010519000107A
:10962C005990001061900010314400103544001026
:10963C0037440010E18F0010655800106558001079
:10964C00655800106558001065580010B590001052
:08965C00E19000109190001054
:0496640004030904EE
:109668001603300031003200330034003500360074
:0696780037003800390044
:10967E0016035500530042002000440045005600DA
:06968E0049004300450005
:089694000803550053004200D9
:10969C0012036D006200650064002E006F00720002
:0296AC00670055
:0696AE000603300031004C
:1096B4002E2F6D6265642D6F732F68616C2F736F2D
:1096C400757263652F6D6265645F63726974696343
:1096D400616C5F73656374696F6E5F6170692E633B
:1096E40000216172655F696E74657272757074735E
:0B96F4005F656E61626C6564282900F0
:1096FF0070696E6D6170206E6F7420666F756E6429
:10970F0020666F72207065726970686572616C0097
:10971F002E2F6D6265642D6F732F68616C2F736FC1
:10972F00757263652F6D6265645F7469636B6572D3
:10973F005F6170692E63006D617463685F74696344
:10974F006B20213D2071756575652D3E7469636BC6
:0B975F005F6C6173745F7265616400F1
:10976A005469636B6572206672657175656E63799B
:10977A00206973207A65726F005469636B65722081
:10978A006E756D626572206F6620626974206973F6
:10979A002067726561746572207468616E20333265
:1097AA00206F72206C657373207468616E20342098
:0597BA006269747300F8
:0897C000C8970110C811002038
:1097C80001AB001069130110D1130110DB13011054
:1097D80075130110C9130110EDAA001049130110E7
:0497E800000000007D
:0897EC0064656661756C740090
:1097F4000000000000000000ADAB001019AC001028
:109804000000000000000000000000000000000054
:109814006558001065580010655800106558001010
:109824007B8A0010A9AC00105D8100106B810010D0
:10983400ADAC0010393D00103F3D0010493D001013
:109844004D3D0010533D0010593D00105D3D00108A
:109854002F002E2F6D6265642D6F732F706C6174F1
:10986400666F726D2F736F757263652F46696C65D1
:10987400506174682E637070006C656E20213D2009
:029884003000B2
:1098880000000000000000000000000000000000D0
:1098980065580010A5AD0010ABAD0010A5AD0010C7
:0C98A800A5AD0010B1AD0010A5AD001082
:1098B400772B0053747265616D206F626A20666154
:0698C400696C757265007D
:1098CC00000000000000000000000000000000008C
:1098DC006558001065580010655800106558001048
:1098EC007B8A0010A9AC00105D8100106B81001008
:1098FC00ADAC0010393D00103F3D0010493D00104B
:10990C004D3D0010533D0010593D00105D3D0010C1
:10991C00FCFFFFFF00000000000000000000000042
:10992C00000000000000000000000000000000002B
:10993C00F1AD0010BBAD001023AE0010B7AD0010A0
:10994C00B7AD0010B7AD001027AE00102BAE001055
:10995C0027AE0010393D00103F3D0010493D00106E
:10996C004D3D0010533D0010593D00105D3D001061
:10997C0065580010655800105F3D0010613D0010E7
:10998C00FCFFFFFF000000000000000000000000D2
:10999C000A52252D34643A202530386C58000A536D
:1099AC00502020203A202530386C580A4C52202068
:1099BC00203A202530386C580A50432020203A2079
:1099CC002530386C580A78505352203A20253038BC
:1099DC006C580A50535020203A202530386C580AC5
:1099EC004D535020203A202530386C58000A4350F3
:1099FC005549443A202530386C58000A4D6F64653F
:109A0C00203A20546872656164000A5072697620AD
:109A1C003A2055736572000A50726976203A2050CC
:109A2C00726976696C65676564000A4D6F646520C0
:109A3C003A2048616E646C6572000A537461636B02
:109A4C003A20505350000A537461636B3A204D53C3
:029A5C005000B8
:109A5E000A2B2B204D6265644F53204661756C7442
:109A6E002048616E646C6572202B2B0A0A46617564
:109A7E006C74547970653A20004D656D4D616E6160
:109A8E0067654661756C74004275734661756C74DA
:109A9E000055736167654661756C74004861726448
:109AAE004661756C74000A0A436F6E746578743A79
:109ABE00000A0A2D2D204D6265644F5320466175B4
:109ACE006C742048616E646C6572202D2D0A0A003C
:109ADE004661756C7420657863657074696F6E008D
:059AEE002E2E2E0A00DF
:109AF3002E2F6D6265642D6F732F706C6174666FAA
:109B0300726D2F736F757263652F6D6265645F632A
:109B13007269746963616C2E63006372697469634B
:109B2300616C5F73656374696F6E5F7265656E7494
:109B330072616E63795F636F756E746572203C202A
:0B9B430055494E5433325F4D4158002D
:109B4E003C756E6E616D65643E00203C68616E64AE
:109B5E006C65723E000A0A2B2B204D6265644F53D2
:109B6E00204572726F7220496E666F202B2B0A454C
:109B7E0072726F72205374617475733A2030782547
:109B8E005820436F64653A202564204D6F64756CD0
:109B9E00653A2025640A4572726F72204D657373A3
:109BAE006167653A20004B65726E656C2045727276
:109BBE006F723A203078256C582C200054687265EC
:109BCE0061643A203078256C582C20004D757465F0
:109BDE00783A203078256C582C200053656D6170D2
:109BEE00686F72653A203078256C582C20004D65D0
:109BFE006D6F7279506F6F6C3A203078256C582CDF
:109C0E0020004576656E74466C6167733A20307835
:109C1E00256C582C200054696D65723A20307825D9
:109C2E006C582C20004D65737361676551756575B1
:109C3E00653A203078256C582C200041737365727C
:109C4E0074696F6E206661696C65643A20000A4C17
:109C5E006F636174696F6E3A203078256C58000A14
:109C6E0046696C653A20002B2564000A4572726FB6
:109C7E00722056616C75653A203078256C58000A52
:109C8E0043757272656E74205468726561643A2011
:109C9E00257325732049643A203078256C58204569
:109CAE006E7472793A203078256C58205374616343
:109CBE006B53697A653A203078256C58205374615D
:109CCE00636B4D656D3A203078256C582053503AB1
:109CDE00203078256C5820000A466F72206D6F7206
:109CEE006520696E666F2C2076697369743A2068F8
:109CFE00747470733A2F2F6D6265642E636F6D2FBF
:109D0E00732F6572726F723F6572726F723D30782B
:109D1E0025303858266F737665723D256C64266340
:109D2E006F72653D30782530386C5826636F6D70D4
:109D3E003D2564267665723D256C75267467743DE7
:109D4E005241535042455252595F50495F50494318
:109D5E004F000A2D2D204D6265644F5320457272BF
:0C9D6E006F7220496E666F202D2D0A00D8
:109D7A002E2F6D6265642D6F732F706C6174666F20
:109D8A00726D2F736F757263652F6D6265645F7292
:109D9A00657461726765742E6370700028677561F7
:109DAA0072642026204358415F47554152445F4D13
:0A9DBA0041534B29203D3D203000AD
:109DC4002867756172642026204358415F475541D6
:109DD40052445F4D41534B29203D3D204358415F40
:109DE40047554152445F494E49545F494E5F505272
:079DF4004F47524553530095
:109DFB004572726F72202D2077726974696E6720BD
:109E0B00746F20612066696C6520696E20616E201D
:109E1B00495352206F7220637269746963616C20BD
:0C9E2B0073656374696F6E0D0A000D0012
:109E37004572726F72202D2072656164696E6720AA
:109E470066726F6D20612066696C6520696E20619E
:109E57006E20495352206F7220637269746963617F
:0C9E67006C2073656374696F6E0D0A0057
:109E73004F70657261746F72206E6577206F7574B1
:0D9E8300206F66206D656D6F72790D0A000D
:109E9000000000000000000065B7001009BD0010C0
:109EA000E5B7001095B7001051B7001061B700106A
:109EB0007B8A00105DB700105D8100106B8100107F
:109EC00057B70010393D00103F3D0010493D0010CC
:109ED0004D3D0010533D0010B5B700105D3D001022
:109EE000FFFFFFFF00000000FFFFFFFF0100000079
:089EF000FFFFFFFF000000006E
:089EF8002F737464657272009F
:079F00002F737464696E0009
:089F07002F7374646F75740080
:109F0F002E2F6D6265642D6F732F706C6174666F89
:109F1F00726D2F736F757263652F6D6265645F73FA
:109F2F00746174732E6300737461747320213D2008
:059F3F004E554C4C00E2
:109F44002E2F6D6265642D6F732F72746F732F7370
:109F54006F757263652F4576656E74466C616773C1
:099F64002E637070005F69640057
:109F6D006170706C69636174696F6E5F756E6E613F
:109F7D006D65645F6576656E745F666C61677300B1
:109F8D006170706C69636174696F6E5F756E6E611F
:109F9D006D65645F6D75746578002E2F6D626564F7
:109FAD002D6F732F72746F732F736F757263652FAF
:109FBD004D757465782E637070005F6964207C7CCC
:109FCD00206D6265645F6765745F6572726F725F45
:0E9FDD00696E5F70726F67726573732829007A
:109FEB004D75746578206C6F636B206661696C6569
:029FFB00640000
:109FFD004D7574657820756E6C6F636B2066616945
:04A00D006C6564001A
:10A011002E2F6D6265642D6F732F72746F732F73A2
:10A021006F757263652F53656D6170686F72652E10
:10A03100637070005F696420213D206E756C6C70E7
:03A0410074720036
:10A0440053656D6170686F726520616371756972C3
:09A0540065206661696C65640019
:10A05D002E2F6D6265642D6F732F72746F732F7356
:10A06D006F757263652F54686973546872656164A6
:10A07D002E6370700028666C616773203D3D206F04
:10A08D0073466C6167734572726F7254696D656F5B
:10A09D0075742026262072656C5F74696D652021AC
:10A0AD003D20776169745F666F725F7533325F66ED
:10A0BD006F726576657229207C7C2028666C6167DD
:10A0CD0073203D3D206F73466C6167734572726FEF
:10A0DD00725265736F757263652026262072656CEA
:10A0ED005F74696D65203D3D2072656C5F74696DAF
:0AA0FD00652E7A65726F282929008C
:0FA10700737461747573203D3D206F734F4B006F
:10A116006170706C69636174696F6E5F756E6E6194
:0BA126006D65645F7468726561640021
:10A13400000000000000000091C20010D5C2001011
:09A14400464C41534849415000CA
:10A14D0042617365206164647265737320616E642E
:10A15D002073697A65206E65656420746F20626571
:10A16D002073657420696E20666C61736869617017
:10A17D002D626C6F636B2D64657669636520636F0B
:10A18D006E66696775726174696F6E20696E206F96
:10A19D007264657220746F207573652064656661E5
:10A1AD00756C7420636F6E7374727563746F720067
:10A1C000000000000000000025C700103DC700107F
:10A1D00005C40010F9C60010E9C3001091C50010B5
:10A1E000DDC5001029C60010EDC30010F1C300103A
:10A1F0006DC6001051C700106BC7001085C6001057
:10A20000F7C3001089C700109DC60010E9C40010F4
:04A21000FDC300107A
:10A21400000000000000000000000000000000003A
:10A2240065580010A5AD0010ABAD0010A5AD001031
:10A23400A5AD0010B1AD0010A5AD0010FCFFFFFFEF
:0CA244000000000000000000000000000E
:10A250002E2F6D6265642D6F732F73746F7261673B
:10A26000652F66696C6573797374656D2F6C69749D
:10A27000746C6566732F6C6974746C6566732F6C8F
:10A2800066732E6300626C6F636B203C206C667398
:10A290002D3E6366672D3E626C6F636B5F636F7507
:03A2A0006E7400D9
:10A2A3006C66732D3E6366672D3E6C6F6F6B6168E2
:10A2B3006561642025203332203D3D2030006C66EB
:10A2C300732D3E6366672D3E6C6F6F6B61686561CE
:10A2D30064203E2030006C66732D3E6366672D3E1E
:10A2E30070726F675F73697A652025206C66732DC2
:10A2F3003E6366672D3E726561645F73697A6520AC
:10A303003D3D2030006C66732D3E6366672D3E62D3
:10A313006C6F636B5F73697A652025206C66732DA0
:10A323003E6366672D3E70726F675F73697A65205F
:10A333003D3D203000342A6C66735F6E707732289F
:10A3430030786666666666666666202F20286C66C9
:10A35300732D3E6366672D3E626C6F636B5F73693B
:10A363007A652D322A342929203C3D206C66732DD1
:10A373003E6366672D3E626C6F636B5F73697A65DC
:01A3830000D9
:10A3840068656164203E3D20322026262068656190
:10A3940064203C3D206C66732D3E6366672D3E62EF
:0BA3A4006C6F636B5F636F756E74007D
:10A3AF007063616368652D3E626C6F636B203D3D2A
:0CA3BF002030786666666666666666009A
:05A3CB002F002E2E0002
:02A3D0002E005D
:09A3D2006C6974746C656673001B
:10A3DB006E626C6F636B203E3D2032202626206E12
:10A3EB00626C6F636B203C3D206C66732D3E636625
:0FA3FB00672D3E626C6F636B5F636F756E7400EE
:10A40A00656E7472792E642E74797065203D3D20D4
:0DA41A004C46535F545950455F5245470072
:09A427006C6974746C65667300C5
:04A4300072657300DE
:10A434000000000000000000E9EF001025F000100B
:10A44400B9F6001021F7001045EB00106FEB001077
:10A45400C9EB00109DEB00102DEC001005EA001074
:10A46400F9EA00106DF1001089EC00102BED0010DA
:10A4740061ED001093ED0010C5ED0010D3F5001050
:10A48400EFED001021EE0010E5F500104BEE00108A
:10A4940075EE0010A3EE0010E9EE00101FEF00109F
:10A4A40075EF00109BEF0010C5EF00103FF6001091
:10A4B400FCFFFFFF0000000015F0001039F0001051
:10A4C4002E2F6D6265642D6F732F73746F726167C5
:10A4D400652F66696C6573797374656D2F736F7519
:10A4E4007263652F4469722E637070005F66730037
:10A4F4000000000000000000A9F20010C5F20010E6
:10A5040079F300108BF20010D9F2001001F300105F
:0CA5140029F3001051F3001065F2001054
:10A520002E2F6D6265642D6F732F73746F72616768
:10A53000652F66696C6573797374656D2F736F75BC
:10A540007263652F46696C652E637070005F667379
:01A55000000A
:10A55400000000000000000009F4001025F40010C1
:10A5640039F4001065F40010E1F40010EBF300106E
:10A5740091F40010B9F400100DF5001035F5001039
:10A584005DF5001085F500103F3D0010493D0010B9
:10A594004D3D0010533D0010593D00105D3D00102D
:04A5A400C5F30010EB
:10A5A800000000000000000091F60010A5F6001061
:10A5B80039F4001065F40010E1F4001085F700107C
:10A5C80091F40010B9F400100DF5001035F50010E5
:10A5D8005DF5001085F500103F3D0010493D001065
:10A5E8004D3D0010533D0010593D00105D3D0010D9
:04A5F800C5F3001097
:10A5FC000000000000000000F9F600100DF700103C
:10A60C0079F300109BF70010D9F2001001F3001041
:0CA61C0029F3001051F3001065F200104B
:10A628000000000000000000000000000000000022
:10A63800B9F6001021F70010C1F50010C7F5001099
:10A64800C7F50010CDF50010C7F5001065580010CB
:10A6580065580010C1F500106558001065580010C5
:10A668006558001065580010D3F50010D3F5001098
:10A6780065580010D7F50010E5F50010F3F5001047
:10A6880027F60010C7F50010C1F50010C7F5001037
:10A698002DF600102FF6001033F600103FF60010CC
:10A6A800FCFFFFFF000000000000000000000000A9
:10A6B8001A00000000000000000000001B0000005D
:10A6C80000000000010000001C0000000000000065
:10A6D800020000001D000000000000000300000050
:10A6E800F00000000000000004000000FFFF000070
:08A6F800FFFFFFFF000000005E
:10A7000001000000000000000040034005000000C0
:10A71000010000000080034009000000010000006B
:10A72000008003400D0000000000000000400340D6
:10A730001100000000000000004003401500000070
:10A74000010000000080034019000000010000002B
:10A75000008003401D000000000000000040034096
:0CA76000FFFF0000FFFFFFFF00000000F3
:10A76C000000000000000000004003400400000056
:10A77C000100000000800340080000000100000000
:10A78C00008003400C00000000000000004003406B
:10A79C001000000000000000004003401400000006
:10A7AC0001000000008003401800000001000000C0
:10A7BC00008003401C00000000000000004003402B
:0CA7CC00FFFF0000FFFFFFFF0000000087
:10A7D80000000000000000006DF8001019FA0010D9
:10A7E800ADFB001069FB00106FF8001075F8001041
:10A7F80029FA001099F8001099F800109DF8001037
:10A80800ADF80010BDF80010C1F80010D1F8001024
:10A81800D9F800104DFA0010DDF8001065FA0010A4
:10A8280091FA001009F9001029F900109DF900109B
:10A83800A1F90010BDF90010D9F90010D1FA0010E3
:0CA848000DFB00109DF900102DFC00100D
:10A85400800E00003F0100003F0100003F010000A6
:10A864003F0100003F0100003F0100003F010000E4
:10A874003F0100003F0100003F0100003F010000D4
:10A884003F0100003F0100003F0100003F010000C4
:04A894003F01000080
:10A898002E2F6D6265642D6F732F746172676574F6
:10A8A800732F5441524745545F52415350424552C9
:10A8B800525950492F5441524745545F52503230F3
:10A8C80034302F616E616C6F67696E5F6170692EDD
:10A8D8006300284144434E616D652970696E6D615E
:10A8E800705F7065726970686572616C2870696EF6
:10A8F8002C2050696E4D61705F4144432920213DF1
:0DA9080020284144434E616D65294E4300F7
:10A915002E2F6D6265642D6F732F74617267657478
:10A92500732F5441524745545F524153504245524B
:10A93500525950492F5441524745545F5250323075
:10A9450034302F6770696F5F6170692E63006F62C5
:10A955006A2D3E70696E20213D202850696E4E613A
:06A965006D65294E430060
:10A96B0068775F69735F636C61696D6564286269A1
:10A97B0074732C206269745F696E64657829002E8C
:10A98B002F6D6265642D6F732F74617267657473BD
:10A99B002F5441524745545F5241535042455252F6
:10A9AB005950492F5441524745545F52503230341D
:10A9BB00302F7069636F2D73646B2F7270325F630E
:10A9CB006F6D6D6F6E2F68617264776172655F6317
:0DA9DB006C61696D2F636C61696D2E630006
:0FA9E80068775F636C61696D5F636C65617200B6
:10A9F7007372635F66726571203E3D206672657192
:10AA0700002E2F6D6265642D6F732F7461726765F9
:10AA170074732F5441524745545F52415350424536
:10AA270052525950492F5441524745545F52503260
:10AA37003034302F7069636F2D73646B2F727032EF
:10AA47005F636F6D6D6F6E2F68617264776172659A
:10AA57005F636C6F636B732F636C6F636B732E63D2
:01AA670000EE
:10AA6800636C6F636B5F636F6E66696775726500B1
:10AA7800666C6173685F72616E67655F657261734A
:02AA8800650067
:10AA8A00666C6173685F72616E67655F70726F672B
:04AA9A0072616D0078
:0DAA9E00666C6173685F646F5F636D6400D8
:10AAAB0030783163203D3D20282A696E7374293E2E
:10AABB003E313175002E2F6D6265642D6F732F74CF
:10AACB006172676574732F5441524745545F52410D
:10AADB005350424552525950492F544152474554B5
:10AAEB005F5250323034302F7069636F2D73646B4B
:10AAFB002F7270325F636F6D6D6F6E2F6861726452
:0FAB0B00776172655F6972712F6972712E6300D5
:10AB1A00212864656C7461203E3E2031317529001C
:10AB2A0063757272656E74203D3D205F5F756E6855
:10AB3A00616E646C65645F757365725F69727120BA
:10AB4A007C7C2063757272656E74203D3D2068615D
:06AB5A006E646C657200E0
:10AB600021657863657074696F6E207C7C206578E0
:10AB700063657074696F6E203D3D206E756D202B8E
:0AAB80002031360066616C73650039
:10AB8A0069735F7368617265645F6972715F72612C
:10AB9A00775F68616E646C657228736C6F745F6846
:10ABAA00616E646C65722900657863657074696F9B
:08ABBA006E00666F756E640009
:10ABC2006972715F7365745F6578636C75736976BA
:0AABD200655F68616E646C657200D7
:0CABDC006D616B655F6272616E63680002
:10ABE800696E736572745F6272616E63685F616ECD
:07ABF800645F6C696E6B00E5
:0FABFF007265736F6C76655F6272616E6368007A
:10AC0E006972715F72656D6F76655F68616E646C97
:03AC1E006572005C
:10AC21006972715F6164645F7461696C5F746F5FA5
:0AAC3100667265655F6C697374005C
:10AC3B006662646976203E3D2031362026262066EA
:10AC4B0062646976203C3D20333230002E2F6D62DA
:10AC5B0065642D6F732F746172676574732F544124
:10AC6B00524745545F5241535042455252595049F5
:10AC7B002F5441524745545F5250323034302F706D
:10AC8B0069636F2D73646B2F7270325F636F6D6DC1
:10AC9B006F6E2F68617264776172655F706C6C2F79
:10ACAB00706C6C2E630028706F73745F64697631FF
:10ACBB00203E3D203120262620706F73745F64691F
:10ACCB007631203C3D2037292026262028706F73B3
:10ACDB00745F64697632203E3D2031202626207039
:10ACEB006F73745F64697632203C3D2037290070A6
:10ACFB006F73745F64697632203C3D20706F7374A0
:10AD0B005F64697631007265665F6D687A203C3DE1
:10AD1B00202876636F5F66726571202F203136298C
:01AD2B000027
:09AD2C00706C6C5F696E697400C3
:10AD3500486172647761726520616C61726D20256E
:10AD45006420616C726561647920636C61696D650D
:02AD5500640098
:10AD570075735F73696E63655F626F6F74203C3DE7
:10AD670020494E5436345F4D4158002E2F6D626591
:10AD7700642D6F732F746172676574732F5441521A
:10AD87004745545F52415350424552525950492FFB
:10AD97005441524745545F5250323034302F706916
:10ADA700636F2D73646B2F636F6D6D6F6E2F70699B
:10ADB700636F5F626173652F696E636C7564652F7E
:0DADC7007069636F2F74797065732E6800DA
:10ADD40074696D65725F68772D3E696E74732026A1
:10ADE400203175203C3C20616C61726D5F6E756D25
:10ADF400002E2F6D6265642D6F732F746172676509
:10AE040074732F5441524745545F52415350424545
:10AE140052525950492F5441524745545F5250326F
:10AE24003034302F7069636F2D73646B2F727032FE
:10AE34005F636F6D6D6F6E2F6861726477617265A9
:0FAE44005F74696D65722F74696D65722E63009E
:10AE53007570646174655F75735F73696E63655F55
:05AE6300626F6F740036
:10AE680068617264776172655F616C61726D5F734E
:0AAE780065745F7461726765740011
:10AE82004E6F7420657870656374696E6720444DF7
:10AE920020746F2062652066756E6374696F6E2020
:10AEA200380068775F6C696E655F737461746528DA
:10AEB20029203D3D204C535F4A002E2F6D62656470
:10AEC2002D6F732F746172676574732F54415247EB
:10AED20045545F52415350424552525950492F54A2
:10AEE20041524745545F5250323034302F706963BB
:10AEF2006F2D73646B2F7270325F636F6D6D6F6E47
:10AF02002F7069636F5F6669782F727032303430E8
:10AF12005F7573625F6465766963655F656E756DA3
:10AF220065726174696F6E2F7270323034305F7582
:10AF320073625F6465766963655F656E756D657280
:08AF42006174696F6E2E63005B
:10AF4A0068775F656E756D65726174696F6E5F664D
:0EAF5A0069785F666F7263655F6C735F6A0093
:10AF68006D616E756661637475726572203D3D2012
:10AF78004D414E5546414354555245525F525049F2
:10AF8800002E2F6D6265642D6F732F746172676573
:10AF980074732F5441524745545F524153504245B0
:10AFA80052525950492F5441524745545F525032DA
:10AFB8003034302F7069636F2D73646B2F72703269
:10AFC8005F636F6D6D6F6E2F7069636F5F706C611B
:10AFD80074666F726D2F706C6174666F726D2E631C
:10AFE8000070617274203D3D20504152545F5250B0
:02AFF800320025
:10AFFA007270323034305F636869705F766572737D
:04B00A00696F6E00FC
:10B00E002C2066756E6374696F6E3A2000617373DF
:10B01E00657274696F6E2022257322206661696CD9
:10B02E0065643A2066696C6520222573222C206C9B
:0CB03E00696E65202564257325730A00E7
:10B04A0031203D3D202875696E747074725F7429D1
:10B05A006C2D3E7370696E5F6C6F636B002E2F6D83
:10B06A006265642D6F732F746172676574732F54F0
:10B07A0041524745545F52415350424552525950EA
:10B08A00492F5441524745545F5250323034302F81
:10B09A007069636F2D73646B2F7270325F636F6DAB
:10B0AA006D6F6E2F7069636F5F72756E74696D650F
:0BB0BA002F72756E74696D652E6300C7
:10B0C5000A2A2A2A2050414E4943202A2A2A0A00C0
:0DB0D50072756E74696D655F696E69740057
:10B0E200496E76616C69642073657269616C207067
:04B0F200696E730010
:10B0F600556E737570706F727465642070617269D5
:03B1060074790059
:03B1090000020140
:08B10C0040420F00200000008A
:01B11400003A
:10B11800002020202020202020202828282828201F
:10B128002020202020202020202020202020202017
:10B13800208810101010101010101010101010107F
:10B14800100404040404040404040410101010106F
:10B158001010414141414141010101010101010139
:10B16800010101010101010101010101101010108B
:10B17800101042424242424202020202020202020B
:10B18800020202020202020202020202101010105F
:10B198002000000000000000000000000000000087
:10B1A8000000000000000000000000000000000097
:10B1B8000000000000000000000000000000000087
:10B1C8000000000000000000000000000000000077
:10B1D8000000000000000000000000000000000067
:10B1E8000000000000000000000000000000000057
:10B1F8000000000000000000000000000000000047
:10B208000000000000000000000000000000000036
:01B218000035
:04B21C00B80700204F
:10B2200043000000504F5349580000000000000048
:04B230002E000000EC
:04B234000A0000000C
:10B23800A8350110E4360110E0360110DC360110A3
:10B24800D8360110D4360110D0360110CC36011092
:10B25800C8360110C4360110C0360110BC360110C2
:10B26800B8360110B4360110B0360110E8360110B6
:10B27800AC360110A8360110A4360110A036011012
:10B288009C36011098360110943601109036011042
:10B298008C36011088360110843601108036011072
:10B2A8007C360110783601107436011070360110A2
:10B2B8006C360110683601106436011060360110D2
:10B2C8005C360110E8360110E8360110E836011046
:10B2D800E8360110E8360110E8360110E8360110AA
:10B2E800E83601105836011054360110E8360110BE
:10B2F800E8360110E8360110E8360110E83601108A
:10B30800E8360110E8360110E8360110E836011079
:10B31800E8360110E8360110E8360110E836011069
:10B32800503601104C3601104836011044360110D1
:10B33800E8360110E8360110E836011040360110F1
:10B34800E8360110E8360110E83601103C360110E5
:10B35800E8360110E836011038360110E8360110D9
:10B36800E836011034360110E8360110E8360110CD
:10B37800E8360110E8360110E8360110E836011009
:10B38800E8360110E8360110E8360110E8360110F9
:10B3980030360110E83601102C360110283601101D
:10B3A80024360110E8360110E83601102036011065
:10B3B800E8360110E8360110E8360110E8360110C9
:10B3C800E8360110E8360110E8360110E8360110B9
:10B3D8001C360110183601101436011010360110F1
:10B3E8000C36011008360110E83601100436011039
:10B3F80000360110FC350110F8350110F435011044
:10B40800F0350110EC350110E8350110E435011074
:10B41800E0350110DC350110D8350110D4350110A4
:10B42800E8360110D0350110CC350110C8350110AF
:10B43800C4350110E8360110E8360110E83601106D
:10B44800E8360110E8360110C0350110E836011061
:10B45800E8360110E8360110BC350110B835011086
:0CB46800B4350110B0350110AC350110F6
:10B4740053756363657373004E6F74206F776E65E5
:10B48400720000004E6F20737563682066696C65F6
:10B49400206F72206469726563746F7279000000B2
:10B4A4004E6F20737563682070726F6365737300E9
:10B4B400496E7465727275707465642073797374FF
:10B4C400656D2063616C6C00492F4F206572726F4B
:10B4D400720000004E6F207375636820646576699E
:10B4E4006365206F72206164647265737300000089
:10B4F400417267206C69737420746F6F206C6F6E77
:10B50400670000004578656320666F726D61742082
:10B514006572726F72000000536F636B6574206113
:10B524006C726561647920636F6E6E6563746564C3
:10B53400000000004261642066696C65206E756DD0
:10B54400626572004E6F206368696C6472656E0098
:10B5540044657374696E6174696F6E2061646472AA
:10B56400657373207265717569726564000000000B
:10B574004E6F206D6F72652070726F6365737365B3
:10B58400730000004E6F7420656E6F7567682073DA
:10B5940070616365000000005065726D69737369C2
:10B5A4006F6E2064656E696564000000426164200A
:10B5B4006164647265737300446576696365206FC2
:10B5C40072207265736F757263652062757379009A
:10B5D40046696C65206578697374730043726F7390
:10B5E400732D646576696365206C696E6B00000079
:10B5F4004E6F207375636820646576696365000027
:10B604004E6F742061206469726563746F7279008F
:10B61400486F737420697320646F776E00000000B4
:10B62400436F6E6E656374696F6E20616C726561E1
:10B63400647920696E2070726F677265737300009D
:10B6440049732061206469726563746F72790000C4
:10B65400496E76616C696420617267756D656E749C
:10B66400000000004E6574776F726B20696E74651C
:10B674007266616365206973206E6F7420636F6EF8
:10B684006669677572656400436F6E6E656374699D
:10B694006F6E2061626F72746564206279206E65DA
:10B6A40074776F726B000000546F6F206D616E7958
:10B6B400206F70656E2066696C657320696E2073F7
:10B6C400797374656D00000046696C652064657368
:10B6D40063726970746F722076616C756520746F23
:10B6E4006F206C61726765004E6F7420612063681F
:10B6F40061726163746572206465766963650000D4
:10B70400546578742066696C6520627573790000ED
:10B7140046696C6520746F6F206C61726765000008
:10B72400486F737420697320756E72656163686114
:10B73400626C65004E6F207370616365206C656692
:10B7440074206F6E20646576696365004E6F7420A3
:10B75400737570706F72746564000000496C6C6579
:10B7640067616C207365656B00000000526561645D
:10B774002D6F6E6C792066696C65207379737465BE
:10B784006D000000546F6F206D616E79206C696EDE
:10B794006B73000042726F6B656E20706970650098
:10B7A4004D617468656D6174696373206172677556
:10B7B4006D656E74206F7574206F6620646F6D61A3
:10B7C400696E206F662066756E6374696F6E000023
:10B7D400526573756C7420746F6F206C6172676549
:10B7E400000000004E6F206D657373616765206F04
:10B7F40066206465736972656420747970650000FD
:10B804004964656E7469666965722072656D6F76E8
:10B8140065640000496C6C6567616C2062797465CD
:10B824002073657175656E6365000000446561642D
:10B834006C6F636B000000004E6574776F726B2051
:10B84400697320756E726561636861626C6500007E
:10B854004E6F206C6F636B004E6F742061207374A5
:10B864007265616D0000000053747265616D20693A
:10B874006F63746C2074696D656F757400000000EB
:10B884004E6F2073747265616D207265736F75728B
:10B89400636573005669727475616C2063697263C1
:10B8A40075697420697320676F6E650050726F74D8
:10B8B4006F636F6C206572726F720000556E6B6EF1
:10B8C4006F776E2070726F746F636F6C000000008E
:10B8D4004D756C7469686F7020617474656D7074F3
:10B8E40065640000426164206D657373616765007F
:10B8F40046756E6374696F6E206E6F7420696D7027
:10B904006C656D656E746564000000004469726561
:10B9140063746F7279206E6F7420656D7074790032
:10B9240046696C65206F722070617468206E616D69
:10B934006520746F6F206C6F6E670000546F6F200A
:10B944006D616E792073796D626F6C6963206C69C7
:10B954006E6B73004E6F206275666665722073703D
:10B9640061636520617661696C61626C65000000E9
:10B974004E6F206461746100416464726573732066
:10B9840066616D696C79206E6F7420737570706F69
:10B99400727465642062792070726F746F636F6C67
:10B9A4002066616D696C790050726F746F636F6C9F
:10B9B4002077726F6E67207479706520666F7220CD
:10B9C400736F636B65740000536F636B6574206FF2
:10B9D4007065726174696F6E206F6E206E6F6E2D6C
:10B9E400736F636B6574000050726F746F636F6C78
:10B9F400206E6F7420617661696C61626C65000011
:10BA0400436F6E6E656374696F6E207265667573DD
:10BA140065640000436F6E6E656374696F6E2072B7
:10BA2400657365742062792070656572000000009A
:10BA34004164647265737320616C7265616479201A
:10BA4400696E2075736500004164647265737320C8
:10BA54006E6F7420617661696C61626C65000000D0
:10BA6400536F6674776172652063617573656420D2
:10BA7400636F6E6E656374696F6E2061626F72745A
:10BA840000000000536F636B6574206973206E6F50
:10BA94007420636F6E6E656374656400536F636BCB
:10BAA400657420697320616C726561647920636FC9
:10BAB4006E6E6563746564004F7065726174696F5E
:10BAC4006E2063616E63656C656400005374617419
:10BAD40065206E6F74207265636F76657261626C47
:10BAE4006500000050726576696F7573206F776E1C
:10BAF40065722064696564004F7065726174696F72
:10BB04006E206E6F7420737570706F72746564202C
:10BB14006F6E20736F636B657400000056616C7503
:10BB24006520746F6F206C6172676520666F722088
:10BB3400646566696E6564206461746120747970FB
:10BB4400650000004D65737361676520746F6F2035
:10BB54006C6F6E6700000000436F6E6E65637469FE
:10BB64006F6E2074696D6564206F75740000000049
:10BB7400983B0110E43A0110E43A01108E3B0110A5
:10BB8400E43A0110E43A0110E43A0110E43A0110F5
:10BB9400E43A0110E43A0110723B01106A3B0110CF
:10BBA400E43A0110603B0110123B0110E43A011029
:10BBB400083B0110AC3A0110AC3A0110AC3A011048
:10BBC400AC3A0110AC3A0110AC3A0110AC3A011095
:10BBD400AC3A0110AC3A0110E43A0110E43A011015
:10BBE400E43A0110E43A0110E43A0110E43A011095
:10BBF400E43A0110E43A0110E43A0110E43A011085
:10BC040088410110E4400110E43A0110E4400110BD
:10BC1400E43A0110E43A0110E43A0110E43A011064
:10BC2400DA400110E43A0110E43A0110B640011080
:10BC3400E43A0110E43A0110E43A0110E43A011044
:10BC4400E43A0110F0410110E43A0110E43A011021
:10BC5400BC410110E43A0110E43A0110E43A011045
:10BC6400E43A0110E43A0110E43A0110E43A011014
:10BC7400E43A0110E43A0110E43A0110E23D011003
:10BC84006C3D0110E4400110E4400110E440011057
:10BC9400AC4001106C3D0110E43A0110E43A01108B
:10BCA4009C400110E43A01103C4001101640011080
:10BCB400764001106C400110E43A01100A3D011075
:10BCC400E43A01108E3C0110E43A0110E43A011008
:04BCD400A83B011078
:10BCD800494E4600696E66004E414E006E616E0028
:10BCE80030313233343536373839414243444546AA
:10BCF800000000003031323334353637383961626C
:10BD08006364656600000000286E756C6C2900008D
:04BD180030000000F7
:10BD1C002020202020202020202020202020202017
:10BD2C003030303030303030303030303030303007
:10BD3C006651011098580110985801107651011055
:10BD4C0098580110985801109858011098580110E3
:10BD5C0098580110985801107655011096550110FD
:10BD6C00985801109E550110A455011098580110B7
:10BD7C008457011034510110345101103451011009
:10BD8C00345101103451011034510110345101104F
:10BD9C003451011034510110985801109858011069
:10BDAC009858011098580110985801109858011083
:10BDBC009858011098580110985801109858011073
:10BDCC0084560110FA56011098580110FA560110B9
:10BDDC009858011098580110985801109858011053
:10BDEC00985701109858011098580110A25701103B
:10BDFC009858011098580110985801109858011033
:10BE0C0098580110C85701109858011098580110F3
:10BE1C00F0570110985801109858011098580110BB
:10BE2C009858011098580110985801109858011002
:10BE3C009858011098580110985801102458011066
:10BE4C005C580110FA560110FA560110FA560110FE
:10BE5C006E5801105C580110985801109858011038
:10BE6C006256011098580110F0550110145601102B
:10BE7C003C5601108E570110985801108654011031
:10BE8C0098580110DE540110985801109858011060
:04BE9C0080510110C0
:10BEA000494E4600696E66004E414E006E616E005E
:10BEB00030313233343536373839414243444546E0
:10BEC00000000000303132333435363738396162A2
:10BED0006364656600000000286E756C6C290000C4
:04BEE000300000002E
:10BEE400202020202020202020202020202020204E
:10BEF400303030303030303030303030303030303E
:10BF0400496E66696E697479000000004E614E00E6
:04BF140030000000F9
:10BF18000080E03779C34143176E05B5B5B893463D
:10BF2800F5F93FE9034F384D321D30F94877825A09
:08BF38003CBF737FDD4F15755E
:10BF4000000000000000F03F00000000000024405E
:10BF500000000000000059400000000000408F4039
:10BF6000000000000088C34000000000006AF840A4
:10BF70000000000080842E4100000000D0126341C8
:10BF80000000000084D797410000000065CDCD413E
:10BF9000000000205FA00242000000E8764837421F
:10BFA000000000A2941A6D42000040E59C30A242BD
:10BFB0000000901EC4BCD64200003426F56B0C4332
:10BFC0000080E03779C3414300A0D88557347643D9
:10BFD00000C84E676DC1AB43003D9160E458E1433A
:10BFE000408CB5781DAF154450EFE2D6E41A4B44AF
:10BFF00092D54D06CFF08044F64AE1C7022DB544F4
:08C00000B49DD9794378EA44AC
:0CC0080005000000190000007D00000091
:08C01400B842FE7F01000000AC
:10C01C00084A10B51378002B0AD18023064807492B
:10C02C005B051C68C45004338B42FAD10123137096
:10C03C0010BDC046C72B0020E825001000010010E1
:10C04C0010B5024B0133984710BDC046E8250020BF
:10C05C00431E9841054B02301B6800025840C02318
:10C06C009B001840024B18607047C0460C80014082
:10C07C000C9001408023F0B50A1804000D0085B027
:10C08C009B039A4205D941211D4B1E4A1E4800F0C4
:10C09C0003F91826142733881C49388898473388A5
:10C0AC001B4903903888984733881A49029038887E
:10C0BC00984733880190184938889847039B0600A5
:10C0CC00002B07D0029B002B04D0019B002B01D02E
:10C0DC00002803D14921114B0A4AD7E7FFF798FFF3
:10C0EC00039B9847029B984780222000D823290065
:10C0FC005202019CA047B047FFF7A2FF05B0F0BD6C
:10C10C00448E011078AA0110708E0110494600006F
:10C11C00455800005245000046430000CE8E0110E9
:10C12C008023F0B5140085B01218050003919B0311
:10C13C009A4205D958211D4B1D4A1E4800F0ACF8F7
:10C14C001826142733881C493888984733881B498C
:10C15C000290388898473388194901903888984755
:10C16C0033880090174938889847029B0600002BAB
:10C17C0007D0019B002B04D0009B002B01D0002882
:10C18C0003D16021104B0A4AD7E7FFF741FF029B0E
:10C19C009847019B9847220028000399009B9847D9
:10C1AC00B047FFF74DFF05B0F0BDC046448E0110FF
:10C1BC008AAA0110708E01104946000045580000F3
:10C1CC005250000046430000218F0110F0B5182694
:10C1DC00142485B0338801900291208827491700D8
:10C1EC009847338826490500208898473388039060
:10C1FC002449208898470600002D04D0039B002B6F
:10C20C0001D0002805D180211F4B204A204800F086
:10C21C0043F8FFF7FDFEA847039B98470020FFF764
:10C22C0017FFC0223B000825022052053900194394
:10C23C0007D10120FFF70CFFB047FFF701FF05B056
:10C24C00F0BD916A0C002C4001420BD0002F09D09C
:10C25C00D91B0D2906D80199013F0978116601995E
:10C26C0001310191002CE1D0002BDFD0116E029C2A
:10C27C00013B2170210001310291D7E749460000B2
:10C28C004558000046430000768F01109EAA01100D
:10C29C00708E01100000000001B40248844601BCFD
:10C2AC00604700BF390F01100000000006000000BD
:10C2BC000700000008000000090000001600000044
:10C2CC00150000000A0000000B0000000E0000002A
:10C2DC000C0000000D0000000F00000087000000A3
:10C2EC00B603000087000000B60300000100000048
:10C2FC001A000000000000001B00000000000000FD
:10C30C001C000000000000001D00000000000000E8
:10C31C000000000000000000000000000000000011
:10C32C000100000000000000000000000000000000
:10C33C0002000000000000000000000000000000EF
:10C34C0003000000000000000000000000000000DE
:10C35C0004000000000000000000000000000000CD
:10C36C0005000000000000000000000000000000BC
:10C37C0006000000000000000000000000000000AB
:10C38C00070000000000000000000000000000009A
:10C39C000800000000000000000000000000000089
:10C3AC000900000000000000000000000000000078
:10C3BC000A00000000000000000000000000000067
:10C3CC000B00000000000000000000000000000056
:10C3DC000C00000000000000000000000000000045
:10C3EC000D00000000000000000000000000000034
:10C3FC000E00000000000000000000000000000023
:10C40C000F00000000000000000000000000000011
:10C41C001000000000000000000000000000000000
:10C42C0011000000000000000000000000000000EF
:10C43C0012000000000000000000000000000000DE
:10C44C0013000000000000000000000000000000CD
:10C45C0014000000000000000000000000000000BC
:10C46C0015000000000000000000000000000000AB
:10C47C00160000000000000000000000000000009A
:10C48C001700000000000000000000000000000089
:10C49C001800000000000000000000000000000078
:10C4AC001900000000000000000000000000000067
:10C4BC001A00000000000000000000000000000056
:10C4CC001B00000000000000000000000000000045
:10C4DC001C00000000000000000000000000000034
:10C4EC001D00000000000000000000000000000023
:10C4FC000A000000738D0110D3B3FB020000000092
:10C50C00000000000000000000000000000000001F
:10C51C00000000000000000000000000000000000F
:10C52C0000000000000000000000000000000000FF
:10C53C0000000000000000000000000000000000EF
:10C54C0000000000000000000000000000000000DF
:10C55C0000000000000000000000000000000000CF
:10C56C0000000000000000000000000000000000BF
:10C57C0000000000000000000000000000000000AF
:10C58C00000000000000000000000000000000009F
:10C59C0000000000000000005180001059AA00109B
:10C5AC00FFFFFFFFFFFFFFFFFFFFFFFF000000008B
:10C5BC00000000000000000000000000000000006F
:10C5CC00000000000000000000000000000000005F
:10C5DC00000000000000000000000000000000004F
:10C5EC00000000000000000000000000000000003F
:10C5FC00000000000000000000000000000000002F
:10C60C00000000000000000000000000000000001E
:10C61C00000000000000000000000000000000000E
:10C62C0000000000000000000000000000000000FE
:10C63C0000000000000000000000000000000000EE
:10C64C0000000000000000000000000000000000DE
:10C65C0000000000000000000000000000000000CE
:10C66C0000000000000000000000000000000000BE
:10C67C0000000000000000000000000000000000AE
:10C68C00000000000000000000000000000000009E
:10C69C00000000000000000000000000000000008E
:10C6AC00405973070000000000000100000000006A
:10C6BC00000000000000020000000000000000006C
:10C6CC000000030000000000000000000000FF005C
:10C6DC000000000000B5486801318E4600477046E6
:10C6EC0009380149884700BD2D07011010000000D2
:10C6FC00503300004C330000543300005233000020
:10C70C00B80700200000000000000000A40A002070
:10C71C000C0B0020740B0020000000000000000037
:10C72C0000000000000000000000000000000000FD
:10C73C0000000000000000000000000000000000ED
:10C74C0000000000000000000000000000000000DD
:10C75C0000000000000000000000000000000000CD
:10C76C0000000000000000000000000000000000BD
:10C77C0000000000000000000000000000000000AD
:10C78C00000000000000000000000000000000009D
:10C79C00000000000000000000000000000000008D
:10C7AC00000000000000000000000000000000007D
:10C7BC0001000000000000000E33CDAB34126DE61A
:10C7CC00ECDE05000B000000000000000000000083
:10C7DC00000000000000000000000000000000004D
:10C7EC00000000000000000000000000000000003D
:10C7FC00000000000000000000000000000000002D
:10C80C00000000000000000000000000000000001C
:10C81C00000000000000000000000000000000000C
:10C82C0000000000000000000000000000000000FC
:10C83C0000000000000000000000000000000000EC
:10C84C0000000000000000000000000000000000DC
:10C85C0000000000000000000000000000000000CC
:10C86C0000000000000000000000000000000000BC
:10C87C0000000000000000000000000000000000AC
:10C88C00000000000000000000000000000000009C
:10C89C00000000000000000000000000000000008C
:10C8AC00000000000000000000000000000000007C
:10C8BC00000000000000000000000000000000006C
:10C8CC00000000000000000000000000000000005C
:10C8DC00000000000000000000000000000000004C
:10C8EC00000000000000000000000000000000003C
:10C8FC00000000000000000000000000000000002C
:10C90C00000000000000000000000000000000001B
:10C91C00000000000000000000000000000000000B
:10C92C0000000000000000000000000000000000FB
:10C93C0000000000000000000000000000000000EB
:10C94C0000000000000000000000000000000000DB
:10C95C0000000000000000000000000000000000CB
:10C96C0000000000000000000000000000000000BB
:10C97C0000000000000000000000000000000000AB
:10C98C00000000000000000000000000000000009B
:10C99C00000000000000000000000000000000008B
:10C9AC00000000000000000000000000000000007B
:10C9BC00000000000000000000000000000000006B
:10C9CC00000000000000000000000000000000005B
:10C9DC00000000000000000000000000000000004B
:10C9EC00000000000000000000000000000000003B
:10C9FC00000000000000000000000000000000002B
:10CA0C00000000000000000000000000000000001A
:10CA1C00000000000000000000000000000000000A
:10CA2C0000000000000000000000000000000000FA
:10CA3C0000000000000000000000000000000000EA
:10CA4C0000000000000000000000000000000000DA
:10CA5C0000000000000000000000000000000000CA
:10CA6C0000000000000000000000000000000000BA
:10CA7C0000000000000000000000000000000000AA
:10CA8C00000000000000000000000000000000009A
:10CA9C00000000000000000000000000000000008A
:10CAAC00000000000000000000000000000000007A
:10CABC00000000000000000000000000000000006A
:10CACC00000000000000000000000000000000005A
:10CADC00000000000000000000000000000000004A
:10CAEC00000000000000000000000000000000003A
:10CAFC00000000000000000000000000000000002A
:10CB0C000000000000000000000000000000000019
:10CB1C000000000000000000000000000000000009
:10CB2C0000000000000000000000000000000000F9
:10CB3C0043000000000000000000000000000000A6
:10CB4C0000000000000000000000000000000000D9
:10CB5C004300000000000000000000000000000086
:10CB6C0000000000000000000000000000000000B9
:10CB7C004300000000000000000000000000000066
:10CB8C000000000000000000000000000000000099
:10CB9C004300000000000000000000000000000046
:10CBAC000000000000000000000000000000000079
:10CBBC004300000000000000000000000000000026
:10CBCC000000000000000000000000000000000059
:10CBDC004300000000000000000000000000000006
:10CBEC000000000000000000000000000000000039
:10CBFC0043000000000000000000000000000000E6
:10CC0C000000000000000000000000000000000018
:10CC1C00BD670110612C01100000000018B101105B
:10CC2C0030B201102CB201102CB201102CB2011038
:10CC3C002CB201102CB201102CB201102CB201102C
:10CC4C002CB201102CB20110FFFFFFFFFFFFFFFF02
:10CC5C00FFFFFFFFFFFF0000010041534349490064
:10CC6C0000000000000000000000000000000000B8
:10CC7C00000000000000000000004153434949003F
:10CC8C000000000000000000000000000000000098
:10CC9C000000000000000000000000000000000088
:10CCAC00000000004C0D00204C0D0020540D002005
:10CCBC00540D00205C0D00205C0D0020640D002044
:10CCCC00640D00206C0D00206C0D0020740D0020F4
:10CCDC00740D00207C0D00207C0D0020840D0020A4
:10CCEC00840D00208C0D00208C0D0020940D002054
:10CCFC00940D00209C0D00209C0D0020A40D002004
:10CD0C00A40D0020AC0D0020AC0D0020B40D0020B3
:10CD1C00B40D0020BC0D0020BC0D0020C40D002063
:10CD2C00C40D0020CC0D0020CC0D0020D40D002013
:10CD3C00D40D0020DC0D0020DC0D0020E40D0020C3
:10CD4C00E40D0020EC0D0020EC0D0020F40D002073
:10CD5C00F40D0020FC0D0020FC0D0020040E002022
:10CD6C00040E00200C0E00200C0E0020140E0020CF
:10CD7C00140E00201C0E00201C0E0020240E00207F
:10CD8C00240E00202C0E00202C0E0020340E00202F
:10CD9C00340E00203C0E00203C0E0020440E0020DF
:10CDAC00440E00204C0E00204C0E0020540E00208F
:10CDBC00540E00205C0E00205C0E0020640E00203F
:10CDCC00640E00206C0E00206C0E0020740E0020EF
:10CDDC00740E00207C0E00207C0E0020840E00209F
:10CDEC00840E00208C0E00208C0E0020940E00204F
:10CDFC00940E00209C0E00209C0E0020A40E0020FF
:10CE0C00A40E0020AC0E0020AC0E0020B40E0020AE
:10CE1C00B40E0020BC0E0020BC0E0020C40E00205E
:10CE2C00C40E0020CC0E0020CC0E0020D40E00200E
:10CE3C00D40E0020DC0E0020DC0E0020E40E0020BE
:10CE4C00E40E0020EC0E0020EC0E0020F40E00206E
:10CE5C00F40E0020FC0E0020FC0E0020040F00201D
:10CE6C00040F00200C0F00200C0F0020140F0020CA
:10CE7C00140F00201C0F00201C0F0020240F00207A
:10CE8C00240F00202C0F00202C0F0020340F00202A
:10CE9C00340F00203C0F00203C0F0020440F0020DA
:10CEAC00440F00204C0F00204C0F0020540F00208A
:10CEBC00540F00205C0F00205C0F0020640F00203A
:10CECC00640F00206C0F00206C0F0020740F0020EA
:10CEDC00740F00207C0F00207C0F0020840F00209A
:10CEEC00840F00208C0F00208C0F0020940F00204A
:10CEFC00940F00209C0F00209C0F0020A40F0020FA
:10CF0C00A40F0020AC0F0020AC0F0020B40F0020A9
:10CF1C00B40F0020BC0F0020BC0F0020C40F002059
:10CF2C00C40F0020CC0F0020CC0F0020D40F002009
:10CF3C00D40F0020DC0F0020DC0F0020E40F0020B9
:10CF4C00E40F0020EC0F0020EC0F0020F40F002069
:10CF5C00F40F0020FC0F0020FC0F00200410002018
:10CF6C00041000200C1000200C10002014100020C5
:10CF7C00141000201C1000201C1000202410002075
:10CF8C00241000202C1000202C1000203410002025
:10CF9C00341000203C1000203C10002044100020D5
:10CFAC00441000204C1000204C1000205410002085
:10CFBC00541000205C1000205C1000206410002035
:10CFCC00641000206C1000206C10002074100020E5
:10CFDC00741000207C1000207C1000208410002095
:10CFEC00841000208C1000208C1000209410002045
:10CFFC00941000209C1000209C100020A4100020F5
:10D00C00A4100020AC100020AC100020B4100020A4
:10D01C00B4100020BC100020BC100020C410002054
:10D02C00C4100020CC100020CC100020D410002004
:10D03C00D4100020DC100020DC100020E4100020B4
:10D04C00E4100020EC100020EC100020F410002064
:10D05C00F4100020FC100020FC1000200411002013
:10D06C00041100200C1100200C11002014110020C0
:10D07C00141100201C1100201C1100202411002070
:10D08C00241100202C1100202C1100203411002020
:10D09C00341100203C1100203C11002044110020D0
:10D0AC0044110020FFFFFFFF0000020045040010A8
:10D0BC00653D0010AD02001049310010B143001065
:0CD0CC0011580010395A0010115D0010BE
:04000005100001D511
:00000001FF
