
/home/tangles/.cache/arduino/sketches/735014A5F2E34752288213E899872312/bms-tiny404.ino.elf:     file format elf32-avr


Disassembly of section .text:

00000000 <__vectors>:
__vectors():
../../../../../crt1/gcrt1.S:63
   0:	1a c0       	rjmp	.+52     	; 0x36 <__ctors_end>
../../../../../crt1/gcrt1.S:67
   2:	4a c0       	rjmp	.+148    	; 0x98 <__bad_interrupt>
../../../../../crt1/gcrt1.S:68
   4:	49 c0       	rjmp	.+146    	; 0x98 <__bad_interrupt>
../../../../../crt1/gcrt1.S:69
   6:	48 c0       	rjmp	.+144    	; 0x98 <__bad_interrupt>
../../../../../crt1/gcrt1.S:70
   8:	47 c0       	rjmp	.+142    	; 0x98 <__bad_interrupt>
../../../../../crt1/gcrt1.S:71
   a:	46 c0       	rjmp	.+140    	; 0x98 <__bad_interrupt>
../../../../../crt1/gcrt1.S:72
   c:	45 c0       	rjmp	.+138    	; 0x98 <__bad_interrupt>
../../../../../crt1/gcrt1.S:73
   e:	44 c0       	rjmp	.+136    	; 0x98 <__bad_interrupt>
../../../../../crt1/gcrt1.S:74
  10:	43 c0       	rjmp	.+134    	; 0x98 <__bad_interrupt>
../../../../../crt1/gcrt1.S:75
  12:	da c3       	rjmp	.+1972   	; 0x7c8 <__vector_9>
../../../../../crt1/gcrt1.S:76
  14:	41 c0       	rjmp	.+130    	; 0x98 <__bad_interrupt>
../../../../../crt1/gcrt1.S:77
  16:	40 c0       	rjmp	.+128    	; 0x98 <__bad_interrupt>
../../../../../crt1/gcrt1.S:78
  18:	3f c0       	rjmp	.+126    	; 0x98 <__bad_interrupt>
../../../../../crt1/gcrt1.S:79
  1a:	3e c0       	rjmp	.+124    	; 0x98 <__bad_interrupt>
../../../../../crt1/gcrt1.S:80
  1c:	3d c0       	rjmp	.+122    	; 0x98 <__bad_interrupt>
../../../../../crt1/gcrt1.S:81
  1e:	3c c0       	rjmp	.+120    	; 0x98 <__bad_interrupt>
../../../../../crt1/gcrt1.S:82
  20:	3b c0       	rjmp	.+118    	; 0x98 <__bad_interrupt>
../../../../../crt1/gcrt1.S:83
  22:	3a c0       	rjmp	.+116    	; 0x98 <__bad_interrupt>
../../../../../crt1/gcrt1.S:84
  24:	39 c0       	rjmp	.+114    	; 0x98 <__bad_interrupt>
../../../../../crt1/gcrt1.S:85
  26:	ff c3       	rjmp	.+2046   	; 0x826 <__vector_19>
../../../../../crt1/gcrt1.S:86
  28:	37 c0       	rjmp	.+110    	; 0x98 <__bad_interrupt>
../../../../../crt1/gcrt1.S:87
  2a:	36 c0       	rjmp	.+108    	; 0x98 <__bad_interrupt>
../../../../../crt1/gcrt1.S:88
  2c:	35 c0       	rjmp	.+106    	; 0x98 <__bad_interrupt>
../../../../../crt1/gcrt1.S:89
  2e:	34 c0       	rjmp	.+104    	; 0x98 <__bad_interrupt>
../../../../../crt1/gcrt1.S:90
  30:	33 c0       	rjmp	.+102    	; 0x98 <__bad_interrupt>
../../../../../crt1/gcrt1.S:91
  32:	32 c0       	rjmp	.+100    	; 0x98 <__bad_interrupt>

00000034 <__ctors_start>:
__trampolines_start():
  34:	a8 07       	cpc	r26, r24

00000036 <__ctors_end>:
__dtors_end():
../../../../../crt1/gcrt1.S:230
  36:	11 24       	eor	r1, r1
../../../../../crt1/gcrt1.S:231
  38:	1f be       	out	0x3f, r1	; 63
../../../../../crt1/gcrt1.S:232
  3a:	cf ef       	ldi	r28, 0xFF	; 255
../../../../../crt1/gcrt1.S:234
  3c:	cd bf       	out	0x3d, r28	; 61
../../../../../crt1/gcrt1.S:236
  3e:	df e3       	ldi	r29, 0x3F	; 63
../../../../../crt1/gcrt1.S:237
  40:	de bf       	out	0x3e, r29	; 62

00000042 <_initThreeStuff()>:
init_reset_flags():
/home/tangles/.arduino15/packages/megaTinyCore/hardware/megaavr/2.6.12/cores/megatinycore/main.cpp:104

  /* Minimum: Reset if we wound up here through malfunction - this relies on user clearing the  *
   * register on startup, which is rarely done in Arduino land.                                 */
  void __attribute__((weak)) init_reset_flags() ;
  void __attribute__((weak)) init_reset_flags() {
    uint8_t flags = RSTCTRL.RSTFR;
  42:	80 91 40 00 	lds	r24, 0x0040	; 0x800040 <digital_pin_to_bit_mask+0x7f7050>
/home/tangles/.arduino15/packages/megaTinyCore/hardware/megaavr/2.6.12/cores/megatinycore/main.cpp:105
    RSTCTRL.RSTFR = flags;
  46:	80 93 40 00 	sts	0x0040, r24	; 0x800040 <digital_pin_to_bit_mask+0x7f7050>
/home/tangles/.arduino15/packages/megaTinyCore/hardware/megaavr/2.6.12/cores/megatinycore/main.cpp:106
    if (flags == 0) {
  4a:	81 11       	cpse	r24, r1
  4c:	05 c0       	rjmp	.+10     	; 0x58 <_initThreeStuff()+0x16>
/home/tangles/.arduino15/packages/megaTinyCore/hardware/megaavr/2.6.12/cores/megatinycore/main.cpp:107
      _PROTECTED_WRITE(RSTCTRL.SWRR, 1);
  4e:	98 ed       	ldi	r25, 0xD8	; 216
  50:	21 e0       	ldi	r18, 0x01	; 1
  52:	94 bf       	out	0x34, r25	; 52
  54:	20 93 41 00 	sts	0x0041, r18	; 0x800041 <digital_pin_to_bit_mask+0x7f7051>
/home/tangles/.arduino15/packages/megaTinyCore/hardware/megaavr/2.6.12/cores/megatinycore/main.cpp:109
    }
    GPIOR0 = flags;
  58:	8c bb       	out	0x1c, r24	; 28

0000005a <__do_copy_data>:
__do_copy_data():
/home/admin/Arduino/toolchain-avr-special-master/gcc-build/avr/avrxmega3/short-calls/libgcc/../../../../../gcc/libgcc/config/avr/lib1funcs.S:2409
  5a:	1f e3       	ldi	r17, 0x3F	; 63
/home/admin/Arduino/toolchain-avr-special-master/gcc-build/avr/avrxmega3/short-calls/libgcc/../../../../../gcc/libgcc/config/avr/lib1funcs.S:2410
  5c:	a0 e0       	ldi	r26, 0x00	; 0
/home/admin/Arduino/toolchain-avr-special-master/gcc-build/avr/avrxmega3/short-calls/libgcc/../../../../../gcc/libgcc/config/avr/lib1funcs.S:2411
  5e:	bf e3       	ldi	r27, 0x3F	; 63
/home/admin/Arduino/toolchain-avr-special-master/gcc-build/avr/avrxmega3/short-calls/libgcc/../../../../../gcc/libgcc/config/avr/lib1funcs.S:2412
  60:	ec ef       	ldi	r30, 0xFC	; 252
/home/admin/Arduino/toolchain-avr-special-master/gcc-build/avr/avrxmega3/short-calls/libgcc/../../../../../gcc/libgcc/config/avr/lib1funcs.S:2413
  62:	ff e0       	ldi	r31, 0x0F	; 15
/home/admin/Arduino/toolchain-avr-special-master/gcc-build/avr/avrxmega3/short-calls/libgcc/../../../../../gcc/libgcc/config/avr/lib1funcs.S:2414
  64:	02 c0       	rjmp	.+4      	; 0x6a <__do_copy_data+0x10>
/home/admin/Arduino/toolchain-avr-special-master/gcc-build/avr/avrxmega3/short-calls/libgcc/../../../../../gcc/libgcc/config/avr/lib1funcs.S:2417
  66:	05 90       	lpm	r0, Z+
/home/admin/Arduino/toolchain-avr-special-master/gcc-build/avr/avrxmega3/short-calls/libgcc/../../../../../gcc/libgcc/config/avr/lib1funcs.S:2422
  68:	0d 92       	st	X+, r0
/home/admin/Arduino/toolchain-avr-special-master/gcc-build/avr/avrxmega3/short-calls/libgcc/../../../../../gcc/libgcc/config/avr/lib1funcs.S:2424
  6a:	a4 30       	cpi	r26, 0x04	; 4
/home/admin/Arduino/toolchain-avr-special-master/gcc-build/avr/avrxmega3/short-calls/libgcc/../../../../../gcc/libgcc/config/avr/lib1funcs.S:2425
  6c:	b1 07       	cpc	r27, r17
/home/admin/Arduino/toolchain-avr-special-master/gcc-build/avr/avrxmega3/short-calls/libgcc/../../../../../gcc/libgcc/config/avr/lib1funcs.S:2426
  6e:	d9 f7       	brne	.-10     	; 0x66 <__do_copy_data+0xc>

00000070 <__do_clear_bss>:
__do_clear_bss():
/home/admin/Arduino/toolchain-avr-special-master/gcc-build/avr/avrxmega3/short-calls/libgcc/../../../../../gcc/libgcc/config/avr/lib1funcs.S:2441
  70:	2f e3       	ldi	r18, 0x3F	; 63
/home/admin/Arduino/toolchain-avr-special-master/gcc-build/avr/avrxmega3/short-calls/libgcc/../../../../../gcc/libgcc/config/avr/lib1funcs.S:2442
  72:	a4 e0       	ldi	r26, 0x04	; 4
/home/admin/Arduino/toolchain-avr-special-master/gcc-build/avr/avrxmega3/short-calls/libgcc/../../../../../gcc/libgcc/config/avr/lib1funcs.S:2443
  74:	bf e3       	ldi	r27, 0x3F	; 63
/home/admin/Arduino/toolchain-avr-special-master/gcc-build/avr/avrxmega3/short-calls/libgcc/../../../../../gcc/libgcc/config/avr/lib1funcs.S:2444
  76:	01 c0       	rjmp	.+2      	; 0x7a <.do_clear_bss_start>

00000078 <.do_clear_bss_loop>:
/home/admin/Arduino/toolchain-avr-special-master/gcc-build/avr/avrxmega3/short-calls/libgcc/../../../../../gcc/libgcc/config/avr/lib1funcs.S:2446
  78:	1d 92       	st	X+, r1

0000007a <.do_clear_bss_start>:
/home/admin/Arduino/toolchain-avr-special-master/gcc-build/avr/avrxmega3/short-calls/libgcc/../../../../../gcc/libgcc/config/avr/lib1funcs.S:2448
  7a:	a7 36       	cpi	r26, 0x67	; 103
/home/admin/Arduino/toolchain-avr-special-master/gcc-build/avr/avrxmega3/short-calls/libgcc/../../../../../gcc/libgcc/config/avr/lib1funcs.S:2449
  7c:	b2 07       	cpc	r27, r18
/home/admin/Arduino/toolchain-avr-special-master/gcc-build/avr/avrxmega3/short-calls/libgcc/../../../../../gcc/libgcc/config/avr/lib1funcs.S:2450
  7e:	e1 f7       	brne	.-8      	; 0x78 <.do_clear_bss_loop>

00000080 <__do_global_ctors>:
__do_global_ctors():
/home/admin/Arduino/toolchain-avr-special-master/gcc-build/avr/avrxmega3/short-calls/libgcc/../../../../../gcc/libgcc/config/avr/lib1funcs.S:2466
  80:	10 e0       	ldi	r17, 0x00	; 0
/home/admin/Arduino/toolchain-avr-special-master/gcc-build/avr/avrxmega3/short-calls/libgcc/../../../../../gcc/libgcc/config/avr/lib1funcs.S:2467
  82:	cb e1       	ldi	r28, 0x1B	; 27
/home/admin/Arduino/toolchain-avr-special-master/gcc-build/avr/avrxmega3/short-calls/libgcc/../../../../../gcc/libgcc/config/avr/lib1funcs.S:2468
  84:	d0 e0       	ldi	r29, 0x00	; 0
/home/admin/Arduino/toolchain-avr-special-master/gcc-build/avr/avrxmega3/short-calls/libgcc/../../../../../gcc/libgcc/config/avr/lib1funcs.S:2472
  86:	03 c0       	rjmp	.+6      	; 0x8e <__do_global_ctors+0xe>
/home/admin/Arduino/toolchain-avr-special-master/gcc-build/avr/avrxmega3/short-calls/libgcc/../../../../../gcc/libgcc/config/avr/lib1funcs.S:2474
  88:	21 97       	sbiw	r28, 0x01	; 1
/home/admin/Arduino/toolchain-avr-special-master/gcc-build/avr/avrxmega3/short-calls/libgcc/../../../../../gcc/libgcc/config/avr/lib1funcs.S:2480
  8a:	fe 01       	movw	r30, r28
/home/admin/Arduino/toolchain-avr-special-master/gcc-build/avr/avrxmega3/short-calls/libgcc/../../../../../gcc/libgcc/config/avr/lib1funcs.S:2481
  8c:	8e d7       	rcall	.+3868   	; 0xfaa <__tablejump2__>
/home/admin/Arduino/toolchain-avr-special-master/gcc-build/avr/avrxmega3/short-calls/libgcc/../../../../../gcc/libgcc/config/avr/lib1funcs.S:2483
  8e:	ca 31       	cpi	r28, 0x1A	; 26
/home/admin/Arduino/toolchain-avr-special-master/gcc-build/avr/avrxmega3/short-calls/libgcc/../../../../../gcc/libgcc/config/avr/lib1funcs.S:2484
  90:	d1 07       	cpc	r29, r17
/home/admin/Arduino/toolchain-avr-special-master/gcc-build/avr/avrxmega3/short-calls/libgcc/../../../../../gcc/libgcc/config/avr/lib1funcs.S:2489
  92:	d1 f7       	brne	.-12     	; 0x88 <__do_global_ctors+0x8>
../../../../../crt1/gcrt1.S:314
  94:	6e d4       	rcall	.+2268   	; 0x972 <main>
../../../../../crt1/gcrt1.S:315
  96:	8f c7       	rjmp	.+3870   	; 0xfb6 <_exit>

00000098 <__bad_interrupt>:
__vector_22():
../../../../../crt1/gcrt1.S:209
  98:	b3 cf       	rjmp	.-154    	; 0x0 <__vectors>

0000009a <TwoWire::endTransmission(bool) [clone .constprop.14]>:
endTransmission():
/home/tangles/.arduino15/packages/megaTinyCore/hardware/megaavr/2.6.12/libraries/Wire/src/Wire.cpp:809
 *           17 for the pull ups likely missing
 *           18 for a bus arbitration/bus fault
 *           20 for likely a slave holding the clock low
 *          255 (-1) for TWI not initialized (begin not called) or bus somehow in "unknown" state.
 */
uint8_t TwoWire::endTransmission(bool sendStop) {
  9a:	cf 93       	push	r28
  9c:	c8 2f       	mov	r28, r24
masterTransmit():
/home/tangles/.arduino15/packages/megaTinyCore/hardware/megaavr/2.6.12/libraries/Wire/src/Wire.cpp:832
 *
 *@return     uint8_t
 *@retval     errors (see endTransmission)
 */
uint8_t TwoWire::masterTransmit(auto *length, uint8_t *buffer, uint8_t addr, uint8_t sendStop) {
  TWI_t* module = _module;
  9e:	e0 91 3a 3f 	lds	r30, 0x3F3A	; 0x803f3a <Wire+0x8>
  a2:	f0 91 3b 3f 	lds	r31, 0x3F3B	; 0x803f3b <Wire+0x9>
/home/tangles/.arduino15/packages/megaTinyCore/hardware/megaavr/2.6.12/libraries/Wire/src/Wire.cpp:844
  auto dataToWrite = *length;
  #if defined (TWI_TIMEOUT_ENABLE)
    uint16_t timeout = (F_CPU/1000);
  #endif

  if ((module->MCTRLA & TWI_ENABLE_bm) == 0x00) {  // If the module is disabled, abort
  a6:	83 81       	ldd	r24, Z+3	; 0x03
  a8:	80 fd       	sbrc	r24, 0
  aa:	03 c0       	rjmp	.+6      	; 0xb2 <TwoWire::endTransmission(bool) [clone .constprop.14]+0x18>
endTransmission():
/home/tangles/.arduino15/packages/megaTinyCore/hardware/megaavr/2.6.12/libraries/Wire/src/Wire.cpp:845
    return TWI_ERR_UNINIT;
  ac:	80 e1       	ldi	r24, 0x10	; 16
/home/tangles/.arduino15/packages/megaTinyCore/hardware/megaavr/2.6.12/libraries/Wire/src/Wire.cpp:812
 *          255 (-1) for TWI not initialized (begin not called) or bus somehow in "unknown" state.
 */
uint8_t TwoWire::endTransmission(bool sendStop) {
  // transmit (blocking)
  return masterTransmit(&_bytesToReadWrite, _hostBuffer, _clientAddress, sendStop);
}
  ae:	cf 91       	pop	r28
  b0:	08 95       	ret
/home/tangles/.arduino15/packages/megaTinyCore/hardware/megaavr/2.6.12/libraries/Wire/src/Wire.cpp:811
 *           20 for likely a slave holding the clock low
 *          255 (-1) for TWI not initialized (begin not called) or bus somehow in "unknown" state.
 */
uint8_t TwoWire::endTransmission(bool sendStop) {
  // transmit (blocking)
  return masterTransmit(&_bytesToReadWrite, _hostBuffer, _clientAddress, sendStop);
  b2:	70 91 43 3f 	lds	r23, 0x3F43	; 0x803f43 <Wire+0x11>
masterTransmit():
/home/tangles/.arduino15/packages/megaTinyCore/hardware/megaavr/2.6.12/libraries/Wire/src/Wire.cpp:839

  TWI_INIT_ERROR;
  uint8_t currentSM;
  uint8_t currentStatus;
  uint8_t stat = 0;
  auto dataToWrite = *length;
  b6:	90 91 44 3f 	lds	r25, 0x3F44	; 0x803f44 <Wire+0x12>
endTransmission():
/home/tangles/.arduino15/packages/megaTinyCore/hardware/megaavr/2.6.12/libraries/Wire/src/Wire.cpp:841
  #if defined (TWI_TIMEOUT_ENABLE)
    uint16_t timeout = (F_CPU/1000);
  ba:	20 e2       	ldi	r18, 0x20	; 32
  bc:	3e e4       	ldi	r19, 0x4E	; 78
/home/tangles/.arduino15/packages/megaTinyCore/hardware/megaavr/2.6.12/libraries/Wire/src/Wire.cpp:838
  __asm__ __volatile__("\n\t" : "+z"(module));

  TWI_INIT_ERROR;
  uint8_t currentSM;
  uint8_t currentStatus;
  uint8_t stat = 0;
  be:	40 e0       	ldi	r20, 0x00	; 0
masterTransmit():
/home/tangles/.arduino15/packages/megaTinyCore/hardware/megaavr/2.6.12/libraries/Wire/src/Wire.cpp:839
  auto dataToWrite = *length;
  c0:	a7 e4       	ldi	r26, 0x47	; 71
  c2:	bf e3       	ldi	r27, 0x3F	; 63
/home/tangles/.arduino15/packages/megaTinyCore/hardware/megaavr/2.6.12/libraries/Wire/src/Wire.cpp:875
      return TWI_ERR_BUS_ARB;                 // leave TX loop, don't update bytes to read and don't try to send stop
    }

    if (currentSM != TWI_BUSSTATE_BUSY_gc) {  // Undefined was excluded, so make sure it's IDLE or OWNER
      if (stat == 0x00) {                     // At the start, we send the ADDR
        module->MADDR = ADD_WRITE_BIT(addr);      // clear bit 0
  c4:	7e 7f       	andi	r23, 0xFE	; 254
/home/tangles/.arduino15/packages/megaTinyCore/hardware/megaavr/2.6.12/libraries/Wire/src/Wire.cpp:849
  if ((module->MCTRLA & TWI_ENABLE_bm) == 0x00) {  // If the module is disabled, abort
    return TWI_ERR_UNINIT;
  }

  while (true) {
    currentStatus = module->MSTATUS;
  c6:	55 81       	ldd	r21, Z+5	; 0x05
/home/tangles/.arduino15/packages/megaTinyCore/hardware/megaavr/2.6.12/libraries/Wire/src/Wire.cpp:850
    currentSM = currentStatus & TWI_BUSSTATE_gm;  // get the current mode of the state machine
  c8:	65 2f       	mov	r22, r21
  ca:	63 70       	andi	r22, 0x03	; 3
/home/tangles/.arduino15/packages/megaTinyCore/hardware/megaavr/2.6.12/libraries/Wire/src/Wire.cpp:852

    if (currentSM == TWI_BUSSTATE_UNKNOWN_gc) { // If the bus was not initialized
  cc:	79 f3       	breq	.-34     	; 0xac <TwoWire::endTransmission(bool) [clone .constprop.14]+0x12>
/home/tangles/.arduino15/packages/megaTinyCore/hardware/megaavr/2.6.12/libraries/Wire/src/Wire.cpp:857
      return TWI_ERR_UNINIT;                    // abort
    }

    #if defined(TWI_TIMEOUT_ENABLE)
      if (--timeout == 0) {
  ce:	21 50       	subi	r18, 0x01	; 1
  d0:	31 09       	sbc	r19, r1
  d2:	99 f4       	brne	.+38     	; 0xfa <TwoWire::endTransmission(bool) [clone .constprop.14]+0x60>
endTransmission():
/home/tangles/.arduino15/packages/megaTinyCore/hardware/megaavr/2.6.12/libraries/Wire/src/Wire.cpp:859
        if        (currentSM == TWI_BUSSTATE_OWNER_gc) {
          TWI_SET_ERROR(TWI_ERR_TIMEOUT);
  d4:	85 e0       	ldi	r24, 0x05	; 5
masterTransmit():
/home/tangles/.arduino15/packages/megaTinyCore/hardware/megaavr/2.6.12/libraries/Wire/src/Wire.cpp:858
      return TWI_ERR_UNINIT;                    // abort
    }

    #if defined(TWI_TIMEOUT_ENABLE)
      if (--timeout == 0) {
        if        (currentSM == TWI_BUSSTATE_OWNER_gc) {
  d6:	62 30       	cpi	r22, 0x02	; 2
  d8:	21 f0       	breq	.+8      	; 0xe2 <TwoWire::endTransmission(bool) [clone .constprop.14]+0x48>
endTransmission():
/home/tangles/.arduino15/packages/megaTinyCore/hardware/megaavr/2.6.12/libraries/Wire/src/Wire.cpp:863
          TWI_SET_ERROR(TWI_ERR_TIMEOUT);
        } else if (currentSM == TWI_BUSSTATE_IDLE_gc) {
          TWI_SET_ERROR(TWI_ERR_PULLUP);
        } else {
          TWI_SET_ERROR(TWI_ERR_UNDEFINED);
  da:	84 e0       	ldi	r24, 0x04	; 4
masterTransmit():
/home/tangles/.arduino15/packages/megaTinyCore/hardware/megaavr/2.6.12/libraries/Wire/src/Wire.cpp:860

    #if defined(TWI_TIMEOUT_ENABLE)
      if (--timeout == 0) {
        if        (currentSM == TWI_BUSSTATE_OWNER_gc) {
          TWI_SET_ERROR(TWI_ERR_TIMEOUT);
        } else if (currentSM == TWI_BUSSTATE_IDLE_gc) {
  dc:	61 30       	cpi	r22, 0x01	; 1
  de:	09 f4       	brne	.+2      	; 0xe2 <TwoWire::endTransmission(bool) [clone .constprop.14]+0x48>
endTransmission():
/home/tangles/.arduino15/packages/megaTinyCore/hardware/megaavr/2.6.12/libraries/Wire/src/Wire.cpp:861
          TWI_SET_ERROR(TWI_ERR_PULLUP);
  e0:	81 e1       	ldi	r24, 0x11	; 17
masterTransmit():
/home/tangles/.arduino15/packages/megaTinyCore/hardware/megaavr/2.6.12/libraries/Wire/src/Wire.cpp:908
        }
      } /* dataWritten == 0 */
    } /* currentSM != TWI_BUSSTATE_BUSY_gc */
  } /* while */

  *length -= dataToWrite;
  e2:	20 91 44 3f 	lds	r18, 0x3F44	; 0x803f44 <Wire+0x12>
  e6:	29 1b       	sub	r18, r25
  e8:	20 93 44 3f 	sts	0x3F44, r18	; 0x803f44 <Wire+0x12>
/home/tangles/.arduino15/packages/megaTinyCore/hardware/megaavr/2.6.12/libraries/Wire/src/Wire.cpp:909
  if ((sendStop != 0) || (TWI_ERR_SUCCESS != TWI_GET_ERROR)) {
  ec:	c1 11       	cpse	r28, r1
  ee:	02 c0       	rjmp	.+4      	; 0xf4 <TwoWire::endTransmission(bool) [clone .constprop.14]+0x5a>
  f0:	88 23       	and	r24, r24
  f2:	e9 f2       	breq	.-70     	; 0xae <TwoWire::endTransmission(bool) [clone .constprop.14]+0x14>
/home/tangles/.arduino15/packages/megaTinyCore/hardware/megaavr/2.6.12/libraries/Wire/src/Wire.cpp:910
    module->MCTRLB = TWI_MCMD_STOP_gc;                        // Send STOP
  f4:	93 e0       	ldi	r25, 0x03	; 3
  f6:	94 83       	std	Z+4, r25	; 0x04
  f8:	da cf       	rjmp	.-76     	; 0xae <TwoWire::endTransmission(bool) [clone .constprop.14]+0x14>
/home/tangles/.arduino15/packages/megaTinyCore/hardware/megaavr/2.6.12/libraries/Wire/src/Wire.cpp:869
        }
        break;
      }
    #endif

    if (currentStatus & TWI_ARBLOST_bm) {     // Check for Bus error
  fa:	53 fd       	sbrc	r21, 3
  fc:	1e c0       	rjmp	.+60     	; 0x13a <__DATA_REGION_LENGTH__+0x3a>
/home/tangles/.arduino15/packages/megaTinyCore/hardware/megaavr/2.6.12/libraries/Wire/src/Wire.cpp:873
      return TWI_ERR_BUS_ARB;                 // leave TX loop, don't update bytes to read and don't try to send stop
    }

    if (currentSM != TWI_BUSSTATE_BUSY_gc) {  // Undefined was excluded, so make sure it's IDLE or OWNER
  fe:	63 30       	cpi	r22, 0x03	; 3
 100:	11 f3       	breq	.-60     	; 0xc6 <TwoWire::endTransmission(bool) [clone .constprop.14]+0x2c>
/home/tangles/.arduino15/packages/megaTinyCore/hardware/megaavr/2.6.12/libraries/Wire/src/Wire.cpp:874
      if (stat == 0x00) {                     // At the start, we send the ADDR
 102:	41 11       	cpse	r20, r1
 104:	05 c0       	rjmp	.+10     	; 0x110 <__DATA_REGION_LENGTH__+0x10>
/home/tangles/.arduino15/packages/megaTinyCore/hardware/megaavr/2.6.12/libraries/Wire/src/Wire.cpp:875
        module->MADDR = ADD_WRITE_BIT(addr);      // clear bit 0
 106:	77 83       	std	Z+7, r23	; 0x07
endTransmission():
/home/tangles/.arduino15/packages/megaTinyCore/hardware/megaavr/2.6.12/libraries/Wire/src/Wire.cpp:878
        stat |= 0x01;                             // skip this if we're done
        #if defined (TWI_TIMEOUT_ENABLE)
          timeout = (F_CPU/1000);                 // reset timeout
 108:	20 e2       	ldi	r18, 0x20	; 32
 10a:	3e e4       	ldi	r19, 0x4E	; 78
/home/tangles/.arduino15/packages/megaTinyCore/hardware/megaavr/2.6.12/libraries/Wire/src/Wire.cpp:876
    }

    if (currentSM != TWI_BUSSTATE_BUSY_gc) {  // Undefined was excluded, so make sure it's IDLE or OWNER
      if (stat == 0x00) {                     // At the start, we send the ADDR
        module->MADDR = ADD_WRITE_BIT(addr);      // clear bit 0
        stat |= 0x01;                             // skip this if we're done
 10c:	41 e0       	ldi	r20, 0x01	; 1
 10e:	db cf       	rjmp	.-74     	; 0xc6 <TwoWire::endTransmission(bool) [clone .constprop.14]+0x2c>
masterTransmit():
/home/tangles/.arduino15/packages/megaTinyCore/hardware/megaavr/2.6.12/libraries/Wire/src/Wire.cpp:881
        #if defined (TWI_TIMEOUT_ENABLE)
          timeout = (F_CPU/1000);                 // reset timeout
        #endif
      } else {
        if (currentStatus & TWI_WIF_bm) {     // ADDR was sent, check for completed write
 110:	56 ff       	sbrs	r21, 6
 112:	d9 cf       	rjmp	.-78     	; 0xc6 <TwoWire::endTransmission(bool) [clone .constprop.14]+0x2c>
/home/tangles/.arduino15/packages/megaTinyCore/hardware/megaavr/2.6.12/libraries/Wire/src/Wire.cpp:882
          if (currentStatus & TWI_RXACK_bm) {   // got a NACK, see how much was written
 114:	54 ff       	sbrs	r21, 4
 116:	08 c0       	rjmp	.+16     	; 0x128 <__DATA_REGION_LENGTH__+0x28>
endTransmission():
/home/tangles/.arduino15/packages/megaTinyCore/hardware/megaavr/2.6.12/libraries/Wire/src/Wire.cpp:887
            if (stat & 0x02) {                  // bit 1 set, data was already sent
              if (dataToWrite != 0)               // the client may send an ACK at the end. If we
                TWI_SET_ERROR(TWI_ERR_ACK_DAT);   // transferred everything, we can ignore the NACK
            } else {                              // otherwise, no data sent, ADDR NACK
              TWI_SET_ERROR(TWI_ERR_ACK_ADR);
 118:	82 e0       	ldi	r24, 0x02	; 2
masterTransmit():
/home/tangles/.arduino15/packages/megaTinyCore/hardware/megaavr/2.6.12/libraries/Wire/src/Wire.cpp:883
          timeout = (F_CPU/1000);                 // reset timeout
        #endif
      } else {
        if (currentStatus & TWI_WIF_bm) {     // ADDR was sent, check for completed write
          if (currentStatus & TWI_RXACK_bm) {   // got a NACK, see how much was written
            if (stat & 0x02) {                  // bit 1 set, data was already sent
 11a:	41 ff       	sbrs	r20, 1
 11c:	e2 cf       	rjmp	.-60     	; 0xe2 <TwoWire::endTransmission(bool) [clone .constprop.14]+0x48>
endTransmission():
/home/tangles/.arduino15/packages/megaTinyCore/hardware/megaavr/2.6.12/libraries/Wire/src/Wire.cpp:885
              if (dataToWrite != 0)               // the client may send an ACK at the end. If we
                TWI_SET_ERROR(TWI_ERR_ACK_DAT);   // transferred everything, we can ignore the NACK
 11e:	83 e0       	ldi	r24, 0x03	; 3
masterTransmit():
/home/tangles/.arduino15/packages/megaTinyCore/hardware/megaavr/2.6.12/libraries/Wire/src/Wire.cpp:884
        #endif
      } else {
        if (currentStatus & TWI_WIF_bm) {     // ADDR was sent, check for completed write
          if (currentStatus & TWI_RXACK_bm) {   // got a NACK, see how much was written
            if (stat & 0x02) {                  // bit 1 set, data was already sent
              if (dataToWrite != 0)               // the client may send an ACK at the end. If we
 120:	91 11       	cpse	r25, r1
 122:	df cf       	rjmp	.-66     	; 0xe2 <TwoWire::endTransmission(bool) [clone .constprop.14]+0x48>
endTransmission():
/home/tangles/.arduino15/packages/megaTinyCore/hardware/megaavr/2.6.12/libraries/Wire/src/Wire.cpp:835
 */
uint8_t TwoWire::masterTransmit(auto *length, uint8_t *buffer, uint8_t addr, uint8_t sendStop) {
  TWI_t* module = _module;
  __asm__ __volatile__("\n\t" : "+z"(module));

  TWI_INIT_ERROR;
 124:	80 e0       	ldi	r24, 0x00	; 0
 126:	dd cf       	rjmp	.-70     	; 0xe2 <TwoWire::endTransmission(bool) [clone .constprop.14]+0x48>
masterTransmit():
/home/tangles/.arduino15/packages/megaTinyCore/hardware/megaavr/2.6.12/libraries/Wire/src/Wire.cpp:891
            } else {                              // otherwise, no data sent, ADDR NACK
              TWI_SET_ERROR(TWI_ERR_ACK_ADR);
            }
            break;
          } else {                              // No NACK on write
            if (dataToWrite != 0) {             // check if there is data to be written
 128:	99 23       	and	r25, r25
 12a:	e1 f3       	breq	.-8      	; 0x124 <__DATA_REGION_LENGTH__+0x24>
/home/tangles/.arduino15/packages/megaTinyCore/hardware/megaavr/2.6.12/libraries/Wire/src/Wire.cpp:892
              module->MDATA = *buffer;          // Writing to the register to send data
 12c:	8d 91       	ld	r24, X+
 12e:	80 87       	std	Z+8, r24	; 0x08
/home/tangles/.arduino15/packages/megaTinyCore/hardware/megaavr/2.6.12/libraries/Wire/src/Wire.cpp:894
              buffer++;
              dataToWrite--;
 130:	91 50       	subi	r25, 0x01	; 1
/home/tangles/.arduino15/packages/megaTinyCore/hardware/megaavr/2.6.12/libraries/Wire/src/Wire.cpp:895
              stat |= 0x02;                     // remember that we've sent data
 132:	42 60       	ori	r20, 0x02	; 2
endTransmission():
/home/tangles/.arduino15/packages/megaTinyCore/hardware/megaavr/2.6.12/libraries/Wire/src/Wire.cpp:897
              #if defined (TWI_TIMEOUT_ENABLE)
                timeout = (F_CPU/1000);                   // reset timeout
 134:	20 e2       	ldi	r18, 0x20	; 32
 136:	3e e4       	ldi	r19, 0x4E	; 78
 138:	c6 cf       	rjmp	.-116    	; 0xc6 <TwoWire::endTransmission(bool) [clone .constprop.14]+0x2c>
/home/tangles/.arduino15/packages/megaTinyCore/hardware/megaavr/2.6.12/libraries/Wire/src/Wire.cpp:870
        break;
      }
    #endif

    if (currentStatus & TWI_ARBLOST_bm) {     // Check for Bus error
      return TWI_ERR_BUS_ARB;                 // leave TX loop, don't update bytes to read and don't try to send stop
 13a:	82 e1       	ldi	r24, 0x12	; 18
 13c:	b8 cf       	rjmp	.-144    	; 0xae <TwoWire::endTransmission(bool) [clone .constprop.14]+0x14>

0000013e <TwoWire::setClock(unsigned long) [clone .constprop.9]>:
setClock():
/home/tangles/.arduino15/packages/megaTinyCore/hardware/megaavr/2.6.12/libraries/Wire/src/Wire.cpp:390
  } else {
    if (clock < 1000) {
      return 1;
    }
  }
  if (_bools._hostEnabled == 1) {              // Do something only if the host is enabled.
 13e:	80 91 3d 3f 	lds	r24, 0x3F3D	; 0x803f3d <Wire+0xb>
 142:	81 ff       	sbrs	r24, 1
 144:	16 c0       	rjmp	.+44     	; 0x172 <TwoWire::setClock(unsigned long) [clone .constprop.9]+0x34>
/home/tangles/.arduino15/packages/megaTinyCore/hardware/megaavr/2.6.12/libraries/Wire/src/Wire.cpp:379
 *@return     uint8_t
 *@retval       0 if no error occurred
 *@retval       1 if a problem occurred
 */
uint8_t TwoWire::setClock(uint32_t clock) {
  TWI_t* module = _module;
 146:	e0 91 3a 3f 	lds	r30, 0x3F3A	; 0x803f3a <Wire+0x8>
 14a:	f0 91 3b 3f 	lds	r31, 0x3F3B	; 0x803f3b <Wire+0x9>
/home/tangles/.arduino15/packages/megaTinyCore/hardware/megaavr/2.6.12/libraries/Wire/src/Wire.cpp:392
      return 1;
    }
  }
  if (_bools._hostEnabled == 1) {              // Do something only if the host is enabled.
    uint8_t newBaud = MasterCalcBaud(clock);        // get the new Baud value
    uint8_t oldBaud = module->MBAUD;                // load the old Baud value
 14e:	86 81       	ldd	r24, Z+6	; 0x06
/home/tangles/.arduino15/packages/megaTinyCore/hardware/megaavr/2.6.12/libraries/Wire/src/Wire.cpp:393
    if (newBaud != oldBaud) {                       // compare both, in case the code is issuing this before every transmission.
 150:	89 35       	cpi	r24, 0x59	; 89
 152:	11 f4       	brne	.+4      	; 0x158 <TwoWire::setClock(unsigned long) [clone .constprop.9]+0x1a>
/home/tangles/.arduino15/packages/megaTinyCore/hardware/megaavr/2.6.12/libraries/Wire/src/Wire.cpp:407
      module->MCTRLA    = restore;                  // restore the old register, thus enabling it again
      if (restore & TWI_ENABLE_bm) {                // If the TWI was enabled,
        module->MSTATUS   = TWI_BUSSTATE_IDLE_gc;   // Force the state machine into IDLE according to the data sheet
      }
    }
    return 0;
 154:	80 e0       	ldi	r24, 0x00	; 0
 156:	08 95       	ret
/home/tangles/.arduino15/packages/megaTinyCore/hardware/megaavr/2.6.12/libraries/Wire/src/Wire.cpp:394
  }
  if (_bools._hostEnabled == 1) {              // Do something only if the host is enabled.
    uint8_t newBaud = MasterCalcBaud(clock);        // get the new Baud value
    uint8_t oldBaud = module->MBAUD;                // load the old Baud value
    if (newBaud != oldBaud) {                       // compare both, in case the code is issuing this before every transmission.
      uint8_t restore = module->MCTRLA;             // Save the old Master state
 158:	93 81       	ldd	r25, Z+3	; 0x03
/home/tangles/.arduino15/packages/megaTinyCore/hardware/megaavr/2.6.12/libraries/Wire/src/Wire.cpp:395
      module->MCTRLA    = 0;                        // Disable Master
 15a:	13 82       	std	Z+3, r1	; 0x03
/home/tangles/.arduino15/packages/megaTinyCore/hardware/megaavr/2.6.12/libraries/Wire/src/Wire.cpp:396
      module->MBAUD     = newBaud;                  // update Baud register
 15c:	89 e5       	ldi	r24, 0x59	; 89
 15e:	86 83       	std	Z+6, r24	; 0x06
/home/tangles/.arduino15/packages/megaTinyCore/hardware/megaavr/2.6.12/libraries/Wire/src/Wire.cpp:400
      if (clock > 400000) {
        module->CTRLA  |=  TWI_FMPEN_bm;            // Enable FastMode+
      } else {
        module->CTRLA  &= ~TWI_FMPEN_bm;            // Disable FastMode+
 160:	80 81       	ld	r24, Z
 162:	8d 7f       	andi	r24, 0xFD	; 253
 164:	80 83       	st	Z, r24
/home/tangles/.arduino15/packages/megaTinyCore/hardware/megaavr/2.6.12/libraries/Wire/src/Wire.cpp:402
      }
      module->MCTRLA    = restore;                  // restore the old register, thus enabling it again
 166:	93 83       	std	Z+3, r25	; 0x03
/home/tangles/.arduino15/packages/megaTinyCore/hardware/megaavr/2.6.12/libraries/Wire/src/Wire.cpp:403
      if (restore & TWI_ENABLE_bm) {                // If the TWI was enabled,
 168:	90 ff       	sbrs	r25, 0
 16a:	f4 cf       	rjmp	.-24     	; 0x154 <TwoWire::setClock(unsigned long) [clone .constprop.9]+0x16>
/home/tangles/.arduino15/packages/megaTinyCore/hardware/megaavr/2.6.12/libraries/Wire/src/Wire.cpp:404
        module->MSTATUS   = TWI_BUSSTATE_IDLE_gc;   // Force the state machine into IDLE according to the data sheet
 16c:	81 e0       	ldi	r24, 0x01	; 1
 16e:	85 83       	std	Z+5, r24	; 0x05
 170:	f1 cf       	rjmp	.-30     	; 0x154 <TwoWire::setClock(unsigned long) [clone .constprop.9]+0x16>
/home/tangles/.arduino15/packages/megaTinyCore/hardware/megaavr/2.6.12/libraries/Wire/src/Wire.cpp:409
      }
    }
    return 0;
  }
  return 1;
 172:	81 e0       	ldi	r24, 0x01	; 1
/home/tangles/.arduino15/packages/megaTinyCore/hardware/megaavr/2.6.12/libraries/Wire/src/Wire.cpp:410
}
 174:	08 95       	ret

00000176 <millis>:
millis():
/home/tangles/.arduino15/packages/megaTinyCore/hardware/megaavr/2.6.12/cores/megatinycore/wiring.c:167
  unsigned long millis() {
    // return timer_overflow_count; // for debugging timekeeping issues where these variables are out of scope from the sketch
    unsigned long m;
    // disable interrupts while we read timer_millis or we might get an
    // inconsistent value (e.g. in the middle of a write to timer_millis)
    uint8_t oldSREG = SREG;
 176:	2f b7       	in	r18, 0x3f	; 63
/home/tangles/.arduino15/packages/megaTinyCore/hardware/megaavr/2.6.12/cores/megatinycore/wiring.c:168
    cli();
 178:	f8 94       	cli
/home/tangles/.arduino15/packages/megaTinyCore/hardware/megaavr/2.6.12/cores/megatinycore/wiring.c:182
        if (!(rtccount & 0x8000)) m += 64000;
      }
      SREG = oldSREG;
      m += rtccount - (rtccount >> 5) + (rtccount >> 7);
    #else
      m = timingStruct.timer_millis;
 17a:	60 91 2c 3f 	lds	r22, 0x3F2C	; 0x803f2c <timingStruct+0x4>
 17e:	70 91 2d 3f 	lds	r23, 0x3F2D	; 0x803f2d <timingStruct+0x5>
 182:	80 91 2e 3f 	lds	r24, 0x3F2E	; 0x803f2e <timingStruct+0x6>
 186:	90 91 2f 3f 	lds	r25, 0x3F2F	; 0x803f2f <timingStruct+0x7>
/home/tangles/.arduino15/packages/megaTinyCore/hardware/megaavr/2.6.12/cores/megatinycore/wiring.c:183
      SREG = oldSREG;
 18a:	2f bf       	out	0x3f, r18	; 63
/home/tangles/.arduino15/packages/megaTinyCore/hardware/megaavr/2.6.12/cores/megatinycore/wiring.c:186
    #endif
    return m;
  }
 18c:	08 95       	ret

0000018e <delay.part.0>:
delay.part.0():
/home/tangles/.arduino15/packages/megaTinyCore/hardware/megaavr/2.6.12/cores/megatinycore/wiring.c:243
        start += 1000;
      }
    }
  }
#else
  void delay(uint32_t ms) {
 18e:	8f 92       	push	r8
 190:	9f 92       	push	r9
 192:	af 92       	push	r10
 194:	bf 92       	push	r11
 196:	cf 92       	push	r12
 198:	df 92       	push	r13
 19a:	ef 92       	push	r14
 19c:	ff 92       	push	r15
 19e:	6b 01       	movw	r12, r22
 1a0:	7c 01       	movw	r14, r24
/home/tangles/.arduino15/packages/megaTinyCore/hardware/megaavr/2.6.12/cores/megatinycore/wiring.c:251
    } else if (ms < 16) {
      while(ms--) {
        _delay_ms(1);
      }
    } else {
      uint32_t start = millis();
 1a2:	e9 df       	rcall	.-46     	; 0x176 <millis>
 1a4:	4b 01       	movw	r8, r22
 1a6:	5c 01       	movw	r10, r24
/home/tangles/.arduino15/packages/megaTinyCore/hardware/megaavr/2.6.12/cores/megatinycore/wiring.c:252
      while (millis() - start < ms);
 1a8:	e6 df       	rcall	.-52     	; 0x176 <millis>
 1aa:	68 19       	sub	r22, r8
 1ac:	79 09       	sbc	r23, r9
 1ae:	8a 09       	sbc	r24, r10
 1b0:	9b 09       	sbc	r25, r11
 1b2:	6c 15       	cp	r22, r12
 1b4:	7d 05       	cpc	r23, r13
 1b6:	8e 05       	cpc	r24, r14
 1b8:	9f 05       	cpc	r25, r15
 1ba:	b0 f3       	brcs	.-20     	; 0x1a8 <delay.part.0+0x1a>
/home/tangles/.arduino15/packages/megaTinyCore/hardware/megaavr/2.6.12/cores/megatinycore/wiring.c:254
    }
  }
 1bc:	ff 90       	pop	r15
 1be:	ef 90       	pop	r14
 1c0:	df 90       	pop	r13
 1c2:	cf 90       	pop	r12
 1c4:	bf 90       	pop	r11
 1c6:	af 90       	pop	r10
 1c8:	9f 90       	pop	r9
 1ca:	8f 90       	pop	r8
 1cc:	08 95       	ret

000001ce <TwoWire::flush()>:
flush():
/home/tangles/.arduino15/packages/megaTinyCore/hardware/megaavr/2.6.12/libraries/Wire/src/Wire.cpp:1115
 *
 *@return     void
 */
void TwoWire::flush(void) {
  /* Turn off and on TWI module */
  TWI_t* module = _module;
 1ce:	dc 01       	movw	r26, r24
 1d0:	18 96       	adiw	r26, 0x08	; 8
 1d2:	ed 91       	ld	r30, X+
 1d4:	fc 91       	ld	r31, X
/home/tangles/.arduino15/packages/megaTinyCore/hardware/megaavr/2.6.12/libraries/Wire/src/Wire.cpp:1127
    module->SCTRLA  = 0x00;
    module->MCTRLA  = temp_MCTRLA;
    module->MSTATUS = 0x01;  // force TWI state machine into idle state
    module->SCTRLA  = temp_SCTRLA;
  #else
    module->MCTRLB |= TWI_FLUSH_bm;
 1d6:	84 81       	ldd	r24, Z+4	; 0x04
 1d8:	88 60       	ori	r24, 0x08	; 8
 1da:	84 83       	std	Z+4, r24	; 0x04
/home/tangles/.arduino15/packages/megaTinyCore/hardware/megaavr/2.6.12/libraries/Wire/src/Wire.cpp:1129
  #endif
}
 1dc:	08 95       	ret

000001de <TwoWire::peek()>:
peek():
/home/tangles/.arduino15/packages/megaTinyCore/hardware/megaavr/2.6.12/libraries/Wire/src/Wire.cpp:1095
    } else
  #endif
  {
    rxHead   = &(_bytesToReadWrite);
    rxTail   = &(_bytesReadWritten);
    rxBuffer =   _hostBuffer;
 1de:	9c 01       	movw	r18, r24
 1e0:	2b 5e       	subi	r18, 0xEB	; 235
 1e2:	3f 4f       	sbci	r19, 0xFF	; 255
/home/tangles/.arduino15/packages/megaTinyCore/hardware/megaavr/2.6.12/libraries/Wire/src/Wire.cpp:1098
  }

  if ((*rxTail) < (*rxHead)) {   // if there are bytes to read
 1e4:	dc 01       	movw	r26, r24
 1e6:	53 96       	adiw	r26, 0x13	; 19
 1e8:	ec 91       	ld	r30, X
 1ea:	53 97       	sbiw	r26, 0x13	; 19
 1ec:	52 96       	adiw	r26, 0x12	; 18
 1ee:	8c 91       	ld	r24, X
 1f0:	e8 17       	cp	r30, r24
 1f2:	30 f4       	brcc	.+12     	; 0x200 <TwoWire::peek()+0x22>
/home/tangles/.arduino15/packages/megaTinyCore/hardware/megaavr/2.6.12/libraries/Wire/src/Wire.cpp:1099
    return rxBuffer[(*rxTail)];
 1f4:	e2 0f       	add	r30, r18
 1f6:	f3 2f       	mov	r31, r19
 1f8:	f1 1d       	adc	r31, r1
 1fa:	80 81       	ld	r24, Z
 1fc:	90 e0       	ldi	r25, 0x00	; 0
 1fe:	08 95       	ret
/home/tangles/.arduino15/packages/megaTinyCore/hardware/megaavr/2.6.12/libraries/Wire/src/Wire.cpp:1101
  } else {      // No bytes to read
    return -1;
 200:	8f ef       	ldi	r24, 0xFF	; 255
 202:	9f ef       	ldi	r25, 0xFF	; 255
/home/tangles/.arduino15/packages/megaTinyCore/hardware/megaavr/2.6.12/libraries/Wire/src/Wire.cpp:1103
  }
}
 204:	08 95       	ret

00000206 <TwoWire::read()>:
read():
/home/tangles/.arduino15/packages/megaTinyCore/hardware/megaavr/2.6.12/libraries/Wire/src/Wire.cpp:1015
 *@param      void
 *
 *@return     int
 *@retval     byte in the buffer or -1 if buffer is empty
 */
int TwoWire::read(void) {
 206:	fc 01       	movw	r30, r24
/home/tangles/.arduino15/packages/megaTinyCore/hardware/megaavr/2.6.12/libraries/Wire/src/Wire.cpp:1028
    } else
  #endif
  {
    rxHead   = &(_bytesToReadWrite);
    rxTail   = &(_bytesReadWritten);
    rxBuffer =   _hostBuffer;
 208:	dc 01       	movw	r26, r24
 20a:	55 96       	adiw	r26, 0x15	; 21
/home/tangles/.arduino15/packages/megaTinyCore/hardware/megaavr/2.6.12/libraries/Wire/src/Wire.cpp:1032
  }


  if ((*rxTail) < (*rxHead)) {   // if there are bytes to read
 20c:	93 89       	ldd	r25, Z+19	; 0x13
 20e:	82 89       	ldd	r24, Z+18	; 0x12
 210:	98 17       	cp	r25, r24
 212:	40 f4       	brcc	.+16     	; 0x224 <TwoWire::read()+0x1e>
/home/tangles/.arduino15/packages/megaTinyCore/hardware/megaavr/2.6.12/libraries/Wire/src/Wire.cpp:1033
    uint8_t c = rxBuffer[(*rxTail)];
 214:	a9 0f       	add	r26, r25
 216:	b1 1d       	adc	r27, r1
 218:	2c 91       	ld	r18, X
/home/tangles/.arduino15/packages/megaTinyCore/hardware/megaavr/2.6.12/libraries/Wire/src/Wire.cpp:1034
    (*rxTail)++;
 21a:	9f 5f       	subi	r25, 0xFF	; 255
 21c:	93 8b       	std	Z+19, r25	; 0x13
/home/tangles/.arduino15/packages/megaTinyCore/hardware/megaavr/2.6.12/libraries/Wire/src/Wire.cpp:1035
    return c;
 21e:	82 2f       	mov	r24, r18
 220:	90 e0       	ldi	r25, 0x00	; 0
 222:	08 95       	ret
/home/tangles/.arduino15/packages/megaTinyCore/hardware/megaavr/2.6.12/libraries/Wire/src/Wire.cpp:1037
  } else {                      // No bytes to read. At this point, rxTail moved up to
    return -1;                  // rxHead. To reset both to 0, a MasterRead or AddrWrite has to be called
 224:	8f ef       	ldi	r24, 0xFF	; 255
 226:	9f ef       	ldi	r25, 0xFF	; 255
/home/tangles/.arduino15/packages/megaTinyCore/hardware/megaavr/2.6.12/libraries/Wire/src/Wire.cpp:1039
  }
}
 228:	08 95       	ret

0000022a <TwoWire::available()>:
available():
/home/tangles/.arduino15/packages/megaTinyCore/hardware/megaavr/2.6.12/libraries/Wire/src/Wire.cpp:990
 *@param      void
 *
 *@return     int
 *@retval     amount of bytes available to read from the host buffer
 */
int TwoWire::available(void) {
 22a:	fc 01       	movw	r30, r24
/home/tangles/.arduino15/packages/megaTinyCore/hardware/megaavr/2.6.12/libraries/Wire/src/Wire.cpp:997
    if (_bools._toggleStreamFn == 0x01) {
      return (_bytesToReadWriteS - _bytesReadWrittenS);
    }
  #endif

  return (_bytesToReadWrite - _bytesReadWritten);
 22c:	82 89       	ldd	r24, Z+18	; 0x12
 22e:	93 89       	ldd	r25, Z+19	; 0x13
/home/tangles/.arduino15/packages/megaTinyCore/hardware/megaavr/2.6.12/libraries/Wire/src/Wire.cpp:998
}
 230:	89 1b       	sub	r24, r25
 232:	99 0b       	sbc	r25, r25
 234:	08 95       	ret

00000236 <TwoWire::write(unsigned char)>:
write():
/home/tangles/.arduino15/packages/megaTinyCore/hardware/megaavr/2.6.12/libraries/Wire/src/Wire.cpp:928
 *
 *
 *@return     uint8_t
 *@retval     1 if successful, 0 if the buffer is full
 */
size_t TwoWire::write(uint8_t data) {
 236:	fc 01       	movw	r30, r24
/home/tangles/.arduino15/packages/megaTinyCore/hardware/megaavr/2.6.12/libraries/Wire/src/Wire.cpp:944
    txBuffer =   _hostBuffer;
  }

  /* Put byte in txBuffer */

  if ((*txHead) < TWI_BUFFER_LENGTH) {    // while buffer not full, write to it
 238:	a2 89       	ldd	r26, Z+18	; 0x12
 23a:	a0 32       	cpi	r26, 0x20	; 32
 23c:	58 f4       	brcc	.+22     	; 0x254 <TwoWire::write(unsigned char)+0x1e>
/home/tangles/.arduino15/packages/megaTinyCore/hardware/megaavr/2.6.12/libraries/Wire/src/Wire.cpp:945
    txBuffer[(*txHead)] = data;             // Load data into the buffer
 23e:	a8 0f       	add	r26, r24
 240:	b9 2f       	mov	r27, r25
 242:	b1 1d       	adc	r27, r1
 244:	55 96       	adiw	r26, 0x15	; 21
 246:	6c 93       	st	X, r22
/home/tangles/.arduino15/packages/megaTinyCore/hardware/megaavr/2.6.12/libraries/Wire/src/Wire.cpp:946
    (*txHead)++;                            // advancing the head
 248:	82 89       	ldd	r24, Z+18	; 0x12
 24a:	8f 5f       	subi	r24, 0xFF	; 255
 24c:	82 8b       	std	Z+18, r24	; 0x12
/home/tangles/.arduino15/packages/megaTinyCore/hardware/megaavr/2.6.12/libraries/Wire/src/Wire.cpp:947
    return 1;
 24e:	81 e0       	ldi	r24, 0x01	; 1
 250:	90 e0       	ldi	r25, 0x00	; 0
 252:	08 95       	ret
/home/tangles/.arduino15/packages/megaTinyCore/hardware/megaavr/2.6.12/libraries/Wire/src/Wire.cpp:949
  } else {
    return 0;
 254:	90 e0       	ldi	r25, 0x00	; 0
 256:	80 e0       	ldi	r24, 0x00	; 0
/home/tangles/.arduino15/packages/megaTinyCore/hardware/megaavr/2.6.12/libraries/Wire/src/Wire.cpp:951
  }
}
 258:	08 95       	ret

0000025a <TwoWire::write(unsigned char const*, unsigned int)>:
/home/tangles/.arduino15/packages/megaTinyCore/hardware/megaavr/2.6.12/libraries/Wire/src/Wire.cpp:966
 *
 *
 *@return     uint8_t
 *@retval     amount of bytes copied
 */
size_t TwoWire::write(const uint8_t *data, size_t quantity) {
 25a:	bf 92       	push	r11
 25c:	cf 92       	push	r12
 25e:	df 92       	push	r13
 260:	ef 92       	push	r14
 262:	ff 92       	push	r15
 264:	0f 93       	push	r16
 266:	1f 93       	push	r17
 268:	cf 93       	push	r28
 26a:	df 93       	push	r29
 26c:	7c 01       	movw	r14, r24
 26e:	6a 01       	movw	r12, r20
 270:	b6 2e       	mov	r11, r22
 272:	eb 01       	movw	r28, r22
/home/tangles/.arduino15/packages/megaTinyCore/hardware/megaavr/2.6.12/libraries/Wire/src/Wire.cpp:968
  twi_buf_index_t i = 0;
  for (; i < quantity; i++) {
 274:	0c 2f       	mov	r16, r28
 276:	0b 19       	sub	r16, r11
 278:	10 e0       	ldi	r17, 0x00	; 0
 27a:	0c 15       	cp	r16, r12
 27c:	1d 05       	cpc	r17, r13
 27e:	28 f4       	brcc	.+10     	; 0x28a <TwoWire::write(unsigned char const*, unsigned int)+0x30>
/home/tangles/.arduino15/packages/megaTinyCore/hardware/megaavr/2.6.12/libraries/Wire/src/Wire.cpp:969
    if (TwoWire::write(*(data++)) == 0)
 280:	69 91       	ld	r22, Y+
 282:	c7 01       	movw	r24, r14
 284:	d8 df       	rcall	.-80     	; 0x236 <TwoWire::write(unsigned char)>
 286:	89 2b       	or	r24, r25
 288:	a9 f7       	brne	.-22     	; 0x274 <TwoWire::write(unsigned char const*, unsigned int)+0x1a>
/home/tangles/.arduino15/packages/megaTinyCore/hardware/megaavr/2.6.12/libraries/Wire/src/Wire.cpp:974
      break;   // break if buffer full
  }

  return i;
}
 28a:	c8 01       	movw	r24, r16
 28c:	df 91       	pop	r29
 28e:	cf 91       	pop	r28
 290:	1f 91       	pop	r17
 292:	0f 91       	pop	r16
 294:	ff 90       	pop	r15
 296:	ef 90       	pop	r14
 298:	df 90       	pop	r13
 29a:	cf 90       	pop	r12
 29c:	bf 90       	pop	r11
 29e:	08 95       	ret

000002a0 <Print::availableForWrite()>:
availableForWrite():
/home/tangles/.arduino15/packages/megaTinyCore/hardware/megaavr/2.6.12/cores/megatinycore/api/Print.h:65
      return write((const uint8_t *)buffer, size);
    }

    // default to zero, meaning "a single write may block"
    // should be overridden by subclasses with buffering
    virtual int availableForWrite() { return 0; }
 2a0:	90 e0       	ldi	r25, 0x00	; 0
 2a2:	80 e0       	ldi	r24, 0x00	; 0
 2a4:	08 95       	ret

000002a6 <setBatteryLedsOff()>:
digitalWriteFast():
/home/tangles/.arduino15/packages/megaTinyCore/hardware/megaavr/2.6.12/cores/megatinycore/wiring_digital.c:339
  if (val == LOW)
    vport->OUT &= ~mask;
  else if (val == CHANGE)
    vport->IN |= mask;
  else // HIGH
    vport->OUT |= mask;
 2a6:	0c 9a       	sbi	0x01, 4	; 1
 2a8:	29 9a       	sbi	0x05, 1	; 5
 2aa:	28 9a       	sbi	0x05, 0	; 5
setBatteryLedsOff():
/media/nvme_raid0/mPC/cyberdeck-scout/Firmware/bms-tiny404/bms-tiny404.ino:280
#if !DEBUG
  digitalWriteFast(BATT_LEVEL2_LED_PIN, HIGH);
#endif
  digitalWriteFast(BATT_LEVEL3_LED_PIN, HIGH);
  digitalWriteFast(BATT_LEVEL4_LED_PIN, HIGH);
}
 2ac:	08 95       	ret

000002ae <releaseCm5SoftPower()>:
digitalWriteFast():
/home/tangles/.arduino15/packages/megaTinyCore/hardware/megaavr/2.6.12/cores/megatinycore/wiring_digital.c:339
 2ae:	0f 9a       	sbi	0x01, 7	; 1
pinModeFast():
/home/tangles/.arduino15/packages/megaTinyCore/hardware/megaavr/2.6.12/cores/megatinycore/wiring_digital.c:445
  vport = (VPORT_t *)(port * 4);
  volatile uint8_t *pin_ctrl = (volatile uint8_t *) (0x410 + digital_pin_to_port[pin] * 0x20 + digital_pin_to_bit_position[pin]);
  if (mode == OUTPUT)// || mode == OUTPUT_PULLUP)
    vport->DIR |= mask;
  else
    vport->DIR &= ~mask;
 2b0:	07 98       	cbi	0x00, 7	; 0
/home/tangles/.arduino15/packages/megaTinyCore/hardware/megaavr/2.6.12/cores/megatinycore/wiring_digital.c:448
    // 1 clock to set direction
  if (mode == INPUT_PULLUP)
    *pin_ctrl |= PORT_PULLUPEN_bm;
 2b2:	e7 e1       	ldi	r30, 0x17	; 23
 2b4:	f4 e0       	ldi	r31, 0x04	; 4
 2b6:	80 81       	ld	r24, Z
 2b8:	88 60       	ori	r24, 0x08	; 8
 2ba:	80 83       	st	Z, r24
releaseCm5SoftPower():
/media/nvme_raid0/mPC/cyberdeck-scout/Firmware/bms-tiny404/bms-tiny404.ino:271
}

static void releaseCm5SoftPower() {
  digitalWriteFast(CM5_SOFT_PWR_OUT, HIGH);
  pinModeFast(CM5_SOFT_PWR_OUT, INPUT_PULLUP);
}
 2bc:	08 95       	ret

000002be <releasePowerControl()>:
digitalWriteFast():
/home/tangles/.arduino15/packages/megaTinyCore/hardware/megaavr/2.6.12/cores/megatinycore/wiring_digital.c:339
  if (val == LOW)
    vport->OUT &= ~mask;
  else if (val == CHANGE)
    vport->IN |= mask;
  else // HIGH
    vport->OUT |= mask;
 2be:	0b 9a       	sbi	0x01, 3	; 1
pinModeFast():
/home/tangles/.arduino15/packages/megaTinyCore/hardware/megaavr/2.6.12/cores/megatinycore/wiring_digital.c:445
  vport = (VPORT_t *)(port * 4);
  volatile uint8_t *pin_ctrl = (volatile uint8_t *) (0x410 + digital_pin_to_port[pin] * 0x20 + digital_pin_to_bit_position[pin]);
  if (mode == OUTPUT)// || mode == OUTPUT_PULLUP)
    vport->DIR |= mask;
  else
    vport->DIR &= ~mask;
 2c0:	03 98       	cbi	0x00, 3	; 0
/home/tangles/.arduino15/packages/megaTinyCore/hardware/megaavr/2.6.12/cores/megatinycore/wiring_digital.c:448
    // 1 clock to set direction
  if (mode == INPUT_PULLUP)
    *pin_ctrl |= PORT_PULLUPEN_bm;
 2c2:	e3 e1       	ldi	r30, 0x13	; 19
 2c4:	f4 e0       	ldi	r31, 0x04	; 4
 2c6:	80 81       	ld	r24, Z
 2c8:	88 60       	ori	r24, 0x08	; 8
 2ca:	80 83       	st	Z, r24
releasePowerControl():
/media/nvme_raid0/mPC/cyberdeck-scout/Firmware/bms-tiny404/bms-tiny404.ino:266
}

static void releasePowerControl() {
  digitalWriteFast(PWR_CONTROL_PIN, HIGH);
  pinModeFast(PWR_CONTROL_PIN, INPUT_PULLUP);
}
 2cc:	08 95       	ret

000002ce <debugChar(char)>:
debugChar():
/media/nvme_raid0/mPC/cyberdeck-scout/Firmware/bms-tiny404/bms-tiny404.ino:122
  USART0.CTRLC = USART_CHSIZE_8BIT_gc;
  USART0.CTRLB = USART_TXEN_bm;
}

static void debugChar(char c) {
  while (!(USART0.STATUS & USART_DREIF_bm)) {}
 2ce:	90 91 04 08 	lds	r25, 0x0804	; 0x800804 <digital_pin_to_bit_mask+0x7f7814>
 2d2:	95 ff       	sbrs	r25, 5
 2d4:	fc cf       	rjmp	.-8      	; 0x2ce <debugChar(char)>
/media/nvme_raid0/mPC/cyberdeck-scout/Firmware/bms-tiny404/bms-tiny404.ino:123
  USART0.TXDATAL = c;
 2d6:	80 93 02 08 	sts	0x0802, r24	; 0x800802 <digital_pin_to_bit_mask+0x7f7812>
/media/nvme_raid0/mPC/cyberdeck-scout/Firmware/bms-tiny404/bms-tiny404.ino:124
}
 2da:	08 95       	ret

000002dc <debugNl()>:
debugNl():
/media/nvme_raid0/mPC/cyberdeck-scout/Firmware/bms-tiny404/bms-tiny404.ino:139
    debugChar(buf[--i]);
  }
}

static void debugNl() {
  debugChar('\n');
 2dc:	8a e0       	ldi	r24, 0x0A	; 10
 2de:	f7 cf       	rjmp	.-18     	; 0x2ce <debugChar(char)>

000002e0 <setDevicePower(bool) [clone .part.0]>:
_ZL14setDevicePowerb.part.0():
/media/nvme_raid0/mPC/cyberdeck-scout/Firmware/bms-tiny404/bms-tiny404.ino:296
    debugChar('1');
    debugNl();
    return;
  }

  releasePowerControl();
 2e0:	ee df       	rcall	.-36     	; 0x2be <releasePowerControl()>
/media/nvme_raid0/mPC/cyberdeck-scout/Firmware/bms-tiny404/bms-tiny404.ino:297
  releaseCm5SoftPower();
 2e2:	e5 df       	rcall	.-54     	; 0x2ae <releaseCm5SoftPower()>
/media/nvme_raid0/mPC/cyberdeck-scout/Firmware/bms-tiny404/bms-tiny404.ino:298
  setBatteryLedsOff();
 2e4:	e0 df       	rcall	.-64     	; 0x2a6 <setBatteryLedsOff()>
/media/nvme_raid0/mPC/cyberdeck-scout/Firmware/bms-tiny404/bms-tiny404.ino:299
  devicePowerOn = false;
 2e6:	10 92 1f 3f 	sts	0x3F1F, r1	; 0x803f1f <devicePowerOn>
/media/nvme_raid0/mPC/cyberdeck-scout/Firmware/bms-tiny404/bms-tiny404.ino:300
  debugChar('P');
 2ea:	80 e5       	ldi	r24, 0x50	; 80
 2ec:	f0 df       	rcall	.-32     	; 0x2ce <debugChar(char)>
/media/nvme_raid0/mPC/cyberdeck-scout/Firmware/bms-tiny404/bms-tiny404.ino:301
  debugChar('0');
 2ee:	80 e3       	ldi	r24, 0x30	; 48
 2f0:	ee df       	rcall	.-36     	; 0x2ce <debugChar(char)>
/media/nvme_raid0/mPC/cyberdeck-scout/Firmware/bms-tiny404/bms-tiny404.ino:302
  debugNl();
 2f2:	f4 cf       	rjmp	.-24     	; 0x2dc <debugNl()>

000002f4 <debugUint(unsigned int)>:
debugUint():
/media/nvme_raid0/mPC/cyberdeck-scout/Firmware/bms-tiny404/bms-tiny404.ino:126
static void debugChar(char c) {
  while (!(USART0.STATUS & USART_DREIF_bm)) {}
  USART0.TXDATAL = c;
}

static void debugUint(uint16_t value) {
 2f4:	1f 93       	push	r17
 2f6:	cf 93       	push	r28
 2f8:	df 93       	push	r29
 2fa:	cd b7       	in	r28, 0x3d	; 61
 2fc:	de b7       	in	r29, 0x3e	; 62
 2fe:	25 97       	sbiw	r28, 0x05	; 5
 300:	cd bf       	out	0x3d, r28	; 61
 302:	de bf       	out	0x3e, r29	; 62
/media/nvme_raid0/mPC/cyberdeck-scout/Firmware/bms-tiny404/bms-tiny404.ino:128
  char buf[5];
  uint8_t i = 0;
 304:	e0 e0       	ldi	r30, 0x00	; 0
/media/nvme_raid0/mPC/cyberdeck-scout/Firmware/bms-tiny404/bms-tiny404.ino:130
  do {
    buf[i++] = (char)('0' + value % 10);
 306:	2a e0       	ldi	r18, 0x0A	; 10
 308:	30 e0       	ldi	r19, 0x00	; 0
 30a:	11 e0       	ldi	r17, 0x01	; 1
 30c:	1e 0f       	add	r17, r30
 30e:	41 e0       	ldi	r20, 0x01	; 1
 310:	50 e0       	ldi	r21, 0x00	; 0
 312:	4c 0f       	add	r20, r28
 314:	5d 1f       	adc	r21, r29
 316:	4e 0f       	add	r20, r30
 318:	51 1d       	adc	r21, r1
 31a:	fa 01       	movw	r30, r20
 31c:	b9 01       	movw	r22, r18
 31e:	31 d6       	rcall	.+3170   	; 0xf82 <__udivmodhi4>
 320:	80 5d       	subi	r24, 0xD0	; 208
 322:	80 83       	st	Z, r24
/media/nvme_raid0/mPC/cyberdeck-scout/Firmware/bms-tiny404/bms-tiny404.ino:131
    value /= 10;
 324:	cb 01       	movw	r24, r22
/media/nvme_raid0/mPC/cyberdeck-scout/Firmware/bms-tiny404/bms-tiny404.ino:130

static void debugUint(uint16_t value) {
  char buf[5];
  uint8_t i = 0;
  do {
    buf[i++] = (char)('0' + value % 10);
 326:	e1 2f       	mov	r30, r17
/media/nvme_raid0/mPC/cyberdeck-scout/Firmware/bms-tiny404/bms-tiny404.ino:132
    value /= 10;
  } while (value != 0);
 328:	00 97       	sbiw	r24, 0x00	; 0
 32a:	79 f7       	brne	.-34     	; 0x30a <debugUint(unsigned int)+0x16>
/media/nvme_raid0/mPC/cyberdeck-scout/Firmware/bms-tiny404/bms-tiny404.ino:133
  while (i != 0) {
 32c:	11 23       	and	r17, r17
 32e:	51 f0       	breq	.+20     	; 0x344 <debugUint(unsigned int)+0x50>
/media/nvme_raid0/mPC/cyberdeck-scout/Firmware/bms-tiny404/bms-tiny404.ino:134
    debugChar(buf[--i]);
 330:	11 50       	subi	r17, 0x01	; 1
 332:	e1 e0       	ldi	r30, 0x01	; 1
 334:	f0 e0       	ldi	r31, 0x00	; 0
 336:	ec 0f       	add	r30, r28
 338:	fd 1f       	adc	r31, r29
 33a:	e1 0f       	add	r30, r17
 33c:	f1 1d       	adc	r31, r1
 33e:	80 81       	ld	r24, Z
 340:	c6 df       	rcall	.-116    	; 0x2ce <debugChar(char)>
 342:	f4 cf       	rjmp	.-24     	; 0x32c <debugUint(unsigned int)+0x38>
/media/nvme_raid0/mPC/cyberdeck-scout/Firmware/bms-tiny404/bms-tiny404.ino:136
  }
}
 344:	25 96       	adiw	r28, 0x05	; 5
 346:	cd bf       	out	0x3d, r28	; 61
 348:	de bf       	out	0x3e, r29	; 62
 34a:	df 91       	pop	r29
 34c:	cf 91       	pop	r28
 34e:	1f 91       	pop	r17
 350:	08 95       	ret

00000352 <digitalWrite>:
digitalWrite():
/home/tangles/.arduino15/packages/megaTinyCore/hardware/megaavr/2.6.12/cores/megatinycore/wiring_digital.c:241
    default:
      break;
  }
}

void digitalWrite(uint8_t pin, uint8_t val) {
 352:	cf 93       	push	r28
 354:	df 93       	push	r29
check_valid_digital_pin():
/home/tangles/.arduino15/packages/megaTinyCore/hardware/megaavr/2.6.12/cores/megatinycore/Arduino.h:888
#if !defined(NUM_TOTAL_PINS)
  #define NUM_TOTAL_PINS                (NUM_DIGITAL_PINS) /* Used the same way as NUM_DIGITAL_PINS. so it doesn't mean what it's named  - I didn't make the convention*/
#endif

inline __attribute__((always_inline)) void check_valid_digital_pin(pin_size_t pin) {
  if (__builtin_constant_p(pin)) {
 356:	28 2f       	mov	r18, r24
 358:	30 e0       	ldi	r19, 0x00	; 0
digitalWrite():
/home/tangles/.arduino15/packages/megaTinyCore/hardware/megaavr/2.6.12/cores/megatinycore/wiring_digital.c:244
  check_valid_digital_pin(pin);
  /* Get bit mask for pin */
  uint8_t bit_mask = digitalPinToBitMask(pin);
 35a:	e9 01       	movw	r28, r18
 35c:	c0 51       	subi	r28, 0x10	; 16
 35e:	d0 47       	sbci	r29, 0x70	; 112
 360:	88 81       	ld	r24, Y
/home/tangles/.arduino15/packages/megaTinyCore/hardware/megaavr/2.6.12/cores/megatinycore/wiring_digital.c:245
  if (bit_mask == NOT_A_PIN) {
 362:	8f 3f       	cpi	r24, 0xFF	; 255
 364:	09 f4       	brne	.+2      	; 0x368 <digitalWrite+0x16>
 366:	3b c0       	rjmp	.+118    	; 0x3de <digitalWrite+0x8c>
/home/tangles/.arduino15/packages/megaTinyCore/hardware/megaavr/2.6.12/cores/megatinycore/wiring_digital.c:250
    return;
  }

  /* Get port */
  PORT_t *port = digitalPinToPortStruct(pin);
 368:	a9 01       	movw	r20, r18
 36a:	4c 51       	subi	r20, 0x1C	; 28
 36c:	50 47       	sbci	r21, 0x70	; 112
 36e:	da 01       	movw	r26, r20
 370:	ec 91       	ld	r30, X
 372:	b0 e2       	ldi	r27, 0x20	; 32
 374:	eb 9f       	mul	r30, r27
 376:	f0 01       	movw	r30, r0
 378:	11 24       	eor	r1, r1
 37a:	fc 5f       	subi	r31, 0xFC	; 252
/home/tangles/.arduino15/packages/megaTinyCore/hardware/megaavr/2.6.12/cores/megatinycore/wiring_digital.c:255
  /* Set output to value
  This runs regardless of whether the pin is an output,
  allowing the pin to be staged with
  changed to an output. Code in the wild relies on this behavior. */
  if (val == LOW) { /* If LOW */
 37c:	61 11       	cpse	r22, r1
 37e:	32 c0       	rjmp	.+100    	; 0x3e4 <digitalWrite+0x92>
/home/tangles/.arduino15/packages/megaTinyCore/hardware/megaavr/2.6.12/cores/megatinycore/wiring_digital.c:256
    port->OUTCLR = bit_mask;
 380:	86 83       	std	Z+6, r24	; 0x06
/home/tangles/.arduino15/packages/megaTinyCore/hardware/megaavr/2.6.12/cores/megatinycore/wiring_digital.c:280
  } else {
    port->OUTSET = bit_mask;
  }

  /* Input direction */
  if (!(port->DIR & bit_mask)) {
 382:	90 81       	ld	r25, Z
 384:	89 23       	and	r24, r25
 386:	a1 f4       	brne	.+40     	; 0x3b0 <digitalWrite+0x5e>
/home/tangles/.arduino15/packages/megaTinyCore/hardware/megaavr/2.6.12/cores/megatinycore/wiring_digital.c:282
    /* Get bit position for getting pin ctrl reg */
    uint8_t bit_pos = digitalPinToBitPosition(pin);
 388:	c9 01       	movw	r24, r18
 38a:	88 52       	subi	r24, 0x28	; 40
 38c:	90 47       	sbci	r25, 0x70	; 112
 38e:	dc 01       	movw	r26, r24
 390:	9c 91       	ld	r25, X
/home/tangles/.arduino15/packages/megaTinyCore/hardware/megaavr/2.6.12/cores/megatinycore/wiring_digital.c:284
    /* Calculate where pin control register is */
    volatile uint8_t *pin_ctrl_reg = getPINnCTRLregister(port, bit_pos);
 392:	30 97       	sbiw	r30, 0x00	; 0
 394:	49 f1       	breq	.+82     	; 0x3e8 <digitalWrite+0x96>
 396:	98 30       	cpi	r25, 0x08	; 8
 398:	38 f5       	brcc	.+78     	; 0x3e8 <digitalWrite+0x96>
 39a:	70 96       	adiw	r30, 0x10	; 16
 39c:	e9 0f       	add	r30, r25
 39e:	f1 1d       	adc	r31, r1
/home/tangles/.arduino15/packages/megaTinyCore/hardware/megaavr/2.6.12/cores/megatinycore/wiring_digital.c:287

    /* Save system status and disable interrupts */
    uint8_t status = SREG;
 3a0:	9f b7       	in	r25, 0x3f	; 63
/home/tangles/.arduino15/packages/megaTinyCore/hardware/megaavr/2.6.12/cores/megatinycore/wiring_digital.c:288
    cli();
 3a2:	f8 94       	cli
/home/tangles/.arduino15/packages/megaTinyCore/hardware/megaavr/2.6.12/cores/megatinycore/wiring_digital.c:292

    if (val == LOW) {
      /* Disable pullup */
      *pin_ctrl_reg &= ~PORT_PULLUPEN_bm;
 3a4:	80 81       	ld	r24, Z
/home/tangles/.arduino15/packages/megaTinyCore/hardware/megaavr/2.6.12/cores/megatinycore/wiring_digital.c:290

    /* Save system status and disable interrupts */
    uint8_t status = SREG;
    cli();

    if (val == LOW) {
 3a6:	61 11       	cpse	r22, r1
 3a8:	22 c0       	rjmp	.+68     	; 0x3ee <digitalWrite+0x9c>
/home/tangles/.arduino15/packages/megaTinyCore/hardware/megaavr/2.6.12/cores/megatinycore/wiring_digital.c:292
      /* Disable pullup */
      *pin_ctrl_reg &= ~PORT_PULLUPEN_bm;
 3aa:	87 7f       	andi	r24, 0xF7	; 247
/home/tangles/.arduino15/packages/megaTinyCore/hardware/megaavr/2.6.12/cores/megatinycore/wiring_digital.c:295
    } else {
      /* Enable pull-up */
      *pin_ctrl_reg |= PORT_PULLUPEN_bm;
 3ac:	80 83       	st	Z, r24
/home/tangles/.arduino15/packages/megaTinyCore/hardware/megaavr/2.6.12/cores/megatinycore/wiring_digital.c:299
    }

    /* Restore system status */
    SREG = status;
 3ae:	9f bf       	out	0x3f, r25	; 63
turnOffPWM():
/home/tangles/.arduino15/packages/megaTinyCore/hardware/megaavr/2.6.12/cores/megatinycore/wiring_digital.c:107
   * any timers with minimum overhead - critical on these parts
   * Since nothing that will show up here can have more than one
   * one bit set, binary and will give 0x00 if that bit is cleared
   * which is NOT_ON_TIMER.
   */
  uint8_t digital_pin_timer =  digitalPinToTimer(pin) & __PeripheralControl;
 3b0:	24 53       	subi	r18, 0x34	; 52
 3b2:	30 47       	sbci	r19, 0x70	; 112
 3b4:	f9 01       	movw	r30, r18
 3b6:	80 81       	ld	r24, Z
/home/tangles/.arduino15/packages/megaTinyCore/hardware/megaavr/2.6.12/cores/megatinycore/wiring_digital.c:109
  /* end megaTinyCore-specific section */
  if (digital_pin_timer== NOT_ON_TIMER) {
 3b8:	88 23       	and	r24, r24
 3ba:	89 f0       	breq	.+34     	; 0x3de <digitalWrite+0x8c>
/home/tangles/.arduino15/packages/megaTinyCore/hardware/megaavr/2.6.12/cores/megatinycore/wiring_digital.c:116
  }

  uint8_t bit_mask = digitalPinToBitMask(pin);
  // TCB_t *timerB;

  switch (digital_pin_timer) {
 3bc:	80 31       	cpi	r24, 0x10	; 16
 3be:	79 f4       	brne	.+30     	; 0x3de <digitalWrite+0x8c>
/home/tangles/.arduino15/packages/megaTinyCore/hardware/megaavr/2.6.12/cores/megatinycore/wiring_digital.c:113
  /* end megaTinyCore-specific section */
  if (digital_pin_timer== NOT_ON_TIMER) {
    return;
  }

  uint8_t bit_mask = digitalPinToBitMask(pin);
 3c0:	88 81       	ld	r24, Y
/home/tangles/.arduino15/packages/megaTinyCore/hardware/megaavr/2.6.12/cores/megatinycore/wiring_digital.c:132
          }
          if (bit_mask > 0x04) {  // -> bit_pos > 2 -> output channel controlled by HCMP
            bit_mask <<= 1;       // mind the gap (between LCMP and HCMP)
          }
        #else // Normal parts
          if (digitalPinToPort(pin) == PB) {        // WO0-WO2, Bitmask has one of these bits 1: 0b00hhhlll.
 3c2:	da 01       	movw	r26, r20
 3c4:	9c 91       	ld	r25, X
 3c6:	91 30       	cpi	r25, 0x01	; 1
 3c8:	a1 f4       	brne	.+40     	; 0x3f2 <digitalWrite+0xa0>
/home/tangles/.arduino15/packages/megaTinyCore/hardware/megaavr/2.6.12/cores/megatinycore/wiring_digital.c:133
            if (bit_mask > 0x04) { // Is it one of the three high ones? If so
 3ca:	85 30       	cpi	r24, 0x05	; 5
 3cc:	10 f0       	brcs	.+4      	; 0x3d2 <digitalWrite+0x80>
/home/tangles/.arduino15/packages/megaTinyCore/hardware/megaavr/2.6.12/cores/megatinycore/wiring_digital.c:134
              bit_mask <<= 1;      // nudge it 1 place left swap nybbles since that's 1 clock faster than 3 rightshifts.
 3ce:	88 0f       	add	r24, r24
/home/tangles/.arduino15/packages/megaTinyCore/hardware/megaavr/2.6.12/cores/megatinycore/wiring_digital.c:135
              _SWAP(bit_mask);     // swap nybbles since that's 1 clock faster than 3 rightshifts.
 3d0:	82 95       	swap	r24
/home/tangles/.arduino15/packages/megaTinyCore/hardware/megaavr/2.6.12/cores/megatinycore/wiring_digital.c:142
          } else {
            // Otherwise, it's WO3-5. These will always be on 0b00hhh000,. Here since we ARE working with a high half timer, we need to just leftshift it once.
            bit_mask <<= 1;
          }
        #endif // End if 8 vs normal parts
        TCA0.SPLIT.CTRLB &= ~bit_mask;
 3d2:	90 91 01 0a 	lds	r25, 0x0A01	; 0x800a01 <digital_pin_to_bit_mask+0x7f7a11>
 3d6:	80 95       	com	r24
 3d8:	89 23       	and	r24, r25
 3da:	80 93 01 0a 	sts	0x0A01, r24	; 0x800a01 <digital_pin_to_bit_mask+0x7f7a11>
digitalWrite():
/home/tangles/.arduino15/packages/megaTinyCore/hardware/megaavr/2.6.12/cores/megatinycore/wiring_digital.c:312
   * analogWritten() 255, then digitallyWritten() to HIGH, which
   * would turn it off for the time between turnOffPWM() and
   * PORT->OUTCLR)
   * Since there's no penalty, why make a glitch we don't have to? */
  turnOffPWM(pin);
}
 3de:	df 91       	pop	r29
 3e0:	cf 91       	pop	r28
 3e2:	08 95       	ret
/home/tangles/.arduino15/packages/megaTinyCore/hardware/megaavr/2.6.12/cores/megatinycore/wiring_digital.c:276
    // val will now be 0 (LOW) if the toggling made it LOW
    // or bit_mask if not. And further down, we only need to
    // know if it's
  /* If HIGH OR  > TOGGLE  */
  } else {
    port->OUTSET = bit_mask;
 3e4:	85 83       	std	Z+5, r24	; 0x05
 3e6:	cd cf       	rjmp	.-102    	; 0x382 <digitalWrite+0x30>
/home/tangles/.arduino15/packages/megaTinyCore/hardware/megaavr/2.6.12/cores/megatinycore/wiring_digital.c:284
  /* Input direction */
  if (!(port->DIR & bit_mask)) {
    /* Get bit position for getting pin ctrl reg */
    uint8_t bit_pos = digitalPinToBitPosition(pin);
    /* Calculate where pin control register is */
    volatile uint8_t *pin_ctrl_reg = getPINnCTRLregister(port, bit_pos);
 3e8:	f0 e0       	ldi	r31, 0x00	; 0
 3ea:	e0 e0       	ldi	r30, 0x00	; 0
 3ec:	d9 cf       	rjmp	.-78     	; 0x3a0 <digitalWrite+0x4e>
/home/tangles/.arduino15/packages/megaTinyCore/hardware/megaavr/2.6.12/cores/megatinycore/wiring_digital.c:295
    if (val == LOW) {
      /* Disable pullup */
      *pin_ctrl_reg &= ~PORT_PULLUPEN_bm;
    } else {
      /* Enable pull-up */
      *pin_ctrl_reg |= PORT_PULLUPEN_bm;
 3ee:	88 60       	ori	r24, 0x08	; 8
 3f0:	dd cf       	rjmp	.-70     	; 0x3ac <digitalWrite+0x5a>
turnOffPWM():
/home/tangles/.arduino15/packages/megaTinyCore/hardware/megaavr/2.6.12/cores/megatinycore/wiring_digital.c:139
              bit_mask <<= 1;      // nudge it 1 place left swap nybbles since that's 1 clock faster than 3 rightshifts.
              _SWAP(bit_mask);     // swap nybbles since that's 1 clock faster than 3 rightshifts.
            }
          } else {
            // Otherwise, it's WO3-5. These will always be on 0b00hhh000,. Here since we ARE working with a high half timer, we need to just leftshift it once.
            bit_mask <<= 1;
 3f2:	88 0f       	add	r24, r24
 3f4:	ee cf       	rjmp	.-36     	; 0x3d2 <digitalWrite+0x80>

000003f6 <analogWrite>:
analogWrite():
/home/tangles/.arduino15/packages/megaTinyCore/hardware/megaavr/2.6.12/cores/megatinycore/wiring_analog.c:1110
  /*****************************************************
   END 0/1-series analogRead/analogReadXxxx functions
  *****************************************************/
#endif

void analogWrite(uint8_t pin, int val) {
 3f6:	0f 93       	push	r16
 3f8:	1f 93       	push	r17
 3fa:	cf 93       	push	r28
 3fc:	df 93       	push	r29
check_valid_digital_pin():
/home/tangles/.arduino15/packages/megaTinyCore/hardware/megaavr/2.6.12/cores/megatinycore/Arduino.h:888
 3fe:	c8 2f       	mov	r28, r24
 400:	d0 e0       	ldi	r29, 0x00	; 0
analogWrite():
/home/tangles/.arduino15/packages/megaTinyCore/hardware/megaavr/2.6.12/cores/megatinycore/wiring_analog.c:1113
  check_valid_digital_pin(pin);
  check_valid_duty_cycle(val);
  uint8_t bit_mask = digitalPinToBitMask(pin);
 402:	8e 01       	movw	r16, r28
 404:	00 51       	subi	r16, 0x10	; 16
 406:	10 47       	sbci	r17, 0x70	; 112
 408:	f8 01       	movw	r30, r16
 40a:	90 81       	ld	r25, Z
/home/tangles/.arduino15/packages/megaTinyCore/hardware/megaavr/2.6.12/cores/megatinycore/wiring_analog.c:1114
  if (bit_mask == NOT_A_PIN) {
 40c:	9f 3f       	cpi	r25, 0xFF	; 255
 40e:	11 f1       	breq	.+68     	; 0x454 <__LOCK_REGION_LENGTH__+0x54>
/home/tangles/.arduino15/packages/megaTinyCore/hardware/megaavr/2.6.12/cores/megatinycore/wiring_analog.c:1133
   * any timers with minimum overhead - critical on these parts
   * Since nothing that will show up here can have more than one
   * one bit set, binary and will give 0x00 if that bit is cleared
   * which is NOT_ON_TIMER.
   */
  uint8_t digital_pin_timer =  digitalPinToTimer(pin) & __PeripheralControl;
 410:	fe 01       	movw	r30, r28
 412:	e4 53       	subi	r30, 0x34	; 52
 414:	f0 47       	sbci	r31, 0x70	; 112
/home/tangles/.arduino15/packages/megaTinyCore/hardware/megaavr/2.6.12/cores/megatinycore/wiring_analog.c:1136
  /* end megaTinyCore-specific section */
  /* Find out Port and Pin to correctly handle port mux, and timer. */
    switch (digital_pin_timer) {
 416:	20 81       	ld	r18, Z
 418:	20 31       	cpi	r18, 0x10	; 16
 41a:	09 f0       	breq	.+2      	; 0x41e <__LOCK_REGION_LENGTH__+0x1e>
 41c:	44 c0       	rjmp	.+136    	; 0x4a6 <__LOCK_REGION_LENGTH__+0xa6>
/home/tangles/.arduino15/packages/megaTinyCore/hardware/megaavr/2.6.12/cores/megatinycore/wiring_analog.c:1143
/**********************************************************************
* PART 1: TIMERA
**********************************************************************/
    #if defined(TCA0)
      case TIMERA0: {
        if (val <= 0) { /* if zero or negative drive digital low */
 41e:	61 15       	cp	r22, r1
 420:	71 05       	cpc	r23, r1
 422:	e9 f4       	brne	.+58     	; 0x45e <__LOCK_REGION_LENGTH__+0x5e>
/home/tangles/.arduino15/packages/megaTinyCore/hardware/megaavr/2.6.12/cores/megatinycore/wiring_analog.c:1144
          digitalWrite(pin, LOW);
 424:	60 e0       	ldi	r22, 0x00	; 0
/home/tangles/.arduino15/packages/megaTinyCore/hardware/megaavr/2.6.12/cores/megatinycore/wiring_analog.c:1146
        } else if (val >= 255) { /* if max or greater drive digital high */
          digitalWrite(pin, HIGH);
 426:	95 df       	rcall	.-214    	; 0x352 <digitalWrite>
pinMode():
/home/tangles/.arduino15/packages/megaTinyCore/hardware/megaavr/2.6.12/cores/megatinycore/wiring_digital.c:44
}

void pinMode(uint8_t pin, uint8_t mode) {
  check_valid_digital_pin(pin);         /* generate compile error if a constant that is not a valid pin is used as the pin */
  check_valid_pin_mode(mode);           /* generate compile error if a constant that is not a valid pin mode is used as the mode */
  uint8_t bit_mask = digitalPinToBitMask(pin);
 428:	f8 01       	movw	r30, r16
 42a:	80 81       	ld	r24, Z
/home/tangles/.arduino15/packages/megaTinyCore/hardware/megaavr/2.6.12/cores/megatinycore/wiring_digital.c:45
  if ((bit_mask == NOT_A_PIN) || (mode > INPUT_PULLUP)) {
 42c:	8f 3f       	cpi	r24, 0xFF	; 255
 42e:	91 f0       	breq	.+36     	; 0x454 <__LOCK_REGION_LENGTH__+0x54>
/home/tangles/.arduino15/packages/megaTinyCore/hardware/megaavr/2.6.12/cores/megatinycore/wiring_digital.c:48
    return;                             /* ignore invalid pins passed at runtime */
  }
  volatile uint8_t * port_base = (volatile uint8_t *) (uint16_t) ((&PORTA) + digitalPinToPort(pin));
 430:	fe 01       	movw	r30, r28
 432:	ec 51       	subi	r30, 0x1C	; 28
 434:	f0 47       	sbci	r31, 0x70	; 112
 436:	e0 81       	ld	r30, Z
 438:	90 e2       	ldi	r25, 0x20	; 32
 43a:	e9 9f       	mul	r30, r25
 43c:	f0 01       	movw	r30, r0
 43e:	11 24       	eor	r1, r1
 440:	fc 5f       	subi	r31, 0xFC	; 252
/home/tangles/.arduino15/packages/megaTinyCore/hardware/megaavr/2.6.12/cores/megatinycore/wiring_digital.c:51
  if (mode & 0x01) {
    // OUTPUT mode, so write DIRSET with the mask.
    *(port_base + 1) = bit_mask;
 442:	81 83       	std	Z+1, r24	; 0x01
/home/tangles/.arduino15/packages/megaTinyCore/hardware/megaavr/2.6.12/cores/megatinycore/wiring_digital.c:77
  // then load with displacement 2 clocks. IFF the compiler puts this pointer into Y or Z, it is faster and smaller
  // by 2 bytes and one clock. And let's hope it is, because the code above would suck too if it was in X.
  // Handwritten assembly that exploited the knowledge that there will never be a carry would save 1 word and 1 clock.
  // and could probably save at least several times that in initializing the port_base pointer. But if you're using
  // pinMode you probably don't care.
  port_base += (uint8_t) digitalPinToBitPosition(pin);
 444:	c8 52       	subi	r28, 0x28	; 40
 446:	d0 47       	sbci	r29, 0x70	; 112
 448:	88 81       	ld	r24, Y
 44a:	e8 0f       	add	r30, r24
 44c:	f1 1d       	adc	r31, r1
/home/tangles/.arduino15/packages/megaTinyCore/hardware/megaavr/2.6.12/cores/megatinycore/wiring_digital.c:78
  bit_mask = *(port_base + 0x10);
 44e:	80 89       	ldd	r24, Z+16	; 0x10
/home/tangles/.arduino15/packages/megaTinyCore/hardware/megaavr/2.6.12/cores/megatinycore/wiring_digital.c:82
  if (mode & 2) {
    bit_mask |= 0x08;
  } else {
    bit_mask &= 0xF7;
 450:	87 7f       	andi	r24, 0xF7	; 247
/home/tangles/.arduino15/packages/megaTinyCore/hardware/megaavr/2.6.12/cores/megatinycore/wiring_digital.c:84
  }
  *(port_base + 0x10) = bit_mask;
 452:	80 8b       	std	Z+16, r24	; 0x10
analogWrite():
/home/tangles/.arduino15/packages/megaTinyCore/hardware/megaavr/2.6.12/cores/megatinycore/wiring_analog.c:1355
    }
    // Now that everything is said and done, we've set the pin high or low as if it's not a PWM pin, or told the timer to give it PWM if it is - this is a better timwe to finally turn on the output drivers.
    // True, it is at most 1-2 PWM timer ticks under typical settings, it's probably at least 1 tick, maybe several at 1 MHz (haven't timed analogWrite lately)
  } // end of switch/case
  pinMode(pin, OUTPUT);
} // end of analogWrite
 454:	df 91       	pop	r29
 456:	cf 91       	pop	r28
 458:	1f 91       	pop	r17
 45a:	0f 91       	pop	r16
 45c:	08 95       	ret
/home/tangles/.arduino15/packages/megaTinyCore/hardware/megaavr/2.6.12/cores/megatinycore/wiring_analog.c:1145
**********************************************************************/
    #if defined(TCA0)
      case TIMERA0: {
        if (val <= 0) { /* if zero or negative drive digital low */
          digitalWrite(pin, LOW);
        } else if (val >= 255) { /* if max or greater drive digital high */
 45e:	6f 3f       	cpi	r22, 0xFF	; 255
 460:	71 05       	cpc	r23, r1
 462:	11 f4       	brne	.+4      	; 0x468 <__LOCK_REGION_LENGTH__+0x68>
/home/tangles/.arduino15/packages/megaTinyCore/hardware/megaavr/2.6.12/cores/megatinycore/wiring_analog.c:1146
          digitalWrite(pin, HIGH);
 464:	61 e0       	ldi	r22, 0x01	; 1
 466:	df cf       	rjmp	.-66     	; 0x426 <__LOCK_REGION_LENGTH__+0x26>
/home/tangles/.arduino15/packages/megaTinyCore/hardware/megaavr/2.6.12/cores/megatinycore/wiring_analog.c:1174
              if (bit_mask == 0x80) {
                bit_mask = 1;  // on the xy2, WO0 is on PA7
              }
            #endif
            uint8_t offset = 0;
              if (bit_mask > 0x04) { //if it's above pin 3 either it's on portb and should be lowered by 3, or it's not and needs to have an offset and be leftshifted
 468:	95 30       	cpi	r25, 0x05	; 5
 46a:	48 f0       	brcs	.+18     	; 0x47e <__LOCK_REGION_LENGTH__+0x7e>
/home/tangles/.arduino15/packages/megaTinyCore/hardware/megaavr/2.6.12/cores/megatinycore/wiring_analog.c:1175
                bit_mask <<= 1; // either wat leftshifting is thefirst step
 46c:	99 0f       	add	r25, r25
/home/tangles/.arduino15/packages/megaTinyCore/hardware/megaavr/2.6.12/cores/megatinycore/wiring_analog.c:1177

                if (digitalPinToPort(pin) == 1) {
 46e:	fe 01       	movw	r30, r28
 470:	ec 51       	subi	r30, 0x1C	; 28
 472:	f0 47       	sbci	r31, 0x70	; 112
 474:	80 81       	ld	r24, Z
/home/tangles/.arduino15/packages/megaTinyCore/hardware/megaavr/2.6.12/cores/megatinycore/wiring_analog.c:1180
                  _SWAP(bit_mask);
                } else {
                  offset = 1;
 476:	e1 e0       	ldi	r30, 0x01	; 1
/home/tangles/.arduino15/packages/megaTinyCore/hardware/megaavr/2.6.12/cores/megatinycore/wiring_analog.c:1177
            #endif
            uint8_t offset = 0;
              if (bit_mask > 0x04) { //if it's above pin 3 either it's on portb and should be lowered by 3, or it's not and needs to have an offset and be leftshifted
                bit_mask <<= 1; // either wat leftshifting is thefirst step

                if (digitalPinToPort(pin) == 1) {
 478:	81 30       	cpi	r24, 0x01	; 1
 47a:	11 f4       	brne	.+4      	; 0x480 <__LOCK_REGION_LENGTH__+0x80>
/home/tangles/.arduino15/packages/megaTinyCore/hardware/megaavr/2.6.12/cores/megatinycore/wiring_analog.c:1178
                  _SWAP(bit_mask);
 47c:	92 95       	swap	r25
/home/tangles/.arduino15/packages/megaTinyCore/hardware/megaavr/2.6.12/cores/megatinycore/wiring_analog.c:1173
            #ifdef __AVR_ATtinyxy2__
              if (bit_mask == 0x80) {
                bit_mask = 1;  // on the xy2, WO0 is on PA7
              }
            #endif
            uint8_t offset = 0;
 47e:	e0 e0       	ldi	r30, 0x00	; 0
/home/tangles/.arduino15/packages/megaTinyCore/hardware/megaavr/2.6.12/cores/megatinycore/wiring_analog.c:1183
                  _SWAP(bit_mask);
                } else {
                  offset = 1;
                }
            }
            if        (bit_mask & 0x44) {
 480:	89 2f       	mov	r24, r25
 482:	84 74       	andi	r24, 0x44	; 68
 484:	59 f0       	breq	.+22     	; 0x49c <__LOCK_REGION_LENGTH__+0x9c>
/home/tangles/.arduino15/packages/megaTinyCore/hardware/megaavr/2.6.12/cores/megatinycore/wiring_analog.c:1184
              offset += 4;
 486:	ec 5f       	subi	r30, 0xFC	; 252
/home/tangles/.arduino15/packages/megaTinyCore/hardware/megaavr/2.6.12/cores/megatinycore/wiring_analog.c:1188
            } else if (bit_mask & 0x22) {
              offset += 2;
            }
            timer_cmp_out = ((volatile uint8_t *)(&TCA0.SPLIT.LCMP0)) + (offset); //finally at the very end we get the actual pointer (since volatile variables should be treated like nuclear waste due to performance impact)
 488:	f0 e0       	ldi	r31, 0x00	; 0
 48a:	e8 5d       	subi	r30, 0xD8	; 216
 48c:	f5 4f       	sbci	r31, 0xF5	; 245
/home/tangles/.arduino15/packages/megaTinyCore/hardware/megaavr/2.6.12/cores/megatinycore/wiring_analog.c:1189
            (*timer_cmp_out) = (val); // write to it - and we're done with it.
 48e:	60 83       	st	Z, r22
/home/tangles/.arduino15/packages/megaTinyCore/hardware/megaavr/2.6.12/cores/megatinycore/wiring_analog.c:1190
            TCA0.SPLIT.CTRLB |= bit_mask;
 490:	80 91 01 0a 	lds	r24, 0x0A01	; 0x800a01 <digital_pin_to_bit_mask+0x7f7a11>
 494:	98 2b       	or	r25, r24
 496:	90 93 01 0a 	sts	0x0A01, r25	; 0x800a01 <digital_pin_to_bit_mask+0x7f7a11>
 49a:	c6 cf       	rjmp	.-116    	; 0x428 <__LOCK_REGION_LENGTH__+0x28>
/home/tangles/.arduino15/packages/megaTinyCore/hardware/megaavr/2.6.12/cores/megatinycore/wiring_analog.c:1185
                  offset = 1;
                }
            }
            if        (bit_mask & 0x44) {
              offset += 4;
            } else if (bit_mask & 0x22) {
 49c:	89 2f       	mov	r24, r25
 49e:	82 72       	andi	r24, 0x22	; 34
 4a0:	99 f3       	breq	.-26     	; 0x488 <__LOCK_REGION_LENGTH__+0x88>
/home/tangles/.arduino15/packages/megaTinyCore/hardware/megaavr/2.6.12/cores/megatinycore/wiring_analog.c:1186
              offset += 2;
 4a2:	ee 5f       	subi	r30, 0xFE	; 254
 4a4:	f1 cf       	rjmp	.-30     	; 0x488 <__LOCK_REGION_LENGTH__+0x88>
/home/tangles/.arduino15/packages/megaTinyCore/hardware/megaavr/2.6.12/cores/megatinycore/wiring_analog.c:1344
    // Now catch the cases where there's no pin.
    case NOT_ON_TIMER:
    // fall through
    default:
    {
      if (val < 128) {
 4a6:	60 38       	cpi	r22, 0x80	; 128
 4a8:	71 05       	cpc	r23, r1
 4aa:	0c f4       	brge	.+2      	; 0x4ae <__LOCK_REGION_LENGTH__+0xae>
 4ac:	bb cf       	rjmp	.-138    	; 0x424 <__LOCK_REGION_LENGTH__+0x24>
 4ae:	da cf       	rjmp	.-76     	; 0x464 <__LOCK_REGION_LENGTH__+0x64>

000004b0 <i2cRead16(unsigned char, unsigned int*)>:
i2cRead16():
/media/nvme_raid0/mPC/cyberdeck-scout/Firmware/bms-tiny404/bms-tiny404.ino:167
  lastI2cError = Wire.endTransmission();
  delay(2);
  return lastI2cError;
}

static bool i2cRead16(uint8_t reg, uint16_t *value) {
 4b0:	1f 93       	push	r17
 4b2:	cf 93       	push	r28
 4b4:	df 93       	push	r29
 4b6:	eb 01       	movw	r28, r22
beginTransmission():
/home/tangles/.arduino15/packages/megaTinyCore/hardware/megaavr/2.6.12/libraries/Wire/src/Wire.cpp:773
void TwoWire::beginTransmission(uint8_t address) {
  if (__builtin_constant_p(address) > 0x7F) {     // Compile-time check if address is actually 7 bit long
    badArg("Supplied address seems to be 8 bit. Only 7-bit-addresses are supported");
    return;
  }
  if (_bools._hostEnabled) {
 4b8:	90 91 3d 3f 	lds	r25, 0x3F3D	; 0x803f3d <Wire+0xb>
 4bc:	91 ff       	sbrs	r25, 1
 4be:	07 c0       	rjmp	.+14     	; 0x4ce <i2cRead16(unsigned char, unsigned int*)+0x1e>
/home/tangles/.arduino15/packages/megaTinyCore/hardware/megaavr/2.6.12/libraries/Wire/src/Wire.cpp:775
    // set address of targeted client
    _clientAddress = address << 1;
 4c0:	90 e1       	ldi	r25, 0x10	; 16
 4c2:	90 93 43 3f 	sts	0x3F43, r25	; 0x803f43 <Wire+0x11>
/home/tangles/.arduino15/packages/megaTinyCore/hardware/megaavr/2.6.12/libraries/Wire/src/Wire.cpp:776
    _bytesToReadWrite = 0;  // fill buffer from 0
 4c6:	10 92 44 3f 	sts	0x3F44, r1	; 0x803f44 <Wire+0x12>
/home/tangles/.arduino15/packages/megaTinyCore/hardware/megaavr/2.6.12/libraries/Wire/src/Wire.cpp:777
    _bytesReadWritten = 0;
 4ca:	10 92 45 3f 	sts	0x3F45, r1	; 0x803f45 <Wire+0x13>
i2cRead16():
/media/nvme_raid0/mPC/cyberdeck-scout/Firmware/bms-tiny404/bms-tiny404.ino:169
  Wire.beginTransmission(BQ_ADDR);
  Wire.write(reg);
 4ce:	68 2f       	mov	r22, r24
 4d0:	82 e3       	ldi	r24, 0x32	; 50
 4d2:	9f e3       	ldi	r25, 0x3F	; 63
 4d4:	b0 de       	rcall	.-672    	; 0x236 <TwoWire::write(unsigned char)>
/media/nvme_raid0/mPC/cyberdeck-scout/Firmware/bms-tiny404/bms-tiny404.ino:170
  lastI2cError = Wire.endTransmission(false);
 4d6:	80 e0       	ldi	r24, 0x00	; 0
 4d8:	e0 dd       	rcall	.-1088   	; 0x9a <TwoWire::endTransmission(bool) [clone .constprop.14]>
 4da:	80 93 1e 3f 	sts	0x3F1E, r24	; 0x803f1e <lastI2cError>
/media/nvme_raid0/mPC/cyberdeck-scout/Firmware/bms-tiny404/bms-tiny404.ino:171
  if (lastI2cError != 0) {
 4de:	81 11       	cpse	r24, r1
 4e0:	34 c0       	rjmp	.+104    	; 0x54a <i2cRead16(unsigned char, unsigned int*)+0x9a>
requestFrom():
/home/tangles/.arduino15/packages/megaTinyCore/hardware/megaavr/2.6.12/libraries/Wire/src/Wire.cpp:745
  }
  if (quantity >= TWI_BUFFER_LENGTH) {
    quantity = TWI_BUFFER_LENGTH;
  }

  _clientAddress = address << 1;
 4e2:	90 e1       	ldi	r25, 0x10	; 16
 4e4:	90 93 43 3f 	sts	0x3F43, r25	; 0x803f43 <Wire+0x11>
/home/tangles/.arduino15/packages/megaTinyCore/hardware/megaavr/2.6.12/libraries/Wire/src/Wire.cpp:746
  _bytesToReadWrite = quantity;  // for available/read/peek
 4e8:	92 e0       	ldi	r25, 0x02	; 2
 4ea:	90 93 44 3f 	sts	0x3F44, r25	; 0x803f44 <Wire+0x12>
/home/tangles/.arduino15/packages/megaTinyCore/hardware/megaavr/2.6.12/libraries/Wire/src/Wire.cpp:747
  _bytesReadWritten = 0;
 4ee:	10 92 45 3f 	sts	0x3F45, r1	; 0x803f45 <Wire+0x13>
masterReceive():
/home/tangles/.arduino15/packages/megaTinyCore/hardware/megaavr/2.6.12/libraries/Wire/src/Wire.cpp:637
 *@retval     error code, see masterTrasnmit
 */


uint8_t TwoWire::masterReceive(auto *length, uint8_t *buffer, uint8_t addr, uint8_t sendStop) {
  TWI_t *module = _module;
 4f2:	e0 91 3a 3f 	lds	r30, 0x3F3A	; 0x803f3a <Wire+0x8>
 4f6:	f0 91 3b 3f 	lds	r31, 0x3F3B	; 0x803f3b <Wire+0x9>
i2cRead16():
/home/tangles/.arduino15/packages/megaTinyCore/hardware/megaavr/2.6.12/libraries/Wire/src/Wire.cpp:647

  uint8_t currentSM;
  uint8_t currentStatus;
  uint8_t state = 0;
  #if defined (TWI_TIMEOUT_ENABLE)
    uint16_t timeout = (F_CPU/1000);
 4fa:	20 e2       	ldi	r18, 0x20	; 32
 4fc:	3e e4       	ldi	r19, 0x4E	; 78
masterReceive():
/home/tangles/.arduino15/packages/megaTinyCore/hardware/megaavr/2.6.12/libraries/Wire/src/Wire.cpp:638
 */


uint8_t TwoWire::masterReceive(auto *length, uint8_t *buffer, uint8_t addr, uint8_t sendStop) {
  TWI_t *module = _module;
  __asm__ __volatile__("\n\t" : "+z"(module));
 4fe:	a7 e4       	ldi	r26, 0x47	; 71
 500:	bf e3       	ldi	r27, 0x3F	; 63
/home/tangles/.arduino15/packages/megaTinyCore/hardware/megaavr/2.6.12/libraries/Wire/src/Wire.cpp:695
          buffer++;
          #if defined (TWI_TIMEOUT_ENABLE)
            timeout = (F_CPU/1000);                // reset timeout
          #endif
          if (--dataToRead != 0) {
            module->MCTRLB = TWI_MCMD_RECVTRANS_gc;  // send an ACK so the Slave so it can send the next byte
 502:	62 e0       	ldi	r22, 0x02	; 2
/home/tangles/.arduino15/packages/megaTinyCore/hardware/megaavr/2.6.12/libraries/Wire/src/Wire.cpp:678
      return TWI_ERR_BUS_ARB;               // leave RX loop
    }

    if (currentSM != TWI_BUSSTATE_BUSY_gc) {
      if (state == 0x00) {
        module->MADDR = ADD_READ_BIT(addr);     // Send Address with read bit
 504:	71 e1       	ldi	r23, 0x11	; 17
/home/tangles/.arduino15/packages/megaTinyCore/hardware/megaavr/2.6.12/libraries/Wire/src/Wire.cpp:651
  #if defined (TWI_TIMEOUT_ENABLE)
    uint16_t timeout = (F_CPU/1000);
  #endif

  while (true) {
    currentStatus = module->MSTATUS;
 506:	45 81       	ldd	r20, Z+5	; 0x05
/home/tangles/.arduino15/packages/megaTinyCore/hardware/megaavr/2.6.12/libraries/Wire/src/Wire.cpp:652
    currentSM = currentStatus & TWI_BUSSTATE_gm;  // get the current mode of the state machine
 508:	54 2f       	mov	r21, r20
 50a:	53 70       	andi	r21, 0x03	; 3
/home/tangles/.arduino15/packages/megaTinyCore/hardware/megaavr/2.6.12/libraries/Wire/src/Wire.cpp:654

    if (currentSM == TWI_BUSSTATE_UNKNOWN_gc) {
 50c:	91 f0       	breq	.+36     	; 0x532 <i2cRead16(unsigned char, unsigned int*)+0x82>
/home/tangles/.arduino15/packages/megaTinyCore/hardware/megaavr/2.6.12/libraries/Wire/src/Wire.cpp:660
      TWIR_SET_ERROR(TWI_ERR_UNINIT);
      break;
    }

    #if defined(TWI_TIMEOUT_ENABLE)
      if (--timeout == 0) {
 50e:	21 50       	subi	r18, 0x01	; 1
 510:	31 09       	sbc	r19, r1
 512:	79 f0       	breq	.+30     	; 0x532 <i2cRead16(unsigned char, unsigned int*)+0x82>
/home/tangles/.arduino15/packages/megaTinyCore/hardware/megaavr/2.6.12/libraries/Wire/src/Wire.cpp:672
        }
        break;
      }
    #endif

    if (currentStatus & TWI_ARBLOST_bm) {   // Check for Bus error
 514:	43 fd       	sbrc	r20, 3
 516:	12 c0       	rjmp	.+36     	; 0x53c <i2cRead16(unsigned char, unsigned int*)+0x8c>
/home/tangles/.arduino15/packages/megaTinyCore/hardware/megaavr/2.6.12/libraries/Wire/src/Wire.cpp:676
      return TWI_ERR_BUS_ARB;               // leave RX loop
    }

    if (currentSM != TWI_BUSSTATE_BUSY_gc) {
 518:	53 30       	cpi	r21, 0x03	; 3
 51a:	a9 f3       	breq	.-22     	; 0x506 <i2cRead16(unsigned char, unsigned int*)+0x56>
/home/tangles/.arduino15/packages/megaTinyCore/hardware/megaavr/2.6.12/libraries/Wire/src/Wire.cpp:677
      if (state == 0x00) {
 51c:	81 11       	cpse	r24, r1
 51e:	05 c0       	rjmp	.+10     	; 0x52a <i2cRead16(unsigned char, unsigned int*)+0x7a>
/home/tangles/.arduino15/packages/megaTinyCore/hardware/megaavr/2.6.12/libraries/Wire/src/Wire.cpp:678
        module->MADDR = ADD_READ_BIT(addr);     // Send Address with read bit
 520:	77 83       	std	Z+7, r23	; 0x07
i2cRead16():
/home/tangles/.arduino15/packages/megaTinyCore/hardware/megaavr/2.6.12/libraries/Wire/src/Wire.cpp:681
        state |= 0x01;
        #if defined (TWI_TIMEOUT_ENABLE)
          timeout = (F_CPU/1000);               // reset timeout
 522:	20 e2       	ldi	r18, 0x20	; 32
 524:	3e e4       	ldi	r19, 0x4E	; 78
/home/tangles/.arduino15/packages/megaTinyCore/hardware/megaavr/2.6.12/libraries/Wire/src/Wire.cpp:679
    }

    if (currentSM != TWI_BUSSTATE_BUSY_gc) {
      if (state == 0x00) {
        module->MADDR = ADD_READ_BIT(addr);     // Send Address with read bit
        state |= 0x01;
 526:	81 e0       	ldi	r24, 0x01	; 1
 528:	ee cf       	rjmp	.-36     	; 0x506 <i2cRead16(unsigned char, unsigned int*)+0x56>
masterReceive():
/home/tangles/.arduino15/packages/megaTinyCore/hardware/megaavr/2.6.12/libraries/Wire/src/Wire.cpp:684
        #if defined (TWI_TIMEOUT_ENABLE)
          timeout = (F_CPU/1000);               // reset timeout
        #endif
      } else {
        if (currentStatus & TWI_WIF_bm) {
 52a:	46 ff       	sbrs	r20, 6
 52c:	10 c0       	rjmp	.+32     	; 0x54e <i2cRead16(unsigned char, unsigned int*)+0x9e>
/home/tangles/.arduino15/packages/megaTinyCore/hardware/megaavr/2.6.12/libraries/Wire/src/Wire.cpp:686
          TWIR_SET_ERROR(TWI_ERR_ACK_ADR);        // set error flag
          module->MCTRLB = TWI_MCMD_STOP_gc;      // free the bus
 52e:	83 e0       	ldi	r24, 0x03	; 3
 530:	84 83       	std	Z+4, r24	; 0x04
/home/tangles/.arduino15/packages/megaTinyCore/hardware/megaavr/2.6.12/libraries/Wire/src/Wire.cpp:708
          }
        }
      }
    }
  }
  *length -= dataToRead;
 532:	80 91 44 3f 	lds	r24, 0x3F44	; 0x803f44 <Wire+0x12>
 536:	89 1b       	sub	r24, r25
 538:	80 93 44 3f 	sts	0x3F44, r24	; 0x803f44 <Wire+0x12>
i2cRead16():
/media/nvme_raid0/mPC/cyberdeck-scout/Firmware/bms-tiny404/bms-tiny404.ino:175
    return false;
  }

  if (Wire.requestFrom((int)BQ_ADDR, 2) != 2) {
 53c:	80 91 44 3f 	lds	r24, 0x3F44	; 0x803f44 <Wire+0x12>
 540:	82 30       	cpi	r24, 0x02	; 2
 542:	a1 f0       	breq	.+40     	; 0x56c <i2cRead16(unsigned char, unsigned int*)+0xbc>
/media/nvme_raid0/mPC/cyberdeck-scout/Firmware/bms-tiny404/bms-tiny404.ino:176
    lastI2cError = 0xFE;
 544:	8e ef       	ldi	r24, 0xFE	; 254
 546:	80 93 1e 3f 	sts	0x3F1E, r24	; 0x803f1e <lastI2cError>
/media/nvme_raid0/mPC/cyberdeck-scout/Firmware/bms-tiny404/bms-tiny404.ino:172
static bool i2cRead16(uint8_t reg, uint16_t *value) {
  Wire.beginTransmission(BQ_ADDR);
  Wire.write(reg);
  lastI2cError = Wire.endTransmission(false);
  if (lastI2cError != 0) {
    return false;
 54a:	80 e0       	ldi	r24, 0x00	; 0
 54c:	1e c0       	rjmp	.+60     	; 0x58a <i2cRead16(unsigned char, unsigned int*)+0xda>
masterReceive():
/home/tangles/.arduino15/packages/megaTinyCore/hardware/megaavr/2.6.12/libraries/Wire/src/Wire.cpp:688
      } else {
        if (currentStatus & TWI_WIF_bm) {
          TWIR_SET_ERROR(TWI_ERR_ACK_ADR);        // set error flag
          module->MCTRLB = TWI_MCMD_STOP_gc;      // free the bus
          break;
        } else if (currentStatus & TWI_RIF_bm) {
 54e:	47 ff       	sbrs	r20, 7
 550:	da cf       	rjmp	.-76     	; 0x506 <i2cRead16(unsigned char, unsigned int*)+0x56>
/home/tangles/.arduino15/packages/megaTinyCore/hardware/megaavr/2.6.12/libraries/Wire/src/Wire.cpp:689
          *buffer = module->MDATA;
 552:	20 85       	ldd	r18, Z+8	; 0x08
 554:	2d 93       	st	X+, r18
/home/tangles/.arduino15/packages/megaTinyCore/hardware/megaavr/2.6.12/libraries/Wire/src/Wire.cpp:694
          buffer++;
          #if defined (TWI_TIMEOUT_ENABLE)
            timeout = (F_CPU/1000);                // reset timeout
          #endif
          if (--dataToRead != 0) {
 556:	91 30       	cpi	r25, 0x01	; 1
 558:	29 f0       	breq	.+10     	; 0x564 <i2cRead16(unsigned char, unsigned int*)+0xb4>
/home/tangles/.arduino15/packages/megaTinyCore/hardware/megaavr/2.6.12/libraries/Wire/src/Wire.cpp:695
            module->MCTRLB = TWI_MCMD_RECVTRANS_gc;  // send an ACK so the Slave so it can send the next byte
 55a:	64 83       	std	Z+4, r22	; 0x04
i2cRead16():
/home/tangles/.arduino15/packages/megaTinyCore/hardware/megaavr/2.6.12/libraries/Wire/src/Wire.cpp:692
          break;
        } else if (currentStatus & TWI_RIF_bm) {
          *buffer = module->MDATA;
          buffer++;
          #if defined (TWI_TIMEOUT_ENABLE)
            timeout = (F_CPU/1000);                // reset timeout
 55c:	20 e2       	ldi	r18, 0x20	; 32
 55e:	3e e4       	ldi	r19, 0x4E	; 78
masterReceive():
/home/tangles/.arduino15/packages/megaTinyCore/hardware/megaavr/2.6.12/libraries/Wire/src/Wire.cpp:695
          #endif
          if (--dataToRead != 0) {
            module->MCTRLB = TWI_MCMD_RECVTRANS_gc;  // send an ACK so the Slave so it can send the next byte
 560:	91 e0       	ldi	r25, 0x01	; 1
 562:	d1 cf       	rjmp	.-94     	; 0x506 <i2cRead16(unsigned char, unsigned int*)+0x56>
/home/tangles/.arduino15/packages/megaTinyCore/hardware/megaavr/2.6.12/libraries/Wire/src/Wire.cpp:698
          } else {
            if (sendStop != 0) {
              module->MCTRLB = TWI_ACKACT_bm | TWI_MCMD_STOP_gc;   // send STOP + NACK
 564:	87 e0       	ldi	r24, 0x07	; 7
 566:	84 83       	std	Z+4, r24	; 0x04
i2cRead16():
/home/tangles/.arduino15/packages/megaTinyCore/hardware/megaavr/2.6.12/libraries/Wire/src/Wire.cpp:694
          *buffer = module->MDATA;
          buffer++;
          #if defined (TWI_TIMEOUT_ENABLE)
            timeout = (F_CPU/1000);                // reset timeout
          #endif
          if (--dataToRead != 0) {
 568:	90 e0       	ldi	r25, 0x00	; 0
 56a:	e3 cf       	rjmp	.-58     	; 0x532 <i2cRead16(unsigned char, unsigned int*)+0x82>
/media/nvme_raid0/mPC/cyberdeck-scout/Firmware/bms-tiny404/bms-tiny404.ino:180
  if (Wire.requestFrom((int)BQ_ADDR, 2) != 2) {
    lastI2cError = 0xFE;
    return false;
  }

  const uint8_t lsb = Wire.read();
 56c:	82 e3       	ldi	r24, 0x32	; 50
 56e:	9f e3       	ldi	r25, 0x3F	; 63
 570:	4a de       	rcall	.-876    	; 0x206 <TwoWire::read()>
 572:	18 2f       	mov	r17, r24
/media/nvme_raid0/mPC/cyberdeck-scout/Firmware/bms-tiny404/bms-tiny404.ino:181
  const uint8_t msb = Wire.read();
 574:	82 e3       	ldi	r24, 0x32	; 50
 576:	9f e3       	ldi	r25, 0x3F	; 63
 578:	46 de       	rcall	.-884    	; 0x206 <TwoWire::read()>
/media/nvme_raid0/mPC/cyberdeck-scout/Firmware/bms-tiny404/bms-tiny404.ino:182
  *value = (uint16_t)(msb << 8) | lsb;
 57a:	20 e0       	ldi	r18, 0x00	; 0
 57c:	38 2f       	mov	r19, r24
 57e:	21 2b       	or	r18, r17
 580:	28 83       	st	Y, r18
 582:	39 83       	std	Y+1, r19	; 0x01
/media/nvme_raid0/mPC/cyberdeck-scout/Firmware/bms-tiny404/bms-tiny404.ino:183
  lastI2cError = 0;
 584:	10 92 1e 3f 	sts	0x3F1E, r1	; 0x803f1e <lastI2cError>
 588:	81 e0       	ldi	r24, 0x01	; 1
/media/nvme_raid0/mPC/cyberdeck-scout/Firmware/bms-tiny404/bms-tiny404.ino:185
  return true;
}
 58a:	df 91       	pop	r29
 58c:	cf 91       	pop	r28
 58e:	1f 91       	pop	r17
 590:	08 95       	ret

00000592 <i2cWrite(unsigned char, unsigned char const*, unsigned char)>:
i2cWrite():
/media/nvme_raid0/mPC/cyberdeck-scout/Firmware/bms-tiny404/bms-tiny404.ino:158
  return (uint8_t)(0xFF & ~sum);
}

static uint8_t lastI2cError = 0;

static uint8_t i2cWrite(uint8_t reg, const uint8_t *data, uint8_t len) {
 592:	0f 93       	push	r16
 594:	1f 93       	push	r17
 596:	cf 93       	push	r28
 598:	8b 01       	movw	r16, r22
 59a:	c4 2f       	mov	r28, r20
beginTransmission():
/home/tangles/.arduino15/packages/megaTinyCore/hardware/megaavr/2.6.12/libraries/Wire/src/Wire.cpp:773
void TwoWire::beginTransmission(uint8_t address) {
  if (__builtin_constant_p(address) > 0x7F) {     // Compile-time check if address is actually 7 bit long
    badArg("Supplied address seems to be 8 bit. Only 7-bit-addresses are supported");
    return;
  }
  if (_bools._hostEnabled) {
 59c:	90 91 3d 3f 	lds	r25, 0x3F3D	; 0x803f3d <Wire+0xb>
 5a0:	91 ff       	sbrs	r25, 1
 5a2:	07 c0       	rjmp	.+14     	; 0x5b2 <i2cWrite(unsigned char, unsigned char const*, unsigned char)+0x20>
/home/tangles/.arduino15/packages/megaTinyCore/hardware/megaavr/2.6.12/libraries/Wire/src/Wire.cpp:775
    // set address of targeted client
    _clientAddress = address << 1;
 5a4:	90 e1       	ldi	r25, 0x10	; 16
 5a6:	90 93 43 3f 	sts	0x3F43, r25	; 0x803f43 <Wire+0x11>
/home/tangles/.arduino15/packages/megaTinyCore/hardware/megaavr/2.6.12/libraries/Wire/src/Wire.cpp:776
    _bytesToReadWrite = 0;  // fill buffer from 0
 5aa:	10 92 44 3f 	sts	0x3F44, r1	; 0x803f44 <Wire+0x12>
/home/tangles/.arduino15/packages/megaTinyCore/hardware/megaavr/2.6.12/libraries/Wire/src/Wire.cpp:777
    _bytesReadWritten = 0;
 5ae:	10 92 45 3f 	sts	0x3F45, r1	; 0x803f45 <Wire+0x13>
i2cWrite():
/media/nvme_raid0/mPC/cyberdeck-scout/Firmware/bms-tiny404/bms-tiny404.ino:160
  Wire.beginTransmission(BQ_ADDR);
  Wire.write(reg);
 5b2:	68 2f       	mov	r22, r24
 5b4:	82 e3       	ldi	r24, 0x32	; 50
 5b6:	9f e3       	ldi	r25, 0x3F	; 63
 5b8:	3e de       	rcall	.-900    	; 0x236 <TwoWire::write(unsigned char)>
/media/nvme_raid0/mPC/cyberdeck-scout/Firmware/bms-tiny404/bms-tiny404.ino:161
  Wire.write(data, len);
 5ba:	4c 2f       	mov	r20, r28
 5bc:	50 e0       	ldi	r21, 0x00	; 0
 5be:	b8 01       	movw	r22, r16
 5c0:	82 e3       	ldi	r24, 0x32	; 50
 5c2:	9f e3       	ldi	r25, 0x3F	; 63
 5c4:	4a de       	rcall	.-876    	; 0x25a <TwoWire::write(unsigned char const*, unsigned int)>
endTransmission():
/home/tangles/.arduino15/packages/megaTinyCore/hardware/megaavr/2.6.12/libraries/Wire/src/Wire.h:253
      beginTransmission((uint8_t)address);
    }

    uint8_t endTransmission(bool);
    uint8_t endTransmission(void) {
      return endTransmission(true);
 5c6:	81 e0       	ldi	r24, 0x01	; 1
 5c8:	68 dd       	rcall	.-1328   	; 0x9a <TwoWire::endTransmission(bool) [clone .constprop.14]>
i2cWrite():
/media/nvme_raid0/mPC/cyberdeck-scout/Firmware/bms-tiny404/bms-tiny404.ino:162
  lastI2cError = Wire.endTransmission();
 5ca:	80 93 1e 3f 	sts	0x3F1E, r24	; 0x803f1e <lastI2cError>
_delay_ms():
/home/tangles/.arduino15/packages/DxCore/tools/avr-gcc/7.3.0-atmel3.6.1-azduino8a/avr/include/util/delay.h:187
	#else
		//round up by default
		__ticks_dc = (uint32_t)(ceil(fabs(__tmp)));
	#endif

	__builtin_avr_delay_cycles(__ticks_dc);
 5ce:	8f e0       	ldi	r24, 0x0F	; 15
 5d0:	97 e2       	ldi	r25, 0x27	; 39
 5d2:	01 97       	sbiw	r24, 0x01	; 1
 5d4:	f1 f7       	brne	.-4      	; 0x5d2 <i2cWrite(unsigned char, unsigned char const*, unsigned char)+0x40>
 5d6:	00 c0       	rjmp	.+0      	; 0x5d8 <i2cWrite(unsigned char, unsigned char const*, unsigned char)+0x46>
 5d8:	00 00       	nop
i2cWrite():
/media/nvme_raid0/mPC/cyberdeck-scout/Firmware/bms-tiny404/bms-tiny404.ino:165
  delay(2);
  return lastI2cError;
}
 5da:	80 91 1e 3f 	lds	r24, 0x3F1E	; 0x803f1e <lastI2cError>
 5de:	cf 91       	pop	r28
 5e0:	1f 91       	pop	r17
 5e2:	0f 91       	pop	r16
 5e4:	08 95       	ret

000005e6 <writeConfig16(unsigned int, unsigned int)>:
writeConfig16():
/media/nvme_raid0/mPC/cyberdeck-scout/Firmware/bms-tiny404/bms-tiny404.ino:204
  uint8_t meta[2] = { cks, 0x05 };
  i2cWrite(REG_SUBCMD, payload, sizeof(payload));
  i2cWrite(REG_SUBCMD_DATA, meta, sizeof(meta));
}

static void writeConfig16(uint16_t addr, uint16_t value) {
 5e6:	cf 93       	push	r28
 5e8:	df 93       	push	r29
 5ea:	cd b7       	in	r28, 0x3d	; 61
 5ec:	de b7       	in	r29, 0x3e	; 62
 5ee:	26 97       	sbiw	r28, 0x06	; 6
 5f0:	cd bf       	out	0x3d, r28	; 61
 5f2:	de bf       	out	0x3e, r29	; 62
/media/nvme_raid0/mPC/cyberdeck-scout/Firmware/bms-tiny404/bms-tiny404.ino:210
  uint8_t payload[4] = {
    (uint8_t)(addr & 0xFF),
    (uint8_t)(addr >> 8),
    (uint8_t)(value & 0xFF),
    (uint8_t)(value >> 8)
  };
 5f4:	89 83       	std	Y+1, r24	; 0x01
 5f6:	90 e9       	ldi	r25, 0x90	; 144
 5f8:	9a 83       	std	Y+2, r25	; 0x02
 5fa:	6b 83       	std	Y+3, r22	; 0x03
/media/nvme_raid0/mPC/cyberdeck-scout/Firmware/bms-tiny404/bms-tiny404.ino:209
static void writeConfig16(uint16_t addr, uint16_t value) {
  uint8_t payload[4] = {
    (uint8_t)(addr & 0xFF),
    (uint8_t)(addr >> 8),
    (uint8_t)(value & 0xFF),
    (uint8_t)(value >> 8)
 5fc:	27 2f       	mov	r18, r23
 5fe:	30 e0       	ldi	r19, 0x00	; 0
/media/nvme_raid0/mPC/cyberdeck-scout/Firmware/bms-tiny404/bms-tiny404.ino:210
  };
 600:	7c 83       	std	Y+4, r23	; 0x04
/media/nvme_raid0/mPC/cyberdeck-scout/Firmware/bms-tiny404/bms-tiny404.ino:212
  uint8_t cks = checksum(payload, sizeof(payload));
  uint8_t meta[2] = { cks, 0x06 };
 602:	96 e0       	ldi	r25, 0x06	; 6
 604:	9e 83       	std	Y+6, r25	; 0x06
checksum():
/media/nvme_raid0/mPC/cyberdeck-scout/Firmware/bms-tiny404/bms-tiny404.ino:151
#endif

static uint8_t checksum(const uint8_t *data, uint8_t len) {
  uint16_t sum = 0;
  for (uint8_t i = 0; i < len; i++) {
    sum += data[i];
 606:	62 0f       	add	r22, r18
 608:	73 2f       	mov	r23, r19
 60a:	71 1d       	adc	r23, r1
 60c:	60 57       	subi	r22, 0x70	; 112
 60e:	7f 4f       	sbci	r23, 0xFF	; 255
 610:	86 0f       	add	r24, r22
 612:	97 2f       	mov	r25, r23
 614:	91 1d       	adc	r25, r1
/media/nvme_raid0/mPC/cyberdeck-scout/Firmware/bms-tiny404/bms-tiny404.ino:153
  }
  return (uint8_t)(0xFF & ~sum);
 616:	80 95       	com	r24
writeConfig16():
/media/nvme_raid0/mPC/cyberdeck-scout/Firmware/bms-tiny404/bms-tiny404.ino:212
    (uint8_t)(addr >> 8),
    (uint8_t)(value & 0xFF),
    (uint8_t)(value >> 8)
  };
  uint8_t cks = checksum(payload, sizeof(payload));
  uint8_t meta[2] = { cks, 0x06 };
 618:	8d 83       	std	Y+5, r24	; 0x05
/media/nvme_raid0/mPC/cyberdeck-scout/Firmware/bms-tiny404/bms-tiny404.ino:213
  i2cWrite(REG_SUBCMD, payload, sizeof(payload));
 61a:	44 e0       	ldi	r20, 0x04	; 4
 61c:	be 01       	movw	r22, r28
 61e:	6f 5f       	subi	r22, 0xFF	; 255
 620:	7f 4f       	sbci	r23, 0xFF	; 255
 622:	8e e3       	ldi	r24, 0x3E	; 62
 624:	b6 df       	rcall	.-148    	; 0x592 <i2cWrite(unsigned char, unsigned char const*, unsigned char)>
/media/nvme_raid0/mPC/cyberdeck-scout/Firmware/bms-tiny404/bms-tiny404.ino:214
  i2cWrite(REG_SUBCMD_DATA, meta, sizeof(meta));
 626:	42 e0       	ldi	r20, 0x02	; 2
 628:	be 01       	movw	r22, r28
 62a:	6b 5f       	subi	r22, 0xFB	; 251
 62c:	7f 4f       	sbci	r23, 0xFF	; 255
 62e:	80 e6       	ldi	r24, 0x60	; 96
 630:	b0 df       	rcall	.-160    	; 0x592 <i2cWrite(unsigned char, unsigned char const*, unsigned char)>
/media/nvme_raid0/mPC/cyberdeck-scout/Firmware/bms-tiny404/bms-tiny404.ino:215
}
 632:	26 96       	adiw	r28, 0x06	; 6
 634:	cd bf       	out	0x3d, r28	; 61
 636:	de bf       	out	0x3e, r29	; 62
 638:	df 91       	pop	r29
 63a:	cf 91       	pop	r28
 63c:	08 95       	ret

0000063e <writeConfig8(unsigned int, unsigned char)>:
writeConfig8():
/media/nvme_raid0/mPC/cyberdeck-scout/Firmware/bms-tiny404/bms-tiny404.ino:192
static uint8_t sendSubcommand(uint16_t cmd) {
  uint8_t buf[2] = { (uint8_t)(cmd & 0xFF), (uint8_t)(cmd >> 8) };
  return i2cWrite(REG_SUBCMD, buf, sizeof(buf));
}

static void writeConfig8(uint16_t addr, uint8_t value) {
 63e:	cf 93       	push	r28
 640:	df 93       	push	r29
 642:	cd b7       	in	r28, 0x3d	; 61
 644:	de b7       	in	r29, 0x3e	; 62
 646:	25 97       	sbiw	r28, 0x05	; 5
 648:	cd bf       	out	0x3d, r28	; 61
 64a:	de bf       	out	0x3e, r29	; 62
/media/nvme_raid0/mPC/cyberdeck-scout/Firmware/bms-tiny404/bms-tiny404.ino:197
  uint8_t payload[3] = {
    (uint8_t)(addr & 0xFF),
    (uint8_t)(addr >> 8),
    value
  };
 64c:	89 83       	std	Y+1, r24	; 0x01
/media/nvme_raid0/mPC/cyberdeck-scout/Firmware/bms-tiny404/bms-tiny404.ino:195
}

static void writeConfig8(uint16_t addr, uint8_t value) {
  uint8_t payload[3] = {
    (uint8_t)(addr & 0xFF),
    (uint8_t)(addr >> 8),
 64e:	29 2f       	mov	r18, r25
 650:	30 e0       	ldi	r19, 0x00	; 0
/media/nvme_raid0/mPC/cyberdeck-scout/Firmware/bms-tiny404/bms-tiny404.ino:197
    value
  };
 652:	9a 83       	std	Y+2, r25	; 0x02
 654:	6b 83       	std	Y+3, r22	; 0x03
/media/nvme_raid0/mPC/cyberdeck-scout/Firmware/bms-tiny404/bms-tiny404.ino:199
  uint8_t cks = checksum(payload, sizeof(payload));
  uint8_t meta[2] = { cks, 0x05 };
 656:	95 e0       	ldi	r25, 0x05	; 5
 658:	9d 83       	std	Y+5, r25	; 0x05
checksum():
/media/nvme_raid0/mPC/cyberdeck-scout/Firmware/bms-tiny404/bms-tiny404.ino:151
#endif

static uint8_t checksum(const uint8_t *data, uint8_t len) {
  uint16_t sum = 0;
  for (uint8_t i = 0; i < len; i++) {
    sum += data[i];
 65a:	82 0f       	add	r24, r18
 65c:	93 2f       	mov	r25, r19
 65e:	91 1d       	adc	r25, r1
 660:	68 0f       	add	r22, r24
 662:	79 2f       	mov	r23, r25
 664:	71 1d       	adc	r23, r1
/media/nvme_raid0/mPC/cyberdeck-scout/Firmware/bms-tiny404/bms-tiny404.ino:153
  }
  return (uint8_t)(0xFF & ~sum);
 666:	60 95       	com	r22
writeConfig8():
/media/nvme_raid0/mPC/cyberdeck-scout/Firmware/bms-tiny404/bms-tiny404.ino:199
    (uint8_t)(addr & 0xFF),
    (uint8_t)(addr >> 8),
    value
  };
  uint8_t cks = checksum(payload, sizeof(payload));
  uint8_t meta[2] = { cks, 0x05 };
 668:	6c 83       	std	Y+4, r22	; 0x04
/media/nvme_raid0/mPC/cyberdeck-scout/Firmware/bms-tiny404/bms-tiny404.ino:200
  i2cWrite(REG_SUBCMD, payload, sizeof(payload));
 66a:	43 e0       	ldi	r20, 0x03	; 3
 66c:	be 01       	movw	r22, r28
 66e:	6f 5f       	subi	r22, 0xFF	; 255
 670:	7f 4f       	sbci	r23, 0xFF	; 255
 672:	8e e3       	ldi	r24, 0x3E	; 62
 674:	8e df       	rcall	.-228    	; 0x592 <i2cWrite(unsigned char, unsigned char const*, unsigned char)>
/media/nvme_raid0/mPC/cyberdeck-scout/Firmware/bms-tiny404/bms-tiny404.ino:201
  i2cWrite(REG_SUBCMD_DATA, meta, sizeof(meta));
 676:	42 e0       	ldi	r20, 0x02	; 2
 678:	be 01       	movw	r22, r28
 67a:	6c 5f       	subi	r22, 0xFC	; 252
 67c:	7f 4f       	sbci	r23, 0xFF	; 255
 67e:	80 e6       	ldi	r24, 0x60	; 96
 680:	88 df       	rcall	.-240    	; 0x592 <i2cWrite(unsigned char, unsigned char const*, unsigned char)>
/media/nvme_raid0/mPC/cyberdeck-scout/Firmware/bms-tiny404/bms-tiny404.ino:202
}
 682:	25 96       	adiw	r28, 0x05	; 5
 684:	cd bf       	out	0x3d, r28	; 61
 686:	de bf       	out	0x3e, r29	; 62
 688:	df 91       	pop	r29
 68a:	cf 91       	pop	r28
 68c:	08 95       	ret

0000068e <configureBq76905()>:
configureBq76905():
/media/nvme_raid0/mPC/cyberdeck-scout/Firmware/bms-tiny404/bms-tiny404.ino:433
  Wire.beginTransmission(BQ_ADDR);
  lastI2cError = Wire.endTransmission();
  return lastI2cError == 0;
}

static bool configureBq76905() {
 68e:	0f 93       	push	r16
 690:	1f 93       	push	r17
 692:	cf 93       	push	r28
 694:	df 93       	push	r29
 696:	00 d0       	rcall	.+0      	; 0x698 <configureBq76905()+0xa>
 698:	cd b7       	in	r28, 0x3d	; 61
 69a:	de b7       	in	r29, 0x3e	; 62
beginTransmission():
/home/tangles/.arduino15/packages/megaTinyCore/hardware/megaavr/2.6.12/libraries/Wire/src/Wire.cpp:773
void TwoWire::beginTransmission(uint8_t address) {
  if (__builtin_constant_p(address) > 0x7F) {     // Compile-time check if address is actually 7 bit long
    badArg("Supplied address seems to be 8 bit. Only 7-bit-addresses are supported");
    return;
  }
  if (_bools._hostEnabled) {
 69c:	80 91 3d 3f 	lds	r24, 0x3F3D	; 0x803f3d <Wire+0xb>
 6a0:	81 ff       	sbrs	r24, 1
 6a2:	07 c0       	rjmp	.+14     	; 0x6b2 <configureBq76905()+0x24>
/home/tangles/.arduino15/packages/megaTinyCore/hardware/megaavr/2.6.12/libraries/Wire/src/Wire.cpp:775
    // set address of targeted client
    _clientAddress = address << 1;
 6a4:	80 e1       	ldi	r24, 0x10	; 16
 6a6:	80 93 43 3f 	sts	0x3F43, r24	; 0x803f43 <Wire+0x11>
/home/tangles/.arduino15/packages/megaTinyCore/hardware/megaavr/2.6.12/libraries/Wire/src/Wire.cpp:776
    _bytesToReadWrite = 0;  // fill buffer from 0
 6aa:	10 92 44 3f 	sts	0x3F44, r1	; 0x803f44 <Wire+0x12>
/home/tangles/.arduino15/packages/megaTinyCore/hardware/megaavr/2.6.12/libraries/Wire/src/Wire.cpp:777
    _bytesReadWritten = 0;
 6ae:	10 92 45 3f 	sts	0x3F45, r1	; 0x803f45 <Wire+0x13>
endTransmission():
/home/tangles/.arduino15/packages/megaTinyCore/hardware/megaavr/2.6.12/libraries/Wire/src/Wire.h:253
 6b2:	81 e0       	ldi	r24, 0x01	; 1
 6b4:	f2 dc       	rcall	.-1564   	; 0x9a <TwoWire::endTransmission(bool) [clone .constprop.14]>
 6b6:	18 2f       	mov	r17, r24
bqPresent():
/media/nvme_raid0/mPC/cyberdeck-scout/Firmware/bms-tiny404/bms-tiny404.ino:429
}
#endif

static bool bqPresent() {
  Wire.beginTransmission(BQ_ADDR);
  lastI2cError = Wire.endTransmission();
 6b8:	80 93 1e 3f 	sts	0x3F1E, r24	; 0x803f1e <lastI2cError>
configureBq76905():
/media/nvme_raid0/mPC/cyberdeck-scout/Firmware/bms-tiny404/bms-tiny404.ino:434
  return lastI2cError == 0;
}

static bool configureBq76905() {
  if (!bqPresent()) {
 6bc:	88 23       	and	r24, r24
 6be:	f1 f0       	breq	.+60     	; 0x6fc <configureBq76905()+0x6e>
/media/nvme_raid0/mPC/cyberdeck-scout/Firmware/bms-tiny404/bms-tiny404.ino:436
    // N<err> <pinlevels>: pinlevels bit0=SDA, bit1=SCL (3 = bus idle high).
    debugChar('N');
 6c0:	8e e4       	ldi	r24, 0x4E	; 78
 6c2:	05 de       	rcall	.-1014   	; 0x2ce <debugChar(char)>
/media/nvme_raid0/mPC/cyberdeck-scout/Firmware/bms-tiny404/bms-tiny404.ino:437
    debugUint(lastI2cError);
 6c4:	81 2f       	mov	r24, r17
 6c6:	90 e0       	ldi	r25, 0x00	; 0
 6c8:	15 de       	rcall	.-982    	; 0x2f4 <debugUint(unsigned int)>
/media/nvme_raid0/mPC/cyberdeck-scout/Firmware/bms-tiny404/bms-tiny404.ino:438
    debugChar(' ');
 6ca:	80 e2       	ldi	r24, 0x20	; 32
 6cc:	00 de       	rcall	.-1024   	; 0x2ce <debugChar(char)>
TWI0_checkPinLevel():
/home/tangles/.arduino15/packages/megaTinyCore/hardware/megaavr/2.6.12/libraries/Wire/src/twi_pins.c:494
      port = &PORTA;
    }
    return ((port->IN & 0x0C) >> 2);
  #elif defined(MEGATINYCORE)  /* tinyAVR 0/1-series */
    #if defined(PORTMUX_TWI0_bm)  // Has a pin multiplexer
      if (PORTMUX.CTRLB & PORTMUX_TWI0_bm) {
 6ce:	80 91 01 02 	lds	r24, 0x0201	; 0x800201 <digital_pin_to_bit_mask+0x7f7211>
 6d2:	84 ff       	sbrs	r24, 4
 6d4:	11 c0       	rjmp	.+34     	; 0x6f8 <configureBq76905()+0x6a>
/home/tangles/.arduino15/packages/megaTinyCore/hardware/megaavr/2.6.12/libraries/Wire/src/twi_pins.c:495
        return ((VPORTA.IN & 0x06) >> 1);
 6d6:	82 b1       	in	r24, 0x02	; 2
 6d8:	90 e0       	ldi	r25, 0x00	; 0
 6da:	95 95       	asr	r25
 6dc:	87 95       	ror	r24
/home/tangles/.arduino15/packages/megaTinyCore/hardware/megaavr/2.6.12/libraries/Wire/src/twi_pins.c:497
      } else {
        return (VPORTB.IN & 0x03);
 6de:	83 70       	andi	r24, 0x03	; 3
configureBq76905():
/media/nvme_raid0/mPC/cyberdeck-scout/Firmware/bms-tiny404/bms-tiny404.ino:439
    debugChar((char)('0' + Wire.checkPinLevels()));
 6e0:	80 5d       	subi	r24, 0xD0	; 208
 6e2:	f5 dd       	rcall	.-1046   	; 0x2ce <debugChar(char)>
/media/nvme_raid0/mPC/cyberdeck-scout/Firmware/bms-tiny404/bms-tiny404.ino:440
    debugNl();
 6e4:	fb dd       	rcall	.-1034   	; 0x2dc <debugNl()>
/media/nvme_raid0/mPC/cyberdeck-scout/Firmware/bms-tiny404/bms-tiny404.ino:441
    return false;
 6e6:	10 e0       	ldi	r17, 0x00	; 0
/media/nvme_raid0/mPC/cyberdeck-scout/Firmware/bms-tiny404/bms-tiny404.ino:486
  const bool ok = sendSubcommand(EXIT_CFGUPDATE) == 0;
  delay(100);
  debugChar(ok ? 'O' : 'E');
  debugNl();
  return ok;
}
 6e8:	81 2f       	mov	r24, r17
 6ea:	0f 90       	pop	r0
 6ec:	0f 90       	pop	r0
 6ee:	df 91       	pop	r29
 6f0:	cf 91       	pop	r28
 6f2:	1f 91       	pop	r17
 6f4:	0f 91       	pop	r16
 6f6:	08 95       	ret
TWI0_checkPinLevel():
/home/tangles/.arduino15/packages/megaTinyCore/hardware/megaavr/2.6.12/libraries/Wire/src/twi_pins.c:497
 6f8:	86 b1       	in	r24, 0x06	; 6
 6fa:	f1 cf       	rjmp	.-30     	; 0x6de <configureBq76905()+0x50>
sendSubcommand():
/media/nvme_raid0/mPC/cyberdeck-scout/Firmware/bms-tiny404/bms-tiny404.ino:188
  lastI2cError = 0;
  return true;
}

static uint8_t sendSubcommand(uint16_t cmd) {
  uint8_t buf[2] = { (uint8_t)(cmd & 0xFF), (uint8_t)(cmd >> 8) };
 6fc:	80 e9       	ldi	r24, 0x90	; 144
 6fe:	89 83       	std	Y+1, r24	; 0x01
 700:	1a 82       	std	Y+2, r1	; 0x02
/media/nvme_raid0/mPC/cyberdeck-scout/Firmware/bms-tiny404/bms-tiny404.ino:189
  return i2cWrite(REG_SUBCMD, buf, sizeof(buf));
 702:	42 e0       	ldi	r20, 0x02	; 2
 704:	be 01       	movw	r22, r28
 706:	6f 5f       	subi	r22, 0xFF	; 255
 708:	7f 4f       	sbci	r23, 0xFF	; 255
 70a:	8e e3       	ldi	r24, 0x3E	; 62
 70c:	42 df       	rcall	.-380    	; 0x592 <i2cWrite(unsigned char, unsigned char const*, unsigned char)>
_delay_ms():
/home/tangles/.arduino15/packages/DxCore/tools/avr-gcc/7.3.0-atmel3.6.1-azduino8a/avr/include/util/delay.h:187
 70e:	8f e4       	ldi	r24, 0x4F	; 79
 710:	93 ec       	ldi	r25, 0xC3	; 195
 712:	01 97       	sbiw	r24, 0x01	; 1
 714:	f1 f7       	brne	.-4      	; 0x712 <configureBq76905()+0x84>
 716:	00 c0       	rjmp	.+0      	; 0x718 <configureBq76905()+0x8a>
 718:	00 00       	nop
configureBq76905():
/media/nvme_raid0/mPC/cyberdeck-scout/Firmware/bms-tiny404/bms-tiny404.ino:448

  sendSubcommand(SET_CFGUPDATE);
  delay(10);

  // 2S Li-ion defaults (VcellMode uses 0x00 for 2-series)
  writeConfig8(VcellMode, 0x02);
 71a:	62 e0       	ldi	r22, 0x02	; 2
 71c:	8b e1       	ldi	r24, 0x1B	; 27
 71e:	90 e9       	ldi	r25, 0x90	; 144
 720:	8e df       	rcall	.-228    	; 0x63e <writeConfig8(unsigned int, unsigned char)>
/media/nvme_raid0/mPC/cyberdeck-scout/Firmware/bms-tiny404/bms-tiny404.ino:452

  // Enable autonomous FET control and allow CHG FET in SLEEP mode.
  // Bit map (Table 12-8): SLEEPCHG=bit4, SFET=bit3, FET_EN=bit2.
  writeConfig8(FETOptions, 0x1C);
 722:	6c e1       	ldi	r22, 0x1C	; 28
 724:	8e e1       	ldi	r24, 0x1E	; 30
 726:	90 e9       	ldi	r25, 0x90	; 144
 728:	8a df       	rcall	.-236    	; 0x63e <writeConfig8(unsigned int, unsigned char)>
/media/nvme_raid0/mPC/cyberdeck-scout/Firmware/bms-tiny404/bms-tiny404.ino:458
  //writeConfig8(FETOptions, 0x04);

  // Enable only CUV/COV safety protections.
  // SafetyStatusA bit mapping uses COV=bit7, CUV=bit6 -> mask 0xC0.
  // Use 8-bit writes here because EnabledProtectionsA/B are 1-byte fields.
  writeConfig8(EnabledProtectionsA, 0xC0);
 72a:	60 ec       	ldi	r22, 0xC0	; 192
 72c:	84 e2       	ldi	r24, 0x24	; 36
 72e:	90 e9       	ldi	r25, 0x90	; 144
 730:	86 df       	rcall	.-244    	; 0x63e <writeConfig8(unsigned int, unsigned char)>
/media/nvme_raid0/mPC/cyberdeck-scout/Firmware/bms-tiny404/bms-tiny404.ino:459
  writeConfig8(EnabledProtectionsB, 0x00);
 732:	60 e0       	ldi	r22, 0x00	; 0
 734:	85 e2       	ldi	r24, 0x25	; 37
 736:	90 e9       	ldi	r25, 0x90	; 144
 738:	82 df       	rcall	.-252    	; 0x63e <writeConfig8(unsigned int, unsigned char)>
/media/nvme_raid0/mPC/cyberdeck-scout/Firmware/bms-tiny404/bms-tiny404.ino:463
  // Cell balancing settings:
  // - CB_NO_CMD=0 (allow CB_ACTIVE_CELLS host command), CBDLY=1ms (0x02 default)
  // - very permissive balance temperature window during bring-up
  writeConfig8(BalancingConfiguration, 0x02);
 73a:	62 e0       	ldi	r22, 0x02	; 2
 73c:	80 e2       	ldi	r24, 0x20	; 32
 73e:	90 e9       	ldi	r25, 0x90	; 144
 740:	7e df       	rcall	.-260    	; 0x63e <writeConfig8(unsigned int, unsigned char)>
/media/nvme_raid0/mPC/cyberdeck-scout/Firmware/bms-tiny404/bms-tiny404.ino:464
  writeConfig8(BalancingMinTempThreshold, 0xFF);
 742:	6f ef       	ldi	r22, 0xFF	; 255
 744:	81 e2       	ldi	r24, 0x21	; 33
 746:	90 e9       	ldi	r25, 0x90	; 144
 748:	7a df       	rcall	.-268    	; 0x63e <writeConfig8(unsigned int, unsigned char)>
/media/nvme_raid0/mPC/cyberdeck-scout/Firmware/bms-tiny404/bms-tiny404.ino:465
  writeConfig8(BalancingMaxTempThreshold, 0x00);
 74a:	60 e0       	ldi	r22, 0x00	; 0
 74c:	82 e2       	ldi	r24, 0x22	; 34
 74e:	90 e9       	ldi	r25, 0x90	; 144
 750:	76 df       	rcall	.-276    	; 0x63e <writeConfig8(unsigned int, unsigned char)>
/media/nvme_raid0/mPC/cyberdeck-scout/Firmware/bms-tiny404/bms-tiny404.ino:466
  writeConfig8(BalancingMaxInternalTemp, 110);
 752:	6e e6       	ldi	r22, 0x6E	; 110
 754:	83 e2       	ldi	r24, 0x23	; 35
 756:	90 e9       	ldi	r25, 0x90	; 144
 758:	72 df       	rcall	.-284    	; 0x63e <writeConfig8(unsigned int, unsigned char)>
/media/nvme_raid0/mPC/cyberdeck-scout/Firmware/bms-tiny404/bms-tiny404.ino:469
  // Debug-friendly: enable all alarm sources so AlarmStatus can latch SSA/SSB
  // and other events for host visibility.
  writeConfig16(DefaultAlarmMask, 0xFFFF);
 75a:	6f ef       	ldi	r22, 0xFF	; 255
 75c:	7f ef       	ldi	r23, 0xFF	; 255
 75e:	8c e1       	ldi	r24, 0x1C	; 28
 760:	90 e9       	ldi	r25, 0x90	; 144
 762:	41 df       	rcall	.-382    	; 0x5e6 <writeConfig16(unsigned int, unsigned int)>
/media/nvme_raid0/mPC/cyberdeck-scout/Firmware/bms-tiny404/bms-tiny404.ino:473

  // Typical 2S Li-ion per-cell thresholds.
  // Thresholds are mV (I2). Delay/hysteresis are compact encoded fields (U1/H1).
  writeConfig16(CellUndervoltageProtectionThreshold, CELL_UV_THRESHOLD_MV);
 764:	68 eb       	ldi	r22, 0xB8	; 184
 766:	7b e0       	ldi	r23, 0x0B	; 11
 768:	8e e2       	ldi	r24, 0x2E	; 46
 76a:	90 e9       	ldi	r25, 0x90	; 144
 76c:	3c df       	rcall	.-392    	; 0x5e6 <writeConfig16(unsigned int, unsigned int)>
/media/nvme_raid0/mPC/cyberdeck-scout/Firmware/bms-tiny404/bms-tiny404.ino:474
  writeConfig8(CellUndervoltageProtectionDelay, 10);         // 10 ADSCAN intervals
 76e:	6a e0       	ldi	r22, 0x0A	; 10
 770:	80 e3       	ldi	r24, 0x30	; 48
 772:	90 e9       	ldi	r25, 0x90	; 144
 774:	64 df       	rcall	.-312    	; 0x63e <writeConfig8(unsigned int, unsigned char)>
/media/nvme_raid0/mPC/cyberdeck-scout/Firmware/bms-tiny404/bms-tiny404.ino:475
  writeConfig8(CellUndervoltageProtectionRecoveryHysteresis, 2); // +100mV, autonomous recovery enabled
 776:	62 e0       	ldi	r22, 0x02	; 2
 778:	81 e3       	ldi	r24, 0x31	; 49
 77a:	90 e9       	ldi	r25, 0x90	; 144
 77c:	60 df       	rcall	.-320    	; 0x63e <writeConfig8(unsigned int, unsigned char)>
/media/nvme_raid0/mPC/cyberdeck-scout/Firmware/bms-tiny404/bms-tiny404.ino:477

  writeConfig16(CellOvervoltageProtectionThreshold, CELL_OV_THRESHOLD_MV);
 77e:	68 e6       	ldi	r22, 0x68	; 104
 780:	70 e1       	ldi	r23, 0x10	; 16
 782:	82 e3       	ldi	r24, 0x32	; 50
 784:	90 e9       	ldi	r25, 0x90	; 144
 786:	2f df       	rcall	.-418    	; 0x5e6 <writeConfig16(unsigned int, unsigned int)>
/media/nvme_raid0/mPC/cyberdeck-scout/Firmware/bms-tiny404/bms-tiny404.ino:478
  writeConfig8(CellOvervoltageProtectionDelay, 10);          // 10 ADSCAN intervals
 788:	6a e0       	ldi	r22, 0x0A	; 10
 78a:	84 e3       	ldi	r24, 0x34	; 52
 78c:	90 e9       	ldi	r25, 0x90	; 144
 78e:	57 df       	rcall	.-338    	; 0x63e <writeConfig8(unsigned int, unsigned char)>
/media/nvme_raid0/mPC/cyberdeck-scout/Firmware/bms-tiny404/bms-tiny404.ino:479
  writeConfig8(CellOvervoltageProtectionRecoveryHysteresis, 2); // -100mV, autonomous recovery enabled
 790:	62 e0       	ldi	r22, 0x02	; 2
 792:	85 e3       	ldi	r24, 0x35	; 53
 794:	90 e9       	ldi	r25, 0x90	; 144
 796:	53 df       	rcall	.-346    	; 0x63e <writeConfig8(unsigned int, unsigned char)>
sendSubcommand():
/media/nvme_raid0/mPC/cyberdeck-scout/Firmware/bms-tiny404/bms-tiny404.ino:188
  lastI2cError = 0;
  return true;
}

static uint8_t sendSubcommand(uint16_t cmd) {
  uint8_t buf[2] = { (uint8_t)(cmd & 0xFF), (uint8_t)(cmd >> 8) };
 798:	82 e9       	ldi	r24, 0x92	; 146
 79a:	89 83       	std	Y+1, r24	; 0x01
 79c:	1a 82       	std	Y+2, r1	; 0x02
/media/nvme_raid0/mPC/cyberdeck-scout/Firmware/bms-tiny404/bms-tiny404.ino:189
  return i2cWrite(REG_SUBCMD, buf, sizeof(buf));
 79e:	42 e0       	ldi	r20, 0x02	; 2
 7a0:	be 01       	movw	r22, r28
 7a2:	6f 5f       	subi	r22, 0xFF	; 255
 7a4:	7f 4f       	sbci	r23, 0xFF	; 255
 7a6:	8e e3       	ldi	r24, 0x3E	; 62
 7a8:	f4 de       	rcall	.-536    	; 0x592 <i2cWrite(unsigned char, unsigned char const*, unsigned char)>
 7aa:	08 2f       	mov	r16, r24
delay():
 7ac:	64 e6       	ldi	r22, 0x64	; 100
 7ae:	70 e0       	ldi	r23, 0x00	; 0
 7b0:	80 e0       	ldi	r24, 0x00	; 0
 7b2:	90 e0       	ldi	r25, 0x00	; 0
 7b4:	ec dc       	rcall	.-1576   	; 0x18e <delay.part.0>
configureBq76905():
/media/nvme_raid0/mPC/cyberdeck-scout/Firmware/bms-tiny404/bms-tiny404.ino:483
  writeConfig8(CellOvervoltageProtectionDelay, 10);          // 10 ADSCAN intervals
  writeConfig8(CellOvervoltageProtectionRecoveryHysteresis, 2); // -100mV, autonomous recovery enabled

  const bool ok = sendSubcommand(EXIT_CFGUPDATE) == 0;
  delay(100);
  debugChar(ok ? 'O' : 'E');
 7b6:	8f e4       	ldi	r24, 0x4F	; 79
 7b8:	01 11       	cpse	r16, r1
 7ba:	85 e4       	ldi	r24, 0x45	; 69
/media/nvme_raid0/mPC/cyberdeck-scout/Firmware/bms-tiny404/bms-tiny404.ino:481

  writeConfig16(CellOvervoltageProtectionThreshold, CELL_OV_THRESHOLD_MV);
  writeConfig8(CellOvervoltageProtectionDelay, 10);          // 10 ADSCAN intervals
  writeConfig8(CellOvervoltageProtectionRecoveryHysteresis, 2); // -100mV, autonomous recovery enabled

  const bool ok = sendSubcommand(EXIT_CFGUPDATE) == 0;
 7bc:	11 e0       	ldi	r17, 0x01	; 1
 7be:	01 11       	cpse	r16, r1
 7c0:	10 e0       	ldi	r17, 0x00	; 0
/media/nvme_raid0/mPC/cyberdeck-scout/Firmware/bms-tiny404/bms-tiny404.ino:483
  delay(100);
  debugChar(ok ? 'O' : 'E');
 7c2:	85 dd       	rcall	.-1270   	; 0x2ce <debugChar(char)>
/media/nvme_raid0/mPC/cyberdeck-scout/Firmware/bms-tiny404/bms-tiny404.ino:484
  debugNl();
 7c4:	8b dd       	rcall	.-1258   	; 0x2dc <debugNl()>
 7c6:	90 cf       	rjmp	.-224    	; 0x6e8 <configureBq76905()+0x5a>

000007c8 <__vector_9>:
__vector_9():
/home/tangles/.arduino15/packages/megaTinyCore/hardware/megaavr/2.6.12/cores/megatinycore/wiring_micros_ISR.h:839
  #else
    ISR(MILLIS_TIMER_VECTOR, ISR_NAKED) {
      // Common Interrupt header for TCB, TCA and TCD;
      // Clears the Timer Interrupt flag and pushes the CPU Registers
      // 7 words / 7 clocks
      __asm__ __volatile__(
 7c8:	8f 93       	push	r24
 7ca:	82 e0       	ldi	r24, 0x02	; 2
 7cc:	80 93 0b 0a 	sts	0x0A0B, r24	; 0x800a0b <digital_pin_to_bit_mask+0x7f7a1b>
 7d0:	8f b7       	in	r24, 0x3f	; 63
 7d2:	8f 93       	push	r24
 7d4:	ef 93       	push	r30
 7d6:	ff 93       	push	r31
/home/tangles/.arduino15/packages/megaTinyCore/hardware/megaavr/2.6.12/cores/megatinycore/wiring_micros_ISR.h:950
        [MIINC]  "M" ((0x0000 - MILLIS_INC) & 0xFF),
        [MINCD]  "M" ((0xFFFF - MILLIS_INC) & 0xFF)
      );
  */

      __asm__ __volatile__(
 7d8:	e8 e2       	ldi	r30, 0x28	; 40
 7da:	ff e3       	ldi	r31, 0x3F	; 63
 7dc:	9f 93       	push	r25
 7de:	68 94       	set
 7e0:	8f ef       	ldi	r24, 0xFF	; 255
 7e2:	0d c0       	rjmp	.+26     	; 0x7fe <sub4>

000007e4 <ovf_end>:
 7e4:	e8 94       	clt
 7e6:	84 81       	ldd	r24, Z+4	; 0x04
 7e8:	95 81       	ldd	r25, Z+5	; 0x05
 7ea:	80 5d       	subi	r24, 0xD0	; 208
 7ec:	9c 4f       	sbci	r25, 0xFC	; 252
 7ee:	84 83       	std	Z+4, r24	; 0x04
 7f0:	95 83       	std	Z+5, r25	; 0x05
 7f2:	88 5e       	subi	r24, 0xE8	; 232
 7f4:	93 40       	sbci	r25, 0x03	; 3
 7f6:	80 f0       	brcs	.+32     	; 0x818 <sub_end>
 7f8:	84 83       	std	Z+4, r24	; 0x04
 7fa:	95 83       	std	Z+5, r25	; 0x05
 7fc:	8f ef       	ldi	r24, 0xFF	; 255

000007fe <sub4>:
 7fe:	90 81       	ld	r25, Z
 800:	98 1b       	sub	r25, r24
 802:	91 93       	st	Z+, r25
 804:	90 81       	ld	r25, Z
 806:	9f 4f       	sbci	r25, 0xFF	; 255
 808:	91 93       	st	Z+, r25
 80a:	90 81       	ld	r25, Z
 80c:	9f 4f       	sbci	r25, 0xFF	; 255
 80e:	91 93       	st	Z+, r25
 810:	90 81       	ld	r25, Z
 812:	9f 4f       	sbci	r25, 0xFF	; 255
 814:	91 93       	st	Z+, r25
 816:	36 f3       	brts	.-52     	; 0x7e4 <ovf_end>

00000818 <sub_end>:
 818:	9f 91       	pop	r25
/home/tangles/.arduino15/packages/megaTinyCore/hardware/megaavr/2.6.12/cores/megatinycore/wiring_micros_ISR.h:1012
        [MINCD]  "M" ((0xFFFF - MILLIS_INC) & 0xFF)
      );
    #endif /* (defined(MILLIS_USE_TIMERB0) || defined(MILLIS_USE_TIMERB1) || defined(MILLIS_USE_TIMERB2) || defined(MILLIS_USE_TIMERB3) || defined(MILLIS_USE_TIMERB4)) */
    // Common ISR Epilogue for TCA, TCB and TCD, popping register in reverse Order
    // 6 words, 14 clocks
    __asm__ __volatile__(
 81a:	ff 91       	pop	r31
 81c:	ef 91       	pop	r30
 81e:	8f 91       	pop	r24
 820:	8f bf       	out	0x3f, r24	; 63
 822:	8f 91       	pop	r24
 824:	18 95       	reti

00000826 <__vector_19>:
__vector_19():
/home/tangles/.arduino15/packages/megaTinyCore/hardware/megaavr/2.6.12/libraries/Wire/src/Wire.cpp:1421


/**
 *@brief      TWI0 Slave Interrupt vector
 */
ISR(TWI0_TWIS_vect) {
 826:	1f 92       	push	r1
 828:	0f 92       	push	r0
 82a:	0f b6       	in	r0, 0x3f	; 63
 82c:	0f 92       	push	r0
 82e:	11 24       	eor	r1, r1
 830:	1f 93       	push	r17
 832:	2f 93       	push	r18
 834:	3f 93       	push	r19
 836:	4f 93       	push	r20
 838:	5f 93       	push	r21
 83a:	6f 93       	push	r22
 83c:	7f 93       	push	r23
 83e:	8f 93       	push	r24
 840:	9f 93       	push	r25
 842:	af 93       	push	r26
 844:	bf 93       	push	r27
 846:	cf 93       	push	r28
 848:	df 93       	push	r29
 84a:	ef 93       	push	r30
 84c:	ff 93       	push	r31
/home/tangles/.arduino15/packages/megaTinyCore/hardware/megaavr/2.6.12/libraries/Wire/src/Wire.cpp:1422
  TwoWire::HandleSlaveIRQ(twi0_wire);
 84e:	c0 91 05 3f 	lds	r28, 0x3F05	; 0x803f05 <twi0_wire>
 852:	d0 91 06 3f 	lds	r29, 0x3F06	; 0x803f06 <twi0_wire+0x1>
HandleSlaveIRQ():
/home/tangles/.arduino15/packages/megaTinyCore/hardware/megaavr/2.6.12/libraries/Wire/src/Wire.cpp:1291




void TwoWire::HandleSlaveIRQ(TwoWire *wire_s) {
  if (wire_s == NULL) {
 856:	20 97       	sbiw	r28, 0x00	; 0
 858:	b9 f1       	breq	.+110    	; 0x8c8 <__vector_19+0xa2>
/home/tangles/.arduino15/packages/megaTinyCore/hardware/megaavr/2.6.12/libraries/Wire/src/Wire.cpp:1314
  #if defined(TWI_MANDS)
    wire_s->_bools._toggleStreamFn = 0x01;
  #endif

  uint8_t action = 0;
  uint8_t clientStatus = wire_s->_module->SSTATUS;
 85a:	a8 85       	ldd	r26, Y+8	; 0x08
 85c:	b9 85       	ldd	r27, Y+9	; 0x09
 85e:	1b 96       	adiw	r26, 0x0b	; 11
 860:	1c 91       	ld	r17, X
 862:	1b 97       	sbiw	r26, 0x0b	; 11
/home/tangles/.arduino15/packages/megaTinyCore/hardware/megaavr/2.6.12/libraries/Wire/src/Wire.cpp:1317


  if (clientStatus & TWI_APIF_bm) {   // Address/Stop Bit set
 864:	16 ff       	sbrs	r17, 6
 866:	53 c0       	rjmp	.+166    	; 0x90e <__vector_19+0xe8>
/home/tangles/.arduino15/packages/megaTinyCore/hardware/megaavr/2.6.12/libraries/Wire/src/Wire.cpp:1318
    if (wire_s->_bools._hostDataSent != 0) { // At this point, we have either a START, REPSTART or a STOP
 868:	8b 85       	ldd	r24, Y+11	; 0x0b
 86a:	83 ff       	sbrs	r24, 3
 86c:	09 c0       	rjmp	.+18     	; 0x880 <__vector_19+0x5a>
/home/tangles/.arduino15/packages/megaTinyCore/hardware/megaavr/2.6.12/libraries/Wire/src/Wire.cpp:1319
      wire_s->_bools._hostDataSent = 0x00;
 86e:	87 7f       	andi	r24, 0xF7	; 247
 870:	8b 87       	std	Y+11, r24	; 0x0b
/home/tangles/.arduino15/packages/megaTinyCore/hardware/megaavr/2.6.12/libraries/Wire/src/Wire.cpp:1320
      if (wire_s->user_onReceive != NULL) {   // only if the last APIF was a Master Write,
 872:	ef 85       	ldd	r30, Y+15	; 0x0f
 874:	f8 89       	ldd	r31, Y+16	; 0x10
 876:	30 97       	sbiw	r30, 0x00	; 0
 878:	19 f0       	breq	.+6      	; 0x880 <__vector_19+0x5a>
/home/tangles/.arduino15/packages/megaTinyCore/hardware/megaavr/2.6.12/libraries/Wire/src/Wire.cpp:1321
        wire_s->user_onReceive((*head));      // we notify the sketch about new Data
 87a:	8a 89       	ldd	r24, Y+18	; 0x12
 87c:	90 e0       	ldi	r25, 0x00	; 0
 87e:	09 95       	icall
/home/tangles/.arduino15/packages/megaTinyCore/hardware/megaavr/2.6.12/libraries/Wire/src/Wire.cpp:1325
      }
    }

    if (clientStatus & TWI_AP_bm) {     // Address bit set
 880:	10 ff       	sbrs	r17, 0
 882:	3b c0       	rjmp	.+118    	; 0x8fa <__vector_19+0xd4>
/home/tangles/.arduino15/packages/megaTinyCore/hardware/megaavr/2.6.12/libraries/Wire/src/Wire.cpp:1326
      if ((*head) == 0) {                 // only if there was no data (START)
 884:	8a 89       	ldd	r24, Y+18	; 0x12
 886:	81 11       	cpse	r24, r1
 888:	0b c0       	rjmp	.+22     	; 0x8a0 <__vector_19+0x7a>
pauseDeepSleep():
/home/tangles/.arduino15/packages/megaTinyCore/hardware/megaavr/2.6.12/libraries/Wire/src/Wire.cpp:1465
    sleepStackLoc |= bit_mask;      // Remember which module is busy
    sleepStack = sleepStackLoc;
  #else
    (void) module_lower_Addr;

    if (sleepStack == 0x00) {
 88a:	80 91 04 3f 	lds	r24, 0x3F04	; 0x803f04 <__data_end>
 88e:	81 11       	cpse	r24, r1
 890:	07 c0       	rjmp	.+14     	; 0x8a0 <__vector_19+0x7a>
/home/tangles/.arduino15/packages/megaTinyCore/hardware/megaavr/2.6.12/libraries/Wire/src/Wire.cpp:1466
      uint8_t slp = SLPCTRL.CTRLA;    // save current sleep State
 892:	80 91 50 00 	lds	r24, 0x0050	; 0x800050 <digital_pin_to_bit_mask+0x7f7060>
/home/tangles/.arduino15/packages/megaTinyCore/hardware/megaavr/2.6.12/libraries/Wire/src/Wire.cpp:1467
      sleepStack = slp;               // using local variable for less store/load
 896:	80 93 04 3f 	sts	0x3F04, r24	; 0x803f04 <__data_end>
/home/tangles/.arduino15/packages/megaTinyCore/hardware/megaavr/2.6.12/libraries/Wire/src/Wire.cpp:1468
      SLPCTRL.CTRLA = slp & 0x01;     // only leave the SEN bit, if it was set
 89a:	81 70       	andi	r24, 0x01	; 1
 89c:	80 93 50 00 	sts	0x0050, r24	; 0x800050 <digital_pin_to_bit_mask+0x7f7060>
HandleSlaveIRQ():
/home/tangles/.arduino15/packages/megaTinyCore/hardware/megaavr/2.6.12/libraries/Wire/src/Wire.cpp:1329

    if (clientStatus & TWI_AP_bm) {     // Address bit set
      if ((*head) == 0) {                 // only if there was no data (START)
        pauseDeepSleep((uint8_t)((uint16_t)wire_s->_module));  // Only START can wake from deep sleep, change to IDLE
      }
      (*head) = 0;
 8a0:	1a 8a       	std	Y+18, r1	; 0x12
/home/tangles/.arduino15/packages/megaTinyCore/hardware/megaavr/2.6.12/libraries/Wire/src/Wire.cpp:1330
      (*tail) = 0;
 8a2:	1b 8a       	std	Y+19, r1	; 0x13
/home/tangles/.arduino15/packages/megaTinyCore/hardware/megaavr/2.6.12/libraries/Wire/src/Wire.cpp:1331
      (*address) = wire_s->_module->SDATA;  // read address from data register
 8a4:	e8 85       	ldd	r30, Y+8	; 0x08
 8a6:	f9 85       	ldd	r31, Y+9	; 0x09
 8a8:	85 85       	ldd	r24, Z+13	; 0x0d
 8aa:	89 8b       	std	Y+17, r24	; 0x11
/home/tangles/.arduino15/packages/megaTinyCore/hardware/megaavr/2.6.12/libraries/Wire/src/Wire.cpp:1332
      if (clientStatus & TWI_DIR_bm) {      // Master is reading
 8ac:	11 ff       	sbrs	r17, 1
 8ae:	20 c0       	rjmp	.+64     	; 0x8f0 <__vector_19+0xca>
/home/tangles/.arduino15/packages/megaTinyCore/hardware/megaavr/2.6.12/libraries/Wire/src/Wire.cpp:1333
        if (wire_s->user_onRequest != NULL) {
 8b0:	ed 85       	ldd	r30, Y+13	; 0x0d
 8b2:	fe 85       	ldd	r31, Y+14	; 0x0e
 8b4:	30 97       	sbiw	r30, 0x00	; 0
 8b6:	09 f0       	breq	.+2      	; 0x8ba <__vector_19+0x94>
/home/tangles/.arduino15/packages/megaTinyCore/hardware/megaavr/2.6.12/libraries/Wire/src/Wire.cpp:1334
          wire_s->user_onRequest();
 8b8:	09 95       	icall
/home/tangles/.arduino15/packages/megaTinyCore/hardware/megaavr/2.6.12/libraries/Wire/src/Wire.cpp:1336
        }
        if ((*head) == 0) {                     // If no data to transmit, send NACK
 8ba:	8a 89       	ldd	r24, Y+18	; 0x12
 8bc:	81 11       	cpse	r24, r1
 8be:	1b c0       	rjmp	.+54     	; 0x8f6 <__vector_19+0xd0>
__vector_19():
/home/tangles/.arduino15/packages/megaTinyCore/hardware/megaavr/2.6.12/libraries/Wire/src/Wire.cpp:1337
          action = TWI_ACKACT_bm | TWI_SCMD_COMPTRANS_gc;  // NACK + "Wait for any Start (S/Sr) condition"
 8c0:	86 e0       	ldi	r24, 0x06	; 6
HandleSlaveIRQ():
/home/tangles/.arduino15/packages/megaTinyCore/hardware/megaavr/2.6.12/libraries/Wire/src/Wire.cpp:1382
          action = TWI_SCMD_RESPONSE_gc;            // "Execute Acknowledge Action succeeded by reception of next byte"
        }
      }
    }
  }
  wire_s->_module->SCTRLB = action;  // using local variable (register) reduces the amount of loading _module
 8c2:	e8 85       	ldd	r30, Y+8	; 0x08
 8c4:	f9 85       	ldd	r31, Y+9	; 0x09
 8c6:	82 87       	std	Z+10, r24	; 0x0a
__vector_19():
/home/tangles/.arduino15/packages/megaTinyCore/hardware/megaavr/2.6.12/libraries/Wire/src/Wire.cpp:1423
/**
 *@brief      TWI0 Slave Interrupt vector
 */
ISR(TWI0_TWIS_vect) {
  TwoWire::HandleSlaveIRQ(twi0_wire);
}
 8c8:	ff 91       	pop	r31
 8ca:	ef 91       	pop	r30
 8cc:	df 91       	pop	r29
 8ce:	cf 91       	pop	r28
 8d0:	bf 91       	pop	r27
 8d2:	af 91       	pop	r26
 8d4:	9f 91       	pop	r25
 8d6:	8f 91       	pop	r24
 8d8:	7f 91       	pop	r23
 8da:	6f 91       	pop	r22
 8dc:	5f 91       	pop	r21
 8de:	4f 91       	pop	r20
 8e0:	3f 91       	pop	r19
 8e2:	2f 91       	pop	r18
 8e4:	1f 91       	pop	r17
 8e6:	0f 90       	pop	r0
 8e8:	0f be       	out	0x3f, r0	; 63
 8ea:	0f 90       	pop	r0
 8ec:	1f 90       	pop	r1
 8ee:	18 95       	reti
HandleSlaveIRQ():
/home/tangles/.arduino15/packages/megaTinyCore/hardware/megaavr/2.6.12/libraries/Wire/src/Wire.cpp:1342
          action = TWI_ACKACT_bm | TWI_SCMD_COMPTRANS_gc;  // NACK + "Wait for any Start (S/Sr) condition"
        } else {
          action = TWI_SCMD_RESPONSE_gc;        // "Execute Acknowledge Action succeeded by reception of next byte"
        }
      } else {                          // Master is writing
        wire_s->_bools._hostDataSent = 0x01;
 8f0:	8b 85       	ldd	r24, Y+11	; 0x0b
 8f2:	88 60       	ori	r24, 0x08	; 8
 8f4:	8b 87       	std	Y+11, r24	; 0x0b
__vector_19():
/home/tangles/.arduino15/packages/megaTinyCore/hardware/megaavr/2.6.12/libraries/Wire/src/Wire.cpp:1343
        action = TWI_SCMD_RESPONSE_gc;  // "Execute Acknowledge Action succeeded by slave data interrupt"
 8f6:	83 e0       	ldi	r24, 0x03	; 3
 8f8:	e4 cf       	rjmp	.-56     	; 0x8c2 <__vector_19+0x9c>
restoreSleep():
/home/tangles/.arduino15/packages/megaTinyCore/hardware/megaavr/2.6.12/libraries/Wire/src/Wire.cpp:1490
      }
    }
    sleepStack = sleepStackLoc;
  #else
    (void) module_lower_Addr;
    SLPCTRL.CTRLA = sleepStack;
 8fa:	80 91 04 3f 	lds	r24, 0x3F04	; 0x803f04 <__data_end>
 8fe:	80 93 50 00 	sts	0x0050, r24	; 0x800050 <digital_pin_to_bit_mask+0x7f7060>
/home/tangles/.arduino15/packages/megaTinyCore/hardware/megaavr/2.6.12/libraries/Wire/src/Wire.cpp:1491
    sleepStack = 0;
 902:	10 92 04 3f 	sts	0x3F04, r1	; 0x803f04 <__data_end>
HandleSlaveIRQ():
/home/tangles/.arduino15/packages/megaTinyCore/hardware/megaavr/2.6.12/libraries/Wire/src/Wire.cpp:1347
        wire_s->_bools._hostDataSent = 0x01;
        action = TWI_SCMD_RESPONSE_gc;  // "Execute Acknowledge Action succeeded by slave data interrupt"
      }
    } else {                          // Stop bit set
      restoreSleep((uint8_t)((uint16_t)wire_s->_module));
      (*head) = 0;
 906:	1a 8a       	std	Y+18, r1	; 0x12
/home/tangles/.arduino15/packages/megaTinyCore/hardware/megaavr/2.6.12/libraries/Wire/src/Wire.cpp:1348
      (*tail) = 0;
 908:	1b 8a       	std	Y+19, r1	; 0x13
__vector_19():
/home/tangles/.arduino15/packages/megaTinyCore/hardware/megaavr/2.6.12/libraries/Wire/src/Wire.cpp:1366
          wire_s->_module->SDATA = buffer[(*tail)];  // Writing to the register to send data
          (*tail)++;                              // Increment counter for sent bytes
          action = TWI_SCMD_RESPONSE_gc;          // "Execute Acknowledge Action succeeded by reception of next byte"
        } else {                                  // No more data available
          (*head) = 0;                            // Avoid triggering REPSTART handler
          action = TWI_SCMD_COMPTRANS_gc;         // "Wait for any Start (S/Sr) condition"
 90a:	82 e0       	ldi	r24, 0x02	; 2
 90c:	da cf       	rjmp	.-76     	; 0x8c2 <__vector_19+0x9c>
HandleSlaveIRQ():
/home/tangles/.arduino15/packages/megaTinyCore/hardware/megaavr/2.6.12/libraries/Wire/src/Wire.cpp:1351
      restoreSleep((uint8_t)((uint16_t)wire_s->_module));
      (*head) = 0;
      (*tail) = 0;
      action = TWI_SCMD_COMPTRANS_gc;  // "Wait for any Start (S/Sr) condition"
    }
  } else if (clientStatus & TWI_DIF_bm) { // Data bit set
 90e:	17 ff       	sbrs	r17, 7
 910:	2e c0       	rjmp	.+92     	; 0x96e <__vector_19+0x148>
/home/tangles/.arduino15/packages/megaTinyCore/hardware/megaavr/2.6.12/libraries/Wire/src/Wire.cpp:1306
    buffer  =   wire_s->_clientBuffer;
  #else
    address = &(wire_s->_clientAddress);
    head    = &(wire_s->_bytesToReadWrite);
    tail    = &(wire_s->_bytesReadWritten);
    buffer  =   wire_s->_hostBuffer;
 912:	9e 01       	movw	r18, r28
 914:	2b 5e       	subi	r18, 0xEB	; 235
 916:	3f 4f       	sbci	r19, 0xFF	; 255
/home/tangles/.arduino15/packages/megaTinyCore/hardware/megaavr/2.6.12/libraries/Wire/src/Wire.cpp:1352
      (*head) = 0;
      (*tail) = 0;
      action = TWI_SCMD_COMPTRANS_gc;  // "Wait for any Start (S/Sr) condition"
    }
  } else if (clientStatus & TWI_DIF_bm) { // Data bit set
    if (clientStatus & TWI_DIR_bm) {        // Master is reading
 918:	11 ff       	sbrs	r17, 1
 91a:	1a c0       	rjmp	.+52     	; 0x950 <__vector_19+0x12a>
/home/tangles/.arduino15/packages/megaTinyCore/hardware/megaavr/2.6.12/libraries/Wire/src/Wire.cpp:1353
      if (clientStatus & wire_s->client_irq_mask) {   // If a collision was detected, or RXACK bit is set (when it matters)
 91c:	8a 85       	ldd	r24, Y+10	; 0x0a
 91e:	18 23       	and	r17, r24
 920:	21 f0       	breq	.+8      	; 0x92a <__vector_19+0x104>
/home/tangles/.arduino15/packages/megaTinyCore/hardware/megaavr/2.6.12/libraries/Wire/src/Wire.cpp:1354
        wire_s->client_irq_mask = TWI_COLL_bm;  // stop checking for NACK
 922:	88 e0       	ldi	r24, 0x08	; 8
 924:	8a 87       	std	Y+10, r24	; 0x0a
/home/tangles/.arduino15/packages/megaTinyCore/hardware/megaavr/2.6.12/libraries/Wire/src/Wire.cpp:1365
        if ((*tail) < (*head)) {                // Data is available
          wire_s->_module->SDATA = buffer[(*tail)];  // Writing to the register to send data
          (*tail)++;                              // Increment counter for sent bytes
          action = TWI_SCMD_RESPONSE_gc;          // "Execute Acknowledge Action succeeded by reception of next byte"
        } else {                                  // No more data available
          (*head) = 0;                            // Avoid triggering REPSTART handler
 926:	1a 8a       	std	Y+18, r1	; 0x12
 928:	f0 cf       	rjmp	.-32     	; 0x90a <__vector_19+0xe4>
/home/tangles/.arduino15/packages/megaTinyCore/hardware/megaavr/2.6.12/libraries/Wire/src/Wire.cpp:1358
      if (clientStatus & wire_s->client_irq_mask) {   // If a collision was detected, or RXACK bit is set (when it matters)
        wire_s->client_irq_mask = TWI_COLL_bm;  // stop checking for NACK
        (*head) = 0;                            // Abort further data writes
        action = TWI_SCMD_COMPTRANS_gc;         // "Wait for any Start (S/Sr) condition"
      } else {                                // RXACK bit not set, no COLL
        wire_s->_bytesTransmittedS++;           // increment bytes transmitted counter (for register model)
 92a:	8c 89       	ldd	r24, Y+20	; 0x14
 92c:	8f 5f       	subi	r24, 0xFF	; 255
 92e:	8c 8b       	std	Y+20, r24	; 0x14
/home/tangles/.arduino15/packages/megaTinyCore/hardware/megaavr/2.6.12/libraries/Wire/src/Wire.cpp:1359
        wire_s->client_irq_mask = TWI_COLL_bm | TWI_RXACK_bm;  // start checking for NACK
 930:	88 e1       	ldi	r24, 0x18	; 24
 932:	8a 87       	std	Y+10, r24	; 0x0a
/home/tangles/.arduino15/packages/megaTinyCore/hardware/megaavr/2.6.12/libraries/Wire/src/Wire.cpp:1360
        if ((*tail) < (*head)) {                // Data is available
 934:	eb 89       	ldd	r30, Y+19	; 0x13
 936:	8a 89       	ldd	r24, Y+18	; 0x12
 938:	e8 17       	cp	r30, r24
 93a:	a8 f7       	brcc	.-22     	; 0x926 <__vector_19+0x100>
/home/tangles/.arduino15/packages/megaTinyCore/hardware/megaavr/2.6.12/libraries/Wire/src/Wire.cpp:1361
          wire_s->_module->SDATA = buffer[(*tail)];  // Writing to the register to send data
 93c:	e2 0f       	add	r30, r18
 93e:	f3 2f       	mov	r31, r19
 940:	f1 1d       	adc	r31, r1
 942:	80 81       	ld	r24, Z
 944:	1d 96       	adiw	r26, 0x0d	; 13
 946:	8c 93       	st	X, r24
/home/tangles/.arduino15/packages/megaTinyCore/hardware/megaavr/2.6.12/libraries/Wire/src/Wire.cpp:1362
          (*tail)++;                              // Increment counter for sent bytes
 948:	8b 89       	ldd	r24, Y+19	; 0x13
 94a:	8f 5f       	subi	r24, 0xFF	; 255
 94c:	8b 8b       	std	Y+19, r24	; 0x13
 94e:	d3 cf       	rjmp	.-90     	; 0x8f6 <__vector_19+0xd0>
/home/tangles/.arduino15/packages/megaTinyCore/hardware/megaavr/2.6.12/libraries/Wire/src/Wire.cpp:1370
          (*head) = 0;                            // Avoid triggering REPSTART handler
          action = TWI_SCMD_COMPTRANS_gc;         // "Wait for any Start (S/Sr) condition"
        }
      }
    } else {                                  // Master is writing
      uint8_t payload = wire_s->_module->SDATA;     // reading SDATA will clear the DATA IRQ flag
 950:	1d 96       	adiw	r26, 0x0d	; 13
 952:	8c 91       	ld	r24, X
/home/tangles/.arduino15/packages/megaTinyCore/hardware/megaavr/2.6.12/libraries/Wire/src/Wire.cpp:1371
      if ((*head) < TWI_BUFFER_LENGTH) {            // make sure that we don't have a buffer overflow in case Master ignores NACK
 954:	ea 89       	ldd	r30, Y+18	; 0x12
 956:	e0 32       	cpi	r30, 0x20	; 32
 958:	50 f4       	brcc	.+20     	; 0x96e <__vector_19+0x148>
/home/tangles/.arduino15/packages/megaTinyCore/hardware/megaavr/2.6.12/libraries/Wire/src/Wire.cpp:1372
        buffer[(*head)] = payload;                  // save data
 95a:	e2 0f       	add	r30, r18
 95c:	f3 2f       	mov	r31, r19
 95e:	f1 1d       	adc	r31, r1
 960:	80 83       	st	Z, r24
/home/tangles/.arduino15/packages/megaTinyCore/hardware/megaavr/2.6.12/libraries/Wire/src/Wire.cpp:1373
        (*head)++;                                  // Advance Head
 962:	8a 89       	ldd	r24, Y+18	; 0x12
 964:	8f 5f       	subi	r24, 0xFF	; 255
 966:	8a 8b       	std	Y+18, r24	; 0x12
/home/tangles/.arduino15/packages/megaTinyCore/hardware/megaavr/2.6.12/libraries/Wire/src/Wire.cpp:1374
        if ((*head) == TWI_BUFFER_LENGTH) {         // if buffer is not yet full
 968:	80 32       	cpi	r24, 0x20	; 32
 96a:	29 f6       	brne	.-118    	; 0x8f6 <__vector_19+0xd0>
 96c:	a9 cf       	rjmp	.-174    	; 0x8c0 <__vector_19+0x9a>
__vector_19():
/home/tangles/.arduino15/packages/megaTinyCore/hardware/megaavr/2.6.12/libraries/Wire/src/Wire.cpp:1313

  #if defined(TWI_MANDS)
    wire_s->_bools._toggleStreamFn = 0x01;
  #endif

  uint8_t action = 0;
 96e:	80 e0       	ldi	r24, 0x00	; 0
 970:	a8 cf       	rjmp	.-176    	; 0x8c2 <__vector_19+0x9c>

00000972 <main>:
main():
/home/tangles/.arduino15/packages/megaTinyCore/hardware/megaavr/2.6.12/cores/megatinycore/main.cpp:49
 * called first in non-optiboot configurations (neither is needed on Optibooot configurations() *
 * an extra bit of initialization code in .init3 to fix the vectors and still happen if user    *
 * overrides main. In the past there was a USB-related function here, that is removed, as work  *
 * will be needed in any event at the core level if VUSB-based "stuff" arrives, but really I'm  *
 * just waiting for the DU-series now                                                           */
int main() {
 972:	cf 93       	push	r28
 974:	df 93       	push	r29
 976:	cd b7       	in	r28, 0x3d	; 61
 978:	de b7       	in	r29, 0x3e	; 62
 97a:	26 97       	sbiw	r28, 0x06	; 6
 97c:	cd bf       	out	0x3d, r28	; 61
 97e:	de bf       	out	0x3e, r29	; 62
init_clock():
/home/tangles/.arduino15/packages/megaTinyCore/hardware/megaavr/2.6.12/cores/megatinycore/wiring.c:460
  #if (CLOCK_SOURCE == 0)
    #if (defined(CLOCK_TUNE_INTERNAL))
      tune_internal(); // Will be inlined as only called once. Just too long and ugly to put two implementations in middle of this.
    #else
      #if defined(_MCLK_CTRLB) && defined(F_CPU) && defined(_MAIN_CLOCK_PRESCALER)
        _PROTECTED_WRITE(CLKCTRL_MCLKCTRLB,_MCLK_CTRLB);
 980:	88 ed       	ldi	r24, 0xD8	; 216
 982:	90 e0       	ldi	r25, 0x00	; 0
 984:	84 bf       	out	0x34, r24	; 52
 986:	90 93 61 00 	sts	0x0061, r25	; 0x800061 <digital_pin_to_bit_mask+0x7f7071>
init_ADC0():
/home/tangles/.arduino15/packages/megaTinyCore/hardware/megaavr/2.6.12/cores/megatinycore/wiring.c:552


/********************************* ADC ****************************************/
void __attribute__((weak)) init_ADC0() {
  ADC_t* pADC;
  _fastPtr_d(pADC, &ADC0);
 98a:	e0 e0       	ldi	r30, 0x00	; 0
 98c:	f6 e0       	ldi	r31, 0x06	; 6
/home/tangles/.arduino15/packages/megaTinyCore/hardware/megaavr/2.6.12/cores/megatinycore/wiring.c:573
   **************************************************************************/
    //                              30 MHz / 32 = 937 kHz,  32 MHz / 32 =  1 MHz.
    #if   F_CPU   > 24000000     // 24 MHz / 16 = 1.5 MHz,  25 MHz / 32 =  780 kHz
      pADC->CTRLC  = ADC_PRESC_DIV32_gc | ADC_REFSEL_VDDREF_gc | ADC_SAMPCAP_bm;
    #elif F_CPU  >= 12000000    // 16 MHz / 16 = 1.0 MHz,  20 MHz / 16 = 1.25 MHz
      pADC->CTRLC  = ADC_PRESC_DIV16_gc | ADC_REFSEL_VDDREF_gc | ADC_SAMPCAP_bm;
 98e:	83 e5       	ldi	r24, 0x53	; 83
 990:	82 83       	std	Z+2, r24	; 0x02
/home/tangles/.arduino15/packages/megaTinyCore/hardware/megaavr/2.6.12/cores/megatinycore/wiring.c:584
      pADC->CTRLC  =  ADC_PRESC_DIV2_gc | ADC_REFSEL_VDDREF_gc | ADC_SAMPCAP_bm;
    #endif
    #if   (F_CPU == 6000000 || F_CPU == 12000000 || F_CPU == 24000000 || F_CPU ==25000000)
      pADC->SAMPCTRL = (7); // 9 ADC clocks, 12 us
    #elif (F_CPU == 5000000 || F_CPU == 10000000 || F_CPU == 20000000)
      pADC->SAMPCTRL = (13);   // 15 ADC clock,s 12 us
 992:	8d e0       	ldi	r24, 0x0D	; 13
 994:	85 83       	std	Z+5, r24	; 0x05
/home/tangles/.arduino15/packages/megaTinyCore/hardware/megaavr/2.6.12/cores/megatinycore/wiring.c:588
    #else
      pADC->SAMPCTRL = (10); // 12 ADC clocks, 12 us
    #endif
    pADC->CTRLD    = ADC_INITDLY_DLY16_gc;
 996:	80 e2       	ldi	r24, 0x20	; 32
 998:	83 83       	std	Z+3, r24	; 0x03
/home/tangles/.arduino15/packages/megaTinyCore/hardware/megaavr/2.6.12/cores/megatinycore/wiring.c:589
    pADC->CTRLA    = ADC_ENABLE_bm;
 99a:	81 e0       	ldi	r24, 0x01	; 1
 99c:	80 83       	st	Z, r24
init_TCA0():
/home/tangles/.arduino15/packages/megaTinyCore/hardware/megaavr/2.6.12/cores/megatinycore/wiring.c:680

void __attribute__((weak)) init_TCA0() {
  /*  TYPE A TIMER   */
  #if !defined(TCA_BUFFERED_3PIN)
    #if defined(PORTMUX_CTRLC)
      PORTMUX.CTRLC = TCA_PORTMUX;
 99e:	97 e0       	ldi	r25, 0x07	; 7
 9a0:	90 93 02 02 	sts	0x0202, r25	; 0x800202 <digital_pin_to_bit_mask+0x7f7212>
/home/tangles/.arduino15/packages/megaTinyCore/hardware/megaavr/2.6.12/cores/megatinycore/wiring.c:684
    #else
      PORTMUX.TCAROUTEA = TCA_PORTMUX;
    #endif
    TCA0.SPLIT.CTRLD   = TCA_SPLIT_SPLITM_bm;
 9a4:	80 93 03 0a 	sts	0x0A03, r24	; 0x800a03 <digital_pin_to_bit_mask+0x7f7a13>
/home/tangles/.arduino15/packages/megaTinyCore/hardware/megaavr/2.6.12/cores/megatinycore/wiring.c:685
    TCA0.SPLIT.LPER    = PWM_TIMER_PERIOD;
 9a8:	8e ef       	ldi	r24, 0xFE	; 254
 9aa:	80 93 26 0a 	sts	0x0A26, r24	; 0x800a26 <digital_pin_to_bit_mask+0x7f7a36>
/home/tangles/.arduino15/packages/megaTinyCore/hardware/megaavr/2.6.12/cores/megatinycore/wiring.c:686
    TCA0.SPLIT.HPER    = PWM_TIMER_PERIOD;
 9ae:	80 93 27 0a 	sts	0x0A27, r24	; 0x800a27 <digital_pin_to_bit_mask+0x7f7a37>
/home/tangles/.arduino15/packages/megaTinyCore/hardware/megaavr/2.6.12/cores/megatinycore/wiring.c:687
    TCA0.SPLIT.CTRLA   = (_TIMERA_PRESCALER | TCA_SPLIT_ENABLE_bm);
 9b2:	8b e0       	ldi	r24, 0x0B	; 11
 9b4:	80 93 00 0a 	sts	0x0A00, r24	; 0x800a00 <digital_pin_to_bit_mask+0x7f7a10>
init_millis():
/home/tangles/.arduino15/packages/megaTinyCore/hardware/megaavr/2.6.12/cores/megatinycore/wiring.c:339
  #if defined(MILLIS_USE_TIMERNONE)
    badCall("init_millis() is only valid with millis time keeping enabled.");
  #else
    #if defined(MILLIS_USE_TIMERA0)
      #if !defined(TCA_BUFFERED_3PIN)
        TCA0.SPLIT.INTCTRL = TCA_SPLIT_HUNF_bm;
 9b8:	82 e0       	ldi	r24, 0x02	; 2
 9ba:	80 93 0a 0a 	sts	0x0A0A, r24	; 0x800a0a <digital_pin_to_bit_mask+0x7f7a1a>
main():
/home/tangles/.arduino15/packages/megaTinyCore/hardware/megaavr/2.6.12/cores/megatinycore/main.cpp:53
  onBeforeInit(); // Emnpty callback called before init but after the .init stuff. First normal code executed
  init(); // Interrupts are turned on just prior to init() returning.
  initVariant();
  if (!onAfterInit()) sei();  // enable interrupts.
 9be:	78 94       	sei
pinModeFast():
/home/tangles/.arduino15/packages/megaTinyCore/hardware/megaavr/2.6.12/cores/megatinycore/wiring_digital.c:443
  uint8_t port = digital_pin_to_port[pin];
  VPORT_t *vport;
  vport = (VPORT_t *)(port * 4);
  volatile uint8_t *pin_ctrl = (volatile uint8_t *) (0x410 + digital_pin_to_port[pin] * 0x20 + digital_pin_to_bit_position[pin]);
  if (mode == OUTPUT)// || mode == OUTPUT_PULLUP)
    vport->DIR |= mask;
 9c0:	22 9a       	sbi	0x04, 2	; 4
/home/tangles/.arduino15/packages/megaTinyCore/hardware/megaavr/2.6.12/cores/megatinycore/wiring_digital.c:450
    vport->DIR &= ~mask;
    // 1 clock to set direction
  if (mode == INPUT_PULLUP)
    *pin_ctrl |= PORT_PULLUPEN_bm;
  else //SK 3/16/23 - we were doing something really dumb here. You need to turn off the pullup when set to output too!
    *pin_ctrl &= ~PORT_PULLUPEN_bm;
 9c2:	80 91 32 04 	lds	r24, 0x0432	; 0x800432 <digital_pin_to_bit_mask+0x7f7442>
 9c6:	87 7f       	andi	r24, 0xF7	; 247
 9c8:	80 93 32 04 	sts	0x0432, r24	; 0x800432 <digital_pin_to_bit_mask+0x7f7442>
debugBegin():
/media/nvme_raid0/mPC/cyberdeck-scout/Firmware/bms-tiny404/bms-tiny404.ino:116
static const uint16_t BQ_CONFIG_RETRY_MS = 1000;

#if DEBUG
static void debugBegin() {
  pinModeFast(BATT_LEVEL2_LED_PIN, OUTPUT);
  USART0.BAUD = (uint16_t)((4UL * F_CPU) / 115200);
 9cc:	86 eb       	ldi	r24, 0xB6	; 182
 9ce:	92 e0       	ldi	r25, 0x02	; 2
 9d0:	80 93 08 08 	sts	0x0808, r24	; 0x800808 <digital_pin_to_bit_mask+0x7f7818>
 9d4:	90 93 09 08 	sts	0x0809, r25	; 0x800809 <digital_pin_to_bit_mask+0x7f7819>
/media/nvme_raid0/mPC/cyberdeck-scout/Firmware/bms-tiny404/bms-tiny404.ino:117
  USART0.CTRLC = USART_CHSIZE_8BIT_gc;
 9d8:	13 e0       	ldi	r17, 0x03	; 3
 9da:	10 93 07 08 	sts	0x0807, r17	; 0x800807 <digital_pin_to_bit_mask+0x7f7817>
/media/nvme_raid0/mPC/cyberdeck-scout/Firmware/bms-tiny404/bms-tiny404.ino:118
  USART0.CTRLB = USART_TXEN_bm;
 9de:	80 e4       	ldi	r24, 0x40	; 64
 9e0:	80 93 06 08 	sts	0x0806, r24	; 0x800806 <digital_pin_to_bit_mask+0x7f7816>
setup():
/media/nvme_raid0/mPC/cyberdeck-scout/Firmware/bms-tiny404/bms-tiny404.ino:582
#define debugStatusTask() do {} while (0)
#endif

void setup() {
  debugBegin();
  debugChar('B');
 9e4:	82 e4       	ldi	r24, 0x42	; 66
 9e6:	73 dc       	rcall	.-1818   	; 0x2ce <debugChar(char)>
/media/nvme_raid0/mPC/cyberdeck-scout/Firmware/bms-tiny404/bms-tiny404.ino:583
  debugNl();
 9e8:	79 dc       	rcall	.-1806   	; 0x2dc <debugNl()>
pinModeFast():
/home/tangles/.arduino15/packages/megaTinyCore/hardware/megaavr/2.6.12/cores/megatinycore/wiring_digital.c:445
  vport = (VPORT_t *)(port * 4);
  volatile uint8_t *pin_ctrl = (volatile uint8_t *) (0x410 + digital_pin_to_port[pin] * 0x20 + digital_pin_to_bit_position[pin]);
  if (mode == OUTPUT)// || mode == OUTPUT_PULLUP)
    vport->DIR |= mask;
  else
    vport->DIR &= ~mask;
 9ea:	05 98       	cbi	0x00, 5	; 0
/home/tangles/.arduino15/packages/megaTinyCore/hardware/megaavr/2.6.12/cores/megatinycore/wiring_digital.c:448
    // 1 clock to set direction
  if (mode == INPUT_PULLUP)
    *pin_ctrl |= PORT_PULLUPEN_bm;
 9ec:	80 91 15 04 	lds	r24, 0x0415	; 0x800415 <digital_pin_to_bit_mask+0x7f7425>
 9f0:	88 60       	ori	r24, 0x08	; 8
 9f2:	80 93 15 04 	sts	0x0415, r24	; 0x800415 <digital_pin_to_bit_mask+0x7f7425>
setup():
/media/nvme_raid0/mPC/cyberdeck-scout/Firmware/bms-tiny404/bms-tiny404.ino:588
  pinModeFast(PWR_BUTTON_PIN, INPUT_PULLUP);
#if ENABLE_SHIP_BUTTON
  pinModeFast(SHIP_BUTTON_PIN, INPUT_PULLUP);
#endif
  releasePowerControl();
 9f6:	63 dc       	rcall	.-1850   	; 0x2be <releasePowerControl()>
/media/nvme_raid0/mPC/cyberdeck-scout/Firmware/bms-tiny404/bms-tiny404.ino:589
  releaseCm5SoftPower();
 9f8:	5a dc       	rcall	.-1868   	; 0x2ae <releaseCm5SoftPower()>
pinModeFast():
/home/tangles/.arduino15/packages/megaTinyCore/hardware/megaavr/2.6.12/cores/megatinycore/wiring_digital.c:443
  uint8_t port = digital_pin_to_port[pin];
  VPORT_t *vport;
  vport = (VPORT_t *)(port * 4);
  volatile uint8_t *pin_ctrl = (volatile uint8_t *) (0x410 + digital_pin_to_port[pin] * 0x20 + digital_pin_to_bit_position[pin]);
  if (mode == OUTPUT)// || mode == OUTPUT_PULLUP)
    vport->DIR |= mask;
 9fa:	23 9a       	sbi	0x04, 3	; 4
/home/tangles/.arduino15/packages/megaTinyCore/hardware/megaavr/2.6.12/cores/megatinycore/wiring_digital.c:450
    vport->DIR &= ~mask;
    // 1 clock to set direction
  if (mode == INPUT_PULLUP)
    *pin_ctrl |= PORT_PULLUPEN_bm;
  else //SK 3/16/23 - we were doing something really dumb here. You need to turn off the pullup when set to output too!
    *pin_ctrl &= ~PORT_PULLUPEN_bm;
 9fc:	80 91 33 04 	lds	r24, 0x0433	; 0x800433 <digital_pin_to_bit_mask+0x7f7443>
 a00:	87 7f       	andi	r24, 0xF7	; 247
 a02:	80 93 33 04 	sts	0x0433, r24	; 0x800433 <digital_pin_to_bit_mask+0x7f7443>
digitalWriteFast():
/home/tangles/.arduino15/packages/megaTinyCore/hardware/megaavr/2.6.12/cores/megatinycore/wiring_digital.c:339
  if (val == LOW)
    vport->OUT &= ~mask;
  else if (val == CHANGE)
    vport->IN |= mask;
  else // HIGH
    vport->OUT |= mask;
 a06:	2b 9a       	sbi	0x05, 3	; 5
pinModeFast():
/home/tangles/.arduino15/packages/megaTinyCore/hardware/megaavr/2.6.12/cores/megatinycore/wiring_digital.c:443
  uint8_t port = digital_pin_to_port[pin];
  VPORT_t *vport;
  vport = (VPORT_t *)(port * 4);
  volatile uint8_t *pin_ctrl = (volatile uint8_t *) (0x410 + digital_pin_to_port[pin] * 0x20 + digital_pin_to_bit_position[pin]);
  if (mode == OUTPUT)// || mode == OUTPUT_PULLUP)
    vport->DIR |= mask;
 a08:	04 9a       	sbi	0x00, 4	; 0
/home/tangles/.arduino15/packages/megaTinyCore/hardware/megaavr/2.6.12/cores/megatinycore/wiring_digital.c:450
    vport->DIR &= ~mask;
    // 1 clock to set direction
  if (mode == INPUT_PULLUP)
    *pin_ctrl |= PORT_PULLUPEN_bm;
  else //SK 3/16/23 - we were doing something really dumb here. You need to turn off the pullup when set to output too!
    *pin_ctrl &= ~PORT_PULLUPEN_bm;
 a0a:	80 91 14 04 	lds	r24, 0x0414	; 0x800414 <digital_pin_to_bit_mask+0x7f7424>
 a0e:	87 7f       	andi	r24, 0xF7	; 247
 a10:	80 93 14 04 	sts	0x0414, r24	; 0x800414 <digital_pin_to_bit_mask+0x7f7424>
/home/tangles/.arduino15/packages/megaTinyCore/hardware/megaavr/2.6.12/cores/megatinycore/wiring_digital.c:443
  uint8_t port = digital_pin_to_port[pin];
  VPORT_t *vport;
  vport = (VPORT_t *)(port * 4);
  volatile uint8_t *pin_ctrl = (volatile uint8_t *) (0x410 + digital_pin_to_port[pin] * 0x20 + digital_pin_to_bit_position[pin]);
  if (mode == OUTPUT)// || mode == OUTPUT_PULLUP)
    vport->DIR |= mask;
 a14:	21 9a       	sbi	0x04, 1	; 4
/home/tangles/.arduino15/packages/megaTinyCore/hardware/megaavr/2.6.12/cores/megatinycore/wiring_digital.c:450
    vport->DIR &= ~mask;
    // 1 clock to set direction
  if (mode == INPUT_PULLUP)
    *pin_ctrl |= PORT_PULLUPEN_bm;
  else //SK 3/16/23 - we were doing something really dumb here. You need to turn off the pullup when set to output too!
    *pin_ctrl &= ~PORT_PULLUPEN_bm;
 a16:	80 91 31 04 	lds	r24, 0x0431	; 0x800431 <digital_pin_to_bit_mask+0x7f7441>
 a1a:	87 7f       	andi	r24, 0xF7	; 247
 a1c:	80 93 31 04 	sts	0x0431, r24	; 0x800431 <digital_pin_to_bit_mask+0x7f7441>
/home/tangles/.arduino15/packages/megaTinyCore/hardware/megaavr/2.6.12/cores/megatinycore/wiring_digital.c:443
  uint8_t port = digital_pin_to_port[pin];
  VPORT_t *vport;
  vport = (VPORT_t *)(port * 4);
  volatile uint8_t *pin_ctrl = (volatile uint8_t *) (0x410 + digital_pin_to_port[pin] * 0x20 + digital_pin_to_bit_position[pin]);
  if (mode == OUTPUT)// || mode == OUTPUT_PULLUP)
    vport->DIR |= mask;
 a20:	20 9a       	sbi	0x04, 0	; 4
/home/tangles/.arduino15/packages/megaTinyCore/hardware/megaavr/2.6.12/cores/megatinycore/wiring_digital.c:450
    vport->DIR &= ~mask;
    // 1 clock to set direction
  if (mode == INPUT_PULLUP)
    *pin_ctrl |= PORT_PULLUPEN_bm;
  else //SK 3/16/23 - we were doing something really dumb here. You need to turn off the pullup when set to output too!
    *pin_ctrl &= ~PORT_PULLUPEN_bm;
 a22:	80 91 30 04 	lds	r24, 0x0430	; 0x800430 <digital_pin_to_bit_mask+0x7f7440>
 a26:	87 7f       	andi	r24, 0xF7	; 247
 a28:	80 93 30 04 	sts	0x0430, r24	; 0x800430 <digital_pin_to_bit_mask+0x7f7440>
setup():
/media/nvme_raid0/mPC/cyberdeck-scout/Firmware/bms-tiny404/bms-tiny404.ino:600
#if !DEBUG
  pinModeFast(BATT_LEVEL2_LED_PIN, OUTPUT);
#endif
  pinModeFast(BATT_LEVEL3_LED_PIN, OUTPUT);
  pinModeFast(BATT_LEVEL4_LED_PIN, OUTPUT);
  setBatteryLedsOff();
 a2c:	3c dc       	rcall	.-1928   	; 0x2a6 <setBatteryLedsOff()>
TWI0_swap():
/home/tangles/.arduino15/packages/megaTinyCore/hardware/megaavr/2.6.12/libraries/Wire/src/twi_pins.c:272
bool TWI0_swap(uint8_t state) {
  #if defined(PORTMUX_CTRLB) /* tinyAVR 0/1-series */
    #if defined(PORTMUX_TWI0_bm)
      if (state == 1) {
        // Use pin swap
        PORTMUX.CTRLB |= PORTMUX_TWI0_bm;
 a2e:	80 91 01 02 	lds	r24, 0x0201	; 0x800201 <digital_pin_to_bit_mask+0x7f7211>
 a32:	80 61       	ori	r24, 0x10	; 16
 a34:	80 93 01 02 	sts	0x0201, r24	; 0x800201 <digital_pin_to_bit_mask+0x7f7211>
begin():
/home/tangles/.arduino15/packages/megaTinyCore/hardware/megaavr/2.6.12/libraries/Wire/src/Wire.cpp:290
  #if defined(TWI_MANDS)                            // Check if the user wants to use Master AND Slave
    if (_bools._hostEnabled == 1) {          // Slave is allowed to be enabled, don't re-enable the host though
      return;
    }
  #else                                             // Master OR Slave
    if ((_bools._hostEnabled | _bools._clientEnabled) == 1) {  //If either are enabled
 a38:	80 91 3d 3f 	lds	r24, 0x3F3D	; 0x803f3d <Wire+0xb>
 a3c:	81 fd       	sbrc	r24, 1
 a3e:	16 c0       	rjmp	.+44     	; 0xa6c <main+0xfa>
 a40:	82 fd       	sbrc	r24, 2
 a42:	14 c0       	rjmp	.+40     	; 0xa6c <main+0xfa>
TWI0_ClearPins():
/home/tangles/.arduino15/packages/megaTinyCore/hardware/megaavr/2.6.12/libraries/Wire/src/twi_pins.c:140
    #endif
  #elif defined(MEGATINYCORE)  /* tinyAVR 0/1-series */
    #if (MEGATINYCORE_SERIES < 2) // Hey, this erratum isn't listed for the 2-series, so we don't have to do this!
      // 6 bytes of flash saved for 2-series parts, aww yeah!
      #if defined(PORTMUX_TWI0_bm)
        if ((PORTMUX.CTRLB & PORTMUX_TWI0_bm)) {
 a44:	80 91 01 02 	lds	r24, 0x0201	; 0x800201 <digital_pin_to_bit_mask+0x7f7211>
 a48:	84 ff       	sbrs	r24, 4
 a4a:	44 c0       	rjmp	.+136    	; 0xad4 <main+0x162>
/home/tangles/.arduino15/packages/megaTinyCore/hardware/megaavr/2.6.12/libraries/Wire/src/twi_pins.c:143
          // make sure we don't get errata'ed - make sure their bits in the
          // PORTx.OUT registers are 0.
          PORTA.OUTCLR = 0x06;  // if swapped it's on PA1, PA2
 a4c:	86 e0       	ldi	r24, 0x06	; 6
 a4e:	80 93 06 04 	sts	0x0406, r24	; 0x800406 <digital_pin_to_bit_mask+0x7f7416>
begin():
/home/tangles/.arduino15/packages/megaTinyCore/hardware/megaavr/2.6.12/libraries/Wire/src/Wire.cpp:306
    }
  #else                                             // Only one TWI is used
    TWI0_ClearPins();                               // Only one option is possible
  #endif

  _bools._hostEnabled    = 1;
 a52:	80 91 3d 3f 	lds	r24, 0x3F3D	; 0x803f3d <Wire+0xb>
 a56:	82 60       	ori	r24, 0x02	; 2
 a58:	80 93 3d 3f 	sts	0x3F3D, r24	; 0x803f3d <Wire+0xb>
/home/tangles/.arduino15/packages/megaTinyCore/hardware/megaavr/2.6.12/libraries/Wire/src/Wire.cpp:307
  TWI_t* module = _module;
 a5c:	e0 91 3a 3f 	lds	r30, 0x3F3A	; 0x803f3a <Wire+0x8>
 a60:	f0 91 3b 3f 	lds	r31, 0x3F3B	; 0x803f3b <Wire+0x9>
/home/tangles/.arduino15/packages/megaTinyCore/hardware/megaavr/2.6.12/libraries/Wire/src/Wire.cpp:308
  module->MCTRLA        = TWI_ENABLE_bm;  // Master Interrupt flags stay disabled
 a64:	81 e0       	ldi	r24, 0x01	; 1
 a66:	83 83       	std	Z+3, r24	; 0x03
/home/tangles/.arduino15/packages/megaTinyCore/hardware/megaavr/2.6.12/libraries/Wire/src/Wire.cpp:309
  module->MSTATUS       = TWI_BUSSTATE_IDLE_gc;
 a68:	85 83       	std	Z+5, r24	; 0x05
/home/tangles/.arduino15/packages/megaTinyCore/hardware/megaavr/2.6.12/libraries/Wire/src/Wire.cpp:311

  setClock(DEFAULT_FREQUENCY);
 a6a:	69 db       	rcall	.-2350   	; 0x13e <TwoWire::setClock(unsigned long) [clone .constprop.9]>
setup():
/media/nvme_raid0/mPC/cyberdeck-scout/Firmware/bms-tiny404/bms-tiny404.ino:606

  // BQ bus is on the alternate TWI pins PA1/PA2. The default pins PB0/PB1
  // are battery LEDs; without this swap the TWI peripheral seizes them.
  Wire.swap(1);
  Wire.begin();
  Wire.setClock(100000);
 a6c:	68 db       	rcall	.-2352   	; 0x13e <TwoWire::setClock(unsigned long) [clone .constprop.9]>
delay():
 a6e:	62 e3       	ldi	r22, 0x32	; 50
 a70:	70 e0       	ldi	r23, 0x00	; 0
 a72:	80 e0       	ldi	r24, 0x00	; 0
 a74:	90 e0       	ldi	r25, 0x00	; 0
 a76:	8b db       	rcall	.-2282   	; 0x18e <delay.part.0>
setup():
/media/nvme_raid0/mPC/cyberdeck-scout/Firmware/bms-tiny404/bms-tiny404.ino:608
  delay(50);
  bqConfigured = configureBq76905();
 a78:	0a de       	rcall	.-1004   	; 0x68e <configureBq76905()>
 a7a:	80 93 13 3f 	sts	0x3F13, r24	; 0x803f13 <bqConfigured>
setDevicePower():
/media/nvme_raid0/mPC/cyberdeck-scout/Firmware/bms-tiny404/bms-tiny404.ino:289
    if (!devicePowerOn) {
      devicePowerOnStartedMs = (uint16_t)millis();
    }
    pinModeFast(PWR_CONTROL_PIN, OUTPUT);
    digitalWriteFast(PWR_CONTROL_PIN, LOW);
    devicePowerOn = true;
 a7e:	cc 24       	eor	r12, r12
 a80:	c3 94       	inc	r12
writeActiveLowPwm():
/media/nvme_raid0/mPC/cyberdeck-scout/Firmware/bms-tiny404/bms-tiny404.ino:241
static uint16_t battLedLastStepMs = 0;
static uint16_t lastStatusBlinkMs = 0;
static bool statusBlinkOn = false;

static void writeActiveLowPwm(uint8_t pin, uint8_t duty) {
  analogWrite(pin, 255 - duty);
 a82:	ee 24       	eor	r14, r14
 a84:	ea 94       	dec	r14
 a86:	f1 2c       	mov	r15, r1
setDevicePower():
/media/nvme_raid0/mPC/cyberdeck-scout/Firmware/bms-tiny404/bms-tiny404.ino:289
    if (!devicePowerOn) {
      devicePowerOnStartedMs = (uint16_t)millis();
    }
    pinModeFast(PWR_CONTROL_PIN, OUTPUT);
    digitalWriteFast(PWR_CONTROL_PIN, LOW);
    devicePowerOn = true;
 a88:	11 e0       	ldi	r17, 0x01	; 1
breathingDuty():
/media/nvme_raid0/mPC/cyberdeck-scout/Firmware/bms-tiny404/bms-tiny404.ino:254
    const int16_t nextDuty = (int16_t)(*duty) + *direction;
    if (nextDuty >= maxDuty) {
      *duty = maxDuty;
      *direction = -1;
    } else if (nextDuty <= minDuty) {
      *duty = minDuty;
 a8a:	05 e0       	ldi	r16, 0x05	; 5
/media/nvme_raid0/mPC/cyberdeck-scout/Firmware/bms-tiny404/bms-tiny404.ino:252
  if ((uint16_t)(now - *lastStepMs) >= stepMs) {
    *lastStepMs = now;
    const int16_t nextDuty = (int16_t)(*duty) + *direction;
    if (nextDuty >= maxDuty) {
      *duty = maxDuty;
      *direction = -1;
 a8c:	dd 24       	eor	r13, r13
 a8e:	da 94       	dec	r13
/media/nvme_raid0/mPC/cyberdeck-scout/Firmware/bms-tiny404/bms-tiny404.ino:251
                             uint8_t minDuty, uint8_t maxDuty) {
  if ((uint16_t)(now - *lastStepMs) >= stepMs) {
    *lastStepMs = now;
    const int16_t nextDuty = (int16_t)(*duty) + *direction;
    if (nextDuty >= maxDuty) {
      *duty = maxDuty;
 a90:	84 eb       	ldi	r24, 0xB4	; 180
 a92:	b8 2e       	mov	r11, r24
powerButtonTask():
/media/nvme_raid0/mPC/cyberdeck-scout/Firmware/bms-tiny404/bms-tiny404.ino:629
static bool powerButtonDown = false;
static bool powerButtonLongHandled = false;
static uint16_t powerButtonPressedAtMs = 0;

static void powerButtonTask() {
  const uint16_t now = (uint16_t)millis();
 a94:	70 db       	rcall	.-2336   	; 0x176 <millis>
 a96:	20 91 0c 3f 	lds	r18, 0x3F0C	; 0x803f0c <powerButtonDown>
/media/nvme_raid0/mPC/cyberdeck-scout/Firmware/bms-tiny404/bms-tiny404.ino:631
  const bool pressed = digitalReadFast(PWR_BUTTON_PIN) == LOW;
  if (pressed) {
 a9a:	15 99       	sbic	0x02, 5	; 2
 a9c:	1e c0       	rjmp	.+60     	; 0xada <main+0x168>
/media/nvme_raid0/mPC/cyberdeck-scout/Firmware/bms-tiny404/bms-tiny404.ino:632
    if (!powerButtonDown) {
 a9e:	21 11       	cpse	r18, r1
 aa0:	08 c0       	rjmp	.+16     	; 0xab2 <main+0x140>
/media/nvme_raid0/mPC/cyberdeck-scout/Firmware/bms-tiny404/bms-tiny404.ino:633
      powerButtonDown = true;
 aa2:	10 93 0c 3f 	sts	0x3F0C, r17	; 0x803f0c <powerButtonDown>
/media/nvme_raid0/mPC/cyberdeck-scout/Firmware/bms-tiny404/bms-tiny404.ino:634
      powerButtonLongHandled = false;
 aa6:	10 92 0b 3f 	sts	0x3F0B, r1	; 0x803f0b <powerButtonLongHandled>
/media/nvme_raid0/mPC/cyberdeck-scout/Firmware/bms-tiny404/bms-tiny404.ino:635
      powerButtonPressedAtMs = now;
 aaa:	60 93 09 3f 	sts	0x3F09, r22	; 0x803f09 <powerButtonPressedAtMs>
 aae:	70 93 0a 3f 	sts	0x3F0A, r23	; 0x803f0a <powerButtonPressedAtMs+0x1>
/media/nvme_raid0/mPC/cyberdeck-scout/Firmware/bms-tiny404/bms-tiny404.ino:637
    }
    if (!powerButtonLongHandled &&
 ab2:	20 91 0b 3f 	lds	r18, 0x3F0B	; 0x803f0b <powerButtonLongHandled>
 ab6:	21 11       	cpse	r18, r1
 ab8:	38 c0       	rjmp	.+112    	; 0xb2a <main+0x1b8>
/media/nvme_raid0/mPC/cyberdeck-scout/Firmware/bms-tiny404/bms-tiny404.ino:638
        (uint16_t)(now - powerButtonPressedAtMs) >= LONG_PRESS_MS) {
 aba:	20 91 09 3f 	lds	r18, 0x3F09	; 0x803f09 <powerButtonPressedAtMs>
 abe:	30 91 0a 3f 	lds	r19, 0x3F0A	; 0x803f0a <powerButtonPressedAtMs+0x1>
 ac2:	62 1b       	sub	r22, r18
 ac4:	73 0b       	sbc	r23, r19
/media/nvme_raid0/mPC/cyberdeck-scout/Firmware/bms-tiny404/bms-tiny404.ino:637
    if (!powerButtonDown) {
      powerButtonDown = true;
      powerButtonLongHandled = false;
      powerButtonPressedAtMs = now;
    }
    if (!powerButtonLongHandled &&
 ac6:	68 3b       	cpi	r22, 0xB8	; 184
 ac8:	7b 40       	sbci	r23, 0x0B	; 11
 aca:	78 f1       	brcs	.+94     	; 0xb2a <main+0x1b8>
/media/nvme_raid0/mPC/cyberdeck-scout/Firmware/bms-tiny404/bms-tiny404.ino:640
        (uint16_t)(now - powerButtonPressedAtMs) >= LONG_PRESS_MS) {
      // Long press: the P0 record from setDevicePower() marks this event.
      powerButtonLongHandled = true;
 acc:	10 93 0b 3f 	sts	0x3F0B, r17	; 0x803f0b <powerButtonLongHandled>
setDevicePower():
 ad0:	07 dc       	rcall	.-2034   	; 0x2e0 <setDevicePower(bool) [clone .part.0]>
 ad2:	2b c0       	rjmp	.+86     	; 0xb2a <main+0x1b8>
TWI0_ClearPins():
/home/tangles/.arduino15/packages/megaTinyCore/hardware/megaavr/2.6.12/libraries/Wire/src/twi_pins.c:145
        } else {
          PORTB.OUTCLR = 0x03;  // else PB0, PB1
 ad4:	10 93 26 04 	sts	0x0426, r17	; 0x800426 <digital_pin_to_bit_mask+0x7f7436>
 ad8:	bc cf       	rjmp	.-136    	; 0xa52 <main+0xe0>
powerButtonTask():
/media/nvme_raid0/mPC/cyberdeck-scout/Firmware/bms-tiny404/bms-tiny404.ino:646
      setDevicePower(false);
    }
    return;
  }

  if (!powerButtonDown) {
 ada:	22 23       	and	r18, r18
 adc:	31 f1       	breq	.+76     	; 0xb2a <main+0x1b8>
/media/nvme_raid0/mPC/cyberdeck-scout/Firmware/bms-tiny404/bms-tiny404.ino:649
    return;
  }
  powerButtonDown = false;
 ade:	10 92 0c 3f 	sts	0x3F0C, r1	; 0x803f0c <powerButtonDown>
/media/nvme_raid0/mPC/cyberdeck-scout/Firmware/bms-tiny404/bms-tiny404.ino:651

  if (!powerButtonLongHandled &&
 ae2:	20 91 0b 3f 	lds	r18, 0x3F0B	; 0x803f0b <powerButtonLongHandled>
 ae6:	21 11       	cpse	r18, r1
 ae8:	20 c0       	rjmp	.+64     	; 0xb2a <main+0x1b8>
/media/nvme_raid0/mPC/cyberdeck-scout/Firmware/bms-tiny404/bms-tiny404.ino:652
      (uint16_t)(now - powerButtonPressedAtMs) >= SHORT_PRESS_MIN_MS) {
 aea:	20 91 09 3f 	lds	r18, 0x3F09	; 0x803f09 <powerButtonPressedAtMs>
 aee:	30 91 0a 3f 	lds	r19, 0x3F0A	; 0x803f0a <powerButtonPressedAtMs+0x1>
 af2:	62 1b       	sub	r22, r18
 af4:	73 0b       	sbc	r23, r19
/media/nvme_raid0/mPC/cyberdeck-scout/Firmware/bms-tiny404/bms-tiny404.ino:651
  if (!powerButtonDown) {
    return;
  }
  powerButtonDown = false;

  if (!powerButtonLongHandled &&
 af6:	60 35       	cpi	r22, 0x50	; 80
 af8:	71 05       	cpc	r23, r1
 afa:	b8 f0       	brcs	.+46     	; 0xb2a <main+0x1b8>
handlePowerShortPress():
/media/nvme_raid0/mPC/cyberdeck-scout/Firmware/bms-tiny404/bms-tiny404.ino:612
  delay(50);
  bqConfigured = configureBq76905();
}

static void handlePowerShortPress() {
  if (!devicePowerOn) {
 afc:	80 91 1f 3f 	lds	r24, 0x3F1F	; 0x803f1f <devicePowerOn>
 b00:	81 11       	cpse	r24, r1
 b02:	54 c0       	rjmp	.+168    	; 0xbac <main+0x23a>
setDevicePower():
/media/nvme_raid0/mPC/cyberdeck-scout/Firmware/bms-tiny404/bms-tiny404.ino:285
}

static void setDevicePower(bool on) {
  if (on) {
    if (!devicePowerOn) {
      devicePowerOnStartedMs = (uint16_t)millis();
 b04:	38 db       	rcall	.-2448   	; 0x176 <millis>
 b06:	60 93 07 3f 	sts	0x3F07, r22	; 0x803f07 <devicePowerOnStartedMs>
 b0a:	70 93 08 3f 	sts	0x3F08, r23	; 0x803f08 <devicePowerOnStartedMs+0x1>
pinModeFast():
/home/tangles/.arduino15/packages/megaTinyCore/hardware/megaavr/2.6.12/cores/megatinycore/wiring_digital.c:443
  uint8_t port = digital_pin_to_port[pin];
  VPORT_t *vport;
  vport = (VPORT_t *)(port * 4);
  volatile uint8_t *pin_ctrl = (volatile uint8_t *) (0x410 + digital_pin_to_port[pin] * 0x20 + digital_pin_to_bit_position[pin]);
  if (mode == OUTPUT)// || mode == OUTPUT_PULLUP)
    vport->DIR |= mask;
 b0e:	03 9a       	sbi	0x00, 3	; 0
/home/tangles/.arduino15/packages/megaTinyCore/hardware/megaavr/2.6.12/cores/megatinycore/wiring_digital.c:450
    vport->DIR &= ~mask;
    // 1 clock to set direction
  if (mode == INPUT_PULLUP)
    *pin_ctrl |= PORT_PULLUPEN_bm;
  else //SK 3/16/23 - we were doing something really dumb here. You need to turn off the pullup when set to output too!
    *pin_ctrl &= ~PORT_PULLUPEN_bm;
 b10:	80 91 13 04 	lds	r24, 0x0413	; 0x800413 <digital_pin_to_bit_mask+0x7f7423>
 b14:	87 7f       	andi	r24, 0xF7	; 247
 b16:	80 93 13 04 	sts	0x0413, r24	; 0x800413 <digital_pin_to_bit_mask+0x7f7423>
digitalWriteFast():
/home/tangles/.arduino15/packages/megaTinyCore/hardware/megaavr/2.6.12/cores/megatinycore/wiring_digital.c:335
    vport->OUT &= ~mask;
  else // CHANGE
    vport->IN = mask;
*/
  if (val == LOW)
    vport->OUT &= ~mask;
 b1a:	0b 98       	cbi	0x01, 3	; 1
setDevicePower():
/media/nvme_raid0/mPC/cyberdeck-scout/Firmware/bms-tiny404/bms-tiny404.ino:289
    }
    pinModeFast(PWR_CONTROL_PIN, OUTPUT);
    digitalWriteFast(PWR_CONTROL_PIN, LOW);
    devicePowerOn = true;
 b1c:	10 93 1f 3f 	sts	0x3F1F, r17	; 0x803f1f <devicePowerOn>
/media/nvme_raid0/mPC/cyberdeck-scout/Firmware/bms-tiny404/bms-tiny404.ino:290
    debugChar('P');
 b20:	80 e5       	ldi	r24, 0x50	; 80
 b22:	d5 db       	rcall	.-2134   	; 0x2ce <debugChar(char)>
/media/nvme_raid0/mPC/cyberdeck-scout/Firmware/bms-tiny404/bms-tiny404.ino:291
    debugChar('1');
 b24:	81 e3       	ldi	r24, 0x31	; 49
 b26:	d3 db       	rcall	.-2138   	; 0x2ce <debugChar(char)>
/media/nvme_raid0/mPC/cyberdeck-scout/Firmware/bms-tiny404/bms-tiny404.ino:292
    debugNl();
 b28:	d9 db       	rcall	.-2126   	; 0x2dc <debugNl()>
hostBalanceTask():
/media/nvme_raid0/mPC/cyberdeck-scout/Firmware/bms-tiny404/bms-tiny404.ino:493
static uint16_t lastBalancePollMs = 0;
static uint16_t lastBalanceCommandMs = 0;

/** Periodically read cell voltages and issue START_BALANCE when rules are met. */
static void hostBalanceTask() {
  const uint16_t now = (uint16_t)millis();
 b2a:	25 db       	rcall	.-2486   	; 0x176 <millis>
 b2c:	2b 01       	movw	r4, r22
/media/nvme_raid0/mPC/cyberdeck-scout/Firmware/bms-tiny404/bms-tiny404.ino:494
  if (!bqConfigured) {
 b2e:	80 91 13 3f 	lds	r24, 0x3F13	; 0x803f13 <bqConfigured>
 b32:	81 11       	cpse	r24, r1
 b34:	54 c0       	rjmp	.+168    	; 0xbde <main+0x26c>
/media/nvme_raid0/mPC/cyberdeck-scout/Firmware/bms-tiny404/bms-tiny404.ino:495
    if ((uint16_t)(now - lastBqConfigAttemptMs) >= BQ_CONFIG_RETRY_MS) {
 b36:	80 91 11 3f 	lds	r24, 0x3F11	; 0x803f11 <lastBqConfigAttemptMs>
 b3a:	90 91 12 3f 	lds	r25, 0x3F12	; 0x803f12 <lastBqConfigAttemptMs+0x1>
 b3e:	a2 01       	movw	r20, r4
 b40:	48 1b       	sub	r20, r24
 b42:	59 0b       	sbc	r21, r25
 b44:	ca 01       	movw	r24, r20
 b46:	88 3e       	cpi	r24, 0xE8	; 232
 b48:	93 40       	sbci	r25, 0x03	; 3
 b4a:	38 f0       	brcs	.+14     	; 0xb5a <main+0x1e8>
/media/nvme_raid0/mPC/cyberdeck-scout/Firmware/bms-tiny404/bms-tiny404.ino:496
      lastBqConfigAttemptMs = now;
 b4c:	40 92 11 3f 	sts	0x3F11, r4	; 0x803f11 <lastBqConfigAttemptMs>
 b50:	50 92 12 3f 	sts	0x3F12, r5	; 0x803f12 <lastBqConfigAttemptMs+0x1>
/media/nvme_raid0/mPC/cyberdeck-scout/Firmware/bms-tiny404/bms-tiny404.ino:497
      bqConfigured = configureBq76905();
 b54:	9c dd       	rcall	.-1224   	; 0x68e <configureBq76905()>
 b56:	80 93 13 3f 	sts	0x3F13, r24	; 0x803f13 <bqConfigured>
powerLedTask():
/media/nvme_raid0/mPC/cyberdeck-scout/Firmware/bms-tiny404/bms-tiny404.ino:317
  delay(CM5_SOFT_PRESS_MS);
  releaseCm5SoftPower();
}

static void powerLedTask() {
  const uint16_t now = (uint16_t)millis();
 b5a:	0d db       	rcall	.-2534   	; 0x176 <millis>
/media/nvme_raid0/mPC/cyberdeck-scout/Firmware/bms-tiny404/bms-tiny404.ino:319

  if (bqCellBalancingActive) {
 b5c:	20 91 20 3f 	lds	r18, 0x3F20	; 0x803f20 <bqCellBalancingActive>
 b60:	22 23       	and	r18, r18
 b62:	09 f4       	brne	.+2      	; 0xb66 <main+0x1f4>
 b64:	da c0       	rjmp	.+436    	; 0xd1a <main+0x3a8>
breathingDuty():
/media/nvme_raid0/mPC/cyberdeck-scout/Firmware/bms-tiny404/bms-tiny404.ino:247
}

static uint8_t breathingDuty(uint8_t *duty, int8_t *direction, uint16_t *lastStepMs,
                             uint16_t now, uint8_t stepMs,
                             uint8_t minDuty, uint8_t maxDuty) {
  if ((uint16_t)(now - *lastStepMs) >= stepMs) {
 b66:	20 91 14 3f 	lds	r18, 0x3F14	; 0x803f14 <powerLedLastStepMs>
 b6a:	30 91 15 3f 	lds	r19, 0x3F15	; 0x803f15 <powerLedLastStepMs+0x1>
 b6e:	ab 01       	movw	r20, r22
 b70:	42 1b       	sub	r20, r18
 b72:	53 0b       	sbc	r21, r19
 b74:	45 30       	cpi	r20, 0x05	; 5
 b76:	51 05       	cpc	r21, r1
 b78:	08 f4       	brcc	.+2      	; 0xb7c <main+0x20a>
 b7a:	28 c1       	rjmp	.+592    	; 0xdcc <main+0x45a>
 b7c:	30 91 01 3f 	lds	r19, 0x3F01	; 0x803f01 <powerLedBreathDuty>
/media/nvme_raid0/mPC/cyberdeck-scout/Firmware/bms-tiny404/bms-tiny404.ino:248
    *lastStepMs = now;
 b80:	60 93 14 3f 	sts	0x3F14, r22	; 0x803f14 <powerLedLastStepMs>
 b84:	70 93 15 3f 	sts	0x3F15, r23	; 0x803f15 <powerLedLastStepMs+0x1>
/media/nvme_raid0/mPC/cyberdeck-scout/Firmware/bms-tiny404/bms-tiny404.ino:249
    const int16_t nextDuty = (int16_t)(*duty) + *direction;
 b88:	20 91 00 3f 	lds	r18, 0x3F00	; 0x803f00 <__DATA_REGION_ORIGIN__>
 b8c:	83 2f       	mov	r24, r19
 b8e:	90 e0       	ldi	r25, 0x00	; 0
 b90:	82 0f       	add	r24, r18
 b92:	91 1d       	adc	r25, r1
 b94:	27 fd       	sbrc	r18, 7
 b96:	9a 95       	dec	r25
/media/nvme_raid0/mPC/cyberdeck-scout/Firmware/bms-tiny404/bms-tiny404.ino:250
    if (nextDuty >= maxDuty) {
 b98:	84 36       	cpi	r24, 0x64	; 100
 b9a:	91 05       	cpc	r25, r1
 b9c:	0c f4       	brge	.+2      	; 0xba0 <main+0x22e>
 b9e:	1c c1       	rjmp	.+568    	; 0xdd8 <main+0x466>
/media/nvme_raid0/mPC/cyberdeck-scout/Firmware/bms-tiny404/bms-tiny404.ino:251
      *duty = maxDuty;
 ba0:	84 e6       	ldi	r24, 0x64	; 100
 ba2:	80 93 01 3f 	sts	0x3F01, r24	; 0x803f01 <powerLedBreathDuty>
/media/nvme_raid0/mPC/cyberdeck-scout/Firmware/bms-tiny404/bms-tiny404.ino:252
      *direction = -1;
 ba6:	d0 92 00 3f 	sts	0x3F00, r13	; 0x803f00 <__DATA_REGION_ORIGIN__>
 baa:	10 c1       	rjmp	.+544    	; 0xdcc <main+0x45a>
handlePowerShortPress():
/media/nvme_raid0/mPC/cyberdeck-scout/Firmware/bms-tiny404/bms-tiny404.ino:617
  if (!devicePowerOn) {
    setDevicePower(true);
    return;
  }

  if ((uint16_t)((uint16_t)millis() - devicePowerOnStartedMs) < POWER_SOFT_PRESS_ARM_MS) {
 bac:	e4 da       	rcall	.-2616   	; 0x176 <millis>
 bae:	20 91 07 3f 	lds	r18, 0x3F07	; 0x803f07 <devicePowerOnStartedMs>
 bb2:	30 91 08 3f 	lds	r19, 0x3F08	; 0x803f08 <devicePowerOnStartedMs+0x1>
 bb6:	62 1b       	sub	r22, r18
 bb8:	73 0b       	sbc	r23, r19
 bba:	68 39       	cpi	r22, 0x98	; 152
 bbc:	7a 43       	sbci	r23, 0x3A	; 58
 bbe:	08 f4       	brcc	.+2      	; 0xbc2 <main+0x250>
 bc0:	87 cf       	rjmp	.-242    	; 0xad0 <main+0x15e>
pinModeFast():
/home/tangles/.arduino15/packages/megaTinyCore/hardware/megaavr/2.6.12/cores/megatinycore/wiring_digital.c:443
  uint8_t port = digital_pin_to_port[pin];
  VPORT_t *vport;
  vport = (VPORT_t *)(port * 4);
  volatile uint8_t *pin_ctrl = (volatile uint8_t *) (0x410 + digital_pin_to_port[pin] * 0x20 + digital_pin_to_bit_position[pin]);
  if (mode == OUTPUT)// || mode == OUTPUT_PULLUP)
    vport->DIR |= mask;
 bc2:	07 9a       	sbi	0x00, 7	; 0
/home/tangles/.arduino15/packages/megaTinyCore/hardware/megaavr/2.6.12/cores/megatinycore/wiring_digital.c:450
    vport->DIR &= ~mask;
    // 1 clock to set direction
  if (mode == INPUT_PULLUP)
    *pin_ctrl |= PORT_PULLUPEN_bm;
  else //SK 3/16/23 - we were doing something really dumb here. You need to turn off the pullup when set to output too!
    *pin_ctrl &= ~PORT_PULLUPEN_bm;
 bc4:	80 91 17 04 	lds	r24, 0x0417	; 0x800417 <digital_pin_to_bit_mask+0x7f7427>
 bc8:	87 7f       	andi	r24, 0xF7	; 247
 bca:	80 93 17 04 	sts	0x0417, r24	; 0x800417 <digital_pin_to_bit_mask+0x7f7427>
digitalWriteFast():
/home/tangles/.arduino15/packages/megaTinyCore/hardware/megaavr/2.6.12/cores/megatinycore/wiring_digital.c:335
    vport->OUT &= ~mask;
  else // CHANGE
    vport->IN = mask;
*/
  if (val == LOW)
    vport->OUT &= ~mask;
 bce:	0f 98       	cbi	0x01, 7	; 1
delay():
 bd0:	6c e2       	ldi	r22, 0x2C	; 44
 bd2:	71 e0       	ldi	r23, 0x01	; 1
 bd4:	80 e0       	ldi	r24, 0x00	; 0
 bd6:	90 e0       	ldi	r25, 0x00	; 0
 bd8:	da da       	rcall	.-2636   	; 0x18e <delay.part.0>
startCm5SoftPowerPress():
/media/nvme_raid0/mPC/cyberdeck-scout/Firmware/bms-tiny404/bms-tiny404.ino:313
  }

  pinModeFast(CM5_SOFT_PWR_OUT, OUTPUT);
  digitalWriteFast(CM5_SOFT_PWR_OUT, LOW);
  delay(CM5_SOFT_PRESS_MS);
  releaseCm5SoftPower();
 bda:	69 db       	rcall	.-2350   	; 0x2ae <releaseCm5SoftPower()>
 bdc:	a6 cf       	rjmp	.-180    	; 0xb2a <main+0x1b8>
hostBalanceTask():
/media/nvme_raid0/mPC/cyberdeck-scout/Firmware/bms-tiny404/bms-tiny404.ino:502
      bqConfigured = configureBq76905();
    }
    return;
  }

  if ((uint16_t)(now - lastBalancePollMs) < BALANCE_POLL_PERIOD_MS) {
 bde:	80 91 0f 3f 	lds	r24, 0x3F0F	; 0x803f0f <lastBalancePollMs>
 be2:	90 91 10 3f 	lds	r25, 0x3F10	; 0x803f10 <lastBalancePollMs+0x1>
 be6:	92 01       	movw	r18, r4
 be8:	28 1b       	sub	r18, r24
 bea:	39 0b       	sbc	r19, r25
 bec:	24 36       	cpi	r18, 0x64	; 100
 bee:	31 05       	cpc	r19, r1
 bf0:	08 f4       	brcc	.+2      	; 0xbf4 <main+0x282>
 bf2:	b3 cf       	rjmp	.-154    	; 0xb5a <main+0x1e8>
/media/nvme_raid0/mPC/cyberdeck-scout/Firmware/bms-tiny404/bms-tiny404.ino:505
    return;
  }
  lastBalancePollMs = now;
 bf4:	40 92 0f 3f 	sts	0x3F0F, r4	; 0x803f0f <lastBalancePollMs>
 bf8:	50 92 10 3f 	sts	0x3F10, r5	; 0x803f10 <lastBalancePollMs+0x1>
/media/nvme_raid0/mPC/cyberdeck-scout/Firmware/bms-tiny404/bms-tiny404.ino:507

  uint16_t cell1Mv = 0;
 bfc:	1d 82       	std	Y+5, r1	; 0x05
 bfe:	1e 82       	std	Y+6, r1	; 0x06
/media/nvme_raid0/mPC/cyberdeck-scout/Firmware/bms-tiny404/bms-tiny404.ino:508
  uint16_t cell2Mv = 0;
 c00:	1b 82       	std	Y+3, r1	; 0x03
 c02:	1c 82       	std	Y+4, r1	; 0x04
/media/nvme_raid0/mPC/cyberdeck-scout/Firmware/bms-tiny404/bms-tiny404.ino:509
  if (!i2cRead16(REG_CELL1_VOLTAGE, &cell1Mv) ||
 c04:	be 01       	movw	r22, r28
 c06:	6b 5f       	subi	r22, 0xFB	; 251
 c08:	7f 4f       	sbci	r23, 0xFF	; 255
 c0a:	84 e1       	ldi	r24, 0x14	; 20
 c0c:	51 dc       	rcall	.-1886   	; 0x4b0 <i2cRead16(unsigned char, unsigned int*)>
 c0e:	81 11       	cpse	r24, r1
 c10:	07 c0       	rjmp	.+14     	; 0xc20 <main+0x2ae>
/media/nvme_raid0/mPC/cyberdeck-scout/Firmware/bms-tiny404/bms-tiny404.ino:511
      !i2cRead16(REG_CELL2_VOLTAGE, &cell2Mv)) {
    bqReadValid = false;
 c12:	10 92 25 3f 	sts	0x3F25, r1	; 0x803f25 <bqReadValid>
/media/nvme_raid0/mPC/cyberdeck-scout/Firmware/bms-tiny404/bms-tiny404.ino:512
    bqCellBalancingActive = false;
 c16:	10 92 20 3f 	sts	0x3F20, r1	; 0x803f20 <bqCellBalancingActive>
/media/nvme_raid0/mPC/cyberdeck-scout/Firmware/bms-tiny404/bms-tiny404.ino:513
    bqConfigured = false;
 c1a:	10 92 13 3f 	sts	0x3F13, r1	; 0x803f13 <bqConfigured>
 c1e:	9d cf       	rjmp	.-198    	; 0xb5a <main+0x1e8>
/media/nvme_raid0/mPC/cyberdeck-scout/Firmware/bms-tiny404/bms-tiny404.ino:510
  lastBalancePollMs = now;

  uint16_t cell1Mv = 0;
  uint16_t cell2Mv = 0;
  if (!i2cRead16(REG_CELL1_VOLTAGE, &cell1Mv) ||
      !i2cRead16(REG_CELL2_VOLTAGE, &cell2Mv)) {
 c20:	be 01       	movw	r22, r28
 c22:	6d 5f       	subi	r22, 0xFD	; 253
 c24:	7f 4f       	sbci	r23, 0xFF	; 255
 c26:	86 e1       	ldi	r24, 0x16	; 22
 c28:	43 dc       	rcall	.-1914   	; 0x4b0 <i2cRead16(unsigned char, unsigned int*)>
 c2a:	a8 2e       	mov	r10, r24
/media/nvme_raid0/mPC/cyberdeck-scout/Firmware/bms-tiny404/bms-tiny404.ino:509
  }
  lastBalancePollMs = now;

  uint16_t cell1Mv = 0;
  uint16_t cell2Mv = 0;
  if (!i2cRead16(REG_CELL1_VOLTAGE, &cell1Mv) ||
 c2c:	88 23       	and	r24, r24
 c2e:	89 f3       	breq	.-30     	; 0xc12 <main+0x2a0>
/media/nvme_raid0/mPC/cyberdeck-scout/Firmware/bms-tiny404/bms-tiny404.ino:516
    bqReadValid = false;
    bqCellBalancingActive = false;
    bqConfigured = false;
    return;
  }
  bqReadValid = true;
 c30:	10 93 25 3f 	sts	0x3F25, r17	; 0x803f25 <bqReadValid>
/media/nvme_raid0/mPC/cyberdeck-scout/Firmware/bms-tiny404/bms-tiny404.ino:517
  latestCell1Mv = cell1Mv;
 c34:	8d 81       	ldd	r24, Y+5	; 0x05
 c36:	9e 81       	ldd	r25, Y+6	; 0x06
 c38:	80 93 23 3f 	sts	0x3F23, r24	; 0x803f23 <latestCell1Mv>
 c3c:	90 93 24 3f 	sts	0x3F24, r25	; 0x803f24 <latestCell1Mv+0x1>
/media/nvme_raid0/mPC/cyberdeck-scout/Firmware/bms-tiny404/bms-tiny404.ino:518
  latestCell2Mv = cell2Mv;
 c40:	8b 81       	ldd	r24, Y+3	; 0x03
 c42:	9c 81       	ldd	r25, Y+4	; 0x04
 c44:	80 93 21 3f 	sts	0x3F21, r24	; 0x803f21 <latestCell2Mv>
 c48:	90 93 22 3f 	sts	0x3F22, r25	; 0x803f22 <latestCell2Mv+0x1>
/media/nvme_raid0/mPC/cyberdeck-scout/Firmware/bms-tiny404/bms-tiny404.ino:520

  uint16_t regValue = 0;
 c4c:	19 82       	std	Y+1, r1	; 0x01
 c4e:	1a 82       	std	Y+2, r1	; 0x02
/media/nvme_raid0/mPC/cyberdeck-scout/Firmware/bms-tiny404/bms-tiny404.ino:521
  if (i2cRead16(REG_ALARM_RAW_STATUS, &regValue)) {
 c50:	be 01       	movw	r22, r28
 c52:	6f 5f       	subi	r22, 0xFF	; 255
 c54:	7f 4f       	sbci	r23, 0xFF	; 255
 c56:	84 e6       	ldi	r24, 0x64	; 100
 c58:	2b dc       	rcall	.-1962   	; 0x4b0 <i2cRead16(unsigned char, unsigned int*)>
 c5a:	88 23       	and	r24, r24
 c5c:	21 f0       	breq	.+8      	; 0xc66 <main+0x2f4>
/media/nvme_raid0/mPC/cyberdeck-scout/Firmware/bms-tiny404/bms-tiny404.ino:522
    bqCellBalancingActive = (regValue & ALARM_RAW_CB) != 0;
 c5e:	8a 81       	ldd	r24, Y+2	; 0x02
 c60:	81 70       	andi	r24, 0x01	; 1
 c62:	80 93 20 3f 	sts	0x3F20, r24	; 0x803f20 <bqCellBalancingActive>
/media/nvme_raid0/mPC/cyberdeck-scout/Firmware/bms-tiny404/bms-tiny404.ino:525
  }

  if (i2cRead16(REG_SAFETY_STATUS_A, &regValue)) {
 c66:	be 01       	movw	r22, r28
 c68:	6f 5f       	subi	r22, 0xFF	; 255
 c6a:	7f 4f       	sbci	r23, 0xFF	; 255
 c6c:	83 e0       	ldi	r24, 0x03	; 3
 c6e:	20 dc       	rcall	.-1984   	; 0x4b0 <i2cRead16(unsigned char, unsigned int*)>
 c70:	88 23       	and	r24, r24
 c72:	a1 f0       	breq	.+40     	; 0xc9c <main+0x32a>
/media/nvme_raid0/mPC/cyberdeck-scout/Firmware/bms-tiny404/bms-tiny404.ino:526
    const uint8_t protectionA = (uint8_t)(regValue & 0xFF);
 c74:	89 81       	ldd	r24, Y+1	; 0x01
 c76:	9a 81       	ldd	r25, Y+2	; 0x02
/media/nvme_raid0/mPC/cyberdeck-scout/Firmware/bms-tiny404/bms-tiny404.ino:527
    if ((protectionA & (SAFETY_STATUS_A_CUV | SAFETY_STATUS_A_COV)) != 0) {
 c78:	9c 01       	movw	r18, r24
 c7a:	20 7c       	andi	r18, 0xC0	; 192
 c7c:	33 27       	eor	r19, r19
 c7e:	23 2b       	or	r18, r19
 c80:	69 f0       	breq	.+26     	; 0xc9c <main+0x32a>
/media/nvme_raid0/mPC/cyberdeck-scout/Firmware/bms-tiny404/bms-tiny404.ino:528
      protectionBlinkFlags |= protectionA & (SAFETY_STATUS_A_CUV | SAFETY_STATUS_A_COV);
 c82:	80 7c       	andi	r24, 0xC0	; 192
 c84:	90 91 1a 3f 	lds	r25, 0x3F1A	; 0x803f1a <protectionBlinkFlags>
 c88:	89 2b       	or	r24, r25
 c8a:	80 93 1a 3f 	sts	0x3F1A, r24	; 0x803f1a <protectionBlinkFlags>
/media/nvme_raid0/mPC/cyberdeck-scout/Firmware/bms-tiny404/bms-tiny404.ino:529
      protectionBlinkUntilMs = now + PROTECTION_LED_MIN_MS;
 c8e:	c2 01       	movw	r24, r4
 c90:	88 54       	subi	r24, 0x48	; 72
 c92:	94 4f       	sbci	r25, 0xF4	; 244
 c94:	80 93 18 3f 	sts	0x3F18, r24	; 0x803f18 <protectionBlinkUntilMs>
 c98:	90 93 19 3f 	sts	0x3F19, r25	; 0x803f19 <protectionBlinkUntilMs+0x1>
/media/nvme_raid0/mPC/cyberdeck-scout/Firmware/bms-tiny404/bms-tiny404.ino:534
    }
  }

  const bool anyCellAboveMin =
      (cell1Mv >= BALANCE_MIN_ANY_CELL_MV) || (cell2Mv >= BALANCE_MIN_ANY_CELL_MV);
 c9c:	2d 81       	ldd	r18, Y+5	; 0x05
 c9e:	3e 81       	ldd	r19, Y+6	; 0x06
 ca0:	8b 81       	ldd	r24, Y+3	; 0x03
 ca2:	9c 81       	ldd	r25, Y+4	; 0x04
 ca4:	2c 31       	cpi	r18, 0x1C	; 28
 ca6:	4c e0       	ldi	r20, 0x0C	; 12
 ca8:	34 07       	cpc	r19, r20
 caa:	38 f4       	brcc	.+14     	; 0xcba <main+0x348>
 cac:	aa 24       	eor	r10, r10
 cae:	a3 94       	inc	r10
 cb0:	8c 31       	cpi	r24, 0x1C	; 28
 cb2:	5c e0       	ldi	r21, 0x0C	; 12
 cb4:	95 07       	cpc	r25, r21
 cb6:	08 f4       	brcc	.+2      	; 0xcba <main+0x348>
 cb8:	a1 2c       	mov	r10, r1
/media/nvme_raid0/mPC/cyberdeck-scout/Firmware/bms-tiny404/bms-tiny404.ino:536
  const uint16_t cellDiffMv =
      (cell1Mv >= cell2Mv) ? (uint16_t)(cell1Mv - cell2Mv) : (uint16_t)(cell2Mv - cell1Mv);
 cba:	a9 01       	movw	r20, r18
 cbc:	48 1b       	sub	r20, r24
 cbe:	59 0b       	sbc	r21, r25
 cc0:	28 17       	cp	r18, r24
 cc2:	39 07       	cpc	r19, r25
 cc4:	18 f4       	brcc	.+6      	; 0xccc <main+0x35a>
 cc6:	ac 01       	movw	r20, r24
 cc8:	42 1b       	sub	r20, r18
 cca:	53 0b       	sbc	r21, r19
/media/nvme_raid0/mPC/cyberdeck-scout/Firmware/bms-tiny404/bms-tiny404.ino:539
  const bool imbalanceEnough = cellDiffMv >= BALANCE_MIN_DELTA_MV;

  if (anyCellAboveMin && imbalanceEnough) {
 ccc:	aa 20       	and	r10, r10
 cce:	09 f4       	brne	.+2      	; 0xcd2 <main+0x360>
 cd0:	44 cf       	rjmp	.-376    	; 0xb5a <main+0x1e8>
 cd2:	44 31       	cpi	r20, 0x14	; 20
 cd4:	51 05       	cpc	r21, r1
 cd6:	08 f4       	brcc	.+2      	; 0xcda <main+0x368>
 cd8:	40 cf       	rjmp	.-384    	; 0xb5a <main+0x1e8>
/media/nvme_raid0/mPC/cyberdeck-scout/Firmware/bms-tiny404/bms-tiny404.ino:541
    uint8_t balanceMask = 0x00;
    if (cell1Mv > cell2Mv) {
 cda:	82 17       	cp	r24, r18
 cdc:	93 07       	cpc	r25, r19
 cde:	d8 f0       	brcs	.+54     	; 0xd16 <main+0x3a4>
main():
/media/nvme_raid0/mPC/cyberdeck-scout/Firmware/bms-tiny404/bms-tiny404.ino:544
      balanceMask = 0x02; // bit1 = first active cell (VC1-VC0)
    } else if (cell2Mv > cell1Mv) {
      balanceMask = 0x04; // bit2 = second active cell
 ce0:	64 e0       	ldi	r22, 0x04	; 4
hostBalanceTask():
/media/nvme_raid0/mPC/cyberdeck-scout/Firmware/bms-tiny404/bms-tiny404.ino:543

  if (anyCellAboveMin && imbalanceEnough) {
    uint8_t balanceMask = 0x00;
    if (cell1Mv > cell2Mv) {
      balanceMask = 0x02; // bit1 = first active cell (VC1-VC0)
    } else if (cell2Mv > cell1Mv) {
 ce2:	28 17       	cp	r18, r24
 ce4:	39 07       	cpc	r19, r25
 ce6:	08 f0       	brcs	.+2      	; 0xcea <main+0x378>
 ce8:	38 cf       	rjmp	.-400    	; 0xb5a <main+0x1e8>
/media/nvme_raid0/mPC/cyberdeck-scout/Firmware/bms-tiny404/bms-tiny404.ino:548
      balanceMask = 0x04; // bit2 = second active cell
    }

    if (balanceMask != 0 &&
        (lastBalanceCommandMs == 0 || (uint16_t)(now - lastBalanceCommandMs) >= BALANCE_RETRIGGER_MS)) {
 cea:	80 91 0d 3f 	lds	r24, 0x3F0D	; 0x803f0d <lastBalanceCommandMs>
 cee:	90 91 0e 3f 	lds	r25, 0x3F0E	; 0x803f0e <lastBalanceCommandMs+0x1>
/media/nvme_raid0/mPC/cyberdeck-scout/Firmware/bms-tiny404/bms-tiny404.ino:547
      balanceMask = 0x02; // bit1 = first active cell (VC1-VC0)
    } else if (cell2Mv > cell1Mv) {
      balanceMask = 0x04; // bit2 = second active cell
    }

    if (balanceMask != 0 &&
 cf2:	00 97       	sbiw	r24, 0x00	; 0
 cf4:	41 f0       	breq	.+16     	; 0xd06 <main+0x394>
/media/nvme_raid0/mPC/cyberdeck-scout/Firmware/bms-tiny404/bms-tiny404.ino:548
        (lastBalanceCommandMs == 0 || (uint16_t)(now - lastBalanceCommandMs) >= BALANCE_RETRIGGER_MS)) {
 cf6:	92 01       	movw	r18, r4
 cf8:	28 1b       	sub	r18, r24
 cfa:	39 0b       	sbc	r19, r25
 cfc:	c9 01       	movw	r24, r18
 cfe:	80 35       	cpi	r24, 0x50	; 80
 d00:	96 44       	sbci	r25, 0x46	; 70
 d02:	08 f4       	brcc	.+2      	; 0xd06 <main+0x394>
 d04:	2a cf       	rjmp	.-428    	; 0xb5a <main+0x1e8>
/media/nvme_raid0/mPC/cyberdeck-scout/Firmware/bms-tiny404/bms-tiny404.ino:549
      writeConfig8(START_BALANCE, balanceMask);
 d06:	83 e8       	ldi	r24, 0x83	; 131
 d08:	90 e0       	ldi	r25, 0x00	; 0
 d0a:	99 dc       	rcall	.-1742   	; 0x63e <writeConfig8(unsigned int, unsigned char)>
/media/nvme_raid0/mPC/cyberdeck-scout/Firmware/bms-tiny404/bms-tiny404.ino:550
      lastBalanceCommandMs = now;
 d0c:	40 92 0d 3f 	sts	0x3F0D, r4	; 0x803f0d <lastBalanceCommandMs>
 d10:	50 92 0e 3f 	sts	0x3F0E, r5	; 0x803f0e <lastBalanceCommandMs+0x1>
 d14:	22 cf       	rjmp	.-444    	; 0xb5a <main+0x1e8>
main():
/media/nvme_raid0/mPC/cyberdeck-scout/Firmware/bms-tiny404/bms-tiny404.ino:542
  const bool imbalanceEnough = cellDiffMv >= BALANCE_MIN_DELTA_MV;

  if (anyCellAboveMin && imbalanceEnough) {
    uint8_t balanceMask = 0x00;
    if (cell1Mv > cell2Mv) {
      balanceMask = 0x02; // bit1 = first active cell (VC1-VC0)
 d16:	62 e0       	ldi	r22, 0x02	; 2
 d18:	e8 cf       	rjmp	.-48     	; 0xcea <main+0x378>
powerLedTask():
/media/nvme_raid0/mPC/cyberdeck-scout/Firmware/bms-tiny404/bms-tiny404.ino:324
  if (bqCellBalancingActive) {
    writeActiveLowPwm(LED_PIN, breathingDuty(&powerLedBreathDuty, &powerLedBreathDirection,
                                             &powerLedLastStepMs, now, FAST_LED_BREATH_STEP_MS,
                                             POWER_LED_BREATH_MIN_DUTY,
                                             POWER_LED_BREATH_MAX_DUTY));
  } else if (devicePowerOn) {
 d1a:	20 91 1f 3f 	lds	r18, 0x3F1F	; 0x803f1f <devicePowerOn>
 d1e:	22 23       	and	r18, r18
 d20:	09 f4       	brne	.+2      	; 0xd24 <main+0x3b2>
 d22:	49 c0       	rjmp	.+146    	; 0xdb6 <main+0x444>
writeActiveLowPwm():
/media/nvme_raid0/mPC/cyberdeck-scout/Firmware/bms-tiny404/bms-tiny404.ino:241
static uint16_t battLedLastStepMs = 0;
static uint16_t lastStatusBlinkMs = 0;
static bool statusBlinkOn = false;

static void writeActiveLowPwm(uint8_t pin, uint8_t duty) {
  analogWrite(pin, 255 - duty);
 d24:	6b e4       	ldi	r22, 0x4B	; 75
 d26:	70 e0       	ldi	r23, 0x00	; 0
 d28:	84 e0       	ldi	r24, 0x04	; 4
 d2a:	65 db       	rcall	.-2358   	; 0x3f6 <analogWrite>
batteryLedTask():
/media/nvme_raid0/mPC/cyberdeck-scout/Firmware/bms-tiny404/bms-tiny404.ino:364

  return latestCell1Mv <= LOW_BATT_WARN_CELL_MV || latestCell2Mv <= LOW_BATT_WARN_CELL_MV;
}

static void batteryLedTask() {
  if (!devicePowerOn) {
 d2c:	80 91 1f 3f 	lds	r24, 0x3F1F	; 0x803f1f <devicePowerOn>
 d30:	81 11       	cpse	r24, r1
 d32:	5d c0       	rjmp	.+186    	; 0xdee <main+0x47c>
/media/nvme_raid0/mPC/cyberdeck-scout/Firmware/bms-tiny404/bms-tiny404.ino:365
    setBatteryLedsOff();
 d34:	b8 da       	rcall	.-2704   	; 0x2a6 <setBatteryLedsOff()>
debugStatusTask():
/media/nvme_raid0/mPC/cyberdeck-scout/Firmware/bms-tiny404/bms-tiny404.ino:557
  }
}

#if DEBUG
static void debugStatusTask() {
  const uint16_t now = (uint16_t)millis();
 d36:	1f da       	rcall	.-3010   	; 0x176 <millis>
/media/nvme_raid0/mPC/cyberdeck-scout/Firmware/bms-tiny404/bms-tiny404.ino:558
  if ((uint16_t)(now - lastDebugStatusMs) < 1000) {
 d38:	20 91 26 3f 	lds	r18, 0x3F26	; 0x803f26 <lastDebugStatusMs>
 d3c:	30 91 27 3f 	lds	r19, 0x3F27	; 0x803f27 <lastDebugStatusMs+0x1>
 d40:	ab 01       	movw	r20, r22
 d42:	42 1b       	sub	r20, r18
 d44:	53 0b       	sbc	r21, r19
 d46:	9a 01       	movw	r18, r20
 d48:	28 3e       	cpi	r18, 0xE8	; 232
 d4a:	33 40       	sbci	r19, 0x03	; 3
 d4c:	08 f4       	brcc	.+2      	; 0xd50 <main+0x3de>
 d4e:	a2 ce       	rjmp	.-700    	; 0xa94 <main+0x122>
/media/nvme_raid0/mPC/cyberdeck-scout/Firmware/bms-tiny404/bms-tiny404.ino:561
    return;
  }
  lastDebugStatusMs = now;
 d50:	60 93 26 3f 	sts	0x3F26, r22	; 0x803f26 <lastDebugStatusMs>
 d54:	70 93 27 3f 	sts	0x3F27, r23	; 0x803f27 <lastDebugStatusMs+0x1>
/media/nvme_raid0/mPC/cyberdeck-scout/Firmware/bms-tiny404/bms-tiny404.ino:563

  debugChar('S');
 d58:	83 e5       	ldi	r24, 0x53	; 83
 d5a:	b9 da       	rcall	.-2702   	; 0x2ce <debugChar(char)>
/media/nvme_raid0/mPC/cyberdeck-scout/Firmware/bms-tiny404/bms-tiny404.ino:564
  debugChar(bqReadValid ? '1' : '0');
 d5c:	80 91 25 3f 	lds	r24, 0x3F25	; 0x803f25 <bqReadValid>
 d60:	88 23       	and	r24, r24
 d62:	09 f4       	brne	.+2      	; 0xd66 <main+0x3f4>
 d64:	ef c0       	rjmp	.+478    	; 0xf44 <main+0x5d2>
main():
 d66:	81 e3       	ldi	r24, 0x31	; 49
debugStatusTask():
 d68:	b2 da       	rcall	.-2716   	; 0x2ce <debugChar(char)>
/media/nvme_raid0/mPC/cyberdeck-scout/Firmware/bms-tiny404/bms-tiny404.ino:565
  debugChar(' ');
 d6a:	80 e2       	ldi	r24, 0x20	; 32
 d6c:	b0 da       	rcall	.-2720   	; 0x2ce <debugChar(char)>
/media/nvme_raid0/mPC/cyberdeck-scout/Firmware/bms-tiny404/bms-tiny404.ino:566
  debugUint(latestCell1Mv);
 d6e:	80 91 23 3f 	lds	r24, 0x3F23	; 0x803f23 <latestCell1Mv>
 d72:	90 91 24 3f 	lds	r25, 0x3F24	; 0x803f24 <latestCell1Mv+0x1>
 d76:	be da       	rcall	.-2692   	; 0x2f4 <debugUint(unsigned int)>
/media/nvme_raid0/mPC/cyberdeck-scout/Firmware/bms-tiny404/bms-tiny404.ino:567
  debugChar(',');
 d78:	8c e2       	ldi	r24, 0x2C	; 44
 d7a:	a9 da       	rcall	.-2734   	; 0x2ce <debugChar(char)>
/media/nvme_raid0/mPC/cyberdeck-scout/Firmware/bms-tiny404/bms-tiny404.ino:568
  debugUint(latestCell2Mv);
 d7c:	80 91 21 3f 	lds	r24, 0x3F21	; 0x803f21 <latestCell2Mv>
 d80:	90 91 22 3f 	lds	r25, 0x3F22	; 0x803f22 <latestCell2Mv+0x1>
 d84:	b7 da       	rcall	.-2706   	; 0x2f4 <debugUint(unsigned int)>
/media/nvme_raid0/mPC/cyberdeck-scout/Firmware/bms-tiny404/bms-tiny404.ino:569
  debugChar(' ');
 d86:	80 e2       	ldi	r24, 0x20	; 32
 d88:	a2 da       	rcall	.-2748   	; 0x2ce <debugChar(char)>
/media/nvme_raid0/mPC/cyberdeck-scout/Firmware/bms-tiny404/bms-tiny404.ino:570
  debugChar(bqCellBalancingActive ? 'B' : '-');
 d8a:	80 91 20 3f 	lds	r24, 0x3F20	; 0x803f20 <bqCellBalancingActive>
 d8e:	88 23       	and	r24, r24
 d90:	09 f4       	brne	.+2      	; 0xd94 <main+0x422>
 d92:	da c0       	rjmp	.+436    	; 0xf48 <main+0x5d6>
main():
 d94:	82 e4       	ldi	r24, 0x42	; 66
debugStatusTask():
 d96:	9b da       	rcall	.-2762   	; 0x2ce <debugChar(char)>
/media/nvme_raid0/mPC/cyberdeck-scout/Firmware/bms-tiny404/bms-tiny404.ino:571
  debugChar(devicePowerOn ? 'P' : 'p');
 d98:	80 91 1f 3f 	lds	r24, 0x3F1F	; 0x803f1f <devicePowerOn>
 d9c:	88 23       	and	r24, r24
 d9e:	09 f4       	brne	.+2      	; 0xda2 <main+0x430>
 da0:	d5 c0       	rjmp	.+426    	; 0xf4c <main+0x5da>
main():
 da2:	80 e5       	ldi	r24, 0x50	; 80
debugStatusTask():
 da4:	94 da       	rcall	.-2776   	; 0x2ce <debugChar(char)>
/media/nvme_raid0/mPC/cyberdeck-scout/Firmware/bms-tiny404/bms-tiny404.ino:572
  debugChar(' ');
 da6:	80 e2       	ldi	r24, 0x20	; 32
 da8:	92 da       	rcall	.-2780   	; 0x2ce <debugChar(char)>
/media/nvme_raid0/mPC/cyberdeck-scout/Firmware/bms-tiny404/bms-tiny404.ino:573
  debugUint(lastI2cError);
 daa:	80 91 1e 3f 	lds	r24, 0x3F1E	; 0x803f1e <lastI2cError>
 dae:	90 e0       	ldi	r25, 0x00	; 0
 db0:	a1 da       	rcall	.-2750   	; 0x2f4 <debugUint(unsigned int)>
/media/nvme_raid0/mPC/cyberdeck-scout/Firmware/bms-tiny404/bms-tiny404.ino:574
  debugNl();
 db2:	94 da       	rcall	.-2776   	; 0x2dc <debugNl()>
 db4:	6a ce       	rjmp	.-812    	; 0xa8a <main+0x118>
breathingDuty():
/media/nvme_raid0/mPC/cyberdeck-scout/Firmware/bms-tiny404/bms-tiny404.ino:247
}

static uint8_t breathingDuty(uint8_t *duty, int8_t *direction, uint16_t *lastStepMs,
                             uint16_t now, uint8_t stepMs,
                             uint8_t minDuty, uint8_t maxDuty) {
  if ((uint16_t)(now - *lastStepMs) >= stepMs) {
 db6:	20 91 14 3f 	lds	r18, 0x3F14	; 0x803f14 <powerLedLastStepMs>
 dba:	30 91 15 3f 	lds	r19, 0x3F15	; 0x803f15 <powerLedLastStepMs+0x1>
 dbe:	ab 01       	movw	r20, r22
 dc0:	42 1b       	sub	r20, r18
 dc2:	53 0b       	sbc	r21, r19
 dc4:	42 31       	cpi	r20, 0x12	; 18
 dc6:	51 05       	cpc	r21, r1
 dc8:	08 f0       	brcs	.+2      	; 0xdcc <main+0x45a>
 dca:	d8 ce       	rjmp	.-592    	; 0xb7c <main+0x20a>
writeActiveLowPwm():
/media/nvme_raid0/mPC/cyberdeck-scout/Firmware/bms-tiny404/bms-tiny404.ino:241
static uint16_t battLedLastStepMs = 0;
static uint16_t lastStatusBlinkMs = 0;
static bool statusBlinkOn = false;

static void writeActiveLowPwm(uint8_t pin, uint8_t duty) {
  analogWrite(pin, 255 - duty);
 dcc:	80 91 01 3f 	lds	r24, 0x3F01	; 0x803f01 <powerLedBreathDuty>
 dd0:	b7 01       	movw	r22, r14
 dd2:	68 1b       	sub	r22, r24
 dd4:	71 09       	sbc	r23, r1
 dd6:	a8 cf       	rjmp	.-176    	; 0xd28 <main+0x3b6>
breathingDuty():
/media/nvme_raid0/mPC/cyberdeck-scout/Firmware/bms-tiny404/bms-tiny404.ino:253
    *lastStepMs = now;
    const int16_t nextDuty = (int16_t)(*duty) + *direction;
    if (nextDuty >= maxDuty) {
      *duty = maxDuty;
      *direction = -1;
    } else if (nextDuty <= minDuty) {
 dd8:	86 30       	cpi	r24, 0x06	; 6
 dda:	91 05       	cpc	r25, r1
 ddc:	2c f4       	brge	.+10     	; 0xde8 <main+0x476>
/media/nvme_raid0/mPC/cyberdeck-scout/Firmware/bms-tiny404/bms-tiny404.ino:254
      *duty = minDuty;
 dde:	00 93 01 3f 	sts	0x3F01, r16	; 0x803f01 <powerLedBreathDuty>
/media/nvme_raid0/mPC/cyberdeck-scout/Firmware/bms-tiny404/bms-tiny404.ino:255
      *direction = 1;
 de2:	10 93 00 3f 	sts	0x3F00, r17	; 0x803f00 <__DATA_REGION_ORIGIN__>
 de6:	f2 cf       	rjmp	.-28     	; 0xdcc <main+0x45a>
/media/nvme_raid0/mPC/cyberdeck-scout/Firmware/bms-tiny404/bms-tiny404.ino:257
    } else {
      *duty = (uint8_t)nextDuty;
 de8:	80 93 01 3f 	sts	0x3F01, r24	; 0x803f01 <powerLedBreathDuty>
 dec:	ef cf       	rjmp	.-34     	; 0xdcc <main+0x45a>
batteryLedTask():
/media/nvme_raid0/mPC/cyberdeck-scout/Firmware/bms-tiny404/bms-tiny404.ino:369
  if (!devicePowerOn) {
    setBatteryLedsOff();
    return;
  }

  const uint16_t now = (uint16_t)millis();
 dee:	c3 d9       	rcall	.-3194   	; 0x176 <millis>
 df0:	ab 01       	movw	r20, r22
/media/nvme_raid0/mPC/cyberdeck-scout/Firmware/bms-tiny404/bms-tiny404.ino:370
  if ((uint16_t)(now - lastStatusBlinkMs) >= STATUS_LED_BLINK_MS) {
 df2:	80 91 1c 3f 	lds	r24, 0x3F1C	; 0x803f1c <lastStatusBlinkMs>
 df6:	90 91 1d 3f 	lds	r25, 0x3F1D	; 0x803f1d <lastStatusBlinkMs+0x1>
 dfa:	9a 01       	movw	r18, r20
 dfc:	28 1b       	sub	r18, r24
 dfe:	39 0b       	sbc	r19, r25
 e00:	28 37       	cpi	r18, 0x78	; 120
 e02:	31 05       	cpc	r19, r1
 e04:	48 f0       	brcs	.+18     	; 0xe18 <main+0x4a6>
/media/nvme_raid0/mPC/cyberdeck-scout/Firmware/bms-tiny404/bms-tiny404.ino:371
    lastStatusBlinkMs = now;
 e06:	40 93 1c 3f 	sts	0x3F1C, r20	; 0x803f1c <lastStatusBlinkMs>
 e0a:	50 93 1d 3f 	sts	0x3F1D, r21	; 0x803f1d <lastStatusBlinkMs+0x1>
/media/nvme_raid0/mPC/cyberdeck-scout/Firmware/bms-tiny404/bms-tiny404.ino:372
    statusBlinkOn = !statusBlinkOn;
 e0e:	80 91 1b 3f 	lds	r24, 0x3F1B	; 0x803f1b <statusBlinkOn>
 e12:	8c 25       	eor	r24, r12
 e14:	80 93 1b 3f 	sts	0x3F1B, r24	; 0x803f1b <statusBlinkOn>
/media/nvme_raid0/mPC/cyberdeck-scout/Firmware/bms-tiny404/bms-tiny404.ino:374
  }
  if (protectionBlinkFlags != 0 && (int16_t)(now - protectionBlinkUntilMs) >= 0) {
 e18:	80 91 1a 3f 	lds	r24, 0x3F1A	; 0x803f1a <protectionBlinkFlags>
 e1c:	88 23       	and	r24, r24
 e1e:	51 f0       	breq	.+20     	; 0xe34 <main+0x4c2>
 e20:	80 91 18 3f 	lds	r24, 0x3F18	; 0x803f18 <protectionBlinkUntilMs>
 e24:	90 91 19 3f 	lds	r25, 0x3F19	; 0x803f19 <protectionBlinkUntilMs+0x1>
 e28:	9a 01       	movw	r18, r20
 e2a:	28 1b       	sub	r18, r24
 e2c:	39 0b       	sbc	r19, r25
 e2e:	37 ff       	sbrs	r19, 7
/media/nvme_raid0/mPC/cyberdeck-scout/Firmware/bms-tiny404/bms-tiny404.ino:375
    protectionBlinkFlags = 0;
 e30:	10 92 1a 3f 	sts	0x3F1A, r1	; 0x803f1a <protectionBlinkFlags>
/media/nvme_raid0/mPC/cyberdeck-scout/Firmware/bms-tiny404/bms-tiny404.ino:377
  }
  const bool showUnderVoltage = (protectionBlinkFlags & SAFETY_STATUS_A_CUV) != 0;
 e34:	80 91 1a 3f 	lds	r24, 0x3F1A	; 0x803f1a <protectionBlinkFlags>
/media/nvme_raid0/mPC/cyberdeck-scout/Firmware/bms-tiny404/bms-tiny404.ino:380
  const bool showOverVoltage = (protectionBlinkFlags & SAFETY_STATUS_A_COV) != 0;

  if (showUnderVoltage || showOverVoltage) {
 e38:	86 fd       	sbrc	r24, 6
 e3a:	04 c0       	rjmp	.+8      	; 0xe44 <main+0x4d2>
 e3c:	87 ff       	sbrs	r24, 7
 e3e:	19 c0       	rjmp	.+50     	; 0xe72 <main+0x500>
digitalWriteFast():
/home/tangles/.arduino15/packages/megaTinyCore/hardware/megaavr/2.6.12/cores/megatinycore/wiring_digital.c:339
  else if (val == CHANGE)
    vport->IN |= mask;
  else // HIGH
    vport->OUT |= mask;
 e40:	0c 9a       	sbi	0x01, 4	; 1
 e42:	05 c0       	rjmp	.+10     	; 0xe4e <main+0x4dc>
batteryLedTask():
/media/nvme_raid0/mPC/cyberdeck-scout/Firmware/bms-tiny404/bms-tiny404.ino:381
    digitalWriteFast(BATT_LEVEL1_LED_PIN, showUnderVoltage && statusBlinkOn ? LOW : HIGH);
 e44:	90 91 1b 3f 	lds	r25, 0x3F1B	; 0x803f1b <statusBlinkOn>
 e48:	99 23       	and	r25, r25
 e4a:	d1 f3       	breq	.-12     	; 0xe40 <main+0x4ce>
digitalWriteFast():
/home/tangles/.arduino15/packages/megaTinyCore/hardware/megaavr/2.6.12/cores/megatinycore/wiring_digital.c:335
    vport->OUT &= ~mask;
  else // CHANGE
    vport->IN = mask;
*/
  if (val == LOW)
    vport->OUT &= ~mask;
 e4c:	0c 98       	cbi	0x01, 4	; 1
batteryLedTask():
/media/nvme_raid0/mPC/cyberdeck-scout/Firmware/bms-tiny404/bms-tiny404.ino:385
#if !DEBUG
    digitalWriteFast(BATT_LEVEL2_LED_PIN, showUnderVoltage && statusBlinkOn ? LOW : HIGH);
#endif
    digitalWriteFast(BATT_LEVEL3_LED_PIN, showOverVoltage && statusBlinkOn ? LOW : HIGH);
 e4e:	87 ff       	sbrs	r24, 7
 e50:	0b c0       	rjmp	.+22     	; 0xe68 <main+0x4f6>
 e52:	90 91 1b 3f 	lds	r25, 0x3F1B	; 0x803f1b <statusBlinkOn>
 e56:	99 23       	and	r25, r25
 e58:	39 f0       	breq	.+14     	; 0xe68 <main+0x4f6>
digitalWriteFast():
/home/tangles/.arduino15/packages/megaTinyCore/hardware/megaavr/2.6.12/cores/megatinycore/wiring_digital.c:335
 e5a:	29 98       	cbi	0x05, 1	; 5
batteryLedTask():
/media/nvme_raid0/mPC/cyberdeck-scout/Firmware/bms-tiny404/bms-tiny404.ino:386
    digitalWriteFast(BATT_LEVEL4_LED_PIN, showOverVoltage && statusBlinkOn ? LOW : HIGH);
 e5c:	80 91 1b 3f 	lds	r24, 0x3F1B	; 0x803f1b <statusBlinkOn>
 e60:	88 23       	and	r24, r24
 e62:	29 f0       	breq	.+10     	; 0xe6e <main+0x4fc>
digitalWriteFast():
/home/tangles/.arduino15/packages/megaTinyCore/hardware/megaavr/2.6.12/cores/megatinycore/wiring_digital.c:335
 e64:	28 98       	cbi	0x05, 0	; 5
 e66:	67 cf       	rjmp	.-306    	; 0xd36 <main+0x3c4>
/home/tangles/.arduino15/packages/megaTinyCore/hardware/megaavr/2.6.12/cores/megatinycore/wiring_digital.c:339
  else if (val == CHANGE)
    vport->IN |= mask;
  else // HIGH
    vport->OUT |= mask;
 e68:	29 9a       	sbi	0x05, 1	; 5
batteryLedTask():
/media/nvme_raid0/mPC/cyberdeck-scout/Firmware/bms-tiny404/bms-tiny404.ino:386
 e6a:	87 fd       	sbrc	r24, 7
 e6c:	f7 cf       	rjmp	.-18     	; 0xe5c <main+0x4ea>
digitalWriteFast():
/home/tangles/.arduino15/packages/megaTinyCore/hardware/megaavr/2.6.12/cores/megatinycore/wiring_digital.c:339
 e6e:	28 9a       	sbi	0x05, 0	; 5
 e70:	62 cf       	rjmp	.-316    	; 0xd36 <main+0x3c4>
lowBatteryWarningActive():
/media/nvme_raid0/mPC/cyberdeck-scout/Firmware/bms-tiny404/bms-tiny404.ino:356
  }
  return 0;
}

static bool lowBatteryWarningActive() {
  if (!bqReadValid) {
 e72:	80 91 25 3f 	lds	r24, 0x3F25	; 0x803f25 <bqReadValid>
 e76:	88 23       	and	r24, r24
 e78:	09 f4       	brne	.+2      	; 0xe7c <main+0x50a>
 e7a:	62 c0       	rjmp	.+196    	; 0xf40 <main+0x5ce>
/media/nvme_raid0/mPC/cyberdeck-scout/Firmware/bms-tiny404/bms-tiny404.ino:360
    return false;
  }

  return latestCell1Mv <= LOW_BATT_WARN_CELL_MV || latestCell2Mv <= LOW_BATT_WARN_CELL_MV;
 e7c:	80 91 23 3f 	lds	r24, 0x3F23	; 0x803f23 <latestCell1Mv>
 e80:	90 91 24 3f 	lds	r25, 0x3F24	; 0x803f24 <latestCell1Mv+0x1>
 e84:	8f 34       	cpi	r24, 0x4F	; 79
 e86:	3c e0       	ldi	r19, 0x0C	; 12
 e88:	93 07       	cpc	r25, r19
 e8a:	40 f0       	brcs	.+16     	; 0xe9c <main+0x52a>
 e8c:	20 91 21 3f 	lds	r18, 0x3F21	; 0x803f21 <latestCell2Mv>
 e90:	30 91 22 3f 	lds	r19, 0x3F22	; 0x803f22 <latestCell2Mv+0x1>
 e94:	2f 34       	cpi	r18, 0x4F	; 79
 e96:	ec e0       	ldi	r30, 0x0C	; 12
 e98:	3e 07       	cpc	r19, r30
 e9a:	90 f5       	brcc	.+100    	; 0xf00 <main+0x58e>
breathingDuty():
/media/nvme_raid0/mPC/cyberdeck-scout/Firmware/bms-tiny404/bms-tiny404.ino:247
}

static uint8_t breathingDuty(uint8_t *duty, int8_t *direction, uint16_t *lastStepMs,
                             uint16_t now, uint8_t stepMs,
                             uint8_t minDuty, uint8_t maxDuty) {
  if ((uint16_t)(now - *lastStepMs) >= stepMs) {
 e9c:	80 91 16 3f 	lds	r24, 0x3F16	; 0x803f16 <battLedLastStepMs>
 ea0:	90 91 17 3f 	lds	r25, 0x3F17	; 0x803f17 <battLedLastStepMs+0x1>
 ea4:	9a 01       	movw	r18, r20
 ea6:	28 1b       	sub	r18, r24
 ea8:	39 0b       	sbc	r19, r25
 eaa:	25 30       	cpi	r18, 0x05	; 5
 eac:	31 05       	cpc	r19, r1
 eae:	a0 f0       	brcs	.+40     	; 0xed8 <main+0x566>
 eb0:	80 91 03 3f 	lds	r24, 0x3F03	; 0x803f03 <battLedBreathDuty>
/media/nvme_raid0/mPC/cyberdeck-scout/Firmware/bms-tiny404/bms-tiny404.ino:248
    *lastStepMs = now;
 eb4:	40 93 16 3f 	sts	0x3F16, r20	; 0x803f16 <battLedLastStepMs>
 eb8:	50 93 17 3f 	sts	0x3F17, r21	; 0x803f17 <battLedLastStepMs+0x1>
/media/nvme_raid0/mPC/cyberdeck-scout/Firmware/bms-tiny404/bms-tiny404.ino:249
    const int16_t nextDuty = (int16_t)(*duty) + *direction;
 ebc:	20 91 02 3f 	lds	r18, 0x3F02	; 0x803f02 <battLedBreathDirection>
 ec0:	90 e0       	ldi	r25, 0x00	; 0
 ec2:	82 0f       	add	r24, r18
 ec4:	91 1d       	adc	r25, r1
 ec6:	27 fd       	sbrc	r18, 7
 ec8:	9a 95       	dec	r25
/media/nvme_raid0/mPC/cyberdeck-scout/Firmware/bms-tiny404/bms-tiny404.ino:250
    if (nextDuty >= maxDuty) {
 eca:	84 3b       	cpi	r24, 0xB4	; 180
 ecc:	91 05       	cpc	r25, r1
 ece:	6c f0       	brlt	.+26     	; 0xeea <main+0x578>
/media/nvme_raid0/mPC/cyberdeck-scout/Firmware/bms-tiny404/bms-tiny404.ino:251
      *duty = maxDuty;
 ed0:	b0 92 03 3f 	sts	0x3F03, r11	; 0x803f03 <battLedBreathDuty>
/media/nvme_raid0/mPC/cyberdeck-scout/Firmware/bms-tiny404/bms-tiny404.ino:252
      *direction = -1;
 ed4:	d0 92 02 3f 	sts	0x3F02, r13	; 0x803f02 <battLedBreathDirection>
writeActiveLowPwm():
/media/nvme_raid0/mPC/cyberdeck-scout/Firmware/bms-tiny404/bms-tiny404.ino:241
static uint16_t battLedLastStepMs = 0;
static uint16_t lastStatusBlinkMs = 0;
static bool statusBlinkOn = false;

static void writeActiveLowPwm(uint8_t pin, uint8_t duty) {
  analogWrite(pin, 255 - duty);
 ed8:	80 91 03 3f 	lds	r24, 0x3F03	; 0x803f03 <battLedBreathDuty>
 edc:	b7 01       	movw	r22, r14
 ede:	68 1b       	sub	r22, r24
 ee0:	71 09       	sbc	r23, r1
 ee2:	80 e0       	ldi	r24, 0x00	; 0
 ee4:	88 da       	rcall	.-2800   	; 0x3f6 <analogWrite>
digitalWriteFast():
/home/tangles/.arduino15/packages/megaTinyCore/hardware/megaavr/2.6.12/cores/megatinycore/wiring_digital.c:339
 ee6:	29 9a       	sbi	0x05, 1	; 5
 ee8:	c2 cf       	rjmp	.-124    	; 0xe6e <main+0x4fc>
breathingDuty():
/media/nvme_raid0/mPC/cyberdeck-scout/Firmware/bms-tiny404/bms-tiny404.ino:253
    *lastStepMs = now;
    const int16_t nextDuty = (int16_t)(*duty) + *direction;
    if (nextDuty >= maxDuty) {
      *duty = maxDuty;
      *direction = -1;
    } else if (nextDuty <= minDuty) {
 eea:	86 30       	cpi	r24, 0x06	; 6
 eec:	91 05       	cpc	r25, r1
 eee:	2c f4       	brge	.+10     	; 0xefa <main+0x588>
/media/nvme_raid0/mPC/cyberdeck-scout/Firmware/bms-tiny404/bms-tiny404.ino:254
      *duty = minDuty;
 ef0:	00 93 03 3f 	sts	0x3F03, r16	; 0x803f03 <battLedBreathDuty>
/media/nvme_raid0/mPC/cyberdeck-scout/Firmware/bms-tiny404/bms-tiny404.ino:255
      *direction = 1;
 ef4:	10 93 02 3f 	sts	0x3F02, r17	; 0x803f02 <battLedBreathDirection>
 ef8:	ef cf       	rjmp	.-34     	; 0xed8 <main+0x566>
/media/nvme_raid0/mPC/cyberdeck-scout/Firmware/bms-tiny404/bms-tiny404.ino:257
    } else {
      *duty = (uint8_t)nextDuty;
 efa:	80 93 03 3f 	sts	0x3F03, r24	; 0x803f03 <battLedBreathDuty>
 efe:	ec cf       	rjmp	.-40     	; 0xed8 <main+0x566>
batteryLedCount():
/media/nvme_raid0/mPC/cyberdeck-scout/Firmware/bms-tiny404/bms-tiny404.ino:339
static uint8_t batteryLedCount() {
  if (!bqReadValid) {
    return 0;
  }

  const uint16_t packMv = latestCell1Mv + latestCell2Mv;
 f00:	82 0f       	add	r24, r18
 f02:	93 1f       	adc	r25, r19
/media/nvme_raid0/mPC/cyberdeck-scout/Firmware/bms-tiny404/bms-tiny404.ino:340
  if (packMv >= BATT_LED4_PACK_MV) {
 f04:	8c 3d       	cpi	r24, 0xDC	; 220
 f06:	3e e1       	ldi	r19, 0x1E	; 30
 f08:	93 07       	cpc	r25, r19
 f0a:	a0 f4       	brcc	.+40     	; 0xf34 <main+0x5c2>
/media/nvme_raid0/mPC/cyberdeck-scout/Firmware/bms-tiny404/bms-tiny404.ino:343
    return 4;
  }
  if (packMv >= BATT_LED3_PACK_MV) {
 f0c:	88 3e       	cpi	r24, 0xE8	; 232
 f0e:	4c e1       	ldi	r20, 0x1C	; 28
 f10:	94 07       	cpc	r25, r20
 f12:	90 f4       	brcc	.+36     	; 0xf38 <main+0x5c6>
/media/nvme_raid0/mPC/cyberdeck-scout/Firmware/bms-tiny404/bms-tiny404.ino:346
    return 3;
  }
  if (packMv >= BATT_LED2_PACK_MV) {
 f14:	84 3f       	cpi	r24, 0xF4	; 244
 f16:	5a e1       	ldi	r21, 0x1A	; 26
 f18:	95 07       	cpc	r25, r21
 f1a:	80 f4       	brcc	.+32     	; 0xf3c <main+0x5ca>
/media/nvme_raid0/mPC/cyberdeck-scout/Firmware/bms-tiny404/bms-tiny404.ino:349
    return 2;
  }
  if (packMv >= BATT_LED1_PACK_MV) {
 f1c:	84 3d       	cpi	r24, 0xD4	; 212
 f1e:	97 41       	sbci	r25, 0x17	; 23
 f20:	78 f0       	brcs	.+30     	; 0xf40 <main+0x5ce>
main():
/media/nvme_raid0/mPC/cyberdeck-scout/Firmware/bms-tiny404/bms-tiny404.ino:350
    return 1;
 f22:	81 e0       	ldi	r24, 0x01	; 1
digitalWriteFast():
/home/tangles/.arduino15/packages/megaTinyCore/hardware/megaavr/2.6.12/cores/megatinycore/wiring_digital.c:335
    vport->OUT &= ~mask;
  else // CHANGE
    vport->IN = mask;
*/
  if (val == LOW)
    vport->OUT &= ~mask;
 f24:	0c 98       	cbi	0x01, 4	; 1
/home/tangles/.arduino15/packages/megaTinyCore/hardware/megaavr/2.6.12/cores/megatinycore/wiring_digital.c:334
  else if (val == LOW)
    vport->OUT &= ~mask;
  else // CHANGE
    vport->IN = mask;
*/
  if (val == LOW)
 f26:	83 30       	cpi	r24, 0x03	; 3
 f28:	f0 f2       	brcs	.-68     	; 0xee6 <main+0x574>
/home/tangles/.arduino15/packages/megaTinyCore/hardware/megaavr/2.6.12/cores/megatinycore/wiring_digital.c:335
    vport->OUT &= ~mask;
 f2a:	29 98       	cbi	0x05, 1	; 5
/home/tangles/.arduino15/packages/megaTinyCore/hardware/megaavr/2.6.12/cores/megatinycore/wiring_digital.c:334
  else if (val == LOW)
    vport->OUT &= ~mask;
  else // CHANGE
    vport->IN = mask;
*/
  if (val == LOW)
 f2c:	84 30       	cpi	r24, 0x04	; 4
 f2e:	09 f4       	brne	.+2      	; 0xf32 <main+0x5c0>
 f30:	99 cf       	rjmp	.-206    	; 0xe64 <main+0x4f2>
 f32:	9d cf       	rjmp	.-198    	; 0xe6e <main+0x4fc>
main():
/media/nvme_raid0/mPC/cyberdeck-scout/Firmware/bms-tiny404/bms-tiny404.ino:341
    return 0;
  }

  const uint16_t packMv = latestCell1Mv + latestCell2Mv;
  if (packMv >= BATT_LED4_PACK_MV) {
    return 4;
 f34:	84 e0       	ldi	r24, 0x04	; 4
 f36:	f6 cf       	rjmp	.-20     	; 0xf24 <main+0x5b2>
/media/nvme_raid0/mPC/cyberdeck-scout/Firmware/bms-tiny404/bms-tiny404.ino:344
  }
  if (packMv >= BATT_LED3_PACK_MV) {
    return 3;
 f38:	83 e0       	ldi	r24, 0x03	; 3
 f3a:	f4 cf       	rjmp	.-24     	; 0xf24 <main+0x5b2>
/media/nvme_raid0/mPC/cyberdeck-scout/Firmware/bms-tiny404/bms-tiny404.ino:347
  }
  if (packMv >= BATT_LED2_PACK_MV) {
    return 2;
 f3c:	82 e0       	ldi	r24, 0x02	; 2
 f3e:	f2 cf       	rjmp	.-28     	; 0xf24 <main+0x5b2>
digitalWriteFast():
/home/tangles/.arduino15/packages/megaTinyCore/hardware/megaavr/2.6.12/cores/megatinycore/wiring_digital.c:339
    vport->OUT &= ~mask;
  else if (val == CHANGE)
    vport->IN |= mask;
  else // HIGH
    vport->OUT |= mask;
 f40:	0c 9a       	sbi	0x01, 4	; 1
 f42:	d1 cf       	rjmp	.-94     	; 0xee6 <main+0x574>
main():
/media/nvme_raid0/mPC/cyberdeck-scout/Firmware/bms-tiny404/bms-tiny404.ino:564
    return;
  }
  lastDebugStatusMs = now;

  debugChar('S');
  debugChar(bqReadValid ? '1' : '0');
 f44:	80 e3       	ldi	r24, 0x30	; 48
 f46:	10 cf       	rjmp	.-480    	; 0xd68 <main+0x3f6>
/media/nvme_raid0/mPC/cyberdeck-scout/Firmware/bms-tiny404/bms-tiny404.ino:570
  debugChar(' ');
  debugUint(latestCell1Mv);
  debugChar(',');
  debugUint(latestCell2Mv);
  debugChar(' ');
  debugChar(bqCellBalancingActive ? 'B' : '-');
 f48:	8d e2       	ldi	r24, 0x2D	; 45
 f4a:	25 cf       	rjmp	.-438    	; 0xd96 <main+0x424>
/media/nvme_raid0/mPC/cyberdeck-scout/Firmware/bms-tiny404/bms-tiny404.ino:571
  debugChar(devicePowerOn ? 'P' : 'p');
 f4c:	80 e7       	ldi	r24, 0x70	; 112
 f4e:	2a cf       	rjmp	.-428    	; 0xda4 <main+0x432>

00000f50 <_GLOBAL__sub_I_sleepStack>:
_ZN5PrintC2Ev():
/home/tangles/.arduino15/packages/megaTinyCore/hardware/megaavr/2.6.12/cores/megatinycore/api/Print.h:42
  protected:
    void setWriteError(int err = 1) {
      write_error = err;
    }
  public:
    Print() : write_error(0) {}
 f50:	e2 e3       	ldi	r30, 0x32	; 50
 f52:	ff e3       	ldi	r31, 0x3F	; 63
 f54:	12 82       	std	Z+2, r1	; 0x02
 f56:	13 82       	std	Z+3, r1	; 0x03
_ZN6StreamC2Ev():
/home/tangles/.arduino15/packages/megaTinyCore/hardware/megaavr/2.6.12/cores/megatinycore/api/Stream.h:63
    virtual int read() = 0;
    virtual int peek() = 0;
    virtual void flush() = 0;

    Stream() {
      _timeout = 1000;
 f58:	88 ee       	ldi	r24, 0xE8	; 232
 f5a:	93 e0       	ldi	r25, 0x03	; 3
 f5c:	a0 e0       	ldi	r26, 0x00	; 0
 f5e:	b0 e0       	ldi	r27, 0x00	; 0
 f60:	84 83       	std	Z+4, r24	; 0x04
 f62:	95 83       	std	Z+5, r25	; 0x05
 f64:	a6 83       	std	Z+6, r26	; 0x06
 f66:	b7 83       	std	Z+7, r27	; 0x07
__base_ctor ():
/home/tangles/.arduino15/packages/megaTinyCore/hardware/megaavr/2.6.12/libraries/Wire/src/Wire.cpp:61
 *@param      TWI_t *module - the pointer to the TWI module that the Wire object is supposed to use
 *
 *@return     constructor can't return anything
 */

TwoWire::TwoWire(TWI_t *twi_module) {
 f68:	8e eb       	ldi	r24, 0xBE	; 190
 f6a:	9f e8       	ldi	r25, 0x8F	; 143
 f6c:	80 83       	st	Z, r24
 f6e:	91 83       	std	Z+1, r25	; 0x01
/home/tangles/.arduino15/packages/megaTinyCore/hardware/megaavr/2.6.12/libraries/Wire/src/Wire.cpp:63
  if (&TWI0 == twi_module) {
    twi0_wire = this;
 f70:	e0 93 05 3f 	sts	0x3F05, r30	; 0x803f05 <twi0_wire>
 f74:	f0 93 06 3f 	sts	0x3F06, r31	; 0x803f06 <twi0_wire+0x1>
/home/tangles/.arduino15/packages/megaTinyCore/hardware/megaavr/2.6.12/libraries/Wire/src/Wire.cpp:73
    }
  #endif
  else {    // ignore NULLs
    return;
  }
  _module = twi_module;
 f78:	80 e1       	ldi	r24, 0x10	; 16
 f7a:	98 e0       	ldi	r25, 0x08	; 8
 f7c:	80 87       	std	Z+8, r24	; 0x08
 f7e:	91 87       	std	Z+9, r25	; 0x09
_GLOBAL__sub_I_sleepStack():
/home/tangles/.arduino15/packages/megaTinyCore/hardware/megaavr/2.6.12/libraries/Wire/src/Wire.cpp:1503
 *  Wire object constructors with the default TWI modules.
 *  If there is absolutely no way to swap the pins physically,
 *  here is the best way to do so in software.
 */
#if defined(TWI0)
  TwoWire Wire(&TWI0);
 f80:	08 95       	ret

00000f82 <__udivmodhi4>:
__udivmodhi4():
/home/admin/Arduino/toolchain-avr-special-master/gcc-build/avr/avrxmega3/short-calls/libgcc/../../../../../gcc/libgcc/config/avr/lib1funcs.S:1408
 f82:	aa 1b       	sub	r26, r26
/home/admin/Arduino/toolchain-avr-special-master/gcc-build/avr/avrxmega3/short-calls/libgcc/../../../../../gcc/libgcc/config/avr/lib1funcs.S:1409
 f84:	bb 1b       	sub	r27, r27
/home/admin/Arduino/toolchain-avr-special-master/gcc-build/avr/avrxmega3/short-calls/libgcc/../../../../../gcc/libgcc/config/avr/lib1funcs.S:1410
 f86:	51 e1       	ldi	r21, 0x11	; 17
/home/admin/Arduino/toolchain-avr-special-master/gcc-build/avr/avrxmega3/short-calls/libgcc/../../../../../gcc/libgcc/config/avr/lib1funcs.S:1411
 f88:	07 c0       	rjmp	.+14     	; 0xf98 <__udivmodhi4_ep>

00000f8a <__udivmodhi4_loop>:
/home/admin/Arduino/toolchain-avr-special-master/gcc-build/avr/avrxmega3/short-calls/libgcc/../../../../../gcc/libgcc/config/avr/lib1funcs.S:1413
 f8a:	aa 1f       	adc	r26, r26
/home/admin/Arduino/toolchain-avr-special-master/gcc-build/avr/avrxmega3/short-calls/libgcc/../../../../../gcc/libgcc/config/avr/lib1funcs.S:1414
 f8c:	bb 1f       	adc	r27, r27
/home/admin/Arduino/toolchain-avr-special-master/gcc-build/avr/avrxmega3/short-calls/libgcc/../../../../../gcc/libgcc/config/avr/lib1funcs.S:1415
 f8e:	a6 17       	cp	r26, r22
/home/admin/Arduino/toolchain-avr-special-master/gcc-build/avr/avrxmega3/short-calls/libgcc/../../../../../gcc/libgcc/config/avr/lib1funcs.S:1416
 f90:	b7 07       	cpc	r27, r23
/home/admin/Arduino/toolchain-avr-special-master/gcc-build/avr/avrxmega3/short-calls/libgcc/../../../../../gcc/libgcc/config/avr/lib1funcs.S:1417
 f92:	10 f0       	brcs	.+4      	; 0xf98 <__udivmodhi4_ep>
/home/admin/Arduino/toolchain-avr-special-master/gcc-build/avr/avrxmega3/short-calls/libgcc/../../../../../gcc/libgcc/config/avr/lib1funcs.S:1418
 f94:	a6 1b       	sub	r26, r22
/home/admin/Arduino/toolchain-avr-special-master/gcc-build/avr/avrxmega3/short-calls/libgcc/../../../../../gcc/libgcc/config/avr/lib1funcs.S:1419
 f96:	b7 0b       	sbc	r27, r23

00000f98 <__udivmodhi4_ep>:
/home/admin/Arduino/toolchain-avr-special-master/gcc-build/avr/avrxmega3/short-calls/libgcc/../../../../../gcc/libgcc/config/avr/lib1funcs.S:1421
 f98:	88 1f       	adc	r24, r24
/home/admin/Arduino/toolchain-avr-special-master/gcc-build/avr/avrxmega3/short-calls/libgcc/../../../../../gcc/libgcc/config/avr/lib1funcs.S:1422
 f9a:	99 1f       	adc	r25, r25
/home/admin/Arduino/toolchain-avr-special-master/gcc-build/avr/avrxmega3/short-calls/libgcc/../../../../../gcc/libgcc/config/avr/lib1funcs.S:1423
 f9c:	5a 95       	dec	r21
/home/admin/Arduino/toolchain-avr-special-master/gcc-build/avr/avrxmega3/short-calls/libgcc/../../../../../gcc/libgcc/config/avr/lib1funcs.S:1424
 f9e:	a9 f7       	brne	.-22     	; 0xf8a <__udivmodhi4_loop>
/home/admin/Arduino/toolchain-avr-special-master/gcc-build/avr/avrxmega3/short-calls/libgcc/../../../../../gcc/libgcc/config/avr/lib1funcs.S:1425
 fa0:	80 95       	com	r24
/home/admin/Arduino/toolchain-avr-special-master/gcc-build/avr/avrxmega3/short-calls/libgcc/../../../../../gcc/libgcc/config/avr/lib1funcs.S:1426
 fa2:	90 95       	com	r25
/home/admin/Arduino/toolchain-avr-special-master/gcc-build/avr/avrxmega3/short-calls/libgcc/../../../../../gcc/libgcc/config/avr/lib1funcs.S:1428
 fa4:	bc 01       	movw	r22, r24
/home/admin/Arduino/toolchain-avr-special-master/gcc-build/avr/avrxmega3/short-calls/libgcc/../../../../../gcc/libgcc/config/avr/lib1funcs.S:1430
 fa6:	cd 01       	movw	r24, r26
/home/admin/Arduino/toolchain-avr-special-master/gcc-build/avr/avrxmega3/short-calls/libgcc/../../../../../gcc/libgcc/config/avr/lib1funcs.S:1432
 fa8:	08 95       	ret

00000faa <__tablejump2__>:
__tablejump2__():
/home/admin/Arduino/toolchain-avr-special-master/gcc-build/avr/avrxmega3/short-calls/libgcc/../../../../../gcc/libgcc/config/avr/lib1funcs.S:2296
 faa:	ee 0f       	add	r30, r30
/home/admin/Arduino/toolchain-avr-special-master/gcc-build/avr/avrxmega3/short-calls/libgcc/../../../../../gcc/libgcc/config/avr/lib1funcs.S:2297
 fac:	ff 1f       	adc	r31, r31
/home/admin/Arduino/toolchain-avr-special-master/gcc-build/avr/avrxmega3/short-calls/libgcc/../../../../../gcc/libgcc/config/avr/lib1funcs.S:2328
 fae:	05 90       	lpm	r0, Z+
/home/admin/Arduino/toolchain-avr-special-master/gcc-build/avr/avrxmega3/short-calls/libgcc/../../../../../gcc/libgcc/config/avr/lib1funcs.S:2329
 fb0:	f4 91       	lpm	r31, Z
/home/admin/Arduino/toolchain-avr-special-master/gcc-build/avr/avrxmega3/short-calls/libgcc/../../../../../gcc/libgcc/config/avr/lib1funcs.S:2330
 fb2:	e0 2d       	mov	r30, r0
/home/admin/Arduino/toolchain-avr-special-master/gcc-build/avr/avrxmega3/short-calls/libgcc/../../../../../gcc/libgcc/config/avr/lib1funcs.S:2331
 fb4:	09 94       	ijmp

00000fb6 <_exit>:
exit():
/home/admin/Arduino/toolchain-avr-special-master/gcc-build/avr/avrxmega3/short-calls/libgcc/../../../../../gcc/libgcc/config/avr/lib1funcs.S:2278
 fb6:	f8 94       	cli

00000fb8 <__stop_program>:
__stop_program():
/home/admin/Arduino/toolchain-avr-special-master/gcc-build/avr/avrxmega3/short-calls/libgcc/../../../../../gcc/libgcc/config/avr/lib1funcs.S:2280
 fb8:	ff cf       	rjmp	.-2      	; 0xfb8 <__stop_program>
