ISO-10303-21;
HEADER;
FILE_DESCRIPTION(('STEP AP242'),'1');
FILE_NAME('2-1734839-0.stp','2025-07-08T00:42:15',('TraceParts'),('TraceParts S.A.'),'Spatial InterOp 3D',' ',' ');
FILE_SCHEMA(('AP242_MANAGED_MODEL_BASED_3D_ENGINEERING_MIM_LF  {1 0 10303 442 1 1 4}'));
ENDSEC;
DATA;
#1=PRODUCT_DEFINITION_CONTEXT('',#9,'design');
#2=APPLICATION_PROTOCOL_DEFINITION('INTERNATIONAL STANDARD','ap242_managed_model_based_3d_engineering',2014,#9);
#3=PRODUCT_CATEGORY_RELATIONSHIP('NONE','NONE',#10,#11);
#4=SHAPE_DEFINITION_REPRESENTATION(#12,#13);
#5= (GEOMETRIC_REPRESENTATION_CONTEXT(3)GLOBAL_UNCERTAINTY_ASSIGNED_CONTEXT((#16))GLOBAL_UNIT_ASSIGNED_CONTEXT((#18,#19,#20))REPRESENTATION_CONTEXT('NONE','WORKSPACE'));
#9=APPLICATION_CONTEXT('managed model based 3d engineering');
#10=PRODUCT_CATEGORY('part','NONE');
#11=PRODUCT_RELATED_PRODUCT_CATEGORY('detail',' ',(#22));
#12=PRODUCT_DEFINITION_SHAPE('NONE','NONE',#23);
#13=ADVANCED_BREP_SHAPE_REPRESENTATION('C-2-1734839-0',(#24,#25),#5);
#16=UNCERTAINTY_MEASURE_WITH_UNIT(LENGTH_MEASURE(1.0E-06),#18,'','');
#18= (CONVERSION_BASED_UNIT('MILLIMETRE',#28)LENGTH_UNIT()NAMED_UNIT(#31));
#19= (NAMED_UNIT(#33)PLANE_ANGLE_UNIT()SI_UNIT($,.RADIAN.));
#20= (NAMED_UNIT(#33)SOLID_ANGLE_UNIT()SI_UNIT($,.STERADIAN.));
#22=PRODUCT('C-2-1734839-0','C-2-1734839-0','PART-C-2-1734839-0-DESC',(#39));
#23=PRODUCT_DEFINITION('','NONE',#40,#1);
#24=MANIFOLD_SOLID_BREP('C-2-1734839-0',#41);
#25=AXIS2_PLACEMENT_3D('',#42,#43,#44);
#28=LENGTH_MEASURE_WITH_UNIT(LENGTH_MEASURE(1.0),#45);
#31=DIMENSIONAL_EXPONENTS(1.0,0.0,0.0,0.0,0.0,0.0,0.0);
#33=DIMENSIONAL_EXPONENTS(0.0,0.0,0.0,0.0,0.0,0.0,0.0);
#39=PRODUCT_CONTEXT('',#9,'mechanical');
#40=PRODUCT_DEFINITION_FORMATION_WITH_SPECIFIED_SOURCE(' ','NONE',#22,.NOT_KNOWN.);
#41=CLOSED_SHELL('',(#46,#47,#48,#49,#50,#51,#52,#53,#54,#55,#56,#57,#58,#59,#60,#61,#62,#63,#64,#65,#66,#67,#68,#69,#70,#71,#72,#73,#74,#75,#76,#77,#78,#79,#80,#81,#82,#83,#84,#85,#86,#87,#88,#89,#90,#91,#92,#93,#94,#95,#96,#97,#98,#99,#100,#101,#102,#103,#104,#105,#106,#107,#108,#109,#110,#111,#112,#113,#114,#115,#116,#117,#118,#119,#120,#121,#122,#123,#124,#125,#126,#127,#128,#129,#130,#131,#132,#133,#134,#135,#136,#137,#138,#139,#140,#141,#142,#143,#144,#145,#146,#147,#148,#149,#150,#151,#152,#153,#154,#155,#156,#157,#158,#159,#160,#161,#162,#163,#164,#165,#166,#167,#168,#169,#170,#171,#172,#173,#174,#175,#176,#177,#178,#179,#180,#181,#182,#183,#184,#185,#186,#187,#188,#189,#190,#191,#192,#193,#194,#195,#196,#197,#198,#199,#200,#201,#202,#203,#204,#205,#206,#207,#208,#209,#210,#211,#212,#213,#214,#215,#216,#217,#218,#219,#220,#221,#222,#223,#224,#225,#226,#227,#228,#229,#230,#231,#232,#233,#234,#235,#236,#237,#238,#239,#240,#241,#242,#243,#244,#245,#246,#247,#248,#249,#250,#251,#252,#253,#254,#255,#256,#257,#258,#259,#260,#261,#262,#263,#264,#265,#266,#267,#268,#269,#270,#271,#272,#273,#274,#275,#276,#277,#278,#279,#280,#281,#282,#283,#284,#285,#286,#287,#288,#289,#290,#291,#292,#293,#294,#295,#296,#297,#298,#299,#300,#301,#302,#303,#304,#305,#306,#307,#308,#309,#310,#311,#312,#313,#314,#315,#316,#317,#318,#319,#320,#321,#322,#323,#324,#325,#326,#327,#328,#329,#330,#331,#332,#333,#334,#335,#336,#337,#338,#339,#340,#341,#342,#343,#344,#345,#346,#347,#348,#349,#350,#351,#352,#353,#354,#355,#356,#357,#358,#359,#360,#361,#362,#363,#364,#365,#366,#367,#368,#369,#370,#371,#372,#373,#374,#375,#376,#377,#378,#379,#380,#381,#382,#383,#384,#385,#386,#387,#388,#389,#390,#391,#392,#393,#394,#395,#396,#397,#398,#399,#400,#401,#402,#403,#404,#405,#406,#407,#408,#409,#410,#411,#412,#413,#414,#415,#416,#417,#418,#419,#420,#421,#422,#423,#424,#425,#426,#427,#428,#429,#430,#431,#432,#433,#434,#435,#436,#437,#438,#439,#440,#441,#442,#443,#444,#445,#446,#447,#448,#449));
#42=CARTESIAN_POINT('',(0.0,0.0,0.0));
#43=DIRECTION('',(0.0,0.0,1.0));
#44=DIRECTION('',(1.0,0.0,0.0));
#45= (NAMED_UNIT(#31)LENGTH_UNIT()SI_UNIT(.MILLI.,.METRE.));
#46=ADVANCED_FACE('',(#451),#452,.T.);
#47=ADVANCED_FACE('',(#453),#454,.T.);
#48=ADVANCED_FACE('',(#455),#456,.T.);
#49=ADVANCED_FACE('',(#457),#458,.T.);
#50=ADVANCED_FACE('',(#459),#460,.T.);
#51=ADVANCED_FACE('',(#461),#462,.T.);
#52=ADVANCED_FACE('',(#463),#464,.T.);
#53=ADVANCED_FACE('',(#465),#466,.T.);
#54=ADVANCED_FACE('',(#467),#468,.T.);
#55=ADVANCED_FACE('',(#469),#470,.T.);
#56=ADVANCED_FACE('',(#471),#472,.T.);
#57=ADVANCED_FACE('',(#473),#474,.T.);
#58=ADVANCED_FACE('',(#475),#476,.T.);
#59=ADVANCED_FACE('',(#477),#478,.T.);
#60=ADVANCED_FACE('',(#479),#480,.T.);
#61=ADVANCED_FACE('',(#481),#482,.T.);
#62=ADVANCED_FACE('',(#483),#484,.T.);
#63=ADVANCED_FACE('',(#485),#486,.T.);
#64=ADVANCED_FACE('',(#487,#488,#489),#490,.F.);
#65=ADVANCED_FACE('',(#491),#492,.T.);
#66=ADVANCED_FACE('',(#493),#494,.T.);
#67=ADVANCED_FACE('',(#495),#496,.T.);
#68=ADVANCED_FACE('',(#497),#498,.T.);
#69=ADVANCED_FACE('',(#499),#500,.T.);
#70=ADVANCED_FACE('',(#501),#502,.F.);
#71=ADVANCED_FACE('',(#503),#504,.F.);
#72=ADVANCED_FACE('',(#505),#506,.F.);
#73=ADVANCED_FACE('',(#507),#508,.T.);
#74=ADVANCED_FACE('',(#509),#510,.F.);
#75=ADVANCED_FACE('',(#511),#512,.F.);
#76=ADVANCED_FACE('',(#513),#514,.T.);
#77=ADVANCED_FACE('',(#515),#516,.T.);
#78=ADVANCED_FACE('',(#517),#518,.T.);
#79=ADVANCED_FACE('',(#519),#520,.T.);
#80=ADVANCED_FACE('',(#521),#522,.T.);
#81=ADVANCED_FACE('',(#523),#524,.T.);
#82=ADVANCED_FACE('',(#525),#526,.T.);
#83=ADVANCED_FACE('',(#527),#528,.T.);
#84=ADVANCED_FACE('',(#529),#530,.T.);
#85=ADVANCED_FACE('',(#531),#532,.T.);
#86=ADVANCED_FACE('',(#533),#534,.T.);
#87=ADVANCED_FACE('',(#535,#536,#537,#538,#539,#540,#541,#542,#543,#544,#545,#546,#547,#548,#549,#550,#551,#552,#553,#554,#555),#556,.F.);
#88=ADVANCED_FACE('',(#557),#558,.F.);
#89=ADVANCED_FACE('',(#559),#560,.F.);
#90=ADVANCED_FACE('',(#561),#562,.T.);
#91=ADVANCED_FACE('',(#563),#564,.F.);
#92=ADVANCED_FACE('',(#565),#566,.T.);
#93=ADVANCED_FACE('',(#567),#568,.T.);
#94=ADVANCED_FACE('',(#569),#570,.F.);
#95=ADVANCED_FACE('',(#571),#572,.T.);
#96=ADVANCED_FACE('',(#573),#574,.T.);
#97=ADVANCED_FACE('',(#575),#576,.F.);
#98=ADVANCED_FACE('',(#577),#578,.T.);
#99=ADVANCED_FACE('',(#579),#580,.T.);
#100=ADVANCED_FACE('',(#581),#582,.F.);
#101=ADVANCED_FACE('',(#583),#584,.F.);
#102=ADVANCED_FACE('',(#585),#586,.F.);
#103=ADVANCED_FACE('',(#587),#588,.F.);
#104=ADVANCED_FACE('',(#589),#590,.F.);
#105=ADVANCED_FACE('',(#591),#592,.F.);
#106=ADVANCED_FACE('',(#593),#594,.T.);
#107=ADVANCED_FACE('',(#595),#596,.T.);
#108=ADVANCED_FACE('',(#597),#598,.T.);
#109=ADVANCED_FACE('',(#599),#600,.T.);
#110=ADVANCED_FACE('',(#601),#602,.T.);
#111=ADVANCED_FACE('',(#603),#604,.T.);
#112=ADVANCED_FACE('',(#605),#606,.T.);
#113=ADVANCED_FACE('',(#607),#608,.T.);
#114=ADVANCED_FACE('',(#609),#610,.T.);
#115=ADVANCED_FACE('',(#611),#612,.T.);
#116=ADVANCED_FACE('',(#613),#614,.F.);
#117=ADVANCED_FACE('',(#615),#616,.T.);
#118=ADVANCED_FACE('',(#617),#618,.T.);
#119=ADVANCED_FACE('',(#619),#620,.T.);
#120=ADVANCED_FACE('',(#621),#622,.T.);
#121=ADVANCED_FACE('',(#623),#624,.T.);
#122=ADVANCED_FACE('',(#625),#626,.T.);
#123=ADVANCED_FACE('',(#627),#628,.F.);
#124=ADVANCED_FACE('',(#629),#630,.T.);
#125=ADVANCED_FACE('',(#631),#632,.T.);
#126=ADVANCED_FACE('',(#633),#634,.T.);
#127=ADVANCED_FACE('',(#635),#636,.T.);
#128=ADVANCED_FACE('',(#637),#638,.T.);
#129=ADVANCED_FACE('',(#639),#640,.F.);
#130=ADVANCED_FACE('',(#641),#642,.F.);
#131=ADVANCED_FACE('',(#643),#644,.F.);
#132=ADVANCED_FACE('',(#645),#646,.T.);
#133=ADVANCED_FACE('',(#647),#648,.T.);
#134=ADVANCED_FACE('',(#649),#650,.T.);
#135=ADVANCED_FACE('',(#651),#652,.T.);
#136=ADVANCED_FACE('',(#653),#654,.T.);
#137=ADVANCED_FACE('',(#655),#656,.T.);
#138=ADVANCED_FACE('',(#657),#658,.F.);
#139=ADVANCED_FACE('',(#659),#660,.T.);
#140=ADVANCED_FACE('',(#661),#662,.T.);
#141=ADVANCED_FACE('',(#663),#664,.F.);
#142=ADVANCED_FACE('',(#665),#666,.F.);
#143=ADVANCED_FACE('',(#667),#668,.F.);
#144=ADVANCED_FACE('',(#669),#670,.T.);
#145=ADVANCED_FACE('',(#671),#672,.T.);
#146=ADVANCED_FACE('',(#673),#674,.T.);
#147=ADVANCED_FACE('',(#675),#676,.T.);
#148=ADVANCED_FACE('',(#677),#678,.T.);
#149=ADVANCED_FACE('',(#679),#680,.T.);
#150=ADVANCED_FACE('',(#681),#682,.T.);
#151=ADVANCED_FACE('',(#683),#684,.F.);
#152=ADVANCED_FACE('',(#685),#686,.F.);
#153=ADVANCED_FACE('',(#687),#688,.F.);
#154=ADVANCED_FACE('',(#689),#690,.T.);
#155=ADVANCED_FACE('',(#691),#692,.T.);
#156=ADVANCED_FACE('',(#693),#694,.T.);
#157=ADVANCED_FACE('',(#695),#696,.T.);
#158=ADVANCED_FACE('',(#697),#698,.T.);
#159=ADVANCED_FACE('',(#699),#700,.T.);
#160=ADVANCED_FACE('',(#701),#702,.F.);
#161=ADVANCED_FACE('',(#703),#704,.T.);
#162=ADVANCED_FACE('',(#705),#706,.T.);
#163=ADVANCED_FACE('',(#707),#708,.T.);
#164=ADVANCED_FACE('',(#709),#710,.T.);
#165=ADVANCED_FACE('',(#711),#712,.T.);
#166=ADVANCED_FACE('',(#713),#714,.F.);
#167=ADVANCED_FACE('',(#715),#716,.T.);
#168=ADVANCED_FACE('',(#717),#718,.T.);
#169=ADVANCED_FACE('',(#719),#720,.T.);
#170=ADVANCED_FACE('',(#721),#722,.T.);
#171=ADVANCED_FACE('',(#723),#724,.F.);
#172=ADVANCED_FACE('',(#725),#726,.F.);
#173=ADVANCED_FACE('',(#727),#728,.T.);
#174=ADVANCED_FACE('',(#729),#730,.T.);
#175=ADVANCED_FACE('',(#731),#732,.T.);
#176=ADVANCED_FACE('',(#733),#734,.T.);
#177=ADVANCED_FACE('',(#735),#736,.T.);
#178=ADVANCED_FACE('',(#737),#738,.F.);
#179=ADVANCED_FACE('',(#739),#740,.F.);
#180=ADVANCED_FACE('',(#741),#742,.T.);
#181=ADVANCED_FACE('',(#743),#744,.T.);
#182=ADVANCED_FACE('',(#745),#746,.T.);
#183=ADVANCED_FACE('',(#747),#748,.T.);
#184=ADVANCED_FACE('',(#749),#750,.T.);
#185=ADVANCED_FACE('',(#751),#752,.T.);
#186=ADVANCED_FACE('',(#753),#754,.T.);
#187=ADVANCED_FACE('',(#755),#756,.T.);
#188=ADVANCED_FACE('',(#757),#758,.T.);
#189=ADVANCED_FACE('',(#759),#760,.T.);
#190=ADVANCED_FACE('',(#761),#762,.F.);
#191=ADVANCED_FACE('',(#763),#764,.F.);
#192=ADVANCED_FACE('',(#765),#766,.T.);
#193=ADVANCED_FACE('',(#767),#768,.T.);
#194=ADVANCED_FACE('',(#769),#770,.T.);
#195=ADVANCED_FACE('',(#771),#772,.T.);
#196=ADVANCED_FACE('',(#773),#774,.T.);
#197=ADVANCED_FACE('',(#775),#776,.T.);
#198=ADVANCED_FACE('',(#777),#778,.T.);
#199=ADVANCED_FACE('',(#779),#780,.T.);
#200=ADVANCED_FACE('',(#781),#782,.T.);
#201=ADVANCED_FACE('',(#783),#784,.T.);
#202=ADVANCED_FACE('',(#785),#786,.F.);
#203=ADVANCED_FACE('',(#787),#788,.F.);
#204=ADVANCED_FACE('',(#789),#790,.T.);
#205=ADVANCED_FACE('',(#791),#792,.T.);
#206=ADVANCED_FACE('',(#793),#794,.T.);
#207=ADVANCED_FACE('',(#795),#796,.T.);
#208=ADVANCED_FACE('',(#797),#798,.T.);
#209=ADVANCED_FACE('',(#799),#800,.T.);
#210=ADVANCED_FACE('',(#801),#802,.T.);
#211=ADVANCED_FACE('',(#803),#804,.T.);
#212=ADVANCED_FACE('',(#805),#806,.T.);
#213=ADVANCED_FACE('',(#807),#808,.T.);
#214=ADVANCED_FACE('',(#809),#810,.F.);
#215=ADVANCED_FACE('',(#811),#812,.F.);
#216=ADVANCED_FACE('',(#813),#814,.T.);
#217=ADVANCED_FACE('',(#815),#816,.T.);
#218=ADVANCED_FACE('',(#817),#818,.T.);
#219=ADVANCED_FACE('',(#819),#820,.T.);
#220=ADVANCED_FACE('',(#821),#822,.T.);
#221=ADVANCED_FACE('',(#823),#824,.T.);
#222=ADVANCED_FACE('',(#825),#826,.T.);
#223=ADVANCED_FACE('',(#827),#828,.T.);
#224=ADVANCED_FACE('',(#829),#830,.T.);
#225=ADVANCED_FACE('',(#831),#832,.T.);
#226=ADVANCED_FACE('',(#833),#834,.F.);
#227=ADVANCED_FACE('',(#835),#836,.F.);
#228=ADVANCED_FACE('',(#837),#838,.T.);
#229=ADVANCED_FACE('',(#839),#840,.T.);
#230=ADVANCED_FACE('',(#841),#842,.T.);
#231=ADVANCED_FACE('',(#843),#844,.T.);
#232=ADVANCED_FACE('',(#845),#846,.T.);
#233=ADVANCED_FACE('',(#847),#848,.T.);
#234=ADVANCED_FACE('',(#849),#850,.T.);
#235=ADVANCED_FACE('',(#851),#852,.T.);
#236=ADVANCED_FACE('',(#853),#854,.T.);
#237=ADVANCED_FACE('',(#855),#856,.T.);
#238=ADVANCED_FACE('',(#857),#858,.F.);
#239=ADVANCED_FACE('',(#859),#860,.F.);
#240=ADVANCED_FACE('',(#861),#862,.T.);
#241=ADVANCED_FACE('',(#863),#864,.T.);
#242=ADVANCED_FACE('',(#865),#866,.T.);
#243=ADVANCED_FACE('',(#867),#868,.T.);
#244=ADVANCED_FACE('',(#869),#870,.T.);
#245=ADVANCED_FACE('',(#871),#872,.T.);
#246=ADVANCED_FACE('',(#873),#874,.T.);
#247=ADVANCED_FACE('',(#875),#876,.T.);
#248=ADVANCED_FACE('',(#877),#878,.T.);
#249=ADVANCED_FACE('',(#879),#880,.T.);
#250=ADVANCED_FACE('',(#881),#882,.F.);
#251=ADVANCED_FACE('',(#883),#884,.F.);
#252=ADVANCED_FACE('',(#885),#886,.T.);
#253=ADVANCED_FACE('',(#887),#888,.T.);
#254=ADVANCED_FACE('',(#889),#890,.T.);
#255=ADVANCED_FACE('',(#891),#892,.T.);
#256=ADVANCED_FACE('',(#893),#894,.T.);
#257=ADVANCED_FACE('',(#895),#896,.T.);
#258=ADVANCED_FACE('',(#897),#898,.T.);
#259=ADVANCED_FACE('',(#899),#900,.T.);
#260=ADVANCED_FACE('',(#901),#902,.T.);
#261=ADVANCED_FACE('',(#903),#904,.T.);
#262=ADVANCED_FACE('',(#905),#906,.F.);
#263=ADVANCED_FACE('',(#907),#908,.F.);
#264=ADVANCED_FACE('',(#909),#910,.T.);
#265=ADVANCED_FACE('',(#911),#912,.T.);
#266=ADVANCED_FACE('',(#913),#914,.T.);
#267=ADVANCED_FACE('',(#915),#916,.T.);
#268=ADVANCED_FACE('',(#917),#918,.T.);
#269=ADVANCED_FACE('',(#919),#920,.T.);
#270=ADVANCED_FACE('',(#921),#922,.T.);
#271=ADVANCED_FACE('',(#923),#924,.T.);
#272=ADVANCED_FACE('',(#925),#926,.T.);
#273=ADVANCED_FACE('',(#927),#928,.T.);
#274=ADVANCED_FACE('',(#929),#930,.F.);
#275=ADVANCED_FACE('',(#931),#932,.F.);
#276=ADVANCED_FACE('',(#933),#934,.T.);
#277=ADVANCED_FACE('',(#935),#936,.T.);
#278=ADVANCED_FACE('',(#937),#938,.T.);
#279=ADVANCED_FACE('',(#939),#940,.T.);
#280=ADVANCED_FACE('',(#941),#942,.T.);
#281=ADVANCED_FACE('',(#943),#944,.T.);
#282=ADVANCED_FACE('',(#945),#946,.T.);
#283=ADVANCED_FACE('',(#947),#948,.T.);
#284=ADVANCED_FACE('',(#949),#950,.T.);
#285=ADVANCED_FACE('',(#951),#952,.T.);
#286=ADVANCED_FACE('',(#953),#954,.F.);
#287=ADVANCED_FACE('',(#955),#956,.F.);
#288=ADVANCED_FACE('',(#957),#958,.T.);
#289=ADVANCED_FACE('',(#959),#960,.T.);
#290=ADVANCED_FACE('',(#961),#962,.T.);
#291=ADVANCED_FACE('',(#963),#964,.T.);
#292=ADVANCED_FACE('',(#965),#966,.T.);
#293=ADVANCED_FACE('',(#967),#968,.T.);
#294=ADVANCED_FACE('',(#969),#970,.T.);
#295=ADVANCED_FACE('',(#971),#972,.T.);
#296=ADVANCED_FACE('',(#973),#974,.T.);
#297=ADVANCED_FACE('',(#975),#976,.T.);
#298=ADVANCED_FACE('',(#977),#978,.F.);
#299=ADVANCED_FACE('',(#979),#980,.F.);
#300=ADVANCED_FACE('',(#981),#982,.T.);
#301=ADVANCED_FACE('',(#983),#984,.T.);
#302=ADVANCED_FACE('',(#985),#986,.T.);
#303=ADVANCED_FACE('',(#987),#988,.T.);
#304=ADVANCED_FACE('',(#989),#990,.T.);
#305=ADVANCED_FACE('',(#991),#992,.T.);
#306=ADVANCED_FACE('',(#993),#994,.T.);
#307=ADVANCED_FACE('',(#995),#996,.T.);
#308=ADVANCED_FACE('',(#997),#998,.T.);
#309=ADVANCED_FACE('',(#999),#1000,.T.);
#310=ADVANCED_FACE('',(#1001),#1002,.F.);
#311=ADVANCED_FACE('',(#1003),#1004,.F.);
#312=ADVANCED_FACE('',(#1005),#1006,.T.);
#313=ADVANCED_FACE('',(#1007),#1008,.T.);
#314=ADVANCED_FACE('',(#1009),#1010,.T.);
#315=ADVANCED_FACE('',(#1011),#1012,.T.);
#316=ADVANCED_FACE('',(#1013),#1014,.T.);
#317=ADVANCED_FACE('',(#1015),#1016,.T.);
#318=ADVANCED_FACE('',(#1017),#1018,.T.);
#319=ADVANCED_FACE('',(#1019),#1020,.T.);
#320=ADVANCED_FACE('',(#1021),#1022,.T.);
#321=ADVANCED_FACE('',(#1023),#1024,.T.);
#322=ADVANCED_FACE('',(#1025),#1026,.F.);
#323=ADVANCED_FACE('',(#1027),#1028,.F.);
#324=ADVANCED_FACE('',(#1029),#1030,.T.);
#325=ADVANCED_FACE('',(#1031),#1032,.T.);
#326=ADVANCED_FACE('',(#1033),#1034,.T.);
#327=ADVANCED_FACE('',(#1035),#1036,.T.);
#328=ADVANCED_FACE('',(#1037),#1038,.T.);
#329=ADVANCED_FACE('',(#1039),#1040,.T.);
#330=ADVANCED_FACE('',(#1041),#1042,.T.);
#331=ADVANCED_FACE('',(#1043),#1044,.T.);
#332=ADVANCED_FACE('',(#1045),#1046,.T.);
#333=ADVANCED_FACE('',(#1047),#1048,.T.);
#334=ADVANCED_FACE('',(#1049),#1050,.F.);
#335=ADVANCED_FACE('',(#1051),#1052,.F.);
#336=ADVANCED_FACE('',(#1053),#1054,.T.);
#337=ADVANCED_FACE('',(#1055),#1056,.T.);
#338=ADVANCED_FACE('',(#1057),#1058,.T.);
#339=ADVANCED_FACE('',(#1059),#1060,.T.);
#340=ADVANCED_FACE('',(#1061),#1062,.T.);
#341=ADVANCED_FACE('',(#1063),#1064,.T.);
#342=ADVANCED_FACE('',(#1065),#1066,.T.);
#343=ADVANCED_FACE('',(#1067),#1068,.T.);
#344=ADVANCED_FACE('',(#1069),#1070,.T.);
#345=ADVANCED_FACE('',(#1071),#1072,.T.);
#346=ADVANCED_FACE('',(#1073),#1074,.F.);
#347=ADVANCED_FACE('',(#1075),#1076,.F.);
#348=ADVANCED_FACE('',(#1077),#1078,.T.);
#349=ADVANCED_FACE('',(#1079),#1080,.T.);
#350=ADVANCED_FACE('',(#1081),#1082,.T.);
#351=ADVANCED_FACE('',(#1083),#1084,.T.);
#352=ADVANCED_FACE('',(#1085),#1086,.T.);
#353=ADVANCED_FACE('',(#1087),#1088,.T.);
#354=ADVANCED_FACE('',(#1089),#1090,.T.);
#355=ADVANCED_FACE('',(#1091),#1092,.T.);
#356=ADVANCED_FACE('',(#1093),#1094,.T.);
#357=ADVANCED_FACE('',(#1095),#1096,.T.);
#358=ADVANCED_FACE('',(#1097),#1098,.F.);
#359=ADVANCED_FACE('',(#1099),#1100,.F.);
#360=ADVANCED_FACE('',(#1101),#1102,.T.);
#361=ADVANCED_FACE('',(#1103),#1104,.T.);
#362=ADVANCED_FACE('',(#1105),#1106,.T.);
#363=ADVANCED_FACE('',(#1107),#1108,.T.);
#364=ADVANCED_FACE('',(#1109),#1110,.T.);
#365=ADVANCED_FACE('',(#1111),#1112,.T.);
#366=ADVANCED_FACE('',(#1113),#1114,.T.);
#367=ADVANCED_FACE('',(#1115),#1116,.T.);
#368=ADVANCED_FACE('',(#1117),#1118,.T.);
#369=ADVANCED_FACE('',(#1119),#1120,.T.);
#370=ADVANCED_FACE('',(#1121),#1122,.F.);
#371=ADVANCED_FACE('',(#1123),#1124,.F.);
#372=ADVANCED_FACE('',(#1125),#1126,.T.);
#373=ADVANCED_FACE('',(#1127),#1128,.T.);
#374=ADVANCED_FACE('',(#1129),#1130,.T.);
#375=ADVANCED_FACE('',(#1131),#1132,.T.);
#376=ADVANCED_FACE('',(#1133),#1134,.T.);
#377=ADVANCED_FACE('',(#1135),#1136,.T.);
#378=ADVANCED_FACE('',(#1137),#1138,.T.);
#379=ADVANCED_FACE('',(#1139),#1140,.T.);
#380=ADVANCED_FACE('',(#1141),#1142,.T.);
#381=ADVANCED_FACE('',(#1143),#1144,.T.);
#382=ADVANCED_FACE('',(#1145),#1146,.F.);
#383=ADVANCED_FACE('',(#1147),#1148,.F.);
#384=ADVANCED_FACE('',(#1149),#1150,.T.);
#385=ADVANCED_FACE('',(#1151),#1152,.T.);
#386=ADVANCED_FACE('',(#1153),#1154,.T.);
#387=ADVANCED_FACE('',(#1155),#1156,.T.);
#388=ADVANCED_FACE('',(#1157),#1158,.T.);
#389=ADVANCED_FACE('',(#1159),#1160,.T.);
#390=ADVANCED_FACE('',(#1161),#1162,.T.);
#391=ADVANCED_FACE('',(#1163),#1164,.T.);
#392=ADVANCED_FACE('',(#1165),#1166,.T.);
#393=ADVANCED_FACE('',(#1167),#1168,.T.);
#394=ADVANCED_FACE('',(#1169),#1170,.F.);
#395=ADVANCED_FACE('',(#1171),#1172,.F.);
#396=ADVANCED_FACE('',(#1173),#1174,.T.);
#397=ADVANCED_FACE('',(#1175),#1176,.T.);
#398=ADVANCED_FACE('',(#1177),#1178,.T.);
#399=ADVANCED_FACE('',(#1179),#1180,.T.);
#400=ADVANCED_FACE('',(#1181),#1182,.T.);
#401=ADVANCED_FACE('',(#1183),#1184,.T.);
#402=ADVANCED_FACE('',(#1185),#1186,.T.);
#403=ADVANCED_FACE('',(#1187),#1188,.T.);
#404=ADVANCED_FACE('',(#1189),#1190,.T.);
#405=ADVANCED_FACE('',(#1191),#1192,.T.);
#406=ADVANCED_FACE('',(#1193),#1194,.T.);
#407=ADVANCED_FACE('',(#1195),#1196,.F.);
#408=ADVANCED_FACE('',(#1197),#1198,.T.);
#409=ADVANCED_FACE('',(#1199),#1200,.T.);
#410=ADVANCED_FACE('',(#1201),#1202,.T.);
#411=ADVANCED_FACE('',(#1203),#1204,.T.);
#412=ADVANCED_FACE('',(#1205),#1206,.T.);
#413=ADVANCED_FACE('',(#1207),#1208,.F.);
#414=ADVANCED_FACE('',(#1209),#1210,.T.);
#415=ADVANCED_FACE('',(#1211),#1212,.T.);
#416=ADVANCED_FACE('',(#1213),#1214,.F.);
#417=ADVANCED_FACE('',(#1215),#1216,.T.);
#418=ADVANCED_FACE('',(#1217),#1218,.T.);
#419=ADVANCED_FACE('',(#1219),#1220,.T.);
#420=ADVANCED_FACE('',(#1221),#1222,.F.);
#421=ADVANCED_FACE('',(#1223),#1224,.F.);
#422=ADVANCED_FACE('',(#1225),#1226,.F.);
#423=ADVANCED_FACE('',(#1227),#1228,.F.);
#424=ADVANCED_FACE('',(#1229),#1230,.F.);
#425=ADVANCED_FACE('',(#1231),#1232,.T.);
#426=ADVANCED_FACE('',(#1233),#1234,.T.);
#427=ADVANCED_FACE('',(#1235),#1236,.T.);
#428=ADVANCED_FACE('',(#1237),#1238,.T.);
#429=ADVANCED_FACE('',(#1239),#1240,.T.);
#430=ADVANCED_FACE('',(#1241),#1242,.T.);
#431=ADVANCED_FACE('',(#1243),#1244,.T.);
#432=ADVANCED_FACE('',(#1245),#1246,.T.);
#433=ADVANCED_FACE('',(#1247),#1248,.T.);
#434=ADVANCED_FACE('',(#1249),#1250,.T.);
#435=ADVANCED_FACE('',(#1251),#1252,.T.);
#436=ADVANCED_FACE('',(#1253),#1254,.T.);
#437=ADVANCED_FACE('',(#1255),#1256,.T.);
#438=ADVANCED_FACE('',(#1257),#1258,.T.);
#439=ADVANCED_FACE('',(#1259),#1260,.T.);
#440=ADVANCED_FACE('',(#1261),#1262,.T.);
#441=ADVANCED_FACE('',(#1263),#1264,.T.);
#442=ADVANCED_FACE('',(#1265),#1266,.T.);
#443=ADVANCED_FACE('',(#1267),#1268,.T.);
#444=ADVANCED_FACE('',(#1269),#1270,.T.);
#445=ADVANCED_FACE('',(#1271),#1272,.T.);
#446=ADVANCED_FACE('',(#1273),#1274,.T.);
#447=ADVANCED_FACE('',(#1275),#1276,.T.);
#448=ADVANCED_FACE('',(#1277),#1278,.T.);
#449=ADVANCED_FACE('',(#1279),#1280,.T.);
#451=FACE_OUTER_BOUND('',#1281,.T.);
#452=PLANE('',#1282);
#453=FACE_OUTER_BOUND('',#1283,.T.);
#454=CYLINDRICAL_SURFACE('',#1284,0.3);
#455=FACE_OUTER_BOUND('',#1285,.T.);
#456=SPHERICAL_SURFACE('',#1286,0.3);
#457=FACE_OUTER_BOUND('',#1287,.T.);
#458=CYLINDRICAL_SURFACE('',#1288,0.3);
#459=FACE_OUTER_BOUND('',#1289,.T.);
#460=PLANE('',#1290);
#461=FACE_OUTER_BOUND('',#1291,.T.);
#462=CYLINDRICAL_SURFACE('',#1292,0.3);
#463=FACE_OUTER_BOUND('',#1293,.T.);
#464=SPHERICAL_SURFACE('',#1294,0.3);
#465=FACE_OUTER_BOUND('',#1295,.T.);
#466=CYLINDRICAL_SURFACE('',#1296,0.3);
#467=FACE_OUTER_BOUND('',#1297,.T.);
#468=SPHERICAL_SURFACE('',#1298,0.3);
#469=FACE_OUTER_BOUND('',#1299,.T.);
#470=CYLINDRICAL_SURFACE('',#1300,0.3);
#471=FACE_OUTER_BOUND('',#1301,.T.);
#472=SPHERICAL_SURFACE('',#1302,0.3);
#473=FACE_OUTER_BOUND('',#1303,.T.);
#474=CYLINDRICAL_SURFACE('',#1304,0.3);
#475=FACE_OUTER_BOUND('',#1305,.T.);
#476=SPHERICAL_SURFACE('',#1306,0.3);
#477=FACE_OUTER_BOUND('',#1307,.T.);
#478=CYLINDRICAL_SURFACE('',#1308,0.3);
#479=FACE_OUTER_BOUND('',#1309,.T.);
#480=SPHERICAL_SURFACE('',#1310,0.3);
#481=FACE_OUTER_BOUND('',#1311,.T.);
#482=CYLINDRICAL_SURFACE('',#1312,0.3);
#483=FACE_OUTER_BOUND('',#1313,.T.);
#484=PLANE('',#1314);
#485=FACE_OUTER_BOUND('',#1315,.T.);
#486=CYLINDRICAL_SURFACE('',#1316,0.3);
#487=FACE_OUTER_BOUND('',#1317,.T.);
#488=FACE_BOUND('',#1318,.T.);
#489=FACE_BOUND('',#1319,.T.);
#490=PLANE('',#1320);
#491=FACE_OUTER_BOUND('',#1321,.T.);
#492=PLANE('',#1322);
#493=FACE_OUTER_BOUND('',#1323,.T.);
#494=PLANE('',#1324);
#495=FACE_OUTER_BOUND('',#1325,.T.);
#496=PLANE('',#1326);
#497=FACE_OUTER_BOUND('',#1327,.T.);
#498=PLANE('',#1328);
#499=FACE_OUTER_BOUND('',#1329,.T.);
#500=PLANE('',#1330);
#501=FACE_OUTER_BOUND('',#1331,.T.);
#502=PLANE('',#1332);
#503=FACE_OUTER_BOUND('',#1333,.T.);
#504=PLANE('',#1334);
#505=FACE_OUTER_BOUND('',#1335,.T.);
#506=PLANE('',#1336);
#507=FACE_OUTER_BOUND('',#1337,.T.);
#508=PLANE('',#1338);
#509=FACE_OUTER_BOUND('',#1339,.T.);
#510=PLANE('',#1340);
#511=FACE_OUTER_BOUND('',#1341,.T.);
#512=PLANE('',#1342);
#513=FACE_OUTER_BOUND('',#1343,.T.);
#514=PLANE('',#1344);
#515=FACE_OUTER_BOUND('',#1345,.T.);
#516=PLANE('',#1346);
#517=FACE_OUTER_BOUND('',#1347,.T.);
#518=PLANE('',#1348);
#519=FACE_OUTER_BOUND('',#1349,.T.);
#520=PLANE('',#1350);
#521=FACE_OUTER_BOUND('',#1351,.T.);
#522=PLANE('',#1352);
#523=FACE_OUTER_BOUND('',#1353,.T.);
#524=PLANE('',#1354);
#525=FACE_OUTER_BOUND('',#1355,.T.);
#526=CYLINDRICAL_SURFACE('',#1356,0.1);
#527=FACE_OUTER_BOUND('',#1357,.T.);
#528=PLANE('',#1358);
#529=FACE_OUTER_BOUND('',#1359,.T.);
#530=PLANE('',#1360);
#531=FACE_OUTER_BOUND('',#1361,.T.);
#532=PLANE('',#1362);
#533=FACE_OUTER_BOUND('',#1363,.T.);
#534=PLANE('',#1364);
#535=FACE_OUTER_BOUND('',#1365,.T.);
#536=FACE_BOUND('',#1366,.T.);
#537=FACE_BOUND('',#1367,.T.);
#538=FACE_BOUND('',#1368,.T.);
#539=FACE_BOUND('',#1369,.T.);
#540=FACE_BOUND('',#1370,.T.);
#541=FACE_BOUND('',#1371,.T.);
#542=FACE_BOUND('',#1372,.T.);
#543=FACE_BOUND('',#1373,.T.);
#544=FACE_BOUND('',#1374,.T.);
#545=FACE_BOUND('',#1375,.T.);
#546=FACE_BOUND('',#1376,.T.);
#547=FACE_BOUND('',#1377,.T.);
#548=FACE_BOUND('',#1378,.T.);
#549=FACE_BOUND('',#1379,.T.);
#550=FACE_BOUND('',#1380,.T.);
#551=FACE_BOUND('',#1381,.T.);
#552=FACE_BOUND('',#1382,.T.);
#553=FACE_BOUND('',#1383,.T.);
#554=FACE_BOUND('',#1384,.T.);
#555=FACE_BOUND('',#1385,.T.);
#556=PLANE('',#1386);
#557=FACE_OUTER_BOUND('',#1387,.T.);
#558=PLANE('',#1388);
#559=FACE_OUTER_BOUND('',#1389,.T.);
#560=PLANE('',#1390);
#561=FACE_OUTER_BOUND('',#1391,.T.);
#562=PLANE('',#1392);
#563=FACE_OUTER_BOUND('',#1393,.T.);
#564=PLANE('',#1394);
#565=FACE_OUTER_BOUND('',#1395,.T.);
#566=PLANE('',#1396);
#567=FACE_OUTER_BOUND('',#1397,.T.);
#568=PLANE('',#1398);
#569=FACE_OUTER_BOUND('',#1399,.T.);
#570=PLANE('',#1400);
#571=FACE_OUTER_BOUND('',#1401,.T.);
#572=PLANE('',#1402);
#573=FACE_OUTER_BOUND('',#1403,.T.);
#574=PLANE('',#1404);
#575=FACE_OUTER_BOUND('',#1405,.T.);
#576=PLANE('',#1406);
#577=FACE_OUTER_BOUND('',#1407,.T.);
#578=PLANE('',#1408);
#579=FACE_OUTER_BOUND('',#1409,.T.);
#580=PLANE('',#1410);
#581=FACE_OUTER_BOUND('',#1411,.T.);
#582=PLANE('',#1412);
#583=FACE_OUTER_BOUND('',#1413,.T.);
#584=PLANE('',#1414);
#585=FACE_OUTER_BOUND('',#1415,.T.);
#586=PLANE('',#1416);
#587=FACE_OUTER_BOUND('',#1417,.T.);
#588=PLANE('',#1418);
#589=FACE_OUTER_BOUND('',#1419,.T.);
#590=PLANE('',#1420);
#591=FACE_OUTER_BOUND('',#1421,.T.);
#592=PLANE('',#1422);
#593=FACE_OUTER_BOUND('',#1423,.T.);
#594=PLANE('',#1424);
#595=FACE_OUTER_BOUND('',#1425,.T.);
#596=PLANE('',#1426);
#597=FACE_OUTER_BOUND('',#1427,.T.);
#598=PLANE('',#1428);
#599=FACE_OUTER_BOUND('',#1429,.T.);
#600=PLANE('',#1430);
#601=FACE_OUTER_BOUND('',#1431,.T.);
#602=PLANE('',#1432);
#603=FACE_OUTER_BOUND('',#1433,.T.);
#604=PLANE('',#1434);
#605=FACE_OUTER_BOUND('',#1435,.T.);
#606=PLANE('',#1436);
#607=FACE_OUTER_BOUND('',#1437,.T.);
#608=PLANE('',#1438);
#609=FACE_OUTER_BOUND('',#1439,.T.);
#610=PLANE('',#1440);
#611=FACE_OUTER_BOUND('',#1441,.T.);
#612=PLANE('',#1442);
#613=FACE_OUTER_BOUND('',#1443,.T.);
#614=PLANE('',#1444);
#615=FACE_OUTER_BOUND('',#1445,.T.);
#616=PLANE('',#1446);
#617=FACE_OUTER_BOUND('',#1447,.T.);
#618=PLANE('',#1448);
#619=FACE_OUTER_BOUND('',#1449,.T.);
#620=PLANE('',#1450);
#621=FACE_OUTER_BOUND('',#1451,.T.);
#622=PLANE('',#1452);
#623=FACE_OUTER_BOUND('',#1453,.T.);
#624=PLANE('',#1454);
#625=FACE_OUTER_BOUND('',#1455,.T.);
#626=CYLINDRICAL_SURFACE('',#1456,0.15);
#627=FACE_OUTER_BOUND('',#1457,.T.);
#628=PLANE('',#1458);
#629=FACE_OUTER_BOUND('',#1459,.T.);
#630=PLANE('',#1460);
#631=FACE_OUTER_BOUND('',#1461,.T.);
#632=PLANE('',#1462);
#633=FACE_OUTER_BOUND('',#1463,.T.);
#634=CYLINDRICAL_SURFACE('',#1464,0.15);
#635=FACE_OUTER_BOUND('',#1465,.T.);
#636=PLANE('',#1466);
#637=FACE_OUTER_BOUND('',#1467,.T.);
#638=PLANE('',#1468);
#639=FACE_OUTER_BOUND('',#1469,.T.);
#640=PLANE('',#1470);
#641=FACE_OUTER_BOUND('',#1471,.T.);
#642=PLANE('',#1472);
#643=FACE_OUTER_BOUND('',#1473,.T.);
#644=CYLINDRICAL_SURFACE('',#1474,0.05);
#645=FACE_OUTER_BOUND('',#1475,.T.);
#646=PLANE('',#1476);
#647=FACE_OUTER_BOUND('',#1477,.T.);
#648=PLANE('',#1478);
#649=FACE_OUTER_BOUND('',#1479,.T.);
#650=CYLINDRICAL_SURFACE('',#1480,0.1);
#651=FACE_OUTER_BOUND('',#1481,.T.);
#652=PLANE('',#1482);
#653=FACE_OUTER_BOUND('',#1483,.T.);
#654=CYLINDRICAL_SURFACE('',#1484,0.05);
#655=FACE_OUTER_BOUND('',#1485,.T.);
#656=PLANE('',#1486);
#657=FACE_OUTER_BOUND('',#1487,.T.);
#658=CYLINDRICAL_SURFACE('',#1488,0.05);
#659=FACE_OUTER_BOUND('',#1489,.T.);
#660=PLANE('',#1490);
#661=FACE_OUTER_BOUND('',#1491,.T.);
#662=PLANE('',#1492);
#663=FACE_OUTER_BOUND('',#1493,.T.);
#664=PLANE('',#1494);
#665=FACE_OUTER_BOUND('',#1495,.T.);
#666=PLANE('',#1496);
#667=FACE_OUTER_BOUND('',#1497,.T.);
#668=PLANE('',#1498);
#669=FACE_OUTER_BOUND('',#1499,.T.);
#670=CYLINDRICAL_SURFACE('',#1500,0.1);
#671=FACE_OUTER_BOUND('',#1501,.T.);
#672=CYLINDRICAL_SURFACE('',#1502,0.351);
#673=FACE_OUTER_BOUND('',#1503,.T.);
#674=PLANE('',#1504);
#675=FACE_OUTER_BOUND('',#1505,.T.);
#676=PLANE('',#1506);
#677=FACE_OUTER_BOUND('',#1507,.T.);
#678=CYLINDRICAL_SURFACE('',#1508,0.1);
#679=FACE_OUTER_BOUND('',#1509,.T.);
#680=PLANE('',#1510);
#681=FACE_OUTER_BOUND('',#1511,.T.);
#682=PLANE('',#1512);
#683=FACE_OUTER_BOUND('',#1513,.T.);
#684=PLANE('',#1514);
#685=FACE_OUTER_BOUND('',#1515,.T.);
#686=PLANE('',#1516);
#687=FACE_OUTER_BOUND('',#1517,.T.);
#688=PLANE('',#1518);
#689=FACE_OUTER_BOUND('',#1519,.T.);
#690=CYLINDRICAL_SURFACE('',#1520,0.351);
#691=FACE_OUTER_BOUND('',#1521,.T.);
#692=PLANE('',#1522);
#693=FACE_OUTER_BOUND('',#1523,.T.);
#694=PLANE('',#1524);
#695=FACE_OUTER_BOUND('',#1525,.T.);
#696=PLANE('',#1526);
#697=FACE_OUTER_BOUND('',#1527,.T.);
#698=PLANE('',#1528);
#699=FACE_OUTER_BOUND('',#1529,.T.);
#700=CYLINDRICAL_SURFACE('',#1530,0.15);
#701=FACE_OUTER_BOUND('',#1531,.T.);
#702=PLANE('',#1532);
#703=FACE_OUTER_BOUND('',#1533,.T.);
#704=PLANE('',#1534);
#705=FACE_OUTER_BOUND('',#1535,.T.);
#706=PLANE('',#1536);
#707=FACE_OUTER_BOUND('',#1537,.T.);
#708=PLANE('',#1538);
#709=FACE_OUTER_BOUND('',#1539,.T.);
#710=PLANE('',#1540);
#711=FACE_OUTER_BOUND('',#1541,.T.);
#712=CYLINDRICAL_SURFACE('',#1542,0.15);
#713=FACE_OUTER_BOUND('',#1543,.T.);
#714=PLANE('',#1544);
#715=FACE_OUTER_BOUND('',#1545,.T.);
#716=PLANE('',#1546);
#717=FACE_OUTER_BOUND('',#1547,.T.);
#718=PLANE('',#1548);
#719=FACE_OUTER_BOUND('',#1549,.T.);
#720=PLANE('',#1550);
#721=FACE_OUTER_BOUND('',#1551,.T.);
#722=PLANE('',#1552);
#723=FACE_OUTER_BOUND('',#1553,.T.);
#724=PLANE('',#1554);
#725=FACE_OUTER_BOUND('',#1555,.T.);
#726=PLANE('',#1556);
#727=FACE_OUTER_BOUND('',#1557,.T.);
#728=PLANE('',#1558);
#729=FACE_OUTER_BOUND('',#1559,.T.);
#730=PLANE('',#1560);
#731=FACE_OUTER_BOUND('',#1561,.T.);
#732=PLANE('',#1562);
#733=FACE_OUTER_BOUND('',#1563,.T.);
#734=PLANE('',#1564);
#735=FACE_OUTER_BOUND('',#1565,.T.);
#736=PLANE('',#1566);
#737=FACE_OUTER_BOUND('',#1567,.T.);
#738=PLANE('',#1568);
#739=FACE_OUTER_BOUND('',#1569,.T.);
#740=PLANE('',#1570);
#741=FACE_OUTER_BOUND('',#1571,.T.);
#742=PLANE('',#1572);
#743=FACE_OUTER_BOUND('',#1573,.T.);
#744=PLANE('',#1574);
#745=FACE_OUTER_BOUND('',#1575,.T.);
#746=PLANE('',#1576);
#747=FACE_OUTER_BOUND('',#1577,.T.);
#748=PLANE('',#1578);
#749=FACE_OUTER_BOUND('',#1579,.T.);
#750=PLANE('',#1580);
#751=FACE_OUTER_BOUND('',#1581,.T.);
#752=PLANE('',#1582);
#753=FACE_OUTER_BOUND('',#1583,.T.);
#754=PLANE('',#1584);
#755=FACE_OUTER_BOUND('',#1585,.T.);
#756=PLANE('',#1586);
#757=FACE_OUTER_BOUND('',#1587,.T.);
#758=CYLINDRICAL_SURFACE('',#1588,0.195);
#759=FACE_OUTER_BOUND('',#1589,.T.);
#760=PLANE('',#1590);
#761=FACE_OUTER_BOUND('',#1591,.T.);
#762=PLANE('',#1592);
#763=FACE_OUTER_BOUND('',#1593,.T.);
#764=PLANE('',#1594);
#765=FACE_OUTER_BOUND('',#1595,.T.);
#766=PLANE('',#1596);
#767=FACE_OUTER_BOUND('',#1597,.T.);
#768=PLANE('',#1598);
#769=FACE_OUTER_BOUND('',#1599,.T.);
#770=PLANE('',#1600);
#771=FACE_OUTER_BOUND('',#1601,.T.);
#772=PLANE('',#1602);
#773=FACE_OUTER_BOUND('',#1603,.T.);
#774=PLANE('',#1604);
#775=FACE_OUTER_BOUND('',#1605,.T.);
#776=PLANE('',#1606);
#777=FACE_OUTER_BOUND('',#1607,.T.);
#778=PLANE('',#1608);
#779=FACE_OUTER_BOUND('',#1609,.T.);
#780=PLANE('',#1610);
#781=FACE_OUTER_BOUND('',#1611,.T.);
#782=CYLINDRICAL_SURFACE('',#1612,0.195);
#783=FACE_OUTER_BOUND('',#1613,.T.);
#784=PLANE('',#1614);
#785=FACE_OUTER_BOUND('',#1615,.T.);
#786=PLANE('',#1616);
#787=FACE_OUTER_BOUND('',#1617,.T.);
#788=PLANE('',#1618);
#789=FACE_OUTER_BOUND('',#1619,.T.);
#790=PLANE('',#1620);
#791=FACE_OUTER_BOUND('',#1621,.T.);
#792=PLANE('',#1622);
#793=FACE_OUTER_BOUND('',#1623,.T.);
#794=PLANE('',#1624);
#795=FACE_OUTER_BOUND('',#1625,.T.);
#796=PLANE('',#1626);
#797=FACE_OUTER_BOUND('',#1627,.T.);
#798=PLANE('',#1628);
#799=FACE_OUTER_BOUND('',#1629,.T.);
#800=PLANE('',#1630);
#801=FACE_OUTER_BOUND('',#1631,.T.);
#802=PLANE('',#1632);
#803=FACE_OUTER_BOUND('',#1633,.T.);
#804=PLANE('',#1634);
#805=FACE_OUTER_BOUND('',#1635,.T.);
#806=CYLINDRICAL_SURFACE('',#1636,0.195);
#807=FACE_OUTER_BOUND('',#1637,.T.);
#808=PLANE('',#1638);
#809=FACE_OUTER_BOUND('',#1639,.T.);
#810=PLANE('',#1640);
#811=FACE_OUTER_BOUND('',#1641,.T.);
#812=PLANE('',#1642);
#813=FACE_OUTER_BOUND('',#1643,.T.);
#814=PLANE('',#1644);
#815=FACE_OUTER_BOUND('',#1645,.T.);
#816=PLANE('',#1646);
#817=FACE_OUTER_BOUND('',#1647,.T.);
#818=PLANE('',#1648);
#819=FACE_OUTER_BOUND('',#1649,.T.);
#820=PLANE('',#1650);
#821=FACE_OUTER_BOUND('',#1651,.T.);
#822=PLANE('',#1652);
#823=FACE_OUTER_BOUND('',#1653,.T.);
#824=PLANE('',#1654);
#825=FACE_OUTER_BOUND('',#1655,.T.);
#826=PLANE('',#1656);
#827=FACE_OUTER_BOUND('',#1657,.T.);
#828=PLANE('',#1658);
#829=FACE_OUTER_BOUND('',#1659,.T.);
#830=CYLINDRICAL_SURFACE('',#1660,0.195);
#831=FACE_OUTER_BOUND('',#1661,.T.);
#832=PLANE('',#1662);
#833=FACE_OUTER_BOUND('',#1663,.T.);
#834=PLANE('',#1664);
#835=FACE_OUTER_BOUND('',#1665,.T.);
#836=PLANE('',#1666);
#837=FACE_OUTER_BOUND('',#1667,.T.);
#838=PLANE('',#1668);
#839=FACE_OUTER_BOUND('',#1669,.T.);
#840=PLANE('',#1670);
#841=FACE_OUTER_BOUND('',#1671,.T.);
#842=PLANE('',#1672);
#843=FACE_OUTER_BOUND('',#1673,.T.);
#844=PLANE('',#1674);
#845=FACE_OUTER_BOUND('',#1675,.T.);
#846=PLANE('',#1676);
#847=FACE_OUTER_BOUND('',#1677,.T.);
#848=PLANE('',#1678);
#849=FACE_OUTER_BOUND('',#1679,.T.);
#850=PLANE('',#1680);
#851=FACE_OUTER_BOUND('',#1681,.T.);
#852=PLANE('',#1682);
#853=FACE_OUTER_BOUND('',#1683,.T.);
#854=CYLINDRICAL_SURFACE('',#1684,0.195);
#855=FACE_OUTER_BOUND('',#1685,.T.);
#856=PLANE('',#1686);
#857=FACE_OUTER_BOUND('',#1687,.T.);
#858=PLANE('',#1688);
#859=FACE_OUTER_BOUND('',#1689,.T.);
#860=PLANE('',#1690);
#861=FACE_OUTER_BOUND('',#1691,.T.);
#862=PLANE('',#1692);
#863=FACE_OUTER_BOUND('',#1693,.T.);
#864=PLANE('',#1694);
#865=FACE_OUTER_BOUND('',#1695,.T.);
#866=PLANE('',#1696);
#867=FACE_OUTER_BOUND('',#1697,.T.);
#868=PLANE('',#1698);
#869=FACE_OUTER_BOUND('',#1699,.T.);
#870=PLANE('',#1700);
#871=FACE_OUTER_BOUND('',#1701,.T.);
#872=PLANE('',#1702);
#873=FACE_OUTER_BOUND('',#1703,.T.);
#874=PLANE('',#1704);
#875=FACE_OUTER_BOUND('',#1705,.T.);
#876=PLANE('',#1706);
#877=FACE_OUTER_BOUND('',#1707,.T.);
#878=CYLINDRICAL_SURFACE('',#1708,0.195);
#879=FACE_OUTER_BOUND('',#1709,.T.);
#880=PLANE('',#1710);
#881=FACE_OUTER_BOUND('',#1711,.T.);
#882=PLANE('',#1712);
#883=FACE_OUTER_BOUND('',#1713,.T.);
#884=PLANE('',#1714);
#885=FACE_OUTER_BOUND('',#1715,.T.);
#886=PLANE('',#1716);
#887=FACE_OUTER_BOUND('',#1717,.T.);
#888=PLANE('',#1718);
#889=FACE_OUTER_BOUND('',#1719,.T.);
#890=PLANE('',#1720);
#891=FACE_OUTER_BOUND('',#1721,.T.);
#892=PLANE('',#1722);
#893=FACE_OUTER_BOUND('',#1723,.T.);
#894=PLANE('',#1724);
#895=FACE_OUTER_BOUND('',#1725,.T.);
#896=PLANE('',#1726);
#897=FACE_OUTER_BOUND('',#1727,.T.);
#898=PLANE('',#1728);
#899=FACE_OUTER_BOUND('',#1729,.T.);
#900=PLANE('',#1730);
#901=FACE_OUTER_BOUND('',#1731,.T.);
#902=CYLINDRICAL_SURFACE('',#1732,0.195);
#903=FACE_OUTER_BOUND('',#1733,.T.);
#904=PLANE('',#1734);
#905=FACE_OUTER_BOUND('',#1735,.T.);
#906=PLANE('',#1736);
#907=FACE_OUTER_BOUND('',#1737,.T.);
#908=PLANE('',#1738);
#909=FACE_OUTER_BOUND('',#1739,.T.);
#910=PLANE('',#1740);
#911=FACE_OUTER_BOUND('',#1741,.T.);
#912=PLANE('',#1742);
#913=FACE_OUTER_BOUND('',#1743,.T.);
#914=PLANE('',#1744);
#915=FACE_OUTER_BOUND('',#1745,.T.);
#916=PLANE('',#1746);
#917=FACE_OUTER_BOUND('',#1747,.T.);
#918=PLANE('',#1748);
#919=FACE_OUTER_BOUND('',#1749,.T.);
#920=PLANE('',#1750);
#921=FACE_OUTER_BOUND('',#1751,.T.);
#922=PLANE('',#1752);
#923=FACE_OUTER_BOUND('',#1753,.T.);
#924=PLANE('',#1754);
#925=FACE_OUTER_BOUND('',#1755,.T.);
#926=CYLINDRICAL_SURFACE('',#1756,0.195);
#927=FACE_OUTER_BOUND('',#1757,.T.);
#928=PLANE('',#1758);
#929=FACE_OUTER_BOUND('',#1759,.T.);
#930=PLANE('',#1760);
#931=FACE_OUTER_BOUND('',#1761,.T.);
#932=PLANE('',#1762);
#933=FACE_OUTER_BOUND('',#1763,.T.);
#934=PLANE('',#1764);
#935=FACE_OUTER_BOUND('',#1765,.T.);
#936=PLANE('',#1766);
#937=FACE_OUTER_BOUND('',#1767,.T.);
#938=PLANE('',#1768);
#939=FACE_OUTER_BOUND('',#1769,.T.);
#940=PLANE('',#1770);
#941=FACE_OUTER_BOUND('',#1771,.T.);
#942=PLANE('',#1772);
#943=FACE_OUTER_BOUND('',#1773,.T.);
#944=PLANE('',#1774);
#945=FACE_OUTER_BOUND('',#1775,.T.);
#946=PLANE('',#1776);
#947=FACE_OUTER_BOUND('',#1777,.T.);
#948=PLANE('',#1778);
#949=FACE_OUTER_BOUND('',#1779,.T.);
#950=CYLINDRICAL_SURFACE('',#1780,0.195);
#951=FACE_OUTER_BOUND('',#1781,.T.);
#952=PLANE('',#1782);
#953=FACE_OUTER_BOUND('',#1783,.T.);
#954=PLANE('',#1784);
#955=FACE_OUTER_BOUND('',#1785,.T.);
#956=PLANE('',#1786);
#957=FACE_OUTER_BOUND('',#1787,.T.);
#958=PLANE('',#1788);
#959=FACE_OUTER_BOUND('',#1789,.T.);
#960=PLANE('',#1790);
#961=FACE_OUTER_BOUND('',#1791,.T.);
#962=PLANE('',#1792);
#963=FACE_OUTER_BOUND('',#1793,.T.);
#964=PLANE('',#1794);
#965=FACE_OUTER_BOUND('',#1795,.T.);
#966=PLANE('',#1796);
#967=FACE_OUTER_BOUND('',#1797,.T.);
#968=PLANE('',#1798);
#969=FACE_OUTER_BOUND('',#1799,.T.);
#970=PLANE('',#1800);
#971=FACE_OUTER_BOUND('',#1801,.T.);
#972=PLANE('',#1802);
#973=FACE_OUTER_BOUND('',#1803,.T.);
#974=CYLINDRICAL_SURFACE('',#1804,0.195);
#975=FACE_OUTER_BOUND('',#1805,.T.);
#976=PLANE('',#1806);
#977=FACE_OUTER_BOUND('',#1807,.T.);
#978=PLANE('',#1808);
#979=FACE_OUTER_BOUND('',#1809,.T.);
#980=PLANE('',#1810);
#981=FACE_OUTER_BOUND('',#1811,.T.);
#982=PLANE('',#1812);
#983=FACE_OUTER_BOUND('',#1813,.T.);
#984=PLANE('',#1814);
#985=FACE_OUTER_BOUND('',#1815,.T.);
#986=PLANE('',#1816);
#987=FACE_OUTER_BOUND('',#1817,.T.);
#988=PLANE('',#1818);
#989=FACE_OUTER_BOUND('',#1819,.T.);
#990=PLANE('',#1820);
#991=FACE_OUTER_BOUND('',#1821,.T.);
#992=PLANE('',#1822);
#993=FACE_OUTER_BOUND('',#1823,.T.);
#994=PLANE('',#1824);
#995=FACE_OUTER_BOUND('',#1825,.T.);
#996=PLANE('',#1826);
#997=FACE_OUTER_BOUND('',#1827,.T.);
#998=CYLINDRICAL_SURFACE('',#1828,0.195);
#999=FACE_OUTER_BOUND('',#1829,.T.);
#1000=PLANE('',#1830);
#1001=FACE_OUTER_BOUND('',#1831,.T.);
#1002=PLANE('',#1832);
#1003=FACE_OUTER_BOUND('',#1833,.T.);
#1004=PLANE('',#1834);
#1005=FACE_OUTER_BOUND('',#1835,.T.);
#1006=PLANE('',#1836);
#1007=FACE_OUTER_BOUND('',#1837,.T.);
#1008=PLANE('',#1838);
#1009=FACE_OUTER_BOUND('',#1839,.T.);
#1010=PLANE('',#1840);
#1011=FACE_OUTER_BOUND('',#1841,.T.);
#1012=PLANE('',#1842);
#1013=FACE_OUTER_BOUND('',#1843,.T.);
#1014=PLANE('',#1844);
#1015=FACE_OUTER_BOUND('',#1845,.T.);
#1016=PLANE('',#1846);
#1017=FACE_OUTER_BOUND('',#1847,.T.);
#1018=PLANE('',#1848);
#1019=FACE_OUTER_BOUND('',#1849,.T.);
#1020=PLANE('',#1850);
#1021=FACE_OUTER_BOUND('',#1851,.T.);
#1022=CYLINDRICAL_SURFACE('',#1852,0.195);
#1023=FACE_OUTER_BOUND('',#1853,.T.);
#1024=PLANE('',#1854);
#1025=FACE_OUTER_BOUND('',#1855,.T.);
#1026=PLANE('',#1856);
#1027=FACE_OUTER_BOUND('',#1857,.T.);
#1028=PLANE('',#1858);
#1029=FACE_OUTER_BOUND('',#1859,.T.);
#1030=PLANE('',#1860);
#1031=FACE_OUTER_BOUND('',#1861,.T.);
#1032=PLANE('',#1862);
#1033=FACE_OUTER_BOUND('',#1863,.T.);
#1034=PLANE('',#1864);
#1035=FACE_OUTER_BOUND('',#1865,.T.);
#1036=PLANE('',#1866);
#1037=FACE_OUTER_BOUND('',#1867,.T.);
#1038=PLANE('',#1868);
#1039=FACE_OUTER_BOUND('',#1869,.T.);
#1040=PLANE('',#1870);
#1041=FACE_OUTER_BOUND('',#1871,.T.);
#1042=PLANE('',#1872);
#1043=FACE_OUTER_BOUND('',#1873,.T.);
#1044=PLANE('',#1874);
#1045=FACE_OUTER_BOUND('',#1875,.T.);
#1046=CYLINDRICAL_SURFACE('',#1876,0.195);
#1047=FACE_OUTER_BOUND('',#1877,.T.);
#1048=PLANE('',#1878);
#1049=FACE_OUTER_BOUND('',#1879,.T.);
#1050=PLANE('',#1880);
#1051=FACE_OUTER_BOUND('',#1881,.T.);
#1052=PLANE('',#1882);
#1053=FACE_OUTER_BOUND('',#1883,.T.);
#1054=PLANE('',#1884);
#1055=FACE_OUTER_BOUND('',#1885,.T.);
#1056=PLANE('',#1886);
#1057=FACE_OUTER_BOUND('',#1887,.T.);
#1058=PLANE('',#1888);
#1059=FACE_OUTER_BOUND('',#1889,.T.);
#1060=PLANE('',#1890);
#1061=FACE_OUTER_BOUND('',#1891,.T.);
#1062=PLANE('',#1892);
#1063=FACE_OUTER_BOUND('',#1893,.T.);
#1064=PLANE('',#1894);
#1065=FACE_OUTER_BOUND('',#1895,.T.);
#1066=PLANE('',#1896);
#1067=FACE_OUTER_BOUND('',#1897,.T.);
#1068=PLANE('',#1898);
#1069=FACE_OUTER_BOUND('',#1899,.T.);
#1070=CYLINDRICAL_SURFACE('',#1900,0.195);
#1071=FACE_OUTER_BOUND('',#1901,.T.);
#1072=PLANE('',#1902);
#1073=FACE_OUTER_BOUND('',#1903,.T.);
#1074=PLANE('',#1904);
#1075=FACE_OUTER_BOUND('',#1905,.T.);
#1076=PLANE('',#1906);
#1077=FACE_OUTER_BOUND('',#1907,.T.);
#1078=PLANE('',#1908);
#1079=FACE_OUTER_BOUND('',#1909,.T.);
#1080=PLANE('',#1910);
#1081=FACE_OUTER_BOUND('',#1911,.T.);
#1082=PLANE('',#1912);
#1083=FACE_OUTER_BOUND('',#1913,.T.);
#1084=PLANE('',#1914);
#1085=FACE_OUTER_BOUND('',#1915,.T.);
#1086=PLANE('',#1916);
#1087=FACE_OUTER_BOUND('',#1917,.T.);
#1088=PLANE('',#1918);
#1089=FACE_OUTER_BOUND('',#1919,.T.);
#1090=PLANE('',#1920);
#1091=FACE_OUTER_BOUND('',#1921,.T.);
#1092=PLANE('',#1922);
#1093=FACE_OUTER_BOUND('',#1923,.T.);
#1094=CYLINDRICAL_SURFACE('',#1924,0.195);
#1095=FACE_OUTER_BOUND('',#1925,.T.);
#1096=PLANE('',#1926);
#1097=FACE_OUTER_BOUND('',#1927,.T.);
#1098=PLANE('',#1928);
#1099=FACE_OUTER_BOUND('',#1929,.T.);
#1100=PLANE('',#1930);
#1101=FACE_OUTER_BOUND('',#1931,.T.);
#1102=PLANE('',#1932);
#1103=FACE_OUTER_BOUND('',#1933,.T.);
#1104=PLANE('',#1934);
#1105=FACE_OUTER_BOUND('',#1935,.T.);
#1106=PLANE('',#1936);
#1107=FACE_OUTER_BOUND('',#1937,.T.);
#1108=PLANE('',#1938);
#1109=FACE_OUTER_BOUND('',#1939,.T.);
#1110=PLANE('',#1940);
#1111=FACE_OUTER_BOUND('',#1941,.T.);
#1112=PLANE('',#1942);
#1113=FACE_OUTER_BOUND('',#1943,.T.);
#1114=PLANE('',#1944);
#1115=FACE_OUTER_BOUND('',#1945,.T.);
#1116=PLANE('',#1946);
#1117=FACE_OUTER_BOUND('',#1947,.T.);
#1118=CYLINDRICAL_SURFACE('',#1948,0.195);
#1119=FACE_OUTER_BOUND('',#1949,.T.);
#1120=PLANE('',#1950);
#1121=FACE_OUTER_BOUND('',#1951,.T.);
#1122=PLANE('',#1952);
#1123=FACE_OUTER_BOUND('',#1953,.T.);
#1124=PLANE('',#1954);
#1125=FACE_OUTER_BOUND('',#1955,.T.);
#1126=PLANE('',#1956);
#1127=FACE_OUTER_BOUND('',#1957,.T.);
#1128=PLANE('',#1958);
#1129=FACE_OUTER_BOUND('',#1959,.T.);
#1130=PLANE('',#1960);
#1131=FACE_OUTER_BOUND('',#1961,.T.);
#1132=PLANE('',#1962);
#1133=FACE_OUTER_BOUND('',#1963,.T.);
#1134=PLANE('',#1964);
#1135=FACE_OUTER_BOUND('',#1965,.T.);
#1136=PLANE('',#1966);
#1137=FACE_OUTER_BOUND('',#1967,.T.);
#1138=PLANE('',#1968);
#1139=FACE_OUTER_BOUND('',#1969,.T.);
#1140=PLANE('',#1970);
#1141=FACE_OUTER_BOUND('',#1971,.T.);
#1142=CYLINDRICAL_SURFACE('',#1972,0.195);
#1143=FACE_OUTER_BOUND('',#1973,.T.);
#1144=PLANE('',#1974);
#1145=FACE_OUTER_BOUND('',#1975,.T.);
#1146=PLANE('',#1976);
#1147=FACE_OUTER_BOUND('',#1977,.T.);
#1148=PLANE('',#1978);
#1149=FACE_OUTER_BOUND('',#1979,.T.);
#1150=PLANE('',#1980);
#1151=FACE_OUTER_BOUND('',#1981,.T.);
#1152=PLANE('',#1982);
#1153=FACE_OUTER_BOUND('',#1983,.T.);
#1154=PLANE('',#1984);
#1155=FACE_OUTER_BOUND('',#1985,.T.);
#1156=PLANE('',#1986);
#1157=FACE_OUTER_BOUND('',#1987,.T.);
#1158=PLANE('',#1988);
#1159=FACE_OUTER_BOUND('',#1989,.T.);
#1160=PLANE('',#1990);
#1161=FACE_OUTER_BOUND('',#1991,.T.);
#1162=PLANE('',#1992);
#1163=FACE_OUTER_BOUND('',#1993,.T.);
#1164=PLANE('',#1994);
#1165=FACE_OUTER_BOUND('',#1995,.T.);
#1166=CYLINDRICAL_SURFACE('',#1996,0.195);
#1167=FACE_OUTER_BOUND('',#1997,.T.);
#1168=PLANE('',#1998);
#1169=FACE_OUTER_BOUND('',#1999,.T.);
#1170=PLANE('',#2000);
#1171=FACE_OUTER_BOUND('',#2001,.T.);
#1172=PLANE('',#2002);
#1173=FACE_OUTER_BOUND('',#2003,.T.);
#1174=PLANE('',#2004);
#1175=FACE_OUTER_BOUND('',#2005,.T.);
#1176=PLANE('',#2006);
#1177=FACE_OUTER_BOUND('',#2007,.T.);
#1178=PLANE('',#2008);
#1179=FACE_OUTER_BOUND('',#2009,.T.);
#1180=PLANE('',#2010);
#1181=FACE_OUTER_BOUND('',#2011,.T.);
#1182=PLANE('',#2012);
#1183=FACE_OUTER_BOUND('',#2013,.T.);
#1184=PLANE('',#2014);
#1185=FACE_OUTER_BOUND('',#2015,.T.);
#1186=PLANE('',#2016);
#1187=FACE_OUTER_BOUND('',#2017,.T.);
#1188=PLANE('',#2018);
#1189=FACE_OUTER_BOUND('',#2019,.T.);
#1190=CYLINDRICAL_SURFACE('',#2020,0.195);
#1191=FACE_OUTER_BOUND('',#2021,.T.);
#1192=PLANE('',#2022);
#1193=FACE_OUTER_BOUND('',#2023,.T.);
#1194=PLANE('',#2024);
#1195=FACE_OUTER_BOUND('',#2025,.T.);
#1196=PLANE('',#2026);
#1197=FACE_OUTER_BOUND('',#2027,.T.);
#1198=PLANE('',#2028);
#1199=FACE_OUTER_BOUND('',#2029,.T.);
#1200=PLANE('',#2030);
#1201=FACE_OUTER_BOUND('',#2031,.T.);
#1202=PLANE('',#2032);
#1203=FACE_OUTER_BOUND('',#2033,.T.);
#1204=CYLINDRICAL_SURFACE('',#2034,0.195);
#1205=FACE_OUTER_BOUND('',#2035,.T.);
#1206=PLANE('',#2036);
#1207=FACE_OUTER_BOUND('',#2037,.T.);
#1208=CYLINDRICAL_SURFACE('',#2038,0.151);
#1209=FACE_OUTER_BOUND('',#2039,.T.);
#1210=PLANE('',#2040);
#1211=FACE_OUTER_BOUND('',#2041,.T.);
#1212=CYLINDRICAL_SURFACE('',#2042,0.05);
#1213=FACE_OUTER_BOUND('',#2043,.T.);
#1214=CYLINDRICAL_SURFACE('',#2044,0.151);
#1215=FACE_OUTER_BOUND('',#2045,.T.);
#1216=PLANE('',#2046);
#1217=FACE_OUTER_BOUND('',#2047,.T.);
#1218=PLANE('',#2048);
#1219=FACE_OUTER_BOUND('',#2049,.T.);
#1220=PLANE('',#2050);
#1221=FACE_OUTER_BOUND('',#2051,.T.);
#1222=PLANE('',#2052);
#1223=FACE_OUTER_BOUND('',#2053,.T.);
#1224=PLANE('',#2054);
#1225=FACE_OUTER_BOUND('',#2055,.T.);
#1226=PLANE('',#2056);
#1227=FACE_OUTER_BOUND('',#2057,.T.);
#1228=PLANE('',#2058);
#1229=FACE_OUTER_BOUND('',#2059,.T.);
#1230=PLANE('',#2060);
#1231=FACE_OUTER_BOUND('',#2061,.T.);
#1232=PLANE('',#2062);
#1233=FACE_OUTER_BOUND('',#2063,.T.);
#1234=PLANE('',#2064);
#1235=FACE_OUTER_BOUND('',#2065,.T.);
#1236=PLANE('',#2066);
#1237=FACE_OUTER_BOUND('',#2067,.T.);
#1238=PLANE('',#2068);
#1239=FACE_OUTER_BOUND('',#2069,.T.);
#1240=CYLINDRICAL_SURFACE('',#2070,0.3);
#1241=FACE_OUTER_BOUND('',#2071,.T.);
#1242=PLANE('',#2072);
#1243=FACE_OUTER_BOUND('',#2073,.T.);
#1244=CYLINDRICAL_SURFACE('',#2074,0.3);
#1245=FACE_OUTER_BOUND('',#2075,.T.);
#1246=SPHERICAL_SURFACE('',#2076,0.3);
#1247=FACE_OUTER_BOUND('',#2077,.T.);
#1248=CYLINDRICAL_SURFACE('',#2078,0.3);
#1249=FACE_OUTER_BOUND('',#2079,.T.);
#1250=SPHERICAL_SURFACE('',#2080,0.3);
#1251=FACE_OUTER_BOUND('',#2081,.T.);
#1252=CYLINDRICAL_SURFACE('',#2082,0.3);
#1253=FACE_OUTER_BOUND('',#2083,.T.);
#1254=PLANE('',#2084);
#1255=FACE_OUTER_BOUND('',#2085,.T.);
#1256=CYLINDRICAL_SURFACE('',#2086,0.3);
#1257=FACE_OUTER_BOUND('',#2087,.T.);
#1258=PLANE('',#2088);
#1259=FACE_OUTER_BOUND('',#2089,.T.);
#1260=PLANE('',#2090);
#1261=FACE_OUTER_BOUND('',#2091,.T.);
#1262=PLANE('',#2092);
#1263=FACE_OUTER_BOUND('',#2093,.T.);
#1264=PLANE('',#2094);
#1265=FACE_OUTER_BOUND('',#2095,.T.);
#1266=PLANE('',#2096);
#1267=FACE_OUTER_BOUND('',#2097,.T.);
#1268=PLANE('',#2098);
#1269=FACE_OUTER_BOUND('',#2099,.T.);
#1270=PLANE('',#2100);
#1271=FACE_OUTER_BOUND('',#2101,.T.);
#1272=PLANE('',#2102);
#1273=FACE_OUTER_BOUND('',#2103,.T.);
#1274=PLANE('',#2104);
#1275=FACE_OUTER_BOUND('',#2105,.T.);
#1276=PLANE('',#2106);
#1277=FACE_OUTER_BOUND('',#2107,.T.);
#1278=PLANE('',#2108);
#1279=FACE_OUTER_BOUND('',#2109,.T.);
#1280=PLANE('',#2110);
#1281=EDGE_LOOP('',(#2111,#2112,#2113,#2114,#2115,#2116,#2117,#2118));
#1282=AXIS2_PLACEMENT_3D('',#2119,#2120,#2121);
#1283=EDGE_LOOP('',(#2122,#2123,#2124,#2125,#2126));
#1284=AXIS2_PLACEMENT_3D('',#2127,#2128,#2129);
#1285=EDGE_LOOP('',(#2130,#2131,#2132));
#1286=AXIS2_PLACEMENT_3D('',#2133,#2134,#2135);
#1287=EDGE_LOOP('',(#2136,#2137,#2138,#2139));
#1288=AXIS2_PLACEMENT_3D('',#2140,#2141,#2142);
#1289=EDGE_LOOP('',(#2143,#2144,#2145,#2146));
#1290=AXIS2_PLACEMENT_3D('',#2147,#2148,#2149);
#1291=EDGE_LOOP('',(#2150,#2151,#2152,#2153));
#1292=AXIS2_PLACEMENT_3D('',#2154,#2155,#2156);
#1293=EDGE_LOOP('',(#2157,#2158,#2159));
#1294=AXIS2_PLACEMENT_3D('',#2160,#2161,#2162);
#1295=EDGE_LOOP('',(#2163,#2164,#2165,#2166));
#1296=AXIS2_PLACEMENT_3D('',#2167,#2168,#2169);
#1297=EDGE_LOOP('',(#2170,#2171,#2172));
#1298=AXIS2_PLACEMENT_3D('',#2173,#2174,#2175);
#1299=EDGE_LOOP('',(#2176,#2177,#2178,#2179));
#1300=AXIS2_PLACEMENT_3D('',#2180,#2181,#2182);
#1301=EDGE_LOOP('',(#2183,#2184,#2185));
#1302=AXIS2_PLACEMENT_3D('',#2186,#2187,#2188);
#1303=EDGE_LOOP('',(#2189,#2190,#2191,#2192));
#1304=AXIS2_PLACEMENT_3D('',#2193,#2194,#2195);
#1305=EDGE_LOOP('',(#2196,#2197,#2198));
#1306=AXIS2_PLACEMENT_3D('',#2199,#2200,#2201);
#1307=EDGE_LOOP('',(#2202,#2203,#2204,#2205));
#1308=AXIS2_PLACEMENT_3D('',#2206,#2207,#2208);
#1309=EDGE_LOOP('',(#2209,#2210,#2211));
#1310=AXIS2_PLACEMENT_3D('',#2212,#2213,#2214);
#1311=EDGE_LOOP('',(#2215,#2216,#2217,#2218,#2219));
#1312=AXIS2_PLACEMENT_3D('',#2220,#2221,#2222);
#1313=EDGE_LOOP('',(#2223,#2224,#2225,#2226));
#1314=AXIS2_PLACEMENT_3D('',#2227,#2228,#2229);
#1315=EDGE_LOOP('',(#2230,#2231,#2232,#2233));
#1316=AXIS2_PLACEMENT_3D('',#2234,#2235,#2236);
#1317=EDGE_LOOP('',(#2237,#2238,#2239,#2240,#2241,#2242,#2243,#2244,#2245,#2246,#2247,#2248));
#1318=EDGE_LOOP('',(#2249,#2250,#2251,#2252));
#1319=EDGE_LOOP('',(#2253,#2254,#2255,#2256));
#1320=AXIS2_PLACEMENT_3D('',#2257,#2258,#2259);
#1321=EDGE_LOOP('',(#2260,#2261,#2262,#2263,#2264,#2265,#2266,#2267,#2268,#2269));
#1322=AXIS2_PLACEMENT_3D('',#2270,#2271,#2272);
#1323=EDGE_LOOP('',(#2273,#2274,#2275,#2276));
#1324=AXIS2_PLACEMENT_3D('',#2277,#2278,#2279);
#1325=EDGE_LOOP('',(#2280,#2281,#2282,#2283));
#1326=AXIS2_PLACEMENT_3D('',#2284,#2285,#2286);
#1327=EDGE_LOOP('',(#2287,#2288,#2289,#2290));
#1328=AXIS2_PLACEMENT_3D('',#2291,#2292,#2293);
#1329=EDGE_LOOP('',(#2294,#2295,#2296,#2297));
#1330=AXIS2_PLACEMENT_3D('',#2298,#2299,#2300);
#1331=EDGE_LOOP('',(#2301,#2302,#2303,#2304,#2305,#2306,#2307,#2308,#2309,#2310,#2311,#2312));
#1332=AXIS2_PLACEMENT_3D('',#2313,#2314,#2315);
#1333=EDGE_LOOP('',(#2316,#2317,#2318,#2319,#2320,#2321,#2322,#2323,#2324,#2325,#2326,#2327,#2328,#2329));
#1334=AXIS2_PLACEMENT_3D('',#2330,#2331,#2332);
#1335=EDGE_LOOP('',(#2333,#2334,#2335,#2336,#2337,#2338,#2339,#2340,#2341,#2342,#2343,#2344,#2345,#2346));
#1336=AXIS2_PLACEMENT_3D('',#2347,#2348,#2349);
#1337=EDGE_LOOP('',(#2350,#2351,#2352,#2353,#2354));
#1338=AXIS2_PLACEMENT_3D('',#2355,#2356,#2357);
#1339=EDGE_LOOP('',(#2358,#2359,#2360,#2361,#2362));
#1340=AXIS2_PLACEMENT_3D('',#2363,#2364,#2365);
#1341=EDGE_LOOP('',(#2366,#2367,#2368,#2369,#2370));
#1342=AXIS2_PLACEMENT_3D('',#2371,#2372,#2373);
#1343=EDGE_LOOP('',(#2374,#2375,#2376,#2377,#2378,#2379,#2380));
#1344=AXIS2_PLACEMENT_3D('',#2381,#2382,#2383);
#1345=EDGE_LOOP('',(#2384,#2385,#2386,#2387,#2388,#2389,#2390,#2391,#2392,#2393));
#1346=AXIS2_PLACEMENT_3D('',#2394,#2395,#2396);
#1347=EDGE_LOOP('',(#2397,#2398,#2399,#2400));
#1348=AXIS2_PLACEMENT_3D('',#2401,#2402,#2403);
#1349=EDGE_LOOP('',(#2404,#2405,#2406,#2407,#2408,#2409,#2410,#2411,#2412,#2413,#2414,#2415));
#1350=AXIS2_PLACEMENT_3D('',#2416,#2417,#2418);
#1351=EDGE_LOOP('',(#2419,#2420,#2421,#2422,#2423,#2424,#2425,#2426,#2427,#2428,#2429,#2430));
#1352=AXIS2_PLACEMENT_3D('',#2431,#2432,#2433);
#1353=EDGE_LOOP('',(#2434,#2435,#2436,#2437,#2438));
#1354=AXIS2_PLACEMENT_3D('',#2439,#2440,#2441);
#1355=EDGE_LOOP('',(#2442,#2443,#2444,#2445));
#1356=AXIS2_PLACEMENT_3D('',#2446,#2447,#2448);
#1357=EDGE_LOOP('',(#2449,#2450,#2451,#2452));
#1358=AXIS2_PLACEMENT_3D('',#2453,#2454,#2455);
#1359=EDGE_LOOP('',(#2456,#2457,#2458,#2459));
#1360=AXIS2_PLACEMENT_3D('',#2460,#2461,#2462);
#1361=EDGE_LOOP('',(#2463,#2464,#2465,#2466,#2467,#2468,#2469,#2470,#2471,#2472));
#1362=AXIS2_PLACEMENT_3D('',#2473,#2474,#2475);
#1363=EDGE_LOOP('',(#2476,#2477,#2478,#2479,#2480,#2481,#2482,#2483,#2484,#2485));
#1364=AXIS2_PLACEMENT_3D('',#2486,#2487,#2488);
#1365=EDGE_LOOP('',(#2489,#2490,#2491,#2492,#2493,#2494));
#1366=EDGE_LOOP('',(#2495,#2496,#2497,#2498));
#1367=EDGE_LOOP('',(#2499,#2500,#2501,#2502));
#1368=EDGE_LOOP('',(#2503,#2504,#2505,#2506));
#1369=EDGE_LOOP('',(#2507,#2508,#2509,#2510));
#1370=EDGE_LOOP('',(#2511,#2512,#2513,#2514));
#1371=EDGE_LOOP('',(#2515,#2516,#2517,#2518));
#1372=EDGE_LOOP('',(#2519,#2520,#2521,#2522));
#1373=EDGE_LOOP('',(#2523,#2524,#2525,#2526));
#1374=EDGE_LOOP('',(#2527,#2528,#2529,#2530));
#1375=EDGE_LOOP('',(#2531,#2532,#2533,#2534));
#1376=EDGE_LOOP('',(#2535,#2536,#2537,#2538));
#1377=EDGE_LOOP('',(#2539,#2540,#2541,#2542));
#1378=EDGE_LOOP('',(#2543,#2544,#2545,#2546));
#1379=EDGE_LOOP('',(#2547,#2548,#2549,#2550));
#1380=EDGE_LOOP('',(#2551,#2552,#2553,#2554));
#1381=EDGE_LOOP('',(#2555,#2556,#2557,#2558));
#1382=EDGE_LOOP('',(#2559,#2560,#2561,#2562));
#1383=EDGE_LOOP('',(#2563,#2564,#2565,#2566));
#1384=EDGE_LOOP('',(#2567,#2568,#2569,#2570));
#1385=EDGE_LOOP('',(#2571,#2572,#2573,#2574));
#1386=AXIS2_PLACEMENT_3D('',#2575,#2576,#2577);
#1387=EDGE_LOOP('',(#2578,#2579,#2580,#2581,#2582,#2583,#2584,#2585,#2586,#2587,#2588,#2589,#2590,#2591,#2592,#2593));
#1388=AXIS2_PLACEMENT_3D('',#2594,#2595,#2596);
#1389=EDGE_LOOP('',(#2597,#2598,#2599,#2600,#2601,#2602,#2603,#2604,#2605,#2606,#2607,#2608,#2609,#2610,#2611,#2612));
#1390=AXIS2_PLACEMENT_3D('',#2613,#2614,#2615);
#1391=EDGE_LOOP('',(#2616,#2617,#2618,#2619));
#1392=AXIS2_PLACEMENT_3D('',#2620,#2621,#2622);
#1393=EDGE_LOOP('',(#2623,#2624,#2625,#2626,#2627,#2628,#2629,#2630,#2631,#2632,#2633,#2634,#2635,#2636,#2637,#2638,#2639,#2640));
#1394=AXIS2_PLACEMENT_3D('',#2641,#2642,#2643);
#1395=EDGE_LOOP('',(#2644,#2645,#2646,#2647,#2648,#2649));
#1396=AXIS2_PLACEMENT_3D('',#2650,#2651,#2652);
#1397=EDGE_LOOP('',(#2653,#2654,#2655,#2656,#2657,#2658));
#1398=AXIS2_PLACEMENT_3D('',#2659,#2660,#2661);
#1399=EDGE_LOOP('',(#2662,#2663,#2664,#2665,#2666));
#1400=AXIS2_PLACEMENT_3D('',#2667,#2668,#2669);
#1401=EDGE_LOOP('',(#2670,#2671,#2672,#2673,#2674));
#1402=AXIS2_PLACEMENT_3D('',#2675,#2676,#2677);
#1403=EDGE_LOOP('',(#2678,#2679,#2680,#2681,#2682));
#1404=AXIS2_PLACEMENT_3D('',#2683,#2684,#2685);
#1405=EDGE_LOOP('',(#2686,#2687,#2688,#2689,#2690,#2691));
#1406=AXIS2_PLACEMENT_3D('',#2692,#2693,#2694);
#1407=EDGE_LOOP('',(#2695,#2696,#2697,#2698,#2699,#2700,#2701,#2702));
#1408=AXIS2_PLACEMENT_3D('',#2703,#2704,#2705);
#1409=EDGE_LOOP('',(#2706,#2707,#2708,#2709,#2710,#2711,#2712,#2713));
#1410=AXIS2_PLACEMENT_3D('',#2714,#2715,#2716);
#1411=EDGE_LOOP('',(#2717,#2718,#2719,#2720));
#1412=AXIS2_PLACEMENT_3D('',#2721,#2722,#2723);
#1413=EDGE_LOOP('',(#2724,#2725,#2726,#2727));
#1414=AXIS2_PLACEMENT_3D('',#2728,#2729,#2730);
#1415=EDGE_LOOP('',(#2731,#2732,#2733,#2734));
#1416=AXIS2_PLACEMENT_3D('',#2735,#2736,#2737);
#1417=EDGE_LOOP('',(#2738,#2739,#2740,#2741));
#1418=AXIS2_PLACEMENT_3D('',#2742,#2743,#2744);
#1419=EDGE_LOOP('',(#2745,#2746,#2747,#2748,#2749));
#1420=AXIS2_PLACEMENT_3D('',#2750,#2751,#2752);
#1421=EDGE_LOOP('',(#2753,#2754,#2755,#2756,#2757,#2758,#2759,#2760,#2761,#2762,#2763,#2764,#2765,#2766,#2767,#2768,#2769,#2770));
#1422=AXIS2_PLACEMENT_3D('',#2771,#2772,#2773);
#1423=EDGE_LOOP('',(#2774,#2775,#2776,#2777,#2778));
#1424=AXIS2_PLACEMENT_3D('',#2779,#2780,#2781);
#1425=EDGE_LOOP('',(#2782,#2783,#2784,#2785,#2786));
#1426=AXIS2_PLACEMENT_3D('',#2787,#2788,#2789);
#1427=EDGE_LOOP('',(#2790,#2791,#2792,#2793,#2794));
#1428=AXIS2_PLACEMENT_3D('',#2795,#2796,#2797);
#1429=EDGE_LOOP('',(#2798,#2799,#2800,#2801,#2802));
#1430=AXIS2_PLACEMENT_3D('',#2803,#2804,#2805);
#1431=EDGE_LOOP('',(#2806,#2807,#2808,#2809,#2810));
#1432=AXIS2_PLACEMENT_3D('',#2811,#2812,#2813);
#1433=EDGE_LOOP('',(#2814,#2815,#2816,#2817));
#1434=AXIS2_PLACEMENT_3D('',#2818,#2819,#2820);
#1435=EDGE_LOOP('',(#2821,#2822,#2823,#2824,#2825));
#1436=AXIS2_PLACEMENT_3D('',#2826,#2827,#2828);
#1437=EDGE_LOOP('',(#2829,#2830,#2831,#2832,#2833));
#1438=AXIS2_PLACEMENT_3D('',#2834,#2835,#2836);
#1439=EDGE_LOOP('',(#2837,#2838,#2839,#2840,#2841));
#1440=AXIS2_PLACEMENT_3D('',#2842,#2843,#2844);
#1441=EDGE_LOOP('',(#2845,#2846,#2847,#2848,#2849,#2850,#2851,#2852));
#1442=AXIS2_PLACEMENT_3D('',#2853,#2854,#2855);
#1443=EDGE_LOOP('',(#2856,#2857,#2858,#2859,#2860,#2861,#2862));
#1444=AXIS2_PLACEMENT_3D('',#2863,#2864,#2865);
#1445=EDGE_LOOP('',(#2866,#2867,#2868,#2869,#2870,#2871));
#1446=AXIS2_PLACEMENT_3D('',#2872,#2873,#2874);
#1447=EDGE_LOOP('',(#2875,#2876,#2877,#2878,#2879));
#1448=AXIS2_PLACEMENT_3D('',#2880,#2881,#2882);
#1449=EDGE_LOOP('',(#2883,#2884,#2885,#2886,#2887));
#1450=AXIS2_PLACEMENT_3D('',#2888,#2889,#2890);
#1451=EDGE_LOOP('',(#2891,#2892,#2893,#2894,#2895,#2896));
#1452=AXIS2_PLACEMENT_3D('',#2897,#2898,#2899);
#1453=EDGE_LOOP('',(#2900,#2901,#2902,#2903,#2904));
#1454=AXIS2_PLACEMENT_3D('',#2905,#2906,#2907);
#1455=EDGE_LOOP('',(#2908,#2909,#2910,#2911));
#1456=AXIS2_PLACEMENT_3D('',#2912,#2913,#2914);
#1457=EDGE_LOOP('',(#2915,#2916,#2917,#2918,#2919,#2920,#2921,#2922,#2923,#2924));
#1458=AXIS2_PLACEMENT_3D('',#2925,#2926,#2927);
#1459=EDGE_LOOP('',(#2928,#2929,#2930,#2931));
#1460=AXIS2_PLACEMENT_3D('',#2932,#2933,#2934);
#1461=EDGE_LOOP('',(#2935,#2936,#2937,#2938));
#1462=AXIS2_PLACEMENT_3D('',#2939,#2940,#2941);
#1463=EDGE_LOOP('',(#2942,#2943,#2944,#2945,#2946,#2947));
#1464=AXIS2_PLACEMENT_3D('',#2948,#2949,#2950);
#1465=EDGE_LOOP('',(#2951,#2952,#2953,#2954));
#1466=AXIS2_PLACEMENT_3D('',#2955,#2956,#2957);
#1467=EDGE_LOOP('',(#2958,#2959,#2960,#2961,#2962));
#1468=AXIS2_PLACEMENT_3D('',#2963,#2964,#2965);
#1469=EDGE_LOOP('',(#2966,#2967,#2968,#2969,#2970,#2971,#2972,#2973,#2974));
#1470=AXIS2_PLACEMENT_3D('',#2975,#2976,#2977);
#1471=EDGE_LOOP('',(#2978,#2979,#2980,#2981,#2982,#2983,#2984,#2985,#2986));
#1472=AXIS2_PLACEMENT_3D('',#2987,#2988,#2989);
#1473=EDGE_LOOP('',(#2990,#2991,#2992,#2993));
#1474=AXIS2_PLACEMENT_3D('',#2994,#2995,#2996);
#1475=EDGE_LOOP('',(#2997,#2998,#2999,#3000,#3001,#3002,#3003,#3004,#3005,#3006,#3007,#3008,#3009,#3010));
#1476=AXIS2_PLACEMENT_3D('',#3011,#3012,#3013);
#1477=EDGE_LOOP('',(#3014,#3015,#3016,#3017,#3018,#3019,#3020,#3021,#3022,#3023,#3024,#3025,#3026,#3027));
#1478=AXIS2_PLACEMENT_3D('',#3028,#3029,#3030);
#1479=EDGE_LOOP('',(#3031,#3032,#3033,#3034));
#1480=AXIS2_PLACEMENT_3D('',#3035,#3036,#3037);
#1481=EDGE_LOOP('',(#3038,#3039,#3040,#3041,#3042));
#1482=AXIS2_PLACEMENT_3D('',#3043,#3044,#3045);
#1483=EDGE_LOOP('',(#3046,#3047,#3048,#3049));
#1484=AXIS2_PLACEMENT_3D('',#3050,#3051,#3052);
#1485=EDGE_LOOP('',(#3053,#3054,#3055,#3056));
#1486=AXIS2_PLACEMENT_3D('',#3057,#3058,#3059);
#1487=EDGE_LOOP('',(#3060,#3061,#3062,#3063));
#1488=AXIS2_PLACEMENT_3D('',#3064,#3065,#3066);
#1489=EDGE_LOOP('',(#3067,#3068,#3069,#3070));
#1490=AXIS2_PLACEMENT_3D('',#3071,#3072,#3073);
#1491=EDGE_LOOP('',(#3074,#3075,#3076,#3077));
#1492=AXIS2_PLACEMENT_3D('',#3078,#3079,#3080);
#1493=EDGE_LOOP('',(#3081,#3082,#3083,#3084));
#1494=AXIS2_PLACEMENT_3D('',#3085,#3086,#3087);
#1495=EDGE_LOOP('',(#3088,#3089,#3090,#3091));
#1496=AXIS2_PLACEMENT_3D('',#3092,#3093,#3094);
#1497=EDGE_LOOP('',(#3095,#3096,#3097,#3098));
#1498=AXIS2_PLACEMENT_3D('',#3099,#3100,#3101);
#1499=EDGE_LOOP('',(#3102,#3103,#3104,#3105));
#1500=AXIS2_PLACEMENT_3D('',#3106,#3107,#3108);
#1501=EDGE_LOOP('',(#3109,#3110,#3111,#3112));
#1502=AXIS2_PLACEMENT_3D('',#3113,#3114,#3115);
#1503=EDGE_LOOP('',(#3116,#3117,#3118,#3119,#3120));
#1504=AXIS2_PLACEMENT_3D('',#3121,#3122,#3123);
#1505=EDGE_LOOP('',(#3124,#3125,#3126,#3127,#3128,#3129,#3130,#3131));
#1506=AXIS2_PLACEMENT_3D('',#3132,#3133,#3134);
#1507=EDGE_LOOP('',(#3135,#3136,#3137,#3138));
#1508=AXIS2_PLACEMENT_3D('',#3139,#3140,#3141);
#1509=EDGE_LOOP('',(#3142,#3143,#3144,#3145));
#1510=AXIS2_PLACEMENT_3D('',#3146,#3147,#3148);
#1511=EDGE_LOOP('',(#3149,#3150,#3151,#3152));
#1512=AXIS2_PLACEMENT_3D('',#3153,#3154,#3155);
#1513=EDGE_LOOP('',(#3156,#3157,#3158,#3159));
#1514=AXIS2_PLACEMENT_3D('',#3160,#3161,#3162);
#1515=EDGE_LOOP('',(#3163,#3164,#3165,#3166));
#1516=AXIS2_PLACEMENT_3D('',#3167,#3168,#3169);
#1517=EDGE_LOOP('',(#3170,#3171,#3172,#3173));
#1518=AXIS2_PLACEMENT_3D('',#3174,#3175,#3176);
#1519=EDGE_LOOP('',(#3177,#3178,#3179,#3180));
#1520=AXIS2_PLACEMENT_3D('',#3181,#3182,#3183);
#1521=EDGE_LOOP('',(#3184,#3185,#3186,#3187,#3188));
#1522=AXIS2_PLACEMENT_3D('',#3189,#3190,#3191);
#1523=EDGE_LOOP('',(#3192,#3193,#3194,#3195));
#1524=AXIS2_PLACEMENT_3D('',#3196,#3197,#3198);
#1525=EDGE_LOOP('',(#3199,#3200,#3201,#3202,#3203));
#1526=AXIS2_PLACEMENT_3D('',#3204,#3205,#3206);
#1527=EDGE_LOOP('',(#3207,#3208,#3209,#3210,#3211,#3212,#3213,#3214));
#1528=AXIS2_PLACEMENT_3D('',#3215,#3216,#3217);
#1529=EDGE_LOOP('',(#3218,#3219,#3220,#3221,#3222,#3223));
#1530=AXIS2_PLACEMENT_3D('',#3224,#3225,#3226);
#1531=EDGE_LOOP('',(#3227,#3228,#3229,#3230,#3231,#3232,#3233,#3234,#3235,#3236));
#1532=AXIS2_PLACEMENT_3D('',#3237,#3238,#3239);
#1533=EDGE_LOOP('',(#3240,#3241,#3242,#3243,#3244));
#1534=AXIS2_PLACEMENT_3D('',#3245,#3246,#3247);
#1535=EDGE_LOOP('',(#3248,#3249,#3250,#3251));
#1536=AXIS2_PLACEMENT_3D('',#3252,#3253,#3254);
#1537=EDGE_LOOP('',(#3255,#3256,#3257,#3258));
#1538=AXIS2_PLACEMENT_3D('',#3259,#3260,#3261);
#1539=EDGE_LOOP('',(#3262,#3263,#3264,#3265,#3266));
#1540=AXIS2_PLACEMENT_3D('',#3267,#3268,#3269);
#1541=EDGE_LOOP('',(#3270,#3271,#3272,#3273));
#1542=AXIS2_PLACEMENT_3D('',#3274,#3275,#3276);
#1543=EDGE_LOOP('',(#3277,#3278,#3279,#3280,#3281,#3282,#3283));
#1544=AXIS2_PLACEMENT_3D('',#3284,#3285,#3286);
#1545=EDGE_LOOP('',(#3287,#3288,#3289,#3290,#3291,#3292,#3293,#3294,#3295,#3296,#3297,#3298,#3299,#3300,#3301,#3302,#3303,#3304,#3305,#3306,#3307,#3308,#3309,#3310,#3311,#3312,#3313,#3314,#3315,#3316,#3317,#3318,#3319,#3320,#3321,#3322,#3323,#3324,#3325,#3326,#3327,#3328,#3329,#3330,#3331,#3332,#3333,#3334,#3335,#3336,#3337,#3338,#3339,#3340,#3341,#3342,#3343,#3344,#3345,#3346,#3347,#3348,#3349,#3350,#3351,#3352,#3353,#3354,#3355,#3356,#3357,#3358,#3359,#3360,#3361,#3362,#3363,#3364,#3365,#3366,#3367,#3368,#3369,#3370,#3371,#3372));
#1546=AXIS2_PLACEMENT_3D('',#3373,#3374,#3375);
#1547=EDGE_LOOP('',(#3376,#3377,#3378,#3379,#3380,#3381));
#1548=AXIS2_PLACEMENT_3D('',#3382,#3383,#3384);
#1549=EDGE_LOOP('',(#3385,#3386,#3387,#3388,#3389));
#1550=AXIS2_PLACEMENT_3D('',#3390,#3391,#3392);
#1551=EDGE_LOOP('',(#3393,#3394,#3395,#3396));
#1552=AXIS2_PLACEMENT_3D('',#3397,#3398,#3399);
#1553=EDGE_LOOP('',(#3400,#3401,#3402,#3403,#3404,#3405));
#1554=AXIS2_PLACEMENT_3D('',#3406,#3407,#3408);
#1555=EDGE_LOOP('',(#3409,#3410,#3411,#3412,#3413));
#1556=AXIS2_PLACEMENT_3D('',#3414,#3415,#3416);
#1557=EDGE_LOOP('',(#3417,#3418,#3419,#3420));
#1558=AXIS2_PLACEMENT_3D('',#3421,#3422,#3423);
#1559=EDGE_LOOP('',(#3424,#3425,#3426,#3427));
#1560=AXIS2_PLACEMENT_3D('',#3428,#3429,#3430);
#1561=EDGE_LOOP('',(#3431,#3432,#3433,#3434));
#1562=AXIS2_PLACEMENT_3D('',#3435,#3436,#3437);
#1563=EDGE_LOOP('',(#3438,#3439,#3440,#3441));
#1564=AXIS2_PLACEMENT_3D('',#3442,#3443,#3444);
#1565=EDGE_LOOP('',(#3445,#3446,#3447,#3448,#3449,#3450,#3451,#3452,#3453,#3454,#3455,#3456,#3457,#3458,#3459,#3460,#3461,#3462,#3463,#3464,#3465,#3466,#3467,#3468,#3469,#3470,#3471,#3472,#3473,#3474,#3475,#3476,#3477,#3478,#3479,#3480,#3481,#3482,#3483,#3484,#3485,#3486,#3487,#3488,#3489,#3490,#3491,#3492,#3493,#3494,#3495,#3496,#3497,#3498,#3499,#3500,#3501,#3502,#3503,#3504,#3505,#3506,#3507,#3508,#3509,#3510,#3511,#3512,#3513,#3514,#3515,#3516,#3517,#3518,#3519,#3520,#3521,#3522,#3523,#3524,#3525,#3526,#3527,#3528,#3529,#3530));
#1566=AXIS2_PLACEMENT_3D('',#3531,#3532,#3533);
#1567=EDGE_LOOP('',(#3534,#3535,#3536,#3537,#3538,#3539));
#1568=AXIS2_PLACEMENT_3D('',#3540,#3541,#3542);
#1569=EDGE_LOOP('',(#3543,#3544,#3545,#3546,#3547));
#1570=AXIS2_PLACEMENT_3D('',#3548,#3549,#3550);
#1571=EDGE_LOOP('',(#3551,#3552,#3553,#3554));
#1572=AXIS2_PLACEMENT_3D('',#3555,#3556,#3557);
#1573=EDGE_LOOP('',(#3558,#3559,#3560,#3561,#3562,#3563));
#1574=AXIS2_PLACEMENT_3D('',#3564,#3565,#3566);
#1575=EDGE_LOOP('',(#3567,#3568,#3569,#3570,#3571));
#1576=AXIS2_PLACEMENT_3D('',#3572,#3573,#3574);
#1577=EDGE_LOOP('',(#3575,#3576,#3577,#3578));
#1578=AXIS2_PLACEMENT_3D('',#3579,#3580,#3581);
#1579=EDGE_LOOP('',(#3582,#3583,#3584,#3585));
#1580=AXIS2_PLACEMENT_3D('',#3586,#3587,#3588);
#1581=EDGE_LOOP('',(#3589,#3590,#3591,#3592));
#1582=AXIS2_PLACEMENT_3D('',#3593,#3594,#3595);
#1583=EDGE_LOOP('',(#3596,#3597,#3598,#3599));
#1584=AXIS2_PLACEMENT_3D('',#3600,#3601,#3602);
#1585=EDGE_LOOP('',(#3603,#3604,#3605,#3606));
#1586=AXIS2_PLACEMENT_3D('',#3607,#3608,#3609);
#1587=EDGE_LOOP('',(#3610,#3611,#3612,#3613));
#1588=AXIS2_PLACEMENT_3D('',#3614,#3615,#3616);
#1589=EDGE_LOOP('',(#3617,#3618,#3619,#3620));
#1590=AXIS2_PLACEMENT_3D('',#3621,#3622,#3623);
#1591=EDGE_LOOP('',(#3624,#3625,#3626,#3627,#3628,#3629));
#1592=AXIS2_PLACEMENT_3D('',#3630,#3631,#3632);
#1593=EDGE_LOOP('',(#3633,#3634,#3635,#3636,#3637));
#1594=AXIS2_PLACEMENT_3D('',#3638,#3639,#3640);
#1595=EDGE_LOOP('',(#3641,#3642,#3643,#3644));
#1596=AXIS2_PLACEMENT_3D('',#3645,#3646,#3647);
#1597=EDGE_LOOP('',(#3648,#3649,#3650,#3651,#3652,#3653));
#1598=AXIS2_PLACEMENT_3D('',#3654,#3655,#3656);
#1599=EDGE_LOOP('',(#3657,#3658,#3659,#3660,#3661));
#1600=AXIS2_PLACEMENT_3D('',#3662,#3663,#3664);
#1601=EDGE_LOOP('',(#3665,#3666,#3667,#3668));
#1602=AXIS2_PLACEMENT_3D('',#3669,#3670,#3671);
#1603=EDGE_LOOP('',(#3672,#3673,#3674,#3675));
#1604=AXIS2_PLACEMENT_3D('',#3676,#3677,#3678);
#1605=EDGE_LOOP('',(#3679,#3680,#3681,#3682));
#1606=AXIS2_PLACEMENT_3D('',#3683,#3684,#3685);
#1607=EDGE_LOOP('',(#3686,#3687,#3688,#3689));
#1608=AXIS2_PLACEMENT_3D('',#3690,#3691,#3692);
#1609=EDGE_LOOP('',(#3693,#3694,#3695,#3696));
#1610=AXIS2_PLACEMENT_3D('',#3697,#3698,#3699);
#1611=EDGE_LOOP('',(#3700,#3701,#3702,#3703));
#1612=AXIS2_PLACEMENT_3D('',#3704,#3705,#3706);
#1613=EDGE_LOOP('',(#3707,#3708,#3709,#3710));
#1614=AXIS2_PLACEMENT_3D('',#3711,#3712,#3713);
#1615=EDGE_LOOP('',(#3714,#3715,#3716,#3717,#3718,#3719));
#1616=AXIS2_PLACEMENT_3D('',#3720,#3721,#3722);
#1617=EDGE_LOOP('',(#3723,#3724,#3725,#3726,#3727));
#1618=AXIS2_PLACEMENT_3D('',#3728,#3729,#3730);
#1619=EDGE_LOOP('',(#3731,#3732,#3733,#3734));
#1620=AXIS2_PLACEMENT_3D('',#3735,#3736,#3737);
#1621=EDGE_LOOP('',(#3738,#3739,#3740,#3741,#3742,#3743));
#1622=AXIS2_PLACEMENT_3D('',#3744,#3745,#3746);
#1623=EDGE_LOOP('',(#3747,#3748,#3749,#3750,#3751));
#1624=AXIS2_PLACEMENT_3D('',#3752,#3753,#3754);
#1625=EDGE_LOOP('',(#3755,#3756,#3757,#3758));
#1626=AXIS2_PLACEMENT_3D('',#3759,#3760,#3761);
#1627=EDGE_LOOP('',(#3762,#3763,#3764,#3765));
#1628=AXIS2_PLACEMENT_3D('',#3766,#3767,#3768);
#1629=EDGE_LOOP('',(#3769,#3770,#3771,#3772));
#1630=AXIS2_PLACEMENT_3D('',#3773,#3774,#3775);
#1631=EDGE_LOOP('',(#3776,#3777,#3778,#3779));
#1632=AXIS2_PLACEMENT_3D('',#3780,#3781,#3782);
#1633=EDGE_LOOP('',(#3783,#3784,#3785,#3786));
#1634=AXIS2_PLACEMENT_3D('',#3787,#3788,#3789);
#1635=EDGE_LOOP('',(#3790,#3791,#3792,#3793));
#1636=AXIS2_PLACEMENT_3D('',#3794,#3795,#3796);
#1637=EDGE_LOOP('',(#3797,#3798,#3799,#3800));
#1638=AXIS2_PLACEMENT_3D('',#3801,#3802,#3803);
#1639=EDGE_LOOP('',(#3804,#3805,#3806,#3807,#3808,#3809));
#1640=AXIS2_PLACEMENT_3D('',#3810,#3811,#3812);
#1641=EDGE_LOOP('',(#3813,#3814,#3815,#3816,#3817));
#1642=AXIS2_PLACEMENT_3D('',#3818,#3819,#3820);
#1643=EDGE_LOOP('',(#3821,#3822,#3823,#3824));
#1644=AXIS2_PLACEMENT_3D('',#3825,#3826,#3827);
#1645=EDGE_LOOP('',(#3828,#3829,#3830,#3831,#3832,#3833));
#1646=AXIS2_PLACEMENT_3D('',#3834,#3835,#3836);
#1647=EDGE_LOOP('',(#3837,#3838,#3839,#3840,#3841));
#1648=AXIS2_PLACEMENT_3D('',#3842,#3843,#3844);
#1649=EDGE_LOOP('',(#3845,#3846,#3847,#3848));
#1650=AXIS2_PLACEMENT_3D('',#3849,#3850,#3851);
#1651=EDGE_LOOP('',(#3852,#3853,#3854,#3855));
#1652=AXIS2_PLACEMENT_3D('',#3856,#3857,#3858);
#1653=EDGE_LOOP('',(#3859,#3860,#3861,#3862));
#1654=AXIS2_PLACEMENT_3D('',#3863,#3864,#3865);
#1655=EDGE_LOOP('',(#3866,#3867,#3868,#3869));
#1656=AXIS2_PLACEMENT_3D('',#3870,#3871,#3872);
#1657=EDGE_LOOP('',(#3873,#3874,#3875,#3876));
#1658=AXIS2_PLACEMENT_3D('',#3877,#3878,#3879);
#1659=EDGE_LOOP('',(#3880,#3881,#3882,#3883));
#1660=AXIS2_PLACEMENT_3D('',#3884,#3885,#3886);
#1661=EDGE_LOOP('',(#3887,#3888,#3889,#3890));
#1662=AXIS2_PLACEMENT_3D('',#3891,#3892,#3893);
#1663=EDGE_LOOP('',(#3894,#3895,#3896,#3897,#3898,#3899));
#1664=AXIS2_PLACEMENT_3D('',#3900,#3901,#3902);
#1665=EDGE_LOOP('',(#3903,#3904,#3905,#3906,#3907));
#1666=AXIS2_PLACEMENT_3D('',#3908,#3909,#3910);
#1667=EDGE_LOOP('',(#3911,#3912,#3913,#3914));
#1668=AXIS2_PLACEMENT_3D('',#3915,#3916,#3917);
#1669=EDGE_LOOP('',(#3918,#3919,#3920,#3921,#3922,#3923));
#1670=AXIS2_PLACEMENT_3D('',#3924,#3925,#3926);
#1671=EDGE_LOOP('',(#3927,#3928,#3929,#3930,#3931));
#1672=AXIS2_PLACEMENT_3D('',#3932,#3933,#3934);
#1673=EDGE_LOOP('',(#3935,#3936,#3937,#3938));
#1674=AXIS2_PLACEMENT_3D('',#3939,#3940,#3941);
#1675=EDGE_LOOP('',(#3942,#3943,#3944,#3945));
#1676=AXIS2_PLACEMENT_3D('',#3946,#3947,#3948);
#1677=EDGE_LOOP('',(#3949,#3950,#3951,#3952));
#1678=AXIS2_PLACEMENT_3D('',#3953,#3954,#3955);
#1679=EDGE_LOOP('',(#3956,#3957,#3958,#3959));
#1680=AXIS2_PLACEMENT_3D('',#3960,#3961,#3962);
#1681=EDGE_LOOP('',(#3963,#3964,#3965,#3966));
#1682=AXIS2_PLACEMENT_3D('',#3967,#3968,#3969);
#1683=EDGE_LOOP('',(#3970,#3971,#3972,#3973));
#1684=AXIS2_PLACEMENT_3D('',#3974,#3975,#3976);
#1685=EDGE_LOOP('',(#3977,#3978,#3979,#3980));
#1686=AXIS2_PLACEMENT_3D('',#3981,#3982,#3983);
#1687=EDGE_LOOP('',(#3984,#3985,#3986,#3987,#3988,#3989));
#1688=AXIS2_PLACEMENT_3D('',#3990,#3991,#3992);
#1689=EDGE_LOOP('',(#3993,#3994,#3995,#3996,#3997));
#1690=AXIS2_PLACEMENT_3D('',#3998,#3999,#4000);
#1691=EDGE_LOOP('',(#4001,#4002,#4003,#4004));
#1692=AXIS2_PLACEMENT_3D('',#4005,#4006,#4007);
#1693=EDGE_LOOP('',(#4008,#4009,#4010,#4011,#4012,#4013));
#1694=AXIS2_PLACEMENT_3D('',#4014,#4015,#4016);
#1695=EDGE_LOOP('',(#4017,#4018,#4019,#4020,#4021));
#1696=AXIS2_PLACEMENT_3D('',#4022,#4023,#4024);
#1697=EDGE_LOOP('',(#4025,#4026,#4027,#4028));
#1698=AXIS2_PLACEMENT_3D('',#4029,#4030,#4031);
#1699=EDGE_LOOP('',(#4032,#4033,#4034,#4035));
#1700=AXIS2_PLACEMENT_3D('',#4036,#4037,#4038);
#1701=EDGE_LOOP('',(#4039,#4040,#4041,#4042));
#1702=AXIS2_PLACEMENT_3D('',#4043,#4044,#4045);
#1703=EDGE_LOOP('',(#4046,#4047,#4048,#4049));
#1704=AXIS2_PLACEMENT_3D('',#4050,#4051,#4052);
#1705=EDGE_LOOP('',(#4053,#4054,#4055,#4056));
#1706=AXIS2_PLACEMENT_3D('',#4057,#4058,#4059);
#1707=EDGE_LOOP('',(#4060,#4061,#4062,#4063));
#1708=AXIS2_PLACEMENT_3D('',#4064,#4065,#4066);
#1709=EDGE_LOOP('',(#4067,#4068,#4069,#4070));
#1710=AXIS2_PLACEMENT_3D('',#4071,#4072,#4073);
#1711=EDGE_LOOP('',(#4074,#4075,#4076,#4077,#4078,#4079));
#1712=AXIS2_PLACEMENT_3D('',#4080,#4081,#4082);
#1713=EDGE_LOOP('',(#4083,#4084,#4085,#4086,#4087));
#1714=AXIS2_PLACEMENT_3D('',#4088,#4089,#4090);
#1715=EDGE_LOOP('',(#4091,#4092,#4093,#4094));
#1716=AXIS2_PLACEMENT_3D('',#4095,#4096,#4097);
#1717=EDGE_LOOP('',(#4098,#4099,#4100,#4101,#4102,#4103));
#1718=AXIS2_PLACEMENT_3D('',#4104,#4105,#4106);
#1719=EDGE_LOOP('',(#4107,#4108,#4109,#4110,#4111));
#1720=AXIS2_PLACEMENT_3D('',#4112,#4113,#4114);
#1721=EDGE_LOOP('',(#4115,#4116,#4117,#4118));
#1722=AXIS2_PLACEMENT_3D('',#4119,#4120,#4121);
#1723=EDGE_LOOP('',(#4122,#4123,#4124,#4125));
#1724=AXIS2_PLACEMENT_3D('',#4126,#4127,#4128);
#1725=EDGE_LOOP('',(#4129,#4130,#4131,#4132));
#1726=AXIS2_PLACEMENT_3D('',#4133,#4134,#4135);
#1727=EDGE_LOOP('',(#4136,#4137,#4138,#4139));
#1728=AXIS2_PLACEMENT_3D('',#4140,#4141,#4142);
#1729=EDGE_LOOP('',(#4143,#4144,#4145,#4146));
#1730=AXIS2_PLACEMENT_3D('',#4147,#4148,#4149);
#1731=EDGE_LOOP('',(#4150,#4151,#4152,#4153));
#1732=AXIS2_PLACEMENT_3D('',#4154,#4155,#4156);
#1733=EDGE_LOOP('',(#4157,#4158,#4159,#4160));
#1734=AXIS2_PLACEMENT_3D('',#4161,#4162,#4163);
#1735=EDGE_LOOP('',(#4164,#4165,#4166,#4167,#4168,#4169));
#1736=AXIS2_PLACEMENT_3D('',#4170,#4171,#4172);
#1737=EDGE_LOOP('',(#4173,#4174,#4175,#4176,#4177));
#1738=AXIS2_PLACEMENT_3D('',#4178,#4179,#4180);
#1739=EDGE_LOOP('',(#4181,#4182,#4183,#4184));
#1740=AXIS2_PLACEMENT_3D('',#4185,#4186,#4187);
#1741=EDGE_LOOP('',(#4188,#4189,#4190,#4191,#4192,#4193));
#1742=AXIS2_PLACEMENT_3D('',#4194,#4195,#4196);
#1743=EDGE_LOOP('',(#4197,#4198,#4199,#4200,#4201));
#1744=AXIS2_PLACEMENT_3D('',#4202,#4203,#4204);
#1745=EDGE_LOOP('',(#4205,#4206,#4207,#4208));
#1746=AXIS2_PLACEMENT_3D('',#4209,#4210,#4211);
#1747=EDGE_LOOP('',(#4212,#4213,#4214,#4215));
#1748=AXIS2_PLACEMENT_3D('',#4216,#4217,#4218);
#1749=EDGE_LOOP('',(#4219,#4220,#4221,#4222));
#1750=AXIS2_PLACEMENT_3D('',#4223,#4224,#4225);
#1751=EDGE_LOOP('',(#4226,#4227,#4228,#4229));
#1752=AXIS2_PLACEMENT_3D('',#4230,#4231,#4232);
#1753=EDGE_LOOP('',(#4233,#4234,#4235,#4236));
#1754=AXIS2_PLACEMENT_3D('',#4237,#4238,#4239);
#1755=EDGE_LOOP('',(#4240,#4241,#4242,#4243));
#1756=AXIS2_PLACEMENT_3D('',#4244,#4245,#4246);
#1757=EDGE_LOOP('',(#4247,#4248,#4249,#4250));
#1758=AXIS2_PLACEMENT_3D('',#4251,#4252,#4253);
#1759=EDGE_LOOP('',(#4254,#4255,#4256,#4257,#4258,#4259));
#1760=AXIS2_PLACEMENT_3D('',#4260,#4261,#4262);
#1761=EDGE_LOOP('',(#4263,#4264,#4265,#4266,#4267));
#1762=AXIS2_PLACEMENT_3D('',#4268,#4269,#4270);
#1763=EDGE_LOOP('',(#4271,#4272,#4273,#4274));
#1764=AXIS2_PLACEMENT_3D('',#4275,#4276,#4277);
#1765=EDGE_LOOP('',(#4278,#4279,#4280,#4281,#4282,#4283));
#1766=AXIS2_PLACEMENT_3D('',#4284,#4285,#4286);
#1767=EDGE_LOOP('',(#4287,#4288,#4289,#4290,#4291));
#1768=AXIS2_PLACEMENT_3D('',#4292,#4293,#4294);
#1769=EDGE_LOOP('',(#4295,#4296,#4297,#4298));
#1770=AXIS2_PLACEMENT_3D('',#4299,#4300,#4301);
#1771=EDGE_LOOP('',(#4302,#4303,#4304,#4305));
#1772=AXIS2_PLACEMENT_3D('',#4306,#4307,#4308);
#1773=EDGE_LOOP('',(#4309,#4310,#4311,#4312));
#1774=AXIS2_PLACEMENT_3D('',#4313,#4314,#4315);
#1775=EDGE_LOOP('',(#4316,#4317,#4318,#4319));
#1776=AXIS2_PLACEMENT_3D('',#4320,#4321,#4322);
#1777=EDGE_LOOP('',(#4323,#4324,#4325,#4326));
#1778=AXIS2_PLACEMENT_3D('',#4327,#4328,#4329);
#1779=EDGE_LOOP('',(#4330,#4331,#4332,#4333));
#1780=AXIS2_PLACEMENT_3D('',#4334,#4335,#4336);
#1781=EDGE_LOOP('',(#4337,#4338,#4339,#4340));
#1782=AXIS2_PLACEMENT_3D('',#4341,#4342,#4343);
#1783=EDGE_LOOP('',(#4344,#4345,#4346,#4347,#4348,#4349));
#1784=AXIS2_PLACEMENT_3D('',#4350,#4351,#4352);
#1785=EDGE_LOOP('',(#4353,#4354,#4355,#4356,#4357));
#1786=AXIS2_PLACEMENT_3D('',#4358,#4359,#4360);
#1787=EDGE_LOOP('',(#4361,#4362,#4363,#4364));
#1788=AXIS2_PLACEMENT_3D('',#4365,#4366,#4367);
#1789=EDGE_LOOP('',(#4368,#4369,#4370,#4371,#4372,#4373));
#1790=AXIS2_PLACEMENT_3D('',#4374,#4375,#4376);
#1791=EDGE_LOOP('',(#4377,#4378,#4379,#4380,#4381));
#1792=AXIS2_PLACEMENT_3D('',#4382,#4383,#4384);
#1793=EDGE_LOOP('',(#4385,#4386,#4387,#4388));
#1794=AXIS2_PLACEMENT_3D('',#4389,#4390,#4391);
#1795=EDGE_LOOP('',(#4392,#4393,#4394,#4395));
#1796=AXIS2_PLACEMENT_3D('',#4396,#4397,#4398);
#1797=EDGE_LOOP('',(#4399,#4400,#4401,#4402));
#1798=AXIS2_PLACEMENT_3D('',#4403,#4404,#4405);
#1799=EDGE_LOOP('',(#4406,#4407,#4408,#4409));
#1800=AXIS2_PLACEMENT_3D('',#4410,#4411,#4412);
#1801=EDGE_LOOP('',(#4413,#4414,#4415,#4416));
#1802=AXIS2_PLACEMENT_3D('',#4417,#4418,#4419);
#1803=EDGE_LOOP('',(#4420,#4421,#4422,#4423));
#1804=AXIS2_PLACEMENT_3D('',#4424,#4425,#4426);
#1805=EDGE_LOOP('',(#4427,#4428,#4429,#4430));
#1806=AXIS2_PLACEMENT_3D('',#4431,#4432,#4433);
#1807=EDGE_LOOP('',(#4434,#4435,#4436,#4437,#4438,#4439));
#1808=AXIS2_PLACEMENT_3D('',#4440,#4441,#4442);
#1809=EDGE_LOOP('',(#4443,#4444,#4445,#4446,#4447));
#1810=AXIS2_PLACEMENT_3D('',#4448,#4449,#4450);
#1811=EDGE_LOOP('',(#4451,#4452,#4453,#4454));
#1812=AXIS2_PLACEMENT_3D('',#4455,#4456,#4457);
#1813=EDGE_LOOP('',(#4458,#4459,#4460,#4461,#4462,#4463));
#1814=AXIS2_PLACEMENT_3D('',#4464,#4465,#4466);
#1815=EDGE_LOOP('',(#4467,#4468,#4469,#4470,#4471));
#1816=AXIS2_PLACEMENT_3D('',#4472,#4473,#4474);
#1817=EDGE_LOOP('',(#4475,#4476,#4477,#4478));
#1818=AXIS2_PLACEMENT_3D('',#4479,#4480,#4481);
#1819=EDGE_LOOP('',(#4482,#4483,#4484,#4485));
#1820=AXIS2_PLACEMENT_3D('',#4486,#4487,#4488);
#1821=EDGE_LOOP('',(#4489,#4490,#4491,#4492));
#1822=AXIS2_PLACEMENT_3D('',#4493,#4494,#4495);
#1823=EDGE_LOOP('',(#4496,#4497,#4498,#4499));
#1824=AXIS2_PLACEMENT_3D('',#4500,#4501,#4502);
#1825=EDGE_LOOP('',(#4503,#4504,#4505,#4506));
#1826=AXIS2_PLACEMENT_3D('',#4507,#4508,#4509);
#1827=EDGE_LOOP('',(#4510,#4511,#4512,#4513));
#1828=AXIS2_PLACEMENT_3D('',#4514,#4515,#4516);
#1829=EDGE_LOOP('',(#4517,#4518,#4519,#4520));
#1830=AXIS2_PLACEMENT_3D('',#4521,#4522,#4523);
#1831=EDGE_LOOP('',(#4524,#4525,#4526,#4527,#4528,#4529));
#1832=AXIS2_PLACEMENT_3D('',#4530,#4531,#4532);
#1833=EDGE_LOOP('',(#4533,#4534,#4535,#4536,#4537));
#1834=AXIS2_PLACEMENT_3D('',#4538,#4539,#4540);
#1835=EDGE_LOOP('',(#4541,#4542,#4543,#4544));
#1836=AXIS2_PLACEMENT_3D('',#4545,#4546,#4547);
#1837=EDGE_LOOP('',(#4548,#4549,#4550,#4551,#4552,#4553));
#1838=AXIS2_PLACEMENT_3D('',#4554,#4555,#4556);
#1839=EDGE_LOOP('',(#4557,#4558,#4559,#4560,#4561));
#1840=AXIS2_PLACEMENT_3D('',#4562,#4563,#4564);
#1841=EDGE_LOOP('',(#4565,#4566,#4567,#4568));
#1842=AXIS2_PLACEMENT_3D('',#4569,#4570,#4571);
#1843=EDGE_LOOP('',(#4572,#4573,#4574,#4575));
#1844=AXIS2_PLACEMENT_3D('',#4576,#4577,#4578);
#1845=EDGE_LOOP('',(#4579,#4580,#4581,#4582));
#1846=AXIS2_PLACEMENT_3D('',#4583,#4584,#4585);
#1847=EDGE_LOOP('',(#4586,#4587,#4588,#4589));
#1848=AXIS2_PLACEMENT_3D('',#4590,#4591,#4592);
#1849=EDGE_LOOP('',(#4593,#4594,#4595,#4596));
#1850=AXIS2_PLACEMENT_3D('',#4597,#4598,#4599);
#1851=EDGE_LOOP('',(#4600,#4601,#4602,#4603));
#1852=AXIS2_PLACEMENT_3D('',#4604,#4605,#4606);
#1853=EDGE_LOOP('',(#4607,#4608,#4609,#4610));
#1854=AXIS2_PLACEMENT_3D('',#4611,#4612,#4613);
#1855=EDGE_LOOP('',(#4614,#4615,#4616,#4617,#4618,#4619));
#1856=AXIS2_PLACEMENT_3D('',#4620,#4621,#4622);
#1857=EDGE_LOOP('',(#4623,#4624,#4625,#4626,#4627));
#1858=AXIS2_PLACEMENT_3D('',#4628,#4629,#4630);
#1859=EDGE_LOOP('',(#4631,#4632,#4633,#4634));
#1860=AXIS2_PLACEMENT_3D('',#4635,#4636,#4637);
#1861=EDGE_LOOP('',(#4638,#4639,#4640,#4641,#4642,#4643));
#1862=AXIS2_PLACEMENT_3D('',#4644,#4645,#4646);
#1863=EDGE_LOOP('',(#4647,#4648,#4649,#4650,#4651));
#1864=AXIS2_PLACEMENT_3D('',#4652,#4653,#4654);
#1865=EDGE_LOOP('',(#4655,#4656,#4657,#4658));
#1866=AXIS2_PLACEMENT_3D('',#4659,#4660,#4661);
#1867=EDGE_LOOP('',(#4662,#4663,#4664,#4665));
#1868=AXIS2_PLACEMENT_3D('',#4666,#4667,#4668);
#1869=EDGE_LOOP('',(#4669,#4670,#4671,#4672));
#1870=AXIS2_PLACEMENT_3D('',#4673,#4674,#4675);
#1871=EDGE_LOOP('',(#4676,#4677,#4678,#4679));
#1872=AXIS2_PLACEMENT_3D('',#4680,#4681,#4682);
#1873=EDGE_LOOP('',(#4683,#4684,#4685,#4686));
#1874=AXIS2_PLACEMENT_3D('',#4687,#4688,#4689);
#1875=EDGE_LOOP('',(#4690,#4691,#4692,#4693));
#1876=AXIS2_PLACEMENT_3D('',#4694,#4695,#4696);
#1877=EDGE_LOOP('',(#4697,#4698,#4699,#4700));
#1878=AXIS2_PLACEMENT_3D('',#4701,#4702,#4703);
#1879=EDGE_LOOP('',(#4704,#4705,#4706,#4707,#4708,#4709));
#1880=AXIS2_PLACEMENT_3D('',#4710,#4711,#4712);
#1881=EDGE_LOOP('',(#4713,#4714,#4715,#4716,#4717));
#1882=AXIS2_PLACEMENT_3D('',#4718,#4719,#4720);
#1883=EDGE_LOOP('',(#4721,#4722,#4723,#4724));
#1884=AXIS2_PLACEMENT_3D('',#4725,#4726,#4727);
#1885=EDGE_LOOP('',(#4728,#4729,#4730,#4731,#4732,#4733));
#1886=AXIS2_PLACEMENT_3D('',#4734,#4735,#4736);
#1887=EDGE_LOOP('',(#4737,#4738,#4739,#4740,#4741));
#1888=AXIS2_PLACEMENT_3D('',#4742,#4743,#4744);
#1889=EDGE_LOOP('',(#4745,#4746,#4747,#4748));
#1890=AXIS2_PLACEMENT_3D('',#4749,#4750,#4751);
#1891=EDGE_LOOP('',(#4752,#4753,#4754,#4755));
#1892=AXIS2_PLACEMENT_3D('',#4756,#4757,#4758);
#1893=EDGE_LOOP('',(#4759,#4760,#4761,#4762));
#1894=AXIS2_PLACEMENT_3D('',#4763,#4764,#4765);
#1895=EDGE_LOOP('',(#4766,#4767,#4768,#4769));
#1896=AXIS2_PLACEMENT_3D('',#4770,#4771,#4772);
#1897=EDGE_LOOP('',(#4773,#4774,#4775,#4776));
#1898=AXIS2_PLACEMENT_3D('',#4777,#4778,#4779);
#1899=EDGE_LOOP('',(#4780,#4781,#4782,#4783));
#1900=AXIS2_PLACEMENT_3D('',#4784,#4785,#4786);
#1901=EDGE_LOOP('',(#4787,#4788,#4789,#4790));
#1902=AXIS2_PLACEMENT_3D('',#4791,#4792,#4793);
#1903=EDGE_LOOP('',(#4794,#4795,#4796,#4797,#4798,#4799));
#1904=AXIS2_PLACEMENT_3D('',#4800,#4801,#4802);
#1905=EDGE_LOOP('',(#4803,#4804,#4805,#4806,#4807));
#1906=AXIS2_PLACEMENT_3D('',#4808,#4809,#4810);
#1907=EDGE_LOOP('',(#4811,#4812,#4813,#4814));
#1908=AXIS2_PLACEMENT_3D('',#4815,#4816,#4817);
#1909=EDGE_LOOP('',(#4818,#4819,#4820,#4821,#4822,#4823));
#1910=AXIS2_PLACEMENT_3D('',#4824,#4825,#4826);
#1911=EDGE_LOOP('',(#4827,#4828,#4829,#4830,#4831));
#1912=AXIS2_PLACEMENT_3D('',#4832,#4833,#4834);
#1913=EDGE_LOOP('',(#4835,#4836,#4837,#4838));
#1914=AXIS2_PLACEMENT_3D('',#4839,#4840,#4841);
#1915=EDGE_LOOP('',(#4842,#4843,#4844,#4845));
#1916=AXIS2_PLACEMENT_3D('',#4846,#4847,#4848);
#1917=EDGE_LOOP('',(#4849,#4850,#4851,#4852));
#1918=AXIS2_PLACEMENT_3D('',#4853,#4854,#4855);
#1919=EDGE_LOOP('',(#4856,#4857,#4858,#4859));
#1920=AXIS2_PLACEMENT_3D('',#4860,#4861,#4862);
#1921=EDGE_LOOP('',(#4863,#4864,#4865,#4866));
#1922=AXIS2_PLACEMENT_3D('',#4867,#4868,#4869);
#1923=EDGE_LOOP('',(#4870,#4871,#4872,#4873));
#1924=AXIS2_PLACEMENT_3D('',#4874,#4875,#4876);
#1925=EDGE_LOOP('',(#4877,#4878,#4879,#4880));
#1926=AXIS2_PLACEMENT_3D('',#4881,#4882,#4883);
#1927=EDGE_LOOP('',(#4884,#4885,#4886,#4887,#4888,#4889));
#1928=AXIS2_PLACEMENT_3D('',#4890,#4891,#4892);
#1929=EDGE_LOOP('',(#4893,#4894,#4895,#4896,#4897));
#1930=AXIS2_PLACEMENT_3D('',#4898,#4899,#4900);
#1931=EDGE_LOOP('',(#4901,#4902,#4903,#4904));
#1932=AXIS2_PLACEMENT_3D('',#4905,#4906,#4907);
#1933=EDGE_LOOP('',(#4908,#4909,#4910,#4911,#4912,#4913));
#1934=AXIS2_PLACEMENT_3D('',#4914,#4915,#4916);
#1935=EDGE_LOOP('',(#4917,#4918,#4919,#4920,#4921));
#1936=AXIS2_PLACEMENT_3D('',#4922,#4923,#4924);
#1937=EDGE_LOOP('',(#4925,#4926,#4927,#4928));
#1938=AXIS2_PLACEMENT_3D('',#4929,#4930,#4931);
#1939=EDGE_LOOP('',(#4932,#4933,#4934,#4935));
#1940=AXIS2_PLACEMENT_3D('',#4936,#4937,#4938);
#1941=EDGE_LOOP('',(#4939,#4940,#4941,#4942));
#1942=AXIS2_PLACEMENT_3D('',#4943,#4944,#4945);
#1943=EDGE_LOOP('',(#4946,#4947,#4948,#4949));
#1944=AXIS2_PLACEMENT_3D('',#4950,#4951,#4952);
#1945=EDGE_LOOP('',(#4953,#4954,#4955,#4956));
#1946=AXIS2_PLACEMENT_3D('',#4957,#4958,#4959);
#1947=EDGE_LOOP('',(#4960,#4961,#4962,#4963));
#1948=AXIS2_PLACEMENT_3D('',#4964,#4965,#4966);
#1949=EDGE_LOOP('',(#4967,#4968,#4969,#4970));
#1950=AXIS2_PLACEMENT_3D('',#4971,#4972,#4973);
#1951=EDGE_LOOP('',(#4974,#4975,#4976,#4977,#4978,#4979));
#1952=AXIS2_PLACEMENT_3D('',#4980,#4981,#4982);
#1953=EDGE_LOOP('',(#4983,#4984,#4985,#4986,#4987));
#1954=AXIS2_PLACEMENT_3D('',#4988,#4989,#4990);
#1955=EDGE_LOOP('',(#4991,#4992,#4993,#4994));
#1956=AXIS2_PLACEMENT_3D('',#4995,#4996,#4997);
#1957=EDGE_LOOP('',(#4998,#4999,#5000,#5001,#5002,#5003));
#1958=AXIS2_PLACEMENT_3D('',#5004,#5005,#5006);
#1959=EDGE_LOOP('',(#5007,#5008,#5009,#5010,#5011));
#1960=AXIS2_PLACEMENT_3D('',#5012,#5013,#5014);
#1961=EDGE_LOOP('',(#5015,#5016,#5017,#5018));
#1962=AXIS2_PLACEMENT_3D('',#5019,#5020,#5021);
#1963=EDGE_LOOP('',(#5022,#5023,#5024,#5025));
#1964=AXIS2_PLACEMENT_3D('',#5026,#5027,#5028);
#1965=EDGE_LOOP('',(#5029,#5030,#5031,#5032));
#1966=AXIS2_PLACEMENT_3D('',#5033,#5034,#5035);
#1967=EDGE_LOOP('',(#5036,#5037,#5038,#5039));
#1968=AXIS2_PLACEMENT_3D('',#5040,#5041,#5042);
#1969=EDGE_LOOP('',(#5043,#5044,#5045,#5046));
#1970=AXIS2_PLACEMENT_3D('',#5047,#5048,#5049);
#1971=EDGE_LOOP('',(#5050,#5051,#5052,#5053));
#1972=AXIS2_PLACEMENT_3D('',#5054,#5055,#5056);
#1973=EDGE_LOOP('',(#5057,#5058,#5059,#5060));
#1974=AXIS2_PLACEMENT_3D('',#5061,#5062,#5063);
#1975=EDGE_LOOP('',(#5064,#5065,#5066,#5067,#5068,#5069));
#1976=AXIS2_PLACEMENT_3D('',#5070,#5071,#5072);
#1977=EDGE_LOOP('',(#5073,#5074,#5075,#5076,#5077));
#1978=AXIS2_PLACEMENT_3D('',#5078,#5079,#5080);
#1979=EDGE_LOOP('',(#5081,#5082,#5083,#5084));
#1980=AXIS2_PLACEMENT_3D('',#5085,#5086,#5087);
#1981=EDGE_LOOP('',(#5088,#5089,#5090,#5091,#5092,#5093));
#1982=AXIS2_PLACEMENT_3D('',#5094,#5095,#5096);
#1983=EDGE_LOOP('',(#5097,#5098,#5099,#5100,#5101));
#1984=AXIS2_PLACEMENT_3D('',#5102,#5103,#5104);
#1985=EDGE_LOOP('',(#5105,#5106,#5107,#5108));
#1986=AXIS2_PLACEMENT_3D('',#5109,#5110,#5111);
#1987=EDGE_LOOP('',(#5112,#5113,#5114,#5115));
#1988=AXIS2_PLACEMENT_3D('',#5116,#5117,#5118);
#1989=EDGE_LOOP('',(#5119,#5120,#5121,#5122));
#1990=AXIS2_PLACEMENT_3D('',#5123,#5124,#5125);
#1991=EDGE_LOOP('',(#5126,#5127,#5128,#5129));
#1992=AXIS2_PLACEMENT_3D('',#5130,#5131,#5132);
#1993=EDGE_LOOP('',(#5133,#5134,#5135,#5136));
#1994=AXIS2_PLACEMENT_3D('',#5137,#5138,#5139);
#1995=EDGE_LOOP('',(#5140,#5141,#5142,#5143));
#1996=AXIS2_PLACEMENT_3D('',#5144,#5145,#5146);
#1997=EDGE_LOOP('',(#5147,#5148,#5149,#5150));
#1998=AXIS2_PLACEMENT_3D('',#5151,#5152,#5153);
#1999=EDGE_LOOP('',(#5154,#5155,#5156,#5157,#5158,#5159));
#2000=AXIS2_PLACEMENT_3D('',#5160,#5161,#5162);
#2001=EDGE_LOOP('',(#5163,#5164,#5165,#5166,#5167));
#2002=AXIS2_PLACEMENT_3D('',#5168,#5169,#5170);
#2003=EDGE_LOOP('',(#5171,#5172,#5173,#5174));
#2004=AXIS2_PLACEMENT_3D('',#5175,#5176,#5177);
#2005=EDGE_LOOP('',(#5178,#5179,#5180,#5181,#5182,#5183));
#2006=AXIS2_PLACEMENT_3D('',#5184,#5185,#5186);
#2007=EDGE_LOOP('',(#5187,#5188,#5189,#5190,#5191));
#2008=AXIS2_PLACEMENT_3D('',#5192,#5193,#5194);
#2009=EDGE_LOOP('',(#5195,#5196,#5197,#5198));
#2010=AXIS2_PLACEMENT_3D('',#5199,#5200,#5201);
#2011=EDGE_LOOP('',(#5202,#5203,#5204,#5205));
#2012=AXIS2_PLACEMENT_3D('',#5206,#5207,#5208);
#2013=EDGE_LOOP('',(#5209,#5210,#5211,#5212));
#2014=AXIS2_PLACEMENT_3D('',#5213,#5214,#5215);
#2015=EDGE_LOOP('',(#5216,#5217,#5218,#5219));
#2016=AXIS2_PLACEMENT_3D('',#5220,#5221,#5222);
#2017=EDGE_LOOP('',(#5223,#5224,#5225,#5226));
#2018=AXIS2_PLACEMENT_3D('',#5227,#5228,#5229);
#2019=EDGE_LOOP('',(#5230,#5231,#5232,#5233));
#2020=AXIS2_PLACEMENT_3D('',#5234,#5235,#5236);
#2021=EDGE_LOOP('',(#5237,#5238,#5239,#5240));
#2022=AXIS2_PLACEMENT_3D('',#5241,#5242,#5243);
#2023=EDGE_LOOP('',(#5244,#5245,#5246,#5247,#5248,#5249));
#2024=AXIS2_PLACEMENT_3D('',#5250,#5251,#5252);
#2025=EDGE_LOOP('',(#5253,#5254,#5255,#5256));
#2026=AXIS2_PLACEMENT_3D('',#5257,#5258,#5259);
#2027=EDGE_LOOP('',(#5260,#5261,#5262,#5263,#5264,#5265));
#2028=AXIS2_PLACEMENT_3D('',#5266,#5267,#5268);
#2029=EDGE_LOOP('',(#5269,#5270,#5271,#5272));
#2030=AXIS2_PLACEMENT_3D('',#5273,#5274,#5275);
#2031=EDGE_LOOP('',(#5276,#5277,#5278,#5279));
#2032=AXIS2_PLACEMENT_3D('',#5280,#5281,#5282);
#2033=EDGE_LOOP('',(#5283,#5284,#5285,#5286));
#2034=AXIS2_PLACEMENT_3D('',#5287,#5288,#5289);
#2035=EDGE_LOOP('',(#5290,#5291,#5292,#5293));
#2036=AXIS2_PLACEMENT_3D('',#5294,#5295,#5296);
#2037=EDGE_LOOP('',(#5297,#5298,#5299,#5300));
#2038=AXIS2_PLACEMENT_3D('',#5301,#5302,#5303);
#2039=EDGE_LOOP('',(#5304,#5305,#5306,#5307));
#2040=AXIS2_PLACEMENT_3D('',#5308,#5309,#5310);
#2041=EDGE_LOOP('',(#5311,#5312,#5313,#5314));
#2042=AXIS2_PLACEMENT_3D('',#5315,#5316,#5317);
#2043=EDGE_LOOP('',(#5318,#5319,#5320,#5321));
#2044=AXIS2_PLACEMENT_3D('',#5322,#5323,#5324);
#2045=EDGE_LOOP('',(#5325,#5326,#5327,#5328));
#2046=AXIS2_PLACEMENT_3D('',#5329,#5330,#5331);
#2047=EDGE_LOOP('',(#5332,#5333,#5334,#5335));
#2048=AXIS2_PLACEMENT_3D('',#5336,#5337,#5338);
#2049=EDGE_LOOP('',(#5339,#5340,#5341,#5342,#5343));
#2050=AXIS2_PLACEMENT_3D('',#5344,#5345,#5346);
#2051=EDGE_LOOP('',(#5347,#5348,#5349,#5350,#5351,#5352));
#2052=AXIS2_PLACEMENT_3D('',#5353,#5354,#5355);
#2053=EDGE_LOOP('',(#5356,#5357,#5358,#5359));
#2054=AXIS2_PLACEMENT_3D('',#5360,#5361,#5362);
#2055=EDGE_LOOP('',(#5363,#5364,#5365,#5366));
#2056=AXIS2_PLACEMENT_3D('',#5367,#5368,#5369);
#2057=EDGE_LOOP('',(#5370,#5371,#5372,#5373));
#2058=AXIS2_PLACEMENT_3D('',#5374,#5375,#5376);
#2059=EDGE_LOOP('',(#5377,#5378,#5379,#5380));
#2060=AXIS2_PLACEMENT_3D('',#5381,#5382,#5383);
#2061=EDGE_LOOP('',(#5384,#5385,#5386,#5387));
#2062=AXIS2_PLACEMENT_3D('',#5388,#5389,#5390);
#2063=EDGE_LOOP('',(#5391,#5392,#5393,#5394));
#2064=AXIS2_PLACEMENT_3D('',#5395,#5396,#5397);
#2065=EDGE_LOOP('',(#5398,#5399,#5400,#5401));
#2066=AXIS2_PLACEMENT_3D('',#5402,#5403,#5404);
#2067=EDGE_LOOP('',(#5405,#5406,#5407,#5408));
#2068=AXIS2_PLACEMENT_3D('',#5409,#5410,#5411);
#2069=EDGE_LOOP('',(#5412,#5413,#5414,#5415));
#2070=AXIS2_PLACEMENT_3D('',#5416,#5417,#5418);
#2071=EDGE_LOOP('',(#5419,#5420,#5421,#5422));
#2072=AXIS2_PLACEMENT_3D('',#5423,#5424,#5425);
#2073=EDGE_LOOP('',(#5426,#5427,#5428,#5429));
#2074=AXIS2_PLACEMENT_3D('',#5430,#5431,#5432);
#2075=EDGE_LOOP('',(#5433,#5434,#5435));
#2076=AXIS2_PLACEMENT_3D('',#5436,#5437,#5438);
#2077=EDGE_LOOP('',(#5439,#5440,#5441,#5442));
#2078=AXIS2_PLACEMENT_3D('',#5443,#5444,#5445);
#2079=EDGE_LOOP('',(#5446,#5447,#5448));
#2080=AXIS2_PLACEMENT_3D('',#5449,#5450,#5451);
#2081=EDGE_LOOP('',(#5452,#5453,#5454,#5455));
#2082=AXIS2_PLACEMENT_3D('',#5456,#5457,#5458);
#2083=EDGE_LOOP('',(#5459,#5460,#5461,#5462));
#2084=AXIS2_PLACEMENT_3D('',#5463,#5464,#5465);
#2085=EDGE_LOOP('',(#5466,#5467,#5468,#5469));
#2086=AXIS2_PLACEMENT_3D('',#5470,#5471,#5472);
#2087=EDGE_LOOP('',(#5473,#5474,#5475,#5476));
#2088=AXIS2_PLACEMENT_3D('',#5477,#5478,#5479);
#2089=EDGE_LOOP('',(#5480,#5481,#5482,#5483));
#2090=AXIS2_PLACEMENT_3D('',#5484,#5485,#5486);
#2091=EDGE_LOOP('',(#5487,#5488,#5489,#5490));
#2092=AXIS2_PLACEMENT_3D('',#5491,#5492,#5493);
#2093=EDGE_LOOP('',(#5494,#5495,#5496,#5497));
#2094=AXIS2_PLACEMENT_3D('',#5498,#5499,#5500);
#2095=EDGE_LOOP('',(#5501,#5502,#5503,#5504,#5505));
#2096=AXIS2_PLACEMENT_3D('',#5506,#5507,#5508);
#2097=EDGE_LOOP('',(#5509,#5510,#5511,#5512,#5513,#5514,#5515));
#2098=AXIS2_PLACEMENT_3D('',#5516,#5517,#5518);
#2099=EDGE_LOOP('',(#5519,#5520,#5521,#5522,#5523));
#2100=AXIS2_PLACEMENT_3D('',#5524,#5525,#5526);
#2101=EDGE_LOOP('',(#5527,#5528,#5529,#5530,#5531));
#2102=AXIS2_PLACEMENT_3D('',#5532,#5533,#5534);
#2103=EDGE_LOOP('',(#5535,#5536,#5537,#5538));
#2104=AXIS2_PLACEMENT_3D('',#5539,#5540,#5541);
#2105=EDGE_LOOP('',(#5542,#5543,#5544,#5545));
#2106=AXIS2_PLACEMENT_3D('',#5546,#5547,#5548);
#2107=EDGE_LOOP('',(#5549,#5550,#5551,#5552));
#2108=AXIS2_PLACEMENT_3D('',#5553,#5554,#5555);
#2109=EDGE_LOOP('',(#5556,#5557,#5558,#5559));
#2110=AXIS2_PLACEMENT_3D('',#5560,#5561,#5562);
#2111=ORIENTED_EDGE('',*,*,#5563,.T.);
#2112=ORIENTED_EDGE('',*,*,#5564,.T.);
#2113=ORIENTED_EDGE('',*,*,#5565,.T.);
#2114=ORIENTED_EDGE('',*,*,#5566,.T.);
#2115=ORIENTED_EDGE('',*,*,#5567,.T.);
#2116=ORIENTED_EDGE('',*,*,#5568,.T.);
#2117=ORIENTED_EDGE('',*,*,#5569,.T.);
#2118=ORIENTED_EDGE('',*,*,#5570,.T.);
#2119=CARTESIAN_POINT('',(0.0,0.0,0.0));
#2120=DIRECTION('',(0.0,0.0,1.0));
#2121=DIRECTION('',(1.0,0.0,0.0));
#2122=ORIENTED_EDGE('',*,*,#5571,.T.);
#2123=ORIENTED_EDGE('',*,*,#5572,.F.);
#2124=ORIENTED_EDGE('',*,*,#5573,.F.);
#2125=ORIENTED_EDGE('',*,*,#5570,.F.);
#2126=ORIENTED_EDGE('',*,*,#5574,.T.);
#2127=CARTESIAN_POINT('',(7.741316318224,0.7,-0.3));
#2128=DIRECTION('',(1.0,-0.0,0.0));
#2129=DIRECTION('',(0.0,0.0,1.0));
#2130=ORIENTED_EDGE('',*,*,#5574,.F.);
#2131=ORIENTED_EDGE('',*,*,#5575,.F.);
#2132=ORIENTED_EDGE('',*,*,#5576,.F.);
#2133=CARTESIAN_POINT('',(7.415,0.7,-0.3));
#2134=DIRECTION('',(0.707106781186548,-0.707106781186548,0.0));
#2135=DIRECTION('',(0.707106781186548,0.707106781186548,0.0));
#2136=ORIENTED_EDGE('',*,*,#5577,.T.);
#2137=ORIENTED_EDGE('',*,*,#5578,.T.);
#2138=ORIENTED_EDGE('',*,*,#5579,.F.);
#2139=ORIENTED_EDGE('',*,*,#5576,.T.);
#2140=CARTESIAN_POINT('',(7.415,0.7,0.02678045806453));
#2141=DIRECTION('',(-0.0,0.0,1.0));
#2142=DIRECTION('',(0.0,1.0,0.0));
#2143=ORIENTED_EDGE('',*,*,#5580,.F.);
#2144=ORIENTED_EDGE('',*,*,#5571,.F.);
#2145=ORIENTED_EDGE('',*,*,#5579,.T.);
#2146=ORIENTED_EDGE('',*,*,#5581,.F.);
#2147=CARTESIAN_POINT('',(7.715,1.0,0.0));
#2148=DIRECTION('',(-0.0,1.0,0.0));
#2149=DIRECTION('',(1.0,0.0,0.0));
#2150=ORIENTED_EDGE('',*,*,#5582,.F.);
#2151=ORIENTED_EDGE('',*,*,#5583,.F.);
#2152=ORIENTED_EDGE('',*,*,#5581,.T.);
#2153=ORIENTED_EDGE('',*,*,#5584,.T.);
#2154=CARTESIAN_POINT('',(-7.75465647461,0.7,-1.15));
#2155=DIRECTION('',(-1.0,0.0,-0.0));
#2156=DIRECTION('',(0.0,0.0,-1.0));
#2157=ORIENTED_EDGE('',*,*,#5578,.F.);
#2158=ORIENTED_EDGE('',*,*,#5585,.F.);
#2159=ORIENTED_EDGE('',*,*,#5584,.F.);
#2160=CARTESIAN_POINT('',(7.415,0.7,-1.15));
#2161=DIRECTION('',(0.707106781186548,0.0,0.707106781186548));
#2162=DIRECTION('',(0.707106781186548,0.0,-0.707106781186548));
#2163=ORIENTED_EDGE('',*,*,#5586,.F.);
#2164=ORIENTED_EDGE('',*,*,#5585,.T.);
#2165=ORIENTED_EDGE('',*,*,#5587,.T.);
#2166=ORIENTED_EDGE('',*,*,#5588,.T.);
#2167=CARTESIAN_POINT('',(7.415,1.025809050345,-1.15));
#2168=DIRECTION('',(0.0,1.0,0.0));
#2169=DIRECTION('',(0.0,0.0,-1.0));
#2170=ORIENTED_EDGE('',*,*,#5588,.F.);
#2171=ORIENTED_EDGE('',*,*,#5589,.F.);
#2172=ORIENTED_EDGE('',*,*,#5590,.F.);
#2173=CARTESIAN_POINT('',(7.415,-0.7,-1.15));
#2174=DIRECTION('',(0.707106781186548,0.707106781186548,0.0));
#2175=DIRECTION('',(0.707106781186548,-0.707106781186548,0.0));
#2176=ORIENTED_EDGE('',*,*,#5591,.F.);
#2177=ORIENTED_EDGE('',*,*,#5590,.T.);
#2178=ORIENTED_EDGE('',*,*,#5592,.T.);
#2179=ORIENTED_EDGE('',*,*,#5593,.T.);
#2180=CARTESIAN_POINT('',(7.742585514779,-0.7,-1.15));
#2181=DIRECTION('',(1.0,-0.0,0.0));
#2182=DIRECTION('',(0.0,0.0,-1.0));
#2183=ORIENTED_EDGE('',*,*,#5593,.F.);
#2184=ORIENTED_EDGE('',*,*,#5594,.F.);
#2185=ORIENTED_EDGE('',*,*,#5595,.F.);
#2186=CARTESIAN_POINT('',(-7.415,-0.7,-1.15));
#2187=DIRECTION('',(0.707106781186548,-0.707106781186548,0.0));
#2188=DIRECTION('',(-0.707106781186548,-0.707106781186548,0.0));
#2189=ORIENTED_EDGE('',*,*,#5596,.F.);
#2190=ORIENTED_EDGE('',*,*,#5595,.T.);
#2191=ORIENTED_EDGE('',*,*,#5597,.T.);
#2192=ORIENTED_EDGE('',*,*,#5598,.T.);
#2193=CARTESIAN_POINT('',(-7.415,-1.026780458065,-1.15));
#2194=DIRECTION('',(0.0,-1.0,-0.0));
#2195=DIRECTION('',(0.0,0.0,-1.0));
#2196=ORIENTED_EDGE('',*,*,#5599,.F.);
#2197=ORIENTED_EDGE('',*,*,#5598,.F.);
#2198=ORIENTED_EDGE('',*,*,#5600,.F.);
#2199=CARTESIAN_POINT('',(-7.415,0.7,-1.15));
#2200=DIRECTION('',(-0.707106781186548,-0.707106781186548,0.0));
#2201=DIRECTION('',(-0.707106781186548,0.707106781186548,0.0));
#2202=ORIENTED_EDGE('',*,*,#5601,.T.);
#2203=ORIENTED_EDGE('',*,*,#5600,.T.);
#2204=ORIENTED_EDGE('',*,*,#5602,.F.);
#2205=ORIENTED_EDGE('',*,*,#5603,.T.);
#2206=CARTESIAN_POINT('',(-7.415,0.7,0.02678045806453));
#2207=DIRECTION('',(0.0,0.0,1.0));
#2208=DIRECTION('',(-1.0,0.0,0.0));
#2209=ORIENTED_EDGE('',*,*,#5603,.F.);
#2210=ORIENTED_EDGE('',*,*,#5604,.F.);
#2211=ORIENTED_EDGE('',*,*,#5605,.F.);
#2212=CARTESIAN_POINT('',(-7.415,0.7,-0.3));
#2213=DIRECTION('',(-0.707106781186548,0.0,-0.707106781186548));
#2214=DIRECTION('',(-0.707106781186548,0.0,0.707106781186548));
#2215=ORIENTED_EDGE('',*,*,#5566,.F.);
#2216=ORIENTED_EDGE('',*,*,#5606,.F.);
#2217=ORIENTED_EDGE('',*,*,#5607,.F.);
#2218=ORIENTED_EDGE('',*,*,#5608,.T.);
#2219=ORIENTED_EDGE('',*,*,#5605,.T.);
#2220=CARTESIAN_POINT('',(-5.618683681776,0.7,-0.3));
#2221=DIRECTION('',(1.0,-0.0,0.0));
#2222=DIRECTION('',(0.0,0.0,1.0));
#2223=ORIENTED_EDGE('',*,*,#5601,.F.);
#2224=ORIENTED_EDGE('',*,*,#5608,.F.);
#2225=ORIENTED_EDGE('',*,*,#5609,.T.);
#2226=ORIENTED_EDGE('',*,*,#5610,.F.);
#2227=CARTESIAN_POINT('',(-5.345,1.0,0.0));
#2228=DIRECTION('',(-0.0,1.0,0.0));
#2229=DIRECTION('',(1.0,0.0,0.0));
#2230=ORIENTED_EDGE('',*,*,#5610,.T.);
#2231=ORIENTED_EDGE('',*,*,#5611,.F.);
#2232=ORIENTED_EDGE('',*,*,#5612,.F.);
#2233=ORIENTED_EDGE('',*,*,#5599,.T.);
#2234=CARTESIAN_POINT('',(-7.75465647461,0.7,-1.15));
#2235=DIRECTION('',(-1.0,0.0,-0.0));
#2236=DIRECTION('',(0.0,0.0,-1.0));
#2237=ORIENTED_EDGE('',*,*,#5613,.T.);
#2238=ORIENTED_EDGE('',*,*,#5614,.F.);
#2239=ORIENTED_EDGE('',*,*,#5615,.T.);
#2240=ORIENTED_EDGE('',*,*,#5616,.F.);
#2241=ORIENTED_EDGE('',*,*,#5617,.F.);
#2242=ORIENTED_EDGE('',*,*,#5618,.F.);
#2243=ORIENTED_EDGE('',*,*,#5619,.F.);
#2244=ORIENTED_EDGE('',*,*,#5582,.T.);
#2245=ORIENTED_EDGE('',*,*,#5586,.T.);
#2246=ORIENTED_EDGE('',*,*,#5591,.T.);
#2247=ORIENTED_EDGE('',*,*,#5596,.T.);
#2248=ORIENTED_EDGE('',*,*,#5612,.T.);
#2249=ORIENTED_EDGE('',*,*,#5620,.T.);
#2250=ORIENTED_EDGE('',*,*,#5621,.T.);
#2251=ORIENTED_EDGE('',*,*,#5622,.F.);
#2252=ORIENTED_EDGE('',*,*,#5623,.F.);
#2253=ORIENTED_EDGE('',*,*,#5624,.T.);
#2254=ORIENTED_EDGE('',*,*,#5625,.T.);
#2255=ORIENTED_EDGE('',*,*,#5626,.F.);
#2256=ORIENTED_EDGE('',*,*,#5627,.T.);
#2257=CARTESIAN_POINT('',(0.0,0.0,-1.45));
#2258=DIRECTION('',(0.0,0.0,1.0));
#2259=DIRECTION('',(1.0,0.0,0.0));
#2260=ORIENTED_EDGE('',*,*,#5628,.F.);
#2261=ORIENTED_EDGE('',*,*,#5629,.T.);
#2262=ORIENTED_EDGE('',*,*,#5630,.T.);
#2263=ORIENTED_EDGE('',*,*,#5631,.T.);
#2264=ORIENTED_EDGE('',*,*,#5632,.T.);
#2265=ORIENTED_EDGE('',*,*,#5633,.F.);
#2266=ORIENTED_EDGE('',*,*,#5634,.T.);
#2267=ORIENTED_EDGE('',*,*,#5635,.T.);
#2268=ORIENTED_EDGE('',*,*,#5627,.F.);
#2269=ORIENTED_EDGE('',*,*,#5636,.T.);
#2270=CARTESIAN_POINT('',(6.87,-0.83,-1.45));
#2271=DIRECTION('',(1.0,0.0,0.0));
#2272=DIRECTION('',(0.0,1.0,0.0));
#2273=ORIENTED_EDGE('',*,*,#5637,.F.);
#2274=ORIENTED_EDGE('',*,*,#5638,.T.);
#2275=ORIENTED_EDGE('',*,*,#5639,.F.);
#2276=ORIENTED_EDGE('',*,*,#5640,.T.);
#2277=CARTESIAN_POINT('',(6.87,-0.83,-1.45));
#2278=DIRECTION('',(1.0,0.0,0.0));
#2279=DIRECTION('',(0.0,1.0,0.0));
#2280=ORIENTED_EDGE('',*,*,#5641,.T.);
#2281=ORIENTED_EDGE('',*,*,#5642,.T.);
#2282=ORIENTED_EDGE('',*,*,#5636,.F.);
#2283=ORIENTED_EDGE('',*,*,#5626,.T.);
#2284=CARTESIAN_POINT('',(0.0,-0.5,-1.45));
#2285=DIRECTION('',(0.0,-1.0,0.0));
#2286=DIRECTION('',(0.0,0.0,-1.0));
#2287=ORIENTED_EDGE('',*,*,#5643,.T.);
#2288=ORIENTED_EDGE('',*,*,#5644,.T.);
#2289=ORIENTED_EDGE('',*,*,#5645,.F.);
#2290=ORIENTED_EDGE('',*,*,#5616,.T.);
#2291=CARTESIAN_POINT('',(0.0,-0.5,-1.45));
#2292=DIRECTION('',(0.0,-1.0,0.0));
#2293=DIRECTION('',(0.0,0.0,-1.0));
#2294=ORIENTED_EDGE('',*,*,#5646,.T.);
#2295=ORIENTED_EDGE('',*,*,#5647,.T.);
#2296=ORIENTED_EDGE('',*,*,#5648,.F.);
#2297=ORIENTED_EDGE('',*,*,#5622,.T.);
#2298=CARTESIAN_POINT('',(0.0,-0.5,-1.45));
#2299=DIRECTION('',(0.0,-1.0,0.0));
#2300=DIRECTION('',(0.0,0.0,-1.0));
#2301=ORIENTED_EDGE('',*,*,#5649,.F.);
#2302=ORIENTED_EDGE('',*,*,#5650,.T.);
#2303=ORIENTED_EDGE('',*,*,#5651,.F.);
#2304=ORIENTED_EDGE('',*,*,#5652,.T.);
#2305=ORIENTED_EDGE('',*,*,#5653,.F.);
#2306=ORIENTED_EDGE('',*,*,#5654,.T.);
#2307=ORIENTED_EDGE('',*,*,#5628,.T.);
#2308=ORIENTED_EDGE('',*,*,#5642,.F.);
#2309=ORIENTED_EDGE('',*,*,#5655,.F.);
#2310=ORIENTED_EDGE('',*,*,#5644,.F.);
#2311=ORIENTED_EDGE('',*,*,#5656,.F.);
#2312=ORIENTED_EDGE('',*,*,#5647,.F.);
#2313=CARTESIAN_POINT('',(-6.87,-1.0,-1.49));
#2314=DIRECTION('',(0.0,0.0,-1.0));
#2315=DIRECTION('',(0.0,-1.0,0.0));
#2316=ORIENTED_EDGE('',*,*,#5657,.F.);
#2317=ORIENTED_EDGE('',*,*,#5658,.F.);
#2318=ORIENTED_EDGE('',*,*,#5659,.F.);
#2319=ORIENTED_EDGE('',*,*,#5660,.F.);
#2320=ORIENTED_EDGE('',*,*,#5661,.F.);
#2321=ORIENTED_EDGE('',*,*,#5662,.T.);
#2322=ORIENTED_EDGE('',*,*,#5663,.T.);
#2323=ORIENTED_EDGE('',*,*,#5664,.T.);
#2324=ORIENTED_EDGE('',*,*,#5665,.T.);
#2325=ORIENTED_EDGE('',*,*,#5666,.T.);
#2326=ORIENTED_EDGE('',*,*,#5667,.T.);
#2327=ORIENTED_EDGE('',*,*,#5668,.T.);
#2328=ORIENTED_EDGE('',*,*,#5669,.T.);
#2329=ORIENTED_EDGE('',*,*,#5656,.T.);
#2330=CARTESIAN_POINT('',(0.0,-0.5,0.0));
#2331=DIRECTION('',(0.0,-1.0,0.0));
#2332=DIRECTION('',(0.0,0.0,-1.0));
#2333=ORIENTED_EDGE('',*,*,#5670,.T.);
#2334=ORIENTED_EDGE('',*,*,#5671,.T.);
#2335=ORIENTED_EDGE('',*,*,#5672,.T.);
#2336=ORIENTED_EDGE('',*,*,#5673,.T.);
#2337=ORIENTED_EDGE('',*,*,#5674,.T.);
#2338=ORIENTED_EDGE('',*,*,#5675,.F.);
#2339=ORIENTED_EDGE('',*,*,#5632,.F.);
#2340=ORIENTED_EDGE('',*,*,#5676,.T.);
#2341=ORIENTED_EDGE('',*,*,#5677,.F.);
#2342=ORIENTED_EDGE('',*,*,#5678,.F.);
#2343=ORIENTED_EDGE('',*,*,#5679,.F.);
#2344=ORIENTED_EDGE('',*,*,#5680,.F.);
#2345=ORIENTED_EDGE('',*,*,#5681,.F.);
#2346=ORIENTED_EDGE('',*,*,#5655,.T.);
#2347=CARTESIAN_POINT('',(0.0,-0.5,0.0));
#2348=DIRECTION('',(0.0,-1.0,0.0));
#2349=DIRECTION('',(0.0,0.0,-1.0));
#2350=ORIENTED_EDGE('',*,*,#5669,.F.);
#2351=ORIENTED_EDGE('',*,*,#5682,.F.);
#2352=ORIENTED_EDGE('',*,*,#5683,.F.);
#2353=ORIENTED_EDGE('',*,*,#5623,.T.);
#2354=ORIENTED_EDGE('',*,*,#5648,.T.);
#2355=CARTESIAN_POINT('',(-6.171,-0.5,-2.689));
#2356=DIRECTION('',(0.984807753012213,0.0,-0.173648177666902));
#2357=DIRECTION('',(0.0,-1.0,0.0));
#2358=ORIENTED_EDGE('',*,*,#5684,.F.);
#2359=ORIENTED_EDGE('',*,*,#5620,.F.);
#2360=ORIENTED_EDGE('',*,*,#5683,.T.);
#2361=ORIENTED_EDGE('',*,*,#5685,.T.);
#2362=ORIENTED_EDGE('',*,*,#5686,.T.);
#2363=CARTESIAN_POINT('',(0.0,0.49,0.0));
#2364=DIRECTION('',(0.0,-1.0,0.0));
#2365=DIRECTION('',(0.0,0.0,-1.0));
#2366=ORIENTED_EDGE('',*,*,#5687,.T.);
#2367=ORIENTED_EDGE('',*,*,#5688,.T.);
#2368=ORIENTED_EDGE('',*,*,#5624,.F.);
#2369=ORIENTED_EDGE('',*,*,#5635,.F.);
#2370=ORIENTED_EDGE('',*,*,#5689,.T.);
#2371=CARTESIAN_POINT('',(0.0,0.49,0.0));
#2372=DIRECTION('',(0.0,-1.0,0.0));
#2373=DIRECTION('',(0.0,0.0,-1.0));
#2374=ORIENTED_EDGE('',*,*,#5686,.F.);
#2375=ORIENTED_EDGE('',*,*,#5690,.F.);
#2376=ORIENTED_EDGE('',*,*,#5691,.F.);
#2377=ORIENTED_EDGE('',*,*,#5692,.F.);
#2378=ORIENTED_EDGE('',*,*,#5693,.F.);
#2379=ORIENTED_EDGE('',*,*,#5694,.T.);
#2380=ORIENTED_EDGE('',*,*,#5695,.F.);
#2381=CARTESIAN_POINT('',(-6.605,0.2150204880119,-3.6045));
#2382=DIRECTION('',(0.0,0.939692620785897,-0.342020143325699));
#2383=DIRECTION('',(-1.0,0.0,0.0));
#2384=ORIENTED_EDGE('',*,*,#5621,.F.);
#2385=ORIENTED_EDGE('',*,*,#5684,.T.);
#2386=ORIENTED_EDGE('',*,*,#5695,.T.);
#2387=ORIENTED_EDGE('',*,*,#5696,.T.);
#2388=ORIENTED_EDGE('',*,*,#5663,.F.);
#2389=ORIENTED_EDGE('',*,*,#5697,.T.);
#2390=ORIENTED_EDGE('',*,*,#5698,.T.);
#2391=ORIENTED_EDGE('',*,*,#5699,.F.);
#2392=ORIENTED_EDGE('',*,*,#5649,.T.);
#2393=ORIENTED_EDGE('',*,*,#5646,.F.);
#2394=CARTESIAN_POINT('',(-6.87,0.83,-1.45));
#2395=DIRECTION('',(-1.0,0.0,0.0));
#2396=DIRECTION('',(0.0,0.0,1.0));
#2397=ORIENTED_EDGE('',*,*,#5700,.T.);
#2398=ORIENTED_EDGE('',*,*,#5701,.T.);
#2399=ORIENTED_EDGE('',*,*,#5702,.T.);
#2400=ORIENTED_EDGE('',*,*,#5703,.F.);
#2401=CARTESIAN_POINT('',(-6.87,0.83,-1.45));
#2402=DIRECTION('',(-1.0,0.0,0.0));
#2403=DIRECTION('',(0.0,0.0,1.0));
#2404=ORIENTED_EDGE('',*,*,#5629,.F.);
#2405=ORIENTED_EDGE('',*,*,#5654,.F.);
#2406=ORIENTED_EDGE('',*,*,#5704,.F.);
#2407=ORIENTED_EDGE('',*,*,#5705,.T.);
#2408=ORIENTED_EDGE('',*,*,#5706,.T.);
#2409=ORIENTED_EDGE('',*,*,#5707,.T.);
#2410=ORIENTED_EDGE('',*,*,#5708,.T.);
#2411=ORIENTED_EDGE('',*,*,#5709,.T.);
#2412=ORIENTED_EDGE('',*,*,#5710,.T.);
#2413=ORIENTED_EDGE('',*,*,#5711,.F.);
#2414=ORIENTED_EDGE('',*,*,#5712,.T.);
#2415=ORIENTED_EDGE('',*,*,#5713,.F.);
#2416=CARTESIAN_POINT('',(-6.87,-0.83,-1.45));
#2417=DIRECTION('',(0.0,-1.0,0.0));
#2418=DIRECTION('',(0.0,0.0,-1.0));
#2419=ORIENTED_EDGE('',*,*,#5714,.T.);
#2420=ORIENTED_EDGE('',*,*,#5715,.T.);
#2421=ORIENTED_EDGE('',*,*,#5716,.T.);
#2422=ORIENTED_EDGE('',*,*,#5717,.T.);
#2423=ORIENTED_EDGE('',*,*,#5718,.F.);
#2424=ORIENTED_EDGE('',*,*,#5719,.T.);
#2425=ORIENTED_EDGE('',*,*,#5720,.T.);
#2426=ORIENTED_EDGE('',*,*,#5650,.F.);
#2427=ORIENTED_EDGE('',*,*,#5699,.T.);
#2428=ORIENTED_EDGE('',*,*,#5721,.T.);
#2429=ORIENTED_EDGE('',*,*,#5722,.T.);
#2430=ORIENTED_EDGE('',*,*,#5723,.F.);
#2431=CARTESIAN_POINT('',(-6.87,-0.83,-1.45));
#2432=DIRECTION('',(0.0,-1.0,0.0));
#2433=DIRECTION('',(0.0,0.0,-1.0));
#2434=ORIENTED_EDGE('',*,*,#5724,.T.);
#2435=ORIENTED_EDGE('',*,*,#5713,.T.);
#2436=ORIENTED_EDGE('',*,*,#5725,.F.);
#2437=ORIENTED_EDGE('',*,*,#5726,.F.);
#2438=ORIENTED_EDGE('',*,*,#5727,.T.);
#2439=CARTESIAN_POINT('',(7.065,-0.83,-1.6));
#2440=DIRECTION('',(0.0,0.0,1.0));
#2441=DIRECTION('',(1.0,0.0,0.0));
#2442=ORIENTED_EDGE('',*,*,#5727,.F.);
#2443=ORIENTED_EDGE('',*,*,#5728,.F.);
#2444=ORIENTED_EDGE('',*,*,#5729,.T.);
#2445=ORIENTED_EDGE('',*,*,#5730,.F.);
#2446=CARTESIAN_POINT('',(6.965,-1.056780458065,-1.7));
#2447=DIRECTION('',(0.0,-1.0,0.0));
#2448=DIRECTION('',(0.0,0.0,1.0));
#2449=ORIENTED_EDGE('',*,*,#5731,.T.);
#2450=ORIENTED_EDGE('',*,*,#5732,.T.);
#2451=ORIENTED_EDGE('',*,*,#5733,.F.);
#2452=ORIENTED_EDGE('',*,*,#5734,.F.);
#2453=CARTESIAN_POINT('',(-7.065,-0.83,-4.4));
#2454=DIRECTION('',(-0.0,1.0,0.0));
#2455=DIRECTION('',(1.0,0.0,0.0));
#2456=ORIENTED_EDGE('',*,*,#5735,.T.);
#2457=ORIENTED_EDGE('',*,*,#5736,.T.);
#2458=ORIENTED_EDGE('',*,*,#5737,.F.);
#2459=ORIENTED_EDGE('',*,*,#5738,.F.);
#2460=CARTESIAN_POINT('',(-7.065,-0.83,-4.4));
#2461=DIRECTION('',(-0.0,1.0,0.0));
#2462=DIRECTION('',(1.0,0.0,0.0));
#2463=ORIENTED_EDGE('',*,*,#5739,.F.);
#2464=ORIENTED_EDGE('',*,*,#5698,.F.);
#2465=ORIENTED_EDGE('',*,*,#5740,.F.);
#2466=ORIENTED_EDGE('',*,*,#5741,.T.);
#2467=ORIENTED_EDGE('',*,*,#5742,.T.);
#2468=ORIENTED_EDGE('',*,*,#5743,.T.);
#2469=ORIENTED_EDGE('',*,*,#5744,.T.);
#2470=ORIENTED_EDGE('',*,*,#5745,.T.);
#2471=ORIENTED_EDGE('',*,*,#5746,.T.);
#2472=ORIENTED_EDGE('',*,*,#5747,.T.);
#2473=CARTESIAN_POINT('',(-7.065,-0.83,-4.4));
#2474=DIRECTION('',(-0.0,1.0,0.0));
#2475=DIRECTION('',(1.0,0.0,0.0));
#2476=ORIENTED_EDGE('',*,*,#5748,.F.);
#2477=ORIENTED_EDGE('',*,*,#5630,.F.);
#2478=ORIENTED_EDGE('',*,*,#5724,.F.);
#2479=ORIENTED_EDGE('',*,*,#5730,.T.);
#2480=ORIENTED_EDGE('',*,*,#5749,.T.);
#2481=ORIENTED_EDGE('',*,*,#5750,.T.);
#2482=ORIENTED_EDGE('',*,*,#5751,.T.);
#2483=ORIENTED_EDGE('',*,*,#5752,.T.);
#2484=ORIENTED_EDGE('',*,*,#5753,.T.);
#2485=ORIENTED_EDGE('',*,*,#5754,.T.);
#2486=CARTESIAN_POINT('',(-7.065,-0.83,-4.4));
#2487=DIRECTION('',(-0.0,1.0,0.0));
#2488=DIRECTION('',(1.0,0.0,0.0));
#2489=ORIENTED_EDGE('',*,*,#5755,.T.);
#2490=ORIENTED_EDGE('',*,*,#5756,.T.);
#2491=ORIENTED_EDGE('',*,*,#5757,.T.);
#2492=ORIENTED_EDGE('',*,*,#5758,.T.);
#2493=ORIENTED_EDGE('',*,*,#5759,.F.);
#2494=ORIENTED_EDGE('',*,*,#5760,.T.);
#2495=ORIENTED_EDGE('',*,*,#5761,.F.);
#2496=ORIENTED_EDGE('',*,*,#5762,.T.);
#2497=ORIENTED_EDGE('',*,*,#5763,.T.);
#2498=ORIENTED_EDGE('',*,*,#5764,.F.);
#2499=ORIENTED_EDGE('',*,*,#5765,.F.);
#2500=ORIENTED_EDGE('',*,*,#5766,.T.);
#2501=ORIENTED_EDGE('',*,*,#5767,.T.);
#2502=ORIENTED_EDGE('',*,*,#5768,.F.);
#2503=ORIENTED_EDGE('',*,*,#5769,.F.);
#2504=ORIENTED_EDGE('',*,*,#5770,.T.);
#2505=ORIENTED_EDGE('',*,*,#5771,.T.);
#2506=ORIENTED_EDGE('',*,*,#5772,.F.);
#2507=ORIENTED_EDGE('',*,*,#5773,.F.);
#2508=ORIENTED_EDGE('',*,*,#5774,.T.);
#2509=ORIENTED_EDGE('',*,*,#5775,.T.);
#2510=ORIENTED_EDGE('',*,*,#5776,.F.);
#2511=ORIENTED_EDGE('',*,*,#5777,.F.);
#2512=ORIENTED_EDGE('',*,*,#5778,.T.);
#2513=ORIENTED_EDGE('',*,*,#5779,.T.);
#2514=ORIENTED_EDGE('',*,*,#5780,.F.);
#2515=ORIENTED_EDGE('',*,*,#5781,.F.);
#2516=ORIENTED_EDGE('',*,*,#5782,.T.);
#2517=ORIENTED_EDGE('',*,*,#5783,.T.);
#2518=ORIENTED_EDGE('',*,*,#5784,.F.);
#2519=ORIENTED_EDGE('',*,*,#5785,.F.);
#2520=ORIENTED_EDGE('',*,*,#5786,.T.);
#2521=ORIENTED_EDGE('',*,*,#5787,.T.);
#2522=ORIENTED_EDGE('',*,*,#5788,.F.);
#2523=ORIENTED_EDGE('',*,*,#5789,.F.);
#2524=ORIENTED_EDGE('',*,*,#5790,.T.);
#2525=ORIENTED_EDGE('',*,*,#5791,.T.);
#2526=ORIENTED_EDGE('',*,*,#5792,.F.);
#2527=ORIENTED_EDGE('',*,*,#5793,.F.);
#2528=ORIENTED_EDGE('',*,*,#5794,.T.);
#2529=ORIENTED_EDGE('',*,*,#5795,.T.);
#2530=ORIENTED_EDGE('',*,*,#5796,.F.);
#2531=ORIENTED_EDGE('',*,*,#5797,.F.);
#2532=ORIENTED_EDGE('',*,*,#5798,.T.);
#2533=ORIENTED_EDGE('',*,*,#5799,.T.);
#2534=ORIENTED_EDGE('',*,*,#5800,.F.);
#2535=ORIENTED_EDGE('',*,*,#5801,.F.);
#2536=ORIENTED_EDGE('',*,*,#5802,.T.);
#2537=ORIENTED_EDGE('',*,*,#5803,.T.);
#2538=ORIENTED_EDGE('',*,*,#5804,.F.);
#2539=ORIENTED_EDGE('',*,*,#5805,.F.);
#2540=ORIENTED_EDGE('',*,*,#5806,.T.);
#2541=ORIENTED_EDGE('',*,*,#5807,.T.);
#2542=ORIENTED_EDGE('',*,*,#5808,.F.);
#2543=ORIENTED_EDGE('',*,*,#5809,.F.);
#2544=ORIENTED_EDGE('',*,*,#5810,.T.);
#2545=ORIENTED_EDGE('',*,*,#5811,.T.);
#2546=ORIENTED_EDGE('',*,*,#5812,.F.);
#2547=ORIENTED_EDGE('',*,*,#5813,.F.);
#2548=ORIENTED_EDGE('',*,*,#5814,.T.);
#2549=ORIENTED_EDGE('',*,*,#5815,.T.);
#2550=ORIENTED_EDGE('',*,*,#5816,.F.);
#2551=ORIENTED_EDGE('',*,*,#5817,.F.);
#2552=ORIENTED_EDGE('',*,*,#5818,.T.);
#2553=ORIENTED_EDGE('',*,*,#5819,.T.);
#2554=ORIENTED_EDGE('',*,*,#5820,.F.);
#2555=ORIENTED_EDGE('',*,*,#5821,.F.);
#2556=ORIENTED_EDGE('',*,*,#5822,.T.);
#2557=ORIENTED_EDGE('',*,*,#5823,.T.);
#2558=ORIENTED_EDGE('',*,*,#5824,.F.);
#2559=ORIENTED_EDGE('',*,*,#5825,.F.);
#2560=ORIENTED_EDGE('',*,*,#5826,.T.);
#2561=ORIENTED_EDGE('',*,*,#5827,.T.);
#2562=ORIENTED_EDGE('',*,*,#5828,.F.);
#2563=ORIENTED_EDGE('',*,*,#5829,.F.);
#2564=ORIENTED_EDGE('',*,*,#5830,.T.);
#2565=ORIENTED_EDGE('',*,*,#5831,.T.);
#2566=ORIENTED_EDGE('',*,*,#5832,.F.);
#2567=ORIENTED_EDGE('',*,*,#5833,.F.);
#2568=ORIENTED_EDGE('',*,*,#5834,.T.);
#2569=ORIENTED_EDGE('',*,*,#5835,.T.);
#2570=ORIENTED_EDGE('',*,*,#5836,.F.);
#2571=ORIENTED_EDGE('',*,*,#5837,.F.);
#2572=ORIENTED_EDGE('',*,*,#5838,.T.);
#2573=ORIENTED_EDGE('',*,*,#5839,.T.);
#2574=ORIENTED_EDGE('',*,*,#5840,.F.);
#2575=CARTESIAN_POINT('',(0.0,0.0,-4.4));
#2576=DIRECTION('',(0.0,0.0,1.0));
#2577=DIRECTION('',(1.0,0.0,0.0));
#2578=ORIENTED_EDGE('',*,*,#5740,.T.);
#2579=ORIENTED_EDGE('',*,*,#5697,.F.);
#2580=ORIENTED_EDGE('',*,*,#5662,.F.);
#2581=ORIENTED_EDGE('',*,*,#5841,.F.);
#2582=ORIENTED_EDGE('',*,*,#5842,.T.);
#2583=ORIENTED_EDGE('',*,*,#5701,.F.);
#2584=ORIENTED_EDGE('',*,*,#5843,.F.);
#2585=ORIENTED_EDGE('',*,*,#5844,.T.);
#2586=ORIENTED_EDGE('',*,*,#5738,.T.);
#2587=ORIENTED_EDGE('',*,*,#5845,.T.);
#2588=ORIENTED_EDGE('',*,*,#5846,.T.);
#2589=ORIENTED_EDGE('',*,*,#5847,.T.);
#2590=ORIENTED_EDGE('',*,*,#5848,.T.);
#2591=ORIENTED_EDGE('',*,*,#5849,.T.);
#2592=ORIENTED_EDGE('',*,*,#5850,.T.);
#2593=ORIENTED_EDGE('',*,*,#5851,.T.);
#2594=CARTESIAN_POINT('',(0.0,0.0,-4.4));
#2595=DIRECTION('',(0.0,0.0,1.0));
#2596=DIRECTION('',(1.0,0.0,0.0));
#2597=ORIENTED_EDGE('',*,*,#5852,.T.);
#2598=ORIENTED_EDGE('',*,*,#5853,.T.);
#2599=ORIENTED_EDGE('',*,*,#5854,.T.);
#2600=ORIENTED_EDGE('',*,*,#5855,.T.);
#2601=ORIENTED_EDGE('',*,*,#5856,.T.);
#2602=ORIENTED_EDGE('',*,*,#5857,.T.);
#2603=ORIENTED_EDGE('',*,*,#5734,.T.);
#2604=ORIENTED_EDGE('',*,*,#5858,.T.);
#2605=ORIENTED_EDGE('',*,*,#5859,.F.);
#2606=ORIENTED_EDGE('',*,*,#5638,.F.);
#2607=ORIENTED_EDGE('',*,*,#5860,.T.);
#2608=ORIENTED_EDGE('',*,*,#5861,.T.);
#2609=ORIENTED_EDGE('',*,*,#5676,.F.);
#2610=ORIENTED_EDGE('',*,*,#5631,.F.);
#2611=ORIENTED_EDGE('',*,*,#5748,.T.);
#2612=ORIENTED_EDGE('',*,*,#5862,.T.);
#2613=CARTESIAN_POINT('',(0.0,0.0,-4.4));
#2614=DIRECTION('',(0.0,0.0,1.0));
#2615=DIRECTION('',(1.0,0.0,0.0));
#2616=ORIENTED_EDGE('',*,*,#5760,.F.);
#2617=ORIENTED_EDGE('',*,*,#5863,.F.);
#2618=ORIENTED_EDGE('',*,*,#5864,.T.);
#2619=ORIENTED_EDGE('',*,*,#5705,.F.);
#2620=CARTESIAN_POINT('',(5.225,0.085,-4.325));
#2621=DIRECTION('',(0.707106781186548,0.0,-0.707106781186548));
#2622=DIRECTION('',(0.0,-1.0,0.0));
#2623=ORIENTED_EDGE('',*,*,#5865,.F.);
#2624=ORIENTED_EDGE('',*,*,#5866,.T.);
#2625=ORIENTED_EDGE('',*,*,#5867,.T.);
#2626=ORIENTED_EDGE('',*,*,#5868,.T.);
#2627=ORIENTED_EDGE('',*,*,#5869,.T.);
#2628=ORIENTED_EDGE('',*,*,#5870,.T.);
#2629=ORIENTED_EDGE('',*,*,#5871,.T.);
#2630=ORIENTED_EDGE('',*,*,#5872,.F.);
#2631=ORIENTED_EDGE('',*,*,#5873,.F.);
#2632=ORIENTED_EDGE('',*,*,#5706,.F.);
#2633=ORIENTED_EDGE('',*,*,#5864,.F.);
#2634=ORIENTED_EDGE('',*,*,#5874,.F.);
#2635=ORIENTED_EDGE('',*,*,#5875,.F.);
#2636=ORIENTED_EDGE('',*,*,#5876,.T.);
#2637=ORIENTED_EDGE('',*,*,#5877,.F.);
#2638=ORIENTED_EDGE('',*,*,#5878,.F.);
#2639=ORIENTED_EDGE('',*,*,#5879,.F.);
#2640=ORIENTED_EDGE('',*,*,#5880,.F.);
#2641=CARTESIAN_POINT('',(5.3,-0.83,-4.4));
#2642=DIRECTION('',(-1.0,0.0,0.0));
#2643=DIRECTION('',(0.0,0.0,1.0));
#2644=ORIENTED_EDGE('',*,*,#5639,.T.);
#2645=ORIENTED_EDGE('',*,*,#5859,.T.);
#2646=ORIENTED_EDGE('',*,*,#5881,.T.);
#2647=ORIENTED_EDGE('',*,*,#5882,.T.);
#2648=ORIENTED_EDGE('',*,*,#5880,.T.);
#2649=ORIENTED_EDGE('',*,*,#5883,.F.);
#2650=CARTESIAN_POINT('',(6.87,0.83,-1.45));
#2651=DIRECTION('',(-0.0,1.0,0.0));
#2652=DIRECTION('',(1.0,0.0,0.0));
#2653=ORIENTED_EDGE('',*,*,#5884,.F.);
#2654=ORIENTED_EDGE('',*,*,#5885,.T.);
#2655=ORIENTED_EDGE('',*,*,#5886,.T.);
#2656=ORIENTED_EDGE('',*,*,#5843,.T.);
#2657=ORIENTED_EDGE('',*,*,#5700,.F.);
#2658=ORIENTED_EDGE('',*,*,#5887,.T.);
#2659=CARTESIAN_POINT('',(6.87,0.83,-1.45));
#2660=DIRECTION('',(-0.0,1.0,0.0));
#2661=DIRECTION('',(1.0,0.0,0.0));
#2662=ORIENTED_EDGE('',*,*,#5888,.F.);
#2663=ORIENTED_EDGE('',*,*,#5640,.F.);
#2664=ORIENTED_EDGE('',*,*,#5883,.T.);
#2665=ORIENTED_EDGE('',*,*,#5879,.T.);
#2666=ORIENTED_EDGE('',*,*,#5889,.F.);
#2667=CARTESIAN_POINT('',(6.87,0.83,-1.49));
#2668=DIRECTION('',(0.0,0.0,-1.0));
#2669=DIRECTION('',(0.0,-1.0,0.0));
#2670=ORIENTED_EDGE('',*,*,#5878,.T.);
#2671=ORIENTED_EDGE('',*,*,#5890,.F.);
#2672=ORIENTED_EDGE('',*,*,#5618,.T.);
#2673=ORIENTED_EDGE('',*,*,#5891,.T.);
#2674=ORIENTED_EDGE('',*,*,#5889,.T.);
#2675=CARTESIAN_POINT('',(0.0,0.5,-4.4));
#2676=DIRECTION('',(-0.0,1.0,0.0));
#2677=DIRECTION('',(1.0,0.0,0.0));
#2678=ORIENTED_EDGE('',*,*,#5892,.F.);
#2679=ORIENTED_EDGE('',*,*,#5893,.T.);
#2680=ORIENTED_EDGE('',*,*,#5894,.T.);
#2681=ORIENTED_EDGE('',*,*,#5895,.F.);
#2682=ORIENTED_EDGE('',*,*,#5614,.T.);
#2683=CARTESIAN_POINT('',(0.0,0.5,-4.4));
#2684=DIRECTION('',(-0.0,1.0,0.0));
#2685=DIRECTION('',(1.0,0.0,0.0));
#2686=ORIENTED_EDGE('',*,*,#5617,.T.);
#2687=ORIENTED_EDGE('',*,*,#5645,.T.);
#2688=ORIENTED_EDGE('',*,*,#5681,.T.);
#2689=ORIENTED_EDGE('',*,*,#5896,.F.);
#2690=ORIENTED_EDGE('',*,*,#5897,.F.);
#2691=ORIENTED_EDGE('',*,*,#5891,.F.);
#2692=CARTESIAN_POINT('',(5.89,0.5,-1.45));
#2693=DIRECTION('',(-1.0,0.0,0.0));
#2694=DIRECTION('',(0.0,0.0,1.0));
#2695=ORIENTED_EDGE('',*,*,#5897,.T.);
#2696=ORIENTED_EDGE('',*,*,#5898,.T.);
#2697=ORIENTED_EDGE('',*,*,#5899,.T.);
#2698=ORIENTED_EDGE('',*,*,#5900,.T.);
#2699=ORIENTED_EDGE('',*,*,#5901,.T.);
#2700=ORIENTED_EDGE('',*,*,#5860,.F.);
#2701=ORIENTED_EDGE('',*,*,#5637,.T.);
#2702=ORIENTED_EDGE('',*,*,#5888,.T.);
#2703=CARTESIAN_POINT('',(0.0,0.5,0.0));
#2704=DIRECTION('',(0.0,-1.0,0.0));
#2705=DIRECTION('',(0.0,0.0,-1.0));
#2706=ORIENTED_EDGE('',*,*,#5702,.F.);
#2707=ORIENTED_EDGE('',*,*,#5842,.F.);
#2708=ORIENTED_EDGE('',*,*,#5902,.T.);
#2709=ORIENTED_EDGE('',*,*,#5903,.T.);
#2710=ORIENTED_EDGE('',*,*,#5904,.T.);
#2711=ORIENTED_EDGE('',*,*,#5905,.T.);
#2712=ORIENTED_EDGE('',*,*,#5906,.T.);
#2713=ORIENTED_EDGE('',*,*,#5907,.F.);
#2714=CARTESIAN_POINT('',(0.0,0.5,0.0));
#2715=DIRECTION('',(0.0,-1.0,0.0));
#2716=DIRECTION('',(0.0,0.0,-1.0));
#2717=ORIENTED_EDGE('',*,*,#5908,.T.);
#2718=ORIENTED_EDGE('',*,*,#5677,.T.);
#2719=ORIENTED_EDGE('',*,*,#5861,.F.);
#2720=ORIENTED_EDGE('',*,*,#5901,.F.);
#2721=CARTESIAN_POINT('',(5.89,0.5,-3.38));
#2722=DIRECTION('',(-1.0,0.0,0.0));
#2723=DIRECTION('',(0.0,0.0,1.0));
#2724=ORIENTED_EDGE('',*,*,#5909,.T.);
#2725=ORIENTED_EDGE('',*,*,#5678,.T.);
#2726=ORIENTED_EDGE('',*,*,#5908,.F.);
#2727=ORIENTED_EDGE('',*,*,#5900,.F.);
#2728=CARTESIAN_POINT('',(6.04,0.5,-3.23));
#2729=DIRECTION('',(-0.707106781186548,0.0,0.707106781186548));
#2730=DIRECTION('',(0.0,1.0,0.0));
#2731=ORIENTED_EDGE('',*,*,#5910,.T.);
#2732=ORIENTED_EDGE('',*,*,#5679,.T.);
#2733=ORIENTED_EDGE('',*,*,#5909,.F.);
#2734=ORIENTED_EDGE('',*,*,#5899,.F.);
#2735=CARTESIAN_POINT('',(6.04,0.5,-2.73));
#2736=DIRECTION('',(-1.0,0.0,0.0));
#2737=DIRECTION('',(0.0,0.0,1.0));
#2738=ORIENTED_EDGE('',*,*,#5896,.T.);
#2739=ORIENTED_EDGE('',*,*,#5680,.T.);
#2740=ORIENTED_EDGE('',*,*,#5910,.F.);
#2741=ORIENTED_EDGE('',*,*,#5898,.F.);
#2742=CARTESIAN_POINT('',(5.89,0.5,-2.569986624807));
#2743=DIRECTION('',(-0.72956572981911,0.0,-0.68391070021861));
#2744=DIRECTION('',(-0.68391070021861,0.0,0.72956572981911));
#2745=ORIENTED_EDGE('',*,*,#5911,.F.);
#2746=ORIENTED_EDGE('',*,*,#5887,.F.);
#2747=ORIENTED_EDGE('',*,*,#5703,.T.);
#2748=ORIENTED_EDGE('',*,*,#5907,.T.);
#2749=ORIENTED_EDGE('',*,*,#5894,.F.);
#2750=CARTESIAN_POINT('',(-5.3,0.83,-1.49));
#2751=DIRECTION('',(0.0,0.0,-1.0));
#2752=DIRECTION('',(0.0,-1.0,0.0));
#2753=ORIENTED_EDGE('',*,*,#5912,.T.);
#2754=ORIENTED_EDGE('',*,*,#5913,.F.);
#2755=ORIENTED_EDGE('',*,*,#5914,.T.);
#2756=ORIENTED_EDGE('',*,*,#5915,.F.);
#2757=ORIENTED_EDGE('',*,*,#5718,.T.);
#2758=ORIENTED_EDGE('',*,*,#5916,.F.);
#2759=ORIENTED_EDGE('',*,*,#5917,.T.);
#2760=ORIENTED_EDGE('',*,*,#5918,.T.);
#2761=ORIENTED_EDGE('',*,*,#5919,.F.);
#2762=ORIENTED_EDGE('',*,*,#5920,.T.);
#2763=ORIENTED_EDGE('',*,*,#5921,.F.);
#2764=ORIENTED_EDGE('',*,*,#5922,.F.);
#2765=ORIENTED_EDGE('',*,*,#5923,.F.);
#2766=ORIENTED_EDGE('',*,*,#5924,.F.);
#2767=ORIENTED_EDGE('',*,*,#5884,.T.);
#2768=ORIENTED_EDGE('',*,*,#5911,.T.);
#2769=ORIENTED_EDGE('',*,*,#5893,.F.);
#2770=ORIENTED_EDGE('',*,*,#5925,.T.);
#2771=CARTESIAN_POINT('',(-5.3,0.83,-4.4));
#2772=DIRECTION('',(1.0,0.0,0.0));
#2773=DIRECTION('',(0.0,1.0,0.0));
#2774=ORIENTED_EDGE('',*,*,#5877,.T.);
#2775=ORIENTED_EDGE('',*,*,#5926,.T.);
#2776=ORIENTED_EDGE('',*,*,#5927,.F.);
#2777=ORIENTED_EDGE('',*,*,#5928,.T.);
#2778=ORIENTED_EDGE('',*,*,#5890,.T.);
#2779=CARTESIAN_POINT('',(0.0,0.0,-1.45));
#2780=DIRECTION('',(0.0,0.0,1.0));
#2781=DIRECTION('',(1.0,0.0,0.0));
#2782=ORIENTED_EDGE('',*,*,#5929,.F.);
#2783=ORIENTED_EDGE('',*,*,#5930,.F.);
#2784=ORIENTED_EDGE('',*,*,#5931,.T.);
#2785=ORIENTED_EDGE('',*,*,#5925,.F.);
#2786=ORIENTED_EDGE('',*,*,#5892,.T.);
#2787=CARTESIAN_POINT('',(0.0,0.0,-1.45));
#2788=DIRECTION('',(0.0,0.0,1.0));
#2789=DIRECTION('',(1.0,0.0,0.0));
#2790=ORIENTED_EDGE('',*,*,#5928,.F.);
#2791=ORIENTED_EDGE('',*,*,#5932,.F.);
#2792=ORIENTED_EDGE('',*,*,#5933,.F.);
#2793=ORIENTED_EDGE('',*,*,#5934,.T.);
#2794=ORIENTED_EDGE('',*,*,#5619,.T.);
#2795=CARTESIAN_POINT('',(5.345,1.0,0.0));
#2796=DIRECTION('',(-1.0,0.0,0.0));
#2797=DIRECTION('',(0.0,0.0,1.0));
#2798=ORIENTED_EDGE('',*,*,#5934,.F.);
#2799=ORIENTED_EDGE('',*,*,#5935,.T.);
#2800=ORIENTED_EDGE('',*,*,#5572,.T.);
#2801=ORIENTED_EDGE('',*,*,#5580,.T.);
#2802=ORIENTED_EDGE('',*,*,#5583,.T.);
#2803=CARTESIAN_POINT('',(5.495,0.85,-0.725));
#2804=DIRECTION('',(-0.707106781186548,0.707106781186548,0.0));
#2805=DIRECTION('',(0.0,0.0,1.0));
#2806=ORIENTED_EDGE('',*,*,#5935,.F.);
#2807=ORIENTED_EDGE('',*,*,#5933,.T.);
#2808=ORIENTED_EDGE('',*,*,#5936,.T.);
#2809=ORIENTED_EDGE('',*,*,#5563,.F.);
#2810=ORIENTED_EDGE('',*,*,#5573,.T.);
#2811=CARTESIAN_POINT('',(5.495,0.565,-0.15));
#2812=DIRECTION('',(-0.707106781186548,0.0,0.707106781186548));
#2813=DIRECTION('',(0.0,1.0,0.0));
#2814=ORIENTED_EDGE('',*,*,#5937,.T.);
#2815=ORIENTED_EDGE('',*,*,#5938,.T.);
#2816=ORIENTED_EDGE('',*,*,#5564,.F.);
#2817=ORIENTED_EDGE('',*,*,#5936,.F.);
#2818=CARTESIAN_POINT('',(0.0,-0.02,-0.15));
#2819=DIRECTION('',(0.0,0.707106781186548,0.707106781186548));
#2820=DIRECTION('',(1.0,0.0,-0.0));
#2821=ORIENTED_EDGE('',*,*,#5565,.F.);
#2822=ORIENTED_EDGE('',*,*,#5938,.F.);
#2823=ORIENTED_EDGE('',*,*,#5939,.T.);
#2824=ORIENTED_EDGE('',*,*,#5940,.F.);
#2825=ORIENTED_EDGE('',*,*,#5606,.T.);
#2826=CARTESIAN_POINT('',(-5.495,0.565,-0.15));
#2827=DIRECTION('',(0.707106781186548,0.0,0.707106781186548));
#2828=DIRECTION('',(0.0,-1.0,0.0));
#2829=ORIENTED_EDGE('',*,*,#5609,.F.);
#2830=ORIENTED_EDGE('',*,*,#5607,.T.);
#2831=ORIENTED_EDGE('',*,*,#5940,.T.);
#2832=ORIENTED_EDGE('',*,*,#5941,.T.);
#2833=ORIENTED_EDGE('',*,*,#5611,.T.);
#2834=CARTESIAN_POINT('',(-5.495,0.85,-0.725));
#2835=DIRECTION('',(0.707106781186548,0.707106781186548,0.0));
#2836=DIRECTION('',(0.0,0.0,-1.0));
#2837=ORIENTED_EDGE('',*,*,#5941,.F.);
#2838=ORIENTED_EDGE('',*,*,#5939,.F.);
#2839=ORIENTED_EDGE('',*,*,#5942,.T.);
#2840=ORIENTED_EDGE('',*,*,#5929,.T.);
#2841=ORIENTED_EDGE('',*,*,#5613,.F.);
#2842=CARTESIAN_POINT('',(-5.345,0.13,0.0));
#2843=DIRECTION('',(1.0,0.0,0.0));
#2844=DIRECTION('',(0.0,1.0,0.0));
#2845=ORIENTED_EDGE('',*,*,#5930,.T.);
#2846=ORIENTED_EDGE('',*,*,#5942,.F.);
#2847=ORIENTED_EDGE('',*,*,#5937,.F.);
#2848=ORIENTED_EDGE('',*,*,#5932,.T.);
#2849=ORIENTED_EDGE('',*,*,#5927,.T.);
#2850=ORIENTED_EDGE('',*,*,#5943,.T.);
#2851=ORIENTED_EDGE('',*,*,#5944,.F.);
#2852=ORIENTED_EDGE('',*,*,#5945,.T.);
#2853=CARTESIAN_POINT('',(5.345,0.13,0.0));
#2854=DIRECTION('',(-0.0,1.0,0.0));
#2855=DIRECTION('',(1.0,0.0,0.0));
#2856=ORIENTED_EDGE('',*,*,#5946,.F.);
#2857=ORIENTED_EDGE('',*,*,#5947,.T.);
#2858=ORIENTED_EDGE('',*,*,#5931,.F.);
#2859=ORIENTED_EDGE('',*,*,#5945,.F.);
#2860=ORIENTED_EDGE('',*,*,#5948,.T.);
#2861=ORIENTED_EDGE('',*,*,#5949,.F.);
#2862=ORIENTED_EDGE('',*,*,#5950,.F.);
#2863=CARTESIAN_POINT('',(-5.3,0.45,0.0));
#2864=DIRECTION('',(-1.0,0.0,0.0));
#2865=DIRECTION('',(0.0,0.0,1.0));
#2866=ORIENTED_EDGE('',*,*,#5951,.T.);
#2867=ORIENTED_EDGE('',*,*,#5952,.T.);
#2868=ORIENTED_EDGE('',*,*,#5885,.F.);
#2869=ORIENTED_EDGE('',*,*,#5924,.T.);
#2870=ORIENTED_EDGE('',*,*,#5950,.T.);
#2871=ORIENTED_EDGE('',*,*,#5953,.F.);
#2872=CARTESIAN_POINT('',(0.0,0.0,-2.55));
#2873=DIRECTION('',(0.0,0.0,-1.0));
#2874=DIRECTION('',(0.0,-1.0,0.0));
#2875=ORIENTED_EDGE('',*,*,#5916,.T.);
#2876=ORIENTED_EDGE('',*,*,#5717,.F.);
#2877=ORIENTED_EDGE('',*,*,#5954,.T.);
#2878=ORIENTED_EDGE('',*,*,#5955,.T.);
#2879=ORIENTED_EDGE('',*,*,#5956,.F.);
#2880=CARTESIAN_POINT('',(0.0,0.0,-2.55));
#2881=DIRECTION('',(0.0,0.0,-1.0));
#2882=DIRECTION('',(0.0,-1.0,0.0));
#2883=ORIENTED_EDGE('',*,*,#5957,.T.);
#2884=ORIENTED_EDGE('',*,*,#5958,.T.);
#2885=ORIENTED_EDGE('',*,*,#5707,.F.);
#2886=ORIENTED_EDGE('',*,*,#5873,.T.);
#2887=ORIENTED_EDGE('',*,*,#5959,.F.);
#2888=CARTESIAN_POINT('',(0.0,0.0,-2.55));
#2889=DIRECTION('',(0.0,0.0,-1.0));
#2890=DIRECTION('',(0.0,-1.0,0.0));
#2891=ORIENTED_EDGE('',*,*,#5960,.T.);
#2892=ORIENTED_EDGE('',*,*,#5865,.T.);
#2893=ORIENTED_EDGE('',*,*,#5882,.F.);
#2894=ORIENTED_EDGE('',*,*,#5961,.T.);
#2895=ORIENTED_EDGE('',*,*,#5962,.T.);
#2896=ORIENTED_EDGE('',*,*,#5963,.F.);
#2897=CARTESIAN_POINT('',(0.0,0.0,-2.55));
#2898=DIRECTION('',(0.0,0.0,-1.0));
#2899=DIRECTION('',(0.0,-1.0,0.0));
#2900=ORIENTED_EDGE('',*,*,#5964,.F.);
#2901=ORIENTED_EDGE('',*,*,#5953,.T.);
#2902=ORIENTED_EDGE('',*,*,#5949,.T.);
#2903=ORIENTED_EDGE('',*,*,#5921,.T.);
#2904=ORIENTED_EDGE('',*,*,#5965,.F.);
#2905=CARTESIAN_POINT('',(-5.53,0.32,-2.55));
#2906=DIRECTION('',(-0.0,1.0,0.0));
#2907=DIRECTION('',(1.0,0.0,0.0));
#2908=ORIENTED_EDGE('',*,*,#5965,.T.);
#2909=ORIENTED_EDGE('',*,*,#5920,.F.);
#2910=ORIENTED_EDGE('',*,*,#5966,.F.);
#2911=ORIENTED_EDGE('',*,*,#5967,.F.);
#2912=CARTESIAN_POINT('',(-5.556316318224,0.17,-3.6));
#2913=DIRECTION('',(-1.0,0.0,-0.0));
#2914=DIRECTION('',(0.0,0.0,-1.0));
#2915=ORIENTED_EDGE('',*,*,#5968,.T.);
#2916=ORIENTED_EDGE('',*,*,#5969,.F.);
#2917=ORIENTED_EDGE('',*,*,#5955,.F.);
#2918=ORIENTED_EDGE('',*,*,#5970,.F.);
#2919=ORIENTED_EDGE('',*,*,#5971,.F.);
#2920=ORIENTED_EDGE('',*,*,#5972,.F.);
#2921=ORIENTED_EDGE('',*,*,#5951,.F.);
#2922=ORIENTED_EDGE('',*,*,#5964,.T.);
#2923=ORIENTED_EDGE('',*,*,#5967,.T.);
#2924=ORIENTED_EDGE('',*,*,#5973,.T.);
#2925=CARTESIAN_POINT('',(-5.53,-0.83,-4.4));
#2926=DIRECTION('',(-1.0,0.0,0.0));
#2927=DIRECTION('',(0.0,0.0,1.0));
#2928=ORIENTED_EDGE('',*,*,#5973,.F.);
#2929=ORIENTED_EDGE('',*,*,#5966,.T.);
#2930=ORIENTED_EDGE('',*,*,#5919,.T.);
#2931=ORIENTED_EDGE('',*,*,#5974,.T.);
#2932=CARTESIAN_POINT('',(0.0,0.0,-3.75));
#2933=DIRECTION('',(0.0,0.0,-1.0));
#2934=DIRECTION('',(0.0,-1.0,0.0));
#2935=ORIENTED_EDGE('',*,*,#5975,.T.);
#2936=ORIENTED_EDGE('',*,*,#5976,.T.);
#2937=ORIENTED_EDGE('',*,*,#5870,.F.);
#2938=ORIENTED_EDGE('',*,*,#5977,.T.);
#2939=CARTESIAN_POINT('',(0.0,0.0,-3.75));
#2940=DIRECTION('',(0.0,0.0,-1.0));
#2941=DIRECTION('',(0.0,-1.0,0.0));
#2942=ORIENTED_EDGE('',*,*,#5978,.T.);
#2943=ORIENTED_EDGE('',*,*,#5968,.F.);
#2944=ORIENTED_EDGE('',*,*,#5974,.F.);
#2945=ORIENTED_EDGE('',*,*,#5918,.F.);
#2946=ORIENTED_EDGE('',*,*,#5979,.T.);
#2947=ORIENTED_EDGE('',*,*,#5980,.T.);
#2948=CARTESIAN_POINT('',(-5.273683681776,-0.13,-3.6));
#2949=DIRECTION('',(1.0,-0.0,0.0));
#2950=DIRECTION('',(0.0,0.0,-1.0));
#2951=ORIENTED_EDGE('',*,*,#5980,.F.);
#2952=ORIENTED_EDGE('',*,*,#5981,.F.);
#2953=ORIENTED_EDGE('',*,*,#5847,.F.);
#2954=ORIENTED_EDGE('',*,*,#5982,.T.);
#2955=CARTESIAN_POINT('',(-5.515,-0.28,-4.4));
#2956=DIRECTION('',(-0.0,1.0,0.0));
#2957=DIRECTION('',(1.0,0.0,0.0));
#2958=ORIENTED_EDGE('',*,*,#5983,.F.);
#2959=ORIENTED_EDGE('',*,*,#5982,.F.);
#2960=ORIENTED_EDGE('',*,*,#5846,.F.);
#2961=ORIENTED_EDGE('',*,*,#5984,.T.);
#2962=ORIENTED_EDGE('',*,*,#5985,.T.);
#2963=CARTESIAN_POINT('',(-5.515,-0.679,-4.4));
#2964=DIRECTION('',(-1.0,0.0,0.0));
#2965=DIRECTION('',(0.0,0.0,1.0));
#2966=ORIENTED_EDGE('',*,*,#5709,.F.);
#2967=ORIENTED_EDGE('',*,*,#5732,.F.);
#2968=ORIENTED_EDGE('',*,*,#5986,.F.);
#2969=ORIENTED_EDGE('',*,*,#5987,.F.);
#2970=ORIENTED_EDGE('',*,*,#5988,.T.);
#2971=ORIENTED_EDGE('',*,*,#5989,.F.);
#2972=ORIENTED_EDGE('',*,*,#5990,.F.);
#2973=ORIENTED_EDGE('',*,*,#5991,.F.);
#2974=ORIENTED_EDGE('',*,*,#5992,.F.);
#2975=CARTESIAN_POINT('',(0.0,0.0,-2.6));
#2976=DIRECTION('',(0.0,0.0,-1.0));
#2977=DIRECTION('',(0.0,-1.0,0.0));
#2978=ORIENTED_EDGE('',*,*,#5993,.F.);
#2979=ORIENTED_EDGE('',*,*,#5994,.F.);
#2980=ORIENTED_EDGE('',*,*,#5995,.F.);
#2981=ORIENTED_EDGE('',*,*,#5996,.T.);
#2982=ORIENTED_EDGE('',*,*,#5985,.F.);
#2983=ORIENTED_EDGE('',*,*,#5997,.F.);
#2984=ORIENTED_EDGE('',*,*,#5736,.F.);
#2985=ORIENTED_EDGE('',*,*,#5715,.F.);
#2986=ORIENTED_EDGE('',*,*,#5998,.F.);
#2987=CARTESIAN_POINT('',(0.0,0.0,-2.6));
#2988=DIRECTION('',(0.0,0.0,-1.0));
#2989=DIRECTION('',(0.0,-1.0,0.0));
#2990=ORIENTED_EDGE('',*,*,#5999,.F.);
#2991=ORIENTED_EDGE('',*,*,#5710,.F.);
#2992=ORIENTED_EDGE('',*,*,#5992,.T.);
#2993=ORIENTED_EDGE('',*,*,#6000,.F.);
#2994=CARTESIAN_POINT('',(5.715,-0.8071174951108,-2.55));
#2995=DIRECTION('',(0.0,1.0,0.0));
#2996=DIRECTION('',(0.0,0.0,-1.0));
#2997=ORIENTED_EDGE('',*,*,#6001,.F.);
#2998=ORIENTED_EDGE('',*,*,#6002,.F.);
#2999=ORIENTED_EDGE('',*,*,#6003,.F.);
#3000=ORIENTED_EDGE('',*,*,#6004,.F.);
#3001=ORIENTED_EDGE('',*,*,#6005,.F.);
#3002=ORIENTED_EDGE('',*,*,#6006,.T.);
#3003=ORIENTED_EDGE('',*,*,#5850,.F.);
#3004=ORIENTED_EDGE('',*,*,#6007,.T.);
#3005=ORIENTED_EDGE('',*,*,#5993,.T.);
#3006=ORIENTED_EDGE('',*,*,#6008,.T.);
#3007=ORIENTED_EDGE('',*,*,#6009,.T.);
#3008=ORIENTED_EDGE('',*,*,#6010,.T.);
#3009=ORIENTED_EDGE('',*,*,#6011,.T.);
#3010=ORIENTED_EDGE('',*,*,#6012,.T.);
#3011=CARTESIAN_POINT('',(-5.666,-1.03,-4.4));
#3012=DIRECTION('',(0.0,-1.0,0.0));
#3013=DIRECTION('',(0.0,0.0,-1.0));
#3014=ORIENTED_EDGE('',*,*,#6013,.F.);
#3015=ORIENTED_EDGE('',*,*,#6014,.F.);
#3016=ORIENTED_EDGE('',*,*,#6015,.F.);
#3017=ORIENTED_EDGE('',*,*,#6016,.F.);
#3018=ORIENTED_EDGE('',*,*,#6017,.F.);
#3019=ORIENTED_EDGE('',*,*,#5728,.T.);
#3020=ORIENTED_EDGE('',*,*,#5726,.T.);
#3021=ORIENTED_EDGE('',*,*,#6018,.T.);
#3022=ORIENTED_EDGE('',*,*,#6019,.T.);
#3023=ORIENTED_EDGE('',*,*,#6000,.T.);
#3024=ORIENTED_EDGE('',*,*,#5991,.T.);
#3025=ORIENTED_EDGE('',*,*,#6020,.F.);
#3026=ORIENTED_EDGE('',*,*,#5852,.F.);
#3027=ORIENTED_EDGE('',*,*,#6021,.T.);
#3028=CARTESIAN_POINT('',(-5.666,-1.03,-4.4));
#3029=DIRECTION('',(0.0,-1.0,0.0));
#3030=DIRECTION('',(0.0,0.0,-1.0));
#3031=ORIENTED_EDGE('',*,*,#6022,.F.);
#3032=ORIENTED_EDGE('',*,*,#6012,.F.);
#3033=ORIENTED_EDGE('',*,*,#6023,.T.);
#3034=ORIENTED_EDGE('',*,*,#5747,.F.);
#3035=CARTESIAN_POINT('',(-6.965,-1.057585514779,-1.7));
#3036=DIRECTION('',(-0.0,-1.0,0.0));
#3037=DIRECTION('',(-1.0,0.0,0.0));
#3038=ORIENTED_EDGE('',*,*,#6011,.F.);
#3039=ORIENTED_EDGE('',*,*,#6024,.T.);
#3040=ORIENTED_EDGE('',*,*,#5721,.F.);
#3041=ORIENTED_EDGE('',*,*,#5739,.T.);
#3042=ORIENTED_EDGE('',*,*,#6023,.F.);
#3043=CARTESIAN_POINT('',(-5.765,-0.83,-1.6));
#3044=DIRECTION('',(0.0,0.0,1.0));
#3045=DIRECTION('',(1.0,0.0,0.0));
#3046=ORIENTED_EDGE('',*,*,#6024,.F.);
#3047=ORIENTED_EDGE('',*,*,#6010,.F.);
#3048=ORIENTED_EDGE('',*,*,#6025,.T.);
#3049=ORIENTED_EDGE('',*,*,#5722,.F.);
#3050=CARTESIAN_POINT('',(-5.815,-1.056780458065,-1.65));
#3051=DIRECTION('',(0.0,-1.0,0.0));
#3052=DIRECTION('',(0.0,0.0,1.0));
#3053=ORIENTED_EDGE('',*,*,#6009,.F.);
#3054=ORIENTED_EDGE('',*,*,#6026,.T.);
#3055=ORIENTED_EDGE('',*,*,#5723,.T.);
#3056=ORIENTED_EDGE('',*,*,#6025,.F.);
#3057=CARTESIAN_POINT('',(-5.765,-0.83,-2.6));
#3058=DIRECTION('',(1.0,0.0,0.0));
#3059=DIRECTION('',(0.0,1.0,0.0));
#3060=ORIENTED_EDGE('',*,*,#5998,.T.);
#3061=ORIENTED_EDGE('',*,*,#5714,.F.);
#3062=ORIENTED_EDGE('',*,*,#6026,.F.);
#3063=ORIENTED_EDGE('',*,*,#6008,.F.);
#3064=CARTESIAN_POINT('',(-5.715,-1.056780458065,-2.55));
#3065=DIRECTION('',(0.0,-1.0,-0.0));
#3066=DIRECTION('',(0.0,0.0,-1.0));
#3067=ORIENTED_EDGE('',*,*,#5746,.F.);
#3068=ORIENTED_EDGE('',*,*,#6027,.F.);
#3069=ORIENTED_EDGE('',*,*,#6001,.T.);
#3070=ORIENTED_EDGE('',*,*,#6022,.T.);
#3071=CARTESIAN_POINT('',(-7.065,-1.03,-4.4));
#3072=DIRECTION('',(-1.0,0.0,0.0));
#3073=DIRECTION('',(0.0,0.0,1.0));
#3074=ORIENTED_EDGE('',*,*,#6005,.T.);
#3075=ORIENTED_EDGE('',*,*,#6028,.T.);
#3076=ORIENTED_EDGE('',*,*,#5742,.F.);
#3077=ORIENTED_EDGE('',*,*,#6029,.F.);
#3078=CARTESIAN_POINT('',(-7.065,-1.03,-4.4));
#3079=DIRECTION('',(-1.0,0.0,0.0));
#3080=DIRECTION('',(0.0,0.0,1.0));
#3081=ORIENTED_EDGE('',*,*,#6002,.T.);
#3082=ORIENTED_EDGE('',*,*,#6027,.T.);
#3083=ORIENTED_EDGE('',*,*,#5745,.F.);
#3084=ORIENTED_EDGE('',*,*,#6030,.F.);
#3085=CARTESIAN_POINT('',(-6.915,-1.03,-2.15));
#3086=DIRECTION('',(0.707106781186548,0.0,0.707106781186548));
#3087=DIRECTION('',(0.0,-1.0,0.0));
#3088=ORIENTED_EDGE('',*,*,#6003,.T.);
#3089=ORIENTED_EDGE('',*,*,#6030,.T.);
#3090=ORIENTED_EDGE('',*,*,#5744,.F.);
#3091=ORIENTED_EDGE('',*,*,#6031,.F.);
#3092=CARTESIAN_POINT('',(-6.915,-1.03,-2.55));
#3093=DIRECTION('',(1.0,0.0,0.0));
#3094=DIRECTION('',(0.0,1.0,0.0));
#3095=ORIENTED_EDGE('',*,*,#5743,.F.);
#3096=ORIENTED_EDGE('',*,*,#6028,.F.);
#3097=ORIENTED_EDGE('',*,*,#6004,.T.);
#3098=ORIENTED_EDGE('',*,*,#6031,.T.);
#3099=CARTESIAN_POINT('',(-7.065,-1.03,-2.7));
#3100=DIRECTION('',(0.707106781186548,0.0,-0.707106781186548));
#3101=DIRECTION('',(0.0,-1.0,0.0));
#3102=ORIENTED_EDGE('',*,*,#5851,.F.);
#3103=ORIENTED_EDGE('',*,*,#6006,.F.);
#3104=ORIENTED_EDGE('',*,*,#6029,.T.);
#3105=ORIENTED_EDGE('',*,*,#5741,.F.);
#3106=CARTESIAN_POINT('',(-6.965,-1.056316318224,-4.3));
#3107=DIRECTION('',(0.0,-1.0,-0.0));
#3108=DIRECTION('',(0.0,0.0,-1.0));
#3109=ORIENTED_EDGE('',*,*,#6032,.T.);
#3110=ORIENTED_EDGE('',*,*,#5994,.T.);
#3111=ORIENTED_EDGE('',*,*,#6007,.F.);
#3112=ORIENTED_EDGE('',*,*,#5849,.F.);
#3113=CARTESIAN_POINT('',(-5.666,-0.679,-4.4));
#3114=DIRECTION('',(-0.0,0.0,1.0));
#3115=DIRECTION('',(1.0,0.0,0.0));
#3116=ORIENTED_EDGE('',*,*,#6032,.F.);
#3117=ORIENTED_EDGE('',*,*,#5848,.F.);
#3118=ORIENTED_EDGE('',*,*,#5981,.T.);
#3119=ORIENTED_EDGE('',*,*,#6033,.T.);
#3120=ORIENTED_EDGE('',*,*,#5995,.T.);
#3121=CARTESIAN_POINT('',(-5.315,-0.28,-4.4));
#3122=DIRECTION('',(1.0,0.0,0.0));
#3123=DIRECTION('',(0.0,1.0,0.0));
#3124=ORIENTED_EDGE('',*,*,#6033,.F.);
#3125=ORIENTED_EDGE('',*,*,#5979,.F.);
#3126=ORIENTED_EDGE('',*,*,#5917,.F.);
#3127=ORIENTED_EDGE('',*,*,#5956,.T.);
#3128=ORIENTED_EDGE('',*,*,#5969,.T.);
#3129=ORIENTED_EDGE('',*,*,#5978,.F.);
#3130=ORIENTED_EDGE('',*,*,#5983,.T.);
#3131=ORIENTED_EDGE('',*,*,#5996,.F.);
#3132=CARTESIAN_POINT('',(-5.3,-0.28,-2.55));
#3133=DIRECTION('',(0.0,-1.0,0.0));
#3134=DIRECTION('',(0.0,0.0,-1.0));
#3135=ORIENTED_EDGE('',*,*,#5862,.F.);
#3136=ORIENTED_EDGE('',*,*,#5754,.F.);
#3137=ORIENTED_EDGE('',*,*,#6034,.T.);
#3138=ORIENTED_EDGE('',*,*,#6021,.F.);
#3139=CARTESIAN_POINT('',(6.965,-0.8036836817762,-4.3));
#3140=DIRECTION('',(0.0,1.0,0.0));
#3141=DIRECTION('',(0.0,0.0,-1.0));
#3142=ORIENTED_EDGE('',*,*,#5753,.F.);
#3143=ORIENTED_EDGE('',*,*,#6035,.T.);
#3144=ORIENTED_EDGE('',*,*,#6013,.T.);
#3145=ORIENTED_EDGE('',*,*,#6034,.F.);
#3146=CARTESIAN_POINT('',(7.065,-0.83,-4.4));
#3147=DIRECTION('',(1.0,0.0,0.0));
#3148=DIRECTION('',(0.0,1.0,0.0));
#3149=ORIENTED_EDGE('',*,*,#6017,.T.);
#3150=ORIENTED_EDGE('',*,*,#6036,.F.);
#3151=ORIENTED_EDGE('',*,*,#5749,.F.);
#3152=ORIENTED_EDGE('',*,*,#5729,.F.);
#3153=CARTESIAN_POINT('',(7.065,-0.83,-4.4));
#3154=DIRECTION('',(1.0,0.0,0.0));
#3155=DIRECTION('',(0.0,1.0,0.0));
#3156=ORIENTED_EDGE('',*,*,#6014,.T.);
#3157=ORIENTED_EDGE('',*,*,#6035,.F.);
#3158=ORIENTED_EDGE('',*,*,#5752,.F.);
#3159=ORIENTED_EDGE('',*,*,#6037,.F.);
#3160=CARTESIAN_POINT('',(6.915,-1.03,-2.55));
#3161=DIRECTION('',(-0.707106781186548,0.0,-0.707106781186548));
#3162=DIRECTION('',(-0.707106781186548,0.0,0.707106781186548));
#3163=ORIENTED_EDGE('',*,*,#6015,.T.);
#3164=ORIENTED_EDGE('',*,*,#6037,.T.);
#3165=ORIENTED_EDGE('',*,*,#5751,.F.);
#3166=ORIENTED_EDGE('',*,*,#6038,.F.);
#3167=CARTESIAN_POINT('',(6.915,-1.03,-2.15));
#3168=DIRECTION('',(-1.0,0.0,0.0));
#3169=DIRECTION('',(0.0,0.0,1.0));
#3170=ORIENTED_EDGE('',*,*,#5750,.F.);
#3171=ORIENTED_EDGE('',*,*,#6036,.T.);
#3172=ORIENTED_EDGE('',*,*,#6016,.T.);
#3173=ORIENTED_EDGE('',*,*,#6038,.T.);
#3174=CARTESIAN_POINT('',(7.065,-1.03,-2.0));
#3175=DIRECTION('',(-0.707106781186548,0.0,0.707106781186548));
#3176=DIRECTION('',(0.0,1.0,0.0));
#3177=ORIENTED_EDGE('',*,*,#6020,.T.);
#3178=ORIENTED_EDGE('',*,*,#5990,.T.);
#3179=ORIENTED_EDGE('',*,*,#6039,.F.);
#3180=ORIENTED_EDGE('',*,*,#5853,.F.);
#3181=CARTESIAN_POINT('',(5.666,-0.679,-4.4));
#3182=DIRECTION('',(-0.0,0.0,1.0));
#3183=DIRECTION('',(1.0,0.0,0.0));
#3184=ORIENTED_EDGE('',*,*,#6040,.F.);
#3185=ORIENTED_EDGE('',*,*,#6041,.F.);
#3186=ORIENTED_EDGE('',*,*,#5854,.F.);
#3187=ORIENTED_EDGE('',*,*,#6039,.T.);
#3188=ORIENTED_EDGE('',*,*,#5989,.T.);
#3189=CARTESIAN_POINT('',(5.315,-0.679,-4.4));
#3190=DIRECTION('',(-1.0,0.0,0.0));
#3191=DIRECTION('',(0.0,0.0,1.0));
#3192=ORIENTED_EDGE('',*,*,#6042,.F.);
#3193=ORIENTED_EDGE('',*,*,#6043,.F.);
#3194=ORIENTED_EDGE('',*,*,#5855,.F.);
#3195=ORIENTED_EDGE('',*,*,#6041,.T.);
#3196=CARTESIAN_POINT('',(5.315,-0.28,-4.4));
#3197=DIRECTION('',(-0.0,1.0,0.0));
#3198=DIRECTION('',(1.0,0.0,0.0));
#3199=ORIENTED_EDGE('',*,*,#6044,.F.);
#3200=ORIENTED_EDGE('',*,*,#5856,.F.);
#3201=ORIENTED_EDGE('',*,*,#6043,.T.);
#3202=ORIENTED_EDGE('',*,*,#6045,.T.);
#3203=ORIENTED_EDGE('',*,*,#5987,.T.);
#3204=CARTESIAN_POINT('',(5.515,-0.28,-4.4));
#3205=DIRECTION('',(1.0,0.0,0.0));
#3206=DIRECTION('',(0.0,1.0,0.0));
#3207=ORIENTED_EDGE('',*,*,#6045,.F.);
#3208=ORIENTED_EDGE('',*,*,#6046,.F.);
#3209=ORIENTED_EDGE('',*,*,#6047,.F.);
#3210=ORIENTED_EDGE('',*,*,#5959,.T.);
#3211=ORIENTED_EDGE('',*,*,#5872,.T.);
#3212=ORIENTED_EDGE('',*,*,#6048,.F.);
#3213=ORIENTED_EDGE('',*,*,#6040,.T.);
#3214=ORIENTED_EDGE('',*,*,#5988,.F.);
#3215=CARTESIAN_POINT('',(5.53,-0.28,-2.55));
#3216=DIRECTION('',(0.0,-1.0,0.0));
#3217=DIRECTION('',(0.0,0.0,-1.0));
#3218=ORIENTED_EDGE('',*,*,#6048,.T.);
#3219=ORIENTED_EDGE('',*,*,#5871,.F.);
#3220=ORIENTED_EDGE('',*,*,#5976,.F.);
#3221=ORIENTED_EDGE('',*,*,#6049,.F.);
#3222=ORIENTED_EDGE('',*,*,#6046,.T.);
#3223=ORIENTED_EDGE('',*,*,#6042,.T.);
#3224=CARTESIAN_POINT('',(5.555303836182,-0.13,-3.6));
#3225=DIRECTION('',(1.0,-0.0,0.0));
#3226=DIRECTION('',(0.0,0.0,-1.0));
#3227=ORIENTED_EDGE('',*,*,#6050,.T.);
#3228=ORIENTED_EDGE('',*,*,#6051,.F.);
#3229=ORIENTED_EDGE('',*,*,#5962,.F.);
#3230=ORIENTED_EDGE('',*,*,#6052,.F.);
#3231=ORIENTED_EDGE('',*,*,#6053,.F.);
#3232=ORIENTED_EDGE('',*,*,#6054,.F.);
#3233=ORIENTED_EDGE('',*,*,#5957,.F.);
#3234=ORIENTED_EDGE('',*,*,#6047,.T.);
#3235=ORIENTED_EDGE('',*,*,#6049,.T.);
#3236=ORIENTED_EDGE('',*,*,#5975,.F.);
#3237=CARTESIAN_POINT('',(5.53,0.83,-4.4));
#3238=DIRECTION('',(1.0,0.0,0.0));
#3239=DIRECTION('',(0.0,1.0,0.0));
#3240=ORIENTED_EDGE('',*,*,#5708,.F.);
#3241=ORIENTED_EDGE('',*,*,#5958,.F.);
#3242=ORIENTED_EDGE('',*,*,#6054,.T.);
#3243=ORIENTED_EDGE('',*,*,#6055,.T.);
#3244=ORIENTED_EDGE('',*,*,#5733,.T.);
#3245=CARTESIAN_POINT('',(5.605,-0.755,-3.475));
#3246=DIRECTION('',(-0.707106781186548,-0.707106781186548,0.0));
#3247=DIRECTION('',(-0.707106781186548,0.707106781186548,0.0));
#3248=ORIENTED_EDGE('',*,*,#6053,.T.);
#3249=ORIENTED_EDGE('',*,*,#6056,.T.);
#3250=ORIENTED_EDGE('',*,*,#5858,.F.);
#3251=ORIENTED_EDGE('',*,*,#6055,.F.);
#3252=CARTESIAN_POINT('',(5.605,0.0,-4.325));
#3253=DIRECTION('',(-0.707106781186548,0.0,-0.707106781186548));
#3254=DIRECTION('',(-0.707106781186548,0.0,0.707106781186548));
#3255=ORIENTED_EDGE('',*,*,#6052,.T.);
#3256=ORIENTED_EDGE('',*,*,#5961,.F.);
#3257=ORIENTED_EDGE('',*,*,#5881,.F.);
#3258=ORIENTED_EDGE('',*,*,#6056,.F.);
#3259=CARTESIAN_POINT('',(5.605,0.755,-3.475));
#3260=DIRECTION('',(-0.707106781186548,0.707106781186548,0.0));
#3261=DIRECTION('',(0.0,0.0,1.0));
#3262=ORIENTED_EDGE('',*,*,#5868,.F.);
#3263=ORIENTED_EDGE('',*,*,#6057,.F.);
#3264=ORIENTED_EDGE('',*,*,#5963,.T.);
#3265=ORIENTED_EDGE('',*,*,#6051,.T.);
#3266=ORIENTED_EDGE('',*,*,#6058,.F.);
#3267=CARTESIAN_POINT('',(5.3,0.32,-2.55));
#3268=DIRECTION('',(-0.0,1.0,0.0));
#3269=DIRECTION('',(1.0,0.0,0.0));
#3270=ORIENTED_EDGE('',*,*,#6058,.T.);
#3271=ORIENTED_EDGE('',*,*,#6050,.F.);
#3272=ORIENTED_EDGE('',*,*,#5977,.F.);
#3273=ORIENTED_EDGE('',*,*,#5869,.F.);
#3274=CARTESIAN_POINT('',(5.273683681776,0.17,-3.6));
#3275=DIRECTION('',(-1.0,0.0,-0.0));
#3276=DIRECTION('',(0.0,0.0,-1.0));
#3277=ORIENTED_EDGE('',*,*,#5926,.F.);
#3278=ORIENTED_EDGE('',*,*,#6059,.T.);
#3279=ORIENTED_EDGE('',*,*,#6060,.T.);
#3280=ORIENTED_EDGE('',*,*,#5960,.F.);
#3281=ORIENTED_EDGE('',*,*,#6057,.T.);
#3282=ORIENTED_EDGE('',*,*,#6061,.F.);
#3283=ORIENTED_EDGE('',*,*,#5943,.F.);
#3284=CARTESIAN_POINT('',(5.3,0.13,0.0));
#3285=DIRECTION('',(1.0,0.0,0.0));
#3286=DIRECTION('',(0.0,1.0,0.0));
#3287=ORIENTED_EDGE('',*,*,#6062,.T.);
#3288=ORIENTED_EDGE('',*,*,#6063,.T.);
#3289=ORIENTED_EDGE('',*,*,#6064,.T.);
#3290=ORIENTED_EDGE('',*,*,#6065,.F.);
#3291=ORIENTED_EDGE('',*,*,#6066,.T.);
#3292=ORIENTED_EDGE('',*,*,#6067,.T.);
#3293=ORIENTED_EDGE('',*,*,#6068,.T.);
#3294=ORIENTED_EDGE('',*,*,#6069,.F.);
#3295=ORIENTED_EDGE('',*,*,#6070,.T.);
#3296=ORIENTED_EDGE('',*,*,#6071,.T.);
#3297=ORIENTED_EDGE('',*,*,#6072,.T.);
#3298=ORIENTED_EDGE('',*,*,#6073,.F.);
#3299=ORIENTED_EDGE('',*,*,#6074,.T.);
#3300=ORIENTED_EDGE('',*,*,#6075,.T.);
#3301=ORIENTED_EDGE('',*,*,#6076,.T.);
#3302=ORIENTED_EDGE('',*,*,#6077,.F.);
#3303=ORIENTED_EDGE('',*,*,#6078,.T.);
#3304=ORIENTED_EDGE('',*,*,#6079,.T.);
#3305=ORIENTED_EDGE('',*,*,#6080,.T.);
#3306=ORIENTED_EDGE('',*,*,#6081,.F.);
#3307=ORIENTED_EDGE('',*,*,#6082,.T.);
#3308=ORIENTED_EDGE('',*,*,#6083,.T.);
#3309=ORIENTED_EDGE('',*,*,#6084,.T.);
#3310=ORIENTED_EDGE('',*,*,#6085,.F.);
#3311=ORIENTED_EDGE('',*,*,#6086,.T.);
#3312=ORIENTED_EDGE('',*,*,#6087,.T.);
#3313=ORIENTED_EDGE('',*,*,#6088,.T.);
#3314=ORIENTED_EDGE('',*,*,#6089,.F.);
#3315=ORIENTED_EDGE('',*,*,#6090,.T.);
#3316=ORIENTED_EDGE('',*,*,#6091,.T.);
#3317=ORIENTED_EDGE('',*,*,#6092,.T.);
#3318=ORIENTED_EDGE('',*,*,#6093,.F.);
#3319=ORIENTED_EDGE('',*,*,#6094,.T.);
#3320=ORIENTED_EDGE('',*,*,#6095,.T.);
#3321=ORIENTED_EDGE('',*,*,#6096,.T.);
#3322=ORIENTED_EDGE('',*,*,#6097,.F.);
#3323=ORIENTED_EDGE('',*,*,#6098,.T.);
#3324=ORIENTED_EDGE('',*,*,#6099,.T.);
#3325=ORIENTED_EDGE('',*,*,#6100,.T.);
#3326=ORIENTED_EDGE('',*,*,#6101,.F.);
#3327=ORIENTED_EDGE('',*,*,#6102,.T.);
#3328=ORIENTED_EDGE('',*,*,#6103,.T.);
#3329=ORIENTED_EDGE('',*,*,#6104,.T.);
#3330=ORIENTED_EDGE('',*,*,#6105,.F.);
#3331=ORIENTED_EDGE('',*,*,#6106,.T.);
#3332=ORIENTED_EDGE('',*,*,#6107,.T.);
#3333=ORIENTED_EDGE('',*,*,#6108,.T.);
#3334=ORIENTED_EDGE('',*,*,#6109,.F.);
#3335=ORIENTED_EDGE('',*,*,#6110,.T.);
#3336=ORIENTED_EDGE('',*,*,#6111,.T.);
#3337=ORIENTED_EDGE('',*,*,#6112,.T.);
#3338=ORIENTED_EDGE('',*,*,#6113,.F.);
#3339=ORIENTED_EDGE('',*,*,#6114,.T.);
#3340=ORIENTED_EDGE('',*,*,#6115,.T.);
#3341=ORIENTED_EDGE('',*,*,#6116,.T.);
#3342=ORIENTED_EDGE('',*,*,#6117,.F.);
#3343=ORIENTED_EDGE('',*,*,#6118,.T.);
#3344=ORIENTED_EDGE('',*,*,#6119,.T.);
#3345=ORIENTED_EDGE('',*,*,#6120,.T.);
#3346=ORIENTED_EDGE('',*,*,#6121,.F.);
#3347=ORIENTED_EDGE('',*,*,#6122,.T.);
#3348=ORIENTED_EDGE('',*,*,#6123,.T.);
#3349=ORIENTED_EDGE('',*,*,#6124,.T.);
#3350=ORIENTED_EDGE('',*,*,#6125,.F.);
#3351=ORIENTED_EDGE('',*,*,#6126,.T.);
#3352=ORIENTED_EDGE('',*,*,#6127,.T.);
#3353=ORIENTED_EDGE('',*,*,#6128,.T.);
#3354=ORIENTED_EDGE('',*,*,#6129,.F.);
#3355=ORIENTED_EDGE('',*,*,#6130,.T.);
#3356=ORIENTED_EDGE('',*,*,#6131,.T.);
#3357=ORIENTED_EDGE('',*,*,#6132,.F.);
#3358=ORIENTED_EDGE('',*,*,#6133,.F.);
#3359=ORIENTED_EDGE('',*,*,#6134,.T.);
#3360=ORIENTED_EDGE('',*,*,#6135,.T.);
#3361=ORIENTED_EDGE('',*,*,#6136,.T.);
#3362=ORIENTED_EDGE('',*,*,#6137,.F.);
#3363=ORIENTED_EDGE('',*,*,#6138,.T.);
#3364=ORIENTED_EDGE('',*,*,#5922,.T.);
#3365=ORIENTED_EDGE('',*,*,#5948,.F.);
#3366=ORIENTED_EDGE('',*,*,#5944,.T.);
#3367=ORIENTED_EDGE('',*,*,#6061,.T.);
#3368=ORIENTED_EDGE('',*,*,#5867,.F.);
#3369=ORIENTED_EDGE('',*,*,#6139,.T.);
#3370=ORIENTED_EDGE('',*,*,#6140,.T.);
#3371=ORIENTED_EDGE('',*,*,#6141,.T.);
#3372=ORIENTED_EDGE('',*,*,#6142,.F.);
#3373=CARTESIAN_POINT('',(0.0,0.0,-3.39));
#3374=DIRECTION('',(0.0,0.0,1.0));
#3375=DIRECTION('',(1.0,0.0,0.0));
#3376=ORIENTED_EDGE('',*,*,#6143,.T.);
#3377=ORIENTED_EDGE('',*,*,#6144,.T.);
#3378=ORIENTED_EDGE('',*,*,#6145,.T.);
#3379=ORIENTED_EDGE('',*,*,#6146,.T.);
#3380=ORIENTED_EDGE('',*,*,#6147,.T.);
#3381=ORIENTED_EDGE('',*,*,#5840,.T.);
#3382=CARTESIAN_POINT('',(4.65,0.0,0.0));
#3383=DIRECTION('',(-1.0,0.0,0.0));
#3384=DIRECTION('',(0.0,0.0,1.0));
#3385=ORIENTED_EDGE('',*,*,#6142,.T.);
#3386=ORIENTED_EDGE('',*,*,#6148,.T.);
#3387=ORIENTED_EDGE('',*,*,#6149,.T.);
#3388=ORIENTED_EDGE('',*,*,#6150,.T.);
#3389=ORIENTED_EDGE('',*,*,#6151,.F.);
#3390=CARTESIAN_POINT('',(4.65,0.0,0.0));
#3391=DIRECTION('',(-1.0,0.0,0.0));
#3392=DIRECTION('',(0.0,0.0,1.0));
#3393=ORIENTED_EDGE('',*,*,#6147,.F.);
#3394=ORIENTED_EDGE('',*,*,#6152,.T.);
#3395=ORIENTED_EDGE('',*,*,#6153,.T.);
#3396=ORIENTED_EDGE('',*,*,#5837,.T.);
#3397=CARTESIAN_POINT('',(4.65,-1.05,-4.6));
#3398=DIRECTION('',(0.0,-0.707106781186548,0.707106781186548));
#3399=DIRECTION('',(-1.0,0.0,0.0));
#3400=ORIENTED_EDGE('',*,*,#6153,.F.);
#3401=ORIENTED_EDGE('',*,*,#6154,.F.);
#3402=ORIENTED_EDGE('',*,*,#6155,.F.);
#3403=ORIENTED_EDGE('',*,*,#6156,.F.);
#3404=ORIENTED_EDGE('',*,*,#6157,.F.);
#3405=ORIENTED_EDGE('',*,*,#5838,.F.);
#3406=CARTESIAN_POINT('',(4.85,0.0,0.0));
#3407=DIRECTION('',(-1.0,0.0,0.0));
#3408=DIRECTION('',(0.0,0.0,1.0));
#3409=ORIENTED_EDGE('',*,*,#6158,.F.);
#3410=ORIENTED_EDGE('',*,*,#6159,.F.);
#3411=ORIENTED_EDGE('',*,*,#6160,.F.);
#3412=ORIENTED_EDGE('',*,*,#6140,.F.);
#3413=ORIENTED_EDGE('',*,*,#6161,.T.);
#3414=CARTESIAN_POINT('',(4.85,0.0,0.0));
#3415=DIRECTION('',(-1.0,0.0,0.0));
#3416=DIRECTION('',(0.0,0.0,1.0));
#3417=ORIENTED_EDGE('',*,*,#6157,.T.);
#3418=ORIENTED_EDGE('',*,*,#6162,.F.);
#3419=ORIENTED_EDGE('',*,*,#6143,.F.);
#3420=ORIENTED_EDGE('',*,*,#5839,.F.);
#3421=CARTESIAN_POINT('',(4.65,-0.42,-4.4));
#3422=DIRECTION('',(0.0,0.707106781186548,-0.707106781186548));
#3423=DIRECTION('',(-1.0,0.0,0.0));
#3424=ORIENTED_EDGE('',*,*,#6162,.T.);
#3425=ORIENTED_EDGE('',*,*,#6156,.T.);
#3426=ORIENTED_EDGE('',*,*,#6163,.F.);
#3427=ORIENTED_EDGE('',*,*,#6144,.F.);
#3428=CARTESIAN_POINT('',(4.65,-0.75,-4.73));
#3429=DIRECTION('',(-0.0,1.0,0.0));
#3430=DIRECTION('',(1.0,0.0,0.0));
#3431=ORIENTED_EDGE('',*,*,#6163,.T.);
#3432=ORIENTED_EDGE('',*,*,#6155,.T.);
#3433=ORIENTED_EDGE('',*,*,#6164,.F.);
#3434=ORIENTED_EDGE('',*,*,#6145,.F.);
#3435=CARTESIAN_POINT('',(4.65,-0.75,-5.1));
#3436=DIRECTION('',(0.0,0.0,-1.0));
#3437=DIRECTION('',(0.0,-1.0,0.0));
#3438=ORIENTED_EDGE('',*,*,#6164,.T.);
#3439=ORIENTED_EDGE('',*,*,#6154,.T.);
#3440=ORIENTED_EDGE('',*,*,#6152,.F.);
#3441=ORIENTED_EDGE('',*,*,#6146,.F.);
#3442=CARTESIAN_POINT('',(4.65,-1.05,-5.1));
#3443=DIRECTION('',(0.0,-1.0,0.0));
#3444=DIRECTION('',(0.0,0.0,-1.0));
#3445=ORIENTED_EDGE('',*,*,#6165,.F.);
#3446=ORIENTED_EDGE('',*,*,#6161,.F.);
#3447=ORIENTED_EDGE('',*,*,#6139,.F.);
#3448=ORIENTED_EDGE('',*,*,#5866,.F.);
#3449=ORIENTED_EDGE('',*,*,#6060,.F.);
#3450=ORIENTED_EDGE('',*,*,#6166,.T.);
#3451=ORIENTED_EDGE('',*,*,#5946,.T.);
#3452=ORIENTED_EDGE('',*,*,#5923,.T.);
#3453=ORIENTED_EDGE('',*,*,#6138,.F.);
#3454=ORIENTED_EDGE('',*,*,#6167,.T.);
#3455=ORIENTED_EDGE('',*,*,#6168,.F.);
#3456=ORIENTED_EDGE('',*,*,#6169,.F.);
#3457=ORIENTED_EDGE('',*,*,#6134,.F.);
#3458=ORIENTED_EDGE('',*,*,#6170,.T.);
#3459=ORIENTED_EDGE('',*,*,#6171,.T.);
#3460=ORIENTED_EDGE('',*,*,#6172,.F.);
#3461=ORIENTED_EDGE('',*,*,#6130,.F.);
#3462=ORIENTED_EDGE('',*,*,#6173,.T.);
#3463=ORIENTED_EDGE('',*,*,#6174,.F.);
#3464=ORIENTED_EDGE('',*,*,#6175,.F.);
#3465=ORIENTED_EDGE('',*,*,#6126,.F.);
#3466=ORIENTED_EDGE('',*,*,#6176,.T.);
#3467=ORIENTED_EDGE('',*,*,#6177,.F.);
#3468=ORIENTED_EDGE('',*,*,#6178,.F.);
#3469=ORIENTED_EDGE('',*,*,#6122,.F.);
#3470=ORIENTED_EDGE('',*,*,#6179,.T.);
#3471=ORIENTED_EDGE('',*,*,#6180,.F.);
#3472=ORIENTED_EDGE('',*,*,#6181,.F.);
#3473=ORIENTED_EDGE('',*,*,#6118,.F.);
#3474=ORIENTED_EDGE('',*,*,#6182,.T.);
#3475=ORIENTED_EDGE('',*,*,#6183,.F.);
#3476=ORIENTED_EDGE('',*,*,#6184,.F.);
#3477=ORIENTED_EDGE('',*,*,#6114,.F.);
#3478=ORIENTED_EDGE('',*,*,#6185,.T.);
#3479=ORIENTED_EDGE('',*,*,#6186,.F.);
#3480=ORIENTED_EDGE('',*,*,#6187,.F.);
#3481=ORIENTED_EDGE('',*,*,#6110,.F.);
#3482=ORIENTED_EDGE('',*,*,#6188,.T.);
#3483=ORIENTED_EDGE('',*,*,#6189,.F.);
#3484=ORIENTED_EDGE('',*,*,#6190,.F.);
#3485=ORIENTED_EDGE('',*,*,#6106,.F.);
#3486=ORIENTED_EDGE('',*,*,#6191,.T.);
#3487=ORIENTED_EDGE('',*,*,#6192,.F.);
#3488=ORIENTED_EDGE('',*,*,#6193,.F.);
#3489=ORIENTED_EDGE('',*,*,#6102,.F.);
#3490=ORIENTED_EDGE('',*,*,#6194,.T.);
#3491=ORIENTED_EDGE('',*,*,#6195,.F.);
#3492=ORIENTED_EDGE('',*,*,#6196,.F.);
#3493=ORIENTED_EDGE('',*,*,#6098,.F.);
#3494=ORIENTED_EDGE('',*,*,#6197,.T.);
#3495=ORIENTED_EDGE('',*,*,#6198,.F.);
#3496=ORIENTED_EDGE('',*,*,#6199,.F.);
#3497=ORIENTED_EDGE('',*,*,#6094,.F.);
#3498=ORIENTED_EDGE('',*,*,#6200,.T.);
#3499=ORIENTED_EDGE('',*,*,#6201,.F.);
#3500=ORIENTED_EDGE('',*,*,#6202,.F.);
#3501=ORIENTED_EDGE('',*,*,#6090,.F.);
#3502=ORIENTED_EDGE('',*,*,#6203,.T.);
#3503=ORIENTED_EDGE('',*,*,#6204,.F.);
#3504=ORIENTED_EDGE('',*,*,#6205,.F.);
#3505=ORIENTED_EDGE('',*,*,#6086,.F.);
#3506=ORIENTED_EDGE('',*,*,#6206,.T.);
#3507=ORIENTED_EDGE('',*,*,#6207,.F.);
#3508=ORIENTED_EDGE('',*,*,#6208,.F.);
#3509=ORIENTED_EDGE('',*,*,#6082,.F.);
#3510=ORIENTED_EDGE('',*,*,#6209,.T.);
#3511=ORIENTED_EDGE('',*,*,#6210,.F.);
#3512=ORIENTED_EDGE('',*,*,#6211,.F.);
#3513=ORIENTED_EDGE('',*,*,#6078,.F.);
#3514=ORIENTED_EDGE('',*,*,#6212,.T.);
#3515=ORIENTED_EDGE('',*,*,#6213,.F.);
#3516=ORIENTED_EDGE('',*,*,#6214,.F.);
#3517=ORIENTED_EDGE('',*,*,#6074,.F.);
#3518=ORIENTED_EDGE('',*,*,#6215,.T.);
#3519=ORIENTED_EDGE('',*,*,#6216,.F.);
#3520=ORIENTED_EDGE('',*,*,#6217,.F.);
#3521=ORIENTED_EDGE('',*,*,#6070,.F.);
#3522=ORIENTED_EDGE('',*,*,#6218,.T.);
#3523=ORIENTED_EDGE('',*,*,#6219,.F.);
#3524=ORIENTED_EDGE('',*,*,#6220,.F.);
#3525=ORIENTED_EDGE('',*,*,#6066,.F.);
#3526=ORIENTED_EDGE('',*,*,#6221,.T.);
#3527=ORIENTED_EDGE('',*,*,#6222,.F.);
#3528=ORIENTED_EDGE('',*,*,#6223,.F.);
#3529=ORIENTED_EDGE('',*,*,#6062,.F.);
#3530=ORIENTED_EDGE('',*,*,#6151,.T.);
#3531=CARTESIAN_POINT('',(0.0,0.45,-4.4));
#3532=DIRECTION('',(0.0,-1.0,0.0));
#3533=DIRECTION('',(0.0,0.0,-1.0));
#3534=ORIENTED_EDGE('',*,*,#6224,.F.);
#3535=ORIENTED_EDGE('',*,*,#6225,.F.);
#3536=ORIENTED_EDGE('',*,*,#6226,.F.);
#3537=ORIENTED_EDGE('',*,*,#6227,.F.);
#3538=ORIENTED_EDGE('',*,*,#6228,.F.);
#3539=ORIENTED_EDGE('',*,*,#5834,.F.);
#3540=CARTESIAN_POINT('',(4.35,0.0,0.0));
#3541=DIRECTION('',(-1.0,0.0,0.0));
#3542=DIRECTION('',(0.0,0.0,1.0));
#3543=ORIENTED_EDGE('',*,*,#6229,.F.);
#3544=ORIENTED_EDGE('',*,*,#6230,.F.);
#3545=ORIENTED_EDGE('',*,*,#6231,.F.);
#3546=ORIENTED_EDGE('',*,*,#6063,.F.);
#3547=ORIENTED_EDGE('',*,*,#6223,.T.);
#3548=CARTESIAN_POINT('',(4.35,0.0,0.0));
#3549=DIRECTION('',(-1.0,0.0,0.0));
#3550=DIRECTION('',(0.0,0.0,1.0));
#3551=ORIENTED_EDGE('',*,*,#6228,.T.);
#3552=ORIENTED_EDGE('',*,*,#6232,.F.);
#3553=ORIENTED_EDGE('',*,*,#6233,.F.);
#3554=ORIENTED_EDGE('',*,*,#5835,.F.);
#3555=CARTESIAN_POINT('',(4.15,-0.42,-4.4));
#3556=DIRECTION('',(0.0,0.707106781186548,-0.707106781186548));
#3557=DIRECTION('',(-1.0,0.0,0.0));
#3558=ORIENTED_EDGE('',*,*,#6233,.T.);
#3559=ORIENTED_EDGE('',*,*,#6234,.T.);
#3560=ORIENTED_EDGE('',*,*,#6235,.T.);
#3561=ORIENTED_EDGE('',*,*,#6236,.T.);
#3562=ORIENTED_EDGE('',*,*,#6237,.T.);
#3563=ORIENTED_EDGE('',*,*,#5836,.T.);
#3564=CARTESIAN_POINT('',(4.15,0.0,0.0));
#3565=DIRECTION('',(-1.0,0.0,0.0));
#3566=DIRECTION('',(0.0,0.0,1.0));
#3567=ORIENTED_EDGE('',*,*,#6065,.T.);
#3568=ORIENTED_EDGE('',*,*,#6238,.T.);
#3569=ORIENTED_EDGE('',*,*,#6239,.T.);
#3570=ORIENTED_EDGE('',*,*,#6240,.T.);
#3571=ORIENTED_EDGE('',*,*,#6221,.F.);
#3572=CARTESIAN_POINT('',(4.15,0.0,0.0));
#3573=DIRECTION('',(-1.0,0.0,0.0));
#3574=DIRECTION('',(0.0,0.0,1.0));
#3575=ORIENTED_EDGE('',*,*,#6237,.F.);
#3576=ORIENTED_EDGE('',*,*,#6241,.T.);
#3577=ORIENTED_EDGE('',*,*,#6224,.T.);
#3578=ORIENTED_EDGE('',*,*,#5833,.T.);
#3579=CARTESIAN_POINT('',(4.15,-1.05,-4.6));
#3580=DIRECTION('',(0.0,-0.707106781186548,0.707106781186548));
#3581=DIRECTION('',(-1.0,0.0,0.0));
#3582=ORIENTED_EDGE('',*,*,#6242,.T.);
#3583=ORIENTED_EDGE('',*,*,#6225,.T.);
#3584=ORIENTED_EDGE('',*,*,#6241,.F.);
#3585=ORIENTED_EDGE('',*,*,#6236,.F.);
#3586=CARTESIAN_POINT('',(4.15,-1.05,-5.1));
#3587=DIRECTION('',(0.0,-1.0,0.0));
#3588=DIRECTION('',(0.0,0.0,-1.0));
#3589=ORIENTED_EDGE('',*,*,#6243,.T.);
#3590=ORIENTED_EDGE('',*,*,#6226,.T.);
#3591=ORIENTED_EDGE('',*,*,#6242,.F.);
#3592=ORIENTED_EDGE('',*,*,#6235,.F.);
#3593=CARTESIAN_POINT('',(4.15,-0.75,-5.1));
#3594=DIRECTION('',(0.0,0.0,-1.0));
#3595=DIRECTION('',(0.0,-1.0,0.0));
#3596=ORIENTED_EDGE('',*,*,#6232,.T.);
#3597=ORIENTED_EDGE('',*,*,#6227,.T.);
#3598=ORIENTED_EDGE('',*,*,#6243,.F.);
#3599=ORIENTED_EDGE('',*,*,#6234,.F.);
#3600=CARTESIAN_POINT('',(4.15,-0.75,-4.73));
#3601=DIRECTION('',(-0.0,1.0,0.0));
#3602=DIRECTION('',(1.0,0.0,0.0));
#3603=ORIENTED_EDGE('',*,*,#6240,.F.);
#3604=ORIENTED_EDGE('',*,*,#6244,.T.);
#3605=ORIENTED_EDGE('',*,*,#6229,.T.);
#3606=ORIENTED_EDGE('',*,*,#6222,.T.);
#3607=CARTESIAN_POINT('',(4.15,0.3781801907155,-1.716957743571));
#3608=DIRECTION('',(0.0,-0.906768252741289,0.421629382064995));
#3609=DIRECTION('',(-1.0,0.0,0.0));
#3610=ORIENTED_EDGE('',*,*,#6245,.T.);
#3611=ORIENTED_EDGE('',*,*,#6230,.T.);
#3612=ORIENTED_EDGE('',*,*,#6244,.F.);
#3613=ORIENTED_EDGE('',*,*,#6239,.F.);
#3614=CARTESIAN_POINT('',(4.15,0.555,-1.799175473074));
#3615=DIRECTION('',(1.0,-0.0,0.0));
#3616=DIRECTION('',(0.0,0.0,-1.0));
#3617=ORIENTED_EDGE('',*,*,#6231,.T.);
#3618=ORIENTED_EDGE('',*,*,#6245,.F.);
#3619=ORIENTED_EDGE('',*,*,#6238,.F.);
#3620=ORIENTED_EDGE('',*,*,#6064,.F.);
#3621=CARTESIAN_POINT('',(4.15,0.441375031705,-3.39));
#3622=DIRECTION('',(0.0,-0.99868603027488,-0.051246589484579));
#3623=DIRECTION('',(0.0,0.051246589484579,-0.99868603027488));
#3624=ORIENTED_EDGE('',*,*,#6246,.F.);
#3625=ORIENTED_EDGE('',*,*,#6247,.F.);
#3626=ORIENTED_EDGE('',*,*,#6248,.F.);
#3627=ORIENTED_EDGE('',*,*,#6249,.F.);
#3628=ORIENTED_EDGE('',*,*,#6250,.F.);
#3629=ORIENTED_EDGE('',*,*,#5830,.F.);
#3630=CARTESIAN_POINT('',(3.85,0.0,0.0));
#3631=DIRECTION('',(-1.0,0.0,0.0));
#3632=DIRECTION('',(0.0,0.0,1.0));
#3633=ORIENTED_EDGE('',*,*,#6251,.F.);
#3634=ORIENTED_EDGE('',*,*,#6252,.F.);
#3635=ORIENTED_EDGE('',*,*,#6253,.F.);
#3636=ORIENTED_EDGE('',*,*,#6067,.F.);
#3637=ORIENTED_EDGE('',*,*,#6220,.T.);
#3638=CARTESIAN_POINT('',(3.85,0.0,0.0));
#3639=DIRECTION('',(-1.0,0.0,0.0));
#3640=DIRECTION('',(0.0,0.0,1.0));
#3641=ORIENTED_EDGE('',*,*,#6250,.T.);
#3642=ORIENTED_EDGE('',*,*,#6254,.F.);
#3643=ORIENTED_EDGE('',*,*,#6255,.F.);
#3644=ORIENTED_EDGE('',*,*,#5831,.F.);
#3645=CARTESIAN_POINT('',(3.65,-0.42,-4.4));
#3646=DIRECTION('',(0.0,0.707106781186548,-0.707106781186548));
#3647=DIRECTION('',(-1.0,0.0,0.0));
#3648=ORIENTED_EDGE('',*,*,#6255,.T.);
#3649=ORIENTED_EDGE('',*,*,#6256,.T.);
#3650=ORIENTED_EDGE('',*,*,#6257,.T.);
#3651=ORIENTED_EDGE('',*,*,#6258,.T.);
#3652=ORIENTED_EDGE('',*,*,#6259,.T.);
#3653=ORIENTED_EDGE('',*,*,#5832,.T.);
#3654=CARTESIAN_POINT('',(3.65,0.0,0.0));
#3655=DIRECTION('',(-1.0,0.0,0.0));
#3656=DIRECTION('',(0.0,0.0,1.0));
#3657=ORIENTED_EDGE('',*,*,#6069,.T.);
#3658=ORIENTED_EDGE('',*,*,#6260,.T.);
#3659=ORIENTED_EDGE('',*,*,#6261,.T.);
#3660=ORIENTED_EDGE('',*,*,#6262,.T.);
#3661=ORIENTED_EDGE('',*,*,#6218,.F.);
#3662=CARTESIAN_POINT('',(3.65,0.0,0.0));
#3663=DIRECTION('',(-1.0,0.0,0.0));
#3664=DIRECTION('',(0.0,0.0,1.0));
#3665=ORIENTED_EDGE('',*,*,#6259,.F.);
#3666=ORIENTED_EDGE('',*,*,#6263,.T.);
#3667=ORIENTED_EDGE('',*,*,#6246,.T.);
#3668=ORIENTED_EDGE('',*,*,#5829,.T.);
#3669=CARTESIAN_POINT('',(3.65,-1.05,-4.6));
#3670=DIRECTION('',(0.0,-0.707106781186548,0.707106781186548));
#3671=DIRECTION('',(-1.0,0.0,0.0));
#3672=ORIENTED_EDGE('',*,*,#6264,.T.);
#3673=ORIENTED_EDGE('',*,*,#6247,.T.);
#3674=ORIENTED_EDGE('',*,*,#6263,.F.);
#3675=ORIENTED_EDGE('',*,*,#6258,.F.);
#3676=CARTESIAN_POINT('',(3.65,-1.05,-5.1));
#3677=DIRECTION('',(0.0,-1.0,0.0));
#3678=DIRECTION('',(0.0,0.0,-1.0));
#3679=ORIENTED_EDGE('',*,*,#6265,.T.);
#3680=ORIENTED_EDGE('',*,*,#6248,.T.);
#3681=ORIENTED_EDGE('',*,*,#6264,.F.);
#3682=ORIENTED_EDGE('',*,*,#6257,.F.);
#3683=CARTESIAN_POINT('',(3.65,-0.75,-5.1));
#3684=DIRECTION('',(0.0,0.0,-1.0));
#3685=DIRECTION('',(0.0,-1.0,0.0));
#3686=ORIENTED_EDGE('',*,*,#6254,.T.);
#3687=ORIENTED_EDGE('',*,*,#6249,.T.);
#3688=ORIENTED_EDGE('',*,*,#6265,.F.);
#3689=ORIENTED_EDGE('',*,*,#6256,.F.);
#3690=CARTESIAN_POINT('',(3.65,-0.75,-4.73));
#3691=DIRECTION('',(-0.0,1.0,0.0));
#3692=DIRECTION('',(1.0,0.0,0.0));
#3693=ORIENTED_EDGE('',*,*,#6262,.F.);
#3694=ORIENTED_EDGE('',*,*,#6266,.T.);
#3695=ORIENTED_EDGE('',*,*,#6251,.T.);
#3696=ORIENTED_EDGE('',*,*,#6219,.T.);
#3697=CARTESIAN_POINT('',(3.65,0.3781801907155,-1.716957743571));
#3698=DIRECTION('',(0.0,-0.906768252741289,0.421629382064995));
#3699=DIRECTION('',(-1.0,0.0,0.0));
#3700=ORIENTED_EDGE('',*,*,#6267,.T.);
#3701=ORIENTED_EDGE('',*,*,#6252,.T.);
#3702=ORIENTED_EDGE('',*,*,#6266,.F.);
#3703=ORIENTED_EDGE('',*,*,#6261,.F.);
#3704=CARTESIAN_POINT('',(3.65,0.555,-1.799175473074));
#3705=DIRECTION('',(1.0,-0.0,0.0));
#3706=DIRECTION('',(0.0,0.0,-1.0));
#3707=ORIENTED_EDGE('',*,*,#6253,.T.);
#3708=ORIENTED_EDGE('',*,*,#6267,.F.);
#3709=ORIENTED_EDGE('',*,*,#6260,.F.);
#3710=ORIENTED_EDGE('',*,*,#6068,.F.);
#3711=CARTESIAN_POINT('',(3.65,0.441375031705,-3.39));
#3712=DIRECTION('',(0.0,-0.99868603027488,-0.051246589484579));
#3713=DIRECTION('',(0.0,0.051246589484579,-0.99868603027488));
#3714=ORIENTED_EDGE('',*,*,#6268,.F.);
#3715=ORIENTED_EDGE('',*,*,#6269,.F.);
#3716=ORIENTED_EDGE('',*,*,#6270,.F.);
#3717=ORIENTED_EDGE('',*,*,#6271,.F.);
#3718=ORIENTED_EDGE('',*,*,#6272,.F.);
#3719=ORIENTED_EDGE('',*,*,#5826,.F.);
#3720=CARTESIAN_POINT('',(3.35,0.0,0.0));
#3721=DIRECTION('',(-1.0,0.0,0.0));
#3722=DIRECTION('',(0.0,0.0,1.0));
#3723=ORIENTED_EDGE('',*,*,#6273,.F.);
#3724=ORIENTED_EDGE('',*,*,#6274,.F.);
#3725=ORIENTED_EDGE('',*,*,#6275,.F.);
#3726=ORIENTED_EDGE('',*,*,#6071,.F.);
#3727=ORIENTED_EDGE('',*,*,#6217,.T.);
#3728=CARTESIAN_POINT('',(3.35,0.0,0.0));
#3729=DIRECTION('',(-1.0,0.0,0.0));
#3730=DIRECTION('',(0.0,0.0,1.0));
#3731=ORIENTED_EDGE('',*,*,#6272,.T.);
#3732=ORIENTED_EDGE('',*,*,#6276,.F.);
#3733=ORIENTED_EDGE('',*,*,#6277,.F.);
#3734=ORIENTED_EDGE('',*,*,#5827,.F.);
#3735=CARTESIAN_POINT('',(3.15,-0.42,-4.4));
#3736=DIRECTION('',(0.0,0.707106781186548,-0.707106781186548));
#3737=DIRECTION('',(-1.0,0.0,0.0));
#3738=ORIENTED_EDGE('',*,*,#6277,.T.);
#3739=ORIENTED_EDGE('',*,*,#6278,.T.);
#3740=ORIENTED_EDGE('',*,*,#6279,.T.);
#3741=ORIENTED_EDGE('',*,*,#6280,.T.);
#3742=ORIENTED_EDGE('',*,*,#6281,.T.);
#3743=ORIENTED_EDGE('',*,*,#5828,.T.);
#3744=CARTESIAN_POINT('',(3.15,0.0,0.0));
#3745=DIRECTION('',(-1.0,0.0,0.0));
#3746=DIRECTION('',(0.0,0.0,1.0));
#3747=ORIENTED_EDGE('',*,*,#6073,.T.);
#3748=ORIENTED_EDGE('',*,*,#6282,.T.);
#3749=ORIENTED_EDGE('',*,*,#6283,.T.);
#3750=ORIENTED_EDGE('',*,*,#6284,.T.);
#3751=ORIENTED_EDGE('',*,*,#6215,.F.);
#3752=CARTESIAN_POINT('',(3.15,0.0,0.0));
#3753=DIRECTION('',(-1.0,0.0,0.0));
#3754=DIRECTION('',(0.0,0.0,1.0));
#3755=ORIENTED_EDGE('',*,*,#6281,.F.);
#3756=ORIENTED_EDGE('',*,*,#6285,.T.);
#3757=ORIENTED_EDGE('',*,*,#6268,.T.);
#3758=ORIENTED_EDGE('',*,*,#5825,.T.);
#3759=CARTESIAN_POINT('',(3.15,-1.05,-4.6));
#3760=DIRECTION('',(0.0,-0.707106781186548,0.707106781186548));
#3761=DIRECTION('',(-1.0,0.0,0.0));
#3762=ORIENTED_EDGE('',*,*,#6286,.T.);
#3763=ORIENTED_EDGE('',*,*,#6269,.T.);
#3764=ORIENTED_EDGE('',*,*,#6285,.F.);
#3765=ORIENTED_EDGE('',*,*,#6280,.F.);
#3766=CARTESIAN_POINT('',(3.15,-1.05,-5.1));
#3767=DIRECTION('',(0.0,-1.0,0.0));
#3768=DIRECTION('',(0.0,0.0,-1.0));
#3769=ORIENTED_EDGE('',*,*,#6287,.T.);
#3770=ORIENTED_EDGE('',*,*,#6270,.T.);
#3771=ORIENTED_EDGE('',*,*,#6286,.F.);
#3772=ORIENTED_EDGE('',*,*,#6279,.F.);
#3773=CARTESIAN_POINT('',(3.15,-0.75,-5.1));
#3774=DIRECTION('',(0.0,0.0,-1.0));
#3775=DIRECTION('',(0.0,-1.0,0.0));
#3776=ORIENTED_EDGE('',*,*,#6276,.T.);
#3777=ORIENTED_EDGE('',*,*,#6271,.T.);
#3778=ORIENTED_EDGE('',*,*,#6287,.F.);
#3779=ORIENTED_EDGE('',*,*,#6278,.F.);
#3780=CARTESIAN_POINT('',(3.15,-0.75,-4.73));
#3781=DIRECTION('',(-0.0,1.0,0.0));
#3782=DIRECTION('',(1.0,0.0,0.0));
#3783=ORIENTED_EDGE('',*,*,#6284,.F.);
#3784=ORIENTED_EDGE('',*,*,#6288,.T.);
#3785=ORIENTED_EDGE('',*,*,#6273,.T.);
#3786=ORIENTED_EDGE('',*,*,#6216,.T.);
#3787=CARTESIAN_POINT('',(3.15,0.3781801907155,-1.716957743571));
#3788=DIRECTION('',(0.0,-0.906768252741289,0.421629382064995));
#3789=DIRECTION('',(-1.0,0.0,0.0));
#3790=ORIENTED_EDGE('',*,*,#6289,.T.);
#3791=ORIENTED_EDGE('',*,*,#6274,.T.);
#3792=ORIENTED_EDGE('',*,*,#6288,.F.);
#3793=ORIENTED_EDGE('',*,*,#6283,.F.);
#3794=CARTESIAN_POINT('',(3.15,0.555,-1.799175473074));
#3795=DIRECTION('',(1.0,-0.0,0.0));
#3796=DIRECTION('',(0.0,0.0,-1.0));
#3797=ORIENTED_EDGE('',*,*,#6275,.T.);
#3798=ORIENTED_EDGE('',*,*,#6289,.F.);
#3799=ORIENTED_EDGE('',*,*,#6282,.F.);
#3800=ORIENTED_EDGE('',*,*,#6072,.F.);
#3801=CARTESIAN_POINT('',(3.15,0.441375031705,-3.39));
#3802=DIRECTION('',(0.0,-0.99868603027488,-0.051246589484579));
#3803=DIRECTION('',(0.0,0.051246589484579,-0.99868603027488));
#3804=ORIENTED_EDGE('',*,*,#6290,.F.);
#3805=ORIENTED_EDGE('',*,*,#6291,.F.);
#3806=ORIENTED_EDGE('',*,*,#6292,.F.);
#3807=ORIENTED_EDGE('',*,*,#6293,.F.);
#3808=ORIENTED_EDGE('',*,*,#6294,.F.);
#3809=ORIENTED_EDGE('',*,*,#5822,.F.);
#3810=CARTESIAN_POINT('',(2.85,0.0,0.0));
#3811=DIRECTION('',(-1.0,0.0,0.0));
#3812=DIRECTION('',(0.0,0.0,1.0));
#3813=ORIENTED_EDGE('',*,*,#6295,.F.);
#3814=ORIENTED_EDGE('',*,*,#6296,.F.);
#3815=ORIENTED_EDGE('',*,*,#6297,.F.);
#3816=ORIENTED_EDGE('',*,*,#6075,.F.);
#3817=ORIENTED_EDGE('',*,*,#6214,.T.);
#3818=CARTESIAN_POINT('',(2.85,0.0,0.0));
#3819=DIRECTION('',(-1.0,0.0,0.0));
#3820=DIRECTION('',(0.0,0.0,1.0));
#3821=ORIENTED_EDGE('',*,*,#6294,.T.);
#3822=ORIENTED_EDGE('',*,*,#6298,.F.);
#3823=ORIENTED_EDGE('',*,*,#6299,.F.);
#3824=ORIENTED_EDGE('',*,*,#5823,.F.);
#3825=CARTESIAN_POINT('',(2.65,-0.42,-4.4));
#3826=DIRECTION('',(0.0,0.707106781186548,-0.707106781186548));
#3827=DIRECTION('',(-1.0,0.0,0.0));
#3828=ORIENTED_EDGE('',*,*,#6299,.T.);
#3829=ORIENTED_EDGE('',*,*,#6300,.T.);
#3830=ORIENTED_EDGE('',*,*,#6301,.T.);
#3831=ORIENTED_EDGE('',*,*,#6302,.T.);
#3832=ORIENTED_EDGE('',*,*,#6303,.T.);
#3833=ORIENTED_EDGE('',*,*,#5824,.T.);
#3834=CARTESIAN_POINT('',(2.65,0.0,0.0));
#3835=DIRECTION('',(-1.0,0.0,0.0));
#3836=DIRECTION('',(0.0,0.0,1.0));
#3837=ORIENTED_EDGE('',*,*,#6077,.T.);
#3838=ORIENTED_EDGE('',*,*,#6304,.T.);
#3839=ORIENTED_EDGE('',*,*,#6305,.T.);
#3840=ORIENTED_EDGE('',*,*,#6306,.T.);
#3841=ORIENTED_EDGE('',*,*,#6212,.F.);
#3842=CARTESIAN_POINT('',(2.65,0.0,0.0));
#3843=DIRECTION('',(-1.0,0.0,0.0));
#3844=DIRECTION('',(0.0,0.0,1.0));
#3845=ORIENTED_EDGE('',*,*,#6303,.F.);
#3846=ORIENTED_EDGE('',*,*,#6307,.T.);
#3847=ORIENTED_EDGE('',*,*,#6290,.T.);
#3848=ORIENTED_EDGE('',*,*,#5821,.T.);
#3849=CARTESIAN_POINT('',(2.65,-1.05,-4.6));
#3850=DIRECTION('',(0.0,-0.707106781186548,0.707106781186548));
#3851=DIRECTION('',(-1.0,0.0,0.0));
#3852=ORIENTED_EDGE('',*,*,#6308,.T.);
#3853=ORIENTED_EDGE('',*,*,#6291,.T.);
#3854=ORIENTED_EDGE('',*,*,#6307,.F.);
#3855=ORIENTED_EDGE('',*,*,#6302,.F.);
#3856=CARTESIAN_POINT('',(2.65,-1.05,-5.1));
#3857=DIRECTION('',(0.0,-1.0,0.0));
#3858=DIRECTION('',(0.0,0.0,-1.0));
#3859=ORIENTED_EDGE('',*,*,#6309,.T.);
#3860=ORIENTED_EDGE('',*,*,#6292,.T.);
#3861=ORIENTED_EDGE('',*,*,#6308,.F.);
#3862=ORIENTED_EDGE('',*,*,#6301,.F.);
#3863=CARTESIAN_POINT('',(2.65,-0.75,-5.1));
#3864=DIRECTION('',(0.0,0.0,-1.0));
#3865=DIRECTION('',(0.0,-1.0,0.0));
#3866=ORIENTED_EDGE('',*,*,#6298,.T.);
#3867=ORIENTED_EDGE('',*,*,#6293,.T.);
#3868=ORIENTED_EDGE('',*,*,#6309,.F.);
#3869=ORIENTED_EDGE('',*,*,#6300,.F.);
#3870=CARTESIAN_POINT('',(2.65,-0.75,-4.73));
#3871=DIRECTION('',(-0.0,1.0,0.0));
#3872=DIRECTION('',(1.0,0.0,0.0));
#3873=ORIENTED_EDGE('',*,*,#6306,.F.);
#3874=ORIENTED_EDGE('',*,*,#6310,.T.);
#3875=ORIENTED_EDGE('',*,*,#6295,.T.);
#3876=ORIENTED_EDGE('',*,*,#6213,.T.);
#3877=CARTESIAN_POINT('',(2.65,0.3781801907155,-1.716957743571));
#3878=DIRECTION('',(0.0,-0.906768252741289,0.421629382064995));
#3879=DIRECTION('',(-1.0,0.0,0.0));
#3880=ORIENTED_EDGE('',*,*,#6311,.T.);
#3881=ORIENTED_EDGE('',*,*,#6296,.T.);
#3882=ORIENTED_EDGE('',*,*,#6310,.F.);
#3883=ORIENTED_EDGE('',*,*,#6305,.F.);
#3884=CARTESIAN_POINT('',(2.65,0.555,-1.799175473074));
#3885=DIRECTION('',(1.0,-0.0,0.0));
#3886=DIRECTION('',(0.0,0.0,-1.0));
#3887=ORIENTED_EDGE('',*,*,#6297,.T.);
#3888=ORIENTED_EDGE('',*,*,#6311,.F.);
#3889=ORIENTED_EDGE('',*,*,#6304,.F.);
#3890=ORIENTED_EDGE('',*,*,#6076,.F.);
#3891=CARTESIAN_POINT('',(2.65,0.441375031705,-3.39));
#3892=DIRECTION('',(0.0,-0.99868603027488,-0.051246589484579));
#3893=DIRECTION('',(0.0,0.051246589484579,-0.99868603027488));
#3894=ORIENTED_EDGE('',*,*,#6312,.F.);
#3895=ORIENTED_EDGE('',*,*,#6313,.F.);
#3896=ORIENTED_EDGE('',*,*,#6314,.F.);
#3897=ORIENTED_EDGE('',*,*,#6315,.F.);
#3898=ORIENTED_EDGE('',*,*,#6316,.F.);
#3899=ORIENTED_EDGE('',*,*,#5818,.F.);
#3900=CARTESIAN_POINT('',(2.35,0.0,0.0));
#3901=DIRECTION('',(-1.0,0.0,0.0));
#3902=DIRECTION('',(0.0,0.0,1.0));
#3903=ORIENTED_EDGE('',*,*,#6317,.F.);
#3904=ORIENTED_EDGE('',*,*,#6318,.F.);
#3905=ORIENTED_EDGE('',*,*,#6319,.F.);
#3906=ORIENTED_EDGE('',*,*,#6079,.F.);
#3907=ORIENTED_EDGE('',*,*,#6211,.T.);
#3908=CARTESIAN_POINT('',(2.35,0.0,0.0));
#3909=DIRECTION('',(-1.0,0.0,0.0));
#3910=DIRECTION('',(0.0,0.0,1.0));
#3911=ORIENTED_EDGE('',*,*,#6316,.T.);
#3912=ORIENTED_EDGE('',*,*,#6320,.F.);
#3913=ORIENTED_EDGE('',*,*,#6321,.F.);
#3914=ORIENTED_EDGE('',*,*,#5819,.F.);
#3915=CARTESIAN_POINT('',(2.15,-0.42,-4.4));
#3916=DIRECTION('',(0.0,0.707106781186548,-0.707106781186548));
#3917=DIRECTION('',(-1.0,0.0,0.0));
#3918=ORIENTED_EDGE('',*,*,#6321,.T.);
#3919=ORIENTED_EDGE('',*,*,#6322,.T.);
#3920=ORIENTED_EDGE('',*,*,#6323,.T.);
#3921=ORIENTED_EDGE('',*,*,#6324,.T.);
#3922=ORIENTED_EDGE('',*,*,#6325,.T.);
#3923=ORIENTED_EDGE('',*,*,#5820,.T.);
#3924=CARTESIAN_POINT('',(2.15,0.0,0.0));
#3925=DIRECTION('',(-1.0,0.0,0.0));
#3926=DIRECTION('',(0.0,0.0,1.0));
#3927=ORIENTED_EDGE('',*,*,#6081,.T.);
#3928=ORIENTED_EDGE('',*,*,#6326,.T.);
#3929=ORIENTED_EDGE('',*,*,#6327,.T.);
#3930=ORIENTED_EDGE('',*,*,#6328,.T.);
#3931=ORIENTED_EDGE('',*,*,#6209,.F.);
#3932=CARTESIAN_POINT('',(2.15,0.0,0.0));
#3933=DIRECTION('',(-1.0,0.0,0.0));
#3934=DIRECTION('',(0.0,0.0,1.0));
#3935=ORIENTED_EDGE('',*,*,#6325,.F.);
#3936=ORIENTED_EDGE('',*,*,#6329,.T.);
#3937=ORIENTED_EDGE('',*,*,#6312,.T.);
#3938=ORIENTED_EDGE('',*,*,#5817,.T.);
#3939=CARTESIAN_POINT('',(2.15,-1.05,-4.6));
#3940=DIRECTION('',(0.0,-0.707106781186548,0.707106781186548));
#3941=DIRECTION('',(-1.0,0.0,0.0));
#3942=ORIENTED_EDGE('',*,*,#6330,.T.);
#3943=ORIENTED_EDGE('',*,*,#6313,.T.);
#3944=ORIENTED_EDGE('',*,*,#6329,.F.);
#3945=ORIENTED_EDGE('',*,*,#6324,.F.);
#3946=CARTESIAN_POINT('',(2.15,-1.05,-5.1));
#3947=DIRECTION('',(0.0,-1.0,0.0));
#3948=DIRECTION('',(0.0,0.0,-1.0));
#3949=ORIENTED_EDGE('',*,*,#6331,.T.);
#3950=ORIENTED_EDGE('',*,*,#6314,.T.);
#3951=ORIENTED_EDGE('',*,*,#6330,.F.);
#3952=ORIENTED_EDGE('',*,*,#6323,.F.);
#3953=CARTESIAN_POINT('',(2.15,-0.75,-5.1));
#3954=DIRECTION('',(0.0,0.0,-1.0));
#3955=DIRECTION('',(0.0,-1.0,0.0));
#3956=ORIENTED_EDGE('',*,*,#6320,.T.);
#3957=ORIENTED_EDGE('',*,*,#6315,.T.);
#3958=ORIENTED_EDGE('',*,*,#6331,.F.);
#3959=ORIENTED_EDGE('',*,*,#6322,.F.);
#3960=CARTESIAN_POINT('',(2.15,-0.75,-4.73));
#3961=DIRECTION('',(-0.0,1.0,0.0));
#3962=DIRECTION('',(1.0,0.0,0.0));
#3963=ORIENTED_EDGE('',*,*,#6328,.F.);
#3964=ORIENTED_EDGE('',*,*,#6332,.T.);
#3965=ORIENTED_EDGE('',*,*,#6317,.T.);
#3966=ORIENTED_EDGE('',*,*,#6210,.T.);
#3967=CARTESIAN_POINT('',(2.15,0.3781801907155,-1.716957743571));
#3968=DIRECTION('',(0.0,-0.906768252741289,0.421629382064995));
#3969=DIRECTION('',(-1.0,0.0,0.0));
#3970=ORIENTED_EDGE('',*,*,#6333,.T.);
#3971=ORIENTED_EDGE('',*,*,#6318,.T.);
#3972=ORIENTED_EDGE('',*,*,#6332,.F.);
#3973=ORIENTED_EDGE('',*,*,#6327,.F.);
#3974=CARTESIAN_POINT('',(2.15,0.555,-1.799175473074));
#3975=DIRECTION('',(1.0,-0.0,0.0));
#3976=DIRECTION('',(0.0,0.0,-1.0));
#3977=ORIENTED_EDGE('',*,*,#6319,.T.);
#3978=ORIENTED_EDGE('',*,*,#6333,.F.);
#3979=ORIENTED_EDGE('',*,*,#6326,.F.);
#3980=ORIENTED_EDGE('',*,*,#6080,.F.);
#3981=CARTESIAN_POINT('',(2.15,0.441375031705,-3.39));
#3982=DIRECTION('',(0.0,-0.99868603027488,-0.051246589484579));
#3983=DIRECTION('',(0.0,0.051246589484579,-0.99868603027488));
#3984=ORIENTED_EDGE('',*,*,#6334,.F.);
#3985=ORIENTED_EDGE('',*,*,#6335,.F.);
#3986=ORIENTED_EDGE('',*,*,#6336,.F.);
#3987=ORIENTED_EDGE('',*,*,#6337,.F.);
#3988=ORIENTED_EDGE('',*,*,#6338,.F.);
#3989=ORIENTED_EDGE('',*,*,#5814,.F.);
#3990=CARTESIAN_POINT('',(1.85,0.0,0.0));
#3991=DIRECTION('',(-1.0,0.0,0.0));
#3992=DIRECTION('',(0.0,0.0,1.0));
#3993=ORIENTED_EDGE('',*,*,#6339,.F.);
#3994=ORIENTED_EDGE('',*,*,#6340,.F.);
#3995=ORIENTED_EDGE('',*,*,#6341,.F.);
#3996=ORIENTED_EDGE('',*,*,#6083,.F.);
#3997=ORIENTED_EDGE('',*,*,#6208,.T.);
#3998=CARTESIAN_POINT('',(1.85,0.0,0.0));
#3999=DIRECTION('',(-1.0,0.0,0.0));
#4000=DIRECTION('',(0.0,0.0,1.0));
#4001=ORIENTED_EDGE('',*,*,#6338,.T.);
#4002=ORIENTED_EDGE('',*,*,#6342,.F.);
#4003=ORIENTED_EDGE('',*,*,#6343,.F.);
#4004=ORIENTED_EDGE('',*,*,#5815,.F.);
#4005=CARTESIAN_POINT('',(1.65,-0.42,-4.4));
#4006=DIRECTION('',(0.0,0.707106781186548,-0.707106781186548));
#4007=DIRECTION('',(-1.0,0.0,0.0));
#4008=ORIENTED_EDGE('',*,*,#6343,.T.);
#4009=ORIENTED_EDGE('',*,*,#6344,.T.);
#4010=ORIENTED_EDGE('',*,*,#6345,.T.);
#4011=ORIENTED_EDGE('',*,*,#6346,.T.);
#4012=ORIENTED_EDGE('',*,*,#6347,.T.);
#4013=ORIENTED_EDGE('',*,*,#5816,.T.);
#4014=CARTESIAN_POINT('',(1.65,0.0,0.0));
#4015=DIRECTION('',(-1.0,0.0,0.0));
#4016=DIRECTION('',(0.0,0.0,1.0));
#4017=ORIENTED_EDGE('',*,*,#6085,.T.);
#4018=ORIENTED_EDGE('',*,*,#6348,.T.);
#4019=ORIENTED_EDGE('',*,*,#6349,.T.);
#4020=ORIENTED_EDGE('',*,*,#6350,.T.);
#4021=ORIENTED_EDGE('',*,*,#6206,.F.);
#4022=CARTESIAN_POINT('',(1.65,0.0,0.0));
#4023=DIRECTION('',(-1.0,0.0,0.0));
#4024=DIRECTION('',(0.0,0.0,1.0));
#4025=ORIENTED_EDGE('',*,*,#6347,.F.);
#4026=ORIENTED_EDGE('',*,*,#6351,.T.);
#4027=ORIENTED_EDGE('',*,*,#6334,.T.);
#4028=ORIENTED_EDGE('',*,*,#5813,.T.);
#4029=CARTESIAN_POINT('',(1.65,-1.05,-4.6));
#4030=DIRECTION('',(0.0,-0.707106781186548,0.707106781186548));
#4031=DIRECTION('',(-1.0,0.0,0.0));
#4032=ORIENTED_EDGE('',*,*,#6352,.T.);
#4033=ORIENTED_EDGE('',*,*,#6335,.T.);
#4034=ORIENTED_EDGE('',*,*,#6351,.F.);
#4035=ORIENTED_EDGE('',*,*,#6346,.F.);
#4036=CARTESIAN_POINT('',(1.65,-1.05,-5.1));
#4037=DIRECTION('',(0.0,-1.0,0.0));
#4038=DIRECTION('',(0.0,0.0,-1.0));
#4039=ORIENTED_EDGE('',*,*,#6353,.T.);
#4040=ORIENTED_EDGE('',*,*,#6336,.T.);
#4041=ORIENTED_EDGE('',*,*,#6352,.F.);
#4042=ORIENTED_EDGE('',*,*,#6345,.F.);
#4043=CARTESIAN_POINT('',(1.65,-0.75,-5.1));
#4044=DIRECTION('',(0.0,0.0,-1.0));
#4045=DIRECTION('',(0.0,-1.0,0.0));
#4046=ORIENTED_EDGE('',*,*,#6342,.T.);
#4047=ORIENTED_EDGE('',*,*,#6337,.T.);
#4048=ORIENTED_EDGE('',*,*,#6353,.F.);
#4049=ORIENTED_EDGE('',*,*,#6344,.F.);
#4050=CARTESIAN_POINT('',(1.65,-0.75,-4.73));
#4051=DIRECTION('',(-0.0,1.0,0.0));
#4052=DIRECTION('',(1.0,0.0,0.0));
#4053=ORIENTED_EDGE('',*,*,#6350,.F.);
#4054=ORIENTED_EDGE('',*,*,#6354,.T.);
#4055=ORIENTED_EDGE('',*,*,#6339,.T.);
#4056=ORIENTED_EDGE('',*,*,#6207,.T.);
#4057=CARTESIAN_POINT('',(1.65,0.3781801907155,-1.716957743571));
#4058=DIRECTION('',(0.0,-0.906768252741289,0.421629382064995));
#4059=DIRECTION('',(-1.0,0.0,0.0));
#4060=ORIENTED_EDGE('',*,*,#6355,.T.);
#4061=ORIENTED_EDGE('',*,*,#6340,.T.);
#4062=ORIENTED_EDGE('',*,*,#6354,.F.);
#4063=ORIENTED_EDGE('',*,*,#6349,.F.);
#4064=CARTESIAN_POINT('',(1.65,0.555,-1.799175473074));
#4065=DIRECTION('',(1.0,-0.0,0.0));
#4066=DIRECTION('',(0.0,0.0,-1.0));
#4067=ORIENTED_EDGE('',*,*,#6341,.T.);
#4068=ORIENTED_EDGE('',*,*,#6355,.F.);
#4069=ORIENTED_EDGE('',*,*,#6348,.F.);
#4070=ORIENTED_EDGE('',*,*,#6084,.F.);
#4071=CARTESIAN_POINT('',(1.65,0.441375031705,-3.39));
#4072=DIRECTION('',(0.0,-0.99868603027488,-0.051246589484579));
#4073=DIRECTION('',(0.0,0.051246589484579,-0.99868603027488));
#4074=ORIENTED_EDGE('',*,*,#6356,.F.);
#4075=ORIENTED_EDGE('',*,*,#6357,.F.);
#4076=ORIENTED_EDGE('',*,*,#6358,.F.);
#4077=ORIENTED_EDGE('',*,*,#6359,.F.);
#4078=ORIENTED_EDGE('',*,*,#6360,.F.);
#4079=ORIENTED_EDGE('',*,*,#5810,.F.);
#4080=CARTESIAN_POINT('',(1.35,0.0,0.0));
#4081=DIRECTION('',(-1.0,0.0,0.0));
#4082=DIRECTION('',(0.0,0.0,1.0));
#4083=ORIENTED_EDGE('',*,*,#6361,.F.);
#4084=ORIENTED_EDGE('',*,*,#6362,.F.);
#4085=ORIENTED_EDGE('',*,*,#6363,.F.);
#4086=ORIENTED_EDGE('',*,*,#6087,.F.);
#4087=ORIENTED_EDGE('',*,*,#6205,.T.);
#4088=CARTESIAN_POINT('',(1.35,0.0,0.0));
#4089=DIRECTION('',(-1.0,0.0,0.0));
#4090=DIRECTION('',(0.0,0.0,1.0));
#4091=ORIENTED_EDGE('',*,*,#6360,.T.);
#4092=ORIENTED_EDGE('',*,*,#6364,.F.);
#4093=ORIENTED_EDGE('',*,*,#6365,.F.);
#4094=ORIENTED_EDGE('',*,*,#5811,.F.);
#4095=CARTESIAN_POINT('',(1.15,-0.42,-4.4));
#4096=DIRECTION('',(0.0,0.707106781186548,-0.707106781186548));
#4097=DIRECTION('',(-1.0,0.0,0.0));
#4098=ORIENTED_EDGE('',*,*,#6365,.T.);
#4099=ORIENTED_EDGE('',*,*,#6366,.T.);
#4100=ORIENTED_EDGE('',*,*,#6367,.T.);
#4101=ORIENTED_EDGE('',*,*,#6368,.T.);
#4102=ORIENTED_EDGE('',*,*,#6369,.T.);
#4103=ORIENTED_EDGE('',*,*,#5812,.T.);
#4104=CARTESIAN_POINT('',(1.15,0.0,0.0));
#4105=DIRECTION('',(-1.0,0.0,0.0));
#4106=DIRECTION('',(0.0,0.0,1.0));
#4107=ORIENTED_EDGE('',*,*,#6089,.T.);
#4108=ORIENTED_EDGE('',*,*,#6370,.T.);
#4109=ORIENTED_EDGE('',*,*,#6371,.T.);
#4110=ORIENTED_EDGE('',*,*,#6372,.T.);
#4111=ORIENTED_EDGE('',*,*,#6203,.F.);
#4112=CARTESIAN_POINT('',(1.15,0.0,0.0));
#4113=DIRECTION('',(-1.0,0.0,0.0));
#4114=DIRECTION('',(0.0,0.0,1.0));
#4115=ORIENTED_EDGE('',*,*,#6369,.F.);
#4116=ORIENTED_EDGE('',*,*,#6373,.T.);
#4117=ORIENTED_EDGE('',*,*,#6356,.T.);
#4118=ORIENTED_EDGE('',*,*,#5809,.T.);
#4119=CARTESIAN_POINT('',(1.15,-1.05,-4.6));
#4120=DIRECTION('',(0.0,-0.707106781186548,0.707106781186548));
#4121=DIRECTION('',(-1.0,0.0,0.0));
#4122=ORIENTED_EDGE('',*,*,#6374,.T.);
#4123=ORIENTED_EDGE('',*,*,#6357,.T.);
#4124=ORIENTED_EDGE('',*,*,#6373,.F.);
#4125=ORIENTED_EDGE('',*,*,#6368,.F.);
#4126=CARTESIAN_POINT('',(1.15,-1.05,-5.1));
#4127=DIRECTION('',(0.0,-1.0,0.0));
#4128=DIRECTION('',(0.0,0.0,-1.0));
#4129=ORIENTED_EDGE('',*,*,#6375,.T.);
#4130=ORIENTED_EDGE('',*,*,#6358,.T.);
#4131=ORIENTED_EDGE('',*,*,#6374,.F.);
#4132=ORIENTED_EDGE('',*,*,#6367,.F.);
#4133=CARTESIAN_POINT('',(1.15,-0.75,-5.1));
#4134=DIRECTION('',(0.0,0.0,-1.0));
#4135=DIRECTION('',(0.0,-1.0,0.0));
#4136=ORIENTED_EDGE('',*,*,#6364,.T.);
#4137=ORIENTED_EDGE('',*,*,#6359,.T.);
#4138=ORIENTED_EDGE('',*,*,#6375,.F.);
#4139=ORIENTED_EDGE('',*,*,#6366,.F.);
#4140=CARTESIAN_POINT('',(1.15,-0.75,-4.73));
#4141=DIRECTION('',(-0.0,1.0,0.0));
#4142=DIRECTION('',(1.0,0.0,0.0));
#4143=ORIENTED_EDGE('',*,*,#6372,.F.);
#4144=ORIENTED_EDGE('',*,*,#6376,.T.);
#4145=ORIENTED_EDGE('',*,*,#6361,.T.);
#4146=ORIENTED_EDGE('',*,*,#6204,.T.);
#4147=CARTESIAN_POINT('',(1.15,0.3781801907155,-1.716957743571));
#4148=DIRECTION('',(0.0,-0.906768252741289,0.421629382064995));
#4149=DIRECTION('',(-1.0,0.0,0.0));
#4150=ORIENTED_EDGE('',*,*,#6377,.T.);
#4151=ORIENTED_EDGE('',*,*,#6362,.T.);
#4152=ORIENTED_EDGE('',*,*,#6376,.F.);
#4153=ORIENTED_EDGE('',*,*,#6371,.F.);
#4154=CARTESIAN_POINT('',(1.15,0.555,-1.799175473074));
#4155=DIRECTION('',(1.0,-0.0,0.0));
#4156=DIRECTION('',(0.0,0.0,-1.0));
#4157=ORIENTED_EDGE('',*,*,#6363,.T.);
#4158=ORIENTED_EDGE('',*,*,#6377,.F.);
#4159=ORIENTED_EDGE('',*,*,#6370,.F.);
#4160=ORIENTED_EDGE('',*,*,#6088,.F.);
#4161=CARTESIAN_POINT('',(1.15,0.441375031705,-3.39));
#4162=DIRECTION('',(0.0,-0.99868603027488,-0.051246589484579));
#4163=DIRECTION('',(0.0,0.051246589484579,-0.99868603027488));
#4164=ORIENTED_EDGE('',*,*,#6378,.F.);
#4165=ORIENTED_EDGE('',*,*,#6379,.F.);
#4166=ORIENTED_EDGE('',*,*,#6380,.F.);
#4167=ORIENTED_EDGE('',*,*,#6381,.F.);
#4168=ORIENTED_EDGE('',*,*,#6382,.F.);
#4169=ORIENTED_EDGE('',*,*,#5806,.F.);
#4170=CARTESIAN_POINT('',(0.85,0.0,0.0));
#4171=DIRECTION('',(-1.0,0.0,0.0));
#4172=DIRECTION('',(0.0,0.0,1.0));
#4173=ORIENTED_EDGE('',*,*,#6383,.F.);
#4174=ORIENTED_EDGE('',*,*,#6384,.F.);
#4175=ORIENTED_EDGE('',*,*,#6385,.F.);
#4176=ORIENTED_EDGE('',*,*,#6091,.F.);
#4177=ORIENTED_EDGE('',*,*,#6202,.T.);
#4178=CARTESIAN_POINT('',(0.85,0.0,0.0));
#4179=DIRECTION('',(-1.0,0.0,0.0));
#4180=DIRECTION('',(0.0,0.0,1.0));
#4181=ORIENTED_EDGE('',*,*,#6382,.T.);
#4182=ORIENTED_EDGE('',*,*,#6386,.F.);
#4183=ORIENTED_EDGE('',*,*,#6387,.F.);
#4184=ORIENTED_EDGE('',*,*,#5807,.F.);
#4185=CARTESIAN_POINT('',(0.65,-0.42,-4.4));
#4186=DIRECTION('',(0.0,0.707106781186548,-0.707106781186548));
#4187=DIRECTION('',(-1.0,0.0,0.0));
#4188=ORIENTED_EDGE('',*,*,#6387,.T.);
#4189=ORIENTED_EDGE('',*,*,#6388,.T.);
#4190=ORIENTED_EDGE('',*,*,#6389,.T.);
#4191=ORIENTED_EDGE('',*,*,#6390,.T.);
#4192=ORIENTED_EDGE('',*,*,#6391,.T.);
#4193=ORIENTED_EDGE('',*,*,#5808,.T.);
#4194=CARTESIAN_POINT('',(0.65,0.0,0.0));
#4195=DIRECTION('',(-1.0,0.0,0.0));
#4196=DIRECTION('',(0.0,0.0,1.0));
#4197=ORIENTED_EDGE('',*,*,#6093,.T.);
#4198=ORIENTED_EDGE('',*,*,#6392,.T.);
#4199=ORIENTED_EDGE('',*,*,#6393,.T.);
#4200=ORIENTED_EDGE('',*,*,#6394,.T.);
#4201=ORIENTED_EDGE('',*,*,#6200,.F.);
#4202=CARTESIAN_POINT('',(0.65,0.0,0.0));
#4203=DIRECTION('',(-1.0,0.0,0.0));
#4204=DIRECTION('',(0.0,0.0,1.0));
#4205=ORIENTED_EDGE('',*,*,#6391,.F.);
#4206=ORIENTED_EDGE('',*,*,#6395,.T.);
#4207=ORIENTED_EDGE('',*,*,#6378,.T.);
#4208=ORIENTED_EDGE('',*,*,#5805,.T.);
#4209=CARTESIAN_POINT('',(0.65,-1.05,-4.6));
#4210=DIRECTION('',(0.0,-0.707106781186548,0.707106781186548));
#4211=DIRECTION('',(-1.0,0.0,0.0));
#4212=ORIENTED_EDGE('',*,*,#6396,.T.);
#4213=ORIENTED_EDGE('',*,*,#6379,.T.);
#4214=ORIENTED_EDGE('',*,*,#6395,.F.);
#4215=ORIENTED_EDGE('',*,*,#6390,.F.);
#4216=CARTESIAN_POINT('',(0.65,-1.05,-5.1));
#4217=DIRECTION('',(0.0,-1.0,0.0));
#4218=DIRECTION('',(0.0,0.0,-1.0));
#4219=ORIENTED_EDGE('',*,*,#6397,.T.);
#4220=ORIENTED_EDGE('',*,*,#6380,.T.);
#4221=ORIENTED_EDGE('',*,*,#6396,.F.);
#4222=ORIENTED_EDGE('',*,*,#6389,.F.);
#4223=CARTESIAN_POINT('',(0.65,-0.75,-5.1));
#4224=DIRECTION('',(0.0,0.0,-1.0));
#4225=DIRECTION('',(0.0,-1.0,0.0));
#4226=ORIENTED_EDGE('',*,*,#6386,.T.);
#4227=ORIENTED_EDGE('',*,*,#6381,.T.);
#4228=ORIENTED_EDGE('',*,*,#6397,.F.);
#4229=ORIENTED_EDGE('',*,*,#6388,.F.);
#4230=CARTESIAN_POINT('',(0.65,-0.75,-4.73));
#4231=DIRECTION('',(-0.0,1.0,0.0));
#4232=DIRECTION('',(1.0,0.0,0.0));
#4233=ORIENTED_EDGE('',*,*,#6394,.F.);
#4234=ORIENTED_EDGE('',*,*,#6398,.T.);
#4235=ORIENTED_EDGE('',*,*,#6383,.T.);
#4236=ORIENTED_EDGE('',*,*,#6201,.T.);
#4237=CARTESIAN_POINT('',(0.65,0.3781801907155,-1.716957743571));
#4238=DIRECTION('',(0.0,-0.906768252741289,0.421629382064995));
#4239=DIRECTION('',(-1.0,0.0,0.0));
#4240=ORIENTED_EDGE('',*,*,#6399,.T.);
#4241=ORIENTED_EDGE('',*,*,#6384,.T.);
#4242=ORIENTED_EDGE('',*,*,#6398,.F.);
#4243=ORIENTED_EDGE('',*,*,#6393,.F.);
#4244=CARTESIAN_POINT('',(0.65,0.555,-1.799175473074));
#4245=DIRECTION('',(1.0,-0.0,0.0));
#4246=DIRECTION('',(0.0,0.0,-1.0));
#4247=ORIENTED_EDGE('',*,*,#6385,.T.);
#4248=ORIENTED_EDGE('',*,*,#6399,.F.);
#4249=ORIENTED_EDGE('',*,*,#6392,.F.);
#4250=ORIENTED_EDGE('',*,*,#6092,.F.);
#4251=CARTESIAN_POINT('',(0.65,0.441375031705,-3.39));
#4252=DIRECTION('',(0.0,-0.99868603027488,-0.051246589484579));
#4253=DIRECTION('',(0.0,0.051246589484579,-0.99868603027488));
#4254=ORIENTED_EDGE('',*,*,#6400,.F.);
#4255=ORIENTED_EDGE('',*,*,#6401,.F.);
#4256=ORIENTED_EDGE('',*,*,#6402,.F.);
#4257=ORIENTED_EDGE('',*,*,#6403,.F.);
#4258=ORIENTED_EDGE('',*,*,#6404,.F.);
#4259=ORIENTED_EDGE('',*,*,#5802,.F.);
#4260=CARTESIAN_POINT('',(0.35,0.0,0.0));
#4261=DIRECTION('',(-1.0,0.0,0.0));
#4262=DIRECTION('',(0.0,0.0,1.0));
#4263=ORIENTED_EDGE('',*,*,#6405,.F.);
#4264=ORIENTED_EDGE('',*,*,#6406,.F.);
#4265=ORIENTED_EDGE('',*,*,#6407,.F.);
#4266=ORIENTED_EDGE('',*,*,#6095,.F.);
#4267=ORIENTED_EDGE('',*,*,#6199,.T.);
#4268=CARTESIAN_POINT('',(0.35,0.0,0.0));
#4269=DIRECTION('',(-1.0,0.0,0.0));
#4270=DIRECTION('',(0.0,0.0,1.0));
#4271=ORIENTED_EDGE('',*,*,#6404,.T.);
#4272=ORIENTED_EDGE('',*,*,#6408,.F.);
#4273=ORIENTED_EDGE('',*,*,#6409,.F.);
#4274=ORIENTED_EDGE('',*,*,#5803,.F.);
#4275=CARTESIAN_POINT('',(0.15,-0.42,-4.4));
#4276=DIRECTION('',(0.0,0.707106781186548,-0.707106781186548));
#4277=DIRECTION('',(-1.0,0.0,0.0));
#4278=ORIENTED_EDGE('',*,*,#6409,.T.);
#4279=ORIENTED_EDGE('',*,*,#6410,.T.);
#4280=ORIENTED_EDGE('',*,*,#6411,.T.);
#4281=ORIENTED_EDGE('',*,*,#6412,.T.);
#4282=ORIENTED_EDGE('',*,*,#6413,.T.);
#4283=ORIENTED_EDGE('',*,*,#5804,.T.);
#4284=CARTESIAN_POINT('',(0.15,0.0,0.0));
#4285=DIRECTION('',(-1.0,0.0,0.0));
#4286=DIRECTION('',(0.0,0.0,1.0));
#4287=ORIENTED_EDGE('',*,*,#6097,.T.);
#4288=ORIENTED_EDGE('',*,*,#6414,.T.);
#4289=ORIENTED_EDGE('',*,*,#6415,.T.);
#4290=ORIENTED_EDGE('',*,*,#6416,.T.);
#4291=ORIENTED_EDGE('',*,*,#6197,.F.);
#4292=CARTESIAN_POINT('',(0.15,0.0,0.0));
#4293=DIRECTION('',(-1.0,0.0,0.0));
#4294=DIRECTION('',(0.0,0.0,1.0));
#4295=ORIENTED_EDGE('',*,*,#6413,.F.);
#4296=ORIENTED_EDGE('',*,*,#6417,.T.);
#4297=ORIENTED_EDGE('',*,*,#6400,.T.);
#4298=ORIENTED_EDGE('',*,*,#5801,.T.);
#4299=CARTESIAN_POINT('',(0.15,-1.05,-4.6));
#4300=DIRECTION('',(0.0,-0.707106781186548,0.707106781186548));
#4301=DIRECTION('',(-1.0,0.0,0.0));
#4302=ORIENTED_EDGE('',*,*,#6418,.T.);
#4303=ORIENTED_EDGE('',*,*,#6401,.T.);
#4304=ORIENTED_EDGE('',*,*,#6417,.F.);
#4305=ORIENTED_EDGE('',*,*,#6412,.F.);
#4306=CARTESIAN_POINT('',(0.15,-1.05,-5.1));
#4307=DIRECTION('',(0.0,-1.0,0.0));
#4308=DIRECTION('',(0.0,0.0,-1.0));
#4309=ORIENTED_EDGE('',*,*,#6419,.T.);
#4310=ORIENTED_EDGE('',*,*,#6402,.T.);
#4311=ORIENTED_EDGE('',*,*,#6418,.F.);
#4312=ORIENTED_EDGE('',*,*,#6411,.F.);
#4313=CARTESIAN_POINT('',(0.15,-0.75,-5.1));
#4314=DIRECTION('',(0.0,0.0,-1.0));
#4315=DIRECTION('',(0.0,-1.0,0.0));
#4316=ORIENTED_EDGE('',*,*,#6408,.T.);
#4317=ORIENTED_EDGE('',*,*,#6403,.T.);
#4318=ORIENTED_EDGE('',*,*,#6419,.F.);
#4319=ORIENTED_EDGE('',*,*,#6410,.F.);
#4320=CARTESIAN_POINT('',(0.15,-0.75,-4.73));
#4321=DIRECTION('',(-0.0,1.0,0.0));
#4322=DIRECTION('',(1.0,0.0,0.0));
#4323=ORIENTED_EDGE('',*,*,#6416,.F.);
#4324=ORIENTED_EDGE('',*,*,#6420,.T.);
#4325=ORIENTED_EDGE('',*,*,#6405,.T.);
#4326=ORIENTED_EDGE('',*,*,#6198,.T.);
#4327=CARTESIAN_POINT('',(0.15,0.3781801907155,-1.716957743571));
#4328=DIRECTION('',(0.0,-0.906768252741289,0.421629382064995));
#4329=DIRECTION('',(-1.0,0.0,0.0));
#4330=ORIENTED_EDGE('',*,*,#6421,.T.);
#4331=ORIENTED_EDGE('',*,*,#6406,.T.);
#4332=ORIENTED_EDGE('',*,*,#6420,.F.);
#4333=ORIENTED_EDGE('',*,*,#6415,.F.);
#4334=CARTESIAN_POINT('',(0.15,0.555,-1.799175473074));
#4335=DIRECTION('',(1.0,-0.0,0.0));
#4336=DIRECTION('',(0.0,0.0,-1.0));
#4337=ORIENTED_EDGE('',*,*,#6407,.T.);
#4338=ORIENTED_EDGE('',*,*,#6421,.F.);
#4339=ORIENTED_EDGE('',*,*,#6414,.F.);
#4340=ORIENTED_EDGE('',*,*,#6096,.F.);
#4341=CARTESIAN_POINT('',(0.15,0.441375031705,-3.39));
#4342=DIRECTION('',(0.0,-0.99868603027488,-0.051246589484579));
#4343=DIRECTION('',(0.0,0.051246589484579,-0.99868603027488));
#4344=ORIENTED_EDGE('',*,*,#6422,.F.);
#4345=ORIENTED_EDGE('',*,*,#6423,.F.);
#4346=ORIENTED_EDGE('',*,*,#6424,.F.);
#4347=ORIENTED_EDGE('',*,*,#6425,.F.);
#4348=ORIENTED_EDGE('',*,*,#6426,.F.);
#4349=ORIENTED_EDGE('',*,*,#5798,.F.);
#4350=CARTESIAN_POINT('',(-0.15,0.0,0.0));
#4351=DIRECTION('',(-1.0,0.0,0.0));
#4352=DIRECTION('',(0.0,0.0,1.0));
#4353=ORIENTED_EDGE('',*,*,#6427,.F.);
#4354=ORIENTED_EDGE('',*,*,#6428,.F.);
#4355=ORIENTED_EDGE('',*,*,#6429,.F.);
#4356=ORIENTED_EDGE('',*,*,#6099,.F.);
#4357=ORIENTED_EDGE('',*,*,#6196,.T.);
#4358=CARTESIAN_POINT('',(-0.15,0.0,0.0));
#4359=DIRECTION('',(-1.0,0.0,0.0));
#4360=DIRECTION('',(0.0,0.0,1.0));
#4361=ORIENTED_EDGE('',*,*,#6426,.T.);
#4362=ORIENTED_EDGE('',*,*,#6430,.F.);
#4363=ORIENTED_EDGE('',*,*,#6431,.F.);
#4364=ORIENTED_EDGE('',*,*,#5799,.F.);
#4365=CARTESIAN_POINT('',(-0.35,-0.42,-4.4));
#4366=DIRECTION('',(0.0,0.707106781186548,-0.707106781186548));
#4367=DIRECTION('',(-1.0,0.0,0.0));
#4368=ORIENTED_EDGE('',*,*,#6431,.T.);
#4369=ORIENTED_EDGE('',*,*,#6432,.T.);
#4370=ORIENTED_EDGE('',*,*,#6433,.T.);
#4371=ORIENTED_EDGE('',*,*,#6434,.T.);
#4372=ORIENTED_EDGE('',*,*,#6435,.T.);
#4373=ORIENTED_EDGE('',*,*,#5800,.T.);
#4374=CARTESIAN_POINT('',(-0.35,0.0,0.0));
#4375=DIRECTION('',(-1.0,0.0,0.0));
#4376=DIRECTION('',(0.0,0.0,1.0));
#4377=ORIENTED_EDGE('',*,*,#6101,.T.);
#4378=ORIENTED_EDGE('',*,*,#6436,.T.);
#4379=ORIENTED_EDGE('',*,*,#6437,.T.);
#4380=ORIENTED_EDGE('',*,*,#6438,.T.);
#4381=ORIENTED_EDGE('',*,*,#6194,.F.);
#4382=CARTESIAN_POINT('',(-0.35,0.0,0.0));
#4383=DIRECTION('',(-1.0,0.0,0.0));
#4384=DIRECTION('',(0.0,0.0,1.0));
#4385=ORIENTED_EDGE('',*,*,#6435,.F.);
#4386=ORIENTED_EDGE('',*,*,#6439,.T.);
#4387=ORIENTED_EDGE('',*,*,#6422,.T.);
#4388=ORIENTED_EDGE('',*,*,#5797,.T.);
#4389=CARTESIAN_POINT('',(-0.35,-1.05,-4.6));
#4390=DIRECTION('',(0.0,-0.707106781186548,0.707106781186548));
#4391=DIRECTION('',(-1.0,0.0,0.0));
#4392=ORIENTED_EDGE('',*,*,#6440,.T.);
#4393=ORIENTED_EDGE('',*,*,#6423,.T.);
#4394=ORIENTED_EDGE('',*,*,#6439,.F.);
#4395=ORIENTED_EDGE('',*,*,#6434,.F.);
#4396=CARTESIAN_POINT('',(-0.35,-1.05,-5.1));
#4397=DIRECTION('',(0.0,-1.0,0.0));
#4398=DIRECTION('',(0.0,0.0,-1.0));
#4399=ORIENTED_EDGE('',*,*,#6441,.T.);
#4400=ORIENTED_EDGE('',*,*,#6424,.T.);
#4401=ORIENTED_EDGE('',*,*,#6440,.F.);
#4402=ORIENTED_EDGE('',*,*,#6433,.F.);
#4403=CARTESIAN_POINT('',(-0.35,-0.75,-5.1));
#4404=DIRECTION('',(0.0,0.0,-1.0));
#4405=DIRECTION('',(0.0,-1.0,0.0));
#4406=ORIENTED_EDGE('',*,*,#6430,.T.);
#4407=ORIENTED_EDGE('',*,*,#6425,.T.);
#4408=ORIENTED_EDGE('',*,*,#6441,.F.);
#4409=ORIENTED_EDGE('',*,*,#6432,.F.);
#4410=CARTESIAN_POINT('',(-0.35,-0.75,-4.73));
#4411=DIRECTION('',(-0.0,1.0,0.0));
#4412=DIRECTION('',(1.0,0.0,0.0));
#4413=ORIENTED_EDGE('',*,*,#6438,.F.);
#4414=ORIENTED_EDGE('',*,*,#6442,.T.);
#4415=ORIENTED_EDGE('',*,*,#6427,.T.);
#4416=ORIENTED_EDGE('',*,*,#6195,.T.);
#4417=CARTESIAN_POINT('',(-0.35,0.3781801907155,-1.716957743571));
#4418=DIRECTION('',(0.0,-0.906768252741289,0.421629382064995));
#4419=DIRECTION('',(-1.0,0.0,0.0));
#4420=ORIENTED_EDGE('',*,*,#6443,.T.);
#4421=ORIENTED_EDGE('',*,*,#6428,.T.);
#4422=ORIENTED_EDGE('',*,*,#6442,.F.);
#4423=ORIENTED_EDGE('',*,*,#6437,.F.);
#4424=CARTESIAN_POINT('',(-0.35,0.555,-1.799175473074));
#4425=DIRECTION('',(1.0,-0.0,0.0));
#4426=DIRECTION('',(0.0,0.0,-1.0));
#4427=ORIENTED_EDGE('',*,*,#6429,.T.);
#4428=ORIENTED_EDGE('',*,*,#6443,.F.);
#4429=ORIENTED_EDGE('',*,*,#6436,.F.);
#4430=ORIENTED_EDGE('',*,*,#6100,.F.);
#4431=CARTESIAN_POINT('',(-0.35,0.441375031705,-3.39));
#4432=DIRECTION('',(0.0,-0.99868603027488,-0.051246589484579));
#4433=DIRECTION('',(0.0,0.051246589484579,-0.99868603027488));
#4434=ORIENTED_EDGE('',*,*,#6444,.F.);
#4435=ORIENTED_EDGE('',*,*,#6445,.F.);
#4436=ORIENTED_EDGE('',*,*,#6446,.F.);
#4437=ORIENTED_EDGE('',*,*,#6447,.F.);
#4438=ORIENTED_EDGE('',*,*,#6448,.F.);
#4439=ORIENTED_EDGE('',*,*,#5794,.F.);
#4440=CARTESIAN_POINT('',(-0.65,0.0,0.0));
#4441=DIRECTION('',(-1.0,0.0,0.0));
#4442=DIRECTION('',(0.0,0.0,1.0));
#4443=ORIENTED_EDGE('',*,*,#6449,.F.);
#4444=ORIENTED_EDGE('',*,*,#6450,.F.);
#4445=ORIENTED_EDGE('',*,*,#6451,.F.);
#4446=ORIENTED_EDGE('',*,*,#6103,.F.);
#4447=ORIENTED_EDGE('',*,*,#6193,.T.);
#4448=CARTESIAN_POINT('',(-0.65,0.0,0.0));
#4449=DIRECTION('',(-1.0,0.0,0.0));
#4450=DIRECTION('',(0.0,0.0,1.0));
#4451=ORIENTED_EDGE('',*,*,#6448,.T.);
#4452=ORIENTED_EDGE('',*,*,#6452,.F.);
#4453=ORIENTED_EDGE('',*,*,#6453,.F.);
#4454=ORIENTED_EDGE('',*,*,#5795,.F.);
#4455=CARTESIAN_POINT('',(-0.85,-0.42,-4.4));
#4456=DIRECTION('',(0.0,0.707106781186548,-0.707106781186548));
#4457=DIRECTION('',(-1.0,0.0,0.0));
#4458=ORIENTED_EDGE('',*,*,#6453,.T.);
#4459=ORIENTED_EDGE('',*,*,#6454,.T.);
#4460=ORIENTED_EDGE('',*,*,#6455,.T.);
#4461=ORIENTED_EDGE('',*,*,#6456,.T.);
#4462=ORIENTED_EDGE('',*,*,#6457,.T.);
#4463=ORIENTED_EDGE('',*,*,#5796,.T.);
#4464=CARTESIAN_POINT('',(-0.85,0.0,0.0));
#4465=DIRECTION('',(-1.0,0.0,0.0));
#4466=DIRECTION('',(0.0,0.0,1.0));
#4467=ORIENTED_EDGE('',*,*,#6105,.T.);
#4468=ORIENTED_EDGE('',*,*,#6458,.T.);
#4469=ORIENTED_EDGE('',*,*,#6459,.T.);
#4470=ORIENTED_EDGE('',*,*,#6460,.T.);
#4471=ORIENTED_EDGE('',*,*,#6191,.F.);
#4472=CARTESIAN_POINT('',(-0.85,0.0,0.0));
#4473=DIRECTION('',(-1.0,0.0,0.0));
#4474=DIRECTION('',(0.0,0.0,1.0));
#4475=ORIENTED_EDGE('',*,*,#6457,.F.);
#4476=ORIENTED_EDGE('',*,*,#6461,.T.);
#4477=ORIENTED_EDGE('',*,*,#6444,.T.);
#4478=ORIENTED_EDGE('',*,*,#5793,.T.);
#4479=CARTESIAN_POINT('',(-0.85,-1.05,-4.6));
#4480=DIRECTION('',(0.0,-0.707106781186548,0.707106781186548));
#4481=DIRECTION('',(-1.0,0.0,0.0));
#4482=ORIENTED_EDGE('',*,*,#6462,.T.);
#4483=ORIENTED_EDGE('',*,*,#6445,.T.);
#4484=ORIENTED_EDGE('',*,*,#6461,.F.);
#4485=ORIENTED_EDGE('',*,*,#6456,.F.);
#4486=CARTESIAN_POINT('',(-0.85,-1.05,-5.1));
#4487=DIRECTION('',(0.0,-1.0,0.0));
#4488=DIRECTION('',(0.0,0.0,-1.0));
#4489=ORIENTED_EDGE('',*,*,#6463,.T.);
#4490=ORIENTED_EDGE('',*,*,#6446,.T.);
#4491=ORIENTED_EDGE('',*,*,#6462,.F.);
#4492=ORIENTED_EDGE('',*,*,#6455,.F.);
#4493=CARTESIAN_POINT('',(-0.85,-0.75,-5.1));
#4494=DIRECTION('',(0.0,0.0,-1.0));
#4495=DIRECTION('',(0.0,-1.0,0.0));
#4496=ORIENTED_EDGE('',*,*,#6452,.T.);
#4497=ORIENTED_EDGE('',*,*,#6447,.T.);
#4498=ORIENTED_EDGE('',*,*,#6463,.F.);
#4499=ORIENTED_EDGE('',*,*,#6454,.F.);
#4500=CARTESIAN_POINT('',(-0.85,-0.75,-4.73));
#4501=DIRECTION('',(-0.0,1.0,0.0));
#4502=DIRECTION('',(1.0,0.0,0.0));
#4503=ORIENTED_EDGE('',*,*,#6460,.F.);
#4504=ORIENTED_EDGE('',*,*,#6464,.T.);
#4505=ORIENTED_EDGE('',*,*,#6449,.T.);
#4506=ORIENTED_EDGE('',*,*,#6192,.T.);
#4507=CARTESIAN_POINT('',(-0.85,0.3781801907155,-1.716957743571));
#4508=DIRECTION('',(0.0,-0.906768252741289,0.421629382064995));
#4509=DIRECTION('',(-1.0,0.0,0.0));
#4510=ORIENTED_EDGE('',*,*,#6465,.T.);
#4511=ORIENTED_EDGE('',*,*,#6450,.T.);
#4512=ORIENTED_EDGE('',*,*,#6464,.F.);
#4513=ORIENTED_EDGE('',*,*,#6459,.F.);
#4514=CARTESIAN_POINT('',(-0.85,0.555,-1.799175473074));
#4515=DIRECTION('',(1.0,-0.0,0.0));
#4516=DIRECTION('',(0.0,0.0,-1.0));
#4517=ORIENTED_EDGE('',*,*,#6451,.T.);
#4518=ORIENTED_EDGE('',*,*,#6465,.F.);
#4519=ORIENTED_EDGE('',*,*,#6458,.F.);
#4520=ORIENTED_EDGE('',*,*,#6104,.F.);
#4521=CARTESIAN_POINT('',(-0.85,0.441375031705,-3.39));
#4522=DIRECTION('',(0.0,-0.99868603027488,-0.051246589484579));
#4523=DIRECTION('',(0.0,0.051246589484579,-0.99868603027488));
#4524=ORIENTED_EDGE('',*,*,#6466,.F.);
#4525=ORIENTED_EDGE('',*,*,#6467,.F.);
#4526=ORIENTED_EDGE('',*,*,#6468,.F.);
#4527=ORIENTED_EDGE('',*,*,#6469,.F.);
#4528=ORIENTED_EDGE('',*,*,#6470,.F.);
#4529=ORIENTED_EDGE('',*,*,#5790,.F.);
#4530=CARTESIAN_POINT('',(-1.15,0.0,0.0));
#4531=DIRECTION('',(-1.0,0.0,0.0));
#4532=DIRECTION('',(0.0,0.0,1.0));
#4533=ORIENTED_EDGE('',*,*,#6471,.F.);
#4534=ORIENTED_EDGE('',*,*,#6472,.F.);
#4535=ORIENTED_EDGE('',*,*,#6473,.F.);
#4536=ORIENTED_EDGE('',*,*,#6107,.F.);
#4537=ORIENTED_EDGE('',*,*,#6190,.T.);
#4538=CARTESIAN_POINT('',(-1.15,0.0,0.0));
#4539=DIRECTION('',(-1.0,0.0,0.0));
#4540=DIRECTION('',(0.0,0.0,1.0));
#4541=ORIENTED_EDGE('',*,*,#6470,.T.);
#4542=ORIENTED_EDGE('',*,*,#6474,.F.);
#4543=ORIENTED_EDGE('',*,*,#6475,.F.);
#4544=ORIENTED_EDGE('',*,*,#5791,.F.);
#4545=CARTESIAN_POINT('',(-1.35,-0.42,-4.4));
#4546=DIRECTION('',(0.0,0.707106781186548,-0.707106781186548));
#4547=DIRECTION('',(-1.0,0.0,0.0));
#4548=ORIENTED_EDGE('',*,*,#6475,.T.);
#4549=ORIENTED_EDGE('',*,*,#6476,.T.);
#4550=ORIENTED_EDGE('',*,*,#6477,.T.);
#4551=ORIENTED_EDGE('',*,*,#6478,.T.);
#4552=ORIENTED_EDGE('',*,*,#6479,.T.);
#4553=ORIENTED_EDGE('',*,*,#5792,.T.);
#4554=CARTESIAN_POINT('',(-1.35,0.0,0.0));
#4555=DIRECTION('',(-1.0,0.0,0.0));
#4556=DIRECTION('',(0.0,0.0,1.0));
#4557=ORIENTED_EDGE('',*,*,#6109,.T.);
#4558=ORIENTED_EDGE('',*,*,#6480,.T.);
#4559=ORIENTED_EDGE('',*,*,#6481,.T.);
#4560=ORIENTED_EDGE('',*,*,#6482,.T.);
#4561=ORIENTED_EDGE('',*,*,#6188,.F.);
#4562=CARTESIAN_POINT('',(-1.35,0.0,0.0));
#4563=DIRECTION('',(-1.0,0.0,0.0));
#4564=DIRECTION('',(0.0,0.0,1.0));
#4565=ORIENTED_EDGE('',*,*,#6479,.F.);
#4566=ORIENTED_EDGE('',*,*,#6483,.T.);
#4567=ORIENTED_EDGE('',*,*,#6466,.T.);
#4568=ORIENTED_EDGE('',*,*,#5789,.T.);
#4569=CARTESIAN_POINT('',(-1.35,-1.05,-4.6));
#4570=DIRECTION('',(0.0,-0.707106781186548,0.707106781186548));
#4571=DIRECTION('',(-1.0,0.0,0.0));
#4572=ORIENTED_EDGE('',*,*,#6484,.T.);
#4573=ORIENTED_EDGE('',*,*,#6467,.T.);
#4574=ORIENTED_EDGE('',*,*,#6483,.F.);
#4575=ORIENTED_EDGE('',*,*,#6478,.F.);
#4576=CARTESIAN_POINT('',(-1.35,-1.05,-5.1));
#4577=DIRECTION('',(0.0,-1.0,0.0));
#4578=DIRECTION('',(0.0,0.0,-1.0));
#4579=ORIENTED_EDGE('',*,*,#6485,.T.);
#4580=ORIENTED_EDGE('',*,*,#6468,.T.);
#4581=ORIENTED_EDGE('',*,*,#6484,.F.);
#4582=ORIENTED_EDGE('',*,*,#6477,.F.);
#4583=CARTESIAN_POINT('',(-1.35,-0.75,-5.1));
#4584=DIRECTION('',(0.0,0.0,-1.0));
#4585=DIRECTION('',(0.0,-1.0,0.0));
#4586=ORIENTED_EDGE('',*,*,#6474,.T.);
#4587=ORIENTED_EDGE('',*,*,#6469,.T.);
#4588=ORIENTED_EDGE('',*,*,#6485,.F.);
#4589=ORIENTED_EDGE('',*,*,#6476,.F.);
#4590=CARTESIAN_POINT('',(-1.35,-0.75,-4.73));
#4591=DIRECTION('',(-0.0,1.0,0.0));
#4592=DIRECTION('',(1.0,0.0,0.0));
#4593=ORIENTED_EDGE('',*,*,#6482,.F.);
#4594=ORIENTED_EDGE('',*,*,#6486,.T.);
#4595=ORIENTED_EDGE('',*,*,#6471,.T.);
#4596=ORIENTED_EDGE('',*,*,#6189,.T.);
#4597=CARTESIAN_POINT('',(-1.35,0.3781801907155,-1.716957743571));
#4598=DIRECTION('',(0.0,-0.906768252741289,0.421629382064995));
#4599=DIRECTION('',(-1.0,0.0,0.0));
#4600=ORIENTED_EDGE('',*,*,#6487,.T.);
#4601=ORIENTED_EDGE('',*,*,#6472,.T.);
#4602=ORIENTED_EDGE('',*,*,#6486,.F.);
#4603=ORIENTED_EDGE('',*,*,#6481,.F.);
#4604=CARTESIAN_POINT('',(-1.35,0.555,-1.799175473074));
#4605=DIRECTION('',(1.0,-0.0,0.0));
#4606=DIRECTION('',(0.0,0.0,-1.0));
#4607=ORIENTED_EDGE('',*,*,#6473,.T.);
#4608=ORIENTED_EDGE('',*,*,#6487,.F.);
#4609=ORIENTED_EDGE('',*,*,#6480,.F.);
#4610=ORIENTED_EDGE('',*,*,#6108,.F.);
#4611=CARTESIAN_POINT('',(-1.35,0.441375031705,-3.39));
#4612=DIRECTION('',(0.0,-0.99868603027488,-0.051246589484579));
#4613=DIRECTION('',(0.0,0.051246589484579,-0.99868603027488));
#4614=ORIENTED_EDGE('',*,*,#6488,.F.);
#4615=ORIENTED_EDGE('',*,*,#6489,.F.);
#4616=ORIENTED_EDGE('',*,*,#6490,.F.);
#4617=ORIENTED_EDGE('',*,*,#6491,.F.);
#4618=ORIENTED_EDGE('',*,*,#6492,.F.);
#4619=ORIENTED_EDGE('',*,*,#5786,.F.);
#4620=CARTESIAN_POINT('',(-1.65,0.0,0.0));
#4621=DIRECTION('',(-1.0,0.0,0.0));
#4622=DIRECTION('',(0.0,0.0,1.0));
#4623=ORIENTED_EDGE('',*,*,#6493,.F.);
#4624=ORIENTED_EDGE('',*,*,#6494,.F.);
#4625=ORIENTED_EDGE('',*,*,#6495,.F.);
#4626=ORIENTED_EDGE('',*,*,#6111,.F.);
#4627=ORIENTED_EDGE('',*,*,#6187,.T.);
#4628=CARTESIAN_POINT('',(-1.65,0.0,0.0));
#4629=DIRECTION('',(-1.0,0.0,0.0));
#4630=DIRECTION('',(0.0,0.0,1.0));
#4631=ORIENTED_EDGE('',*,*,#6492,.T.);
#4632=ORIENTED_EDGE('',*,*,#6496,.F.);
#4633=ORIENTED_EDGE('',*,*,#6497,.F.);
#4634=ORIENTED_EDGE('',*,*,#5787,.F.);
#4635=CARTESIAN_POINT('',(-1.85,-0.42,-4.4));
#4636=DIRECTION('',(0.0,0.707106781186548,-0.707106781186548));
#4637=DIRECTION('',(-1.0,0.0,0.0));
#4638=ORIENTED_EDGE('',*,*,#6497,.T.);
#4639=ORIENTED_EDGE('',*,*,#6498,.T.);
#4640=ORIENTED_EDGE('',*,*,#6499,.T.);
#4641=ORIENTED_EDGE('',*,*,#6500,.T.);
#4642=ORIENTED_EDGE('',*,*,#6501,.T.);
#4643=ORIENTED_EDGE('',*,*,#5788,.T.);
#4644=CARTESIAN_POINT('',(-1.85,0.0,0.0));
#4645=DIRECTION('',(-1.0,0.0,0.0));
#4646=DIRECTION('',(0.0,0.0,1.0));
#4647=ORIENTED_EDGE('',*,*,#6113,.T.);
#4648=ORIENTED_EDGE('',*,*,#6502,.T.);
#4649=ORIENTED_EDGE('',*,*,#6503,.T.);
#4650=ORIENTED_EDGE('',*,*,#6504,.T.);
#4651=ORIENTED_EDGE('',*,*,#6185,.F.);
#4652=CARTESIAN_POINT('',(-1.85,0.0,0.0));
#4653=DIRECTION('',(-1.0,0.0,0.0));
#4654=DIRECTION('',(0.0,0.0,1.0));
#4655=ORIENTED_EDGE('',*,*,#6501,.F.);
#4656=ORIENTED_EDGE('',*,*,#6505,.T.);
#4657=ORIENTED_EDGE('',*,*,#6488,.T.);
#4658=ORIENTED_EDGE('',*,*,#5785,.T.);
#4659=CARTESIAN_POINT('',(-1.85,-1.05,-4.6));
#4660=DIRECTION('',(0.0,-0.707106781186548,0.707106781186548));
#4661=DIRECTION('',(-1.0,0.0,0.0));
#4662=ORIENTED_EDGE('',*,*,#6506,.T.);
#4663=ORIENTED_EDGE('',*,*,#6489,.T.);
#4664=ORIENTED_EDGE('',*,*,#6505,.F.);
#4665=ORIENTED_EDGE('',*,*,#6500,.F.);
#4666=CARTESIAN_POINT('',(-1.85,-1.05,-5.1));
#4667=DIRECTION('',(0.0,-1.0,0.0));
#4668=DIRECTION('',(0.0,0.0,-1.0));
#4669=ORIENTED_EDGE('',*,*,#6507,.T.);
#4670=ORIENTED_EDGE('',*,*,#6490,.T.);
#4671=ORIENTED_EDGE('',*,*,#6506,.F.);
#4672=ORIENTED_EDGE('',*,*,#6499,.F.);
#4673=CARTESIAN_POINT('',(-1.85,-0.75,-5.1));
#4674=DIRECTION('',(0.0,0.0,-1.0));
#4675=DIRECTION('',(0.0,-1.0,0.0));
#4676=ORIENTED_EDGE('',*,*,#6496,.T.);
#4677=ORIENTED_EDGE('',*,*,#6491,.T.);
#4678=ORIENTED_EDGE('',*,*,#6507,.F.);
#4679=ORIENTED_EDGE('',*,*,#6498,.F.);
#4680=CARTESIAN_POINT('',(-1.85,-0.75,-4.73));
#4681=DIRECTION('',(-0.0,1.0,0.0));
#4682=DIRECTION('',(1.0,0.0,0.0));
#4683=ORIENTED_EDGE('',*,*,#6504,.F.);
#4684=ORIENTED_EDGE('',*,*,#6508,.T.);
#4685=ORIENTED_EDGE('',*,*,#6493,.T.);
#4686=ORIENTED_EDGE('',*,*,#6186,.T.);
#4687=CARTESIAN_POINT('',(-1.85,0.3781801907155,-1.716957743571));
#4688=DIRECTION('',(0.0,-0.906768252741289,0.421629382064995));
#4689=DIRECTION('',(-1.0,0.0,0.0));
#4690=ORIENTED_EDGE('',*,*,#6509,.T.);
#4691=ORIENTED_EDGE('',*,*,#6494,.T.);
#4692=ORIENTED_EDGE('',*,*,#6508,.F.);
#4693=ORIENTED_EDGE('',*,*,#6503,.F.);
#4694=CARTESIAN_POINT('',(-1.85,0.555,-1.799175473074));
#4695=DIRECTION('',(1.0,-0.0,0.0));
#4696=DIRECTION('',(0.0,0.0,-1.0));
#4697=ORIENTED_EDGE('',*,*,#6495,.T.);
#4698=ORIENTED_EDGE('',*,*,#6509,.F.);
#4699=ORIENTED_EDGE('',*,*,#6502,.F.);
#4700=ORIENTED_EDGE('',*,*,#6112,.F.);
#4701=CARTESIAN_POINT('',(-1.85,0.441375031705,-3.39));
#4702=DIRECTION('',(0.0,-0.99868603027488,-0.051246589484579));
#4703=DIRECTION('',(0.0,0.051246589484579,-0.99868603027488));
#4704=ORIENTED_EDGE('',*,*,#6510,.F.);
#4705=ORIENTED_EDGE('',*,*,#6511,.F.);
#4706=ORIENTED_EDGE('',*,*,#6512,.F.);
#4707=ORIENTED_EDGE('',*,*,#6513,.F.);
#4708=ORIENTED_EDGE('',*,*,#6514,.F.);
#4709=ORIENTED_EDGE('',*,*,#5782,.F.);
#4710=CARTESIAN_POINT('',(-2.15,0.0,0.0));
#4711=DIRECTION('',(-1.0,0.0,0.0));
#4712=DIRECTION('',(0.0,0.0,1.0));
#4713=ORIENTED_EDGE('',*,*,#6515,.F.);
#4714=ORIENTED_EDGE('',*,*,#6516,.F.);
#4715=ORIENTED_EDGE('',*,*,#6517,.F.);
#4716=ORIENTED_EDGE('',*,*,#6115,.F.);
#4717=ORIENTED_EDGE('',*,*,#6184,.T.);
#4718=CARTESIAN_POINT('',(-2.15,0.0,0.0));
#4719=DIRECTION('',(-1.0,0.0,0.0));
#4720=DIRECTION('',(0.0,0.0,1.0));
#4721=ORIENTED_EDGE('',*,*,#6514,.T.);
#4722=ORIENTED_EDGE('',*,*,#6518,.F.);
#4723=ORIENTED_EDGE('',*,*,#6519,.F.);
#4724=ORIENTED_EDGE('',*,*,#5783,.F.);
#4725=CARTESIAN_POINT('',(-2.35,-0.42,-4.4));
#4726=DIRECTION('',(0.0,0.707106781186548,-0.707106781186548));
#4727=DIRECTION('',(-1.0,0.0,0.0));
#4728=ORIENTED_EDGE('',*,*,#6519,.T.);
#4729=ORIENTED_EDGE('',*,*,#6520,.T.);
#4730=ORIENTED_EDGE('',*,*,#6521,.T.);
#4731=ORIENTED_EDGE('',*,*,#6522,.T.);
#4732=ORIENTED_EDGE('',*,*,#6523,.T.);
#4733=ORIENTED_EDGE('',*,*,#5784,.T.);
#4734=CARTESIAN_POINT('',(-2.35,0.0,0.0));
#4735=DIRECTION('',(-1.0,0.0,0.0));
#4736=DIRECTION('',(0.0,0.0,1.0));
#4737=ORIENTED_EDGE('',*,*,#6117,.T.);
#4738=ORIENTED_EDGE('',*,*,#6524,.T.);
#4739=ORIENTED_EDGE('',*,*,#6525,.T.);
#4740=ORIENTED_EDGE('',*,*,#6526,.T.);
#4741=ORIENTED_EDGE('',*,*,#6182,.F.);
#4742=CARTESIAN_POINT('',(-2.35,0.0,0.0));
#4743=DIRECTION('',(-1.0,0.0,0.0));
#4744=DIRECTION('',(0.0,0.0,1.0));
#4745=ORIENTED_EDGE('',*,*,#6523,.F.);
#4746=ORIENTED_EDGE('',*,*,#6527,.T.);
#4747=ORIENTED_EDGE('',*,*,#6510,.T.);
#4748=ORIENTED_EDGE('',*,*,#5781,.T.);
#4749=CARTESIAN_POINT('',(-2.35,-1.05,-4.6));
#4750=DIRECTION('',(0.0,-0.707106781186548,0.707106781186548));
#4751=DIRECTION('',(-1.0,0.0,0.0));
#4752=ORIENTED_EDGE('',*,*,#6528,.T.);
#4753=ORIENTED_EDGE('',*,*,#6511,.T.);
#4754=ORIENTED_EDGE('',*,*,#6527,.F.);
#4755=ORIENTED_EDGE('',*,*,#6522,.F.);
#4756=CARTESIAN_POINT('',(-2.35,-1.05,-5.1));
#4757=DIRECTION('',(0.0,-1.0,0.0));
#4758=DIRECTION('',(0.0,0.0,-1.0));
#4759=ORIENTED_EDGE('',*,*,#6529,.T.);
#4760=ORIENTED_EDGE('',*,*,#6512,.T.);
#4761=ORIENTED_EDGE('',*,*,#6528,.F.);
#4762=ORIENTED_EDGE('',*,*,#6521,.F.);
#4763=CARTESIAN_POINT('',(-2.35,-0.75,-5.1));
#4764=DIRECTION('',(0.0,0.0,-1.0));
#4765=DIRECTION('',(0.0,-1.0,0.0));
#4766=ORIENTED_EDGE('',*,*,#6518,.T.);
#4767=ORIENTED_EDGE('',*,*,#6513,.T.);
#4768=ORIENTED_EDGE('',*,*,#6529,.F.);
#4769=ORIENTED_EDGE('',*,*,#6520,.F.);
#4770=CARTESIAN_POINT('',(-2.35,-0.75,-4.73));
#4771=DIRECTION('',(-0.0,1.0,0.0));
#4772=DIRECTION('',(1.0,0.0,0.0));
#4773=ORIENTED_EDGE('',*,*,#6526,.F.);
#4774=ORIENTED_EDGE('',*,*,#6530,.T.);
#4775=ORIENTED_EDGE('',*,*,#6515,.T.);
#4776=ORIENTED_EDGE('',*,*,#6183,.T.);
#4777=CARTESIAN_POINT('',(-2.35,0.3781801907155,-1.716957743571));
#4778=DIRECTION('',(0.0,-0.906768252741289,0.421629382064995));
#4779=DIRECTION('',(-1.0,0.0,0.0));
#4780=ORIENTED_EDGE('',*,*,#6531,.T.);
#4781=ORIENTED_EDGE('',*,*,#6516,.T.);
#4782=ORIENTED_EDGE('',*,*,#6530,.F.);
#4783=ORIENTED_EDGE('',*,*,#6525,.F.);
#4784=CARTESIAN_POINT('',(-2.35,0.555,-1.799175473074));
#4785=DIRECTION('',(1.0,-0.0,0.0));
#4786=DIRECTION('',(0.0,0.0,-1.0));
#4787=ORIENTED_EDGE('',*,*,#6517,.T.);
#4788=ORIENTED_EDGE('',*,*,#6531,.F.);
#4789=ORIENTED_EDGE('',*,*,#6524,.F.);
#4790=ORIENTED_EDGE('',*,*,#6116,.F.);
#4791=CARTESIAN_POINT('',(-2.35,0.441375031705,-3.39));
#4792=DIRECTION('',(0.0,-0.99868603027488,-0.051246589484579));
#4793=DIRECTION('',(0.0,0.051246589484579,-0.99868603027488));
#4794=ORIENTED_EDGE('',*,*,#5778,.F.);
#4795=ORIENTED_EDGE('',*,*,#6532,.F.);
#4796=ORIENTED_EDGE('',*,*,#6533,.F.);
#4797=ORIENTED_EDGE('',*,*,#6534,.F.);
#4798=ORIENTED_EDGE('',*,*,#6535,.F.);
#4799=ORIENTED_EDGE('',*,*,#6536,.F.);
#4800=CARTESIAN_POINT('',(-2.65,0.0,0.0));
#4801=DIRECTION('',(-1.0,0.0,0.0));
#4802=DIRECTION('',(0.0,0.0,1.0));
#4803=ORIENTED_EDGE('',*,*,#6119,.F.);
#4804=ORIENTED_EDGE('',*,*,#6181,.T.);
#4805=ORIENTED_EDGE('',*,*,#6537,.F.);
#4806=ORIENTED_EDGE('',*,*,#6538,.F.);
#4807=ORIENTED_EDGE('',*,*,#6539,.F.);
#4808=CARTESIAN_POINT('',(-2.65,0.0,0.0));
#4809=DIRECTION('',(-1.0,0.0,0.0));
#4810=DIRECTION('',(0.0,0.0,1.0));
#4811=ORIENTED_EDGE('',*,*,#5779,.F.);
#4812=ORIENTED_EDGE('',*,*,#6536,.T.);
#4813=ORIENTED_EDGE('',*,*,#6540,.F.);
#4814=ORIENTED_EDGE('',*,*,#6541,.F.);
#4815=CARTESIAN_POINT('',(-2.85,-0.42,-4.4));
#4816=DIRECTION('',(0.0,0.707106781186548,-0.707106781186548));
#4817=DIRECTION('',(-1.0,0.0,0.0));
#4818=ORIENTED_EDGE('',*,*,#6542,.T.);
#4819=ORIENTED_EDGE('',*,*,#6543,.T.);
#4820=ORIENTED_EDGE('',*,*,#6544,.T.);
#4821=ORIENTED_EDGE('',*,*,#6545,.T.);
#4822=ORIENTED_EDGE('',*,*,#5780,.T.);
#4823=ORIENTED_EDGE('',*,*,#6541,.T.);
#4824=CARTESIAN_POINT('',(-2.85,0.0,0.0));
#4825=DIRECTION('',(-1.0,0.0,0.0));
#4826=DIRECTION('',(0.0,0.0,1.0));
#4827=ORIENTED_EDGE('',*,*,#6546,.T.);
#4828=ORIENTED_EDGE('',*,*,#6547,.T.);
#4829=ORIENTED_EDGE('',*,*,#6179,.F.);
#4830=ORIENTED_EDGE('',*,*,#6121,.T.);
#4831=ORIENTED_EDGE('',*,*,#6548,.T.);
#4832=CARTESIAN_POINT('',(-2.85,0.0,0.0));
#4833=DIRECTION('',(-1.0,0.0,0.0));
#4834=DIRECTION('',(0.0,0.0,1.0));
#4835=ORIENTED_EDGE('',*,*,#6549,.T.);
#4836=ORIENTED_EDGE('',*,*,#6532,.T.);
#4837=ORIENTED_EDGE('',*,*,#5777,.T.);
#4838=ORIENTED_EDGE('',*,*,#6545,.F.);
#4839=CARTESIAN_POINT('',(-2.85,-1.05,-4.6));
#4840=DIRECTION('',(0.0,-0.707106781186548,0.707106781186548));
#4841=DIRECTION('',(-1.0,0.0,0.0));
#4842=ORIENTED_EDGE('',*,*,#6550,.T.);
#4843=ORIENTED_EDGE('',*,*,#6533,.T.);
#4844=ORIENTED_EDGE('',*,*,#6549,.F.);
#4845=ORIENTED_EDGE('',*,*,#6544,.F.);
#4846=CARTESIAN_POINT('',(-2.85,-1.05,-5.1));
#4847=DIRECTION('',(0.0,-1.0,0.0));
#4848=DIRECTION('',(0.0,0.0,-1.0));
#4849=ORIENTED_EDGE('',*,*,#6551,.T.);
#4850=ORIENTED_EDGE('',*,*,#6534,.T.);
#4851=ORIENTED_EDGE('',*,*,#6550,.F.);
#4852=ORIENTED_EDGE('',*,*,#6543,.F.);
#4853=CARTESIAN_POINT('',(-2.85,-0.75,-5.1));
#4854=DIRECTION('',(0.0,0.0,-1.0));
#4855=DIRECTION('',(0.0,-1.0,0.0));
#4856=ORIENTED_EDGE('',*,*,#6540,.T.);
#4857=ORIENTED_EDGE('',*,*,#6535,.T.);
#4858=ORIENTED_EDGE('',*,*,#6551,.F.);
#4859=ORIENTED_EDGE('',*,*,#6542,.F.);
#4860=CARTESIAN_POINT('',(-2.85,-0.75,-4.73));
#4861=DIRECTION('',(-0.0,1.0,0.0));
#4862=DIRECTION('',(1.0,0.0,0.0));
#4863=ORIENTED_EDGE('',*,*,#6120,.F.);
#4864=ORIENTED_EDGE('',*,*,#6539,.T.);
#4865=ORIENTED_EDGE('',*,*,#6552,.F.);
#4866=ORIENTED_EDGE('',*,*,#6548,.F.);
#4867=CARTESIAN_POINT('',(-2.85,0.441375031705,-3.39));
#4868=DIRECTION('',(0.0,-0.99868603027488,-0.051246589484579));
#4869=DIRECTION('',(0.0,0.051246589484579,-0.99868603027488));
#4870=ORIENTED_EDGE('',*,*,#6552,.T.);
#4871=ORIENTED_EDGE('',*,*,#6538,.T.);
#4872=ORIENTED_EDGE('',*,*,#6553,.F.);
#4873=ORIENTED_EDGE('',*,*,#6546,.F.);
#4874=CARTESIAN_POINT('',(-2.85,0.555,-1.799175473074));
#4875=DIRECTION('',(1.0,-0.0,0.0));
#4876=DIRECTION('',(0.0,0.0,-1.0));
#4877=ORIENTED_EDGE('',*,*,#6553,.T.);
#4878=ORIENTED_EDGE('',*,*,#6537,.T.);
#4879=ORIENTED_EDGE('',*,*,#6180,.T.);
#4880=ORIENTED_EDGE('',*,*,#6547,.F.);
#4881=CARTESIAN_POINT('',(-2.85,0.3781801907155,-1.716957743571));
#4882=DIRECTION('',(0.0,-0.906768252741289,0.421629382064995));
#4883=DIRECTION('',(-1.0,0.0,0.0));
#4884=ORIENTED_EDGE('',*,*,#5774,.F.);
#4885=ORIENTED_EDGE('',*,*,#6554,.F.);
#4886=ORIENTED_EDGE('',*,*,#6555,.F.);
#4887=ORIENTED_EDGE('',*,*,#6556,.F.);
#4888=ORIENTED_EDGE('',*,*,#6557,.F.);
#4889=ORIENTED_EDGE('',*,*,#6558,.F.);
#4890=CARTESIAN_POINT('',(-3.15,0.0,0.0));
#4891=DIRECTION('',(-1.0,0.0,0.0));
#4892=DIRECTION('',(0.0,0.0,1.0));
#4893=ORIENTED_EDGE('',*,*,#6123,.F.);
#4894=ORIENTED_EDGE('',*,*,#6178,.T.);
#4895=ORIENTED_EDGE('',*,*,#6559,.F.);
#4896=ORIENTED_EDGE('',*,*,#6560,.F.);
#4897=ORIENTED_EDGE('',*,*,#6561,.F.);
#4898=CARTESIAN_POINT('',(-3.15,0.0,0.0));
#4899=DIRECTION('',(-1.0,0.0,0.0));
#4900=DIRECTION('',(0.0,0.0,1.0));
#4901=ORIENTED_EDGE('',*,*,#5775,.F.);
#4902=ORIENTED_EDGE('',*,*,#6558,.T.);
#4903=ORIENTED_EDGE('',*,*,#6562,.F.);
#4904=ORIENTED_EDGE('',*,*,#6563,.F.);
#4905=CARTESIAN_POINT('',(-3.35,-0.42,-4.4));
#4906=DIRECTION('',(0.0,0.707106781186548,-0.707106781186548));
#4907=DIRECTION('',(-1.0,0.0,0.0));
#4908=ORIENTED_EDGE('',*,*,#6564,.T.);
#4909=ORIENTED_EDGE('',*,*,#6565,.T.);
#4910=ORIENTED_EDGE('',*,*,#6566,.T.);
#4911=ORIENTED_EDGE('',*,*,#6567,.T.);
#4912=ORIENTED_EDGE('',*,*,#5776,.T.);
#4913=ORIENTED_EDGE('',*,*,#6563,.T.);
#4914=CARTESIAN_POINT('',(-3.35,0.0,0.0));
#4915=DIRECTION('',(-1.0,0.0,0.0));
#4916=DIRECTION('',(0.0,0.0,1.0));
#4917=ORIENTED_EDGE('',*,*,#6568,.T.);
#4918=ORIENTED_EDGE('',*,*,#6569,.T.);
#4919=ORIENTED_EDGE('',*,*,#6176,.F.);
#4920=ORIENTED_EDGE('',*,*,#6125,.T.);
#4921=ORIENTED_EDGE('',*,*,#6570,.T.);
#4922=CARTESIAN_POINT('',(-3.35,0.0,0.0));
#4923=DIRECTION('',(-1.0,0.0,0.0));
#4924=DIRECTION('',(0.0,0.0,1.0));
#4925=ORIENTED_EDGE('',*,*,#6571,.T.);
#4926=ORIENTED_EDGE('',*,*,#6554,.T.);
#4927=ORIENTED_EDGE('',*,*,#5773,.T.);
#4928=ORIENTED_EDGE('',*,*,#6567,.F.);
#4929=CARTESIAN_POINT('',(-3.35,-1.05,-4.6));
#4930=DIRECTION('',(0.0,-0.707106781186548,0.707106781186548));
#4931=DIRECTION('',(-1.0,0.0,0.0));
#4932=ORIENTED_EDGE('',*,*,#6572,.T.);
#4933=ORIENTED_EDGE('',*,*,#6555,.T.);
#4934=ORIENTED_EDGE('',*,*,#6571,.F.);
#4935=ORIENTED_EDGE('',*,*,#6566,.F.);
#4936=CARTESIAN_POINT('',(-3.35,-1.05,-5.1));
#4937=DIRECTION('',(0.0,-1.0,0.0));
#4938=DIRECTION('',(0.0,0.0,-1.0));
#4939=ORIENTED_EDGE('',*,*,#6573,.T.);
#4940=ORIENTED_EDGE('',*,*,#6556,.T.);
#4941=ORIENTED_EDGE('',*,*,#6572,.F.);
#4942=ORIENTED_EDGE('',*,*,#6565,.F.);
#4943=CARTESIAN_POINT('',(-3.35,-0.75,-5.1));
#4944=DIRECTION('',(0.0,0.0,-1.0));
#4945=DIRECTION('',(0.0,-1.0,0.0));
#4946=ORIENTED_EDGE('',*,*,#6562,.T.);
#4947=ORIENTED_EDGE('',*,*,#6557,.T.);
#4948=ORIENTED_EDGE('',*,*,#6573,.F.);
#4949=ORIENTED_EDGE('',*,*,#6564,.F.);
#4950=CARTESIAN_POINT('',(-3.35,-0.75,-4.73));
#4951=DIRECTION('',(-0.0,1.0,0.0));
#4952=DIRECTION('',(1.0,0.0,0.0));
#4953=ORIENTED_EDGE('',*,*,#6124,.F.);
#4954=ORIENTED_EDGE('',*,*,#6561,.T.);
#4955=ORIENTED_EDGE('',*,*,#6574,.F.);
#4956=ORIENTED_EDGE('',*,*,#6570,.F.);
#4957=CARTESIAN_POINT('',(-3.35,0.441375031705,-3.39));
#4958=DIRECTION('',(0.0,-0.99868603027488,-0.051246589484579));
#4959=DIRECTION('',(0.0,0.051246589484579,-0.99868603027488));
#4960=ORIENTED_EDGE('',*,*,#6574,.T.);
#4961=ORIENTED_EDGE('',*,*,#6560,.T.);
#4962=ORIENTED_EDGE('',*,*,#6575,.F.);
#4963=ORIENTED_EDGE('',*,*,#6568,.F.);
#4964=CARTESIAN_POINT('',(-3.35,0.555,-1.799175473074));
#4965=DIRECTION('',(1.0,-0.0,0.0));
#4966=DIRECTION('',(0.0,0.0,-1.0));
#4967=ORIENTED_EDGE('',*,*,#6575,.T.);
#4968=ORIENTED_EDGE('',*,*,#6559,.T.);
#4969=ORIENTED_EDGE('',*,*,#6177,.T.);
#4970=ORIENTED_EDGE('',*,*,#6569,.F.);
#4971=CARTESIAN_POINT('',(-3.35,0.3781801907155,-1.716957743571));
#4972=DIRECTION('',(0.0,-0.906768252741289,0.421629382064995));
#4973=DIRECTION('',(-1.0,0.0,0.0));
#4974=ORIENTED_EDGE('',*,*,#5770,.F.);
#4975=ORIENTED_EDGE('',*,*,#6576,.F.);
#4976=ORIENTED_EDGE('',*,*,#6577,.F.);
#4977=ORIENTED_EDGE('',*,*,#6578,.F.);
#4978=ORIENTED_EDGE('',*,*,#6579,.F.);
#4979=ORIENTED_EDGE('',*,*,#6580,.F.);
#4980=CARTESIAN_POINT('',(-3.65,0.0,0.0));
#4981=DIRECTION('',(-1.0,0.0,0.0));
#4982=DIRECTION('',(0.0,0.0,1.0));
#4983=ORIENTED_EDGE('',*,*,#6127,.F.);
#4984=ORIENTED_EDGE('',*,*,#6175,.T.);
#4985=ORIENTED_EDGE('',*,*,#6581,.F.);
#4986=ORIENTED_EDGE('',*,*,#6582,.F.);
#4987=ORIENTED_EDGE('',*,*,#6583,.F.);
#4988=CARTESIAN_POINT('',(-3.65,0.0,0.0));
#4989=DIRECTION('',(-1.0,0.0,0.0));
#4990=DIRECTION('',(0.0,0.0,1.0));
#4991=ORIENTED_EDGE('',*,*,#5771,.F.);
#4992=ORIENTED_EDGE('',*,*,#6580,.T.);
#4993=ORIENTED_EDGE('',*,*,#6584,.F.);
#4994=ORIENTED_EDGE('',*,*,#6585,.F.);
#4995=CARTESIAN_POINT('',(-3.85,-0.42,-4.4));
#4996=DIRECTION('',(0.0,0.707106781186548,-0.707106781186548));
#4997=DIRECTION('',(-1.0,0.0,0.0));
#4998=ORIENTED_EDGE('',*,*,#6586,.T.);
#4999=ORIENTED_EDGE('',*,*,#6587,.T.);
#5000=ORIENTED_EDGE('',*,*,#6588,.T.);
#5001=ORIENTED_EDGE('',*,*,#6589,.T.);
#5002=ORIENTED_EDGE('',*,*,#5772,.T.);
#5003=ORIENTED_EDGE('',*,*,#6585,.T.);
#5004=CARTESIAN_POINT('',(-3.85,0.0,0.0));
#5005=DIRECTION('',(-1.0,0.0,0.0));
#5006=DIRECTION('',(0.0,0.0,1.0));
#5007=ORIENTED_EDGE('',*,*,#6590,.T.);
#5008=ORIENTED_EDGE('',*,*,#6591,.T.);
#5009=ORIENTED_EDGE('',*,*,#6173,.F.);
#5010=ORIENTED_EDGE('',*,*,#6129,.T.);
#5011=ORIENTED_EDGE('',*,*,#6592,.T.);
#5012=CARTESIAN_POINT('',(-3.85,0.0,0.0));
#5013=DIRECTION('',(-1.0,0.0,0.0));
#5014=DIRECTION('',(0.0,0.0,1.0));
#5015=ORIENTED_EDGE('',*,*,#6593,.T.);
#5016=ORIENTED_EDGE('',*,*,#6576,.T.);
#5017=ORIENTED_EDGE('',*,*,#5769,.T.);
#5018=ORIENTED_EDGE('',*,*,#6589,.F.);
#5019=CARTESIAN_POINT('',(-3.85,-1.05,-4.6));
#5020=DIRECTION('',(0.0,-0.707106781186548,0.707106781186548));
#5021=DIRECTION('',(-1.0,0.0,0.0));
#5022=ORIENTED_EDGE('',*,*,#6594,.T.);
#5023=ORIENTED_EDGE('',*,*,#6577,.T.);
#5024=ORIENTED_EDGE('',*,*,#6593,.F.);
#5025=ORIENTED_EDGE('',*,*,#6588,.F.);
#5026=CARTESIAN_POINT('',(-3.85,-1.05,-5.1));
#5027=DIRECTION('',(0.0,-1.0,0.0));
#5028=DIRECTION('',(0.0,0.0,-1.0));
#5029=ORIENTED_EDGE('',*,*,#6595,.T.);
#5030=ORIENTED_EDGE('',*,*,#6578,.T.);
#5031=ORIENTED_EDGE('',*,*,#6594,.F.);
#5032=ORIENTED_EDGE('',*,*,#6587,.F.);
#5033=CARTESIAN_POINT('',(-3.85,-0.75,-5.1));
#5034=DIRECTION('',(0.0,0.0,-1.0));
#5035=DIRECTION('',(0.0,-1.0,0.0));
#5036=ORIENTED_EDGE('',*,*,#6584,.T.);
#5037=ORIENTED_EDGE('',*,*,#6579,.T.);
#5038=ORIENTED_EDGE('',*,*,#6595,.F.);
#5039=ORIENTED_EDGE('',*,*,#6586,.F.);
#5040=CARTESIAN_POINT('',(-3.85,-0.75,-4.73));
#5041=DIRECTION('',(-0.0,1.0,0.0));
#5042=DIRECTION('',(1.0,0.0,0.0));
#5043=ORIENTED_EDGE('',*,*,#6128,.F.);
#5044=ORIENTED_EDGE('',*,*,#6583,.T.);
#5045=ORIENTED_EDGE('',*,*,#6596,.F.);
#5046=ORIENTED_EDGE('',*,*,#6592,.F.);
#5047=CARTESIAN_POINT('',(-3.85,0.441375031705,-3.39));
#5048=DIRECTION('',(0.0,-0.99868603027488,-0.051246589484579));
#5049=DIRECTION('',(0.0,0.051246589484579,-0.99868603027488));
#5050=ORIENTED_EDGE('',*,*,#6596,.T.);
#5051=ORIENTED_EDGE('',*,*,#6582,.T.);
#5052=ORIENTED_EDGE('',*,*,#6597,.F.);
#5053=ORIENTED_EDGE('',*,*,#6590,.F.);
#5054=CARTESIAN_POINT('',(-3.85,0.555,-1.799175473074));
#5055=DIRECTION('',(1.0,-0.0,0.0));
#5056=DIRECTION('',(0.0,0.0,-1.0));
#5057=ORIENTED_EDGE('',*,*,#6597,.T.);
#5058=ORIENTED_EDGE('',*,*,#6581,.T.);
#5059=ORIENTED_EDGE('',*,*,#6174,.T.);
#5060=ORIENTED_EDGE('',*,*,#6591,.F.);
#5061=CARTESIAN_POINT('',(-3.85,0.3781801907155,-1.716957743571));
#5062=DIRECTION('',(0.0,-0.906768252741289,0.421629382064995));
#5063=DIRECTION('',(-1.0,0.0,0.0));
#5064=ORIENTED_EDGE('',*,*,#5766,.F.);
#5065=ORIENTED_EDGE('',*,*,#6598,.F.);
#5066=ORIENTED_EDGE('',*,*,#6599,.F.);
#5067=ORIENTED_EDGE('',*,*,#6600,.F.);
#5068=ORIENTED_EDGE('',*,*,#6601,.F.);
#5069=ORIENTED_EDGE('',*,*,#6602,.F.);
#5070=CARTESIAN_POINT('',(-4.15,0.0,0.0));
#5071=DIRECTION('',(-1.0,0.0,0.0));
#5072=DIRECTION('',(0.0,0.0,1.0));
#5073=ORIENTED_EDGE('',*,*,#6131,.F.);
#5074=ORIENTED_EDGE('',*,*,#6172,.T.);
#5075=ORIENTED_EDGE('',*,*,#6603,.F.);
#5076=ORIENTED_EDGE('',*,*,#6604,.F.);
#5077=ORIENTED_EDGE('',*,*,#6605,.F.);
#5078=CARTESIAN_POINT('',(-4.15,0.0,0.0));
#5079=DIRECTION('',(-1.0,0.0,0.0));
#5080=DIRECTION('',(0.0,0.0,1.0));
#5081=ORIENTED_EDGE('',*,*,#5767,.F.);
#5082=ORIENTED_EDGE('',*,*,#6602,.T.);
#5083=ORIENTED_EDGE('',*,*,#6606,.F.);
#5084=ORIENTED_EDGE('',*,*,#6607,.F.);
#5085=CARTESIAN_POINT('',(-4.35,-0.42,-4.4));
#5086=DIRECTION('',(0.0,0.707106781186548,-0.707106781186548));
#5087=DIRECTION('',(-1.0,0.0,0.0));
#5088=ORIENTED_EDGE('',*,*,#6608,.T.);
#5089=ORIENTED_EDGE('',*,*,#6609,.T.);
#5090=ORIENTED_EDGE('',*,*,#6610,.T.);
#5091=ORIENTED_EDGE('',*,*,#6611,.T.);
#5092=ORIENTED_EDGE('',*,*,#5768,.T.);
#5093=ORIENTED_EDGE('',*,*,#6607,.T.);
#5094=CARTESIAN_POINT('',(-4.35,0.0,0.0));
#5095=DIRECTION('',(-1.0,0.0,0.0));
#5096=DIRECTION('',(0.0,0.0,1.0));
#5097=ORIENTED_EDGE('',*,*,#6612,.T.);
#5098=ORIENTED_EDGE('',*,*,#6613,.T.);
#5099=ORIENTED_EDGE('',*,*,#6170,.F.);
#5100=ORIENTED_EDGE('',*,*,#6133,.T.);
#5101=ORIENTED_EDGE('',*,*,#6614,.T.);
#5102=CARTESIAN_POINT('',(-4.35,0.0,0.0));
#5103=DIRECTION('',(-1.0,0.0,0.0));
#5104=DIRECTION('',(0.0,0.0,1.0));
#5105=ORIENTED_EDGE('',*,*,#6615,.T.);
#5106=ORIENTED_EDGE('',*,*,#6598,.T.);
#5107=ORIENTED_EDGE('',*,*,#5765,.T.);
#5108=ORIENTED_EDGE('',*,*,#6611,.F.);
#5109=CARTESIAN_POINT('',(-4.35,-1.05,-4.6));
#5110=DIRECTION('',(0.0,-0.707106781186548,0.707106781186548));
#5111=DIRECTION('',(-1.0,0.0,0.0));
#5112=ORIENTED_EDGE('',*,*,#6616,.T.);
#5113=ORIENTED_EDGE('',*,*,#6599,.T.);
#5114=ORIENTED_EDGE('',*,*,#6615,.F.);
#5115=ORIENTED_EDGE('',*,*,#6610,.F.);
#5116=CARTESIAN_POINT('',(-4.35,-1.05,-5.1));
#5117=DIRECTION('',(0.0,-1.0,0.0));
#5118=DIRECTION('',(0.0,0.0,-1.0));
#5119=ORIENTED_EDGE('',*,*,#6617,.T.);
#5120=ORIENTED_EDGE('',*,*,#6600,.T.);
#5121=ORIENTED_EDGE('',*,*,#6616,.F.);
#5122=ORIENTED_EDGE('',*,*,#6609,.F.);
#5123=CARTESIAN_POINT('',(-4.35,-0.75,-5.1));
#5124=DIRECTION('',(0.0,0.0,-1.0));
#5125=DIRECTION('',(0.0,-1.0,0.0));
#5126=ORIENTED_EDGE('',*,*,#6606,.T.);
#5127=ORIENTED_EDGE('',*,*,#6601,.T.);
#5128=ORIENTED_EDGE('',*,*,#6617,.F.);
#5129=ORIENTED_EDGE('',*,*,#6608,.F.);
#5130=CARTESIAN_POINT('',(-4.35,-0.75,-4.73));
#5131=DIRECTION('',(-0.0,1.0,0.0));
#5132=DIRECTION('',(1.0,0.0,0.0));
#5133=ORIENTED_EDGE('',*,*,#6132,.T.);
#5134=ORIENTED_EDGE('',*,*,#6605,.T.);
#5135=ORIENTED_EDGE('',*,*,#6618,.F.);
#5136=ORIENTED_EDGE('',*,*,#6614,.F.);
#5137=CARTESIAN_POINT('',(-4.35,0.441375031705,-3.39));
#5138=DIRECTION('',(0.0,-0.99868603027488,-0.051246589484579));
#5139=DIRECTION('',(0.0,0.051246589484579,-0.99868603027488));
#5140=ORIENTED_EDGE('',*,*,#6618,.T.);
#5141=ORIENTED_EDGE('',*,*,#6604,.T.);
#5142=ORIENTED_EDGE('',*,*,#6619,.F.);
#5143=ORIENTED_EDGE('',*,*,#6612,.F.);
#5144=CARTESIAN_POINT('',(-4.35,0.555,-1.799175473074));
#5145=DIRECTION('',(1.0,-0.0,0.0));
#5146=DIRECTION('',(0.0,0.0,-1.0));
#5147=ORIENTED_EDGE('',*,*,#6619,.T.);
#5148=ORIENTED_EDGE('',*,*,#6603,.T.);
#5149=ORIENTED_EDGE('',*,*,#6171,.F.);
#5150=ORIENTED_EDGE('',*,*,#6613,.F.);
#5151=CARTESIAN_POINT('',(-4.35,0.3781801907155,-1.716957743571));
#5152=DIRECTION('',(0.0,-0.906768252741289,0.421629382064995));
#5153=DIRECTION('',(-1.0,0.0,0.0));
#5154=ORIENTED_EDGE('',*,*,#5762,.F.);
#5155=ORIENTED_EDGE('',*,*,#6620,.F.);
#5156=ORIENTED_EDGE('',*,*,#6621,.F.);
#5157=ORIENTED_EDGE('',*,*,#6622,.F.);
#5158=ORIENTED_EDGE('',*,*,#6623,.F.);
#5159=ORIENTED_EDGE('',*,*,#6624,.F.);
#5160=CARTESIAN_POINT('',(-4.65,0.0,0.0));
#5161=DIRECTION('',(-1.0,0.0,0.0));
#5162=DIRECTION('',(0.0,0.0,1.0));
#5163=ORIENTED_EDGE('',*,*,#6135,.F.);
#5164=ORIENTED_EDGE('',*,*,#6169,.T.);
#5165=ORIENTED_EDGE('',*,*,#6625,.F.);
#5166=ORIENTED_EDGE('',*,*,#6626,.F.);
#5167=ORIENTED_EDGE('',*,*,#6627,.F.);
#5168=CARTESIAN_POINT('',(-4.65,0.0,0.0));
#5169=DIRECTION('',(-1.0,0.0,0.0));
#5170=DIRECTION('',(0.0,0.0,1.0));
#5171=ORIENTED_EDGE('',*,*,#5763,.F.);
#5172=ORIENTED_EDGE('',*,*,#6624,.T.);
#5173=ORIENTED_EDGE('',*,*,#6628,.F.);
#5174=ORIENTED_EDGE('',*,*,#6629,.F.);
#5175=CARTESIAN_POINT('',(-4.85,-0.42,-4.4));
#5176=DIRECTION('',(0.0,0.707106781186548,-0.707106781186548));
#5177=DIRECTION('',(-1.0,0.0,0.0));
#5178=ORIENTED_EDGE('',*,*,#6630,.T.);
#5179=ORIENTED_EDGE('',*,*,#6631,.T.);
#5180=ORIENTED_EDGE('',*,*,#6632,.T.);
#5181=ORIENTED_EDGE('',*,*,#6633,.T.);
#5182=ORIENTED_EDGE('',*,*,#5764,.T.);
#5183=ORIENTED_EDGE('',*,*,#6629,.T.);
#5184=CARTESIAN_POINT('',(-4.85,0.0,0.0));
#5185=DIRECTION('',(-1.0,0.0,0.0));
#5186=DIRECTION('',(0.0,0.0,1.0));
#5187=ORIENTED_EDGE('',*,*,#6634,.T.);
#5188=ORIENTED_EDGE('',*,*,#6635,.T.);
#5189=ORIENTED_EDGE('',*,*,#6167,.F.);
#5190=ORIENTED_EDGE('',*,*,#6137,.T.);
#5191=ORIENTED_EDGE('',*,*,#6636,.T.);
#5192=CARTESIAN_POINT('',(-4.85,0.0,0.0));
#5193=DIRECTION('',(-1.0,0.0,0.0));
#5194=DIRECTION('',(0.0,0.0,1.0));
#5195=ORIENTED_EDGE('',*,*,#6637,.T.);
#5196=ORIENTED_EDGE('',*,*,#6620,.T.);
#5197=ORIENTED_EDGE('',*,*,#5761,.T.);
#5198=ORIENTED_EDGE('',*,*,#6633,.F.);
#5199=CARTESIAN_POINT('',(-4.85,-1.05,-4.6));
#5200=DIRECTION('',(0.0,-0.707106781186548,0.707106781186548));
#5201=DIRECTION('',(-1.0,0.0,0.0));
#5202=ORIENTED_EDGE('',*,*,#6638,.T.);
#5203=ORIENTED_EDGE('',*,*,#6621,.T.);
#5204=ORIENTED_EDGE('',*,*,#6637,.F.);
#5205=ORIENTED_EDGE('',*,*,#6632,.F.);
#5206=CARTESIAN_POINT('',(-4.85,-1.05,-5.1));
#5207=DIRECTION('',(0.0,-1.0,0.0));
#5208=DIRECTION('',(0.0,0.0,-1.0));
#5209=ORIENTED_EDGE('',*,*,#6639,.T.);
#5210=ORIENTED_EDGE('',*,*,#6622,.T.);
#5211=ORIENTED_EDGE('',*,*,#6638,.F.);
#5212=ORIENTED_EDGE('',*,*,#6631,.F.);
#5213=CARTESIAN_POINT('',(-4.85,-0.75,-5.1));
#5214=DIRECTION('',(0.0,0.0,-1.0));
#5215=DIRECTION('',(0.0,-1.0,0.0));
#5216=ORIENTED_EDGE('',*,*,#6628,.T.);
#5217=ORIENTED_EDGE('',*,*,#6623,.T.);
#5218=ORIENTED_EDGE('',*,*,#6639,.F.);
#5219=ORIENTED_EDGE('',*,*,#6630,.F.);
#5220=CARTESIAN_POINT('',(-4.85,-0.75,-4.73));
#5221=DIRECTION('',(-0.0,1.0,0.0));
#5222=DIRECTION('',(1.0,0.0,0.0));
#5223=ORIENTED_EDGE('',*,*,#6136,.F.);
#5224=ORIENTED_EDGE('',*,*,#6627,.T.);
#5225=ORIENTED_EDGE('',*,*,#6640,.F.);
#5226=ORIENTED_EDGE('',*,*,#6636,.F.);
#5227=CARTESIAN_POINT('',(-4.85,0.441375031705,-3.39));
#5228=DIRECTION('',(0.0,-0.99868603027488,-0.051246589484579));
#5229=DIRECTION('',(0.0,0.051246589484579,-0.99868603027488));
#5230=ORIENTED_EDGE('',*,*,#6640,.T.);
#5231=ORIENTED_EDGE('',*,*,#6626,.T.);
#5232=ORIENTED_EDGE('',*,*,#6641,.F.);
#5233=ORIENTED_EDGE('',*,*,#6634,.F.);
#5234=CARTESIAN_POINT('',(-4.85,0.555,-1.799175473074));
#5235=DIRECTION('',(1.0,-0.0,0.0));
#5236=DIRECTION('',(0.0,0.0,-1.0));
#5237=ORIENTED_EDGE('',*,*,#6641,.T.);
#5238=ORIENTED_EDGE('',*,*,#6625,.T.);
#5239=ORIENTED_EDGE('',*,*,#6168,.T.);
#5240=ORIENTED_EDGE('',*,*,#6635,.F.);
#5241=CARTESIAN_POINT('',(-4.85,0.3781801907155,-1.716957743571));
#5242=DIRECTION('',(0.0,-0.906768252741289,0.421629382064995));
#5243=DIRECTION('',(-1.0,0.0,0.0));
#5244=ORIENTED_EDGE('',*,*,#6166,.F.);
#5245=ORIENTED_EDGE('',*,*,#6059,.F.);
#5246=ORIENTED_EDGE('',*,*,#5876,.F.);
#5247=ORIENTED_EDGE('',*,*,#6642,.T.);
#5248=ORIENTED_EDGE('',*,*,#5912,.F.);
#5249=ORIENTED_EDGE('',*,*,#5947,.F.);
#5250=CARTESIAN_POINT('',(0.0,0.5749956651527,-0.74));
#5251=DIRECTION('',(0.0,-0.986394848329206,0.164393440226801));
#5252=DIRECTION('',(-1.0,0.0,0.0));
#5253=ORIENTED_EDGE('',*,*,#5875,.T.);
#5254=ORIENTED_EDGE('',*,*,#6643,.T.);
#5255=ORIENTED_EDGE('',*,*,#5913,.T.);
#5256=ORIENTED_EDGE('',*,*,#6642,.F.);
#5257=CARTESIAN_POINT('',(0.0,0.0,0.01));
#5258=DIRECTION('',(0.0,0.0,-1.0));
#5259=DIRECTION('',(0.0,-1.0,0.0));
#5260=ORIENTED_EDGE('',*,*,#5759,.T.);
#5261=ORIENTED_EDGE('',*,*,#6644,.T.);
#5262=ORIENTED_EDGE('',*,*,#5914,.F.);
#5263=ORIENTED_EDGE('',*,*,#6643,.F.);
#5264=ORIENTED_EDGE('',*,*,#5874,.T.);
#5265=ORIENTED_EDGE('',*,*,#5863,.T.);
#5266=CARTESIAN_POINT('',(-5.15,1.0,-4.4));
#5267=DIRECTION('',(-0.0,1.0,0.0));
#5268=DIRECTION('',(1.0,0.0,0.0));
#5269=ORIENTED_EDGE('',*,*,#5758,.F.);
#5270=ORIENTED_EDGE('',*,*,#5719,.F.);
#5271=ORIENTED_EDGE('',*,*,#5915,.T.);
#5272=ORIENTED_EDGE('',*,*,#6644,.F.);
#5273=CARTESIAN_POINT('',(-5.225,0.085,-4.325));
#5274=DIRECTION('',(-0.707106781186548,0.0,-0.707106781186548));
#5275=DIRECTION('',(-0.707106781186548,0.0,0.707106781186548));
#5276=ORIENTED_EDGE('',*,*,#6150,.F.);
#5277=ORIENTED_EDGE('',*,*,#6645,.T.);
#5278=ORIENTED_EDGE('',*,*,#6158,.T.);
#5279=ORIENTED_EDGE('',*,*,#6165,.T.);
#5280=CARTESIAN_POINT('',(4.65,0.3781801907155,-1.716957743571));
#5281=DIRECTION('',(0.0,-0.906768252741289,0.421629382064995));
#5282=DIRECTION('',(-1.0,0.0,0.0));
#5283=ORIENTED_EDGE('',*,*,#6646,.T.);
#5284=ORIENTED_EDGE('',*,*,#6159,.T.);
#5285=ORIENTED_EDGE('',*,*,#6645,.F.);
#5286=ORIENTED_EDGE('',*,*,#6149,.F.);
#5287=CARTESIAN_POINT('',(4.65,0.555,-1.799175473074));
#5288=DIRECTION('',(1.0,-0.0,0.0));
#5289=DIRECTION('',(0.0,0.0,-1.0));
#5290=ORIENTED_EDGE('',*,*,#6160,.T.);
#5291=ORIENTED_EDGE('',*,*,#6646,.F.);
#5292=ORIENTED_EDGE('',*,*,#6148,.F.);
#5293=ORIENTED_EDGE('',*,*,#6141,.F.);
#5294=CARTESIAN_POINT('',(4.65,0.441375031705,-3.39));
#5295=DIRECTION('',(0.0,-0.99868603027488,-0.051246589484579));
#5296=DIRECTION('',(0.0,0.051246589484579,-0.99868603027488));
#5297=ORIENTED_EDGE('',*,*,#6044,.T.);
#5298=ORIENTED_EDGE('',*,*,#5986,.T.);
#5299=ORIENTED_EDGE('',*,*,#5731,.F.);
#5300=ORIENTED_EDGE('',*,*,#5857,.F.);
#5301=CARTESIAN_POINT('',(5.666,-0.679,-4.4));
#5302=DIRECTION('',(-0.0,0.0,1.0));
#5303=DIRECTION('',(1.0,0.0,0.0));
#5304=ORIENTED_EDGE('',*,*,#5711,.T.);
#5305=ORIENTED_EDGE('',*,*,#5999,.T.);
#5306=ORIENTED_EDGE('',*,*,#6019,.F.);
#5307=ORIENTED_EDGE('',*,*,#6647,.T.);
#5308=CARTESIAN_POINT('',(5.765,-0.83,-1.6));
#5309=DIRECTION('',(-1.0,0.0,0.0));
#5310=DIRECTION('',(0.0,0.0,1.0));
#5311=ORIENTED_EDGE('',*,*,#6647,.F.);
#5312=ORIENTED_EDGE('',*,*,#6018,.F.);
#5313=ORIENTED_EDGE('',*,*,#5725,.T.);
#5314=ORIENTED_EDGE('',*,*,#5712,.F.);
#5315=CARTESIAN_POINT('',(5.815,-1.056780458065,-1.65));
#5316=DIRECTION('',(-0.0,-1.0,0.0));
#5317=DIRECTION('',(-1.0,0.0,0.0));
#5318=ORIENTED_EDGE('',*,*,#5737,.T.);
#5319=ORIENTED_EDGE('',*,*,#5997,.T.);
#5320=ORIENTED_EDGE('',*,*,#5984,.F.);
#5321=ORIENTED_EDGE('',*,*,#5845,.F.);
#5322=CARTESIAN_POINT('',(-5.666,-0.679,-4.4));
#5323=DIRECTION('',(-0.0,0.0,1.0));
#5324=DIRECTION('',(1.0,0.0,0.0));
#5325=ORIENTED_EDGE('',*,*,#5972,.T.);
#5326=ORIENTED_EDGE('',*,*,#6648,.T.);
#5327=ORIENTED_EDGE('',*,*,#5886,.F.);
#5328=ORIENTED_EDGE('',*,*,#5952,.F.);
#5329=CARTESIAN_POINT('',(-5.605,0.755,-3.475));
#5330=DIRECTION('',(0.707106781186548,0.707106781186548,0.0));
#5331=DIRECTION('',(0.0,0.0,-1.0));
#5332=ORIENTED_EDGE('',*,*,#5844,.F.);
#5333=ORIENTED_EDGE('',*,*,#6648,.F.);
#5334=ORIENTED_EDGE('',*,*,#5971,.T.);
#5335=ORIENTED_EDGE('',*,*,#6649,.T.);
#5336=CARTESIAN_POINT('',(-5.605,0.0,-4.325));
#5337=DIRECTION('',(0.707106781186548,0.0,-0.707106781186548));
#5338=DIRECTION('',(0.0,-1.0,0.0));
#5339=ORIENTED_EDGE('',*,*,#6649,.F.);
#5340=ORIENTED_EDGE('',*,*,#5970,.T.);
#5341=ORIENTED_EDGE('',*,*,#5954,.F.);
#5342=ORIENTED_EDGE('',*,*,#5716,.F.);
#5343=ORIENTED_EDGE('',*,*,#5735,.F.);
#5344=CARTESIAN_POINT('',(-5.605,-0.755,-3.475));
#5345=DIRECTION('',(0.707106781186548,-0.707106781186548,0.0));
#5346=DIRECTION('',(0.0,0.0,-1.0));
#5347=ORIENTED_EDGE('',*,*,#5906,.F.);
#5348=ORIENTED_EDGE('',*,*,#6650,.T.);
#5349=ORIENTED_EDGE('',*,*,#5657,.T.);
#5350=ORIENTED_EDGE('',*,*,#5643,.F.);
#5351=ORIENTED_EDGE('',*,*,#5615,.F.);
#5352=ORIENTED_EDGE('',*,*,#5895,.T.);
#5353=CARTESIAN_POINT('',(-5.89,0.5,-2.569986624807));
#5354=DIRECTION('',(1.0,0.0,0.0));
#5355=DIRECTION('',(0.0,1.0,0.0));
#5356=ORIENTED_EDGE('',*,*,#6651,.T.);
#5357=ORIENTED_EDGE('',*,*,#5658,.T.);
#5358=ORIENTED_EDGE('',*,*,#6650,.F.);
#5359=ORIENTED_EDGE('',*,*,#5905,.F.);
#5360=CARTESIAN_POINT('',(-6.04,0.5,-2.73));
#5361=DIRECTION('',(0.72956572981911,0.0,-0.68391070021861));
#5362=DIRECTION('',(0.0,-1.0,0.0));
#5363=ORIENTED_EDGE('',*,*,#6652,.T.);
#5364=ORIENTED_EDGE('',*,*,#5659,.T.);
#5365=ORIENTED_EDGE('',*,*,#6651,.F.);
#5366=ORIENTED_EDGE('',*,*,#5904,.F.);
#5367=CARTESIAN_POINT('',(-6.04,0.5,-3.23));
#5368=DIRECTION('',(1.0,0.0,0.0));
#5369=DIRECTION('',(0.0,1.0,0.0));
#5370=ORIENTED_EDGE('',*,*,#6653,.T.);
#5371=ORIENTED_EDGE('',*,*,#5660,.T.);
#5372=ORIENTED_EDGE('',*,*,#6652,.F.);
#5373=ORIENTED_EDGE('',*,*,#5903,.F.);
#5374=CARTESIAN_POINT('',(-5.89,0.5,-3.38));
#5375=DIRECTION('',(0.707106781186548,0.0,0.707106781186548));
#5376=DIRECTION('',(0.0,-1.0,0.0));
#5377=ORIENTED_EDGE('',*,*,#5841,.T.);
#5378=ORIENTED_EDGE('',*,*,#5661,.T.);
#5379=ORIENTED_EDGE('',*,*,#6653,.F.);
#5380=ORIENTED_EDGE('',*,*,#5902,.F.);
#5381=CARTESIAN_POINT('',(-5.89,0.5,-4.4));
#5382=DIRECTION('',(1.0,0.0,0.0));
#5383=DIRECTION('',(0.0,1.0,0.0));
#5384=ORIENTED_EDGE('',*,*,#5720,.F.);
#5385=ORIENTED_EDGE('',*,*,#5757,.F.);
#5386=ORIENTED_EDGE('',*,*,#6654,.T.);
#5387=ORIENTED_EDGE('',*,*,#5651,.T.);
#5388=CARTESIAN_POINT('',(-5.15,-1.0,-4.4));
#5389=DIRECTION('',(-1.0,0.0,0.0));
#5390=DIRECTION('',(0.0,0.0,1.0));
#5391=ORIENTED_EDGE('',*,*,#6654,.F.);
#5392=ORIENTED_EDGE('',*,*,#5756,.F.);
#5393=ORIENTED_EDGE('',*,*,#6655,.T.);
#5394=ORIENTED_EDGE('',*,*,#5652,.F.);
#5395=CARTESIAN_POINT('',(-7.715,-1.0,0.0));
#5396=DIRECTION('',(0.0,-1.0,0.0));
#5397=DIRECTION('',(0.0,0.0,-1.0));
#5398=ORIENTED_EDGE('',*,*,#5592,.F.);
#5399=ORIENTED_EDGE('',*,*,#6656,.F.);
#5400=ORIENTED_EDGE('',*,*,#6657,.F.);
#5401=ORIENTED_EDGE('',*,*,#6658,.T.);
#5402=CARTESIAN_POINT('',(-7.715,-1.0,0.0));
#5403=DIRECTION('',(0.0,-1.0,0.0));
#5404=DIRECTION('',(0.0,0.0,-1.0));
#5405=ORIENTED_EDGE('',*,*,#6655,.F.);
#5406=ORIENTED_EDGE('',*,*,#5755,.F.);
#5407=ORIENTED_EDGE('',*,*,#5704,.T.);
#5408=ORIENTED_EDGE('',*,*,#5653,.T.);
#5409=CARTESIAN_POINT('',(5.15,-0.83,-4.4));
#5410=DIRECTION('',(1.0,0.0,0.0));
#5411=DIRECTION('',(0.0,1.0,0.0));
#5412=ORIENTED_EDGE('',*,*,#6658,.F.);
#5413=ORIENTED_EDGE('',*,*,#6659,.T.);
#5414=ORIENTED_EDGE('',*,*,#6660,.T.);
#5415=ORIENTED_EDGE('',*,*,#5594,.T.);
#5416=CARTESIAN_POINT('',(-7.415,-0.7,0.02678045806453));
#5417=DIRECTION('',(-0.0,0.0,1.0));
#5418=DIRECTION('',(0.0,-1.0,0.0));
#5419=ORIENTED_EDGE('',*,*,#5602,.T.);
#5420=ORIENTED_EDGE('',*,*,#5597,.F.);
#5421=ORIENTED_EDGE('',*,*,#6660,.F.);
#5422=ORIENTED_EDGE('',*,*,#6661,.F.);
#5423=CARTESIAN_POINT('',(-7.715,1.0,0.0));
#5424=DIRECTION('',(-1.0,0.0,0.0));
#5425=DIRECTION('',(0.0,0.0,1.0));
#5426=ORIENTED_EDGE('',*,*,#6661,.T.);
#5427=ORIENTED_EDGE('',*,*,#6662,.T.);
#5428=ORIENTED_EDGE('',*,*,#5567,.F.);
#5429=ORIENTED_EDGE('',*,*,#5604,.T.);
#5430=CARTESIAN_POINT('',(-7.415,1.025809050345,-0.3));
#5431=DIRECTION('',(0.0,1.0,-0.0));
#5432=DIRECTION('',(0.0,0.0,1.0));
#5433=ORIENTED_EDGE('',*,*,#6662,.F.);
#5434=ORIENTED_EDGE('',*,*,#6659,.F.);
#5435=ORIENTED_EDGE('',*,*,#6663,.F.);
#5436=CARTESIAN_POINT('',(-7.415,-0.7,-0.3));
#5437=DIRECTION('',(0.0,-0.707106781186548,-0.707106781186548));
#5438=DIRECTION('',(0.0,-0.707106781186548,0.707106781186548));
#5439=ORIENTED_EDGE('',*,*,#6657,.T.);
#5440=ORIENTED_EDGE('',*,*,#6664,.T.);
#5441=ORIENTED_EDGE('',*,*,#5568,.F.);
#5442=ORIENTED_EDGE('',*,*,#6663,.T.);
#5443=CARTESIAN_POINT('',(-7.740303836182,-0.7,-0.3));
#5444=DIRECTION('',(-1.0,0.0,0.0));
#5445=DIRECTION('',(0.0,0.0,1.0));
#5446=ORIENTED_EDGE('',*,*,#6664,.F.);
#5447=ORIENTED_EDGE('',*,*,#6665,.F.);
#5448=ORIENTED_EDGE('',*,*,#6666,.F.);
#5449=CARTESIAN_POINT('',(7.415,-0.7,-0.3));
#5450=DIRECTION('',(0.707106781186548,0.0,-0.707106781186548));
#5451=DIRECTION('',(0.707106781186548,0.0,0.707106781186548));
#5452=ORIENTED_EDGE('',*,*,#5569,.F.);
#5453=ORIENTED_EDGE('',*,*,#6666,.T.);
#5454=ORIENTED_EDGE('',*,*,#6667,.T.);
#5455=ORIENTED_EDGE('',*,*,#5575,.T.);
#5456=CARTESIAN_POINT('',(7.415,-1.026316318224,-0.3));
#5457=DIRECTION('',(0.0,-1.0,0.0));
#5458=DIRECTION('',(0.0,0.0,1.0));
#5459=ORIENTED_EDGE('',*,*,#5587,.F.);
#5460=ORIENTED_EDGE('',*,*,#5577,.F.);
#5461=ORIENTED_EDGE('',*,*,#6667,.F.);
#5462=ORIENTED_EDGE('',*,*,#6668,.T.);
#5463=CARTESIAN_POINT('',(7.715,-1.0,0.0));
#5464=DIRECTION('',(1.0,0.0,0.0));
#5465=DIRECTION('',(0.0,1.0,0.0));
#5466=ORIENTED_EDGE('',*,*,#6668,.F.);
#5467=ORIENTED_EDGE('',*,*,#6665,.T.);
#5468=ORIENTED_EDGE('',*,*,#6656,.T.);
#5469=ORIENTED_EDGE('',*,*,#5589,.T.);
#5470=CARTESIAN_POINT('',(7.415,-0.7,0.02678045806453));
#5471=DIRECTION('',(-0.0,0.0,1.0));
#5472=DIRECTION('',(1.0,0.0,0.0));
#5473=ORIENTED_EDGE('',*,*,#6669,.T.);
#5474=ORIENTED_EDGE('',*,*,#5664,.F.);
#5475=ORIENTED_EDGE('',*,*,#5696,.F.);
#5476=ORIENTED_EDGE('',*,*,#5694,.F.);
#5477=CARTESIAN_POINT('',(-6.87,-0.5,-4.36));
#5478=DIRECTION('',(0.0,0.0,-1.0));
#5479=DIRECTION('',(0.0,-1.0,0.0));
#5480=ORIENTED_EDGE('',*,*,#6670,.T.);
#5481=ORIENTED_EDGE('',*,*,#5665,.F.);
#5482=ORIENTED_EDGE('',*,*,#6669,.F.);
#5483=ORIENTED_EDGE('',*,*,#5693,.T.);
#5484=CARTESIAN_POINT('',(-6.34,-0.5,-4.36));
#5485=DIRECTION('',(0.707106781186548,0.0,-0.707106781186548));
#5486=DIRECTION('',(0.0,-1.0,0.0));
#5487=ORIENTED_EDGE('',*,*,#6671,.T.);
#5488=ORIENTED_EDGE('',*,*,#5666,.F.);
#5489=ORIENTED_EDGE('',*,*,#6670,.F.);
#5490=ORIENTED_EDGE('',*,*,#5692,.T.);
#5491=CARTESIAN_POINT('',(-5.92,-0.5,-3.94));
#5492=DIRECTION('',(1.0,0.0,0.0));
#5493=DIRECTION('',(0.0,1.0,0.0));
#5494=ORIENTED_EDGE('',*,*,#6672,.T.);
#5495=ORIENTED_EDGE('',*,*,#5667,.F.);
#5496=ORIENTED_EDGE('',*,*,#6671,.F.);
#5497=ORIENTED_EDGE('',*,*,#5691,.T.);
#5498=CARTESIAN_POINT('',(-5.92,-0.5,-3.54));
#5499=DIRECTION('',(0.707106781186548,0.0,0.707106781186548));
#5500=DIRECTION('',(0.0,-1.0,0.0));
#5501=ORIENTED_EDGE('',*,*,#5685,.F.);
#5502=ORIENTED_EDGE('',*,*,#5682,.T.);
#5503=ORIENTED_EDGE('',*,*,#5668,.F.);
#5504=ORIENTED_EDGE('',*,*,#6672,.F.);
#5505=ORIENTED_EDGE('',*,*,#5690,.T.);
#5506=CARTESIAN_POINT('',(-6.171,-0.5,-3.289));
#5507=DIRECTION('',(1.0,0.0,0.0));
#5508=DIRECTION('',(0.0,1.0,0.0));
#5509=ORIENTED_EDGE('',*,*,#5689,.F.);
#5510=ORIENTED_EDGE('',*,*,#5634,.F.);
#5511=ORIENTED_EDGE('',*,*,#6673,.T.);
#5512=ORIENTED_EDGE('',*,*,#6674,.F.);
#5513=ORIENTED_EDGE('',*,*,#6675,.F.);
#5514=ORIENTED_EDGE('',*,*,#6676,.F.);
#5515=ORIENTED_EDGE('',*,*,#6677,.F.);
#5516=CARTESIAN_POINT('',(6.605,0.2150204880119,-3.6045));
#5517=DIRECTION('',(0.0,0.939692620785897,-0.342020143325699));
#5518=DIRECTION('',(-1.0,0.0,0.0));
#5519=ORIENTED_EDGE('',*,*,#6678,.T.);
#5520=ORIENTED_EDGE('',*,*,#5671,.F.);
#5521=ORIENTED_EDGE('',*,*,#6679,.F.);
#5522=ORIENTED_EDGE('',*,*,#5687,.F.);
#5523=ORIENTED_EDGE('',*,*,#6677,.T.);
#5524=CARTESIAN_POINT('',(6.171,-0.5,-2.689));
#5525=DIRECTION('',(-1.0,0.0,0.0));
#5526=DIRECTION('',(0.0,0.0,1.0));
#5527=ORIENTED_EDGE('',*,*,#5625,.F.);
#5528=ORIENTED_EDGE('',*,*,#5688,.F.);
#5529=ORIENTED_EDGE('',*,*,#6679,.T.);
#5530=ORIENTED_EDGE('',*,*,#5670,.F.);
#5531=ORIENTED_EDGE('',*,*,#5641,.F.);
#5532=CARTESIAN_POINT('',(5.952530870902,-0.5,-1.45));
#5533=DIRECTION('',(-0.984807753012213,0.0,-0.173648177666902));
#5534=DIRECTION('',(-0.173648177666902,0.0,0.984807753012213));
#5535=ORIENTED_EDGE('',*,*,#6680,.T.);
#5536=ORIENTED_EDGE('',*,*,#5672,.F.);
#5537=ORIENTED_EDGE('',*,*,#6678,.F.);
#5538=ORIENTED_EDGE('',*,*,#6676,.T.);
#5539=CARTESIAN_POINT('',(6.171,-0.5,-3.289));
#5540=DIRECTION('',(-0.707106781186548,0.0,0.707106781186548));
#5541=DIRECTION('',(0.0,1.0,0.0));
#5542=ORIENTED_EDGE('',*,*,#6681,.T.);
#5543=ORIENTED_EDGE('',*,*,#5673,.F.);
#5544=ORIENTED_EDGE('',*,*,#6680,.F.);
#5545=ORIENTED_EDGE('',*,*,#6675,.T.);
#5546=CARTESIAN_POINT('',(5.92,-0.5,-3.54));
#5547=DIRECTION('',(-1.0,0.0,0.0));
#5548=DIRECTION('',(0.0,0.0,1.0));
#5549=ORIENTED_EDGE('',*,*,#6682,.T.);
#5550=ORIENTED_EDGE('',*,*,#5674,.F.);
#5551=ORIENTED_EDGE('',*,*,#6681,.F.);
#5552=ORIENTED_EDGE('',*,*,#6674,.T.);
#5553=CARTESIAN_POINT('',(5.92,-0.5,-3.94));
#5554=DIRECTION('',(-0.707106781186548,0.0,-0.707106781186548));
#5555=DIRECTION('',(-0.707106781186548,0.0,0.707106781186548));
#5556=ORIENTED_EDGE('',*,*,#5633,.T.);
#5557=ORIENTED_EDGE('',*,*,#5675,.T.);
#5558=ORIENTED_EDGE('',*,*,#6682,.F.);
#5559=ORIENTED_EDGE('',*,*,#6673,.F.);
#5560=CARTESIAN_POINT('',(6.34,-0.5,-4.36));
#5561=DIRECTION('',(0.0,0.0,-1.0));
#5562=DIRECTION('',(0.0,-1.0,0.0));
#5563=EDGE_CURVE('',#6683,#6684,#6685,.T.);
#5564=EDGE_CURVE('',#6684,#6686,#6687,.T.);
#5565=EDGE_CURVE('',#6686,#6688,#6689,.T.);
#5566=EDGE_CURVE('',#6688,#6690,#6691,.T.);
#5567=EDGE_CURVE('',#6690,#6692,#6693,.T.);
#5568=EDGE_CURVE('',#6692,#6694,#6695,.T.);
#5569=EDGE_CURVE('',#6694,#6696,#6697,.T.);
#5570=EDGE_CURVE('',#6696,#6683,#6698,.T.);
#5571=EDGE_CURVE('',#6699,#6700,#6701,.T.);
#5572=EDGE_CURVE('',#6702,#6700,#6703,.T.);
#5573=EDGE_CURVE('',#6683,#6702,#6704,.T.);
#5574=EDGE_CURVE('',#6696,#6699,#6705,.T.);
#5575=EDGE_CURVE('',#6706,#6696,#6707,.T.);
#5576=EDGE_CURVE('',#6699,#6706,#6708,.T.);
#5577=EDGE_CURVE('',#6706,#6709,#6710,.T.);
#5578=EDGE_CURVE('',#6709,#6711,#6712,.T.);
#5579=EDGE_CURVE('',#6699,#6711,#6713,.T.);
#5580=EDGE_CURVE('',#6700,#6714,#6715,.T.);
#5581=EDGE_CURVE('',#6714,#6711,#6716,.T.);
#5582=EDGE_CURVE('',#6717,#6718,#6719,.T.);
#5583=EDGE_CURVE('',#6714,#6717,#6720,.T.);
#5584=EDGE_CURVE('',#6711,#6718,#6721,.T.);
#5585=EDGE_CURVE('',#6718,#6709,#6722,.T.);
#5586=EDGE_CURVE('',#6718,#6723,#6724,.T.);
#5587=EDGE_CURVE('',#6709,#6725,#6726,.T.);
#5588=EDGE_CURVE('',#6725,#6723,#6727,.T.);
#5589=EDGE_CURVE('',#6728,#6725,#6729,.T.);
#5590=EDGE_CURVE('',#6723,#6728,#6730,.T.);
#5591=EDGE_CURVE('',#6723,#6731,#6732,.T.);
#5592=EDGE_CURVE('',#6728,#6733,#6734,.T.);
#5593=EDGE_CURVE('',#6733,#6731,#6735,.T.);
#5594=EDGE_CURVE('',#6736,#6733,#6737,.T.);
#5595=EDGE_CURVE('',#6731,#6736,#6738,.T.);
#5596=EDGE_CURVE('',#6731,#6739,#6740,.T.);
#5597=EDGE_CURVE('',#6736,#6741,#6742,.T.);
#5598=EDGE_CURVE('',#6741,#6739,#6743,.T.);
#5599=EDGE_CURVE('',#6739,#6744,#6745,.T.);
#5600=EDGE_CURVE('',#6744,#6741,#6746,.T.);
#5601=EDGE_CURVE('',#6747,#6744,#6748,.T.);
#5602=EDGE_CURVE('',#6749,#6741,#6750,.T.);
#5603=EDGE_CURVE('',#6749,#6747,#6751,.T.);
#5604=EDGE_CURVE('',#6690,#6749,#6752,.T.);
#5605=EDGE_CURVE('',#6747,#6690,#6753,.T.);
#5606=EDGE_CURVE('',#6754,#6688,#6755,.T.);
#5607=EDGE_CURVE('',#6756,#6754,#6757,.T.);
#5608=EDGE_CURVE('',#6756,#6747,#6758,.T.);
#5609=EDGE_CURVE('',#6756,#6759,#6760,.T.);
#5610=EDGE_CURVE('',#6744,#6759,#6761,.T.);
#5611=EDGE_CURVE('',#6762,#6759,#6763,.T.);
#5612=EDGE_CURVE('',#6739,#6762,#6764,.T.);
#5613=EDGE_CURVE('',#6762,#6765,#6766,.T.);
#5614=EDGE_CURVE('',#6767,#6765,#6768,.T.);
#5615=EDGE_CURVE('',#6767,#6769,#6770,.T.);
#5616=EDGE_CURVE('',#6771,#6769,#6772,.T.);
#5617=EDGE_CURVE('',#6773,#6771,#6774,.T.);
#5618=EDGE_CURVE('',#6775,#6773,#6776,.T.);
#5619=EDGE_CURVE('',#6717,#6775,#6777,.T.);
#5620=EDGE_CURVE('',#6778,#6779,#6780,.T.);
#5621=EDGE_CURVE('',#6779,#6781,#6782,.T.);
#5622=EDGE_CURVE('',#6783,#6781,#6784,.T.);
#5623=EDGE_CURVE('',#6778,#6783,#6785,.T.);
#5624=EDGE_CURVE('',#6786,#6787,#6788,.T.);
#5625=EDGE_CURVE('',#6787,#6789,#6790,.T.);
#5626=EDGE_CURVE('',#6791,#6789,#6792,.T.);
#5627=EDGE_CURVE('',#6791,#6786,#6793,.T.);
#5628=EDGE_CURVE('',#6794,#6795,#6796,.T.);
#5629=EDGE_CURVE('',#6794,#6797,#6798,.T.);
#5630=EDGE_CURVE('',#6797,#6799,#6800,.T.);
#5631=EDGE_CURVE('',#6799,#6801,#6802,.T.);
#5632=EDGE_CURVE('',#6801,#6803,#6804,.T.);
#5633=EDGE_CURVE('',#6805,#6803,#6806,.T.);
#5634=EDGE_CURVE('',#6805,#6807,#6808,.T.);
#5635=EDGE_CURVE('',#6807,#6786,#6809,.T.);
#5636=EDGE_CURVE('',#6791,#6795,#6810,.T.);
#5637=EDGE_CURVE('',#6811,#6812,#6813,.T.);
#5638=EDGE_CURVE('',#6811,#6814,#6815,.T.);
#5639=EDGE_CURVE('',#6816,#6814,#6817,.T.);
#5640=EDGE_CURVE('',#6816,#6812,#6818,.T.);
#5641=EDGE_CURVE('',#6789,#6819,#6820,.T.);
#5642=EDGE_CURVE('',#6819,#6795,#6821,.T.);
#5643=EDGE_CURVE('',#6769,#6822,#6823,.T.);
#5644=EDGE_CURVE('',#6822,#6824,#6825,.T.);
#5645=EDGE_CURVE('',#6771,#6824,#6826,.T.);
#5646=EDGE_CURVE('',#6781,#6827,#6828,.T.);
#5647=EDGE_CURVE('',#6827,#6829,#6830,.T.);
#5648=EDGE_CURVE('',#6783,#6829,#6831,.T.);
#5649=EDGE_CURVE('',#6832,#6827,#6833,.T.);
#5650=EDGE_CURVE('',#6832,#6834,#6835,.T.);
#5651=EDGE_CURVE('',#6836,#6834,#6837,.T.);
#5652=EDGE_CURVE('',#6836,#6838,#6839,.T.);
#5653=EDGE_CURVE('',#6840,#6838,#6841,.T.);
#5654=EDGE_CURVE('',#6840,#6794,#6842,.T.);
#5655=EDGE_CURVE('',#6824,#6819,#6843,.T.);
#5656=EDGE_CURVE('',#6829,#6822,#6844,.T.);
#5657=EDGE_CURVE('',#6845,#6822,#6846,.T.);
#5658=EDGE_CURVE('',#6847,#6845,#6848,.T.);
#5659=EDGE_CURVE('',#6849,#6847,#6850,.T.);
#5660=EDGE_CURVE('',#6851,#6849,#6852,.T.);
#5661=EDGE_CURVE('',#6853,#6851,#6854,.T.);
#5662=EDGE_CURVE('',#6853,#6855,#6856,.T.);
#5663=EDGE_CURVE('',#6855,#6857,#6858,.T.);
#5664=EDGE_CURVE('',#6857,#6859,#6860,.T.);
#5665=EDGE_CURVE('',#6859,#6861,#6862,.T.);
#5666=EDGE_CURVE('',#6861,#6863,#6864,.T.);
#5667=EDGE_CURVE('',#6863,#6865,#6866,.T.);
#5668=EDGE_CURVE('',#6865,#6867,#6868,.T.);
#5669=EDGE_CURVE('',#6867,#6829,#6869,.T.);
#5670=EDGE_CURVE('',#6819,#6870,#6871,.T.);
#5671=EDGE_CURVE('',#6870,#6872,#6873,.T.);
#5672=EDGE_CURVE('',#6872,#6874,#6875,.T.);
#5673=EDGE_CURVE('',#6874,#6876,#6877,.T.);
#5674=EDGE_CURVE('',#6876,#6878,#6879,.T.);
#5675=EDGE_CURVE('',#6803,#6878,#6880,.T.);
#5676=EDGE_CURVE('',#6801,#6881,#6882,.T.);
#5677=EDGE_CURVE('',#6883,#6881,#6884,.T.);
#5678=EDGE_CURVE('',#6885,#6883,#6886,.T.);
#5679=EDGE_CURVE('',#6887,#6885,#6888,.T.);
#5680=EDGE_CURVE('',#6889,#6887,#6890,.T.);
#5681=EDGE_CURVE('',#6824,#6889,#6891,.T.);
#5682=EDGE_CURVE('',#6892,#6867,#6893,.T.);
#5683=EDGE_CURVE('',#6778,#6892,#6894,.T.);
#5684=EDGE_CURVE('',#6779,#6895,#6896,.T.);
#5685=EDGE_CURVE('',#6892,#6897,#6898,.T.);
#5686=EDGE_CURVE('',#6897,#6895,#6899,.T.);
#5687=EDGE_CURVE('',#6900,#6901,#6902,.T.);
#5688=EDGE_CURVE('',#6901,#6787,#6903,.T.);
#5689=EDGE_CURVE('',#6807,#6900,#6904,.T.);
#5690=EDGE_CURVE('',#6905,#6897,#6906,.T.);
#5691=EDGE_CURVE('',#6907,#6905,#6908,.T.);
#5692=EDGE_CURVE('',#6909,#6907,#6910,.T.);
#5693=EDGE_CURVE('',#6911,#6909,#6912,.T.);
#5694=EDGE_CURVE('',#6911,#6913,#6914,.T.);
#5695=EDGE_CURVE('',#6895,#6913,#6915,.T.);
#5696=EDGE_CURVE('',#6913,#6857,#6916,.T.);
#5697=EDGE_CURVE('',#6855,#6917,#6918,.T.);
#5698=EDGE_CURVE('',#6917,#6919,#6920,.T.);
#5699=EDGE_CURVE('',#6832,#6919,#6921,.T.);
#5700=EDGE_CURVE('',#6922,#6923,#6924,.T.);
#5701=EDGE_CURVE('',#6923,#6925,#6926,.T.);
#5702=EDGE_CURVE('',#6925,#6927,#6928,.T.);
#5703=EDGE_CURVE('',#6922,#6927,#6929,.T.);
#5704=EDGE_CURVE('',#6930,#6840,#6931,.T.);
#5705=EDGE_CURVE('',#6930,#6932,#6933,.T.);
#5706=EDGE_CURVE('',#6932,#6934,#6935,.T.);
#5707=EDGE_CURVE('',#6934,#6936,#6937,.T.);
#5708=EDGE_CURVE('',#6936,#6938,#6939,.T.);
#5709=EDGE_CURVE('',#6938,#6940,#6941,.T.);
#5710=EDGE_CURVE('',#6940,#6942,#6943,.T.);
#5711=EDGE_CURVE('',#6944,#6942,#6945,.T.);
#5712=EDGE_CURVE('',#6944,#6946,#6947,.T.);
#5713=EDGE_CURVE('',#6797,#6946,#6948,.T.);
#5714=EDGE_CURVE('',#6949,#6950,#6951,.T.);
#5715=EDGE_CURVE('',#6950,#6952,#6953,.T.);
#5716=EDGE_CURVE('',#6952,#6954,#6955,.T.);
#5717=EDGE_CURVE('',#6954,#6956,#6957,.T.);
#5718=EDGE_CURVE('',#6958,#6956,#6959,.T.);
#5719=EDGE_CURVE('',#6958,#6960,#6961,.T.);
#5720=EDGE_CURVE('',#6960,#6834,#6962,.T.);
#5721=EDGE_CURVE('',#6919,#6963,#6964,.T.);
#5722=EDGE_CURVE('',#6963,#6965,#6966,.T.);
#5723=EDGE_CURVE('',#6949,#6965,#6967,.T.);
#5724=EDGE_CURVE('',#6968,#6797,#6969,.T.);
#5725=EDGE_CURVE('',#6970,#6946,#6971,.T.);
#5726=EDGE_CURVE('',#6972,#6970,#6973,.T.);
#5727=EDGE_CURVE('',#6972,#6968,#6974,.T.);
#5728=EDGE_CURVE('',#6975,#6972,#6976,.T.);
#5729=EDGE_CURVE('',#6975,#6977,#6978,.T.);
#5730=EDGE_CURVE('',#6968,#6977,#6979,.T.);
#5731=EDGE_CURVE('',#6980,#6981,#6982,.T.);
#5732=EDGE_CURVE('',#6981,#6938,#6983,.T.);
#5733=EDGE_CURVE('',#6984,#6938,#6985,.T.);
#5734=EDGE_CURVE('',#6980,#6984,#6986,.T.);
#5735=EDGE_CURVE('',#6987,#6952,#6988,.T.);
#5736=EDGE_CURVE('',#6952,#6989,#6990,.T.);
#5737=EDGE_CURVE('',#6991,#6989,#6992,.T.);
#5738=EDGE_CURVE('',#6987,#6991,#6993,.T.);
#5739=EDGE_CURVE('',#6919,#6994,#6995,.T.);
#5740=EDGE_CURVE('',#6996,#6917,#6997,.T.);
#5741=EDGE_CURVE('',#6996,#6998,#6999,.T.);
#5742=EDGE_CURVE('',#6998,#7000,#7001,.T.);
#5743=EDGE_CURVE('',#7000,#7002,#7003,.T.);
#5744=EDGE_CURVE('',#7002,#7004,#7005,.T.);
#5745=EDGE_CURVE('',#7004,#7006,#7007,.T.);
#5746=EDGE_CURVE('',#7006,#7008,#7009,.T.);
#5747=EDGE_CURVE('',#7008,#6994,#7010,.T.);
#5748=EDGE_CURVE('',#6799,#7011,#7012,.T.);
#5749=EDGE_CURVE('',#6977,#7013,#7014,.T.);
#5750=EDGE_CURVE('',#7013,#7015,#7016,.T.);
#5751=EDGE_CURVE('',#7015,#7017,#7018,.T.);
#5752=EDGE_CURVE('',#7017,#7019,#7020,.T.);
#5753=EDGE_CURVE('',#7019,#7021,#7022,.T.);
#5754=EDGE_CURVE('',#7021,#7011,#7023,.T.);
#5755=EDGE_CURVE('',#6930,#7024,#7025,.T.);
#5756=EDGE_CURVE('',#7024,#7026,#7027,.T.);
#5757=EDGE_CURVE('',#7026,#6960,#7028,.T.);
#5758=EDGE_CURVE('',#6960,#7029,#7030,.T.);
#5759=EDGE_CURVE('',#7031,#7029,#7032,.T.);
#5760=EDGE_CURVE('',#7031,#6930,#7033,.T.);
#5761=EDGE_CURVE('',#7034,#7035,#7036,.T.);
#5762=EDGE_CURVE('',#7034,#7037,#7038,.T.);
#5763=EDGE_CURVE('',#7037,#7039,#7040,.T.);
#5764=EDGE_CURVE('',#7035,#7039,#7041,.T.);
#5765=EDGE_CURVE('',#7042,#7043,#7044,.T.);
#5766=EDGE_CURVE('',#7042,#7045,#7046,.T.);
#5767=EDGE_CURVE('',#7045,#7047,#7048,.T.);
#5768=EDGE_CURVE('',#7043,#7047,#7049,.T.);
#5769=EDGE_CURVE('',#7050,#7051,#7052,.T.);
#5770=EDGE_CURVE('',#7050,#7053,#7054,.T.);
#5771=EDGE_CURVE('',#7053,#7055,#7056,.T.);
#5772=EDGE_CURVE('',#7051,#7055,#7057,.T.);
#5773=EDGE_CURVE('',#7058,#7059,#7060,.T.);
#5774=EDGE_CURVE('',#7058,#7061,#7062,.T.);
#5775=EDGE_CURVE('',#7061,#7063,#7064,.T.);
#5776=EDGE_CURVE('',#7059,#7063,#7065,.T.);
#5777=EDGE_CURVE('',#7066,#7067,#7068,.T.);
#5778=EDGE_CURVE('',#7066,#7069,#7070,.T.);
#5779=EDGE_CURVE('',#7069,#7071,#7072,.T.);
#5780=EDGE_CURVE('',#7067,#7071,#7073,.T.);
#5781=EDGE_CURVE('',#7074,#7075,#7076,.T.);
#5782=EDGE_CURVE('',#7074,#7077,#7078,.T.);
#5783=EDGE_CURVE('',#7077,#7079,#7080,.T.);
#5784=EDGE_CURVE('',#7075,#7079,#7081,.T.);
#5785=EDGE_CURVE('',#7082,#7083,#7084,.T.);
#5786=EDGE_CURVE('',#7082,#7085,#7086,.T.);
#5787=EDGE_CURVE('',#7085,#7087,#7088,.T.);
#5788=EDGE_CURVE('',#7083,#7087,#7089,.T.);
#5789=EDGE_CURVE('',#7090,#7091,#7092,.T.);
#5790=EDGE_CURVE('',#7090,#7093,#7094,.T.);
#5791=EDGE_CURVE('',#7093,#7095,#7096,.T.);
#5792=EDGE_CURVE('',#7091,#7095,#7097,.T.);
#5793=EDGE_CURVE('',#7098,#7099,#7100,.T.);
#5794=EDGE_CURVE('',#7098,#7101,#7102,.T.);
#5795=EDGE_CURVE('',#7101,#7103,#7104,.T.);
#5796=EDGE_CURVE('',#7099,#7103,#7105,.T.);
#5797=EDGE_CURVE('',#7106,#7107,#7108,.T.);
#5798=EDGE_CURVE('',#7106,#7109,#7110,.T.);
#5799=EDGE_CURVE('',#7109,#7111,#7112,.T.);
#5800=EDGE_CURVE('',#7107,#7111,#7113,.T.);
#5801=EDGE_CURVE('',#7114,#7115,#7116,.T.);
#5802=EDGE_CURVE('',#7114,#7117,#7118,.T.);
#5803=EDGE_CURVE('',#7117,#7119,#7120,.T.);
#5804=EDGE_CURVE('',#7115,#7119,#7121,.T.);
#5805=EDGE_CURVE('',#7122,#7123,#7124,.T.);
#5806=EDGE_CURVE('',#7122,#7125,#7126,.T.);
#5807=EDGE_CURVE('',#7125,#7127,#7128,.T.);
#5808=EDGE_CURVE('',#7123,#7127,#7129,.T.);
#5809=EDGE_CURVE('',#7130,#7131,#7132,.T.);
#5810=EDGE_CURVE('',#7130,#7133,#7134,.T.);
#5811=EDGE_CURVE('',#7133,#7135,#7136,.T.);
#5812=EDGE_CURVE('',#7131,#7135,#7137,.T.);
#5813=EDGE_CURVE('',#7138,#7139,#7140,.T.);
#5814=EDGE_CURVE('',#7138,#7141,#7142,.T.);
#5815=EDGE_CURVE('',#7141,#7143,#7144,.T.);
#5816=EDGE_CURVE('',#7139,#7143,#7145,.T.);
#5817=EDGE_CURVE('',#7146,#7147,#7148,.T.);
#5818=EDGE_CURVE('',#7146,#7149,#7150,.T.);
#5819=EDGE_CURVE('',#7149,#7151,#7152,.T.);
#5820=EDGE_CURVE('',#7147,#7151,#7153,.T.);
#5821=EDGE_CURVE('',#7154,#7155,#7156,.T.);
#5822=EDGE_CURVE('',#7154,#7157,#7158,.T.);
#5823=EDGE_CURVE('',#7157,#7159,#7160,.T.);
#5824=EDGE_CURVE('',#7155,#7159,#7161,.T.);
#5825=EDGE_CURVE('',#7162,#7163,#7164,.T.);
#5826=EDGE_CURVE('',#7162,#7165,#7166,.T.);
#5827=EDGE_CURVE('',#7165,#7167,#7168,.T.);
#5828=EDGE_CURVE('',#7163,#7167,#7169,.T.);
#5829=EDGE_CURVE('',#7170,#7171,#7172,.T.);
#5830=EDGE_CURVE('',#7170,#7173,#7174,.T.);
#5831=EDGE_CURVE('',#7173,#7175,#7176,.T.);
#5832=EDGE_CURVE('',#7171,#7175,#7177,.T.);
#5833=EDGE_CURVE('',#7178,#7179,#7180,.T.);
#5834=EDGE_CURVE('',#7178,#7181,#7182,.T.);
#5835=EDGE_CURVE('',#7181,#7183,#7184,.T.);
#5836=EDGE_CURVE('',#7179,#7183,#7185,.T.);
#5837=EDGE_CURVE('',#7186,#7187,#7188,.T.);
#5838=EDGE_CURVE('',#7186,#7189,#7190,.T.);
#5839=EDGE_CURVE('',#7189,#7191,#7192,.T.);
#5840=EDGE_CURVE('',#7187,#7191,#7193,.T.);
#5841=EDGE_CURVE('',#7194,#6853,#7195,.T.);
#5842=EDGE_CURVE('',#7194,#6925,#7196,.T.);
#5843=EDGE_CURVE('',#7197,#6923,#7198,.T.);
#5844=EDGE_CURVE('',#7197,#6987,#7199,.T.);
#5845=EDGE_CURVE('',#6991,#7200,#7201,.T.);
#5846=EDGE_CURVE('',#7200,#7202,#7203,.T.);
#5847=EDGE_CURVE('',#7202,#7204,#7205,.T.);
#5848=EDGE_CURVE('',#7204,#7206,#7207,.T.);
#5849=EDGE_CURVE('',#7206,#7208,#7209,.T.);
#5850=EDGE_CURVE('',#7208,#7210,#7211,.T.);
#5851=EDGE_CURVE('',#7210,#6996,#7212,.T.);
#5852=EDGE_CURVE('',#7213,#7214,#7215,.T.);
#5853=EDGE_CURVE('',#7214,#7216,#7217,.T.);
#5854=EDGE_CURVE('',#7216,#7218,#7219,.T.);
#5855=EDGE_CURVE('',#7218,#7220,#7221,.T.);
#5856=EDGE_CURVE('',#7220,#7222,#7223,.T.);
#5857=EDGE_CURVE('',#7222,#6980,#7224,.T.);
#5858=EDGE_CURVE('',#6984,#7225,#7226,.T.);
#5859=EDGE_CURVE('',#6814,#7225,#7227,.T.);
#5860=EDGE_CURVE('',#6811,#7228,#7229,.T.);
#5861=EDGE_CURVE('',#7228,#6881,#7230,.T.);
#5862=EDGE_CURVE('',#7011,#7213,#7231,.T.);
#5863=EDGE_CURVE('',#7232,#7031,#7233,.T.);
#5864=EDGE_CURVE('',#7232,#6932,#7234,.T.);
#5865=EDGE_CURVE('',#7235,#7236,#7237,.T.);
#5866=EDGE_CURVE('',#7235,#7238,#7239,.T.);
#5867=EDGE_CURVE('',#7238,#7240,#7241,.T.);
#5868=EDGE_CURVE('',#7240,#7242,#7243,.T.);
#5869=EDGE_CURVE('',#7242,#7244,#7245,.T.);
#5870=EDGE_CURVE('',#7244,#7246,#7247,.T.);
#5871=EDGE_CURVE('',#7246,#7248,#7249,.T.);
#5872=EDGE_CURVE('',#7250,#7248,#7251,.T.);
#5873=EDGE_CURVE('',#6934,#7250,#7252,.T.);
#5874=EDGE_CURVE('',#7253,#7232,#7254,.T.);
#5875=EDGE_CURVE('',#7255,#7253,#7256,.T.);
#5876=EDGE_CURVE('',#7255,#7257,#7258,.T.);
#5877=EDGE_CURVE('',#7259,#7257,#7260,.T.);
#5878=EDGE_CURVE('',#7261,#7259,#7262,.T.);
#5879=EDGE_CURVE('',#7263,#7261,#7264,.T.);
#5880=EDGE_CURVE('',#7236,#7263,#7265,.T.);
#5881=EDGE_CURVE('',#7225,#7266,#7267,.T.);
#5882=EDGE_CURVE('',#7266,#7236,#7268,.T.);
#5883=EDGE_CURVE('',#6816,#7263,#7269,.T.);
#5884=EDGE_CURVE('',#7270,#7271,#7272,.T.);
#5885=EDGE_CURVE('',#7270,#7273,#7274,.T.);
#5886=EDGE_CURVE('',#7273,#7197,#7275,.T.);
#5887=EDGE_CURVE('',#6922,#7271,#7276,.T.);
#5888=EDGE_CURVE('',#6812,#7277,#7278,.T.);
#5889=EDGE_CURVE('',#7277,#7261,#7279,.T.);
#5890=EDGE_CURVE('',#6775,#7259,#7280,.T.);
#5891=EDGE_CURVE('',#6773,#7277,#7281,.T.);
#5892=EDGE_CURVE('',#7282,#6765,#7283,.T.);
#5893=EDGE_CURVE('',#7282,#7284,#7285,.T.);
#5894=EDGE_CURVE('',#7284,#7286,#7287,.T.);
#5895=EDGE_CURVE('',#6767,#7286,#7288,.T.);
#5896=EDGE_CURVE('',#7289,#6889,#7290,.T.);
#5897=EDGE_CURVE('',#7277,#7289,#7291,.T.);
#5898=EDGE_CURVE('',#7289,#7292,#7293,.T.);
#5899=EDGE_CURVE('',#7292,#7294,#7295,.T.);
#5900=EDGE_CURVE('',#7294,#7296,#7297,.T.);
#5901=EDGE_CURVE('',#7296,#7228,#7298,.T.);
#5902=EDGE_CURVE('',#7194,#7299,#7300,.T.);
#5903=EDGE_CURVE('',#7299,#7301,#7302,.T.);
#5904=EDGE_CURVE('',#7301,#7303,#7304,.T.);
#5905=EDGE_CURVE('',#7303,#7305,#7306,.T.);
#5906=EDGE_CURVE('',#7305,#7286,#7307,.T.);
#5907=EDGE_CURVE('',#6927,#7286,#7308,.T.);
#5908=EDGE_CURVE('',#7296,#6883,#7309,.T.);
#5909=EDGE_CURVE('',#7294,#6885,#7310,.T.);
#5910=EDGE_CURVE('',#7292,#6887,#7311,.T.);
#5911=EDGE_CURVE('',#7271,#7284,#7312,.T.);
#5912=EDGE_CURVE('',#7313,#7314,#7315,.T.);
#5913=EDGE_CURVE('',#7316,#7314,#7317,.T.);
#5914=EDGE_CURVE('',#7316,#7318,#7319,.T.);
#5915=EDGE_CURVE('',#6958,#7318,#7320,.T.);
#5916=EDGE_CURVE('',#7321,#6956,#7322,.T.);
#5917=EDGE_CURVE('',#7321,#7323,#7324,.T.);
#5918=EDGE_CURVE('',#7323,#7325,#7326,.T.);
#5919=EDGE_CURVE('',#7327,#7325,#7328,.T.);
#5920=EDGE_CURVE('',#7327,#7329,#7330,.T.);
#5921=EDGE_CURVE('',#7331,#7329,#7332,.T.);
#5922=EDGE_CURVE('',#7333,#7331,#7334,.T.);
#5923=EDGE_CURVE('',#7335,#7333,#7336,.T.);
#5924=EDGE_CURVE('',#7270,#7335,#7337,.T.);
#5925=EDGE_CURVE('',#7282,#7313,#7338,.T.);
#5926=EDGE_CURVE('',#7257,#7339,#7340,.T.);
#5927=EDGE_CURVE('',#7341,#7339,#7342,.T.);
#5928=EDGE_CURVE('',#7341,#6775,#7343,.T.);
#5929=EDGE_CURVE('',#7344,#6765,#7345,.T.);
#5930=EDGE_CURVE('',#7346,#7344,#7347,.T.);
#5931=EDGE_CURVE('',#7346,#7313,#7348,.T.);
#5932=EDGE_CURVE('',#7349,#7341,#7350,.T.);
#5933=EDGE_CURVE('',#7351,#7349,#7352,.T.);
#5934=EDGE_CURVE('',#7351,#6717,#7353,.T.);
#5935=EDGE_CURVE('',#7351,#6702,#7354,.T.);
#5936=EDGE_CURVE('',#7349,#6684,#7355,.T.);
#5937=EDGE_CURVE('',#7349,#7356,#7357,.T.);
#5938=EDGE_CURVE('',#7356,#6686,#7358,.T.);
#5939=EDGE_CURVE('',#7356,#7359,#7360,.T.);
#5940=EDGE_CURVE('',#6754,#7359,#7361,.T.);
#5941=EDGE_CURVE('',#7359,#6762,#7362,.T.);
#5942=EDGE_CURVE('',#7356,#7344,#7363,.T.);
#5943=EDGE_CURVE('',#7339,#7364,#7365,.T.);
#5944=EDGE_CURVE('',#7366,#7364,#7367,.T.);
#5945=EDGE_CURVE('',#7366,#7346,#7368,.T.);
#5946=EDGE_CURVE('',#7369,#7335,#7370,.T.);
#5947=EDGE_CURVE('',#7369,#7313,#7371,.T.);
#5948=EDGE_CURVE('',#7366,#7331,#7372,.T.);
#5949=EDGE_CURVE('',#7373,#7331,#7374,.T.);
#5950=EDGE_CURVE('',#7335,#7373,#7375,.T.);
#5951=EDGE_CURVE('',#7376,#7377,#7378,.T.);
#5952=EDGE_CURVE('',#7377,#7273,#7379,.T.);
#5953=EDGE_CURVE('',#7376,#7373,#7380,.T.);
#5954=EDGE_CURVE('',#6954,#7381,#7382,.T.);
#5955=EDGE_CURVE('',#7381,#7383,#7384,.T.);
#5956=EDGE_CURVE('',#7321,#7383,#7385,.T.);
#5957=EDGE_CURVE('',#7386,#7387,#7388,.T.);
#5958=EDGE_CURVE('',#7387,#6936,#7389,.T.);
#5959=EDGE_CURVE('',#7386,#7250,#7390,.T.);
#5960=EDGE_CURVE('',#7391,#7235,#7392,.T.);
#5961=EDGE_CURVE('',#7266,#7393,#7394,.T.);
#5962=EDGE_CURVE('',#7393,#7395,#7396,.T.);
#5963=EDGE_CURVE('',#7391,#7395,#7397,.T.);
#5964=EDGE_CURVE('',#7376,#7398,#7399,.T.);
#5965=EDGE_CURVE('',#7398,#7329,#7400,.T.);
#5966=EDGE_CURVE('',#7401,#7327,#7402,.T.);
#5967=EDGE_CURVE('',#7398,#7401,#7403,.T.);
#5968=EDGE_CURVE('',#7404,#7405,#7406,.T.);
#5969=EDGE_CURVE('',#7383,#7405,#7407,.T.);
#5970=EDGE_CURVE('',#7408,#7381,#7409,.T.);
#5971=EDGE_CURVE('',#7410,#7408,#7411,.T.);
#5972=EDGE_CURVE('',#7377,#7410,#7412,.T.);
#5973=EDGE_CURVE('',#7401,#7404,#7413,.T.);
#5974=EDGE_CURVE('',#7325,#7404,#7414,.T.);
#5975=EDGE_CURVE('',#7415,#7416,#7417,.T.);
#5976=EDGE_CURVE('',#7416,#7246,#7418,.T.);
#5977=EDGE_CURVE('',#7244,#7415,#7419,.T.);
#5978=EDGE_CURVE('',#7420,#7405,#7421,.T.);
#5979=EDGE_CURVE('',#7323,#7422,#7423,.T.);
#5980=EDGE_CURVE('',#7422,#7420,#7424,.T.);
#5981=EDGE_CURVE('',#7204,#7422,#7425,.T.);
#5982=EDGE_CURVE('',#7202,#7420,#7426,.T.);
#5983=EDGE_CURVE('',#7420,#7427,#7428,.T.);
#5984=EDGE_CURVE('',#7200,#7429,#7430,.T.);
#5985=EDGE_CURVE('',#7429,#7427,#7431,.T.);
#5986=EDGE_CURVE('',#7432,#6981,#7433,.T.);
#5987=EDGE_CURVE('',#7434,#7432,#7435,.T.);
#5988=EDGE_CURVE('',#7434,#7436,#7437,.T.);
#5989=EDGE_CURVE('',#7438,#7436,#7439,.T.);
#5990=EDGE_CURVE('',#7440,#7438,#7441,.T.);
#5991=EDGE_CURVE('',#7442,#7440,#7443,.T.);
#5992=EDGE_CURVE('',#6940,#7442,#7444,.T.);
#5993=EDGE_CURVE('',#7445,#7446,#7447,.T.);
#5994=EDGE_CURVE('',#7448,#7445,#7449,.T.);
#5995=EDGE_CURVE('',#7450,#7448,#7451,.T.);
#5996=EDGE_CURVE('',#7450,#7427,#7452,.T.);
#5997=EDGE_CURVE('',#6989,#7429,#7453,.T.);
#5998=EDGE_CURVE('',#7446,#6950,#7454,.T.);
#5999=EDGE_CURVE('',#6942,#7455,#7456,.T.);
#6000=EDGE_CURVE('',#7455,#7442,#7457,.T.);
#6001=EDGE_CURVE('',#7458,#7459,#7460,.T.);
#6002=EDGE_CURVE('',#7461,#7458,#7462,.T.);
#6003=EDGE_CURVE('',#7463,#7461,#7464,.T.);
#6004=EDGE_CURVE('',#7465,#7463,#7466,.T.);
#6005=EDGE_CURVE('',#7467,#7465,#7468,.T.);
#6006=EDGE_CURVE('',#7467,#7210,#7469,.T.);
#6007=EDGE_CURVE('',#7208,#7445,#7470,.T.);
#6008=EDGE_CURVE('',#7446,#7471,#7472,.T.);
#6009=EDGE_CURVE('',#7471,#7473,#7474,.T.);
#6010=EDGE_CURVE('',#7473,#7475,#7476,.T.);
#6011=EDGE_CURVE('',#7475,#7477,#7478,.T.);
#6012=EDGE_CURVE('',#7477,#7459,#7479,.T.);
#6013=EDGE_CURVE('',#7480,#7481,#7482,.T.);
#6014=EDGE_CURVE('',#7483,#7480,#7484,.T.);
#6015=EDGE_CURVE('',#7485,#7483,#7486,.T.);
#6016=EDGE_CURVE('',#7487,#7485,#7488,.T.);
#6017=EDGE_CURVE('',#6975,#7487,#7489,.T.);
#6018=EDGE_CURVE('',#6970,#7490,#7491,.T.);
#6019=EDGE_CURVE('',#7490,#7455,#7492,.T.);
#6020=EDGE_CURVE('',#7214,#7440,#7493,.T.);
#6021=EDGE_CURVE('',#7213,#7481,#7494,.T.);
#6022=EDGE_CURVE('',#7459,#7008,#7495,.T.);
#6023=EDGE_CURVE('',#7477,#6994,#7496,.T.);
#6024=EDGE_CURVE('',#7475,#6963,#7497,.T.);
#6025=EDGE_CURVE('',#7473,#6965,#7498,.T.);
#6026=EDGE_CURVE('',#7471,#6949,#7499,.T.);
#6027=EDGE_CURVE('',#7458,#7006,#7500,.T.);
#6028=EDGE_CURVE('',#7465,#7000,#7501,.T.);
#6029=EDGE_CURVE('',#7467,#6998,#7502,.T.);
#6030=EDGE_CURVE('',#7461,#7004,#7503,.T.);
#6031=EDGE_CURVE('',#7463,#7002,#7504,.T.);
#6032=EDGE_CURVE('',#7206,#7448,#7505,.T.);
#6033=EDGE_CURVE('',#7422,#7450,#7506,.T.);
#6034=EDGE_CURVE('',#7021,#7481,#7507,.T.);
#6035=EDGE_CURVE('',#7019,#7480,#7508,.T.);
#6036=EDGE_CURVE('',#7013,#7487,#7509,.T.);
#6037=EDGE_CURVE('',#7483,#7017,#7510,.T.);
#6038=EDGE_CURVE('',#7485,#7015,#7511,.T.);
#6039=EDGE_CURVE('',#7216,#7438,#7512,.T.);
#6040=EDGE_CURVE('',#7513,#7436,#7514,.T.);
#6041=EDGE_CURVE('',#7218,#7513,#7515,.T.);
#6042=EDGE_CURVE('',#7516,#7513,#7517,.T.);
#6043=EDGE_CURVE('',#7220,#7516,#7518,.T.);
#6044=EDGE_CURVE('',#7222,#7432,#7519,.T.);
#6045=EDGE_CURVE('',#7516,#7434,#7520,.T.);
#6046=EDGE_CURVE('',#7521,#7516,#7522,.T.);
#6047=EDGE_CURVE('',#7386,#7521,#7523,.T.);
#6048=EDGE_CURVE('',#7513,#7248,#7524,.T.);
#6049=EDGE_CURVE('',#7521,#7416,#7525,.T.);
#6050=EDGE_CURVE('',#7415,#7526,#7527,.T.);
#6051=EDGE_CURVE('',#7395,#7526,#7528,.T.);
#6052=EDGE_CURVE('',#7529,#7393,#7530,.T.);
#6053=EDGE_CURVE('',#7531,#7529,#7532,.T.);
#6054=EDGE_CURVE('',#7387,#7531,#7533,.T.);
#6055=EDGE_CURVE('',#7531,#6984,#7534,.T.);
#6056=EDGE_CURVE('',#7529,#7225,#7535,.T.);
#6057=EDGE_CURVE('',#7391,#7240,#7536,.T.);
#6058=EDGE_CURVE('',#7242,#7526,#7537,.T.);
#6059=EDGE_CURVE('',#7257,#7538,#7539,.T.);
#6060=EDGE_CURVE('',#7538,#7235,#7540,.T.);
#6061=EDGE_CURVE('',#7364,#7240,#7541,.T.);
#6062=EDGE_CURVE('',#7542,#7543,#7544,.T.);
#6063=EDGE_CURVE('',#7543,#7545,#7546,.T.);
#6064=EDGE_CURVE('',#7545,#7547,#7548,.T.);
#6065=EDGE_CURVE('',#7549,#7547,#7550,.T.);
#6066=EDGE_CURVE('',#7549,#7551,#7552,.T.);
#6067=EDGE_CURVE('',#7551,#7553,#7554,.T.);
#6068=EDGE_CURVE('',#7553,#7555,#7556,.T.);
#6069=EDGE_CURVE('',#7557,#7555,#7558,.T.);
#6070=EDGE_CURVE('',#7557,#7559,#7560,.T.);
#6071=EDGE_CURVE('',#7559,#7561,#7562,.T.);
#6072=EDGE_CURVE('',#7561,#7563,#7564,.T.);
#6073=EDGE_CURVE('',#7565,#7563,#7566,.T.);
#6074=EDGE_CURVE('',#7565,#7567,#7568,.T.);
#6075=EDGE_CURVE('',#7567,#7569,#7570,.T.);
#6076=EDGE_CURVE('',#7569,#7571,#7572,.T.);
#6077=EDGE_CURVE('',#7573,#7571,#7574,.T.);
#6078=EDGE_CURVE('',#7573,#7575,#7576,.T.);
#6079=EDGE_CURVE('',#7575,#7577,#7578,.T.);
#6080=EDGE_CURVE('',#7577,#7579,#7580,.T.);
#6081=EDGE_CURVE('',#7581,#7579,#7582,.T.);
#6082=EDGE_CURVE('',#7581,#7583,#7584,.T.);
#6083=EDGE_CURVE('',#7583,#7585,#7586,.T.);
#6084=EDGE_CURVE('',#7585,#7587,#7588,.T.);
#6085=EDGE_CURVE('',#7589,#7587,#7590,.T.);
#6086=EDGE_CURVE('',#7589,#7591,#7592,.T.);
#6087=EDGE_CURVE('',#7591,#7593,#7594,.T.);
#6088=EDGE_CURVE('',#7593,#7595,#7596,.T.);
#6089=EDGE_CURVE('',#7597,#7595,#7598,.T.);
#6090=EDGE_CURVE('',#7597,#7599,#7600,.T.);
#6091=EDGE_CURVE('',#7599,#7601,#7602,.T.);
#6092=EDGE_CURVE('',#7601,#7603,#7604,.T.);
#6093=EDGE_CURVE('',#7605,#7603,#7606,.T.);
#6094=EDGE_CURVE('',#7605,#7607,#7608,.T.);
#6095=EDGE_CURVE('',#7607,#7609,#7610,.T.);
#6096=EDGE_CURVE('',#7609,#7611,#7612,.T.);
#6097=EDGE_CURVE('',#7613,#7611,#7614,.T.);
#6098=EDGE_CURVE('',#7613,#7615,#7616,.T.);
#6099=EDGE_CURVE('',#7615,#7617,#7618,.T.);
#6100=EDGE_CURVE('',#7617,#7619,#7620,.T.);
#6101=EDGE_CURVE('',#7621,#7619,#7622,.T.);
#6102=EDGE_CURVE('',#7621,#7623,#7624,.T.);
#6103=EDGE_CURVE('',#7623,#7625,#7626,.T.);
#6104=EDGE_CURVE('',#7625,#7627,#7628,.T.);
#6105=EDGE_CURVE('',#7629,#7627,#7630,.T.);
#6106=EDGE_CURVE('',#7629,#7631,#7632,.T.);
#6107=EDGE_CURVE('',#7631,#7633,#7634,.T.);
#6108=EDGE_CURVE('',#7633,#7635,#7636,.T.);
#6109=EDGE_CURVE('',#7637,#7635,#7638,.T.);
#6110=EDGE_CURVE('',#7637,#7639,#7640,.T.);
#6111=EDGE_CURVE('',#7639,#7641,#7642,.T.);
#6112=EDGE_CURVE('',#7641,#7643,#7644,.T.);
#6113=EDGE_CURVE('',#7645,#7643,#7646,.T.);
#6114=EDGE_CURVE('',#7645,#7647,#7648,.T.);
#6115=EDGE_CURVE('',#7647,#7649,#7650,.T.);
#6116=EDGE_CURVE('',#7649,#7651,#7652,.T.);
#6117=EDGE_CURVE('',#7653,#7651,#7654,.T.);
#6118=EDGE_CURVE('',#7653,#7655,#7656,.T.);
#6119=EDGE_CURVE('',#7655,#7657,#7658,.T.);
#6120=EDGE_CURVE('',#7657,#7659,#7660,.T.);
#6121=EDGE_CURVE('',#7661,#7659,#7662,.T.);
#6122=EDGE_CURVE('',#7661,#7663,#7664,.T.);
#6123=EDGE_CURVE('',#7663,#7665,#7666,.T.);
#6124=EDGE_CURVE('',#7665,#7667,#7668,.T.);
#6125=EDGE_CURVE('',#7669,#7667,#7670,.T.);
#6126=EDGE_CURVE('',#7669,#7671,#7672,.T.);
#6127=EDGE_CURVE('',#7671,#7673,#7674,.T.);
#6128=EDGE_CURVE('',#7673,#7675,#7676,.T.);
#6129=EDGE_CURVE('',#7677,#7675,#7678,.T.);
#6130=EDGE_CURVE('',#7677,#7679,#7680,.T.);
#6131=EDGE_CURVE('',#7679,#7681,#7682,.T.);
#6132=EDGE_CURVE('',#7683,#7681,#7684,.T.);
#6133=EDGE_CURVE('',#7685,#7683,#7686,.T.);
#6134=EDGE_CURVE('',#7685,#7687,#7688,.T.);
#6135=EDGE_CURVE('',#7687,#7689,#7690,.T.);
#6136=EDGE_CURVE('',#7689,#7691,#7692,.T.);
#6137=EDGE_CURVE('',#7693,#7691,#7694,.T.);
#6138=EDGE_CURVE('',#7693,#7333,#7695,.T.);
#6139=EDGE_CURVE('',#7238,#7696,#7697,.T.);
#6140=EDGE_CURVE('',#7696,#7698,#7699,.T.);
#6141=EDGE_CURVE('',#7698,#7700,#7701,.T.);
#6142=EDGE_CURVE('',#7542,#7700,#7702,.T.);
#6143=EDGE_CURVE('',#7191,#7703,#7704,.T.);
#6144=EDGE_CURVE('',#7703,#7705,#7706,.T.);
#6145=EDGE_CURVE('',#7705,#7707,#7708,.T.);
#6146=EDGE_CURVE('',#7707,#7709,#7710,.T.);
#6147=EDGE_CURVE('',#7709,#7187,#7711,.T.);
#6148=EDGE_CURVE('',#7700,#7712,#7713,.T.);
#6149=EDGE_CURVE('',#7712,#7714,#7715,.T.);
#6150=EDGE_CURVE('',#7714,#7716,#7717,.T.);
#6151=EDGE_CURVE('',#7542,#7716,#7718,.T.);
#6152=EDGE_CURVE('',#7709,#7719,#7720,.T.);
#6153=EDGE_CURVE('',#7719,#7186,#7721,.T.);
#6154=EDGE_CURVE('',#7722,#7719,#7723,.T.);
#6155=EDGE_CURVE('',#7724,#7722,#7725,.T.);
#6156=EDGE_CURVE('',#7726,#7724,#7727,.T.);
#6157=EDGE_CURVE('',#7189,#7726,#7728,.T.);
#6158=EDGE_CURVE('',#7729,#7730,#7731,.T.);
#6159=EDGE_CURVE('',#7732,#7729,#7733,.T.);
#6160=EDGE_CURVE('',#7698,#7732,#7734,.T.);
#6161=EDGE_CURVE('',#7696,#7730,#7735,.T.);
#6162=EDGE_CURVE('',#7703,#7726,#7736,.T.);
#6163=EDGE_CURVE('',#7705,#7724,#7737,.T.);
#6164=EDGE_CURVE('',#7707,#7722,#7738,.T.);
#6165=EDGE_CURVE('',#7730,#7716,#7739,.T.);
#6166=EDGE_CURVE('',#7538,#7369,#7740,.T.);
#6167=EDGE_CURVE('',#7693,#7741,#7742,.T.);
#6168=EDGE_CURVE('',#7743,#7741,#7744,.T.);
#6169=EDGE_CURVE('',#7687,#7743,#7745,.T.);
#6170=EDGE_CURVE('',#7685,#7746,#7747,.T.);
#6171=EDGE_CURVE('',#7746,#7748,#7749,.T.);
#6172=EDGE_CURVE('',#7679,#7748,#7750,.T.);
#6173=EDGE_CURVE('',#7677,#7751,#7752,.T.);
#6174=EDGE_CURVE('',#7753,#7751,#7754,.T.);
#6175=EDGE_CURVE('',#7671,#7753,#7755,.T.);
#6176=EDGE_CURVE('',#7669,#7756,#7757,.T.);
#6177=EDGE_CURVE('',#7758,#7756,#7759,.T.);
#6178=EDGE_CURVE('',#7663,#7758,#7760,.T.);
#6179=EDGE_CURVE('',#7661,#7761,#7762,.T.);
#6180=EDGE_CURVE('',#7763,#7761,#7764,.T.);
#6181=EDGE_CURVE('',#7655,#7763,#7765,.T.);
#6182=EDGE_CURVE('',#7653,#7766,#7767,.T.);
#6183=EDGE_CURVE('',#7768,#7766,#7769,.T.);
#6184=EDGE_CURVE('',#7647,#7768,#7770,.T.);
#6185=EDGE_CURVE('',#7645,#7771,#7772,.T.);
#6186=EDGE_CURVE('',#7773,#7771,#7774,.T.);
#6187=EDGE_CURVE('',#7639,#7773,#7775,.T.);
#6188=EDGE_CURVE('',#7637,#7776,#7777,.T.);
#6189=EDGE_CURVE('',#7778,#7776,#7779,.T.);
#6190=EDGE_CURVE('',#7631,#7778,#7780,.T.);
#6191=EDGE_CURVE('',#7629,#7781,#7782,.T.);
#6192=EDGE_CURVE('',#7783,#7781,#7784,.T.);
#6193=EDGE_CURVE('',#7623,#7783,#7785,.T.);
#6194=EDGE_CURVE('',#7621,#7786,#7787,.T.);
#6195=EDGE_CURVE('',#7788,#7786,#7789,.T.);
#6196=EDGE_CURVE('',#7615,#7788,#7790,.T.);
#6197=EDGE_CURVE('',#7613,#7791,#7792,.T.);
#6198=EDGE_CURVE('',#7793,#7791,#7794,.T.);
#6199=EDGE_CURVE('',#7607,#7793,#7795,.T.);
#6200=EDGE_CURVE('',#7605,#7796,#7797,.T.);
#6201=EDGE_CURVE('',#7798,#7796,#7799,.T.);
#6202=EDGE_CURVE('',#7599,#7798,#7800,.T.);
#6203=EDGE_CURVE('',#7597,#7801,#7802,.T.);
#6204=EDGE_CURVE('',#7803,#7801,#7804,.T.);
#6205=EDGE_CURVE('',#7591,#7803,#7805,.T.);
#6206=EDGE_CURVE('',#7589,#7806,#7807,.T.);
#6207=EDGE_CURVE('',#7808,#7806,#7809,.T.);
#6208=EDGE_CURVE('',#7583,#7808,#7810,.T.);
#6209=EDGE_CURVE('',#7581,#7811,#7812,.T.);
#6210=EDGE_CURVE('',#7813,#7811,#7814,.T.);
#6211=EDGE_CURVE('',#7575,#7813,#7815,.T.);
#6212=EDGE_CURVE('',#7573,#7816,#7817,.T.);
#6213=EDGE_CURVE('',#7818,#7816,#7819,.T.);
#6214=EDGE_CURVE('',#7567,#7818,#7820,.T.);
#6215=EDGE_CURVE('',#7565,#7821,#7822,.T.);
#6216=EDGE_CURVE('',#7823,#7821,#7824,.T.);
#6217=EDGE_CURVE('',#7559,#7823,#7825,.T.);
#6218=EDGE_CURVE('',#7557,#7826,#7827,.T.);
#6219=EDGE_CURVE('',#7828,#7826,#7829,.T.);
#6220=EDGE_CURVE('',#7551,#7828,#7830,.T.);
#6221=EDGE_CURVE('',#7549,#7831,#7832,.T.);
#6222=EDGE_CURVE('',#7833,#7831,#7834,.T.);
#6223=EDGE_CURVE('',#7543,#7833,#7835,.T.);
#6224=EDGE_CURVE('',#7836,#7178,#7837,.T.);
#6225=EDGE_CURVE('',#7838,#7836,#7839,.T.);
#6226=EDGE_CURVE('',#7840,#7838,#7841,.T.);
#6227=EDGE_CURVE('',#7842,#7840,#7843,.T.);
#6228=EDGE_CURVE('',#7181,#7842,#7844,.T.);
#6229=EDGE_CURVE('',#7845,#7833,#7846,.T.);
#6230=EDGE_CURVE('',#7847,#7845,#7848,.T.);
#6231=EDGE_CURVE('',#7545,#7847,#7849,.T.);
#6232=EDGE_CURVE('',#7850,#7842,#7851,.T.);
#6233=EDGE_CURVE('',#7183,#7850,#7852,.T.);
#6234=EDGE_CURVE('',#7850,#7853,#7854,.T.);
#6235=EDGE_CURVE('',#7853,#7855,#7856,.T.);
#6236=EDGE_CURVE('',#7855,#7857,#7858,.T.);
#6237=EDGE_CURVE('',#7857,#7179,#7859,.T.);
#6238=EDGE_CURVE('',#7547,#7860,#7861,.T.);
#6239=EDGE_CURVE('',#7860,#7862,#7863,.T.);
#6240=EDGE_CURVE('',#7862,#7831,#7864,.T.);
#6241=EDGE_CURVE('',#7857,#7836,#7865,.T.);
#6242=EDGE_CURVE('',#7855,#7838,#7866,.T.);
#6243=EDGE_CURVE('',#7853,#7840,#7867,.T.);
#6244=EDGE_CURVE('',#7862,#7845,#7868,.T.);
#6245=EDGE_CURVE('',#7860,#7847,#7869,.T.);
#6246=EDGE_CURVE('',#7870,#7170,#7871,.T.);
#6247=EDGE_CURVE('',#7872,#7870,#7873,.T.);
#6248=EDGE_CURVE('',#7874,#7872,#7875,.T.);
#6249=EDGE_CURVE('',#7876,#7874,#7877,.T.);
#6250=EDGE_CURVE('',#7173,#7876,#7878,.T.);
#6251=EDGE_CURVE('',#7879,#7828,#7880,.T.);
#6252=EDGE_CURVE('',#7881,#7879,#7882,.T.);
#6253=EDGE_CURVE('',#7553,#7881,#7883,.T.);
#6254=EDGE_CURVE('',#7884,#7876,#7885,.T.);
#6255=EDGE_CURVE('',#7175,#7884,#7886,.T.);
#6256=EDGE_CURVE('',#7884,#7887,#7888,.T.);
#6257=EDGE_CURVE('',#7887,#7889,#7890,.T.);
#6258=EDGE_CURVE('',#7889,#7891,#7892,.T.);
#6259=EDGE_CURVE('',#7891,#7171,#7893,.T.);
#6260=EDGE_CURVE('',#7555,#7894,#7895,.T.);
#6261=EDGE_CURVE('',#7894,#7896,#7897,.T.);
#6262=EDGE_CURVE('',#7896,#7826,#7898,.T.);
#6263=EDGE_CURVE('',#7891,#7870,#7899,.T.);
#6264=EDGE_CURVE('',#7889,#7872,#7900,.T.);
#6265=EDGE_CURVE('',#7887,#7874,#7901,.T.);
#6266=EDGE_CURVE('',#7896,#7879,#7902,.T.);
#6267=EDGE_CURVE('',#7894,#7881,#7903,.T.);
#6268=EDGE_CURVE('',#7904,#7162,#7905,.T.);
#6269=EDGE_CURVE('',#7906,#7904,#7907,.T.);
#6270=EDGE_CURVE('',#7908,#7906,#7909,.T.);
#6271=EDGE_CURVE('',#7910,#7908,#7911,.T.);
#6272=EDGE_CURVE('',#7165,#7910,#7912,.T.);
#6273=EDGE_CURVE('',#7913,#7823,#7914,.T.);
#6274=EDGE_CURVE('',#7915,#7913,#7916,.T.);
#6275=EDGE_CURVE('',#7561,#7915,#7917,.T.);
#6276=EDGE_CURVE('',#7918,#7910,#7919,.T.);
#6277=EDGE_CURVE('',#7167,#7918,#7920,.T.);
#6278=EDGE_CURVE('',#7918,#7921,#7922,.T.);
#6279=EDGE_CURVE('',#7921,#7923,#7924,.T.);
#6280=EDGE_CURVE('',#7923,#7925,#7926,.T.);
#6281=EDGE_CURVE('',#7925,#7163,#7927,.T.);
#6282=EDGE_CURVE('',#7563,#7928,#7929,.T.);
#6283=EDGE_CURVE('',#7928,#7930,#7931,.T.);
#6284=EDGE_CURVE('',#7930,#7821,#7932,.T.);
#6285=EDGE_CURVE('',#7925,#7904,#7933,.T.);
#6286=EDGE_CURVE('',#7923,#7906,#7934,.T.);
#6287=EDGE_CURVE('',#7921,#7908,#7935,.T.);
#6288=EDGE_CURVE('',#7930,#7913,#7936,.T.);
#6289=EDGE_CURVE('',#7928,#7915,#7937,.T.);
#6290=EDGE_CURVE('',#7938,#7154,#7939,.T.);
#6291=EDGE_CURVE('',#7940,#7938,#7941,.T.);
#6292=EDGE_CURVE('',#7942,#7940,#7943,.T.);
#6293=EDGE_CURVE('',#7944,#7942,#7945,.T.);
#6294=EDGE_CURVE('',#7157,#7944,#7946,.T.);
#6295=EDGE_CURVE('',#7947,#7818,#7948,.T.);
#6296=EDGE_CURVE('',#7949,#7947,#7950,.T.);
#6297=EDGE_CURVE('',#7569,#7949,#7951,.T.);
#6298=EDGE_CURVE('',#7952,#7944,#7953,.T.);
#6299=EDGE_CURVE('',#7159,#7952,#7954,.T.);
#6300=EDGE_CURVE('',#7952,#7955,#7956,.T.);
#6301=EDGE_CURVE('',#7955,#7957,#7958,.T.);
#6302=EDGE_CURVE('',#7957,#7959,#7960,.T.);
#6303=EDGE_CURVE('',#7959,#7155,#7961,.T.);
#6304=EDGE_CURVE('',#7571,#7962,#7963,.T.);
#6305=EDGE_CURVE('',#7962,#7964,#7965,.T.);
#6306=EDGE_CURVE('',#7964,#7816,#7966,.T.);
#6307=EDGE_CURVE('',#7959,#7938,#7967,.T.);
#6308=EDGE_CURVE('',#7957,#7940,#7968,.T.);
#6309=EDGE_CURVE('',#7955,#7942,#7969,.T.);
#6310=EDGE_CURVE('',#7964,#7947,#7970,.T.);
#6311=EDGE_CURVE('',#7962,#7949,#7971,.T.);
#6312=EDGE_CURVE('',#7972,#7146,#7973,.T.);
#6313=EDGE_CURVE('',#7974,#7972,#7975,.T.);
#6314=EDGE_CURVE('',#7976,#7974,#7977,.T.);
#6315=EDGE_CURVE('',#7978,#7976,#7979,.T.);
#6316=EDGE_CURVE('',#7149,#7978,#7980,.T.);
#6317=EDGE_CURVE('',#7981,#7813,#7982,.T.);
#6318=EDGE_CURVE('',#7983,#7981,#7984,.T.);
#6319=EDGE_CURVE('',#7577,#7983,#7985,.T.);
#6320=EDGE_CURVE('',#7986,#7978,#7987,.T.);
#6321=EDGE_CURVE('',#7151,#7986,#7988,.T.);
#6322=EDGE_CURVE('',#7986,#7989,#7990,.T.);
#6323=EDGE_CURVE('',#7989,#7991,#7992,.T.);
#6324=EDGE_CURVE('',#7991,#7993,#7994,.T.);
#6325=EDGE_CURVE('',#7993,#7147,#7995,.T.);
#6326=EDGE_CURVE('',#7579,#7996,#7997,.T.);
#6327=EDGE_CURVE('',#7996,#7998,#7999,.T.);
#6328=EDGE_CURVE('',#7998,#7811,#8000,.T.);
#6329=EDGE_CURVE('',#7993,#7972,#8001,.T.);
#6330=EDGE_CURVE('',#7991,#7974,#8002,.T.);
#6331=EDGE_CURVE('',#7989,#7976,#8003,.T.);
#6332=EDGE_CURVE('',#7998,#7981,#8004,.T.);
#6333=EDGE_CURVE('',#7996,#7983,#8005,.T.);
#6334=EDGE_CURVE('',#8006,#7138,#8007,.T.);
#6335=EDGE_CURVE('',#8008,#8006,#8009,.T.);
#6336=EDGE_CURVE('',#8010,#8008,#8011,.T.);
#6337=EDGE_CURVE('',#8012,#8010,#8013,.T.);
#6338=EDGE_CURVE('',#7141,#8012,#8014,.T.);
#6339=EDGE_CURVE('',#8015,#7808,#8016,.T.);
#6340=EDGE_CURVE('',#8017,#8015,#8018,.T.);
#6341=EDGE_CURVE('',#7585,#8017,#8019,.T.);
#6342=EDGE_CURVE('',#8020,#8012,#8021,.T.);
#6343=EDGE_CURVE('',#7143,#8020,#8022,.T.);
#6344=EDGE_CURVE('',#8020,#8023,#8024,.T.);
#6345=EDGE_CURVE('',#8023,#8025,#8026,.T.);
#6346=EDGE_CURVE('',#8025,#8027,#8028,.T.);
#6347=EDGE_CURVE('',#8027,#7139,#8029,.T.);
#6348=EDGE_CURVE('',#7587,#8030,#8031,.T.);
#6349=EDGE_CURVE('',#8030,#8032,#8033,.T.);
#6350=EDGE_CURVE('',#8032,#7806,#8034,.T.);
#6351=EDGE_CURVE('',#8027,#8006,#8035,.T.);
#6352=EDGE_CURVE('',#8025,#8008,#8036,.T.);
#6353=EDGE_CURVE('',#8023,#8010,#8037,.T.);
#6354=EDGE_CURVE('',#8032,#8015,#8038,.T.);
#6355=EDGE_CURVE('',#8030,#8017,#8039,.T.);
#6356=EDGE_CURVE('',#8040,#7130,#8041,.T.);
#6357=EDGE_CURVE('',#8042,#8040,#8043,.T.);
#6358=EDGE_CURVE('',#8044,#8042,#8045,.T.);
#6359=EDGE_CURVE('',#8046,#8044,#8047,.T.);
#6360=EDGE_CURVE('',#7133,#8046,#8048,.T.);
#6361=EDGE_CURVE('',#8049,#7803,#8050,.T.);
#6362=EDGE_CURVE('',#8051,#8049,#8052,.T.);
#6363=EDGE_CURVE('',#7593,#8051,#8053,.T.);
#6364=EDGE_CURVE('',#8054,#8046,#8055,.T.);
#6365=EDGE_CURVE('',#7135,#8054,#8056,.T.);
#6366=EDGE_CURVE('',#8054,#8057,#8058,.T.);
#6367=EDGE_CURVE('',#8057,#8059,#8060,.T.);
#6368=EDGE_CURVE('',#8059,#8061,#8062,.T.);
#6369=EDGE_CURVE('',#8061,#7131,#8063,.T.);
#6370=EDGE_CURVE('',#7595,#8064,#8065,.T.);
#6371=EDGE_CURVE('',#8064,#8066,#8067,.T.);
#6372=EDGE_CURVE('',#8066,#7801,#8068,.T.);
#6373=EDGE_CURVE('',#8061,#8040,#8069,.T.);
#6374=EDGE_CURVE('',#8059,#8042,#8070,.T.);
#6375=EDGE_CURVE('',#8057,#8044,#8071,.T.);
#6376=EDGE_CURVE('',#8066,#8049,#8072,.T.);
#6377=EDGE_CURVE('',#8064,#8051,#8073,.T.);
#6378=EDGE_CURVE('',#8074,#7122,#8075,.T.);
#6379=EDGE_CURVE('',#8076,#8074,#8077,.T.);
#6380=EDGE_CURVE('',#8078,#8076,#8079,.T.);
#6381=EDGE_CURVE('',#8080,#8078,#8081,.T.);
#6382=EDGE_CURVE('',#7125,#8080,#8082,.T.);
#6383=EDGE_CURVE('',#8083,#7798,#8084,.T.);
#6384=EDGE_CURVE('',#8085,#8083,#8086,.T.);
#6385=EDGE_CURVE('',#7601,#8085,#8087,.T.);
#6386=EDGE_CURVE('',#8088,#8080,#8089,.T.);
#6387=EDGE_CURVE('',#7127,#8088,#8090,.T.);
#6388=EDGE_CURVE('',#8088,#8091,#8092,.T.);
#6389=EDGE_CURVE('',#8091,#8093,#8094,.T.);
#6390=EDGE_CURVE('',#8093,#8095,#8096,.T.);
#6391=EDGE_CURVE('',#8095,#7123,#8097,.T.);
#6392=EDGE_CURVE('',#7603,#8098,#8099,.T.);
#6393=EDGE_CURVE('',#8098,#8100,#8101,.T.);
#6394=EDGE_CURVE('',#8100,#7796,#8102,.T.);
#6395=EDGE_CURVE('',#8095,#8074,#8103,.T.);
#6396=EDGE_CURVE('',#8093,#8076,#8104,.T.);
#6397=EDGE_CURVE('',#8091,#8078,#8105,.T.);
#6398=EDGE_CURVE('',#8100,#8083,#8106,.T.);
#6399=EDGE_CURVE('',#8098,#8085,#8107,.T.);
#6400=EDGE_CURVE('',#8108,#7114,#8109,.T.);
#6401=EDGE_CURVE('',#8110,#8108,#8111,.T.);
#6402=EDGE_CURVE('',#8112,#8110,#8113,.T.);
#6403=EDGE_CURVE('',#8114,#8112,#8115,.T.);
#6404=EDGE_CURVE('',#7117,#8114,#8116,.T.);
#6405=EDGE_CURVE('',#8117,#7793,#8118,.T.);
#6406=EDGE_CURVE('',#8119,#8117,#8120,.T.);
#6407=EDGE_CURVE('',#7609,#8119,#8121,.T.);
#6408=EDGE_CURVE('',#8122,#8114,#8123,.T.);
#6409=EDGE_CURVE('',#7119,#8122,#8124,.T.);
#6410=EDGE_CURVE('',#8122,#8125,#8126,.T.);
#6411=EDGE_CURVE('',#8125,#8127,#8128,.T.);
#6412=EDGE_CURVE('',#8127,#8129,#8130,.T.);
#6413=EDGE_CURVE('',#8129,#7115,#8131,.T.);
#6414=EDGE_CURVE('',#7611,#8132,#8133,.T.);
#6415=EDGE_CURVE('',#8132,#8134,#8135,.T.);
#6416=EDGE_CURVE('',#8134,#7791,#8136,.T.);
#6417=EDGE_CURVE('',#8129,#8108,#8137,.T.);
#6418=EDGE_CURVE('',#8127,#8110,#8138,.T.);
#6419=EDGE_CURVE('',#8125,#8112,#8139,.T.);
#6420=EDGE_CURVE('',#8134,#8117,#8140,.T.);
#6421=EDGE_CURVE('',#8132,#8119,#8141,.T.);
#6422=EDGE_CURVE('',#8142,#7106,#8143,.T.);
#6423=EDGE_CURVE('',#8144,#8142,#8145,.T.);
#6424=EDGE_CURVE('',#8146,#8144,#8147,.T.);
#6425=EDGE_CURVE('',#8148,#8146,#8149,.T.);
#6426=EDGE_CURVE('',#7109,#8148,#8150,.T.);
#6427=EDGE_CURVE('',#8151,#7788,#8152,.T.);
#6428=EDGE_CURVE('',#8153,#8151,#8154,.T.);
#6429=EDGE_CURVE('',#7617,#8153,#8155,.T.);
#6430=EDGE_CURVE('',#8156,#8148,#8157,.T.);
#6431=EDGE_CURVE('',#7111,#8156,#8158,.T.);
#6432=EDGE_CURVE('',#8156,#8159,#8160,.T.);
#6433=EDGE_CURVE('',#8159,#8161,#8162,.T.);
#6434=EDGE_CURVE('',#8161,#8163,#8164,.T.);
#6435=EDGE_CURVE('',#8163,#7107,#8165,.T.);
#6436=EDGE_CURVE('',#7619,#8166,#8167,.T.);
#6437=EDGE_CURVE('',#8166,#8168,#8169,.T.);
#6438=EDGE_CURVE('',#8168,#7786,#8170,.T.);
#6439=EDGE_CURVE('',#8163,#8142,#8171,.T.);
#6440=EDGE_CURVE('',#8161,#8144,#8172,.T.);
#6441=EDGE_CURVE('',#8159,#8146,#8173,.T.);
#6442=EDGE_CURVE('',#8168,#8151,#8174,.T.);
#6443=EDGE_CURVE('',#8166,#8153,#8175,.T.);
#6444=EDGE_CURVE('',#8176,#7098,#8177,.T.);
#6445=EDGE_CURVE('',#8178,#8176,#8179,.T.);
#6446=EDGE_CURVE('',#8180,#8178,#8181,.T.);
#6447=EDGE_CURVE('',#8182,#8180,#8183,.T.);
#6448=EDGE_CURVE('',#7101,#8182,#8184,.T.);
#6449=EDGE_CURVE('',#8185,#7783,#8186,.T.);
#6450=EDGE_CURVE('',#8187,#8185,#8188,.T.);
#6451=EDGE_CURVE('',#7625,#8187,#8189,.T.);
#6452=EDGE_CURVE('',#8190,#8182,#8191,.T.);
#6453=EDGE_CURVE('',#7103,#8190,#8192,.T.);
#6454=EDGE_CURVE('',#8190,#8193,#8194,.T.);
#6455=EDGE_CURVE('',#8193,#8195,#8196,.T.);
#6456=EDGE_CURVE('',#8195,#8197,#8198,.T.);
#6457=EDGE_CURVE('',#8197,#7099,#8199,.T.);
#6458=EDGE_CURVE('',#7627,#8200,#8201,.T.);
#6459=EDGE_CURVE('',#8200,#8202,#8203,.T.);
#6460=EDGE_CURVE('',#8202,#7781,#8204,.T.);
#6461=EDGE_CURVE('',#8197,#8176,#8205,.T.);
#6462=EDGE_CURVE('',#8195,#8178,#8206,.T.);
#6463=EDGE_CURVE('',#8193,#8180,#8207,.T.);
#6464=EDGE_CURVE('',#8202,#8185,#8208,.T.);
#6465=EDGE_CURVE('',#8200,#8187,#8209,.T.);
#6466=EDGE_CURVE('',#8210,#7090,#8211,.T.);
#6467=EDGE_CURVE('',#8212,#8210,#8213,.T.);
#6468=EDGE_CURVE('',#8214,#8212,#8215,.T.);
#6469=EDGE_CURVE('',#8216,#8214,#8217,.T.);
#6470=EDGE_CURVE('',#7093,#8216,#8218,.T.);
#6471=EDGE_CURVE('',#8219,#7778,#8220,.T.);
#6472=EDGE_CURVE('',#8221,#8219,#8222,.T.);
#6473=EDGE_CURVE('',#7633,#8221,#8223,.T.);
#6474=EDGE_CURVE('',#8224,#8216,#8225,.T.);
#6475=EDGE_CURVE('',#7095,#8224,#8226,.T.);
#6476=EDGE_CURVE('',#8224,#8227,#8228,.T.);
#6477=EDGE_CURVE('',#8227,#8229,#8230,.T.);
#6478=EDGE_CURVE('',#8229,#8231,#8232,.T.);
#6479=EDGE_CURVE('',#8231,#7091,#8233,.T.);
#6480=EDGE_CURVE('',#7635,#8234,#8235,.T.);
#6481=EDGE_CURVE('',#8234,#8236,#8237,.T.);
#6482=EDGE_CURVE('',#8236,#7776,#8238,.T.);
#6483=EDGE_CURVE('',#8231,#8210,#8239,.T.);
#6484=EDGE_CURVE('',#8229,#8212,#8240,.T.);
#6485=EDGE_CURVE('',#8227,#8214,#8241,.T.);
#6486=EDGE_CURVE('',#8236,#8219,#8242,.T.);
#6487=EDGE_CURVE('',#8234,#8221,#8243,.T.);
#6488=EDGE_CURVE('',#8244,#7082,#8245,.T.);
#6489=EDGE_CURVE('',#8246,#8244,#8247,.T.);
#6490=EDGE_CURVE('',#8248,#8246,#8249,.T.);
#6491=EDGE_CURVE('',#8250,#8248,#8251,.T.);
#6492=EDGE_CURVE('',#7085,#8250,#8252,.T.);
#6493=EDGE_CURVE('',#8253,#7773,#8254,.T.);
#6494=EDGE_CURVE('',#8255,#8253,#8256,.T.);
#6495=EDGE_CURVE('',#7641,#8255,#8257,.T.);
#6496=EDGE_CURVE('',#8258,#8250,#8259,.T.);
#6497=EDGE_CURVE('',#7087,#8258,#8260,.T.);
#6498=EDGE_CURVE('',#8258,#8261,#8262,.T.);
#6499=EDGE_CURVE('',#8261,#8263,#8264,.T.);
#6500=EDGE_CURVE('',#8263,#8265,#8266,.T.);
#6501=EDGE_CURVE('',#8265,#7083,#8267,.T.);
#6502=EDGE_CURVE('',#7643,#8268,#8269,.T.);
#6503=EDGE_CURVE('',#8268,#8270,#8271,.T.);
#6504=EDGE_CURVE('',#8270,#7771,#8272,.T.);
#6505=EDGE_CURVE('',#8265,#8244,#8273,.T.);
#6506=EDGE_CURVE('',#8263,#8246,#8274,.T.);
#6507=EDGE_CURVE('',#8261,#8248,#8275,.T.);
#6508=EDGE_CURVE('',#8270,#8253,#8276,.T.);
#6509=EDGE_CURVE('',#8268,#8255,#8277,.T.);
#6510=EDGE_CURVE('',#8278,#7074,#8279,.T.);
#6511=EDGE_CURVE('',#8280,#8278,#8281,.T.);
#6512=EDGE_CURVE('',#8282,#8280,#8283,.T.);
#6513=EDGE_CURVE('',#8284,#8282,#8285,.T.);
#6514=EDGE_CURVE('',#7077,#8284,#8286,.T.);
#6515=EDGE_CURVE('',#8287,#7768,#8288,.T.);
#6516=EDGE_CURVE('',#8289,#8287,#8290,.T.);
#6517=EDGE_CURVE('',#7649,#8289,#8291,.T.);
#6518=EDGE_CURVE('',#8292,#8284,#8293,.T.);
#6519=EDGE_CURVE('',#7079,#8292,#8294,.T.);
#6520=EDGE_CURVE('',#8292,#8295,#8296,.T.);
#6521=EDGE_CURVE('',#8295,#8297,#8298,.T.);
#6522=EDGE_CURVE('',#8297,#8299,#8300,.T.);
#6523=EDGE_CURVE('',#8299,#7075,#8301,.T.);
#6524=EDGE_CURVE('',#7651,#8302,#8303,.T.);
#6525=EDGE_CURVE('',#8302,#8304,#8305,.T.);
#6526=EDGE_CURVE('',#8304,#7766,#8306,.T.);
#6527=EDGE_CURVE('',#8299,#8278,#8307,.T.);
#6528=EDGE_CURVE('',#8297,#8280,#8308,.T.);
#6529=EDGE_CURVE('',#8295,#8282,#8309,.T.);
#6530=EDGE_CURVE('',#8304,#8287,#8310,.T.);
#6531=EDGE_CURVE('',#8302,#8289,#8311,.T.);
#6532=EDGE_CURVE('',#8312,#7066,#8313,.T.);
#6533=EDGE_CURVE('',#8314,#8312,#8315,.T.);
#6534=EDGE_CURVE('',#8316,#8314,#8317,.T.);
#6535=EDGE_CURVE('',#8318,#8316,#8319,.T.);
#6536=EDGE_CURVE('',#7069,#8318,#8320,.T.);
#6537=EDGE_CURVE('',#8321,#7763,#8322,.T.);
#6538=EDGE_CURVE('',#8323,#8321,#8324,.T.);
#6539=EDGE_CURVE('',#7657,#8323,#8325,.T.);
#6540=EDGE_CURVE('',#8326,#8318,#8327,.T.);
#6541=EDGE_CURVE('',#7071,#8326,#8328,.T.);
#6542=EDGE_CURVE('',#8326,#8329,#8330,.T.);
#6543=EDGE_CURVE('',#8329,#8331,#8332,.T.);
#6544=EDGE_CURVE('',#8331,#8333,#8334,.T.);
#6545=EDGE_CURVE('',#8333,#7067,#8335,.T.);
#6546=EDGE_CURVE('',#8336,#8337,#8338,.T.);
#6547=EDGE_CURVE('',#8337,#7761,#8339,.T.);
#6548=EDGE_CURVE('',#7659,#8336,#8340,.T.);
#6549=EDGE_CURVE('',#8333,#8312,#8341,.T.);
#6550=EDGE_CURVE('',#8331,#8314,#8342,.T.);
#6551=EDGE_CURVE('',#8329,#8316,#8343,.T.);
#6552=EDGE_CURVE('',#8336,#8323,#8344,.T.);
#6553=EDGE_CURVE('',#8337,#8321,#8345,.T.);
#6554=EDGE_CURVE('',#8346,#7058,#8347,.T.);
#6555=EDGE_CURVE('',#8348,#8346,#8349,.T.);
#6556=EDGE_CURVE('',#8350,#8348,#8351,.T.);
#6557=EDGE_CURVE('',#8352,#8350,#8353,.T.);
#6558=EDGE_CURVE('',#7061,#8352,#8354,.T.);
#6559=EDGE_CURVE('',#8355,#7758,#8356,.T.);
#6560=EDGE_CURVE('',#8357,#8355,#8358,.T.);
#6561=EDGE_CURVE('',#7665,#8357,#8359,.T.);
#6562=EDGE_CURVE('',#8360,#8352,#8361,.T.);
#6563=EDGE_CURVE('',#7063,#8360,#8362,.T.);
#6564=EDGE_CURVE('',#8360,#8363,#8364,.T.);
#6565=EDGE_CURVE('',#8363,#8365,#8366,.T.);
#6566=EDGE_CURVE('',#8365,#8367,#8368,.T.);
#6567=EDGE_CURVE('',#8367,#7059,#8369,.T.);
#6568=EDGE_CURVE('',#8370,#8371,#8372,.T.);
#6569=EDGE_CURVE('',#8371,#7756,#8373,.T.);
#6570=EDGE_CURVE('',#7667,#8370,#8374,.T.);
#6571=EDGE_CURVE('',#8367,#8346,#8375,.T.);
#6572=EDGE_CURVE('',#8365,#8348,#8376,.T.);
#6573=EDGE_CURVE('',#8363,#8350,#8377,.T.);
#6574=EDGE_CURVE('',#8370,#8357,#8378,.T.);
#6575=EDGE_CURVE('',#8371,#8355,#8379,.T.);
#6576=EDGE_CURVE('',#8380,#7050,#8381,.T.);
#6577=EDGE_CURVE('',#8382,#8380,#8383,.T.);
#6578=EDGE_CURVE('',#8384,#8382,#8385,.T.);
#6579=EDGE_CURVE('',#8386,#8384,#8387,.T.);
#6580=EDGE_CURVE('',#7053,#8386,#8388,.T.);
#6581=EDGE_CURVE('',#8389,#7753,#8390,.T.);
#6582=EDGE_CURVE('',#8391,#8389,#8392,.T.);
#6583=EDGE_CURVE('',#7673,#8391,#8393,.T.);
#6584=EDGE_CURVE('',#8394,#8386,#8395,.T.);
#6585=EDGE_CURVE('',#7055,#8394,#8396,.T.);
#6586=EDGE_CURVE('',#8394,#8397,#8398,.T.);
#6587=EDGE_CURVE('',#8397,#8399,#8400,.T.);
#6588=EDGE_CURVE('',#8399,#8401,#8402,.T.);
#6589=EDGE_CURVE('',#8401,#7051,#8403,.T.);
#6590=EDGE_CURVE('',#8404,#8405,#8406,.T.);
#6591=EDGE_CURVE('',#8405,#7751,#8407,.T.);
#6592=EDGE_CURVE('',#7675,#8404,#8408,.T.);
#6593=EDGE_CURVE('',#8401,#8380,#8409,.T.);
#6594=EDGE_CURVE('',#8399,#8382,#8410,.T.);
#6595=EDGE_CURVE('',#8397,#8384,#8411,.T.);
#6596=EDGE_CURVE('',#8404,#8391,#8412,.T.);
#6597=EDGE_CURVE('',#8405,#8389,#8413,.T.);
#6598=EDGE_CURVE('',#8414,#7042,#8415,.T.);
#6599=EDGE_CURVE('',#8416,#8414,#8417,.T.);
#6600=EDGE_CURVE('',#8418,#8416,#8419,.T.);
#6601=EDGE_CURVE('',#8420,#8418,#8421,.T.);
#6602=EDGE_CURVE('',#7045,#8420,#8422,.T.);
#6603=EDGE_CURVE('',#8423,#7748,#8424,.T.);
#6604=EDGE_CURVE('',#8425,#8423,#8426,.T.);
#6605=EDGE_CURVE('',#7681,#8425,#8427,.T.);
#6606=EDGE_CURVE('',#8428,#8420,#8429,.T.);
#6607=EDGE_CURVE('',#7047,#8428,#8430,.T.);
#6608=EDGE_CURVE('',#8428,#8431,#8432,.T.);
#6609=EDGE_CURVE('',#8431,#8433,#8434,.T.);
#6610=EDGE_CURVE('',#8433,#8435,#8436,.T.);
#6611=EDGE_CURVE('',#8435,#7043,#8437,.T.);
#6612=EDGE_CURVE('',#8438,#8439,#8440,.T.);
#6613=EDGE_CURVE('',#8439,#7746,#8441,.T.);
#6614=EDGE_CURVE('',#7683,#8438,#8442,.T.);
#6615=EDGE_CURVE('',#8435,#8414,#8443,.T.);
#6616=EDGE_CURVE('',#8433,#8416,#8444,.T.);
#6617=EDGE_CURVE('',#8431,#8418,#8445,.T.);
#6618=EDGE_CURVE('',#8438,#8425,#8446,.T.);
#6619=EDGE_CURVE('',#8439,#8423,#8447,.T.);
#6620=EDGE_CURVE('',#8448,#7034,#8449,.T.);
#6621=EDGE_CURVE('',#8450,#8448,#8451,.T.);
#6622=EDGE_CURVE('',#8452,#8450,#8453,.T.);
#6623=EDGE_CURVE('',#8454,#8452,#8455,.T.);
#6624=EDGE_CURVE('',#7037,#8454,#8456,.T.);
#6625=EDGE_CURVE('',#8457,#7743,#8458,.T.);
#6626=EDGE_CURVE('',#8459,#8457,#8460,.T.);
#6627=EDGE_CURVE('',#7689,#8459,#8461,.T.);
#6628=EDGE_CURVE('',#8462,#8454,#8463,.T.);
#6629=EDGE_CURVE('',#7039,#8462,#8464,.T.);
#6630=EDGE_CURVE('',#8462,#8465,#8466,.T.);
#6631=EDGE_CURVE('',#8465,#8467,#8468,.T.);
#6632=EDGE_CURVE('',#8467,#8469,#8470,.T.);
#6633=EDGE_CURVE('',#8469,#7035,#8471,.T.);
#6634=EDGE_CURVE('',#8472,#8473,#8474,.T.);
#6635=EDGE_CURVE('',#8473,#7741,#8475,.T.);
#6636=EDGE_CURVE('',#7691,#8472,#8476,.T.);
#6637=EDGE_CURVE('',#8469,#8448,#8477,.T.);
#6638=EDGE_CURVE('',#8467,#8450,#8478,.T.);
#6639=EDGE_CURVE('',#8465,#8452,#8479,.T.);
#6640=EDGE_CURVE('',#8472,#8459,#8480,.T.);
#6641=EDGE_CURVE('',#8473,#8457,#8481,.T.);
#6642=EDGE_CURVE('',#7255,#7314,#8482,.T.);
#6643=EDGE_CURVE('',#7253,#7316,#8483,.T.);
#6644=EDGE_CURVE('',#7029,#7318,#8484,.T.);
#6645=EDGE_CURVE('',#7714,#7729,#8485,.T.);
#6646=EDGE_CURVE('',#7712,#7732,#8486,.T.);
#6647=EDGE_CURVE('',#7490,#6944,#8487,.T.);
#6648=EDGE_CURVE('',#7410,#7197,#8488,.T.);
#6649=EDGE_CURVE('',#7408,#6987,#8489,.T.);
#6650=EDGE_CURVE('',#7305,#6845,#8490,.T.);
#6651=EDGE_CURVE('',#7303,#6847,#8491,.T.);
#6652=EDGE_CURVE('',#7301,#6849,#8492,.T.);
#6653=EDGE_CURVE('',#7299,#6851,#8493,.T.);
#6654=EDGE_CURVE('',#7026,#6836,#8494,.T.);
#6655=EDGE_CURVE('',#7024,#6838,#8495,.T.);
#6656=EDGE_CURVE('',#8496,#6728,#8497,.T.);
#6657=EDGE_CURVE('',#8498,#8496,#8499,.T.);
#6658=EDGE_CURVE('',#8498,#6733,#8500,.T.);
#6659=EDGE_CURVE('',#8498,#8501,#8502,.T.);
#6660=EDGE_CURVE('',#8501,#6736,#8503,.T.);
#6661=EDGE_CURVE('',#6749,#8501,#8504,.T.);
#6662=EDGE_CURVE('',#8501,#6692,#8505,.T.);
#6663=EDGE_CURVE('',#6692,#8498,#8506,.T.);
#6664=EDGE_CURVE('',#8496,#6694,#8507,.T.);
#6665=EDGE_CURVE('',#8508,#8496,#8509,.T.);
#6666=EDGE_CURVE('',#6694,#8508,#8510,.T.);
#6667=EDGE_CURVE('',#8508,#6706,#8511,.T.);
#6668=EDGE_CURVE('',#8508,#6725,#8512,.T.);
#6669=EDGE_CURVE('',#6911,#6859,#8513,.T.);
#6670=EDGE_CURVE('',#6909,#6861,#8514,.T.);
#6671=EDGE_CURVE('',#6907,#6863,#8515,.T.);
#6672=EDGE_CURVE('',#6905,#6865,#8516,.T.);
#6673=EDGE_CURVE('',#6805,#8517,#8518,.T.);
#6674=EDGE_CURVE('',#8519,#8517,#8520,.T.);
#6675=EDGE_CURVE('',#8521,#8519,#8522,.T.);
#6676=EDGE_CURVE('',#8523,#8521,#8524,.T.);
#6677=EDGE_CURVE('',#6900,#8523,#8525,.T.);
#6678=EDGE_CURVE('',#8523,#6872,#8526,.T.);
#6679=EDGE_CURVE('',#6901,#6870,#8527,.T.);
#6680=EDGE_CURVE('',#8521,#6874,#8528,.T.);
#6681=EDGE_CURVE('',#8519,#6876,#8529,.T.);
#6682=EDGE_CURVE('',#8517,#6878,#8530,.T.);
#6683=VERTEX_POINT('',#8531);
#6684=VERTEX_POINT('',#8532);
#6685=LINE('',#8533,#8534);
#6686=VERTEX_POINT('',#8535);
#6687=LINE('',#8536,#8537);
#6688=VERTEX_POINT('',#8538);
#6689=LINE('',#8539,#8540);
#6690=VERTEX_POINT('',#8541);
#6691=LINE('',#8542,#8543);
#6692=VERTEX_POINT('',#8544);
#6693=LINE('',#8545,#8546);
#6694=VERTEX_POINT('',#8547);
#6695=LINE('',#8548,#8549);
#6696=VERTEX_POINT('',#8550);
#6697=LINE('',#8551,#8552);
#6698=LINE('',#8553,#8554);
#6699=VERTEX_POINT('',#8555);
#6700=VERTEX_POINT('',#8556);
#6701=LINE('',#8557,#8558);
#6702=VERTEX_POINT('',#8559);
#6703=B_SPLINE_CURVE_WITH_KNOTS('',3,(#8560,#8561,#8562,#8563,#8564),.UNSPECIFIED.,.F.,.F.,(4,1,4),(0.0,0.5,1.0),.UNSPECIFIED.);
#6704=B_SPLINE_CURVE_WITH_KNOTS('',3,(#8565,#8566,#8567,#8568,#8569),.UNSPECIFIED.,.F.,.F.,(4,1,4),(0.0,0.5,1.0),.UNSPECIFIED.);
#6705=CIRCLE('',#8570,0.3);
#6706=VERTEX_POINT('',#8571);
#6707=CIRCLE('',#8572,0.3);
#6708=CIRCLE('',#8573,0.3);
#6709=VERTEX_POINT('',#8574);
#6710=LINE('',#8575,#8576);
#6711=VERTEX_POINT('',#8577);
#6712=CIRCLE('',#8578,0.3);
#6713=LINE('',#8579,#8580);
#6714=VERTEX_POINT('',#8581);
#6715=LINE('',#8582,#8583);
#6716=LINE('',#8584,#8585);
#6717=VERTEX_POINT('',#8586);
#6718=VERTEX_POINT('',#8587);
#6719=LINE('',#8588,#8589);
#6720=B_SPLINE_CURVE_WITH_KNOTS('',3,(#8590,#8591,#8592,#8593,#8594,#8595,#8596,#8597),.UNSPECIFIED.,.F.,.F.,(4,1,1,1,1,4),(0.0,0.125,0.25,0.5,0.75,1.0),.UNSPECIFIED.);
#6721=CIRCLE('',#8598,0.3);
#6722=CIRCLE('',#8599,0.3);
#6723=VERTEX_POINT('',#8600);
#6724=LINE('',#8601,#8602);
#6725=VERTEX_POINT('',#8603);
#6726=LINE('',#8604,#8605);
#6727=CIRCLE('',#8606,0.3);
#6728=VERTEX_POINT('',#8607);
#6729=CIRCLE('',#8608,0.3);
#6730=CIRCLE('',#8609,0.3);
#6731=VERTEX_POINT('',#8610);
#6732=LINE('',#8611,#8612);
#6733=VERTEX_POINT('',#8613);
#6734=LINE('',#8614,#8615);
#6735=CIRCLE('',#8616,0.3);
#6736=VERTEX_POINT('',#8617);
#6737=CIRCLE('',#8618,0.3);
#6738=CIRCLE('',#8619,0.3);
#6739=VERTEX_POINT('',#8620);
#6740=LINE('',#8621,#8622);
#6741=VERTEX_POINT('',#8623);
#6742=LINE('',#8624,#8625);
#6743=CIRCLE('',#8626,0.3);
#6744=VERTEX_POINT('',#8627);
#6745=CIRCLE('',#8628,0.3);
#6746=CIRCLE('',#8629,0.3);
#6747=VERTEX_POINT('',#8630);
#6748=LINE('',#8631,#8632);
#6749=VERTEX_POINT('',#8633);
#6750=LINE('',#8634,#8635);
#6751=CIRCLE('',#8636,0.3);
#6752=CIRCLE('',#8637,0.3);
#6753=CIRCLE('',#8638,0.3);
#6754=VERTEX_POINT('',#8639);
#6755=B_SPLINE_CURVE_WITH_KNOTS('',3,(#8640,#8641,#8642,#8643,#8644),.UNSPECIFIED.,.F.,.F.,(4,1,4),(0.0,0.5,1.0),.UNSPECIFIED.);
#6756=VERTEX_POINT('',#8645);
#6757=B_SPLINE_CURVE_WITH_KNOTS('',3,(#8646,#8647,#8648,#8649,#8650),.UNSPECIFIED.,.F.,.F.,(4,1,4),(0.0,0.5,1.0),.UNSPECIFIED.);
#6758=LINE('',#8651,#8652);
#6759=VERTEX_POINT('',#8653);
#6760=LINE('',#8654,#8655);
#6761=LINE('',#8656,#8657);
#6762=VERTEX_POINT('',#8658);
#6763=B_SPLINE_CURVE_WITH_KNOTS('',3,(#8659,#8660,#8661,#8662,#8663,#8664,#8665,#8666),.UNSPECIFIED.,.F.,.F.,(4,1,1,1,1,4),(0.0,0.25,0.5,0.75,0.875,1.0),.UNSPECIFIED.);
#6764=LINE('',#8667,#8668);
#6765=VERTEX_POINT('',#8669);
#6766=LINE('',#8670,#8671);
#6767=VERTEX_POINT('',#8672);
#6768=LINE('',#8673,#8674);
#6769=VERTEX_POINT('',#8675);
#6770=LINE('',#8676,#8677);
#6771=VERTEX_POINT('',#8678);
#6772=LINE('',#8679,#8680);
#6773=VERTEX_POINT('',#8681);
#6774=LINE('',#8682,#8683);
#6775=VERTEX_POINT('',#8684);
#6776=LINE('',#8685,#8686);
#6777=LINE('',#8687,#8688);
#6778=VERTEX_POINT('',#8689);
#6779=VERTEX_POINT('',#8690);
#6780=LINE('',#8691,#8692);
#6781=VERTEX_POINT('',#8693);
#6782=LINE('',#8694,#8695);
#6783=VERTEX_POINT('',#8696);
#6784=LINE('',#8697,#8698);
#6785=LINE('',#8699,#8700);
#6786=VERTEX_POINT('',#8701);
#6787=VERTEX_POINT('',#8702);
#6788=LINE('',#8703,#8704);
#6789=VERTEX_POINT('',#8705);
#6790=LINE('',#8706,#8707);
#6791=VERTEX_POINT('',#8708);
#6792=LINE('',#8709,#8710);
#6793=LINE('',#8711,#8712);
#6794=VERTEX_POINT('',#8713);
#6795=VERTEX_POINT('',#8714);
#6796=LINE('',#8715,#8716);
#6797=VERTEX_POINT('',#8717);
#6798=LINE('',#8718,#8719);
#6799=VERTEX_POINT('',#8720);
#6800=LINE('',#8721,#8722);
#6801=VERTEX_POINT('',#8723);
#6802=LINE('',#8724,#8725);
#6803=VERTEX_POINT('',#8726);
#6804=LINE('',#8727,#8728);
#6805=VERTEX_POINT('',#8729);
#6806=LINE('',#8730,#8731);
#6807=VERTEX_POINT('',#8732);
#6808=LINE('',#8733,#8734);
#6809=LINE('',#8735,#8736);
#6810=LINE('',#8737,#8738);
#6811=VERTEX_POINT('',#8739);
#6812=VERTEX_POINT('',#8740);
#6813=LINE('',#8741,#8742);
#6814=VERTEX_POINT('',#8743);
#6815=LINE('',#8744,#8745);
#6816=VERTEX_POINT('',#8746);
#6817=LINE('',#8747,#8748);
#6818=LINE('',#8749,#8750);
#6819=VERTEX_POINT('',#8751);
#6820=LINE('',#8752,#8753);
#6821=LINE('',#8754,#8755);
#6822=VERTEX_POINT('',#8756);
#6823=LINE('',#8757,#8758);
#6824=VERTEX_POINT('',#8759);
#6825=LINE('',#8760,#8761);
#6826=LINE('',#8762,#8763);
#6827=VERTEX_POINT('',#8764);
#6828=LINE('',#8765,#8766);
#6829=VERTEX_POINT('',#8767);
#6830=LINE('',#8768,#8769);
#6831=LINE('',#8770,#8771);
#6832=VERTEX_POINT('',#8772);
#6833=LINE('',#8773,#8774);
#6834=VERTEX_POINT('',#8775);
#6835=LINE('',#8776,#8777);
#6836=VERTEX_POINT('',#8778);
#6837=LINE('',#8779,#8780);
#6838=VERTEX_POINT('',#8781);
#6839=LINE('',#8782,#8783);
#6840=VERTEX_POINT('',#8784);
#6841=LINE('',#8785,#8786);
#6842=LINE('',#8787,#8788);
#6843=LINE('',#8789,#8790);
#6844=LINE('',#8791,#8792);
#6845=VERTEX_POINT('',#8793);
#6846=LINE('',#8794,#8795);
#6847=VERTEX_POINT('',#8796);
#6848=LINE('',#8797,#8798);
#6849=VERTEX_POINT('',#8799);
#6850=LINE('',#8800,#8801);
#6851=VERTEX_POINT('',#8802);
#6852=LINE('',#8803,#8804);
#6853=VERTEX_POINT('',#8805);
#6854=LINE('',#8806,#8807);
#6855=VERTEX_POINT('',#8808);
#6856=LINE('',#8809,#8810);
#6857=VERTEX_POINT('',#8811);
#6858=LINE('',#8812,#8813);
#6859=VERTEX_POINT('',#8814);
#6860=LINE('',#8815,#8816);
#6861=VERTEX_POINT('',#8817);
#6862=LINE('',#8818,#8819);
#6863=VERTEX_POINT('',#8820);
#6864=LINE('',#8821,#8822);
#6865=VERTEX_POINT('',#8823);
#6866=LINE('',#8824,#8825);
#6867=VERTEX_POINT('',#8826);
#6868=LINE('',#8827,#8828);
#6869=LINE('',#8829,#8830);
#6870=VERTEX_POINT('',#8831);
#6871=LINE('',#8832,#8833);
#6872=VERTEX_POINT('',#8834);
#6873=LINE('',#8835,#8836);
#6874=VERTEX_POINT('',#8837);
#6875=LINE('',#8838,#8839);
#6876=VERTEX_POINT('',#8840);
#6877=LINE('',#8841,#8842);
#6878=VERTEX_POINT('',#8843);
#6879=LINE('',#8844,#8845);
#6880=LINE('',#8846,#8847);
#6881=VERTEX_POINT('',#8848);
#6882=LINE('',#8849,#8850);
#6883=VERTEX_POINT('',#8851);
#6884=LINE('',#8852,#8853);
#6885=VERTEX_POINT('',#8854);
#6886=LINE('',#8855,#8856);
#6887=VERTEX_POINT('',#8857);
#6888=LINE('',#8858,#8859);
#6889=VERTEX_POINT('',#8860);
#6890=LINE('',#8861,#8862);
#6891=LINE('',#8863,#8864);
#6892=VERTEX_POINT('',#8865);
#6893=LINE('',#8866,#8867);
#6894=LINE('',#8868,#8869);
#6895=VERTEX_POINT('',#8870);
#6896=LINE('',#8871,#8872);
#6897=VERTEX_POINT('',#8873);
#6898=LINE('',#8874,#8875);
#6899=LINE('',#8876,#8877);
#6900=VERTEX_POINT('',#8878);
#6901=VERTEX_POINT('',#8879);
#6902=LINE('',#8880,#8881);
#6903=LINE('',#8882,#8883);
#6904=LINE('',#8884,#8885);
#6905=VERTEX_POINT('',#8886);
#6906=LINE('',#8887,#8888);
#6907=VERTEX_POINT('',#8889);
#6908=LINE('',#8890,#8891);
#6909=VERTEX_POINT('',#8892);
#6910=LINE('',#8893,#8894);
#6911=VERTEX_POINT('',#8895);
#6912=LINE('',#8896,#8897);
#6913=VERTEX_POINT('',#8898);
#6914=LINE('',#8899,#8900);
#6915=LINE('',#8901,#8902);
#6916=LINE('',#8903,#8904);
#6917=VERTEX_POINT('',#8905);
#6918=LINE('',#8906,#8907);
#6919=VERTEX_POINT('',#8908);
#6920=LINE('',#8909,#8910);
#6921=LINE('',#8911,#8912);
#6922=VERTEX_POINT('',#8913);
#6923=VERTEX_POINT('',#8914);
#6924=LINE('',#8915,#8916);
#6925=VERTEX_POINT('',#8917);
#6926=LINE('',#8918,#8919);
#6927=VERTEX_POINT('',#8920);
#6928=LINE('',#8921,#8922);
#6929=LINE('',#8923,#8924);
#6930=VERTEX_POINT('',#8925);
#6931=LINE('',#8926,#8927);
#6932=VERTEX_POINT('',#8928);
#6933=LINE('',#8929,#8930);
#6934=VERTEX_POINT('',#8931);
#6935=LINE('',#8932,#8933);
#6936=VERTEX_POINT('',#8934);
#6937=LINE('',#8935,#8936);
#6938=VERTEX_POINT('',#8937);
#6939=LINE('',#8938,#8939);
#6940=VERTEX_POINT('',#8940);
#6941=LINE('',#8941,#8942);
#6942=VERTEX_POINT('',#8943);
#6943=CIRCLE('',#8944,0.05);
#6944=VERTEX_POINT('',#8945);
#6945=LINE('',#8946,#8947);
#6946=VERTEX_POINT('',#8948);
#6947=CIRCLE('',#8949,0.05);
#6948=LINE('',#8950,#8951);
#6949=VERTEX_POINT('',#8952);
#6950=VERTEX_POINT('',#8953);
#6951=CIRCLE('',#8954,0.05);
#6952=VERTEX_POINT('',#8955);
#6953=LINE('',#8956,#8957);
#6954=VERTEX_POINT('',#8958);
#6955=LINE('',#8959,#8960);
#6956=VERTEX_POINT('',#8961);
#6957=LINE('',#8962,#8963);
#6958=VERTEX_POINT('',#8964);
#6959=LINE('',#8965,#8966);
#6960=VERTEX_POINT('',#8967);
#6961=LINE('',#8968,#8969);
#6962=LINE('',#8970,#8971);
#6963=VERTEX_POINT('',#8972);
#6964=LINE('',#8973,#8974);
#6965=VERTEX_POINT('',#8975);
#6966=CIRCLE('',#8976,0.05);
#6967=LINE('',#8977,#8978);
#6968=VERTEX_POINT('',#8979);
#6969=LINE('',#8980,#8981);
#6970=VERTEX_POINT('',#8982);
#6971=LINE('',#8983,#8984);
#6972=VERTEX_POINT('',#8985);
#6973=LINE('',#8986,#8987);
#6974=LINE('',#8988,#8989);
#6975=VERTEX_POINT('',#8990);
#6976=CIRCLE('',#8991,0.1);
#6977=VERTEX_POINT('',#8992);
#6978=LINE('',#8993,#8994);
#6979=CIRCLE('',#8995,0.1);
#6980=VERTEX_POINT('',#8996);
#6981=VERTEX_POINT('',#8997);
#6982=LINE('',#8998,#8999);
#6983=LINE('',#9000,#9001);
#6984=VERTEX_POINT('',#9002);
#6985=LINE('',#9003,#9004);
#6986=LINE('',#9005,#9006);
#6987=VERTEX_POINT('',#9007);
#6988=LINE('',#9008,#9009);
#6989=VERTEX_POINT('',#9010);
#6990=LINE('',#9011,#9012);
#6991=VERTEX_POINT('',#9013);
#6992=LINE('',#9014,#9015);
#6993=LINE('',#9016,#9017);
#6994=VERTEX_POINT('',#9018);
#6995=LINE('',#9019,#9020);
#6996=VERTEX_POINT('',#9021);
#6997=LINE('',#9022,#9023);
#6998=VERTEX_POINT('',#9024);
#6999=CIRCLE('',#9025,0.1);
#7000=VERTEX_POINT('',#9026);
#7001=LINE('',#9027,#9028);
#7002=VERTEX_POINT('',#9029);
#7003=LINE('',#9030,#9031);
#7004=VERTEX_POINT('',#9032);
#7005=LINE('',#9033,#9034);
#7006=VERTEX_POINT('',#9035);
#7007=LINE('',#9036,#9037);
#7008=VERTEX_POINT('',#9038);
#7009=LINE('',#9039,#9040);
#7010=CIRCLE('',#9041,0.1);
#7011=VERTEX_POINT('',#9042);
#7012=LINE('',#9043,#9044);
#7013=VERTEX_POINT('',#9045);
#7014=LINE('',#9046,#9047);
#7015=VERTEX_POINT('',#9048);
#7016=LINE('',#9049,#9050);
#7017=VERTEX_POINT('',#9051);
#7018=LINE('',#9052,#9053);
#7019=VERTEX_POINT('',#9054);
#7020=LINE('',#9055,#9056);
#7021=VERTEX_POINT('',#9057);
#7022=LINE('',#9058,#9059);
#7023=CIRCLE('',#9060,0.1);
#7024=VERTEX_POINT('',#9061);
#7025=LINE('',#9062,#9063);
#7026=VERTEX_POINT('',#9064);
#7027=LINE('',#9065,#9066);
#7028=LINE('',#9067,#9068);
#7029=VERTEX_POINT('',#9069);
#7030=LINE('',#9070,#9071);
#7031=VERTEX_POINT('',#9072);
#7032=LINE('',#9073,#9074);
#7033=LINE('',#9075,#9076);
#7034=VERTEX_POINT('',#9077);
#7035=VERTEX_POINT('',#9078);
#7036=LINE('',#9079,#9080);
#7037=VERTEX_POINT('',#9081);
#7038=LINE('',#9082,#9083);
#7039=VERTEX_POINT('',#9084);
#7040=LINE('',#9085,#9086);
#7041=LINE('',#9087,#9088);
#7042=VERTEX_POINT('',#9089);
#7043=VERTEX_POINT('',#9090);
#7044=LINE('',#9091,#9092);
#7045=VERTEX_POINT('',#9093);
#7046=LINE('',#9094,#9095);
#7047=VERTEX_POINT('',#9096);
#7048=LINE('',#9097,#9098);
#7049=LINE('',#9099,#9100);
#7050=VERTEX_POINT('',#9101);
#7051=VERTEX_POINT('',#9102);
#7052=LINE('',#9103,#9104);
#7053=VERTEX_POINT('',#9105);
#7054=LINE('',#9106,#9107);
#7055=VERTEX_POINT('',#9108);
#7056=LINE('',#9109,#9110);
#7057=LINE('',#9111,#9112);
#7058=VERTEX_POINT('',#9113);
#7059=VERTEX_POINT('',#9114);
#7060=LINE('',#9115,#9116);
#7061=VERTEX_POINT('',#9117);
#7062=LINE('',#9118,#9119);
#7063=VERTEX_POINT('',#9120);
#7064=LINE('',#9121,#9122);
#7065=LINE('',#9123,#9124);
#7066=VERTEX_POINT('',#9125);
#7067=VERTEX_POINT('',#9126);
#7068=LINE('',#9127,#9128);
#7069=VERTEX_POINT('',#9129);
#7070=LINE('',#9130,#9131);
#7071=VERTEX_POINT('',#9132);
#7072=LINE('',#9133,#9134);
#7073=LINE('',#9135,#9136);
#7074=VERTEX_POINT('',#9137);
#7075=VERTEX_POINT('',#9138);
#7076=LINE('',#9139,#9140);
#7077=VERTEX_POINT('',#9141);
#7078=LINE('',#9142,#9143);
#7079=VERTEX_POINT('',#9144);
#7080=LINE('',#9145,#9146);
#7081=LINE('',#9147,#9148);
#7082=VERTEX_POINT('',#9149);
#7083=VERTEX_POINT('',#9150);
#7084=LINE('',#9151,#9152);
#7085=VERTEX_POINT('',#9153);
#7086=LINE('',#9154,#9155);
#7087=VERTEX_POINT('',#9156);
#7088=LINE('',#9157,#9158);
#7089=LINE('',#9159,#9160);
#7090=VERTEX_POINT('',#9161);
#7091=VERTEX_POINT('',#9162);
#7092=LINE('',#9163,#9164);
#7093=VERTEX_POINT('',#9165);
#7094=LINE('',#9166,#9167);
#7095=VERTEX_POINT('',#9168);
#7096=LINE('',#9169,#9170);
#7097=LINE('',#9171,#9172);
#7098=VERTEX_POINT('',#9173);
#7099=VERTEX_POINT('',#9174);
#7100=LINE('',#9175,#9176);
#7101=VERTEX_POINT('',#9177);
#7102=LINE('',#9178,#9179);
#7103=VERTEX_POINT('',#9180);
#7104=LINE('',#9181,#9182);
#7105=LINE('',#9183,#9184);
#7106=VERTEX_POINT('',#9185);
#7107=VERTEX_POINT('',#9186);
#7108=LINE('',#9187,#9188);
#7109=VERTEX_POINT('',#9189);
#7110=LINE('',#9190,#9191);
#7111=VERTEX_POINT('',#9192);
#7112=LINE('',#9193,#9194);
#7113=LINE('',#9195,#9196);
#7114=VERTEX_POINT('',#9197);
#7115=VERTEX_POINT('',#9198);
#7116=LINE('',#9199,#9200);
#7117=VERTEX_POINT('',#9201);
#7118=LINE('',#9202,#9203);
#7119=VERTEX_POINT('',#9204);
#7120=LINE('',#9205,#9206);
#7121=LINE('',#9207,#9208);
#7122=VERTEX_POINT('',#9209);
#7123=VERTEX_POINT('',#9210);
#7124=LINE('',#9211,#9212);
#7125=VERTEX_POINT('',#9213);
#7126=LINE('',#9214,#9215);
#7127=VERTEX_POINT('',#9216);
#7128=LINE('',#9217,#9218);
#7129=LINE('',#9219,#9220);
#7130=VERTEX_POINT('',#9221);
#7131=VERTEX_POINT('',#9222);
#7132=LINE('',#9223,#9224);
#7133=VERTEX_POINT('',#9225);
#7134=LINE('',#9226,#9227);
#7135=VERTEX_POINT('',#9228);
#7136=LINE('',#9229,#9230);
#7137=LINE('',#9231,#9232);
#7138=VERTEX_POINT('',#9233);
#7139=VERTEX_POINT('',#9234);
#7140=LINE('',#9235,#9236);
#7141=VERTEX_POINT('',#9237);
#7142=LINE('',#9238,#9239);
#7143=VERTEX_POINT('',#9240);
#7144=LINE('',#9241,#9242);
#7145=LINE('',#9243,#9244);
#7146=VERTEX_POINT('',#9245);
#7147=VERTEX_POINT('',#9246);
#7148=LINE('',#9247,#9248);
#7149=VERTEX_POINT('',#9249);
#7150=LINE('',#9250,#9251);
#7151=VERTEX_POINT('',#9252);
#7152=LINE('',#9253,#9254);
#7153=LINE('',#9255,#9256);
#7154=VERTEX_POINT('',#9257);
#7155=VERTEX_POINT('',#9258);
#7156=LINE('',#9259,#9260);
#7157=VERTEX_POINT('',#9261);
#7158=LINE('',#9262,#9263);
#7159=VERTEX_POINT('',#9264);
#7160=LINE('',#9265,#9266);
#7161=LINE('',#9267,#9268);
#7162=VERTEX_POINT('',#9269);
#7163=VERTEX_POINT('',#9270);
#7164=LINE('',#9271,#9272);
#7165=VERTEX_POINT('',#9273);
#7166=LINE('',#9274,#9275);
#7167=VERTEX_POINT('',#9276);
#7168=LINE('',#9277,#9278);
#7169=LINE('',#9279,#9280);
#7170=VERTEX_POINT('',#9281);
#7171=VERTEX_POINT('',#9282);
#7172=LINE('',#9283,#9284);
#7173=VERTEX_POINT('',#9285);
#7174=LINE('',#9286,#9287);
#7175=VERTEX_POINT('',#9288);
#7176=LINE('',#9289,#9290);
#7177=LINE('',#9291,#9292);
#7178=VERTEX_POINT('',#9293);
#7179=VERTEX_POINT('',#9294);
#7180=LINE('',#9295,#9296);
#7181=VERTEX_POINT('',#9297);
#7182=LINE('',#9298,#9299);
#7183=VERTEX_POINT('',#9300);
#7184=LINE('',#9301,#9302);
#7185=LINE('',#9303,#9304);
#7186=VERTEX_POINT('',#9305);
#7187=VERTEX_POINT('',#9306);
#7188=LINE('',#9307,#9308);
#7189=VERTEX_POINT('',#9309);
#7190=LINE('',#9310,#9311);
#7191=VERTEX_POINT('',#9312);
#7192=LINE('',#9313,#9314);
#7193=LINE('',#9315,#9316);
#7194=VERTEX_POINT('',#9317);
#7195=LINE('',#9318,#9319);
#7196=LINE('',#9320,#9321);
#7197=VERTEX_POINT('',#9322);
#7198=LINE('',#9323,#9324);
#7199=LINE('',#9325,#9326);
#7200=VERTEX_POINT('',#9327);
#7201=CIRCLE('',#9328,0.151);
#7202=VERTEX_POINT('',#9329);
#7203=LINE('',#9330,#9331);
#7204=VERTEX_POINT('',#9332);
#7205=LINE('',#9333,#9334);
#7206=VERTEX_POINT('',#9335);
#7207=LINE('',#9336,#9337);
#7208=VERTEX_POINT('',#9338);
#7209=CIRCLE('',#9339,0.351);
#7210=VERTEX_POINT('',#9340);
#7211=LINE('',#9341,#9342);
#7212=LINE('',#9343,#9344);
#7213=VERTEX_POINT('',#9345);
#7214=VERTEX_POINT('',#9346);
#7215=LINE('',#9347,#9348);
#7216=VERTEX_POINT('',#9349);
#7217=CIRCLE('',#9350,0.351);
#7218=VERTEX_POINT('',#9351);
#7219=LINE('',#9352,#9353);
#7220=VERTEX_POINT('',#9354);
#7221=LINE('',#9355,#9356);
#7222=VERTEX_POINT('',#9357);
#7223=LINE('',#9358,#9359);
#7224=CIRCLE('',#9360,0.151);
#7225=VERTEX_POINT('',#9361);
#7226=LINE('',#9362,#9363);
#7227=LINE('',#9364,#9365);
#7228=VERTEX_POINT('',#9366);
#7229=LINE('',#9367,#9368);
#7230=LINE('',#9369,#9370);
#7231=LINE('',#9371,#9372);
#7232=VERTEX_POINT('',#9373);
#7233=LINE('',#9374,#9375);
#7234=LINE('',#9376,#9377);
#7235=VERTEX_POINT('',#9378);
#7236=VERTEX_POINT('',#9379);
#7237=LINE('',#9380,#9381);
#7238=VERTEX_POINT('',#9382);
#7239=LINE('',#9383,#9384);
#7240=VERTEX_POINT('',#9385);
#7241=LINE('',#9386,#9387);
#7242=VERTEX_POINT('',#9388);
#7243=LINE('',#9389,#9390);
#7244=VERTEX_POINT('',#9391);
#7245=CIRCLE('',#9392,0.15);
#7246=VERTEX_POINT('',#9393);
#7247=LINE('',#9394,#9395);
#7248=VERTEX_POINT('',#9396);
#7249=CIRCLE('',#9397,0.15);
#7250=VERTEX_POINT('',#9398);
#7251=LINE('',#9399,#9400);
#7252=LINE('',#9401,#9402);
#7253=VERTEX_POINT('',#9403);
#7254=LINE('',#9404,#9405);
#7255=VERTEX_POINT('',#9406);
#7256=LINE('',#9407,#9408);
#7257=VERTEX_POINT('',#9409);
#7258=LINE('',#9410,#9411);
#7259=VERTEX_POINT('',#9412);
#7260=LINE('',#9413,#9414);
#7261=VERTEX_POINT('',#9415);
#7262=LINE('',#9416,#9417);
#7263=VERTEX_POINT('',#9418);
#7264=LINE('',#9419,#9420);
#7265=LINE('',#9421,#9422);
#7266=VERTEX_POINT('',#9423);
#7267=LINE('',#9424,#9425);
#7268=LINE('',#9426,#9427);
#7269=LINE('',#9428,#9429);
#7270=VERTEX_POINT('',#9430);
#7271=VERTEX_POINT('',#9431);
#7272=LINE('',#9432,#9433);
#7273=VERTEX_POINT('',#9434);
#7274=LINE('',#9435,#9436);
#7275=LINE('',#9437,#9438);
#7276=LINE('',#9439,#9440);
#7277=VERTEX_POINT('',#9441);
#7278=LINE('',#9442,#9443);
#7279=LINE('',#9444,#9445);
#7280=LINE('',#9446,#9447);
#7281=LINE('',#9448,#9449);
#7282=VERTEX_POINT('',#9450);
#7283=LINE('',#9451,#9452);
#7284=VERTEX_POINT('',#9453);
#7285=LINE('',#9454,#9455);
#7286=VERTEX_POINT('',#9456);
#7287=LINE('',#9457,#9458);
#7288=LINE('',#9459,#9460);
#7289=VERTEX_POINT('',#9461);
#7290=LINE('',#9462,#9463);
#7291=LINE('',#9464,#9465);
#7292=VERTEX_POINT('',#9466);
#7293=LINE('',#9467,#9468);
#7294=VERTEX_POINT('',#9469);
#7295=LINE('',#9470,#9471);
#7296=VERTEX_POINT('',#9472);
#7297=LINE('',#9473,#9474);
#7298=LINE('',#9475,#9476);
#7299=VERTEX_POINT('',#9477);
#7300=LINE('',#9478,#9479);
#7301=VERTEX_POINT('',#9480);
#7302=LINE('',#9481,#9482);
#7303=VERTEX_POINT('',#9483);
#7304=LINE('',#9484,#9485);
#7305=VERTEX_POINT('',#9486);
#7306=LINE('',#9487,#9488);
#7307=LINE('',#9489,#9490);
#7308=LINE('',#9491,#9492);
#7309=LINE('',#9493,#9494);
#7310=LINE('',#9495,#9496);
#7311=LINE('',#9497,#9498);
#7312=LINE('',#9499,#9500);
#7313=VERTEX_POINT('',#9501);
#7314=VERTEX_POINT('',#9502);
#7315=LINE('',#9503,#9504);
#7316=VERTEX_POINT('',#9505);
#7317=LINE('',#9506,#9507);
#7318=VERTEX_POINT('',#9508);
#7319=LINE('',#9509,#9510);
#7320=LINE('',#9511,#9512);
#7321=VERTEX_POINT('',#9513);
#7322=LINE('',#9514,#9515);
#7323=VERTEX_POINT('',#9516);
#7324=LINE('',#9517,#9518);
#7325=VERTEX_POINT('',#9519);
#7326=CIRCLE('',#9520,0.15);
#7327=VERTEX_POINT('',#9521);
#7328=LINE('',#9522,#9523);
#7329=VERTEX_POINT('',#9524);
#7330=CIRCLE('',#9525,0.15);
#7331=VERTEX_POINT('',#9526);
#7332=LINE('',#9527,#9528);
#7333=VERTEX_POINT('',#9529);
#7334=LINE('',#9530,#9531);
#7335=VERTEX_POINT('',#9532);
#7336=LINE('',#9533,#9534);
#7337=LINE('',#9535,#9536);
#7338=LINE('',#9537,#9538);
#7339=VERTEX_POINT('',#9539);
#7340=LINE('',#9540,#9541);
#7341=VERTEX_POINT('',#9542);
#7342=LINE('',#9543,#9544);
#7343=LINE('',#9545,#9546);
#7344=VERTEX_POINT('',#9547);
#7345=LINE('',#9548,#9549);
#7346=VERTEX_POINT('',#9550);
#7347=LINE('',#9551,#9552);
#7348=LINE('',#9553,#9554);
#7349=VERTEX_POINT('',#9555);
#7350=LINE('',#9556,#9557);
#7351=VERTEX_POINT('',#9558);
#7352=LINE('',#9559,#9560);
#7353=LINE('',#9561,#9562);
#7354=LINE('',#9563,#9564);
#7355=LINE('',#9565,#9566);
#7356=VERTEX_POINT('',#9567);
#7357=LINE('',#9568,#9569);
#7358=LINE('',#9570,#9571);
#7359=VERTEX_POINT('',#9572);
#7360=LINE('',#9573,#9574);
#7361=LINE('',#9575,#9576);
#7362=LINE('',#9577,#9578);
#7363=LINE('',#9579,#9580);
#7364=VERTEX_POINT('',#9581);
#7365=LINE('',#9582,#9583);
#7366=VERTEX_POINT('',#9584);
#7367=LINE('',#9585,#9586);
#7368=LINE('',#9587,#9588);
#7369=VERTEX_POINT('',#9589);
#7370=LINE('',#9590,#9591);
#7371=LINE('',#9592,#9593);
#7372=LINE('',#9594,#9595);
#7373=VERTEX_POINT('',#9596);
#7374=LINE('',#9597,#9598);
#7375=LINE('',#9599,#9600);
#7376=VERTEX_POINT('',#9601);
#7377=VERTEX_POINT('',#9602);
#7378=LINE('',#9603,#9604);
#7379=LINE('',#9605,#9606);
#7380=LINE('',#9607,#9608);
#7381=VERTEX_POINT('',#9609);
#7382=LINE('',#9610,#9611);
#7383=VERTEX_POINT('',#9612);
#7384=LINE('',#9613,#9614);
#7385=LINE('',#9615,#9616);
#7386=VERTEX_POINT('',#9617);
#7387=VERTEX_POINT('',#9618);
#7388=LINE('',#9619,#9620);
#7389=LINE('',#9621,#9622);
#7390=LINE('',#9623,#9624);
#7391=VERTEX_POINT('',#9625);
#7392=LINE('',#9626,#9627);
#7393=VERTEX_POINT('',#9628);
#7394=LINE('',#9629,#9630);
#7395=VERTEX_POINT('',#9631);
#7396=LINE('',#9632,#9633);
#7397=LINE('',#9634,#9635);
#7398=VERTEX_POINT('',#9636);
#7399=LINE('',#9637,#9638);
#7400=LINE('',#9639,#9640);
#7401=VERTEX_POINT('',#9641);
#7402=LINE('',#9642,#9643);
#7403=CIRCLE('',#9644,0.15);
#7404=VERTEX_POINT('',#9645);
#7405=VERTEX_POINT('',#9646);
#7406=CIRCLE('',#9647,0.15);
#7407=LINE('',#9648,#9649);
#7408=VERTEX_POINT('',#9650);
#7409=LINE('',#9651,#9652);
#7410=VERTEX_POINT('',#9653);
#7411=LINE('',#9654,#9655);
#7412=LINE('',#9656,#9657);
#7413=LINE('',#9658,#9659);
#7414=LINE('',#9660,#9661);
#7415=VERTEX_POINT('',#9662);
#7416=VERTEX_POINT('',#9663);
#7417=LINE('',#9664,#9665);
#7418=LINE('',#9666,#9667);
#7419=LINE('',#9668,#9669);
#7420=VERTEX_POINT('',#9670);
#7421=LINE('',#9671,#9672);
#7422=VERTEX_POINT('',#9673);
#7423=LINE('',#9674,#9675);
#7424=LINE('',#9676,#9677);
#7425=LINE('',#9678,#9679);
#7426=LINE('',#9680,#9681);
#7427=VERTEX_POINT('',#9682);
#7428=LINE('',#9683,#9684);
#7429=VERTEX_POINT('',#9685);
#7430=LINE('',#9686,#9687);
#7431=LINE('',#9688,#9689);
#7432=VERTEX_POINT('',#9690);
#7433=CIRCLE('',#9691,0.151);
#7434=VERTEX_POINT('',#9692);
#7435=LINE('',#9693,#9694);
#7436=VERTEX_POINT('',#9695);
#7437=LINE('',#9696,#9697);
#7438=VERTEX_POINT('',#9698);
#7439=LINE('',#9699,#9700);
#7440=VERTEX_POINT('',#9701);
#7441=CIRCLE('',#9702,0.351);
#7442=VERTEX_POINT('',#9703);
#7443=LINE('',#9704,#9705);
#7444=LINE('',#9706,#9707);
#7445=VERTEX_POINT('',#9708);
#7446=VERTEX_POINT('',#9709);
#7447=LINE('',#9710,#9711);
#7448=VERTEX_POINT('',#9712);
#7449=CIRCLE('',#9713,0.351);
#7450=VERTEX_POINT('',#9714);
#7451=LINE('',#9715,#9716);
#7452=LINE('',#9717,#9718);
#7453=CIRCLE('',#9719,0.151);
#7454=LINE('',#9720,#9721);
#7455=VERTEX_POINT('',#9722);
#7456=LINE('',#9723,#9724);
#7457=CIRCLE('',#9725,0.05);
#7458=VERTEX_POINT('',#9726);
#7459=VERTEX_POINT('',#9727);
#7460=LINE('',#9728,#9729);
#7461=VERTEX_POINT('',#9730);
#7462=LINE('',#9731,#9732);
#7463=VERTEX_POINT('',#9733);
#7464=LINE('',#9734,#9735);
#7465=VERTEX_POINT('',#9736);
#7466=LINE('',#9737,#9738);
#7467=VERTEX_POINT('',#9739);
#7468=LINE('',#9740,#9741);
#7469=CIRCLE('',#9742,0.1);
#7470=LINE('',#9743,#9744);
#7471=VERTEX_POINT('',#9745);
#7472=CIRCLE('',#9746,0.05);
#7473=VERTEX_POINT('',#9747);
#7474=LINE('',#9748,#9749);
#7475=VERTEX_POINT('',#9750);
#7476=CIRCLE('',#9751,0.05);
#7477=VERTEX_POINT('',#9752);
#7478=LINE('',#9753,#9754);
#7479=CIRCLE('',#9755,0.1);
#7480=VERTEX_POINT('',#9756);
#7481=VERTEX_POINT('',#9757);
#7482=LINE('',#9758,#9759);
#7483=VERTEX_POINT('',#9760);
#7484=LINE('',#9761,#9762);
#7485=VERTEX_POINT('',#9763);
#7486=LINE('',#9764,#9765);
#7487=VERTEX_POINT('',#9766);
#7488=LINE('',#9767,#9768);
#7489=LINE('',#9769,#9770);
#7490=VERTEX_POINT('',#9771);
#7491=CIRCLE('',#9772,0.05);
#7492=LINE('',#9773,#9774);
#7493=LINE('',#9775,#9776);
#7494=CIRCLE('',#9777,0.1);
#7495=LINE('',#9778,#9779);
#7496=LINE('',#9780,#9781);
#7497=LINE('',#9782,#9783);
#7498=LINE('',#9784,#9785);
#7499=LINE('',#9786,#9787);
#7500=LINE('',#9788,#9789);
#7501=LINE('',#9790,#9791);
#7502=LINE('',#9792,#9793);
#7503=LINE('',#9794,#9795);
#7504=LINE('',#9796,#9797);
#7505=LINE('',#9798,#9799);
#7506=LINE('',#9800,#9801);
#7507=LINE('',#9802,#9803);
#7508=LINE('',#9804,#9805);
#7509=LINE('',#9806,#9807);
#7510=LINE('',#9808,#9809);
#7511=LINE('',#9810,#9811);
#7512=LINE('',#9812,#9813);
#7513=VERTEX_POINT('',#9814);
#7514=LINE('',#9815,#9816);
#7515=LINE('',#9817,#9818);
#7516=VERTEX_POINT('',#9819);
#7517=LINE('',#9820,#9821);
#7518=LINE('',#9822,#9823);
#7519=LINE('',#9824,#9825);
#7520=LINE('',#9826,#9827);
#7521=VERTEX_POINT('',#9828);
#7522=LINE('',#9829,#9830);
#7523=LINE('',#9831,#9832);
#7524=LINE('',#9833,#9834);
#7525=CIRCLE('',#9835,0.15);
#7526=VERTEX_POINT('',#9836);
#7527=CIRCLE('',#9837,0.15);
#7528=LINE('',#9838,#9839);
#7529=VERTEX_POINT('',#9840);
#7530=LINE('',#9841,#9842);
#7531=VERTEX_POINT('',#9843);
#7532=LINE('',#9844,#9845);
#7533=LINE('',#9846,#9847);
#7534=LINE('',#9848,#9849);
#7535=LINE('',#9850,#9851);
#7536=LINE('',#9852,#9853);
#7537=LINE('',#9854,#9855);
#7538=VERTEX_POINT('',#9856);
#7539=LINE('',#9857,#9858);
#7540=LINE('',#9859,#9860);
#7541=LINE('',#9861,#9862);
#7542=VERTEX_POINT('',#9863);
#7543=VERTEX_POINT('',#9864);
#7544=LINE('',#9865,#9866);
#7545=VERTEX_POINT('',#9867);
#7546=LINE('',#9868,#9869);
#7547=VERTEX_POINT('',#9870);
#7548=LINE('',#9871,#9872);
#7549=VERTEX_POINT('',#9873);
#7550=LINE('',#9874,#9875);
#7551=VERTEX_POINT('',#9876);
#7552=LINE('',#9877,#9878);
#7553=VERTEX_POINT('',#9879);
#7554=LINE('',#9880,#9881);
#7555=VERTEX_POINT('',#9882);
#7556=LINE('',#9883,#9884);
#7557=VERTEX_POINT('',#9885);
#7558=LINE('',#9886,#9887);
#7559=VERTEX_POINT('',#9888);
#7560=LINE('',#9889,#9890);
#7561=VERTEX_POINT('',#9891);
#7562=LINE('',#9892,#9893);
#7563=VERTEX_POINT('',#9894);
#7564=LINE('',#9895,#9896);
#7565=VERTEX_POINT('',#9897);
#7566=LINE('',#9898,#9899);
#7567=VERTEX_POINT('',#9900);
#7568=LINE('',#9901,#9902);
#7569=VERTEX_POINT('',#9903);
#7570=LINE('',#9904,#9905);
#7571=VERTEX_POINT('',#9906);
#7572=LINE('',#9907,#9908);
#7573=VERTEX_POINT('',#9909);
#7574=LINE('',#9910,#9911);
#7575=VERTEX_POINT('',#9912);
#7576=LINE('',#9913,#9914);
#7577=VERTEX_POINT('',#9915);
#7578=LINE('',#9916,#9917);
#7579=VERTEX_POINT('',#9918);
#7580=LINE('',#9919,#9920);
#7581=VERTEX_POINT('',#9921);
#7582=LINE('',#9922,#9923);
#7583=VERTEX_POINT('',#9924);
#7584=LINE('',#9925,#9926);
#7585=VERTEX_POINT('',#9927);
#7586=LINE('',#9928,#9929);
#7587=VERTEX_POINT('',#9930);
#7588=LINE('',#9931,#9932);
#7589=VERTEX_POINT('',#9933);
#7590=LINE('',#9934,#9935);
#7591=VERTEX_POINT('',#9936);
#7592=LINE('',#9937,#9938);
#7593=VERTEX_POINT('',#9939);
#7594=LINE('',#9940,#9941);
#7595=VERTEX_POINT('',#9942);
#7596=LINE('',#9943,#9944);
#7597=VERTEX_POINT('',#9945);
#7598=LINE('',#9946,#9947);
#7599=VERTEX_POINT('',#9948);
#7600=LINE('',#9949,#9950);
#7601=VERTEX_POINT('',#9951);
#7602=LINE('',#9952,#9953);
#7603=VERTEX_POINT('',#9954);
#7604=LINE('',#9955,#9956);
#7605=VERTEX_POINT('',#9957);
#7606=LINE('',#9958,#9959);
#7607=VERTEX_POINT('',#9960);
#7608=LINE('',#9961,#9962);
#7609=VERTEX_POINT('',#9963);
#7610=LINE('',#9964,#9965);
#7611=VERTEX_POINT('',#9966);
#7612=LINE('',#9967,#9968);
#7613=VERTEX_POINT('',#9969);
#7614=LINE('',#9970,#9971);
#7615=VERTEX_POINT('',#9972);
#7616=LINE('',#9973,#9974);
#7617=VERTEX_POINT('',#9975);
#7618=LINE('',#9976,#9977);
#7619=VERTEX_POINT('',#9978);
#7620=LINE('',#9979,#9980);
#7621=VERTEX_POINT('',#9981);
#7622=LINE('',#9982,#9983);
#7623=VERTEX_POINT('',#9984);
#7624=LINE('',#9985,#9986);
#7625=VERTEX_POINT('',#9987);
#7626=LINE('',#9988,#9989);
#7627=VERTEX_POINT('',#9990);
#7628=LINE('',#9991,#9992);
#7629=VERTEX_POINT('',#9993);
#7630=LINE('',#9994,#9995);
#7631=VERTEX_POINT('',#9996);
#7632=LINE('',#9997,#9998);
#7633=VERTEX_POINT('',#9999);
#7634=LINE('',#10000,#10001);
#7635=VERTEX_POINT('',#10002);
#7636=LINE('',#10003,#10004);
#7637=VERTEX_POINT('',#10005);
#7638=LINE('',#10006,#10007);
#7639=VERTEX_POINT('',#10008);
#7640=LINE('',#10009,#10010);
#7641=VERTEX_POINT('',#10011);
#7642=LINE('',#10012,#10013);
#7643=VERTEX_POINT('',#10014);
#7644=LINE('',#10015,#10016);
#7645=VERTEX_POINT('',#10017);
#7646=LINE('',#10018,#10019);
#7647=VERTEX_POINT('',#10020);
#7648=LINE('',#10021,#10022);
#7649=VERTEX_POINT('',#10023);
#7650=LINE('',#10024,#10025);
#7651=VERTEX_POINT('',#10026);
#7652=LINE('',#10027,#10028);
#7653=VERTEX_POINT('',#10029);
#7654=LINE('',#10030,#10031);
#7655=VERTEX_POINT('',#10032);
#7656=LINE('',#10033,#10034);
#7657=VERTEX_POINT('',#10035);
#7658=LINE('',#10036,#10037);
#7659=VERTEX_POINT('',#10038);
#7660=LINE('',#10039,#10040);
#7661=VERTEX_POINT('',#10041);
#7662=LINE('',#10042,#10043);
#7663=VERTEX_POINT('',#10044);
#7664=LINE('',#10045,#10046);
#7665=VERTEX_POINT('',#10047);
#7666=LINE('',#10048,#10049);
#7667=VERTEX_POINT('',#10050);
#7668=LINE('',#10051,#10052);
#7669=VERTEX_POINT('',#10053);
#7670=LINE('',#10054,#10055);
#7671=VERTEX_POINT('',#10056);
#7672=LINE('',#10057,#10058);
#7673=VERTEX_POINT('',#10059);
#7674=LINE('',#10060,#10061);
#7675=VERTEX_POINT('',#10062);
#7676=LINE('',#10063,#10064);
#7677=VERTEX_POINT('',#10065);
#7678=LINE('',#10066,#10067);
#7679=VERTEX_POINT('',#10068);
#7680=LINE('',#10069,#10070);
#7681=VERTEX_POINT('',#10071);
#7682=LINE('',#10072,#10073);
#7683=VERTEX_POINT('',#10074);
#7684=LINE('',#10075,#10076);
#7685=VERTEX_POINT('',#10077);
#7686=LINE('',#10078,#10079);
#7687=VERTEX_POINT('',#10080);
#7688=LINE('',#10081,#10082);
#7689=VERTEX_POINT('',#10083);
#7690=LINE('',#10084,#10085);
#7691=VERTEX_POINT('',#10086);
#7692=LINE('',#10087,#10088);
#7693=VERTEX_POINT('',#10089);
#7694=LINE('',#10090,#10091);
#7695=LINE('',#10092,#10093);
#7696=VERTEX_POINT('',#10094);
#7697=LINE('',#10095,#10096);
#7698=VERTEX_POINT('',#10097);
#7699=LINE('',#10098,#10099);
#7700=VERTEX_POINT('',#10100);
#7701=LINE('',#10101,#10102);
#7702=LINE('',#10103,#10104);
#7703=VERTEX_POINT('',#10105);
#7704=LINE('',#10106,#10107);
#7705=VERTEX_POINT('',#10108);
#7706=LINE('',#10109,#10110);
#7707=VERTEX_POINT('',#10111);
#7708=LINE('',#10112,#10113);
#7709=VERTEX_POINT('',#10114);
#7710=LINE('',#10115,#10116);
#7711=LINE('',#10117,#10118);
#7712=VERTEX_POINT('',#10119);
#7713=LINE('',#10120,#10121);
#7714=VERTEX_POINT('',#10122);
#7715=CIRCLE('',#10123,0.195);
#7716=VERTEX_POINT('',#10124);
#7717=LINE('',#10125,#10126);
#7718=LINE('',#10127,#10128);
#7719=VERTEX_POINT('',#10129);
#7720=LINE('',#10130,#10131);
#7721=LINE('',#10132,#10133);
#7722=VERTEX_POINT('',#10134);
#7723=LINE('',#10135,#10136);
#7724=VERTEX_POINT('',#10137);
#7725=LINE('',#10138,#10139);
#7726=VERTEX_POINT('',#10140);
#7727=LINE('',#10141,#10142);
#7728=LINE('',#10143,#10144);
#7729=VERTEX_POINT('',#10145);
#7730=VERTEX_POINT('',#10146);
#7731=LINE('',#10147,#10148);
#7732=VERTEX_POINT('',#10149);
#7733=CIRCLE('',#10150,0.195);
#7734=LINE('',#10151,#10152);
#7735=LINE('',#10153,#10154);
#7736=LINE('',#10155,#10156);
#7737=LINE('',#10157,#10158);
#7738=LINE('',#10159,#10160);
#7739=LINE('',#10161,#10162);
#7740=LINE('',#10163,#10164);
#7741=VERTEX_POINT('',#10165);
#7742=LINE('',#10166,#10167);
#7743=VERTEX_POINT('',#10168);
#7744=LINE('',#10169,#10170);
#7745=LINE('',#10171,#10172);
#7746=VERTEX_POINT('',#10173);
#7747=LINE('',#10174,#10175);
#7748=VERTEX_POINT('',#10176);
#7749=LINE('',#10177,#10178);
#7750=LINE('',#10179,#10180);
#7751=VERTEX_POINT('',#10181);
#7752=LINE('',#10182,#10183);
#7753=VERTEX_POINT('',#10184);
#7754=LINE('',#10185,#10186);
#7755=LINE('',#10187,#10188);
#7756=VERTEX_POINT('',#10189);
#7757=LINE('',#10190,#10191);
#7758=VERTEX_POINT('',#10192);
#7759=LINE('',#10193,#10194);
#7760=LINE('',#10195,#10196);
#7761=VERTEX_POINT('',#10197);
#7762=LINE('',#10198,#10199);
#7763=VERTEX_POINT('',#10200);
#7764=LINE('',#10201,#10202);
#7765=LINE('',#10203,#10204);
#7766=VERTEX_POINT('',#10205);
#7767=LINE('',#10206,#10207);
#7768=VERTEX_POINT('',#10208);
#7769=LINE('',#10209,#10210);
#7770=LINE('',#10211,#10212);
#7771=VERTEX_POINT('',#10213);
#7772=LINE('',#10214,#10215);
#7773=VERTEX_POINT('',#10216);
#7774=LINE('',#10217,#10218);
#7775=LINE('',#10219,#10220);
#7776=VERTEX_POINT('',#10221);
#7777=LINE('',#10222,#10223);
#7778=VERTEX_POINT('',#10224);
#7779=LINE('',#10225,#10226);
#7780=LINE('',#10227,#10228);
#7781=VERTEX_POINT('',#10229);
#7782=LINE('',#10230,#10231);
#7783=VERTEX_POINT('',#10232);
#7784=LINE('',#10233,#10234);
#7785=LINE('',#10235,#10236);
#7786=VERTEX_POINT('',#10237);
#7787=LINE('',#10238,#10239);
#7788=VERTEX_POINT('',#10240);
#7789=LINE('',#10241,#10242);
#7790=LINE('',#10243,#10244);
#7791=VERTEX_POINT('',#10245);
#7792=LINE('',#10246,#10247);
#7793=VERTEX_POINT('',#10248);
#7794=LINE('',#10249,#10250);
#7795=LINE('',#10251,#10252);
#7796=VERTEX_POINT('',#10253);
#7797=LINE('',#10254,#10255);
#7798=VERTEX_POINT('',#10256);
#7799=LINE('',#10257,#10258);
#7800=LINE('',#10259,#10260);
#7801=VERTEX_POINT('',#10261);
#7802=LINE('',#10262,#10263);
#7803=VERTEX_POINT('',#10264);
#7804=LINE('',#10265,#10266);
#7805=LINE('',#10267,#10268);
#7806=VERTEX_POINT('',#10269);
#7807=LINE('',#10270,#10271);
#7808=VERTEX_POINT('',#10272);
#7809=LINE('',#10273,#10274);
#7810=LINE('',#10275,#10276);
#7811=VERTEX_POINT('',#10277);
#7812=LINE('',#10278,#10279);
#7813=VERTEX_POINT('',#10280);
#7814=LINE('',#10281,#10282);
#7815=LINE('',#10283,#10284);
#7816=VERTEX_POINT('',#10285);
#7817=LINE('',#10286,#10287);
#7818=VERTEX_POINT('',#10288);
#7819=LINE('',#10289,#10290);
#7820=LINE('',#10291,#10292);
#7821=VERTEX_POINT('',#10293);
#7822=LINE('',#10294,#10295);
#7823=VERTEX_POINT('',#10296);
#7824=LINE('',#10297,#10298);
#7825=LINE('',#10299,#10300);
#7826=VERTEX_POINT('',#10301);
#7827=LINE('',#10302,#10303);
#7828=VERTEX_POINT('',#10304);
#7829=LINE('',#10305,#10306);
#7830=LINE('',#10307,#10308);
#7831=VERTEX_POINT('',#10309);
#7832=LINE('',#10310,#10311);
#7833=VERTEX_POINT('',#10312);
#7834=LINE('',#10313,#10314);
#7835=LINE('',#10315,#10316);
#7836=VERTEX_POINT('',#10317);
#7837=LINE('',#10318,#10319);
#7838=VERTEX_POINT('',#10320);
#7839=LINE('',#10321,#10322);
#7840=VERTEX_POINT('',#10323);
#7841=LINE('',#10324,#10325);
#7842=VERTEX_POINT('',#10326);
#7843=LINE('',#10327,#10328);
#7844=LINE('',#10329,#10330);
#7845=VERTEX_POINT('',#10331);
#7846=LINE('',#10332,#10333);
#7847=VERTEX_POINT('',#10334);
#7848=CIRCLE('',#10335,0.195);
#7849=LINE('',#10336,#10337);
#7850=VERTEX_POINT('',#10338);
#7851=LINE('',#10339,#10340);
#7852=LINE('',#10341,#10342);
#7853=VERTEX_POINT('',#10343);
#7854=LINE('',#10344,#10345);
#7855=VERTEX_POINT('',#10346);
#7856=LINE('',#10347,#10348);
#7857=VERTEX_POINT('',#10349);
#7858=LINE('',#10350,#10351);
#7859=LINE('',#10352,#10353);
#7860=VERTEX_POINT('',#10354);
#7861=LINE('',#10355,#10356);
#7862=VERTEX_POINT('',#10357);
#7863=CIRCLE('',#10358,0.195);
#7864=LINE('',#10359,#10360);
#7865=LINE('',#10361,#10362);
#7866=LINE('',#10363,#10364);
#7867=LINE('',#10365,#10366);
#7868=LINE('',#10367,#10368);
#7869=LINE('',#10369,#10370);
#7870=VERTEX_POINT('',#10371);
#7871=LINE('',#10372,#10373);
#7872=VERTEX_POINT('',#10374);
#7873=LINE('',#10375,#10376);
#7874=VERTEX_POINT('',#10377);
#7875=LINE('',#10378,#10379);
#7876=VERTEX_POINT('',#10380);
#7877=LINE('',#10381,#10382);
#7878=LINE('',#10383,#10384);
#7879=VERTEX_POINT('',#10385);
#7880=LINE('',#10386,#10387);
#7881=VERTEX_POINT('',#10388);
#7882=CIRCLE('',#10389,0.195);
#7883=LINE('',#10390,#10391);
#7884=VERTEX_POINT('',#10392);
#7885=LINE('',#10393,#10394);
#7886=LINE('',#10395,#10396);
#7887=VERTEX_POINT('',#10397);
#7888=LINE('',#10398,#10399);
#7889=VERTEX_POINT('',#10400);
#7890=LINE('',#10401,#10402);
#7891=VERTEX_POINT('',#10403);
#7892=LINE('',#10404,#10405);
#7893=LINE('',#10406,#10407);
#7894=VERTEX_POINT('',#10408);
#7895=LINE('',#10409,#10410);
#7896=VERTEX_POINT('',#10411);
#7897=CIRCLE('',#10412,0.195);
#7898=LINE('',#10413,#10414);
#7899=LINE('',#10415,#10416);
#7900=LINE('',#10417,#10418);
#7901=LINE('',#10419,#10420);
#7902=LINE('',#10421,#10422);
#7903=LINE('',#10423,#10424);
#7904=VERTEX_POINT('',#10425);
#7905=LINE('',#10426,#10427);
#7906=VERTEX_POINT('',#10428);
#7907=LINE('',#10429,#10430);
#7908=VERTEX_POINT('',#10431);
#7909=LINE('',#10432,#10433);
#7910=VERTEX_POINT('',#10434);
#7911=LINE('',#10435,#10436);
#7912=LINE('',#10437,#10438);
#7913=VERTEX_POINT('',#10439);
#7914=LINE('',#10440,#10441);
#7915=VERTEX_POINT('',#10442);
#7916=CIRCLE('',#10443,0.195);
#7917=LINE('',#10444,#10445);
#7918=VERTEX_POINT('',#10446);
#7919=LINE('',#10447,#10448);
#7920=LINE('',#10449,#10450);
#7921=VERTEX_POINT('',#10451);
#7922=LINE('',#10452,#10453);
#7923=VERTEX_POINT('',#10454);
#7924=LINE('',#10455,#10456);
#7925=VERTEX_POINT('',#10457);
#7926=LINE('',#10458,#10459);
#7927=LINE('',#10460,#10461);
#7928=VERTEX_POINT('',#10462);
#7929=LINE('',#10463,#10464);
#7930=VERTEX_POINT('',#10465);
#7931=CIRCLE('',#10466,0.195);
#7932=LINE('',#10467,#10468);
#7933=LINE('',#10469,#10470);
#7934=LINE('',#10471,#10472);
#7935=LINE('',#10473,#10474);
#7936=LINE('',#10475,#10476);
#7937=LINE('',#10477,#10478);
#7938=VERTEX_POINT('',#10479);
#7939=LINE('',#10480,#10481);
#7940=VERTEX_POINT('',#10482);
#7941=LINE('',#10483,#10484);
#7942=VERTEX_POINT('',#10485);
#7943=LINE('',#10486,#10487);
#7944=VERTEX_POINT('',#10488);
#7945=LINE('',#10489,#10490);
#7946=LINE('',#10491,#10492);
#7947=VERTEX_POINT('',#10493);
#7948=LINE('',#10494,#10495);
#7949=VERTEX_POINT('',#10496);
#7950=CIRCLE('',#10497,0.195);
#7951=LINE('',#10498,#10499);
#7952=VERTEX_POINT('',#10500);
#7953=LINE('',#10501,#10502);
#7954=LINE('',#10503,#10504);
#7955=VERTEX_POINT('',#10505);
#7956=LINE('',#10506,#10507);
#7957=VERTEX_POINT('',#10508);
#7958=LINE('',#10509,#10510);
#7959=VERTEX_POINT('',#10511);
#7960=LINE('',#10512,#10513);
#7961=LINE('',#10514,#10515);
#7962=VERTEX_POINT('',#10516);
#7963=LINE('',#10517,#10518);
#7964=VERTEX_POINT('',#10519);
#7965=CIRCLE('',#10520,0.195);
#7966=LINE('',#10521,#10522);
#7967=LINE('',#10523,#10524);
#7968=LINE('',#10525,#10526);
#7969=LINE('',#10527,#10528);
#7970=LINE('',#10529,#10530);
#7971=LINE('',#10531,#10532);
#7972=VERTEX_POINT('',#10533);
#7973=LINE('',#10534,#10535);
#7974=VERTEX_POINT('',#10536);
#7975=LINE('',#10537,#10538);
#7976=VERTEX_POINT('',#10539);
#7977=LINE('',#10540,#10541);
#7978=VERTEX_POINT('',#10542);
#7979=LINE('',#10543,#10544);
#7980=LINE('',#10545,#10546);
#7981=VERTEX_POINT('',#10547);
#7982=LINE('',#10548,#10549);
#7983=VERTEX_POINT('',#10550);
#7984=CIRCLE('',#10551,0.195);
#7985=LINE('',#10552,#10553);
#7986=VERTEX_POINT('',#10554);
#7987=LINE('',#10555,#10556);
#7988=LINE('',#10557,#10558);
#7989=VERTEX_POINT('',#10559);
#7990=LINE('',#10560,#10561);
#7991=VERTEX_POINT('',#10562);
#7992=LINE('',#10563,#10564);
#7993=VERTEX_POINT('',#10565);
#7994=LINE('',#10566,#10567);
#7995=LINE('',#10568,#10569);
#7996=VERTEX_POINT('',#10570);
#7997=LINE('',#10571,#10572);
#7998=VERTEX_POINT('',#10573);
#7999=CIRCLE('',#10574,0.195);
#8000=LINE('',#10575,#10576);
#8001=LINE('',#10577,#10578);
#8002=LINE('',#10579,#10580);
#8003=LINE('',#10581,#10582);
#8004=LINE('',#10583,#10584);
#8005=LINE('',#10585,#10586);
#8006=VERTEX_POINT('',#10587);
#8007=LINE('',#10588,#10589);
#8008=VERTEX_POINT('',#10590);
#8009=LINE('',#10591,#10592);
#8010=VERTEX_POINT('',#10593);
#8011=LINE('',#10594,#10595);
#8012=VERTEX_POINT('',#10596);
#8013=LINE('',#10597,#10598);
#8014=LINE('',#10599,#10600);
#8015=VERTEX_POINT('',#10601);
#8016=LINE('',#10602,#10603);
#8017=VERTEX_POINT('',#10604);
#8018=CIRCLE('',#10605,0.195);
#8019=LINE('',#10606,#10607);
#8020=VERTEX_POINT('',#10608);
#8021=LINE('',#10609,#10610);
#8022=LINE('',#10611,#10612);
#8023=VERTEX_POINT('',#10613);
#8024=LINE('',#10614,#10615);
#8025=VERTEX_POINT('',#10616);
#8026=LINE('',#10617,#10618);
#8027=VERTEX_POINT('',#10619);
#8028=LINE('',#10620,#10621);
#8029=LINE('',#10622,#10623);
#8030=VERTEX_POINT('',#10624);
#8031=LINE('',#10625,#10626);
#8032=VERTEX_POINT('',#10627);
#8033=CIRCLE('',#10628,0.195);
#8034=LINE('',#10629,#10630);
#8035=LINE('',#10631,#10632);
#8036=LINE('',#10633,#10634);
#8037=LINE('',#10635,#10636);
#8038=LINE('',#10637,#10638);
#8039=LINE('',#10639,#10640);
#8040=VERTEX_POINT('',#10641);
#8041=LINE('',#10642,#10643);
#8042=VERTEX_POINT('',#10644);
#8043=LINE('',#10645,#10646);
#8044=VERTEX_POINT('',#10647);
#8045=LINE('',#10648,#10649);
#8046=VERTEX_POINT('',#10650);
#8047=LINE('',#10651,#10652);
#8048=LINE('',#10653,#10654);
#8049=VERTEX_POINT('',#10655);
#8050=LINE('',#10656,#10657);
#8051=VERTEX_POINT('',#10658);
#8052=CIRCLE('',#10659,0.195);
#8053=LINE('',#10660,#10661);
#8054=VERTEX_POINT('',#10662);
#8055=LINE('',#10663,#10664);
#8056=LINE('',#10665,#10666);
#8057=VERTEX_POINT('',#10667);
#8058=LINE('',#10668,#10669);
#8059=VERTEX_POINT('',#10670);
#8060=LINE('',#10671,#10672);
#8061=VERTEX_POINT('',#10673);
#8062=LINE('',#10674,#10675);
#8063=LINE('',#10676,#10677);
#8064=VERTEX_POINT('',#10678);
#8065=LINE('',#10679,#10680);
#8066=VERTEX_POINT('',#10681);
#8067=CIRCLE('',#10682,0.195);
#8068=LINE('',#10683,#10684);
#8069=LINE('',#10685,#10686);
#8070=LINE('',#10687,#10688);
#8071=LINE('',#10689,#10690);
#8072=LINE('',#10691,#10692);
#8073=LINE('',#10693,#10694);
#8074=VERTEX_POINT('',#10695);
#8075=LINE('',#10696,#10697);
#8076=VERTEX_POINT('',#10698);
#8077=LINE('',#10699,#10700);
#8078=VERTEX_POINT('',#10701);
#8079=LINE('',#10702,#10703);
#8080=VERTEX_POINT('',#10704);
#8081=LINE('',#10705,#10706);
#8082=LINE('',#10707,#10708);
#8083=VERTEX_POINT('',#10709);
#8084=LINE('',#10710,#10711);
#8085=VERTEX_POINT('',#10712);
#8086=CIRCLE('',#10713,0.195);
#8087=LINE('',#10714,#10715);
#8088=VERTEX_POINT('',#10716);
#8089=LINE('',#10717,#10718);
#8090=LINE('',#10719,#10720);
#8091=VERTEX_POINT('',#10721);
#8092=LINE('',#10722,#10723);
#8093=VERTEX_POINT('',#10724);
#8094=LINE('',#10725,#10726);
#8095=VERTEX_POINT('',#10727);
#8096=LINE('',#10728,#10729);
#8097=LINE('',#10730,#10731);
#8098=VERTEX_POINT('',#10732);
#8099=LINE('',#10733,#10734);
#8100=VERTEX_POINT('',#10735);
#8101=CIRCLE('',#10736,0.195);
#8102=LINE('',#10737,#10738);
#8103=LINE('',#10739,#10740);
#8104=LINE('',#10741,#10742);
#8105=LINE('',#10743,#10744);
#8106=LINE('',#10745,#10746);
#8107=LINE('',#10747,#10748);
#8108=VERTEX_POINT('',#10749);
#8109=LINE('',#10750,#10751);
#8110=VERTEX_POINT('',#10752);
#8111=LINE('',#10753,#10754);
#8112=VERTEX_POINT('',#10755);
#8113=LINE('',#10756,#10757);
#8114=VERTEX_POINT('',#10758);
#8115=LINE('',#10759,#10760);
#8116=LINE('',#10761,#10762);
#8117=VERTEX_POINT('',#10763);
#8118=LINE('',#10764,#10765);
#8119=VERTEX_POINT('',#10766);
#8120=CIRCLE('',#10767,0.195);
#8121=LINE('',#10768,#10769);
#8122=VERTEX_POINT('',#10770);
#8123=LINE('',#10771,#10772);
#8124=LINE('',#10773,#10774);
#8125=VERTEX_POINT('',#10775);
#8126=LINE('',#10776,#10777);
#8127=VERTEX_POINT('',#10778);
#8128=LINE('',#10779,#10780);
#8129=VERTEX_POINT('',#10781);
#8130=LINE('',#10782,#10783);
#8131=LINE('',#10784,#10785);
#8132=VERTEX_POINT('',#10786);
#8133=LINE('',#10787,#10788);
#8134=VERTEX_POINT('',#10789);
#8135=CIRCLE('',#10790,0.195);
#8136=LINE('',#10791,#10792);
#8137=LINE('',#10793,#10794);
#8138=LINE('',#10795,#10796);
#8139=LINE('',#10797,#10798);
#8140=LINE('',#10799,#10800);
#8141=LINE('',#10801,#10802);
#8142=VERTEX_POINT('',#10803);
#8143=LINE('',#10804,#10805);
#8144=VERTEX_POINT('',#10806);
#8145=LINE('',#10807,#10808);
#8146=VERTEX_POINT('',#10809);
#8147=LINE('',#10810,#10811);
#8148=VERTEX_POINT('',#10812);
#8149=LINE('',#10813,#10814);
#8150=LINE('',#10815,#10816);
#8151=VERTEX_POINT('',#10817);
#8152=LINE('',#10818,#10819);
#8153=VERTEX_POINT('',#10820);
#8154=CIRCLE('',#10821,0.195);
#8155=LINE('',#10822,#10823);
#8156=VERTEX_POINT('',#10824);
#8157=LINE('',#10825,#10826);
#8158=LINE('',#10827,#10828);
#8159=VERTEX_POINT('',#10829);
#8160=LINE('',#10830,#10831);
#8161=VERTEX_POINT('',#10832);
#8162=LINE('',#10833,#10834);
#8163=VERTEX_POINT('',#10835);
#8164=LINE('',#10836,#10837);
#8165=LINE('',#10838,#10839);
#8166=VERTEX_POINT('',#10840);
#8167=LINE('',#10841,#10842);
#8168=VERTEX_POINT('',#10843);
#8169=CIRCLE('',#10844,0.195);
#8170=LINE('',#10845,#10846);
#8171=LINE('',#10847,#10848);
#8172=LINE('',#10849,#10850);
#8173=LINE('',#10851,#10852);
#8174=LINE('',#10853,#10854);
#8175=LINE('',#10855,#10856);
#8176=VERTEX_POINT('',#10857);
#8177=LINE('',#10858,#10859);
#8178=VERTEX_POINT('',#10860);
#8179=LINE('',#10861,#10862);
#8180=VERTEX_POINT('',#10863);
#8181=LINE('',#10864,#10865);
#8182=VERTEX_POINT('',#10866);
#8183=LINE('',#10867,#10868);
#8184=LINE('',#10869,#10870);
#8185=VERTEX_POINT('',#10871);
#8186=LINE('',#10872,#10873);
#8187=VERTEX_POINT('',#10874);
#8188=CIRCLE('',#10875,0.195);
#8189=LINE('',#10876,#10877);
#8190=VERTEX_POINT('',#10878);
#8191=LINE('',#10879,#10880);
#8192=LINE('',#10881,#10882);
#8193=VERTEX_POINT('',#10883);
#8194=LINE('',#10884,#10885);
#8195=VERTEX_POINT('',#10886);
#8196=LINE('',#10887,#10888);
#8197=VERTEX_POINT('',#10889);
#8198=LINE('',#10890,#10891);
#8199=LINE('',#10892,#10893);
#8200=VERTEX_POINT('',#10894);
#8201=LINE('',#10895,#10896);
#8202=VERTEX_POINT('',#10897);
#8203=CIRCLE('',#10898,0.195);
#8204=LINE('',#10899,#10900);
#8205=LINE('',#10901,#10902);
#8206=LINE('',#10903,#10904);
#8207=LINE('',#10905,#10906);
#8208=LINE('',#10907,#10908);
#8209=LINE('',#10909,#10910);
#8210=VERTEX_POINT('',#10911);
#8211=LINE('',#10912,#10913);
#8212=VERTEX_POINT('',#10914);
#8213=LINE('',#10915,#10916);
#8214=VERTEX_POINT('',#10917);
#8215=LINE('',#10918,#10919);
#8216=VERTEX_POINT('',#10920);
#8217=LINE('',#10921,#10922);
#8218=LINE('',#10923,#10924);
#8219=VERTEX_POINT('',#10925);
#8220=LINE('',#10926,#10927);
#8221=VERTEX_POINT('',#10928);
#8222=CIRCLE('',#10929,0.195);
#8223=LINE('',#10930,#10931);
#8224=VERTEX_POINT('',#10932);
#8225=LINE('',#10933,#10934);
#8226=LINE('',#10935,#10936);
#8227=VERTEX_POINT('',#10937);
#8228=LINE('',#10938,#10939);
#8229=VERTEX_POINT('',#10940);
#8230=LINE('',#10941,#10942);
#8231=VERTEX_POINT('',#10943);
#8232=LINE('',#10944,#10945);
#8233=LINE('',#10946,#10947);
#8234=VERTEX_POINT('',#10948);
#8235=LINE('',#10949,#10950);
#8236=VERTEX_POINT('',#10951);
#8237=CIRCLE('',#10952,0.195);
#8238=LINE('',#10953,#10954);
#8239=LINE('',#10955,#10956);
#8240=LINE('',#10957,#10958);
#8241=LINE('',#10959,#10960);
#8242=LINE('',#10961,#10962);
#8243=LINE('',#10963,#10964);
#8244=VERTEX_POINT('',#10965);
#8245=LINE('',#10966,#10967);
#8246=VERTEX_POINT('',#10968);
#8247=LINE('',#10969,#10970);
#8248=VERTEX_POINT('',#10971);
#8249=LINE('',#10972,#10973);
#8250=VERTEX_POINT('',#10974);
#8251=LINE('',#10975,#10976);
#8252=LINE('',#10977,#10978);
#8253=VERTEX_POINT('',#10979);
#8254=LINE('',#10980,#10981);
#8255=VERTEX_POINT('',#10982);
#8256=CIRCLE('',#10983,0.195);
#8257=LINE('',#10984,#10985);
#8258=VERTEX_POINT('',#10986);
#8259=LINE('',#10987,#10988);
#8260=LINE('',#10989,#10990);
#8261=VERTEX_POINT('',#10991);
#8262=LINE('',#10992,#10993);
#8263=VERTEX_POINT('',#10994);
#8264=LINE('',#10995,#10996);
#8265=VERTEX_POINT('',#10997);
#8266=LINE('',#10998,#10999);
#8267=LINE('',#11000,#11001);
#8268=VERTEX_POINT('',#11002);
#8269=LINE('',#11003,#11004);
#8270=VERTEX_POINT('',#11005);
#8271=CIRCLE('',#11006,0.195);
#8272=LINE('',#11007,#11008);
#8273=LINE('',#11009,#11010);
#8274=LINE('',#11011,#11012);
#8275=LINE('',#11013,#11014);
#8276=LINE('',#11015,#11016);
#8277=LINE('',#11017,#11018);
#8278=VERTEX_POINT('',#11019);
#8279=LINE('',#11020,#11021);
#8280=VERTEX_POINT('',#11022);
#8281=LINE('',#11023,#11024);
#8282=VERTEX_POINT('',#11025);
#8283=LINE('',#11026,#11027);
#8284=VERTEX_POINT('',#11028);
#8285=LINE('',#11029,#11030);
#8286=LINE('',#11031,#11032);
#8287=VERTEX_POINT('',#11033);
#8288=LINE('',#11034,#11035);
#8289=VERTEX_POINT('',#11036);
#8290=CIRCLE('',#11037,0.195);
#8291=LINE('',#11038,#11039);
#8292=VERTEX_POINT('',#11040);
#8293=LINE('',#11041,#11042);
#8294=LINE('',#11043,#11044);
#8295=VERTEX_POINT('',#11045);
#8296=LINE('',#11046,#11047);
#8297=VERTEX_POINT('',#11048);
#8298=LINE('',#11049,#11050);
#8299=VERTEX_POINT('',#11051);
#8300=LINE('',#11052,#11053);
#8301=LINE('',#11054,#11055);
#8302=VERTEX_POINT('',#11056);
#8303=LINE('',#11057,#11058);
#8304=VERTEX_POINT('',#11059);
#8305=CIRCLE('',#11060,0.195);
#8306=LINE('',#11061,#11062);
#8307=LINE('',#11063,#11064);
#8308=LINE('',#11065,#11066);
#8309=LINE('',#11067,#11068);
#8310=LINE('',#11069,#11070);
#8311=LINE('',#11071,#11072);
#8312=VERTEX_POINT('',#11073);
#8313=LINE('',#11074,#11075);
#8314=VERTEX_POINT('',#11076);
#8315=LINE('',#11077,#11078);
#8316=VERTEX_POINT('',#11079);
#8317=LINE('',#11080,#11081);
#8318=VERTEX_POINT('',#11082);
#8319=LINE('',#11083,#11084);
#8320=LINE('',#11085,#11086);
#8321=VERTEX_POINT('',#11087);
#8322=LINE('',#11088,#11089);
#8323=VERTEX_POINT('',#11090);
#8324=CIRCLE('',#11091,0.195);
#8325=LINE('',#11092,#11093);
#8326=VERTEX_POINT('',#11094);
#8327=LINE('',#11095,#11096);
#8328=LINE('',#11097,#11098);
#8329=VERTEX_POINT('',#11099);
#8330=LINE('',#11100,#11101);
#8331=VERTEX_POINT('',#11102);
#8332=LINE('',#11103,#11104);
#8333=VERTEX_POINT('',#11105);
#8334=LINE('',#11106,#11107);
#8335=LINE('',#11108,#11109);
#8336=VERTEX_POINT('',#11110);
#8337=VERTEX_POINT('',#11111);
#8338=CIRCLE('',#11112,0.195);
#8339=LINE('',#11113,#11114);
#8340=LINE('',#11115,#11116);
#8341=LINE('',#11117,#11118);
#8342=LINE('',#11119,#11120);
#8343=LINE('',#11121,#11122);
#8344=LINE('',#11123,#11124);
#8345=LINE('',#11125,#11126);
#8346=VERTEX_POINT('',#11127);
#8347=LINE('',#11128,#11129);
#8348=VERTEX_POINT('',#11130);
#8349=LINE('',#11131,#11132);
#8350=VERTEX_POINT('',#11133);
#8351=LINE('',#11134,#11135);
#8352=VERTEX_POINT('',#11136);
#8353=LINE('',#11137,#11138);
#8354=LINE('',#11139,#11140);
#8355=VERTEX_POINT('',#11141);
#8356=LINE('',#11142,#11143);
#8357=VERTEX_POINT('',#11144);
#8358=CIRCLE('',#11145,0.195);
#8359=LINE('',#11146,#11147);
#8360=VERTEX_POINT('',#11148);
#8361=LINE('',#11149,#11150);
#8362=LINE('',#11151,#11152);
#8363=VERTEX_POINT('',#11153);
#8364=LINE('',#11154,#11155);
#8365=VERTEX_POINT('',#11156);
#8366=LINE('',#11157,#11158);
#8367=VERTEX_POINT('',#11159);
#8368=LINE('',#11160,#11161);
#8369=LINE('',#11162,#11163);
#8370=VERTEX_POINT('',#11164);
#8371=VERTEX_POINT('',#11165);
#8372=CIRCLE('',#11166,0.195);
#8373=LINE('',#11167,#11168);
#8374=LINE('',#11169,#11170);
#8375=LINE('',#11171,#11172);
#8376=LINE('',#11173,#11174);
#8377=LINE('',#11175,#11176);
#8378=LINE('',#11177,#11178);
#8379=LINE('',#11179,#11180);
#8380=VERTEX_POINT('',#11181);
#8381=LINE('',#11182,#11183);
#8382=VERTEX_POINT('',#11184);
#8383=LINE('',#11185,#11186);
#8384=VERTEX_POINT('',#11187);
#8385=LINE('',#11188,#11189);
#8386=VERTEX_POINT('',#11190);
#8387=LINE('',#11191,#11192);
#8388=LINE('',#11193,#11194);
#8389=VERTEX_POINT('',#11195);
#8390=LINE('',#11196,#11197);
#8391=VERTEX_POINT('',#11198);
#8392=CIRCLE('',#11199,0.195);
#8393=LINE('',#11200,#11201);
#8394=VERTEX_POINT('',#11202);
#8395=LINE('',#11203,#11204);
#8396=LINE('',#11205,#11206);
#8397=VERTEX_POINT('',#11207);
#8398=LINE('',#11208,#11209);
#8399=VERTEX_POINT('',#11210);
#8400=LINE('',#11211,#11212);
#8401=VERTEX_POINT('',#11213);
#8402=LINE('',#11214,#11215);
#8403=LINE('',#11216,#11217);
#8404=VERTEX_POINT('',#11218);
#8405=VERTEX_POINT('',#11219);
#8406=CIRCLE('',#11220,0.195);
#8407=LINE('',#11221,#11222);
#8408=LINE('',#11223,#11224);
#8409=LINE('',#11225,#11226);
#8410=LINE('',#11227,#11228);
#8411=LINE('',#11229,#11230);
#8412=LINE('',#11231,#11232);
#8413=LINE('',#11233,#11234);
#8414=VERTEX_POINT('',#11235);
#8415=LINE('',#11236,#11237);
#8416=VERTEX_POINT('',#11238);
#8417=LINE('',#11239,#11240);
#8418=VERTEX_POINT('',#11241);
#8419=LINE('',#11242,#11243);
#8420=VERTEX_POINT('',#11244);
#8421=LINE('',#11245,#11246);
#8422=LINE('',#11247,#11248);
#8423=VERTEX_POINT('',#11249);
#8424=LINE('',#11250,#11251);
#8425=VERTEX_POINT('',#11252);
#8426=CIRCLE('',#11253,0.195);
#8427=LINE('',#11254,#11255);
#8428=VERTEX_POINT('',#11256);
#8429=LINE('',#11257,#11258);
#8430=LINE('',#11259,#11260);
#8431=VERTEX_POINT('',#11261);
#8432=LINE('',#11262,#11263);
#8433=VERTEX_POINT('',#11264);
#8434=LINE('',#11265,#11266);
#8435=VERTEX_POINT('',#11267);
#8436=LINE('',#11268,#11269);
#8437=LINE('',#11270,#11271);
#8438=VERTEX_POINT('',#11272);
#8439=VERTEX_POINT('',#11273);
#8440=CIRCLE('',#11274,0.195);
#8441=LINE('',#11275,#11276);
#8442=LINE('',#11277,#11278);
#8443=LINE('',#11279,#11280);
#8444=LINE('',#11281,#11282);
#8445=LINE('',#11283,#11284);
#8446=LINE('',#11285,#11286);
#8447=LINE('',#11287,#11288);
#8448=VERTEX_POINT('',#11289);
#8449=LINE('',#11290,#11291);
#8450=VERTEX_POINT('',#11292);
#8451=LINE('',#11293,#11294);
#8452=VERTEX_POINT('',#11295);
#8453=LINE('',#11296,#11297);
#8454=VERTEX_POINT('',#11298);
#8455=LINE('',#11299,#11300);
#8456=LINE('',#11301,#11302);
#8457=VERTEX_POINT('',#11303);
#8458=LINE('',#11304,#11305);
#8459=VERTEX_POINT('',#11306);
#8460=CIRCLE('',#11307,0.195);
#8461=LINE('',#11308,#11309);
#8462=VERTEX_POINT('',#11310);
#8463=LINE('',#11311,#11312);
#8464=LINE('',#11313,#11314);
#8465=VERTEX_POINT('',#11315);
#8466=LINE('',#11316,#11317);
#8467=VERTEX_POINT('',#11318);
#8468=LINE('',#11319,#11320);
#8469=VERTEX_POINT('',#11321);
#8470=LINE('',#11322,#11323);
#8471=LINE('',#11324,#11325);
#8472=VERTEX_POINT('',#11326);
#8473=VERTEX_POINT('',#11327);
#8474=CIRCLE('',#11328,0.195);
#8475=LINE('',#11329,#11330);
#8476=LINE('',#11331,#11332);
#8477=LINE('',#11333,#11334);
#8478=LINE('',#11335,#11336);
#8479=LINE('',#11337,#11338);
#8480=LINE('',#11339,#11340);
#8481=LINE('',#11341,#11342);
#8482=LINE('',#11343,#11344);
#8483=LINE('',#11345,#11346);
#8484=LINE('',#11347,#11348);
#8485=LINE('',#11349,#11350);
#8486=LINE('',#11351,#11352);
#8487=LINE('',#11353,#11354);
#8488=LINE('',#11355,#11356);
#8489=LINE('',#11357,#11358);
#8490=LINE('',#11359,#11360);
#8491=LINE('',#11361,#11362);
#8492=LINE('',#11363,#11364);
#8493=LINE('',#11365,#11366);
#8494=LINE('',#11367,#11368);
#8495=LINE('',#11369,#11370);
#8496=VERTEX_POINT('',#11371);
#8497=LINE('',#11372,#11373);
#8498=VERTEX_POINT('',#11374);
#8499=LINE('',#11375,#11376);
#8500=LINE('',#11377,#11378);
#8501=VERTEX_POINT('',#11379);
#8502=CIRCLE('',#11380,0.3);
#8503=LINE('',#11381,#11382);
#8504=LINE('',#11383,#11384);
#8505=CIRCLE('',#11385,0.3);
#8506=CIRCLE('',#11386,0.3);
#8507=CIRCLE('',#11387,0.3);
#8508=VERTEX_POINT('',#11388);
#8509=CIRCLE('',#11389,0.3);
#8510=CIRCLE('',#11390,0.3);
#8511=LINE('',#11391,#11392);
#8512=LINE('',#11393,#11394);
#8513=LINE('',#11395,#11396);
#8514=LINE('',#11397,#11398);
#8515=LINE('',#11399,#11400);
#8516=LINE('',#11401,#11402);
#8517=VERTEX_POINT('',#11403);
#8518=LINE('',#11404,#11405);
#8519=VERTEX_POINT('',#11406);
#8520=LINE('',#11407,#11408);
#8521=VERTEX_POINT('',#11409);
#8522=LINE('',#11410,#11411);
#8523=VERTEX_POINT('',#11412);
#8524=LINE('',#11413,#11414);
#8525=LINE('',#11415,#11416);
#8526=LINE('',#11417,#11418);
#8527=LINE('',#11419,#11420);
#8528=LINE('',#11421,#11422);
#8529=LINE('',#11423,#11424);
#8530=LINE('',#11425,#11426);
#8531=CARTESIAN_POINT('',(5.645,0.7,0.0));
#8532=CARTESIAN_POINT('',(5.645,-0.17,0.0));
#8533=CARTESIAN_POINT('',(5.645,0.7,0.0));
#8534=VECTOR('',#11427,0.87);
#8535=CARTESIAN_POINT('',(-5.645,-0.17,0.0));
#8536=CARTESIAN_POINT('',(5.645,-0.17,0.0));
#8537=VECTOR('',#11428,11.29);
#8538=CARTESIAN_POINT('',(-5.645,0.7,0.0));
#8539=CARTESIAN_POINT('',(-5.645,-0.17,0.0));
#8540=VECTOR('',#11429,0.87);
#8541=CARTESIAN_POINT('',(-7.415,0.7,0.0));
#8542=CARTESIAN_POINT('',(-5.645,0.7,0.0));
#8543=VECTOR('',#11430,1.77);
#8544=CARTESIAN_POINT('',(-7.415,-0.7,0.0));
#8545=CARTESIAN_POINT('',(-7.415,0.7,0.0));
#8546=VECTOR('',#11431,1.4);
#8547=CARTESIAN_POINT('',(7.415,-0.7,0.0));
#8548=CARTESIAN_POINT('',(-7.415,-0.7,0.0));
#8549=VECTOR('',#11432,14.83);
#8550=CARTESIAN_POINT('',(7.415,0.7,0.0));
#8551=CARTESIAN_POINT('',(7.415,-0.7,0.0));
#8552=VECTOR('',#11433,1.4);
#8553=CARTESIAN_POINT('',(7.415,0.7,0.0));
#8554=VECTOR('',#11434,1.77);
#8555=CARTESIAN_POINT('',(7.415,1.0,-0.3));
#8556=CARTESIAN_POINT('',(5.645,1.0,-0.3));
#8557=CARTESIAN_POINT('',(7.415,1.0,-0.3));
#8558=VECTOR('',#11435,1.77);
#8559=CARTESIAN_POINT('',(5.557132034356,0.912132034356,-0.08786796564404));
#8560=CARTESIAN_POINT('',(5.557132034356,0.912132034356,-0.08786796564404));
#8561=CARTESIAN_POINT('',(5.583734010884,0.9387340108835,-0.1144699421716));
#8562=CARTESIAN_POINT('',(5.625612589936,0.9806125899364,-0.1759646444112));
#8563=CARTESIAN_POINT('',(5.645,1.0,-0.2539240250725));
#8564=CARTESIAN_POINT('',(5.645,1.0,-0.3));
#8565=CARTESIAN_POINT('',(5.645,0.7,0.0));
#8566=CARTESIAN_POINT('',(5.645,0.7460759749275,0.0));
#8567=CARTESIAN_POINT('',(5.625612589936,0.8240353555888,-0.01938741006361));
#8568=CARTESIAN_POINT('',(5.583734010884,0.8855300578284,-0.06126598911646));
#8569=CARTESIAN_POINT('',(5.557132034356,0.912132034356,-0.08786796564404));
#8570=AXIS2_PLACEMENT_3D('',#11436,#11437,#11438);
#8571=CARTESIAN_POINT('',(7.715,0.7,-0.3));
#8572=AXIS2_PLACEMENT_3D('',#11439,#11440,#11441);
#8573=AXIS2_PLACEMENT_3D('',#11442,#11443,#11444);
#8574=CARTESIAN_POINT('',(7.715,0.7,-1.15));
#8575=CARTESIAN_POINT('',(7.715,0.7,-0.3));
#8576=VECTOR('',#11445,0.85);
#8577=CARTESIAN_POINT('',(7.415,1.0,-1.15));
#8578=AXIS2_PLACEMENT_3D('',#11446,#11447,#11448);
#8579=CARTESIAN_POINT('',(7.415,1.0,-0.3));
#8580=VECTOR('',#11449,0.85);
#8581=CARTESIAN_POINT('',(5.645,1.0,-1.15));
#8582=CARTESIAN_POINT('',(5.645,1.0,-0.3));
#8583=VECTOR('',#11450,0.85);
#8584=CARTESIAN_POINT('',(5.645,1.0,-1.15));
#8585=VECTOR('',#11451,1.77);
#8586=CARTESIAN_POINT('',(5.345,0.7,-1.45));
#8587=CARTESIAN_POINT('',(7.415,0.7,-1.45));
#8588=CARTESIAN_POINT('',(5.345,0.7,-1.45));
#8589=VECTOR('',#11452,2.07);
#8590=CARTESIAN_POINT('',(5.645,1.0,-1.15));
#8591=CARTESIAN_POINT('',(5.645,1.0,-1.18017766953));
#8592=CARTESIAN_POINT('',(5.636872448416,0.9918724484156,-1.229038914909));
#8593=CARTESIAN_POINT('',(5.606285090015,0.9612850900154,-1.306492535941));
#8594=CARTESIAN_POINT('',(5.549687787488,0.904687787488,-1.377340210762));
#8595=CARTESIAN_POINT('',(5.461154644739,0.8161546447388,-1.433201456744));
#8596=CARTESIAN_POINT('',(5.38767766953,0.7426776695297,-1.45));
#8597=CARTESIAN_POINT('',(5.345,0.7,-1.45));
#8598=AXIS2_PLACEMENT_3D('',#11453,#11454,#11455);
#8599=AXIS2_PLACEMENT_3D('',#11456,#11457,#11458);
#8600=CARTESIAN_POINT('',(7.415,-0.7,-1.45));
#8601=CARTESIAN_POINT('',(7.415,0.7,-1.45));
#8602=VECTOR('',#11459,1.4);
#8603=CARTESIAN_POINT('',(7.715,-0.7,-1.15));
#8604=CARTESIAN_POINT('',(7.715,0.7,-1.15));
#8605=VECTOR('',#11460,1.4);
#8606=AXIS2_PLACEMENT_3D('',#11461,#11462,#11463);
#8607=CARTESIAN_POINT('',(7.415,-1.0,-1.15));
#8608=AXIS2_PLACEMENT_3D('',#11464,#11465,#11466);
#8609=AXIS2_PLACEMENT_3D('',#11467,#11468,#11469);
#8610=CARTESIAN_POINT('',(-7.415,-0.7,-1.45));
#8611=CARTESIAN_POINT('',(7.415,-0.7,-1.45));
#8612=VECTOR('',#11470,14.83);
#8613=CARTESIAN_POINT('',(-7.415,-1.0,-1.15));
#8614=CARTESIAN_POINT('',(7.415,-1.0,-1.15));
#8615=VECTOR('',#11471,14.83);
#8616=AXIS2_PLACEMENT_3D('',#11472,#11473,#11474);
#8617=CARTESIAN_POINT('',(-7.715,-0.7,-1.15));
#8618=AXIS2_PLACEMENT_3D('',#11475,#11476,#11477);
#8619=AXIS2_PLACEMENT_3D('',#11478,#11479,#11480);
#8620=CARTESIAN_POINT('',(-7.415,0.7,-1.45));
#8621=CARTESIAN_POINT('',(-7.415,-0.7,-1.45));
#8622=VECTOR('',#11481,1.4);
#8623=CARTESIAN_POINT('',(-7.715,0.7,-1.15));
#8624=CARTESIAN_POINT('',(-7.715,-0.7,-1.15));
#8625=VECTOR('',#11482,1.4);
#8626=AXIS2_PLACEMENT_3D('',#11483,#11484,#11485);
#8627=CARTESIAN_POINT('',(-7.415,1.0,-1.15));
#8628=AXIS2_PLACEMENT_3D('',#11486,#11487,#11488);
#8629=AXIS2_PLACEMENT_3D('',#11489,#11490,#11491);
#8630=CARTESIAN_POINT('',(-7.415,1.0,-0.3));
#8631=CARTESIAN_POINT('',(-7.415,1.0,-0.3));
#8632=VECTOR('',#11492,0.85);
#8633=CARTESIAN_POINT('',(-7.715,0.7,-0.3));
#8634=CARTESIAN_POINT('',(-7.715,0.7,-0.3));
#8635=VECTOR('',#11493,0.85);
#8636=AXIS2_PLACEMENT_3D('',#11494,#11495,#11496);
#8637=AXIS2_PLACEMENT_3D('',#11497,#11498,#11499);
#8638=AXIS2_PLACEMENT_3D('',#11500,#11501,#11502);
#8639=CARTESIAN_POINT('',(-5.557132034356,0.912132034356,-0.08786796564404));
#8640=CARTESIAN_POINT('',(-5.557132034356,0.912132034356,-0.08786796564404));
#8641=CARTESIAN_POINT('',(-5.583734010884,0.8855300578284,-0.06126598911646));
#8642=CARTESIAN_POINT('',(-5.625612589936,0.8240353555888,-0.01938741006361));
#8643=CARTESIAN_POINT('',(-5.645,0.7460759749275,0.0));
#8644=CARTESIAN_POINT('',(-5.645,0.7,0.0));
#8645=CARTESIAN_POINT('',(-5.645,1.0,-0.3));
#8646=CARTESIAN_POINT('',(-5.645,1.0,-0.3));
#8647=CARTESIAN_POINT('',(-5.645,1.0,-0.2539240250725));
#8648=CARTESIAN_POINT('',(-5.625612589936,0.9806125899364,-0.1759646444112));
#8649=CARTESIAN_POINT('',(-5.583734010884,0.9387340108835,-0.1144699421716));
#8650=CARTESIAN_POINT('',(-5.557132034356,0.912132034356,-0.08786796564404));
#8651=CARTESIAN_POINT('',(-5.645,1.0,-0.3));
#8652=VECTOR('',#11503,1.77);
#8653=CARTESIAN_POINT('',(-5.645,1.0,-1.15));
#8654=CARTESIAN_POINT('',(-5.645,1.0,-0.3));
#8655=VECTOR('',#11504,0.85);
#8656=CARTESIAN_POINT('',(-7.415,1.0,-1.15));
#8657=VECTOR('',#11505,1.77);
#8658=CARTESIAN_POINT('',(-5.345,0.7,-1.45));
#8659=CARTESIAN_POINT('',(-5.345,0.7,-1.45));
#8660=CARTESIAN_POINT('',(-5.38767766953,0.7426776695297,-1.45));
#8661=CARTESIAN_POINT('',(-5.461154644739,0.8161546447388,-1.433201456744));
#8662=CARTESIAN_POINT('',(-5.549687787488,0.904687787488,-1.377340210762));
#8663=CARTESIAN_POINT('',(-5.606285090015,0.9612850900154,-1.306492535941));
#8664=CARTESIAN_POINT('',(-5.636872448416,0.9918724484156,-1.229038914909));
#8665=CARTESIAN_POINT('',(-5.645,1.0,-1.18017766953));
#8666=CARTESIAN_POINT('',(-5.645,1.0,-1.15));
#8667=CARTESIAN_POINT('',(-7.415,0.7,-1.45));
#8668=VECTOR('',#11506,2.07);
#8669=CARTESIAN_POINT('',(-5.345,0.5,-1.45));
#8670=CARTESIAN_POINT('',(-5.345,0.7,-1.45));
#8671=VECTOR('',#11507,0.2);
#8672=CARTESIAN_POINT('',(-5.89,0.5,-1.45));
#8673=CARTESIAN_POINT('',(-5.89,0.5,-1.45));
#8674=VECTOR('',#11508,0.545);
#8675=CARTESIAN_POINT('',(-5.89,-0.5,-1.45));
#8676=CARTESIAN_POINT('',(-5.89,0.5,-1.45));
#8677=VECTOR('',#11509,1.0);
#8678=CARTESIAN_POINT('',(5.89,-0.5,-1.45));
#8679=CARTESIAN_POINT('',(5.89,-0.5,-1.45));
#8680=VECTOR('',#11510,11.78);
#8681=CARTESIAN_POINT('',(5.89,0.5,-1.45));
#8682=CARTESIAN_POINT('',(5.89,0.5,-1.45));
#8683=VECTOR('',#11511,1.0);
#8684=CARTESIAN_POINT('',(5.345,0.5,-1.45));
#8685=CARTESIAN_POINT('',(5.345,0.5,-1.45));
#8686=VECTOR('',#11512,0.545);
#8687=CARTESIAN_POINT('',(5.345,0.7,-1.45));
#8688=VECTOR('',#11513,0.2);
#8689=CARTESIAN_POINT('',(-5.952530870902,0.49,-1.45));
#8690=CARTESIAN_POINT('',(-6.87,0.49,-1.45));
#8691=CARTESIAN_POINT('',(-5.952530870902,0.49,-1.45));
#8692=VECTOR('',#11514,0.9174691290978);
#8693=CARTESIAN_POINT('',(-6.87,-0.5,-1.45));
#8694=CARTESIAN_POINT('',(-6.87,0.49,-1.45));
#8695=VECTOR('',#11515,0.99);
#8696=CARTESIAN_POINT('',(-5.952530870902,-0.5,-1.45));
#8697=CARTESIAN_POINT('',(-5.952530870902,-0.5,-1.45));
#8698=VECTOR('',#11516,0.9174691290978);
#8699=CARTESIAN_POINT('',(-5.952530870902,0.49,-1.45));
#8700=VECTOR('',#11517,0.99);
#8701=CARTESIAN_POINT('',(6.87,0.49,-1.45));
#8702=CARTESIAN_POINT('',(5.952530870902,0.49,-1.45));
#8703=CARTESIAN_POINT('',(6.87,0.49,-1.45));
#8704=VECTOR('',#11518,0.9174691290978);
#8705=CARTESIAN_POINT('',(5.952530870902,-0.5,-1.45));
#8706=CARTESIAN_POINT('',(5.952530870902,0.49,-1.45));
#8707=VECTOR('',#11519,0.99);
#8708=CARTESIAN_POINT('',(6.87,-0.5,-1.45));
#8709=CARTESIAN_POINT('',(6.87,-0.5,-1.45));
#8710=VECTOR('',#11520,0.9174691290978);
#8711=CARTESIAN_POINT('',(6.87,-0.5,-1.45));
#8712=VECTOR('',#11521,0.99);
#8713=CARTESIAN_POINT('',(6.87,-0.83,-1.49));
#8714=CARTESIAN_POINT('',(6.87,-0.5,-1.49));
#8715=CARTESIAN_POINT('',(6.87,-0.83,-1.49));
#8716=VECTOR('',#11522,0.33);
#8717=CARTESIAN_POINT('',(6.87,-0.83,-1.6));
#8718=CARTESIAN_POINT('',(6.87,-0.83,-1.49));
#8719=VECTOR('',#11523,0.11);
#8720=CARTESIAN_POINT('',(6.87,-0.83,-4.4));
#8721=CARTESIAN_POINT('',(6.87,-0.83,-1.6));
#8722=VECTOR('',#11524,2.8);
#8723=CARTESIAN_POINT('',(6.87,-0.5,-4.4));
#8724=CARTESIAN_POINT('',(6.87,-0.83,-4.4));
#8725=VECTOR('',#11525,0.33);
#8726=CARTESIAN_POINT('',(6.87,-0.5,-4.36));
#8727=CARTESIAN_POINT('',(6.87,-0.5,-4.4));
#8728=VECTOR('',#11526,0.04);
#8729=CARTESIAN_POINT('',(6.87,-0.05995902397623,-4.36));
#8730=CARTESIAN_POINT('',(6.87,-0.05995902397623,-4.36));
#8731=VECTOR('',#11527,0.4400409760238);
#8732=CARTESIAN_POINT('',(6.87,0.49,-2.849));
#8733=CARTESIAN_POINT('',(6.87,-0.05995902397623,-4.36));
#8734=VECTOR('',#11528,1.607972614211);
#8735=CARTESIAN_POINT('',(6.87,0.49,-2.849));
#8736=VECTOR('',#11529,1.399);
#8737=CARTESIAN_POINT('',(6.87,-0.5,-1.45));
#8738=VECTOR('',#11530,0.04);
#8739=CARTESIAN_POINT('',(6.87,0.5,-4.4));
#8740=CARTESIAN_POINT('',(6.87,0.5,-1.49));
#8741=CARTESIAN_POINT('',(6.87,0.5,-4.4));
#8742=VECTOR('',#11531,2.91);
#8743=CARTESIAN_POINT('',(6.87,0.83,-4.4));
#8744=CARTESIAN_POINT('',(6.87,0.5,-4.4));
#8745=VECTOR('',#11532,0.33);
#8746=CARTESIAN_POINT('',(6.87,0.83,-1.49));
#8747=CARTESIAN_POINT('',(6.87,0.83,-1.49));
#8748=VECTOR('',#11533,2.91);
#8749=CARTESIAN_POINT('',(6.87,0.83,-1.49));
#8750=VECTOR('',#11534,0.33);
#8751=CARTESIAN_POINT('',(5.959583950131,-0.5,-1.49));
#8752=CARTESIAN_POINT('',(5.952530870902,-0.5,-1.45));
#8753=VECTOR('',#11535,0.04061706447543);
#8754=CARTESIAN_POINT('',(5.959583950131,-0.5,-1.49));
#8755=VECTOR('',#11536,0.9104160498694);
#8756=CARTESIAN_POINT('',(-5.89,-0.5,-1.49));
#8757=CARTESIAN_POINT('',(-5.89,-0.5,-1.45));
#8758=VECTOR('',#11537,0.04);
#8759=CARTESIAN_POINT('',(5.89,-0.5,-1.49));
#8760=CARTESIAN_POINT('',(-5.89,-0.5,-1.49));
#8761=VECTOR('',#11538,11.78);
#8762=CARTESIAN_POINT('',(5.89,-0.5,-1.45));
#8763=VECTOR('',#11539,0.04);
#8764=CARTESIAN_POINT('',(-6.87,-0.5,-1.49));
#8765=CARTESIAN_POINT('',(-6.87,-0.5,-1.45));
#8766=VECTOR('',#11540,0.04);
#8767=CARTESIAN_POINT('',(-5.959583950131,-0.5,-1.49));
#8768=CARTESIAN_POINT('',(-6.87,-0.5,-1.49));
#8769=VECTOR('',#11541,0.9104160498694);
#8770=CARTESIAN_POINT('',(-5.952530870902,-0.5,-1.45));
#8771=VECTOR('',#11542,0.04061706447543);
#8772=CARTESIAN_POINT('',(-6.87,-0.83,-1.49));
#8773=CARTESIAN_POINT('',(-6.87,-0.83,-1.49));
#8774=VECTOR('',#11543,0.33);
#8775=CARTESIAN_POINT('',(-5.15,-0.83,-1.49));
#8776=CARTESIAN_POINT('',(-6.87,-0.83,-1.49));
#8777=VECTOR('',#11544,1.72);
#8778=CARTESIAN_POINT('',(-5.15,-1.0,-1.49));
#8779=CARTESIAN_POINT('',(-5.15,-1.0,-1.49));
#8780=VECTOR('',#11545,0.17);
#8781=CARTESIAN_POINT('',(5.15,-1.0,-1.49));
#8782=CARTESIAN_POINT('',(-5.15,-1.0,-1.49));
#8783=VECTOR('',#11546,10.3);
#8784=CARTESIAN_POINT('',(5.15,-0.83,-1.49));
#8785=CARTESIAN_POINT('',(5.15,-0.83,-1.49));
#8786=VECTOR('',#11547,0.17);
#8787=CARTESIAN_POINT('',(5.15,-0.83,-1.49));
#8788=VECTOR('',#11548,1.72);
#8789=CARTESIAN_POINT('',(5.89,-0.5,-1.49));
#8790=VECTOR('',#11549,0.06958395013055);
#8791=CARTESIAN_POINT('',(-5.959583950131,-0.5,-1.49));
#8792=VECTOR('',#11550,0.06958395013055);
#8793=CARTESIAN_POINT('',(-5.89,-0.5,-2.569986624807));
#8794=CARTESIAN_POINT('',(-5.89,-0.5,-2.569986624807));
#8795=VECTOR('',#11551,1.079986624807);
#8796=CARTESIAN_POINT('',(-6.04,-0.5,-2.73));
#8797=CARTESIAN_POINT('',(-6.04,-0.5,-2.73));
#8798=VECTOR('',#11552,0.2193268798866);
#8799=CARTESIAN_POINT('',(-6.04,-0.5,-3.23));
#8800=CARTESIAN_POINT('',(-6.04,-0.5,-3.23));
#8801=VECTOR('',#11553,0.5);
#8802=CARTESIAN_POINT('',(-5.89,-0.5,-3.38));
#8803=CARTESIAN_POINT('',(-5.89,-0.5,-3.38));
#8804=VECTOR('',#11554,0.212132034356);
#8805=CARTESIAN_POINT('',(-5.89,-0.5,-4.4));
#8806=CARTESIAN_POINT('',(-5.89,-0.5,-4.4));
#8807=VECTOR('',#11555,1.02);
#8808=CARTESIAN_POINT('',(-6.87,-0.5,-4.4));
#8809=CARTESIAN_POINT('',(-5.89,-0.5,-4.4));
#8810=VECTOR('',#11556,0.98);
#8811=CARTESIAN_POINT('',(-6.87,-0.5,-4.36));
#8812=CARTESIAN_POINT('',(-6.87,-0.5,-4.4));
#8813=VECTOR('',#11557,0.04);
#8814=CARTESIAN_POINT('',(-6.34,-0.5,-4.36));
#8815=CARTESIAN_POINT('',(-6.87,-0.5,-4.36));
#8816=VECTOR('',#11558,0.53);
#8817=CARTESIAN_POINT('',(-5.92,-0.5,-3.94));
#8818=CARTESIAN_POINT('',(-6.34,-0.5,-4.36));
#8819=VECTOR('',#11559,0.5939696961967);
#8820=CARTESIAN_POINT('',(-5.92,-0.5,-3.54));
#8821=CARTESIAN_POINT('',(-5.92,-0.5,-3.94));
#8822=VECTOR('',#11560,0.4);
#8823=CARTESIAN_POINT('',(-6.171,-0.5,-3.289));
#8824=CARTESIAN_POINT('',(-5.92,-0.5,-3.54));
#8825=VECTOR('',#11561,0.3549676041556);
#8826=CARTESIAN_POINT('',(-6.171,-0.5,-2.689));
#8827=CARTESIAN_POINT('',(-6.171,-0.5,-3.289));
#8828=VECTOR('',#11562,0.6);
#8829=CARTESIAN_POINT('',(-6.171,-0.5,-2.689));
#8830=VECTOR('',#11563,1.217496507651);
#8831=CARTESIAN_POINT('',(6.171,-0.5,-2.689));
#8832=CARTESIAN_POINT('',(5.959583950131,-0.5,-1.49));
#8833=VECTOR('',#11564,1.217496507651);
#8834=CARTESIAN_POINT('',(6.171,-0.5,-3.289));
#8835=CARTESIAN_POINT('',(6.171,-0.5,-2.689));
#8836=VECTOR('',#11565,0.6);
#8837=CARTESIAN_POINT('',(5.92,-0.5,-3.54));
#8838=CARTESIAN_POINT('',(6.171,-0.5,-3.289));
#8839=VECTOR('',#11566,0.3549676041556);
#8840=CARTESIAN_POINT('',(5.92,-0.5,-3.94));
#8841=CARTESIAN_POINT('',(5.92,-0.5,-3.54));
#8842=VECTOR('',#11567,0.4);
#8843=CARTESIAN_POINT('',(6.34,-0.5,-4.36));
#8844=CARTESIAN_POINT('',(5.92,-0.5,-3.94));
#8845=VECTOR('',#11568,0.5939696961967);
#8846=CARTESIAN_POINT('',(6.87,-0.5,-4.36));
#8847=VECTOR('',#11569,0.53);
#8848=CARTESIAN_POINT('',(5.89,-0.5,-4.4));
#8849=CARTESIAN_POINT('',(6.87,-0.5,-4.4));
#8850=VECTOR('',#11570,0.98);
#8851=CARTESIAN_POINT('',(5.89,-0.5,-3.38));
#8852=CARTESIAN_POINT('',(5.89,-0.5,-3.38));
#8853=VECTOR('',#11571,1.02);
#8854=CARTESIAN_POINT('',(6.04,-0.5,-3.23));
#8855=CARTESIAN_POINT('',(6.04,-0.5,-3.23));
#8856=VECTOR('',#11572,0.212132034356);
#8857=CARTESIAN_POINT('',(6.04,-0.5,-2.73));
#8858=CARTESIAN_POINT('',(6.04,-0.5,-2.73));
#8859=VECTOR('',#11573,0.5);
#8860=CARTESIAN_POINT('',(5.89,-0.5,-2.569986624807));
#8861=CARTESIAN_POINT('',(5.89,-0.5,-2.569986624807));
#8862=VECTOR('',#11574,0.2193268798866);
#8863=CARTESIAN_POINT('',(5.89,-0.5,-1.49));
#8864=VECTOR('',#11575,1.079986624807);
#8865=CARTESIAN_POINT('',(-6.171,0.49,-2.689));
#8866=CARTESIAN_POINT('',(-6.171,0.49,-2.689));
#8867=VECTOR('',#11576,0.99);
#8868=CARTESIAN_POINT('',(-5.952530870902,0.49,-1.45));
#8869=VECTOR('',#11577,1.258113572126);
#8870=CARTESIAN_POINT('',(-6.87,0.49,-2.849));
#8871=CARTESIAN_POINT('',(-6.87,0.49,-1.45));
#8872=VECTOR('',#11578,1.399);
#8873=CARTESIAN_POINT('',(-6.171,0.49,-2.849));
#8874=CARTESIAN_POINT('',(-6.171,0.49,-2.689));
#8875=VECTOR('',#11579,0.16);
#8876=CARTESIAN_POINT('',(-6.171,0.49,-2.849));
#8877=VECTOR('',#11580,0.699);
#8878=CARTESIAN_POINT('',(6.171,0.49,-2.849));
#8879=CARTESIAN_POINT('',(6.171,0.49,-2.689));
#8880=CARTESIAN_POINT('',(6.171,0.49,-2.849));
#8881=VECTOR('',#11581,0.16);
#8882=CARTESIAN_POINT('',(6.171,0.49,-2.689));
#8883=VECTOR('',#11582,1.258113572126);
#8884=CARTESIAN_POINT('',(6.87,0.49,-2.849));
#8885=VECTOR('',#11583,0.699);
#8886=CARTESIAN_POINT('',(-6.171,0.3298530969229,-3.289));
#8887=CARTESIAN_POINT('',(-6.171,0.3298530969229,-3.289));
#8888=VECTOR('',#11584,0.4682382198894);
#8889=CARTESIAN_POINT('',(-5.92,0.2384965681221,-3.54));
#8890=CARTESIAN_POINT('',(-5.92,0.2384965681221,-3.54));
#8891=VECTOR('',#11585,0.3665351488664);
#8892=CARTESIAN_POINT('',(-5.92,0.09290847441557,-3.94));
#8893=CARTESIAN_POINT('',(-5.92,0.09290847441557,-3.94));
#8894=VECTOR('',#11586,0.4256711089904);
#8895=CARTESIAN_POINT('',(-6.34,-0.05995902397623,-4.36));
#8896=CARTESIAN_POINT('',(-6.34,-0.05995902397623,-4.36));
#8897=VECTOR('',#11587,0.6133257471072);
#8898=CARTESIAN_POINT('',(-6.87,-0.05995902397623,-4.36));
#8899=CARTESIAN_POINT('',(-6.34,-0.05995902397623,-4.36));
#8900=VECTOR('',#11588,0.53);
#8901=CARTESIAN_POINT('',(-6.87,0.49,-2.849));
#8902=VECTOR('',#11589,1.607972614211);
#8903=CARTESIAN_POINT('',(-6.87,-0.05995902397623,-4.36));
#8904=VECTOR('',#11590,0.4400409760238);
#8905=CARTESIAN_POINT('',(-6.87,-0.83,-4.4));
#8906=CARTESIAN_POINT('',(-6.87,-0.5,-4.4));
#8907=VECTOR('',#11591,0.33);
#8908=CARTESIAN_POINT('',(-6.87,-0.83,-1.6));
#8909=CARTESIAN_POINT('',(-6.87,-0.83,-4.4));
#8910=VECTOR('',#11592,2.8);
#8911=CARTESIAN_POINT('',(-6.87,-0.83,-1.49));
#8912=VECTOR('',#11593,0.11);
#8913=CARTESIAN_POINT('',(-6.87,0.83,-1.49));
#8914=CARTESIAN_POINT('',(-6.87,0.83,-4.4));
#8915=CARTESIAN_POINT('',(-6.87,0.83,-1.49));
#8916=VECTOR('',#11594,2.91);
#8917=CARTESIAN_POINT('',(-6.87,0.5,-4.4));
#8918=CARTESIAN_POINT('',(-6.87,0.83,-4.4));
#8919=VECTOR('',#11595,0.33);
#8920=CARTESIAN_POINT('',(-6.87,0.5,-1.49));
#8921=CARTESIAN_POINT('',(-6.87,0.5,-4.4));
#8922=VECTOR('',#11596,2.91);
#8923=CARTESIAN_POINT('',(-6.87,0.83,-1.49));
#8924=VECTOR('',#11597,0.33);
#8925=CARTESIAN_POINT('',(5.15,-0.83,-4.4));
#8926=CARTESIAN_POINT('',(5.15,-0.83,-4.4));
#8927=VECTOR('',#11598,2.91);
#8928=CARTESIAN_POINT('',(5.3,-0.83,-4.25));
#8929=CARTESIAN_POINT('',(5.15,-0.83,-4.4));
#8930=VECTOR('',#11599,0.212132034356);
#8931=CARTESIAN_POINT('',(5.3,-0.83,-2.55));
#8932=CARTESIAN_POINT('',(5.3,-0.83,-4.25));
#8933=VECTOR('',#11600,1.7);
#8934=CARTESIAN_POINT('',(5.68,-0.83,-2.55));
#8935=CARTESIAN_POINT('',(5.3,-0.83,-2.55));
#8936=VECTOR('',#11601,0.38);
#8937=CARTESIAN_POINT('',(5.68,-0.83,-2.6));
#8938=CARTESIAN_POINT('',(5.68,-0.83,-2.55));
#8939=VECTOR('',#11602,0.05);
#8940=CARTESIAN_POINT('',(5.715,-0.83,-2.6));
#8941=CARTESIAN_POINT('',(5.68,-0.83,-2.6));
#8942=VECTOR('',#11603,0.035);
#8943=CARTESIAN_POINT('',(5.765,-0.83,-2.55));
#8944=AXIS2_PLACEMENT_3D('',#11604,#11605,#11606);
#8945=CARTESIAN_POINT('',(5.765,-0.83,-1.65));
#8946=CARTESIAN_POINT('',(5.765,-0.83,-1.65));
#8947=VECTOR('',#11607,0.9);
#8948=CARTESIAN_POINT('',(5.815,-0.83,-1.6));
#8949=AXIS2_PLACEMENT_3D('',#11608,#11609,#11610);
#8950=CARTESIAN_POINT('',(6.87,-0.83,-1.6));
#8951=VECTOR('',#11611,1.055);
#8952=CARTESIAN_POINT('',(-5.765,-0.83,-2.55));
#8953=CARTESIAN_POINT('',(-5.715,-0.83,-2.6));
#8954=AXIS2_PLACEMENT_3D('',#11612,#11613,#11614);
#8955=CARTESIAN_POINT('',(-5.68,-0.83,-2.6));
#8956=CARTESIAN_POINT('',(-5.715,-0.83,-2.6));
#8957=VECTOR('',#11615,0.035);
#8958=CARTESIAN_POINT('',(-5.68,-0.83,-2.55));
#8959=CARTESIAN_POINT('',(-5.68,-0.83,-2.6));
#8960=VECTOR('',#11616,0.05);
#8961=CARTESIAN_POINT('',(-5.3,-0.83,-2.55));
#8962=CARTESIAN_POINT('',(-5.68,-0.83,-2.55));
#8963=VECTOR('',#11617,0.38);
#8964=CARTESIAN_POINT('',(-5.3,-0.83,-4.25));
#8965=CARTESIAN_POINT('',(-5.3,-0.83,-4.25));
#8966=VECTOR('',#11618,1.7);
#8967=CARTESIAN_POINT('',(-5.15,-0.83,-4.4));
#8968=CARTESIAN_POINT('',(-5.3,-0.83,-4.25));
#8969=VECTOR('',#11619,0.212132034356);
#8970=CARTESIAN_POINT('',(-5.15,-0.83,-4.4));
#8971=VECTOR('',#11620,2.91);
#8972=CARTESIAN_POINT('',(-5.815,-0.83,-1.6));
#8973=CARTESIAN_POINT('',(-6.87,-0.83,-1.6));
#8974=VECTOR('',#11621,1.055);
#8975=CARTESIAN_POINT('',(-5.765,-0.83,-1.65));
#8976=AXIS2_PLACEMENT_3D('',#11622,#11623,#11624);
#8977=CARTESIAN_POINT('',(-5.765,-0.83,-2.55));
#8978=VECTOR('',#11625,0.9);
#8979=CARTESIAN_POINT('',(6.965,-0.83,-1.6));
#8980=CARTESIAN_POINT('',(6.965,-0.83,-1.6));
#8981=VECTOR('',#11626,0.095);
#8982=CARTESIAN_POINT('',(5.815,-1.03,-1.6));
#8983=CARTESIAN_POINT('',(5.815,-1.03,-1.6));
#8984=VECTOR('',#11627,0.2);
#8985=CARTESIAN_POINT('',(6.965,-1.03,-1.6));
#8986=CARTESIAN_POINT('',(6.965,-1.03,-1.6));
#8987=VECTOR('',#11628,1.15);
#8988=CARTESIAN_POINT('',(6.965,-1.03,-1.6));
#8989=VECTOR('',#11629,0.2);
#8990=CARTESIAN_POINT('',(7.065,-1.03,-1.7));
#8991=AXIS2_PLACEMENT_3D('',#11630,#11631,#11632);
#8992=CARTESIAN_POINT('',(7.065,-0.83,-1.7));
#8993=CARTESIAN_POINT('',(7.065,-1.03,-1.7));
#8994=VECTOR('',#11633,0.2);
#8995=AXIS2_PLACEMENT_3D('',#11634,#11635,#11636);
#8996=CARTESIAN_POINT('',(5.666,-0.83,-4.4));
#8997=CARTESIAN_POINT('',(5.666,-0.83,-2.6));
#8998=CARTESIAN_POINT('',(5.666,-0.83,-4.4));
#8999=VECTOR('',#11637,1.8);
#9000=CARTESIAN_POINT('',(5.666,-0.83,-2.6));
#9001=VECTOR('',#11638,0.014);
#9002=CARTESIAN_POINT('',(5.68,-0.83,-4.4));
#9003=CARTESIAN_POINT('',(5.68,-0.83,-4.4));
#9004=VECTOR('',#11639,1.8);
#9005=CARTESIAN_POINT('',(5.666,-0.83,-4.4));
#9006=VECTOR('',#11640,0.014);
#9007=CARTESIAN_POINT('',(-5.68,-0.83,-4.4));
#9008=CARTESIAN_POINT('',(-5.68,-0.83,-4.4));
#9009=VECTOR('',#11641,1.8);
#9010=CARTESIAN_POINT('',(-5.666,-0.83,-2.6));
#9011=CARTESIAN_POINT('',(-5.68,-0.83,-2.6));
#9012=VECTOR('',#11642,0.014);
#9013=CARTESIAN_POINT('',(-5.666,-0.83,-4.4));
#9014=CARTESIAN_POINT('',(-5.666,-0.83,-4.4));
#9015=VECTOR('',#11643,1.8);
#9016=CARTESIAN_POINT('',(-5.68,-0.83,-4.4));
#9017=VECTOR('',#11644,0.014);
#9018=CARTESIAN_POINT('',(-6.965,-0.83,-1.6));
#9019=CARTESIAN_POINT('',(-6.87,-0.83,-1.6));
#9020=VECTOR('',#11645,0.095);
#9021=CARTESIAN_POINT('',(-6.965,-0.83,-4.4));
#9022=CARTESIAN_POINT('',(-6.965,-0.83,-4.4));
#9023=VECTOR('',#11646,0.095);
#9024=CARTESIAN_POINT('',(-7.065,-0.83,-4.3));
#9025=AXIS2_PLACEMENT_3D('',#11647,#11648,#11649);
#9026=CARTESIAN_POINT('',(-7.065,-0.83,-2.7));
#9027=CARTESIAN_POINT('',(-7.065,-0.83,-4.3));
#9028=VECTOR('',#11650,1.6);
#9029=CARTESIAN_POINT('',(-6.915,-0.83,-2.55));
#9030=CARTESIAN_POINT('',(-7.065,-0.83,-2.7));
#9031=VECTOR('',#11651,0.212132034356);
#9032=CARTESIAN_POINT('',(-6.915,-0.83,-2.15));
#9033=CARTESIAN_POINT('',(-6.915,-0.83,-2.55));
#9034=VECTOR('',#11652,0.4);
#9035=CARTESIAN_POINT('',(-7.065,-0.83,-2.0));
#9036=CARTESIAN_POINT('',(-6.915,-0.83,-2.15));
#9037=VECTOR('',#11653,0.212132034356);
#9038=CARTESIAN_POINT('',(-7.065,-0.83,-1.7));
#9039=CARTESIAN_POINT('',(-7.065,-0.83,-2.0));
#9040=VECTOR('',#11654,0.3);
#9041=AXIS2_PLACEMENT_3D('',#11655,#11656,#11657);
#9042=CARTESIAN_POINT('',(6.965,-0.83,-4.4));
#9043=CARTESIAN_POINT('',(6.87,-0.83,-4.4));
#9044=VECTOR('',#11658,0.095);
#9045=CARTESIAN_POINT('',(7.065,-0.83,-2.0));
#9046=CARTESIAN_POINT('',(7.065,-0.83,-1.7));
#9047=VECTOR('',#11659,0.3);
#9048=CARTESIAN_POINT('',(6.915,-0.83,-2.15));
#9049=CARTESIAN_POINT('',(7.065,-0.83,-2.0));
#9050=VECTOR('',#11660,0.212132034356);
#9051=CARTESIAN_POINT('',(6.915,-0.83,-2.55));
#9052=CARTESIAN_POINT('',(6.915,-0.83,-2.15));
#9053=VECTOR('',#11661,0.4);
#9054=CARTESIAN_POINT('',(7.065,-0.83,-2.7));
#9055=CARTESIAN_POINT('',(6.915,-0.83,-2.55));
#9056=VECTOR('',#11662,0.212132034356);
#9057=CARTESIAN_POINT('',(7.065,-0.83,-4.3));
#9058=CARTESIAN_POINT('',(7.065,-0.83,-2.7));
#9059=VECTOR('',#11663,1.6);
#9060=AXIS2_PLACEMENT_3D('',#11664,#11665,#11666);
#9061=CARTESIAN_POINT('',(5.15,-1.0,-4.4));
#9062=CARTESIAN_POINT('',(5.15,-0.83,-4.4));
#9063=VECTOR('',#11667,0.17);
#9064=CARTESIAN_POINT('',(-5.15,-1.0,-4.4));
#9065=CARTESIAN_POINT('',(5.15,-1.0,-4.4));
#9066=VECTOR('',#11668,10.3);
#9067=CARTESIAN_POINT('',(-5.15,-1.0,-4.4));
#9068=VECTOR('',#11669,0.17);
#9069=CARTESIAN_POINT('',(-5.15,1.0,-4.4));
#9070=CARTESIAN_POINT('',(-5.15,-0.83,-4.4));
#9071=VECTOR('',#11670,1.83);
#9072=CARTESIAN_POINT('',(5.15,1.0,-4.4));
#9073=CARTESIAN_POINT('',(5.15,1.0,-4.4));
#9074=VECTOR('',#11671,10.3);
#9075=CARTESIAN_POINT('',(5.15,1.0,-4.4));
#9076=VECTOR('',#11672,1.83);
#9077=CARTESIAN_POINT('',(-4.65,-0.85,-4.4));
#9078=CARTESIAN_POINT('',(-4.85,-0.85,-4.4));
#9079=CARTESIAN_POINT('',(-4.65,-0.85,-4.4));
#9080=VECTOR('',#11673,0.2);
#9081=CARTESIAN_POINT('',(-4.65,-0.42,-4.4));
#9082=CARTESIAN_POINT('',(-4.65,-0.85,-4.4));
#9083=VECTOR('',#11674,0.43);
#9084=CARTESIAN_POINT('',(-4.85,-0.42,-4.4));
#9085=CARTESIAN_POINT('',(-4.65,-0.42,-4.4));
#9086=VECTOR('',#11675,0.2);
#9087=CARTESIAN_POINT('',(-4.85,-0.85,-4.4));
#9088=VECTOR('',#11676,0.43);
#9089=CARTESIAN_POINT('',(-4.15,-0.85,-4.4));
#9090=CARTESIAN_POINT('',(-4.35,-0.85,-4.4));
#9091=CARTESIAN_POINT('',(-4.15,-0.85,-4.4));
#9092=VECTOR('',#11677,0.2);
#9093=CARTESIAN_POINT('',(-4.15,-0.42,-4.4));
#9094=CARTESIAN_POINT('',(-4.15,-0.85,-4.4));
#9095=VECTOR('',#11678,0.43);
#9096=CARTESIAN_POINT('',(-4.35,-0.42,-4.4));
#9097=CARTESIAN_POINT('',(-4.15,-0.42,-4.4));
#9098=VECTOR('',#11679,0.2);
#9099=CARTESIAN_POINT('',(-4.35,-0.85,-4.4));
#9100=VECTOR('',#11680,0.43);
#9101=CARTESIAN_POINT('',(-3.65,-0.85,-4.4));
#9102=CARTESIAN_POINT('',(-3.85,-0.85,-4.4));
#9103=CARTESIAN_POINT('',(-3.65,-0.85,-4.4));
#9104=VECTOR('',#11681,0.2);
#9105=CARTESIAN_POINT('',(-3.65,-0.42,-4.4));
#9106=CARTESIAN_POINT('',(-3.65,-0.85,-4.4));
#9107=VECTOR('',#11682,0.43);
#9108=CARTESIAN_POINT('',(-3.85,-0.42,-4.4));
#9109=CARTESIAN_POINT('',(-3.65,-0.42,-4.4));
#9110=VECTOR('',#11683,0.2);
#9111=CARTESIAN_POINT('',(-3.85,-0.85,-4.4));
#9112=VECTOR('',#11684,0.43);
#9113=CARTESIAN_POINT('',(-3.15,-0.85,-4.4));
#9114=CARTESIAN_POINT('',(-3.35,-0.85,-4.4));
#9115=CARTESIAN_POINT('',(-3.15,-0.85,-4.4));
#9116=VECTOR('',#11685,0.2);
#9117=CARTESIAN_POINT('',(-3.15,-0.42,-4.4));
#9118=CARTESIAN_POINT('',(-3.15,-0.85,-4.4));
#9119=VECTOR('',#11686,0.43);
#9120=CARTESIAN_POINT('',(-3.35,-0.42,-4.4));
#9121=CARTESIAN_POINT('',(-3.15,-0.42,-4.4));
#9122=VECTOR('',#11687,0.2);
#9123=CARTESIAN_POINT('',(-3.35,-0.85,-4.4));
#9124=VECTOR('',#11688,0.43);
#9125=CARTESIAN_POINT('',(-2.65,-0.85,-4.4));
#9126=CARTESIAN_POINT('',(-2.85,-0.85,-4.4));
#9127=CARTESIAN_POINT('',(-2.65,-0.85,-4.4));
#9128=VECTOR('',#11689,0.2);
#9129=CARTESIAN_POINT('',(-2.65,-0.42,-4.4));
#9130=CARTESIAN_POINT('',(-2.65,-0.85,-4.4));
#9131=VECTOR('',#11690,0.43);
#9132=CARTESIAN_POINT('',(-2.85,-0.42,-4.4));
#9133=CARTESIAN_POINT('',(-2.65,-0.42,-4.4));
#9134=VECTOR('',#11691,0.2);
#9135=CARTESIAN_POINT('',(-2.85,-0.85,-4.4));
#9136=VECTOR('',#11692,0.43);
#9137=CARTESIAN_POINT('',(-2.15,-0.85,-4.4));
#9138=CARTESIAN_POINT('',(-2.35,-0.85,-4.4));
#9139=CARTESIAN_POINT('',(-2.15,-0.85,-4.4));
#9140=VECTOR('',#11693,0.2);
#9141=CARTESIAN_POINT('',(-2.15,-0.42,-4.4));
#9142=CARTESIAN_POINT('',(-2.15,-0.85,-4.4));
#9143=VECTOR('',#11694,0.43);
#9144=CARTESIAN_POINT('',(-2.35,-0.42,-4.4));
#9145=CARTESIAN_POINT('',(-2.15,-0.42,-4.4));
#9146=VECTOR('',#11695,0.2);
#9147=CARTESIAN_POINT('',(-2.35,-0.85,-4.4));
#9148=VECTOR('',#11696,0.43);
#9149=CARTESIAN_POINT('',(-1.65,-0.85,-4.4));
#9150=CARTESIAN_POINT('',(-1.85,-0.85,-4.4));
#9151=CARTESIAN_POINT('',(-1.65,-0.85,-4.4));
#9152=VECTOR('',#11697,0.2);
#9153=CARTESIAN_POINT('',(-1.65,-0.42,-4.4));
#9154=CARTESIAN_POINT('',(-1.65,-0.85,-4.4));
#9155=VECTOR('',#11698,0.43);
#9156=CARTESIAN_POINT('',(-1.85,-0.42,-4.4));
#9157=CARTESIAN_POINT('',(-1.65,-0.42,-4.4));
#9158=VECTOR('',#11699,0.2);
#9159=CARTESIAN_POINT('',(-1.85,-0.85,-4.4));
#9160=VECTOR('',#11700,0.43);
#9161=CARTESIAN_POINT('',(-1.15,-0.85,-4.4));
#9162=CARTESIAN_POINT('',(-1.35,-0.85,-4.4));
#9163=CARTESIAN_POINT('',(-1.15,-0.85,-4.4));
#9164=VECTOR('',#11701,0.2);
#9165=CARTESIAN_POINT('',(-1.15,-0.42,-4.4));
#9166=CARTESIAN_POINT('',(-1.15,-0.85,-4.4));
#9167=VECTOR('',#11702,0.43);
#9168=CARTESIAN_POINT('',(-1.35,-0.42,-4.4));
#9169=CARTESIAN_POINT('',(-1.15,-0.42,-4.4));
#9170=VECTOR('',#11703,0.2);
#9171=CARTESIAN_POINT('',(-1.35,-0.85,-4.4));
#9172=VECTOR('',#11704,0.43);
#9173=CARTESIAN_POINT('',(-0.65,-0.85,-4.4));
#9174=CARTESIAN_POINT('',(-0.85,-0.85,-4.4));
#9175=CARTESIAN_POINT('',(-0.65,-0.85,-4.4));
#9176=VECTOR('',#11705,0.2);
#9177=CARTESIAN_POINT('',(-0.65,-0.42,-4.4));
#9178=CARTESIAN_POINT('',(-0.65,-0.85,-4.4));
#9179=VECTOR('',#11706,0.43);
#9180=CARTESIAN_POINT('',(-0.85,-0.42,-4.4));
#9181=CARTESIAN_POINT('',(-0.65,-0.42,-4.4));
#9182=VECTOR('',#11707,0.2);
#9183=CARTESIAN_POINT('',(-0.85,-0.85,-4.4));
#9184=VECTOR('',#11708,0.43);
#9185=CARTESIAN_POINT('',(-0.15,-0.85,-4.4));
#9186=CARTESIAN_POINT('',(-0.35,-0.85,-4.4));
#9187=CARTESIAN_POINT('',(-0.15,-0.85,-4.4));
#9188=VECTOR('',#11709,0.2);
#9189=CARTESIAN_POINT('',(-0.15,-0.42,-4.4));
#9190=CARTESIAN_POINT('',(-0.15,-0.85,-4.4));
#9191=VECTOR('',#11710,0.43);
#9192=CARTESIAN_POINT('',(-0.35,-0.42,-4.4));
#9193=CARTESIAN_POINT('',(-0.15,-0.42,-4.4));
#9194=VECTOR('',#11711,0.2);
#9195=CARTESIAN_POINT('',(-0.35,-0.85,-4.4));
#9196=VECTOR('',#11712,0.43);
#9197=CARTESIAN_POINT('',(0.35,-0.85,-4.4));
#9198=CARTESIAN_POINT('',(0.15,-0.85,-4.4));
#9199=CARTESIAN_POINT('',(0.35,-0.85,-4.4));
#9200=VECTOR('',#11713,0.2);
#9201=CARTESIAN_POINT('',(0.35,-0.42,-4.4));
#9202=CARTESIAN_POINT('',(0.35,-0.85,-4.4));
#9203=VECTOR('',#11714,0.43);
#9204=CARTESIAN_POINT('',(0.15,-0.42,-4.4));
#9205=CARTESIAN_POINT('',(0.35,-0.42,-4.4));
#9206=VECTOR('',#11715,0.2);
#9207=CARTESIAN_POINT('',(0.15,-0.85,-4.4));
#9208=VECTOR('',#11716,0.43);
#9209=CARTESIAN_POINT('',(0.85,-0.85,-4.4));
#9210=CARTESIAN_POINT('',(0.65,-0.85,-4.4));
#9211=CARTESIAN_POINT('',(0.85,-0.85,-4.4));
#9212=VECTOR('',#11717,0.2);
#9213=CARTESIAN_POINT('',(0.85,-0.42,-4.4));
#9214=CARTESIAN_POINT('',(0.85,-0.85,-4.4));
#9215=VECTOR('',#11718,0.43);
#9216=CARTESIAN_POINT('',(0.65,-0.42,-4.4));
#9217=CARTESIAN_POINT('',(0.85,-0.42,-4.4));
#9218=VECTOR('',#11719,0.2);
#9219=CARTESIAN_POINT('',(0.65,-0.85,-4.4));
#9220=VECTOR('',#11720,0.43);
#9221=CARTESIAN_POINT('',(1.35,-0.85,-4.4));
#9222=CARTESIAN_POINT('',(1.15,-0.85,-4.4));
#9223=CARTESIAN_POINT('',(1.35,-0.85,-4.4));
#9224=VECTOR('',#11721,0.2);
#9225=CARTESIAN_POINT('',(1.35,-0.42,-4.4));
#9226=CARTESIAN_POINT('',(1.35,-0.85,-4.4));
#9227=VECTOR('',#11722,0.43);
#9228=CARTESIAN_POINT('',(1.15,-0.42,-4.4));
#9229=CARTESIAN_POINT('',(1.35,-0.42,-4.4));
#9230=VECTOR('',#11723,0.2);
#9231=CARTESIAN_POINT('',(1.15,-0.85,-4.4));
#9232=VECTOR('',#11724,0.43);
#9233=CARTESIAN_POINT('',(1.85,-0.85,-4.4));
#9234=CARTESIAN_POINT('',(1.65,-0.85,-4.4));
#9235=CARTESIAN_POINT('',(1.85,-0.85,-4.4));
#9236=VECTOR('',#11725,0.2);
#9237=CARTESIAN_POINT('',(1.85,-0.42,-4.4));
#9238=CARTESIAN_POINT('',(1.85,-0.85,-4.4));
#9239=VECTOR('',#11726,0.43);
#9240=CARTESIAN_POINT('',(1.65,-0.42,-4.4));
#9241=CARTESIAN_POINT('',(1.85,-0.42,-4.4));
#9242=VECTOR('',#11727,0.2);
#9243=CARTESIAN_POINT('',(1.65,-0.85,-4.4));
#9244=VECTOR('',#11728,0.43);
#9245=CARTESIAN_POINT('',(2.35,-0.85,-4.4));
#9246=CARTESIAN_POINT('',(2.15,-0.85,-4.4));
#9247=CARTESIAN_POINT('',(2.35,-0.85,-4.4));
#9248=VECTOR('',#11729,0.2);
#9249=CARTESIAN_POINT('',(2.35,-0.42,-4.4));
#9250=CARTESIAN_POINT('',(2.35,-0.85,-4.4));
#9251=VECTOR('',#11730,0.43);
#9252=CARTESIAN_POINT('',(2.15,-0.42,-4.4));
#9253=CARTESIAN_POINT('',(2.35,-0.42,-4.4));
#9254=VECTOR('',#11731,0.2);
#9255=CARTESIAN_POINT('',(2.15,-0.85,-4.4));
#9256=VECTOR('',#11732,0.43);
#9257=CARTESIAN_POINT('',(2.85,-0.85,-4.4));
#9258=CARTESIAN_POINT('',(2.65,-0.85,-4.4));
#9259=CARTESIAN_POINT('',(2.85,-0.85,-4.4));
#9260=VECTOR('',#11733,0.2);
#9261=CARTESIAN_POINT('',(2.85,-0.42,-4.4));
#9262=CARTESIAN_POINT('',(2.85,-0.85,-4.4));
#9263=VECTOR('',#11734,0.43);
#9264=CARTESIAN_POINT('',(2.65,-0.42,-4.4));
#9265=CARTESIAN_POINT('',(2.85,-0.42,-4.4));
#9266=VECTOR('',#11735,0.2);
#9267=CARTESIAN_POINT('',(2.65,-0.85,-4.4));
#9268=VECTOR('',#11736,0.43);
#9269=CARTESIAN_POINT('',(3.35,-0.85,-4.4));
#9270=CARTESIAN_POINT('',(3.15,-0.85,-4.4));
#9271=CARTESIAN_POINT('',(3.35,-0.85,-4.4));
#9272=VECTOR('',#11737,0.2);
#9273=CARTESIAN_POINT('',(3.35,-0.42,-4.4));
#9274=CARTESIAN_POINT('',(3.35,-0.85,-4.4));
#9275=VECTOR('',#11738,0.43);
#9276=CARTESIAN_POINT('',(3.15,-0.42,-4.4));
#9277=CARTESIAN_POINT('',(3.35,-0.42,-4.4));
#9278=VECTOR('',#11739,0.2);
#9279=CARTESIAN_POINT('',(3.15,-0.85,-4.4));
#9280=VECTOR('',#11740,0.43);
#9281=CARTESIAN_POINT('',(3.85,-0.85,-4.4));
#9282=CARTESIAN_POINT('',(3.65,-0.85,-4.4));
#9283=CARTESIAN_POINT('',(3.85,-0.85,-4.4));
#9284=VECTOR('',#11741,0.2);
#9285=CARTESIAN_POINT('',(3.85,-0.42,-4.4));
#9286=CARTESIAN_POINT('',(3.85,-0.85,-4.4));
#9287=VECTOR('',#11742,0.43);
#9288=CARTESIAN_POINT('',(3.65,-0.42,-4.4));
#9289=CARTESIAN_POINT('',(3.85,-0.42,-4.4));
#9290=VECTOR('',#11743,0.2);
#9291=CARTESIAN_POINT('',(3.65,-0.85,-4.4));
#9292=VECTOR('',#11744,0.43);
#9293=CARTESIAN_POINT('',(4.35,-0.85,-4.4));
#9294=CARTESIAN_POINT('',(4.15,-0.85,-4.4));
#9295=CARTESIAN_POINT('',(4.35,-0.85,-4.4));
#9296=VECTOR('',#11745,0.2);
#9297=CARTESIAN_POINT('',(4.35,-0.42,-4.4));
#9298=CARTESIAN_POINT('',(4.35,-0.85,-4.4));
#9299=VECTOR('',#11746,0.43);
#9300=CARTESIAN_POINT('',(4.15,-0.42,-4.4));
#9301=CARTESIAN_POINT('',(4.35,-0.42,-4.4));
#9302=VECTOR('',#11747,0.2);
#9303=CARTESIAN_POINT('',(4.15,-0.85,-4.4));
#9304=VECTOR('',#11748,0.43);
#9305=CARTESIAN_POINT('',(4.85,-0.85,-4.4));
#9306=CARTESIAN_POINT('',(4.65,-0.85,-4.4));
#9307=CARTESIAN_POINT('',(4.85,-0.85,-4.4));
#9308=VECTOR('',#11749,0.2);
#9309=CARTESIAN_POINT('',(4.85,-0.42,-4.4));
#9310=CARTESIAN_POINT('',(4.85,-0.85,-4.4));
#9311=VECTOR('',#11750,0.43);
#9312=CARTESIAN_POINT('',(4.65,-0.42,-4.4));
#9313=CARTESIAN_POINT('',(4.85,-0.42,-4.4));
#9314=VECTOR('',#11751,0.2);
#9315=CARTESIAN_POINT('',(4.65,-0.85,-4.4));
#9316=VECTOR('',#11752,0.43);
#9317=CARTESIAN_POINT('',(-5.89,0.5,-4.4));
#9318=CARTESIAN_POINT('',(-5.89,0.5,-4.4));
#9319=VECTOR('',#11753,1.0);
#9320=CARTESIAN_POINT('',(-5.89,0.5,-4.4));
#9321=VECTOR('',#11754,0.98);
#9322=CARTESIAN_POINT('',(-5.68,0.83,-4.4));
#9323=CARTESIAN_POINT('',(-5.68,0.83,-4.4));
#9324=VECTOR('',#11755,1.19);
#9325=CARTESIAN_POINT('',(-5.68,0.83,-4.4));
#9326=VECTOR('',#11756,1.66);
#9327=CARTESIAN_POINT('',(-5.515,-0.679,-4.4));
#9328=AXIS2_PLACEMENT_3D('',#11757,#11758,#11759);
#9329=CARTESIAN_POINT('',(-5.515,-0.28,-4.4));
#9330=CARTESIAN_POINT('',(-5.515,-0.679,-4.4));
#9331=VECTOR('',#11760,0.399);
#9332=CARTESIAN_POINT('',(-5.315,-0.28,-4.4));
#9333=CARTESIAN_POINT('',(-5.515,-0.28,-4.4));
#9334=VECTOR('',#11761,0.2);
#9335=CARTESIAN_POINT('',(-5.315,-0.679,-4.4));
#9336=CARTESIAN_POINT('',(-5.315,-0.28,-4.4));
#9337=VECTOR('',#11762,0.399);
#9338=CARTESIAN_POINT('',(-5.666,-1.03,-4.4));
#9339=AXIS2_PLACEMENT_3D('',#11763,#11764,#11765);
#9340=CARTESIAN_POINT('',(-6.965,-1.03,-4.4));
#9341=CARTESIAN_POINT('',(-5.666,-1.03,-4.4));
#9342=VECTOR('',#11766,1.299);
#9343=CARTESIAN_POINT('',(-6.965,-1.03,-4.4));
#9344=VECTOR('',#11767,0.2);
#9345=CARTESIAN_POINT('',(6.965,-1.03,-4.4));
#9346=CARTESIAN_POINT('',(5.666,-1.03,-4.4));
#9347=CARTESIAN_POINT('',(6.965,-1.03,-4.4));
#9348=VECTOR('',#11768,1.299);
#9349=CARTESIAN_POINT('',(5.315,-0.679,-4.4));
#9350=AXIS2_PLACEMENT_3D('',#11769,#11770,#11771);
#9351=CARTESIAN_POINT('',(5.315,-0.28,-4.4));
#9352=CARTESIAN_POINT('',(5.315,-0.679,-4.4));
#9353=VECTOR('',#11772,0.399);
#9354=CARTESIAN_POINT('',(5.515,-0.28,-4.4));
#9355=CARTESIAN_POINT('',(5.315,-0.28,-4.4));
#9356=VECTOR('',#11773,0.2);
#9357=CARTESIAN_POINT('',(5.515,-0.679,-4.4));
#9358=CARTESIAN_POINT('',(5.515,-0.28,-4.4));
#9359=VECTOR('',#11774,0.399);
#9360=AXIS2_PLACEMENT_3D('',#11775,#11776,#11777);
#9361=CARTESIAN_POINT('',(5.68,0.83,-4.4));
#9362=CARTESIAN_POINT('',(5.68,-0.83,-4.4));
#9363=VECTOR('',#11778,1.66);
#9364=CARTESIAN_POINT('',(6.87,0.83,-4.4));
#9365=VECTOR('',#11779,1.19);
#9366=CARTESIAN_POINT('',(5.89,0.5,-4.4));
#9367=CARTESIAN_POINT('',(6.87,0.5,-4.4));
#9368=VECTOR('',#11780,0.98);
#9369=CARTESIAN_POINT('',(5.89,0.5,-4.4));
#9370=VECTOR('',#11781,1.0);
#9371=CARTESIAN_POINT('',(6.965,-0.83,-4.4));
#9372=VECTOR('',#11782,0.2);
#9373=CARTESIAN_POINT('',(5.3,1.0,-4.25));
#9374=CARTESIAN_POINT('',(5.3,1.0,-4.25));
#9375=VECTOR('',#11783,0.212132034356);
#9376=CARTESIAN_POINT('',(5.3,1.0,-4.25));
#9377=VECTOR('',#11784,1.83);
#9378=CARTESIAN_POINT('',(5.3,0.45,-2.55));
#9379=CARTESIAN_POINT('',(5.3,0.83,-2.55));
#9380=CARTESIAN_POINT('',(5.3,0.45,-2.55));
#9381=VECTOR('',#11785,0.38);
#9382=CARTESIAN_POINT('',(5.3,0.45,-3.39));
#9383=CARTESIAN_POINT('',(5.3,0.45,-2.55));
#9384=VECTOR('',#11786,0.84);
#9385=CARTESIAN_POINT('',(5.3,0.32,-3.39));
#9386=CARTESIAN_POINT('',(5.3,0.45,-3.39));
#9387=VECTOR('',#11787,0.13);
#9388=CARTESIAN_POINT('',(5.3,0.32,-3.6));
#9389=CARTESIAN_POINT('',(5.3,0.32,-3.39));
#9390=VECTOR('',#11788,0.21);
#9391=CARTESIAN_POINT('',(5.3,0.17,-3.75));
#9392=AXIS2_PLACEMENT_3D('',#11789,#11790,#11791);
#9393=CARTESIAN_POINT('',(5.3,-0.13,-3.75));
#9394=CARTESIAN_POINT('',(5.3,0.17,-3.75));
#9395=VECTOR('',#11792,0.3);
#9396=CARTESIAN_POINT('',(5.3,-0.28,-3.6));
#9397=AXIS2_PLACEMENT_3D('',#11793,#11794,#11795);
#9398=CARTESIAN_POINT('',(5.3,-0.28,-2.55));
#9399=CARTESIAN_POINT('',(5.3,-0.28,-2.55));
#9400=VECTOR('',#11796,1.05);
#9401=CARTESIAN_POINT('',(5.3,-0.83,-2.55));
#9402=VECTOR('',#11797,0.55);
#9403=CARTESIAN_POINT('',(5.3,1.0,0.01));
#9404=CARTESIAN_POINT('',(5.3,1.0,0.01));
#9405=VECTOR('',#11798,4.26);
#9406=CARTESIAN_POINT('',(5.3,0.6999913303055,0.01));
#9407=CARTESIAN_POINT('',(5.3,0.6999913303055,0.01));
#9408=VECTOR('',#11799,0.3000086696945);
#9409=CARTESIAN_POINT('',(5.3,0.4566664354748,-1.45));
#9410=CARTESIAN_POINT('',(5.3,0.6999913303055,0.01));
#9411=VECTOR('',#11800,1.480137495115);
#9412=CARTESIAN_POINT('',(5.3,0.5,-1.45));
#9413=CARTESIAN_POINT('',(5.3,0.5,-1.45));
#9414=VECTOR('',#11801,0.04333356452519);
#9415=CARTESIAN_POINT('',(5.3,0.5,-1.49));
#9416=CARTESIAN_POINT('',(5.3,0.5,-1.49));
#9417=VECTOR('',#11802,0.04);
#9418=CARTESIAN_POINT('',(5.3,0.83,-1.49));
#9419=CARTESIAN_POINT('',(5.3,0.83,-1.49));
#9420=VECTOR('',#11803,0.33);
#9421=CARTESIAN_POINT('',(5.3,0.83,-2.55));
#9422=VECTOR('',#11804,1.06);
#9423=CARTESIAN_POINT('',(5.68,0.83,-2.55));
#9424=CARTESIAN_POINT('',(5.68,0.83,-4.4));
#9425=VECTOR('',#11805,1.85);
#9426=CARTESIAN_POINT('',(5.68,0.83,-2.55));
#9427=VECTOR('',#11806,0.38);
#9428=CARTESIAN_POINT('',(6.87,0.83,-1.49));
#9429=VECTOR('',#11807,1.57);
#9430=CARTESIAN_POINT('',(-5.3,0.83,-2.55));
#9431=CARTESIAN_POINT('',(-5.3,0.83,-1.49));
#9432=CARTESIAN_POINT('',(-5.3,0.83,-2.55));
#9433=VECTOR('',#11808,1.06);
#9434=CARTESIAN_POINT('',(-5.68,0.83,-2.55));
#9435=CARTESIAN_POINT('',(-5.3,0.83,-2.55));
#9436=VECTOR('',#11809,0.38);
#9437=CARTESIAN_POINT('',(-5.68,0.83,-2.55));
#9438=VECTOR('',#11810,1.85);
#9439=CARTESIAN_POINT('',(-6.87,0.83,-1.49));
#9440=VECTOR('',#11811,1.57);
#9441=CARTESIAN_POINT('',(5.89,0.5,-1.49));
#9442=CARTESIAN_POINT('',(6.87,0.5,-1.49));
#9443=VECTOR('',#11812,0.98);
#9444=CARTESIAN_POINT('',(5.89,0.5,-1.49));
#9445=VECTOR('',#11813,0.59);
#9446=CARTESIAN_POINT('',(5.345,0.5,-1.45));
#9447=VECTOR('',#11814,0.045);
#9448=CARTESIAN_POINT('',(5.89,0.5,-1.45));
#9449=VECTOR('',#11815,0.04);
#9450=CARTESIAN_POINT('',(-5.3,0.5,-1.45));
#9451=CARTESIAN_POINT('',(-5.3,0.5,-1.45));
#9452=VECTOR('',#11816,0.045);
#9453=CARTESIAN_POINT('',(-5.3,0.5,-1.49));
#9454=CARTESIAN_POINT('',(-5.3,0.5,-1.45));
#9455=VECTOR('',#11817,0.04);
#9456=CARTESIAN_POINT('',(-5.89,0.5,-1.49));
#9457=CARTESIAN_POINT('',(-5.3,0.5,-1.49));
#9458=VECTOR('',#11818,0.59);
#9459=CARTESIAN_POINT('',(-5.89,0.5,-1.45));
#9460=VECTOR('',#11819,0.04);
#9461=CARTESIAN_POINT('',(5.89,0.5,-2.569986624807));
#9462=CARTESIAN_POINT('',(5.89,0.5,-2.569986624807));
#9463=VECTOR('',#11820,1.0);
#9464=CARTESIAN_POINT('',(5.89,0.5,-1.49));
#9465=VECTOR('',#11821,1.079986624807);
#9466=CARTESIAN_POINT('',(6.04,0.5,-2.73));
#9467=CARTESIAN_POINT('',(5.89,0.5,-2.569986624807));
#9468=VECTOR('',#11822,0.2193268798866);
#9469=CARTESIAN_POINT('',(6.04,0.5,-3.23));
#9470=CARTESIAN_POINT('',(6.04,0.5,-2.73));
#9471=VECTOR('',#11823,0.5);
#9472=CARTESIAN_POINT('',(5.89,0.5,-3.38));
#9473=CARTESIAN_POINT('',(6.04,0.5,-3.23));
#9474=VECTOR('',#11824,0.212132034356);
#9475=CARTESIAN_POINT('',(5.89,0.5,-3.38));
#9476=VECTOR('',#11825,1.02);
#9477=CARTESIAN_POINT('',(-5.89,0.5,-3.38));
#9478=CARTESIAN_POINT('',(-5.89,0.5,-4.4));
#9479=VECTOR('',#11826,1.02);
#9480=CARTESIAN_POINT('',(-6.04,0.5,-3.23));
#9481=CARTESIAN_POINT('',(-5.89,0.5,-3.38));
#9482=VECTOR('',#11827,0.212132034356);
#9483=CARTESIAN_POINT('',(-6.04,0.5,-2.73));
#9484=CARTESIAN_POINT('',(-6.04,0.5,-3.23));
#9485=VECTOR('',#11828,0.5);
#9486=CARTESIAN_POINT('',(-5.89,0.5,-2.569986624807));
#9487=CARTESIAN_POINT('',(-6.04,0.5,-2.73));
#9488=VECTOR('',#11829,0.2193268798866);
#9489=CARTESIAN_POINT('',(-5.89,0.5,-2.569986624807));
#9490=VECTOR('',#11830,1.079986624807);
#9491=CARTESIAN_POINT('',(-6.87,0.5,-1.49));
#9492=VECTOR('',#11831,0.98);
#9493=CARTESIAN_POINT('',(5.89,0.5,-3.38));
#9494=VECTOR('',#11832,1.0);
#9495=CARTESIAN_POINT('',(6.04,0.5,-3.23));
#9496=VECTOR('',#11833,1.0);
#9497=CARTESIAN_POINT('',(6.04,0.5,-2.73));
#9498=VECTOR('',#11834,1.0);
#9499=CARTESIAN_POINT('',(-5.3,0.83,-1.49));
#9500=VECTOR('',#11835,0.33);
#9501=CARTESIAN_POINT('',(-5.3,0.4566664354748,-1.45));
#9502=CARTESIAN_POINT('',(-5.3,0.6999913303055,0.01));
#9503=CARTESIAN_POINT('',(-5.3,0.4566664354748,-1.45));
#9504=VECTOR('',#11836,1.480137495115);
#9505=CARTESIAN_POINT('',(-5.3,1.0,0.01));
#9506=CARTESIAN_POINT('',(-5.3,1.0,0.01));
#9507=VECTOR('',#11837,0.3000086696945);
#9508=CARTESIAN_POINT('',(-5.3,1.0,-4.25));
#9509=CARTESIAN_POINT('',(-5.3,1.0,0.01));
#9510=VECTOR('',#11838,4.26);
#9511=CARTESIAN_POINT('',(-5.3,-0.83,-4.25));
#9512=VECTOR('',#11839,1.83);
#9513=CARTESIAN_POINT('',(-5.3,-0.28,-2.55));
#9514=CARTESIAN_POINT('',(-5.3,-0.28,-2.55));
#9515=VECTOR('',#11840,0.55);
#9516=CARTESIAN_POINT('',(-5.3,-0.28,-3.6));
#9517=CARTESIAN_POINT('',(-5.3,-0.28,-2.55));
#9518=VECTOR('',#11841,1.05);
#9519=CARTESIAN_POINT('',(-5.3,-0.13,-3.75));
#9520=AXIS2_PLACEMENT_3D('',#11842,#11843,#11844);
#9521=CARTESIAN_POINT('',(-5.3,0.17,-3.75));
#9522=CARTESIAN_POINT('',(-5.3,0.17,-3.75));
#9523=VECTOR('',#11845,0.3);
#9524=CARTESIAN_POINT('',(-5.3,0.32,-3.6));
#9525=AXIS2_PLACEMENT_3D('',#11846,#11847,#11848);
#9526=CARTESIAN_POINT('',(-5.3,0.32,-3.39));
#9527=CARTESIAN_POINT('',(-5.3,0.32,-3.39));
#9528=VECTOR('',#11849,0.21);
#9529=CARTESIAN_POINT('',(-5.3,0.45,-3.39));
#9530=CARTESIAN_POINT('',(-5.3,0.45,-3.39));
#9531=VECTOR('',#11850,0.13);
#9532=CARTESIAN_POINT('',(-5.3,0.45,-2.55));
#9533=CARTESIAN_POINT('',(-5.3,0.45,-2.55));
#9534=VECTOR('',#11851,0.84);
#9535=CARTESIAN_POINT('',(-5.3,0.83,-2.55));
#9536=VECTOR('',#11852,0.38);
#9537=CARTESIAN_POINT('',(-5.3,0.5,-1.45));
#9538=VECTOR('',#11853,0.04333356452519);
#9539=CARTESIAN_POINT('',(5.3,0.13,-1.45));
#9540=CARTESIAN_POINT('',(5.3,0.4566664354748,-1.45));
#9541=VECTOR('',#11854,0.3266664354748);
#9542=CARTESIAN_POINT('',(5.345,0.13,-1.45));
#9543=CARTESIAN_POINT('',(5.345,0.13,-1.45));
#9544=VECTOR('',#11855,0.045);
#9545=CARTESIAN_POINT('',(5.345,0.13,-1.45));
#9546=VECTOR('',#11856,0.37);
#9547=CARTESIAN_POINT('',(-5.345,0.13,-1.45));
#9548=CARTESIAN_POINT('',(-5.345,0.13,-1.45));
#9549=VECTOR('',#11857,0.37);
#9550=CARTESIAN_POINT('',(-5.3,0.13,-1.45));
#9551=CARTESIAN_POINT('',(-5.3,0.13,-1.45));
#9552=VECTOR('',#11858,0.045);
#9553=CARTESIAN_POINT('',(-5.3,0.13,-1.45));
#9554=VECTOR('',#11859,0.3266664354748);
#9555=CARTESIAN_POINT('',(5.345,0.13,-0.3));
#9556=CARTESIAN_POINT('',(5.345,0.13,-0.3));
#9557=VECTOR('',#11860,1.15);
#9558=CARTESIAN_POINT('',(5.345,0.7,-0.3));
#9559=CARTESIAN_POINT('',(5.345,0.7,-0.3));
#9560=VECTOR('',#11861,0.57);
#9561=CARTESIAN_POINT('',(5.345,0.7,-0.3));
#9562=VECTOR('',#11862,1.15);
#9563=CARTESIAN_POINT('',(5.345,0.7,-0.3));
#9564=VECTOR('',#11863,0.3674234614175);
#9565=CARTESIAN_POINT('',(5.345,0.13,-0.3));
#9566=VECTOR('',#11864,0.5196152422707);
#9567=CARTESIAN_POINT('',(-5.345,0.13,-0.3));
#9568=CARTESIAN_POINT('',(5.345,0.13,-0.3));
#9569=VECTOR('',#11865,10.69);
#9570=CARTESIAN_POINT('',(-5.345,0.13,-0.3));
#9571=VECTOR('',#11866,0.5196152422707);
#9572=CARTESIAN_POINT('',(-5.345,0.7,-0.3));
#9573=CARTESIAN_POINT('',(-5.345,0.13,-0.3));
#9574=VECTOR('',#11867,0.57);
#9575=CARTESIAN_POINT('',(-5.557132034356,0.912132034356,-0.08786796564404));
#9576=VECTOR('',#11868,0.3674234614175);
#9577=CARTESIAN_POINT('',(-5.345,0.7,-0.3));
#9578=VECTOR('',#11869,1.15);
#9579=CARTESIAN_POINT('',(-5.345,0.13,-0.3));
#9580=VECTOR('',#11870,1.15);
#9581=CARTESIAN_POINT('',(5.3,0.13,-3.39));
#9582=CARTESIAN_POINT('',(5.3,0.13,-1.45));
#9583=VECTOR('',#11871,1.94);
#9584=CARTESIAN_POINT('',(-5.3,0.13,-3.39));
#9585=CARTESIAN_POINT('',(-5.3,0.13,-3.39));
#9586=VECTOR('',#11872,10.6);
#9587=CARTESIAN_POINT('',(-5.3,0.13,-3.39));
#9588=VECTOR('',#11873,1.94);
#9589=CARTESIAN_POINT('',(-5.3,0.45,-1.49));
#9590=CARTESIAN_POINT('',(-5.3,0.45,-1.49));
#9591=VECTOR('',#11874,1.06);
#9592=CARTESIAN_POINT('',(-5.3,0.45,-1.49));
#9593=VECTOR('',#11875,0.04055171219492);
#9594=CARTESIAN_POINT('',(-5.3,0.13,-3.39));
#9595=VECTOR('',#11876,0.19);
#9596=CARTESIAN_POINT('',(-5.3,0.32,-2.55));
#9597=CARTESIAN_POINT('',(-5.3,0.32,-2.55));
#9598=VECTOR('',#11877,0.84);
#9599=CARTESIAN_POINT('',(-5.3,0.45,-2.55));
#9600=VECTOR('',#11878,0.13);
#9601=CARTESIAN_POINT('',(-5.53,0.32,-2.55));
#9602=CARTESIAN_POINT('',(-5.53,0.68,-2.55));
#9603=CARTESIAN_POINT('',(-5.53,0.32,-2.55));
#9604=VECTOR('',#11879,0.36);
#9605=CARTESIAN_POINT('',(-5.53,0.68,-2.55));
#9606=VECTOR('',#11880,0.212132034356);
#9607=CARTESIAN_POINT('',(-5.53,0.32,-2.55));
#9608=VECTOR('',#11881,0.23);
#9609=CARTESIAN_POINT('',(-5.53,-0.68,-2.55));
#9610=CARTESIAN_POINT('',(-5.68,-0.83,-2.55));
#9611=VECTOR('',#11882,0.212132034356);
#9612=CARTESIAN_POINT('',(-5.53,-0.28,-2.55));
#9613=CARTESIAN_POINT('',(-5.53,-0.68,-2.55));
#9614=VECTOR('',#11883,0.4);
#9615=CARTESIAN_POINT('',(-5.3,-0.28,-2.55));
#9616=VECTOR('',#11884,0.23);
#9617=CARTESIAN_POINT('',(5.53,-0.28,-2.55));
#9618=CARTESIAN_POINT('',(5.53,-0.68,-2.55));
#9619=CARTESIAN_POINT('',(5.53,-0.28,-2.55));
#9620=VECTOR('',#11885,0.4);
#9621=CARTESIAN_POINT('',(5.53,-0.68,-2.55));
#9622=VECTOR('',#11886,0.212132034356);
#9623=CARTESIAN_POINT('',(5.53,-0.28,-2.55));
#9624=VECTOR('',#11887,0.23);
#9625=CARTESIAN_POINT('',(5.3,0.32,-2.55));
#9626=CARTESIAN_POINT('',(5.3,0.32,-2.55));
#9627=VECTOR('',#11888,0.13);
#9628=CARTESIAN_POINT('',(5.53,0.68,-2.55));
#9629=CARTESIAN_POINT('',(5.68,0.83,-2.55));
#9630=VECTOR('',#11889,0.212132034356);
#9631=CARTESIAN_POINT('',(5.53,0.32,-2.55));
#9632=CARTESIAN_POINT('',(5.53,0.68,-2.55));
#9633=VECTOR('',#11890,0.36);
#9634=CARTESIAN_POINT('',(5.3,0.32,-2.55));
#9635=VECTOR('',#11891,0.23);
#9636=CARTESIAN_POINT('',(-5.53,0.32,-3.6));
#9637=CARTESIAN_POINT('',(-5.53,0.32,-2.55));
#9638=VECTOR('',#11892,1.05);
#9639=CARTESIAN_POINT('',(-5.53,0.32,-3.6));
#9640=VECTOR('',#11893,0.23);
#9641=CARTESIAN_POINT('',(-5.53,0.17,-3.75));
#9642=CARTESIAN_POINT('',(-5.53,0.17,-3.75));
#9643=VECTOR('',#11894,0.23);
#9644=AXIS2_PLACEMENT_3D('',#11895,#11896,#11897);
#9645=CARTESIAN_POINT('',(-5.53,-0.13,-3.75));
#9646=CARTESIAN_POINT('',(-5.53,-0.28,-3.6));
#9647=AXIS2_PLACEMENT_3D('',#11898,#11899,#11900);
#9648=CARTESIAN_POINT('',(-5.53,-0.28,-2.55));
#9649=VECTOR('',#11901,1.05);
#9650=CARTESIAN_POINT('',(-5.53,-0.68,-4.25));
#9651=CARTESIAN_POINT('',(-5.53,-0.68,-4.25));
#9652=VECTOR('',#11902,1.7);
#9653=CARTESIAN_POINT('',(-5.53,0.68,-4.25));
#9654=CARTESIAN_POINT('',(-5.53,0.68,-4.25));
#9655=VECTOR('',#11903,1.36);
#9656=CARTESIAN_POINT('',(-5.53,0.68,-2.55));
#9657=VECTOR('',#11904,1.7);
#9658=CARTESIAN_POINT('',(-5.53,0.17,-3.75));
#9659=VECTOR('',#11905,0.3);
#9660=CARTESIAN_POINT('',(-5.3,-0.13,-3.75));
#9661=VECTOR('',#11906,0.23);
#9662=CARTESIAN_POINT('',(5.53,0.17,-3.75));
#9663=CARTESIAN_POINT('',(5.53,-0.13,-3.75));
#9664=CARTESIAN_POINT('',(5.53,0.17,-3.75));
#9665=VECTOR('',#11907,0.3);
#9666=CARTESIAN_POINT('',(5.53,-0.13,-3.75));
#9667=VECTOR('',#11908,0.23);
#9668=CARTESIAN_POINT('',(5.3,0.17,-3.75));
#9669=VECTOR('',#11909,0.23);
#9670=CARTESIAN_POINT('',(-5.515,-0.28,-3.6));
#9671=CARTESIAN_POINT('',(-5.515,-0.28,-3.6));
#9672=VECTOR('',#11910,0.015);
#9673=CARTESIAN_POINT('',(-5.315,-0.28,-3.6));
#9674=CARTESIAN_POINT('',(-5.3,-0.28,-3.6));
#9675=VECTOR('',#11911,0.015);
#9676=CARTESIAN_POINT('',(-5.315,-0.28,-3.6));
#9677=VECTOR('',#11912,0.2);
#9678=CARTESIAN_POINT('',(-5.315,-0.28,-4.4));
#9679=VECTOR('',#11913,0.8);
#9680=CARTESIAN_POINT('',(-5.515,-0.28,-4.4));
#9681=VECTOR('',#11914,0.8);
#9682=CARTESIAN_POINT('',(-5.515,-0.28,-2.6));
#9683=CARTESIAN_POINT('',(-5.515,-0.28,-3.6));
#9684=VECTOR('',#11915,1.0);
#9685=CARTESIAN_POINT('',(-5.515,-0.679,-2.6));
#9686=CARTESIAN_POINT('',(-5.515,-0.679,-4.4));
#9687=VECTOR('',#11916,1.8);
#9688=CARTESIAN_POINT('',(-5.515,-0.679,-2.6));
#9689=VECTOR('',#11917,0.399);
#9690=CARTESIAN_POINT('',(5.515,-0.679,-2.6));
#9691=AXIS2_PLACEMENT_3D('',#11918,#11919,#11920);
#9692=CARTESIAN_POINT('',(5.515,-0.28,-2.6));
#9693=CARTESIAN_POINT('',(5.515,-0.28,-2.6));
#9694=VECTOR('',#11921,0.399);
#9695=CARTESIAN_POINT('',(5.315,-0.28,-2.6));
#9696=CARTESIAN_POINT('',(5.515,-0.28,-2.6));
#9697=VECTOR('',#11922,0.2);
#9698=CARTESIAN_POINT('',(5.315,-0.679,-2.6));
#9699=CARTESIAN_POINT('',(5.315,-0.679,-2.6));
#9700=VECTOR('',#11923,0.399);
#9701=CARTESIAN_POINT('',(5.666,-1.03,-2.6));
#9702=AXIS2_PLACEMENT_3D('',#11924,#11925,#11926);
#9703=CARTESIAN_POINT('',(5.715,-1.03,-2.6));
#9704=CARTESIAN_POINT('',(5.715,-1.03,-2.6));
#9705=VECTOR('',#11927,0.049);
#9706=CARTESIAN_POINT('',(5.715,-0.83,-2.6));
#9707=VECTOR('',#11928,0.2);
#9708=CARTESIAN_POINT('',(-5.666,-1.03,-2.6));
#9709=CARTESIAN_POINT('',(-5.715,-1.03,-2.6));
#9710=CARTESIAN_POINT('',(-5.666,-1.03,-2.6));
#9711=VECTOR('',#11929,0.049);
#9712=CARTESIAN_POINT('',(-5.315,-0.679,-2.6));
#9713=AXIS2_PLACEMENT_3D('',#11930,#11931,#11932);
#9714=CARTESIAN_POINT('',(-5.315,-0.28,-2.6));
#9715=CARTESIAN_POINT('',(-5.315,-0.28,-2.6));
#9716=VECTOR('',#11933,0.399);
#9717=CARTESIAN_POINT('',(-5.315,-0.28,-2.6));
#9718=VECTOR('',#11934,0.2);
#9719=AXIS2_PLACEMENT_3D('',#11935,#11936,#11937);
#9720=CARTESIAN_POINT('',(-5.715,-1.03,-2.6));
#9721=VECTOR('',#11938,0.2);
#9722=CARTESIAN_POINT('',(5.765,-1.03,-2.55));
#9723=CARTESIAN_POINT('',(5.765,-0.83,-2.55));
#9724=VECTOR('',#11939,0.2);
#9725=AXIS2_PLACEMENT_3D('',#11940,#11941,#11942);
#9726=CARTESIAN_POINT('',(-7.065,-1.03,-2.0));
#9727=CARTESIAN_POINT('',(-7.065,-1.03,-1.7));
#9728=CARTESIAN_POINT('',(-7.065,-1.03,-2.0));
#9729=VECTOR('',#11943,0.3);
#9730=CARTESIAN_POINT('',(-6.915,-1.03,-2.15));
#9731=CARTESIAN_POINT('',(-6.915,-1.03,-2.15));
#9732=VECTOR('',#11944,0.212132034356);
#9733=CARTESIAN_POINT('',(-6.915,-1.03,-2.55));
#9734=CARTESIAN_POINT('',(-6.915,-1.03,-2.55));
#9735=VECTOR('',#11945,0.4);
#9736=CARTESIAN_POINT('',(-7.065,-1.03,-2.7));
#9737=CARTESIAN_POINT('',(-7.065,-1.03,-2.7));
#9738=VECTOR('',#11946,0.212132034356);
#9739=CARTESIAN_POINT('',(-7.065,-1.03,-4.3));
#9740=CARTESIAN_POINT('',(-7.065,-1.03,-4.3));
#9741=VECTOR('',#11947,1.6);
#9742=AXIS2_PLACEMENT_3D('',#11948,#11949,#11950);
#9743=CARTESIAN_POINT('',(-5.666,-1.03,-4.4));
#9744=VECTOR('',#11951,1.8);
#9745=CARTESIAN_POINT('',(-5.765,-1.03,-2.55));
#9746=AXIS2_PLACEMENT_3D('',#11952,#11953,#11954);
#9747=CARTESIAN_POINT('',(-5.765,-1.03,-1.65));
#9748=CARTESIAN_POINT('',(-5.765,-1.03,-2.55));
#9749=VECTOR('',#11955,0.9);
#9750=CARTESIAN_POINT('',(-5.815,-1.03,-1.6));
#9751=AXIS2_PLACEMENT_3D('',#11956,#11957,#11958);
#9752=CARTESIAN_POINT('',(-6.965,-1.03,-1.6));
#9753=CARTESIAN_POINT('',(-5.815,-1.03,-1.6));
#9754=VECTOR('',#11959,1.15);
#9755=AXIS2_PLACEMENT_3D('',#11960,#11961,#11962);
#9756=CARTESIAN_POINT('',(7.065,-1.03,-2.7));
#9757=CARTESIAN_POINT('',(7.065,-1.03,-4.3));
#9758=CARTESIAN_POINT('',(7.065,-1.03,-2.7));
#9759=VECTOR('',#11963,1.6);
#9760=CARTESIAN_POINT('',(6.915,-1.03,-2.55));
#9761=CARTESIAN_POINT('',(6.915,-1.03,-2.55));
#9762=VECTOR('',#11964,0.212132034356);
#9763=CARTESIAN_POINT('',(6.915,-1.03,-2.15));
#9764=CARTESIAN_POINT('',(6.915,-1.03,-2.15));
#9765=VECTOR('',#11965,0.4);
#9766=CARTESIAN_POINT('',(7.065,-1.03,-2.0));
#9767=CARTESIAN_POINT('',(7.065,-1.03,-2.0));
#9768=VECTOR('',#11966,0.212132034356);
#9769=CARTESIAN_POINT('',(7.065,-1.03,-1.7));
#9770=VECTOR('',#11967,0.3);
#9771=CARTESIAN_POINT('',(5.765,-1.03,-1.65));
#9772=AXIS2_PLACEMENT_3D('',#11968,#11969,#11970);
#9773=CARTESIAN_POINT('',(5.765,-1.03,-1.65));
#9774=VECTOR('',#11971,0.9);
#9775=CARTESIAN_POINT('',(5.666,-1.03,-4.4));
#9776=VECTOR('',#11972,1.8);
#9777=AXIS2_PLACEMENT_3D('',#11973,#11974,#11975);
#9778=CARTESIAN_POINT('',(-7.065,-1.03,-1.7));
#9779=VECTOR('',#11976,0.2);
#9780=CARTESIAN_POINT('',(-6.965,-1.03,-1.6));
#9781=VECTOR('',#11977,0.2);
#9782=CARTESIAN_POINT('',(-5.815,-1.03,-1.6));
#9783=VECTOR('',#11978,0.2);
#9784=CARTESIAN_POINT('',(-5.765,-1.03,-1.65));
#9785=VECTOR('',#11979,0.2);
#9786=CARTESIAN_POINT('',(-5.765,-1.03,-2.55));
#9787=VECTOR('',#11980,0.2);
#9788=CARTESIAN_POINT('',(-7.065,-1.03,-2.0));
#9789=VECTOR('',#11981,0.2);
#9790=CARTESIAN_POINT('',(-7.065,-1.03,-2.7));
#9791=VECTOR('',#11982,0.2);
#9792=CARTESIAN_POINT('',(-7.065,-1.03,-4.3));
#9793=VECTOR('',#11983,0.2);
#9794=CARTESIAN_POINT('',(-6.915,-1.03,-2.15));
#9795=VECTOR('',#11984,0.2);
#9796=CARTESIAN_POINT('',(-6.915,-1.03,-2.55));
#9797=VECTOR('',#11985,0.2);
#9798=CARTESIAN_POINT('',(-5.315,-0.679,-4.4));
#9799=VECTOR('',#11986,1.8);
#9800=CARTESIAN_POINT('',(-5.315,-0.28,-3.6));
#9801=VECTOR('',#11987,1.0);
#9802=CARTESIAN_POINT('',(7.065,-0.83,-4.3));
#9803=VECTOR('',#11988,0.2);
#9804=CARTESIAN_POINT('',(7.065,-0.83,-2.7));
#9805=VECTOR('',#11989,0.2);
#9806=CARTESIAN_POINT('',(7.065,-0.83,-2.0));
#9807=VECTOR('',#11990,0.2);
#9808=CARTESIAN_POINT('',(6.915,-1.03,-2.55));
#9809=VECTOR('',#11991,0.2);
#9810=CARTESIAN_POINT('',(6.915,-1.03,-2.15));
#9811=VECTOR('',#11992,0.2);
#9812=CARTESIAN_POINT('',(5.315,-0.679,-4.4));
#9813=VECTOR('',#11993,1.8);
#9814=CARTESIAN_POINT('',(5.315,-0.28,-3.6));
#9815=CARTESIAN_POINT('',(5.315,-0.28,-3.6));
#9816=VECTOR('',#11994,1.0);
#9817=CARTESIAN_POINT('',(5.315,-0.28,-4.4));
#9818=VECTOR('',#11995,0.8);
#9819=CARTESIAN_POINT('',(5.515,-0.28,-3.6));
#9820=CARTESIAN_POINT('',(5.515,-0.28,-3.6));
#9821=VECTOR('',#11996,0.2);
#9822=CARTESIAN_POINT('',(5.515,-0.28,-4.4));
#9823=VECTOR('',#11997,0.8);
#9824=CARTESIAN_POINT('',(5.515,-0.679,-4.4));
#9825=VECTOR('',#11998,1.8);
#9826=CARTESIAN_POINT('',(5.515,-0.28,-3.6));
#9827=VECTOR('',#11999,1.0);
#9828=CARTESIAN_POINT('',(5.53,-0.28,-3.6));
#9829=CARTESIAN_POINT('',(5.53,-0.28,-3.6));
#9830=VECTOR('',#12000,0.015);
#9831=CARTESIAN_POINT('',(5.53,-0.28,-2.55));
#9832=VECTOR('',#12001,1.05);
#9833=CARTESIAN_POINT('',(5.315,-0.28,-3.6));
#9834=VECTOR('',#12002,0.015);
#9835=AXIS2_PLACEMENT_3D('',#12003,#12004,#12005);
#9836=CARTESIAN_POINT('',(5.53,0.32,-3.6));
#9837=AXIS2_PLACEMENT_3D('',#12006,#12007,#12008);
#9838=CARTESIAN_POINT('',(5.53,0.32,-2.55));
#9839=VECTOR('',#12009,1.05);
#9840=CARTESIAN_POINT('',(5.53,0.68,-4.25));
#9841=CARTESIAN_POINT('',(5.53,0.68,-4.25));
#9842=VECTOR('',#12010,1.7);
#9843=CARTESIAN_POINT('',(5.53,-0.68,-4.25));
#9844=CARTESIAN_POINT('',(5.53,-0.68,-4.25));
#9845=VECTOR('',#12011,1.36);
#9846=CARTESIAN_POINT('',(5.53,-0.68,-2.55));
#9847=VECTOR('',#12012,1.7);
#9848=CARTESIAN_POINT('',(5.53,-0.68,-4.25));
#9849=VECTOR('',#12013,0.2598076211353);
#9850=CARTESIAN_POINT('',(5.53,0.68,-4.25));
#9851=VECTOR('',#12014,0.2598076211353);
#9852=CARTESIAN_POINT('',(5.3,0.32,-2.55));
#9853=VECTOR('',#12015,0.84);
#9854=CARTESIAN_POINT('',(5.3,0.32,-3.6));
#9855=VECTOR('',#12016,0.23);
#9856=CARTESIAN_POINT('',(5.3,0.45,-1.49));
#9857=CARTESIAN_POINT('',(5.3,0.4566664354748,-1.45));
#9858=VECTOR('',#12017,0.04055171219492);
#9859=CARTESIAN_POINT('',(5.3,0.45,-1.49));
#9860=VECTOR('',#12018,1.06);
#9861=CARTESIAN_POINT('',(5.3,0.13,-3.39));
#9862=VECTOR('',#12019,0.19);
#9863=CARTESIAN_POINT('',(4.65,0.45,-3.39));
#9864=CARTESIAN_POINT('',(4.35,0.45,-3.39));
#9865=CARTESIAN_POINT('',(4.65,0.45,-3.39));
#9866=VECTOR('',#12020,0.3);
#9867=CARTESIAN_POINT('',(4.35,0.441375031705,-3.39));
#9868=CARTESIAN_POINT('',(4.35,0.45,-3.39));
#9869=VECTOR('',#12021,0.008624968294988);
#9870=CARTESIAN_POINT('',(4.15,0.441375031705,-3.39));
#9871=CARTESIAN_POINT('',(4.35,0.441375031705,-3.39));
#9872=VECTOR('',#12022,0.2);
#9873=CARTESIAN_POINT('',(4.15,0.45,-3.39));
#9874=CARTESIAN_POINT('',(4.15,0.45,-3.39));
#9875=VECTOR('',#12023,0.008624968294988);
#9876=CARTESIAN_POINT('',(3.85,0.45,-3.39));
#9877=CARTESIAN_POINT('',(4.15,0.45,-3.39));
#9878=VECTOR('',#12024,0.3);
#9879=CARTESIAN_POINT('',(3.85,0.441375031705,-3.39));
#9880=CARTESIAN_POINT('',(3.85,0.45,-3.39));
#9881=VECTOR('',#12025,0.008624968294988);
#9882=CARTESIAN_POINT('',(3.65,0.441375031705,-3.39));
#9883=CARTESIAN_POINT('',(3.85,0.441375031705,-3.39));
#9884=VECTOR('',#12026,0.2);
#9885=CARTESIAN_POINT('',(3.65,0.45,-3.39));
#9886=CARTESIAN_POINT('',(3.65,0.45,-3.39));
#9887=VECTOR('',#12027,0.008624968294988);
#9888=CARTESIAN_POINT('',(3.35,0.45,-3.39));
#9889=CARTESIAN_POINT('',(3.65,0.45,-3.39));
#9890=VECTOR('',#12028,0.3);
#9891=CARTESIAN_POINT('',(3.35,0.441375031705,-3.39));
#9892=CARTESIAN_POINT('',(3.35,0.45,-3.39));
#9893=VECTOR('',#12029,0.008624968294988);
#9894=CARTESIAN_POINT('',(3.15,0.441375031705,-3.39));
#9895=CARTESIAN_POINT('',(3.35,0.441375031705,-3.39));
#9896=VECTOR('',#12030,0.2);
#9897=CARTESIAN_POINT('',(3.15,0.45,-3.39));
#9898=CARTESIAN_POINT('',(3.15,0.45,-3.39));
#9899=VECTOR('',#12031,0.008624968294988);
#9900=CARTESIAN_POINT('',(2.85,0.45,-3.39));
#9901=CARTESIAN_POINT('',(3.15,0.45,-3.39));
#9902=VECTOR('',#12032,0.3);
#9903=CARTESIAN_POINT('',(2.85,0.441375031705,-3.39));
#9904=CARTESIAN_POINT('',(2.85,0.45,-3.39));
#9905=VECTOR('',#12033,0.008624968294988);
#9906=CARTESIAN_POINT('',(2.65,0.441375031705,-3.39));
#9907=CARTESIAN_POINT('',(2.85,0.441375031705,-3.39));
#9908=VECTOR('',#12034,0.2);
#9909=CARTESIAN_POINT('',(2.65,0.45,-3.39));
#9910=CARTESIAN_POINT('',(2.65,0.45,-3.39));
#9911=VECTOR('',#12035,0.008624968294988);
#9912=CARTESIAN_POINT('',(2.35,0.45,-3.39));
#9913=CARTESIAN_POINT('',(2.65,0.45,-3.39));
#9914=VECTOR('',#12036,0.3);
#9915=CARTESIAN_POINT('',(2.35,0.441375031705,-3.39));
#9916=CARTESIAN_POINT('',(2.35,0.45,-3.39));
#9917=VECTOR('',#12037,0.008624968294988);
#9918=CARTESIAN_POINT('',(2.15,0.441375031705,-3.39));
#9919=CARTESIAN_POINT('',(2.35,0.441375031705,-3.39));
#9920=VECTOR('',#12038,0.2);
#9921=CARTESIAN_POINT('',(2.15,0.45,-3.39));
#9922=CARTESIAN_POINT('',(2.15,0.45,-3.39));
#9923=VECTOR('',#12039,0.008624968294988);
#9924=CARTESIAN_POINT('',(1.85,0.45,-3.39));
#9925=CARTESIAN_POINT('',(2.15,0.45,-3.39));
#9926=VECTOR('',#12040,0.3);
#9927=CARTESIAN_POINT('',(1.85,0.441375031705,-3.39));
#9928=CARTESIAN_POINT('',(1.85,0.45,-3.39));
#9929=VECTOR('',#12041,0.008624968294988);
#9930=CARTESIAN_POINT('',(1.65,0.441375031705,-3.39));
#9931=CARTESIAN_POINT('',(1.85,0.441375031705,-3.39));
#9932=VECTOR('',#12042,0.2);
#9933=CARTESIAN_POINT('',(1.65,0.45,-3.39));
#9934=CARTESIAN_POINT('',(1.65,0.45,-3.39));
#9935=VECTOR('',#12043,0.008624968294988);
#9936=CARTESIAN_POINT('',(1.35,0.45,-3.39));
#9937=CARTESIAN_POINT('',(1.65,0.45,-3.39));
#9938=VECTOR('',#12044,0.3);
#9939=CARTESIAN_POINT('',(1.35,0.441375031705,-3.39));
#9940=CARTESIAN_POINT('',(1.35,0.45,-3.39));
#9941=VECTOR('',#12045,0.008624968294988);
#9942=CARTESIAN_POINT('',(1.15,0.441375031705,-3.39));
#9943=CARTESIAN_POINT('',(1.35,0.441375031705,-3.39));
#9944=VECTOR('',#12046,0.2);
#9945=CARTESIAN_POINT('',(1.15,0.45,-3.39));
#9946=CARTESIAN_POINT('',(1.15,0.45,-3.39));
#9947=VECTOR('',#12047,0.008624968294988);
#9948=CARTESIAN_POINT('',(0.85,0.45,-3.39));
#9949=CARTESIAN_POINT('',(1.15,0.45,-3.39));
#9950=VECTOR('',#12048,0.3);
#9951=CARTESIAN_POINT('',(0.85,0.441375031705,-3.39));
#9952=CARTESIAN_POINT('',(0.85,0.45,-3.39));
#9953=VECTOR('',#12049,0.008624968294988);
#9954=CARTESIAN_POINT('',(0.65,0.441375031705,-3.39));
#9955=CARTESIAN_POINT('',(0.85,0.441375031705,-3.39));
#9956=VECTOR('',#12050,0.2);
#9957=CARTESIAN_POINT('',(0.65,0.45,-3.39));
#9958=CARTESIAN_POINT('',(0.65,0.45,-3.39));
#9959=VECTOR('',#12051,0.008624968294988);
#9960=CARTESIAN_POINT('',(0.35,0.45,-3.39));
#9961=CARTESIAN_POINT('',(0.65,0.45,-3.39));
#9962=VECTOR('',#12052,0.3);
#9963=CARTESIAN_POINT('',(0.35,0.441375031705,-3.39));
#9964=CARTESIAN_POINT('',(0.35,0.45,-3.39));
#9965=VECTOR('',#12053,0.008624968294988);
#9966=CARTESIAN_POINT('',(0.15,0.441375031705,-3.39));
#9967=CARTESIAN_POINT('',(0.35,0.441375031705,-3.39));
#9968=VECTOR('',#12054,0.2);
#9969=CARTESIAN_POINT('',(0.15,0.45,-3.39));
#9970=CARTESIAN_POINT('',(0.15,0.45,-3.39));
#9971=VECTOR('',#12055,0.008624968294988);
#9972=CARTESIAN_POINT('',(-0.15,0.45,-3.39));
#9973=CARTESIAN_POINT('',(0.15,0.45,-3.39));
#9974=VECTOR('',#12056,0.3);
#9975=CARTESIAN_POINT('',(-0.15,0.441375031705,-3.39));
#9976=CARTESIAN_POINT('',(-0.15,0.45,-3.39));
#9977=VECTOR('',#12057,0.008624968294988);
#9978=CARTESIAN_POINT('',(-0.35,0.441375031705,-3.39));
#9979=CARTESIAN_POINT('',(-0.15,0.441375031705,-3.39));
#9980=VECTOR('',#12058,0.2);
#9981=CARTESIAN_POINT('',(-0.35,0.45,-3.39));
#9982=CARTESIAN_POINT('',(-0.35,0.45,-3.39));
#9983=VECTOR('',#12059,0.008624968294988);
#9984=CARTESIAN_POINT('',(-0.65,0.45,-3.39));
#9985=CARTESIAN_POINT('',(-0.35,0.45,-3.39));
#9986=VECTOR('',#12060,0.3);
#9987=CARTESIAN_POINT('',(-0.65,0.441375031705,-3.39));
#9988=CARTESIAN_POINT('',(-0.65,0.45,-3.39));
#9989=VECTOR('',#12061,0.008624968294988);
#9990=CARTESIAN_POINT('',(-0.85,0.441375031705,-3.39));
#9991=CARTESIAN_POINT('',(-0.65,0.441375031705,-3.39));
#9992=VECTOR('',#12062,0.2);
#9993=CARTESIAN_POINT('',(-0.85,0.45,-3.39));
#9994=CARTESIAN_POINT('',(-0.85,0.45,-3.39));
#9995=VECTOR('',#12063,0.008624968294988);
#9996=CARTESIAN_POINT('',(-1.15,0.45,-3.39));
#9997=CARTESIAN_POINT('',(-0.85,0.45,-3.39));
#9998=VECTOR('',#12064,0.3);
#9999=CARTESIAN_POINT('',(-1.15,0.441375031705,-3.39));
#10000=CARTESIAN_POINT('',(-1.15,0.45,-3.39));
#10001=VECTOR('',#12065,0.008624968294988);
#10002=CARTESIAN_POINT('',(-1.35,0.441375031705,-3.39));
#10003=CARTESIAN_POINT('',(-1.15,0.441375031705,-3.39));
#10004=VECTOR('',#12066,0.2);
#10005=CARTESIAN_POINT('',(-1.35,0.45,-3.39));
#10006=CARTESIAN_POINT('',(-1.35,0.45,-3.39));
#10007=VECTOR('',#12067,0.008624968294988);
#10008=CARTESIAN_POINT('',(-1.65,0.45,-3.39));
#10009=CARTESIAN_POINT('',(-1.35,0.45,-3.39));
#10010=VECTOR('',#12068,0.3);
#10011=CARTESIAN_POINT('',(-1.65,0.441375031705,-3.39));
#10012=CARTESIAN_POINT('',(-1.65,0.45,-3.39));
#10013=VECTOR('',#12069,0.008624968294988);
#10014=CARTESIAN_POINT('',(-1.85,0.441375031705,-3.39));
#10015=CARTESIAN_POINT('',(-1.65,0.441375031705,-3.39));
#10016=VECTOR('',#12070,0.2);
#10017=CARTESIAN_POINT('',(-1.85,0.45,-3.39));
#10018=CARTESIAN_POINT('',(-1.85,0.45,-3.39));
#10019=VECTOR('',#12071,0.008624968294988);
#10020=CARTESIAN_POINT('',(-2.15,0.45,-3.39));
#10021=CARTESIAN_POINT('',(-1.85,0.45,-3.39));
#10022=VECTOR('',#12072,0.3);
#10023=CARTESIAN_POINT('',(-2.15,0.441375031705,-3.39));
#10024=CARTESIAN_POINT('',(-2.15,0.45,-3.39));
#10025=VECTOR('',#12073,0.008624968294988);
#10026=CARTESIAN_POINT('',(-2.35,0.441375031705,-3.39));
#10027=CARTESIAN_POINT('',(-2.15,0.441375031705,-3.39));
#10028=VECTOR('',#12074,0.2);
#10029=CARTESIAN_POINT('',(-2.35,0.45,-3.39));
#10030=CARTESIAN_POINT('',(-2.35,0.45,-3.39));
#10031=VECTOR('',#12075,0.008624968294988);
#10032=CARTESIAN_POINT('',(-2.65,0.45,-3.39));
#10033=CARTESIAN_POINT('',(-2.35,0.45,-3.39));
#10034=VECTOR('',#12076,0.3);
#10035=CARTESIAN_POINT('',(-2.65,0.441375031705,-3.39));
#10036=CARTESIAN_POINT('',(-2.65,0.45,-3.39));
#10037=VECTOR('',#12077,0.008624968294988);
#10038=CARTESIAN_POINT('',(-2.85,0.441375031705,-3.39));
#10039=CARTESIAN_POINT('',(-2.65,0.441375031705,-3.39));
#10040=VECTOR('',#12078,0.2);
#10041=CARTESIAN_POINT('',(-2.85,0.45,-3.39));
#10042=CARTESIAN_POINT('',(-2.85,0.45,-3.39));
#10043=VECTOR('',#12079,0.008624968294988);
#10044=CARTESIAN_POINT('',(-3.15,0.45,-3.39));
#10045=CARTESIAN_POINT('',(-2.85,0.45,-3.39));
#10046=VECTOR('',#12080,0.3);
#10047=CARTESIAN_POINT('',(-3.15,0.441375031705,-3.39));
#10048=CARTESIAN_POINT('',(-3.15,0.45,-3.39));
#10049=VECTOR('',#12081,0.008624968294988);
#10050=CARTESIAN_POINT('',(-3.35,0.441375031705,-3.39));
#10051=CARTESIAN_POINT('',(-3.15,0.441375031705,-3.39));
#10052=VECTOR('',#12082,0.2);
#10053=CARTESIAN_POINT('',(-3.35,0.45,-3.39));
#10054=CARTESIAN_POINT('',(-3.35,0.45,-3.39));
#10055=VECTOR('',#12083,0.008624968294988);
#10056=CARTESIAN_POINT('',(-3.65,0.45,-3.39));
#10057=CARTESIAN_POINT('',(-3.35,0.45,-3.39));
#10058=VECTOR('',#12084,0.3);
#10059=CARTESIAN_POINT('',(-3.65,0.441375031705,-3.39));
#10060=CARTESIAN_POINT('',(-3.65,0.45,-3.39));
#10061=VECTOR('',#12085,0.008624968294988);
#10062=CARTESIAN_POINT('',(-3.85,0.441375031705,-3.39));
#10063=CARTESIAN_POINT('',(-3.65,0.441375031705,-3.39));
#10064=VECTOR('',#12086,0.2);
#10065=CARTESIAN_POINT('',(-3.85,0.45,-3.39));
#10066=CARTESIAN_POINT('',(-3.85,0.45,-3.39));
#10067=VECTOR('',#12087,0.008624968294988);
#10068=CARTESIAN_POINT('',(-4.15,0.45,-3.39));
#10069=CARTESIAN_POINT('',(-3.85,0.45,-3.39));
#10070=VECTOR('',#12088,0.3);
#10071=CARTESIAN_POINT('',(-4.15,0.441375031705,-3.39));
#10072=CARTESIAN_POINT('',(-4.15,0.45,-3.39));
#10073=VECTOR('',#12089,0.008624968294988);
#10074=CARTESIAN_POINT('',(-4.35,0.441375031705,-3.39));
#10075=CARTESIAN_POINT('',(-4.35,0.441375031705,-3.39));
#10076=VECTOR('',#12090,0.2);
#10077=CARTESIAN_POINT('',(-4.35,0.45,-3.39));
#10078=CARTESIAN_POINT('',(-4.35,0.45,-3.39));
#10079=VECTOR('',#12091,0.008624968294988);
#10080=CARTESIAN_POINT('',(-4.65,0.45,-3.39));
#10081=CARTESIAN_POINT('',(-4.35,0.45,-3.39));
#10082=VECTOR('',#12092,0.3);
#10083=CARTESIAN_POINT('',(-4.65,0.441375031705,-3.39));
#10084=CARTESIAN_POINT('',(-4.65,0.45,-3.39));
#10085=VECTOR('',#12093,0.008624968294988);
#10086=CARTESIAN_POINT('',(-4.85,0.441375031705,-3.39));
#10087=CARTESIAN_POINT('',(-4.65,0.441375031705,-3.39));
#10088=VECTOR('',#12094,0.2);
#10089=CARTESIAN_POINT('',(-4.85,0.45,-3.39));
#10090=CARTESIAN_POINT('',(-4.85,0.45,-3.39));
#10091=VECTOR('',#12095,0.008624968294988);
#10092=CARTESIAN_POINT('',(-4.85,0.45,-3.39));
#10093=VECTOR('',#12096,0.45);
#10094=CARTESIAN_POINT('',(4.85,0.45,-3.39));
#10095=CARTESIAN_POINT('',(5.3,0.45,-3.39));
#10096=VECTOR('',#12097,0.45);
#10097=CARTESIAN_POINT('',(4.85,0.441375031705,-3.39));
#10098=CARTESIAN_POINT('',(4.85,0.45,-3.39));
#10099=VECTOR('',#12098,0.008624968294988);
#10100=CARTESIAN_POINT('',(4.65,0.441375031705,-3.39));
#10101=CARTESIAN_POINT('',(4.85,0.441375031705,-3.39));
#10102=VECTOR('',#12099,0.2);
#10103=CARTESIAN_POINT('',(4.65,0.45,-3.39));
#10104=VECTOR('',#12100,0.008624968294988);
#10105=CARTESIAN_POINT('',(4.65,-0.75,-4.73));
#10106=CARTESIAN_POINT('',(4.65,-0.42,-4.4));
#10107=VECTOR('',#12101,0.4666904755831);
#10108=CARTESIAN_POINT('',(4.65,-0.75,-5.1));
#10109=CARTESIAN_POINT('',(4.65,-0.75,-4.73));
#10110=VECTOR('',#12102,0.37);
#10111=CARTESIAN_POINT('',(4.65,-1.05,-5.1));
#10112=CARTESIAN_POINT('',(4.65,-0.75,-5.1));
#10113=VECTOR('',#12103,0.3);
#10114=CARTESIAN_POINT('',(4.65,-1.05,-4.6));
#10115=CARTESIAN_POINT('',(4.65,-1.05,-5.1));
#10116=VECTOR('',#12104,0.5);
#10117=CARTESIAN_POINT('',(4.65,-1.05,-4.6));
#10118=VECTOR('',#12105,0.2828427124746);
#10119=CARTESIAN_POINT('',(4.65,0.3602562240964,-1.809168558024));
#10120=CARTESIAN_POINT('',(4.65,0.441375031705,-3.39));
#10121=VECTOR('',#12106,1.582911339554);
#10122=CARTESIAN_POINT('',(4.65,0.3781801907155,-1.716957743571));
#10123=AXIS2_PLACEMENT_3D('',#12107,#12108,#12109);
#10124=CARTESIAN_POINT('',(4.65,0.45,-1.5625));
#10125=CARTESIAN_POINT('',(4.65,0.3781801907155,-1.716957743571));
#10126=VECTOR('',#12110,0.1703387200692);
#10127=CARTESIAN_POINT('',(4.65,0.45,-3.39));
#10128=VECTOR('',#12111,1.8275);
#10129=CARTESIAN_POINT('',(4.85,-1.05,-4.6));
#10130=CARTESIAN_POINT('',(4.65,-1.05,-4.6));
#10131=VECTOR('',#12112,0.2);
#10132=CARTESIAN_POINT('',(4.85,-1.05,-4.6));
#10133=VECTOR('',#12113,0.2828427124746);
#10134=CARTESIAN_POINT('',(4.85,-1.05,-5.1));
#10135=CARTESIAN_POINT('',(4.85,-1.05,-5.1));
#10136=VECTOR('',#12114,0.5);
#10137=CARTESIAN_POINT('',(4.85,-0.75,-5.1));
#10138=CARTESIAN_POINT('',(4.85,-0.75,-5.1));
#10139=VECTOR('',#12115,0.3);
#10140=CARTESIAN_POINT('',(4.85,-0.75,-4.73));
#10141=CARTESIAN_POINT('',(4.85,-0.75,-4.73));
#10142=VECTOR('',#12116,0.37);
#10143=CARTESIAN_POINT('',(4.85,-0.42,-4.4));
#10144=VECTOR('',#12117,0.4666904755831);
#10145=CARTESIAN_POINT('',(4.85,0.3781801907155,-1.716957743571));
#10146=CARTESIAN_POINT('',(4.85,0.45,-1.5625));
#10147=CARTESIAN_POINT('',(4.85,0.3781801907155,-1.716957743571));
#10148=VECTOR('',#12118,0.1703387200692);
#10149=CARTESIAN_POINT('',(4.85,0.3602562240964,-1.809168558024));
#10150=AXIS2_PLACEMENT_3D('',#12119,#12120,#12121);
#10151=CARTESIAN_POINT('',(4.85,0.441375031705,-3.39));
#10152=VECTOR('',#12122,1.582911339554);
#10153=CARTESIAN_POINT('',(4.85,0.45,-3.39));
#10154=VECTOR('',#12123,1.8275);
#10155=CARTESIAN_POINT('',(4.65,-0.75,-4.73));
#10156=VECTOR('',#12124,0.2);
#10157=CARTESIAN_POINT('',(4.65,-0.75,-5.1));
#10158=VECTOR('',#12125,0.2);
#10159=CARTESIAN_POINT('',(4.65,-1.05,-5.1));
#10160=VECTOR('',#12126,0.2);
#10161=CARTESIAN_POINT('',(4.85,0.45,-1.5625));
#10162=VECTOR('',#12127,0.2);
#10163=CARTESIAN_POINT('',(5.3,0.45,-1.49));
#10164=VECTOR('',#12128,10.6);
#10165=CARTESIAN_POINT('',(-4.85,0.45,-1.5625));
#10166=CARTESIAN_POINT('',(-4.85,0.45,-3.39));
#10167=VECTOR('',#12129,1.8275);
#10168=CARTESIAN_POINT('',(-4.65,0.45,-1.5625));
#10169=CARTESIAN_POINT('',(-4.65,0.45,-1.5625));
#10170=VECTOR('',#12130,0.2);
#10171=CARTESIAN_POINT('',(-4.65,0.45,-3.39));
#10172=VECTOR('',#12131,1.8275);
#10173=CARTESIAN_POINT('',(-4.35,0.45,-1.5625));
#10174=CARTESIAN_POINT('',(-4.35,0.45,-3.39));
#10175=VECTOR('',#12132,1.8275);
#10176=CARTESIAN_POINT('',(-4.15,0.45,-1.5625));
#10177=CARTESIAN_POINT('',(-4.35,0.45,-1.5625));
#10178=VECTOR('',#12133,0.2);
#10179=CARTESIAN_POINT('',(-4.15,0.45,-3.39));
#10180=VECTOR('',#12134,1.8275);
#10181=CARTESIAN_POINT('',(-3.85,0.45,-1.5625));
#10182=CARTESIAN_POINT('',(-3.85,0.45,-3.39));
#10183=VECTOR('',#12135,1.8275);
#10184=CARTESIAN_POINT('',(-3.65,0.45,-1.5625));
#10185=CARTESIAN_POINT('',(-3.65,0.45,-1.5625));
#10186=VECTOR('',#12136,0.2);
#10187=CARTESIAN_POINT('',(-3.65,0.45,-3.39));
#10188=VECTOR('',#12137,1.8275);
#10189=CARTESIAN_POINT('',(-3.35,0.45,-1.5625));
#10190=CARTESIAN_POINT('',(-3.35,0.45,-3.39));
#10191=VECTOR('',#12138,1.8275);
#10192=CARTESIAN_POINT('',(-3.15,0.45,-1.5625));
#10193=CARTESIAN_POINT('',(-3.15,0.45,-1.5625));
#10194=VECTOR('',#12139,0.2);
#10195=CARTESIAN_POINT('',(-3.15,0.45,-3.39));
#10196=VECTOR('',#12140,1.8275);
#10197=CARTESIAN_POINT('',(-2.85,0.45,-1.5625));
#10198=CARTESIAN_POINT('',(-2.85,0.45,-3.39));
#10199=VECTOR('',#12141,1.8275);
#10200=CARTESIAN_POINT('',(-2.65,0.45,-1.5625));
#10201=CARTESIAN_POINT('',(-2.65,0.45,-1.5625));
#10202=VECTOR('',#12142,0.2);
#10203=CARTESIAN_POINT('',(-2.65,0.45,-3.39));
#10204=VECTOR('',#12143,1.8275);
#10205=CARTESIAN_POINT('',(-2.35,0.45,-1.5625));
#10206=CARTESIAN_POINT('',(-2.35,0.45,-3.39));
#10207=VECTOR('',#12144,1.8275);
#10208=CARTESIAN_POINT('',(-2.15,0.45,-1.5625));
#10209=CARTESIAN_POINT('',(-2.15,0.45,-1.5625));
#10210=VECTOR('',#12145,0.2);
#10211=CARTESIAN_POINT('',(-2.15,0.45,-3.39));
#10212=VECTOR('',#12146,1.8275);
#10213=CARTESIAN_POINT('',(-1.85,0.45,-1.5625));
#10214=CARTESIAN_POINT('',(-1.85,0.45,-3.39));
#10215=VECTOR('',#12147,1.8275);
#10216=CARTESIAN_POINT('',(-1.65,0.45,-1.5625));
#10217=CARTESIAN_POINT('',(-1.65,0.45,-1.5625));
#10218=VECTOR('',#12148,0.2);
#10219=CARTESIAN_POINT('',(-1.65,0.45,-3.39));
#10220=VECTOR('',#12149,1.8275);
#10221=CARTESIAN_POINT('',(-1.35,0.45,-1.5625));
#10222=CARTESIAN_POINT('',(-1.35,0.45,-3.39));
#10223=VECTOR('',#12150,1.8275);
#10224=CARTESIAN_POINT('',(-1.15,0.45,-1.5625));
#10225=CARTESIAN_POINT('',(-1.15,0.45,-1.5625));
#10226=VECTOR('',#12151,0.2);
#10227=CARTESIAN_POINT('',(-1.15,0.45,-3.39));
#10228=VECTOR('',#12152,1.8275);
#10229=CARTESIAN_POINT('',(-0.85,0.45,-1.5625));
#10230=CARTESIAN_POINT('',(-0.85,0.45,-3.39));
#10231=VECTOR('',#12153,1.8275);
#10232=CARTESIAN_POINT('',(-0.65,0.45,-1.5625));
#10233=CARTESIAN_POINT('',(-0.65,0.45,-1.5625));
#10234=VECTOR('',#12154,0.2);
#10235=CARTESIAN_POINT('',(-0.65,0.45,-3.39));
#10236=VECTOR('',#12155,1.8275);
#10237=CARTESIAN_POINT('',(-0.35,0.45,-1.5625));
#10238=CARTESIAN_POINT('',(-0.35,0.45,-3.39));
#10239=VECTOR('',#12156,1.8275);
#10240=CARTESIAN_POINT('',(-0.15,0.45,-1.5625));
#10241=CARTESIAN_POINT('',(-0.15,0.45,-1.5625));
#10242=VECTOR('',#12157,0.2);
#10243=CARTESIAN_POINT('',(-0.15,0.45,-3.39));
#10244=VECTOR('',#12158,1.8275);
#10245=CARTESIAN_POINT('',(0.15,0.45,-1.5625));
#10246=CARTESIAN_POINT('',(0.15,0.45,-3.39));
#10247=VECTOR('',#12159,1.8275);
#10248=CARTESIAN_POINT('',(0.35,0.45,-1.5625));
#10249=CARTESIAN_POINT('',(0.35,0.45,-1.5625));
#10250=VECTOR('',#12160,0.2);
#10251=CARTESIAN_POINT('',(0.35,0.45,-3.39));
#10252=VECTOR('',#12161,1.8275);
#10253=CARTESIAN_POINT('',(0.65,0.45,-1.5625));
#10254=CARTESIAN_POINT('',(0.65,0.45,-3.39));
#10255=VECTOR('',#12162,1.8275);
#10256=CARTESIAN_POINT('',(0.85,0.45,-1.5625));
#10257=CARTESIAN_POINT('',(0.85,0.45,-1.5625));
#10258=VECTOR('',#12163,0.2);
#10259=CARTESIAN_POINT('',(0.85,0.45,-3.39));
#10260=VECTOR('',#12164,1.8275);
#10261=CARTESIAN_POINT('',(1.15,0.45,-1.5625));
#10262=CARTESIAN_POINT('',(1.15,0.45,-3.39));
#10263=VECTOR('',#12165,1.8275);
#10264=CARTESIAN_POINT('',(1.35,0.45,-1.5625));
#10265=CARTESIAN_POINT('',(1.35,0.45,-1.5625));
#10266=VECTOR('',#12166,0.2);
#10267=CARTESIAN_POINT('',(1.35,0.45,-3.39));
#10268=VECTOR('',#12167,1.8275);
#10269=CARTESIAN_POINT('',(1.65,0.45,-1.5625));
#10270=CARTESIAN_POINT('',(1.65,0.45,-3.39));
#10271=VECTOR('',#12168,1.8275);
#10272=CARTESIAN_POINT('',(1.85,0.45,-1.5625));
#10273=CARTESIAN_POINT('',(1.85,0.45,-1.5625));
#10274=VECTOR('',#12169,0.2);
#10275=CARTESIAN_POINT('',(1.85,0.45,-3.39));
#10276=VECTOR('',#12170,1.8275);
#10277=CARTESIAN_POINT('',(2.15,0.45,-1.5625));
#10278=CARTESIAN_POINT('',(2.15,0.45,-3.39));
#10279=VECTOR('',#12171,1.8275);
#10280=CARTESIAN_POINT('',(2.35,0.45,-1.5625));
#10281=CARTESIAN_POINT('',(2.35,0.45,-1.5625));
#10282=VECTOR('',#12172,0.2);
#10283=CARTESIAN_POINT('',(2.35,0.45,-3.39));
#10284=VECTOR('',#12173,1.8275);
#10285=CARTESIAN_POINT('',(2.65,0.45,-1.5625));
#10286=CARTESIAN_POINT('',(2.65,0.45,-3.39));
#10287=VECTOR('',#12174,1.8275);
#10288=CARTESIAN_POINT('',(2.85,0.45,-1.5625));
#10289=CARTESIAN_POINT('',(2.85,0.45,-1.5625));
#10290=VECTOR('',#12175,0.2);
#10291=CARTESIAN_POINT('',(2.85,0.45,-3.39));
#10292=VECTOR('',#12176,1.8275);
#10293=CARTESIAN_POINT('',(3.15,0.45,-1.5625));
#10294=CARTESIAN_POINT('',(3.15,0.45,-3.39));
#10295=VECTOR('',#12177,1.8275);
#10296=CARTESIAN_POINT('',(3.35,0.45,-1.5625));
#10297=CARTESIAN_POINT('',(3.35,0.45,-1.5625));
#10298=VECTOR('',#12178,0.2);
#10299=CARTESIAN_POINT('',(3.35,0.45,-3.39));
#10300=VECTOR('',#12179,1.8275);
#10301=CARTESIAN_POINT('',(3.65,0.45,-1.5625));
#10302=CARTESIAN_POINT('',(3.65,0.45,-3.39));
#10303=VECTOR('',#12180,1.8275);
#10304=CARTESIAN_POINT('',(3.85,0.45,-1.5625));
#10305=CARTESIAN_POINT('',(3.85,0.45,-1.5625));
#10306=VECTOR('',#12181,0.2);
#10307=CARTESIAN_POINT('',(3.85,0.45,-3.39));
#10308=VECTOR('',#12182,1.8275);
#10309=CARTESIAN_POINT('',(4.15,0.45,-1.5625));
#10310=CARTESIAN_POINT('',(4.15,0.45,-3.39));
#10311=VECTOR('',#12183,1.8275);
#10312=CARTESIAN_POINT('',(4.35,0.45,-1.5625));
#10313=CARTESIAN_POINT('',(4.35,0.45,-1.5625));
#10314=VECTOR('',#12184,0.2);
#10315=CARTESIAN_POINT('',(4.35,0.45,-3.39));
#10316=VECTOR('',#12185,1.8275);
#10317=CARTESIAN_POINT('',(4.35,-1.05,-4.6));
#10318=CARTESIAN_POINT('',(4.35,-1.05,-4.6));
#10319=VECTOR('',#12186,0.2828427124746);
#10320=CARTESIAN_POINT('',(4.35,-1.05,-5.1));
#10321=CARTESIAN_POINT('',(4.35,-1.05,-5.1));
#10322=VECTOR('',#12187,0.5);
#10323=CARTESIAN_POINT('',(4.35,-0.75,-5.1));
#10324=CARTESIAN_POINT('',(4.35,-0.75,-5.1));
#10325=VECTOR('',#12188,0.3);
#10326=CARTESIAN_POINT('',(4.35,-0.75,-4.73));
#10327=CARTESIAN_POINT('',(4.35,-0.75,-4.73));
#10328=VECTOR('',#12189,0.37);
#10329=CARTESIAN_POINT('',(4.35,-0.42,-4.4));
#10330=VECTOR('',#12190,0.4666904755831);
#10331=CARTESIAN_POINT('',(4.35,0.3781801907155,-1.716957743571));
#10332=CARTESIAN_POINT('',(4.35,0.3781801907155,-1.716957743571));
#10333=VECTOR('',#12191,0.1703387200692);
#10334=CARTESIAN_POINT('',(4.35,0.3602562240964,-1.809168558024));
#10335=AXIS2_PLACEMENT_3D('',#12192,#12193,#12194);
#10336=CARTESIAN_POINT('',(4.35,0.441375031705,-3.39));
#10337=VECTOR('',#12195,1.582911339554);
#10338=CARTESIAN_POINT('',(4.15,-0.75,-4.73));
#10339=CARTESIAN_POINT('',(4.15,-0.75,-4.73));
#10340=VECTOR('',#12196,0.2);
#10341=CARTESIAN_POINT('',(4.15,-0.42,-4.4));
#10342=VECTOR('',#12197,0.4666904755831);
#10343=CARTESIAN_POINT('',(4.15,-0.75,-5.1));
#10344=CARTESIAN_POINT('',(4.15,-0.75,-4.73));
#10345=VECTOR('',#12198,0.37);
#10346=CARTESIAN_POINT('',(4.15,-1.05,-5.1));
#10347=CARTESIAN_POINT('',(4.15,-0.75,-5.1));
#10348=VECTOR('',#12199,0.3);
#10349=CARTESIAN_POINT('',(4.15,-1.05,-4.6));
#10350=CARTESIAN_POINT('',(4.15,-1.05,-5.1));
#10351=VECTOR('',#12200,0.5);
#10352=CARTESIAN_POINT('',(4.15,-1.05,-4.6));
#10353=VECTOR('',#12201,0.2828427124746);
#10354=CARTESIAN_POINT('',(4.15,0.3602562240964,-1.809168558024));
#10355=CARTESIAN_POINT('',(4.15,0.441375031705,-3.39));
#10356=VECTOR('',#12202,1.582911339554);
#10357=CARTESIAN_POINT('',(4.15,0.3781801907155,-1.716957743571));
#10358=AXIS2_PLACEMENT_3D('',#12203,#12204,#12205);
#10359=CARTESIAN_POINT('',(4.15,0.3781801907155,-1.716957743571));
#10360=VECTOR('',#12206,0.1703387200692);
#10361=CARTESIAN_POINT('',(4.15,-1.05,-4.6));
#10362=VECTOR('',#12207,0.2);
#10363=CARTESIAN_POINT('',(4.15,-1.05,-5.1));
#10364=VECTOR('',#12208,0.2);
#10365=CARTESIAN_POINT('',(4.15,-0.75,-5.1));
#10366=VECTOR('',#12209,0.2);
#10367=CARTESIAN_POINT('',(4.15,0.3781801907155,-1.716957743571));
#10368=VECTOR('',#12210,0.2);
#10369=CARTESIAN_POINT('',(4.15,0.3602562240964,-1.809168558024));
#10370=VECTOR('',#12211,0.2);
#10371=CARTESIAN_POINT('',(3.85,-1.05,-4.6));
#10372=CARTESIAN_POINT('',(3.85,-1.05,-4.6));
#10373=VECTOR('',#12212,0.2828427124746);
#10374=CARTESIAN_POINT('',(3.85,-1.05,-5.1));
#10375=CARTESIAN_POINT('',(3.85,-1.05,-5.1));
#10376=VECTOR('',#12213,0.5);
#10377=CARTESIAN_POINT('',(3.85,-0.75,-5.1));
#10378=CARTESIAN_POINT('',(3.85,-0.75,-5.1));
#10379=VECTOR('',#12214,0.3);
#10380=CARTESIAN_POINT('',(3.85,-0.75,-4.73));
#10381=CARTESIAN_POINT('',(3.85,-0.75,-4.73));
#10382=VECTOR('',#12215,0.37);
#10383=CARTESIAN_POINT('',(3.85,-0.42,-4.4));
#10384=VECTOR('',#12216,0.4666904755831);
#10385=CARTESIAN_POINT('',(3.85,0.3781801907155,-1.716957743571));
#10386=CARTESIAN_POINT('',(3.85,0.3781801907155,-1.716957743571));
#10387=VECTOR('',#12217,0.1703387200692);
#10388=CARTESIAN_POINT('',(3.85,0.3602562240964,-1.809168558024));
#10389=AXIS2_PLACEMENT_3D('',#12218,#12219,#12220);
#10390=CARTESIAN_POINT('',(3.85,0.441375031705,-3.39));
#10391=VECTOR('',#12221,1.582911339554);
#10392=CARTESIAN_POINT('',(3.65,-0.75,-4.73));
#10393=CARTESIAN_POINT('',(3.65,-0.75,-4.73));
#10394=VECTOR('',#12222,0.2);
#10395=CARTESIAN_POINT('',(3.65,-0.42,-4.4));
#10396=VECTOR('',#12223,0.4666904755831);
#10397=CARTESIAN_POINT('',(3.65,-0.75,-5.1));
#10398=CARTESIAN_POINT('',(3.65,-0.75,-4.73));
#10399=VECTOR('',#12224,0.37);
#10400=CARTESIAN_POINT('',(3.65,-1.05,-5.1));
#10401=CARTESIAN_POINT('',(3.65,-0.75,-5.1));
#10402=VECTOR('',#12225,0.3);
#10403=CARTESIAN_POINT('',(3.65,-1.05,-4.6));
#10404=CARTESIAN_POINT('',(3.65,-1.05,-5.1));
#10405=VECTOR('',#12226,0.5);
#10406=CARTESIAN_POINT('',(3.65,-1.05,-4.6));
#10407=VECTOR('',#12227,0.2828427124746);
#10408=CARTESIAN_POINT('',(3.65,0.3602562240964,-1.809168558024));
#10409=CARTESIAN_POINT('',(3.65,0.441375031705,-3.39));
#10410=VECTOR('',#12228,1.582911339554);
#10411=CARTESIAN_POINT('',(3.65,0.3781801907155,-1.716957743571));
#10412=AXIS2_PLACEMENT_3D('',#12229,#12230,#12231);
#10413=CARTESIAN_POINT('',(3.65,0.3781801907155,-1.716957743571));
#10414=VECTOR('',#12232,0.1703387200692);
#10415=CARTESIAN_POINT('',(3.65,-1.05,-4.6));
#10416=VECTOR('',#12233,0.2);
#10417=CARTESIAN_POINT('',(3.65,-1.05,-5.1));
#10418=VECTOR('',#12234,0.2);
#10419=CARTESIAN_POINT('',(3.65,-0.75,-5.1));
#10420=VECTOR('',#12235,0.2);
#10421=CARTESIAN_POINT('',(3.65,0.3781801907155,-1.716957743571));
#10422=VECTOR('',#12236,0.2);
#10423=CARTESIAN_POINT('',(3.65,0.3602562240964,-1.809168558024));
#10424=VECTOR('',#12237,0.2);
#10425=CARTESIAN_POINT('',(3.35,-1.05,-4.6));
#10426=CARTESIAN_POINT('',(3.35,-1.05,-4.6));
#10427=VECTOR('',#12238,0.2828427124746);
#10428=CARTESIAN_POINT('',(3.35,-1.05,-5.1));
#10429=CARTESIAN_POINT('',(3.35,-1.05,-5.1));
#10430=VECTOR('',#12239,0.5);
#10431=CARTESIAN_POINT('',(3.35,-0.75,-5.1));
#10432=CARTESIAN_POINT('',(3.35,-0.75,-5.1));
#10433=VECTOR('',#12240,0.3);
#10434=CARTESIAN_POINT('',(3.35,-0.75,-4.73));
#10435=CARTESIAN_POINT('',(3.35,-0.75,-4.73));
#10436=VECTOR('',#12241,0.37);
#10437=CARTESIAN_POINT('',(3.35,-0.42,-4.4));
#10438=VECTOR('',#12242,0.4666904755831);
#10439=CARTESIAN_POINT('',(3.35,0.3781801907155,-1.716957743571));
#10440=CARTESIAN_POINT('',(3.35,0.3781801907155,-1.716957743571));
#10441=VECTOR('',#12243,0.1703387200692);
#10442=CARTESIAN_POINT('',(3.35,0.3602562240964,-1.809168558024));
#10443=AXIS2_PLACEMENT_3D('',#12244,#12245,#12246);
#10444=CARTESIAN_POINT('',(3.35,0.441375031705,-3.39));
#10445=VECTOR('',#12247,1.582911339554);
#10446=CARTESIAN_POINT('',(3.15,-0.75,-4.73));
#10447=CARTESIAN_POINT('',(3.15,-0.75,-4.73));
#10448=VECTOR('',#12248,0.2);
#10449=CARTESIAN_POINT('',(3.15,-0.42,-4.4));
#10450=VECTOR('',#12249,0.4666904755831);
#10451=CARTESIAN_POINT('',(3.15,-0.75,-5.1));
#10452=CARTESIAN_POINT('',(3.15,-0.75,-4.73));
#10453=VECTOR('',#12250,0.37);
#10454=CARTESIAN_POINT('',(3.15,-1.05,-5.1));
#10455=CARTESIAN_POINT('',(3.15,-0.75,-5.1));
#10456=VECTOR('',#12251,0.3);
#10457=CARTESIAN_POINT('',(3.15,-1.05,-4.6));
#10458=CARTESIAN_POINT('',(3.15,-1.05,-5.1));
#10459=VECTOR('',#12252,0.5);
#10460=CARTESIAN_POINT('',(3.15,-1.05,-4.6));
#10461=VECTOR('',#12253,0.2828427124746);
#10462=CARTESIAN_POINT('',(3.15,0.3602562240964,-1.809168558024));
#10463=CARTESIAN_POINT('',(3.15,0.441375031705,-3.39));
#10464=VECTOR('',#12254,1.582911339554);
#10465=CARTESIAN_POINT('',(3.15,0.3781801907155,-1.716957743571));
#10466=AXIS2_PLACEMENT_3D('',#12255,#12256,#12257);
#10467=CARTESIAN_POINT('',(3.15,0.3781801907155,-1.716957743571));
#10468=VECTOR('',#12258,0.1703387200692);
#10469=CARTESIAN_POINT('',(3.15,-1.05,-4.6));
#10470=VECTOR('',#12259,0.2);
#10471=CARTESIAN_POINT('',(3.15,-1.05,-5.1));
#10472=VECTOR('',#12260,0.2);
#10473=CARTESIAN_POINT('',(3.15,-0.75,-5.1));
#10474=VECTOR('',#12261,0.2);
#10475=CARTESIAN_POINT('',(3.15,0.3781801907155,-1.716957743571));
#10476=VECTOR('',#12262,0.2);
#10477=CARTESIAN_POINT('',(3.15,0.3602562240964,-1.809168558024));
#10478=VECTOR('',#12263,0.2);
#10479=CARTESIAN_POINT('',(2.85,-1.05,-4.6));
#10480=CARTESIAN_POINT('',(2.85,-1.05,-4.6));
#10481=VECTOR('',#12264,0.2828427124746);
#10482=CARTESIAN_POINT('',(2.85,-1.05,-5.1));
#10483=CARTESIAN_POINT('',(2.85,-1.05,-5.1));
#10484=VECTOR('',#12265,0.5);
#10485=CARTESIAN_POINT('',(2.85,-0.75,-5.1));
#10486=CARTESIAN_POINT('',(2.85,-0.75,-5.1));
#10487=VECTOR('',#12266,0.3);
#10488=CARTESIAN_POINT('',(2.85,-0.75,-4.73));
#10489=CARTESIAN_POINT('',(2.85,-0.75,-4.73));
#10490=VECTOR('',#12267,0.37);
#10491=CARTESIAN_POINT('',(2.85,-0.42,-4.4));
#10492=VECTOR('',#12268,0.4666904755831);
#10493=CARTESIAN_POINT('',(2.85,0.3781801907155,-1.716957743571));
#10494=CARTESIAN_POINT('',(2.85,0.3781801907155,-1.716957743571));
#10495=VECTOR('',#12269,0.1703387200692);
#10496=CARTESIAN_POINT('',(2.85,0.3602562240964,-1.809168558024));
#10497=AXIS2_PLACEMENT_3D('',#12270,#12271,#12272);
#10498=CARTESIAN_POINT('',(2.85,0.441375031705,-3.39));
#10499=VECTOR('',#12273,1.582911339554);
#10500=CARTESIAN_POINT('',(2.65,-0.75,-4.73));
#10501=CARTESIAN_POINT('',(2.65,-0.75,-4.73));
#10502=VECTOR('',#12274,0.2);
#10503=CARTESIAN_POINT('',(2.65,-0.42,-4.4));
#10504=VECTOR('',#12275,0.4666904755831);
#10505=CARTESIAN_POINT('',(2.65,-0.75,-5.1));
#10506=CARTESIAN_POINT('',(2.65,-0.75,-4.73));
#10507=VECTOR('',#12276,0.37);
#10508=CARTESIAN_POINT('',(2.65,-1.05,-5.1));
#10509=CARTESIAN_POINT('',(2.65,-0.75,-5.1));
#10510=VECTOR('',#12277,0.3);
#10511=CARTESIAN_POINT('',(2.65,-1.05,-4.6));
#10512=CARTESIAN_POINT('',(2.65,-1.05,-5.1));
#10513=VECTOR('',#12278,0.5);
#10514=CARTESIAN_POINT('',(2.65,-1.05,-4.6));
#10515=VECTOR('',#12279,0.2828427124746);
#10516=CARTESIAN_POINT('',(2.65,0.3602562240964,-1.809168558024));
#10517=CARTESIAN_POINT('',(2.65,0.441375031705,-3.39));
#10518=VECTOR('',#12280,1.582911339554);
#10519=CARTESIAN_POINT('',(2.65,0.3781801907155,-1.716957743571));
#10520=AXIS2_PLACEMENT_3D('',#12281,#12282,#12283);
#10521=CARTESIAN_POINT('',(2.65,0.3781801907155,-1.716957743571));
#10522=VECTOR('',#12284,0.1703387200692);
#10523=CARTESIAN_POINT('',(2.65,-1.05,-4.6));
#10524=VECTOR('',#12285,0.2);
#10525=CARTESIAN_POINT('',(2.65,-1.05,-5.1));
#10526=VECTOR('',#12286,0.2);
#10527=CARTESIAN_POINT('',(2.65,-0.75,-5.1));
#10528=VECTOR('',#12287,0.2);
#10529=CARTESIAN_POINT('',(2.65,0.3781801907155,-1.716957743571));
#10530=VECTOR('',#12288,0.2);
#10531=CARTESIAN_POINT('',(2.65,0.3602562240964,-1.809168558024));
#10532=VECTOR('',#12289,0.2);
#10533=CARTESIAN_POINT('',(2.35,-1.05,-4.6));
#10534=CARTESIAN_POINT('',(2.35,-1.05,-4.6));
#10535=VECTOR('',#12290,0.2828427124746);
#10536=CARTESIAN_POINT('',(2.35,-1.05,-5.1));
#10537=CARTESIAN_POINT('',(2.35,-1.05,-5.1));
#10538=VECTOR('',#12291,0.5);
#10539=CARTESIAN_POINT('',(2.35,-0.75,-5.1));
#10540=CARTESIAN_POINT('',(2.35,-0.75,-5.1));
#10541=VECTOR('',#12292,0.3);
#10542=CARTESIAN_POINT('',(2.35,-0.75,-4.73));
#10543=CARTESIAN_POINT('',(2.35,-0.75,-4.73));
#10544=VECTOR('',#12293,0.37);
#10545=CARTESIAN_POINT('',(2.35,-0.42,-4.4));
#10546=VECTOR('',#12294,0.4666904755831);
#10547=CARTESIAN_POINT('',(2.35,0.3781801907155,-1.716957743571));
#10548=CARTESIAN_POINT('',(2.35,0.3781801907155,-1.716957743571));
#10549=VECTOR('',#12295,0.1703387200692);
#10550=CARTESIAN_POINT('',(2.35,0.3602562240964,-1.809168558024));
#10551=AXIS2_PLACEMENT_3D('',#12296,#12297,#12298);
#10552=CARTESIAN_POINT('',(2.35,0.441375031705,-3.39));
#10553=VECTOR('',#12299,1.582911339554);
#10554=CARTESIAN_POINT('',(2.15,-0.75,-4.73));
#10555=CARTESIAN_POINT('',(2.15,-0.75,-4.73));
#10556=VECTOR('',#12300,0.2);
#10557=CARTESIAN_POINT('',(2.15,-0.42,-4.4));
#10558=VECTOR('',#12301,0.4666904755831);
#10559=CARTESIAN_POINT('',(2.15,-0.75,-5.1));
#10560=CARTESIAN_POINT('',(2.15,-0.75,-4.73));
#10561=VECTOR('',#12302,0.37);
#10562=CARTESIAN_POINT('',(2.15,-1.05,-5.1));
#10563=CARTESIAN_POINT('',(2.15,-0.75,-5.1));
#10564=VECTOR('',#12303,0.3);
#10565=CARTESIAN_POINT('',(2.15,-1.05,-4.6));
#10566=CARTESIAN_POINT('',(2.15,-1.05,-5.1));
#10567=VECTOR('',#12304,0.5);
#10568=CARTESIAN_POINT('',(2.15,-1.05,-4.6));
#10569=VECTOR('',#12305,0.2828427124746);
#10570=CARTESIAN_POINT('',(2.15,0.3602562240964,-1.809168558024));
#10571=CARTESIAN_POINT('',(2.15,0.441375031705,-3.39));
#10572=VECTOR('',#12306,1.582911339554);
#10573=CARTESIAN_POINT('',(2.15,0.3781801907155,-1.716957743571));
#10574=AXIS2_PLACEMENT_3D('',#12307,#12308,#12309);
#10575=CARTESIAN_POINT('',(2.15,0.3781801907155,-1.716957743571));
#10576=VECTOR('',#12310,0.1703387200692);
#10577=CARTESIAN_POINT('',(2.15,-1.05,-4.6));
#10578=VECTOR('',#12311,0.2);
#10579=CARTESIAN_POINT('',(2.15,-1.05,-5.1));
#10580=VECTOR('',#12312,0.2);
#10581=CARTESIAN_POINT('',(2.15,-0.75,-5.1));
#10582=VECTOR('',#12313,0.2);
#10583=CARTESIAN_POINT('',(2.15,0.3781801907155,-1.716957743571));
#10584=VECTOR('',#12314,0.2);
#10585=CARTESIAN_POINT('',(2.15,0.3602562240964,-1.809168558024));
#10586=VECTOR('',#12315,0.2);
#10587=CARTESIAN_POINT('',(1.85,-1.05,-4.6));
#10588=CARTESIAN_POINT('',(1.85,-1.05,-4.6));
#10589=VECTOR('',#12316,0.2828427124746);
#10590=CARTESIAN_POINT('',(1.85,-1.05,-5.1));
#10591=CARTESIAN_POINT('',(1.85,-1.05,-5.1));
#10592=VECTOR('',#12317,0.5);
#10593=CARTESIAN_POINT('',(1.85,-0.75,-5.1));
#10594=CARTESIAN_POINT('',(1.85,-0.75,-5.1));
#10595=VECTOR('',#12318,0.3);
#10596=CARTESIAN_POINT('',(1.85,-0.75,-4.73));
#10597=CARTESIAN_POINT('',(1.85,-0.75,-4.73));
#10598=VECTOR('',#12319,0.37);
#10599=CARTESIAN_POINT('',(1.85,-0.42,-4.4));
#10600=VECTOR('',#12320,0.4666904755831);
#10601=CARTESIAN_POINT('',(1.85,0.3781801907155,-1.716957743571));
#10602=CARTESIAN_POINT('',(1.85,0.3781801907155,-1.716957743571));
#10603=VECTOR('',#12321,0.1703387200692);
#10604=CARTESIAN_POINT('',(1.85,0.3602562240964,-1.809168558024));
#10605=AXIS2_PLACEMENT_3D('',#12322,#12323,#12324);
#10606=CARTESIAN_POINT('',(1.85,0.441375031705,-3.39));
#10607=VECTOR('',#12325,1.582911339554);
#10608=CARTESIAN_POINT('',(1.65,-0.75,-4.73));
#10609=CARTESIAN_POINT('',(1.65,-0.75,-4.73));
#10610=VECTOR('',#12326,0.2);
#10611=CARTESIAN_POINT('',(1.65,-0.42,-4.4));
#10612=VECTOR('',#12327,0.4666904755831);
#10613=CARTESIAN_POINT('',(1.65,-0.75,-5.1));
#10614=CARTESIAN_POINT('',(1.65,-0.75,-4.73));
#10615=VECTOR('',#12328,0.37);
#10616=CARTESIAN_POINT('',(1.65,-1.05,-5.1));
#10617=CARTESIAN_POINT('',(1.65,-0.75,-5.1));
#10618=VECTOR('',#12329,0.3);
#10619=CARTESIAN_POINT('',(1.65,-1.05,-4.6));
#10620=CARTESIAN_POINT('',(1.65,-1.05,-5.1));
#10621=VECTOR('',#12330,0.5);
#10622=CARTESIAN_POINT('',(1.65,-1.05,-4.6));
#10623=VECTOR('',#12331,0.2828427124746);
#10624=CARTESIAN_POINT('',(1.65,0.3602562240964,-1.809168558024));
#10625=CARTESIAN_POINT('',(1.65,0.441375031705,-3.39));
#10626=VECTOR('',#12332,1.582911339554);
#10627=CARTESIAN_POINT('',(1.65,0.3781801907155,-1.716957743571));
#10628=AXIS2_PLACEMENT_3D('',#12333,#12334,#12335);
#10629=CARTESIAN_POINT('',(1.65,0.3781801907155,-1.716957743571));
#10630=VECTOR('',#12336,0.1703387200692);
#10631=CARTESIAN_POINT('',(1.65,-1.05,-4.6));
#10632=VECTOR('',#12337,0.2);
#10633=CARTESIAN_POINT('',(1.65,-1.05,-5.1));
#10634=VECTOR('',#12338,0.2);
#10635=CARTESIAN_POINT('',(1.65,-0.75,-5.1));
#10636=VECTOR('',#12339,0.2);
#10637=CARTESIAN_POINT('',(1.65,0.3781801907155,-1.716957743571));
#10638=VECTOR('',#12340,0.2);
#10639=CARTESIAN_POINT('',(1.65,0.3602562240964,-1.809168558024));
#10640=VECTOR('',#12341,0.2);
#10641=CARTESIAN_POINT('',(1.35,-1.05,-4.6));
#10642=CARTESIAN_POINT('',(1.35,-1.05,-4.6));
#10643=VECTOR('',#12342,0.2828427124746);
#10644=CARTESIAN_POINT('',(1.35,-1.05,-5.1));
#10645=CARTESIAN_POINT('',(1.35,-1.05,-5.1));
#10646=VECTOR('',#12343,0.5);
#10647=CARTESIAN_POINT('',(1.35,-0.75,-5.1));
#10648=CARTESIAN_POINT('',(1.35,-0.75,-5.1));
#10649=VECTOR('',#12344,0.3);
#10650=CARTESIAN_POINT('',(1.35,-0.75,-4.73));
#10651=CARTESIAN_POINT('',(1.35,-0.75,-4.73));
#10652=VECTOR('',#12345,0.37);
#10653=CARTESIAN_POINT('',(1.35,-0.42,-4.4));
#10654=VECTOR('',#12346,0.4666904755831);
#10655=CARTESIAN_POINT('',(1.35,0.3781801907155,-1.716957743571));
#10656=CARTESIAN_POINT('',(1.35,0.3781801907155,-1.716957743571));
#10657=VECTOR('',#12347,0.1703387200692);
#10658=CARTESIAN_POINT('',(1.35,0.3602562240964,-1.809168558024));
#10659=AXIS2_PLACEMENT_3D('',#12348,#12349,#12350);
#10660=CARTESIAN_POINT('',(1.35,0.441375031705,-3.39));
#10661=VECTOR('',#12351,1.582911339554);
#10662=CARTESIAN_POINT('',(1.15,-0.75,-4.73));
#10663=CARTESIAN_POINT('',(1.15,-0.75,-4.73));
#10664=VECTOR('',#12352,0.2);
#10665=CARTESIAN_POINT('',(1.15,-0.42,-4.4));
#10666=VECTOR('',#12353,0.4666904755831);
#10667=CARTESIAN_POINT('',(1.15,-0.75,-5.1));
#10668=CARTESIAN_POINT('',(1.15,-0.75,-4.73));
#10669=VECTOR('',#12354,0.37);
#10670=CARTESIAN_POINT('',(1.15,-1.05,-5.1));
#10671=CARTESIAN_POINT('',(1.15,-0.75,-5.1));
#10672=VECTOR('',#12355,0.3);
#10673=CARTESIAN_POINT('',(1.15,-1.05,-4.6));
#10674=CARTESIAN_POINT('',(1.15,-1.05,-5.1));
#10675=VECTOR('',#12356,0.5);
#10676=CARTESIAN_POINT('',(1.15,-1.05,-4.6));
#10677=VECTOR('',#12357,0.2828427124746);
#10678=CARTESIAN_POINT('',(1.15,0.3602562240964,-1.809168558024));
#10679=CARTESIAN_POINT('',(1.15,0.441375031705,-3.39));
#10680=VECTOR('',#12358,1.582911339554);
#10681=CARTESIAN_POINT('',(1.15,0.3781801907155,-1.716957743571));
#10682=AXIS2_PLACEMENT_3D('',#12359,#12360,#12361);
#10683=CARTESIAN_POINT('',(1.15,0.3781801907155,-1.716957743571));
#10684=VECTOR('',#12362,0.1703387200692);
#10685=CARTESIAN_POINT('',(1.15,-1.05,-4.6));
#10686=VECTOR('',#12363,0.2);
#10687=CARTESIAN_POINT('',(1.15,-1.05,-5.1));
#10688=VECTOR('',#12364,0.2);
#10689=CARTESIAN_POINT('',(1.15,-0.75,-5.1));
#10690=VECTOR('',#12365,0.2);
#10691=CARTESIAN_POINT('',(1.15,0.3781801907155,-1.716957743571));
#10692=VECTOR('',#12366,0.2);
#10693=CARTESIAN_POINT('',(1.15,0.3602562240964,-1.809168558024));
#10694=VECTOR('',#12367,0.2);
#10695=CARTESIAN_POINT('',(0.85,-1.05,-4.6));
#10696=CARTESIAN_POINT('',(0.85,-1.05,-4.6));
#10697=VECTOR('',#12368,0.2828427124746);
#10698=CARTESIAN_POINT('',(0.85,-1.05,-5.1));
#10699=CARTESIAN_POINT('',(0.85,-1.05,-5.1));
#10700=VECTOR('',#12369,0.5);
#10701=CARTESIAN_POINT('',(0.85,-0.75,-5.1));
#10702=CARTESIAN_POINT('',(0.85,-0.75,-5.1));
#10703=VECTOR('',#12370,0.3);
#10704=CARTESIAN_POINT('',(0.85,-0.75,-4.73));
#10705=CARTESIAN_POINT('',(0.85,-0.75,-4.73));
#10706=VECTOR('',#12371,0.37);
#10707=CARTESIAN_POINT('',(0.85,-0.42,-4.4));
#10708=VECTOR('',#12372,0.4666904755831);
#10709=CARTESIAN_POINT('',(0.85,0.3781801907155,-1.716957743571));
#10710=CARTESIAN_POINT('',(0.85,0.3781801907155,-1.716957743571));
#10711=VECTOR('',#12373,0.1703387200692);
#10712=CARTESIAN_POINT('',(0.85,0.3602562240964,-1.809168558024));
#10713=AXIS2_PLACEMENT_3D('',#12374,#12375,#12376);
#10714=CARTESIAN_POINT('',(0.85,0.441375031705,-3.39));
#10715=VECTOR('',#12377,1.582911339554);
#10716=CARTESIAN_POINT('',(0.65,-0.75,-4.73));
#10717=CARTESIAN_POINT('',(0.65,-0.75,-4.73));
#10718=VECTOR('',#12378,0.2);
#10719=CARTESIAN_POINT('',(0.65,-0.42,-4.4));
#10720=VECTOR('',#12379,0.4666904755831);
#10721=CARTESIAN_POINT('',(0.65,-0.75,-5.1));
#10722=CARTESIAN_POINT('',(0.65,-0.75,-4.73));
#10723=VECTOR('',#12380,0.37);
#10724=CARTESIAN_POINT('',(0.65,-1.05,-5.1));
#10725=CARTESIAN_POINT('',(0.65,-0.75,-5.1));
#10726=VECTOR('',#12381,0.3);
#10727=CARTESIAN_POINT('',(0.65,-1.05,-4.6));
#10728=CARTESIAN_POINT('',(0.65,-1.05,-5.1));
#10729=VECTOR('',#12382,0.5);
#10730=CARTESIAN_POINT('',(0.65,-1.05,-4.6));
#10731=VECTOR('',#12383,0.2828427124746);
#10732=CARTESIAN_POINT('',(0.65,0.3602562240964,-1.809168558024));
#10733=CARTESIAN_POINT('',(0.65,0.441375031705,-3.39));
#10734=VECTOR('',#12384,1.582911339554);
#10735=CARTESIAN_POINT('',(0.65,0.3781801907155,-1.716957743571));
#10736=AXIS2_PLACEMENT_3D('',#12385,#12386,#12387);
#10737=CARTESIAN_POINT('',(0.65,0.3781801907155,-1.716957743571));
#10738=VECTOR('',#12388,0.1703387200692);
#10739=CARTESIAN_POINT('',(0.65,-1.05,-4.6));
#10740=VECTOR('',#12389,0.2);
#10741=CARTESIAN_POINT('',(0.65,-1.05,-5.1));
#10742=VECTOR('',#12390,0.2);
#10743=CARTESIAN_POINT('',(0.65,-0.75,-5.1));
#10744=VECTOR('',#12391,0.2);
#10745=CARTESIAN_POINT('',(0.65,0.3781801907155,-1.716957743571));
#10746=VECTOR('',#12392,0.2);
#10747=CARTESIAN_POINT('',(0.65,0.3602562240964,-1.809168558024));
#10748=VECTOR('',#12393,0.2);
#10749=CARTESIAN_POINT('',(0.35,-1.05,-4.6));
#10750=CARTESIAN_POINT('',(0.35,-1.05,-4.6));
#10751=VECTOR('',#12394,0.2828427124746);
#10752=CARTESIAN_POINT('',(0.35,-1.05,-5.1));
#10753=CARTESIAN_POINT('',(0.35,-1.05,-5.1));
#10754=VECTOR('',#12395,0.5);
#10755=CARTESIAN_POINT('',(0.35,-0.75,-5.1));
#10756=CARTESIAN_POINT('',(0.35,-0.75,-5.1));
#10757=VECTOR('',#12396,0.3);
#10758=CARTESIAN_POINT('',(0.35,-0.75,-4.73));
#10759=CARTESIAN_POINT('',(0.35,-0.75,-4.73));
#10760=VECTOR('',#12397,0.37);
#10761=CARTESIAN_POINT('',(0.35,-0.42,-4.4));
#10762=VECTOR('',#12398,0.4666904755831);
#10763=CARTESIAN_POINT('',(0.35,0.3781801907155,-1.716957743571));
#10764=CARTESIAN_POINT('',(0.35,0.3781801907155,-1.716957743571));
#10765=VECTOR('',#12399,0.1703387200692);
#10766=CARTESIAN_POINT('',(0.35,0.3602562240964,-1.809168558024));
#10767=AXIS2_PLACEMENT_3D('',#12400,#12401,#12402);
#10768=CARTESIAN_POINT('',(0.35,0.441375031705,-3.39));
#10769=VECTOR('',#12403,1.582911339554);
#10770=CARTESIAN_POINT('',(0.15,-0.75,-4.73));
#10771=CARTESIAN_POINT('',(0.15,-0.75,-4.73));
#10772=VECTOR('',#12404,0.2);
#10773=CARTESIAN_POINT('',(0.15,-0.42,-4.4));
#10774=VECTOR('',#12405,0.4666904755831);
#10775=CARTESIAN_POINT('',(0.15,-0.75,-5.1));
#10776=CARTESIAN_POINT('',(0.15,-0.75,-4.73));
#10777=VECTOR('',#12406,0.37);
#10778=CARTESIAN_POINT('',(0.15,-1.05,-5.1));
#10779=CARTESIAN_POINT('',(0.15,-0.75,-5.1));
#10780=VECTOR('',#12407,0.3);
#10781=CARTESIAN_POINT('',(0.15,-1.05,-4.6));
#10782=CARTESIAN_POINT('',(0.15,-1.05,-5.1));
#10783=VECTOR('',#12408,0.5);
#10784=CARTESIAN_POINT('',(0.15,-1.05,-4.6));
#10785=VECTOR('',#12409,0.2828427124746);
#10786=CARTESIAN_POINT('',(0.15,0.3602562240964,-1.809168558024));
#10787=CARTESIAN_POINT('',(0.15,0.441375031705,-3.39));
#10788=VECTOR('',#12410,1.582911339554);
#10789=CARTESIAN_POINT('',(0.15,0.3781801907155,-1.716957743571));
#10790=AXIS2_PLACEMENT_3D('',#12411,#12412,#12413);
#10791=CARTESIAN_POINT('',(0.15,0.3781801907155,-1.716957743571));
#10792=VECTOR('',#12414,0.1703387200692);
#10793=CARTESIAN_POINT('',(0.15,-1.05,-4.6));
#10794=VECTOR('',#12415,0.2);
#10795=CARTESIAN_POINT('',(0.15,-1.05,-5.1));
#10796=VECTOR('',#12416,0.2);
#10797=CARTESIAN_POINT('',(0.15,-0.75,-5.1));
#10798=VECTOR('',#12417,0.2);
#10799=CARTESIAN_POINT('',(0.15,0.3781801907155,-1.716957743571));
#10800=VECTOR('',#12418,0.2);
#10801=CARTESIAN_POINT('',(0.15,0.3602562240964,-1.809168558024));
#10802=VECTOR('',#12419,0.2);
#10803=CARTESIAN_POINT('',(-0.15,-1.05,-4.6));
#10804=CARTESIAN_POINT('',(-0.15,-1.05,-4.6));
#10805=VECTOR('',#12420,0.2828427124746);
#10806=CARTESIAN_POINT('',(-0.15,-1.05,-5.1));
#10807=CARTESIAN_POINT('',(-0.15,-1.05,-5.1));
#10808=VECTOR('',#12421,0.5);
#10809=CARTESIAN_POINT('',(-0.15,-0.75,-5.1));
#10810=CARTESIAN_POINT('',(-0.15,-0.75,-5.1));
#10811=VECTOR('',#12422,0.3);
#10812=CARTESIAN_POINT('',(-0.15,-0.75,-4.73));
#10813=CARTESIAN_POINT('',(-0.15,-0.75,-4.73));
#10814=VECTOR('',#12423,0.37);
#10815=CARTESIAN_POINT('',(-0.15,-0.42,-4.4));
#10816=VECTOR('',#12424,0.4666904755831);
#10817=CARTESIAN_POINT('',(-0.15,0.3781801907155,-1.716957743571));
#10818=CARTESIAN_POINT('',(-0.15,0.3781801907155,-1.716957743571));
#10819=VECTOR('',#12425,0.1703387200692);
#10820=CARTESIAN_POINT('',(-0.15,0.3602562240964,-1.809168558024));
#10821=AXIS2_PLACEMENT_3D('',#12426,#12427,#12428);
#10822=CARTESIAN_POINT('',(-0.15,0.441375031705,-3.39));
#10823=VECTOR('',#12429,1.582911339554);
#10824=CARTESIAN_POINT('',(-0.35,-0.75,-4.73));
#10825=CARTESIAN_POINT('',(-0.35,-0.75,-4.73));
#10826=VECTOR('',#12430,0.2);
#10827=CARTESIAN_POINT('',(-0.35,-0.42,-4.4));
#10828=VECTOR('',#12431,0.4666904755831);
#10829=CARTESIAN_POINT('',(-0.35,-0.75,-5.1));
#10830=CARTESIAN_POINT('',(-0.35,-0.75,-4.73));
#10831=VECTOR('',#12432,0.37);
#10832=CARTESIAN_POINT('',(-0.35,-1.05,-5.1));
#10833=CARTESIAN_POINT('',(-0.35,-0.75,-5.1));
#10834=VECTOR('',#12433,0.3);
#10835=CARTESIAN_POINT('',(-0.35,-1.05,-4.6));
#10836=CARTESIAN_POINT('',(-0.35,-1.05,-5.1));
#10837=VECTOR('',#12434,0.5);
#10838=CARTESIAN_POINT('',(-0.35,-1.05,-4.6));
#10839=VECTOR('',#12435,0.2828427124746);
#10840=CARTESIAN_POINT('',(-0.35,0.3602562240964,-1.809168558024));
#10841=CARTESIAN_POINT('',(-0.35,0.441375031705,-3.39));
#10842=VECTOR('',#12436,1.582911339554);
#10843=CARTESIAN_POINT('',(-0.35,0.3781801907155,-1.716957743571));
#10844=AXIS2_PLACEMENT_3D('',#12437,#12438,#12439);
#10845=CARTESIAN_POINT('',(-0.35,0.3781801907155,-1.716957743571));
#10846=VECTOR('',#12440,0.1703387200692);
#10847=CARTESIAN_POINT('',(-0.35,-1.05,-4.6));
#10848=VECTOR('',#12441,0.2);
#10849=CARTESIAN_POINT('',(-0.35,-1.05,-5.1));
#10850=VECTOR('',#12442,0.2);
#10851=CARTESIAN_POINT('',(-0.35,-0.75,-5.1));
#10852=VECTOR('',#12443,0.2);
#10853=CARTESIAN_POINT('',(-0.35,0.3781801907155,-1.716957743571));
#10854=VECTOR('',#12444,0.2);
#10855=CARTESIAN_POINT('',(-0.35,0.3602562240964,-1.809168558024));
#10856=VECTOR('',#12445,0.2);
#10857=CARTESIAN_POINT('',(-0.65,-1.05,-4.6));
#10858=CARTESIAN_POINT('',(-0.65,-1.05,-4.6));
#10859=VECTOR('',#12446,0.2828427124746);
#10860=CARTESIAN_POINT('',(-0.65,-1.05,-5.1));
#10861=CARTESIAN_POINT('',(-0.65,-1.05,-5.1));
#10862=VECTOR('',#12447,0.5);
#10863=CARTESIAN_POINT('',(-0.65,-0.75,-5.1));
#10864=CARTESIAN_POINT('',(-0.65,-0.75,-5.1));
#10865=VECTOR('',#12448,0.3);
#10866=CARTESIAN_POINT('',(-0.65,-0.75,-4.73));
#10867=CARTESIAN_POINT('',(-0.65,-0.75,-4.73));
#10868=VECTOR('',#12449,0.37);
#10869=CARTESIAN_POINT('',(-0.65,-0.42,-4.4));
#10870=VECTOR('',#12450,0.4666904755831);
#10871=CARTESIAN_POINT('',(-0.65,0.3781801907155,-1.716957743571));
#10872=CARTESIAN_POINT('',(-0.65,0.3781801907155,-1.716957743571));
#10873=VECTOR('',#12451,0.1703387200692);
#10874=CARTESIAN_POINT('',(-0.65,0.3602562240964,-1.809168558024));
#10875=AXIS2_PLACEMENT_3D('',#12452,#12453,#12454);
#10876=CARTESIAN_POINT('',(-0.65,0.441375031705,-3.39));
#10877=VECTOR('',#12455,1.582911339554);
#10878=CARTESIAN_POINT('',(-0.85,-0.75,-4.73));
#10879=CARTESIAN_POINT('',(-0.85,-0.75,-4.73));
#10880=VECTOR('',#12456,0.2);
#10881=CARTESIAN_POINT('',(-0.85,-0.42,-4.4));
#10882=VECTOR('',#12457,0.4666904755831);
#10883=CARTESIAN_POINT('',(-0.85,-0.75,-5.1));
#10884=CARTESIAN_POINT('',(-0.85,-0.75,-4.73));
#10885=VECTOR('',#12458,0.37);
#10886=CARTESIAN_POINT('',(-0.85,-1.05,-5.1));
#10887=CARTESIAN_POINT('',(-0.85,-0.75,-5.1));
#10888=VECTOR('',#12459,0.3);
#10889=CARTESIAN_POINT('',(-0.85,-1.05,-4.6));
#10890=CARTESIAN_POINT('',(-0.85,-1.05,-5.1));
#10891=VECTOR('',#12460,0.5);
#10892=CARTESIAN_POINT('',(-0.85,-1.05,-4.6));
#10893=VECTOR('',#12461,0.2828427124746);
#10894=CARTESIAN_POINT('',(-0.85,0.3602562240964,-1.809168558024));
#10895=CARTESIAN_POINT('',(-0.85,0.441375031705,-3.39));
#10896=VECTOR('',#12462,1.582911339554);
#10897=CARTESIAN_POINT('',(-0.85,0.3781801907155,-1.716957743571));
#10898=AXIS2_PLACEMENT_3D('',#12463,#12464,#12465);
#10899=CARTESIAN_POINT('',(-0.85,0.3781801907155,-1.716957743571));
#10900=VECTOR('',#12466,0.1703387200692);
#10901=CARTESIAN_POINT('',(-0.85,-1.05,-4.6));
#10902=VECTOR('',#12467,0.2);
#10903=CARTESIAN_POINT('',(-0.85,-1.05,-5.1));
#10904=VECTOR('',#12468,0.2);
#10905=CARTESIAN_POINT('',(-0.85,-0.75,-5.1));
#10906=VECTOR('',#12469,0.2);
#10907=CARTESIAN_POINT('',(-0.85,0.3781801907155,-1.716957743571));
#10908=VECTOR('',#12470,0.2);
#10909=CARTESIAN_POINT('',(-0.85,0.3602562240964,-1.809168558024));
#10910=VECTOR('',#12471,0.2);
#10911=CARTESIAN_POINT('',(-1.15,-1.05,-4.6));
#10912=CARTESIAN_POINT('',(-1.15,-1.05,-4.6));
#10913=VECTOR('',#12472,0.2828427124746);
#10914=CARTESIAN_POINT('',(-1.15,-1.05,-5.1));
#10915=CARTESIAN_POINT('',(-1.15,-1.05,-5.1));
#10916=VECTOR('',#12473,0.5);
#10917=CARTESIAN_POINT('',(-1.15,-0.75,-5.1));
#10918=CARTESIAN_POINT('',(-1.15,-0.75,-5.1));
#10919=VECTOR('',#12474,0.3);
#10920=CARTESIAN_POINT('',(-1.15,-0.75,-4.73));
#10921=CARTESIAN_POINT('',(-1.15,-0.75,-4.73));
#10922=VECTOR('',#12475,0.37);
#10923=CARTESIAN_POINT('',(-1.15,-0.42,-4.4));
#10924=VECTOR('',#12476,0.4666904755831);
#10925=CARTESIAN_POINT('',(-1.15,0.3781801907155,-1.716957743571));
#10926=CARTESIAN_POINT('',(-1.15,0.3781801907155,-1.716957743571));
#10927=VECTOR('',#12477,0.1703387200692);
#10928=CARTESIAN_POINT('',(-1.15,0.3602562240964,-1.809168558024));
#10929=AXIS2_PLACEMENT_3D('',#12478,#12479,#12480);
#10930=CARTESIAN_POINT('',(-1.15,0.441375031705,-3.39));
#10931=VECTOR('',#12481,1.582911339554);
#10932=CARTESIAN_POINT('',(-1.35,-0.75,-4.73));
#10933=CARTESIAN_POINT('',(-1.35,-0.75,-4.73));
#10934=VECTOR('',#12482,0.2);
#10935=CARTESIAN_POINT('',(-1.35,-0.42,-4.4));
#10936=VECTOR('',#12483,0.4666904755831);
#10937=CARTESIAN_POINT('',(-1.35,-0.75,-5.1));
#10938=CARTESIAN_POINT('',(-1.35,-0.75,-4.73));
#10939=VECTOR('',#12484,0.37);
#10940=CARTESIAN_POINT('',(-1.35,-1.05,-5.1));
#10941=CARTESIAN_POINT('',(-1.35,-0.75,-5.1));
#10942=VECTOR('',#12485,0.3);
#10943=CARTESIAN_POINT('',(-1.35,-1.05,-4.6));
#10944=CARTESIAN_POINT('',(-1.35,-1.05,-5.1));
#10945=VECTOR('',#12486,0.5);
#10946=CARTESIAN_POINT('',(-1.35,-1.05,-4.6));
#10947=VECTOR('',#12487,0.2828427124746);
#10948=CARTESIAN_POINT('',(-1.35,0.3602562240964,-1.809168558024));
#10949=CARTESIAN_POINT('',(-1.35,0.441375031705,-3.39));
#10950=VECTOR('',#12488,1.582911339554);
#10951=CARTESIAN_POINT('',(-1.35,0.3781801907155,-1.716957743571));
#10952=AXIS2_PLACEMENT_3D('',#12489,#12490,#12491);
#10953=CARTESIAN_POINT('',(-1.35,0.3781801907155,-1.716957743571));
#10954=VECTOR('',#12492,0.1703387200692);
#10955=CARTESIAN_POINT('',(-1.35,-1.05,-4.6));
#10956=VECTOR('',#12493,0.2);
#10957=CARTESIAN_POINT('',(-1.35,-1.05,-5.1));
#10958=VECTOR('',#12494,0.2);
#10959=CARTESIAN_POINT('',(-1.35,-0.75,-5.1));
#10960=VECTOR('',#12495,0.2);
#10961=CARTESIAN_POINT('',(-1.35,0.3781801907155,-1.716957743571));
#10962=VECTOR('',#12496,0.2);
#10963=CARTESIAN_POINT('',(-1.35,0.3602562240964,-1.809168558024));
#10964=VECTOR('',#12497,0.2);
#10965=CARTESIAN_POINT('',(-1.65,-1.05,-4.6));
#10966=CARTESIAN_POINT('',(-1.65,-1.05,-4.6));
#10967=VECTOR('',#12498,0.2828427124746);
#10968=CARTESIAN_POINT('',(-1.65,-1.05,-5.1));
#10969=CARTESIAN_POINT('',(-1.65,-1.05,-5.1));
#10970=VECTOR('',#12499,0.5);
#10971=CARTESIAN_POINT('',(-1.65,-0.75,-5.1));
#10972=CARTESIAN_POINT('',(-1.65,-0.75,-5.1));
#10973=VECTOR('',#12500,0.3);
#10974=CARTESIAN_POINT('',(-1.65,-0.75,-4.73));
#10975=CARTESIAN_POINT('',(-1.65,-0.75,-4.73));
#10976=VECTOR('',#12501,0.37);
#10977=CARTESIAN_POINT('',(-1.65,-0.42,-4.4));
#10978=VECTOR('',#12502,0.4666904755831);
#10979=CARTESIAN_POINT('',(-1.65,0.3781801907155,-1.716957743571));
#10980=CARTESIAN_POINT('',(-1.65,0.3781801907155,-1.716957743571));
#10981=VECTOR('',#12503,0.1703387200692);
#10982=CARTESIAN_POINT('',(-1.65,0.3602562240964,-1.809168558024));
#10983=AXIS2_PLACEMENT_3D('',#12504,#12505,#12506);
#10984=CARTESIAN_POINT('',(-1.65,0.441375031705,-3.39));
#10985=VECTOR('',#12507,1.582911339554);
#10986=CARTESIAN_POINT('',(-1.85,-0.75,-4.73));
#10987=CARTESIAN_POINT('',(-1.85,-0.75,-4.73));
#10988=VECTOR('',#12508,0.2);
#10989=CARTESIAN_POINT('',(-1.85,-0.42,-4.4));
#10990=VECTOR('',#12509,0.4666904755831);
#10991=CARTESIAN_POINT('',(-1.85,-0.75,-5.1));
#10992=CARTESIAN_POINT('',(-1.85,-0.75,-4.73));
#10993=VECTOR('',#12510,0.37);
#10994=CARTESIAN_POINT('',(-1.85,-1.05,-5.1));
#10995=CARTESIAN_POINT('',(-1.85,-0.75,-5.1));
#10996=VECTOR('',#12511,0.3);
#10997=CARTESIAN_POINT('',(-1.85,-1.05,-4.6));
#10998=CARTESIAN_POINT('',(-1.85,-1.05,-5.1));
#10999=VECTOR('',#12512,0.5);
#11000=CARTESIAN_POINT('',(-1.85,-1.05,-4.6));
#11001=VECTOR('',#12513,0.2828427124746);
#11002=CARTESIAN_POINT('',(-1.85,0.3602562240964,-1.809168558024));
#11003=CARTESIAN_POINT('',(-1.85,0.441375031705,-3.39));
#11004=VECTOR('',#12514,1.582911339554);
#11005=CARTESIAN_POINT('',(-1.85,0.3781801907155,-1.716957743571));
#11006=AXIS2_PLACEMENT_3D('',#12515,#12516,#12517);
#11007=CARTESIAN_POINT('',(-1.85,0.3781801907155,-1.716957743571));
#11008=VECTOR('',#12518,0.1703387200692);
#11009=CARTESIAN_POINT('',(-1.85,-1.05,-4.6));
#11010=VECTOR('',#12519,0.2);
#11011=CARTESIAN_POINT('',(-1.85,-1.05,-5.1));
#11012=VECTOR('',#12520,0.2);
#11013=CARTESIAN_POINT('',(-1.85,-0.75,-5.1));
#11014=VECTOR('',#12521,0.2);
#11015=CARTESIAN_POINT('',(-1.85,0.3781801907155,-1.716957743571));
#11016=VECTOR('',#12522,0.2);
#11017=CARTESIAN_POINT('',(-1.85,0.3602562240964,-1.809168558024));
#11018=VECTOR('',#12523,0.2);
#11019=CARTESIAN_POINT('',(-2.15,-1.05,-4.6));
#11020=CARTESIAN_POINT('',(-2.15,-1.05,-4.6));
#11021=VECTOR('',#12524,0.2828427124746);
#11022=CARTESIAN_POINT('',(-2.15,-1.05,-5.1));
#11023=CARTESIAN_POINT('',(-2.15,-1.05,-5.1));
#11024=VECTOR('',#12525,0.5);
#11025=CARTESIAN_POINT('',(-2.15,-0.75,-5.1));
#11026=CARTESIAN_POINT('',(-2.15,-0.75,-5.1));
#11027=VECTOR('',#12526,0.3);
#11028=CARTESIAN_POINT('',(-2.15,-0.75,-4.73));
#11029=CARTESIAN_POINT('',(-2.15,-0.75,-4.73));
#11030=VECTOR('',#12527,0.37);
#11031=CARTESIAN_POINT('',(-2.15,-0.42,-4.4));
#11032=VECTOR('',#12528,0.4666904755831);
#11033=CARTESIAN_POINT('',(-2.15,0.3781801907155,-1.716957743571));
#11034=CARTESIAN_POINT('',(-2.15,0.3781801907155,-1.716957743571));
#11035=VECTOR('',#12529,0.1703387200692);
#11036=CARTESIAN_POINT('',(-2.15,0.3602562240964,-1.809168558024));
#11037=AXIS2_PLACEMENT_3D('',#12530,#12531,#12532);
#11038=CARTESIAN_POINT('',(-2.15,0.441375031705,-3.39));
#11039=VECTOR('',#12533,1.582911339554);
#11040=CARTESIAN_POINT('',(-2.35,-0.75,-4.73));
#11041=CARTESIAN_POINT('',(-2.35,-0.75,-4.73));
#11042=VECTOR('',#12534,0.2);
#11043=CARTESIAN_POINT('',(-2.35,-0.42,-4.4));
#11044=VECTOR('',#12535,0.4666904755831);
#11045=CARTESIAN_POINT('',(-2.35,-0.75,-5.1));
#11046=CARTESIAN_POINT('',(-2.35,-0.75,-4.73));
#11047=VECTOR('',#12536,0.37);
#11048=CARTESIAN_POINT('',(-2.35,-1.05,-5.1));
#11049=CARTESIAN_POINT('',(-2.35,-0.75,-5.1));
#11050=VECTOR('',#12537,0.3);
#11051=CARTESIAN_POINT('',(-2.35,-1.05,-4.6));
#11052=CARTESIAN_POINT('',(-2.35,-1.05,-5.1));
#11053=VECTOR('',#12538,0.5);
#11054=CARTESIAN_POINT('',(-2.35,-1.05,-4.6));
#11055=VECTOR('',#12539,0.2828427124746);
#11056=CARTESIAN_POINT('',(-2.35,0.3602562240964,-1.809168558024));
#11057=CARTESIAN_POINT('',(-2.35,0.441375031705,-3.39));
#11058=VECTOR('',#12540,1.582911339554);
#11059=CARTESIAN_POINT('',(-2.35,0.3781801907155,-1.716957743571));
#11060=AXIS2_PLACEMENT_3D('',#12541,#12542,#12543);
#11061=CARTESIAN_POINT('',(-2.35,0.3781801907155,-1.716957743571));
#11062=VECTOR('',#12544,0.1703387200692);
#11063=CARTESIAN_POINT('',(-2.35,-1.05,-4.6));
#11064=VECTOR('',#12545,0.2);
#11065=CARTESIAN_POINT('',(-2.35,-1.05,-5.1));
#11066=VECTOR('',#12546,0.2);
#11067=CARTESIAN_POINT('',(-2.35,-0.75,-5.1));
#11068=VECTOR('',#12547,0.2);
#11069=CARTESIAN_POINT('',(-2.35,0.3781801907155,-1.716957743571));
#11070=VECTOR('',#12548,0.2);
#11071=CARTESIAN_POINT('',(-2.35,0.3602562240964,-1.809168558024));
#11072=VECTOR('',#12549,0.2);
#11073=CARTESIAN_POINT('',(-2.65,-1.05,-4.6));
#11074=CARTESIAN_POINT('',(-2.65,-1.05,-4.6));
#11075=VECTOR('',#12550,0.2828427124746);
#11076=CARTESIAN_POINT('',(-2.65,-1.05,-5.1));
#11077=CARTESIAN_POINT('',(-2.65,-1.05,-5.1));
#11078=VECTOR('',#12551,0.5);
#11079=CARTESIAN_POINT('',(-2.65,-0.75,-5.1));
#11080=CARTESIAN_POINT('',(-2.65,-0.75,-5.1));
#11081=VECTOR('',#12552,0.3);
#11082=CARTESIAN_POINT('',(-2.65,-0.75,-4.73));
#11083=CARTESIAN_POINT('',(-2.65,-0.75,-4.73));
#11084=VECTOR('',#12553,0.37);
#11085=CARTESIAN_POINT('',(-2.65,-0.42,-4.4));
#11086=VECTOR('',#12554,0.4666904755831);
#11087=CARTESIAN_POINT('',(-2.65,0.3781801907155,-1.716957743571));
#11088=CARTESIAN_POINT('',(-2.65,0.3781801907155,-1.716957743571));
#11089=VECTOR('',#12555,0.1703387200692);
#11090=CARTESIAN_POINT('',(-2.65,0.3602562240964,-1.809168558024));
#11091=AXIS2_PLACEMENT_3D('',#12556,#12557,#12558);
#11092=CARTESIAN_POINT('',(-2.65,0.441375031705,-3.39));
#11093=VECTOR('',#12559,1.582911339554);
#11094=CARTESIAN_POINT('',(-2.85,-0.75,-4.73));
#11095=CARTESIAN_POINT('',(-2.85,-0.75,-4.73));
#11096=VECTOR('',#12560,0.2);
#11097=CARTESIAN_POINT('',(-2.85,-0.42,-4.4));
#11098=VECTOR('',#12561,0.4666904755831);
#11099=CARTESIAN_POINT('',(-2.85,-0.75,-5.1));
#11100=CARTESIAN_POINT('',(-2.85,-0.75,-4.73));
#11101=VECTOR('',#12562,0.37);
#11102=CARTESIAN_POINT('',(-2.85,-1.05,-5.1));
#11103=CARTESIAN_POINT('',(-2.85,-0.75,-5.1));
#11104=VECTOR('',#12563,0.3);
#11105=CARTESIAN_POINT('',(-2.85,-1.05,-4.6));
#11106=CARTESIAN_POINT('',(-2.85,-1.05,-5.1));
#11107=VECTOR('',#12564,0.5);
#11108=CARTESIAN_POINT('',(-2.85,-1.05,-4.6));
#11109=VECTOR('',#12565,0.2828427124746);
#11110=CARTESIAN_POINT('',(-2.85,0.3602562240964,-1.809168558024));
#11111=CARTESIAN_POINT('',(-2.85,0.3781801907155,-1.716957743571));
#11112=AXIS2_PLACEMENT_3D('',#12566,#12567,#12568);
#11113=CARTESIAN_POINT('',(-2.85,0.3781801907155,-1.716957743571));
#11114=VECTOR('',#12569,0.1703387200692);
#11115=CARTESIAN_POINT('',(-2.85,0.441375031705,-3.39));
#11116=VECTOR('',#12570,1.582911339554);
#11117=CARTESIAN_POINT('',(-2.85,-1.05,-4.6));
#11118=VECTOR('',#12571,0.2);
#11119=CARTESIAN_POINT('',(-2.85,-1.05,-5.1));
#11120=VECTOR('',#12572,0.2);
#11121=CARTESIAN_POINT('',(-2.85,-0.75,-5.1));
#11122=VECTOR('',#12573,0.2);
#11123=CARTESIAN_POINT('',(-2.85,0.3602562240964,-1.809168558024));
#11124=VECTOR('',#12574,0.2);
#11125=CARTESIAN_POINT('',(-2.85,0.3781801907155,-1.716957743571));
#11126=VECTOR('',#12575,0.2);
#11127=CARTESIAN_POINT('',(-3.15,-1.05,-4.6));
#11128=CARTESIAN_POINT('',(-3.15,-1.05,-4.6));
#11129=VECTOR('',#12576,0.2828427124746);
#11130=CARTESIAN_POINT('',(-3.15,-1.05,-5.1));
#11131=CARTESIAN_POINT('',(-3.15,-1.05,-5.1));
#11132=VECTOR('',#12577,0.5);
#11133=CARTESIAN_POINT('',(-3.15,-0.75,-5.1));
#11134=CARTESIAN_POINT('',(-3.15,-0.75,-5.1));
#11135=VECTOR('',#12578,0.3);
#11136=CARTESIAN_POINT('',(-3.15,-0.75,-4.73));
#11137=CARTESIAN_POINT('',(-3.15,-0.75,-4.73));
#11138=VECTOR('',#12579,0.37);
#11139=CARTESIAN_POINT('',(-3.15,-0.42,-4.4));
#11140=VECTOR('',#12580,0.4666904755831);
#11141=CARTESIAN_POINT('',(-3.15,0.3781801907155,-1.716957743571));
#11142=CARTESIAN_POINT('',(-3.15,0.3781801907155,-1.716957743571));
#11143=VECTOR('',#12581,0.1703387200692);
#11144=CARTESIAN_POINT('',(-3.15,0.3602562240964,-1.809168558024));
#11145=AXIS2_PLACEMENT_3D('',#12582,#12583,#12584);
#11146=CARTESIAN_POINT('',(-3.15,0.441375031705,-3.39));
#11147=VECTOR('',#12585,1.582911339554);
#11148=CARTESIAN_POINT('',(-3.35,-0.75,-4.73));
#11149=CARTESIAN_POINT('',(-3.35,-0.75,-4.73));
#11150=VECTOR('',#12586,0.2);
#11151=CARTESIAN_POINT('',(-3.35,-0.42,-4.4));
#11152=VECTOR('',#12587,0.4666904755831);
#11153=CARTESIAN_POINT('',(-3.35,-0.75,-5.1));
#11154=CARTESIAN_POINT('',(-3.35,-0.75,-4.73));
#11155=VECTOR('',#12588,0.37);
#11156=CARTESIAN_POINT('',(-3.35,-1.05,-5.1));
#11157=CARTESIAN_POINT('',(-3.35,-0.75,-5.1));
#11158=VECTOR('',#12589,0.3);
#11159=CARTESIAN_POINT('',(-3.35,-1.05,-4.6));
#11160=CARTESIAN_POINT('',(-3.35,-1.05,-5.1));
#11161=VECTOR('',#12590,0.5);
#11162=CARTESIAN_POINT('',(-3.35,-1.05,-4.6));
#11163=VECTOR('',#12591,0.2828427124746);
#11164=CARTESIAN_POINT('',(-3.35,0.3602562240964,-1.809168558024));
#11165=CARTESIAN_POINT('',(-3.35,0.3781801907155,-1.716957743571));
#11166=AXIS2_PLACEMENT_3D('',#12592,#12593,#12594);
#11167=CARTESIAN_POINT('',(-3.35,0.3781801907155,-1.716957743571));
#11168=VECTOR('',#12595,0.1703387200692);
#11169=CARTESIAN_POINT('',(-3.35,0.441375031705,-3.39));
#11170=VECTOR('',#12596,1.582911339554);
#11171=CARTESIAN_POINT('',(-3.35,-1.05,-4.6));
#11172=VECTOR('',#12597,0.2);
#11173=CARTESIAN_POINT('',(-3.35,-1.05,-5.1));
#11174=VECTOR('',#12598,0.2);
#11175=CARTESIAN_POINT('',(-3.35,-0.75,-5.1));
#11176=VECTOR('',#12599,0.2);
#11177=CARTESIAN_POINT('',(-3.35,0.3602562240964,-1.809168558024));
#11178=VECTOR('',#12600,0.2);
#11179=CARTESIAN_POINT('',(-3.35,0.3781801907155,-1.716957743571));
#11180=VECTOR('',#12601,0.2);
#11181=CARTESIAN_POINT('',(-3.65,-1.05,-4.6));
#11182=CARTESIAN_POINT('',(-3.65,-1.05,-4.6));
#11183=VECTOR('',#12602,0.2828427124746);
#11184=CARTESIAN_POINT('',(-3.65,-1.05,-5.1));
#11185=CARTESIAN_POINT('',(-3.65,-1.05,-5.1));
#11186=VECTOR('',#12603,0.5);
#11187=CARTESIAN_POINT('',(-3.65,-0.75,-5.1));
#11188=CARTESIAN_POINT('',(-3.65,-0.75,-5.1));
#11189=VECTOR('',#12604,0.3);
#11190=CARTESIAN_POINT('',(-3.65,-0.75,-4.73));
#11191=CARTESIAN_POINT('',(-3.65,-0.75,-4.73));
#11192=VECTOR('',#12605,0.37);
#11193=CARTESIAN_POINT('',(-3.65,-0.42,-4.4));
#11194=VECTOR('',#12606,0.4666904755831);
#11195=CARTESIAN_POINT('',(-3.65,0.3781801907155,-1.716957743571));
#11196=CARTESIAN_POINT('',(-3.65,0.3781801907155,-1.716957743571));
#11197=VECTOR('',#12607,0.1703387200692);
#11198=CARTESIAN_POINT('',(-3.65,0.3602562240964,-1.809168558024));
#11199=AXIS2_PLACEMENT_3D('',#12608,#12609,#12610);
#11200=CARTESIAN_POINT('',(-3.65,0.441375031705,-3.39));
#11201=VECTOR('',#12611,1.582911339554);
#11202=CARTESIAN_POINT('',(-3.85,-0.75,-4.73));
#11203=CARTESIAN_POINT('',(-3.85,-0.75,-4.73));
#11204=VECTOR('',#12612,0.2);
#11205=CARTESIAN_POINT('',(-3.85,-0.42,-4.4));
#11206=VECTOR('',#12613,0.4666904755831);
#11207=CARTESIAN_POINT('',(-3.85,-0.75,-5.1));
#11208=CARTESIAN_POINT('',(-3.85,-0.75,-4.73));
#11209=VECTOR('',#12614,0.37);
#11210=CARTESIAN_POINT('',(-3.85,-1.05,-5.1));
#11211=CARTESIAN_POINT('',(-3.85,-0.75,-5.1));
#11212=VECTOR('',#12615,0.3);
#11213=CARTESIAN_POINT('',(-3.85,-1.05,-4.6));
#11214=CARTESIAN_POINT('',(-3.85,-1.05,-5.1));
#11215=VECTOR('',#12616,0.5);
#11216=CARTESIAN_POINT('',(-3.85,-1.05,-4.6));
#11217=VECTOR('',#12617,0.2828427124746);
#11218=CARTESIAN_POINT('',(-3.85,0.3602562240964,-1.809168558024));
#11219=CARTESIAN_POINT('',(-3.85,0.3781801907155,-1.716957743571));
#11220=AXIS2_PLACEMENT_3D('',#12618,#12619,#12620);
#11221=CARTESIAN_POINT('',(-3.85,0.3781801907155,-1.716957743571));
#11222=VECTOR('',#12621,0.1703387200692);
#11223=CARTESIAN_POINT('',(-3.85,0.441375031705,-3.39));
#11224=VECTOR('',#12622,1.582911339554);
#11225=CARTESIAN_POINT('',(-3.85,-1.05,-4.6));
#11226=VECTOR('',#12623,0.2);
#11227=CARTESIAN_POINT('',(-3.85,-1.05,-5.1));
#11228=VECTOR('',#12624,0.2);
#11229=CARTESIAN_POINT('',(-3.85,-0.75,-5.1));
#11230=VECTOR('',#12625,0.2);
#11231=CARTESIAN_POINT('',(-3.85,0.3602562240964,-1.809168558024));
#11232=VECTOR('',#12626,0.2);
#11233=CARTESIAN_POINT('',(-3.85,0.3781801907155,-1.716957743571));
#11234=VECTOR('',#12627,0.2);
#11235=CARTESIAN_POINT('',(-4.15,-1.05,-4.6));
#11236=CARTESIAN_POINT('',(-4.15,-1.05,-4.6));
#11237=VECTOR('',#12628,0.2828427124746);
#11238=CARTESIAN_POINT('',(-4.15,-1.05,-5.1));
#11239=CARTESIAN_POINT('',(-4.15,-1.05,-5.1));
#11240=VECTOR('',#12629,0.5);
#11241=CARTESIAN_POINT('',(-4.15,-0.75,-5.1));
#11242=CARTESIAN_POINT('',(-4.15,-0.75,-5.1));
#11243=VECTOR('',#12630,0.3);
#11244=CARTESIAN_POINT('',(-4.15,-0.75,-4.73));
#11245=CARTESIAN_POINT('',(-4.15,-0.75,-4.73));
#11246=VECTOR('',#12631,0.37);
#11247=CARTESIAN_POINT('',(-4.15,-0.42,-4.4));
#11248=VECTOR('',#12632,0.4666904755831);
#11249=CARTESIAN_POINT('',(-4.15,0.3781801907155,-1.716957743571));
#11250=CARTESIAN_POINT('',(-4.15,0.3781801907155,-1.716957743571));
#11251=VECTOR('',#12633,0.1703387200692);
#11252=CARTESIAN_POINT('',(-4.15,0.3602562240964,-1.809168558024));
#11253=AXIS2_PLACEMENT_3D('',#12634,#12635,#12636);
#11254=CARTESIAN_POINT('',(-4.15,0.441375031705,-3.39));
#11255=VECTOR('',#12637,1.582911339554);
#11256=CARTESIAN_POINT('',(-4.35,-0.75,-4.73));
#11257=CARTESIAN_POINT('',(-4.35,-0.75,-4.73));
#11258=VECTOR('',#12638,0.2);
#11259=CARTESIAN_POINT('',(-4.35,-0.42,-4.4));
#11260=VECTOR('',#12639,0.4666904755831);
#11261=CARTESIAN_POINT('',(-4.35,-0.75,-5.1));
#11262=CARTESIAN_POINT('',(-4.35,-0.75,-4.73));
#11263=VECTOR('',#12640,0.37);
#11264=CARTESIAN_POINT('',(-4.35,-1.05,-5.1));
#11265=CARTESIAN_POINT('',(-4.35,-0.75,-5.1));
#11266=VECTOR('',#12641,0.3);
#11267=CARTESIAN_POINT('',(-4.35,-1.05,-4.6));
#11268=CARTESIAN_POINT('',(-4.35,-1.05,-5.1));
#11269=VECTOR('',#12642,0.5);
#11270=CARTESIAN_POINT('',(-4.35,-1.05,-4.6));
#11271=VECTOR('',#12643,0.2828427124746);
#11272=CARTESIAN_POINT('',(-4.35,0.3602562240964,-1.809168558024));
#11273=CARTESIAN_POINT('',(-4.35,0.3781801907155,-1.716957743571));
#11274=AXIS2_PLACEMENT_3D('',#12644,#12645,#12646);
#11275=CARTESIAN_POINT('',(-4.35,0.3781801907155,-1.716957743571));
#11276=VECTOR('',#12647,0.1703387200692);
#11277=CARTESIAN_POINT('',(-4.35,0.441375031705,-3.39));
#11278=VECTOR('',#12648,1.582911339554);
#11279=CARTESIAN_POINT('',(-4.35,-1.05,-4.6));
#11280=VECTOR('',#12649,0.2);
#11281=CARTESIAN_POINT('',(-4.35,-1.05,-5.1));
#11282=VECTOR('',#12650,0.2);
#11283=CARTESIAN_POINT('',(-4.35,-0.75,-5.1));
#11284=VECTOR('',#12651,0.2);
#11285=CARTESIAN_POINT('',(-4.35,0.3602562240964,-1.809168558024));
#11286=VECTOR('',#12652,0.2);
#11287=CARTESIAN_POINT('',(-4.35,0.3781801907155,-1.716957743571));
#11288=VECTOR('',#12653,0.2);
#11289=CARTESIAN_POINT('',(-4.65,-1.05,-4.6));
#11290=CARTESIAN_POINT('',(-4.65,-1.05,-4.6));
#11291=VECTOR('',#12654,0.2828427124746);
#11292=CARTESIAN_POINT('',(-4.65,-1.05,-5.1));
#11293=CARTESIAN_POINT('',(-4.65,-1.05,-5.1));
#11294=VECTOR('',#12655,0.5);
#11295=CARTESIAN_POINT('',(-4.65,-0.75,-5.1));
#11296=CARTESIAN_POINT('',(-4.65,-0.75,-5.1));
#11297=VECTOR('',#12656,0.3);
#11298=CARTESIAN_POINT('',(-4.65,-0.75,-4.73));
#11299=CARTESIAN_POINT('',(-4.65,-0.75,-4.73));
#11300=VECTOR('',#12657,0.37);
#11301=CARTESIAN_POINT('',(-4.65,-0.42,-4.4));
#11302=VECTOR('',#12658,0.4666904755831);
#11303=CARTESIAN_POINT('',(-4.65,0.3781801907155,-1.716957743571));
#11304=CARTESIAN_POINT('',(-4.65,0.3781801907155,-1.716957743571));
#11305=VECTOR('',#12659,0.1703387200692);
#11306=CARTESIAN_POINT('',(-4.65,0.3602562240964,-1.809168558024));
#11307=AXIS2_PLACEMENT_3D('',#12660,#12661,#12662);
#11308=CARTESIAN_POINT('',(-4.65,0.441375031705,-3.39));
#11309=VECTOR('',#12663,1.582911339554);
#11310=CARTESIAN_POINT('',(-4.85,-0.75,-4.73));
#11311=CARTESIAN_POINT('',(-4.85,-0.75,-4.73));
#11312=VECTOR('',#12664,0.2);
#11313=CARTESIAN_POINT('',(-4.85,-0.42,-4.4));
#11314=VECTOR('',#12665,0.4666904755831);
#11315=CARTESIAN_POINT('',(-4.85,-0.75,-5.1));
#11316=CARTESIAN_POINT('',(-4.85,-0.75,-4.73));
#11317=VECTOR('',#12666,0.37);
#11318=CARTESIAN_POINT('',(-4.85,-1.05,-5.1));
#11319=CARTESIAN_POINT('',(-4.85,-0.75,-5.1));
#11320=VECTOR('',#12667,0.3);
#11321=CARTESIAN_POINT('',(-4.85,-1.05,-4.6));
#11322=CARTESIAN_POINT('',(-4.85,-1.05,-5.1));
#11323=VECTOR('',#12668,0.5);
#11324=CARTESIAN_POINT('',(-4.85,-1.05,-4.6));
#11325=VECTOR('',#12669,0.2828427124746);
#11326=CARTESIAN_POINT('',(-4.85,0.3602562240964,-1.809168558024));
#11327=CARTESIAN_POINT('',(-4.85,0.3781801907155,-1.716957743571));
#11328=AXIS2_PLACEMENT_3D('',#12670,#12671,#12672);
#11329=CARTESIAN_POINT('',(-4.85,0.3781801907155,-1.716957743571));
#11330=VECTOR('',#12673,0.1703387200692);
#11331=CARTESIAN_POINT('',(-4.85,0.441375031705,-3.39));
#11332=VECTOR('',#12674,1.582911339554);
#11333=CARTESIAN_POINT('',(-4.85,-1.05,-4.6));
#11334=VECTOR('',#12675,0.2);
#11335=CARTESIAN_POINT('',(-4.85,-1.05,-5.1));
#11336=VECTOR('',#12676,0.2);
#11337=CARTESIAN_POINT('',(-4.85,-0.75,-5.1));
#11338=VECTOR('',#12677,0.2);
#11339=CARTESIAN_POINT('',(-4.85,0.3602562240964,-1.809168558024));
#11340=VECTOR('',#12678,0.2);
#11341=CARTESIAN_POINT('',(-4.85,0.3781801907155,-1.716957743571));
#11342=VECTOR('',#12679,0.2);
#11343=CARTESIAN_POINT('',(5.3,0.6999913303055,0.01));
#11344=VECTOR('',#12680,10.6);
#11345=CARTESIAN_POINT('',(5.3,1.0,0.01));
#11346=VECTOR('',#12681,10.6);
#11347=CARTESIAN_POINT('',(-5.15,1.0,-4.4));
#11348=VECTOR('',#12682,0.212132034356);
#11349=CARTESIAN_POINT('',(4.65,0.3781801907155,-1.716957743571));
#11350=VECTOR('',#12683,0.2);
#11351=CARTESIAN_POINT('',(4.65,0.3602562240964,-1.809168558024));
#11352=VECTOR('',#12684,0.2);
#11353=CARTESIAN_POINT('',(5.765,-1.03,-1.65));
#11354=VECTOR('',#12685,0.2);
#11355=CARTESIAN_POINT('',(-5.53,0.68,-4.25));
#11356=VECTOR('',#12686,0.2598076211353);
#11357=CARTESIAN_POINT('',(-5.53,-0.68,-4.25));
#11358=VECTOR('',#12687,0.2598076211353);
#11359=CARTESIAN_POINT('',(-5.89,0.5,-2.569986624807));
#11360=VECTOR('',#12688,1.0);
#11361=CARTESIAN_POINT('',(-6.04,0.5,-2.73));
#11362=VECTOR('',#12689,1.0);
#11363=CARTESIAN_POINT('',(-6.04,0.5,-3.23));
#11364=VECTOR('',#12690,1.0);
#11365=CARTESIAN_POINT('',(-5.89,0.5,-3.38));
#11366=VECTOR('',#12691,1.0);
#11367=CARTESIAN_POINT('',(-5.15,-1.0,-4.4));
#11368=VECTOR('',#12692,2.91);
#11369=CARTESIAN_POINT('',(5.15,-1.0,-4.4));
#11370=VECTOR('',#12693,2.91);
#11371=CARTESIAN_POINT('',(7.415,-1.0,-0.3));
#11372=CARTESIAN_POINT('',(7.415,-1.0,-0.3));
#11373=VECTOR('',#12694,0.85);
#11374=CARTESIAN_POINT('',(-7.415,-1.0,-0.3));
#11375=CARTESIAN_POINT('',(-7.415,-1.0,-0.3));
#11376=VECTOR('',#12695,14.83);
#11377=CARTESIAN_POINT('',(-7.415,-1.0,-0.3));
#11378=VECTOR('',#12696,0.85);
#11379=CARTESIAN_POINT('',(-7.715,-0.7,-0.3));
#11380=AXIS2_PLACEMENT_3D('',#12697,#12698,#12699);
#11381=CARTESIAN_POINT('',(-7.715,-0.7,-0.3));
#11382=VECTOR('',#12700,0.85);
#11383=CARTESIAN_POINT('',(-7.715,0.7,-0.3));
#11384=VECTOR('',#12701,1.4);
#11385=AXIS2_PLACEMENT_3D('',#12702,#12703,#12704);
#11386=AXIS2_PLACEMENT_3D('',#12705,#12706,#12707);
#11387=AXIS2_PLACEMENT_3D('',#12708,#12709,#12710);
#11388=CARTESIAN_POINT('',(7.715,-0.7,-0.3));
#11389=AXIS2_PLACEMENT_3D('',#12711,#12712,#12713);
#11390=AXIS2_PLACEMENT_3D('',#12714,#12715,#12716);
#11391=CARTESIAN_POINT('',(7.715,-0.7,-0.3));
#11392=VECTOR('',#12717,1.4);
#11393=CARTESIAN_POINT('',(7.715,-0.7,-0.3));
#11394=VECTOR('',#12718,0.85);
#11395=CARTESIAN_POINT('',(-6.34,-0.05995902397623,-4.36));
#11396=VECTOR('',#12719,0.4400409760238);
#11397=CARTESIAN_POINT('',(-5.92,0.09290847441557,-3.94));
#11398=VECTOR('',#12720,0.5929084744156);
#11399=CARTESIAN_POINT('',(-5.92,0.2384965681221,-3.54));
#11400=VECTOR('',#12721,0.7384965681221);
#11401=CARTESIAN_POINT('',(-6.171,0.3298530969229,-3.289));
#11402=VECTOR('',#12722,0.8298530969229);
#11403=CARTESIAN_POINT('',(6.34,-0.05995902397623,-4.36));
#11404=CARTESIAN_POINT('',(6.87,-0.05995902397623,-4.36));
#11405=VECTOR('',#12723,0.53);
#11406=CARTESIAN_POINT('',(5.92,0.09290847441557,-3.94));
#11407=CARTESIAN_POINT('',(5.92,0.09290847441557,-3.94));
#11408=VECTOR('',#12724,0.6133257471072);
#11409=CARTESIAN_POINT('',(5.92,0.2384965681221,-3.54));
#11410=CARTESIAN_POINT('',(5.92,0.2384965681221,-3.54));
#11411=VECTOR('',#12725,0.4256711089904);
#11412=CARTESIAN_POINT('',(6.171,0.3298530969229,-3.289));
#11413=CARTESIAN_POINT('',(6.171,0.3298530969229,-3.289));
#11414=VECTOR('',#12726,0.3665351488664);
#11415=CARTESIAN_POINT('',(6.171,0.49,-2.849));
#11416=VECTOR('',#12727,0.4682382198894);
#11417=CARTESIAN_POINT('',(6.171,0.3298530969229,-3.289));
#11418=VECTOR('',#12728,0.8298530969229);
#11419=CARTESIAN_POINT('',(6.171,0.49,-2.689));
#11420=VECTOR('',#12729,0.99);
#11421=CARTESIAN_POINT('',(5.92,0.2384965681221,-3.54));
#11422=VECTOR('',#12730,0.7384965681221);
#11423=CARTESIAN_POINT('',(5.92,0.09290847441557,-3.94));
#11424=VECTOR('',#12731,0.5929084744156);
#11425=CARTESIAN_POINT('',(6.34,-0.05995902397623,-4.36));
#11426=VECTOR('',#12732,0.4400409760238);
#11427=DIRECTION('',(0.0,-1.0,0.0));
#11428=DIRECTION('',(-1.0,0.0,0.0));
#11429=DIRECTION('',(0.0,1.0,0.0));
#11430=DIRECTION('',(-1.0,0.0,0.0));
#11431=DIRECTION('',(0.0,-1.0,0.0));
#11432=DIRECTION('',(1.0,0.0,0.0));
#11433=DIRECTION('',(0.0,1.0,0.0));
#11434=DIRECTION('',(-1.0,0.0,0.0));
#11435=DIRECTION('',(-1.0,0.0,0.0));
#11436=CARTESIAN_POINT('',(7.415,0.7,-0.3));
#11437=DIRECTION('',(-1.0,0.0,0.0));
#11438=DIRECTION('',(0.0,0.0,1.0));
#11439=CARTESIAN_POINT('',(7.415,0.7,-0.3));
#11440=DIRECTION('',(0.0,-1.0,0.0));
#11441=DIRECTION('',(1.0,0.0,0.0));
#11442=CARTESIAN_POINT('',(7.415,0.7,-0.3));
#11443=DIRECTION('',(0.0,0.0,-1.0));
#11444=DIRECTION('',(0.0,1.0,0.0));
#11445=DIRECTION('',(0.0,0.0,-1.0));
#11446=CARTESIAN_POINT('',(7.415,0.7,-1.15));
#11447=DIRECTION('',(0.0,0.0,1.0));
#11448=DIRECTION('',(1.0,0.0,0.0));
#11449=DIRECTION('',(0.0,0.0,-1.0));
#11450=DIRECTION('',(0.0,0.0,-1.0));
#11451=DIRECTION('',(1.0,0.0,0.0));
#11452=DIRECTION('',(1.0,0.0,0.0));
#11453=CARTESIAN_POINT('',(7.415,0.7,-1.15));
#11454=DIRECTION('',(-1.0,0.0,0.0));
#11455=DIRECTION('',(0.0,1.0,0.0));
#11456=CARTESIAN_POINT('',(7.415,0.7,-1.15));
#11457=DIRECTION('',(0.0,-1.0,0.0));
#11458=DIRECTION('',(0.0,0.0,-1.0));
#11459=DIRECTION('',(0.0,-1.0,0.0));
#11460=DIRECTION('',(0.0,-1.0,0.0));
#11461=CARTESIAN_POINT('',(7.415,-0.7,-1.15));
#11462=DIRECTION('',(-0.0,1.0,0.0));
#11463=DIRECTION('',(1.0,0.0,0.0));
#11464=CARTESIAN_POINT('',(7.415,-0.7,-1.15));
#11465=DIRECTION('',(0.0,0.0,1.0));
#11466=DIRECTION('',(0.0,-1.0,0.0));
#11467=CARTESIAN_POINT('',(7.415,-0.7,-1.15));
#11468=DIRECTION('',(-1.0,0.0,0.0));
#11469=DIRECTION('',(0.0,0.0,-1.0));
#11470=DIRECTION('',(-1.0,0.0,0.0));
#11471=DIRECTION('',(-1.0,0.0,0.0));
#11472=CARTESIAN_POINT('',(-7.415,-0.7,-1.15));
#11473=DIRECTION('',(1.0,0.0,0.0));
#11474=DIRECTION('',(0.0,-1.0,0.0));
#11475=CARTESIAN_POINT('',(-7.415,-0.7,-1.15));
#11476=DIRECTION('',(0.0,0.0,1.0));
#11477=DIRECTION('',(-1.0,0.0,0.0));
#11478=CARTESIAN_POINT('',(-7.415,-0.7,-1.15));
#11479=DIRECTION('',(0.0,1.0,0.0));
#11480=DIRECTION('',(0.0,0.0,-1.0));
#11481=DIRECTION('',(0.0,1.0,0.0));
#11482=DIRECTION('',(0.0,1.0,0.0));
#11483=CARTESIAN_POINT('',(-7.415,0.7,-1.15));
#11484=DIRECTION('',(0.0,-1.0,0.0));
#11485=DIRECTION('',(-1.0,0.0,0.0));
#11486=CARTESIAN_POINT('',(-7.415,0.7,-1.15));
#11487=DIRECTION('',(1.0,0.0,0.0));
#11488=DIRECTION('',(0.0,0.0,-1.0));
#11489=CARTESIAN_POINT('',(-7.415,0.7,-1.15));
#11490=DIRECTION('',(0.0,-0.0,1.0));
#11491=DIRECTION('',(0.0,1.0,0.0));
#11492=DIRECTION('',(0.0,0.0,-1.0));
#11493=DIRECTION('',(0.0,0.0,-1.0));
#11494=CARTESIAN_POINT('',(-7.415,0.7,-0.3));
#11495=DIRECTION('',(0.0,0.0,-1.0));
#11496=DIRECTION('',(-1.0,0.0,0.0));
#11497=CARTESIAN_POINT('',(-7.415,0.7,-0.3));
#11498=DIRECTION('',(0.0,-1.0,0.0));
#11499=DIRECTION('',(0.0,0.0,1.0));
#11500=CARTESIAN_POINT('',(-7.415,0.7,-0.3));
#11501=DIRECTION('',(1.0,0.0,0.0));
#11502=DIRECTION('',(0.0,1.0,0.0));
#11503=DIRECTION('',(-1.0,0.0,0.0));
#11504=DIRECTION('',(0.0,0.0,-1.0));
#11505=DIRECTION('',(1.0,0.0,0.0));
#11506=DIRECTION('',(1.0,0.0,0.0));
#11507=DIRECTION('',(0.0,-1.0,0.0));
#11508=DIRECTION('',(1.0,0.0,0.0));
#11509=DIRECTION('',(0.0,-1.0,0.0));
#11510=DIRECTION('',(-1.0,0.0,0.0));
#11511=DIRECTION('',(0.0,-1.0,0.0));
#11512=DIRECTION('',(1.0,0.0,0.0));
#11513=DIRECTION('',(0.0,-1.0,0.0));
#11514=DIRECTION('',(-1.0,0.0,0.0));
#11515=DIRECTION('',(0.0,-1.0,0.0));
#11516=DIRECTION('',(-1.0,0.0,0.0));
#11517=DIRECTION('',(0.0,-1.0,0.0));
#11518=DIRECTION('',(-1.0,0.0,0.0));
#11519=DIRECTION('',(0.0,-1.0,0.0));
#11520=DIRECTION('',(-1.0,0.0,0.0));
#11521=DIRECTION('',(0.0,1.0,0.0));
#11522=DIRECTION('',(0.0,1.0,0.0));
#11523=DIRECTION('',(0.0,0.0,-1.0));
#11524=DIRECTION('',(0.0,0.0,-1.0));
#11525=DIRECTION('',(0.0,1.0,0.0));
#11526=DIRECTION('',(0.0,0.0,1.0));
#11527=DIRECTION('',(0.0,-1.0,0.0));
#11528=DIRECTION('',(0.0,0.342020143325699,0.939692620785897));
#11529=DIRECTION('',(0.0,0.0,1.0));
#11530=DIRECTION('',(0.0,0.0,-1.0));
#11531=DIRECTION('',(0.0,0.0,1.0));
#11532=DIRECTION('',(0.0,1.0,0.0));
#11533=DIRECTION('',(0.0,0.0,-1.0));
#11534=DIRECTION('',(0.0,-1.0,0.0));
#11535=DIRECTION('',(0.173648177666902,0.0,-0.984807753012213));
#11536=DIRECTION('',(1.0,0.0,0.0));
#11537=DIRECTION('',(-2.22044604925E-14,0.0,-1.0));
#11538=DIRECTION('',(1.0,0.0,0.0));
#11539=DIRECTION('',(2.22044604925E-14,0.0,-1.0));
#11540=DIRECTION('',(0.0,0.0,-1.0));
#11541=DIRECTION('',(1.0,0.0,0.0));
#11542=DIRECTION('',(-0.173648177666902,0.0,-0.984807753012213));
#11543=DIRECTION('',(0.0,1.0,0.0));
#11544=DIRECTION('',(1.0,0.0,0.0));
#11545=DIRECTION('',(0.0,1.0,0.0));
#11546=DIRECTION('',(1.0,0.0,0.0));
#11547=DIRECTION('',(0.0,-1.0,0.0));
#11548=DIRECTION('',(1.0,0.0,0.0));
#11549=DIRECTION('',(1.0,0.0,0.0));
#11550=DIRECTION('',(1.0,0.0,0.0));
#11551=DIRECTION('',(0.0,0.0,1.0));
#11552=DIRECTION('',(0.68391070021861,0.0,0.72956572981911));
#11553=DIRECTION('',(0.0,0.0,1.0));
#11554=DIRECTION('',(-0.707106781186548,0.0,0.707106781186548));
#11555=DIRECTION('',(0.0,0.0,1.0));
#11556=DIRECTION('',(-1.0,0.0,0.0));
#11557=DIRECTION('',(0.0,0.0,1.0));
#11558=DIRECTION('',(1.0,0.0,0.0));
#11559=DIRECTION('',(0.707106781186548,0.0,0.707106781186548));
#11560=DIRECTION('',(0.0,0.0,1.0));
#11561=DIRECTION('',(-0.707106781186548,0.0,0.707106781186548));
#11562=DIRECTION('',(0.0,0.0,1.0));
#11563=DIRECTION('',(0.173648177666902,0.0,0.984807753012213));
#11564=DIRECTION('',(0.173648177666902,0.0,-0.984807753012213));
#11565=DIRECTION('',(0.0,0.0,-1.0));
#11566=DIRECTION('',(-0.707106781186548,0.0,-0.707106781186548));
#11567=DIRECTION('',(0.0,0.0,-1.0));
#11568=DIRECTION('',(0.707106781186548,0.0,-0.707106781186548));
#11569=DIRECTION('',(-1.0,0.0,0.0));
#11570=DIRECTION('',(-1.0,0.0,0.0));
#11571=DIRECTION('',(0.0,0.0,-1.0));
#11572=DIRECTION('',(-0.707106781186548,0.0,-0.707106781186548));
#11573=DIRECTION('',(0.0,0.0,-1.0));
#11574=DIRECTION('',(0.68391070021861,0.0,-0.72956572981911));
#11575=DIRECTION('',(0.0,0.0,-1.0));
#11576=DIRECTION('',(0.0,-1.0,0.0));
#11577=DIRECTION('',(-0.173648177666902,0.0,-0.984807753012213));
#11578=DIRECTION('',(0.0,0.0,-1.0));
#11579=DIRECTION('',(0.0,0.0,-1.0));
#11580=DIRECTION('',(-1.0,0.0,0.0));
#11581=DIRECTION('',(0.0,0.0,1.0));
#11582=DIRECTION('',(-0.173648177666902,0.0,0.984807753012213));
#11583=DIRECTION('',(-1.0,0.0,0.0));
#11584=DIRECTION('',(0.0,0.342020143325699,0.939692620785897));
#11585=DIRECTION('',(-0.684791078771726,0.249243569364009,0.684791078771726));
#11586=DIRECTION('',(0.0,0.342020143325699,0.939692620785897));
#11587=DIRECTION('',(0.684791078771726,0.249243569364009,0.684791078771726));
#11588=DIRECTION('',(-1.0,0.0,0.0));
#11589=DIRECTION('',(0.0,-0.342020143325699,-0.939692620785897));
#11590=DIRECTION('',(0.0,-1.0,0.0));
#11591=DIRECTION('',(0.0,-1.0,0.0));
#11592=DIRECTION('',(0.0,0.0,1.0));
#11593=DIRECTION('',(0.0,0.0,-1.0));
#11594=DIRECTION('',(0.0,0.0,-1.0));
#11595=DIRECTION('',(0.0,-1.0,0.0));
#11596=DIRECTION('',(0.0,0.0,1.0));
#11597=DIRECTION('',(0.0,-1.0,0.0));
#11598=DIRECTION('',(0.0,0.0,1.0));
#11599=DIRECTION('',(0.707106781186548,0.0,0.707106781186548));
#11600=DIRECTION('',(0.0,0.0,1.0));
#11601=DIRECTION('',(1.0,0.0,0.0));
#11602=DIRECTION('',(1.7763568394E-14,0.0,-1.0));
#11603=DIRECTION('',(1.0,0.0,0.0));
#11604=CARTESIAN_POINT('',(5.715,-0.83,-2.55));
#11605=DIRECTION('',(0.0,-1.0,-0.0));
#11606=DIRECTION('',(-1.7763568394E-14,0.0,-1.0));
#11607=DIRECTION('',(0.0,0.0,-1.0));
#11608=CARTESIAN_POINT('',(5.815,-0.83,-1.65));
#11609=DIRECTION('',(0.0,1.0,0.0));
#11610=DIRECTION('',(-1.0,0.0,0.0));
#11611=DIRECTION('',(-1.0,0.0,0.0));
#11612=CARTESIAN_POINT('',(-5.715,-0.83,-2.55));
#11613=DIRECTION('',(0.0,-1.0,0.0));
#11614=DIRECTION('',(-1.0,0.0,0.0));
#11615=DIRECTION('',(1.0,0.0,0.0));
#11616=DIRECTION('',(0.0,0.0,1.0));
#11617=DIRECTION('',(1.0,0.0,0.0));
#11618=DIRECTION('',(0.0,0.0,1.0));
#11619=DIRECTION('',(0.707106781186548,0.0,-0.707106781186548));
#11620=DIRECTION('',(0.0,0.0,1.0));
#11621=DIRECTION('',(1.0,0.0,0.0));
#11622=CARTESIAN_POINT('',(-5.815,-0.83,-1.65));
#11623=DIRECTION('',(0.0,1.0,0.0));
#11624=DIRECTION('',(0.0,0.0,1.0));
#11625=DIRECTION('',(0.0,0.0,1.0));
#11626=DIRECTION('',(-1.0,0.0,0.0));
#11627=DIRECTION('',(0.0,1.0,0.0));
#11628=DIRECTION('',(-1.0,0.0,0.0));
#11629=DIRECTION('',(0.0,1.0,0.0));
#11630=CARTESIAN_POINT('',(6.965,-1.03,-1.7));
#11631=DIRECTION('',(0.0,-1.0,0.0));
#11632=DIRECTION('',(1.0,0.0,0.0));
#11633=DIRECTION('',(0.0,1.0,0.0));
#11634=CARTESIAN_POINT('',(6.965,-0.83,-1.7));
#11635=DIRECTION('',(0.0,1.0,0.0));
#11636=DIRECTION('',(0.0,0.0,1.0));
#11637=DIRECTION('',(0.0,0.0,1.0));
#11638=DIRECTION('',(1.0,0.0,0.0));
#11639=DIRECTION('',(0.0,0.0,1.0));
#11640=DIRECTION('',(1.0,-3.172065784643E-14,0.0));
#11641=DIRECTION('',(0.0,0.0,1.0));
#11642=DIRECTION('',(1.0,0.0,0.0));
#11643=DIRECTION('',(0.0,0.0,1.0));
#11644=DIRECTION('',(1.0,-1.586032892321E-14,6.344131569286E-14));
#11645=DIRECTION('',(-1.0,0.0,0.0));
#11646=DIRECTION('',(1.0,0.0,0.0));
#11647=CARTESIAN_POINT('',(-6.965,-0.83,-4.3));
#11648=DIRECTION('',(0.0,1.0,0.0));
#11649=DIRECTION('',(0.0,0.0,-1.0));
#11650=DIRECTION('',(0.0,0.0,1.0));
#11651=DIRECTION('',(0.707106781186548,0.0,0.707106781186548));
#11652=DIRECTION('',(0.0,0.0,1.0));
#11653=DIRECTION('',(-0.707106781186548,0.0,0.707106781186548));
#11654=DIRECTION('',(0.0,0.0,1.0));
#11655=CARTESIAN_POINT('',(-6.965,-0.83,-1.7));
#11656=DIRECTION('',(0.0,1.0,0.0));
#11657=DIRECTION('',(-1.0,0.0,0.0));
#11658=DIRECTION('',(1.0,0.0,0.0));
#11659=DIRECTION('',(0.0,0.0,-1.0));
#11660=DIRECTION('',(-0.707106781186598,0.0,-0.707106781186498));
#11661=DIRECTION('',(0.0,0.0,-1.0));
#11662=DIRECTION('',(0.707106781186598,0.0,-0.707106781186498));
#11663=DIRECTION('',(0.0,0.0,-1.0));
#11664=CARTESIAN_POINT('',(6.965,-0.83,-4.3));
#11665=DIRECTION('',(-0.0,1.0,0.0));
#11666=DIRECTION('',(1.0,0.0,0.0));
#11667=DIRECTION('',(0.0,-1.0,0.0));
#11668=DIRECTION('',(-1.0,0.0,0.0));
#11669=DIRECTION('',(0.0,1.0,0.0));
#11670=DIRECTION('',(0.0,1.0,0.0));
#11671=DIRECTION('',(-1.0,0.0,0.0));
#11672=DIRECTION('',(0.0,-1.0,0.0));
#11673=DIRECTION('',(-1.0,0.0,0.0));
#11674=DIRECTION('',(0.0,1.0,0.0));
#11675=DIRECTION('',(-1.0,0.0,0.0));
#11676=DIRECTION('',(0.0,1.0,0.0));
#11677=DIRECTION('',(-1.0,0.0,0.0));
#11678=DIRECTION('',(0.0,1.0,0.0));
#11679=DIRECTION('',(-1.0,0.0,0.0));
#11680=DIRECTION('',(0.0,1.0,0.0));
#11681=DIRECTION('',(-1.0,0.0,0.0));
#11682=DIRECTION('',(0.0,1.0,0.0));
#11683=DIRECTION('',(-1.0,0.0,0.0));
#11684=DIRECTION('',(0.0,1.0,0.0));
#11685=DIRECTION('',(-1.0,0.0,0.0));
#11686=DIRECTION('',(0.0,1.0,0.0));
#11687=DIRECTION('',(-1.0,0.0,0.0));
#11688=DIRECTION('',(0.0,1.0,0.0));
#11689=DIRECTION('',(-1.0,0.0,0.0));
#11690=DIRECTION('',(0.0,1.0,0.0));
#11691=DIRECTION('',(-1.0,0.0,0.0));
#11692=DIRECTION('',(0.0,1.0,0.0));
#11693=DIRECTION('',(-1.0,0.0,0.0));
#11694=DIRECTION('',(0.0,1.0,0.0));
#11695=DIRECTION('',(-1.0,0.0,0.0));
#11696=DIRECTION('',(0.0,1.0,0.0));
#11697=DIRECTION('',(-1.0,0.0,0.0));
#11698=DIRECTION('',(0.0,1.0,0.0));
#11699=DIRECTION('',(-1.0,0.0,0.0));
#11700=DIRECTION('',(0.0,1.0,0.0));
#11701=DIRECTION('',(-1.0,0.0,0.0));
#11702=DIRECTION('',(0.0,1.0,0.0));
#11703=DIRECTION('',(-1.0,0.0,0.0));
#11704=DIRECTION('',(0.0,1.0,0.0));
#11705=DIRECTION('',(-1.0,0.0,0.0));
#11706=DIRECTION('',(0.0,1.0,0.0));
#11707=DIRECTION('',(-1.0,0.0,0.0));
#11708=DIRECTION('',(0.0,1.0,0.0));
#11709=DIRECTION('',(-1.0,0.0,0.0));
#11710=DIRECTION('',(0.0,1.0,0.0));
#11711=DIRECTION('',(-1.0,0.0,0.0));
#11712=DIRECTION('',(0.0,1.0,0.0));
#11713=DIRECTION('',(-1.0,0.0,0.0));
#11714=DIRECTION('',(0.0,1.0,0.0));
#11715=DIRECTION('',(-1.0,0.0,0.0));
#11716=DIRECTION('',(0.0,1.0,0.0));
#11717=DIRECTION('',(-1.0,0.0,0.0));
#11718=DIRECTION('',(0.0,1.0,0.0));
#11719=DIRECTION('',(-1.0,0.0,0.0));
#11720=DIRECTION('',(0.0,1.0,0.0));
#11721=DIRECTION('',(-1.0,0.0,0.0));
#11722=DIRECTION('',(0.0,1.0,0.0));
#11723=DIRECTION('',(-1.0,0.0,0.0));
#11724=DIRECTION('',(0.0,1.0,0.0));
#11725=DIRECTION('',(-1.0,0.0,0.0));
#11726=DIRECTION('',(0.0,1.0,0.0));
#11727=DIRECTION('',(-1.0,0.0,0.0));
#11728=DIRECTION('',(0.0,1.0,0.0));
#11729=DIRECTION('',(-1.0,0.0,0.0));
#11730=DIRECTION('',(0.0,1.0,0.0));
#11731=DIRECTION('',(-1.0,0.0,0.0));
#11732=DIRECTION('',(0.0,1.0,0.0));
#11733=DIRECTION('',(-1.0,0.0,0.0));
#11734=DIRECTION('',(0.0,1.0,0.0));
#11735=DIRECTION('',(-1.0,0.0,0.0));
#11736=DIRECTION('',(0.0,1.0,0.0));
#11737=DIRECTION('',(-1.0,0.0,0.0));
#11738=DIRECTION('',(0.0,1.0,0.0));
#11739=DIRECTION('',(-1.0,0.0,0.0));
#11740=DIRECTION('',(0.0,1.0,0.0));
#11741=DIRECTION('',(-1.0,0.0,0.0));
#11742=DIRECTION('',(0.0,1.0,0.0));
#11743=DIRECTION('',(-1.0,0.0,0.0));
#11744=DIRECTION('',(0.0,1.0,0.0));
#11745=DIRECTION('',(-1.0,0.0,0.0));
#11746=DIRECTION('',(0.0,1.0,0.0));
#11747=DIRECTION('',(-1.0,0.0,0.0));
#11748=DIRECTION('',(0.0,1.0,0.0));
#11749=DIRECTION('',(-1.0,0.0,0.0));
#11750=DIRECTION('',(0.0,1.0,0.0));
#11751=DIRECTION('',(-1.0,0.0,0.0));
#11752=DIRECTION('',(0.0,1.0,0.0));
#11753=DIRECTION('',(0.0,-1.0,0.0));
#11754=DIRECTION('',(-1.0,0.0,0.0));
#11755=DIRECTION('',(-1.0,0.0,0.0));
#11756=DIRECTION('',(0.0,-1.0,0.0));
#11757=CARTESIAN_POINT('',(-5.666,-0.679,-4.4));
#11758=DIRECTION('',(0.0,0.0,1.0));
#11759=DIRECTION('',(0.0,-1.0,0.0));
#11760=DIRECTION('',(0.0,1.0,0.0));
#11761=DIRECTION('',(1.0,0.0,0.0));
#11762=DIRECTION('',(0.0,-1.0,0.0));
#11763=CARTESIAN_POINT('',(-5.666,-0.679,-4.4));
#11764=DIRECTION('',(0.0,0.0,-1.0));
#11765=DIRECTION('',(1.0,0.0,0.0));
#11766=DIRECTION('',(-1.0,0.0,0.0));
#11767=DIRECTION('',(0.0,1.0,0.0));
#11768=DIRECTION('',(-1.0,0.0,0.0));
#11769=CARTESIAN_POINT('',(5.666,-0.679,-4.4));
#11770=DIRECTION('',(0.0,0.0,-1.0));
#11771=DIRECTION('',(0.0,-1.0,0.0));
#11772=DIRECTION('',(0.0,1.0,0.0));
#11773=DIRECTION('',(1.0,0.0,0.0));
#11774=DIRECTION('',(0.0,-1.0,0.0));
#11775=CARTESIAN_POINT('',(5.666,-0.679,-4.4));
#11776=DIRECTION('',(0.0,0.0,1.0));
#11777=DIRECTION('',(-1.0,0.0,0.0));
#11778=DIRECTION('',(0.0,1.0,0.0));
#11779=DIRECTION('',(-1.0,0.0,0.0));
#11780=DIRECTION('',(-1.0,0.0,0.0));
#11781=DIRECTION('',(0.0,-1.0,0.0));
#11782=DIRECTION('',(0.0,-1.0,0.0));
#11783=DIRECTION('',(-0.707106781186548,0.0,-0.707106781186548));
#11784=DIRECTION('',(0.0,-1.0,0.0));
#11785=DIRECTION('',(0.0,1.0,0.0));
#11786=DIRECTION('',(0.0,0.0,-1.0));
#11787=DIRECTION('',(0.0,-1.0,0.0));
#11788=DIRECTION('',(0.0,0.0,-1.0));
#11789=CARTESIAN_POINT('',(5.3,0.17,-3.6));
#11790=DIRECTION('',(-1.0,0.0,0.0));
#11791=DIRECTION('',(0.0,1.0,0.0));
#11792=DIRECTION('',(0.0,-1.0,0.0));
#11793=CARTESIAN_POINT('',(5.3,-0.13,-3.6));
#11794=DIRECTION('',(-1.0,0.0,0.0));
#11795=DIRECTION('',(0.0,0.0,-1.0));
#11796=DIRECTION('',(0.0,0.0,-1.0));
#11797=DIRECTION('',(0.0,1.0,0.0));
#11798=DIRECTION('',(0.0,0.0,-1.0));
#11799=DIRECTION('',(0.0,1.0,0.0));
#11800=DIRECTION('',(0.0,-0.164393440226801,-0.986394848329206));
#11801=DIRECTION('',(0.0,-1.0,0.0));
#11802=DIRECTION('',(-2.22044604925E-14,0.0,1.0));
#11803=DIRECTION('',(0.0,-1.0,0.0));
#11804=DIRECTION('',(0.0,0.0,1.0));
#11805=DIRECTION('',(0.0,0.0,1.0));
#11806=DIRECTION('',(-1.0,0.0,0.0));
#11807=DIRECTION('',(-1.0,0.0,0.0));
#11808=DIRECTION('',(0.0,0.0,1.0));
#11809=DIRECTION('',(-1.0,0.0,0.0));
#11810=DIRECTION('',(0.0,0.0,-1.0));
#11811=DIRECTION('',(1.0,0.0,0.0));
#11812=DIRECTION('',(-1.0,0.0,0.0));
#11813=DIRECTION('',(-1.0,0.0,0.0));
#11814=DIRECTION('',(-1.0,0.0,0.0));
#11815=DIRECTION('',(2.22044604925E-14,0.0,-1.0));
#11816=DIRECTION('',(-1.0,0.0,0.0));
#11817=DIRECTION('',(-2.22044604925E-14,0.0,-1.0));
#11818=DIRECTION('',(-1.0,0.0,0.0));
#11819=DIRECTION('',(-2.22044604925E-14,0.0,-1.0));
#11820=DIRECTION('',(0.0,-1.0,0.0));
#11821=DIRECTION('',(0.0,0.0,-1.0));
#11822=DIRECTION('',(0.68391070021861,0.0,-0.72956572981911));
#11823=DIRECTION('',(0.0,0.0,-1.0));
#11824=DIRECTION('',(-0.707106781186548,0.0,-0.707106781186548));
#11825=DIRECTION('',(0.0,0.0,-1.0));
#11826=DIRECTION('',(0.0,0.0,1.0));
#11827=DIRECTION('',(-0.707106781186548,0.0,0.707106781186548));
#11828=DIRECTION('',(0.0,0.0,1.0));
#11829=DIRECTION('',(0.68391070021861,0.0,0.72956572981911));
#11830=DIRECTION('',(0.0,0.0,1.0));
#11831=DIRECTION('',(1.0,0.0,0.0));
#11832=DIRECTION('',(0.0,-1.0,0.0));
#11833=DIRECTION('',(0.0,-1.0,0.0));
#11834=DIRECTION('',(0.0,-1.0,0.0));
#11835=DIRECTION('',(0.0,-1.0,0.0));
#11836=DIRECTION('',(0.0,0.164393440226801,0.986394848329206));
#11837=DIRECTION('',(0.0,-1.0,0.0));
#11838=DIRECTION('',(0.0,0.0,-1.0));
#11839=DIRECTION('',(0.0,1.0,0.0));
#11840=DIRECTION('',(0.0,-1.0,0.0));
#11841=DIRECTION('',(0.0,0.0,-1.0));
#11842=CARTESIAN_POINT('',(-5.3,-0.13,-3.6));
#11843=DIRECTION('',(1.0,0.0,0.0));
#11844=DIRECTION('',(0.0,-1.0,0.0));
#11845=DIRECTION('',(0.0,-1.0,0.0));
#11846=CARTESIAN_POINT('',(-5.3,0.17,-3.6));
#11847=DIRECTION('',(1.0,0.0,0.0));
#11848=DIRECTION('',(0.0,0.0,-1.0));
#11849=DIRECTION('',(0.0,0.0,-1.0));
#11850=DIRECTION('',(0.0,-1.0,0.0));
#11851=DIRECTION('',(0.0,0.0,-1.0));
#11852=DIRECTION('',(0.0,-1.0,0.0));
#11853=DIRECTION('',(0.0,-1.0,0.0));
#11854=DIRECTION('',(0.0,-1.0,0.0));
#11855=DIRECTION('',(-1.0,0.0,0.0));
#11856=DIRECTION('',(0.0,1.0,0.0));
#11857=DIRECTION('',(0.0,1.0,0.0));
#11858=DIRECTION('',(-1.0,0.0,0.0));
#11859=DIRECTION('',(0.0,1.0,0.0));
#11860=DIRECTION('',(0.0,0.0,-1.0));
#11861=DIRECTION('',(0.0,-1.0,0.0));
#11862=DIRECTION('',(0.0,0.0,-1.0));
#11863=DIRECTION('',(0.577350269189626,0.577350269189626,0.577350269189626));
#11864=DIRECTION('',(0.577350269189626,-0.577350269189626,0.577350269189626));
#11865=DIRECTION('',(-1.0,0.0,0.0));
#11866=DIRECTION('',(-0.577350269189626,-0.577350269189626,0.577350269189626));
#11867=DIRECTION('',(0.0,1.0,0.0));
#11868=DIRECTION('',(0.577350269189626,-0.577350269189626,-0.577350269189626));
#11869=DIRECTION('',(0.0,0.0,-1.0));
#11870=DIRECTION('',(0.0,0.0,-1.0));
#11871=DIRECTION('',(0.0,0.0,-1.0));
#11872=DIRECTION('',(1.0,0.0,0.0));
#11873=DIRECTION('',(0.0,0.0,1.0));
#11874=DIRECTION('',(0.0,0.0,-1.0));
#11875=DIRECTION('',(2.19023654397301E-14,0.164393440226801,0.986394848329206));
#11876=DIRECTION('',(0.0,1.0,0.0));
#11877=DIRECTION('',(0.0,0.0,-1.0));
#11878=DIRECTION('',(0.0,-1.0,0.0));
#11879=DIRECTION('',(0.0,1.0,0.0));
#11880=DIRECTION('',(-0.707106781186498,0.707106781186598,0.0));
#11881=DIRECTION('',(1.0,0.0,0.0));
#11882=DIRECTION('',(0.707106781186548,0.707106781186548,0.0));
#11883=DIRECTION('',(0.0,1.0,0.0));
#11884=DIRECTION('',(-1.0,0.0,0.0));
#11885=DIRECTION('',(0.0,-1.0,0.0));
#11886=DIRECTION('',(0.707106781186498,-0.707106781186598,0.0));
#11887=DIRECTION('',(-1.0,0.0,0.0));
#11888=DIRECTION('',(0.0,1.0,0.0));
#11889=DIRECTION('',(-0.707106781186548,-0.707106781186548,0.0));
#11890=DIRECTION('',(0.0,-1.0,0.0));
#11891=DIRECTION('',(1.0,0.0,0.0));
#11892=DIRECTION('',(0.0,0.0,-1.0));
#11893=DIRECTION('',(1.0,0.0,0.0));
#11894=DIRECTION('',(1.0,0.0,0.0));
#11895=CARTESIAN_POINT('',(-5.53,0.17,-3.6));
#11896=DIRECTION('',(-1.0,0.0,0.0));
#11897=DIRECTION('',(0.0,1.0,0.0));
#11898=CARTESIAN_POINT('',(-5.53,-0.13,-3.6));
#11899=DIRECTION('',(-1.0,0.0,0.0));
#11900=DIRECTION('',(0.0,0.0,-1.0));
#11901=DIRECTION('',(0.0,0.0,-1.0));
#11902=DIRECTION('',(0.0,0.0,1.0));
#11903=DIRECTION('',(0.0,-1.0,0.0));
#11904=DIRECTION('',(0.0,0.0,-1.0));
#11905=DIRECTION('',(0.0,-1.0,0.0));
#11906=DIRECTION('',(-1.0,0.0,0.0));
#11907=DIRECTION('',(0.0,-1.0,0.0));
#11908=DIRECTION('',(-1.0,0.0,0.0));
#11909=DIRECTION('',(1.0,0.0,0.0));
#11910=DIRECTION('',(-1.0,0.0,0.0));
#11911=DIRECTION('',(-1.0,0.0,-5.921189464667E-14));
#11912=DIRECTION('',(-1.0,0.0,0.0));
#11913=DIRECTION('',(0.0,0.0,1.0));
#11914=DIRECTION('',(0.0,0.0,1.0));
#11915=DIRECTION('',(0.0,0.0,1.0));
#11916=DIRECTION('',(0.0,0.0,1.0));
#11917=DIRECTION('',(0.0,1.0,0.0));
#11918=CARTESIAN_POINT('',(5.666,-0.679,-2.6));
#11919=DIRECTION('',(0.0,0.0,1.0));
#11920=DIRECTION('',(-1.0,0.0,0.0));
#11921=DIRECTION('',(0.0,-1.0,0.0));
#11922=DIRECTION('',(-1.0,0.0,0.0));
#11923=DIRECTION('',(0.0,1.0,0.0));
#11924=CARTESIAN_POINT('',(5.666,-0.679,-2.6));
#11925=DIRECTION('',(0.0,0.0,-1.0));
#11926=DIRECTION('',(0.0,-1.0,0.0));
#11927=DIRECTION('',(-1.0,0.0,0.0));
#11928=DIRECTION('',(0.0,-1.0,0.0));
#11929=DIRECTION('',(-1.0,0.0,0.0));
#11930=CARTESIAN_POINT('',(-5.666,-0.679,-2.6));
#11931=DIRECTION('',(0.0,0.0,-1.0));
#11932=DIRECTION('',(1.0,0.0,0.0));
#11933=DIRECTION('',(0.0,-1.0,0.0));
#11934=DIRECTION('',(-1.0,0.0,0.0));
#11935=CARTESIAN_POINT('',(-5.666,-0.679,-2.6));
#11936=DIRECTION('',(0.0,0.0,1.0));
#11937=DIRECTION('',(0.0,-1.0,0.0));
#11938=DIRECTION('',(0.0,1.0,0.0));
#11939=DIRECTION('',(0.0,-1.0,0.0));
#11940=CARTESIAN_POINT('',(5.715,-1.03,-2.55));
#11941=DIRECTION('',(-0.0,1.0,0.0));
#11942=DIRECTION('',(1.0,0.0,0.0));
#11943=DIRECTION('',(0.0,0.0,1.0));
#11944=DIRECTION('',(-0.707106781186548,0.0,0.707106781186548));
#11945=DIRECTION('',(0.0,0.0,1.0));
#11946=DIRECTION('',(0.707106781186548,0.0,0.707106781186548));
#11947=DIRECTION('',(0.0,0.0,1.0));
#11948=CARTESIAN_POINT('',(-6.965,-1.03,-4.3));
#11949=DIRECTION('',(0.0,-1.0,0.0));
#11950=DIRECTION('',(-1.0,0.0,0.0));
#11951=DIRECTION('',(0.0,0.0,1.0));
#11952=CARTESIAN_POINT('',(-5.715,-1.03,-2.55));
#11953=DIRECTION('',(0.0,1.0,0.0));
#11954=DIRECTION('',(0.0,0.0,-1.0));
#11955=DIRECTION('',(0.0,0.0,1.0));
#11956=CARTESIAN_POINT('',(-5.815,-1.03,-1.65));
#11957=DIRECTION('',(0.0,-1.0,0.0));
#11958=DIRECTION('',(1.0,0.0,-1.33226762955E-14));
#11959=DIRECTION('',(-1.0,0.0,0.0));
#11960=CARTESIAN_POINT('',(-6.965,-1.03,-1.7));
#11961=DIRECTION('',(0.0,-1.0,0.0));
#11962=DIRECTION('',(0.0,0.0,1.0));
#11963=DIRECTION('',(0.0,0.0,-1.0));
#11964=DIRECTION('',(0.707106781186598,0.0,-0.707106781186498));
#11965=DIRECTION('',(0.0,0.0,-1.0));
#11966=DIRECTION('',(-0.707106781186548,0.0,-0.707106781186548));
#11967=DIRECTION('',(0.0,0.0,-1.0));
#11968=CARTESIAN_POINT('',(5.815,-1.03,-1.65));
#11969=DIRECTION('',(0.0,-1.0,0.0));
#11970=DIRECTION('',(1.7763568394E-14,0.0,1.0));
#11971=DIRECTION('',(0.0,0.0,-1.0));
#11972=DIRECTION('',(0.0,0.0,1.0));
#11973=CARTESIAN_POINT('',(6.965,-1.03,-4.3));
#11974=DIRECTION('',(0.0,-1.0,0.0));
#11975=DIRECTION('',(0.0,0.0,-1.0));
#11976=DIRECTION('',(0.0,1.0,0.0));
#11977=DIRECTION('',(0.0,1.0,0.0));
#11978=DIRECTION('',(0.0,1.0,0.0));
#11979=DIRECTION('',(0.0,1.0,0.0));
#11980=DIRECTION('',(0.0,1.0,0.0));
#11981=DIRECTION('',(0.0,1.0,0.0));
#11982=DIRECTION('',(0.0,1.0,0.0));
#11983=DIRECTION('',(0.0,1.0,0.0));
#11984=DIRECTION('',(0.0,1.0,0.0));
#11985=DIRECTION('',(0.0,1.0,0.0));
#11986=DIRECTION('',(0.0,0.0,1.0));
#11987=DIRECTION('',(0.0,0.0,1.0));
#11988=DIRECTION('',(0.0,-1.0,0.0));
#11989=DIRECTION('',(0.0,-1.0,0.0));
#11990=DIRECTION('',(0.0,-1.0,0.0));
#11991=DIRECTION('',(0.0,1.0,0.0));
#11992=DIRECTION('',(0.0,1.0,0.0));
#11993=DIRECTION('',(0.0,0.0,1.0));
#11994=DIRECTION('',(0.0,0.0,1.0));
#11995=DIRECTION('',(0.0,0.0,1.0));
#11996=DIRECTION('',(-1.0,0.0,0.0));
#11997=DIRECTION('',(0.0,0.0,1.0));
#11998=DIRECTION('',(0.0,0.0,1.0));
#11999=DIRECTION('',(0.0,0.0,1.0));
#12000=DIRECTION('',(-1.0,0.0,-2.960594732334E-14));
#12001=DIRECTION('',(0.0,0.0,-1.0));
#12002=DIRECTION('',(-1.0,0.0,2.960594732334E-14));
#12003=CARTESIAN_POINT('',(5.53,-0.13,-3.6));
#12004=DIRECTION('',(1.0,0.0,0.0));
#12005=DIRECTION('',(0.0,-1.0,0.0));
#12006=CARTESIAN_POINT('',(5.53,0.17,-3.6));
#12007=DIRECTION('',(1.0,0.0,0.0));
#12008=DIRECTION('',(0.0,0.0,-1.0));
#12009=DIRECTION('',(0.0,0.0,-1.0));
#12010=DIRECTION('',(0.0,0.0,1.0));
#12011=DIRECTION('',(0.0,1.0,0.0));
#12012=DIRECTION('',(0.0,0.0,-1.0));
#12013=DIRECTION('',(0.577350269189626,-0.577350269189626,-0.577350269189626));
#12014=DIRECTION('',(0.577350269189626,0.577350269189626,-0.577350269189626));
#12015=DIRECTION('',(0.0,0.0,-1.0));
#12016=DIRECTION('',(1.0,0.0,0.0));
#12017=DIRECTION('',(2.19023654397301E-14,-0.164393440226801,-0.986394848329206));
#12018=DIRECTION('',(0.0,0.0,-1.0));
#12019=DIRECTION('',(0.0,1.0,0.0));
#12020=DIRECTION('',(-1.0,0.0,0.0));
#12021=DIRECTION('',(0.0,-1.0,0.0));
#12022=DIRECTION('',(-1.0,0.0,0.0));
#12023=DIRECTION('',(0.0,-1.0,0.0));
#12024=DIRECTION('',(-1.0,0.0,0.0));
#12025=DIRECTION('',(0.0,-1.0,0.0));
#12026=DIRECTION('',(-1.0,0.0,0.0));
#12027=DIRECTION('',(0.0,-1.0,0.0));
#12028=DIRECTION('',(-1.0,0.0,0.0));
#12029=DIRECTION('',(0.0,-1.0,0.0));
#12030=DIRECTION('',(-1.0,0.0,0.0));
#12031=DIRECTION('',(0.0,-1.0,0.0));
#12032=DIRECTION('',(-1.0,0.0,0.0));
#12033=DIRECTION('',(0.0,-1.0,0.0));
#12034=DIRECTION('',(-1.0,0.0,0.0));
#12035=DIRECTION('',(0.0,-1.0,0.0));
#12036=DIRECTION('',(-1.0,0.0,0.0));
#12037=DIRECTION('',(0.0,-1.0,0.0));
#12038=DIRECTION('',(-1.0,0.0,0.0));
#12039=DIRECTION('',(0.0,-1.0,0.0));
#12040=DIRECTION('',(-1.0,0.0,0.0));
#12041=DIRECTION('',(0.0,-1.0,0.0));
#12042=DIRECTION('',(-1.0,0.0,0.0));
#12043=DIRECTION('',(0.0,-1.0,0.0));
#12044=DIRECTION('',(-1.0,0.0,0.0));
#12045=DIRECTION('',(0.0,-1.0,0.0));
#12046=DIRECTION('',(-1.0,0.0,0.0));
#12047=DIRECTION('',(0.0,-1.0,0.0));
#12048=DIRECTION('',(-1.0,0.0,0.0));
#12049=DIRECTION('',(0.0,-1.0,0.0));
#12050=DIRECTION('',(-1.0,0.0,0.0));
#12051=DIRECTION('',(0.0,-1.0,0.0));
#12052=DIRECTION('',(-1.0,0.0,0.0));
#12053=DIRECTION('',(0.0,-1.0,0.0));
#12054=DIRECTION('',(-1.0,0.0,0.0));
#12055=DIRECTION('',(0.0,-1.0,0.0));
#12056=DIRECTION('',(-1.0,0.0,0.0));
#12057=DIRECTION('',(0.0,-1.0,0.0));
#12058=DIRECTION('',(-1.0,0.0,0.0));
#12059=DIRECTION('',(0.0,-1.0,0.0));
#12060=DIRECTION('',(-1.0,0.0,0.0));
#12061=DIRECTION('',(0.0,-1.0,0.0));
#12062=DIRECTION('',(-1.0,0.0,0.0));
#12063=DIRECTION('',(0.0,-1.0,0.0));
#12064=DIRECTION('',(-1.0,0.0,0.0));
#12065=DIRECTION('',(0.0,-1.0,0.0));
#12066=DIRECTION('',(-1.0,0.0,0.0));
#12067=DIRECTION('',(0.0,-1.0,0.0));
#12068=DIRECTION('',(-1.0,0.0,0.0));
#12069=DIRECTION('',(0.0,-1.0,0.0));
#12070=DIRECTION('',(-1.0,0.0,0.0));
#12071=DIRECTION('',(0.0,-1.0,0.0));
#12072=DIRECTION('',(-1.0,0.0,0.0));
#12073=DIRECTION('',(0.0,-1.0,0.0));
#12074=DIRECTION('',(-1.0,0.0,0.0));
#12075=DIRECTION('',(0.0,-1.0,0.0));
#12076=DIRECTION('',(-1.0,0.0,0.0));
#12077=DIRECTION('',(0.0,-1.0,0.0));
#12078=DIRECTION('',(-1.0,0.0,0.0));
#12079=DIRECTION('',(0.0,-1.0,0.0));
#12080=DIRECTION('',(-1.0,0.0,0.0));
#12081=DIRECTION('',(0.0,-1.0,0.0));
#12082=DIRECTION('',(-1.0,0.0,0.0));
#12083=DIRECTION('',(0.0,-1.0,0.0));
#12084=DIRECTION('',(-1.0,0.0,0.0));
#12085=DIRECTION('',(0.0,-1.0,0.0));
#12086=DIRECTION('',(-1.0,0.0,0.0));
#12087=DIRECTION('',(0.0,-1.0,0.0));
#12088=DIRECTION('',(-1.0,0.0,0.0));
#12089=DIRECTION('',(0.0,-1.0,0.0));
#12090=DIRECTION('',(1.0,0.0,0.0));
#12091=DIRECTION('',(0.0,-1.0,0.0));
#12092=DIRECTION('',(-1.0,0.0,0.0));
#12093=DIRECTION('',(0.0,-1.0,0.0));
#12094=DIRECTION('',(-1.0,0.0,0.0));
#12095=DIRECTION('',(0.0,-1.0,0.0));
#12096=DIRECTION('',(-1.0,0.0,0.0));
#12097=DIRECTION('',(-1.0,0.0,0.0));
#12098=DIRECTION('',(0.0,-1.0,0.0));
#12099=DIRECTION('',(-1.0,0.0,0.0));
#12100=DIRECTION('',(0.0,-1.0,0.0));
#12101=DIRECTION('',(0.0,-0.707106781186548,-0.707106781186548));
#12102=DIRECTION('',(0.0,0.0,-1.0));
#12103=DIRECTION('',(0.0,-1.0,0.0));
#12104=DIRECTION('',(0.0,0.0,1.0));
#12105=DIRECTION('',(0.0,0.707106781186548,0.707106781186548));
#12106=DIRECTION('',(0.0,-0.051246589484579,0.99868603027488));
#12107=CARTESIAN_POINT('',(4.65,0.555,-1.799175473074));
#12108=DIRECTION('',(-1.0,-0.0,0.0));
#12109=DIRECTION('',(0.0,-0.998686030274881,-0.051246589484569));
#12110=DIRECTION('',(0.0,0.421629382064995,0.906768252741289));
#12111=DIRECTION('',(0.0,0.0,1.0));
#12112=DIRECTION('',(1.0,0.0,0.0));
#12113=DIRECTION('',(0.0,0.707106781186548,0.707106781186548));
#12114=DIRECTION('',(0.0,0.0,1.0));
#12115=DIRECTION('',(0.0,-1.0,0.0));
#12116=DIRECTION('',(0.0,0.0,-1.0));
#12117=DIRECTION('',(0.0,-0.707106781186548,-0.707106781186548));
#12118=DIRECTION('',(0.0,0.421629382064995,0.906768252741289));
#12119=CARTESIAN_POINT('',(4.85,0.555,-1.799175473074));
#12120=DIRECTION('',(-1.0,-0.0,0.0));
#12121=DIRECTION('',(0.0,-0.998686030274881,-0.051246589484569));
#12122=DIRECTION('',(0.0,-0.051246589484579,0.99868603027488));
#12123=DIRECTION('',(0.0,0.0,1.0));
#12124=DIRECTION('',(1.0,0.0,0.0));
#12125=DIRECTION('',(1.0,0.0,0.0));
#12126=DIRECTION('',(1.0,0.0,0.0));
#12127=DIRECTION('',(-1.0,0.0,0.0));
#12128=DIRECTION('',(-1.0,0.0,0.0));
#12129=DIRECTION('',(0.0,0.0,1.0));
#12130=DIRECTION('',(-1.0,0.0,0.0));
#12131=DIRECTION('',(0.0,0.0,1.0));
#12132=DIRECTION('',(0.0,0.0,1.0));
#12133=DIRECTION('',(1.0,0.0,0.0));
#12134=DIRECTION('',(0.0,0.0,1.0));
#12135=DIRECTION('',(0.0,0.0,1.0));
#12136=DIRECTION('',(-1.0,0.0,0.0));
#12137=DIRECTION('',(0.0,0.0,1.0));
#12138=DIRECTION('',(0.0,0.0,1.0));
#12139=DIRECTION('',(-1.0,0.0,0.0));
#12140=DIRECTION('',(0.0,0.0,1.0));
#12141=DIRECTION('',(0.0,0.0,1.0));
#12142=DIRECTION('',(-1.0,0.0,0.0));
#12143=DIRECTION('',(0.0,0.0,1.0));
#12144=DIRECTION('',(0.0,0.0,1.0));
#12145=DIRECTION('',(-1.0,0.0,0.0));
#12146=DIRECTION('',(0.0,0.0,1.0));
#12147=DIRECTION('',(0.0,0.0,1.0));
#12148=DIRECTION('',(-1.0,0.0,0.0));
#12149=DIRECTION('',(0.0,0.0,1.0));
#12150=DIRECTION('',(0.0,0.0,1.0));
#12151=DIRECTION('',(-1.0,0.0,0.0));
#12152=DIRECTION('',(0.0,0.0,1.0));
#12153=DIRECTION('',(0.0,0.0,1.0));
#12154=DIRECTION('',(-1.0,0.0,0.0));
#12155=DIRECTION('',(0.0,0.0,1.0));
#12156=DIRECTION('',(0.0,0.0,1.0));
#12157=DIRECTION('',(-1.0,0.0,0.0));
#12158=DIRECTION('',(0.0,0.0,1.0));
#12159=DIRECTION('',(0.0,0.0,1.0));
#12160=DIRECTION('',(-1.0,0.0,0.0));
#12161=DIRECTION('',(0.0,0.0,1.0));
#12162=DIRECTION('',(0.0,0.0,1.0));
#12163=DIRECTION('',(-1.0,0.0,0.0));
#12164=DIRECTION('',(0.0,0.0,1.0));
#12165=DIRECTION('',(0.0,0.0,1.0));
#12166=DIRECTION('',(-1.0,0.0,0.0));
#12167=DIRECTION('',(0.0,0.0,1.0));
#12168=DIRECTION('',(0.0,0.0,1.0));
#12169=DIRECTION('',(-1.0,0.0,0.0));
#12170=DIRECTION('',(0.0,0.0,1.0));
#12171=DIRECTION('',(0.0,0.0,1.0));
#12172=DIRECTION('',(-1.0,0.0,0.0));
#12173=DIRECTION('',(0.0,0.0,1.0));
#12174=DIRECTION('',(0.0,0.0,1.0));
#12175=DIRECTION('',(-1.0,0.0,0.0));
#12176=DIRECTION('',(0.0,0.0,1.0));
#12177=DIRECTION('',(0.0,0.0,1.0));
#12178=DIRECTION('',(-1.0,0.0,0.0));
#12179=DIRECTION('',(0.0,0.0,1.0));
#12180=DIRECTION('',(0.0,0.0,1.0));
#12181=DIRECTION('',(-1.0,0.0,0.0));
#12182=DIRECTION('',(0.0,0.0,1.0));
#12183=DIRECTION('',(0.0,0.0,1.0));
#12184=DIRECTION('',(-1.0,0.0,0.0));
#12185=DIRECTION('',(0.0,0.0,1.0));
#12186=DIRECTION('',(0.0,0.707106781186548,0.707106781186548));
#12187=DIRECTION('',(0.0,0.0,1.0));
#12188=DIRECTION('',(0.0,-1.0,0.0));
#12189=DIRECTION('',(0.0,0.0,-1.0));
#12190=DIRECTION('',(0.0,-0.707106781186548,-0.707106781186548));
#12191=DIRECTION('',(0.0,0.421629382064995,0.906768252741289));
#12192=CARTESIAN_POINT('',(4.35,0.555,-1.799175473074));
#12193=DIRECTION('',(-1.0,-0.0,0.0));
#12194=DIRECTION('',(0.0,-0.998686030274881,-0.051246589484569));
#12195=DIRECTION('',(0.0,-0.051246589484579,0.99868603027488));
#12196=DIRECTION('',(1.0,0.0,0.0));
#12197=DIRECTION('',(0.0,-0.707106781186548,-0.707106781186548));
#12198=DIRECTION('',(0.0,0.0,-1.0));
#12199=DIRECTION('',(0.0,-1.0,0.0));
#12200=DIRECTION('',(0.0,0.0,1.0));
#12201=DIRECTION('',(0.0,0.707106781186548,0.707106781186548));
#12202=DIRECTION('',(0.0,-0.051246589484579,0.99868603027488));
#12203=CARTESIAN_POINT('',(4.15,0.555,-1.799175473074));
#12204=DIRECTION('',(-1.0,-0.0,0.0));
#12205=DIRECTION('',(0.0,-0.998686030274881,-0.051246589484569));
#12206=DIRECTION('',(0.0,0.421629382064995,0.906768252741289));
#12207=DIRECTION('',(1.0,0.0,0.0));
#12208=DIRECTION('',(1.0,0.0,0.0));
#12209=DIRECTION('',(1.0,0.0,0.0));
#12210=DIRECTION('',(1.0,0.0,0.0));
#12211=DIRECTION('',(1.0,0.0,0.0));
#12212=DIRECTION('',(0.0,0.707106781186548,0.707106781186548));
#12213=DIRECTION('',(0.0,0.0,1.0));
#12214=DIRECTION('',(0.0,-1.0,0.0));
#12215=DIRECTION('',(0.0,0.0,-1.0));
#12216=DIRECTION('',(0.0,-0.707106781186548,-0.707106781186548));
#12217=DIRECTION('',(0.0,0.421629382064995,0.906768252741289));
#12218=CARTESIAN_POINT('',(3.85,0.555,-1.799175473074));
#12219=DIRECTION('',(-1.0,-0.0,0.0));
#12220=DIRECTION('',(0.0,-0.998686030274881,-0.051246589484569));
#12221=DIRECTION('',(0.0,-0.051246589484579,0.99868603027488));
#12222=DIRECTION('',(1.0,0.0,0.0));
#12223=DIRECTION('',(0.0,-0.707106781186548,-0.707106781186548));
#12224=DIRECTION('',(0.0,0.0,-1.0));
#12225=DIRECTION('',(0.0,-1.0,0.0));
#12226=DIRECTION('',(0.0,0.0,1.0));
#12227=DIRECTION('',(0.0,0.707106781186548,0.707106781186548));
#12228=DIRECTION('',(0.0,-0.051246589484579,0.99868603027488));
#12229=CARTESIAN_POINT('',(3.65,0.555,-1.799175473074));
#12230=DIRECTION('',(-1.0,-0.0,0.0));
#12231=DIRECTION('',(0.0,-0.998686030274881,-0.051246589484569));
#12232=DIRECTION('',(0.0,0.421629382064995,0.906768252741289));
#12233=DIRECTION('',(1.0,0.0,0.0));
#12234=DIRECTION('',(1.0,0.0,0.0));
#12235=DIRECTION('',(1.0,0.0,0.0));
#12236=DIRECTION('',(1.0,0.0,0.0));
#12237=DIRECTION('',(1.0,0.0,0.0));
#12238=DIRECTION('',(0.0,0.707106781186548,0.707106781186548));
#12239=DIRECTION('',(0.0,0.0,1.0));
#12240=DIRECTION('',(0.0,-1.0,0.0));
#12241=DIRECTION('',(0.0,0.0,-1.0));
#12242=DIRECTION('',(0.0,-0.707106781186548,-0.707106781186548));
#12243=DIRECTION('',(0.0,0.421629382064995,0.906768252741289));
#12244=CARTESIAN_POINT('',(3.35,0.555,-1.799175473074));
#12245=DIRECTION('',(-1.0,-0.0,0.0));
#12246=DIRECTION('',(0.0,-0.998686030274881,-0.051246589484569));
#12247=DIRECTION('',(0.0,-0.051246589484579,0.99868603027488));
#12248=DIRECTION('',(1.0,0.0,0.0));
#12249=DIRECTION('',(0.0,-0.707106781186548,-0.707106781186548));
#12250=DIRECTION('',(0.0,0.0,-1.0));
#12251=DIRECTION('',(0.0,-1.0,0.0));
#12252=DIRECTION('',(0.0,0.0,1.0));
#12253=DIRECTION('',(0.0,0.707106781186548,0.707106781186548));
#12254=DIRECTION('',(0.0,-0.051246589484579,0.99868603027488));
#12255=CARTESIAN_POINT('',(3.15,0.555,-1.799175473074));
#12256=DIRECTION('',(-1.0,-0.0,0.0));
#12257=DIRECTION('',(0.0,-0.998686030274881,-0.051246589484569));
#12258=DIRECTION('',(0.0,0.421629382064995,0.906768252741289));
#12259=DIRECTION('',(1.0,0.0,0.0));
#12260=DIRECTION('',(1.0,0.0,0.0));
#12261=DIRECTION('',(1.0,0.0,0.0));
#12262=DIRECTION('',(1.0,0.0,0.0));
#12263=DIRECTION('',(1.0,0.0,0.0));
#12264=DIRECTION('',(0.0,0.707106781186548,0.707106781186548));
#12265=DIRECTION('',(0.0,0.0,1.0));
#12266=DIRECTION('',(0.0,-1.0,0.0));
#12267=DIRECTION('',(0.0,0.0,-1.0));
#12268=DIRECTION('',(0.0,-0.707106781186548,-0.707106781186548));
#12269=DIRECTION('',(0.0,0.421629382064995,0.906768252741289));
#12270=CARTESIAN_POINT('',(2.85,0.555,-1.799175473074));
#12271=DIRECTION('',(-1.0,-0.0,0.0));
#12272=DIRECTION('',(0.0,-0.998686030274881,-0.051246589484569));
#12273=DIRECTION('',(0.0,-0.051246589484579,0.99868603027488));
#12274=DIRECTION('',(1.0,0.0,0.0));
#12275=DIRECTION('',(0.0,-0.707106781186548,-0.707106781186548));
#12276=DIRECTION('',(0.0,0.0,-1.0));
#12277=DIRECTION('',(0.0,-1.0,0.0));
#12278=DIRECTION('',(0.0,0.0,1.0));
#12279=DIRECTION('',(0.0,0.707106781186548,0.707106781186548));
#12280=DIRECTION('',(0.0,-0.051246589484579,0.99868603027488));
#12281=CARTESIAN_POINT('',(2.65,0.555,-1.799175473074));
#12282=DIRECTION('',(-1.0,-0.0,0.0));
#12283=DIRECTION('',(0.0,-0.998686030274881,-0.051246589484569));
#12284=DIRECTION('',(0.0,0.421629382064995,0.906768252741289));
#12285=DIRECTION('',(1.0,0.0,0.0));
#12286=DIRECTION('',(1.0,0.0,0.0));
#12287=DIRECTION('',(1.0,0.0,0.0));
#12288=DIRECTION('',(1.0,0.0,0.0));
#12289=DIRECTION('',(1.0,0.0,0.0));
#12290=DIRECTION('',(0.0,0.707106781186548,0.707106781186548));
#12291=DIRECTION('',(0.0,0.0,1.0));
#12292=DIRECTION('',(0.0,-1.0,0.0));
#12293=DIRECTION('',(0.0,0.0,-1.0));
#12294=DIRECTION('',(0.0,-0.707106781186548,-0.707106781186548));
#12295=DIRECTION('',(0.0,0.421629382064995,0.906768252741289));
#12296=CARTESIAN_POINT('',(2.35,0.555,-1.799175473074));
#12297=DIRECTION('',(-1.0,-0.0,0.0));
#12298=DIRECTION('',(0.0,-0.998686030274881,-0.051246589484569));
#12299=DIRECTION('',(0.0,-0.051246589484579,0.99868603027488));
#12300=DIRECTION('',(1.0,0.0,0.0));
#12301=DIRECTION('',(0.0,-0.707106781186548,-0.707106781186548));
#12302=DIRECTION('',(0.0,0.0,-1.0));
#12303=DIRECTION('',(0.0,-1.0,0.0));
#12304=DIRECTION('',(0.0,0.0,1.0));
#12305=DIRECTION('',(0.0,0.707106781186548,0.707106781186548));
#12306=DIRECTION('',(0.0,-0.051246589484579,0.99868603027488));
#12307=CARTESIAN_POINT('',(2.15,0.555,-1.799175473074));
#12308=DIRECTION('',(-1.0,-0.0,0.0));
#12309=DIRECTION('',(0.0,-0.998686030274881,-0.051246589484569));
#12310=DIRECTION('',(0.0,0.421629382064995,0.906768252741289));
#12311=DIRECTION('',(1.0,0.0,0.0));
#12312=DIRECTION('',(1.0,0.0,0.0));
#12313=DIRECTION('',(1.0,0.0,0.0));
#12314=DIRECTION('',(1.0,0.0,0.0));
#12315=DIRECTION('',(1.0,0.0,0.0));
#12316=DIRECTION('',(0.0,0.707106781186548,0.707106781186548));
#12317=DIRECTION('',(0.0,0.0,1.0));
#12318=DIRECTION('',(0.0,-1.0,0.0));
#12319=DIRECTION('',(0.0,0.0,-1.0));
#12320=DIRECTION('',(0.0,-0.707106781186548,-0.707106781186548));
#12321=DIRECTION('',(0.0,0.421629382064995,0.906768252741289));
#12322=CARTESIAN_POINT('',(1.85,0.555,-1.799175473074));
#12323=DIRECTION('',(-1.0,-0.0,0.0));
#12324=DIRECTION('',(0.0,-0.998686030274881,-0.051246589484569));
#12325=DIRECTION('',(0.0,-0.051246589484579,0.99868603027488));
#12326=DIRECTION('',(1.0,0.0,0.0));
#12327=DIRECTION('',(0.0,-0.707106781186548,-0.707106781186548));
#12328=DIRECTION('',(0.0,0.0,-1.0));
#12329=DIRECTION('',(0.0,-1.0,0.0));
#12330=DIRECTION('',(0.0,0.0,1.0));
#12331=DIRECTION('',(0.0,0.707106781186548,0.707106781186548));
#12332=DIRECTION('',(0.0,-0.051246589484579,0.99868603027488));
#12333=CARTESIAN_POINT('',(1.65,0.555,-1.799175473074));
#12334=DIRECTION('',(-1.0,-0.0,0.0));
#12335=DIRECTION('',(0.0,-0.998686030274881,-0.051246589484569));
#12336=DIRECTION('',(0.0,0.421629382064995,0.906768252741289));
#12337=DIRECTION('',(1.0,0.0,0.0));
#12338=DIRECTION('',(1.0,0.0,0.0));
#12339=DIRECTION('',(1.0,0.0,0.0));
#12340=DIRECTION('',(1.0,0.0,0.0));
#12341=DIRECTION('',(1.0,0.0,0.0));
#12342=DIRECTION('',(0.0,0.707106781186548,0.707106781186548));
#12343=DIRECTION('',(0.0,0.0,1.0));
#12344=DIRECTION('',(0.0,-1.0,0.0));
#12345=DIRECTION('',(0.0,0.0,-1.0));
#12346=DIRECTION('',(0.0,-0.707106781186548,-0.707106781186548));
#12347=DIRECTION('',(0.0,0.421629382064995,0.906768252741289));
#12348=CARTESIAN_POINT('',(1.35,0.555,-1.799175473074));
#12349=DIRECTION('',(-1.0,-0.0,0.0));
#12350=DIRECTION('',(0.0,-0.998686030274881,-0.051246589484569));
#12351=DIRECTION('',(0.0,-0.051246589484579,0.99868603027488));
#12352=DIRECTION('',(1.0,0.0,0.0));
#12353=DIRECTION('',(0.0,-0.707106781186548,-0.707106781186548));
#12354=DIRECTION('',(0.0,0.0,-1.0));
#12355=DIRECTION('',(0.0,-1.0,0.0));
#12356=DIRECTION('',(0.0,0.0,1.0));
#12357=DIRECTION('',(0.0,0.707106781186548,0.707106781186548));
#12358=DIRECTION('',(0.0,-0.051246589484579,0.99868603027488));
#12359=CARTESIAN_POINT('',(1.15,0.555,-1.799175473074));
#12360=DIRECTION('',(-1.0,-0.0,0.0));
#12361=DIRECTION('',(0.0,-0.998686030274881,-0.051246589484569));
#12362=DIRECTION('',(0.0,0.421629382064995,0.906768252741289));
#12363=DIRECTION('',(1.0,0.0,0.0));
#12364=DIRECTION('',(1.0,0.0,0.0));
#12365=DIRECTION('',(1.0,0.0,0.0));
#12366=DIRECTION('',(1.0,0.0,0.0));
#12367=DIRECTION('',(1.0,0.0,0.0));
#12368=DIRECTION('',(0.0,0.707106781186548,0.707106781186548));
#12369=DIRECTION('',(0.0,0.0,1.0));
#12370=DIRECTION('',(0.0,-1.0,0.0));
#12371=DIRECTION('',(0.0,0.0,-1.0));
#12372=DIRECTION('',(0.0,-0.707106781186548,-0.707106781186548));
#12373=DIRECTION('',(0.0,0.421629382064995,0.906768252741289));
#12374=CARTESIAN_POINT('',(0.85,0.555,-1.799175473074));
#12375=DIRECTION('',(-1.0,-0.0,0.0));
#12376=DIRECTION('',(0.0,-0.998686030274881,-0.051246589484569));
#12377=DIRECTION('',(0.0,-0.051246589484579,0.99868603027488));
#12378=DIRECTION('',(1.0,0.0,0.0));
#12379=DIRECTION('',(0.0,-0.707106781186548,-0.707106781186548));
#12380=DIRECTION('',(0.0,0.0,-1.0));
#12381=DIRECTION('',(0.0,-1.0,0.0));
#12382=DIRECTION('',(0.0,0.0,1.0));
#12383=DIRECTION('',(0.0,0.707106781186548,0.707106781186548));
#12384=DIRECTION('',(0.0,-0.051246589484579,0.99868603027488));
#12385=CARTESIAN_POINT('',(0.65,0.555,-1.799175473074));
#12386=DIRECTION('',(-1.0,-0.0,0.0));
#12387=DIRECTION('',(0.0,-0.998686030274881,-0.051246589484569));
#12388=DIRECTION('',(0.0,0.421629382064995,0.906768252741289));
#12389=DIRECTION('',(1.0,0.0,0.0));
#12390=DIRECTION('',(1.0,0.0,0.0));
#12391=DIRECTION('',(1.0,0.0,0.0));
#12392=DIRECTION('',(1.0,0.0,0.0));
#12393=DIRECTION('',(1.0,0.0,0.0));
#12394=DIRECTION('',(0.0,0.707106781186548,0.707106781186548));
#12395=DIRECTION('',(0.0,0.0,1.0));
#12396=DIRECTION('',(0.0,-1.0,0.0));
#12397=DIRECTION('',(0.0,0.0,-1.0));
#12398=DIRECTION('',(0.0,-0.707106781186548,-0.707106781186548));
#12399=DIRECTION('',(0.0,0.421629382064995,0.906768252741289));
#12400=CARTESIAN_POINT('',(0.35,0.555,-1.799175473074));
#12401=DIRECTION('',(-1.0,-0.0,0.0));
#12402=DIRECTION('',(0.0,-0.998686030274881,-0.051246589484569));
#12403=DIRECTION('',(0.0,-0.051246589484579,0.99868603027488));
#12404=DIRECTION('',(1.0,0.0,0.0));
#12405=DIRECTION('',(0.0,-0.707106781186548,-0.707106781186548));
#12406=DIRECTION('',(0.0,0.0,-1.0));
#12407=DIRECTION('',(0.0,-1.0,0.0));
#12408=DIRECTION('',(0.0,0.0,1.0));
#12409=DIRECTION('',(0.0,0.707106781186548,0.707106781186548));
#12410=DIRECTION('',(0.0,-0.051246589484579,0.99868603027488));
#12411=CARTESIAN_POINT('',(0.15,0.555,-1.799175473074));
#12412=DIRECTION('',(-1.0,-0.0,0.0));
#12413=DIRECTION('',(0.0,-0.998686030274881,-0.051246589484569));
#12414=DIRECTION('',(0.0,0.421629382064995,0.906768252741289));
#12415=DIRECTION('',(1.0,0.0,0.0));
#12416=DIRECTION('',(1.0,0.0,0.0));
#12417=DIRECTION('',(1.0,0.0,0.0));
#12418=DIRECTION('',(1.0,0.0,0.0));
#12419=DIRECTION('',(1.0,0.0,0.0));
#12420=DIRECTION('',(0.0,0.707106781186548,0.707106781186548));
#12421=DIRECTION('',(0.0,0.0,1.0));
#12422=DIRECTION('',(0.0,-1.0,0.0));
#12423=DIRECTION('',(0.0,0.0,-1.0));
#12424=DIRECTION('',(0.0,-0.707106781186548,-0.707106781186548));
#12425=DIRECTION('',(0.0,0.421629382064995,0.906768252741289));
#12426=CARTESIAN_POINT('',(-0.15,0.555,-1.799175473074));
#12427=DIRECTION('',(-1.0,-0.0,0.0));
#12428=DIRECTION('',(0.0,-0.998686030274881,-0.051246589484569));
#12429=DIRECTION('',(0.0,-0.051246589484579,0.99868603027488));
#12430=DIRECTION('',(1.0,0.0,0.0));
#12431=DIRECTION('',(0.0,-0.707106781186548,-0.707106781186548));
#12432=DIRECTION('',(0.0,0.0,-1.0));
#12433=DIRECTION('',(0.0,-1.0,0.0));
#12434=DIRECTION('',(0.0,0.0,1.0));
#12435=DIRECTION('',(0.0,0.707106781186548,0.707106781186548));
#12436=DIRECTION('',(0.0,-0.051246589484579,0.99868603027488));
#12437=CARTESIAN_POINT('',(-0.35,0.555,-1.799175473074));
#12438=DIRECTION('',(-1.0,-0.0,0.0));
#12439=DIRECTION('',(0.0,-0.998686030274881,-0.051246589484569));
#12440=DIRECTION('',(0.0,0.421629382064995,0.906768252741289));
#12441=DIRECTION('',(1.0,0.0,0.0));
#12442=DIRECTION('',(1.0,0.0,0.0));
#12443=DIRECTION('',(1.0,0.0,0.0));
#12444=DIRECTION('',(1.0,0.0,0.0));
#12445=DIRECTION('',(1.0,0.0,0.0));
#12446=DIRECTION('',(0.0,0.707106781186548,0.707106781186548));
#12447=DIRECTION('',(0.0,0.0,1.0));
#12448=DIRECTION('',(0.0,-1.0,0.0));
#12449=DIRECTION('',(0.0,0.0,-1.0));
#12450=DIRECTION('',(0.0,-0.707106781186548,-0.707106781186548));
#12451=DIRECTION('',(0.0,0.421629382064995,0.906768252741289));
#12452=CARTESIAN_POINT('',(-0.65,0.555,-1.799175473074));
#12453=DIRECTION('',(-1.0,-0.0,0.0));
#12454=DIRECTION('',(0.0,-0.998686030274881,-0.051246589484569));
#12455=DIRECTION('',(0.0,-0.051246589484579,0.99868603027488));
#12456=DIRECTION('',(1.0,0.0,0.0));
#12457=DIRECTION('',(0.0,-0.707106781186548,-0.707106781186548));
#12458=DIRECTION('',(0.0,0.0,-1.0));
#12459=DIRECTION('',(0.0,-1.0,0.0));
#12460=DIRECTION('',(0.0,0.0,1.0));
#12461=DIRECTION('',(0.0,0.707106781186548,0.707106781186548));
#12462=DIRECTION('',(0.0,-0.051246589484579,0.99868603027488));
#12463=CARTESIAN_POINT('',(-0.85,0.555,-1.799175473074));
#12464=DIRECTION('',(-1.0,-0.0,0.0));
#12465=DIRECTION('',(0.0,-0.998686030274881,-0.051246589484569));
#12466=DIRECTION('',(0.0,0.421629382064995,0.906768252741289));
#12467=DIRECTION('',(1.0,0.0,0.0));
#12468=DIRECTION('',(1.0,0.0,0.0));
#12469=DIRECTION('',(1.0,0.0,0.0));
#12470=DIRECTION('',(1.0,0.0,0.0));
#12471=DIRECTION('',(1.0,0.0,0.0));
#12472=DIRECTION('',(0.0,0.707106781186548,0.707106781186548));
#12473=DIRECTION('',(0.0,0.0,1.0));
#12474=DIRECTION('',(0.0,-1.0,0.0));
#12475=DIRECTION('',(0.0,0.0,-1.0));
#12476=DIRECTION('',(0.0,-0.707106781186548,-0.707106781186548));
#12477=DIRECTION('',(0.0,0.421629382064995,0.906768252741289));
#12478=CARTESIAN_POINT('',(-1.15,0.555,-1.799175473074));
#12479=DIRECTION('',(-1.0,-0.0,0.0));
#12480=DIRECTION('',(0.0,-0.998686030274881,-0.051246589484569));
#12481=DIRECTION('',(0.0,-0.051246589484579,0.99868603027488));
#12482=DIRECTION('',(1.0,0.0,0.0));
#12483=DIRECTION('',(0.0,-0.707106781186548,-0.707106781186548));
#12484=DIRECTION('',(0.0,0.0,-1.0));
#12485=DIRECTION('',(0.0,-1.0,0.0));
#12486=DIRECTION('',(0.0,0.0,1.0));
#12487=DIRECTION('',(0.0,0.707106781186548,0.707106781186548));
#12488=DIRECTION('',(0.0,-0.051246589484579,0.99868603027488));
#12489=CARTESIAN_POINT('',(-1.35,0.555,-1.799175473074));
#12490=DIRECTION('',(-1.0,-0.0,0.0));
#12491=DIRECTION('',(0.0,-0.998686030274881,-0.051246589484569));
#12492=DIRECTION('',(0.0,0.421629382064995,0.906768252741289));
#12493=DIRECTION('',(1.0,0.0,0.0));
#12494=DIRECTION('',(1.0,0.0,0.0));
#12495=DIRECTION('',(1.0,0.0,0.0));
#12496=DIRECTION('',(1.0,0.0,0.0));
#12497=DIRECTION('',(1.0,0.0,0.0));
#12498=DIRECTION('',(0.0,0.707106781186548,0.707106781186548));
#12499=DIRECTION('',(0.0,0.0,1.0));
#12500=DIRECTION('',(0.0,-1.0,0.0));
#12501=DIRECTION('',(0.0,0.0,-1.0));
#12502=DIRECTION('',(0.0,-0.707106781186548,-0.707106781186548));
#12503=DIRECTION('',(0.0,0.421629382064995,0.906768252741289));
#12504=CARTESIAN_POINT('',(-1.65,0.555,-1.799175473074));
#12505=DIRECTION('',(-1.0,-0.0,0.0));
#12506=DIRECTION('',(0.0,-0.998686030274881,-0.051246589484569));
#12507=DIRECTION('',(0.0,-0.051246589484579,0.99868603027488));
#12508=DIRECTION('',(1.0,0.0,0.0));
#12509=DIRECTION('',(0.0,-0.707106781186548,-0.707106781186548));
#12510=DIRECTION('',(0.0,0.0,-1.0));
#12511=DIRECTION('',(0.0,-1.0,0.0));
#12512=DIRECTION('',(0.0,0.0,1.0));
#12513=DIRECTION('',(0.0,0.707106781186548,0.707106781186548));
#12514=DIRECTION('',(0.0,-0.051246589484579,0.99868603027488));
#12515=CARTESIAN_POINT('',(-1.85,0.555,-1.799175473074));
#12516=DIRECTION('',(-1.0,-0.0,0.0));
#12517=DIRECTION('',(0.0,-0.998686030274881,-0.051246589484569));
#12518=DIRECTION('',(0.0,0.421629382064995,0.906768252741289));
#12519=DIRECTION('',(1.0,0.0,0.0));
#12520=DIRECTION('',(1.0,0.0,0.0));
#12521=DIRECTION('',(1.0,0.0,0.0));
#12522=DIRECTION('',(1.0,0.0,0.0));
#12523=DIRECTION('',(1.0,0.0,0.0));
#12524=DIRECTION('',(0.0,0.707106781186548,0.707106781186548));
#12525=DIRECTION('',(0.0,0.0,1.0));
#12526=DIRECTION('',(0.0,-1.0,0.0));
#12527=DIRECTION('',(0.0,0.0,-1.0));
#12528=DIRECTION('',(0.0,-0.707106781186548,-0.707106781186548));
#12529=DIRECTION('',(0.0,0.421629382064995,0.906768252741289));
#12530=CARTESIAN_POINT('',(-2.15,0.555,-1.799175473074));
#12531=DIRECTION('',(-1.0,-0.0,0.0));
#12532=DIRECTION('',(0.0,-0.998686030274881,-0.051246589484569));
#12533=DIRECTION('',(0.0,-0.051246589484579,0.99868603027488));
#12534=DIRECTION('',(1.0,0.0,0.0));
#12535=DIRECTION('',(0.0,-0.707106781186548,-0.707106781186548));
#12536=DIRECTION('',(0.0,0.0,-1.0));
#12537=DIRECTION('',(0.0,-1.0,0.0));
#12538=DIRECTION('',(0.0,0.0,1.0));
#12539=DIRECTION('',(0.0,0.707106781186548,0.707106781186548));
#12540=DIRECTION('',(0.0,-0.051246589484579,0.99868603027488));
#12541=CARTESIAN_POINT('',(-2.35,0.555,-1.799175473074));
#12542=DIRECTION('',(-1.0,-0.0,0.0));
#12543=DIRECTION('',(0.0,-0.998686030274881,-0.051246589484569));
#12544=DIRECTION('',(0.0,0.421629382064995,0.906768252741289));
#12545=DIRECTION('',(1.0,0.0,0.0));
#12546=DIRECTION('',(1.0,0.0,0.0));
#12547=DIRECTION('',(1.0,0.0,0.0));
#12548=DIRECTION('',(1.0,0.0,0.0));
#12549=DIRECTION('',(1.0,0.0,0.0));
#12550=DIRECTION('',(0.0,0.707106781186548,0.707106781186548));
#12551=DIRECTION('',(0.0,0.0,1.0));
#12552=DIRECTION('',(0.0,-1.0,0.0));
#12553=DIRECTION('',(0.0,0.0,-1.0));
#12554=DIRECTION('',(0.0,-0.707106781186548,-0.707106781186548));
#12555=DIRECTION('',(0.0,0.421629382064995,0.906768252741289));
#12556=CARTESIAN_POINT('',(-2.65,0.555,-1.799175473074));
#12557=DIRECTION('',(-1.0,-0.0,0.0));
#12558=DIRECTION('',(0.0,-0.998686030274881,-0.051246589484569));
#12559=DIRECTION('',(0.0,-0.051246589484579,0.99868603027488));
#12560=DIRECTION('',(1.0,0.0,0.0));
#12561=DIRECTION('',(0.0,-0.707106781186548,-0.707106781186548));
#12562=DIRECTION('',(0.0,0.0,-1.0));
#12563=DIRECTION('',(0.0,-1.0,0.0));
#12564=DIRECTION('',(0.0,0.0,1.0));
#12565=DIRECTION('',(0.0,0.707106781186548,0.707106781186548));
#12566=CARTESIAN_POINT('',(-2.85,0.555,-1.799175473074));
#12567=DIRECTION('',(-1.0,-0.0,0.0));
#12568=DIRECTION('',(0.0,-0.998686030274881,-0.051246589484569));
#12569=DIRECTION('',(0.0,0.421629382064995,0.906768252741289));
#12570=DIRECTION('',(0.0,-0.051246589484579,0.99868603027488));
#12571=DIRECTION('',(1.0,0.0,0.0));
#12572=DIRECTION('',(1.0,0.0,0.0));
#12573=DIRECTION('',(1.0,0.0,0.0));
#12574=DIRECTION('',(1.0,0.0,0.0));
#12575=DIRECTION('',(1.0,0.0,0.0));
#12576=DIRECTION('',(0.0,0.707106781186548,0.707106781186548));
#12577=DIRECTION('',(0.0,0.0,1.0));
#12578=DIRECTION('',(0.0,-1.0,0.0));
#12579=DIRECTION('',(0.0,0.0,-1.0));
#12580=DIRECTION('',(0.0,-0.707106781186548,-0.707106781186548));
#12581=DIRECTION('',(0.0,0.421629382064995,0.906768252741289));
#12582=CARTESIAN_POINT('',(-3.15,0.555,-1.799175473074));
#12583=DIRECTION('',(-1.0,-0.0,0.0));
#12584=DIRECTION('',(0.0,-0.998686030274881,-0.051246589484569));
#12585=DIRECTION('',(0.0,-0.051246589484579,0.99868603027488));
#12586=DIRECTION('',(1.0,0.0,0.0));
#12587=DIRECTION('',(0.0,-0.707106781186548,-0.707106781186548));
#12588=DIRECTION('',(0.0,0.0,-1.0));
#12589=DIRECTION('',(0.0,-1.0,0.0));
#12590=DIRECTION('',(0.0,0.0,1.0));
#12591=DIRECTION('',(0.0,0.707106781186548,0.707106781186548));
#12592=CARTESIAN_POINT('',(-3.35,0.555,-1.799175473074));
#12593=DIRECTION('',(-1.0,-0.0,0.0));
#12594=DIRECTION('',(0.0,-0.998686030274881,-0.051246589484569));
#12595=DIRECTION('',(0.0,0.421629382064995,0.906768252741289));
#12596=DIRECTION('',(0.0,-0.051246589484579,0.99868603027488));
#12597=DIRECTION('',(1.0,0.0,0.0));
#12598=DIRECTION('',(1.0,0.0,0.0));
#12599=DIRECTION('',(1.0,0.0,0.0));
#12600=DIRECTION('',(1.0,0.0,0.0));
#12601=DIRECTION('',(1.0,0.0,0.0));
#12602=DIRECTION('',(0.0,0.707106781186548,0.707106781186548));
#12603=DIRECTION('',(0.0,0.0,1.0));
#12604=DIRECTION('',(0.0,-1.0,0.0));
#12605=DIRECTION('',(0.0,0.0,-1.0));
#12606=DIRECTION('',(0.0,-0.707106781186548,-0.707106781186548));
#12607=DIRECTION('',(0.0,0.421629382064995,0.906768252741289));
#12608=CARTESIAN_POINT('',(-3.65,0.555,-1.799175473074));
#12609=DIRECTION('',(-1.0,-0.0,0.0));
#12610=DIRECTION('',(0.0,-0.998686030274881,-0.051246589484569));
#12611=DIRECTION('',(0.0,-0.051246589484579,0.99868603027488));
#12612=DIRECTION('',(1.0,0.0,0.0));
#12613=DIRECTION('',(0.0,-0.707106781186548,-0.707106781186548));
#12614=DIRECTION('',(0.0,0.0,-1.0));
#12615=DIRECTION('',(0.0,-1.0,0.0));
#12616=DIRECTION('',(0.0,0.0,1.0));
#12617=DIRECTION('',(0.0,0.707106781186548,0.707106781186548));
#12618=CARTESIAN_POINT('',(-3.85,0.555,-1.799175473074));
#12619=DIRECTION('',(-1.0,-0.0,0.0));
#12620=DIRECTION('',(0.0,-0.998686030274881,-0.051246589484569));
#12621=DIRECTION('',(0.0,0.421629382064995,0.906768252741289));
#12622=DIRECTION('',(0.0,-0.051246589484579,0.99868603027488));
#12623=DIRECTION('',(1.0,0.0,0.0));
#12624=DIRECTION('',(1.0,0.0,0.0));
#12625=DIRECTION('',(1.0,0.0,0.0));
#12626=DIRECTION('',(1.0,0.0,0.0));
#12627=DIRECTION('',(1.0,0.0,0.0));
#12628=DIRECTION('',(0.0,0.707106781186548,0.707106781186548));
#12629=DIRECTION('',(0.0,0.0,1.0));
#12630=DIRECTION('',(0.0,-1.0,0.0));
#12631=DIRECTION('',(0.0,0.0,-1.0));
#12632=DIRECTION('',(0.0,-0.707106781186548,-0.707106781186548));
#12633=DIRECTION('',(0.0,0.421629382064995,0.906768252741289));
#12634=CARTESIAN_POINT('',(-4.15,0.555,-1.799175473074));
#12635=DIRECTION('',(-1.0,-0.0,0.0));
#12636=DIRECTION('',(0.0,-0.998686030274881,-0.051246589484569));
#12637=DIRECTION('',(0.0,-0.051246589484579,0.99868603027488));
#12638=DIRECTION('',(1.0,0.0,0.0));
#12639=DIRECTION('',(0.0,-0.707106781186548,-0.707106781186548));
#12640=DIRECTION('',(0.0,0.0,-1.0));
#12641=DIRECTION('',(0.0,-1.0,0.0));
#12642=DIRECTION('',(0.0,0.0,1.0));
#12643=DIRECTION('',(0.0,0.707106781186548,0.707106781186548));
#12644=CARTESIAN_POINT('',(-4.35,0.555,-1.799175473074));
#12645=DIRECTION('',(-1.0,-0.0,0.0));
#12646=DIRECTION('',(0.0,-0.998686030274881,-0.051246589484569));
#12647=DIRECTION('',(0.0,0.421629382064995,0.906768252741289));
#12648=DIRECTION('',(0.0,-0.051246589484579,0.99868603027488));
#12649=DIRECTION('',(1.0,0.0,0.0));
#12650=DIRECTION('',(1.0,0.0,0.0));
#12651=DIRECTION('',(1.0,0.0,0.0));
#12652=DIRECTION('',(1.0,0.0,0.0));
#12653=DIRECTION('',(1.0,0.0,0.0));
#12654=DIRECTION('',(0.0,0.707106781186548,0.707106781186548));
#12655=DIRECTION('',(0.0,0.0,1.0));
#12656=DIRECTION('',(0.0,-1.0,0.0));
#12657=DIRECTION('',(0.0,0.0,-1.0));
#12658=DIRECTION('',(0.0,-0.707106781186548,-0.707106781186548));
#12659=DIRECTION('',(0.0,0.421629382064995,0.906768252741289));
#12660=CARTESIAN_POINT('',(-4.65,0.555,-1.799175473074));
#12661=DIRECTION('',(-1.0,-0.0,0.0));
#12662=DIRECTION('',(0.0,-0.998686030274881,-0.051246589484569));
#12663=DIRECTION('',(0.0,-0.051246589484579,0.99868603027488));
#12664=DIRECTION('',(1.0,0.0,0.0));
#12665=DIRECTION('',(0.0,-0.707106781186548,-0.707106781186548));
#12666=DIRECTION('',(0.0,0.0,-1.0));
#12667=DIRECTION('',(0.0,-1.0,0.0));
#12668=DIRECTION('',(0.0,0.0,1.0));
#12669=DIRECTION('',(0.0,0.707106781186548,0.707106781186548));
#12670=CARTESIAN_POINT('',(-4.85,0.555,-1.799175473074));
#12671=DIRECTION('',(-1.0,-0.0,0.0));
#12672=DIRECTION('',(0.0,-0.998686030274881,-0.051246589484569));
#12673=DIRECTION('',(0.0,0.421629382064995,0.906768252741289));
#12674=DIRECTION('',(0.0,-0.051246589484579,0.99868603027488));
#12675=DIRECTION('',(1.0,0.0,0.0));
#12676=DIRECTION('',(1.0,0.0,0.0));
#12677=DIRECTION('',(1.0,0.0,0.0));
#12678=DIRECTION('',(1.0,0.0,0.0));
#12679=DIRECTION('',(1.0,0.0,0.0));
#12680=DIRECTION('',(-1.0,0.0,0.0));
#12681=DIRECTION('',(-1.0,0.0,0.0));
#12682=DIRECTION('',(-0.707106781186548,0.0,0.707106781186548));
#12683=DIRECTION('',(1.0,0.0,0.0));
#12684=DIRECTION('',(1.0,0.0,0.0));
#12685=DIRECTION('',(0.0,1.0,0.0));
#12686=DIRECTION('',(-0.577350269189626,0.577350269189626,-0.577350269189626));
#12687=DIRECTION('',(-0.577350269189626,-0.577350269189626,-0.577350269189626));
#12688=DIRECTION('',(0.0,-1.0,0.0));
#12689=DIRECTION('',(0.0,-1.0,0.0));
#12690=DIRECTION('',(0.0,-1.0,0.0));
#12691=DIRECTION('',(0.0,-1.0,0.0));
#12692=DIRECTION('',(0.0,0.0,1.0));
#12693=DIRECTION('',(0.0,0.0,1.0));
#12694=DIRECTION('',(0.0,0.0,-1.0));
#12695=DIRECTION('',(1.0,0.0,0.0));
#12696=DIRECTION('',(0.0,0.0,-1.0));
#12697=CARTESIAN_POINT('',(-7.415,-0.7,-0.3));
#12698=DIRECTION('',(0.0,0.0,-1.0));
#12699=DIRECTION('',(0.0,-1.0,0.0));
#12700=DIRECTION('',(0.0,0.0,-1.0));
#12701=DIRECTION('',(0.0,-1.0,0.0));
#12702=CARTESIAN_POINT('',(-7.415,-0.7,-0.3));
#12703=DIRECTION('',(0.0,1.0,0.0));
#12704=DIRECTION('',(-1.0,0.0,0.0));
#12705=CARTESIAN_POINT('',(-7.415,-0.7,-0.3));
#12706=DIRECTION('',(1.0,0.0,-0.0));
#12707=DIRECTION('',(0.0,0.0,1.0));
#12708=CARTESIAN_POINT('',(7.415,-0.7,-0.3));
#12709=DIRECTION('',(-1.0,0.0,0.0));
#12710=DIRECTION('',(0.0,-1.0,0.0));
#12711=CARTESIAN_POINT('',(7.415,-0.7,-0.3));
#12712=DIRECTION('',(0.0,0.0,-1.0));
#12713=DIRECTION('',(1.0,0.0,0.0));
#12714=CARTESIAN_POINT('',(7.415,-0.7,-0.3));
#12715=DIRECTION('',(0.0,1.0,0.0));
#12716=DIRECTION('',(0.0,0.0,1.0));
#12717=DIRECTION('',(0.0,1.0,0.0));
#12718=DIRECTION('',(0.0,0.0,-1.0));
#12719=DIRECTION('',(0.0,-1.0,0.0));
#12720=DIRECTION('',(0.0,-1.0,0.0));
#12721=DIRECTION('',(0.0,-1.0,0.0));
#12722=DIRECTION('',(0.0,-1.0,0.0));
#12723=DIRECTION('',(-1.0,0.0,0.0));
#12724=DIRECTION('',(0.684791078771726,-0.249243569364009,-0.684791078771726));
#12725=DIRECTION('',(0.0,-0.342020143325699,-0.939692620785897));
#12726=DIRECTION('',(-0.684791078771726,-0.249243569364009,-0.684791078771726));
#12727=DIRECTION('',(0.0,-0.342020143325699,-0.939692620785897));
#12728=DIRECTION('',(0.0,-1.0,0.0));
#12729=DIRECTION('',(0.0,-1.0,0.0));
#12730=DIRECTION('',(0.0,-1.0,0.0));
#12731=DIRECTION('',(0.0,-1.0,0.0));
#12732=DIRECTION('',(0.0,-1.0,0.0));
#12733=PRESENTATION_LAYER_ASSIGNMENT('','',(#24,#46,#47,#48,#49,#50,#51,#52,#53,#54,#55,#56,#57,#58,#59,#60,#61,#62,#63,#64,#65,#66,#67,#68,#69,#70,#71,#72,#73,#74,#75,#76,#77,#78,#79,#80,#81,#82,#83,#84,#85,#86,#87,#88,#89,#90,#91,#92,#93,#94,#95,#96,#97,#98,#99,#100,#101,#102,#103,#104,#105,#106,#107,#108,#109,#110,#111,#112,#113,#114,#115,#116,#117,#118,#119,#120,#121,#122,#123,#124,#125,#126,#127,#128,#129,#130,#131,#132,#133,#134,#135,#136,#137,#138,#139,#140,#141,#142,#143,#144,#145,#146,#147,#148,#149,#150,#151,#152,#153,#154,#155,#156,#157,#158,#159,#160,#161,#162,#163,#164,#165,#166,#167,#168,#169,#170,#171,#172,#173,#174,#175,#176,#177,#178,#179,#180,#181,#182,#183,#184,#185,#186,#187,#188,#189,#190,#191,#192,#193,#194,#195,#196,#197,#198,#199,#200,#201,#202,#203,#204,#205,#206,#207,#208,#209,#210,#211,#212,#213,#214,#215,#216,#217,#218,#219,#220,#221,#222,#223,#224,#225,#226,#227,#228,#229,#230,#231,#232,#233,#234,#235,#236,#237,#238,#239,#240,#241,#242,#243,#244,#245,#246,#247,#248,#249,#250,#251,#252,#253,#254,#255,#256,#257,#258,#259,#260,#261,#262,#263,#264,#265,#266,#267,#268,#269,#270,#271,#272,#273,#274,#275,#276,#277,#278,#279,#280,#281,#282,#283,#284,#285,#286,#287,#288,#289,#290,#291,#292,#293,#294,#295,#296,#297,#298,#299,#300,#301,#302,#303,#304,#305,#306,#307,#308,#309,#310,#311,#312,#313,#314,#315,#316,#317,#318,#319,#320,#321,#322,#323,#324,#325,#326,#327,#328,#329,#330,#331,#332,#333,#334,#335,#336,#337,#338,#339,#340,#341,#342,#343,#344,#345,#346,#347,#348,#349,#350,#351,#352,#353,#354,#355,#356,#357,#358,#359,#360,#361,#362,#363,#364,#365,#366,#367,#368,#369,#370,#371,#372,#373,#374,#375,#376,#377,#378,#379,#380,#381,#382,#383,#384,#385,#386,#387,#388,#389,#390,#391,#392,#393,#394,#395,#396,#397,#398,#399,#400,#401,#402,#403,#404,#405,#406,#407,#408,#409,#410,#411,#412,#413,#414,#415,#416,#417,#418,#419,#420,#421,#422,#423,#424,#425,#426,#427,#428,#429,#430,#431,#432,#433,#434,#435,#436,#437,#438,#439,#440,#441,#442,#443,#444,#445,#446,#447,#448,#449,#5563,#5564,#5565,#5566,#5567,#5568,#5569,#5570,#5571,#5572,#5573,#5574,#5575,#5576,#5577,#5578,#5579,#5580,#5581,#5582,#5583,#5584,#5585,#5586,#5587,#5588,#5589,#5590,#5591,#5592,#5593,#5594,#5595,#5596,#5597,#5598,#5599,#5600,#5601,#5602,#5603,#5604,#5605,#5606,#5607,#5608,#5609,#5610,#5611,#5612,#5613,#5614,#5615,#5616,#5617,#5618,#5619,#5620,#5621,#5622,#5623,#5624,#5625,#5626,#5627,#5628,#5629,#5630,#5631,#5632,#5633,#5634,#5635,#5636,#5637,#5638,#5639,#5640,#5641,#5642,#5643,#5644,#5645,#5646,#5647,#5648,#5649,#5650,#5651,#5652,#5653,#5654,#5655,#5656,#5657,#5658,#5659,#5660,#5661,#5662,#5663,#5664,#5665,#5666,#5667,#5668,#5669,#5670,#5671,#5672,#5673,#5674,#5675,#5676,#5677,#5678,#5679,#5680,#5681,#5682,#5683,#5684,#5685,#5686,#5687,#5688,#5689,#5690,#5691,#5692,#5693,#5694,#5695,#5696,#5697,#5698,#5699,#5700,#5701,#5702,#5703,#5704,#5705,#5706,#5707,#5708,#5709,#5710,#5711,#5712,#5713,#5714,#5715,#5716,#5717,#5718,#5719,#5720,#5721,#5722,#5723,#5724,#5725,#5726,#5727,#5728,#5729,#5730,#5731,#5732,#5733,#5734,#5735,#5736,#5737,#5738,#5739,#5740,#5741,#5742,#5743,#5744,#5745,#5746,#5747,#5748,#5749,#5750,#5751,#5752,#5753,#5754,#5755,#5756,#5757,#5758,#5759,#5760,#5761,#5762,#5763,#5764,#5765,#5766,#5767,#5768,#5769,#5770,#5771,#5772,#5773,#5774,#5775,#5776,#5777,#5778,#5779,#5780,#5781,#5782,#5783,#5784,#5785,#5786,#5787,#5788,#5789,#5790,#5791,#5792,#5793,#5794,#5795,#5796,#5797,#5798,#5799,#5800,#5801,#5802,#5803,#5804,#5805,#5806,#5807,#5808,#5809,#5810,#5811,#5812,#5813,#5814,#5815,#5816,#5817,#5818,#5819,#5820,#5821,#5822,#5823,#5824,#5825,#5826,#5827,#5828,#5829,#5830,#5831,#5832,#5833,#5834,#5835,#5836,#5837,#5838,#5839,#5840,#5841,#5842,#5843,#5844,#5845,#5846,#5847,#5848,#5849,#5850,#5851,#5852,#5853,#5854,#5855,#5856,#5857,#5858,#5859,#5860,#5861,#5862,#5863,#5864,#5865,#5866,#5867,#5868,#5869,#5870,#5871,#5872,#5873,#5874,#5875,#5876,#5877,#5878,#5879,#5880,#5881,#5882,#5883,#5884,#5885,#5886,#5887,#5888,#5889,#5890,#5891,#5892,#5893,#5894,#5895,#5896,#5897,#5898,#5899,#5900,#5901,#5902,#5903,#5904,#5905,#5906,#5907,#5908,#5909,#5910,#5911,#5912,#5913,#5914,#5915,#5916,#5917,#5918,#5919,#5920,#5921,#5922,#5923,#5924,#5925,#5926,#5927,#5928,#5929,#5930,#5931,#5932,#5933,#5934,#5935,#5936,#5937,#5938,#5939,#5940,#5941,#5942,#5943,#5944,#5945,#5946,#5947,#5948,#5949,#5950,#5951,#5952,#5953,#5954,#5955,#5956,#5957,#5958,#5959,#5960,#5961,#5962,#5963,#5964,#5965,#5966,#5967,#5968,#5969,#5970,#5971,#5972,#5973,#5974,#5975,#5976,#5977,#5978,#5979,#5980,#5981,#5982,#5983,#5984,#5985,#5986,#5987,#5988,#5989,#5990,#5991,#5992,#5993,#5994,#5995,#5996,#5997,#5998,#5999,#6000,#6001,#6002,#6003,#6004,#6005,#6006,#6007,#6008,#6009,#6010,#6011,#6012,#6013,#6014,#6015,#6016,#6017,#6018,#6019,#6020,#6021,#6022,#6023,#6024,#6025,#6026,#6027,#6028,#6029,#6030,#6031,#6032,#6033,#6034,#6035,#6036,#6037,#6038,#6039,#6040,#6041,#6042,#6043,#6044,#6045,#6046,#6047,#6048,#6049,#6050,#6051,#6052,#6053,#6054,#6055,#6056,#6057,#6058,#6059,#6060,#6061,#6062,#6063,#6064,#6065,#6066,#6067,#6068,#6069,#6070,#6071,#6072,#6073,#6074,#6075,#6076,#6077,#6078,#6079,#6080,#6081,#6082,#6083,#6084,#6085,#6086,#6087,#6088,#6089,#6090,#6091,#6092,#6093,#6094,#6095,#6096,#6097,#6098,#6099,#6100,#6101,#6102,#6103,#6104,#6105,#6106,#6107,#6108,#6109,#6110,#6111,#6112,#6113,#6114,#6115,#6116,#6117,#6118,#6119,#6120,#6121,#6122,#6123,#6124,#6125,#6126,#6127,#6128,#6129,#6130,#6131,#6132,#6133,#6134,#6135,#6136,#6137,#6138,#6139,#6140,#6141,#6142,#6143,#6144,#6145,#6146,#6147,#6148,#6149,#6150,#6151,#6152,#6153,#6154,#6155,#6156,#6157,#6158,#6159,#6160,#6161,#6162,#6163,#6164,#6165,#6166,#6167,#6168,#6169,#6170,#6171,#6172,#6173,#6174,#6175,#6176,#6177,#6178,#6179,#6180,#6181,#6182,#6183,#6184,#6185,#6186,#6187,#6188,#6189,#6190,#6191,#6192,#6193,#6194,#6195,#6196,#6197,#6198,#6199,#6200,#6201,#6202,#6203,#6204,#6205,#6206,#6207,#6208,#6209,#6210,#6211,#6212,#6213,#6214,#6215,#6216,#6217,#6218,#6219,#6220,#6221,#6222,#6223,#6224,#6225,#6226,#6227,#6228,#6229,#6230,#6231,#6232,#6233,#6234,#6235,#6236,#6237,#6238,#6239,#6240,#6241,#6242,#6243,#6244,#6245,#6246,#6247,#6248,#6249,#6250,#6251,#6252,#6253,#6254,#6255,#6256,#6257,#6258,#6259,#6260,#6261,#6262,#6263,#6264,#6265,#6266,#6267,#6268,#6269,#6270,#6271,#6272,#6273,#6274,#6275,#6276,#6277,#6278,#6279,#6280,#6281,#6282,#6283,#6284,#6285,#6286,#6287,#6288,#6289,#6290,#6291,#6292,#6293,#6294,#6295,#6296,#6297,#6298,#6299,#6300,#6301,#6302,#6303,#6304,#6305,#6306,#6307,#6308,#6309,#6310,#6311,#6312,#6313,#6314,#6315,#6316,#6317,#6318,#6319,#6320,#6321,#6322,#6323,#6324,#6325,#6326,#6327,#6328,#6329,#6330,#6331,#6332,#6333,#6334,#6335,#6336,#6337,#6338,#6339,#6340,#6341,#6342,#6343,#6344,#6345,#6346,#6347,#6348,#6349,#6350,#6351,#6352,#6353,#6354,#6355,#6356,#6357,#6358,#6359,#6360,#6361,#6362,#6363,#6364,#6365,#6366,#6367,#6368,#6369,#6370,#6371,#6372,#6373,#6374,#6375,#6376,#6377,#6378,#6379,#6380,#6381,#6382,#6383,#6384,#6385,#6386,#6387,#6388,#6389,#6390,#6391,#6392,#6393,#6394,#6395,#6396,#6397,#6398,#6399,#6400,#6401,#6402,#6403,#6404,#6405,#6406,#6407,#6408,#6409,#6410,#6411,#6412,#6413,#6414,#6415,#6416,#6417,#6418,#6419,#6420,#6421,#6422,#6423,#6424,#6425,#6426,#6427,#6428,#6429,#6430,#6431,#6432,#6433,#6434,#6435,#6436,#6437,#6438,#6439,#6440,#6441,#6442,#6443,#6444,#6445,#6446,#6447,#6448,#6449,#6450,#6451,#6452,#6453,#6454,#6455,#6456,#6457,#6458,#6459,#6460,#6461,#6462,#6463,#6464,#6465,#6466,#6467,#6468,#6469,#6470,#6471,#6472,#6473,#6474,#6475,#6476,#6477,#6478,#6479,#6480,#6481,#6482,#6483,#6484,#6485,#6486,#6487,#6488,#6489,#6490,#6491,#6492,#6493,#6494,#6495,#6496,#6497,#6498,#6499,#6500,#6501,#6502,#6503,#6504,#6505,#6506,#6507,#6508,#6509,#6510,#6511,#6512,#6513,#6514,#6515,#6516,#6517,#6518,#6519,#6520,#6521,#6522,#6523,#6524,#6525,#6526,#6527,#6528,#6529,#6530,#6531,#6532,#6533,#6534,#6535,#6536,#6537,#6538,#6539,#6540,#6541,#6542,#6543,#6544,#6545,#6546,#6547,#6548,#6549,#6550,#6551,#6552,#6553,#6554,#6555,#6556,#6557,#6558,#6559,#6560,#6561,#6562,#6563,#6564,#6565,#6566,#6567,#6568,#6569,#6570,#6571,#6572,#6573,#6574,#6575,#6576,#6577,#6578,#6579,#6580,#6581,#6582,#6583,#6584,#6585,#6586,#6587,#6588,#6589,#6590,#6591,#6592,#6593,#6594,#6595,#6596,#6597,#6598,#6599,#6600,#6601,#6602,#6603,#6604,#6605,#6606,#6607,#6608,#6609,#6610,#6611,#6612,#6613,#6614,#6615,#6616,#6617,#6618,#6619,#6620,#6621,#6622,#6623,#6624,#6625,#6626,#6627,#6628,#6629,#6630,#6631,#6632,#6633,#6634,#6635,#6636,#6637,#6638,#6639,#6640,#6641,#6642,#6643,#6644,#6645,#6646,#6647,#6648,#6649,#6650,#6651,#6652,#6653,#6654,#6655,#6656,#6657,#6658,#6659,#6660,#6661,#6662,#6663,#6664,#6665,#6666,#6667,#6668,#6669,#6670,#6671,#6672,#6673,#6674,#6675,#6676,#6677,#6678,#6679,#6680,#6681,#6682,#6683,#6684,#6686,#6688,#6690,#6692,#6694,#6696,#6699,#6700,#6702,#6706,#6709,#6711,#6714,#6717,#6718,#6723,#6725,#6728,#6731,#6733,#6736,#6739,#6741,#6744,#6747,#6749,#6754,#6756,#6759,#6762,#6765,#6767,#6769,#6771,#6773,#6775,#6778,#6779,#6781,#6783,#6786,#6787,#6789,#6791,#6794,#6795,#6797,#6799,#6801,#6803,#6805,#6807,#6811,#6812,#6814,#6816,#6819,#6822,#6824,#6827,#6829,#6832,#6834,#6836,#6838,#6840,#6845,#6847,#6849,#6851,#6853,#6855,#6857,#6859,#6861,#6863,#6865,#6867,#6870,#6872,#6874,#6876,#6878,#6881,#6883,#6885,#6887,#6889,#6892,#6895,#6897,#6900,#6901,#6905,#6907,#6909,#6911,#6913,#6917,#6919,#6922,#6923,#6925,#6927,#6930,#6932,#6934,#6936,#6938,#6940,#6942,#6944,#6946,#6949,#6950,#6952,#6954,#6956,#6958,#6960,#6963,#6965,#6968,#6970,#6972,#6975,#6977,#6980,#6981,#6984,#6987,#6989,#6991,#6994,#6996,#6998,#7000,#7002,#7004,#7006,#7008,#7011,#7013,#7015,#7017,#7019,#7021,#7024,#7026,#7029,#7031,#7034,#7035,#7037,#7039,#7042,#7043,#7045,#7047,#7050,#7051,#7053,#7055,#7058,#7059,#7061,#7063,#7066,#7067,#7069,#7071,#7074,#7075,#7077,#7079,#7082,#7083,#7085,#7087,#7090,#7091,#7093,#7095,#7098,#7099,#7101,#7103,#7106,#7107,#7109,#7111,#7114,#7115,#7117,#7119,#7122,#7123,#7125,#7127,#7130,#7131,#7133,#7135,#7138,#7139,#7141,#7143,#7146,#7147,#7149,#7151,#7154,#7155,#7157,#7159,#7162,#7163,#7165,#7167,#7170,#7171,#7173,#7175,#7178,#7179,#7181,#7183,#7186,#7187,#7189,#7191,#7194,#7197,#7200,#7202,#7204,#7206,#7208,#7210,#7213,#7214,#7216,#7218,#7220,#7222,#7225,#7228,#7232,#7235,#7236,#7238,#7240,#7242,#7244,#7246,#7248,#7250,#7253,#7255,#7257,#7259,#7261,#7263,#7266,#7270,#7271,#7273,#7277,#7282,#7284,#7286,#7289,#7292,#7294,#7296,#7299,#7301,#7303,#7305,#7313,#7314,#7316,#7318,#7321,#7323,#7325,#7327,#7329,#7331,#7333,#7335,#7339,#7341,#7344,#7346,#7349,#7351,#7356,#7359,#7364,#7366,#7369,#7373,#7376,#7377,#7381,#7383,#7386,#7387,#7391,#7393,#7395,#7398,#7401,#7404,#7405,#7408,#7410,#7415,#7416,#7420,#7422,#7427,#7429,#7432,#7434,#7436,#7438,#7440,#7442,#7445,#7446,#7448,#7450,#7455,#7458,#7459,#7461,#7463,#7465,#7467,#7471,#7473,#7475,#7477,#7480,#7481,#7483,#7485,#7487,#7490,#7513,#7516,#7521,#7526,#7529,#7531,#7538,#7542,#7543,#7545,#7547,#7549,#7551,#7553,#7555,#7557,#7559,#7561,#7563,#7565,#7567,#7569,#7571,#7573,#7575,#7577,#7579,#7581,#7583,#7585,#7587,#7589,#7591,#7593,#7595,#7597,#7599,#7601,#7603,#7605,#7607,#7609,#7611,#7613,#7615,#7617,#7619,#7621,#7623,#7625,#7627,#7629,#7631,#7633,#7635,#7637,#7639,#7641,#7643,#7645,#7647,#7649,#7651,#7653,#7655,#7657,#7659,#7661,#7663,#7665,#7667,#7669,#7671,#7673,#7675,#7677,#7679,#7681,#7683,#7685,#7687,#7689,#7691,#7693,#7696,#7698,#7700,#7703,#7705,#7707,#7709,#7712,#7714,#7716,#7719,#7722,#7724,#7726,#7729,#7730,#7732,#7741,#7743,#7746,#7748,#7751,#7753,#7756,#7758,#7761,#7763,#7766,#7768,#7771,#7773,#7776,#7778,#7781,#7783,#7786,#7788,#7791,#7793,#7796,#7798,#7801,#7803,#7806,#7808,#7811,#7813,#7816,#7818,#7821,#7823,#7826,#7828,#7831,#7833,#7836,#7838,#7840,#7842,#7845,#7847,#7850,#7853,#7855,#7857,#7860,#7862,#7870,#7872,#7874,#7876,#7879,#7881,#7884,#7887,#7889,#7891,#7894,#7896,#7904,#7906,#7908,#7910,#7913,#7915,#7918,#7921,#7923,#7925,#7928,#7930,#7938,#7940,#7942,#7944,#7947,#7949,#7952,#7955,#7957,#7959,#7962,#7964,#7972,#7974,#7976,#7978,#7981,#7983,#7986,#7989,#7991,#7993,#7996,#7998,#8006,#8008,#8010,#8012,#8015,#8017,#8020,#8023,#8025,#8027,#8030,#8032,#8040,#8042,#8044,#8046,#8049,#8051,#8054,#8057,#8059,#8061,#8064,#8066,#8074,#8076,#8078,#8080,#8083,#8085,#8088,#8091,#8093,#8095,#8098,#8100,#8108,#8110,#8112,#8114,#8117,#8119,#8122,#8125,#8127,#8129,#8132,#8134,#8142,#8144,#8146,#8148,#8151,#8153,#8156,#8159,#8161,#8163,#8166,#8168,#8176,#8178,#8180,#8182,#8185,#8187,#8190,#8193,#8195,#8197,#8200,#8202,#8210,#8212,#8214,#8216,#8219,#8221,#8224,#8227,#8229,#8231,#8234,#8236,#8244,#8246,#8248,#8250,#8253,#8255,#8258,#8261,#8263,#8265,#8268,#8270,#8278,#8280,#8282,#8284,#8287,#8289,#8292,#8295,#8297,#8299,#8302,#8304,#8312,#8314,#8316,#8318,#8321,#8323,#8326,#8329,#8331,#8333,#8336,#8337,#8346,#8348,#8350,#8352,#8355,#8357,#8360,#8363,#8365,#8367,#8370,#8371,#8380,#8382,#8384,#8386,#8389,#8391,#8394,#8397,#8399,#8401,#8404,#8405,#8414,#8416,#8418,#8420,#8423,#8425,#8428,#8431,#8433,#8435,#8438,#8439,#8448,#8450,#8452,#8454,#8457,#8459,#8462,#8465,#8467,#8469,#8472,#8473,#8496,#8498,#8501,#8508,#8517,#8519,#8521,#8523));
ENDSEC;
END-ISO-10303-21;
