ISO-10303-21;
HEADER;
/* Generated by software containing ST-Developer
 * from STEP Tools, Inc. (www.steptools.com) 
 */

FILE_DESCRIPTION(
/* description */ (''),
/* implementation_level */ '2;1');

FILE_NAME(
/* name */ 'C:/Users/Tangles/Documents/Shared/AFC07-S05FCA-00.stp',
/* time_stamp */ '2026-05-05T14:40:57+10:00',
/* author */ (''),
/* organization */ (''),
/* preprocessor_version */ 'ST-DEVELOPER v15.2',
/* originating_system */ 'Autodesk Translator Framework v2.0.0.5431',
/* authorisation */ '');

FILE_SCHEMA (('AUTOMOTIVE_DESIGN { 1 0 10303 214 3 1 1 }'));
ENDSEC;

DATA;
#10=SHAPE_REPRESENTATION_RELATIONSHIP('SRR','None',#16910,#11);
#11=ADVANCED_BREP_SHAPE_REPRESENTATION($,(#10250,#10251,#10252,#10253,#10254,
#10255,#10256,#10257,#10258,#10259,#10260,#10261,#10262,#10263,#10264,#10265,
#10266,#10267,#10268),#16904);
#12=STYLED_ITEM($,(#16918),#10250);
#13=STYLED_ITEM($,(#16918),#10251);
#14=STYLED_ITEM($,(#16918),#10252);
#15=STYLED_ITEM($,(#16918),#10253);
#16=STYLED_ITEM($,(#16918),#10254);
#17=STYLED_ITEM($,(#16918),#10255);
#18=STYLED_ITEM($,(#16918),#10256);
#19=STYLED_ITEM($,(#16918),#10257);
#20=STYLED_ITEM($,(#16918),#10258);
#21=STYLED_ITEM($,(#16918),#10259);
#22=STYLED_ITEM($,(#16918),#10260);
#23=STYLED_ITEM($,(#16918),#10261);
#24=STYLED_ITEM($,(#16918),#10262);
#25=STYLED_ITEM($,(#16918),#10263);
#26=STYLED_ITEM($,(#16918),#10264);
#27=STYLED_ITEM($,(#16918),#10265);
#28=STYLED_ITEM($,(#16918),#10266);
#29=STYLED_ITEM($,(#16919),#10267);
#30=STYLED_ITEM($,(#16920),#10268);
#31=PLANE($,#10273);
#32=PLANE($,#10277);
#33=PLANE($,#10281);
#34=PLANE($,#10285);
#35=PLANE($,#10289);
#36=PLANE($,#10290);
#37=PLANE($,#10294);
#38=PLANE($,#10301);
#39=PLANE($,#10302);
#40=PLANE($,#10303);
#41=PLANE($,#10304);
#42=PLANE($,#10305);
#43=PLANE($,#10306);
#44=PLANE($,#10310);
#45=PLANE($,#10314);
#46=PLANE($,#10318);
#47=PLANE($,#10319);
#48=PLANE($,#10320);
#49=PLANE($,#10321);
#50=PLANE($,#10325);
#51=PLANE($,#10329);
#52=PLANE($,#10333);
#53=PLANE($,#10334);
#54=PLANE($,#10335);
#55=PLANE($,#10336);
#56=PLANE($,#10343);
#57=PLANE($,#10347);
#58=PLANE($,#10351);
#59=PLANE($,#10355);
#60=PLANE($,#10359);
#61=PLANE($,#10360);
#62=PLANE($,#10361);
#63=PLANE($,#10362);
#64=PLANE($,#10363);
#65=PLANE($,#10367);
#66=PLANE($,#10371);
#67=PLANE($,#10375);
#68=PLANE($,#10376);
#69=PLANE($,#10377);
#70=PLANE($,#10378);
#71=PLANE($,#10382);
#72=PLANE($,#10386);
#73=PLANE($,#10390);
#74=PLANE($,#10391);
#75=PLANE($,#10392);
#76=PLANE($,#10393);
#77=PLANE($,#10397);
#78=PLANE($,#10401);
#79=PLANE($,#10405);
#80=PLANE($,#10406);
#81=PLANE($,#10407);
#82=PLANE($,#10408);
#83=PLANE($,#10412);
#84=PLANE($,#10416);
#85=PLANE($,#10420);
#86=PLANE($,#10421);
#87=PLANE($,#10422);
#88=PLANE($,#10423);
#89=PLANE($,#10427);
#90=PLANE($,#10431);
#91=PLANE($,#10435);
#92=PLANE($,#10436);
#93=PLANE($,#10437);
#94=PLANE($,#10438);
#95=PLANE($,#10442);
#96=PLANE($,#10446);
#97=PLANE($,#10450);
#98=PLANE($,#10451);
#99=PLANE($,#10452);
#100=PLANE($,#10453);
#101=PLANE($,#10460);
#102=PLANE($,#10467);
#103=PLANE($,#10471);
#104=PLANE($,#10475);
#105=PLANE($,#10476);
#106=PLANE($,#10477);
#107=PLANE($,#10478);
#108=PLANE($,#10479);
#109=PLANE($,#10486);
#110=PLANE($,#10490);
#111=PLANE($,#10494);
#112=PLANE($,#10498);
#113=PLANE($,#10502);
#114=PLANE($,#10503);
#115=PLANE($,#10504);
#116=PLANE($,#10505);
#117=PLANE($,#10506);
#118=PLANE($,#10513);
#119=PLANE($,#10517);
#120=PLANE($,#10521);
#121=PLANE($,#10525);
#122=PLANE($,#10529);
#123=PLANE($,#10530);
#124=PLANE($,#10531);
#125=PLANE($,#10535);
#126=PLANE($,#10539);
#127=PLANE($,#10543);
#128=PLANE($,#10547);
#129=PLANE($,#10551);
#130=PLANE($,#10552);
#131=PLANE($,#10556);
#132=PLANE($,#10563);
#133=PLANE($,#10564);
#134=PLANE($,#10565);
#135=PLANE($,#10566);
#136=PLANE($,#10570);
#137=PLANE($,#10574);
#138=PLANE($,#10578);
#139=PLANE($,#10582);
#140=PLANE($,#10586);
#141=PLANE($,#10587);
#142=PLANE($,#10591);
#143=PLANE($,#10598);
#144=PLANE($,#10599);
#145=PLANE($,#10600);
#146=PLANE($,#10601);
#147=PLANE($,#10605);
#148=PLANE($,#10609);
#149=PLANE($,#10613);
#150=PLANE($,#10617);
#151=PLANE($,#10621);
#152=PLANE($,#10622);
#153=PLANE($,#10626);
#154=PLANE($,#10633);
#155=PLANE($,#10634);
#156=PLANE($,#10635);
#157=PLANE($,#10636);
#158=PLANE($,#10637);
#159=PLANE($,#10638);
#160=PLANE($,#10639);
#161=PLANE($,#10642);
#162=PLANE($,#10643);
#163=PLANE($,#10644);
#164=PLANE($,#10645);
#165=PLANE($,#10646);
#166=PLANE($,#10647);
#167=PLANE($,#10650);
#168=PLANE($,#10654);
#169=PLANE($,#10656);
#170=PLANE($,#10662);
#171=PLANE($,#10665);
#172=PLANE($,#10671);
#173=PLANE($,#10679);
#174=PLANE($,#10680);
#175=PLANE($,#10681);
#176=PLANE($,#10682);
#177=PLANE($,#10683);
#178=PLANE($,#10686);
#179=PLANE($,#10687);
#180=PLANE($,#10688);
#181=PLANE($,#10689);
#182=PLANE($,#10690);
#183=PLANE($,#10691);
#184=PLANE($,#10694);
#185=PLANE($,#10698);
#186=PLANE($,#10700);
#187=PLANE($,#10706);
#188=PLANE($,#10709);
#189=PLANE($,#10715);
#190=PLANE($,#10723);
#191=PLANE($,#10724);
#192=PLANE($,#10725);
#193=PLANE($,#10726);
#194=PLANE($,#10730);
#195=PLANE($,#10734);
#196=PLANE($,#10738);
#197=PLANE($,#10739);
#198=PLANE($,#10740);
#199=PLANE($,#10741);
#200=PLANE($,#10745);
#201=PLANE($,#10749);
#202=PLANE($,#10753);
#203=PLANE($,#10754);
#204=PLANE($,#10755);
#205=PLANE($,#10756);
#206=PLANE($,#10763);
#207=PLANE($,#10767);
#208=PLANE($,#10771);
#209=PLANE($,#10775);
#210=PLANE($,#10779);
#211=PLANE($,#10780);
#212=PLANE($,#10781);
#213=PLANE($,#10785);
#214=PLANE($,#10789);
#215=PLANE($,#10793);
#216=PLANE($,#10797);
#217=PLANE($,#10801);
#218=PLANE($,#10802);
#219=PLANE($,#10806);
#220=PLANE($,#10813);
#221=PLANE($,#10814);
#222=PLANE($,#10815);
#223=PLANE($,#10816);
#224=PLANE($,#10817);
#225=PLANE($,#10818);
#226=PLANE($,#10820);
#227=PLANE($,#10822);
#228=PLANE($,#10823);
#229=PLANE($,#10824);
#230=PLANE($,#10826);
#231=PLANE($,#10827);
#232=PLANE($,#10828);
#233=PLANE($,#10830);
#234=PLANE($,#10831);
#235=PLANE($,#10832);
#236=PLANE($,#10833);
#237=PLANE($,#10834);
#238=PLANE($,#10835);
#239=PLANE($,#10836);
#240=PLANE($,#10837);
#241=PLANE($,#10838);
#242=PLANE($,#10839);
#243=PLANE($,#10842);
#244=PLANE($,#10843);
#245=PLANE($,#10844);
#246=PLANE($,#10845);
#247=PLANE($,#10846);
#248=PLANE($,#10847);
#249=PLANE($,#10848);
#250=PLANE($,#10849);
#251=PLANE($,#10850);
#252=PLANE($,#10851);
#253=PLANE($,#10852);
#254=PLANE($,#10853);
#255=PLANE($,#10854);
#256=PLANE($,#10855);
#257=PLANE($,#10856);
#258=PLANE($,#10857);
#259=PLANE($,#10858);
#260=PLANE($,#10859);
#261=PLANE($,#10860);
#262=PLANE($,#10861);
#263=PLANE($,#10862);
#264=PLANE($,#10863);
#265=PLANE($,#10864);
#266=PLANE($,#10865);
#267=PLANE($,#10866);
#268=PLANE($,#10867);
#269=PLANE($,#10868);
#270=PLANE($,#10869);
#271=PLANE($,#10870);
#272=PLANE($,#10871);
#273=PLANE($,#10872);
#274=PLANE($,#10873);
#275=PLANE($,#10874);
#276=PLANE($,#10875);
#277=PLANE($,#10876);
#278=PLANE($,#10877);
#279=PLANE($,#10878);
#280=PLANE($,#10879);
#281=PLANE($,#10880);
#282=PLANE($,#10881);
#283=PLANE($,#10882);
#284=PLANE($,#10883);
#285=PLANE($,#10884);
#286=PLANE($,#10885);
#287=PLANE($,#10886);
#288=PLANE($,#10887);
#289=PLANE($,#10888);
#290=PLANE($,#10889);
#291=PLANE($,#10890);
#292=PLANE($,#10891);
#293=PLANE($,#10892);
#294=PLANE($,#10893);
#295=PLANE($,#10894);
#296=PLANE($,#10895);
#297=PLANE($,#10896);
#298=PLANE($,#10897);
#299=PLANE($,#10898);
#300=PLANE($,#10899);
#301=PLANE($,#10900);
#302=PLANE($,#10901);
#303=PLANE($,#10902);
#304=PLANE($,#10903);
#305=PLANE($,#10904);
#306=PLANE($,#10905);
#307=PLANE($,#10906);
#308=PLANE($,#10907);
#309=PLANE($,#10908);
#310=PLANE($,#10909);
#311=PLANE($,#10910);
#312=PLANE($,#10911);
#313=PLANE($,#10912);
#314=PLANE($,#10913);
#315=PLANE($,#10914);
#316=PLANE($,#10915);
#317=PLANE($,#10916);
#318=PLANE($,#10917);
#319=PLANE($,#10918);
#320=PLANE($,#10919);
#321=PLANE($,#10920);
#322=PLANE($,#10921);
#323=PLANE($,#10922);
#324=PLANE($,#10923);
#325=PLANE($,#10924);
#326=PLANE($,#10925);
#327=PLANE($,#10926);
#328=PLANE($,#10927);
#329=PLANE($,#10928);
#330=PLANE($,#10929);
#331=PLANE($,#10933);
#332=PLANE($,#10934);
#333=PLANE($,#10935);
#334=PLANE($,#10936);
#335=PLANE($,#10937);
#336=PLANE($,#10938);
#337=PLANE($,#10939);
#338=PLANE($,#10940);
#339=PLANE($,#10941);
#340=PLANE($,#10942);
#341=PLANE($,#10943);
#342=PLANE($,#10945);
#343=PLANE($,#10946);
#344=PLANE($,#10948);
#345=PLANE($,#10950);
#346=PLANE($,#10951);
#347=PLANE($,#10952);
#348=PLANE($,#10953);
#349=PLANE($,#10954);
#350=PLANE($,#10955);
#351=PLANE($,#10956);
#352=PLANE($,#10957);
#353=PLANE($,#10958);
#354=PLANE($,#10959);
#355=PLANE($,#10960);
#356=PLANE($,#10961);
#357=PLANE($,#10962);
#358=PLANE($,#10963);
#359=PLANE($,#10964);
#360=PLANE($,#10965);
#361=PLANE($,#10966);
#362=PLANE($,#10967);
#363=PLANE($,#10968);
#364=PLANE($,#10972);
#365=PLANE($,#10973);
#366=PLANE($,#10974);
#367=PLANE($,#10975);
#368=PLANE($,#10976);
#369=PLANE($,#10977);
#370=PLANE($,#10978);
#371=PLANE($,#10979);
#372=PLANE($,#10980);
#373=PLANE($,#10981);
#374=PLANE($,#10982);
#375=PLANE($,#10983);
#376=PLANE($,#10988);
#377=PLANE($,#10989);
#378=PLANE($,#10990);
#379=PLANE($,#10991);
#380=PLANE($,#10992);
#381=PLANE($,#10993);
#382=PLANE($,#10994);
#383=PLANE($,#10995);
#384=PLANE($,#10996);
#385=PLANE($,#10998);
#386=PLANE($,#10999);
#387=PLANE($,#11000);
#388=PLANE($,#11004);
#389=PLANE($,#11008);
#390=PLANE($,#11009);
#391=PLANE($,#11010);
#392=PLANE($,#11014);
#393=PLANE($,#11018);
#394=PLANE($,#11019);
#395=PLANE($,#11020);
#396=PLANE($,#11024);
#397=PLANE($,#11028);
#398=PLANE($,#11029);
#399=PLANE($,#11040);
#400=PLANE($,#11041);
#401=PLANE($,#11042);
#402=PLANE($,#11043);
#403=PLANE($,#11044);
#404=PLANE($,#11052);
#405=PLANE($,#11053);
#406=PLANE($,#11054);
#407=PLANE($,#11055);
#408=PLANE($,#11056);
#409=PLANE($,#11057);
#410=PLANE($,#11061);
#411=PLANE($,#11062);
#412=PLANE($,#11063);
#413=PLANE($,#11064);
#414=PLANE($,#11065);
#415=PLANE($,#11066);
#416=PLANE($,#11067);
#417=PLANE($,#11068);
#418=PLANE($,#11069);
#419=PLANE($,#11070);
#420=PLANE($,#11071);
#421=PLANE($,#11073);
#422=PLANE($,#11077);
#423=PLANE($,#11080);
#424=PLANE($,#11081);
#425=PLANE($,#11085);
#426=PLANE($,#11086);
#427=PLANE($,#11087);
#428=PLANE($,#11088);
#429=PLANE($,#11089);
#430=FACE_OUTER_BOUND($,#969,.T.);
#431=FACE_OUTER_BOUND($,#970,.T.);
#432=FACE_OUTER_BOUND($,#971,.T.);
#433=FACE_OUTER_BOUND($,#972,.T.);
#434=FACE_OUTER_BOUND($,#973,.T.);
#435=FACE_OUTER_BOUND($,#974,.T.);
#436=FACE_OUTER_BOUND($,#975,.T.);
#437=FACE_OUTER_BOUND($,#976,.T.);
#438=FACE_OUTER_BOUND($,#977,.T.);
#439=FACE_OUTER_BOUND($,#978,.T.);
#440=FACE_OUTER_BOUND($,#979,.T.);
#441=FACE_OUTER_BOUND($,#980,.T.);
#442=FACE_OUTER_BOUND($,#981,.T.);
#443=FACE_OUTER_BOUND($,#982,.T.);
#444=FACE_OUTER_BOUND($,#983,.T.);
#445=FACE_OUTER_BOUND($,#984,.T.);
#446=FACE_OUTER_BOUND($,#985,.T.);
#447=FACE_OUTER_BOUND($,#986,.T.);
#448=FACE_OUTER_BOUND($,#987,.T.);
#449=FACE_OUTER_BOUND($,#988,.T.);
#450=FACE_OUTER_BOUND($,#989,.T.);
#451=FACE_OUTER_BOUND($,#990,.T.);
#452=FACE_OUTER_BOUND($,#991,.T.);
#453=FACE_OUTER_BOUND($,#992,.T.);
#454=FACE_OUTER_BOUND($,#993,.T.);
#455=FACE_OUTER_BOUND($,#994,.T.);
#456=FACE_OUTER_BOUND($,#995,.T.);
#457=FACE_OUTER_BOUND($,#996,.T.);
#458=FACE_OUTER_BOUND($,#997,.T.);
#459=FACE_OUTER_BOUND($,#998,.T.);
#460=FACE_OUTER_BOUND($,#999,.T.);
#461=FACE_OUTER_BOUND($,#1000,.T.);
#462=FACE_OUTER_BOUND($,#1001,.T.);
#463=FACE_OUTER_BOUND($,#1002,.T.);
#464=FACE_OUTER_BOUND($,#1003,.T.);
#465=FACE_OUTER_BOUND($,#1004,.T.);
#466=FACE_OUTER_BOUND($,#1005,.T.);
#467=FACE_OUTER_BOUND($,#1006,.T.);
#468=FACE_OUTER_BOUND($,#1007,.T.);
#469=FACE_OUTER_BOUND($,#1008,.T.);
#470=FACE_OUTER_BOUND($,#1009,.T.);
#471=FACE_OUTER_BOUND($,#1010,.T.);
#472=FACE_OUTER_BOUND($,#1011,.T.);
#473=FACE_OUTER_BOUND($,#1012,.T.);
#474=FACE_OUTER_BOUND($,#1013,.T.);
#475=FACE_OUTER_BOUND($,#1014,.T.);
#476=FACE_OUTER_BOUND($,#1015,.T.);
#477=FACE_OUTER_BOUND($,#1016,.T.);
#478=FACE_OUTER_BOUND($,#1017,.T.);
#479=FACE_OUTER_BOUND($,#1018,.T.);
#480=FACE_OUTER_BOUND($,#1019,.T.);
#481=FACE_OUTER_BOUND($,#1020,.T.);
#482=FACE_OUTER_BOUND($,#1021,.T.);
#483=FACE_OUTER_BOUND($,#1022,.T.);
#484=FACE_OUTER_BOUND($,#1023,.T.);
#485=FACE_OUTER_BOUND($,#1024,.T.);
#486=FACE_OUTER_BOUND($,#1025,.T.);
#487=FACE_OUTER_BOUND($,#1026,.T.);
#488=FACE_OUTER_BOUND($,#1027,.T.);
#489=FACE_OUTER_BOUND($,#1028,.T.);
#490=FACE_OUTER_BOUND($,#1029,.T.);
#491=FACE_OUTER_BOUND($,#1030,.T.);
#492=FACE_OUTER_BOUND($,#1031,.T.);
#493=FACE_OUTER_BOUND($,#1032,.T.);
#494=FACE_OUTER_BOUND($,#1033,.T.);
#495=FACE_OUTER_BOUND($,#1034,.T.);
#496=FACE_OUTER_BOUND($,#1035,.T.);
#497=FACE_OUTER_BOUND($,#1036,.T.);
#498=FACE_OUTER_BOUND($,#1037,.T.);
#499=FACE_OUTER_BOUND($,#1038,.T.);
#500=FACE_OUTER_BOUND($,#1039,.T.);
#501=FACE_OUTER_BOUND($,#1040,.T.);
#502=FACE_OUTER_BOUND($,#1041,.T.);
#503=FACE_OUTER_BOUND($,#1042,.T.);
#504=FACE_OUTER_BOUND($,#1043,.T.);
#505=FACE_OUTER_BOUND($,#1044,.T.);
#506=FACE_OUTER_BOUND($,#1045,.T.);
#507=FACE_OUTER_BOUND($,#1046,.T.);
#508=FACE_OUTER_BOUND($,#1047,.T.);
#509=FACE_OUTER_BOUND($,#1048,.T.);
#510=FACE_OUTER_BOUND($,#1049,.T.);
#511=FACE_OUTER_BOUND($,#1050,.T.);
#512=FACE_OUTER_BOUND($,#1051,.T.);
#513=FACE_OUTER_BOUND($,#1052,.T.);
#514=FACE_OUTER_BOUND($,#1053,.T.);
#515=FACE_OUTER_BOUND($,#1054,.T.);
#516=FACE_OUTER_BOUND($,#1055,.T.);
#517=FACE_OUTER_BOUND($,#1056,.T.);
#518=FACE_OUTER_BOUND($,#1057,.T.);
#519=FACE_OUTER_BOUND($,#1058,.T.);
#520=FACE_OUTER_BOUND($,#1059,.T.);
#521=FACE_OUTER_BOUND($,#1060,.T.);
#522=FACE_OUTER_BOUND($,#1061,.T.);
#523=FACE_OUTER_BOUND($,#1062,.T.);
#524=FACE_OUTER_BOUND($,#1063,.T.);
#525=FACE_OUTER_BOUND($,#1064,.T.);
#526=FACE_OUTER_BOUND($,#1065,.T.);
#527=FACE_OUTER_BOUND($,#1066,.T.);
#528=FACE_OUTER_BOUND($,#1067,.T.);
#529=FACE_OUTER_BOUND($,#1068,.T.);
#530=FACE_OUTER_BOUND($,#1069,.T.);
#531=FACE_OUTER_BOUND($,#1070,.T.);
#532=FACE_OUTER_BOUND($,#1071,.T.);
#533=FACE_OUTER_BOUND($,#1072,.T.);
#534=FACE_OUTER_BOUND($,#1073,.T.);
#535=FACE_OUTER_BOUND($,#1074,.T.);
#536=FACE_OUTER_BOUND($,#1075,.T.);
#537=FACE_OUTER_BOUND($,#1076,.T.);
#538=FACE_OUTER_BOUND($,#1077,.T.);
#539=FACE_OUTER_BOUND($,#1078,.T.);
#540=FACE_OUTER_BOUND($,#1079,.T.);
#541=FACE_OUTER_BOUND($,#1080,.T.);
#542=FACE_OUTER_BOUND($,#1081,.T.);
#543=FACE_OUTER_BOUND($,#1082,.T.);
#544=FACE_OUTER_BOUND($,#1083,.T.);
#545=FACE_OUTER_BOUND($,#1084,.T.);
#546=FACE_OUTER_BOUND($,#1085,.T.);
#547=FACE_OUTER_BOUND($,#1086,.T.);
#548=FACE_OUTER_BOUND($,#1087,.T.);
#549=FACE_OUTER_BOUND($,#1088,.T.);
#550=FACE_OUTER_BOUND($,#1089,.T.);
#551=FACE_OUTER_BOUND($,#1090,.T.);
#552=FACE_OUTER_BOUND($,#1091,.T.);
#553=FACE_OUTER_BOUND($,#1092,.T.);
#554=FACE_OUTER_BOUND($,#1093,.T.);
#555=FACE_OUTER_BOUND($,#1094,.T.);
#556=FACE_OUTER_BOUND($,#1095,.T.);
#557=FACE_OUTER_BOUND($,#1096,.T.);
#558=FACE_OUTER_BOUND($,#1097,.T.);
#559=FACE_OUTER_BOUND($,#1098,.T.);
#560=FACE_OUTER_BOUND($,#1099,.T.);
#561=FACE_OUTER_BOUND($,#1100,.T.);
#562=FACE_OUTER_BOUND($,#1101,.T.);
#563=FACE_OUTER_BOUND($,#1102,.T.);
#564=FACE_OUTER_BOUND($,#1103,.T.);
#565=FACE_OUTER_BOUND($,#1104,.T.);
#566=FACE_OUTER_BOUND($,#1105,.T.);
#567=FACE_OUTER_BOUND($,#1106,.T.);
#568=FACE_OUTER_BOUND($,#1107,.T.);
#569=FACE_OUTER_BOUND($,#1108,.T.);
#570=FACE_OUTER_BOUND($,#1109,.T.);
#571=FACE_OUTER_BOUND($,#1110,.T.);
#572=FACE_OUTER_BOUND($,#1111,.T.);
#573=FACE_OUTER_BOUND($,#1112,.T.);
#574=FACE_OUTER_BOUND($,#1113,.T.);
#575=FACE_OUTER_BOUND($,#1114,.T.);
#576=FACE_OUTER_BOUND($,#1115,.T.);
#577=FACE_OUTER_BOUND($,#1116,.T.);
#578=FACE_OUTER_BOUND($,#1117,.T.);
#579=FACE_OUTER_BOUND($,#1118,.T.);
#580=FACE_OUTER_BOUND($,#1119,.T.);
#581=FACE_OUTER_BOUND($,#1120,.T.);
#582=FACE_OUTER_BOUND($,#1121,.T.);
#583=FACE_OUTER_BOUND($,#1122,.T.);
#584=FACE_OUTER_BOUND($,#1123,.T.);
#585=FACE_OUTER_BOUND($,#1124,.T.);
#586=FACE_OUTER_BOUND($,#1125,.T.);
#587=FACE_OUTER_BOUND($,#1126,.T.);
#588=FACE_OUTER_BOUND($,#1127,.T.);
#589=FACE_OUTER_BOUND($,#1128,.T.);
#590=FACE_OUTER_BOUND($,#1129,.T.);
#591=FACE_OUTER_BOUND($,#1130,.T.);
#592=FACE_OUTER_BOUND($,#1131,.T.);
#593=FACE_OUTER_BOUND($,#1132,.T.);
#594=FACE_OUTER_BOUND($,#1133,.T.);
#595=FACE_OUTER_BOUND($,#1134,.T.);
#596=FACE_OUTER_BOUND($,#1135,.T.);
#597=FACE_OUTER_BOUND($,#1136,.T.);
#598=FACE_OUTER_BOUND($,#1137,.T.);
#599=FACE_OUTER_BOUND($,#1138,.T.);
#600=FACE_OUTER_BOUND($,#1139,.T.);
#601=FACE_OUTER_BOUND($,#1140,.T.);
#602=FACE_OUTER_BOUND($,#1141,.T.);
#603=FACE_OUTER_BOUND($,#1142,.T.);
#604=FACE_OUTER_BOUND($,#1143,.T.);
#605=FACE_OUTER_BOUND($,#1144,.T.);
#606=FACE_OUTER_BOUND($,#1145,.T.);
#607=FACE_OUTER_BOUND($,#1146,.T.);
#608=FACE_OUTER_BOUND($,#1147,.T.);
#609=FACE_OUTER_BOUND($,#1148,.T.);
#610=FACE_OUTER_BOUND($,#1149,.T.);
#611=FACE_OUTER_BOUND($,#1150,.T.);
#612=FACE_OUTER_BOUND($,#1151,.T.);
#613=FACE_OUTER_BOUND($,#1152,.T.);
#614=FACE_OUTER_BOUND($,#1153,.T.);
#615=FACE_OUTER_BOUND($,#1154,.T.);
#616=FACE_OUTER_BOUND($,#1155,.T.);
#617=FACE_OUTER_BOUND($,#1156,.T.);
#618=FACE_OUTER_BOUND($,#1157,.T.);
#619=FACE_OUTER_BOUND($,#1158,.T.);
#620=FACE_OUTER_BOUND($,#1159,.T.);
#621=FACE_OUTER_BOUND($,#1160,.T.);
#622=FACE_OUTER_BOUND($,#1161,.T.);
#623=FACE_OUTER_BOUND($,#1162,.T.);
#624=FACE_OUTER_BOUND($,#1163,.T.);
#625=FACE_OUTER_BOUND($,#1164,.T.);
#626=FACE_OUTER_BOUND($,#1165,.T.);
#627=FACE_OUTER_BOUND($,#1166,.T.);
#628=FACE_OUTER_BOUND($,#1167,.T.);
#629=FACE_OUTER_BOUND($,#1168,.T.);
#630=FACE_OUTER_BOUND($,#1169,.T.);
#631=FACE_OUTER_BOUND($,#1170,.T.);
#632=FACE_OUTER_BOUND($,#1171,.T.);
#633=FACE_OUTER_BOUND($,#1172,.T.);
#634=FACE_OUTER_BOUND($,#1173,.T.);
#635=FACE_OUTER_BOUND($,#1174,.T.);
#636=FACE_OUTER_BOUND($,#1175,.T.);
#637=FACE_OUTER_BOUND($,#1176,.T.);
#638=FACE_OUTER_BOUND($,#1177,.T.);
#639=FACE_OUTER_BOUND($,#1178,.T.);
#640=FACE_OUTER_BOUND($,#1179,.T.);
#641=FACE_OUTER_BOUND($,#1180,.T.);
#642=FACE_OUTER_BOUND($,#1181,.T.);
#643=FACE_OUTER_BOUND($,#1182,.T.);
#644=FACE_OUTER_BOUND($,#1183,.T.);
#645=FACE_OUTER_BOUND($,#1184,.T.);
#646=FACE_OUTER_BOUND($,#1185,.T.);
#647=FACE_OUTER_BOUND($,#1186,.T.);
#648=FACE_OUTER_BOUND($,#1187,.T.);
#649=FACE_OUTER_BOUND($,#1188,.T.);
#650=FACE_OUTER_BOUND($,#1189,.T.);
#651=FACE_OUTER_BOUND($,#1190,.T.);
#652=FACE_OUTER_BOUND($,#1191,.T.);
#653=FACE_OUTER_BOUND($,#1192,.T.);
#654=FACE_OUTER_BOUND($,#1193,.T.);
#655=FACE_OUTER_BOUND($,#1194,.T.);
#656=FACE_OUTER_BOUND($,#1195,.T.);
#657=FACE_OUTER_BOUND($,#1196,.T.);
#658=FACE_OUTER_BOUND($,#1197,.T.);
#659=FACE_OUTER_BOUND($,#1198,.T.);
#660=FACE_OUTER_BOUND($,#1199,.T.);
#661=FACE_OUTER_BOUND($,#1200,.T.);
#662=FACE_OUTER_BOUND($,#1201,.T.);
#663=FACE_OUTER_BOUND($,#1202,.T.);
#664=FACE_OUTER_BOUND($,#1203,.T.);
#665=FACE_OUTER_BOUND($,#1204,.T.);
#666=FACE_OUTER_BOUND($,#1205,.T.);
#667=FACE_OUTER_BOUND($,#1206,.T.);
#668=FACE_OUTER_BOUND($,#1207,.T.);
#669=FACE_OUTER_BOUND($,#1208,.T.);
#670=FACE_OUTER_BOUND($,#1209,.T.);
#671=FACE_OUTER_BOUND($,#1210,.T.);
#672=FACE_OUTER_BOUND($,#1211,.T.);
#673=FACE_OUTER_BOUND($,#1212,.T.);
#674=FACE_OUTER_BOUND($,#1213,.T.);
#675=FACE_OUTER_BOUND($,#1214,.T.);
#676=FACE_OUTER_BOUND($,#1215,.T.);
#677=FACE_OUTER_BOUND($,#1216,.T.);
#678=FACE_OUTER_BOUND($,#1217,.T.);
#679=FACE_OUTER_BOUND($,#1218,.T.);
#680=FACE_OUTER_BOUND($,#1219,.T.);
#681=FACE_OUTER_BOUND($,#1220,.T.);
#682=FACE_OUTER_BOUND($,#1221,.T.);
#683=FACE_OUTER_BOUND($,#1222,.T.);
#684=FACE_OUTER_BOUND($,#1223,.T.);
#685=FACE_OUTER_BOUND($,#1224,.T.);
#686=FACE_OUTER_BOUND($,#1225,.T.);
#687=FACE_OUTER_BOUND($,#1226,.T.);
#688=FACE_OUTER_BOUND($,#1227,.T.);
#689=FACE_OUTER_BOUND($,#1228,.T.);
#690=FACE_OUTER_BOUND($,#1229,.T.);
#691=FACE_OUTER_BOUND($,#1230,.T.);
#692=FACE_OUTER_BOUND($,#1231,.T.);
#693=FACE_OUTER_BOUND($,#1232,.T.);
#694=FACE_OUTER_BOUND($,#1233,.T.);
#695=FACE_OUTER_BOUND($,#1234,.T.);
#696=FACE_OUTER_BOUND($,#1235,.T.);
#697=FACE_OUTER_BOUND($,#1236,.T.);
#698=FACE_OUTER_BOUND($,#1237,.T.);
#699=FACE_OUTER_BOUND($,#1238,.T.);
#700=FACE_OUTER_BOUND($,#1239,.T.);
#701=FACE_OUTER_BOUND($,#1240,.T.);
#702=FACE_OUTER_BOUND($,#1241,.T.);
#703=FACE_OUTER_BOUND($,#1242,.T.);
#704=FACE_OUTER_BOUND($,#1243,.T.);
#705=FACE_OUTER_BOUND($,#1244,.T.);
#706=FACE_OUTER_BOUND($,#1245,.T.);
#707=FACE_OUTER_BOUND($,#1246,.T.);
#708=FACE_OUTER_BOUND($,#1247,.T.);
#709=FACE_OUTER_BOUND($,#1248,.T.);
#710=FACE_OUTER_BOUND($,#1249,.T.);
#711=FACE_OUTER_BOUND($,#1250,.T.);
#712=FACE_OUTER_BOUND($,#1251,.T.);
#713=FACE_OUTER_BOUND($,#1252,.T.);
#714=FACE_OUTER_BOUND($,#1253,.T.);
#715=FACE_OUTER_BOUND($,#1254,.T.);
#716=FACE_OUTER_BOUND($,#1255,.T.);
#717=FACE_OUTER_BOUND($,#1256,.T.);
#718=FACE_OUTER_BOUND($,#1257,.T.);
#719=FACE_OUTER_BOUND($,#1258,.T.);
#720=FACE_OUTER_BOUND($,#1259,.T.);
#721=FACE_OUTER_BOUND($,#1260,.T.);
#722=FACE_OUTER_BOUND($,#1261,.T.);
#723=FACE_OUTER_BOUND($,#1262,.T.);
#724=FACE_OUTER_BOUND($,#1263,.T.);
#725=FACE_OUTER_BOUND($,#1264,.T.);
#726=FACE_OUTER_BOUND($,#1265,.T.);
#727=FACE_OUTER_BOUND($,#1266,.T.);
#728=FACE_OUTER_BOUND($,#1267,.T.);
#729=FACE_OUTER_BOUND($,#1268,.T.);
#730=FACE_OUTER_BOUND($,#1269,.T.);
#731=FACE_OUTER_BOUND($,#1270,.T.);
#732=FACE_OUTER_BOUND($,#1271,.T.);
#733=FACE_OUTER_BOUND($,#1272,.T.);
#734=FACE_OUTER_BOUND($,#1273,.T.);
#735=FACE_OUTER_BOUND($,#1274,.T.);
#736=FACE_OUTER_BOUND($,#1275,.T.);
#737=FACE_OUTER_BOUND($,#1276,.T.);
#738=FACE_OUTER_BOUND($,#1277,.T.);
#739=FACE_OUTER_BOUND($,#1278,.T.);
#740=FACE_OUTER_BOUND($,#1279,.T.);
#741=FACE_OUTER_BOUND($,#1280,.T.);
#742=FACE_OUTER_BOUND($,#1281,.T.);
#743=FACE_OUTER_BOUND($,#1282,.T.);
#744=FACE_OUTER_BOUND($,#1283,.T.);
#745=FACE_OUTER_BOUND($,#1284,.T.);
#746=FACE_OUTER_BOUND($,#1285,.T.);
#747=FACE_OUTER_BOUND($,#1286,.T.);
#748=FACE_OUTER_BOUND($,#1287,.T.);
#749=FACE_OUTER_BOUND($,#1288,.T.);
#750=FACE_OUTER_BOUND($,#1289,.T.);
#751=FACE_OUTER_BOUND($,#1290,.T.);
#752=FACE_OUTER_BOUND($,#1291,.T.);
#753=FACE_OUTER_BOUND($,#1292,.T.);
#754=FACE_OUTER_BOUND($,#1293,.T.);
#755=FACE_OUTER_BOUND($,#1294,.T.);
#756=FACE_OUTER_BOUND($,#1295,.T.);
#757=FACE_OUTER_BOUND($,#1296,.T.);
#758=FACE_OUTER_BOUND($,#1297,.T.);
#759=FACE_OUTER_BOUND($,#1298,.T.);
#760=FACE_OUTER_BOUND($,#1299,.T.);
#761=FACE_OUTER_BOUND($,#1300,.T.);
#762=FACE_OUTER_BOUND($,#1301,.T.);
#763=FACE_OUTER_BOUND($,#1302,.T.);
#764=FACE_OUTER_BOUND($,#1303,.T.);
#765=FACE_OUTER_BOUND($,#1304,.T.);
#766=FACE_OUTER_BOUND($,#1305,.T.);
#767=FACE_OUTER_BOUND($,#1306,.T.);
#768=FACE_OUTER_BOUND($,#1307,.T.);
#769=FACE_OUTER_BOUND($,#1308,.T.);
#770=FACE_OUTER_BOUND($,#1309,.T.);
#771=FACE_OUTER_BOUND($,#1310,.T.);
#772=FACE_OUTER_BOUND($,#1311,.T.);
#773=FACE_OUTER_BOUND($,#1312,.T.);
#774=FACE_OUTER_BOUND($,#1313,.T.);
#775=FACE_OUTER_BOUND($,#1314,.T.);
#776=FACE_OUTER_BOUND($,#1315,.T.);
#777=FACE_OUTER_BOUND($,#1316,.T.);
#778=FACE_OUTER_BOUND($,#1317,.T.);
#779=FACE_OUTER_BOUND($,#1318,.T.);
#780=FACE_OUTER_BOUND($,#1319,.T.);
#781=FACE_OUTER_BOUND($,#1320,.T.);
#782=FACE_OUTER_BOUND($,#1321,.T.);
#783=FACE_OUTER_BOUND($,#1322,.T.);
#784=FACE_OUTER_BOUND($,#1323,.T.);
#785=FACE_OUTER_BOUND($,#1324,.T.);
#786=FACE_OUTER_BOUND($,#1325,.T.);
#787=FACE_OUTER_BOUND($,#1326,.T.);
#788=FACE_OUTER_BOUND($,#1327,.T.);
#789=FACE_OUTER_BOUND($,#1328,.T.);
#790=FACE_OUTER_BOUND($,#1329,.T.);
#791=FACE_OUTER_BOUND($,#1330,.T.);
#792=FACE_OUTER_BOUND($,#1331,.T.);
#793=FACE_OUTER_BOUND($,#1332,.T.);
#794=FACE_OUTER_BOUND($,#1333,.T.);
#795=FACE_OUTER_BOUND($,#1334,.T.);
#796=FACE_OUTER_BOUND($,#1335,.T.);
#797=FACE_OUTER_BOUND($,#1336,.T.);
#798=FACE_OUTER_BOUND($,#1337,.T.);
#799=FACE_OUTER_BOUND($,#1338,.T.);
#800=FACE_OUTER_BOUND($,#1339,.T.);
#801=FACE_OUTER_BOUND($,#1340,.T.);
#802=FACE_OUTER_BOUND($,#1341,.T.);
#803=FACE_OUTER_BOUND($,#1342,.T.);
#804=FACE_OUTER_BOUND($,#1343,.T.);
#805=FACE_OUTER_BOUND($,#1344,.T.);
#806=FACE_OUTER_BOUND($,#1345,.T.);
#807=FACE_OUTER_BOUND($,#1346,.T.);
#808=FACE_OUTER_BOUND($,#1347,.T.);
#809=FACE_OUTER_BOUND($,#1348,.T.);
#810=FACE_OUTER_BOUND($,#1349,.T.);
#811=FACE_OUTER_BOUND($,#1350,.T.);
#812=FACE_OUTER_BOUND($,#1351,.T.);
#813=FACE_OUTER_BOUND($,#1352,.T.);
#814=FACE_OUTER_BOUND($,#1353,.T.);
#815=FACE_OUTER_BOUND($,#1354,.T.);
#816=FACE_OUTER_BOUND($,#1355,.T.);
#817=FACE_OUTER_BOUND($,#1356,.T.);
#818=FACE_OUTER_BOUND($,#1357,.T.);
#819=FACE_OUTER_BOUND($,#1358,.T.);
#820=FACE_OUTER_BOUND($,#1359,.T.);
#821=FACE_OUTER_BOUND($,#1360,.T.);
#822=FACE_OUTER_BOUND($,#1361,.T.);
#823=FACE_OUTER_BOUND($,#1362,.T.);
#824=FACE_OUTER_BOUND($,#1363,.T.);
#825=FACE_OUTER_BOUND($,#1364,.T.);
#826=FACE_OUTER_BOUND($,#1365,.T.);
#827=FACE_OUTER_BOUND($,#1366,.T.);
#828=FACE_OUTER_BOUND($,#1367,.T.);
#829=FACE_OUTER_BOUND($,#1368,.T.);
#830=FACE_OUTER_BOUND($,#1369,.T.);
#831=FACE_OUTER_BOUND($,#1370,.T.);
#832=FACE_OUTER_BOUND($,#1371,.T.);
#833=FACE_OUTER_BOUND($,#1372,.T.);
#834=FACE_OUTER_BOUND($,#1373,.T.);
#835=FACE_OUTER_BOUND($,#1374,.T.);
#836=FACE_OUTER_BOUND($,#1375,.T.);
#837=FACE_OUTER_BOUND($,#1376,.T.);
#838=FACE_OUTER_BOUND($,#1377,.T.);
#839=FACE_OUTER_BOUND($,#1378,.T.);
#840=FACE_OUTER_BOUND($,#1379,.T.);
#841=FACE_OUTER_BOUND($,#1380,.T.);
#842=FACE_OUTER_BOUND($,#1381,.T.);
#843=FACE_OUTER_BOUND($,#1382,.T.);
#844=FACE_OUTER_BOUND($,#1383,.T.);
#845=FACE_OUTER_BOUND($,#1384,.T.);
#846=FACE_OUTER_BOUND($,#1385,.T.);
#847=FACE_OUTER_BOUND($,#1386,.T.);
#848=FACE_OUTER_BOUND($,#1387,.T.);
#849=FACE_OUTER_BOUND($,#1388,.T.);
#850=FACE_OUTER_BOUND($,#1389,.T.);
#851=FACE_OUTER_BOUND($,#1390,.T.);
#852=FACE_OUTER_BOUND($,#1391,.T.);
#853=FACE_OUTER_BOUND($,#1392,.T.);
#854=FACE_OUTER_BOUND($,#1393,.T.);
#855=FACE_OUTER_BOUND($,#1394,.T.);
#856=FACE_OUTER_BOUND($,#1395,.T.);
#857=FACE_OUTER_BOUND($,#1396,.T.);
#858=FACE_OUTER_BOUND($,#1397,.T.);
#859=FACE_OUTER_BOUND($,#1398,.T.);
#860=FACE_OUTER_BOUND($,#1399,.T.);
#861=FACE_OUTER_BOUND($,#1400,.T.);
#862=FACE_OUTER_BOUND($,#1401,.T.);
#863=FACE_OUTER_BOUND($,#1402,.T.);
#864=FACE_OUTER_BOUND($,#1403,.T.);
#865=FACE_OUTER_BOUND($,#1404,.T.);
#866=FACE_OUTER_BOUND($,#1405,.T.);
#867=FACE_OUTER_BOUND($,#1406,.T.);
#868=FACE_OUTER_BOUND($,#1407,.T.);
#869=FACE_OUTER_BOUND($,#1408,.T.);
#870=FACE_OUTER_BOUND($,#1409,.T.);
#871=FACE_OUTER_BOUND($,#1410,.T.);
#872=FACE_OUTER_BOUND($,#1411,.T.);
#873=FACE_OUTER_BOUND($,#1412,.T.);
#874=FACE_OUTER_BOUND($,#1413,.T.);
#875=FACE_OUTER_BOUND($,#1414,.T.);
#876=FACE_OUTER_BOUND($,#1415,.T.);
#877=FACE_OUTER_BOUND($,#1416,.T.);
#878=FACE_OUTER_BOUND($,#1417,.T.);
#879=FACE_OUTER_BOUND($,#1418,.T.);
#880=FACE_OUTER_BOUND($,#1419,.T.);
#881=FACE_OUTER_BOUND($,#1420,.T.);
#882=FACE_OUTER_BOUND($,#1421,.T.);
#883=FACE_OUTER_BOUND($,#1422,.T.);
#884=FACE_OUTER_BOUND($,#1423,.T.);
#885=FACE_OUTER_BOUND($,#1424,.T.);
#886=FACE_OUTER_BOUND($,#1425,.T.);
#887=FACE_OUTER_BOUND($,#1426,.T.);
#888=FACE_OUTER_BOUND($,#1427,.T.);
#889=FACE_OUTER_BOUND($,#1428,.T.);
#890=FACE_OUTER_BOUND($,#1429,.T.);
#891=FACE_OUTER_BOUND($,#1430,.T.);
#892=FACE_OUTER_BOUND($,#1431,.T.);
#893=FACE_OUTER_BOUND($,#1432,.T.);
#894=FACE_OUTER_BOUND($,#1433,.T.);
#895=FACE_OUTER_BOUND($,#1434,.T.);
#896=FACE_OUTER_BOUND($,#1435,.T.);
#897=FACE_OUTER_BOUND($,#1436,.T.);
#898=FACE_OUTER_BOUND($,#1437,.T.);
#899=FACE_OUTER_BOUND($,#1438,.T.);
#900=FACE_OUTER_BOUND($,#1439,.T.);
#901=FACE_OUTER_BOUND($,#1440,.T.);
#902=FACE_OUTER_BOUND($,#1441,.T.);
#903=FACE_OUTER_BOUND($,#1442,.T.);
#904=FACE_OUTER_BOUND($,#1443,.T.);
#905=FACE_OUTER_BOUND($,#1444,.T.);
#906=FACE_OUTER_BOUND($,#1445,.T.);
#907=FACE_OUTER_BOUND($,#1446,.T.);
#908=FACE_OUTER_BOUND($,#1447,.T.);
#909=FACE_OUTER_BOUND($,#1448,.T.);
#910=FACE_OUTER_BOUND($,#1449,.T.);
#911=FACE_OUTER_BOUND($,#1450,.T.);
#912=FACE_OUTER_BOUND($,#1451,.T.);
#913=FACE_OUTER_BOUND($,#1452,.T.);
#914=FACE_OUTER_BOUND($,#1453,.T.);
#915=FACE_OUTER_BOUND($,#1454,.T.);
#916=FACE_OUTER_BOUND($,#1455,.T.);
#917=FACE_OUTER_BOUND($,#1456,.T.);
#918=FACE_OUTER_BOUND($,#1457,.T.);
#919=FACE_OUTER_BOUND($,#1458,.T.);
#920=FACE_OUTER_BOUND($,#1459,.T.);
#921=FACE_OUTER_BOUND($,#1460,.T.);
#922=FACE_OUTER_BOUND($,#1461,.T.);
#923=FACE_OUTER_BOUND($,#1462,.T.);
#924=FACE_OUTER_BOUND($,#1463,.T.);
#925=FACE_OUTER_BOUND($,#1464,.T.);
#926=FACE_OUTER_BOUND($,#1465,.T.);
#927=FACE_OUTER_BOUND($,#1466,.T.);
#928=FACE_OUTER_BOUND($,#1467,.T.);
#929=FACE_OUTER_BOUND($,#1468,.T.);
#930=FACE_OUTER_BOUND($,#1469,.T.);
#931=FACE_OUTER_BOUND($,#1470,.T.);
#932=FACE_OUTER_BOUND($,#1471,.T.);
#933=FACE_OUTER_BOUND($,#1472,.T.);
#934=FACE_OUTER_BOUND($,#1473,.T.);
#935=FACE_OUTER_BOUND($,#1474,.T.);
#936=FACE_OUTER_BOUND($,#1475,.T.);
#937=FACE_OUTER_BOUND($,#1476,.T.);
#938=FACE_OUTER_BOUND($,#1477,.T.);
#939=FACE_OUTER_BOUND($,#1478,.T.);
#940=FACE_OUTER_BOUND($,#1479,.T.);
#941=FACE_OUTER_BOUND($,#1480,.T.);
#942=FACE_OUTER_BOUND($,#1481,.T.);
#943=FACE_OUTER_BOUND($,#1482,.T.);
#944=FACE_OUTER_BOUND($,#1483,.T.);
#945=FACE_OUTER_BOUND($,#1484,.T.);
#946=FACE_OUTER_BOUND($,#1485,.T.);
#947=FACE_OUTER_BOUND($,#1486,.T.);
#948=FACE_OUTER_BOUND($,#1487,.T.);
#949=FACE_OUTER_BOUND($,#1488,.T.);
#950=FACE_OUTER_BOUND($,#1489,.T.);
#951=FACE_OUTER_BOUND($,#1490,.T.);
#952=FACE_OUTER_BOUND($,#1491,.T.);
#953=FACE_OUTER_BOUND($,#1492,.T.);
#954=FACE_OUTER_BOUND($,#1493,.T.);
#955=FACE_OUTER_BOUND($,#1494,.T.);
#956=FACE_OUTER_BOUND($,#1495,.T.);
#957=FACE_OUTER_BOUND($,#1496,.T.);
#958=FACE_OUTER_BOUND($,#1497,.T.);
#959=FACE_OUTER_BOUND($,#1498,.T.);
#960=FACE_OUTER_BOUND($,#1499,.T.);
#961=FACE_OUTER_BOUND($,#1500,.T.);
#962=FACE_OUTER_BOUND($,#1501,.T.);
#963=FACE_OUTER_BOUND($,#1502,.T.);
#964=FACE_OUTER_BOUND($,#1503,.T.);
#965=FACE_OUTER_BOUND($,#1504,.T.);
#966=FACE_OUTER_BOUND($,#1505,.T.);
#967=FACE_OUTER_BOUND($,#1506,.T.);
#968=FACE_OUTER_BOUND($,#1507,.T.);
#969=EDGE_LOOP($,(#6611,#6612,#6613,#6614));
#970=EDGE_LOOP($,(#6615,#6616,#6617,#6618));
#971=EDGE_LOOP($,(#6619,#6620,#6621,#6622));
#972=EDGE_LOOP($,(#6623,#6624,#6625,#6626));
#973=EDGE_LOOP($,(#6627,#6628,#6629,#6630));
#974=EDGE_LOOP($,(#6631,#6632,#6633,#6634));
#975=EDGE_LOOP($,(#6635,#6636,#6637,#6638));
#976=EDGE_LOOP($,(#6639,#6640,#6641,#6642));
#977=EDGE_LOOP($,(#6643,#6644,#6645,#6646));
#978=EDGE_LOOP($,(#6647,#6648,#6649,#6650));
#979=EDGE_LOOP($,(#6651,#6652,#6653,#6654));
#980=EDGE_LOOP($,(#6655,#6656,#6657,#6658));
#981=EDGE_LOOP($,(#6659,#6660,#6661,#6662));
#982=EDGE_LOOP($,(#6663,#6664,#6665,#6666));
#983=EDGE_LOOP($,(#6667,#6668,#6669,#6670));
#984=EDGE_LOOP($,(#6671,#6672,#6673,#6674));
#985=EDGE_LOOP($,(#6675,#6676,#6677,#6678));
#986=EDGE_LOOP($,(#6679,#6680,#6681,#6682,#6683,#6684,#6685,#6686,#6687,
#6688,#6689,#6690,#6691,#6692,#6693,#6694,#6695));
#987=EDGE_LOOP($,(#6696,#6697,#6698,#6699,#6700,#6701,#6702,#6703,#6704,
#6705,#6706,#6707,#6708,#6709,#6710,#6711,#6712));
#988=EDGE_LOOP($,(#6713,#6714,#6715,#6716));
#989=EDGE_LOOP($,(#6717,#6718,#6719,#6720));
#990=EDGE_LOOP($,(#6721,#6722,#6723,#6724));
#991=EDGE_LOOP($,(#6725,#6726,#6727,#6728));
#992=EDGE_LOOP($,(#6729,#6730,#6731,#6732));
#993=EDGE_LOOP($,(#6733,#6734,#6735,#6736));
#994=EDGE_LOOP($,(#6737,#6738,#6739,#6740));
#995=EDGE_LOOP($,(#6741,#6742,#6743,#6744));
#996=EDGE_LOOP($,(#6745,#6746,#6747,#6748));
#997=EDGE_LOOP($,(#6749,#6750,#6751,#6752));
#998=EDGE_LOOP($,(#6753,#6754,#6755,#6756));
#999=EDGE_LOOP($,(#6757,#6758,#6759,#6760));
#1000=EDGE_LOOP($,(#6761,#6762,#6763,#6764));
#1001=EDGE_LOOP($,(#6765,#6766,#6767,#6768));
#1002=EDGE_LOOP($,(#6769,#6770,#6771,#6772));
#1003=EDGE_LOOP($,(#6773,#6774,#6775,#6776));
#1004=EDGE_LOOP($,(#6777,#6778,#6779,#6780,#6781,#6782,#6783,#6784,#6785,
#6786,#6787,#6788,#6789,#6790,#6791,#6792));
#1005=EDGE_LOOP($,(#6793,#6794,#6795,#6796,#6797,#6798,#6799,#6800,#6801,
#6802,#6803,#6804,#6805,#6806,#6807,#6808));
#1006=EDGE_LOOP($,(#6809,#6810,#6811,#6812));
#1007=EDGE_LOOP($,(#6813,#6814,#6815,#6816));
#1008=EDGE_LOOP($,(#6817,#6818,#6819,#6820));
#1009=EDGE_LOOP($,(#6821,#6822,#6823,#6824));
#1010=EDGE_LOOP($,(#6825,#6826,#6827,#6828));
#1011=EDGE_LOOP($,(#6829,#6830,#6831,#6832));
#1012=EDGE_LOOP($,(#6833,#6834,#6835,#6836));
#1013=EDGE_LOOP($,(#6837,#6838,#6839,#6840));
#1014=EDGE_LOOP($,(#6841,#6842,#6843,#6844));
#1015=EDGE_LOOP($,(#6845,#6846,#6847,#6848));
#1016=EDGE_LOOP($,(#6849,#6850,#6851,#6852));
#1017=EDGE_LOOP($,(#6853,#6854,#6855,#6856));
#1018=EDGE_LOOP($,(#6857,#6858,#6859,#6860));
#1019=EDGE_LOOP($,(#6861,#6862,#6863,#6864,#6865,#6866,#6867,#6868,#6869,
#6870,#6871,#6872,#6873));
#1020=EDGE_LOOP($,(#6874,#6875,#6876,#6877,#6878,#6879,#6880,#6881,#6882,
#6883,#6884,#6885,#6886));
#1021=EDGE_LOOP($,(#6887,#6888,#6889,#6890));
#1022=EDGE_LOOP($,(#6891,#6892,#6893,#6894));
#1023=EDGE_LOOP($,(#6895,#6896,#6897,#6898));
#1024=EDGE_LOOP($,(#6899,#6900,#6901,#6902));
#1025=EDGE_LOOP($,(#6903,#6904,#6905,#6906));
#1026=EDGE_LOOP($,(#6907,#6908,#6909,#6910));
#1027=EDGE_LOOP($,(#6911,#6912,#6913,#6914));
#1028=EDGE_LOOP($,(#6915,#6916,#6917,#6918));
#1029=EDGE_LOOP($,(#6919,#6920,#6921,#6922));
#1030=EDGE_LOOP($,(#6923,#6924,#6925,#6926));
#1031=EDGE_LOOP($,(#6927,#6928,#6929,#6930));
#1032=EDGE_LOOP($,(#6931,#6932,#6933,#6934));
#1033=EDGE_LOOP($,(#6935,#6936,#6937,#6938));
#1034=EDGE_LOOP($,(#6939,#6940,#6941,#6942));
#1035=EDGE_LOOP($,(#6943,#6944,#6945,#6946));
#1036=EDGE_LOOP($,(#6947,#6948,#6949,#6950));
#1037=EDGE_LOOP($,(#6951,#6952,#6953,#6954,#6955,#6956,#6957,#6958,#6959,
#6960,#6961,#6962,#6963,#6964,#6965,#6966));
#1038=EDGE_LOOP($,(#6967,#6968,#6969,#6970,#6971,#6972,#6973,#6974,#6975,
#6976,#6977,#6978,#6979,#6980,#6981,#6982));
#1039=EDGE_LOOP($,(#6983,#6984,#6985,#6986));
#1040=EDGE_LOOP($,(#6987,#6988,#6989,#6990));
#1041=EDGE_LOOP($,(#6991,#6992,#6993,#6994));
#1042=EDGE_LOOP($,(#6995,#6996,#6997,#6998));
#1043=EDGE_LOOP($,(#6999,#7000,#7001,#7002));
#1044=EDGE_LOOP($,(#7003,#7004,#7005,#7006));
#1045=EDGE_LOOP($,(#7007,#7008,#7009,#7010));
#1046=EDGE_LOOP($,(#7011,#7012,#7013,#7014));
#1047=EDGE_LOOP($,(#7015,#7016,#7017,#7018));
#1048=EDGE_LOOP($,(#7019,#7020,#7021,#7022));
#1049=EDGE_LOOP($,(#7023,#7024,#7025,#7026));
#1050=EDGE_LOOP($,(#7027,#7028,#7029,#7030));
#1051=EDGE_LOOP($,(#7031,#7032,#7033,#7034));
#1052=EDGE_LOOP($,(#7035,#7036,#7037,#7038));
#1053=EDGE_LOOP($,(#7039,#7040,#7041,#7042));
#1054=EDGE_LOOP($,(#7043,#7044,#7045,#7046));
#1055=EDGE_LOOP($,(#7047,#7048,#7049,#7050,#7051,#7052,#7053,#7054,#7055,
#7056,#7057,#7058,#7059,#7060,#7061,#7062));
#1056=EDGE_LOOP($,(#7063,#7064,#7065,#7066,#7067,#7068,#7069,#7070,#7071,
#7072,#7073,#7074,#7075,#7076,#7077,#7078));
#1057=EDGE_LOOP($,(#7079,#7080,#7081,#7082));
#1058=EDGE_LOOP($,(#7083,#7084,#7085,#7086));
#1059=EDGE_LOOP($,(#7087,#7088,#7089,#7090));
#1060=EDGE_LOOP($,(#7091,#7092,#7093,#7094));
#1061=EDGE_LOOP($,(#7095,#7096,#7097,#7098));
#1062=EDGE_LOOP($,(#7099,#7100,#7101,#7102));
#1063=EDGE_LOOP($,(#7103,#7104,#7105,#7106));
#1064=EDGE_LOOP($,(#7107,#7108,#7109,#7110));
#1065=EDGE_LOOP($,(#7111,#7112,#7113,#7114));
#1066=EDGE_LOOP($,(#7115,#7116,#7117,#7118));
#1067=EDGE_LOOP($,(#7119,#7120,#7121,#7122));
#1068=EDGE_LOOP($,(#7123,#7124,#7125,#7126));
#1069=EDGE_LOOP($,(#7127,#7128,#7129,#7130));
#1070=EDGE_LOOP($,(#7131,#7132,#7133,#7134));
#1071=EDGE_LOOP($,(#7135,#7136,#7137,#7138));
#1072=EDGE_LOOP($,(#7139,#7140,#7141,#7142));
#1073=EDGE_LOOP($,(#7143,#7144,#7145,#7146,#7147,#7148,#7149,#7150,#7151,
#7152,#7153,#7154,#7155,#7156,#7157,#7158));
#1074=EDGE_LOOP($,(#7159,#7160,#7161,#7162,#7163,#7164,#7165,#7166,#7167,
#7168,#7169,#7170,#7171,#7172,#7173,#7174));
#1075=EDGE_LOOP($,(#7175,#7176,#7177,#7178));
#1076=EDGE_LOOP($,(#7179,#7180,#7181,#7182));
#1077=EDGE_LOOP($,(#7183,#7184,#7185,#7186));
#1078=EDGE_LOOP($,(#7187,#7188,#7189,#7190));
#1079=EDGE_LOOP($,(#7191,#7192,#7193,#7194));
#1080=EDGE_LOOP($,(#7195,#7196,#7197,#7198));
#1081=EDGE_LOOP($,(#7199,#7200,#7201,#7202));
#1082=EDGE_LOOP($,(#7203,#7204,#7205,#7206));
#1083=EDGE_LOOP($,(#7207,#7208,#7209,#7210));
#1084=EDGE_LOOP($,(#7211,#7212,#7213,#7214));
#1085=EDGE_LOOP($,(#7215,#7216,#7217,#7218));
#1086=EDGE_LOOP($,(#7219,#7220,#7221,#7222));
#1087=EDGE_LOOP($,(#7223,#7224,#7225,#7226,#7227,#7228,#7229,#7230,#7231,
#7232,#7233,#7234,#7235));
#1088=EDGE_LOOP($,(#7236,#7237,#7238,#7239,#7240,#7241,#7242,#7243,#7244,
#7245,#7246,#7247));
#1089=EDGE_LOOP($,(#7248,#7249,#7250,#7251));
#1090=EDGE_LOOP($,(#7252,#7253,#7254,#7255));
#1091=EDGE_LOOP($,(#7256,#7257,#7258,#7259));
#1092=EDGE_LOOP($,(#7260,#7261,#7262,#7263));
#1093=EDGE_LOOP($,(#7264,#7265,#7266,#7267));
#1094=EDGE_LOOP($,(#7268,#7269,#7270,#7271));
#1095=EDGE_LOOP($,(#7272,#7273,#7274,#7275));
#1096=EDGE_LOOP($,(#7276,#7277,#7278,#7279));
#1097=EDGE_LOOP($,(#7280,#7281,#7282,#7283));
#1098=EDGE_LOOP($,(#7284,#7285,#7286,#7287));
#1099=EDGE_LOOP($,(#7288,#7289,#7290,#7291));
#1100=EDGE_LOOP($,(#7292,#7293,#7294,#7295));
#1101=EDGE_LOOP($,(#7296,#7297,#7298,#7299));
#1102=EDGE_LOOP($,(#7300,#7301,#7302,#7303,#7304,#7305,#7306,#7307,#7308,
#7309,#7310,#7311,#7312));
#1103=EDGE_LOOP($,(#7313,#7314,#7315,#7316,#7317,#7318,#7319,#7320,#7321,
#7322,#7323,#7324,#7325));
#1104=EDGE_LOOP($,(#7326,#7327,#7328,#7329));
#1105=EDGE_LOOP($,(#7330,#7331,#7332,#7333));
#1106=EDGE_LOOP($,(#7334,#7335,#7336,#7337));
#1107=EDGE_LOOP($,(#7338,#7339,#7340,#7341));
#1108=EDGE_LOOP($,(#7342,#7343,#7344,#7345));
#1109=EDGE_LOOP($,(#7346,#7347,#7348,#7349));
#1110=EDGE_LOOP($,(#7350,#7351,#7352,#7353));
#1111=EDGE_LOOP($,(#7354,#7355,#7356,#7357));
#1112=EDGE_LOOP($,(#7358,#7359,#7360,#7361));
#1113=EDGE_LOOP($,(#7362,#7363,#7364,#7365));
#1114=EDGE_LOOP($,(#7366,#7367,#7368,#7369));
#1115=EDGE_LOOP($,(#7370,#7371,#7372,#7373));
#1116=EDGE_LOOP($,(#7374,#7375,#7376,#7377));
#1117=EDGE_LOOP($,(#7378,#7379,#7380,#7381,#7382,#7383,#7384,#7385,#7386,
#7387,#7388,#7389,#7390));
#1118=EDGE_LOOP($,(#7391,#7392,#7393,#7394,#7395,#7396,#7397,#7398,#7399,
#7400,#7401,#7402,#7403));
#1119=EDGE_LOOP($,(#7404,#7405,#7406,#7407));
#1120=EDGE_LOOP($,(#7408,#7409,#7410,#7411));
#1121=EDGE_LOOP($,(#7412,#7413,#7414,#7415));
#1122=EDGE_LOOP($,(#7416,#7417,#7418,#7419));
#1123=EDGE_LOOP($,(#7420,#7421,#7422,#7423));
#1124=EDGE_LOOP($,(#7424,#7425,#7426,#7427));
#1125=EDGE_LOOP($,(#7428,#7429,#7430,#7431));
#1126=EDGE_LOOP($,(#7432,#7433,#7434,#7435));
#1127=EDGE_LOOP($,(#7436,#7437,#7438,#7439));
#1128=EDGE_LOOP($,(#7440,#7441,#7442,#7443));
#1129=EDGE_LOOP($,(#7444,#7445,#7446,#7447));
#1130=EDGE_LOOP($,(#7448,#7449,#7450,#7451));
#1131=EDGE_LOOP($,(#7452,#7453,#7454,#7455));
#1132=EDGE_LOOP($,(#7456,#7457,#7458,#7459));
#1133=EDGE_LOOP($,(#7460,#7461,#7462,#7463));
#1134=EDGE_LOOP($,(#7464,#7465,#7466,#7467));
#1135=EDGE_LOOP($,(#7468,#7469,#7470,#7471));
#1136=EDGE_LOOP($,(#7472,#7473,#7474,#7475,#7476,#7477,#7478,#7479,#7480,
#7481,#7482,#7483,#7484,#7485,#7486,#7487,#7488));
#1137=EDGE_LOOP($,(#7489,#7490,#7491,#7492,#7493,#7494,#7495,#7496,#7497,
#7498,#7499,#7500,#7501,#7502,#7503,#7504,#7505));
#1138=EDGE_LOOP($,(#7506,#7507,#7508,#7509));
#1139=EDGE_LOOP($,(#7510,#7511,#7512,#7513));
#1140=EDGE_LOOP($,(#7514,#7515,#7516,#7517));
#1141=EDGE_LOOP($,(#7518,#7519,#7520,#7521));
#1142=EDGE_LOOP($,(#7522,#7523,#7524,#7525));
#1143=EDGE_LOOP($,(#7526,#7527,#7528,#7529));
#1144=EDGE_LOOP($,(#7530,#7531,#7532,#7533));
#1145=EDGE_LOOP($,(#7534,#7535,#7536,#7537));
#1146=EDGE_LOOP($,(#7538,#7539,#7540,#7541));
#1147=EDGE_LOOP($,(#7542,#7543,#7544,#7545));
#1148=EDGE_LOOP($,(#7546,#7547,#7548,#7549));
#1149=EDGE_LOOP($,(#7550,#7551,#7552,#7553));
#1150=EDGE_LOOP($,(#7554,#7555,#7556,#7557));
#1151=EDGE_LOOP($,(#7558,#7559,#7560,#7561));
#1152=EDGE_LOOP($,(#7562,#7563,#7564,#7565));
#1153=EDGE_LOOP($,(#7566,#7567,#7568,#7569));
#1154=EDGE_LOOP($,(#7570,#7571,#7572,#7573));
#1155=EDGE_LOOP($,(#7574,#7575,#7576,#7577,#7578,#7579,#7580,#7581,#7582,
#7583,#7584,#7585,#7586,#7587,#7588,#7589,#7590));
#1156=EDGE_LOOP($,(#7591,#7592,#7593,#7594,#7595,#7596,#7597,#7598,#7599,
#7600,#7601,#7602,#7603,#7604,#7605,#7606,#7607));
#1157=EDGE_LOOP($,(#7608,#7609,#7610,#7611));
#1158=EDGE_LOOP($,(#7612,#7613,#7614,#7615));
#1159=EDGE_LOOP($,(#7616,#7617,#7618,#7619));
#1160=EDGE_LOOP($,(#7620,#7621,#7622,#7623));
#1161=EDGE_LOOP($,(#7624,#7625,#7626,#7627));
#1162=EDGE_LOOP($,(#7628,#7629,#7630,#7631));
#1163=EDGE_LOOP($,(#7632,#7633,#7634,#7635));
#1164=EDGE_LOOP($,(#7636,#7637,#7638,#7639));
#1165=EDGE_LOOP($,(#7640,#7641,#7642,#7643));
#1166=EDGE_LOOP($,(#7644,#7645,#7646,#7647));
#1167=EDGE_LOOP($,(#7648,#7649,#7650,#7651));
#1168=EDGE_LOOP($,(#7652,#7653,#7654,#7655));
#1169=EDGE_LOOP($,(#7656,#7657,#7658,#7659));
#1170=EDGE_LOOP($,(#7660,#7661,#7662,#7663));
#1171=EDGE_LOOP($,(#7664,#7665,#7666,#7667));
#1172=EDGE_LOOP($,(#7668,#7669,#7670,#7671));
#1173=EDGE_LOOP($,(#7672,#7673,#7674,#7675));
#1174=EDGE_LOOP($,(#7676,#7677,#7678,#7679,#7680,#7681,#7682,#7683,#7684,
#7685,#7686,#7687,#7688,#7689,#7690,#7691,#7692));
#1175=EDGE_LOOP($,(#7693,#7694,#7695,#7696,#7697,#7698,#7699,#7700,#7701,
#7702,#7703,#7704,#7705,#7706,#7707,#7708,#7709));
#1176=EDGE_LOOP($,(#7710,#7711,#7712,#7713));
#1177=EDGE_LOOP($,(#7714,#7715,#7716,#7717));
#1178=EDGE_LOOP($,(#7718,#7719,#7720,#7721,#7722,#7723,#7724,#7725));
#1179=EDGE_LOOP($,(#7726,#7727,#7728,#7729,#7730,#7731));
#1180=EDGE_LOOP($,(#7732,#7733,#7734,#7735));
#1181=EDGE_LOOP($,(#7736,#7737,#7738,#7739,#7740,#7741));
#1182=EDGE_LOOP($,(#7742,#7743,#7744,#7745));
#1183=EDGE_LOOP($,(#7746,#7747,#7748,#7749));
#1184=EDGE_LOOP($,(#7750,#7751,#7752,#7753,#7754,#7755,#7756,#7757,#7758,
#7759,#7760));
#1185=EDGE_LOOP($,(#7761,#7762,#7763,#7764,#7765,#7766,#7767,#7768,#7769,
#7770,#7771));
#1186=EDGE_LOOP($,(#7772,#7773,#7774,#7775));
#1187=EDGE_LOOP($,(#7776,#7777,#7778,#7779));
#1188=EDGE_LOOP($,(#7780,#7781,#7782,#7783));
#1189=EDGE_LOOP($,(#7784,#7785,#7786,#7787,#7788,#7789,#7790,#7791,#7792,
#7793));
#1190=EDGE_LOOP($,(#7794,#7795,#7796,#7797,#7798,#7799));
#1191=EDGE_LOOP($,(#7800,#7801,#7802,#7803,#7804,#7805,#7806,#7807,#7808,
#7809));
#1192=EDGE_LOOP($,(#7810,#7811,#7812,#7813));
#1193=EDGE_LOOP($,(#7814,#7815,#7816,#7817));
#1194=EDGE_LOOP($,(#7818,#7819,#7820,#7821));
#1195=EDGE_LOOP($,(#7822,#7823,#7824,#7825));
#1196=EDGE_LOOP($,(#7826,#7827,#7828,#7829));
#1197=EDGE_LOOP($,(#7830,#7831,#7832,#7833));
#1198=EDGE_LOOP($,(#7834,#7835,#7836,#7837));
#1199=EDGE_LOOP($,(#7838,#7839,#7840,#7841));
#1200=EDGE_LOOP($,(#7842,#7843,#7844,#7845));
#1201=EDGE_LOOP($,(#7846,#7847,#7848,#7849));
#1202=EDGE_LOOP($,(#7850,#7851,#7852,#7853));
#1203=EDGE_LOOP($,(#7854,#7855,#7856,#7857));
#1204=EDGE_LOOP($,(#7858,#7859,#7860,#7861,#7862,#7863,#7864,#7865));
#1205=EDGE_LOOP($,(#7866,#7867,#7868,#7869,#7870,#7871));
#1206=EDGE_LOOP($,(#7872,#7873,#7874,#7875));
#1207=EDGE_LOOP($,(#7876,#7877,#7878,#7879,#7880,#7881));
#1208=EDGE_LOOP($,(#7882,#7883,#7884,#7885));
#1209=EDGE_LOOP($,(#7886,#7887,#7888,#7889));
#1210=EDGE_LOOP($,(#7890,#7891,#7892,#7893,#7894,#7895,#7896,#7897,#7898,
#7899,#7900));
#1211=EDGE_LOOP($,(#7901,#7902,#7903,#7904,#7905,#7906,#7907,#7908,#7909,
#7910,#7911));
#1212=EDGE_LOOP($,(#7912,#7913,#7914,#7915));
#1213=EDGE_LOOP($,(#7916,#7917,#7918,#7919));
#1214=EDGE_LOOP($,(#7920,#7921,#7922,#7923));
#1215=EDGE_LOOP($,(#7924,#7925,#7926,#7927,#7928,#7929,#7930,#7931,#7932,
#7933));
#1216=EDGE_LOOP($,(#7934,#7935,#7936,#7937,#7938,#7939));
#1217=EDGE_LOOP($,(#7940,#7941,#7942,#7943,#7944,#7945,#7946,#7947,#7948,
#7949));
#1218=EDGE_LOOP($,(#7950,#7951,#7952,#7953));
#1219=EDGE_LOOP($,(#7954,#7955,#7956,#7957));
#1220=EDGE_LOOP($,(#7958,#7959,#7960,#7961));
#1221=EDGE_LOOP($,(#7962,#7963,#7964,#7965));
#1222=EDGE_LOOP($,(#7966,#7967,#7968,#7969));
#1223=EDGE_LOOP($,(#7970,#7971,#7972,#7973));
#1224=EDGE_LOOP($,(#7974,#7975,#7976,#7977));
#1225=EDGE_LOOP($,(#7978,#7979,#7980,#7981));
#1226=EDGE_LOOP($,(#7982,#7983,#7984,#7985));
#1227=EDGE_LOOP($,(#7986,#7987,#7988,#7989));
#1228=EDGE_LOOP($,(#7990,#7991,#7992,#7993));
#1229=EDGE_LOOP($,(#7994,#7995,#7996,#7997));
#1230=EDGE_LOOP($,(#7998,#7999,#8000,#8001));
#1231=EDGE_LOOP($,(#8002,#8003,#8004,#8005));
#1232=EDGE_LOOP($,(#8006,#8007,#8008,#8009));
#1233=EDGE_LOOP($,(#8010,#8011,#8012,#8013));
#1234=EDGE_LOOP($,(#8014,#8015,#8016,#8017));
#1235=EDGE_LOOP($,(#8018,#8019,#8020,#8021));
#1236=EDGE_LOOP($,(#8022,#8023,#8024,#8025));
#1237=EDGE_LOOP($,(#8026,#8027,#8028,#8029));
#1238=EDGE_LOOP($,(#8030,#8031,#8032,#8033));
#1239=EDGE_LOOP($,(#8034,#8035,#8036,#8037));
#1240=EDGE_LOOP($,(#8038,#8039,#8040,#8041));
#1241=EDGE_LOOP($,(#8042,#8043,#8044,#8045));
#1242=EDGE_LOOP($,(#8046,#8047,#8048,#8049));
#1243=EDGE_LOOP($,(#8050,#8051,#8052,#8053));
#1244=EDGE_LOOP($,(#8054,#8055,#8056,#8057,#8058,#8059,#8060,#8061,#8062,
#8063,#8064,#8065,#8066,#8067,#8068,#8069));
#1245=EDGE_LOOP($,(#8070,#8071,#8072,#8073,#8074,#8075,#8076,#8077,#8078,
#8079,#8080,#8081,#8082,#8083,#8084,#8085));
#1246=EDGE_LOOP($,(#8086,#8087,#8088,#8089));
#1247=EDGE_LOOP($,(#8090,#8091,#8092,#8093));
#1248=EDGE_LOOP($,(#8094,#8095,#8096,#8097));
#1249=EDGE_LOOP($,(#8098,#8099,#8100,#8101));
#1250=EDGE_LOOP($,(#8102,#8103,#8104,#8105));
#1251=EDGE_LOOP($,(#8106,#8107,#8108,#8109));
#1252=EDGE_LOOP($,(#8110,#8111,#8112,#8113));
#1253=EDGE_LOOP($,(#8114,#8115,#8116,#8117));
#1254=EDGE_LOOP($,(#8118,#8119,#8120,#8121));
#1255=EDGE_LOOP($,(#8122,#8123,#8124,#8125));
#1256=EDGE_LOOP($,(#8126,#8127,#8128,#8129));
#1257=EDGE_LOOP($,(#8130,#8131,#8132,#8133));
#1258=EDGE_LOOP($,(#8134,#8135,#8136,#8137));
#1259=EDGE_LOOP($,(#8138,#8139,#8140,#8141,#8142,#8143,#8144,#8145,#8146,
#8147,#8148,#8149,#8150));
#1260=EDGE_LOOP($,(#8151,#8152,#8153,#8154,#8155,#8156,#8157,#8158,#8159,
#8160,#8161,#8162,#8163));
#1261=EDGE_LOOP($,(#8164,#8165,#8166,#8167));
#1262=EDGE_LOOP($,(#8168,#8169,#8170,#8171));
#1263=EDGE_LOOP($,(#8172,#8173,#8174,#8175));
#1264=EDGE_LOOP($,(#8176,#8177,#8178,#8179));
#1265=EDGE_LOOP($,(#8180,#8181,#8182,#8183));
#1266=EDGE_LOOP($,(#8184,#8185,#8186,#8187));
#1267=EDGE_LOOP($,(#8188,#8189,#8190,#8191));
#1268=EDGE_LOOP($,(#8192,#8193,#8194,#8195));
#1269=EDGE_LOOP($,(#8196,#8197,#8198,#8199));
#1270=EDGE_LOOP($,(#8200,#8201,#8202,#8203));
#1271=EDGE_LOOP($,(#8204,#8205,#8206,#8207));
#1272=EDGE_LOOP($,(#8208,#8209,#8210,#8211));
#1273=EDGE_LOOP($,(#8212,#8213,#8214,#8215));
#1274=EDGE_LOOP($,(#8216,#8217,#8218,#8219));
#1275=EDGE_LOOP($,(#8220,#8221,#8222,#8223));
#1276=EDGE_LOOP($,(#8224,#8225,#8226,#8227));
#1277=EDGE_LOOP($,(#8228,#8229,#8230,#8231));
#1278=EDGE_LOOP($,(#8232,#8233,#8234,#8235,#8236,#8237,#8238,#8239,#8240,
#8241,#8242,#8243,#8244,#8245,#8246,#8247,#8248));
#1279=EDGE_LOOP($,(#8249,#8250,#8251,#8252,#8253,#8254,#8255,#8256,#8257,
#8258,#8259,#8260,#8261,#8262,#8263,#8264,#8265));
#1280=EDGE_LOOP($,(#8266,#8267,#8268,#8269));
#1281=EDGE_LOOP($,(#8270,#8271,#8272,#8273,#8274));
#1282=EDGE_LOOP($,(#8275,#8276,#8277,#8278,#8279));
#1283=EDGE_LOOP($,(#8280,#8281,#8282,#8283));
#1284=EDGE_LOOP($,(#8284,#8285,#8286,#8287));
#1285=EDGE_LOOP($,(#8288,#8289,#8290,#8291,#8292));
#1286=EDGE_LOOP($,(#8293,#8294,#8295,#8296));
#1287=EDGE_LOOP($,(#8297,#8298,#8299,#8300));
#1288=EDGE_LOOP($,(#8301,#8302,#8303,#8304,#8305));
#1289=EDGE_LOOP($,(#8306,#8307,#8308,#8309));
#1290=EDGE_LOOP($,(#8310,#8311,#8312,#8313));
#1291=EDGE_LOOP($,(#8314,#8315,#8316,#8317));
#1292=EDGE_LOOP($,(#8318,#8319,#8320,#8321));
#1293=EDGE_LOOP($,(#8322,#8323,#8324,#8325));
#1294=EDGE_LOOP($,(#8326,#8327,#8328,#8329));
#1295=EDGE_LOOP($,(#8330,#8331,#8332,#8333,#8334,#8335));
#1296=EDGE_LOOP($,(#8336,#8337,#8338,#8339,#8340,#8341));
#1297=EDGE_LOOP($,(#8342,#8343,#8344,#8345));
#1298=EDGE_LOOP($,(#8346,#8347,#8348,#8349));
#1299=EDGE_LOOP($,(#8350,#8351,#8352,#8353));
#1300=EDGE_LOOP($,(#8354,#8355,#8356,#8357));
#1301=EDGE_LOOP($,(#8358,#8359,#8360,#8361));
#1302=EDGE_LOOP($,(#8362,#8363,#8364,#8365));
#1303=EDGE_LOOP($,(#8366,#8367,#8368,#8369));
#1304=EDGE_LOOP($,(#8370,#8371,#8372,#8373));
#1305=EDGE_LOOP($,(#8374,#8375,#8376,#8377));
#1306=EDGE_LOOP($,(#8378,#8379,#8380,#8381,#8382,#8383));
#1307=EDGE_LOOP($,(#8384,#8385,#8386,#8387,#8388,#8389));
#1308=EDGE_LOOP($,(#8390,#8391,#8392,#8393,#8394,#8395));
#1309=EDGE_LOOP($,(#8396,#8397,#8398,#8399,#8400,#8401));
#1310=EDGE_LOOP($,(#8402,#8403,#8404,#8405,#8406,#8407));
#1311=EDGE_LOOP($,(#8408,#8409,#8410,#8411));
#1312=EDGE_LOOP($,(#8412,#8413,#8414,#8415));
#1313=EDGE_LOOP($,(#8416,#8417,#8418,#8419));
#1314=EDGE_LOOP($,(#8420,#8421,#8422,#8423));
#1315=EDGE_LOOP($,(#8424,#8425,#8426,#8427));
#1316=EDGE_LOOP($,(#8428,#8429,#8430,#8431));
#1317=EDGE_LOOP($,(#8432,#8433,#8434,#8435));
#1318=EDGE_LOOP($,(#8436,#8437,#8438,#8439));
#1319=EDGE_LOOP($,(#8440,#8441,#8442,#8443));
#1320=EDGE_LOOP($,(#8444,#8445,#8446,#8447,#8448,#8449,#8450,#8451));
#1321=EDGE_LOOP($,(#8452,#8453,#8454,#8455,#8456));
#1322=EDGE_LOOP($,(#8457,#8458,#8459,#8460));
#1323=EDGE_LOOP($,(#8461,#8462,#8463,#8464));
#1324=EDGE_LOOP($,(#8465,#8466,#8467,#8468));
#1325=EDGE_LOOP($,(#8469,#8470,#8471,#8472));
#1326=EDGE_LOOP($,(#8473,#8474,#8475,#8476));
#1327=EDGE_LOOP($,(#8477,#8478,#8479,#8480,#8481,#8482));
#1328=EDGE_LOOP($,(#8483,#8484,#8485,#8486,#8487,#8488));
#1329=EDGE_LOOP($,(#8489,#8490,#8491,#8492));
#1330=EDGE_LOOP($,(#8493,#8494,#8495,#8496));
#1331=EDGE_LOOP($,(#8497,#8498,#8499,#8500));
#1332=EDGE_LOOP($,(#8501,#8502,#8503,#8504,#8505,#8506,#8507,#8508));
#1333=EDGE_LOOP($,(#8509,#8510,#8511,#8512));
#1334=EDGE_LOOP($,(#8513,#8514,#8515,#8516));
#1335=EDGE_LOOP($,(#8517,#8518,#8519,#8520));
#1336=EDGE_LOOP($,(#8521,#8522,#8523,#8524));
#1337=EDGE_LOOP($,(#8525,#8526,#8527,#8528,#8529));
#1338=EDGE_LOOP($,(#8530,#8531,#8532,#8533,#8534,#8535));
#1339=EDGE_LOOP($,(#8536,#8537,#8538,#8539,#8540,#8541));
#1340=EDGE_LOOP($,(#8542,#8543,#8544,#8545));
#1341=EDGE_LOOP($,(#8546,#8547,#8548,#8549));
#1342=EDGE_LOOP($,(#8550,#8551,#8552,#8553,#8554,#8555));
#1343=EDGE_LOOP($,(#8556,#8557,#8558,#8559));
#1344=EDGE_LOOP($,(#8560,#8561,#8562,#8563));
#1345=EDGE_LOOP($,(#8564,#8565,#8566,#8567));
#1346=EDGE_LOOP($,(#8568,#8569,#8570,#8571,#8572,#8573));
#1347=EDGE_LOOP($,(#8574,#8575,#8576,#8577));
#1348=EDGE_LOOP($,(#8578,#8579,#8580,#8581));
#1349=EDGE_LOOP($,(#8582,#8583,#8584,#8585));
#1350=EDGE_LOOP($,(#8586,#8587,#8588,#8589));
#1351=EDGE_LOOP($,(#8590,#8591,#8592,#8593));
#1352=EDGE_LOOP($,(#8594,#8595,#8596,#8597));
#1353=EDGE_LOOP($,(#8598,#8599,#8600,#8601));
#1354=EDGE_LOOP($,(#8602,#8603,#8604,#8605,#8606,#8607));
#1355=EDGE_LOOP($,(#8608,#8609,#8610,#8611,#8612,#8613));
#1356=EDGE_LOOP($,(#8614,#8615,#8616,#8617,#8618,#8619));
#1357=EDGE_LOOP($,(#8620,#8621,#8622,#8623,#8624,#8625));
#1358=EDGE_LOOP($,(#8626,#8627,#8628,#8629));
#1359=EDGE_LOOP($,(#8630,#8631,#8632,#8633));
#1360=EDGE_LOOP($,(#8634,#8635,#8636,#8637,#8638,#8639));
#1361=EDGE_LOOP($,(#8640,#8641,#8642,#8643,#8644,#8645,#8646,#8647,#8648,
#8649,#8650,#8651,#8652));
#1362=EDGE_LOOP($,(#8653,#8654,#8655,#8656));
#1363=EDGE_LOOP($,(#8657,#8658,#8659,#8660,#8661,#8662,#8663,#8664,#8665,
#8666,#8667,#8668,#8669,#8670,#8671,#8672,#8673,#8674,#8675,#8676,#8677,
#8678,#8679,#8680));
#1364=EDGE_LOOP($,(#8681,#8682,#8683,#8684,#8685,#8686,#8687,#8688,#8689,
#8690,#8691,#8692,#8693,#8694,#8695,#8696,#8697,#8698,#8699,#8700,#8701,
#8702,#8703,#8704));
#1365=EDGE_LOOP($,(#8705,#8706,#8707,#8708));
#1366=EDGE_LOOP($,(#8709,#8710,#8711,#8712,#8713,#8714));
#1367=EDGE_LOOP($,(#8715,#8716,#8717,#8718,#8719,#8720,#8721,#8722,#8723,
#8724,#8725,#8726,#8727));
#1368=EDGE_LOOP($,(#8728,#8729,#8730,#8731,#8732,#8733));
#1369=EDGE_LOOP($,(#8734,#8735,#8736,#8737,#8738));
#1370=EDGE_LOOP($,(#8739,#8740,#8741,#8742));
#1371=EDGE_LOOP($,(#8743,#8744,#8745,#8746));
#1372=EDGE_LOOP($,(#8747,#8748,#8749,#8750));
#1373=EDGE_LOOP($,(#8751,#8752,#8753,#8754));
#1374=EDGE_LOOP($,(#8755,#8756,#8757,#8758));
#1375=EDGE_LOOP($,(#8759,#8760,#8761,#8762));
#1376=EDGE_LOOP($,(#8763,#8764,#8765,#8766,#8767,#8768));
#1377=EDGE_LOOP($,(#8769,#8770,#8771,#8772));
#1378=EDGE_LOOP($,(#8773,#8774,#8775,#8776));
#1379=EDGE_LOOP($,(#8777,#8778,#8779,#8780,#8781,#8782,#8783,#8784));
#1380=EDGE_LOOP($,(#8785,#8786,#8787,#8788));
#1381=EDGE_LOOP($,(#8789,#8790,#8791,#8792,#8793,#8794,#8795,#8796));
#1382=EDGE_LOOP($,(#8797,#8798,#8799,#8800,#8801));
#1383=EDGE_LOOP($,(#8802,#8803,#8804,#8805));
#1384=EDGE_LOOP($,(#8806,#8807,#8808,#8809));
#1385=EDGE_LOOP($,(#8810,#8811,#8812,#8813));
#1386=EDGE_LOOP($,(#8814,#8815,#8816,#8817));
#1387=EDGE_LOOP($,(#8818,#8819,#8820,#8821,#8822,#8823));
#1388=EDGE_LOOP($,(#8824,#8825,#8826,#8827));
#1389=EDGE_LOOP($,(#8828,#8829,#8830,#8831));
#1390=EDGE_LOOP($,(#8832,#8833,#8834,#8835));
#1391=EDGE_LOOP($,(#8836,#8837,#8838,#8839));
#1392=EDGE_LOOP($,(#8840,#8841,#8842,#8843,#8844,#8845));
#1393=EDGE_LOOP($,(#8846,#8847,#8848,#8849,#8850,#8851));
#1394=EDGE_LOOP($,(#8852,#8853,#8854,#8855));
#1395=EDGE_LOOP($,(#8856,#8857,#8858,#8859));
#1396=EDGE_LOOP($,(#8860,#8861,#8862,#8863,#8864));
#1397=EDGE_LOOP($,(#8865,#8866,#8867,#8868));
#1398=EDGE_LOOP($,(#8869,#8870,#8871,#8872,#8873));
#1399=EDGE_LOOP($,(#8874,#8875,#8876,#8877,#8878,#8879));
#1400=EDGE_LOOP($,(#8880,#8881,#8882,#8883,#8884));
#1401=EDGE_LOOP($,(#8885,#8886,#8887,#8888));
#1402=EDGE_LOOP($,(#8889,#8890,#8891,#8892,#8893));
#1403=EDGE_LOOP($,(#8894,#8895,#8896,#8897));
#1404=EDGE_LOOP($,(#8898,#8899,#8900,#8901));
#1405=EDGE_LOOP($,(#8902,#8903,#8904,#8905));
#1406=EDGE_LOOP($,(#8906,#8907,#8908,#8909));
#1407=EDGE_LOOP($,(#8910,#8911,#8912,#8913,#8914,#8915));
#1408=EDGE_LOOP($,(#8916,#8917,#8918,#8919));
#1409=EDGE_LOOP($,(#8920,#8921,#8922,#8923));
#1410=EDGE_LOOP($,(#8924,#8925,#8926,#8927));
#1411=EDGE_LOOP($,(#8928,#8929,#8930,#8931));
#1412=EDGE_LOOP($,(#8932,#8933,#8934,#8935));
#1413=EDGE_LOOP($,(#8936,#8937,#8938,#8939));
#1414=EDGE_LOOP($,(#8940,#8941,#8942,#8943,#8944,#8945));
#1415=EDGE_LOOP($,(#8946,#8947,#8948,#8949,#8950,#8951));
#1416=EDGE_LOOP($,(#8952,#8953,#8954,#8955));
#1417=EDGE_LOOP($,(#8956,#8957,#8958,#8959,#8960,#8961,#8962,#8963,#8964,
#8965,#8966,#8967,#8968,#8969,#8970,#8971,#8972,#8973,#8974,#8975,#8976,
#8977,#8978,#8979));
#1418=EDGE_LOOP($,(#8980,#8981,#8982,#8983,#8984,#8985,#8986,#8987,#8988,
#8989,#8990,#8991));
#1419=EDGE_LOOP($,(#8992,#8993,#8994,#8995,#8996,#8997,#8998,#8999,#9000,
#9001,#9002,#9003,#9004,#9005,#9006,#9007,#9008,#9009,#9010,#9011,#9012,
#9013,#9014,#9015,#9016,#9017,#9018,#9019,#9020,#9021,#9022,#9023,#9024,
#9025,#9026,#9027,#9028,#9029,#9030,#9031));
#1420=EDGE_LOOP($,(#9032,#9033,#9034,#9035,#9036,#9037,#9038,#9039,#9040,
#9041,#9042,#9043,#9044,#9045,#9046,#9047,#9048,#9049,#9050,#9051,#9052,
#9053,#9054,#9055));
#1421=EDGE_LOOP($,(#9056,#9057,#9058,#9059,#9060,#9061,#9062,#9063,#9064,
#9065,#9066,#9067,#9068,#9069,#9070,#9071,#9072,#9073,#9074,#9075,#9076,
#9077,#9078,#9079,#9080,#9081,#9082,#9083,#9084,#9085));
#1422=EDGE_LOOP($,(#9086,#9087,#9088,#9089));
#1423=EDGE_LOOP($,(#9090,#9091,#9092,#9093,#9094,#9095,#9096,#9097,#9098));
#1424=EDGE_LOOP($,(#9099,#9100,#9101,#9102));
#1425=EDGE_LOOP($,(#9103,#9104,#9105,#9106));
#1426=EDGE_LOOP($,(#9107,#9108,#9109,#9110));
#1427=EDGE_LOOP($,(#9111,#9112,#9113,#9114,#9115,#9116));
#1428=EDGE_LOOP($,(#9117,#9118,#9119,#9120));
#1429=EDGE_LOOP($,(#9121,#9122,#9123,#9124));
#1430=EDGE_LOOP($,(#9125,#9126,#9127,#9128,#9129,#9130));
#1431=EDGE_LOOP($,(#9131,#9132,#9133,#9134));
#1432=EDGE_LOOP($,(#9135,#9136,#9137,#9138));
#1433=EDGE_LOOP($,(#9139,#9140,#9141,#9142,#9143,#9144));
#1434=EDGE_LOOP($,(#9145,#9146,#9147,#9148));
#1435=EDGE_LOOP($,(#9149,#9150,#9151,#9152,#9153));
#1436=EDGE_LOOP($,(#9154,#9155,#9156,#9157,#9158));
#1437=EDGE_LOOP($,(#9159,#9160,#9161,#9162));
#1438=EDGE_LOOP($,(#9163,#9164,#9165,#9166));
#1439=EDGE_LOOP($,(#9167,#9168,#9169,#9170));
#1440=EDGE_LOOP($,(#9171,#9172,#9173,#9174,#9175,#9176));
#1441=EDGE_LOOP($,(#9177,#9178,#9179,#9180));
#1442=EDGE_LOOP($,(#9181,#9182,#9183,#9184,#9185,#9186,#9187,#9188));
#1443=EDGE_LOOP($,(#9189,#9190,#9191,#9192,#9193,#9194));
#1444=EDGE_LOOP($,(#9195,#9196,#9197,#9198));
#1445=EDGE_LOOP($,(#9199,#9200,#9201));
#1446=EDGE_LOOP($,(#9202,#9203,#9204,#9205));
#1447=EDGE_LOOP($,(#9206,#9207,#9208,#9209,#9210,#9211,#9212,#9213));
#1448=EDGE_LOOP($,(#9214,#9215,#9216,#9217,#9218,#9219,#9220,#9221,#9222));
#1449=EDGE_LOOP($,(#9223,#9224,#9225,#9226,#9227,#9228,#9229,#9230,#9231));
#1450=EDGE_LOOP($,(#9232,#9233,#9234,#9235));
#1451=EDGE_LOOP($,(#9236,#9237,#9238,#9239));
#1452=EDGE_LOOP($,(#9240,#9241,#9242,#9243,#9244,#9245,#9246,#9247,#9248));
#1453=EDGE_LOOP($,(#9249,#9250,#9251,#9252,#9253,#9254,#9255,#9256,#9257));
#1454=EDGE_LOOP($,(#9258,#9259,#9260,#9261));
#1455=EDGE_LOOP($,(#9262,#9263,#9264,#9265));
#1456=EDGE_LOOP($,(#9266,#9267,#9268,#9269,#9270,#9271,#9272,#9273,#9274));
#1457=EDGE_LOOP($,(#9275,#9276,#9277,#9278,#9279,#9280,#9281,#9282,#9283));
#1458=EDGE_LOOP($,(#9284,#9285,#9286,#9287));
#1459=EDGE_LOOP($,(#9288,#9289,#9290,#9291));
#1460=EDGE_LOOP($,(#9292,#9293,#9294,#9295,#9296,#9297));
#1461=EDGE_LOOP($,(#9298,#9299,#9300,#9301));
#1462=EDGE_LOOP($,(#9302,#9303,#9304,#9305));
#1463=EDGE_LOOP($,(#9306,#9307,#9308,#9309));
#1464=EDGE_LOOP($,(#9310,#9311,#9312,#9313));
#1465=EDGE_LOOP($,(#9314,#9315,#9316,#9317));
#1466=EDGE_LOOP($,(#9318,#9319,#9320,#9321));
#1467=EDGE_LOOP($,(#9322,#9323,#9324,#9325));
#1468=EDGE_LOOP($,(#9326,#9327,#9328,#9329));
#1469=EDGE_LOOP($,(#9330,#9331,#9332,#9333));
#1470=EDGE_LOOP($,(#9334,#9335,#9336,#9337,#9338,#9339,#9340,#9341));
#1471=EDGE_LOOP($,(#9342,#9343,#9344,#9345,#9346,#9347,#9348,#9349));
#1472=EDGE_LOOP($,(#9350,#9351,#9352,#9353));
#1473=EDGE_LOOP($,(#9354,#9355,#9356,#9357));
#1474=EDGE_LOOP($,(#9358,#9359,#9360,#9361,#9362,#9363));
#1475=EDGE_LOOP($,(#9364,#9365,#9366,#9367));
#1476=EDGE_LOOP($,(#9368,#9369,#9370,#9371));
#1477=EDGE_LOOP($,(#9372,#9373,#9374,#9375));
#1478=EDGE_LOOP($,(#9376,#9377,#9378,#9379));
#1479=EDGE_LOOP($,(#9380,#9381,#9382,#9383));
#1480=EDGE_LOOP($,(#9384,#9385,#9386,#9387,#9388,#9389,#9390,#9391,#9392));
#1481=EDGE_LOOP($,(#9393,#9394,#9395,#9396));
#1482=EDGE_LOOP($,(#9397,#9398,#9399,#9400));
#1483=EDGE_LOOP($,(#9401,#9402,#9403,#9404,#9405));
#1484=EDGE_LOOP($,(#9406,#9407,#9408,#9409));
#1485=EDGE_LOOP($,(#9410,#9411,#9412,#9413));
#1486=EDGE_LOOP($,(#9414,#9415,#9416,#9417));
#1487=EDGE_LOOP($,(#9418,#9419,#9420,#9421));
#1488=EDGE_LOOP($,(#9422,#9423,#9424,#9425));
#1489=EDGE_LOOP($,(#9426,#9427,#9428,#9429,#9430,#9431));
#1490=EDGE_LOOP($,(#9432,#9433,#9434,#9435,#9436,#9437,#9438,#9439));
#1491=EDGE_LOOP($,(#9440,#9441,#9442,#9443));
#1492=EDGE_LOOP($,(#9444,#9445,#9446,#9447,#9448,#9449));
#1493=EDGE_LOOP($,(#9450,#9451,#9452,#9453,#9454,#9455,#9456,#9457));
#1494=EDGE_LOOP($,(#9458,#9459,#9460,#9461));
#1495=EDGE_LOOP($,(#9462,#9463,#9464));
#1496=EDGE_LOOP($,(#9465,#9466,#9467,#9468,#9469,#9470,#9471,#9472,#9473));
#1497=EDGE_LOOP($,(#9474,#9475,#9476,#9477,#9478,#9479,#9480,#9481,#9482));
#1498=EDGE_LOOP($,(#9483,#9484,#9485,#9486));
#1499=EDGE_LOOP($,(#9487,#9488,#9489,#9490));
#1500=EDGE_LOOP($,(#9491,#9492,#9493,#9494,#9495));
#1501=EDGE_LOOP($,(#9496,#9497,#9498,#9499));
#1502=EDGE_LOOP($,(#9500,#9501,#9502,#9503));
#1503=EDGE_LOOP($,(#9504,#9505,#9506,#9507));
#1504=EDGE_LOOP($,(#9508,#9509,#9510,#9511));
#1505=EDGE_LOOP($,(#9512,#9513,#9514,#9515,#9516,#9517,#9518,#9519,#9520,
#9521,#9522,#9523));
#1506=EDGE_LOOP($,(#9524,#9525,#9526,#9527));
#1507=EDGE_LOOP($,(#9528,#9529,#9530,#9531,#9532,#9533,#9534,#9535,#9536,
#9537,#9538,#9539,#9540,#9541,#9542,#9543,#9544,#9545,#9546,#9547,#9548,
#9549,#9550,#9551));
#1508=LINE($,#13929,#2699);
#1509=LINE($,#13932,#2700);
#1510=LINE($,#13936,#2701);
#1511=LINE($,#13938,#2702);
#1512=LINE($,#13940,#2703);
#1513=LINE($,#13941,#2704);
#1514=LINE($,#13946,#2705);
#1515=LINE($,#13950,#2706);
#1516=LINE($,#13952,#2707);
#1517=LINE($,#13953,#2708);
#1518=LINE($,#13958,#2709);
#1519=LINE($,#13962,#2710);
#1520=LINE($,#13964,#2711);
#1521=LINE($,#13965,#2712);
#1522=LINE($,#13970,#2713);
#1523=LINE($,#13974,#2714);
#1524=LINE($,#13976,#2715);
#1525=LINE($,#13977,#2716);
#1526=LINE($,#13982,#2717);
#1527=LINE($,#13985,#2718);
#1528=LINE($,#13986,#2719);
#1529=LINE($,#13989,#2720);
#1530=LINE($,#13991,#2721);
#1531=LINE($,#13992,#2722);
#1532=LINE($,#13997,#2723);
#1533=LINE($,#14001,#2724);
#1534=LINE($,#14003,#2725);
#1535=LINE($,#14004,#2726);
#1536=LINE($,#14009,#2727);
#1537=LINE($,#14015,#2728);
#1538=LINE($,#14019,#2729);
#1539=LINE($,#14021,#2730);
#1540=LINE($,#14022,#2731);
#1541=LINE($,#14024,#2732);
#1542=LINE($,#14025,#2733);
#1543=LINE($,#14031,#2734);
#1544=LINE($,#14033,#2735);
#1545=LINE($,#14035,#2736);
#1546=LINE($,#14036,#2737);
#1547=LINE($,#14039,#2738);
#1548=LINE($,#14041,#2739);
#1549=LINE($,#14042,#2740);
#1550=LINE($,#14047,#2741);
#1551=LINE($,#14051,#2742);
#1552=LINE($,#14053,#2743);
#1553=LINE($,#14054,#2744);
#1554=LINE($,#14059,#2745);
#1555=LINE($,#14063,#2746);
#1556=LINE($,#14065,#2747);
#1557=LINE($,#14066,#2748);
#1558=LINE($,#14071,#2749);
#1559=LINE($,#14075,#2750);
#1560=LINE($,#14077,#2751);
#1561=LINE($,#14078,#2752);
#1562=LINE($,#14081,#2753);
#1563=LINE($,#14083,#2754);
#1564=LINE($,#14084,#2755);
#1565=LINE($,#14087,#2756);
#1566=LINE($,#14089,#2757);
#1567=LINE($,#14090,#2758);
#1568=LINE($,#14093,#2759);
#1569=LINE($,#14095,#2760);
#1570=LINE($,#14096,#2761);
#1571=LINE($,#14101,#2762);
#1572=LINE($,#14105,#2763);
#1573=LINE($,#14107,#2764);
#1574=LINE($,#14108,#2765);
#1575=LINE($,#14113,#2766);
#1576=LINE($,#14117,#2767);
#1577=LINE($,#14119,#2768);
#1578=LINE($,#14120,#2769);
#1579=LINE($,#14129,#2770);
#1580=LINE($,#14131,#2771);
#1581=LINE($,#14133,#2772);
#1582=LINE($,#14134,#2773);
#1583=LINE($,#14137,#2774);
#1584=LINE($,#14139,#2775);
#1585=LINE($,#14140,#2776);
#1586=LINE($,#14145,#2777);
#1587=LINE($,#14151,#2778);
#1588=LINE($,#14155,#2779);
#1589=LINE($,#14157,#2780);
#1590=LINE($,#14158,#2781);
#1591=LINE($,#14163,#2782);
#1592=LINE($,#14167,#2783);
#1593=LINE($,#14169,#2784);
#1594=LINE($,#14170,#2785);
#1595=LINE($,#14175,#2786);
#1596=LINE($,#14179,#2787);
#1597=LINE($,#14181,#2788);
#1598=LINE($,#14182,#2789);
#1599=LINE($,#14187,#2790);
#1600=LINE($,#14191,#2791);
#1601=LINE($,#14193,#2792);
#1602=LINE($,#14194,#2793);
#1603=LINE($,#14199,#2794);
#1604=LINE($,#14202,#2795);
#1605=LINE($,#14203,#2796);
#1606=LINE($,#14209,#2797);
#1607=LINE($,#14211,#2798);
#1608=LINE($,#14213,#2799);
#1609=LINE($,#14214,#2800);
#1610=LINE($,#14217,#2801);
#1611=LINE($,#14219,#2802);
#1612=LINE($,#14220,#2803);
#1613=LINE($,#14225,#2804);
#1614=LINE($,#14229,#2805);
#1615=LINE($,#14231,#2806);
#1616=LINE($,#14232,#2807);
#1617=LINE($,#14237,#2808);
#1618=LINE($,#14241,#2809);
#1619=LINE($,#14243,#2810);
#1620=LINE($,#14244,#2811);
#1621=LINE($,#14249,#2812);
#1622=LINE($,#14253,#2813);
#1623=LINE($,#14255,#2814);
#1624=LINE($,#14256,#2815);
#1625=LINE($,#14259,#2816);
#1626=LINE($,#14261,#2817);
#1627=LINE($,#14262,#2818);
#1628=LINE($,#14265,#2819);
#1629=LINE($,#14267,#2820);
#1630=LINE($,#14268,#2821);
#1631=LINE($,#14271,#2822);
#1632=LINE($,#14273,#2823);
#1633=LINE($,#14274,#2824);
#1634=LINE($,#14279,#2825);
#1635=LINE($,#14283,#2826);
#1636=LINE($,#14285,#2827);
#1637=LINE($,#14286,#2828);
#1638=LINE($,#14291,#2829);
#1639=LINE($,#14295,#2830);
#1640=LINE($,#14297,#2831);
#1641=LINE($,#14298,#2832);
#1642=LINE($,#14307,#2833);
#1643=LINE($,#14309,#2834);
#1644=LINE($,#14311,#2835);
#1645=LINE($,#14312,#2836);
#1646=LINE($,#14315,#2837);
#1647=LINE($,#14317,#2838);
#1648=LINE($,#14318,#2839);
#1649=LINE($,#14323,#2840);
#1650=LINE($,#14327,#2841);
#1651=LINE($,#14329,#2842);
#1652=LINE($,#14330,#2843);
#1653=LINE($,#14335,#2844);
#1654=LINE($,#14339,#2845);
#1655=LINE($,#14341,#2846);
#1656=LINE($,#14342,#2847);
#1657=LINE($,#14347,#2848);
#1658=LINE($,#14351,#2849);
#1659=LINE($,#14353,#2850);
#1660=LINE($,#14354,#2851);
#1661=LINE($,#14357,#2852);
#1662=LINE($,#14359,#2853);
#1663=LINE($,#14360,#2854);
#1664=LINE($,#14363,#2855);
#1665=LINE($,#14365,#2856);
#1666=LINE($,#14366,#2857);
#1667=LINE($,#14369,#2858);
#1668=LINE($,#14371,#2859);
#1669=LINE($,#14372,#2860);
#1670=LINE($,#14377,#2861);
#1671=LINE($,#14381,#2862);
#1672=LINE($,#14383,#2863);
#1673=LINE($,#14384,#2864);
#1674=LINE($,#14389,#2865);
#1675=LINE($,#14393,#2866);
#1676=LINE($,#14395,#2867);
#1677=LINE($,#14396,#2868);
#1678=LINE($,#14405,#2869);
#1679=LINE($,#14407,#2870);
#1680=LINE($,#14409,#2871);
#1681=LINE($,#14410,#2872);
#1682=LINE($,#14413,#2873);
#1683=LINE($,#14415,#2874);
#1684=LINE($,#14416,#2875);
#1685=LINE($,#14421,#2876);
#1686=LINE($,#14425,#2877);
#1687=LINE($,#14427,#2878);
#1688=LINE($,#14428,#2879);
#1689=LINE($,#14433,#2880);
#1690=LINE($,#14437,#2881);
#1691=LINE($,#14439,#2882);
#1692=LINE($,#14440,#2883);
#1693=LINE($,#14445,#2884);
#1694=LINE($,#14449,#2885);
#1695=LINE($,#14451,#2886);
#1696=LINE($,#14452,#2887);
#1697=LINE($,#14455,#2888);
#1698=LINE($,#14457,#2889);
#1699=LINE($,#14458,#2890);
#1700=LINE($,#14461,#2891);
#1701=LINE($,#14463,#2892);
#1702=LINE($,#14464,#2893);
#1703=LINE($,#14467,#2894);
#1704=LINE($,#14469,#2895);
#1705=LINE($,#14470,#2896);
#1706=LINE($,#14475,#2897);
#1707=LINE($,#14479,#2898);
#1708=LINE($,#14481,#2899);
#1709=LINE($,#14482,#2900);
#1710=LINE($,#14487,#2901);
#1711=LINE($,#14491,#2902);
#1712=LINE($,#14493,#2903);
#1713=LINE($,#14494,#2904);
#1714=LINE($,#14503,#2905);
#1715=LINE($,#14505,#2906);
#1716=LINE($,#14507,#2907);
#1717=LINE($,#14508,#2908);
#1718=LINE($,#14511,#2909);
#1719=LINE($,#14513,#2910);
#1720=LINE($,#14514,#2911);
#1721=LINE($,#14519,#2912);
#1722=LINE($,#14525,#2913);
#1723=LINE($,#14529,#2914);
#1724=LINE($,#14531,#2915);
#1725=LINE($,#14532,#2916);
#1726=LINE($,#14537,#2917);
#1727=LINE($,#14543,#2918);
#1728=LINE($,#14546,#2919);
#1729=LINE($,#14549,#2920);
#1730=LINE($,#14551,#2921);
#1731=LINE($,#14552,#2922);
#1732=LINE($,#14557,#2923);
#1733=LINE($,#14561,#2924);
#1734=LINE($,#14563,#2925);
#1735=LINE($,#14564,#2926);
#1736=LINE($,#14569,#2927);
#1737=LINE($,#14572,#2928);
#1738=LINE($,#14573,#2929);
#1739=LINE($,#14575,#2930);
#1740=LINE($,#14580,#2931);
#1741=LINE($,#14582,#2932);
#1742=LINE($,#14584,#2933);
#1743=LINE($,#14585,#2934);
#1744=LINE($,#14588,#2935);
#1745=LINE($,#14590,#2936);
#1746=LINE($,#14591,#2937);
#1747=LINE($,#14596,#2938);
#1748=LINE($,#14602,#2939);
#1749=LINE($,#14606,#2940);
#1750=LINE($,#14608,#2941);
#1751=LINE($,#14609,#2942);
#1752=LINE($,#14614,#2943);
#1753=LINE($,#14618,#2944);
#1754=LINE($,#14620,#2945);
#1755=LINE($,#14621,#2946);
#1756=LINE($,#14626,#2947);
#1757=LINE($,#14630,#2948);
#1758=LINE($,#14632,#2949);
#1759=LINE($,#14633,#2950);
#1760=LINE($,#14638,#2951);
#1761=LINE($,#14642,#2952);
#1762=LINE($,#14644,#2953);
#1763=LINE($,#14645,#2954);
#1764=LINE($,#14650,#2955);
#1765=LINE($,#14653,#2956);
#1766=LINE($,#14654,#2957);
#1767=LINE($,#14660,#2958);
#1768=LINE($,#14662,#2959);
#1769=LINE($,#14664,#2960);
#1770=LINE($,#14665,#2961);
#1771=LINE($,#14668,#2962);
#1772=LINE($,#14670,#2963);
#1773=LINE($,#14671,#2964);
#1774=LINE($,#14676,#2965);
#1775=LINE($,#14682,#2966);
#1776=LINE($,#14686,#2967);
#1777=LINE($,#14688,#2968);
#1778=LINE($,#14689,#2969);
#1779=LINE($,#14694,#2970);
#1780=LINE($,#14698,#2971);
#1781=LINE($,#14700,#2972);
#1782=LINE($,#14701,#2973);
#1783=LINE($,#14706,#2974);
#1784=LINE($,#14710,#2975);
#1785=LINE($,#14712,#2976);
#1786=LINE($,#14713,#2977);
#1787=LINE($,#14718,#2978);
#1788=LINE($,#14722,#2979);
#1789=LINE($,#14724,#2980);
#1790=LINE($,#14725,#2981);
#1791=LINE($,#14730,#2982);
#1792=LINE($,#14733,#2983);
#1793=LINE($,#14734,#2984);
#1794=LINE($,#14742,#2985);
#1795=LINE($,#14745,#2986);
#1796=LINE($,#14749,#2987);
#1797=LINE($,#14751,#2988);
#1798=LINE($,#14753,#2989);
#1799=LINE($,#14754,#2990);
#1800=LINE($,#14759,#2991);
#1801=LINE($,#14763,#2992);
#1802=LINE($,#14765,#2993);
#1803=LINE($,#14766,#2994);
#1804=LINE($,#14771,#2995);
#1805=LINE($,#14775,#2996);
#1806=LINE($,#14777,#2997);
#1807=LINE($,#14778,#2998);
#1808=LINE($,#14783,#2999);
#1809=LINE($,#14787,#3000);
#1810=LINE($,#14789,#3001);
#1811=LINE($,#14790,#3002);
#1812=LINE($,#14795,#3003);
#1813=LINE($,#14798,#3004);
#1814=LINE($,#14799,#3005);
#1815=LINE($,#14802,#3006);
#1816=LINE($,#14804,#3007);
#1817=LINE($,#14805,#3008);
#1818=LINE($,#14810,#3009);
#1819=LINE($,#14814,#3010);
#1820=LINE($,#14816,#3011);
#1821=LINE($,#14817,#3012);
#1822=LINE($,#14822,#3013);
#1823=LINE($,#14828,#3014);
#1824=LINE($,#14832,#3015);
#1825=LINE($,#14834,#3016);
#1826=LINE($,#14835,#3017);
#1827=LINE($,#14837,#3018);
#1828=LINE($,#14838,#3019);
#1829=LINE($,#14846,#3020);
#1830=LINE($,#14849,#3021);
#1831=LINE($,#14853,#3022);
#1832=LINE($,#14855,#3023);
#1833=LINE($,#14857,#3024);
#1834=LINE($,#14858,#3025);
#1835=LINE($,#14863,#3026);
#1836=LINE($,#14867,#3027);
#1837=LINE($,#14869,#3028);
#1838=LINE($,#14870,#3029);
#1839=LINE($,#14875,#3030);
#1840=LINE($,#14879,#3031);
#1841=LINE($,#14881,#3032);
#1842=LINE($,#14882,#3033);
#1843=LINE($,#14887,#3034);
#1844=LINE($,#14891,#3035);
#1845=LINE($,#14893,#3036);
#1846=LINE($,#14894,#3037);
#1847=LINE($,#14899,#3038);
#1848=LINE($,#14902,#3039);
#1849=LINE($,#14903,#3040);
#1850=LINE($,#14906,#3041);
#1851=LINE($,#14908,#3042);
#1852=LINE($,#14909,#3043);
#1853=LINE($,#14914,#3044);
#1854=LINE($,#14918,#3045);
#1855=LINE($,#14920,#3046);
#1856=LINE($,#14921,#3047);
#1857=LINE($,#14926,#3048);
#1858=LINE($,#14932,#3049);
#1859=LINE($,#14936,#3050);
#1860=LINE($,#14938,#3051);
#1861=LINE($,#14939,#3052);
#1862=LINE($,#14941,#3053);
#1863=LINE($,#14942,#3054);
#1864=LINE($,#14950,#3055);
#1865=LINE($,#14953,#3056);
#1866=LINE($,#14957,#3057);
#1867=LINE($,#14959,#3058);
#1868=LINE($,#14961,#3059);
#1869=LINE($,#14962,#3060);
#1870=LINE($,#14967,#3061);
#1871=LINE($,#14971,#3062);
#1872=LINE($,#14973,#3063);
#1873=LINE($,#14974,#3064);
#1874=LINE($,#14979,#3065);
#1875=LINE($,#14983,#3066);
#1876=LINE($,#14985,#3067);
#1877=LINE($,#14986,#3068);
#1878=LINE($,#14991,#3069);
#1879=LINE($,#14995,#3070);
#1880=LINE($,#14997,#3071);
#1881=LINE($,#14998,#3072);
#1882=LINE($,#15003,#3073);
#1883=LINE($,#15006,#3074);
#1884=LINE($,#15007,#3075);
#1885=LINE($,#15010,#3076);
#1886=LINE($,#15012,#3077);
#1887=LINE($,#15013,#3078);
#1888=LINE($,#15018,#3079);
#1889=LINE($,#15022,#3080);
#1890=LINE($,#15024,#3081);
#1891=LINE($,#15025,#3082);
#1892=LINE($,#15030,#3083);
#1893=LINE($,#15036,#3084);
#1894=LINE($,#15040,#3085);
#1895=LINE($,#15042,#3086);
#1896=LINE($,#15043,#3087);
#1897=LINE($,#15045,#3088);
#1898=LINE($,#15046,#3089);
#1899=LINE($,#15052,#3090);
#1900=LINE($,#15054,#3091);
#1901=LINE($,#15056,#3092);
#1902=LINE($,#15057,#3093);
#1903=LINE($,#15061,#3094);
#1904=LINE($,#15063,#3095);
#1905=LINE($,#15065,#3096);
#1906=LINE($,#15066,#3097);
#1907=LINE($,#15070,#3098);
#1908=LINE($,#15074,#3099);
#1909=LINE($,#15076,#3100);
#1910=LINE($,#15078,#3101);
#1911=LINE($,#15082,#3102);
#1912=LINE($,#15083,#3103);
#1913=LINE($,#15087,#3104);
#1914=LINE($,#15089,#3105);
#1915=LINE($,#15091,#3106);
#1916=LINE($,#15093,#3107);
#1917=LINE($,#15095,#3108);
#1918=LINE($,#15096,#3109);
#1919=LINE($,#15099,#3110);
#1920=LINE($,#15101,#3111);
#1921=LINE($,#15102,#3112);
#1922=LINE($,#15105,#3113);
#1923=LINE($,#15107,#3114);
#1924=LINE($,#15109,#3115);
#1925=LINE($,#15111,#3116);
#1926=LINE($,#15112,#3117);
#1927=LINE($,#15115,#3118);
#1928=LINE($,#15117,#3119);
#1929=LINE($,#15118,#3120);
#1930=LINE($,#15120,#3121);
#1931=LINE($,#15121,#3122);
#1932=LINE($,#15123,#3123);
#1933=LINE($,#15124,#3124);
#1934=LINE($,#15128,#3125);
#1935=LINE($,#15131,#3126);
#1936=LINE($,#15135,#3127);
#1937=LINE($,#15137,#3128);
#1938=LINE($,#15139,#3129);
#1939=LINE($,#15141,#3130);
#1940=LINE($,#15145,#3131);
#1941=LINE($,#15147,#3132);
#1942=LINE($,#15151,#3133);
#1943=LINE($,#15163,#3134);
#1944=LINE($,#15164,#3135);
#1945=LINE($,#15166,#3136);
#1946=LINE($,#15175,#3137);
#1947=LINE($,#15178,#3138);
#1948=LINE($,#15179,#3139);
#1949=LINE($,#15183,#3140);
#1950=LINE($,#15184,#3141);
#1951=LINE($,#15194,#3142);
#1952=LINE($,#15196,#3143);
#1953=LINE($,#15198,#3144);
#1954=LINE($,#15199,#3145);
#1955=LINE($,#15203,#3146);
#1956=LINE($,#15205,#3147);
#1957=LINE($,#15207,#3148);
#1958=LINE($,#15208,#3149);
#1959=LINE($,#15212,#3150);
#1960=LINE($,#15214,#3151);
#1961=LINE($,#15216,#3152);
#1962=LINE($,#15220,#3153);
#1963=LINE($,#15222,#3154);
#1964=LINE($,#15224,#3155);
#1965=LINE($,#15229,#3156);
#1966=LINE($,#15231,#3157);
#1967=LINE($,#15233,#3158);
#1968=LINE($,#15235,#3159);
#1969=LINE($,#15237,#3160);
#1970=LINE($,#15238,#3161);
#1971=LINE($,#15241,#3162);
#1972=LINE($,#15243,#3163);
#1973=LINE($,#15244,#3164);
#1974=LINE($,#15247,#3165);
#1975=LINE($,#15249,#3166);
#1976=LINE($,#15251,#3167);
#1977=LINE($,#15253,#3168);
#1978=LINE($,#15254,#3169);
#1979=LINE($,#15257,#3170);
#1980=LINE($,#15259,#3171);
#1981=LINE($,#15260,#3172);
#1982=LINE($,#15262,#3173);
#1983=LINE($,#15263,#3174);
#1984=LINE($,#15268,#3175);
#1985=LINE($,#15270,#3176);
#1986=LINE($,#15271,#3177);
#1987=LINE($,#15273,#3178);
#1988=LINE($,#15277,#3179);
#1989=LINE($,#15279,#3180);
#1990=LINE($,#15281,#3181);
#1991=LINE($,#15283,#3182);
#1992=LINE($,#15294,#3183);
#1993=LINE($,#15298,#3184);
#1994=LINE($,#15299,#3185);
#1995=LINE($,#15302,#3186);
#1996=LINE($,#15304,#3187);
#1997=LINE($,#15311,#3188);
#1998=LINE($,#15318,#3189);
#1999=LINE($,#15320,#3190);
#2000=LINE($,#15321,#3191);
#2001=LINE($,#15325,#3192);
#2002=LINE($,#15326,#3193);
#2003=LINE($,#15336,#3194);
#2004=LINE($,#15338,#3195);
#2005=LINE($,#15340,#3196);
#2006=LINE($,#15341,#3197);
#2007=LINE($,#15344,#3198);
#2008=LINE($,#15346,#3199);
#2009=LINE($,#15347,#3200);
#2010=LINE($,#15352,#3201);
#2011=LINE($,#15356,#3202);
#2012=LINE($,#15358,#3203);
#2013=LINE($,#15359,#3204);
#2014=LINE($,#15364,#3205);
#2015=LINE($,#15368,#3206);
#2016=LINE($,#15370,#3207);
#2017=LINE($,#15371,#3208);
#2018=LINE($,#15376,#3209);
#2019=LINE($,#15380,#3210);
#2020=LINE($,#15382,#3211);
#2021=LINE($,#15383,#3212);
#2022=LINE($,#15386,#3213);
#2023=LINE($,#15388,#3214);
#2024=LINE($,#15389,#3215);
#2025=LINE($,#15392,#3216);
#2026=LINE($,#15394,#3217);
#2027=LINE($,#15395,#3218);
#2028=LINE($,#15398,#3219);
#2029=LINE($,#15400,#3220);
#2030=LINE($,#15401,#3221);
#2031=LINE($,#15406,#3222);
#2032=LINE($,#15410,#3223);
#2033=LINE($,#15412,#3224);
#2034=LINE($,#15413,#3225);
#2035=LINE($,#15418,#3226);
#2036=LINE($,#15422,#3227);
#2037=LINE($,#15424,#3228);
#2038=LINE($,#15425,#3229);
#2039=LINE($,#15434,#3230);
#2040=LINE($,#15436,#3231);
#2041=LINE($,#15438,#3232);
#2042=LINE($,#15439,#3233);
#2043=LINE($,#15442,#3234);
#2044=LINE($,#15444,#3235);
#2045=LINE($,#15445,#3236);
#2046=LINE($,#15450,#3237);
#2047=LINE($,#15456,#3238);
#2048=LINE($,#15460,#3239);
#2049=LINE($,#15462,#3240);
#2050=LINE($,#15463,#3241);
#2051=LINE($,#15468,#3242);
#2052=LINE($,#15472,#3243);
#2053=LINE($,#15474,#3244);
#2054=LINE($,#15475,#3245);
#2055=LINE($,#15480,#3246);
#2056=LINE($,#15484,#3247);
#2057=LINE($,#15486,#3248);
#2058=LINE($,#15487,#3249);
#2059=LINE($,#15492,#3250);
#2060=LINE($,#15496,#3251);
#2061=LINE($,#15498,#3252);
#2062=LINE($,#15499,#3253);
#2063=LINE($,#15504,#3254);
#2064=LINE($,#15507,#3255);
#2065=LINE($,#15508,#3256);
#2066=LINE($,#15516,#3257);
#2067=LINE($,#15519,#3258);
#2068=LINE($,#15523,#3259);
#2069=LINE($,#15525,#3260);
#2070=LINE($,#15527,#3261);
#2071=LINE($,#15528,#3262);
#2072=LINE($,#15533,#3263);
#2073=LINE($,#15537,#3264);
#2074=LINE($,#15539,#3265);
#2075=LINE($,#15540,#3266);
#2076=LINE($,#15545,#3267);
#2077=LINE($,#15549,#3268);
#2078=LINE($,#15551,#3269);
#2079=LINE($,#15552,#3270);
#2080=LINE($,#15557,#3271);
#2081=LINE($,#15561,#3272);
#2082=LINE($,#15563,#3273);
#2083=LINE($,#15564,#3274);
#2084=LINE($,#15569,#3275);
#2085=LINE($,#15572,#3276);
#2086=LINE($,#15573,#3277);
#2087=LINE($,#15576,#3278);
#2088=LINE($,#15578,#3279);
#2089=LINE($,#15579,#3280);
#2090=LINE($,#15584,#3281);
#2091=LINE($,#15588,#3282);
#2092=LINE($,#15590,#3283);
#2093=LINE($,#15591,#3284);
#2094=LINE($,#15596,#3285);
#2095=LINE($,#15602,#3286);
#2096=LINE($,#15606,#3287);
#2097=LINE($,#15608,#3288);
#2098=LINE($,#15609,#3289);
#2099=LINE($,#15611,#3290);
#2100=LINE($,#15612,#3291);
#2101=LINE($,#15618,#3292);
#2102=LINE($,#15620,#3293);
#2103=LINE($,#15622,#3294);
#2104=LINE($,#15623,#3295);
#2105=LINE($,#15627,#3296);
#2106=LINE($,#15628,#3297);
#2107=LINE($,#15630,#3298);
#2108=LINE($,#15636,#3299);
#2109=LINE($,#15638,#3300);
#2110=LINE($,#15639,#3301);
#2111=LINE($,#15641,#3302);
#2112=LINE($,#15645,#3303);
#2113=LINE($,#15647,#3304);
#2114=LINE($,#15649,#3305);
#2115=LINE($,#15650,#3306);
#2116=LINE($,#15655,#3307);
#2117=LINE($,#15657,#3308);
#2118=LINE($,#15658,#3309);
#2119=LINE($,#15661,#3310);
#2120=LINE($,#15662,#3311);
#2121=LINE($,#15666,#3312);
#2122=LINE($,#15668,#3313);
#2123=LINE($,#15670,#3314);
#2124=LINE($,#15671,#3315);
#2125=LINE($,#15675,#3316);
#2126=LINE($,#15676,#3317);
#2127=LINE($,#15678,#3318);
#2128=LINE($,#15682,#3319);
#2129=LINE($,#15684,#3320);
#2130=LINE($,#15685,#3321);
#2131=LINE($,#15687,#3322);
#2132=LINE($,#15691,#3323);
#2133=LINE($,#15693,#3324);
#2134=LINE($,#15695,#3325);
#2135=LINE($,#15696,#3326);
#2136=LINE($,#15699,#3327);
#2137=LINE($,#15701,#3328);
#2138=LINE($,#15702,#3329);
#2139=LINE($,#15706,#3330);
#2140=LINE($,#15708,#3331);
#2141=LINE($,#15710,#3332);
#2142=LINE($,#15711,#3333);
#2143=LINE($,#15715,#3334);
#2144=LINE($,#15717,#3335);
#2145=LINE($,#15719,#3336);
#2146=LINE($,#15720,#3337);
#2147=LINE($,#15723,#3338);
#2148=LINE($,#15725,#3339);
#2149=LINE($,#15727,#3340);
#2150=LINE($,#15729,#3341);
#2151=LINE($,#15730,#3342);
#2152=LINE($,#15733,#3343);
#2153=LINE($,#15735,#3344);
#2154=LINE($,#15737,#3345);
#2155=LINE($,#15739,#3346);
#2156=LINE($,#15740,#3347);
#2157=LINE($,#15742,#3348);
#2158=LINE($,#15743,#3349);
#2159=LINE($,#15745,#3350);
#2160=LINE($,#15747,#3351);
#2161=LINE($,#15748,#3352);
#2162=LINE($,#15750,#3353);
#2163=LINE($,#15751,#3354);
#2164=LINE($,#15755,#3355);
#2165=LINE($,#15757,#3356);
#2166=LINE($,#15759,#3357);
#2167=LINE($,#15760,#3358);
#2168=LINE($,#15764,#3359);
#2169=LINE($,#15766,#3360);
#2170=LINE($,#15768,#3361);
#2171=LINE($,#15769,#3362);
#2172=LINE($,#15773,#3363);
#2173=LINE($,#15775,#3364);
#2174=LINE($,#15777,#3365);
#2175=LINE($,#15778,#3366);
#2176=LINE($,#15782,#3367);
#2177=LINE($,#15784,#3368);
#2178=LINE($,#15786,#3369);
#2179=LINE($,#15787,#3370);
#2180=LINE($,#15791,#3371);
#2181=LINE($,#15793,#3372);
#2182=LINE($,#15795,#3373);
#2183=LINE($,#15796,#3374);
#2184=LINE($,#15799,#3375);
#2185=LINE($,#15801,#3376);
#2186=LINE($,#15803,#3377);
#2187=LINE($,#15805,#3378);
#2188=LINE($,#15806,#3379);
#2189=LINE($,#15809,#3380);
#2190=LINE($,#15811,#3381);
#2191=LINE($,#15813,#3382);
#2192=LINE($,#15815,#3383);
#2193=LINE($,#15816,#3384);
#2194=LINE($,#15819,#3385);
#2195=LINE($,#15821,#3386);
#2196=LINE($,#15823,#3387);
#2197=LINE($,#15825,#3388);
#2198=LINE($,#15826,#3389);
#2199=LINE($,#15829,#3390);
#2200=LINE($,#15831,#3391);
#2201=LINE($,#15833,#3392);
#2202=LINE($,#15835,#3393);
#2203=LINE($,#15836,#3394);
#2204=LINE($,#15839,#3395);
#2205=LINE($,#15841,#3396);
#2206=LINE($,#15843,#3397);
#2207=LINE($,#15845,#3398);
#2208=LINE($,#15846,#3399);
#2209=LINE($,#15850,#3400);
#2210=LINE($,#15852,#3401);
#2211=LINE($,#15854,#3402);
#2212=LINE($,#15855,#3403);
#2213=LINE($,#15859,#3404);
#2214=LINE($,#15861,#3405);
#2215=LINE($,#15863,#3406);
#2216=LINE($,#15864,#3407);
#2217=LINE($,#15866,#3408);
#2218=LINE($,#15867,#3409);
#2219=LINE($,#15871,#3410);
#2220=LINE($,#15873,#3411);
#2221=LINE($,#15875,#3412);
#2222=LINE($,#15876,#3413);
#2223=LINE($,#15880,#3414);
#2224=LINE($,#15882,#3415);
#2225=LINE($,#15884,#3416);
#2226=LINE($,#15885,#3417);
#2227=LINE($,#15887,#3418);
#2228=LINE($,#15888,#3419);
#2229=LINE($,#15892,#3420);
#2230=LINE($,#15894,#3421);
#2231=LINE($,#15896,#3422);
#2232=LINE($,#15897,#3423);
#2233=LINE($,#15901,#3424);
#2234=LINE($,#15903,#3425);
#2235=LINE($,#15905,#3426);
#2236=LINE($,#15906,#3427);
#2237=LINE($,#15909,#3428);
#2238=LINE($,#15911,#3429);
#2239=LINE($,#15912,#3430);
#2240=LINE($,#15916,#3431);
#2241=LINE($,#15917,#3432);
#2242=LINE($,#15919,#3433);
#2243=LINE($,#15920,#3434);
#2244=LINE($,#15921,#3435);
#2245=LINE($,#15924,#3436);
#2246=LINE($,#15925,#3437);
#2247=LINE($,#15928,#3438);
#2248=LINE($,#15929,#3439);
#2249=LINE($,#15932,#3440);
#2250=LINE($,#15934,#3441);
#2251=LINE($,#15935,#3442);
#2252=LINE($,#15939,#3443);
#2253=LINE($,#15941,#3444);
#2254=LINE($,#15943,#3445);
#2255=LINE($,#15944,#3446);
#2256=LINE($,#15948,#3447);
#2257=LINE($,#15950,#3448);
#2258=LINE($,#15952,#3449);
#2259=LINE($,#15953,#3450);
#2260=LINE($,#15957,#3451);
#2261=LINE($,#15959,#3452);
#2262=LINE($,#15961,#3453);
#2263=LINE($,#15962,#3454);
#2264=LINE($,#15965,#3455);
#2265=LINE($,#15966,#3456);
#2266=LINE($,#15968,#3457);
#2267=LINE($,#15969,#3458);
#2268=LINE($,#15971,#3459);
#2269=LINE($,#15973,#3460);
#2270=LINE($,#15975,#3461);
#2271=LINE($,#15976,#3462);
#2272=LINE($,#15980,#3463);
#2273=LINE($,#15982,#3464);
#2274=LINE($,#15984,#3465);
#2275=LINE($,#15985,#3466);
#2276=LINE($,#15989,#3467);
#2277=LINE($,#15991,#3468);
#2278=LINE($,#15993,#3469);
#2279=LINE($,#15994,#3470);
#2280=LINE($,#15996,#3471);
#2281=LINE($,#15997,#3472);
#2282=LINE($,#16000,#3473);
#2283=LINE($,#16002,#3474);
#2284=LINE($,#16004,#3475);
#2285=LINE($,#16006,#3476);
#2286=LINE($,#16007,#3477);
#2287=LINE($,#16009,#3478);
#2288=LINE($,#16010,#3479);
#2289=LINE($,#16012,#3480);
#2290=LINE($,#16016,#3481);
#2291=LINE($,#16018,#3482);
#2292=LINE($,#16020,#3483);
#2293=LINE($,#16021,#3484);
#2294=LINE($,#16025,#3485);
#2295=LINE($,#16026,#3486);
#2296=LINE($,#16027,#3487);
#2297=LINE($,#16029,#3488);
#2298=LINE($,#16030,#3489);
#2299=LINE($,#16032,#3490);
#2300=LINE($,#16035,#3491);
#2301=LINE($,#16037,#3492);
#2302=LINE($,#16039,#3493);
#2303=LINE($,#16041,#3494);
#2304=LINE($,#16042,#3495);
#2305=LINE($,#16046,#3496);
#2306=LINE($,#16047,#3497);
#2307=LINE($,#16048,#3498);
#2308=LINE($,#16051,#3499);
#2309=LINE($,#16053,#3500);
#2310=LINE($,#16054,#3501);
#2311=LINE($,#16056,#3502);
#2312=LINE($,#16059,#3503);
#2313=LINE($,#16061,#3504);
#2314=LINE($,#16062,#3505);
#2315=LINE($,#16064,#3506);
#2316=LINE($,#16065,#3507);
#2317=LINE($,#16067,#3508);
#2318=LINE($,#16069,#3509);
#2319=LINE($,#16070,#3510);
#2320=LINE($,#16073,#3511);
#2321=LINE($,#16074,#3512);
#2322=LINE($,#16076,#3513);
#2323=LINE($,#16077,#3514);
#2324=LINE($,#16079,#3515);
#2325=LINE($,#16081,#3516);
#2326=LINE($,#16083,#3517);
#2327=LINE($,#16084,#3518);
#2328=LINE($,#16086,#3519);
#2329=LINE($,#16087,#3520);
#2330=LINE($,#16089,#3521);
#2331=LINE($,#16091,#3522);
#2332=LINE($,#16093,#3523);
#2333=LINE($,#16094,#3524);
#2334=LINE($,#16096,#3525);
#2335=LINE($,#16097,#3526);
#2336=LINE($,#16101,#3527);
#2337=LINE($,#16102,#3528);
#2338=LINE($,#16104,#3529);
#2339=LINE($,#16105,#3530);
#2340=LINE($,#16109,#3531);
#2341=LINE($,#16111,#3532);
#2342=LINE($,#16113,#3533);
#2343=LINE($,#16115,#3534);
#2344=LINE($,#16117,#3535);
#2345=LINE($,#16119,#3536);
#2346=LINE($,#16121,#3537);
#2347=LINE($,#16123,#3538);
#2348=LINE($,#16125,#3539);
#2349=LINE($,#16126,#3540);
#2350=LINE($,#16127,#3541);
#2351=LINE($,#16130,#3542);
#2352=LINE($,#16132,#3543);
#2353=LINE($,#16134,#3544);
#2354=LINE($,#16136,#3545);
#2355=LINE($,#16138,#3546);
#2356=LINE($,#16140,#3547);
#2357=LINE($,#16142,#3548);
#2358=LINE($,#16143,#3549);
#2359=LINE($,#16147,#3550);
#2360=LINE($,#16149,#3551);
#2361=LINE($,#16151,#3552);
#2362=LINE($,#16152,#3553);
#2363=LINE($,#16156,#3554);
#2364=LINE($,#16157,#3555);
#2365=LINE($,#16159,#3556);
#2366=LINE($,#16161,#3557);
#2367=LINE($,#16162,#3558);
#2368=LINE($,#16165,#3559);
#2369=LINE($,#16167,#3560);
#2370=LINE($,#16169,#3561);
#2371=LINE($,#16171,#3562);
#2372=LINE($,#16173,#3563);
#2373=LINE($,#16175,#3564);
#2374=LINE($,#16177,#3565);
#2375=LINE($,#16179,#3566);
#2376=LINE($,#16181,#3567);
#2377=LINE($,#16183,#3568);
#2378=LINE($,#16185,#3569);
#2379=LINE($,#16186,#3570);
#2380=LINE($,#16189,#3571);
#2381=LINE($,#16191,#3572);
#2382=LINE($,#16193,#3573);
#2383=LINE($,#16195,#3574);
#2384=LINE($,#16196,#3575);
#2385=LINE($,#16199,#3576);
#2386=LINE($,#16201,#3577);
#2387=LINE($,#16203,#3578);
#2388=LINE($,#16204,#3579);
#2389=LINE($,#16208,#3580);
#2390=LINE($,#16209,#3581);
#2391=LINE($,#16210,#3582);
#2392=LINE($,#16213,#3583);
#2393=LINE($,#16215,#3584);
#2394=LINE($,#16216,#3585);
#2395=LINE($,#16219,#3586);
#2396=LINE($,#16221,#3587);
#2397=LINE($,#16222,#3588);
#2398=LINE($,#16226,#3589);
#2399=LINE($,#16228,#3590);
#2400=LINE($,#16230,#3591);
#2401=LINE($,#16231,#3592);
#2402=LINE($,#16234,#3593);
#2403=LINE($,#16236,#3594);
#2404=LINE($,#16237,#3595);
#2405=LINE($,#16240,#3596);
#2406=LINE($,#16241,#3597);
#2407=LINE($,#16244,#3598);
#2408=LINE($,#16245,#3599);
#2409=LINE($,#16246,#3600);
#2410=LINE($,#16249,#3601);
#2411=LINE($,#16250,#3602);
#2412=LINE($,#16252,#3603);
#2413=LINE($,#16255,#3604);
#2414=LINE($,#16257,#3605);
#2415=LINE($,#16259,#3606);
#2416=LINE($,#16260,#3607);
#2417=LINE($,#16264,#3608);
#2418=LINE($,#16266,#3609);
#2419=LINE($,#16268,#3610);
#2420=LINE($,#16269,#3611);
#2421=LINE($,#16272,#3612);
#2422=LINE($,#16274,#3613);
#2423=LINE($,#16275,#3614);
#2424=LINE($,#16277,#3615);
#2425=LINE($,#16278,#3616);
#2426=LINE($,#16281,#3617);
#2427=LINE($,#16283,#3618);
#2428=LINE($,#16285,#3619);
#2429=LINE($,#16286,#3620);
#2430=LINE($,#16288,#3621);
#2431=LINE($,#16290,#3622);
#2432=LINE($,#16292,#3623);
#2433=LINE($,#16294,#3624);
#2434=LINE($,#16295,#3625);
#2435=LINE($,#16298,#3626);
#2436=LINE($,#16300,#3627);
#2437=LINE($,#16301,#3628);
#2438=LINE($,#16308,#3629);
#2439=LINE($,#16311,#3630);
#2440=LINE($,#16313,#3631);
#2441=LINE($,#16314,#3632);
#2442=LINE($,#16317,#3633);
#2443=LINE($,#16319,#3634);
#2444=LINE($,#16320,#3635);
#2445=LINE($,#16322,#3636);
#2446=LINE($,#16323,#3637);
#2447=LINE($,#16325,#3638);
#2448=LINE($,#16326,#3639);
#2449=LINE($,#16331,#3640);
#2450=LINE($,#16333,#3641);
#2451=LINE($,#16334,#3642);
#2452=LINE($,#16337,#3643);
#2453=LINE($,#16338,#3644);
#2454=LINE($,#16340,#3645);
#2455=LINE($,#16344,#3646);
#2456=LINE($,#16346,#3647);
#2457=LINE($,#16348,#3648);
#2458=LINE($,#16350,#3649);
#2459=LINE($,#16352,#3650);
#2460=LINE($,#16353,#3651);
#2461=LINE($,#16357,#3652);
#2462=LINE($,#16360,#3653);
#2463=LINE($,#16361,#3654);
#2464=LINE($,#16366,#3655);
#2465=LINE($,#16367,#3656);
#2466=LINE($,#16369,#3657);
#2467=LINE($,#16371,#3658);
#2468=LINE($,#16374,#3659);
#2469=LINE($,#16376,#3660);
#2470=LINE($,#16377,#3661);
#2471=LINE($,#16381,#3662);
#2472=LINE($,#16383,#3663);
#2473=LINE($,#16385,#3664);
#2474=LINE($,#16386,#3665);
#2475=LINE($,#16389,#3666);
#2476=LINE($,#16391,#3667);
#2477=LINE($,#16393,#3668);
#2478=LINE($,#16395,#3669);
#2479=LINE($,#16396,#3670);
#2480=LINE($,#16399,#3671);
#2481=LINE($,#16400,#3672);
#2482=LINE($,#16404,#3673);
#2483=LINE($,#16405,#3674);
#2484=LINE($,#16406,#3675);
#2485=LINE($,#16408,#3676);
#2486=LINE($,#16410,#3677);
#2487=LINE($,#16411,#3678);
#2488=LINE($,#16414,#3679);
#2489=LINE($,#16415,#3680);
#2490=LINE($,#16417,#3681);
#2491=LINE($,#16419,#3682);
#2492=LINE($,#16420,#3683);
#2493=LINE($,#16423,#3684);
#2494=LINE($,#16425,#3685);
#2495=LINE($,#16426,#3686);
#2496=LINE($,#16427,#3687);
#2497=LINE($,#16429,#3688);
#2498=LINE($,#16430,#3689);
#2499=LINE($,#16431,#3690);
#2500=LINE($,#16432,#3691);
#2501=LINE($,#16433,#3692);
#2502=LINE($,#16435,#3693);
#2503=LINE($,#16440,#3694);
#2504=LINE($,#16442,#3695);
#2505=LINE($,#16444,#3696);
#2506=LINE($,#16445,#3697);
#2507=LINE($,#16451,#3698);
#2508=LINE($,#16453,#3699);
#2509=LINE($,#16455,#3700);
#2510=LINE($,#16459,#3701);
#2511=LINE($,#16462,#3702);
#2512=LINE($,#16463,#3703);
#2513=LINE($,#16466,#3704);
#2514=LINE($,#16468,#3705);
#2515=LINE($,#16469,#3706);
#2516=LINE($,#16472,#3707);
#2517=LINE($,#16474,#3708);
#2518=LINE($,#16475,#3709);
#2519=LINE($,#16478,#3710);
#2520=LINE($,#16480,#3711);
#2521=LINE($,#16481,#3712);
#2522=LINE($,#16484,#3713);
#2523=LINE($,#16485,#3714);
#2524=LINE($,#16489,#3715);
#2525=LINE($,#16491,#3716);
#2526=LINE($,#16493,#3717);
#2527=LINE($,#16494,#3718);
#2528=LINE($,#16498,#3719);
#2529=LINE($,#16500,#3720);
#2530=LINE($,#16502,#3721);
#2531=LINE($,#16503,#3722);
#2532=LINE($,#16506,#3723);
#2533=LINE($,#16507,#3724);
#2534=LINE($,#16509,#3725);
#2535=LINE($,#16510,#3726);
#2536=LINE($,#16514,#3727);
#2537=LINE($,#16516,#3728);
#2538=LINE($,#16518,#3729);
#2539=LINE($,#16519,#3730);
#2540=LINE($,#16523,#3731);
#2541=LINE($,#16525,#3732);
#2542=LINE($,#16527,#3733);
#2543=LINE($,#16528,#3734);
#2544=LINE($,#16531,#3735);
#2545=LINE($,#16532,#3736);
#2546=LINE($,#16534,#3737);
#2547=LINE($,#16535,#3738);
#2548=LINE($,#16539,#3739);
#2549=LINE($,#16541,#3740);
#2550=LINE($,#16543,#3741);
#2551=LINE($,#16544,#3742);
#2552=LINE($,#16547,#3743);
#2553=LINE($,#16549,#3744);
#2554=LINE($,#16551,#3745);
#2555=LINE($,#16552,#3746);
#2556=LINE($,#16558,#3747);
#2557=LINE($,#16561,#3748);
#2558=LINE($,#16565,#3749);
#2559=LINE($,#16567,#3750);
#2560=LINE($,#16568,#3751);
#2561=LINE($,#16572,#3752);
#2562=LINE($,#16574,#3753);
#2563=LINE($,#16576,#3754);
#2564=LINE($,#16577,#3755);
#2565=LINE($,#16579,#3756);
#2566=LINE($,#16580,#3757);
#2567=LINE($,#16584,#3758);
#2568=LINE($,#16585,#3759);
#2569=LINE($,#16587,#3760);
#2570=LINE($,#16589,#3761);
#2571=LINE($,#16590,#3762);
#2572=LINE($,#16594,#3763);
#2573=LINE($,#16595,#3764);
#2574=LINE($,#16596,#3765);
#2575=LINE($,#16599,#3766);
#2576=LINE($,#16601,#3767);
#2577=LINE($,#16603,#3768);
#2578=LINE($,#16604,#3769);
#2579=LINE($,#16607,#3770);
#2580=LINE($,#16608,#3771);
#2581=LINE($,#16609,#3772);
#2582=LINE($,#16612,#3773);
#2583=LINE($,#16613,#3774);
#2584=LINE($,#16618,#3775);
#2585=LINE($,#16619,#3776);
#2586=LINE($,#16621,#3777);
#2587=LINE($,#16624,#3778);
#2588=LINE($,#16626,#3779);
#2589=LINE($,#16627,#3780);
#2590=LINE($,#16630,#3781);
#2591=LINE($,#16635,#3782);
#2592=LINE($,#16640,#3783);
#2593=LINE($,#16644,#3784);
#2594=LINE($,#16647,#3785);
#2595=LINE($,#16648,#3786);
#2596=LINE($,#16650,#3787);
#2597=LINE($,#16651,#3788);
#2598=LINE($,#16654,#3789);
#2599=LINE($,#16659,#3790);
#2600=LINE($,#16664,#3791);
#2601=LINE($,#16668,#3792);
#2602=LINE($,#16671,#3793);
#2603=LINE($,#16672,#3794);
#2604=LINE($,#16674,#3795);
#2605=LINE($,#16675,#3796);
#2606=LINE($,#16678,#3797);
#2607=LINE($,#16683,#3798);
#2608=LINE($,#16689,#3799);
#2609=LINE($,#16693,#3800);
#2610=LINE($,#16695,#3801);
#2611=LINE($,#16697,#3802);
#2612=LINE($,#16698,#3803);
#2613=LINE($,#16700,#3804);
#2614=LINE($,#16701,#3805);
#2615=LINE($,#16703,#3806);
#2616=LINE($,#16715,#3807);
#2617=LINE($,#16717,#3808);
#2618=LINE($,#16719,#3809);
#2619=LINE($,#16721,#3810);
#2620=LINE($,#16722,#3811);
#2621=LINE($,#16725,#3812);
#2622=LINE($,#16727,#3813);
#2623=LINE($,#16729,#3814);
#2624=LINE($,#16730,#3815);
#2625=LINE($,#16733,#3816);
#2626=LINE($,#16734,#3817);
#2627=LINE($,#16738,#3818);
#2628=LINE($,#16740,#3819);
#2629=LINE($,#16742,#3820);
#2630=LINE($,#16743,#3821);
#2631=LINE($,#16747,#3822);
#2632=LINE($,#16749,#3823);
#2633=LINE($,#16750,#3824);
#2634=LINE($,#16752,#3825);
#2635=LINE($,#16753,#3826);
#2636=LINE($,#16756,#3827);
#2637=LINE($,#16759,#3828);
#2638=LINE($,#16763,#3829);
#2639=LINE($,#16764,#3830);
#2640=LINE($,#16769,#3831);
#2641=LINE($,#16772,#3832);
#2642=LINE($,#16774,#3833);
#2643=LINE($,#16776,#3834);
#2644=LINE($,#16778,#3835);
#2645=LINE($,#16782,#3836);
#2646=LINE($,#16784,#3837);
#2647=LINE($,#16786,#3838);
#2648=LINE($,#16787,#3839);
#2649=LINE($,#16790,#3840);
#2650=LINE($,#16792,#3841);
#2651=LINE($,#16794,#3842);
#2652=LINE($,#16795,#3843);
#2653=LINE($,#16801,#3844);
#2654=LINE($,#16803,#3845);
#2655=LINE($,#16806,#3846);
#2656=LINE($,#16808,#3847);
#2657=LINE($,#16809,#3848);
#2658=LINE($,#16812,#3849);
#2659=LINE($,#16814,#3850);
#2660=LINE($,#16815,#3851);
#2661=LINE($,#16818,#3852);
#2662=LINE($,#16820,#3853);
#2663=LINE($,#16821,#3854);
#2664=LINE($,#16824,#3855);
#2665=LINE($,#16826,#3856);
#2666=LINE($,#16827,#3857);
#2667=LINE($,#16830,#3858);
#2668=LINE($,#16832,#3859);
#2669=LINE($,#16833,#3860);
#2670=LINE($,#16836,#3861);
#2671=LINE($,#16838,#3862);
#2672=LINE($,#16840,#3863);
#2673=LINE($,#16841,#3864);
#2674=LINE($,#16844,#3865);
#2675=LINE($,#16845,#3866);
#2676=LINE($,#16847,#3867);
#2677=LINE($,#16848,#3868);
#2678=LINE($,#16851,#3869);
#2679=LINE($,#16853,#3870);
#2680=LINE($,#16854,#3871);
#2681=LINE($,#16857,#3872);
#2682=LINE($,#16858,#3873);
#2683=LINE($,#16862,#3874);
#2684=LINE($,#16866,#3875);
#2685=LINE($,#16870,#3876);
#2686=LINE($,#16873,#3877);
#2687=LINE($,#16876,#3878);
#2688=LINE($,#16880,#3879);
#2689=LINE($,#16883,#3880);
#2690=LINE($,#16884,#3881);
#2691=LINE($,#16886,#3882);
#2692=LINE($,#16887,#3883);
#2693=LINE($,#16889,#3884);
#2694=LINE($,#16894,#3885);
#2695=LINE($,#16895,#3886);
#2696=LINE($,#16897,#3887);
#2697=LINE($,#16899,#3888);
#2698=LINE($,#16901,#3889);
#2699=VECTOR($,#11096,0.02);
#2700=VECTOR($,#11099,0.02);
#2701=VECTOR($,#11102,0.115);
#2702=VECTOR($,#11103,0.02);
#2703=VECTOR($,#11104,0.115);
#2704=VECTOR($,#11105,0.02);
#2705=VECTOR($,#11110,0.02);
#2706=VECTOR($,#11115,0.00921320343559645);
#2707=VECTOR($,#11116,0.02);
#2708=VECTOR($,#11117,0.00921320343559645);
#2709=VECTOR($,#11122,0.02);
#2710=VECTOR($,#11127,0.00954163056034203);
#2711=VECTOR($,#11128,0.02);
#2712=VECTOR($,#11129,0.00954163056034203);
#2713=VECTOR($,#11134,0.02);
#2714=VECTOR($,#11139,0.0096086465454066);
#2715=VECTOR($,#11140,0.02);
#2716=VECTOR($,#11141,0.0096086465454066);
#2717=VECTOR($,#11146,0.02);
#2718=VECTOR($,#11151,0.0490064175967875);
#2719=VECTOR($,#11152,0.0490064175967875);
#2720=VECTOR($,#11155,0.004449747468306);
#2721=VECTOR($,#11156,0.02);
#2722=VECTOR($,#11157,0.004449747468306);
#2723=VECTOR($,#11162,0.02);
#2724=VECTOR($,#11167,0.035207106781186);
#2725=VECTOR($,#11168,0.02);
#2726=VECTOR($,#11169,0.035207106781186);
#2727=VECTOR($,#11174,0.02);
#2728=VECTOR($,#11181,0.02);
#2729=VECTOR($,#11186,0.158562255064551);
#2730=VECTOR($,#11187,0.02);
#2731=VECTOR($,#11188,0.158562255064551);
#2732=VECTOR($,#11191,0.03);
#2733=VECTOR($,#11192,0.03);
#2734=VECTOR($,#11199,0.055);
#2735=VECTOR($,#11200,0.02);
#2736=VECTOR($,#11201,0.055);
#2737=VECTOR($,#11202,0.02);
#2738=VECTOR($,#11205,0.012);
#2739=VECTOR($,#11206,0.02);
#2740=VECTOR($,#11207,0.012);
#2741=VECTOR($,#11212,0.02);
#2742=VECTOR($,#11217,0.028);
#2743=VECTOR($,#11218,0.02);
#2744=VECTOR($,#11219,0.028);
#2745=VECTOR($,#11224,0.02);
#2746=VECTOR($,#11229,0.0382842712474622);
#2747=VECTOR($,#11230,0.02);
#2748=VECTOR($,#11231,0.0382842712474622);
#2749=VECTOR($,#11236,0.02);
#2750=VECTOR($,#11241,0.100857864376269);
#2751=VECTOR($,#11242,0.02);
#2752=VECTOR($,#11243,0.100857864376269);
#2753=VECTOR($,#11246,0.042);
#2754=VECTOR($,#11247,0.02);
#2755=VECTOR($,#11248,0.042);
#2756=VECTOR($,#11251,0.142);
#2757=VECTOR($,#11252,0.02);
#2758=VECTOR($,#11253,0.142);
#2759=VECTOR($,#11256,0.0264822085271769);
#2760=VECTOR($,#11257,0.02);
#2761=VECTOR($,#11258,0.0264822085271769);
#2762=VECTOR($,#11263,0.02);
#2763=VECTOR($,#11268,0.00994784484902288);
#2764=VECTOR($,#11269,0.02);
#2765=VECTOR($,#11270,0.00994784484902288);
#2766=VECTOR($,#11275,0.02);
#2767=VECTOR($,#11280,0.0103080560649699);
#2768=VECTOR($,#11281,0.02);
#2769=VECTOR($,#11282,0.0103080560649699);
#2770=VECTOR($,#11295,0.0325);
#2771=VECTOR($,#11296,0.02);
#2772=VECTOR($,#11297,0.0325);
#2773=VECTOR($,#11298,0.02);
#2774=VECTOR($,#11301,0.043364367672207);
#2775=VECTOR($,#11302,0.02);
#2776=VECTOR($,#11303,0.043364367672207);
#2777=VECTOR($,#11308,0.02);
#2778=VECTOR($,#11315,0.02);
#2779=VECTOR($,#11320,0.021729109529321);
#2780=VECTOR($,#11321,0.02);
#2781=VECTOR($,#11322,0.021729109529321);
#2782=VECTOR($,#11327,0.02);
#2783=VECTOR($,#11332,0.00519615242270663);
#2784=VECTOR($,#11333,0.02);
#2785=VECTOR($,#11334,0.00519615242270663);
#2786=VECTOR($,#11339,0.02);
#2787=VECTOR($,#11344,0.015);
#2788=VECTOR($,#11345,0.02);
#2789=VECTOR($,#11346,0.015);
#2790=VECTOR($,#11351,0.02);
#2791=VECTOR($,#11356,0.00519615242270662);
#2792=VECTOR($,#11357,0.02);
#2793=VECTOR($,#11358,0.00519615242270662);
#2794=VECTOR($,#11363,0.02);
#2795=VECTOR($,#11368,0.0042320508075689);
#2796=VECTOR($,#11369,0.0042320508075689);
#2797=VECTOR($,#11376,0.055);
#2798=VECTOR($,#11377,0.02);
#2799=VECTOR($,#11378,0.055);
#2800=VECTOR($,#11379,0.02);
#2801=VECTOR($,#11382,0.012);
#2802=VECTOR($,#11383,0.02);
#2803=VECTOR($,#11384,0.012);
#2804=VECTOR($,#11389,0.02);
#2805=VECTOR($,#11394,0.028);
#2806=VECTOR($,#11395,0.02);
#2807=VECTOR($,#11396,0.028);
#2808=VECTOR($,#11401,0.02);
#2809=VECTOR($,#11406,0.0382842712474622);
#2810=VECTOR($,#11407,0.02);
#2811=VECTOR($,#11408,0.0382842712474622);
#2812=VECTOR($,#11413,0.02);
#2813=VECTOR($,#11418,0.100857864376269);
#2814=VECTOR($,#11419,0.02);
#2815=VECTOR($,#11420,0.100857864376269);
#2816=VECTOR($,#11423,0.042);
#2817=VECTOR($,#11424,0.02);
#2818=VECTOR($,#11425,0.042);
#2819=VECTOR($,#11428,0.142);
#2820=VECTOR($,#11429,0.02);
#2821=VECTOR($,#11430,0.142);
#2822=VECTOR($,#11433,0.0264822085271769);
#2823=VECTOR($,#11434,0.02);
#2824=VECTOR($,#11435,0.0264822085271769);
#2825=VECTOR($,#11440,0.02);
#2826=VECTOR($,#11445,0.00994784484902288);
#2827=VECTOR($,#11446,0.02);
#2828=VECTOR($,#11447,0.00994784484902288);
#2829=VECTOR($,#11452,0.02);
#2830=VECTOR($,#11457,0.0103080560649699);
#2831=VECTOR($,#11458,0.02);
#2832=VECTOR($,#11459,0.0103080560649699);
#2833=VECTOR($,#11472,0.055);
#2834=VECTOR($,#11473,0.02);
#2835=VECTOR($,#11474,0.055);
#2836=VECTOR($,#11475,0.02);
#2837=VECTOR($,#11478,0.012);
#2838=VECTOR($,#11479,0.02);
#2839=VECTOR($,#11480,0.012);
#2840=VECTOR($,#11485,0.02);
#2841=VECTOR($,#11490,0.028);
#2842=VECTOR($,#11491,0.02);
#2843=VECTOR($,#11492,0.028);
#2844=VECTOR($,#11497,0.02);
#2845=VECTOR($,#11502,0.0382842712474622);
#2846=VECTOR($,#11503,0.02);
#2847=VECTOR($,#11504,0.0382842712474622);
#2848=VECTOR($,#11509,0.02);
#2849=VECTOR($,#11514,0.100857864376269);
#2850=VECTOR($,#11515,0.02);
#2851=VECTOR($,#11516,0.100857864376269);
#2852=VECTOR($,#11519,0.042);
#2853=VECTOR($,#11520,0.02);
#2854=VECTOR($,#11521,0.042);
#2855=VECTOR($,#11524,0.142);
#2856=VECTOR($,#11525,0.02);
#2857=VECTOR($,#11526,0.142);
#2858=VECTOR($,#11529,0.0264822085271769);
#2859=VECTOR($,#11530,0.02);
#2860=VECTOR($,#11531,0.0264822085271769);
#2861=VECTOR($,#11536,0.02);
#2862=VECTOR($,#11541,0.00994784484902288);
#2863=VECTOR($,#11542,0.02);
#2864=VECTOR($,#11543,0.00994784484902288);
#2865=VECTOR($,#11548,0.02);
#2866=VECTOR($,#11553,0.0103080560649699);
#2867=VECTOR($,#11554,0.02);
#2868=VECTOR($,#11555,0.0103080560649699);
#2869=VECTOR($,#11568,0.055);
#2870=VECTOR($,#11569,0.02);
#2871=VECTOR($,#11570,0.055);
#2872=VECTOR($,#11571,0.02);
#2873=VECTOR($,#11574,0.012);
#2874=VECTOR($,#11575,0.02);
#2875=VECTOR($,#11576,0.012);
#2876=VECTOR($,#11581,0.02);
#2877=VECTOR($,#11586,0.028);
#2878=VECTOR($,#11587,0.02);
#2879=VECTOR($,#11588,0.028);
#2880=VECTOR($,#11593,0.02);
#2881=VECTOR($,#11598,0.0382842712474622);
#2882=VECTOR($,#11599,0.02);
#2883=VECTOR($,#11600,0.0382842712474622);
#2884=VECTOR($,#11605,0.02);
#2885=VECTOR($,#11610,0.100857864376269);
#2886=VECTOR($,#11611,0.02);
#2887=VECTOR($,#11612,0.100857864376269);
#2888=VECTOR($,#11615,0.042);
#2889=VECTOR($,#11616,0.02);
#2890=VECTOR($,#11617,0.042);
#2891=VECTOR($,#11620,0.142);
#2892=VECTOR($,#11621,0.02);
#2893=VECTOR($,#11622,0.142);
#2894=VECTOR($,#11625,0.0264822085271769);
#2895=VECTOR($,#11626,0.02);
#2896=VECTOR($,#11627,0.0264822085271769);
#2897=VECTOR($,#11632,0.02);
#2898=VECTOR($,#11637,0.00994784484902288);
#2899=VECTOR($,#11638,0.02);
#2900=VECTOR($,#11639,0.00994784484902288);
#2901=VECTOR($,#11644,0.02);
#2902=VECTOR($,#11649,0.0103080560649699);
#2903=VECTOR($,#11650,0.02);
#2904=VECTOR($,#11651,0.0103080560649699);
#2905=VECTOR($,#11664,0.0325);
#2906=VECTOR($,#11665,0.02);
#2907=VECTOR($,#11666,0.0325);
#2908=VECTOR($,#11667,0.02);
#2909=VECTOR($,#11670,0.043364367672207);
#2910=VECTOR($,#11671,0.02);
#2911=VECTOR($,#11672,0.043364367672207);
#2912=VECTOR($,#11677,0.02);
#2913=VECTOR($,#11684,0.02);
#2914=VECTOR($,#11689,0.021729109529321);
#2915=VECTOR($,#11690,0.02);
#2916=VECTOR($,#11691,0.021729109529321);
#2917=VECTOR($,#11696,0.02);
#2918=VECTOR($,#11703,0.02);
#2919=VECTOR($,#11706,0.02);
#2920=VECTOR($,#11709,0.015);
#2921=VECTOR($,#11710,0.02);
#2922=VECTOR($,#11711,0.015);
#2923=VECTOR($,#11716,0.02);
#2924=VECTOR($,#11721,0.00519615242270662);
#2925=VECTOR($,#11722,0.02);
#2926=VECTOR($,#11723,0.00519615242270662);
#2927=VECTOR($,#11728,0.02);
#2928=VECTOR($,#11733,0.0042320508075689);
#2929=VECTOR($,#11734,0.0042320508075689);
#2930=VECTOR($,#11737,0.00519615242270663);
#2931=VECTOR($,#11742,0.0325);
#2932=VECTOR($,#11743,0.02);
#2933=VECTOR($,#11744,0.0325);
#2934=VECTOR($,#11745,0.02);
#2935=VECTOR($,#11748,0.043364367672207);
#2936=VECTOR($,#11749,0.02);
#2937=VECTOR($,#11750,0.043364367672207);
#2938=VECTOR($,#11755,0.02);
#2939=VECTOR($,#11762,0.02);
#2940=VECTOR($,#11767,0.021729109529321);
#2941=VECTOR($,#11768,0.02);
#2942=VECTOR($,#11769,0.021729109529321);
#2943=VECTOR($,#11774,0.02);
#2944=VECTOR($,#11779,0.00519615242270663);
#2945=VECTOR($,#11780,0.02);
#2946=VECTOR($,#11781,0.00519615242270663);
#2947=VECTOR($,#11786,0.02);
#2948=VECTOR($,#11791,0.015);
#2949=VECTOR($,#11792,0.02);
#2950=VECTOR($,#11793,0.015);
#2951=VECTOR($,#11798,0.02);
#2952=VECTOR($,#11803,0.00519615242270662);
#2953=VECTOR($,#11804,0.02);
#2954=VECTOR($,#11805,0.00519615242270662);
#2955=VECTOR($,#11810,0.02);
#2956=VECTOR($,#11815,0.0042320508075689);
#2957=VECTOR($,#11816,0.0042320508075689);
#2958=VECTOR($,#11823,0.0325);
#2959=VECTOR($,#11824,0.02);
#2960=VECTOR($,#11825,0.0325);
#2961=VECTOR($,#11826,0.02);
#2962=VECTOR($,#11829,0.043364367672207);
#2963=VECTOR($,#11830,0.02);
#2964=VECTOR($,#11831,0.043364367672207);
#2965=VECTOR($,#11836,0.02);
#2966=VECTOR($,#11843,0.02);
#2967=VECTOR($,#11848,0.021729109529321);
#2968=VECTOR($,#11849,0.02);
#2969=VECTOR($,#11850,0.021729109529321);
#2970=VECTOR($,#11855,0.02);
#2971=VECTOR($,#11860,0.00519615242270663);
#2972=VECTOR($,#11861,0.02);
#2973=VECTOR($,#11862,0.00519615242270663);
#2974=VECTOR($,#11867,0.02);
#2975=VECTOR($,#11872,0.015);
#2976=VECTOR($,#11873,0.02);
#2977=VECTOR($,#11874,0.015);
#2978=VECTOR($,#11879,0.02);
#2979=VECTOR($,#11884,0.00519615242270662);
#2980=VECTOR($,#11885,0.02);
#2981=VECTOR($,#11886,0.00519615242270662);
#2982=VECTOR($,#11891,0.02);
#2983=VECTOR($,#11896,0.0042320508075689);
#2984=VECTOR($,#11897,0.0042320508075689);
#2985=VECTOR($,#11906,0.02);
#2986=VECTOR($,#11909,0.02);
#2987=VECTOR($,#11912,0.115);
#2988=VECTOR($,#11913,0.02);
#2989=VECTOR($,#11914,0.115);
#2990=VECTOR($,#11915,0.02);
#2991=VECTOR($,#11920,0.02);
#2992=VECTOR($,#11925,0.00921320343559645);
#2993=VECTOR($,#11926,0.02);
#2994=VECTOR($,#11927,0.00921320343559645);
#2995=VECTOR($,#11932,0.02);
#2996=VECTOR($,#11937,0.00954163056034203);
#2997=VECTOR($,#11938,0.02);
#2998=VECTOR($,#11939,0.00954163056034203);
#2999=VECTOR($,#11944,0.02);
#3000=VECTOR($,#11949,0.0096086465454066);
#3001=VECTOR($,#11950,0.02);
#3002=VECTOR($,#11951,0.0096086465454066);
#3003=VECTOR($,#11956,0.02);
#3004=VECTOR($,#11961,0.0490064175967875);
#3005=VECTOR($,#11962,0.0490064175967875);
#3006=VECTOR($,#11965,0.004449747468306);
#3007=VECTOR($,#11966,0.02);
#3008=VECTOR($,#11967,0.004449747468306);
#3009=VECTOR($,#11972,0.02);
#3010=VECTOR($,#11977,0.035207106781186);
#3011=VECTOR($,#11978,0.02);
#3012=VECTOR($,#11979,0.035207106781186);
#3013=VECTOR($,#11984,0.02);
#3014=VECTOR($,#11991,0.02);
#3015=VECTOR($,#11996,0.158562255064551);
#3016=VECTOR($,#11997,0.02);
#3017=VECTOR($,#11998,0.158562255064551);
#3018=VECTOR($,#12001,0.03);
#3019=VECTOR($,#12002,0.03);
#3020=VECTOR($,#12011,0.02);
#3021=VECTOR($,#12014,0.02);
#3022=VECTOR($,#12017,0.115);
#3023=VECTOR($,#12018,0.02);
#3024=VECTOR($,#12019,0.115);
#3025=VECTOR($,#12020,0.02);
#3026=VECTOR($,#12025,0.02);
#3027=VECTOR($,#12030,0.00921320343559645);
#3028=VECTOR($,#12031,0.02);
#3029=VECTOR($,#12032,0.00921320343559645);
#3030=VECTOR($,#12037,0.02);
#3031=VECTOR($,#12042,0.00954163056034203);
#3032=VECTOR($,#12043,0.02);
#3033=VECTOR($,#12044,0.00954163056034203);
#3034=VECTOR($,#12049,0.02);
#3035=VECTOR($,#12054,0.0096086465454066);
#3036=VECTOR($,#12055,0.02);
#3037=VECTOR($,#12056,0.0096086465454066);
#3038=VECTOR($,#12061,0.02);
#3039=VECTOR($,#12066,0.0490064175967875);
#3040=VECTOR($,#12067,0.0490064175967875);
#3041=VECTOR($,#12070,0.004449747468306);
#3042=VECTOR($,#12071,0.02);
#3043=VECTOR($,#12072,0.004449747468306);
#3044=VECTOR($,#12077,0.02);
#3045=VECTOR($,#12082,0.035207106781186);
#3046=VECTOR($,#12083,0.02);
#3047=VECTOR($,#12084,0.035207106781186);
#3048=VECTOR($,#12089,0.02);
#3049=VECTOR($,#12096,0.02);
#3050=VECTOR($,#12101,0.158562255064551);
#3051=VECTOR($,#12102,0.02);
#3052=VECTOR($,#12103,0.158562255064551);
#3053=VECTOR($,#12106,0.03);
#3054=VECTOR($,#12107,0.03);
#3055=VECTOR($,#12116,0.02);
#3056=VECTOR($,#12119,0.02);
#3057=VECTOR($,#12122,0.115);
#3058=VECTOR($,#12123,0.02);
#3059=VECTOR($,#12124,0.115);
#3060=VECTOR($,#12125,0.02);
#3061=VECTOR($,#12130,0.02);
#3062=VECTOR($,#12135,0.00921320343559645);
#3063=VECTOR($,#12136,0.02);
#3064=VECTOR($,#12137,0.00921320343559645);
#3065=VECTOR($,#12142,0.02);
#3066=VECTOR($,#12147,0.00954163056034203);
#3067=VECTOR($,#12148,0.02);
#3068=VECTOR($,#12149,0.00954163056034203);
#3069=VECTOR($,#12154,0.02);
#3070=VECTOR($,#12159,0.0096086465454066);
#3071=VECTOR($,#12160,0.02);
#3072=VECTOR($,#12161,0.0096086465454066);
#3073=VECTOR($,#12166,0.02);
#3074=VECTOR($,#12171,0.0490064175967875);
#3075=VECTOR($,#12172,0.0490064175967875);
#3076=VECTOR($,#12175,0.004449747468306);
#3077=VECTOR($,#12176,0.02);
#3078=VECTOR($,#12177,0.004449747468306);
#3079=VECTOR($,#12182,0.02);
#3080=VECTOR($,#12187,0.035207106781186);
#3081=VECTOR($,#12188,0.02);
#3082=VECTOR($,#12189,0.035207106781186);
#3083=VECTOR($,#12194,0.02);
#3084=VECTOR($,#12201,0.02);
#3085=VECTOR($,#12206,0.158562255064551);
#3086=VECTOR($,#12207,0.02);
#3087=VECTOR($,#12208,0.158562255064551);
#3088=VECTOR($,#12211,0.03);
#3089=VECTOR($,#12212,0.03);
#3090=VECTOR($,#12219,0.00616859351332301);
#3091=VECTOR($,#12220,0.02);
#3092=VECTOR($,#12221,0.00616859351332301);
#3093=VECTOR($,#12222,0.02);
#3094=VECTOR($,#12225,0.02);
#3095=VECTOR($,#12226,0.0330000000000001);
#3096=VECTOR($,#12227,0.02);
#3097=VECTOR($,#12228,0.0330000000000001);
#3098=VECTOR($,#12231,0.025);
#3099=VECTOR($,#12234,0.11);
#3100=VECTOR($,#12235,0.02);
#3101=VECTOR($,#12236,0.11);
#3102=VECTOR($,#12239,0.025);
#3103=VECTOR($,#12240,0.02);
#3104=VECTOR($,#12243,0.011);
#3105=VECTOR($,#12244,0.00707106781186546);
#3106=VECTOR($,#12245,0.00999999999999998);
#3107=VECTOR($,#12246,0.00707106781186546);
#3108=VECTOR($,#12247,0.011);
#3109=VECTOR($,#12248,0.02);
#3110=VECTOR($,#12251,0.142);
#3111=VECTOR($,#12252,0.00999999999999998);
#3112=VECTOR($,#12253,0.142);
#3113=VECTOR($,#12256,0.00707106781186546);
#3114=VECTOR($,#12257,0.044999999999999);
#3115=VECTOR($,#12258,0.02);
#3116=VECTOR($,#12259,0.044999999999999);
#3117=VECTOR($,#12260,0.00707106781186546);
#3118=VECTOR($,#12263,0.117);
#3119=VECTOR($,#12264,0.02);
#3120=VECTOR($,#12265,0.117);
#3121=VECTOR($,#12268,0.233);
#3122=VECTOR($,#12269,0.233);
#3123=VECTOR($,#12272,0.142);
#3124=VECTOR($,#12273,0.1);
#3125=VECTOR($,#12276,0.11);
#3126=VECTOR($,#12281,0.142);
#3127=VECTOR($,#12284,0.11);
#3128=VECTOR($,#12287,0.1);
#3129=VECTOR($,#12290,0.02);
#3130=VECTOR($,#12293,0.02);
#3131=VECTOR($,#12298,0.1);
#3132=VECTOR($,#12299,0.11);
#3133=VECTOR($,#12302,0.00616859351332299);
#3134=VECTOR($,#12317,0.11);
#3135=VECTOR($,#12318,0.02);
#3136=VECTOR($,#12321,0.1);
#3137=VECTOR($,#12330,0.00616859351332299);
#3138=VECTOR($,#12335,0.02);
#3139=VECTOR($,#12336,0.02);
#3140=VECTOR($,#12343,0.02);
#3141=VECTOR($,#12344,0.02);
#3142=VECTOR($,#12359,0.00616859351332301);
#3143=VECTOR($,#12360,0.02);
#3144=VECTOR($,#12361,0.00616859351332301);
#3145=VECTOR($,#12362,0.02);
#3146=VECTOR($,#12365,0.02);
#3147=VECTOR($,#12366,0.0330000000000001);
#3148=VECTOR($,#12367,0.02);
#3149=VECTOR($,#12368,0.0330000000000001);
#3150=VECTOR($,#12371,0.025);
#3151=VECTOR($,#12372,0.02);
#3152=VECTOR($,#12373,0.025);
#3153=VECTOR($,#12376,0.11);
#3154=VECTOR($,#12377,0.02);
#3155=VECTOR($,#12378,0.11);
#3156=VECTOR($,#12383,0.011);
#3157=VECTOR($,#12384,0.02);
#3158=VECTOR($,#12385,0.011);
#3159=VECTOR($,#12386,0.00707106781186538);
#3160=VECTOR($,#12387,0.01);
#3161=VECTOR($,#12388,0.00707106781186554);
#3162=VECTOR($,#12391,0.142);
#3163=VECTOR($,#12392,0.01);
#3164=VECTOR($,#12393,0.142);
#3165=VECTOR($,#12396,0.0070710678118654);
#3166=VECTOR($,#12397,0.044999999999999);
#3167=VECTOR($,#12398,0.02);
#3168=VECTOR($,#12399,0.044999999999999);
#3169=VECTOR($,#12400,0.00707106781186548);
#3170=VECTOR($,#12403,0.117);
#3171=VECTOR($,#12404,0.117);
#3172=VECTOR($,#12405,0.02);
#3173=VECTOR($,#12408,0.233);
#3174=VECTOR($,#12409,0.233);
#3175=VECTOR($,#12414,0.11);
#3176=VECTOR($,#12417,0.1);
#3177=VECTOR($,#12418,0.142);
#3178=VECTOR($,#12421,0.1);
#3179=VECTOR($,#12424,0.11);
#3180=VECTOR($,#12427,0.142);
#3181=VECTOR($,#12430,0.02);
#3182=VECTOR($,#12433,0.02);
#3183=VECTOR($,#12446,0.00616859351332299);
#3184=VECTOR($,#12449,0.11);
#3185=VECTOR($,#12450,0.1);
#3186=VECTOR($,#12453,0.02);
#3187=VECTOR($,#12454,0.11);
#3188=VECTOR($,#12463,0.00616859351332299);
#3189=VECTOR($,#12472,0.1);
#3190=VECTOR($,#12475,0.02);
#3191=VECTOR($,#12476,0.02);
#3192=VECTOR($,#12483,0.02);
#3193=VECTOR($,#12484,0.02);
#3194=VECTOR($,#12499,0.055);
#3195=VECTOR($,#12500,0.0200000000000001);
#3196=VECTOR($,#12501,0.055);
#3197=VECTOR($,#12502,0.0200000000000001);
#3198=VECTOR($,#12505,0.012);
#3199=VECTOR($,#12506,0.0200000000000001);
#3200=VECTOR($,#12507,0.012);
#3201=VECTOR($,#12512,0.0200000000000001);
#3202=VECTOR($,#12517,0.028);
#3203=VECTOR($,#12518,0.0200000000000001);
#3204=VECTOR($,#12519,0.028);
#3205=VECTOR($,#12524,0.0200000000000001);
#3206=VECTOR($,#12529,0.0382842712474622);
#3207=VECTOR($,#12530,0.0200000000000001);
#3208=VECTOR($,#12531,0.0382842712474622);
#3209=VECTOR($,#12536,0.0200000000000001);
#3210=VECTOR($,#12541,0.100857864376269);
#3211=VECTOR($,#12542,0.0200000000000001);
#3212=VECTOR($,#12543,0.100857864376269);
#3213=VECTOR($,#12546,0.042);
#3214=VECTOR($,#12547,0.0200000000000001);
#3215=VECTOR($,#12548,0.042);
#3216=VECTOR($,#12551,0.142);
#3217=VECTOR($,#12552,0.0200000000000001);
#3218=VECTOR($,#12553,0.142);
#3219=VECTOR($,#12556,0.0264822085271769);
#3220=VECTOR($,#12557,0.0200000000000001);
#3221=VECTOR($,#12558,0.0264822085271769);
#3222=VECTOR($,#12563,0.0200000000000001);
#3223=VECTOR($,#12568,0.00994784484902288);
#3224=VECTOR($,#12569,0.0200000000000001);
#3225=VECTOR($,#12570,0.00994784484902288);
#3226=VECTOR($,#12575,0.0200000000000001);
#3227=VECTOR($,#12580,0.0103080560649699);
#3228=VECTOR($,#12581,0.0200000000000001);
#3229=VECTOR($,#12582,0.0103080560649699);
#3230=VECTOR($,#12595,0.0325);
#3231=VECTOR($,#12596,0.0200000000000001);
#3232=VECTOR($,#12597,0.0325);
#3233=VECTOR($,#12598,0.0200000000000001);
#3234=VECTOR($,#12601,0.043364367672207);
#3235=VECTOR($,#12602,0.0200000000000001);
#3236=VECTOR($,#12603,0.043364367672207);
#3237=VECTOR($,#12608,0.0200000000000001);
#3238=VECTOR($,#12615,0.0200000000000001);
#3239=VECTOR($,#12620,0.021729109529321);
#3240=VECTOR($,#12621,0.0200000000000001);
#3241=VECTOR($,#12622,0.021729109529321);
#3242=VECTOR($,#12627,0.0200000000000001);
#3243=VECTOR($,#12632,0.00519615242270663);
#3244=VECTOR($,#12633,0.0200000000000001);
#3245=VECTOR($,#12634,0.00519615242270663);
#3246=VECTOR($,#12639,0.0200000000000001);
#3247=VECTOR($,#12644,0.015);
#3248=VECTOR($,#12645,0.0200000000000001);
#3249=VECTOR($,#12646,0.015);
#3250=VECTOR($,#12651,0.0200000000000001);
#3251=VECTOR($,#12656,0.00519615242270662);
#3252=VECTOR($,#12657,0.0200000000000001);
#3253=VECTOR($,#12658,0.00519615242270662);
#3254=VECTOR($,#12663,0.0200000000000001);
#3255=VECTOR($,#12668,0.0042320508075689);
#3256=VECTOR($,#12669,0.0042320508075689);
#3257=VECTOR($,#12678,0.0200000000000001);
#3258=VECTOR($,#12681,0.0200000000000001);
#3259=VECTOR($,#12684,0.115);
#3260=VECTOR($,#12685,0.0200000000000001);
#3261=VECTOR($,#12686,0.115);
#3262=VECTOR($,#12687,0.0200000000000001);
#3263=VECTOR($,#12692,0.0200000000000001);
#3264=VECTOR($,#12697,0.00921320343559645);
#3265=VECTOR($,#12698,0.0200000000000001);
#3266=VECTOR($,#12699,0.00921320343559645);
#3267=VECTOR($,#12704,0.0200000000000001);
#3268=VECTOR($,#12709,0.00954163056034203);
#3269=VECTOR($,#12710,0.0200000000000001);
#3270=VECTOR($,#12711,0.00954163056034203);
#3271=VECTOR($,#12716,0.0200000000000001);
#3272=VECTOR($,#12721,0.0096086465454066);
#3273=VECTOR($,#12722,0.0200000000000001);
#3274=VECTOR($,#12723,0.0096086465454066);
#3275=VECTOR($,#12728,0.0200000000000001);
#3276=VECTOR($,#12733,0.0490064175967875);
#3277=VECTOR($,#12734,0.0490064175967875);
#3278=VECTOR($,#12737,0.004449747468306);
#3279=VECTOR($,#12738,0.0200000000000001);
#3280=VECTOR($,#12739,0.004449747468306);
#3281=VECTOR($,#12744,0.0200000000000001);
#3282=VECTOR($,#12749,0.035207106781186);
#3283=VECTOR($,#12750,0.0200000000000001);
#3284=VECTOR($,#12751,0.035207106781186);
#3285=VECTOR($,#12756,0.0200000000000001);
#3286=VECTOR($,#12763,0.0200000000000001);
#3287=VECTOR($,#12768,0.158562255064551);
#3288=VECTOR($,#12769,0.0200000000000001);
#3289=VECTOR($,#12770,0.158562255064551);
#3290=VECTOR($,#12773,0.03);
#3291=VECTOR($,#12774,0.03);
#3292=VECTOR($,#12781,0.042);
#3293=VECTOR($,#12782,0.03);
#3294=VECTOR($,#12783,0.042);
#3295=VECTOR($,#12784,0.03);
#3296=VECTOR($,#12787,0.00813068228783098);
#3297=VECTOR($,#12788,0.04);
#3298=VECTOR($,#12789,0.0225029412782484);
#3299=VECTOR($,#12796,0.0225029412782484);
#3300=VECTOR($,#12797,0.04);
#3301=VECTOR($,#12798,0.00813068228783098);
#3302=VECTOR($,#12801,0.03);
#3303=VECTOR($,#12804,0.042);
#3304=VECTOR($,#12805,0.03);
#3305=VECTOR($,#12806,0.042);
#3306=VECTOR($,#12807,0.03);
#3307=VECTOR($,#12812,0.0225029412782484);
#3308=VECTOR($,#12813,0.04);
#3309=VECTOR($,#12814,0.00813068228783098);
#3310=VECTOR($,#12817,0.04);
#3311=VECTOR($,#12818,0.03);
#3312=VECTOR($,#12821,0.042);
#3313=VECTOR($,#12822,0.0299999999999999);
#3314=VECTOR($,#12823,0.042);
#3315=VECTOR($,#12824,0.0299999999999999);
#3316=VECTOR($,#12827,0.00813068228783098);
#3317=VECTOR($,#12828,0.04);
#3318=VECTOR($,#12829,0.0225029412782484);
#3319=VECTOR($,#12834,0.04);
#3320=VECTOR($,#12835,0.04);
#3321=VECTOR($,#12836,0.042);
#3322=VECTOR($,#12839,0.0299999999999999);
#3323=VECTOR($,#12842,0.04);
#3324=VECTOR($,#12843,0.045);
#3325=VECTOR($,#12844,0.04);
#3326=VECTOR($,#12845,0.045);
#3327=VECTOR($,#12848,0.042);
#3328=VECTOR($,#12849,0.04);
#3329=VECTOR($,#12850,0.042);
#3330=VECTOR($,#12853,0.0113137084989848);
#3331=VECTOR($,#12854,0.142);
#3332=VECTOR($,#12855,0.0113137084989848);
#3333=VECTOR($,#12856,0.142);
#3334=VECTOR($,#12859,0.0113137084989847);
#3335=VECTOR($,#12860,0.142);
#3336=VECTOR($,#12861,0.0113137084989848);
#3337=VECTOR($,#12862,0.142);
#3338=VECTOR($,#12865,0.275);
#3339=VECTOR($,#12866,0.041999999999999);
#3340=VECTOR($,#12867,0.117);
#3341=VECTOR($,#12868,0.233);
#3342=VECTOR($,#12869,0.025);
#3343=VECTOR($,#12872,0.041999999999999);
#3344=VECTOR($,#12873,0.275);
#3345=VECTOR($,#12874,0.025);
#3346=VECTOR($,#12875,0.233);
#3347=VECTOR($,#12876,0.117);
#3348=VECTOR($,#12879,0.02);
#3349=VECTOR($,#12880,0.02);
#3350=VECTOR($,#12883,0.02);
#3351=VECTOR($,#12886,0.02);
#3352=VECTOR($,#12887,0.02);
#3353=VECTOR($,#12890,0.02);
#3354=VECTOR($,#12891,0.02);
#3355=VECTOR($,#12894,0.011313708498984);
#3356=VECTOR($,#12895,0.142);
#3357=VECTOR($,#12896,0.0113137084989848);
#3358=VECTOR($,#12897,0.142);
#3359=VECTOR($,#12900,0.0113137084989848);
#3360=VECTOR($,#12901,0.142);
#3361=VECTOR($,#12902,0.0113137084989848);
#3362=VECTOR($,#12903,0.142);
#3363=VECTOR($,#12906,0.0113137084989848);
#3364=VECTOR($,#12907,0.142);
#3365=VECTOR($,#12908,0.0113137084989848);
#3366=VECTOR($,#12909,0.142);
#3367=VECTOR($,#12912,0.0113137084989848);
#3368=VECTOR($,#12913,0.142);
#3369=VECTOR($,#12914,0.0113137084989848);
#3370=VECTOR($,#12915,0.142);
#3371=VECTOR($,#12918,0.011313708498984);
#3372=VECTOR($,#12919,0.142);
#3373=VECTOR($,#12920,0.0113137084989848);
#3374=VECTOR($,#12921,0.142);
#3375=VECTOR($,#12924,0.024);
#3376=VECTOR($,#12925,0.042);
#3377=VECTOR($,#12926,0.165);
#3378=VECTOR($,#12927,0.018);
#3379=VECTOR($,#12928,0.0230000000000008);
#3380=VECTOR($,#12931,0.042);
#3381=VECTOR($,#12932,0.024);
#3382=VECTOR($,#12933,0.0230000000000008);
#3383=VECTOR($,#12934,0.018);
#3384=VECTOR($,#12935,0.165);
#3385=VECTOR($,#12938,0.024);
#3386=VECTOR($,#12939,0.042);
#3387=VECTOR($,#12940,0.165);
#3388=VECTOR($,#12941,0.018);
#3389=VECTOR($,#12942,0.0230000000000008);
#3390=VECTOR($,#12945,0.042);
#3391=VECTOR($,#12946,0.024);
#3392=VECTOR($,#12947,0.0230000000000008);
#3393=VECTOR($,#12948,0.018);
#3394=VECTOR($,#12949,0.165);
#3395=VECTOR($,#12952,0.024);
#3396=VECTOR($,#12953,0.042);
#3397=VECTOR($,#12954,0.165);
#3398=VECTOR($,#12955,0.018);
#3399=VECTOR($,#12956,0.0230000000000008);
#3400=VECTOR($,#12959,0.043824748035468);
#3401=VECTOR($,#12960,0.245);
#3402=VECTOR($,#12961,0.026374391753598);
#3403=VECTOR($,#12962,0.28);
#3404=VECTOR($,#12965,0.043824748035468);
#3405=VECTOR($,#12966,0.28);
#3406=VECTOR($,#12967,0.026374391753598);
#3407=VECTOR($,#12968,0.245);
#3408=VECTOR($,#12971,0.025);
#3409=VECTOR($,#12972,0.025);
#3410=VECTOR($,#12975,0.043824748035468);
#3411=VECTOR($,#12976,0.245);
#3412=VECTOR($,#12977,0.026374391753598);
#3413=VECTOR($,#12978,0.28);
#3414=VECTOR($,#12981,0.043824748035468);
#3415=VECTOR($,#12982,0.28);
#3416=VECTOR($,#12983,0.026374391753598);
#3417=VECTOR($,#12984,0.245);
#3418=VECTOR($,#12987,0.0249999999999999);
#3419=VECTOR($,#12988,0.0249999999999999);
#3420=VECTOR($,#12991,0.043824748035468);
#3421=VECTOR($,#12992,0.28);
#3422=VECTOR($,#12993,0.026374391753598);
#3423=VECTOR($,#12994,0.245);
#3424=VECTOR($,#12997,0.0141421356237311);
#3425=VECTOR($,#12998,0.11);
#3426=VECTOR($,#12999,0.0141421356237311);
#3427=VECTOR($,#13000,0.11);
#3428=VECTOR($,#13003,0.19);
#3429=VECTOR($,#13004,0.19);
#3430=VECTOR($,#13005,0.11);
#3431=VECTOR($,#13008,0.11);
#3432=VECTOR($,#13009,0.108);
#3433=VECTOR($,#13010,0.043);
#3434=VECTOR($,#13011,0.045);
#3435=VECTOR($,#13012,0.023);
#3436=VECTOR($,#13015,0.2);
#3437=VECTOR($,#13016,0.118);
#3438=VECTOR($,#13019,0.023);
#3439=VECTOR($,#13020,0.04);
#3440=VECTOR($,#13023,0.0249999999999991);
#3441=VECTOR($,#13024,0.0249999999999991);
#3442=VECTOR($,#13025,0.0230000000000008);
#3443=VECTOR($,#13028,0.0574999999999999);
#3444=VECTOR($,#13029,0.0230000000000008);
#3445=VECTOR($,#13030,0.0574999999999999);
#3446=VECTOR($,#13031,0.0230000000000008);
#3447=VECTOR($,#13034,0.0113137084989848);
#3448=VECTOR($,#13035,0.142);
#3449=VECTOR($,#13036,0.0113137084989848);
#3450=VECTOR($,#13037,0.142);
#3451=VECTOR($,#13040,0.0113137084989847);
#3452=VECTOR($,#13041,0.142);
#3453=VECTOR($,#13042,0.0113137084989848);
#3454=VECTOR($,#13043,0.142);
#3455=VECTOR($,#13046,0.018);
#3456=VECTOR($,#13047,0.024);
#3457=VECTOR($,#13048,0.042);
#3458=VECTOR($,#13049,0.165);
#3459=VECTOR($,#13052,0.024);
#3460=VECTOR($,#13053,0.018);
#3461=VECTOR($,#13054,0.165);
#3462=VECTOR($,#13055,0.042);
#3463=VECTOR($,#13058,0.0438247480354681);
#3464=VECTOR($,#13059,0.245);
#3465=VECTOR($,#13060,0.026374391753598);
#3466=VECTOR($,#13061,0.28);
#3467=VECTOR($,#13064,0.043824748035468);
#3468=VECTOR($,#13065,0.28);
#3469=VECTOR($,#13066,0.026374391753598);
#3470=VECTOR($,#13067,0.245);
#3471=VECTOR($,#13070,0.025);
#3472=VECTOR($,#13071,0.025);
#3473=VECTOR($,#13074,0.0513743917535979);
#3474=VECTOR($,#13075,0.0438247480354681);
#3475=VECTOR($,#13076,0.245);
#3476=VECTOR($,#13077,0.078);
#3477=VECTOR($,#13078,0.08);
#3478=VECTOR($,#13081,0.0425);
#3479=VECTOR($,#13082,0.0425);
#3480=VECTOR($,#13085,0.0425);
#3481=VECTOR($,#13088,0.0899999999999999);
#3482=VECTOR($,#13089,0.05);
#3483=VECTOR($,#13090,0.0899999999999999);
#3484=VECTOR($,#13091,0.05);
#3485=VECTOR($,#13094,0.05);
#3486=VECTOR($,#13095,0.075);
#3487=VECTOR($,#13096,0.075);
#3488=VECTOR($,#13099,0.0170000000000001);
#3489=VECTOR($,#13100,0.0250000000000001);
#3490=VECTOR($,#13103,0.00899999999999852);
#3491=VECTOR($,#13106,0.0240000000000002);
#3492=VECTOR($,#13107,0.0670000000000002);
#3493=VECTOR($,#13108,0.45);
#3494=VECTOR($,#13109,0.043);
#3495=VECTOR($,#13110,0.4);
#3496=VECTOR($,#13113,0.4);
#3497=VECTOR($,#13114,0.02);
#3498=VECTOR($,#13115,0.02);
#3499=VECTOR($,#13118,0.418);
#3500=VECTOR($,#13119,0.418);
#3501=VECTOR($,#13120,0.0230000000000001);
#3502=VECTOR($,#13123,0.107);
#3503=VECTOR($,#13126,0.132);
#3504=VECTOR($,#13127,0.132000000000001);
#3505=VECTOR($,#13128,0.4);
#3506=VECTOR($,#13131,0.025);
#3507=VECTOR($,#13132,0.025);
#3508=VECTOR($,#13135,0.025);
#3509=VECTOR($,#13138,0.00899999999999903);
#3510=VECTOR($,#13139,0.0249999999999991);
#3511=VECTOR($,#13144,0.025);
#3512=VECTOR($,#13145,0.025);
#3513=VECTOR($,#13148,0.025);
#3514=VECTOR($,#13149,0.025);
#3515=VECTOR($,#13152,0.025);
#3516=VECTOR($,#13155,0.025);
#3517=VECTOR($,#13158,0.024999999999999);
#3518=VECTOR($,#13159,0.024999999999999);
#3519=VECTOR($,#13162,0.025);
#3520=VECTOR($,#13163,0.025);
#3521=VECTOR($,#13166,0.0090000000000004);
#3522=VECTOR($,#13169,0.00900000000000008);
#3523=VECTOR($,#13172,0.00899999999999904);
#3524=VECTOR($,#13173,0.024999999999999);
#3525=VECTOR($,#13176,0.009);
#3526=VECTOR($,#13177,0.025);
#3527=VECTOR($,#13184,0.0614999999999999);
#3528=VECTOR($,#13185,0.0774999999999999);
#3529=VECTOR($,#13188,0.0614999999999999);
#3530=VECTOR($,#13189,0.155);
#3531=VECTOR($,#13194,0.31);
#3532=VECTOR($,#13195,0.08);
#3533=VECTOR($,#13196,0.045);
#3534=VECTOR($,#13197,0.0225029412782484);
#3535=VECTOR($,#13198,0.0200000000000002);
#3536=VECTOR($,#13199,0.0225029412782484);
#3537=VECTOR($,#13200,0.0299999999999998);
#3538=VECTOR($,#13201,0.0225029412782484);
#3539=VECTOR($,#13202,0.02);
#3540=VECTOR($,#13203,0.0225029412782484);
#3541=VECTOR($,#13204,0.02);
#3542=VECTOR($,#13207,0.025);
#3543=VECTOR($,#13208,0.026374391753598);
#3544=VECTOR($,#13209,0.0250000000000002);
#3545=VECTOR($,#13210,0.026374391753598);
#3546=VECTOR($,#13211,0.025);
#3547=VECTOR($,#13212,0.026374391753598);
#3548=VECTOR($,#13213,0.0425000000000009);
#3549=VECTOR($,#13214,0.078);
#3550=VECTOR($,#13217,0.0614999999999993);
#3551=VECTOR($,#13218,0.142);
#3552=VECTOR($,#13219,0.0614999999999994);
#3553=VECTOR($,#13220,0.142);
#3554=VECTOR($,#13223,0.042);
#3555=VECTOR($,#13224,0.0113137084989848);
#3556=VECTOR($,#13225,0.0113137084989847);
#3557=VECTOR($,#13226,0.042);
#3558=VECTOR($,#13227,0.0774999999999991);
#3559=VECTOR($,#13230,0.0113137084989848);
#3560=VECTOR($,#13231,0.275);
#3561=VECTOR($,#13232,0.02);
#3562=VECTOR($,#13233,0.275);
#3563=VECTOR($,#13234,0.011313708498984);
#3564=VECTOR($,#13235,0.107000000000001);
#3565=VECTOR($,#13236,0.45);
#3566=VECTOR($,#13237,0.155);
#3567=VECTOR($,#13238,0.418);
#3568=VECTOR($,#13239,0.0574999999999992);
#3569=VECTOR($,#13240,0.024);
#3570=VECTOR($,#13241,0.0113137084989847);
#3571=VECTOR($,#13244,0.142);
#3572=VECTOR($,#13245,0.0170000000000007);
#3573=VECTOR($,#13246,0.075);
#3574=VECTOR($,#13247,0.09);
#3575=VECTOR($,#13248,0.0669999999999999);
#3576=VECTOR($,#13251,0.011313708498984);
#3577=VECTOR($,#13252,0.041999999999999);
#3578=VECTOR($,#13253,0.025);
#3579=VECTOR($,#13254,0.05);
#3580=VECTOR($,#13257,0.0574999999999992);
#3581=VECTOR($,#13258,0.0230000000000008);
#3582=VECTOR($,#13259,0.0230000000000008);
#3583=VECTOR($,#13262,0.245);
#3584=VECTOR($,#13263,0.0424999999999998);
#3585=VECTOR($,#13264,0.245);
#3586=VECTOR($,#13267,0.043824748035468);
#3587=VECTOR($,#13268,0.0424999999999998);
#3588=VECTOR($,#13269,0.043824748035468);
#3589=VECTOR($,#13272,0.4);
#3590=VECTOR($,#13273,0.132);
#3591=VECTOR($,#13274,0.4);
#3592=VECTOR($,#13275,0.132);
#3593=VECTOR($,#13278,0.02);
#3594=VECTOR($,#13279,0.02);
#3595=VECTOR($,#13280,0.4);
#3596=VECTOR($,#13283,0.418);
#3597=VECTOR($,#13284,0.0230000000000002);
#3598=VECTOR($,#13287,0.05);
#3599=VECTOR($,#13288,0.0239999999999999);
#3600=VECTOR($,#13289,0.043);
#3601=VECTOR($,#13292,0.075);
#3602=VECTOR($,#13293,0.05);
#3603=VECTOR($,#13296,0.09);
#3604=VECTOR($,#13299,0.0513743917535974);
#3605=VECTOR($,#13300,0.0141421356237321);
#3606=VECTOR($,#13301,0.189999999999999);
#3607=VECTOR($,#13302,0.043);
#3608=VECTOR($,#13305,0.023);
#3609=VECTOR($,#13306,0.04);
#3610=VECTOR($,#13307,0.023);
#3611=VECTOR($,#13308,0.0400000000000003);
#3612=VECTOR($,#13311,0.11);
#3613=VECTOR($,#13312,0.045);
#3614=VECTOR($,#13313,0.042);
#3615=VECTOR($,#13314,0.11);
#3616=VECTOR($,#13315,0.108);
#3617=VECTOR($,#13318,0.2);
#3618=VECTOR($,#13319,0.189999999999999);
#3619=VECTOR($,#13320,0.0141421356237321);
#3620=VECTOR($,#13321,0.118000000000001);
#3621=VECTOR($,#13324,0.11);
#3622=VECTOR($,#13327,0.11);
#3623=VECTOR($,#13330,0.28);
#3624=VECTOR($,#13331,0.28);
#3625=VECTOR($,#13332,0.0249999999999999);
#3626=VECTOR($,#13337,0.142);
#3627=VECTOR($,#13338,0.018);
#3628=VECTOR($,#13339,0.165);
#3629=VECTOR($,#13348,0.0200000000000002);
#3630=VECTOR($,#13351,0.025);
#3631=VECTOR($,#13352,0.025);
#3632=VECTOR($,#13353,0.02);
#3633=VECTOR($,#13356,0.233);
#3634=VECTOR($,#13357,0.233);
#3635=VECTOR($,#13358,0.02);
#3636=VECTOR($,#13361,0.142);
#3637=VECTOR($,#13362,0.117);
#3638=VECTOR($,#13365,0.142);
#3639=VECTOR($,#13366,0.117);
#3640=VECTOR($,#13373,0.00813068228783098);
#3641=VECTOR($,#13374,0.04);
#3642=VECTOR($,#13375,0.042);
#3643=VECTOR($,#13378,0.04);
#3644=VECTOR($,#13379,0.0449999999999999);
#3645=VECTOR($,#13382,0.00813068228783098);
#3646=VECTOR($,#13385,0.165);
#3647=VECTOR($,#13386,0.018);
#3648=VECTOR($,#13387,0.0230000000000008);
#3649=VECTOR($,#13388,0.024);
#3650=VECTOR($,#13389,0.142);
#3651=VECTOR($,#13390,0.042);
#3652=VECTOR($,#13395,0.00813068228783098);
#3653=VECTOR($,#13398,0.0299999999999998);
#3654=VECTOR($,#13399,0.042);
#3655=VECTOR($,#13404,0.04);
#3656=VECTOR($,#13405,0.00813068228783098);
#3657=VECTOR($,#13408,0.0299999999999998);
#3658=VECTOR($,#13411,0.0200000000000001);
#3659=VECTOR($,#13414,0.0113137084989847);
#3660=VECTOR($,#13415,0.142);
#3661=VECTOR($,#13416,0.0113137084989847);
#3662=VECTOR($,#13419,0.0113137084989847);
#3663=VECTOR($,#13420,0.142);
#3664=VECTOR($,#13421,0.0113137084989847);
#3665=VECTOR($,#13422,0.142);
#3666=VECTOR($,#13425,0.042);
#3667=VECTOR($,#13426,0.024);
#3668=VECTOR($,#13427,0.0230000000000008);
#3669=VECTOR($,#13428,0.018);
#3670=VECTOR($,#13429,0.165);
#3671=VECTOR($,#13432,0.245);
#3672=VECTOR($,#13433,0.043824748035468);
#3673=VECTOR($,#13436,0.043824748035468);
#3674=VECTOR($,#13437,0.245);
#3675=VECTOR($,#13438,0.28);
#3676=VECTOR($,#13441,0.025);
#3677=VECTOR($,#13444,0.0249999999999998);
#3678=VECTOR($,#13445,0.0249999999999998);
#3679=VECTOR($,#13450,0.0249999999999997);
#3680=VECTOR($,#13451,0.0249999999999997);
#3681=VECTOR($,#13454,0.00899999999999998);
#3682=VECTOR($,#13457,0.00899999999999973);
#3683=VECTOR($,#13458,0.0249999999999997);
#3684=VECTOR($,#13463,0.31);
#3685=VECTOR($,#13466,0.0799999999999995);
#3686=VECTOR($,#13467,0.69);
#3687=VECTOR($,#13468,0.0800000000000001);
#3688=VECTOR($,#13471,0.0250000000000002);
#3689=VECTOR($,#13472,0.025);
#3690=VECTOR($,#13473,0.025000000000001);
#3691=VECTOR($,#13474,0.0249999999999999);
#3692=VECTOR($,#13475,0.025000000000001);
#3693=VECTOR($,#13478,0.34);
#3694=VECTOR($,#13483,0.07);
#3695=VECTOR($,#13484,0.02);
#3696=VECTOR($,#13485,0.07);
#3697=VECTOR($,#13486,0.02);
#3698=VECTOR($,#13491,0.0411615107858321);
#3699=VECTOR($,#13492,0.042487713186854);
#3700=VECTOR($,#13493,0.025);
#3701=VECTOR($,#13496,0.0528676407370959);
#3702=VECTOR($,#13499,0.0425);
#3703=VECTOR($,#13500,0.0425);
#3704=VECTOR($,#13503,0.2);
#3705=VECTOR($,#13504,0.07);
#3706=VECTOR($,#13505,0.2);
#3707=VECTOR($,#13508,0.03);
#3708=VECTOR($,#13509,0.0425);
#3709=VECTOR($,#13510,0.03);
#3710=VECTOR($,#13513,0.0299999999999998);
#3711=VECTOR($,#13514,0.0411615107858321);
#3712=VECTOR($,#13515,0.03);
#3713=VECTOR($,#13518,0.042487713186854);
#3714=VECTOR($,#13519,0.0425);
#3715=VECTOR($,#13522,0.0425);
#3716=VECTOR($,#13523,0.03);
#3717=VECTOR($,#13524,0.0425);
#3718=VECTOR($,#13525,0.03);
#3719=VECTOR($,#13528,0.0299999999999998);
#3720=VECTOR($,#13529,0.0411615107858321);
#3721=VECTOR($,#13530,0.03);
#3722=VECTOR($,#13531,0.0411615107858321);
#3723=VECTOR($,#13534,0.042487713186854);
#3724=VECTOR($,#13535,0.0425);
#3725=VECTOR($,#13536,0.0425);
#3726=VECTOR($,#13537,0.042487713186854);
#3727=VECTOR($,#13540,0.0425);
#3728=VECTOR($,#13541,0.0299999999999999);
#3729=VECTOR($,#13542,0.0425);
#3730=VECTOR($,#13543,0.0299999999999999);
#3731=VECTOR($,#13546,0.0299999999999998);
#3732=VECTOR($,#13547,0.0411615107858321);
#3733=VECTOR($,#13548,0.0299999999999999);
#3734=VECTOR($,#13549,0.0411615107858321);
#3735=VECTOR($,#13552,0.042487713186854);
#3736=VECTOR($,#13553,0.0425);
#3737=VECTOR($,#13554,0.0425);
#3738=VECTOR($,#13555,0.042487713186854);
#3739=VECTOR($,#13558,0.0449999999999999);
#3740=VECTOR($,#13559,0.0405956127340579);
#3741=VECTOR($,#13560,0.0450000000000001);
#3742=VECTOR($,#13561,0.0411615107858321);
#3743=VECTOR($,#13564,0.084987713186854);
#3744=VECTOR($,#13565,0.0450000000000001);
#3745=VECTOR($,#13566,0.0425);
#3746=VECTOR($,#13567,0.042487713186854);
#3747=VECTOR($,#13572,0.11);
#3748=VECTOR($,#13575,0.11);
#3749=VECTOR($,#13580,0.0980956143038502);
#3750=VECTOR($,#13581,0.0975);
#3751=VECTOR($,#13582,0.11);
#3752=VECTOR($,#13585,0.013);
#3753=VECTOR($,#13586,0.11);
#3754=VECTOR($,#13587,0.013);
#3755=VECTOR($,#13588,0.11);
#3756=VECTOR($,#13591,0.014142135623731);
#3757=VECTOR($,#13592,0.014142135623731);
#3758=VECTOR($,#13595,0.057);
#3759=VECTOR($,#13596,0.05);
#3760=VECTOR($,#13597,0.02);
#3761=VECTOR($,#13598,0.127);
#3762=VECTOR($,#13599,0.07);
#3763=VECTOR($,#13602,0.07);
#3764=VECTOR($,#13603,0.155);
#3765=VECTOR($,#13604,0.155);
#3766=VECTOR($,#13607,0.04);
#3767=VECTOR($,#13608,0.1975);
#3768=VECTOR($,#13609,0.108);
#3769=VECTOR($,#13610,0.045);
#3770=VECTOR($,#13613,0.05);
#3771=VECTOR($,#13614,0.105);
#3772=VECTOR($,#13615,0.165);
#3773=VECTOR($,#13618,0.07);
#3774=VECTOR($,#13619,0.165);
#3775=VECTOR($,#13624,0.0425);
#3776=VECTOR($,#13625,0.040004318521033);
#3777=VECTOR($,#13628,0.11);
#3778=VECTOR($,#13631,0.075);
#3779=VECTOR($,#13632,0.00750000000000002);
#3780=VECTOR($,#13633,0.108);
#3781=VECTOR($,#13636,0.025);
#3782=VECTOR($,#13641,0.0528676407370959);
#3783=VECTOR($,#13648,0.025);
#3784=VECTOR($,#13651,0.0528676407370959);
#3785=VECTOR($,#13656,0.02);
#3786=VECTOR($,#13657,0.02);
#3787=VECTOR($,#13660,0.02);
#3788=VECTOR($,#13661,0.02);
#3789=VECTOR($,#13664,0.025);
#3790=VECTOR($,#13669,0.0528676407370959);
#3791=VECTOR($,#13676,0.025);
#3792=VECTOR($,#13679,0.0528676407370959);
#3793=VECTOR($,#13684,0.02);
#3794=VECTOR($,#13685,0.02);
#3795=VECTOR($,#13688,0.02);
#3796=VECTOR($,#13689,0.02);
#3797=VECTOR($,#13692,0.025);
#3798=VECTOR($,#13697,0.0528676407370959);
#3799=VECTOR($,#13704,0.025);
#3800=VECTOR($,#13707,0.0528676407370959);
#3801=VECTOR($,#13710,0.0425);
#3802=VECTOR($,#13713,0.02);
#3803=VECTOR($,#13714,0.02);
#3804=VECTOR($,#13717,0.02);
#3805=VECTOR($,#13718,0.02);
#3806=VECTOR($,#13721,0.0450000000000001);
#3807=VECTOR($,#13742,0.32);
#3808=VECTOR($,#13743,0.127);
#3809=VECTOR($,#13744,0.155);
#3810=VECTOR($,#13745,0.165);
#3811=VECTOR($,#13746,0.63);
#3812=VECTOR($,#13749,0.0474999999999985);
#3813=VECTOR($,#13750,0.02);
#3814=VECTOR($,#13751,0.0725000000000012);
#3815=VECTOR($,#13752,0.02);
#3816=VECTOR($,#13755,0.0474999999999984);
#3817=VECTOR($,#13756,0.07);
#3818=VECTOR($,#13759,0.0299999999999998);
#3819=VECTOR($,#13760,0.0425);
#3820=VECTOR($,#13761,0.0299999999999998);
#3821=VECTOR($,#13762,0.0425);
#3822=VECTOR($,#13765,0.0299999999999998);
#3823=VECTOR($,#13766,0.042487713186854);
#3824=VECTOR($,#13767,0.0425);
#3825=VECTOR($,#13768,0.0425);
#3826=VECTOR($,#13769,0.042487713186854);
#3827=VECTOR($,#13772,0.02);
#3828=VECTOR($,#13775,0.02);
#3829=VECTOR($,#13780,0.02);
#3830=VECTOR($,#13781,0.02);
#3831=VECTOR($,#13786,0.0299999999999998);
#3832=VECTOR($,#13791,0.0528676407370959);
#3833=VECTOR($,#13794,0.025);
#3834=VECTOR($,#13797,0.0411615107858321);
#3835=VECTOR($,#13800,0.0411615107858321);
#3836=VECTOR($,#13803,0.0449999999999999);
#3837=VECTOR($,#13804,0.0411615107858322);
#3838=VECTOR($,#13805,0.045);
#3839=VECTOR($,#13806,0.0407700080273745);
#3840=VECTOR($,#13809,0.042487713186854);
#3841=VECTOR($,#13810,0.0425);
#3842=VECTOR($,#13811,0.045);
#3843=VECTOR($,#13812,0.084987713186854);
#3844=VECTOR($,#13817,0.11);
#3845=VECTOR($,#13820,0.11);
#3846=VECTOR($,#13823,0.0975000000000003);
#3847=VECTOR($,#13824,0.0982700091587743);
#3848=VECTOR($,#13825,0.11);
#3849=VECTOR($,#13828,0.014142135623731);
#3850=VECTOR($,#13829,0.11);
#3851=VECTOR($,#13830,0.014142135623731);
#3852=VECTOR($,#13833,0.013);
#3853=VECTOR($,#13834,0.11);
#3854=VECTOR($,#13835,0.013);
#3855=VECTOR($,#13838,0.07);
#3856=VECTOR($,#13839,0.155);
#3857=VECTOR($,#13840,0.07);
#3858=VECTOR($,#13843,0.07);
#3859=VECTOR($,#13844,0.05);
#3860=VECTOR($,#13845,0.057);
#3861=VECTOR($,#13848,0.04);
#3862=VECTOR($,#13849,0.045);
#3863=VECTOR($,#13850,0.108);
#3864=VECTOR($,#13851,0.1975);
#3865=VECTOR($,#13854,0.07);
#3866=VECTOR($,#13855,0.165);
#3867=VECTOR($,#13858,0.05);
#3868=VECTOR($,#13859,0.105);
#3869=VECTOR($,#13862,0.075);
#3870=VECTOR($,#13863,0.108);
#3871=VECTOR($,#13864,0.00750000000000001);
#3872=VECTOR($,#13867,0.0405716398093482);
#3873=VECTOR($,#13868,0.11);
#3874=VECTOR($,#13873,0.0425000000000003);
#3875=VECTOR($,#13878,0.0425);
#3876=VECTOR($,#13881,0.0528676407370959);
#3877=VECTOR($,#13884,0.025);
#3878=VECTOR($,#13887,0.025);
#3879=VECTOR($,#13890,0.0528676407370959);
#3880=VECTOR($,#13895,0.0200000000000002);
#3881=VECTOR($,#13896,0.0200000000000002);
#3882=VECTOR($,#13899,0.0200000000000002);
#3883=VECTOR($,#13900,0.0200000000000002);
#3884=VECTOR($,#13903,0.045);
#3885=VECTOR($,#13910,0.07);
#3886=VECTOR($,#13911,0.0725000000000012);
#3887=VECTOR($,#13914,0.02);
#3888=VECTOR($,#13917,0.31);
#3889=VECTOR($,#13920,0.31);
#3890=CIRCLE($,#10271,0.007);
#3891=CIRCLE($,#10272,0.007);
#3892=CIRCLE($,#10275,0.00700000000000002);
#3893=CIRCLE($,#10276,0.00700000000000002);
#3894=CIRCLE($,#10279,0.00499999999999999);
#3895=CIRCLE($,#10280,0.00499999999999999);
#3896=CIRCLE($,#10283,0.00449999999999999);
#3897=CIRCLE($,#10284,0.00449999999999999);
#3898=CIRCLE($,#10287,0.00927612976544419);
#3899=CIRCLE($,#10288,0.00927612976544419);
#3900=CIRCLE($,#10292,0.0065);
#3901=CIRCLE($,#10293,0.0065);
#3902=CIRCLE($,#10296,0.01);
#3903=CIRCLE($,#10297,0.01);
#3904=CIRCLE($,#10299,0.00499999999999999);
#3905=CIRCLE($,#10300,0.00499999999999999);
#3906=CIRCLE($,#10308,0.01);
#3907=CIRCLE($,#10309,0.01);
#3908=CIRCLE($,#10312,0.00999999999999998);
#3909=CIRCLE($,#10313,0.00999999999999998);
#3910=CIRCLE($,#10316,0.0199999999999999);
#3911=CIRCLE($,#10317,0.0199999999999999);
#3912=CIRCLE($,#10323,0.012);
#3913=CIRCLE($,#10324,0.012);
#3914=CIRCLE($,#10327,0.00899999999999998);
#3915=CIRCLE($,#10328,0.00899999999999998);
#3916=CIRCLE($,#10331,0.00699999999999998);
#3917=CIRCLE($,#10332,0.00699999999999998);
#3918=CIRCLE($,#10338,0.02);
#3919=CIRCLE($,#10339,0.02);
#3920=CIRCLE($,#10341,0.0425);
#3921=CIRCLE($,#10342,0.0425);
#3922=CIRCLE($,#10345,0.015);
#3923=CIRCLE($,#10346,0.015);
#3924=CIRCLE($,#10349,0.01);
#3925=CIRCLE($,#10350,0.01);
#3926=CIRCLE($,#10353,0.01);
#3927=CIRCLE($,#10354,0.01);
#3928=CIRCLE($,#10357,0.015);
#3929=CIRCLE($,#10358,0.015);
#3930=CIRCLE($,#10365,0.01);
#3931=CIRCLE($,#10366,0.01);
#3932=CIRCLE($,#10369,0.00999999999999998);
#3933=CIRCLE($,#10370,0.00999999999999998);
#3934=CIRCLE($,#10373,0.0199999999999999);
#3935=CIRCLE($,#10374,0.0199999999999999);
#3936=CIRCLE($,#10380,0.012);
#3937=CIRCLE($,#10381,0.012);
#3938=CIRCLE($,#10384,0.00899999999999998);
#3939=CIRCLE($,#10385,0.00899999999999998);
#3940=CIRCLE($,#10388,0.00699999999999998);
#3941=CIRCLE($,#10389,0.00699999999999998);
#3942=CIRCLE($,#10395,0.01);
#3943=CIRCLE($,#10396,0.01);
#3944=CIRCLE($,#10399,0.00999999999999998);
#3945=CIRCLE($,#10400,0.00999999999999998);
#3946=CIRCLE($,#10403,0.0199999999999999);
#3947=CIRCLE($,#10404,0.0199999999999999);
#3948=CIRCLE($,#10410,0.012);
#3949=CIRCLE($,#10411,0.012);
#3950=CIRCLE($,#10414,0.00899999999999998);
#3951=CIRCLE($,#10415,0.00899999999999998);
#3952=CIRCLE($,#10418,0.00699999999999998);
#3953=CIRCLE($,#10419,0.00699999999999998);
#3954=CIRCLE($,#10425,0.01);
#3955=CIRCLE($,#10426,0.01);
#3956=CIRCLE($,#10429,0.00999999999999998);
#3957=CIRCLE($,#10430,0.00999999999999998);
#3958=CIRCLE($,#10433,0.0199999999999999);
#3959=CIRCLE($,#10434,0.0199999999999999);
#3960=CIRCLE($,#10440,0.012);
#3961=CIRCLE($,#10441,0.012);
#3962=CIRCLE($,#10444,0.00899999999999998);
#3963=CIRCLE($,#10445,0.00899999999999998);
#3964=CIRCLE($,#10448,0.00699999999999998);
#3965=CIRCLE($,#10449,0.00699999999999998);
#3966=CIRCLE($,#10455,0.02);
#3967=CIRCLE($,#10456,0.02);
#3968=CIRCLE($,#10458,0.0425);
#3969=CIRCLE($,#10459,0.0425);
#3970=CIRCLE($,#10462,0.015);
#3971=CIRCLE($,#10463,0.015);
#3972=CIRCLE($,#10465,0.01);
#3973=CIRCLE($,#10466,0.01);
#3974=CIRCLE($,#10469,0.01);
#3975=CIRCLE($,#10470,0.01);
#3976=CIRCLE($,#10473,0.015);
#3977=CIRCLE($,#10474,0.015);
#3978=CIRCLE($,#10481,0.02);
#3979=CIRCLE($,#10482,0.02);
#3980=CIRCLE($,#10484,0.0425);
#3981=CIRCLE($,#10485,0.0425);
#3982=CIRCLE($,#10488,0.015);
#3983=CIRCLE($,#10489,0.015);
#3984=CIRCLE($,#10492,0.01);
#3985=CIRCLE($,#10493,0.01);
#3986=CIRCLE($,#10496,0.01);
#3987=CIRCLE($,#10497,0.01);
#3988=CIRCLE($,#10500,0.015);
#3989=CIRCLE($,#10501,0.015);
#3990=CIRCLE($,#10508,0.02);
#3991=CIRCLE($,#10509,0.02);
#3992=CIRCLE($,#10511,0.0425);
#3993=CIRCLE($,#10512,0.0425);
#3994=CIRCLE($,#10515,0.015);
#3995=CIRCLE($,#10516,0.015);
#3996=CIRCLE($,#10519,0.01);
#3997=CIRCLE($,#10520,0.01);
#3998=CIRCLE($,#10523,0.01);
#3999=CIRCLE($,#10524,0.01);
#4000=CIRCLE($,#10527,0.015);
#4001=CIRCLE($,#10528,0.015);
#4002=CIRCLE($,#10533,0.007);
#4003=CIRCLE($,#10534,0.007);
#4004=CIRCLE($,#10537,0.00700000000000002);
#4005=CIRCLE($,#10538,0.00700000000000002);
#4006=CIRCLE($,#10541,0.00499999999999999);
#4007=CIRCLE($,#10542,0.00499999999999999);
#4008=CIRCLE($,#10545,0.00449999999999999);
#4009=CIRCLE($,#10546,0.00449999999999999);
#4010=CIRCLE($,#10549,0.00927612976544419);
#4011=CIRCLE($,#10550,0.00927612976544419);
#4012=CIRCLE($,#10554,0.0065);
#4013=CIRCLE($,#10555,0.0065);
#4014=CIRCLE($,#10558,0.01);
#4015=CIRCLE($,#10559,0.01);
#4016=CIRCLE($,#10561,0.00499999999999999);
#4017=CIRCLE($,#10562,0.00499999999999999);
#4018=CIRCLE($,#10568,0.007);
#4019=CIRCLE($,#10569,0.007);
#4020=CIRCLE($,#10572,0.00700000000000002);
#4021=CIRCLE($,#10573,0.00700000000000002);
#4022=CIRCLE($,#10576,0.00499999999999999);
#4023=CIRCLE($,#10577,0.00499999999999999);
#4024=CIRCLE($,#10580,0.00449999999999999);
#4025=CIRCLE($,#10581,0.00449999999999999);
#4026=CIRCLE($,#10584,0.00927612976544419);
#4027=CIRCLE($,#10585,0.00927612976544419);
#4028=CIRCLE($,#10589,0.0065);
#4029=CIRCLE($,#10590,0.0065);
#4030=CIRCLE($,#10593,0.01);
#4031=CIRCLE($,#10594,0.01);
#4032=CIRCLE($,#10596,0.00499999999999999);
#4033=CIRCLE($,#10597,0.00499999999999999);
#4034=CIRCLE($,#10603,0.007);
#4035=CIRCLE($,#10604,0.007);
#4036=CIRCLE($,#10607,0.00700000000000002);
#4037=CIRCLE($,#10608,0.00700000000000002);
#4038=CIRCLE($,#10611,0.00499999999999999);
#4039=CIRCLE($,#10612,0.00499999999999999);
#4040=CIRCLE($,#10615,0.00449999999999999);
#4041=CIRCLE($,#10616,0.00449999999999999);
#4042=CIRCLE($,#10619,0.00927612976544419);
#4043=CIRCLE($,#10620,0.00927612976544419);
#4044=CIRCLE($,#10624,0.0065);
#4045=CIRCLE($,#10625,0.0065);
#4046=CIRCLE($,#10628,0.01);
#4047=CIRCLE($,#10629,0.01);
#4048=CIRCLE($,#10631,0.00499999999999999);
#4049=CIRCLE($,#10632,0.00499999999999999);
#4050=CIRCLE($,#10640,0.025);
#4051=CIRCLE($,#10641,0.005);
#4052=CIRCLE($,#10648,0.0119999999999996);
#4053=CIRCLE($,#10649,0.012);
#4054=CIRCLE($,#10651,0.012);
#4055=CIRCLE($,#10652,0.0119999999999996);
#4056=CIRCLE($,#10657,0.015);
#4057=CIRCLE($,#10658,0.015);
#4058=CIRCLE($,#10659,0.0175);
#4059=CIRCLE($,#10660,0.015);
#4060=CIRCLE($,#10661,0.015);
#4061=CIRCLE($,#10663,0.025);
#4062=CIRCLE($,#10664,0.00499999999999997);
#4063=CIRCLE($,#10666,0.015);
#4064=CIRCLE($,#10667,0.015);
#4065=CIRCLE($,#10668,0.0175);
#4066=CIRCLE($,#10669,0.015);
#4067=CIRCLE($,#10670,0.015);
#4068=CIRCLE($,#10684,0.005);
#4069=CIRCLE($,#10685,0.025);
#4070=CIRCLE($,#10692,0.012);
#4071=CIRCLE($,#10693,0.0119999999999996);
#4072=CIRCLE($,#10695,0.0119999999999996);
#4073=CIRCLE($,#10696,0.012);
#4074=CIRCLE($,#10701,0.015);
#4075=CIRCLE($,#10702,0.015);
#4076=CIRCLE($,#10703,0.0175);
#4077=CIRCLE($,#10704,0.015);
#4078=CIRCLE($,#10705,0.015);
#4079=CIRCLE($,#10707,0.00499999999999997);
#4080=CIRCLE($,#10708,0.025);
#4081=CIRCLE($,#10710,0.015);
#4082=CIRCLE($,#10711,0.015);
#4083=CIRCLE($,#10712,0.0175);
#4084=CIRCLE($,#10713,0.015);
#4085=CIRCLE($,#10714,0.015);
#4086=CIRCLE($,#10728,0.01);
#4087=CIRCLE($,#10729,0.01);
#4088=CIRCLE($,#10732,0.00999999999999998);
#4089=CIRCLE($,#10733,0.00999999999999998);
#4090=CIRCLE($,#10736,0.0199999999999999);
#4091=CIRCLE($,#10737,0.0199999999999999);
#4092=CIRCLE($,#10743,0.012);
#4093=CIRCLE($,#10744,0.012);
#4094=CIRCLE($,#10747,0.00899999999999998);
#4095=CIRCLE($,#10748,0.00899999999999998);
#4096=CIRCLE($,#10751,0.00699999999999998);
#4097=CIRCLE($,#10752,0.00699999999999998);
#4098=CIRCLE($,#10758,0.02);
#4099=CIRCLE($,#10759,0.02);
#4100=CIRCLE($,#10761,0.0425);
#4101=CIRCLE($,#10762,0.0425);
#4102=CIRCLE($,#10765,0.015);
#4103=CIRCLE($,#10766,0.015);
#4104=CIRCLE($,#10769,0.01);
#4105=CIRCLE($,#10770,0.01);
#4106=CIRCLE($,#10773,0.01);
#4107=CIRCLE($,#10774,0.01);
#4108=CIRCLE($,#10777,0.015);
#4109=CIRCLE($,#10778,0.015);
#4110=CIRCLE($,#10783,0.007);
#4111=CIRCLE($,#10784,0.007);
#4112=CIRCLE($,#10787,0.00700000000000002);
#4113=CIRCLE($,#10788,0.00700000000000002);
#4114=CIRCLE($,#10791,0.00499999999999999);
#4115=CIRCLE($,#10792,0.00499999999999999);
#4116=CIRCLE($,#10795,0.00449999999999999);
#4117=CIRCLE($,#10796,0.00449999999999999);
#4118=CIRCLE($,#10799,0.00927612976544419);
#4119=CIRCLE($,#10800,0.00927612976544419);
#4120=CIRCLE($,#10804,0.0065);
#4121=CIRCLE($,#10805,0.0065);
#4122=CIRCLE($,#10808,0.01);
#4123=CIRCLE($,#10809,0.01);
#4124=CIRCLE($,#10811,0.00499999999999999);
#4125=CIRCLE($,#10812,0.00499999999999999);
#4126=CIRCLE($,#10819,0.0425);
#4127=CIRCLE($,#10821,0.0425);
#4128=CIRCLE($,#10825,0.0425);
#4129=CIRCLE($,#10829,0.0425);
#4130=CIRCLE($,#10931,0.0425);
#4131=CIRCLE($,#10932,0.0425);
#4132=CIRCLE($,#10944,0.0425);
#4133=CIRCLE($,#10947,0.0425);
#4134=CIRCLE($,#10969,0.0425);
#4135=CIRCLE($,#10970,0.0175);
#4136=CIRCLE($,#10971,0.0425);
#4137=CIRCLE($,#10985,0.0424999999680244);
#4138=CIRCLE($,#10986,0.045);
#4139=CIRCLE($,#10987,0.045);
#4140=CIRCLE($,#10997,0.0425);
#4141=CIRCLE($,#11001,0.0425);
#4142=CIRCLE($,#11002,0.0425);
#4143=CIRCLE($,#11003,0.0175);
#4144=CIRCLE($,#11005,0.0425);
#4145=CIRCLE($,#11006,0.0175);
#4146=CIRCLE($,#11007,0.0425);
#4147=CIRCLE($,#11011,0.0425);
#4148=CIRCLE($,#11012,0.0425);
#4149=CIRCLE($,#11013,0.0175);
#4150=CIRCLE($,#11015,0.0425);
#4151=CIRCLE($,#11016,0.0175);
#4152=CIRCLE($,#11017,0.0425);
#4153=CIRCLE($,#11021,0.0425);
#4154=CIRCLE($,#11022,0.0425);
#4155=CIRCLE($,#11023,0.0175);
#4156=CIRCLE($,#11025,0.0425);
#4157=CIRCLE($,#11026,0.0175);
#4158=CIRCLE($,#11027,0.0425);
#4159=CIRCLE($,#11046,0.0175);
#4160=CIRCLE($,#11048,0.0425);
#4161=CIRCLE($,#11050,0.0425);
#4162=CIRCLE($,#11051,0.0425);
#4163=CIRCLE($,#11059,0.045);
#4164=CIRCLE($,#11060,0.0450000000000001);
#4165=CIRCLE($,#11072,0.0425);
#4166=CIRCLE($,#11074,0.0425);
#4167=CIRCLE($,#11075,0.0425);
#4168=CIRCLE($,#11076,0.0175);
#4169=CIRCLE($,#11078,0.0175);
#4170=CIRCLE($,#11079,0.0425);
#4171=VERTEX_POINT($,#13925);
#4172=VERTEX_POINT($,#13926);
#4173=VERTEX_POINT($,#13928);
#4174=VERTEX_POINT($,#13930);
#4175=VERTEX_POINT($,#13934);
#4176=VERTEX_POINT($,#13935);
#4177=VERTEX_POINT($,#13937);
#4178=VERTEX_POINT($,#13939);
#4179=VERTEX_POINT($,#13943);
#4180=VERTEX_POINT($,#13945);
#4181=VERTEX_POINT($,#13949);
#4182=VERTEX_POINT($,#13951);
#4183=VERTEX_POINT($,#13955);
#4184=VERTEX_POINT($,#13957);
#4185=VERTEX_POINT($,#13961);
#4186=VERTEX_POINT($,#13963);
#4187=VERTEX_POINT($,#13967);
#4188=VERTEX_POINT($,#13969);
#4189=VERTEX_POINT($,#13973);
#4190=VERTEX_POINT($,#13975);
#4191=VERTEX_POINT($,#13979);
#4192=VERTEX_POINT($,#13981);
#4193=VERTEX_POINT($,#13988);
#4194=VERTEX_POINT($,#13990);
#4195=VERTEX_POINT($,#13994);
#4196=VERTEX_POINT($,#13996);
#4197=VERTEX_POINT($,#14000);
#4198=VERTEX_POINT($,#14002);
#4199=VERTEX_POINT($,#14006);
#4200=VERTEX_POINT($,#14008);
#4201=VERTEX_POINT($,#14012);
#4202=VERTEX_POINT($,#14014);
#4203=VERTEX_POINT($,#14018);
#4204=VERTEX_POINT($,#14020);
#4205=VERTEX_POINT($,#14029);
#4206=VERTEX_POINT($,#14030);
#4207=VERTEX_POINT($,#14032);
#4208=VERTEX_POINT($,#14034);
#4209=VERTEX_POINT($,#14038);
#4210=VERTEX_POINT($,#14040);
#4211=VERTEX_POINT($,#14044);
#4212=VERTEX_POINT($,#14046);
#4213=VERTEX_POINT($,#14050);
#4214=VERTEX_POINT($,#14052);
#4215=VERTEX_POINT($,#14056);
#4216=VERTEX_POINT($,#14058);
#4217=VERTEX_POINT($,#14062);
#4218=VERTEX_POINT($,#14064);
#4219=VERTEX_POINT($,#14068);
#4220=VERTEX_POINT($,#14070);
#4221=VERTEX_POINT($,#14074);
#4222=VERTEX_POINT($,#14076);
#4223=VERTEX_POINT($,#14080);
#4224=VERTEX_POINT($,#14082);
#4225=VERTEX_POINT($,#14086);
#4226=VERTEX_POINT($,#14088);
#4227=VERTEX_POINT($,#14092);
#4228=VERTEX_POINT($,#14094);
#4229=VERTEX_POINT($,#14098);
#4230=VERTEX_POINT($,#14100);
#4231=VERTEX_POINT($,#14104);
#4232=VERTEX_POINT($,#14106);
#4233=VERTEX_POINT($,#14110);
#4234=VERTEX_POINT($,#14112);
#4235=VERTEX_POINT($,#14116);
#4236=VERTEX_POINT($,#14118);
#4237=VERTEX_POINT($,#14127);
#4238=VERTEX_POINT($,#14128);
#4239=VERTEX_POINT($,#14130);
#4240=VERTEX_POINT($,#14132);
#4241=VERTEX_POINT($,#14136);
#4242=VERTEX_POINT($,#14138);
#4243=VERTEX_POINT($,#14142);
#4244=VERTEX_POINT($,#14144);
#4245=VERTEX_POINT($,#14148);
#4246=VERTEX_POINT($,#14150);
#4247=VERTEX_POINT($,#14154);
#4248=VERTEX_POINT($,#14156);
#4249=VERTEX_POINT($,#14160);
#4250=VERTEX_POINT($,#14162);
#4251=VERTEX_POINT($,#14166);
#4252=VERTEX_POINT($,#14168);
#4253=VERTEX_POINT($,#14172);
#4254=VERTEX_POINT($,#14174);
#4255=VERTEX_POINT($,#14178);
#4256=VERTEX_POINT($,#14180);
#4257=VERTEX_POINT($,#14184);
#4258=VERTEX_POINT($,#14186);
#4259=VERTEX_POINT($,#14190);
#4260=VERTEX_POINT($,#14192);
#4261=VERTEX_POINT($,#14196);
#4262=VERTEX_POINT($,#14198);
#4263=VERTEX_POINT($,#14207);
#4264=VERTEX_POINT($,#14208);
#4265=VERTEX_POINT($,#14210);
#4266=VERTEX_POINT($,#14212);
#4267=VERTEX_POINT($,#14216);
#4268=VERTEX_POINT($,#14218);
#4269=VERTEX_POINT($,#14222);
#4270=VERTEX_POINT($,#14224);
#4271=VERTEX_POINT($,#14228);
#4272=VERTEX_POINT($,#14230);
#4273=VERTEX_POINT($,#14234);
#4274=VERTEX_POINT($,#14236);
#4275=VERTEX_POINT($,#14240);
#4276=VERTEX_POINT($,#14242);
#4277=VERTEX_POINT($,#14246);
#4278=VERTEX_POINT($,#14248);
#4279=VERTEX_POINT($,#14252);
#4280=VERTEX_POINT($,#14254);
#4281=VERTEX_POINT($,#14258);
#4282=VERTEX_POINT($,#14260);
#4283=VERTEX_POINT($,#14264);
#4284=VERTEX_POINT($,#14266);
#4285=VERTEX_POINT($,#14270);
#4286=VERTEX_POINT($,#14272);
#4287=VERTEX_POINT($,#14276);
#4288=VERTEX_POINT($,#14278);
#4289=VERTEX_POINT($,#14282);
#4290=VERTEX_POINT($,#14284);
#4291=VERTEX_POINT($,#14288);
#4292=VERTEX_POINT($,#14290);
#4293=VERTEX_POINT($,#14294);
#4294=VERTEX_POINT($,#14296);
#4295=VERTEX_POINT($,#14305);
#4296=VERTEX_POINT($,#14306);
#4297=VERTEX_POINT($,#14308);
#4298=VERTEX_POINT($,#14310);
#4299=VERTEX_POINT($,#14314);
#4300=VERTEX_POINT($,#14316);
#4301=VERTEX_POINT($,#14320);
#4302=VERTEX_POINT($,#14322);
#4303=VERTEX_POINT($,#14326);
#4304=VERTEX_POINT($,#14328);
#4305=VERTEX_POINT($,#14332);
#4306=VERTEX_POINT($,#14334);
#4307=VERTEX_POINT($,#14338);
#4308=VERTEX_POINT($,#14340);
#4309=VERTEX_POINT($,#14344);
#4310=VERTEX_POINT($,#14346);
#4311=VERTEX_POINT($,#14350);
#4312=VERTEX_POINT($,#14352);
#4313=VERTEX_POINT($,#14356);
#4314=VERTEX_POINT($,#14358);
#4315=VERTEX_POINT($,#14362);
#4316=VERTEX_POINT($,#14364);
#4317=VERTEX_POINT($,#14368);
#4318=VERTEX_POINT($,#14370);
#4319=VERTEX_POINT($,#14374);
#4320=VERTEX_POINT($,#14376);
#4321=VERTEX_POINT($,#14380);
#4322=VERTEX_POINT($,#14382);
#4323=VERTEX_POINT($,#14386);
#4324=VERTEX_POINT($,#14388);
#4325=VERTEX_POINT($,#14392);
#4326=VERTEX_POINT($,#14394);
#4327=VERTEX_POINT($,#14403);
#4328=VERTEX_POINT($,#14404);
#4329=VERTEX_POINT($,#14406);
#4330=VERTEX_POINT($,#14408);
#4331=VERTEX_POINT($,#14412);
#4332=VERTEX_POINT($,#14414);
#4333=VERTEX_POINT($,#14418);
#4334=VERTEX_POINT($,#14420);
#4335=VERTEX_POINT($,#14424);
#4336=VERTEX_POINT($,#14426);
#4337=VERTEX_POINT($,#14430);
#4338=VERTEX_POINT($,#14432);
#4339=VERTEX_POINT($,#14436);
#4340=VERTEX_POINT($,#14438);
#4341=VERTEX_POINT($,#14442);
#4342=VERTEX_POINT($,#14444);
#4343=VERTEX_POINT($,#14448);
#4344=VERTEX_POINT($,#14450);
#4345=VERTEX_POINT($,#14454);
#4346=VERTEX_POINT($,#14456);
#4347=VERTEX_POINT($,#14460);
#4348=VERTEX_POINT($,#14462);
#4349=VERTEX_POINT($,#14466);
#4350=VERTEX_POINT($,#14468);
#4351=VERTEX_POINT($,#14472);
#4352=VERTEX_POINT($,#14474);
#4353=VERTEX_POINT($,#14478);
#4354=VERTEX_POINT($,#14480);
#4355=VERTEX_POINT($,#14484);
#4356=VERTEX_POINT($,#14486);
#4357=VERTEX_POINT($,#14490);
#4358=VERTEX_POINT($,#14492);
#4359=VERTEX_POINT($,#14501);
#4360=VERTEX_POINT($,#14502);
#4361=VERTEX_POINT($,#14504);
#4362=VERTEX_POINT($,#14506);
#4363=VERTEX_POINT($,#14510);
#4364=VERTEX_POINT($,#14512);
#4365=VERTEX_POINT($,#14516);
#4366=VERTEX_POINT($,#14518);
#4367=VERTEX_POINT($,#14522);
#4368=VERTEX_POINT($,#14524);
#4369=VERTEX_POINT($,#14528);
#4370=VERTEX_POINT($,#14530);
#4371=VERTEX_POINT($,#14534);
#4372=VERTEX_POINT($,#14536);
#4373=VERTEX_POINT($,#14540);
#4374=VERTEX_POINT($,#14542);
#4375=VERTEX_POINT($,#14544);
#4376=VERTEX_POINT($,#14548);
#4377=VERTEX_POINT($,#14550);
#4378=VERTEX_POINT($,#14554);
#4379=VERTEX_POINT($,#14556);
#4380=VERTEX_POINT($,#14560);
#4381=VERTEX_POINT($,#14562);
#4382=VERTEX_POINT($,#14566);
#4383=VERTEX_POINT($,#14568);
#4384=VERTEX_POINT($,#14578);
#4385=VERTEX_POINT($,#14579);
#4386=VERTEX_POINT($,#14581);
#4387=VERTEX_POINT($,#14583);
#4388=VERTEX_POINT($,#14587);
#4389=VERTEX_POINT($,#14589);
#4390=VERTEX_POINT($,#14593);
#4391=VERTEX_POINT($,#14595);
#4392=VERTEX_POINT($,#14599);
#4393=VERTEX_POINT($,#14601);
#4394=VERTEX_POINT($,#14605);
#4395=VERTEX_POINT($,#14607);
#4396=VERTEX_POINT($,#14611);
#4397=VERTEX_POINT($,#14613);
#4398=VERTEX_POINT($,#14617);
#4399=VERTEX_POINT($,#14619);
#4400=VERTEX_POINT($,#14623);
#4401=VERTEX_POINT($,#14625);
#4402=VERTEX_POINT($,#14629);
#4403=VERTEX_POINT($,#14631);
#4404=VERTEX_POINT($,#14635);
#4405=VERTEX_POINT($,#14637);
#4406=VERTEX_POINT($,#14641);
#4407=VERTEX_POINT($,#14643);
#4408=VERTEX_POINT($,#14647);
#4409=VERTEX_POINT($,#14649);
#4410=VERTEX_POINT($,#14658);
#4411=VERTEX_POINT($,#14659);
#4412=VERTEX_POINT($,#14661);
#4413=VERTEX_POINT($,#14663);
#4414=VERTEX_POINT($,#14667);
#4415=VERTEX_POINT($,#14669);
#4416=VERTEX_POINT($,#14673);
#4417=VERTEX_POINT($,#14675);
#4418=VERTEX_POINT($,#14679);
#4419=VERTEX_POINT($,#14681);
#4420=VERTEX_POINT($,#14685);
#4421=VERTEX_POINT($,#14687);
#4422=VERTEX_POINT($,#14691);
#4423=VERTEX_POINT($,#14693);
#4424=VERTEX_POINT($,#14697);
#4425=VERTEX_POINT($,#14699);
#4426=VERTEX_POINT($,#14703);
#4427=VERTEX_POINT($,#14705);
#4428=VERTEX_POINT($,#14709);
#4429=VERTEX_POINT($,#14711);
#4430=VERTEX_POINT($,#14715);
#4431=VERTEX_POINT($,#14717);
#4432=VERTEX_POINT($,#14721);
#4433=VERTEX_POINT($,#14723);
#4434=VERTEX_POINT($,#14727);
#4435=VERTEX_POINT($,#14729);
#4436=VERTEX_POINT($,#14738);
#4437=VERTEX_POINT($,#14739);
#4438=VERTEX_POINT($,#14741);
#4439=VERTEX_POINT($,#14743);
#4440=VERTEX_POINT($,#14747);
#4441=VERTEX_POINT($,#14748);
#4442=VERTEX_POINT($,#14750);
#4443=VERTEX_POINT($,#14752);
#4444=VERTEX_POINT($,#14756);
#4445=VERTEX_POINT($,#14758);
#4446=VERTEX_POINT($,#14762);
#4447=VERTEX_POINT($,#14764);
#4448=VERTEX_POINT($,#14768);
#4449=VERTEX_POINT($,#14770);
#4450=VERTEX_POINT($,#14774);
#4451=VERTEX_POINT($,#14776);
#4452=VERTEX_POINT($,#14780);
#4453=VERTEX_POINT($,#14782);
#4454=VERTEX_POINT($,#14786);
#4455=VERTEX_POINT($,#14788);
#4456=VERTEX_POINT($,#14792);
#4457=VERTEX_POINT($,#14794);
#4458=VERTEX_POINT($,#14801);
#4459=VERTEX_POINT($,#14803);
#4460=VERTEX_POINT($,#14807);
#4461=VERTEX_POINT($,#14809);
#4462=VERTEX_POINT($,#14813);
#4463=VERTEX_POINT($,#14815);
#4464=VERTEX_POINT($,#14819);
#4465=VERTEX_POINT($,#14821);
#4466=VERTEX_POINT($,#14825);
#4467=VERTEX_POINT($,#14827);
#4468=VERTEX_POINT($,#14831);
#4469=VERTEX_POINT($,#14833);
#4470=VERTEX_POINT($,#14842);
#4471=VERTEX_POINT($,#14843);
#4472=VERTEX_POINT($,#14845);
#4473=VERTEX_POINT($,#14847);
#4474=VERTEX_POINT($,#14851);
#4475=VERTEX_POINT($,#14852);
#4476=VERTEX_POINT($,#14854);
#4477=VERTEX_POINT($,#14856);
#4478=VERTEX_POINT($,#14860);
#4479=VERTEX_POINT($,#14862);
#4480=VERTEX_POINT($,#14866);
#4481=VERTEX_POINT($,#14868);
#4482=VERTEX_POINT($,#14872);
#4483=VERTEX_POINT($,#14874);
#4484=VERTEX_POINT($,#14878);
#4485=VERTEX_POINT($,#14880);
#4486=VERTEX_POINT($,#14884);
#4487=VERTEX_POINT($,#14886);
#4488=VERTEX_POINT($,#14890);
#4489=VERTEX_POINT($,#14892);
#4490=VERTEX_POINT($,#14896);
#4491=VERTEX_POINT($,#14898);
#4492=VERTEX_POINT($,#14905);
#4493=VERTEX_POINT($,#14907);
#4494=VERTEX_POINT($,#14911);
#4495=VERTEX_POINT($,#14913);
#4496=VERTEX_POINT($,#14917);
#4497=VERTEX_POINT($,#14919);
#4498=VERTEX_POINT($,#14923);
#4499=VERTEX_POINT($,#14925);
#4500=VERTEX_POINT($,#14929);
#4501=VERTEX_POINT($,#14931);
#4502=VERTEX_POINT($,#14935);
#4503=VERTEX_POINT($,#14937);
#4504=VERTEX_POINT($,#14946);
#4505=VERTEX_POINT($,#14947);
#4506=VERTEX_POINT($,#14949);
#4507=VERTEX_POINT($,#14951);
#4508=VERTEX_POINT($,#14955);
#4509=VERTEX_POINT($,#14956);
#4510=VERTEX_POINT($,#14958);
#4511=VERTEX_POINT($,#14960);
#4512=VERTEX_POINT($,#14964);
#4513=VERTEX_POINT($,#14966);
#4514=VERTEX_POINT($,#14970);
#4515=VERTEX_POINT($,#14972);
#4516=VERTEX_POINT($,#14976);
#4517=VERTEX_POINT($,#14978);
#4518=VERTEX_POINT($,#14982);
#4519=VERTEX_POINT($,#14984);
#4520=VERTEX_POINT($,#14988);
#4521=VERTEX_POINT($,#14990);
#4522=VERTEX_POINT($,#14994);
#4523=VERTEX_POINT($,#14996);
#4524=VERTEX_POINT($,#15000);
#4525=VERTEX_POINT($,#15002);
#4526=VERTEX_POINT($,#15009);
#4527=VERTEX_POINT($,#15011);
#4528=VERTEX_POINT($,#15015);
#4529=VERTEX_POINT($,#15017);
#4530=VERTEX_POINT($,#15021);
#4531=VERTEX_POINT($,#15023);
#4532=VERTEX_POINT($,#15027);
#4533=VERTEX_POINT($,#15029);
#4534=VERTEX_POINT($,#15033);
#4535=VERTEX_POINT($,#15035);
#4536=VERTEX_POINT($,#15039);
#4537=VERTEX_POINT($,#15041);
#4538=VERTEX_POINT($,#15050);
#4539=VERTEX_POINT($,#15051);
#4540=VERTEX_POINT($,#15053);
#4541=VERTEX_POINT($,#15055);
#4542=VERTEX_POINT($,#15059);
#4543=VERTEX_POINT($,#15060);
#4544=VERTEX_POINT($,#15062);
#4545=VERTEX_POINT($,#15064);
#4546=VERTEX_POINT($,#15068);
#4547=VERTEX_POINT($,#15069);
#4548=VERTEX_POINT($,#15071);
#4549=VERTEX_POINT($,#15073);
#4550=VERTEX_POINT($,#15075);
#4551=VERTEX_POINT($,#15077);
#4552=VERTEX_POINT($,#15079);
#4553=VERTEX_POINT($,#15081);
#4554=VERTEX_POINT($,#15085);
#4555=VERTEX_POINT($,#15086);
#4556=VERTEX_POINT($,#15088);
#4557=VERTEX_POINT($,#15090);
#4558=VERTEX_POINT($,#15092);
#4559=VERTEX_POINT($,#15094);
#4560=VERTEX_POINT($,#15098);
#4561=VERTEX_POINT($,#15100);
#4562=VERTEX_POINT($,#15104);
#4563=VERTEX_POINT($,#15106);
#4564=VERTEX_POINT($,#15108);
#4565=VERTEX_POINT($,#15110);
#4566=VERTEX_POINT($,#15114);
#4567=VERTEX_POINT($,#15116);
#4568=VERTEX_POINT($,#15125);
#4569=VERTEX_POINT($,#15127);
#4570=VERTEX_POINT($,#15132);
#4571=VERTEX_POINT($,#15134);
#4572=VERTEX_POINT($,#15144);
#4573=VERTEX_POINT($,#15146);
#4574=VERTEX_POINT($,#15148);
#4575=VERTEX_POINT($,#15150);
#4576=VERTEX_POINT($,#15152);
#4577=VERTEX_POINT($,#15154);
#4578=VERTEX_POINT($,#15160);
#4579=VERTEX_POINT($,#15162);
#4580=VERTEX_POINT($,#15168);
#4581=VERTEX_POINT($,#15170);
#4582=VERTEX_POINT($,#15172);
#4583=VERTEX_POINT($,#15174);
#4584=VERTEX_POINT($,#15192);
#4585=VERTEX_POINT($,#15193);
#4586=VERTEX_POINT($,#15195);
#4587=VERTEX_POINT($,#15197);
#4588=VERTEX_POINT($,#15201);
#4589=VERTEX_POINT($,#15202);
#4590=VERTEX_POINT($,#15204);
#4591=VERTEX_POINT($,#15206);
#4592=VERTEX_POINT($,#15210);
#4593=VERTEX_POINT($,#15211);
#4594=VERTEX_POINT($,#15213);
#4595=VERTEX_POINT($,#15215);
#4596=VERTEX_POINT($,#15217);
#4597=VERTEX_POINT($,#15219);
#4598=VERTEX_POINT($,#15221);
#4599=VERTEX_POINT($,#15223);
#4600=VERTEX_POINT($,#15227);
#4601=VERTEX_POINT($,#15228);
#4602=VERTEX_POINT($,#15230);
#4603=VERTEX_POINT($,#15232);
#4604=VERTEX_POINT($,#15234);
#4605=VERTEX_POINT($,#15236);
#4606=VERTEX_POINT($,#15240);
#4607=VERTEX_POINT($,#15242);
#4608=VERTEX_POINT($,#15246);
#4609=VERTEX_POINT($,#15248);
#4610=VERTEX_POINT($,#15250);
#4611=VERTEX_POINT($,#15252);
#4612=VERTEX_POINT($,#15256);
#4613=VERTEX_POINT($,#15258);
#4614=VERTEX_POINT($,#15265);
#4615=VERTEX_POINT($,#15267);
#4616=VERTEX_POINT($,#15274);
#4617=VERTEX_POINT($,#15276);
#4618=VERTEX_POINT($,#15287);
#4619=VERTEX_POINT($,#15289);
#4620=VERTEX_POINT($,#15291);
#4621=VERTEX_POINT($,#15293);
#4622=VERTEX_POINT($,#15295);
#4623=VERTEX_POINT($,#15297);
#4624=VERTEX_POINT($,#15301);
#4625=VERTEX_POINT($,#15303);
#4626=VERTEX_POINT($,#15308);
#4627=VERTEX_POINT($,#15310);
#4628=VERTEX_POINT($,#15312);
#4629=VERTEX_POINT($,#15314);
#4630=VERTEX_POINT($,#15334);
#4631=VERTEX_POINT($,#15335);
#4632=VERTEX_POINT($,#15337);
#4633=VERTEX_POINT($,#15339);
#4634=VERTEX_POINT($,#15343);
#4635=VERTEX_POINT($,#15345);
#4636=VERTEX_POINT($,#15349);
#4637=VERTEX_POINT($,#15351);
#4638=VERTEX_POINT($,#15355);
#4639=VERTEX_POINT($,#15357);
#4640=VERTEX_POINT($,#15361);
#4641=VERTEX_POINT($,#15363);
#4642=VERTEX_POINT($,#15367);
#4643=VERTEX_POINT($,#15369);
#4644=VERTEX_POINT($,#15373);
#4645=VERTEX_POINT($,#15375);
#4646=VERTEX_POINT($,#15379);
#4647=VERTEX_POINT($,#15381);
#4648=VERTEX_POINT($,#15385);
#4649=VERTEX_POINT($,#15387);
#4650=VERTEX_POINT($,#15391);
#4651=VERTEX_POINT($,#15393);
#4652=VERTEX_POINT($,#15397);
#4653=VERTEX_POINT($,#15399);
#4654=VERTEX_POINT($,#15403);
#4655=VERTEX_POINT($,#15405);
#4656=VERTEX_POINT($,#15409);
#4657=VERTEX_POINT($,#15411);
#4658=VERTEX_POINT($,#15415);
#4659=VERTEX_POINT($,#15417);
#4660=VERTEX_POINT($,#15421);
#4661=VERTEX_POINT($,#15423);
#4662=VERTEX_POINT($,#15432);
#4663=VERTEX_POINT($,#15433);
#4664=VERTEX_POINT($,#15435);
#4665=VERTEX_POINT($,#15437);
#4666=VERTEX_POINT($,#15441);
#4667=VERTEX_POINT($,#15443);
#4668=VERTEX_POINT($,#15447);
#4669=VERTEX_POINT($,#15449);
#4670=VERTEX_POINT($,#15453);
#4671=VERTEX_POINT($,#15455);
#4672=VERTEX_POINT($,#15459);
#4673=VERTEX_POINT($,#15461);
#4674=VERTEX_POINT($,#15465);
#4675=VERTEX_POINT($,#15467);
#4676=VERTEX_POINT($,#15471);
#4677=VERTEX_POINT($,#15473);
#4678=VERTEX_POINT($,#15477);
#4679=VERTEX_POINT($,#15479);
#4680=VERTEX_POINT($,#15483);
#4681=VERTEX_POINT($,#15485);
#4682=VERTEX_POINT($,#15489);
#4683=VERTEX_POINT($,#15491);
#4684=VERTEX_POINT($,#15495);
#4685=VERTEX_POINT($,#15497);
#4686=VERTEX_POINT($,#15501);
#4687=VERTEX_POINT($,#15503);
#4688=VERTEX_POINT($,#15512);
#4689=VERTEX_POINT($,#15513);
#4690=VERTEX_POINT($,#15515);
#4691=VERTEX_POINT($,#15517);
#4692=VERTEX_POINT($,#15521);
#4693=VERTEX_POINT($,#15522);
#4694=VERTEX_POINT($,#15524);
#4695=VERTEX_POINT($,#15526);
#4696=VERTEX_POINT($,#15530);
#4697=VERTEX_POINT($,#15532);
#4698=VERTEX_POINT($,#15536);
#4699=VERTEX_POINT($,#15538);
#4700=VERTEX_POINT($,#15542);
#4701=VERTEX_POINT($,#15544);
#4702=VERTEX_POINT($,#15548);
#4703=VERTEX_POINT($,#15550);
#4704=VERTEX_POINT($,#15554);
#4705=VERTEX_POINT($,#15556);
#4706=VERTEX_POINT($,#15560);
#4707=VERTEX_POINT($,#15562);
#4708=VERTEX_POINT($,#15566);
#4709=VERTEX_POINT($,#15568);
#4710=VERTEX_POINT($,#15575);
#4711=VERTEX_POINT($,#15577);
#4712=VERTEX_POINT($,#15581);
#4713=VERTEX_POINT($,#15583);
#4714=VERTEX_POINT($,#15587);
#4715=VERTEX_POINT($,#15589);
#4716=VERTEX_POINT($,#15593);
#4717=VERTEX_POINT($,#15595);
#4718=VERTEX_POINT($,#15599);
#4719=VERTEX_POINT($,#15601);
#4720=VERTEX_POINT($,#15605);
#4721=VERTEX_POINT($,#15607);
#4722=VERTEX_POINT($,#15616);
#4723=VERTEX_POINT($,#15617);
#4724=VERTEX_POINT($,#15619);
#4725=VERTEX_POINT($,#15621);
#4726=VERTEX_POINT($,#15625);
#4727=VERTEX_POINT($,#15626);
#4728=VERTEX_POINT($,#15629);
#4729=VERTEX_POINT($,#15633);
#4730=VERTEX_POINT($,#15634);
#4731=VERTEX_POINT($,#15637);
#4732=VERTEX_POINT($,#15643);
#4733=VERTEX_POINT($,#15644);
#4734=VERTEX_POINT($,#15646);
#4735=VERTEX_POINT($,#15648);
#4736=VERTEX_POINT($,#15652);
#4737=VERTEX_POINT($,#15653);
#4738=VERTEX_POINT($,#15656);
#4739=VERTEX_POINT($,#15660);
#4740=VERTEX_POINT($,#15664);
#4741=VERTEX_POINT($,#15665);
#4742=VERTEX_POINT($,#15667);
#4743=VERTEX_POINT($,#15669);
#4744=VERTEX_POINT($,#15673);
#4745=VERTEX_POINT($,#15674);
#4746=VERTEX_POINT($,#15677);
#4747=VERTEX_POINT($,#15681);
#4748=VERTEX_POINT($,#15683);
#4749=VERTEX_POINT($,#15689);
#4750=VERTEX_POINT($,#15690);
#4751=VERTEX_POINT($,#15692);
#4752=VERTEX_POINT($,#15694);
#4753=VERTEX_POINT($,#15698);
#4754=VERTEX_POINT($,#15700);
#4755=VERTEX_POINT($,#15704);
#4756=VERTEX_POINT($,#15705);
#4757=VERTEX_POINT($,#15707);
#4758=VERTEX_POINT($,#15709);
#4759=VERTEX_POINT($,#15713);
#4760=VERTEX_POINT($,#15714);
#4761=VERTEX_POINT($,#15716);
#4762=VERTEX_POINT($,#15718);
#4763=VERTEX_POINT($,#15722);
#4764=VERTEX_POINT($,#15724);
#4765=VERTEX_POINT($,#15726);
#4766=VERTEX_POINT($,#15728);
#4767=VERTEX_POINT($,#15732);
#4768=VERTEX_POINT($,#15734);
#4769=VERTEX_POINT($,#15736);
#4770=VERTEX_POINT($,#15738);
#4771=VERTEX_POINT($,#15753);
#4772=VERTEX_POINT($,#15754);
#4773=VERTEX_POINT($,#15756);
#4774=VERTEX_POINT($,#15758);
#4775=VERTEX_POINT($,#15762);
#4776=VERTEX_POINT($,#15763);
#4777=VERTEX_POINT($,#15765);
#4778=VERTEX_POINT($,#15767);
#4779=VERTEX_POINT($,#15771);
#4780=VERTEX_POINT($,#15772);
#4781=VERTEX_POINT($,#15774);
#4782=VERTEX_POINT($,#15776);
#4783=VERTEX_POINT($,#15780);
#4784=VERTEX_POINT($,#15781);
#4785=VERTEX_POINT($,#15783);
#4786=VERTEX_POINT($,#15785);
#4787=VERTEX_POINT($,#15789);
#4788=VERTEX_POINT($,#15790);
#4789=VERTEX_POINT($,#15792);
#4790=VERTEX_POINT($,#15794);
#4791=VERTEX_POINT($,#15798);
#4792=VERTEX_POINT($,#15800);
#4793=VERTEX_POINT($,#15802);
#4794=VERTEX_POINT($,#15804);
#4795=VERTEX_POINT($,#15808);
#4796=VERTEX_POINT($,#15810);
#4797=VERTEX_POINT($,#15812);
#4798=VERTEX_POINT($,#15814);
#4799=VERTEX_POINT($,#15818);
#4800=VERTEX_POINT($,#15820);
#4801=VERTEX_POINT($,#15822);
#4802=VERTEX_POINT($,#15824);
#4803=VERTEX_POINT($,#15828);
#4804=VERTEX_POINT($,#15830);
#4805=VERTEX_POINT($,#15832);
#4806=VERTEX_POINT($,#15834);
#4807=VERTEX_POINT($,#15838);
#4808=VERTEX_POINT($,#15840);
#4809=VERTEX_POINT($,#15842);
#4810=VERTEX_POINT($,#15844);
#4811=VERTEX_POINT($,#15848);
#4812=VERTEX_POINT($,#15849);
#4813=VERTEX_POINT($,#15851);
#4814=VERTEX_POINT($,#15853);
#4815=VERTEX_POINT($,#15857);
#4816=VERTEX_POINT($,#15858);
#4817=VERTEX_POINT($,#15860);
#4818=VERTEX_POINT($,#15862);
#4819=VERTEX_POINT($,#15869);
#4820=VERTEX_POINT($,#15870);
#4821=VERTEX_POINT($,#15872);
#4822=VERTEX_POINT($,#15874);
#4823=VERTEX_POINT($,#15878);
#4824=VERTEX_POINT($,#15879);
#4825=VERTEX_POINT($,#15881);
#4826=VERTEX_POINT($,#15883);
#4827=VERTEX_POINT($,#15890);
#4828=VERTEX_POINT($,#15891);
#4829=VERTEX_POINT($,#15893);
#4830=VERTEX_POINT($,#15895);
#4831=VERTEX_POINT($,#15899);
#4832=VERTEX_POINT($,#15900);
#4833=VERTEX_POINT($,#15902);
#4834=VERTEX_POINT($,#15904);
#4835=VERTEX_POINT($,#15908);
#4836=VERTEX_POINT($,#15910);
#4837=VERTEX_POINT($,#15914);
#4838=VERTEX_POINT($,#15915);
#4839=VERTEX_POINT($,#15918);
#4840=VERTEX_POINT($,#15923);
#4841=VERTEX_POINT($,#15927);
#4842=VERTEX_POINT($,#15931);
#4843=VERTEX_POINT($,#15933);
#4844=VERTEX_POINT($,#15937);
#4845=VERTEX_POINT($,#15938);
#4846=VERTEX_POINT($,#15940);
#4847=VERTEX_POINT($,#15942);
#4848=VERTEX_POINT($,#15946);
#4849=VERTEX_POINT($,#15947);
#4850=VERTEX_POINT($,#15949);
#4851=VERTEX_POINT($,#15951);
#4852=VERTEX_POINT($,#15955);
#4853=VERTEX_POINT($,#15956);
#4854=VERTEX_POINT($,#15958);
#4855=VERTEX_POINT($,#15960);
#4856=VERTEX_POINT($,#15964);
#4857=VERTEX_POINT($,#15967);
#4858=VERTEX_POINT($,#15972);
#4859=VERTEX_POINT($,#15974);
#4860=VERTEX_POINT($,#15978);
#4861=VERTEX_POINT($,#15979);
#4862=VERTEX_POINT($,#15981);
#4863=VERTEX_POINT($,#15983);
#4864=VERTEX_POINT($,#15987);
#4865=VERTEX_POINT($,#15988);
#4866=VERTEX_POINT($,#15990);
#4867=VERTEX_POINT($,#15992);
#4868=VERTEX_POINT($,#15999);
#4869=VERTEX_POINT($,#16001);
#4870=VERTEX_POINT($,#16003);
#4871=VERTEX_POINT($,#16005);
#4872=VERTEX_POINT($,#16014);
#4873=VERTEX_POINT($,#16015);
#4874=VERTEX_POINT($,#16017);
#4875=VERTEX_POINT($,#16019);
#4876=VERTEX_POINT($,#16023);
#4877=VERTEX_POINT($,#16024);
#4878=VERTEX_POINT($,#16034);
#4879=VERTEX_POINT($,#16036);
#4880=VERTEX_POINT($,#16038);
#4881=VERTEX_POINT($,#16040);
#4882=VERTEX_POINT($,#16044);
#4883=VERTEX_POINT($,#16045);
#4884=VERTEX_POINT($,#16050);
#4885=VERTEX_POINT($,#16052);
#4886=VERTEX_POINT($,#16058);
#4887=VERTEX_POINT($,#16060);
#4888=VERTEX_POINT($,#16108);
#4889=VERTEX_POINT($,#16110);
#4890=VERTEX_POINT($,#16112);
#4891=VERTEX_POINT($,#16114);
#4892=VERTEX_POINT($,#16116);
#4893=VERTEX_POINT($,#16118);
#4894=VERTEX_POINT($,#16120);
#4895=VERTEX_POINT($,#16122);
#4896=VERTEX_POINT($,#16124);
#4897=VERTEX_POINT($,#16129);
#4898=VERTEX_POINT($,#16131);
#4899=VERTEX_POINT($,#16133);
#4900=VERTEX_POINT($,#16135);
#4901=VERTEX_POINT($,#16137);
#4902=VERTEX_POINT($,#16139);
#4903=VERTEX_POINT($,#16141);
#4904=VERTEX_POINT($,#16145);
#4905=VERTEX_POINT($,#16146);
#4906=VERTEX_POINT($,#16148);
#4907=VERTEX_POINT($,#16150);
#4908=VERTEX_POINT($,#16154);
#4909=VERTEX_POINT($,#16155);
#4910=VERTEX_POINT($,#16158);
#4911=VERTEX_POINT($,#16160);
#4912=VERTEX_POINT($,#16164);
#4913=VERTEX_POINT($,#16166);
#4914=VERTEX_POINT($,#16168);
#4915=VERTEX_POINT($,#16170);
#4916=VERTEX_POINT($,#16172);
#4917=VERTEX_POINT($,#16174);
#4918=VERTEX_POINT($,#16176);
#4919=VERTEX_POINT($,#16178);
#4920=VERTEX_POINT($,#16180);
#4921=VERTEX_POINT($,#16182);
#4922=VERTEX_POINT($,#16184);
#4923=VERTEX_POINT($,#16188);
#4924=VERTEX_POINT($,#16190);
#4925=VERTEX_POINT($,#16192);
#4926=VERTEX_POINT($,#16194);
#4927=VERTEX_POINT($,#16198);
#4928=VERTEX_POINT($,#16200);
#4929=VERTEX_POINT($,#16202);
#4930=VERTEX_POINT($,#16206);
#4931=VERTEX_POINT($,#16207);
#4932=VERTEX_POINT($,#16212);
#4933=VERTEX_POINT($,#16214);
#4934=VERTEX_POINT($,#16218);
#4935=VERTEX_POINT($,#16220);
#4936=VERTEX_POINT($,#16224);
#4937=VERTEX_POINT($,#16225);
#4938=VERTEX_POINT($,#16227);
#4939=VERTEX_POINT($,#16229);
#4940=VERTEX_POINT($,#16233);
#4941=VERTEX_POINT($,#16235);
#4942=VERTEX_POINT($,#16239);
#4943=VERTEX_POINT($,#16243);
#4944=VERTEX_POINT($,#16248);
#4945=VERTEX_POINT($,#16254);
#4946=VERTEX_POINT($,#16256);
#4947=VERTEX_POINT($,#16258);
#4948=VERTEX_POINT($,#16262);
#4949=VERTEX_POINT($,#16263);
#4950=VERTEX_POINT($,#16265);
#4951=VERTEX_POINT($,#16267);
#4952=VERTEX_POINT($,#16271);
#4953=VERTEX_POINT($,#16273);
#4954=VERTEX_POINT($,#16276);
#4955=VERTEX_POINT($,#16280);
#4956=VERTEX_POINT($,#16282);
#4957=VERTEX_POINT($,#16284);
#4958=VERTEX_POINT($,#16293);
#4959=VERTEX_POINT($,#16299);
#4960=VERTEX_POINT($,#16304);
#4961=VERTEX_POINT($,#16306);
#4962=VERTEX_POINT($,#16310);
#4963=VERTEX_POINT($,#16312);
#4964=VERTEX_POINT($,#16316);
#4965=VERTEX_POINT($,#16318);
#4966=VERTEX_POINT($,#16330);
#4967=VERTEX_POINT($,#16332);
#4968=VERTEX_POINT($,#16336);
#4969=VERTEX_POINT($,#16342);
#4970=VERTEX_POINT($,#16343);
#4971=VERTEX_POINT($,#16345);
#4972=VERTEX_POINT($,#16347);
#4973=VERTEX_POINT($,#16349);
#4974=VERTEX_POINT($,#16351);
#4975=VERTEX_POINT($,#16355);
#4976=VERTEX_POINT($,#16359);
#4977=VERTEX_POINT($,#16363);
#4978=VERTEX_POINT($,#16365);
#4979=VERTEX_POINT($,#16373);
#4980=VERTEX_POINT($,#16375);
#4981=VERTEX_POINT($,#16379);
#4982=VERTEX_POINT($,#16380);
#4983=VERTEX_POINT($,#16382);
#4984=VERTEX_POINT($,#16384);
#4985=VERTEX_POINT($,#16388);
#4986=VERTEX_POINT($,#16390);
#4987=VERTEX_POINT($,#16392);
#4988=VERTEX_POINT($,#16394);
#4989=VERTEX_POINT($,#16398);
#4990=VERTEX_POINT($,#16402);
#4991=VERTEX_POINT($,#16403);
#4992=VERTEX_POINT($,#16438);
#4993=VERTEX_POINT($,#16439);
#4994=VERTEX_POINT($,#16441);
#4995=VERTEX_POINT($,#16443);
#4996=VERTEX_POINT($,#16447);
#4997=VERTEX_POINT($,#16448);
#4998=VERTEX_POINT($,#16450);
#4999=VERTEX_POINT($,#16452);
#5000=VERTEX_POINT($,#16454);
#5001=VERTEX_POINT($,#16456);
#5002=VERTEX_POINT($,#16458);
#5003=VERTEX_POINT($,#16461);
#5004=VERTEX_POINT($,#16465);
#5005=VERTEX_POINT($,#16467);
#5006=VERTEX_POINT($,#16471);
#5007=VERTEX_POINT($,#16473);
#5008=VERTEX_POINT($,#16477);
#5009=VERTEX_POINT($,#16479);
#5010=VERTEX_POINT($,#16483);
#5011=VERTEX_POINT($,#16487);
#5012=VERTEX_POINT($,#16488);
#5013=VERTEX_POINT($,#16490);
#5014=VERTEX_POINT($,#16492);
#5015=VERTEX_POINT($,#16496);
#5016=VERTEX_POINT($,#16497);
#5017=VERTEX_POINT($,#16499);
#5018=VERTEX_POINT($,#16501);
#5019=VERTEX_POINT($,#16505);
#5020=VERTEX_POINT($,#16508);
#5021=VERTEX_POINT($,#16512);
#5022=VERTEX_POINT($,#16513);
#5023=VERTEX_POINT($,#16515);
#5024=VERTEX_POINT($,#16517);
#5025=VERTEX_POINT($,#16521);
#5026=VERTEX_POINT($,#16522);
#5027=VERTEX_POINT($,#16524);
#5028=VERTEX_POINT($,#16526);
#5029=VERTEX_POINT($,#16530);
#5030=VERTEX_POINT($,#16533);
#5031=VERTEX_POINT($,#16537);
#5032=VERTEX_POINT($,#16538);
#5033=VERTEX_POINT($,#16540);
#5034=VERTEX_POINT($,#16542);
#5035=VERTEX_POINT($,#16546);
#5036=VERTEX_POINT($,#16548);
#5037=VERTEX_POINT($,#16550);
#5038=VERTEX_POINT($,#16554);
#5039=VERTEX_POINT($,#16555);
#5040=VERTEX_POINT($,#16557);
#5041=VERTEX_POINT($,#16559);
#5042=VERTEX_POINT($,#16564);
#5043=VERTEX_POINT($,#16566);
#5044=VERTEX_POINT($,#16570);
#5045=VERTEX_POINT($,#16571);
#5046=VERTEX_POINT($,#16573);
#5047=VERTEX_POINT($,#16575);
#5048=VERTEX_POINT($,#16582);
#5049=VERTEX_POINT($,#16583);
#5050=VERTEX_POINT($,#16586);
#5051=VERTEX_POINT($,#16588);
#5052=VERTEX_POINT($,#16592);
#5053=VERTEX_POINT($,#16593);
#5054=VERTEX_POINT($,#16598);
#5055=VERTEX_POINT($,#16600);
#5056=VERTEX_POINT($,#16602);
#5057=VERTEX_POINT($,#16606);
#5058=VERTEX_POINT($,#16611);
#5059=VERTEX_POINT($,#16615);
#5060=VERTEX_POINT($,#16617);
#5061=VERTEX_POINT($,#16623);
#5062=VERTEX_POINT($,#16625);
#5063=VERTEX_POINT($,#16629);
#5064=VERTEX_POINT($,#16632);
#5065=VERTEX_POINT($,#16634);
#5066=VERTEX_POINT($,#16639);
#5067=VERTEX_POINT($,#16641);
#5068=VERTEX_POINT($,#16643);
#5069=VERTEX_POINT($,#16653);
#5070=VERTEX_POINT($,#16656);
#5071=VERTEX_POINT($,#16658);
#5072=VERTEX_POINT($,#16663);
#5073=VERTEX_POINT($,#16665);
#5074=VERTEX_POINT($,#16667);
#5075=VERTEX_POINT($,#16677);
#5076=VERTEX_POINT($,#16680);
#5077=VERTEX_POINT($,#16682);
#5078=VERTEX_POINT($,#16686);
#5079=VERTEX_POINT($,#16688);
#5080=VERTEX_POINT($,#16690);
#5081=VERTEX_POINT($,#16692);
#5082=VERTEX_POINT($,#16714);
#5083=VERTEX_POINT($,#16716);
#5084=VERTEX_POINT($,#16718);
#5085=VERTEX_POINT($,#16720);
#5086=VERTEX_POINT($,#16724);
#5087=VERTEX_POINT($,#16726);
#5088=VERTEX_POINT($,#16728);
#5089=VERTEX_POINT($,#16732);
#5090=VERTEX_POINT($,#16736);
#5091=VERTEX_POINT($,#16737);
#5092=VERTEX_POINT($,#16739);
#5093=VERTEX_POINT($,#16741);
#5094=VERTEX_POINT($,#16745);
#5095=VERTEX_POINT($,#16746);
#5096=VERTEX_POINT($,#16748);
#5097=VERTEX_POINT($,#16751);
#5098=VERTEX_POINT($,#16755);
#5099=VERTEX_POINT($,#16757);
#5100=VERTEX_POINT($,#16761);
#5101=VERTEX_POINT($,#16766);
#5102=VERTEX_POINT($,#16768);
#5103=VERTEX_POINT($,#16780);
#5104=VERTEX_POINT($,#16781);
#5105=VERTEX_POINT($,#16783);
#5106=VERTEX_POINT($,#16785);
#5107=VERTEX_POINT($,#16789);
#5108=VERTEX_POINT($,#16791);
#5109=VERTEX_POINT($,#16793);
#5110=VERTEX_POINT($,#16797);
#5111=VERTEX_POINT($,#16798);
#5112=VERTEX_POINT($,#16800);
#5113=VERTEX_POINT($,#16805);
#5114=VERTEX_POINT($,#16807);
#5115=VERTEX_POINT($,#16811);
#5116=VERTEX_POINT($,#16813);
#5117=VERTEX_POINT($,#16817);
#5118=VERTEX_POINT($,#16819);
#5119=VERTEX_POINT($,#16823);
#5120=VERTEX_POINT($,#16825);
#5121=VERTEX_POINT($,#16829);
#5122=VERTEX_POINT($,#16831);
#5123=VERTEX_POINT($,#16835);
#5124=VERTEX_POINT($,#16837);
#5125=VERTEX_POINT($,#16839);
#5126=VERTEX_POINT($,#16843);
#5127=VERTEX_POINT($,#16850);
#5128=VERTEX_POINT($,#16852);
#5129=VERTEX_POINT($,#16856);
#5130=VERTEX_POINT($,#16860);
#5131=VERTEX_POINT($,#16864);
#5132=VERTEX_POINT($,#16867);
#5133=VERTEX_POINT($,#16869);
#5134=VERTEX_POINT($,#16871);
#5135=VERTEX_POINT($,#16875);
#5136=VERTEX_POINT($,#16877);
#5137=VERTEX_POINT($,#16879);
#5138=VERTEX_POINT($,#16893);
#5139=EDGE_CURVE($,#4171,#4172,#3890,.T.);
#5140=EDGE_CURVE($,#4171,#4173,#1508,.T.);
#5141=EDGE_CURVE($,#4173,#4174,#3891,.T.);
#5142=EDGE_CURVE($,#4172,#4174,#1509,.T.);
#5143=EDGE_CURVE($,#4175,#4176,#1510,.T.);
#5144=EDGE_CURVE($,#4177,#4176,#1511,.T.);
#5145=EDGE_CURVE($,#4178,#4177,#1512,.T.);
#5146=EDGE_CURVE($,#4178,#4175,#1513,.T.);
#5147=EDGE_CURVE($,#4176,#4179,#3892,.T.);
#5148=EDGE_CURVE($,#4180,#4179,#1514,.T.);
#5149=EDGE_CURVE($,#4177,#4180,#3893,.T.);
#5150=EDGE_CURVE($,#4179,#4181,#1515,.T.);
#5151=EDGE_CURVE($,#4182,#4181,#1516,.T.);
#5152=EDGE_CURVE($,#4180,#4182,#1517,.T.);
#5153=EDGE_CURVE($,#4181,#4183,#3894,.T.);
#5154=EDGE_CURVE($,#4184,#4183,#1518,.T.);
#5155=EDGE_CURVE($,#4182,#4184,#3895,.T.);
#5156=EDGE_CURVE($,#4183,#4185,#1519,.T.);
#5157=EDGE_CURVE($,#4186,#4185,#1520,.T.);
#5158=EDGE_CURVE($,#4184,#4186,#1521,.T.);
#5159=EDGE_CURVE($,#4185,#4187,#3896,.T.);
#5160=EDGE_CURVE($,#4188,#4187,#1522,.T.);
#5161=EDGE_CURVE($,#4186,#4188,#3897,.T.);
#5162=EDGE_CURVE($,#4187,#4189,#1523,.T.);
#5163=EDGE_CURVE($,#4190,#4189,#1524,.T.);
#5164=EDGE_CURVE($,#4188,#4190,#1525,.T.);
#5165=EDGE_CURVE($,#4189,#4191,#3898,.T.);
#5166=EDGE_CURVE($,#4192,#4191,#1526,.T.);
#5167=EDGE_CURVE($,#4190,#4192,#3899,.T.);
#5168=EDGE_CURVE($,#4191,#4173,#1527,.T.);
#5169=EDGE_CURVE($,#4192,#4171,#1528,.T.);
#5170=EDGE_CURVE($,#4174,#4193,#1529,.T.);
#5171=EDGE_CURVE($,#4194,#4193,#1530,.T.);
#5172=EDGE_CURVE($,#4172,#4194,#1531,.T.);
#5173=EDGE_CURVE($,#4193,#4195,#3900,.T.);
#5174=EDGE_CURVE($,#4196,#4195,#1532,.T.);
#5175=EDGE_CURVE($,#4194,#4196,#3901,.T.);
#5176=EDGE_CURVE($,#4195,#4197,#1533,.T.);
#5177=EDGE_CURVE($,#4198,#4197,#1534,.T.);
#5178=EDGE_CURVE($,#4196,#4198,#1535,.T.);
#5179=EDGE_CURVE($,#4197,#4199,#3902,.T.);
#5180=EDGE_CURVE($,#4200,#4199,#1536,.T.);
#5181=EDGE_CURVE($,#4198,#4200,#3903,.T.);
#5182=EDGE_CURVE($,#4199,#4201,#3904,.T.);
#5183=EDGE_CURVE($,#4202,#4201,#1537,.T.);
#5184=EDGE_CURVE($,#4200,#4202,#3905,.T.);
#5185=EDGE_CURVE($,#4201,#4203,#1538,.T.);
#5186=EDGE_CURVE($,#4204,#4203,#1539,.T.);
#5187=EDGE_CURVE($,#4202,#4204,#1540,.T.);
#5188=EDGE_CURVE($,#4203,#4175,#1541,.T.);
#5189=EDGE_CURVE($,#4204,#4178,#1542,.T.);
#5190=EDGE_CURVE($,#4205,#4206,#1543,.T.);
#5191=EDGE_CURVE($,#4207,#4206,#1544,.T.);
#5192=EDGE_CURVE($,#4208,#4207,#1545,.T.);
#5193=EDGE_CURVE($,#4208,#4205,#1546,.T.);
#5194=EDGE_CURVE($,#4206,#4209,#1547,.T.);
#5195=EDGE_CURVE($,#4210,#4209,#1548,.T.);
#5196=EDGE_CURVE($,#4207,#4210,#1549,.T.);
#5197=EDGE_CURVE($,#4209,#4211,#3906,.T.);
#5198=EDGE_CURVE($,#4212,#4211,#1550,.T.);
#5199=EDGE_CURVE($,#4210,#4212,#3907,.T.);
#5200=EDGE_CURVE($,#4211,#4213,#1551,.T.);
#5201=EDGE_CURVE($,#4214,#4213,#1552,.T.);
#5202=EDGE_CURVE($,#4212,#4214,#1553,.T.);
#5203=EDGE_CURVE($,#4213,#4215,#3908,.T.);
#5204=EDGE_CURVE($,#4216,#4215,#1554,.T.);
#5205=EDGE_CURVE($,#4214,#4216,#3909,.T.);
#5206=EDGE_CURVE($,#4215,#4217,#1555,.T.);
#5207=EDGE_CURVE($,#4218,#4217,#1556,.T.);
#5208=EDGE_CURVE($,#4216,#4218,#1557,.T.);
#5209=EDGE_CURVE($,#4217,#4219,#3910,.T.);
#5210=EDGE_CURVE($,#4220,#4219,#1558,.T.);
#5211=EDGE_CURVE($,#4218,#4220,#3911,.T.);
#5212=EDGE_CURVE($,#4219,#4221,#1559,.T.);
#5213=EDGE_CURVE($,#4222,#4221,#1560,.T.);
#5214=EDGE_CURVE($,#4220,#4222,#1561,.T.);
#5215=EDGE_CURVE($,#4221,#4223,#1562,.T.);
#5216=EDGE_CURVE($,#4224,#4223,#1563,.T.);
#5217=EDGE_CURVE($,#4222,#4224,#1564,.T.);
#5218=EDGE_CURVE($,#4223,#4225,#1565,.T.);
#5219=EDGE_CURVE($,#4226,#4225,#1566,.T.);
#5220=EDGE_CURVE($,#4224,#4226,#1567,.T.);
#5221=EDGE_CURVE($,#4225,#4227,#1568,.T.);
#5222=EDGE_CURVE($,#4228,#4227,#1569,.T.);
#5223=EDGE_CURVE($,#4226,#4228,#1570,.T.);
#5224=EDGE_CURVE($,#4227,#4229,#3912,.T.);
#5225=EDGE_CURVE($,#4230,#4229,#1571,.T.);
#5226=EDGE_CURVE($,#4228,#4230,#3913,.T.);
#5227=EDGE_CURVE($,#4229,#4231,#1572,.T.);
#5228=EDGE_CURVE($,#4232,#4231,#1573,.T.);
#5229=EDGE_CURVE($,#4230,#4232,#1574,.T.);
#5230=EDGE_CURVE($,#4231,#4233,#3914,.T.);
#5231=EDGE_CURVE($,#4234,#4233,#1575,.T.);
#5232=EDGE_CURVE($,#4232,#4234,#3915,.T.);
#5233=EDGE_CURVE($,#4233,#4235,#1576,.T.);
#5234=EDGE_CURVE($,#4236,#4235,#1577,.T.);
#5235=EDGE_CURVE($,#4234,#4236,#1578,.T.);
#5236=EDGE_CURVE($,#4235,#4205,#3916,.T.);
#5237=EDGE_CURVE($,#4236,#4208,#3917,.T.);
#5238=EDGE_CURVE($,#4237,#4238,#1579,.T.);
#5239=EDGE_CURVE($,#4239,#4238,#1580,.T.);
#5240=EDGE_CURVE($,#4240,#4239,#1581,.T.);
#5241=EDGE_CURVE($,#4240,#4237,#1582,.T.);
#5242=EDGE_CURVE($,#4238,#4241,#1583,.T.);
#5243=EDGE_CURVE($,#4242,#4241,#1584,.T.);
#5244=EDGE_CURVE($,#4239,#4242,#1585,.T.);
#5245=EDGE_CURVE($,#4241,#4243,#3918,.T.);
#5246=EDGE_CURVE($,#4244,#4243,#1586,.T.);
#5247=EDGE_CURVE($,#4242,#4244,#3919,.T.);
#5248=EDGE_CURVE($,#4243,#4245,#3920,.T.);
#5249=EDGE_CURVE($,#4246,#4245,#1587,.T.);
#5250=EDGE_CURVE($,#4244,#4246,#3921,.T.);
#5251=EDGE_CURVE($,#4245,#4247,#1588,.T.);
#5252=EDGE_CURVE($,#4248,#4247,#1589,.T.);
#5253=EDGE_CURVE($,#4246,#4248,#1590,.T.);
#5254=EDGE_CURVE($,#4247,#4249,#3922,.T.);
#5255=EDGE_CURVE($,#4250,#4249,#1591,.T.);
#5256=EDGE_CURVE($,#4248,#4250,#3923,.T.);
#5257=EDGE_CURVE($,#4249,#4251,#1592,.T.);
#5258=EDGE_CURVE($,#4252,#4251,#1593,.T.);
#5259=EDGE_CURVE($,#4250,#4252,#1594,.T.);
#5260=EDGE_CURVE($,#4251,#4253,#3924,.T.);
#5261=EDGE_CURVE($,#4254,#4253,#1595,.T.);
#5262=EDGE_CURVE($,#4252,#4254,#3925,.T.);
#5263=EDGE_CURVE($,#4253,#4255,#1596,.T.);
#5264=EDGE_CURVE($,#4256,#4255,#1597,.T.);
#5265=EDGE_CURVE($,#4254,#4256,#1598,.T.);
#5266=EDGE_CURVE($,#4255,#4257,#3926,.T.);
#5267=EDGE_CURVE($,#4258,#4257,#1599,.T.);
#5268=EDGE_CURVE($,#4256,#4258,#3927,.T.);
#5269=EDGE_CURVE($,#4257,#4259,#1600,.T.);
#5270=EDGE_CURVE($,#4260,#4259,#1601,.T.);
#5271=EDGE_CURVE($,#4258,#4260,#1602,.T.);
#5272=EDGE_CURVE($,#4259,#4261,#3928,.T.);
#5273=EDGE_CURVE($,#4262,#4261,#1603,.T.);
#5274=EDGE_CURVE($,#4260,#4262,#3929,.T.);
#5275=EDGE_CURVE($,#4261,#4237,#1604,.T.);
#5276=EDGE_CURVE($,#4262,#4240,#1605,.T.);
#5277=EDGE_CURVE($,#4263,#4264,#1606,.T.);
#5278=EDGE_CURVE($,#4265,#4264,#1607,.T.);
#5279=EDGE_CURVE($,#4266,#4265,#1608,.T.);
#5280=EDGE_CURVE($,#4266,#4263,#1609,.T.);
#5281=EDGE_CURVE($,#4264,#4267,#1610,.T.);
#5282=EDGE_CURVE($,#4268,#4267,#1611,.T.);
#5283=EDGE_CURVE($,#4265,#4268,#1612,.T.);
#5284=EDGE_CURVE($,#4267,#4269,#3930,.T.);
#5285=EDGE_CURVE($,#4270,#4269,#1613,.T.);
#5286=EDGE_CURVE($,#4268,#4270,#3931,.T.);
#5287=EDGE_CURVE($,#4269,#4271,#1614,.T.);
#5288=EDGE_CURVE($,#4272,#4271,#1615,.T.);
#5289=EDGE_CURVE($,#4270,#4272,#1616,.T.);
#5290=EDGE_CURVE($,#4271,#4273,#3932,.T.);
#5291=EDGE_CURVE($,#4274,#4273,#1617,.T.);
#5292=EDGE_CURVE($,#4272,#4274,#3933,.T.);
#5293=EDGE_CURVE($,#4273,#4275,#1618,.T.);
#5294=EDGE_CURVE($,#4276,#4275,#1619,.T.);
#5295=EDGE_CURVE($,#4274,#4276,#1620,.T.);
#5296=EDGE_CURVE($,#4275,#4277,#3934,.T.);
#5297=EDGE_CURVE($,#4278,#4277,#1621,.T.);
#5298=EDGE_CURVE($,#4276,#4278,#3935,.T.);
#5299=EDGE_CURVE($,#4277,#4279,#1622,.T.);
#5300=EDGE_CURVE($,#4280,#4279,#1623,.T.);
#5301=EDGE_CURVE($,#4278,#4280,#1624,.T.);
#5302=EDGE_CURVE($,#4279,#4281,#1625,.T.);
#5303=EDGE_CURVE($,#4282,#4281,#1626,.T.);
#5304=EDGE_CURVE($,#4280,#4282,#1627,.T.);
#5305=EDGE_CURVE($,#4281,#4283,#1628,.T.);
#5306=EDGE_CURVE($,#4284,#4283,#1629,.T.);
#5307=EDGE_CURVE($,#4282,#4284,#1630,.T.);
#5308=EDGE_CURVE($,#4283,#4285,#1631,.T.);
#5309=EDGE_CURVE($,#4286,#4285,#1632,.T.);
#5310=EDGE_CURVE($,#4284,#4286,#1633,.T.);
#5311=EDGE_CURVE($,#4285,#4287,#3936,.T.);
#5312=EDGE_CURVE($,#4288,#4287,#1634,.T.);
#5313=EDGE_CURVE($,#4286,#4288,#3937,.T.);
#5314=EDGE_CURVE($,#4287,#4289,#1635,.T.);
#5315=EDGE_CURVE($,#4290,#4289,#1636,.T.);
#5316=EDGE_CURVE($,#4288,#4290,#1637,.T.);
#5317=EDGE_CURVE($,#4289,#4291,#3938,.T.);
#5318=EDGE_CURVE($,#4292,#4291,#1638,.T.);
#5319=EDGE_CURVE($,#4290,#4292,#3939,.T.);
#5320=EDGE_CURVE($,#4291,#4293,#1639,.T.);
#5321=EDGE_CURVE($,#4294,#4293,#1640,.T.);
#5322=EDGE_CURVE($,#4292,#4294,#1641,.T.);
#5323=EDGE_CURVE($,#4293,#4263,#3940,.T.);
#5324=EDGE_CURVE($,#4294,#4266,#3941,.T.);
#5325=EDGE_CURVE($,#4295,#4296,#1642,.T.);
#5326=EDGE_CURVE($,#4297,#4296,#1643,.T.);
#5327=EDGE_CURVE($,#4298,#4297,#1644,.T.);
#5328=EDGE_CURVE($,#4298,#4295,#1645,.T.);
#5329=EDGE_CURVE($,#4296,#4299,#1646,.T.);
#5330=EDGE_CURVE($,#4300,#4299,#1647,.T.);
#5331=EDGE_CURVE($,#4297,#4300,#1648,.T.);
#5332=EDGE_CURVE($,#4299,#4301,#3942,.T.);
#5333=EDGE_CURVE($,#4302,#4301,#1649,.T.);
#5334=EDGE_CURVE($,#4300,#4302,#3943,.T.);
#5335=EDGE_CURVE($,#4301,#4303,#1650,.T.);
#5336=EDGE_CURVE($,#4304,#4303,#1651,.T.);
#5337=EDGE_CURVE($,#4302,#4304,#1652,.T.);
#5338=EDGE_CURVE($,#4303,#4305,#3944,.T.);
#5339=EDGE_CURVE($,#4306,#4305,#1653,.T.);
#5340=EDGE_CURVE($,#4304,#4306,#3945,.T.);
#5341=EDGE_CURVE($,#4305,#4307,#1654,.T.);
#5342=EDGE_CURVE($,#4308,#4307,#1655,.T.);
#5343=EDGE_CURVE($,#4306,#4308,#1656,.T.);
#5344=EDGE_CURVE($,#4307,#4309,#3946,.T.);
#5345=EDGE_CURVE($,#4310,#4309,#1657,.T.);
#5346=EDGE_CURVE($,#4308,#4310,#3947,.T.);
#5347=EDGE_CURVE($,#4309,#4311,#1658,.T.);
#5348=EDGE_CURVE($,#4312,#4311,#1659,.T.);
#5349=EDGE_CURVE($,#4310,#4312,#1660,.T.);
#5350=EDGE_CURVE($,#4311,#4313,#1661,.T.);
#5351=EDGE_CURVE($,#4314,#4313,#1662,.T.);
#5352=EDGE_CURVE($,#4312,#4314,#1663,.T.);
#5353=EDGE_CURVE($,#4313,#4315,#1664,.T.);
#5354=EDGE_CURVE($,#4316,#4315,#1665,.T.);
#5355=EDGE_CURVE($,#4314,#4316,#1666,.T.);
#5356=EDGE_CURVE($,#4315,#4317,#1667,.T.);
#5357=EDGE_CURVE($,#4318,#4317,#1668,.T.);
#5358=EDGE_CURVE($,#4316,#4318,#1669,.T.);
#5359=EDGE_CURVE($,#4317,#4319,#3948,.T.);
#5360=EDGE_CURVE($,#4320,#4319,#1670,.T.);
#5361=EDGE_CURVE($,#4318,#4320,#3949,.T.);
#5362=EDGE_CURVE($,#4319,#4321,#1671,.T.);
#5363=EDGE_CURVE($,#4322,#4321,#1672,.T.);
#5364=EDGE_CURVE($,#4320,#4322,#1673,.T.);
#5365=EDGE_CURVE($,#4321,#4323,#3950,.T.);
#5366=EDGE_CURVE($,#4324,#4323,#1674,.T.);
#5367=EDGE_CURVE($,#4322,#4324,#3951,.T.);
#5368=EDGE_CURVE($,#4323,#4325,#1675,.T.);
#5369=EDGE_CURVE($,#4326,#4325,#1676,.T.);
#5370=EDGE_CURVE($,#4324,#4326,#1677,.T.);
#5371=EDGE_CURVE($,#4325,#4295,#3952,.T.);
#5372=EDGE_CURVE($,#4326,#4298,#3953,.T.);
#5373=EDGE_CURVE($,#4327,#4328,#1678,.T.);
#5374=EDGE_CURVE($,#4329,#4328,#1679,.T.);
#5375=EDGE_CURVE($,#4330,#4329,#1680,.T.);
#5376=EDGE_CURVE($,#4330,#4327,#1681,.T.);
#5377=EDGE_CURVE($,#4328,#4331,#1682,.T.);
#5378=EDGE_CURVE($,#4332,#4331,#1683,.T.);
#5379=EDGE_CURVE($,#4329,#4332,#1684,.T.);
#5380=EDGE_CURVE($,#4331,#4333,#3954,.T.);
#5381=EDGE_CURVE($,#4334,#4333,#1685,.T.);
#5382=EDGE_CURVE($,#4332,#4334,#3955,.T.);
#5383=EDGE_CURVE($,#4333,#4335,#1686,.T.);
#5384=EDGE_CURVE($,#4336,#4335,#1687,.T.);
#5385=EDGE_CURVE($,#4334,#4336,#1688,.T.);
#5386=EDGE_CURVE($,#4335,#4337,#3956,.T.);
#5387=EDGE_CURVE($,#4338,#4337,#1689,.T.);
#5388=EDGE_CURVE($,#4336,#4338,#3957,.T.);
#5389=EDGE_CURVE($,#4337,#4339,#1690,.T.);
#5390=EDGE_CURVE($,#4340,#4339,#1691,.T.);
#5391=EDGE_CURVE($,#4338,#4340,#1692,.T.);
#5392=EDGE_CURVE($,#4339,#4341,#3958,.T.);
#5393=EDGE_CURVE($,#4342,#4341,#1693,.T.);
#5394=EDGE_CURVE($,#4340,#4342,#3959,.T.);
#5395=EDGE_CURVE($,#4341,#4343,#1694,.T.);
#5396=EDGE_CURVE($,#4344,#4343,#1695,.T.);
#5397=EDGE_CURVE($,#4342,#4344,#1696,.T.);
#5398=EDGE_CURVE($,#4343,#4345,#1697,.T.);
#5399=EDGE_CURVE($,#4346,#4345,#1698,.T.);
#5400=EDGE_CURVE($,#4344,#4346,#1699,.T.);
#5401=EDGE_CURVE($,#4345,#4347,#1700,.T.);
#5402=EDGE_CURVE($,#4348,#4347,#1701,.T.);
#5403=EDGE_CURVE($,#4346,#4348,#1702,.T.);
#5404=EDGE_CURVE($,#4347,#4349,#1703,.T.);
#5405=EDGE_CURVE($,#4350,#4349,#1704,.T.);
#5406=EDGE_CURVE($,#4348,#4350,#1705,.T.);
#5407=EDGE_CURVE($,#4349,#4351,#3960,.T.);
#5408=EDGE_CURVE($,#4352,#4351,#1706,.T.);
#5409=EDGE_CURVE($,#4350,#4352,#3961,.T.);
#5410=EDGE_CURVE($,#4351,#4353,#1707,.T.);
#5411=EDGE_CURVE($,#4354,#4353,#1708,.T.);
#5412=EDGE_CURVE($,#4352,#4354,#1709,.T.);
#5413=EDGE_CURVE($,#4353,#4355,#3962,.T.);
#5414=EDGE_CURVE($,#4356,#4355,#1710,.T.);
#5415=EDGE_CURVE($,#4354,#4356,#3963,.T.);
#5416=EDGE_CURVE($,#4355,#4357,#1711,.T.);
#5417=EDGE_CURVE($,#4358,#4357,#1712,.T.);
#5418=EDGE_CURVE($,#4356,#4358,#1713,.T.);
#5419=EDGE_CURVE($,#4357,#4327,#3964,.T.);
#5420=EDGE_CURVE($,#4358,#4330,#3965,.T.);
#5421=EDGE_CURVE($,#4359,#4360,#1714,.T.);
#5422=EDGE_CURVE($,#4361,#4360,#1715,.T.);
#5423=EDGE_CURVE($,#4362,#4361,#1716,.T.);
#5424=EDGE_CURVE($,#4362,#4359,#1717,.T.);
#5425=EDGE_CURVE($,#4360,#4363,#1718,.T.);
#5426=EDGE_CURVE($,#4364,#4363,#1719,.T.);
#5427=EDGE_CURVE($,#4361,#4364,#1720,.T.);
#5428=EDGE_CURVE($,#4363,#4365,#3966,.T.);
#5429=EDGE_CURVE($,#4366,#4365,#1721,.T.);
#5430=EDGE_CURVE($,#4364,#4366,#3967,.T.);
#5431=EDGE_CURVE($,#4365,#4367,#3968,.T.);
#5432=EDGE_CURVE($,#4368,#4367,#1722,.T.);
#5433=EDGE_CURVE($,#4366,#4368,#3969,.T.);
#5434=EDGE_CURVE($,#4367,#4369,#1723,.T.);
#5435=EDGE_CURVE($,#4370,#4369,#1724,.T.);
#5436=EDGE_CURVE($,#4368,#4370,#1725,.T.);
#5437=EDGE_CURVE($,#4369,#4371,#3970,.T.);
#5438=EDGE_CURVE($,#4372,#4371,#1726,.T.);
#5439=EDGE_CURVE($,#4370,#4372,#3971,.T.);
#5440=EDGE_CURVE($,#4371,#4373,#3972,.T.);
#5441=EDGE_CURVE($,#4374,#4373,#1727,.T.);
#5442=EDGE_CURVE($,#4375,#4374,#3973,.T.);
#5443=EDGE_CURVE($,#4375,#4371,#1728,.T.);
#5444=EDGE_CURVE($,#4373,#4376,#1729,.T.);
#5445=EDGE_CURVE($,#4377,#4376,#1730,.T.);
#5446=EDGE_CURVE($,#4374,#4377,#1731,.T.);
#5447=EDGE_CURVE($,#4376,#4378,#3974,.T.);
#5448=EDGE_CURVE($,#4379,#4378,#1732,.T.);
#5449=EDGE_CURVE($,#4377,#4379,#3975,.T.);
#5450=EDGE_CURVE($,#4378,#4380,#1733,.T.);
#5451=EDGE_CURVE($,#4381,#4380,#1734,.T.);
#5452=EDGE_CURVE($,#4379,#4381,#1735,.T.);
#5453=EDGE_CURVE($,#4380,#4382,#3976,.T.);
#5454=EDGE_CURVE($,#4383,#4382,#1736,.T.);
#5455=EDGE_CURVE($,#4381,#4383,#3977,.T.);
#5456=EDGE_CURVE($,#4382,#4359,#1737,.T.);
#5457=EDGE_CURVE($,#4383,#4362,#1738,.T.);
#5458=EDGE_CURVE($,#4372,#4375,#1739,.T.);
#5459=EDGE_CURVE($,#4384,#4385,#1740,.T.);
#5460=EDGE_CURVE($,#4386,#4385,#1741,.T.);
#5461=EDGE_CURVE($,#4387,#4386,#1742,.T.);
#5462=EDGE_CURVE($,#4387,#4384,#1743,.T.);
#5463=EDGE_CURVE($,#4385,#4388,#1744,.T.);
#5464=EDGE_CURVE($,#4389,#4388,#1745,.T.);
#5465=EDGE_CURVE($,#4386,#4389,#1746,.T.);
#5466=EDGE_CURVE($,#4388,#4390,#3978,.T.);
#5467=EDGE_CURVE($,#4391,#4390,#1747,.T.);
#5468=EDGE_CURVE($,#4389,#4391,#3979,.T.);
#5469=EDGE_CURVE($,#4390,#4392,#3980,.T.);
#5470=EDGE_CURVE($,#4393,#4392,#1748,.T.);
#5471=EDGE_CURVE($,#4391,#4393,#3981,.T.);
#5472=EDGE_CURVE($,#4392,#4394,#1749,.T.);
#5473=EDGE_CURVE($,#4395,#4394,#1750,.T.);
#5474=EDGE_CURVE($,#4393,#4395,#1751,.T.);
#5475=EDGE_CURVE($,#4394,#4396,#3982,.T.);
#5476=EDGE_CURVE($,#4397,#4396,#1752,.T.);
#5477=EDGE_CURVE($,#4395,#4397,#3983,.T.);
#5478=EDGE_CURVE($,#4396,#4398,#1753,.T.);
#5479=EDGE_CURVE($,#4399,#4398,#1754,.T.);
#5480=EDGE_CURVE($,#4397,#4399,#1755,.T.);
#5481=EDGE_CURVE($,#4398,#4400,#3984,.T.);
#5482=EDGE_CURVE($,#4401,#4400,#1756,.T.);
#5483=EDGE_CURVE($,#4399,#4401,#3985,.T.);
#5484=EDGE_CURVE($,#4400,#4402,#1757,.T.);
#5485=EDGE_CURVE($,#4403,#4402,#1758,.T.);
#5486=EDGE_CURVE($,#4401,#4403,#1759,.T.);
#5487=EDGE_CURVE($,#4402,#4404,#3986,.T.);
#5488=EDGE_CURVE($,#4405,#4404,#1760,.T.);
#5489=EDGE_CURVE($,#4403,#4405,#3987,.T.);
#5490=EDGE_CURVE($,#4404,#4406,#1761,.T.);
#5491=EDGE_CURVE($,#4407,#4406,#1762,.T.);
#5492=EDGE_CURVE($,#4405,#4407,#1763,.T.);
#5493=EDGE_CURVE($,#4406,#4408,#3988,.T.);
#5494=EDGE_CURVE($,#4409,#4408,#1764,.T.);
#5495=EDGE_CURVE($,#4407,#4409,#3989,.T.);
#5496=EDGE_CURVE($,#4408,#4384,#1765,.T.);
#5497=EDGE_CURVE($,#4409,#4387,#1766,.T.);
#5498=EDGE_CURVE($,#4410,#4411,#1767,.T.);
#5499=EDGE_CURVE($,#4412,#4411,#1768,.T.);
#5500=EDGE_CURVE($,#4413,#4412,#1769,.T.);
#5501=EDGE_CURVE($,#4413,#4410,#1770,.T.);
#5502=EDGE_CURVE($,#4411,#4414,#1771,.T.);
#5503=EDGE_CURVE($,#4415,#4414,#1772,.T.);
#5504=EDGE_CURVE($,#4412,#4415,#1773,.T.);
#5505=EDGE_CURVE($,#4414,#4416,#3990,.T.);
#5506=EDGE_CURVE($,#4417,#4416,#1774,.T.);
#5507=EDGE_CURVE($,#4415,#4417,#3991,.T.);
#5508=EDGE_CURVE($,#4416,#4418,#3992,.T.);
#5509=EDGE_CURVE($,#4419,#4418,#1775,.T.);
#5510=EDGE_CURVE($,#4417,#4419,#3993,.T.);
#5511=EDGE_CURVE($,#4418,#4420,#1776,.T.);
#5512=EDGE_CURVE($,#4421,#4420,#1777,.T.);
#5513=EDGE_CURVE($,#4419,#4421,#1778,.T.);
#5514=EDGE_CURVE($,#4420,#4422,#3994,.T.);
#5515=EDGE_CURVE($,#4423,#4422,#1779,.T.);
#5516=EDGE_CURVE($,#4421,#4423,#3995,.T.);
#5517=EDGE_CURVE($,#4422,#4424,#1780,.T.);
#5518=EDGE_CURVE($,#4425,#4424,#1781,.T.);
#5519=EDGE_CURVE($,#4423,#4425,#1782,.T.);
#5520=EDGE_CURVE($,#4424,#4426,#3996,.T.);
#5521=EDGE_CURVE($,#4427,#4426,#1783,.T.);
#5522=EDGE_CURVE($,#4425,#4427,#3997,.T.);
#5523=EDGE_CURVE($,#4426,#4428,#1784,.T.);
#5524=EDGE_CURVE($,#4429,#4428,#1785,.T.);
#5525=EDGE_CURVE($,#4427,#4429,#1786,.T.);
#5526=EDGE_CURVE($,#4428,#4430,#3998,.T.);
#5527=EDGE_CURVE($,#4431,#4430,#1787,.T.);
#5528=EDGE_CURVE($,#4429,#4431,#3999,.T.);
#5529=EDGE_CURVE($,#4430,#4432,#1788,.T.);
#5530=EDGE_CURVE($,#4433,#4432,#1789,.T.);
#5531=EDGE_CURVE($,#4431,#4433,#1790,.T.);
#5532=EDGE_CURVE($,#4432,#4434,#4000,.T.);
#5533=EDGE_CURVE($,#4435,#4434,#1791,.T.);
#5534=EDGE_CURVE($,#4433,#4435,#4001,.T.);
#5535=EDGE_CURVE($,#4434,#4410,#1792,.T.);
#5536=EDGE_CURVE($,#4435,#4413,#1793,.T.);
#5537=EDGE_CURVE($,#4436,#4437,#4002,.T.);
#5538=EDGE_CURVE($,#4436,#4438,#1794,.T.);
#5539=EDGE_CURVE($,#4438,#4439,#4003,.T.);
#5540=EDGE_CURVE($,#4437,#4439,#1795,.T.);
#5541=EDGE_CURVE($,#4440,#4441,#1796,.T.);
#5542=EDGE_CURVE($,#4442,#4441,#1797,.T.);
#5543=EDGE_CURVE($,#4443,#4442,#1798,.T.);
#5544=EDGE_CURVE($,#4443,#4440,#1799,.T.);
#5545=EDGE_CURVE($,#4441,#4444,#4004,.T.);
#5546=EDGE_CURVE($,#4445,#4444,#1800,.T.);
#5547=EDGE_CURVE($,#4442,#4445,#4005,.T.);
#5548=EDGE_CURVE($,#4444,#4446,#1801,.T.);
#5549=EDGE_CURVE($,#4447,#4446,#1802,.T.);
#5550=EDGE_CURVE($,#4445,#4447,#1803,.T.);
#5551=EDGE_CURVE($,#4446,#4448,#4006,.T.);
#5552=EDGE_CURVE($,#4449,#4448,#1804,.T.);
#5553=EDGE_CURVE($,#4447,#4449,#4007,.T.);
#5554=EDGE_CURVE($,#4448,#4450,#1805,.T.);
#5555=EDGE_CURVE($,#4451,#4450,#1806,.T.);
#5556=EDGE_CURVE($,#4449,#4451,#1807,.T.);
#5557=EDGE_CURVE($,#4450,#4452,#4008,.T.);
#5558=EDGE_CURVE($,#4453,#4452,#1808,.T.);
#5559=EDGE_CURVE($,#4451,#4453,#4009,.T.);
#5560=EDGE_CURVE($,#4452,#4454,#1809,.T.);
#5561=EDGE_CURVE($,#4455,#4454,#1810,.T.);
#5562=EDGE_CURVE($,#4453,#4455,#1811,.T.);
#5563=EDGE_CURVE($,#4454,#4456,#4010,.T.);
#5564=EDGE_CURVE($,#4457,#4456,#1812,.T.);
#5565=EDGE_CURVE($,#4455,#4457,#4011,.T.);
#5566=EDGE_CURVE($,#4456,#4438,#1813,.T.);
#5567=EDGE_CURVE($,#4457,#4436,#1814,.T.);
#5568=EDGE_CURVE($,#4439,#4458,#1815,.T.);
#5569=EDGE_CURVE($,#4459,#4458,#1816,.T.);
#5570=EDGE_CURVE($,#4437,#4459,#1817,.T.);
#5571=EDGE_CURVE($,#4458,#4460,#4012,.T.);
#5572=EDGE_CURVE($,#4461,#4460,#1818,.T.);
#5573=EDGE_CURVE($,#4459,#4461,#4013,.T.);
#5574=EDGE_CURVE($,#4460,#4462,#1819,.T.);
#5575=EDGE_CURVE($,#4463,#4462,#1820,.T.);
#5576=EDGE_CURVE($,#4461,#4463,#1821,.T.);
#5577=EDGE_CURVE($,#4462,#4464,#4014,.T.);
#5578=EDGE_CURVE($,#4465,#4464,#1822,.T.);
#5579=EDGE_CURVE($,#4463,#4465,#4015,.T.);
#5580=EDGE_CURVE($,#4464,#4466,#4016,.T.);
#5581=EDGE_CURVE($,#4467,#4466,#1823,.T.);
#5582=EDGE_CURVE($,#4465,#4467,#4017,.T.);
#5583=EDGE_CURVE($,#4466,#4468,#1824,.T.);
#5584=EDGE_CURVE($,#4469,#4468,#1825,.T.);
#5585=EDGE_CURVE($,#4467,#4469,#1826,.T.);
#5586=EDGE_CURVE($,#4468,#4440,#1827,.T.);
#5587=EDGE_CURVE($,#4469,#4443,#1828,.T.);
#5588=EDGE_CURVE($,#4470,#4471,#4018,.T.);
#5589=EDGE_CURVE($,#4470,#4472,#1829,.T.);
#5590=EDGE_CURVE($,#4472,#4473,#4019,.T.);
#5591=EDGE_CURVE($,#4471,#4473,#1830,.T.);
#5592=EDGE_CURVE($,#4474,#4475,#1831,.T.);
#5593=EDGE_CURVE($,#4476,#4475,#1832,.T.);
#5594=EDGE_CURVE($,#4477,#4476,#1833,.T.);
#5595=EDGE_CURVE($,#4477,#4474,#1834,.T.);
#5596=EDGE_CURVE($,#4475,#4478,#4020,.T.);
#5597=EDGE_CURVE($,#4479,#4478,#1835,.T.);
#5598=EDGE_CURVE($,#4476,#4479,#4021,.T.);
#5599=EDGE_CURVE($,#4478,#4480,#1836,.T.);
#5600=EDGE_CURVE($,#4481,#4480,#1837,.T.);
#5601=EDGE_CURVE($,#4479,#4481,#1838,.T.);
#5602=EDGE_CURVE($,#4480,#4482,#4022,.T.);
#5603=EDGE_CURVE($,#4483,#4482,#1839,.T.);
#5604=EDGE_CURVE($,#4481,#4483,#4023,.T.);
#5605=EDGE_CURVE($,#4482,#4484,#1840,.T.);
#5606=EDGE_CURVE($,#4485,#4484,#1841,.T.);
#5607=EDGE_CURVE($,#4483,#4485,#1842,.T.);
#5608=EDGE_CURVE($,#4484,#4486,#4024,.T.);
#5609=EDGE_CURVE($,#4487,#4486,#1843,.T.);
#5610=EDGE_CURVE($,#4485,#4487,#4025,.T.);
#5611=EDGE_CURVE($,#4486,#4488,#1844,.T.);
#5612=EDGE_CURVE($,#4489,#4488,#1845,.T.);
#5613=EDGE_CURVE($,#4487,#4489,#1846,.T.);
#5614=EDGE_CURVE($,#4488,#4490,#4026,.T.);
#5615=EDGE_CURVE($,#4491,#4490,#1847,.T.);
#5616=EDGE_CURVE($,#4489,#4491,#4027,.T.);
#5617=EDGE_CURVE($,#4490,#4472,#1848,.T.);
#5618=EDGE_CURVE($,#4491,#4470,#1849,.T.);
#5619=EDGE_CURVE($,#4473,#4492,#1850,.T.);
#5620=EDGE_CURVE($,#4493,#4492,#1851,.T.);
#5621=EDGE_CURVE($,#4471,#4493,#1852,.T.);
#5622=EDGE_CURVE($,#4492,#4494,#4028,.T.);
#5623=EDGE_CURVE($,#4495,#4494,#1853,.T.);
#5624=EDGE_CURVE($,#4493,#4495,#4029,.T.);
#5625=EDGE_CURVE($,#4494,#4496,#1854,.T.);
#5626=EDGE_CURVE($,#4497,#4496,#1855,.T.);
#5627=EDGE_CURVE($,#4495,#4497,#1856,.T.);
#5628=EDGE_CURVE($,#4496,#4498,#4030,.T.);
#5629=EDGE_CURVE($,#4499,#4498,#1857,.T.);
#5630=EDGE_CURVE($,#4497,#4499,#4031,.T.);
#5631=EDGE_CURVE($,#4498,#4500,#4032,.T.);
#5632=EDGE_CURVE($,#4501,#4500,#1858,.T.);
#5633=EDGE_CURVE($,#4499,#4501,#4033,.T.);
#5634=EDGE_CURVE($,#4500,#4502,#1859,.T.);
#5635=EDGE_CURVE($,#4503,#4502,#1860,.T.);
#5636=EDGE_CURVE($,#4501,#4503,#1861,.T.);
#5637=EDGE_CURVE($,#4502,#4474,#1862,.T.);
#5638=EDGE_CURVE($,#4503,#4477,#1863,.T.);
#5639=EDGE_CURVE($,#4504,#4505,#4034,.T.);
#5640=EDGE_CURVE($,#4504,#4506,#1864,.T.);
#5641=EDGE_CURVE($,#4506,#4507,#4035,.T.);
#5642=EDGE_CURVE($,#4505,#4507,#1865,.T.);
#5643=EDGE_CURVE($,#4508,#4509,#1866,.T.);
#5644=EDGE_CURVE($,#4510,#4509,#1867,.T.);
#5645=EDGE_CURVE($,#4511,#4510,#1868,.T.);
#5646=EDGE_CURVE($,#4511,#4508,#1869,.T.);
#5647=EDGE_CURVE($,#4509,#4512,#4036,.T.);
#5648=EDGE_CURVE($,#4513,#4512,#1870,.T.);
#5649=EDGE_CURVE($,#4510,#4513,#4037,.T.);
#5650=EDGE_CURVE($,#4512,#4514,#1871,.T.);
#5651=EDGE_CURVE($,#4515,#4514,#1872,.T.);
#5652=EDGE_CURVE($,#4513,#4515,#1873,.T.);
#5653=EDGE_CURVE($,#4514,#4516,#4038,.T.);
#5654=EDGE_CURVE($,#4517,#4516,#1874,.T.);
#5655=EDGE_CURVE($,#4515,#4517,#4039,.T.);
#5656=EDGE_CURVE($,#4516,#4518,#1875,.T.);
#5657=EDGE_CURVE($,#4519,#4518,#1876,.T.);
#5658=EDGE_CURVE($,#4517,#4519,#1877,.T.);
#5659=EDGE_CURVE($,#4518,#4520,#4040,.T.);
#5660=EDGE_CURVE($,#4521,#4520,#1878,.T.);
#5661=EDGE_CURVE($,#4519,#4521,#4041,.T.);
#5662=EDGE_CURVE($,#4520,#4522,#1879,.T.);
#5663=EDGE_CURVE($,#4523,#4522,#1880,.T.);
#5664=EDGE_CURVE($,#4521,#4523,#1881,.T.);
#5665=EDGE_CURVE($,#4522,#4524,#4042,.T.);
#5666=EDGE_CURVE($,#4525,#4524,#1882,.T.);
#5667=EDGE_CURVE($,#4523,#4525,#4043,.T.);
#5668=EDGE_CURVE($,#4524,#4506,#1883,.T.);
#5669=EDGE_CURVE($,#4525,#4504,#1884,.T.);
#5670=EDGE_CURVE($,#4507,#4526,#1885,.T.);
#5671=EDGE_CURVE($,#4527,#4526,#1886,.T.);
#5672=EDGE_CURVE($,#4505,#4527,#1887,.T.);
#5673=EDGE_CURVE($,#4526,#4528,#4044,.T.);
#5674=EDGE_CURVE($,#4529,#4528,#1888,.T.);
#5675=EDGE_CURVE($,#4527,#4529,#4045,.T.);
#5676=EDGE_CURVE($,#4528,#4530,#1889,.T.);
#5677=EDGE_CURVE($,#4531,#4530,#1890,.T.);
#5678=EDGE_CURVE($,#4529,#4531,#1891,.T.);
#5679=EDGE_CURVE($,#4530,#4532,#4046,.T.);
#5680=EDGE_CURVE($,#4533,#4532,#1892,.T.);
#5681=EDGE_CURVE($,#4531,#4533,#4047,.T.);
#5682=EDGE_CURVE($,#4532,#4534,#4048,.T.);
#5683=EDGE_CURVE($,#4535,#4534,#1893,.T.);
#5684=EDGE_CURVE($,#4533,#4535,#4049,.T.);
#5685=EDGE_CURVE($,#4534,#4536,#1894,.T.);
#5686=EDGE_CURVE($,#4537,#4536,#1895,.T.);
#5687=EDGE_CURVE($,#4535,#4537,#1896,.T.);
#5688=EDGE_CURVE($,#4536,#4508,#1897,.T.);
#5689=EDGE_CURVE($,#4537,#4511,#1898,.T.);
#5690=EDGE_CURVE($,#4538,#4539,#1899,.T.);
#5691=EDGE_CURVE($,#4538,#4540,#1900,.T.);
#5692=EDGE_CURVE($,#4540,#4541,#1901,.T.);
#5693=EDGE_CURVE($,#4541,#4539,#1902,.T.);
#5694=EDGE_CURVE($,#4542,#4543,#1903,.T.);
#5695=EDGE_CURVE($,#4543,#4544,#1904,.T.);
#5696=EDGE_CURVE($,#4545,#4544,#1905,.T.);
#5697=EDGE_CURVE($,#4542,#4545,#1906,.T.);
#5698=EDGE_CURVE($,#4546,#4547,#1907,.T.);
#5699=EDGE_CURVE($,#4547,#4548,#4050,.T.);
#5700=EDGE_CURVE($,#4549,#4548,#1908,.T.);
#5701=EDGE_CURVE($,#4549,#4550,#1909,.T.);
#5702=EDGE_CURVE($,#4550,#4551,#1910,.T.);
#5703=EDGE_CURVE($,#4551,#4552,#4051,.T.);
#5704=EDGE_CURVE($,#4553,#4552,#1911,.T.);
#5705=EDGE_CURVE($,#4553,#4546,#1912,.T.);
#5706=EDGE_CURVE($,#4554,#4555,#1913,.T.);
#5707=EDGE_CURVE($,#4555,#4556,#1914,.T.);
#5708=EDGE_CURVE($,#4557,#4556,#1915,.T.);
#5709=EDGE_CURVE($,#4557,#4558,#1916,.T.);
#5710=EDGE_CURVE($,#4559,#4558,#1917,.T.);
#5711=EDGE_CURVE($,#4559,#4554,#1918,.T.);
#5712=EDGE_CURVE($,#4556,#4560,#1919,.T.);
#5713=EDGE_CURVE($,#4561,#4560,#1920,.T.);
#5714=EDGE_CURVE($,#4561,#4557,#1921,.T.);
#5715=EDGE_CURVE($,#4560,#4562,#1922,.T.);
#5716=EDGE_CURVE($,#4562,#4563,#1923,.T.);
#5717=EDGE_CURVE($,#4564,#4563,#1924,.T.);
#5718=EDGE_CURVE($,#4565,#4564,#1925,.T.);
#5719=EDGE_CURVE($,#4565,#4561,#1926,.T.);
#5720=EDGE_CURVE($,#4563,#4566,#1927,.T.);
#5721=EDGE_CURVE($,#4567,#4566,#1928,.T.);
#5722=EDGE_CURVE($,#4564,#4567,#1929,.T.);
#5723=EDGE_CURVE($,#4566,#4546,#1930,.T.);
#5724=EDGE_CURVE($,#4567,#4553,#1931,.T.);
#5725=EDGE_CURVE($,#4558,#4565,#1932,.T.);
#5726=EDGE_CURVE($,#4552,#4542,#1933,.T.);
#5727=EDGE_CURVE($,#4545,#4568,#4052,.T.);
#5728=EDGE_CURVE($,#4568,#4569,#1934,.T.);
#5729=EDGE_CURVE($,#4569,#4559,#4053,.T.);
#5730=EDGE_CURVE($,#4562,#4555,#1935,.T.);
#5731=EDGE_CURVE($,#4570,#4554,#4054,.T.);
#5732=EDGE_CURVE($,#4571,#4570,#1936,.T.);
#5733=EDGE_CURVE($,#4544,#4571,#4055,.T.);
#5734=EDGE_CURVE($,#4543,#4547,#1937,.T.);
#5735=EDGE_CURVE($,#4568,#4571,#1938,.T.);
#5736=EDGE_CURVE($,#4569,#4570,#1939,.T.);
#5737=EDGE_CURVE($,#4548,#4572,#1940,.T.);
#5738=EDGE_CURVE($,#4573,#4572,#1941,.T.);
#5739=EDGE_CURVE($,#4573,#4574,#4056,.T.);
#5740=EDGE_CURVE($,#4574,#4575,#1942,.T.);
#5741=EDGE_CURVE($,#4575,#4576,#4057,.T.);
#5742=EDGE_CURVE($,#4577,#4576,#4058,.T.);
#5743=EDGE_CURVE($,#4577,#4538,#4059,.T.);
#5744=EDGE_CURVE($,#4539,#4549,#4060,.T.);
#5745=EDGE_CURVE($,#4572,#4543,#4061,.T.);
#5746=EDGE_CURVE($,#4542,#4578,#4062,.T.);
#5747=EDGE_CURVE($,#4578,#4579,#1943,.T.);
#5748=EDGE_CURVE($,#4579,#4573,#1944,.T.);
#5749=EDGE_CURVE($,#4578,#4551,#1945,.T.);
#5750=EDGE_CURVE($,#4550,#4541,#4063,.T.);
#5751=EDGE_CURVE($,#4540,#4580,#4064,.T.);
#5752=EDGE_CURVE($,#4580,#4581,#4065,.T.);
#5753=EDGE_CURVE($,#4581,#4582,#4066,.T.);
#5754=EDGE_CURVE($,#4583,#4582,#1946,.T.);
#5755=EDGE_CURVE($,#4583,#4579,#4067,.T.);
#5756=EDGE_CURVE($,#4582,#4575,#1947,.T.);
#5757=EDGE_CURVE($,#4574,#4583,#1948,.T.);
#5758=EDGE_CURVE($,#4576,#4581,#1949,.T.);
#5759=EDGE_CURVE($,#4580,#4577,#1950,.T.);
#5760=EDGE_CURVE($,#4584,#4585,#1951,.T.);
#5761=EDGE_CURVE($,#4586,#4585,#1952,.T.);
#5762=EDGE_CURVE($,#4587,#4586,#1953,.T.);
#5763=EDGE_CURVE($,#4584,#4587,#1954,.T.);
#5764=EDGE_CURVE($,#4588,#4589,#1955,.T.);
#5765=EDGE_CURVE($,#4588,#4590,#1956,.T.);
#5766=EDGE_CURVE($,#4590,#4591,#1957,.T.);
#5767=EDGE_CURVE($,#4589,#4591,#1958,.T.);
#5768=EDGE_CURVE($,#4592,#4593,#1959,.T.);
#5769=EDGE_CURVE($,#4594,#4592,#1960,.T.);
#5770=EDGE_CURVE($,#4594,#4595,#1961,.T.);
#5771=EDGE_CURVE($,#4596,#4595,#4068,.T.);
#5772=EDGE_CURVE($,#4597,#4596,#1962,.T.);
#5773=EDGE_CURVE($,#4598,#4597,#1963,.T.);
#5774=EDGE_CURVE($,#4598,#4599,#1964,.T.);
#5775=EDGE_CURVE($,#4593,#4599,#4069,.T.);
#5776=EDGE_CURVE($,#4600,#4601,#1965,.T.);
#5777=EDGE_CURVE($,#4602,#4600,#1966,.T.);
#5778=EDGE_CURVE($,#4602,#4603,#1967,.T.);
#5779=EDGE_CURVE($,#4604,#4603,#1968,.T.);
#5780=EDGE_CURVE($,#4604,#4605,#1969,.T.);
#5781=EDGE_CURVE($,#4601,#4605,#1970,.T.);
#5782=EDGE_CURVE($,#4606,#4604,#1971,.T.);
#5783=EDGE_CURVE($,#4606,#4607,#1972,.T.);
#5784=EDGE_CURVE($,#4605,#4607,#1973,.T.);
#5785=EDGE_CURVE($,#4608,#4606,#1974,.T.);
#5786=EDGE_CURVE($,#4608,#4609,#1975,.T.);
#5787=EDGE_CURVE($,#4609,#4610,#1976,.T.);
#5788=EDGE_CURVE($,#4611,#4610,#1977,.T.);
#5789=EDGE_CURVE($,#4607,#4611,#1978,.T.);
#5790=EDGE_CURVE($,#4610,#4612,#1979,.T.);
#5791=EDGE_CURVE($,#4609,#4613,#1980,.T.);
#5792=EDGE_CURVE($,#4613,#4612,#1981,.T.);
#5793=EDGE_CURVE($,#4612,#4592,#1982,.T.);
#5794=EDGE_CURVE($,#4613,#4594,#1983,.T.);
#5795=EDGE_CURVE($,#4614,#4602,#4070,.T.);
#5796=EDGE_CURVE($,#4615,#4614,#1984,.T.);
#5797=EDGE_CURVE($,#4590,#4615,#4071,.T.);
#5798=EDGE_CURVE($,#4595,#4588,#1985,.T.);
#5799=EDGE_CURVE($,#4603,#4608,#1986,.T.);
#5800=EDGE_CURVE($,#4589,#4593,#1987,.T.);
#5801=EDGE_CURVE($,#4591,#4616,#4072,.T.);
#5802=EDGE_CURVE($,#4616,#4617,#1988,.T.);
#5803=EDGE_CURVE($,#4617,#4600,#4073,.T.);
#5804=EDGE_CURVE($,#4611,#4601,#1989,.T.);
#5805=EDGE_CURVE($,#4615,#4616,#1990,.T.);
#5806=EDGE_CURVE($,#4614,#4617,#1991,.T.);
#5807=EDGE_CURVE($,#4585,#4598,#4074,.T.);
#5808=EDGE_CURVE($,#4618,#4584,#4075,.T.);
#5809=EDGE_CURVE($,#4618,#4619,#4076,.T.);
#5810=EDGE_CURVE($,#4620,#4619,#4077,.T.);
#5811=EDGE_CURVE($,#4621,#4620,#1992,.T.);
#5812=EDGE_CURVE($,#4622,#4621,#4078,.T.);
#5813=EDGE_CURVE($,#4622,#4623,#1993,.T.);
#5814=EDGE_CURVE($,#4599,#4623,#1994,.T.);
#5815=EDGE_CURVE($,#4624,#4622,#1995,.T.);
#5816=EDGE_CURVE($,#4625,#4624,#1996,.T.);
#5817=EDGE_CURVE($,#4588,#4625,#4079,.T.);
#5818=EDGE_CURVE($,#4623,#4589,#4080,.T.);
#5819=EDGE_CURVE($,#4626,#4624,#4081,.T.);
#5820=EDGE_CURVE($,#4626,#4627,#1997,.T.);
#5821=EDGE_CURVE($,#4628,#4627,#4082,.T.);
#5822=EDGE_CURVE($,#4629,#4628,#4083,.T.);
#5823=EDGE_CURVE($,#4587,#4629,#4084,.T.);
#5824=EDGE_CURVE($,#4597,#4586,#4085,.T.);
#5825=EDGE_CURVE($,#4625,#4596,#1998,.T.);
#5826=EDGE_CURVE($,#4621,#4626,#1999,.T.);
#5827=EDGE_CURVE($,#4627,#4620,#2000,.T.);
#5828=EDGE_CURVE($,#4629,#4618,#2001,.T.);
#5829=EDGE_CURVE($,#4619,#4628,#2002,.T.);
#5830=EDGE_CURVE($,#4630,#4631,#2003,.T.);
#5831=EDGE_CURVE($,#4632,#4631,#2004,.T.);
#5832=EDGE_CURVE($,#4633,#4632,#2005,.T.);
#5833=EDGE_CURVE($,#4633,#4630,#2006,.T.);
#5834=EDGE_CURVE($,#4631,#4634,#2007,.T.);
#5835=EDGE_CURVE($,#4635,#4634,#2008,.T.);
#5836=EDGE_CURVE($,#4632,#4635,#2009,.T.);
#5837=EDGE_CURVE($,#4634,#4636,#4086,.T.);
#5838=EDGE_CURVE($,#4637,#4636,#2010,.T.);
#5839=EDGE_CURVE($,#4635,#4637,#4087,.T.);
#5840=EDGE_CURVE($,#4636,#4638,#2011,.T.);
#5841=EDGE_CURVE($,#4639,#4638,#2012,.T.);
#5842=EDGE_CURVE($,#4637,#4639,#2013,.T.);
#5843=EDGE_CURVE($,#4638,#4640,#4088,.T.);
#5844=EDGE_CURVE($,#4641,#4640,#2014,.T.);
#5845=EDGE_CURVE($,#4639,#4641,#4089,.T.);
#5846=EDGE_CURVE($,#4640,#4642,#2015,.T.);
#5847=EDGE_CURVE($,#4643,#4642,#2016,.T.);
#5848=EDGE_CURVE($,#4641,#4643,#2017,.T.);
#5849=EDGE_CURVE($,#4642,#4644,#4090,.T.);
#5850=EDGE_CURVE($,#4645,#4644,#2018,.T.);
#5851=EDGE_CURVE($,#4643,#4645,#4091,.T.);
#5852=EDGE_CURVE($,#4644,#4646,#2019,.T.);
#5853=EDGE_CURVE($,#4647,#4646,#2020,.T.);
#5854=EDGE_CURVE($,#4645,#4647,#2021,.T.);
#5855=EDGE_CURVE($,#4646,#4648,#2022,.T.);
#5856=EDGE_CURVE($,#4649,#4648,#2023,.T.);
#5857=EDGE_CURVE($,#4647,#4649,#2024,.T.);
#5858=EDGE_CURVE($,#4648,#4650,#2025,.T.);
#5859=EDGE_CURVE($,#4651,#4650,#2026,.T.);
#5860=EDGE_CURVE($,#4649,#4651,#2027,.T.);
#5861=EDGE_CURVE($,#4650,#4652,#2028,.T.);
#5862=EDGE_CURVE($,#4653,#4652,#2029,.T.);
#5863=EDGE_CURVE($,#4651,#4653,#2030,.T.);
#5864=EDGE_CURVE($,#4652,#4654,#4092,.T.);
#5865=EDGE_CURVE($,#4655,#4654,#2031,.T.);
#5866=EDGE_CURVE($,#4653,#4655,#4093,.T.);
#5867=EDGE_CURVE($,#4654,#4656,#2032,.T.);
#5868=EDGE_CURVE($,#4657,#4656,#2033,.T.);
#5869=EDGE_CURVE($,#4655,#4657,#2034,.T.);
#5870=EDGE_CURVE($,#4656,#4658,#4094,.T.);
#5871=EDGE_CURVE($,#4659,#4658,#2035,.T.);
#5872=EDGE_CURVE($,#4657,#4659,#4095,.T.);
#5873=EDGE_CURVE($,#4658,#4660,#2036,.T.);
#5874=EDGE_CURVE($,#4661,#4660,#2037,.T.);
#5875=EDGE_CURVE($,#4659,#4661,#2038,.T.);
#5876=EDGE_CURVE($,#4660,#4630,#4096,.T.);
#5877=EDGE_CURVE($,#4661,#4633,#4097,.T.);
#5878=EDGE_CURVE($,#4662,#4663,#2039,.T.);
#5879=EDGE_CURVE($,#4664,#4663,#2040,.T.);
#5880=EDGE_CURVE($,#4665,#4664,#2041,.T.);
#5881=EDGE_CURVE($,#4665,#4662,#2042,.T.);
#5882=EDGE_CURVE($,#4663,#4666,#2043,.T.);
#5883=EDGE_CURVE($,#4667,#4666,#2044,.T.);
#5884=EDGE_CURVE($,#4664,#4667,#2045,.T.);
#5885=EDGE_CURVE($,#4666,#4668,#4098,.T.);
#5886=EDGE_CURVE($,#4669,#4668,#2046,.T.);
#5887=EDGE_CURVE($,#4667,#4669,#4099,.T.);
#5888=EDGE_CURVE($,#4668,#4670,#4100,.T.);
#5889=EDGE_CURVE($,#4671,#4670,#2047,.T.);
#5890=EDGE_CURVE($,#4669,#4671,#4101,.T.);
#5891=EDGE_CURVE($,#4670,#4672,#2048,.T.);
#5892=EDGE_CURVE($,#4673,#4672,#2049,.T.);
#5893=EDGE_CURVE($,#4671,#4673,#2050,.T.);
#5894=EDGE_CURVE($,#4672,#4674,#4102,.T.);
#5895=EDGE_CURVE($,#4675,#4674,#2051,.T.);
#5896=EDGE_CURVE($,#4673,#4675,#4103,.T.);
#5897=EDGE_CURVE($,#4674,#4676,#2052,.T.);
#5898=EDGE_CURVE($,#4677,#4676,#2053,.T.);
#5899=EDGE_CURVE($,#4675,#4677,#2054,.T.);
#5900=EDGE_CURVE($,#4676,#4678,#4104,.T.);
#5901=EDGE_CURVE($,#4679,#4678,#2055,.T.);
#5902=EDGE_CURVE($,#4677,#4679,#4105,.T.);
#5903=EDGE_CURVE($,#4678,#4680,#2056,.T.);
#5904=EDGE_CURVE($,#4681,#4680,#2057,.T.);
#5905=EDGE_CURVE($,#4679,#4681,#2058,.T.);
#5906=EDGE_CURVE($,#4680,#4682,#4106,.T.);
#5907=EDGE_CURVE($,#4683,#4682,#2059,.T.);
#5908=EDGE_CURVE($,#4681,#4683,#4107,.T.);
#5909=EDGE_CURVE($,#4682,#4684,#2060,.T.);
#5910=EDGE_CURVE($,#4685,#4684,#2061,.T.);
#5911=EDGE_CURVE($,#4683,#4685,#2062,.T.);
#5912=EDGE_CURVE($,#4684,#4686,#4108,.T.);
#5913=EDGE_CURVE($,#4687,#4686,#2063,.T.);
#5914=EDGE_CURVE($,#4685,#4687,#4109,.T.);
#5915=EDGE_CURVE($,#4686,#4662,#2064,.T.);
#5916=EDGE_CURVE($,#4687,#4665,#2065,.T.);
#5917=EDGE_CURVE($,#4688,#4689,#4110,.T.);
#5918=EDGE_CURVE($,#4688,#4690,#2066,.T.);
#5919=EDGE_CURVE($,#4690,#4691,#4111,.T.);
#5920=EDGE_CURVE($,#4689,#4691,#2067,.T.);
#5921=EDGE_CURVE($,#4692,#4693,#2068,.T.);
#5922=EDGE_CURVE($,#4694,#4693,#2069,.T.);
#5923=EDGE_CURVE($,#4695,#4694,#2070,.T.);
#5924=EDGE_CURVE($,#4695,#4692,#2071,.T.);
#5925=EDGE_CURVE($,#4693,#4696,#4112,.T.);
#5926=EDGE_CURVE($,#4697,#4696,#2072,.T.);
#5927=EDGE_CURVE($,#4694,#4697,#4113,.T.);
#5928=EDGE_CURVE($,#4696,#4698,#2073,.T.);
#5929=EDGE_CURVE($,#4699,#4698,#2074,.T.);
#5930=EDGE_CURVE($,#4697,#4699,#2075,.T.);
#5931=EDGE_CURVE($,#4698,#4700,#4114,.T.);
#5932=EDGE_CURVE($,#4701,#4700,#2076,.T.);
#5933=EDGE_CURVE($,#4699,#4701,#4115,.T.);
#5934=EDGE_CURVE($,#4700,#4702,#2077,.T.);
#5935=EDGE_CURVE($,#4703,#4702,#2078,.T.);
#5936=EDGE_CURVE($,#4701,#4703,#2079,.T.);
#5937=EDGE_CURVE($,#4702,#4704,#4116,.T.);
#5938=EDGE_CURVE($,#4705,#4704,#2080,.T.);
#5939=EDGE_CURVE($,#4703,#4705,#4117,.T.);
#5940=EDGE_CURVE($,#4704,#4706,#2081,.T.);
#5941=EDGE_CURVE($,#4707,#4706,#2082,.T.);
#5942=EDGE_CURVE($,#4705,#4707,#2083,.T.);
#5943=EDGE_CURVE($,#4706,#4708,#4118,.T.);
#5944=EDGE_CURVE($,#4709,#4708,#2084,.T.);
#5945=EDGE_CURVE($,#4707,#4709,#4119,.T.);
#5946=EDGE_CURVE($,#4708,#4690,#2085,.T.);
#5947=EDGE_CURVE($,#4709,#4688,#2086,.T.);
#5948=EDGE_CURVE($,#4691,#4710,#2087,.T.);
#5949=EDGE_CURVE($,#4711,#4710,#2088,.T.);
#5950=EDGE_CURVE($,#4689,#4711,#2089,.T.);
#5951=EDGE_CURVE($,#4710,#4712,#4120,.T.);
#5952=EDGE_CURVE($,#4713,#4712,#2090,.T.);
#5953=EDGE_CURVE($,#4711,#4713,#4121,.T.);
#5954=EDGE_CURVE($,#4712,#4714,#2091,.T.);
#5955=EDGE_CURVE($,#4715,#4714,#2092,.T.);
#5956=EDGE_CURVE($,#4713,#4715,#2093,.T.);
#5957=EDGE_CURVE($,#4714,#4716,#4122,.T.);
#5958=EDGE_CURVE($,#4717,#4716,#2094,.T.);
#5959=EDGE_CURVE($,#4715,#4717,#4123,.T.);
#5960=EDGE_CURVE($,#4716,#4718,#4124,.T.);
#5961=EDGE_CURVE($,#4719,#4718,#2095,.T.);
#5962=EDGE_CURVE($,#4717,#4719,#4125,.T.);
#5963=EDGE_CURVE($,#4718,#4720,#2096,.T.);
#5964=EDGE_CURVE($,#4721,#4720,#2097,.T.);
#5965=EDGE_CURVE($,#4719,#4721,#2098,.T.);
#5966=EDGE_CURVE($,#4720,#4692,#2099,.T.);
#5967=EDGE_CURVE($,#4721,#4695,#2100,.T.);
#5968=EDGE_CURVE($,#4722,#4723,#2101,.T.);
#5969=EDGE_CURVE($,#4724,#4723,#2102,.T.);
#5970=EDGE_CURVE($,#4725,#4724,#2103,.T.);
#5971=EDGE_CURVE($,#4725,#4722,#2104,.T.);
#5972=EDGE_CURVE($,#4726,#4727,#2105,.T.);
#5973=EDGE_CURVE($,#4727,#4725,#2106,.T.);
#5974=EDGE_CURVE($,#4724,#4728,#2107,.T.);
#5975=EDGE_CURVE($,#4728,#4726,#4126,.T.);
#5976=EDGE_CURVE($,#4729,#4730,#4127,.T.);
#5977=EDGE_CURVE($,#4723,#4729,#2108,.T.);
#5978=EDGE_CURVE($,#4731,#4722,#2109,.T.);
#5979=EDGE_CURVE($,#4730,#4731,#2110,.T.);
#5980=EDGE_CURVE($,#4731,#4727,#2111,.T.);
#5981=EDGE_CURVE($,#4732,#4733,#2112,.T.);
#5982=EDGE_CURVE($,#4734,#4733,#2113,.T.);
#5983=EDGE_CURVE($,#4735,#4734,#2114,.T.);
#5984=EDGE_CURVE($,#4735,#4732,#2115,.T.);
#5985=EDGE_CURVE($,#4736,#4737,#4128,.T.);
#5986=EDGE_CURVE($,#4733,#4736,#2116,.T.);
#5987=EDGE_CURVE($,#4738,#4732,#2117,.T.);
#5988=EDGE_CURVE($,#4737,#4738,#2118,.T.);
#5989=EDGE_CURVE($,#4739,#4735,#2119,.T.);
#5990=EDGE_CURVE($,#4738,#4739,#2120,.T.);
#5991=EDGE_CURVE($,#4740,#4741,#2121,.T.);
#5992=EDGE_CURVE($,#4742,#4741,#2122,.T.);
#5993=EDGE_CURVE($,#4743,#4742,#2123,.T.);
#5994=EDGE_CURVE($,#4743,#4740,#2124,.T.);
#5995=EDGE_CURVE($,#4744,#4745,#2125,.T.);
#5996=EDGE_CURVE($,#4745,#4743,#2126,.T.);
#5997=EDGE_CURVE($,#4742,#4746,#2127,.T.);
#5998=EDGE_CURVE($,#4746,#4744,#4129,.T.);
#5999=EDGE_CURVE($,#4741,#4747,#2128,.T.);
#6000=EDGE_CURVE($,#4748,#4740,#2129,.T.);
#6001=EDGE_CURVE($,#4747,#4748,#2130,.T.);
#6002=EDGE_CURVE($,#4748,#4745,#2131,.T.);
#6003=EDGE_CURVE($,#4749,#4750,#2132,.T.);
#6004=EDGE_CURVE($,#4751,#4750,#2133,.T.);
#6005=EDGE_CURVE($,#4752,#4751,#2134,.T.);
#6006=EDGE_CURVE($,#4749,#4752,#2135,.T.);
#6007=EDGE_CURVE($,#4751,#4753,#2136,.T.);
#6008=EDGE_CURVE($,#4753,#4754,#2137,.T.);
#6009=EDGE_CURVE($,#4752,#4754,#2138,.T.);
#6010=EDGE_CURVE($,#4755,#4756,#2139,.T.);
#6011=EDGE_CURVE($,#4757,#4755,#2140,.T.);
#6012=EDGE_CURVE($,#4758,#4757,#2141,.T.);
#6013=EDGE_CURVE($,#4756,#4758,#2142,.T.);
#6014=EDGE_CURVE($,#4759,#4760,#2143,.T.);
#6015=EDGE_CURVE($,#4761,#4759,#2144,.T.);
#6016=EDGE_CURVE($,#4762,#4761,#2145,.T.);
#6017=EDGE_CURVE($,#4760,#4762,#2146,.T.);
#6018=EDGE_CURVE($,#4763,#4756,#2147,.T.);
#6019=EDGE_CURVE($,#4758,#4764,#2148,.T.);
#6020=EDGE_CURVE($,#4764,#4765,#2149,.T.);
#6021=EDGE_CURVE($,#4765,#4766,#2150,.T.);
#6022=EDGE_CURVE($,#4766,#4763,#2151,.T.);
#6023=EDGE_CURVE($,#4761,#4767,#2152,.T.);
#6024=EDGE_CURVE($,#4768,#4759,#2153,.T.);
#6025=EDGE_CURVE($,#4769,#4768,#2154,.T.);
#6026=EDGE_CURVE($,#4770,#4769,#2155,.T.);
#6027=EDGE_CURVE($,#4767,#4770,#2156,.T.);
#6028=EDGE_CURVE($,#4770,#4765,#2157,.T.);
#6029=EDGE_CURVE($,#4769,#4766,#2158,.T.);
#6030=EDGE_CURVE($,#4768,#4763,#2159,.T.);
#6031=EDGE_CURVE($,#4736,#4728,#2160,.T.);
#6032=EDGE_CURVE($,#4726,#4737,#2161,.T.);
#6033=EDGE_CURVE($,#4729,#4746,#2162,.T.);
#6034=EDGE_CURVE($,#4744,#4730,#2163,.T.);
#6035=EDGE_CURVE($,#4771,#4772,#2164,.T.);
#6036=EDGE_CURVE($,#4773,#4771,#2165,.T.);
#6037=EDGE_CURVE($,#4774,#4773,#2166,.T.);
#6038=EDGE_CURVE($,#4772,#4774,#2167,.T.);
#6039=EDGE_CURVE($,#4775,#4776,#2168,.T.);
#6040=EDGE_CURVE($,#4777,#4775,#2169,.T.);
#6041=EDGE_CURVE($,#4778,#4777,#2170,.T.);
#6042=EDGE_CURVE($,#4776,#4778,#2171,.T.);
#6043=EDGE_CURVE($,#4779,#4780,#2172,.T.);
#6044=EDGE_CURVE($,#4781,#4779,#2173,.T.);
#6045=EDGE_CURVE($,#4782,#4781,#2174,.T.);
#6046=EDGE_CURVE($,#4780,#4782,#2175,.T.);
#6047=EDGE_CURVE($,#4783,#4784,#2176,.T.);
#6048=EDGE_CURVE($,#4785,#4783,#2177,.T.);
#6049=EDGE_CURVE($,#4786,#4785,#2178,.T.);
#6050=EDGE_CURVE($,#4784,#4786,#2179,.T.);
#6051=EDGE_CURVE($,#4787,#4788,#2180,.T.);
#6052=EDGE_CURVE($,#4789,#4787,#2181,.T.);
#6053=EDGE_CURVE($,#4790,#4789,#2182,.T.);
#6054=EDGE_CURVE($,#4788,#4790,#2183,.T.);
#6055=EDGE_CURVE($,#4784,#4791,#2184,.T.);
#6056=EDGE_CURVE($,#4786,#4792,#2185,.T.);
#6057=EDGE_CURVE($,#4793,#4792,#2186,.T.);
#6058=EDGE_CURVE($,#4794,#4793,#2187,.T.);
#6059=EDGE_CURVE($,#4791,#4794,#2188,.T.);
#6060=EDGE_CURVE($,#4795,#4789,#2189,.T.);
#6061=EDGE_CURVE($,#4796,#4787,#2190,.T.);
#6062=EDGE_CURVE($,#4797,#4796,#2191,.T.);
#6063=EDGE_CURVE($,#4798,#4797,#2192,.T.);
#6064=EDGE_CURVE($,#4798,#4795,#2193,.T.);
#6065=EDGE_CURVE($,#4776,#4799,#2194,.T.);
#6066=EDGE_CURVE($,#4778,#4800,#2195,.T.);
#6067=EDGE_CURVE($,#4801,#4800,#2196,.T.);
#6068=EDGE_CURVE($,#4802,#4801,#2197,.T.);
#6069=EDGE_CURVE($,#4799,#4802,#2198,.T.);
#6070=EDGE_CURVE($,#4803,#4781,#2199,.T.);
#6071=EDGE_CURVE($,#4804,#4779,#2200,.T.);
#6072=EDGE_CURVE($,#4805,#4804,#2201,.T.);
#6073=EDGE_CURVE($,#4806,#4805,#2202,.T.);
#6074=EDGE_CURVE($,#4806,#4803,#2203,.T.);
#6075=EDGE_CURVE($,#4772,#4807,#2204,.T.);
#6076=EDGE_CURVE($,#4774,#4808,#2205,.T.);
#6077=EDGE_CURVE($,#4809,#4808,#2206,.T.);
#6078=EDGE_CURVE($,#4810,#4809,#2207,.T.);
#6079=EDGE_CURVE($,#4807,#4810,#2208,.T.);
#6080=EDGE_CURVE($,#4811,#4812,#2209,.T.);
#6081=EDGE_CURVE($,#4813,#4811,#2210,.T.);
#6082=EDGE_CURVE($,#4814,#4813,#2211,.T.);
#6083=EDGE_CURVE($,#4812,#4814,#2212,.T.);
#6084=EDGE_CURVE($,#4815,#4816,#2213,.T.);
#6085=EDGE_CURVE($,#4816,#4817,#2214,.T.);
#6086=EDGE_CURVE($,#4817,#4818,#2215,.T.);
#6087=EDGE_CURVE($,#4818,#4815,#2216,.T.);
#6088=EDGE_CURVE($,#4817,#4814,#2217,.T.);
#6089=EDGE_CURVE($,#4816,#4812,#2218,.T.);
#6090=EDGE_CURVE($,#4819,#4820,#2219,.T.);
#6091=EDGE_CURVE($,#4821,#4819,#2220,.T.);
#6092=EDGE_CURVE($,#4822,#4821,#2221,.T.);
#6093=EDGE_CURVE($,#4820,#4822,#2222,.T.);
#6094=EDGE_CURVE($,#4823,#4824,#2223,.T.);
#6095=EDGE_CURVE($,#4824,#4825,#2224,.T.);
#6096=EDGE_CURVE($,#4825,#4826,#2225,.T.);
#6097=EDGE_CURVE($,#4826,#4823,#2226,.T.);
#6098=EDGE_CURVE($,#4825,#4822,#2227,.T.);
#6099=EDGE_CURVE($,#4824,#4820,#2228,.T.);
#6100=EDGE_CURVE($,#4827,#4828,#2229,.T.);
#6101=EDGE_CURVE($,#4828,#4829,#2230,.T.);
#6102=EDGE_CURVE($,#4829,#4830,#2231,.T.);
#6103=EDGE_CURVE($,#4830,#4827,#2232,.T.);
#6104=EDGE_CURVE($,#4831,#4832,#2233,.T.);
#6105=EDGE_CURVE($,#4833,#4831,#2234,.T.);
#6106=EDGE_CURVE($,#4834,#4833,#2235,.T.);
#6107=EDGE_CURVE($,#4832,#4834,#2236,.T.);
#6108=EDGE_CURVE($,#4835,#4832,#2237,.T.);
#6109=EDGE_CURVE($,#4834,#4836,#2238,.T.);
#6110=EDGE_CURVE($,#4836,#4835,#2239,.T.);
#6111=EDGE_CURVE($,#4837,#4838,#2240,.T.);
#6112=EDGE_CURVE($,#4835,#4838,#2241,.T.);
#6113=EDGE_CURVE($,#4836,#4839,#2242,.T.);
#6114=EDGE_CURVE($,#4753,#4839,#2243,.T.);
#6115=EDGE_CURVE($,#4750,#4837,#2244,.T.);
#6116=EDGE_CURVE($,#4838,#4840,#2245,.T.);
#6117=EDGE_CURVE($,#4831,#4840,#2246,.T.);
#6118=EDGE_CURVE($,#4749,#4841,#2247,.T.);
#6119=EDGE_CURVE($,#4841,#4837,#2248,.T.);
#6120=EDGE_CURVE($,#4842,#4791,#2249,.T.);
#6121=EDGE_CURVE($,#4843,#4794,#2250,.T.);
#6122=EDGE_CURVE($,#4842,#4843,#2251,.T.);
#6123=EDGE_CURVE($,#4844,#4845,#2252,.T.);
#6124=EDGE_CURVE($,#4846,#4845,#2253,.T.);
#6125=EDGE_CURVE($,#4847,#4846,#2254,.T.);
#6126=EDGE_CURVE($,#4844,#4847,#2255,.T.);
#6127=EDGE_CURVE($,#4848,#4849,#2256,.T.);
#6128=EDGE_CURVE($,#4850,#4848,#2257,.T.);
#6129=EDGE_CURVE($,#4851,#4850,#2258,.T.);
#6130=EDGE_CURVE($,#4849,#4851,#2259,.T.);
#6131=EDGE_CURVE($,#4852,#4853,#2260,.T.);
#6132=EDGE_CURVE($,#4854,#4852,#2261,.T.);
#6133=EDGE_CURVE($,#4855,#4854,#2262,.T.);
#6134=EDGE_CURVE($,#4853,#4855,#2263,.T.);
#6135=EDGE_CURVE($,#4846,#4856,#2264,.T.);
#6136=EDGE_CURVE($,#4845,#4849,#2265,.T.);
#6137=EDGE_CURVE($,#4851,#4857,#2266,.T.);
#6138=EDGE_CURVE($,#4856,#4857,#2267,.T.);
#6139=EDGE_CURVE($,#4852,#4842,#2268,.T.);
#6140=EDGE_CURVE($,#4858,#4843,#2269,.T.);
#6141=EDGE_CURVE($,#4858,#4859,#2270,.T.);
#6142=EDGE_CURVE($,#4859,#4854,#2271,.T.);
#6143=EDGE_CURVE($,#4860,#4861,#2272,.T.);
#6144=EDGE_CURVE($,#4862,#4860,#2273,.T.);
#6145=EDGE_CURVE($,#4863,#4862,#2274,.T.);
#6146=EDGE_CURVE($,#4861,#4863,#2275,.T.);
#6147=EDGE_CURVE($,#4864,#4865,#2276,.T.);
#6148=EDGE_CURVE($,#4865,#4866,#2277,.T.);
#6149=EDGE_CURVE($,#4866,#4867,#2278,.T.);
#6150=EDGE_CURVE($,#4867,#4864,#2279,.T.);
#6151=EDGE_CURVE($,#4866,#4863,#2280,.T.);
#6152=EDGE_CURVE($,#4865,#4861,#2281,.T.);
#6153=EDGE_CURVE($,#4833,#4868,#2282,.T.);
#6154=EDGE_CURVE($,#4868,#4869,#2283,.T.);
#6155=EDGE_CURVE($,#4869,#4870,#2284,.T.);
#6156=EDGE_CURVE($,#4870,#4871,#2285,.T.);
#6157=EDGE_CURVE($,#4871,#4839,#2286,.T.);
#6158=EDGE_CURVE($,#4868,#4865,#2287,.T.);
#6159=EDGE_CURVE($,#4869,#4864,#2288,.T.);
#6160=EDGE_CURVE($,#4870,#4867,#2289,.T.);
#6161=EDGE_CURVE($,#4872,#4873,#2290,.T.);
#6162=EDGE_CURVE($,#4873,#4874,#2291,.T.);
#6163=EDGE_CURVE($,#4874,#4875,#2292,.T.);
#6164=EDGE_CURVE($,#4875,#4872,#2293,.T.);
#6165=EDGE_CURVE($,#4876,#4877,#2294,.T.);
#6166=EDGE_CURVE($,#4872,#4877,#2295,.T.);
#6167=EDGE_CURVE($,#4875,#4876,#2296,.T.);
#6168=EDGE_CURVE($,#4877,#4757,#2297,.T.);
#6169=EDGE_CURVE($,#4876,#4764,#2298,.T.);
#6170=EDGE_CURVE($,#4783,#4853,#2299,.T.);
#6171=EDGE_CURVE($,#4874,#4878,#2300,.T.);
#6172=EDGE_CURVE($,#4879,#4873,#2301,.T.);
#6173=EDGE_CURVE($,#4879,#4880,#2302,.T.);
#6174=EDGE_CURVE($,#4880,#4881,#2303,.T.);
#6175=EDGE_CURVE($,#4878,#4881,#2304,.T.);
#6176=EDGE_CURVE($,#4882,#4883,#2305,.T.);
#6177=EDGE_CURVE($,#4882,#4878,#2306,.T.);
#6178=EDGE_CURVE($,#4881,#4883,#2307,.T.);
#6179=EDGE_CURVE($,#4844,#4884,#2308,.T.);
#6180=EDGE_CURVE($,#4847,#4885,#2309,.T.);
#6181=EDGE_CURVE($,#4885,#4884,#2310,.T.);
#6182=EDGE_CURVE($,#4755,#4879,#2311,.T.);
#6183=EDGE_CURVE($,#4886,#4882,#2312,.T.);
#6184=EDGE_CURVE($,#4883,#4887,#2313,.T.);
#6185=EDGE_CURVE($,#4886,#4887,#2314,.T.);
#6186=EDGE_CURVE($,#4861,#4816,#2315,.T.);
#6187=EDGE_CURVE($,#4860,#4815,#2316,.T.);
#6188=EDGE_CURVE($,#4862,#4818,#2317,.T.);
#6189=EDGE_CURVE($,#4855,#4785,#2318,.T.);
#6190=EDGE_CURVE($,#4859,#4792,#2319,.T.);
#6191=EDGE_CURVE($,#4820,#4828,#2320,.T.);
#6192=EDGE_CURVE($,#4819,#4827,#2321,.T.);
#6193=EDGE_CURVE($,#4812,#4824,#2322,.T.);
#6194=EDGE_CURVE($,#4811,#4823,#2323,.T.);
#6195=EDGE_CURVE($,#4821,#4830,#2324,.T.);
#6196=EDGE_CURVE($,#4813,#4826,#2325,.T.);
#6197=EDGE_CURVE($,#4805,#4810,#2326,.T.);
#6198=EDGE_CURVE($,#4804,#4807,#2327,.T.);
#6199=EDGE_CURVE($,#4797,#4802,#2328,.T.);
#6200=EDGE_CURVE($,#4796,#4799,#2329,.T.);
#6201=EDGE_CURVE($,#4771,#4780,#2330,.T.);
#6202=EDGE_CURVE($,#4775,#4788,#2331,.T.);
#6203=EDGE_CURVE($,#4782,#4773,#2332,.T.);
#6204=EDGE_CURVE($,#4803,#4808,#2333,.T.);
#6205=EDGE_CURVE($,#4790,#4777,#2334,.T.);
#6206=EDGE_CURVE($,#4795,#4800,#2335,.T.);
#6207=EDGE_CURVE($,#4762,#4850,#2336,.T.);
#6208=EDGE_CURVE($,#4767,#4857,#2337,.T.);
#6209=EDGE_CURVE($,#4848,#4760,#2338,.T.);
#6210=EDGE_CURVE($,#4884,#4880,#2339,.T.);
#6211=EDGE_CURVE($,#4871,#4888,#2340,.T.);
#6212=EDGE_CURVE($,#4888,#4889,#2341,.T.);
#6213=EDGE_CURVE($,#4890,#4889,#2342,.T.);
#6214=EDGE_CURVE($,#4890,#4891,#2343,.T.);
#6215=EDGE_CURVE($,#4891,#4892,#2344,.T.);
#6216=EDGE_CURVE($,#4893,#4892,#2345,.T.);
#6217=EDGE_CURVE($,#4893,#4894,#2346,.T.);
#6218=EDGE_CURVE($,#4894,#4895,#2347,.T.);
#6219=EDGE_CURVE($,#4895,#4896,#2348,.T.);
#6220=EDGE_CURVE($,#4734,#4896,#2349,.T.);
#6221=EDGE_CURVE($,#4754,#4747,#2350,.T.);
#6222=EDGE_CURVE($,#4829,#4897,#2351,.T.);
#6223=EDGE_CURVE($,#4897,#4898,#2352,.T.);
#6224=EDGE_CURVE($,#4898,#4899,#2353,.T.);
#6225=EDGE_CURVE($,#4900,#4899,#2354,.T.);
#6226=EDGE_CURVE($,#4900,#4901,#2355,.T.);
#6227=EDGE_CURVE($,#4901,#4902,#2356,.T.);
#6228=EDGE_CURVE($,#4902,#4903,#2357,.T.);
#6229=EDGE_CURVE($,#4903,#4888,#2358,.T.);
#6230=EDGE_CURVE($,#4904,#4905,#2359,.T.);
#6231=EDGE_CURVE($,#4905,#4906,#2360,.T.);
#6232=EDGE_CURVE($,#4906,#4907,#2361,.T.);
#6233=EDGE_CURVE($,#4907,#4904,#2362,.T.);
#6234=EDGE_CURVE($,#4908,#4909,#2363,.T.);
#6235=EDGE_CURVE($,#4908,#4905,#2364,.T.);
#6236=EDGE_CURVE($,#4904,#4910,#2365,.T.);
#6237=EDGE_CURVE($,#4911,#4910,#2366,.T.);
#6238=EDGE_CURVE($,#4911,#4909,#2367,.T.);
#6239=EDGE_CURVE($,#4906,#4912,#2368,.T.);
#6240=EDGE_CURVE($,#4913,#4912,#2369,.T.);
#6241=EDGE_CURVE($,#4913,#4914,#2370,.T.);
#6242=EDGE_CURVE($,#4914,#4915,#2371,.T.);
#6243=EDGE_CURVE($,#4915,#4916,#2372,.T.);
#6244=EDGE_CURVE($,#4917,#4916,#2373,.T.);
#6245=EDGE_CURVE($,#4917,#4918,#2374,.T.);
#6246=EDGE_CURVE($,#4918,#4919,#2375,.T.);
#6247=EDGE_CURVE($,#4920,#4919,#2376,.T.);
#6248=EDGE_CURVE($,#4921,#4920,#2377,.T.);
#6249=EDGE_CURVE($,#4921,#4922,#2378,.T.);
#6250=EDGE_CURVE($,#4922,#4907,#2379,.T.);
#6251=EDGE_CURVE($,#4916,#4923,#2380,.T.);
#6252=EDGE_CURVE($,#4923,#4924,#2381,.T.);
#6253=EDGE_CURVE($,#4925,#4924,#2382,.T.);
#6254=EDGE_CURVE($,#4926,#4925,#2383,.T.);
#6255=EDGE_CURVE($,#4926,#4917,#2384,.T.);
#6256=EDGE_CURVE($,#4923,#4927,#2385,.T.);
#6257=EDGE_CURVE($,#4927,#4928,#2386,.T.);
#6258=EDGE_CURVE($,#4928,#4929,#2387,.T.);
#6259=EDGE_CURVE($,#4924,#4929,#2388,.T.);
#6260=EDGE_CURVE($,#4930,#4931,#2389,.T.);
#6261=EDGE_CURVE($,#4930,#4921,#2390,.T.);
#6262=EDGE_CURVE($,#4931,#4920,#2391,.T.);
#6263=EDGE_CURVE($,#4902,#4932,#2392,.T.);
#6264=EDGE_CURVE($,#4932,#4933,#2393,.T.);
#6265=EDGE_CURVE($,#4933,#4903,#2394,.T.);
#6266=EDGE_CURVE($,#4932,#4934,#2395,.T.);
#6267=EDGE_CURVE($,#4934,#4935,#2396,.T.);
#6268=EDGE_CURVE($,#4935,#4933,#2397,.T.);
#6269=EDGE_CURVE($,#4936,#4937,#2398,.T.);
#6270=EDGE_CURVE($,#4938,#4936,#2399,.T.);
#6271=EDGE_CURVE($,#4939,#4938,#2400,.T.);
#6272=EDGE_CURVE($,#4937,#4939,#2401,.T.);
#6273=EDGE_CURVE($,#4936,#4940,#2402,.T.);
#6274=EDGE_CURVE($,#4937,#4941,#2403,.T.);
#6275=EDGE_CURVE($,#4940,#4941,#2404,.T.);
#6276=EDGE_CURVE($,#4931,#4942,#2405,.T.);
#6277=EDGE_CURVE($,#4919,#4942,#2406,.T.);
#6278=EDGE_CURVE($,#4943,#4926,#2407,.T.);
#6279=EDGE_CURVE($,#4943,#4940,#2408,.T.);
#6280=EDGE_CURVE($,#4941,#4918,#2409,.T.);
#6281=EDGE_CURVE($,#4944,#4929,#2410,.T.);
#6282=EDGE_CURVE($,#4925,#4944,#2411,.T.);
#6283=EDGE_CURVE($,#4944,#4943,#2412,.T.);
#6284=EDGE_CURVE($,#4945,#4935,#2413,.T.);
#6285=EDGE_CURVE($,#4945,#4946,#2414,.T.);
#6286=EDGE_CURVE($,#4947,#4946,#2415,.T.);
#6287=EDGE_CURVE($,#4947,#4889,#2416,.T.);
#6288=EDGE_CURVE($,#4948,#4949,#2417,.T.);
#6289=EDGE_CURVE($,#4950,#4948,#2418,.T.);
#6290=EDGE_CURVE($,#4950,#4951,#2419,.T.);
#6291=EDGE_CURVE($,#4951,#4949,#2420,.T.);
#6292=EDGE_CURVE($,#4952,#4951,#2421,.T.);
#6293=EDGE_CURVE($,#4953,#4950,#2422,.T.);
#6294=EDGE_CURVE($,#4953,#4890,#2423,.T.);
#6295=EDGE_CURVE($,#4954,#4947,#2424,.T.);
#6296=EDGE_CURVE($,#4954,#4952,#2425,.T.);
#6297=EDGE_CURVE($,#4955,#4952,#2426,.T.);
#6298=EDGE_CURVE($,#4956,#4954,#2427,.T.);
#6299=EDGE_CURVE($,#4956,#4957,#2428,.T.);
#6300=EDGE_CURVE($,#4957,#4955,#2429,.T.);
#6301=EDGE_CURVE($,#4946,#4956,#2430,.T.);
#6302=EDGE_CURVE($,#4957,#4945,#2431,.T.);
#6303=EDGE_CURVE($,#4934,#4901,#2432,.T.);
#6304=EDGE_CURVE($,#4958,#4900,#2433,.T.);
#6305=EDGE_CURVE($,#4958,#4934,#2434,.T.);
#6306=EDGE_CURVE($,#4910,#4922,#2435,.T.);
#6307=EDGE_CURVE($,#4959,#4930,#2436,.T.);
#6308=EDGE_CURVE($,#4959,#4911,#2437,.T.);
#6309=EDGE_CURVE($,#4892,#4960,#4130,.T.);
#6310=EDGE_CURVE($,#4891,#4961,#4131,.T.);
#6311=EDGE_CURVE($,#4960,#4961,#2438,.T.);
#6312=EDGE_CURVE($,#4962,#4914,#2439,.T.);
#6313=EDGE_CURVE($,#4963,#4913,#2440,.T.);
#6314=EDGE_CURVE($,#4963,#4962,#2441,.T.);
#6315=EDGE_CURVE($,#4964,#4962,#2442,.T.);
#6316=EDGE_CURVE($,#4965,#4963,#2443,.T.);
#6317=EDGE_CURVE($,#4965,#4964,#2444,.T.);
#6318=EDGE_CURVE($,#4912,#4908,#2445,.T.);
#6319=EDGE_CURVE($,#4909,#4965,#2446,.T.);
#6320=EDGE_CURVE($,#4927,#4915,#2447,.T.);
#6321=EDGE_CURVE($,#4928,#4964,#2448,.T.);
#6322=EDGE_CURVE($,#4960,#4966,#2449,.T.);
#6323=EDGE_CURVE($,#4966,#4967,#2450,.T.);
#6324=EDGE_CURVE($,#4967,#4893,#2451,.T.);
#6325=EDGE_CURVE($,#4968,#4953,#2452,.T.);
#6326=EDGE_CURVE($,#4968,#4948,#2453,.T.);
#6327=EDGE_CURVE($,#4968,#4961,#2454,.T.);
#6328=EDGE_CURVE($,#4969,#4970,#2455,.T.);
#6329=EDGE_CURVE($,#4970,#4971,#2456,.T.);
#6330=EDGE_CURVE($,#4972,#4971,#2457,.T.);
#6331=EDGE_CURVE($,#4973,#4972,#2458,.T.);
#6332=EDGE_CURVE($,#4973,#4974,#2459,.T.);
#6333=EDGE_CURVE($,#4974,#4969,#2460,.T.);
#6334=EDGE_CURVE($,#4896,#4975,#4132,.T.);
#6335=EDGE_CURVE($,#4975,#4739,#2461,.T.);
#6336=EDGE_CURVE($,#4967,#4976,#2462,.T.);
#6337=EDGE_CURVE($,#4976,#4894,#2463,.T.);
#6338=EDGE_CURVE($,#4895,#4977,#4133,.T.);
#6339=EDGE_CURVE($,#4978,#4976,#2464,.T.);
#6340=EDGE_CURVE($,#4977,#4978,#2465,.T.);
#6341=EDGE_CURVE($,#4978,#4966,#2466,.T.);
#6342=EDGE_CURVE($,#4975,#4977,#2467,.T.);
#6343=EDGE_CURVE($,#4979,#4973,#2468,.T.);
#6344=EDGE_CURVE($,#4980,#4979,#2469,.T.);
#6345=EDGE_CURVE($,#4974,#4980,#2470,.T.);
#6346=EDGE_CURVE($,#4981,#4982,#2471,.T.);
#6347=EDGE_CURVE($,#4983,#4981,#2472,.T.);
#6348=EDGE_CURVE($,#4984,#4983,#2473,.T.);
#6349=EDGE_CURVE($,#4982,#4984,#2474,.T.);
#6350=EDGE_CURVE($,#4985,#4983,#2475,.T.);
#6351=EDGE_CURVE($,#4986,#4981,#2476,.T.);
#6352=EDGE_CURVE($,#4987,#4986,#2477,.T.);
#6353=EDGE_CURVE($,#4988,#4987,#2478,.T.);
#6354=EDGE_CURVE($,#4988,#4985,#2479,.T.);
#6355=EDGE_CURVE($,#4899,#4989,#2480,.T.);
#6356=EDGE_CURVE($,#4989,#4958,#2481,.T.);
#6357=EDGE_CURVE($,#4990,#4991,#2482,.T.);
#6358=EDGE_CURVE($,#4898,#4990,#2483,.T.);
#6359=EDGE_CURVE($,#4991,#4897,#2484,.T.);
#6360=EDGE_CURVE($,#4828,#4991,#2485,.T.);
#6361=EDGE_CURVE($,#4991,#4958,#2486,.T.);
#6362=EDGE_CURVE($,#4990,#4989,#2487,.T.);
#6363=EDGE_CURVE($,#4987,#4971,#2488,.T.);
#6364=EDGE_CURVE($,#4986,#4972,#2489,.T.);
#6365=EDGE_CURVE($,#4979,#4982,#2490,.T.);
#6366=EDGE_CURVE($,#4984,#4980,#2491,.T.);
#6367=EDGE_CURVE($,#4985,#4969,#2492,.T.);
#6368=EDGE_CURVE($,#4841,#4949,#2493,.T.);
#6369=EDGE_CURVE($,#4955,#4939,#2494,.T.);
#6370=EDGE_CURVE($,#4938,#4886,#2495,.T.);
#6371=EDGE_CURVE($,#4887,#4840,#2496,.T.);
#6372=EDGE_CURVE($,#4970,#4959,#2497,.T.);
#6373=EDGE_CURVE($,#4809,#4988,#2498,.T.);
#6374=EDGE_CURVE($,#4801,#4806,#2499,.T.);
#6375=EDGE_CURVE($,#4793,#4798,#2500,.T.);
#6376=EDGE_CURVE($,#4856,#4858,#2501,.T.);
#6377=EDGE_CURVE($,#4942,#4885,#2502,.T.);
#6378=EDGE_CURVE($,#4992,#4993,#2503,.T.);
#6379=EDGE_CURVE($,#4993,#4994,#2504,.T.);
#6380=EDGE_CURVE($,#4995,#4994,#2505,.T.);
#6381=EDGE_CURVE($,#4992,#4995,#2506,.T.);
#6382=EDGE_CURVE($,#4996,#4997,#4134,.T.);
#6383=EDGE_CURVE($,#4997,#4998,#2507,.T.);
#6384=EDGE_CURVE($,#4998,#4999,#2508,.T.);
#6385=EDGE_CURVE($,#4999,#5000,#2509,.T.);
#6386=EDGE_CURVE($,#5000,#5001,#4135,.T.);
#6387=EDGE_CURVE($,#5001,#5002,#2510,.T.);
#6388=EDGE_CURVE($,#4999,#5002,#4136,.T.);
#6389=EDGE_CURVE($,#4999,#5003,#2511,.T.);
#6390=EDGE_CURVE($,#5003,#4996,#2512,.T.);
#6391=EDGE_CURVE($,#4994,#5004,#2513,.T.);
#6392=EDGE_CURVE($,#5005,#5004,#2514,.T.);
#6393=EDGE_CURVE($,#4995,#5005,#2515,.T.);
#6394=EDGE_CURVE($,#5006,#5003,#2516,.T.);
#6395=EDGE_CURVE($,#5006,#5007,#2517,.T.);
#6396=EDGE_CURVE($,#5007,#4996,#2518,.T.);
#6397=EDGE_CURVE($,#5008,#4997,#2519,.T.);
#6398=EDGE_CURVE($,#5008,#5009,#2520,.T.);
#6399=EDGE_CURVE($,#5009,#4998,#2521,.T.);
#6400=EDGE_CURVE($,#5009,#5010,#2522,.T.);
#6401=EDGE_CURVE($,#5010,#5006,#2523,.T.);
#6402=EDGE_CURVE($,#5011,#5012,#2524,.T.);
#6403=EDGE_CURVE($,#5013,#5011,#2525,.T.);
#6404=EDGE_CURVE($,#5013,#5014,#2526,.T.);
#6405=EDGE_CURVE($,#5014,#5012,#2527,.T.);
#6406=EDGE_CURVE($,#5015,#5016,#2528,.T.);
#6407=EDGE_CURVE($,#5015,#5017,#2529,.T.);
#6408=EDGE_CURVE($,#5017,#5018,#2530,.T.);
#6409=EDGE_CURVE($,#5016,#5018,#2531,.T.);
#6410=EDGE_CURVE($,#5017,#5019,#2532,.T.);
#6411=EDGE_CURVE($,#5019,#5013,#2533,.T.);
#6412=EDGE_CURVE($,#5020,#5011,#2534,.T.);
#6413=EDGE_CURVE($,#5018,#5020,#2535,.T.);
#6414=EDGE_CURVE($,#5021,#5022,#2536,.T.);
#6415=EDGE_CURVE($,#5023,#5021,#2537,.T.);
#6416=EDGE_CURVE($,#5023,#5024,#2538,.T.);
#6417=EDGE_CURVE($,#5024,#5022,#2539,.T.);
#6418=EDGE_CURVE($,#5025,#5026,#2540,.T.);
#6419=EDGE_CURVE($,#5025,#5027,#2541,.T.);
#6420=EDGE_CURVE($,#5027,#5028,#2542,.T.);
#6421=EDGE_CURVE($,#5026,#5028,#2543,.T.);
#6422=EDGE_CURVE($,#5027,#5029,#2544,.T.);
#6423=EDGE_CURVE($,#5029,#5023,#2545,.T.);
#6424=EDGE_CURVE($,#5030,#5021,#2546,.T.);
#6425=EDGE_CURVE($,#5028,#5030,#2547,.T.);
#6426=EDGE_CURVE($,#5031,#5032,#2548,.T.);
#6427=EDGE_CURVE($,#5033,#5031,#2549,.T.);
#6428=EDGE_CURVE($,#5033,#5034,#2550,.T.);
#6429=EDGE_CURVE($,#5032,#5034,#2551,.T.);
#6430=EDGE_CURVE($,#5033,#5035,#2552,.T.);
#6431=EDGE_CURVE($,#5035,#5036,#2553,.T.);
#6432=EDGE_CURVE($,#5037,#5036,#2554,.T.);
#6433=EDGE_CURVE($,#5034,#5037,#2555,.T.);
#6434=EDGE_CURVE($,#5038,#5039,#4137,.T.);
#6435=EDGE_CURVE($,#5040,#5038,#2556,.T.);
#6436=EDGE_CURVE($,#5041,#5040,#4138,.T.);
#6437=EDGE_CURVE($,#5031,#5041,#2557,.T.);
#6438=EDGE_CURVE($,#5039,#5031,#4139,.T.);
#6439=EDGE_CURVE($,#5042,#5031,#2558,.T.);
#6440=EDGE_CURVE($,#5043,#5041,#2559,.T.);
#6441=EDGE_CURVE($,#5043,#5042,#2560,.T.);
#6442=EDGE_CURVE($,#5044,#5045,#2561,.T.);
#6443=EDGE_CURVE($,#5046,#5045,#2562,.T.);
#6444=EDGE_CURVE($,#5047,#5046,#2563,.T.);
#6445=EDGE_CURVE($,#5047,#5044,#2564,.T.);
#6446=EDGE_CURVE($,#5045,#5042,#2565,.T.);
#6447=EDGE_CURVE($,#5046,#5043,#2566,.T.);
#6448=EDGE_CURVE($,#5048,#5049,#2567,.T.);
#6449=EDGE_CURVE($,#5049,#5005,#2568,.T.);
#6450=EDGE_CURVE($,#5004,#5050,#2569,.T.);
#6451=EDGE_CURVE($,#5051,#5050,#2570,.T.);
#6452=EDGE_CURVE($,#5048,#5051,#2571,.T.);
#6453=EDGE_CURVE($,#5052,#5053,#2572,.T.);
#6454=EDGE_CURVE($,#5052,#5048,#2573,.T.);
#6455=EDGE_CURVE($,#5053,#5051,#2574,.T.);
#6456=EDGE_CURVE($,#5054,#5040,#2575,.T.);
#6457=EDGE_CURVE($,#5054,#5055,#2576,.T.);
#6458=EDGE_CURVE($,#5055,#5056,#2577,.T.);
#6459=EDGE_CURVE($,#5047,#5056,#2578,.T.);
#6460=EDGE_CURVE($,#5056,#5057,#2579,.T.);
#6461=EDGE_CURVE($,#5055,#5049,#2580,.T.);
#6462=EDGE_CURVE($,#5052,#5057,#2581,.T.);
#6463=EDGE_CURVE($,#5057,#5058,#2582,.T.);
#6464=EDGE_CURVE($,#5053,#5058,#2583,.T.);
#6465=EDGE_CURVE($,#5059,#5038,#4140,.T.);
#6466=EDGE_CURVE($,#5059,#5060,#2584,.T.);
#6467=EDGE_CURVE($,#5060,#5038,#2585,.T.);
#6468=EDGE_CURVE($,#5060,#5054,#2586,.T.);
#6469=EDGE_CURVE($,#5061,#5035,#2587,.T.);
#6470=EDGE_CURVE($,#5062,#5044,#2588,.T.);
#6471=EDGE_CURVE($,#5061,#5062,#2589,.T.);
#6472=EDGE_CURVE($,#5010,#5063,#2590,.T.);
#6473=EDGE_CURVE($,#5007,#5008,#4141,.T.);
#6474=EDGE_CURVE($,#5010,#5064,#4142,.T.);
#6475=EDGE_CURVE($,#5065,#5064,#2591,.T.);
#6476=EDGE_CURVE($,#5063,#5065,#4143,.T.);
#6477=EDGE_CURVE($,#5012,#5016,#4144,.T.);
#6478=EDGE_CURVE($,#5020,#5066,#2592,.T.);
#6479=EDGE_CURVE($,#5066,#5067,#4145,.T.);
#6480=EDGE_CURVE($,#5067,#5068,#2593,.T.);
#6481=EDGE_CURVE($,#5020,#5068,#4146,.T.);
#6482=EDGE_CURVE($,#5066,#5063,#2594,.T.);
#6483=EDGE_CURVE($,#5020,#5010,#2595,.T.);
#6484=EDGE_CURVE($,#5068,#5064,#2596,.T.);
#6485=EDGE_CURVE($,#5067,#5065,#2597,.T.);
#6486=EDGE_CURVE($,#5019,#5069,#2598,.T.);
#6487=EDGE_CURVE($,#5014,#5015,#4147,.T.);
#6488=EDGE_CURVE($,#5019,#5070,#4148,.T.);
#6489=EDGE_CURVE($,#5071,#5070,#2599,.T.);
#6490=EDGE_CURVE($,#5069,#5071,#4149,.T.);
#6491=EDGE_CURVE($,#5022,#5026,#4150,.T.);
#6492=EDGE_CURVE($,#5030,#5072,#2600,.T.);
#6493=EDGE_CURVE($,#5072,#5073,#4151,.T.);
#6494=EDGE_CURVE($,#5073,#5074,#2601,.T.);
#6495=EDGE_CURVE($,#5030,#5074,#4152,.T.);
#6496=EDGE_CURVE($,#5072,#5069,#2602,.T.);
#6497=EDGE_CURVE($,#5030,#5019,#2603,.T.);
#6498=EDGE_CURVE($,#5074,#5070,#2604,.T.);
#6499=EDGE_CURVE($,#5073,#5071,#2605,.T.);
#6500=EDGE_CURVE($,#5029,#5075,#2606,.T.);
#6501=EDGE_CURVE($,#5024,#5025,#4153,.T.);
#6502=EDGE_CURVE($,#5029,#5076,#4154,.T.);
#6503=EDGE_CURVE($,#5077,#5076,#2607,.T.);
#6504=EDGE_CURVE($,#5075,#5077,#4155,.T.);
#6505=EDGE_CURVE($,#5078,#5032,#4156,.T.);
#6506=EDGE_CURVE($,#5037,#5079,#2608,.T.);
#6507=EDGE_CURVE($,#5079,#5080,#4157,.T.);
#6508=EDGE_CURVE($,#5080,#5081,#2609,.T.);
#6509=EDGE_CURVE($,#5037,#5081,#4158,.T.);
#6510=EDGE_CURVE($,#5036,#5078,#2610,.T.);
#6511=EDGE_CURVE($,#5079,#5075,#2611,.T.);
#6512=EDGE_CURVE($,#5037,#5029,#2612,.T.);
#6513=EDGE_CURVE($,#5081,#5076,#2613,.T.);
#6514=EDGE_CURVE($,#5080,#5077,#2614,.T.);
#6515=EDGE_CURVE($,#5059,#5078,#2615,.T.);
#6516=EDGE_CURVE($,#5082,#5050,#2616,.T.);
#6517=EDGE_CURVE($,#5082,#5083,#2617,.T.);
#6518=EDGE_CURVE($,#5083,#5084,#2618,.T.);
#6519=EDGE_CURVE($,#5084,#5085,#2619,.T.);
#6520=EDGE_CURVE($,#5058,#5085,#2620,.T.);
#6521=EDGE_CURVE($,#4993,#5086,#2621,.T.);
#6522=EDGE_CURVE($,#5087,#5086,#2622,.T.);
#6523=EDGE_CURVE($,#5088,#5087,#2623,.T.);
#6524=EDGE_CURVE($,#5082,#5088,#2624,.T.);
#6525=EDGE_CURVE($,#4992,#5089,#2625,.T.);
#6526=EDGE_CURVE($,#5086,#5089,#2626,.T.);
#6527=EDGE_CURVE($,#5090,#5091,#2627,.T.);
#6528=EDGE_CURVE($,#5090,#5092,#2628,.T.);
#6529=EDGE_CURVE($,#5092,#5093,#2629,.T.);
#6530=EDGE_CURVE($,#5091,#5093,#2630,.T.);
#6531=EDGE_CURVE($,#5094,#5095,#2631,.T.);
#6532=EDGE_CURVE($,#5094,#5096,#2632,.T.);
#6533=EDGE_CURVE($,#5096,#5090,#2633,.T.);
#6534=EDGE_CURVE($,#5097,#5091,#2634,.T.);
#6535=EDGE_CURVE($,#5095,#5097,#2635,.T.);
#6536=EDGE_CURVE($,#5000,#5098,#2636,.T.);
#6537=EDGE_CURVE($,#5098,#5099,#4159,.T.);
#6538=EDGE_CURVE($,#5001,#5099,#2637,.T.);
#6539=EDGE_CURVE($,#5096,#5100,#4160,.T.);
#6540=EDGE_CURVE($,#4999,#5096,#2638,.T.);
#6541=EDGE_CURVE($,#5002,#5100,#2639,.T.);
#6542=EDGE_CURVE($,#5092,#5101,#4161,.T.);
#6543=EDGE_CURVE($,#5101,#5102,#2640,.T.);
#6544=EDGE_CURVE($,#5093,#5102,#4162,.T.);
#6545=EDGE_CURVE($,#5099,#5100,#2641,.T.);
#6546=EDGE_CURVE($,#5096,#5098,#2642,.T.);
#6547=EDGE_CURVE($,#5101,#5094,#2643,.T.);
#6548=EDGE_CURVE($,#5102,#5095,#2644,.T.);
#6549=EDGE_CURVE($,#5103,#5104,#2645,.T.);
#6550=EDGE_CURVE($,#5105,#5103,#2646,.T.);
#6551=EDGE_CURVE($,#5106,#5105,#2647,.T.);
#6552=EDGE_CURVE($,#5104,#5106,#2648,.T.);
#6553=EDGE_CURVE($,#5107,#5105,#2649,.T.);
#6554=EDGE_CURVE($,#5108,#5107,#2650,.T.);
#6555=EDGE_CURVE($,#5109,#5108,#2651,.T.);
#6556=EDGE_CURVE($,#5106,#5109,#2652,.T.);
#6557=EDGE_CURVE($,#5110,#5111,#4163,.T.);
#6558=EDGE_CURVE($,#5112,#5110,#2653,.T.);
#6559=EDGE_CURVE($,#5104,#5112,#4164,.T.);
#6560=EDGE_CURVE($,#5111,#5104,#2654,.T.);
#6561=EDGE_CURVE($,#5113,#5111,#2655,.T.);
#6562=EDGE_CURVE($,#5104,#5114,#2656,.T.);
#6563=EDGE_CURVE($,#5114,#5113,#2657,.T.);
#6564=EDGE_CURVE($,#5114,#5115,#2658,.T.);
#6565=EDGE_CURVE($,#5115,#5116,#2659,.T.);
#6566=EDGE_CURVE($,#5116,#5113,#2660,.T.);
#6567=EDGE_CURVE($,#5115,#5117,#2661,.T.);
#6568=EDGE_CURVE($,#5117,#5118,#2662,.T.);
#6569=EDGE_CURVE($,#5118,#5116,#2663,.T.);
#6570=EDGE_CURVE($,#5119,#5083,#2664,.T.);
#6571=EDGE_CURVE($,#5119,#5120,#2665,.T.);
#6572=EDGE_CURVE($,#5120,#5084,#2666,.T.);
#6573=EDGE_CURVE($,#5088,#5121,#2667,.T.);
#6574=EDGE_CURVE($,#5121,#5122,#2668,.T.);
#6575=EDGE_CURVE($,#5122,#5119,#2669,.T.);
#6576=EDGE_CURVE($,#5123,#5110,#2670,.T.);
#6577=EDGE_CURVE($,#5124,#5118,#2671,.T.);
#6578=EDGE_CURVE($,#5125,#5124,#2672,.T.);
#6579=EDGE_CURVE($,#5125,#5123,#2673,.T.);
#6580=EDGE_CURVE($,#5085,#5126,#2674,.T.);
#6581=EDGE_CURVE($,#5120,#5126,#2675,.T.);
#6582=EDGE_CURVE($,#5126,#5124,#2676,.T.);
#6583=EDGE_CURVE($,#5122,#5125,#2677,.T.);
#6584=EDGE_CURVE($,#5109,#5127,#2678,.T.);
#6585=EDGE_CURVE($,#5127,#5128,#2679,.T.);
#6586=EDGE_CURVE($,#5117,#5128,#2680,.T.);
#6587=EDGE_CURVE($,#5129,#5112,#2681,.T.);
#6588=EDGE_CURVE($,#5123,#5129,#2682,.T.);
#6589=EDGE_CURVE($,#5112,#5130,#4165,.T.);
#6590=EDGE_CURVE($,#5129,#5130,#2683,.T.);
#6591=EDGE_CURVE($,#5131,#5103,#4166,.T.);
#6592=EDGE_CURVE($,#5131,#5108,#2684,.T.);
#6593=EDGE_CURVE($,#5107,#5132,#4167,.T.);
#6594=EDGE_CURVE($,#5133,#5132,#2685,.T.);
#6595=EDGE_CURVE($,#5134,#5133,#4168,.T.);
#6596=EDGE_CURVE($,#5107,#5134,#2686,.T.);
#6597=EDGE_CURVE($,#5097,#5135,#2687,.T.);
#6598=EDGE_CURVE($,#5135,#5136,#4169,.T.);
#6599=EDGE_CURVE($,#5136,#5137,#2688,.T.);
#6600=EDGE_CURVE($,#5097,#5137,#4170,.T.);
#6601=EDGE_CURVE($,#5135,#5134,#2689,.T.);
#6602=EDGE_CURVE($,#5097,#5107,#2690,.T.);
#6603=EDGE_CURVE($,#5137,#5132,#2691,.T.);
#6604=EDGE_CURVE($,#5136,#5133,#2692,.T.);
#6605=EDGE_CURVE($,#5130,#5131,#2693,.T.);
#6606=EDGE_CURVE($,#5087,#5138,#2694,.T.);
#6607=EDGE_CURVE($,#5121,#5138,#2695,.T.);
#6608=EDGE_CURVE($,#5138,#5089,#2696,.T.);
#6609=EDGE_CURVE($,#5128,#5062,#2697,.T.);
#6610=EDGE_CURVE($,#5127,#5061,#2698,.T.);
#6611=ORIENTED_EDGE($,*,*,#5139,.F.);
#6612=ORIENTED_EDGE($,*,*,#5140,.T.);
#6613=ORIENTED_EDGE($,*,*,#5141,.T.);
#6614=ORIENTED_EDGE($,*,*,#5142,.F.);
#6615=ORIENTED_EDGE($,*,*,#5143,.T.);
#6616=ORIENTED_EDGE($,*,*,#5144,.F.);
#6617=ORIENTED_EDGE($,*,*,#5145,.F.);
#6618=ORIENTED_EDGE($,*,*,#5146,.T.);
#6619=ORIENTED_EDGE($,*,*,#5147,.T.);
#6620=ORIENTED_EDGE($,*,*,#5148,.F.);
#6621=ORIENTED_EDGE($,*,*,#5149,.F.);
#6622=ORIENTED_EDGE($,*,*,#5144,.T.);
#6623=ORIENTED_EDGE($,*,*,#5150,.T.);
#6624=ORIENTED_EDGE($,*,*,#5151,.F.);
#6625=ORIENTED_EDGE($,*,*,#5152,.F.);
#6626=ORIENTED_EDGE($,*,*,#5148,.T.);
#6627=ORIENTED_EDGE($,*,*,#5153,.T.);
#6628=ORIENTED_EDGE($,*,*,#5154,.F.);
#6629=ORIENTED_EDGE($,*,*,#5155,.F.);
#6630=ORIENTED_EDGE($,*,*,#5151,.T.);
#6631=ORIENTED_EDGE($,*,*,#5156,.T.);
#6632=ORIENTED_EDGE($,*,*,#5157,.F.);
#6633=ORIENTED_EDGE($,*,*,#5158,.F.);
#6634=ORIENTED_EDGE($,*,*,#5154,.T.);
#6635=ORIENTED_EDGE($,*,*,#5159,.T.);
#6636=ORIENTED_EDGE($,*,*,#5160,.F.);
#6637=ORIENTED_EDGE($,*,*,#5161,.F.);
#6638=ORIENTED_EDGE($,*,*,#5157,.T.);
#6639=ORIENTED_EDGE($,*,*,#5162,.T.);
#6640=ORIENTED_EDGE($,*,*,#5163,.F.);
#6641=ORIENTED_EDGE($,*,*,#5164,.F.);
#6642=ORIENTED_EDGE($,*,*,#5160,.T.);
#6643=ORIENTED_EDGE($,*,*,#5165,.T.);
#6644=ORIENTED_EDGE($,*,*,#5166,.F.);
#6645=ORIENTED_EDGE($,*,*,#5167,.F.);
#6646=ORIENTED_EDGE($,*,*,#5163,.T.);
#6647=ORIENTED_EDGE($,*,*,#5168,.T.);
#6648=ORIENTED_EDGE($,*,*,#5140,.F.);
#6649=ORIENTED_EDGE($,*,*,#5169,.F.);
#6650=ORIENTED_EDGE($,*,*,#5166,.T.);
#6651=ORIENTED_EDGE($,*,*,#5170,.T.);
#6652=ORIENTED_EDGE($,*,*,#5171,.F.);
#6653=ORIENTED_EDGE($,*,*,#5172,.F.);
#6654=ORIENTED_EDGE($,*,*,#5142,.T.);
#6655=ORIENTED_EDGE($,*,*,#5173,.T.);
#6656=ORIENTED_EDGE($,*,*,#5174,.F.);
#6657=ORIENTED_EDGE($,*,*,#5175,.F.);
#6658=ORIENTED_EDGE($,*,*,#5171,.T.);
#6659=ORIENTED_EDGE($,*,*,#5176,.T.);
#6660=ORIENTED_EDGE($,*,*,#5177,.F.);
#6661=ORIENTED_EDGE($,*,*,#5178,.F.);
#6662=ORIENTED_EDGE($,*,*,#5174,.T.);
#6663=ORIENTED_EDGE($,*,*,#5179,.T.);
#6664=ORIENTED_EDGE($,*,*,#5180,.F.);
#6665=ORIENTED_EDGE($,*,*,#5181,.F.);
#6666=ORIENTED_EDGE($,*,*,#5177,.T.);
#6667=ORIENTED_EDGE($,*,*,#5182,.T.);
#6668=ORIENTED_EDGE($,*,*,#5183,.F.);
#6669=ORIENTED_EDGE($,*,*,#5184,.F.);
#6670=ORIENTED_EDGE($,*,*,#5180,.T.);
#6671=ORIENTED_EDGE($,*,*,#5185,.T.);
#6672=ORIENTED_EDGE($,*,*,#5186,.F.);
#6673=ORIENTED_EDGE($,*,*,#5187,.F.);
#6674=ORIENTED_EDGE($,*,*,#5183,.T.);
#6675=ORIENTED_EDGE($,*,*,#5188,.T.);
#6676=ORIENTED_EDGE($,*,*,#5146,.F.);
#6677=ORIENTED_EDGE($,*,*,#5189,.F.);
#6678=ORIENTED_EDGE($,*,*,#5186,.T.);
#6679=ORIENTED_EDGE($,*,*,#5189,.T.);
#6680=ORIENTED_EDGE($,*,*,#5145,.T.);
#6681=ORIENTED_EDGE($,*,*,#5149,.T.);
#6682=ORIENTED_EDGE($,*,*,#5152,.T.);
#6683=ORIENTED_EDGE($,*,*,#5155,.T.);
#6684=ORIENTED_EDGE($,*,*,#5158,.T.);
#6685=ORIENTED_EDGE($,*,*,#5161,.T.);
#6686=ORIENTED_EDGE($,*,*,#5164,.T.);
#6687=ORIENTED_EDGE($,*,*,#5167,.T.);
#6688=ORIENTED_EDGE($,*,*,#5169,.T.);
#6689=ORIENTED_EDGE($,*,*,#5139,.T.);
#6690=ORIENTED_EDGE($,*,*,#5172,.T.);
#6691=ORIENTED_EDGE($,*,*,#5175,.T.);
#6692=ORIENTED_EDGE($,*,*,#5178,.T.);
#6693=ORIENTED_EDGE($,*,*,#5181,.T.);
#6694=ORIENTED_EDGE($,*,*,#5184,.T.);
#6695=ORIENTED_EDGE($,*,*,#5187,.T.);
#6696=ORIENTED_EDGE($,*,*,#5143,.F.);
#6697=ORIENTED_EDGE($,*,*,#5188,.F.);
#6698=ORIENTED_EDGE($,*,*,#5185,.F.);
#6699=ORIENTED_EDGE($,*,*,#5182,.F.);
#6700=ORIENTED_EDGE($,*,*,#5179,.F.);
#6701=ORIENTED_EDGE($,*,*,#5176,.F.);
#6702=ORIENTED_EDGE($,*,*,#5173,.F.);
#6703=ORIENTED_EDGE($,*,*,#5170,.F.);
#6704=ORIENTED_EDGE($,*,*,#5141,.F.);
#6705=ORIENTED_EDGE($,*,*,#5168,.F.);
#6706=ORIENTED_EDGE($,*,*,#5165,.F.);
#6707=ORIENTED_EDGE($,*,*,#5162,.F.);
#6708=ORIENTED_EDGE($,*,*,#5159,.F.);
#6709=ORIENTED_EDGE($,*,*,#5156,.F.);
#6710=ORIENTED_EDGE($,*,*,#5153,.F.);
#6711=ORIENTED_EDGE($,*,*,#5150,.F.);
#6712=ORIENTED_EDGE($,*,*,#5147,.F.);
#6713=ORIENTED_EDGE($,*,*,#5190,.T.);
#6714=ORIENTED_EDGE($,*,*,#5191,.F.);
#6715=ORIENTED_EDGE($,*,*,#5192,.F.);
#6716=ORIENTED_EDGE($,*,*,#5193,.T.);
#6717=ORIENTED_EDGE($,*,*,#5194,.T.);
#6718=ORIENTED_EDGE($,*,*,#5195,.F.);
#6719=ORIENTED_EDGE($,*,*,#5196,.F.);
#6720=ORIENTED_EDGE($,*,*,#5191,.T.);
#6721=ORIENTED_EDGE($,*,*,#5197,.T.);
#6722=ORIENTED_EDGE($,*,*,#5198,.F.);
#6723=ORIENTED_EDGE($,*,*,#5199,.F.);
#6724=ORIENTED_EDGE($,*,*,#5195,.T.);
#6725=ORIENTED_EDGE($,*,*,#5200,.T.);
#6726=ORIENTED_EDGE($,*,*,#5201,.F.);
#6727=ORIENTED_EDGE($,*,*,#5202,.F.);
#6728=ORIENTED_EDGE($,*,*,#5198,.T.);
#6729=ORIENTED_EDGE($,*,*,#5203,.T.);
#6730=ORIENTED_EDGE($,*,*,#5204,.F.);
#6731=ORIENTED_EDGE($,*,*,#5205,.F.);
#6732=ORIENTED_EDGE($,*,*,#5201,.T.);
#6733=ORIENTED_EDGE($,*,*,#5206,.T.);
#6734=ORIENTED_EDGE($,*,*,#5207,.F.);
#6735=ORIENTED_EDGE($,*,*,#5208,.F.);
#6736=ORIENTED_EDGE($,*,*,#5204,.T.);
#6737=ORIENTED_EDGE($,*,*,#5209,.T.);
#6738=ORIENTED_EDGE($,*,*,#5210,.F.);
#6739=ORIENTED_EDGE($,*,*,#5211,.F.);
#6740=ORIENTED_EDGE($,*,*,#5207,.T.);
#6741=ORIENTED_EDGE($,*,*,#5212,.T.);
#6742=ORIENTED_EDGE($,*,*,#5213,.F.);
#6743=ORIENTED_EDGE($,*,*,#5214,.F.);
#6744=ORIENTED_EDGE($,*,*,#5210,.T.);
#6745=ORIENTED_EDGE($,*,*,#5215,.T.);
#6746=ORIENTED_EDGE($,*,*,#5216,.F.);
#6747=ORIENTED_EDGE($,*,*,#5217,.F.);
#6748=ORIENTED_EDGE($,*,*,#5213,.T.);
#6749=ORIENTED_EDGE($,*,*,#5218,.T.);
#6750=ORIENTED_EDGE($,*,*,#5219,.F.);
#6751=ORIENTED_EDGE($,*,*,#5220,.F.);
#6752=ORIENTED_EDGE($,*,*,#5216,.T.);
#6753=ORIENTED_EDGE($,*,*,#5221,.T.);
#6754=ORIENTED_EDGE($,*,*,#5222,.F.);
#6755=ORIENTED_EDGE($,*,*,#5223,.F.);
#6756=ORIENTED_EDGE($,*,*,#5219,.T.);
#6757=ORIENTED_EDGE($,*,*,#5224,.T.);
#6758=ORIENTED_EDGE($,*,*,#5225,.F.);
#6759=ORIENTED_EDGE($,*,*,#5226,.F.);
#6760=ORIENTED_EDGE($,*,*,#5222,.T.);
#6761=ORIENTED_EDGE($,*,*,#5227,.T.);
#6762=ORIENTED_EDGE($,*,*,#5228,.F.);
#6763=ORIENTED_EDGE($,*,*,#5229,.F.);
#6764=ORIENTED_EDGE($,*,*,#5225,.T.);
#6765=ORIENTED_EDGE($,*,*,#5230,.T.);
#6766=ORIENTED_EDGE($,*,*,#5231,.F.);
#6767=ORIENTED_EDGE($,*,*,#5232,.F.);
#6768=ORIENTED_EDGE($,*,*,#5228,.T.);
#6769=ORIENTED_EDGE($,*,*,#5233,.T.);
#6770=ORIENTED_EDGE($,*,*,#5234,.F.);
#6771=ORIENTED_EDGE($,*,*,#5235,.F.);
#6772=ORIENTED_EDGE($,*,*,#5231,.T.);
#6773=ORIENTED_EDGE($,*,*,#5236,.T.);
#6774=ORIENTED_EDGE($,*,*,#5193,.F.);
#6775=ORIENTED_EDGE($,*,*,#5237,.F.);
#6776=ORIENTED_EDGE($,*,*,#5234,.T.);
#6777=ORIENTED_EDGE($,*,*,#5192,.T.);
#6778=ORIENTED_EDGE($,*,*,#5196,.T.);
#6779=ORIENTED_EDGE($,*,*,#5199,.T.);
#6780=ORIENTED_EDGE($,*,*,#5202,.T.);
#6781=ORIENTED_EDGE($,*,*,#5205,.T.);
#6782=ORIENTED_EDGE($,*,*,#5208,.T.);
#6783=ORIENTED_EDGE($,*,*,#5211,.T.);
#6784=ORIENTED_EDGE($,*,*,#5214,.T.);
#6785=ORIENTED_EDGE($,*,*,#5217,.T.);
#6786=ORIENTED_EDGE($,*,*,#5220,.T.);
#6787=ORIENTED_EDGE($,*,*,#5223,.T.);
#6788=ORIENTED_EDGE($,*,*,#5226,.T.);
#6789=ORIENTED_EDGE($,*,*,#5229,.T.);
#6790=ORIENTED_EDGE($,*,*,#5232,.T.);
#6791=ORIENTED_EDGE($,*,*,#5235,.T.);
#6792=ORIENTED_EDGE($,*,*,#5237,.T.);
#6793=ORIENTED_EDGE($,*,*,#5190,.F.);
#6794=ORIENTED_EDGE($,*,*,#5236,.F.);
#6795=ORIENTED_EDGE($,*,*,#5233,.F.);
#6796=ORIENTED_EDGE($,*,*,#5230,.F.);
#6797=ORIENTED_EDGE($,*,*,#5227,.F.);
#6798=ORIENTED_EDGE($,*,*,#5224,.F.);
#6799=ORIENTED_EDGE($,*,*,#5221,.F.);
#6800=ORIENTED_EDGE($,*,*,#5218,.F.);
#6801=ORIENTED_EDGE($,*,*,#5215,.F.);
#6802=ORIENTED_EDGE($,*,*,#5212,.F.);
#6803=ORIENTED_EDGE($,*,*,#5209,.F.);
#6804=ORIENTED_EDGE($,*,*,#5206,.F.);
#6805=ORIENTED_EDGE($,*,*,#5203,.F.);
#6806=ORIENTED_EDGE($,*,*,#5200,.F.);
#6807=ORIENTED_EDGE($,*,*,#5197,.F.);
#6808=ORIENTED_EDGE($,*,*,#5194,.F.);
#6809=ORIENTED_EDGE($,*,*,#5238,.T.);
#6810=ORIENTED_EDGE($,*,*,#5239,.F.);
#6811=ORIENTED_EDGE($,*,*,#5240,.F.);
#6812=ORIENTED_EDGE($,*,*,#5241,.T.);
#6813=ORIENTED_EDGE($,*,*,#5242,.T.);
#6814=ORIENTED_EDGE($,*,*,#5243,.F.);
#6815=ORIENTED_EDGE($,*,*,#5244,.F.);
#6816=ORIENTED_EDGE($,*,*,#5239,.T.);
#6817=ORIENTED_EDGE($,*,*,#5245,.T.);
#6818=ORIENTED_EDGE($,*,*,#5246,.F.);
#6819=ORIENTED_EDGE($,*,*,#5247,.F.);
#6820=ORIENTED_EDGE($,*,*,#5243,.T.);
#6821=ORIENTED_EDGE($,*,*,#5248,.T.);
#6822=ORIENTED_EDGE($,*,*,#5249,.F.);
#6823=ORIENTED_EDGE($,*,*,#5250,.F.);
#6824=ORIENTED_EDGE($,*,*,#5246,.T.);
#6825=ORIENTED_EDGE($,*,*,#5251,.T.);
#6826=ORIENTED_EDGE($,*,*,#5252,.F.);
#6827=ORIENTED_EDGE($,*,*,#5253,.F.);
#6828=ORIENTED_EDGE($,*,*,#5249,.T.);
#6829=ORIENTED_EDGE($,*,*,#5254,.T.);
#6830=ORIENTED_EDGE($,*,*,#5255,.F.);
#6831=ORIENTED_EDGE($,*,*,#5256,.F.);
#6832=ORIENTED_EDGE($,*,*,#5252,.T.);
#6833=ORIENTED_EDGE($,*,*,#5257,.T.);
#6834=ORIENTED_EDGE($,*,*,#5258,.F.);
#6835=ORIENTED_EDGE($,*,*,#5259,.F.);
#6836=ORIENTED_EDGE($,*,*,#5255,.T.);
#6837=ORIENTED_EDGE($,*,*,#5260,.T.);
#6838=ORIENTED_EDGE($,*,*,#5261,.F.);
#6839=ORIENTED_EDGE($,*,*,#5262,.F.);
#6840=ORIENTED_EDGE($,*,*,#5258,.T.);
#6841=ORIENTED_EDGE($,*,*,#5263,.T.);
#6842=ORIENTED_EDGE($,*,*,#5264,.F.);
#6843=ORIENTED_EDGE($,*,*,#5265,.F.);
#6844=ORIENTED_EDGE($,*,*,#5261,.T.);
#6845=ORIENTED_EDGE($,*,*,#5266,.T.);
#6846=ORIENTED_EDGE($,*,*,#5267,.F.);
#6847=ORIENTED_EDGE($,*,*,#5268,.F.);
#6848=ORIENTED_EDGE($,*,*,#5264,.T.);
#6849=ORIENTED_EDGE($,*,*,#5269,.T.);
#6850=ORIENTED_EDGE($,*,*,#5270,.F.);
#6851=ORIENTED_EDGE($,*,*,#5271,.F.);
#6852=ORIENTED_EDGE($,*,*,#5267,.T.);
#6853=ORIENTED_EDGE($,*,*,#5272,.T.);
#6854=ORIENTED_EDGE($,*,*,#5273,.F.);
#6855=ORIENTED_EDGE($,*,*,#5274,.F.);
#6856=ORIENTED_EDGE($,*,*,#5270,.T.);
#6857=ORIENTED_EDGE($,*,*,#5275,.T.);
#6858=ORIENTED_EDGE($,*,*,#5241,.F.);
#6859=ORIENTED_EDGE($,*,*,#5276,.F.);
#6860=ORIENTED_EDGE($,*,*,#5273,.T.);
#6861=ORIENTED_EDGE($,*,*,#5240,.T.);
#6862=ORIENTED_EDGE($,*,*,#5244,.T.);
#6863=ORIENTED_EDGE($,*,*,#5247,.T.);
#6864=ORIENTED_EDGE($,*,*,#5250,.T.);
#6865=ORIENTED_EDGE($,*,*,#5253,.T.);
#6866=ORIENTED_EDGE($,*,*,#5256,.T.);
#6867=ORIENTED_EDGE($,*,*,#5259,.T.);
#6868=ORIENTED_EDGE($,*,*,#5262,.T.);
#6869=ORIENTED_EDGE($,*,*,#5265,.T.);
#6870=ORIENTED_EDGE($,*,*,#5268,.T.);
#6871=ORIENTED_EDGE($,*,*,#5271,.T.);
#6872=ORIENTED_EDGE($,*,*,#5274,.T.);
#6873=ORIENTED_EDGE($,*,*,#5276,.T.);
#6874=ORIENTED_EDGE($,*,*,#5238,.F.);
#6875=ORIENTED_EDGE($,*,*,#5275,.F.);
#6876=ORIENTED_EDGE($,*,*,#5272,.F.);
#6877=ORIENTED_EDGE($,*,*,#5269,.F.);
#6878=ORIENTED_EDGE($,*,*,#5266,.F.);
#6879=ORIENTED_EDGE($,*,*,#5263,.F.);
#6880=ORIENTED_EDGE($,*,*,#5260,.F.);
#6881=ORIENTED_EDGE($,*,*,#5257,.F.);
#6882=ORIENTED_EDGE($,*,*,#5254,.F.);
#6883=ORIENTED_EDGE($,*,*,#5251,.F.);
#6884=ORIENTED_EDGE($,*,*,#5248,.F.);
#6885=ORIENTED_EDGE($,*,*,#5245,.F.);
#6886=ORIENTED_EDGE($,*,*,#5242,.F.);
#6887=ORIENTED_EDGE($,*,*,#5277,.T.);
#6888=ORIENTED_EDGE($,*,*,#5278,.F.);
#6889=ORIENTED_EDGE($,*,*,#5279,.F.);
#6890=ORIENTED_EDGE($,*,*,#5280,.T.);
#6891=ORIENTED_EDGE($,*,*,#5281,.T.);
#6892=ORIENTED_EDGE($,*,*,#5282,.F.);
#6893=ORIENTED_EDGE($,*,*,#5283,.F.);
#6894=ORIENTED_EDGE($,*,*,#5278,.T.);
#6895=ORIENTED_EDGE($,*,*,#5284,.T.);
#6896=ORIENTED_EDGE($,*,*,#5285,.F.);
#6897=ORIENTED_EDGE($,*,*,#5286,.F.);
#6898=ORIENTED_EDGE($,*,*,#5282,.T.);
#6899=ORIENTED_EDGE($,*,*,#5287,.T.);
#6900=ORIENTED_EDGE($,*,*,#5288,.F.);
#6901=ORIENTED_EDGE($,*,*,#5289,.F.);
#6902=ORIENTED_EDGE($,*,*,#5285,.T.);
#6903=ORIENTED_EDGE($,*,*,#5290,.T.);
#6904=ORIENTED_EDGE($,*,*,#5291,.F.);
#6905=ORIENTED_EDGE($,*,*,#5292,.F.);
#6906=ORIENTED_EDGE($,*,*,#5288,.T.);
#6907=ORIENTED_EDGE($,*,*,#5293,.T.);
#6908=ORIENTED_EDGE($,*,*,#5294,.F.);
#6909=ORIENTED_EDGE($,*,*,#5295,.F.);
#6910=ORIENTED_EDGE($,*,*,#5291,.T.);
#6911=ORIENTED_EDGE($,*,*,#5296,.T.);
#6912=ORIENTED_EDGE($,*,*,#5297,.F.);
#6913=ORIENTED_EDGE($,*,*,#5298,.F.);
#6914=ORIENTED_EDGE($,*,*,#5294,.T.);
#6915=ORIENTED_EDGE($,*,*,#5299,.T.);
#6916=ORIENTED_EDGE($,*,*,#5300,.F.);
#6917=ORIENTED_EDGE($,*,*,#5301,.F.);
#6918=ORIENTED_EDGE($,*,*,#5297,.T.);
#6919=ORIENTED_EDGE($,*,*,#5302,.T.);
#6920=ORIENTED_EDGE($,*,*,#5303,.F.);
#6921=ORIENTED_EDGE($,*,*,#5304,.F.);
#6922=ORIENTED_EDGE($,*,*,#5300,.T.);
#6923=ORIENTED_EDGE($,*,*,#5305,.T.);
#6924=ORIENTED_EDGE($,*,*,#5306,.F.);
#6925=ORIENTED_EDGE($,*,*,#5307,.F.);
#6926=ORIENTED_EDGE($,*,*,#5303,.T.);
#6927=ORIENTED_EDGE($,*,*,#5308,.T.);
#6928=ORIENTED_EDGE($,*,*,#5309,.F.);
#6929=ORIENTED_EDGE($,*,*,#5310,.F.);
#6930=ORIENTED_EDGE($,*,*,#5306,.T.);
#6931=ORIENTED_EDGE($,*,*,#5311,.T.);
#6932=ORIENTED_EDGE($,*,*,#5312,.F.);
#6933=ORIENTED_EDGE($,*,*,#5313,.F.);
#6934=ORIENTED_EDGE($,*,*,#5309,.T.);
#6935=ORIENTED_EDGE($,*,*,#5314,.T.);
#6936=ORIENTED_EDGE($,*,*,#5315,.F.);
#6937=ORIENTED_EDGE($,*,*,#5316,.F.);
#6938=ORIENTED_EDGE($,*,*,#5312,.T.);
#6939=ORIENTED_EDGE($,*,*,#5317,.T.);
#6940=ORIENTED_EDGE($,*,*,#5318,.F.);
#6941=ORIENTED_EDGE($,*,*,#5319,.F.);
#6942=ORIENTED_EDGE($,*,*,#5315,.T.);
#6943=ORIENTED_EDGE($,*,*,#5320,.T.);
#6944=ORIENTED_EDGE($,*,*,#5321,.F.);
#6945=ORIENTED_EDGE($,*,*,#5322,.F.);
#6946=ORIENTED_EDGE($,*,*,#5318,.T.);
#6947=ORIENTED_EDGE($,*,*,#5323,.T.);
#6948=ORIENTED_EDGE($,*,*,#5280,.F.);
#6949=ORIENTED_EDGE($,*,*,#5324,.F.);
#6950=ORIENTED_EDGE($,*,*,#5321,.T.);
#6951=ORIENTED_EDGE($,*,*,#5279,.T.);
#6952=ORIENTED_EDGE($,*,*,#5283,.T.);
#6953=ORIENTED_EDGE($,*,*,#5286,.T.);
#6954=ORIENTED_EDGE($,*,*,#5289,.T.);
#6955=ORIENTED_EDGE($,*,*,#5292,.T.);
#6956=ORIENTED_EDGE($,*,*,#5295,.T.);
#6957=ORIENTED_EDGE($,*,*,#5298,.T.);
#6958=ORIENTED_EDGE($,*,*,#5301,.T.);
#6959=ORIENTED_EDGE($,*,*,#5304,.T.);
#6960=ORIENTED_EDGE($,*,*,#5307,.T.);
#6961=ORIENTED_EDGE($,*,*,#5310,.T.);
#6962=ORIENTED_EDGE($,*,*,#5313,.T.);
#6963=ORIENTED_EDGE($,*,*,#5316,.T.);
#6964=ORIENTED_EDGE($,*,*,#5319,.T.);
#6965=ORIENTED_EDGE($,*,*,#5322,.T.);
#6966=ORIENTED_EDGE($,*,*,#5324,.T.);
#6967=ORIENTED_EDGE($,*,*,#5277,.F.);
#6968=ORIENTED_EDGE($,*,*,#5323,.F.);
#6969=ORIENTED_EDGE($,*,*,#5320,.F.);
#6970=ORIENTED_EDGE($,*,*,#5317,.F.);
#6971=ORIENTED_EDGE($,*,*,#5314,.F.);
#6972=ORIENTED_EDGE($,*,*,#5311,.F.);
#6973=ORIENTED_EDGE($,*,*,#5308,.F.);
#6974=ORIENTED_EDGE($,*,*,#5305,.F.);
#6975=ORIENTED_EDGE($,*,*,#5302,.F.);
#6976=ORIENTED_EDGE($,*,*,#5299,.F.);
#6977=ORIENTED_EDGE($,*,*,#5296,.F.);
#6978=ORIENTED_EDGE($,*,*,#5293,.F.);
#6979=ORIENTED_EDGE($,*,*,#5290,.F.);
#6980=ORIENTED_EDGE($,*,*,#5287,.F.);
#6981=ORIENTED_EDGE($,*,*,#5284,.F.);
#6982=ORIENTED_EDGE($,*,*,#5281,.F.);
#6983=ORIENTED_EDGE($,*,*,#5325,.T.);
#6984=ORIENTED_EDGE($,*,*,#5326,.F.);
#6985=ORIENTED_EDGE($,*,*,#5327,.F.);
#6986=ORIENTED_EDGE($,*,*,#5328,.T.);
#6987=ORIENTED_EDGE($,*,*,#5329,.T.);
#6988=ORIENTED_EDGE($,*,*,#5330,.F.);
#6989=ORIENTED_EDGE($,*,*,#5331,.F.);
#6990=ORIENTED_EDGE($,*,*,#5326,.T.);
#6991=ORIENTED_EDGE($,*,*,#5332,.T.);
#6992=ORIENTED_EDGE($,*,*,#5333,.F.);
#6993=ORIENTED_EDGE($,*,*,#5334,.F.);
#6994=ORIENTED_EDGE($,*,*,#5330,.T.);
#6995=ORIENTED_EDGE($,*,*,#5335,.T.);
#6996=ORIENTED_EDGE($,*,*,#5336,.F.);
#6997=ORIENTED_EDGE($,*,*,#5337,.F.);
#6998=ORIENTED_EDGE($,*,*,#5333,.T.);
#6999=ORIENTED_EDGE($,*,*,#5338,.T.);
#7000=ORIENTED_EDGE($,*,*,#5339,.F.);
#7001=ORIENTED_EDGE($,*,*,#5340,.F.);
#7002=ORIENTED_EDGE($,*,*,#5336,.T.);
#7003=ORIENTED_EDGE($,*,*,#5341,.T.);
#7004=ORIENTED_EDGE($,*,*,#5342,.F.);
#7005=ORIENTED_EDGE($,*,*,#5343,.F.);
#7006=ORIENTED_EDGE($,*,*,#5339,.T.);
#7007=ORIENTED_EDGE($,*,*,#5344,.T.);
#7008=ORIENTED_EDGE($,*,*,#5345,.F.);
#7009=ORIENTED_EDGE($,*,*,#5346,.F.);
#7010=ORIENTED_EDGE($,*,*,#5342,.T.);
#7011=ORIENTED_EDGE($,*,*,#5347,.T.);
#7012=ORIENTED_EDGE($,*,*,#5348,.F.);
#7013=ORIENTED_EDGE($,*,*,#5349,.F.);
#7014=ORIENTED_EDGE($,*,*,#5345,.T.);
#7015=ORIENTED_EDGE($,*,*,#5350,.T.);
#7016=ORIENTED_EDGE($,*,*,#5351,.F.);
#7017=ORIENTED_EDGE($,*,*,#5352,.F.);
#7018=ORIENTED_EDGE($,*,*,#5348,.T.);
#7019=ORIENTED_EDGE($,*,*,#5353,.T.);
#7020=ORIENTED_EDGE($,*,*,#5354,.F.);
#7021=ORIENTED_EDGE($,*,*,#5355,.F.);
#7022=ORIENTED_EDGE($,*,*,#5351,.T.);
#7023=ORIENTED_EDGE($,*,*,#5356,.T.);
#7024=ORIENTED_EDGE($,*,*,#5357,.F.);
#7025=ORIENTED_EDGE($,*,*,#5358,.F.);
#7026=ORIENTED_EDGE($,*,*,#5354,.T.);
#7027=ORIENTED_EDGE($,*,*,#5359,.T.);
#7028=ORIENTED_EDGE($,*,*,#5360,.F.);
#7029=ORIENTED_EDGE($,*,*,#5361,.F.);
#7030=ORIENTED_EDGE($,*,*,#5357,.T.);
#7031=ORIENTED_EDGE($,*,*,#5362,.T.);
#7032=ORIENTED_EDGE($,*,*,#5363,.F.);
#7033=ORIENTED_EDGE($,*,*,#5364,.F.);
#7034=ORIENTED_EDGE($,*,*,#5360,.T.);
#7035=ORIENTED_EDGE($,*,*,#5365,.T.);
#7036=ORIENTED_EDGE($,*,*,#5366,.F.);
#7037=ORIENTED_EDGE($,*,*,#5367,.F.);
#7038=ORIENTED_EDGE($,*,*,#5363,.T.);
#7039=ORIENTED_EDGE($,*,*,#5368,.T.);
#7040=ORIENTED_EDGE($,*,*,#5369,.F.);
#7041=ORIENTED_EDGE($,*,*,#5370,.F.);
#7042=ORIENTED_EDGE($,*,*,#5366,.T.);
#7043=ORIENTED_EDGE($,*,*,#5371,.T.);
#7044=ORIENTED_EDGE($,*,*,#5328,.F.);
#7045=ORIENTED_EDGE($,*,*,#5372,.F.);
#7046=ORIENTED_EDGE($,*,*,#5369,.T.);
#7047=ORIENTED_EDGE($,*,*,#5327,.T.);
#7048=ORIENTED_EDGE($,*,*,#5331,.T.);
#7049=ORIENTED_EDGE($,*,*,#5334,.T.);
#7050=ORIENTED_EDGE($,*,*,#5337,.T.);
#7051=ORIENTED_EDGE($,*,*,#5340,.T.);
#7052=ORIENTED_EDGE($,*,*,#5343,.T.);
#7053=ORIENTED_EDGE($,*,*,#5346,.T.);
#7054=ORIENTED_EDGE($,*,*,#5349,.T.);
#7055=ORIENTED_EDGE($,*,*,#5352,.T.);
#7056=ORIENTED_EDGE($,*,*,#5355,.T.);
#7057=ORIENTED_EDGE($,*,*,#5358,.T.);
#7058=ORIENTED_EDGE($,*,*,#5361,.T.);
#7059=ORIENTED_EDGE($,*,*,#5364,.T.);
#7060=ORIENTED_EDGE($,*,*,#5367,.T.);
#7061=ORIENTED_EDGE($,*,*,#5370,.T.);
#7062=ORIENTED_EDGE($,*,*,#5372,.T.);
#7063=ORIENTED_EDGE($,*,*,#5325,.F.);
#7064=ORIENTED_EDGE($,*,*,#5371,.F.);
#7065=ORIENTED_EDGE($,*,*,#5368,.F.);
#7066=ORIENTED_EDGE($,*,*,#5365,.F.);
#7067=ORIENTED_EDGE($,*,*,#5362,.F.);
#7068=ORIENTED_EDGE($,*,*,#5359,.F.);
#7069=ORIENTED_EDGE($,*,*,#5356,.F.);
#7070=ORIENTED_EDGE($,*,*,#5353,.F.);
#7071=ORIENTED_EDGE($,*,*,#5350,.F.);
#7072=ORIENTED_EDGE($,*,*,#5347,.F.);
#7073=ORIENTED_EDGE($,*,*,#5344,.F.);
#7074=ORIENTED_EDGE($,*,*,#5341,.F.);
#7075=ORIENTED_EDGE($,*,*,#5338,.F.);
#7076=ORIENTED_EDGE($,*,*,#5335,.F.);
#7077=ORIENTED_EDGE($,*,*,#5332,.F.);
#7078=ORIENTED_EDGE($,*,*,#5329,.F.);
#7079=ORIENTED_EDGE($,*,*,#5373,.T.);
#7080=ORIENTED_EDGE($,*,*,#5374,.F.);
#7081=ORIENTED_EDGE($,*,*,#5375,.F.);
#7082=ORIENTED_EDGE($,*,*,#5376,.T.);
#7083=ORIENTED_EDGE($,*,*,#5377,.T.);
#7084=ORIENTED_EDGE($,*,*,#5378,.F.);
#7085=ORIENTED_EDGE($,*,*,#5379,.F.);
#7086=ORIENTED_EDGE($,*,*,#5374,.T.);
#7087=ORIENTED_EDGE($,*,*,#5380,.T.);
#7088=ORIENTED_EDGE($,*,*,#5381,.F.);
#7089=ORIENTED_EDGE($,*,*,#5382,.F.);
#7090=ORIENTED_EDGE($,*,*,#5378,.T.);
#7091=ORIENTED_EDGE($,*,*,#5383,.T.);
#7092=ORIENTED_EDGE($,*,*,#5384,.F.);
#7093=ORIENTED_EDGE($,*,*,#5385,.F.);
#7094=ORIENTED_EDGE($,*,*,#5381,.T.);
#7095=ORIENTED_EDGE($,*,*,#5386,.T.);
#7096=ORIENTED_EDGE($,*,*,#5387,.F.);
#7097=ORIENTED_EDGE($,*,*,#5388,.F.);
#7098=ORIENTED_EDGE($,*,*,#5384,.T.);
#7099=ORIENTED_EDGE($,*,*,#5389,.T.);
#7100=ORIENTED_EDGE($,*,*,#5390,.F.);
#7101=ORIENTED_EDGE($,*,*,#5391,.F.);
#7102=ORIENTED_EDGE($,*,*,#5387,.T.);
#7103=ORIENTED_EDGE($,*,*,#5392,.T.);
#7104=ORIENTED_EDGE($,*,*,#5393,.F.);
#7105=ORIENTED_EDGE($,*,*,#5394,.F.);
#7106=ORIENTED_EDGE($,*,*,#5390,.T.);
#7107=ORIENTED_EDGE($,*,*,#5395,.T.);
#7108=ORIENTED_EDGE($,*,*,#5396,.F.);
#7109=ORIENTED_EDGE($,*,*,#5397,.F.);
#7110=ORIENTED_EDGE($,*,*,#5393,.T.);
#7111=ORIENTED_EDGE($,*,*,#5398,.T.);
#7112=ORIENTED_EDGE($,*,*,#5399,.F.);
#7113=ORIENTED_EDGE($,*,*,#5400,.F.);
#7114=ORIENTED_EDGE($,*,*,#5396,.T.);
#7115=ORIENTED_EDGE($,*,*,#5401,.T.);
#7116=ORIENTED_EDGE($,*,*,#5402,.F.);
#7117=ORIENTED_EDGE($,*,*,#5403,.F.);
#7118=ORIENTED_EDGE($,*,*,#5399,.T.);
#7119=ORIENTED_EDGE($,*,*,#5404,.T.);
#7120=ORIENTED_EDGE($,*,*,#5405,.F.);
#7121=ORIENTED_EDGE($,*,*,#5406,.F.);
#7122=ORIENTED_EDGE($,*,*,#5402,.T.);
#7123=ORIENTED_EDGE($,*,*,#5407,.T.);
#7124=ORIENTED_EDGE($,*,*,#5408,.F.);
#7125=ORIENTED_EDGE($,*,*,#5409,.F.);
#7126=ORIENTED_EDGE($,*,*,#5405,.T.);
#7127=ORIENTED_EDGE($,*,*,#5410,.T.);
#7128=ORIENTED_EDGE($,*,*,#5411,.F.);
#7129=ORIENTED_EDGE($,*,*,#5412,.F.);
#7130=ORIENTED_EDGE($,*,*,#5408,.T.);
#7131=ORIENTED_EDGE($,*,*,#5413,.T.);
#7132=ORIENTED_EDGE($,*,*,#5414,.F.);
#7133=ORIENTED_EDGE($,*,*,#5415,.F.);
#7134=ORIENTED_EDGE($,*,*,#5411,.T.);
#7135=ORIENTED_EDGE($,*,*,#5416,.T.);
#7136=ORIENTED_EDGE($,*,*,#5417,.F.);
#7137=ORIENTED_EDGE($,*,*,#5418,.F.);
#7138=ORIENTED_EDGE($,*,*,#5414,.T.);
#7139=ORIENTED_EDGE($,*,*,#5419,.T.);
#7140=ORIENTED_EDGE($,*,*,#5376,.F.);
#7141=ORIENTED_EDGE($,*,*,#5420,.F.);
#7142=ORIENTED_EDGE($,*,*,#5417,.T.);
#7143=ORIENTED_EDGE($,*,*,#5375,.T.);
#7144=ORIENTED_EDGE($,*,*,#5379,.T.);
#7145=ORIENTED_EDGE($,*,*,#5382,.T.);
#7146=ORIENTED_EDGE($,*,*,#5385,.T.);
#7147=ORIENTED_EDGE($,*,*,#5388,.T.);
#7148=ORIENTED_EDGE($,*,*,#5391,.T.);
#7149=ORIENTED_EDGE($,*,*,#5394,.T.);
#7150=ORIENTED_EDGE($,*,*,#5397,.T.);
#7151=ORIENTED_EDGE($,*,*,#5400,.T.);
#7152=ORIENTED_EDGE($,*,*,#5403,.T.);
#7153=ORIENTED_EDGE($,*,*,#5406,.T.);
#7154=ORIENTED_EDGE($,*,*,#5409,.T.);
#7155=ORIENTED_EDGE($,*,*,#5412,.T.);
#7156=ORIENTED_EDGE($,*,*,#5415,.T.);
#7157=ORIENTED_EDGE($,*,*,#5418,.T.);
#7158=ORIENTED_EDGE($,*,*,#5420,.T.);
#7159=ORIENTED_EDGE($,*,*,#5373,.F.);
#7160=ORIENTED_EDGE($,*,*,#5419,.F.);
#7161=ORIENTED_EDGE($,*,*,#5416,.F.);
#7162=ORIENTED_EDGE($,*,*,#5413,.F.);
#7163=ORIENTED_EDGE($,*,*,#5410,.F.);
#7164=ORIENTED_EDGE($,*,*,#5407,.F.);
#7165=ORIENTED_EDGE($,*,*,#5404,.F.);
#7166=ORIENTED_EDGE($,*,*,#5401,.F.);
#7167=ORIENTED_EDGE($,*,*,#5398,.F.);
#7168=ORIENTED_EDGE($,*,*,#5395,.F.);
#7169=ORIENTED_EDGE($,*,*,#5392,.F.);
#7170=ORIENTED_EDGE($,*,*,#5389,.F.);
#7171=ORIENTED_EDGE($,*,*,#5386,.F.);
#7172=ORIENTED_EDGE($,*,*,#5383,.F.);
#7173=ORIENTED_EDGE($,*,*,#5380,.F.);
#7174=ORIENTED_EDGE($,*,*,#5377,.F.);
#7175=ORIENTED_EDGE($,*,*,#5421,.T.);
#7176=ORIENTED_EDGE($,*,*,#5422,.F.);
#7177=ORIENTED_EDGE($,*,*,#5423,.F.);
#7178=ORIENTED_EDGE($,*,*,#5424,.T.);
#7179=ORIENTED_EDGE($,*,*,#5425,.T.);
#7180=ORIENTED_EDGE($,*,*,#5426,.F.);
#7181=ORIENTED_EDGE($,*,*,#5427,.F.);
#7182=ORIENTED_EDGE($,*,*,#5422,.T.);
#7183=ORIENTED_EDGE($,*,*,#5428,.T.);
#7184=ORIENTED_EDGE($,*,*,#5429,.F.);
#7185=ORIENTED_EDGE($,*,*,#5430,.F.);
#7186=ORIENTED_EDGE($,*,*,#5426,.T.);
#7187=ORIENTED_EDGE($,*,*,#5431,.T.);
#7188=ORIENTED_EDGE($,*,*,#5432,.F.);
#7189=ORIENTED_EDGE($,*,*,#5433,.F.);
#7190=ORIENTED_EDGE($,*,*,#5429,.T.);
#7191=ORIENTED_EDGE($,*,*,#5434,.T.);
#7192=ORIENTED_EDGE($,*,*,#5435,.F.);
#7193=ORIENTED_EDGE($,*,*,#5436,.F.);
#7194=ORIENTED_EDGE($,*,*,#5432,.T.);
#7195=ORIENTED_EDGE($,*,*,#5437,.T.);
#7196=ORIENTED_EDGE($,*,*,#5438,.F.);
#7197=ORIENTED_EDGE($,*,*,#5439,.F.);
#7198=ORIENTED_EDGE($,*,*,#5435,.T.);
#7199=ORIENTED_EDGE($,*,*,#5440,.T.);
#7200=ORIENTED_EDGE($,*,*,#5441,.F.);
#7201=ORIENTED_EDGE($,*,*,#5442,.F.);
#7202=ORIENTED_EDGE($,*,*,#5443,.T.);
#7203=ORIENTED_EDGE($,*,*,#5444,.T.);
#7204=ORIENTED_EDGE($,*,*,#5445,.F.);
#7205=ORIENTED_EDGE($,*,*,#5446,.F.);
#7206=ORIENTED_EDGE($,*,*,#5441,.T.);
#7207=ORIENTED_EDGE($,*,*,#5447,.T.);
#7208=ORIENTED_EDGE($,*,*,#5448,.F.);
#7209=ORIENTED_EDGE($,*,*,#5449,.F.);
#7210=ORIENTED_EDGE($,*,*,#5445,.T.);
#7211=ORIENTED_EDGE($,*,*,#5450,.T.);
#7212=ORIENTED_EDGE($,*,*,#5451,.F.);
#7213=ORIENTED_EDGE($,*,*,#5452,.F.);
#7214=ORIENTED_EDGE($,*,*,#5448,.T.);
#7215=ORIENTED_EDGE($,*,*,#5453,.T.);
#7216=ORIENTED_EDGE($,*,*,#5454,.F.);
#7217=ORIENTED_EDGE($,*,*,#5455,.F.);
#7218=ORIENTED_EDGE($,*,*,#5451,.T.);
#7219=ORIENTED_EDGE($,*,*,#5456,.T.);
#7220=ORIENTED_EDGE($,*,*,#5424,.F.);
#7221=ORIENTED_EDGE($,*,*,#5457,.F.);
#7222=ORIENTED_EDGE($,*,*,#5454,.T.);
#7223=ORIENTED_EDGE($,*,*,#5423,.T.);
#7224=ORIENTED_EDGE($,*,*,#5427,.T.);
#7225=ORIENTED_EDGE($,*,*,#5430,.T.);
#7226=ORIENTED_EDGE($,*,*,#5433,.T.);
#7227=ORIENTED_EDGE($,*,*,#5436,.T.);
#7228=ORIENTED_EDGE($,*,*,#5439,.T.);
#7229=ORIENTED_EDGE($,*,*,#5458,.T.);
#7230=ORIENTED_EDGE($,*,*,#5442,.T.);
#7231=ORIENTED_EDGE($,*,*,#5446,.T.);
#7232=ORIENTED_EDGE($,*,*,#5449,.T.);
#7233=ORIENTED_EDGE($,*,*,#5452,.T.);
#7234=ORIENTED_EDGE($,*,*,#5455,.T.);
#7235=ORIENTED_EDGE($,*,*,#5457,.T.);
#7236=ORIENTED_EDGE($,*,*,#5437,.F.);
#7237=ORIENTED_EDGE($,*,*,#5434,.F.);
#7238=ORIENTED_EDGE($,*,*,#5431,.F.);
#7239=ORIENTED_EDGE($,*,*,#5428,.F.);
#7240=ORIENTED_EDGE($,*,*,#5425,.F.);
#7241=ORIENTED_EDGE($,*,*,#5421,.F.);
#7242=ORIENTED_EDGE($,*,*,#5456,.F.);
#7243=ORIENTED_EDGE($,*,*,#5453,.F.);
#7244=ORIENTED_EDGE($,*,*,#5450,.F.);
#7245=ORIENTED_EDGE($,*,*,#5447,.F.);
#7246=ORIENTED_EDGE($,*,*,#5444,.F.);
#7247=ORIENTED_EDGE($,*,*,#5440,.F.);
#7248=ORIENTED_EDGE($,*,*,#5459,.T.);
#7249=ORIENTED_EDGE($,*,*,#5460,.F.);
#7250=ORIENTED_EDGE($,*,*,#5461,.F.);
#7251=ORIENTED_EDGE($,*,*,#5462,.T.);
#7252=ORIENTED_EDGE($,*,*,#5463,.T.);
#7253=ORIENTED_EDGE($,*,*,#5464,.F.);
#7254=ORIENTED_EDGE($,*,*,#5465,.F.);
#7255=ORIENTED_EDGE($,*,*,#5460,.T.);
#7256=ORIENTED_EDGE($,*,*,#5466,.T.);
#7257=ORIENTED_EDGE($,*,*,#5467,.F.);
#7258=ORIENTED_EDGE($,*,*,#5468,.F.);
#7259=ORIENTED_EDGE($,*,*,#5464,.T.);
#7260=ORIENTED_EDGE($,*,*,#5469,.T.);
#7261=ORIENTED_EDGE($,*,*,#5470,.F.);
#7262=ORIENTED_EDGE($,*,*,#5471,.F.);
#7263=ORIENTED_EDGE($,*,*,#5467,.T.);
#7264=ORIENTED_EDGE($,*,*,#5472,.T.);
#7265=ORIENTED_EDGE($,*,*,#5473,.F.);
#7266=ORIENTED_EDGE($,*,*,#5474,.F.);
#7267=ORIENTED_EDGE($,*,*,#5470,.T.);
#7268=ORIENTED_EDGE($,*,*,#5475,.T.);
#7269=ORIENTED_EDGE($,*,*,#5476,.F.);
#7270=ORIENTED_EDGE($,*,*,#5477,.F.);
#7271=ORIENTED_EDGE($,*,*,#5473,.T.);
#7272=ORIENTED_EDGE($,*,*,#5478,.T.);
#7273=ORIENTED_EDGE($,*,*,#5479,.F.);
#7274=ORIENTED_EDGE($,*,*,#5480,.F.);
#7275=ORIENTED_EDGE($,*,*,#5476,.T.);
#7276=ORIENTED_EDGE($,*,*,#5481,.T.);
#7277=ORIENTED_EDGE($,*,*,#5482,.F.);
#7278=ORIENTED_EDGE($,*,*,#5483,.F.);
#7279=ORIENTED_EDGE($,*,*,#5479,.T.);
#7280=ORIENTED_EDGE($,*,*,#5484,.T.);
#7281=ORIENTED_EDGE($,*,*,#5485,.F.);
#7282=ORIENTED_EDGE($,*,*,#5486,.F.);
#7283=ORIENTED_EDGE($,*,*,#5482,.T.);
#7284=ORIENTED_EDGE($,*,*,#5487,.T.);
#7285=ORIENTED_EDGE($,*,*,#5488,.F.);
#7286=ORIENTED_EDGE($,*,*,#5489,.F.);
#7287=ORIENTED_EDGE($,*,*,#5485,.T.);
#7288=ORIENTED_EDGE($,*,*,#5490,.T.);
#7289=ORIENTED_EDGE($,*,*,#5491,.F.);
#7290=ORIENTED_EDGE($,*,*,#5492,.F.);
#7291=ORIENTED_EDGE($,*,*,#5488,.T.);
#7292=ORIENTED_EDGE($,*,*,#5493,.T.);
#7293=ORIENTED_EDGE($,*,*,#5494,.F.);
#7294=ORIENTED_EDGE($,*,*,#5495,.F.);
#7295=ORIENTED_EDGE($,*,*,#5491,.T.);
#7296=ORIENTED_EDGE($,*,*,#5496,.T.);
#7297=ORIENTED_EDGE($,*,*,#5462,.F.);
#7298=ORIENTED_EDGE($,*,*,#5497,.F.);
#7299=ORIENTED_EDGE($,*,*,#5494,.T.);
#7300=ORIENTED_EDGE($,*,*,#5461,.T.);
#7301=ORIENTED_EDGE($,*,*,#5465,.T.);
#7302=ORIENTED_EDGE($,*,*,#5468,.T.);
#7303=ORIENTED_EDGE($,*,*,#5471,.T.);
#7304=ORIENTED_EDGE($,*,*,#5474,.T.);
#7305=ORIENTED_EDGE($,*,*,#5477,.T.);
#7306=ORIENTED_EDGE($,*,*,#5480,.T.);
#7307=ORIENTED_EDGE($,*,*,#5483,.T.);
#7308=ORIENTED_EDGE($,*,*,#5486,.T.);
#7309=ORIENTED_EDGE($,*,*,#5489,.T.);
#7310=ORIENTED_EDGE($,*,*,#5492,.T.);
#7311=ORIENTED_EDGE($,*,*,#5495,.T.);
#7312=ORIENTED_EDGE($,*,*,#5497,.T.);
#7313=ORIENTED_EDGE($,*,*,#5459,.F.);
#7314=ORIENTED_EDGE($,*,*,#5496,.F.);
#7315=ORIENTED_EDGE($,*,*,#5493,.F.);
#7316=ORIENTED_EDGE($,*,*,#5490,.F.);
#7317=ORIENTED_EDGE($,*,*,#5487,.F.);
#7318=ORIENTED_EDGE($,*,*,#5484,.F.);
#7319=ORIENTED_EDGE($,*,*,#5481,.F.);
#7320=ORIENTED_EDGE($,*,*,#5478,.F.);
#7321=ORIENTED_EDGE($,*,*,#5475,.F.);
#7322=ORIENTED_EDGE($,*,*,#5472,.F.);
#7323=ORIENTED_EDGE($,*,*,#5469,.F.);
#7324=ORIENTED_EDGE($,*,*,#5466,.F.);
#7325=ORIENTED_EDGE($,*,*,#5463,.F.);
#7326=ORIENTED_EDGE($,*,*,#5498,.T.);
#7327=ORIENTED_EDGE($,*,*,#5499,.F.);
#7328=ORIENTED_EDGE($,*,*,#5500,.F.);
#7329=ORIENTED_EDGE($,*,*,#5501,.T.);
#7330=ORIENTED_EDGE($,*,*,#5502,.T.);
#7331=ORIENTED_EDGE($,*,*,#5503,.F.);
#7332=ORIENTED_EDGE($,*,*,#5504,.F.);
#7333=ORIENTED_EDGE($,*,*,#5499,.T.);
#7334=ORIENTED_EDGE($,*,*,#5505,.T.);
#7335=ORIENTED_EDGE($,*,*,#5506,.F.);
#7336=ORIENTED_EDGE($,*,*,#5507,.F.);
#7337=ORIENTED_EDGE($,*,*,#5503,.T.);
#7338=ORIENTED_EDGE($,*,*,#5508,.T.);
#7339=ORIENTED_EDGE($,*,*,#5509,.F.);
#7340=ORIENTED_EDGE($,*,*,#5510,.F.);
#7341=ORIENTED_EDGE($,*,*,#5506,.T.);
#7342=ORIENTED_EDGE($,*,*,#5511,.T.);
#7343=ORIENTED_EDGE($,*,*,#5512,.F.);
#7344=ORIENTED_EDGE($,*,*,#5513,.F.);
#7345=ORIENTED_EDGE($,*,*,#5509,.T.);
#7346=ORIENTED_EDGE($,*,*,#5514,.T.);
#7347=ORIENTED_EDGE($,*,*,#5515,.F.);
#7348=ORIENTED_EDGE($,*,*,#5516,.F.);
#7349=ORIENTED_EDGE($,*,*,#5512,.T.);
#7350=ORIENTED_EDGE($,*,*,#5517,.T.);
#7351=ORIENTED_EDGE($,*,*,#5518,.F.);
#7352=ORIENTED_EDGE($,*,*,#5519,.F.);
#7353=ORIENTED_EDGE($,*,*,#5515,.T.);
#7354=ORIENTED_EDGE($,*,*,#5520,.T.);
#7355=ORIENTED_EDGE($,*,*,#5521,.F.);
#7356=ORIENTED_EDGE($,*,*,#5522,.F.);
#7357=ORIENTED_EDGE($,*,*,#5518,.T.);
#7358=ORIENTED_EDGE($,*,*,#5523,.T.);
#7359=ORIENTED_EDGE($,*,*,#5524,.F.);
#7360=ORIENTED_EDGE($,*,*,#5525,.F.);
#7361=ORIENTED_EDGE($,*,*,#5521,.T.);
#7362=ORIENTED_EDGE($,*,*,#5526,.T.);
#7363=ORIENTED_EDGE($,*,*,#5527,.F.);
#7364=ORIENTED_EDGE($,*,*,#5528,.F.);
#7365=ORIENTED_EDGE($,*,*,#5524,.T.);
#7366=ORIENTED_EDGE($,*,*,#5529,.T.);
#7367=ORIENTED_EDGE($,*,*,#5530,.F.);
#7368=ORIENTED_EDGE($,*,*,#5531,.F.);
#7369=ORIENTED_EDGE($,*,*,#5527,.T.);
#7370=ORIENTED_EDGE($,*,*,#5532,.T.);
#7371=ORIENTED_EDGE($,*,*,#5533,.F.);
#7372=ORIENTED_EDGE($,*,*,#5534,.F.);
#7373=ORIENTED_EDGE($,*,*,#5530,.T.);
#7374=ORIENTED_EDGE($,*,*,#5535,.T.);
#7375=ORIENTED_EDGE($,*,*,#5501,.F.);
#7376=ORIENTED_EDGE($,*,*,#5536,.F.);
#7377=ORIENTED_EDGE($,*,*,#5533,.T.);
#7378=ORIENTED_EDGE($,*,*,#5500,.T.);
#7379=ORIENTED_EDGE($,*,*,#5504,.T.);
#7380=ORIENTED_EDGE($,*,*,#5507,.T.);
#7381=ORIENTED_EDGE($,*,*,#5510,.T.);
#7382=ORIENTED_EDGE($,*,*,#5513,.T.);
#7383=ORIENTED_EDGE($,*,*,#5516,.T.);
#7384=ORIENTED_EDGE($,*,*,#5519,.T.);
#7385=ORIENTED_EDGE($,*,*,#5522,.T.);
#7386=ORIENTED_EDGE($,*,*,#5525,.T.);
#7387=ORIENTED_EDGE($,*,*,#5528,.T.);
#7388=ORIENTED_EDGE($,*,*,#5531,.T.);
#7389=ORIENTED_EDGE($,*,*,#5534,.T.);
#7390=ORIENTED_EDGE($,*,*,#5536,.T.);
#7391=ORIENTED_EDGE($,*,*,#5498,.F.);
#7392=ORIENTED_EDGE($,*,*,#5535,.F.);
#7393=ORIENTED_EDGE($,*,*,#5532,.F.);
#7394=ORIENTED_EDGE($,*,*,#5529,.F.);
#7395=ORIENTED_EDGE($,*,*,#5526,.F.);
#7396=ORIENTED_EDGE($,*,*,#5523,.F.);
#7397=ORIENTED_EDGE($,*,*,#5520,.F.);
#7398=ORIENTED_EDGE($,*,*,#5517,.F.);
#7399=ORIENTED_EDGE($,*,*,#5514,.F.);
#7400=ORIENTED_EDGE($,*,*,#5511,.F.);
#7401=ORIENTED_EDGE($,*,*,#5508,.F.);
#7402=ORIENTED_EDGE($,*,*,#5505,.F.);
#7403=ORIENTED_EDGE($,*,*,#5502,.F.);
#7404=ORIENTED_EDGE($,*,*,#5537,.F.);
#7405=ORIENTED_EDGE($,*,*,#5538,.T.);
#7406=ORIENTED_EDGE($,*,*,#5539,.T.);
#7407=ORIENTED_EDGE($,*,*,#5540,.F.);
#7408=ORIENTED_EDGE($,*,*,#5541,.T.);
#7409=ORIENTED_EDGE($,*,*,#5542,.F.);
#7410=ORIENTED_EDGE($,*,*,#5543,.F.);
#7411=ORIENTED_EDGE($,*,*,#5544,.T.);
#7412=ORIENTED_EDGE($,*,*,#5545,.T.);
#7413=ORIENTED_EDGE($,*,*,#5546,.F.);
#7414=ORIENTED_EDGE($,*,*,#5547,.F.);
#7415=ORIENTED_EDGE($,*,*,#5542,.T.);
#7416=ORIENTED_EDGE($,*,*,#5548,.T.);
#7417=ORIENTED_EDGE($,*,*,#5549,.F.);
#7418=ORIENTED_EDGE($,*,*,#5550,.F.);
#7419=ORIENTED_EDGE($,*,*,#5546,.T.);
#7420=ORIENTED_EDGE($,*,*,#5551,.T.);
#7421=ORIENTED_EDGE($,*,*,#5552,.F.);
#7422=ORIENTED_EDGE($,*,*,#5553,.F.);
#7423=ORIENTED_EDGE($,*,*,#5549,.T.);
#7424=ORIENTED_EDGE($,*,*,#5554,.T.);
#7425=ORIENTED_EDGE($,*,*,#5555,.F.);
#7426=ORIENTED_EDGE($,*,*,#5556,.F.);
#7427=ORIENTED_EDGE($,*,*,#5552,.T.);
#7428=ORIENTED_EDGE($,*,*,#5557,.T.);
#7429=ORIENTED_EDGE($,*,*,#5558,.F.);
#7430=ORIENTED_EDGE($,*,*,#5559,.F.);
#7431=ORIENTED_EDGE($,*,*,#5555,.T.);
#7432=ORIENTED_EDGE($,*,*,#5560,.T.);
#7433=ORIENTED_EDGE($,*,*,#5561,.F.);
#7434=ORIENTED_EDGE($,*,*,#5562,.F.);
#7435=ORIENTED_EDGE($,*,*,#5558,.T.);
#7436=ORIENTED_EDGE($,*,*,#5563,.T.);
#7437=ORIENTED_EDGE($,*,*,#5564,.F.);
#7438=ORIENTED_EDGE($,*,*,#5565,.F.);
#7439=ORIENTED_EDGE($,*,*,#5561,.T.);
#7440=ORIENTED_EDGE($,*,*,#5566,.T.);
#7441=ORIENTED_EDGE($,*,*,#5538,.F.);
#7442=ORIENTED_EDGE($,*,*,#5567,.F.);
#7443=ORIENTED_EDGE($,*,*,#5564,.T.);
#7444=ORIENTED_EDGE($,*,*,#5568,.T.);
#7445=ORIENTED_EDGE($,*,*,#5569,.F.);
#7446=ORIENTED_EDGE($,*,*,#5570,.F.);
#7447=ORIENTED_EDGE($,*,*,#5540,.T.);
#7448=ORIENTED_EDGE($,*,*,#5571,.T.);
#7449=ORIENTED_EDGE($,*,*,#5572,.F.);
#7450=ORIENTED_EDGE($,*,*,#5573,.F.);
#7451=ORIENTED_EDGE($,*,*,#5569,.T.);
#7452=ORIENTED_EDGE($,*,*,#5574,.T.);
#7453=ORIENTED_EDGE($,*,*,#5575,.F.);
#7454=ORIENTED_EDGE($,*,*,#5576,.F.);
#7455=ORIENTED_EDGE($,*,*,#5572,.T.);
#7456=ORIENTED_EDGE($,*,*,#5577,.T.);
#7457=ORIENTED_EDGE($,*,*,#5578,.F.);
#7458=ORIENTED_EDGE($,*,*,#5579,.F.);
#7459=ORIENTED_EDGE($,*,*,#5575,.T.);
#7460=ORIENTED_EDGE($,*,*,#5580,.T.);
#7461=ORIENTED_EDGE($,*,*,#5581,.F.);
#7462=ORIENTED_EDGE($,*,*,#5582,.F.);
#7463=ORIENTED_EDGE($,*,*,#5578,.T.);
#7464=ORIENTED_EDGE($,*,*,#5583,.T.);
#7465=ORIENTED_EDGE($,*,*,#5584,.F.);
#7466=ORIENTED_EDGE($,*,*,#5585,.F.);
#7467=ORIENTED_EDGE($,*,*,#5581,.T.);
#7468=ORIENTED_EDGE($,*,*,#5586,.T.);
#7469=ORIENTED_EDGE($,*,*,#5544,.F.);
#7470=ORIENTED_EDGE($,*,*,#5587,.F.);
#7471=ORIENTED_EDGE($,*,*,#5584,.T.);
#7472=ORIENTED_EDGE($,*,*,#5587,.T.);
#7473=ORIENTED_EDGE($,*,*,#5543,.T.);
#7474=ORIENTED_EDGE($,*,*,#5547,.T.);
#7475=ORIENTED_EDGE($,*,*,#5550,.T.);
#7476=ORIENTED_EDGE($,*,*,#5553,.T.);
#7477=ORIENTED_EDGE($,*,*,#5556,.T.);
#7478=ORIENTED_EDGE($,*,*,#5559,.T.);
#7479=ORIENTED_EDGE($,*,*,#5562,.T.);
#7480=ORIENTED_EDGE($,*,*,#5565,.T.);
#7481=ORIENTED_EDGE($,*,*,#5567,.T.);
#7482=ORIENTED_EDGE($,*,*,#5537,.T.);
#7483=ORIENTED_EDGE($,*,*,#5570,.T.);
#7484=ORIENTED_EDGE($,*,*,#5573,.T.);
#7485=ORIENTED_EDGE($,*,*,#5576,.T.);
#7486=ORIENTED_EDGE($,*,*,#5579,.T.);
#7487=ORIENTED_EDGE($,*,*,#5582,.T.);
#7488=ORIENTED_EDGE($,*,*,#5585,.T.);
#7489=ORIENTED_EDGE($,*,*,#5541,.F.);
#7490=ORIENTED_EDGE($,*,*,#5586,.F.);
#7491=ORIENTED_EDGE($,*,*,#5583,.F.);
#7492=ORIENTED_EDGE($,*,*,#5580,.F.);
#7493=ORIENTED_EDGE($,*,*,#5577,.F.);
#7494=ORIENTED_EDGE($,*,*,#5574,.F.);
#7495=ORIENTED_EDGE($,*,*,#5571,.F.);
#7496=ORIENTED_EDGE($,*,*,#5568,.F.);
#7497=ORIENTED_EDGE($,*,*,#5539,.F.);
#7498=ORIENTED_EDGE($,*,*,#5566,.F.);
#7499=ORIENTED_EDGE($,*,*,#5563,.F.);
#7500=ORIENTED_EDGE($,*,*,#5560,.F.);
#7501=ORIENTED_EDGE($,*,*,#5557,.F.);
#7502=ORIENTED_EDGE($,*,*,#5554,.F.);
#7503=ORIENTED_EDGE($,*,*,#5551,.F.);
#7504=ORIENTED_EDGE($,*,*,#5548,.F.);
#7505=ORIENTED_EDGE($,*,*,#5545,.F.);
#7506=ORIENTED_EDGE($,*,*,#5588,.F.);
#7507=ORIENTED_EDGE($,*,*,#5589,.T.);
#7508=ORIENTED_EDGE($,*,*,#5590,.T.);
#7509=ORIENTED_EDGE($,*,*,#5591,.F.);
#7510=ORIENTED_EDGE($,*,*,#5592,.T.);
#7511=ORIENTED_EDGE($,*,*,#5593,.F.);
#7512=ORIENTED_EDGE($,*,*,#5594,.F.);
#7513=ORIENTED_EDGE($,*,*,#5595,.T.);
#7514=ORIENTED_EDGE($,*,*,#5596,.T.);
#7515=ORIENTED_EDGE($,*,*,#5597,.F.);
#7516=ORIENTED_EDGE($,*,*,#5598,.F.);
#7517=ORIENTED_EDGE($,*,*,#5593,.T.);
#7518=ORIENTED_EDGE($,*,*,#5599,.T.);
#7519=ORIENTED_EDGE($,*,*,#5600,.F.);
#7520=ORIENTED_EDGE($,*,*,#5601,.F.);
#7521=ORIENTED_EDGE($,*,*,#5597,.T.);
#7522=ORIENTED_EDGE($,*,*,#5602,.T.);
#7523=ORIENTED_EDGE($,*,*,#5603,.F.);
#7524=ORIENTED_EDGE($,*,*,#5604,.F.);
#7525=ORIENTED_EDGE($,*,*,#5600,.T.);
#7526=ORIENTED_EDGE($,*,*,#5605,.T.);
#7527=ORIENTED_EDGE($,*,*,#5606,.F.);
#7528=ORIENTED_EDGE($,*,*,#5607,.F.);
#7529=ORIENTED_EDGE($,*,*,#5603,.T.);
#7530=ORIENTED_EDGE($,*,*,#5608,.T.);
#7531=ORIENTED_EDGE($,*,*,#5609,.F.);
#7532=ORIENTED_EDGE($,*,*,#5610,.F.);
#7533=ORIENTED_EDGE($,*,*,#5606,.T.);
#7534=ORIENTED_EDGE($,*,*,#5611,.T.);
#7535=ORIENTED_EDGE($,*,*,#5612,.F.);
#7536=ORIENTED_EDGE($,*,*,#5613,.F.);
#7537=ORIENTED_EDGE($,*,*,#5609,.T.);
#7538=ORIENTED_EDGE($,*,*,#5614,.T.);
#7539=ORIENTED_EDGE($,*,*,#5615,.F.);
#7540=ORIENTED_EDGE($,*,*,#5616,.F.);
#7541=ORIENTED_EDGE($,*,*,#5612,.T.);
#7542=ORIENTED_EDGE($,*,*,#5617,.T.);
#7543=ORIENTED_EDGE($,*,*,#5589,.F.);
#7544=ORIENTED_EDGE($,*,*,#5618,.F.);
#7545=ORIENTED_EDGE($,*,*,#5615,.T.);
#7546=ORIENTED_EDGE($,*,*,#5619,.T.);
#7547=ORIENTED_EDGE($,*,*,#5620,.F.);
#7548=ORIENTED_EDGE($,*,*,#5621,.F.);
#7549=ORIENTED_EDGE($,*,*,#5591,.T.);
#7550=ORIENTED_EDGE($,*,*,#5622,.T.);
#7551=ORIENTED_EDGE($,*,*,#5623,.F.);
#7552=ORIENTED_EDGE($,*,*,#5624,.F.);
#7553=ORIENTED_EDGE($,*,*,#5620,.T.);
#7554=ORIENTED_EDGE($,*,*,#5625,.T.);
#7555=ORIENTED_EDGE($,*,*,#5626,.F.);
#7556=ORIENTED_EDGE($,*,*,#5627,.F.);
#7557=ORIENTED_EDGE($,*,*,#5623,.T.);
#7558=ORIENTED_EDGE($,*,*,#5628,.T.);
#7559=ORIENTED_EDGE($,*,*,#5629,.F.);
#7560=ORIENTED_EDGE($,*,*,#5630,.F.);
#7561=ORIENTED_EDGE($,*,*,#5626,.T.);
#7562=ORIENTED_EDGE($,*,*,#5631,.T.);
#7563=ORIENTED_EDGE($,*,*,#5632,.F.);
#7564=ORIENTED_EDGE($,*,*,#5633,.F.);
#7565=ORIENTED_EDGE($,*,*,#5629,.T.);
#7566=ORIENTED_EDGE($,*,*,#5634,.T.);
#7567=ORIENTED_EDGE($,*,*,#5635,.F.);
#7568=ORIENTED_EDGE($,*,*,#5636,.F.);
#7569=ORIENTED_EDGE($,*,*,#5632,.T.);
#7570=ORIENTED_EDGE($,*,*,#5637,.T.);
#7571=ORIENTED_EDGE($,*,*,#5595,.F.);
#7572=ORIENTED_EDGE($,*,*,#5638,.F.);
#7573=ORIENTED_EDGE($,*,*,#5635,.T.);
#7574=ORIENTED_EDGE($,*,*,#5638,.T.);
#7575=ORIENTED_EDGE($,*,*,#5594,.T.);
#7576=ORIENTED_EDGE($,*,*,#5598,.T.);
#7577=ORIENTED_EDGE($,*,*,#5601,.T.);
#7578=ORIENTED_EDGE($,*,*,#5604,.T.);
#7579=ORIENTED_EDGE($,*,*,#5607,.T.);
#7580=ORIENTED_EDGE($,*,*,#5610,.T.);
#7581=ORIENTED_EDGE($,*,*,#5613,.T.);
#7582=ORIENTED_EDGE($,*,*,#5616,.T.);
#7583=ORIENTED_EDGE($,*,*,#5618,.T.);
#7584=ORIENTED_EDGE($,*,*,#5588,.T.);
#7585=ORIENTED_EDGE($,*,*,#5621,.T.);
#7586=ORIENTED_EDGE($,*,*,#5624,.T.);
#7587=ORIENTED_EDGE($,*,*,#5627,.T.);
#7588=ORIENTED_EDGE($,*,*,#5630,.T.);
#7589=ORIENTED_EDGE($,*,*,#5633,.T.);
#7590=ORIENTED_EDGE($,*,*,#5636,.T.);
#7591=ORIENTED_EDGE($,*,*,#5592,.F.);
#7592=ORIENTED_EDGE($,*,*,#5637,.F.);
#7593=ORIENTED_EDGE($,*,*,#5634,.F.);
#7594=ORIENTED_EDGE($,*,*,#5631,.F.);
#7595=ORIENTED_EDGE($,*,*,#5628,.F.);
#7596=ORIENTED_EDGE($,*,*,#5625,.F.);
#7597=ORIENTED_EDGE($,*,*,#5622,.F.);
#7598=ORIENTED_EDGE($,*,*,#5619,.F.);
#7599=ORIENTED_EDGE($,*,*,#5590,.F.);
#7600=ORIENTED_EDGE($,*,*,#5617,.F.);
#7601=ORIENTED_EDGE($,*,*,#5614,.F.);
#7602=ORIENTED_EDGE($,*,*,#5611,.F.);
#7603=ORIENTED_EDGE($,*,*,#5608,.F.);
#7604=ORIENTED_EDGE($,*,*,#5605,.F.);
#7605=ORIENTED_EDGE($,*,*,#5602,.F.);
#7606=ORIENTED_EDGE($,*,*,#5599,.F.);
#7607=ORIENTED_EDGE($,*,*,#5596,.F.);
#7608=ORIENTED_EDGE($,*,*,#5639,.F.);
#7609=ORIENTED_EDGE($,*,*,#5640,.T.);
#7610=ORIENTED_EDGE($,*,*,#5641,.T.);
#7611=ORIENTED_EDGE($,*,*,#5642,.F.);
#7612=ORIENTED_EDGE($,*,*,#5643,.T.);
#7613=ORIENTED_EDGE($,*,*,#5644,.F.);
#7614=ORIENTED_EDGE($,*,*,#5645,.F.);
#7615=ORIENTED_EDGE($,*,*,#5646,.T.);
#7616=ORIENTED_EDGE($,*,*,#5647,.T.);
#7617=ORIENTED_EDGE($,*,*,#5648,.F.);
#7618=ORIENTED_EDGE($,*,*,#5649,.F.);
#7619=ORIENTED_EDGE($,*,*,#5644,.T.);
#7620=ORIENTED_EDGE($,*,*,#5650,.T.);
#7621=ORIENTED_EDGE($,*,*,#5651,.F.);
#7622=ORIENTED_EDGE($,*,*,#5652,.F.);
#7623=ORIENTED_EDGE($,*,*,#5648,.T.);
#7624=ORIENTED_EDGE($,*,*,#5653,.T.);
#7625=ORIENTED_EDGE($,*,*,#5654,.F.);
#7626=ORIENTED_EDGE($,*,*,#5655,.F.);
#7627=ORIENTED_EDGE($,*,*,#5651,.T.);
#7628=ORIENTED_EDGE($,*,*,#5656,.T.);
#7629=ORIENTED_EDGE($,*,*,#5657,.F.);
#7630=ORIENTED_EDGE($,*,*,#5658,.F.);
#7631=ORIENTED_EDGE($,*,*,#5654,.T.);
#7632=ORIENTED_EDGE($,*,*,#5659,.T.);
#7633=ORIENTED_EDGE($,*,*,#5660,.F.);
#7634=ORIENTED_EDGE($,*,*,#5661,.F.);
#7635=ORIENTED_EDGE($,*,*,#5657,.T.);
#7636=ORIENTED_EDGE($,*,*,#5662,.T.);
#7637=ORIENTED_EDGE($,*,*,#5663,.F.);
#7638=ORIENTED_EDGE($,*,*,#5664,.F.);
#7639=ORIENTED_EDGE($,*,*,#5660,.T.);
#7640=ORIENTED_EDGE($,*,*,#5665,.T.);
#7641=ORIENTED_EDGE($,*,*,#5666,.F.);
#7642=ORIENTED_EDGE($,*,*,#5667,.F.);
#7643=ORIENTED_EDGE($,*,*,#5663,.T.);
#7644=ORIENTED_EDGE($,*,*,#5668,.T.);
#7645=ORIENTED_EDGE($,*,*,#5640,.F.);
#7646=ORIENTED_EDGE($,*,*,#5669,.F.);
#7647=ORIENTED_EDGE($,*,*,#5666,.T.);
#7648=ORIENTED_EDGE($,*,*,#5670,.T.);
#7649=ORIENTED_EDGE($,*,*,#5671,.F.);
#7650=ORIENTED_EDGE($,*,*,#5672,.F.);
#7651=ORIENTED_EDGE($,*,*,#5642,.T.);
#7652=ORIENTED_EDGE($,*,*,#5673,.T.);
#7653=ORIENTED_EDGE($,*,*,#5674,.F.);
#7654=ORIENTED_EDGE($,*,*,#5675,.F.);
#7655=ORIENTED_EDGE($,*,*,#5671,.T.);
#7656=ORIENTED_EDGE($,*,*,#5676,.T.);
#7657=ORIENTED_EDGE($,*,*,#5677,.F.);
#7658=ORIENTED_EDGE($,*,*,#5678,.F.);
#7659=ORIENTED_EDGE($,*,*,#5674,.T.);
#7660=ORIENTED_EDGE($,*,*,#5679,.T.);
#7661=ORIENTED_EDGE($,*,*,#5680,.F.);
#7662=ORIENTED_EDGE($,*,*,#5681,.F.);
#7663=ORIENTED_EDGE($,*,*,#5677,.T.);
#7664=ORIENTED_EDGE($,*,*,#5682,.T.);
#7665=ORIENTED_EDGE($,*,*,#5683,.F.);
#7666=ORIENTED_EDGE($,*,*,#5684,.F.);
#7667=ORIENTED_EDGE($,*,*,#5680,.T.);
#7668=ORIENTED_EDGE($,*,*,#5685,.T.);
#7669=ORIENTED_EDGE($,*,*,#5686,.F.);
#7670=ORIENTED_EDGE($,*,*,#5687,.F.);
#7671=ORIENTED_EDGE($,*,*,#5683,.T.);
#7672=ORIENTED_EDGE($,*,*,#5688,.T.);
#7673=ORIENTED_EDGE($,*,*,#5646,.F.);
#7674=ORIENTED_EDGE($,*,*,#5689,.F.);
#7675=ORIENTED_EDGE($,*,*,#5686,.T.);
#7676=ORIENTED_EDGE($,*,*,#5689,.T.);
#7677=ORIENTED_EDGE($,*,*,#5645,.T.);
#7678=ORIENTED_EDGE($,*,*,#5649,.T.);
#7679=ORIENTED_EDGE($,*,*,#5652,.T.);
#7680=ORIENTED_EDGE($,*,*,#5655,.T.);
#7681=ORIENTED_EDGE($,*,*,#5658,.T.);
#7682=ORIENTED_EDGE($,*,*,#5661,.T.);
#7683=ORIENTED_EDGE($,*,*,#5664,.T.);
#7684=ORIENTED_EDGE($,*,*,#5667,.T.);
#7685=ORIENTED_EDGE($,*,*,#5669,.T.);
#7686=ORIENTED_EDGE($,*,*,#5639,.T.);
#7687=ORIENTED_EDGE($,*,*,#5672,.T.);
#7688=ORIENTED_EDGE($,*,*,#5675,.T.);
#7689=ORIENTED_EDGE($,*,*,#5678,.T.);
#7690=ORIENTED_EDGE($,*,*,#5681,.T.);
#7691=ORIENTED_EDGE($,*,*,#5684,.T.);
#7692=ORIENTED_EDGE($,*,*,#5687,.T.);
#7693=ORIENTED_EDGE($,*,*,#5643,.F.);
#7694=ORIENTED_EDGE($,*,*,#5688,.F.);
#7695=ORIENTED_EDGE($,*,*,#5685,.F.);
#7696=ORIENTED_EDGE($,*,*,#5682,.F.);
#7697=ORIENTED_EDGE($,*,*,#5679,.F.);
#7698=ORIENTED_EDGE($,*,*,#5676,.F.);
#7699=ORIENTED_EDGE($,*,*,#5673,.F.);
#7700=ORIENTED_EDGE($,*,*,#5670,.F.);
#7701=ORIENTED_EDGE($,*,*,#5641,.F.);
#7702=ORIENTED_EDGE($,*,*,#5668,.F.);
#7703=ORIENTED_EDGE($,*,*,#5665,.F.);
#7704=ORIENTED_EDGE($,*,*,#5662,.F.);
#7705=ORIENTED_EDGE($,*,*,#5659,.F.);
#7706=ORIENTED_EDGE($,*,*,#5656,.F.);
#7707=ORIENTED_EDGE($,*,*,#5653,.F.);
#7708=ORIENTED_EDGE($,*,*,#5650,.F.);
#7709=ORIENTED_EDGE($,*,*,#5647,.F.);
#7710=ORIENTED_EDGE($,*,*,#5690,.F.);
#7711=ORIENTED_EDGE($,*,*,#5691,.T.);
#7712=ORIENTED_EDGE($,*,*,#5692,.T.);
#7713=ORIENTED_EDGE($,*,*,#5693,.T.);
#7714=ORIENTED_EDGE($,*,*,#5694,.T.);
#7715=ORIENTED_EDGE($,*,*,#5695,.T.);
#7716=ORIENTED_EDGE($,*,*,#5696,.F.);
#7717=ORIENTED_EDGE($,*,*,#5697,.F.);
#7718=ORIENTED_EDGE($,*,*,#5698,.T.);
#7719=ORIENTED_EDGE($,*,*,#5699,.T.);
#7720=ORIENTED_EDGE($,*,*,#5700,.F.);
#7721=ORIENTED_EDGE($,*,*,#5701,.T.);
#7722=ORIENTED_EDGE($,*,*,#5702,.T.);
#7723=ORIENTED_EDGE($,*,*,#5703,.T.);
#7724=ORIENTED_EDGE($,*,*,#5704,.F.);
#7725=ORIENTED_EDGE($,*,*,#5705,.T.);
#7726=ORIENTED_EDGE($,*,*,#5706,.T.);
#7727=ORIENTED_EDGE($,*,*,#5707,.T.);
#7728=ORIENTED_EDGE($,*,*,#5708,.F.);
#7729=ORIENTED_EDGE($,*,*,#5709,.T.);
#7730=ORIENTED_EDGE($,*,*,#5710,.F.);
#7731=ORIENTED_EDGE($,*,*,#5711,.T.);
#7732=ORIENTED_EDGE($,*,*,#5708,.T.);
#7733=ORIENTED_EDGE($,*,*,#5712,.T.);
#7734=ORIENTED_EDGE($,*,*,#5713,.F.);
#7735=ORIENTED_EDGE($,*,*,#5714,.T.);
#7736=ORIENTED_EDGE($,*,*,#5713,.T.);
#7737=ORIENTED_EDGE($,*,*,#5715,.T.);
#7738=ORIENTED_EDGE($,*,*,#5716,.T.);
#7739=ORIENTED_EDGE($,*,*,#5717,.F.);
#7740=ORIENTED_EDGE($,*,*,#5718,.F.);
#7741=ORIENTED_EDGE($,*,*,#5719,.T.);
#7742=ORIENTED_EDGE($,*,*,#5720,.T.);
#7743=ORIENTED_EDGE($,*,*,#5721,.F.);
#7744=ORIENTED_EDGE($,*,*,#5722,.F.);
#7745=ORIENTED_EDGE($,*,*,#5717,.T.);
#7746=ORIENTED_EDGE($,*,*,#5723,.T.);
#7747=ORIENTED_EDGE($,*,*,#5705,.F.);
#7748=ORIENTED_EDGE($,*,*,#5724,.F.);
#7749=ORIENTED_EDGE($,*,*,#5721,.T.);
#7750=ORIENTED_EDGE($,*,*,#5710,.T.);
#7751=ORIENTED_EDGE($,*,*,#5725,.T.);
#7752=ORIENTED_EDGE($,*,*,#5718,.T.);
#7753=ORIENTED_EDGE($,*,*,#5722,.T.);
#7754=ORIENTED_EDGE($,*,*,#5724,.T.);
#7755=ORIENTED_EDGE($,*,*,#5704,.T.);
#7756=ORIENTED_EDGE($,*,*,#5726,.T.);
#7757=ORIENTED_EDGE($,*,*,#5697,.T.);
#7758=ORIENTED_EDGE($,*,*,#5727,.T.);
#7759=ORIENTED_EDGE($,*,*,#5728,.T.);
#7760=ORIENTED_EDGE($,*,*,#5729,.T.);
#7761=ORIENTED_EDGE($,*,*,#5716,.F.);
#7762=ORIENTED_EDGE($,*,*,#5730,.T.);
#7763=ORIENTED_EDGE($,*,*,#5706,.F.);
#7764=ORIENTED_EDGE($,*,*,#5731,.F.);
#7765=ORIENTED_EDGE($,*,*,#5732,.F.);
#7766=ORIENTED_EDGE($,*,*,#5733,.F.);
#7767=ORIENTED_EDGE($,*,*,#5695,.F.);
#7768=ORIENTED_EDGE($,*,*,#5734,.T.);
#7769=ORIENTED_EDGE($,*,*,#5698,.F.);
#7770=ORIENTED_EDGE($,*,*,#5723,.F.);
#7771=ORIENTED_EDGE($,*,*,#5720,.F.);
#7772=ORIENTED_EDGE($,*,*,#5733,.T.);
#7773=ORIENTED_EDGE($,*,*,#5735,.F.);
#7774=ORIENTED_EDGE($,*,*,#5727,.F.);
#7775=ORIENTED_EDGE($,*,*,#5696,.T.);
#7776=ORIENTED_EDGE($,*,*,#5732,.T.);
#7777=ORIENTED_EDGE($,*,*,#5736,.F.);
#7778=ORIENTED_EDGE($,*,*,#5728,.F.);
#7779=ORIENTED_EDGE($,*,*,#5735,.T.);
#7780=ORIENTED_EDGE($,*,*,#5731,.T.);
#7781=ORIENTED_EDGE($,*,*,#5711,.F.);
#7782=ORIENTED_EDGE($,*,*,#5729,.F.);
#7783=ORIENTED_EDGE($,*,*,#5736,.T.);
#7784=ORIENTED_EDGE($,*,*,#5700,.T.);
#7785=ORIENTED_EDGE($,*,*,#5737,.T.);
#7786=ORIENTED_EDGE($,*,*,#5738,.F.);
#7787=ORIENTED_EDGE($,*,*,#5739,.T.);
#7788=ORIENTED_EDGE($,*,*,#5740,.T.);
#7789=ORIENTED_EDGE($,*,*,#5741,.T.);
#7790=ORIENTED_EDGE($,*,*,#5742,.F.);
#7791=ORIENTED_EDGE($,*,*,#5743,.T.);
#7792=ORIENTED_EDGE($,*,*,#5690,.T.);
#7793=ORIENTED_EDGE($,*,*,#5744,.T.);
#7794=ORIENTED_EDGE($,*,*,#5738,.T.);
#7795=ORIENTED_EDGE($,*,*,#5745,.T.);
#7796=ORIENTED_EDGE($,*,*,#5694,.F.);
#7797=ORIENTED_EDGE($,*,*,#5746,.T.);
#7798=ORIENTED_EDGE($,*,*,#5747,.T.);
#7799=ORIENTED_EDGE($,*,*,#5748,.T.);
#7800=ORIENTED_EDGE($,*,*,#5747,.F.);
#7801=ORIENTED_EDGE($,*,*,#5749,.T.);
#7802=ORIENTED_EDGE($,*,*,#5702,.F.);
#7803=ORIENTED_EDGE($,*,*,#5750,.T.);
#7804=ORIENTED_EDGE($,*,*,#5692,.F.);
#7805=ORIENTED_EDGE($,*,*,#5751,.T.);
#7806=ORIENTED_EDGE($,*,*,#5752,.T.);
#7807=ORIENTED_EDGE($,*,*,#5753,.T.);
#7808=ORIENTED_EDGE($,*,*,#5754,.F.);
#7809=ORIENTED_EDGE($,*,*,#5755,.T.);
#7810=ORIENTED_EDGE($,*,*,#5754,.T.);
#7811=ORIENTED_EDGE($,*,*,#5756,.T.);
#7812=ORIENTED_EDGE($,*,*,#5740,.F.);
#7813=ORIENTED_EDGE($,*,*,#5757,.T.);
#7814=ORIENTED_EDGE($,*,*,#5744,.F.);
#7815=ORIENTED_EDGE($,*,*,#5693,.F.);
#7816=ORIENTED_EDGE($,*,*,#5750,.F.);
#7817=ORIENTED_EDGE($,*,*,#5701,.F.);
#7818=ORIENTED_EDGE($,*,*,#5755,.F.);
#7819=ORIENTED_EDGE($,*,*,#5757,.F.);
#7820=ORIENTED_EDGE($,*,*,#5739,.F.);
#7821=ORIENTED_EDGE($,*,*,#5748,.F.);
#7822=ORIENTED_EDGE($,*,*,#5742,.T.);
#7823=ORIENTED_EDGE($,*,*,#5758,.T.);
#7824=ORIENTED_EDGE($,*,*,#5752,.F.);
#7825=ORIENTED_EDGE($,*,*,#5759,.T.);
#7826=ORIENTED_EDGE($,*,*,#5741,.F.);
#7827=ORIENTED_EDGE($,*,*,#5756,.F.);
#7828=ORIENTED_EDGE($,*,*,#5753,.F.);
#7829=ORIENTED_EDGE($,*,*,#5758,.F.);
#7830=ORIENTED_EDGE($,*,*,#5751,.F.);
#7831=ORIENTED_EDGE($,*,*,#5691,.F.);
#7832=ORIENTED_EDGE($,*,*,#5743,.F.);
#7833=ORIENTED_EDGE($,*,*,#5759,.F.);
#7834=ORIENTED_EDGE($,*,*,#5699,.F.);
#7835=ORIENTED_EDGE($,*,*,#5734,.F.);
#7836=ORIENTED_EDGE($,*,*,#5745,.F.);
#7837=ORIENTED_EDGE($,*,*,#5737,.F.);
#7838=ORIENTED_EDGE($,*,*,#5746,.F.);
#7839=ORIENTED_EDGE($,*,*,#5726,.F.);
#7840=ORIENTED_EDGE($,*,*,#5703,.F.);
#7841=ORIENTED_EDGE($,*,*,#5749,.F.);
#7842=ORIENTED_EDGE($,*,*,#5707,.F.);
#7843=ORIENTED_EDGE($,*,*,#5730,.F.);
#7844=ORIENTED_EDGE($,*,*,#5715,.F.);
#7845=ORIENTED_EDGE($,*,*,#5712,.F.);
#7846=ORIENTED_EDGE($,*,*,#5709,.F.);
#7847=ORIENTED_EDGE($,*,*,#5714,.F.);
#7848=ORIENTED_EDGE($,*,*,#5719,.F.);
#7849=ORIENTED_EDGE($,*,*,#5725,.F.);
#7850=ORIENTED_EDGE($,*,*,#5760,.T.);
#7851=ORIENTED_EDGE($,*,*,#5761,.F.);
#7852=ORIENTED_EDGE($,*,*,#5762,.F.);
#7853=ORIENTED_EDGE($,*,*,#5763,.F.);
#7854=ORIENTED_EDGE($,*,*,#5764,.F.);
#7855=ORIENTED_EDGE($,*,*,#5765,.T.);
#7856=ORIENTED_EDGE($,*,*,#5766,.T.);
#7857=ORIENTED_EDGE($,*,*,#5767,.F.);
#7858=ORIENTED_EDGE($,*,*,#5768,.F.);
#7859=ORIENTED_EDGE($,*,*,#5769,.F.);
#7860=ORIENTED_EDGE($,*,*,#5770,.T.);
#7861=ORIENTED_EDGE($,*,*,#5771,.F.);
#7862=ORIENTED_EDGE($,*,*,#5772,.F.);
#7863=ORIENTED_EDGE($,*,*,#5773,.F.);
#7864=ORIENTED_EDGE($,*,*,#5774,.T.);
#7865=ORIENTED_EDGE($,*,*,#5775,.F.);
#7866=ORIENTED_EDGE($,*,*,#5776,.F.);
#7867=ORIENTED_EDGE($,*,*,#5777,.F.);
#7868=ORIENTED_EDGE($,*,*,#5778,.T.);
#7869=ORIENTED_EDGE($,*,*,#5779,.F.);
#7870=ORIENTED_EDGE($,*,*,#5780,.T.);
#7871=ORIENTED_EDGE($,*,*,#5781,.F.);
#7872=ORIENTED_EDGE($,*,*,#5780,.F.);
#7873=ORIENTED_EDGE($,*,*,#5782,.F.);
#7874=ORIENTED_EDGE($,*,*,#5783,.T.);
#7875=ORIENTED_EDGE($,*,*,#5784,.F.);
#7876=ORIENTED_EDGE($,*,*,#5783,.F.);
#7877=ORIENTED_EDGE($,*,*,#5785,.F.);
#7878=ORIENTED_EDGE($,*,*,#5786,.T.);
#7879=ORIENTED_EDGE($,*,*,#5787,.T.);
#7880=ORIENTED_EDGE($,*,*,#5788,.F.);
#7881=ORIENTED_EDGE($,*,*,#5789,.F.);
#7882=ORIENTED_EDGE($,*,*,#5790,.F.);
#7883=ORIENTED_EDGE($,*,*,#5787,.F.);
#7884=ORIENTED_EDGE($,*,*,#5791,.T.);
#7885=ORIENTED_EDGE($,*,*,#5792,.T.);
#7886=ORIENTED_EDGE($,*,*,#5793,.F.);
#7887=ORIENTED_EDGE($,*,*,#5792,.F.);
#7888=ORIENTED_EDGE($,*,*,#5794,.T.);
#7889=ORIENTED_EDGE($,*,*,#5769,.T.);
#7890=ORIENTED_EDGE($,*,*,#5778,.F.);
#7891=ORIENTED_EDGE($,*,*,#5795,.F.);
#7892=ORIENTED_EDGE($,*,*,#5796,.F.);
#7893=ORIENTED_EDGE($,*,*,#5797,.F.);
#7894=ORIENTED_EDGE($,*,*,#5765,.F.);
#7895=ORIENTED_EDGE($,*,*,#5798,.F.);
#7896=ORIENTED_EDGE($,*,*,#5770,.F.);
#7897=ORIENTED_EDGE($,*,*,#5794,.F.);
#7898=ORIENTED_EDGE($,*,*,#5791,.F.);
#7899=ORIENTED_EDGE($,*,*,#5786,.F.);
#7900=ORIENTED_EDGE($,*,*,#5799,.F.);
#7901=ORIENTED_EDGE($,*,*,#5788,.T.);
#7902=ORIENTED_EDGE($,*,*,#5790,.T.);
#7903=ORIENTED_EDGE($,*,*,#5793,.T.);
#7904=ORIENTED_EDGE($,*,*,#5768,.T.);
#7905=ORIENTED_EDGE($,*,*,#5800,.F.);
#7906=ORIENTED_EDGE($,*,*,#5767,.T.);
#7907=ORIENTED_EDGE($,*,*,#5801,.T.);
#7908=ORIENTED_EDGE($,*,*,#5802,.T.);
#7909=ORIENTED_EDGE($,*,*,#5803,.T.);
#7910=ORIENTED_EDGE($,*,*,#5776,.T.);
#7911=ORIENTED_EDGE($,*,*,#5804,.F.);
#7912=ORIENTED_EDGE($,*,*,#5801,.F.);
#7913=ORIENTED_EDGE($,*,*,#5766,.F.);
#7914=ORIENTED_EDGE($,*,*,#5797,.T.);
#7915=ORIENTED_EDGE($,*,*,#5805,.T.);
#7916=ORIENTED_EDGE($,*,*,#5802,.F.);
#7917=ORIENTED_EDGE($,*,*,#5805,.F.);
#7918=ORIENTED_EDGE($,*,*,#5796,.T.);
#7919=ORIENTED_EDGE($,*,*,#5806,.T.);
#7920=ORIENTED_EDGE($,*,*,#5803,.F.);
#7921=ORIENTED_EDGE($,*,*,#5806,.F.);
#7922=ORIENTED_EDGE($,*,*,#5795,.T.);
#7923=ORIENTED_EDGE($,*,*,#5777,.T.);
#7924=ORIENTED_EDGE($,*,*,#5774,.F.);
#7925=ORIENTED_EDGE($,*,*,#5807,.F.);
#7926=ORIENTED_EDGE($,*,*,#5760,.F.);
#7927=ORIENTED_EDGE($,*,*,#5808,.F.);
#7928=ORIENTED_EDGE($,*,*,#5809,.T.);
#7929=ORIENTED_EDGE($,*,*,#5810,.F.);
#7930=ORIENTED_EDGE($,*,*,#5811,.F.);
#7931=ORIENTED_EDGE($,*,*,#5812,.F.);
#7932=ORIENTED_EDGE($,*,*,#5813,.T.);
#7933=ORIENTED_EDGE($,*,*,#5814,.F.);
#7934=ORIENTED_EDGE($,*,*,#5813,.F.);
#7935=ORIENTED_EDGE($,*,*,#5815,.F.);
#7936=ORIENTED_EDGE($,*,*,#5816,.F.);
#7937=ORIENTED_EDGE($,*,*,#5817,.F.);
#7938=ORIENTED_EDGE($,*,*,#5764,.T.);
#7939=ORIENTED_EDGE($,*,*,#5818,.F.);
#7940=ORIENTED_EDGE($,*,*,#5816,.T.);
#7941=ORIENTED_EDGE($,*,*,#5819,.F.);
#7942=ORIENTED_EDGE($,*,*,#5820,.T.);
#7943=ORIENTED_EDGE($,*,*,#5821,.F.);
#7944=ORIENTED_EDGE($,*,*,#5822,.F.);
#7945=ORIENTED_EDGE($,*,*,#5823,.F.);
#7946=ORIENTED_EDGE($,*,*,#5762,.T.);
#7947=ORIENTED_EDGE($,*,*,#5824,.F.);
#7948=ORIENTED_EDGE($,*,*,#5772,.T.);
#7949=ORIENTED_EDGE($,*,*,#5825,.F.);
#7950=ORIENTED_EDGE($,*,*,#5820,.F.);
#7951=ORIENTED_EDGE($,*,*,#5826,.F.);
#7952=ORIENTED_EDGE($,*,*,#5811,.T.);
#7953=ORIENTED_EDGE($,*,*,#5827,.F.);
#7954=ORIENTED_EDGE($,*,*,#5807,.T.);
#7955=ORIENTED_EDGE($,*,*,#5773,.T.);
#7956=ORIENTED_EDGE($,*,*,#5824,.T.);
#7957=ORIENTED_EDGE($,*,*,#5761,.T.);
#7958=ORIENTED_EDGE($,*,*,#5819,.T.);
#7959=ORIENTED_EDGE($,*,*,#5815,.T.);
#7960=ORIENTED_EDGE($,*,*,#5812,.T.);
#7961=ORIENTED_EDGE($,*,*,#5826,.T.);
#7962=ORIENTED_EDGE($,*,*,#5809,.F.);
#7963=ORIENTED_EDGE($,*,*,#5828,.F.);
#7964=ORIENTED_EDGE($,*,*,#5822,.T.);
#7965=ORIENTED_EDGE($,*,*,#5829,.F.);
#7966=ORIENTED_EDGE($,*,*,#5810,.T.);
#7967=ORIENTED_EDGE($,*,*,#5829,.T.);
#7968=ORIENTED_EDGE($,*,*,#5821,.T.);
#7969=ORIENTED_EDGE($,*,*,#5827,.T.);
#7970=ORIENTED_EDGE($,*,*,#5823,.T.);
#7971=ORIENTED_EDGE($,*,*,#5828,.T.);
#7972=ORIENTED_EDGE($,*,*,#5808,.T.);
#7973=ORIENTED_EDGE($,*,*,#5763,.T.);
#7974=ORIENTED_EDGE($,*,*,#5775,.T.);
#7975=ORIENTED_EDGE($,*,*,#5814,.T.);
#7976=ORIENTED_EDGE($,*,*,#5818,.T.);
#7977=ORIENTED_EDGE($,*,*,#5800,.T.);
#7978=ORIENTED_EDGE($,*,*,#5817,.T.);
#7979=ORIENTED_EDGE($,*,*,#5825,.T.);
#7980=ORIENTED_EDGE($,*,*,#5771,.T.);
#7981=ORIENTED_EDGE($,*,*,#5798,.T.);
#7982=ORIENTED_EDGE($,*,*,#5781,.T.);
#7983=ORIENTED_EDGE($,*,*,#5784,.T.);
#7984=ORIENTED_EDGE($,*,*,#5789,.T.);
#7985=ORIENTED_EDGE($,*,*,#5804,.T.);
#7986=ORIENTED_EDGE($,*,*,#5779,.T.);
#7987=ORIENTED_EDGE($,*,*,#5799,.T.);
#7988=ORIENTED_EDGE($,*,*,#5785,.T.);
#7989=ORIENTED_EDGE($,*,*,#5782,.T.);
#7990=ORIENTED_EDGE($,*,*,#5830,.T.);
#7991=ORIENTED_EDGE($,*,*,#5831,.F.);
#7992=ORIENTED_EDGE($,*,*,#5832,.F.);
#7993=ORIENTED_EDGE($,*,*,#5833,.T.);
#7994=ORIENTED_EDGE($,*,*,#5834,.T.);
#7995=ORIENTED_EDGE($,*,*,#5835,.F.);
#7996=ORIENTED_EDGE($,*,*,#5836,.F.);
#7997=ORIENTED_EDGE($,*,*,#5831,.T.);
#7998=ORIENTED_EDGE($,*,*,#5837,.T.);
#7999=ORIENTED_EDGE($,*,*,#5838,.F.);
#8000=ORIENTED_EDGE($,*,*,#5839,.F.);
#8001=ORIENTED_EDGE($,*,*,#5835,.T.);
#8002=ORIENTED_EDGE($,*,*,#5840,.T.);
#8003=ORIENTED_EDGE($,*,*,#5841,.F.);
#8004=ORIENTED_EDGE($,*,*,#5842,.F.);
#8005=ORIENTED_EDGE($,*,*,#5838,.T.);
#8006=ORIENTED_EDGE($,*,*,#5843,.T.);
#8007=ORIENTED_EDGE($,*,*,#5844,.F.);
#8008=ORIENTED_EDGE($,*,*,#5845,.F.);
#8009=ORIENTED_EDGE($,*,*,#5841,.T.);
#8010=ORIENTED_EDGE($,*,*,#5846,.T.);
#8011=ORIENTED_EDGE($,*,*,#5847,.F.);
#8012=ORIENTED_EDGE($,*,*,#5848,.F.);
#8013=ORIENTED_EDGE($,*,*,#5844,.T.);
#8014=ORIENTED_EDGE($,*,*,#5849,.T.);
#8015=ORIENTED_EDGE($,*,*,#5850,.F.);
#8016=ORIENTED_EDGE($,*,*,#5851,.F.);
#8017=ORIENTED_EDGE($,*,*,#5847,.T.);
#8018=ORIENTED_EDGE($,*,*,#5852,.T.);
#8019=ORIENTED_EDGE($,*,*,#5853,.F.);
#8020=ORIENTED_EDGE($,*,*,#5854,.F.);
#8021=ORIENTED_EDGE($,*,*,#5850,.T.);
#8022=ORIENTED_EDGE($,*,*,#5855,.T.);
#8023=ORIENTED_EDGE($,*,*,#5856,.F.);
#8024=ORIENTED_EDGE($,*,*,#5857,.F.);
#8025=ORIENTED_EDGE($,*,*,#5853,.T.);
#8026=ORIENTED_EDGE($,*,*,#5858,.T.);
#8027=ORIENTED_EDGE($,*,*,#5859,.F.);
#8028=ORIENTED_EDGE($,*,*,#5860,.F.);
#8029=ORIENTED_EDGE($,*,*,#5856,.T.);
#8030=ORIENTED_EDGE($,*,*,#5861,.T.);
#8031=ORIENTED_EDGE($,*,*,#5862,.F.);
#8032=ORIENTED_EDGE($,*,*,#5863,.F.);
#8033=ORIENTED_EDGE($,*,*,#5859,.T.);
#8034=ORIENTED_EDGE($,*,*,#5864,.T.);
#8035=ORIENTED_EDGE($,*,*,#5865,.F.);
#8036=ORIENTED_EDGE($,*,*,#5866,.F.);
#8037=ORIENTED_EDGE($,*,*,#5862,.T.);
#8038=ORIENTED_EDGE($,*,*,#5867,.T.);
#8039=ORIENTED_EDGE($,*,*,#5868,.F.);
#8040=ORIENTED_EDGE($,*,*,#5869,.F.);
#8041=ORIENTED_EDGE($,*,*,#5865,.T.);
#8042=ORIENTED_EDGE($,*,*,#5870,.T.);
#8043=ORIENTED_EDGE($,*,*,#5871,.F.);
#8044=ORIENTED_EDGE($,*,*,#5872,.F.);
#8045=ORIENTED_EDGE($,*,*,#5868,.T.);
#8046=ORIENTED_EDGE($,*,*,#5873,.T.);
#8047=ORIENTED_EDGE($,*,*,#5874,.F.);
#8048=ORIENTED_EDGE($,*,*,#5875,.F.);
#8049=ORIENTED_EDGE($,*,*,#5871,.T.);
#8050=ORIENTED_EDGE($,*,*,#5876,.T.);
#8051=ORIENTED_EDGE($,*,*,#5833,.F.);
#8052=ORIENTED_EDGE($,*,*,#5877,.F.);
#8053=ORIENTED_EDGE($,*,*,#5874,.T.);
#8054=ORIENTED_EDGE($,*,*,#5832,.T.);
#8055=ORIENTED_EDGE($,*,*,#5836,.T.);
#8056=ORIENTED_EDGE($,*,*,#5839,.T.);
#8057=ORIENTED_EDGE($,*,*,#5842,.T.);
#8058=ORIENTED_EDGE($,*,*,#5845,.T.);
#8059=ORIENTED_EDGE($,*,*,#5848,.T.);
#8060=ORIENTED_EDGE($,*,*,#5851,.T.);
#8061=ORIENTED_EDGE($,*,*,#5854,.T.);
#8062=ORIENTED_EDGE($,*,*,#5857,.T.);
#8063=ORIENTED_EDGE($,*,*,#5860,.T.);
#8064=ORIENTED_EDGE($,*,*,#5863,.T.);
#8065=ORIENTED_EDGE($,*,*,#5866,.T.);
#8066=ORIENTED_EDGE($,*,*,#5869,.T.);
#8067=ORIENTED_EDGE($,*,*,#5872,.T.);
#8068=ORIENTED_EDGE($,*,*,#5875,.T.);
#8069=ORIENTED_EDGE($,*,*,#5877,.T.);
#8070=ORIENTED_EDGE($,*,*,#5830,.F.);
#8071=ORIENTED_EDGE($,*,*,#5876,.F.);
#8072=ORIENTED_EDGE($,*,*,#5873,.F.);
#8073=ORIENTED_EDGE($,*,*,#5870,.F.);
#8074=ORIENTED_EDGE($,*,*,#5867,.F.);
#8075=ORIENTED_EDGE($,*,*,#5864,.F.);
#8076=ORIENTED_EDGE($,*,*,#5861,.F.);
#8077=ORIENTED_EDGE($,*,*,#5858,.F.);
#8078=ORIENTED_EDGE($,*,*,#5855,.F.);
#8079=ORIENTED_EDGE($,*,*,#5852,.F.);
#8080=ORIENTED_EDGE($,*,*,#5849,.F.);
#8081=ORIENTED_EDGE($,*,*,#5846,.F.);
#8082=ORIENTED_EDGE($,*,*,#5843,.F.);
#8083=ORIENTED_EDGE($,*,*,#5840,.F.);
#8084=ORIENTED_EDGE($,*,*,#5837,.F.);
#8085=ORIENTED_EDGE($,*,*,#5834,.F.);
#8086=ORIENTED_EDGE($,*,*,#5878,.T.);
#8087=ORIENTED_EDGE($,*,*,#5879,.F.);
#8088=ORIENTED_EDGE($,*,*,#5880,.F.);
#8089=ORIENTED_EDGE($,*,*,#5881,.T.);
#8090=ORIENTED_EDGE($,*,*,#5882,.T.);
#8091=ORIENTED_EDGE($,*,*,#5883,.F.);
#8092=ORIENTED_EDGE($,*,*,#5884,.F.);
#8093=ORIENTED_EDGE($,*,*,#5879,.T.);
#8094=ORIENTED_EDGE($,*,*,#5885,.T.);
#8095=ORIENTED_EDGE($,*,*,#5886,.F.);
#8096=ORIENTED_EDGE($,*,*,#5887,.F.);
#8097=ORIENTED_EDGE($,*,*,#5883,.T.);
#8098=ORIENTED_EDGE($,*,*,#5888,.T.);
#8099=ORIENTED_EDGE($,*,*,#5889,.F.);
#8100=ORIENTED_EDGE($,*,*,#5890,.F.);
#8101=ORIENTED_EDGE($,*,*,#5886,.T.);
#8102=ORIENTED_EDGE($,*,*,#5891,.T.);
#8103=ORIENTED_EDGE($,*,*,#5892,.F.);
#8104=ORIENTED_EDGE($,*,*,#5893,.F.);
#8105=ORIENTED_EDGE($,*,*,#5889,.T.);
#8106=ORIENTED_EDGE($,*,*,#5894,.T.);
#8107=ORIENTED_EDGE($,*,*,#5895,.F.);
#8108=ORIENTED_EDGE($,*,*,#5896,.F.);
#8109=ORIENTED_EDGE($,*,*,#5892,.T.);
#8110=ORIENTED_EDGE($,*,*,#5897,.T.);
#8111=ORIENTED_EDGE($,*,*,#5898,.F.);
#8112=ORIENTED_EDGE($,*,*,#5899,.F.);
#8113=ORIENTED_EDGE($,*,*,#5895,.T.);
#8114=ORIENTED_EDGE($,*,*,#5900,.T.);
#8115=ORIENTED_EDGE($,*,*,#5901,.F.);
#8116=ORIENTED_EDGE($,*,*,#5902,.F.);
#8117=ORIENTED_EDGE($,*,*,#5898,.T.);
#8118=ORIENTED_EDGE($,*,*,#5903,.T.);
#8119=ORIENTED_EDGE($,*,*,#5904,.F.);
#8120=ORIENTED_EDGE($,*,*,#5905,.F.);
#8121=ORIENTED_EDGE($,*,*,#5901,.T.);
#8122=ORIENTED_EDGE($,*,*,#5906,.T.);
#8123=ORIENTED_EDGE($,*,*,#5907,.F.);
#8124=ORIENTED_EDGE($,*,*,#5908,.F.);
#8125=ORIENTED_EDGE($,*,*,#5904,.T.);
#8126=ORIENTED_EDGE($,*,*,#5909,.T.);
#8127=ORIENTED_EDGE($,*,*,#5910,.F.);
#8128=ORIENTED_EDGE($,*,*,#5911,.F.);
#8129=ORIENTED_EDGE($,*,*,#5907,.T.);
#8130=ORIENTED_EDGE($,*,*,#5912,.T.);
#8131=ORIENTED_EDGE($,*,*,#5913,.F.);
#8132=ORIENTED_EDGE($,*,*,#5914,.F.);
#8133=ORIENTED_EDGE($,*,*,#5910,.T.);
#8134=ORIENTED_EDGE($,*,*,#5915,.T.);
#8135=ORIENTED_EDGE($,*,*,#5881,.F.);
#8136=ORIENTED_EDGE($,*,*,#5916,.F.);
#8137=ORIENTED_EDGE($,*,*,#5913,.T.);
#8138=ORIENTED_EDGE($,*,*,#5880,.T.);
#8139=ORIENTED_EDGE($,*,*,#5884,.T.);
#8140=ORIENTED_EDGE($,*,*,#5887,.T.);
#8141=ORIENTED_EDGE($,*,*,#5890,.T.);
#8142=ORIENTED_EDGE($,*,*,#5893,.T.);
#8143=ORIENTED_EDGE($,*,*,#5896,.T.);
#8144=ORIENTED_EDGE($,*,*,#5899,.T.);
#8145=ORIENTED_EDGE($,*,*,#5902,.T.);
#8146=ORIENTED_EDGE($,*,*,#5905,.T.);
#8147=ORIENTED_EDGE($,*,*,#5908,.T.);
#8148=ORIENTED_EDGE($,*,*,#5911,.T.);
#8149=ORIENTED_EDGE($,*,*,#5914,.T.);
#8150=ORIENTED_EDGE($,*,*,#5916,.T.);
#8151=ORIENTED_EDGE($,*,*,#5878,.F.);
#8152=ORIENTED_EDGE($,*,*,#5915,.F.);
#8153=ORIENTED_EDGE($,*,*,#5912,.F.);
#8154=ORIENTED_EDGE($,*,*,#5909,.F.);
#8155=ORIENTED_EDGE($,*,*,#5906,.F.);
#8156=ORIENTED_EDGE($,*,*,#5903,.F.);
#8157=ORIENTED_EDGE($,*,*,#5900,.F.);
#8158=ORIENTED_EDGE($,*,*,#5897,.F.);
#8159=ORIENTED_EDGE($,*,*,#5894,.F.);
#8160=ORIENTED_EDGE($,*,*,#5891,.F.);
#8161=ORIENTED_EDGE($,*,*,#5888,.F.);
#8162=ORIENTED_EDGE($,*,*,#5885,.F.);
#8163=ORIENTED_EDGE($,*,*,#5882,.F.);
#8164=ORIENTED_EDGE($,*,*,#5917,.F.);
#8165=ORIENTED_EDGE($,*,*,#5918,.T.);
#8166=ORIENTED_EDGE($,*,*,#5919,.T.);
#8167=ORIENTED_EDGE($,*,*,#5920,.F.);
#8168=ORIENTED_EDGE($,*,*,#5921,.T.);
#8169=ORIENTED_EDGE($,*,*,#5922,.F.);
#8170=ORIENTED_EDGE($,*,*,#5923,.F.);
#8171=ORIENTED_EDGE($,*,*,#5924,.T.);
#8172=ORIENTED_EDGE($,*,*,#5925,.T.);
#8173=ORIENTED_EDGE($,*,*,#5926,.F.);
#8174=ORIENTED_EDGE($,*,*,#5927,.F.);
#8175=ORIENTED_EDGE($,*,*,#5922,.T.);
#8176=ORIENTED_EDGE($,*,*,#5928,.T.);
#8177=ORIENTED_EDGE($,*,*,#5929,.F.);
#8178=ORIENTED_EDGE($,*,*,#5930,.F.);
#8179=ORIENTED_EDGE($,*,*,#5926,.T.);
#8180=ORIENTED_EDGE($,*,*,#5931,.T.);
#8181=ORIENTED_EDGE($,*,*,#5932,.F.);
#8182=ORIENTED_EDGE($,*,*,#5933,.F.);
#8183=ORIENTED_EDGE($,*,*,#5929,.T.);
#8184=ORIENTED_EDGE($,*,*,#5934,.T.);
#8185=ORIENTED_EDGE($,*,*,#5935,.F.);
#8186=ORIENTED_EDGE($,*,*,#5936,.F.);
#8187=ORIENTED_EDGE($,*,*,#5932,.T.);
#8188=ORIENTED_EDGE($,*,*,#5937,.T.);
#8189=ORIENTED_EDGE($,*,*,#5938,.F.);
#8190=ORIENTED_EDGE($,*,*,#5939,.F.);
#8191=ORIENTED_EDGE($,*,*,#5935,.T.);
#8192=ORIENTED_EDGE($,*,*,#5940,.T.);
#8193=ORIENTED_EDGE($,*,*,#5941,.F.);
#8194=ORIENTED_EDGE($,*,*,#5942,.F.);
#8195=ORIENTED_EDGE($,*,*,#5938,.T.);
#8196=ORIENTED_EDGE($,*,*,#5943,.T.);
#8197=ORIENTED_EDGE($,*,*,#5944,.F.);
#8198=ORIENTED_EDGE($,*,*,#5945,.F.);
#8199=ORIENTED_EDGE($,*,*,#5941,.T.);
#8200=ORIENTED_EDGE($,*,*,#5946,.T.);
#8201=ORIENTED_EDGE($,*,*,#5918,.F.);
#8202=ORIENTED_EDGE($,*,*,#5947,.F.);
#8203=ORIENTED_EDGE($,*,*,#5944,.T.);
#8204=ORIENTED_EDGE($,*,*,#5948,.T.);
#8205=ORIENTED_EDGE($,*,*,#5949,.F.);
#8206=ORIENTED_EDGE($,*,*,#5950,.F.);
#8207=ORIENTED_EDGE($,*,*,#5920,.T.);
#8208=ORIENTED_EDGE($,*,*,#5951,.T.);
#8209=ORIENTED_EDGE($,*,*,#5952,.F.);
#8210=ORIENTED_EDGE($,*,*,#5953,.F.);
#8211=ORIENTED_EDGE($,*,*,#5949,.T.);
#8212=ORIENTED_EDGE($,*,*,#5954,.T.);
#8213=ORIENTED_EDGE($,*,*,#5955,.F.);
#8214=ORIENTED_EDGE($,*,*,#5956,.F.);
#8215=ORIENTED_EDGE($,*,*,#5952,.T.);
#8216=ORIENTED_EDGE($,*,*,#5957,.T.);
#8217=ORIENTED_EDGE($,*,*,#5958,.F.);
#8218=ORIENTED_EDGE($,*,*,#5959,.F.);
#8219=ORIENTED_EDGE($,*,*,#5955,.T.);
#8220=ORIENTED_EDGE($,*,*,#5960,.T.);
#8221=ORIENTED_EDGE($,*,*,#5961,.F.);
#8222=ORIENTED_EDGE($,*,*,#5962,.F.);
#8223=ORIENTED_EDGE($,*,*,#5958,.T.);
#8224=ORIENTED_EDGE($,*,*,#5963,.T.);
#8225=ORIENTED_EDGE($,*,*,#5964,.F.);
#8226=ORIENTED_EDGE($,*,*,#5965,.F.);
#8227=ORIENTED_EDGE($,*,*,#5961,.T.);
#8228=ORIENTED_EDGE($,*,*,#5966,.T.);
#8229=ORIENTED_EDGE($,*,*,#5924,.F.);
#8230=ORIENTED_EDGE($,*,*,#5967,.F.);
#8231=ORIENTED_EDGE($,*,*,#5964,.T.);
#8232=ORIENTED_EDGE($,*,*,#5967,.T.);
#8233=ORIENTED_EDGE($,*,*,#5923,.T.);
#8234=ORIENTED_EDGE($,*,*,#5927,.T.);
#8235=ORIENTED_EDGE($,*,*,#5930,.T.);
#8236=ORIENTED_EDGE($,*,*,#5933,.T.);
#8237=ORIENTED_EDGE($,*,*,#5936,.T.);
#8238=ORIENTED_EDGE($,*,*,#5939,.T.);
#8239=ORIENTED_EDGE($,*,*,#5942,.T.);
#8240=ORIENTED_EDGE($,*,*,#5945,.T.);
#8241=ORIENTED_EDGE($,*,*,#5947,.T.);
#8242=ORIENTED_EDGE($,*,*,#5917,.T.);
#8243=ORIENTED_EDGE($,*,*,#5950,.T.);
#8244=ORIENTED_EDGE($,*,*,#5953,.T.);
#8245=ORIENTED_EDGE($,*,*,#5956,.T.);
#8246=ORIENTED_EDGE($,*,*,#5959,.T.);
#8247=ORIENTED_EDGE($,*,*,#5962,.T.);
#8248=ORIENTED_EDGE($,*,*,#5965,.T.);
#8249=ORIENTED_EDGE($,*,*,#5921,.F.);
#8250=ORIENTED_EDGE($,*,*,#5966,.F.);
#8251=ORIENTED_EDGE($,*,*,#5963,.F.);
#8252=ORIENTED_EDGE($,*,*,#5960,.F.);
#8253=ORIENTED_EDGE($,*,*,#5957,.F.);
#8254=ORIENTED_EDGE($,*,*,#5954,.F.);
#8255=ORIENTED_EDGE($,*,*,#5951,.F.);
#8256=ORIENTED_EDGE($,*,*,#5948,.F.);
#8257=ORIENTED_EDGE($,*,*,#5919,.F.);
#8258=ORIENTED_EDGE($,*,*,#5946,.F.);
#8259=ORIENTED_EDGE($,*,*,#5943,.F.);
#8260=ORIENTED_EDGE($,*,*,#5940,.F.);
#8261=ORIENTED_EDGE($,*,*,#5937,.F.);
#8262=ORIENTED_EDGE($,*,*,#5934,.F.);
#8263=ORIENTED_EDGE($,*,*,#5931,.F.);
#8264=ORIENTED_EDGE($,*,*,#5928,.F.);
#8265=ORIENTED_EDGE($,*,*,#5925,.F.);
#8266=ORIENTED_EDGE($,*,*,#5968,.T.);
#8267=ORIENTED_EDGE($,*,*,#5969,.F.);
#8268=ORIENTED_EDGE($,*,*,#5970,.F.);
#8269=ORIENTED_EDGE($,*,*,#5971,.T.);
#8270=ORIENTED_EDGE($,*,*,#5972,.T.);
#8271=ORIENTED_EDGE($,*,*,#5973,.T.);
#8272=ORIENTED_EDGE($,*,*,#5970,.T.);
#8273=ORIENTED_EDGE($,*,*,#5974,.T.);
#8274=ORIENTED_EDGE($,*,*,#5975,.T.);
#8275=ORIENTED_EDGE($,*,*,#5976,.F.);
#8276=ORIENTED_EDGE($,*,*,#5977,.F.);
#8277=ORIENTED_EDGE($,*,*,#5968,.F.);
#8278=ORIENTED_EDGE($,*,*,#5978,.F.);
#8279=ORIENTED_EDGE($,*,*,#5979,.F.);
#8280=ORIENTED_EDGE($,*,*,#5978,.T.);
#8281=ORIENTED_EDGE($,*,*,#5971,.F.);
#8282=ORIENTED_EDGE($,*,*,#5973,.F.);
#8283=ORIENTED_EDGE($,*,*,#5980,.F.);
#8284=ORIENTED_EDGE($,*,*,#5981,.T.);
#8285=ORIENTED_EDGE($,*,*,#5982,.F.);
#8286=ORIENTED_EDGE($,*,*,#5983,.F.);
#8287=ORIENTED_EDGE($,*,*,#5984,.T.);
#8288=ORIENTED_EDGE($,*,*,#5985,.F.);
#8289=ORIENTED_EDGE($,*,*,#5986,.F.);
#8290=ORIENTED_EDGE($,*,*,#5981,.F.);
#8291=ORIENTED_EDGE($,*,*,#5987,.F.);
#8292=ORIENTED_EDGE($,*,*,#5988,.F.);
#8293=ORIENTED_EDGE($,*,*,#5987,.T.);
#8294=ORIENTED_EDGE($,*,*,#5984,.F.);
#8295=ORIENTED_EDGE($,*,*,#5989,.F.);
#8296=ORIENTED_EDGE($,*,*,#5990,.F.);
#8297=ORIENTED_EDGE($,*,*,#5991,.T.);
#8298=ORIENTED_EDGE($,*,*,#5992,.F.);
#8299=ORIENTED_EDGE($,*,*,#5993,.F.);
#8300=ORIENTED_EDGE($,*,*,#5994,.T.);
#8301=ORIENTED_EDGE($,*,*,#5995,.T.);
#8302=ORIENTED_EDGE($,*,*,#5996,.T.);
#8303=ORIENTED_EDGE($,*,*,#5993,.T.);
#8304=ORIENTED_EDGE($,*,*,#5997,.T.);
#8305=ORIENTED_EDGE($,*,*,#5998,.T.);
#8306=ORIENTED_EDGE($,*,*,#5999,.F.);
#8307=ORIENTED_EDGE($,*,*,#5991,.F.);
#8308=ORIENTED_EDGE($,*,*,#6000,.F.);
#8309=ORIENTED_EDGE($,*,*,#6001,.F.);
#8310=ORIENTED_EDGE($,*,*,#6000,.T.);
#8311=ORIENTED_EDGE($,*,*,#5994,.F.);
#8312=ORIENTED_EDGE($,*,*,#5996,.F.);
#8313=ORIENTED_EDGE($,*,*,#6002,.F.);
#8314=ORIENTED_EDGE($,*,*,#6003,.T.);
#8315=ORIENTED_EDGE($,*,*,#6004,.F.);
#8316=ORIENTED_EDGE($,*,*,#6005,.F.);
#8317=ORIENTED_EDGE($,*,*,#6006,.F.);
#8318=ORIENTED_EDGE($,*,*,#6005,.T.);
#8319=ORIENTED_EDGE($,*,*,#6007,.T.);
#8320=ORIENTED_EDGE($,*,*,#6008,.T.);
#8321=ORIENTED_EDGE($,*,*,#6009,.F.);
#8322=ORIENTED_EDGE($,*,*,#6010,.F.);
#8323=ORIENTED_EDGE($,*,*,#6011,.F.);
#8324=ORIENTED_EDGE($,*,*,#6012,.F.);
#8325=ORIENTED_EDGE($,*,*,#6013,.F.);
#8326=ORIENTED_EDGE($,*,*,#6014,.F.);
#8327=ORIENTED_EDGE($,*,*,#6015,.F.);
#8328=ORIENTED_EDGE($,*,*,#6016,.F.);
#8329=ORIENTED_EDGE($,*,*,#6017,.F.);
#8330=ORIENTED_EDGE($,*,*,#6018,.T.);
#8331=ORIENTED_EDGE($,*,*,#6013,.T.);
#8332=ORIENTED_EDGE($,*,*,#6019,.T.);
#8333=ORIENTED_EDGE($,*,*,#6020,.T.);
#8334=ORIENTED_EDGE($,*,*,#6021,.T.);
#8335=ORIENTED_EDGE($,*,*,#6022,.T.);
#8336=ORIENTED_EDGE($,*,*,#6023,.F.);
#8337=ORIENTED_EDGE($,*,*,#6015,.T.);
#8338=ORIENTED_EDGE($,*,*,#6024,.F.);
#8339=ORIENTED_EDGE($,*,*,#6025,.F.);
#8340=ORIENTED_EDGE($,*,*,#6026,.F.);
#8341=ORIENTED_EDGE($,*,*,#6027,.F.);
#8342=ORIENTED_EDGE($,*,*,#6021,.F.);
#8343=ORIENTED_EDGE($,*,*,#6028,.F.);
#8344=ORIENTED_EDGE($,*,*,#6026,.T.);
#8345=ORIENTED_EDGE($,*,*,#6029,.T.);
#8346=ORIENTED_EDGE($,*,*,#6022,.F.);
#8347=ORIENTED_EDGE($,*,*,#6029,.F.);
#8348=ORIENTED_EDGE($,*,*,#6025,.T.);
#8349=ORIENTED_EDGE($,*,*,#6030,.T.);
#8350=ORIENTED_EDGE($,*,*,#5975,.F.);
#8351=ORIENTED_EDGE($,*,*,#6031,.F.);
#8352=ORIENTED_EDGE($,*,*,#5985,.T.);
#8353=ORIENTED_EDGE($,*,*,#6032,.F.);
#8354=ORIENTED_EDGE($,*,*,#5998,.F.);
#8355=ORIENTED_EDGE($,*,*,#6033,.F.);
#8356=ORIENTED_EDGE($,*,*,#5976,.T.);
#8357=ORIENTED_EDGE($,*,*,#6034,.F.);
#8358=ORIENTED_EDGE($,*,*,#6035,.F.);
#8359=ORIENTED_EDGE($,*,*,#6036,.F.);
#8360=ORIENTED_EDGE($,*,*,#6037,.F.);
#8361=ORIENTED_EDGE($,*,*,#6038,.F.);
#8362=ORIENTED_EDGE($,*,*,#6039,.F.);
#8363=ORIENTED_EDGE($,*,*,#6040,.F.);
#8364=ORIENTED_EDGE($,*,*,#6041,.F.);
#8365=ORIENTED_EDGE($,*,*,#6042,.F.);
#8366=ORIENTED_EDGE($,*,*,#6043,.F.);
#8367=ORIENTED_EDGE($,*,*,#6044,.F.);
#8368=ORIENTED_EDGE($,*,*,#6045,.F.);
#8369=ORIENTED_EDGE($,*,*,#6046,.F.);
#8370=ORIENTED_EDGE($,*,*,#6047,.F.);
#8371=ORIENTED_EDGE($,*,*,#6048,.F.);
#8372=ORIENTED_EDGE($,*,*,#6049,.F.);
#8373=ORIENTED_EDGE($,*,*,#6050,.F.);
#8374=ORIENTED_EDGE($,*,*,#6051,.F.);
#8375=ORIENTED_EDGE($,*,*,#6052,.F.);
#8376=ORIENTED_EDGE($,*,*,#6053,.F.);
#8377=ORIENTED_EDGE($,*,*,#6054,.F.);
#8378=ORIENTED_EDGE($,*,*,#6055,.F.);
#8379=ORIENTED_EDGE($,*,*,#6050,.T.);
#8380=ORIENTED_EDGE($,*,*,#6056,.T.);
#8381=ORIENTED_EDGE($,*,*,#6057,.F.);
#8382=ORIENTED_EDGE($,*,*,#6058,.F.);
#8383=ORIENTED_EDGE($,*,*,#6059,.F.);
#8384=ORIENTED_EDGE($,*,*,#6060,.T.);
#8385=ORIENTED_EDGE($,*,*,#6052,.T.);
#8386=ORIENTED_EDGE($,*,*,#6061,.F.);
#8387=ORIENTED_EDGE($,*,*,#6062,.F.);
#8388=ORIENTED_EDGE($,*,*,#6063,.F.);
#8389=ORIENTED_EDGE($,*,*,#6064,.T.);
#8390=ORIENTED_EDGE($,*,*,#6065,.F.);
#8391=ORIENTED_EDGE($,*,*,#6042,.T.);
#8392=ORIENTED_EDGE($,*,*,#6066,.T.);
#8393=ORIENTED_EDGE($,*,*,#6067,.F.);
#8394=ORIENTED_EDGE($,*,*,#6068,.F.);
#8395=ORIENTED_EDGE($,*,*,#6069,.F.);
#8396=ORIENTED_EDGE($,*,*,#6070,.T.);
#8397=ORIENTED_EDGE($,*,*,#6044,.T.);
#8398=ORIENTED_EDGE($,*,*,#6071,.F.);
#8399=ORIENTED_EDGE($,*,*,#6072,.F.);
#8400=ORIENTED_EDGE($,*,*,#6073,.F.);
#8401=ORIENTED_EDGE($,*,*,#6074,.T.);
#8402=ORIENTED_EDGE($,*,*,#6075,.F.);
#8403=ORIENTED_EDGE($,*,*,#6038,.T.);
#8404=ORIENTED_EDGE($,*,*,#6076,.T.);
#8405=ORIENTED_EDGE($,*,*,#6077,.F.);
#8406=ORIENTED_EDGE($,*,*,#6078,.F.);
#8407=ORIENTED_EDGE($,*,*,#6079,.F.);
#8408=ORIENTED_EDGE($,*,*,#6080,.F.);
#8409=ORIENTED_EDGE($,*,*,#6081,.F.);
#8410=ORIENTED_EDGE($,*,*,#6082,.F.);
#8411=ORIENTED_EDGE($,*,*,#6083,.F.);
#8412=ORIENTED_EDGE($,*,*,#6084,.T.);
#8413=ORIENTED_EDGE($,*,*,#6085,.T.);
#8414=ORIENTED_EDGE($,*,*,#6086,.T.);
#8415=ORIENTED_EDGE($,*,*,#6087,.T.);
#8416=ORIENTED_EDGE($,*,*,#6083,.T.);
#8417=ORIENTED_EDGE($,*,*,#6088,.F.);
#8418=ORIENTED_EDGE($,*,*,#6085,.F.);
#8419=ORIENTED_EDGE($,*,*,#6089,.T.);
#8420=ORIENTED_EDGE($,*,*,#6090,.F.);
#8421=ORIENTED_EDGE($,*,*,#6091,.F.);
#8422=ORIENTED_EDGE($,*,*,#6092,.F.);
#8423=ORIENTED_EDGE($,*,*,#6093,.F.);
#8424=ORIENTED_EDGE($,*,*,#6094,.T.);
#8425=ORIENTED_EDGE($,*,*,#6095,.T.);
#8426=ORIENTED_EDGE($,*,*,#6096,.T.);
#8427=ORIENTED_EDGE($,*,*,#6097,.T.);
#8428=ORIENTED_EDGE($,*,*,#6093,.T.);
#8429=ORIENTED_EDGE($,*,*,#6098,.F.);
#8430=ORIENTED_EDGE($,*,*,#6095,.F.);
#8431=ORIENTED_EDGE($,*,*,#6099,.T.);
#8432=ORIENTED_EDGE($,*,*,#6100,.T.);
#8433=ORIENTED_EDGE($,*,*,#6101,.T.);
#8434=ORIENTED_EDGE($,*,*,#6102,.T.);
#8435=ORIENTED_EDGE($,*,*,#6103,.T.);
#8436=ORIENTED_EDGE($,*,*,#6104,.F.);
#8437=ORIENTED_EDGE($,*,*,#6105,.F.);
#8438=ORIENTED_EDGE($,*,*,#6106,.F.);
#8439=ORIENTED_EDGE($,*,*,#6107,.F.);
#8440=ORIENTED_EDGE($,*,*,#6108,.T.);
#8441=ORIENTED_EDGE($,*,*,#6107,.T.);
#8442=ORIENTED_EDGE($,*,*,#6109,.T.);
#8443=ORIENTED_EDGE($,*,*,#6110,.T.);
#8444=ORIENTED_EDGE($,*,*,#6111,.T.);
#8445=ORIENTED_EDGE($,*,*,#6112,.F.);
#8446=ORIENTED_EDGE($,*,*,#6110,.F.);
#8447=ORIENTED_EDGE($,*,*,#6113,.T.);
#8448=ORIENTED_EDGE($,*,*,#6114,.F.);
#8449=ORIENTED_EDGE($,*,*,#6007,.F.);
#8450=ORIENTED_EDGE($,*,*,#6004,.T.);
#8451=ORIENTED_EDGE($,*,*,#6115,.T.);
#8452=ORIENTED_EDGE($,*,*,#6116,.T.);
#8453=ORIENTED_EDGE($,*,*,#6117,.F.);
#8454=ORIENTED_EDGE($,*,*,#6104,.T.);
#8455=ORIENTED_EDGE($,*,*,#6108,.F.);
#8456=ORIENTED_EDGE($,*,*,#6112,.T.);
#8457=ORIENTED_EDGE($,*,*,#6115,.F.);
#8458=ORIENTED_EDGE($,*,*,#6003,.F.);
#8459=ORIENTED_EDGE($,*,*,#6118,.T.);
#8460=ORIENTED_EDGE($,*,*,#6119,.T.);
#8461=ORIENTED_EDGE($,*,*,#6120,.T.);
#8462=ORIENTED_EDGE($,*,*,#6059,.T.);
#8463=ORIENTED_EDGE($,*,*,#6121,.F.);
#8464=ORIENTED_EDGE($,*,*,#6122,.F.);
#8465=ORIENTED_EDGE($,*,*,#6123,.T.);
#8466=ORIENTED_EDGE($,*,*,#6124,.F.);
#8467=ORIENTED_EDGE($,*,*,#6125,.F.);
#8468=ORIENTED_EDGE($,*,*,#6126,.F.);
#8469=ORIENTED_EDGE($,*,*,#6127,.F.);
#8470=ORIENTED_EDGE($,*,*,#6128,.F.);
#8471=ORIENTED_EDGE($,*,*,#6129,.F.);
#8472=ORIENTED_EDGE($,*,*,#6130,.F.);
#8473=ORIENTED_EDGE($,*,*,#6131,.F.);
#8474=ORIENTED_EDGE($,*,*,#6132,.F.);
#8475=ORIENTED_EDGE($,*,*,#6133,.F.);
#8476=ORIENTED_EDGE($,*,*,#6134,.F.);
#8477=ORIENTED_EDGE($,*,*,#6135,.F.);
#8478=ORIENTED_EDGE($,*,*,#6124,.T.);
#8479=ORIENTED_EDGE($,*,*,#6136,.T.);
#8480=ORIENTED_EDGE($,*,*,#6130,.T.);
#8481=ORIENTED_EDGE($,*,*,#6137,.T.);
#8482=ORIENTED_EDGE($,*,*,#6138,.F.);
#8483=ORIENTED_EDGE($,*,*,#6139,.T.);
#8484=ORIENTED_EDGE($,*,*,#6122,.T.);
#8485=ORIENTED_EDGE($,*,*,#6140,.F.);
#8486=ORIENTED_EDGE($,*,*,#6141,.T.);
#8487=ORIENTED_EDGE($,*,*,#6142,.T.);
#8488=ORIENTED_EDGE($,*,*,#6132,.T.);
#8489=ORIENTED_EDGE($,*,*,#6143,.F.);
#8490=ORIENTED_EDGE($,*,*,#6144,.F.);
#8491=ORIENTED_EDGE($,*,*,#6145,.F.);
#8492=ORIENTED_EDGE($,*,*,#6146,.F.);
#8493=ORIENTED_EDGE($,*,*,#6147,.T.);
#8494=ORIENTED_EDGE($,*,*,#6148,.T.);
#8495=ORIENTED_EDGE($,*,*,#6149,.T.);
#8496=ORIENTED_EDGE($,*,*,#6150,.T.);
#8497=ORIENTED_EDGE($,*,*,#6146,.T.);
#8498=ORIENTED_EDGE($,*,*,#6151,.F.);
#8499=ORIENTED_EDGE($,*,*,#6148,.F.);
#8500=ORIENTED_EDGE($,*,*,#6152,.T.);
#8501=ORIENTED_EDGE($,*,*,#6109,.F.);
#8502=ORIENTED_EDGE($,*,*,#6106,.T.);
#8503=ORIENTED_EDGE($,*,*,#6153,.T.);
#8504=ORIENTED_EDGE($,*,*,#6154,.T.);
#8505=ORIENTED_EDGE($,*,*,#6155,.T.);
#8506=ORIENTED_EDGE($,*,*,#6156,.T.);
#8507=ORIENTED_EDGE($,*,*,#6157,.T.);
#8508=ORIENTED_EDGE($,*,*,#6113,.F.);
#8509=ORIENTED_EDGE($,*,*,#6158,.T.);
#8510=ORIENTED_EDGE($,*,*,#6147,.F.);
#8511=ORIENTED_EDGE($,*,*,#6159,.F.);
#8512=ORIENTED_EDGE($,*,*,#6154,.F.);
#8513=ORIENTED_EDGE($,*,*,#6159,.T.);
#8514=ORIENTED_EDGE($,*,*,#6150,.F.);
#8515=ORIENTED_EDGE($,*,*,#6160,.F.);
#8516=ORIENTED_EDGE($,*,*,#6155,.F.);
#8517=ORIENTED_EDGE($,*,*,#6161,.T.);
#8518=ORIENTED_EDGE($,*,*,#6162,.T.);
#8519=ORIENTED_EDGE($,*,*,#6163,.T.);
#8520=ORIENTED_EDGE($,*,*,#6164,.T.);
#8521=ORIENTED_EDGE($,*,*,#6165,.T.);
#8522=ORIENTED_EDGE($,*,*,#6166,.F.);
#8523=ORIENTED_EDGE($,*,*,#6164,.F.);
#8524=ORIENTED_EDGE($,*,*,#6167,.T.);
#8525=ORIENTED_EDGE($,*,*,#6019,.F.);
#8526=ORIENTED_EDGE($,*,*,#6012,.T.);
#8527=ORIENTED_EDGE($,*,*,#6168,.F.);
#8528=ORIENTED_EDGE($,*,*,#6165,.F.);
#8529=ORIENTED_EDGE($,*,*,#6169,.T.);
#8530=ORIENTED_EDGE($,*,*,#6170,.F.);
#8531=ORIENTED_EDGE($,*,*,#6047,.T.);
#8532=ORIENTED_EDGE($,*,*,#6055,.T.);
#8533=ORIENTED_EDGE($,*,*,#6120,.F.);
#8534=ORIENTED_EDGE($,*,*,#6139,.F.);
#8535=ORIENTED_EDGE($,*,*,#6131,.T.);
#8536=ORIENTED_EDGE($,*,*,#6171,.F.);
#8537=ORIENTED_EDGE($,*,*,#6162,.F.);
#8538=ORIENTED_EDGE($,*,*,#6172,.F.);
#8539=ORIENTED_EDGE($,*,*,#6173,.T.);
#8540=ORIENTED_EDGE($,*,*,#6174,.T.);
#8541=ORIENTED_EDGE($,*,*,#6175,.F.);
#8542=ORIENTED_EDGE($,*,*,#6176,.F.);
#8543=ORIENTED_EDGE($,*,*,#6177,.T.);
#8544=ORIENTED_EDGE($,*,*,#6175,.T.);
#8545=ORIENTED_EDGE($,*,*,#6178,.T.);
#8546=ORIENTED_EDGE($,*,*,#6179,.F.);
#8547=ORIENTED_EDGE($,*,*,#6126,.T.);
#8548=ORIENTED_EDGE($,*,*,#6180,.T.);
#8549=ORIENTED_EDGE($,*,*,#6181,.T.);
#8550=ORIENTED_EDGE($,*,*,#6168,.T.);
#8551=ORIENTED_EDGE($,*,*,#6011,.T.);
#8552=ORIENTED_EDGE($,*,*,#6182,.T.);
#8553=ORIENTED_EDGE($,*,*,#6172,.T.);
#8554=ORIENTED_EDGE($,*,*,#6161,.F.);
#8555=ORIENTED_EDGE($,*,*,#6166,.T.);
#8556=ORIENTED_EDGE($,*,*,#6183,.T.);
#8557=ORIENTED_EDGE($,*,*,#6176,.T.);
#8558=ORIENTED_EDGE($,*,*,#6184,.T.);
#8559=ORIENTED_EDGE($,*,*,#6185,.F.);
#8560=ORIENTED_EDGE($,*,*,#6186,.T.);
#8561=ORIENTED_EDGE($,*,*,#6084,.F.);
#8562=ORIENTED_EDGE($,*,*,#6187,.F.);
#8563=ORIENTED_EDGE($,*,*,#6143,.T.);
#8564=ORIENTED_EDGE($,*,*,#6187,.T.);
#8565=ORIENTED_EDGE($,*,*,#6087,.F.);
#8566=ORIENTED_EDGE($,*,*,#6188,.F.);
#8567=ORIENTED_EDGE($,*,*,#6144,.T.);
#8568=ORIENTED_EDGE($,*,*,#6056,.F.);
#8569=ORIENTED_EDGE($,*,*,#6049,.T.);
#8570=ORIENTED_EDGE($,*,*,#6189,.F.);
#8571=ORIENTED_EDGE($,*,*,#6133,.T.);
#8572=ORIENTED_EDGE($,*,*,#6142,.F.);
#8573=ORIENTED_EDGE($,*,*,#6190,.T.);
#8574=ORIENTED_EDGE($,*,*,#6189,.T.);
#8575=ORIENTED_EDGE($,*,*,#6048,.T.);
#8576=ORIENTED_EDGE($,*,*,#6170,.T.);
#8577=ORIENTED_EDGE($,*,*,#6134,.T.);
#8578=ORIENTED_EDGE($,*,*,#6090,.T.);
#8579=ORIENTED_EDGE($,*,*,#6191,.T.);
#8580=ORIENTED_EDGE($,*,*,#6100,.F.);
#8581=ORIENTED_EDGE($,*,*,#6192,.F.);
#8582=ORIENTED_EDGE($,*,*,#6080,.T.);
#8583=ORIENTED_EDGE($,*,*,#6193,.T.);
#8584=ORIENTED_EDGE($,*,*,#6094,.F.);
#8585=ORIENTED_EDGE($,*,*,#6194,.F.);
#8586=ORIENTED_EDGE($,*,*,#6091,.T.);
#8587=ORIENTED_EDGE($,*,*,#6192,.T.);
#8588=ORIENTED_EDGE($,*,*,#6103,.F.);
#8589=ORIENTED_EDGE($,*,*,#6195,.F.);
#8590=ORIENTED_EDGE($,*,*,#6081,.T.);
#8591=ORIENTED_EDGE($,*,*,#6194,.T.);
#8592=ORIENTED_EDGE($,*,*,#6097,.F.);
#8593=ORIENTED_EDGE($,*,*,#6196,.F.);
#8594=ORIENTED_EDGE($,*,*,#6197,.F.);
#8595=ORIENTED_EDGE($,*,*,#6072,.T.);
#8596=ORIENTED_EDGE($,*,*,#6198,.T.);
#8597=ORIENTED_EDGE($,*,*,#6079,.T.);
#8598=ORIENTED_EDGE($,*,*,#6199,.F.);
#8599=ORIENTED_EDGE($,*,*,#6062,.T.);
#8600=ORIENTED_EDGE($,*,*,#6200,.T.);
#8601=ORIENTED_EDGE($,*,*,#6069,.T.);
#8602=ORIENTED_EDGE($,*,*,#6201,.F.);
#8603=ORIENTED_EDGE($,*,*,#6035,.T.);
#8604=ORIENTED_EDGE($,*,*,#6075,.T.);
#8605=ORIENTED_EDGE($,*,*,#6198,.F.);
#8606=ORIENTED_EDGE($,*,*,#6071,.T.);
#8607=ORIENTED_EDGE($,*,*,#6043,.T.);
#8608=ORIENTED_EDGE($,*,*,#6202,.F.);
#8609=ORIENTED_EDGE($,*,*,#6039,.T.);
#8610=ORIENTED_EDGE($,*,*,#6065,.T.);
#8611=ORIENTED_EDGE($,*,*,#6200,.F.);
#8612=ORIENTED_EDGE($,*,*,#6061,.T.);
#8613=ORIENTED_EDGE($,*,*,#6051,.T.);
#8614=ORIENTED_EDGE($,*,*,#6076,.F.);
#8615=ORIENTED_EDGE($,*,*,#6037,.T.);
#8616=ORIENTED_EDGE($,*,*,#6203,.F.);
#8617=ORIENTED_EDGE($,*,*,#6045,.T.);
#8618=ORIENTED_EDGE($,*,*,#6070,.F.);
#8619=ORIENTED_EDGE($,*,*,#6204,.T.);
#8620=ORIENTED_EDGE($,*,*,#6066,.F.);
#8621=ORIENTED_EDGE($,*,*,#6041,.T.);
#8622=ORIENTED_EDGE($,*,*,#6205,.F.);
#8623=ORIENTED_EDGE($,*,*,#6053,.T.);
#8624=ORIENTED_EDGE($,*,*,#6060,.F.);
#8625=ORIENTED_EDGE($,*,*,#6206,.T.);
#8626=ORIENTED_EDGE($,*,*,#6203,.T.);
#8627=ORIENTED_EDGE($,*,*,#6036,.T.);
#8628=ORIENTED_EDGE($,*,*,#6201,.T.);
#8629=ORIENTED_EDGE($,*,*,#6046,.T.);
#8630=ORIENTED_EDGE($,*,*,#6205,.T.);
#8631=ORIENTED_EDGE($,*,*,#6040,.T.);
#8632=ORIENTED_EDGE($,*,*,#6202,.T.);
#8633=ORIENTED_EDGE($,*,*,#6054,.T.);
#8634=ORIENTED_EDGE($,*,*,#6207,.F.);
#8635=ORIENTED_EDGE($,*,*,#6016,.T.);
#8636=ORIENTED_EDGE($,*,*,#6023,.T.);
#8637=ORIENTED_EDGE($,*,*,#6208,.T.);
#8638=ORIENTED_EDGE($,*,*,#6137,.F.);
#8639=ORIENTED_EDGE($,*,*,#6129,.T.);
#8640=ORIENTED_EDGE($,*,*,#6024,.T.);
#8641=ORIENTED_EDGE($,*,*,#6014,.T.);
#8642=ORIENTED_EDGE($,*,*,#6209,.F.);
#8643=ORIENTED_EDGE($,*,*,#6127,.T.);
#8644=ORIENTED_EDGE($,*,*,#6136,.F.);
#8645=ORIENTED_EDGE($,*,*,#6123,.F.);
#8646=ORIENTED_EDGE($,*,*,#6179,.T.);
#8647=ORIENTED_EDGE($,*,*,#6210,.T.);
#8648=ORIENTED_EDGE($,*,*,#6173,.F.);
#8649=ORIENTED_EDGE($,*,*,#6182,.F.);
#8650=ORIENTED_EDGE($,*,*,#6010,.T.);
#8651=ORIENTED_EDGE($,*,*,#6018,.F.);
#8652=ORIENTED_EDGE($,*,*,#6030,.F.);
#8653=ORIENTED_EDGE($,*,*,#6209,.T.);
#8654=ORIENTED_EDGE($,*,*,#6017,.T.);
#8655=ORIENTED_EDGE($,*,*,#6207,.T.);
#8656=ORIENTED_EDGE($,*,*,#6128,.T.);
#8657=ORIENTED_EDGE($,*,*,#6211,.T.);
#8658=ORIENTED_EDGE($,*,*,#6212,.T.);
#8659=ORIENTED_EDGE($,*,*,#6213,.F.);
#8660=ORIENTED_EDGE($,*,*,#6214,.T.);
#8661=ORIENTED_EDGE($,*,*,#6215,.T.);
#8662=ORIENTED_EDGE($,*,*,#6216,.F.);
#8663=ORIENTED_EDGE($,*,*,#6217,.T.);
#8664=ORIENTED_EDGE($,*,*,#6218,.T.);
#8665=ORIENTED_EDGE($,*,*,#6219,.T.);
#8666=ORIENTED_EDGE($,*,*,#6220,.F.);
#8667=ORIENTED_EDGE($,*,*,#5982,.T.);
#8668=ORIENTED_EDGE($,*,*,#5986,.T.);
#8669=ORIENTED_EDGE($,*,*,#6031,.T.);
#8670=ORIENTED_EDGE($,*,*,#5974,.F.);
#8671=ORIENTED_EDGE($,*,*,#5969,.T.);
#8672=ORIENTED_EDGE($,*,*,#5977,.T.);
#8673=ORIENTED_EDGE($,*,*,#6033,.T.);
#8674=ORIENTED_EDGE($,*,*,#5997,.F.);
#8675=ORIENTED_EDGE($,*,*,#5992,.T.);
#8676=ORIENTED_EDGE($,*,*,#5999,.T.);
#8677=ORIENTED_EDGE($,*,*,#6221,.F.);
#8678=ORIENTED_EDGE($,*,*,#6008,.F.);
#8679=ORIENTED_EDGE($,*,*,#6114,.T.);
#8680=ORIENTED_EDGE($,*,*,#6157,.F.);
#8681=ORIENTED_EDGE($,*,*,#6222,.T.);
#8682=ORIENTED_EDGE($,*,*,#6223,.T.);
#8683=ORIENTED_EDGE($,*,*,#6224,.T.);
#8684=ORIENTED_EDGE($,*,*,#6225,.F.);
#8685=ORIENTED_EDGE($,*,*,#6226,.T.);
#8686=ORIENTED_EDGE($,*,*,#6227,.T.);
#8687=ORIENTED_EDGE($,*,*,#6228,.T.);
#8688=ORIENTED_EDGE($,*,*,#6229,.T.);
#8689=ORIENTED_EDGE($,*,*,#6211,.F.);
#8690=ORIENTED_EDGE($,*,*,#6156,.F.);
#8691=ORIENTED_EDGE($,*,*,#6160,.T.);
#8692=ORIENTED_EDGE($,*,*,#6149,.F.);
#8693=ORIENTED_EDGE($,*,*,#6151,.T.);
#8694=ORIENTED_EDGE($,*,*,#6145,.T.);
#8695=ORIENTED_EDGE($,*,*,#6188,.T.);
#8696=ORIENTED_EDGE($,*,*,#6086,.F.);
#8697=ORIENTED_EDGE($,*,*,#6088,.T.);
#8698=ORIENTED_EDGE($,*,*,#6082,.T.);
#8699=ORIENTED_EDGE($,*,*,#6196,.T.);
#8700=ORIENTED_EDGE($,*,*,#6096,.F.);
#8701=ORIENTED_EDGE($,*,*,#6098,.T.);
#8702=ORIENTED_EDGE($,*,*,#6092,.T.);
#8703=ORIENTED_EDGE($,*,*,#6195,.T.);
#8704=ORIENTED_EDGE($,*,*,#6102,.F.);
#8705=ORIENTED_EDGE($,*,*,#6230,.T.);
#8706=ORIENTED_EDGE($,*,*,#6231,.T.);
#8707=ORIENTED_EDGE($,*,*,#6232,.T.);
#8708=ORIENTED_EDGE($,*,*,#6233,.T.);
#8709=ORIENTED_EDGE($,*,*,#6234,.F.);
#8710=ORIENTED_EDGE($,*,*,#6235,.T.);
#8711=ORIENTED_EDGE($,*,*,#6230,.F.);
#8712=ORIENTED_EDGE($,*,*,#6236,.T.);
#8713=ORIENTED_EDGE($,*,*,#6237,.F.);
#8714=ORIENTED_EDGE($,*,*,#6238,.T.);
#8715=ORIENTED_EDGE($,*,*,#6232,.F.);
#8716=ORIENTED_EDGE($,*,*,#6239,.T.);
#8717=ORIENTED_EDGE($,*,*,#6240,.F.);
#8718=ORIENTED_EDGE($,*,*,#6241,.T.);
#8719=ORIENTED_EDGE($,*,*,#6242,.T.);
#8720=ORIENTED_EDGE($,*,*,#6243,.T.);
#8721=ORIENTED_EDGE($,*,*,#6244,.F.);
#8722=ORIENTED_EDGE($,*,*,#6245,.T.);
#8723=ORIENTED_EDGE($,*,*,#6246,.T.);
#8724=ORIENTED_EDGE($,*,*,#6247,.F.);
#8725=ORIENTED_EDGE($,*,*,#6248,.F.);
#8726=ORIENTED_EDGE($,*,*,#6249,.T.);
#8727=ORIENTED_EDGE($,*,*,#6250,.T.);
#8728=ORIENTED_EDGE($,*,*,#6244,.T.);
#8729=ORIENTED_EDGE($,*,*,#6251,.T.);
#8730=ORIENTED_EDGE($,*,*,#6252,.T.);
#8731=ORIENTED_EDGE($,*,*,#6253,.F.);
#8732=ORIENTED_EDGE($,*,*,#6254,.F.);
#8733=ORIENTED_EDGE($,*,*,#6255,.T.);
#8734=ORIENTED_EDGE($,*,*,#6252,.F.);
#8735=ORIENTED_EDGE($,*,*,#6256,.T.);
#8736=ORIENTED_EDGE($,*,*,#6257,.T.);
#8737=ORIENTED_EDGE($,*,*,#6258,.T.);
#8738=ORIENTED_EDGE($,*,*,#6259,.F.);
#8739=ORIENTED_EDGE($,*,*,#6260,.F.);
#8740=ORIENTED_EDGE($,*,*,#6261,.T.);
#8741=ORIENTED_EDGE($,*,*,#6248,.T.);
#8742=ORIENTED_EDGE($,*,*,#6262,.F.);
#8743=ORIENTED_EDGE($,*,*,#6263,.T.);
#8744=ORIENTED_EDGE($,*,*,#6264,.T.);
#8745=ORIENTED_EDGE($,*,*,#6265,.T.);
#8746=ORIENTED_EDGE($,*,*,#6228,.F.);
#8747=ORIENTED_EDGE($,*,*,#6266,.T.);
#8748=ORIENTED_EDGE($,*,*,#6267,.T.);
#8749=ORIENTED_EDGE($,*,*,#6268,.T.);
#8750=ORIENTED_EDGE($,*,*,#6264,.F.);
#8751=ORIENTED_EDGE($,*,*,#6269,.F.);
#8752=ORIENTED_EDGE($,*,*,#6270,.F.);
#8753=ORIENTED_EDGE($,*,*,#6271,.F.);
#8754=ORIENTED_EDGE($,*,*,#6272,.F.);
#8755=ORIENTED_EDGE($,*,*,#6273,.F.);
#8756=ORIENTED_EDGE($,*,*,#6269,.T.);
#8757=ORIENTED_EDGE($,*,*,#6274,.T.);
#8758=ORIENTED_EDGE($,*,*,#6275,.F.);
#8759=ORIENTED_EDGE($,*,*,#6276,.F.);
#8760=ORIENTED_EDGE($,*,*,#6262,.T.);
#8761=ORIENTED_EDGE($,*,*,#6247,.T.);
#8762=ORIENTED_EDGE($,*,*,#6277,.T.);
#8763=ORIENTED_EDGE($,*,*,#6255,.F.);
#8764=ORIENTED_EDGE($,*,*,#6278,.F.);
#8765=ORIENTED_EDGE($,*,*,#6279,.T.);
#8766=ORIENTED_EDGE($,*,*,#6275,.T.);
#8767=ORIENTED_EDGE($,*,*,#6280,.T.);
#8768=ORIENTED_EDGE($,*,*,#6245,.F.);
#8769=ORIENTED_EDGE($,*,*,#6259,.T.);
#8770=ORIENTED_EDGE($,*,*,#6281,.F.);
#8771=ORIENTED_EDGE($,*,*,#6282,.F.);
#8772=ORIENTED_EDGE($,*,*,#6253,.T.);
#8773=ORIENTED_EDGE($,*,*,#6278,.T.);
#8774=ORIENTED_EDGE($,*,*,#6254,.T.);
#8775=ORIENTED_EDGE($,*,*,#6282,.T.);
#8776=ORIENTED_EDGE($,*,*,#6283,.T.);
#8777=ORIENTED_EDGE($,*,*,#6284,.F.);
#8778=ORIENTED_EDGE($,*,*,#6285,.T.);
#8779=ORIENTED_EDGE($,*,*,#6286,.F.);
#8780=ORIENTED_EDGE($,*,*,#6287,.T.);
#8781=ORIENTED_EDGE($,*,*,#6212,.F.);
#8782=ORIENTED_EDGE($,*,*,#6229,.F.);
#8783=ORIENTED_EDGE($,*,*,#6265,.F.);
#8784=ORIENTED_EDGE($,*,*,#6268,.F.);
#8785=ORIENTED_EDGE($,*,*,#6288,.F.);
#8786=ORIENTED_EDGE($,*,*,#6289,.F.);
#8787=ORIENTED_EDGE($,*,*,#6290,.T.);
#8788=ORIENTED_EDGE($,*,*,#6291,.T.);
#8789=ORIENTED_EDGE($,*,*,#6292,.T.);
#8790=ORIENTED_EDGE($,*,*,#6290,.F.);
#8791=ORIENTED_EDGE($,*,*,#6293,.F.);
#8792=ORIENTED_EDGE($,*,*,#6294,.T.);
#8793=ORIENTED_EDGE($,*,*,#6213,.T.);
#8794=ORIENTED_EDGE($,*,*,#6287,.F.);
#8795=ORIENTED_EDGE($,*,*,#6295,.F.);
#8796=ORIENTED_EDGE($,*,*,#6296,.T.);
#8797=ORIENTED_EDGE($,*,*,#6297,.T.);
#8798=ORIENTED_EDGE($,*,*,#6296,.F.);
#8799=ORIENTED_EDGE($,*,*,#6298,.F.);
#8800=ORIENTED_EDGE($,*,*,#6299,.T.);
#8801=ORIENTED_EDGE($,*,*,#6300,.T.);
#8802=ORIENTED_EDGE($,*,*,#6286,.T.);
#8803=ORIENTED_EDGE($,*,*,#6301,.T.);
#8804=ORIENTED_EDGE($,*,*,#6298,.T.);
#8805=ORIENTED_EDGE($,*,*,#6295,.T.);
#8806=ORIENTED_EDGE($,*,*,#6285,.F.);
#8807=ORIENTED_EDGE($,*,*,#6302,.F.);
#8808=ORIENTED_EDGE($,*,*,#6299,.F.);
#8809=ORIENTED_EDGE($,*,*,#6301,.F.);
#8810=ORIENTED_EDGE($,*,*,#6303,.T.);
#8811=ORIENTED_EDGE($,*,*,#6226,.F.);
#8812=ORIENTED_EDGE($,*,*,#6304,.F.);
#8813=ORIENTED_EDGE($,*,*,#6305,.T.);
#8814=ORIENTED_EDGE($,*,*,#6266,.F.);
#8815=ORIENTED_EDGE($,*,*,#6263,.F.);
#8816=ORIENTED_EDGE($,*,*,#6227,.F.);
#8817=ORIENTED_EDGE($,*,*,#6303,.F.);
#8818=ORIENTED_EDGE($,*,*,#6237,.T.);
#8819=ORIENTED_EDGE($,*,*,#6306,.T.);
#8820=ORIENTED_EDGE($,*,*,#6249,.F.);
#8821=ORIENTED_EDGE($,*,*,#6261,.F.);
#8822=ORIENTED_EDGE($,*,*,#6307,.F.);
#8823=ORIENTED_EDGE($,*,*,#6308,.T.);
#8824=ORIENTED_EDGE($,*,*,#6250,.F.);
#8825=ORIENTED_EDGE($,*,*,#6306,.F.);
#8826=ORIENTED_EDGE($,*,*,#6236,.F.);
#8827=ORIENTED_EDGE($,*,*,#6233,.F.);
#8828=ORIENTED_EDGE($,*,*,#6309,.F.);
#8829=ORIENTED_EDGE($,*,*,#6215,.F.);
#8830=ORIENTED_EDGE($,*,*,#6310,.T.);
#8831=ORIENTED_EDGE($,*,*,#6311,.F.);
#8832=ORIENTED_EDGE($,*,*,#6312,.T.);
#8833=ORIENTED_EDGE($,*,*,#6241,.F.);
#8834=ORIENTED_EDGE($,*,*,#6313,.F.);
#8835=ORIENTED_EDGE($,*,*,#6314,.T.);
#8836=ORIENTED_EDGE($,*,*,#6315,.T.);
#8837=ORIENTED_EDGE($,*,*,#6314,.F.);
#8838=ORIENTED_EDGE($,*,*,#6316,.F.);
#8839=ORIENTED_EDGE($,*,*,#6317,.T.);
#8840=ORIENTED_EDGE($,*,*,#6240,.T.);
#8841=ORIENTED_EDGE($,*,*,#6318,.T.);
#8842=ORIENTED_EDGE($,*,*,#6234,.T.);
#8843=ORIENTED_EDGE($,*,*,#6319,.T.);
#8844=ORIENTED_EDGE($,*,*,#6316,.T.);
#8845=ORIENTED_EDGE($,*,*,#6313,.T.);
#8846=ORIENTED_EDGE($,*,*,#6257,.F.);
#8847=ORIENTED_EDGE($,*,*,#6320,.T.);
#8848=ORIENTED_EDGE($,*,*,#6242,.F.);
#8849=ORIENTED_EDGE($,*,*,#6312,.F.);
#8850=ORIENTED_EDGE($,*,*,#6315,.F.);
#8851=ORIENTED_EDGE($,*,*,#6321,.F.);
#8852=ORIENTED_EDGE($,*,*,#6239,.F.);
#8853=ORIENTED_EDGE($,*,*,#6231,.F.);
#8854=ORIENTED_EDGE($,*,*,#6235,.F.);
#8855=ORIENTED_EDGE($,*,*,#6318,.F.);
#8856=ORIENTED_EDGE($,*,*,#6243,.F.);
#8857=ORIENTED_EDGE($,*,*,#6320,.F.);
#8858=ORIENTED_EDGE($,*,*,#6256,.F.);
#8859=ORIENTED_EDGE($,*,*,#6251,.F.);
#8860=ORIENTED_EDGE($,*,*,#6322,.T.);
#8861=ORIENTED_EDGE($,*,*,#6323,.T.);
#8862=ORIENTED_EDGE($,*,*,#6324,.T.);
#8863=ORIENTED_EDGE($,*,*,#6216,.T.);
#8864=ORIENTED_EDGE($,*,*,#6309,.T.);
#8865=ORIENTED_EDGE($,*,*,#6325,.T.);
#8866=ORIENTED_EDGE($,*,*,#6293,.T.);
#8867=ORIENTED_EDGE($,*,*,#6289,.T.);
#8868=ORIENTED_EDGE($,*,*,#6326,.F.);
#8869=ORIENTED_EDGE($,*,*,#6327,.T.);
#8870=ORIENTED_EDGE($,*,*,#6310,.F.);
#8871=ORIENTED_EDGE($,*,*,#6214,.F.);
#8872=ORIENTED_EDGE($,*,*,#6294,.F.);
#8873=ORIENTED_EDGE($,*,*,#6325,.F.);
#8874=ORIENTED_EDGE($,*,*,#6328,.T.);
#8875=ORIENTED_EDGE($,*,*,#6329,.T.);
#8876=ORIENTED_EDGE($,*,*,#6330,.F.);
#8877=ORIENTED_EDGE($,*,*,#6331,.F.);
#8878=ORIENTED_EDGE($,*,*,#6332,.T.);
#8879=ORIENTED_EDGE($,*,*,#6333,.T.);
#8880=ORIENTED_EDGE($,*,*,#5983,.T.);
#8881=ORIENTED_EDGE($,*,*,#6220,.T.);
#8882=ORIENTED_EDGE($,*,*,#6334,.T.);
#8883=ORIENTED_EDGE($,*,*,#6335,.T.);
#8884=ORIENTED_EDGE($,*,*,#5989,.T.);
#8885=ORIENTED_EDGE($,*,*,#6336,.T.);
#8886=ORIENTED_EDGE($,*,*,#6337,.T.);
#8887=ORIENTED_EDGE($,*,*,#6217,.F.);
#8888=ORIENTED_EDGE($,*,*,#6324,.F.);
#8889=ORIENTED_EDGE($,*,*,#6338,.F.);
#8890=ORIENTED_EDGE($,*,*,#6218,.F.);
#8891=ORIENTED_EDGE($,*,*,#6337,.F.);
#8892=ORIENTED_EDGE($,*,*,#6339,.F.);
#8893=ORIENTED_EDGE($,*,*,#6340,.F.);
#8894=ORIENTED_EDGE($,*,*,#6341,.F.);
#8895=ORIENTED_EDGE($,*,*,#6339,.T.);
#8896=ORIENTED_EDGE($,*,*,#6336,.F.);
#8897=ORIENTED_EDGE($,*,*,#6323,.F.);
#8898=ORIENTED_EDGE($,*,*,#6334,.F.);
#8899=ORIENTED_EDGE($,*,*,#6219,.F.);
#8900=ORIENTED_EDGE($,*,*,#6338,.T.);
#8901=ORIENTED_EDGE($,*,*,#6342,.F.);
#8902=ORIENTED_EDGE($,*,*,#6343,.F.);
#8903=ORIENTED_EDGE($,*,*,#6344,.F.);
#8904=ORIENTED_EDGE($,*,*,#6345,.F.);
#8905=ORIENTED_EDGE($,*,*,#6332,.F.);
#8906=ORIENTED_EDGE($,*,*,#6346,.F.);
#8907=ORIENTED_EDGE($,*,*,#6347,.F.);
#8908=ORIENTED_EDGE($,*,*,#6348,.F.);
#8909=ORIENTED_EDGE($,*,*,#6349,.F.);
#8910=ORIENTED_EDGE($,*,*,#6350,.T.);
#8911=ORIENTED_EDGE($,*,*,#6347,.T.);
#8912=ORIENTED_EDGE($,*,*,#6351,.F.);
#8913=ORIENTED_EDGE($,*,*,#6352,.F.);
#8914=ORIENTED_EDGE($,*,*,#6353,.F.);
#8915=ORIENTED_EDGE($,*,*,#6354,.T.);
#8916=ORIENTED_EDGE($,*,*,#6225,.T.);
#8917=ORIENTED_EDGE($,*,*,#6355,.T.);
#8918=ORIENTED_EDGE($,*,*,#6356,.T.);
#8919=ORIENTED_EDGE($,*,*,#6304,.T.);
#8920=ORIENTED_EDGE($,*,*,#6357,.F.);
#8921=ORIENTED_EDGE($,*,*,#6358,.F.);
#8922=ORIENTED_EDGE($,*,*,#6223,.F.);
#8923=ORIENTED_EDGE($,*,*,#6359,.F.);
#8924=ORIENTED_EDGE($,*,*,#6360,.T.);
#8925=ORIENTED_EDGE($,*,*,#6359,.T.);
#8926=ORIENTED_EDGE($,*,*,#6222,.F.);
#8927=ORIENTED_EDGE($,*,*,#6101,.F.);
#8928=ORIENTED_EDGE($,*,*,#6357,.T.);
#8929=ORIENTED_EDGE($,*,*,#6361,.T.);
#8930=ORIENTED_EDGE($,*,*,#6356,.F.);
#8931=ORIENTED_EDGE($,*,*,#6362,.F.);
#8932=ORIENTED_EDGE($,*,*,#6358,.T.);
#8933=ORIENTED_EDGE($,*,*,#6362,.T.);
#8934=ORIENTED_EDGE($,*,*,#6355,.F.);
#8935=ORIENTED_EDGE($,*,*,#6224,.F.);
#8936=ORIENTED_EDGE($,*,*,#6363,.F.);
#8937=ORIENTED_EDGE($,*,*,#6352,.T.);
#8938=ORIENTED_EDGE($,*,*,#6364,.T.);
#8939=ORIENTED_EDGE($,*,*,#6330,.T.);
#8940=ORIENTED_EDGE($,*,*,#6365,.F.);
#8941=ORIENTED_EDGE($,*,*,#6343,.T.);
#8942=ORIENTED_EDGE($,*,*,#6331,.T.);
#8943=ORIENTED_EDGE($,*,*,#6364,.F.);
#8944=ORIENTED_EDGE($,*,*,#6351,.T.);
#8945=ORIENTED_EDGE($,*,*,#6346,.T.);
#8946=ORIENTED_EDGE($,*,*,#6333,.F.);
#8947=ORIENTED_EDGE($,*,*,#6345,.T.);
#8948=ORIENTED_EDGE($,*,*,#6366,.F.);
#8949=ORIENTED_EDGE($,*,*,#6348,.T.);
#8950=ORIENTED_EDGE($,*,*,#6350,.F.);
#8951=ORIENTED_EDGE($,*,*,#6367,.T.);
#8952=ORIENTED_EDGE($,*,*,#6366,.T.);
#8953=ORIENTED_EDGE($,*,*,#6344,.T.);
#8954=ORIENTED_EDGE($,*,*,#6365,.T.);
#8955=ORIENTED_EDGE($,*,*,#6349,.T.);
#8956=ORIENTED_EDGE($,*,*,#6335,.F.);
#8957=ORIENTED_EDGE($,*,*,#6342,.T.);
#8958=ORIENTED_EDGE($,*,*,#6340,.T.);
#8959=ORIENTED_EDGE($,*,*,#6341,.T.);
#8960=ORIENTED_EDGE($,*,*,#6322,.F.);
#8961=ORIENTED_EDGE($,*,*,#6311,.T.);
#8962=ORIENTED_EDGE($,*,*,#6327,.F.);
#8963=ORIENTED_EDGE($,*,*,#6326,.T.);
#8964=ORIENTED_EDGE($,*,*,#6288,.T.);
#8965=ORIENTED_EDGE($,*,*,#6368,.F.);
#8966=ORIENTED_EDGE($,*,*,#6118,.F.);
#8967=ORIENTED_EDGE($,*,*,#6006,.T.);
#8968=ORIENTED_EDGE($,*,*,#6009,.T.);
#8969=ORIENTED_EDGE($,*,*,#6221,.T.);
#8970=ORIENTED_EDGE($,*,*,#6001,.T.);
#8971=ORIENTED_EDGE($,*,*,#6002,.T.);
#8972=ORIENTED_EDGE($,*,*,#5995,.F.);
#8973=ORIENTED_EDGE($,*,*,#6034,.T.);
#8974=ORIENTED_EDGE($,*,*,#5979,.T.);
#8975=ORIENTED_EDGE($,*,*,#5980,.T.);
#8976=ORIENTED_EDGE($,*,*,#5972,.F.);
#8977=ORIENTED_EDGE($,*,*,#6032,.T.);
#8978=ORIENTED_EDGE($,*,*,#5988,.T.);
#8979=ORIENTED_EDGE($,*,*,#5990,.T.);
#8980=ORIENTED_EDGE($,*,*,#6368,.T.);
#8981=ORIENTED_EDGE($,*,*,#6291,.F.);
#8982=ORIENTED_EDGE($,*,*,#6292,.F.);
#8983=ORIENTED_EDGE($,*,*,#6297,.F.);
#8984=ORIENTED_EDGE($,*,*,#6369,.T.);
#8985=ORIENTED_EDGE($,*,*,#6271,.T.);
#8986=ORIENTED_EDGE($,*,*,#6370,.T.);
#8987=ORIENTED_EDGE($,*,*,#6185,.T.);
#8988=ORIENTED_EDGE($,*,*,#6371,.T.);
#8989=ORIENTED_EDGE($,*,*,#6116,.F.);
#8990=ORIENTED_EDGE($,*,*,#6111,.F.);
#8991=ORIENTED_EDGE($,*,*,#6119,.F.);
#8992=ORIENTED_EDGE($,*,*,#6370,.F.);
#8993=ORIENTED_EDGE($,*,*,#6270,.T.);
#8994=ORIENTED_EDGE($,*,*,#6273,.T.);
#8995=ORIENTED_EDGE($,*,*,#6279,.F.);
#8996=ORIENTED_EDGE($,*,*,#6283,.F.);
#8997=ORIENTED_EDGE($,*,*,#6281,.T.);
#8998=ORIENTED_EDGE($,*,*,#6258,.F.);
#8999=ORIENTED_EDGE($,*,*,#6321,.T.);
#9000=ORIENTED_EDGE($,*,*,#6317,.F.);
#9001=ORIENTED_EDGE($,*,*,#6319,.F.);
#9002=ORIENTED_EDGE($,*,*,#6238,.F.);
#9003=ORIENTED_EDGE($,*,*,#6308,.F.);
#9004=ORIENTED_EDGE($,*,*,#6372,.F.);
#9005=ORIENTED_EDGE($,*,*,#6328,.F.);
#9006=ORIENTED_EDGE($,*,*,#6367,.F.);
#9007=ORIENTED_EDGE($,*,*,#6354,.F.);
#9008=ORIENTED_EDGE($,*,*,#6373,.F.);
#9009=ORIENTED_EDGE($,*,*,#6077,.T.);
#9010=ORIENTED_EDGE($,*,*,#6204,.F.);
#9011=ORIENTED_EDGE($,*,*,#6074,.F.);
#9012=ORIENTED_EDGE($,*,*,#6374,.F.);
#9013=ORIENTED_EDGE($,*,*,#6067,.T.);
#9014=ORIENTED_EDGE($,*,*,#6206,.F.);
#9015=ORIENTED_EDGE($,*,*,#6064,.F.);
#9016=ORIENTED_EDGE($,*,*,#6375,.F.);
#9017=ORIENTED_EDGE($,*,*,#6057,.T.);
#9018=ORIENTED_EDGE($,*,*,#6190,.F.);
#9019=ORIENTED_EDGE($,*,*,#6141,.F.);
#9020=ORIENTED_EDGE($,*,*,#6376,.F.);
#9021=ORIENTED_EDGE($,*,*,#6138,.T.);
#9022=ORIENTED_EDGE($,*,*,#6208,.F.);
#9023=ORIENTED_EDGE($,*,*,#6027,.T.);
#9024=ORIENTED_EDGE($,*,*,#6028,.T.);
#9025=ORIENTED_EDGE($,*,*,#6020,.F.);
#9026=ORIENTED_EDGE($,*,*,#6169,.F.);
#9027=ORIENTED_EDGE($,*,*,#6167,.F.);
#9028=ORIENTED_EDGE($,*,*,#6163,.F.);
#9029=ORIENTED_EDGE($,*,*,#6171,.T.);
#9030=ORIENTED_EDGE($,*,*,#6177,.F.);
#9031=ORIENTED_EDGE($,*,*,#6183,.F.);
#9032=ORIENTED_EDGE($,*,*,#6373,.T.);
#9033=ORIENTED_EDGE($,*,*,#6353,.T.);
#9034=ORIENTED_EDGE($,*,*,#6363,.T.);
#9035=ORIENTED_EDGE($,*,*,#6329,.F.);
#9036=ORIENTED_EDGE($,*,*,#6372,.T.);
#9037=ORIENTED_EDGE($,*,*,#6307,.T.);
#9038=ORIENTED_EDGE($,*,*,#6260,.T.);
#9039=ORIENTED_EDGE($,*,*,#6276,.T.);
#9040=ORIENTED_EDGE($,*,*,#6377,.T.);
#9041=ORIENTED_EDGE($,*,*,#6180,.F.);
#9042=ORIENTED_EDGE($,*,*,#6125,.T.);
#9043=ORIENTED_EDGE($,*,*,#6135,.T.);
#9044=ORIENTED_EDGE($,*,*,#6376,.T.);
#9045=ORIENTED_EDGE($,*,*,#6140,.T.);
#9046=ORIENTED_EDGE($,*,*,#6121,.T.);
#9047=ORIENTED_EDGE($,*,*,#6058,.T.);
#9048=ORIENTED_EDGE($,*,*,#6375,.T.);
#9049=ORIENTED_EDGE($,*,*,#6063,.T.);
#9050=ORIENTED_EDGE($,*,*,#6199,.T.);
#9051=ORIENTED_EDGE($,*,*,#6068,.T.);
#9052=ORIENTED_EDGE($,*,*,#6374,.T.);
#9053=ORIENTED_EDGE($,*,*,#6073,.T.);
#9054=ORIENTED_EDGE($,*,*,#6197,.T.);
#9055=ORIENTED_EDGE($,*,*,#6078,.T.);
#9056=ORIENTED_EDGE($,*,*,#6377,.F.);
#9057=ORIENTED_EDGE($,*,*,#6277,.F.);
#9058=ORIENTED_EDGE($,*,*,#6246,.F.);
#9059=ORIENTED_EDGE($,*,*,#6280,.F.);
#9060=ORIENTED_EDGE($,*,*,#6274,.F.);
#9061=ORIENTED_EDGE($,*,*,#6272,.T.);
#9062=ORIENTED_EDGE($,*,*,#6369,.F.);
#9063=ORIENTED_EDGE($,*,*,#6300,.F.);
#9064=ORIENTED_EDGE($,*,*,#6302,.T.);
#9065=ORIENTED_EDGE($,*,*,#6284,.T.);
#9066=ORIENTED_EDGE($,*,*,#6267,.F.);
#9067=ORIENTED_EDGE($,*,*,#6305,.F.);
#9068=ORIENTED_EDGE($,*,*,#6361,.F.);
#9069=ORIENTED_EDGE($,*,*,#6360,.F.);
#9070=ORIENTED_EDGE($,*,*,#6191,.F.);
#9071=ORIENTED_EDGE($,*,*,#6099,.F.);
#9072=ORIENTED_EDGE($,*,*,#6193,.F.);
#9073=ORIENTED_EDGE($,*,*,#6089,.F.);
#9074=ORIENTED_EDGE($,*,*,#6186,.F.);
#9075=ORIENTED_EDGE($,*,*,#6152,.F.);
#9076=ORIENTED_EDGE($,*,*,#6158,.F.);
#9077=ORIENTED_EDGE($,*,*,#6153,.F.);
#9078=ORIENTED_EDGE($,*,*,#6105,.T.);
#9079=ORIENTED_EDGE($,*,*,#6117,.T.);
#9080=ORIENTED_EDGE($,*,*,#6371,.F.);
#9081=ORIENTED_EDGE($,*,*,#6184,.F.);
#9082=ORIENTED_EDGE($,*,*,#6178,.F.);
#9083=ORIENTED_EDGE($,*,*,#6174,.F.);
#9084=ORIENTED_EDGE($,*,*,#6210,.F.);
#9085=ORIENTED_EDGE($,*,*,#6181,.F.);
#9086=ORIENTED_EDGE($,*,*,#6378,.T.);
#9087=ORIENTED_EDGE($,*,*,#6379,.T.);
#9088=ORIENTED_EDGE($,*,*,#6380,.F.);
#9089=ORIENTED_EDGE($,*,*,#6381,.F.);
#9090=ORIENTED_EDGE($,*,*,#6382,.T.);
#9091=ORIENTED_EDGE($,*,*,#6383,.T.);
#9092=ORIENTED_EDGE($,*,*,#6384,.T.);
#9093=ORIENTED_EDGE($,*,*,#6385,.T.);
#9094=ORIENTED_EDGE($,*,*,#6386,.T.);
#9095=ORIENTED_EDGE($,*,*,#6387,.T.);
#9096=ORIENTED_EDGE($,*,*,#6388,.F.);
#9097=ORIENTED_EDGE($,*,*,#6389,.T.);
#9098=ORIENTED_EDGE($,*,*,#6390,.T.);
#9099=ORIENTED_EDGE($,*,*,#6380,.T.);
#9100=ORIENTED_EDGE($,*,*,#6391,.T.);
#9101=ORIENTED_EDGE($,*,*,#6392,.F.);
#9102=ORIENTED_EDGE($,*,*,#6393,.F.);
#9103=ORIENTED_EDGE($,*,*,#6390,.F.);
#9104=ORIENTED_EDGE($,*,*,#6394,.F.);
#9105=ORIENTED_EDGE($,*,*,#6395,.T.);
#9106=ORIENTED_EDGE($,*,*,#6396,.T.);
#9107=ORIENTED_EDGE($,*,*,#6397,.F.);
#9108=ORIENTED_EDGE($,*,*,#6398,.T.);
#9109=ORIENTED_EDGE($,*,*,#6399,.T.);
#9110=ORIENTED_EDGE($,*,*,#6383,.F.);
#9111=ORIENTED_EDGE($,*,*,#6400,.T.);
#9112=ORIENTED_EDGE($,*,*,#6401,.T.);
#9113=ORIENTED_EDGE($,*,*,#6394,.T.);
#9114=ORIENTED_EDGE($,*,*,#6389,.F.);
#9115=ORIENTED_EDGE($,*,*,#6384,.F.);
#9116=ORIENTED_EDGE($,*,*,#6399,.F.);
#9117=ORIENTED_EDGE($,*,*,#6402,.F.);
#9118=ORIENTED_EDGE($,*,*,#6403,.F.);
#9119=ORIENTED_EDGE($,*,*,#6404,.T.);
#9120=ORIENTED_EDGE($,*,*,#6405,.T.);
#9121=ORIENTED_EDGE($,*,*,#6406,.F.);
#9122=ORIENTED_EDGE($,*,*,#6407,.T.);
#9123=ORIENTED_EDGE($,*,*,#6408,.T.);
#9124=ORIENTED_EDGE($,*,*,#6409,.F.);
#9125=ORIENTED_EDGE($,*,*,#6410,.T.);
#9126=ORIENTED_EDGE($,*,*,#6411,.T.);
#9127=ORIENTED_EDGE($,*,*,#6403,.T.);
#9128=ORIENTED_EDGE($,*,*,#6412,.F.);
#9129=ORIENTED_EDGE($,*,*,#6413,.F.);
#9130=ORIENTED_EDGE($,*,*,#6408,.F.);
#9131=ORIENTED_EDGE($,*,*,#6414,.F.);
#9132=ORIENTED_EDGE($,*,*,#6415,.F.);
#9133=ORIENTED_EDGE($,*,*,#6416,.T.);
#9134=ORIENTED_EDGE($,*,*,#6417,.T.);
#9135=ORIENTED_EDGE($,*,*,#6418,.F.);
#9136=ORIENTED_EDGE($,*,*,#6419,.T.);
#9137=ORIENTED_EDGE($,*,*,#6420,.T.);
#9138=ORIENTED_EDGE($,*,*,#6421,.F.);
#9139=ORIENTED_EDGE($,*,*,#6422,.T.);
#9140=ORIENTED_EDGE($,*,*,#6423,.T.);
#9141=ORIENTED_EDGE($,*,*,#6415,.T.);
#9142=ORIENTED_EDGE($,*,*,#6424,.F.);
#9143=ORIENTED_EDGE($,*,*,#6425,.F.);
#9144=ORIENTED_EDGE($,*,*,#6420,.F.);
#9145=ORIENTED_EDGE($,*,*,#6426,.F.);
#9146=ORIENTED_EDGE($,*,*,#6427,.F.);
#9147=ORIENTED_EDGE($,*,*,#6428,.T.);
#9148=ORIENTED_EDGE($,*,*,#6429,.F.);
#9149=ORIENTED_EDGE($,*,*,#6430,.T.);
#9150=ORIENTED_EDGE($,*,*,#6431,.T.);
#9151=ORIENTED_EDGE($,*,*,#6432,.F.);
#9152=ORIENTED_EDGE($,*,*,#6433,.F.);
#9153=ORIENTED_EDGE($,*,*,#6428,.F.);
#9154=ORIENTED_EDGE($,*,*,#6434,.F.);
#9155=ORIENTED_EDGE($,*,*,#6435,.F.);
#9156=ORIENTED_EDGE($,*,*,#6436,.F.);
#9157=ORIENTED_EDGE($,*,*,#6437,.F.);
#9158=ORIENTED_EDGE($,*,*,#6438,.F.);
#9159=ORIENTED_EDGE($,*,*,#6439,.T.);
#9160=ORIENTED_EDGE($,*,*,#6437,.T.);
#9161=ORIENTED_EDGE($,*,*,#6440,.F.);
#9162=ORIENTED_EDGE($,*,*,#6441,.T.);
#9163=ORIENTED_EDGE($,*,*,#6442,.T.);
#9164=ORIENTED_EDGE($,*,*,#6443,.F.);
#9165=ORIENTED_EDGE($,*,*,#6444,.F.);
#9166=ORIENTED_EDGE($,*,*,#6445,.T.);
#9167=ORIENTED_EDGE($,*,*,#6446,.T.);
#9168=ORIENTED_EDGE($,*,*,#6441,.F.);
#9169=ORIENTED_EDGE($,*,*,#6447,.F.);
#9170=ORIENTED_EDGE($,*,*,#6443,.T.);
#9171=ORIENTED_EDGE($,*,*,#6448,.T.);
#9172=ORIENTED_EDGE($,*,*,#6449,.T.);
#9173=ORIENTED_EDGE($,*,*,#6392,.T.);
#9174=ORIENTED_EDGE($,*,*,#6450,.T.);
#9175=ORIENTED_EDGE($,*,*,#6451,.F.);
#9176=ORIENTED_EDGE($,*,*,#6452,.F.);
#9177=ORIENTED_EDGE($,*,*,#6453,.F.);
#9178=ORIENTED_EDGE($,*,*,#6454,.T.);
#9179=ORIENTED_EDGE($,*,*,#6452,.T.);
#9180=ORIENTED_EDGE($,*,*,#6455,.F.);
#9181=ORIENTED_EDGE($,*,*,#6440,.T.);
#9182=ORIENTED_EDGE($,*,*,#6436,.T.);
#9183=ORIENTED_EDGE($,*,*,#6456,.F.);
#9184=ORIENTED_EDGE($,*,*,#6457,.T.);
#9185=ORIENTED_EDGE($,*,*,#6458,.T.);
#9186=ORIENTED_EDGE($,*,*,#6459,.F.);
#9187=ORIENTED_EDGE($,*,*,#6444,.T.);
#9188=ORIENTED_EDGE($,*,*,#6447,.T.);
#9189=ORIENTED_EDGE($,*,*,#6460,.F.);
#9190=ORIENTED_EDGE($,*,*,#6458,.F.);
#9191=ORIENTED_EDGE($,*,*,#6461,.T.);
#9192=ORIENTED_EDGE($,*,*,#6448,.F.);
#9193=ORIENTED_EDGE($,*,*,#6454,.F.);
#9194=ORIENTED_EDGE($,*,*,#6462,.T.);
#9195=ORIENTED_EDGE($,*,*,#6463,.F.);
#9196=ORIENTED_EDGE($,*,*,#6462,.F.);
#9197=ORIENTED_EDGE($,*,*,#6453,.T.);
#9198=ORIENTED_EDGE($,*,*,#6464,.T.);
#9199=ORIENTED_EDGE($,*,*,#6465,.F.);
#9200=ORIENTED_EDGE($,*,*,#6466,.T.);
#9201=ORIENTED_EDGE($,*,*,#6467,.T.);
#9202=ORIENTED_EDGE($,*,*,#6456,.T.);
#9203=ORIENTED_EDGE($,*,*,#6435,.T.);
#9204=ORIENTED_EDGE($,*,*,#6467,.F.);
#9205=ORIENTED_EDGE($,*,*,#6468,.T.);
#9206=ORIENTED_EDGE($,*,*,#6469,.T.);
#9207=ORIENTED_EDGE($,*,*,#6430,.F.);
#9208=ORIENTED_EDGE($,*,*,#6427,.T.);
#9209=ORIENTED_EDGE($,*,*,#6439,.F.);
#9210=ORIENTED_EDGE($,*,*,#6446,.F.);
#9211=ORIENTED_EDGE($,*,*,#6442,.F.);
#9212=ORIENTED_EDGE($,*,*,#6470,.F.);
#9213=ORIENTED_EDGE($,*,*,#6471,.F.);
#9214=ORIENTED_EDGE($,*,*,#6472,.F.);
#9215=ORIENTED_EDGE($,*,*,#6400,.F.);
#9216=ORIENTED_EDGE($,*,*,#6398,.F.);
#9217=ORIENTED_EDGE($,*,*,#6473,.F.);
#9218=ORIENTED_EDGE($,*,*,#6395,.F.);
#9219=ORIENTED_EDGE($,*,*,#6401,.F.);
#9220=ORIENTED_EDGE($,*,*,#6474,.T.);
#9221=ORIENTED_EDGE($,*,*,#6475,.F.);
#9222=ORIENTED_EDGE($,*,*,#6476,.F.);
#9223=ORIENTED_EDGE($,*,*,#6477,.T.);
#9224=ORIENTED_EDGE($,*,*,#6409,.T.);
#9225=ORIENTED_EDGE($,*,*,#6413,.T.);
#9226=ORIENTED_EDGE($,*,*,#6478,.T.);
#9227=ORIENTED_EDGE($,*,*,#6479,.T.);
#9228=ORIENTED_EDGE($,*,*,#6480,.T.);
#9229=ORIENTED_EDGE($,*,*,#6481,.F.);
#9230=ORIENTED_EDGE($,*,*,#6412,.T.);
#9231=ORIENTED_EDGE($,*,*,#6402,.T.);
#9232=ORIENTED_EDGE($,*,*,#6472,.T.);
#9233=ORIENTED_EDGE($,*,*,#6482,.F.);
#9234=ORIENTED_EDGE($,*,*,#6478,.F.);
#9235=ORIENTED_EDGE($,*,*,#6483,.T.);
#9236=ORIENTED_EDGE($,*,*,#6475,.T.);
#9237=ORIENTED_EDGE($,*,*,#6484,.F.);
#9238=ORIENTED_EDGE($,*,*,#6480,.F.);
#9239=ORIENTED_EDGE($,*,*,#6485,.T.);
#9240=ORIENTED_EDGE($,*,*,#6486,.F.);
#9241=ORIENTED_EDGE($,*,*,#6410,.F.);
#9242=ORIENTED_EDGE($,*,*,#6407,.F.);
#9243=ORIENTED_EDGE($,*,*,#6487,.F.);
#9244=ORIENTED_EDGE($,*,*,#6404,.F.);
#9245=ORIENTED_EDGE($,*,*,#6411,.F.);
#9246=ORIENTED_EDGE($,*,*,#6488,.T.);
#9247=ORIENTED_EDGE($,*,*,#6489,.F.);
#9248=ORIENTED_EDGE($,*,*,#6490,.F.);
#9249=ORIENTED_EDGE($,*,*,#6491,.T.);
#9250=ORIENTED_EDGE($,*,*,#6421,.T.);
#9251=ORIENTED_EDGE($,*,*,#6425,.T.);
#9252=ORIENTED_EDGE($,*,*,#6492,.T.);
#9253=ORIENTED_EDGE($,*,*,#6493,.T.);
#9254=ORIENTED_EDGE($,*,*,#6494,.T.);
#9255=ORIENTED_EDGE($,*,*,#6495,.F.);
#9256=ORIENTED_EDGE($,*,*,#6424,.T.);
#9257=ORIENTED_EDGE($,*,*,#6414,.T.);
#9258=ORIENTED_EDGE($,*,*,#6486,.T.);
#9259=ORIENTED_EDGE($,*,*,#6496,.F.);
#9260=ORIENTED_EDGE($,*,*,#6492,.F.);
#9261=ORIENTED_EDGE($,*,*,#6497,.T.);
#9262=ORIENTED_EDGE($,*,*,#6489,.T.);
#9263=ORIENTED_EDGE($,*,*,#6498,.F.);
#9264=ORIENTED_EDGE($,*,*,#6494,.F.);
#9265=ORIENTED_EDGE($,*,*,#6499,.T.);
#9266=ORIENTED_EDGE($,*,*,#6500,.F.);
#9267=ORIENTED_EDGE($,*,*,#6422,.F.);
#9268=ORIENTED_EDGE($,*,*,#6419,.F.);
#9269=ORIENTED_EDGE($,*,*,#6501,.F.);
#9270=ORIENTED_EDGE($,*,*,#6416,.F.);
#9271=ORIENTED_EDGE($,*,*,#6423,.F.);
#9272=ORIENTED_EDGE($,*,*,#6502,.T.);
#9273=ORIENTED_EDGE($,*,*,#6503,.F.);
#9274=ORIENTED_EDGE($,*,*,#6504,.F.);
#9275=ORIENTED_EDGE($,*,*,#6505,.T.);
#9276=ORIENTED_EDGE($,*,*,#6429,.T.);
#9277=ORIENTED_EDGE($,*,*,#6433,.T.);
#9278=ORIENTED_EDGE($,*,*,#6506,.T.);
#9279=ORIENTED_EDGE($,*,*,#6507,.T.);
#9280=ORIENTED_EDGE($,*,*,#6508,.T.);
#9281=ORIENTED_EDGE($,*,*,#6509,.F.);
#9282=ORIENTED_EDGE($,*,*,#6432,.T.);
#9283=ORIENTED_EDGE($,*,*,#6510,.T.);
#9284=ORIENTED_EDGE($,*,*,#6500,.T.);
#9285=ORIENTED_EDGE($,*,*,#6511,.F.);
#9286=ORIENTED_EDGE($,*,*,#6506,.F.);
#9287=ORIENTED_EDGE($,*,*,#6512,.T.);
#9288=ORIENTED_EDGE($,*,*,#6503,.T.);
#9289=ORIENTED_EDGE($,*,*,#6513,.F.);
#9290=ORIENTED_EDGE($,*,*,#6508,.F.);
#9291=ORIENTED_EDGE($,*,*,#6514,.T.);
#9292=ORIENTED_EDGE($,*,*,#6438,.T.);
#9293=ORIENTED_EDGE($,*,*,#6426,.T.);
#9294=ORIENTED_EDGE($,*,*,#6505,.F.);
#9295=ORIENTED_EDGE($,*,*,#6515,.F.);
#9296=ORIENTED_EDGE($,*,*,#6465,.T.);
#9297=ORIENTED_EDGE($,*,*,#6434,.T.);
#9298=ORIENTED_EDGE($,*,*,#6501,.T.);
#9299=ORIENTED_EDGE($,*,*,#6418,.T.);
#9300=ORIENTED_EDGE($,*,*,#6491,.F.);
#9301=ORIENTED_EDGE($,*,*,#6417,.F.);
#9302=ORIENTED_EDGE($,*,*,#6502,.F.);
#9303=ORIENTED_EDGE($,*,*,#6512,.F.);
#9304=ORIENTED_EDGE($,*,*,#6509,.T.);
#9305=ORIENTED_EDGE($,*,*,#6513,.T.);
#9306=ORIENTED_EDGE($,*,*,#6487,.T.);
#9307=ORIENTED_EDGE($,*,*,#6406,.T.);
#9308=ORIENTED_EDGE($,*,*,#6477,.F.);
#9309=ORIENTED_EDGE($,*,*,#6405,.F.);
#9310=ORIENTED_EDGE($,*,*,#6488,.F.);
#9311=ORIENTED_EDGE($,*,*,#6497,.F.);
#9312=ORIENTED_EDGE($,*,*,#6495,.T.);
#9313=ORIENTED_EDGE($,*,*,#6498,.T.);
#9314=ORIENTED_EDGE($,*,*,#6473,.T.);
#9315=ORIENTED_EDGE($,*,*,#6397,.T.);
#9316=ORIENTED_EDGE($,*,*,#6382,.F.);
#9317=ORIENTED_EDGE($,*,*,#6396,.F.);
#9318=ORIENTED_EDGE($,*,*,#6474,.F.);
#9319=ORIENTED_EDGE($,*,*,#6483,.F.);
#9320=ORIENTED_EDGE($,*,*,#6481,.T.);
#9321=ORIENTED_EDGE($,*,*,#6484,.T.);
#9322=ORIENTED_EDGE($,*,*,#6507,.F.);
#9323=ORIENTED_EDGE($,*,*,#6511,.T.);
#9324=ORIENTED_EDGE($,*,*,#6504,.T.);
#9325=ORIENTED_EDGE($,*,*,#6514,.F.);
#9326=ORIENTED_EDGE($,*,*,#6493,.F.);
#9327=ORIENTED_EDGE($,*,*,#6496,.T.);
#9328=ORIENTED_EDGE($,*,*,#6490,.T.);
#9329=ORIENTED_EDGE($,*,*,#6499,.F.);
#9330=ORIENTED_EDGE($,*,*,#6479,.F.);
#9331=ORIENTED_EDGE($,*,*,#6482,.T.);
#9332=ORIENTED_EDGE($,*,*,#6476,.T.);
#9333=ORIENTED_EDGE($,*,*,#6485,.F.);
#9334=ORIENTED_EDGE($,*,*,#6516,.F.);
#9335=ORIENTED_EDGE($,*,*,#6517,.T.);
#9336=ORIENTED_EDGE($,*,*,#6518,.T.);
#9337=ORIENTED_EDGE($,*,*,#6519,.T.);
#9338=ORIENTED_EDGE($,*,*,#6520,.F.);
#9339=ORIENTED_EDGE($,*,*,#6464,.F.);
#9340=ORIENTED_EDGE($,*,*,#6455,.T.);
#9341=ORIENTED_EDGE($,*,*,#6451,.T.);
#9342=ORIENTED_EDGE($,*,*,#6379,.F.);
#9343=ORIENTED_EDGE($,*,*,#6521,.T.);
#9344=ORIENTED_EDGE($,*,*,#6522,.F.);
#9345=ORIENTED_EDGE($,*,*,#6523,.F.);
#9346=ORIENTED_EDGE($,*,*,#6524,.F.);
#9347=ORIENTED_EDGE($,*,*,#6516,.T.);
#9348=ORIENTED_EDGE($,*,*,#6450,.F.);
#9349=ORIENTED_EDGE($,*,*,#6391,.F.);
#9350=ORIENTED_EDGE($,*,*,#6378,.F.);
#9351=ORIENTED_EDGE($,*,*,#6525,.T.);
#9352=ORIENTED_EDGE($,*,*,#6526,.F.);
#9353=ORIENTED_EDGE($,*,*,#6521,.F.);
#9354=ORIENTED_EDGE($,*,*,#6527,.F.);
#9355=ORIENTED_EDGE($,*,*,#6528,.T.);
#9356=ORIENTED_EDGE($,*,*,#6529,.T.);
#9357=ORIENTED_EDGE($,*,*,#6530,.F.);
#9358=ORIENTED_EDGE($,*,*,#6531,.F.);
#9359=ORIENTED_EDGE($,*,*,#6532,.T.);
#9360=ORIENTED_EDGE($,*,*,#6533,.T.);
#9361=ORIENTED_EDGE($,*,*,#6527,.T.);
#9362=ORIENTED_EDGE($,*,*,#6534,.F.);
#9363=ORIENTED_EDGE($,*,*,#6535,.F.);
#9364=ORIENTED_EDGE($,*,*,#6386,.F.);
#9365=ORIENTED_EDGE($,*,*,#6536,.T.);
#9366=ORIENTED_EDGE($,*,*,#6537,.T.);
#9367=ORIENTED_EDGE($,*,*,#6538,.F.);
#9368=ORIENTED_EDGE($,*,*,#6539,.F.);
#9369=ORIENTED_EDGE($,*,*,#6540,.F.);
#9370=ORIENTED_EDGE($,*,*,#6388,.T.);
#9371=ORIENTED_EDGE($,*,*,#6541,.T.);
#9372=ORIENTED_EDGE($,*,*,#6529,.F.);
#9373=ORIENTED_EDGE($,*,*,#6542,.T.);
#9374=ORIENTED_EDGE($,*,*,#6543,.T.);
#9375=ORIENTED_EDGE($,*,*,#6544,.F.);
#9376=ORIENTED_EDGE($,*,*,#6545,.T.);
#9377=ORIENTED_EDGE($,*,*,#6541,.F.);
#9378=ORIENTED_EDGE($,*,*,#6387,.F.);
#9379=ORIENTED_EDGE($,*,*,#6538,.T.);
#9380=ORIENTED_EDGE($,*,*,#6546,.T.);
#9381=ORIENTED_EDGE($,*,*,#6536,.F.);
#9382=ORIENTED_EDGE($,*,*,#6385,.F.);
#9383=ORIENTED_EDGE($,*,*,#6540,.T.);
#9384=ORIENTED_EDGE($,*,*,#6546,.F.);
#9385=ORIENTED_EDGE($,*,*,#6532,.F.);
#9386=ORIENTED_EDGE($,*,*,#6547,.F.);
#9387=ORIENTED_EDGE($,*,*,#6542,.F.);
#9388=ORIENTED_EDGE($,*,*,#6528,.F.);
#9389=ORIENTED_EDGE($,*,*,#6533,.F.);
#9390=ORIENTED_EDGE($,*,*,#6539,.T.);
#9391=ORIENTED_EDGE($,*,*,#6545,.F.);
#9392=ORIENTED_EDGE($,*,*,#6537,.F.);
#9393=ORIENTED_EDGE($,*,*,#6543,.F.);
#9394=ORIENTED_EDGE($,*,*,#6547,.T.);
#9395=ORIENTED_EDGE($,*,*,#6531,.T.);
#9396=ORIENTED_EDGE($,*,*,#6548,.F.);
#9397=ORIENTED_EDGE($,*,*,#6549,.F.);
#9398=ORIENTED_EDGE($,*,*,#6550,.F.);
#9399=ORIENTED_EDGE($,*,*,#6551,.F.);
#9400=ORIENTED_EDGE($,*,*,#6552,.F.);
#9401=ORIENTED_EDGE($,*,*,#6553,.F.);
#9402=ORIENTED_EDGE($,*,*,#6554,.F.);
#9403=ORIENTED_EDGE($,*,*,#6555,.F.);
#9404=ORIENTED_EDGE($,*,*,#6556,.F.);
#9405=ORIENTED_EDGE($,*,*,#6551,.T.);
#9406=ORIENTED_EDGE($,*,*,#6557,.F.);
#9407=ORIENTED_EDGE($,*,*,#6558,.F.);
#9408=ORIENTED_EDGE($,*,*,#6559,.F.);
#9409=ORIENTED_EDGE($,*,*,#6560,.F.);
#9410=ORIENTED_EDGE($,*,*,#6561,.T.);
#9411=ORIENTED_EDGE($,*,*,#6560,.T.);
#9412=ORIENTED_EDGE($,*,*,#6562,.T.);
#9413=ORIENTED_EDGE($,*,*,#6563,.T.);
#9414=ORIENTED_EDGE($,*,*,#6564,.T.);
#9415=ORIENTED_EDGE($,*,*,#6565,.T.);
#9416=ORIENTED_EDGE($,*,*,#6566,.T.);
#9417=ORIENTED_EDGE($,*,*,#6563,.F.);
#9418=ORIENTED_EDGE($,*,*,#6567,.T.);
#9419=ORIENTED_EDGE($,*,*,#6568,.T.);
#9420=ORIENTED_EDGE($,*,*,#6569,.T.);
#9421=ORIENTED_EDGE($,*,*,#6565,.F.);
#9422=ORIENTED_EDGE($,*,*,#6570,.F.);
#9423=ORIENTED_EDGE($,*,*,#6571,.T.);
#9424=ORIENTED_EDGE($,*,*,#6572,.T.);
#9425=ORIENTED_EDGE($,*,*,#6518,.F.);
#9426=ORIENTED_EDGE($,*,*,#6517,.F.);
#9427=ORIENTED_EDGE($,*,*,#6524,.T.);
#9428=ORIENTED_EDGE($,*,*,#6573,.T.);
#9429=ORIENTED_EDGE($,*,*,#6574,.T.);
#9430=ORIENTED_EDGE($,*,*,#6575,.T.);
#9431=ORIENTED_EDGE($,*,*,#6570,.T.);
#9432=ORIENTED_EDGE($,*,*,#6576,.T.);
#9433=ORIENTED_EDGE($,*,*,#6557,.T.);
#9434=ORIENTED_EDGE($,*,*,#6561,.F.);
#9435=ORIENTED_EDGE($,*,*,#6566,.F.);
#9436=ORIENTED_EDGE($,*,*,#6569,.F.);
#9437=ORIENTED_EDGE($,*,*,#6577,.F.);
#9438=ORIENTED_EDGE($,*,*,#6578,.F.);
#9439=ORIENTED_EDGE($,*,*,#6579,.T.);
#9440=ORIENTED_EDGE($,*,*,#6580,.F.);
#9441=ORIENTED_EDGE($,*,*,#6519,.F.);
#9442=ORIENTED_EDGE($,*,*,#6572,.F.);
#9443=ORIENTED_EDGE($,*,*,#6581,.T.);
#9444=ORIENTED_EDGE($,*,*,#6582,.F.);
#9445=ORIENTED_EDGE($,*,*,#6581,.F.);
#9446=ORIENTED_EDGE($,*,*,#6571,.F.);
#9447=ORIENTED_EDGE($,*,*,#6575,.F.);
#9448=ORIENTED_EDGE($,*,*,#6583,.T.);
#9449=ORIENTED_EDGE($,*,*,#6578,.T.);
#9450=ORIENTED_EDGE($,*,*,#6556,.T.);
#9451=ORIENTED_EDGE($,*,*,#6584,.T.);
#9452=ORIENTED_EDGE($,*,*,#6585,.T.);
#9453=ORIENTED_EDGE($,*,*,#6586,.F.);
#9454=ORIENTED_EDGE($,*,*,#6567,.F.);
#9455=ORIENTED_EDGE($,*,*,#6564,.F.);
#9456=ORIENTED_EDGE($,*,*,#6562,.F.);
#9457=ORIENTED_EDGE($,*,*,#6552,.T.);
#9458=ORIENTED_EDGE($,*,*,#6587,.T.);
#9459=ORIENTED_EDGE($,*,*,#6558,.T.);
#9460=ORIENTED_EDGE($,*,*,#6576,.F.);
#9461=ORIENTED_EDGE($,*,*,#6588,.T.);
#9462=ORIENTED_EDGE($,*,*,#6589,.F.);
#9463=ORIENTED_EDGE($,*,*,#6587,.F.);
#9464=ORIENTED_EDGE($,*,*,#6590,.T.);
#9465=ORIENTED_EDGE($,*,*,#6591,.F.);
#9466=ORIENTED_EDGE($,*,*,#6592,.T.);
#9467=ORIENTED_EDGE($,*,*,#6554,.T.);
#9468=ORIENTED_EDGE($,*,*,#6593,.T.);
#9469=ORIENTED_EDGE($,*,*,#6594,.F.);
#9470=ORIENTED_EDGE($,*,*,#6595,.F.);
#9471=ORIENTED_EDGE($,*,*,#6596,.F.);
#9472=ORIENTED_EDGE($,*,*,#6553,.T.);
#9473=ORIENTED_EDGE($,*,*,#6550,.T.);
#9474=ORIENTED_EDGE($,*,*,#6544,.T.);
#9475=ORIENTED_EDGE($,*,*,#6548,.T.);
#9476=ORIENTED_EDGE($,*,*,#6535,.T.);
#9477=ORIENTED_EDGE($,*,*,#6597,.T.);
#9478=ORIENTED_EDGE($,*,*,#6598,.T.);
#9479=ORIENTED_EDGE($,*,*,#6599,.T.);
#9480=ORIENTED_EDGE($,*,*,#6600,.F.);
#9481=ORIENTED_EDGE($,*,*,#6534,.T.);
#9482=ORIENTED_EDGE($,*,*,#6530,.T.);
#9483=ORIENTED_EDGE($,*,*,#6596,.T.);
#9484=ORIENTED_EDGE($,*,*,#6601,.F.);
#9485=ORIENTED_EDGE($,*,*,#6597,.F.);
#9486=ORIENTED_EDGE($,*,*,#6602,.T.);
#9487=ORIENTED_EDGE($,*,*,#6594,.T.);
#9488=ORIENTED_EDGE($,*,*,#6603,.F.);
#9489=ORIENTED_EDGE($,*,*,#6599,.F.);
#9490=ORIENTED_EDGE($,*,*,#6604,.T.);
#9491=ORIENTED_EDGE($,*,*,#6589,.T.);
#9492=ORIENTED_EDGE($,*,*,#6605,.T.);
#9493=ORIENTED_EDGE($,*,*,#6591,.T.);
#9494=ORIENTED_EDGE($,*,*,#6549,.T.);
#9495=ORIENTED_EDGE($,*,*,#6559,.T.);
#9496=ORIENTED_EDGE($,*,*,#6593,.F.);
#9497=ORIENTED_EDGE($,*,*,#6602,.F.);
#9498=ORIENTED_EDGE($,*,*,#6600,.T.);
#9499=ORIENTED_EDGE($,*,*,#6603,.T.);
#9500=ORIENTED_EDGE($,*,*,#6598,.F.);
#9501=ORIENTED_EDGE($,*,*,#6601,.T.);
#9502=ORIENTED_EDGE($,*,*,#6595,.T.);
#9503=ORIENTED_EDGE($,*,*,#6604,.F.);
#9504=ORIENTED_EDGE($,*,*,#6606,.T.);
#9505=ORIENTED_EDGE($,*,*,#6607,.F.);
#9506=ORIENTED_EDGE($,*,*,#6573,.F.);
#9507=ORIENTED_EDGE($,*,*,#6523,.T.);
#9508=ORIENTED_EDGE($,*,*,#6526,.T.);
#9509=ORIENTED_EDGE($,*,*,#6608,.F.);
#9510=ORIENTED_EDGE($,*,*,#6606,.F.);
#9511=ORIENTED_EDGE($,*,*,#6522,.T.);
#9512=ORIENTED_EDGE($,*,*,#6520,.T.);
#9513=ORIENTED_EDGE($,*,*,#6580,.T.);
#9514=ORIENTED_EDGE($,*,*,#6582,.T.);
#9515=ORIENTED_EDGE($,*,*,#6577,.T.);
#9516=ORIENTED_EDGE($,*,*,#6568,.F.);
#9517=ORIENTED_EDGE($,*,*,#6586,.T.);
#9518=ORIENTED_EDGE($,*,*,#6609,.T.);
#9519=ORIENTED_EDGE($,*,*,#6470,.T.);
#9520=ORIENTED_EDGE($,*,*,#6445,.F.);
#9521=ORIENTED_EDGE($,*,*,#6459,.T.);
#9522=ORIENTED_EDGE($,*,*,#6460,.T.);
#9523=ORIENTED_EDGE($,*,*,#6463,.T.);
#9524=ORIENTED_EDGE($,*,*,#6609,.F.);
#9525=ORIENTED_EDGE($,*,*,#6585,.F.);
#9526=ORIENTED_EDGE($,*,*,#6610,.T.);
#9527=ORIENTED_EDGE($,*,*,#6471,.T.);
#9528=ORIENTED_EDGE($,*,*,#6610,.F.);
#9529=ORIENTED_EDGE($,*,*,#6584,.F.);
#9530=ORIENTED_EDGE($,*,*,#6555,.T.);
#9531=ORIENTED_EDGE($,*,*,#6592,.F.);
#9532=ORIENTED_EDGE($,*,*,#6605,.F.);
#9533=ORIENTED_EDGE($,*,*,#6590,.F.);
#9534=ORIENTED_EDGE($,*,*,#6588,.F.);
#9535=ORIENTED_EDGE($,*,*,#6579,.F.);
#9536=ORIENTED_EDGE($,*,*,#6583,.F.);
#9537=ORIENTED_EDGE($,*,*,#6574,.F.);
#9538=ORIENTED_EDGE($,*,*,#6607,.T.);
#9539=ORIENTED_EDGE($,*,*,#6608,.T.);
#9540=ORIENTED_EDGE($,*,*,#6525,.F.);
#9541=ORIENTED_EDGE($,*,*,#6381,.T.);
#9542=ORIENTED_EDGE($,*,*,#6393,.T.);
#9543=ORIENTED_EDGE($,*,*,#6449,.F.);
#9544=ORIENTED_EDGE($,*,*,#6461,.F.);
#9545=ORIENTED_EDGE($,*,*,#6457,.F.);
#9546=ORIENTED_EDGE($,*,*,#6468,.F.);
#9547=ORIENTED_EDGE($,*,*,#6466,.F.);
#9548=ORIENTED_EDGE($,*,*,#6515,.T.);
#9549=ORIENTED_EDGE($,*,*,#6510,.F.);
#9550=ORIENTED_EDGE($,*,*,#6431,.F.);
#9551=ORIENTED_EDGE($,*,*,#6469,.F.);
#9552=CYLINDRICAL_SURFACE($,#10270,0.007);
#9553=CYLINDRICAL_SURFACE($,#10274,0.00700000000000002);
#9554=CYLINDRICAL_SURFACE($,#10278,0.00499999999999999);
#9555=CYLINDRICAL_SURFACE($,#10282,0.00449999999999999);
#9556=CYLINDRICAL_SURFACE($,#10286,0.00927612976544419);
#9557=CYLINDRICAL_SURFACE($,#10291,0.0065);
#9558=CYLINDRICAL_SURFACE($,#10295,0.01);
#9559=CYLINDRICAL_SURFACE($,#10298,0.00499999999999999);
#9560=CYLINDRICAL_SURFACE($,#10307,0.01);
#9561=CYLINDRICAL_SURFACE($,#10311,0.00999999999999998);
#9562=CYLINDRICAL_SURFACE($,#10315,0.0199999999999999);
#9563=CYLINDRICAL_SURFACE($,#10322,0.012);
#9564=CYLINDRICAL_SURFACE($,#10326,0.00899999999999998);
#9565=CYLINDRICAL_SURFACE($,#10330,0.00699999999999998);
#9566=CYLINDRICAL_SURFACE($,#10337,0.02);
#9567=CYLINDRICAL_SURFACE($,#10340,0.0425);
#9568=CYLINDRICAL_SURFACE($,#10344,0.015);
#9569=CYLINDRICAL_SURFACE($,#10348,0.01);
#9570=CYLINDRICAL_SURFACE($,#10352,0.01);
#9571=CYLINDRICAL_SURFACE($,#10356,0.015);
#9572=CYLINDRICAL_SURFACE($,#10364,0.01);
#9573=CYLINDRICAL_SURFACE($,#10368,0.00999999999999998);
#9574=CYLINDRICAL_SURFACE($,#10372,0.0199999999999999);
#9575=CYLINDRICAL_SURFACE($,#10379,0.012);
#9576=CYLINDRICAL_SURFACE($,#10383,0.00899999999999998);
#9577=CYLINDRICAL_SURFACE($,#10387,0.00699999999999998);
#9578=CYLINDRICAL_SURFACE($,#10394,0.01);
#9579=CYLINDRICAL_SURFACE($,#10398,0.00999999999999998);
#9580=CYLINDRICAL_SURFACE($,#10402,0.0199999999999999);
#9581=CYLINDRICAL_SURFACE($,#10409,0.012);
#9582=CYLINDRICAL_SURFACE($,#10413,0.00899999999999998);
#9583=CYLINDRICAL_SURFACE($,#10417,0.00699999999999998);
#9584=CYLINDRICAL_SURFACE($,#10424,0.01);
#9585=CYLINDRICAL_SURFACE($,#10428,0.00999999999999998);
#9586=CYLINDRICAL_SURFACE($,#10432,0.0199999999999999);
#9587=CYLINDRICAL_SURFACE($,#10439,0.012);
#9588=CYLINDRICAL_SURFACE($,#10443,0.00899999999999998);
#9589=CYLINDRICAL_SURFACE($,#10447,0.00699999999999998);
#9590=CYLINDRICAL_SURFACE($,#10454,0.02);
#9591=CYLINDRICAL_SURFACE($,#10457,0.0425);
#9592=CYLINDRICAL_SURFACE($,#10461,0.015);
#9593=CYLINDRICAL_SURFACE($,#10464,0.01);
#9594=CYLINDRICAL_SURFACE($,#10468,0.01);
#9595=CYLINDRICAL_SURFACE($,#10472,0.015);
#9596=CYLINDRICAL_SURFACE($,#10480,0.02);
#9597=CYLINDRICAL_SURFACE($,#10483,0.0425);
#9598=CYLINDRICAL_SURFACE($,#10487,0.015);
#9599=CYLINDRICAL_SURFACE($,#10491,0.01);
#9600=CYLINDRICAL_SURFACE($,#10495,0.01);
#9601=CYLINDRICAL_SURFACE($,#10499,0.015);
#9602=CYLINDRICAL_SURFACE($,#10507,0.02);
#9603=CYLINDRICAL_SURFACE($,#10510,0.0425);
#9604=CYLINDRICAL_SURFACE($,#10514,0.015);
#9605=CYLINDRICAL_SURFACE($,#10518,0.01);
#9606=CYLINDRICAL_SURFACE($,#10522,0.01);
#9607=CYLINDRICAL_SURFACE($,#10526,0.015);
#9608=CYLINDRICAL_SURFACE($,#10532,0.007);
#9609=CYLINDRICAL_SURFACE($,#10536,0.00700000000000002);
#9610=CYLINDRICAL_SURFACE($,#10540,0.00499999999999999);
#9611=CYLINDRICAL_SURFACE($,#10544,0.00449999999999999);
#9612=CYLINDRICAL_SURFACE($,#10548,0.00927612976544419);
#9613=CYLINDRICAL_SURFACE($,#10553,0.0065);
#9614=CYLINDRICAL_SURFACE($,#10557,0.01);
#9615=CYLINDRICAL_SURFACE($,#10560,0.00499999999999999);
#9616=CYLINDRICAL_SURFACE($,#10567,0.007);
#9617=CYLINDRICAL_SURFACE($,#10571,0.00700000000000002);
#9618=CYLINDRICAL_SURFACE($,#10575,0.00499999999999999);
#9619=CYLINDRICAL_SURFACE($,#10579,0.00449999999999999);
#9620=CYLINDRICAL_SURFACE($,#10583,0.00927612976544419);
#9621=CYLINDRICAL_SURFACE($,#10588,0.0065);
#9622=CYLINDRICAL_SURFACE($,#10592,0.01);
#9623=CYLINDRICAL_SURFACE($,#10595,0.00499999999999999);
#9624=CYLINDRICAL_SURFACE($,#10602,0.007);
#9625=CYLINDRICAL_SURFACE($,#10606,0.00700000000000002);
#9626=CYLINDRICAL_SURFACE($,#10610,0.00499999999999999);
#9627=CYLINDRICAL_SURFACE($,#10614,0.00449999999999999);
#9628=CYLINDRICAL_SURFACE($,#10618,0.00927612976544419);
#9629=CYLINDRICAL_SURFACE($,#10623,0.0065);
#9630=CYLINDRICAL_SURFACE($,#10627,0.01);
#9631=CYLINDRICAL_SURFACE($,#10630,0.00499999999999999);
#9632=CYLINDRICAL_SURFACE($,#10653,0.0119999999999996);
#9633=CYLINDRICAL_SURFACE($,#10655,0.012);
#9634=CYLINDRICAL_SURFACE($,#10672,0.015);
#9635=CYLINDRICAL_SURFACE($,#10673,0.015);
#9636=CYLINDRICAL_SURFACE($,#10674,0.0175);
#9637=CYLINDRICAL_SURFACE($,#10675,0.015);
#9638=CYLINDRICAL_SURFACE($,#10676,0.015);
#9639=CYLINDRICAL_SURFACE($,#10677,0.025);
#9640=CYLINDRICAL_SURFACE($,#10678,0.00499999999999997);
#9641=CYLINDRICAL_SURFACE($,#10697,0.0119999999999996);
#9642=CYLINDRICAL_SURFACE($,#10699,0.012);
#9643=CYLINDRICAL_SURFACE($,#10716,0.015);
#9644=CYLINDRICAL_SURFACE($,#10717,0.015);
#9645=CYLINDRICAL_SURFACE($,#10718,0.0175);
#9646=CYLINDRICAL_SURFACE($,#10719,0.015);
#9647=CYLINDRICAL_SURFACE($,#10720,0.015);
#9648=CYLINDRICAL_SURFACE($,#10721,0.025);
#9649=CYLINDRICAL_SURFACE($,#10722,0.00499999999999997);
#9650=CYLINDRICAL_SURFACE($,#10727,0.01);
#9651=CYLINDRICAL_SURFACE($,#10731,0.00999999999999998);
#9652=CYLINDRICAL_SURFACE($,#10735,0.0199999999999999);
#9653=CYLINDRICAL_SURFACE($,#10742,0.012);
#9654=CYLINDRICAL_SURFACE($,#10746,0.00899999999999998);
#9655=CYLINDRICAL_SURFACE($,#10750,0.00699999999999998);
#9656=CYLINDRICAL_SURFACE($,#10757,0.02);
#9657=CYLINDRICAL_SURFACE($,#10760,0.0425);
#9658=CYLINDRICAL_SURFACE($,#10764,0.015);
#9659=CYLINDRICAL_SURFACE($,#10768,0.01);
#9660=CYLINDRICAL_SURFACE($,#10772,0.01);
#9661=CYLINDRICAL_SURFACE($,#10776,0.015);
#9662=CYLINDRICAL_SURFACE($,#10782,0.007);
#9663=CYLINDRICAL_SURFACE($,#10786,0.00700000000000002);
#9664=CYLINDRICAL_SURFACE($,#10790,0.00499999999999999);
#9665=CYLINDRICAL_SURFACE($,#10794,0.00449999999999999);
#9666=CYLINDRICAL_SURFACE($,#10798,0.00927612976544419);
#9667=CYLINDRICAL_SURFACE($,#10803,0.0065);
#9668=CYLINDRICAL_SURFACE($,#10807,0.01);
#9669=CYLINDRICAL_SURFACE($,#10810,0.00499999999999999);
#9670=CYLINDRICAL_SURFACE($,#10840,0.0425);
#9671=CYLINDRICAL_SURFACE($,#10841,0.0425);
#9672=CYLINDRICAL_SURFACE($,#10930,0.0425);
#9673=CYLINDRICAL_SURFACE($,#10949,0.0425);
#9674=CYLINDRICAL_SURFACE($,#10984,0.045);
#9675=CYLINDRICAL_SURFACE($,#11030,0.0425);
#9676=CYLINDRICAL_SURFACE($,#11031,0.0425);
#9677=CYLINDRICAL_SURFACE($,#11032,0.0425);
#9678=CYLINDRICAL_SURFACE($,#11033,0.0425);
#9679=CYLINDRICAL_SURFACE($,#11034,0.0425);
#9680=CYLINDRICAL_SURFACE($,#11035,0.0425);
#9681=CYLINDRICAL_SURFACE($,#11036,0.0425);
#9682=CYLINDRICAL_SURFACE($,#11037,0.0175);
#9683=CYLINDRICAL_SURFACE($,#11038,0.0175);
#9684=CYLINDRICAL_SURFACE($,#11039,0.0175);
#9685=CYLINDRICAL_SURFACE($,#11045,0.0175);
#9686=CYLINDRICAL_SURFACE($,#11047,0.0425);
#9687=CYLINDRICAL_SURFACE($,#11049,0.0425);
#9688=CYLINDRICAL_SURFACE($,#11058,0.045);
#9689=CYLINDRICAL_SURFACE($,#11082,0.0425);
#9690=CYLINDRICAL_SURFACE($,#11083,0.0425);
#9691=CYLINDRICAL_SURFACE($,#11084,0.0175);
#9692=ADVANCED_FACE($,(#430),#9552,.T.);
#9693=ADVANCED_FACE($,(#431),#31,.F.);
#9694=ADVANCED_FACE($,(#432),#9553,.F.);
#9695=ADVANCED_FACE($,(#433),#32,.F.);
#9696=ADVANCED_FACE($,(#434),#9554,.T.);
#9697=ADVANCED_FACE($,(#435),#33,.F.);
#9698=ADVANCED_FACE($,(#436),#9555,.F.);
#9699=ADVANCED_FACE($,(#437),#34,.F.);
#9700=ADVANCED_FACE($,(#438),#9556,.T.);
#9701=ADVANCED_FACE($,(#439),#35,.F.);
#9702=ADVANCED_FACE($,(#440),#36,.F.);
#9703=ADVANCED_FACE($,(#441),#9557,.T.);
#9704=ADVANCED_FACE($,(#442),#37,.F.);
#9705=ADVANCED_FACE($,(#443),#9558,.T.);
#9706=ADVANCED_FACE($,(#444),#9559,.F.);
#9707=ADVANCED_FACE($,(#445),#38,.F.);
#9708=ADVANCED_FACE($,(#446),#39,.F.);
#9709=ADVANCED_FACE($,(#447),#40,.F.);
#9710=ADVANCED_FACE($,(#448),#41,.T.);
#9711=ADVANCED_FACE($,(#449),#42,.F.);
#9712=ADVANCED_FACE($,(#450),#43,.F.);
#9713=ADVANCED_FACE($,(#451),#9560,.T.);
#9714=ADVANCED_FACE($,(#452),#44,.F.);
#9715=ADVANCED_FACE($,(#453),#9561,.F.);
#9716=ADVANCED_FACE($,(#454),#45,.F.);
#9717=ADVANCED_FACE($,(#455),#9562,.F.);
#9718=ADVANCED_FACE($,(#456),#46,.F.);
#9719=ADVANCED_FACE($,(#457),#47,.F.);
#9720=ADVANCED_FACE($,(#458),#48,.F.);
#9721=ADVANCED_FACE($,(#459),#49,.F.);
#9722=ADVANCED_FACE($,(#460),#9563,.T.);
#9723=ADVANCED_FACE($,(#461),#50,.F.);
#9724=ADVANCED_FACE($,(#462),#9564,.F.);
#9725=ADVANCED_FACE($,(#463),#51,.F.);
#9726=ADVANCED_FACE($,(#464),#9565,.T.);
#9727=ADVANCED_FACE($,(#465),#52,.T.);
#9728=ADVANCED_FACE($,(#466),#53,.F.);
#9729=ADVANCED_FACE($,(#467),#54,.F.);
#9730=ADVANCED_FACE($,(#468),#55,.F.);
#9731=ADVANCED_FACE($,(#469),#9566,.T.);
#9732=ADVANCED_FACE($,(#470),#9567,.T.);
#9733=ADVANCED_FACE($,(#471),#56,.F.);
#9734=ADVANCED_FACE($,(#472),#9568,.F.);
#9735=ADVANCED_FACE($,(#473),#57,.F.);
#9736=ADVANCED_FACE($,(#474),#9569,.F.);
#9737=ADVANCED_FACE($,(#475),#58,.F.);
#9738=ADVANCED_FACE($,(#476),#9570,.F.);
#9739=ADVANCED_FACE($,(#477),#59,.F.);
#9740=ADVANCED_FACE($,(#478),#9571,.F.);
#9741=ADVANCED_FACE($,(#479),#60,.F.);
#9742=ADVANCED_FACE($,(#480),#61,.F.);
#9743=ADVANCED_FACE($,(#481),#62,.T.);
#9744=ADVANCED_FACE($,(#482),#63,.F.);
#9745=ADVANCED_FACE($,(#483),#64,.F.);
#9746=ADVANCED_FACE($,(#484),#9572,.T.);
#9747=ADVANCED_FACE($,(#485),#65,.F.);
#9748=ADVANCED_FACE($,(#486),#9573,.F.);
#9749=ADVANCED_FACE($,(#487),#66,.F.);
#9750=ADVANCED_FACE($,(#488),#9574,.F.);
#9751=ADVANCED_FACE($,(#489),#67,.F.);
#9752=ADVANCED_FACE($,(#490),#68,.F.);
#9753=ADVANCED_FACE($,(#491),#69,.F.);
#9754=ADVANCED_FACE($,(#492),#70,.F.);
#9755=ADVANCED_FACE($,(#493),#9575,.T.);
#9756=ADVANCED_FACE($,(#494),#71,.F.);
#9757=ADVANCED_FACE($,(#495),#9576,.F.);
#9758=ADVANCED_FACE($,(#496),#72,.F.);
#9759=ADVANCED_FACE($,(#497),#9577,.T.);
#9760=ADVANCED_FACE($,(#498),#73,.T.);
#9761=ADVANCED_FACE($,(#499),#74,.F.);
#9762=ADVANCED_FACE($,(#500),#75,.F.);
#9763=ADVANCED_FACE($,(#501),#76,.F.);
#9764=ADVANCED_FACE($,(#502),#9578,.T.);
#9765=ADVANCED_FACE($,(#503),#77,.F.);
#9766=ADVANCED_FACE($,(#504),#9579,.F.);
#9767=ADVANCED_FACE($,(#505),#78,.F.);
#9768=ADVANCED_FACE($,(#506),#9580,.F.);
#9769=ADVANCED_FACE($,(#507),#79,.F.);
#9770=ADVANCED_FACE($,(#508),#80,.F.);
#9771=ADVANCED_FACE($,(#509),#81,.F.);
#9772=ADVANCED_FACE($,(#510),#82,.F.);
#9773=ADVANCED_FACE($,(#511),#9581,.T.);
#9774=ADVANCED_FACE($,(#512),#83,.F.);
#9775=ADVANCED_FACE($,(#513),#9582,.F.);
#9776=ADVANCED_FACE($,(#514),#84,.F.);
#9777=ADVANCED_FACE($,(#515),#9583,.T.);
#9778=ADVANCED_FACE($,(#516),#85,.T.);
#9779=ADVANCED_FACE($,(#517),#86,.F.);
#9780=ADVANCED_FACE($,(#518),#87,.F.);
#9781=ADVANCED_FACE($,(#519),#88,.F.);
#9782=ADVANCED_FACE($,(#520),#9584,.T.);
#9783=ADVANCED_FACE($,(#521),#89,.F.);
#9784=ADVANCED_FACE($,(#522),#9585,.F.);
#9785=ADVANCED_FACE($,(#523),#90,.F.);
#9786=ADVANCED_FACE($,(#524),#9586,.F.);
#9787=ADVANCED_FACE($,(#525),#91,.F.);
#9788=ADVANCED_FACE($,(#526),#92,.F.);
#9789=ADVANCED_FACE($,(#527),#93,.F.);
#9790=ADVANCED_FACE($,(#528),#94,.F.);
#9791=ADVANCED_FACE($,(#529),#9587,.T.);
#9792=ADVANCED_FACE($,(#530),#95,.F.);
#9793=ADVANCED_FACE($,(#531),#9588,.F.);
#9794=ADVANCED_FACE($,(#532),#96,.F.);
#9795=ADVANCED_FACE($,(#533),#9589,.T.);
#9796=ADVANCED_FACE($,(#534),#97,.T.);
#9797=ADVANCED_FACE($,(#535),#98,.F.);
#9798=ADVANCED_FACE($,(#536),#99,.F.);
#9799=ADVANCED_FACE($,(#537),#100,.F.);
#9800=ADVANCED_FACE($,(#538),#9590,.T.);
#9801=ADVANCED_FACE($,(#539),#9591,.T.);
#9802=ADVANCED_FACE($,(#540),#101,.F.);
#9803=ADVANCED_FACE($,(#541),#9592,.F.);
#9804=ADVANCED_FACE($,(#542),#9593,.F.);
#9805=ADVANCED_FACE($,(#543),#102,.F.);
#9806=ADVANCED_FACE($,(#544),#9594,.F.);
#9807=ADVANCED_FACE($,(#545),#103,.F.);
#9808=ADVANCED_FACE($,(#546),#9595,.F.);
#9809=ADVANCED_FACE($,(#547),#104,.F.);
#9810=ADVANCED_FACE($,(#548),#105,.F.);
#9811=ADVANCED_FACE($,(#549),#106,.T.);
#9812=ADVANCED_FACE($,(#550),#107,.F.);
#9813=ADVANCED_FACE($,(#551),#108,.F.);
#9814=ADVANCED_FACE($,(#552),#9596,.T.);
#9815=ADVANCED_FACE($,(#553),#9597,.T.);
#9816=ADVANCED_FACE($,(#554),#109,.F.);
#9817=ADVANCED_FACE($,(#555),#9598,.F.);
#9818=ADVANCED_FACE($,(#556),#110,.F.);
#9819=ADVANCED_FACE($,(#557),#9599,.F.);
#9820=ADVANCED_FACE($,(#558),#111,.F.);
#9821=ADVANCED_FACE($,(#559),#9600,.F.);
#9822=ADVANCED_FACE($,(#560),#112,.F.);
#9823=ADVANCED_FACE($,(#561),#9601,.F.);
#9824=ADVANCED_FACE($,(#562),#113,.F.);
#9825=ADVANCED_FACE($,(#563),#114,.F.);
#9826=ADVANCED_FACE($,(#564),#115,.T.);
#9827=ADVANCED_FACE($,(#565),#116,.F.);
#9828=ADVANCED_FACE($,(#566),#117,.F.);
#9829=ADVANCED_FACE($,(#567),#9602,.T.);
#9830=ADVANCED_FACE($,(#568),#9603,.T.);
#9831=ADVANCED_FACE($,(#569),#118,.F.);
#9832=ADVANCED_FACE($,(#570),#9604,.F.);
#9833=ADVANCED_FACE($,(#571),#119,.F.);
#9834=ADVANCED_FACE($,(#572),#9605,.F.);
#9835=ADVANCED_FACE($,(#573),#120,.F.);
#9836=ADVANCED_FACE($,(#574),#9606,.F.);
#9837=ADVANCED_FACE($,(#575),#121,.F.);
#9838=ADVANCED_FACE($,(#576),#9607,.F.);
#9839=ADVANCED_FACE($,(#577),#122,.F.);
#9840=ADVANCED_FACE($,(#578),#123,.F.);
#9841=ADVANCED_FACE($,(#579),#124,.T.);
#9842=ADVANCED_FACE($,(#580),#9608,.T.);
#9843=ADVANCED_FACE($,(#581),#125,.F.);
#9844=ADVANCED_FACE($,(#582),#9609,.F.);
#9845=ADVANCED_FACE($,(#583),#126,.F.);
#9846=ADVANCED_FACE($,(#584),#9610,.T.);
#9847=ADVANCED_FACE($,(#585),#127,.F.);
#9848=ADVANCED_FACE($,(#586),#9611,.F.);
#9849=ADVANCED_FACE($,(#587),#128,.F.);
#9850=ADVANCED_FACE($,(#588),#9612,.T.);
#9851=ADVANCED_FACE($,(#589),#129,.F.);
#9852=ADVANCED_FACE($,(#590),#130,.F.);
#9853=ADVANCED_FACE($,(#591),#9613,.T.);
#9854=ADVANCED_FACE($,(#592),#131,.F.);
#9855=ADVANCED_FACE($,(#593),#9614,.T.);
#9856=ADVANCED_FACE($,(#594),#9615,.F.);
#9857=ADVANCED_FACE($,(#595),#132,.F.);
#9858=ADVANCED_FACE($,(#596),#133,.F.);
#9859=ADVANCED_FACE($,(#597),#134,.F.);
#9860=ADVANCED_FACE($,(#598),#135,.T.);
#9861=ADVANCED_FACE($,(#599),#9616,.T.);
#9862=ADVANCED_FACE($,(#600),#136,.F.);
#9863=ADVANCED_FACE($,(#601),#9617,.F.);
#9864=ADVANCED_FACE($,(#602),#137,.F.);
#9865=ADVANCED_FACE($,(#603),#9618,.T.);
#9866=ADVANCED_FACE($,(#604),#138,.F.);
#9867=ADVANCED_FACE($,(#605),#9619,.F.);
#9868=ADVANCED_FACE($,(#606),#139,.F.);
#9869=ADVANCED_FACE($,(#607),#9620,.T.);
#9870=ADVANCED_FACE($,(#608),#140,.F.);
#9871=ADVANCED_FACE($,(#609),#141,.F.);
#9872=ADVANCED_FACE($,(#610),#9621,.T.);
#9873=ADVANCED_FACE($,(#611),#142,.F.);
#9874=ADVANCED_FACE($,(#612),#9622,.T.);
#9875=ADVANCED_FACE($,(#613),#9623,.F.);
#9876=ADVANCED_FACE($,(#614),#143,.F.);
#9877=ADVANCED_FACE($,(#615),#144,.F.);
#9878=ADVANCED_FACE($,(#616),#145,.F.);
#9879=ADVANCED_FACE($,(#617),#146,.T.);
#9880=ADVANCED_FACE($,(#618),#9624,.T.);
#9881=ADVANCED_FACE($,(#619),#147,.F.);
#9882=ADVANCED_FACE($,(#620),#9625,.F.);
#9883=ADVANCED_FACE($,(#621),#148,.F.);
#9884=ADVANCED_FACE($,(#622),#9626,.T.);
#9885=ADVANCED_FACE($,(#623),#149,.F.);
#9886=ADVANCED_FACE($,(#624),#9627,.F.);
#9887=ADVANCED_FACE($,(#625),#150,.F.);
#9888=ADVANCED_FACE($,(#626),#9628,.T.);
#9889=ADVANCED_FACE($,(#627),#151,.F.);
#9890=ADVANCED_FACE($,(#628),#152,.F.);
#9891=ADVANCED_FACE($,(#629),#9629,.T.);
#9892=ADVANCED_FACE($,(#630),#153,.F.);
#9893=ADVANCED_FACE($,(#631),#9630,.T.);
#9894=ADVANCED_FACE($,(#632),#9631,.F.);
#9895=ADVANCED_FACE($,(#633),#154,.F.);
#9896=ADVANCED_FACE($,(#634),#155,.F.);
#9897=ADVANCED_FACE($,(#635),#156,.F.);
#9898=ADVANCED_FACE($,(#636),#157,.T.);
#9899=ADVANCED_FACE($,(#637),#158,.T.);
#9900=ADVANCED_FACE($,(#638),#159,.F.);
#9901=ADVANCED_FACE($,(#639),#160,.F.);
#9902=ADVANCED_FACE($,(#640),#161,.F.);
#9903=ADVANCED_FACE($,(#641),#162,.F.);
#9904=ADVANCED_FACE($,(#642),#163,.F.);
#9905=ADVANCED_FACE($,(#643),#164,.F.);
#9906=ADVANCED_FACE($,(#644),#165,.F.);
#9907=ADVANCED_FACE($,(#645),#166,.T.);
#9908=ADVANCED_FACE($,(#646),#167,.F.);
#9909=ADVANCED_FACE($,(#647),#9632,.T.);
#9910=ADVANCED_FACE($,(#648),#168,.F.);
#9911=ADVANCED_FACE($,(#649),#9633,.T.);
#9912=ADVANCED_FACE($,(#650),#169,.F.);
#9913=ADVANCED_FACE($,(#651),#170,.F.);
#9914=ADVANCED_FACE($,(#652),#171,.T.);
#9915=ADVANCED_FACE($,(#653),#172,.T.);
#9916=ADVANCED_FACE($,(#654),#9634,.T.);
#9917=ADVANCED_FACE($,(#655),#9635,.T.);
#9918=ADVANCED_FACE($,(#656),#9636,.F.);
#9919=ADVANCED_FACE($,(#657),#9637,.T.);
#9920=ADVANCED_FACE($,(#658),#9638,.T.);
#9921=ADVANCED_FACE($,(#659),#9639,.T.);
#9922=ADVANCED_FACE($,(#660),#9640,.F.);
#9923=ADVANCED_FACE($,(#661),#173,.F.);
#9924=ADVANCED_FACE($,(#662),#174,.T.);
#9925=ADVANCED_FACE($,(#663),#175,.T.);
#9926=ADVANCED_FACE($,(#664),#176,.F.);
#9927=ADVANCED_FACE($,(#665),#177,.F.);
#9928=ADVANCED_FACE($,(#666),#178,.F.);
#9929=ADVANCED_FACE($,(#667),#179,.F.);
#9930=ADVANCED_FACE($,(#668),#180,.F.);
#9931=ADVANCED_FACE($,(#669),#181,.F.);
#9932=ADVANCED_FACE($,(#670),#182,.F.);
#9933=ADVANCED_FACE($,(#671),#183,.T.);
#9934=ADVANCED_FACE($,(#672),#184,.F.);
#9935=ADVANCED_FACE($,(#673),#9641,.T.);
#9936=ADVANCED_FACE($,(#674),#185,.F.);
#9937=ADVANCED_FACE($,(#675),#9642,.T.);
#9938=ADVANCED_FACE($,(#676),#186,.F.);
#9939=ADVANCED_FACE($,(#677),#187,.F.);
#9940=ADVANCED_FACE($,(#678),#188,.T.);
#9941=ADVANCED_FACE($,(#679),#189,.T.);
#9942=ADVANCED_FACE($,(#680),#9643,.T.);
#9943=ADVANCED_FACE($,(#681),#9644,.T.);
#9944=ADVANCED_FACE($,(#682),#9645,.F.);
#9945=ADVANCED_FACE($,(#683),#9646,.T.);
#9946=ADVANCED_FACE($,(#684),#9647,.T.);
#9947=ADVANCED_FACE($,(#685),#9648,.T.);
#9948=ADVANCED_FACE($,(#686),#9649,.F.);
#9949=ADVANCED_FACE($,(#687),#190,.F.);
#9950=ADVANCED_FACE($,(#688),#191,.T.);
#9951=ADVANCED_FACE($,(#689),#192,.F.);
#9952=ADVANCED_FACE($,(#690),#193,.F.);
#9953=ADVANCED_FACE($,(#691),#9650,.T.);
#9954=ADVANCED_FACE($,(#692),#194,.F.);
#9955=ADVANCED_FACE($,(#693),#9651,.F.);
#9956=ADVANCED_FACE($,(#694),#195,.F.);
#9957=ADVANCED_FACE($,(#695),#9652,.F.);
#9958=ADVANCED_FACE($,(#696),#196,.F.);
#9959=ADVANCED_FACE($,(#697),#197,.F.);
#9960=ADVANCED_FACE($,(#698),#198,.F.);
#9961=ADVANCED_FACE($,(#699),#199,.F.);
#9962=ADVANCED_FACE($,(#700),#9653,.T.);
#9963=ADVANCED_FACE($,(#701),#200,.F.);
#9964=ADVANCED_FACE($,(#702),#9654,.F.);
#9965=ADVANCED_FACE($,(#703),#201,.F.);
#9966=ADVANCED_FACE($,(#704),#9655,.T.);
#9967=ADVANCED_FACE($,(#705),#202,.T.);
#9968=ADVANCED_FACE($,(#706),#203,.F.);
#9969=ADVANCED_FACE($,(#707),#204,.F.);
#9970=ADVANCED_FACE($,(#708),#205,.F.);
#9971=ADVANCED_FACE($,(#709),#9656,.T.);
#9972=ADVANCED_FACE($,(#710),#9657,.T.);
#9973=ADVANCED_FACE($,(#711),#206,.F.);
#9974=ADVANCED_FACE($,(#712),#9658,.F.);
#9975=ADVANCED_FACE($,(#713),#207,.F.);
#9976=ADVANCED_FACE($,(#714),#9659,.F.);
#9977=ADVANCED_FACE($,(#715),#208,.F.);
#9978=ADVANCED_FACE($,(#716),#9660,.F.);
#9979=ADVANCED_FACE($,(#717),#209,.F.);
#9980=ADVANCED_FACE($,(#718),#9661,.F.);
#9981=ADVANCED_FACE($,(#719),#210,.F.);
#9982=ADVANCED_FACE($,(#720),#211,.F.);
#9983=ADVANCED_FACE($,(#721),#212,.T.);
#9984=ADVANCED_FACE($,(#722),#9662,.T.);
#9985=ADVANCED_FACE($,(#723),#213,.F.);
#9986=ADVANCED_FACE($,(#724),#9663,.F.);
#9987=ADVANCED_FACE($,(#725),#214,.F.);
#9988=ADVANCED_FACE($,(#726),#9664,.T.);
#9989=ADVANCED_FACE($,(#727),#215,.F.);
#9990=ADVANCED_FACE($,(#728),#9665,.F.);
#9991=ADVANCED_FACE($,(#729),#216,.F.);
#9992=ADVANCED_FACE($,(#730),#9666,.T.);
#9993=ADVANCED_FACE($,(#731),#217,.F.);
#9994=ADVANCED_FACE($,(#732),#218,.F.);
#9995=ADVANCED_FACE($,(#733),#9667,.T.);
#9996=ADVANCED_FACE($,(#734),#219,.F.);
#9997=ADVANCED_FACE($,(#735),#9668,.T.);
#9998=ADVANCED_FACE($,(#736),#9669,.F.);
#9999=ADVANCED_FACE($,(#737),#220,.F.);
#10000=ADVANCED_FACE($,(#738),#221,.F.);
#10001=ADVANCED_FACE($,(#739),#222,.F.);
#10002=ADVANCED_FACE($,(#740),#223,.T.);
#10003=ADVANCED_FACE($,(#741),#224,.F.);
#10004=ADVANCED_FACE($,(#742),#225,.T.);
#10005=ADVANCED_FACE($,(#743),#226,.F.);
#10006=ADVANCED_FACE($,(#744),#227,.F.);
#10007=ADVANCED_FACE($,(#745),#228,.F.);
#10008=ADVANCED_FACE($,(#746),#229,.F.);
#10009=ADVANCED_FACE($,(#747),#230,.F.);
#10010=ADVANCED_FACE($,(#748),#231,.F.);
#10011=ADVANCED_FACE($,(#749),#232,.T.);
#10012=ADVANCED_FACE($,(#750),#233,.F.);
#10013=ADVANCED_FACE($,(#751),#234,.F.);
#10014=ADVANCED_FACE($,(#752),#235,.F.);
#10015=ADVANCED_FACE($,(#753),#236,.F.);
#10016=ADVANCED_FACE($,(#754),#237,.T.);
#10017=ADVANCED_FACE($,(#755),#238,.F.);
#10018=ADVANCED_FACE($,(#756),#239,.F.);
#10019=ADVANCED_FACE($,(#757),#240,.T.);
#10020=ADVANCED_FACE($,(#758),#241,.T.);
#10021=ADVANCED_FACE($,(#759),#242,.T.);
#10022=ADVANCED_FACE($,(#760),#9670,.F.);
#10023=ADVANCED_FACE($,(#761),#9671,.F.);
#10024=ADVANCED_FACE($,(#762),#243,.T.);
#10025=ADVANCED_FACE($,(#763),#244,.T.);
#10026=ADVANCED_FACE($,(#764),#245,.T.);
#10027=ADVANCED_FACE($,(#765),#246,.T.);
#10028=ADVANCED_FACE($,(#766),#247,.T.);
#10029=ADVANCED_FACE($,(#767),#248,.F.);
#10030=ADVANCED_FACE($,(#768),#249,.F.);
#10031=ADVANCED_FACE($,(#769),#250,.F.);
#10032=ADVANCED_FACE($,(#770),#251,.F.);
#10033=ADVANCED_FACE($,(#771),#252,.F.);
#10034=ADVANCED_FACE($,(#772),#253,.T.);
#10035=ADVANCED_FACE($,(#773),#254,.F.);
#10036=ADVANCED_FACE($,(#774),#255,.F.);
#10037=ADVANCED_FACE($,(#775),#256,.T.);
#10038=ADVANCED_FACE($,(#776),#257,.F.);
#10039=ADVANCED_FACE($,(#777),#258,.F.);
#10040=ADVANCED_FACE($,(#778),#259,.F.);
#10041=ADVANCED_FACE($,(#779),#260,.T.);
#10042=ADVANCED_FACE($,(#780),#261,.F.);
#10043=ADVANCED_FACE($,(#781),#262,.F.);
#10044=ADVANCED_FACE($,(#782),#263,.F.);
#10045=ADVANCED_FACE($,(#783),#264,.F.);
#10046=ADVANCED_FACE($,(#784),#265,.F.);
#10047=ADVANCED_FACE($,(#785),#266,.F.);
#10048=ADVANCED_FACE($,(#786),#267,.T.);
#10049=ADVANCED_FACE($,(#787),#268,.T.);
#10050=ADVANCED_FACE($,(#788),#269,.F.);
#10051=ADVANCED_FACE($,(#789),#270,.F.);
#10052=ADVANCED_FACE($,(#790),#271,.T.);
#10053=ADVANCED_FACE($,(#791),#272,.F.);
#10054=ADVANCED_FACE($,(#792),#273,.F.);
#10055=ADVANCED_FACE($,(#793),#274,.T.);
#10056=ADVANCED_FACE($,(#794),#275,.F.);
#10057=ADVANCED_FACE($,(#795),#276,.F.);
#10058=ADVANCED_FACE($,(#796),#277,.F.);
#10059=ADVANCED_FACE($,(#797),#278,.F.);
#10060=ADVANCED_FACE($,(#798),#279,.F.);
#10061=ADVANCED_FACE($,(#799),#280,.F.);
#10062=ADVANCED_FACE($,(#800),#281,.F.);
#10063=ADVANCED_FACE($,(#801),#282,.F.);
#10064=ADVANCED_FACE($,(#802),#283,.F.);
#10065=ADVANCED_FACE($,(#803),#284,.T.);
#10066=ADVANCED_FACE($,(#804),#285,.T.);
#10067=ADVANCED_FACE($,(#805),#286,.F.);
#10068=ADVANCED_FACE($,(#806),#287,.F.);
#10069=ADVANCED_FACE($,(#807),#288,.F.);
#10070=ADVANCED_FACE($,(#808),#289,.T.);
#10071=ADVANCED_FACE($,(#809),#290,.F.);
#10072=ADVANCED_FACE($,(#810),#291,.F.);
#10073=ADVANCED_FACE($,(#811),#292,.F.);
#10074=ADVANCED_FACE($,(#812),#293,.F.);
#10075=ADVANCED_FACE($,(#813),#294,.F.);
#10076=ADVANCED_FACE($,(#814),#295,.F.);
#10077=ADVANCED_FACE($,(#815),#296,.F.);
#10078=ADVANCED_FACE($,(#816),#297,.F.);
#10079=ADVANCED_FACE($,(#817),#298,.F.);
#10080=ADVANCED_FACE($,(#818),#299,.F.);
#10081=ADVANCED_FACE($,(#819),#300,.T.);
#10082=ADVANCED_FACE($,(#820),#301,.T.);
#10083=ADVANCED_FACE($,(#821),#302,.F.);
#10084=ADVANCED_FACE($,(#822),#303,.F.);
#10085=ADVANCED_FACE($,(#823),#304,.T.);
#10086=ADVANCED_FACE($,(#824),#305,.F.);
#10087=ADVANCED_FACE($,(#825),#306,.F.);
#10088=ADVANCED_FACE($,(#826),#307,.T.);
#10089=ADVANCED_FACE($,(#827),#308,.F.);
#10090=ADVANCED_FACE($,(#828),#309,.F.);
#10091=ADVANCED_FACE($,(#829),#310,.T.);
#10092=ADVANCED_FACE($,(#830),#311,.F.);
#10093=ADVANCED_FACE($,(#831),#312,.F.);
#10094=ADVANCED_FACE($,(#832),#313,.F.);
#10095=ADVANCED_FACE($,(#833),#314,.F.);
#10096=ADVANCED_FACE($,(#834),#315,.T.);
#10097=ADVANCED_FACE($,(#835),#316,.F.);
#10098=ADVANCED_FACE($,(#836),#317,.F.);
#10099=ADVANCED_FACE($,(#837),#318,.F.);
#10100=ADVANCED_FACE($,(#838),#319,.F.);
#10101=ADVANCED_FACE($,(#839),#320,.F.);
#10102=ADVANCED_FACE($,(#840),#321,.F.);
#10103=ADVANCED_FACE($,(#841),#322,.F.);
#10104=ADVANCED_FACE($,(#842),#323,.F.);
#10105=ADVANCED_FACE($,(#843),#324,.F.);
#10106=ADVANCED_FACE($,(#844),#325,.F.);
#10107=ADVANCED_FACE($,(#845),#326,.T.);
#10108=ADVANCED_FACE($,(#846),#327,.F.);
#10109=ADVANCED_FACE($,(#847),#328,.T.);
#10110=ADVANCED_FACE($,(#848),#329,.F.);
#10111=ADVANCED_FACE($,(#849),#330,.T.);
#10112=ADVANCED_FACE($,(#850),#9672,.F.);
#10113=ADVANCED_FACE($,(#851),#331,.F.);
#10114=ADVANCED_FACE($,(#852),#332,.F.);
#10115=ADVANCED_FACE($,(#853),#333,.T.);
#10116=ADVANCED_FACE($,(#854),#334,.F.);
#10117=ADVANCED_FACE($,(#855),#335,.F.);
#10118=ADVANCED_FACE($,(#856),#336,.T.);
#10119=ADVANCED_FACE($,(#857),#337,.T.);
#10120=ADVANCED_FACE($,(#858),#338,.F.);
#10121=ADVANCED_FACE($,(#859),#339,.T.);
#10122=ADVANCED_FACE($,(#860),#340,.F.);
#10123=ADVANCED_FACE($,(#861),#341,.T.);
#10124=ADVANCED_FACE($,(#862),#342,.F.);
#10125=ADVANCED_FACE($,(#863),#343,.F.);
#10126=ADVANCED_FACE($,(#864),#344,.F.);
#10127=ADVANCED_FACE($,(#865),#9673,.F.);
#10128=ADVANCED_FACE($,(#866),#345,.T.);
#10129=ADVANCED_FACE($,(#867),#346,.T.);
#10130=ADVANCED_FACE($,(#868),#347,.F.);
#10131=ADVANCED_FACE($,(#869),#348,.F.);
#10132=ADVANCED_FACE($,(#870),#349,.T.);
#10133=ADVANCED_FACE($,(#871),#350,.F.);
#10134=ADVANCED_FACE($,(#872),#351,.F.);
#10135=ADVANCED_FACE($,(#873),#352,.F.);
#10136=ADVANCED_FACE($,(#874),#353,.F.);
#10137=ADVANCED_FACE($,(#875),#354,.F.);
#10138=ADVANCED_FACE($,(#876),#355,.F.);
#10139=ADVANCED_FACE($,(#877),#356,.T.);
#10140=ADVANCED_FACE($,(#878),#357,.F.);
#10141=ADVANCED_FACE($,(#879),#358,.T.);
#10142=ADVANCED_FACE($,(#880),#359,.T.);
#10143=ADVANCED_FACE($,(#881),#360,.F.);
#10144=ADVANCED_FACE($,(#882),#361,.T.);
#10145=ADVANCED_FACE($,(#883),#362,.F.);
#10146=ADVANCED_FACE($,(#884),#363,.T.);
#10147=ADVANCED_FACE($,(#885),#364,.T.);
#10148=ADVANCED_FACE($,(#886),#365,.T.);
#10149=ADVANCED_FACE($,(#887),#366,.T.);
#10150=ADVANCED_FACE($,(#888),#367,.T.);
#10151=ADVANCED_FACE($,(#889),#368,.T.);
#10152=ADVANCED_FACE($,(#890),#369,.T.);
#10153=ADVANCED_FACE($,(#891),#370,.T.);
#10154=ADVANCED_FACE($,(#892),#371,.T.);
#10155=ADVANCED_FACE($,(#893),#372,.T.);
#10156=ADVANCED_FACE($,(#894),#373,.T.);
#10157=ADVANCED_FACE($,(#895),#374,.T.);
#10158=ADVANCED_FACE($,(#896),#375,.T.);
#10159=ADVANCED_FACE($,(#897),#9674,.T.);
#10160=ADVANCED_FACE($,(#898),#376,.F.);
#10161=ADVANCED_FACE($,(#899),#377,.F.);
#10162=ADVANCED_FACE($,(#900),#378,.F.);
#10163=ADVANCED_FACE($,(#901),#379,.T.);
#10164=ADVANCED_FACE($,(#902),#380,.T.);
#10165=ADVANCED_FACE($,(#903),#381,.F.);
#10166=ADVANCED_FACE($,(#904),#382,.T.);
#10167=ADVANCED_FACE($,(#905),#383,.T.);
#10168=ADVANCED_FACE($,(#906),#384,.T.);
#10169=ADVANCED_FACE($,(#907),#385,.T.);
#10170=ADVANCED_FACE($,(#908),#386,.T.);
#10171=ADVANCED_FACE($,(#909),#387,.F.);
#10172=ADVANCED_FACE($,(#910),#388,.T.);
#10173=ADVANCED_FACE($,(#911),#389,.F.);
#10174=ADVANCED_FACE($,(#912),#390,.F.);
#10175=ADVANCED_FACE($,(#913),#391,.F.);
#10176=ADVANCED_FACE($,(#914),#392,.T.);
#10177=ADVANCED_FACE($,(#915),#393,.F.);
#10178=ADVANCED_FACE($,(#916),#394,.F.);
#10179=ADVANCED_FACE($,(#917),#395,.F.);
#10180=ADVANCED_FACE($,(#918),#396,.T.);
#10181=ADVANCED_FACE($,(#919),#397,.F.);
#10182=ADVANCED_FACE($,(#920),#398,.F.);
#10183=ADVANCED_FACE($,(#921),#9675,.T.);
#10184=ADVANCED_FACE($,(#922),#9676,.T.);
#10185=ADVANCED_FACE($,(#923),#9677,.T.);
#10186=ADVANCED_FACE($,(#924),#9678,.T.);
#10187=ADVANCED_FACE($,(#925),#9679,.T.);
#10188=ADVANCED_FACE($,(#926),#9680,.T.);
#10189=ADVANCED_FACE($,(#927),#9681,.T.);
#10190=ADVANCED_FACE($,(#928),#9682,.T.);
#10191=ADVANCED_FACE($,(#929),#9683,.T.);
#10192=ADVANCED_FACE($,(#930),#9684,.T.);
#10193=ADVANCED_FACE($,(#931),#399,.T.);
#10194=ADVANCED_FACE($,(#932),#400,.T.);
#10195=ADVANCED_FACE($,(#933),#401,.T.);
#10196=ADVANCED_FACE($,(#934),#402,.T.);
#10197=ADVANCED_FACE($,(#935),#403,.T.);
#10198=ADVANCED_FACE($,(#936),#9685,.T.);
#10199=ADVANCED_FACE($,(#937),#9686,.T.);
#10200=ADVANCED_FACE($,(#938),#9687,.T.);
#10201=ADVANCED_FACE($,(#939),#404,.F.);
#10202=ADVANCED_FACE($,(#940),#405,.F.);
#10203=ADVANCED_FACE($,(#941),#406,.F.);
#10204=ADVANCED_FACE($,(#942),#407,.T.);
#10205=ADVANCED_FACE($,(#943),#408,.T.);
#10206=ADVANCED_FACE($,(#944),#409,.T.);
#10207=ADVANCED_FACE($,(#945),#9688,.T.);
#10208=ADVANCED_FACE($,(#946),#410,.F.);
#10209=ADVANCED_FACE($,(#947),#411,.F.);
#10210=ADVANCED_FACE($,(#948),#412,.F.);
#10211=ADVANCED_FACE($,(#949),#413,.T.);
#10212=ADVANCED_FACE($,(#950),#414,.T.);
#10213=ADVANCED_FACE($,(#951),#415,.T.);
#10214=ADVANCED_FACE($,(#952),#416,.T.);
#10215=ADVANCED_FACE($,(#953),#417,.T.);
#10216=ADVANCED_FACE($,(#954),#418,.T.);
#10217=ADVANCED_FACE($,(#955),#419,.T.);
#10218=ADVANCED_FACE($,(#956),#420,.T.);
#10219=ADVANCED_FACE($,(#957),#421,.F.);
#10220=ADVANCED_FACE($,(#958),#422,.T.);
#10221=ADVANCED_FACE($,(#959),#423,.F.);
#10222=ADVANCED_FACE($,(#960),#424,.F.);
#10223=ADVANCED_FACE($,(#961),#9689,.T.);
#10224=ADVANCED_FACE($,(#962),#9690,.T.);
#10225=ADVANCED_FACE($,(#963),#9691,.T.);
#10226=ADVANCED_FACE($,(#964),#425,.T.);
#10227=ADVANCED_FACE($,(#965),#426,.F.);
#10228=ADVANCED_FACE($,(#966),#427,.F.);
#10229=ADVANCED_FACE($,(#967),#428,.T.);
#10230=ADVANCED_FACE($,(#968),#429,.T.);
#10231=CLOSED_SHELL($,(#9692,#9693,#9694,#9695,#9696,#9697,#9698,#9699,
#9700,#9701,#9702,#9703,#9704,#9705,#9706,#9707,#9708,#9709,#9710));
#10232=CLOSED_SHELL($,(#9711,#9712,#9713,#9714,#9715,#9716,#9717,#9718,
#9719,#9720,#9721,#9722,#9723,#9724,#9725,#9726,#9727,#9728));
#10233=CLOSED_SHELL($,(#9729,#9730,#9731,#9732,#9733,#9734,#9735,#9736,
#9737,#9738,#9739,#9740,#9741,#9742,#9743));
#10234=CLOSED_SHELL($,(#9744,#9745,#9746,#9747,#9748,#9749,#9750,#9751,
#9752,#9753,#9754,#9755,#9756,#9757,#9758,#9759,#9760,#9761));
#10235=CLOSED_SHELL($,(#9762,#9763,#9764,#9765,#9766,#9767,#9768,#9769,
#9770,#9771,#9772,#9773,#9774,#9775,#9776,#9777,#9778,#9779));
#10236=CLOSED_SHELL($,(#9780,#9781,#9782,#9783,#9784,#9785,#9786,#9787,
#9788,#9789,#9790,#9791,#9792,#9793,#9794,#9795,#9796,#9797));
#10237=CLOSED_SHELL($,(#9798,#9799,#9800,#9801,#9802,#9803,#9804,#9805,
#9806,#9807,#9808,#9809,#9810,#9811));
#10238=CLOSED_SHELL($,(#9812,#9813,#9814,#9815,#9816,#9817,#9818,#9819,
#9820,#9821,#9822,#9823,#9824,#9825,#9826));
#10239=CLOSED_SHELL($,(#9827,#9828,#9829,#9830,#9831,#9832,#9833,#9834,
#9835,#9836,#9837,#9838,#9839,#9840,#9841));
#10240=CLOSED_SHELL($,(#9842,#9843,#9844,#9845,#9846,#9847,#9848,#9849,
#9850,#9851,#9852,#9853,#9854,#9855,#9856,#9857,#9858,#9859,#9860));
#10241=CLOSED_SHELL($,(#9861,#9862,#9863,#9864,#9865,#9866,#9867,#9868,
#9869,#9870,#9871,#9872,#9873,#9874,#9875,#9876,#9877,#9878,#9879));
#10242=CLOSED_SHELL($,(#9880,#9881,#9882,#9883,#9884,#9885,#9886,#9887,
#9888,#9889,#9890,#9891,#9892,#9893,#9894,#9895,#9896,#9897,#9898));
#10243=CLOSED_SHELL($,(#9899,#9900,#9901,#9902,#9903,#9904,#9905,#9906,
#9907,#9908,#9909,#9910,#9911,#9912,#9913,#9914,#9915,#9916,#9917,#9918,
#9919,#9920,#9921,#9922,#9923,#9924));
#10244=CLOSED_SHELL($,(#9925,#9926,#9927,#9928,#9929,#9930,#9931,#9932,
#9933,#9934,#9935,#9936,#9937,#9938,#9939,#9940,#9941,#9942,#9943,#9944,
#9945,#9946,#9947,#9948,#9949,#9950));
#10245=CLOSED_SHELL($,(#9951,#9952,#9953,#9954,#9955,#9956,#9957,#9958,
#9959,#9960,#9961,#9962,#9963,#9964,#9965,#9966,#9967,#9968));
#10246=CLOSED_SHELL($,(#9969,#9970,#9971,#9972,#9973,#9974,#9975,#9976,
#9977,#9978,#9979,#9980,#9981,#9982,#9983));
#10247=CLOSED_SHELL($,(#9984,#9985,#9986,#9987,#9988,#9989,#9990,#9991,
#9992,#9993,#9994,#9995,#9996,#9997,#9998,#9999,#10000,#10001,#10002));
#10248=CLOSED_SHELL($,(#10003,#10004,#10005,#10006,#10007,#10008,#10009,
#10010,#10011,#10012,#10013,#10014,#10015,#10016,#10017,#10018,#10019,#10020,
#10021,#10022,#10023,#10024,#10025,#10026,#10027,#10028,#10029,#10030,#10031,
#10032,#10033,#10034,#10035,#10036,#10037,#10038,#10039,#10040,#10041,#10042,
#10043,#10044,#10045,#10046,#10047,#10048,#10049,#10050,#10051,#10052,#10053,
#10054,#10055,#10056,#10057,#10058,#10059,#10060,#10061,#10062,#10063,#10064,
#10065,#10066,#10067,#10068,#10069,#10070,#10071,#10072,#10073,#10074,#10075,
#10076,#10077,#10078,#10079,#10080,#10081,#10082,#10083,#10084,#10085,#10086,
#10087,#10088,#10089,#10090,#10091,#10092,#10093,#10094,#10095,#10096,#10097,
#10098,#10099,#10100,#10101,#10102,#10103,#10104,#10105,#10106,#10107,#10108,
#10109,#10110,#10111,#10112,#10113,#10114,#10115,#10116,#10117,#10118,#10119,
#10120,#10121,#10122,#10123,#10124,#10125,#10126,#10127,#10128,#10129,#10130,
#10131,#10132,#10133,#10134,#10135,#10136,#10137,#10138,#10139,#10140,#10141,
#10142,#10143,#10144));
#10249=CLOSED_SHELL($,(#10145,#10146,#10147,#10148,#10149,#10150,#10151,
#10152,#10153,#10154,#10155,#10156,#10157,#10158,#10159,#10160,#10161,#10162,
#10163,#10164,#10165,#10166,#10167,#10168,#10169,#10170,#10171,#10172,#10173,
#10174,#10175,#10176,#10177,#10178,#10179,#10180,#10181,#10182,#10183,#10184,
#10185,#10186,#10187,#10188,#10189,#10190,#10191,#10192,#10193,#10194,#10195,
#10196,#10197,#10198,#10199,#10200,#10201,#10202,#10203,#10204,#10205,#10206,
#10207,#10208,#10209,#10210,#10211,#10212,#10213,#10214,#10215,#10216,#10217,
#10218,#10219,#10220,#10221,#10222,#10223,#10224,#10225,#10226,#10227,#10228,
#10229,#10230));
#10250=MANIFOLD_SOLID_BREP('ASM Body',#10231);
#10251=MANIFOLD_SOLID_BREP('ASM Body',#10232);
#10252=MANIFOLD_SOLID_BREP('ASM Body',#10233);
#10253=MANIFOLD_SOLID_BREP('ASM Body',#10234);
#10254=MANIFOLD_SOLID_BREP('ASM Body',#10235);
#10255=MANIFOLD_SOLID_BREP('ASM Body',#10236);
#10256=MANIFOLD_SOLID_BREP('ASM Body',#10237);
#10257=MANIFOLD_SOLID_BREP('ASM Body',#10238);
#10258=MANIFOLD_SOLID_BREP('ASM Body',#10239);
#10259=MANIFOLD_SOLID_BREP('ASM Body',#10240);
#10260=MANIFOLD_SOLID_BREP('ASM Body',#10241);
#10261=MANIFOLD_SOLID_BREP('ASM Body',#10242);
#10262=MANIFOLD_SOLID_BREP('ASM Body',#10243);
#10263=MANIFOLD_SOLID_BREP('ASM Body',#10244);
#10264=MANIFOLD_SOLID_BREP('ASM Body',#10245);
#10265=MANIFOLD_SOLID_BREP('ASM Body',#10246);
#10266=MANIFOLD_SOLID_BREP('ASM Body',#10247);
#10267=MANIFOLD_SOLID_BREP('ASM Body',#10248);
#10268=MANIFOLD_SOLID_BREP('ASM Body',#10249);
#10269=AXIS2_PLACEMENT_3D('placement',#13923,#11090,#11091);
#10270=AXIS2_PLACEMENT_3D($,#13924,#11092,#11093);
#10271=AXIS2_PLACEMENT_3D($,#13927,#11094,#11095);
#10272=AXIS2_PLACEMENT_3D($,#13931,#11097,#11098);
#10273=AXIS2_PLACEMENT_3D($,#13933,#11100,#11101);
#10274=AXIS2_PLACEMENT_3D($,#13942,#11106,#11107);
#10275=AXIS2_PLACEMENT_3D($,#13944,#11108,#11109);
#10276=AXIS2_PLACEMENT_3D($,#13947,#11111,#11112);
#10277=AXIS2_PLACEMENT_3D($,#13948,#11113,#11114);
#10278=AXIS2_PLACEMENT_3D($,#13954,#11118,#11119);
#10279=AXIS2_PLACEMENT_3D($,#13956,#11120,#11121);
#10280=AXIS2_PLACEMENT_3D($,#13959,#11123,#11124);
#10281=AXIS2_PLACEMENT_3D($,#13960,#11125,#11126);
#10282=AXIS2_PLACEMENT_3D($,#13966,#11130,#11131);
#10283=AXIS2_PLACEMENT_3D($,#13968,#11132,#11133);
#10284=AXIS2_PLACEMENT_3D($,#13971,#11135,#11136);
#10285=AXIS2_PLACEMENT_3D($,#13972,#11137,#11138);
#10286=AXIS2_PLACEMENT_3D($,#13978,#11142,#11143);
#10287=AXIS2_PLACEMENT_3D($,#13980,#11144,#11145);
#10288=AXIS2_PLACEMENT_3D($,#13983,#11147,#11148);
#10289=AXIS2_PLACEMENT_3D($,#13984,#11149,#11150);
#10290=AXIS2_PLACEMENT_3D($,#13987,#11153,#11154);
#10291=AXIS2_PLACEMENT_3D($,#13993,#11158,#11159);
#10292=AXIS2_PLACEMENT_3D($,#13995,#11160,#11161);
#10293=AXIS2_PLACEMENT_3D($,#13998,#11163,#11164);
#10294=AXIS2_PLACEMENT_3D($,#13999,#11165,#11166);
#10295=AXIS2_PLACEMENT_3D($,#14005,#11170,#11171);
#10296=AXIS2_PLACEMENT_3D($,#14007,#11172,#11173);
#10297=AXIS2_PLACEMENT_3D($,#14010,#11175,#11176);
#10298=AXIS2_PLACEMENT_3D($,#14011,#11177,#11178);
#10299=AXIS2_PLACEMENT_3D($,#14013,#11179,#11180);
#10300=AXIS2_PLACEMENT_3D($,#14016,#11182,#11183);
#10301=AXIS2_PLACEMENT_3D($,#14017,#11184,#11185);
#10302=AXIS2_PLACEMENT_3D($,#14023,#11189,#11190);
#10303=AXIS2_PLACEMENT_3D($,#14026,#11193,#11194);
#10304=AXIS2_PLACEMENT_3D($,#14027,#11195,#11196);
#10305=AXIS2_PLACEMENT_3D($,#14028,#11197,#11198);
#10306=AXIS2_PLACEMENT_3D($,#14037,#11203,#11204);
#10307=AXIS2_PLACEMENT_3D($,#14043,#11208,#11209);
#10308=AXIS2_PLACEMENT_3D($,#14045,#11210,#11211);
#10309=AXIS2_PLACEMENT_3D($,#14048,#11213,#11214);
#10310=AXIS2_PLACEMENT_3D($,#14049,#11215,#11216);
#10311=AXIS2_PLACEMENT_3D($,#14055,#11220,#11221);
#10312=AXIS2_PLACEMENT_3D($,#14057,#11222,#11223);
#10313=AXIS2_PLACEMENT_3D($,#14060,#11225,#11226);
#10314=AXIS2_PLACEMENT_3D($,#14061,#11227,#11228);
#10315=AXIS2_PLACEMENT_3D($,#14067,#11232,#11233);
#10316=AXIS2_PLACEMENT_3D($,#14069,#11234,#11235);
#10317=AXIS2_PLACEMENT_3D($,#14072,#11237,#11238);
#10318=AXIS2_PLACEMENT_3D($,#14073,#11239,#11240);
#10319=AXIS2_PLACEMENT_3D($,#14079,#11244,#11245);
#10320=AXIS2_PLACEMENT_3D($,#14085,#11249,#11250);
#10321=AXIS2_PLACEMENT_3D($,#14091,#11254,#11255);
#10322=AXIS2_PLACEMENT_3D($,#14097,#11259,#11260);
#10323=AXIS2_PLACEMENT_3D($,#14099,#11261,#11262);
#10324=AXIS2_PLACEMENT_3D($,#14102,#11264,#11265);
#10325=AXIS2_PLACEMENT_3D($,#14103,#11266,#11267);
#10326=AXIS2_PLACEMENT_3D($,#14109,#11271,#11272);
#10327=AXIS2_PLACEMENT_3D($,#14111,#11273,#11274);
#10328=AXIS2_PLACEMENT_3D($,#14114,#11276,#11277);
#10329=AXIS2_PLACEMENT_3D($,#14115,#11278,#11279);
#10330=AXIS2_PLACEMENT_3D($,#14121,#11283,#11284);
#10331=AXIS2_PLACEMENT_3D($,#14122,#11285,#11286);
#10332=AXIS2_PLACEMENT_3D($,#14123,#11287,#11288);
#10333=AXIS2_PLACEMENT_3D($,#14124,#11289,#11290);
#10334=AXIS2_PLACEMENT_3D($,#14125,#11291,#11292);
#10335=AXIS2_PLACEMENT_3D($,#14126,#11293,#11294);
#10336=AXIS2_PLACEMENT_3D($,#14135,#11299,#11300);
#10337=AXIS2_PLACEMENT_3D($,#14141,#11304,#11305);
#10338=AXIS2_PLACEMENT_3D($,#14143,#11306,#11307);
#10339=AXIS2_PLACEMENT_3D($,#14146,#11309,#11310);
#10340=AXIS2_PLACEMENT_3D($,#14147,#11311,#11312);
#10341=AXIS2_PLACEMENT_3D($,#14149,#11313,#11314);
#10342=AXIS2_PLACEMENT_3D($,#14152,#11316,#11317);
#10343=AXIS2_PLACEMENT_3D($,#14153,#11318,#11319);
#10344=AXIS2_PLACEMENT_3D($,#14159,#11323,#11324);
#10345=AXIS2_PLACEMENT_3D($,#14161,#11325,#11326);
#10346=AXIS2_PLACEMENT_3D($,#14164,#11328,#11329);
#10347=AXIS2_PLACEMENT_3D($,#14165,#11330,#11331);
#10348=AXIS2_PLACEMENT_3D($,#14171,#11335,#11336);
#10349=AXIS2_PLACEMENT_3D($,#14173,#11337,#11338);
#10350=AXIS2_PLACEMENT_3D($,#14176,#11340,#11341);
#10351=AXIS2_PLACEMENT_3D($,#14177,#11342,#11343);
#10352=AXIS2_PLACEMENT_3D($,#14183,#11347,#11348);
#10353=AXIS2_PLACEMENT_3D($,#14185,#11349,#11350);
#10354=AXIS2_PLACEMENT_3D($,#14188,#11352,#11353);
#10355=AXIS2_PLACEMENT_3D($,#14189,#11354,#11355);
#10356=AXIS2_PLACEMENT_3D($,#14195,#11359,#11360);
#10357=AXIS2_PLACEMENT_3D($,#14197,#11361,#11362);
#10358=AXIS2_PLACEMENT_3D($,#14200,#11364,#11365);
#10359=AXIS2_PLACEMENT_3D($,#14201,#11366,#11367);
#10360=AXIS2_PLACEMENT_3D($,#14204,#11370,#11371);
#10361=AXIS2_PLACEMENT_3D($,#14205,#11372,#11373);
#10362=AXIS2_PLACEMENT_3D($,#14206,#11374,#11375);
#10363=AXIS2_PLACEMENT_3D($,#14215,#11380,#11381);
#10364=AXIS2_PLACEMENT_3D($,#14221,#11385,#11386);
#10365=AXIS2_PLACEMENT_3D($,#14223,#11387,#11388);
#10366=AXIS2_PLACEMENT_3D($,#14226,#11390,#11391);
#10367=AXIS2_PLACEMENT_3D($,#14227,#11392,#11393);
#10368=AXIS2_PLACEMENT_3D($,#14233,#11397,#11398);
#10369=AXIS2_PLACEMENT_3D($,#14235,#11399,#11400);
#10370=AXIS2_PLACEMENT_3D($,#14238,#11402,#11403);
#10371=AXIS2_PLACEMENT_3D($,#14239,#11404,#11405);
#10372=AXIS2_PLACEMENT_3D($,#14245,#11409,#11410);
#10373=AXIS2_PLACEMENT_3D($,#14247,#11411,#11412);
#10374=AXIS2_PLACEMENT_3D($,#14250,#11414,#11415);
#10375=AXIS2_PLACEMENT_3D($,#14251,#11416,#11417);
#10376=AXIS2_PLACEMENT_3D($,#14257,#11421,#11422);
#10377=AXIS2_PLACEMENT_3D($,#14263,#11426,#11427);
#10378=AXIS2_PLACEMENT_3D($,#14269,#11431,#11432);
#10379=AXIS2_PLACEMENT_3D($,#14275,#11436,#11437);
#10380=AXIS2_PLACEMENT_3D($,#14277,#11438,#11439);
#10381=AXIS2_PLACEMENT_3D($,#14280,#11441,#11442);
#10382=AXIS2_PLACEMENT_3D($,#14281,#11443,#11444);
#10383=AXIS2_PLACEMENT_3D($,#14287,#11448,#11449);
#10384=AXIS2_PLACEMENT_3D($,#14289,#11450,#11451);
#10385=AXIS2_PLACEMENT_3D($,#14292,#11453,#11454);
#10386=AXIS2_PLACEMENT_3D($,#14293,#11455,#11456);
#10387=AXIS2_PLACEMENT_3D($,#14299,#11460,#11461);
#10388=AXIS2_PLACEMENT_3D($,#14300,#11462,#11463);
#10389=AXIS2_PLACEMENT_3D($,#14301,#11464,#11465);
#10390=AXIS2_PLACEMENT_3D($,#14302,#11466,#11467);
#10391=AXIS2_PLACEMENT_3D($,#14303,#11468,#11469);
#10392=AXIS2_PLACEMENT_3D($,#14304,#11470,#11471);
#10393=AXIS2_PLACEMENT_3D($,#14313,#11476,#11477);
#10394=AXIS2_PLACEMENT_3D($,#14319,#11481,#11482);
#10395=AXIS2_PLACEMENT_3D($,#14321,#11483,#11484);
#10396=AXIS2_PLACEMENT_3D($,#14324,#11486,#11487);
#10397=AXIS2_PLACEMENT_3D($,#14325,#11488,#11489);
#10398=AXIS2_PLACEMENT_3D($,#14331,#11493,#11494);
#10399=AXIS2_PLACEMENT_3D($,#14333,#11495,#11496);
#10400=AXIS2_PLACEMENT_3D($,#14336,#11498,#11499);
#10401=AXIS2_PLACEMENT_3D($,#14337,#11500,#11501);
#10402=AXIS2_PLACEMENT_3D($,#14343,#11505,#11506);
#10403=AXIS2_PLACEMENT_3D($,#14345,#11507,#11508);
#10404=AXIS2_PLACEMENT_3D($,#14348,#11510,#11511);
#10405=AXIS2_PLACEMENT_3D($,#14349,#11512,#11513);
#10406=AXIS2_PLACEMENT_3D($,#14355,#11517,#11518);
#10407=AXIS2_PLACEMENT_3D($,#14361,#11522,#11523);
#10408=AXIS2_PLACEMENT_3D($,#14367,#11527,#11528);
#10409=AXIS2_PLACEMENT_3D($,#14373,#11532,#11533);
#10410=AXIS2_PLACEMENT_3D($,#14375,#11534,#11535);
#10411=AXIS2_PLACEMENT_3D($,#14378,#11537,#11538);
#10412=AXIS2_PLACEMENT_3D($,#14379,#11539,#11540);
#10413=AXIS2_PLACEMENT_3D($,#14385,#11544,#11545);
#10414=AXIS2_PLACEMENT_3D($,#14387,#11546,#11547);
#10415=AXIS2_PLACEMENT_3D($,#14390,#11549,#11550);
#10416=AXIS2_PLACEMENT_3D($,#14391,#11551,#11552);
#10417=AXIS2_PLACEMENT_3D($,#14397,#11556,#11557);
#10418=AXIS2_PLACEMENT_3D($,#14398,#11558,#11559);
#10419=AXIS2_PLACEMENT_3D($,#14399,#11560,#11561);
#10420=AXIS2_PLACEMENT_3D($,#14400,#11562,#11563);
#10421=AXIS2_PLACEMENT_3D($,#14401,#11564,#11565);
#10422=AXIS2_PLACEMENT_3D($,#14402,#11566,#11567);
#10423=AXIS2_PLACEMENT_3D($,#14411,#11572,#11573);
#10424=AXIS2_PLACEMENT_3D($,#14417,#11577,#11578);
#10425=AXIS2_PLACEMENT_3D($,#14419,#11579,#11580);
#10426=AXIS2_PLACEMENT_3D($,#14422,#11582,#11583);
#10427=AXIS2_PLACEMENT_3D($,#14423,#11584,#11585);
#10428=AXIS2_PLACEMENT_3D($,#14429,#11589,#11590);
#10429=AXIS2_PLACEMENT_3D($,#14431,#11591,#11592);
#10430=AXIS2_PLACEMENT_3D($,#14434,#11594,#11595);
#10431=AXIS2_PLACEMENT_3D($,#14435,#11596,#11597);
#10432=AXIS2_PLACEMENT_3D($,#14441,#11601,#11602);
#10433=AXIS2_PLACEMENT_3D($,#14443,#11603,#11604);
#10434=AXIS2_PLACEMENT_3D($,#14446,#11606,#11607);
#10435=AXIS2_PLACEMENT_3D($,#14447,#11608,#11609);
#10436=AXIS2_PLACEMENT_3D($,#14453,#11613,#11614);
#10437=AXIS2_PLACEMENT_3D($,#14459,#11618,#11619);
#10438=AXIS2_PLACEMENT_3D($,#14465,#11623,#11624);
#10439=AXIS2_PLACEMENT_3D($,#14471,#11628,#11629);
#10440=AXIS2_PLACEMENT_3D($,#14473,#11630,#11631);
#10441=AXIS2_PLACEMENT_3D($,#14476,#11633,#11634);
#10442=AXIS2_PLACEMENT_3D($,#14477,#11635,#11636);
#10443=AXIS2_PLACEMENT_3D($,#14483,#11640,#11641);
#10444=AXIS2_PLACEMENT_3D($,#14485,#11642,#11643);
#10445=AXIS2_PLACEMENT_3D($,#14488,#11645,#11646);
#10446=AXIS2_PLACEMENT_3D($,#14489,#11647,#11648);
#10447=AXIS2_PLACEMENT_3D($,#14495,#11652,#11653);
#10448=AXIS2_PLACEMENT_3D($,#14496,#11654,#11655);
#10449=AXIS2_PLACEMENT_3D($,#14497,#11656,#11657);
#10450=AXIS2_PLACEMENT_3D($,#14498,#11658,#11659);
#10451=AXIS2_PLACEMENT_3D($,#14499,#11660,#11661);
#10452=AXIS2_PLACEMENT_3D($,#14500,#11662,#11663);
#10453=AXIS2_PLACEMENT_3D($,#14509,#11668,#11669);
#10454=AXIS2_PLACEMENT_3D($,#14515,#11673,#11674);
#10455=AXIS2_PLACEMENT_3D($,#14517,#11675,#11676);
#10456=AXIS2_PLACEMENT_3D($,#14520,#11678,#11679);
#10457=AXIS2_PLACEMENT_3D($,#14521,#11680,#11681);
#10458=AXIS2_PLACEMENT_3D($,#14523,#11682,#11683);
#10459=AXIS2_PLACEMENT_3D($,#14526,#11685,#11686);
#10460=AXIS2_PLACEMENT_3D($,#14527,#11687,#11688);
#10461=AXIS2_PLACEMENT_3D($,#14533,#11692,#11693);
#10462=AXIS2_PLACEMENT_3D($,#14535,#11694,#11695);
#10463=AXIS2_PLACEMENT_3D($,#14538,#11697,#11698);
#10464=AXIS2_PLACEMENT_3D($,#14539,#11699,#11700);
#10465=AXIS2_PLACEMENT_3D($,#14541,#11701,#11702);
#10466=AXIS2_PLACEMENT_3D($,#14545,#11704,#11705);
#10467=AXIS2_PLACEMENT_3D($,#14547,#11707,#11708);
#10468=AXIS2_PLACEMENT_3D($,#14553,#11712,#11713);
#10469=AXIS2_PLACEMENT_3D($,#14555,#11714,#11715);
#10470=AXIS2_PLACEMENT_3D($,#14558,#11717,#11718);
#10471=AXIS2_PLACEMENT_3D($,#14559,#11719,#11720);
#10472=AXIS2_PLACEMENT_3D($,#14565,#11724,#11725);
#10473=AXIS2_PLACEMENT_3D($,#14567,#11726,#11727);
#10474=AXIS2_PLACEMENT_3D($,#14570,#11729,#11730);
#10475=AXIS2_PLACEMENT_3D($,#14571,#11731,#11732);
#10476=AXIS2_PLACEMENT_3D($,#14574,#11735,#11736);
#10477=AXIS2_PLACEMENT_3D($,#14576,#11738,#11739);
#10478=AXIS2_PLACEMENT_3D($,#14577,#11740,#11741);
#10479=AXIS2_PLACEMENT_3D($,#14586,#11746,#11747);
#10480=AXIS2_PLACEMENT_3D($,#14592,#11751,#11752);
#10481=AXIS2_PLACEMENT_3D($,#14594,#11753,#11754);
#10482=AXIS2_PLACEMENT_3D($,#14597,#11756,#11757);
#10483=AXIS2_PLACEMENT_3D($,#14598,#11758,#11759);
#10484=AXIS2_PLACEMENT_3D($,#14600,#11760,#11761);
#10485=AXIS2_PLACEMENT_3D($,#14603,#11763,#11764);
#10486=AXIS2_PLACEMENT_3D($,#14604,#11765,#11766);
#10487=AXIS2_PLACEMENT_3D($,#14610,#11770,#11771);
#10488=AXIS2_PLACEMENT_3D($,#14612,#11772,#11773);
#10489=AXIS2_PLACEMENT_3D($,#14615,#11775,#11776);
#10490=AXIS2_PLACEMENT_3D($,#14616,#11777,#11778);
#10491=AXIS2_PLACEMENT_3D($,#14622,#11782,#11783);
#10492=AXIS2_PLACEMENT_3D($,#14624,#11784,#11785);
#10493=AXIS2_PLACEMENT_3D($,#14627,#11787,#11788);
#10494=AXIS2_PLACEMENT_3D($,#14628,#11789,#11790);
#10495=AXIS2_PLACEMENT_3D($,#14634,#11794,#11795);
#10496=AXIS2_PLACEMENT_3D($,#14636,#11796,#11797);
#10497=AXIS2_PLACEMENT_3D($,#14639,#11799,#11800);
#10498=AXIS2_PLACEMENT_3D($,#14640,#11801,#11802);
#10499=AXIS2_PLACEMENT_3D($,#14646,#11806,#11807);
#10500=AXIS2_PLACEMENT_3D($,#14648,#11808,#11809);
#10501=AXIS2_PLACEMENT_3D($,#14651,#11811,#11812);
#10502=AXIS2_PLACEMENT_3D($,#14652,#11813,#11814);
#10503=AXIS2_PLACEMENT_3D($,#14655,#11817,#11818);
#10504=AXIS2_PLACEMENT_3D($,#14656,#11819,#11820);
#10505=AXIS2_PLACEMENT_3D($,#14657,#11821,#11822);
#10506=AXIS2_PLACEMENT_3D($,#14666,#11827,#11828);
#10507=AXIS2_PLACEMENT_3D($,#14672,#11832,#11833);
#10508=AXIS2_PLACEMENT_3D($,#14674,#11834,#11835);
#10509=AXIS2_PLACEMENT_3D($,#14677,#11837,#11838);
#10510=AXIS2_PLACEMENT_3D($,#14678,#11839,#11840);
#10511=AXIS2_PLACEMENT_3D($,#14680,#11841,#11842);
#10512=AXIS2_PLACEMENT_3D($,#14683,#11844,#11845);
#10513=AXIS2_PLACEMENT_3D($,#14684,#11846,#11847);
#10514=AXIS2_PLACEMENT_3D($,#14690,#11851,#11852);
#10515=AXIS2_PLACEMENT_3D($,#14692,#11853,#11854);
#10516=AXIS2_PLACEMENT_3D($,#14695,#11856,#11857);
#10517=AXIS2_PLACEMENT_3D($,#14696,#11858,#11859);
#10518=AXIS2_PLACEMENT_3D($,#14702,#11863,#11864);
#10519=AXIS2_PLACEMENT_3D($,#14704,#11865,#11866);
#10520=AXIS2_PLACEMENT_3D($,#14707,#11868,#11869);
#10521=AXIS2_PLACEMENT_3D($,#14708,#11870,#11871);
#10522=AXIS2_PLACEMENT_3D($,#14714,#11875,#11876);
#10523=AXIS2_PLACEMENT_3D($,#14716,#11877,#11878);
#10524=AXIS2_PLACEMENT_3D($,#14719,#11880,#11881);
#10525=AXIS2_PLACEMENT_3D($,#14720,#11882,#11883);
#10526=AXIS2_PLACEMENT_3D($,#14726,#11887,#11888);
#10527=AXIS2_PLACEMENT_3D($,#14728,#11889,#11890);
#10528=AXIS2_PLACEMENT_3D($,#14731,#11892,#11893);
#10529=AXIS2_PLACEMENT_3D($,#14732,#11894,#11895);
#10530=AXIS2_PLACEMENT_3D($,#14735,#11898,#11899);
#10531=AXIS2_PLACEMENT_3D($,#14736,#11900,#11901);
#10532=AXIS2_PLACEMENT_3D($,#14737,#11902,#11903);
#10533=AXIS2_PLACEMENT_3D($,#14740,#11904,#11905);
#10534=AXIS2_PLACEMENT_3D($,#14744,#11907,#11908);
#10535=AXIS2_PLACEMENT_3D($,#14746,#11910,#11911);
#10536=AXIS2_PLACEMENT_3D($,#14755,#11916,#11917);
#10537=AXIS2_PLACEMENT_3D($,#14757,#11918,#11919);
#10538=AXIS2_PLACEMENT_3D($,#14760,#11921,#11922);
#10539=AXIS2_PLACEMENT_3D($,#14761,#11923,#11924);
#10540=AXIS2_PLACEMENT_3D($,#14767,#11928,#11929);
#10541=AXIS2_PLACEMENT_3D($,#14769,#11930,#11931);
#10542=AXIS2_PLACEMENT_3D($,#14772,#11933,#11934);
#10543=AXIS2_PLACEMENT_3D($,#14773,#11935,#11936);
#10544=AXIS2_PLACEMENT_3D($,#14779,#11940,#11941);
#10545=AXIS2_PLACEMENT_3D($,#14781,#11942,#11943);
#10546=AXIS2_PLACEMENT_3D($,#14784,#11945,#11946);
#10547=AXIS2_PLACEMENT_3D($,#14785,#11947,#11948);
#10548=AXIS2_PLACEMENT_3D($,#14791,#11952,#11953);
#10549=AXIS2_PLACEMENT_3D($,#14793,#11954,#11955);
#10550=AXIS2_PLACEMENT_3D($,#14796,#11957,#11958);
#10551=AXIS2_PLACEMENT_3D($,#14797,#11959,#11960);
#10552=AXIS2_PLACEMENT_3D($,#14800,#11963,#11964);
#10553=AXIS2_PLACEMENT_3D($,#14806,#11968,#11969);
#10554=AXIS2_PLACEMENT_3D($,#14808,#11970,#11971);
#10555=AXIS2_PLACEMENT_3D($,#14811,#11973,#11974);
#10556=AXIS2_PLACEMENT_3D($,#14812,#11975,#11976);
#10557=AXIS2_PLACEMENT_3D($,#14818,#11980,#11981);
#10558=AXIS2_PLACEMENT_3D($,#14820,#11982,#11983);
#10559=AXIS2_PLACEMENT_3D($,#14823,#11985,#11986);
#10560=AXIS2_PLACEMENT_3D($,#14824,#11987,#11988);
#10561=AXIS2_PLACEMENT_3D($,#14826,#11989,#11990);
#10562=AXIS2_PLACEMENT_3D($,#14829,#11992,#11993);
#10563=AXIS2_PLACEMENT_3D($,#14830,#11994,#11995);
#10564=AXIS2_PLACEMENT_3D($,#14836,#11999,#12000);
#10565=AXIS2_PLACEMENT_3D($,#14839,#12003,#12004);
#10566=AXIS2_PLACEMENT_3D($,#14840,#12005,#12006);
#10567=AXIS2_PLACEMENT_3D($,#14841,#12007,#12008);
#10568=AXIS2_PLACEMENT_3D($,#14844,#12009,#12010);
#10569=AXIS2_PLACEMENT_3D($,#14848,#12012,#12013);
#10570=AXIS2_PLACEMENT_3D($,#14850,#12015,#12016);
#10571=AXIS2_PLACEMENT_3D($,#14859,#12021,#12022);
#10572=AXIS2_PLACEMENT_3D($,#14861,#12023,#12024);
#10573=AXIS2_PLACEMENT_3D($,#14864,#12026,#12027);
#10574=AXIS2_PLACEMENT_3D($,#14865,#12028,#12029);
#10575=AXIS2_PLACEMENT_3D($,#14871,#12033,#12034);
#10576=AXIS2_PLACEMENT_3D($,#14873,#12035,#12036);
#10577=AXIS2_PLACEMENT_3D($,#14876,#12038,#12039);
#10578=AXIS2_PLACEMENT_3D($,#14877,#12040,#12041);
#10579=AXIS2_PLACEMENT_3D($,#14883,#12045,#12046);
#10580=AXIS2_PLACEMENT_3D($,#14885,#12047,#12048);
#10581=AXIS2_PLACEMENT_3D($,#14888,#12050,#12051);
#10582=AXIS2_PLACEMENT_3D($,#14889,#12052,#12053);
#10583=AXIS2_PLACEMENT_3D($,#14895,#12057,#12058);
#10584=AXIS2_PLACEMENT_3D($,#14897,#12059,#12060);
#10585=AXIS2_PLACEMENT_3D($,#14900,#12062,#12063);
#10586=AXIS2_PLACEMENT_3D($,#14901,#12064,#12065);
#10587=AXIS2_PLACEMENT_3D($,#14904,#12068,#12069);
#10588=AXIS2_PLACEMENT_3D($,#14910,#12073,#12074);
#10589=AXIS2_PLACEMENT_3D($,#14912,#12075,#12076);
#10590=AXIS2_PLACEMENT_3D($,#14915,#12078,#12079);
#10591=AXIS2_PLACEMENT_3D($,#14916,#12080,#12081);
#10592=AXIS2_PLACEMENT_3D($,#14922,#12085,#12086);
#10593=AXIS2_PLACEMENT_3D($,#14924,#12087,#12088);
#10594=AXIS2_PLACEMENT_3D($,#14927,#12090,#12091);
#10595=AXIS2_PLACEMENT_3D($,#14928,#12092,#12093);
#10596=AXIS2_PLACEMENT_3D($,#14930,#12094,#12095);
#10597=AXIS2_PLACEMENT_3D($,#14933,#12097,#12098);
#10598=AXIS2_PLACEMENT_3D($,#14934,#12099,#12100);
#10599=AXIS2_PLACEMENT_3D($,#14940,#12104,#12105);
#10600=AXIS2_PLACEMENT_3D($,#14943,#12108,#12109);
#10601=AXIS2_PLACEMENT_3D($,#14944,#12110,#12111);
#10602=AXIS2_PLACEMENT_3D($,#14945,#12112,#12113);
#10603=AXIS2_PLACEMENT_3D($,#14948,#12114,#12115);
#10604=AXIS2_PLACEMENT_3D($,#14952,#12117,#12118);
#10605=AXIS2_PLACEMENT_3D($,#14954,#12120,#12121);
#10606=AXIS2_PLACEMENT_3D($,#14963,#12126,#12127);
#10607=AXIS2_PLACEMENT_3D($,#14965,#12128,#12129);
#10608=AXIS2_PLACEMENT_3D($,#14968,#12131,#12132);
#10609=AXIS2_PLACEMENT_3D($,#14969,#12133,#12134);
#10610=AXIS2_PLACEMENT_3D($,#14975,#12138,#12139);
#10611=AXIS2_PLACEMENT_3D($,#14977,#12140,#12141);
#10612=AXIS2_PLACEMENT_3D($,#14980,#12143,#12144);
#10613=AXIS2_PLACEMENT_3D($,#14981,#12145,#12146);
#10614=AXIS2_PLACEMENT_3D($,#14987,#12150,#12151);
#10615=AXIS2_PLACEMENT_3D($,#14989,#12152,#12153);
#10616=AXIS2_PLACEMENT_3D($,#14992,#12155,#12156);
#10617=AXIS2_PLACEMENT_3D($,#14993,#12157,#12158);
#10618=AXIS2_PLACEMENT_3D($,#14999,#12162,#12163);
#10619=AXIS2_PLACEMENT_3D($,#15001,#12164,#12165);
#10620=AXIS2_PLACEMENT_3D($,#15004,#12167,#12168);
#10621=AXIS2_PLACEMENT_3D($,#15005,#12169,#12170);
#10622=AXIS2_PLACEMENT_3D($,#15008,#12173,#12174);
#10623=AXIS2_PLACEMENT_3D($,#15014,#12178,#12179);
#10624=AXIS2_PLACEMENT_3D($,#15016,#12180,#12181);
#10625=AXIS2_PLACEMENT_3D($,#15019,#12183,#12184);
#10626=AXIS2_PLACEMENT_3D($,#15020,#12185,#12186);
#10627=AXIS2_PLACEMENT_3D($,#15026,#12190,#12191);
#10628=AXIS2_PLACEMENT_3D($,#15028,#12192,#12193);
#10629=AXIS2_PLACEMENT_3D($,#15031,#12195,#12196);
#10630=AXIS2_PLACEMENT_3D($,#15032,#12197,#12198);
#10631=AXIS2_PLACEMENT_3D($,#15034,#12199,#12200);
#10632=AXIS2_PLACEMENT_3D($,#15037,#12202,#12203);
#10633=AXIS2_PLACEMENT_3D($,#15038,#12204,#12205);
#10634=AXIS2_PLACEMENT_3D($,#15044,#12209,#12210);
#10635=AXIS2_PLACEMENT_3D($,#15047,#12213,#12214);
#10636=AXIS2_PLACEMENT_3D($,#15048,#12215,#12216);
#10637=AXIS2_PLACEMENT_3D($,#15049,#12217,#12218);
#10638=AXIS2_PLACEMENT_3D($,#15058,#12223,#12224);
#10639=AXIS2_PLACEMENT_3D($,#15067,#12229,#12230);
#10640=AXIS2_PLACEMENT_3D($,#15072,#12232,#12233);
#10641=AXIS2_PLACEMENT_3D($,#15080,#12237,#12238);
#10642=AXIS2_PLACEMENT_3D($,#15084,#12241,#12242);
#10643=AXIS2_PLACEMENT_3D($,#15097,#12249,#12250);
#10644=AXIS2_PLACEMENT_3D($,#15103,#12254,#12255);
#10645=AXIS2_PLACEMENT_3D($,#15113,#12261,#12262);
#10646=AXIS2_PLACEMENT_3D($,#15119,#12266,#12267);
#10647=AXIS2_PLACEMENT_3D($,#15122,#12270,#12271);
#10648=AXIS2_PLACEMENT_3D($,#15126,#12274,#12275);
#10649=AXIS2_PLACEMENT_3D($,#15129,#12277,#12278);
#10650=AXIS2_PLACEMENT_3D($,#15130,#12279,#12280);
#10651=AXIS2_PLACEMENT_3D($,#15133,#12282,#12283);
#10652=AXIS2_PLACEMENT_3D($,#15136,#12285,#12286);
#10653=AXIS2_PLACEMENT_3D($,#15138,#12288,#12289);
#10654=AXIS2_PLACEMENT_3D($,#15140,#12291,#12292);
#10655=AXIS2_PLACEMENT_3D($,#15142,#12294,#12295);
#10656=AXIS2_PLACEMENT_3D($,#15143,#12296,#12297);
#10657=AXIS2_PLACEMENT_3D($,#15149,#12300,#12301);
#10658=AXIS2_PLACEMENT_3D($,#15153,#12303,#12304);
#10659=AXIS2_PLACEMENT_3D($,#15155,#12305,#12306);
#10660=AXIS2_PLACEMENT_3D($,#15156,#12307,#12308);
#10661=AXIS2_PLACEMENT_3D($,#15157,#12309,#12310);
#10662=AXIS2_PLACEMENT_3D($,#15158,#12311,#12312);
#10663=AXIS2_PLACEMENT_3D($,#15159,#12313,#12314);
#10664=AXIS2_PLACEMENT_3D($,#15161,#12315,#12316);
#10665=AXIS2_PLACEMENT_3D($,#15165,#12319,#12320);
#10666=AXIS2_PLACEMENT_3D($,#15167,#12322,#12323);
#10667=AXIS2_PLACEMENT_3D($,#15169,#12324,#12325);
#10668=AXIS2_PLACEMENT_3D($,#15171,#12326,#12327);
#10669=AXIS2_PLACEMENT_3D($,#15173,#12328,#12329);
#10670=AXIS2_PLACEMENT_3D($,#15176,#12331,#12332);
#10671=AXIS2_PLACEMENT_3D($,#15177,#12333,#12334);
#10672=AXIS2_PLACEMENT_3D($,#15180,#12337,#12338);
#10673=AXIS2_PLACEMENT_3D($,#15181,#12339,#12340);
#10674=AXIS2_PLACEMENT_3D($,#15182,#12341,#12342);
#10675=AXIS2_PLACEMENT_3D($,#15185,#12345,#12346);
#10676=AXIS2_PLACEMENT_3D($,#15186,#12347,#12348);
#10677=AXIS2_PLACEMENT_3D($,#15187,#12349,#12350);
#10678=AXIS2_PLACEMENT_3D($,#15188,#12351,#12352);
#10679=AXIS2_PLACEMENT_3D($,#15189,#12353,#12354);
#10680=AXIS2_PLACEMENT_3D($,#15190,#12355,#12356);
#10681=AXIS2_PLACEMENT_3D($,#15191,#12357,#12358);
#10682=AXIS2_PLACEMENT_3D($,#15200,#12363,#12364);
#10683=AXIS2_PLACEMENT_3D($,#15209,#12369,#12370);
#10684=AXIS2_PLACEMENT_3D($,#15218,#12374,#12375);
#10685=AXIS2_PLACEMENT_3D($,#15225,#12379,#12380);
#10686=AXIS2_PLACEMENT_3D($,#15226,#12381,#12382);
#10687=AXIS2_PLACEMENT_3D($,#15239,#12389,#12390);
#10688=AXIS2_PLACEMENT_3D($,#15245,#12394,#12395);
#10689=AXIS2_PLACEMENT_3D($,#15255,#12401,#12402);
#10690=AXIS2_PLACEMENT_3D($,#15261,#12406,#12407);
#10691=AXIS2_PLACEMENT_3D($,#15264,#12410,#12411);
#10692=AXIS2_PLACEMENT_3D($,#15266,#12412,#12413);
#10693=AXIS2_PLACEMENT_3D($,#15269,#12415,#12416);
#10694=AXIS2_PLACEMENT_3D($,#15272,#12419,#12420);
#10695=AXIS2_PLACEMENT_3D($,#15275,#12422,#12423);
#10696=AXIS2_PLACEMENT_3D($,#15278,#12425,#12426);
#10697=AXIS2_PLACEMENT_3D($,#15280,#12428,#12429);
#10698=AXIS2_PLACEMENT_3D($,#15282,#12431,#12432);
#10699=AXIS2_PLACEMENT_3D($,#15284,#12434,#12435);
#10700=AXIS2_PLACEMENT_3D($,#15285,#12436,#12437);
#10701=AXIS2_PLACEMENT_3D($,#15286,#12438,#12439);
#10702=AXIS2_PLACEMENT_3D($,#15288,#12440,#12441);
#10703=AXIS2_PLACEMENT_3D($,#15290,#12442,#12443);
#10704=AXIS2_PLACEMENT_3D($,#15292,#12444,#12445);
#10705=AXIS2_PLACEMENT_3D($,#15296,#12447,#12448);
#10706=AXIS2_PLACEMENT_3D($,#15300,#12451,#12452);
#10707=AXIS2_PLACEMENT_3D($,#15305,#12455,#12456);
#10708=AXIS2_PLACEMENT_3D($,#15306,#12457,#12458);
#10709=AXIS2_PLACEMENT_3D($,#15307,#12459,#12460);
#10710=AXIS2_PLACEMENT_3D($,#15309,#12461,#12462);
#10711=AXIS2_PLACEMENT_3D($,#15313,#12464,#12465);
#10712=AXIS2_PLACEMENT_3D($,#15315,#12466,#12467);
#10713=AXIS2_PLACEMENT_3D($,#15316,#12468,#12469);
#10714=AXIS2_PLACEMENT_3D($,#15317,#12470,#12471);
#10715=AXIS2_PLACEMENT_3D($,#15319,#12473,#12474);
#10716=AXIS2_PLACEMENT_3D($,#15322,#12477,#12478);
#10717=AXIS2_PLACEMENT_3D($,#15323,#12479,#12480);
#10718=AXIS2_PLACEMENT_3D($,#15324,#12481,#12482);
#10719=AXIS2_PLACEMENT_3D($,#15327,#12485,#12486);
#10720=AXIS2_PLACEMENT_3D($,#15328,#12487,#12488);
#10721=AXIS2_PLACEMENT_3D($,#15329,#12489,#12490);
#10722=AXIS2_PLACEMENT_3D($,#15330,#12491,#12492);
#10723=AXIS2_PLACEMENT_3D($,#15331,#12493,#12494);
#10724=AXIS2_PLACEMENT_3D($,#15332,#12495,#12496);
#10725=AXIS2_PLACEMENT_3D($,#15333,#12497,#12498);
#10726=AXIS2_PLACEMENT_3D($,#15342,#12503,#12504);
#10727=AXIS2_PLACEMENT_3D($,#15348,#12508,#12509);
#10728=AXIS2_PLACEMENT_3D($,#15350,#12510,#12511);
#10729=AXIS2_PLACEMENT_3D($,#15353,#12513,#12514);
#10730=AXIS2_PLACEMENT_3D($,#15354,#12515,#12516);
#10731=AXIS2_PLACEMENT_3D($,#15360,#12520,#12521);
#10732=AXIS2_PLACEMENT_3D($,#15362,#12522,#12523);
#10733=AXIS2_PLACEMENT_3D($,#15365,#12525,#12526);
#10734=AXIS2_PLACEMENT_3D($,#15366,#12527,#12528);
#10735=AXIS2_PLACEMENT_3D($,#15372,#12532,#12533);
#10736=AXIS2_PLACEMENT_3D($,#15374,#12534,#12535);
#10737=AXIS2_PLACEMENT_3D($,#15377,#12537,#12538);
#10738=AXIS2_PLACEMENT_3D($,#15378,#12539,#12540);
#10739=AXIS2_PLACEMENT_3D($,#15384,#12544,#12545);
#10740=AXIS2_PLACEMENT_3D($,#15390,#12549,#12550);
#10741=AXIS2_PLACEMENT_3D($,#15396,#12554,#12555);
#10742=AXIS2_PLACEMENT_3D($,#15402,#12559,#12560);
#10743=AXIS2_PLACEMENT_3D($,#15404,#12561,#12562);
#10744=AXIS2_PLACEMENT_3D($,#15407,#12564,#12565);
#10745=AXIS2_PLACEMENT_3D($,#15408,#12566,#12567);
#10746=AXIS2_PLACEMENT_3D($,#15414,#12571,#12572);
#10747=AXIS2_PLACEMENT_3D($,#15416,#12573,#12574);
#10748=AXIS2_PLACEMENT_3D($,#15419,#12576,#12577);
#10749=AXIS2_PLACEMENT_3D($,#15420,#12578,#12579);
#10750=AXIS2_PLACEMENT_3D($,#15426,#12583,#12584);
#10751=AXIS2_PLACEMENT_3D($,#15427,#12585,#12586);
#10752=AXIS2_PLACEMENT_3D($,#15428,#12587,#12588);
#10753=AXIS2_PLACEMENT_3D($,#15429,#12589,#12590);
#10754=AXIS2_PLACEMENT_3D($,#15430,#12591,#12592);
#10755=AXIS2_PLACEMENT_3D($,#15431,#12593,#12594);
#10756=AXIS2_PLACEMENT_3D($,#15440,#12599,#12600);
#10757=AXIS2_PLACEMENT_3D($,#15446,#12604,#12605);
#10758=AXIS2_PLACEMENT_3D($,#15448,#12606,#12607);
#10759=AXIS2_PLACEMENT_3D($,#15451,#12609,#12610);
#10760=AXIS2_PLACEMENT_3D($,#15452,#12611,#12612);
#10761=AXIS2_PLACEMENT_3D($,#15454,#12613,#12614);
#10762=AXIS2_PLACEMENT_3D($,#15457,#12616,#12617);
#10763=AXIS2_PLACEMENT_3D($,#15458,#12618,#12619);
#10764=AXIS2_PLACEMENT_3D($,#15464,#12623,#12624);
#10765=AXIS2_PLACEMENT_3D($,#15466,#12625,#12626);
#10766=AXIS2_PLACEMENT_3D($,#15469,#12628,#12629);
#10767=AXIS2_PLACEMENT_3D($,#15470,#12630,#12631);
#10768=AXIS2_PLACEMENT_3D($,#15476,#12635,#12636);
#10769=AXIS2_PLACEMENT_3D($,#15478,#12637,#12638);
#10770=AXIS2_PLACEMENT_3D($,#15481,#12640,#12641);
#10771=AXIS2_PLACEMENT_3D($,#15482,#12642,#12643);
#10772=AXIS2_PLACEMENT_3D($,#15488,#12647,#12648);
#10773=AXIS2_PLACEMENT_3D($,#15490,#12649,#12650);
#10774=AXIS2_PLACEMENT_3D($,#15493,#12652,#12653);
#10775=AXIS2_PLACEMENT_3D($,#15494,#12654,#12655);
#10776=AXIS2_PLACEMENT_3D($,#15500,#12659,#12660);
#10777=AXIS2_PLACEMENT_3D($,#15502,#12661,#12662);
#10778=AXIS2_PLACEMENT_3D($,#15505,#12664,#12665);
#10779=AXIS2_PLACEMENT_3D($,#15506,#12666,#12667);
#10780=AXIS2_PLACEMENT_3D($,#15509,#12670,#12671);
#10781=AXIS2_PLACEMENT_3D($,#15510,#12672,#12673);
#10782=AXIS2_PLACEMENT_3D($,#15511,#12674,#12675);
#10783=AXIS2_PLACEMENT_3D($,#15514,#12676,#12677);
#10784=AXIS2_PLACEMENT_3D($,#15518,#12679,#12680);
#10785=AXIS2_PLACEMENT_3D($,#15520,#12682,#12683);
#10786=AXIS2_PLACEMENT_3D($,#15529,#12688,#12689);
#10787=AXIS2_PLACEMENT_3D($,#15531,#12690,#12691);
#10788=AXIS2_PLACEMENT_3D($,#15534,#12693,#12694);
#10789=AXIS2_PLACEMENT_3D($,#15535,#12695,#12696);
#10790=AXIS2_PLACEMENT_3D($,#15541,#12700,#12701);
#10791=AXIS2_PLACEMENT_3D($,#15543,#12702,#12703);
#10792=AXIS2_PLACEMENT_3D($,#15546,#12705,#12706);
#10793=AXIS2_PLACEMENT_3D($,#15547,#12707,#12708);
#10794=AXIS2_PLACEMENT_3D($,#15553,#12712,#12713);
#10795=AXIS2_PLACEMENT_3D($,#15555,#12714,#12715);
#10796=AXIS2_PLACEMENT_3D($,#15558,#12717,#12718);
#10797=AXIS2_PLACEMENT_3D($,#15559,#12719,#12720);
#10798=AXIS2_PLACEMENT_3D($,#15565,#12724,#12725);
#10799=AXIS2_PLACEMENT_3D($,#15567,#12726,#12727);
#10800=AXIS2_PLACEMENT_3D($,#15570,#12729,#12730);
#10801=AXIS2_PLACEMENT_3D($,#15571,#12731,#12732);
#10802=AXIS2_PLACEMENT_3D($,#15574,#12735,#12736);
#10803=AXIS2_PLACEMENT_3D($,#15580,#12740,#12741);
#10804=AXIS2_PLACEMENT_3D($,#15582,#12742,#12743);
#10805=AXIS2_PLACEMENT_3D($,#15585,#12745,#12746);
#10806=AXIS2_PLACEMENT_3D($,#15586,#12747,#12748);
#10807=AXIS2_PLACEMENT_3D($,#15592,#12752,#12753);
#10808=AXIS2_PLACEMENT_3D($,#15594,#12754,#12755);
#10809=AXIS2_PLACEMENT_3D($,#15597,#12757,#12758);
#10810=AXIS2_PLACEMENT_3D($,#15598,#12759,#12760);
#10811=AXIS2_PLACEMENT_3D($,#15600,#12761,#12762);
#10812=AXIS2_PLACEMENT_3D($,#15603,#12764,#12765);
#10813=AXIS2_PLACEMENT_3D($,#15604,#12766,#12767);
#10814=AXIS2_PLACEMENT_3D($,#15610,#12771,#12772);
#10815=AXIS2_PLACEMENT_3D($,#15613,#12775,#12776);
#10816=AXIS2_PLACEMENT_3D($,#15614,#12777,#12778);
#10817=AXIS2_PLACEMENT_3D($,#15615,#12779,#12780);
#10818=AXIS2_PLACEMENT_3D($,#15624,#12785,#12786);
#10819=AXIS2_PLACEMENT_3D($,#15631,#12790,#12791);
#10820=AXIS2_PLACEMENT_3D($,#15632,#12792,#12793);
#10821=AXIS2_PLACEMENT_3D($,#15635,#12794,#12795);
#10822=AXIS2_PLACEMENT_3D($,#15640,#12799,#12800);
#10823=AXIS2_PLACEMENT_3D($,#15642,#12802,#12803);
#10824=AXIS2_PLACEMENT_3D($,#15651,#12808,#12809);
#10825=AXIS2_PLACEMENT_3D($,#15654,#12810,#12811);
#10826=AXIS2_PLACEMENT_3D($,#15659,#12815,#12816);
#10827=AXIS2_PLACEMENT_3D($,#15663,#12819,#12820);
#10828=AXIS2_PLACEMENT_3D($,#15672,#12825,#12826);
#10829=AXIS2_PLACEMENT_3D($,#15679,#12830,#12831);
#10830=AXIS2_PLACEMENT_3D($,#15680,#12832,#12833);
#10831=AXIS2_PLACEMENT_3D($,#15686,#12837,#12838);
#10832=AXIS2_PLACEMENT_3D($,#15688,#12840,#12841);
#10833=AXIS2_PLACEMENT_3D($,#15697,#12846,#12847);
#10834=AXIS2_PLACEMENT_3D($,#15703,#12851,#12852);
#10835=AXIS2_PLACEMENT_3D($,#15712,#12857,#12858);
#10836=AXIS2_PLACEMENT_3D($,#15721,#12863,#12864);
#10837=AXIS2_PLACEMENT_3D($,#15731,#12870,#12871);
#10838=AXIS2_PLACEMENT_3D($,#15741,#12877,#12878);
#10839=AXIS2_PLACEMENT_3D($,#15744,#12881,#12882);
#10840=AXIS2_PLACEMENT_3D($,#15746,#12884,#12885);
#10841=AXIS2_PLACEMENT_3D($,#15749,#12888,#12889);
#10842=AXIS2_PLACEMENT_3D($,#15752,#12892,#12893);
#10843=AXIS2_PLACEMENT_3D($,#15761,#12898,#12899);
#10844=AXIS2_PLACEMENT_3D($,#15770,#12904,#12905);
#10845=AXIS2_PLACEMENT_3D($,#15779,#12910,#12911);
#10846=AXIS2_PLACEMENT_3D($,#15788,#12916,#12917);
#10847=AXIS2_PLACEMENT_3D($,#15797,#12922,#12923);
#10848=AXIS2_PLACEMENT_3D($,#15807,#12929,#12930);
#10849=AXIS2_PLACEMENT_3D($,#15817,#12936,#12937);
#10850=AXIS2_PLACEMENT_3D($,#15827,#12943,#12944);
#10851=AXIS2_PLACEMENT_3D($,#15837,#12950,#12951);
#10852=AXIS2_PLACEMENT_3D($,#15847,#12957,#12958);
#10853=AXIS2_PLACEMENT_3D($,#15856,#12963,#12964);
#10854=AXIS2_PLACEMENT_3D($,#15865,#12969,#12970);
#10855=AXIS2_PLACEMENT_3D($,#15868,#12973,#12974);
#10856=AXIS2_PLACEMENT_3D($,#15877,#12979,#12980);
#10857=AXIS2_PLACEMENT_3D($,#15886,#12985,#12986);
#10858=AXIS2_PLACEMENT_3D($,#15889,#12989,#12990);
#10859=AXIS2_PLACEMENT_3D($,#15898,#12995,#12996);
#10860=AXIS2_PLACEMENT_3D($,#15907,#13001,#13002);
#10861=AXIS2_PLACEMENT_3D($,#15913,#13006,#13007);
#10862=AXIS2_PLACEMENT_3D($,#15922,#13013,#13014);
#10863=AXIS2_PLACEMENT_3D($,#15926,#13017,#13018);
#10864=AXIS2_PLACEMENT_3D($,#15930,#13021,#13022);
#10865=AXIS2_PLACEMENT_3D($,#15936,#13026,#13027);
#10866=AXIS2_PLACEMENT_3D($,#15945,#13032,#13033);
#10867=AXIS2_PLACEMENT_3D($,#15954,#13038,#13039);
#10868=AXIS2_PLACEMENT_3D($,#15963,#13044,#13045);
#10869=AXIS2_PLACEMENT_3D($,#15970,#13050,#13051);
#10870=AXIS2_PLACEMENT_3D($,#15977,#13056,#13057);
#10871=AXIS2_PLACEMENT_3D($,#15986,#13062,#13063);
#10872=AXIS2_PLACEMENT_3D($,#15995,#13068,#13069);
#10873=AXIS2_PLACEMENT_3D($,#15998,#13072,#13073);
#10874=AXIS2_PLACEMENT_3D($,#16008,#13079,#13080);
#10875=AXIS2_PLACEMENT_3D($,#16011,#13083,#13084);
#10876=AXIS2_PLACEMENT_3D($,#16013,#13086,#13087);
#10877=AXIS2_PLACEMENT_3D($,#16022,#13092,#13093);
#10878=AXIS2_PLACEMENT_3D($,#16028,#13097,#13098);
#10879=AXIS2_PLACEMENT_3D($,#16031,#13101,#13102);
#10880=AXIS2_PLACEMENT_3D($,#16033,#13104,#13105);
#10881=AXIS2_PLACEMENT_3D($,#16043,#13111,#13112);
#10882=AXIS2_PLACEMENT_3D($,#16049,#13116,#13117);
#10883=AXIS2_PLACEMENT_3D($,#16055,#13121,#13122);
#10884=AXIS2_PLACEMENT_3D($,#16057,#13124,#13125);
#10885=AXIS2_PLACEMENT_3D($,#16063,#13129,#13130);
#10886=AXIS2_PLACEMENT_3D($,#16066,#13133,#13134);
#10887=AXIS2_PLACEMENT_3D($,#16068,#13136,#13137);
#10888=AXIS2_PLACEMENT_3D($,#16071,#13140,#13141);
#10889=AXIS2_PLACEMENT_3D($,#16072,#13142,#13143);
#10890=AXIS2_PLACEMENT_3D($,#16075,#13146,#13147);
#10891=AXIS2_PLACEMENT_3D($,#16078,#13150,#13151);
#10892=AXIS2_PLACEMENT_3D($,#16080,#13153,#13154);
#10893=AXIS2_PLACEMENT_3D($,#16082,#13156,#13157);
#10894=AXIS2_PLACEMENT_3D($,#16085,#13160,#13161);
#10895=AXIS2_PLACEMENT_3D($,#16088,#13164,#13165);
#10896=AXIS2_PLACEMENT_3D($,#16090,#13167,#13168);
#10897=AXIS2_PLACEMENT_3D($,#16092,#13170,#13171);
#10898=AXIS2_PLACEMENT_3D($,#16095,#13174,#13175);
#10899=AXIS2_PLACEMENT_3D($,#16098,#13178,#13179);
#10900=AXIS2_PLACEMENT_3D($,#16099,#13180,#13181);
#10901=AXIS2_PLACEMENT_3D($,#16100,#13182,#13183);
#10902=AXIS2_PLACEMENT_3D($,#16103,#13186,#13187);
#10903=AXIS2_PLACEMENT_3D($,#16106,#13190,#13191);
#10904=AXIS2_PLACEMENT_3D($,#16107,#13192,#13193);
#10905=AXIS2_PLACEMENT_3D($,#16128,#13205,#13206);
#10906=AXIS2_PLACEMENT_3D($,#16144,#13215,#13216);
#10907=AXIS2_PLACEMENT_3D($,#16153,#13221,#13222);
#10908=AXIS2_PLACEMENT_3D($,#16163,#13228,#13229);
#10909=AXIS2_PLACEMENT_3D($,#16187,#13242,#13243);
#10910=AXIS2_PLACEMENT_3D($,#16197,#13249,#13250);
#10911=AXIS2_PLACEMENT_3D($,#16205,#13255,#13256);
#10912=AXIS2_PLACEMENT_3D($,#16211,#13260,#13261);
#10913=AXIS2_PLACEMENT_3D($,#16217,#13265,#13266);
#10914=AXIS2_PLACEMENT_3D($,#16223,#13270,#13271);
#10915=AXIS2_PLACEMENT_3D($,#16232,#13276,#13277);
#10916=AXIS2_PLACEMENT_3D($,#16238,#13281,#13282);
#10917=AXIS2_PLACEMENT_3D($,#16242,#13285,#13286);
#10918=AXIS2_PLACEMENT_3D($,#16247,#13290,#13291);
#10919=AXIS2_PLACEMENT_3D($,#16251,#13294,#13295);
#10920=AXIS2_PLACEMENT_3D($,#16253,#13297,#13298);
#10921=AXIS2_PLACEMENT_3D($,#16261,#13303,#13304);
#10922=AXIS2_PLACEMENT_3D($,#16270,#13309,#13310);
#10923=AXIS2_PLACEMENT_3D($,#16279,#13316,#13317);
#10924=AXIS2_PLACEMENT_3D($,#16287,#13322,#13323);
#10925=AXIS2_PLACEMENT_3D($,#16289,#13325,#13326);
#10926=AXIS2_PLACEMENT_3D($,#16291,#13328,#13329);
#10927=AXIS2_PLACEMENT_3D($,#16296,#13333,#13334);
#10928=AXIS2_PLACEMENT_3D($,#16297,#13335,#13336);
#10929=AXIS2_PLACEMENT_3D($,#16302,#13340,#13341);
#10930=AXIS2_PLACEMENT_3D($,#16303,#13342,#13343);
#10931=AXIS2_PLACEMENT_3D($,#16305,#13344,#13345);
#10932=AXIS2_PLACEMENT_3D($,#16307,#13346,#13347);
#10933=AXIS2_PLACEMENT_3D($,#16309,#13349,#13350);
#10934=AXIS2_PLACEMENT_3D($,#16315,#13354,#13355);
#10935=AXIS2_PLACEMENT_3D($,#16321,#13359,#13360);
#10936=AXIS2_PLACEMENT_3D($,#16324,#13363,#13364);
#10937=AXIS2_PLACEMENT_3D($,#16327,#13367,#13368);
#10938=AXIS2_PLACEMENT_3D($,#16328,#13369,#13370);
#10939=AXIS2_PLACEMENT_3D($,#16329,#13371,#13372);
#10940=AXIS2_PLACEMENT_3D($,#16335,#13376,#13377);
#10941=AXIS2_PLACEMENT_3D($,#16339,#13380,#13381);
#10942=AXIS2_PLACEMENT_3D($,#16341,#13383,#13384);
#10943=AXIS2_PLACEMENT_3D($,#16354,#13391,#13392);
#10944=AXIS2_PLACEMENT_3D($,#16356,#13393,#13394);
#10945=AXIS2_PLACEMENT_3D($,#16358,#13396,#13397);
#10946=AXIS2_PLACEMENT_3D($,#16362,#13400,#13401);
#10947=AXIS2_PLACEMENT_3D($,#16364,#13402,#13403);
#10948=AXIS2_PLACEMENT_3D($,#16368,#13406,#13407);
#10949=AXIS2_PLACEMENT_3D($,#16370,#13409,#13410);
#10950=AXIS2_PLACEMENT_3D($,#16372,#13412,#13413);
#10951=AXIS2_PLACEMENT_3D($,#16378,#13417,#13418);
#10952=AXIS2_PLACEMENT_3D($,#16387,#13423,#13424);
#10953=AXIS2_PLACEMENT_3D($,#16397,#13430,#13431);
#10954=AXIS2_PLACEMENT_3D($,#16401,#13434,#13435);
#10955=AXIS2_PLACEMENT_3D($,#16407,#13439,#13440);
#10956=AXIS2_PLACEMENT_3D($,#16409,#13442,#13443);
#10957=AXIS2_PLACEMENT_3D($,#16412,#13446,#13447);
#10958=AXIS2_PLACEMENT_3D($,#16413,#13448,#13449);
#10959=AXIS2_PLACEMENT_3D($,#16416,#13452,#13453);
#10960=AXIS2_PLACEMENT_3D($,#16418,#13455,#13456);
#10961=AXIS2_PLACEMENT_3D($,#16421,#13459,#13460);
#10962=AXIS2_PLACEMENT_3D($,#16422,#13461,#13462);
#10963=AXIS2_PLACEMENT_3D($,#16424,#13464,#13465);
#10964=AXIS2_PLACEMENT_3D($,#16428,#13469,#13470);
#10965=AXIS2_PLACEMENT_3D($,#16434,#13476,#13477);
#10966=AXIS2_PLACEMENT_3D($,#16436,#13479,#13480);
#10967=AXIS2_PLACEMENT_3D($,#16437,#13481,#13482);
#10968=AXIS2_PLACEMENT_3D($,#16446,#13487,#13488);
#10969=AXIS2_PLACEMENT_3D($,#16449,#13489,#13490);
#10970=AXIS2_PLACEMENT_3D($,#16457,#13494,#13495);
#10971=AXIS2_PLACEMENT_3D($,#16460,#13497,#13498);
#10972=AXIS2_PLACEMENT_3D($,#16464,#13501,#13502);
#10973=AXIS2_PLACEMENT_3D($,#16470,#13506,#13507);
#10974=AXIS2_PLACEMENT_3D($,#16476,#13511,#13512);
#10975=AXIS2_PLACEMENT_3D($,#16482,#13516,#13517);
#10976=AXIS2_PLACEMENT_3D($,#16486,#13520,#13521);
#10977=AXIS2_PLACEMENT_3D($,#16495,#13526,#13527);
#10978=AXIS2_PLACEMENT_3D($,#16504,#13532,#13533);
#10979=AXIS2_PLACEMENT_3D($,#16511,#13538,#13539);
#10980=AXIS2_PLACEMENT_3D($,#16520,#13544,#13545);
#10981=AXIS2_PLACEMENT_3D($,#16529,#13550,#13551);
#10982=AXIS2_PLACEMENT_3D($,#16536,#13556,#13557);
#10983=AXIS2_PLACEMENT_3D($,#16545,#13562,#13563);
#10984=AXIS2_PLACEMENT_3D($,#16553,#13568,#13569);
#10985=AXIS2_PLACEMENT_3D($,#16556,#13570,#13571);
#10986=AXIS2_PLACEMENT_3D($,#16560,#13573,#13574);
#10987=AXIS2_PLACEMENT_3D($,#16562,#13576,#13577);
#10988=AXIS2_PLACEMENT_3D($,#16563,#13578,#13579);
#10989=AXIS2_PLACEMENT_3D($,#16569,#13583,#13584);
#10990=AXIS2_PLACEMENT_3D($,#16578,#13589,#13590);
#10991=AXIS2_PLACEMENT_3D($,#16581,#13593,#13594);
#10992=AXIS2_PLACEMENT_3D($,#16591,#13600,#13601);
#10993=AXIS2_PLACEMENT_3D($,#16597,#13605,#13606);
#10994=AXIS2_PLACEMENT_3D($,#16605,#13611,#13612);
#10995=AXIS2_PLACEMENT_3D($,#16610,#13616,#13617);
#10996=AXIS2_PLACEMENT_3D($,#16614,#13620,#13621);
#10997=AXIS2_PLACEMENT_3D($,#16616,#13622,#13623);
#10998=AXIS2_PLACEMENT_3D($,#16620,#13626,#13627);
#10999=AXIS2_PLACEMENT_3D($,#16622,#13629,#13630);
#11000=AXIS2_PLACEMENT_3D($,#16628,#13634,#13635);
#11001=AXIS2_PLACEMENT_3D($,#16631,#13637,#13638);
#11002=AXIS2_PLACEMENT_3D($,#16633,#13639,#13640);
#11003=AXIS2_PLACEMENT_3D($,#16636,#13642,#13643);
#11004=AXIS2_PLACEMENT_3D($,#16637,#13644,#13645);
#11005=AXIS2_PLACEMENT_3D($,#16638,#13646,#13647);
#11006=AXIS2_PLACEMENT_3D($,#16642,#13649,#13650);
#11007=AXIS2_PLACEMENT_3D($,#16645,#13652,#13653);
#11008=AXIS2_PLACEMENT_3D($,#16646,#13654,#13655);
#11009=AXIS2_PLACEMENT_3D($,#16649,#13658,#13659);
#11010=AXIS2_PLACEMENT_3D($,#16652,#13662,#13663);
#11011=AXIS2_PLACEMENT_3D($,#16655,#13665,#13666);
#11012=AXIS2_PLACEMENT_3D($,#16657,#13667,#13668);
#11013=AXIS2_PLACEMENT_3D($,#16660,#13670,#13671);
#11014=AXIS2_PLACEMENT_3D($,#16661,#13672,#13673);
#11015=AXIS2_PLACEMENT_3D($,#16662,#13674,#13675);
#11016=AXIS2_PLACEMENT_3D($,#16666,#13677,#13678);
#11017=AXIS2_PLACEMENT_3D($,#16669,#13680,#13681);
#11018=AXIS2_PLACEMENT_3D($,#16670,#13682,#13683);
#11019=AXIS2_PLACEMENT_3D($,#16673,#13686,#13687);
#11020=AXIS2_PLACEMENT_3D($,#16676,#13690,#13691);
#11021=AXIS2_PLACEMENT_3D($,#16679,#13693,#13694);
#11022=AXIS2_PLACEMENT_3D($,#16681,#13695,#13696);
#11023=AXIS2_PLACEMENT_3D($,#16684,#13698,#13699);
#11024=AXIS2_PLACEMENT_3D($,#16685,#13700,#13701);
#11025=AXIS2_PLACEMENT_3D($,#16687,#13702,#13703);
#11026=AXIS2_PLACEMENT_3D($,#16691,#13705,#13706);
#11027=AXIS2_PLACEMENT_3D($,#16694,#13708,#13709);
#11028=AXIS2_PLACEMENT_3D($,#16696,#13711,#13712);
#11029=AXIS2_PLACEMENT_3D($,#16699,#13715,#13716);
#11030=AXIS2_PLACEMENT_3D($,#16702,#13719,#13720);
#11031=AXIS2_PLACEMENT_3D($,#16704,#13722,#13723);
#11032=AXIS2_PLACEMENT_3D($,#16705,#13724,#13725);
#11033=AXIS2_PLACEMENT_3D($,#16706,#13726,#13727);
#11034=AXIS2_PLACEMENT_3D($,#16707,#13728,#13729);
#11035=AXIS2_PLACEMENT_3D($,#16708,#13730,#13731);
#11036=AXIS2_PLACEMENT_3D($,#16709,#13732,#13733);
#11037=AXIS2_PLACEMENT_3D($,#16710,#13734,#13735);
#11038=AXIS2_PLACEMENT_3D($,#16711,#13736,#13737);
#11039=AXIS2_PLACEMENT_3D($,#16712,#13738,#13739);
#11040=AXIS2_PLACEMENT_3D($,#16713,#13740,#13741);
#11041=AXIS2_PLACEMENT_3D($,#16723,#13747,#13748);
#11042=AXIS2_PLACEMENT_3D($,#16731,#13753,#13754);
#11043=AXIS2_PLACEMENT_3D($,#16735,#13757,#13758);
#11044=AXIS2_PLACEMENT_3D($,#16744,#13763,#13764);
#11045=AXIS2_PLACEMENT_3D($,#16754,#13770,#13771);
#11046=AXIS2_PLACEMENT_3D($,#16758,#13773,#13774);
#11047=AXIS2_PLACEMENT_3D($,#16760,#13776,#13777);
#11048=AXIS2_PLACEMENT_3D($,#16762,#13778,#13779);
#11049=AXIS2_PLACEMENT_3D($,#16765,#13782,#13783);
#11050=AXIS2_PLACEMENT_3D($,#16767,#13784,#13785);
#11051=AXIS2_PLACEMENT_3D($,#16770,#13787,#13788);
#11052=AXIS2_PLACEMENT_3D($,#16771,#13789,#13790);
#11053=AXIS2_PLACEMENT_3D($,#16773,#13792,#13793);
#11054=AXIS2_PLACEMENT_3D($,#16775,#13795,#13796);
#11055=AXIS2_PLACEMENT_3D($,#16777,#13798,#13799);
#11056=AXIS2_PLACEMENT_3D($,#16779,#13801,#13802);
#11057=AXIS2_PLACEMENT_3D($,#16788,#13807,#13808);
#11058=AXIS2_PLACEMENT_3D($,#16796,#13813,#13814);
#11059=AXIS2_PLACEMENT_3D($,#16799,#13815,#13816);
#11060=AXIS2_PLACEMENT_3D($,#16802,#13818,#13819);
#11061=AXIS2_PLACEMENT_3D($,#16804,#13821,#13822);
#11062=AXIS2_PLACEMENT_3D($,#16810,#13826,#13827);
#11063=AXIS2_PLACEMENT_3D($,#16816,#13831,#13832);
#11064=AXIS2_PLACEMENT_3D($,#16822,#13836,#13837);
#11065=AXIS2_PLACEMENT_3D($,#16828,#13841,#13842);
#11066=AXIS2_PLACEMENT_3D($,#16834,#13846,#13847);
#11067=AXIS2_PLACEMENT_3D($,#16842,#13852,#13853);
#11068=AXIS2_PLACEMENT_3D($,#16846,#13856,#13857);
#11069=AXIS2_PLACEMENT_3D($,#16849,#13860,#13861);
#11070=AXIS2_PLACEMENT_3D($,#16855,#13865,#13866);
#11071=AXIS2_PLACEMENT_3D($,#16859,#13869,#13870);
#11072=AXIS2_PLACEMENT_3D($,#16861,#13871,#13872);
#11073=AXIS2_PLACEMENT_3D($,#16863,#13874,#13875);
#11074=AXIS2_PLACEMENT_3D($,#16865,#13876,#13877);
#11075=AXIS2_PLACEMENT_3D($,#16868,#13879,#13880);
#11076=AXIS2_PLACEMENT_3D($,#16872,#13882,#13883);
#11077=AXIS2_PLACEMENT_3D($,#16874,#13885,#13886);
#11078=AXIS2_PLACEMENT_3D($,#16878,#13888,#13889);
#11079=AXIS2_PLACEMENT_3D($,#16881,#13891,#13892);
#11080=AXIS2_PLACEMENT_3D($,#16882,#13893,#13894);
#11081=AXIS2_PLACEMENT_3D($,#16885,#13897,#13898);
#11082=AXIS2_PLACEMENT_3D($,#16888,#13901,#13902);
#11083=AXIS2_PLACEMENT_3D($,#16890,#13904,#13905);
#11084=AXIS2_PLACEMENT_3D($,#16891,#13906,#13907);
#11085=AXIS2_PLACEMENT_3D($,#16892,#13908,#13909);
#11086=AXIS2_PLACEMENT_3D($,#16896,#13912,#13913);
#11087=AXIS2_PLACEMENT_3D($,#16898,#13915,#13916);
#11088=AXIS2_PLACEMENT_3D($,#16900,#13918,#13919);
#11089=AXIS2_PLACEMENT_3D($,#16902,#13921,#13922);
#11090=DIRECTION('axis',(0.,0.,1.));
#11091=DIRECTION('refdir',(1.,0.,0.));
#11092=DIRECTION('center_axis',(-1.,0.,0.));
#11093=DIRECTION('ref_axis',(0.,0.,1.));
#11094=DIRECTION('center_axis',(1.,0.,0.));
#11095=DIRECTION('ref_axis',(0.,0.,-1.));
#11096=DIRECTION($,(-1.,0.,0.));
#11097=DIRECTION('center_axis',(1.,0.,0.));
#11098=DIRECTION('ref_axis',(0.,0.,-1.));
#11099=DIRECTION($,(-1.,0.,0.));
#11100=DIRECTION('center_axis',(0.,-1.,-1.88556899562696E-016));
#11101=DIRECTION('ref_axis',(0.,1.94289029309402E-016,-1.));
#11102=DIRECTION($,(0.,-1.88556899562696E-016,1.));
#11103=DIRECTION($,(-1.,0.,0.));
#11104=DIRECTION($,(0.,-1.88556899562696E-016,1.));
#11105=DIRECTION($,(-1.,0.,0.));
#11106=DIRECTION('center_axis',(-1.,0.,0.));
#11107=DIRECTION('ref_axis',(0.,0.,1.));
#11108=DIRECTION('center_axis',(-1.,0.,0.));
#11109=DIRECTION('ref_axis',(0.,0.,1.));
#11110=DIRECTION($,(-1.,0.,0.));
#11111=DIRECTION('center_axis',(-1.,0.,0.));
#11112=DIRECTION('ref_axis',(0.,0.,1.));
#11113=DIRECTION('center_axis',(0.,-0.707106781186558,0.707106781186537));
#11114=DIRECTION('ref_axis',(0.,-0.707106781186537,-0.707106781186558));
#11115=DIRECTION($,(0.,0.707106781186537,0.707106781186558));
#11116=DIRECTION($,(-1.,0.,0.));
#11117=DIRECTION($,(0.,0.707106781186537,0.707106781186558));
#11118=DIRECTION('center_axis',(-1.,0.,0.));
#11119=DIRECTION('ref_axis',(0.,0.,1.));
#11120=DIRECTION('center_axis',(1.,0.,0.));
#11121=DIRECTION('ref_axis',(0.,0.,-1.));
#11122=DIRECTION($,(-1.,0.,0.));
#11123=DIRECTION('center_axis',(1.,0.,0.));
#11124=DIRECTION('ref_axis',(0.,0.,-1.));
#11125=DIRECTION('center_axis',(0.,-0.70710678118654,-0.707106781186555));
#11126=DIRECTION('ref_axis',(0.,0.707106781186555,-0.70710678118654));
#11127=DIRECTION($,(0.,-0.707106781186556,0.707106781186539));
#11128=DIRECTION($,(-1.,0.,0.));
#11129=DIRECTION($,(0.,-0.707106781186556,0.707106781186539));
#11130=DIRECTION('center_axis',(-1.,0.,0.));
#11131=DIRECTION('ref_axis',(0.,0.,1.));
#11132=DIRECTION('center_axis',(-1.,0.,0.));
#11133=DIRECTION('ref_axis',(0.,0.,1.));
#11134=DIRECTION($,(-1.,0.,0.));
#11135=DIRECTION('center_axis',(-1.,0.,0.));
#11136=DIRECTION('ref_axis',(0.,0.,1.));
#11137=DIRECTION('center_axis',(0.,-0.70710678118656,0.707106781186535));
#11138=DIRECTION('ref_axis',(0.,-0.707106781186535,-0.70710678118656));
#11139=DIRECTION($,(0.,0.707106781186535,0.70710678118656));
#11140=DIRECTION($,(-1.,0.,0.));
#11141=DIRECTION($,(0.,0.707106781186535,0.70710678118656));
#11142=DIRECTION('center_axis',(-1.,0.,0.));
#11143=DIRECTION('ref_axis',(0.,0.,1.));
#11144=DIRECTION('center_axis',(1.,0.,0.));
#11145=DIRECTION('ref_axis',(0.,0.,-1.));
#11146=DIRECTION($,(-1.,0.,0.));
#11147=DIRECTION('center_axis',(1.,0.,0.));
#11148=DIRECTION('ref_axis',(0.,0.,-1.));
#11149=DIRECTION('center_axis',(0.,-0.920504853452443,-0.390731128489268));
#11150=DIRECTION('ref_axis',(0.,0.390731128489268,-0.920504853452443));
#11151=DIRECTION($,(0.,-0.390731128489267,0.920504853452443));
#11152=DIRECTION($,(0.,-0.390731128489267,0.920504853452443));
#11153=DIRECTION('center_axis',(0.,0.707106781186558,-0.707106781186537));
#11154=DIRECTION('ref_axis',(0.,0.707106781186537,0.707106781186558));
#11155=DIRECTION($,(0.,-0.707106781186537,-0.707106781186558));
#11156=DIRECTION($,(-1.,0.,0.));
#11157=DIRECTION($,(0.,-0.707106781186537,-0.707106781186558));
#11158=DIRECTION('center_axis',(-1.,0.,0.));
#11159=DIRECTION('ref_axis',(0.,0.,1.));
#11160=DIRECTION('center_axis',(1.,0.,0.));
#11161=DIRECTION('ref_axis',(0.,0.,-1.));
#11162=DIRECTION($,(-1.,0.,0.));
#11163=DIRECTION('center_axis',(1.,0.,0.));
#11164=DIRECTION('ref_axis',(0.,0.,-1.));
#11165=DIRECTION('center_axis',(0.,1.,-1.53974903309134E-016));
#11166=DIRECTION('ref_axis',(0.,1.52655665885959E-016,1.));
#11167=DIRECTION($,(0.,-1.53974903309134E-016,-1.));
#11168=DIRECTION($,(-1.,0.,0.));
#11169=DIRECTION($,(0.,-1.53974903309134E-016,-1.));
#11170=DIRECTION('center_axis',(-1.,0.,0.));
#11171=DIRECTION('ref_axis',(0.,0.,1.));
#11172=DIRECTION('center_axis',(1.,0.,0.));
#11173=DIRECTION('ref_axis',(0.,0.,-1.));
#11174=DIRECTION($,(-1.,0.,0.));
#11175=DIRECTION('center_axis',(1.,0.,0.));
#11176=DIRECTION('ref_axis',(0.,0.,-1.));
#11177=DIRECTION('center_axis',(-1.,0.,0.));
#11178=DIRECTION('ref_axis',(0.,0.,1.));
#11179=DIRECTION('center_axis',(-1.,0.,0.));
#11180=DIRECTION('ref_axis',(0.,0.,1.));
#11181=DIRECTION($,(-1.,0.,0.));
#11182=DIRECTION('center_axis',(-1.,0.,0.));
#11183=DIRECTION('ref_axis',(0.,0.,1.));
#11184=DIRECTION('center_axis',(0.,0.998629534754574,-0.0523359562429439));
#11185=DIRECTION('ref_axis',(0.,0.0523359562429439,0.998629534754574));
#11186=DIRECTION($,(0.,-0.0523359562429439,-0.998629534754574));
#11187=DIRECTION($,(-1.,0.,0.));
#11188=DIRECTION($,(0.,-0.0523359562429439,-0.998629534754574));
#11189=DIRECTION('center_axis',(0.,0.,1.));
#11190=DIRECTION('ref_axis',(1.,0.,0.));
#11191=DIRECTION($,(0.,1.,0.));
#11192=DIRECTION($,(0.,1.,0.));
#11193=DIRECTION('center_axis',(-1.,0.,0.));
#11194=DIRECTION('ref_axis',(0.,0.,1.));
#11195=DIRECTION('center_axis',(-1.,0.,0.));
#11196=DIRECTION('ref_axis',(0.,0.,1.));
#11197=DIRECTION('center_axis',(0.,1.,0.));
#11198=DIRECTION('ref_axis',(0.,0.,1.));
#11199=DIRECTION($,(0.,0.,-1.));
#11200=DIRECTION($,(-1.,0.,0.));
#11201=DIRECTION($,(0.,0.,-1.));
#11202=DIRECTION($,(-1.,0.,0.));
#11203=DIRECTION('center_axis',(0.,3.61400724161835E-015,1.));
#11204=DIRECTION('ref_axis',(0.,-1.,3.60822483003176E-015));
#11205=DIRECTION($,(0.,1.,-3.61400724161835E-015));
#11206=DIRECTION($,(-1.,0.,0.));
#11207=DIRECTION($,(0.,1.,-3.61400724161835E-015));
#11208=DIRECTION('center_axis',(-1.,0.,0.));
#11209=DIRECTION('ref_axis',(0.,0.,1.));
#11210=DIRECTION('center_axis',(1.,0.,0.));
#11211=DIRECTION('ref_axis',(0.,0.,-1.));
#11212=DIRECTION($,(-1.,0.,0.));
#11213=DIRECTION('center_axis',(1.,0.,0.));
#11214=DIRECTION('ref_axis',(0.,0.,-1.));
#11215=DIRECTION('center_axis',(0.,-1.,0.));
#11216=DIRECTION('ref_axis',(0.,0.,-1.));
#11217=DIRECTION($,(0.,0.,1.));
#11218=DIRECTION($,(-1.,0.,0.));
#11219=DIRECTION($,(0.,0.,1.));
#11220=DIRECTION('center_axis',(-1.,0.,0.));
#11221=DIRECTION('ref_axis',(0.,0.,1.));
#11222=DIRECTION('center_axis',(-1.,0.,0.));
#11223=DIRECTION('ref_axis',(0.,0.,1.));
#11224=DIRECTION($,(-1.,0.,0.));
#11225=DIRECTION('center_axis',(-1.,0.,0.));
#11226=DIRECTION('ref_axis',(0.,0.,1.));
#11227=DIRECTION('center_axis',(0.,-0.707106781186552,0.707106781186543));
#11228=DIRECTION('ref_axis',(0.,-0.707106781186543,-0.707106781186552));
#11229=DIRECTION($,(0.,0.707106781186543,0.707106781186552));
#11230=DIRECTION($,(-1.,0.,0.));
#11231=DIRECTION($,(0.,0.707106781186543,0.707106781186552));
#11232=DIRECTION('center_axis',(-1.,0.,0.));
#11233=DIRECTION('ref_axis',(0.,0.,1.));
#11234=DIRECTION('center_axis',(-1.,0.,0.));
#11235=DIRECTION('ref_axis',(0.,0.,1.));
#11236=DIRECTION($,(-1.,0.,0.));
#11237=DIRECTION('center_axis',(-1.,0.,0.));
#11238=DIRECTION('ref_axis',(0.,0.,1.));
#11239=DIRECTION('center_axis',(0.,-1.71996847911145E-015,1.));
#11240=DIRECTION('ref_axis',(0.,-1.,-1.72084568816899E-015));
#11241=DIRECTION($,(0.,1.,1.71996847911145E-015));
#11242=DIRECTION($,(-1.,0.,0.));
#11243=DIRECTION($,(0.,1.,1.71996847911145E-015));
#11244=DIRECTION('center_axis',(0.,-1.,0.));
#11245=DIRECTION('ref_axis',(0.,0.,-1.));
#11246=DIRECTION($,(0.,0.,1.));
#11247=DIRECTION($,(-1.,0.,0.));
#11248=DIRECTION($,(0.,0.,1.));
#11249=DIRECTION('center_axis',(0.,-1.37434078202388E-015,-1.));
#11250=DIRECTION('ref_axis',(0.,1.,-1.38777878078145E-015));
#11251=DIRECTION($,(0.,-1.,1.37434078202388E-015));
#11252=DIRECTION($,(-1.,0.,0.));
#11253=DIRECTION($,(0.,-1.,1.37434078202388E-015));
#11254=DIRECTION('center_axis',(0.,0.766044443118974,-0.642787609686544));
#11255=DIRECTION('ref_axis',(0.,0.642787609686544,0.766044443118974));
#11256=DIRECTION($,(0.,-0.642787609686544,-0.766044443118974));
#11257=DIRECTION($,(-1.,0.,0.));
#11258=DIRECTION($,(0.,-0.642787609686544,-0.766044443118974));
#11259=DIRECTION('center_axis',(-1.,0.,0.));
#11260=DIRECTION('ref_axis',(0.,0.,1.));
#11261=DIRECTION('center_axis',(1.,0.,0.));
#11262=DIRECTION('ref_axis',(0.,0.,-1.));
#11263=DIRECTION($,(-1.,0.,0.));
#11264=DIRECTION('center_axis',(1.,0.,0.));
#11265=DIRECTION('ref_axis',(0.,0.,-1.));
#11266=DIRECTION('center_axis',(0.,0.891006524188367,0.453990499739548));
#11267=DIRECTION('ref_axis',(0.,-0.453990499739548,0.891006524188367));
#11268=DIRECTION($,(0.,0.453990499739548,-0.891006524188367));
#11269=DIRECTION($,(-1.,0.,0.));
#11270=DIRECTION($,(0.,0.453990499739548,-0.891006524188367));
#11271=DIRECTION('center_axis',(-1.,0.,0.));
#11272=DIRECTION('ref_axis',(0.,0.,1.));
#11273=DIRECTION('center_axis',(-1.,0.,0.));
#11274=DIRECTION('ref_axis',(0.,0.,1.));
#11275=DIRECTION($,(-1.,0.,0.));
#11276=DIRECTION('center_axis',(-1.,0.,0.));
#11277=DIRECTION('ref_axis',(0.,0.,1.));
#11278=DIRECTION('center_axis',(0.,0.707106781186556,-0.707106781186539));
#11279=DIRECTION('ref_axis',(0.,0.707106781186539,0.707106781186556));
#11280=DIRECTION($,(0.,-0.707106781186539,-0.707106781186556));
#11281=DIRECTION($,(-1.,0.,0.));
#11282=DIRECTION($,(0.,-0.707106781186539,-0.707106781186556));
#11283=DIRECTION('center_axis',(-1.,0.,0.));
#11284=DIRECTION('ref_axis',(0.,0.,1.));
#11285=DIRECTION('center_axis',(1.,0.,0.));
#11286=DIRECTION('ref_axis',(0.,0.,-1.));
#11287=DIRECTION('center_axis',(1.,0.,0.));
#11288=DIRECTION('ref_axis',(0.,0.,-1.));
#11289=DIRECTION('center_axis',(1.,0.,0.));
#11290=DIRECTION('ref_axis',(0.,0.,-1.));
#11291=DIRECTION('center_axis',(1.,0.,0.));
#11292=DIRECTION('ref_axis',(0.,0.,-1.));
#11293=DIRECTION('center_axis',(0.,-3.33600668457078E-016,1.));
#11294=DIRECTION('ref_axis',(0.,-1.,-3.33066907387547E-016));
#11295=DIRECTION($,(0.,1.,3.33600668457078E-016));
#11296=DIRECTION($,(-1.,0.,0.));
#11297=DIRECTION($,(0.,1.,3.33600668457078E-016));
#11298=DIRECTION($,(-1.,0.,0.));
#11299=DIRECTION('center_axis',(0.,-1.,0.));
#11300=DIRECTION('ref_axis',(0.,0.,-1.));
#11301=DIRECTION($,(0.,0.,1.));
#11302=DIRECTION($,(-1.,0.,0.));
#11303=DIRECTION($,(0.,0.,1.));
#11304=DIRECTION('center_axis',(-1.,0.,0.));
#11305=DIRECTION('ref_axis',(0.,0.,1.));
#11306=DIRECTION('center_axis',(1.,0.,0.));
#11307=DIRECTION('ref_axis',(0.,0.,1.));
#11308=DIRECTION($,(-1.,0.,0.));
#11309=DIRECTION('center_axis',(1.,0.,0.));
#11310=DIRECTION('ref_axis',(0.,0.,1.));
#11311=DIRECTION('center_axis',(-1.,0.,0.));
#11312=DIRECTION('ref_axis',(0.,0.,1.));
#11313=DIRECTION('center_axis',(1.,0.,0.));
#11314=DIRECTION('ref_axis',(0.,0.,-1.));
#11315=DIRECTION($,(-1.,0.,0.));
#11316=DIRECTION('center_axis',(1.,0.,0.));
#11317=DIRECTION('ref_axis',(0.,0.,-1.));
#11318=DIRECTION('center_axis',(0.,1.,0.));
#11319=DIRECTION('ref_axis',(0.,0.,1.));
#11320=DIRECTION($,(0.,0.,-1.));
#11321=DIRECTION($,(-1.,0.,0.));
#11322=DIRECTION($,(0.,0.,-1.));
#11323=DIRECTION('center_axis',(-1.,0.,0.));
#11324=DIRECTION('ref_axis',(0.,0.,1.));
#11325=DIRECTION('center_axis',(-1.,0.,0.));
#11326=DIRECTION('ref_axis',(0.,0.,-1.));
#11327=DIRECTION($,(-1.,0.,0.));
#11328=DIRECTION('center_axis',(-1.,0.,0.));
#11329=DIRECTION('ref_axis',(0.,0.,-1.));
#11330=DIRECTION('center_axis',(0.,0.500000000000001,0.866025403784438));
#11331=DIRECTION('ref_axis',(0.,-0.866025403784438,0.500000000000001));
#11332=DIRECTION($,(0.,0.866025403784438,-0.500000000000001));
#11333=DIRECTION($,(-1.,0.,0.));
#11334=DIRECTION($,(0.,0.866025403784438,-0.500000000000001));
#11335=DIRECTION('center_axis',(-1.,0.,0.));
#11336=DIRECTION('ref_axis',(0.,0.,1.));
#11337=DIRECTION('center_axis',(-1.,0.,0.));
#11338=DIRECTION('ref_axis',(0.,0.,-1.));
#11339=DIRECTION($,(-1.,0.,0.));
#11340=DIRECTION('center_axis',(-1.,0.,0.));
#11341=DIRECTION('ref_axis',(0.,0.,-1.));
#11342=DIRECTION('center_axis',(0.,1.,0.));
#11343=DIRECTION('ref_axis',(0.,0.,1.));
#11344=DIRECTION($,(0.,0.,-1.));
#11345=DIRECTION($,(-1.,0.,0.));
#11346=DIRECTION($,(0.,0.,-1.));
#11347=DIRECTION('center_axis',(-1.,0.,0.));
#11348=DIRECTION('ref_axis',(0.,0.,1.));
#11349=DIRECTION('center_axis',(-1.,0.,0.));
#11350=DIRECTION('ref_axis',(0.,0.,1.));
#11351=DIRECTION($,(-1.,0.,0.));
#11352=DIRECTION('center_axis',(-1.,0.,0.));
#11353=DIRECTION('ref_axis',(0.,0.,1.));
#11354=DIRECTION('center_axis',(0.,0.5,-0.866025403784439));
#11355=DIRECTION('ref_axis',(0.,0.866025403784439,0.5));
#11356=DIRECTION($,(0.,-0.866025403784439,-0.499999999999999));
#11357=DIRECTION($,(-1.,0.,0.));
#11358=DIRECTION($,(0.,-0.866025403784439,-0.499999999999999));
#11359=DIRECTION('center_axis',(-1.,0.,0.));
#11360=DIRECTION('ref_axis',(0.,0.,1.));
#11361=DIRECTION('center_axis',(-1.,0.,0.));
#11362=DIRECTION('ref_axis',(0.,0.,1.));
#11363=DIRECTION($,(-1.,0.,0.));
#11364=DIRECTION('center_axis',(-1.,0.,0.));
#11365=DIRECTION('ref_axis',(0.,0.,1.));
#11366=DIRECTION('center_axis',(0.,1.,-5.12376727872189E-015));
#11367=DIRECTION('ref_axis',(0.,5.13478148889135E-015,1.));
#11368=DIRECTION($,(0.,-5.12376727872189E-015,-1.));
#11369=DIRECTION($,(0.,-5.12376727872189E-015,-1.));
#11370=DIRECTION('center_axis',(-1.,0.,0.));
#11371=DIRECTION('ref_axis',(0.,0.,1.));
#11372=DIRECTION('center_axis',(-1.,0.,0.));
#11373=DIRECTION('ref_axis',(0.,0.,1.));
#11374=DIRECTION('center_axis',(0.,1.,0.));
#11375=DIRECTION('ref_axis',(0.,0.,1.));
#11376=DIRECTION($,(0.,0.,-1.));
#11377=DIRECTION($,(-1.,0.,0.));
#11378=DIRECTION($,(0.,0.,-1.));
#11379=DIRECTION($,(-1.,0.,0.));
#11380=DIRECTION('center_axis',(0.,3.61400724161835E-015,1.));
#11381=DIRECTION('ref_axis',(0.,-1.,3.60822483003176E-015));
#11382=DIRECTION($,(0.,1.,-3.61400724161835E-015));
#11383=DIRECTION($,(-1.,0.,0.));
#11384=DIRECTION($,(0.,1.,-3.61400724161835E-015));
#11385=DIRECTION('center_axis',(-1.,0.,0.));
#11386=DIRECTION('ref_axis',(0.,0.,1.));
#11387=DIRECTION('center_axis',(1.,0.,0.));
#11388=DIRECTION('ref_axis',(0.,0.,-1.));
#11389=DIRECTION($,(-1.,0.,0.));
#11390=DIRECTION('center_axis',(1.,0.,0.));
#11391=DIRECTION('ref_axis',(0.,0.,-1.));
#11392=DIRECTION('center_axis',(0.,-1.,0.));
#11393=DIRECTION('ref_axis',(0.,0.,-1.));
#11394=DIRECTION($,(0.,0.,1.));
#11395=DIRECTION($,(-1.,0.,0.));
#11396=DIRECTION($,(0.,0.,1.));
#11397=DIRECTION('center_axis',(-1.,0.,0.));
#11398=DIRECTION('ref_axis',(0.,0.,1.));
#11399=DIRECTION('center_axis',(-1.,0.,0.));
#11400=DIRECTION('ref_axis',(0.,0.,1.));
#11401=DIRECTION($,(-1.,0.,0.));
#11402=DIRECTION('center_axis',(-1.,0.,0.));
#11403=DIRECTION('ref_axis',(0.,0.,1.));
#11404=DIRECTION('center_axis',(0.,-0.707106781186552,0.707106781186543));
#11405=DIRECTION('ref_axis',(0.,-0.707106781186543,-0.707106781186552));
#11406=DIRECTION($,(0.,0.707106781186543,0.707106781186552));
#11407=DIRECTION($,(-1.,0.,0.));
#11408=DIRECTION($,(0.,0.707106781186543,0.707106781186552));
#11409=DIRECTION('center_axis',(-1.,0.,0.));
#11410=DIRECTION('ref_axis',(0.,0.,1.));
#11411=DIRECTION('center_axis',(-1.,0.,0.));
#11412=DIRECTION('ref_axis',(0.,0.,1.));
#11413=DIRECTION($,(-1.,0.,0.));
#11414=DIRECTION('center_axis',(-1.,0.,0.));
#11415=DIRECTION('ref_axis',(0.,0.,1.));
#11416=DIRECTION('center_axis',(0.,-1.71996847911145E-015,1.));
#11417=DIRECTION('ref_axis',(0.,-1.,-1.72084568816899E-015));
#11418=DIRECTION($,(0.,1.,1.71996847911145E-015));
#11419=DIRECTION($,(-1.,0.,0.));
#11420=DIRECTION($,(0.,1.,1.71996847911145E-015));
#11421=DIRECTION('center_axis',(0.,-1.,0.));
#11422=DIRECTION('ref_axis',(0.,0.,-1.));
#11423=DIRECTION($,(0.,0.,1.));
#11424=DIRECTION($,(-1.,0.,0.));
#11425=DIRECTION($,(0.,0.,1.));
#11426=DIRECTION('center_axis',(0.,-1.37434078202388E-015,-1.));
#11427=DIRECTION('ref_axis',(0.,1.,-1.38777878078145E-015));
#11428=DIRECTION($,(0.,-1.,1.37434078202388E-015));
#11429=DIRECTION($,(-1.,0.,0.));
#11430=DIRECTION($,(0.,-1.,1.37434078202388E-015));
#11431=DIRECTION('center_axis',(0.,0.766044443118974,-0.642787609686544));
#11432=DIRECTION('ref_axis',(0.,0.642787609686544,0.766044443118974));
#11433=DIRECTION($,(0.,-0.642787609686544,-0.766044443118974));
#11434=DIRECTION($,(-1.,0.,0.));
#11435=DIRECTION($,(0.,-0.642787609686544,-0.766044443118974));
#11436=DIRECTION('center_axis',(-1.,0.,0.));
#11437=DIRECTION('ref_axis',(0.,0.,1.));
#11438=DIRECTION('center_axis',(1.,0.,0.));
#11439=DIRECTION('ref_axis',(0.,0.,-1.));
#11440=DIRECTION($,(-1.,0.,0.));
#11441=DIRECTION('center_axis',(1.,0.,0.));
#11442=DIRECTION('ref_axis',(0.,0.,-1.));
#11443=DIRECTION('center_axis',(0.,0.891006524188367,0.453990499739548));
#11444=DIRECTION('ref_axis',(0.,-0.453990499739548,0.891006524188367));
#11445=DIRECTION($,(0.,0.453990499739548,-0.891006524188367));
#11446=DIRECTION($,(-1.,0.,0.));
#11447=DIRECTION($,(0.,0.453990499739548,-0.891006524188367));
#11448=DIRECTION('center_axis',(-1.,0.,0.));
#11449=DIRECTION('ref_axis',(0.,0.,1.));
#11450=DIRECTION('center_axis',(-1.,0.,0.));
#11451=DIRECTION('ref_axis',(0.,0.,1.));
#11452=DIRECTION($,(-1.,0.,0.));
#11453=DIRECTION('center_axis',(-1.,0.,0.));
#11454=DIRECTION('ref_axis',(0.,0.,1.));
#11455=DIRECTION('center_axis',(0.,0.707106781186556,-0.707106781186539));
#11456=DIRECTION('ref_axis',(0.,0.707106781186539,0.707106781186556));
#11457=DIRECTION($,(0.,-0.707106781186539,-0.707106781186556));
#11458=DIRECTION($,(-1.,0.,0.));
#11459=DIRECTION($,(0.,-0.707106781186539,-0.707106781186556));
#11460=DIRECTION('center_axis',(-1.,0.,0.));
#11461=DIRECTION('ref_axis',(0.,0.,1.));
#11462=DIRECTION('center_axis',(1.,0.,0.));
#11463=DIRECTION('ref_axis',(0.,0.,-1.));
#11464=DIRECTION('center_axis',(1.,0.,0.));
#11465=DIRECTION('ref_axis',(0.,0.,-1.));
#11466=DIRECTION('center_axis',(1.,0.,0.));
#11467=DIRECTION('ref_axis',(0.,0.,-1.));
#11468=DIRECTION('center_axis',(1.,0.,0.));
#11469=DIRECTION('ref_axis',(0.,0.,-1.));
#11470=DIRECTION('center_axis',(0.,1.,0.));
#11471=DIRECTION('ref_axis',(0.,0.,1.));
#11472=DIRECTION($,(0.,0.,-1.));
#11473=DIRECTION($,(-1.,0.,0.));
#11474=DIRECTION($,(0.,0.,-1.));
#11475=DIRECTION($,(-1.,0.,0.));
#11476=DIRECTION('center_axis',(0.,3.61400724161835E-015,1.));
#11477=DIRECTION('ref_axis',(0.,-1.,3.60822483003176E-015));
#11478=DIRECTION($,(0.,1.,-3.61400724161835E-015));
#11479=DIRECTION($,(-1.,0.,0.));
#11480=DIRECTION($,(0.,1.,-3.61400724161835E-015));
#11481=DIRECTION('center_axis',(-1.,0.,0.));
#11482=DIRECTION('ref_axis',(0.,0.,1.));
#11483=DIRECTION('center_axis',(1.,0.,0.));
#11484=DIRECTION('ref_axis',(0.,0.,-1.));
#11485=DIRECTION($,(-1.,0.,0.));
#11486=DIRECTION('center_axis',(1.,0.,0.));
#11487=DIRECTION('ref_axis',(0.,0.,-1.));
#11488=DIRECTION('center_axis',(0.,-1.,0.));
#11489=DIRECTION('ref_axis',(0.,0.,-1.));
#11490=DIRECTION($,(0.,0.,1.));
#11491=DIRECTION($,(-1.,0.,0.));
#11492=DIRECTION($,(0.,0.,1.));
#11493=DIRECTION('center_axis',(-1.,0.,0.));
#11494=DIRECTION('ref_axis',(0.,0.,1.));
#11495=DIRECTION('center_axis',(-1.,0.,0.));
#11496=DIRECTION('ref_axis',(0.,0.,1.));
#11497=DIRECTION($,(-1.,0.,0.));
#11498=DIRECTION('center_axis',(-1.,0.,0.));
#11499=DIRECTION('ref_axis',(0.,0.,1.));
#11500=DIRECTION('center_axis',(0.,-0.707106781186552,0.707106781186543));
#11501=DIRECTION('ref_axis',(0.,-0.707106781186543,-0.707106781186552));
#11502=DIRECTION($,(0.,0.707106781186543,0.707106781186552));
#11503=DIRECTION($,(-1.,0.,0.));
#11504=DIRECTION($,(0.,0.707106781186543,0.707106781186552));
#11505=DIRECTION('center_axis',(-1.,0.,0.));
#11506=DIRECTION('ref_axis',(0.,0.,1.));
#11507=DIRECTION('center_axis',(-1.,0.,0.));
#11508=DIRECTION('ref_axis',(0.,0.,1.));
#11509=DIRECTION($,(-1.,0.,0.));
#11510=DIRECTION('center_axis',(-1.,0.,0.));
#11511=DIRECTION('ref_axis',(0.,0.,1.));
#11512=DIRECTION('center_axis',(0.,-1.71996847911145E-015,1.));
#11513=DIRECTION('ref_axis',(0.,-1.,-1.72084568816899E-015));
#11514=DIRECTION($,(0.,1.,1.71996847911145E-015));
#11515=DIRECTION($,(-1.,0.,0.));
#11516=DIRECTION($,(0.,1.,1.71996847911145E-015));
#11517=DIRECTION('center_axis',(0.,-1.,0.));
#11518=DIRECTION('ref_axis',(0.,0.,-1.));
#11519=DIRECTION($,(0.,0.,1.));
#11520=DIRECTION($,(-1.,0.,0.));
#11521=DIRECTION($,(0.,0.,1.));
#11522=DIRECTION('center_axis',(0.,-1.37434078202388E-015,-1.));
#11523=DIRECTION('ref_axis',(0.,1.,-1.38777878078145E-015));
#11524=DIRECTION($,(0.,-1.,1.37434078202388E-015));
#11525=DIRECTION($,(-1.,0.,0.));
#11526=DIRECTION($,(0.,-1.,1.37434078202388E-015));
#11527=DIRECTION('center_axis',(0.,0.766044443118974,-0.642787609686544));
#11528=DIRECTION('ref_axis',(0.,0.642787609686544,0.766044443118974));
#11529=DIRECTION($,(0.,-0.642787609686544,-0.766044443118974));
#11530=DIRECTION($,(-1.,0.,0.));
#11531=DIRECTION($,(0.,-0.642787609686544,-0.766044443118974));
#11532=DIRECTION('center_axis',(-1.,0.,0.));
#11533=DIRECTION('ref_axis',(0.,0.,1.));
#11534=DIRECTION('center_axis',(1.,0.,0.));
#11535=DIRECTION('ref_axis',(0.,0.,-1.));
#11536=DIRECTION($,(-1.,0.,0.));
#11537=DIRECTION('center_axis',(1.,0.,0.));
#11538=DIRECTION('ref_axis',(0.,0.,-1.));
#11539=DIRECTION('center_axis',(0.,0.891006524188367,0.453990499739548));
#11540=DIRECTION('ref_axis',(0.,-0.453990499739548,0.891006524188367));
#11541=DIRECTION($,(0.,0.453990499739548,-0.891006524188367));
#11542=DIRECTION($,(-1.,0.,0.));
#11543=DIRECTION($,(0.,0.453990499739548,-0.891006524188367));
#11544=DIRECTION('center_axis',(-1.,0.,0.));
#11545=DIRECTION('ref_axis',(0.,0.,1.));
#11546=DIRECTION('center_axis',(-1.,0.,0.));
#11547=DIRECTION('ref_axis',(0.,0.,1.));
#11548=DIRECTION($,(-1.,0.,0.));
#11549=DIRECTION('center_axis',(-1.,0.,0.));
#11550=DIRECTION('ref_axis',(0.,0.,1.));
#11551=DIRECTION('center_axis',(0.,0.707106781186556,-0.707106781186539));
#11552=DIRECTION('ref_axis',(0.,0.707106781186539,0.707106781186556));
#11553=DIRECTION($,(0.,-0.707106781186539,-0.707106781186556));
#11554=DIRECTION($,(-1.,0.,0.));
#11555=DIRECTION($,(0.,-0.707106781186539,-0.707106781186556));
#11556=DIRECTION('center_axis',(-1.,0.,0.));
#11557=DIRECTION('ref_axis',(0.,0.,1.));
#11558=DIRECTION('center_axis',(1.,0.,0.));
#11559=DIRECTION('ref_axis',(0.,0.,-1.));
#11560=DIRECTION('center_axis',(1.,0.,0.));
#11561=DIRECTION('ref_axis',(0.,0.,-1.));
#11562=DIRECTION('center_axis',(1.,0.,0.));
#11563=DIRECTION('ref_axis',(0.,0.,-1.));
#11564=DIRECTION('center_axis',(1.,0.,0.));
#11565=DIRECTION('ref_axis',(0.,0.,-1.));
#11566=DIRECTION('center_axis',(0.,1.,0.));
#11567=DIRECTION('ref_axis',(0.,0.,1.));
#11568=DIRECTION($,(0.,0.,-1.));
#11569=DIRECTION($,(-1.,0.,0.));
#11570=DIRECTION($,(0.,0.,-1.));
#11571=DIRECTION($,(-1.,0.,0.));
#11572=DIRECTION('center_axis',(0.,3.61400724161835E-015,1.));
#11573=DIRECTION('ref_axis',(0.,-1.,3.60822483003176E-015));
#11574=DIRECTION($,(0.,1.,-3.61400724161835E-015));
#11575=DIRECTION($,(-1.,0.,0.));
#11576=DIRECTION($,(0.,1.,-3.61400724161835E-015));
#11577=DIRECTION('center_axis',(-1.,0.,0.));
#11578=DIRECTION('ref_axis',(0.,0.,1.));
#11579=DIRECTION('center_axis',(1.,0.,0.));
#11580=DIRECTION('ref_axis',(0.,0.,-1.));
#11581=DIRECTION($,(-1.,0.,0.));
#11582=DIRECTION('center_axis',(1.,0.,0.));
#11583=DIRECTION('ref_axis',(0.,0.,-1.));
#11584=DIRECTION('center_axis',(0.,-1.,0.));
#11585=DIRECTION('ref_axis',(0.,0.,-1.));
#11586=DIRECTION($,(0.,0.,1.));
#11587=DIRECTION($,(-1.,0.,0.));
#11588=DIRECTION($,(0.,0.,1.));
#11589=DIRECTION('center_axis',(-1.,0.,0.));
#11590=DIRECTION('ref_axis',(0.,0.,1.));
#11591=DIRECTION('center_axis',(-1.,0.,0.));
#11592=DIRECTION('ref_axis',(0.,0.,1.));
#11593=DIRECTION($,(-1.,0.,0.));
#11594=DIRECTION('center_axis',(-1.,0.,0.));
#11595=DIRECTION('ref_axis',(0.,0.,1.));
#11596=DIRECTION('center_axis',(0.,-0.707106781186552,0.707106781186543));
#11597=DIRECTION('ref_axis',(0.,-0.707106781186543,-0.707106781186552));
#11598=DIRECTION($,(0.,0.707106781186543,0.707106781186552));
#11599=DIRECTION($,(-1.,0.,0.));
#11600=DIRECTION($,(0.,0.707106781186543,0.707106781186552));
#11601=DIRECTION('center_axis',(-1.,0.,0.));
#11602=DIRECTION('ref_axis',(0.,0.,1.));
#11603=DIRECTION('center_axis',(-1.,0.,0.));
#11604=DIRECTION('ref_axis',(0.,0.,1.));
#11605=DIRECTION($,(-1.,0.,0.));
#11606=DIRECTION('center_axis',(-1.,0.,0.));
#11607=DIRECTION('ref_axis',(0.,0.,1.));
#11608=DIRECTION('center_axis',(0.,-1.71996847911145E-015,1.));
#11609=DIRECTION('ref_axis',(0.,-1.,-1.72084568816899E-015));
#11610=DIRECTION($,(0.,1.,1.71996847911145E-015));
#11611=DIRECTION($,(-1.,0.,0.));
#11612=DIRECTION($,(0.,1.,1.71996847911145E-015));
#11613=DIRECTION('center_axis',(0.,-1.,0.));
#11614=DIRECTION('ref_axis',(0.,0.,-1.));
#11615=DIRECTION($,(0.,0.,1.));
#11616=DIRECTION($,(-1.,0.,0.));
#11617=DIRECTION($,(0.,0.,1.));
#11618=DIRECTION('center_axis',(0.,-1.37434078202388E-015,-1.));
#11619=DIRECTION('ref_axis',(0.,1.,-1.38777878078145E-015));
#11620=DIRECTION($,(0.,-1.,1.37434078202388E-015));
#11621=DIRECTION($,(-1.,0.,0.));
#11622=DIRECTION($,(0.,-1.,1.37434078202388E-015));
#11623=DIRECTION('center_axis',(0.,0.766044443118974,-0.642787609686544));
#11624=DIRECTION('ref_axis',(0.,0.642787609686544,0.766044443118974));
#11625=DIRECTION($,(0.,-0.642787609686544,-0.766044443118974));
#11626=DIRECTION($,(-1.,0.,0.));
#11627=DIRECTION($,(0.,-0.642787609686544,-0.766044443118974));
#11628=DIRECTION('center_axis',(-1.,0.,0.));
#11629=DIRECTION('ref_axis',(0.,0.,1.));
#11630=DIRECTION('center_axis',(1.,0.,0.));
#11631=DIRECTION('ref_axis',(0.,0.,-1.));
#11632=DIRECTION($,(-1.,0.,0.));
#11633=DIRECTION('center_axis',(1.,0.,0.));
#11634=DIRECTION('ref_axis',(0.,0.,-1.));
#11635=DIRECTION('center_axis',(0.,0.891006524188367,0.453990499739548));
#11636=DIRECTION('ref_axis',(0.,-0.453990499739548,0.891006524188367));
#11637=DIRECTION($,(0.,0.453990499739548,-0.891006524188367));
#11638=DIRECTION($,(-1.,0.,0.));
#11639=DIRECTION($,(0.,0.453990499739548,-0.891006524188367));
#11640=DIRECTION('center_axis',(-1.,0.,0.));
#11641=DIRECTION('ref_axis',(0.,0.,1.));
#11642=DIRECTION('center_axis',(-1.,0.,0.));
#11643=DIRECTION('ref_axis',(0.,0.,1.));
#11644=DIRECTION($,(-1.,0.,0.));
#11645=DIRECTION('center_axis',(-1.,0.,0.));
#11646=DIRECTION('ref_axis',(0.,0.,1.));
#11647=DIRECTION('center_axis',(0.,0.707106781186556,-0.707106781186539));
#11648=DIRECTION('ref_axis',(0.,0.707106781186539,0.707106781186556));
#11649=DIRECTION($,(0.,-0.707106781186539,-0.707106781186556));
#11650=DIRECTION($,(-1.,0.,0.));
#11651=DIRECTION($,(0.,-0.707106781186539,-0.707106781186556));
#11652=DIRECTION('center_axis',(-1.,0.,0.));
#11653=DIRECTION('ref_axis',(0.,0.,1.));
#11654=DIRECTION('center_axis',(1.,0.,0.));
#11655=DIRECTION('ref_axis',(0.,0.,-1.));
#11656=DIRECTION('center_axis',(1.,0.,0.));
#11657=DIRECTION('ref_axis',(0.,0.,-1.));
#11658=DIRECTION('center_axis',(1.,0.,0.));
#11659=DIRECTION('ref_axis',(0.,0.,-1.));
#11660=DIRECTION('center_axis',(1.,0.,0.));
#11661=DIRECTION('ref_axis',(0.,0.,-1.));
#11662=DIRECTION('center_axis',(0.,-3.33600668457078E-016,1.));
#11663=DIRECTION('ref_axis',(0.,-1.,-3.33066907387547E-016));
#11664=DIRECTION($,(0.,1.,3.33600668457078E-016));
#11665=DIRECTION($,(-1.,0.,0.));
#11666=DIRECTION($,(0.,1.,3.33600668457078E-016));
#11667=DIRECTION($,(-1.,0.,0.));
#11668=DIRECTION('center_axis',(0.,-1.,0.));
#11669=DIRECTION('ref_axis',(0.,0.,-1.));
#11670=DIRECTION($,(0.,0.,1.));
#11671=DIRECTION($,(-1.,0.,0.));
#11672=DIRECTION($,(0.,0.,1.));
#11673=DIRECTION('center_axis',(-1.,0.,0.));
#11674=DIRECTION('ref_axis',(0.,0.,1.));
#11675=DIRECTION('center_axis',(1.,0.,0.));
#11676=DIRECTION('ref_axis',(0.,0.,1.));
#11677=DIRECTION($,(-1.,0.,0.));
#11678=DIRECTION('center_axis',(1.,0.,0.));
#11679=DIRECTION('ref_axis',(0.,0.,1.));
#11680=DIRECTION('center_axis',(-1.,0.,0.));
#11681=DIRECTION('ref_axis',(0.,0.,1.));
#11682=DIRECTION('center_axis',(1.,0.,0.));
#11683=DIRECTION('ref_axis',(0.,0.,-1.));
#11684=DIRECTION($,(-1.,0.,0.));
#11685=DIRECTION('center_axis',(1.,0.,0.));
#11686=DIRECTION('ref_axis',(0.,0.,-1.));
#11687=DIRECTION('center_axis',(0.,1.,0.));
#11688=DIRECTION('ref_axis',(0.,0.,1.));
#11689=DIRECTION($,(0.,0.,-1.));
#11690=DIRECTION($,(-1.,0.,0.));
#11691=DIRECTION($,(0.,0.,-1.));
#11692=DIRECTION('center_axis',(-1.,0.,0.));
#11693=DIRECTION('ref_axis',(0.,0.,1.));
#11694=DIRECTION('center_axis',(-1.,0.,0.));
#11695=DIRECTION('ref_axis',(0.,0.,-1.));
#11696=DIRECTION($,(-1.,0.,0.));
#11697=DIRECTION('center_axis',(-1.,0.,0.));
#11698=DIRECTION('ref_axis',(0.,0.,-1.));
#11699=DIRECTION('center_axis',(-1.,0.,0.));
#11700=DIRECTION('ref_axis',(0.,0.,1.));
#11701=DIRECTION('center_axis',(-1.,0.,0.));
#11702=DIRECTION('ref_axis',(0.,0.,-1.));
#11703=DIRECTION($,(-1.,0.,0.));
#11704=DIRECTION('center_axis',(-1.,0.,0.));
#11705=DIRECTION('ref_axis',(0.,0.,-1.));
#11706=DIRECTION($,(-1.,0.,0.));
#11707=DIRECTION('center_axis',(0.,1.,0.));
#11708=DIRECTION('ref_axis',(0.,0.,1.));
#11709=DIRECTION($,(0.,0.,-1.));
#11710=DIRECTION($,(-1.,0.,0.));
#11711=DIRECTION($,(0.,0.,-1.));
#11712=DIRECTION('center_axis',(-1.,0.,0.));
#11713=DIRECTION('ref_axis',(0.,0.,1.));
#11714=DIRECTION('center_axis',(-1.,0.,0.));
#11715=DIRECTION('ref_axis',(0.,0.,1.));
#11716=DIRECTION($,(-1.,0.,0.));
#11717=DIRECTION('center_axis',(-1.,0.,0.));
#11718=DIRECTION('ref_axis',(0.,0.,1.));
#11719=DIRECTION('center_axis',(0.,0.5,-0.866025403784439));
#11720=DIRECTION('ref_axis',(0.,0.866025403784439,0.5));
#11721=DIRECTION($,(0.,-0.866025403784439,-0.499999999999999));
#11722=DIRECTION($,(-1.,0.,0.));
#11723=DIRECTION($,(0.,-0.866025403784439,-0.499999999999999));
#11724=DIRECTION('center_axis',(-1.,0.,0.));
#11725=DIRECTION('ref_axis',(0.,0.,1.));
#11726=DIRECTION('center_axis',(-1.,0.,0.));
#11727=DIRECTION('ref_axis',(0.,0.,1.));
#11728=DIRECTION($,(-1.,0.,0.));
#11729=DIRECTION('center_axis',(-1.,0.,0.));
#11730=DIRECTION('ref_axis',(0.,0.,1.));
#11731=DIRECTION('center_axis',(0.,1.,-5.12376727872189E-015));
#11732=DIRECTION('ref_axis',(0.,5.13478148889135E-015,1.));
#11733=DIRECTION($,(0.,-5.12376727872189E-015,-1.));
#11734=DIRECTION($,(0.,-5.12376727872189E-015,-1.));
#11735=DIRECTION('center_axis',(-1.,0.,0.));
#11736=DIRECTION('ref_axis',(0.,0.,1.));
#11737=DIRECTION($,(0.,0.866025403784438,-0.500000000000001));
#11738=DIRECTION('center_axis',(-1.,0.,0.));
#11739=DIRECTION('ref_axis',(0.,0.,1.));
#11740=DIRECTION('center_axis',(0.,-3.33600668457078E-016,1.));
#11741=DIRECTION('ref_axis',(0.,-1.,-3.33066907387547E-016));
#11742=DIRECTION($,(0.,1.,3.33600668457078E-016));
#11743=DIRECTION($,(-1.,0.,0.));
#11744=DIRECTION($,(0.,1.,3.33600668457078E-016));
#11745=DIRECTION($,(-1.,0.,0.));
#11746=DIRECTION('center_axis',(0.,-1.,0.));
#11747=DIRECTION('ref_axis',(0.,0.,-1.));
#11748=DIRECTION($,(0.,0.,1.));
#11749=DIRECTION($,(-1.,0.,0.));
#11750=DIRECTION($,(0.,0.,1.));
#11751=DIRECTION('center_axis',(-1.,0.,0.));
#11752=DIRECTION('ref_axis',(0.,0.,1.));
#11753=DIRECTION('center_axis',(1.,0.,0.));
#11754=DIRECTION('ref_axis',(0.,0.,1.));
#11755=DIRECTION($,(-1.,0.,0.));
#11756=DIRECTION('center_axis',(1.,0.,0.));
#11757=DIRECTION('ref_axis',(0.,0.,1.));
#11758=DIRECTION('center_axis',(-1.,0.,0.));
#11759=DIRECTION('ref_axis',(0.,0.,1.));
#11760=DIRECTION('center_axis',(1.,0.,0.));
#11761=DIRECTION('ref_axis',(0.,0.,-1.));
#11762=DIRECTION($,(-1.,0.,0.));
#11763=DIRECTION('center_axis',(1.,0.,0.));
#11764=DIRECTION('ref_axis',(0.,0.,-1.));
#11765=DIRECTION('center_axis',(0.,1.,0.));
#11766=DIRECTION('ref_axis',(0.,0.,1.));
#11767=DIRECTION($,(0.,0.,-1.));
#11768=DIRECTION($,(-1.,0.,0.));
#11769=DIRECTION($,(0.,0.,-1.));
#11770=DIRECTION('center_axis',(-1.,0.,0.));
#11771=DIRECTION('ref_axis',(0.,0.,1.));
#11772=DIRECTION('center_axis',(-1.,0.,0.));
#11773=DIRECTION('ref_axis',(0.,0.,-1.));
#11774=DIRECTION($,(-1.,0.,0.));
#11775=DIRECTION('center_axis',(-1.,0.,0.));
#11776=DIRECTION('ref_axis',(0.,0.,-1.));
#11777=DIRECTION('center_axis',(0.,0.500000000000001,0.866025403784438));
#11778=DIRECTION('ref_axis',(0.,-0.866025403784438,0.500000000000001));
#11779=DIRECTION($,(0.,0.866025403784438,-0.500000000000001));
#11780=DIRECTION($,(-1.,0.,0.));
#11781=DIRECTION($,(0.,0.866025403784438,-0.500000000000001));
#11782=DIRECTION('center_axis',(-1.,0.,0.));
#11783=DIRECTION('ref_axis',(0.,0.,1.));
#11784=DIRECTION('center_axis',(-1.,0.,0.));
#11785=DIRECTION('ref_axis',(0.,0.,-1.));
#11786=DIRECTION($,(-1.,0.,0.));
#11787=DIRECTION('center_axis',(-1.,0.,0.));
#11788=DIRECTION('ref_axis',(0.,0.,-1.));
#11789=DIRECTION('center_axis',(0.,1.,0.));
#11790=DIRECTION('ref_axis',(0.,0.,1.));
#11791=DIRECTION($,(0.,0.,-1.));
#11792=DIRECTION($,(-1.,0.,0.));
#11793=DIRECTION($,(0.,0.,-1.));
#11794=DIRECTION('center_axis',(-1.,0.,0.));
#11795=DIRECTION('ref_axis',(0.,0.,1.));
#11796=DIRECTION('center_axis',(-1.,0.,0.));
#11797=DIRECTION('ref_axis',(0.,0.,1.));
#11798=DIRECTION($,(-1.,0.,0.));
#11799=DIRECTION('center_axis',(-1.,0.,0.));
#11800=DIRECTION('ref_axis',(0.,0.,1.));
#11801=DIRECTION('center_axis',(0.,0.5,-0.866025403784439));
#11802=DIRECTION('ref_axis',(0.,0.866025403784439,0.5));
#11803=DIRECTION($,(0.,-0.866025403784439,-0.499999999999999));
#11804=DIRECTION($,(-1.,0.,0.));
#11805=DIRECTION($,(0.,-0.866025403784439,-0.499999999999999));
#11806=DIRECTION('center_axis',(-1.,0.,0.));
#11807=DIRECTION('ref_axis',(0.,0.,1.));
#11808=DIRECTION('center_axis',(-1.,0.,0.));
#11809=DIRECTION('ref_axis',(0.,0.,1.));
#11810=DIRECTION($,(-1.,0.,0.));
#11811=DIRECTION('center_axis',(-1.,0.,0.));
#11812=DIRECTION('ref_axis',(0.,0.,1.));
#11813=DIRECTION('center_axis',(0.,1.,-5.12376727872189E-015));
#11814=DIRECTION('ref_axis',(0.,5.13478148889135E-015,1.));
#11815=DIRECTION($,(0.,-5.12376727872189E-015,-1.));
#11816=DIRECTION($,(0.,-5.12376727872189E-015,-1.));
#11817=DIRECTION('center_axis',(-1.,0.,0.));
#11818=DIRECTION('ref_axis',(0.,0.,1.));
#11819=DIRECTION('center_axis',(-1.,0.,0.));
#11820=DIRECTION('ref_axis',(0.,0.,1.));
#11821=DIRECTION('center_axis',(0.,-3.33600668457078E-016,1.));
#11822=DIRECTION('ref_axis',(0.,-1.,-3.33066907387547E-016));
#11823=DIRECTION($,(0.,1.,3.33600668457078E-016));
#11824=DIRECTION($,(-1.,0.,0.));
#11825=DIRECTION($,(0.,1.,3.33600668457078E-016));
#11826=DIRECTION($,(-1.,0.,0.));
#11827=DIRECTION('center_axis',(0.,-1.,0.));
#11828=DIRECTION('ref_axis',(0.,0.,-1.));
#11829=DIRECTION($,(0.,0.,1.));
#11830=DIRECTION($,(-1.,0.,0.));
#11831=DIRECTION($,(0.,0.,1.));
#11832=DIRECTION('center_axis',(-1.,0.,0.));
#11833=DIRECTION('ref_axis',(0.,0.,1.));
#11834=DIRECTION('center_axis',(1.,0.,0.));
#11835=DIRECTION('ref_axis',(0.,0.,1.));
#11836=DIRECTION($,(-1.,0.,0.));
#11837=DIRECTION('center_axis',(1.,0.,0.));
#11838=DIRECTION('ref_axis',(0.,0.,1.));
#11839=DIRECTION('center_axis',(-1.,0.,0.));
#11840=DIRECTION('ref_axis',(0.,0.,1.));
#11841=DIRECTION('center_axis',(1.,0.,0.));
#11842=DIRECTION('ref_axis',(0.,0.,-1.));
#11843=DIRECTION($,(-1.,0.,0.));
#11844=DIRECTION('center_axis',(1.,0.,0.));
#11845=DIRECTION('ref_axis',(0.,0.,-1.));
#11846=DIRECTION('center_axis',(0.,1.,0.));
#11847=DIRECTION('ref_axis',(0.,0.,1.));
#11848=DIRECTION($,(0.,0.,-1.));
#11849=DIRECTION($,(-1.,0.,0.));
#11850=DIRECTION($,(0.,0.,-1.));
#11851=DIRECTION('center_axis',(-1.,0.,0.));
#11852=DIRECTION('ref_axis',(0.,0.,1.));
#11853=DIRECTION('center_axis',(-1.,0.,0.));
#11854=DIRECTION('ref_axis',(0.,0.,-1.));
#11855=DIRECTION($,(-1.,0.,0.));
#11856=DIRECTION('center_axis',(-1.,0.,0.));
#11857=DIRECTION('ref_axis',(0.,0.,-1.));
#11858=DIRECTION('center_axis',(0.,0.500000000000001,0.866025403784438));
#11859=DIRECTION('ref_axis',(0.,-0.866025403784438,0.500000000000001));
#11860=DIRECTION($,(0.,0.866025403784438,-0.500000000000001));
#11861=DIRECTION($,(-1.,0.,0.));
#11862=DIRECTION($,(0.,0.866025403784438,-0.500000000000001));
#11863=DIRECTION('center_axis',(-1.,0.,0.));
#11864=DIRECTION('ref_axis',(0.,0.,1.));
#11865=DIRECTION('center_axis',(-1.,0.,0.));
#11866=DIRECTION('ref_axis',(0.,0.,-1.));
#11867=DIRECTION($,(-1.,0.,0.));
#11868=DIRECTION('center_axis',(-1.,0.,0.));
#11869=DIRECTION('ref_axis',(0.,0.,-1.));
#11870=DIRECTION('center_axis',(0.,1.,0.));
#11871=DIRECTION('ref_axis',(0.,0.,1.));
#11872=DIRECTION($,(0.,0.,-1.));
#11873=DIRECTION($,(-1.,0.,0.));
#11874=DIRECTION($,(0.,0.,-1.));
#11875=DIRECTION('center_axis',(-1.,0.,0.));
#11876=DIRECTION('ref_axis',(0.,0.,1.));
#11877=DIRECTION('center_axis',(-1.,0.,0.));
#11878=DIRECTION('ref_axis',(0.,0.,1.));
#11879=DIRECTION($,(-1.,0.,0.));
#11880=DIRECTION('center_axis',(-1.,0.,0.));
#11881=DIRECTION('ref_axis',(0.,0.,1.));
#11882=DIRECTION('center_axis',(0.,0.5,-0.866025403784439));
#11883=DIRECTION('ref_axis',(0.,0.866025403784439,0.5));
#11884=DIRECTION($,(0.,-0.866025403784439,-0.499999999999999));
#11885=DIRECTION($,(-1.,0.,0.));
#11886=DIRECTION($,(0.,-0.866025403784439,-0.499999999999999));
#11887=DIRECTION('center_axis',(-1.,0.,0.));
#11888=DIRECTION('ref_axis',(0.,0.,1.));
#11889=DIRECTION('center_axis',(-1.,0.,0.));
#11890=DIRECTION('ref_axis',(0.,0.,1.));
#11891=DIRECTION($,(-1.,0.,0.));
#11892=DIRECTION('center_axis',(-1.,0.,0.));
#11893=DIRECTION('ref_axis',(0.,0.,1.));
#11894=DIRECTION('center_axis',(0.,1.,-5.12376727872189E-015));
#11895=DIRECTION('ref_axis',(0.,5.13478148889135E-015,1.));
#11896=DIRECTION($,(0.,-5.12376727872189E-015,-1.));
#11897=DIRECTION($,(0.,-5.12376727872189E-015,-1.));
#11898=DIRECTION('center_axis',(-1.,0.,0.));
#11899=DIRECTION('ref_axis',(0.,0.,1.));
#11900=DIRECTION('center_axis',(-1.,0.,0.));
#11901=DIRECTION('ref_axis',(0.,0.,1.));
#11902=DIRECTION('center_axis',(-1.,0.,0.));
#11903=DIRECTION('ref_axis',(0.,0.,1.));
#11904=DIRECTION('center_axis',(1.,0.,0.));
#11905=DIRECTION('ref_axis',(0.,0.,-1.));
#11906=DIRECTION($,(-1.,0.,0.));
#11907=DIRECTION('center_axis',(1.,0.,0.));
#11908=DIRECTION('ref_axis',(0.,0.,-1.));
#11909=DIRECTION($,(-1.,0.,0.));
#11910=DIRECTION('center_axis',(0.,-1.,-1.88556899562696E-016));
#11911=DIRECTION('ref_axis',(0.,1.94289029309402E-016,-1.));
#11912=DIRECTION($,(0.,-1.88556899562696E-016,1.));
#11913=DIRECTION($,(-1.,0.,0.));
#11914=DIRECTION($,(0.,-1.88556899562696E-016,1.));
#11915=DIRECTION($,(-1.,0.,0.));
#11916=DIRECTION('center_axis',(-1.,0.,0.));
#11917=DIRECTION('ref_axis',(0.,0.,1.));
#11918=DIRECTION('center_axis',(-1.,0.,0.));
#11919=DIRECTION('ref_axis',(0.,0.,1.));
#11920=DIRECTION($,(-1.,0.,0.));
#11921=DIRECTION('center_axis',(-1.,0.,0.));
#11922=DIRECTION('ref_axis',(0.,0.,1.));
#11923=DIRECTION('center_axis',(0.,-0.707106781186558,0.707106781186537));
#11924=DIRECTION('ref_axis',(0.,-0.707106781186537,-0.707106781186558));
#11925=DIRECTION($,(0.,0.707106781186537,0.707106781186558));
#11926=DIRECTION($,(-1.,0.,0.));
#11927=DIRECTION($,(0.,0.707106781186537,0.707106781186558));
#11928=DIRECTION('center_axis',(-1.,0.,0.));
#11929=DIRECTION('ref_axis',(0.,0.,1.));
#11930=DIRECTION('center_axis',(1.,0.,0.));
#11931=DIRECTION('ref_axis',(0.,0.,-1.));
#11932=DIRECTION($,(-1.,0.,0.));
#11933=DIRECTION('center_axis',(1.,0.,0.));
#11934=DIRECTION('ref_axis',(0.,0.,-1.));
#11935=DIRECTION('center_axis',(0.,-0.70710678118654,-0.707106781186555));
#11936=DIRECTION('ref_axis',(0.,0.707106781186555,-0.70710678118654));
#11937=DIRECTION($,(0.,-0.707106781186556,0.707106781186539));
#11938=DIRECTION($,(-1.,0.,0.));
#11939=DIRECTION($,(0.,-0.707106781186556,0.707106781186539));
#11940=DIRECTION('center_axis',(-1.,0.,0.));
#11941=DIRECTION('ref_axis',(0.,0.,1.));
#11942=DIRECTION('center_axis',(-1.,0.,0.));
#11943=DIRECTION('ref_axis',(0.,0.,1.));
#11944=DIRECTION($,(-1.,0.,0.));
#11945=DIRECTION('center_axis',(-1.,0.,0.));
#11946=DIRECTION('ref_axis',(0.,0.,1.));
#11947=DIRECTION('center_axis',(0.,-0.70710678118656,0.707106781186535));
#11948=DIRECTION('ref_axis',(0.,-0.707106781186535,-0.70710678118656));
#11949=DIRECTION($,(0.,0.707106781186535,0.70710678118656));
#11950=DIRECTION($,(-1.,0.,0.));
#11951=DIRECTION($,(0.,0.707106781186535,0.70710678118656));
#11952=DIRECTION('center_axis',(-1.,0.,0.));
#11953=DIRECTION('ref_axis',(0.,0.,1.));
#11954=DIRECTION('center_axis',(1.,0.,0.));
#11955=DIRECTION('ref_axis',(0.,0.,-1.));
#11956=DIRECTION($,(-1.,0.,0.));
#11957=DIRECTION('center_axis',(1.,0.,0.));
#11958=DIRECTION('ref_axis',(0.,0.,-1.));
#11959=DIRECTION('center_axis',(0.,-0.920504853452443,-0.390731128489268));
#11960=DIRECTION('ref_axis',(0.,0.390731128489268,-0.920504853452443));
#11961=DIRECTION($,(0.,-0.390731128489267,0.920504853452443));
#11962=DIRECTION($,(0.,-0.390731128489267,0.920504853452443));
#11963=DIRECTION('center_axis',(0.,0.707106781186558,-0.707106781186537));
#11964=DIRECTION('ref_axis',(0.,0.707106781186537,0.707106781186558));
#11965=DIRECTION($,(0.,-0.707106781186537,-0.707106781186558));
#11966=DIRECTION($,(-1.,0.,0.));
#11967=DIRECTION($,(0.,-0.707106781186537,-0.707106781186558));
#11968=DIRECTION('center_axis',(-1.,0.,0.));
#11969=DIRECTION('ref_axis',(0.,0.,1.));
#11970=DIRECTION('center_axis',(1.,0.,0.));
#11971=DIRECTION('ref_axis',(0.,0.,-1.));
#11972=DIRECTION($,(-1.,0.,0.));
#11973=DIRECTION('center_axis',(1.,0.,0.));
#11974=DIRECTION('ref_axis',(0.,0.,-1.));
#11975=DIRECTION('center_axis',(0.,1.,-1.53974903309134E-016));
#11976=DIRECTION('ref_axis',(0.,1.52655665885959E-016,1.));
#11977=DIRECTION($,(0.,-1.53974903309134E-016,-1.));
#11978=DIRECTION($,(-1.,0.,0.));
#11979=DIRECTION($,(0.,-1.53974903309134E-016,-1.));
#11980=DIRECTION('center_axis',(-1.,0.,0.));
#11981=DIRECTION('ref_axis',(0.,0.,1.));
#11982=DIRECTION('center_axis',(1.,0.,0.));
#11983=DIRECTION('ref_axis',(0.,0.,-1.));
#11984=DIRECTION($,(-1.,0.,0.));
#11985=DIRECTION('center_axis',(1.,0.,0.));
#11986=DIRECTION('ref_axis',(0.,0.,-1.));
#11987=DIRECTION('center_axis',(-1.,0.,0.));
#11988=DIRECTION('ref_axis',(0.,0.,1.));
#11989=DIRECTION('center_axis',(-1.,0.,0.));
#11990=DIRECTION('ref_axis',(0.,0.,1.));
#11991=DIRECTION($,(-1.,0.,0.));
#11992=DIRECTION('center_axis',(-1.,0.,0.));
#11993=DIRECTION('ref_axis',(0.,0.,1.));
#11994=DIRECTION('center_axis',(0.,0.998629534754574,-0.0523359562429439));
#11995=DIRECTION('ref_axis',(0.,0.0523359562429439,0.998629534754574));
#11996=DIRECTION($,(0.,-0.0523359562429439,-0.998629534754574));
#11997=DIRECTION($,(-1.,0.,0.));
#11998=DIRECTION($,(0.,-0.0523359562429439,-0.998629534754574));
#11999=DIRECTION('center_axis',(0.,0.,1.));
#12000=DIRECTION('ref_axis',(1.,0.,0.));
#12001=DIRECTION($,(0.,1.,0.));
#12002=DIRECTION($,(0.,1.,0.));
#12003=DIRECTION('center_axis',(-1.,0.,0.));
#12004=DIRECTION('ref_axis',(0.,0.,1.));
#12005=DIRECTION('center_axis',(-1.,0.,0.));
#12006=DIRECTION('ref_axis',(0.,0.,1.));
#12007=DIRECTION('center_axis',(-1.,0.,0.));
#12008=DIRECTION('ref_axis',(0.,0.,1.));
#12009=DIRECTION('center_axis',(1.,0.,0.));
#12010=DIRECTION('ref_axis',(0.,0.,-1.));
#12011=DIRECTION($,(-1.,0.,0.));
#12012=DIRECTION('center_axis',(1.,0.,0.));
#12013=DIRECTION('ref_axis',(0.,0.,-1.));
#12014=DIRECTION($,(-1.,0.,0.));
#12015=DIRECTION('center_axis',(0.,-1.,-1.88556899562696E-016));
#12016=DIRECTION('ref_axis',(0.,1.94289029309402E-016,-1.));
#12017=DIRECTION($,(0.,-1.88556899562696E-016,1.));
#12018=DIRECTION($,(-1.,0.,0.));
#12019=DIRECTION($,(0.,-1.88556899562696E-016,1.));
#12020=DIRECTION($,(-1.,0.,0.));
#12021=DIRECTION('center_axis',(-1.,0.,0.));
#12022=DIRECTION('ref_axis',(0.,0.,1.));
#12023=DIRECTION('center_axis',(-1.,0.,0.));
#12024=DIRECTION('ref_axis',(0.,0.,1.));
#12025=DIRECTION($,(-1.,0.,0.));
#12026=DIRECTION('center_axis',(-1.,0.,0.));
#12027=DIRECTION('ref_axis',(0.,0.,1.));
#12028=DIRECTION('center_axis',(0.,-0.707106781186558,0.707106781186537));
#12029=DIRECTION('ref_axis',(0.,-0.707106781186537,-0.707106781186558));
#12030=DIRECTION($,(0.,0.707106781186537,0.707106781186558));
#12031=DIRECTION($,(-1.,0.,0.));
#12032=DIRECTION($,(0.,0.707106781186537,0.707106781186558));
#12033=DIRECTION('center_axis',(-1.,0.,0.));
#12034=DIRECTION('ref_axis',(0.,0.,1.));
#12035=DIRECTION('center_axis',(1.,0.,0.));
#12036=DIRECTION('ref_axis',(0.,0.,-1.));
#12037=DIRECTION($,(-1.,0.,0.));
#12038=DIRECTION('center_axis',(1.,0.,0.));
#12039=DIRECTION('ref_axis',(0.,0.,-1.));
#12040=DIRECTION('center_axis',(0.,-0.70710678118654,-0.707106781186555));
#12041=DIRECTION('ref_axis',(0.,0.707106781186555,-0.70710678118654));
#12042=DIRECTION($,(0.,-0.707106781186556,0.707106781186539));
#12043=DIRECTION($,(-1.,0.,0.));
#12044=DIRECTION($,(0.,-0.707106781186556,0.707106781186539));
#12045=DIRECTION('center_axis',(-1.,0.,0.));
#12046=DIRECTION('ref_axis',(0.,0.,1.));
#12047=DIRECTION('center_axis',(-1.,0.,0.));
#12048=DIRECTION('ref_axis',(0.,0.,1.));
#12049=DIRECTION($,(-1.,0.,0.));
#12050=DIRECTION('center_axis',(-1.,0.,0.));
#12051=DIRECTION('ref_axis',(0.,0.,1.));
#12052=DIRECTION('center_axis',(0.,-0.70710678118656,0.707106781186535));
#12053=DIRECTION('ref_axis',(0.,-0.707106781186535,-0.70710678118656));
#12054=DIRECTION($,(0.,0.707106781186535,0.70710678118656));
#12055=DIRECTION($,(-1.,0.,0.));
#12056=DIRECTION($,(0.,0.707106781186535,0.70710678118656));
#12057=DIRECTION('center_axis',(-1.,0.,0.));
#12058=DIRECTION('ref_axis',(0.,0.,1.));
#12059=DIRECTION('center_axis',(1.,0.,0.));
#12060=DIRECTION('ref_axis',(0.,0.,-1.));
#12061=DIRECTION($,(-1.,0.,0.));
#12062=DIRECTION('center_axis',(1.,0.,0.));
#12063=DIRECTION('ref_axis',(0.,0.,-1.));
#12064=DIRECTION('center_axis',(0.,-0.920504853452443,-0.390731128489268));
#12065=DIRECTION('ref_axis',(0.,0.390731128489268,-0.920504853452443));
#12066=DIRECTION($,(0.,-0.390731128489267,0.920504853452443));
#12067=DIRECTION($,(0.,-0.390731128489267,0.920504853452443));
#12068=DIRECTION('center_axis',(0.,0.707106781186558,-0.707106781186537));
#12069=DIRECTION('ref_axis',(0.,0.707106781186537,0.707106781186558));
#12070=DIRECTION($,(0.,-0.707106781186537,-0.707106781186558));
#12071=DIRECTION($,(-1.,0.,0.));
#12072=DIRECTION($,(0.,-0.707106781186537,-0.707106781186558));
#12073=DIRECTION('center_axis',(-1.,0.,0.));
#12074=DIRECTION('ref_axis',(0.,0.,1.));
#12075=DIRECTION('center_axis',(1.,0.,0.));
#12076=DIRECTION('ref_axis',(0.,0.,-1.));
#12077=DIRECTION($,(-1.,0.,0.));
#12078=DIRECTION('center_axis',(1.,0.,0.));
#12079=DIRECTION('ref_axis',(0.,0.,-1.));
#12080=DIRECTION('center_axis',(0.,1.,-1.53974903309134E-016));
#12081=DIRECTION('ref_axis',(0.,1.52655665885959E-016,1.));
#12082=DIRECTION($,(0.,-1.53974903309134E-016,-1.));
#12083=DIRECTION($,(-1.,0.,0.));
#12084=DIRECTION($,(0.,-1.53974903309134E-016,-1.));
#12085=DIRECTION('center_axis',(-1.,0.,0.));
#12086=DIRECTION('ref_axis',(0.,0.,1.));
#12087=DIRECTION('center_axis',(1.,0.,0.));
#12088=DIRECTION('ref_axis',(0.,0.,-1.));
#12089=DIRECTION($,(-1.,0.,0.));
#12090=DIRECTION('center_axis',(1.,0.,0.));
#12091=DIRECTION('ref_axis',(0.,0.,-1.));
#12092=DIRECTION('center_axis',(-1.,0.,0.));
#12093=DIRECTION('ref_axis',(0.,0.,1.));
#12094=DIRECTION('center_axis',(-1.,0.,0.));
#12095=DIRECTION('ref_axis',(0.,0.,1.));
#12096=DIRECTION($,(-1.,0.,0.));
#12097=DIRECTION('center_axis',(-1.,0.,0.));
#12098=DIRECTION('ref_axis',(0.,0.,1.));
#12099=DIRECTION('center_axis',(0.,0.998629534754574,-0.0523359562429439));
#12100=DIRECTION('ref_axis',(0.,0.0523359562429439,0.998629534754574));
#12101=DIRECTION($,(0.,-0.0523359562429439,-0.998629534754574));
#12102=DIRECTION($,(-1.,0.,0.));
#12103=DIRECTION($,(0.,-0.0523359562429439,-0.998629534754574));
#12104=DIRECTION('center_axis',(0.,0.,1.));
#12105=DIRECTION('ref_axis',(1.,0.,0.));
#12106=DIRECTION($,(0.,1.,0.));
#12107=DIRECTION($,(0.,1.,0.));
#12108=DIRECTION('center_axis',(-1.,0.,0.));
#12109=DIRECTION('ref_axis',(0.,0.,1.));
#12110=DIRECTION('center_axis',(-1.,0.,0.));
#12111=DIRECTION('ref_axis',(0.,0.,1.));
#12112=DIRECTION('center_axis',(-1.,0.,0.));
#12113=DIRECTION('ref_axis',(0.,0.,1.));
#12114=DIRECTION('center_axis',(1.,0.,0.));
#12115=DIRECTION('ref_axis',(0.,0.,-1.));
#12116=DIRECTION($,(-1.,0.,0.));
#12117=DIRECTION('center_axis',(1.,0.,0.));
#12118=DIRECTION('ref_axis',(0.,0.,-1.));
#12119=DIRECTION($,(-1.,0.,0.));
#12120=DIRECTION('center_axis',(0.,-1.,-1.88556899562696E-016));
#12121=DIRECTION('ref_axis',(0.,1.94289029309402E-016,-1.));
#12122=DIRECTION($,(0.,-1.88556899562696E-016,1.));
#12123=DIRECTION($,(-1.,0.,0.));
#12124=DIRECTION($,(0.,-1.88556899562696E-016,1.));
#12125=DIRECTION($,(-1.,0.,0.));
#12126=DIRECTION('center_axis',(-1.,0.,0.));
#12127=DIRECTION('ref_axis',(0.,0.,1.));
#12128=DIRECTION('center_axis',(-1.,0.,0.));
#12129=DIRECTION('ref_axis',(0.,0.,1.));
#12130=DIRECTION($,(-1.,0.,0.));
#12131=DIRECTION('center_axis',(-1.,0.,0.));
#12132=DIRECTION('ref_axis',(0.,0.,1.));
#12133=DIRECTION('center_axis',(0.,-0.707106781186558,0.707106781186537));
#12134=DIRECTION('ref_axis',(0.,-0.707106781186537,-0.707106781186558));
#12135=DIRECTION($,(0.,0.707106781186537,0.707106781186558));
#12136=DIRECTION($,(-1.,0.,0.));
#12137=DIRECTION($,(0.,0.707106781186537,0.707106781186558));
#12138=DIRECTION('center_axis',(-1.,0.,0.));
#12139=DIRECTION('ref_axis',(0.,0.,1.));
#12140=DIRECTION('center_axis',(1.,0.,0.));
#12141=DIRECTION('ref_axis',(0.,0.,-1.));
#12142=DIRECTION($,(-1.,0.,0.));
#12143=DIRECTION('center_axis',(1.,0.,0.));
#12144=DIRECTION('ref_axis',(0.,0.,-1.));
#12145=DIRECTION('center_axis',(0.,-0.70710678118654,-0.707106781186555));
#12146=DIRECTION('ref_axis',(0.,0.707106781186555,-0.70710678118654));
#12147=DIRECTION($,(0.,-0.707106781186556,0.707106781186539));
#12148=DIRECTION($,(-1.,0.,0.));
#12149=DIRECTION($,(0.,-0.707106781186556,0.707106781186539));
#12150=DIRECTION('center_axis',(-1.,0.,0.));
#12151=DIRECTION('ref_axis',(0.,0.,1.));
#12152=DIRECTION('center_axis',(-1.,0.,0.));
#12153=DIRECTION('ref_axis',(0.,0.,1.));
#12154=DIRECTION($,(-1.,0.,0.));
#12155=DIRECTION('center_axis',(-1.,0.,0.));
#12156=DIRECTION('ref_axis',(0.,0.,1.));
#12157=DIRECTION('center_axis',(0.,-0.70710678118656,0.707106781186535));
#12158=DIRECTION('ref_axis',(0.,-0.707106781186535,-0.70710678118656));
#12159=DIRECTION($,(0.,0.707106781186535,0.70710678118656));
#12160=DIRECTION($,(-1.,0.,0.));
#12161=DIRECTION($,(0.,0.707106781186535,0.70710678118656));
#12162=DIRECTION('center_axis',(-1.,0.,0.));
#12163=DIRECTION('ref_axis',(0.,0.,1.));
#12164=DIRECTION('center_axis',(1.,0.,0.));
#12165=DIRECTION('ref_axis',(0.,0.,-1.));
#12166=DIRECTION($,(-1.,0.,0.));
#12167=DIRECTION('center_axis',(1.,0.,0.));
#12168=DIRECTION('ref_axis',(0.,0.,-1.));
#12169=DIRECTION('center_axis',(0.,-0.920504853452443,-0.390731128489268));
#12170=DIRECTION('ref_axis',(0.,0.390731128489268,-0.920504853452443));
#12171=DIRECTION($,(0.,-0.390731128489267,0.920504853452443));
#12172=DIRECTION($,(0.,-0.390731128489267,0.920504853452443));
#12173=DIRECTION('center_axis',(0.,0.707106781186558,-0.707106781186537));
#12174=DIRECTION('ref_axis',(0.,0.707106781186537,0.707106781186558));
#12175=DIRECTION($,(0.,-0.707106781186537,-0.707106781186558));
#12176=DIRECTION($,(-1.,0.,0.));
#12177=DIRECTION($,(0.,-0.707106781186537,-0.707106781186558));
#12178=DIRECTION('center_axis',(-1.,0.,0.));
#12179=DIRECTION('ref_axis',(0.,0.,1.));
#12180=DIRECTION('center_axis',(1.,0.,0.));
#12181=DIRECTION('ref_axis',(0.,0.,-1.));
#12182=DIRECTION($,(-1.,0.,0.));
#12183=DIRECTION('center_axis',(1.,0.,0.));
#12184=DIRECTION('ref_axis',(0.,0.,-1.));
#12185=DIRECTION('center_axis',(0.,1.,-1.53974903309134E-016));
#12186=DIRECTION('ref_axis',(0.,1.52655665885959E-016,1.));
#12187=DIRECTION($,(0.,-1.53974903309134E-016,-1.));
#12188=DIRECTION($,(-1.,0.,0.));
#12189=DIRECTION($,(0.,-1.53974903309134E-016,-1.));
#12190=DIRECTION('center_axis',(-1.,0.,0.));
#12191=DIRECTION('ref_axis',(0.,0.,1.));
#12192=DIRECTION('center_axis',(1.,0.,0.));
#12193=DIRECTION('ref_axis',(0.,0.,-1.));
#12194=DIRECTION($,(-1.,0.,0.));
#12195=DIRECTION('center_axis',(1.,0.,0.));
#12196=DIRECTION('ref_axis',(0.,0.,-1.));
#12197=DIRECTION('center_axis',(-1.,0.,0.));
#12198=DIRECTION('ref_axis',(0.,0.,1.));
#12199=DIRECTION('center_axis',(-1.,0.,0.));
#12200=DIRECTION('ref_axis',(0.,0.,1.));
#12201=DIRECTION($,(-1.,0.,0.));
#12202=DIRECTION('center_axis',(-1.,0.,0.));
#12203=DIRECTION('ref_axis',(0.,0.,1.));
#12204=DIRECTION('center_axis',(0.,0.998629534754574,-0.0523359562429439));
#12205=DIRECTION('ref_axis',(0.,0.0523359562429439,0.998629534754574));
#12206=DIRECTION($,(0.,-0.0523359562429439,-0.998629534754574));
#12207=DIRECTION($,(-1.,0.,0.));
#12208=DIRECTION($,(0.,-0.0523359562429439,-0.998629534754574));
#12209=DIRECTION('center_axis',(0.,0.,1.));
#12210=DIRECTION('ref_axis',(1.,0.,0.));
#12211=DIRECTION($,(0.,1.,0.));
#12212=DIRECTION($,(0.,1.,0.));
#12213=DIRECTION('center_axis',(-1.,0.,0.));
#12214=DIRECTION('ref_axis',(0.,0.,1.));
#12215=DIRECTION('center_axis',(-1.,0.,0.));
#12216=DIRECTION('ref_axis',(0.,0.,1.));
#12217=DIRECTION('center_axis',(1.,0.,0.));
#12218=DIRECTION('ref_axis',(0.,0.,-1.));
#12219=DIRECTION($,(0.,0.,1.));
#12220=DIRECTION($,(0.,1.,1.22464679914735E-016));
#12221=DIRECTION($,(0.,0.,1.));
#12222=DIRECTION($,(0.,-1.,-2.16840434497101E-016));
#12223=DIRECTION('center_axis',(0.,1.,7.6622061659753E-017));
#12224=DIRECTION('ref_axis',(0.,-7.63278329429795E-017,1.));
#12225=DIRECTION($,(-1.,0.,0.));
#12226=DIRECTION($,(0.,7.6622061659753E-017,-1.));
#12227=DIRECTION($,(-1.,0.,0.));
#12228=DIRECTION($,(0.,7.6622061659753E-017,-1.));
#12229=DIRECTION('center_axis',(0.,2.16840434497101E-016,-1.));
#12230=DIRECTION('ref_axis',(0.,1.,2.15105711021124E-016));
#12231=DIRECTION($,(0.,-1.,-2.16840434497101E-016));
#12232=DIRECTION('center_axis',(0.,-2.16840434497101E-016,1.));
#12233=DIRECTION('ref_axis',(0.,1.,2.16840434497101E-016));
#12234=DIRECTION($,(-1.,0.,0.));
#12235=DIRECTION($,(0.,1.,2.16840434497101E-016));
#12236=DIRECTION($,(-1.,0.,0.));
#12237=DIRECTION('center_axis',(0.,2.16840434497101E-016,-1.));
#12238=DIRECTION('ref_axis',(0.,1.,2.16840434497101E-016));
#12239=DIRECTION($,(0.,-1.,-2.16840434497101E-016));
#12240=DIRECTION($,(-1.,0.,0.));
#12241=DIRECTION('center_axis',(0.,1.,7.6622061659753E-017));
#12242=DIRECTION('ref_axis',(0.,-7.63278329429795E-017,1.));
#12243=DIRECTION($,(0.,7.6622061659753E-017,-1.));
#12244=DIRECTION($,(0.707106781186551,5.41799793881048E-017,-0.707106781186544));
#12245=DIRECTION($,(-1.,0.,0.));
#12246=DIRECTION($,(0.707106781186544,-5.41799793881053E-017,0.707106781186551));
#12247=DIRECTION($,(0.,7.6622061659753E-017,-1.));
#12248=DIRECTION($,(-1.,0.,0.));
#12249=DIRECTION('center_axis',(0.,0.,1.));
#12250=DIRECTION('ref_axis',(1.,0.,0.));
#12251=DIRECTION($,(0.,1.,0.));
#12252=DIRECTION($,(-1.,0.,0.));
#12253=DIRECTION($,(0.,-1.,0.));
#12254=DIRECTION('center_axis',(0.,-1.,0.));
#12255=DIRECTION('ref_axis',(0.,0.,-1.));
#12256=DIRECTION($,(-0.707106781186551,0.,0.707106781186544));
#12257=DIRECTION($,(0.,0.,1.));
#12258=DIRECTION($,(-1.,0.,0.));
#12259=DIRECTION($,(0.,0.,1.));
#12260=DIRECTION($,(-0.707106781186544,0.,-0.707106781186551));
#12261=DIRECTION('center_axis',(0.,-1.66800334228539E-015,-1.));
#12262=DIRECTION('ref_axis',(0.,1.,-1.66533453693773E-015));
#12263=DIRECTION($,(0.,-1.,1.66800334228539E-015));
#12264=DIRECTION($,(-1.,0.,0.));
#12265=DIRECTION($,(0.,-1.,1.66800334228539E-015));
#12266=DIRECTION('center_axis',(0.,-1.,0.));
#12267=DIRECTION('ref_axis',(0.,0.,-1.));
#12268=DIRECTION($,(0.,0.,1.));
#12269=DIRECTION($,(0.,0.,1.));
#12270=DIRECTION('center_axis',(1.,0.,0.));
#12271=DIRECTION('ref_axis',(0.,0.,-1.));
#12272=DIRECTION($,(0.,1.,0.));
#12273=DIRECTION($,(0.,0.,-1.));
#12274=DIRECTION('center_axis',(1.,0.,0.));
#12275=DIRECTION('ref_axis',(0.,0.,-1.));
#12276=DIRECTION($,(0.,0.,-1.));
#12277=DIRECTION('center_axis',(1.,0.,0.));
#12278=DIRECTION('ref_axis',(0.,0.,-1.));
#12279=DIRECTION('center_axis',(1.,0.,0.));
#12280=DIRECTION('ref_axis',(0.,0.,-1.));
#12281=DIRECTION($,(0.,-1.,0.));
#12282=DIRECTION('center_axis',(1.,0.,0.));
#12283=DIRECTION('ref_axis',(0.,0.,-1.));
#12284=DIRECTION($,(0.,0.,-1.));
#12285=DIRECTION('center_axis',(1.,0.,0.));
#12286=DIRECTION('ref_axis',(0.,0.,-1.));
#12287=DIRECTION($,(0.,-1.22464679914735E-016,1.));
#12288=DIRECTION('center_axis',(-1.,0.,0.));
#12289=DIRECTION('ref_axis',(0.,0.,1.));
#12290=DIRECTION($,(-1.,0.,0.));
#12291=DIRECTION('center_axis',(0.,1.,0.));
#12292=DIRECTION('ref_axis',(0.,0.,1.));
#12293=DIRECTION($,(-1.,0.,0.));
#12294=DIRECTION('center_axis',(-1.,0.,0.));
#12295=DIRECTION('ref_axis',(0.,0.,1.));
#12296=DIRECTION('center_axis',(0.,1.,1.22464679914735E-016));
#12297=DIRECTION('ref_axis',(0.,-1.22464679914735E-016,1.));
#12298=DIRECTION($,(0.,1.22464679914735E-016,-1.));
#12299=DIRECTION($,(-1.,0.,0.));
#12300=DIRECTION('center_axis',(0.,-1.,-1.22464679914735E-016));
#12301=DIRECTION('ref_axis',(0.,-1.22464679914735E-016,1.));
#12302=DIRECTION($,(0.,0.,1.));
#12303=DIRECTION('center_axis',(0.,-1.,-1.22464679914735E-016));
#12304=DIRECTION('ref_axis',(0.,-1.22464679914735E-016,1.));
#12305=DIRECTION('center_axis',(0.,-1.,-1.22464679914735E-016));
#12306=DIRECTION('ref_axis',(0.,1.22464679914735E-016,-1.));
#12307=DIRECTION('center_axis',(0.,-1.,-1.22464679914735E-016));
#12308=DIRECTION('ref_axis',(0.,-1.22464679914735E-016,1.));
#12309=DIRECTION('center_axis',(0.,-1.,-1.22464679914735E-016));
#12310=DIRECTION('ref_axis',(0.,-1.22464679914735E-016,1.));
#12311=DIRECTION('center_axis',(0.,0.,1.));
#12312=DIRECTION('ref_axis',(1.,0.,0.));
#12313=DIRECTION('center_axis',(0.,0.,-1.));
#12314=DIRECTION('ref_axis',(1.,0.,0.));
#12315=DIRECTION('center_axis',(0.,0.,1.));
#12316=DIRECTION('ref_axis',(1.,0.,0.));
#12317=DIRECTION($,(1.,0.,0.));
#12318=DIRECTION($,(0.,-1.,0.));
#12319=DIRECTION('center_axis',(0.,1.,0.));
#12320=DIRECTION('ref_axis',(0.,0.,1.));
#12321=DIRECTION($,(0.,0.,1.));
#12322=DIRECTION('center_axis',(0.,1.,0.));
#12323=DIRECTION('ref_axis',(0.,0.,1.));
#12324=DIRECTION('center_axis',(0.,1.,0.));
#12325=DIRECTION('ref_axis',(0.,0.,1.));
#12326=DIRECTION('center_axis',(0.,-1.,0.));
#12327=DIRECTION('ref_axis',(0.,0.,1.));
#12328=DIRECTION('center_axis',(0.,1.,0.));
#12329=DIRECTION('ref_axis',(0.,0.,1.));
#12330=DIRECTION($,(0.,0.,1.));
#12331=DIRECTION('center_axis',(0.,1.,0.));
#12332=DIRECTION('ref_axis',(0.,0.,1.));
#12333=DIRECTION('center_axis',(1.,0.,0.));
#12334=DIRECTION('ref_axis',(0.,0.,-1.));
#12335=DIRECTION($,(0.,-1.,-1.22464679914735E-016));
#12336=DIRECTION($,(0.,1.,0.));
#12337=DIRECTION('center_axis',(0.,-1.,-2.16840434497101E-016));
#12338=DIRECTION('ref_axis',(0.,2.16840434497101E-016,-1.));
#12339=DIRECTION('center_axis',(0.,1.,0.));
#12340=DIRECTION('ref_axis',(0.,0.,1.));
#12341=DIRECTION('center_axis',(0.,-1.,-1.22464679914735E-016));
#12342=DIRECTION('ref_axis',(0.,1.22464679914735E-016,-1.));
#12343=DIRECTION($,(0.,1.,1.22464679914735E-016));
#12344=DIRECTION($,(0.,-1.,-1.22464679914735E-016));
#12345=DIRECTION('center_axis',(0.,-1.,-1.22464679914735E-016));
#12346=DIRECTION('ref_axis',(0.,1.22464679914735E-016,-1.));
#12347=DIRECTION('center_axis',(0.,-1.,-1.22464679914735E-016));
#12348=DIRECTION('ref_axis',(0.,1.22464679914735E-016,-1.));
#12349=DIRECTION('center_axis',(0.,1.22464679914735E-016,-1.));
#12350=DIRECTION('ref_axis',(0.,1.,1.22464679914735E-016));
#12351=DIRECTION('center_axis',(0.,0.,-1.));
#12352=DIRECTION('ref_axis',(-1.,0.,0.));
#12353=DIRECTION('center_axis',(0.707106781186544,0.,0.707106781186551));
#12354=DIRECTION('ref_axis',(0.,1.,0.));
#12355=DIRECTION('center_axis',(0.707106781186551,0.,-0.707106781186544));
#12356=DIRECTION('ref_axis',(0.,-1.,0.));
#12357=DIRECTION('center_axis',(-1.,0.,0.));
#12358=DIRECTION('ref_axis',(0.,0.,-1.));
#12359=DIRECTION($,(0.,0.,1.));
#12360=DIRECTION($,(0.,-1.,-2.16840434497101E-016));
#12361=DIRECTION($,(0.,0.,1.));
#12362=DIRECTION($,(0.,1.,1.22464679914735E-016));
#12363=DIRECTION('center_axis',(0.,1.,7.6622061659753E-017));
#12364=DIRECTION('ref_axis',(0.,-7.63278329429795E-017,1.));
#12365=DIRECTION($,(1.,0.,0.));
#12366=DIRECTION($,(0.,7.6622061659753E-017,-1.));
#12367=DIRECTION($,(1.,0.,0.));
#12368=DIRECTION($,(0.,7.6622061659753E-017,-1.));
#12369=DIRECTION('center_axis',(0.,2.16840434497101E-016,-1.));
#12370=DIRECTION('ref_axis',(0.,1.,2.15105711021124E-016));
#12371=DIRECTION($,(0.,-1.,-2.16840434497101E-016));
#12372=DIRECTION($,(1.,0.,0.));
#12373=DIRECTION($,(0.,-1.,-2.16840434497101E-016));
#12374=DIRECTION('center_axis',(0.,-2.16840434497101E-016,1.));
#12375=DIRECTION('ref_axis',(0.,1.,2.16840434497101E-016));
#12376=DIRECTION($,(1.,0.,0.));
#12377=DIRECTION($,(0.,1.,2.16840434497101E-016));
#12378=DIRECTION($,(1.,0.,0.));
#12379=DIRECTION('center_axis',(0.,2.16840434497101E-016,-1.));
#12380=DIRECTION('ref_axis',(0.,1.,2.16840434497101E-016));
#12381=DIRECTION('center_axis',(0.,1.,7.6622061659753E-017));
#12382=DIRECTION('ref_axis',(0.,-7.63278329429795E-017,1.));
#12383=DIRECTION($,(0.,7.6622061659753E-017,-1.));
#12384=DIRECTION($,(1.,0.,0.));
#12385=DIRECTION($,(0.,7.6622061659753E-017,-1.));
#12386=DIRECTION($,(-0.707106781186544,-5.41799793881053E-017,0.707106781186551));
#12387=DIRECTION($,(1.,0.,0.));
#12388=DIRECTION($,(-0.707106781186551,5.41799793881048E-017,-0.707106781186544));
#12389=DIRECTION('center_axis',(0.,0.,1.));
#12390=DIRECTION('ref_axis',(-1.,0.,0.));
#12391=DIRECTION($,(0.,-1.,0.));
#12392=DIRECTION($,(1.,0.,0.));
#12393=DIRECTION($,(0.,1.,0.));
#12394=DIRECTION('center_axis',(0.,-1.,0.));
#12395=DIRECTION('ref_axis',(0.,0.,-1.));
#12396=DIRECTION($,(0.707106781186544,0.,-0.707106781186551));
#12397=DIRECTION($,(0.,0.,1.));
#12398=DIRECTION($,(1.,0.,0.));
#12399=DIRECTION($,(0.,0.,1.));
#12400=DIRECTION($,(0.707106781186551,0.,0.707106781186544));
#12401=DIRECTION('center_axis',(0.,-1.66800334228539E-015,-1.));
#12402=DIRECTION('ref_axis',(0.,1.,-1.66533453693773E-015));
#12403=DIRECTION($,(0.,-1.,1.66800334228539E-015));
#12404=DIRECTION($,(0.,-1.,1.66800334228539E-015));
#12405=DIRECTION($,(1.,0.,0.));
#12406=DIRECTION('center_axis',(0.,-1.,0.));
#12407=DIRECTION('ref_axis',(0.,0.,-1.));
#12408=DIRECTION($,(0.,0.,1.));
#12409=DIRECTION($,(0.,0.,1.));
#12410=DIRECTION('center_axis',(-1.,0.,0.));
#12411=DIRECTION('ref_axis',(0.,0.,-1.));
#12412=DIRECTION('center_axis',(1.,0.,0.));
#12413=DIRECTION('ref_axis',(0.,0.,-1.));
#12414=DIRECTION($,(0.,0.,-1.));
#12415=DIRECTION('center_axis',(1.,0.,0.));
#12416=DIRECTION('ref_axis',(0.,0.,-1.));
#12417=DIRECTION($,(0.,0.,-1.));
#12418=DIRECTION($,(0.,1.,0.));
#12419=DIRECTION('center_axis',(-1.,0.,0.));
#12420=DIRECTION('ref_axis',(0.,0.,-1.));
#12421=DIRECTION($,(0.,-1.22464679914735E-016,1.));
#12422=DIRECTION('center_axis',(1.,0.,0.));
#12423=DIRECTION('ref_axis',(0.,0.,-1.));
#12424=DIRECTION($,(0.,0.,-1.));
#12425=DIRECTION('center_axis',(1.,0.,0.));
#12426=DIRECTION('ref_axis',(0.,0.,-1.));
#12427=DIRECTION($,(0.,-1.,0.));
#12428=DIRECTION('center_axis',(1.,0.,0.));
#12429=DIRECTION('ref_axis',(0.,0.,1.));
#12430=DIRECTION($,(1.,0.,0.));
#12431=DIRECTION('center_axis',(0.,1.,0.));
#12432=DIRECTION('ref_axis',(0.,0.,1.));
#12433=DIRECTION($,(1.,0.,0.));
#12434=DIRECTION('center_axis',(1.,0.,0.));
#12435=DIRECTION('ref_axis',(0.,0.,1.));
#12436=DIRECTION('center_axis',(0.,1.,1.22464679914735E-016));
#12437=DIRECTION('ref_axis',(0.,-1.22464679914735E-016,1.));
#12438=DIRECTION('center_axis',(0.,1.,1.22464679914735E-016));
#12439=DIRECTION('ref_axis',(0.,-1.22464679914735E-016,1.));
#12440=DIRECTION('center_axis',(0.,1.,1.22464679914735E-016));
#12441=DIRECTION('ref_axis',(0.,-1.22464679914735E-016,1.));
#12442=DIRECTION('center_axis',(0.,1.,1.22464679914735E-016));
#12443=DIRECTION('ref_axis',(0.,1.22464679914735E-016,-1.));
#12444=DIRECTION('center_axis',(0.,1.,1.22464679914735E-016));
#12445=DIRECTION('ref_axis',(0.,-1.22464679914735E-016,1.));
#12446=DIRECTION($,(0.,0.,1.));
#12447=DIRECTION('center_axis',(0.,1.,1.22464679914735E-016));
#12448=DIRECTION('ref_axis',(0.,-1.22464679914735E-016,1.));
#12449=DIRECTION($,(1.,0.,0.));
#12450=DIRECTION($,(0.,1.22464679914735E-016,-1.));
#12451=DIRECTION('center_axis',(0.,0.,1.));
#12452=DIRECTION('ref_axis',(-1.,0.,0.));
#12453=DIRECTION($,(0.,-1.,0.));
#12454=DIRECTION($,(-1.,0.,0.));
#12455=DIRECTION('center_axis',(0.,0.,-1.));
#12456=DIRECTION('ref_axis',(-1.,0.,0.));
#12457=DIRECTION('center_axis',(0.,0.,1.));
#12458=DIRECTION('ref_axis',(-1.,0.,0.));
#12459=DIRECTION('center_axis',(0.,1.,0.));
#12460=DIRECTION('ref_axis',(0.,0.,1.));
#12461=DIRECTION('center_axis',(0.,-1.,0.));
#12462=DIRECTION('ref_axis',(0.,0.,1.));
#12463=DIRECTION($,(0.,0.,1.));
#12464=DIRECTION('center_axis',(0.,-1.,0.));
#12465=DIRECTION('ref_axis',(0.,0.,1.));
#12466=DIRECTION('center_axis',(0.,1.,0.));
#12467=DIRECTION('ref_axis',(0.,0.,1.));
#12468=DIRECTION('center_axis',(0.,-1.,0.));
#12469=DIRECTION('ref_axis',(0.,0.,1.));
#12470=DIRECTION('center_axis',(0.,-1.,0.));
#12471=DIRECTION('ref_axis',(0.,0.,1.));
#12472=DIRECTION($,(0.,0.,1.));
#12473=DIRECTION('center_axis',(-1.,0.,0.));
#12474=DIRECTION('ref_axis',(0.,0.,-1.));
#12475=DIRECTION($,(0.,1.,0.));
#12476=DIRECTION($,(0.,-1.,-1.22464679914735E-016));
#12477=DIRECTION('center_axis',(0.,-1.,-2.16840434497101E-016));
#12478=DIRECTION('ref_axis',(0.,2.16840434497101E-016,-1.));
#12479=DIRECTION('center_axis',(0.,1.,0.));
#12480=DIRECTION('ref_axis',(0.,0.,1.));
#12481=DIRECTION('center_axis',(0.,-1.,-1.22464679914735E-016));
#12482=DIRECTION('ref_axis',(0.,1.22464679914735E-016,-1.));
#12483=DIRECTION($,(0.,-1.,-1.22464679914735E-016));
#12484=DIRECTION($,(0.,1.,1.22464679914735E-016));
#12485=DIRECTION('center_axis',(0.,-1.,-1.22464679914735E-016));
#12486=DIRECTION('ref_axis',(0.,1.22464679914735E-016,-1.));
#12487=DIRECTION('center_axis',(0.,-1.,-1.22464679914735E-016));
#12488=DIRECTION('ref_axis',(0.,1.22464679914735E-016,-1.));
#12489=DIRECTION('center_axis',(0.,1.22464679914735E-016,-1.));
#12490=DIRECTION('ref_axis',(0.,1.,1.22464679914735E-016));
#12491=DIRECTION('center_axis',(0.,0.,-1.));
#12492=DIRECTION('ref_axis',(1.,0.,0.));
#12493=DIRECTION('center_axis',(-0.707106781186544,0.,0.707106781186551));
#12494=DIRECTION('ref_axis',(0.,1.,0.));
#12495=DIRECTION('center_axis',(-0.707106781186551,0.,-0.707106781186544));
#12496=DIRECTION('ref_axis',(0.,-1.,0.));
#12497=DIRECTION('center_axis',(0.,1.,0.));
#12498=DIRECTION('ref_axis',(0.,0.,1.));
#12499=DIRECTION($,(0.,0.,-1.));
#12500=DIRECTION($,(-1.,0.,0.));
#12501=DIRECTION($,(0.,0.,-1.));
#12502=DIRECTION($,(-1.,0.,0.));
#12503=DIRECTION('center_axis',(0.,3.61400724161835E-015,1.));
#12504=DIRECTION('ref_axis',(0.,-1.,3.60822483003176E-015));
#12505=DIRECTION($,(0.,1.,-3.61400724161835E-015));
#12506=DIRECTION($,(-1.,0.,0.));
#12507=DIRECTION($,(0.,1.,-3.61400724161835E-015));
#12508=DIRECTION('center_axis',(-1.,0.,0.));
#12509=DIRECTION('ref_axis',(0.,0.,1.));
#12510=DIRECTION('center_axis',(1.,0.,0.));
#12511=DIRECTION('ref_axis',(0.,0.,-1.));
#12512=DIRECTION($,(-1.,0.,0.));
#12513=DIRECTION('center_axis',(1.,0.,0.));
#12514=DIRECTION('ref_axis',(0.,0.,-1.));
#12515=DIRECTION('center_axis',(0.,-1.,0.));
#12516=DIRECTION('ref_axis',(0.,0.,-1.));
#12517=DIRECTION($,(0.,0.,1.));
#12518=DIRECTION($,(-1.,0.,0.));
#12519=DIRECTION($,(0.,0.,1.));
#12520=DIRECTION('center_axis',(-1.,0.,0.));
#12521=DIRECTION('ref_axis',(0.,0.,1.));
#12522=DIRECTION('center_axis',(-1.,0.,0.));
#12523=DIRECTION('ref_axis',(0.,0.,1.));
#12524=DIRECTION($,(-1.,0.,0.));
#12525=DIRECTION('center_axis',(-1.,0.,0.));
#12526=DIRECTION('ref_axis',(0.,0.,1.));
#12527=DIRECTION('center_axis',(0.,-0.707106781186552,0.707106781186543));
#12528=DIRECTION('ref_axis',(0.,-0.707106781186543,-0.707106781186552));
#12529=DIRECTION($,(0.,0.707106781186543,0.707106781186552));
#12530=DIRECTION($,(-1.,0.,0.));
#12531=DIRECTION($,(0.,0.707106781186543,0.707106781186552));
#12532=DIRECTION('center_axis',(-1.,0.,0.));
#12533=DIRECTION('ref_axis',(0.,0.,1.));
#12534=DIRECTION('center_axis',(-1.,0.,0.));
#12535=DIRECTION('ref_axis',(0.,0.,1.));
#12536=DIRECTION($,(-1.,0.,0.));
#12537=DIRECTION('center_axis',(-1.,0.,0.));
#12538=DIRECTION('ref_axis',(0.,0.,1.));
#12539=DIRECTION('center_axis',(0.,-1.71996847911145E-015,1.));
#12540=DIRECTION('ref_axis',(0.,-1.,-1.72084568816899E-015));
#12541=DIRECTION($,(0.,1.,1.71996847911145E-015));
#12542=DIRECTION($,(-1.,0.,0.));
#12543=DIRECTION($,(0.,1.,1.71996847911145E-015));
#12544=DIRECTION('center_axis',(0.,-1.,0.));
#12545=DIRECTION('ref_axis',(0.,0.,-1.));
#12546=DIRECTION($,(0.,0.,1.));
#12547=DIRECTION($,(-1.,0.,0.));
#12548=DIRECTION($,(0.,0.,1.));
#12549=DIRECTION('center_axis',(0.,-1.37434078202388E-015,-1.));
#12550=DIRECTION('ref_axis',(0.,1.,-1.38777878078145E-015));
#12551=DIRECTION($,(0.,-1.,1.37434078202388E-015));
#12552=DIRECTION($,(-1.,0.,0.));
#12553=DIRECTION($,(0.,-1.,1.37434078202388E-015));
#12554=DIRECTION('center_axis',(0.,0.766044443118974,-0.642787609686544));
#12555=DIRECTION('ref_axis',(0.,0.642787609686544,0.766044443118974));
#12556=DIRECTION($,(0.,-0.642787609686544,-0.766044443118974));
#12557=DIRECTION($,(-1.,0.,0.));
#12558=DIRECTION($,(0.,-0.642787609686544,-0.766044443118974));
#12559=DIRECTION('center_axis',(-1.,0.,0.));
#12560=DIRECTION('ref_axis',(0.,0.,1.));
#12561=DIRECTION('center_axis',(1.,0.,0.));
#12562=DIRECTION('ref_axis',(0.,0.,-1.));
#12563=DIRECTION($,(-1.,0.,0.));
#12564=DIRECTION('center_axis',(1.,0.,0.));
#12565=DIRECTION('ref_axis',(0.,0.,-1.));
#12566=DIRECTION('center_axis',(0.,0.891006524188367,0.453990499739548));
#12567=DIRECTION('ref_axis',(0.,-0.453990499739548,0.891006524188367));
#12568=DIRECTION($,(0.,0.453990499739548,-0.891006524188367));
#12569=DIRECTION($,(-1.,0.,0.));
#12570=DIRECTION($,(0.,0.453990499739548,-0.891006524188367));
#12571=DIRECTION('center_axis',(-1.,0.,0.));
#12572=DIRECTION('ref_axis',(0.,0.,1.));
#12573=DIRECTION('center_axis',(-1.,0.,0.));
#12574=DIRECTION('ref_axis',(0.,0.,1.));
#12575=DIRECTION($,(-1.,0.,0.));
#12576=DIRECTION('center_axis',(-1.,0.,0.));
#12577=DIRECTION('ref_axis',(0.,0.,1.));
#12578=DIRECTION('center_axis',(0.,0.707106781186556,-0.707106781186539));
#12579=DIRECTION('ref_axis',(0.,0.707106781186539,0.707106781186556));
#12580=DIRECTION($,(0.,-0.707106781186539,-0.707106781186556));
#12581=DIRECTION($,(-1.,0.,0.));
#12582=DIRECTION($,(0.,-0.707106781186539,-0.707106781186556));
#12583=DIRECTION('center_axis',(-1.,0.,0.));
#12584=DIRECTION('ref_axis',(0.,0.,1.));
#12585=DIRECTION('center_axis',(1.,0.,0.));
#12586=DIRECTION('ref_axis',(0.,0.,-1.));
#12587=DIRECTION('center_axis',(1.,0.,0.));
#12588=DIRECTION('ref_axis',(0.,0.,-1.));
#12589=DIRECTION('center_axis',(1.,0.,0.));
#12590=DIRECTION('ref_axis',(0.,0.,-1.));
#12591=DIRECTION('center_axis',(1.,0.,0.));
#12592=DIRECTION('ref_axis',(0.,0.,-1.));
#12593=DIRECTION('center_axis',(0.,-3.33600668457078E-016,1.));
#12594=DIRECTION('ref_axis',(0.,-1.,-3.33066907387547E-016));
#12595=DIRECTION($,(0.,1.,3.33600668457078E-016));
#12596=DIRECTION($,(-1.,0.,0.));
#12597=DIRECTION($,(0.,1.,3.33600668457078E-016));
#12598=DIRECTION($,(-1.,0.,0.));
#12599=DIRECTION('center_axis',(0.,-1.,0.));
#12600=DIRECTION('ref_axis',(0.,0.,-1.));
#12601=DIRECTION($,(0.,0.,1.));
#12602=DIRECTION($,(-1.,0.,0.));
#12603=DIRECTION($,(0.,0.,1.));
#12604=DIRECTION('center_axis',(-1.,0.,0.));
#12605=DIRECTION('ref_axis',(0.,0.,1.));
#12606=DIRECTION('center_axis',(1.,0.,0.));
#12607=DIRECTION('ref_axis',(0.,0.,1.));
#12608=DIRECTION($,(-1.,0.,0.));
#12609=DIRECTION('center_axis',(1.,0.,0.));
#12610=DIRECTION('ref_axis',(0.,0.,1.));
#12611=DIRECTION('center_axis',(-1.,0.,0.));
#12612=DIRECTION('ref_axis',(0.,0.,1.));
#12613=DIRECTION('center_axis',(1.,0.,0.));
#12614=DIRECTION('ref_axis',(0.,0.,-1.));
#12615=DIRECTION($,(-1.,0.,0.));
#12616=DIRECTION('center_axis',(1.,0.,0.));
#12617=DIRECTION('ref_axis',(0.,0.,-1.));
#12618=DIRECTION('center_axis',(0.,1.,0.));
#12619=DIRECTION('ref_axis',(0.,0.,1.));
#12620=DIRECTION($,(0.,0.,-1.));
#12621=DIRECTION($,(-1.,0.,0.));
#12622=DIRECTION($,(0.,0.,-1.));
#12623=DIRECTION('center_axis',(-1.,0.,0.));
#12624=DIRECTION('ref_axis',(0.,0.,1.));
#12625=DIRECTION('center_axis',(-1.,0.,0.));
#12626=DIRECTION('ref_axis',(0.,0.,-1.));
#12627=DIRECTION($,(-1.,0.,0.));
#12628=DIRECTION('center_axis',(-1.,0.,0.));
#12629=DIRECTION('ref_axis',(0.,0.,-1.));
#12630=DIRECTION('center_axis',(0.,0.500000000000001,0.866025403784438));
#12631=DIRECTION('ref_axis',(0.,-0.866025403784438,0.500000000000001));
#12632=DIRECTION($,(0.,0.866025403784438,-0.500000000000001));
#12633=DIRECTION($,(-1.,0.,0.));
#12634=DIRECTION($,(0.,0.866025403784438,-0.500000000000001));
#12635=DIRECTION('center_axis',(-1.,0.,0.));
#12636=DIRECTION('ref_axis',(0.,0.,1.));
#12637=DIRECTION('center_axis',(-1.,0.,0.));
#12638=DIRECTION('ref_axis',(0.,0.,-1.));
#12639=DIRECTION($,(-1.,0.,0.));
#12640=DIRECTION('center_axis',(-1.,0.,0.));
#12641=DIRECTION('ref_axis',(0.,0.,-1.));
#12642=DIRECTION('center_axis',(0.,1.,0.));
#12643=DIRECTION('ref_axis',(0.,0.,1.));
#12644=DIRECTION($,(0.,0.,-1.));
#12645=DIRECTION($,(-1.,0.,0.));
#12646=DIRECTION($,(0.,0.,-1.));
#12647=DIRECTION('center_axis',(-1.,0.,0.));
#12648=DIRECTION('ref_axis',(0.,0.,1.));
#12649=DIRECTION('center_axis',(-1.,0.,0.));
#12650=DIRECTION('ref_axis',(0.,0.,1.));
#12651=DIRECTION($,(-1.,0.,0.));
#12652=DIRECTION('center_axis',(-1.,0.,0.));
#12653=DIRECTION('ref_axis',(0.,0.,1.));
#12654=DIRECTION('center_axis',(0.,0.5,-0.866025403784439));
#12655=DIRECTION('ref_axis',(0.,0.866025403784439,0.5));
#12656=DIRECTION($,(0.,-0.866025403784439,-0.499999999999999));
#12657=DIRECTION($,(-1.,0.,0.));
#12658=DIRECTION($,(0.,-0.866025403784439,-0.499999999999999));
#12659=DIRECTION('center_axis',(-1.,0.,0.));
#12660=DIRECTION('ref_axis',(0.,0.,1.));
#12661=DIRECTION('center_axis',(-1.,0.,0.));
#12662=DIRECTION('ref_axis',(0.,0.,1.));
#12663=DIRECTION($,(-1.,0.,0.));
#12664=DIRECTION('center_axis',(-1.,0.,0.));
#12665=DIRECTION('ref_axis',(0.,0.,1.));
#12666=DIRECTION('center_axis',(0.,1.,-5.12376727872189E-015));
#12667=DIRECTION('ref_axis',(0.,5.13478148889135E-015,1.));
#12668=DIRECTION($,(0.,-5.12376727872189E-015,-1.));
#12669=DIRECTION($,(0.,-5.12376727872189E-015,-1.));
#12670=DIRECTION('center_axis',(-1.,0.,0.));
#12671=DIRECTION('ref_axis',(0.,0.,1.));
#12672=DIRECTION('center_axis',(-1.,0.,0.));
#12673=DIRECTION('ref_axis',(0.,0.,1.));
#12674=DIRECTION('center_axis',(-1.,0.,0.));
#12675=DIRECTION('ref_axis',(0.,0.,1.));
#12676=DIRECTION('center_axis',(1.,0.,0.));
#12677=DIRECTION('ref_axis',(0.,0.,-1.));
#12678=DIRECTION($,(-1.,0.,0.));
#12679=DIRECTION('center_axis',(1.,0.,0.));
#12680=DIRECTION('ref_axis',(0.,0.,-1.));
#12681=DIRECTION($,(-1.,0.,0.));
#12682=DIRECTION('center_axis',(0.,-1.,-1.88556899562696E-016));
#12683=DIRECTION('ref_axis',(0.,1.94289029309402E-016,-1.));
#12684=DIRECTION($,(0.,-1.88556899562696E-016,1.));
#12685=DIRECTION($,(-1.,0.,0.));
#12686=DIRECTION($,(0.,-1.88556899562696E-016,1.));
#12687=DIRECTION($,(-1.,0.,0.));
#12688=DIRECTION('center_axis',(-1.,0.,0.));
#12689=DIRECTION('ref_axis',(0.,0.,1.));
#12690=DIRECTION('center_axis',(-1.,0.,0.));
#12691=DIRECTION('ref_axis',(0.,0.,1.));
#12692=DIRECTION($,(-1.,0.,0.));
#12693=DIRECTION('center_axis',(-1.,0.,0.));
#12694=DIRECTION('ref_axis',(0.,0.,1.));
#12695=DIRECTION('center_axis',(0.,-0.707106781186558,0.707106781186537));
#12696=DIRECTION('ref_axis',(0.,-0.707106781186537,-0.707106781186558));
#12697=DIRECTION($,(0.,0.707106781186537,0.707106781186558));
#12698=DIRECTION($,(-1.,0.,0.));
#12699=DIRECTION($,(0.,0.707106781186537,0.707106781186558));
#12700=DIRECTION('center_axis',(-1.,0.,0.));
#12701=DIRECTION('ref_axis',(0.,0.,1.));
#12702=DIRECTION('center_axis',(1.,0.,0.));
#12703=DIRECTION('ref_axis',(0.,0.,-1.));
#12704=DIRECTION($,(-1.,0.,0.));
#12705=DIRECTION('center_axis',(1.,0.,0.));
#12706=DIRECTION('ref_axis',(0.,0.,-1.));
#12707=DIRECTION('center_axis',(0.,-0.70710678118654,-0.707106781186555));
#12708=DIRECTION('ref_axis',(0.,0.707106781186555,-0.70710678118654));
#12709=DIRECTION($,(0.,-0.707106781186556,0.707106781186539));
#12710=DIRECTION($,(-1.,0.,0.));
#12711=DIRECTION($,(0.,-0.707106781186556,0.707106781186539));
#12712=DIRECTION('center_axis',(-1.,0.,0.));
#12713=DIRECTION('ref_axis',(0.,0.,1.));
#12714=DIRECTION('center_axis',(-1.,0.,0.));
#12715=DIRECTION('ref_axis',(0.,0.,1.));
#12716=DIRECTION($,(-1.,0.,0.));
#12717=DIRECTION('center_axis',(-1.,0.,0.));
#12718=DIRECTION('ref_axis',(0.,0.,1.));
#12719=DIRECTION('center_axis',(0.,-0.70710678118656,0.707106781186535));
#12720=DIRECTION('ref_axis',(0.,-0.707106781186535,-0.70710678118656));
#12721=DIRECTION($,(0.,0.707106781186535,0.70710678118656));
#12722=DIRECTION($,(-1.,0.,0.));
#12723=DIRECTION($,(0.,0.707106781186535,0.70710678118656));
#12724=DIRECTION('center_axis',(-1.,0.,0.));
#12725=DIRECTION('ref_axis',(0.,0.,1.));
#12726=DIRECTION('center_axis',(1.,0.,0.));
#12727=DIRECTION('ref_axis',(0.,0.,-1.));
#12728=DIRECTION($,(-1.,0.,0.));
#12729=DIRECTION('center_axis',(1.,0.,0.));
#12730=DIRECTION('ref_axis',(0.,0.,-1.));
#12731=DIRECTION('center_axis',(0.,-0.920504853452443,-0.390731128489268));
#12732=DIRECTION('ref_axis',(0.,0.390731128489268,-0.920504853452443));
#12733=DIRECTION($,(0.,-0.390731128489267,0.920504853452443));
#12734=DIRECTION($,(0.,-0.390731128489267,0.920504853452443));
#12735=DIRECTION('center_axis',(0.,0.707106781186558,-0.707106781186537));
#12736=DIRECTION('ref_axis',(0.,0.707106781186537,0.707106781186558));
#12737=DIRECTION($,(0.,-0.707106781186537,-0.707106781186558));
#12738=DIRECTION($,(-1.,0.,0.));
#12739=DIRECTION($,(0.,-0.707106781186537,-0.707106781186558));
#12740=DIRECTION('center_axis',(-1.,0.,0.));
#12741=DIRECTION('ref_axis',(0.,0.,1.));
#12742=DIRECTION('center_axis',(1.,0.,0.));
#12743=DIRECTION('ref_axis',(0.,0.,-1.));
#12744=DIRECTION($,(-1.,0.,0.));
#12745=DIRECTION('center_axis',(1.,0.,0.));
#12746=DIRECTION('ref_axis',(0.,0.,-1.));
#12747=DIRECTION('center_axis',(0.,1.,-1.53974903309134E-016));
#12748=DIRECTION('ref_axis',(0.,1.52655665885959E-016,1.));
#12749=DIRECTION($,(0.,-1.53974903309134E-016,-1.));
#12750=DIRECTION($,(-1.,0.,0.));
#12751=DIRECTION($,(0.,-1.53974903309134E-016,-1.));
#12752=DIRECTION('center_axis',(-1.,0.,0.));
#12753=DIRECTION('ref_axis',(0.,0.,1.));
#12754=DIRECTION('center_axis',(1.,0.,0.));
#12755=DIRECTION('ref_axis',(0.,0.,-1.));
#12756=DIRECTION($,(-1.,0.,0.));
#12757=DIRECTION('center_axis',(1.,0.,0.));
#12758=DIRECTION('ref_axis',(0.,0.,-1.));
#12759=DIRECTION('center_axis',(-1.,0.,0.));
#12760=DIRECTION('ref_axis',(0.,0.,1.));
#12761=DIRECTION('center_axis',(-1.,0.,0.));
#12762=DIRECTION('ref_axis',(0.,0.,1.));
#12763=DIRECTION($,(-1.,0.,0.));
#12764=DIRECTION('center_axis',(-1.,0.,0.));
#12765=DIRECTION('ref_axis',(0.,0.,1.));
#12766=DIRECTION('center_axis',(0.,0.998629534754574,-0.0523359562429439));
#12767=DIRECTION('ref_axis',(0.,0.0523359562429439,0.998629534754574));
#12768=DIRECTION($,(0.,-0.0523359562429439,-0.998629534754574));
#12769=DIRECTION($,(-1.,0.,0.));
#12770=DIRECTION($,(0.,-0.0523359562429439,-0.998629534754574));
#12771=DIRECTION('center_axis',(0.,0.,1.));
#12772=DIRECTION('ref_axis',(1.,0.,0.));
#12773=DIRECTION($,(0.,1.,0.));
#12774=DIRECTION($,(0.,1.,0.));
#12775=DIRECTION('center_axis',(-1.,0.,0.));
#12776=DIRECTION('ref_axis',(0.,0.,1.));
#12777=DIRECTION('center_axis',(-1.,0.,0.));
#12778=DIRECTION('ref_axis',(0.,0.,1.));
#12779=DIRECTION('center_axis',(0.,0.,-1.));
#12780=DIRECTION('ref_axis',(-1.,0.,0.));
#12781=DIRECTION($,(0.,-1.,0.));
#12782=DIRECTION($,(-1.,0.,0.));
#12783=DIRECTION($,(0.,-1.,0.));
#12784=DIRECTION($,(-1.,0.,0.));
#12785=DIRECTION('center_axis',(-1.,0.,0.));
#12786=DIRECTION('ref_axis',(0.,0.,1.));
#12787=DIRECTION($,(0.,1.,1.66800334228539E-016));
#12788=DIRECTION($,(0.,0.,-1.));
#12789=DIRECTION($,(0.,0.,1.));
#12790=DIRECTION('center_axis',(1.,0.,0.));
#12791=DIRECTION('ref_axis',(0.,0.,-1.));
#12792=DIRECTION('center_axis',(-1.,0.,0.));
#12793=DIRECTION('ref_axis',(0.,0.,1.));
#12794=DIRECTION('center_axis',(1.,0.,0.));
#12795=DIRECTION('ref_axis',(0.,0.,-1.));
#12796=DIRECTION($,(0.,0.,1.));
#12797=DIRECTION($,(0.,0.,-1.));
#12798=DIRECTION($,(0.,1.,1.66800334228539E-016));
#12799=DIRECTION('center_axis',(0.,1.,0.));
#12800=DIRECTION('ref_axis',(0.,0.,1.));
#12801=DIRECTION($,(1.,0.,0.));
#12802=DIRECTION('center_axis',(0.,0.,-1.));
#12803=DIRECTION('ref_axis',(-1.,0.,0.));
#12804=DIRECTION($,(0.,-1.,0.));
#12805=DIRECTION($,(-1.,0.,0.));
#12806=DIRECTION($,(0.,-1.,0.));
#12807=DIRECTION($,(-1.,0.,0.));
#12808=DIRECTION('center_axis',(-1.,0.,0.));
#12809=DIRECTION('ref_axis',(0.,0.,1.));
#12810=DIRECTION('center_axis',(1.,0.,0.));
#12811=DIRECTION('ref_axis',(0.,0.,-1.));
#12812=DIRECTION($,(0.,0.,1.));
#12813=DIRECTION($,(0.,0.,-1.));
#12814=DIRECTION($,(0.,1.,1.66800334228539E-016));
#12815=DIRECTION('center_axis',(0.,1.,0.));
#12816=DIRECTION('ref_axis',(0.,0.,1.));
#12817=DIRECTION($,(0.,0.,-1.));
#12818=DIRECTION($,(1.,0.,0.));
#12819=DIRECTION('center_axis',(0.,0.,-1.));
#12820=DIRECTION('ref_axis',(-1.,0.,0.));
#12821=DIRECTION($,(0.,-1.,0.));
#12822=DIRECTION($,(-1.,0.,0.));
#12823=DIRECTION($,(0.,-1.,0.));
#12824=DIRECTION($,(-1.,0.,0.));
#12825=DIRECTION('center_axis',(-1.,0.,0.));
#12826=DIRECTION('ref_axis',(0.,0.,1.));
#12827=DIRECTION($,(0.,1.,1.66800334228539E-016));
#12828=DIRECTION($,(0.,0.,-1.));
#12829=DIRECTION($,(0.,0.,1.));
#12830=DIRECTION('center_axis',(1.,0.,0.));
#12831=DIRECTION('ref_axis',(0.,0.,-1.));
#12832=DIRECTION('center_axis',(-1.,0.,0.));
#12833=DIRECTION('ref_axis',(0.,0.,1.));
#12834=DIRECTION($,(0.,0.,1.));
#12835=DIRECTION($,(0.,0.,-1.));
#12836=DIRECTION($,(0.,1.,1.66800334228539E-016));
#12837=DIRECTION('center_axis',(0.,1.,0.));
#12838=DIRECTION('ref_axis',(0.,0.,1.));
#12839=DIRECTION($,(1.,0.,0.));
#12840=DIRECTION('center_axis',(0.,1.,0.));
#12841=DIRECTION('ref_axis',(0.,0.,1.));
#12842=DIRECTION($,(0.,0.,-1.));
#12843=DIRECTION($,(-1.,0.,0.));
#12844=DIRECTION($,(0.,0.,-1.));
#12845=DIRECTION($,(1.,0.,0.));
#12846=DIRECTION('center_axis',(1.,0.,0.));
#12847=DIRECTION('ref_axis',(0.,0.,-1.));
#12848=DIRECTION($,(0.,-1.,0.));
#12849=DIRECTION($,(0.,0.,1.));
#12850=DIRECTION($,(0.,-1.,-1.66800334228539E-016));
#12851=DIRECTION('center_axis',(0.707106781186563,0.,-0.707106781186532));
#12852=DIRECTION('ref_axis',(0.,-1.,0.));
#12853=DIRECTION($,(0.707106781186532,9.89221559150543E-017,0.707106781186563));
#12854=DIRECTION($,(0.,-1.,0.));
#12855=DIRECTION($,(-0.707106781186532,0.,-0.707106781186563));
#12856=DIRECTION($,(0.,1.,0.));
#12857=DIRECTION('center_axis',(0.707106781186548,0.,0.707106781186548));
#12858=DIRECTION('ref_axis',(0.,1.,0.));
#12859=DIRECTION($,(0.707106781186548,9.89221559150565E-017,-0.707106781186548));
#12860=DIRECTION($,(0.,-1.,0.));
#12861=DIRECTION($,(-0.707106781186548,0.,0.707106781186548));
#12862=DIRECTION($,(0.,1.,0.));
#12863=DIRECTION('center_axis',(-1.,0.,0.));
#12864=DIRECTION('ref_axis',(0.,0.,-1.));
#12865=DIRECTION($,(0.,7.6622061659753E-017,-1.));
#12866=DIRECTION($,(0.,0.,1.));
#12867=DIRECTION($,(0.,-1.,1.66800334228539E-015));
#12868=DIRECTION($,(0.,0.,1.));
#12869=DIRECTION($,(0.,-1.,-2.16840434497101E-016));
#12870=DIRECTION('center_axis',(-1.,0.,0.));
#12871=DIRECTION('ref_axis',(0.,0.,-1.));
#12872=DIRECTION($,(0.,0.,1.));
#12873=DIRECTION($,(0.,7.6622061659753E-017,-1.));
#12874=DIRECTION($,(0.,-1.,-2.16840434497101E-016));
#12875=DIRECTION($,(0.,0.,1.));
#12876=DIRECTION($,(0.,-1.,1.66800334228539E-015));
#12877=DIRECTION('center_axis',(0.,-1.,0.));
#12878=DIRECTION('ref_axis',(0.,0.,-1.));
#12879=DIRECTION($,(-1.,0.,0.));
#12880=DIRECTION($,(-1.,0.,0.));
#12881=DIRECTION('center_axis',(0.,2.16840434497101E-016,-1.));
#12882=DIRECTION('ref_axis',(0.,1.,2.15105711021124E-016));
#12883=DIRECTION($,(-1.,0.,0.));
#12884=DIRECTION('center_axis',(1.,0.,0.));
#12885=DIRECTION('ref_axis',(0.,0.,-1.));
#12886=DIRECTION($,(-1.,0.,0.));
#12887=DIRECTION($,(1.,0.,0.));
#12888=DIRECTION('center_axis',(1.,0.,0.));
#12889=DIRECTION('ref_axis',(0.,0.,-1.));
#12890=DIRECTION($,(-1.,0.,0.));
#12891=DIRECTION($,(1.,0.,0.));
#12892=DIRECTION('center_axis',(0.707106781186548,0.,-0.707106781186548));
#12893=DIRECTION('ref_axis',(0.,-1.,0.));
#12894=DIRECTION($,(0.707106781186548,7.41916169362923E-017,0.707106781186548));
#12895=DIRECTION($,(0.,-1.,0.));
#12896=DIRECTION($,(-0.707106781186548,0.,-0.707106781186548));
#12897=DIRECTION($,(0.,1.,0.));
#12898=DIRECTION('center_axis',(0.707106781186548,0.,-0.707106781186548));
#12899=DIRECTION('ref_axis',(0.,-1.,0.));
#12900=DIRECTION($,(0.707106781186548,7.41916169362922E-017,0.707106781186548));
#12901=DIRECTION($,(0.,-1.,0.));
#12902=DIRECTION($,(-0.707106781186548,0.,-0.707106781186548));
#12903=DIRECTION($,(0.,1.,0.));
#12904=DIRECTION('center_axis',(-0.707106781186548,0.,-0.707106781186548));
#12905=DIRECTION('ref_axis',(0.,-1.,0.));
#12906=DIRECTION($,(0.707106781186548,7.41916169362922E-017,-0.707106781186548));
#12907=DIRECTION($,(0.,-1.,0.));
#12908=DIRECTION($,(-0.707106781186548,0.,0.707106781186548));
#12909=DIRECTION($,(0.,1.,0.));
#12910=DIRECTION('center_axis',(0.707106781186532,0.,-0.707106781186563));
#12911=DIRECTION('ref_axis',(0.,-1.,0.));
#12912=DIRECTION($,(0.707106781186563,7.41916169362939E-017,0.707106781186532));
#12913=DIRECTION($,(0.,-1.,0.));
#12914=DIRECTION($,(-0.707106781186563,0.,-0.707106781186532));
#12915=DIRECTION($,(0.,1.,0.));
#12916=DIRECTION('center_axis',(-0.707106781186548,0.,-0.707106781186548));
#12917=DIRECTION('ref_axis',(0.,-1.,0.));
#12918=DIRECTION($,(0.707106781186548,7.41916169362922E-017,-0.707106781186548));
#12919=DIRECTION($,(0.,-1.,0.));
#12920=DIRECTION($,(-0.707106781186548,0.,0.707106781186548));
#12921=DIRECTION($,(0.,1.,0.));
#12922=DIRECTION('center_axis',(-1.,0.,-3.46944695195361E-015));
#12923=DIRECTION('ref_axis',(-3.44169137633799E-015,0.,1.));
#12924=DIRECTION($,(-3.46944695195361E-015,-3.64024057028837E-031,1.));
#12925=DIRECTION($,(-3.46944695195361E-015,0.,1.));
#12926=DIRECTION($,(0.,1.,0.));
#12927=DIRECTION($,(-3.46944695195361E-015,0.,1.));
#12928=DIRECTION($,(0.,-1.,0.));
#12929=DIRECTION('center_axis',(1.,0.,0.));
#12930=DIRECTION('ref_axis',(0.,0.,-1.));
#12931=DIRECTION($,(0.,0.,-1.));
#12932=DIRECTION($,(0.,0.,-1.));
#12933=DIRECTION($,(0.,1.,0.));
#12934=DIRECTION($,(0.,0.,-1.));
#12935=DIRECTION($,(0.,1.,0.));
#12936=DIRECTION('center_axis',(-1.,0.,-3.46944695195361E-015));
#12937=DIRECTION('ref_axis',(-3.44169137633799E-015,0.,1.));
#12938=DIRECTION($,(-3.46944695195361E-015,-3.64024057028837E-031,1.));
#12939=DIRECTION($,(-3.46944695195361E-015,0.,1.));
#12940=DIRECTION($,(0.,1.,0.));
#12941=DIRECTION($,(-3.46944695195361E-015,0.,1.));
#12942=DIRECTION($,(0.,-1.,0.));
#12943=DIRECTION('center_axis',(1.,0.,0.));
#12944=DIRECTION('ref_axis',(0.,0.,-1.));
#12945=DIRECTION($,(0.,0.,-1.));
#12946=DIRECTION($,(0.,0.,-1.));
#12947=DIRECTION($,(0.,1.,0.));
#12948=DIRECTION($,(0.,0.,-1.));
#12949=DIRECTION($,(0.,1.,0.));
#12950=DIRECTION('center_axis',(-1.,0.,-3.46944695195361E-015));
#12951=DIRECTION('ref_axis',(-3.44169137633799E-015,0.,1.));
#12952=DIRECTION($,(-3.46944695195361E-015,-3.64024057028837E-031,1.));
#12953=DIRECTION($,(-3.46944695195361E-015,0.,1.));
#12954=DIRECTION($,(0.,1.,0.));
#12955=DIRECTION($,(-3.46944695195361E-015,0.,1.));
#12956=DIRECTION($,(0.,-1.,0.));
#12957=DIRECTION('center_axis',(-1.,0.,0.));
#12958=DIRECTION('ref_axis',(0.,0.,1.));
#12959=DIRECTION($,(0.,-0.601815023152052,0.79863551004729));
#12960=DIRECTION($,(0.,0.,1.));
#12961=DIRECTION($,(0.,1.,0.));
#12962=DIRECTION($,(0.,0.,-1.));
#12963=DIRECTION('center_axis',(-1.,0.,0.));
#12964=DIRECTION('ref_axis',(0.,0.,1.));
#12965=DIRECTION($,(0.,-0.601815023152052,0.79863551004729));
#12966=DIRECTION($,(0.,0.,-1.));
#12967=DIRECTION($,(0.,1.,0.));
#12968=DIRECTION($,(0.,0.,1.));
#12969=DIRECTION('center_axis',(0.,-1.,0.));
#12970=DIRECTION('ref_axis',(0.,0.,-1.));
#12971=DIRECTION($,(1.,0.,0.));
#12972=DIRECTION($,(1.,0.,0.));
#12973=DIRECTION('center_axis',(-1.,0.,0.));
#12974=DIRECTION('ref_axis',(0.,0.,1.));
#12975=DIRECTION($,(0.,-0.601815023152052,0.79863551004729));
#12976=DIRECTION($,(0.,0.,1.));
#12977=DIRECTION($,(0.,1.,0.));
#12978=DIRECTION($,(0.,0.,-1.));
#12979=DIRECTION('center_axis',(-1.,0.,0.));
#12980=DIRECTION('ref_axis',(0.,0.,1.));
#12981=DIRECTION($,(0.,-0.601815023152052,0.79863551004729));
#12982=DIRECTION($,(0.,0.,-1.));
#12983=DIRECTION($,(0.,1.,0.));
#12984=DIRECTION($,(0.,0.,1.));
#12985=DIRECTION('center_axis',(0.,-1.,0.));
#12986=DIRECTION('ref_axis',(0.,0.,-1.));
#12987=DIRECTION($,(1.,0.,0.));
#12988=DIRECTION($,(1.,0.,0.));
#12989=DIRECTION('center_axis',(-1.,0.,0.));
#12990=DIRECTION('ref_axis',(0.,0.,1.));
#12991=DIRECTION($,(0.,-0.601815023152052,0.79863551004729));
#12992=DIRECTION($,(0.,0.,-1.));
#12993=DIRECTION($,(0.,1.,0.));
#12994=DIRECTION($,(0.,0.,1.));
#12995=DIRECTION('center_axis',(0.,0.70710678118655,0.707106781186545));
#12996=DIRECTION('ref_axis',(-1.,0.,0.));
#12997=DIRECTION($,(0.,0.707106781186545,-0.70710678118655));
#12998=DIRECTION($,(-1.,0.,0.));
#12999=DIRECTION($,(0.,-0.707106781186545,0.70710678118655));
#13000=DIRECTION($,(1.,0.,0.));
#13001=DIRECTION('center_axis',(0.,-1.,0.));
#13002=DIRECTION('ref_axis',(0.,0.,-1.));
#13003=DIRECTION($,(0.,0.,1.));
#13004=DIRECTION($,(0.,0.,-1.));
#13005=DIRECTION($,(-1.,0.,0.));
#13006=DIRECTION('center_axis',(0.,0.,-1.));
#13007=DIRECTION('ref_axis',(-1.,0.,0.));
#13008=DIRECTION($,(-1.,0.,0.));
#13009=DIRECTION($,(0.,1.,0.));
#13010=DIRECTION($,(0.,1.,0.));
#13011=DIRECTION($,(-1.,0.,0.));
#13012=DIRECTION($,(0.,1.,0.));
#13013=DIRECTION('center_axis',(-1.,0.,0.));
#13014=DIRECTION('ref_axis',(0.,0.,1.));
#13015=DIRECTION($,(0.,0.,1.));
#13016=DIRECTION($,(0.,1.,0.));
#13017=DIRECTION('center_axis',(1.,0.,0.));
#13018=DIRECTION('ref_axis',(0.,0.,-1.));
#13019=DIRECTION($,(0.,1.,1.66800334228539E-016));
#13020=DIRECTION($,(0.,0.,-1.));
#13021=DIRECTION('center_axis',(0.,0.,1.));
#13022=DIRECTION('ref_axis',(1.,0.,0.));
#13023=DIRECTION($,(1.,0.,0.));
#13024=DIRECTION($,(1.,0.,0.));
#13025=DIRECTION($,(0.,-1.,0.));
#13026=DIRECTION('center_axis',(0.,0.,1.));
#13027=DIRECTION('ref_axis',(1.,0.,0.));
#13028=DIRECTION($,(1.,0.,0.));
#13029=DIRECTION($,(0.,1.,0.));
#13030=DIRECTION($,(1.,0.,0.));
#13031=DIRECTION($,(0.,-1.,0.));
#13032=DIRECTION('center_axis',(0.707106781186532,0.,-0.707106781186563));
#13033=DIRECTION('ref_axis',(0.,-1.,0.));
#13034=DIRECTION($,(0.707106781186563,0.,0.707106781186532));
#13035=DIRECTION($,(0.,-1.,0.));
#13036=DIRECTION($,(-0.707106781186563,0.,-0.707106781186532));
#13037=DIRECTION($,(0.,1.,0.));
#13038=DIRECTION('center_axis',(-0.707106781186548,0.,-0.707106781186548));
#13039=DIRECTION('ref_axis',(0.,-1.,0.));
#13040=DIRECTION($,(0.707106781186548,0.,-0.707106781186548));
#13041=DIRECTION($,(0.,-1.,0.));
#13042=DIRECTION($,(-0.707106781186548,0.,0.707106781186548));
#13043=DIRECTION($,(0.,1.,0.));
#13044=DIRECTION('center_axis',(-1.,0.,-3.46944695195361E-015));
#13045=DIRECTION('ref_axis',(-3.44169137633799E-015,0.,1.));
#13046=DIRECTION($,(-3.46944695195361E-015,0.,1.));
#13047=DIRECTION($,(3.46944695195361E-015,0.,-1.));
#13048=DIRECTION($,(-3.46944695195361E-015,0.,1.));
#13049=DIRECTION($,(0.,1.,0.));
#13050=DIRECTION('center_axis',(1.,0.,0.));
#13051=DIRECTION('ref_axis',(0.,0.,-1.));
#13052=DIRECTION($,(0.,0.,1.));
#13053=DIRECTION($,(0.,0.,-1.));
#13054=DIRECTION($,(0.,1.,0.));
#13055=DIRECTION($,(0.,0.,-1.));
#13056=DIRECTION('center_axis',(-1.,0.,0.));
#13057=DIRECTION('ref_axis',(0.,0.,1.));
#13058=DIRECTION($,(0.,-0.601815023152052,0.79863551004729));
#13059=DIRECTION($,(0.,0.,1.));
#13060=DIRECTION($,(0.,1.,0.));
#13061=DIRECTION($,(0.,0.,-1.));
#13062=DIRECTION('center_axis',(-1.,0.,0.));
#13063=DIRECTION('ref_axis',(0.,0.,1.));
#13064=DIRECTION($,(0.,-0.601815023152052,0.79863551004729));
#13065=DIRECTION($,(0.,0.,-1.));
#13066=DIRECTION($,(0.,1.,0.));
#13067=DIRECTION($,(0.,0.,1.));
#13068=DIRECTION('center_axis',(0.,-1.,0.));
#13069=DIRECTION('ref_axis',(0.,0.,-1.));
#13070=DIRECTION($,(1.,0.,0.));
#13071=DIRECTION($,(1.,0.,0.));
#13072=DIRECTION('center_axis',(1.,0.,0.));
#13073=DIRECTION('ref_axis',(0.,0.,-1.));
#13074=DIRECTION($,(0.,-1.,0.));
#13075=DIRECTION($,(0.,0.601815023152053,-0.79863551004729));
#13076=DIRECTION($,(0.,0.,-1.));
#13077=DIRECTION($,(0.,1.,0.));
#13078=DIRECTION($,(0.,0.,1.));
#13079=DIRECTION('center_axis',(0.,-0.79863551004729,-0.601815023152053));
#13080=DIRECTION('ref_axis',(0.,0.601815023152053,-0.79863551004729));
#13081=DIRECTION($,(1.,0.,0.));
#13082=DIRECTION($,(1.,0.,0.));
#13083=DIRECTION('center_axis',(0.,-1.,0.));
#13084=DIRECTION('ref_axis',(0.,0.,-1.));
#13085=DIRECTION($,(1.,0.,0.));
#13086=DIRECTION('center_axis',(0.,-1.,0.));
#13087=DIRECTION('ref_axis',(0.,0.,-1.));
#13088=DIRECTION($,(-1.,0.,4.8186763221578E-016));
#13089=DIRECTION($,(0.,0.,1.));
#13090=DIRECTION($,(1.,0.,-2.4093381610789E-016));
#13091=DIRECTION($,(0.,0.,-1.));
#13092=DIRECTION('center_axis',(1.,0.,0.));
#13093=DIRECTION('ref_axis',(0.,0.,-1.));
#13094=DIRECTION($,(0.,0.,-1.));
#13095=DIRECTION($,(0.,1.,0.));
#13096=DIRECTION($,(0.,1.,0.));
#13097=DIRECTION('center_axis',(0.,-1.,0.));
#13098=DIRECTION('ref_axis',(0.,0.,-1.));
#13099=DIRECTION($,(1.,0.,0.));
#13100=DIRECTION($,(1.,0.,0.));
#13101=DIRECTION('center_axis',(-1.04922790885694E-016,1.,0.));
#13102=DIRECTION('ref_axis',(-1.,-1.04083408558608E-016,0.));
#13103=DIRECTION($,(-1.,-1.04922790885694E-016,0.));
#13104=DIRECTION('center_axis',(1.,0.,0.));
#13105=DIRECTION('ref_axis',(0.,0.,-1.));
#13106=DIRECTION($,(0.,-1.,0.));
#13107=DIRECTION($,(0.,1.,0.));
#13108=DIRECTION($,(0.,0.,1.));
#13109=DIRECTION($,(0.,1.,0.));
#13110=DIRECTION($,(0.,0.,1.));
#13111=DIRECTION('center_axis',(-5.42101086242751E-016,1.,0.));
#13112=DIRECTION('ref_axis',(-1.,-5.41233724504764E-016,0.));
#13113=DIRECTION($,(0.,0.,1.));
#13114=DIRECTION($,(1.,0.,0.));
#13115=DIRECTION($,(-1.,-5.42101086242751E-016,0.));
#13116=DIRECTION('center_axis',(1.,0.,0.));
#13117=DIRECTION('ref_axis',(0.,0.,-1.));
#13118=DIRECTION($,(0.,0.,1.));
#13119=DIRECTION($,(0.,0.,1.));
#13120=DIRECTION($,(0.,1.,0.));
#13121=DIRECTION('center_axis',(0.,0.,-1.));
#13122=DIRECTION('ref_axis',(-1.,0.,0.));
#13123=DIRECTION($,(-1.,-1.39897054514259E-016,0.));
#13124=DIRECTION('center_axis',(-1.,0.,0.));
#13125=DIRECTION('ref_axis',(0.,0.,1.));
#13126=DIRECTION($,(0.,-1.,0.));
#13127=DIRECTION($,(0.,1.,0.));
#13128=DIRECTION($,(0.,0.,1.));
#13129=DIRECTION('center_axis',(0.,-0.79863551004729,-0.601815023152053));
#13130=DIRECTION('ref_axis',(0.,0.601815023152053,-0.79863551004729));
#13131=DIRECTION($,(1.,0.,0.));
#13132=DIRECTION($,(1.,0.,0.));
#13133=DIRECTION('center_axis',(0.,-1.,0.));
#13134=DIRECTION('ref_axis',(0.,0.,-1.));
#13135=DIRECTION($,(1.,0.,0.));
#13136=DIRECTION('center_axis',(0.,-1.,0.));
#13137=DIRECTION('ref_axis',(0.,0.,-1.));
#13138=DIRECTION($,(1.,0.,0.));
#13139=DIRECTION($,(1.,0.,0.));
#13140=DIRECTION('center_axis',(0.,0.,-1.));
#13141=DIRECTION('ref_axis',(-1.,0.,0.));
#13142=DIRECTION('center_axis',(0.,-0.79863551004729,-0.601815023152053));
#13143=DIRECTION('ref_axis',(0.,0.601815023152053,-0.79863551004729));
#13144=DIRECTION($,(1.,0.,0.));
#13145=DIRECTION($,(1.,0.,0.));
#13146=DIRECTION('center_axis',(0.,-0.79863551004729,-0.601815023152053));
#13147=DIRECTION('ref_axis',(0.,0.601815023152053,-0.79863551004729));
#13148=DIRECTION($,(1.,0.,0.));
#13149=DIRECTION($,(1.,0.,0.));
#13150=DIRECTION('center_axis',(0.,-1.,0.));
#13151=DIRECTION('ref_axis',(0.,0.,-1.));
#13152=DIRECTION($,(1.,0.,0.));
#13153=DIRECTION('center_axis',(0.,-1.,0.));
#13154=DIRECTION('ref_axis',(0.,0.,-1.));
#13155=DIRECTION($,(1.,0.,0.));
#13156=DIRECTION('center_axis',(0.,0.,1.));
#13157=DIRECTION('ref_axis',(1.,0.,0.));
#13158=DIRECTION($,(1.,0.,0.));
#13159=DIRECTION($,(1.,0.,0.));
#13160=DIRECTION('center_axis',(0.,0.,1.));
#13161=DIRECTION('ref_axis',(1.,0.,0.));
#13162=DIRECTION($,(1.,0.,0.));
#13163=DIRECTION($,(1.,0.,0.));
#13164=DIRECTION('center_axis',(-1.04922790885694E-016,1.,0.));
#13165=DIRECTION('ref_axis',(-1.,-1.04083408558608E-016,0.));
#13166=DIRECTION($,(-1.,-1.04922790885694E-016,0.));
#13167=DIRECTION('center_axis',(-1.04922790885694E-016,1.,0.));
#13168=DIRECTION('ref_axis',(-1.,-1.04083408558608E-016,0.));
#13169=DIRECTION($,(-1.,-1.04922790885694E-016,0.));
#13170=DIRECTION('center_axis',(0.,-1.,0.));
#13171=DIRECTION('ref_axis',(0.,0.,-1.));
#13172=DIRECTION($,(1.,0.,0.));
#13173=DIRECTION($,(1.,0.,0.));
#13174=DIRECTION('center_axis',(0.,-1.,0.));
#13175=DIRECTION('ref_axis',(0.,0.,-1.));
#13176=DIRECTION($,(1.,0.,0.));
#13177=DIRECTION($,(1.,0.,0.));
#13178=DIRECTION('center_axis',(0.,0.,-1.));
#13179=DIRECTION('ref_axis',(-1.,0.,0.));
#13180=DIRECTION('center_axis',(0.,0.,-1.));
#13181=DIRECTION('ref_axis',(-1.,0.,0.));
#13182=DIRECTION('center_axis',(0.,-1.,0.));
#13183=DIRECTION('ref_axis',(0.,0.,-1.));
#13184=DIRECTION($,(1.,0.,0.));
#13185=DIRECTION($,(1.,0.,0.));
#13186=DIRECTION('center_axis',(-1.39897054514259E-016,1.,0.));
#13187=DIRECTION('ref_axis',(-1.,-1.38777878078145E-016,0.));
#13188=DIRECTION($,(-1.,-1.39897054514259E-016,0.));
#13189=DIRECTION($,(-1.,-1.39897054514259E-016,0.));
#13190=DIRECTION('center_axis',(0.,0.,-1.));
#13191=DIRECTION('ref_axis',(-1.,0.,0.));
#13192=DIRECTION('center_axis',(0.,1.,0.));
#13193=DIRECTION('ref_axis',(0.,0.,1.));
#13194=DIRECTION($,(1.,0.,0.));
#13195=DIRECTION($,(0.,0.,1.));
#13196=DIRECTION($,(1.,0.,0.));
#13197=DIRECTION($,(0.,0.,1.));
#13198=DIRECTION($,(-1.,0.,0.));
#13199=DIRECTION($,(0.,0.,1.));
#13200=DIRECTION($,(-1.,0.,0.));
#13201=DIRECTION($,(0.,0.,1.));
#13202=DIRECTION($,(-1.,0.,0.));
#13203=DIRECTION($,(0.,0.,1.));
#13204=DIRECTION($,(1.,0.,0.));
#13205=DIRECTION('center_axis',(0.,0.,-1.));
#13206=DIRECTION('ref_axis',(-1.,0.,0.));
#13207=DIRECTION($,(1.,0.,0.));
#13208=DIRECTION($,(0.,1.,0.));
#13209=DIRECTION($,(1.,0.,0.));
#13210=DIRECTION($,(0.,1.,0.));
#13211=DIRECTION($,(1.,0.,0.));
#13212=DIRECTION($,(0.,1.,0.));
#13213=DIRECTION($,(1.,0.,0.));
#13214=DIRECTION($,(0.,1.,0.));
#13215=DIRECTION('center_axis',(0.,0.,-1.));
#13216=DIRECTION('ref_axis',(-1.,0.,0.));
#13217=DIRECTION($,(1.,0.,0.));
#13218=DIRECTION($,(0.,-1.,0.));
#13219=DIRECTION($,(-1.,-1.04922790885694E-016,0.));
#13220=DIRECTION($,(0.,1.,0.));
#13221=DIRECTION('center_axis',(0.,-1.,0.));
#13222=DIRECTION('ref_axis',(0.,0.,-1.));
#13223=DIRECTION($,(0.,0.,1.));
#13224=DIRECTION($,(-0.70710678118654,0.,-0.707106781186555));
#13225=DIRECTION($,(-0.707106781186547,0.,0.707106781186547));
#13226=DIRECTION($,(0.,0.,-1.));
#13227=DIRECTION($,(1.,0.,0.));
#13228=DIRECTION('center_axis',(-1.04922790885694E-016,1.,0.));
#13229=DIRECTION('ref_axis',(-1.,-1.04083408558608E-016,0.));
#13230=DIRECTION($,(0.70710678118654,7.41916169362915E-017,0.707106781186555));
#13231=DIRECTION($,(0.,7.6622061659753E-017,-1.));
#13232=DIRECTION($,(1.,0.,0.));
#13233=DIRECTION($,(0.,7.6622061659753E-017,-1.));
#13234=DIRECTION($,(0.707106781186532,7.41916169362907E-017,-0.707106781186563));
#13235=DIRECTION($,(-1.,-1.04922790885694E-016,0.));
#13236=DIRECTION($,(0.,0.,1.));
#13237=DIRECTION($,(-1.,-1.04922790885694E-016,0.));
#13238=DIRECTION($,(0.,0.,1.));
#13239=DIRECTION($,(1.,0.,0.));
#13240=DIRECTION($,(0.,0.,-1.));
#13241=DIRECTION($,(0.707106781186547,7.41916169362923E-017,-0.707106781186547));
#13242=DIRECTION('center_axis',(0.,0.,-1.));
#13243=DIRECTION('ref_axis',(-1.,0.,0.));
#13244=DIRECTION($,(0.,1.,0.));
#13245=DIRECTION($,(1.,0.,0.));
#13246=DIRECTION($,(0.,1.,0.));
#13247=DIRECTION($,(-1.,0.,0.));
#13248=DIRECTION($,(0.,-1.,0.));
#13249=DIRECTION('center_axis',(0.,-1.,0.));
#13250=DIRECTION('ref_axis',(0.,0.,-1.));
#13251=DIRECTION($,(-0.707106781186532,0.,0.707106781186563));
#13252=DIRECTION($,(0.,0.,1.));
#13253=DIRECTION($,(1.,0.,0.));
#13254=DIRECTION($,(0.,0.,1.));
#13255=DIRECTION('center_axis',(0.,0.,1.));
#13256=DIRECTION('ref_axis',(1.,0.,0.));
#13257=DIRECTION($,(1.,0.,0.));
#13258=DIRECTION($,(0.,1.,0.));
#13259=DIRECTION($,(0.,1.,0.));
#13260=DIRECTION('center_axis',(0.,-1.,0.));
#13261=DIRECTION('ref_axis',(0.,0.,-1.));
#13262=DIRECTION($,(0.,0.,1.));
#13263=DIRECTION($,(1.,0.,0.));
#13264=DIRECTION($,(0.,0.,-1.));
#13265=DIRECTION('center_axis',(0.,-0.79863551004729,-0.601815023152053));
#13266=DIRECTION('ref_axis',(0.,0.601815023152053,-0.79863551004729));
#13267=DIRECTION($,(0.,-0.601815023152052,0.79863551004729));
#13268=DIRECTION($,(1.,0.,0.));
#13269=DIRECTION($,(0.,0.601815023152053,-0.79863551004729));
#13270=DIRECTION('center_axis',(1.,0.,0.));
#13271=DIRECTION('ref_axis',(0.,0.,-1.));
#13272=DIRECTION($,(0.,0.,1.));
#13273=DIRECTION($,(0.,-1.,0.));
#13274=DIRECTION($,(0.,0.,-1.));
#13275=DIRECTION($,(0.,1.,0.));
#13276=DIRECTION('center_axis',(0.,1.,0.));
#13277=DIRECTION('ref_axis',(0.,0.,1.));
#13278=DIRECTION($,(-1.,0.,0.));
#13279=DIRECTION($,(-1.,0.,0.));
#13280=DIRECTION($,(0.,0.,1.));
#13281=DIRECTION('center_axis',(-1.,0.,0.));
#13282=DIRECTION('ref_axis',(0.,0.,1.));
#13283=DIRECTION($,(0.,0.,1.));
#13284=DIRECTION($,(0.,-1.,0.));
#13285=DIRECTION('center_axis',(-1.,0.,0.));
#13286=DIRECTION('ref_axis',(0.,0.,1.));
#13287=DIRECTION($,(0.,0.,-1.));
#13288=DIRECTION($,(0.,-1.,0.));
#13289=DIRECTION($,(0.,-1.,0.));
#13290=DIRECTION('center_axis',(-1.,0.,0.));
#13291=DIRECTION('ref_axis',(0.,0.,1.));
#13292=DIRECTION($,(0.,1.,0.));
#13293=DIRECTION($,(0.,0.,1.));
#13294=DIRECTION('center_axis',(0.,-1.,0.));
#13295=DIRECTION('ref_axis',(0.,0.,-1.));
#13296=DIRECTION($,(1.,0.,0.));
#13297=DIRECTION('center_axis',(1.,0.,0.));
#13298=DIRECTION('ref_axis',(0.,0.,-1.));
#13299=DIRECTION($,(0.,-1.,0.));
#13300=DIRECTION($,(0.,0.707106781186545,-0.70710678118655));
#13301=DIRECTION($,(0.,0.,1.));
#13302=DIRECTION($,(0.,1.,0.));
#13303=DIRECTION('center_axis',(-1.,0.,0.));
#13304=DIRECTION('ref_axis',(0.,0.,1.));
#13305=DIRECTION($,(0.,1.,1.66800334228539E-016));
#13306=DIRECTION($,(0.,0.,1.));
#13307=DIRECTION($,(0.,1.,0.));
#13308=DIRECTION($,(0.,0.,1.));
#13309=DIRECTION('center_axis',(-2.46409584655796E-016,0.,-1.));
#13310=DIRECTION('ref_axis',(-1.,0.,2.46330733588707E-016));
#13311=DIRECTION($,(-1.,0.,2.46409584655796E-016));
#13312=DIRECTION($,(1.,0.,0.));
#13313=DIRECTION($,(0.,-1.,0.));
#13314=DIRECTION($,(-1.,0.,2.46409584655796E-016));
#13315=DIRECTION($,(0.,1.,0.));
#13316=DIRECTION('center_axis',(1.,0.,0.));
#13317=DIRECTION('ref_axis',(0.,0.,-1.));
#13318=DIRECTION($,(0.,0.,-1.));
#13319=DIRECTION($,(0.,0.,-1.));
#13320=DIRECTION($,(0.,-0.707106781186545,0.70710678118655));
#13321=DIRECTION($,(0.,1.,0.));
#13322=DIRECTION('center_axis',(0.,-1.,0.));
#13323=DIRECTION('ref_axis',(0.,0.,-1.));
#13324=DIRECTION($,(1.,0.,0.));
#13325=DIRECTION('center_axis',(0.,0.70710678118655,0.707106781186545));
#13326=DIRECTION('ref_axis',(-1.,0.,0.));
#13327=DIRECTION($,(-1.,0.,0.));
#13328=DIRECTION('center_axis',(0.,-1.,0.));
#13329=DIRECTION('ref_axis',(0.,0.,-1.));
#13330=DIRECTION($,(0.,0.,-1.));
#13331=DIRECTION($,(3.46944695195361E-015,0.,-1.));
#13332=DIRECTION($,(1.,0.,0.));
#13333=DIRECTION('center_axis',(-1.,0.,0.));
#13334=DIRECTION('ref_axis',(0.,0.,1.));
#13335=DIRECTION('center_axis',(1.,0.,0.));
#13336=DIRECTION('ref_axis',(0.,0.,-1.));
#13337=DIRECTION($,(0.,-1.,0.));
#13338=DIRECTION($,(0.,0.,-1.));
#13339=DIRECTION($,(0.,1.,0.));
#13340=DIRECTION('center_axis',(-0.707106781186548,0.,-0.707106781186548));
#13341=DIRECTION('ref_axis',(0.,-1.,0.));
#13342=DIRECTION('center_axis',(1.,0.,0.));
#13343=DIRECTION('ref_axis',(0.,0.,-1.));
#13344=DIRECTION('center_axis',(1.,0.,0.));
#13345=DIRECTION('ref_axis',(0.,0.,-1.));
#13346=DIRECTION('center_axis',(1.,0.,0.));
#13347=DIRECTION('ref_axis',(0.,0.,-1.));
#13348=DIRECTION($,(1.,0.,0.));
#13349=DIRECTION('center_axis',(0.,-2.16840434497101E-016,1.));
#13350=DIRECTION('ref_axis',(0.,-1.,-2.15105711021124E-016));
#13351=DIRECTION($,(0.,-1.,-2.16840434497101E-016));
#13352=DIRECTION($,(0.,-1.,-2.16840434497101E-016));
#13353=DIRECTION($,(1.,0.,0.));
#13354=DIRECTION('center_axis',(0.,1.,0.));
#13355=DIRECTION('ref_axis',(0.,0.,1.));
#13356=DIRECTION($,(0.,0.,1.));
#13357=DIRECTION($,(0.,0.,1.));
#13358=DIRECTION($,(1.,0.,0.));
#13359=DIRECTION('center_axis',(1.,0.,0.));
#13360=DIRECTION('ref_axis',(0.,0.,-1.));
#13361=DIRECTION($,(0.,1.,0.));
#13362=DIRECTION($,(0.,-1.,1.66800334228539E-015));
#13363=DIRECTION('center_axis',(1.,0.,0.));
#13364=DIRECTION('ref_axis',(0.,0.,-1.));
#13365=DIRECTION($,(0.,-1.,0.));
#13366=DIRECTION($,(0.,-1.,1.66800334228539E-015));
#13367=DIRECTION('center_axis',(-0.707106781186555,0.,0.70710678118654));
#13368=DIRECTION('ref_axis',(0.,1.,0.));
#13369=DIRECTION('center_axis',(-0.707106781186563,0.,-0.707106781186532));
#13370=DIRECTION('ref_axis',(0.,-1.,0.));
#13371=DIRECTION('center_axis',(-1.,0.,0.));
#13372=DIRECTION('ref_axis',(0.,0.,1.));
#13373=DIRECTION($,(0.,1.,1.66800334228539E-016));
#13374=DIRECTION($,(0.,0.,-1.));
#13375=DIRECTION($,(0.,-1.,0.));
#13376=DIRECTION('center_axis',(0.,1.,0.));
#13377=DIRECTION('ref_axis',(0.,0.,1.));
#13378=DIRECTION($,(0.,0.,-1.));
#13379=DIRECTION($,(1.,0.,0.));
#13380=DIRECTION('center_axis',(1.,0.,0.));
#13381=DIRECTION('ref_axis',(0.,0.,-1.));
#13382=DIRECTION($,(0.,-1.,-1.66800334228539E-016));
#13383=DIRECTION('center_axis',(-1.,0.,-3.46944695195361E-015));
#13384=DIRECTION('ref_axis',(-3.44169137633799E-015,0.,1.));
#13385=DIRECTION($,(0.,-1.,0.));
#13386=DIRECTION($,(3.46944695195361E-015,0.,-1.));
#13387=DIRECTION($,(0.,-1.,0.));
#13388=DIRECTION($,(-3.46944695195361E-015,-3.64024057028837E-031,1.));
#13389=DIRECTION($,(0.,1.,0.));
#13390=DIRECTION($,(-3.46944695195361E-015,0.,1.));
#13391=DIRECTION('center_axis',(-1.,0.,0.));
#13392=DIRECTION('ref_axis',(0.,0.,1.));
#13393=DIRECTION('center_axis',(1.,0.,0.));
#13394=DIRECTION('ref_axis',(0.,0.,-1.));
#13395=DIRECTION($,(0.,1.,1.66800334228539E-016));
#13396=DIRECTION('center_axis',(0.,0.,-1.));
#13397=DIRECTION('ref_axis',(-1.,0.,0.));
#13398=DIRECTION($,(-1.,0.,0.));
#13399=DIRECTION($,(0.,-1.,0.));
#13400=DIRECTION('center_axis',(-1.,0.,0.));
#13401=DIRECTION('ref_axis',(0.,0.,1.));
#13402=DIRECTION('center_axis',(1.,0.,0.));
#13403=DIRECTION('ref_axis',(0.,0.,-1.));
#13404=DIRECTION($,(0.,0.,-1.));
#13405=DIRECTION($,(0.,1.,1.66800334228539E-016));
#13406=DIRECTION('center_axis',(0.,1.,0.));
#13407=DIRECTION('ref_axis',(0.,0.,1.));
#13408=DIRECTION($,(1.,0.,0.));
#13409=DIRECTION('center_axis',(1.,0.,0.));
#13410=DIRECTION('ref_axis',(0.,0.,-1.));
#13411=DIRECTION($,(1.,0.,0.));
#13412=DIRECTION('center_axis',(0.707106781186549,0.,-0.707106781186546));
#13413=DIRECTION('ref_axis',(0.,-1.,0.));
#13414=DIRECTION($,(0.707106781186546,7.41916169362922E-017,0.707106781186549));
#13415=DIRECTION($,(0.,-1.,0.));
#13416=DIRECTION($,(-0.707106781186546,0.,-0.707106781186549));
#13417=DIRECTION('center_axis',(-0.707106781186548,0.,-0.707106781186548));
#13418=DIRECTION('ref_axis',(0.,-1.,0.));
#13419=DIRECTION($,(0.707106781186548,7.41916169362922E-017,-0.707106781186548));
#13420=DIRECTION($,(0.,-1.,0.));
#13421=DIRECTION($,(-0.707106781186548,0.,0.707106781186548));
#13422=DIRECTION($,(0.,1.,0.));
#13423=DIRECTION('center_axis',(1.,0.,0.));
#13424=DIRECTION('ref_axis',(0.,0.,-1.));
#13425=DIRECTION($,(0.,0.,-1.));
#13426=DIRECTION($,(0.,0.,-1.));
#13427=DIRECTION($,(0.,1.,0.));
#13428=DIRECTION($,(0.,0.,-1.));
#13429=DIRECTION($,(0.,1.,0.));
#13430=DIRECTION('center_axis',(-1.,0.,-3.46944695195361E-015));
#13431=DIRECTION('ref_axis',(-3.44169137633799E-015,0.,1.));
#13432=DIRECTION($,(0.,0.,1.));
#13433=DIRECTION($,(0.,-0.601815023152052,0.79863551004729));
#13434=DIRECTION('center_axis',(-1.,0.,0.));
#13435=DIRECTION('ref_axis',(0.,0.,1.));
#13436=DIRECTION($,(0.,-0.601815023152052,0.79863551004729));
#13437=DIRECTION($,(0.,0.,1.));
#13438=DIRECTION($,(0.,0.,-1.));
#13439=DIRECTION('center_axis',(0.,-1.,0.));
#13440=DIRECTION('ref_axis',(0.,0.,-1.));
#13441=DIRECTION($,(1.,0.,0.));
#13442=DIRECTION('center_axis',(0.,-0.79863551004729,-0.601815023152053));
#13443=DIRECTION('ref_axis',(0.,0.601815023152053,-0.79863551004729));
#13444=DIRECTION($,(1.,0.,0.));
#13445=DIRECTION($,(1.,0.,0.));
#13446=DIRECTION('center_axis',(0.,-1.,0.));
#13447=DIRECTION('ref_axis',(0.,0.,-1.));
#13448=DIRECTION('center_axis',(0.,0.,1.));
#13449=DIRECTION('ref_axis',(1.,0.,0.));
#13450=DIRECTION($,(1.,0.,0.));
#13451=DIRECTION($,(1.,0.,0.));
#13452=DIRECTION('center_axis',(-1.04922790885694E-016,1.,0.));
#13453=DIRECTION('ref_axis',(-1.,-1.04083408558608E-016,0.));
#13454=DIRECTION($,(-1.,-1.04922790885694E-016,0.));
#13455=DIRECTION('center_axis',(0.,-1.,0.));
#13456=DIRECTION('ref_axis',(0.,0.,-1.));
#13457=DIRECTION($,(1.,0.,0.));
#13458=DIRECTION($,(1.,0.,0.));
#13459=DIRECTION('center_axis',(0.,0.,-1.));
#13460=DIRECTION('ref_axis',(-1.,0.,0.));
#13461=DIRECTION('center_axis',(0.,1.66800334228539E-016,-1.));
#13462=DIRECTION('ref_axis',(0.,1.,1.66533453693773E-016));
#13463=DIRECTION($,(1.,0.,0.));
#13464=DIRECTION('center_axis',(0.,1.,0.));
#13465=DIRECTION('ref_axis',(0.,0.,1.));
#13466=DIRECTION($,(1.,0.,0.));
#13467=DIRECTION($,(-1.,0.,0.));
#13468=DIRECTION($,(1.,0.,0.));
#13469=DIRECTION('center_axis',(0.,0.,-1.));
#13470=DIRECTION('ref_axis',(-1.,0.,0.));
#13471=DIRECTION($,(1.,0.,0.));
#13472=DIRECTION($,(1.,0.,0.));
#13473=DIRECTION($,(1.,0.,0.));
#13474=DIRECTION($,(1.,0.,0.));
#13475=DIRECTION($,(1.,0.,0.));
#13476=DIRECTION('center_axis',(0.,1.,0.));
#13477=DIRECTION('ref_axis',(0.,0.,1.));
#13478=DIRECTION($,(-1.,0.,0.));
#13479=DIRECTION('center_axis',(0.,0.,1.));
#13480=DIRECTION('ref_axis',(1.,0.,0.));
#13481=DIRECTION('center_axis',(-1.,0.,0.));
#13482=DIRECTION('ref_axis',(0.,0.,1.));
#13483=DIRECTION($,(0.,1.,0.));
#13484=DIRECTION($,(0.,0.,1.));
#13485=DIRECTION($,(0.,1.,0.));
#13486=DIRECTION($,(0.,0.,1.));
#13487=DIRECTION('center_axis',(1.,0.,0.));
#13488=DIRECTION('ref_axis',(0.,0.,-1.));
#13489=DIRECTION('center_axis',(1.,0.,0.));
#13490=DIRECTION('ref_axis',(0.,0.,-1.));
#13491=DIRECTION($,(0.,0.000213683702013106,0.999999977169637));
#13492=DIRECTION($,(0.,-1.,0.));
#13493=DIRECTION($,(0.,0.,-1.));
#13494=DIRECTION('center_axis',(-1.,0.,0.));
#13495=DIRECTION('ref_axis',(0.,0.,-1.));
#13496=DIRECTION($,(0.,0.,1.));
#13497=DIRECTION('center_axis',(1.,0.,0.));
#13498=DIRECTION('ref_axis',(0.,0.,-1.));
#13499=DIRECTION($,(0.,-1.,0.));
#13500=DIRECTION($,(0.,0.,-1.));
#13501=DIRECTION('center_axis',(0.,0.,1.));
#13502=DIRECTION('ref_axis',(1.,0.,0.));
#13503=DIRECTION($,(-1.,0.,0.));
#13504=DIRECTION($,(0.,1.,0.));
#13505=DIRECTION($,(-1.,0.,0.));
#13506=DIRECTION('center_axis',(0.,-1.,0.));
#13507=DIRECTION('ref_axis',(0.,0.,-1.));
#13508=DIRECTION($,(1.,0.,0.));
#13509=DIRECTION($,(0.,0.,-1.));
#13510=DIRECTION($,(1.,0.,0.));
#13511=DIRECTION('center_axis',(0.,0.999999977169638,-0.000213683702013106));
#13512=DIRECTION('ref_axis',(0.,0.000213683702013107,0.999999977169638));
#13513=DIRECTION($,(1.,0.,0.));
#13514=DIRECTION($,(0.,0.000213683702013106,0.999999977169637));
#13515=DIRECTION($,(1.,0.,0.));
#13516=DIRECTION('center_axis',(0.,0.,1.));
#13517=DIRECTION('ref_axis',(1.,0.,0.));
#13518=DIRECTION($,(0.,-1.,0.));
#13519=DIRECTION($,(0.,-1.,0.));
#13520=DIRECTION('center_axis',(0.,-1.,0.));
#13521=DIRECTION('ref_axis',(0.,0.,-1.));
#13522=DIRECTION($,(0.,0.,-1.));
#13523=DIRECTION($,(1.,0.,0.));
#13524=DIRECTION($,(0.,0.,-1.));
#13525=DIRECTION($,(1.,0.,0.));
#13526=DIRECTION('center_axis',(0.,0.999999977169638,-0.000213683702013106));
#13527=DIRECTION('ref_axis',(0.,0.000213683702013107,0.999999977169638));
#13528=DIRECTION($,(1.,0.,0.));
#13529=DIRECTION($,(0.,0.000213683702013106,0.999999977169637));
#13530=DIRECTION($,(1.,0.,0.));
#13531=DIRECTION($,(0.,0.000213683702013106,0.999999977169637));
#13532=DIRECTION('center_axis',(0.,0.,1.));
#13533=DIRECTION('ref_axis',(1.,0.,0.));
#13534=DIRECTION($,(0.,-1.,0.));
#13535=DIRECTION($,(0.,-1.,0.));
#13536=DIRECTION($,(0.,-1.,0.));
#13537=DIRECTION($,(0.,-1.,0.));
#13538=DIRECTION('center_axis',(0.,-1.,0.));
#13539=DIRECTION('ref_axis',(0.,0.,-1.));
#13540=DIRECTION($,(0.,0.,-1.));
#13541=DIRECTION($,(1.,0.,0.));
#13542=DIRECTION($,(0.,0.,-1.));
#13543=DIRECTION($,(1.,0.,0.));
#13544=DIRECTION('center_axis',(0.,0.999999977169638,-0.000213683702013106));
#13545=DIRECTION('ref_axis',(0.,0.000213683702013107,0.999999977169638));
#13546=DIRECTION($,(1.,0.,0.));
#13547=DIRECTION($,(0.,0.000213683702013106,0.999999977169637));
#13548=DIRECTION($,(1.,0.,0.));
#13549=DIRECTION($,(0.,0.000213683702013106,0.999999977169637));
#13550=DIRECTION('center_axis',(0.,0.,1.));
#13551=DIRECTION('ref_axis',(1.,0.,0.));
#13552=DIRECTION($,(0.,-1.,0.));
#13553=DIRECTION($,(0.,-1.,0.));
#13554=DIRECTION($,(0.,-1.,0.));
#13555=DIRECTION($,(0.,-1.,0.));
#13556=DIRECTION('center_axis',(0.,0.999999977169638,-0.000213683702013106));
#13557=DIRECTION('ref_axis',(0.,0.000213683702013107,0.999999977169638));
#13558=DIRECTION($,(1.,0.,0.));
#13559=DIRECTION($,(-1.08420214773278E-015,-0.000213683702013106,-0.999999977169637));
#13560=DIRECTION($,(1.,0.,0.));
#13561=DIRECTION($,(0.,0.000213683702013106,0.999999977169637));
#13562=DIRECTION('center_axis',(0.,0.,1.));
#13563=DIRECTION('ref_axis',(1.,0.,0.));
#13564=DIRECTION($,(0.,-1.,0.));
#13565=DIRECTION($,(1.,0.,0.));
#13566=DIRECTION($,(0.,-1.,0.));
#13567=DIRECTION($,(0.,-1.,0.));
#13568=DIRECTION('center_axis',(1.,0.,0.));
#13569=DIRECTION('ref_axis',(0.,0.,-1.));
#13570=DIRECTION('center_axis',(1.,0.,0.));
#13571=DIRECTION('ref_axis',(0.,0.999614482905649,-0.0277648260443403));
#13572=DIRECTION($,(1.,0.,0.));
#13573=DIRECTION('center_axis',(-1.,0.,0.));
#13574=DIRECTION('ref_axis',(0.,0.,-1.));
#13575=DIRECTION($,(-1.,0.,0.));
#13576=DIRECTION('center_axis',(1.,1.32508842649413E-014,-1.27118680996113E-014));
#13577=DIRECTION('ref_axis',(-1.34262532560374E-014,0.999903441161838,-0.0138963431417853));
#13578=DIRECTION('center_axis',(0.,-1.,0.));
#13579=DIRECTION('ref_axis',(0.,0.,-1.));
#13580=DIRECTION($,(-1.0842021724855E-015,0.,-1.));
#13581=DIRECTION($,(0.,0.,-1.));
#13582=DIRECTION($,(1.,0.,0.));
#13583=DIRECTION('center_axis',(0.,0.,1.));
#13584=DIRECTION('ref_axis',(1.,0.,0.));
#13585=DIRECTION($,(0.,-1.,0.));
#13586=DIRECTION($,(1.,0.,0.));
#13587=DIRECTION($,(0.,-1.,0.));
#13588=DIRECTION($,(1.,0.,0.));
#13589=DIRECTION('center_axis',(0.,-0.707106781186546,0.707106781186549));
#13590=DIRECTION('ref_axis',(0.,-0.707106781186549,-0.707106781186546));
#13591=DIRECTION($,(-7.66646708341685E-016,-0.707106781186549,-0.707106781186546));
#13592=DIRECTION($,(0.,-0.707106781186549,-0.707106781186546));
#13593=DIRECTION('center_axis',(1.,0.,0.));
#13594=DIRECTION('ref_axis',(0.,0.,-1.));
#13595=DIRECTION($,(0.,1.,0.));
#13596=DIRECTION($,(0.,0.,1.));
#13597=DIRECTION($,(0.,0.,1.));
#13598=DIRECTION($,(0.,1.,0.));
#13599=DIRECTION($,(0.,0.,1.));
#13600=DIRECTION('center_axis',(0.,-1.,0.));
#13601=DIRECTION('ref_axis',(0.,0.,-1.));
#13602=DIRECTION($,(0.,0.,1.));
#13603=DIRECTION($,(1.,0.,0.));
#13604=DIRECTION($,(1.,0.,0.));
#13605=DIRECTION('center_axis',(1.,0.,0.));
#13606=DIRECTION('ref_axis',(0.,0.,-1.));
#13607=DIRECTION($,(0.,1.,0.));
#13608=DIRECTION($,(0.,0.,1.));
#13609=DIRECTION($,(0.,1.,0.));
#13610=DIRECTION($,(0.,0.,1.));
#13611=DIRECTION('center_axis',(-8.67361737988406E-016,0.,-1.));
#13612=DIRECTION('ref_axis',(-1.,0.,8.60422844084497E-016));
#13613=DIRECTION($,(-1.,0.,8.67361737988406E-016));
#13614=DIRECTION($,(1.,0.,0.));
#13615=DIRECTION($,(0.,1.,0.));
#13616=DIRECTION('center_axis',(-1.,0.,0.));
#13617=DIRECTION('ref_axis',(0.,0.,1.));
#13618=DIRECTION($,(0.,0.,1.));
#13619=DIRECTION($,(0.,1.,0.));
#13620=DIRECTION('center_axis',(1.,0.,-1.0842021724855E-015));
#13621=DIRECTION('ref_axis',(-1.11022302462516E-015,0.,-1.));
#13622=DIRECTION('center_axis',(1.,0.,-1.0842021724855E-015));
#13623=DIRECTION('ref_axis',(-1.0842021724855E-015,0.,-1.));
#13624=DIRECTION($,(-1.0842021724855E-015,0.,-1.));
#13625=DIRECTION($,(0.,1.,0.));
#13626=DIRECTION('center_axis',(0.,0.,-1.));
#13627=DIRECTION('ref_axis',(-1.,0.,0.));
#13628=DIRECTION($,(-1.,0.,0.));
#13629=DIRECTION('center_axis',(1.,0.,-1.0842021724855E-015));
#13630=DIRECTION('ref_axis',(-1.11022302462516E-015,0.,-1.));
#13631=DIRECTION($,(-1.0842021724855E-015,0.,-1.));
#13632=DIRECTION($,(-1.0842021724855E-015,0.,-1.));
#13633=DIRECTION($,(0.,1.,0.));
#13634=DIRECTION('center_axis',(1.,0.,0.));
#13635=DIRECTION('ref_axis',(0.,0.,-1.));
#13636=DIRECTION($,(0.,0.,-1.));
#13637=DIRECTION('center_axis',(1.,0.,0.));
#13638=DIRECTION('ref_axis',(0.,0.,-1.));
#13639=DIRECTION('center_axis',(1.,0.,0.));
#13640=DIRECTION('ref_axis',(0.,0.,-1.));
#13641=DIRECTION($,(0.,0.,1.));
#13642=DIRECTION('center_axis',(-1.,0.,0.));
#13643=DIRECTION('ref_axis',(0.,0.,-1.));
#13644=DIRECTION('center_axis',(1.,0.,0.));
#13645=DIRECTION('ref_axis',(0.,0.,-1.));
#13646=DIRECTION('center_axis',(1.,0.,0.));
#13647=DIRECTION('ref_axis',(0.,0.,-1.));
#13648=DIRECTION($,(0.,0.,-1.));
#13649=DIRECTION('center_axis',(-1.,0.,0.));
#13650=DIRECTION('ref_axis',(0.,0.,-1.));
#13651=DIRECTION($,(0.,0.,1.));
#13652=DIRECTION('center_axis',(1.,0.,0.));
#13653=DIRECTION('ref_axis',(0.,0.,-1.));
#13654=DIRECTION('center_axis',(0.,-1.,0.));
#13655=DIRECTION('ref_axis',(0.,0.,-1.));
#13656=DIRECTION($,(1.,0.,0.));
#13657=DIRECTION($,(1.,0.,0.));
#13658=DIRECTION('center_axis',(0.,1.,0.));
#13659=DIRECTION('ref_axis',(0.,0.,1.));
#13660=DIRECTION($,(1.,0.,0.));
#13661=DIRECTION($,(1.,0.,0.));
#13662=DIRECTION('center_axis',(1.,0.,0.));
#13663=DIRECTION('ref_axis',(0.,0.,-1.));
#13664=DIRECTION($,(0.,0.,-1.));
#13665=DIRECTION('center_axis',(1.,0.,0.));
#13666=DIRECTION('ref_axis',(0.,0.,-1.));
#13667=DIRECTION('center_axis',(1.,0.,0.));
#13668=DIRECTION('ref_axis',(0.,0.,-1.));
#13669=DIRECTION($,(0.,0.,1.));
#13670=DIRECTION('center_axis',(-1.,0.,0.));
#13671=DIRECTION('ref_axis',(0.,0.,-1.));
#13672=DIRECTION('center_axis',(1.,0.,0.));
#13673=DIRECTION('ref_axis',(0.,0.,-1.));
#13674=DIRECTION('center_axis',(1.,0.,0.));
#13675=DIRECTION('ref_axis',(0.,0.,-1.));
#13676=DIRECTION($,(0.,0.,-1.));
#13677=DIRECTION('center_axis',(-1.,0.,0.));
#13678=DIRECTION('ref_axis',(0.,0.,-1.));
#13679=DIRECTION($,(0.,0.,1.));
#13680=DIRECTION('center_axis',(1.,0.,0.));
#13681=DIRECTION('ref_axis',(0.,0.,-1.));
#13682=DIRECTION('center_axis',(0.,-1.,0.));
#13683=DIRECTION('ref_axis',(0.,0.,-1.));
#13684=DIRECTION($,(1.,0.,0.));
#13685=DIRECTION($,(1.,0.,0.));
#13686=DIRECTION('center_axis',(0.,1.,0.));
#13687=DIRECTION('ref_axis',(0.,0.,1.));
#13688=DIRECTION($,(1.,0.,0.));
#13689=DIRECTION($,(1.,0.,0.));
#13690=DIRECTION('center_axis',(1.,0.,0.));
#13691=DIRECTION('ref_axis',(0.,0.,-1.));
#13692=DIRECTION($,(0.,0.,-1.));
#13693=DIRECTION('center_axis',(1.,0.,0.));
#13694=DIRECTION('ref_axis',(0.,0.,-1.));
#13695=DIRECTION('center_axis',(1.,0.,0.));
#13696=DIRECTION('ref_axis',(0.,0.,-1.));
#13697=DIRECTION($,(0.,0.,1.));
#13698=DIRECTION('center_axis',(-1.,0.,0.));
#13699=DIRECTION('ref_axis',(0.,0.,-1.));
#13700=DIRECTION('center_axis',(1.,0.,0.));
#13701=DIRECTION('ref_axis',(0.,0.,-1.));
#13702=DIRECTION('center_axis',(1.,0.,0.));
#13703=DIRECTION('ref_axis',(0.,0.,-1.));
#13704=DIRECTION($,(0.,0.,-1.));
#13705=DIRECTION('center_axis',(-1.,0.,0.));
#13706=DIRECTION('ref_axis',(0.,0.,-1.));
#13707=DIRECTION($,(0.,0.,1.));
#13708=DIRECTION('center_axis',(1.,0.,0.));
#13709=DIRECTION('ref_axis',(0.,0.,-1.));
#13710=DIRECTION($,(0.,0.,-1.));
#13711=DIRECTION('center_axis',(0.,-1.,0.));
#13712=DIRECTION('ref_axis',(0.,0.,-1.));
#13713=DIRECTION($,(1.,0.,0.));
#13714=DIRECTION($,(1.,0.,0.));
#13715=DIRECTION('center_axis',(0.,1.,0.));
#13716=DIRECTION('ref_axis',(0.,0.,1.));
#13717=DIRECTION($,(1.,0.,0.));
#13718=DIRECTION($,(1.,0.,0.));
#13719=DIRECTION('center_axis',(-1.,0.,0.));
#13720=DIRECTION('ref_axis',(0.,0.,1.));
#13721=DIRECTION($,(1.,0.,0.));
#13722=DIRECTION('center_axis',(-1.,0.,0.));
#13723=DIRECTION('ref_axis',(0.,0.,1.));
#13724=DIRECTION('center_axis',(-1.,0.,0.));
#13725=DIRECTION('ref_axis',(0.,0.,1.));
#13726=DIRECTION('center_axis',(-1.,0.,0.));
#13727=DIRECTION('ref_axis',(0.,0.,1.));
#13728=DIRECTION('center_axis',(-1.,0.,0.));
#13729=DIRECTION('ref_axis',(0.,0.,1.));
#13730=DIRECTION('center_axis',(-1.,0.,0.));
#13731=DIRECTION('ref_axis',(0.,0.,1.));
#13732=DIRECTION('center_axis',(-1.,0.,0.));
#13733=DIRECTION('ref_axis',(0.,0.,1.));
#13734=DIRECTION('center_axis',(1.,0.,0.));
#13735=DIRECTION('ref_axis',(0.,0.,-1.));
#13736=DIRECTION('center_axis',(1.,0.,0.));
#13737=DIRECTION('ref_axis',(0.,0.,-1.));
#13738=DIRECTION('center_axis',(1.,0.,0.));
#13739=DIRECTION('ref_axis',(0.,0.,-1.));
#13740=DIRECTION('center_axis',(1.27553196763001E-016,0.,1.));
#13741=DIRECTION('ref_axis',(1.,0.,-1.11022302462516E-016));
#13742=DIRECTION($,(-1.,0.,0.));
#13743=DIRECTION($,(0.,-1.,0.));
#13744=DIRECTION($,(1.,0.,0.));
#13745=DIRECTION($,(0.,1.,0.));
#13746=DIRECTION($,(1.,0.,-1.27553196763001E-016));
#13747=DIRECTION('center_axis',(0.,-1.,0.));
#13748=DIRECTION('ref_axis',(0.,0.,-1.));
#13749=DIRECTION($,(1.,0.,0.));
#13750=DIRECTION($,(3.46944695195361E-015,0.,-1.));
#13751=DIRECTION($,(-1.,0.,0.));
#13752=DIRECTION($,(0.,0.,-1.));
#13753=DIRECTION('center_axis',(0.,0.,1.));
#13754=DIRECTION('ref_axis',(1.,0.,0.));
#13755=DIRECTION($,(1.,0.,0.));
#13756=DIRECTION($,(0.,-1.,0.));
#13757=DIRECTION('center_axis',(0.,-1.,0.));
#13758=DIRECTION('ref_axis',(0.,0.,-1.));
#13759=DIRECTION($,(1.,0.,0.));
#13760=DIRECTION($,(0.,0.,-1.));
#13761=DIRECTION($,(1.,0.,0.));
#13762=DIRECTION($,(0.,0.,-1.));
#13763=DIRECTION('center_axis',(0.,0.,1.));
#13764=DIRECTION('ref_axis',(1.,0.,0.));
#13765=DIRECTION($,(1.,0.,0.));
#13766=DIRECTION($,(0.,-1.,0.));
#13767=DIRECTION($,(0.,-1.,0.));
#13768=DIRECTION($,(0.,-1.,0.));
#13769=DIRECTION($,(0.,-1.,0.));
#13770=DIRECTION('center_axis',(1.,0.,0.));
#13771=DIRECTION('ref_axis',(0.,0.,-1.));
#13772=DIRECTION($,(1.,0.,0.));
#13773=DIRECTION('center_axis',(-1.,0.,0.));
#13774=DIRECTION('ref_axis',(0.,0.,-1.));
#13775=DIRECTION($,(1.,0.,0.));
#13776=DIRECTION('center_axis',(-1.,0.,0.));
#13777=DIRECTION('ref_axis',(0.,0.,1.));
#13778=DIRECTION('center_axis',(1.,0.,0.));
#13779=DIRECTION('ref_axis',(0.,0.,-1.));
#13780=DIRECTION($,(1.,0.,0.));
#13781=DIRECTION($,(1.,0.,0.));
#13782=DIRECTION('center_axis',(-1.,0.,0.));
#13783=DIRECTION('ref_axis',(0.,0.,1.));
#13784=DIRECTION('center_axis',(1.,0.,0.));
#13785=DIRECTION('ref_axis',(0.,0.,-1.));
#13786=DIRECTION($,(1.,0.,0.));
#13787=DIRECTION('center_axis',(1.,0.,0.));
#13788=DIRECTION('ref_axis',(0.,0.,-1.));
#13789=DIRECTION('center_axis',(0.,1.,0.));
#13790=DIRECTION('ref_axis',(0.,0.,1.));
#13791=DIRECTION($,(0.,0.,1.));
#13792=DIRECTION('center_axis',(0.,-1.,0.));
#13793=DIRECTION('ref_axis',(0.,0.,-1.));
#13794=DIRECTION($,(0.,0.,-1.));
#13795=DIRECTION('center_axis',(1.,0.,0.));
#13796=DIRECTION('ref_axis',(0.,0.,-1.));
#13797=DIRECTION($,(0.,0.000213683702013106,0.999999977169637));
#13798=DIRECTION('center_axis',(0.,0.999999977169638,-0.000213683702013106));
#13799=DIRECTION('ref_axis',(0.,0.000213683702013107,0.999999977169638));
#13800=DIRECTION($,(0.,0.000213683702013106,0.999999977169637));
#13801=DIRECTION('center_axis',(0.,0.999999977169638,-0.000213683702013106));
#13802=DIRECTION('ref_axis',(0.,0.000213683702013107,0.999999977169638));
#13803=DIRECTION($,(1.,0.,0.));
#13804=DIRECTION($,(0.,-0.000213683702013106,-0.999999977169637));
#13805=DIRECTION($,(-1.,0.,0.));
#13806=DIRECTION($,(-1.08420214773278E-015,0.000213683702013106,0.999999977169638));
#13807=DIRECTION('center_axis',(0.,0.,1.));
#13808=DIRECTION('ref_axis',(1.,0.,0.));
#13809=DIRECTION($,(0.,1.,0.));
#13810=DIRECTION($,(0.,1.,0.));
#13811=DIRECTION($,(-1.,0.,0.));
#13812=DIRECTION($,(0.,-1.,0.));
#13813=DIRECTION('center_axis',(1.,0.,-2.46409584655796E-016));
#13814=DIRECTION('ref_axis',(-2.46409584655796E-016,0.,-1.));
#13815=DIRECTION('center_axis',(1.,0.,0.));
#13816=DIRECTION('ref_axis',(0.,0.,-1.));
#13817=DIRECTION($,(1.,0.,-2.46409584655796E-016));
#13818=DIRECTION('center_axis',(-1.,-2.55175014061866E-014,2.55249485581242E-014));
#13819=DIRECTION('ref_axis',(-2.62230404326238E-014,0.0277423820446684,
-0.999615106047566));
#13820=DIRECTION($,(-1.,0.,2.46409584655796E-016));
#13821=DIRECTION('center_axis',(0.,-1.,0.));
#13822=DIRECTION('ref_axis',(0.,0.,-1.));
#13823=DIRECTION($,(0.,0.,-1.));
#13824=DIRECTION($,(-1.0842021724855E-015,0.,1.));
#13825=DIRECTION($,(1.,0.,0.));
#13826=DIRECTION('center_axis',(0.,-0.707106781186546,0.707106781186549));
#13827=DIRECTION('ref_axis',(0.,-0.707106781186549,-0.707106781186546));
#13828=DIRECTION($,(-7.66646708341685E-016,0.707106781186549,0.707106781186546));
#13829=DIRECTION($,(1.,0.,0.));
#13830=DIRECTION($,(0.,-0.707106781186549,-0.707106781186546));
#13831=DIRECTION('center_axis',(0.,0.,1.));
#13832=DIRECTION('ref_axis',(1.,0.,0.));
#13833=DIRECTION($,(0.,1.,0.));
#13834=DIRECTION($,(1.,0.,0.));
#13835=DIRECTION($,(0.,-1.,0.));
#13836=DIRECTION('center_axis',(0.,-1.,0.));
#13837=DIRECTION('ref_axis',(0.,0.,-1.));
#13838=DIRECTION($,(0.,0.,1.));
#13839=DIRECTION($,(1.,0.,0.));
#13840=DIRECTION($,(0.,0.,1.));
#13841=DIRECTION('center_axis',(-1.,0.,0.));
#13842=DIRECTION('ref_axis',(0.,0.,1.));
#13843=DIRECTION($,(0.,-1.,0.));
#13844=DIRECTION($,(0.,0.,-1.));
#13845=DIRECTION($,(0.,-1.,0.));
#13846=DIRECTION('center_axis',(1.,0.,0.));
#13847=DIRECTION('ref_axis',(0.,0.,-1.));
#13848=DIRECTION($,(0.,1.,0.));
#13849=DIRECTION($,(0.,0.,-1.));
#13850=DIRECTION($,(0.,1.,0.));
#13851=DIRECTION($,(0.,0.,-1.));
#13852=DIRECTION('center_axis',(1.,0.,0.));
#13853=DIRECTION('ref_axis',(0.,0.,-1.));
#13854=DIRECTION($,(0.,0.,-1.));
#13855=DIRECTION($,(0.,1.,0.));
#13856=DIRECTION('center_axis',(0.,0.,-1.));
#13857=DIRECTION('ref_axis',(-1.,0.,0.));
#13858=DIRECTION($,(-1.,0.,0.));
#13859=DIRECTION($,(1.,0.,0.));
#13860=DIRECTION('center_axis',(-1.,0.,-1.0842021724855E-015));
#13861=DIRECTION('ref_axis',(-1.11022302462516E-015,0.,1.));
#13862=DIRECTION($,(-1.0842021724855E-015,0.,1.));
#13863=DIRECTION($,(0.,1.,0.));
#13864=DIRECTION($,(-1.0842021724855E-015,0.,1.));
#13865=DIRECTION('center_axis',(-2.46409584655796E-016,0.,-1.));
#13866=DIRECTION('ref_axis',(-1.,0.,2.4980018054066E-016));
#13867=DIRECTION($,(0.,1.,0.));
#13868=DIRECTION($,(-1.,0.,2.46409584655796E-016));
#13869=DIRECTION('center_axis',(-1.,0.,-1.0842021724855E-015));
#13870=DIRECTION('ref_axis',(-1.11022302462516E-015,0.,1.));
#13871=DIRECTION('center_axis',(-1.,0.,-1.0842021724855E-015));
#13872=DIRECTION('ref_axis',(-1.0842021724855E-015,0.,1.));
#13873=DIRECTION($,(-1.0842021724855E-015,0.,1.));
#13874=DIRECTION('center_axis',(1.,0.,0.));
#13875=DIRECTION('ref_axis',(0.,0.,-1.));
#13876=DIRECTION('center_axis',(1.,0.,0.));
#13877=DIRECTION('ref_axis',(0.,0.,-1.));
#13878=DIRECTION($,(0.,0.,1.));
#13879=DIRECTION('center_axis',(1.,0.,0.));
#13880=DIRECTION('ref_axis',(0.,0.,-1.));
#13881=DIRECTION($,(0.,0.,1.));
#13882=DIRECTION('center_axis',(-1.,0.,0.));
#13883=DIRECTION('ref_axis',(0.,0.,-1.));
#13884=DIRECTION($,(0.,0.,-1.));
#13885=DIRECTION('center_axis',(1.,0.,0.));
#13886=DIRECTION('ref_axis',(0.,0.,-1.));
#13887=DIRECTION($,(0.,0.,-1.));
#13888=DIRECTION('center_axis',(-1.,0.,0.));
#13889=DIRECTION('ref_axis',(0.,0.,-1.));
#13890=DIRECTION($,(0.,0.,1.));
#13891=DIRECTION('center_axis',(1.,0.,0.));
#13892=DIRECTION('ref_axis',(0.,0.,-1.));
#13893=DIRECTION('center_axis',(0.,-1.,0.));
#13894=DIRECTION('ref_axis',(0.,0.,-1.));
#13895=DIRECTION($,(1.,0.,0.));
#13896=DIRECTION($,(1.,0.,0.));
#13897=DIRECTION('center_axis',(0.,1.,0.));
#13898=DIRECTION('ref_axis',(0.,0.,1.));
#13899=DIRECTION($,(1.,0.,0.));
#13900=DIRECTION($,(1.,0.,0.));
#13901=DIRECTION('center_axis',(-1.,0.,0.));
#13902=DIRECTION('ref_axis',(0.,0.,1.));
#13903=DIRECTION($,(-1.,0.,0.));
#13904=DIRECTION('center_axis',(-1.,0.,0.));
#13905=DIRECTION('ref_axis',(0.,0.,1.));
#13906=DIRECTION('center_axis',(1.,0.,0.));
#13907=DIRECTION('ref_axis',(0.,0.,-1.));
#13908=DIRECTION('center_axis',(0.,0.,1.));
#13909=DIRECTION('ref_axis',(1.,0.,0.));
#13910=DIRECTION($,(0.,-1.,0.));
#13911=DIRECTION($,(-1.,0.,0.));
#13912=DIRECTION('center_axis',(1.,0.,3.46944695195361E-015));
#13913=DIRECTION('ref_axis',(3.44169137633799E-015,0.,-1.));
#13914=DIRECTION($,(3.46944695195361E-015,0.,-1.));
#13915=DIRECTION('center_axis',(0.,-1.,0.));
#13916=DIRECTION('ref_axis',(0.,0.,-1.));
#13917=DIRECTION($,(-1.,0.,1.26314816211903E-016));
#13918=DIRECTION('center_axis',(-1.26314816211903E-016,0.,-1.));
#13919=DIRECTION('ref_axis',(-1.,0.,1.38777878078145E-016));
#13920=DIRECTION($,(-1.,0.,1.26314816211903E-016));
#13921=DIRECTION('center_axis',(0.,-1.,0.));
#13922=DIRECTION('ref_axis',(0.,0.,-1.));
#13923=CARTESIAN_POINT('',(0.,0.,0.));
#13924=CARTESIAN_POINT('Origin',(-0.965,0.057,0.141));
#13925=CARTESIAN_POINT('',(-0.965,0.0634435339741671,0.143735117899425));
#13926=CARTESIAN_POINT('',(-0.965,0.0520502525316941,0.145949747468306));
#13927=CARTESIAN_POINT('Origin',(-0.965,0.057,0.141));
#13928=CARTESIAN_POINT('',(-0.985,0.0634435339741671,0.143735117899425));
#13929=CARTESIAN_POINT($,(-0.965,0.0634435339741671,0.143735117899425));
#13930=CARTESIAN_POINT('',(-0.985,0.0520502525316941,0.145949747468306));
#13931=CARTESIAN_POINT('Origin',(-0.985,0.057,0.141));
#13932=CARTESIAN_POINT($,(-0.965,0.0520502525316941,0.145949747468306));
#13933=CARTESIAN_POINT('Origin',(-0.965,0.072,-0.065));
#13934=CARTESIAN_POINT('',(-0.985,0.072,-0.065));
#13935=CARTESIAN_POINT('',(-0.985,0.072,0.05));
#13936=CARTESIAN_POINT($,(-0.985,0.072,-0.065));
#13937=CARTESIAN_POINT('',(-0.965,0.072,0.05));
#13938=CARTESIAN_POINT($,(-0.965,0.072,0.05));
#13939=CARTESIAN_POINT('',(-0.965,0.072,-0.065));
#13940=CARTESIAN_POINT($,(-0.965,0.072,-0.065));
#13941=CARTESIAN_POINT($,(-0.965,0.072,-0.065));
#13942=CARTESIAN_POINT('Origin',(-0.965,0.079,0.05));
#13943=CARTESIAN_POINT('',(-0.985,0.0740502525316941,0.0549497474683057));
#13944=CARTESIAN_POINT('Origin',(-0.985,0.079,0.05));
#13945=CARTESIAN_POINT('',(-0.965,0.0740502525316941,0.0549497474683057));
#13946=CARTESIAN_POINT($,(-0.965,0.0740502525316941,0.0549497474683057));
#13947=CARTESIAN_POINT('Origin',(-0.965,0.079,0.05));
#13948=CARTESIAN_POINT('Origin',(-0.965,0.0740502525316941,0.0549497474683057));
#13949=CARTESIAN_POINT('',(-0.985,0.0805649711574554,0.0614644660940673));
#13950=CARTESIAN_POINT($,(-0.985,0.0740502525316941,0.0549497474683057));
#13951=CARTESIAN_POINT('',(-0.965,0.0805649711574554,0.0614644660940673));
#13952=CARTESIAN_POINT($,(-0.965,0.0805649711574554,0.0614644660940673));
#13953=CARTESIAN_POINT($,(-0.965,0.0740502525316941,0.0549497474683057));
#13954=CARTESIAN_POINT('Origin',(-0.965,0.0770294372515226,0.065));
#13955=CARTESIAN_POINT('',(-0.985,0.0805649711574553,0.0685355339059328));
#13956=CARTESIAN_POINT('Origin',(-0.985,0.0770294372515226,0.065));
#13957=CARTESIAN_POINT('',(-0.965,0.0805649711574553,0.0685355339059328));
#13958=CARTESIAN_POINT($,(-0.965,0.0805649711574553,0.0685355339059328));
#13959=CARTESIAN_POINT('Origin',(-0.965,0.0770294372515226,0.065));
#13960=CARTESIAN_POINT('Origin',(-0.965,0.0805649711574553,0.0685355339059328));
#13961=CARTESIAN_POINT('',(-0.985,0.0738180194846606,0.0752824855787274));
#13962=CARTESIAN_POINT($,(-0.985,0.0805649711574553,0.0685355339059328));
#13963=CARTESIAN_POINT('',(-0.965,0.0738180194846606,0.0752824855787274));
#13964=CARTESIAN_POINT($,(-0.965,0.0738180194846606,0.0752824855787274));
#13965=CARTESIAN_POINT($,(-0.965,0.0805649711574553,0.0685355339059328));
#13966=CARTESIAN_POINT('Origin',(-0.965,0.077,0.0784644660940668));
#13967=CARTESIAN_POINT('',(-0.985,0.0738180194846605,0.0816464466094063));
#13968=CARTESIAN_POINT('Origin',(-0.985,0.077,0.0784644660940668));
#13969=CARTESIAN_POINT('',(-0.965,0.0738180194846605,0.0816464466094063));
#13970=CARTESIAN_POINT($,(-0.965,0.0738180194846605,0.0816464466094063));
#13971=CARTESIAN_POINT('Origin',(-0.965,0.077,0.0784644660940668));
#13972=CARTESIAN_POINT('Origin',(-0.965,0.0738180194846605,0.0816464466094063));
#13973=CARTESIAN_POINT('',(-0.985,0.0806123586149421,0.0884407857396881));
#13974=CARTESIAN_POINT($,(-0.985,0.0738180194846605,0.0816464466094063));
#13975=CARTESIAN_POINT('',(-0.965,0.0806123586149421,0.0884407857396881));
#13976=CARTESIAN_POINT($,(-0.965,0.0806123586149421,0.0884407857396881));
#13977=CARTESIAN_POINT($,(-0.965,0.0738180194846605,0.0816464466094063));
#13978=CARTESIAN_POINT('Origin',(-0.965,0.0740531443546301,0.095));
#13979=CARTESIAN_POINT('',(-0.985,0.0825918668249761,0.0986244726512649));
#13980=CARTESIAN_POINT('Origin',(-0.985,0.0740531443546301,0.095));
#13981=CARTESIAN_POINT('',(-0.965,0.0825918668249761,0.0986244726512649));
#13982=CARTESIAN_POINT($,(-0.965,0.0825918668249761,0.0986244726512649));
#13983=CARTESIAN_POINT('Origin',(-0.965,0.0740531443546301,0.095));
#13984=CARTESIAN_POINT('Origin',(-0.965,0.0825918668249761,0.0986244726512649));
#13985=CARTESIAN_POINT($,(-0.985,0.0825918668249761,0.0986244726512649));
#13986=CARTESIAN_POINT($,(-0.965,0.0825918668249761,0.0986244726512649));
#13987=CARTESIAN_POINT('Origin',(-0.965,0.0520502525316941,0.145949747468306));
#13988=CARTESIAN_POINT('',(-0.985,0.0489038059222874,0.142803300858899));
#13989=CARTESIAN_POINT($,(-0.985,0.0520502525316941,0.145949747468306));
#13990=CARTESIAN_POINT('',(-0.965,0.0489038059222874,0.142803300858899));
#13991=CARTESIAN_POINT($,(-0.965,0.0489038059222874,0.142803300858899));
#13992=CARTESIAN_POINT($,(-0.965,0.0520502525316941,0.145949747468306));
#13993=CARTESIAN_POINT('Origin',(-0.965,0.0535,0.138207106781186));
#13994=CARTESIAN_POINT('',(-0.985,0.047,0.138207106781186));
#13995=CARTESIAN_POINT('Origin',(-0.985,0.0535,0.138207106781186));
#13996=CARTESIAN_POINT('',(-0.965,0.047,0.138207106781186));
#13997=CARTESIAN_POINT($,(-0.965,0.047,0.138207106781186));
#13998=CARTESIAN_POINT('Origin',(-0.965,0.0535,0.138207106781186));
#13999=CARTESIAN_POINT('Origin',(-0.965,0.047,0.138207106781186));
#14000=CARTESIAN_POINT('',(-0.985,0.047,0.103));
#14001=CARTESIAN_POINT($,(-0.985,0.047,0.138207106781186));
#14002=CARTESIAN_POINT('',(-0.965,0.047,0.103));
#14003=CARTESIAN_POINT($,(-0.965,0.047,0.103));
#14004=CARTESIAN_POINT($,(-0.965,0.047,0.138207106781186));
#14005=CARTESIAN_POINT('Origin',(-0.965,0.057,0.103));
#14006=CARTESIAN_POINT('',(-0.985,0.0492035730460453,0.096737753857309));
#14007=CARTESIAN_POINT('Origin',(-0.985,0.057,0.103));
#14008=CARTESIAN_POINT('',(-0.965,0.0492035730460453,0.096737753857309));
#14009=CARTESIAN_POINT($,(-0.965,0.0492035730460453,0.096737753857309));
#14010=CARTESIAN_POINT('Origin',(-0.965,0.057,0.103));
#14011=CARTESIAN_POINT('Origin',(-0.965,0.045305359569068,0.0936066307859634));
#14012=CARTESIAN_POINT('',(-0.985,0.0502985072428409,0.0933449510047487));
#14013=CARTESIAN_POINT('Origin',(-0.985,0.045305359569068,0.0936066307859634));
#14014=CARTESIAN_POINT('',(-0.965,0.0502985072428409,0.0933449510047487));
#14015=CARTESIAN_POINT($,(-0.965,0.0502985072428409,0.0933449510047487));
#14016=CARTESIAN_POINT('Origin',(-0.965,0.045305359569068,0.0936066307859634));
#14017=CARTESIAN_POINT('Origin',(-0.965,0.0502985072428409,0.0933449510047487));
#14018=CARTESIAN_POINT('',(-0.985,0.042,-0.065));
#14019=CARTESIAN_POINT($,(-0.985,0.0502985072428409,0.0933449510047487));
#14020=CARTESIAN_POINT('',(-0.965,0.042,-0.065));
#14021=CARTESIAN_POINT($,(-0.965,0.042,-0.065));
#14022=CARTESIAN_POINT($,(-0.965,0.0502985072428409,0.0933449510047487));
#14023=CARTESIAN_POINT('Origin',(-0.965,0.042,-0.065));
#14024=CARTESIAN_POINT($,(-0.985,0.042,-0.065));
#14025=CARTESIAN_POINT($,(-0.965,0.057,-0.065));
#14026=CARTESIAN_POINT('Origin',(-0.965,0.079,0.05));
#14027=CARTESIAN_POINT('Origin',(-0.985,0.079,0.05));
#14028=CARTESIAN_POINT('Origin',(-0.965,0.,-0.25));
#14029=CARTESIAN_POINT('',(-0.985,1.21972744404619E-017,-0.25));
#14030=CARTESIAN_POINT('',(-0.985,0.,-0.305));
#14031=CARTESIAN_POINT($,(-0.985,0.,-0.25));
#14032=CARTESIAN_POINT('',(-0.965,0.,-0.305));
#14033=CARTESIAN_POINT($,(-0.965,0.,-0.305));
#14034=CARTESIAN_POINT('',(-0.965,1.21972744404619E-017,-0.25));
#14035=CARTESIAN_POINT($,(-0.965,0.,-0.25));
#14036=CARTESIAN_POINT($,(-0.965,1.21972744404619E-017,-0.25));
#14037=CARTESIAN_POINT('Origin',(-0.965,0.,-0.305));
#14038=CARTESIAN_POINT('',(-0.985,0.012,-0.305));
#14039=CARTESIAN_POINT($,(-0.985,0.,-0.305));
#14040=CARTESIAN_POINT('',(-0.965,0.012,-0.305));
#14041=CARTESIAN_POINT($,(-0.965,0.012,-0.305));
#14042=CARTESIAN_POINT($,(-0.965,0.,-0.305));
#14043=CARTESIAN_POINT('Origin',(-0.965,0.012,-0.295));
#14044=CARTESIAN_POINT('',(-0.985,0.022,-0.295));
#14045=CARTESIAN_POINT('Origin',(-0.985,0.012,-0.295));
#14046=CARTESIAN_POINT('',(-0.965,0.022,-0.295));
#14047=CARTESIAN_POINT($,(-0.965,0.022,-0.295));
#14048=CARTESIAN_POINT('Origin',(-0.965,0.012,-0.295));
#14049=CARTESIAN_POINT('Origin',(-0.965,0.022,-0.295));
#14050=CARTESIAN_POINT('',(-0.985,0.022,-0.267));
#14051=CARTESIAN_POINT($,(-0.985,0.022,-0.295));
#14052=CARTESIAN_POINT('',(-0.965,0.022,-0.267));
#14053=CARTESIAN_POINT($,(-0.965,0.022,-0.267));
#14054=CARTESIAN_POINT($,(-0.965,0.022,-0.295));
#14055=CARTESIAN_POINT('Origin',(-0.965,0.032,-0.267));
#14056=CARTESIAN_POINT('',(-0.985,0.0249289321881345,-0.259928932188135));
#14057=CARTESIAN_POINT('Origin',(-0.985,0.032,-0.267));
#14058=CARTESIAN_POINT('',(-0.965,0.0249289321881345,-0.259928932188135));
#14059=CARTESIAN_POINT($,(-0.965,0.0249289321881345,-0.259928932188135));
#14060=CARTESIAN_POINT('Origin',(-0.965,0.032,-0.267));
#14061=CARTESIAN_POINT('Origin',(-0.965,0.0249289321881345,-0.259928932188135));
#14062=CARTESIAN_POINT('',(-0.985,0.0519999999999999,-0.232857864376269));
#14063=CARTESIAN_POINT($,(-0.985,0.0249289321881345,-0.259928932188135));
#14064=CARTESIAN_POINT('',(-0.965,0.0519999999999999,-0.232857864376269));
#14065=CARTESIAN_POINT($,(-0.965,0.0519999999999999,-0.232857864376269));
#14066=CARTESIAN_POINT($,(-0.965,0.0249289321881345,-0.259928932188135));
#14067=CARTESIAN_POINT('Origin',(-0.965,0.0661421356237311,-0.247));
#14068=CARTESIAN_POINT('',(-0.985,0.0661421356237311,-0.227));
#14069=CARTESIAN_POINT('Origin',(-0.985,0.0661421356237311,-0.247));
#14070=CARTESIAN_POINT('',(-0.965,0.0661421356237311,-0.227));
#14071=CARTESIAN_POINT($,(-0.965,0.0661421356237311,-0.227));
#14072=CARTESIAN_POINT('Origin',(-0.965,0.0661421356237311,-0.247));
#14073=CARTESIAN_POINT('Origin',(-0.965,0.066142135623731,-0.227));
#14074=CARTESIAN_POINT('',(-0.985,0.167,-0.227));
#14075=CARTESIAN_POINT($,(-0.985,0.066142135623731,-0.227));
#14076=CARTESIAN_POINT('',(-0.965,0.167,-0.227));
#14077=CARTESIAN_POINT($,(-0.965,0.167,-0.227));
#14078=CARTESIAN_POINT($,(-0.965,0.066142135623731,-0.227));
#14079=CARTESIAN_POINT('Origin',(-0.965,0.167,-0.227));
#14080=CARTESIAN_POINT('',(-0.985,0.167,-0.185));
#14081=CARTESIAN_POINT($,(-0.985,0.167,-0.227));
#14082=CARTESIAN_POINT('',(-0.965,0.167,-0.185));
#14083=CARTESIAN_POINT($,(-0.965,0.167,-0.185));
#14084=CARTESIAN_POINT($,(-0.965,0.167,-0.227));
#14085=CARTESIAN_POINT('Origin',(-0.965,0.167,-0.185));
#14086=CARTESIAN_POINT('',(-0.985,0.025,-0.185));
#14087=CARTESIAN_POINT($,(-0.985,0.167,-0.185));
#14088=CARTESIAN_POINT('',(-0.965,0.025,-0.185));
#14089=CARTESIAN_POINT($,(-0.965,0.025,-0.185));
#14090=CARTESIAN_POINT($,(-0.965,0.167,-0.185));
#14091=CARTESIAN_POINT('Origin',(-0.965,0.025,-0.185));
#14092=CARTESIAN_POINT('',(-0.985,0.00797756448159559,-0.205286548683762));
#14093=CARTESIAN_POINT($,(-0.985,0.025,-0.185));
#14094=CARTESIAN_POINT('',(-0.965,0.00797756448159559,-0.205286548683762));
#14095=CARTESIAN_POINT($,(-0.965,0.00797756448159559,-0.205286548683762));
#14096=CARTESIAN_POINT($,(-0.965,0.025,-0.185));
#14097=CARTESIAN_POINT('Origin',(-0.965,0.0171700977990233,-0.213));
#14098=CARTESIAN_POINT('',(-0.985,0.00647801950876285,-0.218447885996875));
#14099=CARTESIAN_POINT('Origin',(-0.985,0.0171700977990233,-0.213));
#14100=CARTESIAN_POINT('',(-0.965,0.00647801950876285,-0.218447885996875));
#14101=CARTESIAN_POINT($,(-0.965,0.00647801950876285,-0.218447885996875));
#14102=CARTESIAN_POINT('Origin',(-0.965,0.0171700977990233,-0.213));
#14103=CARTESIAN_POINT('Origin',(-0.965,0.00647801950876284,-0.218447885996875));
#14104=CARTESIAN_POINT('',(-0.985,0.0109942465631023,-0.227311480658968));
#14105=CARTESIAN_POINT($,(-0.985,0.00647801950876284,-0.218447885996875));
#14106=CARTESIAN_POINT('',(-0.965,0.0109942465631023,-0.227311480658968));
#14107=CARTESIAN_POINT($,(-0.965,0.0109942465631023,-0.227311480658968));
#14108=CARTESIAN_POINT($,(-0.965,0.00647801950876284,-0.218447885996875));
#14109=CARTESIAN_POINT('Origin',(-0.965,0.00297518784540697,-0.231397395156624));
#14110=CARTESIAN_POINT('',(-0.985,0.00933914887608596,-0.237761356187303));
#14111=CARTESIAN_POINT('Origin',(-0.985,0.00297518784540697,-0.231397395156624));
#14112=CARTESIAN_POINT('',(-0.965,0.00933914887608596,-0.237761356187303));
#14113=CARTESIAN_POINT($,(-0.965,0.00933914887608596,-0.237761356187303));
#14114=CARTESIAN_POINT('Origin',(-0.965,0.00297518784540697,-0.231397395156624));
#14115=CARTESIAN_POINT('Origin',(-0.965,0.00933914887608593,-0.237761356187303));
#14116=CARTESIAN_POINT('',(-0.985,0.00205025253169417,-0.245050252531694));
#14117=CARTESIAN_POINT($,(-0.985,0.00933914887608593,-0.237761356187303));
#14118=CARTESIAN_POINT('',(-0.965,0.00205025253169417,-0.245050252531694));
#14119=CARTESIAN_POINT($,(-0.965,0.00205025253169417,-0.245050252531694));
#14120=CARTESIAN_POINT($,(-0.965,0.00933914887608593,-0.237761356187303));
#14121=CARTESIAN_POINT('Origin',(-0.965,0.007,-0.25));
#14122=CARTESIAN_POINT('Origin',(-0.985,0.007,-0.25));
#14123=CARTESIAN_POINT('Origin',(-0.965,0.007,-0.25));
#14124=CARTESIAN_POINT('Origin',(-0.965,0.012,-0.295));
#14125=CARTESIAN_POINT('Origin',(-0.985,0.012,-0.295));
#14126=CARTESIAN_POINT('Origin',(-0.965,0.1675,0.055));
#14127=CARTESIAN_POINT('',(-0.985,0.135,0.055));
#14128=CARTESIAN_POINT('',(-0.985,0.1675,0.055));
#14129=CARTESIAN_POINT($,(-0.985,0.1675,0.055));
#14130=CARTESIAN_POINT('',(-0.965,0.1675,0.055));
#14131=CARTESIAN_POINT($,(-0.965,0.1675,0.055));
#14132=CARTESIAN_POINT('',(-0.965,0.135,0.055));
#14133=CARTESIAN_POINT($,(-0.965,0.1675,0.055));
#14134=CARTESIAN_POINT($,(-0.965,0.135,0.055));
#14135=CARTESIAN_POINT('Origin',(-0.965,0.1675,0.055));
#14136=CARTESIAN_POINT('',(-0.985,0.1675,0.098364367672207));
#14137=CARTESIAN_POINT($,(-0.985,0.1675,0.055));
#14138=CARTESIAN_POINT('',(-0.965,0.1675,0.098364367672207));
#14139=CARTESIAN_POINT($,(-0.965,0.1675,0.098364367672207));
#14140=CARTESIAN_POINT($,(-0.965,0.1675,0.055));
#14141=CARTESIAN_POINT('Origin',(-0.965,0.1475,0.098364367672207));
#14142=CARTESIAN_POINT('',(-0.985,0.159055555555556,0.114688250047502));
#14143=CARTESIAN_POINT('Origin',(-0.985,0.1475,0.098364367672207));
#14144=CARTESIAN_POINT('',(-0.965,0.159055555555556,0.114688250047502));
#14145=CARTESIAN_POINT($,(-0.965,0.159055555555556,0.114688250047502));
#14146=CARTESIAN_POINT('Origin',(-0.965,0.1475,0.098364367672207));
#14147=CARTESIAN_POINT('Origin',(-0.965,0.1345,0.08));
#14148=CARTESIAN_POINT('',(-0.985,0.135,0.122497058721752));
#14149=CARTESIAN_POINT('Origin',(-0.985,0.1345,0.08));
#14150=CARTESIAN_POINT('',(-0.965,0.135,0.122497058721752));
#14151=CARTESIAN_POINT($,(-0.965,0.135,0.122497058721752));
#14152=CARTESIAN_POINT('Origin',(-0.965,0.1345,0.08));
#14153=CARTESIAN_POINT('Origin',(-0.965,0.135,0.100767949192431));
#14154=CARTESIAN_POINT('',(-0.985,0.135,0.100767949192431));
#14155=CARTESIAN_POINT($,(-0.985,0.135,0.100767949192431));
#14156=CARTESIAN_POINT('',(-0.965,0.135,0.100767949192431));
#14157=CARTESIAN_POINT($,(-0.965,0.135,0.100767949192431));
#14158=CARTESIAN_POINT($,(-0.965,0.135,0.100767949192431));
#14159=CARTESIAN_POINT('Origin',(-0.965,0.135,0.0857679491924311));
#14160=CARTESIAN_POINT('',(-0.985,0.1425,0.0987583302491977));
#14161=CARTESIAN_POINT('Origin',(-0.985,0.135,0.0857679491924311));
#14162=CARTESIAN_POINT('',(-0.965,0.1425,0.0987583302491977));
#14163=CARTESIAN_POINT($,(-0.965,0.1425,0.0987583302491977));
#14164=CARTESIAN_POINT('Origin',(-0.965,0.135,0.0857679491924311));
#14165=CARTESIAN_POINT('Origin',(-0.965,0.147,0.0961602540378444));
#14166=CARTESIAN_POINT('',(-0.985,0.147,0.0961602540378444));
#14167=CARTESIAN_POINT($,(-0.985,0.147,0.0961602540378444));
#14168=CARTESIAN_POINT('',(-0.965,0.147,0.0961602540378444));
#14169=CARTESIAN_POINT($,(-0.965,0.147,0.0961602540378444));
#14170=CARTESIAN_POINT($,(-0.965,0.147,0.0961602540378444));
#14171=CARTESIAN_POINT('Origin',(-0.965,0.142,0.0875));
#14172=CARTESIAN_POINT('',(-0.985,0.152,0.0875));
#14173=CARTESIAN_POINT('Origin',(-0.985,0.142,0.0875));
#14174=CARTESIAN_POINT('',(-0.965,0.152,0.0875));
#14175=CARTESIAN_POINT($,(-0.965,0.152,0.0875));
#14176=CARTESIAN_POINT('Origin',(-0.965,0.142,0.0875));
#14177=CARTESIAN_POINT('Origin',(-0.965,0.152,0.0875));
#14178=CARTESIAN_POINT('',(-0.985,0.152,0.0725));
#14179=CARTESIAN_POINT($,(-0.985,0.152,0.0875));
#14180=CARTESIAN_POINT('',(-0.965,0.152,0.0725));
#14181=CARTESIAN_POINT($,(-0.965,0.152,0.0725));
#14182=CARTESIAN_POINT($,(-0.965,0.152,0.0875));
#14183=CARTESIAN_POINT('Origin',(-0.965,0.142,0.0725));
#14184=CARTESIAN_POINT('',(-0.985,0.147,0.0638397459621556));
#14185=CARTESIAN_POINT('Origin',(-0.985,0.142,0.0725));
#14186=CARTESIAN_POINT('',(-0.965,0.147,0.0638397459621556));
#14187=CARTESIAN_POINT($,(-0.965,0.147,0.0638397459621556));
#14188=CARTESIAN_POINT('Origin',(-0.965,0.142,0.0725));
#14189=CARTESIAN_POINT('Origin',(-0.965,0.147,0.0638397459621556));
#14190=CARTESIAN_POINT('',(-0.985,0.1425,0.0612416697508023));
#14191=CARTESIAN_POINT($,(-0.985,0.147,0.0638397459621556));
#14192=CARTESIAN_POINT('',(-0.965,0.1425,0.0612416697508023));
#14193=CARTESIAN_POINT($,(-0.965,0.1425,0.0612416697508023));
#14194=CARTESIAN_POINT($,(-0.965,0.147,0.0638397459621556));
#14195=CARTESIAN_POINT('Origin',(-0.965,0.135,0.0742320508075689));
#14196=CARTESIAN_POINT('',(-0.985,0.135,0.0592320508075689));
#14197=CARTESIAN_POINT('Origin',(-0.985,0.135,0.0742320508075689));
#14198=CARTESIAN_POINT('',(-0.965,0.135,0.0592320508075689));
#14199=CARTESIAN_POINT($,(-0.965,0.135,0.0592320508075689));
#14200=CARTESIAN_POINT('Origin',(-0.965,0.135,0.0742320508075689));
#14201=CARTESIAN_POINT('Origin',(-0.965,0.135,0.0592320508075689));
#14202=CARTESIAN_POINT($,(-0.985,0.135,0.0592320508075689));
#14203=CARTESIAN_POINT($,(-0.965,0.135,0.0592320508075689));
#14204=CARTESIAN_POINT('Origin',(-0.965,0.135,0.0742320508075689));
#14205=CARTESIAN_POINT('Origin',(-0.985,0.135,0.0742320508075689));
#14206=CARTESIAN_POINT('Origin',(-0.915,0.,-0.25));
#14207=CARTESIAN_POINT('',(-0.935,1.21972744404619E-017,-0.25));
#14208=CARTESIAN_POINT('',(-0.935,0.,-0.305));
#14209=CARTESIAN_POINT($,(-0.935,0.,-0.25));
#14210=CARTESIAN_POINT('',(-0.915,0.,-0.305));
#14211=CARTESIAN_POINT($,(-0.915,0.,-0.305));
#14212=CARTESIAN_POINT('',(-0.915,1.21972744404619E-017,-0.25));
#14213=CARTESIAN_POINT($,(-0.915,0.,-0.25));
#14214=CARTESIAN_POINT($,(-0.915,1.21972744404619E-017,-0.25));
#14215=CARTESIAN_POINT('Origin',(-0.915,0.,-0.305));
#14216=CARTESIAN_POINT('',(-0.935,0.012,-0.305));
#14217=CARTESIAN_POINT($,(-0.935,0.,-0.305));
#14218=CARTESIAN_POINT('',(-0.915,0.012,-0.305));
#14219=CARTESIAN_POINT($,(-0.915,0.012,-0.305));
#14220=CARTESIAN_POINT($,(-0.915,0.,-0.305));
#14221=CARTESIAN_POINT('Origin',(-0.915,0.012,-0.295));
#14222=CARTESIAN_POINT('',(-0.935,0.022,-0.295));
#14223=CARTESIAN_POINT('Origin',(-0.935,0.012,-0.295));
#14224=CARTESIAN_POINT('',(-0.915,0.022,-0.295));
#14225=CARTESIAN_POINT($,(-0.915,0.022,-0.295));
#14226=CARTESIAN_POINT('Origin',(-0.915,0.012,-0.295));
#14227=CARTESIAN_POINT('Origin',(-0.915,0.022,-0.295));
#14228=CARTESIAN_POINT('',(-0.935,0.022,-0.267));
#14229=CARTESIAN_POINT($,(-0.935,0.022,-0.295));
#14230=CARTESIAN_POINT('',(-0.915,0.022,-0.267));
#14231=CARTESIAN_POINT($,(-0.915,0.022,-0.267));
#14232=CARTESIAN_POINT($,(-0.915,0.022,-0.295));
#14233=CARTESIAN_POINT('Origin',(-0.915,0.032,-0.267));
#14234=CARTESIAN_POINT('',(-0.935,0.0249289321881345,-0.259928932188135));
#14235=CARTESIAN_POINT('Origin',(-0.935,0.032,-0.267));
#14236=CARTESIAN_POINT('',(-0.915,0.0249289321881345,-0.259928932188135));
#14237=CARTESIAN_POINT($,(-0.915,0.0249289321881345,-0.259928932188135));
#14238=CARTESIAN_POINT('Origin',(-0.915,0.032,-0.267));
#14239=CARTESIAN_POINT('Origin',(-0.915,0.0249289321881345,-0.259928932188135));
#14240=CARTESIAN_POINT('',(-0.935,0.0519999999999999,-0.232857864376269));
#14241=CARTESIAN_POINT($,(-0.935,0.0249289321881345,-0.259928932188135));
#14242=CARTESIAN_POINT('',(-0.915,0.0519999999999999,-0.232857864376269));
#14243=CARTESIAN_POINT($,(-0.915,0.0519999999999999,-0.232857864376269));
#14244=CARTESIAN_POINT($,(-0.915,0.0249289321881345,-0.259928932188135));
#14245=CARTESIAN_POINT('Origin',(-0.915,0.0661421356237311,-0.247));
#14246=CARTESIAN_POINT('',(-0.935,0.0661421356237311,-0.227));
#14247=CARTESIAN_POINT('Origin',(-0.935,0.0661421356237311,-0.247));
#14248=CARTESIAN_POINT('',(-0.915,0.0661421356237311,-0.227));
#14249=CARTESIAN_POINT($,(-0.915,0.0661421356237311,-0.227));
#14250=CARTESIAN_POINT('Origin',(-0.915,0.0661421356237311,-0.247));
#14251=CARTESIAN_POINT('Origin',(-0.915,0.066142135623731,-0.227));
#14252=CARTESIAN_POINT('',(-0.935,0.167,-0.227));
#14253=CARTESIAN_POINT($,(-0.935,0.066142135623731,-0.227));
#14254=CARTESIAN_POINT('',(-0.915,0.167,-0.227));
#14255=CARTESIAN_POINT($,(-0.915,0.167,-0.227));
#14256=CARTESIAN_POINT($,(-0.915,0.066142135623731,-0.227));
#14257=CARTESIAN_POINT('Origin',(-0.915,0.167,-0.227));
#14258=CARTESIAN_POINT('',(-0.935,0.167,-0.185));
#14259=CARTESIAN_POINT($,(-0.935,0.167,-0.227));
#14260=CARTESIAN_POINT('',(-0.915,0.167,-0.185));
#14261=CARTESIAN_POINT($,(-0.915,0.167,-0.185));
#14262=CARTESIAN_POINT($,(-0.915,0.167,-0.227));
#14263=CARTESIAN_POINT('Origin',(-0.915,0.167,-0.185));
#14264=CARTESIAN_POINT('',(-0.935,0.025,-0.185));
#14265=CARTESIAN_POINT($,(-0.935,0.167,-0.185));
#14266=CARTESIAN_POINT('',(-0.915,0.025,-0.185));
#14267=CARTESIAN_POINT($,(-0.915,0.025,-0.185));
#14268=CARTESIAN_POINT($,(-0.915,0.167,-0.185));
#14269=CARTESIAN_POINT('Origin',(-0.915,0.025,-0.185));
#14270=CARTESIAN_POINT('',(-0.935,0.00797756448159559,-0.205286548683762));
#14271=CARTESIAN_POINT($,(-0.935,0.025,-0.185));
#14272=CARTESIAN_POINT('',(-0.915,0.00797756448159559,-0.205286548683762));
#14273=CARTESIAN_POINT($,(-0.915,0.00797756448159559,-0.205286548683762));
#14274=CARTESIAN_POINT($,(-0.915,0.025,-0.185));
#14275=CARTESIAN_POINT('Origin',(-0.915,0.0171700977990233,-0.213));
#14276=CARTESIAN_POINT('',(-0.935,0.00647801950876285,-0.218447885996875));
#14277=CARTESIAN_POINT('Origin',(-0.935,0.0171700977990233,-0.213));
#14278=CARTESIAN_POINT('',(-0.915,0.00647801950876285,-0.218447885996875));
#14279=CARTESIAN_POINT($,(-0.915,0.00647801950876285,-0.218447885996875));
#14280=CARTESIAN_POINT('Origin',(-0.915,0.0171700977990233,-0.213));
#14281=CARTESIAN_POINT('Origin',(-0.915,0.00647801950876284,-0.218447885996875));
#14282=CARTESIAN_POINT('',(-0.935,0.0109942465631023,-0.227311480658968));
#14283=CARTESIAN_POINT($,(-0.935,0.00647801950876284,-0.218447885996875));
#14284=CARTESIAN_POINT('',(-0.915,0.0109942465631023,-0.227311480658968));
#14285=CARTESIAN_POINT($,(-0.915,0.0109942465631023,-0.227311480658968));
#14286=CARTESIAN_POINT($,(-0.915,0.00647801950876284,-0.218447885996875));
#14287=CARTESIAN_POINT('Origin',(-0.915,0.00297518784540697,-0.231397395156624));
#14288=CARTESIAN_POINT('',(-0.935,0.00933914887608596,-0.237761356187303));
#14289=CARTESIAN_POINT('Origin',(-0.935,0.00297518784540697,-0.231397395156624));
#14290=CARTESIAN_POINT('',(-0.915,0.00933914887608596,-0.237761356187303));
#14291=CARTESIAN_POINT($,(-0.915,0.00933914887608596,-0.237761356187303));
#14292=CARTESIAN_POINT('Origin',(-0.915,0.00297518784540697,-0.231397395156624));
#14293=CARTESIAN_POINT('Origin',(-0.915,0.00933914887608593,-0.237761356187303));
#14294=CARTESIAN_POINT('',(-0.935,0.00205025253169417,-0.245050252531694));
#14295=CARTESIAN_POINT($,(-0.935,0.00933914887608593,-0.237761356187303));
#14296=CARTESIAN_POINT('',(-0.915,0.00205025253169417,-0.245050252531694));
#14297=CARTESIAN_POINT($,(-0.915,0.00205025253169417,-0.245050252531694));
#14298=CARTESIAN_POINT($,(-0.915,0.00933914887608593,-0.237761356187303));
#14299=CARTESIAN_POINT('Origin',(-0.915,0.007,-0.25));
#14300=CARTESIAN_POINT('Origin',(-0.935,0.007,-0.25));
#14301=CARTESIAN_POINT('Origin',(-0.915,0.007,-0.25));
#14302=CARTESIAN_POINT('Origin',(-0.915,0.012,-0.295));
#14303=CARTESIAN_POINT('Origin',(-0.935,0.012,-0.295));
#14304=CARTESIAN_POINT('Origin',(-0.865,0.,-0.25));
#14305=CARTESIAN_POINT('',(-0.885,1.21972744404619E-017,-0.25));
#14306=CARTESIAN_POINT('',(-0.885,0.,-0.305));
#14307=CARTESIAN_POINT($,(-0.885,0.,-0.25));
#14308=CARTESIAN_POINT('',(-0.865,0.,-0.305));
#14309=CARTESIAN_POINT($,(-0.865,0.,-0.305));
#14310=CARTESIAN_POINT('',(-0.865,1.21972744404619E-017,-0.25));
#14311=CARTESIAN_POINT($,(-0.865,0.,-0.25));
#14312=CARTESIAN_POINT($,(-0.865,1.21972744404619E-017,-0.25));
#14313=CARTESIAN_POINT('Origin',(-0.865,0.,-0.305));
#14314=CARTESIAN_POINT('',(-0.885,0.012,-0.305));
#14315=CARTESIAN_POINT($,(-0.885,0.,-0.305));
#14316=CARTESIAN_POINT('',(-0.865,0.012,-0.305));
#14317=CARTESIAN_POINT($,(-0.865,0.012,-0.305));
#14318=CARTESIAN_POINT($,(-0.865,0.,-0.305));
#14319=CARTESIAN_POINT('Origin',(-0.865,0.012,-0.295));
#14320=CARTESIAN_POINT('',(-0.885,0.022,-0.295));
#14321=CARTESIAN_POINT('Origin',(-0.885,0.012,-0.295));
#14322=CARTESIAN_POINT('',(-0.865,0.022,-0.295));
#14323=CARTESIAN_POINT($,(-0.865,0.022,-0.295));
#14324=CARTESIAN_POINT('Origin',(-0.865,0.012,-0.295));
#14325=CARTESIAN_POINT('Origin',(-0.865,0.022,-0.295));
#14326=CARTESIAN_POINT('',(-0.885,0.022,-0.267));
#14327=CARTESIAN_POINT($,(-0.885,0.022,-0.295));
#14328=CARTESIAN_POINT('',(-0.865,0.022,-0.267));
#14329=CARTESIAN_POINT($,(-0.865,0.022,-0.267));
#14330=CARTESIAN_POINT($,(-0.865,0.022,-0.295));
#14331=CARTESIAN_POINT('Origin',(-0.865,0.032,-0.267));
#14332=CARTESIAN_POINT('',(-0.885,0.0249289321881345,-0.259928932188135));
#14333=CARTESIAN_POINT('Origin',(-0.885,0.032,-0.267));
#14334=CARTESIAN_POINT('',(-0.865,0.0249289321881345,-0.259928932188135));
#14335=CARTESIAN_POINT($,(-0.865,0.0249289321881345,-0.259928932188135));
#14336=CARTESIAN_POINT('Origin',(-0.865,0.032,-0.267));
#14337=CARTESIAN_POINT('Origin',(-0.865,0.0249289321881345,-0.259928932188135));
#14338=CARTESIAN_POINT('',(-0.885,0.0519999999999999,-0.232857864376269));
#14339=CARTESIAN_POINT($,(-0.885,0.0249289321881345,-0.259928932188135));
#14340=CARTESIAN_POINT('',(-0.865,0.0519999999999999,-0.232857864376269));
#14341=CARTESIAN_POINT($,(-0.865,0.0519999999999999,-0.232857864376269));
#14342=CARTESIAN_POINT($,(-0.865,0.0249289321881345,-0.259928932188135));
#14343=CARTESIAN_POINT('Origin',(-0.865,0.0661421356237311,-0.247));
#14344=CARTESIAN_POINT('',(-0.885,0.0661421356237311,-0.227));
#14345=CARTESIAN_POINT('Origin',(-0.885,0.0661421356237311,-0.247));
#14346=CARTESIAN_POINT('',(-0.865,0.0661421356237311,-0.227));
#14347=CARTESIAN_POINT($,(-0.865,0.0661421356237311,-0.227));
#14348=CARTESIAN_POINT('Origin',(-0.865,0.0661421356237311,-0.247));
#14349=CARTESIAN_POINT('Origin',(-0.865,0.066142135623731,-0.227));
#14350=CARTESIAN_POINT('',(-0.885,0.167,-0.227));
#14351=CARTESIAN_POINT($,(-0.885,0.066142135623731,-0.227));
#14352=CARTESIAN_POINT('',(-0.865,0.167,-0.227));
#14353=CARTESIAN_POINT($,(-0.865,0.167,-0.227));
#14354=CARTESIAN_POINT($,(-0.865,0.066142135623731,-0.227));
#14355=CARTESIAN_POINT('Origin',(-0.865,0.167,-0.227));
#14356=CARTESIAN_POINT('',(-0.885,0.167,-0.185));
#14357=CARTESIAN_POINT($,(-0.885,0.167,-0.227));
#14358=CARTESIAN_POINT('',(-0.865,0.167,-0.185));
#14359=CARTESIAN_POINT($,(-0.865,0.167,-0.185));
#14360=CARTESIAN_POINT($,(-0.865,0.167,-0.227));
#14361=CARTESIAN_POINT('Origin',(-0.865,0.167,-0.185));
#14362=CARTESIAN_POINT('',(-0.885,0.025,-0.185));
#14363=CARTESIAN_POINT($,(-0.885,0.167,-0.185));
#14364=CARTESIAN_POINT('',(-0.865,0.025,-0.185));
#14365=CARTESIAN_POINT($,(-0.865,0.025,-0.185));
#14366=CARTESIAN_POINT($,(-0.865,0.167,-0.185));
#14367=CARTESIAN_POINT('Origin',(-0.865,0.025,-0.185));
#14368=CARTESIAN_POINT('',(-0.885,0.00797756448159559,-0.205286548683762));
#14369=CARTESIAN_POINT($,(-0.885,0.025,-0.185));
#14370=CARTESIAN_POINT('',(-0.865,0.00797756448159559,-0.205286548683762));
#14371=CARTESIAN_POINT($,(-0.865,0.00797756448159559,-0.205286548683762));
#14372=CARTESIAN_POINT($,(-0.865,0.025,-0.185));
#14373=CARTESIAN_POINT('Origin',(-0.865,0.0171700977990233,-0.213));
#14374=CARTESIAN_POINT('',(-0.885,0.00647801950876285,-0.218447885996875));
#14375=CARTESIAN_POINT('Origin',(-0.885,0.0171700977990233,-0.213));
#14376=CARTESIAN_POINT('',(-0.865,0.00647801950876285,-0.218447885996875));
#14377=CARTESIAN_POINT($,(-0.865,0.00647801950876285,-0.218447885996875));
#14378=CARTESIAN_POINT('Origin',(-0.865,0.0171700977990233,-0.213));
#14379=CARTESIAN_POINT('Origin',(-0.865,0.00647801950876284,-0.218447885996875));
#14380=CARTESIAN_POINT('',(-0.885,0.0109942465631023,-0.227311480658968));
#14381=CARTESIAN_POINT($,(-0.885,0.00647801950876284,-0.218447885996875));
#14382=CARTESIAN_POINT('',(-0.865,0.0109942465631023,-0.227311480658968));
#14383=CARTESIAN_POINT($,(-0.865,0.0109942465631023,-0.227311480658968));
#14384=CARTESIAN_POINT($,(-0.865,0.00647801950876284,-0.218447885996875));
#14385=CARTESIAN_POINT('Origin',(-0.865,0.00297518784540697,-0.231397395156624));
#14386=CARTESIAN_POINT('',(-0.885,0.00933914887608596,-0.237761356187303));
#14387=CARTESIAN_POINT('Origin',(-0.885,0.00297518784540697,-0.231397395156624));
#14388=CARTESIAN_POINT('',(-0.865,0.00933914887608596,-0.237761356187303));
#14389=CARTESIAN_POINT($,(-0.865,0.00933914887608596,-0.237761356187303));
#14390=CARTESIAN_POINT('Origin',(-0.865,0.00297518784540697,-0.231397395156624));
#14391=CARTESIAN_POINT('Origin',(-0.865,0.00933914887608593,-0.237761356187303));
#14392=CARTESIAN_POINT('',(-0.885,0.00205025253169417,-0.245050252531694));
#14393=CARTESIAN_POINT($,(-0.885,0.00933914887608593,-0.237761356187303));
#14394=CARTESIAN_POINT('',(-0.865,0.00205025253169417,-0.245050252531694));
#14395=CARTESIAN_POINT($,(-0.865,0.00205025253169417,-0.245050252531694));
#14396=CARTESIAN_POINT($,(-0.865,0.00933914887608593,-0.237761356187303));
#14397=CARTESIAN_POINT('Origin',(-0.865,0.007,-0.25));
#14398=CARTESIAN_POINT('Origin',(-0.885,0.007,-0.25));
#14399=CARTESIAN_POINT('Origin',(-0.865,0.007,-0.25));
#14400=CARTESIAN_POINT('Origin',(-0.865,0.012,-0.295));
#14401=CARTESIAN_POINT('Origin',(-0.885,0.012,-0.295));
#14402=CARTESIAN_POINT('Origin',(-0.815,0.,-0.25));
#14403=CARTESIAN_POINT('',(-0.835,1.21972744404619E-017,-0.25));
#14404=CARTESIAN_POINT('',(-0.835,0.,-0.305));
#14405=CARTESIAN_POINT($,(-0.835,0.,-0.25));
#14406=CARTESIAN_POINT('',(-0.815,0.,-0.305));
#14407=CARTESIAN_POINT($,(-0.815,0.,-0.305));
#14408=CARTESIAN_POINT('',(-0.815,1.21972744404619E-017,-0.25));
#14409=CARTESIAN_POINT($,(-0.815,0.,-0.25));
#14410=CARTESIAN_POINT($,(-0.815,1.21972744404619E-017,-0.25));
#14411=CARTESIAN_POINT('Origin',(-0.815,0.,-0.305));
#14412=CARTESIAN_POINT('',(-0.835,0.012,-0.305));
#14413=CARTESIAN_POINT($,(-0.835,0.,-0.305));
#14414=CARTESIAN_POINT('',(-0.815,0.012,-0.305));
#14415=CARTESIAN_POINT($,(-0.815,0.012,-0.305));
#14416=CARTESIAN_POINT($,(-0.815,0.,-0.305));
#14417=CARTESIAN_POINT('Origin',(-0.815,0.012,-0.295));
#14418=CARTESIAN_POINT('',(-0.835,0.022,-0.295));
#14419=CARTESIAN_POINT('Origin',(-0.835,0.012,-0.295));
#14420=CARTESIAN_POINT('',(-0.815,0.022,-0.295));
#14421=CARTESIAN_POINT($,(-0.815,0.022,-0.295));
#14422=CARTESIAN_POINT('Origin',(-0.815,0.012,-0.295));
#14423=CARTESIAN_POINT('Origin',(-0.815,0.022,-0.295));
#14424=CARTESIAN_POINT('',(-0.835,0.022,-0.267));
#14425=CARTESIAN_POINT($,(-0.835,0.022,-0.295));
#14426=CARTESIAN_POINT('',(-0.815,0.022,-0.267));
#14427=CARTESIAN_POINT($,(-0.815,0.022,-0.267));
#14428=CARTESIAN_POINT($,(-0.815,0.022,-0.295));
#14429=CARTESIAN_POINT('Origin',(-0.815,0.032,-0.267));
#14430=CARTESIAN_POINT('',(-0.835,0.0249289321881345,-0.259928932188135));
#14431=CARTESIAN_POINT('Origin',(-0.835,0.032,-0.267));
#14432=CARTESIAN_POINT('',(-0.815,0.0249289321881345,-0.259928932188135));
#14433=CARTESIAN_POINT($,(-0.815,0.0249289321881345,-0.259928932188135));
#14434=CARTESIAN_POINT('Origin',(-0.815,0.032,-0.267));
#14435=CARTESIAN_POINT('Origin',(-0.815,0.0249289321881345,-0.259928932188135));
#14436=CARTESIAN_POINT('',(-0.835,0.0519999999999999,-0.232857864376269));
#14437=CARTESIAN_POINT($,(-0.835,0.0249289321881345,-0.259928932188135));
#14438=CARTESIAN_POINT('',(-0.815,0.0519999999999999,-0.232857864376269));
#14439=CARTESIAN_POINT($,(-0.815,0.0519999999999999,-0.232857864376269));
#14440=CARTESIAN_POINT($,(-0.815,0.0249289321881345,-0.259928932188135));
#14441=CARTESIAN_POINT('Origin',(-0.815,0.0661421356237311,-0.247));
#14442=CARTESIAN_POINT('',(-0.835,0.0661421356237311,-0.227));
#14443=CARTESIAN_POINT('Origin',(-0.835,0.0661421356237311,-0.247));
#14444=CARTESIAN_POINT('',(-0.815,0.0661421356237311,-0.227));
#14445=CARTESIAN_POINT($,(-0.815,0.0661421356237311,-0.227));
#14446=CARTESIAN_POINT('Origin',(-0.815,0.0661421356237311,-0.247));
#14447=CARTESIAN_POINT('Origin',(-0.815,0.066142135623731,-0.227));
#14448=CARTESIAN_POINT('',(-0.835,0.167,-0.227));
#14449=CARTESIAN_POINT($,(-0.835,0.066142135623731,-0.227));
#14450=CARTESIAN_POINT('',(-0.815,0.167,-0.227));
#14451=CARTESIAN_POINT($,(-0.815,0.167,-0.227));
#14452=CARTESIAN_POINT($,(-0.815,0.066142135623731,-0.227));
#14453=CARTESIAN_POINT('Origin',(-0.815,0.167,-0.227));
#14454=CARTESIAN_POINT('',(-0.835,0.167,-0.185));
#14455=CARTESIAN_POINT($,(-0.835,0.167,-0.227));
#14456=CARTESIAN_POINT('',(-0.815,0.167,-0.185));
#14457=CARTESIAN_POINT($,(-0.815,0.167,-0.185));
#14458=CARTESIAN_POINT($,(-0.815,0.167,-0.227));
#14459=CARTESIAN_POINT('Origin',(-0.815,0.167,-0.185));
#14460=CARTESIAN_POINT('',(-0.835,0.025,-0.185));
#14461=CARTESIAN_POINT($,(-0.835,0.167,-0.185));
#14462=CARTESIAN_POINT('',(-0.815,0.025,-0.185));
#14463=CARTESIAN_POINT($,(-0.815,0.025,-0.185));
#14464=CARTESIAN_POINT($,(-0.815,0.167,-0.185));
#14465=CARTESIAN_POINT('Origin',(-0.815,0.025,-0.185));
#14466=CARTESIAN_POINT('',(-0.835,0.00797756448159559,-0.205286548683762));
#14467=CARTESIAN_POINT($,(-0.835,0.025,-0.185));
#14468=CARTESIAN_POINT('',(-0.815,0.00797756448159559,-0.205286548683762));
#14469=CARTESIAN_POINT($,(-0.815,0.00797756448159559,-0.205286548683762));
#14470=CARTESIAN_POINT($,(-0.815,0.025,-0.185));
#14471=CARTESIAN_POINT('Origin',(-0.815,0.0171700977990233,-0.213));
#14472=CARTESIAN_POINT('',(-0.835,0.00647801950876285,-0.218447885996875));
#14473=CARTESIAN_POINT('Origin',(-0.835,0.0171700977990233,-0.213));
#14474=CARTESIAN_POINT('',(-0.815,0.00647801950876285,-0.218447885996875));
#14475=CARTESIAN_POINT($,(-0.815,0.00647801950876285,-0.218447885996875));
#14476=CARTESIAN_POINT('Origin',(-0.815,0.0171700977990233,-0.213));
#14477=CARTESIAN_POINT('Origin',(-0.815,0.00647801950876284,-0.218447885996875));
#14478=CARTESIAN_POINT('',(-0.835,0.0109942465631023,-0.227311480658968));
#14479=CARTESIAN_POINT($,(-0.835,0.00647801950876284,-0.218447885996875));
#14480=CARTESIAN_POINT('',(-0.815,0.0109942465631023,-0.227311480658968));
#14481=CARTESIAN_POINT($,(-0.815,0.0109942465631023,-0.227311480658968));
#14482=CARTESIAN_POINT($,(-0.815,0.00647801950876284,-0.218447885996875));
#14483=CARTESIAN_POINT('Origin',(-0.815,0.00297518784540697,-0.231397395156624));
#14484=CARTESIAN_POINT('',(-0.835,0.00933914887608596,-0.237761356187303));
#14485=CARTESIAN_POINT('Origin',(-0.835,0.00297518784540697,-0.231397395156624));
#14486=CARTESIAN_POINT('',(-0.815,0.00933914887608596,-0.237761356187303));
#14487=CARTESIAN_POINT($,(-0.815,0.00933914887608596,-0.237761356187303));
#14488=CARTESIAN_POINT('Origin',(-0.815,0.00297518784540697,-0.231397395156624));
#14489=CARTESIAN_POINT('Origin',(-0.815,0.00933914887608593,-0.237761356187303));
#14490=CARTESIAN_POINT('',(-0.835,0.00205025253169417,-0.245050252531694));
#14491=CARTESIAN_POINT($,(-0.835,0.00933914887608593,-0.237761356187303));
#14492=CARTESIAN_POINT('',(-0.815,0.00205025253169417,-0.245050252531694));
#14493=CARTESIAN_POINT($,(-0.815,0.00205025253169417,-0.245050252531694));
#14494=CARTESIAN_POINT($,(-0.815,0.00933914887608593,-0.237761356187303));
#14495=CARTESIAN_POINT('Origin',(-0.815,0.007,-0.25));
#14496=CARTESIAN_POINT('Origin',(-0.835,0.007,-0.25));
#14497=CARTESIAN_POINT('Origin',(-0.815,0.007,-0.25));
#14498=CARTESIAN_POINT('Origin',(-0.815,0.012,-0.295));
#14499=CARTESIAN_POINT('Origin',(-0.835,0.012,-0.295));
#14500=CARTESIAN_POINT('Origin',(-0.915,0.1675,0.055));
#14501=CARTESIAN_POINT('',(-0.935,0.135,0.055));
#14502=CARTESIAN_POINT('',(-0.935,0.1675,0.055));
#14503=CARTESIAN_POINT($,(-0.935,0.1675,0.055));
#14504=CARTESIAN_POINT('',(-0.915,0.1675,0.055));
#14505=CARTESIAN_POINT($,(-0.915,0.1675,0.055));
#14506=CARTESIAN_POINT('',(-0.915,0.135,0.055));
#14507=CARTESIAN_POINT($,(-0.915,0.1675,0.055));
#14508=CARTESIAN_POINT($,(-0.915,0.135,0.055));
#14509=CARTESIAN_POINT('Origin',(-0.915,0.1675,0.055));
#14510=CARTESIAN_POINT('',(-0.935,0.1675,0.098364367672207));
#14511=CARTESIAN_POINT($,(-0.935,0.1675,0.055));
#14512=CARTESIAN_POINT('',(-0.915,0.1675,0.098364367672207));
#14513=CARTESIAN_POINT($,(-0.915,0.1675,0.098364367672207));
#14514=CARTESIAN_POINT($,(-0.915,0.1675,0.055));
#14515=CARTESIAN_POINT('Origin',(-0.915,0.1475,0.098364367672207));
#14516=CARTESIAN_POINT('',(-0.935,0.159055555555556,0.114688250047502));
#14517=CARTESIAN_POINT('Origin',(-0.935,0.1475,0.098364367672207));
#14518=CARTESIAN_POINT('',(-0.915,0.159055555555556,0.114688250047502));
#14519=CARTESIAN_POINT($,(-0.915,0.159055555555556,0.114688250047502));
#14520=CARTESIAN_POINT('Origin',(-0.915,0.1475,0.098364367672207));
#14521=CARTESIAN_POINT('Origin',(-0.915,0.1345,0.08));
#14522=CARTESIAN_POINT('',(-0.935,0.135,0.122497058721752));
#14523=CARTESIAN_POINT('Origin',(-0.935,0.1345,0.08));
#14524=CARTESIAN_POINT('',(-0.915,0.135,0.122497058721752));
#14525=CARTESIAN_POINT($,(-0.915,0.135,0.122497058721752));
#14526=CARTESIAN_POINT('Origin',(-0.915,0.1345,0.08));
#14527=CARTESIAN_POINT('Origin',(-0.915,0.135,0.100767949192431));
#14528=CARTESIAN_POINT('',(-0.935,0.135,0.100767949192431));
#14529=CARTESIAN_POINT($,(-0.935,0.135,0.100767949192431));
#14530=CARTESIAN_POINT('',(-0.915,0.135,0.100767949192431));
#14531=CARTESIAN_POINT($,(-0.915,0.135,0.100767949192431));
#14532=CARTESIAN_POINT($,(-0.915,0.135,0.100767949192431));
#14533=CARTESIAN_POINT('Origin',(-0.915,0.135,0.0857679491924311));
#14534=CARTESIAN_POINT('',(-0.935,0.14475,0.097459292143521));
#14535=CARTESIAN_POINT('Origin',(-0.935,0.135,0.0857679491924311));
#14536=CARTESIAN_POINT('',(-0.915,0.1425,0.0987583302491977));
#14537=CARTESIAN_POINT($,(-0.915,0.1425,0.0987583302491977));
#14538=CARTESIAN_POINT('Origin',(-0.915,0.135,0.0857679491924311));
#14539=CARTESIAN_POINT('Origin',(-0.915,0.142,0.0875));
#14540=CARTESIAN_POINT('',(-0.935,0.152,0.0875));
#14541=CARTESIAN_POINT('Origin',(-0.935,0.142,0.0875));
#14542=CARTESIAN_POINT('',(-0.915,0.152,0.0875));
#14543=CARTESIAN_POINT($,(-0.915,0.152,0.0875));
#14544=CARTESIAN_POINT('',(-0.915,0.147,0.0961602540378444));
#14545=CARTESIAN_POINT('Origin',(-0.915,0.142,0.0875));
#14546=CARTESIAN_POINT($,(-0.915,0.147,0.0961602540378444));
#14547=CARTESIAN_POINT('Origin',(-0.915,0.152,0.0875));
#14548=CARTESIAN_POINT('',(-0.935,0.152,0.0725));
#14549=CARTESIAN_POINT($,(-0.935,0.152,0.0875));
#14550=CARTESIAN_POINT('',(-0.915,0.152,0.0725));
#14551=CARTESIAN_POINT($,(-0.915,0.152,0.0725));
#14552=CARTESIAN_POINT($,(-0.915,0.152,0.0875));
#14553=CARTESIAN_POINT('Origin',(-0.915,0.142,0.0725));
#14554=CARTESIAN_POINT('',(-0.935,0.147,0.0638397459621556));
#14555=CARTESIAN_POINT('Origin',(-0.935,0.142,0.0725));
#14556=CARTESIAN_POINT('',(-0.915,0.147,0.0638397459621556));
#14557=CARTESIAN_POINT($,(-0.915,0.147,0.0638397459621556));
#14558=CARTESIAN_POINT('Origin',(-0.915,0.142,0.0725));
#14559=CARTESIAN_POINT('Origin',(-0.915,0.147,0.0638397459621556));
#14560=CARTESIAN_POINT('',(-0.935,0.1425,0.0612416697508023));
#14561=CARTESIAN_POINT($,(-0.935,0.147,0.0638397459621556));
#14562=CARTESIAN_POINT('',(-0.915,0.1425,0.0612416697508023));
#14563=CARTESIAN_POINT($,(-0.915,0.1425,0.0612416697508023));
#14564=CARTESIAN_POINT($,(-0.915,0.147,0.0638397459621556));
#14565=CARTESIAN_POINT('Origin',(-0.915,0.135,0.0742320508075689));
#14566=CARTESIAN_POINT('',(-0.935,0.135,0.0592320508075689));
#14567=CARTESIAN_POINT('Origin',(-0.935,0.135,0.0742320508075689));
#14568=CARTESIAN_POINT('',(-0.915,0.135,0.0592320508075689));
#14569=CARTESIAN_POINT($,(-0.915,0.135,0.0592320508075689));
#14570=CARTESIAN_POINT('Origin',(-0.915,0.135,0.0742320508075689));
#14571=CARTESIAN_POINT('Origin',(-0.915,0.135,0.0592320508075689));
#14572=CARTESIAN_POINT($,(-0.935,0.135,0.0592320508075689));
#14573=CARTESIAN_POINT($,(-0.915,0.135,0.0592320508075689));
#14574=CARTESIAN_POINT('Origin',(-0.915,0.135,0.0742320508075689));
#14575=CARTESIAN_POINT($,(-0.915,0.147,0.0961602540378444));
#14576=CARTESIAN_POINT('Origin',(-0.935,0.135,0.0742320508075689));
#14577=CARTESIAN_POINT('Origin',(-0.865,0.1675,0.055));
#14578=CARTESIAN_POINT('',(-0.885,0.135,0.055));
#14579=CARTESIAN_POINT('',(-0.885,0.1675,0.055));
#14580=CARTESIAN_POINT($,(-0.885,0.1675,0.055));
#14581=CARTESIAN_POINT('',(-0.865,0.1675,0.055));
#14582=CARTESIAN_POINT($,(-0.865,0.1675,0.055));
#14583=CARTESIAN_POINT('',(-0.865,0.135,0.055));
#14584=CARTESIAN_POINT($,(-0.865,0.1675,0.055));
#14585=CARTESIAN_POINT($,(-0.865,0.135,0.055));
#14586=CARTESIAN_POINT('Origin',(-0.865,0.1675,0.055));
#14587=CARTESIAN_POINT('',(-0.885,0.1675,0.098364367672207));
#14588=CARTESIAN_POINT($,(-0.885,0.1675,0.055));
#14589=CARTESIAN_POINT('',(-0.865,0.1675,0.098364367672207));
#14590=CARTESIAN_POINT($,(-0.865,0.1675,0.098364367672207));
#14591=CARTESIAN_POINT($,(-0.865,0.1675,0.055));
#14592=CARTESIAN_POINT('Origin',(-0.865,0.1475,0.098364367672207));
#14593=CARTESIAN_POINT('',(-0.885,0.159055555555556,0.114688250047502));
#14594=CARTESIAN_POINT('Origin',(-0.885,0.1475,0.098364367672207));
#14595=CARTESIAN_POINT('',(-0.865,0.159055555555556,0.114688250047502));
#14596=CARTESIAN_POINT($,(-0.865,0.159055555555556,0.114688250047502));
#14597=CARTESIAN_POINT('Origin',(-0.865,0.1475,0.098364367672207));
#14598=CARTESIAN_POINT('Origin',(-0.865,0.1345,0.08));
#14599=CARTESIAN_POINT('',(-0.885,0.135,0.122497058721752));
#14600=CARTESIAN_POINT('Origin',(-0.885,0.1345,0.08));
#14601=CARTESIAN_POINT('',(-0.865,0.135,0.122497058721752));
#14602=CARTESIAN_POINT($,(-0.865,0.135,0.122497058721752));
#14603=CARTESIAN_POINT('Origin',(-0.865,0.1345,0.08));
#14604=CARTESIAN_POINT('Origin',(-0.865,0.135,0.100767949192431));
#14605=CARTESIAN_POINT('',(-0.885,0.135,0.100767949192431));
#14606=CARTESIAN_POINT($,(-0.885,0.135,0.100767949192431));
#14607=CARTESIAN_POINT('',(-0.865,0.135,0.100767949192431));
#14608=CARTESIAN_POINT($,(-0.865,0.135,0.100767949192431));
#14609=CARTESIAN_POINT($,(-0.865,0.135,0.100767949192431));
#14610=CARTESIAN_POINT('Origin',(-0.865,0.135,0.0857679491924311));
#14611=CARTESIAN_POINT('',(-0.885,0.1425,0.0987583302491977));
#14612=CARTESIAN_POINT('Origin',(-0.885,0.135,0.0857679491924311));
#14613=CARTESIAN_POINT('',(-0.865,0.1425,0.0987583302491977));
#14614=CARTESIAN_POINT($,(-0.865,0.1425,0.0987583302491977));
#14615=CARTESIAN_POINT('Origin',(-0.865,0.135,0.0857679491924311));
#14616=CARTESIAN_POINT('Origin',(-0.865,0.147,0.0961602540378444));
#14617=CARTESIAN_POINT('',(-0.885,0.147,0.0961602540378444));
#14618=CARTESIAN_POINT($,(-0.885,0.147,0.0961602540378444));
#14619=CARTESIAN_POINT('',(-0.865,0.147,0.0961602540378444));
#14620=CARTESIAN_POINT($,(-0.865,0.147,0.0961602540378444));
#14621=CARTESIAN_POINT($,(-0.865,0.147,0.0961602540378444));
#14622=CARTESIAN_POINT('Origin',(-0.865,0.142,0.0875));
#14623=CARTESIAN_POINT('',(-0.885,0.152,0.0875));
#14624=CARTESIAN_POINT('Origin',(-0.885,0.142,0.0875));
#14625=CARTESIAN_POINT('',(-0.865,0.152,0.0875));
#14626=CARTESIAN_POINT($,(-0.865,0.152,0.0875));
#14627=CARTESIAN_POINT('Origin',(-0.865,0.142,0.0875));
#14628=CARTESIAN_POINT('Origin',(-0.865,0.152,0.0875));
#14629=CARTESIAN_POINT('',(-0.885,0.152,0.0725));
#14630=CARTESIAN_POINT($,(-0.885,0.152,0.0875));
#14631=CARTESIAN_POINT('',(-0.865,0.152,0.0725));
#14632=CARTESIAN_POINT($,(-0.865,0.152,0.0725));
#14633=CARTESIAN_POINT($,(-0.865,0.152,0.0875));
#14634=CARTESIAN_POINT('Origin',(-0.865,0.142,0.0725));
#14635=CARTESIAN_POINT('',(-0.885,0.147,0.0638397459621556));
#14636=CARTESIAN_POINT('Origin',(-0.885,0.142,0.0725));
#14637=CARTESIAN_POINT('',(-0.865,0.147,0.0638397459621556));
#14638=CARTESIAN_POINT($,(-0.865,0.147,0.0638397459621556));
#14639=CARTESIAN_POINT('Origin',(-0.865,0.142,0.0725));
#14640=CARTESIAN_POINT('Origin',(-0.865,0.147,0.0638397459621556));
#14641=CARTESIAN_POINT('',(-0.885,0.1425,0.0612416697508023));
#14642=CARTESIAN_POINT($,(-0.885,0.147,0.0638397459621556));
#14643=CARTESIAN_POINT('',(-0.865,0.1425,0.0612416697508023));
#14644=CARTESIAN_POINT($,(-0.865,0.1425,0.0612416697508023));
#14645=CARTESIAN_POINT($,(-0.865,0.147,0.0638397459621556));
#14646=CARTESIAN_POINT('Origin',(-0.865,0.135,0.0742320508075689));
#14647=CARTESIAN_POINT('',(-0.885,0.135,0.0592320508075689));
#14648=CARTESIAN_POINT('Origin',(-0.885,0.135,0.0742320508075689));
#14649=CARTESIAN_POINT('',(-0.865,0.135,0.0592320508075689));
#14650=CARTESIAN_POINT($,(-0.865,0.135,0.0592320508075689));
#14651=CARTESIAN_POINT('Origin',(-0.865,0.135,0.0742320508075689));
#14652=CARTESIAN_POINT('Origin',(-0.865,0.135,0.0592320508075689));
#14653=CARTESIAN_POINT($,(-0.885,0.135,0.0592320508075689));
#14654=CARTESIAN_POINT($,(-0.865,0.135,0.0592320508075689));
#14655=CARTESIAN_POINT('Origin',(-0.865,0.135,0.0742320508075689));
#14656=CARTESIAN_POINT('Origin',(-0.885,0.135,0.0742320508075689));
#14657=CARTESIAN_POINT('Origin',(-0.815,0.1675,0.055));
#14658=CARTESIAN_POINT('',(-0.835,0.135,0.055));
#14659=CARTESIAN_POINT('',(-0.835,0.1675,0.055));
#14660=CARTESIAN_POINT($,(-0.835,0.1675,0.055));
#14661=CARTESIAN_POINT('',(-0.815,0.1675,0.055));
#14662=CARTESIAN_POINT($,(-0.815,0.1675,0.055));
#14663=CARTESIAN_POINT('',(-0.815,0.135,0.055));
#14664=CARTESIAN_POINT($,(-0.815,0.1675,0.055));
#14665=CARTESIAN_POINT($,(-0.815,0.135,0.055));
#14666=CARTESIAN_POINT('Origin',(-0.815,0.1675,0.055));
#14667=CARTESIAN_POINT('',(-0.835,0.1675,0.098364367672207));
#14668=CARTESIAN_POINT($,(-0.835,0.1675,0.055));
#14669=CARTESIAN_POINT('',(-0.815,0.1675,0.098364367672207));
#14670=CARTESIAN_POINT($,(-0.815,0.1675,0.098364367672207));
#14671=CARTESIAN_POINT($,(-0.815,0.1675,0.055));
#14672=CARTESIAN_POINT('Origin',(-0.815,0.1475,0.098364367672207));
#14673=CARTESIAN_POINT('',(-0.835,0.159055555555556,0.114688250047502));
#14674=CARTESIAN_POINT('Origin',(-0.835,0.1475,0.098364367672207));
#14675=CARTESIAN_POINT('',(-0.815,0.159055555555556,0.114688250047502));
#14676=CARTESIAN_POINT($,(-0.815,0.159055555555556,0.114688250047502));
#14677=CARTESIAN_POINT('Origin',(-0.815,0.1475,0.098364367672207));
#14678=CARTESIAN_POINT('Origin',(-0.815,0.1345,0.08));
#14679=CARTESIAN_POINT('',(-0.835,0.135,0.122497058721752));
#14680=CARTESIAN_POINT('Origin',(-0.835,0.1345,0.08));
#14681=CARTESIAN_POINT('',(-0.815,0.135,0.122497058721752));
#14682=CARTESIAN_POINT($,(-0.815,0.135,0.122497058721752));
#14683=CARTESIAN_POINT('Origin',(-0.815,0.1345,0.08));
#14684=CARTESIAN_POINT('Origin',(-0.815,0.135,0.100767949192431));
#14685=CARTESIAN_POINT('',(-0.835,0.135,0.100767949192431));
#14686=CARTESIAN_POINT($,(-0.835,0.135,0.100767949192431));
#14687=CARTESIAN_POINT('',(-0.815,0.135,0.100767949192431));
#14688=CARTESIAN_POINT($,(-0.815,0.135,0.100767949192431));
#14689=CARTESIAN_POINT($,(-0.815,0.135,0.100767949192431));
#14690=CARTESIAN_POINT('Origin',(-0.815,0.135,0.0857679491924311));
#14691=CARTESIAN_POINT('',(-0.835,0.1425,0.0987583302491977));
#14692=CARTESIAN_POINT('Origin',(-0.835,0.135,0.0857679491924311));
#14693=CARTESIAN_POINT('',(-0.815,0.1425,0.0987583302491977));
#14694=CARTESIAN_POINT($,(-0.815,0.1425,0.0987583302491977));
#14695=CARTESIAN_POINT('Origin',(-0.815,0.135,0.0857679491924311));
#14696=CARTESIAN_POINT('Origin',(-0.815,0.147,0.0961602540378444));
#14697=CARTESIAN_POINT('',(-0.835,0.147,0.0961602540378444));
#14698=CARTESIAN_POINT($,(-0.835,0.147,0.0961602540378444));
#14699=CARTESIAN_POINT('',(-0.815,0.147,0.0961602540378444));
#14700=CARTESIAN_POINT($,(-0.815,0.147,0.0961602540378444));
#14701=CARTESIAN_POINT($,(-0.815,0.147,0.0961602540378444));
#14702=CARTESIAN_POINT('Origin',(-0.815,0.142,0.0875));
#14703=CARTESIAN_POINT('',(-0.835,0.152,0.0875));
#14704=CARTESIAN_POINT('Origin',(-0.835,0.142,0.0875));
#14705=CARTESIAN_POINT('',(-0.815,0.152,0.0875));
#14706=CARTESIAN_POINT($,(-0.815,0.152,0.0875));
#14707=CARTESIAN_POINT('Origin',(-0.815,0.142,0.0875));
#14708=CARTESIAN_POINT('Origin',(-0.815,0.152,0.0875));
#14709=CARTESIAN_POINT('',(-0.835,0.152,0.0725));
#14710=CARTESIAN_POINT($,(-0.835,0.152,0.0875));
#14711=CARTESIAN_POINT('',(-0.815,0.152,0.0725));
#14712=CARTESIAN_POINT($,(-0.815,0.152,0.0725));
#14713=CARTESIAN_POINT($,(-0.815,0.152,0.0875));
#14714=CARTESIAN_POINT('Origin',(-0.815,0.142,0.0725));
#14715=CARTESIAN_POINT('',(-0.835,0.147,0.0638397459621556));
#14716=CARTESIAN_POINT('Origin',(-0.835,0.142,0.0725));
#14717=CARTESIAN_POINT('',(-0.815,0.147,0.0638397459621556));
#14718=CARTESIAN_POINT($,(-0.815,0.147,0.0638397459621556));
#14719=CARTESIAN_POINT('Origin',(-0.815,0.142,0.0725));
#14720=CARTESIAN_POINT('Origin',(-0.815,0.147,0.0638397459621556));
#14721=CARTESIAN_POINT('',(-0.835,0.1425,0.0612416697508023));
#14722=CARTESIAN_POINT($,(-0.835,0.147,0.0638397459621556));
#14723=CARTESIAN_POINT('',(-0.815,0.1425,0.0612416697508023));
#14724=CARTESIAN_POINT($,(-0.815,0.1425,0.0612416697508023));
#14725=CARTESIAN_POINT($,(-0.815,0.147,0.0638397459621556));
#14726=CARTESIAN_POINT('Origin',(-0.815,0.135,0.0742320508075689));
#14727=CARTESIAN_POINT('',(-0.835,0.135,0.0592320508075689));
#14728=CARTESIAN_POINT('Origin',(-0.835,0.135,0.0742320508075689));
#14729=CARTESIAN_POINT('',(-0.815,0.135,0.0592320508075689));
#14730=CARTESIAN_POINT($,(-0.815,0.135,0.0592320508075689));
#14731=CARTESIAN_POINT('Origin',(-0.815,0.135,0.0742320508075689));
#14732=CARTESIAN_POINT('Origin',(-0.815,0.135,0.0592320508075689));
#14733=CARTESIAN_POINT($,(-0.835,0.135,0.0592320508075689));
#14734=CARTESIAN_POINT($,(-0.815,0.135,0.0592320508075689));
#14735=CARTESIAN_POINT('Origin',(-0.815,0.135,0.0742320508075689));
#14736=CARTESIAN_POINT('Origin',(-0.835,0.135,0.0742320508075689));
#14737=CARTESIAN_POINT('Origin',(-0.915,0.057,0.141));
#14738=CARTESIAN_POINT('',(-0.915,0.0634435339741671,0.143735117899425));
#14739=CARTESIAN_POINT('',(-0.915,0.0520502525316941,0.145949747468306));
#14740=CARTESIAN_POINT('Origin',(-0.915,0.057,0.141));
#14741=CARTESIAN_POINT('',(-0.935,0.0634435339741671,0.143735117899425));
#14742=CARTESIAN_POINT($,(-0.915,0.0634435339741671,0.143735117899425));
#14743=CARTESIAN_POINT('',(-0.935,0.0520502525316941,0.145949747468306));
#14744=CARTESIAN_POINT('Origin',(-0.935,0.057,0.141));
#14745=CARTESIAN_POINT($,(-0.915,0.0520502525316941,0.145949747468306));
#14746=CARTESIAN_POINT('Origin',(-0.915,0.072,-0.065));
#14747=CARTESIAN_POINT('',(-0.935,0.072,-0.065));
#14748=CARTESIAN_POINT('',(-0.935,0.072,0.05));
#14749=CARTESIAN_POINT($,(-0.935,0.072,-0.065));
#14750=CARTESIAN_POINT('',(-0.915,0.072,0.05));
#14751=CARTESIAN_POINT($,(-0.915,0.072,0.05));
#14752=CARTESIAN_POINT('',(-0.915,0.072,-0.065));
#14753=CARTESIAN_POINT($,(-0.915,0.072,-0.065));
#14754=CARTESIAN_POINT($,(-0.915,0.072,-0.065));
#14755=CARTESIAN_POINT('Origin',(-0.915,0.079,0.05));
#14756=CARTESIAN_POINT('',(-0.935,0.0740502525316941,0.0549497474683057));
#14757=CARTESIAN_POINT('Origin',(-0.935,0.079,0.05));
#14758=CARTESIAN_POINT('',(-0.915,0.0740502525316941,0.0549497474683057));
#14759=CARTESIAN_POINT($,(-0.915,0.0740502525316941,0.0549497474683057));
#14760=CARTESIAN_POINT('Origin',(-0.915,0.079,0.05));
#14761=CARTESIAN_POINT('Origin',(-0.915,0.0740502525316941,0.0549497474683057));
#14762=CARTESIAN_POINT('',(-0.935,0.0805649711574554,0.0614644660940673));
#14763=CARTESIAN_POINT($,(-0.935,0.0740502525316941,0.0549497474683057));
#14764=CARTESIAN_POINT('',(-0.915,0.0805649711574554,0.0614644660940673));
#14765=CARTESIAN_POINT($,(-0.915,0.0805649711574554,0.0614644660940673));
#14766=CARTESIAN_POINT($,(-0.915,0.0740502525316941,0.0549497474683057));
#14767=CARTESIAN_POINT('Origin',(-0.915,0.0770294372515226,0.065));
#14768=CARTESIAN_POINT('',(-0.935,0.0805649711574553,0.0685355339059328));
#14769=CARTESIAN_POINT('Origin',(-0.935,0.0770294372515226,0.065));
#14770=CARTESIAN_POINT('',(-0.915,0.0805649711574553,0.0685355339059328));
#14771=CARTESIAN_POINT($,(-0.915,0.0805649711574553,0.0685355339059328));
#14772=CARTESIAN_POINT('Origin',(-0.915,0.0770294372515226,0.065));
#14773=CARTESIAN_POINT('Origin',(-0.915,0.0805649711574553,0.0685355339059328));
#14774=CARTESIAN_POINT('',(-0.935,0.0738180194846606,0.0752824855787274));
#14775=CARTESIAN_POINT($,(-0.935,0.0805649711574553,0.0685355339059328));
#14776=CARTESIAN_POINT('',(-0.915,0.0738180194846606,0.0752824855787274));
#14777=CARTESIAN_POINT($,(-0.915,0.0738180194846606,0.0752824855787274));
#14778=CARTESIAN_POINT($,(-0.915,0.0805649711574553,0.0685355339059328));
#14779=CARTESIAN_POINT('Origin',(-0.915,0.077,0.0784644660940668));
#14780=CARTESIAN_POINT('',(-0.935,0.0738180194846605,0.0816464466094063));
#14781=CARTESIAN_POINT('Origin',(-0.935,0.077,0.0784644660940668));
#14782=CARTESIAN_POINT('',(-0.915,0.0738180194846605,0.0816464466094063));
#14783=CARTESIAN_POINT($,(-0.915,0.0738180194846605,0.0816464466094063));
#14784=CARTESIAN_POINT('Origin',(-0.915,0.077,0.0784644660940668));
#14785=CARTESIAN_POINT('Origin',(-0.915,0.0738180194846605,0.0816464466094063));
#14786=CARTESIAN_POINT('',(-0.935,0.0806123586149421,0.0884407857396881));
#14787=CARTESIAN_POINT($,(-0.935,0.0738180194846605,0.0816464466094063));
#14788=CARTESIAN_POINT('',(-0.915,0.0806123586149421,0.0884407857396881));
#14789=CARTESIAN_POINT($,(-0.915,0.0806123586149421,0.0884407857396881));
#14790=CARTESIAN_POINT($,(-0.915,0.0738180194846605,0.0816464466094063));
#14791=CARTESIAN_POINT('Origin',(-0.915,0.0740531443546301,0.095));
#14792=CARTESIAN_POINT('',(-0.935,0.0825918668249761,0.0986244726512649));
#14793=CARTESIAN_POINT('Origin',(-0.935,0.0740531443546301,0.095));
#14794=CARTESIAN_POINT('',(-0.915,0.0825918668249761,0.0986244726512649));
#14795=CARTESIAN_POINT($,(-0.915,0.0825918668249761,0.0986244726512649));
#14796=CARTESIAN_POINT('Origin',(-0.915,0.0740531443546301,0.095));
#14797=CARTESIAN_POINT('Origin',(-0.915,0.0825918668249761,0.0986244726512649));
#14798=CARTESIAN_POINT($,(-0.935,0.0825918668249761,0.0986244726512649));
#14799=CARTESIAN_POINT($,(-0.915,0.0825918668249761,0.0986244726512649));
#14800=CARTESIAN_POINT('Origin',(-0.915,0.0520502525316941,0.145949747468306));
#14801=CARTESIAN_POINT('',(-0.935,0.0489038059222874,0.142803300858899));
#14802=CARTESIAN_POINT($,(-0.935,0.0520502525316941,0.145949747468306));
#14803=CARTESIAN_POINT('',(-0.915,0.0489038059222874,0.142803300858899));
#14804=CARTESIAN_POINT($,(-0.915,0.0489038059222874,0.142803300858899));
#14805=CARTESIAN_POINT($,(-0.915,0.0520502525316941,0.145949747468306));
#14806=CARTESIAN_POINT('Origin',(-0.915,0.0535,0.138207106781186));
#14807=CARTESIAN_POINT('',(-0.935,0.047,0.138207106781186));
#14808=CARTESIAN_POINT('Origin',(-0.935,0.0535,0.138207106781186));
#14809=CARTESIAN_POINT('',(-0.915,0.047,0.138207106781186));
#14810=CARTESIAN_POINT($,(-0.915,0.047,0.138207106781186));
#14811=CARTESIAN_POINT('Origin',(-0.915,0.0535,0.138207106781186));
#14812=CARTESIAN_POINT('Origin',(-0.915,0.047,0.138207106781186));
#14813=CARTESIAN_POINT('',(-0.935,0.047,0.103));
#14814=CARTESIAN_POINT($,(-0.935,0.047,0.138207106781186));
#14815=CARTESIAN_POINT('',(-0.915,0.047,0.103));
#14816=CARTESIAN_POINT($,(-0.915,0.047,0.103));
#14817=CARTESIAN_POINT($,(-0.915,0.047,0.138207106781186));
#14818=CARTESIAN_POINT('Origin',(-0.915,0.057,0.103));
#14819=CARTESIAN_POINT('',(-0.935,0.0492035730460453,0.096737753857309));
#14820=CARTESIAN_POINT('Origin',(-0.935,0.057,0.103));
#14821=CARTESIAN_POINT('',(-0.915,0.0492035730460453,0.096737753857309));
#14822=CARTESIAN_POINT($,(-0.915,0.0492035730460453,0.096737753857309));
#14823=CARTESIAN_POINT('Origin',(-0.915,0.057,0.103));
#14824=CARTESIAN_POINT('Origin',(-0.915,0.045305359569068,0.0936066307859634));
#14825=CARTESIAN_POINT('',(-0.935,0.0502985072428409,0.0933449510047487));
#14826=CARTESIAN_POINT('Origin',(-0.935,0.045305359569068,0.0936066307859634));
#14827=CARTESIAN_POINT('',(-0.915,0.0502985072428409,0.0933449510047487));
#14828=CARTESIAN_POINT($,(-0.915,0.0502985072428409,0.0933449510047487));
#14829=CARTESIAN_POINT('Origin',(-0.915,0.045305359569068,0.0936066307859634));
#14830=CARTESIAN_POINT('Origin',(-0.915,0.0502985072428409,0.0933449510047487));
#14831=CARTESIAN_POINT('',(-0.935,0.042,-0.065));
#14832=CARTESIAN_POINT($,(-0.935,0.0502985072428409,0.0933449510047487));
#14833=CARTESIAN_POINT('',(-0.915,0.042,-0.065));
#14834=CARTESIAN_POINT($,(-0.915,0.042,-0.065));
#14835=CARTESIAN_POINT($,(-0.915,0.0502985072428409,0.0933449510047487));
#14836=CARTESIAN_POINT('Origin',(-0.915,0.042,-0.065));
#14837=CARTESIAN_POINT($,(-0.935,0.042,-0.065));
#14838=CARTESIAN_POINT($,(-0.915,0.057,-0.065));
#14839=CARTESIAN_POINT('Origin',(-0.915,0.079,0.05));
#14840=CARTESIAN_POINT('Origin',(-0.935,0.079,0.05));
#14841=CARTESIAN_POINT('Origin',(-0.865,0.057,0.141));
#14842=CARTESIAN_POINT('',(-0.865,0.0634435339741671,0.143735117899425));
#14843=CARTESIAN_POINT('',(-0.865,0.0520502525316941,0.145949747468306));
#14844=CARTESIAN_POINT('Origin',(-0.865,0.057,0.141));
#14845=CARTESIAN_POINT('',(-0.885,0.0634435339741671,0.143735117899425));
#14846=CARTESIAN_POINT($,(-0.865,0.0634435339741671,0.143735117899425));
#14847=CARTESIAN_POINT('',(-0.885,0.0520502525316941,0.145949747468306));
#14848=CARTESIAN_POINT('Origin',(-0.885,0.057,0.141));
#14849=CARTESIAN_POINT($,(-0.865,0.0520502525316941,0.145949747468306));
#14850=CARTESIAN_POINT('Origin',(-0.865,0.072,-0.065));
#14851=CARTESIAN_POINT('',(-0.885,0.072,-0.065));
#14852=CARTESIAN_POINT('',(-0.885,0.072,0.05));
#14853=CARTESIAN_POINT($,(-0.885,0.072,-0.065));
#14854=CARTESIAN_POINT('',(-0.865,0.072,0.05));
#14855=CARTESIAN_POINT($,(-0.865,0.072,0.05));
#14856=CARTESIAN_POINT('',(-0.865,0.072,-0.065));
#14857=CARTESIAN_POINT($,(-0.865,0.072,-0.065));
#14858=CARTESIAN_POINT($,(-0.865,0.072,-0.065));
#14859=CARTESIAN_POINT('Origin',(-0.865,0.079,0.05));
#14860=CARTESIAN_POINT('',(-0.885,0.0740502525316941,0.0549497474683057));
#14861=CARTESIAN_POINT('Origin',(-0.885,0.079,0.05));
#14862=CARTESIAN_POINT('',(-0.865,0.0740502525316941,0.0549497474683057));
#14863=CARTESIAN_POINT($,(-0.865,0.0740502525316941,0.0549497474683057));
#14864=CARTESIAN_POINT('Origin',(-0.865,0.079,0.05));
#14865=CARTESIAN_POINT('Origin',(-0.865,0.0740502525316941,0.0549497474683057));
#14866=CARTESIAN_POINT('',(-0.885,0.0805649711574554,0.0614644660940673));
#14867=CARTESIAN_POINT($,(-0.885,0.0740502525316941,0.0549497474683057));
#14868=CARTESIAN_POINT('',(-0.865,0.0805649711574554,0.0614644660940673));
#14869=CARTESIAN_POINT($,(-0.865,0.0805649711574554,0.0614644660940673));
#14870=CARTESIAN_POINT($,(-0.865,0.0740502525316941,0.0549497474683057));
#14871=CARTESIAN_POINT('Origin',(-0.865,0.0770294372515226,0.065));
#14872=CARTESIAN_POINT('',(-0.885,0.0805649711574553,0.0685355339059328));
#14873=CARTESIAN_POINT('Origin',(-0.885,0.0770294372515226,0.065));
#14874=CARTESIAN_POINT('',(-0.865,0.0805649711574553,0.0685355339059328));
#14875=CARTESIAN_POINT($,(-0.865,0.0805649711574553,0.0685355339059328));
#14876=CARTESIAN_POINT('Origin',(-0.865,0.0770294372515226,0.065));
#14877=CARTESIAN_POINT('Origin',(-0.865,0.0805649711574553,0.0685355339059328));
#14878=CARTESIAN_POINT('',(-0.885,0.0738180194846606,0.0752824855787274));
#14879=CARTESIAN_POINT($,(-0.885,0.0805649711574553,0.0685355339059328));
#14880=CARTESIAN_POINT('',(-0.865,0.0738180194846606,0.0752824855787274));
#14881=CARTESIAN_POINT($,(-0.865,0.0738180194846606,0.0752824855787274));
#14882=CARTESIAN_POINT($,(-0.865,0.0805649711574553,0.0685355339059328));
#14883=CARTESIAN_POINT('Origin',(-0.865,0.077,0.0784644660940668));
#14884=CARTESIAN_POINT('',(-0.885,0.0738180194846605,0.0816464466094063));
#14885=CARTESIAN_POINT('Origin',(-0.885,0.077,0.0784644660940668));
#14886=CARTESIAN_POINT('',(-0.865,0.0738180194846605,0.0816464466094063));
#14887=CARTESIAN_POINT($,(-0.865,0.0738180194846605,0.0816464466094063));
#14888=CARTESIAN_POINT('Origin',(-0.865,0.077,0.0784644660940668));
#14889=CARTESIAN_POINT('Origin',(-0.865,0.0738180194846605,0.0816464466094063));
#14890=CARTESIAN_POINT('',(-0.885,0.0806123586149421,0.0884407857396881));
#14891=CARTESIAN_POINT($,(-0.885,0.0738180194846605,0.0816464466094063));
#14892=CARTESIAN_POINT('',(-0.865,0.0806123586149421,0.0884407857396881));
#14893=CARTESIAN_POINT($,(-0.865,0.0806123586149421,0.0884407857396881));
#14894=CARTESIAN_POINT($,(-0.865,0.0738180194846605,0.0816464466094063));
#14895=CARTESIAN_POINT('Origin',(-0.865,0.0740531443546301,0.095));
#14896=CARTESIAN_POINT('',(-0.885,0.0825918668249761,0.0986244726512649));
#14897=CARTESIAN_POINT('Origin',(-0.885,0.0740531443546301,0.095));
#14898=CARTESIAN_POINT('',(-0.865,0.0825918668249761,0.0986244726512649));
#14899=CARTESIAN_POINT($,(-0.865,0.0825918668249761,0.0986244726512649));
#14900=CARTESIAN_POINT('Origin',(-0.865,0.0740531443546301,0.095));
#14901=CARTESIAN_POINT('Origin',(-0.865,0.0825918668249761,0.0986244726512649));
#14902=CARTESIAN_POINT($,(-0.885,0.0825918668249761,0.0986244726512649));
#14903=CARTESIAN_POINT($,(-0.865,0.0825918668249761,0.0986244726512649));
#14904=CARTESIAN_POINT('Origin',(-0.865,0.0520502525316941,0.145949747468306));
#14905=CARTESIAN_POINT('',(-0.885,0.0489038059222874,0.142803300858899));
#14906=CARTESIAN_POINT($,(-0.885,0.0520502525316941,0.145949747468306));
#14907=CARTESIAN_POINT('',(-0.865,0.0489038059222874,0.142803300858899));
#14908=CARTESIAN_POINT($,(-0.865,0.0489038059222874,0.142803300858899));
#14909=CARTESIAN_POINT($,(-0.865,0.0520502525316941,0.145949747468306));
#14910=CARTESIAN_POINT('Origin',(-0.865,0.0535,0.138207106781186));
#14911=CARTESIAN_POINT('',(-0.885,0.047,0.138207106781186));
#14912=CARTESIAN_POINT('Origin',(-0.885,0.0535,0.138207106781186));
#14913=CARTESIAN_POINT('',(-0.865,0.047,0.138207106781186));
#14914=CARTESIAN_POINT($,(-0.865,0.047,0.138207106781186));
#14915=CARTESIAN_POINT('Origin',(-0.865,0.0535,0.138207106781186));
#14916=CARTESIAN_POINT('Origin',(-0.865,0.047,0.138207106781186));
#14917=CARTESIAN_POINT('',(-0.885,0.047,0.103));
#14918=CARTESIAN_POINT($,(-0.885,0.047,0.138207106781186));
#14919=CARTESIAN_POINT('',(-0.865,0.047,0.103));
#14920=CARTESIAN_POINT($,(-0.865,0.047,0.103));
#14921=CARTESIAN_POINT($,(-0.865,0.047,0.138207106781186));
#14922=CARTESIAN_POINT('Origin',(-0.865,0.057,0.103));
#14923=CARTESIAN_POINT('',(-0.885,0.0492035730460453,0.096737753857309));
#14924=CARTESIAN_POINT('Origin',(-0.885,0.057,0.103));
#14925=CARTESIAN_POINT('',(-0.865,0.0492035730460453,0.096737753857309));
#14926=CARTESIAN_POINT($,(-0.865,0.0492035730460453,0.096737753857309));
#14927=CARTESIAN_POINT('Origin',(-0.865,0.057,0.103));
#14928=CARTESIAN_POINT('Origin',(-0.865,0.045305359569068,0.0936066307859634));
#14929=CARTESIAN_POINT('',(-0.885,0.0502985072428409,0.0933449510047487));
#14930=CARTESIAN_POINT('Origin',(-0.885,0.045305359569068,0.0936066307859634));
#14931=CARTESIAN_POINT('',(-0.865,0.0502985072428409,0.0933449510047487));
#14932=CARTESIAN_POINT($,(-0.865,0.0502985072428409,0.0933449510047487));
#14933=CARTESIAN_POINT('Origin',(-0.865,0.045305359569068,0.0936066307859634));
#14934=CARTESIAN_POINT('Origin',(-0.865,0.0502985072428409,0.0933449510047487));
#14935=CARTESIAN_POINT('',(-0.885,0.042,-0.065));
#14936=CARTESIAN_POINT($,(-0.885,0.0502985072428409,0.0933449510047487));
#14937=CARTESIAN_POINT('',(-0.865,0.042,-0.065));
#14938=CARTESIAN_POINT($,(-0.865,0.042,-0.065));
#14939=CARTESIAN_POINT($,(-0.865,0.0502985072428409,0.0933449510047487));
#14940=CARTESIAN_POINT('Origin',(-0.865,0.042,-0.065));
#14941=CARTESIAN_POINT($,(-0.885,0.042,-0.065));
#14942=CARTESIAN_POINT($,(-0.865,0.057,-0.065));
#14943=CARTESIAN_POINT('Origin',(-0.865,0.079,0.05));
#14944=CARTESIAN_POINT('Origin',(-0.885,0.079,0.05));
#14945=CARTESIAN_POINT('Origin',(-0.815,0.057,0.141));
#14946=CARTESIAN_POINT('',(-0.815,0.0634435339741671,0.143735117899425));
#14947=CARTESIAN_POINT('',(-0.815,0.0520502525316941,0.145949747468306));
#14948=CARTESIAN_POINT('Origin',(-0.815,0.057,0.141));
#14949=CARTESIAN_POINT('',(-0.835,0.0634435339741671,0.143735117899425));
#14950=CARTESIAN_POINT($,(-0.815,0.0634435339741671,0.143735117899425));
#14951=CARTESIAN_POINT('',(-0.835,0.0520502525316941,0.145949747468306));
#14952=CARTESIAN_POINT('Origin',(-0.835,0.057,0.141));
#14953=CARTESIAN_POINT($,(-0.815,0.0520502525316941,0.145949747468306));
#14954=CARTESIAN_POINT('Origin',(-0.815,0.072,-0.065));
#14955=CARTESIAN_POINT('',(-0.835,0.072,-0.065));
#14956=CARTESIAN_POINT('',(-0.835,0.072,0.05));
#14957=CARTESIAN_POINT($,(-0.835,0.072,-0.065));
#14958=CARTESIAN_POINT('',(-0.815,0.072,0.05));
#14959=CARTESIAN_POINT($,(-0.815,0.072,0.05));
#14960=CARTESIAN_POINT('',(-0.815,0.072,-0.065));
#14961=CARTESIAN_POINT($,(-0.815,0.072,-0.065));
#14962=CARTESIAN_POINT($,(-0.815,0.072,-0.065));
#14963=CARTESIAN_POINT('Origin',(-0.815,0.079,0.05));
#14964=CARTESIAN_POINT('',(-0.835,0.0740502525316941,0.0549497474683057));
#14965=CARTESIAN_POINT('Origin',(-0.835,0.079,0.05));
#14966=CARTESIAN_POINT('',(-0.815,0.0740502525316941,0.0549497474683057));
#14967=CARTESIAN_POINT($,(-0.815,0.0740502525316941,0.0549497474683057));
#14968=CARTESIAN_POINT('Origin',(-0.815,0.079,0.05));
#14969=CARTESIAN_POINT('Origin',(-0.815,0.0740502525316941,0.0549497474683057));
#14970=CARTESIAN_POINT('',(-0.835,0.0805649711574554,0.0614644660940673));
#14971=CARTESIAN_POINT($,(-0.835,0.0740502525316941,0.0549497474683057));
#14972=CARTESIAN_POINT('',(-0.815,0.0805649711574554,0.0614644660940673));
#14973=CARTESIAN_POINT($,(-0.815,0.0805649711574554,0.0614644660940673));
#14974=CARTESIAN_POINT($,(-0.815,0.0740502525316941,0.0549497474683057));
#14975=CARTESIAN_POINT('Origin',(-0.815,0.0770294372515226,0.065));
#14976=CARTESIAN_POINT('',(-0.835,0.0805649711574553,0.0685355339059328));
#14977=CARTESIAN_POINT('Origin',(-0.835,0.0770294372515226,0.065));
#14978=CARTESIAN_POINT('',(-0.815,0.0805649711574553,0.0685355339059328));
#14979=CARTESIAN_POINT($,(-0.815,0.0805649711574553,0.0685355339059328));
#14980=CARTESIAN_POINT('Origin',(-0.815,0.0770294372515226,0.065));
#14981=CARTESIAN_POINT('Origin',(-0.815,0.0805649711574553,0.0685355339059328));
#14982=CARTESIAN_POINT('',(-0.835,0.0738180194846606,0.0752824855787274));
#14983=CARTESIAN_POINT($,(-0.835,0.0805649711574553,0.0685355339059328));
#14984=CARTESIAN_POINT('',(-0.815,0.0738180194846606,0.0752824855787274));
#14985=CARTESIAN_POINT($,(-0.815,0.0738180194846606,0.0752824855787274));
#14986=CARTESIAN_POINT($,(-0.815,0.0805649711574553,0.0685355339059328));
#14987=CARTESIAN_POINT('Origin',(-0.815,0.077,0.0784644660940668));
#14988=CARTESIAN_POINT('',(-0.835,0.0738180194846605,0.0816464466094063));
#14989=CARTESIAN_POINT('Origin',(-0.835,0.077,0.0784644660940668));
#14990=CARTESIAN_POINT('',(-0.815,0.0738180194846605,0.0816464466094063));
#14991=CARTESIAN_POINT($,(-0.815,0.0738180194846605,0.0816464466094063));
#14992=CARTESIAN_POINT('Origin',(-0.815,0.077,0.0784644660940668));
#14993=CARTESIAN_POINT('Origin',(-0.815,0.0738180194846605,0.0816464466094063));
#14994=CARTESIAN_POINT('',(-0.835,0.0806123586149421,0.0884407857396881));
#14995=CARTESIAN_POINT($,(-0.835,0.0738180194846605,0.0816464466094063));
#14996=CARTESIAN_POINT('',(-0.815,0.0806123586149421,0.0884407857396881));
#14997=CARTESIAN_POINT($,(-0.815,0.0806123586149421,0.0884407857396881));
#14998=CARTESIAN_POINT($,(-0.815,0.0738180194846605,0.0816464466094063));
#14999=CARTESIAN_POINT('Origin',(-0.815,0.0740531443546301,0.095));
#15000=CARTESIAN_POINT('',(-0.835,0.0825918668249761,0.0986244726512649));
#15001=CARTESIAN_POINT('Origin',(-0.835,0.0740531443546301,0.095));
#15002=CARTESIAN_POINT('',(-0.815,0.0825918668249761,0.0986244726512649));
#15003=CARTESIAN_POINT($,(-0.815,0.0825918668249761,0.0986244726512649));
#15004=CARTESIAN_POINT('Origin',(-0.815,0.0740531443546301,0.095));
#15005=CARTESIAN_POINT('Origin',(-0.815,0.0825918668249761,0.0986244726512649));
#15006=CARTESIAN_POINT($,(-0.835,0.0825918668249761,0.0986244726512649));
#15007=CARTESIAN_POINT($,(-0.815,0.0825918668249761,0.0986244726512649));
#15008=CARTESIAN_POINT('Origin',(-0.815,0.0520502525316941,0.145949747468306));
#15009=CARTESIAN_POINT('',(-0.835,0.0489038059222874,0.142803300858899));
#15010=CARTESIAN_POINT($,(-0.835,0.0520502525316941,0.145949747468306));
#15011=CARTESIAN_POINT('',(-0.815,0.0489038059222874,0.142803300858899));
#15012=CARTESIAN_POINT($,(-0.815,0.0489038059222874,0.142803300858899));
#15013=CARTESIAN_POINT($,(-0.815,0.0520502525316941,0.145949747468306));
#15014=CARTESIAN_POINT('Origin',(-0.815,0.0535,0.138207106781186));
#15015=CARTESIAN_POINT('',(-0.835,0.047,0.138207106781186));
#15016=CARTESIAN_POINT('Origin',(-0.835,0.0535,0.138207106781186));
#15017=CARTESIAN_POINT('',(-0.815,0.047,0.138207106781186));
#15018=CARTESIAN_POINT($,(-0.815,0.047,0.138207106781186));
#15019=CARTESIAN_POINT('Origin',(-0.815,0.0535,0.138207106781186));
#15020=CARTESIAN_POINT('Origin',(-0.815,0.047,0.138207106781186));
#15021=CARTESIAN_POINT('',(-0.835,0.047,0.103));
#15022=CARTESIAN_POINT($,(-0.835,0.047,0.138207106781186));
#15023=CARTESIAN_POINT('',(-0.815,0.047,0.103));
#15024=CARTESIAN_POINT($,(-0.815,0.047,0.103));
#15025=CARTESIAN_POINT($,(-0.815,0.047,0.138207106781186));
#15026=CARTESIAN_POINT('Origin',(-0.815,0.057,0.103));
#15027=CARTESIAN_POINT('',(-0.835,0.0492035730460453,0.096737753857309));
#15028=CARTESIAN_POINT('Origin',(-0.835,0.057,0.103));
#15029=CARTESIAN_POINT('',(-0.815,0.0492035730460453,0.096737753857309));
#15030=CARTESIAN_POINT($,(-0.815,0.0492035730460453,0.096737753857309));
#15031=CARTESIAN_POINT('Origin',(-0.815,0.057,0.103));
#15032=CARTESIAN_POINT('Origin',(-0.815,0.045305359569068,0.0936066307859634));
#15033=CARTESIAN_POINT('',(-0.835,0.0502985072428409,0.0933449510047487));
#15034=CARTESIAN_POINT('Origin',(-0.835,0.045305359569068,0.0936066307859634));
#15035=CARTESIAN_POINT('',(-0.815,0.0502985072428409,0.0933449510047487));
#15036=CARTESIAN_POINT($,(-0.815,0.0502985072428409,0.0933449510047487));
#15037=CARTESIAN_POINT('Origin',(-0.815,0.045305359569068,0.0936066307859634));
#15038=CARTESIAN_POINT('Origin',(-0.815,0.0502985072428409,0.0933449510047487));
#15039=CARTESIAN_POINT('',(-0.835,0.042,-0.065));
#15040=CARTESIAN_POINT($,(-0.835,0.0502985072428409,0.0933449510047487));
#15041=CARTESIAN_POINT('',(-0.815,0.042,-0.065));
#15042=CARTESIAN_POINT($,(-0.815,0.042,-0.065));
#15043=CARTESIAN_POINT($,(-0.815,0.0502985072428409,0.0933449510047487));
#15044=CARTESIAN_POINT('Origin',(-0.815,0.042,-0.065));
#15045=CARTESIAN_POINT($,(-0.835,0.042,-0.065));
#15046=CARTESIAN_POINT($,(-0.815,0.057,-0.065));
#15047=CARTESIAN_POINT('Origin',(-0.815,0.079,0.05));
#15048=CARTESIAN_POINT('Origin',(-0.835,0.079,0.05));
#15049=CARTESIAN_POINT('Origin',(-0.535,-1.04083408558608E-017,-0.203327459504216));
#15050=CARTESIAN_POINT('',(-0.535,-1.04083408558608E-017,0.0268314064866767));
#15051=CARTESIAN_POINT('',(-0.535,-1.04083408558608E-017,0.0329999999999997));
#15052=CARTESIAN_POINT($,(-0.535,-1.04083408558608E-017,-0.203327459504216));
#15053=CARTESIAN_POINT('',(-0.535,0.02,0.0268314064866767));
#15054=CARTESIAN_POINT($,(-0.535,0.02,0.0268314064866767));
#15055=CARTESIAN_POINT('',(-0.535,0.02,0.0329999999999997));
#15056=CARTESIAN_POINT($,(-0.535,0.02,-0.203327459504216));
#15057=CARTESIAN_POINT($,(-0.535,-1.0842021724855E-017,0.0329999999999998));
#15058=CARTESIAN_POINT('Origin',(-0.665,0.025,0.0479999999999998));
#15059=CARTESIAN_POINT('',(-0.665,0.025,-0.0520000000000002));
#15060=CARTESIAN_POINT('',(-0.685,0.025,-0.0520000000000002));
#15061=CARTESIAN_POINT($,(-0.665,0.025,-0.0520000000000002));
#15062=CARTESIAN_POINT('',(-0.685,0.025,-0.0850000000000003));
#15063=CARTESIAN_POINT($,(-0.685,0.025,0.0479999999999998));
#15064=CARTESIAN_POINT('',(-0.665,0.025,-0.0850000000000003));
#15065=CARTESIAN_POINT($,(-0.665,0.025,-0.0850000000000003));
#15066=CARTESIAN_POINT($,(-0.665,0.025,0.0479999999999998));
#15067=CARTESIAN_POINT('Origin',(-0.665,0.05,0.0479999999999998));
#15068=CARTESIAN_POINT('',(-0.685,0.05,0.0479999999999998));
#15069=CARTESIAN_POINT('',(-0.685,0.025,0.0479999999999998));
#15070=CARTESIAN_POINT($,(-0.685,0.05,0.0479999999999998));
#15071=CARTESIAN_POINT('',(-0.66,0.,0.0479999999999998));
#15072=CARTESIAN_POINT('Origin',(-0.66,0.025,0.0479999999999998));
#15073=CARTESIAN_POINT('',(-0.55,0.,0.0479999999999998));
#15074=CARTESIAN_POINT($,(-0.665,0.,0.0479999999999998));
#15075=CARTESIAN_POINT('',(-0.55,0.02,0.0479999999999998));
#15076=CARTESIAN_POINT($,(-0.55,0.02,0.0479999999999998));
#15077=CARTESIAN_POINT('',(-0.66,0.02,0.0479999999999998));
#15078=CARTESIAN_POINT($,(-0.685,0.02,0.0479999999999998));
#15079=CARTESIAN_POINT('',(-0.665,0.025,0.0479999999999998));
#15080=CARTESIAN_POINT('Origin',(-0.66,0.025,0.0479999999999997));
#15081=CARTESIAN_POINT('',(-0.665,0.05,0.0479999999999998));
#15082=CARTESIAN_POINT($,(-0.665,0.05,0.0479999999999998));
#15083=CARTESIAN_POINT($,(-0.665,0.05,0.0479999999999998));
#15084=CARTESIAN_POINT('Origin',(-0.665,0.025,0.0479999999999998));
#15085=CARTESIAN_POINT('',(-0.685,0.025,-0.219));
#15086=CARTESIAN_POINT('',(-0.685,0.025,-0.23));
#15087=CARTESIAN_POINT($,(-0.685,0.025,0.0479999999999998));
#15088=CARTESIAN_POINT('',(-0.68,0.025,-0.235));
#15089=CARTESIAN_POINT($,(-0.68,0.025,-0.235));
#15090=CARTESIAN_POINT('',(-0.67,0.025,-0.235));
#15091=CARTESIAN_POINT($,(-0.665,0.025,-0.235));
#15092=CARTESIAN_POINT('',(-0.665,0.025,-0.23));
#15093=CARTESIAN_POINT($,(-0.665,0.025,-0.23));
#15094=CARTESIAN_POINT('',(-0.665,0.025,-0.219));
#15095=CARTESIAN_POINT($,(-0.665,0.025,0.0479999999999998));
#15096=CARTESIAN_POINT($,(-0.665,0.025,-0.219));
#15097=CARTESIAN_POINT('Origin',(-0.665,0.167,-0.235));
#15098=CARTESIAN_POINT('',(-0.68,0.167,-0.235));
#15099=CARTESIAN_POINT($,(-0.68,0.167,-0.235));
#15100=CARTESIAN_POINT('',(-0.67,0.167,-0.235));
#15101=CARTESIAN_POINT($,(-0.665,0.167,-0.235));
#15102=CARTESIAN_POINT($,(-0.67,0.025,-0.235));
#15103=CARTESIAN_POINT('Origin',(-0.665,0.167,-0.235));
#15104=CARTESIAN_POINT('',(-0.685,0.167,-0.23));
#15105=CARTESIAN_POINT($,(-0.68,0.167,-0.235));
#15106=CARTESIAN_POINT('',(-0.685,0.167,-0.185000000000001));
#15107=CARTESIAN_POINT($,(-0.685,0.167,-0.235));
#15108=CARTESIAN_POINT('',(-0.665,0.167,-0.185000000000001));
#15109=CARTESIAN_POINT($,(-0.665,0.167,-0.185000000000001));
#15110=CARTESIAN_POINT('',(-0.665,0.167,-0.23));
#15111=CARTESIAN_POINT($,(-0.665,0.167,-0.235));
#15112=CARTESIAN_POINT($,(-0.665,0.167,-0.23));
#15113=CARTESIAN_POINT('Origin',(-0.665,0.167,-0.185000000000001));
#15114=CARTESIAN_POINT('',(-0.685,0.05,-0.185));
#15115=CARTESIAN_POINT($,(-0.685,0.167,-0.185000000000001));
#15116=CARTESIAN_POINT('',(-0.665,0.05,-0.185));
#15117=CARTESIAN_POINT($,(-0.665,0.05,-0.185));
#15118=CARTESIAN_POINT($,(-0.665,0.167,-0.185000000000001));
#15119=CARTESIAN_POINT('Origin',(-0.665,0.05,0.0479999999999998));
#15120=CARTESIAN_POINT($,(-0.685,0.05,0.0479999999999998));
#15121=CARTESIAN_POINT($,(-0.665,0.05,0.0479999999999998));
#15122=CARTESIAN_POINT('Origin',(-0.665,0.,0.));
#15123=CARTESIAN_POINT($,(-0.665,0.167,-0.23));
#15124=CARTESIAN_POINT($,(-0.665,0.025,-0.0520000000000002));
#15125=CARTESIAN_POINT('',(-0.665,0.013,-0.0970000000000003));
#15126=CARTESIAN_POINT('Origin',(-0.665,0.0249999999999992,-0.0970000000000003));
#15127=CARTESIAN_POINT('',(-0.665,0.013,-0.207));
#15128=CARTESIAN_POINT($,(-0.665,0.013,-0.0970000000000003));
#15129=CARTESIAN_POINT('Origin',(-0.665,0.025,-0.207));
#15130=CARTESIAN_POINT('Origin',(-0.685,0.,0.));
#15131=CARTESIAN_POINT($,(-0.685,0.,-0.23));
#15132=CARTESIAN_POINT('',(-0.685,0.013,-0.207));
#15133=CARTESIAN_POINT('Origin',(-0.685,0.025,-0.207));
#15134=CARTESIAN_POINT('',(-0.685,0.013,-0.0970000000000003));
#15135=CARTESIAN_POINT($,(-0.685,0.013,-0.0970000000000003));
#15136=CARTESIAN_POINT('Origin',(-0.685,0.0249999999999992,-0.0970000000000003));
#15137=CARTESIAN_POINT($,(-0.685,0.025,3.06161699786838E-018));
#15138=CARTESIAN_POINT('Origin',(-0.665,0.0249999999999992,-0.0970000000000003));
#15139=CARTESIAN_POINT($,(-0.665,0.013,-0.0970000000000003));
#15140=CARTESIAN_POINT('Origin',(-0.665,0.013,-0.0970000000000003));
#15141=CARTESIAN_POINT($,(-0.665,0.013,-0.207));
#15142=CARTESIAN_POINT('Origin',(-0.665,0.025,-0.207));
#15143=CARTESIAN_POINT('Origin',(-0.665,0.,0.0479999999999998));
#15144=CARTESIAN_POINT('',(-0.66,1.22464679914735E-017,-0.0520000000000002));
#15145=CARTESIAN_POINT($,(-0.66,0.,0.0479999999999998));
#15146=CARTESIAN_POINT('',(-0.55,1.22464679914735E-017,-0.0520000000000002));
#15147=CARTESIAN_POINT($,(-0.665,1.22464679914735E-017,-0.0520000000000002));
#15148=CARTESIAN_POINT('',(-0.535,-1.04083408558608E-017,-0.0370000000000002));
#15149=CARTESIAN_POINT('Origin',(-0.55,1.04094977927525E-017,-0.0370000000000002));
#15150=CARTESIAN_POINT('',(-0.535,-1.04083408558608E-017,-0.0308314064866772));
#15151=CARTESIAN_POINT($,(-0.535,-1.04083408558608E-017,-0.203327459504216));
#15152=CARTESIAN_POINT('',(-0.543076923076923,2.14614495738163E-018,-0.0175246034928263));
#15153=CARTESIAN_POINT('Origin',(-0.55,1.0842021724855E-017,-0.0308314064866772));
#15154=CARTESIAN_POINT('',(-0.543076923076923,-1.65628623772262E-018,0.0135246034928258));
#15155=CARTESIAN_POINT('Origin',(-0.535,2.44929359829502E-019,-0.00200000000000025));
#15156=CARTESIAN_POINT('Origin',(-0.55,0.,0.0268314064866767));
#15157=CARTESIAN_POINT('Origin',(-0.55,0.,0.0329999999999998));
#15158=CARTESIAN_POINT('Origin',(-0.665,1.22464679914735E-017,-0.0520000000000002));
#15159=CARTESIAN_POINT('Origin',(-0.66,0.025,-0.0520000000000002));
#15160=CARTESIAN_POINT('',(-0.66,0.02,-0.0520000000000002));
#15161=CARTESIAN_POINT('Origin',(-0.66,0.025,-0.0520000000000002));
#15162=CARTESIAN_POINT('',(-0.55,0.02,-0.0520000000000002));
#15163=CARTESIAN_POINT($,(-0.685,0.02,-0.0520000000000002));
#15164=CARTESIAN_POINT($,(-0.55,-1.04083408558608E-017,-0.0520000000000002));
#15165=CARTESIAN_POINT('Origin',(-0.685,0.02,-0.203327459504216));
#15166=CARTESIAN_POINT($,(-0.66,0.02,0.0479999999999997));
#15167=CARTESIAN_POINT('Origin',(-0.55,0.02,0.0329999999999998));
#15168=CARTESIAN_POINT('',(-0.543076923076923,0.02,0.0135246034928258));
#15169=CARTESIAN_POINT('Origin',(-0.55,0.02,0.0268314064866767));
#15170=CARTESIAN_POINT('',(-0.543076923076923,0.02,-0.0175246034928263));
#15171=CARTESIAN_POINT('Origin',(-0.535,0.02,-0.00200000000000025));
#15172=CARTESIAN_POINT('',(-0.535,0.02,-0.0308314064866772));
#15173=CARTESIAN_POINT('Origin',(-0.55,0.02,-0.0308314064866772));
#15174=CARTESIAN_POINT('',(-0.535,0.02,-0.0370000000000002));
#15175=CARTESIAN_POINT($,(-0.535,0.02,-0.203327459504216));
#15176=CARTESIAN_POINT('Origin',(-0.55,0.02,-0.0370000000000002));
#15177=CARTESIAN_POINT('Origin',(-0.535,-1.04083408558608E-017,-0.203327459504216));
#15178=CARTESIAN_POINT($,(-0.535,-1.0842021724855E-017,-0.0308314064866772));
#15179=CARTESIAN_POINT($,(-0.535,0.02,-0.0370000000000002));
#15180=CARTESIAN_POINT('Origin',(-0.55,0.05,0.0329999999999998));
#15181=CARTESIAN_POINT('Origin',(-0.55,1.22464679914735E-017,-0.0370000000000002));
#15182=CARTESIAN_POINT('Origin',(-0.535,0.0694974746830583,-0.00200000000000025));
#15183=CARTESIAN_POINT($,(-0.543076923076923,0.0694974746830583,-0.0175246034928263));
#15184=CARTESIAN_POINT($,(-0.543076923076923,0.0694974746830583,0.0135246034928258));
#15185=CARTESIAN_POINT('Origin',(-0.55,0.0694974746830583,-0.0308314064866772));
#15186=CARTESIAN_POINT('Origin',(-0.55,0.0694974746830583,0.0268314064866767));
#15187=CARTESIAN_POINT('Origin',(-0.66,0.025,0.0479999999999998));
#15188=CARTESIAN_POINT('Origin',(-0.66,0.025,-0.203327459504216));
#15189=CARTESIAN_POINT('Origin',(-0.68,0.167,-0.235));
#15190=CARTESIAN_POINT('Origin',(-0.665,0.,-0.23));
#15191=CARTESIAN_POINT('Origin',(-1.215,-1.04083408558608E-017,-0.203327459504216));
#15192=CARTESIAN_POINT('',(-1.215,-1.04083408558608E-017,0.0268314064866767));
#15193=CARTESIAN_POINT('',(-1.215,-1.04083408558608E-017,0.0329999999999997));
#15194=CARTESIAN_POINT($,(-1.215,-1.04083408558608E-017,-0.203327459504216));
#15195=CARTESIAN_POINT('',(-1.215,0.02,0.0329999999999997));
#15196=CARTESIAN_POINT($,(-1.215,-1.0842021724855E-017,0.0329999999999998));
#15197=CARTESIAN_POINT('',(-1.215,0.02,0.0268314064866767));
#15198=CARTESIAN_POINT($,(-1.215,0.02,-0.203327459504216));
#15199=CARTESIAN_POINT($,(-1.215,0.02,0.0268314064866767));
#15200=CARTESIAN_POINT('Origin',(-1.085,0.025,0.0479999999999998));
#15201=CARTESIAN_POINT('',(-1.085,0.025,-0.0520000000000002));
#15202=CARTESIAN_POINT('',(-1.065,0.025,-0.0520000000000002));
#15203=CARTESIAN_POINT($,(-1.085,0.025,-0.0520000000000002));
#15204=CARTESIAN_POINT('',(-1.085,0.025,-0.0850000000000003));
#15205=CARTESIAN_POINT($,(-1.085,0.025,0.0479999999999998));
#15206=CARTESIAN_POINT('',(-1.065,0.025,-0.0850000000000003));
#15207=CARTESIAN_POINT($,(-1.085,0.025,-0.0850000000000003));
#15208=CARTESIAN_POINT($,(-1.065,0.025,0.0479999999999998));
#15209=CARTESIAN_POINT('Origin',(-1.085,0.05,0.0479999999999998));
#15210=CARTESIAN_POINT('',(-1.065,0.05,0.0479999999999998));
#15211=CARTESIAN_POINT('',(-1.065,0.025,0.0479999999999998));
#15212=CARTESIAN_POINT($,(-1.065,0.05,0.0479999999999998));
#15213=CARTESIAN_POINT('',(-1.085,0.05,0.0479999999999998));
#15214=CARTESIAN_POINT($,(-1.085,0.05,0.0479999999999998));
#15215=CARTESIAN_POINT('',(-1.085,0.025,0.0479999999999998));
#15216=CARTESIAN_POINT($,(-1.085,0.05,0.0479999999999998));
#15217=CARTESIAN_POINT('',(-1.09,0.02,0.0479999999999998));
#15218=CARTESIAN_POINT('Origin',(-1.09,0.025,0.0479999999999997));
#15219=CARTESIAN_POINT('',(-1.2,0.02,0.0479999999999998));
#15220=CARTESIAN_POINT($,(-1.065,0.02,0.0479999999999998));
#15221=CARTESIAN_POINT('',(-1.2,0.,0.0479999999999998));
#15222=CARTESIAN_POINT($,(-1.2,0.02,0.0479999999999998));
#15223=CARTESIAN_POINT('',(-1.09,0.,0.0479999999999998));
#15224=CARTESIAN_POINT($,(-1.085,0.,0.0479999999999998));
#15225=CARTESIAN_POINT('Origin',(-1.09,0.025,0.0479999999999998));
#15226=CARTESIAN_POINT('Origin',(-1.085,0.025,0.0479999999999998));
#15227=CARTESIAN_POINT('',(-1.065,0.025,-0.219));
#15228=CARTESIAN_POINT('',(-1.065,0.025,-0.23));
#15229=CARTESIAN_POINT($,(-1.065,0.025,0.0479999999999998));
#15230=CARTESIAN_POINT('',(-1.085,0.025,-0.219));
#15231=CARTESIAN_POINT($,(-1.085,0.025,-0.219));
#15232=CARTESIAN_POINT('',(-1.085,0.025,-0.23));
#15233=CARTESIAN_POINT($,(-1.085,0.025,0.0479999999999998));
#15234=CARTESIAN_POINT('',(-1.08,0.025,-0.235));
#15235=CARTESIAN_POINT($,(-1.085,0.025,-0.23));
#15236=CARTESIAN_POINT('',(-1.07,0.025,-0.235));
#15237=CARTESIAN_POINT($,(-1.085,0.025,-0.235));
#15238=CARTESIAN_POINT($,(-1.07,0.025,-0.235));
#15239=CARTESIAN_POINT('Origin',(-1.085,0.167,-0.235));
#15240=CARTESIAN_POINT('',(-1.08,0.167,-0.235));
#15241=CARTESIAN_POINT($,(-1.08,0.025,-0.235));
#15242=CARTESIAN_POINT('',(-1.07,0.167,-0.235));
#15243=CARTESIAN_POINT($,(-1.085,0.167,-0.235));
#15244=CARTESIAN_POINT($,(-1.07,0.167,-0.235));
#15245=CARTESIAN_POINT('Origin',(-1.085,0.167,-0.235));
#15246=CARTESIAN_POINT('',(-1.085,0.167,-0.23));
#15247=CARTESIAN_POINT($,(-1.085,0.167,-0.23));
#15248=CARTESIAN_POINT('',(-1.085,0.167,-0.185000000000001));
#15249=CARTESIAN_POINT($,(-1.085,0.167,-0.235));
#15250=CARTESIAN_POINT('',(-1.065,0.167,-0.185000000000001));
#15251=CARTESIAN_POINT($,(-1.085,0.167,-0.185000000000001));
#15252=CARTESIAN_POINT('',(-1.065,0.167,-0.23));
#15253=CARTESIAN_POINT($,(-1.065,0.167,-0.235));
#15254=CARTESIAN_POINT($,(-1.07,0.167,-0.235));
#15255=CARTESIAN_POINT('Origin',(-1.085,0.167,-0.185000000000001));
#15256=CARTESIAN_POINT('',(-1.065,0.05,-0.185));
#15257=CARTESIAN_POINT($,(-1.065,0.167,-0.185000000000001));
#15258=CARTESIAN_POINT('',(-1.085,0.05,-0.185));
#15259=CARTESIAN_POINT($,(-1.085,0.167,-0.185000000000001));
#15260=CARTESIAN_POINT($,(-1.085,0.05,-0.185));
#15261=CARTESIAN_POINT('Origin',(-1.085,0.05,0.0479999999999998));
#15262=CARTESIAN_POINT($,(-1.065,0.05,0.0479999999999998));
#15263=CARTESIAN_POINT($,(-1.085,0.05,0.0479999999999998));
#15264=CARTESIAN_POINT('Origin',(-1.085,0.,0.));
#15265=CARTESIAN_POINT('',(-1.085,0.013,-0.207));
#15266=CARTESIAN_POINT('Origin',(-1.085,0.025,-0.207));
#15267=CARTESIAN_POINT('',(-1.085,0.013,-0.0970000000000003));
#15268=CARTESIAN_POINT($,(-1.085,0.013,-0.0970000000000003));
#15269=CARTESIAN_POINT('Origin',(-1.085,0.0249999999999992,-0.0970000000000003));
#15270=CARTESIAN_POINT($,(-1.085,0.025,-0.0520000000000002));
#15271=CARTESIAN_POINT($,(-1.085,0.167,-0.23));
#15272=CARTESIAN_POINT('Origin',(-1.065,0.,0.));
#15273=CARTESIAN_POINT($,(-1.065,0.025,3.06161699786838E-018));
#15274=CARTESIAN_POINT('',(-1.065,0.013,-0.0970000000000003));
#15275=CARTESIAN_POINT('Origin',(-1.065,0.0249999999999992,-0.0970000000000003));
#15276=CARTESIAN_POINT('',(-1.065,0.013,-0.207));
#15277=CARTESIAN_POINT($,(-1.065,0.013,-0.0970000000000003));
#15278=CARTESIAN_POINT('Origin',(-1.065,0.025,-0.207));
#15279=CARTESIAN_POINT($,(-1.065,0.,-0.23));
#15280=CARTESIAN_POINT('Origin',(-1.085,0.0249999999999992,-0.0970000000000003));
#15281=CARTESIAN_POINT($,(-1.085,0.013,-0.0970000000000003));
#15282=CARTESIAN_POINT('Origin',(-1.085,0.013,-0.0970000000000003));
#15283=CARTESIAN_POINT($,(-1.085,0.013,-0.207));
#15284=CARTESIAN_POINT('Origin',(-1.085,0.025,-0.207));
#15285=CARTESIAN_POINT('Origin',(-1.085,0.,0.0479999999999998));
#15286=CARTESIAN_POINT('Origin',(-1.2,0.,0.0329999999999998));
#15287=CARTESIAN_POINT('',(-1.20692307692308,-1.65628623772262E-018,0.0135246034928258));
#15288=CARTESIAN_POINT('Origin',(-1.2,0.,0.0268314064866767));
#15289=CARTESIAN_POINT('',(-1.20692307692308,2.14614495738163E-018,-0.0175246034928263));
#15290=CARTESIAN_POINT('Origin',(-1.215,2.44929359829502E-019,-0.00200000000000025));
#15291=CARTESIAN_POINT('',(-1.215,-1.04083408558608E-017,-0.0308314064866772));
#15292=CARTESIAN_POINT('Origin',(-1.2,1.0842021724855E-017,-0.0308314064866772));
#15293=CARTESIAN_POINT('',(-1.215,-1.04083408558608E-017,-0.0370000000000002));
#15294=CARTESIAN_POINT($,(-1.215,-1.04083408558608E-017,-0.203327459504216));
#15295=CARTESIAN_POINT('',(-1.2,1.22464679914735E-017,-0.0520000000000002));
#15296=CARTESIAN_POINT('Origin',(-1.2,1.04094977927525E-017,-0.0370000000000002));
#15297=CARTESIAN_POINT('',(-1.09,1.22464679914735E-017,-0.0520000000000002));
#15298=CARTESIAN_POINT($,(-1.085,1.22464679914735E-017,-0.0520000000000002));
#15299=CARTESIAN_POINT($,(-1.09,0.,0.0479999999999998));
#15300=CARTESIAN_POINT('Origin',(-1.085,1.22464679914735E-017,-0.0520000000000002));
#15301=CARTESIAN_POINT('',(-1.2,0.02,-0.0520000000000002));
#15302=CARTESIAN_POINT($,(-1.2,-1.04083408558608E-017,-0.0520000000000002));
#15303=CARTESIAN_POINT('',(-1.09,0.02,-0.0520000000000002));
#15304=CARTESIAN_POINT($,(-1.065,0.02,-0.0520000000000002));
#15305=CARTESIAN_POINT('Origin',(-1.09,0.025,-0.0520000000000002));
#15306=CARTESIAN_POINT('Origin',(-1.09,0.025,-0.0520000000000002));
#15307=CARTESIAN_POINT('Origin',(-1.065,0.02,-0.203327459504216));
#15308=CARTESIAN_POINT('',(-1.215,0.02,-0.0370000000000002));
#15309=CARTESIAN_POINT('Origin',(-1.2,0.02,-0.0370000000000002));
#15310=CARTESIAN_POINT('',(-1.215,0.02,-0.0308314064866772));
#15311=CARTESIAN_POINT($,(-1.215,0.02,-0.203327459504216));
#15312=CARTESIAN_POINT('',(-1.20692307692308,0.02,-0.0175246034928263));
#15313=CARTESIAN_POINT('Origin',(-1.2,0.02,-0.0308314064866772));
#15314=CARTESIAN_POINT('',(-1.20692307692308,0.02,0.0135246034928258));
#15315=CARTESIAN_POINT('Origin',(-1.215,0.02,-0.00200000000000025));
#15316=CARTESIAN_POINT('Origin',(-1.2,0.02,0.0268314064866767));
#15317=CARTESIAN_POINT('Origin',(-1.2,0.02,0.0329999999999998));
#15318=CARTESIAN_POINT($,(-1.09,0.02,0.0479999999999997));
#15319=CARTESIAN_POINT('Origin',(-1.215,-1.04083408558608E-017,-0.203327459504216));
#15320=CARTESIAN_POINT($,(-1.215,0.02,-0.0370000000000002));
#15321=CARTESIAN_POINT($,(-1.215,-1.0842021724855E-017,-0.0308314064866772));
#15322=CARTESIAN_POINT('Origin',(-1.2,0.05,0.0329999999999998));
#15323=CARTESIAN_POINT('Origin',(-1.2,1.22464679914735E-017,-0.0370000000000002));
#15324=CARTESIAN_POINT('Origin',(-1.215,0.0694974746830583,-0.00200000000000025));
#15325=CARTESIAN_POINT($,(-1.20692307692308,0.0694974746830583,0.0135246034928258));
#15326=CARTESIAN_POINT($,(-1.20692307692308,0.0694974746830583,-0.0175246034928263));
#15327=CARTESIAN_POINT('Origin',(-1.2,0.0694974746830583,-0.0308314064866772));
#15328=CARTESIAN_POINT('Origin',(-1.2,0.0694974746830583,0.0268314064866767));
#15329=CARTESIAN_POINT('Origin',(-1.09,0.025,0.0479999999999998));
#15330=CARTESIAN_POINT('Origin',(-1.09,0.025,-0.203327459504216));
#15331=CARTESIAN_POINT('Origin',(-1.07,0.167,-0.235));
#15332=CARTESIAN_POINT('Origin',(-1.085,0.,-0.23));
#15333=CARTESIAN_POINT('Origin',(-0.765,0.,-0.25));
#15334=CARTESIAN_POINT('',(-0.785,1.21972744404619E-017,-0.25));
#15335=CARTESIAN_POINT('',(-0.785,0.,-0.305));
#15336=CARTESIAN_POINT($,(-0.785,0.,-0.25));
#15337=CARTESIAN_POINT('',(-0.765,0.,-0.305));
#15338=CARTESIAN_POINT($,(-0.765,0.,-0.305));
#15339=CARTESIAN_POINT('',(-0.765,1.21972744404619E-017,-0.25));
#15340=CARTESIAN_POINT($,(-0.765,0.,-0.25));
#15341=CARTESIAN_POINT($,(-0.765,1.21972744404619E-017,-0.25));
#15342=CARTESIAN_POINT('Origin',(-0.765,0.,-0.305));
#15343=CARTESIAN_POINT('',(-0.785,0.012,-0.305));
#15344=CARTESIAN_POINT($,(-0.785,0.,-0.305));
#15345=CARTESIAN_POINT('',(-0.765,0.012,-0.305));
#15346=CARTESIAN_POINT($,(-0.765,0.012,-0.305));
#15347=CARTESIAN_POINT($,(-0.765,0.,-0.305));
#15348=CARTESIAN_POINT('Origin',(-0.765,0.012,-0.295));
#15349=CARTESIAN_POINT('',(-0.785,0.022,-0.295));
#15350=CARTESIAN_POINT('Origin',(-0.785,0.012,-0.295));
#15351=CARTESIAN_POINT('',(-0.765,0.022,-0.295));
#15352=CARTESIAN_POINT($,(-0.765,0.022,-0.295));
#15353=CARTESIAN_POINT('Origin',(-0.765,0.012,-0.295));
#15354=CARTESIAN_POINT('Origin',(-0.765,0.022,-0.295));
#15355=CARTESIAN_POINT('',(-0.785,0.022,-0.267));
#15356=CARTESIAN_POINT($,(-0.785,0.022,-0.295));
#15357=CARTESIAN_POINT('',(-0.765,0.022,-0.267));
#15358=CARTESIAN_POINT($,(-0.765,0.022,-0.267));
#15359=CARTESIAN_POINT($,(-0.765,0.022,-0.295));
#15360=CARTESIAN_POINT('Origin',(-0.765,0.032,-0.267));
#15361=CARTESIAN_POINT('',(-0.785,0.0249289321881345,-0.259928932188135));
#15362=CARTESIAN_POINT('Origin',(-0.785,0.032,-0.267));
#15363=CARTESIAN_POINT('',(-0.765,0.0249289321881345,-0.259928932188135));
#15364=CARTESIAN_POINT($,(-0.765,0.0249289321881345,-0.259928932188135));
#15365=CARTESIAN_POINT('Origin',(-0.765,0.032,-0.267));
#15366=CARTESIAN_POINT('Origin',(-0.765,0.0249289321881345,-0.259928932188135));
#15367=CARTESIAN_POINT('',(-0.785,0.0519999999999999,-0.232857864376269));
#15368=CARTESIAN_POINT($,(-0.785,0.0249289321881345,-0.259928932188135));
#15369=CARTESIAN_POINT('',(-0.765,0.0519999999999999,-0.232857864376269));
#15370=CARTESIAN_POINT($,(-0.765,0.0519999999999999,-0.232857864376269));
#15371=CARTESIAN_POINT($,(-0.765,0.0249289321881345,-0.259928932188135));
#15372=CARTESIAN_POINT('Origin',(-0.765,0.0661421356237311,-0.247));
#15373=CARTESIAN_POINT('',(-0.785,0.0661421356237311,-0.227));
#15374=CARTESIAN_POINT('Origin',(-0.785,0.0661421356237311,-0.247));
#15375=CARTESIAN_POINT('',(-0.765,0.0661421356237311,-0.227));
#15376=CARTESIAN_POINT($,(-0.765,0.0661421356237311,-0.227));
#15377=CARTESIAN_POINT('Origin',(-0.765,0.0661421356237311,-0.247));
#15378=CARTESIAN_POINT('Origin',(-0.765,0.066142135623731,-0.227));
#15379=CARTESIAN_POINT('',(-0.785,0.167,-0.227));
#15380=CARTESIAN_POINT($,(-0.785,0.066142135623731,-0.227));
#15381=CARTESIAN_POINT('',(-0.765,0.167,-0.227));
#15382=CARTESIAN_POINT($,(-0.765,0.167,-0.227));
#15383=CARTESIAN_POINT($,(-0.765,0.066142135623731,-0.227));
#15384=CARTESIAN_POINT('Origin',(-0.765,0.167,-0.227));
#15385=CARTESIAN_POINT('',(-0.785,0.167,-0.185));
#15386=CARTESIAN_POINT($,(-0.785,0.167,-0.227));
#15387=CARTESIAN_POINT('',(-0.765,0.167,-0.185));
#15388=CARTESIAN_POINT($,(-0.765,0.167,-0.185));
#15389=CARTESIAN_POINT($,(-0.765,0.167,-0.227));
#15390=CARTESIAN_POINT('Origin',(-0.765,0.167,-0.185));
#15391=CARTESIAN_POINT('',(-0.785,0.025,-0.185));
#15392=CARTESIAN_POINT($,(-0.785,0.167,-0.185));
#15393=CARTESIAN_POINT('',(-0.765,0.025,-0.185));
#15394=CARTESIAN_POINT($,(-0.765,0.025,-0.185));
#15395=CARTESIAN_POINT($,(-0.765,0.167,-0.185));
#15396=CARTESIAN_POINT('Origin',(-0.765,0.025,-0.185));
#15397=CARTESIAN_POINT('',(-0.785,0.00797756448159559,-0.205286548683762));
#15398=CARTESIAN_POINT($,(-0.785,0.025,-0.185));
#15399=CARTESIAN_POINT('',(-0.765,0.00797756448159559,-0.205286548683762));
#15400=CARTESIAN_POINT($,(-0.765,0.00797756448159559,-0.205286548683762));
#15401=CARTESIAN_POINT($,(-0.765,0.025,-0.185));
#15402=CARTESIAN_POINT('Origin',(-0.765,0.0171700977990233,-0.213));
#15403=CARTESIAN_POINT('',(-0.785,0.00647801950876285,-0.218447885996875));
#15404=CARTESIAN_POINT('Origin',(-0.785,0.0171700977990233,-0.213));
#15405=CARTESIAN_POINT('',(-0.765,0.00647801950876285,-0.218447885996875));
#15406=CARTESIAN_POINT($,(-0.765,0.00647801950876285,-0.218447885996875));
#15407=CARTESIAN_POINT('Origin',(-0.765,0.0171700977990233,-0.213));
#15408=CARTESIAN_POINT('Origin',(-0.765,0.00647801950876284,-0.218447885996875));
#15409=CARTESIAN_POINT('',(-0.785,0.0109942465631023,-0.227311480658968));
#15410=CARTESIAN_POINT($,(-0.785,0.00647801950876284,-0.218447885996875));
#15411=CARTESIAN_POINT('',(-0.765,0.0109942465631023,-0.227311480658968));
#15412=CARTESIAN_POINT($,(-0.765,0.0109942465631023,-0.227311480658968));
#15413=CARTESIAN_POINT($,(-0.765,0.00647801950876284,-0.218447885996875));
#15414=CARTESIAN_POINT('Origin',(-0.765,0.00297518784540697,-0.231397395156624));
#15415=CARTESIAN_POINT('',(-0.785,0.00933914887608596,-0.237761356187303));
#15416=CARTESIAN_POINT('Origin',(-0.785,0.00297518784540697,-0.231397395156624));
#15417=CARTESIAN_POINT('',(-0.765,0.00933914887608596,-0.237761356187303));
#15418=CARTESIAN_POINT($,(-0.765,0.00933914887608596,-0.237761356187303));
#15419=CARTESIAN_POINT('Origin',(-0.765,0.00297518784540697,-0.231397395156624));
#15420=CARTESIAN_POINT('Origin',(-0.765,0.00933914887608593,-0.237761356187303));
#15421=CARTESIAN_POINT('',(-0.785,0.00205025253169417,-0.245050252531694));
#15422=CARTESIAN_POINT($,(-0.785,0.00933914887608593,-0.237761356187303));
#15423=CARTESIAN_POINT('',(-0.765,0.00205025253169417,-0.245050252531694));
#15424=CARTESIAN_POINT($,(-0.765,0.00205025253169417,-0.245050252531694));
#15425=CARTESIAN_POINT($,(-0.765,0.00933914887608593,-0.237761356187303));
#15426=CARTESIAN_POINT('Origin',(-0.765,0.007,-0.25));
#15427=CARTESIAN_POINT('Origin',(-0.785,0.007,-0.25));
#15428=CARTESIAN_POINT('Origin',(-0.765,0.007,-0.25));
#15429=CARTESIAN_POINT('Origin',(-0.765,0.012,-0.295));
#15430=CARTESIAN_POINT('Origin',(-0.785,0.012,-0.295));
#15431=CARTESIAN_POINT('Origin',(-0.765,0.1675,0.055));
#15432=CARTESIAN_POINT('',(-0.785,0.135,0.055));
#15433=CARTESIAN_POINT('',(-0.785,0.1675,0.055));
#15434=CARTESIAN_POINT($,(-0.785,0.1675,0.055));
#15435=CARTESIAN_POINT('',(-0.765,0.1675,0.055));
#15436=CARTESIAN_POINT($,(-0.765,0.1675,0.055));
#15437=CARTESIAN_POINT('',(-0.765,0.135,0.055));
#15438=CARTESIAN_POINT($,(-0.765,0.1675,0.055));
#15439=CARTESIAN_POINT($,(-0.765,0.135,0.055));
#15440=CARTESIAN_POINT('Origin',(-0.765,0.1675,0.055));
#15441=CARTESIAN_POINT('',(-0.785,0.1675,0.098364367672207));
#15442=CARTESIAN_POINT($,(-0.785,0.1675,0.055));
#15443=CARTESIAN_POINT('',(-0.765,0.1675,0.098364367672207));
#15444=CARTESIAN_POINT($,(-0.765,0.1675,0.098364367672207));
#15445=CARTESIAN_POINT($,(-0.765,0.1675,0.055));
#15446=CARTESIAN_POINT('Origin',(-0.765,0.1475,0.098364367672207));
#15447=CARTESIAN_POINT('',(-0.785,0.159055555555556,0.114688250047502));
#15448=CARTESIAN_POINT('Origin',(-0.785,0.1475,0.098364367672207));
#15449=CARTESIAN_POINT('',(-0.765,0.159055555555556,0.114688250047502));
#15450=CARTESIAN_POINT($,(-0.765,0.159055555555556,0.114688250047502));
#15451=CARTESIAN_POINT('Origin',(-0.765,0.1475,0.098364367672207));
#15452=CARTESIAN_POINT('Origin',(-0.765,0.1345,0.08));
#15453=CARTESIAN_POINT('',(-0.785,0.135,0.122497058721752));
#15454=CARTESIAN_POINT('Origin',(-0.785,0.1345,0.08));
#15455=CARTESIAN_POINT('',(-0.765,0.135,0.122497058721752));
#15456=CARTESIAN_POINT($,(-0.765,0.135,0.122497058721752));
#15457=CARTESIAN_POINT('Origin',(-0.765,0.1345,0.08));
#15458=CARTESIAN_POINT('Origin',(-0.765,0.135,0.100767949192431));
#15459=CARTESIAN_POINT('',(-0.785,0.135,0.100767949192431));
#15460=CARTESIAN_POINT($,(-0.785,0.135,0.100767949192431));
#15461=CARTESIAN_POINT('',(-0.765,0.135,0.100767949192431));
#15462=CARTESIAN_POINT($,(-0.765,0.135,0.100767949192431));
#15463=CARTESIAN_POINT($,(-0.765,0.135,0.100767949192431));
#15464=CARTESIAN_POINT('Origin',(-0.765,0.135,0.0857679491924311));
#15465=CARTESIAN_POINT('',(-0.785,0.1425,0.0987583302491977));
#15466=CARTESIAN_POINT('Origin',(-0.785,0.135,0.0857679491924311));
#15467=CARTESIAN_POINT('',(-0.765,0.1425,0.0987583302491977));
#15468=CARTESIAN_POINT($,(-0.765,0.1425,0.0987583302491977));
#15469=CARTESIAN_POINT('Origin',(-0.765,0.135,0.0857679491924311));
#15470=CARTESIAN_POINT('Origin',(-0.765,0.147,0.0961602540378444));
#15471=CARTESIAN_POINT('',(-0.785,0.147,0.0961602540378444));
#15472=CARTESIAN_POINT($,(-0.785,0.147,0.0961602540378444));
#15473=CARTESIAN_POINT('',(-0.765,0.147,0.0961602540378444));
#15474=CARTESIAN_POINT($,(-0.765,0.147,0.0961602540378444));
#15475=CARTESIAN_POINT($,(-0.765,0.147,0.0961602540378444));
#15476=CARTESIAN_POINT('Origin',(-0.765,0.142,0.0875));
#15477=CARTESIAN_POINT('',(-0.785,0.152,0.0875));
#15478=CARTESIAN_POINT('Origin',(-0.785,0.142,0.0875));
#15479=CARTESIAN_POINT('',(-0.765,0.152,0.0875));
#15480=CARTESIAN_POINT($,(-0.765,0.152,0.0875));
#15481=CARTESIAN_POINT('Origin',(-0.765,0.142,0.0875));
#15482=CARTESIAN_POINT('Origin',(-0.765,0.152,0.0875));
#15483=CARTESIAN_POINT('',(-0.785,0.152,0.0725));
#15484=CARTESIAN_POINT($,(-0.785,0.152,0.0875));
#15485=CARTESIAN_POINT('',(-0.765,0.152,0.0725));
#15486=CARTESIAN_POINT($,(-0.765,0.152,0.0725));
#15487=CARTESIAN_POINT($,(-0.765,0.152,0.0875));
#15488=CARTESIAN_POINT('Origin',(-0.765,0.142,0.0725));
#15489=CARTESIAN_POINT('',(-0.785,0.147,0.0638397459621556));
#15490=CARTESIAN_POINT('Origin',(-0.785,0.142,0.0725));
#15491=CARTESIAN_POINT('',(-0.765,0.147,0.0638397459621556));
#15492=CARTESIAN_POINT($,(-0.765,0.147,0.0638397459621556));
#15493=CARTESIAN_POINT('Origin',(-0.765,0.142,0.0725));
#15494=CARTESIAN_POINT('Origin',(-0.765,0.147,0.0638397459621556));
#15495=CARTESIAN_POINT('',(-0.785,0.1425,0.0612416697508023));
#15496=CARTESIAN_POINT($,(-0.785,0.147,0.0638397459621556));
#15497=CARTESIAN_POINT('',(-0.765,0.1425,0.0612416697508023));
#15498=CARTESIAN_POINT($,(-0.765,0.1425,0.0612416697508023));
#15499=CARTESIAN_POINT($,(-0.765,0.147,0.0638397459621556));
#15500=CARTESIAN_POINT('Origin',(-0.765,0.135,0.0742320508075689));
#15501=CARTESIAN_POINT('',(-0.785,0.135,0.0592320508075689));
#15502=CARTESIAN_POINT('Origin',(-0.785,0.135,0.0742320508075689));
#15503=CARTESIAN_POINT('',(-0.765,0.135,0.0592320508075689));
#15504=CARTESIAN_POINT($,(-0.765,0.135,0.0592320508075689));
#15505=CARTESIAN_POINT('Origin',(-0.765,0.135,0.0742320508075689));
#15506=CARTESIAN_POINT('Origin',(-0.765,0.135,0.0592320508075689));
#15507=CARTESIAN_POINT($,(-0.785,0.135,0.0592320508075689));
#15508=CARTESIAN_POINT($,(-0.765,0.135,0.0592320508075689));
#15509=CARTESIAN_POINT('Origin',(-0.765,0.135,0.0742320508075689));
#15510=CARTESIAN_POINT('Origin',(-0.785,0.135,0.0742320508075689));
#15511=CARTESIAN_POINT('Origin',(-0.765,0.057,0.141));
#15512=CARTESIAN_POINT('',(-0.765,0.0634435339741671,0.143735117899425));
#15513=CARTESIAN_POINT('',(-0.765,0.0520502525316941,0.145949747468306));
#15514=CARTESIAN_POINT('Origin',(-0.765,0.057,0.141));
#15515=CARTESIAN_POINT('',(-0.785,0.0634435339741671,0.143735117899425));
#15516=CARTESIAN_POINT($,(-0.765,0.0634435339741671,0.143735117899425));
#15517=CARTESIAN_POINT('',(-0.785,0.0520502525316941,0.145949747468306));
#15518=CARTESIAN_POINT('Origin',(-0.785,0.057,0.141));
#15519=CARTESIAN_POINT($,(-0.765,0.0520502525316941,0.145949747468306));
#15520=CARTESIAN_POINT('Origin',(-0.765,0.072,-0.065));
#15521=CARTESIAN_POINT('',(-0.785,0.072,-0.065));
#15522=CARTESIAN_POINT('',(-0.785,0.072,0.05));
#15523=CARTESIAN_POINT($,(-0.785,0.072,-0.065));
#15524=CARTESIAN_POINT('',(-0.765,0.072,0.05));
#15525=CARTESIAN_POINT($,(-0.765,0.072,0.05));
#15526=CARTESIAN_POINT('',(-0.765,0.072,-0.065));
#15527=CARTESIAN_POINT($,(-0.765,0.072,-0.065));
#15528=CARTESIAN_POINT($,(-0.765,0.072,-0.065));
#15529=CARTESIAN_POINT('Origin',(-0.765,0.079,0.05));
#15530=CARTESIAN_POINT('',(-0.785,0.0740502525316941,0.0549497474683057));
#15531=CARTESIAN_POINT('Origin',(-0.785,0.079,0.05));
#15532=CARTESIAN_POINT('',(-0.765,0.0740502525316941,0.0549497474683057));
#15533=CARTESIAN_POINT($,(-0.765,0.0740502525316941,0.0549497474683057));
#15534=CARTESIAN_POINT('Origin',(-0.765,0.079,0.05));
#15535=CARTESIAN_POINT('Origin',(-0.765,0.0740502525316941,0.0549497474683057));
#15536=CARTESIAN_POINT('',(-0.785,0.0805649711574554,0.0614644660940673));
#15537=CARTESIAN_POINT($,(-0.785,0.0740502525316941,0.0549497474683057));
#15538=CARTESIAN_POINT('',(-0.765,0.0805649711574554,0.0614644660940673));
#15539=CARTESIAN_POINT($,(-0.765,0.0805649711574554,0.0614644660940673));
#15540=CARTESIAN_POINT($,(-0.765,0.0740502525316941,0.0549497474683057));
#15541=CARTESIAN_POINT('Origin',(-0.765,0.0770294372515226,0.065));
#15542=CARTESIAN_POINT('',(-0.785,0.0805649711574553,0.0685355339059328));
#15543=CARTESIAN_POINT('Origin',(-0.785,0.0770294372515226,0.065));
#15544=CARTESIAN_POINT('',(-0.765,0.0805649711574553,0.0685355339059328));
#15545=CARTESIAN_POINT($,(-0.765,0.0805649711574553,0.0685355339059328));
#15546=CARTESIAN_POINT('Origin',(-0.765,0.0770294372515226,0.065));
#15547=CARTESIAN_POINT('Origin',(-0.765,0.0805649711574553,0.0685355339059328));
#15548=CARTESIAN_POINT('',(-0.785,0.0738180194846606,0.0752824855787274));
#15549=CARTESIAN_POINT($,(-0.785,0.0805649711574553,0.0685355339059328));
#15550=CARTESIAN_POINT('',(-0.765,0.0738180194846606,0.0752824855787274));
#15551=CARTESIAN_POINT($,(-0.765,0.0738180194846606,0.0752824855787274));
#15552=CARTESIAN_POINT($,(-0.765,0.0805649711574553,0.0685355339059328));
#15553=CARTESIAN_POINT('Origin',(-0.765,0.077,0.0784644660940668));
#15554=CARTESIAN_POINT('',(-0.785,0.0738180194846605,0.0816464466094063));
#15555=CARTESIAN_POINT('Origin',(-0.785,0.077,0.0784644660940668));
#15556=CARTESIAN_POINT('',(-0.765,0.0738180194846605,0.0816464466094063));
#15557=CARTESIAN_POINT($,(-0.765,0.0738180194846605,0.0816464466094063));
#15558=CARTESIAN_POINT('Origin',(-0.765,0.077,0.0784644660940668));
#15559=CARTESIAN_POINT('Origin',(-0.765,0.0738180194846605,0.0816464466094063));
#15560=CARTESIAN_POINT('',(-0.785,0.0806123586149421,0.0884407857396881));
#15561=CARTESIAN_POINT($,(-0.785,0.0738180194846605,0.0816464466094063));
#15562=CARTESIAN_POINT('',(-0.765,0.0806123586149421,0.0884407857396881));
#15563=CARTESIAN_POINT($,(-0.765,0.0806123586149421,0.0884407857396881));
#15564=CARTESIAN_POINT($,(-0.765,0.0738180194846605,0.0816464466094063));
#15565=CARTESIAN_POINT('Origin',(-0.765,0.0740531443546301,0.095));
#15566=CARTESIAN_POINT('',(-0.785,0.0825918668249761,0.0986244726512649));
#15567=CARTESIAN_POINT('Origin',(-0.785,0.0740531443546301,0.095));
#15568=CARTESIAN_POINT('',(-0.765,0.0825918668249761,0.0986244726512649));
#15569=CARTESIAN_POINT($,(-0.765,0.0825918668249761,0.0986244726512649));
#15570=CARTESIAN_POINT('Origin',(-0.765,0.0740531443546301,0.095));
#15571=CARTESIAN_POINT('Origin',(-0.765,0.0825918668249761,0.0986244726512649));
#15572=CARTESIAN_POINT($,(-0.785,0.0825918668249761,0.0986244726512649));
#15573=CARTESIAN_POINT($,(-0.765,0.0825918668249761,0.0986244726512649));
#15574=CARTESIAN_POINT('Origin',(-0.765,0.0520502525316941,0.145949747468306));
#15575=CARTESIAN_POINT('',(-0.785,0.0489038059222874,0.142803300858899));
#15576=CARTESIAN_POINT($,(-0.785,0.0520502525316941,0.145949747468306));
#15577=CARTESIAN_POINT('',(-0.765,0.0489038059222874,0.142803300858899));
#15578=CARTESIAN_POINT($,(-0.765,0.0489038059222874,0.142803300858899));
#15579=CARTESIAN_POINT($,(-0.765,0.0520502525316941,0.145949747468306));
#15580=CARTESIAN_POINT('Origin',(-0.765,0.0535,0.138207106781186));
#15581=CARTESIAN_POINT('',(-0.785,0.047,0.138207106781186));
#15582=CARTESIAN_POINT('Origin',(-0.785,0.0535,0.138207106781186));
#15583=CARTESIAN_POINT('',(-0.765,0.047,0.138207106781186));
#15584=CARTESIAN_POINT($,(-0.765,0.047,0.138207106781186));
#15585=CARTESIAN_POINT('Origin',(-0.765,0.0535,0.138207106781186));
#15586=CARTESIAN_POINT('Origin',(-0.765,0.047,0.138207106781186));
#15587=CARTESIAN_POINT('',(-0.785,0.047,0.103));
#15588=CARTESIAN_POINT($,(-0.785,0.047,0.138207106781186));
#15589=CARTESIAN_POINT('',(-0.765,0.047,0.103));
#15590=CARTESIAN_POINT($,(-0.765,0.047,0.103));
#15591=CARTESIAN_POINT($,(-0.765,0.047,0.138207106781186));
#15592=CARTESIAN_POINT('Origin',(-0.765,0.057,0.103));
#15593=CARTESIAN_POINT('',(-0.785,0.0492035730460453,0.096737753857309));
#15594=CARTESIAN_POINT('Origin',(-0.785,0.057,0.103));
#15595=CARTESIAN_POINT('',(-0.765,0.0492035730460453,0.096737753857309));
#15596=CARTESIAN_POINT($,(-0.765,0.0492035730460453,0.096737753857309));
#15597=CARTESIAN_POINT('Origin',(-0.765,0.057,0.103));
#15598=CARTESIAN_POINT('Origin',(-0.765,0.045305359569068,0.0936066307859634));
#15599=CARTESIAN_POINT('',(-0.785,0.0502985072428409,0.0933449510047487));
#15600=CARTESIAN_POINT('Origin',(-0.785,0.045305359569068,0.0936066307859634));
#15601=CARTESIAN_POINT('',(-0.765,0.0502985072428409,0.0933449510047487));
#15602=CARTESIAN_POINT($,(-0.765,0.0502985072428409,0.0933449510047487));
#15603=CARTESIAN_POINT('Origin',(-0.765,0.045305359569068,0.0936066307859634));
#15604=CARTESIAN_POINT('Origin',(-0.765,0.0502985072428409,0.0933449510047487));
#15605=CARTESIAN_POINT('',(-0.785,0.042,-0.065));
#15606=CARTESIAN_POINT($,(-0.785,0.0502985072428409,0.0933449510047487));
#15607=CARTESIAN_POINT('',(-0.765,0.042,-0.065));
#15608=CARTESIAN_POINT($,(-0.765,0.042,-0.065));
#15609=CARTESIAN_POINT($,(-0.765,0.0502985072428409,0.0933449510047487));
#15610=CARTESIAN_POINT('Origin',(-0.765,0.042,-0.065));
#15611=CARTESIAN_POINT($,(-0.785,0.042,-0.065));
#15612=CARTESIAN_POINT($,(-0.765,0.057,-0.065));
#15613=CARTESIAN_POINT('Origin',(-0.765,0.079,0.05));
#15614=CARTESIAN_POINT('Origin',(-0.785,0.079,0.05));
#15615=CARTESIAN_POINT('Origin',(-0.885,0.177,0.015));
#15616=CARTESIAN_POINT('',(-0.915,0.177,0.015));
#15617=CARTESIAN_POINT('',(-0.915,0.135,0.015));
#15618=CARTESIAN_POINT($,(-0.915,0.177,0.015));
#15619=CARTESIAN_POINT('',(-0.885,0.135,0.015));
#15620=CARTESIAN_POINT($,(-0.885,0.135,0.015));
#15621=CARTESIAN_POINT('',(-0.885,0.177,0.015));
#15622=CARTESIAN_POINT($,(-0.885,0.177,0.015));
#15623=CARTESIAN_POINT($,(-0.885,0.177,0.015));
#15624=CARTESIAN_POINT('Origin',(-0.885,0.,0.));
#15625=CARTESIAN_POINT('',(-0.885,0.168869317712169,0.055));
#15626=CARTESIAN_POINT('',(-0.885,0.177,0.055));
#15627=CARTESIAN_POINT($,(-0.885,0.2,0.055));
#15628=CARTESIAN_POINT($,(-0.885,0.177,0.0825));
#15629=CARTESIAN_POINT('',(-0.885,0.135,0.0375029412782484));
#15630=CARTESIAN_POINT($,(-0.885,0.135,0.015));
#15631=CARTESIAN_POINT('Origin',(-0.885,0.1345,0.08));
#15632=CARTESIAN_POINT('Origin',(-0.915,0.,0.));
#15633=CARTESIAN_POINT('',(-0.915,0.135,0.0375029412782484));
#15634=CARTESIAN_POINT('',(-0.915,0.168869317712169,0.055));
#15635=CARTESIAN_POINT('Origin',(-0.915,0.1345,0.08));
#15636=CARTESIAN_POINT($,(-0.915,0.135,0.015));
#15637=CARTESIAN_POINT('',(-0.915,0.177,0.055));
#15638=CARTESIAN_POINT($,(-0.915,0.177,0.0825));
#15639=CARTESIAN_POINT($,(-0.915,0.2,0.055));
#15640=CARTESIAN_POINT('Origin',(-0.885,0.177,0.0825));
#15641=CARTESIAN_POINT($,(-1.03,0.177,0.055));
#15642=CARTESIAN_POINT('Origin',(-0.835,0.177,0.015));
#15643=CARTESIAN_POINT('',(-0.865,0.177,0.015));
#15644=CARTESIAN_POINT('',(-0.865,0.135,0.015));
#15645=CARTESIAN_POINT($,(-0.865,0.177,0.015));
#15646=CARTESIAN_POINT('',(-0.835,0.135,0.015));
#15647=CARTESIAN_POINT($,(-0.835,0.135,0.015));
#15648=CARTESIAN_POINT('',(-0.835,0.177,0.015));
#15649=CARTESIAN_POINT($,(-0.835,0.0885,0.015));
#15650=CARTESIAN_POINT($,(-0.835,0.177,0.015));
#15651=CARTESIAN_POINT('Origin',(-0.865,0.,0.));
#15652=CARTESIAN_POINT('',(-0.865,0.135,0.0375029412782484));
#15653=CARTESIAN_POINT('',(-0.865,0.168869317712169,0.055));
#15654=CARTESIAN_POINT('Origin',(-0.865,0.1345,0.08));
#15655=CARTESIAN_POINT($,(-0.865,0.135,0.015));
#15656=CARTESIAN_POINT('',(-0.865,0.177,0.055));
#15657=CARTESIAN_POINT($,(-0.865,0.177,0.0825));
#15658=CARTESIAN_POINT($,(-0.865,0.2,0.055));
#15659=CARTESIAN_POINT('Origin',(-0.835,0.177,0.0825));
#15660=CARTESIAN_POINT('',(-0.835,0.177,0.055));
#15661=CARTESIAN_POINT($,(-0.835,0.177,0.04125));
#15662=CARTESIAN_POINT($,(-1.03,0.177,0.055));
#15663=CARTESIAN_POINT('Origin',(-0.935,0.177,0.015));
#15664=CARTESIAN_POINT('',(-0.965,0.177,0.015));
#15665=CARTESIAN_POINT('',(-0.965,0.135,0.015));
#15666=CARTESIAN_POINT($,(-0.965,0.177,0.015));
#15667=CARTESIAN_POINT('',(-0.935,0.135,0.015));
#15668=CARTESIAN_POINT($,(-0.935,0.135,0.015));
#15669=CARTESIAN_POINT('',(-0.935,0.177,0.015));
#15670=CARTESIAN_POINT($,(-0.935,0.177,0.015));
#15671=CARTESIAN_POINT($,(-0.935,0.177,0.015));
#15672=CARTESIAN_POINT('Origin',(-0.935,0.,0.));
#15673=CARTESIAN_POINT('',(-0.935,0.168869317712169,0.055));
#15674=CARTESIAN_POINT('',(-0.935,0.177,0.055));
#15675=CARTESIAN_POINT($,(-0.935,0.2,0.055));
#15676=CARTESIAN_POINT($,(-0.935,0.177,0.0825));
#15677=CARTESIAN_POINT('',(-0.935,0.135,0.0375029412782484));
#15678=CARTESIAN_POINT($,(-0.935,0.135,0.015));
#15679=CARTESIAN_POINT('Origin',(-0.935,0.1345,0.08));
#15680=CARTESIAN_POINT('Origin',(-0.965,0.,0.));
#15681=CARTESIAN_POINT('',(-0.965,0.135,0.055));
#15682=CARTESIAN_POINT($,(-0.965,0.135,0.015));
#15683=CARTESIAN_POINT('',(-0.965,0.177,0.055));
#15684=CARTESIAN_POINT($,(-0.965,0.177,0.0825));
#15685=CARTESIAN_POINT($,(-0.965,0.2,0.055));
#15686=CARTESIAN_POINT('Origin',(-0.935,0.177,0.0825));
#15687=CARTESIAN_POINT($,(-1.03,0.177,0.055));
#15688=CARTESIAN_POINT('Origin',(-0.9055,0.177,0.0825));
#15689=CARTESIAN_POINT('',(-1.03,0.177,0.055));
#15690=CARTESIAN_POINT('',(-1.03,0.177,0.015));
#15691=CARTESIAN_POINT($,(-1.03,0.177,0.0825));
#15692=CARTESIAN_POINT('',(-0.985,0.177,0.015));
#15693=CARTESIAN_POINT($,(-0.9055,0.177,0.015));
#15694=CARTESIAN_POINT('',(-0.985,0.177,0.055));
#15695=CARTESIAN_POINT($,(-0.985,0.177,0.0825));
#15696=CARTESIAN_POINT($,(-1.03,0.177,0.055));
#15697=CARTESIAN_POINT('Origin',(-0.985,0.1345,0.08));
#15698=CARTESIAN_POINT('',(-0.985,0.135,0.015));
#15699=CARTESIAN_POINT($,(-0.985,0.177,0.015));
#15700=CARTESIAN_POINT('',(-0.985,0.135,0.055));
#15701=CARTESIAN_POINT($,(-0.985,0.135,0.0825));
#15702=CARTESIAN_POINT($,(-0.985,0.2,0.055));
#15703=CARTESIAN_POINT('Origin',(-1.085,0.,-0.227));
#15704=CARTESIAN_POINT('',(-1.093,0.0249999999999998,-0.235));
#15705=CARTESIAN_POINT('',(-1.085,0.025,-0.227));
#15706=CARTESIAN_POINT($,(-1.085,0.0249999999999998,-0.227));
#15707=CARTESIAN_POINT('',(-1.093,0.167,-0.235));
#15708=CARTESIAN_POINT($,(-1.093,0.025,-0.235));
#15709=CARTESIAN_POINT('',(-1.085,0.167,-0.227));
#15710=CARTESIAN_POINT($,(-1.085,0.167,-0.227));
#15711=CARTESIAN_POINT($,(-1.085,0.167,-0.227));
#15712=CARTESIAN_POINT('Origin',(-1.057,-2.48114892741246,-0.235));
#15713=CARTESIAN_POINT('',(-1.065,0.025,-0.227));
#15714=CARTESIAN_POINT('',(-1.057,0.0249999999999998,-0.235));
#15715=CARTESIAN_POINT($,(-1.057,0.025,-0.235));
#15716=CARTESIAN_POINT('',(-1.065,0.167,-0.227));
#15717=CARTESIAN_POINT($,(-1.065,0.,-0.227));
#15718=CARTESIAN_POINT('',(-1.057,0.167,-0.235));
#15719=CARTESIAN_POINT($,(-1.057,0.167,-0.235));
#15720=CARTESIAN_POINT($,(-1.057,-2.48114892741246,-0.235));
#15721=CARTESIAN_POINT('Origin',(-1.085,0.,0.));
#15722=CARTESIAN_POINT('',(-1.085,0.025,0.0479999999999998));
#15723=CARTESIAN_POINT($,(-1.085,0.025,0.0479999999999998));
#15724=CARTESIAN_POINT('',(-1.085,0.167,-0.185000000000001));
#15725=CARTESIAN_POINT($,(-1.085,0.167,-0.235));
#15726=CARTESIAN_POINT('',(-1.085,0.05,-0.185));
#15727=CARTESIAN_POINT($,(-1.085,0.167,-0.185000000000001));
#15728=CARTESIAN_POINT('',(-1.085,0.05,0.0479999999999998));
#15729=CARTESIAN_POINT($,(-1.085,0.05,0.0479999999999998));
#15730=CARTESIAN_POINT($,(-1.085,0.05,0.0479999999999998));
#15731=CARTESIAN_POINT('Origin',(-1.065,0.,0.));
#15732=CARTESIAN_POINT('',(-1.065,0.167,-0.185000000000001));
#15733=CARTESIAN_POINT($,(-1.065,0.167,-0.235));
#15734=CARTESIAN_POINT('',(-1.065,0.025,0.0479999999999998));
#15735=CARTESIAN_POINT($,(-1.065,0.025,0.0479999999999998));
#15736=CARTESIAN_POINT('',(-1.065,0.05,0.0479999999999998));
#15737=CARTESIAN_POINT($,(-1.065,0.05,0.0479999999999998));
#15738=CARTESIAN_POINT('',(-1.065,0.05,-0.185));
#15739=CARTESIAN_POINT($,(-1.065,0.05,0.0479999999999998));
#15740=CARTESIAN_POINT($,(-1.065,0.167,-0.185000000000001));
#15741=CARTESIAN_POINT('Origin',(-1.065,0.05,0.0479999999999998));
#15742=CARTESIAN_POINT($,(-1.065,0.05,-0.185));
#15743=CARTESIAN_POINT($,(-1.065,0.05,0.0479999999999998));
#15744=CARTESIAN_POINT('Origin',(-1.065,0.05,0.0479999999999998));
#15745=CARTESIAN_POINT($,(-1.065,0.025,0.0479999999999998));
#15746=CARTESIAN_POINT('Origin',(-0.885,0.1345,0.08));
#15747=CARTESIAN_POINT($,(-0.885,0.135,0.0375029412782484));
#15748=CARTESIAN_POINT($,(-0.885,0.168869317712169,0.055));
#15749=CARTESIAN_POINT('Origin',(-0.935,0.1345,0.08));
#15750=CARTESIAN_POINT($,(-0.935,0.135,0.0375029412782484));
#15751=CARTESIAN_POINT($,(-0.935,0.168869317712169,0.055));
#15752=CARTESIAN_POINT('Origin',(-0.8375,0.,-0.227));
#15753=CARTESIAN_POINT('',(-0.845499999999999,0.0249999999999999,-0.235));
#15754=CARTESIAN_POINT('',(-0.8375,0.0249999999999999,-0.227));
#15755=CARTESIAN_POINT($,(-0.8375,0.0249999999999999,-0.227));
#15756=CARTESIAN_POINT('',(-0.8455,0.167,-0.235));
#15757=CARTESIAN_POINT($,(-0.8455,0.0249999999999999,-0.235));
#15758=CARTESIAN_POINT('',(-0.8375,0.167,-0.227));
#15759=CARTESIAN_POINT($,(-0.8375,0.167,-0.227));
#15760=CARTESIAN_POINT($,(-0.8375,0.167,-0.227));
#15761=CARTESIAN_POINT('Origin',(-0.8875,0.,-0.227));
#15762=CARTESIAN_POINT('',(-0.8955,0.0249999999999998,-0.235));
#15763=CARTESIAN_POINT('',(-0.8875,0.0249999999999999,-0.227));
#15764=CARTESIAN_POINT($,(-0.8875,0.0249999999999999,-0.227));
#15765=CARTESIAN_POINT('',(-0.8955,0.167,-0.235));
#15766=CARTESIAN_POINT($,(-0.8955,0.0249999999999999,-0.235));
#15767=CARTESIAN_POINT('',(-0.8875,0.167,-0.227));
#15768=CARTESIAN_POINT($,(-0.8875,0.167,-0.227));
#15769=CARTESIAN_POINT($,(-0.8875,0.167,-0.227));
#15770=CARTESIAN_POINT('Origin',(-0.854499999999999,-2.48114892741246,-0.235));
#15771=CARTESIAN_POINT('',(-0.862499999999999,0.0249999999999999,-0.227));
#15772=CARTESIAN_POINT('',(-0.854499999999999,0.0249999999999999,-0.235));
#15773=CARTESIAN_POINT($,(-0.854499999999999,0.025,-0.235));
#15774=CARTESIAN_POINT('',(-0.862499999999999,0.167,-0.227));
#15775=CARTESIAN_POINT($,(-0.862499999999999,0.0249999999999999,-0.227));
#15776=CARTESIAN_POINT('',(-0.854499999999999,0.167,-0.235));
#15777=CARTESIAN_POINT($,(-0.854499999999999,0.167,-0.235));
#15778=CARTESIAN_POINT($,(-0.854499999999999,0.167,-0.235));
#15779=CARTESIAN_POINT('Origin',(-0.9375,0.,-0.227));
#15780=CARTESIAN_POINT('',(-0.9455,0.0249999999999998,-0.235));
#15781=CARTESIAN_POINT('',(-0.9375,0.0249999999999998,-0.227));
#15782=CARTESIAN_POINT($,(-0.9375,0.0249999999999998,-0.227));
#15783=CARTESIAN_POINT('',(-0.9455,0.167,-0.235));
#15784=CARTESIAN_POINT($,(-0.9455,0.0249999999999998,-0.235));
#15785=CARTESIAN_POINT('',(-0.9375,0.167,-0.227));
#15786=CARTESIAN_POINT($,(-0.9375,0.167,-0.227));
#15787=CARTESIAN_POINT($,(-0.9375,0.167,-0.227));
#15788=CARTESIAN_POINT('Origin',(-0.9045,-2.48114892741246,-0.235));
#15789=CARTESIAN_POINT('',(-0.912499999999999,0.0249999999999998,-0.227));
#15790=CARTESIAN_POINT('',(-0.9045,0.0249999999999998,-0.235));
#15791=CARTESIAN_POINT($,(-0.9045,0.025,-0.235));
#15792=CARTESIAN_POINT('',(-0.9125,0.167,-0.227));
#15793=CARTESIAN_POINT($,(-0.9125,0.0249999999999998,-0.227));
#15794=CARTESIAN_POINT('',(-0.9045,0.167,-0.235));
#15795=CARTESIAN_POINT($,(-0.9045,0.167,-0.235));
#15796=CARTESIAN_POINT($,(-0.9045,0.167,-0.235));
#15797=CARTESIAN_POINT('Origin',(-0.9375,0.,-0.235));
#15798=CARTESIAN_POINT('',(-0.9375,0.025,-0.203));
#15799=CARTESIAN_POINT($,(-0.9375,0.0249999999999998,-0.235000000000007));
#15800=CARTESIAN_POINT('',(-0.9375,0.167,-0.185));
#15801=CARTESIAN_POINT($,(-0.9375,0.167,-0.235));
#15802=CARTESIAN_POINT('',(-0.9375,0.002,-0.185));
#15803=CARTESIAN_POINT($,(-0.9375,0.,-0.185));
#15804=CARTESIAN_POINT('',(-0.9375,0.00199999999999922,-0.203));
#15805=CARTESIAN_POINT($,(-0.937500000000001,0.002,-3.25260651745651E-015));
#15806=CARTESIAN_POINT($,(-0.9375,0.00199999999999922,-0.203));
#15807=CARTESIAN_POINT('Origin',(-0.9125,0.,-0.235));
#15808=CARTESIAN_POINT('',(-0.9125,0.167,-0.185));
#15809=CARTESIAN_POINT($,(-0.9125,0.167,-0.235));
#15810=CARTESIAN_POINT('',(-0.9125,0.025,-0.203));
#15811=CARTESIAN_POINT($,(-0.912499999999999,0.0249999999999998,-0.235));
#15812=CARTESIAN_POINT('',(-0.9125,0.00199999999999922,-0.203));
#15813=CARTESIAN_POINT($,(-0.9125,0.00199999999999922,-0.203));
#15814=CARTESIAN_POINT('',(-0.9125,0.002,-0.185));
#15815=CARTESIAN_POINT($,(-0.9125,0.002,0.));
#15816=CARTESIAN_POINT($,(-0.9125,0.,-0.185));
#15817=CARTESIAN_POINT('Origin',(-0.8875,0.,-0.235));
#15818=CARTESIAN_POINT('',(-0.8875,0.025,-0.203));
#15819=CARTESIAN_POINT($,(-0.8875,0.0249999999999999,-0.235000000000007));
#15820=CARTESIAN_POINT('',(-0.8875,0.167,-0.185));
#15821=CARTESIAN_POINT($,(-0.8875,0.167,-0.235));
#15822=CARTESIAN_POINT('',(-0.8875,0.002,-0.185));
#15823=CARTESIAN_POINT($,(-0.8875,0.,-0.185));
#15824=CARTESIAN_POINT('',(-0.8875,0.00199999999999922,-0.203));
#15825=CARTESIAN_POINT($,(-0.887500000000001,0.002,-3.07913416985883E-015));
#15826=CARTESIAN_POINT($,(-0.8875,0.00199999999999922,-0.203));
#15827=CARTESIAN_POINT('Origin',(-0.862499999999999,0.,-0.235));
#15828=CARTESIAN_POINT('',(-0.862499999999999,0.167,-0.185));
#15829=CARTESIAN_POINT($,(-0.862499999999999,0.167,-0.235));
#15830=CARTESIAN_POINT('',(-0.862499999999999,0.025,-0.203));
#15831=CARTESIAN_POINT($,(-0.862499999999999,0.0249999999999999,-0.235));
#15832=CARTESIAN_POINT('',(-0.862499999999999,0.00199999999999922,-0.203));
#15833=CARTESIAN_POINT($,(-0.862499999999999,0.00199999999999922,-0.203));
#15834=CARTESIAN_POINT('',(-0.862499999999999,0.002,-0.185));
#15835=CARTESIAN_POINT($,(-0.862499999999999,0.002,0.));
#15836=CARTESIAN_POINT($,(-0.862499999999999,0.,-0.185));
#15837=CARTESIAN_POINT('Origin',(-0.8375,0.,-0.235));
#15838=CARTESIAN_POINT('',(-0.8375,0.025,-0.203));
#15839=CARTESIAN_POINT($,(-0.8375,0.0249999999999999,-0.235000000000007));
#15840=CARTESIAN_POINT('',(-0.8375,0.167,-0.185));
#15841=CARTESIAN_POINT($,(-0.8375,0.167,-0.235));
#15842=CARTESIAN_POINT('',(-0.8375,0.002,-0.185));
#15843=CARTESIAN_POINT($,(-0.8375,0.,-0.185));
#15844=CARTESIAN_POINT('',(-0.8375,0.00199999999999922,-0.203));
#15845=CARTESIAN_POINT($,(-0.837500000000001,0.002,-2.90566182226115E-015));
#15846=CARTESIAN_POINT($,(-0.8375,0.00199999999999922,-0.203));
#15847=CARTESIAN_POINT('Origin',(-0.9125,0.,0.));
#15848=CARTESIAN_POINT('',(-0.9125,0.057,0.18));
#15849=CARTESIAN_POINT('',(-0.9125,0.030625608246402,0.215));
#15850=CARTESIAN_POINT($,(-0.9125,0.030625608246402,0.215));
#15851=CARTESIAN_POINT('',(-0.9125,0.057,-0.065));
#15852=CARTESIAN_POINT($,(-0.9125,0.057,0.18));
#15853=CARTESIAN_POINT('',(-0.9125,0.030625608246402,-0.065));
#15854=CARTESIAN_POINT($,(-0.9125,0.057,-0.065));
#15855=CARTESIAN_POINT($,(-0.9125,0.030625608246402,0.215));
#15856=CARTESIAN_POINT('Origin',(-0.9375,0.,0.));
#15857=CARTESIAN_POINT('',(-0.9375,0.057,0.18));
#15858=CARTESIAN_POINT('',(-0.9375,0.030625608246402,0.215));
#15859=CARTESIAN_POINT($,(-0.9375,0.030625608246402,0.215));
#15860=CARTESIAN_POINT('',(-0.9375,0.030625608246402,-0.065));
#15861=CARTESIAN_POINT($,(-0.9375,0.030625608246402,0.215));
#15862=CARTESIAN_POINT('',(-0.9375,0.057,-0.065));
#15863=CARTESIAN_POINT($,(-0.9375,0.057,-0.065));
#15864=CARTESIAN_POINT($,(-0.9375,0.057,0.18));
#15865=CARTESIAN_POINT('Origin',(-0.9375,0.030625608246402,0.215));
#15866=CARTESIAN_POINT($,(-0.9375,0.030625608246402,-0.065));
#15867=CARTESIAN_POINT($,(-0.9375,0.030625608246402,0.215));
#15868=CARTESIAN_POINT('Origin',(-0.8625,0.,0.));
#15869=CARTESIAN_POINT('',(-0.8625,0.057,0.18));
#15870=CARTESIAN_POINT('',(-0.8625,0.030625608246402,0.215));
#15871=CARTESIAN_POINT($,(-0.8625,0.030625608246402,0.215));
#15872=CARTESIAN_POINT('',(-0.8625,0.057,-0.065));
#15873=CARTESIAN_POINT($,(-0.8625,0.057,0.18));
#15874=CARTESIAN_POINT('',(-0.8625,0.030625608246402,-0.065));
#15875=CARTESIAN_POINT($,(-0.8625,0.057,-0.065));
#15876=CARTESIAN_POINT($,(-0.8625,0.030625608246402,0.215));
#15877=CARTESIAN_POINT('Origin',(-0.8875,0.,0.));
#15878=CARTESIAN_POINT('',(-0.8875,0.057,0.18));
#15879=CARTESIAN_POINT('',(-0.8875,0.030625608246402,0.215));
#15880=CARTESIAN_POINT($,(-0.8875,0.030625608246402,0.215));
#15881=CARTESIAN_POINT('',(-0.8875,0.030625608246402,-0.065));
#15882=CARTESIAN_POINT($,(-0.8875,0.030625608246402,0.215));
#15883=CARTESIAN_POINT('',(-0.8875,0.057,-0.065));
#15884=CARTESIAN_POINT($,(-0.8875,0.057,-0.065));
#15885=CARTESIAN_POINT($,(-0.8875,0.057,0.18));
#15886=CARTESIAN_POINT('Origin',(-0.8875,0.030625608246402,0.215));
#15887=CARTESIAN_POINT($,(-0.8875,0.030625608246402,-0.065));
#15888=CARTESIAN_POINT($,(-0.8875,0.030625608246402,0.215));
#15889=CARTESIAN_POINT('Origin',(-0.8375,0.,0.));
#15890=CARTESIAN_POINT('',(-0.8375,0.057,0.18));
#15891=CARTESIAN_POINT('',(-0.8375,0.030625608246402,0.215));
#15892=CARTESIAN_POINT($,(-0.8375,0.030625608246402,0.215));
#15893=CARTESIAN_POINT('',(-0.8375,0.030625608246402,-0.065));
#15894=CARTESIAN_POINT($,(-0.8375,0.030625608246402,0.215));
#15895=CARTESIAN_POINT('',(-0.8375,0.057,-0.065));
#15896=CARTESIAN_POINT($,(-0.8375,0.057,-0.065));
#15897=CARTESIAN_POINT($,(-0.8375,0.057,0.18));
#15898=CARTESIAN_POINT('Origin',(0.,0.092,0.205));
#15899=CARTESIAN_POINT('',(-1.14,0.0819999999999998,0.215));
#15900=CARTESIAN_POINT('',(-1.14,0.092,0.205));
#15901=CARTESIAN_POINT($,(-1.14,0.0869999999999999,0.21));
#15902=CARTESIAN_POINT('',(-1.03,0.0819999999999998,0.215));
#15903=CARTESIAN_POINT($,(-1.14,0.0819999999999998,0.215));
#15904=CARTESIAN_POINT('',(-1.03,0.092,0.205));
#15905=CARTESIAN_POINT($,(-1.03,0.1485,0.148499999999999));
#15906=CARTESIAN_POINT($,(-1.03,0.092,0.205));
#15907=CARTESIAN_POINT('Origin',(0.,0.092,0.));
#15908=CARTESIAN_POINT('',(-1.14,0.092,0.015));
#15909=CARTESIAN_POINT($,(-1.14,0.092,0.215));
#15910=CARTESIAN_POINT('',(-1.03,0.092,0.015));
#15911=CARTESIAN_POINT($,(-1.03,0.092,0.215));
#15912=CARTESIAN_POINT($,(-1.14,0.092,0.015));
#15913=CARTESIAN_POINT('Origin',(-1.14,0.092,0.015));
#15914=CARTESIAN_POINT('',(-1.03,0.2,0.015));
#15915=CARTESIAN_POINT('',(-1.14,0.2,0.015));
#15916=CARTESIAN_POINT($,(-1.14,0.2,0.015));
#15917=CARTESIAN_POINT($,(-1.14,0.092,0.015));
#15918=CARTESIAN_POINT('',(-1.03,0.135,0.015));
#15919=CARTESIAN_POINT($,(-1.03,0.092,0.015));
#15920=CARTESIAN_POINT($,(-0.9055,0.135,0.015));
#15921=CARTESIAN_POINT($,(-1.03,0.092,0.015));
#15922=CARTESIAN_POINT('Origin',(-1.14,0.092,0.215));
#15923=CARTESIAN_POINT('',(-1.14,0.2,0.215));
#15924=CARTESIAN_POINT($,(-1.14,0.2,0.215));
#15925=CARTESIAN_POINT($,(-1.14,0.092,0.215));
#15926=CARTESIAN_POINT('Origin',(-1.03,0.092,0.215));
#15927=CARTESIAN_POINT('',(-1.03,0.2,0.055));
#15928=CARTESIAN_POINT($,(-1.03,0.2,0.055));
#15929=CARTESIAN_POINT($,(-1.03,0.2,0.215));
#15930=CARTESIAN_POINT('Origin',(-1.22,0.00199999999999922,-0.203));
#15931=CARTESIAN_POINT('',(-0.962499999999999,0.025,-0.203));
#15932=CARTESIAN_POINT($,(-1.22,0.025,-0.203));
#15933=CARTESIAN_POINT('',(-0.962499999999999,0.00199999999999922,-0.203));
#15934=CARTESIAN_POINT($,(-1.22,0.00199999999999922,-0.203));
#15935=CARTESIAN_POINT($,(-0.962499999999999,0.00199999999999966,-0.203));
#15936=CARTESIAN_POINT('Origin',(-1.22,0.00199999999999922,-0.203));
#15937=CARTESIAN_POINT('',(-1.045,0.025,-0.203));
#15938=CARTESIAN_POINT('',(-0.9875,0.025,-0.203));
#15939=CARTESIAN_POINT($,(-1.22,0.025,-0.203));
#15940=CARTESIAN_POINT('',(-0.9875,0.00199999999999922,-0.203));
#15941=CARTESIAN_POINT($,(-0.9875,0.00199999999999966,-0.203));
#15942=CARTESIAN_POINT('',(-1.045,0.00199999999999922,-0.203));
#15943=CARTESIAN_POINT($,(-1.22,0.00199999999999922,-0.203));
#15944=CARTESIAN_POINT($,(-1.045,0.0249999999999998,-0.203));
#15945=CARTESIAN_POINT('Origin',(-0.9875,0.00199999999999966,-0.227));
#15946=CARTESIAN_POINT('',(-0.9955,0.025,-0.235));
#15947=CARTESIAN_POINT('',(-0.9875,0.025,-0.227));
#15948=CARTESIAN_POINT($,(-0.9875,0.025,-0.227));
#15949=CARTESIAN_POINT('',(-0.9955,0.167,-0.235));
#15950=CARTESIAN_POINT($,(-0.9955,0.00199999999999966,-0.235));
#15951=CARTESIAN_POINT('',(-0.9875,0.167,-0.227));
#15952=CARTESIAN_POINT($,(-0.9875,0.167,-0.227));
#15953=CARTESIAN_POINT($,(-0.9875,0.167,-0.227));
#15954=CARTESIAN_POINT('Origin',(-0.954499999999999,-2.48114892741246,-0.235));
#15955=CARTESIAN_POINT('',(-0.962499999999999,0.025,-0.227));
#15956=CARTESIAN_POINT('',(-0.954499999999999,0.025,-0.235));
#15957=CARTESIAN_POINT($,(-0.954499999999999,0.025,-0.235));
#15958=CARTESIAN_POINT('',(-0.962499999999999,0.167,-0.227));
#15959=CARTESIAN_POINT($,(-0.962499999999999,0.00199999999999966,-0.227));
#15960=CARTESIAN_POINT('',(-0.954499999999999,0.167,-0.235));
#15961=CARTESIAN_POINT($,(-0.954499999999999,0.167,-0.235));
#15962=CARTESIAN_POINT($,(-0.954499999999999,0.167,-0.235));
#15963=CARTESIAN_POINT('Origin',(-0.9875,0.00199999999999966,-0.235));
#15964=CARTESIAN_POINT('',(-0.9875,0.00199999999999966,-0.185));
#15965=CARTESIAN_POINT($,(-0.9875,0.00199999999999966,-0.235));
#15966=CARTESIAN_POINT($,(-0.9875,0.025,-0.235));
#15967=CARTESIAN_POINT('',(-0.9875,0.167,-0.185));
#15968=CARTESIAN_POINT($,(-0.9875,0.167,-0.235));
#15969=CARTESIAN_POINT($,(-0.9875,0.00199999999999966,-0.185));
#15970=CARTESIAN_POINT('Origin',(-0.962499999999999,0.00199999999999966,
-0.235));
#15971=CARTESIAN_POINT($,(-0.962499999999999,0.025,-0.235));
#15972=CARTESIAN_POINT('',(-0.962499999999999,0.00199999999999966,-0.185));
#15973=CARTESIAN_POINT($,(-0.962499999999999,0.00199999999999966,-0.235));
#15974=CARTESIAN_POINT('',(-0.962499999999999,0.167,-0.185));
#15975=CARTESIAN_POINT($,(-0.962499999999999,0.00199999999999966,-0.185));
#15976=CARTESIAN_POINT($,(-0.962499999999999,0.167,-0.235));
#15977=CARTESIAN_POINT('Origin',(-0.9625,0.,0.));
#15978=CARTESIAN_POINT('',(-0.9625,0.057,0.18));
#15979=CARTESIAN_POINT('',(-0.9625,0.0306256082464019,0.215));
#15980=CARTESIAN_POINT($,(-0.9625,0.030625608246402,0.215));
#15981=CARTESIAN_POINT('',(-0.9625,0.057,-0.065));
#15982=CARTESIAN_POINT($,(-0.9625,0.057,0.18));
#15983=CARTESIAN_POINT('',(-0.9625,0.030625608246402,-0.065));
#15984=CARTESIAN_POINT($,(-0.9625,0.057,-0.065));
#15985=CARTESIAN_POINT($,(-0.9625,0.030625608246402,0.215));
#15986=CARTESIAN_POINT('Origin',(-0.9875,0.,0.));
#15987=CARTESIAN_POINT('',(-0.9875,0.057,0.18));
#15988=CARTESIAN_POINT('',(-0.9875,0.030625608246402,0.215));
#15989=CARTESIAN_POINT($,(-0.9875,0.030625608246402,0.215));
#15990=CARTESIAN_POINT('',(-0.9875,0.030625608246402,-0.065));
#15991=CARTESIAN_POINT($,(-0.9875,0.030625608246402,0.215));
#15992=CARTESIAN_POINT('',(-0.9875,0.057,-0.065));
#15993=CARTESIAN_POINT($,(-0.9875,0.057,-0.065));
#15994=CARTESIAN_POINT($,(-0.9875,0.057,0.18));
#15995=CARTESIAN_POINT('Origin',(-0.9875,0.030625608246402,0.215));
#15996=CARTESIAN_POINT($,(-0.9875,0.030625608246402,-0.065));
#15997=CARTESIAN_POINT($,(-0.9875,0.030625608246402,0.215));
#15998=CARTESIAN_POINT('Origin',(-1.03,0.,0.));
#15999=CARTESIAN_POINT('',(-1.03,0.0306256082464019,0.215));
#16000=CARTESIAN_POINT($,(-1.03,0.2,0.215));
#16001=CARTESIAN_POINT('',(-1.03,0.057,0.18));
#16002=CARTESIAN_POINT($,(-1.03,0.0306256082464019,0.215));
#16003=CARTESIAN_POINT('',(-1.03,0.057,-0.065));
#16004=CARTESIAN_POINT($,(-1.03,0.057,0.18));
#16005=CARTESIAN_POINT('',(-1.03,0.135,-0.065));
#16006=CARTESIAN_POINT($,(-1.03,0.057,-0.065));
#16007=CARTESIAN_POINT($,(-1.03,0.135,0.055));
#16008=CARTESIAN_POINT('Origin',(-1.03,0.0306256082464019,0.215));
#16009=CARTESIAN_POINT($,(-1.03,0.0306256082464019,0.215));
#16010=CARTESIAN_POINT($,(-1.03,0.057,0.18));
#16011=CARTESIAN_POINT('Origin',(-1.03,0.057,0.18));
#16012=CARTESIAN_POINT($,(-1.03,0.057,-0.065));
#16013=CARTESIAN_POINT('Origin',(0.,0.092,0.));
#16014=CARTESIAN_POINT('',(-1.11,0.092,-0.235));
#16015=CARTESIAN_POINT('',(-1.2,0.092,-0.235));
#16016=CARTESIAN_POINT($,(-1.2,0.092,-0.235));
#16017=CARTESIAN_POINT('',(-1.2,0.092,-0.185));
#16018=CARTESIAN_POINT($,(-1.2,0.092,-0.235));
#16019=CARTESIAN_POINT('',(-1.11,0.092,-0.185));
#16020=CARTESIAN_POINT($,(-1.2,0.092,-0.185));
#16021=CARTESIAN_POINT($,(-1.11,0.092,-0.235));
#16022=CARTESIAN_POINT('Origin',(-1.11,0.092,-0.235));
#16023=CARTESIAN_POINT('',(-1.11,0.167,-0.185));
#16024=CARTESIAN_POINT('',(-1.11,0.167,-0.235));
#16025=CARTESIAN_POINT($,(-1.11,0.167,-0.235));
#16026=CARTESIAN_POINT($,(-1.11,0.092,-0.235));
#16027=CARTESIAN_POINT($,(-1.11,0.092,-0.185));
#16028=CARTESIAN_POINT('Origin',(-1.22,0.167,-0.235));
#16029=CARTESIAN_POINT($,(-1.22,0.167,-0.235));
#16030=CARTESIAN_POINT($,(-1.22,0.167,-0.185));
#16031=CARTESIAN_POINT('Origin',(1.2,0.0250000000000001,-0.235));
#16032=CARTESIAN_POINT($,(1.2,0.0250000000000001,-0.235));
#16033=CARTESIAN_POINT('Origin',(-1.2,0.0679999999999998,-0.235));
#16034=CARTESIAN_POINT('',(-1.2,0.0679999999999998,-0.185));
#16035=CARTESIAN_POINT($,(-1.2,0.0679999999999998,-0.185));
#16036=CARTESIAN_POINT('',(-1.2,0.0249999999999998,-0.235));
#16037=CARTESIAN_POINT($,(-1.2,0.0679999999999998,-0.235));
#16038=CARTESIAN_POINT('',(-1.2,0.0249999999999998,0.215));
#16039=CARTESIAN_POINT($,(-1.2,0.0249999999999998,-0.235));
#16040=CARTESIAN_POINT('',(-1.2,0.0679999999999998,0.215));
#16041=CARTESIAN_POINT($,(-1.2,0.0679999999999998,0.215));
#16042=CARTESIAN_POINT($,(-1.2,0.0679999999999998,-0.235));
#16043=CARTESIAN_POINT('Origin',(-1.22,0.0679999999999998,-0.235));
#16044=CARTESIAN_POINT('',(-1.22,0.0679999999999998,-0.185));
#16045=CARTESIAN_POINT('',(-1.22,0.0679999999999998,0.215));
#16046=CARTESIAN_POINT($,(-1.22,0.0679999999999998,-0.235));
#16047=CARTESIAN_POINT($,(-1.22,0.0679999999999998,-0.185));
#16048=CARTESIAN_POINT($,(-1.22,0.0679999999999998,0.215));
#16049=CARTESIAN_POINT('Origin',(-1.045,0.0249999999999998,-0.235));
#16050=CARTESIAN_POINT('',(-1.045,0.0249999999999998,0.215));
#16051=CARTESIAN_POINT($,(-1.045,0.0249999999999998,-0.235));
#16052=CARTESIAN_POINT('',(-1.045,0.00199999999999966,0.215));
#16053=CARTESIAN_POINT($,(-1.045,0.00199999999999966,-0.235));
#16054=CARTESIAN_POINT($,(-1.045,0.0249999999999998,0.215));
#16055=CARTESIAN_POINT('Origin',(-1.22,-2.48114892741246,-0.235));
#16056=CARTESIAN_POINT($,(-1.2,0.0249999999999998,-0.235));
#16057=CARTESIAN_POINT('Origin',(-1.22,-2.48114892741246,-0.235));
#16058=CARTESIAN_POINT('',(-1.22,0.2,-0.185));
#16059=CARTESIAN_POINT($,(-1.22,0.0679999999999998,-0.185));
#16060=CARTESIAN_POINT('',(-1.22,0.2,0.215));
#16061=CARTESIAN_POINT($,(-1.22,-2.48114892741246,0.215));
#16062=CARTESIAN_POINT($,(-1.22,0.2,-0.235));
#16063=CARTESIAN_POINT('Origin',(-1.03,0.0306256082464019,0.215));
#16064=CARTESIAN_POINT($,(-1.03,0.0306256082464019,0.215));
#16065=CARTESIAN_POINT($,(-1.03,0.057,0.18));
#16066=CARTESIAN_POINT('Origin',(-1.03,0.057,0.18));
#16067=CARTESIAN_POINT($,(-1.03,0.057,-0.065));
#16068=CARTESIAN_POINT('Origin',(-1.22,0.167,-0.235));
#16069=CARTESIAN_POINT($,(-1.22,0.167,-0.235));
#16070=CARTESIAN_POINT($,(-1.22,0.167,-0.185));
#16071=CARTESIAN_POINT('Origin',(-1.22,-2.48114892741246,-0.235));
#16072=CARTESIAN_POINT('Origin',(-1.03,0.0306256082464019,0.215));
#16073=CARTESIAN_POINT($,(-1.03,0.0306256082464019,0.215));
#16074=CARTESIAN_POINT($,(-1.03,0.057,0.18));
#16075=CARTESIAN_POINT('Origin',(-1.03,0.0306256082464019,0.215));
#16076=CARTESIAN_POINT($,(-1.03,0.0306256082464019,0.215));
#16077=CARTESIAN_POINT($,(-1.03,0.057,0.18));
#16078=CARTESIAN_POINT('Origin',(-1.03,0.057,0.18));
#16079=CARTESIAN_POINT($,(-1.03,0.057,-0.065));
#16080=CARTESIAN_POINT('Origin',(-1.03,0.057,0.18));
#16081=CARTESIAN_POINT($,(-1.03,0.057,-0.065));
#16082=CARTESIAN_POINT('Origin',(-1.22,0.00199999999999922,-0.203));
#16083=CARTESIAN_POINT($,(-1.22,0.00199999999999922,-0.203));
#16084=CARTESIAN_POINT($,(-1.22,0.025,-0.203));
#16085=CARTESIAN_POINT('Origin',(-1.22,0.00199999999999922,-0.203));
#16086=CARTESIAN_POINT($,(-1.22,0.00199999999999922,-0.203));
#16087=CARTESIAN_POINT($,(-1.22,0.025,-0.203));
#16088=CARTESIAN_POINT('Origin',(1.2,0.0250000000000001,-0.235));
#16089=CARTESIAN_POINT($,(1.2,0.0250000000000001,-0.235));
#16090=CARTESIAN_POINT('Origin',(1.2,0.0250000000000001,-0.235));
#16091=CARTESIAN_POINT($,(1.2,0.0250000000000001,-0.235));
#16092=CARTESIAN_POINT('Origin',(-1.22,0.167,-0.235));
#16093=CARTESIAN_POINT($,(-1.22,0.167,-0.235));
#16094=CARTESIAN_POINT($,(-1.22,0.167,-0.185));
#16095=CARTESIAN_POINT('Origin',(-1.22,0.167,-0.235));
#16096=CARTESIAN_POINT($,(-1.22,0.167,-0.235));
#16097=CARTESIAN_POINT($,(-1.22,0.167,-0.185));
#16098=CARTESIAN_POINT('Origin',(-1.22,-2.48114892741246,-0.235));
#16099=CARTESIAN_POINT('Origin',(-1.22,-2.48114892741246,-0.235));
#16100=CARTESIAN_POINT('Origin',(-1.22,0.167,-0.235));
#16101=CARTESIAN_POINT($,(-1.22,0.167,-0.235));
#16102=CARTESIAN_POINT($,(-1.22,0.167,-0.185));
#16103=CARTESIAN_POINT('Origin',(-1.2,0.0249999999999998,-0.235));
#16104=CARTESIAN_POINT($,(-1.2,0.0249999999999998,-0.235));
#16105=CARTESIAN_POINT($,(-1.2,0.0249999999999998,0.215));
#16106=CARTESIAN_POINT('Origin',(-1.22,-2.48114892741246,-0.235));
#16107=CARTESIAN_POINT('Origin',(-1.88,0.135,0.055));
#16108=CARTESIAN_POINT('',(-0.72,0.135,-0.065));
#16109=CARTESIAN_POINT($,(-1.93,0.135,-0.065));
#16110=CARTESIAN_POINT('',(-0.72,0.135,0.015));
#16111=CARTESIAN_POINT($,(-0.72,0.135,0.055));
#16112=CARTESIAN_POINT('',(-0.765,0.135,0.015));
#16113=CARTESIAN_POINT($,(-0.8445,0.135,0.015));
#16114=CARTESIAN_POINT('',(-0.765,0.135,0.0375029412782484));
#16115=CARTESIAN_POINT($,(-0.765,0.135,0.0825));
#16116=CARTESIAN_POINT('',(-0.785,0.135,0.0375029412782484));
#16117=CARTESIAN_POINT($,(-0.785,0.135,0.0375029412782484));
#16118=CARTESIAN_POINT('',(-0.785,0.135,0.015));
#16119=CARTESIAN_POINT($,(-0.785,0.135,0.015));
#16120=CARTESIAN_POINT('',(-0.815,0.135,0.015));
#16121=CARTESIAN_POINT($,(-0.785,0.135,0.015));
#16122=CARTESIAN_POINT('',(-0.815,0.135,0.0375029412782484));
#16123=CARTESIAN_POINT($,(-0.815,0.135,0.015));
#16124=CARTESIAN_POINT('',(-0.835,0.135,0.0375029412782484));
#16125=CARTESIAN_POINT($,(-0.835,0.135,0.0375029412782484));
#16126=CARTESIAN_POINT($,(-0.835,0.135,0.0224999999999999));
#16127=CARTESIAN_POINT($,(-1.03,0.135,0.055));
#16128=CARTESIAN_POINT('Origin',(-1.88,0.057,-0.065));
#16129=CARTESIAN_POINT('',(-0.8125,0.030625608246402,-0.065));
#16130=CARTESIAN_POINT($,(-0.8375,0.030625608246402,-0.065));
#16131=CARTESIAN_POINT('',(-0.8125,0.057,-0.065));
#16132=CARTESIAN_POINT($,(-0.8125,0.057,-0.065));
#16133=CARTESIAN_POINT('',(-0.7875,0.057,-0.065));
#16134=CARTESIAN_POINT($,(-1.88,0.057,-0.065));
#16135=CARTESIAN_POINT('',(-0.7875,0.030625608246402,-0.065));
#16136=CARTESIAN_POINT($,(-0.7875,0.0285,-0.065));
#16137=CARTESIAN_POINT('',(-0.7625,0.030625608246402,-0.065));
#16138=CARTESIAN_POINT($,(-0.7875,0.030625608246402,-0.065));
#16139=CARTESIAN_POINT('',(-0.762500000000001,0.057,-0.065));
#16140=CARTESIAN_POINT($,(-0.7625,0.057,-0.065));
#16141=CARTESIAN_POINT('',(-0.72,0.057,-0.065));
#16142=CARTESIAN_POINT($,(-2.78,0.057,-0.065));
#16143=CARTESIAN_POINT($,(-0.72,0.057,-0.065));
#16144=CARTESIAN_POINT('Origin',(-2.97,-2.48114892741246,-0.235));
#16145=CARTESIAN_POINT('',(-0.7545,0.167,-0.235));
#16146=CARTESIAN_POINT('',(-0.693,0.167,-0.235));
#16147=CARTESIAN_POINT($,(-2.97,0.167,-0.235));
#16148=CARTESIAN_POINT('',(-0.693,0.0250000000000001,-0.235));
#16149=CARTESIAN_POINT($,(-0.693,-2.48114892741246,-0.235));
#16150=CARTESIAN_POINT('',(-0.7545,0.025,-0.235));
#16151=CARTESIAN_POINT($,(-0.55,0.0250000000000001,-0.235));
#16152=CARTESIAN_POINT($,(-0.7545,0.167,-0.235));
#16153=CARTESIAN_POINT('Origin',(-2.97,0.167,-0.235));
#16154=CARTESIAN_POINT('',(-0.685,0.167,-0.227));
#16155=CARTESIAN_POINT('',(-0.685,0.167,-0.185));
#16156=CARTESIAN_POINT($,(-0.685,0.167,-0.235));
#16157=CARTESIAN_POINT($,(-0.685,0.167,-0.227));
#16158=CARTESIAN_POINT('',(-0.7625,0.167,-0.227));
#16159=CARTESIAN_POINT($,(-0.7545,0.167,-0.235));
#16160=CARTESIAN_POINT('',(-0.7625,0.167,-0.185));
#16161=CARTESIAN_POINT($,(-0.7625,0.167,-0.235));
#16162=CARTESIAN_POINT($,(-2.97,0.167,-0.185));
#16163=CARTESIAN_POINT('Origin',(-0.55,0.0250000000000001,-0.235));
#16164=CARTESIAN_POINT('',(-0.685,0.025,-0.227));
#16165=CARTESIAN_POINT($,(-0.685,0.0250000000000001,-0.227));
#16166=CARTESIAN_POINT('',(-0.685,0.025,0.0479999999999998));
#16167=CARTESIAN_POINT($,(-0.685,0.025,0.0479999999999998));
#16168=CARTESIAN_POINT('',(-0.665,0.025,0.0479999999999998));
#16169=CARTESIAN_POINT($,(-0.685,0.025,0.0479999999999998));
#16170=CARTESIAN_POINT('',(-0.665,0.025,-0.227));
#16171=CARTESIAN_POINT($,(-0.665,0.025,0.0479999999999998));
#16172=CARTESIAN_POINT('',(-0.657000000000001,0.0250000000000001,-0.235));
#16173=CARTESIAN_POINT($,(-0.657000000000001,0.0250000000000004,-0.235));
#16174=CARTESIAN_POINT('',(-0.55,0.0250000000000001,-0.235));
#16175=CARTESIAN_POINT($,(-0.55,0.0250000000000001,-0.235));
#16176=CARTESIAN_POINT('',(-0.55,0.0250000000000001,0.215));
#16177=CARTESIAN_POINT($,(-0.55,0.0250000000000001,-0.235));
#16178=CARTESIAN_POINT('',(-0.705,0.0250000000000001,0.215));
#16179=CARTESIAN_POINT($,(-0.55,0.0250000000000001,0.215));
#16180=CARTESIAN_POINT('',(-0.705,0.025,-0.203));
#16181=CARTESIAN_POINT($,(-0.705,0.0250000000000001,-0.235));
#16182=CARTESIAN_POINT('',(-0.7625,0.025,-0.203));
#16183=CARTESIAN_POINT($,(-2.97,0.025,-0.203));
#16184=CARTESIAN_POINT('',(-0.7625,0.025,-0.227));
#16185=CARTESIAN_POINT($,(-0.7625,0.025,-0.235));
#16186=CARTESIAN_POINT($,(-0.7545,0.0250000000000004,-0.235));
#16187=CARTESIAN_POINT('Origin',(-2.97,-2.48114892741246,-0.235));
#16188=CARTESIAN_POINT('',(-0.657000000000001,0.167,-0.235));
#16189=CARTESIAN_POINT($,(-0.657000000000001,0.167,-0.235));
#16190=CARTESIAN_POINT('',(-0.64,0.167,-0.235));
#16191=CARTESIAN_POINT($,(-2.97,0.167,-0.235));
#16192=CARTESIAN_POINT('',(-0.64,0.092,-0.235));
#16193=CARTESIAN_POINT($,(-0.64,0.092,-0.235));
#16194=CARTESIAN_POINT('',(-0.55,0.092,-0.235));
#16195=CARTESIAN_POINT($,(-0.55,0.092,-0.235));
#16196=CARTESIAN_POINT($,(-0.55,0.0680000000000001,-0.235));
#16197=CARTESIAN_POINT('Origin',(-2.97,0.167,-0.235));
#16198=CARTESIAN_POINT('',(-0.665,0.167,-0.227));
#16199=CARTESIAN_POINT($,(-0.657000000000001,0.167,-0.235));
#16200=CARTESIAN_POINT('',(-0.665,0.167,-0.185000000000001));
#16201=CARTESIAN_POINT($,(-0.665,0.167,-0.235));
#16202=CARTESIAN_POINT('',(-0.64,0.167,-0.185));
#16203=CARTESIAN_POINT($,(-2.97,0.167,-0.185));
#16204=CARTESIAN_POINT($,(-0.64,0.167,-0.235));
#16205=CARTESIAN_POINT('Origin',(-2.97,0.00199999999999922,-0.203));
#16206=CARTESIAN_POINT('',(-0.7625,0.00199999999999922,-0.203));
#16207=CARTESIAN_POINT('',(-0.705,0.00199999999999922,-0.203));
#16208=CARTESIAN_POINT($,(-2.97,0.00199999999999922,-0.203));
#16209=CARTESIAN_POINT($,(-0.7625,0.00199999999999922,-0.203));
#16210=CARTESIAN_POINT($,(-0.705,0.0250000000000001,-0.203));
#16211=CARTESIAN_POINT('Origin',(-2.78,0.057,0.18));
#16212=CARTESIAN_POINT('',(-0.7625,0.057,0.18));
#16213=CARTESIAN_POINT($,(-0.7625,0.057,0.18));
#16214=CARTESIAN_POINT('',(-0.72,0.057,0.18));
#16215=CARTESIAN_POINT($,(-2.78,0.057,0.18));
#16216=CARTESIAN_POINT($,(-0.72,0.057,0.18));
#16217=CARTESIAN_POINT('Origin',(-2.78,0.0306256082464019,0.215));
#16218=CARTESIAN_POINT('',(-0.7625,0.030625608246402,0.215));
#16219=CARTESIAN_POINT($,(-0.7625,0.030625608246402,0.215));
#16220=CARTESIAN_POINT('',(-0.72,0.030625608246402,0.215));
#16221=CARTESIAN_POINT($,(-2.78,0.0306256082464019,0.215));
#16222=CARTESIAN_POINT($,(-0.72,0.0306256082464019,0.215));
#16223=CARTESIAN_POINT('Origin',(-0.53,-2.48114892741246,-0.235));
#16224=CARTESIAN_POINT('',(-0.53,0.068,-0.185));
#16225=CARTESIAN_POINT('',(-0.53,0.0680000000000001,0.215));
#16226=CARTESIAN_POINT($,(-0.53,0.0680000000000001,-0.235));
#16227=CARTESIAN_POINT('',(-0.53,0.2,-0.185));
#16228=CARTESIAN_POINT($,(-0.53,0.2,-0.185));
#16229=CARTESIAN_POINT('',(-0.53,0.2,0.215));
#16230=CARTESIAN_POINT($,(-0.53,0.2,-0.235));
#16231=CARTESIAN_POINT($,(-0.53,-2.48114892741246,0.215));
#16232=CARTESIAN_POINT('Origin',(-0.53,0.0680000000000001,-0.235));
#16233=CARTESIAN_POINT('',(-0.55,0.0680000000000001,-0.185));
#16234=CARTESIAN_POINT($,(-0.53,0.068,-0.185));
#16235=CARTESIAN_POINT('',(-0.55,0.0680000000000001,0.215));
#16236=CARTESIAN_POINT($,(-0.53,0.0680000000000001,0.215));
#16237=CARTESIAN_POINT($,(-0.55,0.0680000000000001,-0.235));
#16238=CARTESIAN_POINT('Origin',(-0.705,0.0250000000000001,-0.235));
#16239=CARTESIAN_POINT('',(-0.705,0.00199999999999992,0.215));
#16240=CARTESIAN_POINT($,(-0.705,0.00199999999999992,-0.235));
#16241=CARTESIAN_POINT($,(-0.705,0.0250000000000001,0.215));
#16242=CARTESIAN_POINT('Origin',(-0.55,0.0680000000000001,-0.235));
#16243=CARTESIAN_POINT('',(-0.55,0.092,-0.185));
#16244=CARTESIAN_POINT($,(-0.55,0.092,-0.235));
#16245=CARTESIAN_POINT($,(-0.55,0.2,-0.185));
#16246=CARTESIAN_POINT($,(-0.55,0.0680000000000001,0.215));
#16247=CARTESIAN_POINT('Origin',(-0.64,0.092,-0.235));
#16248=CARTESIAN_POINT('',(-0.64,0.092,-0.185));
#16249=CARTESIAN_POINT($,(-0.64,0.092,-0.185));
#16250=CARTESIAN_POINT($,(-0.64,0.092,-0.235));
#16251=CARTESIAN_POINT('Origin',(-1.75,0.092,0.));
#16252=CARTESIAN_POINT($,(-0.55,0.092,-0.185));
#16253=CARTESIAN_POINT('Origin',(-0.72,0.,0.));
#16254=CARTESIAN_POINT('',(-0.72,0.0819999999999994,0.215));
#16255=CARTESIAN_POINT($,(-0.72,0.2,0.215));
#16256=CARTESIAN_POINT('',(-0.72,0.092,0.204999999999999));
#16257=CARTESIAN_POINT($,(-0.72,0.092,0.204999999999999));
#16258=CARTESIAN_POINT('',(-0.72,0.092,0.0149999999999997));
#16259=CARTESIAN_POINT($,(-0.72,0.092,0.215));
#16260=CARTESIAN_POINT($,(-0.72,0.092,0.0149999999999997));
#16261=CARTESIAN_POINT('Origin',(-0.72,0.092,0.215));
#16262=CARTESIAN_POINT('',(-0.72,0.177,0.055));
#16263=CARTESIAN_POINT('',(-0.72,0.2,0.055));
#16264=CARTESIAN_POINT($,(-0.72,0.2,0.055));
#16265=CARTESIAN_POINT('',(-0.72,0.177,0.015));
#16266=CARTESIAN_POINT($,(-0.72,0.177,0.015));
#16267=CARTESIAN_POINT('',(-0.72,0.2,0.0149999999999997));
#16268=CARTESIAN_POINT($,(-0.72,0.092,0.0149999999999997));
#16269=CARTESIAN_POINT($,(-0.72,0.2,0.215));
#16270=CARTESIAN_POINT('Origin',(-0.61,0.092,0.0149999999999997));
#16271=CARTESIAN_POINT('',(-0.61,0.2,0.0149999999999997));
#16272=CARTESIAN_POINT($,(-0.61,0.2,0.0149999999999997));
#16273=CARTESIAN_POINT('',(-0.765,0.177,0.015));
#16274=CARTESIAN_POINT($,(-0.8445,0.177,0.015));
#16275=CARTESIAN_POINT($,(-0.765,0.135,0.015));
#16276=CARTESIAN_POINT('',(-0.61,0.092,0.0149999999999997));
#16277=CARTESIAN_POINT($,(-0.61,0.092,0.0149999999999997));
#16278=CARTESIAN_POINT($,(-0.61,0.092,0.0149999999999997));
#16279=CARTESIAN_POINT('Origin',(-0.61,0.092,0.215));
#16280=CARTESIAN_POINT('',(-0.61,0.2,0.215));
#16281=CARTESIAN_POINT($,(-0.61,0.2,0.215));
#16282=CARTESIAN_POINT('',(-0.61,0.092,0.204999999999999));
#16283=CARTESIAN_POINT($,(-0.61,0.092,0.215));
#16284=CARTESIAN_POINT('',(-0.61,0.0819999999999994,0.215));
#16285=CARTESIAN_POINT($,(-0.61,0.0869999999999998,0.21));
#16286=CARTESIAN_POINT($,(-0.61,0.092,0.215));
#16287=CARTESIAN_POINT('Origin',(-1.75,0.092,0.));
#16288=CARTESIAN_POINT($,(-0.61,0.092,0.204999999999999));
#16289=CARTESIAN_POINT('Origin',(-1.75,0.092,0.204999999999999));
#16290=CARTESIAN_POINT($,(-0.72,0.0819999999999994,0.215));
#16291=CARTESIAN_POINT('Origin',(-0.7875,0.030625608246402,0.215));
#16292=CARTESIAN_POINT($,(-0.7625,0.030625608246402,0.215));
#16293=CARTESIAN_POINT('',(-0.7875,0.030625608246402,0.215));
#16294=CARTESIAN_POINT($,(-0.787500000000001,0.030625608246402,-0.01));
#16295=CARTESIAN_POINT($,(-0.7875,0.030625608246402,0.215));
#16296=CARTESIAN_POINT('Origin',(-0.7625,0.,0.));
#16297=CARTESIAN_POINT('Origin',(-0.7625,0.,-0.235));
#16298=CARTESIAN_POINT($,(-0.7625,0.025,-0.227));
#16299=CARTESIAN_POINT('',(-0.7625,0.002,-0.185));
#16300=CARTESIAN_POINT($,(-0.7625,0.002,0.));
#16301=CARTESIAN_POINT($,(-0.7625,0.,-0.185));
#16302=CARTESIAN_POINT('Origin',(-0.7545,-2.48114892741246,-0.235));
#16303=CARTESIAN_POINT('Origin',(-0.785,0.1345,0.08));
#16304=CARTESIAN_POINT('',(-0.785,0.168869317712169,0.055));
#16305=CARTESIAN_POINT('Origin',(-0.785,0.1345,0.08));
#16306=CARTESIAN_POINT('',(-0.765,0.168869317712169,0.055));
#16307=CARTESIAN_POINT('Origin',(-0.765,0.1345,0.08));
#16308=CARTESIAN_POINT($,(-0.785,0.168869317712169,0.055));
#16309=CARTESIAN_POINT('Origin',(-0.685,0.05,0.0479999999999998));
#16310=CARTESIAN_POINT('',(-0.665,0.05,0.0479999999999998));
#16311=CARTESIAN_POINT($,(-0.665,0.05,0.0479999999999998));
#16312=CARTESIAN_POINT('',(-0.685,0.05,0.0479999999999998));
#16313=CARTESIAN_POINT($,(-0.685,0.05,0.0479999999999998));
#16314=CARTESIAN_POINT($,(-0.685,0.05,0.0479999999999998));
#16315=CARTESIAN_POINT('Origin',(-0.685,0.05,0.0479999999999998));
#16316=CARTESIAN_POINT('',(-0.665,0.05,-0.185));
#16317=CARTESIAN_POINT($,(-0.665,0.05,0.0479999999999998));
#16318=CARTESIAN_POINT('',(-0.685,0.05,-0.185));
#16319=CARTESIAN_POINT($,(-0.685,0.05,0.0479999999999998));
#16320=CARTESIAN_POINT($,(-0.685,0.05,-0.185));
#16321=CARTESIAN_POINT('Origin',(-0.685,0.,0.));
#16322=CARTESIAN_POINT($,(-0.685,0.,-0.227));
#16323=CARTESIAN_POINT($,(-0.685,0.167,-0.185000000000001));
#16324=CARTESIAN_POINT('Origin',(-0.665,0.,0.));
#16325=CARTESIAN_POINT($,(-0.665,0.025,-0.227));
#16326=CARTESIAN_POINT($,(-0.665,0.167,-0.185000000000001));
#16327=CARTESIAN_POINT('Origin',(-0.685,0.,-0.227));
#16328=CARTESIAN_POINT('Origin',(-0.657000000000001,-2.48114892741246,-0.235));
#16329=CARTESIAN_POINT('Origin',(-0.785,0.,0.));
#16330=CARTESIAN_POINT('',(-0.785,0.177,0.055));
#16331=CARTESIAN_POINT($,(-0.785,0.2,0.055));
#16332=CARTESIAN_POINT('',(-0.785,0.177,0.015));
#16333=CARTESIAN_POINT($,(-0.785,0.177,0.0825));
#16334=CARTESIAN_POINT($,(-0.785,0.177,0.015));
#16335=CARTESIAN_POINT('Origin',(-0.8445,0.177,0.015));
#16336=CARTESIAN_POINT('',(-0.765,0.177,0.055));
#16337=CARTESIAN_POINT($,(-0.765,0.177,0.015));
#16338=CARTESIAN_POINT($,(-2.78,0.177,0.055));
#16339=CARTESIAN_POINT('Origin',(-0.765,0.1345,0.08));
#16340=CARTESIAN_POINT($,(-0.765,0.2,0.055));
#16341=CARTESIAN_POINT('Origin',(-0.7875,0.,-0.235));
#16342=CARTESIAN_POINT('',(-0.7875,0.167,-0.185));
#16343=CARTESIAN_POINT('',(-0.7875,0.002,-0.185));
#16344=CARTESIAN_POINT($,(-0.7875,0.1,-0.185));
#16345=CARTESIAN_POINT('',(-0.7875,0.00199999999999922,-0.203));
#16346=CARTESIAN_POINT($,(-0.787500000000001,0.002,-0.00499999999999985));
#16347=CARTESIAN_POINT('',(-0.7875,0.025,-0.203));
#16348=CARTESIAN_POINT($,(-0.7875,0.00199999999999922,-0.203));
#16349=CARTESIAN_POINT('',(-0.7875,0.0249999999999999,-0.227));
#16350=CARTESIAN_POINT($,(-0.7875,0.0249999999999999,-0.235000000000004));
#16351=CARTESIAN_POINT('',(-0.7875,0.167,-0.227));
#16352=CARTESIAN_POINT($,(-0.7875,0.167,-0.227));
#16353=CARTESIAN_POINT($,(-0.7875,0.167,-0.235));
#16354=CARTESIAN_POINT('Origin',(-0.835,0.,0.));
#16355=CARTESIAN_POINT('',(-0.835,0.168869317712169,0.055));
#16356=CARTESIAN_POINT('Origin',(-0.835,0.1345,0.08));
#16357=CARTESIAN_POINT($,(-0.835,0.1505,0.055));
#16358=CARTESIAN_POINT('Origin',(-0.785,0.177,0.015));
#16359=CARTESIAN_POINT('',(-0.815,0.177,0.015));
#16360=CARTESIAN_POINT($,(-0.785,0.177,0.015));
#16361=CARTESIAN_POINT($,(-0.815,0.177,0.015));
#16362=CARTESIAN_POINT('Origin',(-0.815,0.,0.));
#16363=CARTESIAN_POINT('',(-0.815,0.168869317712169,0.055));
#16364=CARTESIAN_POINT('Origin',(-0.815,0.1345,0.08));
#16365=CARTESIAN_POINT('',(-0.815,0.177,0.055));
#16366=CARTESIAN_POINT($,(-0.815,0.177,0.0825));
#16367=CARTESIAN_POINT($,(-0.815,0.2,0.055));
#16368=CARTESIAN_POINT('Origin',(-0.785,0.177,0.0825));
#16369=CARTESIAN_POINT($,(-2.78,0.177,0.055));
#16370=CARTESIAN_POINT('Origin',(-0.835,0.1345,0.08));
#16371=CARTESIAN_POINT($,(-0.835,0.168869317712169,0.055));
#16372=CARTESIAN_POINT('Origin',(-0.7875,0.,-0.227));
#16373=CARTESIAN_POINT('',(-0.7955,0.0249999999999999,-0.235));
#16374=CARTESIAN_POINT($,(-0.7875,0.0249999999999999,-0.227));
#16375=CARTESIAN_POINT('',(-0.7955,0.167,-0.235));
#16376=CARTESIAN_POINT($,(-0.7955,0.0249999999999999,-0.235));
#16377=CARTESIAN_POINT($,(-0.7875,0.167,-0.227));
#16378=CARTESIAN_POINT('Origin',(-0.804499999999999,-2.48114892741246,-0.235));
#16379=CARTESIAN_POINT('',(-0.812499999999999,0.0249999999999999,-0.227));
#16380=CARTESIAN_POINT('',(-0.804499999999999,0.0249999999999999,-0.235));
#16381=CARTESIAN_POINT($,(-0.8045,0.0250000000000004,-0.235));
#16382=CARTESIAN_POINT('',(-0.812499999999999,0.167,-0.227));
#16383=CARTESIAN_POINT($,(-0.812499999999999,0.0249999999999999,-0.227));
#16384=CARTESIAN_POINT('',(-0.804499999999999,0.167,-0.235));
#16385=CARTESIAN_POINT($,(-0.804499999999999,0.167,-0.235));
#16386=CARTESIAN_POINT($,(-0.804499999999999,0.167,-0.235));
#16387=CARTESIAN_POINT('Origin',(-0.812499999999999,0.,-0.235));
#16388=CARTESIAN_POINT('',(-0.812499999999999,0.167,-0.185));
#16389=CARTESIAN_POINT($,(-0.812499999999999,0.167,-0.235));
#16390=CARTESIAN_POINT('',(-0.812499999999999,0.025,-0.203));
#16391=CARTESIAN_POINT($,(-0.812499999999999,0.0249999999999999,-0.235));
#16392=CARTESIAN_POINT('',(-0.812499999999999,0.00199999999999922,-0.203));
#16393=CARTESIAN_POINT($,(-0.812499999999999,0.00199999999999922,-0.203));
#16394=CARTESIAN_POINT('',(-0.812499999999999,0.002,-0.185));
#16395=CARTESIAN_POINT($,(-0.812499999999999,0.002,0.));
#16396=CARTESIAN_POINT($,(-0.812499999999999,0.,-0.185));
#16397=CARTESIAN_POINT('Origin',(-0.7875,0.,-0.235));
#16398=CARTESIAN_POINT('',(-0.7875,0.057,0.18));
#16399=CARTESIAN_POINT($,(-0.7875,0.057,0.18));
#16400=CARTESIAN_POINT($,(-0.7875,0.030625608246402,0.215));
#16401=CARTESIAN_POINT('Origin',(-0.8125,0.,0.));
#16402=CARTESIAN_POINT('',(-0.8125,0.057,0.18));
#16403=CARTESIAN_POINT('',(-0.8125,0.030625608246402,0.215));
#16404=CARTESIAN_POINT($,(-0.8125,0.030625608246402,0.215));
#16405=CARTESIAN_POINT($,(-0.8125,0.057,0.18));
#16406=CARTESIAN_POINT($,(-0.8125,0.030625608246402,0.215));
#16407=CARTESIAN_POINT('Origin',(-0.8375,0.030625608246402,0.215));
#16408=CARTESIAN_POINT($,(-0.8375,0.030625608246402,0.215));
#16409=CARTESIAN_POINT('Origin',(-1.88,0.0306256082464019,0.215));
#16410=CARTESIAN_POINT($,(-1.88,0.0306256082464019,0.215));
#16411=CARTESIAN_POINT($,(-1.88,0.057,0.18));
#16412=CARTESIAN_POINT('Origin',(-1.88,0.057,0.18));
#16413=CARTESIAN_POINT('Origin',(-2.07,0.00199999999999922,-0.203));
#16414=CARTESIAN_POINT($,(-2.07,0.00199999999999922,-0.203));
#16415=CARTESIAN_POINT($,(-2.07,0.025,-0.203));
#16416=CARTESIAN_POINT('Origin',(0.35,0.0250000000000001,-0.235));
#16417=CARTESIAN_POINT($,(0.35,0.0250000000000001,-0.235));
#16418=CARTESIAN_POINT('Origin',(-2.07,0.167,-0.235));
#16419=CARTESIAN_POINT($,(-2.07,0.167,-0.235));
#16420=CARTESIAN_POINT($,(-2.07,0.167,-0.185));
#16421=CARTESIAN_POINT('Origin',(-2.07,-2.48114892741246,-0.235));
#16422=CARTESIAN_POINT('Origin',(-1.88,0.2,0.055));
#16423=CARTESIAN_POINT($,(-1.88,0.2,0.055));
#16424=CARTESIAN_POINT('Origin',(-0.85,0.2,0.));
#16425=CARTESIAN_POINT($,(-2.97,0.2,0.215));
#16426=CARTESIAN_POINT($,(1.22,0.2,-0.185));
#16427=CARTESIAN_POINT($,(-1.22,0.2,0.215));
#16428=CARTESIAN_POINT('Origin',(0.37,0.2,-0.185));
#16429=CARTESIAN_POINT($,(-1.75,0.002,-0.185));
#16430=CARTESIAN_POINT($,(0.,0.002,-0.185));
#16431=CARTESIAN_POINT($,(0.,0.002,-0.185));
#16432=CARTESIAN_POINT($,(0.,0.002,-0.185));
#16433=CARTESIAN_POINT($,(-0.9875,0.00199999999999966,-0.185));
#16434=CARTESIAN_POINT('Origin',(-0.85,0.002,0.));
#16435=CARTESIAN_POINT($,(-2.12,0.00199999999999992,0.215));
#16436=CARTESIAN_POINT('Origin',(-2.07,-2.48114892741246,0.215));
#16437=CARTESIAN_POINT('Origin',(-0.835,0.1175,0.17041046621282));
#16438=CARTESIAN_POINT('',(-0.835,0.092,0.265));
#16439=CARTESIAN_POINT('',(-0.835,0.162,0.265));
#16440=CARTESIAN_POINT($,(-0.835,0.05875,0.265));
#16441=CARTESIAN_POINT('',(-0.835,0.162,0.285));
#16442=CARTESIAN_POINT($,(-0.835,0.162,0.23770523310641));
#16443=CARTESIAN_POINT('',(-0.835,0.092,0.285));
#16444=CARTESIAN_POINT($,(-0.835,0.10475,0.285));
#16445=CARTESIAN_POINT($,(-0.835,0.092,0.0852052331064099));
#16446=CARTESIAN_POINT('Origin',(-0.835,0.1345,0.08));
#16447=CARTESIAN_POINT('',(-0.835,0.092,0.08));
#16448=CARTESIAN_POINT('',(-0.835,0.176978917642849,0.0813384901539001));
#16449=CARTESIAN_POINT('Origin',(-0.835,0.1345,0.08));
#16450=CARTESIAN_POINT('',(-0.835,0.176987713186854,0.1225));
#16451=CARTESIAN_POINT($,(-0.835,0.176978631629311,0.08));
#16452=CARTESIAN_POINT('',(-0.835,0.1345,0.1225));
#16453=CARTESIAN_POINT($,(-0.835,0.176987713186854,0.1225));
#16454=CARTESIAN_POINT('',(-0.835,0.1345,0.0975));
#16455=CARTESIAN_POINT($,(-0.835,0.1345,0.0975));
#16456=CARTESIAN_POINT('',(-0.835,0.122,0.0677525512860841));
#16457=CARTESIAN_POINT('Origin',(-0.835,0.1345,0.08));
#16458=CARTESIAN_POINT('',(-0.835,0.122,0.12062019202318));
#16459=CARTESIAN_POINT($,(-0.835,0.122,0.12062019202318));
#16460=CARTESIAN_POINT('Origin',(-0.835,0.1345,0.08));
#16461=CARTESIAN_POINT('',(-0.835,0.092,0.1225));
#16462=CARTESIAN_POINT($,(-0.835,0.176987713186854,0.1225));
#16463=CARTESIAN_POINT($,(-0.835,0.092,0.1225));
#16464=CARTESIAN_POINT('Origin',(1.10780109889281,0.092,0.285));
#16465=CARTESIAN_POINT('',(-1.035,0.162,0.285));
#16466=CARTESIAN_POINT($,(1.10780109889281,0.162,0.285));
#16467=CARTESIAN_POINT('',(-1.035,0.092,0.285));
#16468=CARTESIAN_POINT($,(-1.035,0.092,0.285));
#16469=CARTESIAN_POINT($,(1.10780109889281,0.092,0.285));
#16470=CARTESIAN_POINT('Origin',(-0.865,0.092,0.1225));
#16471=CARTESIAN_POINT('',(-0.865,0.092,0.1225));
#16472=CARTESIAN_POINT($,(-0.865,0.092,0.1225));
#16473=CARTESIAN_POINT('',(-0.865,0.092,0.08));
#16474=CARTESIAN_POINT($,(-0.865,0.092,0.1225));
#16475=CARTESIAN_POINT($,(-0.865,0.092,0.08));
#16476=CARTESIAN_POINT('Origin',(-0.865,0.176978631629311,0.08));
#16477=CARTESIAN_POINT('',(-0.865,0.176978917642849,0.0813384901539001));
#16478=CARTESIAN_POINT($,(1.26020815280171,0.176978917642849,0.0813384901539));
#16479=CARTESIAN_POINT('',(-0.865,0.176987713186854,0.1225));
#16480=CARTESIAN_POINT($,(-0.865,0.176978631629311,0.08));
#16481=CARTESIAN_POINT($,(-0.865,0.176987713186854,0.1225));
#16482=CARTESIAN_POINT('Origin',(-0.865,0.176987713186854,0.1225));
#16483=CARTESIAN_POINT('',(-0.865,0.1345,0.1225));
#16484=CARTESIAN_POINT($,(-0.865,0.176987713186854,0.1225));
#16485=CARTESIAN_POINT($,(-0.865,0.176987713186854,0.1225));
#16486=CARTESIAN_POINT('Origin',(-0.915,0.092,0.1225));
#16487=CARTESIAN_POINT('',(-0.885,0.092,0.1225));
#16488=CARTESIAN_POINT('',(-0.885,0.092,0.08));
#16489=CARTESIAN_POINT($,(-0.885,0.092,0.1225));
#16490=CARTESIAN_POINT('',(-0.915,0.092,0.1225));
#16491=CARTESIAN_POINT($,(-0.915,0.092,0.1225));
#16492=CARTESIAN_POINT('',(-0.915,0.092,0.08));
#16493=CARTESIAN_POINT($,(-0.915,0.092,0.1225));
#16494=CARTESIAN_POINT($,(-0.915,0.092,0.08));
#16495=CARTESIAN_POINT('Origin',(-0.915,0.176978631629311,0.08));
#16496=CARTESIAN_POINT('',(-0.915,0.176978917642849,0.0813384901539001));
#16497=CARTESIAN_POINT('',(-0.885,0.176978917642849,0.0813384901539001));
#16498=CARTESIAN_POINT($,(1.26020815280171,0.176978917642849,0.0813384901539));
#16499=CARTESIAN_POINT('',(-0.915,0.176987713186854,0.1225));
#16500=CARTESIAN_POINT($,(-0.915,0.176978631629311,0.08));
#16501=CARTESIAN_POINT('',(-0.885,0.176987713186854,0.1225));
#16502=CARTESIAN_POINT($,(-0.915,0.176987713186854,0.1225));
#16503=CARTESIAN_POINT($,(-0.885,0.176978631629311,0.08));
#16504=CARTESIAN_POINT('Origin',(-0.915,0.176987713186854,0.1225));
#16505=CARTESIAN_POINT('',(-0.915,0.1345,0.1225));
#16506=CARTESIAN_POINT($,(-0.915,0.176987713186854,0.1225));
#16507=CARTESIAN_POINT($,(-0.915,0.176987713186854,0.1225));
#16508=CARTESIAN_POINT('',(-0.885,0.1345,0.1225));
#16509=CARTESIAN_POINT($,(-0.885,0.176987713186854,0.1225));
#16510=CARTESIAN_POINT($,(-0.885,0.176987713186854,0.1225));
#16511=CARTESIAN_POINT('Origin',(-0.965,0.092,0.1225));
#16512=CARTESIAN_POINT('',(-0.935,0.092,0.1225));
#16513=CARTESIAN_POINT('',(-0.935,0.092,0.08));
#16514=CARTESIAN_POINT($,(-0.935,0.092,0.1225));
#16515=CARTESIAN_POINT('',(-0.965,0.092,0.1225));
#16516=CARTESIAN_POINT($,(-0.965,0.092,0.1225));
#16517=CARTESIAN_POINT('',(-0.965,0.092,0.08));
#16518=CARTESIAN_POINT($,(-0.965,0.092,0.1225));
#16519=CARTESIAN_POINT($,(-0.965,0.092,0.08));
#16520=CARTESIAN_POINT('Origin',(-0.965,0.176978631629311,0.08));
#16521=CARTESIAN_POINT('',(-0.965,0.176978917642849,0.0813384901539001));
#16522=CARTESIAN_POINT('',(-0.935,0.176978917642849,0.0813384901539001));
#16523=CARTESIAN_POINT($,(1.26020815280171,0.176978917642849,0.0813384901539));
#16524=CARTESIAN_POINT('',(-0.965,0.176987713186854,0.1225));
#16525=CARTESIAN_POINT($,(-0.965,0.176978631629311,0.08));
#16526=CARTESIAN_POINT('',(-0.935,0.176987713186854,0.1225));
#16527=CARTESIAN_POINT($,(-0.965,0.176987713186854,0.1225));
#16528=CARTESIAN_POINT($,(-0.935,0.176978631629311,0.08));
#16529=CARTESIAN_POINT('Origin',(-0.965,0.176987713186854,0.1225));
#16530=CARTESIAN_POINT('',(-0.965,0.1345,0.1225));
#16531=CARTESIAN_POINT($,(-0.965,0.176987713186854,0.1225));
#16532=CARTESIAN_POINT($,(-0.965,0.176987713186854,0.1225));
#16533=CARTESIAN_POINT('',(-0.935,0.1345,0.1225));
#16534=CARTESIAN_POINT($,(-0.935,0.176987713186854,0.1225));
#16535=CARTESIAN_POINT($,(-0.935,0.176987713186854,0.1225));
#16536=CARTESIAN_POINT('Origin',(-1.12502189954285,0.176987713186854,0.1225));
#16537=CARTESIAN_POINT('',(-1.03,0.176995654852283,0.0818746645586197));
#16538=CARTESIAN_POINT('',(-0.985,0.176978917642849,0.0813384901539001));
#16539=CARTESIAN_POINT($,(1.26020815280171,0.176978917642849,0.0813384901539));
#16540=CARTESIAN_POINT('',(-1.03,0.176987713186854,0.1225));
#16541=CARTESIAN_POINT($,(-1.03,0.176987713186854,0.1225));
#16542=CARTESIAN_POINT('',(-0.985,0.176987713186854,0.1225));
#16543=CARTESIAN_POINT($,(-1.12502189954285,0.176987713186854,0.1225));
#16544=CARTESIAN_POINT($,(-0.985,0.176987713186854,0.1225));
#16545=CARTESIAN_POINT('Origin',(-1.12502189954285,0.176987713186854,0.1225));
#16546=CARTESIAN_POINT('',(-1.03,0.092,0.1225));
#16547=CARTESIAN_POINT($,(-1.03,0.092,0.1225));
#16548=CARTESIAN_POINT('',(-0.985,0.092,0.1225));
#16549=CARTESIAN_POINT($,(-1.12502189954285,0.092,0.1225));
#16550=CARTESIAN_POINT('',(-0.985,0.1345,0.1225));
#16551=CARTESIAN_POINT($,(-0.985,0.176987713186854,0.1225));
#16552=CARTESIAN_POINT($,(-0.985,0.176987713186854,0.1225));
#16553=CARTESIAN_POINT('Origin',(-1.22,0.132,0.0825));
#16554=CARTESIAN_POINT('',(-1.03,0.132006471213221,0.0375730685752949));
#16555=CARTESIAN_POINT('',(-1.03,0.134492313243735,0.0375690710679704));
#16556=CARTESIAN_POINT('Origin',(-1.03,0.134499999998224,0.0799999999360508));
#16557=CARTESIAN_POINT('',(-1.14,0.132,0.0375));
#16558=CARTESIAN_POINT($,(-1.03,0.132,0.0375));
#16559=CARTESIAN_POINT('',(-1.14,0.177,0.0825));
#16560=CARTESIAN_POINT('Origin',(-1.14,0.132,0.0825));
#16561=CARTESIAN_POINT($,(-1.14,0.177,0.0825));
#16562=CARTESIAN_POINT('Origin',(-1.03,0.132,0.0825000000000001));
#16563=CARTESIAN_POINT('Origin',(-1.22,0.177,0.18));
#16564=CARTESIAN_POINT('',(-1.03,0.177,0.18));
#16565=CARTESIAN_POINT($,(-1.03,0.177,0.0375));
#16566=CARTESIAN_POINT('',(-1.14,0.177,0.18));
#16567=CARTESIAN_POINT($,(-1.14,0.177,0.08));
#16568=CARTESIAN_POINT($,(-1.22,0.177,0.18));
#16569=CARTESIAN_POINT('Origin',(-1.22,0.2,0.19));
#16570=CARTESIAN_POINT('',(-1.03,0.2,0.19));
#16571=CARTESIAN_POINT('',(-1.03,0.187,0.19));
#16572=CARTESIAN_POINT($,(-1.03,0.092,0.19));
#16573=CARTESIAN_POINT('',(-1.14,0.187,0.19));
#16574=CARTESIAN_POINT($,(-1.22,0.187,0.19));
#16575=CARTESIAN_POINT('',(-1.14,0.2,0.19));
#16576=CARTESIAN_POINT($,(-1.14,0.1345,0.19));
#16577=CARTESIAN_POINT($,(-1.22,0.2,0.19));
#16578=CARTESIAN_POINT('Origin',(-1.22,0.187,0.19));
#16579=CARTESIAN_POINT($,(-1.03,0.0632499999999998,0.0662500000000004));
#16580=CARTESIAN_POINT($,(-1.14,0.10575,0.10875));
#16581=CARTESIAN_POINT('Origin',(-1.035,0.2,0.00861537154656462));
#16582=CARTESIAN_POINT('',(-1.035,0.035,0.235));
#16583=CARTESIAN_POINT('',(-1.035,0.092,0.235));
#16584=CARTESIAN_POINT($,(-1.035,0.2,0.235));
#16585=CARTESIAN_POINT($,(-1.035,0.092,0.));
#16586=CARTESIAN_POINT('',(-1.035,0.162,0.305));
#16587=CARTESIAN_POINT($,(-1.035,0.162,0.305));
#16588=CARTESIAN_POINT('',(-1.035,0.035,0.305));
#16589=CARTESIAN_POINT($,(-1.035,0.2,0.305));
#16590=CARTESIAN_POINT($,(-1.035,0.035,0.00861537154656462));
#16591=CARTESIAN_POINT('Origin',(-1.19,0.035,0.00861537154656462));
#16592=CARTESIAN_POINT('',(-1.19,0.035,0.235));
#16593=CARTESIAN_POINT('',(-1.19,0.035,0.305));
#16594=CARTESIAN_POINT($,(-1.19,0.035,0.00861537154656462));
#16595=CARTESIAN_POINT($,(-1.19,0.035,0.235));
#16596=CARTESIAN_POINT($,(-1.19,0.035,0.305));
#16597=CARTESIAN_POINT('Origin',(-1.14,0.1345,0.08));
#16598=CARTESIAN_POINT('',(-1.14,0.092,0.0375));
#16599=CARTESIAN_POINT($,(-1.14,0.092,0.0375));
#16600=CARTESIAN_POINT('',(-1.14,0.092,0.235));
#16601=CARTESIAN_POINT($,(-1.14,0.092,0.0375));
#16602=CARTESIAN_POINT('',(-1.14,0.2,0.235));
#16603=CARTESIAN_POINT($,(-1.14,0.092,0.235));
#16604=CARTESIAN_POINT($,(-1.14,0.2,0.0375));
#16605=CARTESIAN_POINT('Origin',(-1.14,0.092,0.235));
#16606=CARTESIAN_POINT('',(-1.19,0.2,0.235));
#16607=CARTESIAN_POINT($,(-1.14,0.2,0.235));
#16608=CARTESIAN_POINT($,(0.,0.092,0.235));
#16609=CARTESIAN_POINT($,(-1.19,0.092,0.235));
#16610=CARTESIAN_POINT('Origin',(-1.19,0.092,0.235));
#16611=CARTESIAN_POINT('',(-1.19,0.2,0.305));
#16612=CARTESIAN_POINT($,(-1.19,0.2,0.235));
#16613=CARTESIAN_POINT($,(-1.19,0.092,0.305));
#16614=CARTESIAN_POINT('Origin',(-1.03,0.092,0.0375));
#16615=CARTESIAN_POINT('',(-1.03,0.092,0.08));
#16616=CARTESIAN_POINT('Origin',(-1.03,0.1345,0.08));
#16617=CARTESIAN_POINT('',(-1.03,0.092,0.0375));
#16618=CARTESIAN_POINT($,(-1.03,0.092,0.0375));
#16619=CARTESIAN_POINT($,(-1.03,0.092,0.0375));
#16620=CARTESIAN_POINT('Origin',(-1.14,0.092,0.0375));
#16621=CARTESIAN_POINT($,(-1.14,0.092,0.0375));
#16622=CARTESIAN_POINT('Origin',(-1.03,0.092,0.0375));
#16623=CARTESIAN_POINT('',(-1.03,0.092,0.1975));
#16624=CARTESIAN_POINT($,(-1.03,0.092,0.0375));
#16625=CARTESIAN_POINT('',(-1.03,0.2,0.1975));
#16626=CARTESIAN_POINT($,(-1.03,0.2,0.0375));
#16627=CARTESIAN_POINT($,(-1.03,0.092,0.1975));
#16628=CARTESIAN_POINT('Origin',(-0.865,0.1345,0.08));
#16629=CARTESIAN_POINT('',(-0.865,0.1345,0.0975));
#16630=CARTESIAN_POINT($,(-0.865,0.1345,0.0975));
#16631=CARTESIAN_POINT('Origin',(-0.865,0.1345,0.08));
#16632=CARTESIAN_POINT('',(-0.865,0.122,0.12062019202318));
#16633=CARTESIAN_POINT('Origin',(-0.865,0.1345,0.08));
#16634=CARTESIAN_POINT('',(-0.865,0.122,0.0677525512860841));
#16635=CARTESIAN_POINT($,(-0.865,0.122,0.12062019202318));
#16636=CARTESIAN_POINT('Origin',(-0.865,0.1345,0.08));
#16637=CARTESIAN_POINT('Origin',(-0.885,0.1345,0.08));
#16638=CARTESIAN_POINT('Origin',(-0.885,0.1345,0.08));
#16639=CARTESIAN_POINT('',(-0.885,0.1345,0.0975));
#16640=CARTESIAN_POINT($,(-0.885,0.1345,0.0975));
#16641=CARTESIAN_POINT('',(-0.885,0.122,0.0677525512860841));
#16642=CARTESIAN_POINT('Origin',(-0.885,0.1345,0.08));
#16643=CARTESIAN_POINT('',(-0.885,0.122,0.12062019202318));
#16644=CARTESIAN_POINT($,(-0.885,0.122,0.12062019202318));
#16645=CARTESIAN_POINT('Origin',(-0.885,0.1345,0.08));
#16646=CARTESIAN_POINT('Origin',(-0.885,0.1345,0.0975));
#16647=CARTESIAN_POINT($,(-0.885,0.1345,0.0975));
#16648=CARTESIAN_POINT($,(-0.885,0.1345,0.1225));
#16649=CARTESIAN_POINT('Origin',(-0.885,0.122,0.12062019202318));
#16650=CARTESIAN_POINT($,(-0.885,0.122,0.12062019202318));
#16651=CARTESIAN_POINT($,(-0.885,0.122,0.0677525512860841));
#16652=CARTESIAN_POINT('Origin',(-0.915,0.1345,0.08));
#16653=CARTESIAN_POINT('',(-0.915,0.1345,0.0975));
#16654=CARTESIAN_POINT($,(-0.915,0.1345,0.0975));
#16655=CARTESIAN_POINT('Origin',(-0.915,0.1345,0.08));
#16656=CARTESIAN_POINT('',(-0.915,0.122,0.12062019202318));
#16657=CARTESIAN_POINT('Origin',(-0.915,0.1345,0.08));
#16658=CARTESIAN_POINT('',(-0.915,0.122,0.0677525512860841));
#16659=CARTESIAN_POINT($,(-0.915,0.122,0.12062019202318));
#16660=CARTESIAN_POINT('Origin',(-0.915,0.1345,0.08));
#16661=CARTESIAN_POINT('Origin',(-0.935,0.1345,0.08));
#16662=CARTESIAN_POINT('Origin',(-0.935,0.1345,0.08));
#16663=CARTESIAN_POINT('',(-0.935,0.1345,0.0975));
#16664=CARTESIAN_POINT($,(-0.935,0.1345,0.0975));
#16665=CARTESIAN_POINT('',(-0.935,0.122,0.0677525512860841));
#16666=CARTESIAN_POINT('Origin',(-0.935,0.1345,0.08));
#16667=CARTESIAN_POINT('',(-0.935,0.122,0.12062019202318));
#16668=CARTESIAN_POINT($,(-0.935,0.122,0.12062019202318));
#16669=CARTESIAN_POINT('Origin',(-0.935,0.1345,0.08));
#16670=CARTESIAN_POINT('Origin',(-0.935,0.1345,0.0975));
#16671=CARTESIAN_POINT($,(-0.935,0.1345,0.0975));
#16672=CARTESIAN_POINT($,(-0.935,0.1345,0.1225));
#16673=CARTESIAN_POINT('Origin',(-0.935,0.122,0.12062019202318));
#16674=CARTESIAN_POINT($,(-0.935,0.122,0.12062019202318));
#16675=CARTESIAN_POINT($,(-0.935,0.122,0.0677525512860841));
#16676=CARTESIAN_POINT('Origin',(-0.965,0.1345,0.08));
#16677=CARTESIAN_POINT('',(-0.965,0.1345,0.0975));
#16678=CARTESIAN_POINT($,(-0.965,0.1345,0.0975));
#16679=CARTESIAN_POINT('Origin',(-0.965,0.1345,0.08));
#16680=CARTESIAN_POINT('',(-0.965,0.122,0.12062019202318));
#16681=CARTESIAN_POINT('Origin',(-0.965,0.1345,0.08));
#16682=CARTESIAN_POINT('',(-0.965,0.122,0.0677525512860841));
#16683=CARTESIAN_POINT($,(-0.965,0.122,0.12062019202318));
#16684=CARTESIAN_POINT('Origin',(-0.965,0.1345,0.08));
#16685=CARTESIAN_POINT('Origin',(-0.985,0.1345,0.08));
#16686=CARTESIAN_POINT('',(-0.985,0.092,0.08));
#16687=CARTESIAN_POINT('Origin',(-0.985,0.1345,0.08));
#16688=CARTESIAN_POINT('',(-0.985,0.1345,0.0975));
#16689=CARTESIAN_POINT($,(-0.985,0.1345,0.0975));
#16690=CARTESIAN_POINT('',(-0.985,0.122,0.0677525512860841));
#16691=CARTESIAN_POINT('Origin',(-0.985,0.1345,0.08));
#16692=CARTESIAN_POINT('',(-0.985,0.122,0.12062019202318));
#16693=CARTESIAN_POINT($,(-0.985,0.122,0.12062019202318));
#16694=CARTESIAN_POINT('Origin',(-0.985,0.1345,0.08));
#16695=CARTESIAN_POINT($,(-0.985,0.092,0.1225));
#16696=CARTESIAN_POINT('Origin',(-0.985,0.1345,0.0975));
#16697=CARTESIAN_POINT($,(-0.985,0.1345,0.0975));
#16698=CARTESIAN_POINT($,(-0.985,0.1345,0.1225));
#16699=CARTESIAN_POINT('Origin',(-0.985,0.122,0.12062019202318));
#16700=CARTESIAN_POINT($,(-0.985,0.122,0.12062019202318));
#16701=CARTESIAN_POINT($,(-0.985,0.122,0.0677525512860841));
#16702=CARTESIAN_POINT('Origin',(1.26020815280171,0.1345,0.08));
#16703=CARTESIAN_POINT($,(-1.12502189954285,0.092,0.08));
#16704=CARTESIAN_POINT('Origin',(1.26020815280171,0.1345,0.08));
#16705=CARTESIAN_POINT('Origin',(1.26020815280171,0.1345,0.08));
#16706=CARTESIAN_POINT('Origin',(1.26020815280171,0.1345,0.08));
#16707=CARTESIAN_POINT('Origin',(1.26020815280171,0.1345,0.08));
#16708=CARTESIAN_POINT('Origin',(1.26020815280171,0.1345,0.08));
#16709=CARTESIAN_POINT('Origin',(1.26020815280171,0.1345,0.08));
#16710=CARTESIAN_POINT('Origin',(-0.985,0.1345,0.08));
#16711=CARTESIAN_POINT('Origin',(-0.935,0.1345,0.08));
#16712=CARTESIAN_POINT('Origin',(-0.885,0.1345,0.08));
#16713=CARTESIAN_POINT('Origin',(-2.04,0.092,0.305));
#16714=CARTESIAN_POINT('',(-0.715,0.162,0.305));
#16715=CARTESIAN_POINT($,(0.207801098892805,0.162,0.305));
#16716=CARTESIAN_POINT('',(-0.715,0.035,0.305));
#16717=CARTESIAN_POINT($,(-0.715,0.2,0.305));
#16718=CARTESIAN_POINT('',(-0.56,0.035,0.305));
#16719=CARTESIAN_POINT($,(-0.56,0.035,0.305));
#16720=CARTESIAN_POINT('',(-0.56,0.2,0.305));
#16721=CARTESIAN_POINT($,(-0.56,0.092,0.305));
#16722=CARTESIAN_POINT($,(-2.94,0.2,0.305));
#16723=CARTESIAN_POINT('Origin',(0.25780109889281,0.162,0.305));
#16724=CARTESIAN_POINT('',(-0.787500000000002,0.162,0.265));
#16725=CARTESIAN_POINT($,(-0.215,0.162,0.265));
#16726=CARTESIAN_POINT('',(-0.787500000000001,0.162,0.285));
#16727=CARTESIAN_POINT($,(-0.787500000000001,0.162,0.2377220879844));
#16728=CARTESIAN_POINT('',(-0.715,0.162,0.285));
#16729=CARTESIAN_POINT($,(-0.642198901107195,0.162,0.285));
#16730=CARTESIAN_POINT($,(-0.715,0.162,0.305));
#16731=CARTESIAN_POINT('Origin',(-0.85,0.,0.265));
#16732=CARTESIAN_POINT('',(-0.787500000000002,0.092,0.265));
#16733=CARTESIAN_POINT($,(-0.175,0.092,0.265));
#16734=CARTESIAN_POINT($,(-0.787500000000002,0.05875,0.265));
#16735=CARTESIAN_POINT('Origin',(-0.815,0.092,0.1225));
#16736=CARTESIAN_POINT('',(-0.815,0.092,0.1225));
#16737=CARTESIAN_POINT('',(-0.785,0.092,0.1225));
#16738=CARTESIAN_POINT($,(-0.815,0.092,0.1225));
#16739=CARTESIAN_POINT('',(-0.815,0.092,0.08));
#16740=CARTESIAN_POINT($,(-0.815,0.092,0.1225));
#16741=CARTESIAN_POINT('',(-0.785,0.092,0.08));
#16742=CARTESIAN_POINT($,(-0.815,0.092,0.08));
#16743=CARTESIAN_POINT($,(-0.785,0.092,0.1225));
#16744=CARTESIAN_POINT('Origin',(-0.815,0.176987713186854,0.1225));
#16745=CARTESIAN_POINT('',(-0.815,0.176987713186854,0.1225));
#16746=CARTESIAN_POINT('',(-0.785,0.176987713186854,0.1225));
#16747=CARTESIAN_POINT($,(-0.815,0.176987713186854,0.1225));
#16748=CARTESIAN_POINT('',(-0.815,0.1345,0.1225));
#16749=CARTESIAN_POINT($,(-0.815,0.176987713186854,0.1225));
#16750=CARTESIAN_POINT($,(-0.815,0.176987713186854,0.1225));
#16751=CARTESIAN_POINT('',(-0.785,0.1345,0.1225));
#16752=CARTESIAN_POINT($,(-0.785,0.176987713186854,0.1225));
#16753=CARTESIAN_POINT($,(-0.785,0.176987713186854,0.1225));
#16754=CARTESIAN_POINT('Origin',(-0.835,0.1345,0.08));
#16755=CARTESIAN_POINT('',(-0.815,0.1345,0.0975));
#16756=CARTESIAN_POINT($,(-0.835,0.1345,0.0975));
#16757=CARTESIAN_POINT('',(-0.815,0.122,0.0677525512860841));
#16758=CARTESIAN_POINT('Origin',(-0.815,0.1345,0.08));
#16759=CARTESIAN_POINT($,(-0.835,0.122,0.0677525512860841));
#16760=CARTESIAN_POINT('Origin',(0.41020815280171,0.1345,0.08));
#16761=CARTESIAN_POINT('',(-0.815,0.122,0.12062019202318));
#16762=CARTESIAN_POINT('Origin',(-0.815,0.1345,0.08));
#16763=CARTESIAN_POINT($,(-0.835,0.1345,0.1225));
#16764=CARTESIAN_POINT($,(-0.835,0.122,0.12062019202318));
#16765=CARTESIAN_POINT('Origin',(0.41020815280171,0.1345,0.08));
#16766=CARTESIAN_POINT('',(-0.815,0.176978917642849,0.0813384901539001));
#16767=CARTESIAN_POINT('Origin',(-0.815,0.1345,0.08));
#16768=CARTESIAN_POINT('',(-0.785,0.176978917642849,0.0813384901539001));
#16769=CARTESIAN_POINT($,(-0.489791847198287,0.176978917642849,0.0813384901539));
#16770=CARTESIAN_POINT('Origin',(-0.785,0.1345,0.08));
#16771=CARTESIAN_POINT('Origin',(-0.835,0.122,0.12062019202318));
#16772=CARTESIAN_POINT($,(-0.815,0.122,0.12062019202318));
#16773=CARTESIAN_POINT('Origin',(-0.835,0.1345,0.0975));
#16774=CARTESIAN_POINT($,(-0.815,0.1345,0.0975));
#16775=CARTESIAN_POINT('Origin',(-0.815,0.1345,0.08));
#16776=CARTESIAN_POINT($,(-0.815,0.176978631629311,0.08));
#16777=CARTESIAN_POINT('Origin',(-0.815,0.176978631629311,0.08));
#16778=CARTESIAN_POINT($,(-0.785,0.176978631629311,0.08));
#16779=CARTESIAN_POINT('Origin',(-0.624978100457153,0.176987713186854,0.1225));
#16780=CARTESIAN_POINT('',(-0.765,0.176978917642849,0.0813384901539));
#16781=CARTESIAN_POINT('',(-0.72,0.176988915364516,0.0814079869157588));
#16782=CARTESIAN_POINT($,(-0.489791847198287,0.176978917642849,0.0813384901538993));
#16783=CARTESIAN_POINT('',(-0.765,0.176987713186854,0.1225));
#16784=CARTESIAN_POINT($,(-0.765,0.176987713186854,0.1225));
#16785=CARTESIAN_POINT('',(-0.72,0.176987713186854,0.1225));
#16786=CARTESIAN_POINT($,(-0.624978100457153,0.176987713186854,0.1225));
#16787=CARTESIAN_POINT($,(-0.72,0.176987713186854,0.1225));
#16788=CARTESIAN_POINT('Origin',(-0.624978100457153,0.092,0.1225));
#16789=CARTESIAN_POINT('',(-0.765,0.1345,0.1225));
#16790=CARTESIAN_POINT($,(-0.765,0.092,0.1225));
#16791=CARTESIAN_POINT('',(-0.765,0.092,0.1225));
#16792=CARTESIAN_POINT($,(-0.765,0.092,0.1225));
#16793=CARTESIAN_POINT('',(-0.72,0.092,0.1225));
#16794=CARTESIAN_POINT($,(-0.624978100457153,0.092,0.1225));
#16795=CARTESIAN_POINT($,(-0.72,0.092,0.1225));
#16796=CARTESIAN_POINT('Origin',(-2.97,0.132,0.0825000000000003));
#16797=CARTESIAN_POINT('',(-0.61,0.132,0.0374999999999997));
#16798=CARTESIAN_POINT('',(-0.61,0.177,0.0824999999999997));
#16799=CARTESIAN_POINT('Origin',(-0.61,0.132,0.0824999999999997));
#16800=CARTESIAN_POINT('',(-0.72,0.133088702775043,0.0375138161091087));
#16801=CARTESIAN_POINT($,(-0.61,0.132,0.0374999999999997));
#16802=CARTESIAN_POINT('Origin',(-0.719999999999999,0.132,0.0824999999999998));
#16803=CARTESIAN_POINT($,(-0.72,0.177,0.0824999999999998));
#16804=CARTESIAN_POINT('Origin',(-2.97,0.177,0.18));
#16805=CARTESIAN_POINT('',(-0.61,0.177,0.18));
#16806=CARTESIAN_POINT($,(-0.61,0.177,0.215));
#16807=CARTESIAN_POINT('',(-0.72,0.177,0.18));
#16808=CARTESIAN_POINT($,(-0.72,0.177,0.0374999999999997));
#16809=CARTESIAN_POINT($,(-2.97,0.177,0.18));
#16810=CARTESIAN_POINT('Origin',(-2.97,0.187,0.19));
#16811=CARTESIAN_POINT('',(-0.72,0.187,0.19));
#16812=CARTESIAN_POINT($,(-0.72,0.0632499999999997,0.0662500000000002));
#16813=CARTESIAN_POINT('',(-0.61,0.187,0.19));
#16814=CARTESIAN_POINT($,(-2.97,0.187,0.19));
#16815=CARTESIAN_POINT($,(-0.61,0.152,0.155));
#16816=CARTESIAN_POINT('Origin',(-2.97,0.2,0.19));
#16817=CARTESIAN_POINT('',(-0.72,0.2,0.19));
#16818=CARTESIAN_POINT($,(-0.72,0.092,0.19));
#16819=CARTESIAN_POINT('',(-0.61,0.2,0.19));
#16820=CARTESIAN_POINT($,(-2.97,0.2,0.19));
#16821=CARTESIAN_POINT($,(-0.61,0.092,0.19));
#16822=CARTESIAN_POINT('Origin',(-0.56,0.035,0.00861537154656462));
#16823=CARTESIAN_POINT('',(-0.715,0.035,0.235));
#16824=CARTESIAN_POINT($,(-0.715,0.035,0.00861537154656462));
#16825=CARTESIAN_POINT('',(-0.56,0.035,0.235));
#16826=CARTESIAN_POINT($,(-0.56,0.035,0.235));
#16827=CARTESIAN_POINT($,(-0.56,0.035,0.00861537154656462));
#16828=CARTESIAN_POINT('Origin',(-0.715,0.2,0.00861537154656462));
#16829=CARTESIAN_POINT('',(-0.715,0.092,0.285));
#16830=CARTESIAN_POINT($,(-0.715,0.092,0.285));
#16831=CARTESIAN_POINT('',(-0.715,0.092,0.235));
#16832=CARTESIAN_POINT($,(-0.715,0.092,0.));
#16833=CARTESIAN_POINT($,(-0.715,0.2,0.235));
#16834=CARTESIAN_POINT('Origin',(-0.61,0.092,0.215));
#16835=CARTESIAN_POINT('',(-0.61,0.092,0.0374999999999997));
#16836=CARTESIAN_POINT($,(-0.61,0.092,0.0374999999999997));
#16837=CARTESIAN_POINT('',(-0.61,0.2,0.235));
#16838=CARTESIAN_POINT($,(-0.61,0.2,0.0374999999999997));
#16839=CARTESIAN_POINT('',(-0.61,0.092,0.235));
#16840=CARTESIAN_POINT($,(-0.61,0.092,0.235));
#16841=CARTESIAN_POINT($,(-0.61,0.092,0.0374999999999997));
#16842=CARTESIAN_POINT('Origin',(-0.56,0.092,0.235));
#16843=CARTESIAN_POINT('',(-0.56,0.2,0.235));
#16844=CARTESIAN_POINT($,(-0.56,0.2,0.235));
#16845=CARTESIAN_POINT($,(-0.56,0.092,0.235));
#16846=CARTESIAN_POINT('Origin',(-0.61,0.092,0.235));
#16847=CARTESIAN_POINT($,(-0.61,0.2,0.235));
#16848=CARTESIAN_POINT($,(-1.75,0.092,0.235));
#16849=CARTESIAN_POINT('Origin',(-0.72,0.092,0.0374999999999997));
#16850=CARTESIAN_POINT('',(-0.72,0.092,0.1975));
#16851=CARTESIAN_POINT($,(-0.72,0.092,0.0374999999999997));
#16852=CARTESIAN_POINT('',(-0.72,0.2,0.1975));
#16853=CARTESIAN_POINT($,(-0.72,0.092,0.1975));
#16854=CARTESIAN_POINT($,(-0.72,0.2,0.0374999999999997));
#16855=CARTESIAN_POINT('Origin',(-0.61,0.092,0.0374999999999997));
#16856=CARTESIAN_POINT('',(-0.72,0.092,0.0374999999999997));
#16857=CARTESIAN_POINT($,(-0.72,0.092,0.0374999999999997));
#16858=CARTESIAN_POINT($,(-0.61,0.092,0.0374999999999997));
#16859=CARTESIAN_POINT('Origin',(-0.72,0.092,0.0374999999999997));
#16860=CARTESIAN_POINT('',(-0.72,0.092,0.08));
#16861=CARTESIAN_POINT('Origin',(-0.72,0.1345,0.08));
#16862=CARTESIAN_POINT($,(-0.72,0.092,0.0374999999999997));
#16863=CARTESIAN_POINT('Origin',(-0.765,0.1345,0.08));
#16864=CARTESIAN_POINT('',(-0.765,0.092,0.08));
#16865=CARTESIAN_POINT('Origin',(-0.765,0.1345,0.08));
#16866=CARTESIAN_POINT($,(-0.765,0.092,0.08));
#16867=CARTESIAN_POINT('',(-0.765,0.122,0.12062019202318));
#16868=CARTESIAN_POINT('Origin',(-0.765,0.1345,0.08));
#16869=CARTESIAN_POINT('',(-0.765,0.122,0.0677525512860841));
#16870=CARTESIAN_POINT($,(-0.765,0.122,0.12062019202318));
#16871=CARTESIAN_POINT('',(-0.765,0.1345,0.0975));
#16872=CARTESIAN_POINT('Origin',(-0.765,0.1345,0.08));
#16873=CARTESIAN_POINT($,(-0.765,0.1345,0.0975));
#16874=CARTESIAN_POINT('Origin',(-0.785,0.1345,0.08));
#16875=CARTESIAN_POINT('',(-0.785,0.1345,0.0975));
#16876=CARTESIAN_POINT($,(-0.785,0.1345,0.0975));
#16877=CARTESIAN_POINT('',(-0.785,0.122,0.0677525512860841));
#16878=CARTESIAN_POINT('Origin',(-0.785,0.1345,0.08));
#16879=CARTESIAN_POINT('',(-0.785,0.122,0.12062019202318));
#16880=CARTESIAN_POINT($,(-0.785,0.122,0.12062019202318));
#16881=CARTESIAN_POINT('Origin',(-0.785,0.1345,0.08));
#16882=CARTESIAN_POINT('Origin',(-0.785,0.1345,0.0975));
#16883=CARTESIAN_POINT($,(-0.785,0.1345,0.0975));
#16884=CARTESIAN_POINT($,(-0.785,0.1345,0.1225));
#16885=CARTESIAN_POINT('Origin',(-0.785,0.122,0.12062019202318));
#16886=CARTESIAN_POINT($,(-0.785,0.122,0.12062019202318));
#16887=CARTESIAN_POINT($,(-0.785,0.122,0.0677525512860841));
#16888=CARTESIAN_POINT('Origin',(-0.489791847198287,0.1345,0.08));
#16889=CARTESIAN_POINT($,(-0.624978100457153,0.092,0.08));
#16890=CARTESIAN_POINT('Origin',(-0.489791847198287,0.1345,0.08));
#16891=CARTESIAN_POINT('Origin',(-0.785,0.1345,0.08));
#16892=CARTESIAN_POINT('Origin',(-0.642198901107195,0.092,0.285));
#16893=CARTESIAN_POINT('',(-0.787500000000001,0.092,0.285));
#16894=CARTESIAN_POINT($,(-0.787500000000001,0.10475,0.285));
#16895=CARTESIAN_POINT($,(-0.642198901107195,0.092,0.285));
#16896=CARTESIAN_POINT('Origin',(-0.787500000000001,0.1175,0.170444175968804));
#16897=CARTESIAN_POINT($,(-0.787500000000001,0.092,0.0852220879844039));
#16898=CARTESIAN_POINT('Origin',(-0.85,0.2,0.));
#16899=CARTESIAN_POINT($,(-1.93,0.2,0.1975));
#16900=CARTESIAN_POINT('Origin',(-1.88,0.092,0.1975));
#16901=CARTESIAN_POINT($,(-1.93,0.092,0.1975));
#16902=CARTESIAN_POINT('Origin',(-0.85,0.092,0.));
#16903=UNCERTAINTY_MEASURE_WITH_UNIT(LENGTH_MEASURE(0.001),#16905,
'DISTANCE_ACCURACY_VALUE',
'Maximum model space distance between geometric entities at asserted c
onnectivities');
#16904=(
GEOMETRIC_REPRESENTATION_CONTEXT(3)
GLOBAL_UNCERTAINTY_ASSIGNED_CONTEXT((#16903))
GLOBAL_UNIT_ASSIGNED_CONTEXT((#16905,#16907,#16906))
REPRESENTATION_CONTEXT('','3D')
);
#16905=(
LENGTH_UNIT()
NAMED_UNIT(*)
SI_UNIT(.CENTI.,.METRE.)
);
#16906=(
NAMED_UNIT(*)
SI_UNIT($,.STERADIAN.)
SOLID_ANGLE_UNIT()
);
#16907=(
NAMED_UNIT(*)
PLANE_ANGLE_UNIT()
SI_UNIT($,.RADIAN.)
);
#16908=SHAPE_DEFINITION_REPRESENTATION(#16909,#16910);
#16909=PRODUCT_DEFINITION_SHAPE('',$,#16912);
#16910=SHAPE_REPRESENTATION('',(#10269),#16904);
#16911=PRODUCT_DEFINITION_CONTEXT('3D Mechanical Parts',#16915,'design');
#16912=PRODUCT_DEFINITION('(Unsaved)','(Unsaved)',#16913,#16911);
#16913=PRODUCT_DEFINITION_FORMATION('',$,#16917);
#16914=APPLICATION_PROTOCOL_DEFINITION('international standard',
'automotive_design',2009,#16915);
#16915=APPLICATION_CONTEXT(
'Core Data for Automotive Mechanical Design Process');
#16916=PRODUCT_CONTEXT('3D Mechanical Parts',#16915,'mechanical');
#16917=PRODUCT('(Unsaved)','(Unsaved)',$,(#16916));
#16918=PRESENTATION_STYLE_ASSIGNMENT((#16921));
#16919=PRESENTATION_STYLE_ASSIGNMENT((#16922));
#16920=PRESENTATION_STYLE_ASSIGNMENT((#16923));
#16921=SURFACE_STYLE_USAGE(.BOTH.,#16924);
#16922=SURFACE_STYLE_USAGE(.BOTH.,#16925);
#16923=SURFACE_STYLE_USAGE(.BOTH.,#16926);
#16924=SURFACE_SIDE_STYLE($,(#16927));
#16925=SURFACE_SIDE_STYLE($,(#16928));
#16926=SURFACE_SIDE_STYLE($,(#16929));
#16927=SURFACE_STYLE_FILL_AREA(#16930);
#16928=SURFACE_STYLE_FILL_AREA(#16931);
#16929=SURFACE_STYLE_FILL_AREA(#16932);
#16930=FILL_AREA_STYLE($,(#16933));
#16931=FILL_AREA_STYLE($,(#16934));
#16932=FILL_AREA_STYLE($,(#16935));
#16933=FILL_AREA_STYLE_COLOUR($,#16936);
#16934=FILL_AREA_STYLE_COLOUR($,#16937);
#16935=FILL_AREA_STYLE_COLOUR($,#16938);
#16936=COLOUR_RGB('__RGBA_0.792157_0.819608_0.933333',0.792156862745098,
0.819607843137255,0.933333333333333);
#16937=COLOUR_RGB('__RGBA_1_1_1',1.,1.,1.);
#16938=COLOUR_RGB('__RGBA_0.25098_0.25098_0.25098',0.250980392156863,0.250980392156863,
0.250980392156863);
ENDSEC;
END-ISO-10303-21;
