ISO-10303-21;
HEADER;
/* Generated by software containing ST-Developer
 * from STEP Tools, Inc. (www.steptools.com) 
 */

FILE_DESCRIPTION(
/* description */ (''),
/* implementation_level */ '2;1');

FILE_NAME(
/* name */ 'Infrared Obstacle Detecting Module v4.step',
/* time_stamp */ '2023-07-26T19:49:22+02:00',
/* author */ (''),
/* organization */ (''),
/* preprocessor_version */ 'ST-DEVELOPER v20',
/* originating_system */ 'Autodesk Translation Framework v12.9.0.99',
/* authorisation */ '');

FILE_SCHEMA (('AUTOMOTIVE_DESIGN { 1 0 10303 214 3 1 1 }'));
ENDSEC;

DATA;
#10=MECHANICAL_DESIGN_GEOMETRIC_PRESENTATION_REPRESENTATION('',(#19,#20,
#21,#22,#23,#24,#25,#26,#27,#28,#29,#30,#31,#32,#33,#34,#35),#2498);
#11=ITEM_DEFINED_TRANSFORMATION($,$,#1558,#1666);
#12=(
REPRESENTATION_RELATIONSHIP($,$,#2509,#2508)
REPRESENTATION_RELATIONSHIP_WITH_TRANSFORMATION(#11)
SHAPE_REPRESENTATION_RELATIONSHIP()
);
#13=CONTEXT_DEPENDENT_SHAPE_REPRESENTATION(#12,#2507);
#14=NEXT_ASSEMBLY_USAGE_OCCURRENCE('Komponente1:1','Komponente1:1',
'Komponente1:1',#2511,#2512,'Komponente1:1');
#15=SHAPE_REPRESENTATION_RELATIONSHIP('SRR','None',#2509,#16);
#16=ADVANCED_BREP_SHAPE_REPRESENTATION('',(#36,#37,#38,#39,#40,#41,#42,
#43,#44,#45,#46,#47,#48,#49,#50,#51,#52),#2497);
#17=SPHERICAL_SURFACE('',#1628,2.5);
#18=SPHERICAL_SURFACE('',#1635,2.5);
#19=STYLED_ITEM('',(#2523),#36);
#20=STYLED_ITEM('',(#2524),#37);
#21=STYLED_ITEM('',(#2525),#38);
#22=STYLED_ITEM('',(#2525),#39);
#23=STYLED_ITEM('',(#2524),#40);
#24=STYLED_ITEM('',(#2525),#41);
#25=STYLED_ITEM('',(#2525),#42);
#26=STYLED_ITEM('',(#2525),#43);
#27=STYLED_ITEM('',(#2524),#44);
#28=STYLED_ITEM('',(#2525),#45);
#29=STYLED_ITEM('',(#2524),#46);
#30=STYLED_ITEM('',(#2527),#47);
#31=STYLED_ITEM('',(#2528),#48);
#32=STYLED_ITEM('',(#2524),#49);
#33=STYLED_ITEM('',(#2522),#50);
#34=STYLED_ITEM('',(#2522),#51);
#35=STYLED_ITEM('',(#2522),#52);
#36=MANIFOLD_SOLID_BREP('K\X\F6rper1',#1528);
#37=MANIFOLD_SOLID_BREP('K\X\F6rper2',#1529);
#38=MANIFOLD_SOLID_BREP('K\X\F6rper3',#1530);
#39=MANIFOLD_SOLID_BREP('K\X\F6rper4',#1531);
#40=MANIFOLD_SOLID_BREP('K\X\F6rper5',#1532);
#41=MANIFOLD_SOLID_BREP('K\X\F6rper6',#1533);
#42=MANIFOLD_SOLID_BREP('K\X\F6rper7',#1534);
#43=MANIFOLD_SOLID_BREP('K\X\F6rper8',#1535);
#44=MANIFOLD_SOLID_BREP('K\X\F6rper9',#1536);
#45=MANIFOLD_SOLID_BREP('K\X\F6rper10',#1537);
#46=MANIFOLD_SOLID_BREP('K\X\F6rper11',#1538);
#47=MANIFOLD_SOLID_BREP('K\X\F6rper13',#1539);
#48=MANIFOLD_SOLID_BREP('K\X\F6rper14',#1540);
#49=MANIFOLD_SOLID_BREP('K\X\F6rper15',#1541);
#50=MANIFOLD_SOLID_BREP('K\X\F6rper16',#1542);
#51=MANIFOLD_SOLID_BREP('K\X\F6rper17',#1543);
#52=MANIFOLD_SOLID_BREP('K\X\F6rper18',#1544);
#53=FACE_BOUND('',#250,.T.);
#54=FACE_BOUND('',#252,.T.);
#55=PLANE('',#1562);
#56=PLANE('',#1563);
#57=PLANE('',#1564);
#58=PLANE('',#1565);
#59=PLANE('',#1566);
#60=PLANE('',#1567);
#61=PLANE('',#1568);
#62=PLANE('',#1569);
#63=PLANE('',#1570);
#64=PLANE('',#1571);
#65=PLANE('',#1572);
#66=PLANE('',#1573);
#67=PLANE('',#1574);
#68=PLANE('',#1575);
#69=PLANE('',#1576);
#70=PLANE('',#1577);
#71=PLANE('',#1578);
#72=PLANE('',#1579);
#73=PLANE('',#1580);
#74=PLANE('',#1581);
#75=PLANE('',#1582);
#76=PLANE('',#1583);
#77=PLANE('',#1584);
#78=PLANE('',#1585);
#79=PLANE('',#1586);
#80=PLANE('',#1587);
#81=PLANE('',#1588);
#82=PLANE('',#1589);
#83=PLANE('',#1590);
#84=PLANE('',#1591);
#85=PLANE('',#1592);
#86=PLANE('',#1593);
#87=PLANE('',#1594);
#88=PLANE('',#1595);
#89=PLANE('',#1596);
#90=PLANE('',#1597);
#91=PLANE('',#1598);
#92=PLANE('',#1599);
#93=PLANE('',#1600);
#94=PLANE('',#1601);
#95=PLANE('',#1602);
#96=PLANE('',#1603);
#97=PLANE('',#1604);
#98=PLANE('',#1605);
#99=PLANE('',#1606);
#100=PLANE('',#1607);
#101=PLANE('',#1608);
#102=PLANE('',#1609);
#103=PLANE('',#1610);
#104=PLANE('',#1611);
#105=PLANE('',#1612);
#106=PLANE('',#1613);
#107=PLANE('',#1614);
#108=PLANE('',#1615);
#109=PLANE('',#1616);
#110=PLANE('',#1617);
#111=PLANE('',#1618);
#112=PLANE('',#1619);
#113=PLANE('',#1620);
#114=PLANE('',#1621);
#115=PLANE('',#1622);
#116=PLANE('',#1623);
#117=PLANE('',#1624);
#118=PLANE('',#1625);
#119=PLANE('',#1626);
#120=PLANE('',#1627);
#121=PLANE('',#1634);
#122=PLANE('',#1641);
#123=PLANE('',#1642);
#124=PLANE('',#1643);
#125=PLANE('',#1644);
#126=PLANE('',#1645);
#127=PLANE('',#1646);
#128=PLANE('',#1647);
#129=PLANE('',#1648);
#130=PLANE('',#1649);
#131=PLANE('',#1650);
#132=PLANE('',#1651);
#133=PLANE('',#1652);
#134=PLANE('',#1653);
#135=PLANE('',#1654);
#136=PLANE('',#1655);
#137=PLANE('',#1656);
#138=PLANE('',#1657);
#139=PLANE('',#1658);
#140=PLANE('',#1659);
#141=PLANE('',#1660);
#142=PLANE('',#1661);
#143=PLANE('',#1662);
#144=PLANE('',#1663);
#145=PLANE('',#1664);
#146=PLANE('',#1665);
#147=FACE_OUTER_BOUND('',#244,.T.);
#148=FACE_OUTER_BOUND('',#245,.T.);
#149=FACE_OUTER_BOUND('',#246,.T.);
#150=FACE_OUTER_BOUND('',#247,.T.);
#151=FACE_OUTER_BOUND('',#248,.T.);
#152=FACE_OUTER_BOUND('',#249,.T.);
#153=FACE_OUTER_BOUND('',#251,.T.);
#154=FACE_OUTER_BOUND('',#253,.T.);
#155=FACE_OUTER_BOUND('',#254,.T.);
#156=FACE_OUTER_BOUND('',#255,.T.);
#157=FACE_OUTER_BOUND('',#256,.T.);
#158=FACE_OUTER_BOUND('',#257,.T.);
#159=FACE_OUTER_BOUND('',#258,.T.);
#160=FACE_OUTER_BOUND('',#259,.T.);
#161=FACE_OUTER_BOUND('',#260,.T.);
#162=FACE_OUTER_BOUND('',#261,.T.);
#163=FACE_OUTER_BOUND('',#262,.T.);
#164=FACE_OUTER_BOUND('',#263,.T.);
#165=FACE_OUTER_BOUND('',#264,.T.);
#166=FACE_OUTER_BOUND('',#265,.T.);
#167=FACE_OUTER_BOUND('',#266,.T.);
#168=FACE_OUTER_BOUND('',#267,.T.);
#169=FACE_OUTER_BOUND('',#268,.T.);
#170=FACE_OUTER_BOUND('',#269,.T.);
#171=FACE_OUTER_BOUND('',#270,.T.);
#172=FACE_OUTER_BOUND('',#271,.T.);
#173=FACE_OUTER_BOUND('',#272,.T.);
#174=FACE_OUTER_BOUND('',#273,.T.);
#175=FACE_OUTER_BOUND('',#274,.T.);
#176=FACE_OUTER_BOUND('',#275,.T.);
#177=FACE_OUTER_BOUND('',#276,.T.);
#178=FACE_OUTER_BOUND('',#277,.T.);
#179=FACE_OUTER_BOUND('',#278,.T.);
#180=FACE_OUTER_BOUND('',#279,.T.);
#181=FACE_OUTER_BOUND('',#280,.T.);
#182=FACE_OUTER_BOUND('',#281,.T.);
#183=FACE_OUTER_BOUND('',#282,.T.);
#184=FACE_OUTER_BOUND('',#283,.T.);
#185=FACE_OUTER_BOUND('',#284,.T.);
#186=FACE_OUTER_BOUND('',#285,.T.);
#187=FACE_OUTER_BOUND('',#286,.T.);
#188=FACE_OUTER_BOUND('',#287,.T.);
#189=FACE_OUTER_BOUND('',#288,.T.);
#190=FACE_OUTER_BOUND('',#289,.T.);
#191=FACE_OUTER_BOUND('',#290,.T.);
#192=FACE_OUTER_BOUND('',#291,.T.);
#193=FACE_OUTER_BOUND('',#292,.T.);
#194=FACE_OUTER_BOUND('',#293,.T.);
#195=FACE_OUTER_BOUND('',#294,.T.);
#196=FACE_OUTER_BOUND('',#295,.T.);
#197=FACE_OUTER_BOUND('',#296,.T.);
#198=FACE_OUTER_BOUND('',#297,.T.);
#199=FACE_OUTER_BOUND('',#298,.T.);
#200=FACE_OUTER_BOUND('',#299,.T.);
#201=FACE_OUTER_BOUND('',#300,.T.);
#202=FACE_OUTER_BOUND('',#301,.T.);
#203=FACE_OUTER_BOUND('',#302,.T.);
#204=FACE_OUTER_BOUND('',#303,.T.);
#205=FACE_OUTER_BOUND('',#304,.T.);
#206=FACE_OUTER_BOUND('',#305,.T.);
#207=FACE_OUTER_BOUND('',#306,.T.);
#208=FACE_OUTER_BOUND('',#307,.T.);
#209=FACE_OUTER_BOUND('',#308,.T.);
#210=FACE_OUTER_BOUND('',#309,.T.);
#211=FACE_OUTER_BOUND('',#310,.T.);
#212=FACE_OUTER_BOUND('',#311,.T.);
#213=FACE_OUTER_BOUND('',#312,.T.);
#214=FACE_OUTER_BOUND('',#313,.T.);
#215=FACE_OUTER_BOUND('',#314,.T.);
#216=FACE_OUTER_BOUND('',#315,.T.);
#217=FACE_OUTER_BOUND('',#316,.T.);
#218=FACE_OUTER_BOUND('',#317,.T.);
#219=FACE_OUTER_BOUND('',#318,.T.);
#220=FACE_OUTER_BOUND('',#319,.T.);
#221=FACE_OUTER_BOUND('',#320,.T.);
#222=FACE_OUTER_BOUND('',#321,.T.);
#223=FACE_OUTER_BOUND('',#322,.T.);
#224=FACE_OUTER_BOUND('',#323,.T.);
#225=FACE_OUTER_BOUND('',#324,.T.);
#226=FACE_OUTER_BOUND('',#325,.T.);
#227=FACE_OUTER_BOUND('',#326,.T.);
#228=FACE_OUTER_BOUND('',#327,.T.);
#229=FACE_OUTER_BOUND('',#328,.T.);
#230=FACE_OUTER_BOUND('',#329,.T.);
#231=FACE_OUTER_BOUND('',#330,.T.);
#232=FACE_OUTER_BOUND('',#331,.T.);
#233=FACE_OUTER_BOUND('',#332,.T.);
#234=FACE_OUTER_BOUND('',#333,.T.);
#235=FACE_OUTER_BOUND('',#334,.T.);
#236=FACE_OUTER_BOUND('',#335,.T.);
#237=FACE_OUTER_BOUND('',#336,.T.);
#238=FACE_OUTER_BOUND('',#337,.T.);
#239=FACE_OUTER_BOUND('',#338,.T.);
#240=FACE_OUTER_BOUND('',#339,.T.);
#241=FACE_OUTER_BOUND('',#340,.T.);
#242=FACE_OUTER_BOUND('',#341,.T.);
#243=FACE_OUTER_BOUND('',#342,.T.);
#244=EDGE_LOOP('',(#1042,#1043,#1044,#1045));
#245=EDGE_LOOP('',(#1046,#1047,#1048,#1049));
#246=EDGE_LOOP('',(#1050,#1051,#1052,#1053));
#247=EDGE_LOOP('',(#1054,#1055,#1056,#1057));
#248=EDGE_LOOP('',(#1058,#1059,#1060,#1061));
#249=EDGE_LOOP('',(#1062,#1063,#1064,#1065));
#250=EDGE_LOOP('',(#1066));
#251=EDGE_LOOP('',(#1067,#1068,#1069,#1070));
#252=EDGE_LOOP('',(#1071));
#253=EDGE_LOOP('',(#1072,#1073,#1074,#1075));
#254=EDGE_LOOP('',(#1076,#1077,#1078,#1079));
#255=EDGE_LOOP('',(#1080,#1081,#1082,#1083));
#256=EDGE_LOOP('',(#1084,#1085,#1086,#1087));
#257=EDGE_LOOP('',(#1088,#1089,#1090,#1091));
#258=EDGE_LOOP('',(#1092,#1093,#1094,#1095));
#259=EDGE_LOOP('',(#1096,#1097,#1098,#1099));
#260=EDGE_LOOP('',(#1100,#1101,#1102,#1103));
#261=EDGE_LOOP('',(#1104,#1105,#1106,#1107));
#262=EDGE_LOOP('',(#1108,#1109,#1110,#1111));
#263=EDGE_LOOP('',(#1112,#1113,#1114,#1115));
#264=EDGE_LOOP('',(#1116,#1117,#1118,#1119));
#265=EDGE_LOOP('',(#1120,#1121,#1122,#1123));
#266=EDGE_LOOP('',(#1124,#1125,#1126,#1127));
#267=EDGE_LOOP('',(#1128,#1129,#1130,#1131));
#268=EDGE_LOOP('',(#1132,#1133,#1134,#1135));
#269=EDGE_LOOP('',(#1136,#1137,#1138,#1139));
#270=EDGE_LOOP('',(#1140,#1141,#1142,#1143));
#271=EDGE_LOOP('',(#1144,#1145,#1146,#1147));
#272=EDGE_LOOP('',(#1148,#1149,#1150,#1151));
#273=EDGE_LOOP('',(#1152,#1153,#1154,#1155));
#274=EDGE_LOOP('',(#1156,#1157,#1158,#1159));
#275=EDGE_LOOP('',(#1160,#1161,#1162,#1163));
#276=EDGE_LOOP('',(#1164,#1165,#1166,#1167));
#277=EDGE_LOOP('',(#1168,#1169,#1170,#1171));
#278=EDGE_LOOP('',(#1172,#1173,#1174,#1175));
#279=EDGE_LOOP('',(#1176,#1177,#1178,#1179));
#280=EDGE_LOOP('',(#1180,#1181,#1182,#1183));
#281=EDGE_LOOP('',(#1184,#1185,#1186,#1187));
#282=EDGE_LOOP('',(#1188,#1189,#1190,#1191));
#283=EDGE_LOOP('',(#1192,#1193,#1194,#1195));
#284=EDGE_LOOP('',(#1196,#1197,#1198,#1199));
#285=EDGE_LOOP('',(#1200,#1201,#1202,#1203));
#286=EDGE_LOOP('',(#1204,#1205,#1206,#1207));
#287=EDGE_LOOP('',(#1208,#1209,#1210,#1211));
#288=EDGE_LOOP('',(#1212,#1213,#1214,#1215));
#289=EDGE_LOOP('',(#1216,#1217,#1218,#1219));
#290=EDGE_LOOP('',(#1220,#1221,#1222,#1223));
#291=EDGE_LOOP('',(#1224,#1225,#1226,#1227));
#292=EDGE_LOOP('',(#1228,#1229,#1230,#1231));
#293=EDGE_LOOP('',(#1232,#1233,#1234,#1235));
#294=EDGE_LOOP('',(#1236,#1237,#1238,#1239));
#295=EDGE_LOOP('',(#1240,#1241,#1242,#1243));
#296=EDGE_LOOP('',(#1244,#1245,#1246,#1247));
#297=EDGE_LOOP('',(#1248,#1249,#1250,#1251));
#298=EDGE_LOOP('',(#1252,#1253,#1254,#1255));
#299=EDGE_LOOP('',(#1256,#1257,#1258,#1259));
#300=EDGE_LOOP('',(#1260,#1261,#1262,#1263));
#301=EDGE_LOOP('',(#1264,#1265,#1266,#1267));
#302=EDGE_LOOP('',(#1268,#1269,#1270,#1271));
#303=EDGE_LOOP('',(#1272,#1273,#1274,#1275));
#304=EDGE_LOOP('',(#1276,#1277,#1278,#1279));
#305=EDGE_LOOP('',(#1280,#1281,#1282,#1283));
#306=EDGE_LOOP('',(#1284,#1285,#1286,#1287));
#307=EDGE_LOOP('',(#1288,#1289,#1290,#1291));
#308=EDGE_LOOP('',(#1292,#1293,#1294,#1295));
#309=EDGE_LOOP('',(#1296,#1297,#1298,#1299));
#310=EDGE_LOOP('',(#1300,#1301,#1302,#1303));
#311=EDGE_LOOP('',(#1304,#1305,#1306,#1307));
#312=EDGE_LOOP('',(#1308,#1309,#1310,#1311));
#313=EDGE_LOOP('',(#1312,#1313,#1314,#1315));
#314=EDGE_LOOP('',(#1316,#1317,#1318,#1319,#1320));
#315=EDGE_LOOP('',(#1321));
#316=EDGE_LOOP('',(#1322,#1323,#1324,#1325));
#317=EDGE_LOOP('',(#1326,#1327,#1328,#1329,#1330));
#318=EDGE_LOOP('',(#1331));
#319=EDGE_LOOP('',(#1332,#1333,#1334,#1335));
#320=EDGE_LOOP('',(#1336,#1337,#1338,#1339));
#321=EDGE_LOOP('',(#1340,#1341,#1342,#1343));
#322=EDGE_LOOP('',(#1344,#1345,#1346,#1347));
#323=EDGE_LOOP('',(#1348,#1349,#1350,#1351));
#324=EDGE_LOOP('',(#1352,#1353,#1354,#1355));
#325=EDGE_LOOP('',(#1356,#1357,#1358,#1359));
#326=EDGE_LOOP('',(#1360,#1361,#1362,#1363));
#327=EDGE_LOOP('',(#1364,#1365,#1366,#1367));
#328=EDGE_LOOP('',(#1368,#1369,#1370,#1371));
#329=EDGE_LOOP('',(#1372,#1373,#1374,#1375));
#330=EDGE_LOOP('',(#1376,#1377,#1378,#1379));
#331=EDGE_LOOP('',(#1380,#1381,#1382,#1383));
#332=EDGE_LOOP('',(#1384,#1385,#1386,#1387));
#333=EDGE_LOOP('',(#1388,#1389,#1390,#1391));
#334=EDGE_LOOP('',(#1392,#1393,#1394,#1395));
#335=EDGE_LOOP('',(#1396,#1397,#1398,#1399));
#336=EDGE_LOOP('',(#1400,#1401,#1402,#1403));
#337=EDGE_LOOP('',(#1404,#1405,#1406,#1407));
#338=EDGE_LOOP('',(#1408,#1409,#1410,#1411));
#339=EDGE_LOOP('',(#1412,#1413,#1414,#1415));
#340=EDGE_LOOP('',(#1416,#1417,#1418,#1419));
#341=EDGE_LOOP('',(#1420,#1421,#1422,#1423));
#342=EDGE_LOOP('',(#1424,#1425,#1426,#1427));
#343=LINE('',#2076,#526);
#344=LINE('',#2081,#527);
#345=LINE('',#2083,#528);
#346=LINE('',#2085,#529);
#347=LINE('',#2086,#530);
#348=LINE('',#2089,#531);
#349=LINE('',#2091,#532);
#350=LINE('',#2092,#533);
#351=LINE('',#2095,#534);
#352=LINE('',#2097,#535);
#353=LINE('',#2098,#536);
#354=LINE('',#2100,#537);
#355=LINE('',#2101,#538);
#356=LINE('',#2107,#539);
#357=LINE('',#2109,#540);
#358=LINE('',#2111,#541);
#359=LINE('',#2112,#542);
#360=LINE('',#2115,#543);
#361=LINE('',#2117,#544);
#362=LINE('',#2118,#545);
#363=LINE('',#2121,#546);
#364=LINE('',#2123,#547);
#365=LINE('',#2124,#548);
#366=LINE('',#2126,#549);
#367=LINE('',#2127,#550);
#368=LINE('',#2133,#551);
#369=LINE('',#2135,#552);
#370=LINE('',#2137,#553);
#371=LINE('',#2138,#554);
#372=LINE('',#2141,#555);
#373=LINE('',#2143,#556);
#374=LINE('',#2144,#557);
#375=LINE('',#2147,#558);
#376=LINE('',#2149,#559);
#377=LINE('',#2150,#560);
#378=LINE('',#2152,#561);
#379=LINE('',#2153,#562);
#380=LINE('',#2159,#563);
#381=LINE('',#2161,#564);
#382=LINE('',#2163,#565);
#383=LINE('',#2164,#566);
#384=LINE('',#2167,#567);
#385=LINE('',#2169,#568);
#386=LINE('',#2170,#569);
#387=LINE('',#2173,#570);
#388=LINE('',#2175,#571);
#389=LINE('',#2176,#572);
#390=LINE('',#2178,#573);
#391=LINE('',#2179,#574);
#392=LINE('',#2185,#575);
#393=LINE('',#2187,#576);
#394=LINE('',#2189,#577);
#395=LINE('',#2190,#578);
#396=LINE('',#2193,#579);
#397=LINE('',#2195,#580);
#398=LINE('',#2196,#581);
#399=LINE('',#2199,#582);
#400=LINE('',#2201,#583);
#401=LINE('',#2202,#584);
#402=LINE('',#2204,#585);
#403=LINE('',#2205,#586);
#404=LINE('',#2211,#587);
#405=LINE('',#2213,#588);
#406=LINE('',#2215,#589);
#407=LINE('',#2216,#590);
#408=LINE('',#2219,#591);
#409=LINE('',#2221,#592);
#410=LINE('',#2222,#593);
#411=LINE('',#2225,#594);
#412=LINE('',#2227,#595);
#413=LINE('',#2228,#596);
#414=LINE('',#2230,#597);
#415=LINE('',#2231,#598);
#416=LINE('',#2237,#599);
#417=LINE('',#2239,#600);
#418=LINE('',#2241,#601);
#419=LINE('',#2242,#602);
#420=LINE('',#2245,#603);
#421=LINE('',#2247,#604);
#422=LINE('',#2248,#605);
#423=LINE('',#2251,#606);
#424=LINE('',#2253,#607);
#425=LINE('',#2254,#608);
#426=LINE('',#2256,#609);
#427=LINE('',#2257,#610);
#428=LINE('',#2263,#611);
#429=LINE('',#2265,#612);
#430=LINE('',#2267,#613);
#431=LINE('',#2268,#614);
#432=LINE('',#2271,#615);
#433=LINE('',#2273,#616);
#434=LINE('',#2274,#617);
#435=LINE('',#2277,#618);
#436=LINE('',#2279,#619);
#437=LINE('',#2280,#620);
#438=LINE('',#2282,#621);
#439=LINE('',#2283,#622);
#440=LINE('',#2289,#623);
#441=LINE('',#2291,#624);
#442=LINE('',#2293,#625);
#443=LINE('',#2294,#626);
#444=LINE('',#2297,#627);
#445=LINE('',#2299,#628);
#446=LINE('',#2300,#629);
#447=LINE('',#2303,#630);
#448=LINE('',#2305,#631);
#449=LINE('',#2306,#632);
#450=LINE('',#2308,#633);
#451=LINE('',#2309,#634);
#452=LINE('',#2315,#635);
#453=LINE('',#2317,#636);
#454=LINE('',#2319,#637);
#455=LINE('',#2320,#638);
#456=LINE('',#2323,#639);
#457=LINE('',#2325,#640);
#458=LINE('',#2326,#641);
#459=LINE('',#2329,#642);
#460=LINE('',#2331,#643);
#461=LINE('',#2332,#644);
#462=LINE('',#2334,#645);
#463=LINE('',#2335,#646);
#464=LINE('',#2341,#647);
#465=LINE('',#2343,#648);
#466=LINE('',#2345,#649);
#467=LINE('',#2346,#650);
#468=LINE('',#2349,#651);
#469=LINE('',#2351,#652);
#470=LINE('',#2352,#653);
#471=LINE('',#2355,#654);
#472=LINE('',#2357,#655);
#473=LINE('',#2358,#656);
#474=LINE('',#2360,#657);
#475=LINE('',#2361,#658);
#476=LINE('',#2373,#659);
#477=LINE('',#2385,#660);
#478=LINE('',#2391,#661);
#479=LINE('',#2393,#662);
#480=LINE('',#2395,#663);
#481=LINE('',#2396,#664);
#482=LINE('',#2399,#665);
#483=LINE('',#2401,#666);
#484=LINE('',#2402,#667);
#485=LINE('',#2405,#668);
#486=LINE('',#2407,#669);
#487=LINE('',#2408,#670);
#488=LINE('',#2410,#671);
#489=LINE('',#2411,#672);
#490=LINE('',#2417,#673);
#491=LINE('',#2419,#674);
#492=LINE('',#2421,#675);
#493=LINE('',#2422,#676);
#494=LINE('',#2425,#677);
#495=LINE('',#2427,#678);
#496=LINE('',#2428,#679);
#497=LINE('',#2431,#680);
#498=LINE('',#2433,#681);
#499=LINE('',#2434,#682);
#500=LINE('',#2436,#683);
#501=LINE('',#2437,#684);
#502=LINE('',#2443,#685);
#503=LINE('',#2445,#686);
#504=LINE('',#2447,#687);
#505=LINE('',#2448,#688);
#506=LINE('',#2451,#689);
#507=LINE('',#2453,#690);
#508=LINE('',#2454,#691);
#509=LINE('',#2457,#692);
#510=LINE('',#2459,#693);
#511=LINE('',#2460,#694);
#512=LINE('',#2462,#695);
#513=LINE('',#2463,#696);
#514=LINE('',#2469,#697);
#515=LINE('',#2471,#698);
#516=LINE('',#2473,#699);
#517=LINE('',#2474,#700);
#518=LINE('',#2477,#701);
#519=LINE('',#2479,#702);
#520=LINE('',#2480,#703);
#521=LINE('',#2483,#704);
#522=LINE('',#2485,#705);
#523=LINE('',#2486,#706);
#524=LINE('',#2488,#707);
#525=LINE('',#2489,#708);
#526=VECTOR('',#1675,1.5);
#527=VECTOR('',#1680,10.);
#528=VECTOR('',#1681,10.);
#529=VECTOR('',#1682,10.);
#530=VECTOR('',#1683,10.);
#531=VECTOR('',#1686,10.);
#532=VECTOR('',#1687,10.);
#533=VECTOR('',#1688,10.);
#534=VECTOR('',#1691,10.);
#535=VECTOR('',#1692,10.);
#536=VECTOR('',#1693,10.);
#537=VECTOR('',#1696,10.);
#538=VECTOR('',#1697,10.);
#539=VECTOR('',#1704,10.);
#540=VECTOR('',#1705,10.);
#541=VECTOR('',#1706,10.);
#542=VECTOR('',#1707,10.);
#543=VECTOR('',#1710,10.);
#544=VECTOR('',#1711,10.);
#545=VECTOR('',#1712,10.);
#546=VECTOR('',#1715,10.);
#547=VECTOR('',#1716,10.);
#548=VECTOR('',#1717,10.);
#549=VECTOR('',#1720,10.);
#550=VECTOR('',#1721,10.);
#551=VECTOR('',#1728,10.);
#552=VECTOR('',#1729,10.);
#553=VECTOR('',#1730,10.);
#554=VECTOR('',#1731,10.);
#555=VECTOR('',#1734,10.);
#556=VECTOR('',#1735,10.);
#557=VECTOR('',#1736,10.);
#558=VECTOR('',#1739,10.);
#559=VECTOR('',#1740,10.);
#560=VECTOR('',#1741,10.);
#561=VECTOR('',#1744,10.);
#562=VECTOR('',#1745,10.);
#563=VECTOR('',#1752,10.);
#564=VECTOR('',#1753,10.);
#565=VECTOR('',#1754,10.);
#566=VECTOR('',#1755,10.);
#567=VECTOR('',#1758,10.);
#568=VECTOR('',#1759,10.);
#569=VECTOR('',#1760,10.);
#570=VECTOR('',#1763,10.);
#571=VECTOR('',#1764,10.);
#572=VECTOR('',#1765,10.);
#573=VECTOR('',#1768,10.);
#574=VECTOR('',#1769,10.);
#575=VECTOR('',#1776,10.);
#576=VECTOR('',#1777,10.);
#577=VECTOR('',#1778,10.);
#578=VECTOR('',#1779,10.);
#579=VECTOR('',#1782,10.);
#580=VECTOR('',#1783,10.);
#581=VECTOR('',#1784,10.);
#582=VECTOR('',#1787,10.);
#583=VECTOR('',#1788,10.);
#584=VECTOR('',#1789,10.);
#585=VECTOR('',#1792,10.);
#586=VECTOR('',#1793,10.);
#587=VECTOR('',#1800,10.);
#588=VECTOR('',#1801,10.);
#589=VECTOR('',#1802,10.);
#590=VECTOR('',#1803,10.);
#591=VECTOR('',#1806,10.);
#592=VECTOR('',#1807,10.);
#593=VECTOR('',#1808,10.);
#594=VECTOR('',#1811,10.);
#595=VECTOR('',#1812,10.);
#596=VECTOR('',#1813,10.);
#597=VECTOR('',#1816,10.);
#598=VECTOR('',#1817,10.);
#599=VECTOR('',#1824,10.);
#600=VECTOR('',#1825,10.);
#601=VECTOR('',#1826,10.);
#602=VECTOR('',#1827,10.);
#603=VECTOR('',#1830,10.);
#604=VECTOR('',#1831,10.);
#605=VECTOR('',#1832,10.);
#606=VECTOR('',#1835,10.);
#607=VECTOR('',#1836,10.);
#608=VECTOR('',#1837,10.);
#609=VECTOR('',#1840,10.);
#610=VECTOR('',#1841,10.);
#611=VECTOR('',#1848,10.);
#612=VECTOR('',#1849,10.);
#613=VECTOR('',#1850,10.);
#614=VECTOR('',#1851,10.);
#615=VECTOR('',#1854,10.);
#616=VECTOR('',#1855,10.);
#617=VECTOR('',#1856,10.);
#618=VECTOR('',#1859,10.);
#619=VECTOR('',#1860,10.);
#620=VECTOR('',#1861,10.);
#621=VECTOR('',#1864,10.);
#622=VECTOR('',#1865,10.);
#623=VECTOR('',#1872,10.);
#624=VECTOR('',#1873,10.);
#625=VECTOR('',#1874,10.);
#626=VECTOR('',#1875,10.);
#627=VECTOR('',#1878,10.);
#628=VECTOR('',#1879,10.);
#629=VECTOR('',#1880,10.);
#630=VECTOR('',#1883,10.);
#631=VECTOR('',#1884,10.);
#632=VECTOR('',#1885,10.);
#633=VECTOR('',#1888,10.);
#634=VECTOR('',#1889,10.);
#635=VECTOR('',#1896,10.);
#636=VECTOR('',#1897,10.);
#637=VECTOR('',#1898,10.);
#638=VECTOR('',#1899,10.);
#639=VECTOR('',#1902,10.);
#640=VECTOR('',#1903,10.);
#641=VECTOR('',#1904,10.);
#642=VECTOR('',#1907,10.);
#643=VECTOR('',#1908,10.);
#644=VECTOR('',#1909,10.);
#645=VECTOR('',#1912,10.);
#646=VECTOR('',#1913,10.);
#647=VECTOR('',#1920,10.);
#648=VECTOR('',#1921,10.);
#649=VECTOR('',#1922,10.);
#650=VECTOR('',#1923,10.);
#651=VECTOR('',#1926,10.);
#652=VECTOR('',#1927,10.);
#653=VECTOR('',#1928,10.);
#654=VECTOR('',#1931,10.);
#655=VECTOR('',#1932,10.);
#656=VECTOR('',#1933,10.);
#657=VECTOR('',#1936,10.);
#658=VECTOR('',#1937,10.);
#659=VECTOR('',#1952,2.5);
#660=VECTOR('',#1967,2.5);
#661=VECTOR('',#1974,10.);
#662=VECTOR('',#1975,10.);
#663=VECTOR('',#1976,10.);
#664=VECTOR('',#1977,10.);
#665=VECTOR('',#1980,10.);
#666=VECTOR('',#1981,10.);
#667=VECTOR('',#1982,10.);
#668=VECTOR('',#1985,10.);
#669=VECTOR('',#1986,10.);
#670=VECTOR('',#1987,10.);
#671=VECTOR('',#1990,10.);
#672=VECTOR('',#1991,10.);
#673=VECTOR('',#1998,10.);
#674=VECTOR('',#1999,10.);
#675=VECTOR('',#2000,10.);
#676=VECTOR('',#2001,10.);
#677=VECTOR('',#2004,10.);
#678=VECTOR('',#2005,10.);
#679=VECTOR('',#2006,10.);
#680=VECTOR('',#2009,10.);
#681=VECTOR('',#2010,10.);
#682=VECTOR('',#2011,10.);
#683=VECTOR('',#2014,10.);
#684=VECTOR('',#2015,10.);
#685=VECTOR('',#2022,10.);
#686=VECTOR('',#2023,10.);
#687=VECTOR('',#2024,10.);
#688=VECTOR('',#2025,10.);
#689=VECTOR('',#2028,10.);
#690=VECTOR('',#2029,10.);
#691=VECTOR('',#2030,10.);
#692=VECTOR('',#2033,10.);
#693=VECTOR('',#2034,10.);
#694=VECTOR('',#2035,10.);
#695=VECTOR('',#2038,10.);
#696=VECTOR('',#2039,10.);
#697=VECTOR('',#2046,10.);
#698=VECTOR('',#2047,10.);
#699=VECTOR('',#2048,10.);
#700=VECTOR('',#2049,10.);
#701=VECTOR('',#2052,10.);
#702=VECTOR('',#2053,10.);
#703=VECTOR('',#2054,10.);
#704=VECTOR('',#2057,10.);
#705=VECTOR('',#2058,10.);
#706=VECTOR('',#2059,10.);
#707=VECTOR('',#2062,10.);
#708=VECTOR('',#2063,10.);
#709=CIRCLE('',#1560,1.5);
#710=CIRCLE('',#1561,1.5);
#711=CIRCLE('',#1629,2.5);
#712=CIRCLE('',#1630,2.5);
#713=CIRCLE('',#1631,2.5);
#714=CIRCLE('',#1633,2.5);
#715=CIRCLE('',#1636,2.5);
#716=CIRCLE('',#1637,2.5);
#717=CIRCLE('',#1638,2.5);
#718=CIRCLE('',#1640,2.5);
#719=VERTEX_POINT('',#2073);
#720=VERTEX_POINT('',#2075);
#721=VERTEX_POINT('',#2079);
#722=VERTEX_POINT('',#2080);
#723=VERTEX_POINT('',#2082);
#724=VERTEX_POINT('',#2084);
#725=VERTEX_POINT('',#2088);
#726=VERTEX_POINT('',#2090);
#727=VERTEX_POINT('',#2094);
#728=VERTEX_POINT('',#2096);
#729=VERTEX_POINT('',#2105);
#730=VERTEX_POINT('',#2106);
#731=VERTEX_POINT('',#2108);
#732=VERTEX_POINT('',#2110);
#733=VERTEX_POINT('',#2114);
#734=VERTEX_POINT('',#2116);
#735=VERTEX_POINT('',#2120);
#736=VERTEX_POINT('',#2122);
#737=VERTEX_POINT('',#2131);
#738=VERTEX_POINT('',#2132);
#739=VERTEX_POINT('',#2134);
#740=VERTEX_POINT('',#2136);
#741=VERTEX_POINT('',#2140);
#742=VERTEX_POINT('',#2142);
#743=VERTEX_POINT('',#2146);
#744=VERTEX_POINT('',#2148);
#745=VERTEX_POINT('',#2157);
#746=VERTEX_POINT('',#2158);
#747=VERTEX_POINT('',#2160);
#748=VERTEX_POINT('',#2162);
#749=VERTEX_POINT('',#2166);
#750=VERTEX_POINT('',#2168);
#751=VERTEX_POINT('',#2172);
#752=VERTEX_POINT('',#2174);
#753=VERTEX_POINT('',#2183);
#754=VERTEX_POINT('',#2184);
#755=VERTEX_POINT('',#2186);
#756=VERTEX_POINT('',#2188);
#757=VERTEX_POINT('',#2192);
#758=VERTEX_POINT('',#2194);
#759=VERTEX_POINT('',#2198);
#760=VERTEX_POINT('',#2200);
#761=VERTEX_POINT('',#2209);
#762=VERTEX_POINT('',#2210);
#763=VERTEX_POINT('',#2212);
#764=VERTEX_POINT('',#2214);
#765=VERTEX_POINT('',#2218);
#766=VERTEX_POINT('',#2220);
#767=VERTEX_POINT('',#2224);
#768=VERTEX_POINT('',#2226);
#769=VERTEX_POINT('',#2235);
#770=VERTEX_POINT('',#2236);
#771=VERTEX_POINT('',#2238);
#772=VERTEX_POINT('',#2240);
#773=VERTEX_POINT('',#2244);
#774=VERTEX_POINT('',#2246);
#775=VERTEX_POINT('',#2250);
#776=VERTEX_POINT('',#2252);
#777=VERTEX_POINT('',#2261);
#778=VERTEX_POINT('',#2262);
#779=VERTEX_POINT('',#2264);
#780=VERTEX_POINT('',#2266);
#781=VERTEX_POINT('',#2270);
#782=VERTEX_POINT('',#2272);
#783=VERTEX_POINT('',#2276);
#784=VERTEX_POINT('',#2278);
#785=VERTEX_POINT('',#2287);
#786=VERTEX_POINT('',#2288);
#787=VERTEX_POINT('',#2290);
#788=VERTEX_POINT('',#2292);
#789=VERTEX_POINT('',#2296);
#790=VERTEX_POINT('',#2298);
#791=VERTEX_POINT('',#2302);
#792=VERTEX_POINT('',#2304);
#793=VERTEX_POINT('',#2313);
#794=VERTEX_POINT('',#2314);
#795=VERTEX_POINT('',#2316);
#796=VERTEX_POINT('',#2318);
#797=VERTEX_POINT('',#2322);
#798=VERTEX_POINT('',#2324);
#799=VERTEX_POINT('',#2328);
#800=VERTEX_POINT('',#2330);
#801=VERTEX_POINT('',#2339);
#802=VERTEX_POINT('',#2340);
#803=VERTEX_POINT('',#2342);
#804=VERTEX_POINT('',#2344);
#805=VERTEX_POINT('',#2348);
#806=VERTEX_POINT('',#2350);
#807=VERTEX_POINT('',#2354);
#808=VERTEX_POINT('',#2356);
#809=VERTEX_POINT('',#2365);
#810=VERTEX_POINT('',#2366);
#811=VERTEX_POINT('',#2368);
#812=VERTEX_POINT('',#2372);
#813=VERTEX_POINT('',#2377);
#814=VERTEX_POINT('',#2378);
#815=VERTEX_POINT('',#2380);
#816=VERTEX_POINT('',#2384);
#817=VERTEX_POINT('',#2389);
#818=VERTEX_POINT('',#2390);
#819=VERTEX_POINT('',#2392);
#820=VERTEX_POINT('',#2394);
#821=VERTEX_POINT('',#2398);
#822=VERTEX_POINT('',#2400);
#823=VERTEX_POINT('',#2404);
#824=VERTEX_POINT('',#2406);
#825=VERTEX_POINT('',#2415);
#826=VERTEX_POINT('',#2416);
#827=VERTEX_POINT('',#2418);
#828=VERTEX_POINT('',#2420);
#829=VERTEX_POINT('',#2424);
#830=VERTEX_POINT('',#2426);
#831=VERTEX_POINT('',#2430);
#832=VERTEX_POINT('',#2432);
#833=VERTEX_POINT('',#2441);
#834=VERTEX_POINT('',#2442);
#835=VERTEX_POINT('',#2444);
#836=VERTEX_POINT('',#2446);
#837=VERTEX_POINT('',#2450);
#838=VERTEX_POINT('',#2452);
#839=VERTEX_POINT('',#2456);
#840=VERTEX_POINT('',#2458);
#841=VERTEX_POINT('',#2467);
#842=VERTEX_POINT('',#2468);
#843=VERTEX_POINT('',#2470);
#844=VERTEX_POINT('',#2472);
#845=VERTEX_POINT('',#2476);
#846=VERTEX_POINT('',#2478);
#847=VERTEX_POINT('',#2482);
#848=VERTEX_POINT('',#2484);
#849=EDGE_CURVE('',#719,#719,#709,.T.);
#850=EDGE_CURVE('',#719,#720,#343,.T.);
#851=EDGE_CURVE('',#720,#720,#710,.T.);
#852=EDGE_CURVE('',#721,#722,#344,.T.);
#853=EDGE_CURVE('',#722,#723,#345,.T.);
#854=EDGE_CURVE('',#724,#723,#346,.T.);
#855=EDGE_CURVE('',#721,#724,#347,.T.);
#856=EDGE_CURVE('',#725,#721,#348,.T.);
#857=EDGE_CURVE('',#726,#724,#349,.T.);
#858=EDGE_CURVE('',#725,#726,#350,.T.);
#859=EDGE_CURVE('',#727,#725,#351,.T.);
#860=EDGE_CURVE('',#728,#726,#352,.T.);
#861=EDGE_CURVE('',#727,#728,#353,.T.);
#862=EDGE_CURVE('',#722,#727,#354,.T.);
#863=EDGE_CURVE('',#723,#728,#355,.T.);
#864=EDGE_CURVE('',#729,#730,#356,.T.);
#865=EDGE_CURVE('',#729,#731,#357,.T.);
#866=EDGE_CURVE('',#732,#731,#358,.T.);
#867=EDGE_CURVE('',#730,#732,#359,.T.);
#868=EDGE_CURVE('',#730,#733,#360,.T.);
#869=EDGE_CURVE('',#734,#732,#361,.T.);
#870=EDGE_CURVE('',#733,#734,#362,.T.);
#871=EDGE_CURVE('',#733,#735,#363,.T.);
#872=EDGE_CURVE('',#736,#734,#364,.T.);
#873=EDGE_CURVE('',#735,#736,#365,.T.);
#874=EDGE_CURVE('',#735,#729,#366,.T.);
#875=EDGE_CURVE('',#731,#736,#367,.T.);
#876=EDGE_CURVE('',#737,#738,#368,.T.);
#877=EDGE_CURVE('',#737,#739,#369,.T.);
#878=EDGE_CURVE('',#740,#739,#370,.T.);
#879=EDGE_CURVE('',#738,#740,#371,.T.);
#880=EDGE_CURVE('',#738,#741,#372,.T.);
#881=EDGE_CURVE('',#742,#740,#373,.T.);
#882=EDGE_CURVE('',#741,#742,#374,.T.);
#883=EDGE_CURVE('',#741,#743,#375,.T.);
#884=EDGE_CURVE('',#744,#742,#376,.T.);
#885=EDGE_CURVE('',#743,#744,#377,.T.);
#886=EDGE_CURVE('',#743,#737,#378,.T.);
#887=EDGE_CURVE('',#739,#744,#379,.T.);
#888=EDGE_CURVE('',#745,#746,#380,.T.);
#889=EDGE_CURVE('',#745,#747,#381,.T.);
#890=EDGE_CURVE('',#748,#747,#382,.T.);
#891=EDGE_CURVE('',#746,#748,#383,.T.);
#892=EDGE_CURVE('',#746,#749,#384,.T.);
#893=EDGE_CURVE('',#750,#748,#385,.T.);
#894=EDGE_CURVE('',#749,#750,#386,.T.);
#895=EDGE_CURVE('',#749,#751,#387,.T.);
#896=EDGE_CURVE('',#752,#750,#388,.T.);
#897=EDGE_CURVE('',#751,#752,#389,.T.);
#898=EDGE_CURVE('',#751,#745,#390,.T.);
#899=EDGE_CURVE('',#747,#752,#391,.T.);
#900=EDGE_CURVE('',#753,#754,#392,.T.);
#901=EDGE_CURVE('',#753,#755,#393,.T.);
#902=EDGE_CURVE('',#756,#755,#394,.T.);
#903=EDGE_CURVE('',#754,#756,#395,.T.);
#904=EDGE_CURVE('',#754,#757,#396,.T.);
#905=EDGE_CURVE('',#758,#756,#397,.T.);
#906=EDGE_CURVE('',#757,#758,#398,.T.);
#907=EDGE_CURVE('',#757,#759,#399,.T.);
#908=EDGE_CURVE('',#760,#758,#400,.T.);
#909=EDGE_CURVE('',#759,#760,#401,.T.);
#910=EDGE_CURVE('',#759,#753,#402,.T.);
#911=EDGE_CURVE('',#755,#760,#403,.T.);
#912=EDGE_CURVE('',#761,#762,#404,.T.);
#913=EDGE_CURVE('',#761,#763,#405,.T.);
#914=EDGE_CURVE('',#764,#763,#406,.T.);
#915=EDGE_CURVE('',#762,#764,#407,.T.);
#916=EDGE_CURVE('',#762,#765,#408,.T.);
#917=EDGE_CURVE('',#766,#764,#409,.T.);
#918=EDGE_CURVE('',#765,#766,#410,.T.);
#919=EDGE_CURVE('',#765,#767,#411,.T.);
#920=EDGE_CURVE('',#768,#766,#412,.T.);
#921=EDGE_CURVE('',#767,#768,#413,.T.);
#922=EDGE_CURVE('',#767,#761,#414,.T.);
#923=EDGE_CURVE('',#763,#768,#415,.T.);
#924=EDGE_CURVE('',#769,#770,#416,.T.);
#925=EDGE_CURVE('',#769,#771,#417,.T.);
#926=EDGE_CURVE('',#772,#771,#418,.T.);
#927=EDGE_CURVE('',#770,#772,#419,.T.);
#928=EDGE_CURVE('',#770,#773,#420,.T.);
#929=EDGE_CURVE('',#774,#772,#421,.T.);
#930=EDGE_CURVE('',#773,#774,#422,.T.);
#931=EDGE_CURVE('',#773,#775,#423,.T.);
#932=EDGE_CURVE('',#776,#774,#424,.T.);
#933=EDGE_CURVE('',#775,#776,#425,.T.);
#934=EDGE_CURVE('',#775,#769,#426,.T.);
#935=EDGE_CURVE('',#771,#776,#427,.T.);
#936=EDGE_CURVE('',#777,#778,#428,.T.);
#937=EDGE_CURVE('',#777,#779,#429,.T.);
#938=EDGE_CURVE('',#780,#779,#430,.T.);
#939=EDGE_CURVE('',#778,#780,#431,.T.);
#940=EDGE_CURVE('',#778,#781,#432,.T.);
#941=EDGE_CURVE('',#782,#780,#433,.T.);
#942=EDGE_CURVE('',#781,#782,#434,.T.);
#943=EDGE_CURVE('',#781,#783,#435,.T.);
#944=EDGE_CURVE('',#784,#782,#436,.T.);
#945=EDGE_CURVE('',#783,#784,#437,.T.);
#946=EDGE_CURVE('',#783,#777,#438,.T.);
#947=EDGE_CURVE('',#779,#784,#439,.T.);
#948=EDGE_CURVE('',#785,#786,#440,.T.);
#949=EDGE_CURVE('',#786,#787,#441,.T.);
#950=EDGE_CURVE('',#788,#787,#442,.T.);
#951=EDGE_CURVE('',#785,#788,#443,.T.);
#952=EDGE_CURVE('',#789,#785,#444,.T.);
#953=EDGE_CURVE('',#790,#788,#445,.T.);
#954=EDGE_CURVE('',#789,#790,#446,.T.);
#955=EDGE_CURVE('',#791,#789,#447,.T.);
#956=EDGE_CURVE('',#792,#790,#448,.T.);
#957=EDGE_CURVE('',#791,#792,#449,.T.);
#958=EDGE_CURVE('',#786,#791,#450,.T.);
#959=EDGE_CURVE('',#787,#792,#451,.T.);
#960=EDGE_CURVE('',#793,#794,#452,.T.);
#961=EDGE_CURVE('',#793,#795,#453,.T.);
#962=EDGE_CURVE('',#796,#795,#454,.T.);
#963=EDGE_CURVE('',#794,#796,#455,.T.);
#964=EDGE_CURVE('',#794,#797,#456,.T.);
#965=EDGE_CURVE('',#798,#796,#457,.T.);
#966=EDGE_CURVE('',#797,#798,#458,.T.);
#967=EDGE_CURVE('',#797,#799,#459,.T.);
#968=EDGE_CURVE('',#800,#798,#460,.T.);
#969=EDGE_CURVE('',#799,#800,#461,.T.);
#970=EDGE_CURVE('',#799,#793,#462,.T.);
#971=EDGE_CURVE('',#795,#800,#463,.T.);
#972=EDGE_CURVE('',#801,#802,#464,.T.);
#973=EDGE_CURVE('',#801,#803,#465,.T.);
#974=EDGE_CURVE('',#804,#803,#466,.T.);
#975=EDGE_CURVE('',#802,#804,#467,.T.);
#976=EDGE_CURVE('',#802,#805,#468,.T.);
#977=EDGE_CURVE('',#806,#804,#469,.T.);
#978=EDGE_CURVE('',#805,#806,#470,.T.);
#979=EDGE_CURVE('',#805,#807,#471,.T.);
#980=EDGE_CURVE('',#808,#806,#472,.T.);
#981=EDGE_CURVE('',#807,#808,#473,.T.);
#982=EDGE_CURVE('',#807,#801,#474,.T.);
#983=EDGE_CURVE('',#803,#808,#475,.T.);
#984=EDGE_CURVE('',#809,#810,#711,.T.);
#985=EDGE_CURVE('',#811,#810,#712,.T.);
#986=EDGE_CURVE('',#810,#809,#713,.T.);
#987=EDGE_CURVE('',#809,#812,#476,.T.);
#988=EDGE_CURVE('',#812,#812,#714,.T.);
#989=EDGE_CURVE('',#813,#814,#715,.T.);
#990=EDGE_CURVE('',#815,#814,#716,.T.);
#991=EDGE_CURVE('',#814,#813,#717,.T.);
#992=EDGE_CURVE('',#813,#816,#477,.T.);
#993=EDGE_CURVE('',#816,#816,#718,.T.);
#994=EDGE_CURVE('',#817,#818,#478,.T.);
#995=EDGE_CURVE('',#817,#819,#479,.T.);
#996=EDGE_CURVE('',#820,#819,#480,.T.);
#997=EDGE_CURVE('',#818,#820,#481,.T.);
#998=EDGE_CURVE('',#818,#821,#482,.T.);
#999=EDGE_CURVE('',#822,#820,#483,.T.);
#1000=EDGE_CURVE('',#821,#822,#484,.T.);
#1001=EDGE_CURVE('',#821,#823,#485,.T.);
#1002=EDGE_CURVE('',#824,#822,#486,.T.);
#1003=EDGE_CURVE('',#823,#824,#487,.T.);
#1004=EDGE_CURVE('',#823,#817,#488,.T.);
#1005=EDGE_CURVE('',#819,#824,#489,.T.);
#1006=EDGE_CURVE('',#825,#826,#490,.T.);
#1007=EDGE_CURVE('',#825,#827,#491,.T.);
#1008=EDGE_CURVE('',#828,#827,#492,.T.);
#1009=EDGE_CURVE('',#826,#828,#493,.T.);
#1010=EDGE_CURVE('',#826,#829,#494,.T.);
#1011=EDGE_CURVE('',#830,#828,#495,.T.);
#1012=EDGE_CURVE('',#829,#830,#496,.T.);
#1013=EDGE_CURVE('',#829,#831,#497,.T.);
#1014=EDGE_CURVE('',#832,#830,#498,.T.);
#1015=EDGE_CURVE('',#831,#832,#499,.T.);
#1016=EDGE_CURVE('',#831,#825,#500,.T.);
#1017=EDGE_CURVE('',#827,#832,#501,.T.);
#1018=EDGE_CURVE('',#833,#834,#502,.T.);
#1019=EDGE_CURVE('',#833,#835,#503,.T.);
#1020=EDGE_CURVE('',#836,#835,#504,.T.);
#1021=EDGE_CURVE('',#834,#836,#505,.T.);
#1022=EDGE_CURVE('',#834,#837,#506,.T.);
#1023=EDGE_CURVE('',#838,#836,#507,.T.);
#1024=EDGE_CURVE('',#837,#838,#508,.T.);
#1025=EDGE_CURVE('',#837,#839,#509,.T.);
#1026=EDGE_CURVE('',#840,#838,#510,.T.);
#1027=EDGE_CURVE('',#839,#840,#511,.T.);
#1028=EDGE_CURVE('',#839,#833,#512,.T.);
#1029=EDGE_CURVE('',#835,#840,#513,.T.);
#1030=EDGE_CURVE('',#841,#842,#514,.T.);
#1031=EDGE_CURVE('',#841,#843,#515,.T.);
#1032=EDGE_CURVE('',#844,#843,#516,.T.);
#1033=EDGE_CURVE('',#842,#844,#517,.T.);
#1034=EDGE_CURVE('',#842,#845,#518,.T.);
#1035=EDGE_CURVE('',#846,#844,#519,.T.);
#1036=EDGE_CURVE('',#845,#846,#520,.T.);
#1037=EDGE_CURVE('',#845,#847,#521,.T.);
#1038=EDGE_CURVE('',#848,#846,#522,.T.);
#1039=EDGE_CURVE('',#847,#848,#523,.T.);
#1040=EDGE_CURVE('',#847,#841,#524,.T.);
#1041=EDGE_CURVE('',#843,#848,#525,.T.);
#1042=ORIENTED_EDGE('',*,*,#849,.F.);
#1043=ORIENTED_EDGE('',*,*,#850,.T.);
#1044=ORIENTED_EDGE('',*,*,#851,.F.);
#1045=ORIENTED_EDGE('',*,*,#850,.F.);
#1046=ORIENTED_EDGE('',*,*,#852,.T.);
#1047=ORIENTED_EDGE('',*,*,#853,.T.);
#1048=ORIENTED_EDGE('',*,*,#854,.F.);
#1049=ORIENTED_EDGE('',*,*,#855,.F.);
#1050=ORIENTED_EDGE('',*,*,#856,.T.);
#1051=ORIENTED_EDGE('',*,*,#855,.T.);
#1052=ORIENTED_EDGE('',*,*,#857,.F.);
#1053=ORIENTED_EDGE('',*,*,#858,.F.);
#1054=ORIENTED_EDGE('',*,*,#859,.T.);
#1055=ORIENTED_EDGE('',*,*,#858,.T.);
#1056=ORIENTED_EDGE('',*,*,#860,.F.);
#1057=ORIENTED_EDGE('',*,*,#861,.F.);
#1058=ORIENTED_EDGE('',*,*,#862,.T.);
#1059=ORIENTED_EDGE('',*,*,#861,.T.);
#1060=ORIENTED_EDGE('',*,*,#863,.F.);
#1061=ORIENTED_EDGE('',*,*,#853,.F.);
#1062=ORIENTED_EDGE('',*,*,#863,.T.);
#1063=ORIENTED_EDGE('',*,*,#860,.T.);
#1064=ORIENTED_EDGE('',*,*,#857,.T.);
#1065=ORIENTED_EDGE('',*,*,#854,.T.);
#1066=ORIENTED_EDGE('',*,*,#849,.T.);
#1067=ORIENTED_EDGE('',*,*,#862,.F.);
#1068=ORIENTED_EDGE('',*,*,#852,.F.);
#1069=ORIENTED_EDGE('',*,*,#856,.F.);
#1070=ORIENTED_EDGE('',*,*,#859,.F.);
#1071=ORIENTED_EDGE('',*,*,#851,.T.);
#1072=ORIENTED_EDGE('',*,*,#864,.F.);
#1073=ORIENTED_EDGE('',*,*,#865,.T.);
#1074=ORIENTED_EDGE('',*,*,#866,.F.);
#1075=ORIENTED_EDGE('',*,*,#867,.F.);
#1076=ORIENTED_EDGE('',*,*,#868,.F.);
#1077=ORIENTED_EDGE('',*,*,#867,.T.);
#1078=ORIENTED_EDGE('',*,*,#869,.F.);
#1079=ORIENTED_EDGE('',*,*,#870,.F.);
#1080=ORIENTED_EDGE('',*,*,#871,.F.);
#1081=ORIENTED_EDGE('',*,*,#870,.T.);
#1082=ORIENTED_EDGE('',*,*,#872,.F.);
#1083=ORIENTED_EDGE('',*,*,#873,.F.);
#1084=ORIENTED_EDGE('',*,*,#874,.F.);
#1085=ORIENTED_EDGE('',*,*,#873,.T.);
#1086=ORIENTED_EDGE('',*,*,#875,.F.);
#1087=ORIENTED_EDGE('',*,*,#865,.F.);
#1088=ORIENTED_EDGE('',*,*,#875,.T.);
#1089=ORIENTED_EDGE('',*,*,#872,.T.);
#1090=ORIENTED_EDGE('',*,*,#869,.T.);
#1091=ORIENTED_EDGE('',*,*,#866,.T.);
#1092=ORIENTED_EDGE('',*,*,#874,.T.);
#1093=ORIENTED_EDGE('',*,*,#864,.T.);
#1094=ORIENTED_EDGE('',*,*,#868,.T.);
#1095=ORIENTED_EDGE('',*,*,#871,.T.);
#1096=ORIENTED_EDGE('',*,*,#876,.F.);
#1097=ORIENTED_EDGE('',*,*,#877,.T.);
#1098=ORIENTED_EDGE('',*,*,#878,.F.);
#1099=ORIENTED_EDGE('',*,*,#879,.F.);
#1100=ORIENTED_EDGE('',*,*,#880,.F.);
#1101=ORIENTED_EDGE('',*,*,#879,.T.);
#1102=ORIENTED_EDGE('',*,*,#881,.F.);
#1103=ORIENTED_EDGE('',*,*,#882,.F.);
#1104=ORIENTED_EDGE('',*,*,#883,.F.);
#1105=ORIENTED_EDGE('',*,*,#882,.T.);
#1106=ORIENTED_EDGE('',*,*,#884,.F.);
#1107=ORIENTED_EDGE('',*,*,#885,.F.);
#1108=ORIENTED_EDGE('',*,*,#886,.F.);
#1109=ORIENTED_EDGE('',*,*,#885,.T.);
#1110=ORIENTED_EDGE('',*,*,#887,.F.);
#1111=ORIENTED_EDGE('',*,*,#877,.F.);
#1112=ORIENTED_EDGE('',*,*,#887,.T.);
#1113=ORIENTED_EDGE('',*,*,#884,.T.);
#1114=ORIENTED_EDGE('',*,*,#881,.T.);
#1115=ORIENTED_EDGE('',*,*,#878,.T.);
#1116=ORIENTED_EDGE('',*,*,#886,.T.);
#1117=ORIENTED_EDGE('',*,*,#876,.T.);
#1118=ORIENTED_EDGE('',*,*,#880,.T.);
#1119=ORIENTED_EDGE('',*,*,#883,.T.);
#1120=ORIENTED_EDGE('',*,*,#888,.F.);
#1121=ORIENTED_EDGE('',*,*,#889,.T.);
#1122=ORIENTED_EDGE('',*,*,#890,.F.);
#1123=ORIENTED_EDGE('',*,*,#891,.F.);
#1124=ORIENTED_EDGE('',*,*,#892,.F.);
#1125=ORIENTED_EDGE('',*,*,#891,.T.);
#1126=ORIENTED_EDGE('',*,*,#893,.F.);
#1127=ORIENTED_EDGE('',*,*,#894,.F.);
#1128=ORIENTED_EDGE('',*,*,#895,.F.);
#1129=ORIENTED_EDGE('',*,*,#894,.T.);
#1130=ORIENTED_EDGE('',*,*,#896,.F.);
#1131=ORIENTED_EDGE('',*,*,#897,.F.);
#1132=ORIENTED_EDGE('',*,*,#898,.F.);
#1133=ORIENTED_EDGE('',*,*,#897,.T.);
#1134=ORIENTED_EDGE('',*,*,#899,.F.);
#1135=ORIENTED_EDGE('',*,*,#889,.F.);
#1136=ORIENTED_EDGE('',*,*,#899,.T.);
#1137=ORIENTED_EDGE('',*,*,#896,.T.);
#1138=ORIENTED_EDGE('',*,*,#893,.T.);
#1139=ORIENTED_EDGE('',*,*,#890,.T.);
#1140=ORIENTED_EDGE('',*,*,#898,.T.);
#1141=ORIENTED_EDGE('',*,*,#888,.T.);
#1142=ORIENTED_EDGE('',*,*,#892,.T.);
#1143=ORIENTED_EDGE('',*,*,#895,.T.);
#1144=ORIENTED_EDGE('',*,*,#900,.F.);
#1145=ORIENTED_EDGE('',*,*,#901,.T.);
#1146=ORIENTED_EDGE('',*,*,#902,.F.);
#1147=ORIENTED_EDGE('',*,*,#903,.F.);
#1148=ORIENTED_EDGE('',*,*,#904,.F.);
#1149=ORIENTED_EDGE('',*,*,#903,.T.);
#1150=ORIENTED_EDGE('',*,*,#905,.F.);
#1151=ORIENTED_EDGE('',*,*,#906,.F.);
#1152=ORIENTED_EDGE('',*,*,#907,.F.);
#1153=ORIENTED_EDGE('',*,*,#906,.T.);
#1154=ORIENTED_EDGE('',*,*,#908,.F.);
#1155=ORIENTED_EDGE('',*,*,#909,.F.);
#1156=ORIENTED_EDGE('',*,*,#910,.F.);
#1157=ORIENTED_EDGE('',*,*,#909,.T.);
#1158=ORIENTED_EDGE('',*,*,#911,.F.);
#1159=ORIENTED_EDGE('',*,*,#901,.F.);
#1160=ORIENTED_EDGE('',*,*,#911,.T.);
#1161=ORIENTED_EDGE('',*,*,#908,.T.);
#1162=ORIENTED_EDGE('',*,*,#905,.T.);
#1163=ORIENTED_EDGE('',*,*,#902,.T.);
#1164=ORIENTED_EDGE('',*,*,#910,.T.);
#1165=ORIENTED_EDGE('',*,*,#900,.T.);
#1166=ORIENTED_EDGE('',*,*,#904,.T.);
#1167=ORIENTED_EDGE('',*,*,#907,.T.);
#1168=ORIENTED_EDGE('',*,*,#912,.F.);
#1169=ORIENTED_EDGE('',*,*,#913,.T.);
#1170=ORIENTED_EDGE('',*,*,#914,.F.);
#1171=ORIENTED_EDGE('',*,*,#915,.F.);
#1172=ORIENTED_EDGE('',*,*,#916,.F.);
#1173=ORIENTED_EDGE('',*,*,#915,.T.);
#1174=ORIENTED_EDGE('',*,*,#917,.F.);
#1175=ORIENTED_EDGE('',*,*,#918,.F.);
#1176=ORIENTED_EDGE('',*,*,#919,.F.);
#1177=ORIENTED_EDGE('',*,*,#918,.T.);
#1178=ORIENTED_EDGE('',*,*,#920,.F.);
#1179=ORIENTED_EDGE('',*,*,#921,.F.);
#1180=ORIENTED_EDGE('',*,*,#922,.F.);
#1181=ORIENTED_EDGE('',*,*,#921,.T.);
#1182=ORIENTED_EDGE('',*,*,#923,.F.);
#1183=ORIENTED_EDGE('',*,*,#913,.F.);
#1184=ORIENTED_EDGE('',*,*,#923,.T.);
#1185=ORIENTED_EDGE('',*,*,#920,.T.);
#1186=ORIENTED_EDGE('',*,*,#917,.T.);
#1187=ORIENTED_EDGE('',*,*,#914,.T.);
#1188=ORIENTED_EDGE('',*,*,#922,.T.);
#1189=ORIENTED_EDGE('',*,*,#912,.T.);
#1190=ORIENTED_EDGE('',*,*,#916,.T.);
#1191=ORIENTED_EDGE('',*,*,#919,.T.);
#1192=ORIENTED_EDGE('',*,*,#924,.F.);
#1193=ORIENTED_EDGE('',*,*,#925,.T.);
#1194=ORIENTED_EDGE('',*,*,#926,.F.);
#1195=ORIENTED_EDGE('',*,*,#927,.F.);
#1196=ORIENTED_EDGE('',*,*,#928,.F.);
#1197=ORIENTED_EDGE('',*,*,#927,.T.);
#1198=ORIENTED_EDGE('',*,*,#929,.F.);
#1199=ORIENTED_EDGE('',*,*,#930,.F.);
#1200=ORIENTED_EDGE('',*,*,#931,.F.);
#1201=ORIENTED_EDGE('',*,*,#930,.T.);
#1202=ORIENTED_EDGE('',*,*,#932,.F.);
#1203=ORIENTED_EDGE('',*,*,#933,.F.);
#1204=ORIENTED_EDGE('',*,*,#934,.F.);
#1205=ORIENTED_EDGE('',*,*,#933,.T.);
#1206=ORIENTED_EDGE('',*,*,#935,.F.);
#1207=ORIENTED_EDGE('',*,*,#925,.F.);
#1208=ORIENTED_EDGE('',*,*,#935,.T.);
#1209=ORIENTED_EDGE('',*,*,#932,.T.);
#1210=ORIENTED_EDGE('',*,*,#929,.T.);
#1211=ORIENTED_EDGE('',*,*,#926,.T.);
#1212=ORIENTED_EDGE('',*,*,#934,.T.);
#1213=ORIENTED_EDGE('',*,*,#924,.T.);
#1214=ORIENTED_EDGE('',*,*,#928,.T.);
#1215=ORIENTED_EDGE('',*,*,#931,.T.);
#1216=ORIENTED_EDGE('',*,*,#936,.F.);
#1217=ORIENTED_EDGE('',*,*,#937,.T.);
#1218=ORIENTED_EDGE('',*,*,#938,.F.);
#1219=ORIENTED_EDGE('',*,*,#939,.F.);
#1220=ORIENTED_EDGE('',*,*,#940,.F.);
#1221=ORIENTED_EDGE('',*,*,#939,.T.);
#1222=ORIENTED_EDGE('',*,*,#941,.F.);
#1223=ORIENTED_EDGE('',*,*,#942,.F.);
#1224=ORIENTED_EDGE('',*,*,#943,.F.);
#1225=ORIENTED_EDGE('',*,*,#942,.T.);
#1226=ORIENTED_EDGE('',*,*,#944,.F.);
#1227=ORIENTED_EDGE('',*,*,#945,.F.);
#1228=ORIENTED_EDGE('',*,*,#946,.F.);
#1229=ORIENTED_EDGE('',*,*,#945,.T.);
#1230=ORIENTED_EDGE('',*,*,#947,.F.);
#1231=ORIENTED_EDGE('',*,*,#937,.F.);
#1232=ORIENTED_EDGE('',*,*,#947,.T.);
#1233=ORIENTED_EDGE('',*,*,#944,.T.);
#1234=ORIENTED_EDGE('',*,*,#941,.T.);
#1235=ORIENTED_EDGE('',*,*,#938,.T.);
#1236=ORIENTED_EDGE('',*,*,#946,.T.);
#1237=ORIENTED_EDGE('',*,*,#936,.T.);
#1238=ORIENTED_EDGE('',*,*,#940,.T.);
#1239=ORIENTED_EDGE('',*,*,#943,.T.);
#1240=ORIENTED_EDGE('',*,*,#948,.T.);
#1241=ORIENTED_EDGE('',*,*,#949,.T.);
#1242=ORIENTED_EDGE('',*,*,#950,.F.);
#1243=ORIENTED_EDGE('',*,*,#951,.F.);
#1244=ORIENTED_EDGE('',*,*,#952,.T.);
#1245=ORIENTED_EDGE('',*,*,#951,.T.);
#1246=ORIENTED_EDGE('',*,*,#953,.F.);
#1247=ORIENTED_EDGE('',*,*,#954,.F.);
#1248=ORIENTED_EDGE('',*,*,#955,.T.);
#1249=ORIENTED_EDGE('',*,*,#954,.T.);
#1250=ORIENTED_EDGE('',*,*,#956,.F.);
#1251=ORIENTED_EDGE('',*,*,#957,.F.);
#1252=ORIENTED_EDGE('',*,*,#958,.T.);
#1253=ORIENTED_EDGE('',*,*,#957,.T.);
#1254=ORIENTED_EDGE('',*,*,#959,.F.);
#1255=ORIENTED_EDGE('',*,*,#949,.F.);
#1256=ORIENTED_EDGE('',*,*,#959,.T.);
#1257=ORIENTED_EDGE('',*,*,#956,.T.);
#1258=ORIENTED_EDGE('',*,*,#953,.T.);
#1259=ORIENTED_EDGE('',*,*,#950,.T.);
#1260=ORIENTED_EDGE('',*,*,#958,.F.);
#1261=ORIENTED_EDGE('',*,*,#948,.F.);
#1262=ORIENTED_EDGE('',*,*,#952,.F.);
#1263=ORIENTED_EDGE('',*,*,#955,.F.);
#1264=ORIENTED_EDGE('',*,*,#960,.F.);
#1265=ORIENTED_EDGE('',*,*,#961,.T.);
#1266=ORIENTED_EDGE('',*,*,#962,.F.);
#1267=ORIENTED_EDGE('',*,*,#963,.F.);
#1268=ORIENTED_EDGE('',*,*,#964,.F.);
#1269=ORIENTED_EDGE('',*,*,#963,.T.);
#1270=ORIENTED_EDGE('',*,*,#965,.F.);
#1271=ORIENTED_EDGE('',*,*,#966,.F.);
#1272=ORIENTED_EDGE('',*,*,#967,.F.);
#1273=ORIENTED_EDGE('',*,*,#966,.T.);
#1274=ORIENTED_EDGE('',*,*,#968,.F.);
#1275=ORIENTED_EDGE('',*,*,#969,.F.);
#1276=ORIENTED_EDGE('',*,*,#970,.F.);
#1277=ORIENTED_EDGE('',*,*,#969,.T.);
#1278=ORIENTED_EDGE('',*,*,#971,.F.);
#1279=ORIENTED_EDGE('',*,*,#961,.F.);
#1280=ORIENTED_EDGE('',*,*,#971,.T.);
#1281=ORIENTED_EDGE('',*,*,#968,.T.);
#1282=ORIENTED_EDGE('',*,*,#965,.T.);
#1283=ORIENTED_EDGE('',*,*,#962,.T.);
#1284=ORIENTED_EDGE('',*,*,#970,.T.);
#1285=ORIENTED_EDGE('',*,*,#960,.T.);
#1286=ORIENTED_EDGE('',*,*,#964,.T.);
#1287=ORIENTED_EDGE('',*,*,#967,.T.);
#1288=ORIENTED_EDGE('',*,*,#972,.F.);
#1289=ORIENTED_EDGE('',*,*,#973,.T.);
#1290=ORIENTED_EDGE('',*,*,#974,.F.);
#1291=ORIENTED_EDGE('',*,*,#975,.F.);
#1292=ORIENTED_EDGE('',*,*,#976,.F.);
#1293=ORIENTED_EDGE('',*,*,#975,.T.);
#1294=ORIENTED_EDGE('',*,*,#977,.F.);
#1295=ORIENTED_EDGE('',*,*,#978,.F.);
#1296=ORIENTED_EDGE('',*,*,#979,.F.);
#1297=ORIENTED_EDGE('',*,*,#978,.T.);
#1298=ORIENTED_EDGE('',*,*,#980,.F.);
#1299=ORIENTED_EDGE('',*,*,#981,.F.);
#1300=ORIENTED_EDGE('',*,*,#982,.F.);
#1301=ORIENTED_EDGE('',*,*,#981,.T.);
#1302=ORIENTED_EDGE('',*,*,#983,.F.);
#1303=ORIENTED_EDGE('',*,*,#973,.F.);
#1304=ORIENTED_EDGE('',*,*,#983,.T.);
#1305=ORIENTED_EDGE('',*,*,#980,.T.);
#1306=ORIENTED_EDGE('',*,*,#977,.T.);
#1307=ORIENTED_EDGE('',*,*,#974,.T.);
#1308=ORIENTED_EDGE('',*,*,#982,.T.);
#1309=ORIENTED_EDGE('',*,*,#972,.T.);
#1310=ORIENTED_EDGE('',*,*,#976,.T.);
#1311=ORIENTED_EDGE('',*,*,#979,.T.);
#1312=ORIENTED_EDGE('',*,*,#984,.T.);
#1313=ORIENTED_EDGE('',*,*,#985,.F.);
#1314=ORIENTED_EDGE('',*,*,#985,.T.);
#1315=ORIENTED_EDGE('',*,*,#986,.T.);
#1316=ORIENTED_EDGE('',*,*,#984,.F.);
#1317=ORIENTED_EDGE('',*,*,#987,.T.);
#1318=ORIENTED_EDGE('',*,*,#988,.T.);
#1319=ORIENTED_EDGE('',*,*,#987,.F.);
#1320=ORIENTED_EDGE('',*,*,#986,.F.);
#1321=ORIENTED_EDGE('',*,*,#988,.F.);
#1322=ORIENTED_EDGE('',*,*,#989,.T.);
#1323=ORIENTED_EDGE('',*,*,#990,.F.);
#1324=ORIENTED_EDGE('',*,*,#990,.T.);
#1325=ORIENTED_EDGE('',*,*,#991,.T.);
#1326=ORIENTED_EDGE('',*,*,#989,.F.);
#1327=ORIENTED_EDGE('',*,*,#992,.T.);
#1328=ORIENTED_EDGE('',*,*,#993,.T.);
#1329=ORIENTED_EDGE('',*,*,#992,.F.);
#1330=ORIENTED_EDGE('',*,*,#991,.F.);
#1331=ORIENTED_EDGE('',*,*,#993,.F.);
#1332=ORIENTED_EDGE('',*,*,#994,.F.);
#1333=ORIENTED_EDGE('',*,*,#995,.T.);
#1334=ORIENTED_EDGE('',*,*,#996,.F.);
#1335=ORIENTED_EDGE('',*,*,#997,.F.);
#1336=ORIENTED_EDGE('',*,*,#998,.F.);
#1337=ORIENTED_EDGE('',*,*,#997,.T.);
#1338=ORIENTED_EDGE('',*,*,#999,.F.);
#1339=ORIENTED_EDGE('',*,*,#1000,.F.);
#1340=ORIENTED_EDGE('',*,*,#1001,.F.);
#1341=ORIENTED_EDGE('',*,*,#1000,.T.);
#1342=ORIENTED_EDGE('',*,*,#1002,.F.);
#1343=ORIENTED_EDGE('',*,*,#1003,.F.);
#1344=ORIENTED_EDGE('',*,*,#1004,.F.);
#1345=ORIENTED_EDGE('',*,*,#1003,.T.);
#1346=ORIENTED_EDGE('',*,*,#1005,.F.);
#1347=ORIENTED_EDGE('',*,*,#995,.F.);
#1348=ORIENTED_EDGE('',*,*,#1005,.T.);
#1349=ORIENTED_EDGE('',*,*,#1002,.T.);
#1350=ORIENTED_EDGE('',*,*,#999,.T.);
#1351=ORIENTED_EDGE('',*,*,#996,.T.);
#1352=ORIENTED_EDGE('',*,*,#1004,.T.);
#1353=ORIENTED_EDGE('',*,*,#994,.T.);
#1354=ORIENTED_EDGE('',*,*,#998,.T.);
#1355=ORIENTED_EDGE('',*,*,#1001,.T.);
#1356=ORIENTED_EDGE('',*,*,#1006,.F.);
#1357=ORIENTED_EDGE('',*,*,#1007,.T.);
#1358=ORIENTED_EDGE('',*,*,#1008,.F.);
#1359=ORIENTED_EDGE('',*,*,#1009,.F.);
#1360=ORIENTED_EDGE('',*,*,#1010,.F.);
#1361=ORIENTED_EDGE('',*,*,#1009,.T.);
#1362=ORIENTED_EDGE('',*,*,#1011,.F.);
#1363=ORIENTED_EDGE('',*,*,#1012,.F.);
#1364=ORIENTED_EDGE('',*,*,#1013,.F.);
#1365=ORIENTED_EDGE('',*,*,#1012,.T.);
#1366=ORIENTED_EDGE('',*,*,#1014,.F.);
#1367=ORIENTED_EDGE('',*,*,#1015,.F.);
#1368=ORIENTED_EDGE('',*,*,#1016,.F.);
#1369=ORIENTED_EDGE('',*,*,#1015,.T.);
#1370=ORIENTED_EDGE('',*,*,#1017,.F.);
#1371=ORIENTED_EDGE('',*,*,#1007,.F.);
#1372=ORIENTED_EDGE('',*,*,#1017,.T.);
#1373=ORIENTED_EDGE('',*,*,#1014,.T.);
#1374=ORIENTED_EDGE('',*,*,#1011,.T.);
#1375=ORIENTED_EDGE('',*,*,#1008,.T.);
#1376=ORIENTED_EDGE('',*,*,#1016,.T.);
#1377=ORIENTED_EDGE('',*,*,#1006,.T.);
#1378=ORIENTED_EDGE('',*,*,#1010,.T.);
#1379=ORIENTED_EDGE('',*,*,#1013,.T.);
#1380=ORIENTED_EDGE('',*,*,#1018,.F.);
#1381=ORIENTED_EDGE('',*,*,#1019,.T.);
#1382=ORIENTED_EDGE('',*,*,#1020,.F.);
#1383=ORIENTED_EDGE('',*,*,#1021,.F.);
#1384=ORIENTED_EDGE('',*,*,#1022,.F.);
#1385=ORIENTED_EDGE('',*,*,#1021,.T.);
#1386=ORIENTED_EDGE('',*,*,#1023,.F.);
#1387=ORIENTED_EDGE('',*,*,#1024,.F.);
#1388=ORIENTED_EDGE('',*,*,#1025,.F.);
#1389=ORIENTED_EDGE('',*,*,#1024,.T.);
#1390=ORIENTED_EDGE('',*,*,#1026,.F.);
#1391=ORIENTED_EDGE('',*,*,#1027,.F.);
#1392=ORIENTED_EDGE('',*,*,#1028,.F.);
#1393=ORIENTED_EDGE('',*,*,#1027,.T.);
#1394=ORIENTED_EDGE('',*,*,#1029,.F.);
#1395=ORIENTED_EDGE('',*,*,#1019,.F.);
#1396=ORIENTED_EDGE('',*,*,#1029,.T.);
#1397=ORIENTED_EDGE('',*,*,#1026,.T.);
#1398=ORIENTED_EDGE('',*,*,#1023,.T.);
#1399=ORIENTED_EDGE('',*,*,#1020,.T.);
#1400=ORIENTED_EDGE('',*,*,#1028,.T.);
#1401=ORIENTED_EDGE('',*,*,#1018,.T.);
#1402=ORIENTED_EDGE('',*,*,#1022,.T.);
#1403=ORIENTED_EDGE('',*,*,#1025,.T.);
#1404=ORIENTED_EDGE('',*,*,#1030,.F.);
#1405=ORIENTED_EDGE('',*,*,#1031,.T.);
#1406=ORIENTED_EDGE('',*,*,#1032,.F.);
#1407=ORIENTED_EDGE('',*,*,#1033,.F.);
#1408=ORIENTED_EDGE('',*,*,#1034,.F.);
#1409=ORIENTED_EDGE('',*,*,#1033,.T.);
#1410=ORIENTED_EDGE('',*,*,#1035,.F.);
#1411=ORIENTED_EDGE('',*,*,#1036,.F.);
#1412=ORIENTED_EDGE('',*,*,#1037,.F.);
#1413=ORIENTED_EDGE('',*,*,#1036,.T.);
#1414=ORIENTED_EDGE('',*,*,#1038,.F.);
#1415=ORIENTED_EDGE('',*,*,#1039,.F.);
#1416=ORIENTED_EDGE('',*,*,#1040,.F.);
#1417=ORIENTED_EDGE('',*,*,#1039,.T.);
#1418=ORIENTED_EDGE('',*,*,#1041,.F.);
#1419=ORIENTED_EDGE('',*,*,#1031,.F.);
#1420=ORIENTED_EDGE('',*,*,#1041,.T.);
#1421=ORIENTED_EDGE('',*,*,#1038,.T.);
#1422=ORIENTED_EDGE('',*,*,#1035,.T.);
#1423=ORIENTED_EDGE('',*,*,#1032,.T.);
#1424=ORIENTED_EDGE('',*,*,#1040,.T.);
#1425=ORIENTED_EDGE('',*,*,#1030,.T.);
#1426=ORIENTED_EDGE('',*,*,#1034,.T.);
#1427=ORIENTED_EDGE('',*,*,#1037,.T.);
#1428=CYLINDRICAL_SURFACE('',#1559,1.5);
#1429=CYLINDRICAL_SURFACE('',#1632,2.5);
#1430=CYLINDRICAL_SURFACE('',#1639,2.5);
#1431=ADVANCED_FACE('',(#147),#1428,.F.);
#1432=ADVANCED_FACE('',(#148),#55,.T.);
#1433=ADVANCED_FACE('',(#149),#56,.T.);
#1434=ADVANCED_FACE('',(#150),#57,.T.);
#1435=ADVANCED_FACE('',(#151),#58,.T.);
#1436=ADVANCED_FACE('',(#152,#53),#59,.T.);
#1437=ADVANCED_FACE('',(#153,#54),#60,.F.);
#1438=ADVANCED_FACE('',(#154),#61,.T.);
#1439=ADVANCED_FACE('',(#155),#62,.T.);
#1440=ADVANCED_FACE('',(#156),#63,.T.);
#1441=ADVANCED_FACE('',(#157),#64,.T.);
#1442=ADVANCED_FACE('',(#158),#65,.T.);
#1443=ADVANCED_FACE('',(#159),#66,.F.);
#1444=ADVANCED_FACE('',(#160),#67,.T.);
#1445=ADVANCED_FACE('',(#161),#68,.T.);
#1446=ADVANCED_FACE('',(#162),#69,.T.);
#1447=ADVANCED_FACE('',(#163),#70,.T.);
#1448=ADVANCED_FACE('',(#164),#71,.T.);
#1449=ADVANCED_FACE('',(#165),#72,.F.);
#1450=ADVANCED_FACE('',(#166),#73,.T.);
#1451=ADVANCED_FACE('',(#167),#74,.T.);
#1452=ADVANCED_FACE('',(#168),#75,.T.);
#1453=ADVANCED_FACE('',(#169),#76,.T.);
#1454=ADVANCED_FACE('',(#170),#77,.T.);
#1455=ADVANCED_FACE('',(#171),#78,.F.);
#1456=ADVANCED_FACE('',(#172),#79,.T.);
#1457=ADVANCED_FACE('',(#173),#80,.T.);
#1458=ADVANCED_FACE('',(#174),#81,.T.);
#1459=ADVANCED_FACE('',(#175),#82,.T.);
#1460=ADVANCED_FACE('',(#176),#83,.T.);
#1461=ADVANCED_FACE('',(#177),#84,.F.);
#1462=ADVANCED_FACE('',(#178),#85,.T.);
#1463=ADVANCED_FACE('',(#179),#86,.T.);
#1464=ADVANCED_FACE('',(#180),#87,.T.);
#1465=ADVANCED_FACE('',(#181),#88,.T.);
#1466=ADVANCED_FACE('',(#182),#89,.T.);
#1467=ADVANCED_FACE('',(#183),#90,.F.);
#1468=ADVANCED_FACE('',(#184),#91,.T.);
#1469=ADVANCED_FACE('',(#185),#92,.T.);
#1470=ADVANCED_FACE('',(#186),#93,.T.);
#1471=ADVANCED_FACE('',(#187),#94,.T.);
#1472=ADVANCED_FACE('',(#188),#95,.T.);
#1473=ADVANCED_FACE('',(#189),#96,.F.);
#1474=ADVANCED_FACE('',(#190),#97,.T.);
#1475=ADVANCED_FACE('',(#191),#98,.T.);
#1476=ADVANCED_FACE('',(#192),#99,.T.);
#1477=ADVANCED_FACE('',(#193),#100,.T.);
#1478=ADVANCED_FACE('',(#194),#101,.T.);
#1479=ADVANCED_FACE('',(#195),#102,.F.);
#1480=ADVANCED_FACE('',(#196),#103,.T.);
#1481=ADVANCED_FACE('',(#197),#104,.T.);
#1482=ADVANCED_FACE('',(#198),#105,.T.);
#1483=ADVANCED_FACE('',(#199),#106,.T.);
#1484=ADVANCED_FACE('',(#200),#107,.T.);
#1485=ADVANCED_FACE('',(#201),#108,.F.);
#1486=ADVANCED_FACE('',(#202),#109,.T.);
#1487=ADVANCED_FACE('',(#203),#110,.T.);
#1488=ADVANCED_FACE('',(#204),#111,.T.);
#1489=ADVANCED_FACE('',(#205),#112,.T.);
#1490=ADVANCED_FACE('',(#206),#113,.T.);
#1491=ADVANCED_FACE('',(#207),#114,.F.);
#1492=ADVANCED_FACE('',(#208),#115,.T.);
#1493=ADVANCED_FACE('',(#209),#116,.T.);
#1494=ADVANCED_FACE('',(#210),#117,.T.);
#1495=ADVANCED_FACE('',(#211),#118,.T.);
#1496=ADVANCED_FACE('',(#212),#119,.T.);
#1497=ADVANCED_FACE('',(#213),#120,.F.);
#1498=ADVANCED_FACE('',(#214),#17,.T.);
#1499=ADVANCED_FACE('',(#215),#1429,.T.);
#1500=ADVANCED_FACE('',(#216),#121,.F.);
#1501=ADVANCED_FACE('',(#217),#18,.T.);
#1502=ADVANCED_FACE('',(#218),#1430,.T.);
#1503=ADVANCED_FACE('',(#219),#122,.F.);
#1504=ADVANCED_FACE('',(#220),#123,.T.);
#1505=ADVANCED_FACE('',(#221),#124,.T.);
#1506=ADVANCED_FACE('',(#222),#125,.T.);
#1507=ADVANCED_FACE('',(#223),#126,.T.);
#1508=ADVANCED_FACE('',(#224),#127,.T.);
#1509=ADVANCED_FACE('',(#225),#128,.F.);
#1510=ADVANCED_FACE('',(#226),#129,.T.);
#1511=ADVANCED_FACE('',(#227),#130,.T.);
#1512=ADVANCED_FACE('',(#228),#131,.T.);
#1513=ADVANCED_FACE('',(#229),#132,.T.);
#1514=ADVANCED_FACE('',(#230),#133,.T.);
#1515=ADVANCED_FACE('',(#231),#134,.F.);
#1516=ADVANCED_FACE('',(#232),#135,.T.);
#1517=ADVANCED_FACE('',(#233),#136,.T.);
#1518=ADVANCED_FACE('',(#234),#137,.T.);
#1519=ADVANCED_FACE('',(#235),#138,.T.);
#1520=ADVANCED_FACE('',(#236),#139,.T.);
#1521=ADVANCED_FACE('',(#237),#140,.F.);
#1522=ADVANCED_FACE('',(#238),#141,.T.);
#1523=ADVANCED_FACE('',(#239),#142,.T.);
#1524=ADVANCED_FACE('',(#240),#143,.T.);
#1525=ADVANCED_FACE('',(#241),#144,.T.);
#1526=ADVANCED_FACE('',(#242),#145,.T.);
#1527=ADVANCED_FACE('',(#243),#146,.F.);
#1528=CLOSED_SHELL('',(#1431,#1432,#1433,#1434,#1435,#1436,#1437));
#1529=CLOSED_SHELL('',(#1438,#1439,#1440,#1441,#1442,#1443));
#1530=CLOSED_SHELL('',(#1444,#1445,#1446,#1447,#1448,#1449));
#1531=CLOSED_SHELL('',(#1450,#1451,#1452,#1453,#1454,#1455));
#1532=CLOSED_SHELL('',(#1456,#1457,#1458,#1459,#1460,#1461));
#1533=CLOSED_SHELL('',(#1462,#1463,#1464,#1465,#1466,#1467));
#1534=CLOSED_SHELL('',(#1468,#1469,#1470,#1471,#1472,#1473));
#1535=CLOSED_SHELL('',(#1474,#1475,#1476,#1477,#1478,#1479));
#1536=CLOSED_SHELL('',(#1480,#1481,#1482,#1483,#1484,#1485));
#1537=CLOSED_SHELL('',(#1486,#1487,#1488,#1489,#1490,#1491));
#1538=CLOSED_SHELL('',(#1492,#1493,#1494,#1495,#1496,#1497));
#1539=CLOSED_SHELL('',(#1498,#1499,#1500));
#1540=CLOSED_SHELL('',(#1501,#1502,#1503));
#1541=CLOSED_SHELL('',(#1504,#1505,#1506,#1507,#1508,#1509));
#1542=CLOSED_SHELL('',(#1510,#1511,#1512,#1513,#1514,#1515));
#1543=CLOSED_SHELL('',(#1516,#1517,#1518,#1519,#1520,#1521));
#1544=CLOSED_SHELL('',(#1522,#1523,#1524,#1525,#1526,#1527));
#1545=DERIVED_UNIT_ELEMENT(#1547,1.);
#1546=DERIVED_UNIT_ELEMENT(#2500,-3.);
#1547=(
MASS_UNIT()
NAMED_UNIT(*)
SI_UNIT(.KILO.,.GRAM.)
);
#1548=DERIVED_UNIT((#1545,#1546));
#1549=MEASURE_REPRESENTATION_ITEM('density measure',
POSITIVE_RATIO_MEASURE(7850.),#1548);
#1550=PROPERTY_DEFINITION_REPRESENTATION(#1555,#1552);
#1551=PROPERTY_DEFINITION_REPRESENTATION(#1556,#1553);
#1552=REPRESENTATION('material name',(#1554),#2497);
#1553=REPRESENTATION('density',(#1549),#2497);
#1554=DESCRIPTIVE_REPRESENTATION_ITEM('Stahl','Stahl');
#1555=PROPERTY_DEFINITION('material property','material name',#2512);
#1556=PROPERTY_DEFINITION('material property','density of part',#2512);
#1557=AXIS2_PLACEMENT_3D('',#2070,#1667,#1668);
#1558=AXIS2_PLACEMENT_3D('',#2071,#1669,#1670);
#1559=AXIS2_PLACEMENT_3D('',#2072,#1671,#1672);
#1560=AXIS2_PLACEMENT_3D('',#2074,#1673,#1674);
#1561=AXIS2_PLACEMENT_3D('',#2077,#1676,#1677);
#1562=AXIS2_PLACEMENT_3D('',#2078,#1678,#1679);
#1563=AXIS2_PLACEMENT_3D('',#2087,#1684,#1685);
#1564=AXIS2_PLACEMENT_3D('',#2093,#1689,#1690);
#1565=AXIS2_PLACEMENT_3D('',#2099,#1694,#1695);
#1566=AXIS2_PLACEMENT_3D('',#2102,#1698,#1699);
#1567=AXIS2_PLACEMENT_3D('',#2103,#1700,#1701);
#1568=AXIS2_PLACEMENT_3D('',#2104,#1702,#1703);
#1569=AXIS2_PLACEMENT_3D('',#2113,#1708,#1709);
#1570=AXIS2_PLACEMENT_3D('',#2119,#1713,#1714);
#1571=AXIS2_PLACEMENT_3D('',#2125,#1718,#1719);
#1572=AXIS2_PLACEMENT_3D('',#2128,#1722,#1723);
#1573=AXIS2_PLACEMENT_3D('',#2129,#1724,#1725);
#1574=AXIS2_PLACEMENT_3D('',#2130,#1726,#1727);
#1575=AXIS2_PLACEMENT_3D('',#2139,#1732,#1733);
#1576=AXIS2_PLACEMENT_3D('',#2145,#1737,#1738);
#1577=AXIS2_PLACEMENT_3D('',#2151,#1742,#1743);
#1578=AXIS2_PLACEMENT_3D('',#2154,#1746,#1747);
#1579=AXIS2_PLACEMENT_3D('',#2155,#1748,#1749);
#1580=AXIS2_PLACEMENT_3D('',#2156,#1750,#1751);
#1581=AXIS2_PLACEMENT_3D('',#2165,#1756,#1757);
#1582=AXIS2_PLACEMENT_3D('',#2171,#1761,#1762);
#1583=AXIS2_PLACEMENT_3D('',#2177,#1766,#1767);
#1584=AXIS2_PLACEMENT_3D('',#2180,#1770,#1771);
#1585=AXIS2_PLACEMENT_3D('',#2181,#1772,#1773);
#1586=AXIS2_PLACEMENT_3D('',#2182,#1774,#1775);
#1587=AXIS2_PLACEMENT_3D('',#2191,#1780,#1781);
#1588=AXIS2_PLACEMENT_3D('',#2197,#1785,#1786);
#1589=AXIS2_PLACEMENT_3D('',#2203,#1790,#1791);
#1590=AXIS2_PLACEMENT_3D('',#2206,#1794,#1795);
#1591=AXIS2_PLACEMENT_3D('',#2207,#1796,#1797);
#1592=AXIS2_PLACEMENT_3D('',#2208,#1798,#1799);
#1593=AXIS2_PLACEMENT_3D('',#2217,#1804,#1805);
#1594=AXIS2_PLACEMENT_3D('',#2223,#1809,#1810);
#1595=AXIS2_PLACEMENT_3D('',#2229,#1814,#1815);
#1596=AXIS2_PLACEMENT_3D('',#2232,#1818,#1819);
#1597=AXIS2_PLACEMENT_3D('',#2233,#1820,#1821);
#1598=AXIS2_PLACEMENT_3D('',#2234,#1822,#1823);
#1599=AXIS2_PLACEMENT_3D('',#2243,#1828,#1829);
#1600=AXIS2_PLACEMENT_3D('',#2249,#1833,#1834);
#1601=AXIS2_PLACEMENT_3D('',#2255,#1838,#1839);
#1602=AXIS2_PLACEMENT_3D('',#2258,#1842,#1843);
#1603=AXIS2_PLACEMENT_3D('',#2259,#1844,#1845);
#1604=AXIS2_PLACEMENT_3D('',#2260,#1846,#1847);
#1605=AXIS2_PLACEMENT_3D('',#2269,#1852,#1853);
#1606=AXIS2_PLACEMENT_3D('',#2275,#1857,#1858);
#1607=AXIS2_PLACEMENT_3D('',#2281,#1862,#1863);
#1608=AXIS2_PLACEMENT_3D('',#2284,#1866,#1867);
#1609=AXIS2_PLACEMENT_3D('',#2285,#1868,#1869);
#1610=AXIS2_PLACEMENT_3D('',#2286,#1870,#1871);
#1611=AXIS2_PLACEMENT_3D('',#2295,#1876,#1877);
#1612=AXIS2_PLACEMENT_3D('',#2301,#1881,#1882);
#1613=AXIS2_PLACEMENT_3D('',#2307,#1886,#1887);
#1614=AXIS2_PLACEMENT_3D('',#2310,#1890,#1891);
#1615=AXIS2_PLACEMENT_3D('',#2311,#1892,#1893);
#1616=AXIS2_PLACEMENT_3D('',#2312,#1894,#1895);
#1617=AXIS2_PLACEMENT_3D('',#2321,#1900,#1901);
#1618=AXIS2_PLACEMENT_3D('',#2327,#1905,#1906);
#1619=AXIS2_PLACEMENT_3D('',#2333,#1910,#1911);
#1620=AXIS2_PLACEMENT_3D('',#2336,#1914,#1915);
#1621=AXIS2_PLACEMENT_3D('',#2337,#1916,#1917);
#1622=AXIS2_PLACEMENT_3D('',#2338,#1918,#1919);
#1623=AXIS2_PLACEMENT_3D('',#2347,#1924,#1925);
#1624=AXIS2_PLACEMENT_3D('',#2353,#1929,#1930);
#1625=AXIS2_PLACEMENT_3D('',#2359,#1934,#1935);
#1626=AXIS2_PLACEMENT_3D('',#2362,#1938,#1939);
#1627=AXIS2_PLACEMENT_3D('',#2363,#1940,#1941);
#1628=AXIS2_PLACEMENT_3D('',#2364,#1942,#1943);
#1629=AXIS2_PLACEMENT_3D('',#2367,#1944,#1945);
#1630=AXIS2_PLACEMENT_3D('',#2369,#1946,#1947);
#1631=AXIS2_PLACEMENT_3D('',#2370,#1948,#1949);
#1632=AXIS2_PLACEMENT_3D('',#2371,#1950,#1951);
#1633=AXIS2_PLACEMENT_3D('',#2374,#1953,#1954);
#1634=AXIS2_PLACEMENT_3D('',#2375,#1955,#1956);
#1635=AXIS2_PLACEMENT_3D('',#2376,#1957,#1958);
#1636=AXIS2_PLACEMENT_3D('',#2379,#1959,#1960);
#1637=AXIS2_PLACEMENT_3D('',#2381,#1961,#1962);
#1638=AXIS2_PLACEMENT_3D('',#2382,#1963,#1964);
#1639=AXIS2_PLACEMENT_3D('',#2383,#1965,#1966);
#1640=AXIS2_PLACEMENT_3D('',#2386,#1968,#1969);
#1641=AXIS2_PLACEMENT_3D('',#2387,#1970,#1971);
#1642=AXIS2_PLACEMENT_3D('',#2388,#1972,#1973);
#1643=AXIS2_PLACEMENT_3D('',#2397,#1978,#1979);
#1644=AXIS2_PLACEMENT_3D('',#2403,#1983,#1984);
#1645=AXIS2_PLACEMENT_3D('',#2409,#1988,#1989);
#1646=AXIS2_PLACEMENT_3D('',#2412,#1992,#1993);
#1647=AXIS2_PLACEMENT_3D('',#2413,#1994,#1995);
#1648=AXIS2_PLACEMENT_3D('',#2414,#1996,#1997);
#1649=AXIS2_PLACEMENT_3D('',#2423,#2002,#2003);
#1650=AXIS2_PLACEMENT_3D('',#2429,#2007,#2008);
#1651=AXIS2_PLACEMENT_3D('',#2435,#2012,#2013);
#1652=AXIS2_PLACEMENT_3D('',#2438,#2016,#2017);
#1653=AXIS2_PLACEMENT_3D('',#2439,#2018,#2019);
#1654=AXIS2_PLACEMENT_3D('',#2440,#2020,#2021);
#1655=AXIS2_PLACEMENT_3D('',#2449,#2026,#2027);
#1656=AXIS2_PLACEMENT_3D('',#2455,#2031,#2032);
#1657=AXIS2_PLACEMENT_3D('',#2461,#2036,#2037);
#1658=AXIS2_PLACEMENT_3D('',#2464,#2040,#2041);
#1659=AXIS2_PLACEMENT_3D('',#2465,#2042,#2043);
#1660=AXIS2_PLACEMENT_3D('',#2466,#2044,#2045);
#1661=AXIS2_PLACEMENT_3D('',#2475,#2050,#2051);
#1662=AXIS2_PLACEMENT_3D('',#2481,#2055,#2056);
#1663=AXIS2_PLACEMENT_3D('',#2487,#2060,#2061);
#1664=AXIS2_PLACEMENT_3D('',#2490,#2064,#2065);
#1665=AXIS2_PLACEMENT_3D('',#2491,#2066,#2067);
#1666=AXIS2_PLACEMENT_3D('',#2492,#2068,#2069);
#1667=DIRECTION('axis',(0.,0.,1.));
#1668=DIRECTION('refdir',(1.,0.,0.));
#1669=DIRECTION('axis',(0.,0.,1.));
#1670=DIRECTION('refdir',(1.,0.,0.));
#1671=DIRECTION('center_axis',(0.,0.,-1.));
#1672=DIRECTION('ref_axis',(-1.,0.,0.));
#1673=DIRECTION('center_axis',(0.,0.,-1.));
#1674=DIRECTION('ref_axis',(-1.,0.,0.));
#1675=DIRECTION('',(0.,0.,-1.));
#1676=DIRECTION('center_axis',(0.,0.,1.));
#1677=DIRECTION('ref_axis',(-1.,0.,0.));
#1678=DIRECTION('center_axis',(0.,1.,0.));
#1679=DIRECTION('ref_axis',(-1.,0.,0.));
#1680=DIRECTION('',(-1.,0.,0.));
#1681=DIRECTION('',(0.,0.,1.));
#1682=DIRECTION('',(-1.,0.,0.));
#1683=DIRECTION('',(0.,0.,1.));
#1684=DIRECTION('center_axis',(1.,0.,0.));
#1685=DIRECTION('ref_axis',(0.,1.,0.));
#1686=DIRECTION('',(0.,1.,0.));
#1687=DIRECTION('',(0.,1.,0.));
#1688=DIRECTION('',(0.,0.,1.));
#1689=DIRECTION('center_axis',(0.,-1.,0.));
#1690=DIRECTION('ref_axis',(1.,0.,0.));
#1691=DIRECTION('',(1.,0.,0.));
#1692=DIRECTION('',(1.,0.,0.));
#1693=DIRECTION('',(0.,0.,1.));
#1694=DIRECTION('center_axis',(-1.,0.,0.));
#1695=DIRECTION('ref_axis',(0.,-1.,0.));
#1696=DIRECTION('',(0.,-1.,0.));
#1697=DIRECTION('',(0.,-1.,0.));
#1698=DIRECTION('center_axis',(0.,0.,1.));
#1699=DIRECTION('ref_axis',(1.,0.,0.));
#1700=DIRECTION('center_axis',(0.,0.,1.));
#1701=DIRECTION('ref_axis',(1.,0.,0.));
#1702=DIRECTION('center_axis',(-1.,0.,0.));
#1703=DIRECTION('ref_axis',(0.,-1.,0.));
#1704=DIRECTION('',(0.,1.,0.));
#1705=DIRECTION('',(0.,0.,1.));
#1706=DIRECTION('',(0.,-1.,0.));
#1707=DIRECTION('',(0.,0.,1.));
#1708=DIRECTION('center_axis',(0.,1.,0.));
#1709=DIRECTION('ref_axis',(-1.,0.,0.));
#1710=DIRECTION('',(1.,0.,0.));
#1711=DIRECTION('',(-1.,0.,0.));
#1712=DIRECTION('',(0.,0.,1.));
#1713=DIRECTION('center_axis',(1.,0.,0.));
#1714=DIRECTION('ref_axis',(0.,1.,0.));
#1715=DIRECTION('',(0.,-1.,0.));
#1716=DIRECTION('',(0.,1.,0.));
#1717=DIRECTION('',(0.,0.,1.));
#1718=DIRECTION('center_axis',(0.,-1.,0.));
#1719=DIRECTION('ref_axis',(1.,0.,0.));
#1720=DIRECTION('',(-1.,0.,0.));
#1721=DIRECTION('',(1.,0.,0.));
#1722=DIRECTION('center_axis',(0.,0.,1.));
#1723=DIRECTION('ref_axis',(1.,0.,0.));
#1724=DIRECTION('center_axis',(0.,0.,1.));
#1725=DIRECTION('ref_axis',(-1.,0.,0.));
#1726=DIRECTION('center_axis',(-1.,0.,0.));
#1727=DIRECTION('ref_axis',(0.,-1.,0.));
#1728=DIRECTION('',(0.,1.,0.));
#1729=DIRECTION('',(0.,0.,1.));
#1730=DIRECTION('',(0.,-1.,0.));
#1731=DIRECTION('',(0.,0.,1.));
#1732=DIRECTION('center_axis',(0.,1.,0.));
#1733=DIRECTION('ref_axis',(-1.,0.,0.));
#1734=DIRECTION('',(1.,0.,0.));
#1735=DIRECTION('',(-1.,0.,0.));
#1736=DIRECTION('',(0.,0.,1.));
#1737=DIRECTION('center_axis',(1.,0.,0.));
#1738=DIRECTION('ref_axis',(0.,1.,0.));
#1739=DIRECTION('',(0.,-1.,0.));
#1740=DIRECTION('',(0.,1.,0.));
#1741=DIRECTION('',(0.,0.,1.));
#1742=DIRECTION('center_axis',(0.,-1.,0.));
#1743=DIRECTION('ref_axis',(1.,0.,0.));
#1744=DIRECTION('',(-1.,0.,0.));
#1745=DIRECTION('',(1.,0.,0.));
#1746=DIRECTION('center_axis',(0.,0.,1.));
#1747=DIRECTION('ref_axis',(1.,0.,0.));
#1748=DIRECTION('center_axis',(0.,0.,1.));
#1749=DIRECTION('ref_axis',(-1.,0.,0.));
#1750=DIRECTION('center_axis',(-1.,0.,0.));
#1751=DIRECTION('ref_axis',(0.,-1.,0.));
#1752=DIRECTION('',(0.,1.,0.));
#1753=DIRECTION('',(0.,0.,1.));
#1754=DIRECTION('',(0.,-1.,0.));
#1755=DIRECTION('',(0.,0.,1.));
#1756=DIRECTION('center_axis',(0.,1.,0.));
#1757=DIRECTION('ref_axis',(-1.,0.,0.));
#1758=DIRECTION('',(1.,0.,0.));
#1759=DIRECTION('',(-1.,0.,0.));
#1760=DIRECTION('',(0.,0.,1.));
#1761=DIRECTION('center_axis',(1.,0.,0.));
#1762=DIRECTION('ref_axis',(0.,1.,0.));
#1763=DIRECTION('',(0.,-1.,0.));
#1764=DIRECTION('',(0.,1.,0.));
#1765=DIRECTION('',(0.,0.,1.));
#1766=DIRECTION('center_axis',(0.,-1.,0.));
#1767=DIRECTION('ref_axis',(1.,0.,0.));
#1768=DIRECTION('',(-1.,0.,0.));
#1769=DIRECTION('',(1.,0.,0.));
#1770=DIRECTION('center_axis',(0.,0.,1.));
#1771=DIRECTION('ref_axis',(1.,0.,0.));
#1772=DIRECTION('center_axis',(0.,0.,1.));
#1773=DIRECTION('ref_axis',(-1.,0.,0.));
#1774=DIRECTION('center_axis',(-1.,0.,0.));
#1775=DIRECTION('ref_axis',(0.,-1.,0.));
#1776=DIRECTION('',(0.,1.,0.));
#1777=DIRECTION('',(0.,0.,1.));
#1778=DIRECTION('',(0.,-1.,0.));
#1779=DIRECTION('',(0.,0.,1.));
#1780=DIRECTION('center_axis',(0.,1.,0.));
#1781=DIRECTION('ref_axis',(-1.,0.,0.));
#1782=DIRECTION('',(1.,0.,0.));
#1783=DIRECTION('',(-1.,0.,0.));
#1784=DIRECTION('',(0.,0.,1.));
#1785=DIRECTION('center_axis',(1.,0.,0.));
#1786=DIRECTION('ref_axis',(0.,1.,0.));
#1787=DIRECTION('',(0.,-1.,0.));
#1788=DIRECTION('',(0.,1.,0.));
#1789=DIRECTION('',(0.,0.,1.));
#1790=DIRECTION('center_axis',(0.,-1.,0.));
#1791=DIRECTION('ref_axis',(1.,0.,0.));
#1792=DIRECTION('',(-1.,0.,0.));
#1793=DIRECTION('',(1.,0.,0.));
#1794=DIRECTION('center_axis',(0.,0.,1.));
#1795=DIRECTION('ref_axis',(1.,0.,0.));
#1796=DIRECTION('center_axis',(0.,0.,1.));
#1797=DIRECTION('ref_axis',(-1.,0.,0.));
#1798=DIRECTION('center_axis',(-1.,0.,0.));
#1799=DIRECTION('ref_axis',(0.,-1.,0.));
#1800=DIRECTION('',(0.,1.,0.));
#1801=DIRECTION('',(0.,0.,1.));
#1802=DIRECTION('',(0.,-1.,0.));
#1803=DIRECTION('',(0.,0.,1.));
#1804=DIRECTION('center_axis',(0.,1.,0.));
#1805=DIRECTION('ref_axis',(-1.,0.,0.));
#1806=DIRECTION('',(1.,0.,0.));
#1807=DIRECTION('',(-1.,0.,0.));
#1808=DIRECTION('',(0.,0.,1.));
#1809=DIRECTION('center_axis',(1.,0.,0.));
#1810=DIRECTION('ref_axis',(0.,1.,0.));
#1811=DIRECTION('',(0.,-1.,0.));
#1812=DIRECTION('',(0.,1.,0.));
#1813=DIRECTION('',(0.,0.,1.));
#1814=DIRECTION('center_axis',(0.,-1.,0.));
#1815=DIRECTION('ref_axis',(1.,0.,0.));
#1816=DIRECTION('',(-1.,0.,0.));
#1817=DIRECTION('',(1.,0.,0.));
#1818=DIRECTION('center_axis',(0.,0.,1.));
#1819=DIRECTION('ref_axis',(1.,0.,0.));
#1820=DIRECTION('center_axis',(0.,0.,1.));
#1821=DIRECTION('ref_axis',(-1.,0.,0.));
#1822=DIRECTION('center_axis',(-1.,0.,0.));
#1823=DIRECTION('ref_axis',(0.,-1.,0.));
#1824=DIRECTION('',(0.,1.,0.));
#1825=DIRECTION('',(0.,0.,1.));
#1826=DIRECTION('',(0.,-1.,0.));
#1827=DIRECTION('',(0.,0.,1.));
#1828=DIRECTION('center_axis',(0.,1.,0.));
#1829=DIRECTION('ref_axis',(-1.,0.,0.));
#1830=DIRECTION('',(1.,0.,0.));
#1831=DIRECTION('',(-1.,0.,0.));
#1832=DIRECTION('',(0.,0.,1.));
#1833=DIRECTION('center_axis',(1.,0.,0.));
#1834=DIRECTION('ref_axis',(0.,1.,0.));
#1835=DIRECTION('',(0.,-1.,0.));
#1836=DIRECTION('',(0.,1.,0.));
#1837=DIRECTION('',(0.,0.,1.));
#1838=DIRECTION('center_axis',(0.,-1.,0.));
#1839=DIRECTION('ref_axis',(1.,0.,0.));
#1840=DIRECTION('',(-1.,0.,0.));
#1841=DIRECTION('',(1.,0.,0.));
#1842=DIRECTION('center_axis',(0.,0.,1.));
#1843=DIRECTION('ref_axis',(1.,0.,0.));
#1844=DIRECTION('center_axis',(0.,0.,1.));
#1845=DIRECTION('ref_axis',(-1.,0.,0.));
#1846=DIRECTION('center_axis',(-1.,0.,0.));
#1847=DIRECTION('ref_axis',(0.,-1.,0.));
#1848=DIRECTION('',(0.,1.,0.));
#1849=DIRECTION('',(0.,0.,1.));
#1850=DIRECTION('',(0.,-1.,0.));
#1851=DIRECTION('',(0.,0.,1.));
#1852=DIRECTION('center_axis',(0.,1.,0.));
#1853=DIRECTION('ref_axis',(-1.,0.,0.));
#1854=DIRECTION('',(1.,0.,0.));
#1855=DIRECTION('',(-1.,0.,0.));
#1856=DIRECTION('',(0.,0.,1.));
#1857=DIRECTION('center_axis',(1.,0.,0.));
#1858=DIRECTION('ref_axis',(0.,1.,0.));
#1859=DIRECTION('',(0.,-1.,0.));
#1860=DIRECTION('',(0.,1.,0.));
#1861=DIRECTION('',(0.,0.,1.));
#1862=DIRECTION('center_axis',(0.,-1.,0.));
#1863=DIRECTION('ref_axis',(1.,0.,0.));
#1864=DIRECTION('',(-1.,0.,0.));
#1865=DIRECTION('',(1.,0.,0.));
#1866=DIRECTION('center_axis',(0.,0.,1.));
#1867=DIRECTION('ref_axis',(1.,0.,0.));
#1868=DIRECTION('center_axis',(0.,0.,1.));
#1869=DIRECTION('ref_axis',(-1.,0.,0.));
#1870=DIRECTION('center_axis',(0.,1.,0.));
#1871=DIRECTION('ref_axis',(-1.,0.,0.));
#1872=DIRECTION('',(-1.,0.,0.));
#1873=DIRECTION('',(0.,0.,1.));
#1874=DIRECTION('',(-1.,0.,0.));
#1875=DIRECTION('',(0.,0.,1.));
#1876=DIRECTION('center_axis',(1.,0.,0.));
#1877=DIRECTION('ref_axis',(0.,1.,0.));
#1878=DIRECTION('',(0.,1.,0.));
#1879=DIRECTION('',(0.,1.,0.));
#1880=DIRECTION('',(0.,0.,1.));
#1881=DIRECTION('center_axis',(0.,-1.,0.));
#1882=DIRECTION('ref_axis',(1.,0.,0.));
#1883=DIRECTION('',(1.,0.,0.));
#1884=DIRECTION('',(1.,0.,0.));
#1885=DIRECTION('',(0.,0.,1.));
#1886=DIRECTION('center_axis',(-1.,0.,0.));
#1887=DIRECTION('ref_axis',(0.,-1.,0.));
#1888=DIRECTION('',(0.,-1.,0.));
#1889=DIRECTION('',(0.,-1.,0.));
#1890=DIRECTION('center_axis',(0.,0.,1.));
#1891=DIRECTION('ref_axis',(1.,0.,0.));
#1892=DIRECTION('center_axis',(0.,0.,1.));
#1893=DIRECTION('ref_axis',(-1.,0.,0.));
#1894=DIRECTION('center_axis',(-1.,0.,0.));
#1895=DIRECTION('ref_axis',(0.,-1.,0.));
#1896=DIRECTION('',(0.,1.,0.));
#1897=DIRECTION('',(0.,0.,1.));
#1898=DIRECTION('',(0.,-1.,0.));
#1899=DIRECTION('',(0.,0.,1.));
#1900=DIRECTION('center_axis',(0.,1.,0.));
#1901=DIRECTION('ref_axis',(-1.,0.,0.));
#1902=DIRECTION('',(1.,0.,0.));
#1903=DIRECTION('',(-1.,0.,0.));
#1904=DIRECTION('',(0.,0.,1.));
#1905=DIRECTION('center_axis',(1.,0.,0.));
#1906=DIRECTION('ref_axis',(0.,1.,0.));
#1907=DIRECTION('',(0.,-1.,0.));
#1908=DIRECTION('',(0.,1.,0.));
#1909=DIRECTION('',(0.,0.,1.));
#1910=DIRECTION('center_axis',(0.,-1.,0.));
#1911=DIRECTION('ref_axis',(1.,0.,0.));
#1912=DIRECTION('',(-1.,0.,0.));
#1913=DIRECTION('',(1.,0.,0.));
#1914=DIRECTION('center_axis',(0.,0.,1.));
#1915=DIRECTION('ref_axis',(1.,0.,0.));
#1916=DIRECTION('center_axis',(0.,0.,1.));
#1917=DIRECTION('ref_axis',(-1.,0.,0.));
#1918=DIRECTION('center_axis',(-1.,0.,0.));
#1919=DIRECTION('ref_axis',(0.,-1.,0.));
#1920=DIRECTION('',(0.,1.,0.));
#1921=DIRECTION('',(0.,0.,1.));
#1922=DIRECTION('',(0.,-1.,0.));
#1923=DIRECTION('',(0.,0.,1.));
#1924=DIRECTION('center_axis',(0.,1.,0.));
#1925=DIRECTION('ref_axis',(-1.,0.,0.));
#1926=DIRECTION('',(1.,0.,0.));
#1927=DIRECTION('',(-1.,0.,0.));
#1928=DIRECTION('',(0.,0.,1.));
#1929=DIRECTION('center_axis',(1.,0.,0.));
#1930=DIRECTION('ref_axis',(0.,1.,0.));
#1931=DIRECTION('',(0.,-1.,0.));
#1932=DIRECTION('',(0.,1.,0.));
#1933=DIRECTION('',(0.,0.,1.));
#1934=DIRECTION('center_axis',(0.,-1.,0.));
#1935=DIRECTION('ref_axis',(1.,0.,0.));
#1936=DIRECTION('',(-1.,0.,0.));
#1937=DIRECTION('',(1.,0.,0.));
#1938=DIRECTION('center_axis',(0.,0.,1.));
#1939=DIRECTION('ref_axis',(1.,0.,0.));
#1940=DIRECTION('center_axis',(0.,0.,1.));
#1941=DIRECTION('ref_axis',(-1.,0.,0.));
#1942=DIRECTION('center_axis',(0.,1.,0.));
#1943=DIRECTION('ref_axis',(0.,0.,-1.));
#1944=DIRECTION('center_axis',(0.,1.,0.));
#1945=DIRECTION('ref_axis',(1.,0.,0.));
#1946=DIRECTION('center_axis',(1.,0.,-2.22044604925031E-16));
#1947=DIRECTION('ref_axis',(2.22044604925031E-16,0.,1.));
#1948=DIRECTION('center_axis',(0.,1.,0.));
#1949=DIRECTION('ref_axis',(1.,0.,0.));
#1950=DIRECTION('center_axis',(0.,1.,0.));
#1951=DIRECTION('ref_axis',(1.,0.,0.));
#1952=DIRECTION('',(0.,-1.,0.));
#1953=DIRECTION('center_axis',(0.,1.,0.));
#1954=DIRECTION('ref_axis',(1.,0.,0.));
#1955=DIRECTION('center_axis',(0.,1.,0.));
#1956=DIRECTION('ref_axis',(1.,0.,0.));
#1957=DIRECTION('center_axis',(0.,1.,0.));
#1958=DIRECTION('ref_axis',(0.,0.,-1.));
#1959=DIRECTION('center_axis',(0.,1.,0.));
#1960=DIRECTION('ref_axis',(1.,0.,0.));
#1961=DIRECTION('center_axis',(1.,0.,-2.22044604925031E-16));
#1962=DIRECTION('ref_axis',(2.22044604925031E-16,0.,1.));
#1963=DIRECTION('center_axis',(0.,1.,0.));
#1964=DIRECTION('ref_axis',(1.,0.,0.));
#1965=DIRECTION('center_axis',(0.,1.,0.));
#1966=DIRECTION('ref_axis',(1.,0.,0.));
#1967=DIRECTION('',(0.,-1.,0.));
#1968=DIRECTION('center_axis',(0.,1.,0.));
#1969=DIRECTION('ref_axis',(1.,0.,0.));
#1970=DIRECTION('center_axis',(0.,1.,0.));
#1971=DIRECTION('ref_axis',(1.,0.,0.));
#1972=DIRECTION('center_axis',(-1.,0.,0.));
#1973=DIRECTION('ref_axis',(0.,-1.,0.));
#1974=DIRECTION('',(0.,1.,0.));
#1975=DIRECTION('',(0.,0.,1.));
#1976=DIRECTION('',(0.,-1.,0.));
#1977=DIRECTION('',(0.,0.,1.));
#1978=DIRECTION('center_axis',(0.,1.,0.));
#1979=DIRECTION('ref_axis',(-1.,0.,0.));
#1980=DIRECTION('',(1.,0.,0.));
#1981=DIRECTION('',(-1.,0.,0.));
#1982=DIRECTION('',(0.,0.,1.));
#1983=DIRECTION('center_axis',(1.,0.,0.));
#1984=DIRECTION('ref_axis',(0.,1.,0.));
#1985=DIRECTION('',(0.,-1.,0.));
#1986=DIRECTION('',(0.,1.,0.));
#1987=DIRECTION('',(0.,0.,1.));
#1988=DIRECTION('center_axis',(0.,-1.,0.));
#1989=DIRECTION('ref_axis',(1.,0.,0.));
#1990=DIRECTION('',(-1.,0.,0.));
#1991=DIRECTION('',(1.,0.,0.));
#1992=DIRECTION('center_axis',(0.,0.,1.));
#1993=DIRECTION('ref_axis',(1.,0.,0.));
#1994=DIRECTION('center_axis',(0.,0.,1.));
#1995=DIRECTION('ref_axis',(-1.,0.,0.));
#1996=DIRECTION('center_axis',(-1.,0.,0.));
#1997=DIRECTION('ref_axis',(0.,-1.,0.));
#1998=DIRECTION('',(0.,1.,0.));
#1999=DIRECTION('',(0.,0.,1.));
#2000=DIRECTION('',(0.,-1.,0.));
#2001=DIRECTION('',(0.,0.,1.));
#2002=DIRECTION('center_axis',(0.,1.,0.));
#2003=DIRECTION('ref_axis',(-1.,0.,0.));
#2004=DIRECTION('',(1.,0.,0.));
#2005=DIRECTION('',(-1.,0.,0.));
#2006=DIRECTION('',(0.,0.,1.));
#2007=DIRECTION('center_axis',(1.,0.,0.));
#2008=DIRECTION('ref_axis',(0.,1.,0.));
#2009=DIRECTION('',(0.,-1.,0.));
#2010=DIRECTION('',(0.,1.,0.));
#2011=DIRECTION('',(0.,0.,1.));
#2012=DIRECTION('center_axis',(0.,-1.,0.));
#2013=DIRECTION('ref_axis',(1.,0.,0.));
#2014=DIRECTION('',(-1.,0.,0.));
#2015=DIRECTION('',(1.,0.,0.));
#2016=DIRECTION('center_axis',(0.,0.,1.));
#2017=DIRECTION('ref_axis',(1.,0.,0.));
#2018=DIRECTION('center_axis',(0.,0.,1.));
#2019=DIRECTION('ref_axis',(-1.,0.,0.));
#2020=DIRECTION('center_axis',(-1.,0.,0.));
#2021=DIRECTION('ref_axis',(0.,-1.,0.));
#2022=DIRECTION('',(0.,1.,0.));
#2023=DIRECTION('',(0.,0.,1.));
#2024=DIRECTION('',(0.,-1.,0.));
#2025=DIRECTION('',(0.,0.,1.));
#2026=DIRECTION('center_axis',(0.,1.,0.));
#2027=DIRECTION('ref_axis',(-1.,0.,0.));
#2028=DIRECTION('',(1.,0.,0.));
#2029=DIRECTION('',(-1.,0.,0.));
#2030=DIRECTION('',(0.,0.,1.));
#2031=DIRECTION('center_axis',(1.,0.,0.));
#2032=DIRECTION('ref_axis',(0.,1.,0.));
#2033=DIRECTION('',(0.,-1.,0.));
#2034=DIRECTION('',(0.,1.,0.));
#2035=DIRECTION('',(0.,0.,1.));
#2036=DIRECTION('center_axis',(0.,-1.,0.));
#2037=DIRECTION('ref_axis',(1.,0.,0.));
#2038=DIRECTION('',(-1.,0.,0.));
#2039=DIRECTION('',(1.,0.,0.));
#2040=DIRECTION('center_axis',(0.,0.,1.));
#2041=DIRECTION('ref_axis',(1.,0.,0.));
#2042=DIRECTION('center_axis',(0.,0.,1.));
#2043=DIRECTION('ref_axis',(-1.,0.,0.));
#2044=DIRECTION('center_axis',(-1.,0.,0.));
#2045=DIRECTION('ref_axis',(0.,-1.,0.));
#2046=DIRECTION('',(0.,1.,0.));
#2047=DIRECTION('',(0.,0.,1.));
#2048=DIRECTION('',(0.,-1.,0.));
#2049=DIRECTION('',(0.,0.,1.));
#2050=DIRECTION('center_axis',(0.,1.,0.));
#2051=DIRECTION('ref_axis',(-1.,0.,0.));
#2052=DIRECTION('',(1.,0.,0.));
#2053=DIRECTION('',(-1.,0.,0.));
#2054=DIRECTION('',(0.,0.,1.));
#2055=DIRECTION('center_axis',(1.,0.,0.));
#2056=DIRECTION('ref_axis',(0.,1.,0.));
#2057=DIRECTION('',(0.,-1.,0.));
#2058=DIRECTION('',(0.,1.,0.));
#2059=DIRECTION('',(0.,0.,1.));
#2060=DIRECTION('center_axis',(0.,-1.,0.));
#2061=DIRECTION('ref_axis',(1.,0.,0.));
#2062=DIRECTION('',(-1.,0.,0.));
#2063=DIRECTION('',(1.,0.,0.));
#2064=DIRECTION('center_axis',(0.,0.,1.));
#2065=DIRECTION('ref_axis',(1.,0.,0.));
#2066=DIRECTION('center_axis',(0.,0.,1.));
#2067=DIRECTION('ref_axis',(-1.,0.,0.));
#2068=DIRECTION('',(0.,0.,1.));
#2069=DIRECTION('',(1.,0.,0.));
#2070=CARTESIAN_POINT('',(0.,0.,0.));
#2071=CARTESIAN_POINT('',(0.,0.,0.));
#2072=CARTESIAN_POINT('Origin',(0.,-9.00000013411045,1.52));
#2073=CARTESIAN_POINT('',(1.5,-9.00000013411045,1.52));
#2074=CARTESIAN_POINT('Origin',(0.,-9.00000013411045,1.52));
#2075=CARTESIAN_POINT('',(1.5,-9.00000013411045,0.));
#2076=CARTESIAN_POINT('',(1.5,-9.00000013411045,1.52));
#2077=CARTESIAN_POINT('Origin',(0.,-9.00000013411045,0.));
#2078=CARTESIAN_POINT('Origin',(7.1,15.75,0.));
#2079=CARTESIAN_POINT('',(7.1,15.75,0.));
#2080=CARTESIAN_POINT('',(-7.1,15.75,0.));
#2081=CARTESIAN_POINT('',(7.1,15.75,0.));
#2082=CARTESIAN_POINT('',(-7.1,15.75,1.52));
#2083=CARTESIAN_POINT('',(-7.1,15.75,0.));
#2084=CARTESIAN_POINT('',(7.1,15.75,1.52));
#2085=CARTESIAN_POINT('',(7.1,15.75,1.52));
#2086=CARTESIAN_POINT('',(7.1,15.75,0.));
#2087=CARTESIAN_POINT('Origin',(7.1,-15.75,0.));
#2088=CARTESIAN_POINT('',(7.1,-15.75,0.));
#2089=CARTESIAN_POINT('',(7.1,-15.75,0.));
#2090=CARTESIAN_POINT('',(7.1,-15.75,1.52));
#2091=CARTESIAN_POINT('',(7.1,-15.75,1.52));
#2092=CARTESIAN_POINT('',(7.1,-15.75,0.));
#2093=CARTESIAN_POINT('Origin',(-7.1,-15.75,0.));
#2094=CARTESIAN_POINT('',(-7.1,-15.75,0.));
#2095=CARTESIAN_POINT('',(-7.1,-15.75,0.));
#2096=CARTESIAN_POINT('',(-7.1,-15.75,1.52));
#2097=CARTESIAN_POINT('',(-7.1,-15.75,1.52));
#2098=CARTESIAN_POINT('',(-7.1,-15.75,0.));
#2099=CARTESIAN_POINT('Origin',(-7.1,15.75,0.));
#2100=CARTESIAN_POINT('',(-7.1,15.75,0.));
#2101=CARTESIAN_POINT('',(-7.1,15.75,1.52));
#2102=CARTESIAN_POINT('Origin',(0.,0.,1.52));
#2103=CARTESIAN_POINT('Origin',(0.,0.,0.));
#2104=CARTESIAN_POINT('Origin',(-0.736318278635115,8.13496067319923,1.52));
#2105=CARTESIAN_POINT('',(-0.736318278635115,6.00000008940697,1.52));
#2106=CARTESIAN_POINT('',(-0.736318278635115,8.13496067319923,1.52));
#2107=CARTESIAN_POINT('',(-0.736318278635115,6.00000008940697,1.52));
#2108=CARTESIAN_POINT('',(-0.736318278635115,6.00000008940697,2.02));
#2109=CARTESIAN_POINT('',(-0.736318278635115,6.00000008940697,1.52));
#2110=CARTESIAN_POINT('',(-0.736318278635115,8.13496067319923,2.02));
#2111=CARTESIAN_POINT('',(-0.736318278635115,6.00000008940697,2.02));
#2112=CARTESIAN_POINT('',(-0.736318278635115,8.13496067319923,1.52));
#2113=CARTESIAN_POINT('Origin',(0.682068099797395,8.13496067319923,1.52));
#2114=CARTESIAN_POINT('',(0.682068099797395,8.13496067319923,1.52));
#2115=CARTESIAN_POINT('',(-0.736318278635115,8.13496067319923,1.52));
#2116=CARTESIAN_POINT('',(0.682068099797395,8.13496067319923,2.02));
#2117=CARTESIAN_POINT('',(-0.736318278635115,8.13496067319923,2.02));
#2118=CARTESIAN_POINT('',(0.682068099797395,8.13496067319923,1.52));
#2119=CARTESIAN_POINT('Origin',(0.682068099797395,6.00000008940697,1.52));
#2120=CARTESIAN_POINT('',(0.682068099797395,6.00000008940697,1.52));
#2121=CARTESIAN_POINT('',(0.682068099797395,8.13496067319923,1.52));
#2122=CARTESIAN_POINT('',(0.682068099797395,6.00000008940697,2.02));
#2123=CARTESIAN_POINT('',(0.682068099797395,8.13496067319923,2.02));
#2124=CARTESIAN_POINT('',(0.682068099797395,6.00000008940697,1.52));
#2125=CARTESIAN_POINT('Origin',(-0.736318278635115,6.00000008940697,1.52));
#2126=CARTESIAN_POINT('',(0.682068099797395,6.00000008940697,1.52));
#2127=CARTESIAN_POINT('',(0.682068099797395,6.00000008940697,2.02));
#2128=CARTESIAN_POINT('Origin',(-0.0271250894188602,7.0674803813031,2.02));
#2129=CARTESIAN_POINT('Origin',(-0.0271250894188602,7.0674803813031,1.52));
#2130=CARTESIAN_POINT('Origin',(2.09175769170694,-4.4212975679269,1.52));
#2131=CARTESIAN_POINT('',(2.09175769170694,-5.67768325312121,1.52));
#2132=CARTESIAN_POINT('',(2.09175769170694,-4.4212975679269,1.52));
#2133=CARTESIAN_POINT('',(2.09175769170694,-5.67768325312121,1.52));
#2134=CARTESIAN_POINT('',(2.09175769170694,-5.67768325312121,2.02));
#2135=CARTESIAN_POINT('',(2.09175769170694,-5.67768325312121,1.52));
#2136=CARTESIAN_POINT('',(2.09175769170694,-4.4212975679269,2.02));
#2137=CARTESIAN_POINT('',(2.09175769170694,-5.67768325312121,2.02));
#2138=CARTESIAN_POINT('',(2.09175769170694,-4.4212975679269,1.52));
#2139=CARTESIAN_POINT('Origin',(4.2031836348807,-4.4212975679269,1.52));
#2140=CARTESIAN_POINT('',(4.2031836348807,-4.4212975679269,1.52));
#2141=CARTESIAN_POINT('',(2.09175769170694,-4.4212975679269,1.52));
#2142=CARTESIAN_POINT('',(4.2031836348807,-4.4212975679269,2.02));
#2143=CARTESIAN_POINT('',(2.09175769170694,-4.4212975679269,2.02));
#2144=CARTESIAN_POINT('',(4.2031836348807,-4.4212975679269,1.52));
#2145=CARTESIAN_POINT('Origin',(4.2031836348807,-5.67768325312121,1.52));
#2146=CARTESIAN_POINT('',(4.2031836348807,-5.67768325312121,1.52));
#2147=CARTESIAN_POINT('',(4.2031836348807,-4.4212975679269,1.52));
#2148=CARTESIAN_POINT('',(4.2031836348807,-5.67768325312121,2.02));
#2149=CARTESIAN_POINT('',(4.2031836348807,-4.4212975679269,2.02));
#2150=CARTESIAN_POINT('',(4.2031836348807,-5.67768325312121,1.52));
#2151=CARTESIAN_POINT('Origin',(2.09175769170694,-5.67768325312121,1.52));
#2152=CARTESIAN_POINT('',(4.2031836348807,-5.67768325312121,1.52));
#2153=CARTESIAN_POINT('',(4.2031836348807,-5.67768325312121,2.02));
#2154=CARTESIAN_POINT('Origin',(3.14747066329382,-5.04949041052405,2.02));
#2155=CARTESIAN_POINT('Origin',(3.14747066329382,-5.04949041052405,1.52));
#2156=CARTESIAN_POINT('Origin',(-4.15527113189809,-4.36894816437714,1.52));
#2157=CARTESIAN_POINT('',(-4.15527113189809,-5.69513305430446,1.52));
#2158=CARTESIAN_POINT('',(-4.15527113189809,-4.36894816437714,1.52));
#2159=CARTESIAN_POINT('',(-4.15527113189809,-5.69513305430446,1.52));
#2160=CARTESIAN_POINT('',(-4.15527113189809,-5.69513305430446,2.02));
#2161=CARTESIAN_POINT('',(-4.15527113189809,-5.69513305430446,1.52));
#2162=CARTESIAN_POINT('',(-4.15527113189809,-4.36894816437714,2.02));
#2163=CARTESIAN_POINT('',(-4.15527113189809,-5.69513305430446,2.02));
#2164=CARTESIAN_POINT('',(-4.15527113189809,-4.36894816437714,1.52));
#2165=CARTESIAN_POINT('Origin',(-2.1659937970071,-4.36894816437714,1.52));
#2166=CARTESIAN_POINT('',(-2.1659937970071,-4.36894816437714,1.52));
#2167=CARTESIAN_POINT('',(-4.15527113189809,-4.36894816437714,1.52));
#2168=CARTESIAN_POINT('',(-2.1659937970071,-4.36894816437714,2.02));
#2169=CARTESIAN_POINT('',(-4.15527113189809,-4.36894816437714,2.02));
#2170=CARTESIAN_POINT('',(-2.1659937970071,-4.36894816437714,1.52));
#2171=CARTESIAN_POINT('Origin',(-2.1659937970071,-5.69513305430446,1.52));
#2172=CARTESIAN_POINT('',(-2.1659937970071,-5.69513305430446,1.52));
#2173=CARTESIAN_POINT('',(-2.1659937970071,-4.36894816437714,1.52));
#2174=CARTESIAN_POINT('',(-2.1659937970071,-5.69513305430446,2.02));
#2175=CARTESIAN_POINT('',(-2.1659937970071,-4.36894816437714,2.02));
#2176=CARTESIAN_POINT('',(-2.1659937970071,-5.69513305430446,1.52));
#2177=CARTESIAN_POINT('Origin',(-4.15527113189809,-5.69513305430446,1.52));
#2178=CARTESIAN_POINT('',(-2.1659937970071,-5.69513305430446,1.52));
#2179=CARTESIAN_POINT('',(-2.1659937970071,-5.69513305430446,2.02));
#2180=CARTESIAN_POINT('Origin',(-3.16063246445259,-5.0320406093408,2.02));
#2181=CARTESIAN_POINT('Origin',(-3.16063246445259,-5.0320406093408,1.52));
#2182=CARTESIAN_POINT('Origin',(-3.3647939729875,8.13496067319923,1.52));
#2183=CARTESIAN_POINT('',(-3.3647939729875,6.00000008940697,1.52));
#2184=CARTESIAN_POINT('',(-3.3647939729875,8.13496067319923,1.52));
#2185=CARTESIAN_POINT('',(-3.3647939729875,6.00000008940697,1.52));
#2186=CARTESIAN_POINT('',(-3.3647939729875,6.00000008940697,2.02));
#2187=CARTESIAN_POINT('',(-3.3647939729875,6.00000008940697,1.52));
#2188=CARTESIAN_POINT('',(-3.3647939729875,8.13496067319923,2.02));
#2189=CARTESIAN_POINT('',(-3.3647939729875,6.00000008940697,2.02));
#2190=CARTESIAN_POINT('',(-3.3647939729875,8.13496067319923,1.52));
#2191=CARTESIAN_POINT('Origin',(-2.0996356794617,8.13496067319923,1.52));
#2192=CARTESIAN_POINT('',(-2.0996356794617,8.13496067319923,1.52));
#2193=CARTESIAN_POINT('',(-3.3647939729875,8.13496067319923,1.52));
#2194=CARTESIAN_POINT('',(-2.0996356794617,8.13496067319923,2.02));
#2195=CARTESIAN_POINT('',(-3.3647939729875,8.13496067319923,2.02));
#2196=CARTESIAN_POINT('',(-2.0996356794617,8.13496067319923,1.52));
#2197=CARTESIAN_POINT('Origin',(-2.0996356794617,6.00000008940697,1.52));
#2198=CARTESIAN_POINT('',(-2.0996356794617,6.00000008940697,1.52));
#2199=CARTESIAN_POINT('',(-2.0996356794617,8.13496067319923,1.52));
#2200=CARTESIAN_POINT('',(-2.0996356794617,6.00000008940697,2.02));
#2201=CARTESIAN_POINT('',(-2.0996356794617,8.13496067319923,2.02));
#2202=CARTESIAN_POINT('',(-2.0996356794617,6.00000008940697,1.52));
#2203=CARTESIAN_POINT('Origin',(-3.3647939729875,6.00000008940697,1.52));
#2204=CARTESIAN_POINT('',(-2.0996356794617,6.00000008940697,1.52));
#2205=CARTESIAN_POINT('',(-2.0996356794617,6.00000008940697,2.02));
#2206=CARTESIAN_POINT('Origin',(-2.7322148262246,7.0674803813031,2.02));
#2207=CARTESIAN_POINT('Origin',(-2.7322148262246,7.0674803813031,1.52));
#2208=CARTESIAN_POINT('Origin',(2.0061473018316,8.13496067319923,1.52));
#2209=CARTESIAN_POINT('',(2.0061473018316,6.18970752625268,1.52));
#2210=CARTESIAN_POINT('',(2.0061473018316,8.13496067319923,1.52));
#2211=CARTESIAN_POINT('',(2.0061473018316,6.18970752625268,1.52));
#2212=CARTESIAN_POINT('',(2.0061473018316,6.18970752625268,2.02));
#2213=CARTESIAN_POINT('',(2.0061473018316,6.18970752625268,1.52));
#2214=CARTESIAN_POINT('',(2.0061473018316,8.13496067319923,2.02));
#2215=CARTESIAN_POINT('',(2.0061473018316,6.18970752625268,2.02));
#2216=CARTESIAN_POINT('',(2.0061473018316,8.13496067319923,1.52));
#2217=CARTESIAN_POINT('Origin',(3.27560491898604,8.13496067319923,1.52));
#2218=CARTESIAN_POINT('',(3.27560491898604,8.13496067319923,1.52));
#2219=CARTESIAN_POINT('',(2.0061473018316,8.13496067319923,1.52));
#2220=CARTESIAN_POINT('',(3.27560491898604,8.13496067319923,2.02));
#2221=CARTESIAN_POINT('',(2.0061473018316,8.13496067319923,2.02));
#2222=CARTESIAN_POINT('',(3.27560491898604,8.13496067319923,1.52));
#2223=CARTESIAN_POINT('Origin',(3.27560491898604,6.18970752625268,1.52));
#2224=CARTESIAN_POINT('',(3.27560491898604,6.18970752625268,1.52));
#2225=CARTESIAN_POINT('',(3.27560491898604,8.13496067319923,1.52));
#2226=CARTESIAN_POINT('',(3.27560491898604,6.18970752625268,2.02));
#2227=CARTESIAN_POINT('',(3.27560491898604,8.13496067319923,2.02));
#2228=CARTESIAN_POINT('',(3.27560491898604,6.18970752625268,1.52));
#2229=CARTESIAN_POINT('Origin',(2.0061473018316,6.18970752625268,1.52));
#2230=CARTESIAN_POINT('',(3.27560491898604,6.18970752625268,1.52));
#2231=CARTESIAN_POINT('',(3.27560491898604,6.18970752625268,2.02));
#2232=CARTESIAN_POINT('Origin',(2.64087611040882,7.16233409972596,2.02));
#2233=CARTESIAN_POINT('Origin',(2.64087611040882,7.16233409972596,1.52));
#2234=CARTESIAN_POINT('Origin',(3.05149675678592,-7.181847847393,1.52));
#2235=CARTESIAN_POINT('',(3.05149675678592,-10.7931404232181,1.52));
#2236=CARTESIAN_POINT('',(3.05149675678592,-7.181847847393,1.52));
#2237=CARTESIAN_POINT('',(3.05149675678592,-10.7931404232181,1.52));
#2238=CARTESIAN_POINT('',(3.05149675678592,-10.7931404232181,2.02));
#2239=CARTESIAN_POINT('',(3.05149675678592,-10.7931404232181,1.52));
#2240=CARTESIAN_POINT('',(3.05149675678592,-7.181847847393,2.02));
#2241=CARTESIAN_POINT('',(3.05149675678592,-10.7931404232181,2.02));
#2242=CARTESIAN_POINT('',(3.05149675678592,-7.181847847393,1.52));
#2243=CARTESIAN_POINT('Origin',(5.00000007450581,-7.181847847393,1.52));
#2244=CARTESIAN_POINT('',(5.00000007450581,-7.181847847393,1.52));
#2245=CARTESIAN_POINT('',(3.05149675678592,-7.181847847393,1.52));
#2246=CARTESIAN_POINT('',(5.00000007450581,-7.181847847393,2.02));
#2247=CARTESIAN_POINT('',(3.05149675678592,-7.181847847393,2.02));
#2248=CARTESIAN_POINT('',(5.00000007450581,-7.181847847393,1.52));
#2249=CARTESIAN_POINT('Origin',(5.00000007450581,-10.7931404232181,1.52));
#2250=CARTESIAN_POINT('',(5.00000007450581,-10.7931404232181,1.52));
#2251=CARTESIAN_POINT('',(5.00000007450581,-7.181847847393,1.52));
#2252=CARTESIAN_POINT('',(5.00000007450581,-10.7931404232181,2.02));
#2253=CARTESIAN_POINT('',(5.00000007450581,-7.181847847393,2.02));
#2254=CARTESIAN_POINT('',(5.00000007450581,-10.7931404232181,1.52));
#2255=CARTESIAN_POINT('Origin',(3.05149675678592,-10.7931404232181,1.52));
#2256=CARTESIAN_POINT('',(5.00000007450581,-10.7931404232181,1.52));
#2257=CARTESIAN_POINT('',(5.00000007450581,-10.7931404232181,2.02));
#2258=CARTESIAN_POINT('Origin',(4.02574841564586,-8.98749413530557,2.02));
#2259=CARTESIAN_POINT('Origin',(4.02574841564586,-8.98749413530557,1.52));
#2260=CARTESIAN_POINT('Origin',(-5.01751170810763,-7.181847847393,1.52));
#2261=CARTESIAN_POINT('',(-5.01751170810763,-10.7931404232181,1.52));
#2262=CARTESIAN_POINT('',(-5.01751170810763,-7.181847847393,1.52));
#2263=CARTESIAN_POINT('',(-5.01751170810763,-10.7931404232181,1.52));
#2264=CARTESIAN_POINT('',(-5.01751170810763,-10.7931404232181,2.02));
#2265=CARTESIAN_POINT('',(-5.01751170810763,-10.7931404232181,1.52));
#2266=CARTESIAN_POINT('',(-5.01751170810763,-7.181847847393,2.02));
#2267=CARTESIAN_POINT('',(-5.01751170810763,-10.7931404232181,2.02));
#2268=CARTESIAN_POINT('',(-5.01751170810763,-7.181847847393,1.52));
#2269=CARTESIAN_POINT('Origin',(-3.11958232894201,-7.181847847393,1.52));
#2270=CARTESIAN_POINT('',(-3.11958232894201,-7.181847847393,1.52));
#2271=CARTESIAN_POINT('',(-5.01751170810763,-7.181847847393,1.52));
#2272=CARTESIAN_POINT('',(-3.11958232894201,-7.181847847393,2.02));
#2273=CARTESIAN_POINT('',(-5.01751170810763,-7.181847847393,2.02));
#2274=CARTESIAN_POINT('',(-3.11958232894201,-7.181847847393,1.52));
#2275=CARTESIAN_POINT('Origin',(-3.11958232894201,-10.7931404232181,1.52));
#2276=CARTESIAN_POINT('',(-3.11958232894201,-10.7931404232181,1.52));
#2277=CARTESIAN_POINT('',(-3.11958232894201,-7.181847847393,1.52));
#2278=CARTESIAN_POINT('',(-3.11958232894201,-10.7931404232181,2.02));
#2279=CARTESIAN_POINT('',(-3.11958232894201,-7.181847847393,2.02));
#2280=CARTESIAN_POINT('',(-3.11958232894201,-10.7931404232181,1.52));
#2281=CARTESIAN_POINT('Origin',(-5.01751170810763,-10.7931404232181,1.52));
#2282=CARTESIAN_POINT('',(-3.11958232894201,-10.7931404232181,1.52));
#2283=CARTESIAN_POINT('',(-3.11958232894201,-10.7931404232181,2.02));
#2284=CARTESIAN_POINT('Origin',(-4.06854701852482,-8.98749413530557,2.02));
#2285=CARTESIAN_POINT('Origin',(-4.06854701852482,-8.98749413530557,1.52));
#2286=CARTESIAN_POINT('Origin',(-4.82899005517104,8.13496067319923,1.52));
#2287=CARTESIAN_POINT('',(-4.82899005517104,8.13496067319923,1.52));
#2288=CARTESIAN_POINT('',(-6.17867778055695,8.13496067319923,1.52));
#2289=CARTESIAN_POINT('',(-4.82899005517104,8.13496067319923,1.52));
#2290=CARTESIAN_POINT('',(-6.17867778055695,8.13496067319923,2.02));
#2291=CARTESIAN_POINT('',(-6.17867778055695,8.13496067319923,1.52));
#2292=CARTESIAN_POINT('',(-4.82899005517104,8.13496067319923,2.02));
#2293=CARTESIAN_POINT('',(-4.82899005517104,8.13496067319923,2.02));
#2294=CARTESIAN_POINT('',(-4.82899005517104,8.13496067319923,1.52));
#2295=CARTESIAN_POINT('Origin',(-4.82899005517104,6.00000008940697,1.52));
#2296=CARTESIAN_POINT('',(-4.82899005517104,6.00000008940697,1.52));
#2297=CARTESIAN_POINT('',(-4.82899005517104,6.00000008940697,1.52));
#2298=CARTESIAN_POINT('',(-4.82899005517104,6.00000008940697,2.02));
#2299=CARTESIAN_POINT('',(-4.82899005517104,6.00000008940697,2.02));
#2300=CARTESIAN_POINT('',(-4.82899005517104,6.00000008940697,1.52));
#2301=CARTESIAN_POINT('Origin',(-6.17867778055695,6.00000008940697,1.52));
#2302=CARTESIAN_POINT('',(-6.17867778055695,6.00000008940697,1.52));
#2303=CARTESIAN_POINT('',(-6.17867778055695,6.00000008940697,1.52));
#2304=CARTESIAN_POINT('',(-6.17867778055695,6.00000008940697,2.02));
#2305=CARTESIAN_POINT('',(-6.17867778055695,6.00000008940697,2.02));
#2306=CARTESIAN_POINT('',(-6.17867778055695,6.00000008940697,1.52));
#2307=CARTESIAN_POINT('Origin',(-6.17867778055695,8.13496067319923,1.52));
#2308=CARTESIAN_POINT('',(-6.17867778055695,8.13496067319923,1.52));
#2309=CARTESIAN_POINT('',(-6.17867778055695,8.13496067319923,2.02));
#2310=CARTESIAN_POINT('Origin',(-5.503833917864,7.0674803813031,2.02));
#2311=CARTESIAN_POINT('Origin',(-5.503833917864,7.0674803813031,1.52));
#2312=CARTESIAN_POINT('Origin',(4.85771949687152,8.13496067319923,1.52));
#2313=CARTESIAN_POINT('',(4.85771949687152,6.20156424105553,1.52));
#2314=CARTESIAN_POINT('',(4.85771949687152,8.13496067319923,1.52));
#2315=CARTESIAN_POINT('',(4.85771949687152,6.20156424105553,1.52));
#2316=CARTESIAN_POINT('',(4.85771949687152,6.20156424105553,2.02));
#2317=CARTESIAN_POINT('',(4.85771949687152,6.20156424105553,1.52));
#2318=CARTESIAN_POINT('',(4.85771949687152,8.13496067319923,2.02));
#2319=CARTESIAN_POINT('',(4.85771949687152,6.20156424105553,2.02));
#2320=CARTESIAN_POINT('',(4.85771949687152,8.13496067319923,1.52));
#2321=CARTESIAN_POINT('Origin',(6.10429003163973,8.13496067319923,1.52));
#2322=CARTESIAN_POINT('',(6.10429003163973,8.13496067319923,1.52));
#2323=CARTESIAN_POINT('',(4.85771949687152,8.13496067319923,1.52));
#2324=CARTESIAN_POINT('',(6.10429003163973,8.13496067319923,2.02));
#2325=CARTESIAN_POINT('',(4.85771949687152,8.13496067319923,2.02));
#2326=CARTESIAN_POINT('',(6.10429003163973,8.13496067319923,1.52));
#2327=CARTESIAN_POINT('Origin',(6.10429003163973,6.20156424105553,1.52));
#2328=CARTESIAN_POINT('',(6.10429003163973,6.20156424105553,1.52));
#2329=CARTESIAN_POINT('',(6.10429003163973,8.13496067319923,1.52));
#2330=CARTESIAN_POINT('',(6.10429003163973,6.20156424105553,2.02));
#2331=CARTESIAN_POINT('',(6.10429003163973,8.13496067319923,2.02));
#2332=CARTESIAN_POINT('',(6.10429003163973,6.20156424105553,1.52));
#2333=CARTESIAN_POINT('Origin',(4.85771949687152,6.20156424105553,1.52));
#2334=CARTESIAN_POINT('',(6.10429003163973,6.20156424105553,1.52));
#2335=CARTESIAN_POINT('',(6.10429003163973,6.20156424105553,2.02));
#2336=CARTESIAN_POINT('Origin',(5.48100476425563,7.16826245712738,2.02));
#2337=CARTESIAN_POINT('Origin',(5.48100476425563,7.16826245712738,1.52));
#2338=CARTESIAN_POINT('Origin',(-6.50901002082536,2.30395449194339,1.52));
#2339=CARTESIAN_POINT('',(-6.50901002082536,-1.60847232815676,1.52));
#2340=CARTESIAN_POINT('',(-6.50901002082536,2.30395449194339,1.52));
#2341=CARTESIAN_POINT('',(-6.50901002082536,-1.60847232815676,1.52));
#2342=CARTESIAN_POINT('',(-6.50901002082536,-1.60847232815676,2.52));
#2343=CARTESIAN_POINT('',(-6.50901002082536,-1.60847232815676,1.52));
#2344=CARTESIAN_POINT('',(-6.50901002082536,2.30395449194339,2.52));
#2345=CARTESIAN_POINT('',(-6.50901002082536,-1.60847232815676,2.52));
#2346=CARTESIAN_POINT('',(-6.50901002082536,2.30395449194339,1.52));
#2347=CARTESIAN_POINT('Origin',(-1.4782274977484,2.30395449194339,1.52));
#2348=CARTESIAN_POINT('',(-1.4782274977484,2.30395449194339,1.52));
#2349=CARTESIAN_POINT('',(-6.50901002082536,2.30395449194339,1.52));
#2350=CARTESIAN_POINT('',(-1.4782274977484,2.30395449194339,2.52));
#2351=CARTESIAN_POINT('',(-6.50901002082536,2.30395449194339,2.52));
#2352=CARTESIAN_POINT('',(-1.4782274977484,2.30395449194339,1.52));
#2353=CARTESIAN_POINT('Origin',(-1.4782274977484,-1.60847232815676,1.52));
#2354=CARTESIAN_POINT('',(-1.4782274977484,-1.60847232815676,1.52));
#2355=CARTESIAN_POINT('',(-1.4782274977484,2.30395449194339,1.52));
#2356=CARTESIAN_POINT('',(-1.4782274977484,-1.60847232815676,2.52));
#2357=CARTESIAN_POINT('',(-1.4782274977484,2.30395449194339,2.52));
#2358=CARTESIAN_POINT('',(-1.4782274977484,-1.60847232815676,1.52));
#2359=CARTESIAN_POINT('Origin',(-6.50901002082536,-1.60847232815676,1.52));
#2360=CARTESIAN_POINT('',(-1.4782274977484,-1.60847232815676,1.52));
#2361=CARTESIAN_POINT('',(-1.4782274977484,-1.60847232815676,2.52));
#2362=CARTESIAN_POINT('Origin',(-3.99361875928688,0.347741081893311,2.52));
#2363=CARTESIAN_POINT('Origin',(-3.99361875928688,0.347741081893311,1.52));
#2364=CARTESIAN_POINT('Origin',(-4.00000005960464,21.55,2.76000002980232));
#2365=CARTESIAN_POINT('',(-6.50000005960464,21.55,2.76000002980232));
#2366=CARTESIAN_POINT('',(-4.00000005960464,21.55,5.26000002980232));
#2367=CARTESIAN_POINT('Origin',(-4.00000005960464,21.55,2.76000002980232));
#2368=CARTESIAN_POINT('',(-4.00000005960464,24.05,2.76000002980232));
#2369=CARTESIAN_POINT('Origin',(-4.00000005960464,21.55,2.76000002980232));
#2370=CARTESIAN_POINT('Origin',(-4.00000005960464,21.55,2.76000002980232));
#2371=CARTESIAN_POINT('Origin',(-4.00000005960464,15.75,2.76000002980232));
#2372=CARTESIAN_POINT('',(-6.50000005960464,15.75,2.76000002980232));
#2373=CARTESIAN_POINT('',(-6.50000005960464,15.75,2.76000002980232));
#2374=CARTESIAN_POINT('Origin',(-4.00000005960464,15.75,2.76000002980232));
#2375=CARTESIAN_POINT('Origin',(-4.00000005960464,15.75,2.76000002980232));
#2376=CARTESIAN_POINT('Origin',(4.00000005960464,21.55,2.76000002980232));
#2377=CARTESIAN_POINT('',(1.50000005960464,21.55,2.76000002980232));
#2378=CARTESIAN_POINT('',(4.00000005960464,21.55,5.26000002980232));
#2379=CARTESIAN_POINT('Origin',(4.00000005960464,21.55,2.76000002980232));
#2380=CARTESIAN_POINT('',(4.00000005960464,24.05,2.76000002980232));
#2381=CARTESIAN_POINT('Origin',(4.00000005960464,21.55,2.76000002980232));
#2382=CARTESIAN_POINT('Origin',(4.00000005960464,21.55,2.76000002980232));
#2383=CARTESIAN_POINT('Origin',(4.00000005960464,15.75,2.76000002980232));
#2384=CARTESIAN_POINT('',(1.50000005960464,15.75,2.76000002980232));
#2385=CARTESIAN_POINT('',(1.50000005960464,15.75,2.76000002980232));
#2386=CARTESIAN_POINT('Origin',(4.00000005960464,15.75,2.76000002980232));
#2387=CARTESIAN_POINT('Origin',(4.00000005960464,15.75,2.76000002980232));
#2388=CARTESIAN_POINT('Origin',(-3.66255432502494,-13.5778424234813,1.52));
#2389=CARTESIAN_POINT('',(-3.66255432502494,-15.75,1.52));
#2390=CARTESIAN_POINT('',(-3.66255432502494,-13.5778424234813,1.52));
#2391=CARTESIAN_POINT('',(-3.66255432502494,-15.75,1.52));
#2392=CARTESIAN_POINT('',(-3.66255432502494,-15.75,4.06));
#2393=CARTESIAN_POINT('',(-3.66255432502494,-15.75,1.52));
#2394=CARTESIAN_POINT('',(-3.66255432502494,-13.5778424234813,4.06));
#2395=CARTESIAN_POINT('',(-3.66255432502494,-15.75,4.06));
#2396=CARTESIAN_POINT('',(-3.66255432502494,-13.5778424234813,1.52));
#2397=CARTESIAN_POINT('Origin',(3.35582184698181,-13.5778424234813,1.52));
#2398=CARTESIAN_POINT('',(3.35582184698181,-13.5778424234813,1.52));
#2399=CARTESIAN_POINT('',(-3.66255432502494,-13.5778424234813,1.52));
#2400=CARTESIAN_POINT('',(3.35582184698181,-13.5778424234813,4.06));
#2401=CARTESIAN_POINT('',(-3.66255432502494,-13.5778424234813,4.06));
#2402=CARTESIAN_POINT('',(3.35582184698181,-13.5778424234813,1.52));
#2403=CARTESIAN_POINT('Origin',(3.35582184698181,-15.75,1.52));
#2404=CARTESIAN_POINT('',(3.35582184698181,-15.75,1.52));
#2405=CARTESIAN_POINT('',(3.35582184698181,-13.5778424234813,1.52));
#2406=CARTESIAN_POINT('',(3.35582184698181,-15.75,4.06));
#2407=CARTESIAN_POINT('',(3.35582184698181,-13.5778424234813,4.06));
#2408=CARTESIAN_POINT('',(3.35582184698181,-15.75,1.52));
#2409=CARTESIAN_POINT('Origin',(-3.66255432502494,-15.75,1.52));
#2410=CARTESIAN_POINT('',(3.35582184698181,-15.75,1.52));
#2411=CARTESIAN_POINT('',(3.35582184698181,-15.75,4.06));
#2412=CARTESIAN_POINT('Origin',(-0.153366239021566,-14.6639212117407,4.06));
#2413=CARTESIAN_POINT('Origin',(-0.153366239021566,-14.6639212117407,1.52));
#2414=CARTESIAN_POINT('Origin',(-2.97427870704789,-14.4278709359337,4.06));
#2415=CARTESIAN_POINT('',(-2.97427870704789,-15.0678709359337,4.06));
#2416=CARTESIAN_POINT('',(-2.97427870704789,-14.4278709359337,4.06));
#2417=CARTESIAN_POINT('',(-2.97427870704789,-15.0678709359337,4.06));
#2418=CARTESIAN_POINT('',(-2.97427870704789,-15.0678709359337,10.12));
#2419=CARTESIAN_POINT('',(-2.97427870704789,-15.0678709359337,4.06));
#2420=CARTESIAN_POINT('',(-2.97427870704789,-14.4278709359337,10.12));
#2421=CARTESIAN_POINT('',(-2.97427870704789,-15.0678709359337,10.12));
#2422=CARTESIAN_POINT('',(-2.97427870704789,-14.4278709359337,4.06));
#2423=CARTESIAN_POINT('Origin',(-2.33427870704788,-14.4278709359337,4.06));
#2424=CARTESIAN_POINT('',(-2.33427870704788,-14.4278709359337,4.06));
#2425=CARTESIAN_POINT('',(-2.97427870704789,-14.4278709359337,4.06));
#2426=CARTESIAN_POINT('',(-2.33427870704788,-14.4278709359337,10.12));
#2427=CARTESIAN_POINT('',(-2.97427870704789,-14.4278709359337,10.12));
#2428=CARTESIAN_POINT('',(-2.33427870704788,-14.4278709359337,4.06));
#2429=CARTESIAN_POINT('Origin',(-2.33427870704788,-15.0678709359337,4.06));
#2430=CARTESIAN_POINT('',(-2.33427870704788,-15.0678709359337,4.06));
#2431=CARTESIAN_POINT('',(-2.33427870704788,-14.4278709359337,4.06));
#2432=CARTESIAN_POINT('',(-2.33427870704788,-15.0678709359337,10.12));
#2433=CARTESIAN_POINT('',(-2.33427870704788,-14.4278709359337,10.12));
#2434=CARTESIAN_POINT('',(-2.33427870704788,-15.0678709359337,4.06));
#2435=CARTESIAN_POINT('Origin',(-2.97427870704789,-15.0678709359337,4.06));
#2436=CARTESIAN_POINT('',(-2.33427870704788,-15.0678709359337,4.06));
#2437=CARTESIAN_POINT('',(-2.33427870704788,-15.0678709359337,10.12));
#2438=CARTESIAN_POINT('Origin',(-2.65427870704788,-14.7478709359337,10.12));
#2439=CARTESIAN_POINT('Origin',(-2.65427870704788,-14.7478709359337,4.06));
#2440=CARTESIAN_POINT('Origin',(-0.434278707047885,-14.4278709359337,4.06));
#2441=CARTESIAN_POINT('',(-0.434278707047885,-15.0678709359337,4.06));
#2442=CARTESIAN_POINT('',(-0.434278707047885,-14.4278709359337,4.06));
#2443=CARTESIAN_POINT('',(-0.434278707047885,-15.0678709359337,4.06));
#2444=CARTESIAN_POINT('',(-0.434278707047885,-15.0678709359337,10.12));
#2445=CARTESIAN_POINT('',(-0.434278707047885,-15.0678709359337,4.06));
#2446=CARTESIAN_POINT('',(-0.434278707047885,-14.4278709359337,10.12));
#2447=CARTESIAN_POINT('',(-0.434278707047885,-15.0678709359337,10.12));
#2448=CARTESIAN_POINT('',(-0.434278707047885,-14.4278709359337,4.06));
#2449=CARTESIAN_POINT('Origin',(0.205721292952115,-14.4278709359337,4.06));
#2450=CARTESIAN_POINT('',(0.205721292952115,-14.4278709359337,4.06));
#2451=CARTESIAN_POINT('',(-0.434278707047885,-14.4278709359337,4.06));
#2452=CARTESIAN_POINT('',(0.205721292952115,-14.4278709359337,10.12));
#2453=CARTESIAN_POINT('',(-0.434278707047885,-14.4278709359337,10.12));
#2454=CARTESIAN_POINT('',(0.205721292952115,-14.4278709359337,4.06));
#2455=CARTESIAN_POINT('Origin',(0.205721292952115,-15.0678709359337,4.06));
#2456=CARTESIAN_POINT('',(0.205721292952115,-15.0678709359337,4.06));
#2457=CARTESIAN_POINT('',(0.205721292952115,-14.4278709359337,4.06));
#2458=CARTESIAN_POINT('',(0.205721292952115,-15.0678709359337,10.12));
#2459=CARTESIAN_POINT('',(0.205721292952115,-14.4278709359337,10.12));
#2460=CARTESIAN_POINT('',(0.205721292952115,-15.0678709359337,4.06));
#2461=CARTESIAN_POINT('Origin',(-0.434278707047885,-15.0678709359337,4.06));
#2462=CARTESIAN_POINT('',(0.205721292952115,-15.0678709359337,4.06));
#2463=CARTESIAN_POINT('',(0.205721292952115,-15.0678709359337,10.12));
#2464=CARTESIAN_POINT('Origin',(-0.114278707047885,-14.7478709359337,10.12));
#2465=CARTESIAN_POINT('Origin',(-0.114278707047885,-14.7478709359337,4.06));
#2466=CARTESIAN_POINT('Origin',(2.10572129295211,-14.4278709359337,4.06));
#2467=CARTESIAN_POINT('',(2.10572129295211,-15.0678709359337,4.06));
#2468=CARTESIAN_POINT('',(2.10572129295211,-14.4278709359337,4.06));
#2469=CARTESIAN_POINT('',(2.10572129295211,-15.0678709359337,4.06));
#2470=CARTESIAN_POINT('',(2.10572129295211,-15.0678709359337,10.12));
#2471=CARTESIAN_POINT('',(2.10572129295211,-15.0678709359337,4.06));
#2472=CARTESIAN_POINT('',(2.10572129295211,-14.4278709359337,10.12));
#2473=CARTESIAN_POINT('',(2.10572129295211,-15.0678709359337,10.12));
#2474=CARTESIAN_POINT('',(2.10572129295211,-14.4278709359337,4.06));
#2475=CARTESIAN_POINT('Origin',(2.74572129295212,-14.4278709359337,4.06));
#2476=CARTESIAN_POINT('',(2.74572129295212,-14.4278709359337,4.06));
#2477=CARTESIAN_POINT('',(2.10572129295211,-14.4278709359337,4.06));
#2478=CARTESIAN_POINT('',(2.74572129295212,-14.4278709359337,10.12));
#2479=CARTESIAN_POINT('',(2.10572129295211,-14.4278709359337,10.12));
#2480=CARTESIAN_POINT('',(2.74572129295212,-14.4278709359337,4.06));
#2481=CARTESIAN_POINT('Origin',(2.74572129295212,-15.0678709359337,4.06));
#2482=CARTESIAN_POINT('',(2.74572129295212,-15.0678709359337,4.06));
#2483=CARTESIAN_POINT('',(2.74572129295212,-14.4278709359337,4.06));
#2484=CARTESIAN_POINT('',(2.74572129295212,-15.0678709359337,10.12));
#2485=CARTESIAN_POINT('',(2.74572129295212,-14.4278709359337,10.12));
#2486=CARTESIAN_POINT('',(2.74572129295212,-15.0678709359337,4.06));
#2487=CARTESIAN_POINT('Origin',(2.10572129295211,-15.0678709359337,4.06));
#2488=CARTESIAN_POINT('',(2.74572129295212,-15.0678709359337,4.06));
#2489=CARTESIAN_POINT('',(2.74572129295212,-15.0678709359337,10.12));
#2490=CARTESIAN_POINT('Origin',(2.42572129295212,-14.7478709359337,10.12));
#2491=CARTESIAN_POINT('Origin',(2.42572129295212,-14.7478709359337,4.06));
#2492=CARTESIAN_POINT('',(0.,0.,0.));
#2493=UNCERTAINTY_MEASURE_WITH_UNIT(LENGTH_MEASURE(0.01),#2499,
'DISTANCE_ACCURACY_VALUE',
'Maximum model space distance between geometric entities at asserted c
onnectivities');
#2494=UNCERTAINTY_MEASURE_WITH_UNIT(LENGTH_MEASURE(0.01),#2499,
'DISTANCE_ACCURACY_VALUE',
'Maximum model space distance between geometric entities at asserted c
onnectivities');
#2495=UNCERTAINTY_MEASURE_WITH_UNIT(LENGTH_MEASURE(0.01),#2499,
'DISTANCE_ACCURACY_VALUE',
'Maximum model space distance between geometric entities at asserted c
onnectivities');
#2496=(
GEOMETRIC_REPRESENTATION_CONTEXT(3)
GLOBAL_UNCERTAINTY_ASSIGNED_CONTEXT((#2493))
GLOBAL_UNIT_ASSIGNED_CONTEXT((#2499,#2501,#2502))
REPRESENTATION_CONTEXT('','3D')
);
#2497=(
GEOMETRIC_REPRESENTATION_CONTEXT(3)
GLOBAL_UNCERTAINTY_ASSIGNED_CONTEXT((#2494))
GLOBAL_UNIT_ASSIGNED_CONTEXT((#2499,#2501,#2502))
REPRESENTATION_CONTEXT('','3D')
);
#2498=(
GEOMETRIC_REPRESENTATION_CONTEXT(3)
GLOBAL_UNCERTAINTY_ASSIGNED_CONTEXT((#2495))
GLOBAL_UNIT_ASSIGNED_CONTEXT((#2499,#2501,#2502))
REPRESENTATION_CONTEXT('','3D')
);
#2499=(
LENGTH_UNIT()
NAMED_UNIT(*)
SI_UNIT(.MILLI.,.METRE.)
);
#2500=(
LENGTH_UNIT()
NAMED_UNIT(*)
SI_UNIT($,.METRE.)
);
#2501=(
NAMED_UNIT(*)
PLANE_ANGLE_UNIT()
SI_UNIT($,.RADIAN.)
);
#2502=(
NAMED_UNIT(*)
SI_UNIT($,.STERADIAN.)
SOLID_ANGLE_UNIT()
);
#2503=SHAPE_DEFINITION_REPRESENTATION(#2505,#2508);
#2504=SHAPE_DEFINITION_REPRESENTATION(#2506,#2509);
#2505=PRODUCT_DEFINITION_SHAPE('',$,#2511);
#2506=PRODUCT_DEFINITION_SHAPE('',$,#2512);
#2507=PRODUCT_DEFINITION_SHAPE($,$,#14);
#2508=SHAPE_REPRESENTATION('',(#1557,#1666),#2496);
#2509=SHAPE_REPRESENTATION('',(#1558),#2497);
#2510=PRODUCT_DEFINITION_CONTEXT('part definition',#2518,'design');
#2511=PRODUCT_DEFINITION('Infrared Obstacle Detecting Module',
'Infrared Obstacle Detecting Module v4',#2513,#2510);
#2512=PRODUCT_DEFINITION('Komponente1','Komponente1',#2514,#2510);
#2513=PRODUCT_DEFINITION_FORMATION('',$,#2520);
#2514=PRODUCT_DEFINITION_FORMATION('',$,#2521);
#2515=PRODUCT_RELATED_PRODUCT_CATEGORY(
'Infrared Obstacle Detecting Module v4',
'Infrared Obstacle Detecting Module v4',(#2520));
#2516=PRODUCT_RELATED_PRODUCT_CATEGORY('Komponente1','Komponente1',(#2521));
#2517=APPLICATION_PROTOCOL_DEFINITION('international standard',
'automotive_design',2009,#2518);
#2518=APPLICATION_CONTEXT(
'Core Data for Automotive Mechanical Design Process');
#2519=PRODUCT_CONTEXT('part definition',#2518,'mechanical');
#2520=PRODUCT('Infrared Obstacle Detecting Module',
'Infrared Obstacle Detecting Module v4',$,(#2519));
#2521=PRODUCT('Komponente1','Komponente1',$,(#2519));
#2522=PRESENTATION_STYLE_ASSIGNMENT((#2529));
#2523=PRESENTATION_STYLE_ASSIGNMENT((#2530));
#2524=PRESENTATION_STYLE_ASSIGNMENT((#2531));
#2525=PRESENTATION_STYLE_ASSIGNMENT((#2532));
#2526=PRESENTATION_STYLE_ASSIGNMENT((#2533));
#2527=PRESENTATION_STYLE_ASSIGNMENT((#2534));
#2528=PRESENTATION_STYLE_ASSIGNMENT((#2535));
#2529=SURFACE_STYLE_USAGE(.BOTH.,#2536);
#2530=SURFACE_STYLE_USAGE(.BOTH.,#2537);
#2531=SURFACE_STYLE_USAGE(.BOTH.,#2538);
#2532=SURFACE_STYLE_USAGE(.BOTH.,#2539);
#2533=SURFACE_STYLE_USAGE(.BOTH.,#2540);
#2534=SURFACE_STYLE_USAGE(.BOTH.,#2541);
#2535=SURFACE_STYLE_USAGE(.BOTH.,#2542);
#2536=SURFACE_SIDE_STYLE('',(#2543));
#2537=SURFACE_SIDE_STYLE('',(#2544));
#2538=SURFACE_SIDE_STYLE('',(#2545));
#2539=SURFACE_SIDE_STYLE('',(#2546));
#2540=SURFACE_SIDE_STYLE('',(#2547));
#2541=SURFACE_SIDE_STYLE('',(#2548));
#2542=SURFACE_SIDE_STYLE('',(#2549));
#2543=SURFACE_STYLE_FILL_AREA(#2550);
#2544=SURFACE_STYLE_FILL_AREA(#2551);
#2545=SURFACE_STYLE_FILL_AREA(#2552);
#2546=SURFACE_STYLE_FILL_AREA(#2553);
#2547=SURFACE_STYLE_FILL_AREA(#2554);
#2548=SURFACE_STYLE_FILL_AREA(#2555);
#2549=SURFACE_STYLE_FILL_AREA(#2556);
#2550=FILL_AREA_STYLE('Stahl - satiniert',(#2557));
#2551=FILL_AREA_STYLE('Kunststoff - gl\X\E4nzend (Blau)',(#2558));
#2552=FILL_AREA_STYLE('Kunststoff - matt (Schwarz)',(#2559));
#2553=FILL_AREA_STYLE('ABS (Wei\X\DF)',(#2560));
#2554=FILL_AREA_STYLE('Kunststoff - matt (Schwarz)',(#2561));
#2555=FILL_AREA_STYLE('Acryl (klar)',(#2562));
#2556=FILL_AREA_STYLE('Kunststoff - gl\X\E4nzend (Schwarz)',(#2563));
#2557=FILL_AREA_STYLE_COLOUR('Stahl - satiniert',#2564);
#2558=FILL_AREA_STYLE_COLOUR('Kunststoff - gl\X\E4nzend (Blau)',#2565);
#2559=FILL_AREA_STYLE_COLOUR('Kunststoff - matt (Schwarz)',#2566);
#2560=FILL_AREA_STYLE_COLOUR('ABS (Wei\X\DF)',#2567);
#2561=FILL_AREA_STYLE_COLOUR('Kunststoff - matt (Schwarz)',#2568);
#2562=FILL_AREA_STYLE_COLOUR('Acryl (klar)',#2569);
#2563=FILL_AREA_STYLE_COLOUR('Kunststoff - gl\X\E4nzend (Schwarz)',#2570);
#2564=COLOUR_RGB('Stahl - satiniert',0.627450980392157,0.627450980392157,
0.627450980392157);
#2565=COLOUR_RGB('Kunststoff - gl\X\E4nzend (Blau)',0.188235294117647,0.231372549019608,
0.588235294117647);
#2566=COLOUR_RGB('Kunststoff - matt (Schwarz)',0.0980392156862745,0.0980392156862745,
0.0980392156862745);
#2567=COLOUR_RGB('ABS (Wei\X\DF)',0.964705882352941,0.964705882352941,0.952941176470588);
#2568=COLOUR_RGB('Kunststoff - matt (Schwarz)',0.164705882352941,0.466666666666667,
0.905882352941176);
#2569=COLOUR_RGB('Acryl (klar)',0.964705882352941,0.964705882352941,0.952941176470588);
#2570=COLOUR_RGB('Kunststoff - gl\X\E4nzend (Schwarz)',0.0980392156862745,
0.0980392156862745,0.0980392156862745);
ENDSEC;
END-ISO-10303-21;
