ISO-10303-21;
HEADER;
/* Generated by software containing ST-Developer
 * from STEP Tools, Inc. (www.steptools.com) 
 */

FILE_DESCRIPTION(
/* description */ (''),
/* implementation_level */ '2;1');

FILE_NAME(
/* name */ 'Mini_HDMI_Type-C v7.step',
/* time_stamp */ '2023-07-21T15:16:35+09:00',
/* author */ (''),
/* organization */ (''),
/* preprocessor_version */ 'ST-DEVELOPER v19.2',
/* originating_system */ 'Autodesk Translation Framework v12.6.0.85',
/* authorisation */ '');

FILE_SCHEMA (('AUTOMOTIVE_DESIGN { 1 0 10303 214 3 1 1 }'));
ENDSEC;

DATA;
#10=MECHANICAL_DESIGN_GEOMETRIC_PRESENTATION_REPRESENTATION('',(#252,#253,
#254,#255,#256,#257,#258,#259,#260,#261,#262,#263,#264,#265,#266,#267,#268,
#269,#270,#271,#272,#273,#274,#275,#276,#277,#278,#279,#280,#281,#282,#283,
#284,#285,#286,#287,#288,#289,#290,#291,#292,#293,#294,#295,#296,#297,#298,
#299,#300,#301,#302,#303,#304,#305,#306,#307,#308,#309,#310,#311,#312,#313,
#314,#315,#316,#317,#318,#319,#320,#321,#322,#323,#324,#325,#326,#327,#328,
#329,#330,#331,#332,#333,#334,#335,#336,#337,#338,#339,#340,#341,#342,#343,
#344,#345,#346,#347,#348,#349,#350,#351,#352,#353,#354,#355,#356,#357,#358,
#359,#360,#361,#362,#363,#364,#365,#366,#367,#368,#369,#370,#371),#16069);
#11=SHAPE_REPRESENTATION_RELATIONSHIP('SRR','None',#16076,#12);
#12=ADVANCED_BREP_SHAPE_REPRESENTATION('',(#13),#16068);
#13=MANIFOLD_SOLID_BREP('\X2\30DC30C730A3\X0\1',#9957);
#14=TOROIDAL_SURFACE('',#10307,0.15,0.05);
#15=TOROIDAL_SURFACE('',#10315,0.15,0.05);
#16=TOROIDAL_SURFACE('',#10324,0.15,0.05);
#17=TOROIDAL_SURFACE('',#10577,0.15,0.05);
#18=TOROIDAL_SURFACE('',#10589,0.15,0.05);
#19=TOROIDAL_SURFACE('',#10597,0.15,0.05);
#20=B_SPLINE_SURFACE_WITH_KNOTS('',3,3,((#14971,#14972,#14973,#14974),(#14975,
#14976,#14977,#14978),(#14979,#14980,#14981,#14982),(#14983,#14984,#14985,
#14986)),.UNSPECIFIED.,.F.,.F.,.F.,(4,4),(4,4),(0.,1.),(-1.5707963267949,
3.56008723796017E-16),.UNSPECIFIED.);
#21=B_SPLINE_SURFACE_WITH_KNOTS('',3,3,((#15000,#15001,#15002,#15003),(#15004,
#15005,#15006,#15007),(#15008,#15009,#15010,#15011),(#15012,#15013,#15014,
#15015)),.UNSPECIFIED.,.F.,.F.,.F.,(4,4),(4,4),(0.,1.),(-1.5707963267949,
5.89650490445674E-16),.UNSPECIFIED.);
#22=B_SPLINE_SURFACE_WITH_KNOTS('',3,3,((#15029,#15030,#15031,#15032),(#15033,
#15034,#15035,#15036),(#15037,#15038,#15039,#15040),(#15041,#15042,#15043,
#15044),(#15045,#15046,#15047,#15048)),.UNSPECIFIED.,.F.,.F.,.F.,(4,1,4),
(4,4),(0.,0.571428571428571,1.),(-1.5707963267949,7.0556049036202E-16),
 .UNSPECIFIED.);
#23=B_SPLINE_SURFACE_WITH_KNOTS('',3,3,((#15918,#15919,#15920,#15921),(#15922,
#15923,#15924,#15925),(#15926,#15927,#15928,#15929),(#15930,#15931,#15932,
#15933)),.UNSPECIFIED.,.F.,.F.,.F.,(4,4),(4,4),(0.,1.),(-1.5707963267949,
3.56008723796017E-16),.UNSPECIFIED.);
#24=B_SPLINE_SURFACE_WITH_KNOTS('',3,3,((#15949,#15950,#15951,#15952),(#15953,
#15954,#15955,#15956),(#15957,#15958,#15959,#15960),(#15961,#15962,#15963,
#15964)),.UNSPECIFIED.,.F.,.F.,.F.,(4,4),(4,4),(0.,1.),(-1.5707963267949,
5.89650490445674E-16),.UNSPECIFIED.);
#25=B_SPLINE_SURFACE_WITH_KNOTS('',3,3,((#15978,#15979,#15980,#15981),(#15982,
#15983,#15984,#15985),(#15986,#15987,#15988,#15989),(#15990,#15991,#15992,
#15993),(#15994,#15995,#15996,#15997)),.UNSPECIFIED.,.F.,.F.,.F.,(4,1,4),
(4,4),(0.,0.571428571428571,1.),(-1.5707963267949,7.0556049036202E-16),
 .UNSPECIFIED.);
#26=ELLIPSE('',#10154,0.0738433012879098,0.05);
#27=ELLIPSE('',#10155,0.050173310744973,0.05);
#28=ELLIPSE('',#10157,0.0500432340328066,0.05);
#29=ELLIPSE('',#10159,0.0707106781186548,0.05);
#30=ELLIPSE('',#10161,0.0707106781186548,0.05);
#31=ELLIPSE('',#10163,0.0500432340328066,0.05);
#32=ELLIPSE('',#10165,0.0501733107449679,0.05);
#33=ELLIPSE('',#10185,0.50173310744973,0.5);
#34=ELLIPSE('',#10187,0.50173310744973,0.5);
#35=ELLIPSE('',#10194,0.0707106781186548,0.05);
#36=ELLIPSE('',#10197,0.0707106781186548,0.05);
#37=ELLIPSE('',#10292,0.0675473497118158,0.05);
#38=ELLIPSE('',#10293,0.067547349711816,0.05);
#39=ELLIPSE('',#10296,0.0945752993405798,0.05);
#40=ELLIPSE('',#10298,0.0945752993405794,0.05);
#41=ELLIPSE('',#10302,0.158113883008419,0.05);
#42=ELLIPSE('',#10304,0.158113883008419,0.05);
#43=ELLIPSE('',#10441,0.050173310744973,0.05);
#44=ELLIPSE('',#10442,0.0738433012879098,0.05);
#45=ELLIPSE('',#10444,0.0500432340328066,0.05);
#46=ELLIPSE('',#10446,0.0707106781186548,0.05);
#47=ELLIPSE('',#10448,0.0707106781186548,0.05);
#48=ELLIPSE('',#10450,0.0500432340328066,0.05);
#49=ELLIPSE('',#10452,0.0501733107449679,0.05);
#50=ELLIPSE('',#10473,0.50173310744973,0.5);
#51=ELLIPSE('',#10474,0.50173310744973,0.5);
#52=ELLIPSE('',#10484,0.0707106781186548,0.05);
#53=ELLIPSE('',#10486,0.0707106781186548,0.05);
#54=ELLIPSE('',#10560,0.067547349711816,0.05);
#55=ELLIPSE('',#10561,0.0675473497118158,0.05);
#56=ELLIPSE('',#10565,0.0945752993405798,0.05);
#57=ELLIPSE('',#10567,0.0945752993405794,0.05);
#58=ELLIPSE('',#10571,0.158113883008419,0.05);
#59=ELLIPSE('',#10573,0.158113883008419,0.05);
#60=CONICAL_SURFACE('',#10055,0.225,0.785398163397471);
#61=CONICAL_SURFACE('',#10059,0.225,0.785398163397459);
#62=CONICAL_SURFACE('',#10216,0.175,0.78539816339745);
#63=CONICAL_SURFACE('',#10337,0.225,0.785398163397471);
#64=CONICAL_SURFACE('',#10341,0.225,0.785398163397459);
#65=CONICAL_SURFACE('',#10506,0.175,0.78539816339745);
#66=FACE_BOUND('',#933,.T.);
#67=FACE_BOUND('',#1272,.T.);
#68=FACE_BOUND('',#1273,.T.);
#69=FACE_BOUND('',#1283,.T.);
#70=FACE_BOUND('',#1284,.T.);
#71=FACE_BOUND('',#1285,.T.);
#72=FACE_BOUND('',#1286,.T.);
#73=FACE_BOUND('',#1368,.T.);
#74=CYLINDRICAL_SURFACE('',#10016,0.1);
#75=CYLINDRICAL_SURFACE('',#10023,0.1);
#76=CYLINDRICAL_SURFACE('',#10026,0.1);
#77=CYLINDRICAL_SURFACE('',#10028,0.1);
#78=CYLINDRICAL_SURFACE('',#10031,0.1);
#79=CYLINDRICAL_SURFACE('',#10035,0.1);
#80=CYLINDRICAL_SURFACE('',#10037,0.1);
#81=CYLINDRICAL_SURFACE('',#10039,0.1);
#82=CYLINDRICAL_SURFACE('',#10065,0.2);
#83=CYLINDRICAL_SURFACE('',#10068,0.2);
#84=CYLINDRICAL_SURFACE('',#10153,0.05);
#85=CYLINDRICAL_SURFACE('',#10156,0.05);
#86=CYLINDRICAL_SURFACE('',#10158,0.05);
#87=CYLINDRICAL_SURFACE('',#10160,0.05);
#88=CYLINDRICAL_SURFACE('',#10162,0.05);
#89=CYLINDRICAL_SURFACE('',#10164,0.05);
#90=CYLINDRICAL_SURFACE('',#10177,0.05);
#91=CYLINDRICAL_SURFACE('',#10180,0.05);
#92=CYLINDRICAL_SURFACE('',#10184,0.5);
#93=CYLINDRICAL_SURFACE('',#10193,0.05);
#94=CYLINDRICAL_SURFACE('',#10196,0.05);
#95=CYLINDRICAL_SURFACE('',#10198,0.05);
#96=CYLINDRICAL_SURFACE('',#10203,0.2);
#97=CYLINDRICAL_SURFACE('',#10209,0.2);
#98=CYLINDRICAL_SURFACE('',#10223,0.2);
#99=CYLINDRICAL_SURFACE('',#10229,0.2);
#100=CYLINDRICAL_SURFACE('',#10294,0.1);
#101=CYLINDRICAL_SURFACE('',#10295,0.05);
#102=CYLINDRICAL_SURFACE('',#10299,0.1);
#103=CYLINDRICAL_SURFACE('',#10301,0.05);
#104=CYLINDRICAL_SURFACE('',#10305,0.1);
#105=CYLINDRICAL_SURFACE('',#10312,0.2);
#106=CYLINDRICAL_SURFACE('',#10313,0.05);
#107=CYLINDRICAL_SURFACE('',#10319,0.2);
#108=CYLINDRICAL_SURFACE('',#10322,0.2);
#109=CYLINDRICAL_SURFACE('',#10329,0.2);
#110=CYLINDRICAL_SURFACE('',#10330,0.05);
#111=CYLINDRICAL_SURFACE('',#10347,0.2);
#112=CYLINDRICAL_SURFACE('',#10350,0.2);
#113=CYLINDRICAL_SURFACE('',#10440,0.05);
#114=CYLINDRICAL_SURFACE('',#10443,0.05);
#115=CYLINDRICAL_SURFACE('',#10445,0.05);
#116=CYLINDRICAL_SURFACE('',#10447,0.05);
#117=CYLINDRICAL_SURFACE('',#10449,0.05);
#118=CYLINDRICAL_SURFACE('',#10451,0.05);
#119=CYLINDRICAL_SURFACE('',#10465,0.05);
#120=CYLINDRICAL_SURFACE('',#10468,0.05);
#121=CYLINDRICAL_SURFACE('',#10472,0.5);
#122=CYLINDRICAL_SURFACE('',#10482,0.05);
#123=CYLINDRICAL_SURFACE('',#10485,0.05);
#124=CYLINDRICAL_SURFACE('',#10487,0.05);
#125=CYLINDRICAL_SURFACE('',#10492,0.2);
#126=CYLINDRICAL_SURFACE('',#10498,0.2);
#127=CYLINDRICAL_SURFACE('',#10515,0.2);
#128=CYLINDRICAL_SURFACE('',#10521,0.2);
#129=CYLINDRICAL_SURFACE('',#10562,0.1);
#130=CYLINDRICAL_SURFACE('',#10563,0.05);
#131=CYLINDRICAL_SURFACE('',#10564,0.05);
#132=CYLINDRICAL_SURFACE('',#10568,0.1);
#133=CYLINDRICAL_SURFACE('',#10570,0.05);
#134=CYLINDRICAL_SURFACE('',#10574,0.1);
#135=CYLINDRICAL_SURFACE('',#10576,0.05);
#136=CYLINDRICAL_SURFACE('',#10582,0.2);
#137=CYLINDRICAL_SURFACE('',#10583,0.05);
#138=CYLINDRICAL_SURFACE('',#10588,0.05);
#139=CYLINDRICAL_SURFACE('',#10592,0.2);
#140=CYLINDRICAL_SURFACE('',#10595,0.2);
#141=CYLINDRICAL_SURFACE('',#10601,0.2);
#142=CYLINDRICAL_SURFACE('',#10602,0.05);
#143=CYLINDRICAL_SURFACE('',#10603,0.05);
#144=CIRCLE('',#10005,0.1);
#145=CIRCLE('',#10006,0.1);
#146=CIRCLE('',#10007,0.1);
#147=CIRCLE('',#10008,0.1);
#148=CIRCLE('',#10010,0.1);
#149=CIRCLE('',#10011,0.1);
#150=CIRCLE('',#10012,0.1);
#151=CIRCLE('',#10013,0.1);
#152=CIRCLE('',#10017,0.1);
#153=CIRCLE('',#10020,0.1);
#154=CIRCLE('',#10021,0.1);
#155=CIRCLE('',#10022,0.1);
#156=CIRCLE('',#10024,0.1);
#157=CIRCLE('',#10029,0.1);
#158=CIRCLE('',#10032,0.1);
#159=CIRCLE('',#10034,0.1);
#160=CIRCLE('',#10047,0.1);
#161=CIRCLE('',#10048,0.1);
#162=CIRCLE('',#10049,0.1);
#163=CIRCLE('',#10050,0.1);
#164=CIRCLE('',#10051,0.1);
#165=CIRCLE('',#10052,0.1);
#166=CIRCLE('',#10056,0.25);
#167=CIRCLE('',#10057,0.2);
#168=CIRCLE('',#10060,0.25);
#169=CIRCLE('',#10061,0.2);
#170=CIRCLE('',#10066,0.2);
#171=CIRCLE('',#10069,0.2);
#172=CIRCLE('',#10174,0.5);
#173=CIRCLE('',#10175,0.05);
#174=CIRCLE('',#10176,0.05);
#175=CIRCLE('',#10178,0.05);
#176=CIRCLE('',#10181,0.05);
#177=CIRCLE('',#10186,0.5);
#178=CIRCLE('',#10195,0.05);
#179=CIRCLE('',#10199,0.05);
#180=CIRCLE('',#10204,0.2);
#181=CIRCLE('',#10205,0.2);
#182=CIRCLE('',#10208,0.2);
#183=CIRCLE('',#10210,0.2);
#184=CIRCLE('',#10217,0.15);
#185=CIRCLE('',#10218,0.2);
#186=CIRCLE('',#10224,0.2);
#187=CIRCLE('',#10225,0.2);
#188=CIRCLE('',#10228,0.2);
#189=CIRCLE('',#10230,0.2);
#190=CIRCLE('',#10232,0.2);
#191=CIRCLE('',#10239,0.2);
#192=CIRCLE('',#10291,0.1);
#193=CIRCLE('',#10297,0.1);
#194=CIRCLE('',#10303,0.1);
#195=CIRCLE('',#10308,0.05);
#196=CIRCLE('',#10309,0.15);
#197=CIRCLE('',#10310,0.05);
#198=CIRCLE('',#10311,0.2);
#199=CIRCLE('',#10314,0.0499999999999996);
#200=CIRCLE('',#10316,0.05);
#201=CIRCLE('',#10317,0.15);
#202=CIRCLE('',#10318,0.2);
#203=CIRCLE('',#10320,0.2);
#204=CIRCLE('',#10323,0.2);
#205=CIRCLE('',#10325,0.05);
#206=CIRCLE('',#10326,0.15);
#207=CIRCLE('',#10327,0.05);
#208=CIRCLE('',#10328,0.2);
#209=CIRCLE('',#10338,0.2);
#210=CIRCLE('',#10339,0.25);
#211=CIRCLE('',#10342,0.2);
#212=CIRCLE('',#10343,0.25);
#213=CIRCLE('',#10348,0.2);
#214=CIRCLE('',#10351,0.2);
#215=CIRCLE('',#10462,0.05);
#216=CIRCLE('',#10463,0.05);
#217=CIRCLE('',#10464,0.5);
#218=CIRCLE('',#10466,0.05);
#219=CIRCLE('',#10469,0.05);
#220=CIRCLE('',#10475,0.5);
#221=CIRCLE('',#10483,0.05);
#222=CIRCLE('',#10488,0.05);
#223=CIRCLE('',#10493,0.2);
#224=CIRCLE('',#10494,0.2);
#225=CIRCLE('',#10497,0.2);
#226=CIRCLE('',#10499,0.2);
#227=CIRCLE('',#10507,0.2);
#228=CIRCLE('',#10508,0.15);
#229=CIRCLE('',#10516,0.2);
#230=CIRCLE('',#10517,0.2);
#231=CIRCLE('',#10520,0.2);
#232=CIRCLE('',#10522,0.2);
#233=CIRCLE('',#10524,0.2);
#234=CIRCLE('',#10532,0.2);
#235=CIRCLE('',#10559,0.1);
#236=CIRCLE('',#10566,0.1);
#237=CIRCLE('',#10572,0.1);
#238=CIRCLE('',#10578,0.05);
#239=CIRCLE('',#10579,0.2);
#240=CIRCLE('',#10580,0.05);
#241=CIRCLE('',#10581,0.15);
#242=CIRCLE('',#10584,0.0499999999999996);
#243=CIRCLE('',#10586,0.15);
#244=CIRCLE('',#10587,0.15);
#245=CIRCLE('',#10590,0.05);
#246=CIRCLE('',#10591,0.2);
#247=CIRCLE('',#10593,0.2);
#248=CIRCLE('',#10596,0.2);
#249=CIRCLE('',#10598,0.05);
#250=CIRCLE('',#10599,0.2);
#251=CIRCLE('',#10600,0.05);
#252=STYLED_ITEM('',(#16087),#9460);
#253=STYLED_ITEM('',(#16087),#9461);
#254=STYLED_ITEM('',(#16087),#9462);
#255=STYLED_ITEM('',(#16087),#9463);
#256=STYLED_ITEM('',(#16087),#9464);
#257=STYLED_ITEM('',(#16087),#9465);
#258=STYLED_ITEM('',(#16087),#9466);
#259=STYLED_ITEM('',(#16087),#9467);
#260=STYLED_ITEM('',(#16087),#9468);
#261=STYLED_ITEM('',(#16087),#9469);
#262=STYLED_ITEM('',(#16087),#9470);
#263=STYLED_ITEM('',(#16087),#9471);
#264=STYLED_ITEM('',(#16087),#9472);
#265=STYLED_ITEM('',(#16087),#9473);
#266=STYLED_ITEM('',(#16087),#9474);
#267=STYLED_ITEM('',(#16087),#9475);
#268=STYLED_ITEM('',(#16087),#9476);
#269=STYLED_ITEM('',(#16087),#9477);
#270=STYLED_ITEM('',(#16087),#9478);
#271=STYLED_ITEM('',(#16087),#9479);
#272=STYLED_ITEM('',(#16087),#9480);
#273=STYLED_ITEM('',(#16087),#9481);
#274=STYLED_ITEM('',(#16087),#9482);
#275=STYLED_ITEM('',(#16087),#9483);
#276=STYLED_ITEM('',(#16087),#9484);
#277=STYLED_ITEM('',(#16087),#9485);
#278=STYLED_ITEM('',(#16087),#9486);
#279=STYLED_ITEM('',(#16087),#9487);
#280=STYLED_ITEM('',(#16088),#9515);
#281=STYLED_ITEM('',(#16089),#9609);
#282=STYLED_ITEM('',(#16089),#9654);
#283=STYLED_ITEM('',(#16089),#9661);
#284=STYLED_ITEM('',(#16089),#9666);
#285=STYLED_ITEM('',(#16087),#9667);
#286=STYLED_ITEM('',(#16087),#9668);
#287=STYLED_ITEM('',(#16087),#9669);
#288=STYLED_ITEM('',(#16087),#9670);
#289=STYLED_ITEM('',(#16087),#9671);
#290=STYLED_ITEM('',(#16087),#9672);
#291=STYLED_ITEM('',(#16087),#9673);
#292=STYLED_ITEM('',(#16087),#9674);
#293=STYLED_ITEM('',(#16087),#9675);
#294=STYLED_ITEM('',(#16087),#9676);
#295=STYLED_ITEM('',(#16087),#9677);
#296=STYLED_ITEM('',(#16087),#9678);
#297=STYLED_ITEM('',(#16087),#9679);
#298=STYLED_ITEM('',(#16087),#9680);
#299=STYLED_ITEM('',(#16087),#9681);
#300=STYLED_ITEM('',(#16087),#9682);
#301=STYLED_ITEM('',(#16087),#9683);
#302=STYLED_ITEM('',(#16087),#9684);
#303=STYLED_ITEM('',(#16087),#9685);
#304=STYLED_ITEM('',(#16087),#9686);
#305=STYLED_ITEM('',(#16087),#9687);
#306=STYLED_ITEM('',(#16087),#9688);
#307=STYLED_ITEM('',(#16087),#9689);
#308=STYLED_ITEM('',(#16087),#9690);
#309=STYLED_ITEM('',(#16087),#9691);
#310=STYLED_ITEM('',(#16087),#9692);
#311=STYLED_ITEM('',(#16087),#9693);
#312=STYLED_ITEM('',(#16087),#9694);
#313=STYLED_ITEM('',(#16087),#9695);
#314=STYLED_ITEM('',(#16087),#9696);
#315=STYLED_ITEM('',(#16087),#9697);
#316=STYLED_ITEM('',(#16087),#9698);
#317=STYLED_ITEM('',(#16087),#9699);
#318=STYLED_ITEM('',(#16087),#9700);
#319=STYLED_ITEM('',(#16087),#9701);
#320=STYLED_ITEM('',(#16087),#9702);
#321=STYLED_ITEM('',(#16087),#9703);
#322=STYLED_ITEM('',(#16087),#9704);
#323=STYLED_ITEM('',(#16087),#9705);
#324=STYLED_ITEM('',(#16087),#9706);
#325=STYLED_ITEM('',(#16087),#9707);
#326=STYLED_ITEM('',(#16087),#9708);
#327=STYLED_ITEM('',(#16087),#9709);
#328=STYLED_ITEM('',(#16087),#9710);
#329=STYLED_ITEM('',(#16087),#9711);
#330=STYLED_ITEM('',(#16087),#9712);
#331=STYLED_ITEM('',(#16087),#9713);
#332=STYLED_ITEM('',(#16087),#9714);
#333=STYLED_ITEM('',(#16087),#9715);
#334=STYLED_ITEM('',(#16087),#9716);
#335=STYLED_ITEM('',(#16089),#9815);
#336=STYLED_ITEM('',(#16089),#9818);
#337=STYLED_ITEM('',(#16089),#9836);
#338=STYLED_ITEM('',(#16089),#9837);
#339=STYLED_ITEM('',(#16089),#9838);
#340=STYLED_ITEM('',(#16089),#9839);
#341=STYLED_ITEM('',(#16089),#9885);
#342=STYLED_ITEM('',(#16089),#9889);
#343=STYLED_ITEM('',(#16089),#9896);
#344=STYLED_ITEM('',(#16089),#9900);
#345=STYLED_ITEM('',(#16089),#9902);
#346=STYLED_ITEM('',(#16089),#9903);
#347=STYLED_ITEM('',(#16087),#9904);
#348=STYLED_ITEM('',(#16087),#9905);
#349=STYLED_ITEM('',(#16087),#9906);
#350=STYLED_ITEM('',(#16087),#9907);
#351=STYLED_ITEM('',(#16087),#9908);
#352=STYLED_ITEM('',(#16087),#9909);
#353=STYLED_ITEM('',(#16087),#9910);
#354=STYLED_ITEM('',(#16087),#9911);
#355=STYLED_ITEM('',(#16087),#9912);
#356=STYLED_ITEM('',(#16087),#9913);
#357=STYLED_ITEM('',(#16089),#9914);
#358=STYLED_ITEM('',(#16087),#9915);
#359=STYLED_ITEM('',(#16087),#9916);
#360=STYLED_ITEM('',(#16087),#9917);
#361=STYLED_ITEM('',(#16087),#9918);
#362=STYLED_ITEM('',(#16087),#9919);
#363=STYLED_ITEM('',(#16087),#9920);
#364=STYLED_ITEM('',(#16087),#9921);
#365=STYLED_ITEM('',(#16087),#9922);
#366=STYLED_ITEM('',(#16087),#9923);
#367=STYLED_ITEM('',(#16087),#9924);
#368=STYLED_ITEM('',(#16087),#9925);
#369=STYLED_ITEM('',(#16087),#9926);
#370=STYLED_ITEM('',(#16087),#9927);
#371=STYLED_ITEM('',(#16086),#13);
#372=FACE_OUTER_BOUND('',#873,.T.);
#373=FACE_OUTER_BOUND('',#874,.T.);
#374=FACE_OUTER_BOUND('',#875,.T.);
#375=FACE_OUTER_BOUND('',#876,.T.);
#376=FACE_OUTER_BOUND('',#877,.T.);
#377=FACE_OUTER_BOUND('',#878,.T.);
#378=FACE_OUTER_BOUND('',#879,.T.);
#379=FACE_OUTER_BOUND('',#880,.T.);
#380=FACE_OUTER_BOUND('',#881,.T.);
#381=FACE_OUTER_BOUND('',#882,.T.);
#382=FACE_OUTER_BOUND('',#883,.T.);
#383=FACE_OUTER_BOUND('',#884,.T.);
#384=FACE_OUTER_BOUND('',#885,.T.);
#385=FACE_OUTER_BOUND('',#886,.T.);
#386=FACE_OUTER_BOUND('',#887,.T.);
#387=FACE_OUTER_BOUND('',#888,.T.);
#388=FACE_OUTER_BOUND('',#889,.T.);
#389=FACE_OUTER_BOUND('',#890,.T.);
#390=FACE_OUTER_BOUND('',#891,.T.);
#391=FACE_OUTER_BOUND('',#892,.T.);
#392=FACE_OUTER_BOUND('',#893,.T.);
#393=FACE_OUTER_BOUND('',#894,.T.);
#394=FACE_OUTER_BOUND('',#895,.T.);
#395=FACE_OUTER_BOUND('',#896,.T.);
#396=FACE_OUTER_BOUND('',#897,.T.);
#397=FACE_OUTER_BOUND('',#898,.T.);
#398=FACE_OUTER_BOUND('',#899,.T.);
#399=FACE_OUTER_BOUND('',#900,.T.);
#400=FACE_OUTER_BOUND('',#901,.T.);
#401=FACE_OUTER_BOUND('',#902,.T.);
#402=FACE_OUTER_BOUND('',#903,.T.);
#403=FACE_OUTER_BOUND('',#904,.T.);
#404=FACE_OUTER_BOUND('',#905,.T.);
#405=FACE_OUTER_BOUND('',#906,.T.);
#406=FACE_OUTER_BOUND('',#907,.T.);
#407=FACE_OUTER_BOUND('',#908,.T.);
#408=FACE_OUTER_BOUND('',#909,.T.);
#409=FACE_OUTER_BOUND('',#910,.T.);
#410=FACE_OUTER_BOUND('',#911,.T.);
#411=FACE_OUTER_BOUND('',#912,.T.);
#412=FACE_OUTER_BOUND('',#913,.T.);
#413=FACE_OUTER_BOUND('',#914,.T.);
#414=FACE_OUTER_BOUND('',#915,.T.);
#415=FACE_OUTER_BOUND('',#916,.T.);
#416=FACE_OUTER_BOUND('',#917,.T.);
#417=FACE_OUTER_BOUND('',#918,.T.);
#418=FACE_OUTER_BOUND('',#919,.T.);
#419=FACE_OUTER_BOUND('',#920,.T.);
#420=FACE_OUTER_BOUND('',#921,.T.);
#421=FACE_OUTER_BOUND('',#922,.T.);
#422=FACE_OUTER_BOUND('',#923,.T.);
#423=FACE_OUTER_BOUND('',#924,.T.);
#424=FACE_OUTER_BOUND('',#925,.T.);
#425=FACE_OUTER_BOUND('',#926,.T.);
#426=FACE_OUTER_BOUND('',#927,.T.);
#427=FACE_OUTER_BOUND('',#928,.T.);
#428=FACE_OUTER_BOUND('',#929,.T.);
#429=FACE_OUTER_BOUND('',#930,.T.);
#430=FACE_OUTER_BOUND('',#931,.T.);
#431=FACE_OUTER_BOUND('',#932,.T.);
#432=FACE_OUTER_BOUND('',#934,.T.);
#433=FACE_OUTER_BOUND('',#935,.T.);
#434=FACE_OUTER_BOUND('',#936,.T.);
#435=FACE_OUTER_BOUND('',#937,.T.);
#436=FACE_OUTER_BOUND('',#938,.T.);
#437=FACE_OUTER_BOUND('',#939,.T.);
#438=FACE_OUTER_BOUND('',#940,.T.);
#439=FACE_OUTER_BOUND('',#941,.T.);
#440=FACE_OUTER_BOUND('',#942,.T.);
#441=FACE_OUTER_BOUND('',#943,.T.);
#442=FACE_OUTER_BOUND('',#944,.T.);
#443=FACE_OUTER_BOUND('',#945,.T.);
#444=FACE_OUTER_BOUND('',#946,.T.);
#445=FACE_OUTER_BOUND('',#947,.T.);
#446=FACE_OUTER_BOUND('',#948,.T.);
#447=FACE_OUTER_BOUND('',#949,.T.);
#448=FACE_OUTER_BOUND('',#950,.T.);
#449=FACE_OUTER_BOUND('',#951,.T.);
#450=FACE_OUTER_BOUND('',#952,.T.);
#451=FACE_OUTER_BOUND('',#953,.T.);
#452=FACE_OUTER_BOUND('',#954,.T.);
#453=FACE_OUTER_BOUND('',#955,.T.);
#454=FACE_OUTER_BOUND('',#956,.T.);
#455=FACE_OUTER_BOUND('',#957,.T.);
#456=FACE_OUTER_BOUND('',#958,.T.);
#457=FACE_OUTER_BOUND('',#959,.T.);
#458=FACE_OUTER_BOUND('',#960,.T.);
#459=FACE_OUTER_BOUND('',#961,.T.);
#460=FACE_OUTER_BOUND('',#962,.T.);
#461=FACE_OUTER_BOUND('',#963,.T.);
#462=FACE_OUTER_BOUND('',#964,.T.);
#463=FACE_OUTER_BOUND('',#965,.T.);
#464=FACE_OUTER_BOUND('',#966,.T.);
#465=FACE_OUTER_BOUND('',#967,.T.);
#466=FACE_OUTER_BOUND('',#968,.T.);
#467=FACE_OUTER_BOUND('',#969,.T.);
#468=FACE_OUTER_BOUND('',#970,.T.);
#469=FACE_OUTER_BOUND('',#971,.T.);
#470=FACE_OUTER_BOUND('',#972,.T.);
#471=FACE_OUTER_BOUND('',#973,.T.);
#472=FACE_OUTER_BOUND('',#974,.T.);
#473=FACE_OUTER_BOUND('',#975,.T.);
#474=FACE_OUTER_BOUND('',#976,.T.);
#475=FACE_OUTER_BOUND('',#977,.T.);
#476=FACE_OUTER_BOUND('',#978,.T.);
#477=FACE_OUTER_BOUND('',#979,.T.);
#478=FACE_OUTER_BOUND('',#980,.T.);
#479=FACE_OUTER_BOUND('',#981,.T.);
#480=FACE_OUTER_BOUND('',#982,.T.);
#481=FACE_OUTER_BOUND('',#983,.T.);
#482=FACE_OUTER_BOUND('',#984,.T.);
#483=FACE_OUTER_BOUND('',#985,.T.);
#484=FACE_OUTER_BOUND('',#986,.T.);
#485=FACE_OUTER_BOUND('',#987,.T.);
#486=FACE_OUTER_BOUND('',#988,.T.);
#487=FACE_OUTER_BOUND('',#989,.T.);
#488=FACE_OUTER_BOUND('',#990,.T.);
#489=FACE_OUTER_BOUND('',#991,.T.);
#490=FACE_OUTER_BOUND('',#992,.T.);
#491=FACE_OUTER_BOUND('',#993,.T.);
#492=FACE_OUTER_BOUND('',#994,.T.);
#493=FACE_OUTER_BOUND('',#995,.T.);
#494=FACE_OUTER_BOUND('',#996,.T.);
#495=FACE_OUTER_BOUND('',#997,.T.);
#496=FACE_OUTER_BOUND('',#998,.T.);
#497=FACE_OUTER_BOUND('',#999,.T.);
#498=FACE_OUTER_BOUND('',#1000,.T.);
#499=FACE_OUTER_BOUND('',#1001,.T.);
#500=FACE_OUTER_BOUND('',#1002,.T.);
#501=FACE_OUTER_BOUND('',#1003,.T.);
#502=FACE_OUTER_BOUND('',#1004,.T.);
#503=FACE_OUTER_BOUND('',#1005,.T.);
#504=FACE_OUTER_BOUND('',#1006,.T.);
#505=FACE_OUTER_BOUND('',#1007,.T.);
#506=FACE_OUTER_BOUND('',#1008,.T.);
#507=FACE_OUTER_BOUND('',#1009,.T.);
#508=FACE_OUTER_BOUND('',#1010,.T.);
#509=FACE_OUTER_BOUND('',#1011,.T.);
#510=FACE_OUTER_BOUND('',#1012,.T.);
#511=FACE_OUTER_BOUND('',#1013,.T.);
#512=FACE_OUTER_BOUND('',#1014,.T.);
#513=FACE_OUTER_BOUND('',#1015,.T.);
#514=FACE_OUTER_BOUND('',#1016,.T.);
#515=FACE_OUTER_BOUND('',#1017,.T.);
#516=FACE_OUTER_BOUND('',#1018,.T.);
#517=FACE_OUTER_BOUND('',#1019,.T.);
#518=FACE_OUTER_BOUND('',#1020,.T.);
#519=FACE_OUTER_BOUND('',#1021,.T.);
#520=FACE_OUTER_BOUND('',#1022,.T.);
#521=FACE_OUTER_BOUND('',#1023,.T.);
#522=FACE_OUTER_BOUND('',#1024,.T.);
#523=FACE_OUTER_BOUND('',#1025,.T.);
#524=FACE_OUTER_BOUND('',#1026,.T.);
#525=FACE_OUTER_BOUND('',#1027,.T.);
#526=FACE_OUTER_BOUND('',#1028,.T.);
#527=FACE_OUTER_BOUND('',#1029,.T.);
#528=FACE_OUTER_BOUND('',#1030,.T.);
#529=FACE_OUTER_BOUND('',#1031,.T.);
#530=FACE_OUTER_BOUND('',#1032,.T.);
#531=FACE_OUTER_BOUND('',#1033,.T.);
#532=FACE_OUTER_BOUND('',#1034,.T.);
#533=FACE_OUTER_BOUND('',#1035,.T.);
#534=FACE_OUTER_BOUND('',#1036,.T.);
#535=FACE_OUTER_BOUND('',#1037,.T.);
#536=FACE_OUTER_BOUND('',#1038,.T.);
#537=FACE_OUTER_BOUND('',#1039,.T.);
#538=FACE_OUTER_BOUND('',#1040,.T.);
#539=FACE_OUTER_BOUND('',#1041,.T.);
#540=FACE_OUTER_BOUND('',#1042,.T.);
#541=FACE_OUTER_BOUND('',#1043,.T.);
#542=FACE_OUTER_BOUND('',#1044,.T.);
#543=FACE_OUTER_BOUND('',#1045,.T.);
#544=FACE_OUTER_BOUND('',#1046,.T.);
#545=FACE_OUTER_BOUND('',#1047,.T.);
#546=FACE_OUTER_BOUND('',#1048,.T.);
#547=FACE_OUTER_BOUND('',#1049,.T.);
#548=FACE_OUTER_BOUND('',#1050,.T.);
#549=FACE_OUTER_BOUND('',#1051,.T.);
#550=FACE_OUTER_BOUND('',#1052,.T.);
#551=FACE_OUTER_BOUND('',#1053,.T.);
#552=FACE_OUTER_BOUND('',#1054,.T.);
#553=FACE_OUTER_BOUND('',#1055,.T.);
#554=FACE_OUTER_BOUND('',#1056,.T.);
#555=FACE_OUTER_BOUND('',#1057,.T.);
#556=FACE_OUTER_BOUND('',#1058,.T.);
#557=FACE_OUTER_BOUND('',#1059,.T.);
#558=FACE_OUTER_BOUND('',#1060,.T.);
#559=FACE_OUTER_BOUND('',#1061,.T.);
#560=FACE_OUTER_BOUND('',#1062,.T.);
#561=FACE_OUTER_BOUND('',#1063,.T.);
#562=FACE_OUTER_BOUND('',#1064,.T.);
#563=FACE_OUTER_BOUND('',#1065,.T.);
#564=FACE_OUTER_BOUND('',#1066,.T.);
#565=FACE_OUTER_BOUND('',#1067,.T.);
#566=FACE_OUTER_BOUND('',#1068,.T.);
#567=FACE_OUTER_BOUND('',#1069,.T.);
#568=FACE_OUTER_BOUND('',#1070,.T.);
#569=FACE_OUTER_BOUND('',#1071,.T.);
#570=FACE_OUTER_BOUND('',#1072,.T.);
#571=FACE_OUTER_BOUND('',#1073,.T.);
#572=FACE_OUTER_BOUND('',#1074,.T.);
#573=FACE_OUTER_BOUND('',#1075,.T.);
#574=FACE_OUTER_BOUND('',#1076,.T.);
#575=FACE_OUTER_BOUND('',#1077,.T.);
#576=FACE_OUTER_BOUND('',#1078,.T.);
#577=FACE_OUTER_BOUND('',#1079,.T.);
#578=FACE_OUTER_BOUND('',#1080,.T.);
#579=FACE_OUTER_BOUND('',#1081,.T.);
#580=FACE_OUTER_BOUND('',#1082,.T.);
#581=FACE_OUTER_BOUND('',#1083,.T.);
#582=FACE_OUTER_BOUND('',#1084,.T.);
#583=FACE_OUTER_BOUND('',#1085,.T.);
#584=FACE_OUTER_BOUND('',#1086,.T.);
#585=FACE_OUTER_BOUND('',#1087,.T.);
#586=FACE_OUTER_BOUND('',#1088,.T.);
#587=FACE_OUTER_BOUND('',#1089,.T.);
#588=FACE_OUTER_BOUND('',#1090,.T.);
#589=FACE_OUTER_BOUND('',#1091,.T.);
#590=FACE_OUTER_BOUND('',#1092,.T.);
#591=FACE_OUTER_BOUND('',#1093,.T.);
#592=FACE_OUTER_BOUND('',#1094,.T.);
#593=FACE_OUTER_BOUND('',#1095,.T.);
#594=FACE_OUTER_BOUND('',#1096,.T.);
#595=FACE_OUTER_BOUND('',#1097,.T.);
#596=FACE_OUTER_BOUND('',#1098,.T.);
#597=FACE_OUTER_BOUND('',#1099,.T.);
#598=FACE_OUTER_BOUND('',#1100,.T.);
#599=FACE_OUTER_BOUND('',#1101,.T.);
#600=FACE_OUTER_BOUND('',#1102,.T.);
#601=FACE_OUTER_BOUND('',#1103,.T.);
#602=FACE_OUTER_BOUND('',#1104,.T.);
#603=FACE_OUTER_BOUND('',#1105,.T.);
#604=FACE_OUTER_BOUND('',#1106,.T.);
#605=FACE_OUTER_BOUND('',#1107,.T.);
#606=FACE_OUTER_BOUND('',#1108,.T.);
#607=FACE_OUTER_BOUND('',#1109,.T.);
#608=FACE_OUTER_BOUND('',#1110,.T.);
#609=FACE_OUTER_BOUND('',#1111,.T.);
#610=FACE_OUTER_BOUND('',#1112,.T.);
#611=FACE_OUTER_BOUND('',#1113,.T.);
#612=FACE_OUTER_BOUND('',#1114,.T.);
#613=FACE_OUTER_BOUND('',#1115,.T.);
#614=FACE_OUTER_BOUND('',#1116,.T.);
#615=FACE_OUTER_BOUND('',#1117,.T.);
#616=FACE_OUTER_BOUND('',#1118,.T.);
#617=FACE_OUTER_BOUND('',#1119,.T.);
#618=FACE_OUTER_BOUND('',#1120,.T.);
#619=FACE_OUTER_BOUND('',#1121,.T.);
#620=FACE_OUTER_BOUND('',#1122,.T.);
#621=FACE_OUTER_BOUND('',#1123,.T.);
#622=FACE_OUTER_BOUND('',#1124,.T.);
#623=FACE_OUTER_BOUND('',#1125,.T.);
#624=FACE_OUTER_BOUND('',#1126,.T.);
#625=FACE_OUTER_BOUND('',#1127,.T.);
#626=FACE_OUTER_BOUND('',#1128,.T.);
#627=FACE_OUTER_BOUND('',#1129,.T.);
#628=FACE_OUTER_BOUND('',#1130,.T.);
#629=FACE_OUTER_BOUND('',#1131,.T.);
#630=FACE_OUTER_BOUND('',#1132,.T.);
#631=FACE_OUTER_BOUND('',#1133,.T.);
#632=FACE_OUTER_BOUND('',#1134,.T.);
#633=FACE_OUTER_BOUND('',#1135,.T.);
#634=FACE_OUTER_BOUND('',#1136,.T.);
#635=FACE_OUTER_BOUND('',#1137,.T.);
#636=FACE_OUTER_BOUND('',#1138,.T.);
#637=FACE_OUTER_BOUND('',#1139,.T.);
#638=FACE_OUTER_BOUND('',#1140,.T.);
#639=FACE_OUTER_BOUND('',#1141,.T.);
#640=FACE_OUTER_BOUND('',#1142,.T.);
#641=FACE_OUTER_BOUND('',#1143,.T.);
#642=FACE_OUTER_BOUND('',#1144,.T.);
#643=FACE_OUTER_BOUND('',#1145,.T.);
#644=FACE_OUTER_BOUND('',#1146,.T.);
#645=FACE_OUTER_BOUND('',#1147,.T.);
#646=FACE_OUTER_BOUND('',#1148,.T.);
#647=FACE_OUTER_BOUND('',#1149,.T.);
#648=FACE_OUTER_BOUND('',#1150,.T.);
#649=FACE_OUTER_BOUND('',#1151,.T.);
#650=FACE_OUTER_BOUND('',#1152,.T.);
#651=FACE_OUTER_BOUND('',#1153,.T.);
#652=FACE_OUTER_BOUND('',#1154,.T.);
#653=FACE_OUTER_BOUND('',#1155,.T.);
#654=FACE_OUTER_BOUND('',#1156,.T.);
#655=FACE_OUTER_BOUND('',#1157,.T.);
#656=FACE_OUTER_BOUND('',#1158,.T.);
#657=FACE_OUTER_BOUND('',#1159,.T.);
#658=FACE_OUTER_BOUND('',#1160,.T.);
#659=FACE_OUTER_BOUND('',#1161,.T.);
#660=FACE_OUTER_BOUND('',#1162,.T.);
#661=FACE_OUTER_BOUND('',#1163,.T.);
#662=FACE_OUTER_BOUND('',#1164,.T.);
#663=FACE_OUTER_BOUND('',#1165,.T.);
#664=FACE_OUTER_BOUND('',#1166,.T.);
#665=FACE_OUTER_BOUND('',#1167,.T.);
#666=FACE_OUTER_BOUND('',#1168,.T.);
#667=FACE_OUTER_BOUND('',#1169,.T.);
#668=FACE_OUTER_BOUND('',#1170,.T.);
#669=FACE_OUTER_BOUND('',#1171,.T.);
#670=FACE_OUTER_BOUND('',#1172,.T.);
#671=FACE_OUTER_BOUND('',#1173,.T.);
#672=FACE_OUTER_BOUND('',#1174,.T.);
#673=FACE_OUTER_BOUND('',#1175,.T.);
#674=FACE_OUTER_BOUND('',#1176,.T.);
#675=FACE_OUTER_BOUND('',#1177,.T.);
#676=FACE_OUTER_BOUND('',#1178,.T.);
#677=FACE_OUTER_BOUND('',#1179,.T.);
#678=FACE_OUTER_BOUND('',#1180,.T.);
#679=FACE_OUTER_BOUND('',#1181,.T.);
#680=FACE_OUTER_BOUND('',#1182,.T.);
#681=FACE_OUTER_BOUND('',#1183,.T.);
#682=FACE_OUTER_BOUND('',#1184,.T.);
#683=FACE_OUTER_BOUND('',#1185,.T.);
#684=FACE_OUTER_BOUND('',#1186,.T.);
#685=FACE_OUTER_BOUND('',#1187,.T.);
#686=FACE_OUTER_BOUND('',#1188,.T.);
#687=FACE_OUTER_BOUND('',#1189,.T.);
#688=FACE_OUTER_BOUND('',#1190,.T.);
#689=FACE_OUTER_BOUND('',#1191,.T.);
#690=FACE_OUTER_BOUND('',#1192,.T.);
#691=FACE_OUTER_BOUND('',#1193,.T.);
#692=FACE_OUTER_BOUND('',#1194,.T.);
#693=FACE_OUTER_BOUND('',#1195,.T.);
#694=FACE_OUTER_BOUND('',#1196,.T.);
#695=FACE_OUTER_BOUND('',#1197,.T.);
#696=FACE_OUTER_BOUND('',#1198,.T.);
#697=FACE_OUTER_BOUND('',#1199,.T.);
#698=FACE_OUTER_BOUND('',#1200,.T.);
#699=FACE_OUTER_BOUND('',#1201,.T.);
#700=FACE_OUTER_BOUND('',#1202,.T.);
#701=FACE_OUTER_BOUND('',#1203,.T.);
#702=FACE_OUTER_BOUND('',#1204,.T.);
#703=FACE_OUTER_BOUND('',#1205,.T.);
#704=FACE_OUTER_BOUND('',#1206,.T.);
#705=FACE_OUTER_BOUND('',#1207,.T.);
#706=FACE_OUTER_BOUND('',#1208,.T.);
#707=FACE_OUTER_BOUND('',#1209,.T.);
#708=FACE_OUTER_BOUND('',#1210,.T.);
#709=FACE_OUTER_BOUND('',#1211,.T.);
#710=FACE_OUTER_BOUND('',#1212,.T.);
#711=FACE_OUTER_BOUND('',#1213,.T.);
#712=FACE_OUTER_BOUND('',#1214,.T.);
#713=FACE_OUTER_BOUND('',#1215,.T.);
#714=FACE_OUTER_BOUND('',#1216,.T.);
#715=FACE_OUTER_BOUND('',#1217,.T.);
#716=FACE_OUTER_BOUND('',#1218,.T.);
#717=FACE_OUTER_BOUND('',#1219,.T.);
#718=FACE_OUTER_BOUND('',#1220,.T.);
#719=FACE_OUTER_BOUND('',#1221,.T.);
#720=FACE_OUTER_BOUND('',#1222,.T.);
#721=FACE_OUTER_BOUND('',#1223,.T.);
#722=FACE_OUTER_BOUND('',#1224,.T.);
#723=FACE_OUTER_BOUND('',#1225,.T.);
#724=FACE_OUTER_BOUND('',#1226,.T.);
#725=FACE_OUTER_BOUND('',#1227,.T.);
#726=FACE_OUTER_BOUND('',#1228,.T.);
#727=FACE_OUTER_BOUND('',#1229,.T.);
#728=FACE_OUTER_BOUND('',#1230,.T.);
#729=FACE_OUTER_BOUND('',#1231,.T.);
#730=FACE_OUTER_BOUND('',#1232,.T.);
#731=FACE_OUTER_BOUND('',#1233,.T.);
#732=FACE_OUTER_BOUND('',#1234,.T.);
#733=FACE_OUTER_BOUND('',#1235,.T.);
#734=FACE_OUTER_BOUND('',#1236,.T.);
#735=FACE_OUTER_BOUND('',#1237,.T.);
#736=FACE_OUTER_BOUND('',#1238,.T.);
#737=FACE_OUTER_BOUND('',#1239,.T.);
#738=FACE_OUTER_BOUND('',#1240,.T.);
#739=FACE_OUTER_BOUND('',#1241,.T.);
#740=FACE_OUTER_BOUND('',#1242,.T.);
#741=FACE_OUTER_BOUND('',#1243,.T.);
#742=FACE_OUTER_BOUND('',#1244,.T.);
#743=FACE_OUTER_BOUND('',#1245,.T.);
#744=FACE_OUTER_BOUND('',#1246,.T.);
#745=FACE_OUTER_BOUND('',#1247,.T.);
#746=FACE_OUTER_BOUND('',#1248,.T.);
#747=FACE_OUTER_BOUND('',#1249,.T.);
#748=FACE_OUTER_BOUND('',#1250,.T.);
#749=FACE_OUTER_BOUND('',#1251,.T.);
#750=FACE_OUTER_BOUND('',#1252,.T.);
#751=FACE_OUTER_BOUND('',#1253,.T.);
#752=FACE_OUTER_BOUND('',#1254,.T.);
#753=FACE_OUTER_BOUND('',#1255,.T.);
#754=FACE_OUTER_BOUND('',#1256,.T.);
#755=FACE_OUTER_BOUND('',#1257,.T.);
#756=FACE_OUTER_BOUND('',#1258,.T.);
#757=FACE_OUTER_BOUND('',#1259,.T.);
#758=FACE_OUTER_BOUND('',#1260,.T.);
#759=FACE_OUTER_BOUND('',#1261,.T.);
#760=FACE_OUTER_BOUND('',#1262,.T.);
#761=FACE_OUTER_BOUND('',#1263,.T.);
#762=FACE_OUTER_BOUND('',#1264,.T.);
#763=FACE_OUTER_BOUND('',#1265,.T.);
#764=FACE_OUTER_BOUND('',#1266,.T.);
#765=FACE_OUTER_BOUND('',#1267,.T.);
#766=FACE_OUTER_BOUND('',#1268,.T.);
#767=FACE_OUTER_BOUND('',#1269,.T.);
#768=FACE_OUTER_BOUND('',#1270,.T.);
#769=FACE_OUTER_BOUND('',#1271,.T.);
#770=FACE_OUTER_BOUND('',#1274,.T.);
#771=FACE_OUTER_BOUND('',#1275,.T.);
#772=FACE_OUTER_BOUND('',#1276,.T.);
#773=FACE_OUTER_BOUND('',#1277,.T.);
#774=FACE_OUTER_BOUND('',#1278,.T.);
#775=FACE_OUTER_BOUND('',#1279,.T.);
#776=FACE_OUTER_BOUND('',#1280,.T.);
#777=FACE_OUTER_BOUND('',#1281,.T.);
#778=FACE_OUTER_BOUND('',#1282,.T.);
#779=FACE_OUTER_BOUND('',#1287,.T.);
#780=FACE_OUTER_BOUND('',#1288,.T.);
#781=FACE_OUTER_BOUND('',#1289,.T.);
#782=FACE_OUTER_BOUND('',#1290,.T.);
#783=FACE_OUTER_BOUND('',#1291,.T.);
#784=FACE_OUTER_BOUND('',#1292,.T.);
#785=FACE_OUTER_BOUND('',#1293,.T.);
#786=FACE_OUTER_BOUND('',#1294,.T.);
#787=FACE_OUTER_BOUND('',#1295,.T.);
#788=FACE_OUTER_BOUND('',#1296,.T.);
#789=FACE_OUTER_BOUND('',#1297,.T.);
#790=FACE_OUTER_BOUND('',#1298,.T.);
#791=FACE_OUTER_BOUND('',#1299,.T.);
#792=FACE_OUTER_BOUND('',#1300,.T.);
#793=FACE_OUTER_BOUND('',#1301,.T.);
#794=FACE_OUTER_BOUND('',#1302,.T.);
#795=FACE_OUTER_BOUND('',#1303,.T.);
#796=FACE_OUTER_BOUND('',#1304,.T.);
#797=FACE_OUTER_BOUND('',#1305,.T.);
#798=FACE_OUTER_BOUND('',#1306,.T.);
#799=FACE_OUTER_BOUND('',#1307,.T.);
#800=FACE_OUTER_BOUND('',#1308,.T.);
#801=FACE_OUTER_BOUND('',#1309,.T.);
#802=FACE_OUTER_BOUND('',#1310,.T.);
#803=FACE_OUTER_BOUND('',#1311,.T.);
#804=FACE_OUTER_BOUND('',#1312,.T.);
#805=FACE_OUTER_BOUND('',#1313,.T.);
#806=FACE_OUTER_BOUND('',#1314,.T.);
#807=FACE_OUTER_BOUND('',#1315,.T.);
#808=FACE_OUTER_BOUND('',#1316,.T.);
#809=FACE_OUTER_BOUND('',#1317,.T.);
#810=FACE_OUTER_BOUND('',#1318,.T.);
#811=FACE_OUTER_BOUND('',#1319,.T.);
#812=FACE_OUTER_BOUND('',#1320,.T.);
#813=FACE_OUTER_BOUND('',#1321,.T.);
#814=FACE_OUTER_BOUND('',#1322,.T.);
#815=FACE_OUTER_BOUND('',#1323,.T.);
#816=FACE_OUTER_BOUND('',#1324,.T.);
#817=FACE_OUTER_BOUND('',#1325,.T.);
#818=FACE_OUTER_BOUND('',#1326,.T.);
#819=FACE_OUTER_BOUND('',#1327,.T.);
#820=FACE_OUTER_BOUND('',#1328,.T.);
#821=FACE_OUTER_BOUND('',#1329,.T.);
#822=FACE_OUTER_BOUND('',#1330,.T.);
#823=FACE_OUTER_BOUND('',#1331,.T.);
#824=FACE_OUTER_BOUND('',#1332,.T.);
#825=FACE_OUTER_BOUND('',#1333,.T.);
#826=FACE_OUTER_BOUND('',#1334,.T.);
#827=FACE_OUTER_BOUND('',#1335,.T.);
#828=FACE_OUTER_BOUND('',#1336,.T.);
#829=FACE_OUTER_BOUND('',#1337,.T.);
#830=FACE_OUTER_BOUND('',#1338,.T.);
#831=FACE_OUTER_BOUND('',#1339,.T.);
#832=FACE_OUTER_BOUND('',#1340,.T.);
#833=FACE_OUTER_BOUND('',#1341,.T.);
#834=FACE_OUTER_BOUND('',#1342,.T.);
#835=FACE_OUTER_BOUND('',#1343,.T.);
#836=FACE_OUTER_BOUND('',#1344,.T.);
#837=FACE_OUTER_BOUND('',#1345,.T.);
#838=FACE_OUTER_BOUND('',#1346,.T.);
#839=FACE_OUTER_BOUND('',#1347,.T.);
#840=FACE_OUTER_BOUND('',#1348,.T.);
#841=FACE_OUTER_BOUND('',#1349,.T.);
#842=FACE_OUTER_BOUND('',#1350,.T.);
#843=FACE_OUTER_BOUND('',#1351,.T.);
#844=FACE_OUTER_BOUND('',#1352,.T.);
#845=FACE_OUTER_BOUND('',#1353,.T.);
#846=FACE_OUTER_BOUND('',#1354,.T.);
#847=FACE_OUTER_BOUND('',#1355,.T.);
#848=FACE_OUTER_BOUND('',#1356,.T.);
#849=FACE_OUTER_BOUND('',#1357,.T.);
#850=FACE_OUTER_BOUND('',#1358,.T.);
#851=FACE_OUTER_BOUND('',#1359,.T.);
#852=FACE_OUTER_BOUND('',#1360,.T.);
#853=FACE_OUTER_BOUND('',#1361,.T.);
#854=FACE_OUTER_BOUND('',#1362,.T.);
#855=FACE_OUTER_BOUND('',#1363,.T.);
#856=FACE_OUTER_BOUND('',#1364,.T.);
#857=FACE_OUTER_BOUND('',#1365,.T.);
#858=FACE_OUTER_BOUND('',#1366,.T.);
#859=FACE_OUTER_BOUND('',#1367,.T.);
#860=FACE_OUTER_BOUND('',#1369,.T.);
#861=FACE_OUTER_BOUND('',#1370,.T.);
#862=FACE_OUTER_BOUND('',#1371,.T.);
#863=FACE_OUTER_BOUND('',#1372,.T.);
#864=FACE_OUTER_BOUND('',#1373,.T.);
#865=FACE_OUTER_BOUND('',#1374,.T.);
#866=FACE_OUTER_BOUND('',#1375,.T.);
#867=FACE_OUTER_BOUND('',#1376,.T.);
#868=FACE_OUTER_BOUND('',#1377,.T.);
#869=FACE_OUTER_BOUND('',#1378,.T.);
#870=FACE_OUTER_BOUND('',#1379,.T.);
#871=FACE_OUTER_BOUND('',#1380,.T.);
#872=FACE_OUTER_BOUND('',#1381,.T.);
#873=EDGE_LOOP('',(#6229,#6230,#6231,#6232));
#874=EDGE_LOOP('',(#6233,#6234,#6235,#6236));
#875=EDGE_LOOP('',(#6237,#6238,#6239,#6240));
#876=EDGE_LOOP('',(#6241,#6242,#6243,#6244));
#877=EDGE_LOOP('',(#6245,#6246,#6247,#6248,#6249,#6250,#6251,#6252,#6253,
#6254,#6255,#6256,#6257,#6258,#6259,#6260,#6261,#6262,#6263,#6264,#6265,
#6266,#6267,#6268,#6269,#6270,#6271,#6272,#6273,#6274,#6275,#6276,#6277,
#6278,#6279,#6280,#6281,#6282,#6283,#6284,#6285,#6286,#6287,#6288,#6289,
#6290,#6291,#6292,#6293,#6294,#6295,#6296,#6297,#6298,#6299,#6300,#6301,
#6302,#6303,#6304,#6305,#6306,#6307,#6308,#6309,#6310,#6311,#6312,#6313,
#6314,#6315,#6316,#6317,#6318,#6319,#6320,#6321,#6322,#6323,#6324,#6325,
#6326,#6327,#6328,#6329,#6330));
#878=EDGE_LOOP('',(#6331,#6332,#6333,#6334,#6335));
#879=EDGE_LOOP('',(#6336,#6337,#6338,#6339));
#880=EDGE_LOOP('',(#6340,#6341,#6342,#6343,#6344));
#881=EDGE_LOOP('',(#6345,#6346,#6347,#6348,#6349));
#882=EDGE_LOOP('',(#6350,#6351,#6352,#6353));
#883=EDGE_LOOP('',(#6354,#6355,#6356,#6357,#6358));
#884=EDGE_LOOP('',(#6359,#6360,#6361,#6362,#6363));
#885=EDGE_LOOP('',(#6364,#6365,#6366,#6367));
#886=EDGE_LOOP('',(#6368,#6369,#6370,#6371,#6372));
#887=EDGE_LOOP('',(#6373,#6374,#6375,#6376,#6377));
#888=EDGE_LOOP('',(#6378,#6379,#6380,#6381));
#889=EDGE_LOOP('',(#6382,#6383,#6384,#6385,#6386));
#890=EDGE_LOOP('',(#6387,#6388,#6389,#6390,#6391));
#891=EDGE_LOOP('',(#6392,#6393,#6394,#6395));
#892=EDGE_LOOP('',(#6396,#6397,#6398,#6399,#6400));
#893=EDGE_LOOP('',(#6401,#6402,#6403,#6404,#6405));
#894=EDGE_LOOP('',(#6406,#6407,#6408,#6409));
#895=EDGE_LOOP('',(#6410,#6411,#6412,#6413,#6414));
#896=EDGE_LOOP('',(#6415,#6416,#6417,#6418,#6419));
#897=EDGE_LOOP('',(#6420,#6421,#6422,#6423));
#898=EDGE_LOOP('',(#6424,#6425,#6426,#6427,#6428));
#899=EDGE_LOOP('',(#6429,#6430,#6431,#6432,#6433));
#900=EDGE_LOOP('',(#6434,#6435,#6436,#6437));
#901=EDGE_LOOP('',(#6438,#6439,#6440,#6441,#6442));
#902=EDGE_LOOP('',(#6443,#6444,#6445,#6446,#6447));
#903=EDGE_LOOP('',(#6448,#6449,#6450,#6451));
#904=EDGE_LOOP('',(#6452,#6453,#6454,#6455,#6456));
#905=EDGE_LOOP('',(#6457,#6458,#6459,#6460));
#906=EDGE_LOOP('',(#6461,#6462,#6463,#6464,#6465,#6466,#6467,#6468,#6469,
#6470,#6471,#6472));
#907=EDGE_LOOP('',(#6473,#6474,#6475,#6476,#6477,#6478,#6479,#6480,#6481,
#6482,#6483,#6484));
#908=EDGE_LOOP('',(#6485,#6486,#6487,#6488,#6489,#6490,#6491,#6492,#6493));
#909=EDGE_LOOP('',(#6494,#6495,#6496,#6497,#6498,#6499,#6500,#6501,#6502));
#910=EDGE_LOOP('',(#6503,#6504,#6505,#6506));
#911=EDGE_LOOP('',(#6507,#6508,#6509,#6510));
#912=EDGE_LOOP('',(#6511,#6512,#6513,#6514,#6515,#6516,#6517,#6518,#6519,
#6520,#6521,#6522));
#913=EDGE_LOOP('',(#6523,#6524,#6525,#6526));
#914=EDGE_LOOP('',(#6527,#6528,#6529,#6530));
#915=EDGE_LOOP('',(#6531,#6532,#6533,#6534));
#916=EDGE_LOOP('',(#6535,#6536,#6537,#6538,#6539,#6540,#6541));
#917=EDGE_LOOP('',(#6542,#6543,#6544,#6545));
#918=EDGE_LOOP('',(#6546,#6547,#6548,#6549));
#919=EDGE_LOOP('',(#6550,#6551,#6552,#6553));
#920=EDGE_LOOP('',(#6554,#6555,#6556,#6557,#6558,#6559,#6560,#6561,#6562,
#6563,#6564,#6565));
#921=EDGE_LOOP('',(#6566,#6567,#6568,#6569));
#922=EDGE_LOOP('',(#6570,#6571,#6572,#6573));
#923=EDGE_LOOP('',(#6574,#6575,#6576,#6577));
#924=EDGE_LOOP('',(#6578,#6579,#6580,#6581));
#925=EDGE_LOOP('',(#6582,#6583,#6584,#6585));
#926=EDGE_LOOP('',(#6586,#6587,#6588,#6589));
#927=EDGE_LOOP('',(#6590,#6591,#6592,#6593));
#928=EDGE_LOOP('',(#6594,#6595,#6596,#6597));
#929=EDGE_LOOP('',(#6598,#6599,#6600,#6601));
#930=EDGE_LOOP('',(#6602,#6603,#6604,#6605));
#931=EDGE_LOOP('',(#6606,#6607,#6608,#6609,#6610,#6611,#6612));
#932=EDGE_LOOP('',(#6613,#6614,#6615,#6616,#6617,#6618,#6619,#6620,#6621,
#6622,#6623,#6624,#6625,#6626,#6627,#6628));
#933=EDGE_LOOP('',(#6629,#6630,#6631,#6632,#6633,#6634,#6635,#6636,#6637,
#6638,#6639,#6640,#6641,#6642,#6643,#6644,#6645,#6646,#6647,#6648,#6649,
#6650,#6651,#6652,#6653,#6654,#6655,#6656,#6657,#6658,#6659,#6660,#6661,
#6662,#6663,#6664,#6665,#6666,#6667,#6668,#6669,#6670,#6671,#6672,#6673,
#6674,#6675,#6676,#6677,#6678,#6679,#6680,#6681,#6682,#6683,#6684,#6685,
#6686,#6687,#6688,#6689,#6690,#6691,#6692,#6693,#6694,#6695,#6696,#6697,
#6698,#6699,#6700,#6701,#6702,#6703,#6704,#6705,#6706,#6707,#6708,#6709,
#6710,#6711,#6712,#6713,#6714,#6715,#6716,#6717,#6718,#6719,#6720,#6721,
#6722,#6723,#6724,#6725,#6726,#6727,#6728,#6729,#6730,#6731,#6732,#6733,
#6734,#6735,#6736,#6737,#6738,#6739,#6740,#6741,#6742,#6743,#6744,#6745,
#6746,#6747,#6748,#6749,#6750,#6751,#6752,#6753,#6754,#6755,#6756,#6757,
#6758,#6759,#6760,#6761,#6762,#6763,#6764,#6765,#6766,#6767,#6768,#6769,
#6770,#6771,#6772,#6773,#6774,#6775,#6776,#6777,#6778,#6779,#6780,#6781,
#6782,#6783,#6784,#6785,#6786,#6787,#6788,#6789,#6790,#6791,#6792));
#934=EDGE_LOOP('',(#6793,#6794,#6795,#6796));
#935=EDGE_LOOP('',(#6797,#6798,#6799,#6800));
#936=EDGE_LOOP('',(#6801,#6802,#6803,#6804));
#937=EDGE_LOOP('',(#6805,#6806,#6807,#6808));
#938=EDGE_LOOP('',(#6809,#6810,#6811,#6812));
#939=EDGE_LOOP('',(#6813,#6814,#6815,#6816));
#940=EDGE_LOOP('',(#6817,#6818,#6819,#6820));
#941=EDGE_LOOP('',(#6821,#6822,#6823,#6824,#6825));
#942=EDGE_LOOP('',(#6826,#6827,#6828,#6829));
#943=EDGE_LOOP('',(#6830,#6831,#6832,#6833));
#944=EDGE_LOOP('',(#6834,#6835,#6836,#6837));
#945=EDGE_LOOP('',(#6838,#6839,#6840,#6841,#6842));
#946=EDGE_LOOP('',(#6843,#6844,#6845,#6846));
#947=EDGE_LOOP('',(#6847,#6848,#6849,#6850));
#948=EDGE_LOOP('',(#6851,#6852,#6853,#6854));
#949=EDGE_LOOP('',(#6855,#6856,#6857,#6858));
#950=EDGE_LOOP('',(#6859,#6860,#6861,#6862));
#951=EDGE_LOOP('',(#6863,#6864,#6865,#6866));
#952=EDGE_LOOP('',(#6867,#6868,#6869,#6870));
#953=EDGE_LOOP('',(#6871,#6872,#6873,#6874));
#954=EDGE_LOOP('',(#6875,#6876,#6877,#6878));
#955=EDGE_LOOP('',(#6879,#6880,#6881,#6882));
#956=EDGE_LOOP('',(#6883,#6884,#6885,#6886));
#957=EDGE_LOOP('',(#6887,#6888,#6889,#6890));
#958=EDGE_LOOP('',(#6891,#6892,#6893,#6894));
#959=EDGE_LOOP('',(#6895,#6896,#6897,#6898));
#960=EDGE_LOOP('',(#6899,#6900,#6901,#6902));
#961=EDGE_LOOP('',(#6903,#6904,#6905,#6906));
#962=EDGE_LOOP('',(#6907,#6908,#6909,#6910));
#963=EDGE_LOOP('',(#6911,#6912,#6913,#6914));
#964=EDGE_LOOP('',(#6915,#6916,#6917,#6918));
#965=EDGE_LOOP('',(#6919,#6920,#6921,#6922));
#966=EDGE_LOOP('',(#6923,#6924,#6925,#6926));
#967=EDGE_LOOP('',(#6927,#6928,#6929,#6930));
#968=EDGE_LOOP('',(#6931,#6932,#6933,#6934));
#969=EDGE_LOOP('',(#6935,#6936,#6937,#6938));
#970=EDGE_LOOP('',(#6939,#6940,#6941,#6942));
#971=EDGE_LOOP('',(#6943,#6944,#6945,#6946));
#972=EDGE_LOOP('',(#6947,#6948,#6949,#6950));
#973=EDGE_LOOP('',(#6951,#6952,#6953,#6954));
#974=EDGE_LOOP('',(#6955,#6956,#6957,#6958));
#975=EDGE_LOOP('',(#6959,#6960,#6961,#6962));
#976=EDGE_LOOP('',(#6963,#6964,#6965,#6966));
#977=EDGE_LOOP('',(#6967,#6968,#6969,#6970));
#978=EDGE_LOOP('',(#6971,#6972,#6973,#6974));
#979=EDGE_LOOP('',(#6975,#6976,#6977,#6978));
#980=EDGE_LOOP('',(#6979,#6980,#6981,#6982));
#981=EDGE_LOOP('',(#6983,#6984,#6985,#6986));
#982=EDGE_LOOP('',(#6987,#6988,#6989,#6990));
#983=EDGE_LOOP('',(#6991,#6992,#6993,#6994));
#984=EDGE_LOOP('',(#6995,#6996,#6997,#6998));
#985=EDGE_LOOP('',(#6999,#7000,#7001,#7002));
#986=EDGE_LOOP('',(#7003,#7004,#7005,#7006));
#987=EDGE_LOOP('',(#7007,#7008,#7009,#7010));
#988=EDGE_LOOP('',(#7011,#7012,#7013,#7014));
#989=EDGE_LOOP('',(#7015,#7016,#7017,#7018));
#990=EDGE_LOOP('',(#7019,#7020,#7021,#7022));
#991=EDGE_LOOP('',(#7023,#7024,#7025,#7026));
#992=EDGE_LOOP('',(#7027,#7028,#7029,#7030));
#993=EDGE_LOOP('',(#7031,#7032,#7033,#7034));
#994=EDGE_LOOP('',(#7035,#7036,#7037,#7038));
#995=EDGE_LOOP('',(#7039,#7040,#7041,#7042));
#996=EDGE_LOOP('',(#7043,#7044,#7045,#7046));
#997=EDGE_LOOP('',(#7047,#7048,#7049,#7050));
#998=EDGE_LOOP('',(#7051,#7052,#7053,#7054));
#999=EDGE_LOOP('',(#7055,#7056,#7057,#7058));
#1000=EDGE_LOOP('',(#7059,#7060,#7061,#7062));
#1001=EDGE_LOOP('',(#7063,#7064,#7065,#7066));
#1002=EDGE_LOOP('',(#7067,#7068,#7069,#7070));
#1003=EDGE_LOOP('',(#7071,#7072,#7073,#7074));
#1004=EDGE_LOOP('',(#7075,#7076,#7077,#7078));
#1005=EDGE_LOOP('',(#7079,#7080,#7081,#7082));
#1006=EDGE_LOOP('',(#7083,#7084,#7085,#7086));
#1007=EDGE_LOOP('',(#7087,#7088,#7089,#7090));
#1008=EDGE_LOOP('',(#7091,#7092,#7093,#7094));
#1009=EDGE_LOOP('',(#7095,#7096,#7097,#7098));
#1010=EDGE_LOOP('',(#7099,#7100,#7101,#7102));
#1011=EDGE_LOOP('',(#7103,#7104,#7105,#7106));
#1012=EDGE_LOOP('',(#7107,#7108,#7109,#7110));
#1013=EDGE_LOOP('',(#7111,#7112,#7113,#7114));
#1014=EDGE_LOOP('',(#7115,#7116,#7117,#7118));
#1015=EDGE_LOOP('',(#7119,#7120,#7121,#7122));
#1016=EDGE_LOOP('',(#7123,#7124,#7125,#7126));
#1017=EDGE_LOOP('',(#7127,#7128,#7129,#7130));
#1018=EDGE_LOOP('',(#7131,#7132,#7133,#7134));
#1019=EDGE_LOOP('',(#7135,#7136,#7137,#7138));
#1020=EDGE_LOOP('',(#7139,#7140,#7141,#7142));
#1021=EDGE_LOOP('',(#7143,#7144,#7145,#7146));
#1022=EDGE_LOOP('',(#7147,#7148,#7149,#7150));
#1023=EDGE_LOOP('',(#7151,#7152,#7153,#7154));
#1024=EDGE_LOOP('',(#7155,#7156,#7157,#7158));
#1025=EDGE_LOOP('',(#7159,#7160,#7161,#7162));
#1026=EDGE_LOOP('',(#7163,#7164,#7165,#7166));
#1027=EDGE_LOOP('',(#7167,#7168,#7169,#7170,#7171,#7172));
#1028=EDGE_LOOP('',(#7173,#7174,#7175,#7176));
#1029=EDGE_LOOP('',(#7177,#7178,#7179,#7180));
#1030=EDGE_LOOP('',(#7181,#7182,#7183,#7184));
#1031=EDGE_LOOP('',(#7185,#7186,#7187,#7188));
#1032=EDGE_LOOP('',(#7189,#7190,#7191,#7192));
#1033=EDGE_LOOP('',(#7193,#7194,#7195,#7196));
#1034=EDGE_LOOP('',(#7197,#7198,#7199,#7200));
#1035=EDGE_LOOP('',(#7201,#7202,#7203,#7204));
#1036=EDGE_LOOP('',(#7205,#7206,#7207,#7208));
#1037=EDGE_LOOP('',(#7209,#7210,#7211,#7212));
#1038=EDGE_LOOP('',(#7213,#7214,#7215,#7216));
#1039=EDGE_LOOP('',(#7217,#7218,#7219,#7220));
#1040=EDGE_LOOP('',(#7221,#7222,#7223,#7224));
#1041=EDGE_LOOP('',(#7225,#7226,#7227,#7228,#7229,#7230,#7231,#7232,#7233,
#7234));
#1042=EDGE_LOOP('',(#7235,#7236,#7237,#7238));
#1043=EDGE_LOOP('',(#7239,#7240,#7241,#7242));
#1044=EDGE_LOOP('',(#7243,#7244,#7245,#7246));
#1045=EDGE_LOOP('',(#7247,#7248,#7249,#7250));
#1046=EDGE_LOOP('',(#7251,#7252,#7253,#7254));
#1047=EDGE_LOOP('',(#7255,#7256,#7257,#7258,#7259,#7260));
#1048=EDGE_LOOP('',(#7261,#7262,#7263,#7264,#7265,#7266));
#1049=EDGE_LOOP('',(#7267,#7268,#7269,#7270));
#1050=EDGE_LOOP('',(#7271,#7272,#7273,#7274,#7275));
#1051=EDGE_LOOP('',(#7276,#7277,#7278,#7279,#7280));
#1052=EDGE_LOOP('',(#7281,#7282,#7283,#7284,#7285,#7286,#7287,#7288,#7289,
#7290));
#1053=EDGE_LOOP('',(#7291,#7292,#7293,#7294));
#1054=EDGE_LOOP('',(#7295,#7296,#7297,#7298));
#1055=EDGE_LOOP('',(#7299,#7300,#7301,#7302));
#1056=EDGE_LOOP('',(#7303,#7304,#7305,#7306));
#1057=EDGE_LOOP('',(#7307,#7308,#7309,#7310));
#1058=EDGE_LOOP('',(#7311,#7312,#7313,#7314));
#1059=EDGE_LOOP('',(#7315,#7316,#7317,#7318));
#1060=EDGE_LOOP('',(#7319,#7320,#7321,#7322));
#1061=EDGE_LOOP('',(#7323,#7324,#7325,#7326,#7327,#7328));
#1062=EDGE_LOOP('',(#7329,#7330,#7331,#7332));
#1063=EDGE_LOOP('',(#7333,#7334,#7335,#7336,#7337));
#1064=EDGE_LOOP('',(#7338,#7339,#7340,#7341));
#1065=EDGE_LOOP('',(#7342,#7343,#7344,#7345,#7346,#7347));
#1066=EDGE_LOOP('',(#7348,#7349,#7350,#7351));
#1067=EDGE_LOOP('',(#7352,#7353,#7354,#7355));
#1068=EDGE_LOOP('',(#7356,#7357,#7358,#7359));
#1069=EDGE_LOOP('',(#7360,#7361,#7362,#7363,#7364,#7365));
#1070=EDGE_LOOP('',(#7366,#7367,#7368,#7369,#7370));
#1071=EDGE_LOOP('',(#7371,#7372,#7373,#7374,#7375));
#1072=EDGE_LOOP('',(#7376,#7377,#7378,#7379,#7380,#7381,#7382,#7383));
#1073=EDGE_LOOP('',(#7384,#7385,#7386,#7387));
#1074=EDGE_LOOP('',(#7388,#7389,#7390,#7391));
#1075=EDGE_LOOP('',(#7392,#7393,#7394,#7395,#7396,#7397,#7398,#7399,#7400,
#7401,#7402,#7403,#7404,#7405,#7406,#7407,#7408,#7409,#7410));
#1076=EDGE_LOOP('',(#7411,#7412,#7413,#7414));
#1077=EDGE_LOOP('',(#7415,#7416,#7417,#7418,#7419));
#1078=EDGE_LOOP('',(#7420,#7421,#7422,#7423,#7424,#7425,#7426));
#1079=EDGE_LOOP('',(#7427,#7428,#7429,#7430,#7431,#7432));
#1080=EDGE_LOOP('',(#7433,#7434,#7435,#7436));
#1081=EDGE_LOOP('',(#7437,#7438,#7439,#7440));
#1082=EDGE_LOOP('',(#7441,#7442,#7443,#7444,#7445,#7446,#7447));
#1083=EDGE_LOOP('',(#7448,#7449,#7450,#7451));
#1084=EDGE_LOOP('',(#7452,#7453,#7454,#7455));
#1085=EDGE_LOOP('',(#7456,#7457,#7458,#7459,#7460));
#1086=EDGE_LOOP('',(#7461,#7462,#7463,#7464));
#1087=EDGE_LOOP('',(#7465,#7466,#7467,#7468,#7469));
#1088=EDGE_LOOP('',(#7470,#7471,#7472,#7473));
#1089=EDGE_LOOP('',(#7474,#7475,#7476,#7477,#7478));
#1090=EDGE_LOOP('',(#7479,#7480,#7481,#7482,#7483));
#1091=EDGE_LOOP('',(#7484,#7485,#7486,#7487));
#1092=EDGE_LOOP('',(#7488,#7489,#7490,#7491,#7492));
#1093=EDGE_LOOP('',(#7493,#7494,#7495,#7496));
#1094=EDGE_LOOP('',(#7497,#7498,#7499,#7500,#7501));
#1095=EDGE_LOOP('',(#7502,#7503,#7504,#7505));
#1096=EDGE_LOOP('',(#7506,#7507,#7508,#7509,#7510));
#1097=EDGE_LOOP('',(#7511,#7512,#7513,#7514));
#1098=EDGE_LOOP('',(#7515,#7516,#7517,#7518,#7519));
#1099=EDGE_LOOP('',(#7520,#7521,#7522,#7523,#7524));
#1100=EDGE_LOOP('',(#7525,#7526,#7527,#7528));
#1101=EDGE_LOOP('',(#7529,#7530,#7531,#7532,#7533));
#1102=EDGE_LOOP('',(#7534,#7535,#7536,#7537));
#1103=EDGE_LOOP('',(#7538,#7539,#7540,#7541));
#1104=EDGE_LOOP('',(#7542,#7543,#7544,#7545));
#1105=EDGE_LOOP('',(#7546,#7547,#7548,#7549,#7550));
#1106=EDGE_LOOP('',(#7551,#7552,#7553,#7554));
#1107=EDGE_LOOP('',(#7555,#7556,#7557,#7558));
#1108=EDGE_LOOP('',(#7559,#7560,#7561,#7562));
#1109=EDGE_LOOP('',(#7563,#7564,#7565,#7566,#7567));
#1110=EDGE_LOOP('',(#7568,#7569,#7570,#7571));
#1111=EDGE_LOOP('',(#7572,#7573,#7574,#7575));
#1112=EDGE_LOOP('',(#7576,#7577,#7578,#7579,#7580));
#1113=EDGE_LOOP('',(#7581,#7582,#7583,#7584));
#1114=EDGE_LOOP('',(#7585,#7586,#7587,#7588));
#1115=EDGE_LOOP('',(#7589,#7590,#7591,#7592,#7593));
#1116=EDGE_LOOP('',(#7594,#7595,#7596,#7597));
#1117=EDGE_LOOP('',(#7598,#7599,#7600,#7601));
#1118=EDGE_LOOP('',(#7602,#7603,#7604,#7605,#7606));
#1119=EDGE_LOOP('',(#7607,#7608,#7609,#7610));
#1120=EDGE_LOOP('',(#7611,#7612,#7613,#7614));
#1121=EDGE_LOOP('',(#7615,#7616,#7617,#7618,#7619));
#1122=EDGE_LOOP('',(#7620,#7621,#7622,#7623));
#1123=EDGE_LOOP('',(#7624,#7625,#7626,#7627));
#1124=EDGE_LOOP('',(#7628,#7629,#7630,#7631,#7632));
#1125=EDGE_LOOP('',(#7633,#7634,#7635,#7636));
#1126=EDGE_LOOP('',(#7637,#7638,#7639,#7640));
#1127=EDGE_LOOP('',(#7641,#7642,#7643,#7644,#7645));
#1128=EDGE_LOOP('',(#7646,#7647,#7648,#7649));
#1129=EDGE_LOOP('',(#7650,#7651,#7652,#7653));
#1130=EDGE_LOOP('',(#7654,#7655,#7656,#7657,#7658));
#1131=EDGE_LOOP('',(#7659,#7660,#7661,#7662));
#1132=EDGE_LOOP('',(#7663,#7664,#7665,#7666));
#1133=EDGE_LOOP('',(#7667,#7668,#7669,#7670));
#1134=EDGE_LOOP('',(#7671,#7672,#7673,#7674,#7675));
#1135=EDGE_LOOP('',(#7676,#7677,#7678));
#1136=EDGE_LOOP('',(#7679,#7680,#7681,#7682));
#1137=EDGE_LOOP('',(#7683,#7684,#7685,#7686));
#1138=EDGE_LOOP('',(#7687,#7688,#7689));
#1139=EDGE_LOOP('',(#7690,#7691,#7692,#7693));
#1140=EDGE_LOOP('',(#7694,#7695,#7696,#7697));
#1141=EDGE_LOOP('',(#7698,#7699,#7700,#7701));
#1142=EDGE_LOOP('',(#7702,#7703,#7704));
#1143=EDGE_LOOP('',(#7705,#7706,#7707,#7708));
#1144=EDGE_LOOP('',(#7709,#7710,#7711,#7712));
#1145=EDGE_LOOP('',(#7713,#7714,#7715,#7716));
#1146=EDGE_LOOP('',(#7717,#7718,#7719,#7720));
#1147=EDGE_LOOP('',(#7721,#7722,#7723,#7724));
#1148=EDGE_LOOP('',(#7725,#7726,#7727,#7728));
#1149=EDGE_LOOP('',(#7729,#7730,#7731,#7732));
#1150=EDGE_LOOP('',(#7733,#7734,#7735,#7736,#7737,#7738,#7739,#7740,#7741,
#7742));
#1151=EDGE_LOOP('',(#7743,#7744,#7745,#7746));
#1152=EDGE_LOOP('',(#7747,#7748,#7749,#7750));
#1153=EDGE_LOOP('',(#7751,#7752,#7753,#7754));
#1154=EDGE_LOOP('',(#7755,#7756,#7757,#7758));
#1155=EDGE_LOOP('',(#7759,#7760,#7761,#7762));
#1156=EDGE_LOOP('',(#7763,#7764,#7765,#7766));
#1157=EDGE_LOOP('',(#7767,#7768,#7769,#7770,#7771));
#1158=EDGE_LOOP('',(#7772,#7773,#7774,#7775,#7776));
#1159=EDGE_LOOP('',(#7777,#7778,#7779,#7780));
#1160=EDGE_LOOP('',(#7781,#7782,#7783,#7784));
#1161=EDGE_LOOP('',(#7785,#7786,#7787,#7788));
#1162=EDGE_LOOP('',(#7789,#7790,#7791,#7792));
#1163=EDGE_LOOP('',(#7793,#7794,#7795,#7796));
#1164=EDGE_LOOP('',(#7797,#7798,#7799,#7800));
#1165=EDGE_LOOP('',(#7801,#7802,#7803,#7804));
#1166=EDGE_LOOP('',(#7805,#7806,#7807,#7808,#7809));
#1167=EDGE_LOOP('',(#7810,#7811,#7812,#7813));
#1168=EDGE_LOOP('',(#7814,#7815,#7816,#7817));
#1169=EDGE_LOOP('',(#7818,#7819,#7820,#7821));
#1170=EDGE_LOOP('',(#7822,#7823,#7824,#7825,#7826));
#1171=EDGE_LOOP('',(#7827,#7828,#7829,#7830));
#1172=EDGE_LOOP('',(#7831,#7832,#7833,#7834));
#1173=EDGE_LOOP('',(#7835,#7836,#7837,#7838));
#1174=EDGE_LOOP('',(#7839,#7840,#7841,#7842));
#1175=EDGE_LOOP('',(#7843,#7844,#7845,#7846));
#1176=EDGE_LOOP('',(#7847,#7848,#7849,#7850));
#1177=EDGE_LOOP('',(#7851,#7852,#7853,#7854));
#1178=EDGE_LOOP('',(#7855,#7856,#7857,#7858));
#1179=EDGE_LOOP('',(#7859,#7860,#7861,#7862));
#1180=EDGE_LOOP('',(#7863,#7864,#7865,#7866));
#1181=EDGE_LOOP('',(#7867,#7868,#7869,#7870));
#1182=EDGE_LOOP('',(#7871,#7872,#7873,#7874));
#1183=EDGE_LOOP('',(#7875,#7876,#7877,#7878));
#1184=EDGE_LOOP('',(#7879,#7880,#7881,#7882));
#1185=EDGE_LOOP('',(#7883,#7884,#7885,#7886));
#1186=EDGE_LOOP('',(#7887,#7888,#7889,#7890));
#1187=EDGE_LOOP('',(#7891,#7892,#7893,#7894));
#1188=EDGE_LOOP('',(#7895,#7896,#7897,#7898));
#1189=EDGE_LOOP('',(#7899,#7900,#7901,#7902));
#1190=EDGE_LOOP('',(#7903,#7904,#7905,#7906));
#1191=EDGE_LOOP('',(#7907,#7908,#7909,#7910));
#1192=EDGE_LOOP('',(#7911,#7912,#7913,#7914));
#1193=EDGE_LOOP('',(#7915,#7916,#7917,#7918));
#1194=EDGE_LOOP('',(#7919,#7920,#7921,#7922));
#1195=EDGE_LOOP('',(#7923,#7924,#7925,#7926));
#1196=EDGE_LOOP('',(#7927,#7928,#7929,#7930));
#1197=EDGE_LOOP('',(#7931,#7932,#7933,#7934));
#1198=EDGE_LOOP('',(#7935,#7936,#7937,#7938));
#1199=EDGE_LOOP('',(#7939,#7940,#7941,#7942));
#1200=EDGE_LOOP('',(#7943,#7944,#7945,#7946));
#1201=EDGE_LOOP('',(#7947,#7948,#7949,#7950));
#1202=EDGE_LOOP('',(#7951,#7952,#7953,#7954));
#1203=EDGE_LOOP('',(#7955,#7956,#7957,#7958));
#1204=EDGE_LOOP('',(#7959,#7960,#7961,#7962));
#1205=EDGE_LOOP('',(#7963,#7964,#7965,#7966));
#1206=EDGE_LOOP('',(#7967,#7968,#7969,#7970));
#1207=EDGE_LOOP('',(#7971,#7972,#7973,#7974));
#1208=EDGE_LOOP('',(#7975,#7976,#7977,#7978));
#1209=EDGE_LOOP('',(#7979,#7980,#7981,#7982));
#1210=EDGE_LOOP('',(#7983,#7984,#7985,#7986));
#1211=EDGE_LOOP('',(#7987,#7988,#7989,#7990));
#1212=EDGE_LOOP('',(#7991,#7992,#7993,#7994));
#1213=EDGE_LOOP('',(#7995,#7996,#7997,#7998));
#1214=EDGE_LOOP('',(#7999,#8000,#8001,#8002));
#1215=EDGE_LOOP('',(#8003,#8004,#8005,#8006));
#1216=EDGE_LOOP('',(#8007,#8008,#8009,#8010));
#1217=EDGE_LOOP('',(#8011,#8012,#8013,#8014));
#1218=EDGE_LOOP('',(#8015,#8016,#8017,#8018));
#1219=EDGE_LOOP('',(#8019,#8020,#8021,#8022));
#1220=EDGE_LOOP('',(#8023,#8024,#8025,#8026));
#1221=EDGE_LOOP('',(#8027,#8028,#8029,#8030));
#1222=EDGE_LOOP('',(#8031,#8032,#8033,#8034));
#1223=EDGE_LOOP('',(#8035,#8036,#8037,#8038));
#1224=EDGE_LOOP('',(#8039,#8040,#8041,#8042));
#1225=EDGE_LOOP('',(#8043,#8044,#8045,#8046));
#1226=EDGE_LOOP('',(#8047,#8048,#8049,#8050));
#1227=EDGE_LOOP('',(#8051,#8052,#8053,#8054));
#1228=EDGE_LOOP('',(#8055,#8056,#8057,#8058));
#1229=EDGE_LOOP('',(#8059,#8060,#8061,#8062));
#1230=EDGE_LOOP('',(#8063,#8064,#8065,#8066));
#1231=EDGE_LOOP('',(#8067,#8068,#8069,#8070));
#1232=EDGE_LOOP('',(#8071,#8072,#8073,#8074));
#1233=EDGE_LOOP('',(#8075,#8076,#8077,#8078,#8079,#8080,#8081,#8082,#8083,
#8084,#8085,#8086,#8087,#8088,#8089,#8090,#8091,#8092,#8093,#8094,#8095,
#8096,#8097,#8098,#8099,#8100,#8101,#8102,#8103,#8104,#8105,#8106,#8107,
#8108,#8109,#8110,#8111,#8112,#8113,#8114,#8115,#8116,#8117,#8118,#8119,
#8120,#8121,#8122,#8123,#8124,#8125,#8126,#8127,#8128,#8129,#8130,#8131,
#8132,#8133,#8134,#8135,#8136,#8137,#8138,#8139,#8140,#8141,#8142,#8143,
#8144,#8145,#8146,#8147,#8148,#8149,#8150,#8151,#8152,#8153,#8154,#8155,
#8156,#8157,#8158));
#1234=EDGE_LOOP('',(#8159,#8160,#8161,#8162));
#1235=EDGE_LOOP('',(#8163,#8164,#8165,#8166));
#1236=EDGE_LOOP('',(#8167,#8168,#8169,#8170,#8171,#8172,#8173,#8174,#8175,
#8176,#8177,#8178,#8179,#8180,#8181,#8182,#8183,#8184,#8185,#8186,#8187,
#8188,#8189,#8190,#8191,#8192,#8193,#8194,#8195,#8196,#8197,#8198,#8199,
#8200,#8201,#8202,#8203,#8204,#8205,#8206,#8207,#8208,#8209,#8210,#8211,
#8212,#8213,#8214,#8215,#8216,#8217,#8218,#8219,#8220,#8221,#8222,#8223,
#8224,#8225,#8226,#8227,#8228,#8229,#8230,#8231,#8232,#8233,#8234,#8235,
#8236,#8237,#8238,#8239,#8240,#8241,#8242,#8243,#8244,#8245,#8246,#8247,
#8248,#8249,#8250));
#1237=EDGE_LOOP('',(#8251,#8252,#8253,#8254));
#1238=EDGE_LOOP('',(#8255,#8256,#8257,#8258));
#1239=EDGE_LOOP('',(#8259,#8260,#8261,#8262));
#1240=EDGE_LOOP('',(#8263,#8264,#8265,#8266));
#1241=EDGE_LOOP('',(#8267,#8268,#8269,#8270));
#1242=EDGE_LOOP('',(#8271,#8272,#8273,#8274));
#1243=EDGE_LOOP('',(#8275,#8276,#8277,#8278));
#1244=EDGE_LOOP('',(#8279,#8280,#8281,#8282));
#1245=EDGE_LOOP('',(#8283,#8284,#8285,#8286));
#1246=EDGE_LOOP('',(#8287,#8288,#8289,#8290));
#1247=EDGE_LOOP('',(#8291,#8292,#8293,#8294));
#1248=EDGE_LOOP('',(#8295,#8296,#8297,#8298));
#1249=EDGE_LOOP('',(#8299,#8300,#8301,#8302));
#1250=EDGE_LOOP('',(#8303,#8304,#8305,#8306));
#1251=EDGE_LOOP('',(#8307,#8308,#8309,#8310));
#1252=EDGE_LOOP('',(#8311,#8312,#8313,#8314));
#1253=EDGE_LOOP('',(#8315,#8316,#8317,#8318));
#1254=EDGE_LOOP('',(#8319,#8320,#8321,#8322));
#1255=EDGE_LOOP('',(#8323,#8324,#8325,#8326,#8327,#8328));
#1256=EDGE_LOOP('',(#8329,#8330,#8331,#8332));
#1257=EDGE_LOOP('',(#8333,#8334,#8335,#8336));
#1258=EDGE_LOOP('',(#8337,#8338,#8339,#8340));
#1259=EDGE_LOOP('',(#8341,#8342,#8343,#8344));
#1260=EDGE_LOOP('',(#8345,#8346,#8347,#8348));
#1261=EDGE_LOOP('',(#8349,#8350,#8351,#8352));
#1262=EDGE_LOOP('',(#8353,#8354,#8355,#8356));
#1263=EDGE_LOOP('',(#8357,#8358,#8359,#8360));
#1264=EDGE_LOOP('',(#8361,#8362,#8363,#8364));
#1265=EDGE_LOOP('',(#8365,#8366,#8367,#8368));
#1266=EDGE_LOOP('',(#8369,#8370,#8371,#8372));
#1267=EDGE_LOOP('',(#8373,#8374,#8375,#8376));
#1268=EDGE_LOOP('',(#8377,#8378,#8379,#8380));
#1269=EDGE_LOOP('',(#8381,#8382,#8383,#8384));
#1270=EDGE_LOOP('',(#8385,#8386,#8387,#8388));
#1271=EDGE_LOOP('',(#8389,#8390,#8391,#8392));
#1272=EDGE_LOOP('',(#8393,#8394,#8395,#8396,#8397,#8398,#8399,#8400,#8401,
#8402,#8403,#8404));
#1273=EDGE_LOOP('',(#8405,#8406,#8407,#8408,#8409,#8410,#8411,#8412,#8413,
#8414,#8415,#8416));
#1274=EDGE_LOOP('',(#8417,#8418,#8419,#8420,#8421,#8422,#8423,#8424,#8425,
#8426));
#1275=EDGE_LOOP('',(#8427,#8428,#8429,#8430));
#1276=EDGE_LOOP('',(#8431,#8432,#8433,#8434));
#1277=EDGE_LOOP('',(#8435,#8436,#8437,#8438));
#1278=EDGE_LOOP('',(#8439,#8440,#8441,#8442));
#1279=EDGE_LOOP('',(#8443,#8444,#8445,#8446));
#1280=EDGE_LOOP('',(#8447,#8448,#8449,#8450,#8451,#8452));
#1281=EDGE_LOOP('',(#8453,#8454,#8455,#8456,#8457,#8458));
#1282=EDGE_LOOP('',(#8459,#8460,#8461,#8462,#8463,#8464,#8465,#8466));
#1283=EDGE_LOOP('',(#8467,#8468,#8469,#8470,#8471,#8472,#8473,#8474));
#1284=EDGE_LOOP('',(#8475,#8476,#8477,#8478,#8479,#8480,#8481,#8482,#8483,
#8484));
#1285=EDGE_LOOP('',(#8485,#8486,#8487,#8488,#8489,#8490,#8491,#8492,#8493,
#8494));
#1286=EDGE_LOOP('',(#8495,#8496,#8497,#8498,#8499,#8500,#8501,#8502));
#1287=EDGE_LOOP('',(#8503,#8504,#8505,#8506));
#1288=EDGE_LOOP('',(#8507,#8508,#8509,#8510,#8511));
#1289=EDGE_LOOP('',(#8512,#8513,#8514,#8515,#8516));
#1290=EDGE_LOOP('',(#8517,#8518,#8519,#8520,#8521,#8522,#8523,#8524,#8525,
#8526));
#1291=EDGE_LOOP('',(#8527,#8528,#8529,#8530));
#1292=EDGE_LOOP('',(#8531,#8532,#8533,#8534));
#1293=EDGE_LOOP('',(#8535,#8536,#8537,#8538));
#1294=EDGE_LOOP('',(#8539,#8540,#8541,#8542));
#1295=EDGE_LOOP('',(#8543,#8544,#8545,#8546));
#1296=EDGE_LOOP('',(#8547,#8548,#8549,#8550));
#1297=EDGE_LOOP('',(#8551,#8552,#8553,#8554));
#1298=EDGE_LOOP('',(#8555,#8556,#8557,#8558));
#1299=EDGE_LOOP('',(#8559,#8560,#8561,#8562,#8563,#8564));
#1300=EDGE_LOOP('',(#8565,#8566,#8567,#8568));
#1301=EDGE_LOOP('',(#8569,#8570,#8571,#8572,#8573));
#1302=EDGE_LOOP('',(#8574,#8575,#8576,#8577));
#1303=EDGE_LOOP('',(#8578,#8579,#8580,#8581,#8582,#8583));
#1304=EDGE_LOOP('',(#8584,#8585,#8586,#8587));
#1305=EDGE_LOOP('',(#8588,#8589,#8590,#8591));
#1306=EDGE_LOOP('',(#8592,#8593,#8594,#8595));
#1307=EDGE_LOOP('',(#8596,#8597,#8598,#8599));
#1308=EDGE_LOOP('',(#8600,#8601,#8602,#8603));
#1309=EDGE_LOOP('',(#8604,#8605,#8606,#8607));
#1310=EDGE_LOOP('',(#8608,#8609,#8610,#8611,#8612,#8613));
#1311=EDGE_LOOP('',(#8614,#8615,#8616,#8617,#8618));
#1312=EDGE_LOOP('',(#8619,#8620,#8621,#8622,#8623));
#1313=EDGE_LOOP('',(#8624,#8625,#8626,#8627,#8628,#8629,#8630,#8631));
#1314=EDGE_LOOP('',(#8632,#8633,#8634,#8635));
#1315=EDGE_LOOP('',(#8636,#8637,#8638,#8639));
#1316=EDGE_LOOP('',(#8640,#8641,#8642,#8643,#8644,#8645,#8646,#8647,#8648,
#8649,#8650,#8651,#8652,#8653,#8654,#8655,#8656,#8657,#8658));
#1317=EDGE_LOOP('',(#8659,#8660,#8661,#8662));
#1318=EDGE_LOOP('',(#8663,#8664,#8665,#8666,#8667));
#1319=EDGE_LOOP('',(#8668,#8669,#8670,#8671,#8672,#8673,#8674));
#1320=EDGE_LOOP('',(#8675,#8676,#8677,#8678,#8679,#8680));
#1321=EDGE_LOOP('',(#8681,#8682,#8683,#8684));
#1322=EDGE_LOOP('',(#8685,#8686,#8687,#8688));
#1323=EDGE_LOOP('',(#8689,#8690,#8691,#8692,#8693,#8694,#8695));
#1324=EDGE_LOOP('',(#8696,#8697,#8698,#8699,#8700,#8701,#8702,#8703,#8704,
#8705,#8706,#8707,#8708,#8709,#8710,#8711,#8712,#8713,#8714,#8715,#8716,
#8717,#8718,#8719,#8720,#8721,#8722,#8723,#8724,#8725,#8726,#8727,#8728,
#8729,#8730,#8731,#8732,#8733,#8734,#8735,#8736,#8737,#8738,#8739,#8740,
#8741,#8742,#8743,#8744,#8745,#8746,#8747,#8748,#8749,#8750,#8751,#8752,
#8753,#8754,#8755,#8756,#8757,#8758,#8759,#8760,#8761,#8762,#8763,#8764,
#8765,#8766,#8767,#8768,#8769,#8770,#8771,#8772,#8773,#8774,#8775,#8776,
#8777,#8778,#8779,#8780,#8781,#8782,#8783,#8784,#8785,#8786,#8787,#8788,
#8789,#8790,#8791));
#1325=EDGE_LOOP('',(#8792,#8793,#8794,#8795));
#1326=EDGE_LOOP('',(#8796,#8797,#8798,#8799));
#1327=EDGE_LOOP('',(#8800,#8801,#8802,#8803));
#1328=EDGE_LOOP('',(#8804,#8805,#8806,#8807));
#1329=EDGE_LOOP('',(#8808,#8809,#8810,#8811));
#1330=EDGE_LOOP('',(#8812,#8813,#8814,#8815));
#1331=EDGE_LOOP('',(#8816,#8817,#8818,#8819));
#1332=EDGE_LOOP('',(#8820,#8821,#8822,#8823));
#1333=EDGE_LOOP('',(#8824,#8825,#8826,#8827));
#1334=EDGE_LOOP('',(#8828,#8829,#8830,#8831,#8832));
#1335=EDGE_LOOP('',(#8833,#8834,#8835,#8836));
#1336=EDGE_LOOP('',(#8837,#8838,#8839,#8840));
#1337=EDGE_LOOP('',(#8841,#8842,#8843,#8844));
#1338=EDGE_LOOP('',(#8845,#8846,#8847,#8848,#8849,#8850));
#1339=EDGE_LOOP('',(#8851,#8852,#8853,#8854));
#1340=EDGE_LOOP('',(#8855,#8856,#8857,#8858));
#1341=EDGE_LOOP('',(#8859,#8860,#8861,#8862));
#1342=EDGE_LOOP('',(#8863,#8864,#8865,#8866));
#1343=EDGE_LOOP('',(#8867,#8868,#8869,#8870));
#1344=EDGE_LOOP('',(#8871,#8872,#8873,#8874));
#1345=EDGE_LOOP('',(#8875,#8876,#8877,#8878));
#1346=EDGE_LOOP('',(#8879,#8880,#8881,#8882));
#1347=EDGE_LOOP('',(#8883,#8884,#8885,#8886));
#1348=EDGE_LOOP('',(#8887,#8888,#8889,#8890));
#1349=EDGE_LOOP('',(#8891,#8892,#8893,#8894));
#1350=EDGE_LOOP('',(#8895,#8896,#8897,#8898));
#1351=EDGE_LOOP('',(#8899,#8900,#8901,#8902,#8903));
#1352=EDGE_LOOP('',(#8904,#8905,#8906));
#1353=EDGE_LOOP('',(#8907,#8908,#8909,#8910));
#1354=EDGE_LOOP('',(#8911,#8912,#8913,#8914,#8915,#8916));
#1355=EDGE_LOOP('',(#8917,#8918,#8919,#8920));
#1356=EDGE_LOOP('',(#8921,#8922,#8923));
#1357=EDGE_LOOP('',(#8924,#8925,#8926,#8927));
#1358=EDGE_LOOP('',(#8928,#8929,#8930,#8931));
#1359=EDGE_LOOP('',(#8932,#8933,#8934,#8935));
#1360=EDGE_LOOP('',(#8936,#8937,#8938));
#1361=EDGE_LOOP('',(#8939,#8940,#8941,#8942));
#1362=EDGE_LOOP('',(#8943,#8944,#8945,#8946));
#1363=EDGE_LOOP('',(#8947,#8948,#8949,#8950));
#1364=EDGE_LOOP('',(#8951,#8952,#8953,#8954));
#1365=EDGE_LOOP('',(#8955,#8956,#8957,#8958));
#1366=EDGE_LOOP('',(#8959,#8960,#8961,#8962));
#1367=EDGE_LOOP('',(#8963,#8964,#8965,#8966,#8967,#8968,#8969,#8970,#8971,
#8972,#8973,#8974));
#1368=EDGE_LOOP('',(#8975,#8976,#8977,#8978,#8979,#8980));
#1369=EDGE_LOOP('',(#8981,#8982,#8983,#8984,#8985,#8986));
#1370=EDGE_LOOP('',(#8987,#8988,#8989,#8990));
#1371=EDGE_LOOP('',(#8991,#8992,#8993,#8994));
#1372=EDGE_LOOP('',(#8995,#8996,#8997,#8998,#8999,#9000,#9001,#9002,#9003,
#9004));
#1373=EDGE_LOOP('',(#9005,#9006,#9007,#9008));
#1374=EDGE_LOOP('',(#9009,#9010,#9011,#9012));
#1375=EDGE_LOOP('',(#9013,#9014,#9015,#9016));
#1376=EDGE_LOOP('',(#9017,#9018,#9019,#9020));
#1377=EDGE_LOOP('',(#9021,#9022,#9023,#9024));
#1378=EDGE_LOOP('',(#9025,#9026,#9027,#9028));
#1379=EDGE_LOOP('',(#9029,#9030,#9031,#9032));
#1380=EDGE_LOOP('',(#9033,#9034,#9035,#9036,#9037));
#1381=EDGE_LOOP('',(#9038,#9039,#9040,#9041,#9042));
#1382=LINE('',#13153,#2647);
#1383=LINE('',#13155,#2648);
#1384=LINE('',#13157,#2649);
#1385=LINE('',#13158,#2650);
#1386=LINE('',#13161,#2651);
#1387=LINE('',#13163,#2652);
#1388=LINE('',#13164,#2653);
#1389=LINE('',#13168,#2654);
#1390=LINE('',#13170,#2655);
#1391=LINE('',#13172,#2656);
#1392=LINE('',#13173,#2657);
#1393=LINE('',#13176,#2658);
#1394=LINE('',#13178,#2659);
#1395=LINE('',#13179,#2660);
#1396=LINE('',#13182,#2661);
#1397=LINE('',#13183,#2662);
#1398=LINE('',#13185,#2663);
#1399=LINE('',#13187,#2664);
#1400=LINE('',#13189,#2665);
#1401=LINE('',#13191,#2666);
#1402=LINE('',#13193,#2667);
#1403=LINE('',#13195,#2668);
#1404=LINE('',#13197,#2669);
#1405=LINE('',#13199,#2670);
#1406=LINE('',#13201,#2671);
#1407=LINE('',#13203,#2672);
#1408=LINE('',#13205,#2673);
#1409=LINE('',#13207,#2674);
#1410=LINE('',#13209,#2675);
#1411=LINE('',#13211,#2676);
#1412=LINE('',#13213,#2677);
#1413=LINE('',#13215,#2678);
#1414=LINE('',#13217,#2679);
#1415=LINE('',#13219,#2680);
#1416=LINE('',#13221,#2681);
#1417=LINE('',#13223,#2682);
#1418=LINE('',#13225,#2683);
#1419=LINE('',#13227,#2684);
#1420=LINE('',#13229,#2685);
#1421=LINE('',#13231,#2686);
#1422=LINE('',#13233,#2687);
#1423=LINE('',#13235,#2688);
#1424=LINE('',#13237,#2689);
#1425=LINE('',#13239,#2690);
#1426=LINE('',#13241,#2691);
#1427=LINE('',#13243,#2692);
#1428=LINE('',#13245,#2693);
#1429=LINE('',#13247,#2694);
#1430=LINE('',#13249,#2695);
#1431=LINE('',#13251,#2696);
#1432=LINE('',#13253,#2697);
#1433=LINE('',#13255,#2698);
#1434=LINE('',#13257,#2699);
#1435=LINE('',#13259,#2700);
#1436=LINE('',#13261,#2701);
#1437=LINE('',#13263,#2702);
#1438=LINE('',#13265,#2703);
#1439=LINE('',#13267,#2704);
#1440=LINE('',#13269,#2705);
#1441=LINE('',#13271,#2706);
#1442=LINE('',#13273,#2707);
#1443=LINE('',#13275,#2708);
#1444=LINE('',#13277,#2709);
#1445=LINE('',#13279,#2710);
#1446=LINE('',#13281,#2711);
#1447=LINE('',#13283,#2712);
#1448=LINE('',#13285,#2713);
#1449=LINE('',#13287,#2714);
#1450=LINE('',#13289,#2715);
#1451=LINE('',#13291,#2716);
#1452=LINE('',#13293,#2717);
#1453=LINE('',#13295,#2718);
#1454=LINE('',#13297,#2719);
#1455=LINE('',#13299,#2720);
#1456=LINE('',#13301,#2721);
#1457=LINE('',#13303,#2722);
#1458=LINE('',#13305,#2723);
#1459=LINE('',#13307,#2724);
#1460=LINE('',#13309,#2725);
#1461=LINE('',#13311,#2726);
#1462=LINE('',#13313,#2727);
#1463=LINE('',#13315,#2728);
#1464=LINE('',#13317,#2729);
#1465=LINE('',#13319,#2730);
#1466=LINE('',#13321,#2731);
#1467=LINE('',#13323,#2732);
#1468=LINE('',#13325,#2733);
#1469=LINE('',#13327,#2734);
#1470=LINE('',#13329,#2735);
#1471=LINE('',#13331,#2736);
#1472=LINE('',#13333,#2737);
#1473=LINE('',#13335,#2738);
#1474=LINE('',#13337,#2739);
#1475=LINE('',#13339,#2740);
#1476=LINE('',#13341,#2741);
#1477=LINE('',#13342,#2742);
#1478=LINE('',#13345,#2743);
#1479=LINE('',#13347,#2744);
#1480=LINE('',#13349,#2745);
#1481=LINE('',#13350,#2746);
#1482=LINE('',#13353,#2747);
#1483=LINE('',#13354,#2748);
#1484=LINE('',#13357,#2749);
#1485=LINE('',#13359,#2750);
#1486=LINE('',#13360,#2751);
#1487=LINE('',#13363,#2752);
#1488=LINE('',#13365,#2753);
#1489=LINE('',#13367,#2754);
#1490=LINE('',#13368,#2755);
#1491=LINE('',#13371,#2756);
#1492=LINE('',#13372,#2757);
#1493=LINE('',#13375,#2758);
#1494=LINE('',#13377,#2759);
#1495=LINE('',#13378,#2760);
#1496=LINE('',#13381,#2761);
#1497=LINE('',#13383,#2762);
#1498=LINE('',#13385,#2763);
#1499=LINE('',#13386,#2764);
#1500=LINE('',#13389,#2765);
#1501=LINE('',#13390,#2766);
#1502=LINE('',#13393,#2767);
#1503=LINE('',#13395,#2768);
#1504=LINE('',#13396,#2769);
#1505=LINE('',#13399,#2770);
#1506=LINE('',#13401,#2771);
#1507=LINE('',#13403,#2772);
#1508=LINE('',#13404,#2773);
#1509=LINE('',#13407,#2774);
#1510=LINE('',#13408,#2775);
#1511=LINE('',#13411,#2776);
#1512=LINE('',#13413,#2777);
#1513=LINE('',#13414,#2778);
#1514=LINE('',#13417,#2779);
#1515=LINE('',#13419,#2780);
#1516=LINE('',#13421,#2781);
#1517=LINE('',#13422,#2782);
#1518=LINE('',#13425,#2783);
#1519=LINE('',#13426,#2784);
#1520=LINE('',#13429,#2785);
#1521=LINE('',#13431,#2786);
#1522=LINE('',#13432,#2787);
#1523=LINE('',#13435,#2788);
#1524=LINE('',#13437,#2789);
#1525=LINE('',#13439,#2790);
#1526=LINE('',#13440,#2791);
#1527=LINE('',#13443,#2792);
#1528=LINE('',#13444,#2793);
#1529=LINE('',#13447,#2794);
#1530=LINE('',#13449,#2795);
#1531=LINE('',#13450,#2796);
#1532=LINE('',#13453,#2797);
#1533=LINE('',#13455,#2798);
#1534=LINE('',#13457,#2799);
#1535=LINE('',#13458,#2800);
#1536=LINE('',#13461,#2801);
#1537=LINE('',#13462,#2802);
#1538=LINE('',#13465,#2803);
#1539=LINE('',#13467,#2804);
#1540=LINE('',#13468,#2805);
#1541=LINE('',#13471,#2806);
#1542=LINE('',#13473,#2807);
#1543=LINE('',#13475,#2808);
#1544=LINE('',#13476,#2809);
#1545=LINE('',#13479,#2810);
#1546=LINE('',#13480,#2811);
#1547=LINE('',#13483,#2812);
#1548=LINE('',#13485,#2813);
#1549=LINE('',#13486,#2814);
#1550=LINE('',#13489,#2815);
#1551=LINE('',#13491,#2816);
#1552=LINE('',#13493,#2817);
#1553=LINE('',#13494,#2818);
#1554=LINE('',#13497,#2819);
#1555=LINE('',#13498,#2820);
#1556=LINE('',#13501,#2821);
#1557=LINE('',#13503,#2822);
#1558=LINE('',#13504,#2823);
#1559=LINE('',#13507,#2824);
#1560=LINE('',#13509,#2825);
#1561=LINE('',#13510,#2826);
#1562=LINE('',#13513,#2827);
#1563=LINE('',#13517,#2828);
#1564=LINE('',#13521,#2829);
#1565=LINE('',#13525,#2830);
#1566=LINE('',#13529,#2831);
#1567=LINE('',#13531,#2832);
#1568=LINE('',#13532,#2833);
#1569=LINE('',#13535,#2834);
#1570=LINE('',#13537,#2835);
#1571=LINE('',#13539,#2836);
#1572=LINE('',#13543,#2837);
#1573=LINE('',#13547,#2838);
#1574=LINE('',#13551,#2839);
#1575=LINE('',#13554,#2840);
#1576=LINE('',#13557,#2841);
#1577=LINE('',#13559,#2842);
#1578=LINE('',#13561,#2843);
#1579=LINE('',#13563,#2844);
#1580=LINE('',#13565,#2845);
#1581=LINE('',#13567,#2846);
#1582=LINE('',#13569,#2847);
#1583=LINE('',#13570,#2848);
#1584=LINE('',#13573,#2849);
#1585=LINE('',#13575,#2850);
#1586=LINE('',#13577,#2851);
#1587=LINE('',#13579,#2852);
#1588=LINE('',#13581,#2853);
#1589=LINE('',#13583,#2854);
#1590=LINE('',#13585,#2855);
#1591=LINE('',#13586,#2856);
#1592=LINE('',#13591,#2857);
#1593=LINE('',#13592,#2858);
#1594=LINE('',#13595,#2859);
#1595=LINE('',#13596,#2860);
#1596=LINE('',#13599,#2861);
#1597=LINE('',#13603,#2862);
#1598=LINE('',#13607,#2863);
#1599=LINE('',#13611,#2864);
#1600=LINE('',#13613,#2865);
#1601=LINE('',#13615,#2866);
#1602=LINE('',#13616,#2867);
#1603=LINE('',#13619,#2868);
#1604=LINE('',#13622,#2869);
#1605=LINE('',#13625,#2870);
#1606=LINE('',#13626,#2871);
#1607=LINE('',#13628,#2872);
#1608=LINE('',#13629,#2873);
#1609=LINE('',#13632,#2874);
#1610=LINE('',#13633,#2875);
#1611=LINE('',#13636,#2876);
#1612=LINE('',#13639,#2877);
#1613=LINE('',#13642,#2878);
#1614=LINE('',#13643,#2879);
#1615=LINE('',#13647,#2880);
#1616=LINE('',#13650,#2881);
#1617=LINE('',#13653,#2882);
#1618=LINE('',#13655,#2883);
#1619=LINE('',#13657,#2884);
#1620=LINE('',#13659,#2885);
#1621=LINE('',#13660,#2886);
#1622=LINE('',#13662,#2887);
#1623=LINE('',#13663,#2888);
#1624=LINE('',#13666,#2889);
#1625=LINE('',#13667,#2890);
#1626=LINE('',#13670,#2891);
#1627=LINE('',#13671,#2892);
#1628=LINE('',#13676,#2893);
#1629=LINE('',#13677,#2894);
#1630=LINE('',#13680,#2895);
#1631=LINE('',#13681,#2896);
#1632=LINE('',#13683,#2897);
#1633=LINE('',#13688,#2898);
#1634=LINE('',#13692,#2899);
#1635=LINE('',#13696,#2900);
#1636=LINE('',#13700,#2901);
#1637=LINE('',#13704,#2902);
#1638=LINE('',#13708,#2903);
#1639=LINE('',#13710,#2904);
#1640=LINE('',#13712,#2905);
#1641=LINE('',#13714,#2906);
#1642=LINE('',#13716,#2907);
#1643=LINE('',#13718,#2908);
#1644=LINE('',#13720,#2909);
#1645=LINE('',#13722,#2910);
#1646=LINE('',#13724,#2911);
#1647=LINE('',#13726,#2912);
#1648=LINE('',#13728,#2913);
#1649=LINE('',#13730,#2914);
#1650=LINE('',#13732,#2915);
#1651=LINE('',#13734,#2916);
#1652=LINE('',#13736,#2917);
#1653=LINE('',#13738,#2918);
#1654=LINE('',#13740,#2919);
#1655=LINE('',#13742,#2920);
#1656=LINE('',#13744,#2921);
#1657=LINE('',#13746,#2922);
#1658=LINE('',#13748,#2923);
#1659=LINE('',#13750,#2924);
#1660=LINE('',#13752,#2925);
#1661=LINE('',#13754,#2926);
#1662=LINE('',#13756,#2927);
#1663=LINE('',#13758,#2928);
#1664=LINE('',#13760,#2929);
#1665=LINE('',#13762,#2930);
#1666=LINE('',#13764,#2931);
#1667=LINE('',#13766,#2932);
#1668=LINE('',#13768,#2933);
#1669=LINE('',#13770,#2934);
#1670=LINE('',#13772,#2935);
#1671=LINE('',#13774,#2936);
#1672=LINE('',#13776,#2937);
#1673=LINE('',#13778,#2938);
#1674=LINE('',#13780,#2939);
#1675=LINE('',#13782,#2940);
#1676=LINE('',#13784,#2941);
#1677=LINE('',#13786,#2942);
#1678=LINE('',#13788,#2943);
#1679=LINE('',#13790,#2944);
#1680=LINE('',#13792,#2945);
#1681=LINE('',#13794,#2946);
#1682=LINE('',#13796,#2947);
#1683=LINE('',#13798,#2948);
#1684=LINE('',#13800,#2949);
#1685=LINE('',#13802,#2950);
#1686=LINE('',#13804,#2951);
#1687=LINE('',#13806,#2952);
#1688=LINE('',#13808,#2953);
#1689=LINE('',#13810,#2954);
#1690=LINE('',#13812,#2955);
#1691=LINE('',#13814,#2956);
#1692=LINE('',#13816,#2957);
#1693=LINE('',#13818,#2958);
#1694=LINE('',#13820,#2959);
#1695=LINE('',#13822,#2960);
#1696=LINE('',#13824,#2961);
#1697=LINE('',#13826,#2962);
#1698=LINE('',#13828,#2963);
#1699=LINE('',#13830,#2964);
#1700=LINE('',#13832,#2965);
#1701=LINE('',#13834,#2966);
#1702=LINE('',#13836,#2967);
#1703=LINE('',#13838,#2968);
#1704=LINE('',#13840,#2969);
#1705=LINE('',#13842,#2970);
#1706=LINE('',#13844,#2971);
#1707=LINE('',#13846,#2972);
#1708=LINE('',#13848,#2973);
#1709=LINE('',#13850,#2974);
#1710=LINE('',#13852,#2975);
#1711=LINE('',#13854,#2976);
#1712=LINE('',#13856,#2977);
#1713=LINE('',#13858,#2978);
#1714=LINE('',#13860,#2979);
#1715=LINE('',#13862,#2980);
#1716=LINE('',#13864,#2981);
#1717=LINE('',#13866,#2982);
#1718=LINE('',#13868,#2983);
#1719=LINE('',#13870,#2984);
#1720=LINE('',#13872,#2985);
#1721=LINE('',#13874,#2986);
#1722=LINE('',#13876,#2987);
#1723=LINE('',#13878,#2988);
#1724=LINE('',#13880,#2989);
#1725=LINE('',#13882,#2990);
#1726=LINE('',#13884,#2991);
#1727=LINE('',#13886,#2992);
#1728=LINE('',#13888,#2993);
#1729=LINE('',#13890,#2994);
#1730=LINE('',#13892,#2995);
#1731=LINE('',#13894,#2996);
#1732=LINE('',#13896,#2997);
#1733=LINE('',#13898,#2998);
#1734=LINE('',#13900,#2999);
#1735=LINE('',#13902,#3000);
#1736=LINE('',#13904,#3001);
#1737=LINE('',#13906,#3002);
#1738=LINE('',#13908,#3003);
#1739=LINE('',#13910,#3004);
#1740=LINE('',#13912,#3005);
#1741=LINE('',#13914,#3006);
#1742=LINE('',#13916,#3007);
#1743=LINE('',#13918,#3008);
#1744=LINE('',#13920,#3009);
#1745=LINE('',#13922,#3010);
#1746=LINE('',#13924,#3011);
#1747=LINE('',#13926,#3012);
#1748=LINE('',#13928,#3013);
#1749=LINE('',#13930,#3014);
#1750=LINE('',#13932,#3015);
#1751=LINE('',#13934,#3016);
#1752=LINE('',#13936,#3017);
#1753=LINE('',#13938,#3018);
#1754=LINE('',#13940,#3019);
#1755=LINE('',#13942,#3020);
#1756=LINE('',#13944,#3021);
#1757=LINE('',#13946,#3022);
#1758=LINE('',#13948,#3023);
#1759=LINE('',#13950,#3024);
#1760=LINE('',#13952,#3025);
#1761=LINE('',#13954,#3026);
#1762=LINE('',#13956,#3027);
#1763=LINE('',#13958,#3028);
#1764=LINE('',#13960,#3029);
#1765=LINE('',#13962,#3030);
#1766=LINE('',#13964,#3031);
#1767=LINE('',#13966,#3032);
#1768=LINE('',#13968,#3033);
#1769=LINE('',#13970,#3034);
#1770=LINE('',#13972,#3035);
#1771=LINE('',#13974,#3036);
#1772=LINE('',#13976,#3037);
#1773=LINE('',#13978,#3038);
#1774=LINE('',#13980,#3039);
#1775=LINE('',#13982,#3040);
#1776=LINE('',#13984,#3041);
#1777=LINE('',#13986,#3042);
#1778=LINE('',#13988,#3043);
#1779=LINE('',#13990,#3044);
#1780=LINE('',#13992,#3045);
#1781=LINE('',#13994,#3046);
#1782=LINE('',#13996,#3047);
#1783=LINE('',#13998,#3048);
#1784=LINE('',#14000,#3049);
#1785=LINE('',#14002,#3050);
#1786=LINE('',#14004,#3051);
#1787=LINE('',#14006,#3052);
#1788=LINE('',#14008,#3053);
#1789=LINE('',#14010,#3054);
#1790=LINE('',#14012,#3055);
#1791=LINE('',#14014,#3056);
#1792=LINE('',#14016,#3057);
#1793=LINE('',#14018,#3058);
#1794=LINE('',#14020,#3059);
#1795=LINE('',#14022,#3060);
#1796=LINE('',#14024,#3061);
#1797=LINE('',#14026,#3062);
#1798=LINE('',#14028,#3063);
#1799=LINE('',#14030,#3064);
#1800=LINE('',#14032,#3065);
#1801=LINE('',#14033,#3066);
#1802=LINE('',#14036,#3067);
#1803=LINE('',#14038,#3068);
#1804=LINE('',#14039,#3069);
#1805=LINE('',#14043,#3070);
#1806=LINE('',#14045,#3071);
#1807=LINE('',#14047,#3072);
#1808=LINE('',#14048,#3073);
#1809=LINE('',#14053,#3074);
#1810=LINE('',#14058,#3075);
#1811=LINE('',#14059,#3076);
#1812=LINE('',#14060,#3077);
#1813=LINE('',#14065,#3078);
#1814=LINE('',#14068,#3079);
#1815=LINE('',#14069,#3080);
#1816=LINE('',#14072,#3081);
#1817=LINE('',#14073,#3082);
#1818=LINE('',#14076,#3083);
#1819=LINE('',#14078,#3084);
#1820=LINE('',#14079,#3085);
#1821=LINE('',#14083,#3086);
#1822=LINE('',#14086,#3087);
#1823=LINE('',#14087,#3088);
#1824=LINE('',#14091,#3089);
#1825=LINE('',#14094,#3090);
#1826=LINE('',#14096,#3091);
#1827=LINE('',#14097,#3092);
#1828=LINE('',#14100,#3093);
#1829=LINE('',#14102,#3094);
#1830=LINE('',#14103,#3095);
#1831=LINE('',#14107,#3096);
#1832=LINE('',#14109,#3097);
#1833=LINE('',#14111,#3098);
#1834=LINE('',#14112,#3099);
#1835=LINE('',#14114,#3100);
#1836=LINE('',#14115,#3101);
#1837=LINE('',#14117,#3102);
#1838=LINE('',#14121,#3103);
#1839=LINE('',#14123,#3104);
#1840=LINE('',#14125,#3105);
#1841=LINE('',#14126,#3106);
#1842=LINE('',#14128,#3107);
#1843=LINE('',#14129,#3108);
#1844=LINE('',#14131,#3109);
#1845=LINE('',#14135,#3110);
#1846=LINE('',#14137,#3111);
#1847=LINE('',#14139,#3112);
#1848=LINE('',#14140,#3113);
#1849=LINE('',#14142,#3114);
#1850=LINE('',#14143,#3115);
#1851=LINE('',#14145,#3116);
#1852=LINE('',#14149,#3117);
#1853=LINE('',#14151,#3118);
#1854=LINE('',#14153,#3119);
#1855=LINE('',#14154,#3120);
#1856=LINE('',#14156,#3121);
#1857=LINE('',#14157,#3122);
#1858=LINE('',#14159,#3123);
#1859=LINE('',#14163,#3124);
#1860=LINE('',#14165,#3125);
#1861=LINE('',#14167,#3126);
#1862=LINE('',#14168,#3127);
#1863=LINE('',#14170,#3128);
#1864=LINE('',#14171,#3129);
#1865=LINE('',#14173,#3130);
#1866=LINE('',#14177,#3131);
#1867=LINE('',#14179,#3132);
#1868=LINE('',#14181,#3133);
#1869=LINE('',#14182,#3134);
#1870=LINE('',#14184,#3135);
#1871=LINE('',#14185,#3136);
#1872=LINE('',#14187,#3137);
#1873=LINE('',#14191,#3138);
#1874=LINE('',#14193,#3139);
#1875=LINE('',#14195,#3140);
#1876=LINE('',#14196,#3141);
#1877=LINE('',#14198,#3142);
#1878=LINE('',#14199,#3143);
#1879=LINE('',#14201,#3144);
#1880=LINE('',#14205,#3145);
#1881=LINE('',#14207,#3146);
#1882=LINE('',#14209,#3147);
#1883=LINE('',#14210,#3148);
#1884=LINE('',#14212,#3149);
#1885=LINE('',#14213,#3150);
#1886=LINE('',#14215,#3151);
#1887=LINE('',#14219,#3152);
#1888=LINE('',#14221,#3153);
#1889=LINE('',#14223,#3154);
#1890=LINE('',#14224,#3155);
#1891=LINE('',#14226,#3156);
#1892=LINE('',#14227,#3157);
#1893=LINE('',#14229,#3158);
#1894=LINE('',#14233,#3159);
#1895=LINE('',#14235,#3160);
#1896=LINE('',#14237,#3161);
#1897=LINE('',#14238,#3162);
#1898=LINE('',#14240,#3163);
#1899=LINE('',#14241,#3164);
#1900=LINE('',#14243,#3165);
#1901=LINE('',#14247,#3166);
#1902=LINE('',#14249,#3167);
#1903=LINE('',#14251,#3168);
#1904=LINE('',#14252,#3169);
#1905=LINE('',#14254,#3170);
#1906=LINE('',#14255,#3171);
#1907=LINE('',#14257,#3172);
#1908=LINE('',#14261,#3173);
#1909=LINE('',#14263,#3174);
#1910=LINE('',#14265,#3175);
#1911=LINE('',#14266,#3176);
#1912=LINE('',#14268,#3177);
#1913=LINE('',#14269,#3178);
#1914=LINE('',#14271,#3179);
#1915=LINE('',#14275,#3180);
#1916=LINE('',#14277,#3181);
#1917=LINE('',#14279,#3182);
#1918=LINE('',#14280,#3183);
#1919=LINE('',#14282,#3184);
#1920=LINE('',#14283,#3185);
#1921=LINE('',#14285,#3186);
#1922=LINE('',#14289,#3187);
#1923=LINE('',#14291,#3188);
#1924=LINE('',#14293,#3189);
#1925=LINE('',#14294,#3190);
#1926=LINE('',#14296,#3191);
#1927=LINE('',#14297,#3192);
#1928=LINE('',#14299,#3193);
#1929=LINE('',#14303,#3194);
#1930=LINE('',#14305,#3195);
#1931=LINE('',#14307,#3196);
#1932=LINE('',#14308,#3197);
#1933=LINE('',#14310,#3198);
#1934=LINE('',#14311,#3199);
#1935=LINE('',#14313,#3200);
#1936=LINE('',#14317,#3201);
#1937=LINE('',#14319,#3202);
#1938=LINE('',#14321,#3203);
#1939=LINE('',#14322,#3204);
#1940=LINE('',#14324,#3205);
#1941=LINE('',#14325,#3206);
#1942=LINE('',#14327,#3207);
#1943=LINE('',#14331,#3208);
#1944=LINE('',#14333,#3209);
#1945=LINE('',#14335,#3210);
#1946=LINE('',#14336,#3211);
#1947=LINE('',#14338,#3212);
#1948=LINE('',#14339,#3213);
#1949=LINE('',#14341,#3214);
#1950=LINE('',#14345,#3215);
#1951=LINE('',#14347,#3216);
#1952=LINE('',#14349,#3217);
#1953=LINE('',#14350,#3218);
#1954=LINE('',#14352,#3219);
#1955=LINE('',#14353,#3220);
#1956=LINE('',#14355,#3221);
#1957=LINE('',#14359,#3222);
#1958=LINE('',#14361,#3223);
#1959=LINE('',#14363,#3224);
#1960=LINE('',#14364,#3225);
#1961=LINE('',#14366,#3226);
#1962=LINE('',#14367,#3227);
#1963=LINE('',#14369,#3228);
#1964=LINE('',#14373,#3229);
#1965=LINE('',#14375,#3230);
#1966=LINE('',#14377,#3231);
#1967=LINE('',#14378,#3232);
#1968=LINE('',#14380,#3233);
#1969=LINE('',#14381,#3234);
#1970=LINE('',#14383,#3235);
#1971=LINE('',#14385,#3236);
#1972=LINE('',#14387,#3237);
#1973=LINE('',#14389,#3238);
#1974=LINE('',#14391,#3239);
#1975=LINE('',#14393,#3240);
#1976=LINE('',#14395,#3241);
#1977=LINE('',#14397,#3242);
#1978=LINE('',#14399,#3243);
#1979=LINE('',#14401,#3244);
#1980=LINE('',#14403,#3245);
#1981=LINE('',#14405,#3246);
#1982=LINE('',#14407,#3247);
#1983=LINE('',#14409,#3248);
#1984=LINE('',#14411,#3249);
#1985=LINE('',#14413,#3250);
#1986=LINE('',#14415,#3251);
#1987=LINE('',#14417,#3252);
#1988=LINE('',#14419,#3253);
#1989=LINE('',#14421,#3254);
#1990=LINE('',#14423,#3255);
#1991=LINE('',#14427,#3256);
#1992=LINE('',#14428,#3257);
#1993=LINE('',#14430,#3258);
#1994=LINE('',#14432,#3259);
#1995=LINE('',#14433,#3260);
#1996=LINE('',#14437,#3261);
#1997=LINE('',#14441,#3262);
#1998=LINE('',#14445,#3263);
#1999=LINE('',#14447,#3264);
#2000=LINE('',#14451,#3265);
#2001=LINE('',#14453,#3266);
#2002=LINE('',#14457,#3267);
#2003=LINE('',#14459,#3268);
#2004=LINE('',#14463,#3269);
#2005=LINE('',#14465,#3270);
#2006=LINE('',#14469,#3271);
#2007=LINE('',#14471,#3272);
#2008=LINE('',#14475,#3273);
#2009=LINE('',#14477,#3274);
#2010=LINE('',#14478,#3275);
#2011=LINE('',#14481,#3276);
#2012=LINE('',#14482,#3277);
#2013=LINE('',#14485,#3278);
#2014=LINE('',#14486,#3279);
#2015=LINE('',#14489,#3280);
#2016=LINE('',#14490,#3281);
#2017=LINE('',#14493,#3282);
#2018=LINE('',#14494,#3283);
#2019=LINE('',#14497,#3284);
#2020=LINE('',#14498,#3285);
#2021=LINE('',#14502,#3286);
#2022=LINE('',#14504,#3287);
#2023=LINE('',#14506,#3288);
#2024=LINE('',#14507,#3289);
#2025=LINE('',#14510,#3290);
#2026=LINE('',#14512,#3291);
#2027=LINE('',#14516,#3292);
#2028=LINE('',#14518,#3293);
#2029=LINE('',#14522,#3294);
#2030=LINE('',#14525,#3295);
#2031=LINE('',#14528,#3296);
#2032=LINE('',#14531,#3297);
#2033=LINE('',#14534,#3298);
#2034=LINE('',#14535,#3299);
#2035=LINE('',#14539,#3300);
#2036=LINE('',#14541,#3301);
#2037=LINE('',#14544,#3302);
#2038=LINE('',#14545,#3303);
#2039=LINE('',#14552,#3304);
#2040=LINE('',#14555,#3305);
#2041=LINE('',#14557,#3306);
#2042=LINE('',#14558,#3307);
#2043=LINE('',#14560,#3308);
#2044=LINE('',#14563,#3309);
#2045=LINE('',#14565,#3310);
#2046=LINE('',#14566,#3311);
#2047=LINE('',#14568,#3312);
#2048=LINE('',#14570,#3313);
#2049=LINE('',#14571,#3314);
#2050=LINE('',#14573,#3315);
#2051=LINE('',#14577,#3316);
#2052=LINE('',#14581,#3317);
#2053=LINE('',#14585,#3318);
#2054=LINE('',#14588,#3319);
#2055=LINE('',#14591,#3320);
#2056=LINE('',#14593,#3321);
#2057=LINE('',#14597,#3322);
#2058=LINE('',#14599,#3323);
#2059=LINE('',#14600,#3324);
#2060=LINE('',#14603,#3325);
#2061=LINE('',#14604,#3326);
#2062=LINE('',#14607,#3327);
#2063=LINE('',#14608,#3328);
#2064=LINE('',#14614,#3329);
#2065=LINE('',#14617,#3330);
#2066=LINE('',#14620,#3331);
#2067=LINE('',#14622,#3332);
#2068=LINE('',#14623,#3333);
#2069=LINE('',#14628,#3334);
#2070=LINE('',#14630,#3335);
#2071=LINE('',#14631,#3336);
#2072=LINE('',#14635,#3337);
#2073=LINE('',#14639,#3338);
#2074=LINE('',#14641,#3339);
#2075=LINE('',#14643,#3340);
#2076=LINE('',#14645,#3341);
#2077=LINE('',#14646,#3342);
#2078=LINE('',#14649,#3343);
#2079=LINE('',#14651,#3344);
#2080=LINE('',#14652,#3345);
#2081=LINE('',#14655,#3346);
#2082=LINE('',#14657,#3347);
#2083=LINE('',#14659,#3348);
#2084=LINE('',#14660,#3349);
#2085=LINE('',#14664,#3350);
#2086=LINE('',#14665,#3351);
#2087=LINE('',#14666,#3352);
#2088=LINE('',#14669,#3353);
#2089=LINE('',#14671,#3354);
#2090=LINE('',#14672,#3355);
#2091=LINE('',#14678,#3356);
#2092=LINE('',#14680,#3357);
#2093=LINE('',#14681,#3358);
#2094=LINE('',#14683,#3359);
#2095=LINE('',#14684,#3360);
#2096=LINE('',#14686,#3361);
#2097=LINE('',#14687,#3362);
#2098=LINE('',#14694,#3363);
#2099=LINE('',#14697,#3364);
#2100=LINE('',#14700,#3365);
#2101=LINE('',#14702,#3366);
#2102=LINE('',#14703,#3367);
#2103=LINE('',#14706,#3368);
#2104=LINE('',#14708,#3369);
#2105=LINE('',#14710,#3370);
#2106=LINE('',#14712,#3371);
#2107=LINE('',#14714,#3372);
#2108=LINE('',#14716,#3373);
#2109=LINE('',#14718,#3374);
#2110=LINE('',#14719,#3375);
#2111=LINE('',#14727,#3376);
#2112=LINE('',#14728,#3377);
#2113=LINE('',#14731,#3378);
#2114=LINE('',#14732,#3379);
#2115=LINE('',#14734,#3380);
#2116=LINE('',#14736,#3381);
#2117=LINE('',#14738,#3382);
#2118=LINE('',#14739,#3383);
#2119=LINE('',#14744,#3384);
#2120=LINE('',#14747,#3385);
#2121=LINE('',#14749,#3386);
#2122=LINE('',#14750,#3387);
#2123=LINE('',#14753,#3388);
#2124=LINE('',#14755,#3389);
#2125=LINE('',#14757,#3390);
#2126=LINE('',#14758,#3391);
#2127=LINE('',#14762,#3392);
#2128=LINE('',#14764,#3393);
#2129=LINE('',#14766,#3394);
#2130=LINE('',#14767,#3395);
#2131=LINE('',#14769,#3396);
#2132=LINE('',#14771,#3397);
#2133=LINE('',#14772,#3398);
#2134=LINE('',#14776,#3399);
#2135=LINE('',#14778,#3400);
#2136=LINE('',#14780,#3401);
#2137=LINE('',#14781,#3402);
#2138=LINE('',#14784,#3403);
#2139=LINE('',#14786,#3404);
#2140=LINE('',#14788,#3405);
#2141=LINE('',#14789,#3406);
#2142=LINE('',#14791,#3407);
#2143=LINE('',#14793,#3408);
#2144=LINE('',#14794,#3409);
#2145=LINE('',#14798,#3410);
#2146=LINE('',#14800,#3411);
#2147=LINE('',#14802,#3412);
#2148=LINE('',#14803,#3413);
#2149=LINE('',#14805,#3414);
#2150=LINE('',#14807,#3415);
#2151=LINE('',#14808,#3416);
#2152=LINE('',#14812,#3417);
#2153=LINE('',#14814,#3418);
#2154=LINE('',#14816,#3419);
#2155=LINE('',#14817,#3420);
#2156=LINE('',#14819,#3421);
#2157=LINE('',#14821,#3422);
#2158=LINE('',#14822,#3423);
#2159=LINE('',#14826,#3424);
#2160=LINE('',#14828,#3425);
#2161=LINE('',#14830,#3426);
#2162=LINE('',#14831,#3427);
#2163=LINE('',#14833,#3428);
#2164=LINE('',#14835,#3429);
#2165=LINE('',#14836,#3430);
#2166=LINE('',#14840,#3431);
#2167=LINE('',#14842,#3432);
#2168=LINE('',#14844,#3433);
#2169=LINE('',#14845,#3434);
#2170=LINE('',#14847,#3435);
#2171=LINE('',#14849,#3436);
#2172=LINE('',#14850,#3437);
#2173=LINE('',#14853,#3438);
#2174=LINE('',#14855,#3439);
#2175=LINE('',#14857,#3440);
#2176=LINE('',#14858,#3441);
#2177=LINE('',#14862,#3442);
#2178=LINE('',#14864,#3443);
#2179=LINE('',#14866,#3444);
#2180=LINE('',#14867,#3445);
#2181=LINE('',#14869,#3446);
#2182=LINE('',#14871,#3447);
#2183=LINE('',#14872,#3448);
#2184=LINE('',#14875,#3449);
#2185=LINE('',#14877,#3450);
#2186=LINE('',#14878,#3451);
#2187=LINE('',#14880,#3452);
#2188=LINE('',#14883,#3453);
#2189=LINE('',#14884,#3454);
#2190=LINE('',#14886,#3455);
#2191=LINE('',#14889,#3456);
#2192=LINE('',#14891,#3457);
#2193=LINE('',#14892,#3458);
#2194=LINE('',#14894,#3459);
#2195=LINE('',#14897,#3460);
#2196=LINE('',#14898,#3461);
#2197=LINE('',#14900,#3462);
#2198=LINE('',#14903,#3463);
#2199=LINE('',#14904,#3464);
#2200=LINE('',#14906,#3465);
#2201=LINE('',#14908,#3466);
#2202=LINE('',#14911,#3467);
#2203=LINE('',#14912,#3468);
#2204=LINE('',#14914,#3469);
#2205=LINE('',#14916,#3470);
#2206=LINE('',#14919,#3471);
#2207=LINE('',#14920,#3472);
#2208=LINE('',#14922,#3473);
#2209=LINE('',#14924,#3474);
#2210=LINE('',#14927,#3475);
#2211=LINE('',#14928,#3476);
#2212=LINE('',#14930,#3477);
#2213=LINE('',#14932,#3478);
#2214=LINE('',#14935,#3479);
#2215=LINE('',#14936,#3480);
#2216=LINE('',#14938,#3481);
#2217=LINE('',#14940,#3482);
#2218=LINE('',#14943,#3483);
#2219=LINE('',#14944,#3484);
#2220=LINE('',#14946,#3485);
#2221=LINE('',#14948,#3486);
#2222=LINE('',#14951,#3487);
#2223=LINE('',#14952,#3488);
#2224=LINE('',#14954,#3489);
#2225=LINE('',#14956,#3490);
#2226=LINE('',#14959,#3491);
#2227=LINE('',#14961,#3492);
#2228=LINE('',#14962,#3493);
#2229=LINE('',#14964,#3494);
#2230=LINE('',#14967,#3495);
#2231=LINE('',#14968,#3496);
#2232=LINE('',#14970,#3497);
#2233=LINE('',#14993,#3498);
#2234=LINE('',#14996,#3499);
#2235=LINE('',#14999,#3500);
#2236=LINE('',#15020,#3501);
#2237=LINE('',#15021,#3502);
#2238=LINE('',#15025,#3503);
#2239=LINE('',#15028,#3504);
#2240=LINE('',#15053,#3505);
#2241=LINE('',#15054,#3506);
#2242=LINE('',#15065,#3507);
#2243=LINE('',#15068,#3508);
#2244=LINE('',#15071,#3509);
#2245=LINE('',#15080,#3510);
#2246=LINE('',#15083,#3511);
#2247=LINE('',#15085,#3512);
#2248=LINE('',#15087,#3513);
#2249=LINE('',#15088,#3514);
#2250=LINE('',#15100,#3515);
#2251=LINE('',#15102,#3516);
#2252=LINE('',#15105,#3517);
#2253=LINE('',#15107,#3518);
#2254=LINE('',#15108,#3519);
#2255=LINE('',#15110,#3520);
#2256=LINE('',#15111,#3521);
#2257=LINE('',#15116,#3522);
#2258=LINE('',#15118,#3523);
#2259=LINE('',#15119,#3524);
#2260=LINE('',#15123,#3525);
#2261=LINE('',#15125,#3526);
#2262=LINE('',#15127,#3527);
#2263=LINE('',#15128,#3528);
#2264=LINE('',#15133,#3529);
#2265=LINE('',#15138,#3530);
#2266=LINE('',#15139,#3531);
#2267=LINE('',#15140,#3532);
#2268=LINE('',#15145,#3533);
#2269=LINE('',#15148,#3534);
#2270=LINE('',#15149,#3535);
#2271=LINE('',#15152,#3536);
#2272=LINE('',#15153,#3537);
#2273=LINE('',#15156,#3538);
#2274=LINE('',#15158,#3539);
#2275=LINE('',#15159,#3540);
#2276=LINE('',#15162,#3541);
#2277=LINE('',#15166,#3542);
#2278=LINE('',#15167,#3543);
#2279=LINE('',#15170,#3544);
#2280=LINE('',#15174,#3545);
#2281=LINE('',#15176,#3546);
#2282=LINE('',#15177,#3547);
#2283=LINE('',#15180,#3548);
#2284=LINE('',#15182,#3549);
#2285=LINE('',#15183,#3550);
#2286=LINE('',#15187,#3551);
#2287=LINE('',#15189,#3552);
#2288=LINE('',#15191,#3553);
#2289=LINE('',#15192,#3554);
#2290=LINE('',#15194,#3555);
#2291=LINE('',#15195,#3556);
#2292=LINE('',#15197,#3557);
#2293=LINE('',#15201,#3558);
#2294=LINE('',#15203,#3559);
#2295=LINE('',#15205,#3560);
#2296=LINE('',#15206,#3561);
#2297=LINE('',#15208,#3562);
#2298=LINE('',#15209,#3563);
#2299=LINE('',#15211,#3564);
#2300=LINE('',#15215,#3565);
#2301=LINE('',#15217,#3566);
#2302=LINE('',#15219,#3567);
#2303=LINE('',#15220,#3568);
#2304=LINE('',#15222,#3569);
#2305=LINE('',#15223,#3570);
#2306=LINE('',#15225,#3571);
#2307=LINE('',#15229,#3572);
#2308=LINE('',#15231,#3573);
#2309=LINE('',#15233,#3574);
#2310=LINE('',#15234,#3575);
#2311=LINE('',#15236,#3576);
#2312=LINE('',#15237,#3577);
#2313=LINE('',#15239,#3578);
#2314=LINE('',#15243,#3579);
#2315=LINE('',#15245,#3580);
#2316=LINE('',#15247,#3581);
#2317=LINE('',#15248,#3582);
#2318=LINE('',#15250,#3583);
#2319=LINE('',#15251,#3584);
#2320=LINE('',#15253,#3585);
#2321=LINE('',#15257,#3586);
#2322=LINE('',#15259,#3587);
#2323=LINE('',#15261,#3588);
#2324=LINE('',#15262,#3589);
#2325=LINE('',#15264,#3590);
#2326=LINE('',#15265,#3591);
#2327=LINE('',#15267,#3592);
#2328=LINE('',#15271,#3593);
#2329=LINE('',#15273,#3594);
#2330=LINE('',#15275,#3595);
#2331=LINE('',#15276,#3596);
#2332=LINE('',#15278,#3597);
#2333=LINE('',#15279,#3598);
#2334=LINE('',#15281,#3599);
#2335=LINE('',#15285,#3600);
#2336=LINE('',#15287,#3601);
#2337=LINE('',#15289,#3602);
#2338=LINE('',#15290,#3603);
#2339=LINE('',#15292,#3604);
#2340=LINE('',#15293,#3605);
#2341=LINE('',#15295,#3606);
#2342=LINE('',#15299,#3607);
#2343=LINE('',#15301,#3608);
#2344=LINE('',#15303,#3609);
#2345=LINE('',#15304,#3610);
#2346=LINE('',#15306,#3611);
#2347=LINE('',#15307,#3612);
#2348=LINE('',#15309,#3613);
#2349=LINE('',#15313,#3614);
#2350=LINE('',#15315,#3615);
#2351=LINE('',#15317,#3616);
#2352=LINE('',#15318,#3617);
#2353=LINE('',#15320,#3618);
#2354=LINE('',#15321,#3619);
#2355=LINE('',#15323,#3620);
#2356=LINE('',#15327,#3621);
#2357=LINE('',#15329,#3622);
#2358=LINE('',#15331,#3623);
#2359=LINE('',#15332,#3624);
#2360=LINE('',#15334,#3625);
#2361=LINE('',#15335,#3626);
#2362=LINE('',#15337,#3627);
#2363=LINE('',#15341,#3628);
#2364=LINE('',#15343,#3629);
#2365=LINE('',#15345,#3630);
#2366=LINE('',#15346,#3631);
#2367=LINE('',#15348,#3632);
#2368=LINE('',#15349,#3633);
#2369=LINE('',#15351,#3634);
#2370=LINE('',#15355,#3635);
#2371=LINE('',#15357,#3636);
#2372=LINE('',#15359,#3637);
#2373=LINE('',#15360,#3638);
#2374=LINE('',#15362,#3639);
#2375=LINE('',#15363,#3640);
#2376=LINE('',#15365,#3641);
#2377=LINE('',#15369,#3642);
#2378=LINE('',#15371,#3643);
#2379=LINE('',#15373,#3644);
#2380=LINE('',#15374,#3645);
#2381=LINE('',#15376,#3646);
#2382=LINE('',#15377,#3647);
#2383=LINE('',#15379,#3648);
#2384=LINE('',#15383,#3649);
#2385=LINE('',#15385,#3650);
#2386=LINE('',#15387,#3651);
#2387=LINE('',#15388,#3652);
#2388=LINE('',#15390,#3653);
#2389=LINE('',#15391,#3654);
#2390=LINE('',#15393,#3655);
#2391=LINE('',#15397,#3656);
#2392=LINE('',#15399,#3657);
#2393=LINE('',#15401,#3658);
#2394=LINE('',#15402,#3659);
#2395=LINE('',#15404,#3660);
#2396=LINE('',#15405,#3661);
#2397=LINE('',#15407,#3662);
#2398=LINE('',#15411,#3663);
#2399=LINE('',#15413,#3664);
#2400=LINE('',#15415,#3665);
#2401=LINE('',#15416,#3666);
#2402=LINE('',#15418,#3667);
#2403=LINE('',#15419,#3668);
#2404=LINE('',#15421,#3669);
#2405=LINE('',#15425,#3670);
#2406=LINE('',#15427,#3671);
#2407=LINE('',#15429,#3672);
#2408=LINE('',#15430,#3673);
#2409=LINE('',#15432,#3674);
#2410=LINE('',#15433,#3675);
#2411=LINE('',#15435,#3676);
#2412=LINE('',#15439,#3677);
#2413=LINE('',#15441,#3678);
#2414=LINE('',#15443,#3679);
#2415=LINE('',#15444,#3680);
#2416=LINE('',#15446,#3681);
#2417=LINE('',#15447,#3682);
#2418=LINE('',#15449,#3683);
#2419=LINE('',#15453,#3684);
#2420=LINE('',#15455,#3685);
#2421=LINE('',#15457,#3686);
#2422=LINE('',#15458,#3687);
#2423=LINE('',#15460,#3688);
#2424=LINE('',#15461,#3689);
#2425=LINE('',#15463,#3690);
#2426=LINE('',#15465,#3691);
#2427=LINE('',#15467,#3692);
#2428=LINE('',#15468,#3693);
#2429=LINE('',#15469,#3694);
#2430=LINE('',#15470,#3695);
#2431=LINE('',#15471,#3696);
#2432=LINE('',#15472,#3697);
#2433=LINE('',#15473,#3698);
#2434=LINE('',#15475,#3699);
#2435=LINE('',#15476,#3700);
#2436=LINE('',#15477,#3701);
#2437=LINE('',#15478,#3702);
#2438=LINE('',#15481,#3703);
#2439=LINE('',#15483,#3704);
#2440=LINE('',#15484,#3705);
#2441=LINE('',#15486,#3706);
#2442=LINE('',#15487,#3707);
#2443=LINE('',#15488,#3708);
#2444=LINE('',#15489,#3709);
#2445=LINE('',#15490,#3710);
#2446=LINE('',#15491,#3711);
#2447=LINE('',#15492,#3712);
#2448=LINE('',#15493,#3713);
#2449=LINE('',#15494,#3714);
#2450=LINE('',#15514,#3715);
#2451=LINE('',#15515,#3716);
#2452=LINE('',#15518,#3717);
#2453=LINE('',#15519,#3718);
#2454=LINE('',#15521,#3719);
#2455=LINE('',#15526,#3720);
#2456=LINE('',#15530,#3721);
#2457=LINE('',#15534,#3722);
#2458=LINE('',#15537,#3723);
#2459=LINE('',#15540,#3724);
#2460=LINE('',#15543,#3725);
#2461=LINE('',#15546,#3726);
#2462=LINE('',#15549,#3727);
#2463=LINE('',#15552,#3728);
#2464=LINE('',#15555,#3729);
#2465=LINE('',#15558,#3730);
#2466=LINE('',#15561,#3731);
#2467=LINE('',#15564,#3732);
#2468=LINE('',#15566,#3733);
#2469=LINE('',#15567,#3734);
#2470=LINE('',#15570,#3735);
#2471=LINE('',#15571,#3736);
#2472=LINE('',#15574,#3737);
#2473=LINE('',#15575,#3738);
#2474=LINE('',#15578,#3739);
#2475=LINE('',#15579,#3740);
#2476=LINE('',#15582,#3741);
#2477=LINE('',#15583,#3742);
#2478=LINE('',#15586,#3743);
#2479=LINE('',#15587,#3744);
#2480=LINE('',#15591,#3745);
#2481=LINE('',#15593,#3746);
#2482=LINE('',#15595,#3747);
#2483=LINE('',#15596,#3748);
#2484=LINE('',#15599,#3749);
#2485=LINE('',#15600,#3750);
#2486=LINE('',#15602,#3751);
#2487=LINE('',#15603,#3752);
#2488=LINE('',#15605,#3753);
#2489=LINE('',#15607,#3754);
#2490=LINE('',#15608,#3755);
#2491=LINE('',#15611,#3756);
#2492=LINE('',#15615,#3757);
#2493=LINE('',#15619,#3758);
#2494=LINE('',#15621,#3759);
#2495=LINE('',#15624,#3760);
#2496=LINE('',#15627,#3761);
#2497=LINE('',#15630,#3762);
#2498=LINE('',#15633,#3763);
#2499=LINE('',#15634,#3764);
#2500=LINE('',#15638,#3765);
#2501=LINE('',#15640,#3766);
#2502=LINE('',#15643,#3767);
#2503=LINE('',#15644,#3768);
#2504=LINE('',#15650,#3769);
#2505=LINE('',#15653,#3770);
#2506=LINE('',#15656,#3771);
#2507=LINE('',#15659,#3772);
#2508=LINE('',#15661,#3773);
#2509=LINE('',#15663,#3774);
#2510=LINE('',#15665,#3775);
#2511=LINE('',#15666,#3776);
#2512=LINE('',#15668,#3777);
#2513=LINE('',#15669,#3778);
#2514=LINE('',#15672,#3779);
#2515=LINE('',#15674,#3780);
#2516=LINE('',#15676,#3781);
#2517=LINE('',#15678,#3782);
#2518=LINE('',#15680,#3783);
#2519=LINE('',#15682,#3784);
#2520=LINE('',#15684,#3785);
#2521=LINE('',#15685,#3786);
#2522=LINE('',#15687,#3787);
#2523=LINE('',#15689,#3788);
#2524=LINE('',#15691,#3789);
#2525=LINE('',#15696,#3790);
#2526=LINE('',#15701,#3791);
#2527=LINE('',#15706,#3792);
#2528=LINE('',#15709,#3793);
#2529=LINE('',#15711,#3794);
#2530=LINE('',#15712,#3795);
#2531=LINE('',#15715,#3796);
#2532=LINE('',#15716,#3797);
#2533=LINE('',#15719,#3798);
#2534=LINE('',#15720,#3799);
#2535=LINE('',#15725,#3800);
#2536=LINE('',#15729,#3801);
#2537=LINE('',#15731,#3802);
#2538=LINE('',#15732,#3803);
#2539=LINE('',#15735,#3804);
#2540=LINE('',#15737,#3805);
#2541=LINE('',#15742,#3806);
#2542=LINE('',#15746,#3807);
#2543=LINE('',#15748,#3808);
#2544=LINE('',#15750,#3809);
#2545=LINE('',#15752,#3810);
#2546=LINE('',#15753,#3811);
#2547=LINE('',#15756,#3812);
#2548=LINE('',#15758,#3813);
#2549=LINE('',#15759,#3814);
#2550=LINE('',#15762,#3815);
#2551=LINE('',#15764,#3816);
#2552=LINE('',#15766,#3817);
#2553=LINE('',#15767,#3818);
#2554=LINE('',#15769,#3819);
#2555=LINE('',#15770,#3820);
#2556=LINE('',#15772,#3821);
#2557=LINE('',#15775,#3822);
#2558=LINE('',#15776,#3823);
#2559=LINE('',#15781,#3824);
#2560=LINE('',#15783,#3825);
#2561=LINE('',#15786,#3826);
#2562=LINE('',#15787,#3827);
#2563=LINE('',#15789,#3828);
#2564=LINE('',#15791,#3829);
#2565=LINE('',#15798,#3830);
#2566=LINE('',#15801,#3831);
#2567=LINE('',#15804,#3832);
#2568=LINE('',#15806,#3833);
#2569=LINE('',#15807,#3834);
#2570=LINE('',#15811,#3835);
#2571=LINE('',#15813,#3836);
#2572=LINE('',#15815,#3837);
#2573=LINE('',#15817,#3838);
#2574=LINE('',#15819,#3839);
#2575=LINE('',#15821,#3840);
#2576=LINE('',#15823,#3841);
#2577=LINE('',#15824,#3842);
#2578=LINE('',#15829,#3843);
#2579=LINE('',#15831,#3844);
#2580=LINE('',#15835,#3845);
#2581=LINE('',#15836,#3846);
#2582=LINE('',#15838,#3847);
#2583=LINE('',#15840,#3848);
#2584=LINE('',#15842,#3849);
#2585=LINE('',#15843,#3850);
#2586=LINE('',#15846,#3851);
#2587=LINE('',#15847,#3852);
#2588=LINE('',#15848,#3853);
#2589=LINE('',#15849,#3854);
#2590=LINE('',#15850,#3855);
#2591=LINE('',#15851,#3856);
#2592=LINE('',#15852,#3857);
#2593=LINE('',#15853,#3858);
#2594=LINE('',#15854,#3859);
#2595=LINE('',#15856,#3860);
#2596=LINE('',#15857,#3861);
#2597=LINE('',#15859,#3862);
#2598=LINE('',#15861,#3863);
#2599=LINE('',#15862,#3864);
#2600=LINE('',#15866,#3865);
#2601=LINE('',#15869,#3866);
#2602=LINE('',#15870,#3867);
#2603=LINE('',#15872,#3868);
#2604=LINE('',#15874,#3869);
#2605=LINE('',#15876,#3870);
#2606=LINE('',#15878,#3871);
#2607=LINE('',#15880,#3872);
#2608=LINE('',#15882,#3873);
#2609=LINE('',#15884,#3874);
#2610=LINE('',#15887,#3875);
#2611=LINE('',#15889,#3876);
#2612=LINE('',#15890,#3877);
#2613=LINE('',#15892,#3878);
#2614=LINE('',#15894,#3879);
#2615=LINE('',#15898,#3880);
#2616=LINE('',#15909,#3881);
#2617=LINE('',#15911,#3882);
#2618=LINE('',#15912,#3883);
#2619=LINE('',#15914,#3884);
#2620=LINE('',#15916,#3885);
#2621=LINE('',#15940,#3886);
#2622=LINE('',#15942,#3887);
#2623=LINE('',#15945,#3888);
#2624=LINE('',#15948,#3889);
#2625=LINE('',#15969,#3890);
#2626=LINE('',#15970,#3891);
#2627=LINE('',#15974,#3892);
#2628=LINE('',#15977,#3893);
#2629=LINE('',#16001,#3894);
#2630=LINE('',#16004,#3895);
#2631=LINE('',#16014,#3896);
#2632=LINE('',#16017,#3897);
#2633=LINE('',#16020,#3898);
#2634=LINE('',#16023,#3899);
#2635=LINE('',#16027,#3900);
#2636=LINE('',#16029,#3901);
#2637=LINE('',#16037,#3902);
#2638=LINE('',#16040,#3903);
#2639=LINE('',#16042,#3904);
#2640=LINE('',#16044,#3905);
#2641=LINE('',#16045,#3906);
#2642=LINE('',#16057,#3907);
#2643=LINE('',#16059,#3908);
#2644=LINE('',#16060,#3909);
#2645=LINE('',#16062,#3910);
#2646=LINE('',#16063,#3911);
#2647=VECTOR('',#10612,10.);
#2648=VECTOR('',#10613,10.);
#2649=VECTOR('',#10614,10.);
#2650=VECTOR('',#10615,10.);
#2651=VECTOR('',#10618,10.);
#2652=VECTOR('',#10619,10.);
#2653=VECTOR('',#10620,10.);
#2654=VECTOR('',#10623,10.);
#2655=VECTOR('',#10624,10.);
#2656=VECTOR('',#10625,10.);
#2657=VECTOR('',#10626,10.);
#2658=VECTOR('',#10629,10.);
#2659=VECTOR('',#10630,10.);
#2660=VECTOR('',#10631,10.);
#2661=VECTOR('',#10634,10.);
#2662=VECTOR('',#10635,10.);
#2663=VECTOR('',#10636,10.);
#2664=VECTOR('',#10637,10.);
#2665=VECTOR('',#10638,10.);
#2666=VECTOR('',#10639,10.);
#2667=VECTOR('',#10640,10.);
#2668=VECTOR('',#10641,10.);
#2669=VECTOR('',#10642,10.);
#2670=VECTOR('',#10643,10.);
#2671=VECTOR('',#10644,10.);
#2672=VECTOR('',#10645,10.);
#2673=VECTOR('',#10646,10.);
#2674=VECTOR('',#10647,10.);
#2675=VECTOR('',#10648,10.);
#2676=VECTOR('',#10649,10.);
#2677=VECTOR('',#10650,10.);
#2678=VECTOR('',#10651,10.);
#2679=VECTOR('',#10652,10.);
#2680=VECTOR('',#10653,10.);
#2681=VECTOR('',#10654,10.);
#2682=VECTOR('',#10655,10.);
#2683=VECTOR('',#10656,10.);
#2684=VECTOR('',#10657,10.);
#2685=VECTOR('',#10658,10.);
#2686=VECTOR('',#10659,10.);
#2687=VECTOR('',#10660,10.);
#2688=VECTOR('',#10661,10.);
#2689=VECTOR('',#10662,10.);
#2690=VECTOR('',#10663,10.);
#2691=VECTOR('',#10664,10.);
#2692=VECTOR('',#10665,10.);
#2693=VECTOR('',#10666,10.);
#2694=VECTOR('',#10667,10.);
#2695=VECTOR('',#10668,10.);
#2696=VECTOR('',#10669,10.);
#2697=VECTOR('',#10670,10.);
#2698=VECTOR('',#10671,10.);
#2699=VECTOR('',#10672,10.);
#2700=VECTOR('',#10673,10.);
#2701=VECTOR('',#10674,10.);
#2702=VECTOR('',#10675,10.);
#2703=VECTOR('',#10676,10.);
#2704=VECTOR('',#10677,10.);
#2705=VECTOR('',#10678,10.);
#2706=VECTOR('',#10679,10.);
#2707=VECTOR('',#10680,10.);
#2708=VECTOR('',#10681,10.);
#2709=VECTOR('',#10682,10.);
#2710=VECTOR('',#10683,10.);
#2711=VECTOR('',#10684,10.);
#2712=VECTOR('',#10685,10.);
#2713=VECTOR('',#10686,10.);
#2714=VECTOR('',#10687,10.);
#2715=VECTOR('',#10688,10.);
#2716=VECTOR('',#10689,10.);
#2717=VECTOR('',#10690,10.);
#2718=VECTOR('',#10691,10.);
#2719=VECTOR('',#10692,10.);
#2720=VECTOR('',#10693,10.);
#2721=VECTOR('',#10694,10.);
#2722=VECTOR('',#10695,10.);
#2723=VECTOR('',#10696,10.);
#2724=VECTOR('',#10697,10.);
#2725=VECTOR('',#10698,10.);
#2726=VECTOR('',#10699,10.);
#2727=VECTOR('',#10700,10.);
#2728=VECTOR('',#10701,10.);
#2729=VECTOR('',#10702,10.);
#2730=VECTOR('',#10703,10.);
#2731=VECTOR('',#10704,10.);
#2732=VECTOR('',#10705,10.);
#2733=VECTOR('',#10706,10.);
#2734=VECTOR('',#10707,10.);
#2735=VECTOR('',#10708,10.);
#2736=VECTOR('',#10709,10.);
#2737=VECTOR('',#10710,10.);
#2738=VECTOR('',#10711,10.);
#2739=VECTOR('',#10712,10.);
#2740=VECTOR('',#10713,10.);
#2741=VECTOR('',#10714,10.);
#2742=VECTOR('',#10715,10.);
#2743=VECTOR('',#10718,10.);
#2744=VECTOR('',#10719,10.);
#2745=VECTOR('',#10720,10.);
#2746=VECTOR('',#10721,10.);
#2747=VECTOR('',#10724,10.);
#2748=VECTOR('',#10725,10.);
#2749=VECTOR('',#10728,10.);
#2750=VECTOR('',#10729,10.);
#2751=VECTOR('',#10730,10.);
#2752=VECTOR('',#10733,10.);
#2753=VECTOR('',#10734,10.);
#2754=VECTOR('',#10735,10.);
#2755=VECTOR('',#10736,10.);
#2756=VECTOR('',#10739,10.);
#2757=VECTOR('',#10740,10.);
#2758=VECTOR('',#10743,10.);
#2759=VECTOR('',#10744,10.);
#2760=VECTOR('',#10745,10.);
#2761=VECTOR('',#10748,10.);
#2762=VECTOR('',#10749,10.);
#2763=VECTOR('',#10750,10.);
#2764=VECTOR('',#10751,10.);
#2765=VECTOR('',#10754,10.);
#2766=VECTOR('',#10755,10.);
#2767=VECTOR('',#10758,10.);
#2768=VECTOR('',#10759,10.);
#2769=VECTOR('',#10760,10.);
#2770=VECTOR('',#10763,10.);
#2771=VECTOR('',#10764,10.);
#2772=VECTOR('',#10765,10.);
#2773=VECTOR('',#10766,10.);
#2774=VECTOR('',#10769,10.);
#2775=VECTOR('',#10770,10.);
#2776=VECTOR('',#10773,10.);
#2777=VECTOR('',#10774,10.);
#2778=VECTOR('',#10775,10.);
#2779=VECTOR('',#10778,10.);
#2780=VECTOR('',#10779,10.);
#2781=VECTOR('',#10780,10.);
#2782=VECTOR('',#10781,10.);
#2783=VECTOR('',#10784,10.);
#2784=VECTOR('',#10785,10.);
#2785=VECTOR('',#10788,10.);
#2786=VECTOR('',#10789,10.);
#2787=VECTOR('',#10790,10.);
#2788=VECTOR('',#10793,10.);
#2789=VECTOR('',#10794,10.);
#2790=VECTOR('',#10795,10.);
#2791=VECTOR('',#10796,10.);
#2792=VECTOR('',#10799,10.);
#2793=VECTOR('',#10800,10.);
#2794=VECTOR('',#10803,10.);
#2795=VECTOR('',#10804,10.);
#2796=VECTOR('',#10805,10.);
#2797=VECTOR('',#10808,10.);
#2798=VECTOR('',#10809,10.);
#2799=VECTOR('',#10810,10.);
#2800=VECTOR('',#10811,10.);
#2801=VECTOR('',#10814,10.);
#2802=VECTOR('',#10815,10.);
#2803=VECTOR('',#10818,10.);
#2804=VECTOR('',#10819,10.);
#2805=VECTOR('',#10820,10.);
#2806=VECTOR('',#10823,10.);
#2807=VECTOR('',#10824,10.);
#2808=VECTOR('',#10825,10.);
#2809=VECTOR('',#10826,10.);
#2810=VECTOR('',#10829,10.);
#2811=VECTOR('',#10830,10.);
#2812=VECTOR('',#10833,10.);
#2813=VECTOR('',#10834,10.);
#2814=VECTOR('',#10835,10.);
#2815=VECTOR('',#10838,10.);
#2816=VECTOR('',#10839,10.);
#2817=VECTOR('',#10840,10.);
#2818=VECTOR('',#10841,10.);
#2819=VECTOR('',#10844,10.);
#2820=VECTOR('',#10845,10.);
#2821=VECTOR('',#10848,10.);
#2822=VECTOR('',#10849,10.);
#2823=VECTOR('',#10850,10.);
#2824=VECTOR('',#10853,10.);
#2825=VECTOR('',#10854,10.);
#2826=VECTOR('',#10855,10.);
#2827=VECTOR('',#10858,10.);
#2828=VECTOR('',#10861,10.);
#2829=VECTOR('',#10864,10.);
#2830=VECTOR('',#10867,10.);
#2831=VECTOR('',#10870,10.);
#2832=VECTOR('',#10871,10.);
#2833=VECTOR('',#10872,10.);
#2834=VECTOR('',#10875,10.);
#2835=VECTOR('',#10876,10.);
#2836=VECTOR('',#10877,10.);
#2837=VECTOR('',#10880,10.);
#2838=VECTOR('',#10883,10.);
#2839=VECTOR('',#10886,10.);
#2840=VECTOR('',#10889,10.);
#2841=VECTOR('',#10892,10.);
#2842=VECTOR('',#10893,10.);
#2843=VECTOR('',#10894,10.);
#2844=VECTOR('',#10895,10.);
#2845=VECTOR('',#10896,10.);
#2846=VECTOR('',#10897,10.);
#2847=VECTOR('',#10898,10.);
#2848=VECTOR('',#10899,10.);
#2849=VECTOR('',#10902,10.);
#2850=VECTOR('',#10903,10.);
#2851=VECTOR('',#10904,10.);
#2852=VECTOR('',#10905,10.);
#2853=VECTOR('',#10906,10.);
#2854=VECTOR('',#10907,10.);
#2855=VECTOR('',#10908,10.);
#2856=VECTOR('',#10909,10.);
#2857=VECTOR('',#10914,10.);
#2858=VECTOR('',#10915,10.);
#2859=VECTOR('',#10918,10.);
#2860=VECTOR('',#10919,10.);
#2861=VECTOR('',#10922,10.);
#2862=VECTOR('',#10925,10.);
#2863=VECTOR('',#10928,10.);
#2864=VECTOR('',#10931,10.);
#2865=VECTOR('',#10932,10.);
#2866=VECTOR('',#10933,10.);
#2867=VECTOR('',#10934,10.);
#2868=VECTOR('',#10937,10.);
#2869=VECTOR('',#10940,10.);
#2870=VECTOR('',#10943,10.);
#2871=VECTOR('',#10944,10.);
#2872=VECTOR('',#10947,10.);
#2873=VECTOR('',#10948,10.);
#2874=VECTOR('',#10951,10.);
#2875=VECTOR('',#10952,10.);
#2876=VECTOR('',#10955,10.);
#2877=VECTOR('',#10958,10.);
#2878=VECTOR('',#10961,10.);
#2879=VECTOR('',#10962,10.);
#2880=VECTOR('',#10967,10.);
#2881=VECTOR('',#10970,10.);
#2882=VECTOR('',#10973,10.);
#2883=VECTOR('',#10974,10.);
#2884=VECTOR('',#10975,10.);
#2885=VECTOR('',#10976,10.);
#2886=VECTOR('',#10977,10.);
#2887=VECTOR('',#10980,10.);
#2888=VECTOR('',#10981,10.);
#2889=VECTOR('',#10986,10.);
#2890=VECTOR('',#10987,10.);
#2891=VECTOR('',#10992,10.);
#2892=VECTOR('',#10993,10.);
#2893=VECTOR('',#11000,10.);
#2894=VECTOR('',#11001,10.);
#2895=VECTOR('',#11006,10.);
#2896=VECTOR('',#11007,10.);
#2897=VECTOR('',#11010,10.);
#2898=VECTOR('',#11015,10.);
#2899=VECTOR('',#11018,10.);
#2900=VECTOR('',#11021,10.);
#2901=VECTOR('',#11024,10.);
#2902=VECTOR('',#11027,10.);
#2903=VECTOR('',#11030,10.);
#2904=VECTOR('',#11031,10.);
#2905=VECTOR('',#11032,10.);
#2906=VECTOR('',#11033,10.);
#2907=VECTOR('',#11034,10.);
#2908=VECTOR('',#11035,10.);
#2909=VECTOR('',#11036,10.);
#2910=VECTOR('',#11037,10.);
#2911=VECTOR('',#11038,10.);
#2912=VECTOR('',#11039,10.);
#2913=VECTOR('',#11040,10.);
#2914=VECTOR('',#11041,10.);
#2915=VECTOR('',#11042,10.);
#2916=VECTOR('',#11043,10.);
#2917=VECTOR('',#11044,10.);
#2918=VECTOR('',#11045,10.);
#2919=VECTOR('',#11046,10.);
#2920=VECTOR('',#11047,10.);
#2921=VECTOR('',#11048,10.);
#2922=VECTOR('',#11049,10.);
#2923=VECTOR('',#11050,10.);
#2924=VECTOR('',#11051,10.);
#2925=VECTOR('',#11052,10.);
#2926=VECTOR('',#11053,10.);
#2927=VECTOR('',#11054,10.);
#2928=VECTOR('',#11055,10.);
#2929=VECTOR('',#11056,10.);
#2930=VECTOR('',#11057,10.);
#2931=VECTOR('',#11058,10.);
#2932=VECTOR('',#11059,10.);
#2933=VECTOR('',#11060,10.);
#2934=VECTOR('',#11061,10.);
#2935=VECTOR('',#11062,10.);
#2936=VECTOR('',#11063,10.);
#2937=VECTOR('',#11064,10.);
#2938=VECTOR('',#11065,10.);
#2939=VECTOR('',#11066,10.);
#2940=VECTOR('',#11067,10.);
#2941=VECTOR('',#11068,10.);
#2942=VECTOR('',#11069,10.);
#2943=VECTOR('',#11070,10.);
#2944=VECTOR('',#11071,10.);
#2945=VECTOR('',#11072,10.);
#2946=VECTOR('',#11073,10.);
#2947=VECTOR('',#11074,10.);
#2948=VECTOR('',#11075,10.);
#2949=VECTOR('',#11076,10.);
#2950=VECTOR('',#11077,10.);
#2951=VECTOR('',#11078,10.);
#2952=VECTOR('',#11079,10.);
#2953=VECTOR('',#11080,10.);
#2954=VECTOR('',#11081,10.);
#2955=VECTOR('',#11082,10.);
#2956=VECTOR('',#11083,10.);
#2957=VECTOR('',#11084,10.);
#2958=VECTOR('',#11085,10.);
#2959=VECTOR('',#11086,10.);
#2960=VECTOR('',#11087,10.);
#2961=VECTOR('',#11088,10.);
#2962=VECTOR('',#11089,10.);
#2963=VECTOR('',#11090,10.);
#2964=VECTOR('',#11091,10.);
#2965=VECTOR('',#11092,10.);
#2966=VECTOR('',#11093,10.);
#2967=VECTOR('',#11094,10.);
#2968=VECTOR('',#11095,10.);
#2969=VECTOR('',#11096,10.);
#2970=VECTOR('',#11097,10.);
#2971=VECTOR('',#11098,10.);
#2972=VECTOR('',#11099,10.);
#2973=VECTOR('',#11100,10.);
#2974=VECTOR('',#11101,10.);
#2975=VECTOR('',#11102,10.);
#2976=VECTOR('',#11103,10.);
#2977=VECTOR('',#11104,10.);
#2978=VECTOR('',#11105,10.);
#2979=VECTOR('',#11106,10.);
#2980=VECTOR('',#11107,10.);
#2981=VECTOR('',#11108,10.);
#2982=VECTOR('',#11109,10.);
#2983=VECTOR('',#11110,10.);
#2984=VECTOR('',#11111,10.);
#2985=VECTOR('',#11112,10.);
#2986=VECTOR('',#11113,10.);
#2987=VECTOR('',#11114,10.);
#2988=VECTOR('',#11115,10.);
#2989=VECTOR('',#11116,10.);
#2990=VECTOR('',#11117,10.);
#2991=VECTOR('',#11118,10.);
#2992=VECTOR('',#11119,10.);
#2993=VECTOR('',#11120,10.);
#2994=VECTOR('',#11121,10.);
#2995=VECTOR('',#11122,10.);
#2996=VECTOR('',#11123,10.);
#2997=VECTOR('',#11124,10.);
#2998=VECTOR('',#11125,10.);
#2999=VECTOR('',#11126,10.);
#3000=VECTOR('',#11127,10.);
#3001=VECTOR('',#11128,10.);
#3002=VECTOR('',#11129,10.);
#3003=VECTOR('',#11130,10.);
#3004=VECTOR('',#11131,10.);
#3005=VECTOR('',#11132,10.);
#3006=VECTOR('',#11133,10.);
#3007=VECTOR('',#11134,10.);
#3008=VECTOR('',#11135,10.);
#3009=VECTOR('',#11136,10.);
#3010=VECTOR('',#11137,10.);
#3011=VECTOR('',#11138,10.);
#3012=VECTOR('',#11139,10.);
#3013=VECTOR('',#11140,10.);
#3014=VECTOR('',#11141,10.);
#3015=VECTOR('',#11142,10.);
#3016=VECTOR('',#11143,10.);
#3017=VECTOR('',#11144,10.);
#3018=VECTOR('',#11145,10.);
#3019=VECTOR('',#11146,10.);
#3020=VECTOR('',#11147,10.);
#3021=VECTOR('',#11148,10.);
#3022=VECTOR('',#11149,10.);
#3023=VECTOR('',#11150,10.);
#3024=VECTOR('',#11151,10.);
#3025=VECTOR('',#11152,10.);
#3026=VECTOR('',#11153,10.);
#3027=VECTOR('',#11154,10.);
#3028=VECTOR('',#11155,10.);
#3029=VECTOR('',#11156,10.);
#3030=VECTOR('',#11157,10.);
#3031=VECTOR('',#11158,10.);
#3032=VECTOR('',#11159,10.);
#3033=VECTOR('',#11160,10.);
#3034=VECTOR('',#11161,10.);
#3035=VECTOR('',#11162,10.);
#3036=VECTOR('',#11163,10.);
#3037=VECTOR('',#11164,10.);
#3038=VECTOR('',#11165,10.);
#3039=VECTOR('',#11166,10.);
#3040=VECTOR('',#11167,10.);
#3041=VECTOR('',#11168,10.);
#3042=VECTOR('',#11169,10.);
#3043=VECTOR('',#11170,10.);
#3044=VECTOR('',#11171,10.);
#3045=VECTOR('',#11172,10.);
#3046=VECTOR('',#11173,10.);
#3047=VECTOR('',#11174,10.);
#3048=VECTOR('',#11175,10.);
#3049=VECTOR('',#11176,10.);
#3050=VECTOR('',#11177,10.);
#3051=VECTOR('',#11178,10.);
#3052=VECTOR('',#11179,10.);
#3053=VECTOR('',#11180,10.);
#3054=VECTOR('',#11181,10.);
#3055=VECTOR('',#11182,10.);
#3056=VECTOR('',#11183,10.);
#3057=VECTOR('',#11184,10.);
#3058=VECTOR('',#11185,10.);
#3059=VECTOR('',#11186,10.);
#3060=VECTOR('',#11187,10.);
#3061=VECTOR('',#11188,10.);
#3062=VECTOR('',#11189,10.);
#3063=VECTOR('',#11190,10.);
#3064=VECTOR('',#11191,10.);
#3065=VECTOR('',#11192,10.);
#3066=VECTOR('',#11193,10.);
#3067=VECTOR('',#11196,10.);
#3068=VECTOR('',#11197,10.);
#3069=VECTOR('',#11198,10.);
#3070=VECTOR('',#11201,10.);
#3071=VECTOR('',#11202,10.);
#3072=VECTOR('',#11203,10.);
#3073=VECTOR('',#11204,10.);
#3074=VECTOR('',#11209,10.);
#3075=VECTOR('',#11214,10.);
#3076=VECTOR('',#11215,10.);
#3077=VECTOR('',#11216,10.);
#3078=VECTOR('',#11221,10.);
#3079=VECTOR('',#11226,10.);
#3080=VECTOR('',#11227,10.);
#3081=VECTOR('',#11230,10.);
#3082=VECTOR('',#11231,10.);
#3083=VECTOR('',#11234,10.);
#3084=VECTOR('',#11235,10.);
#3085=VECTOR('',#11236,10.);
#3086=VECTOR('',#11241,10.);
#3087=VECTOR('',#11244,10.);
#3088=VECTOR('',#11245,10.);
#3089=VECTOR('',#11250,10.);
#3090=VECTOR('',#11253,10.);
#3091=VECTOR('',#11254,10.);
#3092=VECTOR('',#11255,10.);
#3093=VECTOR('',#11258,10.);
#3094=VECTOR('',#11259,10.);
#3095=VECTOR('',#11260,10.);
#3096=VECTOR('',#11263,10.);
#3097=VECTOR('',#11264,10.);
#3098=VECTOR('',#11265,10.);
#3099=VECTOR('',#11266,10.);
#3100=VECTOR('',#11269,10.);
#3101=VECTOR('',#11270,10.);
#3102=VECTOR('',#11273,10.);
#3103=VECTOR('',#11276,10.);
#3104=VECTOR('',#11277,10.);
#3105=VECTOR('',#11278,10.);
#3106=VECTOR('',#11279,10.);
#3107=VECTOR('',#11282,10.);
#3108=VECTOR('',#11283,10.);
#3109=VECTOR('',#11286,10.);
#3110=VECTOR('',#11289,10.);
#3111=VECTOR('',#11290,10.);
#3112=VECTOR('',#11291,10.);
#3113=VECTOR('',#11292,10.);
#3114=VECTOR('',#11295,10.);
#3115=VECTOR('',#11296,10.);
#3116=VECTOR('',#11299,10.);
#3117=VECTOR('',#11302,10.);
#3118=VECTOR('',#11303,10.);
#3119=VECTOR('',#11304,10.);
#3120=VECTOR('',#11305,10.);
#3121=VECTOR('',#11308,10.);
#3122=VECTOR('',#11309,10.);
#3123=VECTOR('',#11312,10.);
#3124=VECTOR('',#11315,10.);
#3125=VECTOR('',#11316,10.);
#3126=VECTOR('',#11317,10.);
#3127=VECTOR('',#11318,10.);
#3128=VECTOR('',#11321,10.);
#3129=VECTOR('',#11322,10.);
#3130=VECTOR('',#11325,10.);
#3131=VECTOR('',#11328,10.);
#3132=VECTOR('',#11329,10.);
#3133=VECTOR('',#11330,10.);
#3134=VECTOR('',#11331,10.);
#3135=VECTOR('',#11334,10.);
#3136=VECTOR('',#11335,10.);
#3137=VECTOR('',#11338,10.);
#3138=VECTOR('',#11341,10.);
#3139=VECTOR('',#11342,10.);
#3140=VECTOR('',#11343,10.);
#3141=VECTOR('',#11344,10.);
#3142=VECTOR('',#11347,10.);
#3143=VECTOR('',#11348,10.);
#3144=VECTOR('',#11351,10.);
#3145=VECTOR('',#11354,10.);
#3146=VECTOR('',#11355,10.);
#3147=VECTOR('',#11356,10.);
#3148=VECTOR('',#11357,10.);
#3149=VECTOR('',#11360,10.);
#3150=VECTOR('',#11361,10.);
#3151=VECTOR('',#11364,10.);
#3152=VECTOR('',#11367,10.);
#3153=VECTOR('',#11368,10.);
#3154=VECTOR('',#11369,10.);
#3155=VECTOR('',#11370,10.);
#3156=VECTOR('',#11373,10.);
#3157=VECTOR('',#11374,10.);
#3158=VECTOR('',#11377,10.);
#3159=VECTOR('',#11380,10.);
#3160=VECTOR('',#11381,10.);
#3161=VECTOR('',#11382,10.);
#3162=VECTOR('',#11383,10.);
#3163=VECTOR('',#11386,10.);
#3164=VECTOR('',#11387,10.);
#3165=VECTOR('',#11390,10.);
#3166=VECTOR('',#11393,10.);
#3167=VECTOR('',#11394,10.);
#3168=VECTOR('',#11395,10.);
#3169=VECTOR('',#11396,10.);
#3170=VECTOR('',#11399,10.);
#3171=VECTOR('',#11400,10.);
#3172=VECTOR('',#11403,10.);
#3173=VECTOR('',#11406,10.);
#3174=VECTOR('',#11407,10.);
#3175=VECTOR('',#11408,10.);
#3176=VECTOR('',#11409,10.);
#3177=VECTOR('',#11412,10.);
#3178=VECTOR('',#11413,10.);
#3179=VECTOR('',#11416,10.);
#3180=VECTOR('',#11419,10.);
#3181=VECTOR('',#11420,10.);
#3182=VECTOR('',#11421,10.);
#3183=VECTOR('',#11422,10.);
#3184=VECTOR('',#11425,10.);
#3185=VECTOR('',#11426,10.);
#3186=VECTOR('',#11429,10.);
#3187=VECTOR('',#11432,10.);
#3188=VECTOR('',#11433,10.);
#3189=VECTOR('',#11434,10.);
#3190=VECTOR('',#11435,10.);
#3191=VECTOR('',#11438,10.);
#3192=VECTOR('',#11439,10.);
#3193=VECTOR('',#11442,10.);
#3194=VECTOR('',#11445,10.);
#3195=VECTOR('',#11446,10.);
#3196=VECTOR('',#11447,10.);
#3197=VECTOR('',#11448,10.);
#3198=VECTOR('',#11451,10.);
#3199=VECTOR('',#11452,10.);
#3200=VECTOR('',#11455,10.);
#3201=VECTOR('',#11458,10.);
#3202=VECTOR('',#11459,10.);
#3203=VECTOR('',#11460,10.);
#3204=VECTOR('',#11461,10.);
#3205=VECTOR('',#11464,10.);
#3206=VECTOR('',#11465,10.);
#3207=VECTOR('',#11468,10.);
#3208=VECTOR('',#11471,10.);
#3209=VECTOR('',#11472,10.);
#3210=VECTOR('',#11473,10.);
#3211=VECTOR('',#11474,10.);
#3212=VECTOR('',#11477,10.);
#3213=VECTOR('',#11478,10.);
#3214=VECTOR('',#11481,10.);
#3215=VECTOR('',#11484,10.);
#3216=VECTOR('',#11485,10.);
#3217=VECTOR('',#11486,10.);
#3218=VECTOR('',#11487,10.);
#3219=VECTOR('',#11490,10.);
#3220=VECTOR('',#11491,10.);
#3221=VECTOR('',#11494,10.);
#3222=VECTOR('',#11497,10.);
#3223=VECTOR('',#11498,10.);
#3224=VECTOR('',#11499,10.);
#3225=VECTOR('',#11500,10.);
#3226=VECTOR('',#11503,10.);
#3227=VECTOR('',#11504,10.);
#3228=VECTOR('',#11507,10.);
#3229=VECTOR('',#11510,10.);
#3230=VECTOR('',#11511,10.);
#3231=VECTOR('',#11512,10.);
#3232=VECTOR('',#11513,10.);
#3233=VECTOR('',#11516,10.);
#3234=VECTOR('',#11517,10.);
#3235=VECTOR('',#11520,10.);
#3236=VECTOR('',#11523,10.);
#3237=VECTOR('',#11526,10.);
#3238=VECTOR('',#11529,10.);
#3239=VECTOR('',#11532,10.);
#3240=VECTOR('',#11535,10.);
#3241=VECTOR('',#11538,10.);
#3242=VECTOR('',#11541,10.);
#3243=VECTOR('',#11544,10.);
#3244=VECTOR('',#11547,10.);
#3245=VECTOR('',#11550,10.);
#3246=VECTOR('',#11553,10.);
#3247=VECTOR('',#11556,10.);
#3248=VECTOR('',#11559,10.);
#3249=VECTOR('',#11562,10.);
#3250=VECTOR('',#11565,10.);
#3251=VECTOR('',#11568,10.);
#3252=VECTOR('',#11571,10.);
#3253=VECTOR('',#11574,10.);
#3254=VECTOR('',#11577,10.);
#3255=VECTOR('',#11580,10.);
#3256=VECTOR('',#11583,10.);
#3257=VECTOR('',#11584,10.);
#3258=VECTOR('',#11585,10.);
#3259=VECTOR('',#11586,10.);
#3260=VECTOR('',#11587,10.);
#3261=VECTOR('',#11590,10.);
#3262=VECTOR('',#11593,10.);
#3263=VECTOR('',#11598,10.);
#3264=VECTOR('',#11599,10.);
#3265=VECTOR('',#11604,10.);
#3266=VECTOR('',#11605,10.);
#3267=VECTOR('',#11610,10.);
#3268=VECTOR('',#11611,10.);
#3269=VECTOR('',#11616,10.);
#3270=VECTOR('',#11617,10.);
#3271=VECTOR('',#11622,10.);
#3272=VECTOR('',#11623,10.);
#3273=VECTOR('',#11628,10.);
#3274=VECTOR('',#11629,10.);
#3275=VECTOR('',#11630,10.);
#3276=VECTOR('',#11633,10.);
#3277=VECTOR('',#11634,10.);
#3278=VECTOR('',#11637,10.);
#3279=VECTOR('',#11638,10.);
#3280=VECTOR('',#11641,10.);
#3281=VECTOR('',#11642,10.);
#3282=VECTOR('',#11645,10.);
#3283=VECTOR('',#11646,10.);
#3284=VECTOR('',#11649,10.);
#3285=VECTOR('',#11650,10.);
#3286=VECTOR('',#11653,10.);
#3287=VECTOR('',#11654,10.);
#3288=VECTOR('',#11655,10.);
#3289=VECTOR('',#11656,10.);
#3290=VECTOR('',#11659,10.);
#3291=VECTOR('',#11660,10.);
#3292=VECTOR('',#11663,10.);
#3293=VECTOR('',#11664,10.);
#3294=VECTOR('',#11667,10.);
#3295=VECTOR('',#11670,10.);
#3296=VECTOR('',#11673,10.);
#3297=VECTOR('',#11676,10.);
#3298=VECTOR('',#11679,10.);
#3299=VECTOR('',#11680,10.);
#3300=VECTOR('',#11685,10.);
#3301=VECTOR('',#11688,10.);
#3302=VECTOR('',#11691,10.);
#3303=VECTOR('',#11692,10.);
#3304=VECTOR('',#11699,10.);
#3305=VECTOR('',#11702,10.);
#3306=VECTOR('',#11705,10.);
#3307=VECTOR('',#11706,10.);
#3308=VECTOR('',#11709,10.);
#3309=VECTOR('',#11712,10.);
#3310=VECTOR('',#11713,10.);
#3311=VECTOR('',#11714,10.);
#3312=VECTOR('',#11717,10.);
#3313=VECTOR('',#11718,10.);
#3314=VECTOR('',#11719,10.);
#3315=VECTOR('',#11722,10.);
#3316=VECTOR('',#11725,10.);
#3317=VECTOR('',#11728,10.);
#3318=VECTOR('',#11733,10.);
#3319=VECTOR('',#11736,10.);
#3320=VECTOR('',#11739,10.);
#3321=VECTOR('',#11740,10.);
#3322=VECTOR('',#11745,10.);
#3323=VECTOR('',#11746,10.);
#3324=VECTOR('',#11747,10.);
#3325=VECTOR('',#11750,10.);
#3326=VECTOR('',#11751,10.);
#3327=VECTOR('',#11754,10.);
#3328=VECTOR('',#11755,10.);
#3329=VECTOR('',#11760,10.);
#3330=VECTOR('',#11763,10.);
#3331=VECTOR('',#11766,10.);
#3332=VECTOR('',#11767,0.2);
#3333=VECTOR('',#11768,10.);
#3334=VECTOR('',#11773,10.);
#3335=VECTOR('',#11774,10.);
#3336=VECTOR('',#11775,10.);
#3337=VECTOR('',#11780,10.);
#3338=VECTOR('',#11783,10.);
#3339=VECTOR('',#11784,10.);
#3340=VECTOR('',#11785,10.);
#3341=VECTOR('',#11786,10.);
#3342=VECTOR('',#11787,10.);
#3343=VECTOR('',#11790,10.);
#3344=VECTOR('',#11791,10.);
#3345=VECTOR('',#11792,10.);
#3346=VECTOR('',#11795,10.);
#3347=VECTOR('',#11796,10.);
#3348=VECTOR('',#11797,10.);
#3349=VECTOR('',#11798,10.);
#3350=VECTOR('',#11801,10.);
#3351=VECTOR('',#11802,10.);
#3352=VECTOR('',#11803,10.);
#3353=VECTOR('',#11806,10.);
#3354=VECTOR('',#11807,10.);
#3355=VECTOR('',#11808,10.);
#3356=VECTOR('',#11817,10.);
#3357=VECTOR('',#11818,10.);
#3358=VECTOR('',#11819,10.);
#3359=VECTOR('',#11822,10.);
#3360=VECTOR('',#11823,10.);
#3361=VECTOR('',#11826,10.);
#3362=VECTOR('',#11827,10.);
#3363=VECTOR('',#11834,10.);
#3364=VECTOR('',#11837,10.);
#3365=VECTOR('',#11840,10.);
#3366=VECTOR('',#11841,10.);
#3367=VECTOR('',#11842,10.);
#3368=VECTOR('',#11845,10.);
#3369=VECTOR('',#11846,10.);
#3370=VECTOR('',#11847,10.);
#3371=VECTOR('',#11848,10.);
#3372=VECTOR('',#11849,10.);
#3373=VECTOR('',#11850,10.);
#3374=VECTOR('',#11851,10.);
#3375=VECTOR('',#11852,10.);
#3376=VECTOR('',#11863,10.);
#3377=VECTOR('',#11864,10.);
#3378=VECTOR('',#11867,10.);
#3379=VECTOR('',#11868,10.);
#3380=VECTOR('',#11871,10.);
#3381=VECTOR('',#11874,10.);
#3382=VECTOR('',#11877,10.);
#3383=VECTOR('',#11878,10.);
#3384=VECTOR('',#11885,10.);
#3385=VECTOR('',#11888,10.);
#3386=VECTOR('',#11889,10.);
#3387=VECTOR('',#11890,10.);
#3388=VECTOR('',#11893,10.);
#3389=VECTOR('',#11894,10.);
#3390=VECTOR('',#11895,10.);
#3391=VECTOR('',#11896,10.);
#3392=VECTOR('',#11899,10.);
#3393=VECTOR('',#11900,10.);
#3394=VECTOR('',#11901,10.);
#3395=VECTOR('',#11902,10.);
#3396=VECTOR('',#11905,10.);
#3397=VECTOR('',#11906,10.);
#3398=VECTOR('',#11907,10.);
#3399=VECTOR('',#11910,10.);
#3400=VECTOR('',#11911,10.);
#3401=VECTOR('',#11912,10.);
#3402=VECTOR('',#11913,10.);
#3403=VECTOR('',#11916,10.);
#3404=VECTOR('',#11917,10.);
#3405=VECTOR('',#11918,10.);
#3406=VECTOR('',#11919,10.);
#3407=VECTOR('',#11922,10.);
#3408=VECTOR('',#11923,10.);
#3409=VECTOR('',#11924,10.);
#3410=VECTOR('',#11927,10.);
#3411=VECTOR('',#11928,10.);
#3412=VECTOR('',#11929,10.);
#3413=VECTOR('',#11930,10.);
#3414=VECTOR('',#11933,10.);
#3415=VECTOR('',#11934,10.);
#3416=VECTOR('',#11935,10.);
#3417=VECTOR('',#11938,10.);
#3418=VECTOR('',#11939,10.);
#3419=VECTOR('',#11940,10.);
#3420=VECTOR('',#11941,10.);
#3421=VECTOR('',#11944,10.);
#3422=VECTOR('',#11945,10.);
#3423=VECTOR('',#11946,10.);
#3424=VECTOR('',#11949,10.);
#3425=VECTOR('',#11950,10.);
#3426=VECTOR('',#11951,10.);
#3427=VECTOR('',#11952,10.);
#3428=VECTOR('',#11955,10.);
#3429=VECTOR('',#11956,10.);
#3430=VECTOR('',#11957,10.);
#3431=VECTOR('',#11960,10.);
#3432=VECTOR('',#11961,10.);
#3433=VECTOR('',#11962,10.);
#3434=VECTOR('',#11963,10.);
#3435=VECTOR('',#11966,10.);
#3436=VECTOR('',#11967,10.);
#3437=VECTOR('',#11968,10.);
#3438=VECTOR('',#11971,10.);
#3439=VECTOR('',#11972,10.);
#3440=VECTOR('',#11973,10.);
#3441=VECTOR('',#11974,10.);
#3442=VECTOR('',#11977,10.);
#3443=VECTOR('',#11978,10.);
#3444=VECTOR('',#11979,10.);
#3445=VECTOR('',#11980,10.);
#3446=VECTOR('',#11983,10.);
#3447=VECTOR('',#11984,10.);
#3448=VECTOR('',#11985,10.);
#3449=VECTOR('',#11988,10.);
#3450=VECTOR('',#11989,10.);
#3451=VECTOR('',#11990,10.);
#3452=VECTOR('',#11993,10.);
#3453=VECTOR('',#11996,10.);
#3454=VECTOR('',#11997,10.);
#3455=VECTOR('',#12000,10.);
#3456=VECTOR('',#12003,10.);
#3457=VECTOR('',#12004,10.);
#3458=VECTOR('',#12005,10.);
#3459=VECTOR('',#12008,10.);
#3460=VECTOR('',#12011,10.);
#3461=VECTOR('',#12012,10.);
#3462=VECTOR('',#12015,10.);
#3463=VECTOR('',#12018,10.);
#3464=VECTOR('',#12019,10.);
#3465=VECTOR('',#12022,10.);
#3466=VECTOR('',#12025,10.);
#3467=VECTOR('',#12028,10.);
#3468=VECTOR('',#12029,10.);
#3469=VECTOR('',#12032,10.);
#3470=VECTOR('',#12035,10.);
#3471=VECTOR('',#12038,10.);
#3472=VECTOR('',#12039,10.);
#3473=VECTOR('',#12042,10.);
#3474=VECTOR('',#12045,10.);
#3475=VECTOR('',#12048,10.);
#3476=VECTOR('',#12049,10.);
#3477=VECTOR('',#12052,10.);
#3478=VECTOR('',#12055,10.);
#3479=VECTOR('',#12058,10.);
#3480=VECTOR('',#12059,10.);
#3481=VECTOR('',#12062,10.);
#3482=VECTOR('',#12065,10.);
#3483=VECTOR('',#12068,10.);
#3484=VECTOR('',#12069,10.);
#3485=VECTOR('',#12072,10.);
#3486=VECTOR('',#12075,10.);
#3487=VECTOR('',#12078,10.);
#3488=VECTOR('',#12079,10.);
#3489=VECTOR('',#12082,10.);
#3490=VECTOR('',#12085,10.);
#3491=VECTOR('',#12088,10.);
#3492=VECTOR('',#12089,10.);
#3493=VECTOR('',#12090,10.);
#3494=VECTOR('',#12093,10.);
#3495=VECTOR('',#12096,10.);
#3496=VECTOR('',#12097,10.);
#3497=VECTOR('',#12100,10.);
#3498=VECTOR('',#12109,10.);
#3499=VECTOR('',#12112,10.);
#3500=VECTOR('',#12115,10.);
#3501=VECTOR('',#12122,10.);
#3502=VECTOR('',#12123,10.);
#3503=VECTOR('',#12128,10.);
#3504=VECTOR('',#12131,10.);
#3505=VECTOR('',#12138,10.);
#3506=VECTOR('',#12139,10.);
#3507=VECTOR('',#12154,10.);
#3508=VECTOR('',#12157,10.);
#3509=VECTOR('',#12160,10.);
#3510=VECTOR('',#12173,10.);
#3511=VECTOR('',#12176,10.);
#3512=VECTOR('',#12177,10.);
#3513=VECTOR('',#12178,10.);
#3514=VECTOR('',#12179,10.);
#3515=VECTOR('',#12196,10.);
#3516=VECTOR('',#12199,10.);
#3517=VECTOR('',#12202,10.);
#3518=VECTOR('',#12203,10.);
#3519=VECTOR('',#12204,10.);
#3520=VECTOR('',#12207,10.);
#3521=VECTOR('',#12208,10.);
#3522=VECTOR('',#12215,10.);
#3523=VECTOR('',#12216,10.);
#3524=VECTOR('',#12217,10.);
#3525=VECTOR('',#12220,10.);
#3526=VECTOR('',#12221,10.);
#3527=VECTOR('',#12222,10.);
#3528=VECTOR('',#12223,10.);
#3529=VECTOR('',#12228,10.);
#3530=VECTOR('',#12233,10.);
#3531=VECTOR('',#12234,10.);
#3532=VECTOR('',#12235,10.);
#3533=VECTOR('',#12240,10.);
#3534=VECTOR('',#12245,10.);
#3535=VECTOR('',#12246,10.);
#3536=VECTOR('',#12249,10.);
#3537=VECTOR('',#12250,10.);
#3538=VECTOR('',#12253,10.);
#3539=VECTOR('',#12254,10.);
#3540=VECTOR('',#12255,10.);
#3541=VECTOR('',#12258,10.);
#3542=VECTOR('',#12263,10.);
#3543=VECTOR('',#12264,10.);
#3544=VECTOR('',#12267,10.);
#3545=VECTOR('',#12272,10.);
#3546=VECTOR('',#12273,10.);
#3547=VECTOR('',#12274,10.);
#3548=VECTOR('',#12277,10.);
#3549=VECTOR('',#12278,10.);
#3550=VECTOR('',#12279,10.);
#3551=VECTOR('',#12282,10.);
#3552=VECTOR('',#12283,10.);
#3553=VECTOR('',#12284,10.);
#3554=VECTOR('',#12285,10.);
#3555=VECTOR('',#12288,10.);
#3556=VECTOR('',#12289,10.);
#3557=VECTOR('',#12292,10.);
#3558=VECTOR('',#12295,10.);
#3559=VECTOR('',#12296,10.);
#3560=VECTOR('',#12297,10.);
#3561=VECTOR('',#12298,10.);
#3562=VECTOR('',#12301,10.);
#3563=VECTOR('',#12302,10.);
#3564=VECTOR('',#12305,10.);
#3565=VECTOR('',#12308,10.);
#3566=VECTOR('',#12309,10.);
#3567=VECTOR('',#12310,10.);
#3568=VECTOR('',#12311,10.);
#3569=VECTOR('',#12314,10.);
#3570=VECTOR('',#12315,10.);
#3571=VECTOR('',#12318,10.);
#3572=VECTOR('',#12321,10.);
#3573=VECTOR('',#12322,10.);
#3574=VECTOR('',#12323,10.);
#3575=VECTOR('',#12324,10.);
#3576=VECTOR('',#12327,10.);
#3577=VECTOR('',#12328,10.);
#3578=VECTOR('',#12331,10.);
#3579=VECTOR('',#12334,10.);
#3580=VECTOR('',#12335,10.);
#3581=VECTOR('',#12336,10.);
#3582=VECTOR('',#12337,10.);
#3583=VECTOR('',#12340,10.);
#3584=VECTOR('',#12341,10.);
#3585=VECTOR('',#12344,10.);
#3586=VECTOR('',#12347,10.);
#3587=VECTOR('',#12348,10.);
#3588=VECTOR('',#12349,10.);
#3589=VECTOR('',#12350,10.);
#3590=VECTOR('',#12353,10.);
#3591=VECTOR('',#12354,10.);
#3592=VECTOR('',#12357,10.);
#3593=VECTOR('',#12360,10.);
#3594=VECTOR('',#12361,10.);
#3595=VECTOR('',#12362,10.);
#3596=VECTOR('',#12363,10.);
#3597=VECTOR('',#12366,10.);
#3598=VECTOR('',#12367,10.);
#3599=VECTOR('',#12370,10.);
#3600=VECTOR('',#12373,10.);
#3601=VECTOR('',#12374,10.);
#3602=VECTOR('',#12375,10.);
#3603=VECTOR('',#12376,10.);
#3604=VECTOR('',#12379,10.);
#3605=VECTOR('',#12380,10.);
#3606=VECTOR('',#12383,10.);
#3607=VECTOR('',#12386,10.);
#3608=VECTOR('',#12387,10.);
#3609=VECTOR('',#12388,10.);
#3610=VECTOR('',#12389,10.);
#3611=VECTOR('',#12392,10.);
#3612=VECTOR('',#12393,10.);
#3613=VECTOR('',#12396,10.);
#3614=VECTOR('',#12399,10.);
#3615=VECTOR('',#12400,10.);
#3616=VECTOR('',#12401,10.);
#3617=VECTOR('',#12402,10.);
#3618=VECTOR('',#12405,10.);
#3619=VECTOR('',#12406,10.);
#3620=VECTOR('',#12409,10.);
#3621=VECTOR('',#12412,10.);
#3622=VECTOR('',#12413,10.);
#3623=VECTOR('',#12414,10.);
#3624=VECTOR('',#12415,10.);
#3625=VECTOR('',#12418,10.);
#3626=VECTOR('',#12419,10.);
#3627=VECTOR('',#12422,10.);
#3628=VECTOR('',#12425,10.);
#3629=VECTOR('',#12426,10.);
#3630=VECTOR('',#12427,10.);
#3631=VECTOR('',#12428,10.);
#3632=VECTOR('',#12431,10.);
#3633=VECTOR('',#12432,10.);
#3634=VECTOR('',#12435,10.);
#3635=VECTOR('',#12438,10.);
#3636=VECTOR('',#12439,10.);
#3637=VECTOR('',#12440,10.);
#3638=VECTOR('',#12441,10.);
#3639=VECTOR('',#12444,10.);
#3640=VECTOR('',#12445,10.);
#3641=VECTOR('',#12448,10.);
#3642=VECTOR('',#12451,10.);
#3643=VECTOR('',#12452,10.);
#3644=VECTOR('',#12453,10.);
#3645=VECTOR('',#12454,10.);
#3646=VECTOR('',#12457,10.);
#3647=VECTOR('',#12458,10.);
#3648=VECTOR('',#12461,10.);
#3649=VECTOR('',#12464,10.);
#3650=VECTOR('',#12465,10.);
#3651=VECTOR('',#12466,10.);
#3652=VECTOR('',#12467,10.);
#3653=VECTOR('',#12470,10.);
#3654=VECTOR('',#12471,10.);
#3655=VECTOR('',#12474,10.);
#3656=VECTOR('',#12477,10.);
#3657=VECTOR('',#12478,10.);
#3658=VECTOR('',#12479,10.);
#3659=VECTOR('',#12480,10.);
#3660=VECTOR('',#12483,10.);
#3661=VECTOR('',#12484,10.);
#3662=VECTOR('',#12487,10.);
#3663=VECTOR('',#12490,10.);
#3664=VECTOR('',#12491,10.);
#3665=VECTOR('',#12492,10.);
#3666=VECTOR('',#12493,10.);
#3667=VECTOR('',#12496,10.);
#3668=VECTOR('',#12497,10.);
#3669=VECTOR('',#12500,10.);
#3670=VECTOR('',#12503,10.);
#3671=VECTOR('',#12504,10.);
#3672=VECTOR('',#12505,10.);
#3673=VECTOR('',#12506,10.);
#3674=VECTOR('',#12509,10.);
#3675=VECTOR('',#12510,10.);
#3676=VECTOR('',#12513,10.);
#3677=VECTOR('',#12516,10.);
#3678=VECTOR('',#12517,10.);
#3679=VECTOR('',#12518,10.);
#3680=VECTOR('',#12519,10.);
#3681=VECTOR('',#12522,10.);
#3682=VECTOR('',#12523,10.);
#3683=VECTOR('',#12526,10.);
#3684=VECTOR('',#12529,10.);
#3685=VECTOR('',#12530,10.);
#3686=VECTOR('',#12531,10.);
#3687=VECTOR('',#12532,10.);
#3688=VECTOR('',#12535,10.);
#3689=VECTOR('',#12536,10.);
#3690=VECTOR('',#12539,10.);
#3691=VECTOR('',#12542,10.);
#3692=VECTOR('',#12545,10.);
#3693=VECTOR('',#12546,10.);
#3694=VECTOR('',#12547,10.);
#3695=VECTOR('',#12548,10.);
#3696=VECTOR('',#12549,10.);
#3697=VECTOR('',#12550,10.);
#3698=VECTOR('',#12551,10.);
#3699=VECTOR('',#12552,10.);
#3700=VECTOR('',#12553,10.);
#3701=VECTOR('',#12554,10.);
#3702=VECTOR('',#12555,10.);
#3703=VECTOR('',#12560,10.);
#3704=VECTOR('',#12563,10.);
#3705=VECTOR('',#12564,10.);
#3706=VECTOR('',#12565,10.);
#3707=VECTOR('',#12566,10.);
#3708=VECTOR('',#12567,10.);
#3709=VECTOR('',#12568,10.);
#3710=VECTOR('',#12569,10.);
#3711=VECTOR('',#12570,10.);
#3712=VECTOR('',#12571,10.);
#3713=VECTOR('',#12572,10.);
#3714=VECTOR('',#12573,10.);
#3715=VECTOR('',#12610,10.);
#3716=VECTOR('',#12611,10.);
#3717=VECTOR('',#12614,10.);
#3718=VECTOR('',#12615,10.);
#3719=VECTOR('',#12618,10.);
#3720=VECTOR('',#12623,10.);
#3721=VECTOR('',#12626,10.);
#3722=VECTOR('',#12631,10.);
#3723=VECTOR('',#12634,10.);
#3724=VECTOR('',#12637,10.);
#3725=VECTOR('',#12640,10.);
#3726=VECTOR('',#12643,10.);
#3727=VECTOR('',#12646,10.);
#3728=VECTOR('',#12649,10.);
#3729=VECTOR('',#12652,10.);
#3730=VECTOR('',#12655,10.);
#3731=VECTOR('',#12658,10.);
#3732=VECTOR('',#12661,10.);
#3733=VECTOR('',#12662,10.);
#3734=VECTOR('',#12663,10.);
#3735=VECTOR('',#12666,10.);
#3736=VECTOR('',#12667,10.);
#3737=VECTOR('',#12670,10.);
#3738=VECTOR('',#12671,10.);
#3739=VECTOR('',#12674,10.);
#3740=VECTOR('',#12675,10.);
#3741=VECTOR('',#12678,10.);
#3742=VECTOR('',#12679,10.);
#3743=VECTOR('',#12682,10.);
#3744=VECTOR('',#12683,10.);
#3745=VECTOR('',#12686,10.);
#3746=VECTOR('',#12687,10.);
#3747=VECTOR('',#12688,10.);
#3748=VECTOR('',#12689,10.);
#3749=VECTOR('',#12692,10.);
#3750=VECTOR('',#12693,10.);
#3751=VECTOR('',#12694,10.);
#3752=VECTOR('',#12695,10.);
#3753=VECTOR('',#12696,10.);
#3754=VECTOR('',#12697,10.);
#3755=VECTOR('',#12698,10.);
#3756=VECTOR('',#12701,10.);
#3757=VECTOR('',#12704,10.);
#3758=VECTOR('',#12707,10.);
#3759=VECTOR('',#12708,10.);
#3760=VECTOR('',#12711,10.);
#3761=VECTOR('',#12714,10.);
#3762=VECTOR('',#12717,10.);
#3763=VECTOR('',#12720,10.);
#3764=VECTOR('',#12721,10.);
#3765=VECTOR('',#12726,10.);
#3766=VECTOR('',#12729,10.);
#3767=VECTOR('',#12732,10.);
#3768=VECTOR('',#12733,10.);
#3769=VECTOR('',#12738,10.);
#3770=VECTOR('',#12741,10.);
#3771=VECTOR('',#12746,10.);
#3772=VECTOR('',#12749,10.);
#3773=VECTOR('',#12750,10.);
#3774=VECTOR('',#12751,10.);
#3775=VECTOR('',#12752,10.);
#3776=VECTOR('',#12753,10.);
#3777=VECTOR('',#12754,10.);
#3778=VECTOR('',#12755,10.);
#3779=VECTOR('',#12756,10.);
#3780=VECTOR('',#12757,10.);
#3781=VECTOR('',#12758,10.);
#3782=VECTOR('',#12759,10.);
#3783=VECTOR('',#12760,10.);
#3784=VECTOR('',#12761,10.);
#3785=VECTOR('',#12762,10.);
#3786=VECTOR('',#12763,10.);
#3787=VECTOR('',#12766,10.);
#3788=VECTOR('',#12769,10.);
#3789=VECTOR('',#12772,10.);
#3790=VECTOR('',#12777,10.);
#3791=VECTOR('',#12784,10.);
#3792=VECTOR('',#12791,10.);
#3793=VECTOR('',#12794,10.);
#3794=VECTOR('',#12795,10.);
#3795=VECTOR('',#12796,10.);
#3796=VECTOR('',#12799,10.);
#3797=VECTOR('',#12800,10.);
#3798=VECTOR('',#12803,10.);
#3799=VECTOR('',#12804,10.);
#3800=VECTOR('',#12809,10.);
#3801=VECTOR('',#12814,10.);
#3802=VECTOR('',#12815,0.2);
#3803=VECTOR('',#12816,10.);
#3804=VECTOR('',#12819,10.);
#3805=VECTOR('',#12820,10.);
#3806=VECTOR('',#12827,10.);
#3807=VECTOR('',#12830,10.);
#3808=VECTOR('',#12831,10.);
#3809=VECTOR('',#12832,10.);
#3810=VECTOR('',#12833,10.);
#3811=VECTOR('',#12834,10.);
#3812=VECTOR('',#12837,10.);
#3813=VECTOR('',#12838,10.);
#3814=VECTOR('',#12839,10.);
#3815=VECTOR('',#12842,10.);
#3816=VECTOR('',#12843,10.);
#3817=VECTOR('',#12844,10.);
#3818=VECTOR('',#12845,10.);
#3819=VECTOR('',#12848,10.);
#3820=VECTOR('',#12849,10.);
#3821=VECTOR('',#12852,10.);
#3822=VECTOR('',#12855,10.);
#3823=VECTOR('',#12856,10.);
#3824=VECTOR('',#12865,10.);
#3825=VECTOR('',#12868,10.);
#3826=VECTOR('',#12871,10.);
#3827=VECTOR('',#12872,10.);
#3828=VECTOR('',#12875,10.);
#3829=VECTOR('',#12878,10.);
#3830=VECTOR('',#12885,10.);
#3831=VECTOR('',#12888,10.);
#3832=VECTOR('',#12891,10.);
#3833=VECTOR('',#12892,10.);
#3834=VECTOR('',#12893,10.);
#3835=VECTOR('',#12898,10.);
#3836=VECTOR('',#12899,10.);
#3837=VECTOR('',#12900,10.);
#3838=VECTOR('',#12901,10.);
#3839=VECTOR('',#12902,10.);
#3840=VECTOR('',#12903,10.);
#3841=VECTOR('',#12904,10.);
#3842=VECTOR('',#12905,10.);
#3843=VECTOR('',#12912,10.);
#3844=VECTOR('',#12913,10.);
#3845=VECTOR('',#12918,10.);
#3846=VECTOR('',#12919,10.);
#3847=VECTOR('',#12922,10.);
#3848=VECTOR('',#12925,10.);
#3849=VECTOR('',#12928,10.);
#3850=VECTOR('',#12929,10.);
#3851=VECTOR('',#12934,10.);
#3852=VECTOR('',#12935,10.);
#3853=VECTOR('',#12936,10.);
#3854=VECTOR('',#12937,10.);
#3855=VECTOR('',#12938,10.);
#3856=VECTOR('',#12939,10.);
#3857=VECTOR('',#12940,10.);
#3858=VECTOR('',#12941,10.);
#3859=VECTOR('',#12942,10.);
#3860=VECTOR('',#12943,10.);
#3861=VECTOR('',#12944,10.);
#3862=VECTOR('',#12945,10.);
#3863=VECTOR('',#12946,10.);
#3864=VECTOR('',#12947,10.);
#3865=VECTOR('',#12952,10.);
#3866=VECTOR('',#12955,10.);
#3867=VECTOR('',#12956,10.);
#3868=VECTOR('',#12959,10.);
#3869=VECTOR('',#12962,10.);
#3870=VECTOR('',#12965,10.);
#3871=VECTOR('',#12968,10.);
#3872=VECTOR('',#12971,10.);
#3873=VECTOR('',#12974,10.);
#3874=VECTOR('',#12977,10.);
#3875=VECTOR('',#12980,10.);
#3876=VECTOR('',#12981,10.);
#3877=VECTOR('',#12982,10.);
#3878=VECTOR('',#12985,10.);
#3879=VECTOR('',#12988,10.);
#3880=VECTOR('',#12995,10.);
#3881=VECTOR('',#13014,10.);
#3882=VECTOR('',#13015,10.);
#3883=VECTOR('',#13016,10.);
#3884=VECTOR('',#13019,10.);
#3885=VECTOR('',#13022,10.);
#3886=VECTOR('',#13033,10.);
#3887=VECTOR('',#13036,10.);
#3888=VECTOR('',#13039,10.);
#3889=VECTOR('',#13042,10.);
#3890=VECTOR('',#13049,10.);
#3891=VECTOR('',#13050,10.);
#3892=VECTOR('',#13055,10.);
#3893=VECTOR('',#13058,10.);
#3894=VECTOR('',#13065,10.);
#3895=VECTOR('',#13070,10.);
#3896=VECTOR('',#13083,10.);
#3897=VECTOR('',#13086,10.);
#3898=VECTOR('',#13089,10.);
#3899=VECTOR('',#13092,10.);
#3900=VECTOR('',#13095,10.);
#3901=VECTOR('',#13098,10.);
#3902=VECTOR('',#13111,10.);
#3903=VECTOR('',#13114,10.);
#3904=VECTOR('',#13115,10.);
#3905=VECTOR('',#13116,10.);
#3906=VECTOR('',#13117,10.);
#3907=VECTOR('',#13138,10.);
#3908=VECTOR('',#13139,10.);
#3909=VECTOR('',#13140,10.);
#3910=VECTOR('',#13143,10.);
#3911=VECTOR('',#13144,10.);
#3912=VERTEX_POINT('',#13151);
#3913=VERTEX_POINT('',#13152);
#3914=VERTEX_POINT('',#13154);
#3915=VERTEX_POINT('',#13156);
#3916=VERTEX_POINT('',#13160);
#3917=VERTEX_POINT('',#13162);
#3918=VERTEX_POINT('',#13166);
#3919=VERTEX_POINT('',#13167);
#3920=VERTEX_POINT('',#13169);
#3921=VERTEX_POINT('',#13171);
#3922=VERTEX_POINT('',#13175);
#3923=VERTEX_POINT('',#13177);
#3924=VERTEX_POINT('',#13181);
#3925=VERTEX_POINT('',#13184);
#3926=VERTEX_POINT('',#13186);
#3927=VERTEX_POINT('',#13188);
#3928=VERTEX_POINT('',#13190);
#3929=VERTEX_POINT('',#13192);
#3930=VERTEX_POINT('',#13194);
#3931=VERTEX_POINT('',#13196);
#3932=VERTEX_POINT('',#13198);
#3933=VERTEX_POINT('',#13200);
#3934=VERTEX_POINT('',#13202);
#3935=VERTEX_POINT('',#13204);
#3936=VERTEX_POINT('',#13206);
#3937=VERTEX_POINT('',#13208);
#3938=VERTEX_POINT('',#13210);
#3939=VERTEX_POINT('',#13212);
#3940=VERTEX_POINT('',#13214);
#3941=VERTEX_POINT('',#13216);
#3942=VERTEX_POINT('',#13218);
#3943=VERTEX_POINT('',#13220);
#3944=VERTEX_POINT('',#13222);
#3945=VERTEX_POINT('',#13224);
#3946=VERTEX_POINT('',#13226);
#3947=VERTEX_POINT('',#13228);
#3948=VERTEX_POINT('',#13230);
#3949=VERTEX_POINT('',#13232);
#3950=VERTEX_POINT('',#13234);
#3951=VERTEX_POINT('',#13236);
#3952=VERTEX_POINT('',#13238);
#3953=VERTEX_POINT('',#13240);
#3954=VERTEX_POINT('',#13242);
#3955=VERTEX_POINT('',#13244);
#3956=VERTEX_POINT('',#13246);
#3957=VERTEX_POINT('',#13248);
#3958=VERTEX_POINT('',#13250);
#3959=VERTEX_POINT('',#13252);
#3960=VERTEX_POINT('',#13254);
#3961=VERTEX_POINT('',#13256);
#3962=VERTEX_POINT('',#13258);
#3963=VERTEX_POINT('',#13260);
#3964=VERTEX_POINT('',#13262);
#3965=VERTEX_POINT('',#13264);
#3966=VERTEX_POINT('',#13266);
#3967=VERTEX_POINT('',#13268);
#3968=VERTEX_POINT('',#13270);
#3969=VERTEX_POINT('',#13272);
#3970=VERTEX_POINT('',#13274);
#3971=VERTEX_POINT('',#13276);
#3972=VERTEX_POINT('',#13278);
#3973=VERTEX_POINT('',#13280);
#3974=VERTEX_POINT('',#13282);
#3975=VERTEX_POINT('',#13284);
#3976=VERTEX_POINT('',#13286);
#3977=VERTEX_POINT('',#13288);
#3978=VERTEX_POINT('',#13290);
#3979=VERTEX_POINT('',#13292);
#3980=VERTEX_POINT('',#13294);
#3981=VERTEX_POINT('',#13296);
#3982=VERTEX_POINT('',#13298);
#3983=VERTEX_POINT('',#13300);
#3984=VERTEX_POINT('',#13302);
#3985=VERTEX_POINT('',#13304);
#3986=VERTEX_POINT('',#13306);
#3987=VERTEX_POINT('',#13308);
#3988=VERTEX_POINT('',#13310);
#3989=VERTEX_POINT('',#13312);
#3990=VERTEX_POINT('',#13314);
#3991=VERTEX_POINT('',#13316);
#3992=VERTEX_POINT('',#13318);
#3993=VERTEX_POINT('',#13320);
#3994=VERTEX_POINT('',#13322);
#3995=VERTEX_POINT('',#13324);
#3996=VERTEX_POINT('',#13326);
#3997=VERTEX_POINT('',#13328);
#3998=VERTEX_POINT('',#13330);
#3999=VERTEX_POINT('',#13332);
#4000=VERTEX_POINT('',#13334);
#4001=VERTEX_POINT('',#13336);
#4002=VERTEX_POINT('',#13338);
#4003=VERTEX_POINT('',#13340);
#4004=VERTEX_POINT('',#13344);
#4005=VERTEX_POINT('',#13346);
#4006=VERTEX_POINT('',#13348);
#4007=VERTEX_POINT('',#13352);
#4008=VERTEX_POINT('',#13356);
#4009=VERTEX_POINT('',#13358);
#4010=VERTEX_POINT('',#13362);
#4011=VERTEX_POINT('',#13364);
#4012=VERTEX_POINT('',#13366);
#4013=VERTEX_POINT('',#13370);
#4014=VERTEX_POINT('',#13374);
#4015=VERTEX_POINT('',#13376);
#4016=VERTEX_POINT('',#13380);
#4017=VERTEX_POINT('',#13382);
#4018=VERTEX_POINT('',#13384);
#4019=VERTEX_POINT('',#13388);
#4020=VERTEX_POINT('',#13392);
#4021=VERTEX_POINT('',#13394);
#4022=VERTEX_POINT('',#13398);
#4023=VERTEX_POINT('',#13400);
#4024=VERTEX_POINT('',#13402);
#4025=VERTEX_POINT('',#13406);
#4026=VERTEX_POINT('',#13410);
#4027=VERTEX_POINT('',#13412);
#4028=VERTEX_POINT('',#13416);
#4029=VERTEX_POINT('',#13418);
#4030=VERTEX_POINT('',#13420);
#4031=VERTEX_POINT('',#13424);
#4032=VERTEX_POINT('',#13428);
#4033=VERTEX_POINT('',#13430);
#4034=VERTEX_POINT('',#13434);
#4035=VERTEX_POINT('',#13436);
#4036=VERTEX_POINT('',#13438);
#4037=VERTEX_POINT('',#13442);
#4038=VERTEX_POINT('',#13446);
#4039=VERTEX_POINT('',#13448);
#4040=VERTEX_POINT('',#13452);
#4041=VERTEX_POINT('',#13454);
#4042=VERTEX_POINT('',#13456);
#4043=VERTEX_POINT('',#13460);
#4044=VERTEX_POINT('',#13464);
#4045=VERTEX_POINT('',#13466);
#4046=VERTEX_POINT('',#13470);
#4047=VERTEX_POINT('',#13472);
#4048=VERTEX_POINT('',#13474);
#4049=VERTEX_POINT('',#13478);
#4050=VERTEX_POINT('',#13482);
#4051=VERTEX_POINT('',#13484);
#4052=VERTEX_POINT('',#13488);
#4053=VERTEX_POINT('',#13490);
#4054=VERTEX_POINT('',#13492);
#4055=VERTEX_POINT('',#13496);
#4056=VERTEX_POINT('',#13500);
#4057=VERTEX_POINT('',#13502);
#4058=VERTEX_POINT('',#13506);
#4059=VERTEX_POINT('',#13508);
#4060=VERTEX_POINT('',#13512);
#4061=VERTEX_POINT('',#13514);
#4062=VERTEX_POINT('',#13516);
#4063=VERTEX_POINT('',#13518);
#4064=VERTEX_POINT('',#13520);
#4065=VERTEX_POINT('',#13522);
#4066=VERTEX_POINT('',#13524);
#4067=VERTEX_POINT('',#13526);
#4068=VERTEX_POINT('',#13528);
#4069=VERTEX_POINT('',#13530);
#4070=VERTEX_POINT('',#13534);
#4071=VERTEX_POINT('',#13536);
#4072=VERTEX_POINT('',#13538);
#4073=VERTEX_POINT('',#13540);
#4074=VERTEX_POINT('',#13542);
#4075=VERTEX_POINT('',#13544);
#4076=VERTEX_POINT('',#13546);
#4077=VERTEX_POINT('',#13548);
#4078=VERTEX_POINT('',#13550);
#4079=VERTEX_POINT('',#13552);
#4080=VERTEX_POINT('',#13556);
#4081=VERTEX_POINT('',#13558);
#4082=VERTEX_POINT('',#13560);
#4083=VERTEX_POINT('',#13562);
#4084=VERTEX_POINT('',#13564);
#4085=VERTEX_POINT('',#13566);
#4086=VERTEX_POINT('',#13568);
#4087=VERTEX_POINT('',#13572);
#4088=VERTEX_POINT('',#13574);
#4089=VERTEX_POINT('',#13576);
#4090=VERTEX_POINT('',#13578);
#4091=VERTEX_POINT('',#13580);
#4092=VERTEX_POINT('',#13582);
#4093=VERTEX_POINT('',#13584);
#4094=VERTEX_POINT('',#13588);
#4095=VERTEX_POINT('',#13589);
#4096=VERTEX_POINT('',#13594);
#4097=VERTEX_POINT('',#13598);
#4098=VERTEX_POINT('',#13600);
#4099=VERTEX_POINT('',#13602);
#4100=VERTEX_POINT('',#13604);
#4101=VERTEX_POINT('',#13606);
#4102=VERTEX_POINT('',#13608);
#4103=VERTEX_POINT('',#13610);
#4104=VERTEX_POINT('',#13612);
#4105=VERTEX_POINT('',#13614);
#4106=VERTEX_POINT('',#13618);
#4107=VERTEX_POINT('',#13620);
#4108=VERTEX_POINT('',#13624);
#4109=VERTEX_POINT('',#13631);
#4110=VERTEX_POINT('',#13635);
#4111=VERTEX_POINT('',#13637);
#4112=VERTEX_POINT('',#13641);
#4113=VERTEX_POINT('',#13645);
#4114=VERTEX_POINT('',#13649);
#4115=VERTEX_POINT('',#13651);
#4116=VERTEX_POINT('',#13654);
#4117=VERTEX_POINT('',#13656);
#4118=VERTEX_POINT('',#13658);
#4119=VERTEX_POINT('',#13675);
#4120=VERTEX_POINT('',#13685);
#4121=VERTEX_POINT('',#13687);
#4122=VERTEX_POINT('',#13689);
#4123=VERTEX_POINT('',#13691);
#4124=VERTEX_POINT('',#13693);
#4125=VERTEX_POINT('',#13695);
#4126=VERTEX_POINT('',#13697);
#4127=VERTEX_POINT('',#13699);
#4128=VERTEX_POINT('',#13701);
#4129=VERTEX_POINT('',#13703);
#4130=VERTEX_POINT('',#13706);
#4131=VERTEX_POINT('',#13707);
#4132=VERTEX_POINT('',#13709);
#4133=VERTEX_POINT('',#13711);
#4134=VERTEX_POINT('',#13713);
#4135=VERTEX_POINT('',#13715);
#4136=VERTEX_POINT('',#13717);
#4137=VERTEX_POINT('',#13719);
#4138=VERTEX_POINT('',#13721);
#4139=VERTEX_POINT('',#13723);
#4140=VERTEX_POINT('',#13725);
#4141=VERTEX_POINT('',#13727);
#4142=VERTEX_POINT('',#13729);
#4143=VERTEX_POINT('',#13731);
#4144=VERTEX_POINT('',#13733);
#4145=VERTEX_POINT('',#13735);
#4146=VERTEX_POINT('',#13737);
#4147=VERTEX_POINT('',#13739);
#4148=VERTEX_POINT('',#13741);
#4149=VERTEX_POINT('',#13743);
#4150=VERTEX_POINT('',#13745);
#4151=VERTEX_POINT('',#13747);
#4152=VERTEX_POINT('',#13749);
#4153=VERTEX_POINT('',#13751);
#4154=VERTEX_POINT('',#13753);
#4155=VERTEX_POINT('',#13755);
#4156=VERTEX_POINT('',#13757);
#4157=VERTEX_POINT('',#13759);
#4158=VERTEX_POINT('',#13761);
#4159=VERTEX_POINT('',#13763);
#4160=VERTEX_POINT('',#13765);
#4161=VERTEX_POINT('',#13767);
#4162=VERTEX_POINT('',#13769);
#4163=VERTEX_POINT('',#13771);
#4164=VERTEX_POINT('',#13773);
#4165=VERTEX_POINT('',#13775);
#4166=VERTEX_POINT('',#13777);
#4167=VERTEX_POINT('',#13779);
#4168=VERTEX_POINT('',#13781);
#4169=VERTEX_POINT('',#13783);
#4170=VERTEX_POINT('',#13785);
#4171=VERTEX_POINT('',#13787);
#4172=VERTEX_POINT('',#13789);
#4173=VERTEX_POINT('',#13791);
#4174=VERTEX_POINT('',#13793);
#4175=VERTEX_POINT('',#13795);
#4176=VERTEX_POINT('',#13797);
#4177=VERTEX_POINT('',#13799);
#4178=VERTEX_POINT('',#13801);
#4179=VERTEX_POINT('',#13803);
#4180=VERTEX_POINT('',#13805);
#4181=VERTEX_POINT('',#13807);
#4182=VERTEX_POINT('',#13809);
#4183=VERTEX_POINT('',#13811);
#4184=VERTEX_POINT('',#13813);
#4185=VERTEX_POINT('',#13815);
#4186=VERTEX_POINT('',#13817);
#4187=VERTEX_POINT('',#13819);
#4188=VERTEX_POINT('',#13821);
#4189=VERTEX_POINT('',#13823);
#4190=VERTEX_POINT('',#13825);
#4191=VERTEX_POINT('',#13827);
#4192=VERTEX_POINT('',#13829);
#4193=VERTEX_POINT('',#13831);
#4194=VERTEX_POINT('',#13833);
#4195=VERTEX_POINT('',#13835);
#4196=VERTEX_POINT('',#13837);
#4197=VERTEX_POINT('',#13839);
#4198=VERTEX_POINT('',#13841);
#4199=VERTEX_POINT('',#13843);
#4200=VERTEX_POINT('',#13845);
#4201=VERTEX_POINT('',#13847);
#4202=VERTEX_POINT('',#13849);
#4203=VERTEX_POINT('',#13851);
#4204=VERTEX_POINT('',#13853);
#4205=VERTEX_POINT('',#13855);
#4206=VERTEX_POINT('',#13857);
#4207=VERTEX_POINT('',#13859);
#4208=VERTEX_POINT('',#13861);
#4209=VERTEX_POINT('',#13863);
#4210=VERTEX_POINT('',#13865);
#4211=VERTEX_POINT('',#13867);
#4212=VERTEX_POINT('',#13869);
#4213=VERTEX_POINT('',#13871);
#4214=VERTEX_POINT('',#13873);
#4215=VERTEX_POINT('',#13875);
#4216=VERTEX_POINT('',#13877);
#4217=VERTEX_POINT('',#13879);
#4218=VERTEX_POINT('',#13881);
#4219=VERTEX_POINT('',#13883);
#4220=VERTEX_POINT('',#13885);
#4221=VERTEX_POINT('',#13887);
#4222=VERTEX_POINT('',#13889);
#4223=VERTEX_POINT('',#13891);
#4224=VERTEX_POINT('',#13893);
#4225=VERTEX_POINT('',#13895);
#4226=VERTEX_POINT('',#13897);
#4227=VERTEX_POINT('',#13899);
#4228=VERTEX_POINT('',#13901);
#4229=VERTEX_POINT('',#13903);
#4230=VERTEX_POINT('',#13905);
#4231=VERTEX_POINT('',#13907);
#4232=VERTEX_POINT('',#13909);
#4233=VERTEX_POINT('',#13911);
#4234=VERTEX_POINT('',#13913);
#4235=VERTEX_POINT('',#13915);
#4236=VERTEX_POINT('',#13917);
#4237=VERTEX_POINT('',#13919);
#4238=VERTEX_POINT('',#13921);
#4239=VERTEX_POINT('',#13923);
#4240=VERTEX_POINT('',#13925);
#4241=VERTEX_POINT('',#13927);
#4242=VERTEX_POINT('',#13929);
#4243=VERTEX_POINT('',#13931);
#4244=VERTEX_POINT('',#13933);
#4245=VERTEX_POINT('',#13935);
#4246=VERTEX_POINT('',#13937);
#4247=VERTEX_POINT('',#13939);
#4248=VERTEX_POINT('',#13941);
#4249=VERTEX_POINT('',#13943);
#4250=VERTEX_POINT('',#13945);
#4251=VERTEX_POINT('',#13947);
#4252=VERTEX_POINT('',#13949);
#4253=VERTEX_POINT('',#13951);
#4254=VERTEX_POINT('',#13953);
#4255=VERTEX_POINT('',#13955);
#4256=VERTEX_POINT('',#13957);
#4257=VERTEX_POINT('',#13959);
#4258=VERTEX_POINT('',#13961);
#4259=VERTEX_POINT('',#13963);
#4260=VERTEX_POINT('',#13965);
#4261=VERTEX_POINT('',#13967);
#4262=VERTEX_POINT('',#13969);
#4263=VERTEX_POINT('',#13971);
#4264=VERTEX_POINT('',#13973);
#4265=VERTEX_POINT('',#13975);
#4266=VERTEX_POINT('',#13977);
#4267=VERTEX_POINT('',#13979);
#4268=VERTEX_POINT('',#13981);
#4269=VERTEX_POINT('',#13983);
#4270=VERTEX_POINT('',#13985);
#4271=VERTEX_POINT('',#13987);
#4272=VERTEX_POINT('',#13989);
#4273=VERTEX_POINT('',#13991);
#4274=VERTEX_POINT('',#13993);
#4275=VERTEX_POINT('',#13995);
#4276=VERTEX_POINT('',#13997);
#4277=VERTEX_POINT('',#13999);
#4278=VERTEX_POINT('',#14001);
#4279=VERTEX_POINT('',#14003);
#4280=VERTEX_POINT('',#14005);
#4281=VERTEX_POINT('',#14007);
#4282=VERTEX_POINT('',#14009);
#4283=VERTEX_POINT('',#14011);
#4284=VERTEX_POINT('',#14013);
#4285=VERTEX_POINT('',#14015);
#4286=VERTEX_POINT('',#14017);
#4287=VERTEX_POINT('',#14019);
#4288=VERTEX_POINT('',#14021);
#4289=VERTEX_POINT('',#14023);
#4290=VERTEX_POINT('',#14025);
#4291=VERTEX_POINT('',#14027);
#4292=VERTEX_POINT('',#14029);
#4293=VERTEX_POINT('',#14031);
#4294=VERTEX_POINT('',#14035);
#4295=VERTEX_POINT('',#14037);
#4296=VERTEX_POINT('',#14041);
#4297=VERTEX_POINT('',#14042);
#4298=VERTEX_POINT('',#14044);
#4299=VERTEX_POINT('',#14046);
#4300=VERTEX_POINT('',#14050);
#4301=VERTEX_POINT('',#14052);
#4302=VERTEX_POINT('',#14056);
#4303=VERTEX_POINT('',#14057);
#4304=VERTEX_POINT('',#14062);
#4305=VERTEX_POINT('',#14064);
#4306=VERTEX_POINT('',#14071);
#4307=VERTEX_POINT('',#14075);
#4308=VERTEX_POINT('',#14077);
#4309=VERTEX_POINT('',#14081);
#4310=VERTEX_POINT('',#14085);
#4311=VERTEX_POINT('',#14089);
#4312=VERTEX_POINT('',#14093);
#4313=VERTEX_POINT('',#14095);
#4314=VERTEX_POINT('',#14099);
#4315=VERTEX_POINT('',#14101);
#4316=VERTEX_POINT('',#14105);
#4317=VERTEX_POINT('',#14106);
#4318=VERTEX_POINT('',#14108);
#4319=VERTEX_POINT('',#14110);
#4320=VERTEX_POINT('',#14119);
#4321=VERTEX_POINT('',#14120);
#4322=VERTEX_POINT('',#14122);
#4323=VERTEX_POINT('',#14124);
#4324=VERTEX_POINT('',#14133);
#4325=VERTEX_POINT('',#14134);
#4326=VERTEX_POINT('',#14136);
#4327=VERTEX_POINT('',#14138);
#4328=VERTEX_POINT('',#14147);
#4329=VERTEX_POINT('',#14148);
#4330=VERTEX_POINT('',#14150);
#4331=VERTEX_POINT('',#14152);
#4332=VERTEX_POINT('',#14161);
#4333=VERTEX_POINT('',#14162);
#4334=VERTEX_POINT('',#14164);
#4335=VERTEX_POINT('',#14166);
#4336=VERTEX_POINT('',#14175);
#4337=VERTEX_POINT('',#14176);
#4338=VERTEX_POINT('',#14178);
#4339=VERTEX_POINT('',#14180);
#4340=VERTEX_POINT('',#14189);
#4341=VERTEX_POINT('',#14190);
#4342=VERTEX_POINT('',#14192);
#4343=VERTEX_POINT('',#14194);
#4344=VERTEX_POINT('',#14203);
#4345=VERTEX_POINT('',#14204);
#4346=VERTEX_POINT('',#14206);
#4347=VERTEX_POINT('',#14208);
#4348=VERTEX_POINT('',#14217);
#4349=VERTEX_POINT('',#14218);
#4350=VERTEX_POINT('',#14220);
#4351=VERTEX_POINT('',#14222);
#4352=VERTEX_POINT('',#14231);
#4353=VERTEX_POINT('',#14232);
#4354=VERTEX_POINT('',#14234);
#4355=VERTEX_POINT('',#14236);
#4356=VERTEX_POINT('',#14245);
#4357=VERTEX_POINT('',#14246);
#4358=VERTEX_POINT('',#14248);
#4359=VERTEX_POINT('',#14250);
#4360=VERTEX_POINT('',#14259);
#4361=VERTEX_POINT('',#14260);
#4362=VERTEX_POINT('',#14262);
#4363=VERTEX_POINT('',#14264);
#4364=VERTEX_POINT('',#14273);
#4365=VERTEX_POINT('',#14274);
#4366=VERTEX_POINT('',#14276);
#4367=VERTEX_POINT('',#14278);
#4368=VERTEX_POINT('',#14287);
#4369=VERTEX_POINT('',#14288);
#4370=VERTEX_POINT('',#14290);
#4371=VERTEX_POINT('',#14292);
#4372=VERTEX_POINT('',#14301);
#4373=VERTEX_POINT('',#14302);
#4374=VERTEX_POINT('',#14304);
#4375=VERTEX_POINT('',#14306);
#4376=VERTEX_POINT('',#14315);
#4377=VERTEX_POINT('',#14316);
#4378=VERTEX_POINT('',#14318);
#4379=VERTEX_POINT('',#14320);
#4380=VERTEX_POINT('',#14329);
#4381=VERTEX_POINT('',#14330);
#4382=VERTEX_POINT('',#14332);
#4383=VERTEX_POINT('',#14334);
#4384=VERTEX_POINT('',#14343);
#4385=VERTEX_POINT('',#14344);
#4386=VERTEX_POINT('',#14346);
#4387=VERTEX_POINT('',#14348);
#4388=VERTEX_POINT('',#14357);
#4389=VERTEX_POINT('',#14358);
#4390=VERTEX_POINT('',#14360);
#4391=VERTEX_POINT('',#14362);
#4392=VERTEX_POINT('',#14371);
#4393=VERTEX_POINT('',#14372);
#4394=VERTEX_POINT('',#14374);
#4395=VERTEX_POINT('',#14376);
#4396=VERTEX_POINT('',#14425);
#4397=VERTEX_POINT('',#14426);
#4398=VERTEX_POINT('',#14429);
#4399=VERTEX_POINT('',#14431);
#4400=VERTEX_POINT('',#14435);
#4401=VERTEX_POINT('',#14436);
#4402=VERTEX_POINT('',#14438);
#4403=VERTEX_POINT('',#14440);
#4404=VERTEX_POINT('',#14444);
#4405=VERTEX_POINT('',#14446);
#4406=VERTEX_POINT('',#14450);
#4407=VERTEX_POINT('',#14452);
#4408=VERTEX_POINT('',#14456);
#4409=VERTEX_POINT('',#14458);
#4410=VERTEX_POINT('',#14462);
#4411=VERTEX_POINT('',#14464);
#4412=VERTEX_POINT('',#14468);
#4413=VERTEX_POINT('',#14470);
#4414=VERTEX_POINT('',#14474);
#4415=VERTEX_POINT('',#14476);
#4416=VERTEX_POINT('',#14480);
#4417=VERTEX_POINT('',#14484);
#4418=VERTEX_POINT('',#14488);
#4419=VERTEX_POINT('',#14492);
#4420=VERTEX_POINT('',#14496);
#4421=VERTEX_POINT('',#14500);
#4422=VERTEX_POINT('',#14501);
#4423=VERTEX_POINT('',#14503);
#4424=VERTEX_POINT('',#14505);
#4425=VERTEX_POINT('',#14509);
#4426=VERTEX_POINT('',#14511);
#4427=VERTEX_POINT('',#14513);
#4428=VERTEX_POINT('',#14515);
#4429=VERTEX_POINT('',#14517);
#4430=VERTEX_POINT('',#14519);
#4431=VERTEX_POINT('',#14521);
#4432=VERTEX_POINT('',#14523);
#4433=VERTEX_POINT('',#14527);
#4434=VERTEX_POINT('',#14529);
#4435=VERTEX_POINT('',#14533);
#4436=VERTEX_POINT('',#14537);
#4437=VERTEX_POINT('',#14543);
#4438=VERTEX_POINT('',#14547);
#4439=VERTEX_POINT('',#14548);
#4440=VERTEX_POINT('',#14550);
#4441=VERTEX_POINT('',#14553);
#4442=VERTEX_POINT('',#14562);
#4443=VERTEX_POINT('',#14564);
#4444=VERTEX_POINT('',#14569);
#4445=VERTEX_POINT('',#14575);
#4446=VERTEX_POINT('',#14576);
#4447=VERTEX_POINT('',#14578);
#4448=VERTEX_POINT('',#14580);
#4449=VERTEX_POINT('',#14584);
#4450=VERTEX_POINT('',#14586);
#4451=VERTEX_POINT('',#14590);
#4452=VERTEX_POINT('',#14592);
#4453=VERTEX_POINT('',#14596);
#4454=VERTEX_POINT('',#14598);
#4455=VERTEX_POINT('',#14602);
#4456=VERTEX_POINT('',#14606);
#4457=VERTEX_POINT('',#14610);
#4458=VERTEX_POINT('',#14611);
#4459=VERTEX_POINT('',#14613);
#4460=VERTEX_POINT('',#14615);
#4461=VERTEX_POINT('',#14619);
#4462=VERTEX_POINT('',#14621);
#4463=VERTEX_POINT('',#14625);
#4464=VERTEX_POINT('',#14627);
#4465=VERTEX_POINT('',#14629);
#4466=VERTEX_POINT('',#14633);
#4467=VERTEX_POINT('',#14637);
#4468=VERTEX_POINT('',#14638);
#4469=VERTEX_POINT('',#14640);
#4470=VERTEX_POINT('',#14642);
#4471=VERTEX_POINT('',#14644);
#4472=VERTEX_POINT('',#14648);
#4473=VERTEX_POINT('',#14650);
#4474=VERTEX_POINT('',#14654);
#4475=VERTEX_POINT('',#14656);
#4476=VERTEX_POINT('',#14658);
#4477=VERTEX_POINT('',#14662);
#4478=VERTEX_POINT('',#14663);
#4479=VERTEX_POINT('',#14668);
#4480=VERTEX_POINT('',#14670);
#4481=VERTEX_POINT('',#14677);
#4482=VERTEX_POINT('',#14679);
#4483=VERTEX_POINT('',#14690);
#4484=VERTEX_POINT('',#14691);
#4485=VERTEX_POINT('',#14693);
#4486=VERTEX_POINT('',#14695);
#4487=VERTEX_POINT('',#14699);
#4488=VERTEX_POINT('',#14701);
#4489=VERTEX_POINT('',#14705);
#4490=VERTEX_POINT('',#14707);
#4491=VERTEX_POINT('',#14709);
#4492=VERTEX_POINT('',#14711);
#4493=VERTEX_POINT('',#14713);
#4494=VERTEX_POINT('',#14715);
#4495=VERTEX_POINT('',#14717);
#4496=VERTEX_POINT('',#14724);
#4497=VERTEX_POINT('',#14726);
#4498=VERTEX_POINT('',#14730);
#4499=VERTEX_POINT('',#14742);
#4500=VERTEX_POINT('',#14746);
#4501=VERTEX_POINT('',#14748);
#4502=VERTEX_POINT('',#14752);
#4503=VERTEX_POINT('',#14754);
#4504=VERTEX_POINT('',#14756);
#4505=VERTEX_POINT('',#14760);
#4506=VERTEX_POINT('',#14761);
#4507=VERTEX_POINT('',#14763);
#4508=VERTEX_POINT('',#14765);
#4509=VERTEX_POINT('',#14770);
#4510=VERTEX_POINT('',#14774);
#4511=VERTEX_POINT('',#14775);
#4512=VERTEX_POINT('',#14777);
#4513=VERTEX_POINT('',#14779);
#4514=VERTEX_POINT('',#14783);
#4515=VERTEX_POINT('',#14785);
#4516=VERTEX_POINT('',#14787);
#4517=VERTEX_POINT('',#14792);
#4518=VERTEX_POINT('',#14796);
#4519=VERTEX_POINT('',#14797);
#4520=VERTEX_POINT('',#14799);
#4521=VERTEX_POINT('',#14801);
#4522=VERTEX_POINT('',#14806);
#4523=VERTEX_POINT('',#14810);
#4524=VERTEX_POINT('',#14811);
#4525=VERTEX_POINT('',#14813);
#4526=VERTEX_POINT('',#14815);
#4527=VERTEX_POINT('',#14820);
#4528=VERTEX_POINT('',#14824);
#4529=VERTEX_POINT('',#14825);
#4530=VERTEX_POINT('',#14827);
#4531=VERTEX_POINT('',#14829);
#4532=VERTEX_POINT('',#14834);
#4533=VERTEX_POINT('',#14838);
#4534=VERTEX_POINT('',#14839);
#4535=VERTEX_POINT('',#14841);
#4536=VERTEX_POINT('',#14843);
#4537=VERTEX_POINT('',#14848);
#4538=VERTEX_POINT('',#14852);
#4539=VERTEX_POINT('',#14854);
#4540=VERTEX_POINT('',#14856);
#4541=VERTEX_POINT('',#14860);
#4542=VERTEX_POINT('',#14861);
#4543=VERTEX_POINT('',#14863);
#4544=VERTEX_POINT('',#14865);
#4545=VERTEX_POINT('',#14870);
#4546=VERTEX_POINT('',#14874);
#4547=VERTEX_POINT('',#14876);
#4548=VERTEX_POINT('',#14882);
#4549=VERTEX_POINT('',#14888);
#4550=VERTEX_POINT('',#14890);
#4551=VERTEX_POINT('',#14896);
#4552=VERTEX_POINT('',#14902);
#4553=VERTEX_POINT('',#14910);
#4554=VERTEX_POINT('',#14918);
#4555=VERTEX_POINT('',#14926);
#4556=VERTEX_POINT('',#14934);
#4557=VERTEX_POINT('',#14942);
#4558=VERTEX_POINT('',#14950);
#4559=VERTEX_POINT('',#14958);
#4560=VERTEX_POINT('',#14960);
#4561=VERTEX_POINT('',#14966);
#4562=VERTEX_POINT('',#14987);
#4563=VERTEX_POINT('',#14989);
#4564=VERTEX_POINT('',#14995);
#4565=VERTEX_POINT('',#14997);
#4566=VERTEX_POINT('',#15016);
#4567=VERTEX_POINT('',#15024);
#4568=VERTEX_POINT('',#15026);
#4569=VERTEX_POINT('',#15049);
#4570=VERTEX_POINT('',#15057);
#4571=VERTEX_POINT('',#15058);
#4572=VERTEX_POINT('',#15060);
#4573=VERTEX_POINT('',#15067);
#4574=VERTEX_POINT('',#15069);
#4575=VERTEX_POINT('',#15073);
#4576=VERTEX_POINT('',#15078);
#4577=VERTEX_POINT('',#15082);
#4578=VERTEX_POINT('',#15084);
#4579=VERTEX_POINT('',#15086);
#4580=VERTEX_POINT('',#15092);
#4581=VERTEX_POINT('',#15093);
#4582=VERTEX_POINT('',#15095);
#4583=VERTEX_POINT('',#15104);
#4584=VERTEX_POINT('',#15106);
#4585=VERTEX_POINT('',#15115);
#4586=VERTEX_POINT('',#15117);
#4587=VERTEX_POINT('',#15121);
#4588=VERTEX_POINT('',#15122);
#4589=VERTEX_POINT('',#15124);
#4590=VERTEX_POINT('',#15126);
#4591=VERTEX_POINT('',#15130);
#4592=VERTEX_POINT('',#15132);
#4593=VERTEX_POINT('',#15136);
#4594=VERTEX_POINT('',#15137);
#4595=VERTEX_POINT('',#15142);
#4596=VERTEX_POINT('',#15144);
#4597=VERTEX_POINT('',#15151);
#4598=VERTEX_POINT('',#15155);
#4599=VERTEX_POINT('',#15157);
#4600=VERTEX_POINT('',#15161);
#4601=VERTEX_POINT('',#15165);
#4602=VERTEX_POINT('',#15169);
#4603=VERTEX_POINT('',#15173);
#4604=VERTEX_POINT('',#15175);
#4605=VERTEX_POINT('',#15179);
#4606=VERTEX_POINT('',#15181);
#4607=VERTEX_POINT('',#15185);
#4608=VERTEX_POINT('',#15186);
#4609=VERTEX_POINT('',#15188);
#4610=VERTEX_POINT('',#15190);
#4611=VERTEX_POINT('',#15199);
#4612=VERTEX_POINT('',#15200);
#4613=VERTEX_POINT('',#15202);
#4614=VERTEX_POINT('',#15204);
#4615=VERTEX_POINT('',#15213);
#4616=VERTEX_POINT('',#15214);
#4617=VERTEX_POINT('',#15216);
#4618=VERTEX_POINT('',#15218);
#4619=VERTEX_POINT('',#15227);
#4620=VERTEX_POINT('',#15228);
#4621=VERTEX_POINT('',#15230);
#4622=VERTEX_POINT('',#15232);
#4623=VERTEX_POINT('',#15241);
#4624=VERTEX_POINT('',#15242);
#4625=VERTEX_POINT('',#15244);
#4626=VERTEX_POINT('',#15246);
#4627=VERTEX_POINT('',#15255);
#4628=VERTEX_POINT('',#15256);
#4629=VERTEX_POINT('',#15258);
#4630=VERTEX_POINT('',#15260);
#4631=VERTEX_POINT('',#15269);
#4632=VERTEX_POINT('',#15270);
#4633=VERTEX_POINT('',#15272);
#4634=VERTEX_POINT('',#15274);
#4635=VERTEX_POINT('',#15283);
#4636=VERTEX_POINT('',#15284);
#4637=VERTEX_POINT('',#15286);
#4638=VERTEX_POINT('',#15288);
#4639=VERTEX_POINT('',#15297);
#4640=VERTEX_POINT('',#15298);
#4641=VERTEX_POINT('',#15300);
#4642=VERTEX_POINT('',#15302);
#4643=VERTEX_POINT('',#15311);
#4644=VERTEX_POINT('',#15312);
#4645=VERTEX_POINT('',#15314);
#4646=VERTEX_POINT('',#15316);
#4647=VERTEX_POINT('',#15325);
#4648=VERTEX_POINT('',#15326);
#4649=VERTEX_POINT('',#15328);
#4650=VERTEX_POINT('',#15330);
#4651=VERTEX_POINT('',#15339);
#4652=VERTEX_POINT('',#15340);
#4653=VERTEX_POINT('',#15342);
#4654=VERTEX_POINT('',#15344);
#4655=VERTEX_POINT('',#15353);
#4656=VERTEX_POINT('',#15354);
#4657=VERTEX_POINT('',#15356);
#4658=VERTEX_POINT('',#15358);
#4659=VERTEX_POINT('',#15367);
#4660=VERTEX_POINT('',#15368);
#4661=VERTEX_POINT('',#15370);
#4662=VERTEX_POINT('',#15372);
#4663=VERTEX_POINT('',#15381);
#4664=VERTEX_POINT('',#15382);
#4665=VERTEX_POINT('',#15384);
#4666=VERTEX_POINT('',#15386);
#4667=VERTEX_POINT('',#15395);
#4668=VERTEX_POINT('',#15396);
#4669=VERTEX_POINT('',#15398);
#4670=VERTEX_POINT('',#15400);
#4671=VERTEX_POINT('',#15409);
#4672=VERTEX_POINT('',#15410);
#4673=VERTEX_POINT('',#15412);
#4674=VERTEX_POINT('',#15414);
#4675=VERTEX_POINT('',#15423);
#4676=VERTEX_POINT('',#15424);
#4677=VERTEX_POINT('',#15426);
#4678=VERTEX_POINT('',#15428);
#4679=VERTEX_POINT('',#15437);
#4680=VERTEX_POINT('',#15438);
#4681=VERTEX_POINT('',#15440);
#4682=VERTEX_POINT('',#15442);
#4683=VERTEX_POINT('',#15451);
#4684=VERTEX_POINT('',#15452);
#4685=VERTEX_POINT('',#15454);
#4686=VERTEX_POINT('',#15456);
#4687=VERTEX_POINT('',#15474);
#4688=VERTEX_POINT('',#15485);
#4689=VERTEX_POINT('',#15513);
#4690=VERTEX_POINT('',#15517);
#4691=VERTEX_POINT('',#15524);
#4692=VERTEX_POINT('',#15525);
#4693=VERTEX_POINT('',#15527);
#4694=VERTEX_POINT('',#15529);
#4695=VERTEX_POINT('',#15533);
#4696=VERTEX_POINT('',#15535);
#4697=VERTEX_POINT('',#15539);
#4698=VERTEX_POINT('',#15541);
#4699=VERTEX_POINT('',#15545);
#4700=VERTEX_POINT('',#15547);
#4701=VERTEX_POINT('',#15551);
#4702=VERTEX_POINT('',#15553);
#4703=VERTEX_POINT('',#15557);
#4704=VERTEX_POINT('',#15559);
#4705=VERTEX_POINT('',#15563);
#4706=VERTEX_POINT('',#15565);
#4707=VERTEX_POINT('',#15569);
#4708=VERTEX_POINT('',#15573);
#4709=VERTEX_POINT('',#15577);
#4710=VERTEX_POINT('',#15581);
#4711=VERTEX_POINT('',#15585);
#4712=VERTEX_POINT('',#15589);
#4713=VERTEX_POINT('',#15590);
#4714=VERTEX_POINT('',#15592);
#4715=VERTEX_POINT('',#15594);
#4716=VERTEX_POINT('',#15598);
#4717=VERTEX_POINT('',#15601);
#4718=VERTEX_POINT('',#15604);
#4719=VERTEX_POINT('',#15606);
#4720=VERTEX_POINT('',#15610);
#4721=VERTEX_POINT('',#15612);
#4722=VERTEX_POINT('',#15614);
#4723=VERTEX_POINT('',#15616);
#4724=VERTEX_POINT('',#15618);
#4725=VERTEX_POINT('',#15620);
#4726=VERTEX_POINT('',#15622);
#4727=VERTEX_POINT('',#15626);
#4728=VERTEX_POINT('',#15628);
#4729=VERTEX_POINT('',#15632);
#4730=VERTEX_POINT('',#15636);
#4731=VERTEX_POINT('',#15642);
#4732=VERTEX_POINT('',#15646);
#4733=VERTEX_POINT('',#15647);
#4734=VERTEX_POINT('',#15649);
#4735=VERTEX_POINT('',#15652);
#4736=VERTEX_POINT('',#15658);
#4737=VERTEX_POINT('',#15660);
#4738=VERTEX_POINT('',#15662);
#4739=VERTEX_POINT('',#15664);
#4740=VERTEX_POINT('',#15667);
#4741=VERTEX_POINT('',#15670);
#4742=VERTEX_POINT('',#15671);
#4743=VERTEX_POINT('',#15673);
#4744=VERTEX_POINT('',#15675);
#4745=VERTEX_POINT('',#15677);
#4746=VERTEX_POINT('',#15679);
#4747=VERTEX_POINT('',#15681);
#4748=VERTEX_POINT('',#15683);
#4749=VERTEX_POINT('',#15694);
#4750=VERTEX_POINT('',#15695);
#4751=VERTEX_POINT('',#15700);
#4752=VERTEX_POINT('',#15704);
#4753=VERTEX_POINT('',#15708);
#4754=VERTEX_POINT('',#15710);
#4755=VERTEX_POINT('',#15714);
#4756=VERTEX_POINT('',#15718);
#4757=VERTEX_POINT('',#15722);
#4758=VERTEX_POINT('',#15724);
#4759=VERTEX_POINT('',#15728);
#4760=VERTEX_POINT('',#15730);
#4761=VERTEX_POINT('',#15734);
#4762=VERTEX_POINT('',#15736);
#4763=VERTEX_POINT('',#15740);
#4764=VERTEX_POINT('',#15744);
#4765=VERTEX_POINT('',#15745);
#4766=VERTEX_POINT('',#15747);
#4767=VERTEX_POINT('',#15749);
#4768=VERTEX_POINT('',#15751);
#4769=VERTEX_POINT('',#15755);
#4770=VERTEX_POINT('',#15757);
#4771=VERTEX_POINT('',#15761);
#4772=VERTEX_POINT('',#15763);
#4773=VERTEX_POINT('',#15765);
#4774=VERTEX_POINT('',#15774);
#4775=VERTEX_POINT('',#15785);
#4776=VERTEX_POINT('',#15794);
#4777=VERTEX_POINT('',#15795);
#4778=VERTEX_POINT('',#15797);
#4779=VERTEX_POINT('',#15799);
#4780=VERTEX_POINT('',#15803);
#4781=VERTEX_POINT('',#15805);
#4782=VERTEX_POINT('',#15810);
#4783=VERTEX_POINT('',#15812);
#4784=VERTEX_POINT('',#15814);
#4785=VERTEX_POINT('',#15816);
#4786=VERTEX_POINT('',#15818);
#4787=VERTEX_POINT('',#15820);
#4788=VERTEX_POINT('',#15822);
#4789=VERTEX_POINT('',#15828);
#4790=VERTEX_POINT('',#15830);
#4791=VERTEX_POINT('',#15834);
#4792=VERTEX_POINT('',#15855);
#4793=VERTEX_POINT('',#15858);
#4794=VERTEX_POINT('',#15860);
#4795=VERTEX_POINT('',#15864);
#4796=VERTEX_POINT('',#15868);
#4797=VERTEX_POINT('',#15886);
#4798=VERTEX_POINT('',#15888);
#4799=VERTEX_POINT('',#15908);
#4800=VERTEX_POINT('',#15910);
#4801=VERTEX_POINT('',#15934);
#4802=VERTEX_POINT('',#15936);
#4803=VERTEX_POINT('',#15944);
#4804=VERTEX_POINT('',#15946);
#4805=VERTEX_POINT('',#15965);
#4806=VERTEX_POINT('',#15973);
#4807=VERTEX_POINT('',#15975);
#4808=VERTEX_POINT('',#16006);
#4809=VERTEX_POINT('',#16007);
#4810=VERTEX_POINT('',#16010);
#4811=VERTEX_POINT('',#16016);
#4812=VERTEX_POINT('',#16018);
#4813=VERTEX_POINT('',#16022);
#4814=VERTEX_POINT('',#16024);
#4815=VERTEX_POINT('',#16026);
#4816=VERTEX_POINT('',#16035);
#4817=VERTEX_POINT('',#16039);
#4818=VERTEX_POINT('',#16041);
#4819=VERTEX_POINT('',#16043);
#4820=VERTEX_POINT('',#16056);
#4821=VERTEX_POINT('',#16058);
#4822=EDGE_CURVE('',#3912,#3913,#1382,.T.);
#4823=EDGE_CURVE('',#3913,#3914,#1383,.T.);
#4824=EDGE_CURVE('',#3915,#3914,#1384,.T.);
#4825=EDGE_CURVE('',#3912,#3915,#1385,.T.);
#4826=EDGE_CURVE('',#3915,#3916,#1386,.T.);
#4827=EDGE_CURVE('',#3914,#3917,#1387,.T.);
#4828=EDGE_CURVE('',#3916,#3917,#1388,.T.);
#4829=EDGE_CURVE('',#3918,#3919,#1389,.T.);
#4830=EDGE_CURVE('',#3920,#3918,#1390,.T.);
#4831=EDGE_CURVE('',#3920,#3921,#1391,.T.);
#4832=EDGE_CURVE('',#3921,#3919,#1392,.T.);
#4833=EDGE_CURVE('',#3922,#3920,#1393,.T.);
#4834=EDGE_CURVE('',#3923,#3922,#1394,.T.);
#4835=EDGE_CURVE('',#3923,#3921,#1395,.T.);
#4836=EDGE_CURVE('',#3917,#3924,#1396,.T.);
#4837=EDGE_CURVE('',#3919,#3913,#1397,.T.);
#4838=EDGE_CURVE('',#3925,#3923,#1398,.T.);
#4839=EDGE_CURVE('',#3926,#3925,#1399,.T.);
#4840=EDGE_CURVE('',#3927,#3926,#1400,.T.);
#4841=EDGE_CURVE('',#3928,#3927,#1401,.T.);
#4842=EDGE_CURVE('',#3929,#3928,#1402,.T.);
#4843=EDGE_CURVE('',#3930,#3929,#1403,.T.);
#4844=EDGE_CURVE('',#3931,#3930,#1404,.T.);
#4845=EDGE_CURVE('',#3932,#3931,#1405,.T.);
#4846=EDGE_CURVE('',#3933,#3932,#1406,.T.);
#4847=EDGE_CURVE('',#3934,#3933,#1407,.T.);
#4848=EDGE_CURVE('',#3935,#3934,#1408,.T.);
#4849=EDGE_CURVE('',#3936,#3935,#1409,.T.);
#4850=EDGE_CURVE('',#3937,#3936,#1410,.T.);
#4851=EDGE_CURVE('',#3938,#3937,#1411,.T.);
#4852=EDGE_CURVE('',#3939,#3938,#1412,.T.);
#4853=EDGE_CURVE('',#3940,#3939,#1413,.T.);
#4854=EDGE_CURVE('',#3941,#3940,#1414,.T.);
#4855=EDGE_CURVE('',#3942,#3941,#1415,.T.);
#4856=EDGE_CURVE('',#3943,#3942,#1416,.T.);
#4857=EDGE_CURVE('',#3944,#3943,#1417,.T.);
#4858=EDGE_CURVE('',#3945,#3944,#1418,.T.);
#4859=EDGE_CURVE('',#3946,#3945,#1419,.T.);
#4860=EDGE_CURVE('',#3947,#3946,#1420,.T.);
#4861=EDGE_CURVE('',#3948,#3947,#1421,.T.);
#4862=EDGE_CURVE('',#3949,#3948,#1422,.T.);
#4863=EDGE_CURVE('',#3950,#3949,#1423,.T.);
#4864=EDGE_CURVE('',#3951,#3950,#1424,.T.);
#4865=EDGE_CURVE('',#3952,#3951,#1425,.T.);
#4866=EDGE_CURVE('',#3953,#3952,#1426,.T.);
#4867=EDGE_CURVE('',#3954,#3953,#1427,.T.);
#4868=EDGE_CURVE('',#3955,#3954,#1428,.T.);
#4869=EDGE_CURVE('',#3956,#3955,#1429,.T.);
#4870=EDGE_CURVE('',#3957,#3956,#1430,.T.);
#4871=EDGE_CURVE('',#3958,#3957,#1431,.T.);
#4872=EDGE_CURVE('',#3959,#3958,#1432,.T.);
#4873=EDGE_CURVE('',#3960,#3959,#1433,.T.);
#4874=EDGE_CURVE('',#3961,#3960,#1434,.T.);
#4875=EDGE_CURVE('',#3962,#3961,#1435,.T.);
#4876=EDGE_CURVE('',#3963,#3962,#1436,.T.);
#4877=EDGE_CURVE('',#3964,#3963,#1437,.T.);
#4878=EDGE_CURVE('',#3965,#3964,#1438,.T.);
#4879=EDGE_CURVE('',#3966,#3965,#1439,.T.);
#4880=EDGE_CURVE('',#3967,#3966,#1440,.T.);
#4881=EDGE_CURVE('',#3968,#3967,#1441,.T.);
#4882=EDGE_CURVE('',#3969,#3968,#1442,.T.);
#4883=EDGE_CURVE('',#3970,#3969,#1443,.T.);
#4884=EDGE_CURVE('',#3971,#3970,#1444,.T.);
#4885=EDGE_CURVE('',#3972,#3971,#1445,.T.);
#4886=EDGE_CURVE('',#3973,#3972,#1446,.T.);
#4887=EDGE_CURVE('',#3974,#3973,#1447,.T.);
#4888=EDGE_CURVE('',#3975,#3974,#1448,.T.);
#4889=EDGE_CURVE('',#3976,#3975,#1449,.T.);
#4890=EDGE_CURVE('',#3977,#3976,#1450,.T.);
#4891=EDGE_CURVE('',#3978,#3977,#1451,.T.);
#4892=EDGE_CURVE('',#3979,#3978,#1452,.T.);
#4893=EDGE_CURVE('',#3980,#3979,#1453,.T.);
#4894=EDGE_CURVE('',#3981,#3980,#1454,.T.);
#4895=EDGE_CURVE('',#3982,#3981,#1455,.T.);
#4896=EDGE_CURVE('',#3983,#3982,#1456,.T.);
#4897=EDGE_CURVE('',#3984,#3983,#1457,.T.);
#4898=EDGE_CURVE('',#3985,#3984,#1458,.T.);
#4899=EDGE_CURVE('',#3986,#3985,#1459,.T.);
#4900=EDGE_CURVE('',#3987,#3986,#1460,.T.);
#4901=EDGE_CURVE('',#3988,#3987,#1461,.T.);
#4902=EDGE_CURVE('',#3989,#3988,#1462,.T.);
#4903=EDGE_CURVE('',#3990,#3989,#1463,.T.);
#4904=EDGE_CURVE('',#3991,#3990,#1464,.T.);
#4905=EDGE_CURVE('',#3992,#3991,#1465,.T.);
#4906=EDGE_CURVE('',#3993,#3992,#1466,.T.);
#4907=EDGE_CURVE('',#3994,#3993,#1467,.T.);
#4908=EDGE_CURVE('',#3995,#3994,#1468,.T.);
#4909=EDGE_CURVE('',#3996,#3995,#1469,.T.);
#4910=EDGE_CURVE('',#3997,#3996,#1470,.T.);
#4911=EDGE_CURVE('',#3998,#3997,#1471,.T.);
#4912=EDGE_CURVE('',#3999,#3998,#1472,.T.);
#4913=EDGE_CURVE('',#4000,#3999,#1473,.T.);
#4914=EDGE_CURVE('',#4001,#4000,#1474,.T.);
#4915=EDGE_CURVE('',#4002,#4001,#1475,.T.);
#4916=EDGE_CURVE('',#4003,#4002,#1476,.T.);
#4917=EDGE_CURVE('',#3924,#4003,#1477,.T.);
#4918=EDGE_CURVE('',#4004,#3959,#1478,.T.);
#4919=EDGE_CURVE('',#4005,#4004,#1479,.T.);
#4920=EDGE_CURVE('',#4006,#4005,#1480,.T.);
#4921=EDGE_CURVE('',#4006,#3960,#1481,.T.);
#4922=EDGE_CURVE('',#3958,#4007,#1482,.T.);
#4923=EDGE_CURVE('',#4004,#4007,#1483,.T.);
#4924=EDGE_CURVE('',#3957,#4008,#1484,.T.);
#4925=EDGE_CURVE('',#4008,#4009,#1485,.T.);
#4926=EDGE_CURVE('',#4007,#4009,#1486,.T.);
#4927=EDGE_CURVE('',#4010,#3955,#1487,.T.);
#4928=EDGE_CURVE('',#4011,#4010,#1488,.T.);
#4929=EDGE_CURVE('',#4012,#4011,#1489,.T.);
#4930=EDGE_CURVE('',#4012,#3956,#1490,.T.);
#4931=EDGE_CURVE('',#3954,#4013,#1491,.T.);
#4932=EDGE_CURVE('',#4010,#4013,#1492,.T.);
#4933=EDGE_CURVE('',#3953,#4014,#1493,.T.);
#4934=EDGE_CURVE('',#4014,#4015,#1494,.T.);
#4935=EDGE_CURVE('',#4013,#4015,#1495,.T.);
#4936=EDGE_CURVE('',#4016,#3951,#1496,.T.);
#4937=EDGE_CURVE('',#4017,#4016,#1497,.T.);
#4938=EDGE_CURVE('',#4018,#4017,#1498,.T.);
#4939=EDGE_CURVE('',#4018,#3952,#1499,.T.);
#4940=EDGE_CURVE('',#3950,#4019,#1500,.T.);
#4941=EDGE_CURVE('',#4016,#4019,#1501,.T.);
#4942=EDGE_CURVE('',#3949,#4020,#1502,.T.);
#4943=EDGE_CURVE('',#4020,#4021,#1503,.T.);
#4944=EDGE_CURVE('',#4019,#4021,#1504,.T.);
#4945=EDGE_CURVE('',#4022,#3947,#1505,.T.);
#4946=EDGE_CURVE('',#4023,#4022,#1506,.T.);
#4947=EDGE_CURVE('',#4024,#4023,#1507,.T.);
#4948=EDGE_CURVE('',#4024,#3948,#1508,.T.);
#4949=EDGE_CURVE('',#3946,#4025,#1509,.T.);
#4950=EDGE_CURVE('',#4022,#4025,#1510,.T.);
#4951=EDGE_CURVE('',#3945,#4026,#1511,.T.);
#4952=EDGE_CURVE('',#4026,#4027,#1512,.T.);
#4953=EDGE_CURVE('',#4025,#4027,#1513,.T.);
#4954=EDGE_CURVE('',#4028,#3943,#1514,.T.);
#4955=EDGE_CURVE('',#4029,#4028,#1515,.T.);
#4956=EDGE_CURVE('',#4030,#4029,#1516,.T.);
#4957=EDGE_CURVE('',#4030,#3944,#1517,.T.);
#4958=EDGE_CURVE('',#3942,#4031,#1518,.T.);
#4959=EDGE_CURVE('',#4028,#4031,#1519,.T.);
#4960=EDGE_CURVE('',#3941,#4032,#1520,.T.);
#4961=EDGE_CURVE('',#4032,#4033,#1521,.T.);
#4962=EDGE_CURVE('',#4031,#4033,#1522,.T.);
#4963=EDGE_CURVE('',#4034,#3939,#1523,.T.);
#4964=EDGE_CURVE('',#4035,#4034,#1524,.T.);
#4965=EDGE_CURVE('',#4036,#4035,#1525,.T.);
#4966=EDGE_CURVE('',#4036,#3940,#1526,.T.);
#4967=EDGE_CURVE('',#3938,#4037,#1527,.T.);
#4968=EDGE_CURVE('',#4034,#4037,#1528,.T.);
#4969=EDGE_CURVE('',#3937,#4038,#1529,.T.);
#4970=EDGE_CURVE('',#4038,#4039,#1530,.T.);
#4971=EDGE_CURVE('',#4037,#4039,#1531,.T.);
#4972=EDGE_CURVE('',#4040,#3935,#1532,.T.);
#4973=EDGE_CURVE('',#4041,#4040,#1533,.T.);
#4974=EDGE_CURVE('',#4042,#4041,#1534,.T.);
#4975=EDGE_CURVE('',#4042,#3936,#1535,.T.);
#4976=EDGE_CURVE('',#3934,#4043,#1536,.T.);
#4977=EDGE_CURVE('',#4040,#4043,#1537,.T.);
#4978=EDGE_CURVE('',#3933,#4044,#1538,.T.);
#4979=EDGE_CURVE('',#4044,#4045,#1539,.T.);
#4980=EDGE_CURVE('',#4043,#4045,#1540,.T.);
#4981=EDGE_CURVE('',#4046,#3931,#1541,.T.);
#4982=EDGE_CURVE('',#4047,#4046,#1542,.T.);
#4983=EDGE_CURVE('',#4048,#4047,#1543,.T.);
#4984=EDGE_CURVE('',#4048,#3932,#1544,.T.);
#4985=EDGE_CURVE('',#3930,#4049,#1545,.T.);
#4986=EDGE_CURVE('',#4046,#4049,#1546,.T.);
#4987=EDGE_CURVE('',#3929,#4050,#1547,.T.);
#4988=EDGE_CURVE('',#4050,#4051,#1548,.T.);
#4989=EDGE_CURVE('',#4049,#4051,#1549,.T.);
#4990=EDGE_CURVE('',#4052,#3927,#1550,.T.);
#4991=EDGE_CURVE('',#4053,#4052,#1551,.T.);
#4992=EDGE_CURVE('',#4054,#4053,#1552,.T.);
#4993=EDGE_CURVE('',#4054,#3928,#1553,.T.);
#4994=EDGE_CURVE('',#3926,#4055,#1554,.T.);
#4995=EDGE_CURVE('',#4052,#4055,#1555,.T.);
#4996=EDGE_CURVE('',#3925,#4056,#1556,.T.);
#4997=EDGE_CURVE('',#4056,#4057,#1557,.T.);
#4998=EDGE_CURVE('',#4055,#4057,#1558,.T.);
#4999=EDGE_CURVE('',#3913,#4058,#1559,.T.);
#5000=EDGE_CURVE('',#4058,#4059,#1560,.T.);
#5001=EDGE_CURVE('',#3919,#4059,#1561,.T.);
#5002=EDGE_CURVE('',#3918,#4060,#1562,.T.);
#5003=EDGE_CURVE('',#4061,#4060,#144,.T.);
#5004=EDGE_CURVE('',#4061,#4062,#1563,.T.);
#5005=EDGE_CURVE('',#4063,#4062,#145,.T.);
#5006=EDGE_CURVE('',#4063,#4064,#1564,.T.);
#5007=EDGE_CURVE('',#4065,#4064,#146,.T.);
#5008=EDGE_CURVE('',#4065,#4066,#1565,.T.);
#5009=EDGE_CURVE('',#4067,#4066,#147,.T.);
#5010=EDGE_CURVE('',#4067,#4068,#1566,.T.);
#5011=EDGE_CURVE('',#4069,#4068,#1567,.T.);
#5012=EDGE_CURVE('',#3920,#4069,#1568,.T.);
#5013=EDGE_CURVE('',#3915,#4070,#1569,.T.);
#5014=EDGE_CURVE('',#4071,#4070,#1570,.T.);
#5015=EDGE_CURVE('',#4071,#4072,#1571,.T.);
#5016=EDGE_CURVE('',#4073,#4072,#148,.T.);
#5017=EDGE_CURVE('',#4073,#4074,#1572,.T.);
#5018=EDGE_CURVE('',#4075,#4074,#149,.T.);
#5019=EDGE_CURVE('',#4075,#4076,#1573,.T.);
#5020=EDGE_CURVE('',#4077,#4076,#150,.T.);
#5021=EDGE_CURVE('',#4077,#4078,#1574,.T.);
#5022=EDGE_CURVE('',#4079,#4078,#151,.T.);
#5023=EDGE_CURVE('',#4079,#3912,#1575,.T.);
#5024=EDGE_CURVE('',#3916,#4080,#1576,.T.);
#5025=EDGE_CURVE('',#4081,#4080,#1577,.T.);
#5026=EDGE_CURVE('',#4082,#4081,#1578,.T.);
#5027=EDGE_CURVE('',#4082,#4083,#1579,.T.);
#5028=EDGE_CURVE('',#4083,#4084,#1580,.T.);
#5029=EDGE_CURVE('',#4084,#4085,#1581,.T.);
#5030=EDGE_CURVE('',#4086,#4085,#1582,.T.);
#5031=EDGE_CURVE('',#4086,#3915,#1583,.T.);
#5032=EDGE_CURVE('',#4087,#3920,#1584,.T.);
#5033=EDGE_CURVE('',#4087,#4088,#1585,.T.);
#5034=EDGE_CURVE('',#4089,#4088,#1586,.T.);
#5035=EDGE_CURVE('',#4090,#4089,#1587,.T.);
#5036=EDGE_CURVE('',#4091,#4090,#1588,.T.);
#5037=EDGE_CURVE('',#4091,#4092,#1589,.T.);
#5038=EDGE_CURVE('',#4092,#4093,#1590,.T.);
#5039=EDGE_CURVE('',#3922,#4093,#1591,.T.);
#5040=EDGE_CURVE('',#4094,#4095,#152,.T.);
#5041=EDGE_CURVE('',#4095,#4067,#1592,.T.);
#5042=EDGE_CURVE('',#4066,#4094,#1593,.T.);
#5043=EDGE_CURVE('',#4096,#4095,#1594,.T.);
#5044=EDGE_CURVE('',#4068,#4096,#1595,.T.);
#5045=EDGE_CURVE('',#4094,#4097,#1596,.T.);
#5046=EDGE_CURVE('',#4098,#4097,#153,.T.);
#5047=EDGE_CURVE('',#4098,#4099,#1597,.T.);
#5048=EDGE_CURVE('',#4100,#4099,#154,.T.);
#5049=EDGE_CURVE('',#4100,#4101,#1598,.T.);
#5050=EDGE_CURVE('',#4102,#4101,#155,.T.);
#5051=EDGE_CURVE('',#4102,#4103,#1599,.T.);
#5052=EDGE_CURVE('',#4103,#4104,#1600,.T.);
#5053=EDGE_CURVE('',#4105,#4104,#1601,.T.);
#5054=EDGE_CURVE('',#4105,#4096,#1602,.T.);
#5055=EDGE_CURVE('',#4072,#4106,#1603,.T.);
#5056=EDGE_CURVE('',#4106,#4107,#156,.T.);
#5057=EDGE_CURVE('',#4107,#4073,#1604,.T.);
#5058=EDGE_CURVE('',#4071,#4108,#1605,.T.);
#5059=EDGE_CURVE('',#4106,#4108,#1606,.T.);
#5060=EDGE_CURVE('',#4101,#4061,#1607,.T.);
#5061=EDGE_CURVE('',#4060,#4102,#1608,.T.);
#5062=EDGE_CURVE('',#4059,#4109,#1609,.T.);
#5063=EDGE_CURVE('',#4103,#4109,#1610,.T.);
#5064=EDGE_CURVE('',#4078,#4110,#1611,.T.);
#5065=EDGE_CURVE('',#4110,#4111,#157,.T.);
#5066=EDGE_CURVE('',#4111,#4079,#1612,.T.);
#5067=EDGE_CURVE('',#4112,#4077,#1613,.T.);
#5068=EDGE_CURVE('',#4110,#4112,#1614,.T.);
#5069=EDGE_CURVE('',#4113,#4112,#158,.T.);
#5070=EDGE_CURVE('',#4076,#4113,#1615,.T.);
#5071=EDGE_CURVE('',#4113,#4114,#1616,.T.);
#5072=EDGE_CURVE('',#4115,#4114,#159,.T.);
#5073=EDGE_CURVE('',#4115,#4107,#1617,.T.);
#5074=EDGE_CURVE('',#4108,#4116,#1618,.T.);
#5075=EDGE_CURVE('',#4116,#4117,#1619,.T.);
#5076=EDGE_CURVE('',#4117,#4118,#1620,.T.);
#5077=EDGE_CURVE('',#4118,#4111,#1621,.T.);
#5078=EDGE_CURVE('',#4114,#4075,#1622,.T.);
#5079=EDGE_CURVE('',#4074,#4115,#1623,.T.);
#5080=EDGE_CURVE('',#4062,#4100,#1624,.T.);
#5081=EDGE_CURVE('',#4099,#4063,#1625,.T.);
#5082=EDGE_CURVE('',#4064,#4098,#1626,.T.);
#5083=EDGE_CURVE('',#4097,#4065,#1627,.T.);
#5084=EDGE_CURVE('',#4109,#4119,#1628,.T.);
#5085=EDGE_CURVE('',#4119,#4058,#1629,.T.);
#5086=EDGE_CURVE('',#4096,#4108,#1630,.T.);
#5087=EDGE_CURVE('',#4068,#4071,#1631,.T.);
#5088=EDGE_CURVE('',#4119,#4118,#1632,.T.);
#5089=EDGE_CURVE('',#4120,#4117,#160,.T.);
#5090=EDGE_CURVE('',#4120,#4121,#1633,.T.);
#5091=EDGE_CURVE('',#4122,#4121,#161,.T.);
#5092=EDGE_CURVE('',#4122,#4123,#1634,.T.);
#5093=EDGE_CURVE('',#4124,#4123,#162,.T.);
#5094=EDGE_CURVE('',#4125,#4124,#1635,.T.);
#5095=EDGE_CURVE('',#4125,#4126,#163,.T.);
#5096=EDGE_CURVE('',#4127,#4126,#1636,.T.);
#5097=EDGE_CURVE('',#4127,#4128,#164,.T.);
#5098=EDGE_CURVE('',#4129,#4128,#1637,.T.);
#5099=EDGE_CURVE('',#4129,#4104,#165,.T.);
#5100=EDGE_CURVE('',#4130,#4131,#1638,.T.);
#5101=EDGE_CURVE('',#4132,#4131,#1639,.T.);
#5102=EDGE_CURVE('',#4133,#4132,#1640,.T.);
#5103=EDGE_CURVE('',#4134,#4133,#1641,.T.);
#5104=EDGE_CURVE('',#4135,#4134,#1642,.T.);
#5105=EDGE_CURVE('',#4136,#4135,#1643,.T.);
#5106=EDGE_CURVE('',#4137,#4136,#1644,.T.);
#5107=EDGE_CURVE('',#4138,#4137,#1645,.T.);
#5108=EDGE_CURVE('',#4139,#4138,#1646,.T.);
#5109=EDGE_CURVE('',#4140,#4139,#1647,.T.);
#5110=EDGE_CURVE('',#4141,#4140,#1648,.T.);
#5111=EDGE_CURVE('',#4142,#4141,#1649,.T.);
#5112=EDGE_CURVE('',#4143,#4142,#1650,.T.);
#5113=EDGE_CURVE('',#4144,#4143,#1651,.T.);
#5114=EDGE_CURVE('',#4145,#4144,#1652,.T.);
#5115=EDGE_CURVE('',#4146,#4145,#1653,.T.);
#5116=EDGE_CURVE('',#4147,#4146,#1654,.T.);
#5117=EDGE_CURVE('',#4148,#4147,#1655,.T.);
#5118=EDGE_CURVE('',#4149,#4148,#1656,.T.);
#5119=EDGE_CURVE('',#4150,#4149,#1657,.T.);
#5120=EDGE_CURVE('',#4151,#4150,#1658,.T.);
#5121=EDGE_CURVE('',#4152,#4151,#1659,.T.);
#5122=EDGE_CURVE('',#4153,#4152,#1660,.T.);
#5123=EDGE_CURVE('',#4154,#4153,#1661,.T.);
#5124=EDGE_CURVE('',#4155,#4154,#1662,.T.);
#5125=EDGE_CURVE('',#4156,#4155,#1663,.T.);
#5126=EDGE_CURVE('',#4157,#4156,#1664,.T.);
#5127=EDGE_CURVE('',#4158,#4157,#1665,.T.);
#5128=EDGE_CURVE('',#4159,#4158,#1666,.T.);
#5129=EDGE_CURVE('',#4160,#4159,#1667,.T.);
#5130=EDGE_CURVE('',#4161,#4160,#1668,.T.);
#5131=EDGE_CURVE('',#4162,#4161,#1669,.T.);
#5132=EDGE_CURVE('',#4163,#4162,#1670,.T.);
#5133=EDGE_CURVE('',#4164,#4163,#1671,.T.);
#5134=EDGE_CURVE('',#4165,#4164,#1672,.T.);
#5135=EDGE_CURVE('',#4166,#4165,#1673,.T.);
#5136=EDGE_CURVE('',#4167,#4166,#1674,.T.);
#5137=EDGE_CURVE('',#4168,#4167,#1675,.T.);
#5138=EDGE_CURVE('',#4169,#4168,#1676,.T.);
#5139=EDGE_CURVE('',#4170,#4169,#1677,.T.);
#5140=EDGE_CURVE('',#4171,#4170,#1678,.T.);
#5141=EDGE_CURVE('',#4172,#4171,#1679,.T.);
#5142=EDGE_CURVE('',#4173,#4172,#1680,.T.);
#5143=EDGE_CURVE('',#4174,#4173,#1681,.T.);
#5144=EDGE_CURVE('',#4175,#4174,#1682,.T.);
#5145=EDGE_CURVE('',#4176,#4175,#1683,.T.);
#5146=EDGE_CURVE('',#4177,#4176,#1684,.T.);
#5147=EDGE_CURVE('',#4178,#4177,#1685,.T.);
#5148=EDGE_CURVE('',#4179,#4178,#1686,.T.);
#5149=EDGE_CURVE('',#4180,#4179,#1687,.T.);
#5150=EDGE_CURVE('',#4181,#4180,#1688,.T.);
#5151=EDGE_CURVE('',#4182,#4181,#1689,.T.);
#5152=EDGE_CURVE('',#4183,#4182,#1690,.T.);
#5153=EDGE_CURVE('',#4184,#4183,#1691,.T.);
#5154=EDGE_CURVE('',#4185,#4184,#1692,.T.);
#5155=EDGE_CURVE('',#4186,#4185,#1693,.T.);
#5156=EDGE_CURVE('',#4187,#4186,#1694,.T.);
#5157=EDGE_CURVE('',#4188,#4187,#1695,.T.);
#5158=EDGE_CURVE('',#4189,#4188,#1696,.T.);
#5159=EDGE_CURVE('',#4190,#4189,#1697,.T.);
#5160=EDGE_CURVE('',#4191,#4190,#1698,.T.);
#5161=EDGE_CURVE('',#4192,#4191,#1699,.T.);
#5162=EDGE_CURVE('',#4193,#4192,#1700,.T.);
#5163=EDGE_CURVE('',#4194,#4193,#1701,.T.);
#5164=EDGE_CURVE('',#4195,#4194,#1702,.T.);
#5165=EDGE_CURVE('',#4196,#4195,#1703,.T.);
#5166=EDGE_CURVE('',#4197,#4196,#1704,.T.);
#5167=EDGE_CURVE('',#4198,#4197,#1705,.T.);
#5168=EDGE_CURVE('',#4199,#4198,#1706,.T.);
#5169=EDGE_CURVE('',#4200,#4199,#1707,.T.);
#5170=EDGE_CURVE('',#4201,#4200,#1708,.T.);
#5171=EDGE_CURVE('',#4202,#4201,#1709,.T.);
#5172=EDGE_CURVE('',#4203,#4202,#1710,.T.);
#5173=EDGE_CURVE('',#4204,#4203,#1711,.T.);
#5174=EDGE_CURVE('',#4205,#4204,#1712,.T.);
#5175=EDGE_CURVE('',#4206,#4205,#1713,.T.);
#5176=EDGE_CURVE('',#4207,#4206,#1714,.T.);
#5177=EDGE_CURVE('',#4208,#4207,#1715,.T.);
#5178=EDGE_CURVE('',#4209,#4208,#1716,.T.);
#5179=EDGE_CURVE('',#4210,#4209,#1717,.T.);
#5180=EDGE_CURVE('',#4211,#4210,#1718,.T.);
#5181=EDGE_CURVE('',#4212,#4211,#1719,.T.);
#5182=EDGE_CURVE('',#4212,#4213,#1720,.T.);
#5183=EDGE_CURVE('',#4213,#4214,#1721,.T.);
#5184=EDGE_CURVE('',#4214,#4215,#1722,.T.);
#5185=EDGE_CURVE('',#4215,#4216,#1723,.T.);
#5186=EDGE_CURVE('',#4216,#4217,#1724,.T.);
#5187=EDGE_CURVE('',#4217,#4218,#1725,.T.);
#5188=EDGE_CURVE('',#4218,#4219,#1726,.T.);
#5189=EDGE_CURVE('',#4219,#4220,#1727,.T.);
#5190=EDGE_CURVE('',#4220,#4221,#1728,.T.);
#5191=EDGE_CURVE('',#4221,#4222,#1729,.T.);
#5192=EDGE_CURVE('',#4222,#4223,#1730,.T.);
#5193=EDGE_CURVE('',#4223,#4224,#1731,.T.);
#5194=EDGE_CURVE('',#4224,#4225,#1732,.T.);
#5195=EDGE_CURVE('',#4225,#4226,#1733,.T.);
#5196=EDGE_CURVE('',#4226,#4227,#1734,.T.);
#5197=EDGE_CURVE('',#4227,#4228,#1735,.T.);
#5198=EDGE_CURVE('',#4228,#4229,#1736,.T.);
#5199=EDGE_CURVE('',#4229,#4230,#1737,.T.);
#5200=EDGE_CURVE('',#4230,#4231,#1738,.T.);
#5201=EDGE_CURVE('',#4231,#4232,#1739,.T.);
#5202=EDGE_CURVE('',#4232,#4233,#1740,.T.);
#5203=EDGE_CURVE('',#4233,#4234,#1741,.T.);
#5204=EDGE_CURVE('',#4234,#4235,#1742,.T.);
#5205=EDGE_CURVE('',#4235,#4236,#1743,.T.);
#5206=EDGE_CURVE('',#4236,#4237,#1744,.T.);
#5207=EDGE_CURVE('',#4237,#4238,#1745,.T.);
#5208=EDGE_CURVE('',#4238,#4239,#1746,.T.);
#5209=EDGE_CURVE('',#4239,#4240,#1747,.T.);
#5210=EDGE_CURVE('',#4240,#4241,#1748,.T.);
#5211=EDGE_CURVE('',#4241,#4242,#1749,.T.);
#5212=EDGE_CURVE('',#4242,#4243,#1750,.T.);
#5213=EDGE_CURVE('',#4243,#4244,#1751,.T.);
#5214=EDGE_CURVE('',#4244,#4245,#1752,.T.);
#5215=EDGE_CURVE('',#4245,#4246,#1753,.T.);
#5216=EDGE_CURVE('',#4246,#4247,#1754,.T.);
#5217=EDGE_CURVE('',#4247,#4248,#1755,.T.);
#5218=EDGE_CURVE('',#4248,#4249,#1756,.T.);
#5219=EDGE_CURVE('',#4249,#4250,#1757,.T.);
#5220=EDGE_CURVE('',#4250,#4251,#1758,.T.);
#5221=EDGE_CURVE('',#4251,#4252,#1759,.T.);
#5222=EDGE_CURVE('',#4252,#4253,#1760,.T.);
#5223=EDGE_CURVE('',#4253,#4254,#1761,.T.);
#5224=EDGE_CURVE('',#4254,#4255,#1762,.T.);
#5225=EDGE_CURVE('',#4255,#4256,#1763,.T.);
#5226=EDGE_CURVE('',#4256,#4257,#1764,.T.);
#5227=EDGE_CURVE('',#4257,#4258,#1765,.T.);
#5228=EDGE_CURVE('',#4258,#4259,#1766,.T.);
#5229=EDGE_CURVE('',#4259,#4260,#1767,.T.);
#5230=EDGE_CURVE('',#4260,#4261,#1768,.T.);
#5231=EDGE_CURVE('',#4261,#4262,#1769,.T.);
#5232=EDGE_CURVE('',#4262,#4263,#1770,.T.);
#5233=EDGE_CURVE('',#4263,#4264,#1771,.T.);
#5234=EDGE_CURVE('',#4264,#4265,#1772,.T.);
#5235=EDGE_CURVE('',#4265,#4266,#1773,.T.);
#5236=EDGE_CURVE('',#4266,#4267,#1774,.T.);
#5237=EDGE_CURVE('',#4267,#4268,#1775,.T.);
#5238=EDGE_CURVE('',#4268,#4269,#1776,.T.);
#5239=EDGE_CURVE('',#4269,#4270,#1777,.T.);
#5240=EDGE_CURVE('',#4270,#4271,#1778,.T.);
#5241=EDGE_CURVE('',#4271,#4272,#1779,.T.);
#5242=EDGE_CURVE('',#4272,#4273,#1780,.T.);
#5243=EDGE_CURVE('',#4273,#4274,#1781,.T.);
#5244=EDGE_CURVE('',#4274,#4275,#1782,.T.);
#5245=EDGE_CURVE('',#4275,#4276,#1783,.T.);
#5246=EDGE_CURVE('',#4276,#4277,#1784,.T.);
#5247=EDGE_CURVE('',#4277,#4278,#1785,.T.);
#5248=EDGE_CURVE('',#4278,#4279,#1786,.T.);
#5249=EDGE_CURVE('',#4279,#4280,#1787,.T.);
#5250=EDGE_CURVE('',#4280,#4281,#1788,.T.);
#5251=EDGE_CURVE('',#4281,#4282,#1789,.T.);
#5252=EDGE_CURVE('',#4282,#4283,#1790,.T.);
#5253=EDGE_CURVE('',#4283,#4284,#1791,.T.);
#5254=EDGE_CURVE('',#4284,#4285,#1792,.T.);
#5255=EDGE_CURVE('',#4285,#4286,#1793,.T.);
#5256=EDGE_CURVE('',#4286,#4287,#1794,.T.);
#5257=EDGE_CURVE('',#4287,#4288,#1795,.T.);
#5258=EDGE_CURVE('',#4288,#4289,#1796,.T.);
#5259=EDGE_CURVE('',#4289,#4290,#1797,.T.);
#5260=EDGE_CURVE('',#4290,#4291,#1798,.T.);
#5261=EDGE_CURVE('',#4291,#4292,#1799,.T.);
#5262=EDGE_CURVE('',#4292,#4293,#1800,.T.);
#5263=EDGE_CURVE('',#4293,#4130,#1801,.T.);
#5264=EDGE_CURVE('',#4294,#4082,#1802,.T.);
#5265=EDGE_CURVE('',#4295,#4294,#1803,.T.);
#5266=EDGE_CURVE('',#4083,#4295,#1804,.T.);
#5267=EDGE_CURVE('',#4296,#4297,#1805,.T.);
#5268=EDGE_CURVE('',#4298,#4296,#1806,.T.);
#5269=EDGE_CURVE('',#4299,#4298,#1807,.T.);
#5270=EDGE_CURVE('',#4297,#4299,#1808,.T.);
#5271=EDGE_CURVE('',#4300,#4298,#166,.T.);
#5272=EDGE_CURVE('',#4301,#4300,#1809,.T.);
#5273=EDGE_CURVE('',#4299,#4301,#167,.T.);
#5274=EDGE_CURVE('',#4302,#4303,#1810,.T.);
#5275=EDGE_CURVE('',#4301,#4302,#1811,.T.);
#5276=EDGE_CURVE('',#4303,#4300,#1812,.T.);
#5277=EDGE_CURVE('',#4304,#4303,#168,.T.);
#5278=EDGE_CURVE('',#4305,#4304,#1813,.T.);
#5279=EDGE_CURVE('',#4302,#4305,#169,.T.);
#5280=EDGE_CURVE('',#4295,#4304,#1814,.T.);
#5281=EDGE_CURVE('',#4305,#4294,#1815,.T.);
#5282=EDGE_CURVE('',#4081,#4306,#1816,.T.);
#5283=EDGE_CURVE('',#4294,#4306,#1817,.T.);
#5284=EDGE_CURVE('',#4306,#4307,#1818,.T.);
#5285=EDGE_CURVE('',#4308,#4307,#1819,.T.);
#5286=EDGE_CURVE('',#4308,#4305,#1820,.T.);
#5287=EDGE_CURVE('',#4308,#4309,#170,.T.);
#5288=EDGE_CURVE('',#4302,#4309,#1821,.T.);
#5289=EDGE_CURVE('',#4310,#4309,#1822,.T.);
#5290=EDGE_CURVE('',#4310,#4301,#1823,.T.);
#5291=EDGE_CURVE('',#4310,#4311,#171,.T.);
#5292=EDGE_CURVE('',#4299,#4311,#1824,.T.);
#5293=EDGE_CURVE('',#4312,#4311,#1825,.T.);
#5294=EDGE_CURVE('',#4312,#4313,#1826,.T.);
#5295=EDGE_CURVE('',#4313,#4297,#1827,.T.);
#5296=EDGE_CURVE('',#4314,#4297,#1828,.T.);
#5297=EDGE_CURVE('',#4314,#4315,#1829,.T.);
#5298=EDGE_CURVE('',#4296,#4315,#1830,.T.);
#5299=EDGE_CURVE('',#4316,#4317,#1831,.T.);
#5300=EDGE_CURVE('',#4318,#4316,#1832,.T.);
#5301=EDGE_CURVE('',#4319,#4318,#1833,.T.);
#5302=EDGE_CURVE('',#4319,#4317,#1834,.T.);
#5303=EDGE_CURVE('',#4317,#4212,#1835,.T.);
#5304=EDGE_CURVE('',#4316,#4211,#1836,.T.);
#5305=EDGE_CURVE('',#4318,#4210,#1837,.T.);
#5306=EDGE_CURVE('',#4320,#4321,#1838,.T.);
#5307=EDGE_CURVE('',#4322,#4320,#1839,.T.);
#5308=EDGE_CURVE('',#4323,#4322,#1840,.T.);
#5309=EDGE_CURVE('',#4323,#4321,#1841,.T.);
#5310=EDGE_CURVE('',#4321,#4208,#1842,.T.);
#5311=EDGE_CURVE('',#4320,#4207,#1843,.T.);
#5312=EDGE_CURVE('',#4322,#4206,#1844,.T.);
#5313=EDGE_CURVE('',#4324,#4325,#1845,.T.);
#5314=EDGE_CURVE('',#4326,#4324,#1846,.T.);
#5315=EDGE_CURVE('',#4327,#4326,#1847,.T.);
#5316=EDGE_CURVE('',#4327,#4325,#1848,.T.);
#5317=EDGE_CURVE('',#4325,#4204,#1849,.T.);
#5318=EDGE_CURVE('',#4324,#4203,#1850,.T.);
#5319=EDGE_CURVE('',#4326,#4202,#1851,.T.);
#5320=EDGE_CURVE('',#4328,#4329,#1852,.T.);
#5321=EDGE_CURVE('',#4330,#4328,#1853,.T.);
#5322=EDGE_CURVE('',#4331,#4330,#1854,.T.);
#5323=EDGE_CURVE('',#4331,#4329,#1855,.T.);
#5324=EDGE_CURVE('',#4329,#4200,#1856,.T.);
#5325=EDGE_CURVE('',#4328,#4199,#1857,.T.);
#5326=EDGE_CURVE('',#4330,#4198,#1858,.T.);
#5327=EDGE_CURVE('',#4332,#4333,#1859,.T.);
#5328=EDGE_CURVE('',#4334,#4332,#1860,.T.);
#5329=EDGE_CURVE('',#4335,#4334,#1861,.T.);
#5330=EDGE_CURVE('',#4335,#4333,#1862,.T.);
#5331=EDGE_CURVE('',#4333,#4196,#1863,.T.);
#5332=EDGE_CURVE('',#4332,#4195,#1864,.T.);
#5333=EDGE_CURVE('',#4334,#4194,#1865,.T.);
#5334=EDGE_CURVE('',#4336,#4337,#1866,.T.);
#5335=EDGE_CURVE('',#4338,#4336,#1867,.T.);
#5336=EDGE_CURVE('',#4339,#4338,#1868,.T.);
#5337=EDGE_CURVE('',#4339,#4337,#1869,.T.);
#5338=EDGE_CURVE('',#4337,#4192,#1870,.T.);
#5339=EDGE_CURVE('',#4336,#4191,#1871,.T.);
#5340=EDGE_CURVE('',#4338,#4190,#1872,.T.);
#5341=EDGE_CURVE('',#4340,#4341,#1873,.T.);
#5342=EDGE_CURVE('',#4342,#4340,#1874,.T.);
#5343=EDGE_CURVE('',#4343,#4342,#1875,.T.);
#5344=EDGE_CURVE('',#4343,#4341,#1876,.T.);
#5345=EDGE_CURVE('',#4341,#4188,#1877,.T.);
#5346=EDGE_CURVE('',#4340,#4187,#1878,.T.);
#5347=EDGE_CURVE('',#4342,#4186,#1879,.T.);
#5348=EDGE_CURVE('',#4344,#4345,#1880,.T.);
#5349=EDGE_CURVE('',#4346,#4344,#1881,.T.);
#5350=EDGE_CURVE('',#4347,#4346,#1882,.T.);
#5351=EDGE_CURVE('',#4347,#4345,#1883,.T.);
#5352=EDGE_CURVE('',#4345,#4184,#1884,.T.);
#5353=EDGE_CURVE('',#4344,#4183,#1885,.T.);
#5354=EDGE_CURVE('',#4346,#4182,#1886,.T.);
#5355=EDGE_CURVE('',#4348,#4349,#1887,.T.);
#5356=EDGE_CURVE('',#4348,#4350,#1888,.T.);
#5357=EDGE_CURVE('',#4351,#4350,#1889,.T.);
#5358=EDGE_CURVE('',#4349,#4351,#1890,.T.);
#5359=EDGE_CURVE('',#4351,#4133,#1891,.T.);
#5360=EDGE_CURVE('',#4349,#4132,#1892,.T.);
#5361=EDGE_CURVE('',#4131,#4348,#1893,.T.);
#5362=EDGE_CURVE('',#4352,#4353,#1894,.T.);
#5363=EDGE_CURVE('',#4352,#4354,#1895,.T.);
#5364=EDGE_CURVE('',#4355,#4354,#1896,.T.);
#5365=EDGE_CURVE('',#4353,#4355,#1897,.T.);
#5366=EDGE_CURVE('',#4355,#4137,#1898,.T.);
#5367=EDGE_CURVE('',#4353,#4136,#1899,.T.);
#5368=EDGE_CURVE('',#4135,#4352,#1900,.T.);
#5369=EDGE_CURVE('',#4356,#4357,#1901,.T.);
#5370=EDGE_CURVE('',#4356,#4358,#1902,.T.);
#5371=EDGE_CURVE('',#4359,#4358,#1903,.T.);
#5372=EDGE_CURVE('',#4357,#4359,#1904,.T.);
#5373=EDGE_CURVE('',#4359,#4141,#1905,.T.);
#5374=EDGE_CURVE('',#4357,#4140,#1906,.T.);
#5375=EDGE_CURVE('',#4139,#4356,#1907,.T.);
#5376=EDGE_CURVE('',#4360,#4361,#1908,.T.);
#5377=EDGE_CURVE('',#4360,#4362,#1909,.T.);
#5378=EDGE_CURVE('',#4363,#4362,#1910,.T.);
#5379=EDGE_CURVE('',#4361,#4363,#1911,.T.);
#5380=EDGE_CURVE('',#4363,#4145,#1912,.T.);
#5381=EDGE_CURVE('',#4361,#4144,#1913,.T.);
#5382=EDGE_CURVE('',#4143,#4360,#1914,.T.);
#5383=EDGE_CURVE('',#4364,#4365,#1915,.T.);
#5384=EDGE_CURVE('',#4364,#4366,#1916,.T.);
#5385=EDGE_CURVE('',#4367,#4366,#1917,.T.);
#5386=EDGE_CURVE('',#4365,#4367,#1918,.T.);
#5387=EDGE_CURVE('',#4367,#4149,#1919,.T.);
#5388=EDGE_CURVE('',#4365,#4148,#1920,.T.);
#5389=EDGE_CURVE('',#4147,#4364,#1921,.T.);
#5390=EDGE_CURVE('',#4368,#4369,#1922,.T.);
#5391=EDGE_CURVE('',#4368,#4370,#1923,.T.);
#5392=EDGE_CURVE('',#4371,#4370,#1924,.T.);
#5393=EDGE_CURVE('',#4369,#4371,#1925,.T.);
#5394=EDGE_CURVE('',#4371,#4153,#1926,.T.);
#5395=EDGE_CURVE('',#4369,#4152,#1927,.T.);
#5396=EDGE_CURVE('',#4151,#4368,#1928,.T.);
#5397=EDGE_CURVE('',#4372,#4373,#1929,.T.);
#5398=EDGE_CURVE('',#4372,#4374,#1930,.T.);
#5399=EDGE_CURVE('',#4375,#4374,#1931,.T.);
#5400=EDGE_CURVE('',#4373,#4375,#1932,.T.);
#5401=EDGE_CURVE('',#4375,#4157,#1933,.T.);
#5402=EDGE_CURVE('',#4373,#4156,#1934,.T.);
#5403=EDGE_CURVE('',#4155,#4372,#1935,.T.);
#5404=EDGE_CURVE('',#4376,#4377,#1936,.T.);
#5405=EDGE_CURVE('',#4376,#4378,#1937,.T.);
#5406=EDGE_CURVE('',#4379,#4378,#1938,.T.);
#5407=EDGE_CURVE('',#4377,#4379,#1939,.T.);
#5408=EDGE_CURVE('',#4379,#4161,#1940,.T.);
#5409=EDGE_CURVE('',#4377,#4160,#1941,.T.);
#5410=EDGE_CURVE('',#4159,#4376,#1942,.T.);
#5411=EDGE_CURVE('',#4380,#4381,#1943,.T.);
#5412=EDGE_CURVE('',#4380,#4382,#1944,.T.);
#5413=EDGE_CURVE('',#4383,#4382,#1945,.T.);
#5414=EDGE_CURVE('',#4381,#4383,#1946,.T.);
#5415=EDGE_CURVE('',#4383,#4165,#1947,.T.);
#5416=EDGE_CURVE('',#4381,#4164,#1948,.T.);
#5417=EDGE_CURVE('',#4163,#4380,#1949,.T.);
#5418=EDGE_CURVE('',#4384,#4385,#1950,.T.);
#5419=EDGE_CURVE('',#4386,#4384,#1951,.T.);
#5420=EDGE_CURVE('',#4387,#4386,#1952,.T.);
#5421=EDGE_CURVE('',#4387,#4385,#1953,.T.);
#5422=EDGE_CURVE('',#4385,#4180,#1954,.T.);
#5423=EDGE_CURVE('',#4384,#4179,#1955,.T.);
#5424=EDGE_CURVE('',#4386,#4178,#1956,.T.);
#5425=EDGE_CURVE('',#4388,#4389,#1957,.T.);
#5426=EDGE_CURVE('',#4390,#4388,#1958,.T.);
#5427=EDGE_CURVE('',#4391,#4390,#1959,.T.);
#5428=EDGE_CURVE('',#4391,#4389,#1960,.T.);
#5429=EDGE_CURVE('',#4389,#4176,#1961,.T.);
#5430=EDGE_CURVE('',#4388,#4175,#1962,.T.);
#5431=EDGE_CURVE('',#4390,#4174,#1963,.T.);
#5432=EDGE_CURVE('',#4392,#4393,#1964,.T.);
#5433=EDGE_CURVE('',#4392,#4394,#1965,.T.);
#5434=EDGE_CURVE('',#4395,#4394,#1966,.T.);
#5435=EDGE_CURVE('',#4393,#4395,#1967,.T.);
#5436=EDGE_CURVE('',#4395,#4169,#1968,.T.);
#5437=EDGE_CURVE('',#4393,#4168,#1969,.T.);
#5438=EDGE_CURVE('',#4167,#4392,#1970,.T.);
#5439=EDGE_CURVE('',#4181,#4347,#1971,.T.);
#5440=EDGE_CURVE('',#4197,#4331,#1972,.T.);
#5441=EDGE_CURVE('',#4378,#4162,#1973,.T.);
#5442=EDGE_CURVE('',#4362,#4146,#1974,.T.);
#5443=EDGE_CURVE('',#4177,#4387,#1975,.T.);
#5444=EDGE_CURVE('',#4394,#4170,#1976,.T.);
#5445=EDGE_CURVE('',#4350,#4134,#1977,.T.);
#5446=EDGE_CURVE('',#4366,#4150,#1978,.T.);
#5447=EDGE_CURVE('',#4209,#4319,#1979,.T.);
#5448=EDGE_CURVE('',#4193,#4335,#1980,.T.);
#5449=EDGE_CURVE('',#4185,#4343,#1981,.T.);
#5450=EDGE_CURVE('',#4201,#4327,#1982,.T.);
#5451=EDGE_CURVE('',#4374,#4158,#1983,.T.);
#5452=EDGE_CURVE('',#4358,#4142,#1984,.T.);
#5453=EDGE_CURVE('',#4173,#4391,#1985,.T.);
#5454=EDGE_CURVE('',#4382,#4166,#1986,.T.);
#5455=EDGE_CURVE('',#4354,#4138,#1987,.T.);
#5456=EDGE_CURVE('',#4370,#4154,#1988,.T.);
#5457=EDGE_CURVE('',#4205,#4323,#1989,.T.);
#5458=EDGE_CURVE('',#4189,#4339,#1990,.T.);
#5459=EDGE_CURVE('',#4396,#4397,#1991,.T.);
#5460=EDGE_CURVE('',#4397,#4172,#1992,.T.);
#5461=EDGE_CURVE('',#4398,#4171,#1993,.T.);
#5462=EDGE_CURVE('',#4398,#4399,#1994,.T.);
#5463=EDGE_CURVE('',#4396,#4399,#1995,.T.);
#5464=EDGE_CURVE('',#4400,#4401,#1996,.T.);
#5465=EDGE_CURVE('',#4402,#4400,#26,.T.);
#5466=EDGE_CURVE('',#4403,#4402,#1997,.T.);
#5467=EDGE_CURVE('',#4401,#4403,#27,.F.);
#5468=EDGE_CURVE('',#4402,#4404,#1998,.T.);
#5469=EDGE_CURVE('',#4405,#4400,#1999,.T.);
#5470=EDGE_CURVE('',#4404,#4405,#28,.T.);
#5471=EDGE_CURVE('',#4404,#4406,#2000,.T.);
#5472=EDGE_CURVE('',#4407,#4405,#2001,.T.);
#5473=EDGE_CURVE('',#4406,#4407,#29,.T.);
#5474=EDGE_CURVE('',#4406,#4408,#2002,.T.);
#5475=EDGE_CURVE('',#4409,#4407,#2003,.T.);
#5476=EDGE_CURVE('',#4408,#4409,#30,.T.);
#5477=EDGE_CURVE('',#4408,#4410,#2004,.T.);
#5478=EDGE_CURVE('',#4411,#4409,#2005,.T.);
#5479=EDGE_CURVE('',#4410,#4411,#31,.T.);
#5480=EDGE_CURVE('',#4410,#4412,#2006,.T.);
#5481=EDGE_CURVE('',#4413,#4411,#2007,.T.);
#5482=EDGE_CURVE('',#4412,#4413,#32,.F.);
#5483=EDGE_CURVE('',#4401,#4414,#2008,.T.);
#5484=EDGE_CURVE('',#4414,#4415,#2009,.T.);
#5485=EDGE_CURVE('',#4400,#4415,#2010,.T.);
#5486=EDGE_CURVE('',#4415,#4416,#2011,.T.);
#5487=EDGE_CURVE('',#4405,#4416,#2012,.T.);
#5488=EDGE_CURVE('',#4416,#4417,#2013,.T.);
#5489=EDGE_CURVE('',#4407,#4417,#2014,.T.);
#5490=EDGE_CURVE('',#4417,#4418,#2015,.T.);
#5491=EDGE_CURVE('',#4409,#4418,#2016,.T.);
#5492=EDGE_CURVE('',#4418,#4419,#2017,.T.);
#5493=EDGE_CURVE('',#4411,#4419,#2018,.T.);
#5494=EDGE_CURVE('',#4419,#4420,#2019,.T.);
#5495=EDGE_CURVE('',#4413,#4420,#2020,.T.);
#5496=EDGE_CURVE('',#4421,#4422,#2021,.T.);
#5497=EDGE_CURVE('',#4423,#4421,#2022,.T.);
#5498=EDGE_CURVE('',#4424,#4423,#2023,.T.);
#5499=EDGE_CURVE('',#4422,#4424,#2024,.T.);
#5500=EDGE_CURVE('',#4422,#4425,#2025,.T.);
#5501=EDGE_CURVE('',#4426,#4425,#2026,.T.);
#5502=EDGE_CURVE('',#4426,#4427,#172,.T.);
#5503=EDGE_CURVE('',#4428,#4427,#2027,.F.);
#5504=EDGE_CURVE('',#4428,#4429,#2028,.T.);
#5505=EDGE_CURVE('',#4429,#4430,#173,.T.);
#5506=EDGE_CURVE('',#4430,#4431,#2029,.T.);
#5507=EDGE_CURVE('',#4431,#4432,#174,.T.);
#5508=EDGE_CURVE('',#4432,#4421,#2030,.T.);
#5509=EDGE_CURVE('',#4433,#4431,#2031,.T.);
#5510=EDGE_CURVE('',#4434,#4433,#175,.T.);
#5511=EDGE_CURVE('',#4432,#4434,#2032,.T.);
#5512=EDGE_CURVE('',#4430,#4435,#2033,.T.);
#5513=EDGE_CURVE('',#4433,#4435,#2034,.T.);
#5514=EDGE_CURVE('',#4435,#4436,#176,.T.);
#5515=EDGE_CURVE('',#4436,#4429,#2035,.T.);
#5516=EDGE_CURVE('',#4423,#4434,#2036,.T.);
#5517=EDGE_CURVE('',#4437,#4428,#2037,.T.);
#5518=EDGE_CURVE('',#4436,#4437,#2038,.T.);
#5519=EDGE_CURVE('',#4438,#4439,#33,.T.);
#5520=EDGE_CURVE('',#4440,#4438,#177,.T.);
#5521=EDGE_CURVE('',#4427,#4440,#2039,.T.);
#5522=EDGE_CURVE('',#4441,#4426,#34,.T.);
#5523=EDGE_CURVE('',#4439,#4441,#2040,.T.);
#5524=EDGE_CURVE('',#4425,#4414,#2041,.T.);
#5525=EDGE_CURVE('',#4403,#4441,#2042,.T.);
#5526=EDGE_CURVE('',#4437,#4440,#2043,.T.);
#5527=EDGE_CURVE('',#4420,#4442,#2044,.T.);
#5528=EDGE_CURVE('',#4443,#4442,#2045,.T.);
#5529=EDGE_CURVE('',#4443,#4412,#2046,.T.);
#5530=EDGE_CURVE('',#4439,#4443,#2047,.T.);
#5531=EDGE_CURVE('',#4442,#4444,#2048,.T.);
#5532=EDGE_CURVE('',#4438,#4444,#2049,.T.);
#5533=EDGE_CURVE('',#4444,#4424,#2050,.T.);
#5534=EDGE_CURVE('',#4445,#4446,#2051,.T.);
#5535=EDGE_CURVE('',#4447,#4445,#35,.T.);
#5536=EDGE_CURVE('',#4448,#4447,#2052,.T.);
#5537=EDGE_CURVE('',#4446,#4448,#178,.F.);
#5538=EDGE_CURVE('',#4449,#4445,#2053,.T.);
#5539=EDGE_CURVE('',#4450,#4449,#36,.T.);
#5540=EDGE_CURVE('',#4447,#4450,#2054,.T.);
#5541=EDGE_CURVE('',#4450,#4451,#2055,.T.);
#5542=EDGE_CURVE('',#4452,#4449,#2056,.T.);
#5543=EDGE_CURVE('',#4451,#4452,#179,.F.);
#5544=EDGE_CURVE('',#4446,#4453,#2057,.T.);
#5545=EDGE_CURVE('',#4454,#4453,#2058,.T.);
#5546=EDGE_CURVE('',#4445,#4454,#2059,.T.);
#5547=EDGE_CURVE('',#4455,#4454,#2060,.T.);
#5548=EDGE_CURVE('',#4449,#4455,#2061,.T.);
#5549=EDGE_CURVE('',#4456,#4455,#2062,.T.);
#5550=EDGE_CURVE('',#4452,#4456,#2063,.T.);
#5551=EDGE_CURVE('',#4457,#4458,#180,.T.);
#5552=EDGE_CURVE('',#4459,#4457,#2064,.T.);
#5553=EDGE_CURVE('',#4460,#4459,#181,.T.);
#5554=EDGE_CURVE('',#4458,#4460,#2065,.T.);
#5555=EDGE_CURVE('',#4461,#4460,#2066,.T.);
#5556=EDGE_CURVE('',#4461,#4462,#2067,.T.);
#5557=EDGE_CURVE('',#4458,#4462,#2068,.T.);
#5558=EDGE_CURVE('',#4462,#4463,#182,.T.);
#5559=EDGE_CURVE('',#4464,#4463,#2069,.T.);
#5560=EDGE_CURVE('',#4465,#4464,#2070,.T.);
#5561=EDGE_CURVE('',#4465,#4457,#2071,.T.);
#5562=EDGE_CURVE('',#4466,#4461,#183,.T.);
#5563=EDGE_CURVE('',#4463,#4466,#2072,.T.);
#5564=EDGE_CURVE('',#4467,#4468,#2073,.T.);
#5565=EDGE_CURVE('',#4469,#4467,#2074,.T.);
#5566=EDGE_CURVE('',#4470,#4469,#2075,.F.);
#5567=EDGE_CURVE('',#4471,#4470,#2076,.T.);
#5568=EDGE_CURVE('',#4468,#4471,#2077,.T.);
#5569=EDGE_CURVE('',#4472,#4471,#2078,.T.);
#5570=EDGE_CURVE('',#4473,#4472,#2079,.T.);
#5571=EDGE_CURVE('',#4468,#4473,#2080,.T.);
#5572=EDGE_CURVE('',#4474,#4473,#2081,.T.);
#5573=EDGE_CURVE('',#4475,#4474,#2082,.T.);
#5574=EDGE_CURVE('',#4475,#4476,#2083,.T.);
#5575=EDGE_CURVE('',#4476,#4467,#2084,.T.);
#5576=EDGE_CURVE('',#4477,#4478,#2085,.T.);
#5577=EDGE_CURVE('',#4476,#4477,#2086,.T.);
#5578=EDGE_CURVE('',#4478,#4475,#2087,.T.);
#5579=EDGE_CURVE('',#4476,#4479,#2088,.T.);
#5580=EDGE_CURVE('',#4480,#4477,#2089,.T.);
#5581=EDGE_CURVE('',#4479,#4480,#2090,.T.);
#5582=EDGE_CURVE('',#4479,#4314,#184,.T.);
#5583=EDGE_CURVE('',#4315,#4480,#185,.T.);
#5584=EDGE_CURVE('',#4459,#4481,#2091,.T.);
#5585=EDGE_CURVE('',#4481,#4482,#2092,.T.);
#5586=EDGE_CURVE('',#4466,#4482,#2093,.T.);
#5587=EDGE_CURVE('',#4448,#4465,#2094,.T.);
#5588=EDGE_CURVE('',#4453,#4464,#2095,.T.);
#5589=EDGE_CURVE('',#4481,#4451,#2096,.T.);
#5590=EDGE_CURVE('',#4482,#4456,#2097,.T.);
#5591=EDGE_CURVE('',#4483,#4484,#186,.T.);
#5592=EDGE_CURVE('',#4485,#4483,#2098,.T.);
#5593=EDGE_CURVE('',#4486,#4485,#187,.T.);
#5594=EDGE_CURVE('',#4484,#4486,#2099,.T.);
#5595=EDGE_CURVE('',#4487,#4486,#2100,.T.);
#5596=EDGE_CURVE('',#4487,#4488,#2101,.T.);
#5597=EDGE_CURVE('',#4484,#4488,#2102,.T.);
#5598=EDGE_CURVE('',#4315,#4489,#2103,.T.);
#5599=EDGE_CURVE('',#4489,#4490,#2104,.T.);
#5600=EDGE_CURVE('',#4490,#4491,#2105,.T.);
#5601=EDGE_CURVE('',#4492,#4491,#2106,.T.);
#5602=EDGE_CURVE('',#4492,#4493,#2107,.T.);
#5603=EDGE_CURVE('',#4493,#4494,#2108,.T.);
#5604=EDGE_CURVE('',#4494,#4495,#2109,.T.);
#5605=EDGE_CURVE('',#4495,#4483,#2110,.T.);
#5606=EDGE_CURVE('',#4488,#4084,#188,.T.);
#5607=EDGE_CURVE('',#4085,#4487,#189,.T.);
#5608=EDGE_CURVE('',#4495,#4496,#190,.F.);
#5609=EDGE_CURVE('',#4496,#4497,#2111,.T.);
#5610=EDGE_CURVE('',#4485,#4497,#2112,.T.);
#5611=EDGE_CURVE('',#4498,#4497,#2113,.T.);
#5612=EDGE_CURVE('',#4086,#4498,#2114,.T.);
#5613=EDGE_CURVE('',#4312,#4307,#2115,.T.);
#5614=EDGE_CURVE('',#4307,#4080,#2116,.T.);
#5615=EDGE_CURVE('',#4470,#4312,#2117,.T.);
#5616=EDGE_CURVE('',#4313,#4469,#2118,.T.);
#5617=EDGE_CURVE('',#4499,#3915,#191,.T.);
#5618=EDGE_CURVE('',#4499,#4498,#2119,.T.);
#5619=EDGE_CURVE('',#4500,#4472,#2120,.T.);
#5620=EDGE_CURVE('',#4471,#4501,#2121,.T.);
#5621=EDGE_CURVE('',#4500,#4501,#2122,.T.);
#5622=EDGE_CURVE('',#4502,#3997,#2123,.T.);
#5623=EDGE_CURVE('',#4502,#4503,#2124,.T.);
#5624=EDGE_CURVE('',#4503,#4504,#2125,.T.);
#5625=EDGE_CURVE('',#4504,#3998,#2126,.T.);
#5626=EDGE_CURVE('',#4505,#4506,#2127,.T.);
#5627=EDGE_CURVE('',#4505,#4507,#2128,.T.);
#5628=EDGE_CURVE('',#4507,#4508,#2129,.T.);
#5629=EDGE_CURVE('',#4506,#4508,#2130,.T.);
#5630=EDGE_CURVE('',#4506,#3993,#2131,.T.);
#5631=EDGE_CURVE('',#4508,#4509,#2132,.T.);
#5632=EDGE_CURVE('',#4509,#3994,#2133,.T.);
#5633=EDGE_CURVE('',#4510,#4511,#2134,.T.);
#5634=EDGE_CURVE('',#4510,#4512,#2135,.T.);
#5635=EDGE_CURVE('',#4512,#4513,#2136,.T.);
#5636=EDGE_CURVE('',#4511,#4513,#2137,.T.);
#5637=EDGE_CURVE('',#4514,#4001,#2138,.T.);
#5638=EDGE_CURVE('',#4514,#4515,#2139,.T.);
#5639=EDGE_CURVE('',#4515,#4516,#2140,.T.);
#5640=EDGE_CURVE('',#4516,#4002,#2141,.T.);
#5641=EDGE_CURVE('',#4511,#3989,#2142,.T.);
#5642=EDGE_CURVE('',#4513,#4517,#2143,.T.);
#5643=EDGE_CURVE('',#4517,#3990,#2144,.T.);
#5644=EDGE_CURVE('',#4518,#4519,#2145,.T.);
#5645=EDGE_CURVE('',#4518,#4520,#2146,.T.);
#5646=EDGE_CURVE('',#4520,#4521,#2147,.T.);
#5647=EDGE_CURVE('',#4519,#4521,#2148,.T.);
#5648=EDGE_CURVE('',#4519,#3985,#2149,.T.);
#5649=EDGE_CURVE('',#4521,#4522,#2150,.T.);
#5650=EDGE_CURVE('',#4522,#3986,#2151,.T.);
#5651=EDGE_CURVE('',#4523,#4524,#2152,.T.);
#5652=EDGE_CURVE('',#4523,#4525,#2153,.T.);
#5653=EDGE_CURVE('',#4525,#4526,#2154,.T.);
#5654=EDGE_CURVE('',#4524,#4526,#2155,.T.);
#5655=EDGE_CURVE('',#4524,#3981,#2156,.T.);
#5656=EDGE_CURVE('',#4526,#4527,#2157,.T.);
#5657=EDGE_CURVE('',#4527,#3982,#2158,.T.);
#5658=EDGE_CURVE('',#4528,#4529,#2159,.T.);
#5659=EDGE_CURVE('',#4528,#4530,#2160,.T.);
#5660=EDGE_CURVE('',#4530,#4531,#2161,.T.);
#5661=EDGE_CURVE('',#4529,#4531,#2162,.T.);
#5662=EDGE_CURVE('',#4529,#3977,#2163,.T.);
#5663=EDGE_CURVE('',#4531,#4532,#2164,.T.);
#5664=EDGE_CURVE('',#4532,#3978,#2165,.T.);
#5665=EDGE_CURVE('',#4533,#4534,#2166,.T.);
#5666=EDGE_CURVE('',#4533,#4535,#2167,.T.);
#5667=EDGE_CURVE('',#4535,#4536,#2168,.T.);
#5668=EDGE_CURVE('',#4534,#4536,#2169,.T.);
#5669=EDGE_CURVE('',#4534,#3973,#2170,.T.);
#5670=EDGE_CURVE('',#4536,#4537,#2171,.T.);
#5671=EDGE_CURVE('',#4537,#3974,#2172,.T.);
#5672=EDGE_CURVE('',#4538,#3965,#2173,.T.);
#5673=EDGE_CURVE('',#4538,#4539,#2174,.T.);
#5674=EDGE_CURVE('',#4539,#4540,#2175,.T.);
#5675=EDGE_CURVE('',#4540,#3966,#2176,.T.);
#5676=EDGE_CURVE('',#4541,#4542,#2177,.T.);
#5677=EDGE_CURVE('',#4541,#4543,#2178,.T.);
#5678=EDGE_CURVE('',#4543,#4544,#2179,.T.);
#5679=EDGE_CURVE('',#4542,#4544,#2180,.T.);
#5680=EDGE_CURVE('',#4542,#3969,#2181,.T.);
#5681=EDGE_CURVE('',#4544,#4545,#2182,.T.);
#5682=EDGE_CURVE('',#4545,#3970,#2183,.T.);
#5683=EDGE_CURVE('',#4546,#4515,#2184,.T.);
#5684=EDGE_CURVE('',#4547,#4546,#2185,.T.);
#5685=EDGE_CURVE('',#4516,#4547,#2186,.T.);
#5686=EDGE_CURVE('',#4003,#4547,#2187,.T.);
#5687=EDGE_CURVE('',#4548,#4514,#2188,.T.);
#5688=EDGE_CURVE('',#4548,#4546,#2189,.T.);
#5689=EDGE_CURVE('',#3924,#4548,#2190,.T.);
#5690=EDGE_CURVE('',#4549,#4503,#2191,.T.);
#5691=EDGE_CURVE('',#4550,#4549,#2192,.T.);
#5692=EDGE_CURVE('',#4504,#4550,#2193,.T.);
#5693=EDGE_CURVE('',#3999,#4550,#2194,.T.);
#5694=EDGE_CURVE('',#4551,#4502,#2195,.T.);
#5695=EDGE_CURVE('',#4551,#4549,#2196,.T.);
#5696=EDGE_CURVE('',#4000,#4551,#2197,.T.);
#5697=EDGE_CURVE('',#4552,#4507,#2198,.T.);
#5698=EDGE_CURVE('',#4509,#4552,#2199,.T.);
#5699=EDGE_CURVE('',#3995,#4552,#2200,.T.);
#5700=EDGE_CURVE('',#3996,#4505,#2201,.T.);
#5701=EDGE_CURVE('',#4553,#4512,#2202,.T.);
#5702=EDGE_CURVE('',#4517,#4553,#2203,.T.);
#5703=EDGE_CURVE('',#3991,#4553,#2204,.T.);
#5704=EDGE_CURVE('',#3992,#4510,#2205,.T.);
#5705=EDGE_CURVE('',#4554,#4520,#2206,.T.);
#5706=EDGE_CURVE('',#4522,#4554,#2207,.T.);
#5707=EDGE_CURVE('',#3987,#4554,#2208,.T.);
#5708=EDGE_CURVE('',#3988,#4518,#2209,.T.);
#5709=EDGE_CURVE('',#4555,#4525,#2210,.T.);
#5710=EDGE_CURVE('',#4527,#4555,#2211,.T.);
#5711=EDGE_CURVE('',#3983,#4555,#2212,.T.);
#5712=EDGE_CURVE('',#3984,#4523,#2213,.T.);
#5713=EDGE_CURVE('',#4556,#4530,#2214,.T.);
#5714=EDGE_CURVE('',#4532,#4556,#2215,.T.);
#5715=EDGE_CURVE('',#3979,#4556,#2216,.T.);
#5716=EDGE_CURVE('',#3980,#4528,#2217,.T.);
#5717=EDGE_CURVE('',#4557,#4535,#2218,.T.);
#5718=EDGE_CURVE('',#4537,#4557,#2219,.T.);
#5719=EDGE_CURVE('',#3975,#4557,#2220,.T.);
#5720=EDGE_CURVE('',#3976,#4533,#2221,.T.);
#5721=EDGE_CURVE('',#4558,#4543,#2222,.T.);
#5722=EDGE_CURVE('',#4545,#4558,#2223,.T.);
#5723=EDGE_CURVE('',#3971,#4558,#2224,.T.);
#5724=EDGE_CURVE('',#3972,#4541,#2225,.T.);
#5725=EDGE_CURVE('',#4559,#4539,#2226,.T.);
#5726=EDGE_CURVE('',#4560,#4559,#2227,.T.);
#5727=EDGE_CURVE('',#4540,#4560,#2228,.T.);
#5728=EDGE_CURVE('',#3967,#4560,#2229,.T.);
#5729=EDGE_CURVE('',#4561,#4538,#2230,.T.);
#5730=EDGE_CURVE('',#4561,#4559,#2231,.T.);
#5731=EDGE_CURVE('',#3968,#4561,#2232,.T.);
#5732=EDGE_CURVE('',#4116,#4562,#192,.T.);
#5733=EDGE_CURVE('',#4563,#4116,#37,.T.);
#5734=EDGE_CURVE('',#4562,#4563,#38,.T.);
#5735=EDGE_CURVE('',#4120,#4562,#2233,.T.);
#5736=EDGE_CURVE('',#4564,#4563,#2234,.T.);
#5737=EDGE_CURVE('',#4564,#4565,#39,.T.);
#5738=EDGE_CURVE('',#4562,#4565,#2235,.T.);
#5739=EDGE_CURVE('',#4565,#4566,#193,.T.);
#5740=EDGE_CURVE('',#4566,#4564,#40,.T.);
#5741=EDGE_CURVE('',#4565,#4121,#2236,.T.);
#5742=EDGE_CURVE('',#4122,#4566,#2237,.T.);
#5743=EDGE_CURVE('',#4567,#4564,#2238,.T.);
#5744=EDGE_CURVE('',#4567,#4568,#41,.T.);
#5745=EDGE_CURVE('',#4566,#4568,#2239,.T.);
#5746=EDGE_CURVE('',#4568,#4569,#194,.T.);
#5747=EDGE_CURVE('',#4569,#4567,#42,.T.);
#5748=EDGE_CURVE('',#4568,#4123,#2240,.T.);
#5749=EDGE_CURVE('',#4124,#4569,#2241,.T.);
#5750=EDGE_CURVE('',#4570,#4571,#195,.T.);
#5751=EDGE_CURVE('',#4572,#4570,#196,.T.);
#5752=EDGE_CURVE('',#4070,#4572,#197,.T.);
#5753=EDGE_CURVE('',#4571,#4070,#198,.T.);
#5754=EDGE_CURVE('',#4571,#4499,#2242,.T.);
#5755=EDGE_CURVE('',#4573,#4571,#2243,.T.);
#5756=EDGE_CURVE('',#4573,#4574,#199,.T.);
#5757=EDGE_CURVE('',#4570,#4574,#2244,.T.);
#5758=EDGE_CURVE('',#4575,#4490,#200,.T.);
#5759=EDGE_CURVE('',#4574,#4575,#201,.T.);
#5760=EDGE_CURVE('',#4490,#4573,#202,.T.);
#5761=EDGE_CURVE('',#4491,#4576,#203,.F.);
#5762=EDGE_CURVE('',#4576,#4573,#2245,.T.);
#5763=EDGE_CURVE('',#4496,#4577,#2246,.T.);
#5764=EDGE_CURVE('',#4578,#4577,#2247,.T.);
#5765=EDGE_CURVE('',#4579,#4578,#2248,.T.);
#5766=EDGE_CURVE('',#4576,#4579,#2249,.T.);
#5767=EDGE_CURVE('',#4577,#4494,#204,.F.);
#5768=EDGE_CURVE('',#4580,#4581,#205,.T.);
#5769=EDGE_CURVE('',#4582,#4580,#206,.T.);
#5770=EDGE_CURVE('',#4489,#4582,#207,.T.);
#5771=EDGE_CURVE('',#4581,#4489,#208,.T.);
#5772=EDGE_CURVE('',#4581,#4480,#2250,.T.);
#5773=EDGE_CURVE('',#4575,#4582,#2251,.T.);
#5774=EDGE_CURVE('',#4583,#4492,#2252,.T.);
#5775=EDGE_CURVE('',#4583,#4584,#2253,.T.);
#5776=EDGE_CURVE('',#4584,#4493,#2254,.T.);
#5777=EDGE_CURVE('',#4579,#4583,#2255,.T.);
#5778=EDGE_CURVE('',#4578,#4584,#2256,.T.);
#5779=EDGE_CURVE('',#4585,#4091,#2257,.T.);
#5780=EDGE_CURVE('',#4090,#4586,#2258,.T.);
#5781=EDGE_CURVE('',#4586,#4585,#2259,.T.);
#5782=EDGE_CURVE('',#4587,#4588,#2260,.T.);
#5783=EDGE_CURVE('',#4588,#4589,#2261,.T.);
#5784=EDGE_CURVE('',#4589,#4590,#2262,.T.);
#5785=EDGE_CURVE('',#4590,#4587,#2263,.T.);
#5786=EDGE_CURVE('',#4589,#4591,#209,.T.);
#5787=EDGE_CURVE('',#4591,#4592,#2264,.T.);
#5788=EDGE_CURVE('',#4592,#4590,#210,.T.);
#5789=EDGE_CURVE('',#4593,#4594,#2265,.T.);
#5790=EDGE_CURVE('',#4594,#4592,#2266,.T.);
#5791=EDGE_CURVE('',#4591,#4593,#2267,.T.);
#5792=EDGE_CURVE('',#4593,#4595,#211,.T.);
#5793=EDGE_CURVE('',#4595,#4596,#2268,.T.);
#5794=EDGE_CURVE('',#4596,#4594,#212,.T.);
#5795=EDGE_CURVE('',#4586,#4596,#2269,.T.);
#5796=EDGE_CURVE('',#4595,#4585,#2270,.T.);
#5797=EDGE_CURVE('',#4585,#4597,#2271,.T.);
#5798=EDGE_CURVE('',#4092,#4597,#2272,.T.);
#5799=EDGE_CURVE('',#4598,#4595,#2273,.T.);
#5800=EDGE_CURVE('',#4598,#4599,#2274,.T.);
#5801=EDGE_CURVE('',#4597,#4599,#2275,.T.);
#5802=EDGE_CURVE('',#4593,#4600,#2276,.T.);
#5803=EDGE_CURVE('',#4598,#4600,#213,.T.);
#5804=EDGE_CURVE('',#4601,#4591,#2277,.T.);
#5805=EDGE_CURVE('',#4601,#4600,#2278,.T.);
#5806=EDGE_CURVE('',#4589,#4602,#2279,.T.);
#5807=EDGE_CURVE('',#4601,#4602,#214,.T.);
#5808=EDGE_CURVE('',#4603,#4588,#2280,.T.);
#5809=EDGE_CURVE('',#4604,#4603,#2281,.T.);
#5810=EDGE_CURVE('',#4604,#4602,#2282,.T.);
#5811=EDGE_CURVE('',#4587,#4605,#2283,.T.);
#5812=EDGE_CURVE('',#4606,#4605,#2284,.T.);
#5813=EDGE_CURVE('',#4606,#4588,#2285,.T.);
#5814=EDGE_CURVE('',#4607,#4608,#2286,.T.);
#5815=EDGE_CURVE('',#4609,#4608,#2287,.T.);
#5816=EDGE_CURVE('',#4609,#4610,#2288,.T.);
#5817=EDGE_CURVE('',#4610,#4607,#2289,.T.);
#5818=EDGE_CURVE('',#4607,#4214,#2290,.T.);
#5819=EDGE_CURVE('',#4608,#4213,#2291,.T.);
#5820=EDGE_CURVE('',#4610,#4215,#2292,.T.);
#5821=EDGE_CURVE('',#4611,#4612,#2293,.T.);
#5822=EDGE_CURVE('',#4613,#4612,#2294,.T.);
#5823=EDGE_CURVE('',#4613,#4614,#2295,.T.);
#5824=EDGE_CURVE('',#4614,#4611,#2296,.T.);
#5825=EDGE_CURVE('',#4611,#4218,#2297,.T.);
#5826=EDGE_CURVE('',#4612,#4217,#2298,.T.);
#5827=EDGE_CURVE('',#4614,#4219,#2299,.T.);
#5828=EDGE_CURVE('',#4615,#4616,#2300,.T.);
#5829=EDGE_CURVE('',#4617,#4616,#2301,.T.);
#5830=EDGE_CURVE('',#4617,#4618,#2302,.T.);
#5831=EDGE_CURVE('',#4618,#4615,#2303,.T.);
#5832=EDGE_CURVE('',#4615,#4222,#2304,.T.);
#5833=EDGE_CURVE('',#4616,#4221,#2305,.T.);
#5834=EDGE_CURVE('',#4618,#4223,#2306,.T.);
#5835=EDGE_CURVE('',#4619,#4620,#2307,.T.);
#5836=EDGE_CURVE('',#4621,#4620,#2308,.T.);
#5837=EDGE_CURVE('',#4621,#4622,#2309,.T.);
#5838=EDGE_CURVE('',#4622,#4619,#2310,.T.);
#5839=EDGE_CURVE('',#4619,#4226,#2311,.T.);
#5840=EDGE_CURVE('',#4620,#4225,#2312,.T.);
#5841=EDGE_CURVE('',#4622,#4227,#2313,.T.);
#5842=EDGE_CURVE('',#4623,#4624,#2314,.T.);
#5843=EDGE_CURVE('',#4625,#4624,#2315,.T.);
#5844=EDGE_CURVE('',#4625,#4626,#2316,.T.);
#5845=EDGE_CURVE('',#4626,#4623,#2317,.T.);
#5846=EDGE_CURVE('',#4623,#4230,#2318,.T.);
#5847=EDGE_CURVE('',#4624,#4229,#2319,.T.);
#5848=EDGE_CURVE('',#4626,#4231,#2320,.T.);
#5849=EDGE_CURVE('',#4627,#4628,#2321,.T.);
#5850=EDGE_CURVE('',#4629,#4628,#2322,.T.);
#5851=EDGE_CURVE('',#4629,#4630,#2323,.T.);
#5852=EDGE_CURVE('',#4630,#4627,#2324,.T.);
#5853=EDGE_CURVE('',#4627,#4234,#2325,.T.);
#5854=EDGE_CURVE('',#4628,#4233,#2326,.T.);
#5855=EDGE_CURVE('',#4630,#4235,#2327,.T.);
#5856=EDGE_CURVE('',#4631,#4632,#2328,.T.);
#5857=EDGE_CURVE('',#4633,#4632,#2329,.T.);
#5858=EDGE_CURVE('',#4633,#4634,#2330,.T.);
#5859=EDGE_CURVE('',#4634,#4631,#2331,.T.);
#5860=EDGE_CURVE('',#4631,#4238,#2332,.T.);
#5861=EDGE_CURVE('',#4632,#4237,#2333,.T.);
#5862=EDGE_CURVE('',#4634,#4239,#2334,.T.);
#5863=EDGE_CURVE('',#4635,#4636,#2335,.T.);
#5864=EDGE_CURVE('',#4637,#4636,#2336,.T.);
#5865=EDGE_CURVE('',#4637,#4638,#2337,.T.);
#5866=EDGE_CURVE('',#4638,#4635,#2338,.T.);
#5867=EDGE_CURVE('',#4635,#4242,#2339,.T.);
#5868=EDGE_CURVE('',#4636,#4241,#2340,.T.);
#5869=EDGE_CURVE('',#4638,#4243,#2341,.T.);
#5870=EDGE_CURVE('',#4639,#4640,#2342,.T.);
#5871=EDGE_CURVE('',#4640,#4641,#2343,.T.);
#5872=EDGE_CURVE('',#4641,#4642,#2344,.T.);
#5873=EDGE_CURVE('',#4639,#4642,#2345,.T.);
#5874=EDGE_CURVE('',#4640,#4293,#2346,.T.);
#5875=EDGE_CURVE('',#4641,#4292,#2347,.T.);
#5876=EDGE_CURVE('',#4130,#4639,#2348,.T.);
#5877=EDGE_CURVE('',#4643,#4644,#2349,.T.);
#5878=EDGE_CURVE('',#4644,#4645,#2350,.T.);
#5879=EDGE_CURVE('',#4645,#4646,#2351,.T.);
#5880=EDGE_CURVE('',#4643,#4646,#2352,.T.);
#5881=EDGE_CURVE('',#4644,#4289,#2353,.T.);
#5882=EDGE_CURVE('',#4645,#4288,#2354,.T.);
#5883=EDGE_CURVE('',#4290,#4643,#2355,.T.);
#5884=EDGE_CURVE('',#4647,#4648,#2356,.T.);
#5885=EDGE_CURVE('',#4648,#4649,#2357,.T.);
#5886=EDGE_CURVE('',#4649,#4650,#2358,.T.);
#5887=EDGE_CURVE('',#4647,#4650,#2359,.T.);
#5888=EDGE_CURVE('',#4648,#4285,#2360,.T.);
#5889=EDGE_CURVE('',#4649,#4284,#2361,.T.);
#5890=EDGE_CURVE('',#4286,#4647,#2362,.T.);
#5891=EDGE_CURVE('',#4651,#4652,#2363,.T.);
#5892=EDGE_CURVE('',#4652,#4653,#2364,.T.);
#5893=EDGE_CURVE('',#4653,#4654,#2365,.T.);
#5894=EDGE_CURVE('',#4651,#4654,#2366,.T.);
#5895=EDGE_CURVE('',#4652,#4281,#2367,.T.);
#5896=EDGE_CURVE('',#4653,#4280,#2368,.T.);
#5897=EDGE_CURVE('',#4282,#4651,#2369,.T.);
#5898=EDGE_CURVE('',#4655,#4656,#2370,.T.);
#5899=EDGE_CURVE('',#4656,#4657,#2371,.T.);
#5900=EDGE_CURVE('',#4657,#4658,#2372,.T.);
#5901=EDGE_CURVE('',#4655,#4658,#2373,.T.);
#5902=EDGE_CURVE('',#4656,#4277,#2374,.T.);
#5903=EDGE_CURVE('',#4657,#4276,#2375,.T.);
#5904=EDGE_CURVE('',#4278,#4655,#2376,.T.);
#5905=EDGE_CURVE('',#4659,#4660,#2377,.T.);
#5906=EDGE_CURVE('',#4660,#4661,#2378,.T.);
#5907=EDGE_CURVE('',#4661,#4662,#2379,.T.);
#5908=EDGE_CURVE('',#4659,#4662,#2380,.T.);
#5909=EDGE_CURVE('',#4660,#4273,#2381,.T.);
#5910=EDGE_CURVE('',#4661,#4272,#2382,.T.);
#5911=EDGE_CURVE('',#4274,#4659,#2383,.T.);
#5912=EDGE_CURVE('',#4663,#4664,#2384,.T.);
#5913=EDGE_CURVE('',#4664,#4665,#2385,.T.);
#5914=EDGE_CURVE('',#4665,#4666,#2386,.T.);
#5915=EDGE_CURVE('',#4663,#4666,#2387,.T.);
#5916=EDGE_CURVE('',#4664,#4269,#2388,.T.);
#5917=EDGE_CURVE('',#4665,#4268,#2389,.T.);
#5918=EDGE_CURVE('',#4270,#4663,#2390,.T.);
#5919=EDGE_CURVE('',#4667,#4668,#2391,.T.);
#5920=EDGE_CURVE('',#4668,#4669,#2392,.T.);
#5921=EDGE_CURVE('',#4669,#4670,#2393,.T.);
#5922=EDGE_CURVE('',#4667,#4670,#2394,.T.);
#5923=EDGE_CURVE('',#4668,#4265,#2395,.T.);
#5924=EDGE_CURVE('',#4669,#4264,#2396,.T.);
#5925=EDGE_CURVE('',#4266,#4667,#2397,.T.);
#5926=EDGE_CURVE('',#4671,#4672,#2398,.T.);
#5927=EDGE_CURVE('',#4672,#4673,#2399,.T.);
#5928=EDGE_CURVE('',#4673,#4674,#2400,.T.);
#5929=EDGE_CURVE('',#4671,#4674,#2401,.T.);
#5930=EDGE_CURVE('',#4672,#4261,#2402,.T.);
#5931=EDGE_CURVE('',#4673,#4260,#2403,.T.);
#5932=EDGE_CURVE('',#4262,#4671,#2404,.T.);
#5933=EDGE_CURVE('',#4675,#4676,#2405,.T.);
#5934=EDGE_CURVE('',#4677,#4676,#2406,.T.);
#5935=EDGE_CURVE('',#4677,#4678,#2407,.T.);
#5936=EDGE_CURVE('',#4678,#4675,#2408,.T.);
#5937=EDGE_CURVE('',#4675,#4246,#2409,.T.);
#5938=EDGE_CURVE('',#4676,#4245,#2410,.T.);
#5939=EDGE_CURVE('',#4678,#4247,#2411,.T.);
#5940=EDGE_CURVE('',#4679,#4680,#2412,.T.);
#5941=EDGE_CURVE('',#4681,#4680,#2413,.T.);
#5942=EDGE_CURVE('',#4681,#4682,#2414,.T.);
#5943=EDGE_CURVE('',#4682,#4679,#2415,.T.);
#5944=EDGE_CURVE('',#4679,#4250,#2416,.T.);
#5945=EDGE_CURVE('',#4680,#4249,#2417,.T.);
#5946=EDGE_CURVE('',#4682,#4251,#2418,.T.);
#5947=EDGE_CURVE('',#4683,#4684,#2419,.T.);
#5948=EDGE_CURVE('',#4684,#4685,#2420,.T.);
#5949=EDGE_CURVE('',#4685,#4686,#2421,.T.);
#5950=EDGE_CURVE('',#4683,#4686,#2422,.T.);
#5951=EDGE_CURVE('',#4684,#4257,#2423,.T.);
#5952=EDGE_CURVE('',#4685,#4256,#2424,.T.);
#5953=EDGE_CURVE('',#4258,#4683,#2425,.T.);
#5954=EDGE_CURVE('',#4244,#4637,#2426,.T.);
#5955=EDGE_CURVE('',#4240,#4633,#2427,.T.);
#5956=EDGE_CURVE('',#4236,#4629,#2428,.T.);
#5957=EDGE_CURVE('',#4232,#4625,#2429,.T.);
#5958=EDGE_CURVE('',#4228,#4621,#2430,.T.);
#5959=EDGE_CURVE('',#4224,#4617,#2431,.T.);
#5960=EDGE_CURVE('',#4220,#4613,#2432,.T.);
#5961=EDGE_CURVE('',#4216,#4609,#2433,.T.);
#5962=EDGE_CURVE('',#4687,#4397,#2434,.T.);
#5963=EDGE_CURVE('',#4687,#4253,#2435,.T.);
#5964=EDGE_CURVE('',#4252,#4681,#2436,.T.);
#5965=EDGE_CURVE('',#4248,#4677,#2437,.T.);
#5966=EDGE_CURVE('',#4670,#4263,#2438,.T.);
#5967=EDGE_CURVE('',#4674,#4259,#2439,.T.);
#5968=EDGE_CURVE('',#4686,#4255,#2440,.T.);
#5969=EDGE_CURVE('',#4688,#4254,#2441,.T.);
#5970=EDGE_CURVE('',#4688,#4398,#2442,.T.);
#5971=EDGE_CURVE('',#4642,#4291,#2443,.T.);
#5972=EDGE_CURVE('',#4646,#4287,#2444,.T.);
#5973=EDGE_CURVE('',#4650,#4283,#2445,.T.);
#5974=EDGE_CURVE('',#4654,#4279,#2446,.T.);
#5975=EDGE_CURVE('',#4658,#4275,#2447,.T.);
#5976=EDGE_CURVE('',#4662,#4271,#2448,.T.);
#5977=EDGE_CURVE('',#4666,#4267,#2449,.T.);
#5978=EDGE_CURVE('',#4689,#4687,#2450,.T.);
#5979=EDGE_CURVE('',#4396,#4689,#2451,.T.);
#5980=EDGE_CURVE('',#4689,#4690,#2452,.T.);
#5981=EDGE_CURVE('',#4688,#4690,#2453,.T.);
#5982=EDGE_CURVE('',#4690,#4399,#2454,.T.);
#5983=EDGE_CURVE('',#4691,#4692,#2455,.T.);
#5984=EDGE_CURVE('',#4692,#4693,#43,.F.);
#5985=EDGE_CURVE('',#4693,#4694,#2456,.T.);
#5986=EDGE_CURVE('',#4694,#4691,#44,.T.);
#5987=EDGE_CURVE('',#4694,#4695,#2457,.T.);
#5988=EDGE_CURVE('',#4695,#4696,#45,.T.);
#5989=EDGE_CURVE('',#4696,#4691,#2458,.T.);
#5990=EDGE_CURVE('',#4695,#4697,#2459,.T.);
#5991=EDGE_CURVE('',#4697,#4698,#46,.T.);
#5992=EDGE_CURVE('',#4698,#4696,#2460,.T.);
#5993=EDGE_CURVE('',#4697,#4699,#2461,.T.);
#5994=EDGE_CURVE('',#4699,#4700,#47,.T.);
#5995=EDGE_CURVE('',#4700,#4698,#2462,.T.);
#5996=EDGE_CURVE('',#4699,#4701,#2463,.T.);
#5997=EDGE_CURVE('',#4701,#4702,#48,.T.);
#5998=EDGE_CURVE('',#4702,#4700,#2464,.T.);
#5999=EDGE_CURVE('',#4701,#4703,#2465,.T.);
#6000=EDGE_CURVE('',#4703,#4704,#49,.F.);
#6001=EDGE_CURVE('',#4704,#4702,#2466,.T.);
#6002=EDGE_CURVE('',#4691,#4705,#2467,.T.);
#6003=EDGE_CURVE('',#4706,#4705,#2468,.T.);
#6004=EDGE_CURVE('',#4692,#4706,#2469,.T.);
#6005=EDGE_CURVE('',#4696,#4707,#2470,.T.);
#6006=EDGE_CURVE('',#4705,#4707,#2471,.T.);
#6007=EDGE_CURVE('',#4698,#4708,#2472,.T.);
#6008=EDGE_CURVE('',#4707,#4708,#2473,.T.);
#6009=EDGE_CURVE('',#4700,#4709,#2474,.T.);
#6010=EDGE_CURVE('',#4708,#4709,#2475,.T.);
#6011=EDGE_CURVE('',#4702,#4710,#2476,.T.);
#6012=EDGE_CURVE('',#4709,#4710,#2477,.T.);
#6013=EDGE_CURVE('',#4704,#4711,#2478,.T.);
#6014=EDGE_CURVE('',#4710,#4711,#2479,.T.);
#6015=EDGE_CURVE('',#4712,#4713,#2480,.T.);
#6016=EDGE_CURVE('',#4713,#4714,#2481,.T.);
#6017=EDGE_CURVE('',#4714,#4715,#2482,.T.);
#6018=EDGE_CURVE('',#4715,#4712,#2483,.T.);
#6019=EDGE_CURVE('',#4125,#4716,#2484,.T.);
#6020=EDGE_CURVE('',#4716,#4569,#2485,.T.);
#6021=EDGE_CURVE('',#4713,#4717,#2486,.T.);
#6022=EDGE_CURVE('',#4717,#4706,#2487,.T.);
#6023=EDGE_CURVE('',#4711,#4718,#2488,.T.);
#6024=EDGE_CURVE('',#4718,#4719,#2489,.T.);
#6025=EDGE_CURVE('',#4719,#4714,#2490,.T.);
#6026=EDGE_CURVE('',#4720,#4712,#2491,.T.);
#6027=EDGE_CURVE('',#4721,#4720,#215,.T.);
#6028=EDGE_CURVE('',#4722,#4721,#2492,.T.);
#6029=EDGE_CURVE('',#4723,#4722,#216,.T.);
#6030=EDGE_CURVE('',#4724,#4723,#2493,.T.);
#6031=EDGE_CURVE('',#4724,#4725,#2494,.F.);
#6032=EDGE_CURVE('',#4726,#4725,#217,.T.);
#6033=EDGE_CURVE('',#4726,#4717,#2495,.T.);
#6034=EDGE_CURVE('',#4720,#4727,#2496,.T.);
#6035=EDGE_CURVE('',#4727,#4728,#218,.T.);
#6036=EDGE_CURVE('',#4728,#4721,#2497,.T.);
#6037=EDGE_CURVE('',#4728,#4729,#2498,.T.);
#6038=EDGE_CURVE('',#4722,#4729,#2499,.T.);
#6039=EDGE_CURVE('',#4729,#4730,#219,.T.);
#6040=EDGE_CURVE('',#4730,#4723,#2500,.T.);
#6041=EDGE_CURVE('',#4715,#4727,#2501,.T.);
#6042=EDGE_CURVE('',#4730,#4731,#2502,.T.);
#6043=EDGE_CURVE('',#4731,#4724,#2503,.T.);
#6044=EDGE_CURVE('',#4732,#4733,#50,.T.);
#6045=EDGE_CURVE('',#4733,#4734,#2504,.T.);
#6046=EDGE_CURVE('',#4734,#4726,#51,.T.);
#6047=EDGE_CURVE('',#4725,#4735,#2505,.T.);
#6048=EDGE_CURVE('',#4735,#4732,#220,.T.);
#6049=EDGE_CURVE('',#4693,#4734,#2506,.T.);
#6050=EDGE_CURVE('',#4736,#4478,#2507,.T.);
#6051=EDGE_CURVE('',#4737,#4736,#2508,.T.);
#6052=EDGE_CURVE('',#4738,#4737,#2509,.T.);
#6053=EDGE_CURVE('',#4739,#4738,#2510,.T.);
#6054=EDGE_CURVE('',#4739,#4581,#2511,.T.);
#6055=EDGE_CURVE('',#4733,#4740,#2512,.T.);
#6056=EDGE_CURVE('',#4740,#4703,#2513,.T.);
#6057=EDGE_CURVE('',#4741,#4742,#2514,.T.);
#6058=EDGE_CURVE('',#4742,#4743,#2515,.T.);
#6059=EDGE_CURVE('',#4744,#4743,#2516,.T.);
#6060=EDGE_CURVE('',#4744,#4745,#2517,.T.);
#6061=EDGE_CURVE('',#4745,#4746,#2518,.T.);
#6062=EDGE_CURVE('',#4747,#4746,#2519,.T.);
#6063=EDGE_CURVE('',#4748,#4747,#2520,.T.);
#6064=EDGE_CURVE('',#4741,#4748,#2521,.T.);
#6065=EDGE_CURVE('',#4731,#4735,#2522,.T.);
#6066=EDGE_CURVE('',#4740,#4718,#2523,.T.);
#6067=EDGE_CURVE('',#4732,#4719,#2524,.T.);
#6068=EDGE_CURVE('',#4749,#4750,#2525,.T.);
#6069=EDGE_CURVE('',#4750,#4741,#221,.F.);
#6070=EDGE_CURVE('',#4748,#4749,#52,.T.);
#6071=EDGE_CURVE('',#4751,#4749,#2526,.T.);
#6072=EDGE_CURVE('',#4747,#4751,#53,.T.);
#6073=EDGE_CURVE('',#4746,#4752,#222,.F.);
#6074=EDGE_CURVE('',#4752,#4751,#2527,.T.);
#6075=EDGE_CURVE('',#4749,#4753,#2528,.T.);
#6076=EDGE_CURVE('',#4753,#4754,#2529,.T.);
#6077=EDGE_CURVE('',#4750,#4754,#2530,.T.);
#6078=EDGE_CURVE('',#4751,#4755,#2531,.T.);
#6079=EDGE_CURVE('',#4755,#4753,#2532,.T.);
#6080=EDGE_CURVE('',#4752,#4756,#2533,.T.);
#6081=EDGE_CURVE('',#4756,#4755,#2534,.T.);
#6082=EDGE_CURVE('',#4743,#4757,#223,.T.);
#6083=EDGE_CURVE('',#4757,#4758,#2535,.T.);
#6084=EDGE_CURVE('',#4758,#4744,#224,.T.);
#6085=EDGE_CURVE('',#4757,#4759,#2536,.T.);
#6086=EDGE_CURVE('',#4760,#4759,#2537,.T.);
#6087=EDGE_CURVE('',#4760,#4758,#2538,.T.);
#6088=EDGE_CURVE('',#4742,#4761,#2539,.T.);
#6089=EDGE_CURVE('',#4761,#4762,#2540,.T.);
#6090=EDGE_CURVE('',#4759,#4762,#225,.T.);
#6091=EDGE_CURVE('',#4763,#4760,#226,.T.);
#6092=EDGE_CURVE('',#4762,#4763,#2541,.T.);
#6093=EDGE_CURVE('',#4764,#4765,#2542,.T.);
#6094=EDGE_CURVE('',#4765,#4766,#2543,.T.);
#6095=EDGE_CURVE('',#4766,#4767,#2544,.T.);
#6096=EDGE_CURVE('',#4767,#4768,#2545,.F.);
#6097=EDGE_CURVE('',#4768,#4764,#2546,.T.);
#6098=EDGE_CURVE('',#4765,#4769,#2547,.T.);
#6099=EDGE_CURVE('',#4769,#4770,#2548,.T.);
#6100=EDGE_CURVE('',#4770,#4766,#2549,.T.);
#6101=EDGE_CURVE('',#4771,#4764,#2550,.T.);
#6102=EDGE_CURVE('',#4772,#4771,#2551,.T.);
#6103=EDGE_CURVE('',#4772,#4773,#2552,.T.);
#6104=EDGE_CURVE('',#4773,#4769,#2553,.T.);
#6105=EDGE_CURVE('',#4736,#4772,#2554,.T.);
#6106=EDGE_CURVE('',#4771,#4737,#2555,.T.);
#6107=EDGE_CURVE('',#4475,#4772,#2556,.T.);
#6108=EDGE_CURVE('',#4771,#4774,#2557,.T.);
#6109=EDGE_CURVE('',#4774,#4738,#2558,.T.);
#6110=EDGE_CURVE('',#4605,#4738,#227,.T.);
#6111=EDGE_CURVE('',#4774,#4606,#228,.T.);
#6112=EDGE_CURVE('',#4474,#4773,#2559,.T.);
#6113=EDGE_CURVE('',#4473,#4769,#2560,.T.);
#6114=EDGE_CURVE('',#4763,#4775,#2561,.T.);
#6115=EDGE_CURVE('',#4745,#4775,#2562,.T.);
#6116=EDGE_CURVE('',#4754,#4761,#2563,.T.);
#6117=EDGE_CURVE('',#4775,#4756,#2564,.T.);
#6118=EDGE_CURVE('',#4776,#4777,#229,.T.);
#6119=EDGE_CURVE('',#4777,#4778,#2565,.T.);
#6120=EDGE_CURVE('',#4778,#4779,#230,.T.);
#6121=EDGE_CURVE('',#4779,#4776,#2566,.T.);
#6122=EDGE_CURVE('',#4777,#4780,#2567,.T.);
#6123=EDGE_CURVE('',#4781,#4780,#2568,.T.);
#6124=EDGE_CURVE('',#4781,#4778,#2569,.T.);
#6125=EDGE_CURVE('',#4780,#4089,#231,.T.);
#6126=EDGE_CURVE('',#4782,#4776,#2570,.T.);
#6127=EDGE_CURVE('',#4783,#4782,#2571,.T.);
#6128=EDGE_CURVE('',#4784,#4783,#2572,.T.);
#6129=EDGE_CURVE('',#4785,#4784,#2573,.T.);
#6130=EDGE_CURVE('',#4785,#4786,#2574,.T.);
#6131=EDGE_CURVE('',#4787,#4786,#2575,.T.);
#6132=EDGE_CURVE('',#4788,#4787,#2576,.T.);
#6133=EDGE_CURVE('',#4605,#4788,#2577,.T.);
#6134=EDGE_CURVE('',#4088,#4781,#232,.T.);
#6135=EDGE_CURVE('',#4779,#4789,#2578,.T.);
#6136=EDGE_CURVE('',#4790,#4789,#2579,.T.);
#6137=EDGE_CURVE('',#4782,#4790,#233,.F.);
#6138=EDGE_CURVE('',#4087,#4791,#2580,.T.);
#6139=EDGE_CURVE('',#4791,#4789,#2581,.T.);
#6140=EDGE_CURVE('',#4604,#4599,#2582,.T.);
#6141=EDGE_CURVE('',#4599,#4093,#2583,.T.);
#6142=EDGE_CURVE('',#4603,#4768,#2584,.T.);
#6143=EDGE_CURVE('',#4767,#4604,#2585,.T.);
#6144=EDGE_CURVE('',#4008,#4006,#2586,.T.);
#6145=EDGE_CURVE('',#4014,#4012,#2587,.T.);
#6146=EDGE_CURVE('',#4020,#4018,#2588,.T.);
#6147=EDGE_CURVE('',#4026,#4024,#2589,.T.);
#6148=EDGE_CURVE('',#4032,#4030,#2590,.T.);
#6149=EDGE_CURVE('',#4038,#4036,#2591,.T.);
#6150=EDGE_CURVE('',#4044,#4042,#2592,.T.);
#6151=EDGE_CURVE('',#4050,#4048,#2593,.T.);
#6152=EDGE_CURVE('',#4056,#4054,#2594,.T.);
#6153=EDGE_CURVE('',#4766,#4792,#2595,.T.);
#6154=EDGE_CURVE('',#4792,#4501,#2596,.T.);
#6155=EDGE_CURVE('',#4793,#3964,#2597,.T.);
#6156=EDGE_CURVE('',#4794,#4793,#2598,.T.);
#6157=EDGE_CURVE('',#3961,#4794,#2599,.T.);
#6158=EDGE_CURVE('',#4795,#3920,#234,.T.);
#6159=EDGE_CURVE('',#4795,#4791,#2600,.T.);
#6160=EDGE_CURVE('',#4500,#4796,#2601,.T.);
#6161=EDGE_CURVE('',#4796,#4792,#2602,.T.);
#6162=EDGE_CURVE('',#4796,#4770,#2603,.T.);
#6163=EDGE_CURVE('',#4045,#4041,#2604,.T.);
#6164=EDGE_CURVE('',#4039,#4035,#2605,.T.);
#6165=EDGE_CURVE('',#4033,#4029,#2606,.T.);
#6166=EDGE_CURVE('',#4027,#4023,#2607,.T.);
#6167=EDGE_CURVE('',#4021,#4017,#2608,.T.);
#6168=EDGE_CURVE('',#4015,#4011,#2609,.T.);
#6169=EDGE_CURVE('',#4797,#3963,#2610,.T.);
#6170=EDGE_CURVE('',#4798,#4797,#2611,.T.);
#6171=EDGE_CURVE('',#4793,#4798,#2612,.T.);
#6172=EDGE_CURVE('',#4009,#4005,#2613,.T.);
#6173=EDGE_CURVE('',#4057,#4053,#2614,.T.);
#6174=EDGE_CURVE('',#4051,#4047,#2615,.T.);
#6175=EDGE_CURVE('',#4797,#4799,#2616,.T.);
#6176=EDGE_CURVE('',#4799,#4800,#2617,.T.);
#6177=EDGE_CURVE('',#4800,#4798,#2618,.T.);
#6178=EDGE_CURVE('',#3962,#4799,#2619,.T.);
#6179=EDGE_CURVE('',#4794,#4800,#2620,.T.);
#6180=EDGE_CURVE('',#4105,#4801,#235,.T.);
#6181=EDGE_CURVE('',#4801,#4802,#54,.T.);
#6182=EDGE_CURVE('',#4802,#4105,#55,.T.);
#6183=EDGE_CURVE('',#4129,#4801,#2621,.T.);
#6184=EDGE_CURVE('',#4802,#4563,#2622,.T.);
#6185=EDGE_CURVE('',#4801,#4803,#2623,.T.);
#6186=EDGE_CURVE('',#4804,#4803,#56,.T.);
#6187=EDGE_CURVE('',#4804,#4802,#2624,.T.);
#6188=EDGE_CURVE('',#4803,#4805,#236,.T.);
#6189=EDGE_CURVE('',#4805,#4804,#57,.T.);
#6190=EDGE_CURVE('',#4127,#4805,#2625,.T.);
#6191=EDGE_CURVE('',#4803,#4128,#2626,.T.);
#6192=EDGE_CURVE('',#4805,#4806,#2627,.T.);
#6193=EDGE_CURVE('',#4807,#4806,#58,.T.);
#6194=EDGE_CURVE('',#4807,#4804,#2628,.T.);
#6195=EDGE_CURVE('',#4806,#4716,#237,.T.);
#6196=EDGE_CURVE('',#4716,#4807,#59,.T.);
#6197=EDGE_CURVE('',#4806,#4126,#2629,.T.);
#6198=EDGE_CURVE('',#4567,#4807,#2630,.T.);
#6199=EDGE_CURVE('',#4808,#4809,#238,.T.);
#6200=EDGE_CURVE('',#4809,#4069,#239,.T.);
#6201=EDGE_CURVE('',#4069,#4810,#240,.T.);
#6202=EDGE_CURVE('',#4810,#4808,#241,.T.);
#6203=EDGE_CURVE('',#4809,#4795,#2631,.T.);
#6204=EDGE_CURVE('',#4808,#4811,#2632,.T.);
#6205=EDGE_CURVE('',#4812,#4811,#242,.T.);
#6206=EDGE_CURVE('',#4812,#4809,#2633,.T.);
#6207=EDGE_CURVE('',#4813,#4580,#2634,.T.);
#6208=EDGE_CURVE('',#4814,#4813,#243,.T.);
#6209=EDGE_CURVE('',#4815,#4814,#2635,.T.);
#6210=EDGE_CURVE('',#4811,#4815,#244,.T.);
#6211=EDGE_CURVE('',#4572,#4810,#2636,.T.);
#6212=EDGE_CURVE('',#4815,#4787,#245,.T.);
#6213=EDGE_CURVE('',#4787,#4812,#246,.T.);
#6214=EDGE_CURVE('',#4786,#4816,#247,.F.);
#6215=EDGE_CURVE('',#4816,#4812,#2637,.T.);
#6216=EDGE_CURVE('',#4816,#4817,#2638,.T.);
#6217=EDGE_CURVE('',#4817,#4818,#2639,.T.);
#6218=EDGE_CURVE('',#4818,#4819,#2640,.T.);
#6219=EDGE_CURVE('',#4790,#4819,#2641,.T.);
#6220=EDGE_CURVE('',#4819,#4783,#248,.F.);
#6221=EDGE_CURVE('',#4813,#4739,#249,.T.);
#6222=EDGE_CURVE('',#4739,#4788,#250,.T.);
#6223=EDGE_CURVE('',#4788,#4814,#251,.T.);
#6224=EDGE_CURVE('',#4820,#4785,#2642,.T.);
#6225=EDGE_CURVE('',#4821,#4784,#2643,.T.);
#6226=EDGE_CURVE('',#4820,#4821,#2644,.T.);
#6227=EDGE_CURVE('',#4817,#4820,#2645,.T.);
#6228=EDGE_CURVE('',#4818,#4821,#2646,.T.);
#6229=ORIENTED_EDGE('',*,*,#4822,.T.);
#6230=ORIENTED_EDGE('',*,*,#4823,.T.);
#6231=ORIENTED_EDGE('',*,*,#4824,.F.);
#6232=ORIENTED_EDGE('',*,*,#4825,.F.);
#6233=ORIENTED_EDGE('',*,*,#4826,.F.);
#6234=ORIENTED_EDGE('',*,*,#4824,.T.);
#6235=ORIENTED_EDGE('',*,*,#4827,.T.);
#6236=ORIENTED_EDGE('',*,*,#4828,.F.);
#6237=ORIENTED_EDGE('',*,*,#4829,.F.);
#6238=ORIENTED_EDGE('',*,*,#4830,.F.);
#6239=ORIENTED_EDGE('',*,*,#4831,.T.);
#6240=ORIENTED_EDGE('',*,*,#4832,.T.);
#6241=ORIENTED_EDGE('',*,*,#4833,.F.);
#6242=ORIENTED_EDGE('',*,*,#4834,.F.);
#6243=ORIENTED_EDGE('',*,*,#4835,.T.);
#6244=ORIENTED_EDGE('',*,*,#4831,.F.);
#6245=ORIENTED_EDGE('',*,*,#4836,.F.);
#6246=ORIENTED_EDGE('',*,*,#4827,.F.);
#6247=ORIENTED_EDGE('',*,*,#4823,.F.);
#6248=ORIENTED_EDGE('',*,*,#4837,.F.);
#6249=ORIENTED_EDGE('',*,*,#4832,.F.);
#6250=ORIENTED_EDGE('',*,*,#4835,.F.);
#6251=ORIENTED_EDGE('',*,*,#4838,.F.);
#6252=ORIENTED_EDGE('',*,*,#4839,.F.);
#6253=ORIENTED_EDGE('',*,*,#4840,.F.);
#6254=ORIENTED_EDGE('',*,*,#4841,.F.);
#6255=ORIENTED_EDGE('',*,*,#4842,.F.);
#6256=ORIENTED_EDGE('',*,*,#4843,.F.);
#6257=ORIENTED_EDGE('',*,*,#4844,.F.);
#6258=ORIENTED_EDGE('',*,*,#4845,.F.);
#6259=ORIENTED_EDGE('',*,*,#4846,.F.);
#6260=ORIENTED_EDGE('',*,*,#4847,.F.);
#6261=ORIENTED_EDGE('',*,*,#4848,.F.);
#6262=ORIENTED_EDGE('',*,*,#4849,.F.);
#6263=ORIENTED_EDGE('',*,*,#4850,.F.);
#6264=ORIENTED_EDGE('',*,*,#4851,.F.);
#6265=ORIENTED_EDGE('',*,*,#4852,.F.);
#6266=ORIENTED_EDGE('',*,*,#4853,.F.);
#6267=ORIENTED_EDGE('',*,*,#4854,.F.);
#6268=ORIENTED_EDGE('',*,*,#4855,.F.);
#6269=ORIENTED_EDGE('',*,*,#4856,.F.);
#6270=ORIENTED_EDGE('',*,*,#4857,.F.);
#6271=ORIENTED_EDGE('',*,*,#4858,.F.);
#6272=ORIENTED_EDGE('',*,*,#4859,.F.);
#6273=ORIENTED_EDGE('',*,*,#4860,.F.);
#6274=ORIENTED_EDGE('',*,*,#4861,.F.);
#6275=ORIENTED_EDGE('',*,*,#4862,.F.);
#6276=ORIENTED_EDGE('',*,*,#4863,.F.);
#6277=ORIENTED_EDGE('',*,*,#4864,.F.);
#6278=ORIENTED_EDGE('',*,*,#4865,.F.);
#6279=ORIENTED_EDGE('',*,*,#4866,.F.);
#6280=ORIENTED_EDGE('',*,*,#4867,.F.);
#6281=ORIENTED_EDGE('',*,*,#4868,.F.);
#6282=ORIENTED_EDGE('',*,*,#4869,.F.);
#6283=ORIENTED_EDGE('',*,*,#4870,.F.);
#6284=ORIENTED_EDGE('',*,*,#4871,.F.);
#6285=ORIENTED_EDGE('',*,*,#4872,.F.);
#6286=ORIENTED_EDGE('',*,*,#4873,.F.);
#6287=ORIENTED_EDGE('',*,*,#4874,.F.);
#6288=ORIENTED_EDGE('',*,*,#4875,.F.);
#6289=ORIENTED_EDGE('',*,*,#4876,.F.);
#6290=ORIENTED_EDGE('',*,*,#4877,.F.);
#6291=ORIENTED_EDGE('',*,*,#4878,.F.);
#6292=ORIENTED_EDGE('',*,*,#4879,.F.);
#6293=ORIENTED_EDGE('',*,*,#4880,.F.);
#6294=ORIENTED_EDGE('',*,*,#4881,.F.);
#6295=ORIENTED_EDGE('',*,*,#4882,.F.);
#6296=ORIENTED_EDGE('',*,*,#4883,.F.);
#6297=ORIENTED_EDGE('',*,*,#4884,.F.);
#6298=ORIENTED_EDGE('',*,*,#4885,.F.);
#6299=ORIENTED_EDGE('',*,*,#4886,.F.);
#6300=ORIENTED_EDGE('',*,*,#4887,.F.);
#6301=ORIENTED_EDGE('',*,*,#4888,.F.);
#6302=ORIENTED_EDGE('',*,*,#4889,.F.);
#6303=ORIENTED_EDGE('',*,*,#4890,.F.);
#6304=ORIENTED_EDGE('',*,*,#4891,.F.);
#6305=ORIENTED_EDGE('',*,*,#4892,.F.);
#6306=ORIENTED_EDGE('',*,*,#4893,.F.);
#6307=ORIENTED_EDGE('',*,*,#4894,.F.);
#6308=ORIENTED_EDGE('',*,*,#4895,.F.);
#6309=ORIENTED_EDGE('',*,*,#4896,.F.);
#6310=ORIENTED_EDGE('',*,*,#4897,.F.);
#6311=ORIENTED_EDGE('',*,*,#4898,.F.);
#6312=ORIENTED_EDGE('',*,*,#4899,.F.);
#6313=ORIENTED_EDGE('',*,*,#4900,.F.);
#6314=ORIENTED_EDGE('',*,*,#4901,.F.);
#6315=ORIENTED_EDGE('',*,*,#4902,.F.);
#6316=ORIENTED_EDGE('',*,*,#4903,.F.);
#6317=ORIENTED_EDGE('',*,*,#4904,.F.);
#6318=ORIENTED_EDGE('',*,*,#4905,.F.);
#6319=ORIENTED_EDGE('',*,*,#4906,.F.);
#6320=ORIENTED_EDGE('',*,*,#4907,.F.);
#6321=ORIENTED_EDGE('',*,*,#4908,.F.);
#6322=ORIENTED_EDGE('',*,*,#4909,.F.);
#6323=ORIENTED_EDGE('',*,*,#4910,.F.);
#6324=ORIENTED_EDGE('',*,*,#4911,.F.);
#6325=ORIENTED_EDGE('',*,*,#4912,.F.);
#6326=ORIENTED_EDGE('',*,*,#4913,.F.);
#6327=ORIENTED_EDGE('',*,*,#4914,.F.);
#6328=ORIENTED_EDGE('',*,*,#4915,.F.);
#6329=ORIENTED_EDGE('',*,*,#4916,.F.);
#6330=ORIENTED_EDGE('',*,*,#4917,.F.);
#6331=ORIENTED_EDGE('',*,*,#4873,.T.);
#6332=ORIENTED_EDGE('',*,*,#4918,.F.);
#6333=ORIENTED_EDGE('',*,*,#4919,.F.);
#6334=ORIENTED_EDGE('',*,*,#4920,.F.);
#6335=ORIENTED_EDGE('',*,*,#4921,.T.);
#6336=ORIENTED_EDGE('',*,*,#4872,.T.);
#6337=ORIENTED_EDGE('',*,*,#4922,.T.);
#6338=ORIENTED_EDGE('',*,*,#4923,.F.);
#6339=ORIENTED_EDGE('',*,*,#4918,.T.);
#6340=ORIENTED_EDGE('',*,*,#4871,.T.);
#6341=ORIENTED_EDGE('',*,*,#4924,.T.);
#6342=ORIENTED_EDGE('',*,*,#4925,.T.);
#6343=ORIENTED_EDGE('',*,*,#4926,.F.);
#6344=ORIENTED_EDGE('',*,*,#4922,.F.);
#6345=ORIENTED_EDGE('',*,*,#4869,.T.);
#6346=ORIENTED_EDGE('',*,*,#4927,.F.);
#6347=ORIENTED_EDGE('',*,*,#4928,.F.);
#6348=ORIENTED_EDGE('',*,*,#4929,.F.);
#6349=ORIENTED_EDGE('',*,*,#4930,.T.);
#6350=ORIENTED_EDGE('',*,*,#4868,.T.);
#6351=ORIENTED_EDGE('',*,*,#4931,.T.);
#6352=ORIENTED_EDGE('',*,*,#4932,.F.);
#6353=ORIENTED_EDGE('',*,*,#4927,.T.);
#6354=ORIENTED_EDGE('',*,*,#4867,.T.);
#6355=ORIENTED_EDGE('',*,*,#4933,.T.);
#6356=ORIENTED_EDGE('',*,*,#4934,.T.);
#6357=ORIENTED_EDGE('',*,*,#4935,.F.);
#6358=ORIENTED_EDGE('',*,*,#4931,.F.);
#6359=ORIENTED_EDGE('',*,*,#4865,.T.);
#6360=ORIENTED_EDGE('',*,*,#4936,.F.);
#6361=ORIENTED_EDGE('',*,*,#4937,.F.);
#6362=ORIENTED_EDGE('',*,*,#4938,.F.);
#6363=ORIENTED_EDGE('',*,*,#4939,.T.);
#6364=ORIENTED_EDGE('',*,*,#4864,.T.);
#6365=ORIENTED_EDGE('',*,*,#4940,.T.);
#6366=ORIENTED_EDGE('',*,*,#4941,.F.);
#6367=ORIENTED_EDGE('',*,*,#4936,.T.);
#6368=ORIENTED_EDGE('',*,*,#4863,.T.);
#6369=ORIENTED_EDGE('',*,*,#4942,.T.);
#6370=ORIENTED_EDGE('',*,*,#4943,.T.);
#6371=ORIENTED_EDGE('',*,*,#4944,.F.);
#6372=ORIENTED_EDGE('',*,*,#4940,.F.);
#6373=ORIENTED_EDGE('',*,*,#4861,.T.);
#6374=ORIENTED_EDGE('',*,*,#4945,.F.);
#6375=ORIENTED_EDGE('',*,*,#4946,.F.);
#6376=ORIENTED_EDGE('',*,*,#4947,.F.);
#6377=ORIENTED_EDGE('',*,*,#4948,.T.);
#6378=ORIENTED_EDGE('',*,*,#4860,.T.);
#6379=ORIENTED_EDGE('',*,*,#4949,.T.);
#6380=ORIENTED_EDGE('',*,*,#4950,.F.);
#6381=ORIENTED_EDGE('',*,*,#4945,.T.);
#6382=ORIENTED_EDGE('',*,*,#4859,.T.);
#6383=ORIENTED_EDGE('',*,*,#4951,.T.);
#6384=ORIENTED_EDGE('',*,*,#4952,.T.);
#6385=ORIENTED_EDGE('',*,*,#4953,.F.);
#6386=ORIENTED_EDGE('',*,*,#4949,.F.);
#6387=ORIENTED_EDGE('',*,*,#4857,.T.);
#6388=ORIENTED_EDGE('',*,*,#4954,.F.);
#6389=ORIENTED_EDGE('',*,*,#4955,.F.);
#6390=ORIENTED_EDGE('',*,*,#4956,.F.);
#6391=ORIENTED_EDGE('',*,*,#4957,.T.);
#6392=ORIENTED_EDGE('',*,*,#4856,.T.);
#6393=ORIENTED_EDGE('',*,*,#4958,.T.);
#6394=ORIENTED_EDGE('',*,*,#4959,.F.);
#6395=ORIENTED_EDGE('',*,*,#4954,.T.);
#6396=ORIENTED_EDGE('',*,*,#4855,.T.);
#6397=ORIENTED_EDGE('',*,*,#4960,.T.);
#6398=ORIENTED_EDGE('',*,*,#4961,.T.);
#6399=ORIENTED_EDGE('',*,*,#4962,.F.);
#6400=ORIENTED_EDGE('',*,*,#4958,.F.);
#6401=ORIENTED_EDGE('',*,*,#4853,.T.);
#6402=ORIENTED_EDGE('',*,*,#4963,.F.);
#6403=ORIENTED_EDGE('',*,*,#4964,.F.);
#6404=ORIENTED_EDGE('',*,*,#4965,.F.);
#6405=ORIENTED_EDGE('',*,*,#4966,.T.);
#6406=ORIENTED_EDGE('',*,*,#4852,.T.);
#6407=ORIENTED_EDGE('',*,*,#4967,.T.);
#6408=ORIENTED_EDGE('',*,*,#4968,.F.);
#6409=ORIENTED_EDGE('',*,*,#4963,.T.);
#6410=ORIENTED_EDGE('',*,*,#4851,.T.);
#6411=ORIENTED_EDGE('',*,*,#4969,.T.);
#6412=ORIENTED_EDGE('',*,*,#4970,.T.);
#6413=ORIENTED_EDGE('',*,*,#4971,.F.);
#6414=ORIENTED_EDGE('',*,*,#4967,.F.);
#6415=ORIENTED_EDGE('',*,*,#4849,.T.);
#6416=ORIENTED_EDGE('',*,*,#4972,.F.);
#6417=ORIENTED_EDGE('',*,*,#4973,.F.);
#6418=ORIENTED_EDGE('',*,*,#4974,.F.);
#6419=ORIENTED_EDGE('',*,*,#4975,.T.);
#6420=ORIENTED_EDGE('',*,*,#4848,.T.);
#6421=ORIENTED_EDGE('',*,*,#4976,.T.);
#6422=ORIENTED_EDGE('',*,*,#4977,.F.);
#6423=ORIENTED_EDGE('',*,*,#4972,.T.);
#6424=ORIENTED_EDGE('',*,*,#4847,.T.);
#6425=ORIENTED_EDGE('',*,*,#4978,.T.);
#6426=ORIENTED_EDGE('',*,*,#4979,.T.);
#6427=ORIENTED_EDGE('',*,*,#4980,.F.);
#6428=ORIENTED_EDGE('',*,*,#4976,.F.);
#6429=ORIENTED_EDGE('',*,*,#4845,.T.);
#6430=ORIENTED_EDGE('',*,*,#4981,.F.);
#6431=ORIENTED_EDGE('',*,*,#4982,.F.);
#6432=ORIENTED_EDGE('',*,*,#4983,.F.);
#6433=ORIENTED_EDGE('',*,*,#4984,.T.);
#6434=ORIENTED_EDGE('',*,*,#4844,.T.);
#6435=ORIENTED_EDGE('',*,*,#4985,.T.);
#6436=ORIENTED_EDGE('',*,*,#4986,.F.);
#6437=ORIENTED_EDGE('',*,*,#4981,.T.);
#6438=ORIENTED_EDGE('',*,*,#4843,.T.);
#6439=ORIENTED_EDGE('',*,*,#4987,.T.);
#6440=ORIENTED_EDGE('',*,*,#4988,.T.);
#6441=ORIENTED_EDGE('',*,*,#4989,.F.);
#6442=ORIENTED_EDGE('',*,*,#4985,.F.);
#6443=ORIENTED_EDGE('',*,*,#4841,.T.);
#6444=ORIENTED_EDGE('',*,*,#4990,.F.);
#6445=ORIENTED_EDGE('',*,*,#4991,.F.);
#6446=ORIENTED_EDGE('',*,*,#4992,.F.);
#6447=ORIENTED_EDGE('',*,*,#4993,.T.);
#6448=ORIENTED_EDGE('',*,*,#4840,.T.);
#6449=ORIENTED_EDGE('',*,*,#4994,.T.);
#6450=ORIENTED_EDGE('',*,*,#4995,.F.);
#6451=ORIENTED_EDGE('',*,*,#4990,.T.);
#6452=ORIENTED_EDGE('',*,*,#4839,.T.);
#6453=ORIENTED_EDGE('',*,*,#4996,.T.);
#6454=ORIENTED_EDGE('',*,*,#4997,.T.);
#6455=ORIENTED_EDGE('',*,*,#4998,.F.);
#6456=ORIENTED_EDGE('',*,*,#4994,.F.);
#6457=ORIENTED_EDGE('',*,*,#4837,.T.);
#6458=ORIENTED_EDGE('',*,*,#4999,.T.);
#6459=ORIENTED_EDGE('',*,*,#5000,.T.);
#6460=ORIENTED_EDGE('',*,*,#5001,.F.);
#6461=ORIENTED_EDGE('',*,*,#4830,.T.);
#6462=ORIENTED_EDGE('',*,*,#5002,.T.);
#6463=ORIENTED_EDGE('',*,*,#5003,.F.);
#6464=ORIENTED_EDGE('',*,*,#5004,.T.);
#6465=ORIENTED_EDGE('',*,*,#5005,.F.);
#6466=ORIENTED_EDGE('',*,*,#5006,.T.);
#6467=ORIENTED_EDGE('',*,*,#5007,.F.);
#6468=ORIENTED_EDGE('',*,*,#5008,.T.);
#6469=ORIENTED_EDGE('',*,*,#5009,.F.);
#6470=ORIENTED_EDGE('',*,*,#5010,.T.);
#6471=ORIENTED_EDGE('',*,*,#5011,.F.);
#6472=ORIENTED_EDGE('',*,*,#5012,.F.);
#6473=ORIENTED_EDGE('',*,*,#4825,.T.);
#6474=ORIENTED_EDGE('',*,*,#5013,.T.);
#6475=ORIENTED_EDGE('',*,*,#5014,.F.);
#6476=ORIENTED_EDGE('',*,*,#5015,.T.);
#6477=ORIENTED_EDGE('',*,*,#5016,.F.);
#6478=ORIENTED_EDGE('',*,*,#5017,.T.);
#6479=ORIENTED_EDGE('',*,*,#5018,.F.);
#6480=ORIENTED_EDGE('',*,*,#5019,.T.);
#6481=ORIENTED_EDGE('',*,*,#5020,.F.);
#6482=ORIENTED_EDGE('',*,*,#5021,.T.);
#6483=ORIENTED_EDGE('',*,*,#5022,.F.);
#6484=ORIENTED_EDGE('',*,*,#5023,.T.);
#6485=ORIENTED_EDGE('',*,*,#4826,.T.);
#6486=ORIENTED_EDGE('',*,*,#5024,.T.);
#6487=ORIENTED_EDGE('',*,*,#5025,.F.);
#6488=ORIENTED_EDGE('',*,*,#5026,.F.);
#6489=ORIENTED_EDGE('',*,*,#5027,.T.);
#6490=ORIENTED_EDGE('',*,*,#5028,.T.);
#6491=ORIENTED_EDGE('',*,*,#5029,.T.);
#6492=ORIENTED_EDGE('',*,*,#5030,.F.);
#6493=ORIENTED_EDGE('',*,*,#5031,.T.);
#6494=ORIENTED_EDGE('',*,*,#4833,.T.);
#6495=ORIENTED_EDGE('',*,*,#5032,.F.);
#6496=ORIENTED_EDGE('',*,*,#5033,.T.);
#6497=ORIENTED_EDGE('',*,*,#5034,.F.);
#6498=ORIENTED_EDGE('',*,*,#5035,.F.);
#6499=ORIENTED_EDGE('',*,*,#5036,.F.);
#6500=ORIENTED_EDGE('',*,*,#5037,.T.);
#6501=ORIENTED_EDGE('',*,*,#5038,.T.);
#6502=ORIENTED_EDGE('',*,*,#5039,.F.);
#6503=ORIENTED_EDGE('',*,*,#5040,.T.);
#6504=ORIENTED_EDGE('',*,*,#5041,.T.);
#6505=ORIENTED_EDGE('',*,*,#5009,.T.);
#6506=ORIENTED_EDGE('',*,*,#5042,.T.);
#6507=ORIENTED_EDGE('',*,*,#5041,.F.);
#6508=ORIENTED_EDGE('',*,*,#5043,.F.);
#6509=ORIENTED_EDGE('',*,*,#5044,.F.);
#6510=ORIENTED_EDGE('',*,*,#5010,.F.);
#6511=ORIENTED_EDGE('',*,*,#5040,.F.);
#6512=ORIENTED_EDGE('',*,*,#5045,.T.);
#6513=ORIENTED_EDGE('',*,*,#5046,.F.);
#6514=ORIENTED_EDGE('',*,*,#5047,.T.);
#6515=ORIENTED_EDGE('',*,*,#5048,.F.);
#6516=ORIENTED_EDGE('',*,*,#5049,.T.);
#6517=ORIENTED_EDGE('',*,*,#5050,.F.);
#6518=ORIENTED_EDGE('',*,*,#5051,.T.);
#6519=ORIENTED_EDGE('',*,*,#5052,.T.);
#6520=ORIENTED_EDGE('',*,*,#5053,.F.);
#6521=ORIENTED_EDGE('',*,*,#5054,.T.);
#6522=ORIENTED_EDGE('',*,*,#5043,.T.);
#6523=ORIENTED_EDGE('',*,*,#5016,.T.);
#6524=ORIENTED_EDGE('',*,*,#5055,.T.);
#6525=ORIENTED_EDGE('',*,*,#5056,.T.);
#6526=ORIENTED_EDGE('',*,*,#5057,.T.);
#6527=ORIENTED_EDGE('',*,*,#5055,.F.);
#6528=ORIENTED_EDGE('',*,*,#5015,.F.);
#6529=ORIENTED_EDGE('',*,*,#5058,.T.);
#6530=ORIENTED_EDGE('',*,*,#5059,.F.);
#6531=ORIENTED_EDGE('',*,*,#5050,.T.);
#6532=ORIENTED_EDGE('',*,*,#5060,.T.);
#6533=ORIENTED_EDGE('',*,*,#5003,.T.);
#6534=ORIENTED_EDGE('',*,*,#5061,.T.);
#6535=ORIENTED_EDGE('',*,*,#5061,.F.);
#6536=ORIENTED_EDGE('',*,*,#5002,.F.);
#6537=ORIENTED_EDGE('',*,*,#4829,.T.);
#6538=ORIENTED_EDGE('',*,*,#5001,.T.);
#6539=ORIENTED_EDGE('',*,*,#5062,.T.);
#6540=ORIENTED_EDGE('',*,*,#5063,.F.);
#6541=ORIENTED_EDGE('',*,*,#5051,.F.);
#6542=ORIENTED_EDGE('',*,*,#5022,.T.);
#6543=ORIENTED_EDGE('',*,*,#5064,.T.);
#6544=ORIENTED_EDGE('',*,*,#5065,.T.);
#6545=ORIENTED_EDGE('',*,*,#5066,.T.);
#6546=ORIENTED_EDGE('',*,*,#5064,.F.);
#6547=ORIENTED_EDGE('',*,*,#5021,.F.);
#6548=ORIENTED_EDGE('',*,*,#5067,.F.);
#6549=ORIENTED_EDGE('',*,*,#5068,.F.);
#6550=ORIENTED_EDGE('',*,*,#5069,.T.);
#6551=ORIENTED_EDGE('',*,*,#5067,.T.);
#6552=ORIENTED_EDGE('',*,*,#5020,.T.);
#6553=ORIENTED_EDGE('',*,*,#5070,.T.);
#6554=ORIENTED_EDGE('',*,*,#5069,.F.);
#6555=ORIENTED_EDGE('',*,*,#5071,.T.);
#6556=ORIENTED_EDGE('',*,*,#5072,.F.);
#6557=ORIENTED_EDGE('',*,*,#5073,.T.);
#6558=ORIENTED_EDGE('',*,*,#5056,.F.);
#6559=ORIENTED_EDGE('',*,*,#5059,.T.);
#6560=ORIENTED_EDGE('',*,*,#5074,.T.);
#6561=ORIENTED_EDGE('',*,*,#5075,.T.);
#6562=ORIENTED_EDGE('',*,*,#5076,.T.);
#6563=ORIENTED_EDGE('',*,*,#5077,.T.);
#6564=ORIENTED_EDGE('',*,*,#5065,.F.);
#6565=ORIENTED_EDGE('',*,*,#5068,.T.);
#6566=ORIENTED_EDGE('',*,*,#5072,.T.);
#6567=ORIENTED_EDGE('',*,*,#5078,.T.);
#6568=ORIENTED_EDGE('',*,*,#5018,.T.);
#6569=ORIENTED_EDGE('',*,*,#5079,.T.);
#6570=ORIENTED_EDGE('',*,*,#5057,.F.);
#6571=ORIENTED_EDGE('',*,*,#5073,.F.);
#6572=ORIENTED_EDGE('',*,*,#5079,.F.);
#6573=ORIENTED_EDGE('',*,*,#5017,.F.);
#6574=ORIENTED_EDGE('',*,*,#5005,.T.);
#6575=ORIENTED_EDGE('',*,*,#5080,.T.);
#6576=ORIENTED_EDGE('',*,*,#5048,.T.);
#6577=ORIENTED_EDGE('',*,*,#5081,.T.);
#6578=ORIENTED_EDGE('',*,*,#5060,.F.);
#6579=ORIENTED_EDGE('',*,*,#5049,.F.);
#6580=ORIENTED_EDGE('',*,*,#5080,.F.);
#6581=ORIENTED_EDGE('',*,*,#5004,.F.);
#6582=ORIENTED_EDGE('',*,*,#5007,.T.);
#6583=ORIENTED_EDGE('',*,*,#5082,.T.);
#6584=ORIENTED_EDGE('',*,*,#5046,.T.);
#6585=ORIENTED_EDGE('',*,*,#5083,.T.);
#6586=ORIENTED_EDGE('',*,*,#5081,.F.);
#6587=ORIENTED_EDGE('',*,*,#5047,.F.);
#6588=ORIENTED_EDGE('',*,*,#5082,.F.);
#6589=ORIENTED_EDGE('',*,*,#5006,.F.);
#6590=ORIENTED_EDGE('',*,*,#5042,.F.);
#6591=ORIENTED_EDGE('',*,*,#5008,.F.);
#6592=ORIENTED_EDGE('',*,*,#5083,.F.);
#6593=ORIENTED_EDGE('',*,*,#5045,.F.);
#6594=ORIENTED_EDGE('',*,*,#5084,.F.);
#6595=ORIENTED_EDGE('',*,*,#5062,.F.);
#6596=ORIENTED_EDGE('',*,*,#5000,.F.);
#6597=ORIENTED_EDGE('',*,*,#5085,.F.);
#6598=ORIENTED_EDGE('',*,*,#5070,.F.);
#6599=ORIENTED_EDGE('',*,*,#5019,.F.);
#6600=ORIENTED_EDGE('',*,*,#5078,.F.);
#6601=ORIENTED_EDGE('',*,*,#5071,.F.);
#6602=ORIENTED_EDGE('',*,*,#5086,.T.);
#6603=ORIENTED_EDGE('',*,*,#5058,.F.);
#6604=ORIENTED_EDGE('',*,*,#5087,.F.);
#6605=ORIENTED_EDGE('',*,*,#5044,.T.);
#6606=ORIENTED_EDGE('',*,*,#5066,.F.);
#6607=ORIENTED_EDGE('',*,*,#5077,.F.);
#6608=ORIENTED_EDGE('',*,*,#5088,.F.);
#6609=ORIENTED_EDGE('',*,*,#5085,.T.);
#6610=ORIENTED_EDGE('',*,*,#4999,.F.);
#6611=ORIENTED_EDGE('',*,*,#4822,.F.);
#6612=ORIENTED_EDGE('',*,*,#5023,.F.);
#6613=ORIENTED_EDGE('',*,*,#5063,.T.);
#6614=ORIENTED_EDGE('',*,*,#5084,.T.);
#6615=ORIENTED_EDGE('',*,*,#5088,.T.);
#6616=ORIENTED_EDGE('',*,*,#5076,.F.);
#6617=ORIENTED_EDGE('',*,*,#5089,.F.);
#6618=ORIENTED_EDGE('',*,*,#5090,.T.);
#6619=ORIENTED_EDGE('',*,*,#5091,.F.);
#6620=ORIENTED_EDGE('',*,*,#5092,.T.);
#6621=ORIENTED_EDGE('',*,*,#5093,.F.);
#6622=ORIENTED_EDGE('',*,*,#5094,.F.);
#6623=ORIENTED_EDGE('',*,*,#5095,.T.);
#6624=ORIENTED_EDGE('',*,*,#5096,.F.);
#6625=ORIENTED_EDGE('',*,*,#5097,.T.);
#6626=ORIENTED_EDGE('',*,*,#5098,.F.);
#6627=ORIENTED_EDGE('',*,*,#5099,.T.);
#6628=ORIENTED_EDGE('',*,*,#5052,.F.);
#6629=ORIENTED_EDGE('',*,*,#5100,.T.);
#6630=ORIENTED_EDGE('',*,*,#5101,.F.);
#6631=ORIENTED_EDGE('',*,*,#5102,.F.);
#6632=ORIENTED_EDGE('',*,*,#5103,.F.);
#6633=ORIENTED_EDGE('',*,*,#5104,.F.);
#6634=ORIENTED_EDGE('',*,*,#5105,.F.);
#6635=ORIENTED_EDGE('',*,*,#5106,.F.);
#6636=ORIENTED_EDGE('',*,*,#5107,.F.);
#6637=ORIENTED_EDGE('',*,*,#5108,.F.);
#6638=ORIENTED_EDGE('',*,*,#5109,.F.);
#6639=ORIENTED_EDGE('',*,*,#5110,.F.);
#6640=ORIENTED_EDGE('',*,*,#5111,.F.);
#6641=ORIENTED_EDGE('',*,*,#5112,.F.);
#6642=ORIENTED_EDGE('',*,*,#5113,.F.);
#6643=ORIENTED_EDGE('',*,*,#5114,.F.);
#6644=ORIENTED_EDGE('',*,*,#5115,.F.);
#6645=ORIENTED_EDGE('',*,*,#5116,.F.);
#6646=ORIENTED_EDGE('',*,*,#5117,.F.);
#6647=ORIENTED_EDGE('',*,*,#5118,.F.);
#6648=ORIENTED_EDGE('',*,*,#5119,.F.);
#6649=ORIENTED_EDGE('',*,*,#5120,.F.);
#6650=ORIENTED_EDGE('',*,*,#5121,.F.);
#6651=ORIENTED_EDGE('',*,*,#5122,.F.);
#6652=ORIENTED_EDGE('',*,*,#5123,.F.);
#6653=ORIENTED_EDGE('',*,*,#5124,.F.);
#6654=ORIENTED_EDGE('',*,*,#5125,.F.);
#6655=ORIENTED_EDGE('',*,*,#5126,.F.);
#6656=ORIENTED_EDGE('',*,*,#5127,.F.);
#6657=ORIENTED_EDGE('',*,*,#5128,.F.);
#6658=ORIENTED_EDGE('',*,*,#5129,.F.);
#6659=ORIENTED_EDGE('',*,*,#5130,.F.);
#6660=ORIENTED_EDGE('',*,*,#5131,.F.);
#6661=ORIENTED_EDGE('',*,*,#5132,.F.);
#6662=ORIENTED_EDGE('',*,*,#5133,.F.);
#6663=ORIENTED_EDGE('',*,*,#5134,.F.);
#6664=ORIENTED_EDGE('',*,*,#5135,.F.);
#6665=ORIENTED_EDGE('',*,*,#5136,.F.);
#6666=ORIENTED_EDGE('',*,*,#5137,.F.);
#6667=ORIENTED_EDGE('',*,*,#5138,.F.);
#6668=ORIENTED_EDGE('',*,*,#5139,.F.);
#6669=ORIENTED_EDGE('',*,*,#5140,.F.);
#6670=ORIENTED_EDGE('',*,*,#5141,.F.);
#6671=ORIENTED_EDGE('',*,*,#5142,.F.);
#6672=ORIENTED_EDGE('',*,*,#5143,.F.);
#6673=ORIENTED_EDGE('',*,*,#5144,.F.);
#6674=ORIENTED_EDGE('',*,*,#5145,.F.);
#6675=ORIENTED_EDGE('',*,*,#5146,.F.);
#6676=ORIENTED_EDGE('',*,*,#5147,.F.);
#6677=ORIENTED_EDGE('',*,*,#5148,.F.);
#6678=ORIENTED_EDGE('',*,*,#5149,.F.);
#6679=ORIENTED_EDGE('',*,*,#5150,.F.);
#6680=ORIENTED_EDGE('',*,*,#5151,.F.);
#6681=ORIENTED_EDGE('',*,*,#5152,.F.);
#6682=ORIENTED_EDGE('',*,*,#5153,.F.);
#6683=ORIENTED_EDGE('',*,*,#5154,.F.);
#6684=ORIENTED_EDGE('',*,*,#5155,.F.);
#6685=ORIENTED_EDGE('',*,*,#5156,.F.);
#6686=ORIENTED_EDGE('',*,*,#5157,.F.);
#6687=ORIENTED_EDGE('',*,*,#5158,.F.);
#6688=ORIENTED_EDGE('',*,*,#5159,.F.);
#6689=ORIENTED_EDGE('',*,*,#5160,.F.);
#6690=ORIENTED_EDGE('',*,*,#5161,.F.);
#6691=ORIENTED_EDGE('',*,*,#5162,.F.);
#6692=ORIENTED_EDGE('',*,*,#5163,.F.);
#6693=ORIENTED_EDGE('',*,*,#5164,.F.);
#6694=ORIENTED_EDGE('',*,*,#5165,.F.);
#6695=ORIENTED_EDGE('',*,*,#5166,.F.);
#6696=ORIENTED_EDGE('',*,*,#5167,.F.);
#6697=ORIENTED_EDGE('',*,*,#5168,.F.);
#6698=ORIENTED_EDGE('',*,*,#5169,.F.);
#6699=ORIENTED_EDGE('',*,*,#5170,.F.);
#6700=ORIENTED_EDGE('',*,*,#5171,.F.);
#6701=ORIENTED_EDGE('',*,*,#5172,.F.);
#6702=ORIENTED_EDGE('',*,*,#5173,.F.);
#6703=ORIENTED_EDGE('',*,*,#5174,.F.);
#6704=ORIENTED_EDGE('',*,*,#5175,.F.);
#6705=ORIENTED_EDGE('',*,*,#5176,.F.);
#6706=ORIENTED_EDGE('',*,*,#5177,.F.);
#6707=ORIENTED_EDGE('',*,*,#5178,.F.);
#6708=ORIENTED_EDGE('',*,*,#5179,.F.);
#6709=ORIENTED_EDGE('',*,*,#5180,.F.);
#6710=ORIENTED_EDGE('',*,*,#5181,.F.);
#6711=ORIENTED_EDGE('',*,*,#5182,.T.);
#6712=ORIENTED_EDGE('',*,*,#5183,.T.);
#6713=ORIENTED_EDGE('',*,*,#5184,.T.);
#6714=ORIENTED_EDGE('',*,*,#5185,.T.);
#6715=ORIENTED_EDGE('',*,*,#5186,.T.);
#6716=ORIENTED_EDGE('',*,*,#5187,.T.);
#6717=ORIENTED_EDGE('',*,*,#5188,.T.);
#6718=ORIENTED_EDGE('',*,*,#5189,.T.);
#6719=ORIENTED_EDGE('',*,*,#5190,.T.);
#6720=ORIENTED_EDGE('',*,*,#5191,.T.);
#6721=ORIENTED_EDGE('',*,*,#5192,.T.);
#6722=ORIENTED_EDGE('',*,*,#5193,.T.);
#6723=ORIENTED_EDGE('',*,*,#5194,.T.);
#6724=ORIENTED_EDGE('',*,*,#5195,.T.);
#6725=ORIENTED_EDGE('',*,*,#5196,.T.);
#6726=ORIENTED_EDGE('',*,*,#5197,.T.);
#6727=ORIENTED_EDGE('',*,*,#5198,.T.);
#6728=ORIENTED_EDGE('',*,*,#5199,.T.);
#6729=ORIENTED_EDGE('',*,*,#5200,.T.);
#6730=ORIENTED_EDGE('',*,*,#5201,.T.);
#6731=ORIENTED_EDGE('',*,*,#5202,.T.);
#6732=ORIENTED_EDGE('',*,*,#5203,.T.);
#6733=ORIENTED_EDGE('',*,*,#5204,.T.);
#6734=ORIENTED_EDGE('',*,*,#5205,.T.);
#6735=ORIENTED_EDGE('',*,*,#5206,.T.);
#6736=ORIENTED_EDGE('',*,*,#5207,.T.);
#6737=ORIENTED_EDGE('',*,*,#5208,.T.);
#6738=ORIENTED_EDGE('',*,*,#5209,.T.);
#6739=ORIENTED_EDGE('',*,*,#5210,.T.);
#6740=ORIENTED_EDGE('',*,*,#5211,.T.);
#6741=ORIENTED_EDGE('',*,*,#5212,.T.);
#6742=ORIENTED_EDGE('',*,*,#5213,.T.);
#6743=ORIENTED_EDGE('',*,*,#5214,.T.);
#6744=ORIENTED_EDGE('',*,*,#5215,.T.);
#6745=ORIENTED_EDGE('',*,*,#5216,.T.);
#6746=ORIENTED_EDGE('',*,*,#5217,.T.);
#6747=ORIENTED_EDGE('',*,*,#5218,.T.);
#6748=ORIENTED_EDGE('',*,*,#5219,.T.);
#6749=ORIENTED_EDGE('',*,*,#5220,.T.);
#6750=ORIENTED_EDGE('',*,*,#5221,.T.);
#6751=ORIENTED_EDGE('',*,*,#5222,.T.);
#6752=ORIENTED_EDGE('',*,*,#5223,.T.);
#6753=ORIENTED_EDGE('',*,*,#5224,.T.);
#6754=ORIENTED_EDGE('',*,*,#5225,.T.);
#6755=ORIENTED_EDGE('',*,*,#5226,.T.);
#6756=ORIENTED_EDGE('',*,*,#5227,.T.);
#6757=ORIENTED_EDGE('',*,*,#5228,.T.);
#6758=ORIENTED_EDGE('',*,*,#5229,.T.);
#6759=ORIENTED_EDGE('',*,*,#5230,.T.);
#6760=ORIENTED_EDGE('',*,*,#5231,.T.);
#6761=ORIENTED_EDGE('',*,*,#5232,.T.);
#6762=ORIENTED_EDGE('',*,*,#5233,.T.);
#6763=ORIENTED_EDGE('',*,*,#5234,.T.);
#6764=ORIENTED_EDGE('',*,*,#5235,.T.);
#6765=ORIENTED_EDGE('',*,*,#5236,.T.);
#6766=ORIENTED_EDGE('',*,*,#5237,.T.);
#6767=ORIENTED_EDGE('',*,*,#5238,.T.);
#6768=ORIENTED_EDGE('',*,*,#5239,.T.);
#6769=ORIENTED_EDGE('',*,*,#5240,.T.);
#6770=ORIENTED_EDGE('',*,*,#5241,.T.);
#6771=ORIENTED_EDGE('',*,*,#5242,.T.);
#6772=ORIENTED_EDGE('',*,*,#5243,.T.);
#6773=ORIENTED_EDGE('',*,*,#5244,.T.);
#6774=ORIENTED_EDGE('',*,*,#5245,.T.);
#6775=ORIENTED_EDGE('',*,*,#5246,.T.);
#6776=ORIENTED_EDGE('',*,*,#5247,.T.);
#6777=ORIENTED_EDGE('',*,*,#5248,.T.);
#6778=ORIENTED_EDGE('',*,*,#5249,.T.);
#6779=ORIENTED_EDGE('',*,*,#5250,.T.);
#6780=ORIENTED_EDGE('',*,*,#5251,.T.);
#6781=ORIENTED_EDGE('',*,*,#5252,.T.);
#6782=ORIENTED_EDGE('',*,*,#5253,.T.);
#6783=ORIENTED_EDGE('',*,*,#5254,.T.);
#6784=ORIENTED_EDGE('',*,*,#5255,.T.);
#6785=ORIENTED_EDGE('',*,*,#5256,.T.);
#6786=ORIENTED_EDGE('',*,*,#5257,.T.);
#6787=ORIENTED_EDGE('',*,*,#5258,.T.);
#6788=ORIENTED_EDGE('',*,*,#5259,.T.);
#6789=ORIENTED_EDGE('',*,*,#5260,.T.);
#6790=ORIENTED_EDGE('',*,*,#5261,.T.);
#6791=ORIENTED_EDGE('',*,*,#5262,.T.);
#6792=ORIENTED_EDGE('',*,*,#5263,.T.);
#6793=ORIENTED_EDGE('',*,*,#5264,.F.);
#6794=ORIENTED_EDGE('',*,*,#5265,.F.);
#6795=ORIENTED_EDGE('',*,*,#5266,.F.);
#6796=ORIENTED_EDGE('',*,*,#5027,.F.);
#6797=ORIENTED_EDGE('',*,*,#5267,.F.);
#6798=ORIENTED_EDGE('',*,*,#5268,.F.);
#6799=ORIENTED_EDGE('',*,*,#5269,.F.);
#6800=ORIENTED_EDGE('',*,*,#5270,.F.);
#6801=ORIENTED_EDGE('',*,*,#5269,.T.);
#6802=ORIENTED_EDGE('',*,*,#5271,.F.);
#6803=ORIENTED_EDGE('',*,*,#5272,.F.);
#6804=ORIENTED_EDGE('',*,*,#5273,.F.);
#6805=ORIENTED_EDGE('',*,*,#5274,.F.);
#6806=ORIENTED_EDGE('',*,*,#5275,.F.);
#6807=ORIENTED_EDGE('',*,*,#5272,.T.);
#6808=ORIENTED_EDGE('',*,*,#5276,.F.);
#6809=ORIENTED_EDGE('',*,*,#5274,.T.);
#6810=ORIENTED_EDGE('',*,*,#5277,.F.);
#6811=ORIENTED_EDGE('',*,*,#5278,.F.);
#6812=ORIENTED_EDGE('',*,*,#5279,.F.);
#6813=ORIENTED_EDGE('',*,*,#5280,.F.);
#6814=ORIENTED_EDGE('',*,*,#5265,.T.);
#6815=ORIENTED_EDGE('',*,*,#5281,.F.);
#6816=ORIENTED_EDGE('',*,*,#5278,.T.);
#6817=ORIENTED_EDGE('',*,*,#5264,.T.);
#6818=ORIENTED_EDGE('',*,*,#5026,.T.);
#6819=ORIENTED_EDGE('',*,*,#5282,.T.);
#6820=ORIENTED_EDGE('',*,*,#5283,.F.);
#6821=ORIENTED_EDGE('',*,*,#5281,.T.);
#6822=ORIENTED_EDGE('',*,*,#5283,.T.);
#6823=ORIENTED_EDGE('',*,*,#5284,.T.);
#6824=ORIENTED_EDGE('',*,*,#5285,.F.);
#6825=ORIENTED_EDGE('',*,*,#5286,.T.);
#6826=ORIENTED_EDGE('',*,*,#5279,.T.);
#6827=ORIENTED_EDGE('',*,*,#5286,.F.);
#6828=ORIENTED_EDGE('',*,*,#5287,.T.);
#6829=ORIENTED_EDGE('',*,*,#5288,.F.);
#6830=ORIENTED_EDGE('',*,*,#5275,.T.);
#6831=ORIENTED_EDGE('',*,*,#5288,.T.);
#6832=ORIENTED_EDGE('',*,*,#5289,.F.);
#6833=ORIENTED_EDGE('',*,*,#5290,.T.);
#6834=ORIENTED_EDGE('',*,*,#5273,.T.);
#6835=ORIENTED_EDGE('',*,*,#5290,.F.);
#6836=ORIENTED_EDGE('',*,*,#5291,.T.);
#6837=ORIENTED_EDGE('',*,*,#5292,.F.);
#6838=ORIENTED_EDGE('',*,*,#5270,.T.);
#6839=ORIENTED_EDGE('',*,*,#5292,.T.);
#6840=ORIENTED_EDGE('',*,*,#5293,.F.);
#6841=ORIENTED_EDGE('',*,*,#5294,.T.);
#6842=ORIENTED_EDGE('',*,*,#5295,.T.);
#6843=ORIENTED_EDGE('',*,*,#5267,.T.);
#6844=ORIENTED_EDGE('',*,*,#5296,.F.);
#6845=ORIENTED_EDGE('',*,*,#5297,.T.);
#6846=ORIENTED_EDGE('',*,*,#5298,.F.);
#6847=ORIENTED_EDGE('',*,*,#5299,.F.);
#6848=ORIENTED_EDGE('',*,*,#5300,.F.);
#6849=ORIENTED_EDGE('',*,*,#5301,.F.);
#6850=ORIENTED_EDGE('',*,*,#5302,.T.);
#6851=ORIENTED_EDGE('',*,*,#5299,.T.);
#6852=ORIENTED_EDGE('',*,*,#5303,.T.);
#6853=ORIENTED_EDGE('',*,*,#5181,.T.);
#6854=ORIENTED_EDGE('',*,*,#5304,.F.);
#6855=ORIENTED_EDGE('',*,*,#5300,.T.);
#6856=ORIENTED_EDGE('',*,*,#5304,.T.);
#6857=ORIENTED_EDGE('',*,*,#5180,.T.);
#6858=ORIENTED_EDGE('',*,*,#5305,.F.);
#6859=ORIENTED_EDGE('',*,*,#5306,.F.);
#6860=ORIENTED_EDGE('',*,*,#5307,.F.);
#6861=ORIENTED_EDGE('',*,*,#5308,.F.);
#6862=ORIENTED_EDGE('',*,*,#5309,.T.);
#6863=ORIENTED_EDGE('',*,*,#5306,.T.);
#6864=ORIENTED_EDGE('',*,*,#5310,.T.);
#6865=ORIENTED_EDGE('',*,*,#5177,.T.);
#6866=ORIENTED_EDGE('',*,*,#5311,.F.);
#6867=ORIENTED_EDGE('',*,*,#5307,.T.);
#6868=ORIENTED_EDGE('',*,*,#5311,.T.);
#6869=ORIENTED_EDGE('',*,*,#5176,.T.);
#6870=ORIENTED_EDGE('',*,*,#5312,.F.);
#6871=ORIENTED_EDGE('',*,*,#5313,.F.);
#6872=ORIENTED_EDGE('',*,*,#5314,.F.);
#6873=ORIENTED_EDGE('',*,*,#5315,.F.);
#6874=ORIENTED_EDGE('',*,*,#5316,.T.);
#6875=ORIENTED_EDGE('',*,*,#5313,.T.);
#6876=ORIENTED_EDGE('',*,*,#5317,.T.);
#6877=ORIENTED_EDGE('',*,*,#5173,.T.);
#6878=ORIENTED_EDGE('',*,*,#5318,.F.);
#6879=ORIENTED_EDGE('',*,*,#5314,.T.);
#6880=ORIENTED_EDGE('',*,*,#5318,.T.);
#6881=ORIENTED_EDGE('',*,*,#5172,.T.);
#6882=ORIENTED_EDGE('',*,*,#5319,.F.);
#6883=ORIENTED_EDGE('',*,*,#5320,.F.);
#6884=ORIENTED_EDGE('',*,*,#5321,.F.);
#6885=ORIENTED_EDGE('',*,*,#5322,.F.);
#6886=ORIENTED_EDGE('',*,*,#5323,.T.);
#6887=ORIENTED_EDGE('',*,*,#5320,.T.);
#6888=ORIENTED_EDGE('',*,*,#5324,.T.);
#6889=ORIENTED_EDGE('',*,*,#5169,.T.);
#6890=ORIENTED_EDGE('',*,*,#5325,.F.);
#6891=ORIENTED_EDGE('',*,*,#5321,.T.);
#6892=ORIENTED_EDGE('',*,*,#5325,.T.);
#6893=ORIENTED_EDGE('',*,*,#5168,.T.);
#6894=ORIENTED_EDGE('',*,*,#5326,.F.);
#6895=ORIENTED_EDGE('',*,*,#5327,.F.);
#6896=ORIENTED_EDGE('',*,*,#5328,.F.);
#6897=ORIENTED_EDGE('',*,*,#5329,.F.);
#6898=ORIENTED_EDGE('',*,*,#5330,.T.);
#6899=ORIENTED_EDGE('',*,*,#5327,.T.);
#6900=ORIENTED_EDGE('',*,*,#5331,.T.);
#6901=ORIENTED_EDGE('',*,*,#5165,.T.);
#6902=ORIENTED_EDGE('',*,*,#5332,.F.);
#6903=ORIENTED_EDGE('',*,*,#5328,.T.);
#6904=ORIENTED_EDGE('',*,*,#5332,.T.);
#6905=ORIENTED_EDGE('',*,*,#5164,.T.);
#6906=ORIENTED_EDGE('',*,*,#5333,.F.);
#6907=ORIENTED_EDGE('',*,*,#5334,.F.);
#6908=ORIENTED_EDGE('',*,*,#5335,.F.);
#6909=ORIENTED_EDGE('',*,*,#5336,.F.);
#6910=ORIENTED_EDGE('',*,*,#5337,.T.);
#6911=ORIENTED_EDGE('',*,*,#5334,.T.);
#6912=ORIENTED_EDGE('',*,*,#5338,.T.);
#6913=ORIENTED_EDGE('',*,*,#5161,.T.);
#6914=ORIENTED_EDGE('',*,*,#5339,.F.);
#6915=ORIENTED_EDGE('',*,*,#5335,.T.);
#6916=ORIENTED_EDGE('',*,*,#5339,.T.);
#6917=ORIENTED_EDGE('',*,*,#5160,.T.);
#6918=ORIENTED_EDGE('',*,*,#5340,.F.);
#6919=ORIENTED_EDGE('',*,*,#5341,.F.);
#6920=ORIENTED_EDGE('',*,*,#5342,.F.);
#6921=ORIENTED_EDGE('',*,*,#5343,.F.);
#6922=ORIENTED_EDGE('',*,*,#5344,.T.);
#6923=ORIENTED_EDGE('',*,*,#5341,.T.);
#6924=ORIENTED_EDGE('',*,*,#5345,.T.);
#6925=ORIENTED_EDGE('',*,*,#5157,.T.);
#6926=ORIENTED_EDGE('',*,*,#5346,.F.);
#6927=ORIENTED_EDGE('',*,*,#5342,.T.);
#6928=ORIENTED_EDGE('',*,*,#5346,.T.);
#6929=ORIENTED_EDGE('',*,*,#5156,.T.);
#6930=ORIENTED_EDGE('',*,*,#5347,.F.);
#6931=ORIENTED_EDGE('',*,*,#5348,.F.);
#6932=ORIENTED_EDGE('',*,*,#5349,.F.);
#6933=ORIENTED_EDGE('',*,*,#5350,.F.);
#6934=ORIENTED_EDGE('',*,*,#5351,.T.);
#6935=ORIENTED_EDGE('',*,*,#5348,.T.);
#6936=ORIENTED_EDGE('',*,*,#5352,.T.);
#6937=ORIENTED_EDGE('',*,*,#5153,.T.);
#6938=ORIENTED_EDGE('',*,*,#5353,.F.);
#6939=ORIENTED_EDGE('',*,*,#5349,.T.);
#6940=ORIENTED_EDGE('',*,*,#5353,.T.);
#6941=ORIENTED_EDGE('',*,*,#5152,.T.);
#6942=ORIENTED_EDGE('',*,*,#5354,.F.);
#6943=ORIENTED_EDGE('',*,*,#5355,.F.);
#6944=ORIENTED_EDGE('',*,*,#5356,.T.);
#6945=ORIENTED_EDGE('',*,*,#5357,.F.);
#6946=ORIENTED_EDGE('',*,*,#5358,.F.);
#6947=ORIENTED_EDGE('',*,*,#5358,.T.);
#6948=ORIENTED_EDGE('',*,*,#5359,.T.);
#6949=ORIENTED_EDGE('',*,*,#5102,.T.);
#6950=ORIENTED_EDGE('',*,*,#5360,.F.);
#6951=ORIENTED_EDGE('',*,*,#5355,.T.);
#6952=ORIENTED_EDGE('',*,*,#5360,.T.);
#6953=ORIENTED_EDGE('',*,*,#5101,.T.);
#6954=ORIENTED_EDGE('',*,*,#5361,.T.);
#6955=ORIENTED_EDGE('',*,*,#5362,.F.);
#6956=ORIENTED_EDGE('',*,*,#5363,.T.);
#6957=ORIENTED_EDGE('',*,*,#5364,.F.);
#6958=ORIENTED_EDGE('',*,*,#5365,.F.);
#6959=ORIENTED_EDGE('',*,*,#5365,.T.);
#6960=ORIENTED_EDGE('',*,*,#5366,.T.);
#6961=ORIENTED_EDGE('',*,*,#5106,.T.);
#6962=ORIENTED_EDGE('',*,*,#5367,.F.);
#6963=ORIENTED_EDGE('',*,*,#5362,.T.);
#6964=ORIENTED_EDGE('',*,*,#5367,.T.);
#6965=ORIENTED_EDGE('',*,*,#5105,.T.);
#6966=ORIENTED_EDGE('',*,*,#5368,.T.);
#6967=ORIENTED_EDGE('',*,*,#5369,.F.);
#6968=ORIENTED_EDGE('',*,*,#5370,.T.);
#6969=ORIENTED_EDGE('',*,*,#5371,.F.);
#6970=ORIENTED_EDGE('',*,*,#5372,.F.);
#6971=ORIENTED_EDGE('',*,*,#5372,.T.);
#6972=ORIENTED_EDGE('',*,*,#5373,.T.);
#6973=ORIENTED_EDGE('',*,*,#5110,.T.);
#6974=ORIENTED_EDGE('',*,*,#5374,.F.);
#6975=ORIENTED_EDGE('',*,*,#5369,.T.);
#6976=ORIENTED_EDGE('',*,*,#5374,.T.);
#6977=ORIENTED_EDGE('',*,*,#5109,.T.);
#6978=ORIENTED_EDGE('',*,*,#5375,.T.);
#6979=ORIENTED_EDGE('',*,*,#5376,.F.);
#6980=ORIENTED_EDGE('',*,*,#5377,.T.);
#6981=ORIENTED_EDGE('',*,*,#5378,.F.);
#6982=ORIENTED_EDGE('',*,*,#5379,.F.);
#6983=ORIENTED_EDGE('',*,*,#5379,.T.);
#6984=ORIENTED_EDGE('',*,*,#5380,.T.);
#6985=ORIENTED_EDGE('',*,*,#5114,.T.);
#6986=ORIENTED_EDGE('',*,*,#5381,.F.);
#6987=ORIENTED_EDGE('',*,*,#5376,.T.);
#6988=ORIENTED_EDGE('',*,*,#5381,.T.);
#6989=ORIENTED_EDGE('',*,*,#5113,.T.);
#6990=ORIENTED_EDGE('',*,*,#5382,.T.);
#6991=ORIENTED_EDGE('',*,*,#5383,.F.);
#6992=ORIENTED_EDGE('',*,*,#5384,.T.);
#6993=ORIENTED_EDGE('',*,*,#5385,.F.);
#6994=ORIENTED_EDGE('',*,*,#5386,.F.);
#6995=ORIENTED_EDGE('',*,*,#5386,.T.);
#6996=ORIENTED_EDGE('',*,*,#5387,.T.);
#6997=ORIENTED_EDGE('',*,*,#5118,.T.);
#6998=ORIENTED_EDGE('',*,*,#5388,.F.);
#6999=ORIENTED_EDGE('',*,*,#5383,.T.);
#7000=ORIENTED_EDGE('',*,*,#5388,.T.);
#7001=ORIENTED_EDGE('',*,*,#5117,.T.);
#7002=ORIENTED_EDGE('',*,*,#5389,.T.);
#7003=ORIENTED_EDGE('',*,*,#5390,.F.);
#7004=ORIENTED_EDGE('',*,*,#5391,.T.);
#7005=ORIENTED_EDGE('',*,*,#5392,.F.);
#7006=ORIENTED_EDGE('',*,*,#5393,.F.);
#7007=ORIENTED_EDGE('',*,*,#5393,.T.);
#7008=ORIENTED_EDGE('',*,*,#5394,.T.);
#7009=ORIENTED_EDGE('',*,*,#5122,.T.);
#7010=ORIENTED_EDGE('',*,*,#5395,.F.);
#7011=ORIENTED_EDGE('',*,*,#5390,.T.);
#7012=ORIENTED_EDGE('',*,*,#5395,.T.);
#7013=ORIENTED_EDGE('',*,*,#5121,.T.);
#7014=ORIENTED_EDGE('',*,*,#5396,.T.);
#7015=ORIENTED_EDGE('',*,*,#5397,.F.);
#7016=ORIENTED_EDGE('',*,*,#5398,.T.);
#7017=ORIENTED_EDGE('',*,*,#5399,.F.);
#7018=ORIENTED_EDGE('',*,*,#5400,.F.);
#7019=ORIENTED_EDGE('',*,*,#5400,.T.);
#7020=ORIENTED_EDGE('',*,*,#5401,.T.);
#7021=ORIENTED_EDGE('',*,*,#5126,.T.);
#7022=ORIENTED_EDGE('',*,*,#5402,.F.);
#7023=ORIENTED_EDGE('',*,*,#5397,.T.);
#7024=ORIENTED_EDGE('',*,*,#5402,.T.);
#7025=ORIENTED_EDGE('',*,*,#5125,.T.);
#7026=ORIENTED_EDGE('',*,*,#5403,.T.);
#7027=ORIENTED_EDGE('',*,*,#5404,.F.);
#7028=ORIENTED_EDGE('',*,*,#5405,.T.);
#7029=ORIENTED_EDGE('',*,*,#5406,.F.);
#7030=ORIENTED_EDGE('',*,*,#5407,.F.);
#7031=ORIENTED_EDGE('',*,*,#5407,.T.);
#7032=ORIENTED_EDGE('',*,*,#5408,.T.);
#7033=ORIENTED_EDGE('',*,*,#5130,.T.);
#7034=ORIENTED_EDGE('',*,*,#5409,.F.);
#7035=ORIENTED_EDGE('',*,*,#5404,.T.);
#7036=ORIENTED_EDGE('',*,*,#5409,.T.);
#7037=ORIENTED_EDGE('',*,*,#5129,.T.);
#7038=ORIENTED_EDGE('',*,*,#5410,.T.);
#7039=ORIENTED_EDGE('',*,*,#5411,.F.);
#7040=ORIENTED_EDGE('',*,*,#5412,.T.);
#7041=ORIENTED_EDGE('',*,*,#5413,.F.);
#7042=ORIENTED_EDGE('',*,*,#5414,.F.);
#7043=ORIENTED_EDGE('',*,*,#5414,.T.);
#7044=ORIENTED_EDGE('',*,*,#5415,.T.);
#7045=ORIENTED_EDGE('',*,*,#5134,.T.);
#7046=ORIENTED_EDGE('',*,*,#5416,.F.);
#7047=ORIENTED_EDGE('',*,*,#5411,.T.);
#7048=ORIENTED_EDGE('',*,*,#5416,.T.);
#7049=ORIENTED_EDGE('',*,*,#5133,.T.);
#7050=ORIENTED_EDGE('',*,*,#5417,.T.);
#7051=ORIENTED_EDGE('',*,*,#5418,.F.);
#7052=ORIENTED_EDGE('',*,*,#5419,.F.);
#7053=ORIENTED_EDGE('',*,*,#5420,.F.);
#7054=ORIENTED_EDGE('',*,*,#5421,.T.);
#7055=ORIENTED_EDGE('',*,*,#5418,.T.);
#7056=ORIENTED_EDGE('',*,*,#5422,.T.);
#7057=ORIENTED_EDGE('',*,*,#5149,.T.);
#7058=ORIENTED_EDGE('',*,*,#5423,.F.);
#7059=ORIENTED_EDGE('',*,*,#5419,.T.);
#7060=ORIENTED_EDGE('',*,*,#5423,.T.);
#7061=ORIENTED_EDGE('',*,*,#5148,.T.);
#7062=ORIENTED_EDGE('',*,*,#5424,.F.);
#7063=ORIENTED_EDGE('',*,*,#5425,.F.);
#7064=ORIENTED_EDGE('',*,*,#5426,.F.);
#7065=ORIENTED_EDGE('',*,*,#5427,.F.);
#7066=ORIENTED_EDGE('',*,*,#5428,.T.);
#7067=ORIENTED_EDGE('',*,*,#5425,.T.);
#7068=ORIENTED_EDGE('',*,*,#5429,.T.);
#7069=ORIENTED_EDGE('',*,*,#5145,.T.);
#7070=ORIENTED_EDGE('',*,*,#5430,.F.);
#7071=ORIENTED_EDGE('',*,*,#5426,.T.);
#7072=ORIENTED_EDGE('',*,*,#5430,.T.);
#7073=ORIENTED_EDGE('',*,*,#5144,.T.);
#7074=ORIENTED_EDGE('',*,*,#5431,.F.);
#7075=ORIENTED_EDGE('',*,*,#5432,.F.);
#7076=ORIENTED_EDGE('',*,*,#5433,.T.);
#7077=ORIENTED_EDGE('',*,*,#5434,.F.);
#7078=ORIENTED_EDGE('',*,*,#5435,.F.);
#7079=ORIENTED_EDGE('',*,*,#5435,.T.);
#7080=ORIENTED_EDGE('',*,*,#5436,.T.);
#7081=ORIENTED_EDGE('',*,*,#5138,.T.);
#7082=ORIENTED_EDGE('',*,*,#5437,.F.);
#7083=ORIENTED_EDGE('',*,*,#5432,.T.);
#7084=ORIENTED_EDGE('',*,*,#5437,.T.);
#7085=ORIENTED_EDGE('',*,*,#5137,.T.);
#7086=ORIENTED_EDGE('',*,*,#5438,.T.);
#7087=ORIENTED_EDGE('',*,*,#5350,.T.);
#7088=ORIENTED_EDGE('',*,*,#5354,.T.);
#7089=ORIENTED_EDGE('',*,*,#5151,.T.);
#7090=ORIENTED_EDGE('',*,*,#5439,.T.);
#7091=ORIENTED_EDGE('',*,*,#5322,.T.);
#7092=ORIENTED_EDGE('',*,*,#5326,.T.);
#7093=ORIENTED_EDGE('',*,*,#5167,.T.);
#7094=ORIENTED_EDGE('',*,*,#5440,.T.);
#7095=ORIENTED_EDGE('',*,*,#5406,.T.);
#7096=ORIENTED_EDGE('',*,*,#5441,.T.);
#7097=ORIENTED_EDGE('',*,*,#5131,.T.);
#7098=ORIENTED_EDGE('',*,*,#5408,.F.);
#7099=ORIENTED_EDGE('',*,*,#5378,.T.);
#7100=ORIENTED_EDGE('',*,*,#5442,.T.);
#7101=ORIENTED_EDGE('',*,*,#5115,.T.);
#7102=ORIENTED_EDGE('',*,*,#5380,.F.);
#7103=ORIENTED_EDGE('',*,*,#5420,.T.);
#7104=ORIENTED_EDGE('',*,*,#5424,.T.);
#7105=ORIENTED_EDGE('',*,*,#5147,.T.);
#7106=ORIENTED_EDGE('',*,*,#5443,.T.);
#7107=ORIENTED_EDGE('',*,*,#5434,.T.);
#7108=ORIENTED_EDGE('',*,*,#5444,.T.);
#7109=ORIENTED_EDGE('',*,*,#5139,.T.);
#7110=ORIENTED_EDGE('',*,*,#5436,.F.);
#7111=ORIENTED_EDGE('',*,*,#5357,.T.);
#7112=ORIENTED_EDGE('',*,*,#5445,.T.);
#7113=ORIENTED_EDGE('',*,*,#5103,.T.);
#7114=ORIENTED_EDGE('',*,*,#5359,.F.);
#7115=ORIENTED_EDGE('',*,*,#5385,.T.);
#7116=ORIENTED_EDGE('',*,*,#5446,.T.);
#7117=ORIENTED_EDGE('',*,*,#5119,.T.);
#7118=ORIENTED_EDGE('',*,*,#5387,.F.);
#7119=ORIENTED_EDGE('',*,*,#5301,.T.);
#7120=ORIENTED_EDGE('',*,*,#5305,.T.);
#7121=ORIENTED_EDGE('',*,*,#5179,.T.);
#7122=ORIENTED_EDGE('',*,*,#5447,.T.);
#7123=ORIENTED_EDGE('',*,*,#5329,.T.);
#7124=ORIENTED_EDGE('',*,*,#5333,.T.);
#7125=ORIENTED_EDGE('',*,*,#5163,.T.);
#7126=ORIENTED_EDGE('',*,*,#5448,.T.);
#7127=ORIENTED_EDGE('',*,*,#5343,.T.);
#7128=ORIENTED_EDGE('',*,*,#5347,.T.);
#7129=ORIENTED_EDGE('',*,*,#5155,.T.);
#7130=ORIENTED_EDGE('',*,*,#5449,.T.);
#7131=ORIENTED_EDGE('',*,*,#5315,.T.);
#7132=ORIENTED_EDGE('',*,*,#5319,.T.);
#7133=ORIENTED_EDGE('',*,*,#5171,.T.);
#7134=ORIENTED_EDGE('',*,*,#5450,.T.);
#7135=ORIENTED_EDGE('',*,*,#5399,.T.);
#7136=ORIENTED_EDGE('',*,*,#5451,.T.);
#7137=ORIENTED_EDGE('',*,*,#5127,.T.);
#7138=ORIENTED_EDGE('',*,*,#5401,.F.);
#7139=ORIENTED_EDGE('',*,*,#5371,.T.);
#7140=ORIENTED_EDGE('',*,*,#5452,.T.);
#7141=ORIENTED_EDGE('',*,*,#5111,.T.);
#7142=ORIENTED_EDGE('',*,*,#5373,.F.);
#7143=ORIENTED_EDGE('',*,*,#5427,.T.);
#7144=ORIENTED_EDGE('',*,*,#5431,.T.);
#7145=ORIENTED_EDGE('',*,*,#5143,.T.);
#7146=ORIENTED_EDGE('',*,*,#5453,.T.);
#7147=ORIENTED_EDGE('',*,*,#5413,.T.);
#7148=ORIENTED_EDGE('',*,*,#5454,.T.);
#7149=ORIENTED_EDGE('',*,*,#5135,.T.);
#7150=ORIENTED_EDGE('',*,*,#5415,.F.);
#7151=ORIENTED_EDGE('',*,*,#5364,.T.);
#7152=ORIENTED_EDGE('',*,*,#5455,.T.);
#7153=ORIENTED_EDGE('',*,*,#5107,.T.);
#7154=ORIENTED_EDGE('',*,*,#5366,.F.);
#7155=ORIENTED_EDGE('',*,*,#5392,.T.);
#7156=ORIENTED_EDGE('',*,*,#5456,.T.);
#7157=ORIENTED_EDGE('',*,*,#5123,.T.);
#7158=ORIENTED_EDGE('',*,*,#5394,.F.);
#7159=ORIENTED_EDGE('',*,*,#5308,.T.);
#7160=ORIENTED_EDGE('',*,*,#5312,.T.);
#7161=ORIENTED_EDGE('',*,*,#5175,.T.);
#7162=ORIENTED_EDGE('',*,*,#5457,.T.);
#7163=ORIENTED_EDGE('',*,*,#5336,.T.);
#7164=ORIENTED_EDGE('',*,*,#5340,.T.);
#7165=ORIENTED_EDGE('',*,*,#5159,.T.);
#7166=ORIENTED_EDGE('',*,*,#5458,.T.);
#7167=ORIENTED_EDGE('',*,*,#5459,.T.);
#7168=ORIENTED_EDGE('',*,*,#5460,.T.);
#7169=ORIENTED_EDGE('',*,*,#5141,.T.);
#7170=ORIENTED_EDGE('',*,*,#5461,.F.);
#7171=ORIENTED_EDGE('',*,*,#5462,.T.);
#7172=ORIENTED_EDGE('',*,*,#5463,.F.);
#7173=ORIENTED_EDGE('',*,*,#5464,.F.);
#7174=ORIENTED_EDGE('',*,*,#5465,.F.);
#7175=ORIENTED_EDGE('',*,*,#5466,.F.);
#7176=ORIENTED_EDGE('',*,*,#5467,.F.);
#7177=ORIENTED_EDGE('',*,*,#5468,.F.);
#7178=ORIENTED_EDGE('',*,*,#5465,.T.);
#7179=ORIENTED_EDGE('',*,*,#5469,.F.);
#7180=ORIENTED_EDGE('',*,*,#5470,.F.);
#7181=ORIENTED_EDGE('',*,*,#5471,.F.);
#7182=ORIENTED_EDGE('',*,*,#5470,.T.);
#7183=ORIENTED_EDGE('',*,*,#5472,.F.);
#7184=ORIENTED_EDGE('',*,*,#5473,.F.);
#7185=ORIENTED_EDGE('',*,*,#5474,.F.);
#7186=ORIENTED_EDGE('',*,*,#5473,.T.);
#7187=ORIENTED_EDGE('',*,*,#5475,.F.);
#7188=ORIENTED_EDGE('',*,*,#5476,.F.);
#7189=ORIENTED_EDGE('',*,*,#5477,.F.);
#7190=ORIENTED_EDGE('',*,*,#5476,.T.);
#7191=ORIENTED_EDGE('',*,*,#5478,.F.);
#7192=ORIENTED_EDGE('',*,*,#5479,.F.);
#7193=ORIENTED_EDGE('',*,*,#5480,.F.);
#7194=ORIENTED_EDGE('',*,*,#5479,.T.);
#7195=ORIENTED_EDGE('',*,*,#5481,.F.);
#7196=ORIENTED_EDGE('',*,*,#5482,.F.);
#7197=ORIENTED_EDGE('',*,*,#5464,.T.);
#7198=ORIENTED_EDGE('',*,*,#5483,.T.);
#7199=ORIENTED_EDGE('',*,*,#5484,.T.);
#7200=ORIENTED_EDGE('',*,*,#5485,.F.);
#7201=ORIENTED_EDGE('',*,*,#5469,.T.);
#7202=ORIENTED_EDGE('',*,*,#5485,.T.);
#7203=ORIENTED_EDGE('',*,*,#5486,.T.);
#7204=ORIENTED_EDGE('',*,*,#5487,.F.);
#7205=ORIENTED_EDGE('',*,*,#5472,.T.);
#7206=ORIENTED_EDGE('',*,*,#5487,.T.);
#7207=ORIENTED_EDGE('',*,*,#5488,.T.);
#7208=ORIENTED_EDGE('',*,*,#5489,.F.);
#7209=ORIENTED_EDGE('',*,*,#5475,.T.);
#7210=ORIENTED_EDGE('',*,*,#5489,.T.);
#7211=ORIENTED_EDGE('',*,*,#5490,.T.);
#7212=ORIENTED_EDGE('',*,*,#5491,.F.);
#7213=ORIENTED_EDGE('',*,*,#5478,.T.);
#7214=ORIENTED_EDGE('',*,*,#5491,.T.);
#7215=ORIENTED_EDGE('',*,*,#5492,.T.);
#7216=ORIENTED_EDGE('',*,*,#5493,.F.);
#7217=ORIENTED_EDGE('',*,*,#5481,.T.);
#7218=ORIENTED_EDGE('',*,*,#5493,.T.);
#7219=ORIENTED_EDGE('',*,*,#5494,.T.);
#7220=ORIENTED_EDGE('',*,*,#5495,.F.);
#7221=ORIENTED_EDGE('',*,*,#5496,.F.);
#7222=ORIENTED_EDGE('',*,*,#5497,.F.);
#7223=ORIENTED_EDGE('',*,*,#5498,.F.);
#7224=ORIENTED_EDGE('',*,*,#5499,.F.);
#7225=ORIENTED_EDGE('',*,*,#5496,.T.);
#7226=ORIENTED_EDGE('',*,*,#5500,.T.);
#7227=ORIENTED_EDGE('',*,*,#5501,.F.);
#7228=ORIENTED_EDGE('',*,*,#5502,.T.);
#7229=ORIENTED_EDGE('',*,*,#5503,.F.);
#7230=ORIENTED_EDGE('',*,*,#5504,.T.);
#7231=ORIENTED_EDGE('',*,*,#5505,.T.);
#7232=ORIENTED_EDGE('',*,*,#5506,.T.);
#7233=ORIENTED_EDGE('',*,*,#5507,.T.);
#7234=ORIENTED_EDGE('',*,*,#5508,.T.);
#7235=ORIENTED_EDGE('',*,*,#5507,.F.);
#7236=ORIENTED_EDGE('',*,*,#5509,.F.);
#7237=ORIENTED_EDGE('',*,*,#5510,.F.);
#7238=ORIENTED_EDGE('',*,*,#5511,.F.);
#7239=ORIENTED_EDGE('',*,*,#5509,.T.);
#7240=ORIENTED_EDGE('',*,*,#5506,.F.);
#7241=ORIENTED_EDGE('',*,*,#5512,.T.);
#7242=ORIENTED_EDGE('',*,*,#5513,.F.);
#7243=ORIENTED_EDGE('',*,*,#5514,.F.);
#7244=ORIENTED_EDGE('',*,*,#5512,.F.);
#7245=ORIENTED_EDGE('',*,*,#5505,.F.);
#7246=ORIENTED_EDGE('',*,*,#5515,.F.);
#7247=ORIENTED_EDGE('',*,*,#5497,.T.);
#7248=ORIENTED_EDGE('',*,*,#5508,.F.);
#7249=ORIENTED_EDGE('',*,*,#5511,.T.);
#7250=ORIENTED_EDGE('',*,*,#5516,.F.);
#7251=ORIENTED_EDGE('',*,*,#5515,.T.);
#7252=ORIENTED_EDGE('',*,*,#5504,.F.);
#7253=ORIENTED_EDGE('',*,*,#5517,.F.);
#7254=ORIENTED_EDGE('',*,*,#5518,.F.);
#7255=ORIENTED_EDGE('',*,*,#5519,.F.);
#7256=ORIENTED_EDGE('',*,*,#5520,.F.);
#7257=ORIENTED_EDGE('',*,*,#5521,.F.);
#7258=ORIENTED_EDGE('',*,*,#5502,.F.);
#7259=ORIENTED_EDGE('',*,*,#5522,.F.);
#7260=ORIENTED_EDGE('',*,*,#5523,.F.);
#7261=ORIENTED_EDGE('',*,*,#5522,.T.);
#7262=ORIENTED_EDGE('',*,*,#5501,.T.);
#7263=ORIENTED_EDGE('',*,*,#5524,.T.);
#7264=ORIENTED_EDGE('',*,*,#5483,.F.);
#7265=ORIENTED_EDGE('',*,*,#5467,.T.);
#7266=ORIENTED_EDGE('',*,*,#5525,.T.);
#7267=ORIENTED_EDGE('',*,*,#5521,.T.);
#7268=ORIENTED_EDGE('',*,*,#5526,.F.);
#7269=ORIENTED_EDGE('',*,*,#5517,.T.);
#7270=ORIENTED_EDGE('',*,*,#5503,.T.);
#7271=ORIENTED_EDGE('',*,*,#5527,.T.);
#7272=ORIENTED_EDGE('',*,*,#5528,.F.);
#7273=ORIENTED_EDGE('',*,*,#5529,.T.);
#7274=ORIENTED_EDGE('',*,*,#5482,.T.);
#7275=ORIENTED_EDGE('',*,*,#5495,.T.);
#7276=ORIENTED_EDGE('',*,*,#5519,.T.);
#7277=ORIENTED_EDGE('',*,*,#5530,.T.);
#7278=ORIENTED_EDGE('',*,*,#5528,.T.);
#7279=ORIENTED_EDGE('',*,*,#5531,.T.);
#7280=ORIENTED_EDGE('',*,*,#5532,.F.);
#7281=ORIENTED_EDGE('',*,*,#5498,.T.);
#7282=ORIENTED_EDGE('',*,*,#5516,.T.);
#7283=ORIENTED_EDGE('',*,*,#5510,.T.);
#7284=ORIENTED_EDGE('',*,*,#5513,.T.);
#7285=ORIENTED_EDGE('',*,*,#5514,.T.);
#7286=ORIENTED_EDGE('',*,*,#5518,.T.);
#7287=ORIENTED_EDGE('',*,*,#5526,.T.);
#7288=ORIENTED_EDGE('',*,*,#5520,.T.);
#7289=ORIENTED_EDGE('',*,*,#5532,.T.);
#7290=ORIENTED_EDGE('',*,*,#5533,.T.);
#7291=ORIENTED_EDGE('',*,*,#5534,.F.);
#7292=ORIENTED_EDGE('',*,*,#5535,.F.);
#7293=ORIENTED_EDGE('',*,*,#5536,.F.);
#7294=ORIENTED_EDGE('',*,*,#5537,.F.);
#7295=ORIENTED_EDGE('',*,*,#5538,.F.);
#7296=ORIENTED_EDGE('',*,*,#5539,.F.);
#7297=ORIENTED_EDGE('',*,*,#5540,.F.);
#7298=ORIENTED_EDGE('',*,*,#5535,.T.);
#7299=ORIENTED_EDGE('',*,*,#5541,.F.);
#7300=ORIENTED_EDGE('',*,*,#5539,.T.);
#7301=ORIENTED_EDGE('',*,*,#5542,.F.);
#7302=ORIENTED_EDGE('',*,*,#5543,.F.);
#7303=ORIENTED_EDGE('',*,*,#5534,.T.);
#7304=ORIENTED_EDGE('',*,*,#5544,.T.);
#7305=ORIENTED_EDGE('',*,*,#5545,.F.);
#7306=ORIENTED_EDGE('',*,*,#5546,.F.);
#7307=ORIENTED_EDGE('',*,*,#5538,.T.);
#7308=ORIENTED_EDGE('',*,*,#5546,.T.);
#7309=ORIENTED_EDGE('',*,*,#5547,.F.);
#7310=ORIENTED_EDGE('',*,*,#5548,.F.);
#7311=ORIENTED_EDGE('',*,*,#5542,.T.);
#7312=ORIENTED_EDGE('',*,*,#5548,.T.);
#7313=ORIENTED_EDGE('',*,*,#5549,.F.);
#7314=ORIENTED_EDGE('',*,*,#5550,.F.);
#7315=ORIENTED_EDGE('',*,*,#5551,.F.);
#7316=ORIENTED_EDGE('',*,*,#5552,.F.);
#7317=ORIENTED_EDGE('',*,*,#5553,.F.);
#7318=ORIENTED_EDGE('',*,*,#5554,.F.);
#7319=ORIENTED_EDGE('',*,*,#5554,.T.);
#7320=ORIENTED_EDGE('',*,*,#5555,.F.);
#7321=ORIENTED_EDGE('',*,*,#5556,.T.);
#7322=ORIENTED_EDGE('',*,*,#5557,.F.);
#7323=ORIENTED_EDGE('',*,*,#5551,.T.);
#7324=ORIENTED_EDGE('',*,*,#5557,.T.);
#7325=ORIENTED_EDGE('',*,*,#5558,.T.);
#7326=ORIENTED_EDGE('',*,*,#5559,.F.);
#7327=ORIENTED_EDGE('',*,*,#5560,.F.);
#7328=ORIENTED_EDGE('',*,*,#5561,.T.);
#7329=ORIENTED_EDGE('',*,*,#5562,.F.);
#7330=ORIENTED_EDGE('',*,*,#5563,.F.);
#7331=ORIENTED_EDGE('',*,*,#5558,.F.);
#7332=ORIENTED_EDGE('',*,*,#5556,.F.);
#7333=ORIENTED_EDGE('',*,*,#5564,.F.);
#7334=ORIENTED_EDGE('',*,*,#5565,.F.);
#7335=ORIENTED_EDGE('',*,*,#5566,.F.);
#7336=ORIENTED_EDGE('',*,*,#5567,.F.);
#7337=ORIENTED_EDGE('',*,*,#5568,.F.);
#7338=ORIENTED_EDGE('',*,*,#5568,.T.);
#7339=ORIENTED_EDGE('',*,*,#5569,.F.);
#7340=ORIENTED_EDGE('',*,*,#5570,.F.);
#7341=ORIENTED_EDGE('',*,*,#5571,.F.);
#7342=ORIENTED_EDGE('',*,*,#5564,.T.);
#7343=ORIENTED_EDGE('',*,*,#5571,.T.);
#7344=ORIENTED_EDGE('',*,*,#5572,.F.);
#7345=ORIENTED_EDGE('',*,*,#5573,.F.);
#7346=ORIENTED_EDGE('',*,*,#5574,.T.);
#7347=ORIENTED_EDGE('',*,*,#5575,.T.);
#7348=ORIENTED_EDGE('',*,*,#5576,.F.);
#7349=ORIENTED_EDGE('',*,*,#5577,.F.);
#7350=ORIENTED_EDGE('',*,*,#5574,.F.);
#7351=ORIENTED_EDGE('',*,*,#5578,.F.);
#7352=ORIENTED_EDGE('',*,*,#5579,.F.);
#7353=ORIENTED_EDGE('',*,*,#5577,.T.);
#7354=ORIENTED_EDGE('',*,*,#5580,.F.);
#7355=ORIENTED_EDGE('',*,*,#5581,.F.);
#7356=ORIENTED_EDGE('',*,*,#5297,.F.);
#7357=ORIENTED_EDGE('',*,*,#5582,.F.);
#7358=ORIENTED_EDGE('',*,*,#5581,.T.);
#7359=ORIENTED_EDGE('',*,*,#5583,.F.);
#7360=ORIENTED_EDGE('',*,*,#5553,.T.);
#7361=ORIENTED_EDGE('',*,*,#5584,.T.);
#7362=ORIENTED_EDGE('',*,*,#5585,.T.);
#7363=ORIENTED_EDGE('',*,*,#5586,.F.);
#7364=ORIENTED_EDGE('',*,*,#5562,.T.);
#7365=ORIENTED_EDGE('',*,*,#5555,.T.);
#7366=ORIENTED_EDGE('',*,*,#5587,.T.);
#7367=ORIENTED_EDGE('',*,*,#5560,.T.);
#7368=ORIENTED_EDGE('',*,*,#5588,.F.);
#7369=ORIENTED_EDGE('',*,*,#5544,.F.);
#7370=ORIENTED_EDGE('',*,*,#5537,.T.);
#7371=ORIENTED_EDGE('',*,*,#5589,.T.);
#7372=ORIENTED_EDGE('',*,*,#5543,.T.);
#7373=ORIENTED_EDGE('',*,*,#5550,.T.);
#7374=ORIENTED_EDGE('',*,*,#5590,.F.);
#7375=ORIENTED_EDGE('',*,*,#5585,.F.);
#7376=ORIENTED_EDGE('',*,*,#5590,.T.);
#7377=ORIENTED_EDGE('',*,*,#5549,.T.);
#7378=ORIENTED_EDGE('',*,*,#5547,.T.);
#7379=ORIENTED_EDGE('',*,*,#5545,.T.);
#7380=ORIENTED_EDGE('',*,*,#5588,.T.);
#7381=ORIENTED_EDGE('',*,*,#5559,.T.);
#7382=ORIENTED_EDGE('',*,*,#5563,.T.);
#7383=ORIENTED_EDGE('',*,*,#5586,.T.);
#7384=ORIENTED_EDGE('',*,*,#5591,.F.);
#7385=ORIENTED_EDGE('',*,*,#5592,.F.);
#7386=ORIENTED_EDGE('',*,*,#5593,.F.);
#7387=ORIENTED_EDGE('',*,*,#5594,.F.);
#7388=ORIENTED_EDGE('',*,*,#5594,.T.);
#7389=ORIENTED_EDGE('',*,*,#5595,.F.);
#7390=ORIENTED_EDGE('',*,*,#5596,.T.);
#7391=ORIENTED_EDGE('',*,*,#5597,.F.);
#7392=ORIENTED_EDGE('',*,*,#5266,.T.);
#7393=ORIENTED_EDGE('',*,*,#5280,.T.);
#7394=ORIENTED_EDGE('',*,*,#5277,.T.);
#7395=ORIENTED_EDGE('',*,*,#5276,.T.);
#7396=ORIENTED_EDGE('',*,*,#5271,.T.);
#7397=ORIENTED_EDGE('',*,*,#5268,.T.);
#7398=ORIENTED_EDGE('',*,*,#5298,.T.);
#7399=ORIENTED_EDGE('',*,*,#5598,.T.);
#7400=ORIENTED_EDGE('',*,*,#5599,.T.);
#7401=ORIENTED_EDGE('',*,*,#5600,.T.);
#7402=ORIENTED_EDGE('',*,*,#5601,.F.);
#7403=ORIENTED_EDGE('',*,*,#5602,.T.);
#7404=ORIENTED_EDGE('',*,*,#5603,.T.);
#7405=ORIENTED_EDGE('',*,*,#5604,.T.);
#7406=ORIENTED_EDGE('',*,*,#5605,.T.);
#7407=ORIENTED_EDGE('',*,*,#5591,.T.);
#7408=ORIENTED_EDGE('',*,*,#5597,.T.);
#7409=ORIENTED_EDGE('',*,*,#5606,.T.);
#7410=ORIENTED_EDGE('',*,*,#5028,.F.);
#7411=ORIENTED_EDGE('',*,*,#5606,.F.);
#7412=ORIENTED_EDGE('',*,*,#5596,.F.);
#7413=ORIENTED_EDGE('',*,*,#5607,.F.);
#7414=ORIENTED_EDGE('',*,*,#5029,.F.);
#7415=ORIENTED_EDGE('',*,*,#5592,.T.);
#7416=ORIENTED_EDGE('',*,*,#5605,.F.);
#7417=ORIENTED_EDGE('',*,*,#5608,.T.);
#7418=ORIENTED_EDGE('',*,*,#5609,.T.);
#7419=ORIENTED_EDGE('',*,*,#5610,.F.);
#7420=ORIENTED_EDGE('',*,*,#5593,.T.);
#7421=ORIENTED_EDGE('',*,*,#5610,.T.);
#7422=ORIENTED_EDGE('',*,*,#5611,.F.);
#7423=ORIENTED_EDGE('',*,*,#5612,.F.);
#7424=ORIENTED_EDGE('',*,*,#5030,.T.);
#7425=ORIENTED_EDGE('',*,*,#5607,.T.);
#7426=ORIENTED_EDGE('',*,*,#5595,.T.);
#7427=ORIENTED_EDGE('',*,*,#5287,.F.);
#7428=ORIENTED_EDGE('',*,*,#5285,.T.);
#7429=ORIENTED_EDGE('',*,*,#5613,.F.);
#7430=ORIENTED_EDGE('',*,*,#5293,.T.);
#7431=ORIENTED_EDGE('',*,*,#5291,.F.);
#7432=ORIENTED_EDGE('',*,*,#5289,.T.);
#7433=ORIENTED_EDGE('',*,*,#5284,.F.);
#7434=ORIENTED_EDGE('',*,*,#5282,.F.);
#7435=ORIENTED_EDGE('',*,*,#5025,.T.);
#7436=ORIENTED_EDGE('',*,*,#5614,.F.);
#7437=ORIENTED_EDGE('',*,*,#5294,.F.);
#7438=ORIENTED_EDGE('',*,*,#5615,.F.);
#7439=ORIENTED_EDGE('',*,*,#5566,.T.);
#7440=ORIENTED_EDGE('',*,*,#5616,.F.);
#7441=ORIENTED_EDGE('',*,*,#5616,.T.);
#7442=ORIENTED_EDGE('',*,*,#5565,.T.);
#7443=ORIENTED_EDGE('',*,*,#5575,.F.);
#7444=ORIENTED_EDGE('',*,*,#5579,.T.);
#7445=ORIENTED_EDGE('',*,*,#5582,.T.);
#7446=ORIENTED_EDGE('',*,*,#5296,.T.);
#7447=ORIENTED_EDGE('',*,*,#5295,.F.);
#7448=ORIENTED_EDGE('',*,*,#5617,.T.);
#7449=ORIENTED_EDGE('',*,*,#5031,.F.);
#7450=ORIENTED_EDGE('',*,*,#5612,.T.);
#7451=ORIENTED_EDGE('',*,*,#5618,.F.);
#7452=ORIENTED_EDGE('',*,*,#5619,.T.);
#7453=ORIENTED_EDGE('',*,*,#5569,.T.);
#7454=ORIENTED_EDGE('',*,*,#5620,.T.);
#7455=ORIENTED_EDGE('',*,*,#5621,.F.);
#7456=ORIENTED_EDGE('',*,*,#4911,.T.);
#7457=ORIENTED_EDGE('',*,*,#5622,.F.);
#7458=ORIENTED_EDGE('',*,*,#5623,.T.);
#7459=ORIENTED_EDGE('',*,*,#5624,.T.);
#7460=ORIENTED_EDGE('',*,*,#5625,.T.);
#7461=ORIENTED_EDGE('',*,*,#5626,.F.);
#7462=ORIENTED_EDGE('',*,*,#5627,.T.);
#7463=ORIENTED_EDGE('',*,*,#5628,.T.);
#7464=ORIENTED_EDGE('',*,*,#5629,.F.);
#7465=ORIENTED_EDGE('',*,*,#4907,.T.);
#7466=ORIENTED_EDGE('',*,*,#5630,.F.);
#7467=ORIENTED_EDGE('',*,*,#5629,.T.);
#7468=ORIENTED_EDGE('',*,*,#5631,.T.);
#7469=ORIENTED_EDGE('',*,*,#5632,.T.);
#7470=ORIENTED_EDGE('',*,*,#5633,.F.);
#7471=ORIENTED_EDGE('',*,*,#5634,.T.);
#7472=ORIENTED_EDGE('',*,*,#5635,.T.);
#7473=ORIENTED_EDGE('',*,*,#5636,.F.);
#7474=ORIENTED_EDGE('',*,*,#4915,.T.);
#7475=ORIENTED_EDGE('',*,*,#5637,.F.);
#7476=ORIENTED_EDGE('',*,*,#5638,.T.);
#7477=ORIENTED_EDGE('',*,*,#5639,.T.);
#7478=ORIENTED_EDGE('',*,*,#5640,.T.);
#7479=ORIENTED_EDGE('',*,*,#4903,.T.);
#7480=ORIENTED_EDGE('',*,*,#5641,.F.);
#7481=ORIENTED_EDGE('',*,*,#5636,.T.);
#7482=ORIENTED_EDGE('',*,*,#5642,.T.);
#7483=ORIENTED_EDGE('',*,*,#5643,.T.);
#7484=ORIENTED_EDGE('',*,*,#5644,.F.);
#7485=ORIENTED_EDGE('',*,*,#5645,.T.);
#7486=ORIENTED_EDGE('',*,*,#5646,.T.);
#7487=ORIENTED_EDGE('',*,*,#5647,.F.);
#7488=ORIENTED_EDGE('',*,*,#4899,.T.);
#7489=ORIENTED_EDGE('',*,*,#5648,.F.);
#7490=ORIENTED_EDGE('',*,*,#5647,.T.);
#7491=ORIENTED_EDGE('',*,*,#5649,.T.);
#7492=ORIENTED_EDGE('',*,*,#5650,.T.);
#7493=ORIENTED_EDGE('',*,*,#5651,.F.);
#7494=ORIENTED_EDGE('',*,*,#5652,.T.);
#7495=ORIENTED_EDGE('',*,*,#5653,.T.);
#7496=ORIENTED_EDGE('',*,*,#5654,.F.);
#7497=ORIENTED_EDGE('',*,*,#4895,.T.);
#7498=ORIENTED_EDGE('',*,*,#5655,.F.);
#7499=ORIENTED_EDGE('',*,*,#5654,.T.);
#7500=ORIENTED_EDGE('',*,*,#5656,.T.);
#7501=ORIENTED_EDGE('',*,*,#5657,.T.);
#7502=ORIENTED_EDGE('',*,*,#5658,.F.);
#7503=ORIENTED_EDGE('',*,*,#5659,.T.);
#7504=ORIENTED_EDGE('',*,*,#5660,.T.);
#7505=ORIENTED_EDGE('',*,*,#5661,.F.);
#7506=ORIENTED_EDGE('',*,*,#4891,.T.);
#7507=ORIENTED_EDGE('',*,*,#5662,.F.);
#7508=ORIENTED_EDGE('',*,*,#5661,.T.);
#7509=ORIENTED_EDGE('',*,*,#5663,.T.);
#7510=ORIENTED_EDGE('',*,*,#5664,.T.);
#7511=ORIENTED_EDGE('',*,*,#5665,.F.);
#7512=ORIENTED_EDGE('',*,*,#5666,.T.);
#7513=ORIENTED_EDGE('',*,*,#5667,.T.);
#7514=ORIENTED_EDGE('',*,*,#5668,.F.);
#7515=ORIENTED_EDGE('',*,*,#4887,.T.);
#7516=ORIENTED_EDGE('',*,*,#5669,.F.);
#7517=ORIENTED_EDGE('',*,*,#5668,.T.);
#7518=ORIENTED_EDGE('',*,*,#5670,.T.);
#7519=ORIENTED_EDGE('',*,*,#5671,.T.);
#7520=ORIENTED_EDGE('',*,*,#4879,.T.);
#7521=ORIENTED_EDGE('',*,*,#5672,.F.);
#7522=ORIENTED_EDGE('',*,*,#5673,.T.);
#7523=ORIENTED_EDGE('',*,*,#5674,.T.);
#7524=ORIENTED_EDGE('',*,*,#5675,.T.);
#7525=ORIENTED_EDGE('',*,*,#5676,.F.);
#7526=ORIENTED_EDGE('',*,*,#5677,.T.);
#7527=ORIENTED_EDGE('',*,*,#5678,.T.);
#7528=ORIENTED_EDGE('',*,*,#5679,.F.);
#7529=ORIENTED_EDGE('',*,*,#4883,.T.);
#7530=ORIENTED_EDGE('',*,*,#5680,.F.);
#7531=ORIENTED_EDGE('',*,*,#5679,.T.);
#7532=ORIENTED_EDGE('',*,*,#5681,.T.);
#7533=ORIENTED_EDGE('',*,*,#5682,.T.);
#7534=ORIENTED_EDGE('',*,*,#5639,.F.);
#7535=ORIENTED_EDGE('',*,*,#5683,.F.);
#7536=ORIENTED_EDGE('',*,*,#5684,.F.);
#7537=ORIENTED_EDGE('',*,*,#5685,.F.);
#7538=ORIENTED_EDGE('',*,*,#4916,.T.);
#7539=ORIENTED_EDGE('',*,*,#5640,.F.);
#7540=ORIENTED_EDGE('',*,*,#5685,.T.);
#7541=ORIENTED_EDGE('',*,*,#5686,.F.);
#7542=ORIENTED_EDGE('',*,*,#5687,.F.);
#7543=ORIENTED_EDGE('',*,*,#5688,.T.);
#7544=ORIENTED_EDGE('',*,*,#5683,.T.);
#7545=ORIENTED_EDGE('',*,*,#5638,.F.);
#7546=ORIENTED_EDGE('',*,*,#4917,.T.);
#7547=ORIENTED_EDGE('',*,*,#5686,.T.);
#7548=ORIENTED_EDGE('',*,*,#5684,.T.);
#7549=ORIENTED_EDGE('',*,*,#5688,.F.);
#7550=ORIENTED_EDGE('',*,*,#5689,.F.);
#7551=ORIENTED_EDGE('',*,*,#5624,.F.);
#7552=ORIENTED_EDGE('',*,*,#5690,.F.);
#7553=ORIENTED_EDGE('',*,*,#5691,.F.);
#7554=ORIENTED_EDGE('',*,*,#5692,.F.);
#7555=ORIENTED_EDGE('',*,*,#4912,.T.);
#7556=ORIENTED_EDGE('',*,*,#5625,.F.);
#7557=ORIENTED_EDGE('',*,*,#5692,.T.);
#7558=ORIENTED_EDGE('',*,*,#5693,.F.);
#7559=ORIENTED_EDGE('',*,*,#5694,.F.);
#7560=ORIENTED_EDGE('',*,*,#5695,.T.);
#7561=ORIENTED_EDGE('',*,*,#5690,.T.);
#7562=ORIENTED_EDGE('',*,*,#5623,.F.);
#7563=ORIENTED_EDGE('',*,*,#4913,.T.);
#7564=ORIENTED_EDGE('',*,*,#5693,.T.);
#7565=ORIENTED_EDGE('',*,*,#5691,.T.);
#7566=ORIENTED_EDGE('',*,*,#5695,.F.);
#7567=ORIENTED_EDGE('',*,*,#5696,.F.);
#7568=ORIENTED_EDGE('',*,*,#5631,.F.);
#7569=ORIENTED_EDGE('',*,*,#5628,.F.);
#7570=ORIENTED_EDGE('',*,*,#5697,.F.);
#7571=ORIENTED_EDGE('',*,*,#5698,.F.);
#7572=ORIENTED_EDGE('',*,*,#4908,.T.);
#7573=ORIENTED_EDGE('',*,*,#5632,.F.);
#7574=ORIENTED_EDGE('',*,*,#5698,.T.);
#7575=ORIENTED_EDGE('',*,*,#5699,.F.);
#7576=ORIENTED_EDGE('',*,*,#4909,.T.);
#7577=ORIENTED_EDGE('',*,*,#5699,.T.);
#7578=ORIENTED_EDGE('',*,*,#5697,.T.);
#7579=ORIENTED_EDGE('',*,*,#5627,.F.);
#7580=ORIENTED_EDGE('',*,*,#5700,.F.);
#7581=ORIENTED_EDGE('',*,*,#5642,.F.);
#7582=ORIENTED_EDGE('',*,*,#5635,.F.);
#7583=ORIENTED_EDGE('',*,*,#5701,.F.);
#7584=ORIENTED_EDGE('',*,*,#5702,.F.);
#7585=ORIENTED_EDGE('',*,*,#4904,.T.);
#7586=ORIENTED_EDGE('',*,*,#5643,.F.);
#7587=ORIENTED_EDGE('',*,*,#5702,.T.);
#7588=ORIENTED_EDGE('',*,*,#5703,.F.);
#7589=ORIENTED_EDGE('',*,*,#4905,.T.);
#7590=ORIENTED_EDGE('',*,*,#5703,.T.);
#7591=ORIENTED_EDGE('',*,*,#5701,.T.);
#7592=ORIENTED_EDGE('',*,*,#5634,.F.);
#7593=ORIENTED_EDGE('',*,*,#5704,.F.);
#7594=ORIENTED_EDGE('',*,*,#5649,.F.);
#7595=ORIENTED_EDGE('',*,*,#5646,.F.);
#7596=ORIENTED_EDGE('',*,*,#5705,.F.);
#7597=ORIENTED_EDGE('',*,*,#5706,.F.);
#7598=ORIENTED_EDGE('',*,*,#4900,.T.);
#7599=ORIENTED_EDGE('',*,*,#5650,.F.);
#7600=ORIENTED_EDGE('',*,*,#5706,.T.);
#7601=ORIENTED_EDGE('',*,*,#5707,.F.);
#7602=ORIENTED_EDGE('',*,*,#4901,.T.);
#7603=ORIENTED_EDGE('',*,*,#5707,.T.);
#7604=ORIENTED_EDGE('',*,*,#5705,.T.);
#7605=ORIENTED_EDGE('',*,*,#5645,.F.);
#7606=ORIENTED_EDGE('',*,*,#5708,.F.);
#7607=ORIENTED_EDGE('',*,*,#5656,.F.);
#7608=ORIENTED_EDGE('',*,*,#5653,.F.);
#7609=ORIENTED_EDGE('',*,*,#5709,.F.);
#7610=ORIENTED_EDGE('',*,*,#5710,.F.);
#7611=ORIENTED_EDGE('',*,*,#4896,.T.);
#7612=ORIENTED_EDGE('',*,*,#5657,.F.);
#7613=ORIENTED_EDGE('',*,*,#5710,.T.);
#7614=ORIENTED_EDGE('',*,*,#5711,.F.);
#7615=ORIENTED_EDGE('',*,*,#4897,.T.);
#7616=ORIENTED_EDGE('',*,*,#5711,.T.);
#7617=ORIENTED_EDGE('',*,*,#5709,.T.);
#7618=ORIENTED_EDGE('',*,*,#5652,.F.);
#7619=ORIENTED_EDGE('',*,*,#5712,.F.);
#7620=ORIENTED_EDGE('',*,*,#5663,.F.);
#7621=ORIENTED_EDGE('',*,*,#5660,.F.);
#7622=ORIENTED_EDGE('',*,*,#5713,.F.);
#7623=ORIENTED_EDGE('',*,*,#5714,.F.);
#7624=ORIENTED_EDGE('',*,*,#4892,.T.);
#7625=ORIENTED_EDGE('',*,*,#5664,.F.);
#7626=ORIENTED_EDGE('',*,*,#5714,.T.);
#7627=ORIENTED_EDGE('',*,*,#5715,.F.);
#7628=ORIENTED_EDGE('',*,*,#4893,.T.);
#7629=ORIENTED_EDGE('',*,*,#5715,.T.);
#7630=ORIENTED_EDGE('',*,*,#5713,.T.);
#7631=ORIENTED_EDGE('',*,*,#5659,.F.);
#7632=ORIENTED_EDGE('',*,*,#5716,.F.);
#7633=ORIENTED_EDGE('',*,*,#5670,.F.);
#7634=ORIENTED_EDGE('',*,*,#5667,.F.);
#7635=ORIENTED_EDGE('',*,*,#5717,.F.);
#7636=ORIENTED_EDGE('',*,*,#5718,.F.);
#7637=ORIENTED_EDGE('',*,*,#4888,.T.);
#7638=ORIENTED_EDGE('',*,*,#5671,.F.);
#7639=ORIENTED_EDGE('',*,*,#5718,.T.);
#7640=ORIENTED_EDGE('',*,*,#5719,.F.);
#7641=ORIENTED_EDGE('',*,*,#4889,.T.);
#7642=ORIENTED_EDGE('',*,*,#5719,.T.);
#7643=ORIENTED_EDGE('',*,*,#5717,.T.);
#7644=ORIENTED_EDGE('',*,*,#5666,.F.);
#7645=ORIENTED_EDGE('',*,*,#5720,.F.);
#7646=ORIENTED_EDGE('',*,*,#5681,.F.);
#7647=ORIENTED_EDGE('',*,*,#5678,.F.);
#7648=ORIENTED_EDGE('',*,*,#5721,.F.);
#7649=ORIENTED_EDGE('',*,*,#5722,.F.);
#7650=ORIENTED_EDGE('',*,*,#4884,.T.);
#7651=ORIENTED_EDGE('',*,*,#5682,.F.);
#7652=ORIENTED_EDGE('',*,*,#5722,.T.);
#7653=ORIENTED_EDGE('',*,*,#5723,.F.);
#7654=ORIENTED_EDGE('',*,*,#4885,.T.);
#7655=ORIENTED_EDGE('',*,*,#5723,.T.);
#7656=ORIENTED_EDGE('',*,*,#5721,.T.);
#7657=ORIENTED_EDGE('',*,*,#5677,.F.);
#7658=ORIENTED_EDGE('',*,*,#5724,.F.);
#7659=ORIENTED_EDGE('',*,*,#5674,.F.);
#7660=ORIENTED_EDGE('',*,*,#5725,.F.);
#7661=ORIENTED_EDGE('',*,*,#5726,.F.);
#7662=ORIENTED_EDGE('',*,*,#5727,.F.);
#7663=ORIENTED_EDGE('',*,*,#4880,.T.);
#7664=ORIENTED_EDGE('',*,*,#5675,.F.);
#7665=ORIENTED_EDGE('',*,*,#5727,.T.);
#7666=ORIENTED_EDGE('',*,*,#5728,.F.);
#7667=ORIENTED_EDGE('',*,*,#5729,.F.);
#7668=ORIENTED_EDGE('',*,*,#5730,.T.);
#7669=ORIENTED_EDGE('',*,*,#5725,.T.);
#7670=ORIENTED_EDGE('',*,*,#5673,.F.);
#7671=ORIENTED_EDGE('',*,*,#4881,.T.);
#7672=ORIENTED_EDGE('',*,*,#5728,.T.);
#7673=ORIENTED_EDGE('',*,*,#5726,.T.);
#7674=ORIENTED_EDGE('',*,*,#5730,.F.);
#7675=ORIENTED_EDGE('',*,*,#5731,.F.);
#7676=ORIENTED_EDGE('',*,*,#5732,.F.);
#7677=ORIENTED_EDGE('',*,*,#5733,.F.);
#7678=ORIENTED_EDGE('',*,*,#5734,.F.);
#7679=ORIENTED_EDGE('',*,*,#5089,.T.);
#7680=ORIENTED_EDGE('',*,*,#5075,.F.);
#7681=ORIENTED_EDGE('',*,*,#5732,.T.);
#7682=ORIENTED_EDGE('',*,*,#5735,.F.);
#7683=ORIENTED_EDGE('',*,*,#5734,.T.);
#7684=ORIENTED_EDGE('',*,*,#5736,.F.);
#7685=ORIENTED_EDGE('',*,*,#5737,.T.);
#7686=ORIENTED_EDGE('',*,*,#5738,.F.);
#7687=ORIENTED_EDGE('',*,*,#5739,.F.);
#7688=ORIENTED_EDGE('',*,*,#5737,.F.);
#7689=ORIENTED_EDGE('',*,*,#5740,.F.);
#7690=ORIENTED_EDGE('',*,*,#5091,.T.);
#7691=ORIENTED_EDGE('',*,*,#5741,.F.);
#7692=ORIENTED_EDGE('',*,*,#5739,.T.);
#7693=ORIENTED_EDGE('',*,*,#5742,.F.);
#7694=ORIENTED_EDGE('',*,*,#5735,.T.);
#7695=ORIENTED_EDGE('',*,*,#5738,.T.);
#7696=ORIENTED_EDGE('',*,*,#5741,.T.);
#7697=ORIENTED_EDGE('',*,*,#5090,.F.);
#7698=ORIENTED_EDGE('',*,*,#5740,.T.);
#7699=ORIENTED_EDGE('',*,*,#5743,.F.);
#7700=ORIENTED_EDGE('',*,*,#5744,.T.);
#7701=ORIENTED_EDGE('',*,*,#5745,.F.);
#7702=ORIENTED_EDGE('',*,*,#5746,.F.);
#7703=ORIENTED_EDGE('',*,*,#5744,.F.);
#7704=ORIENTED_EDGE('',*,*,#5747,.F.);
#7705=ORIENTED_EDGE('',*,*,#5093,.T.);
#7706=ORIENTED_EDGE('',*,*,#5748,.F.);
#7707=ORIENTED_EDGE('',*,*,#5746,.T.);
#7708=ORIENTED_EDGE('',*,*,#5749,.F.);
#7709=ORIENTED_EDGE('',*,*,#5742,.T.);
#7710=ORIENTED_EDGE('',*,*,#5745,.T.);
#7711=ORIENTED_EDGE('',*,*,#5748,.T.);
#7712=ORIENTED_EDGE('',*,*,#5092,.F.);
#7713=ORIENTED_EDGE('',*,*,#5750,.F.);
#7714=ORIENTED_EDGE('',*,*,#5751,.F.);
#7715=ORIENTED_EDGE('',*,*,#5752,.F.);
#7716=ORIENTED_EDGE('',*,*,#5753,.F.);
#7717=ORIENTED_EDGE('',*,*,#5617,.F.);
#7718=ORIENTED_EDGE('',*,*,#5754,.F.);
#7719=ORIENTED_EDGE('',*,*,#5753,.T.);
#7720=ORIENTED_EDGE('',*,*,#5013,.F.);
#7721=ORIENTED_EDGE('',*,*,#5750,.T.);
#7722=ORIENTED_EDGE('',*,*,#5755,.F.);
#7723=ORIENTED_EDGE('',*,*,#5756,.T.);
#7724=ORIENTED_EDGE('',*,*,#5757,.F.);
#7725=ORIENTED_EDGE('',*,*,#5758,.F.);
#7726=ORIENTED_EDGE('',*,*,#5759,.F.);
#7727=ORIENTED_EDGE('',*,*,#5756,.F.);
#7728=ORIENTED_EDGE('',*,*,#5760,.F.);
#7729=ORIENTED_EDGE('',*,*,#5761,.F.);
#7730=ORIENTED_EDGE('',*,*,#5600,.F.);
#7731=ORIENTED_EDGE('',*,*,#5760,.T.);
#7732=ORIENTED_EDGE('',*,*,#5762,.F.);
#7733=ORIENTED_EDGE('',*,*,#5754,.T.);
#7734=ORIENTED_EDGE('',*,*,#5618,.T.);
#7735=ORIENTED_EDGE('',*,*,#5611,.T.);
#7736=ORIENTED_EDGE('',*,*,#5609,.F.);
#7737=ORIENTED_EDGE('',*,*,#5763,.T.);
#7738=ORIENTED_EDGE('',*,*,#5764,.F.);
#7739=ORIENTED_EDGE('',*,*,#5765,.F.);
#7740=ORIENTED_EDGE('',*,*,#5766,.F.);
#7741=ORIENTED_EDGE('',*,*,#5762,.T.);
#7742=ORIENTED_EDGE('',*,*,#5755,.T.);
#7743=ORIENTED_EDGE('',*,*,#5767,.F.);
#7744=ORIENTED_EDGE('',*,*,#5763,.F.);
#7745=ORIENTED_EDGE('',*,*,#5608,.F.);
#7746=ORIENTED_EDGE('',*,*,#5604,.F.);
#7747=ORIENTED_EDGE('',*,*,#5768,.F.);
#7748=ORIENTED_EDGE('',*,*,#5769,.F.);
#7749=ORIENTED_EDGE('',*,*,#5770,.F.);
#7750=ORIENTED_EDGE('',*,*,#5771,.F.);
#7751=ORIENTED_EDGE('',*,*,#5583,.T.);
#7752=ORIENTED_EDGE('',*,*,#5772,.F.);
#7753=ORIENTED_EDGE('',*,*,#5771,.T.);
#7754=ORIENTED_EDGE('',*,*,#5598,.F.);
#7755=ORIENTED_EDGE('',*,*,#5758,.T.);
#7756=ORIENTED_EDGE('',*,*,#5599,.F.);
#7757=ORIENTED_EDGE('',*,*,#5770,.T.);
#7758=ORIENTED_EDGE('',*,*,#5773,.F.);
#7759=ORIENTED_EDGE('',*,*,#5774,.F.);
#7760=ORIENTED_EDGE('',*,*,#5775,.T.);
#7761=ORIENTED_EDGE('',*,*,#5776,.T.);
#7762=ORIENTED_EDGE('',*,*,#5602,.F.);
#7763=ORIENTED_EDGE('',*,*,#5777,.F.);
#7764=ORIENTED_EDGE('',*,*,#5765,.T.);
#7765=ORIENTED_EDGE('',*,*,#5778,.T.);
#7766=ORIENTED_EDGE('',*,*,#5775,.F.);
#7767=ORIENTED_EDGE('',*,*,#5603,.F.);
#7768=ORIENTED_EDGE('',*,*,#5776,.F.);
#7769=ORIENTED_EDGE('',*,*,#5778,.F.);
#7770=ORIENTED_EDGE('',*,*,#5764,.T.);
#7771=ORIENTED_EDGE('',*,*,#5767,.T.);
#7772=ORIENTED_EDGE('',*,*,#5601,.T.);
#7773=ORIENTED_EDGE('',*,*,#5761,.T.);
#7774=ORIENTED_EDGE('',*,*,#5766,.T.);
#7775=ORIENTED_EDGE('',*,*,#5777,.T.);
#7776=ORIENTED_EDGE('',*,*,#5774,.T.);
#7777=ORIENTED_EDGE('',*,*,#5779,.T.);
#7778=ORIENTED_EDGE('',*,*,#5036,.T.);
#7779=ORIENTED_EDGE('',*,*,#5780,.T.);
#7780=ORIENTED_EDGE('',*,*,#5781,.T.);
#7781=ORIENTED_EDGE('',*,*,#5782,.T.);
#7782=ORIENTED_EDGE('',*,*,#5783,.T.);
#7783=ORIENTED_EDGE('',*,*,#5784,.T.);
#7784=ORIENTED_EDGE('',*,*,#5785,.T.);
#7785=ORIENTED_EDGE('',*,*,#5784,.F.);
#7786=ORIENTED_EDGE('',*,*,#5786,.T.);
#7787=ORIENTED_EDGE('',*,*,#5787,.T.);
#7788=ORIENTED_EDGE('',*,*,#5788,.T.);
#7789=ORIENTED_EDGE('',*,*,#5789,.T.);
#7790=ORIENTED_EDGE('',*,*,#5790,.T.);
#7791=ORIENTED_EDGE('',*,*,#5787,.F.);
#7792=ORIENTED_EDGE('',*,*,#5791,.T.);
#7793=ORIENTED_EDGE('',*,*,#5789,.F.);
#7794=ORIENTED_EDGE('',*,*,#5792,.T.);
#7795=ORIENTED_EDGE('',*,*,#5793,.T.);
#7796=ORIENTED_EDGE('',*,*,#5794,.T.);
#7797=ORIENTED_EDGE('',*,*,#5795,.T.);
#7798=ORIENTED_EDGE('',*,*,#5793,.F.);
#7799=ORIENTED_EDGE('',*,*,#5796,.T.);
#7800=ORIENTED_EDGE('',*,*,#5781,.F.);
#7801=ORIENTED_EDGE('',*,*,#5779,.F.);
#7802=ORIENTED_EDGE('',*,*,#5797,.T.);
#7803=ORIENTED_EDGE('',*,*,#5798,.F.);
#7804=ORIENTED_EDGE('',*,*,#5037,.F.);
#7805=ORIENTED_EDGE('',*,*,#5796,.F.);
#7806=ORIENTED_EDGE('',*,*,#5799,.F.);
#7807=ORIENTED_EDGE('',*,*,#5800,.T.);
#7808=ORIENTED_EDGE('',*,*,#5801,.F.);
#7809=ORIENTED_EDGE('',*,*,#5797,.F.);
#7810=ORIENTED_EDGE('',*,*,#5792,.F.);
#7811=ORIENTED_EDGE('',*,*,#5802,.T.);
#7812=ORIENTED_EDGE('',*,*,#5803,.F.);
#7813=ORIENTED_EDGE('',*,*,#5799,.T.);
#7814=ORIENTED_EDGE('',*,*,#5791,.F.);
#7815=ORIENTED_EDGE('',*,*,#5804,.F.);
#7816=ORIENTED_EDGE('',*,*,#5805,.T.);
#7817=ORIENTED_EDGE('',*,*,#5802,.F.);
#7818=ORIENTED_EDGE('',*,*,#5786,.F.);
#7819=ORIENTED_EDGE('',*,*,#5806,.T.);
#7820=ORIENTED_EDGE('',*,*,#5807,.F.);
#7821=ORIENTED_EDGE('',*,*,#5804,.T.);
#7822=ORIENTED_EDGE('',*,*,#5783,.F.);
#7823=ORIENTED_EDGE('',*,*,#5808,.F.);
#7824=ORIENTED_EDGE('',*,*,#5809,.F.);
#7825=ORIENTED_EDGE('',*,*,#5810,.T.);
#7826=ORIENTED_EDGE('',*,*,#5806,.F.);
#7827=ORIENTED_EDGE('',*,*,#5782,.F.);
#7828=ORIENTED_EDGE('',*,*,#5811,.T.);
#7829=ORIENTED_EDGE('',*,*,#5812,.F.);
#7830=ORIENTED_EDGE('',*,*,#5813,.T.);
#7831=ORIENTED_EDGE('',*,*,#5814,.T.);
#7832=ORIENTED_EDGE('',*,*,#5815,.F.);
#7833=ORIENTED_EDGE('',*,*,#5816,.T.);
#7834=ORIENTED_EDGE('',*,*,#5817,.T.);
#7835=ORIENTED_EDGE('',*,*,#5814,.F.);
#7836=ORIENTED_EDGE('',*,*,#5818,.T.);
#7837=ORIENTED_EDGE('',*,*,#5183,.F.);
#7838=ORIENTED_EDGE('',*,*,#5819,.F.);
#7839=ORIENTED_EDGE('',*,*,#5817,.F.);
#7840=ORIENTED_EDGE('',*,*,#5820,.T.);
#7841=ORIENTED_EDGE('',*,*,#5184,.F.);
#7842=ORIENTED_EDGE('',*,*,#5818,.F.);
#7843=ORIENTED_EDGE('',*,*,#5821,.T.);
#7844=ORIENTED_EDGE('',*,*,#5822,.F.);
#7845=ORIENTED_EDGE('',*,*,#5823,.T.);
#7846=ORIENTED_EDGE('',*,*,#5824,.T.);
#7847=ORIENTED_EDGE('',*,*,#5821,.F.);
#7848=ORIENTED_EDGE('',*,*,#5825,.T.);
#7849=ORIENTED_EDGE('',*,*,#5187,.F.);
#7850=ORIENTED_EDGE('',*,*,#5826,.F.);
#7851=ORIENTED_EDGE('',*,*,#5824,.F.);
#7852=ORIENTED_EDGE('',*,*,#5827,.T.);
#7853=ORIENTED_EDGE('',*,*,#5188,.F.);
#7854=ORIENTED_EDGE('',*,*,#5825,.F.);
#7855=ORIENTED_EDGE('',*,*,#5828,.T.);
#7856=ORIENTED_EDGE('',*,*,#5829,.F.);
#7857=ORIENTED_EDGE('',*,*,#5830,.T.);
#7858=ORIENTED_EDGE('',*,*,#5831,.T.);
#7859=ORIENTED_EDGE('',*,*,#5828,.F.);
#7860=ORIENTED_EDGE('',*,*,#5832,.T.);
#7861=ORIENTED_EDGE('',*,*,#5191,.F.);
#7862=ORIENTED_EDGE('',*,*,#5833,.F.);
#7863=ORIENTED_EDGE('',*,*,#5831,.F.);
#7864=ORIENTED_EDGE('',*,*,#5834,.T.);
#7865=ORIENTED_EDGE('',*,*,#5192,.F.);
#7866=ORIENTED_EDGE('',*,*,#5832,.F.);
#7867=ORIENTED_EDGE('',*,*,#5835,.T.);
#7868=ORIENTED_EDGE('',*,*,#5836,.F.);
#7869=ORIENTED_EDGE('',*,*,#5837,.T.);
#7870=ORIENTED_EDGE('',*,*,#5838,.T.);
#7871=ORIENTED_EDGE('',*,*,#5835,.F.);
#7872=ORIENTED_EDGE('',*,*,#5839,.T.);
#7873=ORIENTED_EDGE('',*,*,#5195,.F.);
#7874=ORIENTED_EDGE('',*,*,#5840,.F.);
#7875=ORIENTED_EDGE('',*,*,#5838,.F.);
#7876=ORIENTED_EDGE('',*,*,#5841,.T.);
#7877=ORIENTED_EDGE('',*,*,#5196,.F.);
#7878=ORIENTED_EDGE('',*,*,#5839,.F.);
#7879=ORIENTED_EDGE('',*,*,#5842,.T.);
#7880=ORIENTED_EDGE('',*,*,#5843,.F.);
#7881=ORIENTED_EDGE('',*,*,#5844,.T.);
#7882=ORIENTED_EDGE('',*,*,#5845,.T.);
#7883=ORIENTED_EDGE('',*,*,#5842,.F.);
#7884=ORIENTED_EDGE('',*,*,#5846,.T.);
#7885=ORIENTED_EDGE('',*,*,#5199,.F.);
#7886=ORIENTED_EDGE('',*,*,#5847,.F.);
#7887=ORIENTED_EDGE('',*,*,#5845,.F.);
#7888=ORIENTED_EDGE('',*,*,#5848,.T.);
#7889=ORIENTED_EDGE('',*,*,#5200,.F.);
#7890=ORIENTED_EDGE('',*,*,#5846,.F.);
#7891=ORIENTED_EDGE('',*,*,#5849,.T.);
#7892=ORIENTED_EDGE('',*,*,#5850,.F.);
#7893=ORIENTED_EDGE('',*,*,#5851,.T.);
#7894=ORIENTED_EDGE('',*,*,#5852,.T.);
#7895=ORIENTED_EDGE('',*,*,#5849,.F.);
#7896=ORIENTED_EDGE('',*,*,#5853,.T.);
#7897=ORIENTED_EDGE('',*,*,#5203,.F.);
#7898=ORIENTED_EDGE('',*,*,#5854,.F.);
#7899=ORIENTED_EDGE('',*,*,#5852,.F.);
#7900=ORIENTED_EDGE('',*,*,#5855,.T.);
#7901=ORIENTED_EDGE('',*,*,#5204,.F.);
#7902=ORIENTED_EDGE('',*,*,#5853,.F.);
#7903=ORIENTED_EDGE('',*,*,#5856,.T.);
#7904=ORIENTED_EDGE('',*,*,#5857,.F.);
#7905=ORIENTED_EDGE('',*,*,#5858,.T.);
#7906=ORIENTED_EDGE('',*,*,#5859,.T.);
#7907=ORIENTED_EDGE('',*,*,#5856,.F.);
#7908=ORIENTED_EDGE('',*,*,#5860,.T.);
#7909=ORIENTED_EDGE('',*,*,#5207,.F.);
#7910=ORIENTED_EDGE('',*,*,#5861,.F.);
#7911=ORIENTED_EDGE('',*,*,#5859,.F.);
#7912=ORIENTED_EDGE('',*,*,#5862,.T.);
#7913=ORIENTED_EDGE('',*,*,#5208,.F.);
#7914=ORIENTED_EDGE('',*,*,#5860,.F.);
#7915=ORIENTED_EDGE('',*,*,#5863,.T.);
#7916=ORIENTED_EDGE('',*,*,#5864,.F.);
#7917=ORIENTED_EDGE('',*,*,#5865,.T.);
#7918=ORIENTED_EDGE('',*,*,#5866,.T.);
#7919=ORIENTED_EDGE('',*,*,#5863,.F.);
#7920=ORIENTED_EDGE('',*,*,#5867,.T.);
#7921=ORIENTED_EDGE('',*,*,#5211,.F.);
#7922=ORIENTED_EDGE('',*,*,#5868,.F.);
#7923=ORIENTED_EDGE('',*,*,#5866,.F.);
#7924=ORIENTED_EDGE('',*,*,#5869,.T.);
#7925=ORIENTED_EDGE('',*,*,#5212,.F.);
#7926=ORIENTED_EDGE('',*,*,#5867,.F.);
#7927=ORIENTED_EDGE('',*,*,#5870,.T.);
#7928=ORIENTED_EDGE('',*,*,#5871,.T.);
#7929=ORIENTED_EDGE('',*,*,#5872,.T.);
#7930=ORIENTED_EDGE('',*,*,#5873,.F.);
#7931=ORIENTED_EDGE('',*,*,#5871,.F.);
#7932=ORIENTED_EDGE('',*,*,#5874,.T.);
#7933=ORIENTED_EDGE('',*,*,#5262,.F.);
#7934=ORIENTED_EDGE('',*,*,#5875,.F.);
#7935=ORIENTED_EDGE('',*,*,#5870,.F.);
#7936=ORIENTED_EDGE('',*,*,#5876,.F.);
#7937=ORIENTED_EDGE('',*,*,#5263,.F.);
#7938=ORIENTED_EDGE('',*,*,#5874,.F.);
#7939=ORIENTED_EDGE('',*,*,#5877,.T.);
#7940=ORIENTED_EDGE('',*,*,#5878,.T.);
#7941=ORIENTED_EDGE('',*,*,#5879,.T.);
#7942=ORIENTED_EDGE('',*,*,#5880,.F.);
#7943=ORIENTED_EDGE('',*,*,#5878,.F.);
#7944=ORIENTED_EDGE('',*,*,#5881,.T.);
#7945=ORIENTED_EDGE('',*,*,#5258,.F.);
#7946=ORIENTED_EDGE('',*,*,#5882,.F.);
#7947=ORIENTED_EDGE('',*,*,#5877,.F.);
#7948=ORIENTED_EDGE('',*,*,#5883,.F.);
#7949=ORIENTED_EDGE('',*,*,#5259,.F.);
#7950=ORIENTED_EDGE('',*,*,#5881,.F.);
#7951=ORIENTED_EDGE('',*,*,#5884,.T.);
#7952=ORIENTED_EDGE('',*,*,#5885,.T.);
#7953=ORIENTED_EDGE('',*,*,#5886,.T.);
#7954=ORIENTED_EDGE('',*,*,#5887,.F.);
#7955=ORIENTED_EDGE('',*,*,#5885,.F.);
#7956=ORIENTED_EDGE('',*,*,#5888,.T.);
#7957=ORIENTED_EDGE('',*,*,#5254,.F.);
#7958=ORIENTED_EDGE('',*,*,#5889,.F.);
#7959=ORIENTED_EDGE('',*,*,#5884,.F.);
#7960=ORIENTED_EDGE('',*,*,#5890,.F.);
#7961=ORIENTED_EDGE('',*,*,#5255,.F.);
#7962=ORIENTED_EDGE('',*,*,#5888,.F.);
#7963=ORIENTED_EDGE('',*,*,#5891,.T.);
#7964=ORIENTED_EDGE('',*,*,#5892,.T.);
#7965=ORIENTED_EDGE('',*,*,#5893,.T.);
#7966=ORIENTED_EDGE('',*,*,#5894,.F.);
#7967=ORIENTED_EDGE('',*,*,#5892,.F.);
#7968=ORIENTED_EDGE('',*,*,#5895,.T.);
#7969=ORIENTED_EDGE('',*,*,#5250,.F.);
#7970=ORIENTED_EDGE('',*,*,#5896,.F.);
#7971=ORIENTED_EDGE('',*,*,#5891,.F.);
#7972=ORIENTED_EDGE('',*,*,#5897,.F.);
#7973=ORIENTED_EDGE('',*,*,#5251,.F.);
#7974=ORIENTED_EDGE('',*,*,#5895,.F.);
#7975=ORIENTED_EDGE('',*,*,#5898,.T.);
#7976=ORIENTED_EDGE('',*,*,#5899,.T.);
#7977=ORIENTED_EDGE('',*,*,#5900,.T.);
#7978=ORIENTED_EDGE('',*,*,#5901,.F.);
#7979=ORIENTED_EDGE('',*,*,#5899,.F.);
#7980=ORIENTED_EDGE('',*,*,#5902,.T.);
#7981=ORIENTED_EDGE('',*,*,#5246,.F.);
#7982=ORIENTED_EDGE('',*,*,#5903,.F.);
#7983=ORIENTED_EDGE('',*,*,#5898,.F.);
#7984=ORIENTED_EDGE('',*,*,#5904,.F.);
#7985=ORIENTED_EDGE('',*,*,#5247,.F.);
#7986=ORIENTED_EDGE('',*,*,#5902,.F.);
#7987=ORIENTED_EDGE('',*,*,#5905,.T.);
#7988=ORIENTED_EDGE('',*,*,#5906,.T.);
#7989=ORIENTED_EDGE('',*,*,#5907,.T.);
#7990=ORIENTED_EDGE('',*,*,#5908,.F.);
#7991=ORIENTED_EDGE('',*,*,#5906,.F.);
#7992=ORIENTED_EDGE('',*,*,#5909,.T.);
#7993=ORIENTED_EDGE('',*,*,#5242,.F.);
#7994=ORIENTED_EDGE('',*,*,#5910,.F.);
#7995=ORIENTED_EDGE('',*,*,#5905,.F.);
#7996=ORIENTED_EDGE('',*,*,#5911,.F.);
#7997=ORIENTED_EDGE('',*,*,#5243,.F.);
#7998=ORIENTED_EDGE('',*,*,#5909,.F.);
#7999=ORIENTED_EDGE('',*,*,#5912,.T.);
#8000=ORIENTED_EDGE('',*,*,#5913,.T.);
#8001=ORIENTED_EDGE('',*,*,#5914,.T.);
#8002=ORIENTED_EDGE('',*,*,#5915,.F.);
#8003=ORIENTED_EDGE('',*,*,#5913,.F.);
#8004=ORIENTED_EDGE('',*,*,#5916,.T.);
#8005=ORIENTED_EDGE('',*,*,#5238,.F.);
#8006=ORIENTED_EDGE('',*,*,#5917,.F.);
#8007=ORIENTED_EDGE('',*,*,#5912,.F.);
#8008=ORIENTED_EDGE('',*,*,#5918,.F.);
#8009=ORIENTED_EDGE('',*,*,#5239,.F.);
#8010=ORIENTED_EDGE('',*,*,#5916,.F.);
#8011=ORIENTED_EDGE('',*,*,#5919,.T.);
#8012=ORIENTED_EDGE('',*,*,#5920,.T.);
#8013=ORIENTED_EDGE('',*,*,#5921,.T.);
#8014=ORIENTED_EDGE('',*,*,#5922,.F.);
#8015=ORIENTED_EDGE('',*,*,#5920,.F.);
#8016=ORIENTED_EDGE('',*,*,#5923,.T.);
#8017=ORIENTED_EDGE('',*,*,#5234,.F.);
#8018=ORIENTED_EDGE('',*,*,#5924,.F.);
#8019=ORIENTED_EDGE('',*,*,#5919,.F.);
#8020=ORIENTED_EDGE('',*,*,#5925,.F.);
#8021=ORIENTED_EDGE('',*,*,#5235,.F.);
#8022=ORIENTED_EDGE('',*,*,#5923,.F.);
#8023=ORIENTED_EDGE('',*,*,#5926,.T.);
#8024=ORIENTED_EDGE('',*,*,#5927,.T.);
#8025=ORIENTED_EDGE('',*,*,#5928,.T.);
#8026=ORIENTED_EDGE('',*,*,#5929,.F.);
#8027=ORIENTED_EDGE('',*,*,#5927,.F.);
#8028=ORIENTED_EDGE('',*,*,#5930,.T.);
#8029=ORIENTED_EDGE('',*,*,#5230,.F.);
#8030=ORIENTED_EDGE('',*,*,#5931,.F.);
#8031=ORIENTED_EDGE('',*,*,#5926,.F.);
#8032=ORIENTED_EDGE('',*,*,#5932,.F.);
#8033=ORIENTED_EDGE('',*,*,#5231,.F.);
#8034=ORIENTED_EDGE('',*,*,#5930,.F.);
#8035=ORIENTED_EDGE('',*,*,#5933,.T.);
#8036=ORIENTED_EDGE('',*,*,#5934,.F.);
#8037=ORIENTED_EDGE('',*,*,#5935,.T.);
#8038=ORIENTED_EDGE('',*,*,#5936,.T.);
#8039=ORIENTED_EDGE('',*,*,#5933,.F.);
#8040=ORIENTED_EDGE('',*,*,#5937,.T.);
#8041=ORIENTED_EDGE('',*,*,#5215,.F.);
#8042=ORIENTED_EDGE('',*,*,#5938,.F.);
#8043=ORIENTED_EDGE('',*,*,#5936,.F.);
#8044=ORIENTED_EDGE('',*,*,#5939,.T.);
#8045=ORIENTED_EDGE('',*,*,#5216,.F.);
#8046=ORIENTED_EDGE('',*,*,#5937,.F.);
#8047=ORIENTED_EDGE('',*,*,#5940,.T.);
#8048=ORIENTED_EDGE('',*,*,#5941,.F.);
#8049=ORIENTED_EDGE('',*,*,#5942,.T.);
#8050=ORIENTED_EDGE('',*,*,#5943,.T.);
#8051=ORIENTED_EDGE('',*,*,#5940,.F.);
#8052=ORIENTED_EDGE('',*,*,#5944,.T.);
#8053=ORIENTED_EDGE('',*,*,#5219,.F.);
#8054=ORIENTED_EDGE('',*,*,#5945,.F.);
#8055=ORIENTED_EDGE('',*,*,#5943,.F.);
#8056=ORIENTED_EDGE('',*,*,#5946,.T.);
#8057=ORIENTED_EDGE('',*,*,#5220,.F.);
#8058=ORIENTED_EDGE('',*,*,#5944,.F.);
#8059=ORIENTED_EDGE('',*,*,#5947,.T.);
#8060=ORIENTED_EDGE('',*,*,#5948,.T.);
#8061=ORIENTED_EDGE('',*,*,#5949,.T.);
#8062=ORIENTED_EDGE('',*,*,#5950,.F.);
#8063=ORIENTED_EDGE('',*,*,#5948,.F.);
#8064=ORIENTED_EDGE('',*,*,#5951,.T.);
#8065=ORIENTED_EDGE('',*,*,#5226,.F.);
#8066=ORIENTED_EDGE('',*,*,#5952,.F.);
#8067=ORIENTED_EDGE('',*,*,#5947,.F.);
#8068=ORIENTED_EDGE('',*,*,#5953,.F.);
#8069=ORIENTED_EDGE('',*,*,#5227,.F.);
#8070=ORIENTED_EDGE('',*,*,#5951,.F.);
#8071=ORIENTED_EDGE('',*,*,#5865,.F.);
#8072=ORIENTED_EDGE('',*,*,#5954,.F.);
#8073=ORIENTED_EDGE('',*,*,#5213,.F.);
#8074=ORIENTED_EDGE('',*,*,#5869,.F.);
#8075=ORIENTED_EDGE('',*,*,#5954,.T.);
#8076=ORIENTED_EDGE('',*,*,#5864,.T.);
#8077=ORIENTED_EDGE('',*,*,#5868,.T.);
#8078=ORIENTED_EDGE('',*,*,#5210,.F.);
#8079=ORIENTED_EDGE('',*,*,#5955,.T.);
#8080=ORIENTED_EDGE('',*,*,#5857,.T.);
#8081=ORIENTED_EDGE('',*,*,#5861,.T.);
#8082=ORIENTED_EDGE('',*,*,#5206,.F.);
#8083=ORIENTED_EDGE('',*,*,#5956,.T.);
#8084=ORIENTED_EDGE('',*,*,#5850,.T.);
#8085=ORIENTED_EDGE('',*,*,#5854,.T.);
#8086=ORIENTED_EDGE('',*,*,#5202,.F.);
#8087=ORIENTED_EDGE('',*,*,#5957,.T.);
#8088=ORIENTED_EDGE('',*,*,#5843,.T.);
#8089=ORIENTED_EDGE('',*,*,#5847,.T.);
#8090=ORIENTED_EDGE('',*,*,#5198,.F.);
#8091=ORIENTED_EDGE('',*,*,#5958,.T.);
#8092=ORIENTED_EDGE('',*,*,#5836,.T.);
#8093=ORIENTED_EDGE('',*,*,#5840,.T.);
#8094=ORIENTED_EDGE('',*,*,#5194,.F.);
#8095=ORIENTED_EDGE('',*,*,#5959,.T.);
#8096=ORIENTED_EDGE('',*,*,#5829,.T.);
#8097=ORIENTED_EDGE('',*,*,#5833,.T.);
#8098=ORIENTED_EDGE('',*,*,#5190,.F.);
#8099=ORIENTED_EDGE('',*,*,#5960,.T.);
#8100=ORIENTED_EDGE('',*,*,#5822,.T.);
#8101=ORIENTED_EDGE('',*,*,#5826,.T.);
#8102=ORIENTED_EDGE('',*,*,#5186,.F.);
#8103=ORIENTED_EDGE('',*,*,#5961,.T.);
#8104=ORIENTED_EDGE('',*,*,#5815,.T.);
#8105=ORIENTED_EDGE('',*,*,#5819,.T.);
#8106=ORIENTED_EDGE('',*,*,#5182,.F.);
#8107=ORIENTED_EDGE('',*,*,#5303,.F.);
#8108=ORIENTED_EDGE('',*,*,#5302,.F.);
#8109=ORIENTED_EDGE('',*,*,#5447,.F.);
#8110=ORIENTED_EDGE('',*,*,#5178,.T.);
#8111=ORIENTED_EDGE('',*,*,#5310,.F.);
#8112=ORIENTED_EDGE('',*,*,#5309,.F.);
#8113=ORIENTED_EDGE('',*,*,#5457,.F.);
#8114=ORIENTED_EDGE('',*,*,#5174,.T.);
#8115=ORIENTED_EDGE('',*,*,#5317,.F.);
#8116=ORIENTED_EDGE('',*,*,#5316,.F.);
#8117=ORIENTED_EDGE('',*,*,#5450,.F.);
#8118=ORIENTED_EDGE('',*,*,#5170,.T.);
#8119=ORIENTED_EDGE('',*,*,#5324,.F.);
#8120=ORIENTED_EDGE('',*,*,#5323,.F.);
#8121=ORIENTED_EDGE('',*,*,#5440,.F.);
#8122=ORIENTED_EDGE('',*,*,#5166,.T.);
#8123=ORIENTED_EDGE('',*,*,#5331,.F.);
#8124=ORIENTED_EDGE('',*,*,#5330,.F.);
#8125=ORIENTED_EDGE('',*,*,#5448,.F.);
#8126=ORIENTED_EDGE('',*,*,#5162,.T.);
#8127=ORIENTED_EDGE('',*,*,#5338,.F.);
#8128=ORIENTED_EDGE('',*,*,#5337,.F.);
#8129=ORIENTED_EDGE('',*,*,#5458,.F.);
#8130=ORIENTED_EDGE('',*,*,#5158,.T.);
#8131=ORIENTED_EDGE('',*,*,#5345,.F.);
#8132=ORIENTED_EDGE('',*,*,#5344,.F.);
#8133=ORIENTED_EDGE('',*,*,#5449,.F.);
#8134=ORIENTED_EDGE('',*,*,#5154,.T.);
#8135=ORIENTED_EDGE('',*,*,#5352,.F.);
#8136=ORIENTED_EDGE('',*,*,#5351,.F.);
#8137=ORIENTED_EDGE('',*,*,#5439,.F.);
#8138=ORIENTED_EDGE('',*,*,#5150,.T.);
#8139=ORIENTED_EDGE('',*,*,#5422,.F.);
#8140=ORIENTED_EDGE('',*,*,#5421,.F.);
#8141=ORIENTED_EDGE('',*,*,#5443,.F.);
#8142=ORIENTED_EDGE('',*,*,#5146,.T.);
#8143=ORIENTED_EDGE('',*,*,#5429,.F.);
#8144=ORIENTED_EDGE('',*,*,#5428,.F.);
#8145=ORIENTED_EDGE('',*,*,#5453,.F.);
#8146=ORIENTED_EDGE('',*,*,#5142,.T.);
#8147=ORIENTED_EDGE('',*,*,#5460,.F.);
#8148=ORIENTED_EDGE('',*,*,#5962,.F.);
#8149=ORIENTED_EDGE('',*,*,#5963,.T.);
#8150=ORIENTED_EDGE('',*,*,#5222,.F.);
#8151=ORIENTED_EDGE('',*,*,#5964,.T.);
#8152=ORIENTED_EDGE('',*,*,#5941,.T.);
#8153=ORIENTED_EDGE('',*,*,#5945,.T.);
#8154=ORIENTED_EDGE('',*,*,#5218,.F.);
#8155=ORIENTED_EDGE('',*,*,#5965,.T.);
#8156=ORIENTED_EDGE('',*,*,#5934,.T.);
#8157=ORIENTED_EDGE('',*,*,#5938,.T.);
#8158=ORIENTED_EDGE('',*,*,#5214,.F.);
#8159=ORIENTED_EDGE('',*,*,#5837,.F.);
#8160=ORIENTED_EDGE('',*,*,#5958,.F.);
#8161=ORIENTED_EDGE('',*,*,#5197,.F.);
#8162=ORIENTED_EDGE('',*,*,#5841,.F.);
#8163=ORIENTED_EDGE('',*,*,#5921,.F.);
#8164=ORIENTED_EDGE('',*,*,#5924,.T.);
#8165=ORIENTED_EDGE('',*,*,#5233,.F.);
#8166=ORIENTED_EDGE('',*,*,#5966,.F.);
#8167=ORIENTED_EDGE('',*,*,#5925,.T.);
#8168=ORIENTED_EDGE('',*,*,#5922,.T.);
#8169=ORIENTED_EDGE('',*,*,#5966,.T.);
#8170=ORIENTED_EDGE('',*,*,#5232,.F.);
#8171=ORIENTED_EDGE('',*,*,#5932,.T.);
#8172=ORIENTED_EDGE('',*,*,#5929,.T.);
#8173=ORIENTED_EDGE('',*,*,#5967,.T.);
#8174=ORIENTED_EDGE('',*,*,#5228,.F.);
#8175=ORIENTED_EDGE('',*,*,#5953,.T.);
#8176=ORIENTED_EDGE('',*,*,#5950,.T.);
#8177=ORIENTED_EDGE('',*,*,#5968,.T.);
#8178=ORIENTED_EDGE('',*,*,#5224,.F.);
#8179=ORIENTED_EDGE('',*,*,#5969,.F.);
#8180=ORIENTED_EDGE('',*,*,#5970,.T.);
#8181=ORIENTED_EDGE('',*,*,#5461,.T.);
#8182=ORIENTED_EDGE('',*,*,#5140,.T.);
#8183=ORIENTED_EDGE('',*,*,#5444,.F.);
#8184=ORIENTED_EDGE('',*,*,#5433,.F.);
#8185=ORIENTED_EDGE('',*,*,#5438,.F.);
#8186=ORIENTED_EDGE('',*,*,#5136,.T.);
#8187=ORIENTED_EDGE('',*,*,#5454,.F.);
#8188=ORIENTED_EDGE('',*,*,#5412,.F.);
#8189=ORIENTED_EDGE('',*,*,#5417,.F.);
#8190=ORIENTED_EDGE('',*,*,#5132,.T.);
#8191=ORIENTED_EDGE('',*,*,#5441,.F.);
#8192=ORIENTED_EDGE('',*,*,#5405,.F.);
#8193=ORIENTED_EDGE('',*,*,#5410,.F.);
#8194=ORIENTED_EDGE('',*,*,#5128,.T.);
#8195=ORIENTED_EDGE('',*,*,#5451,.F.);
#8196=ORIENTED_EDGE('',*,*,#5398,.F.);
#8197=ORIENTED_EDGE('',*,*,#5403,.F.);
#8198=ORIENTED_EDGE('',*,*,#5124,.T.);
#8199=ORIENTED_EDGE('',*,*,#5456,.F.);
#8200=ORIENTED_EDGE('',*,*,#5391,.F.);
#8201=ORIENTED_EDGE('',*,*,#5396,.F.);
#8202=ORIENTED_EDGE('',*,*,#5120,.T.);
#8203=ORIENTED_EDGE('',*,*,#5446,.F.);
#8204=ORIENTED_EDGE('',*,*,#5384,.F.);
#8205=ORIENTED_EDGE('',*,*,#5389,.F.);
#8206=ORIENTED_EDGE('',*,*,#5116,.T.);
#8207=ORIENTED_EDGE('',*,*,#5442,.F.);
#8208=ORIENTED_EDGE('',*,*,#5377,.F.);
#8209=ORIENTED_EDGE('',*,*,#5382,.F.);
#8210=ORIENTED_EDGE('',*,*,#5112,.T.);
#8211=ORIENTED_EDGE('',*,*,#5452,.F.);
#8212=ORIENTED_EDGE('',*,*,#5370,.F.);
#8213=ORIENTED_EDGE('',*,*,#5375,.F.);
#8214=ORIENTED_EDGE('',*,*,#5108,.T.);
#8215=ORIENTED_EDGE('',*,*,#5455,.F.);
#8216=ORIENTED_EDGE('',*,*,#5363,.F.);
#8217=ORIENTED_EDGE('',*,*,#5368,.F.);
#8218=ORIENTED_EDGE('',*,*,#5104,.T.);
#8219=ORIENTED_EDGE('',*,*,#5445,.F.);
#8220=ORIENTED_EDGE('',*,*,#5356,.F.);
#8221=ORIENTED_EDGE('',*,*,#5361,.F.);
#8222=ORIENTED_EDGE('',*,*,#5100,.F.);
#8223=ORIENTED_EDGE('',*,*,#5876,.T.);
#8224=ORIENTED_EDGE('',*,*,#5873,.T.);
#8225=ORIENTED_EDGE('',*,*,#5971,.T.);
#8226=ORIENTED_EDGE('',*,*,#5260,.F.);
#8227=ORIENTED_EDGE('',*,*,#5883,.T.);
#8228=ORIENTED_EDGE('',*,*,#5880,.T.);
#8229=ORIENTED_EDGE('',*,*,#5972,.T.);
#8230=ORIENTED_EDGE('',*,*,#5256,.F.);
#8231=ORIENTED_EDGE('',*,*,#5890,.T.);
#8232=ORIENTED_EDGE('',*,*,#5887,.T.);
#8233=ORIENTED_EDGE('',*,*,#5973,.T.);
#8234=ORIENTED_EDGE('',*,*,#5252,.F.);
#8235=ORIENTED_EDGE('',*,*,#5897,.T.);
#8236=ORIENTED_EDGE('',*,*,#5894,.T.);
#8237=ORIENTED_EDGE('',*,*,#5974,.T.);
#8238=ORIENTED_EDGE('',*,*,#5248,.F.);
#8239=ORIENTED_EDGE('',*,*,#5904,.T.);
#8240=ORIENTED_EDGE('',*,*,#5901,.T.);
#8241=ORIENTED_EDGE('',*,*,#5975,.T.);
#8242=ORIENTED_EDGE('',*,*,#5244,.F.);
#8243=ORIENTED_EDGE('',*,*,#5911,.T.);
#8244=ORIENTED_EDGE('',*,*,#5908,.T.);
#8245=ORIENTED_EDGE('',*,*,#5976,.T.);
#8246=ORIENTED_EDGE('',*,*,#5240,.F.);
#8247=ORIENTED_EDGE('',*,*,#5918,.T.);
#8248=ORIENTED_EDGE('',*,*,#5915,.T.);
#8249=ORIENTED_EDGE('',*,*,#5977,.T.);
#8250=ORIENTED_EDGE('',*,*,#5236,.F.);
#8251=ORIENTED_EDGE('',*,*,#5893,.F.);
#8252=ORIENTED_EDGE('',*,*,#5896,.T.);
#8253=ORIENTED_EDGE('',*,*,#5249,.F.);
#8254=ORIENTED_EDGE('',*,*,#5974,.F.);
#8255=ORIENTED_EDGE('',*,*,#5935,.F.);
#8256=ORIENTED_EDGE('',*,*,#5965,.F.);
#8257=ORIENTED_EDGE('',*,*,#5217,.F.);
#8258=ORIENTED_EDGE('',*,*,#5939,.F.);
#8259=ORIENTED_EDGE('',*,*,#5949,.F.);
#8260=ORIENTED_EDGE('',*,*,#5952,.T.);
#8261=ORIENTED_EDGE('',*,*,#5225,.F.);
#8262=ORIENTED_EDGE('',*,*,#5968,.F.);
#8263=ORIENTED_EDGE('',*,*,#5872,.F.);
#8264=ORIENTED_EDGE('',*,*,#5875,.T.);
#8265=ORIENTED_EDGE('',*,*,#5261,.F.);
#8266=ORIENTED_EDGE('',*,*,#5971,.F.);
#8267=ORIENTED_EDGE('',*,*,#5900,.F.);
#8268=ORIENTED_EDGE('',*,*,#5903,.T.);
#8269=ORIENTED_EDGE('',*,*,#5245,.F.);
#8270=ORIENTED_EDGE('',*,*,#5975,.F.);
#8271=ORIENTED_EDGE('',*,*,#5816,.F.);
#8272=ORIENTED_EDGE('',*,*,#5961,.F.);
#8273=ORIENTED_EDGE('',*,*,#5185,.F.);
#8274=ORIENTED_EDGE('',*,*,#5820,.F.);
#8275=ORIENTED_EDGE('',*,*,#5844,.F.);
#8276=ORIENTED_EDGE('',*,*,#5957,.F.);
#8277=ORIENTED_EDGE('',*,*,#5201,.F.);
#8278=ORIENTED_EDGE('',*,*,#5848,.F.);
#8279=ORIENTED_EDGE('',*,*,#5858,.F.);
#8280=ORIENTED_EDGE('',*,*,#5955,.F.);
#8281=ORIENTED_EDGE('',*,*,#5209,.F.);
#8282=ORIENTED_EDGE('',*,*,#5862,.F.);
#8283=ORIENTED_EDGE('',*,*,#5830,.F.);
#8284=ORIENTED_EDGE('',*,*,#5959,.F.);
#8285=ORIENTED_EDGE('',*,*,#5193,.F.);
#8286=ORIENTED_EDGE('',*,*,#5834,.F.);
#8287=ORIENTED_EDGE('',*,*,#5914,.F.);
#8288=ORIENTED_EDGE('',*,*,#5917,.T.);
#8289=ORIENTED_EDGE('',*,*,#5237,.F.);
#8290=ORIENTED_EDGE('',*,*,#5977,.F.);
#8291=ORIENTED_EDGE('',*,*,#5886,.F.);
#8292=ORIENTED_EDGE('',*,*,#5889,.T.);
#8293=ORIENTED_EDGE('',*,*,#5253,.F.);
#8294=ORIENTED_EDGE('',*,*,#5973,.F.);
#8295=ORIENTED_EDGE('',*,*,#5942,.F.);
#8296=ORIENTED_EDGE('',*,*,#5964,.F.);
#8297=ORIENTED_EDGE('',*,*,#5221,.F.);
#8298=ORIENTED_EDGE('',*,*,#5946,.F.);
#8299=ORIENTED_EDGE('',*,*,#5928,.F.);
#8300=ORIENTED_EDGE('',*,*,#5931,.T.);
#8301=ORIENTED_EDGE('',*,*,#5229,.F.);
#8302=ORIENTED_EDGE('',*,*,#5967,.F.);
#8303=ORIENTED_EDGE('',*,*,#5879,.F.);
#8304=ORIENTED_EDGE('',*,*,#5882,.T.);
#8305=ORIENTED_EDGE('',*,*,#5257,.F.);
#8306=ORIENTED_EDGE('',*,*,#5972,.F.);
#8307=ORIENTED_EDGE('',*,*,#5907,.F.);
#8308=ORIENTED_EDGE('',*,*,#5910,.T.);
#8309=ORIENTED_EDGE('',*,*,#5241,.F.);
#8310=ORIENTED_EDGE('',*,*,#5976,.F.);
#8311=ORIENTED_EDGE('',*,*,#5823,.F.);
#8312=ORIENTED_EDGE('',*,*,#5960,.F.);
#8313=ORIENTED_EDGE('',*,*,#5189,.F.);
#8314=ORIENTED_EDGE('',*,*,#5827,.F.);
#8315=ORIENTED_EDGE('',*,*,#5851,.F.);
#8316=ORIENTED_EDGE('',*,*,#5956,.F.);
#8317=ORIENTED_EDGE('',*,*,#5205,.F.);
#8318=ORIENTED_EDGE('',*,*,#5855,.F.);
#8319=ORIENTED_EDGE('',*,*,#5978,.T.);
#8320=ORIENTED_EDGE('',*,*,#5962,.T.);
#8321=ORIENTED_EDGE('',*,*,#5459,.F.);
#8322=ORIENTED_EDGE('',*,*,#5979,.T.);
#8323=ORIENTED_EDGE('',*,*,#5978,.F.);
#8324=ORIENTED_EDGE('',*,*,#5980,.T.);
#8325=ORIENTED_EDGE('',*,*,#5981,.F.);
#8326=ORIENTED_EDGE('',*,*,#5969,.T.);
#8327=ORIENTED_EDGE('',*,*,#5223,.F.);
#8328=ORIENTED_EDGE('',*,*,#5963,.F.);
#8329=ORIENTED_EDGE('',*,*,#5981,.T.);
#8330=ORIENTED_EDGE('',*,*,#5982,.T.);
#8331=ORIENTED_EDGE('',*,*,#5462,.F.);
#8332=ORIENTED_EDGE('',*,*,#5970,.F.);
#8333=ORIENTED_EDGE('',*,*,#5979,.F.);
#8334=ORIENTED_EDGE('',*,*,#5463,.T.);
#8335=ORIENTED_EDGE('',*,*,#5982,.F.);
#8336=ORIENTED_EDGE('',*,*,#5980,.F.);
#8337=ORIENTED_EDGE('',*,*,#5983,.T.);
#8338=ORIENTED_EDGE('',*,*,#5984,.T.);
#8339=ORIENTED_EDGE('',*,*,#5985,.T.);
#8340=ORIENTED_EDGE('',*,*,#5986,.T.);
#8341=ORIENTED_EDGE('',*,*,#5987,.T.);
#8342=ORIENTED_EDGE('',*,*,#5988,.T.);
#8343=ORIENTED_EDGE('',*,*,#5989,.T.);
#8344=ORIENTED_EDGE('',*,*,#5986,.F.);
#8345=ORIENTED_EDGE('',*,*,#5990,.T.);
#8346=ORIENTED_EDGE('',*,*,#5991,.T.);
#8347=ORIENTED_EDGE('',*,*,#5992,.T.);
#8348=ORIENTED_EDGE('',*,*,#5988,.F.);
#8349=ORIENTED_EDGE('',*,*,#5993,.T.);
#8350=ORIENTED_EDGE('',*,*,#5994,.T.);
#8351=ORIENTED_EDGE('',*,*,#5995,.T.);
#8352=ORIENTED_EDGE('',*,*,#5991,.F.);
#8353=ORIENTED_EDGE('',*,*,#5996,.T.);
#8354=ORIENTED_EDGE('',*,*,#5997,.T.);
#8355=ORIENTED_EDGE('',*,*,#5998,.T.);
#8356=ORIENTED_EDGE('',*,*,#5994,.F.);
#8357=ORIENTED_EDGE('',*,*,#5999,.T.);
#8358=ORIENTED_EDGE('',*,*,#6000,.T.);
#8359=ORIENTED_EDGE('',*,*,#6001,.T.);
#8360=ORIENTED_EDGE('',*,*,#5997,.F.);
#8361=ORIENTED_EDGE('',*,*,#5983,.F.);
#8362=ORIENTED_EDGE('',*,*,#6002,.T.);
#8363=ORIENTED_EDGE('',*,*,#6003,.F.);
#8364=ORIENTED_EDGE('',*,*,#6004,.F.);
#8365=ORIENTED_EDGE('',*,*,#5989,.F.);
#8366=ORIENTED_EDGE('',*,*,#6005,.T.);
#8367=ORIENTED_EDGE('',*,*,#6006,.F.);
#8368=ORIENTED_EDGE('',*,*,#6002,.F.);
#8369=ORIENTED_EDGE('',*,*,#5992,.F.);
#8370=ORIENTED_EDGE('',*,*,#6007,.T.);
#8371=ORIENTED_EDGE('',*,*,#6008,.F.);
#8372=ORIENTED_EDGE('',*,*,#6005,.F.);
#8373=ORIENTED_EDGE('',*,*,#5995,.F.);
#8374=ORIENTED_EDGE('',*,*,#6009,.T.);
#8375=ORIENTED_EDGE('',*,*,#6010,.F.);
#8376=ORIENTED_EDGE('',*,*,#6007,.F.);
#8377=ORIENTED_EDGE('',*,*,#5998,.F.);
#8378=ORIENTED_EDGE('',*,*,#6011,.T.);
#8379=ORIENTED_EDGE('',*,*,#6012,.F.);
#8380=ORIENTED_EDGE('',*,*,#6009,.F.);
#8381=ORIENTED_EDGE('',*,*,#6001,.F.);
#8382=ORIENTED_EDGE('',*,*,#6013,.T.);
#8383=ORIENTED_EDGE('',*,*,#6014,.F.);
#8384=ORIENTED_EDGE('',*,*,#6011,.F.);
#8385=ORIENTED_EDGE('',*,*,#6015,.T.);
#8386=ORIENTED_EDGE('',*,*,#6016,.T.);
#8387=ORIENTED_EDGE('',*,*,#6017,.T.);
#8388=ORIENTED_EDGE('',*,*,#6018,.T.);
#8389=ORIENTED_EDGE('',*,*,#6019,.F.);
#8390=ORIENTED_EDGE('',*,*,#5094,.T.);
#8391=ORIENTED_EDGE('',*,*,#5749,.T.);
#8392=ORIENTED_EDGE('',*,*,#6020,.F.);
#8393=ORIENTED_EDGE('',*,*,#5499,.T.);
#8394=ORIENTED_EDGE('',*,*,#5533,.F.);
#8395=ORIENTED_EDGE('',*,*,#5531,.F.);
#8396=ORIENTED_EDGE('',*,*,#5527,.F.);
#8397=ORIENTED_EDGE('',*,*,#5494,.F.);
#8398=ORIENTED_EDGE('',*,*,#5492,.F.);
#8399=ORIENTED_EDGE('',*,*,#5490,.F.);
#8400=ORIENTED_EDGE('',*,*,#5488,.F.);
#8401=ORIENTED_EDGE('',*,*,#5486,.F.);
#8402=ORIENTED_EDGE('',*,*,#5484,.F.);
#8403=ORIENTED_EDGE('',*,*,#5524,.F.);
#8404=ORIENTED_EDGE('',*,*,#5500,.F.);
#8405=ORIENTED_EDGE('',*,*,#6016,.F.);
#8406=ORIENTED_EDGE('',*,*,#6021,.T.);
#8407=ORIENTED_EDGE('',*,*,#6022,.T.);
#8408=ORIENTED_EDGE('',*,*,#6003,.T.);
#8409=ORIENTED_EDGE('',*,*,#6006,.T.);
#8410=ORIENTED_EDGE('',*,*,#6008,.T.);
#8411=ORIENTED_EDGE('',*,*,#6010,.T.);
#8412=ORIENTED_EDGE('',*,*,#6012,.T.);
#8413=ORIENTED_EDGE('',*,*,#6014,.T.);
#8414=ORIENTED_EDGE('',*,*,#6023,.T.);
#8415=ORIENTED_EDGE('',*,*,#6024,.T.);
#8416=ORIENTED_EDGE('',*,*,#6025,.T.);
#8417=ORIENTED_EDGE('',*,*,#6015,.F.);
#8418=ORIENTED_EDGE('',*,*,#6026,.F.);
#8419=ORIENTED_EDGE('',*,*,#6027,.F.);
#8420=ORIENTED_EDGE('',*,*,#6028,.F.);
#8421=ORIENTED_EDGE('',*,*,#6029,.F.);
#8422=ORIENTED_EDGE('',*,*,#6030,.F.);
#8423=ORIENTED_EDGE('',*,*,#6031,.T.);
#8424=ORIENTED_EDGE('',*,*,#6032,.F.);
#8425=ORIENTED_EDGE('',*,*,#6033,.T.);
#8426=ORIENTED_EDGE('',*,*,#6021,.F.);
#8427=ORIENTED_EDGE('',*,*,#6027,.T.);
#8428=ORIENTED_EDGE('',*,*,#6034,.T.);
#8429=ORIENTED_EDGE('',*,*,#6035,.T.);
#8430=ORIENTED_EDGE('',*,*,#6036,.T.);
#8431=ORIENTED_EDGE('',*,*,#6036,.F.);
#8432=ORIENTED_EDGE('',*,*,#6037,.T.);
#8433=ORIENTED_EDGE('',*,*,#6038,.F.);
#8434=ORIENTED_EDGE('',*,*,#6028,.T.);
#8435=ORIENTED_EDGE('',*,*,#6039,.T.);
#8436=ORIENTED_EDGE('',*,*,#6040,.T.);
#8437=ORIENTED_EDGE('',*,*,#6029,.T.);
#8438=ORIENTED_EDGE('',*,*,#6038,.T.);
#8439=ORIENTED_EDGE('',*,*,#6018,.F.);
#8440=ORIENTED_EDGE('',*,*,#6041,.T.);
#8441=ORIENTED_EDGE('',*,*,#6034,.F.);
#8442=ORIENTED_EDGE('',*,*,#6026,.T.);
#8443=ORIENTED_EDGE('',*,*,#6040,.F.);
#8444=ORIENTED_EDGE('',*,*,#6042,.T.);
#8445=ORIENTED_EDGE('',*,*,#6043,.T.);
#8446=ORIENTED_EDGE('',*,*,#6030,.T.);
#8447=ORIENTED_EDGE('',*,*,#6044,.T.);
#8448=ORIENTED_EDGE('',*,*,#6045,.T.);
#8449=ORIENTED_EDGE('',*,*,#6046,.T.);
#8450=ORIENTED_EDGE('',*,*,#6032,.T.);
#8451=ORIENTED_EDGE('',*,*,#6047,.T.);
#8452=ORIENTED_EDGE('',*,*,#6048,.T.);
#8453=ORIENTED_EDGE('',*,*,#6046,.F.);
#8454=ORIENTED_EDGE('',*,*,#6049,.F.);
#8455=ORIENTED_EDGE('',*,*,#5984,.F.);
#8456=ORIENTED_EDGE('',*,*,#6004,.T.);
#8457=ORIENTED_EDGE('',*,*,#6022,.F.);
#8458=ORIENTED_EDGE('',*,*,#6033,.F.);
#8459=ORIENTED_EDGE('',*,*,#6050,.F.);
#8460=ORIENTED_EDGE('',*,*,#6051,.F.);
#8461=ORIENTED_EDGE('',*,*,#6052,.F.);
#8462=ORIENTED_EDGE('',*,*,#6053,.F.);
#8463=ORIENTED_EDGE('',*,*,#6054,.T.);
#8464=ORIENTED_EDGE('',*,*,#5772,.T.);
#8465=ORIENTED_EDGE('',*,*,#5580,.T.);
#8466=ORIENTED_EDGE('',*,*,#5576,.T.);
#8467=ORIENTED_EDGE('',*,*,#5587,.F.);
#8468=ORIENTED_EDGE('',*,*,#5536,.T.);
#8469=ORIENTED_EDGE('',*,*,#5540,.T.);
#8470=ORIENTED_EDGE('',*,*,#5541,.T.);
#8471=ORIENTED_EDGE('',*,*,#5589,.F.);
#8472=ORIENTED_EDGE('',*,*,#5584,.F.);
#8473=ORIENTED_EDGE('',*,*,#5552,.T.);
#8474=ORIENTED_EDGE('',*,*,#5561,.F.);
#8475=ORIENTED_EDGE('',*,*,#5525,.F.);
#8476=ORIENTED_EDGE('',*,*,#5466,.T.);
#8477=ORIENTED_EDGE('',*,*,#5468,.T.);
#8478=ORIENTED_EDGE('',*,*,#5471,.T.);
#8479=ORIENTED_EDGE('',*,*,#5474,.T.);
#8480=ORIENTED_EDGE('',*,*,#5477,.T.);
#8481=ORIENTED_EDGE('',*,*,#5480,.T.);
#8482=ORIENTED_EDGE('',*,*,#5529,.F.);
#8483=ORIENTED_EDGE('',*,*,#5530,.F.);
#8484=ORIENTED_EDGE('',*,*,#5523,.T.);
#8485=ORIENTED_EDGE('',*,*,#6049,.T.);
#8486=ORIENTED_EDGE('',*,*,#6045,.F.);
#8487=ORIENTED_EDGE('',*,*,#6055,.T.);
#8488=ORIENTED_EDGE('',*,*,#6056,.T.);
#8489=ORIENTED_EDGE('',*,*,#5999,.F.);
#8490=ORIENTED_EDGE('',*,*,#5996,.F.);
#8491=ORIENTED_EDGE('',*,*,#5993,.F.);
#8492=ORIENTED_EDGE('',*,*,#5990,.F.);
#8493=ORIENTED_EDGE('',*,*,#5987,.F.);
#8494=ORIENTED_EDGE('',*,*,#5985,.F.);
#8495=ORIENTED_EDGE('',*,*,#6057,.T.);
#8496=ORIENTED_EDGE('',*,*,#6058,.T.);
#8497=ORIENTED_EDGE('',*,*,#6059,.F.);
#8498=ORIENTED_EDGE('',*,*,#6060,.T.);
#8499=ORIENTED_EDGE('',*,*,#6061,.T.);
#8500=ORIENTED_EDGE('',*,*,#6062,.F.);
#8501=ORIENTED_EDGE('',*,*,#6063,.F.);
#8502=ORIENTED_EDGE('',*,*,#6064,.F.);
#8503=ORIENTED_EDGE('',*,*,#6047,.F.);
#8504=ORIENTED_EDGE('',*,*,#6031,.F.);
#8505=ORIENTED_EDGE('',*,*,#6043,.F.);
#8506=ORIENTED_EDGE('',*,*,#6065,.T.);
#8507=ORIENTED_EDGE('',*,*,#6023,.F.);
#8508=ORIENTED_EDGE('',*,*,#6013,.F.);
#8509=ORIENTED_EDGE('',*,*,#6000,.F.);
#8510=ORIENTED_EDGE('',*,*,#6056,.F.);
#8511=ORIENTED_EDGE('',*,*,#6066,.T.);
#8512=ORIENTED_EDGE('',*,*,#6044,.F.);
#8513=ORIENTED_EDGE('',*,*,#6067,.T.);
#8514=ORIENTED_EDGE('',*,*,#6024,.F.);
#8515=ORIENTED_EDGE('',*,*,#6066,.F.);
#8516=ORIENTED_EDGE('',*,*,#6055,.F.);
#8517=ORIENTED_EDGE('',*,*,#6017,.F.);
#8518=ORIENTED_EDGE('',*,*,#6025,.F.);
#8519=ORIENTED_EDGE('',*,*,#6067,.F.);
#8520=ORIENTED_EDGE('',*,*,#6048,.F.);
#8521=ORIENTED_EDGE('',*,*,#6065,.F.);
#8522=ORIENTED_EDGE('',*,*,#6042,.F.);
#8523=ORIENTED_EDGE('',*,*,#6039,.F.);
#8524=ORIENTED_EDGE('',*,*,#6037,.F.);
#8525=ORIENTED_EDGE('',*,*,#6035,.F.);
#8526=ORIENTED_EDGE('',*,*,#6041,.F.);
#8527=ORIENTED_EDGE('',*,*,#6068,.T.);
#8528=ORIENTED_EDGE('',*,*,#6069,.T.);
#8529=ORIENTED_EDGE('',*,*,#6064,.T.);
#8530=ORIENTED_EDGE('',*,*,#6070,.T.);
#8531=ORIENTED_EDGE('',*,*,#6071,.T.);
#8532=ORIENTED_EDGE('',*,*,#6070,.F.);
#8533=ORIENTED_EDGE('',*,*,#6063,.T.);
#8534=ORIENTED_EDGE('',*,*,#6072,.T.);
#8535=ORIENTED_EDGE('',*,*,#6062,.T.);
#8536=ORIENTED_EDGE('',*,*,#6073,.T.);
#8537=ORIENTED_EDGE('',*,*,#6074,.T.);
#8538=ORIENTED_EDGE('',*,*,#6072,.F.);
#8539=ORIENTED_EDGE('',*,*,#6068,.F.);
#8540=ORIENTED_EDGE('',*,*,#6075,.T.);
#8541=ORIENTED_EDGE('',*,*,#6076,.T.);
#8542=ORIENTED_EDGE('',*,*,#6077,.F.);
#8543=ORIENTED_EDGE('',*,*,#6071,.F.);
#8544=ORIENTED_EDGE('',*,*,#6078,.T.);
#8545=ORIENTED_EDGE('',*,*,#6079,.T.);
#8546=ORIENTED_EDGE('',*,*,#6075,.F.);
#8547=ORIENTED_EDGE('',*,*,#6074,.F.);
#8548=ORIENTED_EDGE('',*,*,#6080,.T.);
#8549=ORIENTED_EDGE('',*,*,#6081,.T.);
#8550=ORIENTED_EDGE('',*,*,#6078,.F.);
#8551=ORIENTED_EDGE('',*,*,#6082,.T.);
#8552=ORIENTED_EDGE('',*,*,#6083,.T.);
#8553=ORIENTED_EDGE('',*,*,#6084,.T.);
#8554=ORIENTED_EDGE('',*,*,#6059,.T.);
#8555=ORIENTED_EDGE('',*,*,#6083,.F.);
#8556=ORIENTED_EDGE('',*,*,#6085,.T.);
#8557=ORIENTED_EDGE('',*,*,#6086,.F.);
#8558=ORIENTED_EDGE('',*,*,#6087,.T.);
#8559=ORIENTED_EDGE('',*,*,#6082,.F.);
#8560=ORIENTED_EDGE('',*,*,#6058,.F.);
#8561=ORIENTED_EDGE('',*,*,#6088,.T.);
#8562=ORIENTED_EDGE('',*,*,#6089,.T.);
#8563=ORIENTED_EDGE('',*,*,#6090,.F.);
#8564=ORIENTED_EDGE('',*,*,#6085,.F.);
#8565=ORIENTED_EDGE('',*,*,#6091,.T.);
#8566=ORIENTED_EDGE('',*,*,#6086,.T.);
#8567=ORIENTED_EDGE('',*,*,#6090,.T.);
#8568=ORIENTED_EDGE('',*,*,#6092,.T.);
#8569=ORIENTED_EDGE('',*,*,#6093,.T.);
#8570=ORIENTED_EDGE('',*,*,#6094,.T.);
#8571=ORIENTED_EDGE('',*,*,#6095,.T.);
#8572=ORIENTED_EDGE('',*,*,#6096,.T.);
#8573=ORIENTED_EDGE('',*,*,#6097,.T.);
#8574=ORIENTED_EDGE('',*,*,#6094,.F.);
#8575=ORIENTED_EDGE('',*,*,#6098,.T.);
#8576=ORIENTED_EDGE('',*,*,#6099,.T.);
#8577=ORIENTED_EDGE('',*,*,#6100,.T.);
#8578=ORIENTED_EDGE('',*,*,#6093,.F.);
#8579=ORIENTED_EDGE('',*,*,#6101,.F.);
#8580=ORIENTED_EDGE('',*,*,#6102,.F.);
#8581=ORIENTED_EDGE('',*,*,#6103,.T.);
#8582=ORIENTED_EDGE('',*,*,#6104,.T.);
#8583=ORIENTED_EDGE('',*,*,#6098,.F.);
#8584=ORIENTED_EDGE('',*,*,#6051,.T.);
#8585=ORIENTED_EDGE('',*,*,#6105,.T.);
#8586=ORIENTED_EDGE('',*,*,#6102,.T.);
#8587=ORIENTED_EDGE('',*,*,#6106,.T.);
#8588=ORIENTED_EDGE('',*,*,#6050,.T.);
#8589=ORIENTED_EDGE('',*,*,#5578,.T.);
#8590=ORIENTED_EDGE('',*,*,#6107,.T.);
#8591=ORIENTED_EDGE('',*,*,#6105,.F.);
#8592=ORIENTED_EDGE('',*,*,#6108,.T.);
#8593=ORIENTED_EDGE('',*,*,#6109,.T.);
#8594=ORIENTED_EDGE('',*,*,#6052,.T.);
#8595=ORIENTED_EDGE('',*,*,#6106,.F.);
#8596=ORIENTED_EDGE('',*,*,#5812,.T.);
#8597=ORIENTED_EDGE('',*,*,#6110,.T.);
#8598=ORIENTED_EDGE('',*,*,#6109,.F.);
#8599=ORIENTED_EDGE('',*,*,#6111,.T.);
#8600=ORIENTED_EDGE('',*,*,#6107,.F.);
#8601=ORIENTED_EDGE('',*,*,#5573,.T.);
#8602=ORIENTED_EDGE('',*,*,#6112,.T.);
#8603=ORIENTED_EDGE('',*,*,#6103,.F.);
#8604=ORIENTED_EDGE('',*,*,#6113,.T.);
#8605=ORIENTED_EDGE('',*,*,#6104,.F.);
#8606=ORIENTED_EDGE('',*,*,#6112,.F.);
#8607=ORIENTED_EDGE('',*,*,#5572,.T.);
#8608=ORIENTED_EDGE('',*,*,#6084,.F.);
#8609=ORIENTED_EDGE('',*,*,#6087,.F.);
#8610=ORIENTED_EDGE('',*,*,#6091,.F.);
#8611=ORIENTED_EDGE('',*,*,#6114,.T.);
#8612=ORIENTED_EDGE('',*,*,#6115,.F.);
#8613=ORIENTED_EDGE('',*,*,#6060,.F.);
#8614=ORIENTED_EDGE('',*,*,#6057,.F.);
#8615=ORIENTED_EDGE('',*,*,#6069,.F.);
#8616=ORIENTED_EDGE('',*,*,#6077,.T.);
#8617=ORIENTED_EDGE('',*,*,#6116,.T.);
#8618=ORIENTED_EDGE('',*,*,#6088,.F.);
#8619=ORIENTED_EDGE('',*,*,#6061,.F.);
#8620=ORIENTED_EDGE('',*,*,#6115,.T.);
#8621=ORIENTED_EDGE('',*,*,#6117,.T.);
#8622=ORIENTED_EDGE('',*,*,#6080,.F.);
#8623=ORIENTED_EDGE('',*,*,#6073,.F.);
#8624=ORIENTED_EDGE('',*,*,#6117,.F.);
#8625=ORIENTED_EDGE('',*,*,#6114,.F.);
#8626=ORIENTED_EDGE('',*,*,#6092,.F.);
#8627=ORIENTED_EDGE('',*,*,#6089,.F.);
#8628=ORIENTED_EDGE('',*,*,#6116,.F.);
#8629=ORIENTED_EDGE('',*,*,#6076,.F.);
#8630=ORIENTED_EDGE('',*,*,#6079,.F.);
#8631=ORIENTED_EDGE('',*,*,#6081,.F.);
#8632=ORIENTED_EDGE('',*,*,#6118,.T.);
#8633=ORIENTED_EDGE('',*,*,#6119,.T.);
#8634=ORIENTED_EDGE('',*,*,#6120,.T.);
#8635=ORIENTED_EDGE('',*,*,#6121,.T.);
#8636=ORIENTED_EDGE('',*,*,#6119,.F.);
#8637=ORIENTED_EDGE('',*,*,#6122,.T.);
#8638=ORIENTED_EDGE('',*,*,#6123,.F.);
#8639=ORIENTED_EDGE('',*,*,#6124,.T.);
#8640=ORIENTED_EDGE('',*,*,#5780,.F.);
#8641=ORIENTED_EDGE('',*,*,#5035,.T.);
#8642=ORIENTED_EDGE('',*,*,#6125,.F.);
#8643=ORIENTED_EDGE('',*,*,#6122,.F.);
#8644=ORIENTED_EDGE('',*,*,#6118,.F.);
#8645=ORIENTED_EDGE('',*,*,#6126,.F.);
#8646=ORIENTED_EDGE('',*,*,#6127,.F.);
#8647=ORIENTED_EDGE('',*,*,#6128,.F.);
#8648=ORIENTED_EDGE('',*,*,#6129,.F.);
#8649=ORIENTED_EDGE('',*,*,#6130,.T.);
#8650=ORIENTED_EDGE('',*,*,#6131,.F.);
#8651=ORIENTED_EDGE('',*,*,#6132,.F.);
#8652=ORIENTED_EDGE('',*,*,#6133,.F.);
#8653=ORIENTED_EDGE('',*,*,#5811,.F.);
#8654=ORIENTED_EDGE('',*,*,#5785,.F.);
#8655=ORIENTED_EDGE('',*,*,#5788,.F.);
#8656=ORIENTED_EDGE('',*,*,#5790,.F.);
#8657=ORIENTED_EDGE('',*,*,#5794,.F.);
#8658=ORIENTED_EDGE('',*,*,#5795,.F.);
#8659=ORIENTED_EDGE('',*,*,#6125,.T.);
#8660=ORIENTED_EDGE('',*,*,#5034,.T.);
#8661=ORIENTED_EDGE('',*,*,#6134,.T.);
#8662=ORIENTED_EDGE('',*,*,#6123,.T.);
#8663=ORIENTED_EDGE('',*,*,#6121,.F.);
#8664=ORIENTED_EDGE('',*,*,#6135,.T.);
#8665=ORIENTED_EDGE('',*,*,#6136,.F.);
#8666=ORIENTED_EDGE('',*,*,#6137,.F.);
#8667=ORIENTED_EDGE('',*,*,#6126,.T.);
#8668=ORIENTED_EDGE('',*,*,#6120,.F.);
#8669=ORIENTED_EDGE('',*,*,#6124,.F.);
#8670=ORIENTED_EDGE('',*,*,#6134,.F.);
#8671=ORIENTED_EDGE('',*,*,#5033,.F.);
#8672=ORIENTED_EDGE('',*,*,#6138,.T.);
#8673=ORIENTED_EDGE('',*,*,#6139,.T.);
#8674=ORIENTED_EDGE('',*,*,#6135,.F.);
#8675=ORIENTED_EDGE('',*,*,#5803,.T.);
#8676=ORIENTED_EDGE('',*,*,#5805,.F.);
#8677=ORIENTED_EDGE('',*,*,#5807,.T.);
#8678=ORIENTED_EDGE('',*,*,#5810,.F.);
#8679=ORIENTED_EDGE('',*,*,#6140,.T.);
#8680=ORIENTED_EDGE('',*,*,#5800,.F.);
#8681=ORIENTED_EDGE('',*,*,#5801,.T.);
#8682=ORIENTED_EDGE('',*,*,#6141,.T.);
#8683=ORIENTED_EDGE('',*,*,#5038,.F.);
#8684=ORIENTED_EDGE('',*,*,#5798,.T.);
#8685=ORIENTED_EDGE('',*,*,#5809,.T.);
#8686=ORIENTED_EDGE('',*,*,#6142,.T.);
#8687=ORIENTED_EDGE('',*,*,#6096,.F.);
#8688=ORIENTED_EDGE('',*,*,#6143,.T.);
#8689=ORIENTED_EDGE('',*,*,#6142,.F.);
#8690=ORIENTED_EDGE('',*,*,#5808,.T.);
#8691=ORIENTED_EDGE('',*,*,#5813,.F.);
#8692=ORIENTED_EDGE('',*,*,#6111,.F.);
#8693=ORIENTED_EDGE('',*,*,#6108,.F.);
#8694=ORIENTED_EDGE('',*,*,#6101,.T.);
#8695=ORIENTED_EDGE('',*,*,#6097,.F.);
#8696=ORIENTED_EDGE('',*,*,#4874,.T.);
#8697=ORIENTED_EDGE('',*,*,#4921,.F.);
#8698=ORIENTED_EDGE('',*,*,#6144,.F.);
#8699=ORIENTED_EDGE('',*,*,#4924,.F.);
#8700=ORIENTED_EDGE('',*,*,#4870,.T.);
#8701=ORIENTED_EDGE('',*,*,#4930,.F.);
#8702=ORIENTED_EDGE('',*,*,#6145,.F.);
#8703=ORIENTED_EDGE('',*,*,#4933,.F.);
#8704=ORIENTED_EDGE('',*,*,#4866,.T.);
#8705=ORIENTED_EDGE('',*,*,#4939,.F.);
#8706=ORIENTED_EDGE('',*,*,#6146,.F.);
#8707=ORIENTED_EDGE('',*,*,#4942,.F.);
#8708=ORIENTED_EDGE('',*,*,#4862,.T.);
#8709=ORIENTED_EDGE('',*,*,#4948,.F.);
#8710=ORIENTED_EDGE('',*,*,#6147,.F.);
#8711=ORIENTED_EDGE('',*,*,#4951,.F.);
#8712=ORIENTED_EDGE('',*,*,#4858,.T.);
#8713=ORIENTED_EDGE('',*,*,#4957,.F.);
#8714=ORIENTED_EDGE('',*,*,#6148,.F.);
#8715=ORIENTED_EDGE('',*,*,#4960,.F.);
#8716=ORIENTED_EDGE('',*,*,#4854,.T.);
#8717=ORIENTED_EDGE('',*,*,#4966,.F.);
#8718=ORIENTED_EDGE('',*,*,#6149,.F.);
#8719=ORIENTED_EDGE('',*,*,#4969,.F.);
#8720=ORIENTED_EDGE('',*,*,#4850,.T.);
#8721=ORIENTED_EDGE('',*,*,#4975,.F.);
#8722=ORIENTED_EDGE('',*,*,#6150,.F.);
#8723=ORIENTED_EDGE('',*,*,#4978,.F.);
#8724=ORIENTED_EDGE('',*,*,#4846,.T.);
#8725=ORIENTED_EDGE('',*,*,#4984,.F.);
#8726=ORIENTED_EDGE('',*,*,#6151,.F.);
#8727=ORIENTED_EDGE('',*,*,#4987,.F.);
#8728=ORIENTED_EDGE('',*,*,#4842,.T.);
#8729=ORIENTED_EDGE('',*,*,#4993,.F.);
#8730=ORIENTED_EDGE('',*,*,#6152,.F.);
#8731=ORIENTED_EDGE('',*,*,#4996,.F.);
#8732=ORIENTED_EDGE('',*,*,#4838,.T.);
#8733=ORIENTED_EDGE('',*,*,#4834,.T.);
#8734=ORIENTED_EDGE('',*,*,#5039,.T.);
#8735=ORIENTED_EDGE('',*,*,#6141,.F.);
#8736=ORIENTED_EDGE('',*,*,#6140,.F.);
#8737=ORIENTED_EDGE('',*,*,#6143,.F.);
#8738=ORIENTED_EDGE('',*,*,#6095,.F.);
#8739=ORIENTED_EDGE('',*,*,#6153,.T.);
#8740=ORIENTED_EDGE('',*,*,#6154,.T.);
#8741=ORIENTED_EDGE('',*,*,#5620,.F.);
#8742=ORIENTED_EDGE('',*,*,#5567,.T.);
#8743=ORIENTED_EDGE('',*,*,#5615,.T.);
#8744=ORIENTED_EDGE('',*,*,#5613,.T.);
#8745=ORIENTED_EDGE('',*,*,#5614,.T.);
#8746=ORIENTED_EDGE('',*,*,#5024,.F.);
#8747=ORIENTED_EDGE('',*,*,#4828,.T.);
#8748=ORIENTED_EDGE('',*,*,#4836,.T.);
#8749=ORIENTED_EDGE('',*,*,#5689,.T.);
#8750=ORIENTED_EDGE('',*,*,#5687,.T.);
#8751=ORIENTED_EDGE('',*,*,#5637,.T.);
#8752=ORIENTED_EDGE('',*,*,#4914,.T.);
#8753=ORIENTED_EDGE('',*,*,#5696,.T.);
#8754=ORIENTED_EDGE('',*,*,#5694,.T.);
#8755=ORIENTED_EDGE('',*,*,#5622,.T.);
#8756=ORIENTED_EDGE('',*,*,#4910,.T.);
#8757=ORIENTED_EDGE('',*,*,#5700,.T.);
#8758=ORIENTED_EDGE('',*,*,#5626,.T.);
#8759=ORIENTED_EDGE('',*,*,#5630,.T.);
#8760=ORIENTED_EDGE('',*,*,#4906,.T.);
#8761=ORIENTED_EDGE('',*,*,#5704,.T.);
#8762=ORIENTED_EDGE('',*,*,#5633,.T.);
#8763=ORIENTED_EDGE('',*,*,#5641,.T.);
#8764=ORIENTED_EDGE('',*,*,#4902,.T.);
#8765=ORIENTED_EDGE('',*,*,#5708,.T.);
#8766=ORIENTED_EDGE('',*,*,#5644,.T.);
#8767=ORIENTED_EDGE('',*,*,#5648,.T.);
#8768=ORIENTED_EDGE('',*,*,#4898,.T.);
#8769=ORIENTED_EDGE('',*,*,#5712,.T.);
#8770=ORIENTED_EDGE('',*,*,#5651,.T.);
#8771=ORIENTED_EDGE('',*,*,#5655,.T.);
#8772=ORIENTED_EDGE('',*,*,#4894,.T.);
#8773=ORIENTED_EDGE('',*,*,#5716,.T.);
#8774=ORIENTED_EDGE('',*,*,#5658,.T.);
#8775=ORIENTED_EDGE('',*,*,#5662,.T.);
#8776=ORIENTED_EDGE('',*,*,#4890,.T.);
#8777=ORIENTED_EDGE('',*,*,#5720,.T.);
#8778=ORIENTED_EDGE('',*,*,#5665,.T.);
#8779=ORIENTED_EDGE('',*,*,#5669,.T.);
#8780=ORIENTED_EDGE('',*,*,#4886,.T.);
#8781=ORIENTED_EDGE('',*,*,#5724,.T.);
#8782=ORIENTED_EDGE('',*,*,#5676,.T.);
#8783=ORIENTED_EDGE('',*,*,#5680,.T.);
#8784=ORIENTED_EDGE('',*,*,#4882,.T.);
#8785=ORIENTED_EDGE('',*,*,#5731,.T.);
#8786=ORIENTED_EDGE('',*,*,#5729,.T.);
#8787=ORIENTED_EDGE('',*,*,#5672,.T.);
#8788=ORIENTED_EDGE('',*,*,#4878,.T.);
#8789=ORIENTED_EDGE('',*,*,#6155,.F.);
#8790=ORIENTED_EDGE('',*,*,#6156,.F.);
#8791=ORIENTED_EDGE('',*,*,#6157,.F.);
#8792=ORIENTED_EDGE('',*,*,#6158,.F.);
#8793=ORIENTED_EDGE('',*,*,#6159,.T.);
#8794=ORIENTED_EDGE('',*,*,#6138,.F.);
#8795=ORIENTED_EDGE('',*,*,#5032,.T.);
#8796=ORIENTED_EDGE('',*,*,#6160,.F.);
#8797=ORIENTED_EDGE('',*,*,#5621,.T.);
#8798=ORIENTED_EDGE('',*,*,#6154,.F.);
#8799=ORIENTED_EDGE('',*,*,#6161,.F.);
#8800=ORIENTED_EDGE('',*,*,#6162,.F.);
#8801=ORIENTED_EDGE('',*,*,#6161,.T.);
#8802=ORIENTED_EDGE('',*,*,#6153,.F.);
#8803=ORIENTED_EDGE('',*,*,#6100,.F.);
#8804=ORIENTED_EDGE('',*,*,#6150,.T.);
#8805=ORIENTED_EDGE('',*,*,#4974,.T.);
#8806=ORIENTED_EDGE('',*,*,#6163,.F.);
#8807=ORIENTED_EDGE('',*,*,#4979,.F.);
#8808=ORIENTED_EDGE('',*,*,#6149,.T.);
#8809=ORIENTED_EDGE('',*,*,#4965,.T.);
#8810=ORIENTED_EDGE('',*,*,#6164,.F.);
#8811=ORIENTED_EDGE('',*,*,#4970,.F.);
#8812=ORIENTED_EDGE('',*,*,#6148,.T.);
#8813=ORIENTED_EDGE('',*,*,#4956,.T.);
#8814=ORIENTED_EDGE('',*,*,#6165,.F.);
#8815=ORIENTED_EDGE('',*,*,#4961,.F.);
#8816=ORIENTED_EDGE('',*,*,#6147,.T.);
#8817=ORIENTED_EDGE('',*,*,#4947,.T.);
#8818=ORIENTED_EDGE('',*,*,#6166,.F.);
#8819=ORIENTED_EDGE('',*,*,#4952,.F.);
#8820=ORIENTED_EDGE('',*,*,#6146,.T.);
#8821=ORIENTED_EDGE('',*,*,#4938,.T.);
#8822=ORIENTED_EDGE('',*,*,#6167,.F.);
#8823=ORIENTED_EDGE('',*,*,#4943,.F.);
#8824=ORIENTED_EDGE('',*,*,#6145,.T.);
#8825=ORIENTED_EDGE('',*,*,#4929,.T.);
#8826=ORIENTED_EDGE('',*,*,#6168,.F.);
#8827=ORIENTED_EDGE('',*,*,#4934,.F.);
#8828=ORIENTED_EDGE('',*,*,#4877,.T.);
#8829=ORIENTED_EDGE('',*,*,#6169,.F.);
#8830=ORIENTED_EDGE('',*,*,#6170,.F.);
#8831=ORIENTED_EDGE('',*,*,#6171,.F.);
#8832=ORIENTED_EDGE('',*,*,#6155,.T.);
#8833=ORIENTED_EDGE('',*,*,#6144,.T.);
#8834=ORIENTED_EDGE('',*,*,#4920,.T.);
#8835=ORIENTED_EDGE('',*,*,#6172,.F.);
#8836=ORIENTED_EDGE('',*,*,#4925,.F.);
#8837=ORIENTED_EDGE('',*,*,#4991,.T.);
#8838=ORIENTED_EDGE('',*,*,#4995,.T.);
#8839=ORIENTED_EDGE('',*,*,#4998,.T.);
#8840=ORIENTED_EDGE('',*,*,#6173,.T.);
#8841=ORIENTED_EDGE('',*,*,#6152,.T.);
#8842=ORIENTED_EDGE('',*,*,#4992,.T.);
#8843=ORIENTED_EDGE('',*,*,#6173,.F.);
#8844=ORIENTED_EDGE('',*,*,#4997,.F.);
#8845=ORIENTED_EDGE('',*,*,#6162,.T.);
#8846=ORIENTED_EDGE('',*,*,#6099,.F.);
#8847=ORIENTED_EDGE('',*,*,#6113,.F.);
#8848=ORIENTED_EDGE('',*,*,#5570,.T.);
#8849=ORIENTED_EDGE('',*,*,#5619,.F.);
#8850=ORIENTED_EDGE('',*,*,#6160,.T.);
#8851=ORIENTED_EDGE('',*,*,#4982,.T.);
#8852=ORIENTED_EDGE('',*,*,#4986,.T.);
#8853=ORIENTED_EDGE('',*,*,#4989,.T.);
#8854=ORIENTED_EDGE('',*,*,#6174,.T.);
#8855=ORIENTED_EDGE('',*,*,#6151,.T.);
#8856=ORIENTED_EDGE('',*,*,#4983,.T.);
#8857=ORIENTED_EDGE('',*,*,#6174,.F.);
#8858=ORIENTED_EDGE('',*,*,#4988,.F.);
#8859=ORIENTED_EDGE('',*,*,#4973,.T.);
#8860=ORIENTED_EDGE('',*,*,#4977,.T.);
#8861=ORIENTED_EDGE('',*,*,#4980,.T.);
#8862=ORIENTED_EDGE('',*,*,#6163,.T.);
#8863=ORIENTED_EDGE('',*,*,#4964,.T.);
#8864=ORIENTED_EDGE('',*,*,#4968,.T.);
#8865=ORIENTED_EDGE('',*,*,#4971,.T.);
#8866=ORIENTED_EDGE('',*,*,#6164,.T.);
#8867=ORIENTED_EDGE('',*,*,#4955,.T.);
#8868=ORIENTED_EDGE('',*,*,#4959,.T.);
#8869=ORIENTED_EDGE('',*,*,#4962,.T.);
#8870=ORIENTED_EDGE('',*,*,#6165,.T.);
#8871=ORIENTED_EDGE('',*,*,#4946,.T.);
#8872=ORIENTED_EDGE('',*,*,#4950,.T.);
#8873=ORIENTED_EDGE('',*,*,#4953,.T.);
#8874=ORIENTED_EDGE('',*,*,#6166,.T.);
#8875=ORIENTED_EDGE('',*,*,#4937,.T.);
#8876=ORIENTED_EDGE('',*,*,#4941,.T.);
#8877=ORIENTED_EDGE('',*,*,#4944,.T.);
#8878=ORIENTED_EDGE('',*,*,#6167,.T.);
#8879=ORIENTED_EDGE('',*,*,#4928,.T.);
#8880=ORIENTED_EDGE('',*,*,#4932,.T.);
#8881=ORIENTED_EDGE('',*,*,#4935,.T.);
#8882=ORIENTED_EDGE('',*,*,#6168,.T.);
#8883=ORIENTED_EDGE('',*,*,#4919,.T.);
#8884=ORIENTED_EDGE('',*,*,#4923,.T.);
#8885=ORIENTED_EDGE('',*,*,#4926,.T.);
#8886=ORIENTED_EDGE('',*,*,#6172,.T.);
#8887=ORIENTED_EDGE('',*,*,#6170,.T.);
#8888=ORIENTED_EDGE('',*,*,#6175,.T.);
#8889=ORIENTED_EDGE('',*,*,#6176,.T.);
#8890=ORIENTED_EDGE('',*,*,#6177,.T.);
#8891=ORIENTED_EDGE('',*,*,#4876,.T.);
#8892=ORIENTED_EDGE('',*,*,#6178,.T.);
#8893=ORIENTED_EDGE('',*,*,#6175,.F.);
#8894=ORIENTED_EDGE('',*,*,#6169,.T.);
#8895=ORIENTED_EDGE('',*,*,#6156,.T.);
#8896=ORIENTED_EDGE('',*,*,#6171,.T.);
#8897=ORIENTED_EDGE('',*,*,#6177,.F.);
#8898=ORIENTED_EDGE('',*,*,#6179,.F.);
#8899=ORIENTED_EDGE('',*,*,#4875,.T.);
#8900=ORIENTED_EDGE('',*,*,#6157,.T.);
#8901=ORIENTED_EDGE('',*,*,#6179,.T.);
#8902=ORIENTED_EDGE('',*,*,#6176,.F.);
#8903=ORIENTED_EDGE('',*,*,#6178,.F.);
#8904=ORIENTED_EDGE('',*,*,#6180,.T.);
#8905=ORIENTED_EDGE('',*,*,#6181,.T.);
#8906=ORIENTED_EDGE('',*,*,#6182,.T.);
#8907=ORIENTED_EDGE('',*,*,#5099,.F.);
#8908=ORIENTED_EDGE('',*,*,#6183,.T.);
#8909=ORIENTED_EDGE('',*,*,#6180,.F.);
#8910=ORIENTED_EDGE('',*,*,#5053,.T.);
#8911=ORIENTED_EDGE('',*,*,#6182,.F.);
#8912=ORIENTED_EDGE('',*,*,#6184,.T.);
#8913=ORIENTED_EDGE('',*,*,#5733,.T.);
#8914=ORIENTED_EDGE('',*,*,#5074,.F.);
#8915=ORIENTED_EDGE('',*,*,#5086,.F.);
#8916=ORIENTED_EDGE('',*,*,#5054,.F.);
#8917=ORIENTED_EDGE('',*,*,#6181,.F.);
#8918=ORIENTED_EDGE('',*,*,#6185,.T.);
#8919=ORIENTED_EDGE('',*,*,#6186,.F.);
#8920=ORIENTED_EDGE('',*,*,#6187,.T.);
#8921=ORIENTED_EDGE('',*,*,#6188,.T.);
#8922=ORIENTED_EDGE('',*,*,#6189,.T.);
#8923=ORIENTED_EDGE('',*,*,#6186,.T.);
#8924=ORIENTED_EDGE('',*,*,#5097,.F.);
#8925=ORIENTED_EDGE('',*,*,#6190,.T.);
#8926=ORIENTED_EDGE('',*,*,#6188,.F.);
#8927=ORIENTED_EDGE('',*,*,#6191,.T.);
#8928=ORIENTED_EDGE('',*,*,#6183,.F.);
#8929=ORIENTED_EDGE('',*,*,#5098,.T.);
#8930=ORIENTED_EDGE('',*,*,#6191,.F.);
#8931=ORIENTED_EDGE('',*,*,#6185,.F.);
#8932=ORIENTED_EDGE('',*,*,#6189,.F.);
#8933=ORIENTED_EDGE('',*,*,#6192,.T.);
#8934=ORIENTED_EDGE('',*,*,#6193,.F.);
#8935=ORIENTED_EDGE('',*,*,#6194,.T.);
#8936=ORIENTED_EDGE('',*,*,#6195,.T.);
#8937=ORIENTED_EDGE('',*,*,#6196,.T.);
#8938=ORIENTED_EDGE('',*,*,#6193,.T.);
#8939=ORIENTED_EDGE('',*,*,#5095,.F.);
#8940=ORIENTED_EDGE('',*,*,#6019,.T.);
#8941=ORIENTED_EDGE('',*,*,#6195,.F.);
#8942=ORIENTED_EDGE('',*,*,#6197,.T.);
#8943=ORIENTED_EDGE('',*,*,#6190,.F.);
#8944=ORIENTED_EDGE('',*,*,#5096,.T.);
#8945=ORIENTED_EDGE('',*,*,#6197,.F.);
#8946=ORIENTED_EDGE('',*,*,#6192,.F.);
#8947=ORIENTED_EDGE('',*,*,#6196,.F.);
#8948=ORIENTED_EDGE('',*,*,#6020,.T.);
#8949=ORIENTED_EDGE('',*,*,#5747,.T.);
#8950=ORIENTED_EDGE('',*,*,#6198,.T.);
#8951=ORIENTED_EDGE('',*,*,#6199,.T.);
#8952=ORIENTED_EDGE('',*,*,#6200,.T.);
#8953=ORIENTED_EDGE('',*,*,#6201,.T.);
#8954=ORIENTED_EDGE('',*,*,#6202,.T.);
#8955=ORIENTED_EDGE('',*,*,#6158,.T.);
#8956=ORIENTED_EDGE('',*,*,#5012,.T.);
#8957=ORIENTED_EDGE('',*,*,#6200,.F.);
#8958=ORIENTED_EDGE('',*,*,#6203,.T.);
#8959=ORIENTED_EDGE('',*,*,#6199,.F.);
#8960=ORIENTED_EDGE('',*,*,#6204,.T.);
#8961=ORIENTED_EDGE('',*,*,#6205,.F.);
#8962=ORIENTED_EDGE('',*,*,#6206,.T.);
#8963=ORIENTED_EDGE('',*,*,#6207,.F.);
#8964=ORIENTED_EDGE('',*,*,#6208,.F.);
#8965=ORIENTED_EDGE('',*,*,#6209,.F.);
#8966=ORIENTED_EDGE('',*,*,#6210,.F.);
#8967=ORIENTED_EDGE('',*,*,#6204,.F.);
#8968=ORIENTED_EDGE('',*,*,#6202,.F.);
#8969=ORIENTED_EDGE('',*,*,#6211,.F.);
#8970=ORIENTED_EDGE('',*,*,#5751,.T.);
#8971=ORIENTED_EDGE('',*,*,#5757,.T.);
#8972=ORIENTED_EDGE('',*,*,#5759,.T.);
#8973=ORIENTED_EDGE('',*,*,#5773,.T.);
#8974=ORIENTED_EDGE('',*,*,#5769,.T.);
#8975=ORIENTED_EDGE('',*,*,#6198,.F.);
#8976=ORIENTED_EDGE('',*,*,#5743,.T.);
#8977=ORIENTED_EDGE('',*,*,#5736,.T.);
#8978=ORIENTED_EDGE('',*,*,#6184,.F.);
#8979=ORIENTED_EDGE('',*,*,#6187,.F.);
#8980=ORIENTED_EDGE('',*,*,#6194,.F.);
#8981=ORIENTED_EDGE('',*,*,#6201,.F.);
#8982=ORIENTED_EDGE('',*,*,#5011,.T.);
#8983=ORIENTED_EDGE('',*,*,#5087,.T.);
#8984=ORIENTED_EDGE('',*,*,#5014,.T.);
#8985=ORIENTED_EDGE('',*,*,#5752,.T.);
#8986=ORIENTED_EDGE('',*,*,#6211,.T.);
#8987=ORIENTED_EDGE('',*,*,#6212,.T.);
#8988=ORIENTED_EDGE('',*,*,#6213,.T.);
#8989=ORIENTED_EDGE('',*,*,#6205,.T.);
#8990=ORIENTED_EDGE('',*,*,#6210,.T.);
#8991=ORIENTED_EDGE('',*,*,#6214,.T.);
#8992=ORIENTED_EDGE('',*,*,#6215,.T.);
#8993=ORIENTED_EDGE('',*,*,#6213,.F.);
#8994=ORIENTED_EDGE('',*,*,#6131,.T.);
#8995=ORIENTED_EDGE('',*,*,#6203,.F.);
#8996=ORIENTED_EDGE('',*,*,#6206,.F.);
#8997=ORIENTED_EDGE('',*,*,#6215,.F.);
#8998=ORIENTED_EDGE('',*,*,#6216,.T.);
#8999=ORIENTED_EDGE('',*,*,#6217,.T.);
#9000=ORIENTED_EDGE('',*,*,#6218,.T.);
#9001=ORIENTED_EDGE('',*,*,#6219,.F.);
#9002=ORIENTED_EDGE('',*,*,#6136,.T.);
#9003=ORIENTED_EDGE('',*,*,#6139,.F.);
#9004=ORIENTED_EDGE('',*,*,#6159,.F.);
#9005=ORIENTED_EDGE('',*,*,#6220,.T.);
#9006=ORIENTED_EDGE('',*,*,#6127,.T.);
#9007=ORIENTED_EDGE('',*,*,#6137,.T.);
#9008=ORIENTED_EDGE('',*,*,#6219,.T.);
#9009=ORIENTED_EDGE('',*,*,#6221,.T.);
#9010=ORIENTED_EDGE('',*,*,#6222,.T.);
#9011=ORIENTED_EDGE('',*,*,#6223,.T.);
#9012=ORIENTED_EDGE('',*,*,#6208,.T.);
#9013=ORIENTED_EDGE('',*,*,#6110,.F.);
#9014=ORIENTED_EDGE('',*,*,#6133,.T.);
#9015=ORIENTED_EDGE('',*,*,#6222,.F.);
#9016=ORIENTED_EDGE('',*,*,#6053,.T.);
#9017=ORIENTED_EDGE('',*,*,#6221,.F.);
#9018=ORIENTED_EDGE('',*,*,#6207,.T.);
#9019=ORIENTED_EDGE('',*,*,#5768,.T.);
#9020=ORIENTED_EDGE('',*,*,#6054,.F.);
#9021=ORIENTED_EDGE('',*,*,#6212,.F.);
#9022=ORIENTED_EDGE('',*,*,#6209,.T.);
#9023=ORIENTED_EDGE('',*,*,#6223,.F.);
#9024=ORIENTED_EDGE('',*,*,#6132,.T.);
#9025=ORIENTED_EDGE('',*,*,#6224,.T.);
#9026=ORIENTED_EDGE('',*,*,#6129,.T.);
#9027=ORIENTED_EDGE('',*,*,#6225,.F.);
#9028=ORIENTED_EDGE('',*,*,#6226,.F.);
#9029=ORIENTED_EDGE('',*,*,#6227,.T.);
#9030=ORIENTED_EDGE('',*,*,#6226,.T.);
#9031=ORIENTED_EDGE('',*,*,#6228,.F.);
#9032=ORIENTED_EDGE('',*,*,#6217,.F.);
#9033=ORIENTED_EDGE('',*,*,#6128,.T.);
#9034=ORIENTED_EDGE('',*,*,#6220,.F.);
#9035=ORIENTED_EDGE('',*,*,#6218,.F.);
#9036=ORIENTED_EDGE('',*,*,#6228,.T.);
#9037=ORIENTED_EDGE('',*,*,#6225,.T.);
#9038=ORIENTED_EDGE('',*,*,#6130,.F.);
#9039=ORIENTED_EDGE('',*,*,#6224,.F.);
#9040=ORIENTED_EDGE('',*,*,#6227,.F.);
#9041=ORIENTED_EDGE('',*,*,#6216,.F.);
#9042=ORIENTED_EDGE('',*,*,#6214,.F.);
#9043=PLANE('',#9971);
#9044=PLANE('',#9972);
#9045=PLANE('',#9973);
#9046=PLANE('',#9974);
#9047=PLANE('',#9975);
#9048=PLANE('',#9976);
#9049=PLANE('',#9977);
#9050=PLANE('',#9978);
#9051=PLANE('',#9979);
#9052=PLANE('',#9980);
#9053=PLANE('',#9981);
#9054=PLANE('',#9982);
#9055=PLANE('',#9983);
#9056=PLANE('',#9984);
#9057=PLANE('',#9985);
#9058=PLANE('',#9986);
#9059=PLANE('',#9987);
#9060=PLANE('',#9988);
#9061=PLANE('',#9989);
#9062=PLANE('',#9990);
#9063=PLANE('',#9991);
#9064=PLANE('',#9992);
#9065=PLANE('',#9993);
#9066=PLANE('',#9994);
#9067=PLANE('',#9995);
#9068=PLANE('',#9996);
#9069=PLANE('',#9997);
#9070=PLANE('',#9998);
#9071=PLANE('',#9999);
#9072=PLANE('',#10000);
#9073=PLANE('',#10001);
#9074=PLANE('',#10002);
#9075=PLANE('',#10003);
#9076=PLANE('',#10004);
#9077=PLANE('',#10009);
#9078=PLANE('',#10014);
#9079=PLANE('',#10015);
#9080=PLANE('',#10018);
#9081=PLANE('',#10019);
#9082=PLANE('',#10025);
#9083=PLANE('',#10027);
#9084=PLANE('',#10030);
#9085=PLANE('',#10033);
#9086=PLANE('',#10036);
#9087=PLANE('',#10038);
#9088=PLANE('',#10040);
#9089=PLANE('',#10041);
#9090=PLANE('',#10042);
#9091=PLANE('',#10043);
#9092=PLANE('',#10044);
#9093=PLANE('',#10045);
#9094=PLANE('',#10046);
#9095=PLANE('',#10053);
#9096=PLANE('',#10054);
#9097=PLANE('',#10058);
#9098=PLANE('',#10062);
#9099=PLANE('',#10063);
#9100=PLANE('',#10064);
#9101=PLANE('',#10067);
#9102=PLANE('',#10070);
#9103=PLANE('',#10071);
#9104=PLANE('',#10072);
#9105=PLANE('',#10073);
#9106=PLANE('',#10074);
#9107=PLANE('',#10075);
#9108=PLANE('',#10076);
#9109=PLANE('',#10077);
#9110=PLANE('',#10078);
#9111=PLANE('',#10079);
#9112=PLANE('',#10080);
#9113=PLANE('',#10081);
#9114=PLANE('',#10082);
#9115=PLANE('',#10083);
#9116=PLANE('',#10084);
#9117=PLANE('',#10085);
#9118=PLANE('',#10086);
#9119=PLANE('',#10087);
#9120=PLANE('',#10088);
#9121=PLANE('',#10089);
#9122=PLANE('',#10090);
#9123=PLANE('',#10091);
#9124=PLANE('',#10092);
#9125=PLANE('',#10093);
#9126=PLANE('',#10094);
#9127=PLANE('',#10095);
#9128=PLANE('',#10096);
#9129=PLANE('',#10097);
#9130=PLANE('',#10098);
#9131=PLANE('',#10099);
#9132=PLANE('',#10100);
#9133=PLANE('',#10101);
#9134=PLANE('',#10102);
#9135=PLANE('',#10103);
#9136=PLANE('',#10104);
#9137=PLANE('',#10105);
#9138=PLANE('',#10106);
#9139=PLANE('',#10107);
#9140=PLANE('',#10108);
#9141=PLANE('',#10109);
#9142=PLANE('',#10110);
#9143=PLANE('',#10111);
#9144=PLANE('',#10112);
#9145=PLANE('',#10113);
#9146=PLANE('',#10114);
#9147=PLANE('',#10115);
#9148=PLANE('',#10116);
#9149=PLANE('',#10117);
#9150=PLANE('',#10118);
#9151=PLANE('',#10119);
#9152=PLANE('',#10120);
#9153=PLANE('',#10121);
#9154=PLANE('',#10122);
#9155=PLANE('',#10123);
#9156=PLANE('',#10124);
#9157=PLANE('',#10125);
#9158=PLANE('',#10126);
#9159=PLANE('',#10127);
#9160=PLANE('',#10128);
#9161=PLANE('',#10129);
#9162=PLANE('',#10130);
#9163=PLANE('',#10131);
#9164=PLANE('',#10132);
#9165=PLANE('',#10133);
#9166=PLANE('',#10134);
#9167=PLANE('',#10135);
#9168=PLANE('',#10136);
#9169=PLANE('',#10137);
#9170=PLANE('',#10138);
#9171=PLANE('',#10139);
#9172=PLANE('',#10140);
#9173=PLANE('',#10141);
#9174=PLANE('',#10142);
#9175=PLANE('',#10143);
#9176=PLANE('',#10144);
#9177=PLANE('',#10145);
#9178=PLANE('',#10146);
#9179=PLANE('',#10147);
#9180=PLANE('',#10148);
#9181=PLANE('',#10149);
#9182=PLANE('',#10150);
#9183=PLANE('',#10151);
#9184=PLANE('',#10152);
#9185=PLANE('',#10166);
#9186=PLANE('',#10167);
#9187=PLANE('',#10168);
#9188=PLANE('',#10169);
#9189=PLANE('',#10170);
#9190=PLANE('',#10171);
#9191=PLANE('',#10172);
#9192=PLANE('',#10173);
#9193=PLANE('',#10179);
#9194=PLANE('',#10182);
#9195=PLANE('',#10183);
#9196=PLANE('',#10188);
#9197=PLANE('',#10189);
#9198=PLANE('',#10190);
#9199=PLANE('',#10191);
#9200=PLANE('',#10192);
#9201=PLANE('',#10200);
#9202=PLANE('',#10201);
#9203=PLANE('',#10202);
#9204=PLANE('',#10206);
#9205=PLANE('',#10207);
#9206=PLANE('',#10211);
#9207=PLANE('',#10212);
#9208=PLANE('',#10213);
#9209=PLANE('',#10214);
#9210=PLANE('',#10215);
#9211=PLANE('',#10219);
#9212=PLANE('',#10220);
#9213=PLANE('',#10221);
#9214=PLANE('',#10222);
#9215=PLANE('',#10226);
#9216=PLANE('',#10227);
#9217=PLANE('',#10231);
#9218=PLANE('',#10233);
#9219=PLANE('',#10234);
#9220=PLANE('',#10235);
#9221=PLANE('',#10236);
#9222=PLANE('',#10237);
#9223=PLANE('',#10238);
#9224=PLANE('',#10240);
#9225=PLANE('',#10241);
#9226=PLANE('',#10242);
#9227=PLANE('',#10243);
#9228=PLANE('',#10244);
#9229=PLANE('',#10245);
#9230=PLANE('',#10246);
#9231=PLANE('',#10247);
#9232=PLANE('',#10248);
#9233=PLANE('',#10249);
#9234=PLANE('',#10250);
#9235=PLANE('',#10251);
#9236=PLANE('',#10252);
#9237=PLANE('',#10253);
#9238=PLANE('',#10254);
#9239=PLANE('',#10255);
#9240=PLANE('',#10256);
#9241=PLANE('',#10257);
#9242=PLANE('',#10258);
#9243=PLANE('',#10259);
#9244=PLANE('',#10260);
#9245=PLANE('',#10261);
#9246=PLANE('',#10262);
#9247=PLANE('',#10263);
#9248=PLANE('',#10264);
#9249=PLANE('',#10265);
#9250=PLANE('',#10266);
#9251=PLANE('',#10267);
#9252=PLANE('',#10268);
#9253=PLANE('',#10269);
#9254=PLANE('',#10270);
#9255=PLANE('',#10271);
#9256=PLANE('',#10272);
#9257=PLANE('',#10273);
#9258=PLANE('',#10274);
#9259=PLANE('',#10275);
#9260=PLANE('',#10276);
#9261=PLANE('',#10277);
#9262=PLANE('',#10278);
#9263=PLANE('',#10279);
#9264=PLANE('',#10280);
#9265=PLANE('',#10281);
#9266=PLANE('',#10282);
#9267=PLANE('',#10283);
#9268=PLANE('',#10284);
#9269=PLANE('',#10285);
#9270=PLANE('',#10286);
#9271=PLANE('',#10287);
#9272=PLANE('',#10288);
#9273=PLANE('',#10289);
#9274=PLANE('',#10290);
#9275=PLANE('',#10300);
#9276=PLANE('',#10306);
#9277=PLANE('',#10321);
#9278=PLANE('',#10331);
#9279=PLANE('',#10332);
#9280=PLANE('',#10333);
#9281=PLANE('',#10334);
#9282=PLANE('',#10335);
#9283=PLANE('',#10336);
#9284=PLANE('',#10340);
#9285=PLANE('',#10344);
#9286=PLANE('',#10345);
#9287=PLANE('',#10346);
#9288=PLANE('',#10349);
#9289=PLANE('',#10352);
#9290=PLANE('',#10353);
#9291=PLANE('',#10354);
#9292=PLANE('',#10355);
#9293=PLANE('',#10356);
#9294=PLANE('',#10357);
#9295=PLANE('',#10358);
#9296=PLANE('',#10359);
#9297=PLANE('',#10360);
#9298=PLANE('',#10361);
#9299=PLANE('',#10362);
#9300=PLANE('',#10363);
#9301=PLANE('',#10364);
#9302=PLANE('',#10365);
#9303=PLANE('',#10366);
#9304=PLANE('',#10367);
#9305=PLANE('',#10368);
#9306=PLANE('',#10369);
#9307=PLANE('',#10370);
#9308=PLANE('',#10371);
#9309=PLANE('',#10372);
#9310=PLANE('',#10373);
#9311=PLANE('',#10374);
#9312=PLANE('',#10375);
#9313=PLANE('',#10376);
#9314=PLANE('',#10377);
#9315=PLANE('',#10378);
#9316=PLANE('',#10379);
#9317=PLANE('',#10380);
#9318=PLANE('',#10381);
#9319=PLANE('',#10382);
#9320=PLANE('',#10383);
#9321=PLANE('',#10384);
#9322=PLANE('',#10385);
#9323=PLANE('',#10386);
#9324=PLANE('',#10387);
#9325=PLANE('',#10388);
#9326=PLANE('',#10389);
#9327=PLANE('',#10390);
#9328=PLANE('',#10391);
#9329=PLANE('',#10392);
#9330=PLANE('',#10393);
#9331=PLANE('',#10394);
#9332=PLANE('',#10395);
#9333=PLANE('',#10396);
#9334=PLANE('',#10397);
#9335=PLANE('',#10398);
#9336=PLANE('',#10399);
#9337=PLANE('',#10400);
#9338=PLANE('',#10401);
#9339=PLANE('',#10402);
#9340=PLANE('',#10403);
#9341=PLANE('',#10404);
#9342=PLANE('',#10405);
#9343=PLANE('',#10406);
#9344=PLANE('',#10407);
#9345=PLANE('',#10408);
#9346=PLANE('',#10409);
#9347=PLANE('',#10410);
#9348=PLANE('',#10411);
#9349=PLANE('',#10412);
#9350=PLANE('',#10413);
#9351=PLANE('',#10414);
#9352=PLANE('',#10415);
#9353=PLANE('',#10416);
#9354=PLANE('',#10417);
#9355=PLANE('',#10418);
#9356=PLANE('',#10419);
#9357=PLANE('',#10420);
#9358=PLANE('',#10421);
#9359=PLANE('',#10422);
#9360=PLANE('',#10423);
#9361=PLANE('',#10424);
#9362=PLANE('',#10425);
#9363=PLANE('',#10426);
#9364=PLANE('',#10427);
#9365=PLANE('',#10428);
#9366=PLANE('',#10429);
#9367=PLANE('',#10430);
#9368=PLANE('',#10431);
#9369=PLANE('',#10432);
#9370=PLANE('',#10433);
#9371=PLANE('',#10434);
#9372=PLANE('',#10435);
#9373=PLANE('',#10436);
#9374=PLANE('',#10437);
#9375=PLANE('',#10438);
#9376=PLANE('',#10439);
#9377=PLANE('',#10453);
#9378=PLANE('',#10454);
#9379=PLANE('',#10455);
#9380=PLANE('',#10456);
#9381=PLANE('',#10457);
#9382=PLANE('',#10458);
#9383=PLANE('',#10459);
#9384=PLANE('',#10460);
#9385=PLANE('',#10461);
#9386=PLANE('',#10467);
#9387=PLANE('',#10470);
#9388=PLANE('',#10471);
#9389=PLANE('',#10476);
#9390=PLANE('',#10477);
#9391=PLANE('',#10478);
#9392=PLANE('',#10479);
#9393=PLANE('',#10480);
#9394=PLANE('',#10481);
#9395=PLANE('',#10489);
#9396=PLANE('',#10490);
#9397=PLANE('',#10491);
#9398=PLANE('',#10495);
#9399=PLANE('',#10496);
#9400=PLANE('',#10500);
#9401=PLANE('',#10501);
#9402=PLANE('',#10502);
#9403=PLANE('',#10503);
#9404=PLANE('',#10504);
#9405=PLANE('',#10505);
#9406=PLANE('',#10509);
#9407=PLANE('',#10510);
#9408=PLANE('',#10511);
#9409=PLANE('',#10512);
#9410=PLANE('',#10513);
#9411=PLANE('',#10514);
#9412=PLANE('',#10518);
#9413=PLANE('',#10519);
#9414=PLANE('',#10523);
#9415=PLANE('',#10525);
#9416=PLANE('',#10526);
#9417=PLANE('',#10527);
#9418=PLANE('',#10528);
#9419=PLANE('',#10529);
#9420=PLANE('',#10530);
#9421=PLANE('',#10531);
#9422=PLANE('',#10533);
#9423=PLANE('',#10534);
#9424=PLANE('',#10535);
#9425=PLANE('',#10536);
#9426=PLANE('',#10537);
#9427=PLANE('',#10538);
#9428=PLANE('',#10539);
#9429=PLANE('',#10540);
#9430=PLANE('',#10541);
#9431=PLANE('',#10542);
#9432=PLANE('',#10543);
#9433=PLANE('',#10544);
#9434=PLANE('',#10545);
#9435=PLANE('',#10546);
#9436=PLANE('',#10547);
#9437=PLANE('',#10548);
#9438=PLANE('',#10549);
#9439=PLANE('',#10550);
#9440=PLANE('',#10551);
#9441=PLANE('',#10552);
#9442=PLANE('',#10553);
#9443=PLANE('',#10554);
#9444=PLANE('',#10555);
#9445=PLANE('',#10556);
#9446=PLANE('',#10557);
#9447=PLANE('',#10558);
#9448=PLANE('',#10569);
#9449=PLANE('',#10575);
#9450=PLANE('',#10585);
#9451=PLANE('',#10594);
#9452=PLANE('',#10604);
#9453=PLANE('',#10605);
#9454=PLANE('',#10606);
#9455=PLANE('',#10607);
#9456=ADVANCED_FACE('',(#372),#9043,.F.);
#9457=ADVANCED_FACE('',(#373),#9044,.F.);
#9458=ADVANCED_FACE('',(#374),#9045,.F.);
#9459=ADVANCED_FACE('',(#375),#9046,.F.);
#9460=ADVANCED_FACE('',(#376),#9047,.F.);
#9461=ADVANCED_FACE('',(#377),#9048,.T.);
#9462=ADVANCED_FACE('',(#378),#9049,.T.);
#9463=ADVANCED_FACE('',(#379),#9050,.T.);
#9464=ADVANCED_FACE('',(#380),#9051,.T.);
#9465=ADVANCED_FACE('',(#381),#9052,.T.);
#9466=ADVANCED_FACE('',(#382),#9053,.T.);
#9467=ADVANCED_FACE('',(#383),#9054,.T.);
#9468=ADVANCED_FACE('',(#384),#9055,.T.);
#9469=ADVANCED_FACE('',(#385),#9056,.T.);
#9470=ADVANCED_FACE('',(#386),#9057,.T.);
#9471=ADVANCED_FACE('',(#387),#9058,.T.);
#9472=ADVANCED_FACE('',(#388),#9059,.T.);
#9473=ADVANCED_FACE('',(#389),#9060,.T.);
#9474=ADVANCED_FACE('',(#390),#9061,.T.);
#9475=ADVANCED_FACE('',(#391),#9062,.T.);
#9476=ADVANCED_FACE('',(#392),#9063,.T.);
#9477=ADVANCED_FACE('',(#393),#9064,.T.);
#9478=ADVANCED_FACE('',(#394),#9065,.T.);
#9479=ADVANCED_FACE('',(#395),#9066,.T.);
#9480=ADVANCED_FACE('',(#396),#9067,.T.);
#9481=ADVANCED_FACE('',(#397),#9068,.T.);
#9482=ADVANCED_FACE('',(#398),#9069,.T.);
#9483=ADVANCED_FACE('',(#399),#9070,.T.);
#9484=ADVANCED_FACE('',(#400),#9071,.T.);
#9485=ADVANCED_FACE('',(#401),#9072,.T.);
#9486=ADVANCED_FACE('',(#402),#9073,.T.);
#9487=ADVANCED_FACE('',(#403),#9074,.T.);
#9488=ADVANCED_FACE('',(#404),#9075,.F.);
#9489=ADVANCED_FACE('',(#405),#9076,.T.);
#9490=ADVANCED_FACE('',(#406),#9077,.T.);
#9491=ADVANCED_FACE('',(#407),#9078,.T.);
#9492=ADVANCED_FACE('',(#408),#9079,.T.);
#9493=ADVANCED_FACE('',(#409),#74,.T.);
#9494=ADVANCED_FACE('',(#410),#9080,.F.);
#9495=ADVANCED_FACE('',(#411),#9081,.T.);
#9496=ADVANCED_FACE('',(#412),#75,.F.);
#9497=ADVANCED_FACE('',(#413),#9082,.F.);
#9498=ADVANCED_FACE('',(#414),#76,.T.);
#9499=ADVANCED_FACE('',(#415),#9083,.F.);
#9500=ADVANCED_FACE('',(#416),#77,.F.);
#9501=ADVANCED_FACE('',(#417),#9084,.F.);
#9502=ADVANCED_FACE('',(#418),#78,.T.);
#9503=ADVANCED_FACE('',(#419),#9085,.T.);
#9504=ADVANCED_FACE('',(#420),#79,.T.);
#9505=ADVANCED_FACE('',(#421),#9086,.F.);
#9506=ADVANCED_FACE('',(#422),#80,.F.);
#9507=ADVANCED_FACE('',(#423),#9087,.F.);
#9508=ADVANCED_FACE('',(#424),#81,.F.);
#9509=ADVANCED_FACE('',(#425),#9088,.F.);
#9510=ADVANCED_FACE('',(#426),#9089,.F.);
#9511=ADVANCED_FACE('',(#427),#9090,.F.);
#9512=ADVANCED_FACE('',(#428),#9091,.F.);
#9513=ADVANCED_FACE('',(#429),#9092,.F.);
#9514=ADVANCED_FACE('',(#430),#9093,.F.);
#9515=ADVANCED_FACE('',(#431,#66),#9094,.F.);
#9516=ADVANCED_FACE('',(#432),#9095,.F.);
#9517=ADVANCED_FACE('',(#433),#9096,.F.);
#9518=ADVANCED_FACE('',(#434),#60,.F.);
#9519=ADVANCED_FACE('',(#435),#9097,.F.);
#9520=ADVANCED_FACE('',(#436),#61,.F.);
#9521=ADVANCED_FACE('',(#437),#9098,.F.);
#9522=ADVANCED_FACE('',(#438),#9099,.F.);
#9523=ADVANCED_FACE('',(#439),#9100,.T.);
#9524=ADVANCED_FACE('',(#440),#82,.F.);
#9525=ADVANCED_FACE('',(#441),#9101,.T.);
#9526=ADVANCED_FACE('',(#442),#83,.F.);
#9527=ADVANCED_FACE('',(#443),#9102,.T.);
#9528=ADVANCED_FACE('',(#444),#9103,.F.);
#9529=ADVANCED_FACE('',(#445),#9104,.F.);
#9530=ADVANCED_FACE('',(#446),#9105,.F.);
#9531=ADVANCED_FACE('',(#447),#9106,.F.);
#9532=ADVANCED_FACE('',(#448),#9107,.F.);
#9533=ADVANCED_FACE('',(#449),#9108,.F.);
#9534=ADVANCED_FACE('',(#450),#9109,.F.);
#9535=ADVANCED_FACE('',(#451),#9110,.F.);
#9536=ADVANCED_FACE('',(#452),#9111,.F.);
#9537=ADVANCED_FACE('',(#453),#9112,.F.);
#9538=ADVANCED_FACE('',(#454),#9113,.F.);
#9539=ADVANCED_FACE('',(#455),#9114,.F.);
#9540=ADVANCED_FACE('',(#456),#9115,.F.);
#9541=ADVANCED_FACE('',(#457),#9116,.F.);
#9542=ADVANCED_FACE('',(#458),#9117,.F.);
#9543=ADVANCED_FACE('',(#459),#9118,.F.);
#9544=ADVANCED_FACE('',(#460),#9119,.F.);
#9545=ADVANCED_FACE('',(#461),#9120,.F.);
#9546=ADVANCED_FACE('',(#462),#9121,.F.);
#9547=ADVANCED_FACE('',(#463),#9122,.F.);
#9548=ADVANCED_FACE('',(#464),#9123,.F.);
#9549=ADVANCED_FACE('',(#465),#9124,.F.);
#9550=ADVANCED_FACE('',(#466),#9125,.F.);
#9551=ADVANCED_FACE('',(#467),#9126,.F.);
#9552=ADVANCED_FACE('',(#468),#9127,.F.);
#9553=ADVANCED_FACE('',(#469),#9128,.F.);
#9554=ADVANCED_FACE('',(#470),#9129,.F.);
#9555=ADVANCED_FACE('',(#471),#9130,.F.);
#9556=ADVANCED_FACE('',(#472),#9131,.F.);
#9557=ADVANCED_FACE('',(#473),#9132,.F.);
#9558=ADVANCED_FACE('',(#474),#9133,.F.);
#9559=ADVANCED_FACE('',(#475),#9134,.F.);
#9560=ADVANCED_FACE('',(#476),#9135,.F.);
#9561=ADVANCED_FACE('',(#477),#9136,.F.);
#9562=ADVANCED_FACE('',(#478),#9137,.F.);
#9563=ADVANCED_FACE('',(#479),#9138,.F.);
#9564=ADVANCED_FACE('',(#480),#9139,.F.);
#9565=ADVANCED_FACE('',(#481),#9140,.F.);
#9566=ADVANCED_FACE('',(#482),#9141,.F.);
#9567=ADVANCED_FACE('',(#483),#9142,.F.);
#9568=ADVANCED_FACE('',(#484),#9143,.F.);
#9569=ADVANCED_FACE('',(#485),#9144,.F.);
#9570=ADVANCED_FACE('',(#486),#9145,.F.);
#9571=ADVANCED_FACE('',(#487),#9146,.F.);
#9572=ADVANCED_FACE('',(#488),#9147,.F.);
#9573=ADVANCED_FACE('',(#489),#9148,.F.);
#9574=ADVANCED_FACE('',(#490),#9149,.F.);
#9575=ADVANCED_FACE('',(#491),#9150,.F.);
#9576=ADVANCED_FACE('',(#492),#9151,.F.);
#9577=ADVANCED_FACE('',(#493),#9152,.F.);
#9578=ADVANCED_FACE('',(#494),#9153,.F.);
#9579=ADVANCED_FACE('',(#495),#9154,.F.);
#9580=ADVANCED_FACE('',(#496),#9155,.F.);
#9581=ADVANCED_FACE('',(#497),#9156,.F.);
#9582=ADVANCED_FACE('',(#498),#9157,.F.);
#9583=ADVANCED_FACE('',(#499),#9158,.F.);
#9584=ADVANCED_FACE('',(#500),#9159,.F.);
#9585=ADVANCED_FACE('',(#501),#9160,.F.);
#9586=ADVANCED_FACE('',(#502),#9161,.F.);
#9587=ADVANCED_FACE('',(#503),#9162,.F.);
#9588=ADVANCED_FACE('',(#504),#9163,.F.);
#9589=ADVANCED_FACE('',(#505),#9164,.F.);
#9590=ADVANCED_FACE('',(#506),#9165,.F.);
#9591=ADVANCED_FACE('',(#507),#9166,.F.);
#9592=ADVANCED_FACE('',(#508),#9167,.F.);
#9593=ADVANCED_FACE('',(#509),#9168,.F.);
#9594=ADVANCED_FACE('',(#510),#9169,.F.);
#9595=ADVANCED_FACE('',(#511),#9170,.F.);
#9596=ADVANCED_FACE('',(#512),#9171,.F.);
#9597=ADVANCED_FACE('',(#513),#9172,.F.);
#9598=ADVANCED_FACE('',(#514),#9173,.F.);
#9599=ADVANCED_FACE('',(#515),#9174,.F.);
#9600=ADVANCED_FACE('',(#516),#9175,.F.);
#9601=ADVANCED_FACE('',(#517),#9176,.F.);
#9602=ADVANCED_FACE('',(#518),#9177,.F.);
#9603=ADVANCED_FACE('',(#519),#9178,.F.);
#9604=ADVANCED_FACE('',(#520),#9179,.F.);
#9605=ADVANCED_FACE('',(#521),#9180,.F.);
#9606=ADVANCED_FACE('',(#522),#9181,.F.);
#9607=ADVANCED_FACE('',(#523),#9182,.F.);
#9608=ADVANCED_FACE('',(#524),#9183,.F.);
#9609=ADVANCED_FACE('',(#525),#9184,.F.);
#9610=ADVANCED_FACE('',(#526),#84,.T.);
#9611=ADVANCED_FACE('',(#527),#85,.T.);
#9612=ADVANCED_FACE('',(#528),#86,.T.);
#9613=ADVANCED_FACE('',(#529),#87,.T.);
#9614=ADVANCED_FACE('',(#530),#88,.T.);
#9615=ADVANCED_FACE('',(#531),#89,.T.);
#9616=ADVANCED_FACE('',(#532),#9185,.T.);
#9617=ADVANCED_FACE('',(#533),#9186,.T.);
#9618=ADVANCED_FACE('',(#534),#9187,.T.);
#9619=ADVANCED_FACE('',(#535),#9188,.T.);
#9620=ADVANCED_FACE('',(#536),#9189,.T.);
#9621=ADVANCED_FACE('',(#537),#9190,.T.);
#9622=ADVANCED_FACE('',(#538),#9191,.F.);
#9623=ADVANCED_FACE('',(#539),#9192,.T.);
#9624=ADVANCED_FACE('',(#540),#90,.T.);
#9625=ADVANCED_FACE('',(#541),#9193,.F.);
#9626=ADVANCED_FACE('',(#542),#91,.T.);
#9627=ADVANCED_FACE('',(#543),#9194,.F.);
#9628=ADVANCED_FACE('',(#544),#9195,.F.);
#9629=ADVANCED_FACE('',(#545),#92,.T.);
#9630=ADVANCED_FACE('',(#546),#9196,.T.);
#9631=ADVANCED_FACE('',(#547),#9197,.F.);
#9632=ADVANCED_FACE('',(#548),#9198,.T.);
#9633=ADVANCED_FACE('',(#549),#9199,.T.);
#9634=ADVANCED_FACE('',(#550),#9200,.T.);
#9635=ADVANCED_FACE('',(#551),#93,.T.);
#9636=ADVANCED_FACE('',(#552),#94,.T.);
#9637=ADVANCED_FACE('',(#553),#95,.T.);
#9638=ADVANCED_FACE('',(#554),#9201,.T.);
#9639=ADVANCED_FACE('',(#555),#9202,.T.);
#9640=ADVANCED_FACE('',(#556),#9203,.T.);
#9641=ADVANCED_FACE('',(#557),#96,.T.);
#9642=ADVANCED_FACE('',(#558),#9204,.F.);
#9643=ADVANCED_FACE('',(#559),#9205,.T.);
#9644=ADVANCED_FACE('',(#560),#97,.T.);
#9645=ADVANCED_FACE('',(#561),#9206,.F.);
#9646=ADVANCED_FACE('',(#562),#9207,.F.);
#9647=ADVANCED_FACE('',(#563),#9208,.T.);
#9648=ADVANCED_FACE('',(#564),#9209,.F.);
#9649=ADVANCED_FACE('',(#565),#9210,.F.);
#9650=ADVANCED_FACE('',(#566),#62,.T.);
#9651=ADVANCED_FACE('',(#567),#9211,.T.);
#9652=ADVANCED_FACE('',(#568),#9212,.T.);
#9653=ADVANCED_FACE('',(#569),#9213,.T.);
#9654=ADVANCED_FACE('',(#570),#9214,.T.);
#9655=ADVANCED_FACE('',(#571),#98,.T.);
#9656=ADVANCED_FACE('',(#572),#9215,.F.);
#9657=ADVANCED_FACE('',(#573),#9216,.F.);
#9658=ADVANCED_FACE('',(#574),#99,.T.);
#9659=ADVANCED_FACE('',(#575),#9217,.F.);
#9660=ADVANCED_FACE('',(#576),#9218,.F.);
#9661=ADVANCED_FACE('',(#577),#9219,.T.);
#9662=ADVANCED_FACE('',(#578),#9220,.F.);
#9663=ADVANCED_FACE('',(#579),#9221,.F.);
#9664=ADVANCED_FACE('',(#580),#9222,.F.);
#9665=ADVANCED_FACE('',(#581),#9223,.T.);
#9666=ADVANCED_FACE('',(#582),#9224,.F.);
#9667=ADVANCED_FACE('',(#583),#9225,.F.);
#9668=ADVANCED_FACE('',(#584),#9226,.F.);
#9669=ADVANCED_FACE('',(#585),#9227,.F.);
#9670=ADVANCED_FACE('',(#586),#9228,.F.);
#9671=ADVANCED_FACE('',(#587),#9229,.F.);
#9672=ADVANCED_FACE('',(#588),#9230,.F.);
#9673=ADVANCED_FACE('',(#589),#9231,.F.);
#9674=ADVANCED_FACE('',(#590),#9232,.F.);
#9675=ADVANCED_FACE('',(#591),#9233,.F.);
#9676=ADVANCED_FACE('',(#592),#9234,.F.);
#9677=ADVANCED_FACE('',(#593),#9235,.F.);
#9678=ADVANCED_FACE('',(#594),#9236,.F.);
#9679=ADVANCED_FACE('',(#595),#9237,.F.);
#9680=ADVANCED_FACE('',(#596),#9238,.F.);
#9681=ADVANCED_FACE('',(#597),#9239,.F.);
#9682=ADVANCED_FACE('',(#598),#9240,.F.);
#9683=ADVANCED_FACE('',(#599),#9241,.F.);
#9684=ADVANCED_FACE('',(#600),#9242,.F.);
#9685=ADVANCED_FACE('',(#601),#9243,.F.);
#9686=ADVANCED_FACE('',(#602),#9244,.F.);
#9687=ADVANCED_FACE('',(#603),#9245,.F.);
#9688=ADVANCED_FACE('',(#604),#9246,.F.);
#9689=ADVANCED_FACE('',(#605),#9247,.F.);
#9690=ADVANCED_FACE('',(#606),#9248,.F.);
#9691=ADVANCED_FACE('',(#607),#9249,.F.);
#9692=ADVANCED_FACE('',(#608),#9250,.F.);
#9693=ADVANCED_FACE('',(#609),#9251,.F.);
#9694=ADVANCED_FACE('',(#610),#9252,.F.);
#9695=ADVANCED_FACE('',(#611),#9253,.F.);
#9696=ADVANCED_FACE('',(#612),#9254,.F.);
#9697=ADVANCED_FACE('',(#613),#9255,.F.);
#9698=ADVANCED_FACE('',(#614),#9256,.F.);
#9699=ADVANCED_FACE('',(#615),#9257,.F.);
#9700=ADVANCED_FACE('',(#616),#9258,.F.);
#9701=ADVANCED_FACE('',(#617),#9259,.F.);
#9702=ADVANCED_FACE('',(#618),#9260,.F.);
#9703=ADVANCED_FACE('',(#619),#9261,.F.);
#9704=ADVANCED_FACE('',(#620),#9262,.F.);
#9705=ADVANCED_FACE('',(#621),#9263,.F.);
#9706=ADVANCED_FACE('',(#622),#9264,.F.);
#9707=ADVANCED_FACE('',(#623),#9265,.F.);
#9708=ADVANCED_FACE('',(#624),#9266,.F.);
#9709=ADVANCED_FACE('',(#625),#9267,.F.);
#9710=ADVANCED_FACE('',(#626),#9268,.F.);
#9711=ADVANCED_FACE('',(#627),#9269,.F.);
#9712=ADVANCED_FACE('',(#628),#9270,.F.);
#9713=ADVANCED_FACE('',(#629),#9271,.F.);
#9714=ADVANCED_FACE('',(#630),#9272,.F.);
#9715=ADVANCED_FACE('',(#631),#9273,.F.);
#9716=ADVANCED_FACE('',(#632),#9274,.F.);
#9717=ADVANCED_FACE('',(#633),#20,.F.);
#9718=ADVANCED_FACE('',(#634),#100,.F.);
#9719=ADVANCED_FACE('',(#635),#101,.T.);
#9720=ADVANCED_FACE('',(#636),#21,.F.);
#9721=ADVANCED_FACE('',(#637),#102,.F.);
#9722=ADVANCED_FACE('',(#638),#9275,.F.);
#9723=ADVANCED_FACE('',(#639),#103,.T.);
#9724=ADVANCED_FACE('',(#640),#22,.F.);
#9725=ADVANCED_FACE('',(#641),#104,.F.);
#9726=ADVANCED_FACE('',(#642),#9276,.F.);
#9727=ADVANCED_FACE('',(#643),#14,.T.);
#9728=ADVANCED_FACE('',(#644),#105,.T.);
#9729=ADVANCED_FACE('',(#645),#106,.T.);
#9730=ADVANCED_FACE('',(#646),#15,.T.);
#9731=ADVANCED_FACE('',(#647),#107,.T.);
#9732=ADVANCED_FACE('',(#648),#9277,.F.);
#9733=ADVANCED_FACE('',(#649),#108,.T.);
#9734=ADVANCED_FACE('',(#650),#16,.T.);
#9735=ADVANCED_FACE('',(#651),#109,.T.);
#9736=ADVANCED_FACE('',(#652),#110,.T.);
#9737=ADVANCED_FACE('',(#653),#9278,.F.);
#9738=ADVANCED_FACE('',(#654),#9279,.F.);
#9739=ADVANCED_FACE('',(#655),#9280,.F.);
#9740=ADVANCED_FACE('',(#656),#9281,.T.);
#9741=ADVANCED_FACE('',(#657),#9282,.T.);
#9742=ADVANCED_FACE('',(#658),#9283,.T.);
#9743=ADVANCED_FACE('',(#659),#63,.F.);
#9744=ADVANCED_FACE('',(#660),#9284,.T.);
#9745=ADVANCED_FACE('',(#661),#64,.F.);
#9746=ADVANCED_FACE('',(#662),#9285,.T.);
#9747=ADVANCED_FACE('',(#663),#9286,.T.);
#9748=ADVANCED_FACE('',(#664),#9287,.F.);
#9749=ADVANCED_FACE('',(#665),#111,.F.);
#9750=ADVANCED_FACE('',(#666),#9288,.F.);
#9751=ADVANCED_FACE('',(#667),#112,.F.);
#9752=ADVANCED_FACE('',(#668),#9289,.F.);
#9753=ADVANCED_FACE('',(#669),#9290,.T.);
#9754=ADVANCED_FACE('',(#670),#9291,.T.);
#9755=ADVANCED_FACE('',(#671),#9292,.T.);
#9756=ADVANCED_FACE('',(#672),#9293,.T.);
#9757=ADVANCED_FACE('',(#673),#9294,.T.);
#9758=ADVANCED_FACE('',(#674),#9295,.T.);
#9759=ADVANCED_FACE('',(#675),#9296,.T.);
#9760=ADVANCED_FACE('',(#676),#9297,.T.);
#9761=ADVANCED_FACE('',(#677),#9298,.T.);
#9762=ADVANCED_FACE('',(#678),#9299,.T.);
#9763=ADVANCED_FACE('',(#679),#9300,.T.);
#9764=ADVANCED_FACE('',(#680),#9301,.T.);
#9765=ADVANCED_FACE('',(#681),#9302,.T.);
#9766=ADVANCED_FACE('',(#682),#9303,.T.);
#9767=ADVANCED_FACE('',(#683),#9304,.T.);
#9768=ADVANCED_FACE('',(#684),#9305,.T.);
#9769=ADVANCED_FACE('',(#685),#9306,.T.);
#9770=ADVANCED_FACE('',(#686),#9307,.T.);
#9771=ADVANCED_FACE('',(#687),#9308,.T.);
#9772=ADVANCED_FACE('',(#688),#9309,.T.);
#9773=ADVANCED_FACE('',(#689),#9310,.T.);
#9774=ADVANCED_FACE('',(#690),#9311,.T.);
#9775=ADVANCED_FACE('',(#691),#9312,.T.);
#9776=ADVANCED_FACE('',(#692),#9313,.T.);
#9777=ADVANCED_FACE('',(#693),#9314,.T.);
#9778=ADVANCED_FACE('',(#694),#9315,.T.);
#9779=ADVANCED_FACE('',(#695),#9316,.T.);
#9780=ADVANCED_FACE('',(#696),#9317,.T.);
#9781=ADVANCED_FACE('',(#697),#9318,.T.);
#9782=ADVANCED_FACE('',(#698),#9319,.T.);
#9783=ADVANCED_FACE('',(#699),#9320,.T.);
#9784=ADVANCED_FACE('',(#700),#9321,.T.);
#9785=ADVANCED_FACE('',(#701),#9322,.T.);
#9786=ADVANCED_FACE('',(#702),#9323,.T.);
#9787=ADVANCED_FACE('',(#703),#9324,.T.);
#9788=ADVANCED_FACE('',(#704),#9325,.T.);
#9789=ADVANCED_FACE('',(#705),#9326,.T.);
#9790=ADVANCED_FACE('',(#706),#9327,.T.);
#9791=ADVANCED_FACE('',(#707),#9328,.T.);
#9792=ADVANCED_FACE('',(#708),#9329,.T.);
#9793=ADVANCED_FACE('',(#709),#9330,.T.);
#9794=ADVANCED_FACE('',(#710),#9331,.T.);
#9795=ADVANCED_FACE('',(#711),#9332,.T.);
#9796=ADVANCED_FACE('',(#712),#9333,.T.);
#9797=ADVANCED_FACE('',(#713),#9334,.T.);
#9798=ADVANCED_FACE('',(#714),#9335,.T.);
#9799=ADVANCED_FACE('',(#715),#9336,.T.);
#9800=ADVANCED_FACE('',(#716),#9337,.T.);
#9801=ADVANCED_FACE('',(#717),#9338,.T.);
#9802=ADVANCED_FACE('',(#718),#9339,.T.);
#9803=ADVANCED_FACE('',(#719),#9340,.T.);
#9804=ADVANCED_FACE('',(#720),#9341,.T.);
#9805=ADVANCED_FACE('',(#721),#9342,.T.);
#9806=ADVANCED_FACE('',(#722),#9343,.T.);
#9807=ADVANCED_FACE('',(#723),#9344,.T.);
#9808=ADVANCED_FACE('',(#724),#9345,.T.);
#9809=ADVANCED_FACE('',(#725),#9346,.T.);
#9810=ADVANCED_FACE('',(#726),#9347,.T.);
#9811=ADVANCED_FACE('',(#727),#9348,.T.);
#9812=ADVANCED_FACE('',(#728),#9349,.T.);
#9813=ADVANCED_FACE('',(#729),#9350,.T.);
#9814=ADVANCED_FACE('',(#730),#9351,.T.);
#9815=ADVANCED_FACE('',(#731),#9352,.T.);
#9816=ADVANCED_FACE('',(#732),#9353,.T.);
#9817=ADVANCED_FACE('',(#733),#9354,.T.);
#9818=ADVANCED_FACE('',(#734),#9355,.T.);
#9819=ADVANCED_FACE('',(#735),#9356,.T.);
#9820=ADVANCED_FACE('',(#736),#9357,.T.);
#9821=ADVANCED_FACE('',(#737),#9358,.T.);
#9822=ADVANCED_FACE('',(#738),#9359,.T.);
#9823=ADVANCED_FACE('',(#739),#9360,.T.);
#9824=ADVANCED_FACE('',(#740),#9361,.T.);
#9825=ADVANCED_FACE('',(#741),#9362,.T.);
#9826=ADVANCED_FACE('',(#742),#9363,.T.);
#9827=ADVANCED_FACE('',(#743),#9364,.T.);
#9828=ADVANCED_FACE('',(#744),#9365,.T.);
#9829=ADVANCED_FACE('',(#745),#9366,.T.);
#9830=ADVANCED_FACE('',(#746),#9367,.T.);
#9831=ADVANCED_FACE('',(#747),#9368,.T.);
#9832=ADVANCED_FACE('',(#748),#9369,.T.);
#9833=ADVANCED_FACE('',(#749),#9370,.T.);
#9834=ADVANCED_FACE('',(#750),#9371,.T.);
#9835=ADVANCED_FACE('',(#751),#9372,.T.);
#9836=ADVANCED_FACE('',(#752),#9373,.T.);
#9837=ADVANCED_FACE('',(#753),#9374,.T.);
#9838=ADVANCED_FACE('',(#754),#9375,.T.);
#9839=ADVANCED_FACE('',(#755),#9376,.F.);
#9840=ADVANCED_FACE('',(#756),#113,.T.);
#9841=ADVANCED_FACE('',(#757),#114,.T.);
#9842=ADVANCED_FACE('',(#758),#115,.T.);
#9843=ADVANCED_FACE('',(#759),#116,.T.);
#9844=ADVANCED_FACE('',(#760),#117,.T.);
#9845=ADVANCED_FACE('',(#761),#118,.T.);
#9846=ADVANCED_FACE('',(#762),#9377,.F.);
#9847=ADVANCED_FACE('',(#763),#9378,.F.);
#9848=ADVANCED_FACE('',(#764),#9379,.F.);
#9849=ADVANCED_FACE('',(#765),#9380,.F.);
#9850=ADVANCED_FACE('',(#766),#9381,.F.);
#9851=ADVANCED_FACE('',(#767),#9382,.F.);
#9852=ADVANCED_FACE('',(#768),#9383,.T.);
#9853=ADVANCED_FACE('',(#769,#67,#68),#9384,.T.);
#9854=ADVANCED_FACE('',(#770),#9385,.F.);
#9855=ADVANCED_FACE('',(#771),#119,.T.);
#9856=ADVANCED_FACE('',(#772),#9386,.T.);
#9857=ADVANCED_FACE('',(#773),#120,.T.);
#9858=ADVANCED_FACE('',(#774),#9387,.T.);
#9859=ADVANCED_FACE('',(#775),#9388,.T.);
#9860=ADVANCED_FACE('',(#776),#121,.T.);
#9861=ADVANCED_FACE('',(#777),#9389,.F.);
#9862=ADVANCED_FACE('',(#778,#69,#70,#71,#72),#9390,.T.);
#9863=ADVANCED_FACE('',(#779),#9391,.T.);
#9864=ADVANCED_FACE('',(#780),#9392,.F.);
#9865=ADVANCED_FACE('',(#781),#9393,.F.);
#9866=ADVANCED_FACE('',(#782),#9394,.F.);
#9867=ADVANCED_FACE('',(#783),#122,.T.);
#9868=ADVANCED_FACE('',(#784),#123,.T.);
#9869=ADVANCED_FACE('',(#785),#124,.T.);
#9870=ADVANCED_FACE('',(#786),#9395,.F.);
#9871=ADVANCED_FACE('',(#787),#9396,.F.);
#9872=ADVANCED_FACE('',(#788),#9397,.F.);
#9873=ADVANCED_FACE('',(#789),#125,.T.);
#9874=ADVANCED_FACE('',(#790),#9398,.T.);
#9875=ADVANCED_FACE('',(#791),#9399,.F.);
#9876=ADVANCED_FACE('',(#792),#126,.T.);
#9877=ADVANCED_FACE('',(#793),#9400,.T.);
#9878=ADVANCED_FACE('',(#794),#9401,.T.);
#9879=ADVANCED_FACE('',(#795),#9402,.F.);
#9880=ADVANCED_FACE('',(#796),#9403,.T.);
#9881=ADVANCED_FACE('',(#797),#9404,.T.);
#9882=ADVANCED_FACE('',(#798),#9405,.T.);
#9883=ADVANCED_FACE('',(#799),#65,.T.);
#9884=ADVANCED_FACE('',(#800),#9406,.F.);
#9885=ADVANCED_FACE('',(#801),#9407,.F.);
#9886=ADVANCED_FACE('',(#802),#9408,.F.);
#9887=ADVANCED_FACE('',(#803),#9409,.F.);
#9888=ADVANCED_FACE('',(#804),#9410,.F.);
#9889=ADVANCED_FACE('',(#805),#9411,.F.);
#9890=ADVANCED_FACE('',(#806),#127,.T.);
#9891=ADVANCED_FACE('',(#807),#9412,.T.);
#9892=ADVANCED_FACE('',(#808),#9413,.T.);
#9893=ADVANCED_FACE('',(#809),#128,.T.);
#9894=ADVANCED_FACE('',(#810),#9414,.T.);
#9895=ADVANCED_FACE('',(#811),#9415,.T.);
#9896=ADVANCED_FACE('',(#812),#9416,.F.);
#9897=ADVANCED_FACE('',(#813),#9417,.T.);
#9898=ADVANCED_FACE('',(#814),#9418,.T.);
#9899=ADVANCED_FACE('',(#815),#9419,.T.);
#9900=ADVANCED_FACE('',(#816),#9420,.T.);
#9901=ADVANCED_FACE('',(#817),#9421,.F.);
#9902=ADVANCED_FACE('',(#818),#9422,.T.);
#9903=ADVANCED_FACE('',(#819),#9423,.T.);
#9904=ADVANCED_FACE('',(#820),#9424,.T.);
#9905=ADVANCED_FACE('',(#821),#9425,.T.);
#9906=ADVANCED_FACE('',(#822),#9426,.T.);
#9907=ADVANCED_FACE('',(#823),#9427,.T.);
#9908=ADVANCED_FACE('',(#824),#9428,.T.);
#9909=ADVANCED_FACE('',(#825),#9429,.T.);
#9910=ADVANCED_FACE('',(#826),#9430,.T.);
#9911=ADVANCED_FACE('',(#827),#9431,.T.);
#9912=ADVANCED_FACE('',(#828),#9432,.T.);
#9913=ADVANCED_FACE('',(#829),#9433,.T.);
#9914=ADVANCED_FACE('',(#830),#9434,.T.);
#9915=ADVANCED_FACE('',(#831),#9435,.T.);
#9916=ADVANCED_FACE('',(#832),#9436,.T.);
#9917=ADVANCED_FACE('',(#833),#9437,.T.);
#9918=ADVANCED_FACE('',(#834),#9438,.T.);
#9919=ADVANCED_FACE('',(#835),#9439,.T.);
#9920=ADVANCED_FACE('',(#836),#9440,.T.);
#9921=ADVANCED_FACE('',(#837),#9441,.T.);
#9922=ADVANCED_FACE('',(#838),#9442,.T.);
#9923=ADVANCED_FACE('',(#839),#9443,.T.);
#9924=ADVANCED_FACE('',(#840),#9444,.T.);
#9925=ADVANCED_FACE('',(#841),#9445,.T.);
#9926=ADVANCED_FACE('',(#842),#9446,.T.);
#9927=ADVANCED_FACE('',(#843),#9447,.T.);
#9928=ADVANCED_FACE('',(#844),#23,.T.);
#9929=ADVANCED_FACE('',(#845),#129,.F.);
#9930=ADVANCED_FACE('',(#846),#130,.T.);
#9931=ADVANCED_FACE('',(#847),#131,.T.);
#9932=ADVANCED_FACE('',(#848),#24,.T.);
#9933=ADVANCED_FACE('',(#849),#132,.F.);
#9934=ADVANCED_FACE('',(#850),#9448,.T.);
#9935=ADVANCED_FACE('',(#851),#133,.T.);
#9936=ADVANCED_FACE('',(#852),#25,.T.);
#9937=ADVANCED_FACE('',(#853),#134,.F.);
#9938=ADVANCED_FACE('',(#854),#9449,.T.);
#9939=ADVANCED_FACE('',(#855),#135,.T.);
#9940=ADVANCED_FACE('',(#856),#17,.T.);
#9941=ADVANCED_FACE('',(#857),#136,.T.);
#9942=ADVANCED_FACE('',(#858),#137,.T.);
#9943=ADVANCED_FACE('',(#859,#73),#9450,.F.);
#9944=ADVANCED_FACE('',(#860),#138,.T.);
#9945=ADVANCED_FACE('',(#861),#18,.T.);
#9946=ADVANCED_FACE('',(#862),#139,.T.);
#9947=ADVANCED_FACE('',(#863),#9451,.T.);
#9948=ADVANCED_FACE('',(#864),#140,.T.);
#9949=ADVANCED_FACE('',(#865),#19,.T.);
#9950=ADVANCED_FACE('',(#866),#141,.T.);
#9951=ADVANCED_FACE('',(#867),#142,.T.);
#9952=ADVANCED_FACE('',(#868),#143,.T.);
#9953=ADVANCED_FACE('',(#869),#9452,.T.);
#9954=ADVANCED_FACE('',(#870),#9453,.T.);
#9955=ADVANCED_FACE('',(#871),#9454,.T.);
#9956=ADVANCED_FACE('',(#872),#9455,.F.);
#9957=CLOSED_SHELL('',(#9456,#9457,#9458,#9459,#9460,#9461,#9462,#9463,
#9464,#9465,#9466,#9467,#9468,#9469,#9470,#9471,#9472,#9473,#9474,#9475,
#9476,#9477,#9478,#9479,#9480,#9481,#9482,#9483,#9484,#9485,#9486,#9487,
#9488,#9489,#9490,#9491,#9492,#9493,#9494,#9495,#9496,#9497,#9498,#9499,
#9500,#9501,#9502,#9503,#9504,#9505,#9506,#9507,#9508,#9509,#9510,#9511,
#9512,#9513,#9514,#9515,#9516,#9517,#9518,#9519,#9520,#9521,#9522,#9523,
#9524,#9525,#9526,#9527,#9528,#9529,#9530,#9531,#9532,#9533,#9534,#9535,
#9536,#9537,#9538,#9539,#9540,#9541,#9542,#9543,#9544,#9545,#9546,#9547,
#9548,#9549,#9550,#9551,#9552,#9553,#9554,#9555,#9556,#9557,#9558,#9559,
#9560,#9561,#9562,#9563,#9564,#9565,#9566,#9567,#9568,#9569,#9570,#9571,
#9572,#9573,#9574,#9575,#9576,#9577,#9578,#9579,#9580,#9581,#9582,#9583,
#9584,#9585,#9586,#9587,#9588,#9589,#9590,#9591,#9592,#9593,#9594,#9595,
#9596,#9597,#9598,#9599,#9600,#9601,#9602,#9603,#9604,#9605,#9606,#9607,
#9608,#9609,#9610,#9611,#9612,#9613,#9614,#9615,#9616,#9617,#9618,#9619,
#9620,#9621,#9622,#9623,#9624,#9625,#9626,#9627,#9628,#9629,#9630,#9631,
#9632,#9633,#9634,#9635,#9636,#9637,#9638,#9639,#9640,#9641,#9642,#9643,
#9644,#9645,#9646,#9647,#9648,#9649,#9650,#9651,#9652,#9653,#9654,#9655,
#9656,#9657,#9658,#9659,#9660,#9661,#9662,#9663,#9664,#9665,#9666,#9667,
#9668,#9669,#9670,#9671,#9672,#9673,#9674,#9675,#9676,#9677,#9678,#9679,
#9680,#9681,#9682,#9683,#9684,#9685,#9686,#9687,#9688,#9689,#9690,#9691,
#9692,#9693,#9694,#9695,#9696,#9697,#9698,#9699,#9700,#9701,#9702,#9703,
#9704,#9705,#9706,#9707,#9708,#9709,#9710,#9711,#9712,#9713,#9714,#9715,
#9716,#9717,#9718,#9719,#9720,#9721,#9722,#9723,#9724,#9725,#9726,#9727,
#9728,#9729,#9730,#9731,#9732,#9733,#9734,#9735,#9736,#9737,#9738,#9739,
#9740,#9741,#9742,#9743,#9744,#9745,#9746,#9747,#9748,#9749,#9750,#9751,
#9752,#9753,#9754,#9755,#9756,#9757,#9758,#9759,#9760,#9761,#9762,#9763,
#9764,#9765,#9766,#9767,#9768,#9769,#9770,#9771,#9772,#9773,#9774,#9775,
#9776,#9777,#9778,#9779,#9780,#9781,#9782,#9783,#9784,#9785,#9786,#9787,
#9788,#9789,#9790,#9791,#9792,#9793,#9794,#9795,#9796,#9797,#9798,#9799,
#9800,#9801,#9802,#9803,#9804,#9805,#9806,#9807,#9808,#9809,#9810,#9811,
#9812,#9813,#9814,#9815,#9816,#9817,#9818,#9819,#9820,#9821,#9822,#9823,
#9824,#9825,#9826,#9827,#9828,#9829,#9830,#9831,#9832,#9833,#9834,#9835,
#9836,#9837,#9838,#9839,#9840,#9841,#9842,#9843,#9844,#9845,#9846,#9847,
#9848,#9849,#9850,#9851,#9852,#9853,#9854,#9855,#9856,#9857,#9858,#9859,
#9860,#9861,#9862,#9863,#9864,#9865,#9866,#9867,#9868,#9869,#9870,#9871,
#9872,#9873,#9874,#9875,#9876,#9877,#9878,#9879,#9880,#9881,#9882,#9883,
#9884,#9885,#9886,#9887,#9888,#9889,#9890,#9891,#9892,#9893,#9894,#9895,
#9896,#9897,#9898,#9899,#9900,#9901,#9902,#9903,#9904,#9905,#9906,#9907,
#9908,#9909,#9910,#9911,#9912,#9913,#9914,#9915,#9916,#9917,#9918,#9919,
#9920,#9921,#9922,#9923,#9924,#9925,#9926,#9927,#9928,#9929,#9930,#9931,
#9932,#9933,#9934,#9935,#9936,#9937,#9938,#9939,#9940,#9941,#9942,#9943,
#9944,#9945,#9946,#9947,#9948,#9949,#9950,#9951,#9952,#9953,#9954,#9955,
#9956));
#9958=DERIVED_UNIT_ELEMENT(#9960,1.);
#9959=DERIVED_UNIT_ELEMENT(#16071,-3.);
#9960=(
MASS_UNIT()
NAMED_UNIT(*)
SI_UNIT(.KILO.,.GRAM.)
);
#9961=DERIVED_UNIT((#9958,#9959));
#9962=MEASURE_REPRESENTATION_ITEM('density measure',
POSITIVE_RATIO_MEASURE(7850.),#9961);
#9963=PROPERTY_DEFINITION_REPRESENTATION(#9968,#9965);
#9964=PROPERTY_DEFINITION_REPRESENTATION(#9969,#9966);
#9965=REPRESENTATION('material name',(#9967),#16068);
#9966=REPRESENTATION('density',(#9962),#16068);
#9967=DESCRIPTIVE_REPRESENTATION_ITEM('\X2\92FC\X0\','\X2\92FC\X0\');
#9968=PROPERTY_DEFINITION('material property','material name',#16078);
#9969=PROPERTY_DEFINITION('material property','density of part',#16078);
#9970=AXIS2_PLACEMENT_3D('',#13149,#10608,#10609);
#9971=AXIS2_PLACEMENT_3D('',#13150,#10610,#10611);
#9972=AXIS2_PLACEMENT_3D('',#13159,#10616,#10617);
#9973=AXIS2_PLACEMENT_3D('',#13165,#10621,#10622);
#9974=AXIS2_PLACEMENT_3D('',#13174,#10627,#10628);
#9975=AXIS2_PLACEMENT_3D('',#13180,#10632,#10633);
#9976=AXIS2_PLACEMENT_3D('',#13343,#10716,#10717);
#9977=AXIS2_PLACEMENT_3D('',#13351,#10722,#10723);
#9978=AXIS2_PLACEMENT_3D('',#13355,#10726,#10727);
#9979=AXIS2_PLACEMENT_3D('',#13361,#10731,#10732);
#9980=AXIS2_PLACEMENT_3D('',#13369,#10737,#10738);
#9981=AXIS2_PLACEMENT_3D('',#13373,#10741,#10742);
#9982=AXIS2_PLACEMENT_3D('',#13379,#10746,#10747);
#9983=AXIS2_PLACEMENT_3D('',#13387,#10752,#10753);
#9984=AXIS2_PLACEMENT_3D('',#13391,#10756,#10757);
#9985=AXIS2_PLACEMENT_3D('',#13397,#10761,#10762);
#9986=AXIS2_PLACEMENT_3D('',#13405,#10767,#10768);
#9987=AXIS2_PLACEMENT_3D('',#13409,#10771,#10772);
#9988=AXIS2_PLACEMENT_3D('',#13415,#10776,#10777);
#9989=AXIS2_PLACEMENT_3D('',#13423,#10782,#10783);
#9990=AXIS2_PLACEMENT_3D('',#13427,#10786,#10787);
#9991=AXIS2_PLACEMENT_3D('',#13433,#10791,#10792);
#9992=AXIS2_PLACEMENT_3D('',#13441,#10797,#10798);
#9993=AXIS2_PLACEMENT_3D('',#13445,#10801,#10802);
#9994=AXIS2_PLACEMENT_3D('',#13451,#10806,#10807);
#9995=AXIS2_PLACEMENT_3D('',#13459,#10812,#10813);
#9996=AXIS2_PLACEMENT_3D('',#13463,#10816,#10817);
#9997=AXIS2_PLACEMENT_3D('',#13469,#10821,#10822);
#9998=AXIS2_PLACEMENT_3D('',#13477,#10827,#10828);
#9999=AXIS2_PLACEMENT_3D('',#13481,#10831,#10832);
#10000=AXIS2_PLACEMENT_3D('',#13487,#10836,#10837);
#10001=AXIS2_PLACEMENT_3D('',#13495,#10842,#10843);
#10002=AXIS2_PLACEMENT_3D('',#13499,#10846,#10847);
#10003=AXIS2_PLACEMENT_3D('',#13505,#10851,#10852);
#10004=AXIS2_PLACEMENT_3D('',#13511,#10856,#10857);
#10005=AXIS2_PLACEMENT_3D('',#13515,#10859,#10860);
#10006=AXIS2_PLACEMENT_3D('',#13519,#10862,#10863);
#10007=AXIS2_PLACEMENT_3D('',#13523,#10865,#10866);
#10008=AXIS2_PLACEMENT_3D('',#13527,#10868,#10869);
#10009=AXIS2_PLACEMENT_3D('',#13533,#10873,#10874);
#10010=AXIS2_PLACEMENT_3D('',#13541,#10878,#10879);
#10011=AXIS2_PLACEMENT_3D('',#13545,#10881,#10882);
#10012=AXIS2_PLACEMENT_3D('',#13549,#10884,#10885);
#10013=AXIS2_PLACEMENT_3D('',#13553,#10887,#10888);
#10014=AXIS2_PLACEMENT_3D('',#13555,#10890,#10891);
#10015=AXIS2_PLACEMENT_3D('',#13571,#10900,#10901);
#10016=AXIS2_PLACEMENT_3D('',#13587,#10910,#10911);
#10017=AXIS2_PLACEMENT_3D('',#13590,#10912,#10913);
#10018=AXIS2_PLACEMENT_3D('',#13593,#10916,#10917);
#10019=AXIS2_PLACEMENT_3D('',#13597,#10920,#10921);
#10020=AXIS2_PLACEMENT_3D('',#13601,#10923,#10924);
#10021=AXIS2_PLACEMENT_3D('',#13605,#10926,#10927);
#10022=AXIS2_PLACEMENT_3D('',#13609,#10929,#10930);
#10023=AXIS2_PLACEMENT_3D('',#13617,#10935,#10936);
#10024=AXIS2_PLACEMENT_3D('',#13621,#10938,#10939);
#10025=AXIS2_PLACEMENT_3D('',#13623,#10941,#10942);
#10026=AXIS2_PLACEMENT_3D('',#13627,#10945,#10946);
#10027=AXIS2_PLACEMENT_3D('',#13630,#10949,#10950);
#10028=AXIS2_PLACEMENT_3D('',#13634,#10953,#10954);
#10029=AXIS2_PLACEMENT_3D('',#13638,#10956,#10957);
#10030=AXIS2_PLACEMENT_3D('',#13640,#10959,#10960);
#10031=AXIS2_PLACEMENT_3D('',#13644,#10963,#10964);
#10032=AXIS2_PLACEMENT_3D('',#13646,#10965,#10966);
#10033=AXIS2_PLACEMENT_3D('',#13648,#10968,#10969);
#10034=AXIS2_PLACEMENT_3D('',#13652,#10971,#10972);
#10035=AXIS2_PLACEMENT_3D('',#13661,#10978,#10979);
#10036=AXIS2_PLACEMENT_3D('',#13664,#10982,#10983);
#10037=AXIS2_PLACEMENT_3D('',#13665,#10984,#10985);
#10038=AXIS2_PLACEMENT_3D('',#13668,#10988,#10989);
#10039=AXIS2_PLACEMENT_3D('',#13669,#10990,#10991);
#10040=AXIS2_PLACEMENT_3D('',#13672,#10994,#10995);
#10041=AXIS2_PLACEMENT_3D('',#13673,#10996,#10997);
#10042=AXIS2_PLACEMENT_3D('',#13674,#10998,#10999);
#10043=AXIS2_PLACEMENT_3D('',#13678,#11002,#11003);
#10044=AXIS2_PLACEMENT_3D('',#13679,#11004,#11005);
#10045=AXIS2_PLACEMENT_3D('',#13682,#11008,#11009);
#10046=AXIS2_PLACEMENT_3D('',#13684,#11011,#11012);
#10047=AXIS2_PLACEMENT_3D('',#13686,#11013,#11014);
#10048=AXIS2_PLACEMENT_3D('',#13690,#11016,#11017);
#10049=AXIS2_PLACEMENT_3D('',#13694,#11019,#11020);
#10050=AXIS2_PLACEMENT_3D('',#13698,#11022,#11023);
#10051=AXIS2_PLACEMENT_3D('',#13702,#11025,#11026);
#10052=AXIS2_PLACEMENT_3D('',#13705,#11028,#11029);
#10053=AXIS2_PLACEMENT_3D('',#14034,#11194,#11195);
#10054=AXIS2_PLACEMENT_3D('',#14040,#11199,#11200);
#10055=AXIS2_PLACEMENT_3D('',#14049,#11205,#11206);
#10056=AXIS2_PLACEMENT_3D('',#14051,#11207,#11208);
#10057=AXIS2_PLACEMENT_3D('',#14054,#11210,#11211);
#10058=AXIS2_PLACEMENT_3D('',#14055,#11212,#11213);
#10059=AXIS2_PLACEMENT_3D('',#14061,#11217,#11218);
#10060=AXIS2_PLACEMENT_3D('',#14063,#11219,#11220);
#10061=AXIS2_PLACEMENT_3D('',#14066,#11222,#11223);
#10062=AXIS2_PLACEMENT_3D('',#14067,#11224,#11225);
#10063=AXIS2_PLACEMENT_3D('',#14070,#11228,#11229);
#10064=AXIS2_PLACEMENT_3D('',#14074,#11232,#11233);
#10065=AXIS2_PLACEMENT_3D('',#14080,#11237,#11238);
#10066=AXIS2_PLACEMENT_3D('',#14082,#11239,#11240);
#10067=AXIS2_PLACEMENT_3D('',#14084,#11242,#11243);
#10068=AXIS2_PLACEMENT_3D('',#14088,#11246,#11247);
#10069=AXIS2_PLACEMENT_3D('',#14090,#11248,#11249);
#10070=AXIS2_PLACEMENT_3D('',#14092,#11251,#11252);
#10071=AXIS2_PLACEMENT_3D('',#14098,#11256,#11257);
#10072=AXIS2_PLACEMENT_3D('',#14104,#11261,#11262);
#10073=AXIS2_PLACEMENT_3D('',#14113,#11267,#11268);
#10074=AXIS2_PLACEMENT_3D('',#14116,#11271,#11272);
#10075=AXIS2_PLACEMENT_3D('',#14118,#11274,#11275);
#10076=AXIS2_PLACEMENT_3D('',#14127,#11280,#11281);
#10077=AXIS2_PLACEMENT_3D('',#14130,#11284,#11285);
#10078=AXIS2_PLACEMENT_3D('',#14132,#11287,#11288);
#10079=AXIS2_PLACEMENT_3D('',#14141,#11293,#11294);
#10080=AXIS2_PLACEMENT_3D('',#14144,#11297,#11298);
#10081=AXIS2_PLACEMENT_3D('',#14146,#11300,#11301);
#10082=AXIS2_PLACEMENT_3D('',#14155,#11306,#11307);
#10083=AXIS2_PLACEMENT_3D('',#14158,#11310,#11311);
#10084=AXIS2_PLACEMENT_3D('',#14160,#11313,#11314);
#10085=AXIS2_PLACEMENT_3D('',#14169,#11319,#11320);
#10086=AXIS2_PLACEMENT_3D('',#14172,#11323,#11324);
#10087=AXIS2_PLACEMENT_3D('',#14174,#11326,#11327);
#10088=AXIS2_PLACEMENT_3D('',#14183,#11332,#11333);
#10089=AXIS2_PLACEMENT_3D('',#14186,#11336,#11337);
#10090=AXIS2_PLACEMENT_3D('',#14188,#11339,#11340);
#10091=AXIS2_PLACEMENT_3D('',#14197,#11345,#11346);
#10092=AXIS2_PLACEMENT_3D('',#14200,#11349,#11350);
#10093=AXIS2_PLACEMENT_3D('',#14202,#11352,#11353);
#10094=AXIS2_PLACEMENT_3D('',#14211,#11358,#11359);
#10095=AXIS2_PLACEMENT_3D('',#14214,#11362,#11363);
#10096=AXIS2_PLACEMENT_3D('',#14216,#11365,#11366);
#10097=AXIS2_PLACEMENT_3D('',#14225,#11371,#11372);
#10098=AXIS2_PLACEMENT_3D('',#14228,#11375,#11376);
#10099=AXIS2_PLACEMENT_3D('',#14230,#11378,#11379);
#10100=AXIS2_PLACEMENT_3D('',#14239,#11384,#11385);
#10101=AXIS2_PLACEMENT_3D('',#14242,#11388,#11389);
#10102=AXIS2_PLACEMENT_3D('',#14244,#11391,#11392);
#10103=AXIS2_PLACEMENT_3D('',#14253,#11397,#11398);
#10104=AXIS2_PLACEMENT_3D('',#14256,#11401,#11402);
#10105=AXIS2_PLACEMENT_3D('',#14258,#11404,#11405);
#10106=AXIS2_PLACEMENT_3D('',#14267,#11410,#11411);
#10107=AXIS2_PLACEMENT_3D('',#14270,#11414,#11415);
#10108=AXIS2_PLACEMENT_3D('',#14272,#11417,#11418);
#10109=AXIS2_PLACEMENT_3D('',#14281,#11423,#11424);
#10110=AXIS2_PLACEMENT_3D('',#14284,#11427,#11428);
#10111=AXIS2_PLACEMENT_3D('',#14286,#11430,#11431);
#10112=AXIS2_PLACEMENT_3D('',#14295,#11436,#11437);
#10113=AXIS2_PLACEMENT_3D('',#14298,#11440,#11441);
#10114=AXIS2_PLACEMENT_3D('',#14300,#11443,#11444);
#10115=AXIS2_PLACEMENT_3D('',#14309,#11449,#11450);
#10116=AXIS2_PLACEMENT_3D('',#14312,#11453,#11454);
#10117=AXIS2_PLACEMENT_3D('',#14314,#11456,#11457);
#10118=AXIS2_PLACEMENT_3D('',#14323,#11462,#11463);
#10119=AXIS2_PLACEMENT_3D('',#14326,#11466,#11467);
#10120=AXIS2_PLACEMENT_3D('',#14328,#11469,#11470);
#10121=AXIS2_PLACEMENT_3D('',#14337,#11475,#11476);
#10122=AXIS2_PLACEMENT_3D('',#14340,#11479,#11480);
#10123=AXIS2_PLACEMENT_3D('',#14342,#11482,#11483);
#10124=AXIS2_PLACEMENT_3D('',#14351,#11488,#11489);
#10125=AXIS2_PLACEMENT_3D('',#14354,#11492,#11493);
#10126=AXIS2_PLACEMENT_3D('',#14356,#11495,#11496);
#10127=AXIS2_PLACEMENT_3D('',#14365,#11501,#11502);
#10128=AXIS2_PLACEMENT_3D('',#14368,#11505,#11506);
#10129=AXIS2_PLACEMENT_3D('',#14370,#11508,#11509);
#10130=AXIS2_PLACEMENT_3D('',#14379,#11514,#11515);
#10131=AXIS2_PLACEMENT_3D('',#14382,#11518,#11519);
#10132=AXIS2_PLACEMENT_3D('',#14384,#11521,#11522);
#10133=AXIS2_PLACEMENT_3D('',#14386,#11524,#11525);
#10134=AXIS2_PLACEMENT_3D('',#14388,#11527,#11528);
#10135=AXIS2_PLACEMENT_3D('',#14390,#11530,#11531);
#10136=AXIS2_PLACEMENT_3D('',#14392,#11533,#11534);
#10137=AXIS2_PLACEMENT_3D('',#14394,#11536,#11537);
#10138=AXIS2_PLACEMENT_3D('',#14396,#11539,#11540);
#10139=AXIS2_PLACEMENT_3D('',#14398,#11542,#11543);
#10140=AXIS2_PLACEMENT_3D('',#14400,#11545,#11546);
#10141=AXIS2_PLACEMENT_3D('',#14402,#11548,#11549);
#10142=AXIS2_PLACEMENT_3D('',#14404,#11551,#11552);
#10143=AXIS2_PLACEMENT_3D('',#14406,#11554,#11555);
#10144=AXIS2_PLACEMENT_3D('',#14408,#11557,#11558);
#10145=AXIS2_PLACEMENT_3D('',#14410,#11560,#11561);
#10146=AXIS2_PLACEMENT_3D('',#14412,#11563,#11564);
#10147=AXIS2_PLACEMENT_3D('',#14414,#11566,#11567);
#10148=AXIS2_PLACEMENT_3D('',#14416,#11569,#11570);
#10149=AXIS2_PLACEMENT_3D('',#14418,#11572,#11573);
#10150=AXIS2_PLACEMENT_3D('',#14420,#11575,#11576);
#10151=AXIS2_PLACEMENT_3D('',#14422,#11578,#11579);
#10152=AXIS2_PLACEMENT_3D('',#14424,#11581,#11582);
#10153=AXIS2_PLACEMENT_3D('',#14434,#11588,#11589);
#10154=AXIS2_PLACEMENT_3D('',#14439,#11591,#11592);
#10155=AXIS2_PLACEMENT_3D('',#14442,#11594,#11595);
#10156=AXIS2_PLACEMENT_3D('',#14443,#11596,#11597);
#10157=AXIS2_PLACEMENT_3D('',#14448,#11600,#11601);
#10158=AXIS2_PLACEMENT_3D('',#14449,#11602,#11603);
#10159=AXIS2_PLACEMENT_3D('',#14454,#11606,#11607);
#10160=AXIS2_PLACEMENT_3D('',#14455,#11608,#11609);
#10161=AXIS2_PLACEMENT_3D('',#14460,#11612,#11613);
#10162=AXIS2_PLACEMENT_3D('',#14461,#11614,#11615);
#10163=AXIS2_PLACEMENT_3D('',#14466,#11618,#11619);
#10164=AXIS2_PLACEMENT_3D('',#14467,#11620,#11621);
#10165=AXIS2_PLACEMENT_3D('',#14472,#11624,#11625);
#10166=AXIS2_PLACEMENT_3D('',#14473,#11626,#11627);
#10167=AXIS2_PLACEMENT_3D('',#14479,#11631,#11632);
#10168=AXIS2_PLACEMENT_3D('',#14483,#11635,#11636);
#10169=AXIS2_PLACEMENT_3D('',#14487,#11639,#11640);
#10170=AXIS2_PLACEMENT_3D('',#14491,#11643,#11644);
#10171=AXIS2_PLACEMENT_3D('',#14495,#11647,#11648);
#10172=AXIS2_PLACEMENT_3D('',#14499,#11651,#11652);
#10173=AXIS2_PLACEMENT_3D('',#14508,#11657,#11658);
#10174=AXIS2_PLACEMENT_3D('',#14514,#11661,#11662);
#10175=AXIS2_PLACEMENT_3D('',#14520,#11665,#11666);
#10176=AXIS2_PLACEMENT_3D('',#14524,#11668,#11669);
#10177=AXIS2_PLACEMENT_3D('',#14526,#11671,#11672);
#10178=AXIS2_PLACEMENT_3D('',#14530,#11674,#11675);
#10179=AXIS2_PLACEMENT_3D('',#14532,#11677,#11678);
#10180=AXIS2_PLACEMENT_3D('',#14536,#11681,#11682);
#10181=AXIS2_PLACEMENT_3D('',#14538,#11683,#11684);
#10182=AXIS2_PLACEMENT_3D('',#14540,#11686,#11687);
#10183=AXIS2_PLACEMENT_3D('',#14542,#11689,#11690);
#10184=AXIS2_PLACEMENT_3D('',#14546,#11693,#11694);
#10185=AXIS2_PLACEMENT_3D('',#14549,#11695,#11696);
#10186=AXIS2_PLACEMENT_3D('',#14551,#11697,#11698);
#10187=AXIS2_PLACEMENT_3D('',#14554,#11700,#11701);
#10188=AXIS2_PLACEMENT_3D('',#14556,#11703,#11704);
#10189=AXIS2_PLACEMENT_3D('',#14559,#11707,#11708);
#10190=AXIS2_PLACEMENT_3D('',#14561,#11710,#11711);
#10191=AXIS2_PLACEMENT_3D('',#14567,#11715,#11716);
#10192=AXIS2_PLACEMENT_3D('',#14572,#11720,#11721);
#10193=AXIS2_PLACEMENT_3D('',#14574,#11723,#11724);
#10194=AXIS2_PLACEMENT_3D('',#14579,#11726,#11727);
#10195=AXIS2_PLACEMENT_3D('',#14582,#11729,#11730);
#10196=AXIS2_PLACEMENT_3D('',#14583,#11731,#11732);
#10197=AXIS2_PLACEMENT_3D('',#14587,#11734,#11735);
#10198=AXIS2_PLACEMENT_3D('',#14589,#11737,#11738);
#10199=AXIS2_PLACEMENT_3D('',#14594,#11741,#11742);
#10200=AXIS2_PLACEMENT_3D('',#14595,#11743,#11744);
#10201=AXIS2_PLACEMENT_3D('',#14601,#11748,#11749);
#10202=AXIS2_PLACEMENT_3D('',#14605,#11752,#11753);
#10203=AXIS2_PLACEMENT_3D('',#14609,#11756,#11757);
#10204=AXIS2_PLACEMENT_3D('',#14612,#11758,#11759);
#10205=AXIS2_PLACEMENT_3D('',#14616,#11761,#11762);
#10206=AXIS2_PLACEMENT_3D('',#14618,#11764,#11765);
#10207=AXIS2_PLACEMENT_3D('',#14624,#11769,#11770);
#10208=AXIS2_PLACEMENT_3D('',#14626,#11771,#11772);
#10209=AXIS2_PLACEMENT_3D('',#14632,#11776,#11777);
#10210=AXIS2_PLACEMENT_3D('',#14634,#11778,#11779);
#10211=AXIS2_PLACEMENT_3D('',#14636,#11781,#11782);
#10212=AXIS2_PLACEMENT_3D('',#14647,#11788,#11789);
#10213=AXIS2_PLACEMENT_3D('',#14653,#11793,#11794);
#10214=AXIS2_PLACEMENT_3D('',#14661,#11799,#11800);
#10215=AXIS2_PLACEMENT_3D('',#14667,#11804,#11805);
#10216=AXIS2_PLACEMENT_3D('',#14673,#11809,#11810);
#10217=AXIS2_PLACEMENT_3D('',#14674,#11811,#11812);
#10218=AXIS2_PLACEMENT_3D('',#14675,#11813,#11814);
#10219=AXIS2_PLACEMENT_3D('',#14676,#11815,#11816);
#10220=AXIS2_PLACEMENT_3D('',#14682,#11820,#11821);
#10221=AXIS2_PLACEMENT_3D('',#14685,#11824,#11825);
#10222=AXIS2_PLACEMENT_3D('',#14688,#11828,#11829);
#10223=AXIS2_PLACEMENT_3D('',#14689,#11830,#11831);
#10224=AXIS2_PLACEMENT_3D('',#14692,#11832,#11833);
#10225=AXIS2_PLACEMENT_3D('',#14696,#11835,#11836);
#10226=AXIS2_PLACEMENT_3D('',#14698,#11838,#11839);
#10227=AXIS2_PLACEMENT_3D('',#14704,#11843,#11844);
#10228=AXIS2_PLACEMENT_3D('',#14720,#11853,#11854);
#10229=AXIS2_PLACEMENT_3D('',#14721,#11855,#11856);
#10230=AXIS2_PLACEMENT_3D('',#14722,#11857,#11858);
#10231=AXIS2_PLACEMENT_3D('',#14723,#11859,#11860);
#10232=AXIS2_PLACEMENT_3D('',#14725,#11861,#11862);
#10233=AXIS2_PLACEMENT_3D('',#14729,#11865,#11866);
#10234=AXIS2_PLACEMENT_3D('',#14733,#11869,#11870);
#10235=AXIS2_PLACEMENT_3D('',#14735,#11872,#11873);
#10236=AXIS2_PLACEMENT_3D('',#14737,#11875,#11876);
#10237=AXIS2_PLACEMENT_3D('',#14740,#11879,#11880);
#10238=AXIS2_PLACEMENT_3D('',#14741,#11881,#11882);
#10239=AXIS2_PLACEMENT_3D('',#14743,#11883,#11884);
#10240=AXIS2_PLACEMENT_3D('',#14745,#11886,#11887);
#10241=AXIS2_PLACEMENT_3D('',#14751,#11891,#11892);
#10242=AXIS2_PLACEMENT_3D('',#14759,#11897,#11898);
#10243=AXIS2_PLACEMENT_3D('',#14768,#11903,#11904);
#10244=AXIS2_PLACEMENT_3D('',#14773,#11908,#11909);
#10245=AXIS2_PLACEMENT_3D('',#14782,#11914,#11915);
#10246=AXIS2_PLACEMENT_3D('',#14790,#11920,#11921);
#10247=AXIS2_PLACEMENT_3D('',#14795,#11925,#11926);
#10248=AXIS2_PLACEMENT_3D('',#14804,#11931,#11932);
#10249=AXIS2_PLACEMENT_3D('',#14809,#11936,#11937);
#10250=AXIS2_PLACEMENT_3D('',#14818,#11942,#11943);
#10251=AXIS2_PLACEMENT_3D('',#14823,#11947,#11948);
#10252=AXIS2_PLACEMENT_3D('',#14832,#11953,#11954);
#10253=AXIS2_PLACEMENT_3D('',#14837,#11958,#11959);
#10254=AXIS2_PLACEMENT_3D('',#14846,#11964,#11965);
#10255=AXIS2_PLACEMENT_3D('',#14851,#11969,#11970);
#10256=AXIS2_PLACEMENT_3D('',#14859,#11975,#11976);
#10257=AXIS2_PLACEMENT_3D('',#14868,#11981,#11982);
#10258=AXIS2_PLACEMENT_3D('',#14873,#11986,#11987);
#10259=AXIS2_PLACEMENT_3D('',#14879,#11991,#11992);
#10260=AXIS2_PLACEMENT_3D('',#14881,#11994,#11995);
#10261=AXIS2_PLACEMENT_3D('',#14885,#11998,#11999);
#10262=AXIS2_PLACEMENT_3D('',#14887,#12001,#12002);
#10263=AXIS2_PLACEMENT_3D('',#14893,#12006,#12007);
#10264=AXIS2_PLACEMENT_3D('',#14895,#12009,#12010);
#10265=AXIS2_PLACEMENT_3D('',#14899,#12013,#12014);
#10266=AXIS2_PLACEMENT_3D('',#14901,#12016,#12017);
#10267=AXIS2_PLACEMENT_3D('',#14905,#12020,#12021);
#10268=AXIS2_PLACEMENT_3D('',#14907,#12023,#12024);
#10269=AXIS2_PLACEMENT_3D('',#14909,#12026,#12027);
#10270=AXIS2_PLACEMENT_3D('',#14913,#12030,#12031);
#10271=AXIS2_PLACEMENT_3D('',#14915,#12033,#12034);
#10272=AXIS2_PLACEMENT_3D('',#14917,#12036,#12037);
#10273=AXIS2_PLACEMENT_3D('',#14921,#12040,#12041);
#10274=AXIS2_PLACEMENT_3D('',#14923,#12043,#12044);
#10275=AXIS2_PLACEMENT_3D('',#14925,#12046,#12047);
#10276=AXIS2_PLACEMENT_3D('',#14929,#12050,#12051);
#10277=AXIS2_PLACEMENT_3D('',#14931,#12053,#12054);
#10278=AXIS2_PLACEMENT_3D('',#14933,#12056,#12057);
#10279=AXIS2_PLACEMENT_3D('',#14937,#12060,#12061);
#10280=AXIS2_PLACEMENT_3D('',#14939,#12063,#12064);
#10281=AXIS2_PLACEMENT_3D('',#14941,#12066,#12067);
#10282=AXIS2_PLACEMENT_3D('',#14945,#12070,#12071);
#10283=AXIS2_PLACEMENT_3D('',#14947,#12073,#12074);
#10284=AXIS2_PLACEMENT_3D('',#14949,#12076,#12077);
#10285=AXIS2_PLACEMENT_3D('',#14953,#12080,#12081);
#10286=AXIS2_PLACEMENT_3D('',#14955,#12083,#12084);
#10287=AXIS2_PLACEMENT_3D('',#14957,#12086,#12087);
#10288=AXIS2_PLACEMENT_3D('',#14963,#12091,#12092);
#10289=AXIS2_PLACEMENT_3D('',#14965,#12094,#12095);
#10290=AXIS2_PLACEMENT_3D('',#14969,#12098,#12099);
#10291=AXIS2_PLACEMENT_3D('',#14988,#12101,#12102);
#10292=AXIS2_PLACEMENT_3D('',#14990,#12103,#12104);
#10293=AXIS2_PLACEMENT_3D('',#14991,#12105,#12106);
#10294=AXIS2_PLACEMENT_3D('',#14992,#12107,#12108);
#10295=AXIS2_PLACEMENT_3D('',#14994,#12110,#12111);
#10296=AXIS2_PLACEMENT_3D('',#14998,#12113,#12114);
#10297=AXIS2_PLACEMENT_3D('',#15017,#12116,#12117);
#10298=AXIS2_PLACEMENT_3D('',#15018,#12118,#12119);
#10299=AXIS2_PLACEMENT_3D('',#15019,#12120,#12121);
#10300=AXIS2_PLACEMENT_3D('',#15022,#12124,#12125);
#10301=AXIS2_PLACEMENT_3D('',#15023,#12126,#12127);
#10302=AXIS2_PLACEMENT_3D('',#15027,#12129,#12130);
#10303=AXIS2_PLACEMENT_3D('',#15050,#12132,#12133);
#10304=AXIS2_PLACEMENT_3D('',#15051,#12134,#12135);
#10305=AXIS2_PLACEMENT_3D('',#15052,#12136,#12137);
#10306=AXIS2_PLACEMENT_3D('',#15055,#12140,#12141);
#10307=AXIS2_PLACEMENT_3D('',#15056,#12142,#12143);
#10308=AXIS2_PLACEMENT_3D('',#15059,#12144,#12145);
#10309=AXIS2_PLACEMENT_3D('',#15061,#12146,#12147);
#10310=AXIS2_PLACEMENT_3D('',#15062,#12148,#12149);
#10311=AXIS2_PLACEMENT_3D('',#15063,#12150,#12151);
#10312=AXIS2_PLACEMENT_3D('',#15064,#12152,#12153);
#10313=AXIS2_PLACEMENT_3D('',#15066,#12155,#12156);
#10314=AXIS2_PLACEMENT_3D('',#15070,#12158,#12159);
#10315=AXIS2_PLACEMENT_3D('',#15072,#12161,#12162);
#10316=AXIS2_PLACEMENT_3D('',#15074,#12163,#12164);
#10317=AXIS2_PLACEMENT_3D('',#15075,#12165,#12166);
#10318=AXIS2_PLACEMENT_3D('',#15076,#12167,#12168);
#10319=AXIS2_PLACEMENT_3D('',#15077,#12169,#12170);
#10320=AXIS2_PLACEMENT_3D('',#15079,#12171,#12172);
#10321=AXIS2_PLACEMENT_3D('',#15081,#12174,#12175);
#10322=AXIS2_PLACEMENT_3D('',#15089,#12180,#12181);
#10323=AXIS2_PLACEMENT_3D('',#15090,#12182,#12183);
#10324=AXIS2_PLACEMENT_3D('',#15091,#12184,#12185);
#10325=AXIS2_PLACEMENT_3D('',#15094,#12186,#12187);
#10326=AXIS2_PLACEMENT_3D('',#15096,#12188,#12189);
#10327=AXIS2_PLACEMENT_3D('',#15097,#12190,#12191);
#10328=AXIS2_PLACEMENT_3D('',#15098,#12192,#12193);
#10329=AXIS2_PLACEMENT_3D('',#15099,#12194,#12195);
#10330=AXIS2_PLACEMENT_3D('',#15101,#12197,#12198);
#10331=AXIS2_PLACEMENT_3D('',#15103,#12200,#12201);
#10332=AXIS2_PLACEMENT_3D('',#15109,#12205,#12206);
#10333=AXIS2_PLACEMENT_3D('',#15112,#12209,#12210);
#10334=AXIS2_PLACEMENT_3D('',#15113,#12211,#12212);
#10335=AXIS2_PLACEMENT_3D('',#15114,#12213,#12214);
#10336=AXIS2_PLACEMENT_3D('',#15120,#12218,#12219);
#10337=AXIS2_PLACEMENT_3D('',#15129,#12224,#12225);
#10338=AXIS2_PLACEMENT_3D('',#15131,#12226,#12227);
#10339=AXIS2_PLACEMENT_3D('',#15134,#12229,#12230);
#10340=AXIS2_PLACEMENT_3D('',#15135,#12231,#12232);
#10341=AXIS2_PLACEMENT_3D('',#15141,#12236,#12237);
#10342=AXIS2_PLACEMENT_3D('',#15143,#12238,#12239);
#10343=AXIS2_PLACEMENT_3D('',#15146,#12241,#12242);
#10344=AXIS2_PLACEMENT_3D('',#15147,#12243,#12244);
#10345=AXIS2_PLACEMENT_3D('',#15150,#12247,#12248);
#10346=AXIS2_PLACEMENT_3D('',#15154,#12251,#12252);
#10347=AXIS2_PLACEMENT_3D('',#15160,#12256,#12257);
#10348=AXIS2_PLACEMENT_3D('',#15163,#12259,#12260);
#10349=AXIS2_PLACEMENT_3D('',#15164,#12261,#12262);
#10350=AXIS2_PLACEMENT_3D('',#15168,#12265,#12266);
#10351=AXIS2_PLACEMENT_3D('',#15171,#12268,#12269);
#10352=AXIS2_PLACEMENT_3D('',#15172,#12270,#12271);
#10353=AXIS2_PLACEMENT_3D('',#15178,#12275,#12276);
#10354=AXIS2_PLACEMENT_3D('',#15184,#12280,#12281);
#10355=AXIS2_PLACEMENT_3D('',#15193,#12286,#12287);
#10356=AXIS2_PLACEMENT_3D('',#15196,#12290,#12291);
#10357=AXIS2_PLACEMENT_3D('',#15198,#12293,#12294);
#10358=AXIS2_PLACEMENT_3D('',#15207,#12299,#12300);
#10359=AXIS2_PLACEMENT_3D('',#15210,#12303,#12304);
#10360=AXIS2_PLACEMENT_3D('',#15212,#12306,#12307);
#10361=AXIS2_PLACEMENT_3D('',#15221,#12312,#12313);
#10362=AXIS2_PLACEMENT_3D('',#15224,#12316,#12317);
#10363=AXIS2_PLACEMENT_3D('',#15226,#12319,#12320);
#10364=AXIS2_PLACEMENT_3D('',#15235,#12325,#12326);
#10365=AXIS2_PLACEMENT_3D('',#15238,#12329,#12330);
#10366=AXIS2_PLACEMENT_3D('',#15240,#12332,#12333);
#10367=AXIS2_PLACEMENT_3D('',#15249,#12338,#12339);
#10368=AXIS2_PLACEMENT_3D('',#15252,#12342,#12343);
#10369=AXIS2_PLACEMENT_3D('',#15254,#12345,#12346);
#10370=AXIS2_PLACEMENT_3D('',#15263,#12351,#12352);
#10371=AXIS2_PLACEMENT_3D('',#15266,#12355,#12356);
#10372=AXIS2_PLACEMENT_3D('',#15268,#12358,#12359);
#10373=AXIS2_PLACEMENT_3D('',#15277,#12364,#12365);
#10374=AXIS2_PLACEMENT_3D('',#15280,#12368,#12369);
#10375=AXIS2_PLACEMENT_3D('',#15282,#12371,#12372);
#10376=AXIS2_PLACEMENT_3D('',#15291,#12377,#12378);
#10377=AXIS2_PLACEMENT_3D('',#15294,#12381,#12382);
#10378=AXIS2_PLACEMENT_3D('',#15296,#12384,#12385);
#10379=AXIS2_PLACEMENT_3D('',#15305,#12390,#12391);
#10380=AXIS2_PLACEMENT_3D('',#15308,#12394,#12395);
#10381=AXIS2_PLACEMENT_3D('',#15310,#12397,#12398);
#10382=AXIS2_PLACEMENT_3D('',#15319,#12403,#12404);
#10383=AXIS2_PLACEMENT_3D('',#15322,#12407,#12408);
#10384=AXIS2_PLACEMENT_3D('',#15324,#12410,#12411);
#10385=AXIS2_PLACEMENT_3D('',#15333,#12416,#12417);
#10386=AXIS2_PLACEMENT_3D('',#15336,#12420,#12421);
#10387=AXIS2_PLACEMENT_3D('',#15338,#12423,#12424);
#10388=AXIS2_PLACEMENT_3D('',#15347,#12429,#12430);
#10389=AXIS2_PLACEMENT_3D('',#15350,#12433,#12434);
#10390=AXIS2_PLACEMENT_3D('',#15352,#12436,#12437);
#10391=AXIS2_PLACEMENT_3D('',#15361,#12442,#12443);
#10392=AXIS2_PLACEMENT_3D('',#15364,#12446,#12447);
#10393=AXIS2_PLACEMENT_3D('',#15366,#12449,#12450);
#10394=AXIS2_PLACEMENT_3D('',#15375,#12455,#12456);
#10395=AXIS2_PLACEMENT_3D('',#15378,#12459,#12460);
#10396=AXIS2_PLACEMENT_3D('',#15380,#12462,#12463);
#10397=AXIS2_PLACEMENT_3D('',#15389,#12468,#12469);
#10398=AXIS2_PLACEMENT_3D('',#15392,#12472,#12473);
#10399=AXIS2_PLACEMENT_3D('',#15394,#12475,#12476);
#10400=AXIS2_PLACEMENT_3D('',#15403,#12481,#12482);
#10401=AXIS2_PLACEMENT_3D('',#15406,#12485,#12486);
#10402=AXIS2_PLACEMENT_3D('',#15408,#12488,#12489);
#10403=AXIS2_PLACEMENT_3D('',#15417,#12494,#12495);
#10404=AXIS2_PLACEMENT_3D('',#15420,#12498,#12499);
#10405=AXIS2_PLACEMENT_3D('',#15422,#12501,#12502);
#10406=AXIS2_PLACEMENT_3D('',#15431,#12507,#12508);
#10407=AXIS2_PLACEMENT_3D('',#15434,#12511,#12512);
#10408=AXIS2_PLACEMENT_3D('',#15436,#12514,#12515);
#10409=AXIS2_PLACEMENT_3D('',#15445,#12520,#12521);
#10410=AXIS2_PLACEMENT_3D('',#15448,#12524,#12525);
#10411=AXIS2_PLACEMENT_3D('',#15450,#12527,#12528);
#10412=AXIS2_PLACEMENT_3D('',#15459,#12533,#12534);
#10413=AXIS2_PLACEMENT_3D('',#15462,#12537,#12538);
#10414=AXIS2_PLACEMENT_3D('',#15464,#12540,#12541);
#10415=AXIS2_PLACEMENT_3D('',#15466,#12543,#12544);
#10416=AXIS2_PLACEMENT_3D('',#15479,#12556,#12557);
#10417=AXIS2_PLACEMENT_3D('',#15480,#12558,#12559);
#10418=AXIS2_PLACEMENT_3D('',#15482,#12561,#12562);
#10419=AXIS2_PLACEMENT_3D('',#15495,#12574,#12575);
#10420=AXIS2_PLACEMENT_3D('',#15496,#12576,#12577);
#10421=AXIS2_PLACEMENT_3D('',#15497,#12578,#12579);
#10422=AXIS2_PLACEMENT_3D('',#15498,#12580,#12581);
#10423=AXIS2_PLACEMENT_3D('',#15499,#12582,#12583);
#10424=AXIS2_PLACEMENT_3D('',#15500,#12584,#12585);
#10425=AXIS2_PLACEMENT_3D('',#15501,#12586,#12587);
#10426=AXIS2_PLACEMENT_3D('',#15502,#12588,#12589);
#10427=AXIS2_PLACEMENT_3D('',#15503,#12590,#12591);
#10428=AXIS2_PLACEMENT_3D('',#15504,#12592,#12593);
#10429=AXIS2_PLACEMENT_3D('',#15505,#12594,#12595);
#10430=AXIS2_PLACEMENT_3D('',#15506,#12596,#12597);
#10431=AXIS2_PLACEMENT_3D('',#15507,#12598,#12599);
#10432=AXIS2_PLACEMENT_3D('',#15508,#12600,#12601);
#10433=AXIS2_PLACEMENT_3D('',#15509,#12602,#12603);
#10434=AXIS2_PLACEMENT_3D('',#15510,#12604,#12605);
#10435=AXIS2_PLACEMENT_3D('',#15511,#12606,#12607);
#10436=AXIS2_PLACEMENT_3D('',#15512,#12608,#12609);
#10437=AXIS2_PLACEMENT_3D('',#15516,#12612,#12613);
#10438=AXIS2_PLACEMENT_3D('',#15520,#12616,#12617);
#10439=AXIS2_PLACEMENT_3D('',#15522,#12619,#12620);
#10440=AXIS2_PLACEMENT_3D('',#15523,#12621,#12622);
#10441=AXIS2_PLACEMENT_3D('',#15528,#12624,#12625);
#10442=AXIS2_PLACEMENT_3D('',#15531,#12627,#12628);
#10443=AXIS2_PLACEMENT_3D('',#15532,#12629,#12630);
#10444=AXIS2_PLACEMENT_3D('',#15536,#12632,#12633);
#10445=AXIS2_PLACEMENT_3D('',#15538,#12635,#12636);
#10446=AXIS2_PLACEMENT_3D('',#15542,#12638,#12639);
#10447=AXIS2_PLACEMENT_3D('',#15544,#12641,#12642);
#10448=AXIS2_PLACEMENT_3D('',#15548,#12644,#12645);
#10449=AXIS2_PLACEMENT_3D('',#15550,#12647,#12648);
#10450=AXIS2_PLACEMENT_3D('',#15554,#12650,#12651);
#10451=AXIS2_PLACEMENT_3D('',#15556,#12653,#12654);
#10452=AXIS2_PLACEMENT_3D('',#15560,#12656,#12657);
#10453=AXIS2_PLACEMENT_3D('',#15562,#12659,#12660);
#10454=AXIS2_PLACEMENT_3D('',#15568,#12664,#12665);
#10455=AXIS2_PLACEMENT_3D('',#15572,#12668,#12669);
#10456=AXIS2_PLACEMENT_3D('',#15576,#12672,#12673);
#10457=AXIS2_PLACEMENT_3D('',#15580,#12676,#12677);
#10458=AXIS2_PLACEMENT_3D('',#15584,#12680,#12681);
#10459=AXIS2_PLACEMENT_3D('',#15588,#12684,#12685);
#10460=AXIS2_PLACEMENT_3D('',#15597,#12690,#12691);
#10461=AXIS2_PLACEMENT_3D('',#15609,#12699,#12700);
#10462=AXIS2_PLACEMENT_3D('',#15613,#12702,#12703);
#10463=AXIS2_PLACEMENT_3D('',#15617,#12705,#12706);
#10464=AXIS2_PLACEMENT_3D('',#15623,#12709,#12710);
#10465=AXIS2_PLACEMENT_3D('',#15625,#12712,#12713);
#10466=AXIS2_PLACEMENT_3D('',#15629,#12715,#12716);
#10467=AXIS2_PLACEMENT_3D('',#15631,#12718,#12719);
#10468=AXIS2_PLACEMENT_3D('',#15635,#12722,#12723);
#10469=AXIS2_PLACEMENT_3D('',#15637,#12724,#12725);
#10470=AXIS2_PLACEMENT_3D('',#15639,#12727,#12728);
#10471=AXIS2_PLACEMENT_3D('',#15641,#12730,#12731);
#10472=AXIS2_PLACEMENT_3D('',#15645,#12734,#12735);
#10473=AXIS2_PLACEMENT_3D('',#15648,#12736,#12737);
#10474=AXIS2_PLACEMENT_3D('',#15651,#12739,#12740);
#10475=AXIS2_PLACEMENT_3D('',#15654,#12742,#12743);
#10476=AXIS2_PLACEMENT_3D('',#15655,#12744,#12745);
#10477=AXIS2_PLACEMENT_3D('',#15657,#12747,#12748);
#10478=AXIS2_PLACEMENT_3D('',#15686,#12764,#12765);
#10479=AXIS2_PLACEMENT_3D('',#15688,#12767,#12768);
#10480=AXIS2_PLACEMENT_3D('',#15690,#12770,#12771);
#10481=AXIS2_PLACEMENT_3D('',#15692,#12773,#12774);
#10482=AXIS2_PLACEMENT_3D('',#15693,#12775,#12776);
#10483=AXIS2_PLACEMENT_3D('',#15697,#12778,#12779);
#10484=AXIS2_PLACEMENT_3D('',#15698,#12780,#12781);
#10485=AXIS2_PLACEMENT_3D('',#15699,#12782,#12783);
#10486=AXIS2_PLACEMENT_3D('',#15702,#12785,#12786);
#10487=AXIS2_PLACEMENT_3D('',#15703,#12787,#12788);
#10488=AXIS2_PLACEMENT_3D('',#15705,#12789,#12790);
#10489=AXIS2_PLACEMENT_3D('',#15707,#12792,#12793);
#10490=AXIS2_PLACEMENT_3D('',#15713,#12797,#12798);
#10491=AXIS2_PLACEMENT_3D('',#15717,#12801,#12802);
#10492=AXIS2_PLACEMENT_3D('',#15721,#12805,#12806);
#10493=AXIS2_PLACEMENT_3D('',#15723,#12807,#12808);
#10494=AXIS2_PLACEMENT_3D('',#15726,#12810,#12811);
#10495=AXIS2_PLACEMENT_3D('',#15727,#12812,#12813);
#10496=AXIS2_PLACEMENT_3D('',#15733,#12817,#12818);
#10497=AXIS2_PLACEMENT_3D('',#15738,#12821,#12822);
#10498=AXIS2_PLACEMENT_3D('',#15739,#12823,#12824);
#10499=AXIS2_PLACEMENT_3D('',#15741,#12825,#12826);
#10500=AXIS2_PLACEMENT_3D('',#15743,#12828,#12829);
#10501=AXIS2_PLACEMENT_3D('',#15754,#12835,#12836);
#10502=AXIS2_PLACEMENT_3D('',#15760,#12840,#12841);
#10503=AXIS2_PLACEMENT_3D('',#15768,#12846,#12847);
#10504=AXIS2_PLACEMENT_3D('',#15771,#12850,#12851);
#10505=AXIS2_PLACEMENT_3D('',#15773,#12853,#12854);
#10506=AXIS2_PLACEMENT_3D('',#15777,#12857,#12858);
#10507=AXIS2_PLACEMENT_3D('',#15778,#12859,#12860);
#10508=AXIS2_PLACEMENT_3D('',#15779,#12861,#12862);
#10509=AXIS2_PLACEMENT_3D('',#15780,#12863,#12864);
#10510=AXIS2_PLACEMENT_3D('',#15782,#12866,#12867);
#10511=AXIS2_PLACEMENT_3D('',#15784,#12869,#12870);
#10512=AXIS2_PLACEMENT_3D('',#15788,#12873,#12874);
#10513=AXIS2_PLACEMENT_3D('',#15790,#12876,#12877);
#10514=AXIS2_PLACEMENT_3D('',#15792,#12879,#12880);
#10515=AXIS2_PLACEMENT_3D('',#15793,#12881,#12882);
#10516=AXIS2_PLACEMENT_3D('',#15796,#12883,#12884);
#10517=AXIS2_PLACEMENT_3D('',#15800,#12886,#12887);
#10518=AXIS2_PLACEMENT_3D('',#15802,#12889,#12890);
#10519=AXIS2_PLACEMENT_3D('',#15808,#12894,#12895);
#10520=AXIS2_PLACEMENT_3D('',#15809,#12896,#12897);
#10521=AXIS2_PLACEMENT_3D('',#15825,#12906,#12907);
#10522=AXIS2_PLACEMENT_3D('',#15826,#12908,#12909);
#10523=AXIS2_PLACEMENT_3D('',#15827,#12910,#12911);
#10524=AXIS2_PLACEMENT_3D('',#15832,#12914,#12915);
#10525=AXIS2_PLACEMENT_3D('',#15833,#12916,#12917);
#10526=AXIS2_PLACEMENT_3D('',#15837,#12920,#12921);
#10527=AXIS2_PLACEMENT_3D('',#15839,#12923,#12924);
#10528=AXIS2_PLACEMENT_3D('',#15841,#12926,#12927);
#10529=AXIS2_PLACEMENT_3D('',#15844,#12930,#12931);
#10530=AXIS2_PLACEMENT_3D('',#15845,#12932,#12933);
#10531=AXIS2_PLACEMENT_3D('',#15863,#12948,#12949);
#10532=AXIS2_PLACEMENT_3D('',#15865,#12950,#12951);
#10533=AXIS2_PLACEMENT_3D('',#15867,#12953,#12954);
#10534=AXIS2_PLACEMENT_3D('',#15871,#12957,#12958);
#10535=AXIS2_PLACEMENT_3D('',#15873,#12960,#12961);
#10536=AXIS2_PLACEMENT_3D('',#15875,#12963,#12964);
#10537=AXIS2_PLACEMENT_3D('',#15877,#12966,#12967);
#10538=AXIS2_PLACEMENT_3D('',#15879,#12969,#12970);
#10539=AXIS2_PLACEMENT_3D('',#15881,#12972,#12973);
#10540=AXIS2_PLACEMENT_3D('',#15883,#12975,#12976);
#10541=AXIS2_PLACEMENT_3D('',#15885,#12978,#12979);
#10542=AXIS2_PLACEMENT_3D('',#15891,#12983,#12984);
#10543=AXIS2_PLACEMENT_3D('',#15893,#12986,#12987);
#10544=AXIS2_PLACEMENT_3D('',#15895,#12989,#12990);
#10545=AXIS2_PLACEMENT_3D('',#15896,#12991,#12992);
#10546=AXIS2_PLACEMENT_3D('',#15897,#12993,#12994);
#10547=AXIS2_PLACEMENT_3D('',#15899,#12996,#12997);
#10548=AXIS2_PLACEMENT_3D('',#15900,#12998,#12999);
#10549=AXIS2_PLACEMENT_3D('',#15901,#13000,#13001);
#10550=AXIS2_PLACEMENT_3D('',#15902,#13002,#13003);
#10551=AXIS2_PLACEMENT_3D('',#15903,#13004,#13005);
#10552=AXIS2_PLACEMENT_3D('',#15904,#13006,#13007);
#10553=AXIS2_PLACEMENT_3D('',#15905,#13008,#13009);
#10554=AXIS2_PLACEMENT_3D('',#15906,#13010,#13011);
#10555=AXIS2_PLACEMENT_3D('',#15907,#13012,#13013);
#10556=AXIS2_PLACEMENT_3D('',#15913,#13017,#13018);
#10557=AXIS2_PLACEMENT_3D('',#15915,#13020,#13021);
#10558=AXIS2_PLACEMENT_3D('',#15917,#13023,#13024);
#10559=AXIS2_PLACEMENT_3D('',#15935,#13025,#13026);
#10560=AXIS2_PLACEMENT_3D('',#15937,#13027,#13028);
#10561=AXIS2_PLACEMENT_3D('',#15938,#13029,#13030);
#10562=AXIS2_PLACEMENT_3D('',#15939,#13031,#13032);
#10563=AXIS2_PLACEMENT_3D('',#15941,#13034,#13035);
#10564=AXIS2_PLACEMENT_3D('',#15943,#13037,#13038);
#10565=AXIS2_PLACEMENT_3D('',#15947,#13040,#13041);
#10566=AXIS2_PLACEMENT_3D('',#15966,#13043,#13044);
#10567=AXIS2_PLACEMENT_3D('',#15967,#13045,#13046);
#10568=AXIS2_PLACEMENT_3D('',#15968,#13047,#13048);
#10569=AXIS2_PLACEMENT_3D('',#15971,#13051,#13052);
#10570=AXIS2_PLACEMENT_3D('',#15972,#13053,#13054);
#10571=AXIS2_PLACEMENT_3D('',#15976,#13056,#13057);
#10572=AXIS2_PLACEMENT_3D('',#15998,#13059,#13060);
#10573=AXIS2_PLACEMENT_3D('',#15999,#13061,#13062);
#10574=AXIS2_PLACEMENT_3D('',#16000,#13063,#13064);
#10575=AXIS2_PLACEMENT_3D('',#16002,#13066,#13067);
#10576=AXIS2_PLACEMENT_3D('',#16003,#13068,#13069);
#10577=AXIS2_PLACEMENT_3D('',#16005,#13071,#13072);
#10578=AXIS2_PLACEMENT_3D('',#16008,#13073,#13074);
#10579=AXIS2_PLACEMENT_3D('',#16009,#13075,#13076);
#10580=AXIS2_PLACEMENT_3D('',#16011,#13077,#13078);
#10581=AXIS2_PLACEMENT_3D('',#16012,#13079,#13080);
#10582=AXIS2_PLACEMENT_3D('',#16013,#13081,#13082);
#10583=AXIS2_PLACEMENT_3D('',#16015,#13084,#13085);
#10584=AXIS2_PLACEMENT_3D('',#16019,#13087,#13088);
#10585=AXIS2_PLACEMENT_3D('',#16021,#13090,#13091);
#10586=AXIS2_PLACEMENT_3D('',#16025,#13093,#13094);
#10587=AXIS2_PLACEMENT_3D('',#16028,#13096,#13097);
#10588=AXIS2_PLACEMENT_3D('',#16030,#13099,#13100);
#10589=AXIS2_PLACEMENT_3D('',#16031,#13101,#13102);
#10590=AXIS2_PLACEMENT_3D('',#16032,#13103,#13104);
#10591=AXIS2_PLACEMENT_3D('',#16033,#13105,#13106);
#10592=AXIS2_PLACEMENT_3D('',#16034,#13107,#13108);
#10593=AXIS2_PLACEMENT_3D('',#16036,#13109,#13110);
#10594=AXIS2_PLACEMENT_3D('',#16038,#13112,#13113);
#10595=AXIS2_PLACEMENT_3D('',#16046,#13118,#13119);
#10596=AXIS2_PLACEMENT_3D('',#16047,#13120,#13121);
#10597=AXIS2_PLACEMENT_3D('',#16048,#13122,#13123);
#10598=AXIS2_PLACEMENT_3D('',#16049,#13124,#13125);
#10599=AXIS2_PLACEMENT_3D('',#16050,#13126,#13127);
#10600=AXIS2_PLACEMENT_3D('',#16051,#13128,#13129);
#10601=AXIS2_PLACEMENT_3D('',#16052,#13130,#13131);
#10602=AXIS2_PLACEMENT_3D('',#16053,#13132,#13133);
#10603=AXIS2_PLACEMENT_3D('',#16054,#13134,#13135);
#10604=AXIS2_PLACEMENT_3D('',#16055,#13136,#13137);
#10605=AXIS2_PLACEMENT_3D('',#16061,#13141,#13142);
#10606=AXIS2_PLACEMENT_3D('',#16064,#13145,#13146);
#10607=AXIS2_PLACEMENT_3D('',#16065,#13147,#13148);
#10608=DIRECTION('axis',(0.,0.,1.));
#10609=DIRECTION('refdir',(1.,0.,0.));
#10610=DIRECTION('center_axis',(0.,-1.,0.));
#10611=DIRECTION('ref_axis',(1.,0.,-1.62785313115536E-16));
#10612=DIRECTION('',(1.64798730217797E-16,0.,1.));
#10613=DIRECTION('',(1.,0.,-1.62785313115536E-16));
#10614=DIRECTION('',(0.,0.,1.));
#10615=DIRECTION('',(1.,0.,-1.62785313115536E-16));
#10616=DIRECTION('center_axis',(1.,-2.00648389782825E-47,0.));
#10617=DIRECTION('ref_axis',(2.00648389782825E-47,1.,1.23259516440783E-31));
#10618=DIRECTION('',(2.00648389782825E-47,1.,-3.26626109569253E-63));
#10619=DIRECTION('',(2.00648389782825E-47,1.,1.23259516440783E-31));
#10620=DIRECTION('',(0.,0.,1.));
#10621=DIRECTION('center_axis',(0.,-1.,0.));
#10622=DIRECTION('ref_axis',(1.,0.,-1.62785313115536E-16));
#10623=DIRECTION('',(1.64798730217797E-16,0.,1.));
#10624=DIRECTION('',(1.,0.,-1.62785313115536E-16));
#10625=DIRECTION('',(0.,0.,1.));
#10626=DIRECTION('',(1.,0.,-1.62785313115536E-16));
#10627=DIRECTION('center_axis',(-1.,0.,0.));
#10628=DIRECTION('ref_axis',(0.,-1.,0.));
#10629=DIRECTION('',(0.,-1.,0.));
#10630=DIRECTION('',(0.,0.,-1.));
#10631=DIRECTION('',(0.,-1.,0.));
#10632=DIRECTION('center_axis',(0.,0.,1.));
#10633=DIRECTION('ref_axis',(1.,0.,0.));
#10634=DIRECTION('',(-1.,0.,0.));
#10635=DIRECTION('',(1.,0.,0.));
#10636=DIRECTION('',(-1.,0.,0.));
#10637=DIRECTION('',(0.,-1.,0.));
#10638=DIRECTION('',(-1.,0.,0.));
#10639=DIRECTION('',(0.,1.,0.));
#10640=DIRECTION('',(-1.,0.,0.));
#10641=DIRECTION('',(0.,-1.,0.));
#10642=DIRECTION('',(-1.,0.,0.));
#10643=DIRECTION('',(0.,1.,0.));
#10644=DIRECTION('',(-1.,0.,0.));
#10645=DIRECTION('',(0.,-1.,0.));
#10646=DIRECTION('',(-1.,0.,0.));
#10647=DIRECTION('',(0.,1.,0.));
#10648=DIRECTION('',(-1.,0.,0.));
#10649=DIRECTION('',(0.,-1.,0.));
#10650=DIRECTION('',(-1.,0.,0.));
#10651=DIRECTION('',(0.,1.,0.));
#10652=DIRECTION('',(-1.,0.,0.));
#10653=DIRECTION('',(0.,-1.,0.));
#10654=DIRECTION('',(-1.,0.,0.));
#10655=DIRECTION('',(0.,1.,0.));
#10656=DIRECTION('',(-1.,0.,0.));
#10657=DIRECTION('',(0.,-1.,0.));
#10658=DIRECTION('',(-1.,0.,0.));
#10659=DIRECTION('',(0.,1.,0.));
#10660=DIRECTION('',(-1.,0.,0.));
#10661=DIRECTION('',(0.,-1.,0.));
#10662=DIRECTION('',(-1.,0.,0.));
#10663=DIRECTION('',(0.,1.,0.));
#10664=DIRECTION('',(-1.,0.,0.));
#10665=DIRECTION('',(0.,-1.,0.));
#10666=DIRECTION('',(-1.,0.,0.));
#10667=DIRECTION('',(0.,1.,0.));
#10668=DIRECTION('',(-1.,0.,0.));
#10669=DIRECTION('',(0.,-1.,0.));
#10670=DIRECTION('',(-1.,0.,0.));
#10671=DIRECTION('',(0.,1.,0.));
#10672=DIRECTION('',(-1.,0.,0.));
#10673=DIRECTION('',(0.,-1.,0.));
#10674=DIRECTION('',(-1.,0.,0.));
#10675=DIRECTION('',(0.,1.,0.));
#10676=DIRECTION('',(-1.,0.,0.));
#10677=DIRECTION('',(0.,-1.,0.));
#10678=DIRECTION('',(-1.,0.,0.));
#10679=DIRECTION('',(0.,1.,0.));
#10680=DIRECTION('',(-1.,0.,0.));
#10681=DIRECTION('',(0.,-1.,0.));
#10682=DIRECTION('',(-1.,0.,0.));
#10683=DIRECTION('',(0.,1.,0.));
#10684=DIRECTION('',(-1.,0.,0.));
#10685=DIRECTION('',(0.,-1.,0.));
#10686=DIRECTION('',(-1.,0.,0.));
#10687=DIRECTION('',(0.,1.,0.));
#10688=DIRECTION('',(-1.,0.,0.));
#10689=DIRECTION('',(0.,-1.,0.));
#10690=DIRECTION('',(-1.,0.,0.));
#10691=DIRECTION('',(0.,1.,0.));
#10692=DIRECTION('',(-1.,0.,0.));
#10693=DIRECTION('',(0.,-1.,0.));
#10694=DIRECTION('',(-1.,0.,0.));
#10695=DIRECTION('',(0.,1.,0.));
#10696=DIRECTION('',(-1.,0.,0.));
#10697=DIRECTION('',(0.,-1.,0.));
#10698=DIRECTION('',(-1.,0.,0.));
#10699=DIRECTION('',(0.,1.,0.));
#10700=DIRECTION('',(-1.,0.,0.));
#10701=DIRECTION('',(0.,-1.,0.));
#10702=DIRECTION('',(-1.,0.,0.));
#10703=DIRECTION('',(0.,1.,0.));
#10704=DIRECTION('',(-1.,0.,0.));
#10705=DIRECTION('',(0.,-1.,0.));
#10706=DIRECTION('',(-1.,0.,0.));
#10707=DIRECTION('',(0.,1.,0.));
#10708=DIRECTION('',(-1.,0.,0.));
#10709=DIRECTION('',(0.,-1.,0.));
#10710=DIRECTION('',(-1.,0.,0.));
#10711=DIRECTION('',(0.,1.,0.));
#10712=DIRECTION('',(-1.,0.,0.));
#10713=DIRECTION('',(0.,-1.,0.));
#10714=DIRECTION('',(-1.,0.,0.));
#10715=DIRECTION('',(0.,1.,0.));
#10716=DIRECTION('center_axis',(1.,0.,8.67361737988403E-17));
#10717=DIRECTION('ref_axis',(8.67361737988403E-17,0.,-1.));
#10718=DIRECTION('',(8.67361737988403E-17,0.,-1.));
#10719=DIRECTION('',(3.87895961444886E-17,0.894427190999916,-0.447213595499958));
#10720=DIRECTION('',(0.,1.,0.));
#10721=DIRECTION('',(8.67361737988403E-17,0.,-1.));
#10722=DIRECTION('center_axis',(0.,1.,0.));
#10723=DIRECTION('ref_axis',(0.,0.,1.));
#10724=DIRECTION('',(0.,0.,1.));
#10725=DIRECTION('',(-1.,0.,-9.71445146547012E-16));
#10726=DIRECTION('center_axis',(-1.,0.,0.));
#10727=DIRECTION('ref_axis',(0.,0.,1.));
#10728=DIRECTION('',(0.,0.,1.));
#10729=DIRECTION('',(0.,1.,0.));
#10730=DIRECTION('',(0.,-0.894427190999916,0.447213595499958));
#10731=DIRECTION('center_axis',(1.,0.,8.67361737988403E-17));
#10732=DIRECTION('ref_axis',(8.67361737988403E-17,0.,-1.));
#10733=DIRECTION('',(8.67361737988403E-17,0.,-1.));
#10734=DIRECTION('',(3.87895961444886E-17,0.894427190999916,-0.447213595499958));
#10735=DIRECTION('',(0.,1.,0.));
#10736=DIRECTION('',(8.67361737988403E-17,0.,-1.));
#10737=DIRECTION('center_axis',(0.,1.,0.));
#10738=DIRECTION('ref_axis',(0.,0.,1.));
#10739=DIRECTION('',(0.,0.,1.));
#10740=DIRECTION('',(-1.,0.,-9.71445146547012E-16));
#10741=DIRECTION('center_axis',(-1.,0.,0.));
#10742=DIRECTION('ref_axis',(0.,0.,1.));
#10743=DIRECTION('',(0.,0.,1.));
#10744=DIRECTION('',(0.,1.,0.));
#10745=DIRECTION('',(0.,-0.894427190999916,0.447213595499958));
#10746=DIRECTION('center_axis',(1.,0.,8.67361737988403E-17));
#10747=DIRECTION('ref_axis',(8.67361737988403E-17,0.,-1.));
#10748=DIRECTION('',(8.67361737988403E-17,0.,-1.));
#10749=DIRECTION('',(3.87895961444886E-17,0.894427190999916,-0.447213595499958));
#10750=DIRECTION('',(0.,1.,0.));
#10751=DIRECTION('',(8.67361737988403E-17,0.,-1.));
#10752=DIRECTION('center_axis',(0.,1.,0.));
#10753=DIRECTION('ref_axis',(0.,0.,1.));
#10754=DIRECTION('',(0.,0.,1.));
#10755=DIRECTION('',(-1.,0.,-9.71445146547012E-16));
#10756=DIRECTION('center_axis',(-1.,0.,0.));
#10757=DIRECTION('ref_axis',(0.,0.,1.));
#10758=DIRECTION('',(0.,0.,1.));
#10759=DIRECTION('',(0.,1.,0.));
#10760=DIRECTION('',(0.,-0.894427190999916,0.447213595499958));
#10761=DIRECTION('center_axis',(1.,0.,8.67361737988403E-17));
#10762=DIRECTION('ref_axis',(8.67361737988403E-17,0.,-1.));
#10763=DIRECTION('',(8.67361737988403E-17,0.,-1.));
#10764=DIRECTION('',(3.87895961444886E-17,0.894427190999916,-0.447213595499958));
#10765=DIRECTION('',(0.,1.,0.));
#10766=DIRECTION('',(8.67361737988403E-17,0.,-1.));
#10767=DIRECTION('center_axis',(0.,1.,0.));
#10768=DIRECTION('ref_axis',(0.,0.,1.));
#10769=DIRECTION('',(0.,0.,1.));
#10770=DIRECTION('',(-1.,0.,-9.71445146547012E-16));
#10771=DIRECTION('center_axis',(-1.,0.,0.));
#10772=DIRECTION('ref_axis',(0.,0.,1.));
#10773=DIRECTION('',(0.,0.,1.));
#10774=DIRECTION('',(0.,1.,0.));
#10775=DIRECTION('',(0.,-0.894427190999916,0.447213595499958));
#10776=DIRECTION('center_axis',(1.,0.,8.67361737988403E-17));
#10777=DIRECTION('ref_axis',(8.67361737988403E-17,0.,-1.));
#10778=DIRECTION('',(8.67361737988403E-17,0.,-1.));
#10779=DIRECTION('',(3.87895961444886E-17,0.894427190999916,-0.447213595499958));
#10780=DIRECTION('',(0.,1.,0.));
#10781=DIRECTION('',(8.67361737988403E-17,0.,-1.));
#10782=DIRECTION('center_axis',(0.,1.,0.));
#10783=DIRECTION('ref_axis',(0.,0.,1.));
#10784=DIRECTION('',(0.,0.,1.));
#10785=DIRECTION('',(-1.,0.,-9.71445146547012E-16));
#10786=DIRECTION('center_axis',(-1.,0.,0.));
#10787=DIRECTION('ref_axis',(0.,0.,1.));
#10788=DIRECTION('',(0.,0.,1.));
#10789=DIRECTION('',(0.,1.,0.));
#10790=DIRECTION('',(0.,-0.894427190999916,0.447213595499958));
#10791=DIRECTION('center_axis',(1.,0.,8.67361737988403E-17));
#10792=DIRECTION('ref_axis',(8.67361737988403E-17,0.,-1.));
#10793=DIRECTION('',(8.67361737988403E-17,0.,-1.));
#10794=DIRECTION('',(3.87895961444886E-17,0.894427190999916,-0.447213595499958));
#10795=DIRECTION('',(0.,1.,0.));
#10796=DIRECTION('',(8.67361737988403E-17,0.,-1.));
#10797=DIRECTION('center_axis',(0.,1.,0.));
#10798=DIRECTION('ref_axis',(0.,0.,1.));
#10799=DIRECTION('',(0.,0.,1.));
#10800=DIRECTION('',(-1.,0.,-9.71445146547012E-16));
#10801=DIRECTION('center_axis',(-1.,0.,0.));
#10802=DIRECTION('ref_axis',(0.,0.,1.));
#10803=DIRECTION('',(0.,0.,1.));
#10804=DIRECTION('',(0.,1.,0.));
#10805=DIRECTION('',(0.,-0.894427190999916,0.447213595499958));
#10806=DIRECTION('center_axis',(1.,0.,8.67361737988403E-17));
#10807=DIRECTION('ref_axis',(8.67361737988403E-17,0.,-1.));
#10808=DIRECTION('',(8.67361737988403E-17,0.,-1.));
#10809=DIRECTION('',(3.87895961444886E-17,0.894427190999916,-0.447213595499958));
#10810=DIRECTION('',(0.,1.,0.));
#10811=DIRECTION('',(8.67361737988403E-17,0.,-1.));
#10812=DIRECTION('center_axis',(0.,1.,0.));
#10813=DIRECTION('ref_axis',(0.,0.,1.));
#10814=DIRECTION('',(0.,0.,1.));
#10815=DIRECTION('',(-1.,0.,-9.71445146547012E-16));
#10816=DIRECTION('center_axis',(-1.,0.,0.));
#10817=DIRECTION('ref_axis',(0.,0.,1.));
#10818=DIRECTION('',(0.,0.,1.));
#10819=DIRECTION('',(0.,1.,0.));
#10820=DIRECTION('',(0.,-0.894427190999916,0.447213595499958));
#10821=DIRECTION('center_axis',(1.,0.,8.67361737988403E-17));
#10822=DIRECTION('ref_axis',(8.67361737988403E-17,0.,-1.));
#10823=DIRECTION('',(8.67361737988403E-17,0.,-1.));
#10824=DIRECTION('',(3.87895961444886E-17,0.894427190999916,-0.447213595499958));
#10825=DIRECTION('',(0.,1.,0.));
#10826=DIRECTION('',(8.67361737988403E-17,0.,-1.));
#10827=DIRECTION('center_axis',(0.,1.,0.));
#10828=DIRECTION('ref_axis',(0.,0.,1.));
#10829=DIRECTION('',(0.,0.,1.));
#10830=DIRECTION('',(-1.,0.,-9.71445146547012E-16));
#10831=DIRECTION('center_axis',(-1.,0.,0.));
#10832=DIRECTION('ref_axis',(0.,0.,1.));
#10833=DIRECTION('',(0.,0.,1.));
#10834=DIRECTION('',(0.,1.,0.));
#10835=DIRECTION('',(0.,-0.894427190999916,0.447213595499958));
#10836=DIRECTION('center_axis',(1.,0.,8.67361737988403E-17));
#10837=DIRECTION('ref_axis',(8.67361737988403E-17,0.,-1.));
#10838=DIRECTION('',(8.67361737988403E-17,0.,-1.));
#10839=DIRECTION('',(3.87895961444886E-17,0.894427190999916,-0.447213595499958));
#10840=DIRECTION('',(0.,1.,0.));
#10841=DIRECTION('',(8.67361737988403E-17,0.,-1.));
#10842=DIRECTION('center_axis',(0.,1.,0.));
#10843=DIRECTION('ref_axis',(0.,0.,1.));
#10844=DIRECTION('',(0.,0.,1.));
#10845=DIRECTION('',(-1.,0.,-9.71445146547012E-16));
#10846=DIRECTION('center_axis',(-1.,0.,0.));
#10847=DIRECTION('ref_axis',(0.,0.,1.));
#10848=DIRECTION('',(0.,0.,1.));
#10849=DIRECTION('',(0.,1.,0.));
#10850=DIRECTION('',(0.,-0.894427190999916,0.447213595499958));
#10851=DIRECTION('center_axis',(0.,1.,0.));
#10852=DIRECTION('ref_axis',(-1.,0.,1.62785313115536E-16));
#10853=DIRECTION('',(1.64798730217797E-16,0.,1.));
#10854=DIRECTION('',(-1.,0.,1.62785313115536E-16));
#10855=DIRECTION('',(1.64798730217797E-16,0.,1.));
#10856=DIRECTION('center_axis',(-1.62785313115536E-16,0.,-1.));
#10857=DIRECTION('ref_axis',(-1.,0.,1.62785313115536E-16));
#10858=DIRECTION('',(6.17846731281142E-17,-1.,-1.00576373609011E-32));
#10859=DIRECTION('center_axis',(1.62785313115536E-16,0.,1.));
#10860=DIRECTION('ref_axis',(0.608761429008721,-0.793353340291235,-1.00323110506209E-16));
#10861=DIRECTION('',(-0.965925826289069,0.258819045102518,1.57238538078849E-16));
#10862=DIRECTION('center_axis',(-1.62785313115536E-16,0.,-1.));
#10863=DIRECTION('ref_axis',(-0.60876142900872,0.793353340291236,1.00323110506208E-16));
#10864=DIRECTION('',(-1.2490009027033E-15,-1.,2.03319003028145E-31));
#10865=DIRECTION('center_axis',(-1.62785313115536E-16,0.,-1.));
#10866=DIRECTION('ref_axis',(-0.608761429008721,-0.793353340291235,1.00323110506209E-16));
#10867=DIRECTION('',(0.965925826289069,0.258819045102519,-1.57238538078849E-16));
#10868=DIRECTION('center_axis',(1.62785313115536E-16,0.,1.));
#10869=DIRECTION('ref_axis',(0.60876142900872,0.793353340291235,-1.00323110506209E-16));
#10870=DIRECTION('',(6.17846731281142E-17,-1.,-1.00576373609011E-32));
#10871=DIRECTION('',(1.,0.,-1.62785313115536E-16));
#10872=DIRECTION('',(0.,-1.,0.));
#10873=DIRECTION('center_axis',(-1.62785313115536E-16,0.,-1.));
#10874=DIRECTION('ref_axis',(-1.,0.,1.62785313115536E-16));
#10875=DIRECTION('',(0.,-1.,0.));
#10876=DIRECTION('',(1.,0.,-1.62785313115536E-16));
#10877=DIRECTION('',(-3.20805033549824E-16,1.,5.22223478354482E-32));
#10878=DIRECTION('center_axis',(-1.62785313115536E-16,0.,-1.));
#10879=DIRECTION('ref_axis',(0.608761429008728,0.793353340291229,-1.0032311050621E-16));
#10880=DIRECTION('',(-0.965925826289067,-0.258819045102524,1.57238538078849E-16));
#10881=DIRECTION('center_axis',(1.62785313115536E-16,0.,1.));
#10882=DIRECTION('ref_axis',(-0.608761429008723,-0.793353340291233,1.00323110506209E-16));
#10883=DIRECTION('',(-1.7780589579277E-15,1.,2.89441884204146E-31));
#10884=DIRECTION('center_axis',(1.62785313115536E-16,0.,1.));
#10885=DIRECTION('ref_axis',(-0.608761429008723,0.793353340291233,1.00323110506209E-16));
#10886=DIRECTION('',(0.965925826289068,-0.258819045102522,-1.57238538078849E-16));
#10887=DIRECTION('center_axis',(-1.62785313115536E-16,0.,-1.));
#10888=DIRECTION('ref_axis',(0.608761429008723,-0.793353340291233,-1.00323110506209E-16));
#10889=DIRECTION('',(-3.20805033549824E-16,1.,5.22223478354482E-32));
#10890=DIRECTION('center_axis',(-1.62785313115536E-16,0.,-1.));
#10891=DIRECTION('ref_axis',(-1.,0.,1.62785313115536E-16));
#10892=DIRECTION('',(1.,0.,1.62785313115536E-16));
#10893=DIRECTION('',(0.,-1.,0.));
#10894=DIRECTION('',(-1.,0.,9.25185853854293E-16));
#10895=DIRECTION('',(0.707106781186548,-0.707106781186548,1.15106598781571E-16));
#10896=DIRECTION('',(0.,-1.,0.));
#10897=DIRECTION('',(-1.,0.,-1.62785313115536E-16));
#10898=DIRECTION('',(0.,-1.,0.));
#10899=DIRECTION('',(-1.,0.,-1.62785313115536E-16));
#10900=DIRECTION('center_axis',(-1.62785313115536E-16,0.,-1.));
#10901=DIRECTION('ref_axis',(-1.,0.,1.62785313115536E-16));
#10902=DIRECTION('',(1.,0.,-1.62785313115536E-16));
#10903=DIRECTION('',(0.,-1.,0.));
#10904=DIRECTION('',(1.,0.,-1.62785313115536E-16));
#10905=DIRECTION('',(0.,-1.,0.));
#10906=DIRECTION('',(-0.707106781186548,-0.707106781186548,1.15106598781571E-16));
#10907=DIRECTION('',(1.,0.,9.25185853854293E-16));
#10908=DIRECTION('',(0.,-1.,0.));
#10909=DIRECTION('',(-1.,0.,1.62785313115536E-16));
#10910=DIRECTION('center_axis',(1.64798730217797E-16,0.,1.));
#10911=DIRECTION('ref_axis',(0.60876142900872,0.793353340291235,-1.00323110506209E-16));
#10912=DIRECTION('center_axis',(0.,0.,-1.));
#10913=DIRECTION('ref_axis',(0.60876142900872,0.793353340291235,-1.00323110506209E-16));
#10914=DIRECTION('',(-1.64798730217797E-16,0.,-1.));
#10915=DIRECTION('',(1.64798730217797E-16,0.,1.));
#10916=DIRECTION('center_axis',(-1.,-6.17846731281142E-17,1.64798730217797E-16));
#10917=DIRECTION('ref_axis',(6.17846731281142E-17,-1.,-1.00576373609011E-32));
#10918=DIRECTION('',(-6.17846731281142E-17,1.,0.));
#10919=DIRECTION('',(1.64798730217797E-16,0.,1.));
#10920=DIRECTION('center_axis',(0.,0.,1.));
#10921=DIRECTION('ref_axis',(1.,0.,0.));
#10922=DIRECTION('',(-0.965925826289069,-0.258819045102519,0.));
#10923=DIRECTION('center_axis',(0.,0.,1.));
#10924=DIRECTION('ref_axis',(-0.608761429008721,-0.793353340291235,1.00323110506209E-16));
#10925=DIRECTION('',(1.2490009027033E-15,1.,0.));
#10926=DIRECTION('center_axis',(0.,0.,1.));
#10927=DIRECTION('ref_axis',(-0.60876142900872,0.793353340291236,1.00323110506208E-16));
#10928=DIRECTION('',(0.965925826289069,-0.258819045102518,0.));
#10929=DIRECTION('center_axis',(0.,0.,-1.));
#10930=DIRECTION('ref_axis',(0.608761429008721,-0.793353340291235,-1.00323110506209E-16));
#10931=DIRECTION('',(-6.17846731281142E-17,1.,0.));
#10932=DIRECTION('',(-1.,0.,0.));
#10933=DIRECTION('',(0.,1.,0.));
#10934=DIRECTION('',(1.,0.,0.));
#10935=DIRECTION('center_axis',(1.64798730217797E-16,0.,1.));
#10936=DIRECTION('ref_axis',(0.608761429008728,0.793353340291229,-1.0032311050621E-16));
#10937=DIRECTION('',(1.64798730217797E-16,0.,1.));
#10938=DIRECTION('center_axis',(0.,0.,1.));
#10939=DIRECTION('ref_axis',(0.608761429008728,0.793353340291229,-1.0032311050621E-16));
#10940=DIRECTION('',(-1.64798730217797E-16,0.,-1.));
#10941=DIRECTION('center_axis',(1.,3.20805033549824E-16,-1.64798730217797E-16));
#10942=DIRECTION('ref_axis',(-3.20805033549824E-16,1.,5.22223478354482E-32));
#10943=DIRECTION('',(1.64798730217797E-16,0.,1.));
#10944=DIRECTION('',(3.20805033549824E-16,-1.,0.));
#10945=DIRECTION('center_axis',(1.64798730217797E-16,0.,1.));
#10946=DIRECTION('ref_axis',(0.608761429008721,-0.793353340291235,-1.00323110506209E-16));
#10947=DIRECTION('',(-1.64798730217797E-16,0.,-1.));
#10948=DIRECTION('',(1.64798730217797E-16,0.,1.));
#10949=DIRECTION('center_axis',(-1.,-6.17846731281142E-17,1.64798730217797E-16));
#10950=DIRECTION('ref_axis',(6.17846731281142E-17,-1.,-1.00576373609011E-32));
#10951=DIRECTION('',(6.17846731281142E-17,-1.,-1.00576373609011E-32));
#10952=DIRECTION('',(1.64798730217797E-16,0.,1.));
#10953=DIRECTION('center_axis',(1.64798730217797E-16,0.,1.));
#10954=DIRECTION('ref_axis',(0.608761429008723,-0.793353340291233,-1.00323110506209E-16));
#10955=DIRECTION('',(1.64798730217797E-16,0.,1.));
#10956=DIRECTION('center_axis',(0.,0.,1.));
#10957=DIRECTION('ref_axis',(0.608761429008723,-0.793353340291233,-1.00323110506209E-16));
#10958=DIRECTION('',(-1.64798730217797E-16,0.,-1.));
#10959=DIRECTION('center_axis',(-0.258819045102522,-0.965925826289068,4.26530499890783E-17));
#10960=DIRECTION('ref_axis',(0.965925826289068,-0.258819045102522,-1.57238538078849E-16));
#10961=DIRECTION('',(-1.64798730217797E-16,0.,-1.));
#10962=DIRECTION('',(-0.965925826289068,0.258819045102522,0.));
#10963=DIRECTION('center_axis',(1.64798730217797E-16,0.,1.));
#10964=DIRECTION('ref_axis',(-0.608761429008723,0.793353340291233,1.00323110506209E-16));
#10965=DIRECTION('center_axis',(0.,0.,-1.));
#10966=DIRECTION('ref_axis',(-0.608761429008723,0.793353340291233,1.00323110506209E-16));
#10967=DIRECTION('',(1.64798730217797E-16,0.,1.));
#10968=DIRECTION('center_axis',(0.,0.,1.));
#10969=DIRECTION('ref_axis',(1.,0.,0.));
#10970=DIRECTION('',(1.7780589579277E-15,-1.,0.));
#10971=DIRECTION('center_axis',(0.,0.,-1.));
#10972=DIRECTION('ref_axis',(-0.608761429008723,-0.793353340291233,1.00323110506209E-16));
#10973=DIRECTION('',(0.965925826289067,0.258819045102524,0.));
#10974=DIRECTION('',(1.,0.,0.));
#10975=DIRECTION('',(0.,1.,0.));
#10976=DIRECTION('',(-1.,0.,0.));
#10977=DIRECTION('',(3.20805033549824E-16,-1.,0.));
#10978=DIRECTION('center_axis',(1.64798730217797E-16,0.,1.));
#10979=DIRECTION('ref_axis',(-0.608761429008723,-0.793353340291233,1.00323110506209E-16));
#10980=DIRECTION('',(-1.64798730217797E-16,0.,-1.));
#10981=DIRECTION('',(1.64798730217797E-16,0.,1.));
#10982=DIRECTION('center_axis',(-0.258819045102524,0.965925826289068,4.26530499890786E-17));
#10983=DIRECTION('ref_axis',(-0.965925826289067,-0.258819045102524,1.57238538078849E-16));
#10984=DIRECTION('center_axis',(1.64798730217797E-16,0.,1.));
#10985=DIRECTION('ref_axis',(-0.60876142900872,0.793353340291236,1.00323110506208E-16));
#10986=DIRECTION('',(1.64798730217797E-16,0.,1.));
#10987=DIRECTION('',(-1.64798730217797E-16,0.,-1.));
#10988=DIRECTION('center_axis',(0.258819045102518,0.965925826289069,-4.26530499890776E-17));
#10989=DIRECTION('ref_axis',(-0.965925826289069,0.258819045102518,1.57238538078849E-16));
#10990=DIRECTION('center_axis',(1.64798730217797E-16,0.,1.));
#10991=DIRECTION('ref_axis',(-0.608761429008721,-0.793353340291235,1.00323110506209E-16));
#10992=DIRECTION('',(1.64798730217797E-16,0.,1.));
#10993=DIRECTION('',(-1.64798730217797E-16,0.,-1.));
#10994=DIRECTION('center_axis',(-1.,1.2490009027033E-15,1.64798730217797E-16));
#10995=DIRECTION('ref_axis',(-1.2490009027033E-15,-1.,2.03319003028145E-31));
#10996=DIRECTION('center_axis',(0.258819045102519,-0.965925826289069,-4.26530499890777E-17));
#10997=DIRECTION('ref_axis',(0.965925826289069,0.258819045102519,-1.57238538078849E-16));
#10998=DIRECTION('center_axis',(1.64798730217797E-16,0.,1.));
#10999=DIRECTION('ref_axis',(1.,0.,-1.64798730217797E-16));
#11000=DIRECTION('',(1.,0.,-1.64798730217797E-16));
#11001=DIRECTION('',(-3.20805033549824E-16,1.,5.22223478354482E-32));
#11002=DIRECTION('center_axis',(1.,1.7780589579277E-15,-1.64798730217797E-16));
#11003=DIRECTION('ref_axis',(-1.7780589579277E-15,1.,2.89441884204146E-31));
#11004=DIRECTION('center_axis',(5.23839406438505E-18,-1.,-8.632806901911E-34));
#11005=DIRECTION('ref_axis',(1.,5.23839406438505E-18,-1.62785313115536E-16));
#11006=DIRECTION('',(1.,0.,0.));
#11007=DIRECTION('',(1.,0.,-1.62785313115536E-16));
#11008=DIRECTION('center_axis',(1.,3.20805033549824E-16,-1.64798730217797E-16));
#11009=DIRECTION('ref_axis',(-3.20805033549824E-16,1.,5.22223478354482E-32));
#11010=DIRECTION('',(-1.64798730217797E-16,0.,-1.));
#11011=DIRECTION('center_axis',(0.,1.,0.));
#11012=DIRECTION('ref_axis',(1.,0.,0.));
#11013=DIRECTION('center_axis',(0.,1.,0.));
#11014=DIRECTION('ref_axis',(0.289784148688426,0.,-0.957092026489054));
#11015=DIRECTION('',(0.832050294337845,0.,0.554700196225227));
#11016=DIRECTION('center_axis',(0.,1.,0.));
#11017=DIRECTION('ref_axis',(0.881674598767945,0.,-0.471857925532022));
#11018=DIRECTION('',(0.,0.,1.));
#11019=DIRECTION('center_axis',(0.,1.,0.));
#11020=DIRECTION('ref_axis',(0.707106781186548,0.,0.707106781186548));
#11021=DIRECTION('',(1.,0.,0.));
#11022=DIRECTION('center_axis',(0.,-1.,0.));
#11023=DIRECTION('ref_axis',(-0.707106781186548,0.,0.707106781186548));
#11024=DIRECTION('',(0.,0.,1.));
#11025=DIRECTION('center_axis',(0.,-1.,0.));
#11026=DIRECTION('ref_axis',(-0.881674598767945,0.,-0.471857925532022));
#11027=DIRECTION('',(-0.832050294337845,0.,0.554700196225227));
#11028=DIRECTION('center_axis',(0.,-1.,0.));
#11029=DIRECTION('ref_axis',(-0.289784148688426,0.,-0.957092026489054));
#11030=DIRECTION('',(1.,0.,2.77555756156289E-16));
#11031=DIRECTION('',(0.,0.,-1.));
#11032=DIRECTION('',(-1.,0.,0.));
#11033=DIRECTION('',(0.,0.,1.));
#11034=DIRECTION('',(-1.,0.,2.77555756156289E-16));
#11035=DIRECTION('',(0.,0.,-1.));
#11036=DIRECTION('',(-1.,0.,0.));
#11037=DIRECTION('',(0.,0.,1.));
#11038=DIRECTION('',(-1.,0.,2.77555756156289E-16));
#11039=DIRECTION('',(0.,0.,-1.));
#11040=DIRECTION('',(-1.,0.,0.));
#11041=DIRECTION('',(0.,0.,1.));
#11042=DIRECTION('',(-1.,0.,2.77555756156289E-16));
#11043=DIRECTION('',(0.,0.,-1.));
#11044=DIRECTION('',(-1.,0.,0.));
#11045=DIRECTION('',(0.,0.,1.));
#11046=DIRECTION('',(-1.,0.,2.77555756156289E-16));
#11047=DIRECTION('',(0.,0.,-1.));
#11048=DIRECTION('',(-1.,0.,-1.11022302462516E-15));
#11049=DIRECTION('',(0.,0.,1.));
#11050=DIRECTION('',(-1.,0.,2.77555756156289E-16));
#11051=DIRECTION('',(0.,0.,-1.));
#11052=DIRECTION('',(-1.,0.,0.));
#11053=DIRECTION('',(0.,0.,1.));
#11054=DIRECTION('',(-1.,0.,2.77555756156289E-16));
#11055=DIRECTION('',(0.,0.,-1.));
#11056=DIRECTION('',(-1.,0.,0.));
#11057=DIRECTION('',(0.,0.,1.));
#11058=DIRECTION('',(-1.,0.,2.77555756156289E-16));
#11059=DIRECTION('',(0.,0.,-1.));
#11060=DIRECTION('',(-1.,0.,0.));
#11061=DIRECTION('',(0.,0.,1.));
#11062=DIRECTION('',(-1.,0.,2.77555756156289E-16));
#11063=DIRECTION('',(0.,0.,-1.));
#11064=DIRECTION('',(-1.,0.,0.));
#11065=DIRECTION('',(0.,0.,1.));
#11066=DIRECTION('',(-1.,0.,2.77555756156289E-16));
#11067=DIRECTION('',(0.,0.,-1.));
#11068=DIRECTION('',(-1.,0.,0.));
#11069=DIRECTION('',(0.,0.,1.));
#11070=DIRECTION('',(-1.,0.,2.77555756156289E-16));
#11071=DIRECTION('',(-2.37904933848248E-15,0.,1.));
#11072=DIRECTION('',(1.,0.,-1.38777878078145E-16));
#11073=DIRECTION('',(0.,0.,1.));
#11074=DIRECTION('',(1.,0.,0.));
#11075=DIRECTION('',(0.,0.,-1.));
#11076=DIRECTION('',(1.,0.,-1.38777878078145E-16));
#11077=DIRECTION('',(0.,0.,1.));
#11078=DIRECTION('',(1.,0.,0.));
#11079=DIRECTION('',(0.,0.,-1.));
#11080=DIRECTION('',(1.,0.,-1.38777878078145E-16));
#11081=DIRECTION('',(0.,0.,1.));
#11082=DIRECTION('',(1.,0.,0.));
#11083=DIRECTION('',(0.,0.,-1.));
#11084=DIRECTION('',(1.,0.,-1.38777878078145E-16));
#11085=DIRECTION('',(0.,0.,1.));
#11086=DIRECTION('',(1.,0.,0.));
#11087=DIRECTION('',(0.,0.,-1.));
#11088=DIRECTION('',(1.,0.,-1.38777878078145E-16));
#11089=DIRECTION('',(0.,0.,1.));
#11090=DIRECTION('',(1.,0.,0.));
#11091=DIRECTION('',(0.,0.,-1.));
#11092=DIRECTION('',(1.,0.,-1.38777878078145E-16));
#11093=DIRECTION('',(0.,0.,1.));
#11094=DIRECTION('',(1.,0.,0.));
#11095=DIRECTION('',(0.,0.,-1.));
#11096=DIRECTION('',(1.,0.,-1.38777878078145E-16));
#11097=DIRECTION('',(0.,0.,1.));
#11098=DIRECTION('',(1.,0.,0.));
#11099=DIRECTION('',(0.,0.,-1.));
#11100=DIRECTION('',(1.,0.,-1.38777878078145E-16));
#11101=DIRECTION('',(0.,0.,1.));
#11102=DIRECTION('',(1.,0.,0.));
#11103=DIRECTION('',(0.,0.,-1.));
#11104=DIRECTION('',(1.,0.,-1.38777878078145E-16));
#11105=DIRECTION('',(0.,0.,1.));
#11106=DIRECTION('',(1.,0.,0.));
#11107=DIRECTION('',(0.,0.,-1.));
#11108=DIRECTION('',(1.,0.,-1.38777878078145E-16));
#11109=DIRECTION('',(0.,0.,1.));
#11110=DIRECTION('',(1.,0.,0.));
#11111=DIRECTION('',(0.,0.,-1.));
#11112=DIRECTION('',(-1.,0.,-1.38777878078145E-16));
#11113=DIRECTION('',(0.,0.,-1.));
#11114=DIRECTION('',(-1.,0.,0.));
#11115=DIRECTION('',(0.,0.,1.));
#11116=DIRECTION('',(-1.,0.,-1.38777878078145E-16));
#11117=DIRECTION('',(0.,0.,-1.));
#11118=DIRECTION('',(-1.,0.,0.));
#11119=DIRECTION('',(0.,0.,1.));
#11120=DIRECTION('',(-1.,0.,-1.38777878078145E-16));
#11121=DIRECTION('',(0.,0.,-1.));
#11122=DIRECTION('',(-1.,0.,0.));
#11123=DIRECTION('',(0.,0.,1.));
#11124=DIRECTION('',(-1.,0.,-1.38777878078145E-16));
#11125=DIRECTION('',(0.,0.,-1.));
#11126=DIRECTION('',(-1.,0.,0.));
#11127=DIRECTION('',(0.,0.,1.));
#11128=DIRECTION('',(-1.,0.,-1.38777878078145E-16));
#11129=DIRECTION('',(0.,0.,-1.));
#11130=DIRECTION('',(-1.,0.,0.));
#11131=DIRECTION('',(0.,0.,1.));
#11132=DIRECTION('',(-1.,0.,-1.38777878078145E-16));
#11133=DIRECTION('',(0.,0.,-1.));
#11134=DIRECTION('',(-1.,0.,0.));
#11135=DIRECTION('',(0.,0.,1.));
#11136=DIRECTION('',(-1.,0.,-1.38777878078145E-16));
#11137=DIRECTION('',(0.,0.,-1.));
#11138=DIRECTION('',(-1.,0.,0.));
#11139=DIRECTION('',(0.,0.,1.));
#11140=DIRECTION('',(-1.,0.,-1.38777878078145E-16));
#11141=DIRECTION('',(0.,0.,-1.));
#11142=DIRECTION('',(-1.,0.,0.));
#11143=DIRECTION('',(0.,0.,1.));
#11144=DIRECTION('',(-1.,0.,-1.38777878078145E-16));
#11145=DIRECTION('',(0.,0.,-1.));
#11146=DIRECTION('',(-1.,0.,0.));
#11147=DIRECTION('',(0.,0.,1.));
#11148=DIRECTION('',(-1.,0.,-1.38777878078145E-16));
#11149=DIRECTION('',(0.,0.,-1.));
#11150=DIRECTION('',(-1.,0.,0.));
#11151=DIRECTION('',(0.,0.,1.));
#11152=DIRECTION('',(-1.,0.,-1.38777878078145E-16));
#11153=DIRECTION('',(2.37904933848248E-15,0.,1.));
#11154=DIRECTION('',(1.,0.,2.77555756156289E-16));
#11155=DIRECTION('',(0.,0.,1.));
#11156=DIRECTION('',(1.,0.,0.));
#11157=DIRECTION('',(0.,0.,-1.));
#11158=DIRECTION('',(1.,0.,2.77555756156289E-16));
#11159=DIRECTION('',(0.,0.,1.));
#11160=DIRECTION('',(1.,0.,0.));
#11161=DIRECTION('',(0.,0.,-1.));
#11162=DIRECTION('',(1.,0.,2.77555756156289E-16));
#11163=DIRECTION('',(0.,0.,1.));
#11164=DIRECTION('',(1.,0.,0.));
#11165=DIRECTION('',(0.,0.,-1.));
#11166=DIRECTION('',(1.,0.,2.77555756156289E-16));
#11167=DIRECTION('',(0.,0.,1.));
#11168=DIRECTION('',(1.,0.,0.));
#11169=DIRECTION('',(0.,0.,-1.));
#11170=DIRECTION('',(1.,0.,2.77555756156289E-16));
#11171=DIRECTION('',(0.,0.,1.));
#11172=DIRECTION('',(1.,0.,0.));
#11173=DIRECTION('',(0.,0.,-1.));
#11174=DIRECTION('',(1.,0.,2.77555756156289E-16));
#11175=DIRECTION('',(0.,0.,1.));
#11176=DIRECTION('',(1.,0.,-1.11022302462516E-15));
#11177=DIRECTION('',(0.,0.,-1.));
#11178=DIRECTION('',(1.,0.,2.77555756156289E-16));
#11179=DIRECTION('',(0.,0.,1.));
#11180=DIRECTION('',(1.,0.,0.));
#11181=DIRECTION('',(0.,0.,-1.));
#11182=DIRECTION('',(1.,0.,2.77555756156289E-16));
#11183=DIRECTION('',(0.,0.,1.));
#11184=DIRECTION('',(1.,0.,0.));
#11185=DIRECTION('',(0.,0.,-1.));
#11186=DIRECTION('',(1.,0.,2.77555756156289E-16));
#11187=DIRECTION('',(0.,0.,1.));
#11188=DIRECTION('',(1.,0.,0.));
#11189=DIRECTION('',(0.,0.,-1.));
#11190=DIRECTION('',(1.,0.,2.77555756156289E-16));
#11191=DIRECTION('',(0.,0.,1.));
#11192=DIRECTION('',(1.,0.,0.));
#11193=DIRECTION('',(0.,0.,-1.));
#11194=DIRECTION('center_axis',(-0.707106781186548,-0.707106781186548,-3.41324447539951E-16));
#11195=DIRECTION('ref_axis',(-4.82705662880503E-16,0.,1.));
#11196=DIRECTION('',(4.82705662880503E-16,0.,-1.));
#11197=DIRECTION('',(-0.577350269189626,0.577350269189626,0.577350269189626));
#11198=DIRECTION('',(-4.82705662880503E-16,0.,1.));
#11199=DIRECTION('center_axis',(-0.707106781186548,0.,0.707106781186548));
#11200=DIRECTION('ref_axis',(0.707106781186548,0.,0.707106781186548));
#11201=DIRECTION('',(-0.577350269189617,0.577350269189643,-0.577350269189617));
#11202=DIRECTION('',(0.,1.,0.));
#11203=DIRECTION('',(0.707106781186548,0.,0.707106781186548));
#11204=DIRECTION('',(0.,-1.,0.));
#11205=DIRECTION('center_axis',(1.,0.,0.));
#11206=DIRECTION('ref_axis',(-1.89624693077751E-16,-0.707106781186548,0.707106781186548));
#11207=DIRECTION('center_axis',(-1.,0.,-4.82705662880503E-16));
#11208=DIRECTION('ref_axis',(-3.41324447539951E-16,-0.707106781186548,0.707106781186548));
#11209=DIRECTION('',(0.707106781186532,-0.707106781186563,0.));
#11210=DIRECTION('center_axis',(1.,0.,4.82705662880503E-16));
#11211=DIRECTION('ref_axis',(0.,-0.707106781186548,0.707106781186548));
#11212=DIRECTION('center_axis',(-0.707106781186555,-0.70710678118654,-3.41324447539955E-16));
#11213=DIRECTION('ref_axis',(-4.82705662880503E-16,0.,1.));
#11214=DIRECTION('',(0.70710678118654,-0.707106781186555,0.));
#11215=DIRECTION('',(4.82705662880503E-16,0.,-1.));
#11216=DIRECTION('',(-4.82705662880503E-16,0.,1.));
#11217=DIRECTION('center_axis',(1.,0.,0.));
#11218=DIRECTION('ref_axis',(1.89624693077751E-16,-0.707106781186547,-0.707106781186547));
#11219=DIRECTION('center_axis',(-1.,0.,-4.82705662880503E-16));
#11220=DIRECTION('ref_axis',(3.41324447539951E-16,-0.707106781186548,-0.707106781186548));
#11221=DIRECTION('',(0.707106781186542,0.,-0.707106781186553));
#11222=DIRECTION('center_axis',(1.,0.,4.82705662880503E-16));
#11223=DIRECTION('ref_axis',(0.,-0.707106781186548,-0.707106781186548));
#11224=DIRECTION('center_axis',(-0.707106781186538,-1.3084103822365E-16,
-0.707106781186557));
#11225=DIRECTION('ref_axis',(-0.707106781186557,0.,0.707106781186538));
#11226=DIRECTION('',(-8.93184901744805E-32,-1.,1.85037170770859E-16));
#11227=DIRECTION('',(8.93184901744805E-32,1.,-1.85037170770859E-16));
#11228=DIRECTION('center_axis',(0.,-1.,0.));
#11229=DIRECTION('ref_axis',(0.,0.,1.));
#11230=DIRECTION('',(0.,0.,1.));
#11231=DIRECTION('',(-1.,0.,0.));
#11232=DIRECTION('center_axis',(0.,1.85037170770859E-16,1.));
#11233=DIRECTION('ref_axis',(8.93184901744805E-32,1.,-1.85037170770859E-16));
#11234=DIRECTION('',(0.,-1.,1.85037170770859E-16));
#11235=DIRECTION('',(8.93184901744805E-32,1.,-1.85037170770859E-16));
#11236=DIRECTION('',(1.,0.,0.));
#11237=DIRECTION('center_axis',(1.,0.,0.));
#11238=DIRECTION('ref_axis',(0.,-0.707106781186548,-0.707106781186548));
#11239=DIRECTION('center_axis',(-1.,0.,0.));
#11240=DIRECTION('ref_axis',(0.,-0.707106781186548,-0.707106781186548));
#11241=DIRECTION('',(-1.,0.,0.));
#11242=DIRECTION('center_axis',(0.,1.,0.));
#11243=DIRECTION('ref_axis',(4.82705662880503E-16,0.,-1.));
#11244=DIRECTION('',(4.82705662880503E-16,0.,-1.));
#11245=DIRECTION('',(1.,0.,0.));
#11246=DIRECTION('center_axis',(1.,0.,0.));
#11247=DIRECTION('ref_axis',(0.,-0.707106781186548,0.707106781186548));
#11248=DIRECTION('center_axis',(-1.,0.,0.));
#11249=DIRECTION('ref_axis',(0.,-0.707106781186548,0.707106781186548));
#11250=DIRECTION('',(-1.,0.,0.));
#11251=DIRECTION('center_axis',(0.,0.,-1.));
#11252=DIRECTION('ref_axis',(0.,-1.,0.));
#11253=DIRECTION('',(0.,-1.,0.));
#11254=DIRECTION('',(0.,1.,0.));
#11255=DIRECTION('',(1.,0.,0.));
#11256=DIRECTION('center_axis',(-0.707106781186563,-0.707106781186532,-3.41324447539959E-16));
#11257=DIRECTION('ref_axis',(-4.82705662880503E-16,0.,1.));
#11258=DIRECTION('',(4.82705662880503E-16,0.,-1.));
#11259=DIRECTION('',(0.707106781186555,-0.70710678118654,0.));
#11260=DIRECTION('',(-4.82705662880503E-16,0.,1.));
#11261=DIRECTION('center_axis',(0.,0.707106781186548,0.707106781186548));
#11262=DIRECTION('ref_axis',(1.,0.,0.));
#11263=DIRECTION('',(0.,-0.707106781186548,0.707106781186548));
#11264=DIRECTION('',(-1.,0.,0.));
#11265=DIRECTION('',(0.,0.707106781186548,-0.707106781186548));
#11266=DIRECTION('',(-1.,0.,1.38777878078145E-16));
#11267=DIRECTION('center_axis',(1.,0.,0.));
#11268=DIRECTION('ref_axis',(0.,0.,-1.));
#11269=DIRECTION('',(0.,1.,0.));
#11270=DIRECTION('',(0.,1.,0.));
#11271=DIRECTION('center_axis',(0.,0.,1.));
#11272=DIRECTION('ref_axis',(1.,0.,0.));
#11273=DIRECTION('',(0.,1.,0.));
#11274=DIRECTION('center_axis',(0.,0.707106781186548,0.707106781186548));
#11275=DIRECTION('ref_axis',(1.,0.,0.));
#11276=DIRECTION('',(0.,-0.707106781186548,0.707106781186548));
#11277=DIRECTION('',(-1.,0.,0.));
#11278=DIRECTION('',(0.,0.707106781186548,-0.707106781186548));
#11279=DIRECTION('',(-1.,0.,1.38777878078145E-16));
#11280=DIRECTION('center_axis',(1.,0.,0.));
#11281=DIRECTION('ref_axis',(0.,0.,-1.));
#11282=DIRECTION('',(0.,1.,0.));
#11283=DIRECTION('',(0.,1.,0.));
#11284=DIRECTION('center_axis',(0.,0.,1.));
#11285=DIRECTION('ref_axis',(1.,0.,0.));
#11286=DIRECTION('',(0.,1.,0.));
#11287=DIRECTION('center_axis',(0.,0.707106781186548,0.707106781186548));
#11288=DIRECTION('ref_axis',(1.,0.,0.));
#11289=DIRECTION('',(0.,-0.707106781186548,0.707106781186548));
#11290=DIRECTION('',(-1.,0.,0.));
#11291=DIRECTION('',(0.,0.707106781186548,-0.707106781186548));
#11292=DIRECTION('',(-1.,0.,1.38777878078145E-16));
#11293=DIRECTION('center_axis',(1.,0.,0.));
#11294=DIRECTION('ref_axis',(0.,0.,-1.));
#11295=DIRECTION('',(0.,1.,0.));
#11296=DIRECTION('',(0.,1.,0.));
#11297=DIRECTION('center_axis',(0.,0.,1.));
#11298=DIRECTION('ref_axis',(1.,0.,0.));
#11299=DIRECTION('',(0.,1.,0.));
#11300=DIRECTION('center_axis',(0.,0.707106781186548,0.707106781186548));
#11301=DIRECTION('ref_axis',(1.,0.,0.));
#11302=DIRECTION('',(0.,-0.707106781186548,0.707106781186548));
#11303=DIRECTION('',(-1.,0.,0.));
#11304=DIRECTION('',(0.,0.707106781186548,-0.707106781186548));
#11305=DIRECTION('',(-1.,0.,1.38777878078145E-16));
#11306=DIRECTION('center_axis',(1.,0.,0.));
#11307=DIRECTION('ref_axis',(0.,0.,-1.));
#11308=DIRECTION('',(0.,1.,0.));
#11309=DIRECTION('',(0.,1.,0.));
#11310=DIRECTION('center_axis',(0.,0.,1.));
#11311=DIRECTION('ref_axis',(1.,0.,0.));
#11312=DIRECTION('',(0.,1.,0.));
#11313=DIRECTION('center_axis',(0.,0.707106781186548,0.707106781186548));
#11314=DIRECTION('ref_axis',(1.,0.,0.));
#11315=DIRECTION('',(0.,-0.707106781186548,0.707106781186548));
#11316=DIRECTION('',(-1.,0.,0.));
#11317=DIRECTION('',(0.,0.707106781186548,-0.707106781186548));
#11318=DIRECTION('',(-1.,0.,1.38777878078145E-16));
#11319=DIRECTION('center_axis',(1.,0.,0.));
#11320=DIRECTION('ref_axis',(0.,0.,-1.));
#11321=DIRECTION('',(0.,1.,0.));
#11322=DIRECTION('',(0.,1.,0.));
#11323=DIRECTION('center_axis',(0.,0.,1.));
#11324=DIRECTION('ref_axis',(1.,0.,0.));
#11325=DIRECTION('',(0.,1.,0.));
#11326=DIRECTION('center_axis',(0.,0.707106781186548,0.707106781186548));
#11327=DIRECTION('ref_axis',(1.,0.,0.));
#11328=DIRECTION('',(0.,-0.707106781186548,0.707106781186548));
#11329=DIRECTION('',(-1.,0.,0.));
#11330=DIRECTION('',(0.,0.707106781186548,-0.707106781186548));
#11331=DIRECTION('',(-1.,0.,1.38777878078145E-16));
#11332=DIRECTION('center_axis',(1.,0.,0.));
#11333=DIRECTION('ref_axis',(0.,0.,-1.));
#11334=DIRECTION('',(0.,1.,0.));
#11335=DIRECTION('',(0.,1.,0.));
#11336=DIRECTION('center_axis',(0.,0.,1.));
#11337=DIRECTION('ref_axis',(1.,0.,0.));
#11338=DIRECTION('',(0.,1.,0.));
#11339=DIRECTION('center_axis',(0.,0.707106781186548,0.707106781186548));
#11340=DIRECTION('ref_axis',(1.,0.,0.));
#11341=DIRECTION('',(0.,-0.707106781186548,0.707106781186548));
#11342=DIRECTION('',(-1.,0.,0.));
#11343=DIRECTION('',(0.,0.707106781186548,-0.707106781186548));
#11344=DIRECTION('',(-1.,0.,1.38777878078145E-16));
#11345=DIRECTION('center_axis',(1.,0.,0.));
#11346=DIRECTION('ref_axis',(0.,0.,-1.));
#11347=DIRECTION('',(0.,1.,0.));
#11348=DIRECTION('',(0.,1.,0.));
#11349=DIRECTION('center_axis',(0.,0.,1.));
#11350=DIRECTION('ref_axis',(1.,0.,0.));
#11351=DIRECTION('',(0.,1.,0.));
#11352=DIRECTION('center_axis',(0.,0.707106781186548,0.707106781186548));
#11353=DIRECTION('ref_axis',(1.,0.,0.));
#11354=DIRECTION('',(0.,-0.707106781186548,0.707106781186548));
#11355=DIRECTION('',(-1.,0.,0.));
#11356=DIRECTION('',(0.,0.707106781186548,-0.707106781186548));
#11357=DIRECTION('',(-1.,0.,1.38777878078145E-16));
#11358=DIRECTION('center_axis',(1.,0.,0.));
#11359=DIRECTION('ref_axis',(0.,0.,-1.));
#11360=DIRECTION('',(0.,1.,0.));
#11361=DIRECTION('',(0.,1.,0.));
#11362=DIRECTION('center_axis',(0.,0.,1.));
#11363=DIRECTION('ref_axis',(1.,0.,0.));
#11364=DIRECTION('',(0.,1.,0.));
#11365=DIRECTION('center_axis',(0.,0.707106781186547,-0.707106781186548));
#11366=DIRECTION('ref_axis',(-1.,0.,0.));
#11367=DIRECTION('',(0.,0.707106781186548,0.707106781186547));
#11368=DIRECTION('',(1.,0.,-2.77555756156289E-16));
#11369=DIRECTION('',(0.,-0.707106781186548,-0.707106781186547));
#11370=DIRECTION('',(1.,0.,0.));
#11371=DIRECTION('center_axis',(0.,0.,-1.));
#11372=DIRECTION('ref_axis',(-1.,0.,0.));
#11373=DIRECTION('',(0.,1.,0.));
#11374=DIRECTION('',(0.,1.,0.));
#11375=DIRECTION('center_axis',(1.,0.,0.));
#11376=DIRECTION('ref_axis',(0.,0.,-1.));
#11377=DIRECTION('',(0.,-1.,0.));
#11378=DIRECTION('center_axis',(0.,0.707106781186547,-0.707106781186548));
#11379=DIRECTION('ref_axis',(-1.,0.,0.));
#11380=DIRECTION('',(0.,0.707106781186548,0.707106781186547));
#11381=DIRECTION('',(1.,0.,-2.77555756156289E-16));
#11382=DIRECTION('',(0.,-0.707106781186548,-0.707106781186547));
#11383=DIRECTION('',(1.,0.,0.));
#11384=DIRECTION('center_axis',(0.,0.,-1.));
#11385=DIRECTION('ref_axis',(-1.,0.,0.));
#11386=DIRECTION('',(0.,1.,0.));
#11387=DIRECTION('',(0.,1.,0.));
#11388=DIRECTION('center_axis',(1.,0.,0.));
#11389=DIRECTION('ref_axis',(0.,0.,-1.));
#11390=DIRECTION('',(0.,-1.,0.));
#11391=DIRECTION('center_axis',(0.,0.707106781186547,-0.707106781186548));
#11392=DIRECTION('ref_axis',(-1.,0.,0.));
#11393=DIRECTION('',(0.,0.707106781186548,0.707106781186547));
#11394=DIRECTION('',(1.,0.,-2.77555756156289E-16));
#11395=DIRECTION('',(0.,-0.707106781186548,-0.707106781186547));
#11396=DIRECTION('',(1.,0.,0.));
#11397=DIRECTION('center_axis',(0.,0.,-1.));
#11398=DIRECTION('ref_axis',(-1.,0.,0.));
#11399=DIRECTION('',(0.,1.,0.));
#11400=DIRECTION('',(0.,1.,0.));
#11401=DIRECTION('center_axis',(1.,0.,0.));
#11402=DIRECTION('ref_axis',(0.,0.,-1.));
#11403=DIRECTION('',(0.,-1.,0.));
#11404=DIRECTION('center_axis',(0.,0.707106781186547,-0.707106781186548));
#11405=DIRECTION('ref_axis',(-1.,0.,0.));
#11406=DIRECTION('',(0.,0.707106781186548,0.707106781186547));
#11407=DIRECTION('',(1.,0.,-2.77555756156289E-16));
#11408=DIRECTION('',(0.,-0.707106781186548,-0.707106781186547));
#11409=DIRECTION('',(1.,0.,0.));
#11410=DIRECTION('center_axis',(0.,0.,-1.));
#11411=DIRECTION('ref_axis',(-1.,0.,0.));
#11412=DIRECTION('',(0.,1.,0.));
#11413=DIRECTION('',(0.,1.,0.));
#11414=DIRECTION('center_axis',(1.,0.,0.));
#11415=DIRECTION('ref_axis',(0.,0.,-1.));
#11416=DIRECTION('',(0.,-1.,0.));
#11417=DIRECTION('center_axis',(7.85046229341887E-16,0.707106781186548,
-0.707106781186548));
#11418=DIRECTION('ref_axis',(-1.,0.,-1.11022302462516E-15));
#11419=DIRECTION('',(0.,0.707106781186548,0.707106781186548));
#11420=DIRECTION('',(1.,0.,-2.77555756156289E-16));
#11421=DIRECTION('',(0.,-0.707106781186548,-0.707106781186548));
#11422=DIRECTION('',(1.,0.,1.11022302462516E-15));
#11423=DIRECTION('center_axis',(1.11022302462516E-15,0.,-1.));
#11424=DIRECTION('ref_axis',(-1.,0.,-1.11022302462516E-15));
#11425=DIRECTION('',(0.,1.,0.));
#11426=DIRECTION('',(0.,1.,0.));
#11427=DIRECTION('center_axis',(1.,0.,0.));
#11428=DIRECTION('ref_axis',(0.,0.,-1.));
#11429=DIRECTION('',(0.,-1.,0.));
#11430=DIRECTION('center_axis',(0.,0.707106781186548,-0.707106781186548));
#11431=DIRECTION('ref_axis',(-1.,0.,0.));
#11432=DIRECTION('',(0.,0.707106781186548,0.707106781186548));
#11433=DIRECTION('',(1.,0.,-2.77555756156289E-16));
#11434=DIRECTION('',(0.,-0.707106781186548,-0.707106781186548));
#11435=DIRECTION('',(1.,0.,0.));
#11436=DIRECTION('center_axis',(0.,0.,-1.));
#11437=DIRECTION('ref_axis',(-1.,0.,0.));
#11438=DIRECTION('',(0.,1.,0.));
#11439=DIRECTION('',(0.,1.,0.));
#11440=DIRECTION('center_axis',(1.,0.,0.));
#11441=DIRECTION('ref_axis',(0.,0.,-1.));
#11442=DIRECTION('',(0.,-1.,0.));
#11443=DIRECTION('center_axis',(0.,0.707106781186547,-0.707106781186548));
#11444=DIRECTION('ref_axis',(-1.,0.,0.));
#11445=DIRECTION('',(0.,0.707106781186548,0.707106781186547));
#11446=DIRECTION('',(1.,0.,-2.77555756156289E-16));
#11447=DIRECTION('',(0.,-0.707106781186548,-0.707106781186547));
#11448=DIRECTION('',(1.,0.,0.));
#11449=DIRECTION('center_axis',(0.,0.,-1.));
#11450=DIRECTION('ref_axis',(-1.,0.,0.));
#11451=DIRECTION('',(0.,1.,0.));
#11452=DIRECTION('',(0.,1.,0.));
#11453=DIRECTION('center_axis',(1.,0.,0.));
#11454=DIRECTION('ref_axis',(0.,0.,-1.));
#11455=DIRECTION('',(0.,-1.,0.));
#11456=DIRECTION('center_axis',(0.,0.707106781186547,-0.707106781186548));
#11457=DIRECTION('ref_axis',(-1.,0.,0.));
#11458=DIRECTION('',(0.,0.707106781186548,0.707106781186547));
#11459=DIRECTION('',(1.,0.,-2.77555756156289E-16));
#11460=DIRECTION('',(0.,-0.707106781186548,-0.707106781186547));
#11461=DIRECTION('',(1.,0.,0.));
#11462=DIRECTION('center_axis',(0.,0.,-1.));
#11463=DIRECTION('ref_axis',(-1.,0.,0.));
#11464=DIRECTION('',(0.,1.,0.));
#11465=DIRECTION('',(0.,1.,0.));
#11466=DIRECTION('center_axis',(1.,0.,0.));
#11467=DIRECTION('ref_axis',(0.,0.,-1.));
#11468=DIRECTION('',(0.,-1.,0.));
#11469=DIRECTION('center_axis',(0.,0.707106781186547,-0.707106781186548));
#11470=DIRECTION('ref_axis',(-1.,0.,0.));
#11471=DIRECTION('',(0.,0.707106781186548,0.707106781186547));
#11472=DIRECTION('',(1.,0.,-2.77555756156289E-16));
#11473=DIRECTION('',(0.,-0.707106781186548,-0.707106781186547));
#11474=DIRECTION('',(1.,0.,0.));
#11475=DIRECTION('center_axis',(0.,0.,-1.));
#11476=DIRECTION('ref_axis',(-1.,0.,0.));
#11477=DIRECTION('',(0.,1.,0.));
#11478=DIRECTION('',(0.,1.,0.));
#11479=DIRECTION('center_axis',(1.,0.,0.));
#11480=DIRECTION('ref_axis',(0.,0.,-1.));
#11481=DIRECTION('',(0.,-1.,0.));
#11482=DIRECTION('center_axis',(0.,0.707106781186548,0.707106781186548));
#11483=DIRECTION('ref_axis',(1.,0.,0.));
#11484=DIRECTION('',(0.,-0.707106781186548,0.707106781186548));
#11485=DIRECTION('',(-1.,0.,0.));
#11486=DIRECTION('',(0.,0.707106781186548,-0.707106781186548));
#11487=DIRECTION('',(-1.,0.,1.38777878078145E-16));
#11488=DIRECTION('center_axis',(1.,0.,0.));
#11489=DIRECTION('ref_axis',(0.,0.,-1.));
#11490=DIRECTION('',(0.,1.,0.));
#11491=DIRECTION('',(0.,1.,0.));
#11492=DIRECTION('center_axis',(0.,0.,1.));
#11493=DIRECTION('ref_axis',(1.,0.,0.));
#11494=DIRECTION('',(0.,1.,0.));
#11495=DIRECTION('center_axis',(0.,0.707106781186548,0.707106781186548));
#11496=DIRECTION('ref_axis',(1.,0.,0.));
#11497=DIRECTION('',(0.,-0.707106781186548,0.707106781186548));
#11498=DIRECTION('',(-1.,0.,0.));
#11499=DIRECTION('',(0.,0.707106781186548,-0.707106781186548));
#11500=DIRECTION('',(-1.,0.,1.38777878078145E-16));
#11501=DIRECTION('center_axis',(1.,0.,0.));
#11502=DIRECTION('ref_axis',(0.,0.,-1.));
#11503=DIRECTION('',(0.,1.,0.));
#11504=DIRECTION('',(0.,1.,0.));
#11505=DIRECTION('center_axis',(0.,0.,1.));
#11506=DIRECTION('ref_axis',(1.,0.,0.));
#11507=DIRECTION('',(0.,1.,0.));
#11508=DIRECTION('center_axis',(0.,0.707106781186547,-0.707106781186548));
#11509=DIRECTION('ref_axis',(-1.,0.,0.));
#11510=DIRECTION('',(0.,0.707106781186548,0.707106781186547));
#11511=DIRECTION('',(1.,0.,-2.77555756156289E-16));
#11512=DIRECTION('',(0.,-0.707106781186548,-0.707106781186547));
#11513=DIRECTION('',(1.,0.,0.));
#11514=DIRECTION('center_axis',(0.,0.,-1.));
#11515=DIRECTION('ref_axis',(-1.,0.,0.));
#11516=DIRECTION('',(0.,1.,0.));
#11517=DIRECTION('',(0.,1.,0.));
#11518=DIRECTION('center_axis',(1.,0.,0.));
#11519=DIRECTION('ref_axis',(0.,0.,-1.));
#11520=DIRECTION('',(0.,-1.,0.));
#11521=DIRECTION('center_axis',(-1.,0.,0.));
#11522=DIRECTION('ref_axis',(0.,0.,1.));
#11523=DIRECTION('',(0.,-1.,0.));
#11524=DIRECTION('center_axis',(-1.,0.,0.));
#11525=DIRECTION('ref_axis',(0.,0.,1.));
#11526=DIRECTION('',(0.,-1.,0.));
#11527=DIRECTION('center_axis',(-1.,0.,0.));
#11528=DIRECTION('ref_axis',(0.,0.,1.));
#11529=DIRECTION('',(0.,1.,0.));
#11530=DIRECTION('center_axis',(-1.,0.,0.));
#11531=DIRECTION('ref_axis',(0.,0.,1.));
#11532=DIRECTION('',(0.,1.,0.));
#11533=DIRECTION('center_axis',(-1.,0.,0.));
#11534=DIRECTION('ref_axis',(0.,0.,1.));
#11535=DIRECTION('',(0.,-1.,0.));
#11536=DIRECTION('center_axis',(-1.,0.,0.));
#11537=DIRECTION('ref_axis',(0.,0.,1.));
#11538=DIRECTION('',(0.,1.,0.));
#11539=DIRECTION('center_axis',(-1.,0.,0.));
#11540=DIRECTION('ref_axis',(0.,0.,1.));
#11541=DIRECTION('',(0.,1.,0.));
#11542=DIRECTION('center_axis',(-1.,0.,0.));
#11543=DIRECTION('ref_axis',(0.,0.,1.));
#11544=DIRECTION('',(0.,1.,0.));
#11545=DIRECTION('center_axis',(-1.,0.,0.));
#11546=DIRECTION('ref_axis',(0.,0.,1.));
#11547=DIRECTION('',(0.,-1.,0.));
#11548=DIRECTION('center_axis',(-1.,0.,0.));
#11549=DIRECTION('ref_axis',(0.,0.,1.));
#11550=DIRECTION('',(0.,-1.,0.));
#11551=DIRECTION('center_axis',(-1.,0.,0.));
#11552=DIRECTION('ref_axis',(0.,0.,1.));
#11553=DIRECTION('',(0.,-1.,0.));
#11554=DIRECTION('center_axis',(-1.,0.,0.));
#11555=DIRECTION('ref_axis',(0.,0.,1.));
#11556=DIRECTION('',(0.,-1.,0.));
#11557=DIRECTION('center_axis',(-1.,0.,0.));
#11558=DIRECTION('ref_axis',(0.,0.,1.));
#11559=DIRECTION('',(0.,1.,0.));
#11560=DIRECTION('center_axis',(-1.,0.,0.));
#11561=DIRECTION('ref_axis',(0.,0.,1.));
#11562=DIRECTION('',(0.,1.,0.));
#11563=DIRECTION('center_axis',(-1.,0.,0.));
#11564=DIRECTION('ref_axis',(0.,0.,1.));
#11565=DIRECTION('',(0.,-1.,0.));
#11566=DIRECTION('center_axis',(-1.,0.,0.));
#11567=DIRECTION('ref_axis',(0.,0.,1.));
#11568=DIRECTION('',(0.,1.,0.));
#11569=DIRECTION('center_axis',(-1.,0.,0.));
#11570=DIRECTION('ref_axis',(0.,0.,1.));
#11571=DIRECTION('',(0.,1.,0.));
#11572=DIRECTION('center_axis',(-1.,0.,0.));
#11573=DIRECTION('ref_axis',(0.,0.,1.));
#11574=DIRECTION('',(0.,1.,0.));
#11575=DIRECTION('center_axis',(-1.,0.,0.));
#11576=DIRECTION('ref_axis',(0.,0.,1.));
#11577=DIRECTION('',(0.,-1.,0.));
#11578=DIRECTION('center_axis',(-1.,0.,0.));
#11579=DIRECTION('ref_axis',(0.,0.,1.));
#11580=DIRECTION('',(0.,-1.,0.));
#11581=DIRECTION('center_axis',(-1.,0.,-2.37904933848248E-15));
#11582=DIRECTION('ref_axis',(-2.37904933848248E-15,0.,1.));
#11583=DIRECTION('',(1.68224192001833E-15,0.707106781186548,-0.707106781186547));
#11584=DIRECTION('',(0.,1.,0.));
#11585=DIRECTION('',(0.,1.,0.));
#11586=DIRECTION('',(1.68224192001833E-15,-0.707106781186547,-0.707106781186547));
#11587=DIRECTION('',(-2.37904933848248E-15,0.,1.));
#11588=DIRECTION('center_axis',(-1.,0.,0.));
#11589=DIRECTION('ref_axis',(0.,0.707106781186548,0.707106781186548));
#11590=DIRECTION('',(1.,0.,0.));
#11591=DIRECTION('center_axis',(-0.677109488984703,0.735882286732651,3.75871272431495E-15));
#11592=DIRECTION('ref_axis',(-0.735882286732651,-0.677109488984703,-3.45851517000276E-15));
#11593=DIRECTION('',(-1.,0.,0.));
#11594=DIRECTION('center_axis',(-0.996545758244779,0.0830454798549491,0.));
#11595=DIRECTION('ref_axis',(0.0830454798549491,0.996545758244779,0.));
#11596=DIRECTION('center_axis',(0.08304547985374,0.99654575824488,0.));
#11597=DIRECTION('ref_axis',(0.704664263417645,-0.0587220219514691,0.707106781186547));
#11598=DIRECTION('',(0.08304547985374,0.99654575824488,0.));
#11599=DIRECTION('',(-0.08304547985374,-0.99654575824488,0.));
#11600=DIRECTION('center_axis',(0.0415586438369487,0.999136066370559,1.109263865618E-14));
#11601=DIRECTION('ref_axis',(0.999136066370559,-0.0415586438369487,-2.66684721381396E-13));
#11602=DIRECTION('center_axis',(0.,1.,0.));
#11603=DIRECTION('ref_axis',(0.707106781186548,0.,0.707106781186548));
#11604=DIRECTION('',(0.,1.,0.));
#11605=DIRECTION('',(0.,-1.,0.));
#11606=DIRECTION('center_axis',(0.707106781186548,0.707106781186548,0.));
#11607=DIRECTION('ref_axis',(-0.707106781186547,0.707106781186547,0.));
#11608=DIRECTION('center_axis',(1.,0.,0.));
#11609=DIRECTION('ref_axis',(0.,-0.707106781186548,0.707106781186548));
#11610=DIRECTION('',(1.,0.,0.));
#11611=DIRECTION('',(-1.,0.,0.));
#11612=DIRECTION('center_axis',(0.707106781186548,-0.707106781186548,0.));
#11613=DIRECTION('ref_axis',(0.707106781186547,0.707106781186547,0.));
#11614=DIRECTION('center_axis',(0.,-1.,0.));
#11615=DIRECTION('ref_axis',(-0.707106781186548,0.,0.707106781186548));
#11616=DIRECTION('',(0.,-1.,0.));
#11617=DIRECTION('',(0.,1.,0.));
#11618=DIRECTION('center_axis',(0.0415586438368048,-0.999136066370565,1.10926386561801E-14));
#11619=DIRECTION('ref_axis',(-0.999136066370565,-0.0415586438368048,-2.66684721381369E-13));
#11620=DIRECTION('center_axis',(0.0830454798537397,-0.99654575824488,0.));
#11621=DIRECTION('ref_axis',(-0.704664263417637,-0.0587220219514697,0.707106781186555));
#11622=DIRECTION('',(0.0830454798537397,-0.99654575824488,0.));
#11623=DIRECTION('',(-0.0830454798537397,0.99654575824488,0.));
#11624=DIRECTION('center_axis',(0.,1.,0.));
#11625=DIRECTION('ref_axis',(-1.,0.,3.457462643425E-16));
#11626=DIRECTION('center_axis',(0.,1.,0.));
#11627=DIRECTION('ref_axis',(1.,0.,0.));
#11628=DIRECTION('',(0.,0.,-1.));
#11629=DIRECTION('',(-1.,0.,0.));
#11630=DIRECTION('',(0.,0.,-1.));
#11631=DIRECTION('center_axis',(0.99654575824488,-0.08304547985374,0.));
#11632=DIRECTION('ref_axis',(-0.08304547985374,-0.99654575824488,0.));
#11633=DIRECTION('',(0.08304547985374,0.99654575824488,0.));
#11634=DIRECTION('',(0.,0.,-1.));
#11635=DIRECTION('center_axis',(1.,0.,0.));
#11636=DIRECTION('ref_axis',(0.,-1.,0.));
#11637=DIRECTION('',(0.,1.,0.));
#11638=DIRECTION('',(0.,0.,-1.));
#11639=DIRECTION('center_axis',(0.,-1.,0.));
#11640=DIRECTION('ref_axis',(-1.,0.,0.));
#11641=DIRECTION('',(1.,0.,0.));
#11642=DIRECTION('',(0.,0.,-1.));
#11643=DIRECTION('center_axis',(-1.,0.,0.));
#11644=DIRECTION('ref_axis',(0.,1.,0.));
#11645=DIRECTION('',(0.,-1.,0.));
#11646=DIRECTION('',(0.,0.,-1.));
#11647=DIRECTION('center_axis',(-0.99654575824488,-0.0830454798537397,0.));
#11648=DIRECTION('ref_axis',(-0.0830454798537397,0.99654575824488,0.));
#11649=DIRECTION('',(0.0830454798537397,-0.99654575824488,0.));
#11650=DIRECTION('',(0.,0.,-1.));
#11651=DIRECTION('center_axis',(1.25941925051522E-12,-0.850650808352039,
0.525731112119136));
#11652=DIRECTION('ref_axis',(1.,0.,-2.39555776990011E-12));
#11653=DIRECTION('',(7.9592561650458E-16,-0.525731112119136,-0.850650808352038));
#11654=DIRECTION('',(-1.,-1.48053612381217E-12,0.));
#11655=DIRECTION('',(7.9592561650458E-16,0.525731112119136,0.850650808352038));
#11656=DIRECTION('',(1.,1.48053612381217E-12,0.));
#11657=DIRECTION('center_axis',(-1.,-1.51394048812583E-15,0.));
#11658=DIRECTION('ref_axis',(-1.51394048812583E-15,1.,0.));
#11659=DIRECTION('',(1.51394048812583E-15,-1.,0.));
#11660=DIRECTION('',(0.,0.,-1.));
#11661=DIRECTION('center_axis',(-1.,-1.51394048812583E-15,0.));
#11662=DIRECTION('ref_axis',(0.,0.189107521154951,0.981956386731422));
#11663=DIRECTION('',(-1.40565845461228E-15,0.928476690885259,-0.371390676354104));
#11664=DIRECTION('',(-1.31446844639981E-15,0.868243142124459,0.496138938356834));
#11665=DIRECTION('center_axis',(-1.,-1.51394048812583E-15,0.));
#11666=DIRECTION('ref_axis',(0.,-0.256667935157021,0.96649964876467));
#11667=DIRECTION('',(-1.51394048812583E-15,1.,0.));
#11668=DIRECTION('center_axis',(-1.,-1.51394048812583E-15,0.));
#11669=DIRECTION('ref_axis',(-7.70035810343653E-13,0.525731112119129,0.850650808352043));
#11670=DIRECTION('',(-6.77054769067716E-16,0.447213595499959,-0.894427190999915));
#11671=DIRECTION('center_axis',(1.,1.48053612381217E-12,0.));
#11672=DIRECTION('ref_axis',(-7.70035810343653E-13,0.525731112119129,0.850650808352043));
#11673=DIRECTION('',(-1.,-1.48053612381217E-12,0.));
#11674=DIRECTION('center_axis',(1.,-1.51394048812583E-15,0.));
#11675=DIRECTION('ref_axis',(-7.70035810343653E-13,0.525731112119129,0.850650808352043));
#11676=DIRECTION('',(1.,1.48053612381217E-12,0.));
#11677=DIRECTION('center_axis',(0.,0.,-1.));
#11678=DIRECTION('ref_axis',(-1.,0.,0.));
#11679=DIRECTION('',(1.,1.61161406801035E-15,0.));
#11680=DIRECTION('',(-1.51394048812583E-15,-1.,0.));
#11681=DIRECTION('center_axis',(-1.,-1.61161406801035E-15,0.));
#11682=DIRECTION('ref_axis',(0.,-0.256667935157021,0.96649964876467));
#11683=DIRECTION('center_axis',(1.,-1.51394048812583E-15,0.));
#11684=DIRECTION('ref_axis',(0.,-0.256667935157021,0.96649964876467));
#11685=DIRECTION('',(-1.,-1.61161406801035E-15,0.));
#11686=DIRECTION('center_axis',(1.32423176639523E-12,-0.894427190999915,
-0.447213595499959));
#11687=DIRECTION('ref_axis',(0.,-0.447213595499959,0.894427190999915));
#11688=DIRECTION('',(-6.77054769067716E-16,-0.447213595499959,0.894427190999915));
#11689=DIRECTION('center_axis',(-7.99584492743595E-16,0.496138938356834,
-0.868243142124459));
#11690=DIRECTION('ref_axis',(-1.,0.,9.20922324577346E-16));
#11691=DIRECTION('',(-1.,-1.61161406801035E-15,0.));
#11692=DIRECTION('',(-1.31446844639981E-15,-0.868243142124459,-0.496138938356834));
#11693=DIRECTION('center_axis',(-1.,0.,0.));
#11694=DIRECTION('ref_axis',(0.,0.189107521154951,0.981956386731422));
#11695=DIRECTION('center_axis',(0.996545758244779,0.0830454798549484,0.));
#11696=DIRECTION('ref_axis',(-0.0830454798549484,0.996545758244779,4.4601268100178E-15));
#11697=DIRECTION('center_axis',(1.,-1.51394048812583E-15,0.));
#11698=DIRECTION('ref_axis',(0.,0.189107521154951,0.981956386731422));
#11699=DIRECTION('',(1.,0.,0.));
#11700=DIRECTION('center_axis',(-0.996545758244779,0.0830454798549491,0.));
#11701=DIRECTION('ref_axis',(0.0830454798549491,0.996545758244779,2.73139548830547E-15));
#11702=DIRECTION('',(-1.,0.,0.));
#11703=DIRECTION('center_axis',(-0.996545758244779,0.0830454798549491,0.));
#11704=DIRECTION('ref_axis',(0.0830454798549491,0.996545758244779,0.));
#11705=DIRECTION('',(-0.0830454798549491,-0.996545758244779,0.));
#11706=DIRECTION('',(0.0830454798549491,0.996545758244779,0.));
#11707=DIRECTION('center_axis',(0.,-0.371390676354104,-0.928476690885259));
#11708=DIRECTION('ref_axis',(-1.,0.,0.));
#11709=DIRECTION('',(-1.40565845461228E-15,-0.928476690885259,0.371390676354104));
#11710=DIRECTION('center_axis',(0.,1.,0.));
#11711=DIRECTION('ref_axis',(1.,0.,0.));
#11712=DIRECTION('',(-1.,0.,0.));
#11713=DIRECTION('',(0.,0.,-1.));
#11714=DIRECTION('',(1.,0.,0.));
#11715=DIRECTION('center_axis',(0.996545758244779,0.0830454798549484,0.));
#11716=DIRECTION('ref_axis',(0.0830454798549484,-0.996545758244779,0.));
#11717=DIRECTION('',(0.0830454798549484,-0.996545758244779,0.));
#11718=DIRECTION('',(-0.0830454798549484,0.996545758244779,0.));
#11719=DIRECTION('',(0.,0.,-1.));
#11720=DIRECTION('center_axis',(1.,-1.51394048812583E-15,0.));
#11721=DIRECTION('ref_axis',(-1.51394048812583E-15,-1.,0.));
#11722=DIRECTION('',(1.51394048812583E-15,1.,0.));
#11723=DIRECTION('center_axis',(0.,-1.,0.));
#11724=DIRECTION('ref_axis',(-0.707106781186548,0.,0.707106781186548));
#11725=DIRECTION('',(0.,1.,0.));
#11726=DIRECTION('center_axis',(-0.707106781186548,-0.707106781186548,0.));
#11727=DIRECTION('ref_axis',(0.707106781186547,-0.707106781186547,0.));
#11728=DIRECTION('',(0.,-1.,0.));
#11729=DIRECTION('center_axis',(0.,-1.,0.));
#11730=DIRECTION('ref_axis',(-0.707106781186548,0.,0.707106781186548));
#11731=DIRECTION('center_axis',(-1.,0.,0.));
#11732=DIRECTION('ref_axis',(0.,0.70710678118654,0.707106781186555));
#11733=DIRECTION('',(1.,0.,0.));
#11734=DIRECTION('center_axis',(-0.707106781186548,0.707106781186548,0.));
#11735=DIRECTION('ref_axis',(-0.707106781186547,-0.707106781186547,0.));
#11736=DIRECTION('',(-1.,0.,0.));
#11737=DIRECTION('center_axis',(0.,1.,0.));
#11738=DIRECTION('ref_axis',(0.707106781186548,0.,0.707106781186548));
#11739=DIRECTION('',(0.,1.,0.));
#11740=DIRECTION('',(0.,-1.,0.));
#11741=DIRECTION('center_axis',(0.,-1.,0.));
#11742=DIRECTION('ref_axis',(0.707106781186548,0.,0.707106781186548));
#11743=DIRECTION('center_axis',(-1.,0.,0.));
#11744=DIRECTION('ref_axis',(0.,1.,0.));
#11745=DIRECTION('',(0.,0.,-1.));
#11746=DIRECTION('',(0.,1.,0.));
#11747=DIRECTION('',(0.,0.,-1.));
#11748=DIRECTION('center_axis',(0.,1.,0.));
#11749=DIRECTION('ref_axis',(1.,0.,0.));
#11750=DIRECTION('',(1.,0.,0.));
#11751=DIRECTION('',(0.,0.,-1.));
#11752=DIRECTION('center_axis',(1.,0.,0.));
#11753=DIRECTION('ref_axis',(0.,-1.,0.));
#11754=DIRECTION('',(0.,-1.,0.));
#11755=DIRECTION('',(0.,0.,-1.));
#11756=DIRECTION('center_axis',(-1.,0.,0.));
#11757=DIRECTION('ref_axis',(0.,-0.109116771891508,0.994028938256818));
#11758=DIRECTION('center_axis',(1.,0.,0.));
#11759=DIRECTION('ref_axis',(0.,-0.109116771891508,0.994028938256818));
#11760=DIRECTION('',(1.,0.,0.));
#11761=DIRECTION('center_axis',(-1.,0.,0.));
#11762=DIRECTION('ref_axis',(0.,-0.109116771891508,0.994028938256818));
#11763=DIRECTION('',(-1.,0.,0.));
#11764=DIRECTION('center_axis',(0.,0.216930457818656,-0.976187060183953));
#11765=DIRECTION('ref_axis',(-1.,0.,0.));
#11766=DIRECTION('',(0.,0.976187060183953,0.216930457818656));
#11767=DIRECTION('',(1.,0.,0.));
#11768=DIRECTION('',(0.,-0.976187060183953,-0.216930457818656));
#11769=DIRECTION('center_axis',(1.,0.,0.));
#11770=DIRECTION('ref_axis',(0.,-1.,0.));
#11771=DIRECTION('center_axis',(1.,0.,0.));
#11772=DIRECTION('ref_axis',(0.,-0.949632998691919,0.313364273323227));
#11773=DIRECTION('',(0.,-1.,0.));
#11774=DIRECTION('',(0.,0.,-1.));
#11775=DIRECTION('',(0.,-1.,0.));
#11776=DIRECTION('center_axis',(-1.,0.,0.));
#11777=DIRECTION('ref_axis',(0.,-0.949632998691919,0.313364273323227));
#11778=DIRECTION('center_axis',(-1.,0.,0.));
#11779=DIRECTION('ref_axis',(0.,-0.949632998691919,0.313364273323227));
#11780=DIRECTION('',(-1.,0.,0.));
#11781=DIRECTION('center_axis',(0.,-0.707106781186548,0.707106781186548));
#11782=DIRECTION('ref_axis',(1.,0.,0.));
#11783=DIRECTION('',(0.,-0.707106781186548,-0.707106781186548));
#11784=DIRECTION('',(-1.,0.,0.));
#11785=DIRECTION('',(0.,-0.707106781186548,-0.707106781186548));
#11786=DIRECTION('',(1.,0.,0.));
#11787=DIRECTION('',(1.,0.,0.));
#11788=DIRECTION('center_axis',(0.,0.,1.));
#11789=DIRECTION('ref_axis',(1.,0.,0.));
#11790=DIRECTION('',(0.,1.,0.));
#11791=DIRECTION('',(1.,0.,0.));
#11792=DIRECTION('',(0.,-1.,0.));
#11793=DIRECTION('center_axis',(-1.,0.,0.));
#11794=DIRECTION('ref_axis',(0.,1.,0.));
#11795=DIRECTION('',(0.,1.,0.));
#11796=DIRECTION('',(0.,0.,-1.));
#11797=DIRECTION('',(0.,1.,0.));
#11798=DIRECTION('',(0.,0.,-1.));
#11799=DIRECTION('center_axis',(0.70710678118655,0.,-0.707106781186546));
#11800=DIRECTION('ref_axis',(-0.707106781186545,0.,-0.707106781186549));
#11801=DIRECTION('',(0.,-1.,0.));
#11802=DIRECTION('',(0.577350269189622,-0.577350269189628,0.577350269189628));
#11803=DIRECTION('',(-0.577350269189624,0.577350269189627,-0.577350269189627));
#11804=DIRECTION('center_axis',(0.,-0.707106781186548,-0.707106781186548));
#11805=DIRECTION('ref_axis',(-1.,0.,0.));
#11806=DIRECTION('',(1.,0.,0.));
#11807=DIRECTION('',(-1.,0.,0.));
#11808=DIRECTION('',(0.,-0.707106781186548,0.707106781186548));
#11809=DIRECTION('center_axis',(0.,-1.,0.));
#11810=DIRECTION('ref_axis',(0.707106781186548,0.,0.707106781186548));
#11811=DIRECTION('center_axis',(0.,1.,0.));
#11812=DIRECTION('ref_axis',(0.707106781186547,0.,0.707106781186547));
#11813=DIRECTION('center_axis',(0.,-1.,0.));
#11814=DIRECTION('ref_axis',(0.707106781186548,0.,0.707106781186548));
#11815=DIRECTION('center_axis',(-1.,0.,0.));
#11816=DIRECTION('ref_axis',(0.,1.,0.));
#11817=DIRECTION('',(0.,1.,0.));
#11818=DIRECTION('',(0.,0.,-1.));
#11819=DIRECTION('',(0.,1.,0.));
#11820=DIRECTION('center_axis',(0.,-1.,0.));
#11821=DIRECTION('ref_axis',(-1.,0.,0.));
#11822=DIRECTION('',(-1.,0.,0.));
#11823=DIRECTION('',(-1.,0.,0.));
#11824=DIRECTION('center_axis',(0.,-1.,0.));
#11825=DIRECTION('ref_axis',(-1.,0.,0.));
#11826=DIRECTION('',(-1.,0.,0.));
#11827=DIRECTION('',(-1.,0.,0.));
#11828=DIRECTION('center_axis',(0.,0.,1.));
#11829=DIRECTION('ref_axis',(1.,0.,0.));
#11830=DIRECTION('center_axis',(-1.,0.,-1.62785313115536E-16));
#11831=DIRECTION('ref_axis',(0.,-0.923879532511287,-0.382683432365089));
#11832=DIRECTION('center_axis',(1.,0.,4.82705662880503E-16));
#11833=DIRECTION('ref_axis',(0.,-0.923879532511287,-0.382683432365089));
#11834=DIRECTION('',(1.,0.,1.62785313115536E-16));
#11835=DIRECTION('center_axis',(-1.,0.,0.));
#11836=DIRECTION('ref_axis',(0.,-0.923879532511287,-0.382683432365089));
#11837=DIRECTION('',(-1.,0.,-1.62785313115536E-16));
#11838=DIRECTION('center_axis',(-1.15106598781571E-16,0.707106781186548,
0.707106781186547));
#11839=DIRECTION('ref_axis',(1.,0.,1.62785313115536E-16));
#11840=DIRECTION('',(0.,-0.707106781186547,0.707106781186548));
#11841=DIRECTION('',(1.,0.,1.62785313115536E-16));
#11842=DIRECTION('',(3.41324447539951E-16,0.707106781186547,-0.707106781186548));
#11843=DIRECTION('center_axis',(-1.,0.,-4.82705662880503E-16));
#11844=DIRECTION('ref_axis',(-4.82705662880503E-16,0.,1.));
#11845=DIRECTION('',(0.,-1.,0.));
#11846=DIRECTION('',(4.82705662880503E-16,0.,-1.));
#11847=DIRECTION('',(0.,1.,0.));
#11848=DIRECTION('',(0.,0.,1.));
#11849=DIRECTION('',(0.,1.,0.));
#11850=DIRECTION('',(0.,0.,1.));
#11851=DIRECTION('',(0.,1.,0.));
#11852=DIRECTION('',(0.,0.,-1.));
#11853=DIRECTION('center_axis',(1.,0.,4.82705662880503E-16));
#11854=DIRECTION('ref_axis',(0.,-0.382683432365091,-0.923879532511286));
#11855=DIRECTION('center_axis',(1.,0.,1.62785313115536E-16));
#11856=DIRECTION('ref_axis',(0.,-0.382683432365091,-0.923879532511286));
#11857=DIRECTION('center_axis',(-1.,0.,0.));
#11858=DIRECTION('ref_axis',(0.,-0.382683432365091,-0.923879532511286));
#11859=DIRECTION('center_axis',(0.,1.,0.));
#11860=DIRECTION('ref_axis',(0.,0.,-1.));
#11861=DIRECTION('center_axis',(0.,-1.,0.));
#11862=DIRECTION('ref_axis',(0.881674598767943,0.,-0.471857925532027));
#11863=DIRECTION('',(-0.832050294337844,0.,-0.554700196225229));
#11864=DIRECTION('',(0.,0.,1.));
#11865=DIRECTION('center_axis',(1.,0.,0.));
#11866=DIRECTION('ref_axis',(0.,0.,-1.));
#11867=DIRECTION('',(0.,-1.,0.));
#11868=DIRECTION('',(0.,0.,1.));
#11869=DIRECTION('center_axis',(1.,0.,0.));
#11870=DIRECTION('ref_axis',(0.,0.,-1.));
#11871=DIRECTION('',(0.,0.,-1.));
#11872=DIRECTION('center_axis',(1.,0.,0.));
#11873=DIRECTION('ref_axis',(0.,0.,-1.));
#11874=DIRECTION('',(0.,0.,-1.));
#11875=DIRECTION('center_axis',(1.,0.,0.));
#11876=DIRECTION('ref_axis',(0.,0.,-1.));
#11877=DIRECTION('',(0.,0.,-1.));
#11878=DIRECTION('',(0.,0.,1.));
#11879=DIRECTION('center_axis',(0.,-1.,0.));
#11880=DIRECTION('ref_axis',(0.,0.,1.));
#11881=DIRECTION('center_axis',(0.,-1.,0.));
#11882=DIRECTION('ref_axis',(1.,0.,0.));
#11883=DIRECTION('center_axis',(0.,1.,0.));
#11884=DIRECTION('ref_axis',(0.289784148688429,0.,-0.957092026489053));
#11885=DIRECTION('',(0.832050294337844,0.,0.554700196225229));
#11886=DIRECTION('center_axis',(1.,0.,0.));
#11887=DIRECTION('ref_axis',(0.,0.,-1.));
#11888=DIRECTION('',(0.,0.,1.));
#11889=DIRECTION('',(0.,0.,-1.));
#11890=DIRECTION('',(0.,1.,0.));
#11891=DIRECTION('center_axis',(1.,0.,-8.67361737988403E-17));
#11892=DIRECTION('ref_axis',(-8.67361737988403E-17,0.,-1.));
#11893=DIRECTION('',(-8.67361737988403E-17,0.,-1.));
#11894=DIRECTION('',(0.,1.,0.));
#11895=DIRECTION('',(-3.87895961444886E-17,0.894427190999916,-0.447213595499958));
#11896=DIRECTION('',(-8.67361737988403E-17,0.,-1.));
#11897=DIRECTION('center_axis',(-9.71445146547012E-16,0.,-1.));
#11898=DIRECTION('ref_axis',(-1.,0.,9.71445146547012E-16));
#11899=DIRECTION('',(-1.,0.,9.71445146547012E-16));
#11900=DIRECTION('',(0.,1.,0.));
#11901=DIRECTION('',(-1.,0.,9.71445146547012E-16));
#11902=DIRECTION('',(0.,1.,0.));
#11903=DIRECTION('center_axis',(1.,0.,-8.67361737988403E-17));
#11904=DIRECTION('ref_axis',(-8.67361737988403E-17,0.,-1.));
#11905=DIRECTION('',(-8.67361737988403E-17,0.,-1.));
#11906=DIRECTION('',(-3.87895961444886E-17,0.894427190999916,-0.447213595499958));
#11907=DIRECTION('',(-8.67361737988403E-17,0.,-1.));
#11908=DIRECTION('center_axis',(-9.71445146547012E-16,0.,-1.));
#11909=DIRECTION('ref_axis',(-1.,0.,9.71445146547012E-16));
#11910=DIRECTION('',(-1.,0.,9.71445146547012E-16));
#11911=DIRECTION('',(0.,1.,0.));
#11912=DIRECTION('',(-1.,0.,9.71445146547012E-16));
#11913=DIRECTION('',(0.,1.,0.));
#11914=DIRECTION('center_axis',(1.,0.,-8.67361737988403E-17));
#11915=DIRECTION('ref_axis',(-8.67361737988403E-17,0.,-1.));
#11916=DIRECTION('',(-8.67361737988403E-17,0.,-1.));
#11917=DIRECTION('',(0.,1.,0.));
#11918=DIRECTION('',(-3.87895961444886E-17,0.894427190999916,-0.447213595499958));
#11919=DIRECTION('',(-8.67361737988403E-17,0.,-1.));
#11920=DIRECTION('center_axis',(1.,0.,-8.67361737988403E-17));
#11921=DIRECTION('ref_axis',(-8.67361737988403E-17,0.,-1.));
#11922=DIRECTION('',(-8.67361737988403E-17,0.,-1.));
#11923=DIRECTION('',(-3.87895961444886E-17,0.894427190999916,-0.447213595499958));
#11924=DIRECTION('',(-8.67361737988403E-17,0.,-1.));
#11925=DIRECTION('center_axis',(-9.71445146547012E-16,0.,-1.));
#11926=DIRECTION('ref_axis',(-1.,0.,9.71445146547012E-16));
#11927=DIRECTION('',(-1.,0.,9.71445146547012E-16));
#11928=DIRECTION('',(0.,1.,0.));
#11929=DIRECTION('',(-1.,0.,9.71445146547012E-16));
#11930=DIRECTION('',(0.,1.,0.));
#11931=DIRECTION('center_axis',(1.,0.,-8.67361737988403E-17));
#11932=DIRECTION('ref_axis',(-8.67361737988403E-17,0.,-1.));
#11933=DIRECTION('',(-8.67361737988403E-17,0.,-1.));
#11934=DIRECTION('',(-3.87895961444886E-17,0.894427190999916,-0.447213595499958));
#11935=DIRECTION('',(-8.67361737988403E-17,0.,-1.));
#11936=DIRECTION('center_axis',(-9.71445146547012E-16,0.,-1.));
#11937=DIRECTION('ref_axis',(-1.,0.,9.71445146547012E-16));
#11938=DIRECTION('',(-1.,0.,9.71445146547012E-16));
#11939=DIRECTION('',(0.,1.,0.));
#11940=DIRECTION('',(-1.,0.,9.71445146547012E-16));
#11941=DIRECTION('',(0.,1.,0.));
#11942=DIRECTION('center_axis',(1.,0.,-8.67361737988403E-17));
#11943=DIRECTION('ref_axis',(-8.67361737988403E-17,0.,-1.));
#11944=DIRECTION('',(-8.67361737988403E-17,0.,-1.));
#11945=DIRECTION('',(-3.87895961444886E-17,0.894427190999916,-0.447213595499958));
#11946=DIRECTION('',(-8.67361737988403E-17,0.,-1.));
#11947=DIRECTION('center_axis',(-9.71445146547012E-16,0.,-1.));
#11948=DIRECTION('ref_axis',(-1.,0.,9.71445146547012E-16));
#11949=DIRECTION('',(-1.,0.,9.71445146547012E-16));
#11950=DIRECTION('',(0.,1.,0.));
#11951=DIRECTION('',(-1.,0.,9.71445146547012E-16));
#11952=DIRECTION('',(0.,1.,0.));
#11953=DIRECTION('center_axis',(1.,0.,-8.67361737988403E-17));
#11954=DIRECTION('ref_axis',(-8.67361737988403E-17,0.,-1.));
#11955=DIRECTION('',(-8.67361737988403E-17,0.,-1.));
#11956=DIRECTION('',(-3.87895961444886E-17,0.894427190999916,-0.447213595499958));
#11957=DIRECTION('',(-8.67361737988403E-17,0.,-1.));
#11958=DIRECTION('center_axis',(-9.71445146547012E-16,0.,-1.));
#11959=DIRECTION('ref_axis',(-1.,0.,9.71445146547012E-16));
#11960=DIRECTION('',(-1.,0.,9.71445146547012E-16));
#11961=DIRECTION('',(0.,1.,0.));
#11962=DIRECTION('',(-1.,0.,9.71445146547012E-16));
#11963=DIRECTION('',(0.,1.,0.));
#11964=DIRECTION('center_axis',(1.,0.,-8.67361737988403E-17));
#11965=DIRECTION('ref_axis',(-8.67361737988403E-17,0.,-1.));
#11966=DIRECTION('',(-8.67361737988403E-17,0.,-1.));
#11967=DIRECTION('',(-3.87895961444886E-17,0.894427190999916,-0.447213595499958));
#11968=DIRECTION('',(-8.67361737988403E-17,0.,-1.));
#11969=DIRECTION('center_axis',(1.,0.,-8.67361737988403E-17));
#11970=DIRECTION('ref_axis',(-8.67361737988403E-17,0.,-1.));
#11971=DIRECTION('',(-8.67361737988403E-17,0.,-1.));
#11972=DIRECTION('',(0.,1.,0.));
#11973=DIRECTION('',(-3.87895961444886E-17,0.894427190999916,-0.447213595499958));
#11974=DIRECTION('',(-8.67361737988403E-17,0.,-1.));
#11975=DIRECTION('center_axis',(-9.71445146547012E-16,0.,-1.));
#11976=DIRECTION('ref_axis',(-1.,0.,9.71445146547012E-16));
#11977=DIRECTION('',(-1.,0.,9.71445146547012E-16));
#11978=DIRECTION('',(0.,1.,0.));
#11979=DIRECTION('',(-1.,0.,9.71445146547012E-16));
#11980=DIRECTION('',(0.,1.,0.));
#11981=DIRECTION('center_axis',(1.,0.,-8.67361737988403E-17));
#11982=DIRECTION('ref_axis',(-8.67361737988403E-17,0.,-1.));
#11983=DIRECTION('',(-8.67361737988403E-17,0.,-1.));
#11984=DIRECTION('',(-3.87895961444886E-17,0.894427190999916,-0.447213595499958));
#11985=DIRECTION('',(-8.67361737988403E-17,0.,-1.));
#11986=DIRECTION('center_axis',(-8.68886953636545E-16,-0.447213595499958,
-0.894427190999916));
#11987=DIRECTION('ref_axis',(-1.,0.,9.71445146547012E-16));
#11988=DIRECTION('',(-1.,0.,9.71445146547012E-16));
#11989=DIRECTION('',(0.,-0.894427190999916,0.447213595499958));
#11990=DIRECTION('',(1.,0.,-9.71445146547012E-16));
#11991=DIRECTION('center_axis',(0.,-1.,0.));
#11992=DIRECTION('ref_axis',(0.,0.,1.));
#11993=DIRECTION('',(0.,0.,1.));
#11994=DIRECTION('center_axis',(-9.71445146547012E-16,0.,-1.));
#11995=DIRECTION('ref_axis',(-1.,0.,9.71445146547012E-16));
#11996=DIRECTION('',(-1.,0.,9.71445146547012E-16));
#11997=DIRECTION('',(0.,1.,0.));
#11998=DIRECTION('center_axis',(-1.,0.,0.));
#11999=DIRECTION('ref_axis',(0.,0.,1.));
#12000=DIRECTION('',(0.,0.,1.));
#12001=DIRECTION('center_axis',(-8.68886953636545E-16,-0.447213595499958,
-0.894427190999916));
#12002=DIRECTION('ref_axis',(-1.,0.,9.71445146547012E-16));
#12003=DIRECTION('',(-1.,0.,9.71445146547012E-16));
#12004=DIRECTION('',(0.,-0.894427190999916,0.447213595499958));
#12005=DIRECTION('',(1.,0.,-9.71445146547012E-16));
#12006=DIRECTION('center_axis',(0.,-1.,0.));
#12007=DIRECTION('ref_axis',(0.,0.,1.));
#12008=DIRECTION('',(0.,0.,1.));
#12009=DIRECTION('center_axis',(-9.71445146547012E-16,0.,-1.));
#12010=DIRECTION('ref_axis',(-1.,0.,9.71445146547012E-16));
#12011=DIRECTION('',(-1.,0.,9.71445146547012E-16));
#12012=DIRECTION('',(0.,1.,0.));
#12013=DIRECTION('center_axis',(-1.,0.,0.));
#12014=DIRECTION('ref_axis',(0.,0.,1.));
#12015=DIRECTION('',(0.,0.,1.));
#12016=DIRECTION('center_axis',(-8.68886953636545E-16,-0.447213595499958,
-0.894427190999916));
#12017=DIRECTION('ref_axis',(-1.,0.,9.71445146547012E-16));
#12018=DIRECTION('',(0.,-0.894427190999916,0.447213595499958));
#12019=DIRECTION('',(1.,0.,-9.71445146547012E-16));
#12020=DIRECTION('center_axis',(0.,-1.,0.));
#12021=DIRECTION('ref_axis',(0.,0.,1.));
#12022=DIRECTION('',(0.,0.,1.));
#12023=DIRECTION('center_axis',(-1.,0.,0.));
#12024=DIRECTION('ref_axis',(0.,0.,1.));
#12025=DIRECTION('',(0.,0.,1.));
#12026=DIRECTION('center_axis',(-8.68886953636545E-16,-0.447213595499958,
-0.894427190999916));
#12027=DIRECTION('ref_axis',(-1.,0.,9.71445146547012E-16));
#12028=DIRECTION('',(0.,-0.894427190999916,0.447213595499958));
#12029=DIRECTION('',(1.,0.,-9.71445146547012E-16));
#12030=DIRECTION('center_axis',(0.,-1.,0.));
#12031=DIRECTION('ref_axis',(0.,0.,1.));
#12032=DIRECTION('',(0.,0.,1.));
#12033=DIRECTION('center_axis',(-1.,0.,0.));
#12034=DIRECTION('ref_axis',(0.,0.,1.));
#12035=DIRECTION('',(0.,0.,1.));
#12036=DIRECTION('center_axis',(-8.68886953636545E-16,-0.447213595499958,
-0.894427190999916));
#12037=DIRECTION('ref_axis',(-1.,0.,9.71445146547012E-16));
#12038=DIRECTION('',(0.,-0.894427190999916,0.447213595499958));
#12039=DIRECTION('',(1.,0.,-9.71445146547012E-16));
#12040=DIRECTION('center_axis',(0.,-1.,0.));
#12041=DIRECTION('ref_axis',(0.,0.,1.));
#12042=DIRECTION('',(0.,0.,1.));
#12043=DIRECTION('center_axis',(-1.,0.,0.));
#12044=DIRECTION('ref_axis',(0.,0.,1.));
#12045=DIRECTION('',(0.,0.,1.));
#12046=DIRECTION('center_axis',(-8.68886953636545E-16,-0.447213595499958,
-0.894427190999916));
#12047=DIRECTION('ref_axis',(-1.,0.,9.71445146547012E-16));
#12048=DIRECTION('',(0.,-0.894427190999916,0.447213595499958));
#12049=DIRECTION('',(1.,0.,-9.71445146547012E-16));
#12050=DIRECTION('center_axis',(0.,-1.,0.));
#12051=DIRECTION('ref_axis',(0.,0.,1.));
#12052=DIRECTION('',(0.,0.,1.));
#12053=DIRECTION('center_axis',(-1.,0.,0.));
#12054=DIRECTION('ref_axis',(0.,0.,1.));
#12055=DIRECTION('',(0.,0.,1.));
#12056=DIRECTION('center_axis',(-8.68886953636545E-16,-0.447213595499958,
-0.894427190999916));
#12057=DIRECTION('ref_axis',(-1.,0.,9.71445146547012E-16));
#12058=DIRECTION('',(0.,-0.894427190999916,0.447213595499958));
#12059=DIRECTION('',(1.,0.,-9.71445146547012E-16));
#12060=DIRECTION('center_axis',(0.,-1.,0.));
#12061=DIRECTION('ref_axis',(0.,0.,1.));
#12062=DIRECTION('',(0.,0.,1.));
#12063=DIRECTION('center_axis',(-1.,0.,0.));
#12064=DIRECTION('ref_axis',(0.,0.,1.));
#12065=DIRECTION('',(0.,0.,1.));
#12066=DIRECTION('center_axis',(-8.68886953636545E-16,-0.447213595499958,
-0.894427190999916));
#12067=DIRECTION('ref_axis',(-1.,0.,9.71445146547012E-16));
#12068=DIRECTION('',(0.,-0.894427190999916,0.447213595499958));
#12069=DIRECTION('',(1.,0.,-9.71445146547012E-16));
#12070=DIRECTION('center_axis',(0.,-1.,0.));
#12071=DIRECTION('ref_axis',(0.,0.,1.));
#12072=DIRECTION('',(0.,0.,1.));
#12073=DIRECTION('center_axis',(-1.,0.,0.));
#12074=DIRECTION('ref_axis',(0.,0.,1.));
#12075=DIRECTION('',(0.,0.,1.));
#12076=DIRECTION('center_axis',(-8.68886953636545E-16,-0.447213595499958,
-0.894427190999916));
#12077=DIRECTION('ref_axis',(-1.,0.,9.71445146547012E-16));
#12078=DIRECTION('',(0.,-0.894427190999916,0.447213595499958));
#12079=DIRECTION('',(1.,0.,-9.71445146547012E-16));
#12080=DIRECTION('center_axis',(0.,-1.,0.));
#12081=DIRECTION('ref_axis',(0.,0.,1.));
#12082=DIRECTION('',(0.,0.,1.));
#12083=DIRECTION('center_axis',(-1.,0.,0.));
#12084=DIRECTION('ref_axis',(0.,0.,1.));
#12085=DIRECTION('',(0.,0.,1.));
#12086=DIRECTION('center_axis',(-8.68886953636545E-16,-0.447213595499958,
-0.894427190999916));
#12087=DIRECTION('ref_axis',(-1.,0.,9.71445146547012E-16));
#12088=DIRECTION('',(-1.,0.,9.71445146547012E-16));
#12089=DIRECTION('',(0.,-0.894427190999916,0.447213595499958));
#12090=DIRECTION('',(1.,0.,-9.71445146547012E-16));
#12091=DIRECTION('center_axis',(0.,-1.,0.));
#12092=DIRECTION('ref_axis',(0.,0.,1.));
#12093=DIRECTION('',(0.,0.,1.));
#12094=DIRECTION('center_axis',(-9.71445146547012E-16,0.,-1.));
#12095=DIRECTION('ref_axis',(-1.,0.,9.71445146547012E-16));
#12096=DIRECTION('',(-1.,0.,9.71445146547012E-16));
#12097=DIRECTION('',(0.,1.,0.));
#12098=DIRECTION('center_axis',(-1.,0.,0.));
#12099=DIRECTION('ref_axis',(0.,0.,1.));
#12100=DIRECTION('',(0.,0.,1.));
#12101=DIRECTION('center_axis',(0.,-1.,0.));
#12102=DIRECTION('ref_axis',(0.,0.,-1.));
#12103=DIRECTION('center_axis',(-0.740221492232044,0.,-0.672363103120453));
#12104=DIRECTION('ref_axis',(-0.672363103120453,1.28407959999751E-16,0.740221492232044));
#12105=DIRECTION('center_axis',(0.988861455722388,-1.09785675630734E-14,
-0.148838910862045));
#12106=DIRECTION('ref_axis',(0.148838910862045,1.28407959999751E-16,0.988861455722388));
#12107=DIRECTION('center_axis',(0.,-1.,0.));
#12108=DIRECTION('ref_axis',(0.289784148688426,0.,-0.957092026489054));
#12109=DIRECTION('',(0.,-1.,0.));
#12110=DIRECTION('center_axis',(-0.832050294337845,0.,-0.554700196225227));
#12111=DIRECTION('ref_axis',(-0.392232270276369,-0.707106781186545,0.588348405414554));
#12112=DIRECTION('',(-0.832050294337845,0.,-0.554700196225227));
#12113=DIRECTION('center_axis',(0.030953808034404,0.,-0.999520816075468));
#12114=DIRECTION('ref_axis',(-0.999520816075468,-1.83422467396038E-16,-0.030953808034404));
#12115=DIRECTION('',(0.832050294337845,0.,0.554700196225227));
#12116=DIRECTION('center_axis',(0.,-1.,0.));
#12117=DIRECTION('ref_axis',(0.554700196225221,0.,-0.832050294337849));
#12118=DIRECTION('center_axis',(0.848821672603,0.,0.528679267722355));
#12119=DIRECTION('ref_axis',(-0.528679267722355,-1.83422467396039E-16,0.848821672603));
#12120=DIRECTION('center_axis',(0.,-1.,0.));
#12121=DIRECTION('ref_axis',(0.881674598767945,0.,-0.471857925532022));
#12122=DIRECTION('',(0.,1.,0.));
#12123=DIRECTION('',(0.,-1.,0.));
#12124=DIRECTION('center_axis',(0.554700196225227,0.,-0.832050294337845));
#12125=DIRECTION('ref_axis',(-0.832050294337845,0.,-0.554700196225227));
#12126=DIRECTION('center_axis',(0.,0.,-1.));
#12127=DIRECTION('ref_axis',(-0.707106781186556,-0.707106781186539,0.));
#12128=DIRECTION('',(0.,0.,-1.));
#12129=DIRECTION('center_axis',(0.948683298050514,0.,-0.316227766016838));
#12130=DIRECTION('ref_axis',(-0.316227766016838,0.,-0.948683298050514));
#12131=DIRECTION('',(0.,0.,1.));
#12132=DIRECTION('center_axis',(8.67361737988403E-17,-1.,8.67361737988403E-17));
#12133=DIRECTION('ref_axis',(1.,8.67361737988403E-17,0.));
#12134=DIRECTION('center_axis',(-0.316227766016838,0.,0.948683298050514));
#12135=DIRECTION('ref_axis',(-0.948683298050514,0.,-0.316227766016838));
#12136=DIRECTION('center_axis',(0.,-1.,0.));
#12137=DIRECTION('ref_axis',(0.707106781186548,0.,0.707106781186548));
#12138=DIRECTION('',(0.,1.,0.));
#12139=DIRECTION('',(0.,-1.,0.));
#12140=DIRECTION('center_axis',(1.,0.,0.));
#12141=DIRECTION('ref_axis',(0.,0.,-1.));
#12142=DIRECTION('center_axis',(0.,1.,0.));
#12143=DIRECTION('ref_axis',(0.,0.,1.));
#12144=DIRECTION('center_axis',(0.832050294337847,-2.69430406705834E-15,
0.554700196225224));
#12145=DIRECTION('ref_axis',(0.,-1.,-4.85722573273506E-15));
#12146=DIRECTION('center_axis',(0.,-1.,0.));
#12147=DIRECTION('ref_axis',(0.289784148688432,0.,-0.957092026489052));
#12148=DIRECTION('center_axis',(-1.,0.,0.));
#12149=DIRECTION('ref_axis',(0.,0.,-1.));
#12150=DIRECTION('center_axis',(0.,1.,0.));
#12151=DIRECTION('ref_axis',(0.289784148688432,0.,-0.957092026489052));
#12152=DIRECTION('center_axis',(0.,-1.,0.));
#12153=DIRECTION('ref_axis',(0.289784148688429,0.,-0.957092026489053));
#12154=DIRECTION('',(0.,1.,0.));
#12155=DIRECTION('center_axis',(0.832050294337844,0.,0.554700196225229));
#12156=DIRECTION('ref_axis',(0.392232270276358,-0.707106781186553,-0.588348405414553));
#12157=DIRECTION('',(-0.832050294337844,0.,-0.554700196225229));
#12158=DIRECTION('center_axis',(-0.832050294337853,0.,-0.554700196225215));
#12159=DIRECTION('ref_axis',(0.554700196225215,0.,-0.832050294337853));
#12160=DIRECTION('',(0.832050294337844,0.,0.554700196225229));
#12161=DIRECTION('center_axis',(0.,1.,0.));
#12162=DIRECTION('ref_axis',(0.,0.,1.));
#12163=DIRECTION('center_axis',(0.,0.,1.));
#12164=DIRECTION('ref_axis',(0.,-1.,0.));
#12165=DIRECTION('center_axis',(0.,-1.,0.));
#12166=DIRECTION('ref_axis',(0.881674598767942,0.,-0.471857925532028));
#12167=DIRECTION('center_axis',(0.,1.,0.));
#12168=DIRECTION('ref_axis',(0.881674598767942,0.,-0.471857925532027));
#12169=DIRECTION('center_axis',(0.,-1.,0.));
#12170=DIRECTION('ref_axis',(0.881674598767943,0.,-0.471857925532027));
#12171=DIRECTION('center_axis',(0.,-1.,0.));
#12172=DIRECTION('ref_axis',(0.881674598767943,0.,-0.471857925532027));
#12173=DIRECTION('',(0.,-1.,0.));
#12174=DIRECTION('center_axis',(-0.554700196225229,0.,0.832050294337844));
#12175=DIRECTION('ref_axis',(0.832050294337844,0.,0.554700196225229));
#12176=DIRECTION('',(0.,-1.,0.));
#12177=DIRECTION('',(0.832050294337844,0.,0.554700196225229));
#12178=DIRECTION('',(0.,1.,0.));
#12179=DIRECTION('',(-0.832050294337844,0.,-0.554700196225229));
#12180=DIRECTION('center_axis',(0.,-1.,0.));
#12181=DIRECTION('ref_axis',(0.881674598767943,0.,-0.471857925532027));
#12182=DIRECTION('center_axis',(0.,1.,0.));
#12183=DIRECTION('ref_axis',(0.881674598767943,0.,-0.471857925532027));
#12184=DIRECTION('center_axis',(0.,1.,0.));
#12185=DIRECTION('ref_axis',(0.,0.,1.));
#12186=DIRECTION('center_axis',(-1.,0.,0.));
#12187=DIRECTION('ref_axis',(0.,-1.,0.));
#12188=DIRECTION('center_axis',(0.,-1.,0.));
#12189=DIRECTION('ref_axis',(0.70710678118655,0.,0.707106781186545));
#12190=DIRECTION('center_axis',(0.,0.,-1.));
#12191=DIRECTION('ref_axis',(1.,0.,0.));
#12192=DIRECTION('center_axis',(0.,1.,0.));
#12193=DIRECTION('ref_axis',(0.70710678118655,0.,0.707106781186545));
#12194=DIRECTION('center_axis',(0.,-1.,0.));
#12195=DIRECTION('ref_axis',(0.707106781186548,0.,0.707106781186548));
#12196=DIRECTION('',(0.,1.,0.));
#12197=DIRECTION('center_axis',(-4.82705662880503E-16,0.,1.));
#12198=DIRECTION('ref_axis',(0.70710678118654,-0.707106781186555,0.));
#12199=DIRECTION('',(-4.82705662880503E-16,0.,1.));
#12200=DIRECTION('center_axis',(9.25185853854293E-16,0.,1.));
#12201=DIRECTION('ref_axis',(1.,0.,-9.25185853854293E-16));
#12202=DIRECTION('',(1.,0.,-9.25185853854293E-16));
#12203=DIRECTION('',(0.,1.,0.));
#12204=DIRECTION('',(1.,0.,-9.25185853854293E-16));
#12205=DIRECTION('center_axis',(1.,0.,0.));
#12206=DIRECTION('ref_axis',(0.,0.,-1.));
#12207=DIRECTION('',(0.,0.,-1.));
#12208=DIRECTION('',(0.,0.,-1.));
#12209=DIRECTION('center_axis',(0.,-1.,0.));
#12210=DIRECTION('ref_axis',(0.,0.,1.));
#12211=DIRECTION('center_axis',(0.,-1.,0.));
#12212=DIRECTION('ref_axis',(-1.,0.,0.));
#12213=DIRECTION('center_axis',(-0.707106781186548,0.707106781186548,3.41324447539951E-16));
#12214=DIRECTION('ref_axis',(4.82705662880503E-16,0.,1.));
#12215=DIRECTION('',(-4.82705662880503E-16,0.,-1.));
#12216=DIRECTION('',(4.82705662880503E-16,0.,1.));
#12217=DIRECTION('',(0.577350269189626,0.577350269189626,0.577350269189626));
#12218=DIRECTION('center_axis',(-0.707106781186548,0.,-0.707106781186548));
#12219=DIRECTION('ref_axis',(-0.707106781186548,0.,0.707106781186548));
#12220=DIRECTION('',(0.577350269189617,0.577350269189643,-0.577350269189617));
#12221=DIRECTION('',(0.,-1.,0.));
#12222=DIRECTION('',(-0.707106781186548,0.,0.707106781186548));
#12223=DIRECTION('',(0.,1.,0.));
#12224=DIRECTION('center_axis',(-1.,0.,0.));
#12225=DIRECTION('ref_axis',(1.89624693077751E-16,-0.707106781186548,0.707106781186548));
#12226=DIRECTION('center_axis',(1.,0.,-4.82705662880503E-16));
#12227=DIRECTION('ref_axis',(0.,-0.707106781186548,0.707106781186548));
#12228=DIRECTION('',(-0.707106781186532,-0.707106781186563,0.));
#12229=DIRECTION('center_axis',(-1.,0.,4.82705662880503E-16));
#12230=DIRECTION('ref_axis',(3.41324447539951E-16,-0.707106781186548,0.707106781186548));
#12231=DIRECTION('center_axis',(-0.707106781186555,0.70710678118654,3.41324447539955E-16));
#12232=DIRECTION('ref_axis',(4.82705662880503E-16,0.,1.));
#12233=DIRECTION('',(-0.70710678118654,-0.707106781186555,0.));
#12234=DIRECTION('',(4.82705662880503E-16,0.,1.));
#12235=DIRECTION('',(-4.82705662880503E-16,0.,-1.));
#12236=DIRECTION('center_axis',(-1.,0.,0.));
#12237=DIRECTION('ref_axis',(-1.89624693077751E-16,-0.707106781186547,-0.707106781186547));
#12238=DIRECTION('center_axis',(1.,0.,-4.82705662880503E-16));
#12239=DIRECTION('ref_axis',(0.,-0.707106781186548,-0.707106781186548));
#12240=DIRECTION('',(-0.707106781186542,0.,-0.707106781186553));
#12241=DIRECTION('center_axis',(-1.,0.,4.82705662880503E-16));
#12242=DIRECTION('ref_axis',(-3.41324447539951E-16,-0.707106781186548,-0.707106781186548));
#12243=DIRECTION('center_axis',(-0.707106781186538,1.3084103822365E-16,
0.707106781186557));
#12244=DIRECTION('ref_axis',(0.707106781186557,0.,0.707106781186538));
#12245=DIRECTION('',(8.93184901744805E-32,-1.,1.85037170770859E-16));
#12246=DIRECTION('',(-8.93184901744805E-32,1.,-1.85037170770859E-16));
#12247=DIRECTION('center_axis',(0.,1.,0.));
#12248=DIRECTION('ref_axis',(0.,0.,1.));
#12249=DIRECTION('',(1.,0.,0.));
#12250=DIRECTION('',(0.,0.,1.));
#12251=DIRECTION('center_axis',(0.,-1.85037170770859E-16,-1.));
#12252=DIRECTION('ref_axis',(-8.93184901744805E-32,1.,-1.85037170770859E-16));
#12253=DIRECTION('',(-1.,0.,0.));
#12254=DIRECTION('',(-8.93184901744805E-32,1.,-1.85037170770859E-16));
#12255=DIRECTION('',(0.,-1.,1.85037170770859E-16));
#12256=DIRECTION('center_axis',(1.,0.,0.));
#12257=DIRECTION('ref_axis',(0.,-0.707106781186548,-0.707106781186548));
#12258=DIRECTION('',(1.,0.,0.));
#12259=DIRECTION('center_axis',(-1.,0.,0.));
#12260=DIRECTION('ref_axis',(0.,-0.707106781186548,-0.707106781186548));
#12261=DIRECTION('center_axis',(0.,-1.,0.));
#12262=DIRECTION('ref_axis',(-4.82705662880503E-16,0.,-1.));
#12263=DIRECTION('',(-1.,0.,0.));
#12264=DIRECTION('',(-4.82705662880503E-16,0.,-1.));
#12265=DIRECTION('center_axis',(1.,0.,0.));
#12266=DIRECTION('ref_axis',(0.,-0.707106781186548,0.707106781186548));
#12267=DIRECTION('',(1.,0.,0.));
#12268=DIRECTION('center_axis',(-1.,0.,0.));
#12269=DIRECTION('ref_axis',(0.,-0.707106781186548,0.707106781186548));
#12270=DIRECTION('center_axis',(0.,0.,1.));
#12271=DIRECTION('ref_axis',(0.,-1.,0.));
#12272=DIRECTION('',(-1.,0.,0.));
#12273=DIRECTION('',(0.,1.,0.));
#12274=DIRECTION('',(0.,-1.,0.));
#12275=DIRECTION('center_axis',(-0.707106781186563,0.707106781186532,3.41324447539959E-16));
#12276=DIRECTION('ref_axis',(4.82705662880503E-16,0.,1.));
#12277=DIRECTION('',(4.82705662880503E-16,0.,1.));
#12278=DIRECTION('',(-0.707106781186555,-0.70710678118654,0.));
#12279=DIRECTION('',(-4.82705662880503E-16,0.,-1.));
#12280=DIRECTION('center_axis',(0.,-0.707106781186548,-0.707106781186548));
#12281=DIRECTION('ref_axis',(-1.,0.,0.));
#12282=DIRECTION('',(0.,-0.707106781186548,0.707106781186548));
#12283=DIRECTION('',(1.,0.,1.38777878078145E-16));
#12284=DIRECTION('',(0.,0.707106781186548,-0.707106781186548));
#12285=DIRECTION('',(1.,0.,0.));
#12286=DIRECTION('center_axis',(1.,0.,0.));
#12287=DIRECTION('ref_axis',(0.,0.,-1.));
#12288=DIRECTION('',(0.,1.,0.));
#12289=DIRECTION('',(0.,1.,0.));
#12290=DIRECTION('center_axis',(0.,0.,-1.));
#12291=DIRECTION('ref_axis',(-1.,0.,0.));
#12292=DIRECTION('',(0.,1.,0.));
#12293=DIRECTION('center_axis',(0.,-0.707106781186548,-0.707106781186548));
#12294=DIRECTION('ref_axis',(-1.,0.,0.));
#12295=DIRECTION('',(0.,-0.707106781186548,0.707106781186548));
#12296=DIRECTION('',(1.,0.,1.38777878078145E-16));
#12297=DIRECTION('',(0.,0.707106781186548,-0.707106781186548));
#12298=DIRECTION('',(1.,0.,0.));
#12299=DIRECTION('center_axis',(1.,0.,0.));
#12300=DIRECTION('ref_axis',(0.,0.,-1.));
#12301=DIRECTION('',(0.,1.,0.));
#12302=DIRECTION('',(0.,1.,0.));
#12303=DIRECTION('center_axis',(0.,0.,-1.));
#12304=DIRECTION('ref_axis',(-1.,0.,0.));
#12305=DIRECTION('',(0.,1.,0.));
#12306=DIRECTION('center_axis',(0.,-0.707106781186548,-0.707106781186548));
#12307=DIRECTION('ref_axis',(-1.,0.,0.));
#12308=DIRECTION('',(0.,-0.707106781186548,0.707106781186548));
#12309=DIRECTION('',(1.,0.,1.38777878078145E-16));
#12310=DIRECTION('',(0.,0.707106781186548,-0.707106781186548));
#12311=DIRECTION('',(1.,0.,0.));
#12312=DIRECTION('center_axis',(1.,0.,0.));
#12313=DIRECTION('ref_axis',(0.,0.,-1.));
#12314=DIRECTION('',(0.,1.,0.));
#12315=DIRECTION('',(0.,1.,0.));
#12316=DIRECTION('center_axis',(0.,0.,-1.));
#12317=DIRECTION('ref_axis',(-1.,0.,0.));
#12318=DIRECTION('',(0.,1.,0.));
#12319=DIRECTION('center_axis',(0.,-0.707106781186548,-0.707106781186548));
#12320=DIRECTION('ref_axis',(-1.,0.,0.));
#12321=DIRECTION('',(0.,-0.707106781186548,0.707106781186548));
#12322=DIRECTION('',(1.,0.,1.38777878078145E-16));
#12323=DIRECTION('',(0.,0.707106781186548,-0.707106781186548));
#12324=DIRECTION('',(1.,0.,0.));
#12325=DIRECTION('center_axis',(1.,0.,0.));
#12326=DIRECTION('ref_axis',(0.,0.,-1.));
#12327=DIRECTION('',(0.,1.,0.));
#12328=DIRECTION('',(0.,1.,0.));
#12329=DIRECTION('center_axis',(0.,0.,-1.));
#12330=DIRECTION('ref_axis',(-1.,0.,0.));
#12331=DIRECTION('',(0.,1.,0.));
#12332=DIRECTION('center_axis',(0.,-0.707106781186548,-0.707106781186548));
#12333=DIRECTION('ref_axis',(-1.,0.,0.));
#12334=DIRECTION('',(0.,-0.707106781186548,0.707106781186548));
#12335=DIRECTION('',(1.,0.,1.38777878078145E-16));
#12336=DIRECTION('',(0.,0.707106781186548,-0.707106781186548));
#12337=DIRECTION('',(1.,0.,0.));
#12338=DIRECTION('center_axis',(1.,0.,0.));
#12339=DIRECTION('ref_axis',(0.,0.,-1.));
#12340=DIRECTION('',(0.,1.,0.));
#12341=DIRECTION('',(0.,1.,0.));
#12342=DIRECTION('center_axis',(0.,0.,-1.));
#12343=DIRECTION('ref_axis',(-1.,0.,0.));
#12344=DIRECTION('',(0.,1.,0.));
#12345=DIRECTION('center_axis',(0.,-0.707106781186548,-0.707106781186548));
#12346=DIRECTION('ref_axis',(-1.,0.,0.));
#12347=DIRECTION('',(0.,-0.707106781186548,0.707106781186548));
#12348=DIRECTION('',(1.,0.,1.38777878078145E-16));
#12349=DIRECTION('',(0.,0.707106781186548,-0.707106781186548));
#12350=DIRECTION('',(1.,0.,0.));
#12351=DIRECTION('center_axis',(1.,0.,0.));
#12352=DIRECTION('ref_axis',(0.,0.,-1.));
#12353=DIRECTION('',(0.,1.,0.));
#12354=DIRECTION('',(0.,1.,0.));
#12355=DIRECTION('center_axis',(0.,0.,-1.));
#12356=DIRECTION('ref_axis',(-1.,0.,0.));
#12357=DIRECTION('',(0.,1.,0.));
#12358=DIRECTION('center_axis',(0.,-0.707106781186548,-0.707106781186548));
#12359=DIRECTION('ref_axis',(-1.,0.,0.));
#12360=DIRECTION('',(0.,-0.707106781186548,0.707106781186548));
#12361=DIRECTION('',(1.,0.,1.38777878078145E-16));
#12362=DIRECTION('',(0.,0.707106781186548,-0.707106781186548));
#12363=DIRECTION('',(1.,0.,0.));
#12364=DIRECTION('center_axis',(1.,0.,0.));
#12365=DIRECTION('ref_axis',(0.,0.,-1.));
#12366=DIRECTION('',(0.,1.,0.));
#12367=DIRECTION('',(0.,1.,0.));
#12368=DIRECTION('center_axis',(0.,0.,-1.));
#12369=DIRECTION('ref_axis',(-1.,0.,0.));
#12370=DIRECTION('',(0.,1.,0.));
#12371=DIRECTION('center_axis',(0.,-0.707106781186548,-0.707106781186548));
#12372=DIRECTION('ref_axis',(-1.,0.,0.));
#12373=DIRECTION('',(0.,-0.707106781186548,0.707106781186548));
#12374=DIRECTION('',(1.,0.,1.38777878078145E-16));
#12375=DIRECTION('',(0.,0.707106781186548,-0.707106781186548));
#12376=DIRECTION('',(1.,0.,0.));
#12377=DIRECTION('center_axis',(1.,0.,0.));
#12378=DIRECTION('ref_axis',(0.,0.,-1.));
#12379=DIRECTION('',(0.,1.,0.));
#12380=DIRECTION('',(0.,1.,0.));
#12381=DIRECTION('center_axis',(0.,0.,-1.));
#12382=DIRECTION('ref_axis',(-1.,0.,0.));
#12383=DIRECTION('',(0.,1.,0.));
#12384=DIRECTION('center_axis',(0.,-0.707106781186547,0.707106781186548));
#12385=DIRECTION('ref_axis',(1.,0.,0.));
#12386=DIRECTION('',(0.,0.707106781186548,0.707106781186547));
#12387=DIRECTION('',(-1.,0.,0.));
#12388=DIRECTION('',(0.,-0.707106781186548,-0.707106781186547));
#12389=DIRECTION('',(-1.,0.,-2.77555756156289E-16));
#12390=DIRECTION('center_axis',(0.,0.,1.));
#12391=DIRECTION('ref_axis',(1.,0.,0.));
#12392=DIRECTION('',(0.,1.,0.));
#12393=DIRECTION('',(0.,1.,0.));
#12394=DIRECTION('center_axis',(1.,0.,0.));
#12395=DIRECTION('ref_axis',(0.,0.,-1.));
#12396=DIRECTION('',(0.,-1.,0.));
#12397=DIRECTION('center_axis',(0.,-0.707106781186547,0.707106781186548));
#12398=DIRECTION('ref_axis',(1.,0.,0.));
#12399=DIRECTION('',(0.,0.707106781186548,0.707106781186547));
#12400=DIRECTION('',(-1.,0.,0.));
#12401=DIRECTION('',(0.,-0.707106781186548,-0.707106781186547));
#12402=DIRECTION('',(-1.,0.,-2.77555756156289E-16));
#12403=DIRECTION('center_axis',(0.,0.,1.));
#12404=DIRECTION('ref_axis',(1.,0.,0.));
#12405=DIRECTION('',(0.,1.,0.));
#12406=DIRECTION('',(0.,1.,0.));
#12407=DIRECTION('center_axis',(1.,0.,0.));
#12408=DIRECTION('ref_axis',(0.,0.,-1.));
#12409=DIRECTION('',(0.,-1.,0.));
#12410=DIRECTION('center_axis',(0.,-0.707106781186547,0.707106781186548));
#12411=DIRECTION('ref_axis',(1.,0.,0.));
#12412=DIRECTION('',(0.,0.707106781186548,0.707106781186547));
#12413=DIRECTION('',(-1.,0.,0.));
#12414=DIRECTION('',(0.,-0.707106781186548,-0.707106781186547));
#12415=DIRECTION('',(-1.,0.,-2.77555756156289E-16));
#12416=DIRECTION('center_axis',(0.,0.,1.));
#12417=DIRECTION('ref_axis',(1.,0.,0.));
#12418=DIRECTION('',(0.,1.,0.));
#12419=DIRECTION('',(0.,1.,0.));
#12420=DIRECTION('center_axis',(1.,0.,0.));
#12421=DIRECTION('ref_axis',(0.,0.,-1.));
#12422=DIRECTION('',(0.,-1.,0.));
#12423=DIRECTION('center_axis',(0.,-0.707106781186547,0.707106781186548));
#12424=DIRECTION('ref_axis',(1.,0.,0.));
#12425=DIRECTION('',(0.,0.707106781186548,0.707106781186547));
#12426=DIRECTION('',(-1.,0.,0.));
#12427=DIRECTION('',(0.,-0.707106781186548,-0.707106781186547));
#12428=DIRECTION('',(-1.,0.,-2.77555756156289E-16));
#12429=DIRECTION('center_axis',(0.,0.,1.));
#12430=DIRECTION('ref_axis',(1.,0.,0.));
#12431=DIRECTION('',(0.,1.,0.));
#12432=DIRECTION('',(0.,1.,0.));
#12433=DIRECTION('center_axis',(1.,0.,0.));
#12434=DIRECTION('ref_axis',(0.,0.,-1.));
#12435=DIRECTION('',(0.,-1.,0.));
#12436=DIRECTION('center_axis',(7.85046229341887E-16,-0.707106781186548,
0.707106781186548));
#12437=DIRECTION('ref_axis',(1.,0.,-1.11022302462516E-15));
#12438=DIRECTION('',(0.,0.707106781186548,0.707106781186548));
#12439=DIRECTION('',(-1.,0.,1.11022302462516E-15));
#12440=DIRECTION('',(0.,-0.707106781186548,-0.707106781186548));
#12441=DIRECTION('',(-1.,0.,-2.77555756156289E-16));
#12442=DIRECTION('center_axis',(1.11022302462516E-15,0.,1.));
#12443=DIRECTION('ref_axis',(1.,0.,-1.11022302462516E-15));
#12444=DIRECTION('',(0.,1.,0.));
#12445=DIRECTION('',(0.,1.,0.));
#12446=DIRECTION('center_axis',(1.,0.,0.));
#12447=DIRECTION('ref_axis',(0.,0.,-1.));
#12448=DIRECTION('',(0.,-1.,0.));
#12449=DIRECTION('center_axis',(0.,-0.707106781186548,0.707106781186548));
#12450=DIRECTION('ref_axis',(1.,0.,0.));
#12451=DIRECTION('',(0.,0.707106781186548,0.707106781186548));
#12452=DIRECTION('',(-1.,0.,0.));
#12453=DIRECTION('',(0.,-0.707106781186548,-0.707106781186548));
#12454=DIRECTION('',(-1.,0.,-2.77555756156289E-16));
#12455=DIRECTION('center_axis',(0.,0.,1.));
#12456=DIRECTION('ref_axis',(1.,0.,0.));
#12457=DIRECTION('',(0.,1.,0.));
#12458=DIRECTION('',(0.,1.,0.));
#12459=DIRECTION('center_axis',(1.,0.,0.));
#12460=DIRECTION('ref_axis',(0.,0.,-1.));
#12461=DIRECTION('',(0.,-1.,0.));
#12462=DIRECTION('center_axis',(0.,-0.707106781186547,0.707106781186548));
#12463=DIRECTION('ref_axis',(1.,0.,0.));
#12464=DIRECTION('',(0.,0.707106781186548,0.707106781186547));
#12465=DIRECTION('',(-1.,0.,0.));
#12466=DIRECTION('',(0.,-0.707106781186548,-0.707106781186547));
#12467=DIRECTION('',(-1.,0.,-2.77555756156289E-16));
#12468=DIRECTION('center_axis',(0.,0.,1.));
#12469=DIRECTION('ref_axis',(1.,0.,0.));
#12470=DIRECTION('',(0.,1.,0.));
#12471=DIRECTION('',(0.,1.,0.));
#12472=DIRECTION('center_axis',(1.,0.,0.));
#12473=DIRECTION('ref_axis',(0.,0.,-1.));
#12474=DIRECTION('',(0.,-1.,0.));
#12475=DIRECTION('center_axis',(0.,-0.707106781186547,0.707106781186548));
#12476=DIRECTION('ref_axis',(1.,0.,0.));
#12477=DIRECTION('',(0.,0.707106781186548,0.707106781186547));
#12478=DIRECTION('',(-1.,0.,0.));
#12479=DIRECTION('',(0.,-0.707106781186548,-0.707106781186547));
#12480=DIRECTION('',(-1.,0.,-2.77555756156289E-16));
#12481=DIRECTION('center_axis',(0.,0.,1.));
#12482=DIRECTION('ref_axis',(1.,0.,0.));
#12483=DIRECTION('',(0.,1.,0.));
#12484=DIRECTION('',(0.,1.,0.));
#12485=DIRECTION('center_axis',(1.,0.,0.));
#12486=DIRECTION('ref_axis',(0.,0.,-1.));
#12487=DIRECTION('',(0.,-1.,0.));
#12488=DIRECTION('center_axis',(0.,-0.707106781186547,0.707106781186548));
#12489=DIRECTION('ref_axis',(1.,0.,0.));
#12490=DIRECTION('',(0.,0.707106781186548,0.707106781186547));
#12491=DIRECTION('',(-1.,0.,0.));
#12492=DIRECTION('',(0.,-0.707106781186548,-0.707106781186547));
#12493=DIRECTION('',(-1.,0.,-2.77555756156289E-16));
#12494=DIRECTION('center_axis',(0.,0.,1.));
#12495=DIRECTION('ref_axis',(1.,0.,0.));
#12496=DIRECTION('',(0.,1.,0.));
#12497=DIRECTION('',(0.,1.,0.));
#12498=DIRECTION('center_axis',(1.,0.,0.));
#12499=DIRECTION('ref_axis',(0.,0.,-1.));
#12500=DIRECTION('',(0.,-1.,0.));
#12501=DIRECTION('center_axis',(0.,-0.707106781186548,-0.707106781186548));
#12502=DIRECTION('ref_axis',(-1.,0.,0.));
#12503=DIRECTION('',(0.,-0.707106781186548,0.707106781186548));
#12504=DIRECTION('',(1.,0.,1.38777878078145E-16));
#12505=DIRECTION('',(0.,0.707106781186548,-0.707106781186548));
#12506=DIRECTION('',(1.,0.,0.));
#12507=DIRECTION('center_axis',(1.,0.,0.));
#12508=DIRECTION('ref_axis',(0.,0.,-1.));
#12509=DIRECTION('',(0.,1.,0.));
#12510=DIRECTION('',(0.,1.,0.));
#12511=DIRECTION('center_axis',(0.,0.,-1.));
#12512=DIRECTION('ref_axis',(-1.,0.,0.));
#12513=DIRECTION('',(0.,1.,0.));
#12514=DIRECTION('center_axis',(0.,-0.707106781186548,-0.707106781186548));
#12515=DIRECTION('ref_axis',(-1.,0.,0.));
#12516=DIRECTION('',(0.,-0.707106781186548,0.707106781186548));
#12517=DIRECTION('',(1.,0.,1.38777878078145E-16));
#12518=DIRECTION('',(0.,0.707106781186548,-0.707106781186548));
#12519=DIRECTION('',(1.,0.,0.));
#12520=DIRECTION('center_axis',(1.,0.,0.));
#12521=DIRECTION('ref_axis',(0.,0.,-1.));
#12522=DIRECTION('',(0.,1.,0.));
#12523=DIRECTION('',(0.,1.,0.));
#12524=DIRECTION('center_axis',(0.,0.,-1.));
#12525=DIRECTION('ref_axis',(-1.,0.,0.));
#12526=DIRECTION('',(0.,1.,0.));
#12527=DIRECTION('center_axis',(0.,-0.707106781186547,0.707106781186548));
#12528=DIRECTION('ref_axis',(1.,0.,0.));
#12529=DIRECTION('',(0.,0.707106781186548,0.707106781186547));
#12530=DIRECTION('',(-1.,0.,0.));
#12531=DIRECTION('',(0.,-0.707106781186548,-0.707106781186547));
#12532=DIRECTION('',(-1.,0.,-2.77555756156289E-16));
#12533=DIRECTION('center_axis',(0.,0.,1.));
#12534=DIRECTION('ref_axis',(1.,0.,0.));
#12535=DIRECTION('',(0.,1.,0.));
#12536=DIRECTION('',(0.,1.,0.));
#12537=DIRECTION('center_axis',(1.,0.,0.));
#12538=DIRECTION('ref_axis',(0.,0.,-1.));
#12539=DIRECTION('',(0.,-1.,0.));
#12540=DIRECTION('center_axis',(-1.,0.,0.));
#12541=DIRECTION('ref_axis',(0.,0.,1.));
#12542=DIRECTION('',(0.,-1.,0.));
#12543=DIRECTION('center_axis',(1.38777878078145E-16,0.,-1.));
#12544=DIRECTION('ref_axis',(-1.,0.,-1.38777878078145E-16));
#12545=DIRECTION('',(0.,-1.,0.));
#12546=DIRECTION('',(0.,-1.,0.));
#12547=DIRECTION('',(0.,-1.,0.));
#12548=DIRECTION('',(0.,-1.,0.));
#12549=DIRECTION('',(0.,-1.,0.));
#12550=DIRECTION('',(0.,-1.,0.));
#12551=DIRECTION('',(0.,-1.,0.));
#12552=DIRECTION('',(1.,0.,1.38777878078145E-16));
#12553=DIRECTION('',(0.,1.,0.));
#12554=DIRECTION('',(0.,-1.,0.));
#12555=DIRECTION('',(0.,-1.,0.));
#12556=DIRECTION('center_axis',(-1.,0.,0.));
#12557=DIRECTION('ref_axis',(0.,0.,1.));
#12558=DIRECTION('center_axis',(-1.,0.,0.));
#12559=DIRECTION('ref_axis',(0.,0.,1.));
#12560=DIRECTION('',(0.,1.,0.));
#12561=DIRECTION('center_axis',(-2.77555756156289E-16,0.,1.));
#12562=DIRECTION('ref_axis',(1.,0.,2.77555756156289E-16));
#12563=DIRECTION('',(0.,1.,0.));
#12564=DIRECTION('',(0.,1.,0.));
#12565=DIRECTION('',(0.,1.,0.));
#12566=DIRECTION('',(1.,0.,-2.77555756156289E-16));
#12567=DIRECTION('',(0.,1.,0.));
#12568=DIRECTION('',(0.,1.,0.));
#12569=DIRECTION('',(0.,1.,0.));
#12570=DIRECTION('',(0.,1.,0.));
#12571=DIRECTION('',(0.,1.,0.));
#12572=DIRECTION('',(0.,1.,0.));
#12573=DIRECTION('',(0.,1.,0.));
#12574=DIRECTION('center_axis',(-1.,0.,0.));
#12575=DIRECTION('ref_axis',(0.,0.,1.));
#12576=DIRECTION('center_axis',(-1.,0.,0.));
#12577=DIRECTION('ref_axis',(0.,0.,1.));
#12578=DIRECTION('center_axis',(-1.,0.,0.));
#12579=DIRECTION('ref_axis',(0.,0.,1.));
#12580=DIRECTION('center_axis',(-1.,0.,0.));
#12581=DIRECTION('ref_axis',(0.,0.,1.));
#12582=DIRECTION('center_axis',(-1.,0.,0.));
#12583=DIRECTION('ref_axis',(0.,0.,1.));
#12584=DIRECTION('center_axis',(-1.,0.,0.));
#12585=DIRECTION('ref_axis',(0.,0.,1.));
#12586=DIRECTION('center_axis',(-1.,0.,0.));
#12587=DIRECTION('ref_axis',(0.,0.,1.));
#12588=DIRECTION('center_axis',(-1.,0.,0.));
#12589=DIRECTION('ref_axis',(0.,0.,1.));
#12590=DIRECTION('center_axis',(-1.,0.,0.));
#12591=DIRECTION('ref_axis',(0.,0.,1.));
#12592=DIRECTION('center_axis',(-1.,0.,0.));
#12593=DIRECTION('ref_axis',(0.,0.,1.));
#12594=DIRECTION('center_axis',(-1.,0.,0.));
#12595=DIRECTION('ref_axis',(0.,0.,1.));
#12596=DIRECTION('center_axis',(-1.,0.,0.));
#12597=DIRECTION('ref_axis',(0.,0.,1.));
#12598=DIRECTION('center_axis',(-1.,0.,0.));
#12599=DIRECTION('ref_axis',(0.,0.,1.));
#12600=DIRECTION('center_axis',(-1.,0.,0.));
#12601=DIRECTION('ref_axis',(0.,0.,1.));
#12602=DIRECTION('center_axis',(-1.,0.,0.));
#12603=DIRECTION('ref_axis',(0.,0.,1.));
#12604=DIRECTION('center_axis',(-1.,0.,0.));
#12605=DIRECTION('ref_axis',(0.,0.,1.));
#12606=DIRECTION('center_axis',(-1.,0.,0.));
#12607=DIRECTION('ref_axis',(0.,0.,1.));
#12608=DIRECTION('center_axis',(9.8130778667736E-17,-0.707106781186547,
-0.707106781186548));
#12609=DIRECTION('ref_axis',(-1.,0.,-1.38777878078145E-16));
#12610=DIRECTION('',(-1.68224192001833E-15,0.707106781186548,-0.707106781186547));
#12611=DIRECTION('',(-1.,0.,-1.38777878078145E-16));
#12612=DIRECTION('center_axis',(-1.,0.,2.37904933848248E-15));
#12613=DIRECTION('ref_axis',(2.37904933848248E-15,0.,1.));
#12614=DIRECTION('',(2.37904933848248E-15,0.,1.));
#12615=DIRECTION('',(-1.68224192001833E-15,-0.707106781186547,-0.707106781186547));
#12616=DIRECTION('center_axis',(-1.96261557335472E-16,-0.707106781186548,
0.707106781186548));
#12617=DIRECTION('ref_axis',(1.,0.,2.77555756156289E-16));
#12618=DIRECTION('',(1.,0.,2.77555756156289E-16));
#12619=DIRECTION('center_axis',(0.,1.,0.));
#12620=DIRECTION('ref_axis',(1.,0.,0.));
#12621=DIRECTION('center_axis',(-1.,0.,0.));
#12622=DIRECTION('ref_axis',(0.,0.707106781186548,0.707106781186548));
#12623=DIRECTION('',(-1.,0.,0.));
#12624=DIRECTION('center_axis',(-0.996545758244779,-0.0830454798549491,
0.));
#12625=DIRECTION('ref_axis',(-0.0830454798549491,0.996545758244779,0.));
#12626=DIRECTION('',(1.,0.,0.));
#12627=DIRECTION('center_axis',(-0.677109488984703,-0.735882286732651,-3.75871272431495E-15));
#12628=DIRECTION('ref_axis',(0.735882286732651,-0.677109488984703,-3.45851517000276E-15));
#12629=DIRECTION('center_axis',(0.08304547985374,-0.99654575824488,0.));
#12630=DIRECTION('ref_axis',(-0.704664263417645,-0.0587220219514691,0.707106781186547));
#12631=DIRECTION('',(-0.08304547985374,0.99654575824488,0.));
#12632=DIRECTION('center_axis',(0.0415586438369487,-0.999136066370559,-1.109263865618E-14));
#12633=DIRECTION('ref_axis',(-0.999136066370559,-0.0415586438369487,-2.66684721381396E-13));
#12634=DIRECTION('',(0.08304547985374,-0.99654575824488,0.));
#12635=DIRECTION('center_axis',(0.,-1.,0.));
#12636=DIRECTION('ref_axis',(-0.707106781186548,0.,0.707106781186548));
#12637=DIRECTION('',(0.,1.,0.));
#12638=DIRECTION('center_axis',(0.707106781186548,-0.707106781186548,0.));
#12639=DIRECTION('ref_axis',(0.707106781186547,0.707106781186547,0.));
#12640=DIRECTION('',(0.,-1.,0.));
#12641=DIRECTION('center_axis',(1.,0.,0.));
#12642=DIRECTION('ref_axis',(0.,-0.707106781186548,0.707106781186548));
#12643=DIRECTION('',(-1.,0.,0.));
#12644=DIRECTION('center_axis',(0.707106781186548,0.707106781186548,0.));
#12645=DIRECTION('ref_axis',(-0.707106781186547,0.707106781186547,0.));
#12646=DIRECTION('',(1.,0.,0.));
#12647=DIRECTION('center_axis',(0.,1.,0.));
#12648=DIRECTION('ref_axis',(0.707106781186548,0.,0.707106781186548));
#12649=DIRECTION('',(0.,-1.,0.));
#12650=DIRECTION('center_axis',(0.0415586438368048,0.999136066370565,-1.10926386561801E-14));
#12651=DIRECTION('ref_axis',(0.999136066370565,-0.0415586438368048,-2.66684721381369E-13));
#12652=DIRECTION('',(0.,1.,0.));
#12653=DIRECTION('center_axis',(0.0830454798537397,0.99654575824488,0.));
#12654=DIRECTION('ref_axis',(0.704664263417637,-0.0587220219514697,0.707106781186555));
#12655=DIRECTION('',(-0.0830454798537397,-0.99654575824488,0.));
#12656=DIRECTION('center_axis',(0.,-1.,0.));
#12657=DIRECTION('ref_axis',(1.,0.,3.457462643425E-16));
#12658=DIRECTION('',(0.0830454798537397,0.99654575824488,0.));
#12659=DIRECTION('center_axis',(0.,-1.,0.));
#12660=DIRECTION('ref_axis',(-1.,0.,0.));
#12661=DIRECTION('',(0.,0.,-1.));
#12662=DIRECTION('',(1.,0.,0.));
#12663=DIRECTION('',(0.,0.,-1.));
#12664=DIRECTION('center_axis',(0.99654575824488,0.08304547985374,0.));
#12665=DIRECTION('ref_axis',(0.08304547985374,-0.99654575824488,0.));
#12666=DIRECTION('',(0.,0.,-1.));
#12667=DIRECTION('',(-0.08304547985374,0.99654575824488,0.));
#12668=DIRECTION('center_axis',(1.,0.,0.));
#12669=DIRECTION('ref_axis',(0.,-1.,0.));
#12670=DIRECTION('',(0.,0.,-1.));
#12671=DIRECTION('',(0.,1.,0.));
#12672=DIRECTION('center_axis',(0.,1.,0.));
#12673=DIRECTION('ref_axis',(1.,0.,0.));
#12674=DIRECTION('',(0.,0.,-1.));
#12675=DIRECTION('',(-1.,0.,0.));
#12676=DIRECTION('center_axis',(-1.,0.,0.));
#12677=DIRECTION('ref_axis',(0.,1.,0.));
#12678=DIRECTION('',(0.,0.,-1.));
#12679=DIRECTION('',(0.,-1.,0.));
#12680=DIRECTION('center_axis',(-0.99654575824488,0.0830454798537397,0.));
#12681=DIRECTION('ref_axis',(0.0830454798537397,0.99654575824488,0.));
#12682=DIRECTION('',(0.,0.,-1.));
#12683=DIRECTION('',(-0.0830454798537397,-0.99654575824488,0.));
#12684=DIRECTION('center_axis',(1.25941925051522E-12,0.850650808352039,
-0.525731112119136));
#12685=DIRECTION('ref_axis',(-1.,0.,-2.39555776990011E-12));
#12686=DIRECTION('',(-7.9592561650458E-16,-0.525731112119136,-0.850650808352038));
#12687=DIRECTION('',(-1.,1.48053612381217E-12,0.));
#12688=DIRECTION('',(-7.9592561650458E-16,0.525731112119136,0.850650808352038));
#12689=DIRECTION('',(1.,-1.48053612381217E-12,0.));
#12690=DIRECTION('center_axis',(0.,0.,-1.));
#12691=DIRECTION('ref_axis',(-1.,0.,0.));
#12692=DIRECTION('',(0.,-1.,0.));
#12693=DIRECTION('',(1.,0.,0.));
#12694=DIRECTION('',(-1.51394048812583E-15,-1.,0.));
#12695=DIRECTION('',(0.0830454798549491,-0.996545758244779,0.));
#12696=DIRECTION('',(1.,0.,0.));
#12697=DIRECTION('',(0.0830454798549484,0.996545758244779,0.));
#12698=DIRECTION('',(-1.51394048812583E-15,1.,0.));
#12699=DIRECTION('center_axis',(-1.,1.51394048812583E-15,0.));
#12700=DIRECTION('ref_axis',(1.51394048812583E-15,1.,0.));
#12701=DIRECTION('',(6.77054769067716E-16,0.447213595499959,-0.894427190999915));
#12702=DIRECTION('center_axis',(-1.,1.51394048812583E-15,0.));
#12703=DIRECTION('ref_axis',(7.70035810343653E-13,0.525731112119129,0.850650808352043));
#12704=DIRECTION('',(1.51394048812583E-15,1.,0.));
#12705=DIRECTION('center_axis',(-1.,1.51394048812583E-15,0.));
#12706=DIRECTION('ref_axis',(0.,-0.256667935157021,0.96649964876467));
#12707=DIRECTION('',(1.31446844639981E-15,0.868243142124459,0.496138938356834));
#12708=DIRECTION('',(1.40565845461228E-15,0.928476690885259,-0.371390676354104));
#12709=DIRECTION('center_axis',(-1.,1.51394048812583E-15,0.));
#12710=DIRECTION('ref_axis',(0.,0.189107521154951,0.981956386731422));
#12711=DIRECTION('',(0.,0.,-1.));
#12712=DIRECTION('center_axis',(1.,-1.48053612381217E-12,0.));
#12713=DIRECTION('ref_axis',(7.70035810343653E-13,0.525731112119129,0.850650808352043));
#12714=DIRECTION('',(-1.,1.48053612381217E-12,0.));
#12715=DIRECTION('center_axis',(1.,1.51394048812583E-15,0.));
#12716=DIRECTION('ref_axis',(7.70035810343653E-13,0.525731112119129,0.850650808352043));
#12717=DIRECTION('',(1.,-1.48053612381217E-12,0.));
#12718=DIRECTION('center_axis',(0.,0.,1.));
#12719=DIRECTION('ref_axis',(1.,0.,0.));
#12720=DIRECTION('',(1.51394048812583E-15,-1.,0.));
#12721=DIRECTION('',(-1.,1.61161406801035E-15,0.));
#12722=DIRECTION('center_axis',(-1.,1.61161406801035E-15,0.));
#12723=DIRECTION('ref_axis',(0.,-0.256667935157021,0.96649964876467));
#12724=DIRECTION('center_axis',(1.,1.51394048812583E-15,0.));
#12725=DIRECTION('ref_axis',(0.,-0.256667935157021,0.96649964876467));
#12726=DIRECTION('',(1.,-1.61161406801035E-15,0.));
#12727=DIRECTION('center_axis',(1.32423176639523E-12,0.894427190999915,
0.447213595499959));
#12728=DIRECTION('ref_axis',(0.,-0.447213595499959,0.894427190999915));
#12729=DIRECTION('',(6.77054769067716E-16,-0.447213595499959,0.894427190999915));
#12730=DIRECTION('center_axis',(-7.99584492743595E-16,-0.496138938356834,
0.868243142124459));
#12731=DIRECTION('ref_axis',(1.,0.,9.20922324577346E-16));
#12732=DIRECTION('',(1.31446844639981E-15,-0.868243142124459,-0.496138938356834));
#12733=DIRECTION('',(1.,-1.61161406801035E-15,0.));
#12734=DIRECTION('center_axis',(-1.,0.,0.));
#12735=DIRECTION('ref_axis',(0.,0.189107521154951,0.981956386731422));
#12736=DIRECTION('center_axis',(0.996545758244779,-0.0830454798549484,0.));
#12737=DIRECTION('ref_axis',(0.0830454798549484,0.996545758244779,4.4601268100178E-15));
#12738=DIRECTION('',(1.,0.,0.));
#12739=DIRECTION('center_axis',(-0.996545758244779,-0.0830454798549491,
0.));
#12740=DIRECTION('ref_axis',(-0.0830454798549491,0.996545758244779,2.73139548830547E-15));
#12741=DIRECTION('',(-1.,0.,0.));
#12742=DIRECTION('center_axis',(1.,1.51394048812583E-15,0.));
#12743=DIRECTION('ref_axis',(0.,0.189107521154951,0.981956386731422));
#12744=DIRECTION('center_axis',(-0.996545758244779,-0.0830454798549491,
0.));
#12745=DIRECTION('ref_axis',(-0.0830454798549491,0.996545758244779,0.));
#12746=DIRECTION('',(-0.0830454798549491,0.996545758244779,0.));
#12747=DIRECTION('center_axis',(0.,0.,1.));
#12748=DIRECTION('ref_axis',(1.,0.,0.));
#12749=DIRECTION('',(1.,0.,0.));
#12750=DIRECTION('',(0.,-1.,0.));
#12751=DIRECTION('',(1.,0.,0.));
#12752=DIRECTION('',(0.,1.,0.));
#12753=DIRECTION('',(1.,0.,0.));
#12754=DIRECTION('',(-0.0830454798549484,-0.996545758244779,0.));
#12755=DIRECTION('',(-1.,0.,0.));
#12756=DIRECTION('',(1.,0.,0.));
#12757=DIRECTION('',(0.,-1.,0.));
#12758=DIRECTION('',(-1.,0.,0.));
#12759=DIRECTION('',(0.,1.,0.));
#12760=DIRECTION('',(1.,0.,0.));
#12761=DIRECTION('',(0.,1.,0.));
#12762=DIRECTION('',(1.,0.,0.));
#12763=DIRECTION('',(0.,-1.,0.));
#12764=DIRECTION('center_axis',(0.,0.371390676354104,0.928476690885259));
#12765=DIRECTION('ref_axis',(1.,0.,0.));
#12766=DIRECTION('',(1.40565845461228E-15,-0.928476690885259,0.371390676354104));
#12767=DIRECTION('center_axis',(0.,-1.,0.));
#12768=DIRECTION('ref_axis',(-1.,0.,0.));
#12769=DIRECTION('',(0.,0.,-1.));
#12770=DIRECTION('center_axis',(0.996545758244779,-0.0830454798549484,0.));
#12771=DIRECTION('ref_axis',(-0.0830454798549484,-0.996545758244779,0.));
#12772=DIRECTION('',(0.,0.,-1.));
#12773=DIRECTION('center_axis',(1.,1.51394048812583E-15,0.));
#12774=DIRECTION('ref_axis',(1.51394048812583E-15,-1.,0.));
#12775=DIRECTION('center_axis',(0.,1.,0.));
#12776=DIRECTION('ref_axis',(0.707106781186548,0.,0.707106781186548));
#12777=DIRECTION('',(0.,1.,0.));
#12778=DIRECTION('center_axis',(0.,1.,0.));
#12779=DIRECTION('ref_axis',(0.707106781186548,0.,0.707106781186548));
#12780=DIRECTION('center_axis',(-0.707106781186548,0.707106781186548,0.));
#12781=DIRECTION('ref_axis',(-0.707106781186547,-0.707106781186547,0.));
#12782=DIRECTION('center_axis',(-1.,0.,0.));
#12783=DIRECTION('ref_axis',(0.,0.70710678118654,0.707106781186555));
#12784=DIRECTION('',(-1.,0.,0.));
#12785=DIRECTION('center_axis',(-0.707106781186548,-0.707106781186548,0.));
#12786=DIRECTION('ref_axis',(0.707106781186547,-0.707106781186547,0.));
#12787=DIRECTION('center_axis',(0.,-1.,0.));
#12788=DIRECTION('ref_axis',(-0.707106781186548,0.,0.707106781186548));
#12789=DIRECTION('center_axis',(0.,1.,0.));
#12790=DIRECTION('ref_axis',(-0.707106781186548,0.,0.707106781186548));
#12791=DIRECTION('',(0.,-1.,0.));
#12792=DIRECTION('center_axis',(-1.,0.,0.));
#12793=DIRECTION('ref_axis',(0.,1.,0.));
#12794=DIRECTION('',(0.,0.,-1.));
#12795=DIRECTION('',(0.,1.,0.));
#12796=DIRECTION('',(0.,0.,-1.));
#12797=DIRECTION('center_axis',(0.,-1.,0.));
#12798=DIRECTION('ref_axis',(-1.,0.,0.));
#12799=DIRECTION('',(0.,0.,-1.));
#12800=DIRECTION('',(-1.,0.,0.));
#12801=DIRECTION('center_axis',(1.,0.,0.));
#12802=DIRECTION('ref_axis',(0.,-1.,0.));
#12803=DIRECTION('',(0.,0.,-1.));
#12804=DIRECTION('',(0.,-1.,0.));
#12805=DIRECTION('center_axis',(-1.,0.,0.));
#12806=DIRECTION('ref_axis',(0.,-0.109116771891508,0.994028938256818));
#12807=DIRECTION('center_axis',(1.,0.,0.));
#12808=DIRECTION('ref_axis',(0.,-0.109116771891508,0.994028938256818));
#12809=DIRECTION('',(1.,0.,0.));
#12810=DIRECTION('center_axis',(-1.,0.,0.));
#12811=DIRECTION('ref_axis',(0.,-0.109116771891508,0.994028938256818));
#12812=DIRECTION('center_axis',(0.,-0.216930457818656,0.976187060183953));
#12813=DIRECTION('ref_axis',(1.,0.,0.));
#12814=DIRECTION('',(0.,-0.976187060183953,-0.216930457818656));
#12815=DIRECTION('',(-1.,0.,0.));
#12816=DIRECTION('',(0.,0.976187060183953,0.216930457818656));
#12817=DIRECTION('center_axis',(1.,0.,0.));
#12818=DIRECTION('ref_axis',(0.,-1.,0.));
#12819=DIRECTION('',(0.,0.,-1.));
#12820=DIRECTION('',(0.,-1.,0.));
#12821=DIRECTION('center_axis',(1.,0.,0.));
#12822=DIRECTION('ref_axis',(0.,-0.949632998691919,0.313364273323227));
#12823=DIRECTION('center_axis',(-1.,0.,0.));
#12824=DIRECTION('ref_axis',(0.,-0.949632998691919,0.313364273323227));
#12825=DIRECTION('center_axis',(-1.,0.,0.));
#12826=DIRECTION('ref_axis',(0.,-0.949632998691919,0.313364273323227));
#12827=DIRECTION('',(1.,0.,0.));
#12828=DIRECTION('center_axis',(0.,0.707106781186548,-0.707106781186548));
#12829=DIRECTION('ref_axis',(-1.,0.,0.));
#12830=DIRECTION('',(0.,-0.707106781186548,-0.707106781186548));
#12831=DIRECTION('',(-1.,0.,0.));
#12832=DIRECTION('',(-1.,0.,0.));
#12833=DIRECTION('',(0.,-0.707106781186548,-0.707106781186548));
#12834=DIRECTION('',(1.,0.,0.));
#12835=DIRECTION('center_axis',(0.,0.,-1.));
#12836=DIRECTION('ref_axis',(-1.,0.,0.));
#12837=DIRECTION('',(0.,-1.,0.));
#12838=DIRECTION('',(-1.,0.,0.));
#12839=DIRECTION('',(0.,1.,0.));
#12840=DIRECTION('center_axis',(-1.,0.,0.));
#12841=DIRECTION('ref_axis',(0.,1.,0.));
#12842=DIRECTION('',(0.,0.,-1.));
#12843=DIRECTION('',(0.,1.,0.));
#12844=DIRECTION('',(0.,0.,-1.));
#12845=DIRECTION('',(0.,1.,0.));
#12846=DIRECTION('center_axis',(0.70710678118655,0.,0.707106781186546));
#12847=DIRECTION('ref_axis',(0.707106781186545,0.,-0.707106781186549));
#12848=DIRECTION('',(0.577350269189624,0.577350269189627,-0.577350269189627));
#12849=DIRECTION('',(-0.577350269189622,-0.577350269189628,0.577350269189628));
#12850=DIRECTION('center_axis',(0.,0.707106781186548,0.707106781186548));
#12851=DIRECTION('ref_axis',(1.,0.,0.));
#12852=DIRECTION('',(-1.,0.,0.));
#12853=DIRECTION('center_axis',(0.,0.707106781186548,0.707106781186548));
#12854=DIRECTION('ref_axis',(1.,0.,0.));
#12855=DIRECTION('',(-1.,0.,0.));
#12856=DIRECTION('',(0.,-0.707106781186548,0.707106781186548));
#12857=DIRECTION('center_axis',(0.,-1.,0.));
#12858=DIRECTION('ref_axis',(-0.707106781186548,0.,0.707106781186548));
#12859=DIRECTION('center_axis',(0.,1.,0.));
#12860=DIRECTION('ref_axis',(-0.707106781186548,0.,0.707106781186548));
#12861=DIRECTION('center_axis',(0.,-1.,0.));
#12862=DIRECTION('ref_axis',(-0.707106781186547,0.,0.707106781186547));
#12863=DIRECTION('center_axis',(0.,-1.,0.));
#12864=DIRECTION('ref_axis',(-1.,0.,0.));
#12865=DIRECTION('',(-1.,0.,0.));
#12866=DIRECTION('center_axis',(0.,0.,-1.));
#12867=DIRECTION('ref_axis',(-1.,0.,0.));
#12868=DIRECTION('',(-1.,0.,0.));
#12869=DIRECTION('center_axis',(-1.,0.,0.));
#12870=DIRECTION('ref_axis',(0.,1.,0.));
#12871=DIRECTION('',(0.,1.,0.));
#12872=DIRECTION('',(0.,0.,-1.));
#12873=DIRECTION('center_axis',(0.,1.,0.));
#12874=DIRECTION('ref_axis',(1.,0.,0.));
#12875=DIRECTION('',(1.,0.,0.));
#12876=DIRECTION('center_axis',(0.,1.,0.));
#12877=DIRECTION('ref_axis',(1.,0.,0.));
#12878=DIRECTION('',(1.,0.,0.));
#12879=DIRECTION('center_axis',(0.,0.,-1.));
#12880=DIRECTION('ref_axis',(-1.,0.,0.));
#12881=DIRECTION('center_axis',(-1.,0.,1.62785313115536E-16));
#12882=DIRECTION('ref_axis',(0.,-0.923879532511287,-0.382683432365089));
#12883=DIRECTION('center_axis',(1.,0.,-4.82705662880503E-16));
#12884=DIRECTION('ref_axis',(0.,-0.923879532511287,-0.382683432365089));
#12885=DIRECTION('',(1.,0.,-1.62785313115536E-16));
#12886=DIRECTION('center_axis',(-1.,0.,0.));
#12887=DIRECTION('ref_axis',(0.,-0.923879532511287,-0.382683432365089));
#12888=DIRECTION('',(-1.,0.,1.62785313115536E-16));
#12889=DIRECTION('center_axis',(-1.15106598781571E-16,-0.707106781186548,
-0.707106781186547));
#12890=DIRECTION('ref_axis',(-1.,0.,1.62785313115536E-16));
#12891=DIRECTION('',(-3.41324447539951E-16,0.707106781186547,-0.707106781186548));
#12892=DIRECTION('',(-1.,0.,1.62785313115536E-16));
#12893=DIRECTION('',(0.,-0.707106781186547,0.707106781186548));
#12894=DIRECTION('center_axis',(-1.,0.,4.82705662880503E-16));
#12895=DIRECTION('ref_axis',(4.82705662880503E-16,0.,1.));
#12896=DIRECTION('center_axis',(1.,0.,-4.82705662880503E-16));
#12897=DIRECTION('ref_axis',(0.,-0.382683432365091,-0.923879532511286));
#12898=DIRECTION('',(0.,0.,-1.));
#12899=DIRECTION('',(0.,1.,0.));
#12900=DIRECTION('',(0.,0.,1.));
#12901=DIRECTION('',(0.,1.,0.));
#12902=DIRECTION('',(0.,0.,1.));
#12903=DIRECTION('',(0.,1.,0.));
#12904=DIRECTION('',(-4.82705662880503E-16,0.,-1.));
#12905=DIRECTION('',(0.,-1.,0.));
#12906=DIRECTION('center_axis',(1.,0.,-1.62785313115536E-16));
#12907=DIRECTION('ref_axis',(0.,-0.382683432365091,-0.923879532511286));
#12908=DIRECTION('center_axis',(-1.,0.,0.));
#12909=DIRECTION('ref_axis',(0.,-0.382683432365091,-0.923879532511286));
#12910=DIRECTION('center_axis',(0.,-1.,0.));
#12911=DIRECTION('ref_axis',(0.,0.,-1.));
#12912=DIRECTION('',(0.,0.,1.));
#12913=DIRECTION('',(0.832050294337844,0.,-0.554700196225229));
#12914=DIRECTION('center_axis',(0.,1.,0.));
#12915=DIRECTION('ref_axis',(-0.881674598767943,0.,-0.471857925532027));
#12916=DIRECTION('center_axis',(1.,0.,0.));
#12917=DIRECTION('ref_axis',(0.,0.,-1.));
#12918=DIRECTION('',(0.,0.,1.));
#12919=DIRECTION('',(0.,-1.,0.));
#12920=DIRECTION('center_axis',(1.,0.,0.));
#12921=DIRECTION('ref_axis',(0.,0.,-1.));
#12922=DIRECTION('',(0.,0.,-1.));
#12923=DIRECTION('center_axis',(1.,0.,0.));
#12924=DIRECTION('ref_axis',(0.,0.,-1.));
#12925=DIRECTION('',(0.,0.,-1.));
#12926=DIRECTION('center_axis',(1.,0.,0.));
#12927=DIRECTION('ref_axis',(0.,0.,-1.));
#12928=DIRECTION('',(0.,0.,1.));
#12929=DIRECTION('',(0.,0.,-1.));
#12930=DIRECTION('center_axis',(0.,1.,0.));
#12931=DIRECTION('ref_axis',(0.,0.,1.));
#12932=DIRECTION('center_axis',(0.,1.,0.));
#12933=DIRECTION('ref_axis',(0.,0.,1.));
#12934=DIRECTION('',(1.,0.,9.71445146547012E-16));
#12935=DIRECTION('',(1.,0.,9.71445146547012E-16));
#12936=DIRECTION('',(1.,0.,9.71445146547012E-16));
#12937=DIRECTION('',(1.,0.,9.71445146547012E-16));
#12938=DIRECTION('',(1.,0.,9.71445146547012E-16));
#12939=DIRECTION('',(1.,0.,9.71445146547012E-16));
#12940=DIRECTION('',(1.,0.,9.71445146547012E-16));
#12941=DIRECTION('',(1.,0.,9.71445146547012E-16));
#12942=DIRECTION('',(1.,0.,9.71445146547012E-16));
#12943=DIRECTION('',(0.,0.,-1.));
#12944=DIRECTION('',(1.,0.,1.29095700537809E-16));
#12945=DIRECTION('',(8.67361737988403E-17,0.,-1.));
#12946=DIRECTION('',(1.,0.,9.71445146547012E-16));
#12947=DIRECTION('',(0.,0.,1.));
#12948=DIRECTION('center_axis',(0.,1.,0.));
#12949=DIRECTION('ref_axis',(-1.,0.,0.));
#12950=DIRECTION('center_axis',(0.,-1.,0.));
#12951=DIRECTION('ref_axis',(-0.289784148688429,0.,-0.957092026489053));
#12952=DIRECTION('',(-0.832050294337844,0.,0.554700196225229));
#12953=DIRECTION('center_axis',(-1.29095700537809E-16,0.,1.));
#12954=DIRECTION('ref_axis',(1.,0.,1.29095700537809E-16));
#12955=DIRECTION('',(-1.,0.,-1.29095700537809E-16));
#12956=DIRECTION('',(0.,1.,0.));
#12957=DIRECTION('center_axis',(1.,0.,0.));
#12958=DIRECTION('ref_axis',(0.,0.,-1.));
#12959=DIRECTION('',(0.,0.,1.));
#12960=DIRECTION('center_axis',(-9.71445146547012E-16,0.,1.));
#12961=DIRECTION('ref_axis',(1.,0.,9.71445146547012E-16));
#12962=DIRECTION('',(1.,0.,9.71445146547012E-16));
#12963=DIRECTION('center_axis',(-9.71445146547012E-16,0.,1.));
#12964=DIRECTION('ref_axis',(1.,0.,9.71445146547012E-16));
#12965=DIRECTION('',(1.,0.,9.71445146547012E-16));
#12966=DIRECTION('center_axis',(-9.71445146547012E-16,0.,1.));
#12967=DIRECTION('ref_axis',(1.,0.,9.71445146547012E-16));
#12968=DIRECTION('',(1.,0.,9.71445146547012E-16));
#12969=DIRECTION('center_axis',(-9.71445146547012E-16,0.,1.));
#12970=DIRECTION('ref_axis',(1.,0.,9.71445146547012E-16));
#12971=DIRECTION('',(1.,0.,9.71445146547012E-16));
#12972=DIRECTION('center_axis',(-9.71445146547012E-16,0.,1.));
#12973=DIRECTION('ref_axis',(1.,0.,9.71445146547012E-16));
#12974=DIRECTION('',(1.,0.,9.71445146547012E-16));
#12975=DIRECTION('center_axis',(-9.71445146547012E-16,0.,1.));
#12976=DIRECTION('ref_axis',(1.,0.,9.71445146547012E-16));
#12977=DIRECTION('',(1.,0.,9.71445146547012E-16));
#12978=DIRECTION('center_axis',(1.,0.,8.67361737988403E-17));
#12979=DIRECTION('ref_axis',(8.67361737988403E-17,0.,-1.));
#12980=DIRECTION('',(8.67361737988403E-17,0.,-1.));
#12981=DIRECTION('',(3.87895961444886E-17,0.894427190999916,-0.447213595499958));
#12982=DIRECTION('',(0.,1.,0.));
#12983=DIRECTION('center_axis',(-9.71445146547012E-16,0.,1.));
#12984=DIRECTION('ref_axis',(1.,0.,9.71445146547012E-16));
#12985=DIRECTION('',(1.,0.,9.71445146547012E-16));
#12986=DIRECTION('center_axis',(-8.68886953636545E-16,0.447213595499958,
0.894427190999916));
#12987=DIRECTION('ref_axis',(1.,0.,9.71445146547012E-16));
#12988=DIRECTION('',(1.,0.,9.71445146547012E-16));
#12989=DIRECTION('center_axis',(-9.71445146547012E-16,0.,1.));
#12990=DIRECTION('ref_axis',(1.,0.,9.71445146547012E-16));
#12991=DIRECTION('center_axis',(0.,1.,0.));
#12992=DIRECTION('ref_axis',(0.,0.,1.));
#12993=DIRECTION('center_axis',(-8.68886953636545E-16,0.447213595499958,
0.894427190999916));
#12994=DIRECTION('ref_axis',(1.,0.,9.71445146547012E-16));
#12995=DIRECTION('',(1.,0.,9.71445146547012E-16));
#12996=DIRECTION('center_axis',(-9.71445146547012E-16,0.,1.));
#12997=DIRECTION('ref_axis',(1.,0.,9.71445146547012E-16));
#12998=DIRECTION('center_axis',(-8.68886953636545E-16,0.447213595499958,
0.894427190999916));
#12999=DIRECTION('ref_axis',(1.,0.,9.71445146547012E-16));
#13000=DIRECTION('center_axis',(-8.68886953636545E-16,0.447213595499958,
0.894427190999916));
#13001=DIRECTION('ref_axis',(1.,0.,9.71445146547012E-16));
#13002=DIRECTION('center_axis',(-8.68886953636545E-16,0.447213595499958,
0.894427190999916));
#13003=DIRECTION('ref_axis',(1.,0.,9.71445146547012E-16));
#13004=DIRECTION('center_axis',(-8.68886953636545E-16,0.447213595499958,
0.894427190999916));
#13005=DIRECTION('ref_axis',(1.,0.,9.71445146547012E-16));
#13006=DIRECTION('center_axis',(-8.68886953636545E-16,0.447213595499958,
0.894427190999916));
#13007=DIRECTION('ref_axis',(1.,0.,9.71445146547012E-16));
#13008=DIRECTION('center_axis',(-8.68886953636545E-16,0.447213595499958,
0.894427190999916));
#13009=DIRECTION('ref_axis',(1.,0.,9.71445146547012E-16));
#13010=DIRECTION('center_axis',(-8.68886953636545E-16,0.447213595499958,
0.894427190999916));
#13011=DIRECTION('ref_axis',(1.,0.,9.71445146547012E-16));
#13012=DIRECTION('center_axis',(-8.68886953636545E-16,0.447213595499958,
0.894427190999916));
#13013=DIRECTION('ref_axis',(1.,0.,9.71445146547012E-16));
#13014=DIRECTION('',(-1.,0.,-9.71445146547012E-16));
#13015=DIRECTION('',(0.,-0.894427190999916,0.447213595499958));
#13016=DIRECTION('',(1.,0.,9.71445146547012E-16));
#13017=DIRECTION('center_axis',(0.,1.,0.));
#13018=DIRECTION('ref_axis',(0.,0.,1.));
#13019=DIRECTION('',(0.,0.,1.));
#13020=DIRECTION('center_axis',(-9.71445146547012E-16,0.,1.));
#13021=DIRECTION('ref_axis',(1.,0.,9.71445146547012E-16));
#13022=DIRECTION('',(0.,1.,0.));
#13023=DIRECTION('center_axis',(-1.,0.,0.));
#13024=DIRECTION('ref_axis',(0.,0.,1.));
#13025=DIRECTION('center_axis',(0.,1.,0.));
#13026=DIRECTION('ref_axis',(0.,0.,-1.));
#13027=DIRECTION('center_axis',(0.988861455722388,1.09785675630734E-14,
0.148838910862045));
#13028=DIRECTION('ref_axis',(-0.148838910862045,1.28407959999751E-16,0.988861455722388));
#13029=DIRECTION('center_axis',(-0.740221492232044,0.,0.672363103120453));
#13030=DIRECTION('ref_axis',(0.672363103120453,1.28407959999751E-16,0.740221492232044));
#13031=DIRECTION('center_axis',(0.,1.,0.));
#13032=DIRECTION('ref_axis',(-0.289784148688426,0.,-0.957092026489054));
#13033=DIRECTION('',(0.,-1.,0.));
#13034=DIRECTION('center_axis',(-1.,0.,0.));
#13035=DIRECTION('ref_axis',(0.,-0.707106781186547,0.707106781186548));
#13036=DIRECTION('',(1.,0.,0.));
#13037=DIRECTION('center_axis',(-0.832050294337845,0.,0.554700196225227));
#13038=DIRECTION('ref_axis',(0.392232270276369,-0.707106781186545,0.588348405414554));
#13039=DIRECTION('',(-0.832050294337845,0.,0.554700196225227));
#13040=DIRECTION('center_axis',(0.030953808034404,0.,0.999520816075468));
#13041=DIRECTION('ref_axis',(0.999520816075468,-1.83422467396038E-16,-0.030953808034404));
#13042=DIRECTION('',(0.832050294337845,0.,-0.554700196225227));
#13043=DIRECTION('center_axis',(0.,1.,0.));
#13044=DIRECTION('ref_axis',(-0.554700196225221,0.,-0.832050294337849));
#13045=DIRECTION('center_axis',(0.848821672603,0.,-0.528679267722355));
#13046=DIRECTION('ref_axis',(0.528679267722355,-1.83422467396039E-16,0.848821672603));
#13047=DIRECTION('center_axis',(0.,1.,0.));
#13048=DIRECTION('ref_axis',(-0.881674598767945,0.,-0.471857925532022));
#13049=DIRECTION('',(0.,-1.,0.));
#13050=DIRECTION('',(0.,1.,0.));
#13051=DIRECTION('center_axis',(0.554700196225227,0.,0.832050294337845));
#13052=DIRECTION('ref_axis',(0.832050294337845,0.,-0.554700196225227));
#13053=DIRECTION('center_axis',(0.,0.,1.));
#13054=DIRECTION('ref_axis',(0.707106781186556,-0.707106781186539,0.));
#13055=DIRECTION('',(0.,0.,1.));
#13056=DIRECTION('center_axis',(0.948683298050514,0.,0.316227766016838));
#13057=DIRECTION('ref_axis',(0.316227766016838,0.,-0.948683298050514));
#13058=DIRECTION('',(0.,0.,-1.));
#13059=DIRECTION('center_axis',(8.67361737988403E-17,1.,-8.67361737988403E-17));
#13060=DIRECTION('ref_axis',(-1.,8.67361737988403E-17,0.));
#13061=DIRECTION('center_axis',(-0.316227766016838,0.,-0.948683298050514));
#13062=DIRECTION('ref_axis',(0.948683298050514,0.,-0.316227766016838));
#13063=DIRECTION('center_axis',(0.,1.,0.));
#13064=DIRECTION('ref_axis',(-0.707106781186548,0.,0.707106781186548));
#13065=DIRECTION('',(0.,1.,0.));
#13066=DIRECTION('center_axis',(1.,0.,0.));
#13067=DIRECTION('ref_axis',(0.,0.,-1.));
#13068=DIRECTION('center_axis',(1.,0.,0.));
#13069=DIRECTION('ref_axis',(0.,-0.707106781186547,-0.707106781186548));
#13070=DIRECTION('',(-1.,0.,0.));
#13071=DIRECTION('center_axis',(0.,1.,0.));
#13072=DIRECTION('ref_axis',(0.,0.,1.));
#13073=DIRECTION('center_axis',(0.832050294337847,2.69430406705834E-15,
-0.554700196225224));
#13074=DIRECTION('ref_axis',(0.,-1.,-4.85722573273506E-15));
#13075=DIRECTION('center_axis',(0.,-1.,0.));
#13076=DIRECTION('ref_axis',(-0.289784148688432,0.,-0.957092026489052));
#13077=DIRECTION('center_axis',(-1.,0.,0.));
#13078=DIRECTION('ref_axis',(0.,0.,-1.));
#13079=DIRECTION('center_axis',(0.,1.,0.));
#13080=DIRECTION('ref_axis',(-0.289784148688432,0.,-0.957092026489052));
#13081=DIRECTION('center_axis',(0.,1.,0.));
#13082=DIRECTION('ref_axis',(-0.289784148688429,0.,-0.957092026489053));
#13083=DIRECTION('',(0.,1.,0.));
#13084=DIRECTION('center_axis',(0.832050294337844,0.,-0.554700196225229));
#13085=DIRECTION('ref_axis',(-0.392232270276358,-0.707106781186553,-0.588348405414553));
#13086=DIRECTION('',(-0.832050294337844,0.,0.554700196225229));
#13087=DIRECTION('center_axis',(-0.832050294337853,0.,0.554700196225215));
#13088=DIRECTION('ref_axis',(-0.554700196225215,0.,-0.832050294337853));
#13089=DIRECTION('',(0.832050294337844,0.,-0.554700196225229));
#13090=DIRECTION('center_axis',(0.,1.,0.));
#13091=DIRECTION('ref_axis',(1.,0.,0.));
#13092=DIRECTION('',(1.,0.,0.));
#13093=DIRECTION('center_axis',(0.,1.,0.));
#13094=DIRECTION('ref_axis',(-0.70710678118655,0.,0.707106781186545));
#13095=DIRECTION('',(4.82705662880503E-16,0.,1.));
#13096=DIRECTION('center_axis',(0.,1.,0.));
#13097=DIRECTION('ref_axis',(-0.881674598767942,0.,-0.471857925532028));
#13098=DIRECTION('',(-1.,0.,1.62785313115536E-16));
#13099=DIRECTION('center_axis',(1.,0.,-1.62785313115536E-16));
#13100=DIRECTION('ref_axis',(0.,-0.707106781186547,-0.707106781186548));
#13101=DIRECTION('center_axis',(0.,1.,0.));
#13102=DIRECTION('ref_axis',(0.,0.,1.));
#13103=DIRECTION('center_axis',(0.,0.,-1.));
#13104=DIRECTION('ref_axis',(0.,-1.,0.));
#13105=DIRECTION('center_axis',(0.,-1.,0.));
#13106=DIRECTION('ref_axis',(-0.881674598767942,0.,-0.471857925532027));
#13107=DIRECTION('center_axis',(0.,1.,0.));
#13108=DIRECTION('ref_axis',(-0.881674598767943,0.,-0.471857925532027));
#13109=DIRECTION('center_axis',(0.,1.,0.));
#13110=DIRECTION('ref_axis',(-0.881674598767943,0.,-0.471857925532027));
#13111=DIRECTION('',(0.,-1.,0.));
#13112=DIRECTION('center_axis',(-0.554700196225229,0.,-0.832050294337844));
#13113=DIRECTION('ref_axis',(-0.832050294337844,0.,0.554700196225229));
#13114=DIRECTION('',(0.832050294337844,0.,-0.554700196225229));
#13115=DIRECTION('',(0.,1.,0.));
#13116=DIRECTION('',(-0.832050294337844,0.,0.554700196225229));
#13117=DIRECTION('',(0.,-1.,0.));
#13118=DIRECTION('center_axis',(0.,1.,0.));
#13119=DIRECTION('ref_axis',(-0.881674598767943,0.,-0.471857925532027));
#13120=DIRECTION('center_axis',(0.,-1.,0.));
#13121=DIRECTION('ref_axis',(-0.881674598767943,0.,-0.471857925532027));
#13122=DIRECTION('center_axis',(0.,1.,0.));
#13123=DIRECTION('ref_axis',(0.,0.,1.));
#13124=DIRECTION('center_axis',(-1.,0.,0.));
#13125=DIRECTION('ref_axis',(0.,-1.,0.));
#13126=DIRECTION('center_axis',(0.,-1.,0.));
#13127=DIRECTION('ref_axis',(-0.70710678118655,0.,0.707106781186545));
#13128=DIRECTION('center_axis',(0.,0.,1.));
#13129=DIRECTION('ref_axis',(-1.,0.,0.));
#13130=DIRECTION('center_axis',(0.,1.,0.));
#13131=DIRECTION('ref_axis',(-0.707106781186548,0.,0.707106781186548));
#13132=DIRECTION('center_axis',(-1.,0.,0.));
#13133=DIRECTION('ref_axis',(0.,-0.707106781186547,0.707106781186548));
#13134=DIRECTION('center_axis',(-4.82705662880503E-16,0.,-1.));
#13135=DIRECTION('ref_axis',(-0.70710678118654,-0.707106781186555,0.));
#13136=DIRECTION('center_axis',(9.25185853854293E-16,0.,-1.));
#13137=DIRECTION('ref_axis',(-1.,0.,-9.25185853854293E-16));
#13138=DIRECTION('',(-1.,0.,-9.25185853854293E-16));
#13139=DIRECTION('',(-1.,0.,-9.25185853854293E-16));
#13140=DIRECTION('',(0.,1.,0.));
#13141=DIRECTION('center_axis',(1.,0.,0.));
#13142=DIRECTION('ref_axis',(0.,0.,-1.));
#13143=DIRECTION('',(0.,0.,-1.));
#13144=DIRECTION('',(0.,0.,-1.));
#13145=DIRECTION('center_axis',(0.,1.,0.));
#13146=DIRECTION('ref_axis',(0.,0.,1.));
#13147=DIRECTION('center_axis',(0.,1.,0.));
#13148=DIRECTION('ref_axis',(1.,0.,0.));
#13149=CARTESIAN_POINT('',(0.,0.,0.));
#13150=CARTESIAN_POINT('Origin',(-4.1394448724536,7.3,6.73840829686861E-16));
#13151=CARTESIAN_POINT('',(0.0274999999999996,7.29999983683228,-4.47659611067719E-18));
#13152=CARTESIAN_POINT('',(0.0274999999999992,7.3,0.01));
#13153=CARTESIAN_POINT('',(0.0274999999999996,7.29999983683228,-4.47659611067719E-18));
#13154=CARTESIAN_POINT('',(4.1394448724536,7.3,0.00999999999999933));
#13155=CARTESIAN_POINT('',(4.1394448724536,7.3,0.00999999999999933));
#13156=CARTESIAN_POINT('',(4.1394448724536,7.3,6.73840829686861E-16));
#13157=CARTESIAN_POINT('',(4.1394448724536,7.3,-6.73840829686861E-16));
#13158=CARTESIAN_POINT('',(-2.0697224362268,7.3,3.36920414843431E-16));
#13159=CARTESIAN_POINT('Origin',(4.1394448724536,7.3,-6.73840829686861E-16));
#13160=CARTESIAN_POINT('',(4.1394448724536,7.55,-6.73840829686861E-16));
#13161=CARTESIAN_POINT('',(4.1394448724536,3.65,-6.73840829686861E-16));
#13162=CARTESIAN_POINT('',(4.1394448724536,7.55,0.00999999999999933));
#13163=CARTESIAN_POINT('',(4.1394448724536,8.3,0.00999999999999933));
#13164=CARTESIAN_POINT('',(4.1394448724536,7.55,0.75));
#13165=CARTESIAN_POINT('Origin',(-4.1394448724536,7.3,6.73840829686861E-16));
#13166=CARTESIAN_POINT('',(-0.0274999999999996,7.29999983683228,4.47659611067719E-18));
#13167=CARTESIAN_POINT('',(-0.0274999999999997,7.3,0.01));
#13168=CARTESIAN_POINT('',(-0.0274999999999996,7.29999983683228,4.47659611067719E-18));
#13169=CARTESIAN_POINT('',(-4.1394448724536,7.3,6.73840829686861E-16));
#13170=CARTESIAN_POINT('',(-2.0697224362268,7.3,3.36920414843431E-16));
#13171=CARTESIAN_POINT('',(-4.1394448724536,7.3,0.0100000000000007));
#13172=CARTESIAN_POINT('',(-4.1394448724536,7.3,6.73840829686861E-16));
#13173=CARTESIAN_POINT('',(4.1394448724536,7.3,0.00999999999999933));
#13174=CARTESIAN_POINT('Origin',(-4.1394448724536,7.55,6.73840829686861E-16));
#13175=CARTESIAN_POINT('',(-4.1394448724536,7.55,6.73840829686861E-16));
#13176=CARTESIAN_POINT('',(-4.1394448724536,3.775,6.73840829686861E-16));
#13177=CARTESIAN_POINT('',(-4.1394448724536,7.55,0.0100000000000007));
#13178=CARTESIAN_POINT('',(-4.1394448724536,7.55,0.75));
#13179=CARTESIAN_POINT('',(-4.1394448724536,7.3,0.0100000000000007));
#13180=CARTESIAN_POINT('Origin',(0.,7.7,0.00999999999999937));
#13181=CARTESIAN_POINT('',(3.85,7.55,0.00999999999999937));
#13182=CARTESIAN_POINT('',(-1.35,7.55,0.00999999999999945));
#13183=CARTESIAN_POINT('',(0.0137499999999999,7.3,0.00999999999999937));
#13184=CARTESIAN_POINT('',(-3.85,7.55,0.0100000000000006));
#13185=CARTESIAN_POINT('',(-1.35,7.55,0.00999999999999945));
#13186=CARTESIAN_POINT('',(-3.85,8.1,0.0100000000000006));
#13187=CARTESIAN_POINT('',(-3.85,7.5,0.00999999999999937));
#13188=CARTESIAN_POINT('',(-3.6,8.1,0.0100000000000006));
#13189=CARTESIAN_POINT('',(-1.8625,8.1,0.00999999999999937));
#13190=CARTESIAN_POINT('',(-3.6,7.55,0.0100000000000006));
#13191=CARTESIAN_POINT('',(-3.6,7.5,0.00999999999999938));
#13192=CARTESIAN_POINT('',(-3.46111111111111,7.55,0.0100000000000006));
#13193=CARTESIAN_POINT('',(-1.35,7.55,0.00999999999999945));
#13194=CARTESIAN_POINT('',(-3.46111111111111,8.1,0.0100000000000006));
#13195=CARTESIAN_POINT('',(-3.46111111111111,7.5,0.00999999999999937));
#13196=CARTESIAN_POINT('',(-3.21111111111111,8.1,0.0100000000000005));
#13197=CARTESIAN_POINT('',(-1.66805555555556,8.1,0.00999999999999937));
#13198=CARTESIAN_POINT('',(-3.21111111111111,7.55,0.0100000000000005));
#13199=CARTESIAN_POINT('',(-3.21111111111111,7.5,0.00999999999999938));
#13200=CARTESIAN_POINT('',(-3.07222222222222,7.55,0.0100000000000005));
#13201=CARTESIAN_POINT('',(-1.35,7.55,0.00999999999999945));
#13202=CARTESIAN_POINT('',(-3.07222222222222,8.1,0.0100000000000005));
#13203=CARTESIAN_POINT('',(-3.07222222222222,7.5,0.00999999999999937));
#13204=CARTESIAN_POINT('',(-2.82222222222222,8.1,0.0100000000000005));
#13205=CARTESIAN_POINT('',(-1.47361111111111,8.1,0.00999999999999937));
#13206=CARTESIAN_POINT('',(-2.82222222222222,7.55,0.0100000000000005));
#13207=CARTESIAN_POINT('',(-2.82222222222222,7.5,0.00999999999999938));
#13208=CARTESIAN_POINT('',(-2.68333333333333,7.55,0.0100000000000004));
#13209=CARTESIAN_POINT('',(-1.35,7.55,0.00999999999999945));
#13210=CARTESIAN_POINT('',(-2.68333333333333,8.1,0.0100000000000004));
#13211=CARTESIAN_POINT('',(-2.68333333333333,7.5,0.00999999999999937));
#13212=CARTESIAN_POINT('',(-2.43333333333333,8.1,0.0100000000000004));
#13213=CARTESIAN_POINT('',(-1.27916666666667,8.1,0.00999999999999937));
#13214=CARTESIAN_POINT('',(-2.43333333333333,7.55,0.0100000000000004));
#13215=CARTESIAN_POINT('',(-2.43333333333333,7.5,0.00999999999999938));
#13216=CARTESIAN_POINT('',(-2.29444444444444,7.55,0.0100000000000004));
#13217=CARTESIAN_POINT('',(-1.35,7.55,0.00999999999999945));
#13218=CARTESIAN_POINT('',(-2.29444444444444,8.1,0.0100000000000004));
#13219=CARTESIAN_POINT('',(-2.29444444444444,7.5,0.00999999999999937));
#13220=CARTESIAN_POINT('',(-2.04444444444444,8.1,0.0100000000000003));
#13221=CARTESIAN_POINT('',(-1.08472222222222,8.1,0.00999999999999937));
#13222=CARTESIAN_POINT('',(-2.04444444444444,7.55,0.0100000000000003));
#13223=CARTESIAN_POINT('',(-2.04444444444444,7.5,0.00999999999999938));
#13224=CARTESIAN_POINT('',(-1.90555555555556,7.55,0.0100000000000003));
#13225=CARTESIAN_POINT('',(-1.35,7.55,0.00999999999999945));
#13226=CARTESIAN_POINT('',(-1.90555555555556,8.1,0.0100000000000003));
#13227=CARTESIAN_POINT('',(-1.90555555555556,7.5,0.00999999999999937));
#13228=CARTESIAN_POINT('',(-1.65555555555556,8.1,0.0100000000000003));
#13229=CARTESIAN_POINT('',(-0.890277777777778,8.1,0.00999999999999937));
#13230=CARTESIAN_POINT('',(-1.65555555555556,7.55,0.0100000000000003));
#13231=CARTESIAN_POINT('',(-1.65555555555556,7.5,0.00999999999999938));
#13232=CARTESIAN_POINT('',(-1.51666666666667,7.55,0.0100000000000002));
#13233=CARTESIAN_POINT('',(-1.35,7.55,0.00999999999999945));
#13234=CARTESIAN_POINT('',(-1.51666666666667,8.1,0.0100000000000002));
#13235=CARTESIAN_POINT('',(-1.51666666666667,7.5,0.00999999999999937));
#13236=CARTESIAN_POINT('',(-1.26666666666667,8.1,0.0100000000000002));
#13237=CARTESIAN_POINT('',(-0.695833333333333,8.1,0.00999999999999937));
#13238=CARTESIAN_POINT('',(-1.26666666666667,7.55,0.0100000000000002));
#13239=CARTESIAN_POINT('',(-1.26666666666667,7.5,0.00999999999999938));
#13240=CARTESIAN_POINT('',(-1.12777777777778,7.55,0.0100000000000002));
#13241=CARTESIAN_POINT('',(-1.35,7.55,0.00999999999999945));
#13242=CARTESIAN_POINT('',(-1.12777777777778,8.1,0.0100000000000002));
#13243=CARTESIAN_POINT('',(-1.12777777777778,7.5,0.00999999999999937));
#13244=CARTESIAN_POINT('',(-0.877777777777778,8.1,0.0100000000000001));
#13245=CARTESIAN_POINT('',(-0.501388888888889,8.1,0.00999999999999937));
#13246=CARTESIAN_POINT('',(-0.877777777777778,7.55,0.0100000000000001));
#13247=CARTESIAN_POINT('',(-0.877777777777778,7.5,0.00999999999999938));
#13248=CARTESIAN_POINT('',(-0.738888888888889,7.55,0.0100000000000001));
#13249=CARTESIAN_POINT('',(-1.35,7.55,0.00999999999999945));
#13250=CARTESIAN_POINT('',(-0.738888888888889,8.1,0.0100000000000001));
#13251=CARTESIAN_POINT('',(-0.738888888888889,7.5,0.00999999999999937));
#13252=CARTESIAN_POINT('',(-0.488888888888889,8.1,0.0100000000000001));
#13253=CARTESIAN_POINT('',(-0.306944444444445,8.1,0.00999999999999937));
#13254=CARTESIAN_POINT('',(-0.488888888888889,7.55,0.0100000000000001));
#13255=CARTESIAN_POINT('',(-0.488888888888889,7.5,0.00999999999999938));
#13256=CARTESIAN_POINT('',(-0.35,7.55,0.0100000000000001));
#13257=CARTESIAN_POINT('',(-1.35,7.55,0.00999999999999945));
#13258=CARTESIAN_POINT('',(-0.35,8.1,0.0100000000000001));
#13259=CARTESIAN_POINT('',(-0.35,7.5,0.00999999999999937));
#13260=CARTESIAN_POINT('',(-0.1,8.1,0.01));
#13261=CARTESIAN_POINT('',(-0.1125,8.1,0.00999999999999937));
#13262=CARTESIAN_POINT('',(-0.1,7.55,0.01));
#13263=CARTESIAN_POINT('',(-0.1,7.5,0.00999999999999938));
#13264=CARTESIAN_POINT('',(0.1,7.55,0.00999999999999998));
#13265=CARTESIAN_POINT('',(-1.35,7.55,0.00999999999999945));
#13266=CARTESIAN_POINT('',(0.1,8.1,0.00999999999999998));
#13267=CARTESIAN_POINT('',(0.1,7.5,0.00999999999999938));
#13268=CARTESIAN_POINT('',(0.35,8.1,0.00999999999999994));
#13269=CARTESIAN_POINT('',(0.1125,8.1,0.00999999999999937));
#13270=CARTESIAN_POINT('',(0.35,7.55,0.00999999999999994));
#13271=CARTESIAN_POINT('',(0.35,7.5,0.00999999999999937));
#13272=CARTESIAN_POINT('',(0.488888888888889,7.55,0.00999999999999992));
#13273=CARTESIAN_POINT('',(-1.35,7.55,0.00999999999999945));
#13274=CARTESIAN_POINT('',(0.488888888888889,8.1,0.00999999999999992));
#13275=CARTESIAN_POINT('',(0.488888888888889,7.5,0.00999999999999938));
#13276=CARTESIAN_POINT('',(0.738888888888889,8.1,0.00999999999999988));
#13277=CARTESIAN_POINT('',(0.306944444444445,8.1,0.00999999999999937));
#13278=CARTESIAN_POINT('',(0.738888888888889,7.55,0.00999999999999988));
#13279=CARTESIAN_POINT('',(0.738888888888889,7.5,0.00999999999999937));
#13280=CARTESIAN_POINT('',(0.877777777777778,7.55,0.00999999999999986));
#13281=CARTESIAN_POINT('',(-1.35,7.55,0.00999999999999945));
#13282=CARTESIAN_POINT('',(0.877777777777778,8.1,0.00999999999999986));
#13283=CARTESIAN_POINT('',(0.877777777777778,7.5,0.00999999999999938));
#13284=CARTESIAN_POINT('',(1.12777777777778,8.1,0.00999999999999982));
#13285=CARTESIAN_POINT('',(0.501388888888889,8.1,0.00999999999999937));
#13286=CARTESIAN_POINT('',(1.12777777777778,7.55,0.00999999999999982));
#13287=CARTESIAN_POINT('',(1.12777777777778,7.5,0.00999999999999937));
#13288=CARTESIAN_POINT('',(1.26666666666667,7.55,0.00999999999999979));
#13289=CARTESIAN_POINT('',(-1.35,7.55,0.00999999999999945));
#13290=CARTESIAN_POINT('',(1.26666666666667,8.1,0.00999999999999979));
#13291=CARTESIAN_POINT('',(1.26666666666667,7.5,0.00999999999999938));
#13292=CARTESIAN_POINT('',(1.51666666666667,8.1,0.00999999999999975));
#13293=CARTESIAN_POINT('',(0.695833333333333,8.1,0.00999999999999937));
#13294=CARTESIAN_POINT('',(1.51666666666667,7.55,0.00999999999999975));
#13295=CARTESIAN_POINT('',(1.51666666666667,7.5,0.00999999999999937));
#13296=CARTESIAN_POINT('',(1.65555555555556,7.55,0.00999999999999973));
#13297=CARTESIAN_POINT('',(-1.35,7.55,0.00999999999999945));
#13298=CARTESIAN_POINT('',(1.65555555555556,8.1,0.00999999999999973));
#13299=CARTESIAN_POINT('',(1.65555555555556,7.5,0.00999999999999938));
#13300=CARTESIAN_POINT('',(1.90555555555556,8.1,0.00999999999999969));
#13301=CARTESIAN_POINT('',(0.890277777777778,8.1,0.00999999999999937));
#13302=CARTESIAN_POINT('',(1.90555555555556,7.55,0.00999999999999969));
#13303=CARTESIAN_POINT('',(1.90555555555556,7.5,0.00999999999999937));
#13304=CARTESIAN_POINT('',(2.04444444444444,7.55,0.00999999999999967));
#13305=CARTESIAN_POINT('',(-1.35,7.55,0.00999999999999945));
#13306=CARTESIAN_POINT('',(2.04444444444444,8.1,0.00999999999999967));
#13307=CARTESIAN_POINT('',(2.04444444444444,7.5,0.00999999999999938));
#13308=CARTESIAN_POINT('',(2.29444444444444,8.1,0.00999999999999963));
#13309=CARTESIAN_POINT('',(1.08472222222222,8.1,0.00999999999999937));
#13310=CARTESIAN_POINT('',(2.29444444444444,7.55,0.00999999999999963));
#13311=CARTESIAN_POINT('',(2.29444444444444,7.5,0.00999999999999937));
#13312=CARTESIAN_POINT('',(2.43333333333333,7.55,0.0099999999999996));
#13313=CARTESIAN_POINT('',(-1.35,7.55,0.00999999999999945));
#13314=CARTESIAN_POINT('',(2.43333333333333,8.1,0.0099999999999996));
#13315=CARTESIAN_POINT('',(2.43333333333333,7.5,0.00999999999999938));
#13316=CARTESIAN_POINT('',(2.68333333333333,8.1,0.00999999999999956));
#13317=CARTESIAN_POINT('',(1.27916666666667,8.1,0.00999999999999937));
#13318=CARTESIAN_POINT('',(2.68333333333333,7.55,0.00999999999999956));
#13319=CARTESIAN_POINT('',(2.68333333333333,7.5,0.00999999999999937));
#13320=CARTESIAN_POINT('',(2.82222222222222,7.55,0.00999999999999954));
#13321=CARTESIAN_POINT('',(-1.35,7.55,0.00999999999999945));
#13322=CARTESIAN_POINT('',(2.82222222222222,8.1,0.00999999999999954));
#13323=CARTESIAN_POINT('',(2.82222222222222,7.5,0.00999999999999938));
#13324=CARTESIAN_POINT('',(3.07222222222222,8.1,0.0099999999999995));
#13325=CARTESIAN_POINT('',(1.47361111111111,8.1,0.00999999999999937));
#13326=CARTESIAN_POINT('',(3.07222222222222,7.55,0.0099999999999995));
#13327=CARTESIAN_POINT('',(3.07222222222222,7.5,0.00999999999999937));
#13328=CARTESIAN_POINT('',(3.21111111111111,7.55,0.00999999999999948));
#13329=CARTESIAN_POINT('',(-1.35,7.55,0.00999999999999945));
#13330=CARTESIAN_POINT('',(3.21111111111111,8.1,0.00999999999999948));
#13331=CARTESIAN_POINT('',(3.21111111111111,7.5,0.00999999999999938));
#13332=CARTESIAN_POINT('',(3.46111111111111,8.1,0.00999999999999944));
#13333=CARTESIAN_POINT('',(1.66805555555556,8.1,0.00999999999999937));
#13334=CARTESIAN_POINT('',(3.46111111111111,7.55,0.00999999999999944));
#13335=CARTESIAN_POINT('',(3.46111111111111,7.5,0.00999999999999937));
#13336=CARTESIAN_POINT('',(3.6,7.55,0.00999999999999942));
#13337=CARTESIAN_POINT('',(-1.35,7.55,0.00999999999999945));
#13338=CARTESIAN_POINT('',(3.6,8.1,0.00999999999999942));
#13339=CARTESIAN_POINT('',(3.6,7.5,0.00999999999999938));
#13340=CARTESIAN_POINT('',(3.85,8.1,0.00999999999999937));
#13341=CARTESIAN_POINT('',(1.8625,8.1,0.00999999999999937));
#13342=CARTESIAN_POINT('',(3.85,7.5,0.00999999999999937));
#13343=CARTESIAN_POINT('Origin',(-0.488888888888889,7.3,0.2));
#13344=CARTESIAN_POINT('',(-0.488888888888889,8.1,0.1));
#13345=CARTESIAN_POINT('',(-0.488888888888889,8.1,0.2));
#13346=CARTESIAN_POINT('',(-0.488888888888889,7.9,0.2));
#13347=CARTESIAN_POINT('',(-0.488888888888889,7.71,0.295));
#13348=CARTESIAN_POINT('',(-0.488888888888889,7.55,0.2));
#13349=CARTESIAN_POINT('',(-0.488888888888889,7.3,0.2));
#13350=CARTESIAN_POINT('',(-0.488888888888889,7.55,0.85));
#13351=CARTESIAN_POINT('Origin',(-0.613888888888889,8.1,0.1));
#13352=CARTESIAN_POINT('',(-0.738888888888889,8.1,0.0999999999999998));
#13353=CARTESIAN_POINT('',(-0.738888888888889,8.1,6.66966864964105E-17));
#13354=CARTESIAN_POINT('',(-0.676388888888889,8.1,0.0999999999999999));
#13355=CARTESIAN_POINT('Origin',(-0.738888888888889,7.3,6.66966864964105E-17));
#13356=CARTESIAN_POINT('',(-0.738888888888889,7.55,0.2));
#13357=CARTESIAN_POINT('',(-0.738888888888889,7.55,0.75));
#13358=CARTESIAN_POINT('',(-0.738888888888889,7.9,0.2));
#13359=CARTESIAN_POINT('',(-0.738888888888889,7.3,0.2));
#13360=CARTESIAN_POINT('',(-0.738888888888889,7.75,0.275));
#13361=CARTESIAN_POINT('Origin',(-0.877777777777778,7.3,0.2));
#13362=CARTESIAN_POINT('',(-0.877777777777778,8.1,0.1));
#13363=CARTESIAN_POINT('',(-0.877777777777778,8.1,0.2));
#13364=CARTESIAN_POINT('',(-0.877777777777778,7.9,0.2));
#13365=CARTESIAN_POINT('',(-0.877777777777778,7.71,0.295));
#13366=CARTESIAN_POINT('',(-0.877777777777778,7.55,0.2));
#13367=CARTESIAN_POINT('',(-0.877777777777778,7.3,0.2));
#13368=CARTESIAN_POINT('',(-0.877777777777778,7.55,0.85));
#13369=CARTESIAN_POINT('Origin',(-1.00277777777778,8.1,0.1));
#13370=CARTESIAN_POINT('',(-1.12777777777778,8.1,0.0999999999999998));
#13371=CARTESIAN_POINT('',(-1.12777777777778,8.1,6.66966864964105E-17));
#13372=CARTESIAN_POINT('',(-1.06527777777778,8.1,0.0999999999999998));
#13373=CARTESIAN_POINT('Origin',(-1.12777777777778,7.3,6.66966864964105E-17));
#13374=CARTESIAN_POINT('',(-1.12777777777778,7.55,0.2));
#13375=CARTESIAN_POINT('',(-1.12777777777778,7.55,0.75));
#13376=CARTESIAN_POINT('',(-1.12777777777778,7.9,0.2));
#13377=CARTESIAN_POINT('',(-1.12777777777778,7.3,0.2));
#13378=CARTESIAN_POINT('',(-1.12777777777778,7.75,0.275));
#13379=CARTESIAN_POINT('Origin',(-1.26666666666667,7.3,0.2));
#13380=CARTESIAN_POINT('',(-1.26666666666667,8.1,0.1));
#13381=CARTESIAN_POINT('',(-1.26666666666667,8.1,0.2));
#13382=CARTESIAN_POINT('',(-1.26666666666667,7.9,0.2));
#13383=CARTESIAN_POINT('',(-1.26666666666667,7.71,0.295));
#13384=CARTESIAN_POINT('',(-1.26666666666667,7.55,0.2));
#13385=CARTESIAN_POINT('',(-1.26666666666667,7.3,0.2));
#13386=CARTESIAN_POINT('',(-1.26666666666667,7.55,0.85));
#13387=CARTESIAN_POINT('Origin',(-1.39166666666667,8.1,0.1));
#13388=CARTESIAN_POINT('',(-1.51666666666667,8.1,0.0999999999999998));
#13389=CARTESIAN_POINT('',(-1.51666666666667,8.1,6.66966864964105E-17));
#13390=CARTESIAN_POINT('',(-1.45416666666667,8.1,0.0999999999999998));
#13391=CARTESIAN_POINT('Origin',(-1.51666666666667,7.3,6.66966864964105E-17));
#13392=CARTESIAN_POINT('',(-1.51666666666667,7.55,0.2));
#13393=CARTESIAN_POINT('',(-1.51666666666667,7.55,0.75));
#13394=CARTESIAN_POINT('',(-1.51666666666667,7.9,0.2));
#13395=CARTESIAN_POINT('',(-1.51666666666667,7.3,0.2));
#13396=CARTESIAN_POINT('',(-1.51666666666667,7.75,0.275));
#13397=CARTESIAN_POINT('Origin',(-1.65555555555556,7.3,0.2));
#13398=CARTESIAN_POINT('',(-1.65555555555556,8.1,0.1));
#13399=CARTESIAN_POINT('',(-1.65555555555556,8.1,0.2));
#13400=CARTESIAN_POINT('',(-1.65555555555556,7.9,0.2));
#13401=CARTESIAN_POINT('',(-1.65555555555556,7.71,0.295));
#13402=CARTESIAN_POINT('',(-1.65555555555556,7.55,0.2));
#13403=CARTESIAN_POINT('',(-1.65555555555556,7.3,0.2));
#13404=CARTESIAN_POINT('',(-1.65555555555556,7.55,0.85));
#13405=CARTESIAN_POINT('Origin',(-1.78055555555556,8.1,0.1));
#13406=CARTESIAN_POINT('',(-1.90555555555556,8.1,0.0999999999999998));
#13407=CARTESIAN_POINT('',(-1.90555555555556,8.1,6.66966864964105E-17));
#13408=CARTESIAN_POINT('',(-1.84305555555556,8.1,0.0999999999999998));
#13409=CARTESIAN_POINT('Origin',(-1.90555555555556,7.3,6.66966864964105E-17));
#13410=CARTESIAN_POINT('',(-1.90555555555556,7.55,0.2));
#13411=CARTESIAN_POINT('',(-1.90555555555556,7.55,0.75));
#13412=CARTESIAN_POINT('',(-1.90555555555556,7.9,0.2));
#13413=CARTESIAN_POINT('',(-1.90555555555556,7.3,0.2));
#13414=CARTESIAN_POINT('',(-1.90555555555556,7.75,0.275));
#13415=CARTESIAN_POINT('Origin',(-2.04444444444444,7.3,0.2));
#13416=CARTESIAN_POINT('',(-2.04444444444444,8.1,0.1));
#13417=CARTESIAN_POINT('',(-2.04444444444444,8.1,0.2));
#13418=CARTESIAN_POINT('',(-2.04444444444444,7.9,0.2));
#13419=CARTESIAN_POINT('',(-2.04444444444444,7.71,0.295));
#13420=CARTESIAN_POINT('',(-2.04444444444444,7.55,0.2));
#13421=CARTESIAN_POINT('',(-2.04444444444444,7.3,0.2));
#13422=CARTESIAN_POINT('',(-2.04444444444444,7.55,0.85));
#13423=CARTESIAN_POINT('Origin',(-2.16944444444444,8.1,0.1));
#13424=CARTESIAN_POINT('',(-2.29444444444444,8.1,0.0999999999999998));
#13425=CARTESIAN_POINT('',(-2.29444444444444,8.1,6.66966864964105E-17));
#13426=CARTESIAN_POINT('',(-2.23194444444444,8.1,0.0999999999999998));
#13427=CARTESIAN_POINT('Origin',(-2.29444444444444,7.3,6.66966864964105E-17));
#13428=CARTESIAN_POINT('',(-2.29444444444444,7.55,0.2));
#13429=CARTESIAN_POINT('',(-2.29444444444444,7.55,0.75));
#13430=CARTESIAN_POINT('',(-2.29444444444444,7.9,0.2));
#13431=CARTESIAN_POINT('',(-2.29444444444444,7.3,0.2));
#13432=CARTESIAN_POINT('',(-2.29444444444444,7.75,0.275));
#13433=CARTESIAN_POINT('Origin',(-2.43333333333333,7.3,0.2));
#13434=CARTESIAN_POINT('',(-2.43333333333333,8.1,0.1));
#13435=CARTESIAN_POINT('',(-2.43333333333333,8.1,0.2));
#13436=CARTESIAN_POINT('',(-2.43333333333333,7.9,0.2));
#13437=CARTESIAN_POINT('',(-2.43333333333333,7.71,0.295));
#13438=CARTESIAN_POINT('',(-2.43333333333333,7.55,0.2));
#13439=CARTESIAN_POINT('',(-2.43333333333333,7.3,0.2));
#13440=CARTESIAN_POINT('',(-2.43333333333333,7.55,0.85));
#13441=CARTESIAN_POINT('Origin',(-2.55833333333333,8.1,0.1));
#13442=CARTESIAN_POINT('',(-2.68333333333333,8.1,0.0999999999999998));
#13443=CARTESIAN_POINT('',(-2.68333333333333,8.1,6.66966864964105E-17));
#13444=CARTESIAN_POINT('',(-2.62083333333333,8.1,0.0999999999999998));
#13445=CARTESIAN_POINT('Origin',(-2.68333333333333,7.3,6.66966864964105E-17));
#13446=CARTESIAN_POINT('',(-2.68333333333333,7.55,0.2));
#13447=CARTESIAN_POINT('',(-2.68333333333333,7.55,0.75));
#13448=CARTESIAN_POINT('',(-2.68333333333333,7.9,0.2));
#13449=CARTESIAN_POINT('',(-2.68333333333333,7.3,0.2));
#13450=CARTESIAN_POINT('',(-2.68333333333333,7.75,0.275));
#13451=CARTESIAN_POINT('Origin',(-2.82222222222222,7.3,0.2));
#13452=CARTESIAN_POINT('',(-2.82222222222222,8.1,0.1));
#13453=CARTESIAN_POINT('',(-2.82222222222222,8.1,0.2));
#13454=CARTESIAN_POINT('',(-2.82222222222222,7.9,0.2));
#13455=CARTESIAN_POINT('',(-2.82222222222222,7.71,0.295));
#13456=CARTESIAN_POINT('',(-2.82222222222222,7.55,0.2));
#13457=CARTESIAN_POINT('',(-2.82222222222222,7.3,0.2));
#13458=CARTESIAN_POINT('',(-2.82222222222222,7.55,0.85));
#13459=CARTESIAN_POINT('Origin',(-2.94722222222222,8.1,0.1));
#13460=CARTESIAN_POINT('',(-3.07222222222222,8.1,0.0999999999999998));
#13461=CARTESIAN_POINT('',(-3.07222222222222,8.1,6.66966864964105E-17));
#13462=CARTESIAN_POINT('',(-3.00972222222222,8.1,0.0999999999999998));
#13463=CARTESIAN_POINT('Origin',(-3.07222222222222,7.3,6.66966864964105E-17));
#13464=CARTESIAN_POINT('',(-3.07222222222222,7.55,0.2));
#13465=CARTESIAN_POINT('',(-3.07222222222222,7.55,0.75));
#13466=CARTESIAN_POINT('',(-3.07222222222222,7.9,0.2));
#13467=CARTESIAN_POINT('',(-3.07222222222222,7.3,0.2));
#13468=CARTESIAN_POINT('',(-3.07222222222222,7.75,0.275));
#13469=CARTESIAN_POINT('Origin',(-3.21111111111111,7.3,0.2));
#13470=CARTESIAN_POINT('',(-3.21111111111111,8.1,0.1));
#13471=CARTESIAN_POINT('',(-3.21111111111111,8.1,0.2));
#13472=CARTESIAN_POINT('',(-3.21111111111111,7.9,0.2));
#13473=CARTESIAN_POINT('',(-3.21111111111111,7.71,0.295));
#13474=CARTESIAN_POINT('',(-3.21111111111111,7.55,0.2));
#13475=CARTESIAN_POINT('',(-3.21111111111111,7.3,0.2));
#13476=CARTESIAN_POINT('',(-3.21111111111111,7.55,0.85));
#13477=CARTESIAN_POINT('Origin',(-3.33611111111111,8.1,0.1));
#13478=CARTESIAN_POINT('',(-3.46111111111111,8.1,0.0999999999999998));
#13479=CARTESIAN_POINT('',(-3.46111111111111,8.1,6.66966864964105E-17));
#13480=CARTESIAN_POINT('',(-3.39861111111111,8.1,0.0999999999999998));
#13481=CARTESIAN_POINT('Origin',(-3.46111111111111,7.3,6.66966864964105E-17));
#13482=CARTESIAN_POINT('',(-3.46111111111111,7.55,0.2));
#13483=CARTESIAN_POINT('',(-3.46111111111111,7.55,0.75));
#13484=CARTESIAN_POINT('',(-3.46111111111111,7.9,0.2));
#13485=CARTESIAN_POINT('',(-3.46111111111111,7.3,0.2));
#13486=CARTESIAN_POINT('',(-3.46111111111111,7.75,0.275));
#13487=CARTESIAN_POINT('Origin',(-3.6,7.3,0.2));
#13488=CARTESIAN_POINT('',(-3.6,8.1,0.1));
#13489=CARTESIAN_POINT('',(-3.6,8.1,0.2));
#13490=CARTESIAN_POINT('',(-3.6,7.9,0.2));
#13491=CARTESIAN_POINT('',(-3.6,7.71,0.295));
#13492=CARTESIAN_POINT('',(-3.6,7.55,0.2));
#13493=CARTESIAN_POINT('',(-3.6,7.3,0.2));
#13494=CARTESIAN_POINT('',(-3.6,7.55,0.85));
#13495=CARTESIAN_POINT('Origin',(-3.725,8.1,0.1));
#13496=CARTESIAN_POINT('',(-3.85,8.1,0.0999999999999998));
#13497=CARTESIAN_POINT('',(-3.85,8.1,6.66966864964105E-17));
#13498=CARTESIAN_POINT('',(-3.7875,8.1,0.0999999999999998));
#13499=CARTESIAN_POINT('Origin',(-3.85,7.3,6.66966864964105E-17));
#13500=CARTESIAN_POINT('',(-3.85,7.55,0.2));
#13501=CARTESIAN_POINT('',(-3.85,7.55,0.75));
#13502=CARTESIAN_POINT('',(-3.85,7.9,0.2));
#13503=CARTESIAN_POINT('',(-3.85,7.3,0.2));
#13504=CARTESIAN_POINT('',(-3.85,7.75,0.275));
#13505=CARTESIAN_POINT('Origin',(0.0274999999999997,7.3,-4.47659611067725E-18));
#13506=CARTESIAN_POINT('',(0.0274999999999997,7.29999983683228,0.5));
#13507=CARTESIAN_POINT('',(0.0274999999999996,7.29999983683228,-4.47659611067719E-18));
#13508=CARTESIAN_POINT('',(-0.0274999999999995,7.29999983683228,0.5));
#13509=CARTESIAN_POINT('',(4.1394448724536,7.3,0.499999999999999));
#13510=CARTESIAN_POINT('',(-0.0274999999999996,7.29999983683228,4.47659611067719E-18));
#13511=CARTESIAN_POINT('Origin',(0.,0.,0.));
#13512=CARTESIAN_POINT('',(-0.0274999999999994,4.75012670537419,4.47659611067716E-18));
#13513=CARTESIAN_POINT('',(-0.0274999999999994,3.64999991841614,4.47659611067715E-18));
#13514=CARTESIAN_POINT('',(-0.153381904510251,4.65353412274528,2.49683213519586E-17));
#13515=CARTESIAN_POINT('Origin',(-0.1275,4.75012670537419,2.1011838102769E-17));
#13516=CARTESIAN_POINT('',(-0.574118095489746,4.76627004534478,9.34579939395937E-17));
#13517=CARTESIAN_POINT('',(0.562804445662271,4.46163256858637,-9.16162979099487E-17));
#13518=CARTESIAN_POINT('',(-0.699999999999998,4.66967746271588,1.13949719180875E-16));
#13519=CARTESIAN_POINT('Origin',(-0.599999999999998,4.66967746271588,9.88792381306776E-17));
#13520=CARTESIAN_POINT('',(-0.7,2.93032253728412,1.13949719180875E-16));
#13521=CARTESIAN_POINT('',(-0.700000000000001,2.4,1.13949719180876E-16));
#13522=CARTESIAN_POINT('',(-0.574118095489748,2.83372995465521,9.34579939395941E-17));
#13523=CARTESIAN_POINT('Origin',(-0.6,2.93032253728412,9.8879238130678E-17));
#13524=CARTESIAN_POINT('',(-0.153381904510251,2.94646587725471,2.49683213519586E-17));
#13525=CARTESIAN_POINT('',(-0.72344555433772,2.79371778264911,1.17766311084909E-16));
#13526=CARTESIAN_POINT('',(-0.0274999999999993,2.84987329462581,4.47659611067714E-18));
#13527=CARTESIAN_POINT('Origin',(-0.127499999999999,2.84987329462581,2.1011838102769E-17));
#13528=CARTESIAN_POINT('',(-0.0274999999999992,0.05,4.47659611067712E-18));
#13529=CARTESIAN_POINT('',(-0.0274999999999992,1.49009791595496,4.47659611067713E-18));
#13530=CARTESIAN_POINT('',(-4.1394448724536,0.05,7.02563007770607E-16));
#13531=CARTESIAN_POINT('',(-1.425,0.05,2.34187669256869E-16));
#13532=CARTESIAN_POINT('',(-4.1394448724536,0.,6.59194920871187E-16));
#13533=CARTESIAN_POINT('Origin',(0.,0.,0.));
#13534=CARTESIAN_POINT('',(4.1394448724536,0.05,7.02563007770607E-16));
#13535=CARTESIAN_POINT('',(4.1394448724536,0.,6.59194920871187E-16));
#13536=CARTESIAN_POINT('',(0.027500000000002,0.05,-4.47659611067757E-18));
#13537=CARTESIAN_POINT('',(-1.425,0.05,2.34187669256869E-16));
#13538=CARTESIAN_POINT('',(0.027500000000001,2.91461050020952,-4.47659611067741E-18));
#13539=CARTESIAN_POINT('',(0.0275000000000019,0.025,-4.47659611067756E-18));
#13540=CARTESIAN_POINT('',(-0.0983819045102512,3.01120308283843,1.6015129130604E-17));
#13541=CARTESIAN_POINT('Origin',(-0.0724999999999991,2.91461050020952,1.19479079407901E-17));
#13542=CARTESIAN_POINT('',(-0.524118095489746,2.89712741427677,8.53187282838169E-17));
#13543=CARTESIAN_POINT('',(-0.365945554337727,2.93950961894323,5.95705616461055E-17));
#13544=CARTESIAN_POINT('',(-0.649999999999998,2.99371999690568,1.05810453525098E-16));
#13545=CARTESIAN_POINT('Origin',(-0.549999999999998,2.99371999690568,9.06393016197879E-17));
#13546=CARTESIAN_POINT('',(-0.650000000000001,4.60628000309432,1.05810453525099E-16));
#13547=CARTESIAN_POINT('',(-0.649999999999996,1.43169872981078,1.05810453525098E-16));
#13548=CARTESIAN_POINT('',(-0.524118095489749,4.70287258572323,8.53187282838174E-17));
#13549=CARTESIAN_POINT('Origin',(-0.550000000000001,4.60628000309432,9.06393016197884E-17));
#13550=CARTESIAN_POINT('',(-0.0983819045102518,4.58879691716157,1.60151291306041E-17));
#13551=CARTESIAN_POINT('',(0.245304445662279,4.49670643718324,-3.99319609957672E-17));
#13552=CARTESIAN_POINT('',(0.0275000000000004,4.68538949979048,-4.47659611067732E-18));
#13553=CARTESIAN_POINT('Origin',(-0.0724999999999995,4.68538949979048,1.19479079407902E-17));
#13554=CARTESIAN_POINT('',(0.0275000000000012,2.27753348125318,-4.47659611067745E-18));
#13555=CARTESIAN_POINT('Origin',(0.,0.,0.));
#13556=CARTESIAN_POINT('',(5.39999987930059,7.55,8.78295860456163E-16));
#13557=CARTESIAN_POINT('',(4.2,7.55,6.83698315085253E-16));
#13558=CARTESIAN_POINT('',(5.4,7.6,1.87350135405495E-15));
#13559=CARTESIAN_POINT('',(5.4,7.6,1.87350135405495E-15));
#13560=CARTESIAN_POINT('',(5.65,7.6,1.64220489059138E-15));
#13561=CARTESIAN_POINT('',(5.475,7.6,1.80411241501588E-15));
#13562=CARTESIAN_POINT('',(5.7,7.55,1.59594559789866E-15));
#13563=CARTESIAN_POINT('',(6.15,7.1,1.11022302462516E-15));
#13564=CARTESIAN_POINT('',(5.7,6.18284271247462,1.59594559789866E-15));
#13565=CARTESIAN_POINT('',(5.7,7.6,1.59594559789866E-15));
#13566=CARTESIAN_POINT('',(5.4,6.18284271247462,1.87350135405495E-15));
#13567=CARTESIAN_POINT('',(1.3875,6.18284271247462,2.42861286636753E-16));
#13568=CARTESIAN_POINT('',(5.39999987930059,7.3,8.78295860456163E-16));
#13569=CARTESIAN_POINT('',(5.4,7.6,1.87350135405495E-15));
#13570=CARTESIAN_POINT('',(4.2,7.3,6.83698315085253E-16));
#13571=CARTESIAN_POINT('Origin',(0.,0.,0.));
#13572=CARTESIAN_POINT('',(-5.39999987930059,7.3,8.78295860456163E-16));
#13573=CARTESIAN_POINT('',(-4.2,7.3,6.83698315085253E-16));
#13574=CARTESIAN_POINT('',(-5.4,6.18284271247462,1.87350135405495E-15));
#13575=CARTESIAN_POINT('',(-5.4,7.6,1.87350135405495E-15));
#13576=CARTESIAN_POINT('',(-5.7,6.18284271247462,1.59594559789866E-15));
#13577=CARTESIAN_POINT('',(-1.3875,6.18284271247462,2.42861286636753E-16));
#13578=CARTESIAN_POINT('',(-5.7,7.55,1.59594559789866E-15));
#13579=CARTESIAN_POINT('',(-5.7,7.6,1.59594559789866E-15));
#13580=CARTESIAN_POINT('',(-5.65,7.6,1.64220489059138E-15));
#13581=CARTESIAN_POINT('',(-6.15,7.1,1.11022302462516E-15));
#13582=CARTESIAN_POINT('',(-5.4,7.6,1.87350135405495E-15));
#13583=CARTESIAN_POINT('',(-5.475,7.6,1.80411241501588E-15));
#13584=CARTESIAN_POINT('',(-5.39999987930059,7.55,8.78295860456163E-16));
#13585=CARTESIAN_POINT('',(-5.4,7.6,1.87350135405495E-15));
#13586=CARTESIAN_POINT('',(-4.2,7.55,6.83698315085253E-16));
#13587=CARTESIAN_POINT('Origin',(-0.127499999999999,2.84987329462581,2.02794576318218E-17));
#13588=CARTESIAN_POINT('',(-0.153381904510251,2.94646587725471,0.300000000000001));
#13589=CARTESIAN_POINT('',(-0.0274999999999992,2.84987329462581,0.300000000000001));
#13590=CARTESIAN_POINT('Origin',(-0.127499999999999,2.84987329462581,0.3));
#13591=CARTESIAN_POINT('',(-0.0274999999999993,2.84987329462581,3.79958461004212E-18));
#13592=CARTESIAN_POINT('',(-0.153381904510251,2.94646587725471,2.45447626307296E-17));
#13593=CARTESIAN_POINT('Origin',(-0.0274999999999993,2.98019583190993,4.47659611067714E-18));
#13594=CARTESIAN_POINT('',(-0.0274999999999991,0.05,0.300000000000001));
#13595=CARTESIAN_POINT('',(-0.0274999999999992,1.49009791595496,0.300000000000001));
#13596=CARTESIAN_POINT('',(-0.0274999999999992,0.05,4.47659611067712E-18));
#13597=CARTESIAN_POINT('Origin',(-4.1091673086806,0.,0.300000000000001));
#13598=CARTESIAN_POINT('',(-0.574118095489748,2.83372995465521,0.300000000000001));
#13599=CARTESIAN_POINT('',(-2.64039820093735,2.28007186906404,0.300000000000001));
#13600=CARTESIAN_POINT('',(-0.7,2.93032253728412,0.300000000000001));
#13601=CARTESIAN_POINT('Origin',(-0.6,2.93032253728412,0.3));
#13602=CARTESIAN_POINT('',(-0.699999999999998,4.66967746271588,0.300000000000001));
#13603=CARTESIAN_POINT('',(-0.700000000000001,2.4,0.300000000000001));
#13604=CARTESIAN_POINT('',(-0.574118095489746,4.76627004534479,0.300000000000001));
#13605=CARTESIAN_POINT('Origin',(-0.599999999999998,4.66967746271588,0.3));
#13606=CARTESIAN_POINT('',(-0.153381904510251,4.65353412274528,0.300000000000001));
#13607=CARTESIAN_POINT('',(-1.35414820093736,4.97527848217144,0.300000000000001));
#13608=CARTESIAN_POINT('',(-0.0274999999999995,4.75012670537419,0.300000000000001));
#13609=CARTESIAN_POINT('Origin',(-0.127499999999999,4.75012670537419,0.3));
#13610=CARTESIAN_POINT('',(-0.0274999999999997,5.,0.300000000000001));
#13611=CARTESIAN_POINT('',(-0.0274999999999994,3.64999991841614,0.300000000000001));
#13612=CARTESIAN_POINT('',(-4.0788897449074,5.,0.300000000000001));
#13613=CARTESIAN_POINT('',(-3.4045836543403,5.,0.300000000000001));
#13614=CARTESIAN_POINT('',(-4.0788897449074,0.05,0.300000000000001));
#13615=CARTESIAN_POINT('',(-4.0788897449074,0.,0.300000000000001));
#13616=CARTESIAN_POINT('',(3.4795836543403,0.05,0.300000000000001));
#13617=CARTESIAN_POINT('Origin',(-0.0724999999999991,2.91461050020952,1.20032769111022E-17));
#13618=CARTESIAN_POINT('',(0.0275000000000011,2.91461050020952,0.300000000000001));
#13619=CARTESIAN_POINT('',(0.027500000000001,2.91461050020952,-4.47659611067743E-18));
#13620=CARTESIAN_POINT('',(-0.0983819045102513,3.01120308283843,0.300000000000001));
#13621=CARTESIAN_POINT('Origin',(-0.072499999999999,2.91461050020952,0.3));
#13622=CARTESIAN_POINT('',(-0.0983819045102512,3.01120308283843,1.62685819100101E-17));
#13623=CARTESIAN_POINT('Origin',(0.0275000000000019,0.05,-4.47659611067756E-18));
#13624=CARTESIAN_POINT('',(0.027500000000002,0.05,0.300000000000001));
#13625=CARTESIAN_POINT('',(0.027500000000002,0.05,-4.47659611067757E-18));
#13626=CARTESIAN_POINT('',(0.027500000000002,0.0250000000000007,0.300000000000001));
#13627=CARTESIAN_POINT('Origin',(-0.1275,4.75012670537419,2.09564691324568E-17));
#13628=CARTESIAN_POINT('',(-0.153381904510251,4.65353412274528,2.52217741313646E-17));
#13629=CARTESIAN_POINT('',(-0.0274999999999994,4.75012670537419,4.47659611067716E-18));
#13630=CARTESIAN_POINT('Origin',(-0.0274999999999996,7.29999983683228,4.47659611067719E-18));
#13631=CARTESIAN_POINT('',(-0.0274999999999994,5.,0.5));
#13632=CARTESIAN_POINT('',(-0.0274999999999991,0.,0.5));
#13633=CARTESIAN_POINT('',(-0.0274999999999997,5.,0.75));
#13634=CARTESIAN_POINT('Origin',(-0.0724999999999995,4.68538949979048,1.13212318677117E-17));
#13635=CARTESIAN_POINT('',(-0.0983819045102516,4.58879691716157,0.300000000000001));
#13636=CARTESIAN_POINT('',(-0.0983819045102517,4.58879691716157,1.55865368666195E-17));
#13637=CARTESIAN_POINT('',(0.0275000000000004,4.68538949979048,0.300000000000001));
#13638=CARTESIAN_POINT('Origin',(-0.0724999999999995,4.68538949979048,0.3));
#13639=CARTESIAN_POINT('',(0.0275000000000004,4.68538949979048,-5.15864115406799E-18));
#13640=CARTESIAN_POINT('Origin',(-0.650000000000001,4.73660254037844,1.05810453525099E-16));
#13641=CARTESIAN_POINT('',(-0.524118095489749,4.70287258572323,0.300000000000001));
#13642=CARTESIAN_POINT('',(-0.524118095489749,4.70287258572323,8.50652755044114E-17));
#13643=CARTESIAN_POINT('',(-1.67164820093735,5.01035235076832,0.300000000000001));
#13644=CARTESIAN_POINT('Origin',(-0.550000000000001,4.60628000309432,8.93305805033192E-17));
#13645=CARTESIAN_POINT('',(-0.650000000000001,4.60628000309432,0.300000000000001));
#13646=CARTESIAN_POINT('Origin',(-0.550000000000001,4.60628000309432,0.3));
#13647=CARTESIAN_POINT('',(-0.650000000000001,4.60628000309432,1.05810453525099E-16));
#13648=CARTESIAN_POINT('Origin',(-4.1091673086806,0.,0.300000000000001));
#13649=CARTESIAN_POINT('',(-0.649999999999998,2.99371999690568,0.300000000000001));
#13650=CARTESIAN_POINT('',(-0.649999999999995,1.43169872981078,0.300000000000001));
#13651=CARTESIAN_POINT('',(-0.524118095489746,2.89712741427677,0.300000000000001));
#13652=CARTESIAN_POINT('Origin',(-0.549999999999998,2.99371999690568,0.3));
#13653=CARTESIAN_POINT('',(-2.28289820093736,2.42586370535815,0.300000000000001));
#13654=CARTESIAN_POINT('',(4.0788897449074,0.05,0.300000000000001));
#13655=CARTESIAN_POINT('',(3.4795836543403,0.05,0.300000000000001));
#13656=CARTESIAN_POINT('',(4.0788897449074,5.,0.300000000000001));
#13657=CARTESIAN_POINT('',(4.0788897449074,0.,0.300000000000001));
#13658=CARTESIAN_POINT('',(0.0275000000000003,5.,0.300000000000001));
#13659=CARTESIAN_POINT('',(-3.4045836543403,5.,0.300000000000001));
#13660=CARTESIAN_POINT('',(0.0275000000000012,2.27753348125318,0.300000000000001));
#13661=CARTESIAN_POINT('Origin',(-0.549999999999998,2.99371999690568,9.00126255467094E-17));
#13662=CARTESIAN_POINT('',(-0.649999999999998,2.99371999690568,1.06492498568489E-16));
#13663=CARTESIAN_POINT('',(-0.524118095489746,2.89712741427677,8.57473205478015E-17));
#13664=CARTESIAN_POINT('Origin',(0.0275000000000009,3.04493303749364,-4.47659611067741E-18));
#13665=CARTESIAN_POINT('Origin',(-0.599999999999998,4.66967746271588,9.81468576597305E-17));
#13666=CARTESIAN_POINT('',(-0.574118095489746,4.76627004534478,9.38815526608227E-17));
#13667=CARTESIAN_POINT('',(-0.699999999999998,4.66967746271588,1.1462673068151E-16));
#13668=CARTESIAN_POINT('Origin',(-0.0274999999999995,4.61980416809007,4.47659611067718E-18));
#13669=CARTESIAN_POINT('Origin',(-0.6,2.93032253728412,9.74698461590958E-17));
#13670=CARTESIAN_POINT('',(-0.7,2.93032253728412,1.13949719180875E-16));
#13671=CARTESIAN_POINT('',(-0.574118095489748,2.83372995465521,9.3204541160188E-17));
#13672=CARTESIAN_POINT('Origin',(-0.699999999999998,4.8,1.13949719180875E-16));
#13673=CARTESIAN_POINT('Origin',(-0.7,2.8,1.13949719180875E-16));
#13674=CARTESIAN_POINT('Origin',(4.38017677684144E-16,5.95253348125318,
0.5));
#13675=CARTESIAN_POINT('',(0.0275000000000004,5.,0.5));
#13676=CARTESIAN_POINT('',(-1.35,5.,0.5));
#13677=CARTESIAN_POINT('',(0.027500000000002,0.,0.5));
#13678=CARTESIAN_POINT('Origin',(-0.649999999999998,2.86339745962156,1.05810453525098E-16));
#13679=CARTESIAN_POINT('Origin',(-0.0274999999999992,0.05,4.47659611067713E-18));
#13680=CARTESIAN_POINT('',(3.4795836543403,0.05,0.300000000000001));
#13681=CARTESIAN_POINT('',(-1.425,0.05,2.34187669256869E-16));
#13682=CARTESIAN_POINT('Origin',(0.0275000000000005,4.55506696250636,-4.47659611067733E-18));
#13683=CARTESIAN_POINT('',(0.0275000000000002,5.,0.75));
#13684=CARTESIAN_POINT('Origin',(-2.7,5.,1.5));
#13685=CARTESIAN_POINT('',(4.13435976452992,5.,0.316794970566216));
#13686=CARTESIAN_POINT('Origin',(4.0788897449074,5.,0.400000000000001));
#13687=CARTESIAN_POINT('',(5.35547001962252,5.,1.13086847396128));
#13688=CARTESIAN_POINT('',(4.54371804748932,5.,0.589700492539147));
#13689=CARTESIAN_POINT('',(5.4,5.,1.21407350339506));
#13690=CARTESIAN_POINT('Origin',(5.3,5.,1.21407350339506));
#13691=CARTESIAN_POINT('',(5.4,5.,2.9));
#13692=CARTESIAN_POINT('',(5.4,5.,2.25));
#13693=CARTESIAN_POINT('',(5.3,5.,3.));
#13694=CARTESIAN_POINT('Origin',(5.3,5.,2.9));
#13695=CARTESIAN_POINT('',(-5.3,5.,3.));
#13696=CARTESIAN_POINT('',(-1.35,5.,3.));
#13697=CARTESIAN_POINT('',(-5.4,5.,2.9));
#13698=CARTESIAN_POINT('Origin',(-5.3,5.,2.9));
#13699=CARTESIAN_POINT('',(-5.4,5.,1.21407350339506));
#13700=CARTESIAN_POINT('',(-5.4,5.,2.25));
#13701=CARTESIAN_POINT('',(-5.35547001962252,5.,1.13086847396128));
#13702=CARTESIAN_POINT('Origin',(-5.3,5.,1.21407350339506));
#13703=CARTESIAN_POINT('',(-4.13435976452992,5.,0.316794970566216));
#13704=CARTESIAN_POINT('',(-4.54371804748932,5.,0.589700492539147));
#13705=CARTESIAN_POINT('Origin',(-4.0788897449074,5.,0.400000000000001));
#13706=CARTESIAN_POINT('',(-0.0499999999999989,5.,2.2));
#13707=CARTESIAN_POINT('',(0.0499999999999989,5.,2.2));
#13708=CARTESIAN_POINT('',(-3.35,5.,2.2));
#13709=CARTESIAN_POINT('',(0.0499999999999989,5.,2.3));
#13710=CARTESIAN_POINT('',(0.0499999999999989,5.,1.9));
#13711=CARTESIAN_POINT('',(0.299999999999999,5.,2.3));
#13712=CARTESIAN_POINT('',(1.5,5.,2.3));
#13713=CARTESIAN_POINT('',(0.299999999999999,5.,2.2));
#13714=CARTESIAN_POINT('',(0.299999999999999,5.,1.85));
#13715=CARTESIAN_POINT('',(0.449999999999999,5.,2.2));
#13716=CARTESIAN_POINT('',(3.35,5.,2.2));
#13717=CARTESIAN_POINT('',(0.449999999999999,5.,2.3));
#13718=CARTESIAN_POINT('',(0.449999999999999,5.,1.9));
#13719=CARTESIAN_POINT('',(0.7,5.,2.3));
#13720=CARTESIAN_POINT('',(1.7,5.,2.3));
#13721=CARTESIAN_POINT('',(0.7,5.,2.2));
#13722=CARTESIAN_POINT('',(0.7,5.,1.85));
#13723=CARTESIAN_POINT('',(0.85,5.,2.2));
#13724=CARTESIAN_POINT('',(3.35,5.,2.2));
#13725=CARTESIAN_POINT('',(0.85,5.,2.3));
#13726=CARTESIAN_POINT('',(0.85,5.,1.9));
#13727=CARTESIAN_POINT('',(1.1,5.,2.3));
#13728=CARTESIAN_POINT('',(1.9,5.,2.3));
#13729=CARTESIAN_POINT('',(1.1,5.,2.2));
#13730=CARTESIAN_POINT('',(1.1,5.,1.85));
#13731=CARTESIAN_POINT('',(1.25,5.,2.2));
#13732=CARTESIAN_POINT('',(3.35,5.,2.2));
#13733=CARTESIAN_POINT('',(1.25,5.,2.3));
#13734=CARTESIAN_POINT('',(1.25,5.,1.9));
#13735=CARTESIAN_POINT('',(1.5,5.,2.3));
#13736=CARTESIAN_POINT('',(2.1,5.,2.3));
#13737=CARTESIAN_POINT('',(1.5,5.,2.2));
#13738=CARTESIAN_POINT('',(1.5,5.,1.85));
#13739=CARTESIAN_POINT('',(1.65,5.,2.2));
#13740=CARTESIAN_POINT('',(3.35,5.,2.2));
#13741=CARTESIAN_POINT('',(1.65,5.,2.3));
#13742=CARTESIAN_POINT('',(1.65,5.,1.9));
#13743=CARTESIAN_POINT('',(1.9,5.,2.3));
#13744=CARTESIAN_POINT('',(2.3,5.,2.3));
#13745=CARTESIAN_POINT('',(1.9,5.,2.2));
#13746=CARTESIAN_POINT('',(1.9,5.,1.85));
#13747=CARTESIAN_POINT('',(2.05,5.,2.2));
#13748=CARTESIAN_POINT('',(3.35,5.,2.2));
#13749=CARTESIAN_POINT('',(2.05,5.,2.3));
#13750=CARTESIAN_POINT('',(2.05,5.,1.9));
#13751=CARTESIAN_POINT('',(2.3,5.,2.3));
#13752=CARTESIAN_POINT('',(2.5,5.,2.3));
#13753=CARTESIAN_POINT('',(2.3,5.,2.2));
#13754=CARTESIAN_POINT('',(2.3,5.,1.85));
#13755=CARTESIAN_POINT('',(2.45,5.,2.2));
#13756=CARTESIAN_POINT('',(3.35,5.,2.2));
#13757=CARTESIAN_POINT('',(2.45,5.,2.3));
#13758=CARTESIAN_POINT('',(2.45,5.,1.9));
#13759=CARTESIAN_POINT('',(2.7,5.,2.3));
#13760=CARTESIAN_POINT('',(2.7,5.,2.3));
#13761=CARTESIAN_POINT('',(2.7,5.,2.2));
#13762=CARTESIAN_POINT('',(2.7,5.,1.85));
#13763=CARTESIAN_POINT('',(2.85,5.,2.2));
#13764=CARTESIAN_POINT('',(3.35,5.,2.2));
#13765=CARTESIAN_POINT('',(2.85,5.,2.3));
#13766=CARTESIAN_POINT('',(2.85,5.,1.9));
#13767=CARTESIAN_POINT('',(3.1,5.,2.3));
#13768=CARTESIAN_POINT('',(2.9,5.,2.3));
#13769=CARTESIAN_POINT('',(3.1,5.,2.2));
#13770=CARTESIAN_POINT('',(3.1,5.,1.85));
#13771=CARTESIAN_POINT('',(3.25,5.,2.2));
#13772=CARTESIAN_POINT('',(3.35,5.,2.2));
#13773=CARTESIAN_POINT('',(3.25,5.,2.3));
#13774=CARTESIAN_POINT('',(3.25,5.,1.9));
#13775=CARTESIAN_POINT('',(3.5,5.,2.3));
#13776=CARTESIAN_POINT('',(3.1,5.,2.3));
#13777=CARTESIAN_POINT('',(3.5,5.,2.2));
#13778=CARTESIAN_POINT('',(3.5,5.,1.85));
#13779=CARTESIAN_POINT('',(3.65,5.,2.2));
#13780=CARTESIAN_POINT('',(3.35,5.,2.2));
#13781=CARTESIAN_POINT('',(3.65,5.,2.3));
#13782=CARTESIAN_POINT('',(3.65,5.,1.9));
#13783=CARTESIAN_POINT('',(3.9,5.,2.3));
#13784=CARTESIAN_POINT('',(3.3,5.,2.3));
#13785=CARTESIAN_POINT('',(3.9,5.,2.2));
#13786=CARTESIAN_POINT('',(3.9,5.,1.85));
#13787=CARTESIAN_POINT('',(4.,5.,2.2));
#13788=CARTESIAN_POINT('',(3.35,5.,2.2));
#13789=CARTESIAN_POINT('',(4.,5.,1.5));
#13790=CARTESIAN_POINT('',(4.,5.,1.5));
#13791=CARTESIAN_POINT('',(3.9,5.,1.5));
#13792=CARTESIAN_POINT('',(1.35,5.,1.5));
#13793=CARTESIAN_POINT('',(3.9,5.,1.4));
#13794=CARTESIAN_POINT('',(3.9,5.,1.45));
#13795=CARTESIAN_POINT('',(3.65,5.,1.4));
#13796=CARTESIAN_POINT('',(3.175,5.,1.4));
#13797=CARTESIAN_POINT('',(3.65,5.,1.5));
#13798=CARTESIAN_POINT('',(3.65,5.,1.5));
#13799=CARTESIAN_POINT('',(3.5,5.,1.5));
#13800=CARTESIAN_POINT('',(1.35,5.,1.5));
#13801=CARTESIAN_POINT('',(3.5,5.,1.4));
#13802=CARTESIAN_POINT('',(3.5,5.,1.45));
#13803=CARTESIAN_POINT('',(3.25,5.,1.4));
#13804=CARTESIAN_POINT('',(2.975,5.,1.4));
#13805=CARTESIAN_POINT('',(3.25,5.,1.5));
#13806=CARTESIAN_POINT('',(3.25,5.,1.5));
#13807=CARTESIAN_POINT('',(3.1,5.,1.5));
#13808=CARTESIAN_POINT('',(1.35,5.,1.5));
#13809=CARTESIAN_POINT('',(3.1,5.,1.4));
#13810=CARTESIAN_POINT('',(3.1,5.,1.45));
#13811=CARTESIAN_POINT('',(2.85,5.,1.4));
#13812=CARTESIAN_POINT('',(2.775,5.,1.4));
#13813=CARTESIAN_POINT('',(2.85,5.,1.5));
#13814=CARTESIAN_POINT('',(2.85,5.,1.5));
#13815=CARTESIAN_POINT('',(2.7,5.,1.5));
#13816=CARTESIAN_POINT('',(1.35,5.,1.5));
#13817=CARTESIAN_POINT('',(2.7,5.,1.4));
#13818=CARTESIAN_POINT('',(2.7,5.,1.45));
#13819=CARTESIAN_POINT('',(2.45,5.,1.4));
#13820=CARTESIAN_POINT('',(2.575,5.,1.4));
#13821=CARTESIAN_POINT('',(2.45,5.,1.5));
#13822=CARTESIAN_POINT('',(2.45,5.,1.5));
#13823=CARTESIAN_POINT('',(2.3,5.,1.5));
#13824=CARTESIAN_POINT('',(1.35,5.,1.5));
#13825=CARTESIAN_POINT('',(2.3,5.,1.4));
#13826=CARTESIAN_POINT('',(2.3,5.,1.45));
#13827=CARTESIAN_POINT('',(2.05,5.,1.4));
#13828=CARTESIAN_POINT('',(2.375,5.,1.4));
#13829=CARTESIAN_POINT('',(2.05,5.,1.5));
#13830=CARTESIAN_POINT('',(2.05,5.,1.5));
#13831=CARTESIAN_POINT('',(1.9,5.,1.5));
#13832=CARTESIAN_POINT('',(1.35,5.,1.5));
#13833=CARTESIAN_POINT('',(1.9,5.,1.4));
#13834=CARTESIAN_POINT('',(1.9,5.,1.45));
#13835=CARTESIAN_POINT('',(1.65,5.,1.4));
#13836=CARTESIAN_POINT('',(2.175,5.,1.4));
#13837=CARTESIAN_POINT('',(1.65,5.,1.5));
#13838=CARTESIAN_POINT('',(1.65,5.,1.5));
#13839=CARTESIAN_POINT('',(1.5,5.,1.5));
#13840=CARTESIAN_POINT('',(1.35,5.,1.5));
#13841=CARTESIAN_POINT('',(1.5,5.,1.4));
#13842=CARTESIAN_POINT('',(1.5,5.,1.45));
#13843=CARTESIAN_POINT('',(1.25,5.,1.4));
#13844=CARTESIAN_POINT('',(1.975,5.,1.4));
#13845=CARTESIAN_POINT('',(1.25,5.,1.5));
#13846=CARTESIAN_POINT('',(1.25,5.,1.5));
#13847=CARTESIAN_POINT('',(1.1,5.,1.5));
#13848=CARTESIAN_POINT('',(1.35,5.,1.5));
#13849=CARTESIAN_POINT('',(1.1,5.,1.4));
#13850=CARTESIAN_POINT('',(1.1,5.,1.45));
#13851=CARTESIAN_POINT('',(0.85,5.,1.4));
#13852=CARTESIAN_POINT('',(1.775,5.,1.4));
#13853=CARTESIAN_POINT('',(0.85,5.,1.5));
#13854=CARTESIAN_POINT('',(0.85,5.,1.5));
#13855=CARTESIAN_POINT('',(0.7,5.,1.5));
#13856=CARTESIAN_POINT('',(1.35,5.,1.5));
#13857=CARTESIAN_POINT('',(0.7,5.,1.4));
#13858=CARTESIAN_POINT('',(0.7,5.,1.45));
#13859=CARTESIAN_POINT('',(0.45,5.,1.4));
#13860=CARTESIAN_POINT('',(1.575,5.,1.4));
#13861=CARTESIAN_POINT('',(0.45,5.,1.5));
#13862=CARTESIAN_POINT('',(0.45,5.,1.5));
#13863=CARTESIAN_POINT('',(0.3,5.,1.5));
#13864=CARTESIAN_POINT('',(1.35,5.,1.5));
#13865=CARTESIAN_POINT('',(0.3,5.,1.4));
#13866=CARTESIAN_POINT('',(0.3,5.,1.45));
#13867=CARTESIAN_POINT('',(0.0499999999999995,5.,1.4));
#13868=CARTESIAN_POINT('',(1.375,5.,1.4));
#13869=CARTESIAN_POINT('',(0.0499999999999995,5.,1.5));
#13870=CARTESIAN_POINT('',(0.0499999999999995,5.,1.5));
#13871=CARTESIAN_POINT('',(-0.0499999999999995,5.,1.5));
#13872=CARTESIAN_POINT('',(-1.35,5.,1.5));
#13873=CARTESIAN_POINT('',(-0.0499999999999995,5.,1.4));
#13874=CARTESIAN_POINT('',(-0.0499999999999995,5.,1.5));
#13875=CARTESIAN_POINT('',(-0.3,5.,1.4));
#13876=CARTESIAN_POINT('',(-1.375,5.,1.4));
#13877=CARTESIAN_POINT('',(-0.3,5.,1.5));
#13878=CARTESIAN_POINT('',(-0.3,5.,1.45));
#13879=CARTESIAN_POINT('',(-0.45,5.,1.5));
#13880=CARTESIAN_POINT('',(-1.35,5.,1.5));
#13881=CARTESIAN_POINT('',(-0.45,5.,1.4));
#13882=CARTESIAN_POINT('',(-0.45,5.,1.5));
#13883=CARTESIAN_POINT('',(-0.7,5.,1.4));
#13884=CARTESIAN_POINT('',(-1.575,5.,1.4));
#13885=CARTESIAN_POINT('',(-0.7,5.,1.5));
#13886=CARTESIAN_POINT('',(-0.7,5.,1.45));
#13887=CARTESIAN_POINT('',(-0.85,5.,1.5));
#13888=CARTESIAN_POINT('',(-1.35,5.,1.5));
#13889=CARTESIAN_POINT('',(-0.85,5.,1.4));
#13890=CARTESIAN_POINT('',(-0.85,5.,1.5));
#13891=CARTESIAN_POINT('',(-1.1,5.,1.4));
#13892=CARTESIAN_POINT('',(-1.775,5.,1.4));
#13893=CARTESIAN_POINT('',(-1.1,5.,1.5));
#13894=CARTESIAN_POINT('',(-1.1,5.,1.45));
#13895=CARTESIAN_POINT('',(-1.25,5.,1.5));
#13896=CARTESIAN_POINT('',(-1.35,5.,1.5));
#13897=CARTESIAN_POINT('',(-1.25,5.,1.4));
#13898=CARTESIAN_POINT('',(-1.25,5.,1.5));
#13899=CARTESIAN_POINT('',(-1.5,5.,1.4));
#13900=CARTESIAN_POINT('',(-1.975,5.,1.4));
#13901=CARTESIAN_POINT('',(-1.5,5.,1.5));
#13902=CARTESIAN_POINT('',(-1.5,5.,1.45));
#13903=CARTESIAN_POINT('',(-1.65,5.,1.5));
#13904=CARTESIAN_POINT('',(-1.35,5.,1.5));
#13905=CARTESIAN_POINT('',(-1.65,5.,1.4));
#13906=CARTESIAN_POINT('',(-1.65,5.,1.5));
#13907=CARTESIAN_POINT('',(-1.9,5.,1.4));
#13908=CARTESIAN_POINT('',(-2.175,5.,1.4));
#13909=CARTESIAN_POINT('',(-1.9,5.,1.5));
#13910=CARTESIAN_POINT('',(-1.9,5.,1.45));
#13911=CARTESIAN_POINT('',(-2.05,5.,1.5));
#13912=CARTESIAN_POINT('',(-1.35,5.,1.5));
#13913=CARTESIAN_POINT('',(-2.05,5.,1.4));
#13914=CARTESIAN_POINT('',(-2.05,5.,1.5));
#13915=CARTESIAN_POINT('',(-2.3,5.,1.4));
#13916=CARTESIAN_POINT('',(-2.375,5.,1.4));
#13917=CARTESIAN_POINT('',(-2.3,5.,1.5));
#13918=CARTESIAN_POINT('',(-2.3,5.,1.45));
#13919=CARTESIAN_POINT('',(-2.45,5.,1.5));
#13920=CARTESIAN_POINT('',(-1.35,5.,1.5));
#13921=CARTESIAN_POINT('',(-2.45,5.,1.4));
#13922=CARTESIAN_POINT('',(-2.45,5.,1.5));
#13923=CARTESIAN_POINT('',(-2.7,5.,1.4));
#13924=CARTESIAN_POINT('',(-2.575,5.,1.4));
#13925=CARTESIAN_POINT('',(-2.7,5.,1.5));
#13926=CARTESIAN_POINT('',(-2.7,5.,1.45));
#13927=CARTESIAN_POINT('',(-2.85,5.,1.5));
#13928=CARTESIAN_POINT('',(-1.35,5.,1.5));
#13929=CARTESIAN_POINT('',(-2.85,5.,1.4));
#13930=CARTESIAN_POINT('',(-2.85,5.,1.5));
#13931=CARTESIAN_POINT('',(-3.1,5.,1.4));
#13932=CARTESIAN_POINT('',(-2.775,5.,1.4));
#13933=CARTESIAN_POINT('',(-3.1,5.,1.5));
#13934=CARTESIAN_POINT('',(-3.1,5.,1.45));
#13935=CARTESIAN_POINT('',(-3.25,5.,1.5));
#13936=CARTESIAN_POINT('',(-1.35,5.,1.5));
#13937=CARTESIAN_POINT('',(-3.25,5.,1.4));
#13938=CARTESIAN_POINT('',(-3.25,5.,1.5));
#13939=CARTESIAN_POINT('',(-3.5,5.,1.4));
#13940=CARTESIAN_POINT('',(-2.975,5.,1.4));
#13941=CARTESIAN_POINT('',(-3.5,5.,1.5));
#13942=CARTESIAN_POINT('',(-3.5,5.,1.45));
#13943=CARTESIAN_POINT('',(-3.65,5.,1.5));
#13944=CARTESIAN_POINT('',(-1.35,5.,1.5));
#13945=CARTESIAN_POINT('',(-3.65,5.,1.4));
#13946=CARTESIAN_POINT('',(-3.65,5.,1.5));
#13947=CARTESIAN_POINT('',(-3.9,5.,1.4));
#13948=CARTESIAN_POINT('',(-3.175,5.,1.4));
#13949=CARTESIAN_POINT('',(-3.9,5.,1.5));
#13950=CARTESIAN_POINT('',(-3.9,5.,1.45));
#13951=CARTESIAN_POINT('',(-4.,5.,1.5));
#13952=CARTESIAN_POINT('',(-1.35,5.,1.5));
#13953=CARTESIAN_POINT('',(-4.,5.,2.2));
#13954=CARTESIAN_POINT('',(-4.,5.,1.5));
#13955=CARTESIAN_POINT('',(-3.9,5.,2.2));
#13956=CARTESIAN_POINT('',(-3.35,5.,2.2));
#13957=CARTESIAN_POINT('',(-3.9,5.,2.3));
#13958=CARTESIAN_POINT('',(-3.9,5.,1.85));
#13959=CARTESIAN_POINT('',(-3.65,5.,2.3));
#13960=CARTESIAN_POINT('',(-3.3,5.,2.3));
#13961=CARTESIAN_POINT('',(-3.65,5.,2.2));
#13962=CARTESIAN_POINT('',(-3.65,5.,1.9));
#13963=CARTESIAN_POINT('',(-3.5,5.,2.2));
#13964=CARTESIAN_POINT('',(-3.35,5.,2.2));
#13965=CARTESIAN_POINT('',(-3.5,5.,2.3));
#13966=CARTESIAN_POINT('',(-3.5,5.,1.85));
#13967=CARTESIAN_POINT('',(-3.25,5.,2.3));
#13968=CARTESIAN_POINT('',(-3.1,5.,2.3));
#13969=CARTESIAN_POINT('',(-3.25,5.,2.2));
#13970=CARTESIAN_POINT('',(-3.25,5.,1.9));
#13971=CARTESIAN_POINT('',(-3.1,5.,2.2));
#13972=CARTESIAN_POINT('',(-3.35,5.,2.2));
#13973=CARTESIAN_POINT('',(-3.1,5.,2.3));
#13974=CARTESIAN_POINT('',(-3.1,5.,1.85));
#13975=CARTESIAN_POINT('',(-2.85,5.,2.3));
#13976=CARTESIAN_POINT('',(-2.9,5.,2.3));
#13977=CARTESIAN_POINT('',(-2.85,5.,2.2));
#13978=CARTESIAN_POINT('',(-2.85,5.,1.9));
#13979=CARTESIAN_POINT('',(-2.7,5.,2.2));
#13980=CARTESIAN_POINT('',(-3.35,5.,2.2));
#13981=CARTESIAN_POINT('',(-2.7,5.,2.3));
#13982=CARTESIAN_POINT('',(-2.7,5.,1.85));
#13983=CARTESIAN_POINT('',(-2.45,5.,2.3));
#13984=CARTESIAN_POINT('',(-2.7,5.,2.3));
#13985=CARTESIAN_POINT('',(-2.45,5.,2.2));
#13986=CARTESIAN_POINT('',(-2.45,5.,1.9));
#13987=CARTESIAN_POINT('',(-2.3,5.,2.2));
#13988=CARTESIAN_POINT('',(-3.35,5.,2.2));
#13989=CARTESIAN_POINT('',(-2.3,5.,2.3));
#13990=CARTESIAN_POINT('',(-2.3,5.,1.85));
#13991=CARTESIAN_POINT('',(-2.05,5.,2.3));
#13992=CARTESIAN_POINT('',(-2.5,5.,2.3));
#13993=CARTESIAN_POINT('',(-2.05,5.,2.2));
#13994=CARTESIAN_POINT('',(-2.05,5.,1.9));
#13995=CARTESIAN_POINT('',(-1.9,5.,2.2));
#13996=CARTESIAN_POINT('',(-3.35,5.,2.2));
#13997=CARTESIAN_POINT('',(-1.9,5.,2.3));
#13998=CARTESIAN_POINT('',(-1.9,5.,1.85));
#13999=CARTESIAN_POINT('',(-1.65,5.,2.3));
#14000=CARTESIAN_POINT('',(-2.3,5.,2.3));
#14001=CARTESIAN_POINT('',(-1.65,5.,2.2));
#14002=CARTESIAN_POINT('',(-1.65,5.,1.9));
#14003=CARTESIAN_POINT('',(-1.5,5.,2.2));
#14004=CARTESIAN_POINT('',(-3.35,5.,2.2));
#14005=CARTESIAN_POINT('',(-1.5,5.,2.3));
#14006=CARTESIAN_POINT('',(-1.5,5.,1.85));
#14007=CARTESIAN_POINT('',(-1.25,5.,2.3));
#14008=CARTESIAN_POINT('',(-2.1,5.,2.3));
#14009=CARTESIAN_POINT('',(-1.25,5.,2.2));
#14010=CARTESIAN_POINT('',(-1.25,5.,1.9));
#14011=CARTESIAN_POINT('',(-1.1,5.,2.2));
#14012=CARTESIAN_POINT('',(-3.35,5.,2.2));
#14013=CARTESIAN_POINT('',(-1.1,5.,2.3));
#14014=CARTESIAN_POINT('',(-1.1,5.,1.85));
#14015=CARTESIAN_POINT('',(-0.85,5.,2.3));
#14016=CARTESIAN_POINT('',(-1.9,5.,2.3));
#14017=CARTESIAN_POINT('',(-0.85,5.,2.2));
#14018=CARTESIAN_POINT('',(-0.85,5.,1.9));
#14019=CARTESIAN_POINT('',(-0.7,5.,2.2));
#14020=CARTESIAN_POINT('',(-3.35,5.,2.2));
#14021=CARTESIAN_POINT('',(-0.7,5.,2.3));
#14022=CARTESIAN_POINT('',(-0.7,5.,1.85));
#14023=CARTESIAN_POINT('',(-0.449999999999999,5.,2.3));
#14024=CARTESIAN_POINT('',(-1.7,5.,2.3));
#14025=CARTESIAN_POINT('',(-0.449999999999999,5.,2.2));
#14026=CARTESIAN_POINT('',(-0.449999999999999,5.,1.9));
#14027=CARTESIAN_POINT('',(-0.299999999999999,5.,2.2));
#14028=CARTESIAN_POINT('',(-3.35,5.,2.2));
#14029=CARTESIAN_POINT('',(-0.299999999999999,5.,2.3));
#14030=CARTESIAN_POINT('',(-0.299999999999999,5.,1.85));
#14031=CARTESIAN_POINT('',(-0.0499999999999989,5.,2.3));
#14032=CARTESIAN_POINT('',(-1.5,5.,2.3));
#14033=CARTESIAN_POINT('',(-0.0499999999999989,5.,1.9));
#14034=CARTESIAN_POINT('Origin',(5.675,7.575,1.325));
#14035=CARTESIAN_POINT('',(5.65,7.6,1.99999995529652));
#14036=CARTESIAN_POINT('',(5.65,7.6,1.325));
#14037=CARTESIAN_POINT('',(5.7,7.55,1.94999995529652));
#14038=CARTESIAN_POINT('',(5.7,7.55,1.94999995529652));
#14039=CARTESIAN_POINT('',(5.7,7.55,1.325));
#14040=CARTESIAN_POINT('Origin',(5.675,3.8,2.62499995529652));
#14041=CARTESIAN_POINT('',(5.7,7.55,2.64999995529652));
#14042=CARTESIAN_POINT('',(5.65,7.6,2.59999995529652));
#14043=CARTESIAN_POINT('',(6.0875000074506,7.16249999254939,3.03749996274712));
#14044=CARTESIAN_POINT('',(5.7,6.3,2.64999995529652));
#14045=CARTESIAN_POINT('',(5.7,3.8,2.64999995529652));
#14046=CARTESIAN_POINT('',(5.65,6.3,2.59999995529652));
#14047=CARTESIAN_POINT('',(5.65,6.3,2.59999995529652));
#14048=CARTESIAN_POINT('',(5.65,3.8,2.59999995529652));
#14049=CARTESIAN_POINT('Origin',(5.675,6.3,2.39999995529652));
#14050=CARTESIAN_POINT('',(5.7,6.05,2.39999995529652));
#14051=CARTESIAN_POINT('Origin',(5.7,6.3,2.39999995529652));
#14052=CARTESIAN_POINT('',(5.65,6.1,2.39999995529652));
#14053=CARTESIAN_POINT('',(5.65,6.1,2.39999995529652));
#14054=CARTESIAN_POINT('Origin',(5.65,6.3,2.39999995529652));
#14055=CARTESIAN_POINT('Origin',(5.675,6.075,1.79999997764826));
#14056=CARTESIAN_POINT('',(5.65,6.1,2.19999995529652));
#14057=CARTESIAN_POINT('',(5.7,6.05,2.19999995529652));
#14058=CARTESIAN_POINT('',(5.65,6.1,2.19999995529652));
#14059=CARTESIAN_POINT('',(5.65,6.1,1.79999997764826));
#14060=CARTESIAN_POINT('',(5.7,6.05,1.79999997764826));
#14061=CARTESIAN_POINT('Origin',(5.675,6.3,2.19999995529652));
#14062=CARTESIAN_POINT('',(5.7,6.3,1.94999995529652));
#14063=CARTESIAN_POINT('Origin',(5.7,6.3,2.19999995529652));
#14064=CARTESIAN_POINT('',(5.65,6.3,1.99999995529652));
#14065=CARTESIAN_POINT('',(5.65,6.3,1.99999995529652));
#14066=CARTESIAN_POINT('Origin',(5.65,6.3,2.19999995529652));
#14067=CARTESIAN_POINT('Origin',(5.675,3.05,1.97499995529652));
#14068=CARTESIAN_POINT('',(5.7,3.05,1.94999995529652));
#14069=CARTESIAN_POINT('',(5.65,3.05,1.99999995529652));
#14070=CARTESIAN_POINT('Origin',(2.85,7.6,1.65));
#14071=CARTESIAN_POINT('',(5.4,7.6,1.99999995529652));
#14072=CARTESIAN_POINT('',(5.4,7.6,0.65));
#14073=CARTESIAN_POINT('',(4.275,7.6,1.99999995529652));
#14074=CARTESIAN_POINT('Origin',(5.7,6.1,1.99999995529652));
#14075=CARTESIAN_POINT('',(5.4,7.55,1.99999995529652));
#14076=CARTESIAN_POINT('',(5.4,3.05,1.99999995529652));
#14077=CARTESIAN_POINT('',(5.4,6.3,1.99999995529652));
#14078=CARTESIAN_POINT('',(5.4,6.1,1.99999995529652));
#14079=CARTESIAN_POINT('',(5.7,6.3,1.99999995529652));
#14080=CARTESIAN_POINT('Origin',(5.7,6.3,2.19999995529652));
#14081=CARTESIAN_POINT('',(5.4,6.1,2.19999995529652));
#14082=CARTESIAN_POINT('Origin',(5.4,6.3,2.19999995529652));
#14083=CARTESIAN_POINT('',(5.7,6.1,2.19999995529652));
#14084=CARTESIAN_POINT('Origin',(5.7,6.1,2.59999995529652));
#14085=CARTESIAN_POINT('',(5.4,6.1,2.39999995529652));
#14086=CARTESIAN_POINT('',(5.4,6.1,2.59999995529652));
#14087=CARTESIAN_POINT('',(5.7,6.1,2.39999995529652));
#14088=CARTESIAN_POINT('Origin',(5.7,6.3,2.39999995529652));
#14089=CARTESIAN_POINT('',(5.4,6.3,2.59999995529652));
#14090=CARTESIAN_POINT('Origin',(5.4,6.3,2.39999995529652));
#14091=CARTESIAN_POINT('',(5.7,6.3,2.59999995529652));
#14092=CARTESIAN_POINT('Origin',(5.7,7.6,2.59999995529652));
#14093=CARTESIAN_POINT('',(5.4,7.55,2.59999995529652));
#14094=CARTESIAN_POINT('',(5.4,7.6,2.59999995529652));
#14095=CARTESIAN_POINT('',(5.4,7.6,2.59999995529652));
#14096=CARTESIAN_POINT('',(5.4,3.8,2.59999995529652));
#14097=CARTESIAN_POINT('',(4.275,7.6,2.59999995529652));
#14098=CARTESIAN_POINT('Origin',(5.675,7.575,1.325));
#14099=CARTESIAN_POINT('',(5.65,7.6,3.1));
#14100=CARTESIAN_POINT('',(5.65,7.6,1.325));
#14101=CARTESIAN_POINT('',(5.7,7.55,3.1));
#14102=CARTESIAN_POINT('',(5.65,7.6,3.1));
#14103=CARTESIAN_POINT('',(5.7,7.55,1.325));
#14104=CARTESIAN_POINT('Origin',(0.1125,2.25,1.45));
#14105=CARTESIAN_POINT('',(0.0499999999999995,2.3,1.4));
#14106=CARTESIAN_POINT('',(0.0499999999999995,2.2,1.5));
#14107=CARTESIAN_POINT('',(0.0499999999999995,2.225,1.475));
#14108=CARTESIAN_POINT('',(0.3,2.3,1.4));
#14109=CARTESIAN_POINT('',(0.1125,2.3,1.4));
#14110=CARTESIAN_POINT('',(0.3,2.2,1.5));
#14111=CARTESIAN_POINT('',(0.3,2.25,1.45));
#14112=CARTESIAN_POINT('',(0.0874999999999998,2.2,1.5));
#14113=CARTESIAN_POINT('Origin',(0.0499999999999995,2.2,1.5));
#14114=CARTESIAN_POINT('',(0.0499999999999995,2.1,1.5));
#14115=CARTESIAN_POINT('',(0.0499999999999995,2.2,1.4));
#14116=CARTESIAN_POINT('Origin',(0.0499999999999995,2.2,1.4));
#14117=CARTESIAN_POINT('',(0.3,2.2,1.4));
#14118=CARTESIAN_POINT('Origin',(0.5125,2.25,1.45));
#14119=CARTESIAN_POINT('',(0.45,2.3,1.4));
#14120=CARTESIAN_POINT('',(0.45,2.2,1.5));
#14121=CARTESIAN_POINT('',(0.45,2.225,1.475));
#14122=CARTESIAN_POINT('',(0.7,2.3,1.4));
#14123=CARTESIAN_POINT('',(0.5125,2.3,1.4));
#14124=CARTESIAN_POINT('',(0.7,2.2,1.5));
#14125=CARTESIAN_POINT('',(0.7,2.25,1.45));
#14126=CARTESIAN_POINT('',(0.2875,2.2,1.5));
#14127=CARTESIAN_POINT('Origin',(0.45,2.2,1.5));
#14128=CARTESIAN_POINT('',(0.45,2.1,1.5));
#14129=CARTESIAN_POINT('',(0.45,2.2,1.4));
#14130=CARTESIAN_POINT('Origin',(0.45,2.2,1.4));
#14131=CARTESIAN_POINT('',(0.7,2.2,1.4));
#14132=CARTESIAN_POINT('Origin',(0.9125,2.25,1.45));
#14133=CARTESIAN_POINT('',(0.85,2.3,1.4));
#14134=CARTESIAN_POINT('',(0.85,2.2,1.5));
#14135=CARTESIAN_POINT('',(0.85,2.225,1.475));
#14136=CARTESIAN_POINT('',(1.1,2.3,1.4));
#14137=CARTESIAN_POINT('',(0.9125,2.3,1.4));
#14138=CARTESIAN_POINT('',(1.1,2.2,1.5));
#14139=CARTESIAN_POINT('',(1.1,2.25,1.45));
#14140=CARTESIAN_POINT('',(0.4875,2.2,1.5));
#14141=CARTESIAN_POINT('Origin',(0.85,2.2,1.5));
#14142=CARTESIAN_POINT('',(0.85,2.1,1.5));
#14143=CARTESIAN_POINT('',(0.85,2.2,1.4));
#14144=CARTESIAN_POINT('Origin',(0.85,2.2,1.4));
#14145=CARTESIAN_POINT('',(1.1,2.2,1.4));
#14146=CARTESIAN_POINT('Origin',(1.3125,2.25,1.45));
#14147=CARTESIAN_POINT('',(1.25,2.3,1.4));
#14148=CARTESIAN_POINT('',(1.25,2.2,1.5));
#14149=CARTESIAN_POINT('',(1.25,2.225,1.475));
#14150=CARTESIAN_POINT('',(1.5,2.3,1.4));
#14151=CARTESIAN_POINT('',(1.3125,2.3,1.4));
#14152=CARTESIAN_POINT('',(1.5,2.2,1.5));
#14153=CARTESIAN_POINT('',(1.5,2.25,1.45));
#14154=CARTESIAN_POINT('',(0.6875,2.2,1.5));
#14155=CARTESIAN_POINT('Origin',(1.25,2.2,1.5));
#14156=CARTESIAN_POINT('',(1.25,2.1,1.5));
#14157=CARTESIAN_POINT('',(1.25,2.2,1.4));
#14158=CARTESIAN_POINT('Origin',(1.25,2.2,1.4));
#14159=CARTESIAN_POINT('',(1.5,2.2,1.4));
#14160=CARTESIAN_POINT('Origin',(1.7125,2.25,1.45));
#14161=CARTESIAN_POINT('',(1.65,2.3,1.4));
#14162=CARTESIAN_POINT('',(1.65,2.2,1.5));
#14163=CARTESIAN_POINT('',(1.65,2.225,1.475));
#14164=CARTESIAN_POINT('',(1.9,2.3,1.4));
#14165=CARTESIAN_POINT('',(1.7125,2.3,1.4));
#14166=CARTESIAN_POINT('',(1.9,2.2,1.5));
#14167=CARTESIAN_POINT('',(1.9,2.25,1.45));
#14168=CARTESIAN_POINT('',(0.8875,2.2,1.5));
#14169=CARTESIAN_POINT('Origin',(1.65,2.2,1.5));
#14170=CARTESIAN_POINT('',(1.65,2.1,1.5));
#14171=CARTESIAN_POINT('',(1.65,2.2,1.4));
#14172=CARTESIAN_POINT('Origin',(1.65,2.2,1.4));
#14173=CARTESIAN_POINT('',(1.9,2.2,1.4));
#14174=CARTESIAN_POINT('Origin',(2.1125,2.25,1.45));
#14175=CARTESIAN_POINT('',(2.05,2.3,1.4));
#14176=CARTESIAN_POINT('',(2.05,2.2,1.5));
#14177=CARTESIAN_POINT('',(2.05,2.225,1.475));
#14178=CARTESIAN_POINT('',(2.3,2.3,1.4));
#14179=CARTESIAN_POINT('',(2.1125,2.3,1.4));
#14180=CARTESIAN_POINT('',(2.3,2.2,1.5));
#14181=CARTESIAN_POINT('',(2.3,2.25,1.45));
#14182=CARTESIAN_POINT('',(1.0875,2.2,1.5));
#14183=CARTESIAN_POINT('Origin',(2.05,2.2,1.5));
#14184=CARTESIAN_POINT('',(2.05,2.1,1.5));
#14185=CARTESIAN_POINT('',(2.05,2.2,1.4));
#14186=CARTESIAN_POINT('Origin',(2.05,2.2,1.4));
#14187=CARTESIAN_POINT('',(2.3,2.2,1.4));
#14188=CARTESIAN_POINT('Origin',(2.5125,2.25,1.45));
#14189=CARTESIAN_POINT('',(2.45,2.3,1.4));
#14190=CARTESIAN_POINT('',(2.45,2.2,1.5));
#14191=CARTESIAN_POINT('',(2.45,2.225,1.475));
#14192=CARTESIAN_POINT('',(2.7,2.3,1.4));
#14193=CARTESIAN_POINT('',(2.5125,2.3,1.4));
#14194=CARTESIAN_POINT('',(2.7,2.2,1.5));
#14195=CARTESIAN_POINT('',(2.7,2.25,1.45));
#14196=CARTESIAN_POINT('',(1.2875,2.2,1.5));
#14197=CARTESIAN_POINT('Origin',(2.45,2.2,1.5));
#14198=CARTESIAN_POINT('',(2.45,2.1,1.5));
#14199=CARTESIAN_POINT('',(2.45,2.2,1.4));
#14200=CARTESIAN_POINT('Origin',(2.45,2.2,1.4));
#14201=CARTESIAN_POINT('',(2.7,2.2,1.4));
#14202=CARTESIAN_POINT('Origin',(2.9125,2.25,1.45));
#14203=CARTESIAN_POINT('',(2.85,2.3,1.4));
#14204=CARTESIAN_POINT('',(2.85,2.2,1.5));
#14205=CARTESIAN_POINT('',(2.85,2.225,1.475));
#14206=CARTESIAN_POINT('',(3.1,2.3,1.4));
#14207=CARTESIAN_POINT('',(2.9125,2.3,1.4));
#14208=CARTESIAN_POINT('',(3.1,2.2,1.5));
#14209=CARTESIAN_POINT('',(3.1,2.25,1.45));
#14210=CARTESIAN_POINT('',(1.4875,2.2,1.5));
#14211=CARTESIAN_POINT('Origin',(2.85,2.2,1.5));
#14212=CARTESIAN_POINT('',(2.85,2.1,1.5));
#14213=CARTESIAN_POINT('',(2.85,2.2,1.4));
#14214=CARTESIAN_POINT('Origin',(2.85,2.2,1.4));
#14215=CARTESIAN_POINT('',(3.1,2.2,1.4));
#14216=CARTESIAN_POINT('Origin',(0.237499999999999,2.25,2.25));
#14217=CARTESIAN_POINT('',(0.0499999999999989,2.2,2.2));
#14218=CARTESIAN_POINT('',(0.0499999999999989,2.3,2.3));
#14219=CARTESIAN_POINT('',(0.0499999999999989,2.25,2.25));
#14220=CARTESIAN_POINT('',(0.299999999999999,2.2,2.2));
#14221=CARTESIAN_POINT('',(2.0875,2.2,2.2));
#14222=CARTESIAN_POINT('',(0.299999999999999,2.3,2.3));
#14223=CARTESIAN_POINT('',(0.299999999999999,2.225,2.225));
#14224=CARTESIAN_POINT('',(0.237499999999999,2.3,2.3));
#14225=CARTESIAN_POINT('Origin',(0.299999999999999,2.2,2.3));
#14226=CARTESIAN_POINT('',(0.299999999999999,2.2,2.3));
#14227=CARTESIAN_POINT('',(0.0499999999999989,2.2,2.3));
#14228=CARTESIAN_POINT('Origin',(0.0499999999999989,2.2,2.3));
#14229=CARTESIAN_POINT('',(0.0499999999999989,2.1,2.2));
#14230=CARTESIAN_POINT('Origin',(0.6375,2.25,2.25));
#14231=CARTESIAN_POINT('',(0.449999999999999,2.2,2.2));
#14232=CARTESIAN_POINT('',(0.449999999999999,2.3,2.3));
#14233=CARTESIAN_POINT('',(0.449999999999999,2.25,2.25));
#14234=CARTESIAN_POINT('',(0.7,2.2,2.2));
#14235=CARTESIAN_POINT('',(2.2875,2.2,2.2));
#14236=CARTESIAN_POINT('',(0.7,2.3,2.3));
#14237=CARTESIAN_POINT('',(0.7,2.225,2.225));
#14238=CARTESIAN_POINT('',(0.6375,2.3,2.3));
#14239=CARTESIAN_POINT('Origin',(0.7,2.2,2.3));
#14240=CARTESIAN_POINT('',(0.7,2.2,2.3));
#14241=CARTESIAN_POINT('',(0.449999999999999,2.2,2.3));
#14242=CARTESIAN_POINT('Origin',(0.449999999999999,2.2,2.3));
#14243=CARTESIAN_POINT('',(0.449999999999999,2.1,2.2));
#14244=CARTESIAN_POINT('Origin',(1.0375,2.25,2.25));
#14245=CARTESIAN_POINT('',(0.85,2.2,2.2));
#14246=CARTESIAN_POINT('',(0.85,2.3,2.3));
#14247=CARTESIAN_POINT('',(0.85,2.25,2.25));
#14248=CARTESIAN_POINT('',(1.1,2.2,2.2));
#14249=CARTESIAN_POINT('',(2.4875,2.2,2.2));
#14250=CARTESIAN_POINT('',(1.1,2.3,2.3));
#14251=CARTESIAN_POINT('',(1.1,2.225,2.225));
#14252=CARTESIAN_POINT('',(1.0375,2.3,2.3));
#14253=CARTESIAN_POINT('Origin',(1.1,2.2,2.3));
#14254=CARTESIAN_POINT('',(1.1,2.2,2.3));
#14255=CARTESIAN_POINT('',(0.85,2.2,2.3));
#14256=CARTESIAN_POINT('Origin',(0.85,2.2,2.3));
#14257=CARTESIAN_POINT('',(0.85,2.1,2.2));
#14258=CARTESIAN_POINT('Origin',(1.4375,2.25,2.25));
#14259=CARTESIAN_POINT('',(1.25,2.2,2.2));
#14260=CARTESIAN_POINT('',(1.25,2.3,2.3));
#14261=CARTESIAN_POINT('',(1.25,2.25,2.25));
#14262=CARTESIAN_POINT('',(1.5,2.2,2.2));
#14263=CARTESIAN_POINT('',(2.6875,2.2,2.2));
#14264=CARTESIAN_POINT('',(1.5,2.3,2.3));
#14265=CARTESIAN_POINT('',(1.5,2.225,2.225));
#14266=CARTESIAN_POINT('',(1.4375,2.3,2.3));
#14267=CARTESIAN_POINT('Origin',(1.5,2.2,2.3));
#14268=CARTESIAN_POINT('',(1.5,2.2,2.3));
#14269=CARTESIAN_POINT('',(1.25,2.2,2.3));
#14270=CARTESIAN_POINT('Origin',(1.25,2.2,2.3));
#14271=CARTESIAN_POINT('',(1.25,2.1,2.2));
#14272=CARTESIAN_POINT('Origin',(1.8375,2.25,2.25));
#14273=CARTESIAN_POINT('',(1.65,2.2,2.2));
#14274=CARTESIAN_POINT('',(1.65,2.3,2.3));
#14275=CARTESIAN_POINT('',(1.65,2.25,2.25));
#14276=CARTESIAN_POINT('',(1.9,2.2,2.2));
#14277=CARTESIAN_POINT('',(2.8875,2.2,2.2));
#14278=CARTESIAN_POINT('',(1.9,2.3,2.3));
#14279=CARTESIAN_POINT('',(1.9,2.225,2.225));
#14280=CARTESIAN_POINT('',(1.8375,2.3,2.3));
#14281=CARTESIAN_POINT('Origin',(1.9,2.2,2.3));
#14282=CARTESIAN_POINT('',(1.9,2.2,2.3));
#14283=CARTESIAN_POINT('',(1.65,2.2,2.3));
#14284=CARTESIAN_POINT('Origin',(1.65,2.2,2.3));
#14285=CARTESIAN_POINT('',(1.65,2.1,2.2));
#14286=CARTESIAN_POINT('Origin',(2.2375,2.25,2.25));
#14287=CARTESIAN_POINT('',(2.05,2.2,2.2));
#14288=CARTESIAN_POINT('',(2.05,2.3,2.3));
#14289=CARTESIAN_POINT('',(2.05,2.25,2.25));
#14290=CARTESIAN_POINT('',(2.3,2.2,2.2));
#14291=CARTESIAN_POINT('',(3.0875,2.2,2.2));
#14292=CARTESIAN_POINT('',(2.3,2.3,2.3));
#14293=CARTESIAN_POINT('',(2.3,2.225,2.225));
#14294=CARTESIAN_POINT('',(2.2375,2.3,2.3));
#14295=CARTESIAN_POINT('Origin',(2.3,2.2,2.3));
#14296=CARTESIAN_POINT('',(2.3,2.2,2.3));
#14297=CARTESIAN_POINT('',(2.05,2.2,2.3));
#14298=CARTESIAN_POINT('Origin',(2.05,2.2,2.3));
#14299=CARTESIAN_POINT('',(2.05,2.1,2.2));
#14300=CARTESIAN_POINT('Origin',(2.6375,2.25,2.25));
#14301=CARTESIAN_POINT('',(2.45,2.2,2.2));
#14302=CARTESIAN_POINT('',(2.45,2.3,2.3));
#14303=CARTESIAN_POINT('',(2.45,2.25,2.25));
#14304=CARTESIAN_POINT('',(2.7,2.2,2.2));
#14305=CARTESIAN_POINT('',(3.2875,2.2,2.2));
#14306=CARTESIAN_POINT('',(2.7,2.3,2.3));
#14307=CARTESIAN_POINT('',(2.7,2.225,2.225));
#14308=CARTESIAN_POINT('',(2.6375,2.3,2.3));
#14309=CARTESIAN_POINT('Origin',(2.7,2.2,2.3));
#14310=CARTESIAN_POINT('',(2.7,2.2,2.3));
#14311=CARTESIAN_POINT('',(2.45,2.2,2.3));
#14312=CARTESIAN_POINT('Origin',(2.45,2.2,2.3));
#14313=CARTESIAN_POINT('',(2.45,2.1,2.2));
#14314=CARTESIAN_POINT('Origin',(3.0375,2.25,2.25));
#14315=CARTESIAN_POINT('',(2.85,2.2,2.2));
#14316=CARTESIAN_POINT('',(2.85,2.3,2.3));
#14317=CARTESIAN_POINT('',(2.85,2.25,2.25));
#14318=CARTESIAN_POINT('',(3.1,2.2,2.2));
#14319=CARTESIAN_POINT('',(3.4875,2.2,2.2));
#14320=CARTESIAN_POINT('',(3.1,2.3,2.3));
#14321=CARTESIAN_POINT('',(3.1,2.225,2.225));
#14322=CARTESIAN_POINT('',(3.0375,2.3,2.3));
#14323=CARTESIAN_POINT('Origin',(3.1,2.2,2.3));
#14324=CARTESIAN_POINT('',(3.1,2.2,2.3));
#14325=CARTESIAN_POINT('',(2.85,2.2,2.3));
#14326=CARTESIAN_POINT('Origin',(2.85,2.2,2.3));
#14327=CARTESIAN_POINT('',(2.85,2.1,2.2));
#14328=CARTESIAN_POINT('Origin',(3.4375,2.25,2.25));
#14329=CARTESIAN_POINT('',(3.25,2.2,2.2));
#14330=CARTESIAN_POINT('',(3.25,2.3,2.3));
#14331=CARTESIAN_POINT('',(3.25,2.25,2.25));
#14332=CARTESIAN_POINT('',(3.5,2.2,2.2));
#14333=CARTESIAN_POINT('',(3.6875,2.2,2.2));
#14334=CARTESIAN_POINT('',(3.5,2.3,2.3));
#14335=CARTESIAN_POINT('',(3.5,2.225,2.225));
#14336=CARTESIAN_POINT('',(3.4375,2.3,2.3));
#14337=CARTESIAN_POINT('Origin',(3.5,2.2,2.3));
#14338=CARTESIAN_POINT('',(3.5,2.2,2.3));
#14339=CARTESIAN_POINT('',(3.25,2.2,2.3));
#14340=CARTESIAN_POINT('Origin',(3.25,2.2,2.3));
#14341=CARTESIAN_POINT('',(3.25,2.1,2.2));
#14342=CARTESIAN_POINT('Origin',(3.3125,2.25,1.45));
#14343=CARTESIAN_POINT('',(3.25,2.3,1.4));
#14344=CARTESIAN_POINT('',(3.25,2.2,1.5));
#14345=CARTESIAN_POINT('',(3.25,2.225,1.475));
#14346=CARTESIAN_POINT('',(3.5,2.3,1.4));
#14347=CARTESIAN_POINT('',(3.3125,2.3,1.4));
#14348=CARTESIAN_POINT('',(3.5,2.2,1.5));
#14349=CARTESIAN_POINT('',(3.5,2.25,1.45));
#14350=CARTESIAN_POINT('',(1.6875,2.2,1.5));
#14351=CARTESIAN_POINT('Origin',(3.25,2.2,1.5));
#14352=CARTESIAN_POINT('',(3.25,2.1,1.5));
#14353=CARTESIAN_POINT('',(3.25,2.2,1.4));
#14354=CARTESIAN_POINT('Origin',(3.25,2.2,1.4));
#14355=CARTESIAN_POINT('',(3.5,2.2,1.4));
#14356=CARTESIAN_POINT('Origin',(3.7125,2.25,1.45));
#14357=CARTESIAN_POINT('',(3.65,2.3,1.4));
#14358=CARTESIAN_POINT('',(3.65,2.2,1.5));
#14359=CARTESIAN_POINT('',(3.65,2.225,1.475));
#14360=CARTESIAN_POINT('',(3.9,2.3,1.4));
#14361=CARTESIAN_POINT('',(3.7125,2.3,1.4));
#14362=CARTESIAN_POINT('',(3.9,2.2,1.5));
#14363=CARTESIAN_POINT('',(3.9,2.25,1.45));
#14364=CARTESIAN_POINT('',(1.8875,2.2,1.5));
#14365=CARTESIAN_POINT('Origin',(3.65,2.2,1.5));
#14366=CARTESIAN_POINT('',(3.65,2.1,1.5));
#14367=CARTESIAN_POINT('',(3.65,2.2,1.4));
#14368=CARTESIAN_POINT('Origin',(3.65,2.2,1.4));
#14369=CARTESIAN_POINT('',(3.9,2.2,1.4));
#14370=CARTESIAN_POINT('Origin',(3.8375,2.25,2.25));
#14371=CARTESIAN_POINT('',(3.65,2.2,2.2));
#14372=CARTESIAN_POINT('',(3.65,2.3,2.3));
#14373=CARTESIAN_POINT('',(3.65,2.25,2.25));
#14374=CARTESIAN_POINT('',(3.9,2.2,2.2));
#14375=CARTESIAN_POINT('',(3.8875,2.2,2.2));
#14376=CARTESIAN_POINT('',(3.9,2.3,2.3));
#14377=CARTESIAN_POINT('',(3.9,2.225,2.225));
#14378=CARTESIAN_POINT('',(3.8375,2.3,2.3));
#14379=CARTESIAN_POINT('Origin',(3.9,2.2,2.3));
#14380=CARTESIAN_POINT('',(3.9,2.2,2.3));
#14381=CARTESIAN_POINT('',(3.65,2.2,2.3));
#14382=CARTESIAN_POINT('Origin',(3.65,2.2,2.3));
#14383=CARTESIAN_POINT('',(3.65,2.1,2.2));
#14384=CARTESIAN_POINT('Origin',(3.1,2.2,1.4));
#14385=CARTESIAN_POINT('',(3.1,2.1,1.5));
#14386=CARTESIAN_POINT('Origin',(1.5,2.2,1.4));
#14387=CARTESIAN_POINT('',(1.5,2.1,1.5));
#14388=CARTESIAN_POINT('Origin',(3.1,2.2,2.2));
#14389=CARTESIAN_POINT('',(3.1,2.1,2.2));
#14390=CARTESIAN_POINT('Origin',(1.5,2.2,2.2));
#14391=CARTESIAN_POINT('',(1.5,2.1,2.2));
#14392=CARTESIAN_POINT('Origin',(3.5,2.2,1.4));
#14393=CARTESIAN_POINT('',(3.5,2.1,1.5));
#14394=CARTESIAN_POINT('Origin',(3.9,2.2,2.2));
#14395=CARTESIAN_POINT('',(3.9,2.1,2.2));
#14396=CARTESIAN_POINT('Origin',(0.299999999999999,2.2,2.2));
#14397=CARTESIAN_POINT('',(0.299999999999999,2.1,2.2));
#14398=CARTESIAN_POINT('Origin',(1.9,2.2,2.2));
#14399=CARTESIAN_POINT('',(1.9,2.1,2.2));
#14400=CARTESIAN_POINT('Origin',(0.3,2.2,1.4));
#14401=CARTESIAN_POINT('',(0.3,2.1,1.5));
#14402=CARTESIAN_POINT('Origin',(1.9,2.2,1.4));
#14403=CARTESIAN_POINT('',(1.9,2.1,1.5));
#14404=CARTESIAN_POINT('Origin',(2.7,2.2,1.4));
#14405=CARTESIAN_POINT('',(2.7,2.1,1.5));
#14406=CARTESIAN_POINT('Origin',(1.1,2.2,1.4));
#14407=CARTESIAN_POINT('',(1.1,2.1,1.5));
#14408=CARTESIAN_POINT('Origin',(2.7,2.2,2.2));
#14409=CARTESIAN_POINT('',(2.7,2.1,2.2));
#14410=CARTESIAN_POINT('Origin',(1.1,2.2,2.2));
#14411=CARTESIAN_POINT('',(1.1,2.1,2.2));
#14412=CARTESIAN_POINT('Origin',(3.9,2.2,1.4));
#14413=CARTESIAN_POINT('',(3.9,2.1,1.5));
#14414=CARTESIAN_POINT('Origin',(3.5,2.2,2.2));
#14415=CARTESIAN_POINT('',(3.5,2.1,2.2));
#14416=CARTESIAN_POINT('Origin',(0.7,2.2,2.2));
#14417=CARTESIAN_POINT('',(0.7,2.1,2.2));
#14418=CARTESIAN_POINT('Origin',(2.3,2.2,2.2));
#14419=CARTESIAN_POINT('',(2.3,2.1,2.2));
#14420=CARTESIAN_POINT('Origin',(0.7,2.2,1.4));
#14421=CARTESIAN_POINT('',(0.7,2.1,1.5));
#14422=CARTESIAN_POINT('Origin',(2.3,2.2,1.4));
#14423=CARTESIAN_POINT('',(2.3,2.1,1.5));
#14424=CARTESIAN_POINT('Origin',(4.,2.,1.5));
#14425=CARTESIAN_POINT('',(4.,2.,1.6));
#14426=CARTESIAN_POINT('',(4.,2.1,1.5));
#14427=CARTESIAN_POINT('',(4.,2.05,1.55));
#14428=CARTESIAN_POINT('',(4.,2.,1.5));
#14429=CARTESIAN_POINT('',(4.,2.1,2.2));
#14430=CARTESIAN_POINT('',(4.,2.,2.2));
#14431=CARTESIAN_POINT('',(4.,2.,2.1));
#14432=CARTESIAN_POINT('',(4.,1.875,1.975));
#14433=CARTESIAN_POINT('',(4.,2.,1.5));
#14434=CARTESIAN_POINT('Origin',(3.9,1.45,3.25));
#14435=CARTESIAN_POINT('',(2.1,1.5,3.25));
#14436=CARTESIAN_POINT('',(2.35,1.5,3.25));
#14437=CARTESIAN_POINT('',(3.9,1.5,3.25));
#14438=CARTESIAN_POINT('',(2.04566002258837,1.45,3.3));
#14439=CARTESIAN_POINT('Origin',(2.04566002258837,1.45,3.25));
#14440=CARTESIAN_POINT('',(2.34583333333327,1.45,3.3));
#14441=CARTESIAN_POINT('',(3.9,1.45,3.3));
#14442=CARTESIAN_POINT('Origin',(2.34583333333327,1.45,3.25));
#14443=CARTESIAN_POINT('Origin',(2.07551753967396,1.80829020502717,3.25));
#14444=CARTESIAN_POINT('',(2.2,3.30207613699634,3.3));
#14445=CARTESIAN_POINT('',(2.07551753967396,1.80829020502717,3.3));
#14446=CARTESIAN_POINT('',(2.25,3.3,3.25));
#14447=CARTESIAN_POINT('',(2.12534482758621,1.80413793103448,3.25));
#14448=CARTESIAN_POINT('Origin',(2.2,3.30207972893962,3.25));
#14449=CARTESIAN_POINT('Origin',(2.2,2.25,3.25));
#14450=CARTESIAN_POINT('',(2.2,4.55,3.3));
#14451=CARTESIAN_POINT('',(2.2,2.25,3.3));
#14452=CARTESIAN_POINT('',(2.25,4.5,3.25));
#14453=CARTESIAN_POINT('',(2.25,2.25,3.25));
#14454=CARTESIAN_POINT('Origin',(2.2,4.55,3.25));
#14455=CARTESIAN_POINT('Origin',(4.725,4.55,3.25));
#14456=CARTESIAN_POINT('',(3.8,4.55,3.3));
#14457=CARTESIAN_POINT('',(4.725,4.55,3.3));
#14458=CARTESIAN_POINT('',(3.75,4.5,3.25));
#14459=CARTESIAN_POINT('',(4.725,4.5,3.25));
#14460=CARTESIAN_POINT('Origin',(3.8,4.55,3.25));
#14461=CARTESIAN_POINT('Origin',(3.8,1.65,3.25));
#14462=CARTESIAN_POINT('',(3.79999970170535,3.30208330847545,3.3));
#14463=CARTESIAN_POINT('',(3.8,1.65,3.3));
#14464=CARTESIAN_POINT('',(3.75,3.3,3.25));
#14465=CARTESIAN_POINT('',(3.75,1.65,3.25));
#14466=CARTESIAN_POINT('Origin',(3.8,3.30207972893961,3.25));
#14467=CARTESIAN_POINT('Origin',(4.01810314998121,0.684841929165101,3.25));
#14468=CARTESIAN_POINT('',(3.95017331074497,1.5,3.3));
#14469=CARTESIAN_POINT('',(4.01810314998121,0.684841929165101,3.3));
#14470=CARTESIAN_POINT('',(3.9,1.5,3.25));
#14471=CARTESIAN_POINT('',(3.96827586206897,0.680689655172414,3.25));
#14472=CARTESIAN_POINT('Origin',(3.95017331074497,1.5,3.25));
#14473=CARTESIAN_POINT('Origin',(2.1,1.5,3.3));
#14474=CARTESIAN_POINT('',(2.35,1.5,3.));
#14475=CARTESIAN_POINT('',(2.35,1.5,3.3));
#14476=CARTESIAN_POINT('',(2.1,1.5,3.));
#14477=CARTESIAN_POINT('',(1.05,1.5,3.));
#14478=CARTESIAN_POINT('',(2.1,1.5,3.3));
#14479=CARTESIAN_POINT('Origin',(2.25,3.3,3.3));
#14480=CARTESIAN_POINT('',(2.25,3.3,3.));
#14481=CARTESIAN_POINT('',(2.10568965517241,1.56827586206897,3.));
#14482=CARTESIAN_POINT('',(2.25,3.3,3.3));
#14483=CARTESIAN_POINT('Origin',(2.25,4.5,3.3));
#14484=CARTESIAN_POINT('',(2.25,4.5,3.));
#14485=CARTESIAN_POINT('',(2.25,2.25,3.));
#14486=CARTESIAN_POINT('',(2.25,4.5,3.3));
#14487=CARTESIAN_POINT('Origin',(3.75,4.5,3.3));
#14488=CARTESIAN_POINT('',(3.75,4.5,3.));
#14489=CARTESIAN_POINT('',(1.875,4.5,3.));
#14490=CARTESIAN_POINT('',(3.75,4.5,3.3));
#14491=CARTESIAN_POINT('Origin',(3.75,3.3,3.3));
#14492=CARTESIAN_POINT('',(3.75,3.3,3.));
#14493=CARTESIAN_POINT('',(3.75,1.65,3.));
#14494=CARTESIAN_POINT('',(3.75,3.3,3.3));
#14495=CARTESIAN_POINT('Origin',(3.9,1.5,3.3));
#14496=CARTESIAN_POINT('',(3.9,1.5,3.));
#14497=CARTESIAN_POINT('',(3.94862068965517,0.916551724137931,3.));
#14498=CARTESIAN_POINT('',(3.9,1.5,3.3));
#14499=CARTESIAN_POINT('Origin',(2.04583333332927,4.12763932022238,3.04472135955));
#14500=CARTESIAN_POINT('',(2.48333333333529,4.15527864044803,3.08944271909999));
#14501=CARTESIAN_POINT('',(2.48333333333529,4.09999999999802,3.));
#14502=CARTESIAN_POINT('',(2.48333333333529,4.04270509831069,2.90729490168781));
#14503=CARTESIAN_POINT('',(3.51666666666471,4.15527864044956,3.08944271909999));
#14504=CARTESIAN_POINT('',(2.04583333332922,4.15527864044738,3.08944271909999));
#14505=CARTESIAN_POINT('',(3.51666666666471,4.09999999999955,3.));
#14506=CARTESIAN_POINT('',(3.51666666666471,4.19472135954925,3.15326237921201));
#14507=CARTESIAN_POINT('',(2.04583333332931,4.09999999999738,3.));
#14508=CARTESIAN_POINT('Origin',(2.48333333333529,3.1,3.3));
#14509=CARTESIAN_POINT('',(2.48333333333529,3.1,3.));
#14510=CARTESIAN_POINT('',(2.48333333333529,1.55,3.));
#14511=CARTESIAN_POINT('',(2.48333333333529,3.1,3.29064040239168));
#14512=CARTESIAN_POINT('',(2.48333333333529,3.1,3.3));
#14513=CARTESIAN_POINT('',(2.48333333333529,3.18940413639343,3.26423834544263));
#14514=CARTESIAN_POINT('Origin',(2.48333333333529,3.00370879821637,2.8));
#14515=CARTESIAN_POINT('',(2.48333333333529,3.6,3.1));
#14516=CARTESIAN_POINT('',(2.48333333333529,3.225,3.25));
#14517=CARTESIAN_POINT('',(2.48333333333529,3.93847127493589,3.29341215710622));
#14518=CARTESIAN_POINT('',(2.48333333333529,3.54211538461538,3.06692307692308));
#14519=CARTESIAN_POINT('',(2.48333333333529,3.96327822185373,3.3));
#14520=CARTESIAN_POINT('Origin',(2.48333333333529,3.96327822185373,3.25));
#14521=CARTESIAN_POINT('',(2.48333333333529,4.01909830056053,3.3));
#14522=CARTESIAN_POINT('',(2.48333333333529,1.55,3.3));
#14523=CARTESIAN_POINT('',(2.48333333333529,4.06381966011052,3.272360679775));
#14524=CARTESIAN_POINT('Origin',(2.48333333333393,4.01909830056053,3.25));
#14525=CARTESIAN_POINT('',(2.48333333333529,3.99249999999846,3.41499999999913));
#14526=CARTESIAN_POINT('Origin',(4.89583333332943,4.0190983005641,3.25));
#14527=CARTESIAN_POINT('',(3.51666666666471,4.01909830056206,3.3));
#14528=CARTESIAN_POINT('',(4.89583333332943,4.0190983005641,3.3));
#14529=CARTESIAN_POINT('',(3.51666666666471,4.06381966011205,3.272360679775));
#14530=CARTESIAN_POINT('Origin',(3.51666666666498,4.01909830056206,3.25));
#14531=CARTESIAN_POINT('',(4.89583333332936,4.0638196601141,3.272360679775));
#14532=CARTESIAN_POINT('Origin',(5.7,0.,3.3));
#14533=CARTESIAN_POINT('',(3.51666666666471,3.96327822185373,3.3));
#14534=CARTESIAN_POINT('',(5.15416666666617,3.96327822185374,3.3));
#14535=CARTESIAN_POINT('',(3.51666666666471,2.09999999999978,3.3));
#14536=CARTESIAN_POINT('Origin',(5.15416666666617,3.96327822185374,3.25));
#14537=CARTESIAN_POINT('',(3.51666666666471,3.93847127493589,3.29341215710622));
#14538=CARTESIAN_POINT('Origin',(3.51666666666472,3.96327822185373,3.25));
#14539=CARTESIAN_POINT('',(5.15416666666617,3.93847127493589,3.29341215710622));
#14540=CARTESIAN_POINT('Origin',(4.09166666666465,4.1250000000004,3.15));
#14541=CARTESIAN_POINT('',(3.51666666666471,4.10249999999964,3.19499999999983));
#14542=CARTESIAN_POINT('Origin',(4.60833333333235,3.775,3.2));
#14543=CARTESIAN_POINT('',(3.51666666666471,3.6,3.1));
#14544=CARTESIAN_POINT('',(3.51666666666471,3.6,3.1));
#14545=CARTESIAN_POINT('',(3.51666666666471,3.9567307692306,3.30384615384606));
#14546=CARTESIAN_POINT('Origin',(4.22083333333382,3.00370879821637,2.8));
#14547=CARTESIAN_POINT('',(3.51666666666471,3.1,3.29064040239168));
#14548=CARTESIAN_POINT('',(3.52469093348013,3.00370879821637,3.3));
#14549=CARTESIAN_POINT('Origin',(3.52469093348013,3.00370879821637,2.8));
#14550=CARTESIAN_POINT('',(3.51666666666471,3.18940413639343,3.26423834544263));
#14551=CARTESIAN_POINT('Origin',(3.51666666666471,3.00370879821637,2.8));
#14552=CARTESIAN_POINT('',(4.22083333333382,3.18940413639343,3.26423834544263));
#14553=CARTESIAN_POINT('',(2.47530906651987,3.00370879821637,3.3));
#14554=CARTESIAN_POINT('Origin',(2.47530906651987,3.00370879821637,2.8));
#14555=CARTESIAN_POINT('',(4.22083333333382,3.00370879821637,3.3));
#14556=CARTESIAN_POINT('Origin',(2.35,1.5,3.3));
#14557=CARTESIAN_POINT('',(2.27982758620576,0.657931034481503,3.));
#14558=CARTESIAN_POINT('',(2.29948275862013,0.893793103450431,3.3));
#14559=CARTESIAN_POINT('Origin',(2.74166666666764,3.35,3.2));
#14560=CARTESIAN_POINT('',(3.51666666666471,3.69913793103429,3.06034482758628));
#14561=CARTESIAN_POINT('Origin',(3.65,1.5,3.3));
#14562=CARTESIAN_POINT('',(3.65,1.5,3.));
#14563=CARTESIAN_POINT('',(1.825,1.5,3.));
#14564=CARTESIAN_POINT('',(3.65,1.5,3.3));
#14565=CARTESIAN_POINT('',(3.65,1.5,3.3));
#14566=CARTESIAN_POINT('',(4.675,1.5,3.3));
#14567=CARTESIAN_POINT('Origin',(3.51666666666471,3.1,3.3));
#14568=CARTESIAN_POINT('',(3.65247126436794,1.47034482758513,3.3));
#14569=CARTESIAN_POINT('',(3.51666666666471,3.1,3.));
#14570=CARTESIAN_POINT('',(3.63281609195358,1.70620689655406,3.));
#14571=CARTESIAN_POINT('',(3.51666666666471,3.1,3.3));
#14572=CARTESIAN_POINT('Origin',(3.51666666666471,4.19999999999955,3.3));
#14573=CARTESIAN_POINT('',(3.51666666666471,2.09999999999977,3.));
#14574=CARTESIAN_POINT('Origin',(4.45,2.8,3.25));
#14575=CARTESIAN_POINT('',(4.4,5.6,3.25));
#14576=CARTESIAN_POINT('',(4.4,6.8,3.25));
#14577=CARTESIAN_POINT('',(4.4,2.8,3.25));
#14578=CARTESIAN_POINT('',(4.45,5.55,3.3));
#14579=CARTESIAN_POINT('Origin',(4.45,5.55,3.25));
#14580=CARTESIAN_POINT('',(4.45,6.8,3.3));
#14581=CARTESIAN_POINT('',(4.45,2.8,3.3));
#14582=CARTESIAN_POINT('Origin',(4.45,6.8,3.25));
#14583=CARTESIAN_POINT('Origin',(4.35,5.55,3.25));
#14584=CARTESIAN_POINT('',(3.,5.6,3.25));
#14585=CARTESIAN_POINT('',(4.35,5.6,3.25));
#14586=CARTESIAN_POINT('',(2.95,5.55,3.3));
#14587=CARTESIAN_POINT('Origin',(2.95,5.55,3.25));
#14588=CARTESIAN_POINT('',(4.35,5.55,3.3));
#14589=CARTESIAN_POINT('Origin',(2.95,3.4,3.25));
#14590=CARTESIAN_POINT('',(2.95,6.8,3.3));
#14591=CARTESIAN_POINT('',(2.95,3.4,3.3));
#14592=CARTESIAN_POINT('',(3.,6.8,3.25));
#14593=CARTESIAN_POINT('',(3.,3.4,3.25));
#14594=CARTESIAN_POINT('Origin',(2.95,6.8,3.25));
#14595=CARTESIAN_POINT('Origin',(4.4,5.6,3.3));
#14596=CARTESIAN_POINT('',(4.4,6.8,3.));
#14597=CARTESIAN_POINT('',(4.4,6.8,3.3));
#14598=CARTESIAN_POINT('',(4.4,5.6,3.));
#14599=CARTESIAN_POINT('',(4.4,5.6,3.));
#14600=CARTESIAN_POINT('',(4.4,5.6,3.3));
#14601=CARTESIAN_POINT('Origin',(3.,5.6,3.3));
#14602=CARTESIAN_POINT('',(3.,5.6,3.));
#14603=CARTESIAN_POINT('',(3.,5.6,3.));
#14604=CARTESIAN_POINT('',(3.,5.6,3.3));
#14605=CARTESIAN_POINT('Origin',(3.,6.8,3.3));
#14606=CARTESIAN_POINT('',(3.,6.8,3.));
#14607=CARTESIAN_POINT('',(3.,6.8,3.));
#14608=CARTESIAN_POINT('',(3.,6.8,3.3));
#14609=CARTESIAN_POINT('Origin',(5.3,6.72195444572929,3.1));
#14610=CARTESIAN_POINT('',(4.1,6.72195444572929,3.3));
#14611=CARTESIAN_POINT('',(4.1,6.67856835416556,3.29523741203679));
#14612=CARTESIAN_POINT('Origin',(4.1,6.72195444572929,3.1));
#14613=CARTESIAN_POINT('',(3.3,6.72195444572929,3.3));
#14614=CARTESIAN_POINT('',(5.3,6.72195444572929,3.3));
#14615=CARTESIAN_POINT('',(3.3,6.67856835416556,3.29523741203679));
#14616=CARTESIAN_POINT('Origin',(3.3,6.72195444572929,3.1));
#14617=CARTESIAN_POINT('',(5.3,6.67856835416556,3.29523741203679));
#14618=CARTESIAN_POINT('Origin',(4.9,6.25,3.2));
#14619=CARTESIAN_POINT('',(3.3,5.94654050817465,3.13256455737215));
#14620=CARTESIAN_POINT('',(3.3,6.04617647058824,3.15470588235294));
#14621=CARTESIAN_POINT('',(4.1,5.94654050817465,3.13256455737215));
#14622=CARTESIAN_POINT('',(3.3,5.94654050817465,3.13256455737215));
#14623=CARTESIAN_POINT('',(4.1,6.52264705882353,3.26058823529412));
#14624=CARTESIAN_POINT('Origin',(4.1,6.8,3.3));
#14625=CARTESIAN_POINT('',(4.1,5.8,3.));
#14626=CARTESIAN_POINT('Origin',(4.1,5.98992659973838,2.93732714533536));
#14627=CARTESIAN_POINT('',(4.1,6.8,3.));
#14628=CARTESIAN_POINT('',(4.1,6.8,3.));
#14629=CARTESIAN_POINT('',(4.1,6.8,3.3));
#14630=CARTESIAN_POINT('',(4.1,6.8,3.3));
#14631=CARTESIAN_POINT('',(4.1,3.4,3.3));
#14632=CARTESIAN_POINT('Origin',(3.3,5.98992659973838,2.93732714533536));
#14633=CARTESIAN_POINT('',(3.3,5.8,3.));
#14634=CARTESIAN_POINT('Origin',(3.3,5.98992659973838,2.93732714533536));
#14635=CARTESIAN_POINT('',(3.3,5.8,3.));
#14636=CARTESIAN_POINT('Origin',(1.425,7.575,3.025));
#14637=CARTESIAN_POINT('',(0.75,7.6,3.05));
#14638=CARTESIAN_POINT('',(0.75,7.55,3.));
#14639=CARTESIAN_POINT('',(0.75,7.525,2.975));
#14640=CARTESIAN_POINT('',(5.4,7.6,3.05));
#14641=CARTESIAN_POINT('',(1.425,7.6,3.05));
#14642=CARTESIAN_POINT('',(5.4,7.55,3.));
#14643=CARTESIAN_POINT('',(5.4,5.675,1.125));
#14644=CARTESIAN_POINT('',(4.3,7.55,3.));
#14645=CARTESIAN_POINT('',(1.35,7.55,3.));
#14646=CARTESIAN_POINT('',(1.425,7.55,3.));
#14647=CARTESIAN_POINT('Origin',(0.,0.,3.));
#14648=CARTESIAN_POINT('',(4.3,7.3,3.));
#14649=CARTESIAN_POINT('',(4.3,3.65,3.));
#14650=CARTESIAN_POINT('',(0.75,7.3,3.));
#14651=CARTESIAN_POINT('',(1.35,7.3,3.));
#14652=CARTESIAN_POINT('',(0.75,3.55,3.));
#14653=CARTESIAN_POINT('Origin',(0.75,7.1,3.3));
#14654=CARTESIAN_POINT('',(0.75,7.1,3.));
#14655=CARTESIAN_POINT('',(0.75,7.6,3.));
#14656=CARTESIAN_POINT('',(0.75,7.1,3.25));
#14657=CARTESIAN_POINT('',(0.75,7.1,3.3));
#14658=CARTESIAN_POINT('',(0.75,7.6,3.25));
#14659=CARTESIAN_POINT('',(0.75,3.55,3.25));
#14660=CARTESIAN_POINT('',(0.75,7.6,2.475));
#14661=CARTESIAN_POINT('Origin',(0.775,3.55,3.275));
#14662=CARTESIAN_POINT('',(0.8,7.55,3.3));
#14663=CARTESIAN_POINT('',(0.8,7.05,3.3));
#14664=CARTESIAN_POINT('',(0.8,3.55,3.3));
#14665=CARTESIAN_POINT('',(0.75,7.6,3.25));
#14666=CARTESIAN_POINT('',(0.8,7.05,3.3));
#14667=CARTESIAN_POINT('Origin',(4.275,7.575,3.275));
#14668=CARTESIAN_POINT('',(5.5,7.6,3.25));
#14669=CARTESIAN_POINT('',(4.275,7.6,3.25));
#14670=CARTESIAN_POINT('',(5.5,7.55,3.3));
#14671=CARTESIAN_POINT('',(4.275,7.55,3.3));
#14672=CARTESIAN_POINT('',(5.5,7.6,3.25));
#14673=CARTESIAN_POINT('Origin',(5.5,7.575,3.1));
#14674=CARTESIAN_POINT('Origin',(5.5,7.6,3.1));
#14675=CARTESIAN_POINT('Origin',(5.5,7.55,3.1));
#14676=CARTESIAN_POINT('Origin',(3.3,5.8,3.3));
#14677=CARTESIAN_POINT('',(3.3,6.8,3.3));
#14678=CARTESIAN_POINT('',(3.3,2.9,3.3));
#14679=CARTESIAN_POINT('',(3.3,6.8,3.));
#14680=CARTESIAN_POINT('',(3.3,6.8,3.3));
#14681=CARTESIAN_POINT('',(3.3,6.8,3.));
#14682=CARTESIAN_POINT('Origin',(4.4,6.8,3.3));
#14683=CARTESIAN_POINT('',(5.05,6.8,3.3));
#14684=CARTESIAN_POINT('',(4.4,6.8,3.));
#14685=CARTESIAN_POINT('Origin',(3.3,6.8,3.3));
#14686=CARTESIAN_POINT('',(4.5,6.8,3.3));
#14687=CARTESIAN_POINT('',(4.4,6.8,3.));
#14688=CARTESIAN_POINT('Origin',(3.7,6.2,3.));
#14689=CARTESIAN_POINT('Origin',(4.1625,5.8,0.58284271247462));
#14690=CARTESIAN_POINT('',(5.7,5.6,0.582842712474621));
#14691=CARTESIAN_POINT('',(5.7,5.65857864376269,0.441421356237311));
#14692=CARTESIAN_POINT('Origin',(5.7,5.8,0.582842712474621));
#14693=CARTESIAN_POINT('',(5.4,5.6,0.582842712474621));
#14694=CARTESIAN_POINT('',(4.1625,5.6,0.58284271247462));
#14695=CARTESIAN_POINT('',(5.4,5.65857864376269,0.441421356237311));
#14696=CARTESIAN_POINT('Origin',(5.4,5.8,0.582842712474621));
#14697=CARTESIAN_POINT('',(4.1625,5.65857864376269,0.441421356237311));
#14698=CARTESIAN_POINT('Origin',(2.775,5.85,0.250000000000001));
#14699=CARTESIAN_POINT('',(5.4,6.04142135623731,0.0585786437626909));
#14700=CARTESIAN_POINT('',(5.4,3.7,2.4));
#14701=CARTESIAN_POINT('',(5.7,6.04142135623731,0.0585786437626915));
#14702=CARTESIAN_POINT('',(1.3875,6.04142135623731,0.0585786437626903));
#14703=CARTESIAN_POINT('',(5.7,4.2,1.9));
#14704=CARTESIAN_POINT('Origin',(5.7,0.,1.));
#14705=CARTESIAN_POINT('',(5.7,0.05,3.1));
#14706=CARTESIAN_POINT('',(5.7,0.,3.1));
#14707=CARTESIAN_POINT('',(5.7,0.05,1.1070367516976));
#14708=CARTESIAN_POINT('',(5.7,0.05,1.325));
#14709=CARTESIAN_POINT('',(5.7,2.,1.1070367516976));
#14710=CARTESIAN_POINT('',(5.7,0.,1.1070367516976));
#14711=CARTESIAN_POINT('',(5.7,2.,1.59594559789866E-15));
#14712=CARTESIAN_POINT('',(5.7,2.,1.59594559789866E-15));
#14713=CARTESIAN_POINT('',(5.7,2.8,1.59594559789866E-15));
#14714=CARTESIAN_POINT('',(5.7,2.,1.59594559789866E-15));
#14715=CARTESIAN_POINT('',(5.7,2.8,1.1070367516976));
#14716=CARTESIAN_POINT('',(5.7,2.8,1.59594559789866E-15));
#14717=CARTESIAN_POINT('',(5.7,5.6,1.1070367516976));
#14718=CARTESIAN_POINT('',(5.7,0.,1.1070367516976));
#14719=CARTESIAN_POINT('',(5.7,5.6,0.250000000000001));
#14720=CARTESIAN_POINT('Origin',(5.7,6.18284271247462,0.200000000000001));
#14721=CARTESIAN_POINT('Origin',(1.3875,6.18284271247462,0.2));
#14722=CARTESIAN_POINT('Origin',(5.4,6.18284271247462,0.200000000000001));
#14723=CARTESIAN_POINT('Origin',(5.55,5.6,0.500000000000001));
#14724=CARTESIAN_POINT('',(5.61094003924505,5.6,0.940626692830031));
#14725=CARTESIAN_POINT('Origin',(5.5,5.6,1.1070367516976));
#14726=CARTESIAN_POINT('',(5.4,5.6,0.799999999999999));
#14727=CARTESIAN_POINT('',(4.78269230769231,5.6,0.388461538461539));
#14728=CARTESIAN_POINT('',(5.4,5.6,0.65));
#14729=CARTESIAN_POINT('Origin',(5.4,0.,3.));
#14730=CARTESIAN_POINT('',(5.4,7.3,0.8));
#14731=CARTESIAN_POINT('',(5.4,2.5,0.8));
#14732=CARTESIAN_POINT('',(5.4,7.3,2.25));
#14733=CARTESIAN_POINT('Origin',(5.4,6.85,2.29999995529652));
#14734=CARTESIAN_POINT('',(5.4,7.55,2.25));
#14735=CARTESIAN_POINT('Origin',(5.4,0.,3.));
#14736=CARTESIAN_POINT('',(5.4,7.55,2.25));
#14737=CARTESIAN_POINT('Origin',(5.4,0.,3.));
#14738=CARTESIAN_POINT('',(5.4,7.55,2.25));
#14739=CARTESIAN_POINT('',(5.4,7.6,0.65));
#14740=CARTESIAN_POINT('Origin',(2.85,7.6,1.65));
#14741=CARTESIAN_POINT('Origin',(2.7,7.3,1.5));
#14742=CARTESIAN_POINT('',(4.25038491169865,7.3,0.0335899411324317));
#14743=CARTESIAN_POINT('Origin',(4.1394448724536,7.3,0.200000000000001));
#14744=CARTESIAN_POINT('',(5.7,7.3,1.));
#14745=CARTESIAN_POINT('Origin',(4.3,7.3,3.));
#14746=CARTESIAN_POINT('',(4.3,7.3,2.2));
#14747=CARTESIAN_POINT('',(4.3,7.3,2.25));
#14748=CARTESIAN_POINT('',(4.3,7.55,2.2));
#14749=CARTESIAN_POINT('',(4.3,7.55,2.2));
#14750=CARTESIAN_POINT('',(4.3,7.3,2.2));
#14751=CARTESIAN_POINT('Origin',(3.21111111111111,7.3,0.2));
#14752=CARTESIAN_POINT('',(3.21111111111111,7.55,0.2));
#14753=CARTESIAN_POINT('',(3.21111111111111,7.55,0.85));
#14754=CARTESIAN_POINT('',(3.21111111111111,7.9,0.2));
#14755=CARTESIAN_POINT('',(3.21111111111111,7.3,0.2));
#14756=CARTESIAN_POINT('',(3.21111111111111,8.1,0.1));
#14757=CARTESIAN_POINT('',(3.21111111111111,7.71,0.295));
#14758=CARTESIAN_POINT('',(3.21111111111111,8.1,0.2));
#14759=CARTESIAN_POINT('Origin',(3.07222222222222,7.3,0.2));
#14760=CARTESIAN_POINT('',(3.07222222222222,7.55,0.2));
#14761=CARTESIAN_POINT('',(2.82222222222222,7.55,0.2));
#14762=CARTESIAN_POINT('',(2.88611111111111,7.55,0.2));
#14763=CARTESIAN_POINT('',(3.07222222222222,7.9,0.2));
#14764=CARTESIAN_POINT('',(3.07222222222222,7.3,0.2));
#14765=CARTESIAN_POINT('',(2.82222222222222,7.9,0.2));
#14766=CARTESIAN_POINT('',(3.00972222222222,7.9,0.2));
#14767=CARTESIAN_POINT('',(2.82222222222222,7.3,0.2));
#14768=CARTESIAN_POINT('Origin',(2.82222222222222,7.3,0.2));
#14769=CARTESIAN_POINT('',(2.82222222222222,7.55,0.85));
#14770=CARTESIAN_POINT('',(2.82222222222222,8.1,0.1));
#14771=CARTESIAN_POINT('',(2.82222222222222,7.71,0.295));
#14772=CARTESIAN_POINT('',(2.82222222222222,8.1,0.2));
#14773=CARTESIAN_POINT('Origin',(2.68333333333333,7.3,0.2));
#14774=CARTESIAN_POINT('',(2.68333333333333,7.55,0.2));
#14775=CARTESIAN_POINT('',(2.43333333333333,7.55,0.2));
#14776=CARTESIAN_POINT('',(2.69166666666667,7.55,0.2));
#14777=CARTESIAN_POINT('',(2.68333333333333,7.9,0.2));
#14778=CARTESIAN_POINT('',(2.68333333333333,7.3,0.2));
#14779=CARTESIAN_POINT('',(2.43333333333333,7.9,0.2));
#14780=CARTESIAN_POINT('',(2.62083333333333,7.9,0.2));
#14781=CARTESIAN_POINT('',(2.43333333333333,7.3,0.2));
#14782=CARTESIAN_POINT('Origin',(3.6,7.3,0.2));
#14783=CARTESIAN_POINT('',(3.6,7.55,0.2));
#14784=CARTESIAN_POINT('',(3.6,7.55,0.85));
#14785=CARTESIAN_POINT('',(3.6,7.9,0.2));
#14786=CARTESIAN_POINT('',(3.6,7.3,0.2));
#14787=CARTESIAN_POINT('',(3.6,8.1,0.1));
#14788=CARTESIAN_POINT('',(3.6,7.71,0.295));
#14789=CARTESIAN_POINT('',(3.6,8.1,0.2));
#14790=CARTESIAN_POINT('Origin',(2.43333333333333,7.3,0.2));
#14791=CARTESIAN_POINT('',(2.43333333333333,7.55,0.85));
#14792=CARTESIAN_POINT('',(2.43333333333333,8.1,0.1));
#14793=CARTESIAN_POINT('',(2.43333333333333,7.71,0.295));
#14794=CARTESIAN_POINT('',(2.43333333333333,8.1,0.2));
#14795=CARTESIAN_POINT('Origin',(2.29444444444444,7.3,0.2));
#14796=CARTESIAN_POINT('',(2.29444444444444,7.55,0.2));
#14797=CARTESIAN_POINT('',(2.04444444444444,7.55,0.2));
#14798=CARTESIAN_POINT('',(2.49722222222222,7.55,0.2));
#14799=CARTESIAN_POINT('',(2.29444444444444,7.9,0.2));
#14800=CARTESIAN_POINT('',(2.29444444444444,7.3,0.2));
#14801=CARTESIAN_POINT('',(2.04444444444444,7.9,0.2));
#14802=CARTESIAN_POINT('',(2.23194444444444,7.9,0.2));
#14803=CARTESIAN_POINT('',(2.04444444444444,7.3,0.2));
#14804=CARTESIAN_POINT('Origin',(2.04444444444444,7.3,0.2));
#14805=CARTESIAN_POINT('',(2.04444444444444,7.55,0.85));
#14806=CARTESIAN_POINT('',(2.04444444444444,8.1,0.1));
#14807=CARTESIAN_POINT('',(2.04444444444444,7.71,0.295));
#14808=CARTESIAN_POINT('',(2.04444444444444,8.1,0.2));
#14809=CARTESIAN_POINT('Origin',(1.90555555555556,7.3,0.2));
#14810=CARTESIAN_POINT('',(1.90555555555556,7.55,0.2));
#14811=CARTESIAN_POINT('',(1.65555555555556,7.55,0.2));
#14812=CARTESIAN_POINT('',(2.30277777777778,7.55,0.199999999999999));
#14813=CARTESIAN_POINT('',(1.90555555555556,7.9,0.2));
#14814=CARTESIAN_POINT('',(1.90555555555556,7.3,0.2));
#14815=CARTESIAN_POINT('',(1.65555555555556,7.9,0.2));
#14816=CARTESIAN_POINT('',(1.84305555555556,7.9,0.2));
#14817=CARTESIAN_POINT('',(1.65555555555556,7.3,0.2));
#14818=CARTESIAN_POINT('Origin',(1.65555555555556,7.3,0.2));
#14819=CARTESIAN_POINT('',(1.65555555555556,7.55,0.85));
#14820=CARTESIAN_POINT('',(1.65555555555556,8.1,0.1));
#14821=CARTESIAN_POINT('',(1.65555555555556,7.71,0.295));
#14822=CARTESIAN_POINT('',(1.65555555555556,8.1,0.2));
#14823=CARTESIAN_POINT('Origin',(1.51666666666667,7.3,0.2));
#14824=CARTESIAN_POINT('',(1.51666666666667,7.55,0.2));
#14825=CARTESIAN_POINT('',(1.26666666666667,7.55,0.2));
#14826=CARTESIAN_POINT('',(2.10833333333333,7.55,0.199999999999999));
#14827=CARTESIAN_POINT('',(1.51666666666667,7.9,0.2));
#14828=CARTESIAN_POINT('',(1.51666666666667,7.3,0.2));
#14829=CARTESIAN_POINT('',(1.26666666666667,7.9,0.2));
#14830=CARTESIAN_POINT('',(1.45416666666667,7.9,0.2));
#14831=CARTESIAN_POINT('',(1.26666666666667,7.3,0.2));
#14832=CARTESIAN_POINT('Origin',(1.26666666666667,7.3,0.2));
#14833=CARTESIAN_POINT('',(1.26666666666667,7.55,0.85));
#14834=CARTESIAN_POINT('',(1.26666666666667,8.1,0.1));
#14835=CARTESIAN_POINT('',(1.26666666666667,7.71,0.295));
#14836=CARTESIAN_POINT('',(1.26666666666667,8.1,0.2));
#14837=CARTESIAN_POINT('Origin',(1.12777777777778,7.3,0.2));
#14838=CARTESIAN_POINT('',(1.12777777777778,7.55,0.2));
#14839=CARTESIAN_POINT('',(0.877777777777778,7.55,0.2));
#14840=CARTESIAN_POINT('',(1.91388888888889,7.55,0.199999999999999));
#14841=CARTESIAN_POINT('',(1.12777777777778,7.9,0.2));
#14842=CARTESIAN_POINT('',(1.12777777777778,7.3,0.2));
#14843=CARTESIAN_POINT('',(0.877777777777778,7.9,0.2));
#14844=CARTESIAN_POINT('',(1.06527777777778,7.9,0.2));
#14845=CARTESIAN_POINT('',(0.877777777777778,7.3,0.2));
#14846=CARTESIAN_POINT('Origin',(0.877777777777778,7.3,0.2));
#14847=CARTESIAN_POINT('',(0.877777777777778,7.55,0.85));
#14848=CARTESIAN_POINT('',(0.877777777777778,8.1,0.1));
#14849=CARTESIAN_POINT('',(0.877777777777778,7.71,0.295));
#14850=CARTESIAN_POINT('',(0.877777777777778,8.1,0.2));
#14851=CARTESIAN_POINT('Origin',(0.1,7.3,0.2));
#14852=CARTESIAN_POINT('',(0.1,7.55,0.2));
#14853=CARTESIAN_POINT('',(0.1,7.55,0.85));
#14854=CARTESIAN_POINT('',(0.1,7.9,0.2));
#14855=CARTESIAN_POINT('',(0.1,7.3,0.2));
#14856=CARTESIAN_POINT('',(0.1,8.1,0.1));
#14857=CARTESIAN_POINT('',(0.1,7.71,0.295));
#14858=CARTESIAN_POINT('',(0.1,8.1,0.2));
#14859=CARTESIAN_POINT('Origin',(0.738888888888889,7.3,0.2));
#14860=CARTESIAN_POINT('',(0.738888888888889,7.55,0.2));
#14861=CARTESIAN_POINT('',(0.488888888888889,7.55,0.2));
#14862=CARTESIAN_POINT('',(1.71944444444444,7.55,0.199999999999999));
#14863=CARTESIAN_POINT('',(0.738888888888889,7.9,0.2));
#14864=CARTESIAN_POINT('',(0.738888888888889,7.3,0.2));
#14865=CARTESIAN_POINT('',(0.488888888888889,7.9,0.2));
#14866=CARTESIAN_POINT('',(0.676388888888889,7.9,0.2));
#14867=CARTESIAN_POINT('',(0.488888888888889,7.3,0.2));
#14868=CARTESIAN_POINT('Origin',(0.488888888888889,7.3,0.2));
#14869=CARTESIAN_POINT('',(0.488888888888889,7.55,0.85));
#14870=CARTESIAN_POINT('',(0.488888888888889,8.1,0.1));
#14871=CARTESIAN_POINT('',(0.488888888888889,7.71,0.295));
#14872=CARTESIAN_POINT('',(0.488888888888889,8.1,0.2));
#14873=CARTESIAN_POINT('Origin',(3.7875,8.,0.15));
#14874=CARTESIAN_POINT('',(3.85,7.9,0.2));
#14875=CARTESIAN_POINT('',(3.7875,7.9,0.2));
#14876=CARTESIAN_POINT('',(3.85,8.1,0.0999999999999998));
#14877=CARTESIAN_POINT('',(3.85,7.75,0.275));
#14878=CARTESIAN_POINT('',(3.7875,8.1,0.0999999999999998));
#14879=CARTESIAN_POINT('Origin',(3.725,8.1,0.1));
#14880=CARTESIAN_POINT('',(3.85,8.1,6.66966864964105E-17));
#14881=CARTESIAN_POINT('Origin',(3.85,7.3,0.2));
#14882=CARTESIAN_POINT('',(3.85,7.55,0.2));
#14883=CARTESIAN_POINT('',(3.275,7.55,0.2));
#14884=CARTESIAN_POINT('',(3.85,7.3,0.2));
#14885=CARTESIAN_POINT('Origin',(3.85,7.3,6.66966864964105E-17));
#14886=CARTESIAN_POINT('',(3.85,7.55,0.75));
#14887=CARTESIAN_POINT('Origin',(3.39861111111111,8.,0.15));
#14888=CARTESIAN_POINT('',(3.46111111111111,7.9,0.2));
#14889=CARTESIAN_POINT('',(3.39861111111111,7.9,0.2));
#14890=CARTESIAN_POINT('',(3.46111111111111,8.1,0.0999999999999998));
#14891=CARTESIAN_POINT('',(3.46111111111111,7.75,0.275));
#14892=CARTESIAN_POINT('',(3.39861111111111,8.1,0.0999999999999998));
#14893=CARTESIAN_POINT('Origin',(3.33611111111111,8.1,0.1));
#14894=CARTESIAN_POINT('',(3.46111111111111,8.1,6.66966864964105E-17));
#14895=CARTESIAN_POINT('Origin',(3.46111111111111,7.3,0.2));
#14896=CARTESIAN_POINT('',(3.46111111111111,7.55,0.2));
#14897=CARTESIAN_POINT('',(3.08055555555556,7.55,0.2));
#14898=CARTESIAN_POINT('',(3.46111111111111,7.3,0.2));
#14899=CARTESIAN_POINT('Origin',(3.46111111111111,7.3,6.66966864964105E-17));
#14900=CARTESIAN_POINT('',(3.46111111111111,7.55,0.75));
#14901=CARTESIAN_POINT('Origin',(3.00972222222222,8.,0.15));
#14902=CARTESIAN_POINT('',(3.07222222222222,8.1,0.0999999999999998));
#14903=CARTESIAN_POINT('',(3.07222222222222,7.75,0.275));
#14904=CARTESIAN_POINT('',(3.00972222222222,8.1,0.0999999999999998));
#14905=CARTESIAN_POINT('Origin',(2.94722222222222,8.1,0.1));
#14906=CARTESIAN_POINT('',(3.07222222222222,8.1,6.66966864964105E-17));
#14907=CARTESIAN_POINT('Origin',(3.07222222222222,7.3,6.66966864964105E-17));
#14908=CARTESIAN_POINT('',(3.07222222222222,7.55,0.75));
#14909=CARTESIAN_POINT('Origin',(2.62083333333333,8.,0.15));
#14910=CARTESIAN_POINT('',(2.68333333333333,8.1,0.0999999999999998));
#14911=CARTESIAN_POINT('',(2.68333333333333,7.75,0.275));
#14912=CARTESIAN_POINT('',(2.62083333333333,8.1,0.0999999999999998));
#14913=CARTESIAN_POINT('Origin',(2.55833333333333,8.1,0.1));
#14914=CARTESIAN_POINT('',(2.68333333333333,8.1,6.66966864964105E-17));
#14915=CARTESIAN_POINT('Origin',(2.68333333333333,7.3,6.66966864964105E-17));
#14916=CARTESIAN_POINT('',(2.68333333333333,7.55,0.75));
#14917=CARTESIAN_POINT('Origin',(2.23194444444444,8.,0.15));
#14918=CARTESIAN_POINT('',(2.29444444444444,8.1,0.0999999999999998));
#14919=CARTESIAN_POINT('',(2.29444444444444,7.75,0.275));
#14920=CARTESIAN_POINT('',(2.23194444444444,8.1,0.0999999999999998));
#14921=CARTESIAN_POINT('Origin',(2.16944444444444,8.1,0.1));
#14922=CARTESIAN_POINT('',(2.29444444444444,8.1,6.66966864964105E-17));
#14923=CARTESIAN_POINT('Origin',(2.29444444444444,7.3,6.66966864964105E-17));
#14924=CARTESIAN_POINT('',(2.29444444444444,7.55,0.75));
#14925=CARTESIAN_POINT('Origin',(1.84305555555556,8.,0.15));
#14926=CARTESIAN_POINT('',(1.90555555555556,8.1,0.0999999999999998));
#14927=CARTESIAN_POINT('',(1.90555555555556,7.75,0.275));
#14928=CARTESIAN_POINT('',(1.84305555555556,8.1,0.0999999999999998));
#14929=CARTESIAN_POINT('Origin',(1.78055555555556,8.1,0.1));
#14930=CARTESIAN_POINT('',(1.90555555555556,8.1,6.66966864964105E-17));
#14931=CARTESIAN_POINT('Origin',(1.90555555555556,7.3,6.66966864964105E-17));
#14932=CARTESIAN_POINT('',(1.90555555555556,7.55,0.75));
#14933=CARTESIAN_POINT('Origin',(1.45416666666667,8.,0.15));
#14934=CARTESIAN_POINT('',(1.51666666666667,8.1,0.0999999999999998));
#14935=CARTESIAN_POINT('',(1.51666666666667,7.75,0.275));
#14936=CARTESIAN_POINT('',(1.45416666666667,8.1,0.0999999999999998));
#14937=CARTESIAN_POINT('Origin',(1.39166666666667,8.1,0.1));
#14938=CARTESIAN_POINT('',(1.51666666666667,8.1,6.66966864964105E-17));
#14939=CARTESIAN_POINT('Origin',(1.51666666666667,7.3,6.66966864964105E-17));
#14940=CARTESIAN_POINT('',(1.51666666666667,7.55,0.75));
#14941=CARTESIAN_POINT('Origin',(1.06527777777778,8.,0.15));
#14942=CARTESIAN_POINT('',(1.12777777777778,8.1,0.0999999999999998));
#14943=CARTESIAN_POINT('',(1.12777777777778,7.75,0.275));
#14944=CARTESIAN_POINT('',(1.06527777777778,8.1,0.0999999999999998));
#14945=CARTESIAN_POINT('Origin',(1.00277777777778,8.1,0.1));
#14946=CARTESIAN_POINT('',(1.12777777777778,8.1,6.66966864964105E-17));
#14947=CARTESIAN_POINT('Origin',(1.12777777777778,7.3,6.66966864964105E-17));
#14948=CARTESIAN_POINT('',(1.12777777777778,7.55,0.75));
#14949=CARTESIAN_POINT('Origin',(0.676388888888889,8.,0.15));
#14950=CARTESIAN_POINT('',(0.738888888888889,8.1,0.0999999999999998));
#14951=CARTESIAN_POINT('',(0.738888888888889,7.75,0.275));
#14952=CARTESIAN_POINT('',(0.676388888888889,8.1,0.0999999999999999));
#14953=CARTESIAN_POINT('Origin',(0.613888888888889,8.1,0.1));
#14954=CARTESIAN_POINT('',(0.738888888888889,8.1,6.66966864964105E-17));
#14955=CARTESIAN_POINT('Origin',(0.738888888888889,7.3,6.66966864964105E-17));
#14956=CARTESIAN_POINT('',(0.738888888888889,7.55,0.75));
#14957=CARTESIAN_POINT('Origin',(0.2875,8.,0.15));
#14958=CARTESIAN_POINT('',(0.35,7.9,0.2));
#14959=CARTESIAN_POINT('',(0.2875,7.9,0.2));
#14960=CARTESIAN_POINT('',(0.35,8.1,0.0999999999999998));
#14961=CARTESIAN_POINT('',(0.35,7.75,0.275));
#14962=CARTESIAN_POINT('',(0.2875,8.1,0.0999999999999999));
#14963=CARTESIAN_POINT('Origin',(0.225,8.1,0.1));
#14964=CARTESIAN_POINT('',(0.35,8.1,6.66966864964105E-17));
#14965=CARTESIAN_POINT('Origin',(0.35,7.3,0.2));
#14966=CARTESIAN_POINT('',(0.35,7.55,0.2));
#14967=CARTESIAN_POINT('',(1.525,7.55,0.199999999999999));
#14968=CARTESIAN_POINT('',(0.35,7.3,0.2));
#14969=CARTESIAN_POINT('Origin',(0.35,7.3,6.66966864964105E-17));
#14970=CARTESIAN_POINT('',(0.35,7.55,0.75));
#14971=CARTESIAN_POINT('Ctrl Pts',(4.1243060905672,0.,0.250000000000001));
#14972=CARTESIAN_POINT('Ctrl Pts',(4.12957018194435,4.4506655313131E-16,
0.284973764804596));
#14973=CARTESIAN_POINT('Ctrl Pts',(4.13435976452992,0.0238200612200842,
0.316794970566216));
#14974=CARTESIAN_POINT('Ctrl Pts',(4.13435976452992,0.0499999999999992,
0.316794970566216));
#14975=CARTESIAN_POINT('Ctrl Pts',(4.1243060905672,0.,0.250000000000001));
#14976=CARTESIAN_POINT('Ctrl Pts',(4.11988883715876,4.11664102278056E-16,
0.282042489463036));
#14977=CARTESIAN_POINT('Ctrl Pts',(4.11805150655148,0.0269466926114109,
0.30592279858059));
#14978=CARTESIAN_POINT('Ctrl Pts',(4.11805150655148,0.0499999999999992,
0.30592279858059));
#14979=CARTESIAN_POINT('Ctrl Pts',(4.1243060905672,0.,0.250000000000001));
#14980=CARTESIAN_POINT('Ctrl Pts',(4.11020749237317,3.78261651424804E-16,
0.279111214121476));
#14981=CARTESIAN_POINT('Ctrl Pts',(4.09848983169232,0.0269466926114108,
0.300000000000001));
#14982=CARTESIAN_POINT('Ctrl Pts',(4.09848983169232,0.0499999999999993,
0.300000000000001));
#14983=CARTESIAN_POINT('Ctrl Pts',(4.1243060905672,0.,0.250000000000001));
#14984=CARTESIAN_POINT('Ctrl Pts',(4.10052614758758,3.4485920057155E-16,
0.276179938779916));
#14985=CARTESIAN_POINT('Ctrl Pts',(4.0788897449074,0.0238200612200843,0.300000000000001));
#14986=CARTESIAN_POINT('Ctrl Pts',(4.0788897449074,0.0499999999999994,0.300000000000001));
#14987=CARTESIAN_POINT('',(4.13435976452992,0.05,0.316794970566217));
#14988=CARTESIAN_POINT('Origin',(4.0788897449074,0.05,0.400000000000001));
#14989=CARTESIAN_POINT('',(4.1243060905672,0.,0.250000000000001));
#14990=CARTESIAN_POINT('Origin',(4.1243060905672,0.05,0.250000000000001));
#14991=CARTESIAN_POINT('Origin',(4.1243060905672,0.05,0.250000000000001));
#14992=CARTESIAN_POINT('Origin',(4.0788897449074,0.,0.400000000000001));
#14993=CARTESIAN_POINT('',(4.13435976452992,0.,0.316794970566216));
#14994=CARTESIAN_POINT('Origin',(4.65799151883904,0.05,0.605790285514562));
#14995=CARTESIAN_POINT('',(5.45,0.,1.13379593962186));
#14996=CARTESIAN_POINT('',(4.65799151883904,0.,0.605790285514562));
#14997=CARTESIAN_POINT('',(5.35547001962252,0.05,1.13086847396128));
#14998=CARTESIAN_POINT('Origin',(5.45,0.05,1.13379593962186));
#14999=CARTESIAN_POINT('',(4.63025650902778,0.05,0.647392800231454));
#15000=CARTESIAN_POINT('Ctrl Pts',(5.45,0.,1.13379593962186));
#15001=CARTESIAN_POINT('Ctrl Pts',(5.42382006122009,2.2707477200577E-18,
1.17582917372153));
#15002=CARTESIAN_POINT('Ctrl Pts',(5.4,0.0238200612200851,1.21407350339506));
#15003=CARTESIAN_POINT('Ctrl Pts',(5.4,0.05,1.21407350339506));
#15004=CARTESIAN_POINT('Ctrl Pts',(5.45,0.,1.13379593962186));
#15005=CARTESIAN_POINT('Ctrl Pts',(5.41604811348573,5.98945075872595E-17,
1.16130715654314));
#15006=CARTESIAN_POINT('Ctrl Pts',(5.4,0.0331623895505774,1.18131371262015));
#15007=CARTESIAN_POINT('Ctrl Pts',(5.4,0.05,1.18131371262015));
#15008=CARTESIAN_POINT('Ctrl Pts',(5.45,1.63194187322843E-30,1.13379593962186));
#15009=CARTESIAN_POINT('Ctrl Pts',(5.40827616575138,2.2707477200596E-18,
1.14678513936476));
#15010=CARTESIAN_POINT('Ctrl Pts',(5.38272781317923,0.0331623895505773,
1.14904033633242));
#15011=CARTESIAN_POINT('Ctrl Pts',(5.38272781317923,0.05,1.14904033633242));
#15012=CARTESIAN_POINT('Ctrl Pts',(5.45,0.,1.13379593962186));
#15013=CARTESIAN_POINT('Ctrl Pts',(5.40050421801702,-1.70600531881547E-16,
1.13226312218637));
#15014=CARTESIAN_POINT('Ctrl Pts',(5.35547001962252,0.0238200612200849,
1.13086847396128));
#15015=CARTESIAN_POINT('Ctrl Pts',(5.35547001962252,0.05,1.13086847396128));
#15016=CARTESIAN_POINT('',(5.4,0.05,1.21407350339506));
#15017=CARTESIAN_POINT('Origin',(5.3,0.05,1.21407350339506));
#15018=CARTESIAN_POINT('Origin',(5.45,0.05,1.13379593962186));
#15019=CARTESIAN_POINT('Origin',(5.3,0.,1.21407350339506));
#15020=CARTESIAN_POINT('',(5.35547001962252,0.,1.13086847396128));
#15021=CARTESIAN_POINT('',(5.4,0.,1.21407350339506));
#15022=CARTESIAN_POINT('Origin',(5.4,0.,1.16055512754626));
#15023=CARTESIAN_POINT('Origin',(5.45,0.05,2.325));
#15024=CARTESIAN_POINT('',(5.45,0.,3.05));
#15025=CARTESIAN_POINT('',(5.45,0.,2.325));
#15026=CARTESIAN_POINT('',(5.4,0.05,2.9));
#15027=CARTESIAN_POINT('Origin',(5.45,0.05,3.05));
#15028=CARTESIAN_POINT('',(5.4,0.05,2.325));
#15029=CARTESIAN_POINT('Ctrl Pts',(5.45,0.,3.05));
#15030=CARTESIAN_POINT('Ctrl Pts',(5.37146018366025,0.,3.02382006122009));
#15031=CARTESIAN_POINT('Ctrl Pts',(5.3,0.0238200612200851,3.));
#15032=CARTESIAN_POINT('Ctrl Pts',(5.3,0.05,3.));
#15033=CARTESIAN_POINT('Ctrl Pts',(5.45,1.17390015657889E-30,3.05));
#15034=CARTESIAN_POINT('Ctrl Pts',(5.38143349367165,1.6608897609565E-16,
3.01384675120869));
#15035=CARTESIAN_POINT('Ctrl Pts',(5.32991993003419,0.0397213114450786,
3.));
#15036=CARTESIAN_POINT('Ctrl Pts',(5.32991993003419,0.05,3.));
#15037=CARTESIAN_POINT('Ctrl Pts',(5.45,-1.3677653117942E-31,3.05));
#15038=CARTESIAN_POINT('Ctrl Pts',(5.39888678619159,3.46018700199269E-16,
2.99639345868875));
#15039=CARTESIAN_POINT('Ctrl Pts',(5.38175732606284,0.0533825111371458,
2.97491819657792));
#15040=CARTESIAN_POINT('Ctrl Pts',(5.38175732606284,0.05,2.97491819657792));
#15041=CARTESIAN_POINT('Ctrl Pts',(5.45,2.76469767463832E-46,3.05));
#15042=CARTESIAN_POINT('Ctrl Pts',(5.41634007871154,3.32177952191298E-16,
2.9789401661688));
#15043=CARTESIAN_POINT('Ctrl Pts',(5.4,0.0355881109981177,2.92243994752564));
#15044=CARTESIAN_POINT('Ctrl Pts',(5.4,0.05,2.92243994752564));
#15045=CARTESIAN_POINT('Ctrl Pts',(5.45,0.,3.05));
#15046=CARTESIAN_POINT('Ctrl Pts',(5.42382006122009,2.90655708167386E-16,
2.97146018366025));
#15047=CARTESIAN_POINT('Ctrl Pts',(5.4,0.0238200612200851,2.9));
#15048=CARTESIAN_POINT('Ctrl Pts',(5.4,0.05,2.9));
#15049=CARTESIAN_POINT('',(5.3,0.05,3.));
#15050=CARTESIAN_POINT('Origin',(5.3,0.05,2.9));
#15051=CARTESIAN_POINT('Origin',(5.45,0.05,3.05));
#15052=CARTESIAN_POINT('Origin',(5.3,0.,2.9));
#15053=CARTESIAN_POINT('',(5.4,0.,2.9));
#15054=CARTESIAN_POINT('',(5.3,0.,3.));
#15055=CARTESIAN_POINT('Origin',(5.4,0.,3.));
#15056=CARTESIAN_POINT('Origin',(4.1394448724536,0.05,0.200000000000001));
#15057=CARTESIAN_POINT('',(4.22264990188738,0.,0.0751924558493238));
#15058=CARTESIAN_POINT('',(4.25038491169865,0.05,0.0335899411324319));
#15059=CARTESIAN_POINT('Origin',(4.22264990188738,0.05,0.075192455849324));
#15060=CARTESIAN_POINT('',(4.1394448724536,0.,0.0500000000000007));
#15061=CARTESIAN_POINT('Origin',(4.1394448724536,0.,0.200000000000001));
#15062=CARTESIAN_POINT('Origin',(4.1394448724536,0.05,0.0500000000000007));
#15063=CARTESIAN_POINT('Origin',(4.1394448724536,0.05,0.200000000000001));
#15064=CARTESIAN_POINT('Origin',(4.1394448724536,0.,0.200000000000001));
#15065=CARTESIAN_POINT('',(4.25038491169865,0.,0.0335899411324316));
#15066=CARTESIAN_POINT('Origin',(4.08572652865028,0.05,-0.0160897929754149));
#15067=CARTESIAN_POINT('',(5.61094003924505,0.05,0.940626692830032));
#15068=CARTESIAN_POINT('',(4.11346153846154,0.05,-0.057692307692307));
#15069=CARTESIAN_POINT('',(5.58320502943379,0.,0.982229207546924));
#15070=CARTESIAN_POINT('Origin',(5.58320502943379,0.05,0.982229207546924));
#15071=CARTESIAN_POINT('',(4.08572652865028,0.,-0.0160897929754149));
#15072=CARTESIAN_POINT('Origin',(5.5,0.05,1.1070367516976));
#15073=CARTESIAN_POINT('',(5.65,0.,1.1070367516976));
#15074=CARTESIAN_POINT('Origin',(5.65,0.05,1.1070367516976));
#15075=CARTESIAN_POINT('Origin',(5.5,0.,1.1070367516976));
#15076=CARTESIAN_POINT('Origin',(5.5,0.05,1.1070367516976));
#15077=CARTESIAN_POINT('Origin',(5.5,0.,1.1070367516976));
#15078=CARTESIAN_POINT('',(5.61094003924505,2.,0.940626692830031));
#15079=CARTESIAN_POINT('Origin',(5.5,2.,1.1070367516976));
#15080=CARTESIAN_POINT('',(5.61094003924505,0.,0.940626692830032));
#15081=CARTESIAN_POINT('Origin',(4.2,0.,6.93889390390723E-16));
#15082=CARTESIAN_POINT('',(5.61094003924505,2.8,0.940626692830031));
#15083=CARTESIAN_POINT('',(5.61094003924505,0.,0.940626692830032));
#15084=CARTESIAN_POINT('',(5.4,2.8,0.8));
#15085=CARTESIAN_POINT('',(4.78269230769231,2.8,0.388461538461539));
#15086=CARTESIAN_POINT('',(5.4,2.,0.799999999999999));
#15087=CARTESIAN_POINT('',(5.4,1.,0.8));
#15088=CARTESIAN_POINT('',(4.78269230769231,2.,0.388461538461539));
#15089=CARTESIAN_POINT('Origin',(5.5,0.,1.1070367516976));
#15090=CARTESIAN_POINT('Origin',(5.5,2.8,1.1070367516976));
#15091=CARTESIAN_POINT('Origin',(5.5,0.05,3.1));
#15092=CARTESIAN_POINT('',(5.5,0.,3.25));
#15093=CARTESIAN_POINT('',(5.5,0.05,3.3));
#15094=CARTESIAN_POINT('Origin',(5.5,0.05,3.25));
#15095=CARTESIAN_POINT('',(5.65,0.,3.1));
#15096=CARTESIAN_POINT('Origin',(5.5,0.,3.1));
#15097=CARTESIAN_POINT('Origin',(5.65,0.05,3.1));
#15098=CARTESIAN_POINT('Origin',(5.5,0.05,3.1));
#15099=CARTESIAN_POINT('Origin',(5.5,0.,3.1));
#15100=CARTESIAN_POINT('',(5.5,0.,3.3));
#15101=CARTESIAN_POINT('Origin',(5.65,0.05,1.325));
#15102=CARTESIAN_POINT('',(5.65,0.,1.325));
#15103=CARTESIAN_POINT('Origin',(5.4,2.,1.87350135405495E-15));
#15104=CARTESIAN_POINT('',(5.4,2.,1.87350135405495E-15));
#15105=CARTESIAN_POINT('',(5.4,2.,1.87350135405495E-15));
#15106=CARTESIAN_POINT('',(5.4,2.8,1.87350135405495E-15));
#15107=CARTESIAN_POINT('',(5.4,2.,1.87350135405495E-15));
#15108=CARTESIAN_POINT('',(5.4,2.8,1.87350135405495E-15));
#15109=CARTESIAN_POINT('Origin',(5.4,2.,0.799999999999999));
#15110=CARTESIAN_POINT('',(5.4,2.,0.799999999999999));
#15111=CARTESIAN_POINT('',(5.4,2.8,0.799999999999999));
#15112=CARTESIAN_POINT('Origin',(5.55,2.8,0.500000000000001));
#15113=CARTESIAN_POINT('Origin',(5.55,2.,0.500000000000001));
#15114=CARTESIAN_POINT('Origin',(-5.675,7.575,1.325));
#15115=CARTESIAN_POINT('',(-5.65,7.6,1.99999995529652));
#15116=CARTESIAN_POINT('',(-5.65,7.6,1.325));
#15117=CARTESIAN_POINT('',(-5.7,7.55,1.94999995529652));
#15118=CARTESIAN_POINT('',(-5.7,7.55,1.325));
#15119=CARTESIAN_POINT('',(-5.7,7.55,1.94999995529652));
#15120=CARTESIAN_POINT('Origin',(-5.675,3.8,2.62499995529652));
#15121=CARTESIAN_POINT('',(-5.7,7.55,2.64999995529652));
#15122=CARTESIAN_POINT('',(-5.65,7.6,2.59999995529652));
#15123=CARTESIAN_POINT('',(-6.0875000074506,7.16249999254939,3.03749996274712));
#15124=CARTESIAN_POINT('',(-5.65,6.3,2.59999995529652));
#15125=CARTESIAN_POINT('',(-5.65,3.8,2.59999995529652));
#15126=CARTESIAN_POINT('',(-5.7,6.3,2.64999995529652));
#15127=CARTESIAN_POINT('',(-5.65,6.3,2.59999995529652));
#15128=CARTESIAN_POINT('',(-5.7,3.8,2.64999995529652));
#15129=CARTESIAN_POINT('Origin',(-5.675,6.3,2.39999995529652));
#15130=CARTESIAN_POINT('',(-5.65,6.1,2.39999995529652));
#15131=CARTESIAN_POINT('Origin',(-5.65,6.3,2.39999995529652));
#15132=CARTESIAN_POINT('',(-5.7,6.05,2.39999995529652));
#15133=CARTESIAN_POINT('',(-5.65,6.1,2.39999995529652));
#15134=CARTESIAN_POINT('Origin',(-5.7,6.3,2.39999995529652));
#15135=CARTESIAN_POINT('Origin',(-5.675,6.075,1.79999997764826));
#15136=CARTESIAN_POINT('',(-5.65,6.1,2.19999995529652));
#15137=CARTESIAN_POINT('',(-5.7,6.05,2.19999995529652));
#15138=CARTESIAN_POINT('',(-5.65,6.1,2.19999995529652));
#15139=CARTESIAN_POINT('',(-5.7,6.05,1.79999997764826));
#15140=CARTESIAN_POINT('',(-5.65,6.1,1.79999997764826));
#15141=CARTESIAN_POINT('Origin',(-5.675,6.3,2.19999995529652));
#15142=CARTESIAN_POINT('',(-5.65,6.3,1.99999995529652));
#15143=CARTESIAN_POINT('Origin',(-5.65,6.3,2.19999995529652));
#15144=CARTESIAN_POINT('',(-5.7,6.3,1.94999995529652));
#15145=CARTESIAN_POINT('',(-5.65,6.3,1.99999995529652));
#15146=CARTESIAN_POINT('Origin',(-5.7,6.3,2.19999995529652));
#15147=CARTESIAN_POINT('Origin',(-5.675,3.05,1.97499995529652));
#15148=CARTESIAN_POINT('',(-5.7,3.05,1.94999995529652));
#15149=CARTESIAN_POINT('',(-5.65,3.05,1.99999995529652));
#15150=CARTESIAN_POINT('Origin',(-2.85,7.6,1.65));
#15151=CARTESIAN_POINT('',(-5.4,7.6,1.99999995529652));
#15152=CARTESIAN_POINT('',(-4.275,7.6,1.99999995529652));
#15153=CARTESIAN_POINT('',(-5.4,7.6,0.65));
#15154=CARTESIAN_POINT('Origin',(-5.7,6.1,1.99999995529652));
#15155=CARTESIAN_POINT('',(-5.4,6.3,1.99999995529652));
#15156=CARTESIAN_POINT('',(-5.7,6.3,1.99999995529652));
#15157=CARTESIAN_POINT('',(-5.4,7.55,1.99999995529652));
#15158=CARTESIAN_POINT('',(-5.4,6.1,1.99999995529652));
#15159=CARTESIAN_POINT('',(-5.4,3.05,1.99999995529652));
#15160=CARTESIAN_POINT('Origin',(-5.7,6.3,2.19999995529652));
#15161=CARTESIAN_POINT('',(-5.4,6.1,2.19999995529652));
#15162=CARTESIAN_POINT('',(-5.7,6.1,2.19999995529652));
#15163=CARTESIAN_POINT('Origin',(-5.4,6.3,2.19999995529652));
#15164=CARTESIAN_POINT('Origin',(-5.7,6.1,2.59999995529652));
#15165=CARTESIAN_POINT('',(-5.4,6.1,2.39999995529652));
#15166=CARTESIAN_POINT('',(-5.7,6.1,2.39999995529652));
#15167=CARTESIAN_POINT('',(-5.4,6.1,2.59999995529652));
#15168=CARTESIAN_POINT('Origin',(-5.7,6.3,2.39999995529652));
#15169=CARTESIAN_POINT('',(-5.4,6.3,2.59999995529652));
#15170=CARTESIAN_POINT('',(-5.7,6.3,2.59999995529652));
#15171=CARTESIAN_POINT('Origin',(-5.4,6.3,2.39999995529652));
#15172=CARTESIAN_POINT('Origin',(-5.7,7.6,2.59999995529652));
#15173=CARTESIAN_POINT('',(-5.4,7.6,2.59999995529652));
#15174=CARTESIAN_POINT('',(-4.275,7.6,2.59999995529652));
#15175=CARTESIAN_POINT('',(-5.4,7.55,2.59999995529652));
#15176=CARTESIAN_POINT('',(-5.4,3.8,2.59999995529652));
#15177=CARTESIAN_POINT('',(-5.4,7.6,2.59999995529652));
#15178=CARTESIAN_POINT('Origin',(-5.675,7.575,1.325));
#15179=CARTESIAN_POINT('',(-5.7,7.55,3.1));
#15180=CARTESIAN_POINT('',(-5.7,7.55,1.325));
#15181=CARTESIAN_POINT('',(-5.65,7.6,3.1));
#15182=CARTESIAN_POINT('',(-5.65,7.6,3.1));
#15183=CARTESIAN_POINT('',(-5.65,7.6,1.325));
#15184=CARTESIAN_POINT('Origin',(-0.1125,2.25,1.45));
#15185=CARTESIAN_POINT('',(-0.0499999999999995,2.3,1.4));
#15186=CARTESIAN_POINT('',(-0.0499999999999995,2.2,1.5));
#15187=CARTESIAN_POINT('',(-0.0499999999999995,2.225,1.475));
#15188=CARTESIAN_POINT('',(-0.3,2.2,1.5));
#15189=CARTESIAN_POINT('',(-0.0874999999999998,2.2,1.5));
#15190=CARTESIAN_POINT('',(-0.3,2.3,1.4));
#15191=CARTESIAN_POINT('',(-0.3,2.25,1.45));
#15192=CARTESIAN_POINT('',(-0.1125,2.3,1.4));
#15193=CARTESIAN_POINT('Origin',(-0.0499999999999995,2.2,1.5));
#15194=CARTESIAN_POINT('',(-0.0499999999999995,2.2,1.4));
#15195=CARTESIAN_POINT('',(-0.0499999999999995,2.1,1.5));
#15196=CARTESIAN_POINT('Origin',(-0.0499999999999995,2.2,1.4));
#15197=CARTESIAN_POINT('',(-0.3,2.2,1.4));
#15198=CARTESIAN_POINT('Origin',(-0.5125,2.25,1.45));
#15199=CARTESIAN_POINT('',(-0.45,2.3,1.4));
#15200=CARTESIAN_POINT('',(-0.45,2.2,1.5));
#15201=CARTESIAN_POINT('',(-0.45,2.225,1.475));
#15202=CARTESIAN_POINT('',(-0.7,2.2,1.5));
#15203=CARTESIAN_POINT('',(-0.2875,2.2,1.5));
#15204=CARTESIAN_POINT('',(-0.7,2.3,1.4));
#15205=CARTESIAN_POINT('',(-0.7,2.25,1.45));
#15206=CARTESIAN_POINT('',(-0.5125,2.3,1.4));
#15207=CARTESIAN_POINT('Origin',(-0.45,2.2,1.5));
#15208=CARTESIAN_POINT('',(-0.45,2.2,1.4));
#15209=CARTESIAN_POINT('',(-0.45,2.1,1.5));
#15210=CARTESIAN_POINT('Origin',(-0.45,2.2,1.4));
#15211=CARTESIAN_POINT('',(-0.7,2.2,1.4));
#15212=CARTESIAN_POINT('Origin',(-0.9125,2.25,1.45));
#15213=CARTESIAN_POINT('',(-0.85,2.3,1.4));
#15214=CARTESIAN_POINT('',(-0.85,2.2,1.5));
#15215=CARTESIAN_POINT('',(-0.85,2.225,1.475));
#15216=CARTESIAN_POINT('',(-1.1,2.2,1.5));
#15217=CARTESIAN_POINT('',(-0.4875,2.2,1.5));
#15218=CARTESIAN_POINT('',(-1.1,2.3,1.4));
#15219=CARTESIAN_POINT('',(-1.1,2.25,1.45));
#15220=CARTESIAN_POINT('',(-0.9125,2.3,1.4));
#15221=CARTESIAN_POINT('Origin',(-0.85,2.2,1.5));
#15222=CARTESIAN_POINT('',(-0.85,2.2,1.4));
#15223=CARTESIAN_POINT('',(-0.85,2.1,1.5));
#15224=CARTESIAN_POINT('Origin',(-0.85,2.2,1.4));
#15225=CARTESIAN_POINT('',(-1.1,2.2,1.4));
#15226=CARTESIAN_POINT('Origin',(-1.3125,2.25,1.45));
#15227=CARTESIAN_POINT('',(-1.25,2.3,1.4));
#15228=CARTESIAN_POINT('',(-1.25,2.2,1.5));
#15229=CARTESIAN_POINT('',(-1.25,2.225,1.475));
#15230=CARTESIAN_POINT('',(-1.5,2.2,1.5));
#15231=CARTESIAN_POINT('',(-0.6875,2.2,1.5));
#15232=CARTESIAN_POINT('',(-1.5,2.3,1.4));
#15233=CARTESIAN_POINT('',(-1.5,2.25,1.45));
#15234=CARTESIAN_POINT('',(-1.3125,2.3,1.4));
#15235=CARTESIAN_POINT('Origin',(-1.25,2.2,1.5));
#15236=CARTESIAN_POINT('',(-1.25,2.2,1.4));
#15237=CARTESIAN_POINT('',(-1.25,2.1,1.5));
#15238=CARTESIAN_POINT('Origin',(-1.25,2.2,1.4));
#15239=CARTESIAN_POINT('',(-1.5,2.2,1.4));
#15240=CARTESIAN_POINT('Origin',(-1.7125,2.25,1.45));
#15241=CARTESIAN_POINT('',(-1.65,2.3,1.4));
#15242=CARTESIAN_POINT('',(-1.65,2.2,1.5));
#15243=CARTESIAN_POINT('',(-1.65,2.225,1.475));
#15244=CARTESIAN_POINT('',(-1.9,2.2,1.5));
#15245=CARTESIAN_POINT('',(-0.8875,2.2,1.5));
#15246=CARTESIAN_POINT('',(-1.9,2.3,1.4));
#15247=CARTESIAN_POINT('',(-1.9,2.25,1.45));
#15248=CARTESIAN_POINT('',(-1.7125,2.3,1.4));
#15249=CARTESIAN_POINT('Origin',(-1.65,2.2,1.5));
#15250=CARTESIAN_POINT('',(-1.65,2.2,1.4));
#15251=CARTESIAN_POINT('',(-1.65,2.1,1.5));
#15252=CARTESIAN_POINT('Origin',(-1.65,2.2,1.4));
#15253=CARTESIAN_POINT('',(-1.9,2.2,1.4));
#15254=CARTESIAN_POINT('Origin',(-2.1125,2.25,1.45));
#15255=CARTESIAN_POINT('',(-2.05,2.3,1.4));
#15256=CARTESIAN_POINT('',(-2.05,2.2,1.5));
#15257=CARTESIAN_POINT('',(-2.05,2.225,1.475));
#15258=CARTESIAN_POINT('',(-2.3,2.2,1.5));
#15259=CARTESIAN_POINT('',(-1.0875,2.2,1.5));
#15260=CARTESIAN_POINT('',(-2.3,2.3,1.4));
#15261=CARTESIAN_POINT('',(-2.3,2.25,1.45));
#15262=CARTESIAN_POINT('',(-2.1125,2.3,1.4));
#15263=CARTESIAN_POINT('Origin',(-2.05,2.2,1.5));
#15264=CARTESIAN_POINT('',(-2.05,2.2,1.4));
#15265=CARTESIAN_POINT('',(-2.05,2.1,1.5));
#15266=CARTESIAN_POINT('Origin',(-2.05,2.2,1.4));
#15267=CARTESIAN_POINT('',(-2.3,2.2,1.4));
#15268=CARTESIAN_POINT('Origin',(-2.5125,2.25,1.45));
#15269=CARTESIAN_POINT('',(-2.45,2.3,1.4));
#15270=CARTESIAN_POINT('',(-2.45,2.2,1.5));
#15271=CARTESIAN_POINT('',(-2.45,2.225,1.475));
#15272=CARTESIAN_POINT('',(-2.7,2.2,1.5));
#15273=CARTESIAN_POINT('',(-1.2875,2.2,1.5));
#15274=CARTESIAN_POINT('',(-2.7,2.3,1.4));
#15275=CARTESIAN_POINT('',(-2.7,2.25,1.45));
#15276=CARTESIAN_POINT('',(-2.5125,2.3,1.4));
#15277=CARTESIAN_POINT('Origin',(-2.45,2.2,1.5));
#15278=CARTESIAN_POINT('',(-2.45,2.2,1.4));
#15279=CARTESIAN_POINT('',(-2.45,2.1,1.5));
#15280=CARTESIAN_POINT('Origin',(-2.45,2.2,1.4));
#15281=CARTESIAN_POINT('',(-2.7,2.2,1.4));
#15282=CARTESIAN_POINT('Origin',(-2.9125,2.25,1.45));
#15283=CARTESIAN_POINT('',(-2.85,2.3,1.4));
#15284=CARTESIAN_POINT('',(-2.85,2.2,1.5));
#15285=CARTESIAN_POINT('',(-2.85,2.225,1.475));
#15286=CARTESIAN_POINT('',(-3.1,2.2,1.5));
#15287=CARTESIAN_POINT('',(-1.4875,2.2,1.5));
#15288=CARTESIAN_POINT('',(-3.1,2.3,1.4));
#15289=CARTESIAN_POINT('',(-3.1,2.25,1.45));
#15290=CARTESIAN_POINT('',(-2.9125,2.3,1.4));
#15291=CARTESIAN_POINT('Origin',(-2.85,2.2,1.5));
#15292=CARTESIAN_POINT('',(-2.85,2.2,1.4));
#15293=CARTESIAN_POINT('',(-2.85,2.1,1.5));
#15294=CARTESIAN_POINT('Origin',(-2.85,2.2,1.4));
#15295=CARTESIAN_POINT('',(-3.1,2.2,1.4));
#15296=CARTESIAN_POINT('Origin',(-0.237499999999999,2.25,2.25));
#15297=CARTESIAN_POINT('',(-0.0499999999999989,2.2,2.2));
#15298=CARTESIAN_POINT('',(-0.0499999999999989,2.3,2.3));
#15299=CARTESIAN_POINT('',(-0.0499999999999989,2.25,2.25));
#15300=CARTESIAN_POINT('',(-0.299999999999999,2.3,2.3));
#15301=CARTESIAN_POINT('',(-0.237499999999999,2.3,2.3));
#15302=CARTESIAN_POINT('',(-0.299999999999999,2.2,2.2));
#15303=CARTESIAN_POINT('',(-0.299999999999999,2.225,2.225));
#15304=CARTESIAN_POINT('',(-2.0875,2.2,2.2));
#15305=CARTESIAN_POINT('Origin',(-0.299999999999999,2.2,2.3));
#15306=CARTESIAN_POINT('',(-0.0499999999999989,2.2,2.3));
#15307=CARTESIAN_POINT('',(-0.299999999999999,2.2,2.3));
#15308=CARTESIAN_POINT('Origin',(-0.0499999999999989,2.2,2.3));
#15309=CARTESIAN_POINT('',(-0.0499999999999989,2.1,2.2));
#15310=CARTESIAN_POINT('Origin',(-0.6375,2.25,2.25));
#15311=CARTESIAN_POINT('',(-0.449999999999999,2.2,2.2));
#15312=CARTESIAN_POINT('',(-0.449999999999999,2.3,2.3));
#15313=CARTESIAN_POINT('',(-0.449999999999999,2.25,2.25));
#15314=CARTESIAN_POINT('',(-0.7,2.3,2.3));
#15315=CARTESIAN_POINT('',(-0.6375,2.3,2.3));
#15316=CARTESIAN_POINT('',(-0.7,2.2,2.2));
#15317=CARTESIAN_POINT('',(-0.7,2.225,2.225));
#15318=CARTESIAN_POINT('',(-2.2875,2.2,2.2));
#15319=CARTESIAN_POINT('Origin',(-0.7,2.2,2.3));
#15320=CARTESIAN_POINT('',(-0.449999999999999,2.2,2.3));
#15321=CARTESIAN_POINT('',(-0.7,2.2,2.3));
#15322=CARTESIAN_POINT('Origin',(-0.449999999999999,2.2,2.3));
#15323=CARTESIAN_POINT('',(-0.449999999999999,2.1,2.2));
#15324=CARTESIAN_POINT('Origin',(-1.0375,2.25,2.25));
#15325=CARTESIAN_POINT('',(-0.85,2.2,2.2));
#15326=CARTESIAN_POINT('',(-0.85,2.3,2.3));
#15327=CARTESIAN_POINT('',(-0.85,2.25,2.25));
#15328=CARTESIAN_POINT('',(-1.1,2.3,2.3));
#15329=CARTESIAN_POINT('',(-1.0375,2.3,2.3));
#15330=CARTESIAN_POINT('',(-1.1,2.2,2.2));
#15331=CARTESIAN_POINT('',(-1.1,2.225,2.225));
#15332=CARTESIAN_POINT('',(-2.4875,2.2,2.2));
#15333=CARTESIAN_POINT('Origin',(-1.1,2.2,2.3));
#15334=CARTESIAN_POINT('',(-0.85,2.2,2.3));
#15335=CARTESIAN_POINT('',(-1.1,2.2,2.3));
#15336=CARTESIAN_POINT('Origin',(-0.85,2.2,2.3));
#15337=CARTESIAN_POINT('',(-0.85,2.1,2.2));
#15338=CARTESIAN_POINT('Origin',(-1.4375,2.25,2.25));
#15339=CARTESIAN_POINT('',(-1.25,2.2,2.2));
#15340=CARTESIAN_POINT('',(-1.25,2.3,2.3));
#15341=CARTESIAN_POINT('',(-1.25,2.25,2.25));
#15342=CARTESIAN_POINT('',(-1.5,2.3,2.3));
#15343=CARTESIAN_POINT('',(-1.4375,2.3,2.3));
#15344=CARTESIAN_POINT('',(-1.5,2.2,2.2));
#15345=CARTESIAN_POINT('',(-1.5,2.225,2.225));
#15346=CARTESIAN_POINT('',(-2.6875,2.2,2.2));
#15347=CARTESIAN_POINT('Origin',(-1.5,2.2,2.3));
#15348=CARTESIAN_POINT('',(-1.25,2.2,2.3));
#15349=CARTESIAN_POINT('',(-1.5,2.2,2.3));
#15350=CARTESIAN_POINT('Origin',(-1.25,2.2,2.3));
#15351=CARTESIAN_POINT('',(-1.25,2.1,2.2));
#15352=CARTESIAN_POINT('Origin',(-1.8375,2.25,2.25));
#15353=CARTESIAN_POINT('',(-1.65,2.2,2.2));
#15354=CARTESIAN_POINT('',(-1.65,2.3,2.3));
#15355=CARTESIAN_POINT('',(-1.65,2.25,2.25));
#15356=CARTESIAN_POINT('',(-1.9,2.3,2.3));
#15357=CARTESIAN_POINT('',(-1.8375,2.3,2.3));
#15358=CARTESIAN_POINT('',(-1.9,2.2,2.2));
#15359=CARTESIAN_POINT('',(-1.9,2.225,2.225));
#15360=CARTESIAN_POINT('',(-2.8875,2.2,2.2));
#15361=CARTESIAN_POINT('Origin',(-1.9,2.2,2.3));
#15362=CARTESIAN_POINT('',(-1.65,2.2,2.3));
#15363=CARTESIAN_POINT('',(-1.9,2.2,2.3));
#15364=CARTESIAN_POINT('Origin',(-1.65,2.2,2.3));
#15365=CARTESIAN_POINT('',(-1.65,2.1,2.2));
#15366=CARTESIAN_POINT('Origin',(-2.2375,2.25,2.25));
#15367=CARTESIAN_POINT('',(-2.05,2.2,2.2));
#15368=CARTESIAN_POINT('',(-2.05,2.3,2.3));
#15369=CARTESIAN_POINT('',(-2.05,2.25,2.25));
#15370=CARTESIAN_POINT('',(-2.3,2.3,2.3));
#15371=CARTESIAN_POINT('',(-2.2375,2.3,2.3));
#15372=CARTESIAN_POINT('',(-2.3,2.2,2.2));
#15373=CARTESIAN_POINT('',(-2.3,2.225,2.225));
#15374=CARTESIAN_POINT('',(-3.0875,2.2,2.2));
#15375=CARTESIAN_POINT('Origin',(-2.3,2.2,2.3));
#15376=CARTESIAN_POINT('',(-2.05,2.2,2.3));
#15377=CARTESIAN_POINT('',(-2.3,2.2,2.3));
#15378=CARTESIAN_POINT('Origin',(-2.05,2.2,2.3));
#15379=CARTESIAN_POINT('',(-2.05,2.1,2.2));
#15380=CARTESIAN_POINT('Origin',(-2.6375,2.25,2.25));
#15381=CARTESIAN_POINT('',(-2.45,2.2,2.2));
#15382=CARTESIAN_POINT('',(-2.45,2.3,2.3));
#15383=CARTESIAN_POINT('',(-2.45,2.25,2.25));
#15384=CARTESIAN_POINT('',(-2.7,2.3,2.3));
#15385=CARTESIAN_POINT('',(-2.6375,2.3,2.3));
#15386=CARTESIAN_POINT('',(-2.7,2.2,2.2));
#15387=CARTESIAN_POINT('',(-2.7,2.225,2.225));
#15388=CARTESIAN_POINT('',(-3.2875,2.2,2.2));
#15389=CARTESIAN_POINT('Origin',(-2.7,2.2,2.3));
#15390=CARTESIAN_POINT('',(-2.45,2.2,2.3));
#15391=CARTESIAN_POINT('',(-2.7,2.2,2.3));
#15392=CARTESIAN_POINT('Origin',(-2.45,2.2,2.3));
#15393=CARTESIAN_POINT('',(-2.45,2.1,2.2));
#15394=CARTESIAN_POINT('Origin',(-3.0375,2.25,2.25));
#15395=CARTESIAN_POINT('',(-2.85,2.2,2.2));
#15396=CARTESIAN_POINT('',(-2.85,2.3,2.3));
#15397=CARTESIAN_POINT('',(-2.85,2.25,2.25));
#15398=CARTESIAN_POINT('',(-3.1,2.3,2.3));
#15399=CARTESIAN_POINT('',(-3.0375,2.3,2.3));
#15400=CARTESIAN_POINT('',(-3.1,2.2,2.2));
#15401=CARTESIAN_POINT('',(-3.1,2.225,2.225));
#15402=CARTESIAN_POINT('',(-3.4875,2.2,2.2));
#15403=CARTESIAN_POINT('Origin',(-3.1,2.2,2.3));
#15404=CARTESIAN_POINT('',(-2.85,2.2,2.3));
#15405=CARTESIAN_POINT('',(-3.1,2.2,2.3));
#15406=CARTESIAN_POINT('Origin',(-2.85,2.2,2.3));
#15407=CARTESIAN_POINT('',(-2.85,2.1,2.2));
#15408=CARTESIAN_POINT('Origin',(-3.4375,2.25,2.25));
#15409=CARTESIAN_POINT('',(-3.25,2.2,2.2));
#15410=CARTESIAN_POINT('',(-3.25,2.3,2.3));
#15411=CARTESIAN_POINT('',(-3.25,2.25,2.25));
#15412=CARTESIAN_POINT('',(-3.5,2.3,2.3));
#15413=CARTESIAN_POINT('',(-3.4375,2.3,2.3));
#15414=CARTESIAN_POINT('',(-3.5,2.2,2.2));
#15415=CARTESIAN_POINT('',(-3.5,2.225,2.225));
#15416=CARTESIAN_POINT('',(-3.6875,2.2,2.2));
#15417=CARTESIAN_POINT('Origin',(-3.5,2.2,2.3));
#15418=CARTESIAN_POINT('',(-3.25,2.2,2.3));
#15419=CARTESIAN_POINT('',(-3.5,2.2,2.3));
#15420=CARTESIAN_POINT('Origin',(-3.25,2.2,2.3));
#15421=CARTESIAN_POINT('',(-3.25,2.1,2.2));
#15422=CARTESIAN_POINT('Origin',(-3.3125,2.25,1.45));
#15423=CARTESIAN_POINT('',(-3.25,2.3,1.4));
#15424=CARTESIAN_POINT('',(-3.25,2.2,1.5));
#15425=CARTESIAN_POINT('',(-3.25,2.225,1.475));
#15426=CARTESIAN_POINT('',(-3.5,2.2,1.5));
#15427=CARTESIAN_POINT('',(-1.6875,2.2,1.5));
#15428=CARTESIAN_POINT('',(-3.5,2.3,1.4));
#15429=CARTESIAN_POINT('',(-3.5,2.25,1.45));
#15430=CARTESIAN_POINT('',(-3.3125,2.3,1.4));
#15431=CARTESIAN_POINT('Origin',(-3.25,2.2,1.5));
#15432=CARTESIAN_POINT('',(-3.25,2.2,1.4));
#15433=CARTESIAN_POINT('',(-3.25,2.1,1.5));
#15434=CARTESIAN_POINT('Origin',(-3.25,2.2,1.4));
#15435=CARTESIAN_POINT('',(-3.5,2.2,1.4));
#15436=CARTESIAN_POINT('Origin',(-3.7125,2.25,1.45));
#15437=CARTESIAN_POINT('',(-3.65,2.3,1.4));
#15438=CARTESIAN_POINT('',(-3.65,2.2,1.5));
#15439=CARTESIAN_POINT('',(-3.65,2.225,1.475));
#15440=CARTESIAN_POINT('',(-3.9,2.2,1.5));
#15441=CARTESIAN_POINT('',(-1.8875,2.2,1.5));
#15442=CARTESIAN_POINT('',(-3.9,2.3,1.4));
#15443=CARTESIAN_POINT('',(-3.9,2.25,1.45));
#15444=CARTESIAN_POINT('',(-3.7125,2.3,1.4));
#15445=CARTESIAN_POINT('Origin',(-3.65,2.2,1.5));
#15446=CARTESIAN_POINT('',(-3.65,2.2,1.4));
#15447=CARTESIAN_POINT('',(-3.65,2.1,1.5));
#15448=CARTESIAN_POINT('Origin',(-3.65,2.2,1.4));
#15449=CARTESIAN_POINT('',(-3.9,2.2,1.4));
#15450=CARTESIAN_POINT('Origin',(-3.8375,2.25,2.25));
#15451=CARTESIAN_POINT('',(-3.65,2.2,2.2));
#15452=CARTESIAN_POINT('',(-3.65,2.3,2.3));
#15453=CARTESIAN_POINT('',(-3.65,2.25,2.25));
#15454=CARTESIAN_POINT('',(-3.9,2.3,2.3));
#15455=CARTESIAN_POINT('',(-3.8375,2.3,2.3));
#15456=CARTESIAN_POINT('',(-3.9,2.2,2.2));
#15457=CARTESIAN_POINT('',(-3.9,2.225,2.225));
#15458=CARTESIAN_POINT('',(-3.8875,2.2,2.2));
#15459=CARTESIAN_POINT('Origin',(-3.9,2.2,2.3));
#15460=CARTESIAN_POINT('',(-3.65,2.2,2.3));
#15461=CARTESIAN_POINT('',(-3.9,2.2,2.3));
#15462=CARTESIAN_POINT('Origin',(-3.65,2.2,2.3));
#15463=CARTESIAN_POINT('',(-3.65,2.1,2.2));
#15464=CARTESIAN_POINT('Origin',(-3.1,2.2,1.4));
#15465=CARTESIAN_POINT('',(-3.1,2.1,1.5));
#15466=CARTESIAN_POINT('Origin',(0.,2.,1.5));
#15467=CARTESIAN_POINT('',(-2.7,2.1,1.5));
#15468=CARTESIAN_POINT('',(-2.3,2.1,1.5));
#15469=CARTESIAN_POINT('',(-1.9,2.1,1.5));
#15470=CARTESIAN_POINT('',(-1.5,2.1,1.5));
#15471=CARTESIAN_POINT('',(-1.1,2.1,1.5));
#15472=CARTESIAN_POINT('',(-0.7,2.1,1.5));
#15473=CARTESIAN_POINT('',(-0.3,2.1,1.5));
#15474=CARTESIAN_POINT('',(-4.,2.1,1.5));
#15475=CARTESIAN_POINT('',(-1.,2.1,1.5));
#15476=CARTESIAN_POINT('',(-4.,2.,1.5));
#15477=CARTESIAN_POINT('',(-3.9,2.1,1.5));
#15478=CARTESIAN_POINT('',(-3.5,2.1,1.5));
#15479=CARTESIAN_POINT('Origin',(-1.5,2.2,1.4));
#15480=CARTESIAN_POINT('Origin',(-3.1,2.2,2.2));
#15481=CARTESIAN_POINT('',(-3.1,2.1,2.2));
#15482=CARTESIAN_POINT('Origin',(-4.,2.,2.2));
#15483=CARTESIAN_POINT('',(-3.5,2.1,2.2));
#15484=CARTESIAN_POINT('',(-3.9,2.1,2.2));
#15485=CARTESIAN_POINT('',(-4.,2.1,2.2));
#15486=CARTESIAN_POINT('',(-4.,2.,2.2));
#15487=CARTESIAN_POINT('',(3.,2.1,2.2));
#15488=CARTESIAN_POINT('',(-0.299999999999999,2.1,2.2));
#15489=CARTESIAN_POINT('',(-0.7,2.1,2.2));
#15490=CARTESIAN_POINT('',(-1.1,2.1,2.2));
#15491=CARTESIAN_POINT('',(-1.5,2.1,2.2));
#15492=CARTESIAN_POINT('',(-1.9,2.1,2.2));
#15493=CARTESIAN_POINT('',(-2.3,2.1,2.2));
#15494=CARTESIAN_POINT('',(-2.7,2.1,2.2));
#15495=CARTESIAN_POINT('Origin',(-1.5,2.2,2.2));
#15496=CARTESIAN_POINT('Origin',(-3.5,2.2,1.4));
#15497=CARTESIAN_POINT('Origin',(-3.9,2.2,2.2));
#15498=CARTESIAN_POINT('Origin',(-0.299999999999999,2.2,2.2));
#15499=CARTESIAN_POINT('Origin',(-1.9,2.2,2.2));
#15500=CARTESIAN_POINT('Origin',(-0.3,2.2,1.4));
#15501=CARTESIAN_POINT('Origin',(-1.9,2.2,1.4));
#15502=CARTESIAN_POINT('Origin',(-2.7,2.2,1.4));
#15503=CARTESIAN_POINT('Origin',(-1.1,2.2,1.4));
#15504=CARTESIAN_POINT('Origin',(-2.7,2.2,2.2));
#15505=CARTESIAN_POINT('Origin',(-1.1,2.2,2.2));
#15506=CARTESIAN_POINT('Origin',(-3.9,2.2,1.4));
#15507=CARTESIAN_POINT('Origin',(-3.5,2.2,2.2));
#15508=CARTESIAN_POINT('Origin',(-0.7,2.2,2.2));
#15509=CARTESIAN_POINT('Origin',(-2.3,2.2,2.2));
#15510=CARTESIAN_POINT('Origin',(-0.7,2.2,1.4));
#15511=CARTESIAN_POINT('Origin',(-2.3,2.2,1.4));
#15512=CARTESIAN_POINT('Origin',(-1.,2.05,1.55));
#15513=CARTESIAN_POINT('',(-4.,2.,1.6));
#15514=CARTESIAN_POINT('',(-4.,2.05,1.55));
#15515=CARTESIAN_POINT('',(-1.,2.,1.6));
#15516=CARTESIAN_POINT('Origin',(-4.,2.,1.5));
#15517=CARTESIAN_POINT('',(-4.,2.,2.1));
#15518=CARTESIAN_POINT('',(-4.,2.,1.5));
#15519=CARTESIAN_POINT('',(-4.,1.875,1.975));
#15520=CARTESIAN_POINT('Origin',(-3.,2.05,2.15));
#15521=CARTESIAN_POINT('',(-3.,2.,2.1));
#15522=CARTESIAN_POINT('Origin',(-2.,2.,1.85));
#15523=CARTESIAN_POINT('Origin',(-3.9,1.45,3.25));
#15524=CARTESIAN_POINT('',(-2.1,1.5,3.25));
#15525=CARTESIAN_POINT('',(-2.35,1.5,3.25));
#15526=CARTESIAN_POINT('',(-3.9,1.5,3.25));
#15527=CARTESIAN_POINT('',(-2.34583333333327,1.45,3.3));
#15528=CARTESIAN_POINT('Origin',(-2.34583333333327,1.45,3.25));
#15529=CARTESIAN_POINT('',(-2.04566002258837,1.45,3.3));
#15530=CARTESIAN_POINT('',(-3.9,1.45,3.3));
#15531=CARTESIAN_POINT('Origin',(-2.04566002258837,1.45,3.25));
#15532=CARTESIAN_POINT('Origin',(-2.07551753967396,1.80829020502717,3.25));
#15533=CARTESIAN_POINT('',(-2.2,3.30207613699634,3.3));
#15534=CARTESIAN_POINT('',(-2.07551753967396,1.80829020502717,3.3));
#15535=CARTESIAN_POINT('',(-2.25,3.3,3.25));
#15536=CARTESIAN_POINT('Origin',(-2.2,3.30207972893962,3.25));
#15537=CARTESIAN_POINT('',(-2.12534482758621,1.80413793103448,3.25));
#15538=CARTESIAN_POINT('Origin',(-2.2,2.25,3.25));
#15539=CARTESIAN_POINT('',(-2.2,4.55,3.3));
#15540=CARTESIAN_POINT('',(-2.2,2.25,3.3));
#15541=CARTESIAN_POINT('',(-2.25,4.5,3.25));
#15542=CARTESIAN_POINT('Origin',(-2.2,4.55,3.25));
#15543=CARTESIAN_POINT('',(-2.25,2.25,3.25));
#15544=CARTESIAN_POINT('Origin',(-4.725,4.55,3.25));
#15545=CARTESIAN_POINT('',(-3.8,4.55,3.3));
#15546=CARTESIAN_POINT('',(-4.725,4.55,3.3));
#15547=CARTESIAN_POINT('',(-3.75,4.5,3.25));
#15548=CARTESIAN_POINT('Origin',(-3.8,4.55,3.25));
#15549=CARTESIAN_POINT('',(-4.725,4.5,3.25));
#15550=CARTESIAN_POINT('Origin',(-3.8,1.65,3.25));
#15551=CARTESIAN_POINT('',(-3.79999970170535,3.30208330847545,3.3));
#15552=CARTESIAN_POINT('',(-3.8,1.65,3.3));
#15553=CARTESIAN_POINT('',(-3.75,3.3,3.25));
#15554=CARTESIAN_POINT('Origin',(-3.8,3.30207972893961,3.25));
#15555=CARTESIAN_POINT('',(-3.75,1.65,3.25));
#15556=CARTESIAN_POINT('Origin',(-4.01810314998121,0.684841929165101,3.25));
#15557=CARTESIAN_POINT('',(-3.95017331074497,1.5,3.3));
#15558=CARTESIAN_POINT('',(-4.01810314998121,0.684841929165101,3.3));
#15559=CARTESIAN_POINT('',(-3.9,1.5,3.25));
#15560=CARTESIAN_POINT('Origin',(-3.95017331074497,1.5,3.25));
#15561=CARTESIAN_POINT('',(-3.96827586206897,0.680689655172414,3.25));
#15562=CARTESIAN_POINT('Origin',(-2.1,1.5,3.3));
#15563=CARTESIAN_POINT('',(-2.1,1.5,3.));
#15564=CARTESIAN_POINT('',(-2.1,1.5,3.3));
#15565=CARTESIAN_POINT('',(-2.35,1.5,3.));
#15566=CARTESIAN_POINT('',(-1.05,1.5,3.));
#15567=CARTESIAN_POINT('',(-2.35,1.5,3.3));
#15568=CARTESIAN_POINT('Origin',(-2.25,3.3,3.3));
#15569=CARTESIAN_POINT('',(-2.25,3.3,3.));
#15570=CARTESIAN_POINT('',(-2.25,3.3,3.3));
#15571=CARTESIAN_POINT('',(-2.10568965517241,1.56827586206897,3.));
#15572=CARTESIAN_POINT('Origin',(-2.25,4.5,3.3));
#15573=CARTESIAN_POINT('',(-2.25,4.5,3.));
#15574=CARTESIAN_POINT('',(-2.25,4.5,3.3));
#15575=CARTESIAN_POINT('',(-2.25,2.25,3.));
#15576=CARTESIAN_POINT('Origin',(-3.75,4.5,3.3));
#15577=CARTESIAN_POINT('',(-3.75,4.5,3.));
#15578=CARTESIAN_POINT('',(-3.75,4.5,3.3));
#15579=CARTESIAN_POINT('',(-1.875,4.5,3.));
#15580=CARTESIAN_POINT('Origin',(-3.75,3.3,3.3));
#15581=CARTESIAN_POINT('',(-3.75,3.3,3.));
#15582=CARTESIAN_POINT('',(-3.75,3.3,3.3));
#15583=CARTESIAN_POINT('',(-3.75,1.65,3.));
#15584=CARTESIAN_POINT('Origin',(-3.9,1.5,3.3));
#15585=CARTESIAN_POINT('',(-3.9,1.5,3.));
#15586=CARTESIAN_POINT('',(-3.9,1.5,3.3));
#15587=CARTESIAN_POINT('',(-3.94862068965517,0.916551724137931,3.));
#15588=CARTESIAN_POINT('Origin',(-2.04583333332927,4.12763932022238,3.04472135955));
#15589=CARTESIAN_POINT('',(-2.48333333333529,4.15527864044803,3.08944271909999));
#15590=CARTESIAN_POINT('',(-2.48333333333529,4.09999999999802,3.));
#15591=CARTESIAN_POINT('',(-2.48333333333529,4.04270509831069,2.90729490168781));
#15592=CARTESIAN_POINT('',(-3.51666666666471,4.09999999999955,3.));
#15593=CARTESIAN_POINT('',(-2.04583333332931,4.09999999999738,3.));
#15594=CARTESIAN_POINT('',(-3.51666666666471,4.15527864044956,3.08944271909999));
#15595=CARTESIAN_POINT('',(-3.51666666666471,4.19472135954925,3.15326237921201));
#15596=CARTESIAN_POINT('',(-2.04583333332922,4.15527864044738,3.08944271909999));
#15597=CARTESIAN_POINT('Origin',(0.,0.,3.));
#15598=CARTESIAN_POINT('',(-5.3,0.05,3.));
#15599=CARTESIAN_POINT('',(-5.3,0.,3.));
#15600=CARTESIAN_POINT('',(-1.425,0.05,3.));
#15601=CARTESIAN_POINT('',(-2.48333333333529,3.1,3.));
#15602=CARTESIAN_POINT('',(-2.48333333333529,1.55,3.));
#15603=CARTESIAN_POINT('',(-2.27982758620576,0.657931034481503,3.));
#15604=CARTESIAN_POINT('',(-3.65,1.5,3.));
#15605=CARTESIAN_POINT('',(-1.825,1.5,3.));
#15606=CARTESIAN_POINT('',(-3.51666666666471,3.1,3.));
#15607=CARTESIAN_POINT('',(-3.63281609195358,1.70620689655406,3.));
#15608=CARTESIAN_POINT('',(-3.51666666666471,2.09999999999977,3.));
#15609=CARTESIAN_POINT('Origin',(-2.48333333333529,3.1,3.3));
#15610=CARTESIAN_POINT('',(-2.48333333333529,4.06381966011052,3.272360679775));
#15611=CARTESIAN_POINT('',(-2.48333333333529,3.99249999999846,3.41499999999913));
#15612=CARTESIAN_POINT('',(-2.48333333333529,4.01909830056053,3.3));
#15613=CARTESIAN_POINT('Origin',(-2.48333333333393,4.01909830056053,3.25));
#15614=CARTESIAN_POINT('',(-2.48333333333529,3.96327822185373,3.3));
#15615=CARTESIAN_POINT('',(-2.48333333333529,1.55,3.3));
#15616=CARTESIAN_POINT('',(-2.48333333333529,3.93847127493589,3.29341215710622));
#15617=CARTESIAN_POINT('Origin',(-2.48333333333529,3.96327822185373,3.25));
#15618=CARTESIAN_POINT('',(-2.48333333333529,3.6,3.1));
#15619=CARTESIAN_POINT('',(-2.48333333333529,3.54211538461538,3.06692307692308));
#15620=CARTESIAN_POINT('',(-2.48333333333529,3.18940413639343,3.26423834544263));
#15621=CARTESIAN_POINT('',(-2.48333333333529,3.225,3.25));
#15622=CARTESIAN_POINT('',(-2.48333333333529,3.1,3.29064040239168));
#15623=CARTESIAN_POINT('Origin',(-2.48333333333529,3.00370879821637,2.8));
#15624=CARTESIAN_POINT('',(-2.48333333333529,3.1,3.3));
#15625=CARTESIAN_POINT('Origin',(-4.89583333332943,4.0190983005641,3.25));
#15626=CARTESIAN_POINT('',(-3.51666666666471,4.06381966011205,3.272360679775));
#15627=CARTESIAN_POINT('',(-4.89583333332936,4.0638196601141,3.272360679775));
#15628=CARTESIAN_POINT('',(-3.51666666666471,4.01909830056206,3.3));
#15629=CARTESIAN_POINT('Origin',(-3.51666666666498,4.01909830056206,3.25));
#15630=CARTESIAN_POINT('',(-4.89583333332943,4.0190983005641,3.3));
#15631=CARTESIAN_POINT('Origin',(-5.7,0.,3.3));
#15632=CARTESIAN_POINT('',(-3.51666666666471,3.96327822185373,3.3));
#15633=CARTESIAN_POINT('',(-3.51666666666471,2.09999999999978,3.3));
#15634=CARTESIAN_POINT('',(-5.15416666666617,3.96327822185374,3.3));
#15635=CARTESIAN_POINT('Origin',(-5.15416666666617,3.96327822185374,3.25));
#15636=CARTESIAN_POINT('',(-3.51666666666471,3.93847127493589,3.29341215710622));
#15637=CARTESIAN_POINT('Origin',(-3.51666666666472,3.96327822185373,3.25));
#15638=CARTESIAN_POINT('',(-5.15416666666617,3.93847127493589,3.29341215710622));
#15639=CARTESIAN_POINT('Origin',(-4.09166666666465,4.1250000000004,3.15));
#15640=CARTESIAN_POINT('',(-3.51666666666471,4.10249999999964,3.19499999999983));
#15641=CARTESIAN_POINT('Origin',(-4.60833333333235,3.775,3.2));
#15642=CARTESIAN_POINT('',(-3.51666666666471,3.6,3.1));
#15643=CARTESIAN_POINT('',(-3.51666666666471,3.9567307692306,3.30384615384606));
#15644=CARTESIAN_POINT('',(-3.51666666666471,3.6,3.1));
#15645=CARTESIAN_POINT('Origin',(-4.22083333333382,3.00370879821637,2.8));
#15646=CARTESIAN_POINT('',(-3.51666666666471,3.1,3.29064040239168));
#15647=CARTESIAN_POINT('',(-3.52469093348013,3.00370879821637,3.3));
#15648=CARTESIAN_POINT('Origin',(-3.52469093348013,3.00370879821637,2.8));
#15649=CARTESIAN_POINT('',(-2.47530906651987,3.00370879821637,3.3));
#15650=CARTESIAN_POINT('',(-4.22083333333382,3.00370879821637,3.3));
#15651=CARTESIAN_POINT('Origin',(-2.47530906651987,3.00370879821637,2.8));
#15652=CARTESIAN_POINT('',(-3.51666666666471,3.18940413639343,3.26423834544263));
#15653=CARTESIAN_POINT('',(-4.22083333333382,3.18940413639343,3.26423834544263));
#15654=CARTESIAN_POINT('Origin',(-3.51666666666471,3.00370879821637,2.8));
#15655=CARTESIAN_POINT('Origin',(-2.35,1.5,3.3));
#15656=CARTESIAN_POINT('',(-2.29948275862013,0.893793103450431,3.3));
#15657=CARTESIAN_POINT('Origin',(-5.7,0.,3.3));
#15658=CARTESIAN_POINT('',(-0.8,7.05,3.3));
#15659=CARTESIAN_POINT('',(-2.85,7.05,3.3));
#15660=CARTESIAN_POINT('',(-0.8,7.55,3.3));
#15661=CARTESIAN_POINT('',(-0.8,3.55,3.3));
#15662=CARTESIAN_POINT('',(-5.5,7.55,3.3));
#15663=CARTESIAN_POINT('',(-4.275,7.55,3.3));
#15664=CARTESIAN_POINT('',(-5.5,0.05,3.3));
#15665=CARTESIAN_POINT('',(-5.5,0.,3.3));
#15666=CARTESIAN_POINT('',(4.275,0.05,3.3));
#15667=CARTESIAN_POINT('',(-3.65,1.5,3.3));
#15668=CARTESIAN_POINT('',(-3.65247126436794,1.47034482758513,3.3));
#15669=CARTESIAN_POINT('',(-4.675,1.5,3.3));
#15670=CARTESIAN_POINT('',(-4.45,6.8,3.3));
#15671=CARTESIAN_POINT('',(-4.1,6.8,3.3));
#15672=CARTESIAN_POINT('',(-5.05,6.8,3.3));
#15673=CARTESIAN_POINT('',(-4.1,6.72195444572929,3.3));
#15674=CARTESIAN_POINT('',(-4.1,3.4,3.3));
#15675=CARTESIAN_POINT('',(-3.3,6.72195444572929,3.3));
#15676=CARTESIAN_POINT('',(-5.3,6.72195444572929,3.3));
#15677=CARTESIAN_POINT('',(-3.3,6.8,3.3));
#15678=CARTESIAN_POINT('',(-3.3,2.9,3.3));
#15679=CARTESIAN_POINT('',(-2.95,6.8,3.3));
#15680=CARTESIAN_POINT('',(-4.5,6.8,3.3));
#15681=CARTESIAN_POINT('',(-2.95,5.55,3.3));
#15682=CARTESIAN_POINT('',(-2.95,3.4,3.3));
#15683=CARTESIAN_POINT('',(-4.45,5.55,3.3));
#15684=CARTESIAN_POINT('',(-4.35,5.55,3.3));
#15685=CARTESIAN_POINT('',(-4.45,2.8,3.3));
#15686=CARTESIAN_POINT('Origin',(-2.74166666666764,3.35,3.2));
#15687=CARTESIAN_POINT('',(-3.51666666666471,3.69913793103429,3.06034482758628));
#15688=CARTESIAN_POINT('Origin',(-3.65,1.5,3.3));
#15689=CARTESIAN_POINT('',(-3.65,1.5,3.3));
#15690=CARTESIAN_POINT('Origin',(-3.51666666666471,3.1,3.3));
#15691=CARTESIAN_POINT('',(-3.51666666666471,3.1,3.3));
#15692=CARTESIAN_POINT('Origin',(-3.51666666666471,4.19999999999955,3.3));
#15693=CARTESIAN_POINT('Origin',(-4.45,2.8,3.25));
#15694=CARTESIAN_POINT('',(-4.4,5.6,3.25));
#15695=CARTESIAN_POINT('',(-4.4,6.8,3.25));
#15696=CARTESIAN_POINT('',(-4.4,2.8,3.25));
#15697=CARTESIAN_POINT('Origin',(-4.45,6.8,3.25));
#15698=CARTESIAN_POINT('Origin',(-4.45,5.55,3.25));
#15699=CARTESIAN_POINT('Origin',(-4.35,5.55,3.25));
#15700=CARTESIAN_POINT('',(-3.,5.6,3.25));
#15701=CARTESIAN_POINT('',(-4.35,5.6,3.25));
#15702=CARTESIAN_POINT('Origin',(-2.95,5.55,3.25));
#15703=CARTESIAN_POINT('Origin',(-2.95,3.4,3.25));
#15704=CARTESIAN_POINT('',(-3.,6.8,3.25));
#15705=CARTESIAN_POINT('Origin',(-2.95,6.8,3.25));
#15706=CARTESIAN_POINT('',(-3.,3.4,3.25));
#15707=CARTESIAN_POINT('Origin',(-4.4,5.6,3.3));
#15708=CARTESIAN_POINT('',(-4.4,5.6,3.));
#15709=CARTESIAN_POINT('',(-4.4,5.6,3.3));
#15710=CARTESIAN_POINT('',(-4.4,6.8,3.));
#15711=CARTESIAN_POINT('',(-4.4,5.6,3.));
#15712=CARTESIAN_POINT('',(-4.4,6.8,3.3));
#15713=CARTESIAN_POINT('Origin',(-3.,5.6,3.3));
#15714=CARTESIAN_POINT('',(-3.,5.6,3.));
#15715=CARTESIAN_POINT('',(-3.,5.6,3.3));
#15716=CARTESIAN_POINT('',(-3.,5.6,3.));
#15717=CARTESIAN_POINT('Origin',(-3.,6.8,3.3));
#15718=CARTESIAN_POINT('',(-3.,6.8,3.));
#15719=CARTESIAN_POINT('',(-3.,6.8,3.3));
#15720=CARTESIAN_POINT('',(-3.,6.8,3.));
#15721=CARTESIAN_POINT('Origin',(-5.3,6.72195444572929,3.1));
#15722=CARTESIAN_POINT('',(-4.1,6.67856835416556,3.29523741203679));
#15723=CARTESIAN_POINT('Origin',(-4.1,6.72195444572929,3.1));
#15724=CARTESIAN_POINT('',(-3.3,6.67856835416556,3.29523741203679));
#15725=CARTESIAN_POINT('',(-5.3,6.67856835416556,3.29523741203679));
#15726=CARTESIAN_POINT('Origin',(-3.3,6.72195444572929,3.1));
#15727=CARTESIAN_POINT('Origin',(-4.9,6.25,3.2));
#15728=CARTESIAN_POINT('',(-4.1,5.94654050817465,3.13256455737215));
#15729=CARTESIAN_POINT('',(-4.1,6.52264705882353,3.26058823529412));
#15730=CARTESIAN_POINT('',(-3.3,5.94654050817465,3.13256455737215));
#15731=CARTESIAN_POINT('',(-3.3,5.94654050817465,3.13256455737215));
#15732=CARTESIAN_POINT('',(-3.3,6.04617647058824,3.15470588235294));
#15733=CARTESIAN_POINT('Origin',(-4.1,6.8,3.3));
#15734=CARTESIAN_POINT('',(-4.1,6.8,3.));
#15735=CARTESIAN_POINT('',(-4.1,6.8,3.3));
#15736=CARTESIAN_POINT('',(-4.1,5.8,3.));
#15737=CARTESIAN_POINT('',(-4.1,6.8,3.));
#15738=CARTESIAN_POINT('Origin',(-4.1,5.98992659973838,2.93732714533536));
#15739=CARTESIAN_POINT('Origin',(-3.3,5.98992659973838,2.93732714533536));
#15740=CARTESIAN_POINT('',(-3.3,5.8,3.));
#15741=CARTESIAN_POINT('Origin',(-3.3,5.98992659973838,2.93732714533536));
#15742=CARTESIAN_POINT('',(-3.3,5.8,3.));
#15743=CARTESIAN_POINT('Origin',(-1.425,7.575,3.025));
#15744=CARTESIAN_POINT('',(-0.75,7.6,3.05));
#15745=CARTESIAN_POINT('',(-0.75,7.55,3.));
#15746=CARTESIAN_POINT('',(-0.75,7.525,2.975));
#15747=CARTESIAN_POINT('',(-4.3,7.55,3.));
#15748=CARTESIAN_POINT('',(-1.425,7.55,3.));
#15749=CARTESIAN_POINT('',(-5.4,7.55,3.));
#15750=CARTESIAN_POINT('',(-1.35,7.55,3.));
#15751=CARTESIAN_POINT('',(-5.4,7.6,3.05));
#15752=CARTESIAN_POINT('',(-5.4,5.675,1.125));
#15753=CARTESIAN_POINT('',(-1.425,7.6,3.05));
#15754=CARTESIAN_POINT('Origin',(0.,0.,3.));
#15755=CARTESIAN_POINT('',(-0.75,7.3,3.));
#15756=CARTESIAN_POINT('',(-0.75,3.55,3.));
#15757=CARTESIAN_POINT('',(-4.3,7.3,3.));
#15758=CARTESIAN_POINT('',(-1.35,7.3,3.));
#15759=CARTESIAN_POINT('',(-4.3,3.65,3.));
#15760=CARTESIAN_POINT('Origin',(-0.75,7.1,3.3));
#15761=CARTESIAN_POINT('',(-0.75,7.6,3.25));
#15762=CARTESIAN_POINT('',(-0.75,7.6,2.475));
#15763=CARTESIAN_POINT('',(-0.75,7.1,3.25));
#15764=CARTESIAN_POINT('',(-0.75,3.55,3.25));
#15765=CARTESIAN_POINT('',(-0.75,7.1,3.));
#15766=CARTESIAN_POINT('',(-0.75,7.1,3.3));
#15767=CARTESIAN_POINT('',(-0.75,7.6,3.));
#15768=CARTESIAN_POINT('Origin',(-0.775,3.55,3.275));
#15769=CARTESIAN_POINT('',(-0.8,7.05,3.3));
#15770=CARTESIAN_POINT('',(-0.75,7.6,3.25));
#15771=CARTESIAN_POINT('Origin',(-2.85,7.075,3.275));
#15772=CARTESIAN_POINT('',(-2.85,7.1,3.25));
#15773=CARTESIAN_POINT('Origin',(-4.275,7.575,3.275));
#15774=CARTESIAN_POINT('',(-5.5,7.6,3.25));
#15775=CARTESIAN_POINT('',(-4.275,7.6,3.25));
#15776=CARTESIAN_POINT('',(-5.5,7.6,3.25));
#15777=CARTESIAN_POINT('Origin',(-5.5,7.575,3.1));
#15778=CARTESIAN_POINT('Origin',(-5.5,7.55,3.1));
#15779=CARTESIAN_POINT('Origin',(-5.5,7.6,3.1));
#15780=CARTESIAN_POINT('Origin',(0.,7.1,3.3));
#15781=CARTESIAN_POINT('',(-0.75,7.1,3.));
#15782=CARTESIAN_POINT('Origin',(-0.375,7.35,3.));
#15783=CARTESIAN_POINT('',(-1.35,7.3,3.));
#15784=CARTESIAN_POINT('Origin',(-3.3,5.8,3.3));
#15785=CARTESIAN_POINT('',(-3.3,6.8,3.));
#15786=CARTESIAN_POINT('',(-3.3,6.8,3.));
#15787=CARTESIAN_POINT('',(-3.3,6.8,3.3));
#15788=CARTESIAN_POINT('Origin',(-4.4,6.8,3.3));
#15789=CARTESIAN_POINT('',(-4.4,6.8,3.));
#15790=CARTESIAN_POINT('Origin',(-3.3,6.8,3.3));
#15791=CARTESIAN_POINT('',(-4.4,6.8,3.));
#15792=CARTESIAN_POINT('Origin',(-3.7,6.2,3.));
#15793=CARTESIAN_POINT('Origin',(-4.1625,5.8,0.58284271247462));
#15794=CARTESIAN_POINT('',(-5.7,5.6,0.582842712474621));
#15795=CARTESIAN_POINT('',(-5.7,5.65857864376269,0.441421356237311));
#15796=CARTESIAN_POINT('Origin',(-5.7,5.8,0.582842712474621));
#15797=CARTESIAN_POINT('',(-5.4,5.65857864376269,0.441421356237311));
#15798=CARTESIAN_POINT('',(-4.1625,5.65857864376269,0.441421356237311));
#15799=CARTESIAN_POINT('',(-5.4,5.6,0.582842712474621));
#15800=CARTESIAN_POINT('Origin',(-5.4,5.8,0.582842712474621));
#15801=CARTESIAN_POINT('',(-4.1625,5.6,0.58284271247462));
#15802=CARTESIAN_POINT('Origin',(-2.775,5.85,0.250000000000001));
#15803=CARTESIAN_POINT('',(-5.7,6.04142135623731,0.0585786437626915));
#15804=CARTESIAN_POINT('',(-5.7,4.2,1.9));
#15805=CARTESIAN_POINT('',(-5.4,6.04142135623731,0.0585786437626909));
#15806=CARTESIAN_POINT('',(-1.3875,6.04142135623731,0.0585786437626903));
#15807=CARTESIAN_POINT('',(-5.4,3.7,2.4));
#15808=CARTESIAN_POINT('Origin',(-5.7,0.,1.));
#15809=CARTESIAN_POINT('Origin',(-5.7,6.18284271247462,0.200000000000001));
#15810=CARTESIAN_POINT('',(-5.7,5.6,1.1070367516976));
#15811=CARTESIAN_POINT('',(-5.7,5.6,0.250000000000001));
#15812=CARTESIAN_POINT('',(-5.7,2.8,1.1070367516976));
#15813=CARTESIAN_POINT('',(-5.7,0.,1.1070367516976));
#15814=CARTESIAN_POINT('',(-5.7,2.8,1.59594559789866E-15));
#15815=CARTESIAN_POINT('',(-5.7,2.8,1.59594559789866E-15));
#15816=CARTESIAN_POINT('',(-5.7,2.,1.59594559789866E-15));
#15817=CARTESIAN_POINT('',(-5.7,2.,1.59594559789866E-15));
#15818=CARTESIAN_POINT('',(-5.7,2.,1.1070367516976));
#15819=CARTESIAN_POINT('',(-5.7,2.,1.59594559789866E-15));
#15820=CARTESIAN_POINT('',(-5.7,0.05,1.1070367516976));
#15821=CARTESIAN_POINT('',(-5.7,0.,1.1070367516976));
#15822=CARTESIAN_POINT('',(-5.7,0.05,3.1));
#15823=CARTESIAN_POINT('',(-5.7,0.05,1.325));
#15824=CARTESIAN_POINT('',(-5.7,0.,3.1));
#15825=CARTESIAN_POINT('Origin',(-1.3875,6.18284271247462,0.2));
#15826=CARTESIAN_POINT('Origin',(-5.4,6.18284271247462,0.200000000000001));
#15827=CARTESIAN_POINT('Origin',(-5.55,5.6,0.500000000000001));
#15828=CARTESIAN_POINT('',(-5.4,5.6,0.799999999999999));
#15829=CARTESIAN_POINT('',(-5.4,5.6,0.65));
#15830=CARTESIAN_POINT('',(-5.61094003924505,5.6,0.940626692830031));
#15831=CARTESIAN_POINT('',(-4.78269230769231,5.6,0.388461538461539));
#15832=CARTESIAN_POINT('Origin',(-5.5,5.6,1.1070367516976));
#15833=CARTESIAN_POINT('Origin',(-5.4,0.,3.));
#15834=CARTESIAN_POINT('',(-5.4,7.3,0.8));
#15835=CARTESIAN_POINT('',(-5.4,7.3,2.25));
#15836=CARTESIAN_POINT('',(-5.4,2.5,0.8));
#15837=CARTESIAN_POINT('Origin',(-5.4,6.85,2.29999995529652));
#15838=CARTESIAN_POINT('',(-5.4,7.55,2.25));
#15839=CARTESIAN_POINT('Origin',(-5.4,0.,3.));
#15840=CARTESIAN_POINT('',(-5.4,7.55,2.25));
#15841=CARTESIAN_POINT('Origin',(-5.4,0.,3.));
#15842=CARTESIAN_POINT('',(-5.4,7.6,0.65));
#15843=CARTESIAN_POINT('',(-5.4,7.55,2.25));
#15844=CARTESIAN_POINT('Origin',(-2.85,7.6,1.65));
#15845=CARTESIAN_POINT('Origin',(-2.7,7.55,1.5));
#15846=CARTESIAN_POINT('',(-1.71944444444444,7.55,0.199999999999999));
#15847=CARTESIAN_POINT('',(-1.91388888888889,7.55,0.199999999999999));
#15848=CARTESIAN_POINT('',(-2.10833333333333,7.55,0.199999999999999));
#15849=CARTESIAN_POINT('',(-2.30277777777778,7.55,0.199999999999999));
#15850=CARTESIAN_POINT('',(-2.49722222222222,7.55,0.2));
#15851=CARTESIAN_POINT('',(-2.69166666666667,7.55,0.2));
#15852=CARTESIAN_POINT('',(-2.88611111111111,7.55,0.2));
#15853=CARTESIAN_POINT('',(-3.08055555555556,7.55,0.2));
#15854=CARTESIAN_POINT('',(-3.275,7.55,0.2));
#15855=CARTESIAN_POINT('',(-4.3,7.55,2.2));
#15856=CARTESIAN_POINT('',(-4.3,7.55,2.2));
#15857=CARTESIAN_POINT('',(0.,7.55,2.2));
#15858=CARTESIAN_POINT('',(-0.1,7.55,0.2));
#15859=CARTESIAN_POINT('',(-0.1,7.55,0.85));
#15860=CARTESIAN_POINT('',(-0.35,7.55,0.2));
#15861=CARTESIAN_POINT('',(-1.525,7.55,0.199999999999999));
#15862=CARTESIAN_POINT('',(-0.35,7.55,0.75));
#15863=CARTESIAN_POINT('Origin',(-2.7,7.3,1.5));
#15864=CARTESIAN_POINT('',(-4.25038491169865,7.3,0.0335899411324317));
#15865=CARTESIAN_POINT('Origin',(-4.1394448724536,7.3,0.200000000000001));
#15866=CARTESIAN_POINT('',(-5.7,7.3,1.));
#15867=CARTESIAN_POINT('Origin',(-4.3,7.3,2.2));
#15868=CARTESIAN_POINT('',(-4.3,7.3,2.2));
#15869=CARTESIAN_POINT('',(-3.5,7.3,2.2));
#15870=CARTESIAN_POINT('',(-4.3,7.3,2.2));
#15871=CARTESIAN_POINT('Origin',(-4.3,7.3,3.));
#15872=CARTESIAN_POINT('',(-4.3,7.3,2.25));
#15873=CARTESIAN_POINT('Origin',(-3.07222222222222,7.3,0.2));
#15874=CARTESIAN_POINT('',(-3.00972222222222,7.9,0.2));
#15875=CARTESIAN_POINT('Origin',(-2.68333333333333,7.3,0.2));
#15876=CARTESIAN_POINT('',(-2.62083333333333,7.9,0.2));
#15877=CARTESIAN_POINT('Origin',(-2.29444444444444,7.3,0.2));
#15878=CARTESIAN_POINT('',(-2.23194444444444,7.9,0.2));
#15879=CARTESIAN_POINT('Origin',(-1.90555555555556,7.3,0.2));
#15880=CARTESIAN_POINT('',(-1.84305555555556,7.9,0.2));
#15881=CARTESIAN_POINT('Origin',(-1.51666666666667,7.3,0.2));
#15882=CARTESIAN_POINT('',(-1.45416666666667,7.9,0.2));
#15883=CARTESIAN_POINT('Origin',(-1.12777777777778,7.3,0.2));
#15884=CARTESIAN_POINT('',(-1.06527777777778,7.9,0.2));
#15885=CARTESIAN_POINT('Origin',(-0.1,7.3,0.2));
#15886=CARTESIAN_POINT('',(-0.1,8.1,0.1));
#15887=CARTESIAN_POINT('',(-0.1,8.1,0.2));
#15888=CARTESIAN_POINT('',(-0.1,7.9,0.2));
#15889=CARTESIAN_POINT('',(-0.1,7.71,0.295));
#15890=CARTESIAN_POINT('',(-0.1,7.3,0.2));
#15891=CARTESIAN_POINT('Origin',(-0.738888888888889,7.3,0.2));
#15892=CARTESIAN_POINT('',(-0.676388888888889,7.9,0.2));
#15893=CARTESIAN_POINT('Origin',(-3.7875,8.,0.15));
#15894=CARTESIAN_POINT('',(-3.7875,7.9,0.2));
#15895=CARTESIAN_POINT('Origin',(-3.85,7.3,0.2));
#15896=CARTESIAN_POINT('Origin',(-2.7,7.3,1.5));
#15897=CARTESIAN_POINT('Origin',(-3.39861111111111,8.,0.15));
#15898=CARTESIAN_POINT('',(-3.39861111111111,7.9,0.2));
#15899=CARTESIAN_POINT('Origin',(-3.46111111111111,7.3,0.2));
#15900=CARTESIAN_POINT('Origin',(-3.00972222222222,8.,0.15));
#15901=CARTESIAN_POINT('Origin',(-2.62083333333333,8.,0.15));
#15902=CARTESIAN_POINT('Origin',(-2.23194444444444,8.,0.15));
#15903=CARTESIAN_POINT('Origin',(-1.84305555555556,8.,0.15));
#15904=CARTESIAN_POINT('Origin',(-1.45416666666667,8.,0.15));
#15905=CARTESIAN_POINT('Origin',(-1.06527777777778,8.,0.15));
#15906=CARTESIAN_POINT('Origin',(-0.676388888888889,8.,0.15));
#15907=CARTESIAN_POINT('Origin',(-0.2875,8.,0.15));
#15908=CARTESIAN_POINT('',(-0.35,8.1,0.0999999999999998));
#15909=CARTESIAN_POINT('',(-0.2875,8.1,0.0999999999999999));
#15910=CARTESIAN_POINT('',(-0.35,7.9,0.2));
#15911=CARTESIAN_POINT('',(-0.35,7.75,0.275));
#15912=CARTESIAN_POINT('',(-0.2875,7.9,0.2));
#15913=CARTESIAN_POINT('Origin',(-0.225,8.1,0.1));
#15914=CARTESIAN_POINT('',(-0.35,8.1,6.66966864964105E-17));
#15915=CARTESIAN_POINT('Origin',(-0.35,7.3,0.2));
#15916=CARTESIAN_POINT('',(-0.35,7.3,0.2));
#15917=CARTESIAN_POINT('Origin',(-0.35,7.3,6.66966864964105E-17));
#15918=CARTESIAN_POINT('Ctrl Pts',(-4.1243060905672,0.,0.250000000000001));
#15919=CARTESIAN_POINT('Ctrl Pts',(-4.12957018194435,4.4506655313131E-16,
0.284973764804596));
#15920=CARTESIAN_POINT('Ctrl Pts',(-4.13435976452992,0.0238200612200842,
0.316794970566216));
#15921=CARTESIAN_POINT('Ctrl Pts',(-4.13435976452992,0.0499999999999992,
0.316794970566216));
#15922=CARTESIAN_POINT('Ctrl Pts',(-4.1243060905672,0.,0.250000000000001));
#15923=CARTESIAN_POINT('Ctrl Pts',(-4.11988883715876,4.11664102278056E-16,
0.282042489463036));
#15924=CARTESIAN_POINT('Ctrl Pts',(-4.11805150655148,0.0269466926114109,
0.30592279858059));
#15925=CARTESIAN_POINT('Ctrl Pts',(-4.11805150655148,0.0499999999999992,
0.30592279858059));
#15926=CARTESIAN_POINT('Ctrl Pts',(-4.1243060905672,0.,0.250000000000001));
#15927=CARTESIAN_POINT('Ctrl Pts',(-4.11020749237317,3.78261651424804E-16,
0.279111214121476));
#15928=CARTESIAN_POINT('Ctrl Pts',(-4.09848983169232,0.0269466926114108,
0.300000000000001));
#15929=CARTESIAN_POINT('Ctrl Pts',(-4.09848983169232,0.0499999999999993,
0.300000000000001));
#15930=CARTESIAN_POINT('Ctrl Pts',(-4.1243060905672,0.,0.250000000000001));
#15931=CARTESIAN_POINT('Ctrl Pts',(-4.10052614758758,3.4485920057155E-16,
0.276179938779916));
#15932=CARTESIAN_POINT('Ctrl Pts',(-4.0788897449074,0.0238200612200843,
0.300000000000001));
#15933=CARTESIAN_POINT('Ctrl Pts',(-4.0788897449074,0.0499999999999994,
0.300000000000001));
#15934=CARTESIAN_POINT('',(-4.13435976452992,0.05,0.316794970566217));
#15935=CARTESIAN_POINT('Origin',(-4.0788897449074,0.05,0.400000000000001));
#15936=CARTESIAN_POINT('',(-4.1243060905672,0.,0.250000000000001));
#15937=CARTESIAN_POINT('Origin',(-4.1243060905672,0.05,0.250000000000001));
#15938=CARTESIAN_POINT('Origin',(-4.1243060905672,0.05,0.250000000000001));
#15939=CARTESIAN_POINT('Origin',(-4.0788897449074,0.,0.400000000000001));
#15940=CARTESIAN_POINT('',(-4.13435976452992,0.,0.316794970566216));
#15941=CARTESIAN_POINT('Origin',(-3.4795836543403,0.05,0.250000000000001));
#15942=CARTESIAN_POINT('',(-3.4795836543403,0.,0.250000000000001));
#15943=CARTESIAN_POINT('Origin',(-4.65799151883904,0.05,0.605790285514562));
#15944=CARTESIAN_POINT('',(-5.35547001962252,0.05,1.13086847396128));
#15945=CARTESIAN_POINT('',(-4.63025650902778,0.05,0.647392800231454));
#15946=CARTESIAN_POINT('',(-5.45,0.,1.13379593962186));
#15947=CARTESIAN_POINT('Origin',(-5.45,0.05,1.13379593962186));
#15948=CARTESIAN_POINT('',(-4.65799151883904,0.,0.605790285514562));
#15949=CARTESIAN_POINT('Ctrl Pts',(-5.45,0.,1.13379593962186));
#15950=CARTESIAN_POINT('Ctrl Pts',(-5.42382006122009,2.2707477200577E-18,
1.17582917372153));
#15951=CARTESIAN_POINT('Ctrl Pts',(-5.4,0.0238200612200851,1.21407350339506));
#15952=CARTESIAN_POINT('Ctrl Pts',(-5.4,0.05,1.21407350339506));
#15953=CARTESIAN_POINT('Ctrl Pts',(-5.45,0.,1.13379593962186));
#15954=CARTESIAN_POINT('Ctrl Pts',(-5.41604811348573,5.98945075872595E-17,
1.16130715654314));
#15955=CARTESIAN_POINT('Ctrl Pts',(-5.4,0.0331623895505774,1.18131371262015));
#15956=CARTESIAN_POINT('Ctrl Pts',(-5.4,0.05,1.18131371262015));
#15957=CARTESIAN_POINT('Ctrl Pts',(-5.45,1.63194187322843E-30,1.13379593962186));
#15958=CARTESIAN_POINT('Ctrl Pts',(-5.40827616575138,2.2707477200596E-18,
1.14678513936476));
#15959=CARTESIAN_POINT('Ctrl Pts',(-5.38272781317923,0.0331623895505773,
1.14904033633242));
#15960=CARTESIAN_POINT('Ctrl Pts',(-5.38272781317923,0.05,1.14904033633242));
#15961=CARTESIAN_POINT('Ctrl Pts',(-5.45,0.,1.13379593962186));
#15962=CARTESIAN_POINT('Ctrl Pts',(-5.40050421801702,-1.70600531881547E-16,
1.13226312218637));
#15963=CARTESIAN_POINT('Ctrl Pts',(-5.35547001962252,0.0238200612200849,
1.13086847396128));
#15964=CARTESIAN_POINT('Ctrl Pts',(-5.35547001962252,0.05,1.13086847396128));
#15965=CARTESIAN_POINT('',(-5.4,0.05,1.21407350339506));
#15966=CARTESIAN_POINT('Origin',(-5.3,0.05,1.21407350339506));
#15967=CARTESIAN_POINT('Origin',(-5.45,0.05,1.13379593962186));
#15968=CARTESIAN_POINT('Origin',(-5.3,0.,1.21407350339506));
#15969=CARTESIAN_POINT('',(-5.4,0.,1.21407350339506));
#15970=CARTESIAN_POINT('',(-5.35547001962252,0.,1.13086847396128));
#15971=CARTESIAN_POINT('Origin',(-5.4,0.,1.16055512754626));
#15972=CARTESIAN_POINT('Origin',(-5.45,0.05,2.325));
#15973=CARTESIAN_POINT('',(-5.4,0.05,2.9));
#15974=CARTESIAN_POINT('',(-5.4,0.05,2.325));
#15975=CARTESIAN_POINT('',(-5.45,0.,3.05));
#15976=CARTESIAN_POINT('Origin',(-5.45,0.05,3.05));
#15977=CARTESIAN_POINT('',(-5.45,0.,2.325));
#15978=CARTESIAN_POINT('Ctrl Pts',(-5.45,0.,3.05));
#15979=CARTESIAN_POINT('Ctrl Pts',(-5.37146018366025,0.,3.02382006122009));
#15980=CARTESIAN_POINT('Ctrl Pts',(-5.3,0.0238200612200851,3.));
#15981=CARTESIAN_POINT('Ctrl Pts',(-5.3,0.05,3.));
#15982=CARTESIAN_POINT('Ctrl Pts',(-5.45,1.17390015657889E-30,3.05));
#15983=CARTESIAN_POINT('Ctrl Pts',(-5.38143349367165,1.6608897609565E-16,
3.01384675120869));
#15984=CARTESIAN_POINT('Ctrl Pts',(-5.32991993003419,0.0397213114450786,
3.));
#15985=CARTESIAN_POINT('Ctrl Pts',(-5.32991993003419,0.05,3.));
#15986=CARTESIAN_POINT('Ctrl Pts',(-5.45,-1.3677653117942E-31,3.05));
#15987=CARTESIAN_POINT('Ctrl Pts',(-5.39888678619159,3.46018700199269E-16,
2.99639345868875));
#15988=CARTESIAN_POINT('Ctrl Pts',(-5.38175732606284,0.0533825111371458,
2.97491819657792));
#15989=CARTESIAN_POINT('Ctrl Pts',(-5.38175732606284,0.05,2.97491819657792));
#15990=CARTESIAN_POINT('Ctrl Pts',(-5.45,2.76469767463832E-46,3.05));
#15991=CARTESIAN_POINT('Ctrl Pts',(-5.41634007871154,3.32177952191298E-16,
2.9789401661688));
#15992=CARTESIAN_POINT('Ctrl Pts',(-5.4,0.0355881109981177,2.92243994752564));
#15993=CARTESIAN_POINT('Ctrl Pts',(-5.4,0.05,2.92243994752564));
#15994=CARTESIAN_POINT('Ctrl Pts',(-5.45,0.,3.05));
#15995=CARTESIAN_POINT('Ctrl Pts',(-5.42382006122009,2.90655708167386E-16,
2.97146018366025));
#15996=CARTESIAN_POINT('Ctrl Pts',(-5.4,0.0238200612200851,2.9));
#15997=CARTESIAN_POINT('Ctrl Pts',(-5.4,0.05,2.9));
#15998=CARTESIAN_POINT('Origin',(-5.3,0.05,2.9));
#15999=CARTESIAN_POINT('Origin',(-5.45,0.05,3.05));
#16000=CARTESIAN_POINT('Origin',(-5.3,0.,2.9));
#16001=CARTESIAN_POINT('',(-5.4,0.,2.9));
#16002=CARTESIAN_POINT('Origin',(-5.4,0.,3.));
#16003=CARTESIAN_POINT('Origin',(-1.425,0.05,3.05));
#16004=CARTESIAN_POINT('',(-1.425,0.,3.05));
#16005=CARTESIAN_POINT('Origin',(-4.1394448724536,0.05,0.200000000000001));
#16006=CARTESIAN_POINT('',(-4.22264990188738,0.,0.0751924558493238));
#16007=CARTESIAN_POINT('',(-4.25038491169865,0.05,0.0335899411324319));
#16008=CARTESIAN_POINT('Origin',(-4.22264990188738,0.05,0.075192455849324));
#16009=CARTESIAN_POINT('Origin',(-4.1394448724536,0.05,0.200000000000001));
#16010=CARTESIAN_POINT('',(-4.1394448724536,0.,0.0500000000000007));
#16011=CARTESIAN_POINT('Origin',(-4.1394448724536,0.05,0.0500000000000007));
#16012=CARTESIAN_POINT('Origin',(-4.1394448724536,0.,0.200000000000001));
#16013=CARTESIAN_POINT('Origin',(-4.1394448724536,0.,0.200000000000001));
#16014=CARTESIAN_POINT('',(-4.25038491169865,0.,0.0335899411324316));
#16015=CARTESIAN_POINT('Origin',(-4.08572652865028,0.05,-0.0160897929754149));
#16016=CARTESIAN_POINT('',(-5.58320502943379,0.,0.982229207546924));
#16017=CARTESIAN_POINT('',(-4.08572652865028,0.,-0.0160897929754149));
#16018=CARTESIAN_POINT('',(-5.61094003924505,0.05,0.940626692830032));
#16019=CARTESIAN_POINT('Origin',(-5.58320502943379,0.05,0.982229207546924));
#16020=CARTESIAN_POINT('',(-4.11346153846154,0.05,-0.057692307692307));
#16021=CARTESIAN_POINT('Origin',(-2.85,0.,1.65));
#16022=CARTESIAN_POINT('',(-5.5,0.,3.25));
#16023=CARTESIAN_POINT('',(-4.275,0.,3.25));
#16024=CARTESIAN_POINT('',(-5.65,0.,3.1));
#16025=CARTESIAN_POINT('Origin',(-5.5,0.,3.1));
#16026=CARTESIAN_POINT('',(-5.65,0.,1.1070367516976));
#16027=CARTESIAN_POINT('',(-5.65,0.,1.325));
#16028=CARTESIAN_POINT('Origin',(-5.5,0.,1.1070367516976));
#16029=CARTESIAN_POINT('',(-1.425,0.,0.0500000000000003));
#16030=CARTESIAN_POINT('Origin',(-1.425,0.05,0.0500000000000003));
#16031=CARTESIAN_POINT('Origin',(-5.5,0.05,1.1070367516976));
#16032=CARTESIAN_POINT('Origin',(-5.65,0.05,1.1070367516976));
#16033=CARTESIAN_POINT('Origin',(-5.5,0.05,1.1070367516976));
#16034=CARTESIAN_POINT('Origin',(-5.5,0.,1.1070367516976));
#16035=CARTESIAN_POINT('',(-5.61094003924505,2.,0.940626692830031));
#16036=CARTESIAN_POINT('Origin',(-5.5,2.,1.1070367516976));
#16037=CARTESIAN_POINT('',(-5.61094003924505,0.,0.940626692830032));
#16038=CARTESIAN_POINT('Origin',(-4.2,0.,6.93889390390723E-16));
#16039=CARTESIAN_POINT('',(-5.4,2.,0.799999999999999));
#16040=CARTESIAN_POINT('',(-4.78269230769231,2.,0.388461538461539));
#16041=CARTESIAN_POINT('',(-5.4,2.8,0.8));
#16042=CARTESIAN_POINT('',(-5.4,1.,0.8));
#16043=CARTESIAN_POINT('',(-5.61094003924505,2.8,0.940626692830031));
#16044=CARTESIAN_POINT('',(-4.78269230769231,2.8,0.388461538461539));
#16045=CARTESIAN_POINT('',(-5.61094003924505,0.,0.940626692830032));
#16046=CARTESIAN_POINT('Origin',(-5.5,0.,1.1070367516976));
#16047=CARTESIAN_POINT('Origin',(-5.5,2.8,1.1070367516976));
#16048=CARTESIAN_POINT('Origin',(-5.5,0.05,3.1));
#16049=CARTESIAN_POINT('Origin',(-5.5,0.05,3.25));
#16050=CARTESIAN_POINT('Origin',(-5.5,0.05,3.1));
#16051=CARTESIAN_POINT('Origin',(-5.65,0.05,3.1));
#16052=CARTESIAN_POINT('Origin',(-5.5,0.,3.1));
#16053=CARTESIAN_POINT('Origin',(-4.275,0.05,3.25));
#16054=CARTESIAN_POINT('Origin',(-5.65,0.05,1.325));
#16055=CARTESIAN_POINT('Origin',(-5.4,2.,1.87350135405495E-15));
#16056=CARTESIAN_POINT('',(-5.4,2.,1.87350135405495E-15));
#16057=CARTESIAN_POINT('',(-5.4,2.,1.87350135405495E-15));
#16058=CARTESIAN_POINT('',(-5.4,2.8,1.87350135405495E-15));
#16059=CARTESIAN_POINT('',(-5.4,2.8,1.87350135405495E-15));
#16060=CARTESIAN_POINT('',(-5.4,2.,1.87350135405495E-15));
#16061=CARTESIAN_POINT('Origin',(-5.4,2.,0.799999999999999));
#16062=CARTESIAN_POINT('',(-5.4,2.,0.799999999999999));
#16063=CARTESIAN_POINT('',(-5.4,2.8,0.799999999999999));
#16064=CARTESIAN_POINT('Origin',(-5.55,2.8,0.500000000000001));
#16065=CARTESIAN_POINT('Origin',(-5.55,2.,0.500000000000001));
#16066=UNCERTAINTY_MEASURE_WITH_UNIT(LENGTH_MEASURE(0.01),#16070,
'DISTANCE_ACCURACY_VALUE',
'Maximum model space distance between geometric entities at asserted c
onnectivities');
#16067=UNCERTAINTY_MEASURE_WITH_UNIT(LENGTH_MEASURE(0.01),#16070,
'DISTANCE_ACCURACY_VALUE',
'Maximum model space distance between geometric entities at asserted c
onnectivities');
#16068=(
GEOMETRIC_REPRESENTATION_CONTEXT(3)
GLOBAL_UNCERTAINTY_ASSIGNED_CONTEXT((#16066))
GLOBAL_UNIT_ASSIGNED_CONTEXT((#16070,#16072,#16073))
REPRESENTATION_CONTEXT('','3D')
);
#16069=(
GEOMETRIC_REPRESENTATION_CONTEXT(3)
GLOBAL_UNCERTAINTY_ASSIGNED_CONTEXT((#16067))
GLOBAL_UNIT_ASSIGNED_CONTEXT((#16070,#16072,#16073))
REPRESENTATION_CONTEXT('','3D')
);
#16070=(
LENGTH_UNIT()
NAMED_UNIT(*)
SI_UNIT(.MILLI.,.METRE.)
);
#16071=(
LENGTH_UNIT()
NAMED_UNIT(*)
SI_UNIT($,.METRE.)
);
#16072=(
NAMED_UNIT(*)
PLANE_ANGLE_UNIT()
SI_UNIT($,.RADIAN.)
);
#16073=(
NAMED_UNIT(*)
SI_UNIT($,.STERADIAN.)
SOLID_ANGLE_UNIT()
);
#16074=SHAPE_DEFINITION_REPRESENTATION(#16075,#16076);
#16075=PRODUCT_DEFINITION_SHAPE('',$,#16078);
#16076=SHAPE_REPRESENTATION('',(#9970),#16068);
#16077=PRODUCT_DEFINITION_CONTEXT('part definition',#16082,'design');
#16078=PRODUCT_DEFINITION('Mini_HDMI_Type-C','Mini_HDMI_Type-C v7',#16079,
#16077);
#16079=PRODUCT_DEFINITION_FORMATION('',$,#16084);
#16080=PRODUCT_RELATED_PRODUCT_CATEGORY('Mini_HDMI_Type-C v7',
'Mini_HDMI_Type-C v7',(#16084));
#16081=APPLICATION_PROTOCOL_DEFINITION('international standard',
'automotive_design',2009,#16082);
#16082=APPLICATION_CONTEXT(
'Core Data for Automotive Mechanical Design Process');
#16083=PRODUCT_CONTEXT('part definition',#16082,'mechanical');
#16084=PRODUCT('Mini_HDMI_Type-C','Mini_HDMI_Type-C v7',$,(#16083));
#16085=PRESENTATION_STYLE_ASSIGNMENT((#16090));
#16086=PRESENTATION_STYLE_ASSIGNMENT((#16091));
#16087=PRESENTATION_STYLE_ASSIGNMENT((#16092));
#16088=PRESENTATION_STYLE_ASSIGNMENT((#16093));
#16089=PRESENTATION_STYLE_ASSIGNMENT((#16094));
#16090=SURFACE_STYLE_USAGE(.BOTH.,#16095);
#16091=SURFACE_STYLE_USAGE(.BOTH.,#16096);
#16092=SURFACE_STYLE_USAGE(.BOTH.,#16097);
#16093=SURFACE_STYLE_USAGE(.BOTH.,#16098);
#16094=SURFACE_STYLE_USAGE(.BOTH.,#16099);
#16095=SURFACE_SIDE_STYLE('',(#16100));
#16096=SURFACE_SIDE_STYLE('',(#16101));
#16097=SURFACE_SIDE_STYLE('',(#16102));
#16098=SURFACE_SIDE_STYLE('',(#16103));
#16099=SURFACE_SIDE_STYLE('',(#16104));
#16100=SURFACE_STYLE_FILL_AREA(#16105);
#16101=SURFACE_STYLE_FILL_AREA(#16106);
#16102=SURFACE_STYLE_FILL_AREA(#16107);
#16103=SURFACE_STYLE_FILL_AREA(#16108);
#16104=SURFACE_STYLE_FILL_AREA(#16109);
#16105=FILL_AREA_STYLE('\X2\92FC\X0\ - \X2\30B530C630F3\X0\',(#16110));
#16106=FILL_AREA_STYLE('\X2\771F936E\X0\ - \X2\3064308451FA3057\X0\',(#16111));
#16107=FILL_AREA_STYLE('\X2\30A230EB30DF30CB30A630E0\X0\ - \X2\30B530C630F3\X0\',
(#16112));
#16108=FILL_AREA_STYLE('PEEK',(#16113));
#16109=FILL_AREA_STYLE('\X2\30D130A630C030FC\X0\ \X2\30B330FC30C8\X0\(
\X2\9ED2\X0\)',(#16114));
#16110=FILL_AREA_STYLE_COLOUR('\X2\92FC\X0\ - \X2\30B530C630F3\X0\',#16115);
#16111=FILL_AREA_STYLE_COLOUR('\X2\771F936E\X0\ - \X2\3064308451FA3057\X0\',
#16116);
#16112=FILL_AREA_STYLE_COLOUR('\X2\30A230EB30DF30CB30A630E0\X0\ - \X2\30B530C630F3\X0\',
#16117);
#16113=FILL_AREA_STYLE_COLOUR('PEEK',#16118);
#16114=FILL_AREA_STYLE_COLOUR('\X2\30D130A630C030FC\X0\ \X2\30B330FC30C8\X0\(
\X2\9ED2\X0\)',#16119);
#16115=COLOUR_RGB('\X2\92FC\X0\ - \X2\30B530C630F3\X0\',0.627450980392157,
0.627450980392157,0.627450980392157);
#16116=COLOUR_RGB('\X2\771F936E\X0\ - \X2\3064308451FA3057\X0\',0.952941176470588,
0.796078431372549,0.486274509803922);
#16117=COLOUR_RGB('\X2\30A230EB30DF30CB30A630E0\X0\ - \X2\30B530C630F3\X0\',
0.96078431372549,0.96078431372549,0.964705882352941);
#16118=COLOUR_RGB('PEEK',0.6,0.509803921568627,0.368627450980392);
#16119=COLOUR_RGB('\X2\30D130A630C030FC\X0\ \X2\30B330FC30C8\X0\(\X2\9ED2\X0\)',
0.0980392156862745,0.0980392156862745,0.0980392156862745);
ENDSEC;
END-ISO-10303-21;
