ISO-10303-21;
HEADER;
/* Generated by software containing ST-Developer
 * from STEP Tools, Inc. (www.steptools.com) 
 */
/* OPTION: using custom schema-name function */

FILE_DESCRIPTION(
/* description */ (''),
/* implementation_level */ '2;1');

FILE_NAME(
/* name */ 'NUT SMD M2,5 H02mm',
/* time_stamp */ '2020-03-01T10:24:09+01:00',
/* author */ (''),
/* organization */ (''),
/* preprocessor_version */ 'ST-DEVELOPER v16.5',
/* originating_system */ '',
/* authorisation */ '');

FILE_SCHEMA (('AUTOMOTIVE_DESIGN'));
ENDSEC;

DATA;
#10=SHAPE_REPRESENTATION_RELATIONSHIP('','',#495,#22);
#11=COLOUR_RGB('',0.819607843137255,0.749019607843137,0.749019607843137);
#12=FILL_AREA_STYLE_COLOUR('',#11);
#13=FILL_AREA_STYLE('',(#12));
#14=SURFACE_STYLE_FILL_AREA(#13);
#15=SURFACE_SIDE_STYLE('1',(#14));
#16=SURFACE_STYLE_USAGE(.BOTH.,#15);
#17=MECHANICAL_DESIGN_GEOMETRIC_PRESENTATION_REPRESENTATION('',(#19),#494);
#18=PRESENTATION_STYLE_ASSIGNMENT((#16));
#19=STYLED_ITEM('',(#18),#21);
#20=PRESENTATION_LAYER_ASSIGNMENT('Nut M2,5 SMD Spacer','',(#21));
#21=MANIFOLD_SOLID_BREP('1',#23);
#22=ADVANCED_BREP_SHAPE_REPRESENTATION('brep_rep_0',(#21,#501),#494);
#23=CLOSED_SHELL('',(#27,#28,#29,#30,#31,#32,#33,#34,#35,#36,#37,#38,#39,
#40,#41,#42,#43,#44,#45,#46,#47,#48,#49,#50,#51,#52,#53,#54));
#24=FACE_BOUND('',#85,.T.);
#25=FACE_BOUND('',#87,.T.);
#26=FACE_BOUND('',#92,.T.);
#27=ADVANCED_FACE('',(#55),#453,.T.);
#28=ADVANCED_FACE('',(#56,#24),#449,.T.);
#29=ADVANCED_FACE('',(#57,#25),#450,.T.);
#30=ADVANCED_FACE('',(#58),#454,.T.);
#31=ADVANCED_FACE('',(#59),#455,.T.);
#32=ADVANCED_FACE('',(#60),#456,.T.);
#33=ADVANCED_FACE('',(#61,#26),#451,.T.);
#34=ADVANCED_FACE('',(#62),#457,.T.);
#35=ADVANCED_FACE('',(#63),#458,.T.);
#36=ADVANCED_FACE('',(#64),#452,.T.);
#37=ADVANCED_FACE('',(#65),#459,.T.);
#38=ADVANCED_FACE('',(#66),#460,.T.);
#39=ADVANCED_FACE('',(#67),#461,.T.);
#40=ADVANCED_FACE('',(#68),#462,.T.);
#41=ADVANCED_FACE('',(#69),#463,.T.);
#42=ADVANCED_FACE('',(#70),#464,.T.);
#43=ADVANCED_FACE('',(#71),#465,.T.);
#44=ADVANCED_FACE('',(#72),#466,.T.);
#45=ADVANCED_FACE('',(#73),#467,.T.);
#46=ADVANCED_FACE('',(#74),#468,.T.);
#47=ADVANCED_FACE('',(#75),#469,.T.);
#48=ADVANCED_FACE('',(#76),#470,.T.);
#49=ADVANCED_FACE('',(#77),#471,.T.);
#50=ADVANCED_FACE('',(#78),#472,.T.);
#51=ADVANCED_FACE('',(#79),#473,.T.);
#52=ADVANCED_FACE('',(#80),#474,.T.);
#53=ADVANCED_FACE('',(#81),#475,.T.);
#54=ADVANCED_FACE('',(#82),#476,.T.);
#55=FACE_OUTER_BOUND('',#83,.T.);
#56=FACE_OUTER_BOUND('',#84,.T.);
#57=FACE_OUTER_BOUND('',#86,.T.);
#58=FACE_OUTER_BOUND('',#88,.T.);
#59=FACE_OUTER_BOUND('',#89,.T.);
#60=FACE_OUTER_BOUND('',#90,.T.);
#61=FACE_OUTER_BOUND('',#91,.T.);
#62=FACE_OUTER_BOUND('',#93,.T.);
#63=FACE_OUTER_BOUND('',#94,.T.);
#64=FACE_OUTER_BOUND('',#95,.T.);
#65=FACE_OUTER_BOUND('',#96,.T.);
#66=FACE_OUTER_BOUND('',#97,.T.);
#67=FACE_OUTER_BOUND('',#98,.T.);
#68=FACE_OUTER_BOUND('',#99,.T.);
#69=FACE_OUTER_BOUND('',#100,.T.);
#70=FACE_OUTER_BOUND('',#101,.T.);
#71=FACE_OUTER_BOUND('',#102,.T.);
#72=FACE_OUTER_BOUND('',#103,.T.);
#73=FACE_OUTER_BOUND('',#104,.T.);
#74=FACE_OUTER_BOUND('',#105,.T.);
#75=FACE_OUTER_BOUND('',#106,.T.);
#76=FACE_OUTER_BOUND('',#107,.T.);
#77=FACE_OUTER_BOUND('',#108,.T.);
#78=FACE_OUTER_BOUND('',#109,.T.);
#79=FACE_OUTER_BOUND('',#110,.T.);
#80=FACE_OUTER_BOUND('',#111,.T.);
#81=FACE_OUTER_BOUND('',#112,.T.);
#82=FACE_OUTER_BOUND('',#113,.T.);
#83=EDGE_LOOP('',(#114,#115,#116,#117));
#84=EDGE_LOOP('',(#118));
#85=EDGE_LOOP('',(#119));
#86=EDGE_LOOP('',(#120));
#87=EDGE_LOOP('',(#121));
#88=EDGE_LOOP('',(#122,#123,#124,#125));
#89=EDGE_LOOP('',(#126,#127,#128,#129));
#90=EDGE_LOOP('',(#130,#131,#132,#133));
#91=EDGE_LOOP('',(#134));
#92=EDGE_LOOP('',(#135,#136));
#93=EDGE_LOOP('',(#137,#138,#139,#140));
#94=EDGE_LOOP('',(#141,#142,#143,#144,#145,#146,#147));
#95=EDGE_LOOP('',(#148,#149,#150,#151));
#96=EDGE_LOOP('',(#152,#153,#154,#155));
#97=EDGE_LOOP('',(#156,#157,#158,#159,#160,#161,#162));
#98=EDGE_LOOP('',(#163,#164,#165,#166));
#99=EDGE_LOOP('',(#167,#168,#169,#170));
#100=EDGE_LOOP('',(#171,#172,#173,#174));
#101=EDGE_LOOP('',(#175,#176,#177,#178));
#102=EDGE_LOOP('',(#179,#180,#181,#182));
#103=EDGE_LOOP('',(#183,#184,#185,#186));
#104=EDGE_LOOP('',(#187,#188,#189,#190));
#105=EDGE_LOOP('',(#191,#192,#193,#194));
#106=EDGE_LOOP('',(#195,#196,#197,#198));
#107=EDGE_LOOP('',(#199,#200,#201,#202));
#108=EDGE_LOOP('',(#203,#204,#205,#206));
#109=EDGE_LOOP('',(#207,#208,#209,#210));
#110=EDGE_LOOP('',(#211,#212,#213,#214));
#111=EDGE_LOOP('',(#215,#216,#217,#218));
#112=EDGE_LOOP('',(#219,#220,#221,#222,#223,#224,#225,#226,#227,#228,#229,
#230,#231,#232,#233,#234,#235,#236,#237,#238));
#113=EDGE_LOOP('',(#239,#240,#241,#242,#243,#244,#245,#246,#247,#248,#249,
#250,#251,#252,#253,#254,#255,#256,#257));
#114=ORIENTED_EDGE('',*,*,#269,.T.);
#115=ORIENTED_EDGE('',*,*,#258,.T.);
#116=ORIENTED_EDGE('',*,*,#259,.F.);
#117=ORIENTED_EDGE('',*,*,#258,.F.);
#118=ORIENTED_EDGE('',*,*,#259,.T.);
#119=ORIENTED_EDGE('',*,*,#270,.T.);
#120=ORIENTED_EDGE('',*,*,#265,.T.);
#121=ORIENTED_EDGE('',*,*,#260,.T.);
#122=ORIENTED_EDGE('',*,*,#262,.T.);
#123=ORIENTED_EDGE('',*,*,#260,.F.);
#124=ORIENTED_EDGE('',*,*,#262,.F.);
#125=ORIENTED_EDGE('',*,*,#261,.F.);
#126=ORIENTED_EDGE('',*,*,#263,.T.);
#127=ORIENTED_EDGE('',*,*,#264,.T.);
#128=ORIENTED_EDGE('',*,*,#265,.F.);
#129=ORIENTED_EDGE('',*,*,#264,.F.);
#130=ORIENTED_EDGE('',*,*,#261,.T.);
#131=ORIENTED_EDGE('',*,*,#266,.T.);
#132=ORIENTED_EDGE('',*,*,#267,.F.);
#133=ORIENTED_EDGE('',*,*,#266,.F.);
#134=ORIENTED_EDGE('',*,*,#267,.T.);
#135=ORIENTED_EDGE('',*,*,#272,.T.);
#136=ORIENTED_EDGE('',*,*,#279,.T.);
#137=ORIENTED_EDGE('',*,*,#268,.F.);
#138=ORIENTED_EDGE('',*,*,#263,.F.);
#139=ORIENTED_EDGE('',*,*,#268,.T.);
#140=ORIENTED_EDGE('',*,*,#269,.F.);
#141=ORIENTED_EDGE('',*,*,#327,.T.);
#142=ORIENTED_EDGE('',*,*,#270,.F.);
#143=ORIENTED_EDGE('',*,*,#327,.F.);
#144=ORIENTED_EDGE('',*,*,#322,.F.);
#145=ORIENTED_EDGE('',*,*,#326,.F.);
#146=ORIENTED_EDGE('',*,*,#320,.F.);
#147=ORIENTED_EDGE('',*,*,#321,.F.);
#148=ORIENTED_EDGE('',*,*,#323,.F.);
#149=ORIENTED_EDGE('',*,*,#324,.F.);
#150=ORIENTED_EDGE('',*,*,#326,.T.);
#151=ORIENTED_EDGE('',*,*,#325,.F.);
#152=ORIENTED_EDGE('',*,*,#271,.F.);
#153=ORIENTED_EDGE('',*,*,#272,.F.);
#154=ORIENTED_EDGE('',*,*,#273,.F.);
#155=ORIENTED_EDGE('',*,*,#274,.F.);
#156=ORIENTED_EDGE('',*,*,#275,.F.);
#157=ORIENTED_EDGE('',*,*,#276,.F.);
#158=ORIENTED_EDGE('',*,*,#277,.F.);
#159=ORIENTED_EDGE('',*,*,#278,.F.);
#160=ORIENTED_EDGE('',*,*,#273,.T.);
#161=ORIENTED_EDGE('',*,*,#279,.F.);
#162=ORIENTED_EDGE('',*,*,#271,.T.);
#163=ORIENTED_EDGE('',*,*,#280,.F.);
#164=ORIENTED_EDGE('',*,*,#282,.F.);
#165=ORIENTED_EDGE('',*,*,#281,.F.);
#166=ORIENTED_EDGE('',*,*,#283,.F.);
#167=ORIENTED_EDGE('',*,*,#284,.F.);
#168=ORIENTED_EDGE('',*,*,#286,.F.);
#169=ORIENTED_EDGE('',*,*,#285,.F.);
#170=ORIENTED_EDGE('',*,*,#287,.F.);
#171=ORIENTED_EDGE('',*,*,#288,.F.);
#172=ORIENTED_EDGE('',*,*,#290,.F.);
#173=ORIENTED_EDGE('',*,*,#289,.F.);
#174=ORIENTED_EDGE('',*,*,#291,.F.);
#175=ORIENTED_EDGE('',*,*,#292,.F.);
#176=ORIENTED_EDGE('',*,*,#294,.F.);
#177=ORIENTED_EDGE('',*,*,#293,.F.);
#178=ORIENTED_EDGE('',*,*,#295,.F.);
#179=ORIENTED_EDGE('',*,*,#296,.F.);
#180=ORIENTED_EDGE('',*,*,#298,.F.);
#181=ORIENTED_EDGE('',*,*,#297,.F.);
#182=ORIENTED_EDGE('',*,*,#299,.F.);
#183=ORIENTED_EDGE('',*,*,#304,.F.);
#184=ORIENTED_EDGE('',*,*,#302,.F.);
#185=ORIENTED_EDGE('',*,*,#303,.F.);
#186=ORIENTED_EDGE('',*,*,#280,.T.);
#187=ORIENTED_EDGE('',*,*,#306,.F.);
#188=ORIENTED_EDGE('',*,*,#281,.T.);
#189=ORIENTED_EDGE('',*,*,#305,.F.);
#190=ORIENTED_EDGE('',*,*,#284,.T.);
#191=ORIENTED_EDGE('',*,*,#308,.F.);
#192=ORIENTED_EDGE('',*,*,#285,.T.);
#193=ORIENTED_EDGE('',*,*,#307,.F.);
#194=ORIENTED_EDGE('',*,*,#288,.T.);
#195=ORIENTED_EDGE('',*,*,#310,.F.);
#196=ORIENTED_EDGE('',*,*,#289,.T.);
#197=ORIENTED_EDGE('',*,*,#309,.F.);
#198=ORIENTED_EDGE('',*,*,#292,.T.);
#199=ORIENTED_EDGE('',*,*,#312,.F.);
#200=ORIENTED_EDGE('',*,*,#293,.T.);
#201=ORIENTED_EDGE('',*,*,#311,.F.);
#202=ORIENTED_EDGE('',*,*,#296,.T.);
#203=ORIENTED_EDGE('',*,*,#314,.F.);
#204=ORIENTED_EDGE('',*,*,#297,.T.);
#205=ORIENTED_EDGE('',*,*,#313,.F.);
#206=ORIENTED_EDGE('',*,*,#300,.T.);
#207=ORIENTED_EDGE('',*,*,#318,.F.);
#208=ORIENTED_EDGE('',*,*,#317,.F.);
#209=ORIENTED_EDGE('',*,*,#315,.T.);
#210=ORIENTED_EDGE('',*,*,#302,.T.);
#211=ORIENTED_EDGE('',*,*,#316,.T.);
#212=ORIENTED_EDGE('',*,*,#317,.T.);
#213=ORIENTED_EDGE('',*,*,#319,.T.);
#214=ORIENTED_EDGE('',*,*,#276,.T.);
#215=ORIENTED_EDGE('',*,*,#323,.T.);
#216=ORIENTED_EDGE('',*,*,#301,.F.);
#217=ORIENTED_EDGE('',*,*,#300,.F.);
#218=ORIENTED_EDGE('',*,*,#328,.F.);
#219=ORIENTED_EDGE('',*,*,#320,.T.);
#220=ORIENTED_EDGE('',*,*,#324,.T.);
#221=ORIENTED_EDGE('',*,*,#328,.T.);
#222=ORIENTED_EDGE('',*,*,#313,.T.);
#223=ORIENTED_EDGE('',*,*,#298,.T.);
#224=ORIENTED_EDGE('',*,*,#311,.T.);
#225=ORIENTED_EDGE('',*,*,#294,.T.);
#226=ORIENTED_EDGE('',*,*,#309,.T.);
#227=ORIENTED_EDGE('',*,*,#290,.T.);
#228=ORIENTED_EDGE('',*,*,#307,.T.);
#229=ORIENTED_EDGE('',*,*,#286,.T.);
#230=ORIENTED_EDGE('',*,*,#305,.T.);
#231=ORIENTED_EDGE('',*,*,#282,.T.);
#232=ORIENTED_EDGE('',*,*,#303,.T.);
#233=ORIENTED_EDGE('',*,*,#315,.F.);
#234=ORIENTED_EDGE('',*,*,#316,.F.);
#235=ORIENTED_EDGE('',*,*,#275,.T.);
#236=ORIENTED_EDGE('',*,*,#274,.T.);
#237=ORIENTED_EDGE('',*,*,#278,.T.);
#238=ORIENTED_EDGE('',*,*,#329,.F.);
#239=ORIENTED_EDGE('',*,*,#321,.T.);
#240=ORIENTED_EDGE('',*,*,#329,.T.);
#241=ORIENTED_EDGE('',*,*,#277,.T.);
#242=ORIENTED_EDGE('',*,*,#319,.F.);
#243=ORIENTED_EDGE('',*,*,#318,.T.);
#244=ORIENTED_EDGE('',*,*,#304,.T.);
#245=ORIENTED_EDGE('',*,*,#283,.T.);
#246=ORIENTED_EDGE('',*,*,#306,.T.);
#247=ORIENTED_EDGE('',*,*,#287,.T.);
#248=ORIENTED_EDGE('',*,*,#308,.T.);
#249=ORIENTED_EDGE('',*,*,#291,.T.);
#250=ORIENTED_EDGE('',*,*,#310,.T.);
#251=ORIENTED_EDGE('',*,*,#295,.T.);
#252=ORIENTED_EDGE('',*,*,#312,.T.);
#253=ORIENTED_EDGE('',*,*,#299,.T.);
#254=ORIENTED_EDGE('',*,*,#314,.T.);
#255=ORIENTED_EDGE('',*,*,#301,.T.);
#256=ORIENTED_EDGE('',*,*,#325,.T.);
#257=ORIENTED_EDGE('',*,*,#322,.T.);
#258=EDGE_CURVE('',#402,#403,#370,.T.);
#259=EDGE_CURVE('',#403,#403,#330,.T.);
#260=EDGE_CURVE('',#404,#404,#331,.T.);
#261=EDGE_CURVE('',#406,#406,#332,.T.);
#262=EDGE_CURVE('',#406,#404,#371,.T.);
#263=EDGE_CURVE('',#407,#407,#333,.T.);
#264=EDGE_CURVE('',#407,#405,#372,.T.);
#265=EDGE_CURVE('',#405,#405,#334,.T.);
#266=EDGE_CURVE('',#406,#408,#373,.T.);
#267=EDGE_CURVE('',#408,#408,#335,.T.);
#268=EDGE_CURVE('',#407,#402,#374,.T.);
#269=EDGE_CURVE('',#402,#402,#336,.T.);
#270=EDGE_CURVE('',#409,#409,#337,.T.);
#271=EDGE_CURVE('',#442,#410,#375,.T.);
#272=EDGE_CURVE('',#441,#442,#338,.T.);
#273=EDGE_CURVE('',#411,#441,#376,.T.);
#274=EDGE_CURVE('',#410,#411,#377,.T.);
#275=EDGE_CURVE('',#412,#410,#378,.T.);
#276=EDGE_CURVE('',#413,#412,#379,.T.);
#277=EDGE_CURVE('',#414,#413,#380,.T.);
#278=EDGE_CURVE('',#411,#414,#381,.T.);
#279=EDGE_CURVE('',#442,#441,#339,.T.);
#280=EDGE_CURVE('',#417,#415,#382,.T.);
#281=EDGE_CURVE('',#416,#418,#383,.T.);
#282=EDGE_CURVE('',#418,#417,#340,.T.);
#283=EDGE_CURVE('',#415,#416,#341,.T.);
#284=EDGE_CURVE('',#421,#419,#384,.T.);
#285=EDGE_CURVE('',#420,#422,#385,.T.);
#286=EDGE_CURVE('',#422,#421,#342,.T.);
#287=EDGE_CURVE('',#419,#420,#343,.T.);
#288=EDGE_CURVE('',#425,#423,#386,.T.);
#289=EDGE_CURVE('',#424,#426,#387,.T.);
#290=EDGE_CURVE('',#426,#425,#344,.T.);
#291=EDGE_CURVE('',#423,#424,#345,.T.);
#292=EDGE_CURVE('',#429,#427,#388,.T.);
#293=EDGE_CURVE('',#428,#430,#389,.T.);
#294=EDGE_CURVE('',#430,#429,#346,.T.);
#295=EDGE_CURVE('',#427,#428,#347,.T.);
#296=EDGE_CURVE('',#433,#431,#390,.T.);
#297=EDGE_CURVE('',#432,#434,#391,.T.);
#298=EDGE_CURVE('',#434,#433,#348,.T.);
#299=EDGE_CURVE('',#431,#432,#349,.T.);
#300=EDGE_CURVE('',#436,#435,#392,.T.);
#301=EDGE_CURVE('',#435,#448,#350,.T.);
#302=EDGE_CURVE('',#438,#437,#393,.T.);
#303=EDGE_CURVE('',#417,#438,#351,.T.);
#304=EDGE_CURVE('',#437,#415,#352,.T.);
#305=EDGE_CURVE('',#421,#418,#353,.T.);
#306=EDGE_CURVE('',#416,#419,#354,.T.);
#307=EDGE_CURVE('',#425,#422,#355,.T.);
#308=EDGE_CURVE('',#420,#423,#356,.T.);
#309=EDGE_CURVE('',#429,#426,#357,.T.);
#310=EDGE_CURVE('',#424,#427,#358,.T.);
#311=EDGE_CURVE('',#433,#430,#359,.T.);
#312=EDGE_CURVE('',#428,#431,#360,.T.);
#313=EDGE_CURVE('',#436,#434,#361,.T.);
#314=EDGE_CURVE('',#432,#435,#362,.T.);
#315=EDGE_CURVE('',#439,#438,#363,.T.);
#316=EDGE_CURVE('',#412,#439,#394,.T.);
#317=EDGE_CURVE('',#439,#440,#364,.T.);
#318=EDGE_CURVE('',#440,#437,#365,.T.);
#319=EDGE_CURVE('',#440,#413,#395,.T.);
#320=EDGE_CURVE('',#443,#444,#396,.T.);
#321=EDGE_CURVE('',#445,#443,#397,.T.);
#322=EDGE_CURVE('',#446,#445,#398,.T.);
#323=EDGE_CURVE('',#447,#448,#366,.T.);
#324=EDGE_CURVE('',#444,#447,#399,.T.);
#325=EDGE_CURVE('',#448,#446,#400,.T.);
#326=EDGE_CURVE('',#444,#446,#367,.T.);
#327=EDGE_CURVE('',#445,#409,#401,.T.);
#328=EDGE_CURVE('',#447,#436,#368,.T.);
#329=EDGE_CURVE('',#443,#414,#369,.T.);
#330=(
BOUNDED_CURVE()
B_SPLINE_CURVE(2,(#4996,#4997,#4998,#4999,#5000,#5001,#5002,#5003,#5004),
 .UNSPECIFIED.,.T.,.F.)
B_SPLINE_CURVE_WITH_KNOTS((3,2,2,2,3),(0.,3.69127810814551,7.38255621629102,
11.0738343244365,14.765112432582),.UNSPECIFIED.)
CURVE()
GEOMETRIC_REPRESENTATION_ITEM()
RATIONAL_B_SPLINE_CURVE((1.,0.707106781186548,1.,0.707106781186548,1.,0.707106781186548,
1.,0.707106781186548,1.))
REPRESENTATION_ITEM('')
);
#331=(
BOUNDED_CURVE()
B_SPLINE_CURVE(2,(#5005,#5006,#5007,#5008,#5009,#5010,#5011,#5012,#5013),
 .UNSPECIFIED.,.T.,.F.)
B_SPLINE_CURVE_WITH_KNOTS((3,2,2,2,3),(-10.9955742875643,-8.24668071567321,
-5.49778714378214,-2.74889357189107,0.),.UNSPECIFIED.)
CURVE()
GEOMETRIC_REPRESENTATION_ITEM()
RATIONAL_B_SPLINE_CURVE((1.,0.707106781186548,1.,0.707106781186548,1.,0.707106781186548,
1.,0.707106781186548,1.))
REPRESENTATION_ITEM('')
);
#332=(
BOUNDED_CURVE()
B_SPLINE_CURVE(2,(#5014,#5015,#5016,#5017,#5018,#5019,#5020,#5021,#5022),
 .UNSPECIFIED.,.T.,.F.)
B_SPLINE_CURVE_WITH_KNOTS((3,2,2,2,3),(0.,2.43467279473427,4.86934558946855,
7.30401838420282,9.73869117893709),.UNSPECIFIED.)
CURVE()
GEOMETRIC_REPRESENTATION_ITEM()
RATIONAL_B_SPLINE_CURVE((1.,0.707106781186548,1.,0.707106781186548,1.,0.707106781186548,
1.,0.707106781186548,1.))
REPRESENTATION_ITEM('')
);
#333=(
BOUNDED_CURVE()
B_SPLINE_CURVE(2,(#5025,#5026,#5027,#5028,#5029,#5030,#5031,#5032,#5033),
 .UNSPECIFIED.,.T.,.F.)
B_SPLINE_CURVE_WITH_KNOTS((3,2,2,2,3),(2.11359025220598E-9,3.6912781097307,
7.38255621734782,11.0738343249649,14.765112432582),.UNSPECIFIED.)
CURVE()
GEOMETRIC_REPRESENTATION_ITEM()
RATIONAL_B_SPLINE_CURVE((1.,0.707106781186548,1.,0.707106781186548,1.,0.707106781186548,
1.,0.707106781186548,1.))
REPRESENTATION_ITEM('')
);
#334=(
BOUNDED_CURVE()
B_SPLINE_CURVE(2,(#5036,#5037,#5038,#5039,#5040,#5041,#5042,#5043,#5044),
 .UNSPECIFIED.,.T.,.F.)
B_SPLINE_CURVE_WITH_KNOTS((3,2,2,2,3),(0.,3.69127810814551,7.38255621629102,
11.0738343244365,14.765112432582),.UNSPECIFIED.)
CURVE()
GEOMETRIC_REPRESENTATION_ITEM()
RATIONAL_B_SPLINE_CURVE((1.,0.707106781186548,1.,0.707106781186548,1.,0.707106781186548,
1.,0.707106781186548,1.))
REPRESENTATION_ITEM('')
);
#335=(
BOUNDED_CURVE()
B_SPLINE_CURVE(2,(#5047,#5048,#5049,#5050,#5051,#5052,#5053,#5054,#5055),
 .UNSPECIFIED.,.T.,.F.)
B_SPLINE_CURVE_WITH_KNOTS((3,2,2,2,3),(0.,2.43467279473427,4.86934558946855,
7.30401838420282,9.73869117893709),.UNSPECIFIED.)
CURVE()
GEOMETRIC_REPRESENTATION_ITEM()
RATIONAL_B_SPLINE_CURVE((1.,0.707106781186548,1.,0.707106781186548,1.,0.707106781186548,
1.,0.707106781186548,1.))
REPRESENTATION_ITEM('')
);
#336=(
BOUNDED_CURVE()
B_SPLINE_CURVE(2,(#5058,#5059,#5060,#5061,#5062,#5063,#5064,#5065,#5066),
 .UNSPECIFIED.,.T.,.F.)
B_SPLINE_CURVE_WITH_KNOTS((3,2,2,2,3),(1.05859269040936E-9,3.69127810893945,
7.38255621682031,11.0738343247012,14.765112432582),.UNSPECIFIED.)
CURVE()
GEOMETRIC_REPRESENTATION_ITEM()
RATIONAL_B_SPLINE_CURVE((1.,0.707106781226364,1.,0.707106781226364,1.,0.707106781226364,
1.,0.707106781226364,1.))
REPRESENTATION_ITEM('')
);
#337=(
BOUNDED_CURVE()
B_SPLINE_CURVE(2,(#5067,#5068,#5069,#5070,#5071,#5072,#5073,#5074,#5075),
 .UNSPECIFIED.,.T.,.F.)
B_SPLINE_CURVE_WITH_KNOTS((3,2,2,2,3),(-6.28318530717959,-4.71238898038469,
-3.14159265358979,-1.5707963267949,0.),.UNSPECIFIED.)
CURVE()
GEOMETRIC_REPRESENTATION_ITEM()
RATIONAL_B_SPLINE_CURVE((1.,0.707106781186548,1.,0.707106781186548,1.,0.707106781186548,
1.,0.707106781186548,1.))
REPRESENTATION_ITEM('')
);
#338=(
BOUNDED_CURVE()
B_SPLINE_CURVE(2,(#5078,#5079,#5080,#5081,#5082),.UNSPECIFIED.,.F.,.F.)
B_SPLINE_CURVE_WITH_KNOTS((3,2,3),(-4.0865837237896,-2.0432918618948,0.),
 .UNSPECIFIED.)
CURVE()
GEOMETRIC_REPRESENTATION_ITEM()
RATIONAL_B_SPLINE_CURVE((1.,0.707106781186548,1.,0.707106781186548,1.))
REPRESENTATION_ITEM('')
);
#339=(
BOUNDED_CURVE()
B_SPLINE_CURVE(2,(#5129,#5130,#5131,#5132,#5133),.UNSPECIFIED.,.F.,.F.)
B_SPLINE_CURVE_WITH_KNOTS((3,2,3),(-4.0865837237896,-2.0432918618948,0.),
 .UNSPECIFIED.)
CURVE()
GEOMETRIC_REPRESENTATION_ITEM()
RATIONAL_B_SPLINE_CURVE((1.,0.707106781186548,1.,0.707106781186548,1.))
REPRESENTATION_ITEM('')
);
#340=(
BOUNDED_CURVE()
B_SPLINE_CURVE(2,(#5138,#5139,#5140,#5141,#5142,#5143,#5144,#5145,#5146),
 .UNSPECIFIED.,.F.,.F.)
B_SPLINE_CURVE_WITH_KNOTS((3,2,2,2,3),(0.,0.472966152122989,1.49160661025358,
2.51024706838418,2.98321322050716),.UNSPECIFIED.)
CURVE()
GEOMETRIC_REPRESENTATION_ITEM()
RATIONAL_B_SPLINE_CURVE((1.,0.965925826289068,1.,0.866025403784439,1.,0.866025403784439,
1.,0.965925826289069,1.))
REPRESENTATION_ITEM('')
);
#341=(
BOUNDED_CURVE()
B_SPLINE_CURVE(2,(#5147,#5148,#5149,#5150,#5151,#5152,#5153,#5154,#5155),
 .UNSPECIFIED.,.F.,.F.)
B_SPLINE_CURVE_WITH_KNOTS((3,2,2,2,3),(0.,0.472966152122986,1.49160661025358,
2.51024706838418,2.98321322050717),.UNSPECIFIED.)
CURVE()
GEOMETRIC_REPRESENTATION_ITEM()
RATIONAL_B_SPLINE_CURVE((1.,0.965925826289069,1.,0.866025403784439,1.,0.866025403784439,
1.,0.965925826289068,1.))
REPRESENTATION_ITEM('')
);
#342=(
BOUNDED_CURVE()
B_SPLINE_CURVE(2,(#5160,#5161,#5162,#5163,#5164,#5165,#5166,#5167,#5168),
 .UNSPECIFIED.,.F.,.F.)
B_SPLINE_CURVE_WITH_KNOTS((3,2,2,2,3),(0.,0.47296615212299,1.49160661025358,
2.51024706838418,2.98321322050717),.UNSPECIFIED.)
CURVE()
GEOMETRIC_REPRESENTATION_ITEM()
RATIONAL_B_SPLINE_CURVE((1.,0.965925826289068,1.,0.866025403784439,1.,0.866025403784439,
1.,0.965925826289069,1.))
REPRESENTATION_ITEM('')
);
#343=(
BOUNDED_CURVE()
B_SPLINE_CURVE(2,(#5169,#5170,#5171,#5172,#5173,#5174,#5175,#5176,#5177),
 .UNSPECIFIED.,.F.,.F.)
B_SPLINE_CURVE_WITH_KNOTS((3,2,2,2,3),(0.,0.472966152122985,1.49160661025358,
2.51024706838418,2.98321322050717),.UNSPECIFIED.)
CURVE()
GEOMETRIC_REPRESENTATION_ITEM()
RATIONAL_B_SPLINE_CURVE((1.,0.965925826289069,1.,0.866025403784439,1.,0.866025403784439,
1.,0.965925826289068,1.))
REPRESENTATION_ITEM('')
);
#344=(
BOUNDED_CURVE()
B_SPLINE_CURVE(2,(#5182,#5183,#5184,#5185,#5186,#5187,#5188,#5189,#5190),
 .UNSPECIFIED.,.F.,.F.)
B_SPLINE_CURVE_WITH_KNOTS((3,2,2,2,3),(0.,0.47296615212299,1.49160661025359,
2.51024706838418,2.98321322050716),.UNSPECIFIED.)
CURVE()
GEOMETRIC_REPRESENTATION_ITEM()
RATIONAL_B_SPLINE_CURVE((1.,0.965925826289068,1.,0.866025403784439,1.,0.866025403784439,
1.,0.965925826289069,1.))
REPRESENTATION_ITEM('')
);
#345=(
BOUNDED_CURVE()
B_SPLINE_CURVE(2,(#5191,#5192,#5193,#5194,#5195,#5196,#5197,#5198,#5199),
 .UNSPECIFIED.,.F.,.F.)
B_SPLINE_CURVE_WITH_KNOTS((3,2,2,2,3),(0.,0.472966152122985,1.49160661025358,
2.51024706838418,2.98321322050716),.UNSPECIFIED.)
CURVE()
GEOMETRIC_REPRESENTATION_ITEM()
RATIONAL_B_SPLINE_CURVE((1.,0.965925826289069,1.,0.866025403784439,1.,0.866025403784439,
1.,0.965925826289068,1.))
REPRESENTATION_ITEM('')
);
#346=(
BOUNDED_CURVE()
B_SPLINE_CURVE(2,(#5204,#5205,#5206,#5207,#5208,#5209,#5210,#5211,#5212),
 .UNSPECIFIED.,.F.,.F.)
B_SPLINE_CURVE_WITH_KNOTS((3,2,2,2,3),(0.,0.472966152122993,1.49160661025359,
2.51024706838418,2.98321322050716),.UNSPECIFIED.)
CURVE()
GEOMETRIC_REPRESENTATION_ITEM()
RATIONAL_B_SPLINE_CURVE((1.,0.965925826289068,1.,0.866025403784439,1.,0.866025403784439,
1.,0.965925826289069,1.))
REPRESENTATION_ITEM('')
);
#347=(
BOUNDED_CURVE()
B_SPLINE_CURVE(2,(#5213,#5214,#5215,#5216,#5217,#5218,#5219,#5220,#5221),
 .UNSPECIFIED.,.F.,.F.)
B_SPLINE_CURVE_WITH_KNOTS((3,2,2,2,3),(0.,0.472966152122984,1.49160661025358,
2.51024706838417,2.98321322050716),.UNSPECIFIED.)
CURVE()
GEOMETRIC_REPRESENTATION_ITEM()
RATIONAL_B_SPLINE_CURVE((1.,0.965925826289069,1.,0.866025403784439,1.,0.866025403784439,
1.,0.965925826289068,1.))
REPRESENTATION_ITEM('')
);
#348=(
BOUNDED_CURVE()
B_SPLINE_CURVE(2,(#5226,#5227,#5228,#5229,#5230,#5231,#5232,#5233,#5234),
 .UNSPECIFIED.,.F.,.F.)
B_SPLINE_CURVE_WITH_KNOTS((3,2,2,2,3),(0.,0.472966152122993,1.49160661025359,
2.51024706838418,2.98321322050716),.UNSPECIFIED.)
CURVE()
GEOMETRIC_REPRESENTATION_ITEM()
RATIONAL_B_SPLINE_CURVE((1.,0.965925826289068,1.,0.866025403784439,1.,0.866025403784439,
1.,0.965925826289069,1.))
REPRESENTATION_ITEM('')
);
#349=(
BOUNDED_CURVE()
B_SPLINE_CURVE(2,(#5235,#5236,#5237,#5238,#5239,#5240,#5241,#5242,#5243),
 .UNSPECIFIED.,.F.,.F.)
B_SPLINE_CURVE_WITH_KNOTS((3,2,2,2,3),(0.,0.472966152122983,1.49160661025358,
2.51024706838417,2.98321322050716),.UNSPECIFIED.)
CURVE()
GEOMETRIC_REPRESENTATION_ITEM()
RATIONAL_B_SPLINE_CURVE((1.,0.965925826289069,1.,0.866025403784439,1.,0.866025403784439,
1.,0.965925826289068,1.))
REPRESENTATION_ITEM('')
);
#350=(
BOUNDED_CURVE()
B_SPLINE_CURVE(2,(#5246,#5247,#5248,#5249,#5250),.UNSPECIFIED.,.F.,.F.)
B_SPLINE_CURVE_WITH_KNOTS((3,2,3),(0.,0.472966152122983,1.41552290455043),
 .UNSPECIFIED.)
CURVE()
GEOMETRIC_REPRESENTATION_ITEM()
RATIONAL_B_SPLINE_CURVE((1.,0.965925826289069,1.,0.88425805950465,1.))
REPRESENTATION_ITEM('')
);
#351=(
BOUNDED_CURVE()
B_SPLINE_CURVE(2,(#5253,#5254,#5255,#5256,#5257,#5258,#5259,#5260,#5261),
 .UNSPECIFIED.,.F.,.F.)
B_SPLINE_CURVE_WITH_KNOTS((3,2,2,2,3),(0.,0.472966152122989,1.49160661025358,
2.51024706838418,2.98321322050717),.UNSPECIFIED.)
CURVE()
GEOMETRIC_REPRESENTATION_ITEM()
RATIONAL_B_SPLINE_CURVE((1.,0.965925826289068,1.,0.866025403784439,1.,0.866025403784439,
1.,0.965925826289068,1.))
REPRESENTATION_ITEM('')
);
#352=(
BOUNDED_CURVE()
B_SPLINE_CURVE(2,(#5262,#5263,#5264,#5265,#5266,#5267,#5268,#5269,#5270),
 .UNSPECIFIED.,.F.,.F.)
B_SPLINE_CURVE_WITH_KNOTS((3,2,2,2,3),(0.,0.472966152122987,1.49160661025358,
2.51024706838418,2.98321322050717),.UNSPECIFIED.)
CURVE()
GEOMETRIC_REPRESENTATION_ITEM()
RATIONAL_B_SPLINE_CURVE((1.,0.965925826289068,1.,0.866025403784439,1.,0.866025403784439,
1.,0.965925826289068,1.))
REPRESENTATION_ITEM('')
);
#353=(
BOUNDED_CURVE()
B_SPLINE_CURVE(2,(#5271,#5272,#5273,#5274,#5275,#5276,#5277,#5278,#5279),
 .UNSPECIFIED.,.F.,.F.)
B_SPLINE_CURVE_WITH_KNOTS((3,2,2,2,3),(0.,0.472966152122989,1.49160661025358,
2.51024706838418,2.98321322050717),.UNSPECIFIED.)
CURVE()
GEOMETRIC_REPRESENTATION_ITEM()
RATIONAL_B_SPLINE_CURVE((1.,0.965925826289068,1.,0.866025403784439,1.,0.866025403784439,
1.,0.965925826289069,1.))
REPRESENTATION_ITEM('')
);
#354=(
BOUNDED_CURVE()
B_SPLINE_CURVE(2,(#5280,#5281,#5282,#5283,#5284,#5285,#5286,#5287,#5288),
 .UNSPECIFIED.,.F.,.F.)
B_SPLINE_CURVE_WITH_KNOTS((3,2,2,2,3),(0.,0.472966152122985,1.49160661025358,
2.51024706838418,2.98321322050716),.UNSPECIFIED.)
CURVE()
GEOMETRIC_REPRESENTATION_ITEM()
RATIONAL_B_SPLINE_CURVE((1.,0.965925826289069,1.,0.866025403784439,1.,0.866025403784439,
1.,0.965925826289068,1.))
REPRESENTATION_ITEM('')
);
#355=(
BOUNDED_CURVE()
B_SPLINE_CURVE(2,(#5289,#5290,#5291,#5292,#5293,#5294,#5295,#5296,#5297),
 .UNSPECIFIED.,.F.,.F.)
B_SPLINE_CURVE_WITH_KNOTS((3,2,2,2,3),(0.,0.47296615212299,1.49160661025358,
2.51024706838418,2.98321322050717),.UNSPECIFIED.)
CURVE()
GEOMETRIC_REPRESENTATION_ITEM()
RATIONAL_B_SPLINE_CURVE((1.,0.965925826289068,1.,0.866025403784439,1.,0.866025403784439,
1.,0.965925826289069,1.))
REPRESENTATION_ITEM('')
);
#356=(
BOUNDED_CURVE()
B_SPLINE_CURVE(2,(#5298,#5299,#5300,#5301,#5302,#5303,#5304,#5305,#5306),
 .UNSPECIFIED.,.F.,.F.)
B_SPLINE_CURVE_WITH_KNOTS((3,2,2,2,3),(0.,0.472966152122984,1.49160661025358,
2.51024706838418,2.98321322050716),.UNSPECIFIED.)
CURVE()
GEOMETRIC_REPRESENTATION_ITEM()
RATIONAL_B_SPLINE_CURVE((1.,0.965925826289069,1.,0.866025403784439,1.,0.866025403784439,
1.,0.965925826289068,1.))
REPRESENTATION_ITEM('')
);
#357=(
BOUNDED_CURVE()
B_SPLINE_CURVE(2,(#5307,#5308,#5309,#5310,#5311,#5312,#5313,#5314,#5315),
 .UNSPECIFIED.,.F.,.F.)
B_SPLINE_CURVE_WITH_KNOTS((3,2,2,2,3),(0.,0.47296615212299,1.49160661025359,
2.51024706838418,2.98321322050717),.UNSPECIFIED.)
CURVE()
GEOMETRIC_REPRESENTATION_ITEM()
RATIONAL_B_SPLINE_CURVE((1.,0.965925826289068,1.,0.866025403784439,1.,0.866025403784439,
1.,0.965925826289069,1.))
REPRESENTATION_ITEM('')
);
#358=(
BOUNDED_CURVE()
B_SPLINE_CURVE(2,(#5316,#5317,#5318,#5319,#5320,#5321,#5322,#5323,#5324),
 .UNSPECIFIED.,.F.,.F.)
B_SPLINE_CURVE_WITH_KNOTS((3,2,2,2,3),(0.,0.472966152122985,1.49160661025358,
2.51024706838418,2.98321322050717),.UNSPECIFIED.)
CURVE()
GEOMETRIC_REPRESENTATION_ITEM()
RATIONAL_B_SPLINE_CURVE((1.,0.965925826289069,1.,0.866025403784439,1.,0.866025403784439,
1.,0.965925826289068,1.))
REPRESENTATION_ITEM('')
);
#359=(
BOUNDED_CURVE()
B_SPLINE_CURVE(2,(#5325,#5326,#5327,#5328,#5329,#5330,#5331,#5332,#5333),
 .UNSPECIFIED.,.F.,.F.)
B_SPLINE_CURVE_WITH_KNOTS((3,2,2,2,3),(0.,0.472966152122991,1.49160661025358,
2.51024706838418,2.98321322050717),.UNSPECIFIED.)
CURVE()
GEOMETRIC_REPRESENTATION_ITEM()
RATIONAL_B_SPLINE_CURVE((1.,0.965925826289067,1.,0.866025403784439,1.,0.866025403784439,
1.,0.965925826289069,1.))
REPRESENTATION_ITEM('')
);
#360=(
BOUNDED_CURVE()
B_SPLINE_CURVE(2,(#5334,#5335,#5336,#5337,#5338,#5339,#5340,#5341,#5342),
 .UNSPECIFIED.,.F.,.F.)
B_SPLINE_CURVE_WITH_KNOTS((3,2,2,2,3),(0.,0.472966152122981,1.49160661025358,
2.51024706838417,2.98321322050717),.UNSPECIFIED.)
CURVE()
GEOMETRIC_REPRESENTATION_ITEM()
RATIONAL_B_SPLINE_CURVE((1.,0.965925826289069,1.,0.866025403784439,1.,0.866025403784439,
1.,0.965925826289067,1.))
REPRESENTATION_ITEM('')
);
#361=(
BOUNDED_CURVE()
B_SPLINE_CURVE(2,(#5343,#5344,#5345,#5346,#5347,#5348,#5349,#5350,#5351),
 .UNSPECIFIED.,.F.,.F.)
B_SPLINE_CURVE_WITH_KNOTS((3,2,2,2,3),(0.,0.472966152122991,1.49160661025358,
2.51024706838418,2.98321322050717),.UNSPECIFIED.)
CURVE()
GEOMETRIC_REPRESENTATION_ITEM()
RATIONAL_B_SPLINE_CURVE((1.,0.965925826289067,1.,0.866025403784439,1.,0.866025403784439,
1.,0.965925826289069,1.))
REPRESENTATION_ITEM('')
);
#362=(
BOUNDED_CURVE()
B_SPLINE_CURVE(2,(#5352,#5353,#5354,#5355,#5356,#5357,#5358,#5359,#5360),
 .UNSPECIFIED.,.F.,.F.)
B_SPLINE_CURVE_WITH_KNOTS((3,2,2,2,3),(0.,0.472966152122981,1.49160661025358,
2.51024706838417,2.98321322050717),.UNSPECIFIED.)
CURVE()
GEOMETRIC_REPRESENTATION_ITEM()
RATIONAL_B_SPLINE_CURVE((1.,0.965925826289069,1.,0.866025403784439,1.,0.866025403784439,
1.,0.965925826289067,1.))
REPRESENTATION_ITEM('')
);
#363=(
BOUNDED_CURVE()
B_SPLINE_CURVE(2,(#5361,#5362,#5363,#5364,#5365,#5366,#5367),
 .UNSPECIFIED.,.F.,.F.)
B_SPLINE_CURVE_WITH_KNOTS((3,2,2,3),(-1.61947212109395,-1.49160661025358,
-0.472966152122989,0.),.UNSPECIFIED.)
CURVE()
GEOMETRIC_REPRESENTATION_ITEM()
RATIONAL_B_SPLINE_CURVE((1.,0.997385249568792,1.,0.866025403784439,1.,0.965925826289068,
1.))
REPRESENTATION_ITEM('')
);
#364=(
BOUNDED_CURVE()
B_SPLINE_CURVE(2,(#5376,#5377,#5378),.UNSPECIFIED.,.F.,.F.)
B_SPLINE_CURVE_WITH_KNOTS((3,3),(-0.693687003934566,0.),.UNSPECIFIED.)
CURVE()
GEOMETRIC_REPRESENTATION_ITEM()
RATIONAL_B_SPLINE_CURVE((1.,0.923288164746986,1.))
REPRESENTATION_ITEM('')
);
#365=(
BOUNDED_CURVE()
B_SPLINE_CURVE(2,(#5379,#5380,#5381,#5382,#5383),.UNSPECIFIED.,.F.,.F.)
B_SPLINE_CURVE_WITH_KNOTS((3,2,3),(0.,0.360904546410602,0.833870698533591),
 .UNSPECIFIED.)
CURVE()
GEOMETRIC_REPRESENTATION_ITEM()
RATIONAL_B_SPLINE_CURVE((1.,0.979729767580198,1.,0.965925826289068,1.))
REPRESENTATION_ITEM('')
);
#366=(
BOUNDED_CURVE()
B_SPLINE_CURVE(2,(#5444,#5445,#5446),.UNSPECIFIED.,.F.,.F.)
B_SPLINE_CURVE_WITH_KNOTS((3,3),(2.29578064708962,3.06618201381827),
 .UNSPECIFIED.)
CURVE()
GEOMETRIC_REPRESENTATION_ITEM()
RATIONAL_B_SPLINE_CURVE((1.,0.926723045305119,1.))
REPRESENTATION_ITEM('')
);
#367=(
BOUNDED_CURVE()
B_SPLINE_CURVE(2,(#5461,#5462,#5463,#5464,#5465),.UNSPECIFIED.,.F.,.F.)
B_SPLINE_CURVE_WITH_KNOTS((3,2,3),(2.89699521080304,4.24999984481139,5.60300447881975),
 .UNSPECIFIED.)
CURVE()
GEOMETRIC_REPRESENTATION_ITEM()
RATIONAL_B_SPLINE_CURVE((1.,0.779767276610195,1.,0.779767276610195,1.))
REPRESENTATION_ITEM('')
);
#368=(
BOUNDED_CURVE()
B_SPLINE_CURVE(2,(#5468,#5469,#5470,#5471,#5472),.UNSPECIFIED.,.F.,.F.)
B_SPLINE_CURVE_WITH_KNOTS((3,2,3),(2.30983699946306,2.51024706838418,2.98321322050716),
 .UNSPECIFIED.)
CURVE()
GEOMETRIC_REPRESENTATION_ITEM()
RATIONAL_B_SPLINE_CURVE((1.,0.994934764740264,1.,0.965925826289069,1.))
REPRESENTATION_ITEM('')
);
#369=(
BOUNDED_CURVE()
B_SPLINE_CURVE(2,(#5473,#5474,#5475,#5476,#5477,#5478,#5479,#5480,#5481,
#5482,#5483,#5484,#5485,#5486,#5487,#5488,#5489,#5490,#5491,#5492,#5493,
#5494,#5495,#5496,#5497,#5498,#5499,#5500,#5501,#5502,#5503,#5504,#5505,
#5506,#5507,#5508,#5509,#5510,#5511,#5512,#5513,#5514,#5515,#5516,#5517,
#5518,#5519,#5520,#5521,#5522,#5523,#5524,#5525,#5526,#5527,#5528,#5529,
#5530,#5531,#5532,#5533,#5534,#5535,#5536,#5537,#5538,#5539,#5540,#5541,
#5542,#5543,#5544,#5545,#5546,#5547,#5548,#5549,#5550,#5551,#5552,#5553,
#5554,#5555,#5556,#5557,#5558,#5559,#5560,#5561),.UNSPECIFIED.,.F.,.F.)
B_SPLINE_CURVE_WITH_KNOTS((3,2,2,2,2,2,2,2,2,2,2,2,2,2,2,2,2,2,2,2,2,2,
2,2,2,2,2,2,2,2,2,2,2,2,2,2,2,2,2,2,2,2,2,2,3),(625.070282497027,625.778667395837,
627.190286869317,628.601906342797,630.013525816277,631.425145289756,632.836764763236,
634.248384236716,635.660003710196,637.071623183676,638.483242657156,639.894862130636,
641.306481604116,642.718101077595,644.129720551075,645.541340024555,646.952959498035,
648.364578971515,649.776198444995,651.187817918475,652.599437391955,654.011056865434,
655.422676338914,656.834295812394,658.245915285874,659.657534759354,661.069154232834,
662.480773706314,663.892393179794,665.304012653273,666.715632126753,668.127251600233,
669.538871073713,670.950490547193,672.362110020673,673.773729494153,675.185348967633,
676.596968441112,678.008587914592,679.420207388072,680.831826861552,682.243446335032,
683.655065808512,685.066685281992,685.897118298162),.UNSPECIFIED.)
CURVE()
GEOMETRIC_REPRESENTATION_ITEM()
RATIONAL_B_SPLINE_CURVE((1.,0.965672338559455,1.,0.866025403784439,1.,0.866025403784439,
1.,0.866025403784439,1.,0.866025403784439,1.,0.866025403784439,1.,0.866025403784439,
1.,0.866025403784439,1.,0.866025403784439,1.,0.866025403784439,1.,0.866025403784439,
1.,0.866025403784439,1.,0.866025403784439,1.,0.866025403784439,1.,0.866025403784439,
1.,0.866025403784439,1.,0.866025403784439,1.,0.866025403784439,1.,0.866025403784439,
1.,0.866025403784439,1.,0.866025403784439,1.,0.866025403784439,1.,0.866025403784439,
1.,0.866025403784439,1.,0.866025403784439,1.,0.866025403784439,1.,0.866025403784439,
1.,0.866025403784439,1.,0.866025403784439,1.,0.866025403784439,1.,0.866025403784439,
1.,0.866025403784439,1.,0.866025403784439,1.,0.866025403784439,1.,0.866025403784439,
1.,0.866025403784439,1.,0.866025403784439,1.,0.866025403784439,1.,0.866025403784439,
1.,0.866025403784439,1.,0.866025403784439,1.,0.866025403784439,1.,0.866025403784439,
1.,0.946896342479941,1.))
REPRESENTATION_ITEM('')
);
#370=B_SPLINE_CURVE_WITH_KNOTS('',1,(#4994,#4995),.UNSPECIFIED.,.F.,.F.,
(2,2),(0.,0.286554751844479),.UNSPECIFIED.);
#371=B_SPLINE_CURVE_WITH_KNOTS('',1,(#5023,#5024),.UNSPECIFIED.,.F.,.F.,
(2,2),(0.352000000000001,1.552),.UNSPECIFIED.);
#372=B_SPLINE_CURVE_WITH_KNOTS('',1,(#5034,#5035),.UNSPECIFIED.,.F.,.F.,
(2,2),(0.,0.286554752271075),.UNSPECIFIED.);
#373=B_SPLINE_CURVE_WITH_KNOTS('',1,(#5045,#5046),.UNSPECIFIED.,.F.,.F.,
(2,2),(0.,0.291636690826619),.UNSPECIFIED.);
#374=B_SPLINE_CURVE_WITH_KNOTS('',1,(#5056,#5057),.UNSPECIFIED.,.F.,.F.,
(2,2),(1.21200000000001,2.81200000000001),.UNSPECIFIED.);
#375=B_SPLINE_CURVE_WITH_KNOTS('',1,(#5076,#5077),.UNSPECIFIED.,.F.,.F.,
(2,2),(-0.326039956746077,0.),.UNSPECIFIED.);
#376=B_SPLINE_CURVE_WITH_KNOTS('',1,(#5083,#5084),.UNSPECIFIED.,.F.,.F.,
(2,2),(-0.126058735140659,0.),.UNSPECIFIED.);
#377=B_SPLINE_CURVE_WITH_KNOTS('',3,(#5085,#5086,#5087,#5088,#5089,#5090,
#5091,#5092,#5093,#5094,#5095,#5096,#5097,#5098,#5099,#5100),
 .UNSPECIFIED.,.F.,.F.,(4,2,2,2,2,2,2,4),(0.,0.455855453101047,0.911710906202095,
1.36756635930314,1.82342181240419,2.27927726550524,2.73513271860628,3.64684362480838),
 .UNSPECIFIED.);
#378=B_SPLINE_CURVE_WITH_KNOTS('',3,(#5101,#5102,#5103,#5104,#5105,#5106,
#5107,#5108,#5109,#5110,#5111,#5112,#5113,#5114,#5115,#5116,#5117,#5118),
 .UNSPECIFIED.,.F.,.F.,(4,2,2,2,2,2,2,2,4),(-3.20047963724195,-2.80041968258671,
-2.40035972793146,-2.00029977327622,-1.60023981862097,-1.20017986396573,
-0.800119909310488,-0.400059954655244,0.),.UNSPECIFIED.);
#379=B_SPLINE_CURVE_WITH_KNOTS('',1,(#5119,#5120),.UNSPECIFIED.,.F.,.F.,
(2,2),(-0.379633891700039,0.),.UNSPECIFIED.);
#380=B_SPLINE_CURVE_WITH_KNOTS('',3,(#5121,#5122,#5123,#5124),
 .UNSPECIFIED.,.F.,.F.,(4,4),(-0.16151284628081,0.),.UNSPECIFIED.);
#381=B_SPLINE_CURVE_WITH_KNOTS('',3,(#5125,#5126,#5127,#5128),
 .UNSPECIFIED.,.F.,.F.,(4,4),(-0.160019326500169,0.),.UNSPECIFIED.);
#382=B_SPLINE_CURVE_WITH_KNOTS('',1,(#5134,#5135),.UNSPECIFIED.,.F.,.F.,
(2,2),(-0.056249999999995,0.),.UNSPECIFIED.);
#383=B_SPLINE_CURVE_WITH_KNOTS('',1,(#5136,#5137),.UNSPECIFIED.,.F.,.F.,
(2,2),(-0.0562499999999915,0.),.UNSPECIFIED.);
#384=B_SPLINE_CURVE_WITH_KNOTS('',1,(#5156,#5157),.UNSPECIFIED.,.F.,.F.,
(2,2),(-0.0562499999999986,0.),.UNSPECIFIED.);
#385=B_SPLINE_CURVE_WITH_KNOTS('',1,(#5158,#5159),.UNSPECIFIED.,.F.,.F.,
(2,2),(-0.0562499999999915,0.),.UNSPECIFIED.);
#386=B_SPLINE_CURVE_WITH_KNOTS('',1,(#5178,#5179),.UNSPECIFIED.,.F.,.F.,
(2,2),(-0.0562500000000021,0.),.UNSPECIFIED.);
#387=B_SPLINE_CURVE_WITH_KNOTS('',1,(#5180,#5181),.UNSPECIFIED.,.F.,.F.,
(2,2),(-0.056249999999995,0.),.UNSPECIFIED.);
#388=B_SPLINE_CURVE_WITH_KNOTS('',1,(#5200,#5201),.UNSPECIFIED.,.F.,.F.,
(2,2),(-0.056249999999995,0.),.UNSPECIFIED.);
#389=B_SPLINE_CURVE_WITH_KNOTS('',1,(#5202,#5203),.UNSPECIFIED.,.F.,.F.,
(2,2),(-0.0562499999999986,0.),.UNSPECIFIED.);
#390=B_SPLINE_CURVE_WITH_KNOTS('',1,(#5222,#5223),.UNSPECIFIED.,.F.,.F.,
(2,2),(-0.0562499999999968,0.),.UNSPECIFIED.);
#391=B_SPLINE_CURVE_WITH_KNOTS('',1,(#5224,#5225),.UNSPECIFIED.,.F.,.F.,
(2,2),(-0.0562500000000004,0.),.UNSPECIFIED.);
#392=B_SPLINE_CURVE_WITH_KNOTS('',1,(#5244,#5245),.UNSPECIFIED.,.F.,.F.,
(2,2),(-0.0562499999999986,0.),.UNSPECIFIED.);
#393=B_SPLINE_CURVE_WITH_KNOTS('',1,(#5251,#5252),.UNSPECIFIED.,.F.,.F.,
(2,2),(-0.0562500000000021,0.),.UNSPECIFIED.);
#394=B_SPLINE_CURVE_WITH_KNOTS('',3,(#5368,#5369,#5370,#5371,#5372,#5373,
#5374,#5375),.UNSPECIFIED.,.F.,.F.,(4,2,2,4),(-1.31923573252572,-0.65961786626286,
-0.32980893313143,0.),.UNSPECIFIED.);
#395=B_SPLINE_CURVE_WITH_KNOTS('',3,(#5384,#5385,#5386,#5387,#5388,#5389,
#5390,#5391,#5392,#5393,#5394,#5395),.UNSPECIFIED.,.F.,.F.,(4,2,2,2,2,4),
(0.,0.594571943322334,1.18914388664467,1.48642985830583,1.783715829967,
2.37828777328933),.UNSPECIFIED.);
#396=B_SPLINE_CURVE_WITH_KNOTS('',3,(#5396,#5397,#5398,#5399,#5400,#5401,
#5402,#5403,#5404,#5405,#5406,#5407,#5408),.UNSPECIFIED.,.F.,.F.,(4,3,3,
3,4),(0.,0.32347560361702,0.632066410231358,1.22307409082508,1.48082004683238),
 .UNSPECIFIED.);
#397=B_SPLINE_CURVE_WITH_KNOTS('',3,(#5409,#5410,#5411,#5412,#5413,#5414,
#5415,#5416,#5417,#5418,#5419,#5420,#5421,#5422,#5423,#5424,#5425,#5426,
#5427,#5428,#5429,#5430,#5431,#5432,#5433,#5434,#5435,#5436),
 .UNSPECIFIED.,.F.,.F.,(4,3,3,3,3,3,3,3,3,4),(0.,0.553398273229076,0.832119903498885,
1.70747072220385,2.61083727024395,2.91158953258773,3.5272431862809,4.15605822116342,
4.47217428383143,4.79391621474115),.UNSPECIFIED.);
#398=B_SPLINE_CURVE_WITH_KNOTS('',3,(#5437,#5438,#5439,#5440,#5441,#5442,
#5443),.UNSPECIFIED.,.F.,.F.,(4,3,4),(0.,0.157568602493449,0.69781087779349),
 .UNSPECIFIED.);
#399=B_SPLINE_CURVE_WITH_KNOTS('',3,(#5447,#5448,#5449,#5450,#5451,#5452,
#5453),.UNSPECIFIED.,.F.,.F.,(4,3,4),(0.954439964142695,1.72852166577859,
1.91005824783263),.UNSPECIFIED.);
#400=B_SPLINE_CURVE_WITH_KNOTS('',3,(#5454,#5455,#5456,#5457,#5458,#5459,
#5460),.UNSPECIFIED.,.F.,.F.,(4,3,4),(0.,0.067251965141996,0.957615126582558),
 .UNSPECIFIED.);
#401=B_SPLINE_CURVE_WITH_KNOTS('',1,(#5466,#5467),.UNSPECIFIED.,.F.,.F.,
(2,2),(0.0431141333550887,0.42426406871193),.UNSPECIFIED.);
#402=VERTEX_POINT('',#4947);
#403=VERTEX_POINT('',#4948);
#404=VERTEX_POINT('',#4949);
#405=VERTEX_POINT('',#4950);
#406=VERTEX_POINT('',#4951);
#407=VERTEX_POINT('',#4952);
#408=VERTEX_POINT('',#4953);
#409=VERTEX_POINT('',#4954);
#410=VERTEX_POINT('',#4955);
#411=VERTEX_POINT('',#4956);
#412=VERTEX_POINT('',#4957);
#413=VERTEX_POINT('',#4958);
#414=VERTEX_POINT('',#4959);
#415=VERTEX_POINT('',#4960);
#416=VERTEX_POINT('',#4961);
#417=VERTEX_POINT('',#4962);
#418=VERTEX_POINT('',#4963);
#419=VERTEX_POINT('',#4964);
#420=VERTEX_POINT('',#4965);
#421=VERTEX_POINT('',#4966);
#422=VERTEX_POINT('',#4967);
#423=VERTEX_POINT('',#4968);
#424=VERTEX_POINT('',#4969);
#425=VERTEX_POINT('',#4970);
#426=VERTEX_POINT('',#4971);
#427=VERTEX_POINT('',#4972);
#428=VERTEX_POINT('',#4973);
#429=VERTEX_POINT('',#4974);
#430=VERTEX_POINT('',#4975);
#431=VERTEX_POINT('',#4976);
#432=VERTEX_POINT('',#4977);
#433=VERTEX_POINT('',#4978);
#434=VERTEX_POINT('',#4979);
#435=VERTEX_POINT('',#4980);
#436=VERTEX_POINT('',#4981);
#437=VERTEX_POINT('',#4982);
#438=VERTEX_POINT('',#4983);
#439=VERTEX_POINT('',#4984);
#440=VERTEX_POINT('',#4985);
#441=VERTEX_POINT('',#4986);
#442=VERTEX_POINT('',#4987);
#443=VERTEX_POINT('',#4988);
#444=VERTEX_POINT('',#4989);
#445=VERTEX_POINT('',#4990);
#446=VERTEX_POINT('',#4991);
#447=VERTEX_POINT('',#4992);
#448=VERTEX_POINT('',#4993);
#449=PLANE('',#497);
#450=PLANE('',#498);
#451=PLANE('',#499);
#452=PLANE('',#500);
#453=(
BOUNDED_SURFACE()
B_SPLINE_SURFACE(2,1,((#511,#512),(#513,#514),(#515,#516),(#517,#518),(#519,
#520),(#521,#522),(#523,#524),(#525,#526),(#527,#528)),.UNSPECIFIED.,.T.,
 .F.,.F.)
B_SPLINE_SURFACE_WITH_KNOTS((3,2,2,2,3),(2,2),(0.,3.69127810814551,7.38255621629102,
11.0738343244365,14.765112432582),(0.,0.286554751844479),.UNSPECIFIED.)
GEOMETRIC_REPRESENTATION_ITEM()
RATIONAL_B_SPLINE_SURFACE(((1.,1.),(0.707106781186548,0.707106781186548),
(1.,1.),(0.707106781186548,0.707106781186548),(1.,1.),(0.707106781186548,
0.707106781186548),(1.,1.),(0.707106781186548,0.707106781186548),(1.,1.)))
REPRESENTATION_ITEM('')
SURFACE()
);
#454=(
BOUNDED_SURFACE()
B_SPLINE_SURFACE(2,1,((#531,#532),(#533,#534),(#535,#536),(#537,#538),(#539,
#540),(#541,#542),(#543,#544),(#545,#546),(#547,#548)),.UNSPECIFIED.,.T.,
 .F.,.F.)
B_SPLINE_SURFACE_WITH_KNOTS((3,2,2,2,3),(2,2),(0.,1.5707963267949,3.14159265358979,
4.71238898038469,6.28318530717959),(0.,1.704),.UNSPECIFIED.)
GEOMETRIC_REPRESENTATION_ITEM()
RATIONAL_B_SPLINE_SURFACE(((1.,1.),(0.707106781186548,0.707106781186548),
(1.,1.),(0.707106781186548,0.707106781186548),(1.,1.),(0.707106781186548,
0.707106781186548),(1.,1.),(0.707106781186548,0.707106781186548),(1.,1.)))
REPRESENTATION_ITEM('')
SURFACE()
);
#455=(
BOUNDED_SURFACE()
B_SPLINE_SURFACE(2,1,((#549,#550),(#551,#552),(#553,#554),(#555,#556),(#557,
#558),(#559,#560),(#561,#562),(#563,#564),(#565,#566)),.UNSPECIFIED.,.T.,
 .F.,.F.)
B_SPLINE_SURFACE_WITH_KNOTS((3,2,2,2,3),(2,2),(0.,3.69127810814551,7.38255621629102,
11.0738343244365,14.765112432582),(0.,0.286554752271075),.UNSPECIFIED.)
GEOMETRIC_REPRESENTATION_ITEM()
RATIONAL_B_SPLINE_SURFACE(((1.,1.),(0.707106781186548,0.707106781186548),
(1.,1.),(0.707106781186548,0.707106781186548),(1.,1.),(0.707106781186548,
0.707106781186548),(1.,1.),(0.707106781186548,0.707106781186548),(1.,1.)))
REPRESENTATION_ITEM('')
SURFACE()
);
#456=(
BOUNDED_SURFACE()
B_SPLINE_SURFACE(2,1,((#567,#568),(#569,#570),(#571,#572),(#573,#574),(#575,
#576),(#577,#578),(#579,#580),(#581,#582),(#583,#584)),.UNSPECIFIED.,.T.,
 .F.,.F.)
B_SPLINE_SURFACE_WITH_KNOTS((3,2,2,2,3),(2,2),(0.,2.43467279473427,4.86934558946855,
7.30401838420282,9.73869117893709),(0.,0.291636690826619),.UNSPECIFIED.)
GEOMETRIC_REPRESENTATION_ITEM()
RATIONAL_B_SPLINE_SURFACE(((1.,1.),(0.707106781186548,0.707106781186548),
(1.,1.),(0.707106781186548,0.707106781186548),(1.,1.),(0.707106781186548,
0.707106781186548),(1.,1.),(0.707106781186548,0.707106781186548),(1.,1.)))
REPRESENTATION_ITEM('')
SURFACE()
);
#457=(
BOUNDED_SURFACE()
B_SPLINE_SURFACE(2,1,((#586,#587),(#588,#589),(#590,#591),(#592,#593),(#594,
#595),(#596,#597),(#598,#599),(#600,#601),(#602,#603)),.UNSPECIFIED.,.T.,
 .F.,.F.)
B_SPLINE_SURFACE_WITH_KNOTS((3,2,2,2,3),(2,2),(0.,1.5707963267949,3.14159265358979,
4.71238898038469,6.28318530717959),(0.,12.024),.UNSPECIFIED.)
GEOMETRIC_REPRESENTATION_ITEM()
RATIONAL_B_SPLINE_SURFACE(((1.,1.),(0.707106781186548,0.707106781186548),
(1.,1.),(0.707106781186548,0.707106781186548),(1.,1.),(0.707106781186548,
0.707106781186548),(1.,1.),(0.707106781186548,0.707106781186548),(1.,1.)))
REPRESENTATION_ITEM('')
SURFACE()
);
#458=(
BOUNDED_SURFACE()
B_SPLINE_SURFACE(1,2,((#604,#605,#606,#607,#608,#609,#610,#611,#612),(#613,
#614,#615,#616,#617,#618,#619,#620,#621)),.UNSPECIFIED.,.F.,.F.,.F.)
B_SPLINE_SURFACE_WITH_KNOTS((2,2),(3,2,2,2,3),(0.,2.82842712474619),(0.,
1.5707963267949,3.14159265358979,4.71238898038469,6.28318530717959),
 .UNSPECIFIED.)
GEOMETRIC_REPRESENTATION_ITEM()
RATIONAL_B_SPLINE_SURFACE(((1.,0.707106781186548,1.,0.707106781186548,1.,
0.707106781186548,1.,0.707106781186548,1.),(1.,0.707106781186548,1.,0.707106781186548,
1.,0.707106781186548,1.,0.707106781186548,1.)))
REPRESENTATION_ITEM('')
SURFACE()
);
#459=(
BOUNDED_SURFACE()
B_SPLINE_SURFACE(1,2,((#623,#624,#625,#626,#627,#628,#629,#630,#631),(#632,
#633,#634,#635,#636,#637,#638,#639,#640)),.UNSPECIFIED.,.F.,.F.,.F.)
B_SPLINE_SURFACE_WITH_KNOTS((2,2),(3,2,2,2,3),(0.,2.09823364044335),(0.,
1.5707963267949,3.14159265358979,4.71238898038469,6.28318530717959),
 .UNSPECIFIED.)
GEOMETRIC_REPRESENTATION_ITEM()
RATIONAL_B_SPLINE_SURFACE(((1.,0.707106781186548,1.,0.707106781186548,1.,
0.707106781186548,1.,0.707106781186548,1.),(1.,0.707106781186548,1.,0.707106781186548,
1.,0.707106781186548,1.,0.707106781186548,1.)))
REPRESENTATION_ITEM('')
SURFACE()
);
#460=(
BOUNDED_SURFACE()
B_SPLINE_SURFACE(1,2,((#641,#642,#643,#644,#645,#646,#647,#648,#649),(#650,
#651,#652,#653,#654,#655,#656,#657,#658)),.UNSPECIFIED.,.F.,.F.,.F.)
B_SPLINE_SURFACE_WITH_KNOTS((2,2),(3,2,2,2,3),(0.,2.09823364044335),(0.,
1.5707963267949,3.14159265358979,4.71238898038469,6.28318530717959),
 .UNSPECIFIED.)
GEOMETRIC_REPRESENTATION_ITEM()
RATIONAL_B_SPLINE_SURFACE(((1.,0.707106781186548,1.,0.707106781186548,1.,
0.707106781186548,1.,0.707106781186548,1.),(1.,0.707106781186548,1.,0.707106781186548,
1.,0.707106781186548,1.,0.707106781186548,1.)))
REPRESENTATION_ITEM('')
SURFACE()
);
#461=(
BOUNDED_SURFACE()
B_SPLINE_SURFACE(1,2,((#659,#660,#661,#662,#663,#664,#665,#666,#667),(#668,
#669,#670,#671,#672,#673,#674,#675,#676)),.UNSPECIFIED.,.F.,.F.,.F.)
B_SPLINE_SURFACE_WITH_KNOTS((2,2),(3,2,2,2,3),(0.,0.337739999999989),(0.,
1.5707963267949,3.14159265358979,4.71238898038469,6.28318530717959),
 .UNSPECIFIED.)
GEOMETRIC_REPRESENTATION_ITEM()
RATIONAL_B_SPLINE_SURFACE(((1.,0.707106781186548,1.,0.707106781186548,1.,
0.707106781186548,1.,0.707106781186548,1.),(1.,0.707106781186548,1.,0.707106781186548,
1.,0.707106781186548,1.,0.707106781186548,1.)))
REPRESENTATION_ITEM('')
SURFACE()
);
#462=(
BOUNDED_SURFACE()
B_SPLINE_SURFACE(1,2,((#677,#678,#679,#680,#681,#682,#683,#684,#685),(#686,
#687,#688,#689,#690,#691,#692,#693,#694)),.UNSPECIFIED.,.F.,.F.,.F.)
B_SPLINE_SURFACE_WITH_KNOTS((2,2),(3,2,2,2,3),(0.,0.337739999999997),(0.,
1.5707963267949,3.14159265358979,4.71238898038469,6.28318530717959),
 .UNSPECIFIED.)
GEOMETRIC_REPRESENTATION_ITEM()
RATIONAL_B_SPLINE_SURFACE(((1.,0.707106781186548,1.,0.707106781186548,1.,
0.707106781186548,1.,0.707106781186548,1.),(1.,0.707106781186548,1.,0.707106781186548,
1.,0.707106781186548,1.,0.707106781186548,1.)))
REPRESENTATION_ITEM('')
SURFACE()
);
#463=(
BOUNDED_SURFACE()
B_SPLINE_SURFACE(1,2,((#695,#696,#697,#698,#699,#700,#701,#702,#703),(#704,
#705,#706,#707,#708,#709,#710,#711,#712)),.UNSPECIFIED.,.F.,.F.,.F.)
B_SPLINE_SURFACE_WITH_KNOTS((2,2),(3,2,2,2,3),(0.,0.337739999999997),(0.,
1.5707963267949,3.14159265358979,4.71238898038469,6.28318530717959),
 .UNSPECIFIED.)
GEOMETRIC_REPRESENTATION_ITEM()
RATIONAL_B_SPLINE_SURFACE(((1.,0.707106781186548,1.,0.707106781186548,1.,
0.707106781186548,1.,0.707106781186548,1.),(1.,0.707106781186548,1.,0.707106781186548,
1.,0.707106781186548,1.,0.707106781186548,1.)))
REPRESENTATION_ITEM('')
SURFACE()
);
#464=(
BOUNDED_SURFACE()
B_SPLINE_SURFACE(1,2,((#713,#714,#715,#716,#717,#718,#719,#720,#721),(#722,
#723,#724,#725,#726,#727,#728,#729,#730)),.UNSPECIFIED.,.F.,.F.,.F.)
B_SPLINE_SURFACE_WITH_KNOTS((2,2),(3,2,2,2,3),(0.,0.337739999999993),(0.,
1.5707963267949,3.14159265358979,4.71238898038469,6.28318530717959),
 .UNSPECIFIED.)
GEOMETRIC_REPRESENTATION_ITEM()
RATIONAL_B_SPLINE_SURFACE(((1.,0.707106781186548,1.,0.707106781186548,1.,
0.707106781186548,1.,0.707106781186548,1.),(1.,0.707106781186548,1.,0.707106781186548,
1.,0.707106781186548,1.,0.707106781186548,1.)))
REPRESENTATION_ITEM('')
SURFACE()
);
#465=(
BOUNDED_SURFACE()
B_SPLINE_SURFACE(1,2,((#731,#732,#733,#734,#735,#736,#737,#738,#739),(#740,
#741,#742,#743,#744,#745,#746,#747,#748)),.UNSPECIFIED.,.F.,.F.,.F.)
B_SPLINE_SURFACE_WITH_KNOTS((2,2),(3,2,2,2,3),(0.,0.337739999999998),(0.,
1.5707963267949,3.14159265358979,4.71238898038469,6.28318530717959),
 .UNSPECIFIED.)
GEOMETRIC_REPRESENTATION_ITEM()
RATIONAL_B_SPLINE_SURFACE(((1.,0.707106781186548,1.,0.707106781186548,1.,
0.707106781186548,1.,0.707106781186548,1.),(1.,0.707106781186548,1.,0.707106781186548,
1.,0.707106781186548,1.,0.707106781186548,1.)))
REPRESENTATION_ITEM('')
SURFACE()
);
#466=(
BOUNDED_SURFACE()
B_SPLINE_SURFACE(1,2,((#749,#750,#751,#752,#753,#754,#755,#756,#757),(#758,
#759,#760,#761,#762,#763,#764,#765,#766)),.UNSPECIFIED.,.F.,.F.,.F.)
B_SPLINE_SURFACE_WITH_KNOTS((2,2),(3,2,2,2,3),(0.,0.337739999999993),(0.,
1.5707963267949,3.14159265358979,4.71238898038469,6.28318530717959),
 .UNSPECIFIED.)
GEOMETRIC_REPRESENTATION_ITEM()
RATIONAL_B_SPLINE_SURFACE(((1.,0.707106781186548,1.,0.707106781186548,1.,
0.707106781186548,1.,0.707106781186548,1.),(1.,0.707106781186548,1.,0.707106781186548,
1.,0.707106781186548,1.,0.707106781186548,1.)))
REPRESENTATION_ITEM('')
SURFACE()
);
#467=(
BOUNDED_SURFACE()
B_SPLINE_SURFACE(1,2,((#767,#768,#769,#770,#771,#772,#773,#774,#775),(#776,
#777,#778,#779,#780,#781,#782,#783,#784)),.UNSPECIFIED.,.F.,.F.,.F.)
B_SPLINE_SURFACE_WITH_KNOTS((2,2),(3,2,2,2,3),(0.,0.337739999999993),(0.,
1.5707963267949,3.14159265358979,4.71238898038469,6.28318530717959),
 .UNSPECIFIED.)
GEOMETRIC_REPRESENTATION_ITEM()
RATIONAL_B_SPLINE_SURFACE(((1.,0.707106781186548,1.,0.707106781186548,1.,
0.707106781186548,1.,0.707106781186548,1.),(1.,0.707106781186548,1.,0.707106781186548,
1.,0.707106781186548,1.,0.707106781186548,1.)))
REPRESENTATION_ITEM('')
SURFACE()
);
#468=(
BOUNDED_SURFACE()
B_SPLINE_SURFACE(1,2,((#785,#786,#787,#788,#789,#790,#791,#792,#793),(#794,
#795,#796,#797,#798,#799,#800,#801,#802)),.UNSPECIFIED.,.F.,.F.,.F.)
B_SPLINE_SURFACE_WITH_KNOTS((2,2),(3,2,2,2,3),(0.,0.337739999999989),(0.,
1.5707963267949,3.14159265358979,4.71238898038469,6.28318530717959),
 .UNSPECIFIED.)
GEOMETRIC_REPRESENTATION_ITEM()
RATIONAL_B_SPLINE_SURFACE(((1.,0.707106781186548,1.,0.707106781186548,1.,
0.707106781186548,1.,0.707106781186548,1.),(1.,0.707106781186548,1.,0.707106781186548,
1.,0.707106781186548,1.,0.707106781186548,1.)))
REPRESENTATION_ITEM('')
SURFACE()
);
#469=(
BOUNDED_SURFACE()
B_SPLINE_SURFACE(1,2,((#803,#804,#805,#806,#807,#808,#809,#810,#811),(#812,
#813,#814,#815,#816,#817,#818,#819,#820)),.UNSPECIFIED.,.F.,.F.,.F.)
B_SPLINE_SURFACE_WITH_KNOTS((2,2),(3,2,2,2,3),(0.,0.337739999999993),(0.,
1.5707963267949,3.14159265358979,4.71238898038469,6.28318530717959),
 .UNSPECIFIED.)
GEOMETRIC_REPRESENTATION_ITEM()
RATIONAL_B_SPLINE_SURFACE(((1.,0.707106781186548,1.,0.707106781186548,1.,
0.707106781186548,1.,0.707106781186548,1.),(1.,0.707106781186548,1.,0.707106781186548,
1.,0.707106781186548,1.,0.707106781186548,1.)))
REPRESENTATION_ITEM('')
SURFACE()
);
#470=(
BOUNDED_SURFACE()
B_SPLINE_SURFACE(1,2,((#821,#822,#823,#824,#825,#826,#827,#828,#829),(#830,
#831,#832,#833,#834,#835,#836,#837,#838)),.UNSPECIFIED.,.F.,.F.,.F.)
B_SPLINE_SURFACE_WITH_KNOTS((2,2),(3,2,2,2,3),(0.,0.337739999999997),(0.,
1.5707963267949,3.14159265358979,4.71238898038469,6.28318530717959),
 .UNSPECIFIED.)
GEOMETRIC_REPRESENTATION_ITEM()
RATIONAL_B_SPLINE_SURFACE(((1.,0.707106781186548,1.,0.707106781186548,1.,
0.707106781186548,1.,0.707106781186548,1.),(1.,0.707106781186548,1.,0.707106781186548,
1.,0.707106781186548,1.,0.707106781186548,1.)))
REPRESENTATION_ITEM('')
SURFACE()
);
#471=(
BOUNDED_SURFACE()
B_SPLINE_SURFACE(1,2,((#839,#840,#841,#842,#843,#844,#845,#846,#847),(#848,
#849,#850,#851,#852,#853,#854,#855,#856)),.UNSPECIFIED.,.F.,.F.,.F.)
B_SPLINE_SURFACE_WITH_KNOTS((2,2),(3,2,2,2,3),(0.,0.33774),(0.,1.5707963267949,
3.14159265358979,4.71238898038469,6.28318530717959),.UNSPECIFIED.)
GEOMETRIC_REPRESENTATION_ITEM()
RATIONAL_B_SPLINE_SURFACE(((1.,0.707106781186548,1.,0.707106781186548,1.,
0.707106781186548,1.,0.707106781186548,1.),(1.,0.707106781186548,1.,0.707106781186548,
1.,0.707106781186548,1.,0.707106781186548,1.)))
REPRESENTATION_ITEM('')
SURFACE()
);
#472=(
BOUNDED_SURFACE()
B_SPLINE_SURFACE(1,2,((#857,#858,#859,#860,#861,#862,#863,#864,#865),(#866,
#867,#868,#869,#870,#871,#872,#873,#874)),.UNSPECIFIED.,.F.,.F.,.F.)
B_SPLINE_SURFACE_WITH_KNOTS((2,2),(3,2,2,2,3),(0.,0.146946049799389),(0.,
1.5707963267949,3.14159265358979,4.71238898038469,6.28318530717959),
 .UNSPECIFIED.)
GEOMETRIC_REPRESENTATION_ITEM()
RATIONAL_B_SPLINE_SURFACE(((1.,0.707106781186548,1.,0.707106781186548,1.,
0.707106781186548,1.,0.707106781186548,1.),(1.,0.707106781186548,1.,0.707106781186548,
1.,0.707106781186548,1.,0.707106781186548,1.)))
REPRESENTATION_ITEM('')
SURFACE()
);
#473=(
BOUNDED_SURFACE()
B_SPLINE_SURFACE(1,2,((#875,#876,#877,#878,#879,#880,#881,#882,#883),(#884,
#885,#886,#887,#888,#889,#890,#891,#892)),.UNSPECIFIED.,.F.,.F.,.F.)
B_SPLINE_SURFACE_WITH_KNOTS((2,2),(3,2,2,2,3),(0.,1.93720762512676),(0.,
1.5707963267949,3.14159265358979,4.71238898038469,6.28318530717959),
 .UNSPECIFIED.)
GEOMETRIC_REPRESENTATION_ITEM()
RATIONAL_B_SPLINE_SURFACE(((1.,0.707106781186548,1.,0.707106781186548,1.,
0.707106781186548,1.,0.707106781186548,1.),(1.,0.707106781186548,1.,0.707106781186548,
1.,0.707106781186548,1.,0.707106781186548,1.)))
REPRESENTATION_ITEM('')
SURFACE()
);
#474=(
BOUNDED_SURFACE()
B_SPLINE_SURFACE(1,2,((#893,#894,#895,#896,#897,#898,#899,#900,#901),(#902,
#903,#904,#905,#906,#907,#908,#909,#910)),.UNSPECIFIED.,.F.,.F.,.F.)
B_SPLINE_SURFACE_WITH_KNOTS((2,2),(3,2,2,2,3),(0.,0.337739999999993),(0.,
1.5707963267949,3.14159265358979,4.71238898038469,6.28318530717959),
 .UNSPECIFIED.)
GEOMETRIC_REPRESENTATION_ITEM()
RATIONAL_B_SPLINE_SURFACE(((1.,0.707106781186548,1.,0.707106781186548,1.,
0.707106781186548,1.,0.707106781186548,1.),(1.,0.707106781186548,1.,0.707106781186548,
1.,0.707106781186548,1.,0.707106781186548,1.)))
REPRESENTATION_ITEM('')
SURFACE()
);
#475=(
BOUNDED_SURFACE()
B_SPLINE_SURFACE(2,1,((#911,#912),(#913,#914),(#915,#916),(#917,#918),(#919,
#920),(#921,#922),(#923,#924),(#925,#926),(#927,#928),(#929,#930),(#931,
#932),(#933,#934),(#935,#936),(#937,#938),(#939,#940),(#941,#942),(#943,
#944),(#945,#946),(#947,#948),(#949,#950),(#951,#952),(#953,#954),(#955,
#956),(#957,#958),(#959,#960),(#961,#962),(#963,#964),(#965,#966),(#967,
#968),(#969,#970),(#971,#972),(#973,#974),(#975,#976),(#977,#978),(#979,
#980),(#981,#982),(#983,#984),(#985,#986),(#987,#988),(#989,#990),(#991,
#992),(#993,#994),(#995,#996),(#997,#998),(#999,#1000),(#1001,#1002),(#1003,
#1004),(#1005,#1006),(#1007,#1008),(#1009,#1010),(#1011,#1012),(#1013,#1014),
(#1015,#1016),(#1017,#1018),(#1019,#1020),(#1021,#1022),(#1023,#1024),(#1025,
#1026),(#1027,#1028),(#1029,#1030),(#1031,#1032),(#1033,#1034),(#1035,#1036),
(#1037,#1038),(#1039,#1040),(#1041,#1042),(#1043,#1044),(#1045,#1046),(#1047,
#1048),(#1049,#1050),(#1051,#1052),(#1053,#1054),(#1055,#1056),(#1057,#1058),
(#1059,#1060),(#1061,#1062),(#1063,#1064),(#1065,#1066),(#1067,#1068),(#1069,
#1070),(#1071,#1072),(#1073,#1074),(#1075,#1076),(#1077,#1078),(#1079,#1080),
(#1081,#1082),(#1083,#1084),(#1085,#1086),(#1087,#1088),(#1089,#1090),(#1091,
#1092),(#1093,#1094),(#1095,#1096),(#1097,#1098),(#1099,#1100),(#1101,#1102),
(#1103,#1104),(#1105,#1106),(#1107,#1108),(#1109,#1110),(#1111,#1112),(#1113,
#1114),(#1115,#1116),(#1117,#1118),(#1119,#1120),(#1121,#1122),(#1123,#1124),
(#1125,#1126),(#1127,#1128),(#1129,#1130),(#1131,#1132),(#1133,#1134),(#1135,
#1136),(#1137,#1138),(#1139,#1140),(#1141,#1142),(#1143,#1144),(#1145,#1146),
(#1147,#1148),(#1149,#1150),(#1151,#1152),(#1153,#1154),(#1155,#1156),(#1157,
#1158),(#1159,#1160),(#1161,#1162),(#1163,#1164),(#1165,#1166),(#1167,#1168),
(#1169,#1170),(#1171,#1172),(#1173,#1174),(#1175,#1176),(#1177,#1178),(#1179,
#1180),(#1181,#1182),(#1183,#1184),(#1185,#1186),(#1187,#1188),(#1189,#1190),
(#1191,#1192),(#1193,#1194),(#1195,#1196),(#1197,#1198),(#1199,#1200),(#1201,
#1202),(#1203,#1204),(#1205,#1206),(#1207,#1208),(#1209,#1210),(#1211,#1212),
(#1213,#1214),(#1215,#1216),(#1217,#1218),(#1219,#1220),(#1221,#1222),(#1223,
#1224),(#1225,#1226),(#1227,#1228),(#1229,#1230),(#1231,#1232),(#1233,#1234),
(#1235,#1236),(#1237,#1238),(#1239,#1240),(#1241,#1242),(#1243,#1244),(#1245,
#1246),(#1247,#1248),(#1249,#1250),(#1251,#1252),(#1253,#1254),(#1255,#1256),
(#1257,#1258),(#1259,#1260),(#1261,#1262),(#1263,#1264),(#1265,#1266),(#1267,
#1268),(#1269,#1270),(#1271,#1272),(#1273,#1274),(#1275,#1276),(#1277,#1278),
(#1279,#1280),(#1281,#1282),(#1283,#1284),(#1285,#1286),(#1287,#1288),(#1289,
#1290),(#1291,#1292),(#1293,#1294),(#1295,#1296),(#1297,#1298),(#1299,#1300),
(#1301,#1302),(#1303,#1304),(#1305,#1306),(#1307,#1308),(#1309,#1310),(#1311,
#1312),(#1313,#1314),(#1315,#1316),(#1317,#1318),(#1319,#1320),(#1321,#1322),
(#1323,#1324),(#1325,#1326),(#1327,#1328),(#1329,#1330),(#1331,#1332),(#1333,
#1334),(#1335,#1336),(#1337,#1338),(#1339,#1340),(#1341,#1342),(#1343,#1344),
(#1345,#1346),(#1347,#1348),(#1349,#1350),(#1351,#1352),(#1353,#1354),(#1355,
#1356),(#1357,#1358),(#1359,#1360),(#1361,#1362),(#1363,#1364),(#1365,#1366),
(#1367,#1368),(#1369,#1370),(#1371,#1372),(#1373,#1374),(#1375,#1376),(#1377,
#1378),(#1379,#1380),(#1381,#1382),(#1383,#1384),(#1385,#1386),(#1387,#1388),
(#1389,#1390),(#1391,#1392),(#1393,#1394),(#1395,#1396),(#1397,#1398),(#1399,
#1400),(#1401,#1402),(#1403,#1404),(#1405,#1406),(#1407,#1408),(#1409,#1410),
(#1411,#1412),(#1413,#1414),(#1415,#1416),(#1417,#1418),(#1419,#1420),(#1421,
#1422),(#1423,#1424),(#1425,#1426),(#1427,#1428),(#1429,#1430),(#1431,#1432),
(#1433,#1434),(#1435,#1436),(#1437,#1438),(#1439,#1440),(#1441,#1442),(#1443,
#1444),(#1445,#1446),(#1447,#1448),(#1449,#1450),(#1451,#1452),(#1453,#1454),
(#1455,#1456),(#1457,#1458),(#1459,#1460),(#1461,#1462),(#1463,#1464),(#1465,
#1466),(#1467,#1468),(#1469,#1470),(#1471,#1472),(#1473,#1474),(#1475,#1476),
(#1477,#1478),(#1479,#1480),(#1481,#1482),(#1483,#1484),(#1485,#1486),(#1487,
#1488),(#1489,#1490),(#1491,#1492),(#1493,#1494),(#1495,#1496),(#1497,#1498),
(#1499,#1500),(#1501,#1502),(#1503,#1504),(#1505,#1506),(#1507,#1508),(#1509,
#1510),(#1511,#1512),(#1513,#1514),(#1515,#1516),(#1517,#1518),(#1519,#1520),
(#1521,#1522),(#1523,#1524),(#1525,#1526),(#1527,#1528),(#1529,#1530),(#1531,
#1532),(#1533,#1534),(#1535,#1536),(#1537,#1538),(#1539,#1540),(#1541,#1542),
(#1543,#1544),(#1545,#1546),(#1547,#1548),(#1549,#1550),(#1551,#1552),(#1553,
#1554),(#1555,#1556),(#1557,#1558),(#1559,#1560),(#1561,#1562),(#1563,#1564),
(#1565,#1566),(#1567,#1568),(#1569,#1570),(#1571,#1572),(#1573,#1574),(#1575,
#1576),(#1577,#1578),(#1579,#1580),(#1581,#1582),(#1583,#1584),(#1585,#1586),
(#1587,#1588),(#1589,#1590),(#1591,#1592),(#1593,#1594),(#1595,#1596),(#1597,
#1598),(#1599,#1600),(#1601,#1602),(#1603,#1604),(#1605,#1606),(#1607,#1608),
(#1609,#1610),(#1611,#1612),(#1613,#1614),(#1615,#1616),(#1617,#1618),(#1619,
#1620),(#1621,#1622),(#1623,#1624),(#1625,#1626),(#1627,#1628),(#1629,#1630),
(#1631,#1632),(#1633,#1634),(#1635,#1636),(#1637,#1638),(#1639,#1640),(#1641,
#1642),(#1643,#1644),(#1645,#1646),(#1647,#1648),(#1649,#1650),(#1651,#1652),
(#1653,#1654),(#1655,#1656),(#1657,#1658),(#1659,#1660),(#1661,#1662),(#1663,
#1664),(#1665,#1666),(#1667,#1668),(#1669,#1670),(#1671,#1672),(#1673,#1674),
(#1675,#1676),(#1677,#1678),(#1679,#1680),(#1681,#1682),(#1683,#1684),(#1685,
#1686),(#1687,#1688),(#1689,#1690),(#1691,#1692),(#1693,#1694),(#1695,#1696),
(#1697,#1698),(#1699,#1700),(#1701,#1702),(#1703,#1704),(#1705,#1706),(#1707,
#1708),(#1709,#1710),(#1711,#1712),(#1713,#1714),(#1715,#1716),(#1717,#1718),
(#1719,#1720),(#1721,#1722),(#1723,#1724),(#1725,#1726),(#1727,#1728),(#1729,
#1730),(#1731,#1732),(#1733,#1734),(#1735,#1736),(#1737,#1738),(#1739,#1740),
(#1741,#1742),(#1743,#1744),(#1745,#1746),(#1747,#1748),(#1749,#1750),(#1751,
#1752),(#1753,#1754),(#1755,#1756),(#1757,#1758),(#1759,#1760),(#1761,#1762),
(#1763,#1764),(#1765,#1766),(#1767,#1768),(#1769,#1770),(#1771,#1772),(#1773,
#1774),(#1775,#1776),(#1777,#1778),(#1779,#1780),(#1781,#1782),(#1783,#1784),
(#1785,#1786),(#1787,#1788),(#1789,#1790),(#1791,#1792),(#1793,#1794),(#1795,
#1796),(#1797,#1798),(#1799,#1800),(#1801,#1802),(#1803,#1804),(#1805,#1806),
(#1807,#1808),(#1809,#1810),(#1811,#1812),(#1813,#1814),(#1815,#1816),(#1817,
#1818),(#1819,#1820),(#1821,#1822),(#1823,#1824),(#1825,#1826),(#1827,#1828),
(#1829,#1830),(#1831,#1832),(#1833,#1834),(#1835,#1836),(#1837,#1838),(#1839,
#1840),(#1841,#1842),(#1843,#1844),(#1845,#1846),(#1847,#1848),(#1849,#1850),
(#1851,#1852),(#1853,#1854),(#1855,#1856),(#1857,#1858),(#1859,#1860),(#1861,
#1862),(#1863,#1864),(#1865,#1866),(#1867,#1868),(#1869,#1870),(#1871,#1872),
(#1873,#1874),(#1875,#1876),(#1877,#1878),(#1879,#1880),(#1881,#1882),(#1883,
#1884),(#1885,#1886),(#1887,#1888),(#1889,#1890),(#1891,#1892),(#1893,#1894),
(#1895,#1896),(#1897,#1898),(#1899,#1900),(#1901,#1902),(#1903,#1904),(#1905,
#1906),(#1907,#1908),(#1909,#1910),(#1911,#1912),(#1913,#1914),(#1915,#1916),
(#1917,#1918),(#1919,#1920),(#1921,#1922),(#1923,#1924),(#1925,#1926),(#1927,
#1928),(#1929,#1930),(#1931,#1932),(#1933,#1934),(#1935,#1936),(#1937,#1938),
(#1939,#1940),(#1941,#1942),(#1943,#1944),(#1945,#1946),(#1947,#1948),(#1949,
#1950),(#1951,#1952),(#1953,#1954),(#1955,#1956),(#1957,#1958),(#1959,#1960),
(#1961,#1962),(#1963,#1964),(#1965,#1966),(#1967,#1968),(#1969,#1970),(#1971,
#1972),(#1973,#1974),(#1975,#1976),(#1977,#1978),(#1979,#1980),(#1981,#1982),
(#1983,#1984),(#1985,#1986),(#1987,#1988),(#1989,#1990),(#1991,#1992),(#1993,
#1994),(#1995,#1996),(#1997,#1998),(#1999,#2000),(#2001,#2002),(#2003,#2004),
(#2005,#2006),(#2007,#2008),(#2009,#2010),(#2011,#2012),(#2013,#2014),(#2015,
#2016),(#2017,#2018),(#2019,#2020),(#2021,#2022),(#2023,#2024),(#2025,#2026),
(#2027,#2028),(#2029,#2030),(#2031,#2032),(#2033,#2034),(#2035,#2036),(#2037,
#2038),(#2039,#2040),(#2041,#2042),(#2043,#2044),(#2045,#2046),(#2047,#2048),
(#2049,#2050),(#2051,#2052),(#2053,#2054),(#2055,#2056),(#2057,#2058),(#2059,
#2060),(#2061,#2062),(#2063,#2064),(#2065,#2066),(#2067,#2068),(#2069,#2070),
(#2071,#2072),(#2073,#2074),(#2075,#2076),(#2077,#2078),(#2079,#2080),(#2081,
#2082),(#2083,#2084),(#2085,#2086),(#2087,#2088),(#2089,#2090),(#2091,#2092),
(#2093,#2094),(#2095,#2096),(#2097,#2098),(#2099,#2100),(#2101,#2102),(#2103,
#2104),(#2105,#2106),(#2107,#2108),(#2109,#2110),(#2111,#2112),(#2113,#2114),
(#2115,#2116),(#2117,#2118),(#2119,#2120),(#2121,#2122),(#2123,#2124),(#2125,
#2126),(#2127,#2128),(#2129,#2130),(#2131,#2132),(#2133,#2134),(#2135,#2136),
(#2137,#2138),(#2139,#2140),(#2141,#2142),(#2143,#2144),(#2145,#2146),(#2147,
#2148),(#2149,#2150),(#2151,#2152),(#2153,#2154),(#2155,#2156),(#2157,#2158),
(#2159,#2160),(#2161,#2162),(#2163,#2164),(#2165,#2166),(#2167,#2168),(#2169,
#2170),(#2171,#2172),(#2173,#2174),(#2175,#2176),(#2177,#2178),(#2179,#2180),
(#2181,#2182),(#2183,#2184),(#2185,#2186),(#2187,#2188),(#2189,#2190),(#2191,
#2192),(#2193,#2194),(#2195,#2196),(#2197,#2198),(#2199,#2200),(#2201,#2202),
(#2203,#2204),(#2205,#2206),(#2207,#2208),(#2209,#2210),(#2211,#2212),(#2213,
#2214),(#2215,#2216),(#2217,#2218),(#2219,#2220),(#2221,#2222),(#2223,#2224),
(#2225,#2226),(#2227,#2228),(#2229,#2230),(#2231,#2232),(#2233,#2234),(#2235,
#2236),(#2237,#2238),(#2239,#2240),(#2241,#2242),(#2243,#2244),(#2245,#2246),
(#2247,#2248),(#2249,#2250),(#2251,#2252),(#2253,#2254),(#2255,#2256),(#2257,
#2258),(#2259,#2260),(#2261,#2262),(#2263,#2264),(#2265,#2266),(#2267,#2268),
(#2269,#2270),(#2271,#2272),(#2273,#2274),(#2275,#2276),(#2277,#2278),(#2279,
#2280),(#2281,#2282),(#2283,#2284),(#2285,#2286),(#2287,#2288),(#2289,#2290),
(#2291,#2292),(#2293,#2294),(#2295,#2296),(#2297,#2298),(#2299,#2300),(#2301,
#2302),(#2303,#2304),(#2305,#2306),(#2307,#2308),(#2309,#2310),(#2311,#2312),
(#2313,#2314),(#2315,#2316),(#2317,#2318),(#2319,#2320),(#2321,#2322),(#2323,
#2324),(#2325,#2326),(#2327,#2328),(#2329,#2330),(#2331,#2332),(#2333,#2334),
(#2335,#2336),(#2337,#2338),(#2339,#2340),(#2341,#2342),(#2343,#2344),(#2345,
#2346),(#2347,#2348),(#2349,#2350),(#2351,#2352),(#2353,#2354),(#2355,#2356),
(#2357,#2358),(#2359,#2360),(#2361,#2362),(#2363,#2364),(#2365,#2366),(#2367,
#2368),(#2369,#2370),(#2371,#2372),(#2373,#2374),(#2375,#2376),(#2377,#2378),
(#2379,#2380),(#2381,#2382),(#2383,#2384),(#2385,#2386),(#2387,#2388),(#2389,
#2390),(#2391,#2392),(#2393,#2394),(#2395,#2396),(#2397,#2398),(#2399,#2400),
(#2401,#2402),(#2403,#2404),(#2405,#2406),(#2407,#2408),(#2409,#2410),(#2411,
#2412),(#2413,#2414),(#2415,#2416),(#2417,#2418),(#2419,#2420),(#2421,#2422),
(#2423,#2424),(#2425,#2426),(#2427,#2428),(#2429,#2430),(#2431,#2432),(#2433,
#2434),(#2435,#2436),(#2437,#2438),(#2439,#2440),(#2441,#2442),(#2443,#2444),
(#2445,#2446),(#2447,#2448),(#2449,#2450),(#2451,#2452),(#2453,#2454),(#2455,
#2456),(#2457,#2458),(#2459,#2460),(#2461,#2462),(#2463,#2464),(#2465,#2466),
(#2467,#2468),(#2469,#2470),(#2471,#2472),(#2473,#2474),(#2475,#2476),(#2477,
#2478),(#2479,#2480),(#2481,#2482),(#2483,#2484),(#2485,#2486),(#2487,#2488),
(#2489,#2490),(#2491,#2492),(#2493,#2494),(#2495,#2496),(#2497,#2498),(#2499,
#2500),(#2501,#2502),(#2503,#2504),(#2505,#2506),(#2507,#2508),(#2509,#2510),
(#2511,#2512),(#2513,#2514),(#2515,#2516),(#2517,#2518),(#2519,#2520),(#2521,
#2522),(#2523,#2524),(#2525,#2526),(#2527,#2528),(#2529,#2530),(#2531,#2532),
(#2533,#2534),(#2535,#2536),(#2537,#2538),(#2539,#2540),(#2541,#2542),(#2543,
#2544),(#2545,#2546),(#2547,#2548),(#2549,#2550),(#2551,#2552),(#2553,#2554),
(#2555,#2556),(#2557,#2558),(#2559,#2560),(#2561,#2562),(#2563,#2564),(#2565,
#2566),(#2567,#2568),(#2569,#2570),(#2571,#2572),(#2573,#2574),(#2575,#2576),
(#2577,#2578),(#2579,#2580),(#2581,#2582),(#2583,#2584),(#2585,#2586),(#2587,
#2588),(#2589,#2590),(#2591,#2592),(#2593,#2594),(#2595,#2596),(#2597,#2598),
(#2599,#2600),(#2601,#2602),(#2603,#2604),(#2605,#2606),(#2607,#2608),(#2609,
#2610),(#2611,#2612),(#2613,#2614),(#2615,#2616),(#2617,#2618),(#2619,#2620),
(#2621,#2622),(#2623,#2624),(#2625,#2626),(#2627,#2628),(#2629,#2630),(#2631,
#2632),(#2633,#2634),(#2635,#2636),(#2637,#2638),(#2639,#2640),(#2641,#2642),
(#2643,#2644),(#2645,#2646),(#2647,#2648),(#2649,#2650),(#2651,#2652),(#2653,
#2654),(#2655,#2656),(#2657,#2658),(#2659,#2660),(#2661,#2662),(#2663,#2664),
(#2665,#2666),(#2667,#2668),(#2669,#2670),(#2671,#2672),(#2673,#2674),(#2675,
#2676),(#2677,#2678),(#2679,#2680),(#2681,#2682),(#2683,#2684),(#2685,#2686),
(#2687,#2688),(#2689,#2690),(#2691,#2692),(#2693,#2694),(#2695,#2696),(#2697,
#2698),(#2699,#2700),(#2701,#2702),(#2703,#2704),(#2705,#2706),(#2707,#2708),
(#2709,#2710),(#2711,#2712),(#2713,#2714),(#2715,#2716),(#2717,#2718),(#2719,
#2720),(#2721,#2722),(#2723,#2724),(#2725,#2726),(#2727,#2728),(#2729,#2730),
(#2731,#2732),(#2733,#2734),(#2735,#2736),(#2737,#2738),(#2739,#2740),(#2741,
#2742),(#2743,#2744),(#2745,#2746),(#2747,#2748),(#2749,#2750),(#2751,#2752),
(#2753,#2754),(#2755,#2756),(#2757,#2758),(#2759,#2760),(#2761,#2762),(#2763,
#2764),(#2765,#2766),(#2767,#2768),(#2769,#2770),(#2771,#2772),(#2773,#2774),
(#2775,#2776),(#2777,#2778),(#2779,#2780),(#2781,#2782),(#2783,#2784),(#2785,
#2786),(#2787,#2788),(#2789,#2790),(#2791,#2792),(#2793,#2794),(#2795,#2796),
(#2797,#2798),(#2799,#2800),(#2801,#2802),(#2803,#2804),(#2805,#2806),(#2807,
#2808),(#2809,#2810),(#2811,#2812),(#2813,#2814),(#2815,#2816),(#2817,#2818),
(#2819,#2820),(#2821,#2822),(#2823,#2824),(#2825,#2826),(#2827,#2828),(#2829,
#2830),(#2831,#2832),(#2833,#2834),(#2835,#2836),(#2837,#2838),(#2839,#2840),
(#2841,#2842),(#2843,#2844),(#2845,#2846),(#2847,#2848),(#2849,#2850),(#2851,
#2852),(#2853,#2854),(#2855,#2856),(#2857,#2858),(#2859,#2860),(#2861,#2862),
(#2863,#2864),(#2865,#2866),(#2867,#2868),(#2869,#2870),(#2871,#2872),(#2873,
#2874),(#2875,#2876),(#2877,#2878),(#2879,#2880),(#2881,#2882),(#2883,#2884),
(#2885,#2886),(#2887,#2888),(#2889,#2890),(#2891,#2892),(#2893,#2894),(#2895,
#2896),(#2897,#2898),(#2899,#2900),(#2901,#2902),(#2903,#2904),(#2905,#2906),
(#2907,#2908),(#2909,#2910),(#2911,#2912),(#2913,#2914),(#2915,#2916),(#2917,
#2918),(#2919,#2920),(#2921,#2922),(#2923,#2924),(#2925,#2926),(#2927,#2928)),
 .UNSPECIFIED.,.F.,.F.,.F.)
B_SPLINE_SURFACE_WITH_KNOTS((3,2,2,2,2,2,2,2,2,2,2,2,2,2,2,2,2,2,2,2,2,
2,2,2,2,2,2,2,2,2,2,2,2,2,2,2,2,2,2,2,2,2,2,2,2,2,2,2,2,2,2,2,2,2,2,2,2,
2,2,2,2,2,2,2,2,2,2,2,2,2,2,2,2,2,2,2,2,2,2,2,2,2,2,2,2,2,2,2,2,2,2,2,2,
2,2,2,2,2,2,2,2,2,2,2,2,2,2,2,2,2,2,2,2,2,2,2,2,2,2,2,2,2,2,2,2,2,2,2,2,
2,2,2,2,2,2,2,2,2,2,2,2,2,2,2,2,2,2,2,2,2,2,2,2,2,2,2,2,2,2,2,2,2,2,2,2,
2,2,2,2,2,2,2,2,2,2,2,2,2,2,2,2,2,2,2,2,2,2,2,2,2,2,2,2,2,2,2,2,2,2,2,2,
2,2,2,2,2,2,2,2,2,2,2,2,2,2,2,2,2,2,2,2,2,2,2,2,2,2,2,2,2,2,2,2,2,2,2,2,
2,2,2,2,2,2,2,2,2,2,2,2,2,2,2,2,2,2,2,2,2,2,2,2,2,2,2,2,2,2,2,2,2,2,2,2,
2,2,2,2,2,2,2,2,2,2,2,2,2,2,2,2,2,2,2,2,2,2,2,2,2,2,2,2,2,2,2,2,2,2,2,2,
2,2,2,2,2,2,2,2,2,2,2,2,2,2,2,2,2,2,2,2,2,2,2,2,2,2,2,2,2,2,2,2,2,2,2,2,
2,2,2,2,2,2,2,2,2,2,2,2,2,2,2,2,2,2,2,2,2,2,2,2,2,2,2,2,2,2,2,2,2,2,2,2,
2,2,2,2,2,2,2,2,2,2,2,2,2,2,2,2,2,2,2,2,2,2,2,2,2,2,2,2,2,2,2,2,2,2,2,2,
2,2,2,2,2,2,2,2,2,2,2,2,2,2,2,2,2,2,2,2,2,2,2,2,2,2,2,2,2,2,2,2,2,2,2,2,
2,2,2,2,2,2,2,2,2,2,2,2,2,2,2,2,2,2,2,2,2,2,2,2,2,2,2,2,2,2,2,2,2,2,2,2,
2,2,2,2,2,2,2,2,2,2,2,2,2,2,2,3),(2,2),(0.,1.41161947347987,2.82323894695975,
4.23485842043962,5.64647789391949,7.05809736739937,8.46971684087924,9.88133631435912,
11.292955787839,12.7045752613189,14.1161947347987,15.5278142082786,16.9394336817585,
18.3510531552384,19.7626726287182,21.1742921021981,22.585911575678,23.9975310491579,
25.4091505226377,26.8207699961176,28.2323894695975,29.6440089430773,31.0556284165572,
32.4672478900371,33.878867363517,35.2904868369968,36.7021063104767,38.1137257839566,
39.5253452574365,40.9369647309163,42.3485842043962,43.7602036778761,45.171823151356,
46.5834426248358,47.9950620983157,49.4066815717956,50.8183010452754,52.2299205187553,
53.6415399922352,55.0531594657151,56.4647789391949,57.8763984126748,59.2880178861547,
60.6996373596346,62.1112568331144,63.5228763065943,64.9344957800742,66.3461152535541,
67.7577347270339,69.1693542005138,70.5809736739937,71.9925931474736,73.4042126209534,
74.8158320944333,76.2274515679132,77.6390710413931,79.0506905148729,80.4623099883528,
81.8739294618327,83.2855489353125,84.6971684087924,86.1087878822723,87.5204073557522,
88.932026829232,90.3436463027119,91.7552657761918,93.1668852496717,94.5785047231515,
95.9901241966314,97.4017436701113,98.8133631435912,100.224982617071,101.636602090551,
103.048221564031,104.459841037511,105.871460510991,107.28307998447,108.69469945795,
110.10631893143,111.51793840491,112.92955787839,114.34117735187,115.75279682535,
117.16441629883,118.576035772309,119.987655245789,121.399274719269,122.810894192749,
124.222513666229,125.634133139709,127.045752613189,128.457372086668,129.868991560148,
131.280611033628,132.692230507108,134.103849980588,135.515469454068,136.927088927548,
138.338708401028,139.750327874507,141.161947347987,142.573566821467,143.985186294947,
145.396805768427,146.808425241907,148.220044715387,149.631664188867,151.043283662346,
152.454903135826,153.866522609306,155.278142082786,156.689761556266,158.101381029746,
159.513000503226,160.924619976706,162.336239450185,163.747858923665,165.159478397145,
166.571097870625,167.982717344105,169.394336817585,170.805956291065,172.217575764545,
173.629195238024,175.040814711504,176.452434184984,177.864053658464,179.275673131944,
180.687292605424,182.098912078904,183.510531552384,184.922151025863,186.333770499343,
187.745389972823,189.157009446303,190.568628919783,191.980248393263,193.391867866743,
194.803487340223,196.215106813702,197.626726287182,199.038345760662,200.449965234142,
201.861584707622,203.273204181102,204.684823654582,206.096443128062,207.508062601541,
208.919682075021,210.331301548501,211.742921021981,213.154540495461,214.566159968941,
215.977779442421,217.389398915901,218.80101838938,220.21263786286,221.62425733634,
223.03587680982,224.4474962833,225.85911575678,227.27073523026,228.68235470374,
230.093974177219,231.505593650699,232.917213124179,234.328832597659,235.740452071139,
237.152071544619,238.563691018099,239.975310491579,241.386929965058,242.798549438538,
244.210168912018,245.621788385498,247.033407858978,248.445027332458,249.856646805938,
251.268266279418,252.679885752897,254.091505226377,255.503124699857,256.914744173337,
258.326363646817,259.737983120297,261.149602593777,262.561222067257,263.972841540736,
265.384461014216,266.796080487696,268.207699961176,269.619319434656,271.030938908136,
272.442558381616,273.854177855095,275.265797328575,276.677416802055,278.089036275535,
279.500655749015,280.912275222495,282.323894695975,283.735514169455,285.147133642934,
286.558753116414,287.970372589894,289.381992063374,290.793611536854,292.205231010334,
293.616850483814,295.028469957294,296.440089430773,297.851708904253,299.263328377733,
300.674947851213,302.086567324693,303.498186798173,304.909806271653,306.321425745133,
307.733045218612,309.144664692092,310.556284165572,311.967903639052,313.379523112532,
314.791142586012,316.202762059492,317.614381532972,319.026001006451,320.437620479931,
321.849239953411,323.260859426891,324.672478900371,326.084098373851,327.495717847331,
328.907337320811,330.31895679429,331.73057626777,333.14219574125,334.55381521473,
335.96543468821,337.37705416169,338.78867363517,340.20029310865,341.611912582129,
343.023532055609,344.435151529089,345.846771002569,347.258390476049,348.670009949529,
350.081629423009,351.493248896489,352.904868369968,354.316487843448,355.728107316928,
357.139726790408,358.551346263888,359.962965737368,361.374585210848,362.786204684328,
364.197824157807,365.609443631287,367.021063104767,368.432682578247,369.844302051727,
371.255921525207,372.667540998687,374.079160472167,375.490779945646,376.902399419126,
378.314018892606,379.725638366086,381.137257839566,382.548877313046,383.960496786526,
385.372116260005,386.783735733485,388.195355206965,389.606974680445,391.018594153925,
392.430213627405,393.841833100885,395.253452574365,396.665072047845,398.076691521324,
399.488310994804,400.899930468284,402.311549941764,403.723169415244,405.134788888724,
406.546408362204,407.958027835683,409.369647309163,410.781266782643,412.192886256123,
413.604505729603,415.016125203083,416.427744676563,417.839364150043,419.250983623523,
420.662603097002,422.074222570482,423.485842043962,424.897461517442,426.309080990922,
427.720700464402,429.132319937882,430.543939411361,431.955558884841,433.367178358321,
434.778797831801,436.190417305281,437.602036778761,439.013656252241,440.425275725721,
441.8368951992,443.24851467268,444.66013414616,446.07175361964,447.48337309312,
448.8949925666,450.30661204008,451.71823151356,453.129850987039,454.541470460519,
455.953089933999,457.364709407479,458.776328880959,460.187948354439,461.599567827919,
463.011187301399,464.422806774878,465.834426248358,467.246045721838,468.657665195318,
470.069284668798,471.480904142278,472.892523615758,474.304143089238,475.715762562717,
477.127382036197,478.539001509677,479.950620983157,481.362240456637,482.773859930117,
484.185479403597,485.597098877077,487.008718350556,488.420337824036,489.831957297516,
491.243576770996,492.655196244476,494.066815717956,495.478435191436,496.890054664916,
498.301674138395,499.713293611875,501.124913085355,502.536532558835,503.948152032315,
505.359771505795,506.771390979275,508.183010452755,509.594629926234,511.006249399714,
512.417868873194,513.829488346674,515.241107820154,516.652727293634,518.064346767114,
519.475966240593,520.887585714073,522.299205187553,523.710824661033,525.122444134513,
526.534063607993,527.945683081473,529.357302554953,530.768922028432,532.180541501912,
533.592160975392,535.003780448872,536.415399922352,537.827019395832,539.238638869312,
540.650258342792,542.061877816271,543.473497289751,544.885116763231,546.296736236711,
547.708355710191,549.119975183671,550.531594657151,551.943214130631,553.35483360411,
554.76645307759,556.17807255107,557.58969202455,559.00131149803,560.41293097151,
561.82455044499,563.23616991847,564.647789391949,566.059408865429,567.471028338909,
568.882647812389,570.294267285869,571.705886759349,573.117506232829,574.529125706309,
575.940745179788,577.352364653268,578.763984126748,580.175603600228,581.587223073708,
582.998842547188,584.410462020668,585.822081494148,587.233700967627,588.645320441107,
590.056939914587,591.468559388067,592.880178861547,594.291798335027,595.703417808507,
597.115037281987,598.526656755466,599.938276228946,601.349895702426,602.761515175906,
604.173134649386,605.584754122866,606.996373596346,608.407993069826,609.819612543305,
611.231232016785,612.642851490265,614.054470963745,615.466090437225,616.877709910705,
618.289329384185,619.700948857665,621.112568331144,622.524187804624,623.935807278104,
625.347426751584,626.759046225064,628.170665698544,629.582285172024,630.993904645504,
632.405524118983,633.817143592463,635.228763065943,636.640382539423,638.052002012903,
639.463621486383,640.875240959863,642.286860433343,643.698479906822,645.110099380302,
646.521718853782,647.933338327262,649.344957800742,650.756577274222,652.168196747702,
653.579816221182,654.991435694661,656.403055168141,657.814674641621,659.226294115101,
660.637913588581,662.049533062061,663.461152535541,664.872772009021,666.2843914825,
667.69601095598,669.10763042946,670.51924990294,671.93086937642,673.3424888499,
674.75410832338,676.16572779686,677.577347270339,678.988966743819,680.400586217299,
681.812205690779,683.223825164259,684.635444637739,686.047064111219,687.458683584699,
688.870303058178,690.281922531658,691.693542005138,693.105161478618,694.516780952098,
695.928400425578,697.340019899058,698.751639372537,700.163258846017,701.574878319497,
702.986497792977,704.398117266457,705.809736739937,707.221356213417,708.632975686897,
710.044595160377,711.456214633856),(-8.2572837456496E-16,0.440225883070279),
 .UNSPECIFIED.)
GEOMETRIC_REPRESENTATION_ITEM()
RATIONAL_B_SPLINE_SURFACE(((1.,1.),(0.866025403784439,0.866025403784439),
(1.,1.),(0.866025403784439,0.866025403784439),(1.,1.),(0.866025403784439,
0.866025403784439),(1.,1.),(0.866025403784439,0.866025403784439),(1.,1.),
(0.866025403784439,0.866025403784439),(1.,1.),(0.866025403784439,0.866025403784439),
(1.,1.),(0.866025403784439,0.866025403784439),(1.,1.),(0.866025403784439,
0.866025403784439),(1.,1.),(0.866025403784439,0.866025403784439),(1.,1.),
(0.866025403784439,0.866025403784439),(1.,1.),(0.866025403784439,0.866025403784439),
(1.,1.),(0.866025403784439,0.866025403784439),(1.,1.),(0.866025403784439,
0.866025403784439),(1.,1.),(0.866025403784439,0.866025403784439),(1.,1.),
(0.866025403784439,0.866025403784439),(1.,1.),(0.866025403784439,0.866025403784439),
(1.,1.),(0.866025403784439,0.866025403784439),(1.,1.),(0.866025403784439,
0.866025403784439),(1.,1.),(0.866025403784439,0.866025403784439),(1.,1.),
(0.866025403784439,0.866025403784439),(1.,1.),(0.866025403784439,0.866025403784439),
(1.,1.),(0.866025403784439,0.866025403784439),(1.,1.),(0.866025403784439,
0.866025403784439),(1.,1.),(0.866025403784439,0.866025403784439),(1.,1.),
(0.866025403784439,0.866025403784439),(1.,1.),(0.866025403784439,0.866025403784439),
(1.,1.),(0.866025403784439,0.866025403784439),(1.,1.),(0.866025403784439,
0.866025403784439),(1.,1.),(0.866025403784439,0.866025403784439),(1.,1.),
(0.866025403784439,0.866025403784439),(1.,1.),(0.866025403784439,0.866025403784439),
(1.,1.),(0.866025403784439,0.866025403784439),(1.,1.),(0.866025403784439,
0.866025403784439),(1.,1.),(0.866025403784439,0.866025403784439),(1.,1.),
(0.866025403784439,0.866025403784439),(1.,1.),(0.866025403784439,0.866025403784439),
(1.,1.),(0.866025403784439,0.866025403784439),(1.,1.),(0.866025403784439,
0.866025403784439),(1.,1.),(0.866025403784439,0.866025403784439),(1.,1.),
(0.866025403784439,0.866025403784439),(1.,1.),(0.866025403784439,0.866025403784439),
(1.,1.),(0.866025403784439,0.866025403784439),(1.,1.),(0.866025403784439,
0.866025403784439),(1.,1.),(0.866025403784439,0.866025403784439),(1.,1.),
(0.866025403784439,0.866025403784439),(1.,1.),(0.866025403784439,0.866025403784439),
(1.,1.),(0.866025403784439,0.866025403784439),(1.,1.),(0.866025403784439,
0.866025403784439),(1.,1.),(0.866025403784439,0.866025403784439),(1.,1.),
(0.866025403784439,0.866025403784439),(1.,1.),(0.866025403784439,0.866025403784439),
(1.,1.),(0.866025403784439,0.866025403784439),(1.,1.),(0.866025403784439,
0.866025403784439),(1.,1.),(0.866025403784439,0.866025403784439),(1.,1.),
(0.866025403784439,0.866025403784439),(1.,1.),(0.866025403784439,0.866025403784439),
(1.,1.),(0.866025403784439,0.866025403784439),(1.,1.),(0.866025403784439,
0.866025403784439),(1.,1.),(0.866025403784439,0.866025403784439),(1.,1.),
(0.866025403784439,0.866025403784439),(1.,1.),(0.866025403784439,0.866025403784439),
(1.,1.),(0.866025403784439,0.866025403784439),(1.,1.),(0.866025403784439,
0.866025403784439),(1.,1.),(0.866025403784439,0.866025403784439),(1.,1.),
(0.866025403784439,0.866025403784439),(1.,1.),(0.866025403784439,0.866025403784439),
(1.,1.),(0.866025403784439,0.866025403784439),(1.,1.),(0.866025403784439,
0.866025403784439),(1.,1.),(0.866025403784439,0.866025403784439),(1.,1.),
(0.866025403784439,0.866025403784439),(1.,1.),(0.866025403784439,0.866025403784439),
(1.,1.),(0.866025403784439,0.866025403784439),(1.,1.),(0.866025403784439,
0.866025403784439),(1.,1.),(0.866025403784439,0.866025403784439),(1.,1.),
(0.866025403784439,0.866025403784439),(1.,1.),(0.866025403784439,0.866025403784439),
(1.,1.),(0.866025403784439,0.866025403784439),(1.,1.),(0.866025403784439,
0.866025403784439),(1.,1.),(0.866025403784439,0.866025403784439),(1.,1.),
(0.866025403784439,0.866025403784439),(1.,1.),(0.866025403784439,0.866025403784439),
(1.,1.),(0.866025403784439,0.866025403784439),(1.,1.),(0.866025403784439,
0.866025403784439),(1.,1.),(0.866025403784439,0.866025403784439),(1.,1.),
(0.866025403784439,0.866025403784439),(1.,1.),(0.866025403784439,0.866025403784439),
(1.,1.),(0.866025403784439,0.866025403784439),(1.,1.),(0.866025403784439,
0.866025403784439),(1.,1.),(0.866025403784439,0.866025403784439),(1.,1.),
(0.866025403784439,0.866025403784439),(1.,1.),(0.866025403784439,0.866025403784439),
(1.,1.),(0.866025403784439,0.866025403784439),(1.,1.),(0.866025403784439,
0.866025403784439),(1.,1.),(0.866025403784439,0.866025403784439),(1.,1.),
(0.866025403784439,0.866025403784439),(1.,1.),(0.866025403784439,0.866025403784439),
(1.,1.),(0.866025403784439,0.866025403784439),(1.,1.),(0.866025403784439,
0.866025403784439),(1.,1.),(0.866025403784439,0.866025403784439),(1.,1.),
(0.866025403784439,0.866025403784439),(1.,1.),(0.866025403784439,0.866025403784439),
(1.,1.),(0.866025403784439,0.866025403784439),(1.,1.),(0.866025403784439,
0.866025403784439),(1.,1.),(0.866025403784439,0.866025403784439),(1.,1.),
(0.866025403784439,0.866025403784439),(1.,1.),(0.866025403784439,0.866025403784439),
(1.,1.),(0.866025403784439,0.866025403784439),(1.,1.),(0.866025403784439,
0.866025403784439),(1.,1.),(0.866025403784439,0.866025403784439),(1.,1.),
(0.866025403784439,0.866025403784439),(1.,1.),(0.866025403784439,0.866025403784439),
(1.,1.),(0.866025403784439,0.866025403784439),(1.,1.),(0.866025403784439,
0.866025403784439),(1.,1.),(0.866025403784439,0.866025403784439),(1.,1.),
(0.866025403784439,0.866025403784439),(1.,1.),(0.866025403784439,0.866025403784439),
(1.,1.),(0.866025403784439,0.866025403784439),(1.,1.),(0.866025403784439,
0.866025403784439),(1.,1.),(0.866025403784439,0.866025403784439),(1.,1.),
(0.866025403784439,0.866025403784439),(1.,1.),(0.866025403784439,0.866025403784439),
(1.,1.),(0.866025403784439,0.866025403784439),(1.,1.),(0.866025403784439,
0.866025403784439),(1.,1.),(0.866025403784439,0.866025403784439),(1.,1.),
(0.866025403784439,0.866025403784439),(1.,1.),(0.866025403784439,0.866025403784439),
(1.,1.),(0.866025403784439,0.866025403784439),(1.,1.),(0.866025403784439,
0.866025403784439),(1.,1.),(0.866025403784439,0.866025403784439),(1.,1.),
(0.866025403784439,0.866025403784439),(1.,1.),(0.866025403784439,0.866025403784439),
(1.,1.),(0.866025403784439,0.866025403784439),(1.,1.),(0.866025403784439,
0.866025403784439),(1.,1.),(0.866025403784439,0.866025403784439),(1.,1.),
(0.866025403784439,0.866025403784439),(1.,1.),(0.866025403784439,0.866025403784439),
(1.,1.),(0.866025403784439,0.866025403784439),(1.,1.),(0.866025403784439,
0.866025403784439),(1.,1.),(0.866025403784439,0.866025403784439),(1.,1.),
(0.866025403784439,0.866025403784439),(1.,1.),(0.866025403784439,0.866025403784439),
(1.,1.),(0.866025403784439,0.866025403784439),(1.,1.),(0.866025403784439,
0.866025403784439),(1.,1.),(0.866025403784439,0.866025403784439),(1.,1.),
(0.866025403784439,0.866025403784439),(1.,1.),(0.866025403784439,0.866025403784439),
(1.,1.),(0.866025403784439,0.866025403784439),(1.,1.),(0.866025403784439,
0.866025403784439),(1.,1.),(0.866025403784439,0.866025403784439),(1.,1.),
(0.866025403784439,0.866025403784439),(1.,1.),(0.866025403784439,0.866025403784439),
(1.,1.),(0.866025403784439,0.866025403784439),(1.,1.),(0.866025403784439,
0.866025403784439),(1.,1.),(0.866025403784439,0.866025403784439),(1.,1.),
(0.866025403784439,0.866025403784439),(1.,1.),(0.866025403784439,0.866025403784439),
(1.,1.),(0.866025403784439,0.866025403784439),(1.,1.),(0.866025403784439,
0.866025403784439),(1.,1.),(0.866025403784439,0.866025403784439),(1.,1.),
(0.866025403784439,0.866025403784439),(1.,1.),(0.866025403784439,0.866025403784439),
(1.,1.),(0.866025403784439,0.866025403784439),(1.,1.),(0.866025403784439,
0.866025403784439),(1.,1.),(0.866025403784439,0.866025403784439),(1.,1.),
(0.866025403784439,0.866025403784439),(1.,1.),(0.866025403784439,0.866025403784439),
(1.,1.),(0.866025403784439,0.866025403784439),(1.,1.),(0.866025403784439,
0.866025403784439),(1.,1.),(0.866025403784439,0.866025403784439),(1.,1.),
(0.866025403784439,0.866025403784439),(1.,1.),(0.866025403784439,0.866025403784439),
(1.,1.),(0.866025403784439,0.866025403784439),(1.,1.),(0.866025403784439,
0.866025403784439),(1.,1.),(0.866025403784439,0.866025403784439),(1.,1.),
(0.866025403784439,0.866025403784439),(1.,1.),(0.866025403784439,0.866025403784439),
(1.,1.),(0.866025403784439,0.866025403784439),(1.,1.),(0.866025403784439,
0.866025403784439),(1.,1.),(0.866025403784439,0.866025403784439),(1.,1.),
(0.866025403784439,0.866025403784439),(1.,1.),(0.866025403784439,0.866025403784439),
(1.,1.),(0.866025403784439,0.866025403784439),(1.,1.),(0.866025403784439,
0.866025403784439),(1.,1.),(0.866025403784439,0.866025403784439),(1.,1.),
(0.866025403784439,0.866025403784439),(1.,1.),(0.866025403784439,0.866025403784439),
(1.,1.),(0.866025403784439,0.866025403784439),(1.,1.),(0.866025403784439,
0.866025403784439),(1.,1.),(0.866025403784439,0.866025403784439),(1.,1.),
(0.866025403784439,0.866025403784439),(1.,1.),(0.866025403784439,0.866025403784439),
(1.,1.),(0.866025403784439,0.866025403784439),(1.,1.),(0.866025403784439,
0.866025403784439),(1.,1.),(0.866025403784439,0.866025403784439),(1.,1.),
(0.866025403784439,0.866025403784439),(1.,1.),(0.866025403784439,0.866025403784439),
(1.,1.),(0.866025403784439,0.866025403784439),(1.,1.),(0.866025403784439,
0.866025403784439),(1.,1.),(0.866025403784439,0.866025403784439),(1.,1.),
(0.866025403784439,0.866025403784439),(1.,1.),(0.866025403784439,0.866025403784439),
(1.,1.),(0.866025403784439,0.866025403784439),(1.,1.),(0.866025403784439,
0.866025403784439),(1.,1.),(0.866025403784439,0.866025403784439),(1.,1.),
(0.866025403784439,0.866025403784439),(1.,1.),(0.866025403784439,0.866025403784439),
(1.,1.),(0.866025403784439,0.866025403784439),(1.,1.),(0.866025403784439,
0.866025403784439),(1.,1.),(0.866025403784439,0.866025403784439),(1.,1.),
(0.866025403784439,0.866025403784439),(1.,1.),(0.866025403784439,0.866025403784439),
(1.,1.),(0.866025403784439,0.866025403784439),(1.,1.),(0.866025403784439,
0.866025403784439),(1.,1.),(0.866025403784439,0.866025403784439),(1.,1.),
(0.866025403784439,0.866025403784439),(1.,1.),(0.866025403784439,0.866025403784439),
(1.,1.),(0.866025403784439,0.866025403784439),(1.,1.),(0.866025403784439,
0.866025403784439),(1.,1.),(0.866025403784439,0.866025403784439),(1.,1.),
(0.866025403784439,0.866025403784439),(1.,1.),(0.866025403784439,0.866025403784439),
(1.,1.),(0.866025403784439,0.866025403784439),(1.,1.),(0.866025403784439,
0.866025403784439),(1.,1.),(0.866025403784439,0.866025403784439),(1.,1.),
(0.866025403784439,0.866025403784439),(1.,1.),(0.866025403784439,0.866025403784439),
(1.,1.),(0.866025403784439,0.866025403784439),(1.,1.),(0.866025403784439,
0.866025403784439),(1.,1.),(0.866025403784439,0.866025403784439),(1.,1.),
(0.866025403784439,0.866025403784439),(1.,1.),(0.866025403784439,0.866025403784439),
(1.,1.),(0.866025403784439,0.866025403784439),(1.,1.),(0.866025403784439,
0.866025403784439),(1.,1.),(0.866025403784439,0.866025403784439),(1.,1.),
(0.866025403784439,0.866025403784439),(1.,1.),(0.866025403784439,0.866025403784439),
(1.,1.),(0.866025403784439,0.866025403784439),(1.,1.),(0.866025403784439,
0.866025403784439),(1.,1.),(0.866025403784439,0.866025403784439),(1.,1.),
(0.866025403784439,0.866025403784439),(1.,1.),(0.866025403784439,0.866025403784439),
(1.,1.),(0.866025403784439,0.866025403784439),(1.,1.),(0.866025403784439,
0.866025403784439),(1.,1.),(0.866025403784439,0.866025403784439),(1.,1.),
(0.866025403784439,0.866025403784439),(1.,1.),(0.866025403784439,0.866025403784439),
(1.,1.),(0.866025403784439,0.866025403784439),(1.,1.),(0.866025403784439,
0.866025403784439),(1.,1.),(0.866025403784439,0.866025403784439),(1.,1.),
(0.866025403784439,0.866025403784439),(1.,1.),(0.866025403784439,0.866025403784439),
(1.,1.),(0.866025403784439,0.866025403784439),(1.,1.),(0.866025403784439,
0.866025403784439),(1.,1.),(0.866025403784439,0.866025403784439),(1.,1.),
(0.866025403784439,0.866025403784439),(1.,1.),(0.866025403784439,0.866025403784439),
(1.,1.),(0.866025403784439,0.866025403784439),(1.,1.),(0.866025403784439,
0.866025403784439),(1.,1.),(0.866025403784439,0.866025403784439),(1.,1.),
(0.866025403784439,0.866025403784439),(1.,1.),(0.866025403784439,0.866025403784439),
(1.,1.),(0.866025403784439,0.866025403784439),(1.,1.),(0.866025403784439,
0.866025403784439),(1.,1.),(0.866025403784439,0.866025403784439),(1.,1.),
(0.866025403784439,0.866025403784439),(1.,1.),(0.866025403784439,0.866025403784439),
(1.,1.),(0.866025403784439,0.866025403784439),(1.,1.),(0.866025403784439,
0.866025403784439),(1.,1.),(0.866025403784439,0.866025403784439),(1.,1.),
(0.866025403784439,0.866025403784439),(1.,1.),(0.866025403784439,0.866025403784439),
(1.,1.),(0.866025403784439,0.866025403784439),(1.,1.),(0.866025403784439,
0.866025403784439),(1.,1.),(0.866025403784439,0.866025403784439),(1.,1.),
(0.866025403784439,0.866025403784439),(1.,1.),(0.866025403784439,0.866025403784439),
(1.,1.),(0.866025403784439,0.866025403784439),(1.,1.),(0.866025403784439,
0.866025403784439),(1.,1.),(0.866025403784439,0.866025403784439),(1.,1.),
(0.866025403784439,0.866025403784439),(1.,1.),(0.866025403784439,0.866025403784439),
(1.,1.),(0.866025403784439,0.866025403784439),(1.,1.),(0.866025403784439,
0.866025403784439),(1.,1.),(0.866025403784439,0.866025403784439),(1.,1.),
(0.866025403784439,0.866025403784439),(1.,1.),(0.866025403784439,0.866025403784439),
(1.,1.),(0.866025403784439,0.866025403784439),(1.,1.),(0.866025403784439,
0.866025403784439),(1.,1.),(0.866025403784439,0.866025403784439),(1.,1.),
(0.866025403784439,0.866025403784439),(1.,1.),(0.866025403784439,0.866025403784439),
(1.,1.),(0.866025403784439,0.866025403784439),(1.,1.),(0.866025403784439,
0.866025403784439),(1.,1.),(0.866025403784439,0.866025403784439),(1.,1.),
(0.866025403784439,0.866025403784439),(1.,1.),(0.866025403784439,0.866025403784439),
(1.,1.),(0.866025403784439,0.866025403784439),(1.,1.),(0.866025403784439,
0.866025403784439),(1.,1.),(0.866025403784439,0.866025403784439),(1.,1.),
(0.866025403784439,0.866025403784439),(1.,1.),(0.866025403784439,0.866025403784439),
(1.,1.),(0.866025403784439,0.866025403784439),(1.,1.),(0.866025403784439,
0.866025403784439),(1.,1.),(0.866025403784439,0.866025403784439),(1.,1.),
(0.866025403784439,0.866025403784439),(1.,1.),(0.866025403784439,0.866025403784439),
(1.,1.),(0.866025403784439,0.866025403784439),(1.,1.),(0.866025403784439,
0.866025403784439),(1.,1.),(0.866025403784439,0.866025403784439),(1.,1.),
(0.866025403784439,0.866025403784439),(1.,1.),(0.866025403784439,0.866025403784439),
(1.,1.),(0.866025403784439,0.866025403784439),(1.,1.),(0.866025403784439,
0.866025403784439),(1.,1.),(0.866025403784439,0.866025403784439),(1.,1.),
(0.866025403784439,0.866025403784439),(1.,1.),(0.866025403784439,0.866025403784439),
(1.,1.),(0.866025403784439,0.866025403784439),(1.,1.),(0.866025403784439,
0.866025403784439),(1.,1.),(0.866025403784439,0.866025403784439),(1.,1.),
(0.866025403784439,0.866025403784439),(1.,1.),(0.866025403784439,0.866025403784439),
(1.,1.),(0.866025403784439,0.866025403784439),(1.,1.),(0.866025403784439,
0.866025403784439),(1.,1.),(0.866025403784439,0.866025403784439),(1.,1.),
(0.866025403784439,0.866025403784439),(1.,1.),(0.866025403784439,0.866025403784439),
(1.,1.),(0.866025403784439,0.866025403784439),(1.,1.),(0.866025403784439,
0.866025403784439),(1.,1.),(0.866025403784439,0.866025403784439),(1.,1.),
(0.866025403784439,0.866025403784439),(1.,1.),(0.866025403784439,0.866025403784439),
(1.,1.),(0.866025403784439,0.866025403784439),(1.,1.),(0.866025403784439,
0.866025403784439),(1.,1.),(0.866025403784439,0.866025403784439),(1.,1.),
(0.866025403784439,0.866025403784439),(1.,1.),(0.866025403784439,0.866025403784439),
(1.,1.),(0.866025403784439,0.866025403784439),(1.,1.),(0.866025403784439,
0.866025403784439),(1.,1.),(0.866025403784439,0.866025403784439),(1.,1.),
(0.866025403784439,0.866025403784439),(1.,1.),(0.866025403784439,0.866025403784439),
(1.,1.),(0.866025403784439,0.866025403784439),(1.,1.),(0.866025403784439,
0.866025403784439),(1.,1.),(0.866025403784439,0.866025403784439),(1.,1.),
(0.866025403784439,0.866025403784439),(1.,1.),(0.866025403784439,0.866025403784439),
(1.,1.),(0.866025403784439,0.866025403784439),(1.,1.),(0.866025403784439,
0.866025403784439),(1.,1.),(0.866025403784439,0.866025403784439),(1.,1.),
(0.866025403784439,0.866025403784439),(1.,1.),(0.866025403784439,0.866025403784439),
(1.,1.),(0.866025403784439,0.866025403784439),(1.,1.),(0.866025403784439,
0.866025403784439),(1.,1.),(0.866025403784439,0.866025403784439),(1.,1.),
(0.866025403784439,0.866025403784439),(1.,1.),(0.866025403784439,0.866025403784439),
(1.,1.),(0.866025403784439,0.866025403784439),(1.,1.),(0.866025403784439,
0.866025403784439),(1.,1.),(0.866025403784439,0.866025403784439),(1.,1.),
(0.866025403784439,0.866025403784439),(1.,1.),(0.866025403784439,0.866025403784439),
(1.,1.),(0.866025403784439,0.866025403784439),(1.,1.),(0.866025403784439,
0.866025403784439),(1.,1.),(0.866025403784439,0.866025403784439),(1.,1.),
(0.866025403784439,0.866025403784439),(1.,1.),(0.866025403784439,0.866025403784439),
(1.,1.),(0.866025403784439,0.866025403784439),(1.,1.),(0.866025403784439,
0.866025403784439),(1.,1.),(0.866025403784439,0.866025403784439),(1.,1.),
(0.866025403784439,0.866025403784439),(1.,1.),(0.866025403784439,0.866025403784439),
(1.,1.),(0.866025403784439,0.866025403784439),(1.,1.),(0.866025403784439,
0.866025403784439),(1.,1.),(0.866025403784439,0.866025403784439),(1.,1.),
(0.866025403784439,0.866025403784439),(1.,1.),(0.866025403784439,0.866025403784439),
(1.,1.),(0.866025403784439,0.866025403784439),(1.,1.),(0.866025403784439,
0.866025403784439),(1.,1.),(0.866025403784439,0.866025403784439),(1.,1.),
(0.866025403784439,0.866025403784439),(1.,1.),(0.866025403784439,0.866025403784439),
(1.,1.),(0.866025403784439,0.866025403784439),(1.,1.),(0.866025403784439,
0.866025403784439),(1.,1.),(0.866025403784439,0.866025403784439),(1.,1.),
(0.866025403784439,0.866025403784439),(1.,1.),(0.866025403784439,0.866025403784439),
(1.,1.),(0.866025403784439,0.866025403784439),(1.,1.),(0.866025403784439,
0.866025403784439),(1.,1.),(0.866025403784439,0.866025403784439),(1.,1.),
(0.866025403784439,0.866025403784439),(1.,1.),(0.866025403784439,0.866025403784439),
(1.,1.),(0.866025403784439,0.866025403784439),(1.,1.),(0.866025403784439,
0.866025403784439),(1.,1.),(0.866025403784439,0.866025403784439),(1.,1.),
(0.866025403784439,0.866025403784439),(1.,1.),(0.866025403784439,0.866025403784439),
(1.,1.),(0.866025403784439,0.866025403784439),(1.,1.),(0.866025403784439,
0.866025403784439),(1.,1.),(0.866025403784439,0.866025403784439),(1.,1.),
(0.866025403784439,0.866025403784439),(1.,1.),(0.866025403784439,0.866025403784439),
(1.,1.),(0.866025403784439,0.866025403784439),(1.,1.),(0.866025403784439,
0.866025403784439),(1.,1.),(0.866025403784439,0.866025403784439),(1.,1.),
(0.866025403784439,0.866025403784439),(1.,1.),(0.866025403784439,0.866025403784439),
(1.,1.),(0.866025403784439,0.866025403784439),(1.,1.),(0.866025403784439,
0.866025403784439),(1.,1.),(0.866025403784439,0.866025403784439),(1.,1.),
(0.866025403784439,0.866025403784439),(1.,1.),(0.866025403784439,0.866025403784439),
(1.,1.),(0.866025403784439,0.866025403784439),(1.,1.),(0.866025403784439,
0.866025403784439),(1.,1.),(0.866025403784439,0.866025403784439),(1.,1.),
(0.866025403784439,0.866025403784439),(1.,1.),(0.866025403784439,0.866025403784439),
(1.,1.),(0.866025403784439,0.866025403784439),(1.,1.),(0.866025403784439,
0.866025403784439),(1.,1.),(0.866025403784439,0.866025403784439),(1.,1.),
(0.866025403784439,0.866025403784439),(1.,1.),(0.866025403784439,0.866025403784439),
(1.,1.),(0.866025403784439,0.866025403784439),(1.,1.),(0.866025403784439,
0.866025403784439),(1.,1.),(0.866025403784439,0.866025403784439),(1.,1.),
(0.866025403784439,0.866025403784439),(1.,1.),(0.866025403784439,0.866025403784439),
(1.,1.),(0.866025403784439,0.866025403784439),(1.,1.),(0.866025403784439,
0.866025403784439),(1.,1.),(0.866025403784439,0.866025403784439),(1.,1.),
(0.866025403784439,0.866025403784439),(1.,1.),(0.866025403784439,0.866025403784439),
(1.,1.),(0.866025403784439,0.866025403784439),(1.,1.),(0.866025403784439,
0.866025403784439),(1.,1.),(0.866025403784439,0.866025403784439),(1.,1.),
(0.866025403784439,0.866025403784439),(1.,1.),(0.866025403784439,0.866025403784439),
(1.,1.),(0.866025403784439,0.866025403784439),(1.,1.),(0.866025403784439,
0.866025403784439),(1.,1.),(0.866025403784439,0.866025403784439),(1.,1.),
(0.866025403784439,0.866025403784439),(1.,1.),(0.866025403784439,0.866025403784439),
(1.,1.),(0.866025403784439,0.866025403784439),(1.,1.),(0.866025403784439,
0.866025403784439),(1.,1.),(0.866025403784439,0.866025403784439),(1.,1.),
(0.866025403784439,0.866025403784439),(1.,1.),(0.866025403784439,0.866025403784439),
(1.,1.),(0.866025403784439,0.866025403784439),(1.,1.),(0.866025403784439,
0.866025403784439),(1.,1.),(0.866025403784439,0.866025403784439),(1.,1.),
(0.866025403784439,0.866025403784439),(1.,1.),(0.866025403784439,0.866025403784439),
(1.,1.),(0.866025403784439,0.866025403784439),(1.,1.),(0.866025403784439,
0.866025403784439),(1.,1.),(0.866025403784439,0.866025403784439),(1.,1.),
(0.866025403784439,0.866025403784439),(1.,1.),(0.866025403784439,0.866025403784439),
(1.,1.),(0.866025403784439,0.866025403784439),(1.,1.),(0.866025403784439,
0.866025403784439),(1.,1.),(0.866025403784439,0.866025403784439),(1.,1.),
(0.866025403784439,0.866025403784439),(1.,1.),(0.866025403784439,0.866025403784439),
(1.,1.),(0.866025403784439,0.866025403784439),(1.,1.),(0.866025403784439,
0.866025403784439),(1.,1.),(0.866025403784439,0.866025403784439),(1.,1.),
(0.866025403784439,0.866025403784439),(1.,1.),(0.866025403784439,0.866025403784439),
(1.,1.),(0.866025403784439,0.866025403784439),(1.,1.),(0.866025403784439,
0.866025403784439),(1.,1.),(0.866025403784439,0.866025403784439),(1.,1.),
(0.866025403784439,0.866025403784439),(1.,1.),(0.866025403784439,0.866025403784439),
(1.,1.),(0.866025403784439,0.866025403784439),(1.,1.),(0.866025403784439,
0.866025403784439),(1.,1.),(0.866025403784439,0.866025403784439),(1.,1.),
(0.866025403784439,0.866025403784439),(1.,1.),(0.866025403784439,0.866025403784439),
(1.,1.),(0.866025403784439,0.866025403784439),(1.,1.),(0.866025403784439,
0.866025403784439),(1.,1.),(0.866025403784439,0.866025403784439),(1.,1.),
(0.866025403784439,0.866025403784439),(1.,1.),(0.866025403784439,0.866025403784439),
(1.,1.),(0.866025403784439,0.866025403784439),(1.,1.),(0.866025403784439,
0.866025403784439),(1.,1.),(0.866025403784439,0.866025403784439),(1.,1.),
(0.866025403784439,0.866025403784439),(1.,1.),(0.866025403784439,0.866025403784439),
(1.,1.),(0.866025403784439,0.866025403784439),(1.,1.),(0.866025403784439,
0.866025403784439),(1.,1.),(0.866025403784439,0.866025403784439),(1.,1.),
(0.866025403784439,0.866025403784439),(1.,1.),(0.866025403784439,0.866025403784439),
(1.,1.),(0.866025403784439,0.866025403784439),(1.,1.),(0.866025403784439,
0.866025403784439),(1.,1.),(0.866025403784439,0.866025403784439),(1.,1.),
(0.866025403784439,0.866025403784439),(1.,1.),(0.866025403784439,0.866025403784439),
(1.,1.),(0.866025403784439,0.866025403784439),(1.,1.),(0.866025403784439,
0.866025403784439),(1.,1.),(0.866025403784439,0.866025403784439),(1.,1.),
(0.866025403784439,0.866025403784439),(1.,1.),(0.866025403784439,0.866025403784439),
(1.,1.),(0.866025403784439,0.866025403784439),(1.,1.),(0.866025403784439,
0.866025403784439),(1.,1.),(0.866025403784439,0.866025403784439),(1.,1.)))
REPRESENTATION_ITEM('')
SURFACE()
);
#476=(
BOUNDED_SURFACE()
B_SPLINE_SURFACE(2,1,((#2929,#2930),(#2931,#2932),(#2933,#2934),(#2935,
#2936),(#2937,#2938),(#2939,#2940),(#2941,#2942),(#2943,#2944),(#2945,#2946),
(#2947,#2948),(#2949,#2950),(#2951,#2952),(#2953,#2954),(#2955,#2956),(#2957,
#2958),(#2959,#2960),(#2961,#2962),(#2963,#2964),(#2965,#2966),(#2967,#2968),
(#2969,#2970),(#2971,#2972),(#2973,#2974),(#2975,#2976),(#2977,#2978),(#2979,
#2980),(#2981,#2982),(#2983,#2984),(#2985,#2986),(#2987,#2988),(#2989,#2990),
(#2991,#2992),(#2993,#2994),(#2995,#2996),(#2997,#2998),(#2999,#3000),(#3001,
#3002),(#3003,#3004),(#3005,#3006),(#3007,#3008),(#3009,#3010),(#3011,#3012),
(#3013,#3014),(#3015,#3016),(#3017,#3018),(#3019,#3020),(#3021,#3022),(#3023,
#3024),(#3025,#3026),(#3027,#3028),(#3029,#3030),(#3031,#3032),(#3033,#3034),
(#3035,#3036),(#3037,#3038),(#3039,#3040),(#3041,#3042),(#3043,#3044),(#3045,
#3046),(#3047,#3048),(#3049,#3050),(#3051,#3052),(#3053,#3054),(#3055,#3056),
(#3057,#3058),(#3059,#3060),(#3061,#3062),(#3063,#3064),(#3065,#3066),(#3067,
#3068),(#3069,#3070),(#3071,#3072),(#3073,#3074),(#3075,#3076),(#3077,#3078),
(#3079,#3080),(#3081,#3082),(#3083,#3084),(#3085,#3086),(#3087,#3088),(#3089,
#3090),(#3091,#3092),(#3093,#3094),(#3095,#3096),(#3097,#3098),(#3099,#3100),
(#3101,#3102),(#3103,#3104),(#3105,#3106),(#3107,#3108),(#3109,#3110),(#3111,
#3112),(#3113,#3114),(#3115,#3116),(#3117,#3118),(#3119,#3120),(#3121,#3122),
(#3123,#3124),(#3125,#3126),(#3127,#3128),(#3129,#3130),(#3131,#3132),(#3133,
#3134),(#3135,#3136),(#3137,#3138),(#3139,#3140),(#3141,#3142),(#3143,#3144),
(#3145,#3146),(#3147,#3148),(#3149,#3150),(#3151,#3152),(#3153,#3154),(#3155,
#3156),(#3157,#3158),(#3159,#3160),(#3161,#3162),(#3163,#3164),(#3165,#3166),
(#3167,#3168),(#3169,#3170),(#3171,#3172),(#3173,#3174),(#3175,#3176),(#3177,
#3178),(#3179,#3180),(#3181,#3182),(#3183,#3184),(#3185,#3186),(#3187,#3188),
(#3189,#3190),(#3191,#3192),(#3193,#3194),(#3195,#3196),(#3197,#3198),(#3199,
#3200),(#3201,#3202),(#3203,#3204),(#3205,#3206),(#3207,#3208),(#3209,#3210),
(#3211,#3212),(#3213,#3214),(#3215,#3216),(#3217,#3218),(#3219,#3220),(#3221,
#3222),(#3223,#3224),(#3225,#3226),(#3227,#3228),(#3229,#3230),(#3231,#3232),
(#3233,#3234),(#3235,#3236),(#3237,#3238),(#3239,#3240),(#3241,#3242),(#3243,
#3244),(#3245,#3246),(#3247,#3248),(#3249,#3250),(#3251,#3252),(#3253,#3254),
(#3255,#3256),(#3257,#3258),(#3259,#3260),(#3261,#3262),(#3263,#3264),(#3265,
#3266),(#3267,#3268),(#3269,#3270),(#3271,#3272),(#3273,#3274),(#3275,#3276),
(#3277,#3278),(#3279,#3280),(#3281,#3282),(#3283,#3284),(#3285,#3286),(#3287,
#3288),(#3289,#3290),(#3291,#3292),(#3293,#3294),(#3295,#3296),(#3297,#3298),
(#3299,#3300),(#3301,#3302),(#3303,#3304),(#3305,#3306),(#3307,#3308),(#3309,
#3310),(#3311,#3312),(#3313,#3314),(#3315,#3316),(#3317,#3318),(#3319,#3320),
(#3321,#3322),(#3323,#3324),(#3325,#3326),(#3327,#3328),(#3329,#3330),(#3331,
#3332),(#3333,#3334),(#3335,#3336),(#3337,#3338),(#3339,#3340),(#3341,#3342),
(#3343,#3344),(#3345,#3346),(#3347,#3348),(#3349,#3350),(#3351,#3352),(#3353,
#3354),(#3355,#3356),(#3357,#3358),(#3359,#3360),(#3361,#3362),(#3363,#3364),
(#3365,#3366),(#3367,#3368),(#3369,#3370),(#3371,#3372),(#3373,#3374),(#3375,
#3376),(#3377,#3378),(#3379,#3380),(#3381,#3382),(#3383,#3384),(#3385,#3386),
(#3387,#3388),(#3389,#3390),(#3391,#3392),(#3393,#3394),(#3395,#3396),(#3397,
#3398),(#3399,#3400),(#3401,#3402),(#3403,#3404),(#3405,#3406),(#3407,#3408),
(#3409,#3410),(#3411,#3412),(#3413,#3414),(#3415,#3416),(#3417,#3418),(#3419,
#3420),(#3421,#3422),(#3423,#3424),(#3425,#3426),(#3427,#3428),(#3429,#3430),
(#3431,#3432),(#3433,#3434),(#3435,#3436),(#3437,#3438),(#3439,#3440),(#3441,
#3442),(#3443,#3444),(#3445,#3446),(#3447,#3448),(#3449,#3450),(#3451,#3452),
(#3453,#3454),(#3455,#3456),(#3457,#3458),(#3459,#3460),(#3461,#3462),(#3463,
#3464),(#3465,#3466),(#3467,#3468),(#3469,#3470),(#3471,#3472),(#3473,#3474),
(#3475,#3476),(#3477,#3478),(#3479,#3480),(#3481,#3482),(#3483,#3484),(#3485,
#3486),(#3487,#3488),(#3489,#3490),(#3491,#3492),(#3493,#3494),(#3495,#3496),
(#3497,#3498),(#3499,#3500),(#3501,#3502),(#3503,#3504),(#3505,#3506),(#3507,
#3508),(#3509,#3510),(#3511,#3512),(#3513,#3514),(#3515,#3516),(#3517,#3518),
(#3519,#3520),(#3521,#3522),(#3523,#3524),(#3525,#3526),(#3527,#3528),(#3529,
#3530),(#3531,#3532),(#3533,#3534),(#3535,#3536),(#3537,#3538),(#3539,#3540),
(#3541,#3542),(#3543,#3544),(#3545,#3546),(#3547,#3548),(#3549,#3550),(#3551,
#3552),(#3553,#3554),(#3555,#3556),(#3557,#3558),(#3559,#3560),(#3561,#3562),
(#3563,#3564),(#3565,#3566),(#3567,#3568),(#3569,#3570),(#3571,#3572),(#3573,
#3574),(#3575,#3576),(#3577,#3578),(#3579,#3580),(#3581,#3582),(#3583,#3584),
(#3585,#3586),(#3587,#3588),(#3589,#3590),(#3591,#3592),(#3593,#3594),(#3595,
#3596),(#3597,#3598),(#3599,#3600),(#3601,#3602),(#3603,#3604),(#3605,#3606),
(#3607,#3608),(#3609,#3610),(#3611,#3612),(#3613,#3614),(#3615,#3616),(#3617,
#3618),(#3619,#3620),(#3621,#3622),(#3623,#3624),(#3625,#3626),(#3627,#3628),
(#3629,#3630),(#3631,#3632),(#3633,#3634),(#3635,#3636),(#3637,#3638),(#3639,
#3640),(#3641,#3642),(#3643,#3644),(#3645,#3646),(#3647,#3648),(#3649,#3650),
(#3651,#3652),(#3653,#3654),(#3655,#3656),(#3657,#3658),(#3659,#3660),(#3661,
#3662),(#3663,#3664),(#3665,#3666),(#3667,#3668),(#3669,#3670),(#3671,#3672),
(#3673,#3674),(#3675,#3676),(#3677,#3678),(#3679,#3680),(#3681,#3682),(#3683,
#3684),(#3685,#3686),(#3687,#3688),(#3689,#3690),(#3691,#3692),(#3693,#3694),
(#3695,#3696),(#3697,#3698),(#3699,#3700),(#3701,#3702),(#3703,#3704),(#3705,
#3706),(#3707,#3708),(#3709,#3710),(#3711,#3712),(#3713,#3714),(#3715,#3716),
(#3717,#3718),(#3719,#3720),(#3721,#3722),(#3723,#3724),(#3725,#3726),(#3727,
#3728),(#3729,#3730),(#3731,#3732),(#3733,#3734),(#3735,#3736),(#3737,#3738),
(#3739,#3740),(#3741,#3742),(#3743,#3744),(#3745,#3746),(#3747,#3748),(#3749,
#3750),(#3751,#3752),(#3753,#3754),(#3755,#3756),(#3757,#3758),(#3759,#3760),
(#3761,#3762),(#3763,#3764),(#3765,#3766),(#3767,#3768),(#3769,#3770),(#3771,
#3772),(#3773,#3774),(#3775,#3776),(#3777,#3778),(#3779,#3780),(#3781,#3782),
(#3783,#3784),(#3785,#3786),(#3787,#3788),(#3789,#3790),(#3791,#3792),(#3793,
#3794),(#3795,#3796),(#3797,#3798),(#3799,#3800),(#3801,#3802),(#3803,#3804),
(#3805,#3806),(#3807,#3808),(#3809,#3810),(#3811,#3812),(#3813,#3814),(#3815,
#3816),(#3817,#3818),(#3819,#3820),(#3821,#3822),(#3823,#3824),(#3825,#3826),
(#3827,#3828),(#3829,#3830),(#3831,#3832),(#3833,#3834),(#3835,#3836),(#3837,
#3838),(#3839,#3840),(#3841,#3842),(#3843,#3844),(#3845,#3846),(#3847,#3848),
(#3849,#3850),(#3851,#3852),(#3853,#3854),(#3855,#3856),(#3857,#3858),(#3859,
#3860),(#3861,#3862),(#3863,#3864),(#3865,#3866),(#3867,#3868),(#3869,#3870),
(#3871,#3872),(#3873,#3874),(#3875,#3876),(#3877,#3878),(#3879,#3880),(#3881,
#3882),(#3883,#3884),(#3885,#3886),(#3887,#3888),(#3889,#3890),(#3891,#3892),
(#3893,#3894),(#3895,#3896),(#3897,#3898),(#3899,#3900),(#3901,#3902),(#3903,
#3904),(#3905,#3906),(#3907,#3908),(#3909,#3910),(#3911,#3912),(#3913,#3914),
(#3915,#3916),(#3917,#3918),(#3919,#3920),(#3921,#3922),(#3923,#3924),(#3925,
#3926),(#3927,#3928),(#3929,#3930),(#3931,#3932),(#3933,#3934),(#3935,#3936),
(#3937,#3938),(#3939,#3940),(#3941,#3942),(#3943,#3944),(#3945,#3946),(#3947,
#3948),(#3949,#3950),(#3951,#3952),(#3953,#3954),(#3955,#3956),(#3957,#3958),
(#3959,#3960),(#3961,#3962),(#3963,#3964),(#3965,#3966),(#3967,#3968),(#3969,
#3970),(#3971,#3972),(#3973,#3974),(#3975,#3976),(#3977,#3978),(#3979,#3980),
(#3981,#3982),(#3983,#3984),(#3985,#3986),(#3987,#3988),(#3989,#3990),(#3991,
#3992),(#3993,#3994),(#3995,#3996),(#3997,#3998),(#3999,#4000),(#4001,#4002),
(#4003,#4004),(#4005,#4006),(#4007,#4008),(#4009,#4010),(#4011,#4012),(#4013,
#4014),(#4015,#4016),(#4017,#4018),(#4019,#4020),(#4021,#4022),(#4023,#4024),
(#4025,#4026),(#4027,#4028),(#4029,#4030),(#4031,#4032),(#4033,#4034),(#4035,
#4036),(#4037,#4038),(#4039,#4040),(#4041,#4042),(#4043,#4044),(#4045,#4046),
(#4047,#4048),(#4049,#4050),(#4051,#4052),(#4053,#4054),(#4055,#4056),(#4057,
#4058),(#4059,#4060),(#4061,#4062),(#4063,#4064),(#4065,#4066),(#4067,#4068),
(#4069,#4070),(#4071,#4072),(#4073,#4074),(#4075,#4076),(#4077,#4078),(#4079,
#4080),(#4081,#4082),(#4083,#4084),(#4085,#4086),(#4087,#4088),(#4089,#4090),
(#4091,#4092),(#4093,#4094),(#4095,#4096),(#4097,#4098),(#4099,#4100),(#4101,
#4102),(#4103,#4104),(#4105,#4106),(#4107,#4108),(#4109,#4110),(#4111,#4112),
(#4113,#4114),(#4115,#4116),(#4117,#4118),(#4119,#4120),(#4121,#4122),(#4123,
#4124),(#4125,#4126),(#4127,#4128),(#4129,#4130),(#4131,#4132),(#4133,#4134),
(#4135,#4136),(#4137,#4138),(#4139,#4140),(#4141,#4142),(#4143,#4144),(#4145,
#4146),(#4147,#4148),(#4149,#4150),(#4151,#4152),(#4153,#4154),(#4155,#4156),
(#4157,#4158),(#4159,#4160),(#4161,#4162),(#4163,#4164),(#4165,#4166),(#4167,
#4168),(#4169,#4170),(#4171,#4172),(#4173,#4174),(#4175,#4176),(#4177,#4178),
(#4179,#4180),(#4181,#4182),(#4183,#4184),(#4185,#4186),(#4187,#4188),(#4189,
#4190),(#4191,#4192),(#4193,#4194),(#4195,#4196),(#4197,#4198),(#4199,#4200),
(#4201,#4202),(#4203,#4204),(#4205,#4206),(#4207,#4208),(#4209,#4210),(#4211,
#4212),(#4213,#4214),(#4215,#4216),(#4217,#4218),(#4219,#4220),(#4221,#4222),
(#4223,#4224),(#4225,#4226),(#4227,#4228),(#4229,#4230),(#4231,#4232),(#4233,
#4234),(#4235,#4236),(#4237,#4238),(#4239,#4240),(#4241,#4242),(#4243,#4244),
(#4245,#4246),(#4247,#4248),(#4249,#4250),(#4251,#4252),(#4253,#4254),(#4255,
#4256),(#4257,#4258),(#4259,#4260),(#4261,#4262),(#4263,#4264),(#4265,#4266),
(#4267,#4268),(#4269,#4270),(#4271,#4272),(#4273,#4274),(#4275,#4276),(#4277,
#4278),(#4279,#4280),(#4281,#4282),(#4283,#4284),(#4285,#4286),(#4287,#4288),
(#4289,#4290),(#4291,#4292),(#4293,#4294),(#4295,#4296),(#4297,#4298),(#4299,
#4300),(#4301,#4302),(#4303,#4304),(#4305,#4306),(#4307,#4308),(#4309,#4310),
(#4311,#4312),(#4313,#4314),(#4315,#4316),(#4317,#4318),(#4319,#4320),(#4321,
#4322),(#4323,#4324),(#4325,#4326),(#4327,#4328),(#4329,#4330),(#4331,#4332),
(#4333,#4334),(#4335,#4336),(#4337,#4338),(#4339,#4340),(#4341,#4342),(#4343,
#4344),(#4345,#4346),(#4347,#4348),(#4349,#4350),(#4351,#4352),(#4353,#4354),
(#4355,#4356),(#4357,#4358),(#4359,#4360),(#4361,#4362),(#4363,#4364),(#4365,
#4366),(#4367,#4368),(#4369,#4370),(#4371,#4372),(#4373,#4374),(#4375,#4376),
(#4377,#4378),(#4379,#4380),(#4381,#4382),(#4383,#4384),(#4385,#4386),(#4387,
#4388),(#4389,#4390),(#4391,#4392),(#4393,#4394),(#4395,#4396),(#4397,#4398),
(#4399,#4400),(#4401,#4402),(#4403,#4404),(#4405,#4406),(#4407,#4408),(#4409,
#4410),(#4411,#4412),(#4413,#4414),(#4415,#4416),(#4417,#4418),(#4419,#4420),
(#4421,#4422),(#4423,#4424),(#4425,#4426),(#4427,#4428),(#4429,#4430),(#4431,
#4432),(#4433,#4434),(#4435,#4436),(#4437,#4438),(#4439,#4440),(#4441,#4442),
(#4443,#4444),(#4445,#4446),(#4447,#4448),(#4449,#4450),(#4451,#4452),(#4453,
#4454),(#4455,#4456),(#4457,#4458),(#4459,#4460),(#4461,#4462),(#4463,#4464),
(#4465,#4466),(#4467,#4468),(#4469,#4470),(#4471,#4472),(#4473,#4474),(#4475,
#4476),(#4477,#4478),(#4479,#4480),(#4481,#4482),(#4483,#4484),(#4485,#4486),
(#4487,#4488),(#4489,#4490),(#4491,#4492),(#4493,#4494),(#4495,#4496),(#4497,
#4498),(#4499,#4500),(#4501,#4502),(#4503,#4504),(#4505,#4506),(#4507,#4508),
(#4509,#4510),(#4511,#4512),(#4513,#4514),(#4515,#4516),(#4517,#4518),(#4519,
#4520),(#4521,#4522),(#4523,#4524),(#4525,#4526),(#4527,#4528),(#4529,#4530),
(#4531,#4532),(#4533,#4534),(#4535,#4536),(#4537,#4538),(#4539,#4540),(#4541,
#4542),(#4543,#4544),(#4545,#4546),(#4547,#4548),(#4549,#4550),(#4551,#4552),
(#4553,#4554),(#4555,#4556),(#4557,#4558),(#4559,#4560),(#4561,#4562),(#4563,
#4564),(#4565,#4566),(#4567,#4568),(#4569,#4570),(#4571,#4572),(#4573,#4574),
(#4575,#4576),(#4577,#4578),(#4579,#4580),(#4581,#4582),(#4583,#4584),(#4585,
#4586),(#4587,#4588),(#4589,#4590),(#4591,#4592),(#4593,#4594),(#4595,#4596),
(#4597,#4598),(#4599,#4600),(#4601,#4602),(#4603,#4604),(#4605,#4606),(#4607,
#4608),(#4609,#4610),(#4611,#4612),(#4613,#4614),(#4615,#4616),(#4617,#4618),
(#4619,#4620),(#4621,#4622),(#4623,#4624),(#4625,#4626),(#4627,#4628),(#4629,
#4630),(#4631,#4632),(#4633,#4634),(#4635,#4636),(#4637,#4638),(#4639,#4640),
(#4641,#4642),(#4643,#4644),(#4645,#4646),(#4647,#4648),(#4649,#4650),(#4651,
#4652),(#4653,#4654),(#4655,#4656),(#4657,#4658),(#4659,#4660),(#4661,#4662),
(#4663,#4664),(#4665,#4666),(#4667,#4668),(#4669,#4670),(#4671,#4672),(#4673,
#4674),(#4675,#4676),(#4677,#4678),(#4679,#4680),(#4681,#4682),(#4683,#4684),
(#4685,#4686),(#4687,#4688),(#4689,#4690),(#4691,#4692),(#4693,#4694),(#4695,
#4696),(#4697,#4698),(#4699,#4700),(#4701,#4702),(#4703,#4704),(#4705,#4706),
(#4707,#4708),(#4709,#4710),(#4711,#4712),(#4713,#4714),(#4715,#4716),(#4717,
#4718),(#4719,#4720),(#4721,#4722),(#4723,#4724),(#4725,#4726),(#4727,#4728),
(#4729,#4730),(#4731,#4732),(#4733,#4734),(#4735,#4736),(#4737,#4738),(#4739,
#4740),(#4741,#4742),(#4743,#4744),(#4745,#4746),(#4747,#4748),(#4749,#4750),
(#4751,#4752),(#4753,#4754),(#4755,#4756),(#4757,#4758),(#4759,#4760),(#4761,
#4762),(#4763,#4764),(#4765,#4766),(#4767,#4768),(#4769,#4770),(#4771,#4772),
(#4773,#4774),(#4775,#4776),(#4777,#4778),(#4779,#4780),(#4781,#4782),(#4783,
#4784),(#4785,#4786),(#4787,#4788),(#4789,#4790),(#4791,#4792),(#4793,#4794),
(#4795,#4796),(#4797,#4798),(#4799,#4800),(#4801,#4802),(#4803,#4804),(#4805,
#4806),(#4807,#4808),(#4809,#4810),(#4811,#4812),(#4813,#4814),(#4815,#4816),
(#4817,#4818),(#4819,#4820),(#4821,#4822),(#4823,#4824),(#4825,#4826),(#4827,
#4828),(#4829,#4830),(#4831,#4832),(#4833,#4834),(#4835,#4836),(#4837,#4838),
(#4839,#4840),(#4841,#4842),(#4843,#4844),(#4845,#4846),(#4847,#4848),(#4849,
#4850),(#4851,#4852),(#4853,#4854),(#4855,#4856),(#4857,#4858),(#4859,#4860),
(#4861,#4862),(#4863,#4864),(#4865,#4866),(#4867,#4868),(#4869,#4870),(#4871,
#4872),(#4873,#4874),(#4875,#4876),(#4877,#4878),(#4879,#4880),(#4881,#4882),
(#4883,#4884),(#4885,#4886),(#4887,#4888),(#4889,#4890),(#4891,#4892),(#4893,
#4894),(#4895,#4896),(#4897,#4898),(#4899,#4900),(#4901,#4902),(#4903,#4904),
(#4905,#4906),(#4907,#4908),(#4909,#4910),(#4911,#4912),(#4913,#4914),(#4915,
#4916),(#4917,#4918),(#4919,#4920),(#4921,#4922),(#4923,#4924),(#4925,#4926),
(#4927,#4928),(#4929,#4930),(#4931,#4932),(#4933,#4934),(#4935,#4936),(#4937,
#4938),(#4939,#4940),(#4941,#4942),(#4943,#4944),(#4945,#4946)),
 .UNSPECIFIED.,.F.,.F.,.F.)
B_SPLINE_SURFACE_WITH_KNOTS((3,2,2,2,2,2,2,2,2,2,2,2,2,2,2,2,2,2,2,2,2,
2,2,2,2,2,2,2,2,2,2,2,2,2,2,2,2,2,2,2,2,2,2,2,2,2,2,2,2,2,2,2,2,2,2,2,2,
2,2,2,2,2,2,2,2,2,2,2,2,2,2,2,2,2,2,2,2,2,2,2,2,2,2,2,2,2,2,2,2,2,2,2,2,
2,2,2,2,2,2,2,2,2,2,2,2,2,2,2,2,2,2,2,2,2,2,2,2,2,2,2,2,2,2,2,2,2,2,2,2,
2,2,2,2,2,2,2,2,2,2,2,2,2,2,2,2,2,2,2,2,2,2,2,2,2,2,2,2,2,2,2,2,2,2,2,2,
2,2,2,2,2,2,2,2,2,2,2,2,2,2,2,2,2,2,2,2,2,2,2,2,2,2,2,2,2,2,2,2,2,2,2,2,
2,2,2,2,2,2,2,2,2,2,2,2,2,2,2,2,2,2,2,2,2,2,2,2,2,2,2,2,2,2,2,2,2,2,2,2,
2,2,2,2,2,2,2,2,2,2,2,2,2,2,2,2,2,2,2,2,2,2,2,2,2,2,2,2,2,2,2,2,2,2,2,2,
2,2,2,2,2,2,2,2,2,2,2,2,2,2,2,2,2,2,2,2,2,2,2,2,2,2,2,2,2,2,2,2,2,2,2,2,
2,2,2,2,2,2,2,2,2,2,2,2,2,2,2,2,2,2,2,2,2,2,2,2,2,2,2,2,2,2,2,2,2,2,2,2,
2,2,2,2,2,2,2,2,2,2,2,2,2,2,2,2,2,2,2,2,2,2,2,2,2,2,2,2,2,2,2,2,2,2,2,2,
2,2,2,2,2,2,2,2,2,2,2,2,2,2,2,2,2,2,2,2,2,2,2,2,2,2,2,2,2,2,2,2,2,2,2,2,
2,2,2,2,2,2,2,2,2,2,2,2,2,2,2,2,2,2,2,2,2,2,2,2,2,2,2,2,2,2,2,2,2,2,2,2,
2,2,2,2,2,2,2,2,2,2,2,2,2,2,2,2,2,2,2,2,2,2,2,2,2,2,2,2,2,2,2,2,2,2,2,2,
2,2,2,2,2,2,2,2,2,2,2,2,2,2,2,3),(2,2),(0.,1.41161947347987,2.82323894695975,
4.23485842043962,5.6464778939195,7.05809736739937,8.46971684087924,9.88133631435912,
11.292955787839,12.7045752613189,14.1161947347987,15.5278142082786,16.9394336817585,
18.3510531552384,19.7626726287182,21.1742921021981,22.585911575678,23.9975310491579,
25.4091505226377,26.8207699961176,28.2323894695975,29.6440089430774,31.0556284165572,
32.4672478900371,33.878867363517,35.2904868369968,36.7021063104767,38.1137257839566,
39.5253452574365,40.9369647309163,42.3485842043962,43.7602036778761,45.171823151356,
46.5834426248358,47.9950620983157,49.4066815717956,50.8183010452755,52.2299205187553,
53.6415399922352,55.0531594657151,56.464778939195,57.8763984126748,59.2880178861547,
60.6996373596346,62.1112568331145,63.5228763065943,64.9344957800742,66.3461152535541,
67.7577347270339,69.1693542005138,70.5809736739937,71.9925931474736,73.4042126209534,
74.8158320944333,76.2274515679132,77.6390710413931,79.0506905148729,80.4623099883528,
81.8739294618327,83.2855489353126,84.6971684087924,86.1087878822723,87.5204073557522,
88.9320268292321,90.3436463027119,91.7552657761918,93.1668852496717,94.5785047231516,
95.9901241966314,97.4017436701113,98.8133631435912,100.224982617071,101.636602090551,
103.048221564031,104.459841037511,105.871460510991,107.28307998447,108.69469945795,
110.10631893143,111.51793840491,112.92955787839,114.34117735187,115.75279682535,
117.16441629883,118.576035772309,119.987655245789,121.399274719269,122.810894192749,
124.222513666229,125.634133139709,127.045752613189,128.457372086669,129.868991560148,
131.280611033628,132.692230507108,134.103849980588,135.515469454068,136.927088927548,
138.338708401028,139.750327874508,141.161947347987,142.573566821467,143.985186294947,
145.396805768427,146.808425241907,148.220044715387,149.631664188867,151.043283662347,
152.454903135826,153.866522609306,155.278142082786,156.689761556266,158.101381029746,
159.513000503226,160.924619976706,162.336239450186,163.747858923665,165.159478397145,
166.571097870625,167.982717344105,169.394336817585,170.805956291065,172.217575764545,
173.629195238024,175.040814711504,176.452434184984,177.864053658464,179.275673131944,
180.687292605424,182.098912078904,183.510531552384,184.922151025864,186.333770499343,
187.745389972823,189.157009446303,190.568628919783,191.980248393263,193.391867866743,
194.803487340223,196.215106813702,197.626726287182,199.038345760662,200.449965234142,
201.861584707622,203.273204181102,204.684823654582,206.096443128062,207.508062601541,
208.919682075021,210.331301548501,211.742921021981,213.154540495461,214.566159968941,
215.977779442421,217.389398915901,218.80101838938,220.21263786286,221.62425733634,
223.03587680982,224.4474962833,225.85911575678,227.27073523026,228.68235470374,
230.093974177219,231.505593650699,232.917213124179,234.328832597659,235.740452071139,
237.152071544619,238.563691018099,239.975310491579,241.386929965058,242.798549438538,
244.210168912018,245.621788385498,247.033407858978,248.445027332458,249.856646805938,
251.268266279418,252.679885752897,254.091505226377,255.503124699857,256.914744173337,
258.326363646817,259.737983120297,261.149602593777,262.561222067257,263.972841540736,
265.384461014216,266.796080487696,268.207699961176,269.619319434656,271.030938908136,
272.442558381616,273.854177855096,275.265797328575,276.677416802055,278.089036275535,
279.500655749015,280.912275222495,282.323894695975,283.735514169455,285.147133642935,
286.558753116414,287.970372589894,289.381992063374,290.793611536854,292.205231010334,
293.616850483814,295.028469957294,296.440089430774,297.851708904253,299.263328377733,
300.674947851213,302.086567324693,303.498186798173,304.909806271653,306.321425745133,
307.733045218613,309.144664692092,310.556284165572,311.967903639052,313.379523112532,
314.791142586012,316.202762059492,317.614381532972,319.026001006452,320.437620479931,
321.849239953411,323.260859426891,324.672478900371,326.084098373851,327.495717847331,
328.907337320811,330.318956794291,331.73057626777,333.14219574125,334.55381521473,
335.96543468821,337.37705416169,338.78867363517,340.20029310865,341.611912582129,
343.023532055609,344.435151529089,345.846771002569,347.258390476049,348.670009949529,
350.081629423009,351.493248896489,352.904868369968,354.316487843448,355.728107316928,
357.139726790408,358.551346263888,359.962965737368,361.374585210848,362.786204684328,
364.197824157807,365.609443631287,367.021063104767,368.432682578247,369.844302051727,
371.255921525207,372.667540998687,374.079160472167,375.490779945646,376.902399419126,
378.314018892606,379.725638366086,381.137257839566,382.548877313046,383.960496786526,
385.372116260006,386.783735733485,388.195355206965,389.606974680445,391.018594153925,
392.430213627405,393.841833100885,395.253452574365,396.665072047845,398.076691521324,
399.488310994804,400.899930468284,402.311549941764,403.723169415244,405.134788888724,
406.546408362204,407.958027835684,409.369647309163,410.781266782643,412.192886256123,
413.604505729603,415.016125203083,416.427744676563,417.839364150043,419.250983623523,
420.662603097002,422.074222570482,423.485842043962,424.897461517442,426.309080990922,
427.720700464402,429.132319937882,430.543939411362,431.955558884841,433.367178358321,
434.778797831801,436.190417305281,437.602036778761,439.013656252241,440.425275725721,
441.836895199201,443.24851467268,444.66013414616,446.07175361964,447.48337309312,
448.8949925666,450.30661204008,451.71823151356,453.12985098704,454.541470460519,
455.953089933999,457.364709407479,458.776328880959,460.187948354439,461.599567827919,
463.011187301399,464.422806774878,465.834426248358,467.246045721838,468.657665195318,
470.069284668798,471.480904142278,472.892523615758,474.304143089238,475.715762562717,
477.127382036197,478.539001509677,479.950620983157,481.362240456637,482.773859930117,
484.185479403597,485.597098877077,487.008718350556,488.420337824036,489.831957297516,
491.243576770996,492.655196244476,494.066815717956,495.478435191436,496.890054664916,
498.301674138395,499.713293611875,501.124913085355,502.536532558835,503.948152032315,
505.359771505795,506.771390979275,508.183010452755,509.594629926234,511.006249399714,
512.417868873194,513.829488346674,515.241107820154,516.652727293634,518.064346767114,
519.475966240594,520.887585714073,522.299205187553,523.710824661033,525.122444134513,
526.534063607993,527.945683081473,529.357302554953,530.768922028433,532.180541501912,
533.592160975392,535.003780448872,536.415399922352,537.827019395832,539.238638869312,
540.650258342792,542.061877816272,543.473497289751,544.885116763231,546.296736236711,
547.708355710191,549.119975183671,550.531594657151,551.943214130631,553.354833604111,
554.76645307759,556.17807255107,557.58969202455,559.00131149803,560.41293097151,
561.82455044499,563.23616991847,564.64778939195,566.059408865429,567.471028338909,
568.882647812389,570.294267285869,571.705886759349,573.117506232829,574.529125706309,
575.940745179789,577.352364653268,578.763984126748,580.175603600228,581.587223073708,
582.998842547188,584.410462020668,585.822081494148,587.233700967628,588.645320441107,
590.056939914587,591.468559388067,592.880178861547,594.291798335027,595.703417808507,
597.115037281987,598.526656755467,599.938276228946,601.349895702426,602.761515175906,
604.173134649386,605.584754122866,606.996373596346,608.407993069826,609.819612543306,
611.231232016785,612.642851490265,614.054470963745,615.466090437225,616.877709910705,
618.289329384185,619.700948857665,621.112568331145,622.524187804624,623.935807278104,
625.347426751584,626.759046225064,628.170665698544,629.582285172024,630.993904645504,
632.405524118984,633.817143592463,635.228763065943,636.640382539423,638.052002012903,
639.463621486383,640.875240959863,642.286860433343,643.698479906823,645.110099380302,
646.521718853782,647.933338327262,649.344957800742,650.756577274222,652.168196747702,
653.579816221182,654.991435694662,656.403055168141,657.814674641621,659.226294115101,
660.637913588581,662.049533062061,663.461152535541,664.872772009021,666.2843914825,
667.69601095598,669.10763042946,670.51924990294,671.93086937642,673.3424888499,
674.75410832338,676.16572779686,677.577347270339,678.988966743819,680.400586217299,
681.812205690779,683.223825164259,684.635444637739,686.047064111219,687.458683584699,
688.870303058178,690.281922531658,691.693542005138,693.105161478618,694.516780952098,
695.928400425578,697.340019899058,698.751639372538,700.163258846017,701.574878319497,
702.986497792977,704.398117266457,705.809736739937,707.221356213417,708.632975686897,
710.044595160377,711.456214633856),(-8.14279199623513E-15,0.440225883070278),
 .UNSPECIFIED.)
GEOMETRIC_REPRESENTATION_ITEM()
RATIONAL_B_SPLINE_SURFACE(((1.,1.),(0.866025403784439,0.866025403784439),
(1.,1.),(0.866025403784439,0.866025403784439),(1.,1.),(0.866025403784439,
0.866025403784439),(1.,1.),(0.866025403784439,0.866025403784439),(1.,1.),
(0.866025403784439,0.866025403784439),(1.,1.),(0.866025403784439,0.866025403784439),
(1.,1.),(0.866025403784439,0.866025403784439),(1.,1.),(0.866025403784439,
0.866025403784439),(1.,1.),(0.866025403784439,0.866025403784439),(1.,1.),
(0.866025403784439,0.866025403784439),(1.,1.),(0.866025403784439,0.866025403784439),
(1.,1.),(0.866025403784439,0.866025403784439),(1.,1.),(0.866025403784439,
0.866025403784439),(1.,1.),(0.866025403784439,0.866025403784439),(1.,1.),
(0.866025403784439,0.866025403784439),(1.,1.),(0.866025403784439,0.866025403784439),
(1.,1.),(0.866025403784439,0.866025403784439),(1.,1.),(0.866025403784439,
0.866025403784439),(1.,1.),(0.866025403784439,0.866025403784439),(1.,1.),
(0.866025403784439,0.866025403784439),(1.,1.),(0.866025403784439,0.866025403784439),
(1.,1.),(0.866025403784439,0.866025403784439),(1.,1.),(0.866025403784439,
0.866025403784439),(1.,1.),(0.866025403784439,0.866025403784439),(1.,1.),
(0.866025403784439,0.866025403784439),(1.,1.),(0.866025403784439,0.866025403784439),
(1.,1.),(0.866025403784439,0.866025403784439),(1.,1.),(0.866025403784439,
0.866025403784439),(1.,1.),(0.866025403784439,0.866025403784439),(1.,1.),
(0.866025403784439,0.866025403784439),(1.,1.),(0.866025403784439,0.866025403784439),
(1.,1.),(0.866025403784439,0.866025403784439),(1.,1.),(0.866025403784439,
0.866025403784439),(1.,1.),(0.866025403784439,0.866025403784439),(1.,1.),
(0.866025403784439,0.866025403784439),(1.,1.),(0.866025403784439,0.866025403784439),
(1.,1.),(0.866025403784439,0.866025403784439),(1.,1.),(0.866025403784439,
0.866025403784439),(1.,1.),(0.866025403784439,0.866025403784439),(1.,1.),
(0.866025403784439,0.866025403784439),(1.,1.),(0.866025403784439,0.866025403784439),
(1.,1.),(0.866025403784439,0.866025403784439),(1.,1.),(0.866025403784439,
0.866025403784439),(1.,1.),(0.866025403784439,0.866025403784439),(1.,1.),
(0.866025403784439,0.866025403784439),(1.,1.),(0.866025403784439,0.866025403784439),
(1.,1.),(0.866025403784439,0.866025403784439),(1.,1.),(0.866025403784439,
0.866025403784439),(1.,1.),(0.866025403784439,0.866025403784439),(1.,1.),
(0.866025403784439,0.866025403784439),(1.,1.),(0.866025403784439,0.866025403784439),
(1.,1.),(0.866025403784439,0.866025403784439),(1.,1.),(0.866025403784439,
0.866025403784439),(1.,1.),(0.866025403784439,0.866025403784439),(1.,1.),
(0.866025403784439,0.866025403784439),(1.,1.),(0.866025403784439,0.866025403784439),
(1.,1.),(0.866025403784439,0.866025403784439),(1.,1.),(0.866025403784439,
0.866025403784439),(1.,1.),(0.866025403784439,0.866025403784439),(1.,1.),
(0.866025403784439,0.866025403784439),(1.,1.),(0.866025403784439,0.866025403784439),
(1.,1.),(0.866025403784439,0.866025403784439),(1.,1.),(0.866025403784439,
0.866025403784439),(1.,1.),(0.866025403784439,0.866025403784439),(1.,1.),
(0.866025403784439,0.866025403784439),(1.,1.),(0.866025403784439,0.866025403784439),
(1.,1.),(0.866025403784439,0.866025403784439),(1.,1.),(0.866025403784439,
0.866025403784439),(1.,1.),(0.866025403784439,0.866025403784439),(1.,1.),
(0.866025403784439,0.866025403784439),(1.,1.),(0.866025403784439,0.866025403784439),
(1.,1.),(0.866025403784439,0.866025403784439),(1.,1.),(0.866025403784439,
0.866025403784439),(1.,1.),(0.866025403784439,0.866025403784439),(1.,1.),
(0.866025403784439,0.866025403784439),(1.,1.),(0.866025403784439,0.866025403784439),
(1.,1.),(0.866025403784439,0.866025403784439),(1.,1.),(0.866025403784439,
0.866025403784439),(1.,1.),(0.866025403784439,0.866025403784439),(1.,1.),
(0.866025403784439,0.866025403784439),(1.,1.),(0.866025403784439,0.866025403784439),
(1.,1.),(0.866025403784439,0.866025403784439),(1.,1.),(0.866025403784439,
0.866025403784439),(1.,1.),(0.866025403784439,0.866025403784439),(1.,1.),
(0.866025403784439,0.866025403784439),(1.,1.),(0.866025403784439,0.866025403784439),
(1.,1.),(0.866025403784439,0.866025403784439),(1.,1.),(0.866025403784439,
0.866025403784439),(1.,1.),(0.866025403784439,0.866025403784439),(1.,1.),
(0.866025403784439,0.866025403784439),(1.,1.),(0.866025403784439,0.866025403784439),
(1.,1.),(0.866025403784439,0.866025403784439),(1.,1.),(0.866025403784439,
0.866025403784439),(1.,1.),(0.866025403784439,0.866025403784439),(1.,1.),
(0.866025403784439,0.866025403784439),(1.,1.),(0.866025403784439,0.866025403784439),
(1.,1.),(0.866025403784439,0.866025403784439),(1.,1.),(0.866025403784439,
0.866025403784439),(1.,1.),(0.866025403784439,0.866025403784439),(1.,1.),
(0.866025403784439,0.866025403784439),(1.,1.),(0.866025403784439,0.866025403784439),
(1.,1.),(0.866025403784439,0.866025403784439),(1.,1.),(0.866025403784439,
0.866025403784439),(1.,1.),(0.866025403784439,0.866025403784439),(1.,1.),
(0.866025403784439,0.866025403784439),(1.,1.),(0.866025403784439,0.866025403784439),
(1.,1.),(0.866025403784439,0.866025403784439),(1.,1.),(0.866025403784439,
0.866025403784439),(1.,1.),(0.866025403784439,0.866025403784439),(1.,1.),
(0.866025403784439,0.866025403784439),(1.,1.),(0.866025403784439,0.866025403784439),
(1.,1.),(0.866025403784439,0.866025403784439),(1.,1.),(0.866025403784439,
0.866025403784439),(1.,1.),(0.866025403784439,0.866025403784439),(1.,1.),
(0.866025403784439,0.866025403784439),(1.,1.),(0.866025403784439,0.866025403784439),
(1.,1.),(0.866025403784439,0.866025403784439),(1.,1.),(0.866025403784439,
0.866025403784439),(1.,1.),(0.866025403784439,0.866025403784439),(1.,1.),
(0.866025403784439,0.866025403784439),(1.,1.),(0.866025403784439,0.866025403784439),
(1.,1.),(0.866025403784439,0.866025403784439),(1.,1.),(0.866025403784439,
0.866025403784439),(1.,1.),(0.866025403784439,0.866025403784439),(1.,1.),
(0.866025403784439,0.866025403784439),(1.,1.),(0.866025403784439,0.866025403784439),
(1.,1.),(0.866025403784439,0.866025403784439),(1.,1.),(0.866025403784439,
0.866025403784439),(1.,1.),(0.866025403784439,0.866025403784439),(1.,1.),
(0.866025403784439,0.866025403784439),(1.,1.),(0.866025403784439,0.866025403784439),
(1.,1.),(0.866025403784439,0.866025403784439),(1.,1.),(0.866025403784439,
0.866025403784439),(1.,1.),(0.866025403784439,0.866025403784439),(1.,1.),
(0.866025403784439,0.866025403784439),(1.,1.),(0.866025403784439,0.866025403784439),
(1.,1.),(0.866025403784439,0.866025403784439),(1.,1.),(0.866025403784439,
0.866025403784439),(1.,1.),(0.866025403784439,0.866025403784439),(1.,1.),
(0.866025403784439,0.866025403784439),(1.,1.),(0.866025403784439,0.866025403784439),
(1.,1.),(0.866025403784439,0.866025403784439),(1.,1.),(0.866025403784439,
0.866025403784439),(1.,1.),(0.866025403784439,0.866025403784439),(1.,1.),
(0.866025403784439,0.866025403784439),(1.,1.),(0.866025403784439,0.866025403784439),
(1.,1.),(0.866025403784439,0.866025403784439),(1.,1.),(0.866025403784439,
0.866025403784439),(1.,1.),(0.866025403784439,0.866025403784439),(1.,1.),
(0.866025403784439,0.866025403784439),(1.,1.),(0.866025403784439,0.866025403784439),
(1.,1.),(0.866025403784439,0.866025403784439),(1.,1.),(0.866025403784439,
0.866025403784439),(1.,1.),(0.866025403784439,0.866025403784439),(1.,1.),
(0.866025403784439,0.866025403784439),(1.,1.),(0.866025403784439,0.866025403784439),
(1.,1.),(0.866025403784439,0.866025403784439),(1.,1.),(0.866025403784439,
0.866025403784439),(1.,1.),(0.866025403784439,0.866025403784439),(1.,1.),
(0.866025403784439,0.866025403784439),(1.,1.),(0.866025403784439,0.866025403784439),
(1.,1.),(0.866025403784439,0.866025403784439),(1.,1.),(0.866025403784439,
0.866025403784439),(1.,1.),(0.866025403784439,0.866025403784439),(1.,1.),
(0.866025403784439,0.866025403784439),(1.,1.),(0.866025403784439,0.866025403784439),
(1.,1.),(0.866025403784439,0.866025403784439),(1.,1.),(0.866025403784439,
0.866025403784439),(1.,1.),(0.866025403784439,0.866025403784439),(1.,1.),
(0.866025403784439,0.866025403784439),(1.,1.),(0.866025403784439,0.866025403784439),
(1.,1.),(0.866025403784439,0.866025403784439),(1.,1.),(0.866025403784439,
0.866025403784439),(1.,1.),(0.866025403784439,0.866025403784439),(1.,1.),
(0.866025403784439,0.866025403784439),(1.,1.),(0.866025403784439,0.866025403784439),
(1.,1.),(0.866025403784439,0.866025403784439),(1.,1.),(0.866025403784439,
0.866025403784439),(1.,1.),(0.866025403784439,0.866025403784439),(1.,1.),
(0.866025403784439,0.866025403784439),(1.,1.),(0.866025403784439,0.866025403784439),
(1.,1.),(0.866025403784439,0.866025403784439),(1.,1.),(0.866025403784439,
0.866025403784439),(1.,1.),(0.866025403784439,0.866025403784439),(1.,1.),
(0.866025403784439,0.866025403784439),(1.,1.),(0.866025403784439,0.866025403784439),
(1.,1.),(0.866025403784439,0.866025403784439),(1.,1.),(0.866025403784439,
0.866025403784439),(1.,1.),(0.866025403784439,0.866025403784439),(1.,1.),
(0.866025403784439,0.866025403784439),(1.,1.),(0.866025403784439,0.866025403784439),
(1.,1.),(0.866025403784439,0.866025403784439),(1.,1.),(0.866025403784439,
0.866025403784439),(1.,1.),(0.866025403784439,0.866025403784439),(1.,1.),
(0.866025403784439,0.866025403784439),(1.,1.),(0.866025403784439,0.866025403784439),
(1.,1.),(0.866025403784439,0.866025403784439),(1.,1.),(0.866025403784439,
0.866025403784439),(1.,1.),(0.866025403784439,0.866025403784439),(1.,1.),
(0.866025403784439,0.866025403784439),(1.,1.),(0.866025403784439,0.866025403784439),
(1.,1.),(0.866025403784439,0.866025403784439),(1.,1.),(0.866025403784439,
0.866025403784439),(1.,1.),(0.866025403784439,0.866025403784439),(1.,1.),
(0.866025403784439,0.866025403784439),(1.,1.),(0.866025403784439,0.866025403784439),
(1.,1.),(0.866025403784439,0.866025403784439),(1.,1.),(0.866025403784439,
0.866025403784439),(1.,1.),(0.866025403784439,0.866025403784439),(1.,1.),
(0.866025403784439,0.866025403784439),(1.,1.),(0.866025403784439,0.866025403784439),
(1.,1.),(0.866025403784439,0.866025403784439),(1.,1.),(0.866025403784439,
0.866025403784439),(1.,1.),(0.866025403784439,0.866025403784439),(1.,1.),
(0.866025403784439,0.866025403784439),(1.,1.),(0.866025403784439,0.866025403784439),
(1.,1.),(0.866025403784439,0.866025403784439),(1.,1.),(0.866025403784439,
0.866025403784439),(1.,1.),(0.866025403784439,0.866025403784439),(1.,1.),
(0.866025403784439,0.866025403784439),(1.,1.),(0.866025403784439,0.866025403784439),
(1.,1.),(0.866025403784439,0.866025403784439),(1.,1.),(0.866025403784439,
0.866025403784439),(1.,1.),(0.866025403784439,0.866025403784439),(1.,1.),
(0.866025403784439,0.866025403784439),(1.,1.),(0.866025403784439,0.866025403784439),
(1.,1.),(0.866025403784439,0.866025403784439),(1.,1.),(0.866025403784439,
0.866025403784439),(1.,1.),(0.866025403784439,0.866025403784439),(1.,1.),
(0.866025403784439,0.866025403784439),(1.,1.),(0.866025403784439,0.866025403784439),
(1.,1.),(0.866025403784439,0.866025403784439),(1.,1.),(0.866025403784439,
0.866025403784439),(1.,1.),(0.866025403784439,0.866025403784439),(1.,1.),
(0.866025403784439,0.866025403784439),(1.,1.),(0.866025403784439,0.866025403784439),
(1.,1.),(0.866025403784439,0.866025403784439),(1.,1.),(0.866025403784439,
0.866025403784439),(1.,1.),(0.866025403784439,0.866025403784439),(1.,1.),
(0.866025403784439,0.866025403784439),(1.,1.),(0.866025403784439,0.866025403784439),
(1.,1.),(0.866025403784439,0.866025403784439),(1.,1.),(0.866025403784439,
0.866025403784439),(1.,1.),(0.866025403784439,0.866025403784439),(1.,1.),
(0.866025403784439,0.866025403784439),(1.,1.),(0.866025403784439,0.866025403784439),
(1.,1.),(0.866025403784439,0.866025403784439),(1.,1.),(0.866025403784439,
0.866025403784439),(1.,1.),(0.866025403784439,0.866025403784439),(1.,1.),
(0.866025403784439,0.866025403784439),(1.,1.),(0.866025403784439,0.866025403784439),
(1.,1.),(0.866025403784439,0.866025403784439),(1.,1.),(0.866025403784439,
0.866025403784439),(1.,1.),(0.866025403784439,0.866025403784439),(1.,1.),
(0.866025403784439,0.866025403784439),(1.,1.),(0.866025403784439,0.866025403784439),
(1.,1.),(0.866025403784439,0.866025403784439),(1.,1.),(0.866025403784439,
0.866025403784439),(1.,1.),(0.866025403784439,0.866025403784439),(1.,1.),
(0.866025403784439,0.866025403784439),(1.,1.),(0.866025403784439,0.866025403784439),
(1.,1.),(0.866025403784439,0.866025403784439),(1.,1.),(0.866025403784439,
0.866025403784439),(1.,1.),(0.866025403784439,0.866025403784439),(1.,1.),
(0.866025403784439,0.866025403784439),(1.,1.),(0.866025403784439,0.866025403784439),
(1.,1.),(0.866025403784439,0.866025403784439),(1.,1.),(0.866025403784439,
0.866025403784439),(1.,1.),(0.866025403784439,0.866025403784439),(1.,1.),
(0.866025403784439,0.866025403784439),(1.,1.),(0.866025403784439,0.866025403784439),
(1.,1.),(0.866025403784439,0.866025403784439),(1.,1.),(0.866025403784439,
0.866025403784439),(1.,1.),(0.866025403784439,0.866025403784439),(1.,1.),
(0.866025403784439,0.866025403784439),(1.,1.),(0.866025403784439,0.866025403784439),
(1.,1.),(0.866025403784439,0.866025403784439),(1.,1.),(0.866025403784439,
0.866025403784439),(1.,1.),(0.866025403784439,0.866025403784439),(1.,1.),
(0.866025403784439,0.866025403784439),(1.,1.),(0.866025403784439,0.866025403784439),
(1.,1.),(0.866025403784439,0.866025403784439),(1.,1.),(0.866025403784439,
0.866025403784439),(1.,1.),(0.866025403784439,0.866025403784439),(1.,1.),
(0.866025403784439,0.866025403784439),(1.,1.),(0.866025403784439,0.866025403784439),
(1.,1.),(0.866025403784439,0.866025403784439),(1.,1.),(0.866025403784439,
0.866025403784439),(1.,1.),(0.866025403784439,0.866025403784439),(1.,1.),
(0.866025403784439,0.866025403784439),(1.,1.),(0.866025403784439,0.866025403784439),
(1.,1.),(0.866025403784439,0.866025403784439),(1.,1.),(0.866025403784439,
0.866025403784439),(1.,1.),(0.866025403784439,0.866025403784439),(1.,1.),
(0.866025403784439,0.866025403784439),(1.,1.),(0.866025403784439,0.866025403784439),
(1.,1.),(0.866025403784439,0.866025403784439),(1.,1.),(0.866025403784439,
0.866025403784439),(1.,1.),(0.866025403784439,0.866025403784439),(1.,1.),
(0.866025403784439,0.866025403784439),(1.,1.),(0.866025403784439,0.866025403784439),
(1.,1.),(0.866025403784439,0.866025403784439),(1.,1.),(0.866025403784439,
0.866025403784439),(1.,1.),(0.866025403784439,0.866025403784439),(1.,1.),
(0.866025403784439,0.866025403784439),(1.,1.),(0.866025403784439,0.866025403784439),
(1.,1.),(0.866025403784439,0.866025403784439),(1.,1.),(0.866025403784439,
0.866025403784439),(1.,1.),(0.866025403784439,0.866025403784439),(1.,1.),
(0.866025403784439,0.866025403784439),(1.,1.),(0.866025403784439,0.866025403784439),
(1.,1.),(0.866025403784439,0.866025403784439),(1.,1.),(0.866025403784439,
0.866025403784439),(1.,1.),(0.866025403784439,0.866025403784439),(1.,1.),
(0.866025403784439,0.866025403784439),(1.,1.),(0.866025403784439,0.866025403784439),
(1.,1.),(0.866025403784439,0.866025403784439),(1.,1.),(0.866025403784439,
0.866025403784439),(1.,1.),(0.866025403784439,0.866025403784439),(1.,1.),
(0.866025403784439,0.866025403784439),(1.,1.),(0.866025403784439,0.866025403784439),
(1.,1.),(0.866025403784439,0.866025403784439),(1.,1.),(0.866025403784439,
0.866025403784439),(1.,1.),(0.866025403784439,0.866025403784439),(1.,1.),
(0.866025403784439,0.866025403784439),(1.,1.),(0.866025403784439,0.866025403784439),
(1.,1.),(0.866025403784439,0.866025403784439),(1.,1.),(0.866025403784439,
0.866025403784439),(1.,1.),(0.866025403784439,0.866025403784439),(1.,1.),
(0.866025403784439,0.866025403784439),(1.,1.),(0.866025403784439,0.866025403784439),
(1.,1.),(0.866025403784439,0.866025403784439),(1.,1.),(0.866025403784439,
0.866025403784439),(1.,1.),(0.866025403784439,0.866025403784439),(1.,1.),
(0.866025403784439,0.866025403784439),(1.,1.),(0.866025403784439,0.866025403784439),
(1.,1.),(0.866025403784439,0.866025403784439),(1.,1.),(0.866025403784439,
0.866025403784439),(1.,1.),(0.866025403784439,0.866025403784439),(1.,1.),
(0.866025403784439,0.866025403784439),(1.,1.),(0.866025403784439,0.866025403784439),
(1.,1.),(0.866025403784439,0.866025403784439),(1.,1.),(0.866025403784439,
0.866025403784439),(1.,1.),(0.866025403784439,0.866025403784439),(1.,1.),
(0.866025403784439,0.866025403784439),(1.,1.),(0.866025403784439,0.866025403784439),
(1.,1.),(0.866025403784439,0.866025403784439),(1.,1.),(0.866025403784439,
0.866025403784439),(1.,1.),(0.866025403784439,0.866025403784439),(1.,1.),
(0.866025403784439,0.866025403784439),(1.,1.),(0.866025403784439,0.866025403784439),
(1.,1.),(0.866025403784439,0.866025403784439),(1.,1.),(0.866025403784439,
0.866025403784439),(1.,1.),(0.866025403784439,0.866025403784439),(1.,1.),
(0.866025403784439,0.866025403784439),(1.,1.),(0.866025403784439,0.866025403784439),
(1.,1.),(0.866025403784439,0.866025403784439),(1.,1.),(0.866025403784439,
0.866025403784439),(1.,1.),(0.866025403784439,0.866025403784439),(1.,1.),
(0.866025403784439,0.866025403784439),(1.,1.),(0.866025403784439,0.866025403784439),
(1.,1.),(0.866025403784439,0.866025403784439),(1.,1.),(0.866025403784439,
0.866025403784439),(1.,1.),(0.866025403784439,0.866025403784439),(1.,1.),
(0.866025403784439,0.866025403784439),(1.,1.),(0.866025403784439,0.866025403784439),
(1.,1.),(0.866025403784439,0.866025403784439),(1.,1.),(0.866025403784439,
0.866025403784439),(1.,1.),(0.866025403784439,0.866025403784439),(1.,1.),
(0.866025403784439,0.866025403784439),(1.,1.),(0.866025403784439,0.866025403784439),
(1.,1.),(0.866025403784439,0.866025403784439),(1.,1.),(0.866025403784439,
0.866025403784439),(1.,1.),(0.866025403784439,0.866025403784439),(1.,1.),
(0.866025403784439,0.866025403784439),(1.,1.),(0.866025403784439,0.866025403784439),
(1.,1.),(0.866025403784439,0.866025403784439),(1.,1.),(0.866025403784439,
0.866025403784439),(1.,1.),(0.866025403784439,0.866025403784439),(1.,1.),
(0.866025403784439,0.866025403784439),(1.,1.),(0.866025403784439,0.866025403784439),
(1.,1.),(0.866025403784439,0.866025403784439),(1.,1.),(0.866025403784439,
0.866025403784439),(1.,1.),(0.866025403784439,0.866025403784439),(1.,1.),
(0.866025403784439,0.866025403784439),(1.,1.),(0.866025403784439,0.866025403784439),
(1.,1.),(0.866025403784439,0.866025403784439),(1.,1.),(0.866025403784439,
0.866025403784439),(1.,1.),(0.866025403784439,0.866025403784439),(1.,1.),
(0.866025403784439,0.866025403784439),(1.,1.),(0.866025403784439,0.866025403784439),
(1.,1.),(0.866025403784439,0.866025403784439),(1.,1.),(0.866025403784439,
0.866025403784439),(1.,1.),(0.866025403784439,0.866025403784439),(1.,1.),
(0.866025403784439,0.866025403784439),(1.,1.),(0.866025403784439,0.866025403784439),
(1.,1.),(0.866025403784439,0.866025403784439),(1.,1.),(0.866025403784439,
0.866025403784439),(1.,1.),(0.866025403784439,0.866025403784439),(1.,1.),
(0.866025403784439,0.866025403784439),(1.,1.),(0.866025403784439,0.866025403784439),
(1.,1.),(0.866025403784439,0.866025403784439),(1.,1.),(0.866025403784439,
0.866025403784439),(1.,1.),(0.866025403784439,0.866025403784439),(1.,1.),
(0.866025403784439,0.866025403784439),(1.,1.),(0.866025403784439,0.866025403784439),
(1.,1.),(0.866025403784439,0.866025403784439),(1.,1.),(0.866025403784439,
0.866025403784439),(1.,1.),(0.866025403784439,0.866025403784439),(1.,1.),
(0.866025403784439,0.866025403784439),(1.,1.),(0.866025403784439,0.866025403784439),
(1.,1.),(0.866025403784439,0.866025403784439),(1.,1.),(0.866025403784439,
0.866025403784439),(1.,1.),(0.866025403784439,0.866025403784439),(1.,1.),
(0.866025403784439,0.866025403784439),(1.,1.),(0.866025403784439,0.866025403784439),
(1.,1.),(0.866025403784439,0.866025403784439),(1.,1.),(0.866025403784439,
0.866025403784439),(1.,1.),(0.866025403784439,0.866025403784439),(1.,1.),
(0.866025403784439,0.866025403784439),(1.,1.),(0.866025403784439,0.866025403784439),
(1.,1.),(0.866025403784439,0.866025403784439),(1.,1.),(0.866025403784439,
0.866025403784439),(1.,1.),(0.866025403784439,0.866025403784439),(1.,1.),
(0.866025403784439,0.866025403784439),(1.,1.),(0.866025403784439,0.866025403784439),
(1.,1.),(0.866025403784439,0.866025403784439),(1.,1.),(0.866025403784439,
0.866025403784439),(1.,1.),(0.866025403784439,0.866025403784439),(1.,1.),
(0.866025403784439,0.866025403784439),(1.,1.),(0.866025403784439,0.866025403784439),
(1.,1.),(0.866025403784439,0.866025403784439),(1.,1.),(0.866025403784439,
0.866025403784439),(1.,1.),(0.866025403784439,0.866025403784439),(1.,1.),
(0.866025403784439,0.866025403784439),(1.,1.),(0.866025403784439,0.866025403784439),
(1.,1.),(0.866025403784439,0.866025403784439),(1.,1.),(0.866025403784439,
0.866025403784439),(1.,1.),(0.866025403784439,0.866025403784439),(1.,1.),
(0.866025403784439,0.866025403784439),(1.,1.),(0.866025403784439,0.866025403784439),
(1.,1.),(0.866025403784439,0.866025403784439),(1.,1.),(0.866025403784439,
0.866025403784439),(1.,1.),(0.866025403784439,0.866025403784439),(1.,1.),
(0.866025403784439,0.866025403784439),(1.,1.),(0.866025403784439,0.866025403784439),
(1.,1.),(0.866025403784439,0.866025403784439),(1.,1.),(0.866025403784439,
0.866025403784439),(1.,1.),(0.866025403784439,0.866025403784439),(1.,1.),
(0.866025403784439,0.866025403784439),(1.,1.),(0.866025403784439,0.866025403784439),
(1.,1.),(0.866025403784439,0.866025403784439),(1.,1.),(0.866025403784439,
0.866025403784439),(1.,1.),(0.866025403784439,0.866025403784439),(1.,1.),
(0.866025403784439,0.866025403784439),(1.,1.),(0.866025403784439,0.866025403784439),
(1.,1.),(0.866025403784439,0.866025403784439),(1.,1.),(0.866025403784439,
0.866025403784439),(1.,1.),(0.866025403784439,0.866025403784439),(1.,1.),
(0.866025403784439,0.866025403784439),(1.,1.),(0.866025403784439,0.866025403784439),
(1.,1.),(0.866025403784439,0.866025403784439),(1.,1.),(0.866025403784439,
0.866025403784439),(1.,1.),(0.866025403784439,0.866025403784439),(1.,1.),
(0.866025403784439,0.866025403784439),(1.,1.),(0.866025403784439,0.866025403784439),
(1.,1.),(0.866025403784439,0.866025403784439),(1.,1.),(0.866025403784439,
0.866025403784439),(1.,1.),(0.866025403784439,0.866025403784439),(1.,1.),
(0.866025403784439,0.866025403784439),(1.,1.),(0.866025403784439,0.866025403784439),
(1.,1.),(0.866025403784439,0.866025403784439),(1.,1.),(0.866025403784439,
0.866025403784439),(1.,1.),(0.866025403784439,0.866025403784439),(1.,1.),
(0.866025403784439,0.866025403784439),(1.,1.),(0.866025403784439,0.866025403784439),
(1.,1.),(0.866025403784439,0.866025403784439),(1.,1.),(0.866025403784439,
0.866025403784439),(1.,1.),(0.866025403784439,0.866025403784439),(1.,1.),
(0.866025403784439,0.866025403784439),(1.,1.),(0.866025403784439,0.866025403784439),
(1.,1.),(0.866025403784439,0.866025403784439),(1.,1.),(0.866025403784439,
0.866025403784439),(1.,1.),(0.866025403784439,0.866025403784439),(1.,1.),
(0.866025403784439,0.866025403784439),(1.,1.),(0.866025403784439,0.866025403784439),
(1.,1.),(0.866025403784439,0.866025403784439),(1.,1.),(0.866025403784439,
0.866025403784439),(1.,1.),(0.866025403784439,0.866025403784439),(1.,1.),
(0.866025403784439,0.866025403784439),(1.,1.),(0.866025403784439,0.866025403784439),
(1.,1.),(0.866025403784439,0.866025403784439),(1.,1.),(0.866025403784439,
0.866025403784439),(1.,1.),(0.866025403784439,0.866025403784439),(1.,1.),
(0.866025403784439,0.866025403784439),(1.,1.),(0.866025403784439,0.866025403784439),
(1.,1.),(0.866025403784439,0.866025403784439),(1.,1.),(0.866025403784439,
0.866025403784439),(1.,1.),(0.866025403784439,0.866025403784439),(1.,1.),
(0.866025403784439,0.866025403784439),(1.,1.),(0.866025403784439,0.866025403784439),
(1.,1.),(0.866025403784439,0.866025403784439),(1.,1.),(0.866025403784439,
0.866025403784439),(1.,1.),(0.866025403784439,0.866025403784439),(1.,1.)))
REPRESENTATION_ITEM('')
SURFACE()
);
#477=SHAPE_DEFINITION_REPRESENTATION(#478,#495);
#478=PRODUCT_DEFINITION_SHAPE('Document','',#480);
#479=PRODUCT_DEFINITION_CONTEXT('3D Mechanical Parts',#484,'design');
#480=PRODUCT_DEFINITION('A','First version',#481,#479);
#481=PRODUCT_DEFINITION_FORMATION_WITH_SPECIFIED_SOURCE('A',
'First version',#486,.MADE.);
#482=PRODUCT_RELATED_PRODUCT_CATEGORY('tool','tool',(#486));
#483=APPLICATION_PROTOCOL_DEFINITION('Draft International Standard',
'automotive_design',1999,#484);
#484=APPLICATION_CONTEXT(
'data for automotive mechanical design processes');
#485=PRODUCT_CONTEXT('3D Mechanical Parts',#484,'mechanical');
#486=PRODUCT('Document','Document','Rhino converted to STEP',(#485));
#487=(
LENGTH_UNIT()
NAMED_UNIT(*)
SI_UNIT(.MILLI.,.METRE.)
);
#488=(
NAMED_UNIT(*)
PLANE_ANGLE_UNIT()
SI_UNIT($,.RADIAN.)
);
#489=DIMENSIONAL_EXPONENTS(0.,0.,0.,0.,0.,0.,0.);
#490=PLANE_ANGLE_MEASURE_WITH_UNIT(PLANE_ANGLE_MEASURE(0.01745329252),#488);
#491=(
CONVERSION_BASED_UNIT('DEGREES',#490)
NAMED_UNIT(#489)
PLANE_ANGLE_UNIT()
);
#492=(
NAMED_UNIT(*)
SI_UNIT($,.STERADIAN.)
SOLID_ANGLE_UNIT()
);
#493=UNCERTAINTY_MEASURE_WITH_UNIT(LENGTH_MEASURE(0.001),#487,
'DISTANCE_ACCURACY_VALUE',
'Maximum model space distance between geometric entities at asserted c
onnectivities');
#494=(
GEOMETRIC_REPRESENTATION_CONTEXT(3)
GLOBAL_UNCERTAINTY_ASSIGNED_CONTEXT((#493))
GLOBAL_UNIT_ASSIGNED_CONTEXT((#492,#491,#487))
REPRESENTATION_CONTEXT('ID1','3D')
);
#495=SHAPE_REPRESENTATION('Document',(#496,#501),#494);
#496=AXIS2_PLACEMENT_3D('',#510,#502,#503);
#497=AXIS2_PLACEMENT_3D('',#529,#504,$);
#498=AXIS2_PLACEMENT_3D('',#530,#505,$);
#499=AXIS2_PLACEMENT_3D('',#585,#506,$);
#500=AXIS2_PLACEMENT_3D('',#622,#507,$);
#501=AXIS2_PLACEMENT_3D('',#5562,#508,#509);
#502=DIRECTION('',(0.,0.,1.));
#503=DIRECTION('',(1.,0.,0.));
#504=DIRECTION('',(0.,0.,1.));
#505=DIRECTION('',(0.,0.,-1.));
#506=DIRECTION('',(0.,0.,-1.));
#507=DIRECTION('',(0.,0.,1.));
#508=DIRECTION('',(0.,0.,1.));
#509=DIRECTION('',(1.,0.,0.));
#510=CARTESIAN_POINT('',(0.,0.,0.));
#511=CARTESIAN_POINT('',(77.45,-2.29352885430105E-9,1.8));
#512=CARTESIAN_POINT('',(77.6499999998593,1.31683130111943E-16,2.));
#513=CARTESIAN_POINT('',(77.4500000022935,-2.55000000229353,1.8));
#514=CARTESIAN_POINT('',(77.6499999998593,-2.3500000001407,2.));
#515=CARTESIAN_POINT('',(80.0000000022935,-2.55,1.8));
#516=CARTESIAN_POINT('',(80.,-2.3500000001407,2.));
#517=CARTESIAN_POINT('',(82.5500000022935,-2.54999999770647,1.8));
#518=CARTESIAN_POINT('',(82.3500000001407,-2.3500000001407,2.));
#519=CARTESIAN_POINT('',(82.55,2.29352854201612E-9,1.8));
#520=CARTESIAN_POINT('',(82.3500000001407,-4.19475127928801E-16,2.));
#521=CARTESIAN_POINT('',(82.5499999977065,2.55000000229353,1.8));
#522=CARTESIAN_POINT('',(82.3500000001407,2.3500000001407,2.));
#523=CARTESIAN_POINT('',(79.9999999977065,2.55,1.8));
#524=CARTESIAN_POINT('',(80.,2.3500000001407,2.));
#525=CARTESIAN_POINT('',(77.4499999977065,2.54999999770647,1.8));
#526=CARTESIAN_POINT('',(77.6499999998593,2.3500000001407,2.));
#527=CARTESIAN_POINT('',(77.45,-2.29352885430105E-9,1.8));
#528=CARTESIAN_POINT('',(77.6499999998593,1.31683130111943E-16,2.));
#529=CARTESIAN_POINT('',(77.6029999998565,-2.39700000014351,2.));
#530=CARTESIAN_POINT('',(83.072,-3.072,-1.15619630322869E-15));
#531=CARTESIAN_POINT('',(78.25,0.,-1.552));
#532=CARTESIAN_POINT('',(78.25,0.,0.152000000000001));
#533=CARTESIAN_POINT('',(78.25,-1.75,-1.552));
#534=CARTESIAN_POINT('',(78.25,-1.75,0.152000000000001));
#535=CARTESIAN_POINT('',(80.,-1.75,-1.552));
#536=CARTESIAN_POINT('',(80.,-1.75,0.152000000000001));
#537=CARTESIAN_POINT('',(81.75,-1.75,-1.552));
#538=CARTESIAN_POINT('',(81.75,-1.75,0.152000000000001));
#539=CARTESIAN_POINT('',(81.75,-2.14313189850787E-16,-1.552));
#540=CARTESIAN_POINT('',(81.75,-2.14313189850787E-16,0.152000000000001));
#541=CARTESIAN_POINT('',(81.75,1.75,-1.552));
#542=CARTESIAN_POINT('',(81.75,1.75,0.152000000000001));
#543=CARTESIAN_POINT('',(80.,1.75,-1.552));
#544=CARTESIAN_POINT('',(80.,1.75,0.152000000000001));
#545=CARTESIAN_POINT('',(78.25,1.75,-1.552));
#546=CARTESIAN_POINT('',(78.25,1.75,0.152000000000001));
#547=CARTESIAN_POINT('',(78.25,0.,-1.552));
#548=CARTESIAN_POINT('',(78.25,0.,0.152000000000001));
#549=CARTESIAN_POINT('',(77.45,-2.29352885430105E-9,0.2));
#550=CARTESIAN_POINT('',(77.6499999998593,1.31682283078995E-16,1.38777878078145E-16));
#551=CARTESIAN_POINT('',(77.4499999977065,2.54999999770647,0.2));
#552=CARTESIAN_POINT('',(77.6499999998593,2.3500000001407,1.38777878078145E-16));
#553=CARTESIAN_POINT('',(79.9999999977065,2.55,0.2));
#554=CARTESIAN_POINT('',(80.,2.3500000001407,1.38777878078145E-16));
#555=CARTESIAN_POINT('',(82.5499999977065,2.55000000229353,0.2));
#556=CARTESIAN_POINT('',(82.3500000001407,2.3500000001407,1.38777878078145E-16));
#557=CARTESIAN_POINT('',(82.55,2.29352916658598E-9,0.2));
#558=CARTESIAN_POINT('',(82.3500000001407,1.56109714737863E-16,1.38777878078145E-16));
#559=CARTESIAN_POINT('',(82.5500000022935,-2.54999999770647,0.2));
#560=CARTESIAN_POINT('',(82.3500000001407,-2.3500000001407,1.38777878078145E-16));
#561=CARTESIAN_POINT('',(80.0000000022935,-2.55,0.2));
#562=CARTESIAN_POINT('',(80.,-2.3500000001407,1.38777878078145E-16));
#563=CARTESIAN_POINT('',(77.4500000022935,-2.55000000229353,0.2));
#564=CARTESIAN_POINT('',(77.6499999998593,-2.3500000001407,1.38777878078145E-16));
#565=CARTESIAN_POINT('',(77.45,-2.29352885430105E-9,0.2));
#566=CARTESIAN_POINT('',(77.6499999998593,1.31682283078995E-16,1.38777878078145E-16));
#567=CARTESIAN_POINT('',(78.25,-1.5739903902066E-9,-1.2));
#568=CARTESIAN_POINT('',(78.4499999999072,8.26860857615439E-17,-1.4));
#569=CARTESIAN_POINT('',(78.249999998426,1.74999999842601,-1.2));
#570=CARTESIAN_POINT('',(78.4499999999072,1.55000000009279,-1.4));
#571=CARTESIAN_POINT('',(79.999999998426,1.75,-1.2));
#572=CARTESIAN_POINT('',(80.,1.55000000009279,-1.4));
#573=CARTESIAN_POINT('',(81.749999998426,1.75000000157399,-1.2));
#574=CARTESIAN_POINT('',(81.5500000000928,1.55000000009279,-1.4));
#575=CARTESIAN_POINT('',(81.75,1.57399060451979E-9,-1.2));
#576=CARTESIAN_POINT('',(81.5500000000928,1.0713416811766E-16,-1.4));
#577=CARTESIAN_POINT('',(81.750000001574,-1.74999999842601,-1.2));
#578=CARTESIAN_POINT('',(81.5500000000928,-1.55000000009279,-1.4));
#579=CARTESIAN_POINT('',(80.000000001574,-1.75,-1.2));
#580=CARTESIAN_POINT('',(80.,-1.55000000009279,-1.4));
#581=CARTESIAN_POINT('',(78.250000001574,-1.75000000157399,-1.2));
#582=CARTESIAN_POINT('',(78.4499999999072,-1.55000000009279,-1.4));
#583=CARTESIAN_POINT('',(78.25,-1.5739903902066E-9,-1.2));
#584=CARTESIAN_POINT('',(78.4499999999072,8.26860857615439E-17,-1.4));
#585=CARTESIAN_POINT('',(78.4189999999054,1.58100000009466,-1.4));
#586=CARTESIAN_POINT('',(77.45,0.,-1.012));
#587=CARTESIAN_POINT('',(77.45,0.,11.012));
#588=CARTESIAN_POINT('',(77.45,-2.55,-1.012));
#589=CARTESIAN_POINT('',(77.45,-2.55,11.012));
#590=CARTESIAN_POINT('',(80.,-2.55,-1.012));
#591=CARTESIAN_POINT('',(80.,-2.55,11.012));
#592=CARTESIAN_POINT('',(82.55,-2.55,-1.012));
#593=CARTESIAN_POINT('',(82.55,-2.55,11.012));
#594=CARTESIAN_POINT('',(82.55,-3.12284933782575E-16,-1.012));
#595=CARTESIAN_POINT('',(82.55,-3.12284933782575E-16,11.012));
#596=CARTESIAN_POINT('',(82.55,2.55,-1.012));
#597=CARTESIAN_POINT('',(82.55,2.55,11.012));
#598=CARTESIAN_POINT('',(80.,2.55,-1.012));
#599=CARTESIAN_POINT('',(80.,2.55,11.012));
#600=CARTESIAN_POINT('',(77.45,2.55,-1.012));
#601=CARTESIAN_POINT('',(77.45,2.55,11.012));
#602=CARTESIAN_POINT('',(77.45,0.,-1.012));
#603=CARTESIAN_POINT('',(77.45,0.,11.012));
#604=CARTESIAN_POINT('',(81.,-3.67394039744206E-16,1.7));
#605=CARTESIAN_POINT('',(81.,1.,1.7));
#606=CARTESIAN_POINT('',(80.,1.,1.7));
#607=CARTESIAN_POINT('',(79.,1.,1.7));
#608=CARTESIAN_POINT('',(79.,-2.44929359829471E-16,1.7));
#609=CARTESIAN_POINT('',(79.,-1.,1.7));
#610=CARTESIAN_POINT('',(80.,-1.,1.7));
#611=CARTESIAN_POINT('',(81.,-1.,1.7));
#612=CARTESIAN_POINT('',(81.,-3.67394039744206E-16,1.7));
#613=CARTESIAN_POINT('',(83.,-3.67394039744206E-16,3.7));
#614=CARTESIAN_POINT('',(83.,3.,3.7));
#615=CARTESIAN_POINT('',(80.,3.,3.7));
#616=CARTESIAN_POINT('',(77.,3.,3.7));
#617=CARTESIAN_POINT('',(77.,0.,3.7));
#618=CARTESIAN_POINT('',(77.,-3.,3.7));
#619=CARTESIAN_POINT('',(80.,-3.,3.7));
#620=CARTESIAN_POINT('',(83.,-3.,3.7));
#621=CARTESIAN_POINT('',(83.,-3.67394039744206E-16,3.7));
#622=CARTESIAN_POINT('',(79.,1.,1.7));
#623=CARTESIAN_POINT('',(80.,0.,-0.0050627819998974));
#624=CARTESIAN_POINT('',(80.,0.,-0.0050627819998974));
#625=CARTESIAN_POINT('',(80.,0.,-0.0050627819998974));
#626=CARTESIAN_POINT('',(80.,0.,-0.0050627819998974));
#627=CARTESIAN_POINT('',(80.,0.,-0.0050627819998974));
#628=CARTESIAN_POINT('',(80.,0.,-0.0050627819998974));
#629=CARTESIAN_POINT('',(80.,0.,-0.0050627819998974));
#630=CARTESIAN_POINT('',(80.,0.,-0.0050627819998974));
#631=CARTESIAN_POINT('',(80.,0.,-0.0050627819998974));
#632=CARTESIAN_POINT('',(80.,1.43099190181034,-1.53961372180001));
#633=CARTESIAN_POINT('',(81.4309919018103,1.43099190181034,-1.53961372180001));
#634=CARTESIAN_POINT('',(81.4309919018103,8.76229826078906E-17,-1.53961372180001));
#635=CARTESIAN_POINT('',(81.4309919018103,-1.43099190181034,-1.53961372180001));
#636=CARTESIAN_POINT('',(80.,-1.43099190181034,-1.53961372180001));
#637=CARTESIAN_POINT('',(78.5690080981897,-1.43099190181034,-1.53961372180001));
#638=CARTESIAN_POINT('',(78.5690080981897,-2.62868947823672E-16,-1.53961372180001));
#639=CARTESIAN_POINT('',(78.5690080981897,1.43099190181034,-1.53961372180001));
#640=CARTESIAN_POINT('',(80.,1.43099190181034,-1.53961372180001));
#641=CARTESIAN_POINT('',(80.,0.,-0.0050627819998974));
#642=CARTESIAN_POINT('',(80.,0.,-0.0050627819998974));
#643=CARTESIAN_POINT('',(80.,0.,-0.0050627819998974));
#644=CARTESIAN_POINT('',(80.,0.,-0.0050627819998974));
#645=CARTESIAN_POINT('',(80.,0.,-0.0050627819998974));
#646=CARTESIAN_POINT('',(80.,0.,-0.0050627819998974));
#647=CARTESIAN_POINT('',(80.,0.,-0.0050627819998974));
#648=CARTESIAN_POINT('',(80.,0.,-0.0050627819998974));
#649=CARTESIAN_POINT('',(80.,0.,-0.0050627819998974));
#650=CARTESIAN_POINT('',(80.,-1.43099190181034,-1.53961372180001));
#651=CARTESIAN_POINT('',(78.5690080981897,-1.43099190181034,-1.53961372180001));
#652=CARTESIAN_POINT('',(78.5690080981897,-8.76229826078906E-17,-1.53961372180001));
#653=CARTESIAN_POINT('',(78.5690080981897,1.43099190181034,-1.53961372180001));
#654=CARTESIAN_POINT('',(80.,1.43099190181034,-1.53961372180001));
#655=CARTESIAN_POINT('',(81.4309919018103,1.43099190181034,-1.53961372180001));
#656=CARTESIAN_POINT('',(81.4309919018103,2.62868947823672E-16,-1.53961372180001));
#657=CARTESIAN_POINT('',(81.4309919018103,-1.43099190181034,-1.53961372180001));
#658=CARTESIAN_POINT('',(80.,-1.43099190181034,-1.53961372180001));
#659=CARTESIAN_POINT('',(80.,0.879774139882153,-0.685744999999994));
#660=CARTESIAN_POINT('',(79.1202258601178,0.879774139882153,-0.685744999999994));
#661=CARTESIAN_POINT('',(79.1202258601178,5.38706292189647E-17,-0.685744999999994));
#662=CARTESIAN_POINT('',(79.1202258601178,-0.879774139882152,-0.685744999999994));
#663=CARTESIAN_POINT('',(80.,-0.879774139882153,-0.685744999999994));
#664=CARTESIAN_POINT('',(80.8797741398822,-0.879774139882153,-0.685744999999994));
#665=CARTESIAN_POINT('',(80.8797741398822,-1.61611887656894E-16,-0.685744999999994));
#666=CARTESIAN_POINT('',(80.8797741398822,0.879774139882152,-0.685744999999994));
#667=CARTESIAN_POINT('',(80.,0.879774139882153,-0.685744999999994));
#668=CARTESIAN_POINT('',(80.,0.879774139882153,-0.348005000000005));
#669=CARTESIAN_POINT('',(79.1202258601178,0.879774139882153,-0.348005000000005));
#670=CARTESIAN_POINT('',(79.1202258601178,5.38706292189647E-17,-0.348005000000005));
#671=CARTESIAN_POINT('',(79.1202258601178,-0.879774139882152,-0.348005000000005));
#672=CARTESIAN_POINT('',(80.,-0.879774139882153,-0.348005000000005));
#673=CARTESIAN_POINT('',(80.8797741398822,-0.879774139882153,-0.348005000000005));
#674=CARTESIAN_POINT('',(80.8797741398822,-1.61611887656894E-16,-0.348005000000005));
#675=CARTESIAN_POINT('',(80.8797741398822,0.879774139882152,-0.348005000000005));
#676=CARTESIAN_POINT('',(80.,0.879774139882153,-0.348005000000005));
#677=CARTESIAN_POINT('',(80.,0.879774139882153,-0.235744999999999));
#678=CARTESIAN_POINT('',(79.1202258601178,0.879774139882153,-0.235744999999999));
#679=CARTESIAN_POINT('',(79.1202258601178,5.38706292189647E-17,-0.235744999999999));
#680=CARTESIAN_POINT('',(79.1202258601178,-0.879774139882152,-0.235744999999999));
#681=CARTESIAN_POINT('',(80.,-0.879774139882153,-0.235744999999999));
#682=CARTESIAN_POINT('',(80.8797741398822,-0.879774139882153,-0.235744999999999));
#683=CARTESIAN_POINT('',(80.8797741398822,-1.61611887656894E-16,-0.235744999999999));
#684=CARTESIAN_POINT('',(80.8797741398822,0.879774139882152,-0.235744999999999));
#685=CARTESIAN_POINT('',(80.,0.879774139882153,-0.235744999999999));
#686=CARTESIAN_POINT('',(80.,0.879774139882153,0.101994999999998));
#687=CARTESIAN_POINT('',(79.1202258601178,0.879774139882153,0.101994999999998));
#688=CARTESIAN_POINT('',(79.1202258601178,5.38706292189647E-17,0.101994999999998));
#689=CARTESIAN_POINT('',(79.1202258601178,-0.879774139882152,0.101994999999998));
#690=CARTESIAN_POINT('',(80.,-0.879774139882153,0.101994999999998));
#691=CARTESIAN_POINT('',(80.8797741398822,-0.879774139882153,0.101994999999998));
#692=CARTESIAN_POINT('',(80.8797741398822,-1.61611887656894E-16,0.101994999999998));
#693=CARTESIAN_POINT('',(80.8797741398822,0.879774139882152,0.101994999999998));
#694=CARTESIAN_POINT('',(80.,0.879774139882153,0.101994999999998));
#695=CARTESIAN_POINT('',(80.,0.879774139882153,0.214255000000001));
#696=CARTESIAN_POINT('',(79.1202258601178,0.879774139882153,0.214255000000001));
#697=CARTESIAN_POINT('',(79.1202258601178,5.38706292189647E-17,0.214255000000001));
#698=CARTESIAN_POINT('',(79.1202258601178,-0.879774139882152,0.214255000000001));
#699=CARTESIAN_POINT('',(80.,-0.879774139882153,0.214255000000001));
#700=CARTESIAN_POINT('',(80.8797741398822,-0.879774139882153,0.214255000000001));
#701=CARTESIAN_POINT('',(80.8797741398822,-1.61611887656894E-16,0.214255000000001));
#702=CARTESIAN_POINT('',(80.8797741398822,0.879774139882152,0.214255000000001));
#703=CARTESIAN_POINT('',(80.,0.879774139882153,0.214255000000001));
#704=CARTESIAN_POINT('',(80.,0.879774139882153,0.551994999999997));
#705=CARTESIAN_POINT('',(79.1202258601178,0.879774139882153,0.551994999999997));
#706=CARTESIAN_POINT('',(79.1202258601178,5.38706292189647E-17,0.551994999999997));
#707=CARTESIAN_POINT('',(79.1202258601178,-0.879774139882152,0.551994999999997));
#708=CARTESIAN_POINT('',(80.,-0.879774139882153,0.551994999999997));
#709=CARTESIAN_POINT('',(80.8797741398822,-0.879774139882153,0.551994999999997));
#710=CARTESIAN_POINT('',(80.8797741398822,-1.61611887656894E-16,0.551994999999997));
#711=CARTESIAN_POINT('',(80.8797741398822,0.879774139882152,0.551994999999997));
#712=CARTESIAN_POINT('',(80.,0.879774139882153,0.551994999999997));
#713=CARTESIAN_POINT('',(80.,0.879774139882153,0.664255000000003));
#714=CARTESIAN_POINT('',(79.1202258601178,0.879774139882153,0.664255000000003));
#715=CARTESIAN_POINT('',(79.1202258601178,5.38706292189647E-17,0.664255000000003));
#716=CARTESIAN_POINT('',(79.1202258601178,-0.879774139882152,0.664255000000003));
#717=CARTESIAN_POINT('',(80.,-0.879774139882153,0.664255000000003));
#718=CARTESIAN_POINT('',(80.8797741398822,-0.879774139882153,0.664255000000003));
#719=CARTESIAN_POINT('',(80.8797741398822,-1.61611887656894E-16,0.664255000000003));
#720=CARTESIAN_POINT('',(80.8797741398822,0.879774139882152,0.664255000000003));
#721=CARTESIAN_POINT('',(80.,0.879774139882153,0.664255000000003));
#722=CARTESIAN_POINT('',(80.,0.879774139882153,1.001995));
#723=CARTESIAN_POINT('',(79.1202258601178,0.879774139882153,1.001995));
#724=CARTESIAN_POINT('',(79.1202258601178,5.38706292189647E-17,1.001995));
#725=CARTESIAN_POINT('',(79.1202258601178,-0.879774139882152,1.001995));
#726=CARTESIAN_POINT('',(80.,-0.879774139882153,1.001995));
#727=CARTESIAN_POINT('',(80.8797741398822,-0.879774139882153,1.001995));
#728=CARTESIAN_POINT('',(80.8797741398822,-1.61611887656894E-16,1.001995));
#729=CARTESIAN_POINT('',(80.8797741398822,0.879774139882152,1.001995));
#730=CARTESIAN_POINT('',(80.,0.879774139882153,1.001995));
#731=CARTESIAN_POINT('',(80.,0.879774139882153,1.114255));
#732=CARTESIAN_POINT('',(79.1202258601178,0.879774139882153,1.114255));
#733=CARTESIAN_POINT('',(79.1202258601178,5.38706292189647E-17,1.114255));
#734=CARTESIAN_POINT('',(79.1202258601178,-0.879774139882152,1.114255));
#735=CARTESIAN_POINT('',(80.,-0.879774139882153,1.114255));
#736=CARTESIAN_POINT('',(80.8797741398822,-0.879774139882153,1.114255));
#737=CARTESIAN_POINT('',(80.8797741398822,-1.61611887656894E-16,1.114255));
#738=CARTESIAN_POINT('',(80.8797741398822,0.879774139882152,1.114255));
#739=CARTESIAN_POINT('',(80.,0.879774139882153,1.114255));
#740=CARTESIAN_POINT('',(80.,0.879774139882153,1.451995));
#741=CARTESIAN_POINT('',(79.1202258601178,0.879774139882153,1.451995));
#742=CARTESIAN_POINT('',(79.1202258601178,5.38706292189647E-17,1.451995));
#743=CARTESIAN_POINT('',(79.1202258601178,-0.879774139882152,1.451995));
#744=CARTESIAN_POINT('',(80.,-0.879774139882153,1.451995));
#745=CARTESIAN_POINT('',(80.8797741398822,-0.879774139882153,1.451995));
#746=CARTESIAN_POINT('',(80.8797741398822,-1.61611887656894E-16,1.451995));
#747=CARTESIAN_POINT('',(80.8797741398822,0.879774139882152,1.451995));
#748=CARTESIAN_POINT('',(80.,0.879774139882153,1.451995));
#749=CARTESIAN_POINT('',(80.,-0.879774139882153,-0.910744999999996));
#750=CARTESIAN_POINT('',(80.8797741398822,-0.879774139882153,-0.910744999999996));
#751=CARTESIAN_POINT('',(80.8797741398822,-5.38706292189647E-17,-0.910744999999996));
#752=CARTESIAN_POINT('',(80.8797741398822,0.879774139882152,-0.910744999999996));
#753=CARTESIAN_POINT('',(80.,0.879774139882153,-0.910744999999996));
#754=CARTESIAN_POINT('',(79.1202258601178,0.879774139882153,-0.910744999999996));
#755=CARTESIAN_POINT('',(79.1202258601178,1.61611887656894E-16,-0.910744999999996));
#756=CARTESIAN_POINT('',(79.1202258601178,-0.879774139882152,-0.910744999999996));
#757=CARTESIAN_POINT('',(80.,-0.879774139882153,-0.910744999999996));
#758=CARTESIAN_POINT('',(80.,-0.879774139882153,-0.573005000000003));
#759=CARTESIAN_POINT('',(80.8797741398822,-0.879774139882153,-0.573005000000003));
#760=CARTESIAN_POINT('',(80.8797741398822,-5.38706292189647E-17,-0.573005000000003));
#761=CARTESIAN_POINT('',(80.8797741398822,0.879774139882152,-0.573005000000003));
#762=CARTESIAN_POINT('',(80.,0.879774139882153,-0.573005000000003));
#763=CARTESIAN_POINT('',(79.1202258601178,0.879774139882153,-0.573005000000003));
#764=CARTESIAN_POINT('',(79.1202258601178,1.61611887656894E-16,-0.573005000000003));
#765=CARTESIAN_POINT('',(79.1202258601178,-0.879774139882152,-0.573005000000003));
#766=CARTESIAN_POINT('',(80.,-0.879774139882153,-0.573005000000003));
#767=CARTESIAN_POINT('',(80.,-0.879774139882153,-0.460744999999993));
#768=CARTESIAN_POINT('',(80.8797741398822,-0.879774139882153,-0.460744999999993));
#769=CARTESIAN_POINT('',(80.8797741398822,-5.38706292189647E-17,-0.460744999999993));
#770=CARTESIAN_POINT('',(80.8797741398822,0.879774139882152,-0.460744999999993));
#771=CARTESIAN_POINT('',(80.,0.879774139882153,-0.460744999999993));
#772=CARTESIAN_POINT('',(79.1202258601178,0.879774139882153,-0.460744999999993));
#773=CARTESIAN_POINT('',(79.1202258601178,1.61611887656894E-16,-0.460744999999993));
#774=CARTESIAN_POINT('',(79.1202258601178,-0.879774139882152,-0.460744999999993));
#775=CARTESIAN_POINT('',(80.,-0.879774139882153,-0.460744999999993));
#776=CARTESIAN_POINT('',(80.,-0.879774139882153,-0.123005));
#777=CARTESIAN_POINT('',(80.8797741398822,-0.879774139882153,-0.123005));
#778=CARTESIAN_POINT('',(80.8797741398822,-5.38706292189647E-17,-0.123005));
#779=CARTESIAN_POINT('',(80.8797741398822,0.879774139882152,-0.123005));
#780=CARTESIAN_POINT('',(80.,0.879774139882153,-0.123005));
#781=CARTESIAN_POINT('',(79.1202258601178,0.879774139882153,-0.123005));
#782=CARTESIAN_POINT('',(79.1202258601178,1.61611887656894E-16,-0.123005));
#783=CARTESIAN_POINT('',(79.1202258601178,-0.879774139882152,-0.123005));
#784=CARTESIAN_POINT('',(80.,-0.879774139882153,-0.123005));
#785=CARTESIAN_POINT('',(80.,-0.879774139882153,-0.0107449999999902));
#786=CARTESIAN_POINT('',(80.8797741398822,-0.879774139882153,-0.0107449999999902));
#787=CARTESIAN_POINT('',(80.8797741398822,-5.38706292189647E-17,-0.0107449999999902));
#788=CARTESIAN_POINT('',(80.8797741398822,0.879774139882152,-0.0107449999999902));
#789=CARTESIAN_POINT('',(80.,0.879774139882153,-0.0107449999999902));
#790=CARTESIAN_POINT('',(79.1202258601178,0.879774139882153,-0.0107449999999902));
#791=CARTESIAN_POINT('',(79.1202258601178,1.61611887656894E-16,-0.0107449999999902));
#792=CARTESIAN_POINT('',(79.1202258601178,-0.879774139882152,-0.0107449999999902));
#793=CARTESIAN_POINT('',(80.,-0.879774139882153,-0.0107449999999902));
#794=CARTESIAN_POINT('',(80.,-0.879774139882153,0.326994999999999));
#795=CARTESIAN_POINT('',(80.8797741398822,-0.879774139882153,0.326994999999999));
#796=CARTESIAN_POINT('',(80.8797741398822,-5.38706292189647E-17,0.326994999999999));
#797=CARTESIAN_POINT('',(80.8797741398822,0.879774139882152,0.326994999999999));
#798=CARTESIAN_POINT('',(80.,0.879774139882153,0.326994999999999));
#799=CARTESIAN_POINT('',(79.1202258601178,0.879774139882153,0.326994999999999));
#800=CARTESIAN_POINT('',(79.1202258601178,1.61611887656894E-16,0.326994999999999));
#801=CARTESIAN_POINT('',(79.1202258601178,-0.879774139882152,0.326994999999999));
#802=CARTESIAN_POINT('',(80.,-0.879774139882153,0.326994999999999));
#803=CARTESIAN_POINT('',(80.,-0.879774139882153,0.439255000000002));
#804=CARTESIAN_POINT('',(80.8797741398822,-0.879774139882153,0.439255000000002));
#805=CARTESIAN_POINT('',(80.8797741398822,-5.38706292189647E-17,0.439255000000002));
#806=CARTESIAN_POINT('',(80.8797741398822,0.879774139882152,0.439255000000002));
#807=CARTESIAN_POINT('',(80.,0.879774139882153,0.439255000000002));
#808=CARTESIAN_POINT('',(79.1202258601178,0.879774139882153,0.439255000000002));
#809=CARTESIAN_POINT('',(79.1202258601178,1.61611887656894E-16,0.439255000000002));
#810=CARTESIAN_POINT('',(79.1202258601178,-0.879774139882152,0.439255000000002));
#811=CARTESIAN_POINT('',(80.,-0.879774139882153,0.439255000000002));
#812=CARTESIAN_POINT('',(80.,-0.879774139882153,0.776994999999995));
#813=CARTESIAN_POINT('',(80.8797741398822,-0.879774139882153,0.776994999999995));
#814=CARTESIAN_POINT('',(80.8797741398822,-5.38706292189647E-17,0.776994999999995));
#815=CARTESIAN_POINT('',(80.8797741398822,0.879774139882152,0.776994999999995));
#816=CARTESIAN_POINT('',(80.,0.879774139882153,0.776994999999995));
#817=CARTESIAN_POINT('',(79.1202258601178,0.879774139882153,0.776994999999995));
#818=CARTESIAN_POINT('',(79.1202258601178,1.61611887656894E-16,0.776994999999995));
#819=CARTESIAN_POINT('',(79.1202258601178,-0.879774139882152,0.776994999999995));
#820=CARTESIAN_POINT('',(80.,-0.879774139882153,0.776994999999995));
#821=CARTESIAN_POINT('',(80.,-0.879774139882153,0.889255000000001));
#822=CARTESIAN_POINT('',(80.8797741398822,-0.879774139882153,0.889255000000001));
#823=CARTESIAN_POINT('',(80.8797741398822,-5.38706292189647E-17,0.889255000000001));
#824=CARTESIAN_POINT('',(80.8797741398822,0.879774139882152,0.889255000000001));
#825=CARTESIAN_POINT('',(80.,0.879774139882153,0.889255000000001));
#826=CARTESIAN_POINT('',(79.1202258601178,0.879774139882153,0.889255000000001));
#827=CARTESIAN_POINT('',(79.1202258601178,1.61611887656894E-16,0.889255000000001));
#828=CARTESIAN_POINT('',(79.1202258601178,-0.879774139882152,0.889255000000001));
#829=CARTESIAN_POINT('',(80.,-0.879774139882153,0.889255000000001));
#830=CARTESIAN_POINT('',(80.,-0.879774139882153,1.226995));
#831=CARTESIAN_POINT('',(80.8797741398822,-0.879774139882153,1.226995));
#832=CARTESIAN_POINT('',(80.8797741398822,-5.38706292189647E-17,1.226995));
#833=CARTESIAN_POINT('',(80.8797741398822,0.879774139882152,1.226995));
#834=CARTESIAN_POINT('',(80.,0.879774139882153,1.226995));
#835=CARTESIAN_POINT('',(79.1202258601178,0.879774139882153,1.226995));
#836=CARTESIAN_POINT('',(79.1202258601178,1.61611887656894E-16,1.226995));
#837=CARTESIAN_POINT('',(79.1202258601178,-0.879774139882152,1.226995));
#838=CARTESIAN_POINT('',(80.,-0.879774139882153,1.226995));
#839=CARTESIAN_POINT('',(80.,-0.879774139882153,1.339255));
#840=CARTESIAN_POINT('',(80.8797741398822,-0.879774139882153,1.339255));
#841=CARTESIAN_POINT('',(80.8797741398822,-5.38706292189647E-17,1.339255));
#842=CARTESIAN_POINT('',(80.8797741398822,0.879774139882152,1.339255));
#843=CARTESIAN_POINT('',(80.,0.879774139882153,1.339255));
#844=CARTESIAN_POINT('',(79.1202258601178,0.879774139882153,1.339255));
#845=CARTESIAN_POINT('',(79.1202258601178,1.61611887656894E-16,1.339255));
#846=CARTESIAN_POINT('',(79.1202258601178,-0.879774139882152,1.339255));
#847=CARTESIAN_POINT('',(80.,-0.879774139882153,1.339255));
#848=CARTESIAN_POINT('',(80.,-0.879774139882153,1.676995));
#849=CARTESIAN_POINT('',(80.8797741398822,-0.879774139882153,1.676995));
#850=CARTESIAN_POINT('',(80.8797741398822,-5.38706292189647E-17,1.676995));
#851=CARTESIAN_POINT('',(80.8797741398822,0.879774139882152,1.676995));
#852=CARTESIAN_POINT('',(80.,0.879774139882153,1.676995));
#853=CARTESIAN_POINT('',(79.1202258601178,0.879774139882153,1.676995));
#854=CARTESIAN_POINT('',(79.1202258601178,1.61611887656894E-16,1.676995));
#855=CARTESIAN_POINT('',(79.1202258601178,-0.879774139882152,1.676995));
#856=CARTESIAN_POINT('',(80.,-0.879774139882153,1.676995));
#857=CARTESIAN_POINT('',(79.1202258601178,0.,-0.960850545649437));
#858=CARTESIAN_POINT('',(79.1202258601178,-0.879774139882158,-0.960850545649437));
#859=CARTESIAN_POINT('',(80.,-0.879774139882159,-0.960850545649437));
#860=CARTESIAN_POINT('',(80.8797741398822,-0.879774139882158,-0.960850545649437));
#861=CARTESIAN_POINT('',(80.8797741398822,-1.0774125843793E-16,-0.960850545649437));
#862=CARTESIAN_POINT('',(80.8797741398822,0.879774139882158,-0.960850545649437));
#863=CARTESIAN_POINT('',(80.,0.879774139882159,-0.960850545649437));
#864=CARTESIAN_POINT('',(79.1202258601178,0.879774139882158,-0.960850545649437));
#865=CARTESIAN_POINT('',(79.1202258601178,0.,-0.960850545649437));
#866=CARTESIAN_POINT('',(79.1202258601178,0.,-0.813904495850047));
#867=CARTESIAN_POINT('',(79.1202258601178,-0.879774139882158,-0.813904495850047));
#868=CARTESIAN_POINT('',(80.,-0.879774139882159,-0.813904495850047));
#869=CARTESIAN_POINT('',(80.8797741398822,-0.879774139882158,-0.813904495850047));
#870=CARTESIAN_POINT('',(80.8797741398822,-1.0774125843793E-16,-0.813904495850047));
#871=CARTESIAN_POINT('',(80.8797741398822,0.879774139882158,-0.813904495850047));
#872=CARTESIAN_POINT('',(80.,0.879774139882159,-0.813904495850047));
#873=CARTESIAN_POINT('',(79.1202258601178,0.879774139882158,-0.813904495850047));
#874=CARTESIAN_POINT('',(79.1202258601178,0.,-0.813904495850047));
#875=CARTESIAN_POINT('',(80.,0.,-0.0050627819998974));
#876=CARTESIAN_POINT('',(80.,0.,-0.0050627819998974));
#877=CARTESIAN_POINT('',(80.,0.,-0.0050627819998974));
#878=CARTESIAN_POINT('',(80.,0.,-0.0050627819998974));
#879=CARTESIAN_POINT('',(80.,0.,-0.0050627819998974));
#880=CARTESIAN_POINT('',(80.,0.,-0.0050627819998974));
#881=CARTESIAN_POINT('',(80.,0.,-0.0050627819998974));
#882=CARTESIAN_POINT('',(80.,0.,-0.0050627819998974));
#883=CARTESIAN_POINT('',(80.,0.,-0.0050627819998974));
#884=CARTESIAN_POINT('',(81.321172423437,0.,-1.42184674944123));
#885=CARTESIAN_POINT('',(81.321172423437,-1.32117242343702,-1.42184674944123));
#886=CARTESIAN_POINT('',(80.,-1.32117242343702,-1.42184674944123));
#887=CARTESIAN_POINT('',(78.678827576563,-1.32117242343702,-1.42184674944123));
#888=CARTESIAN_POINT('',(78.678827576563,-1.6179695794839E-16,-1.42184674944123));
#889=CARTESIAN_POINT('',(78.678827576563,1.32117242343702,-1.42184674944123));
#890=CARTESIAN_POINT('',(80.,1.32117242343702,-1.42184674944123));
#891=CARTESIAN_POINT('',(81.321172423437,1.32117242343702,-1.42184674944123));
#892=CARTESIAN_POINT('',(81.321172423437,0.,-1.42184674944123));
#893=CARTESIAN_POINT('',(80.,0.879774139882153,1.564255));
#894=CARTESIAN_POINT('',(79.1202258601178,0.879774139882153,1.564255));
#895=CARTESIAN_POINT('',(79.1202258601178,5.38706292189647E-17,1.564255));
#896=CARTESIAN_POINT('',(79.1202258601178,-0.879774139882152,1.564255));
#897=CARTESIAN_POINT('',(80.,-0.879774139882153,1.564255));
#898=CARTESIAN_POINT('',(80.8797741398822,-0.879774139882153,1.564255));
#899=CARTESIAN_POINT('',(80.8797741398822,-1.61611887656894E-16,1.564255));
#900=CARTESIAN_POINT('',(80.8797741398822,0.879774139882152,1.564255));
#901=CARTESIAN_POINT('',(80.,0.879774139882153,1.564255));
#902=CARTESIAN_POINT('',(80.,0.879774139882153,1.90199499999999));
#903=CARTESIAN_POINT('',(79.1202258601178,0.879774139882153,1.90199499999999));
#904=CARTESIAN_POINT('',(79.1202258601178,5.38706292189647E-17,1.90199499999999));
#905=CARTESIAN_POINT('',(79.1202258601178,-0.879774139882152,1.90199499999999));
#906=CARTESIAN_POINT('',(80.,-0.879774139882153,1.90199499999999));
#907=CARTESIAN_POINT('',(80.8797741398822,-0.879774139882153,1.90199499999999));
#908=CARTESIAN_POINT('',(80.8797741398822,-1.61611887656894E-16,1.90199499999999));
#909=CARTESIAN_POINT('',(80.8797741398822,0.879774139882152,1.90199499999999));
#910=CARTESIAN_POINT('',(80.,0.879774139882153,1.90199499999999));
#911=CARTESIAN_POINT('',(80.,1.22077164262228,-1.416875));
#912=CARTESIAN_POINT('',(80.,0.87977413988215,-1.61375));
#913=CARTESIAN_POINT('',(79.295187163513,1.22077164262228,-1.379375));
#914=CARTESIAN_POINT('',(79.492062163513,0.87977413988215,-1.57625));
#915=CARTESIAN_POINT('',(78.9427807452694,0.610385821311139,-1.341875));
#916=CARTESIAN_POINT('',(79.2380932452695,0.439887069941075,-1.53875));
#917=CARTESIAN_POINT('',(78.5903743270259,0.,-1.304375));
#918=CARTESIAN_POINT('',(78.984124327026,0.,-1.50125));
#919=CARTESIAN_POINT('',(78.9427807452694,-0.610385821311139,-1.26687499999999));
#920=CARTESIAN_POINT('',(79.2380932452695,-0.439887069941075,-1.46374999999999));
#921=CARTESIAN_POINT('',(79.295187163513,-1.22077164262228,-1.229375));
#922=CARTESIAN_POINT('',(79.492062163513,-0.879774139882149,-1.42625));
#923=CARTESIAN_POINT('',(80.,-1.22077164262228,-1.19187499999999));
#924=CARTESIAN_POINT('',(80.,-0.87977413988215,-1.38875));
#925=CARTESIAN_POINT('',(80.704812836487,-1.22077164262228,-1.154375));
#926=CARTESIAN_POINT('',(80.507937836487,-0.87977413988215,-1.35125));
#927=CARTESIAN_POINT('',(81.0572192547306,-0.61038582131114,-1.116875));
#928=CARTESIAN_POINT('',(80.7619067547305,-0.439887069941075,-1.31375));
#929=CARTESIAN_POINT('',(81.4096256729741,0.,-1.07937499999999));
#930=CARTESIAN_POINT('',(81.0158756729741,0.,-1.27625));
#931=CARTESIAN_POINT('',(81.0572192547306,0.610385821311138,-1.04187499999999));
#932=CARTESIAN_POINT('',(80.7619067547305,0.439887069941074,-1.23875));
#933=CARTESIAN_POINT('',(80.704812836487,1.22077164262228,-1.004375));
#934=CARTESIAN_POINT('',(80.507937836487,0.879774139882149,-1.20125));
#935=CARTESIAN_POINT('',(80.,1.22077164262228,-0.966874999999995));
#936=CARTESIAN_POINT('',(80.,0.87977413988215,-1.16375));
#937=CARTESIAN_POINT('',(79.295187163513,1.22077164262228,-0.929375000000002));
#938=CARTESIAN_POINT('',(79.492062163513,0.879774139882149,-1.12625));
#939=CARTESIAN_POINT('',(78.9427807452694,0.610385821311139,-0.891875));
#940=CARTESIAN_POINT('',(79.2380932452695,0.439887069941075,-1.08875));
#941=CARTESIAN_POINT('',(78.5903743270259,0.,-0.854375000000002));
#942=CARTESIAN_POINT('',(78.984124327026,0.,-1.05125));
#943=CARTESIAN_POINT('',(78.9427807452694,-0.610385821311139,-0.816874999999997));
#944=CARTESIAN_POINT('',(79.2380932452695,-0.439887069941075,-1.01375));
#945=CARTESIAN_POINT('',(79.295187163513,-1.22077164262228,-0.779374999999994));
#946=CARTESIAN_POINT('',(79.492062163513,-0.879774139882149,-0.976249999999999));
#947=CARTESIAN_POINT('',(80.,-1.22077164262228,-0.741875000000001));
#948=CARTESIAN_POINT('',(80.,-0.87977413988215,-0.938750000000003));
#949=CARTESIAN_POINT('',(80.704812836487,-1.22077164262228,-0.704374999999997));
#950=CARTESIAN_POINT('',(80.507937836487,-0.87977413988215,-0.901249999999997));
#951=CARTESIAN_POINT('',(81.0572192547306,-0.61038582131114,-0.666875000000002));
#952=CARTESIAN_POINT('',(80.7619067547305,-0.439887069941075,-0.863750000000004));
#953=CARTESIAN_POINT('',(81.4096256729741,0.,-0.629374999999995));
#954=CARTESIAN_POINT('',(81.0158756729741,0.,-0.826250000000003));
#955=CARTESIAN_POINT('',(81.0572192547306,0.610385821311138,-0.591874999999999));
#956=CARTESIAN_POINT('',(80.7619067547305,0.439887069941074,-0.788750000000001));
#957=CARTESIAN_POINT('',(80.704812836487,1.22077164262228,-0.554375000000002));
#958=CARTESIAN_POINT('',(80.507937836487,0.879774139882149,-0.751250000000002));
#959=CARTESIAN_POINT('',(80.,1.22077164262228,-0.516875000000003));
#960=CARTESIAN_POINT('',(80.,0.87977413988215,-0.713750000000002));
#961=CARTESIAN_POINT('',(79.295187163513,1.22077164262228,-0.479375000000004));
#962=CARTESIAN_POINT('',(79.492062163513,0.879774139882149,-0.676250000000004));
#963=CARTESIAN_POINT('',(78.9427807452694,0.610385821311139,-0.441875));
#964=CARTESIAN_POINT('',(79.2380932452695,0.439887069941075,-0.638750000000003));
#965=CARTESIAN_POINT('',(78.5903743270259,0.,-0.404375));
#966=CARTESIAN_POINT('',(78.984124327026,0.,-0.601250000000003));
#967=CARTESIAN_POINT('',(78.9427807452694,-0.610385821311139,-0.366874999999998));
#968=CARTESIAN_POINT('',(79.2380932452695,-0.439887069941075,-0.563750000000003));
#969=CARTESIAN_POINT('',(79.295187163513,-1.22077164262228,-0.329374999999999));
#970=CARTESIAN_POINT('',(79.492062163513,-0.879774139882149,-0.526250000000001));
#971=CARTESIAN_POINT('',(80.,-1.22077164262228,-0.291875000000002));
#972=CARTESIAN_POINT('',(80.,-0.87977413988215,-0.488750000000004));
#973=CARTESIAN_POINT('',(80.704812836487,-1.22077164262228,-0.254374999999999));
#974=CARTESIAN_POINT('',(80.507937836487,-0.87977413988215,-0.451250000000003));
#975=CARTESIAN_POINT('',(81.0572192547306,-0.61038582131114,-0.216875000000003));
#976=CARTESIAN_POINT('',(80.7619067547305,-0.439887069941075,-0.413750000000005));
#977=CARTESIAN_POINT('',(81.4096256729741,0.,-0.179374999999998));
#978=CARTESIAN_POINT('',(81.0158756729741,0.,-0.37625));
#979=CARTESIAN_POINT('',(81.0572192547306,0.610385821311138,-0.141875));
#980=CARTESIAN_POINT('',(80.7619067547305,0.439887069941074,-0.338750000000002));
#981=CARTESIAN_POINT('',(80.704812836487,1.22077164262228,-0.104375000000002));
#982=CARTESIAN_POINT('',(80.507937836487,0.879774139882149,-0.301250000000002));
#983=CARTESIAN_POINT('',(80.,1.22077164262228,-0.0668750000000005));
#984=CARTESIAN_POINT('',(80.,0.87977413988215,-0.263750000000003));
#985=CARTESIAN_POINT('',(79.295187163513,1.22077164262228,-0.0293750000000024));
#986=CARTESIAN_POINT('',(79.492062163513,0.879774139882149,-0.226250000000001));
#987=CARTESIAN_POINT('',(78.9427807452694,0.610385821311139,0.00812499999999883));
#988=CARTESIAN_POINT('',(79.2380932452695,0.439887069941075,-0.188750000000003));
#989=CARTESIAN_POINT('',(78.5903743270259,0.,0.0456249999999972));
#990=CARTESIAN_POINT('',(78.984124327026,0.,-0.151250000000003));
#991=CARTESIAN_POINT('',(78.9427807452694,-0.610385821311139,0.0831250000000017));
#992=CARTESIAN_POINT('',(79.2380932452695,-0.439887069941075,-0.113750000000004));
#993=CARTESIAN_POINT('',(79.295187163513,-1.22077164262228,0.120625000000001));
#994=CARTESIAN_POINT('',(79.492062163513,-0.879774139882149,-0.0762500000000015));
#995=CARTESIAN_POINT('',(80.,-1.22077164262228,0.158124999999997));
#996=CARTESIAN_POINT('',(80.,-0.87977413988215,-0.0387500000000047));
#997=CARTESIAN_POINT('',(80.704812836487,-1.22077164262228,0.195624999999998));
#998=CARTESIAN_POINT('',(80.507937836487,-0.87977413988215,-0.00125000000000174));
#999=CARTESIAN_POINT('',(81.0572192547306,-0.61038582131114,0.233124999999997));
#1000=CARTESIAN_POINT('',(80.7619067547305,-0.439887069941075,0.0362499999999946));
#1001=CARTESIAN_POINT('',(81.4096256729741,0.,0.270625));
#1002=CARTESIAN_POINT('',(81.0158756729741,0.,0.073750000000002));
#1003=CARTESIAN_POINT('',(81.0572192547306,0.610385821311138,0.308125));
#1004=CARTESIAN_POINT('',(80.7619067547305,0.439887069941074,0.111249999999997));
#1005=CARTESIAN_POINT('',(80.704812836487,1.22077164262228,0.345624999999998));
#1006=CARTESIAN_POINT('',(80.507937836487,0.879774139882149,0.148749999999997));
#1007=CARTESIAN_POINT('',(80.,1.22077164262228,0.383124999999999));
#1008=CARTESIAN_POINT('',(80.,0.87977413988215,0.18625));
#1009=CARTESIAN_POINT('',(79.295187163513,1.22077164262228,0.420624999999997));
#1010=CARTESIAN_POINT('',(79.492062163513,0.879774139882149,0.223749999999997));
#1011=CARTESIAN_POINT('',(78.9427807452694,0.610385821311139,0.458124999999998));
#1012=CARTESIAN_POINT('',(79.2380932452695,0.439887069941075,0.261249999999992));
#1013=CARTESIAN_POINT('',(78.5903743270259,0.,0.495624999999997));
#1014=CARTESIAN_POINT('',(78.984124327026,0.,0.298749999999999));
#1015=CARTESIAN_POINT('',(78.9427807452694,-0.610385821311139,0.533124999999997));
#1016=CARTESIAN_POINT('',(79.2380932452695,-0.439887069941075,0.336249999999995));
#1017=CARTESIAN_POINT('',(79.295187163513,-1.22077164262228,0.570624999999998));
#1018=CARTESIAN_POINT('',(79.492062163513,-0.879774139882149,0.373749999999998));
#1019=CARTESIAN_POINT('',(80.,-1.22077164262228,0.608125));
#1020=CARTESIAN_POINT('',(80.,-0.87977413988215,0.411249999999995));
#1021=CARTESIAN_POINT('',(80.704812836487,-1.22077164262228,0.645624999999998));
#1022=CARTESIAN_POINT('',(80.507937836487,-0.87977413988215,0.448749999999994));
#1023=CARTESIAN_POINT('',(81.0572192547306,-0.61038582131114,0.683125));
#1024=CARTESIAN_POINT('',(80.7619067547305,-0.439887069941075,0.486249999999994));
#1025=CARTESIAN_POINT('',(81.4096256729741,0.,0.720624999999998));
#1026=CARTESIAN_POINT('',(81.0158756729741,0.,0.523749999999997));
#1027=CARTESIAN_POINT('',(81.0572192547306,0.610385821311138,0.758125000000002));
#1028=CARTESIAN_POINT('',(80.7619067547305,0.439887069941074,0.561249999999997));
#1029=CARTESIAN_POINT('',(80.704812836487,1.22077164262228,0.795624999999997));
#1030=CARTESIAN_POINT('',(80.507937836487,0.879774139882149,0.598749999999997));
#1031=CARTESIAN_POINT('',(80.,1.22077164262228,0.833125000000002));
#1032=CARTESIAN_POINT('',(80.,0.87977413988215,0.636249999999996));
#1033=CARTESIAN_POINT('',(79.295187163513,1.22077164262228,0.870624999999999));
#1034=CARTESIAN_POINT('',(79.492062163513,0.879774139882149,0.673749999999997));
#1035=CARTESIAN_POINT('',(78.9427807452694,0.610385821311139,0.908124999999997));
#1036=CARTESIAN_POINT('',(79.2380932452695,0.439887069941075,0.711249999999992));
#1037=CARTESIAN_POINT('',(78.5903743270259,0.,0.945624999999996));
#1038=CARTESIAN_POINT('',(78.984124327026,0.,0.748749999999996));
#1039=CARTESIAN_POINT('',(78.9427807452694,-0.610385821311139,0.983124999999993));
#1040=CARTESIAN_POINT('',(79.2380932452695,-0.439887069941075,0.786249999999995));
#1041=CARTESIAN_POINT('',(79.295187163513,-1.22077164262228,1.020625));
#1042=CARTESIAN_POINT('',(79.492062163513,-0.879774139882149,0.823749999999998));
#1043=CARTESIAN_POINT('',(80.,-1.22077164262228,1.05812499999999));
#1044=CARTESIAN_POINT('',(80.,-0.87977413988215,0.861249999999994));
#1045=CARTESIAN_POINT('',(80.704812836487,-1.22077164262228,1.09562499999999));
#1046=CARTESIAN_POINT('',(80.507937836487,-0.87977413988215,0.898749999999993));
#1047=CARTESIAN_POINT('',(81.0572192547306,-0.61038582131114,1.133125));
#1048=CARTESIAN_POINT('',(80.7619067547305,-0.439887069941075,0.936249999999993));
#1049=CARTESIAN_POINT('',(81.4096256729741,0.,1.170625));
#1050=CARTESIAN_POINT('',(81.0158756729741,0.,0.973749999999997));
#1051=CARTESIAN_POINT('',(81.0572192547306,0.610385821311138,1.208125));
#1052=CARTESIAN_POINT('',(80.7619067547305,0.439887069941074,1.01125));
#1053=CARTESIAN_POINT('',(80.704812836487,1.22077164262228,1.245625));
#1054=CARTESIAN_POINT('',(80.507937836487,0.879774139882149,1.04875));
#1055=CARTESIAN_POINT('',(80.,1.22077164262228,1.283125));
#1056=CARTESIAN_POINT('',(80.,0.87977413988215,1.08624999999999));
#1057=CARTESIAN_POINT('',(79.295187163513,1.22077164262228,1.320625));
#1058=CARTESIAN_POINT('',(79.492062163513,0.879774139882149,1.12375));
#1059=CARTESIAN_POINT('',(78.9427807452694,0.610385821311139,1.358125));
#1060=CARTESIAN_POINT('',(79.2380932452695,0.439887069941075,1.16124999999999));
#1061=CARTESIAN_POINT('',(78.5903743270259,0.,1.395625));
#1062=CARTESIAN_POINT('',(78.984124327026,0.,1.19874999999999));
#1063=CARTESIAN_POINT('',(78.9427807452694,-0.610385821311139,1.433125));
#1064=CARTESIAN_POINT('',(79.2380932452695,-0.439887069941075,1.23625));
#1065=CARTESIAN_POINT('',(79.295187163513,-1.22077164262228,1.470625));
#1066=CARTESIAN_POINT('',(79.492062163513,-0.879774139882149,1.27375));
#1067=CARTESIAN_POINT('',(80.,-1.22077164262228,1.508125));
#1068=CARTESIAN_POINT('',(80.,-0.87977413988215,1.31124999999999));
#1069=CARTESIAN_POINT('',(80.704812836487,-1.22077164262228,1.545625));
#1070=CARTESIAN_POINT('',(80.507937836487,-0.87977413988215,1.34875));
#1071=CARTESIAN_POINT('',(81.0572192547306,-0.61038582131114,1.58312499999999));
#1072=CARTESIAN_POINT('',(80.7619067547305,-0.439887069941075,1.38624999999999));
#1073=CARTESIAN_POINT('',(81.4096256729741,0.,1.62062499999999));
#1074=CARTESIAN_POINT('',(81.0158756729741,0.,1.42375));
#1075=CARTESIAN_POINT('',(81.0572192547306,0.610385821311138,1.65812499999999));
#1076=CARTESIAN_POINT('',(80.7619067547305,0.439887069941074,1.46125));
#1077=CARTESIAN_POINT('',(80.704812836487,1.22077164262228,1.695625));
#1078=CARTESIAN_POINT('',(80.507937836487,0.879774139882149,1.49874999999999));
#1079=CARTESIAN_POINT('',(80.,1.22077164262228,1.73312499999999));
#1080=CARTESIAN_POINT('',(80.,0.87977413988215,1.53625));
#1081=CARTESIAN_POINT('',(79.295187163513,1.22077164262228,1.770625));
#1082=CARTESIAN_POINT('',(79.492062163513,0.879774139882149,1.57374999999999));
#1083=CARTESIAN_POINT('',(78.9427807452694,0.610385821311139,1.80812499999999));
#1084=CARTESIAN_POINT('',(79.2380932452695,0.439887069941075,1.61124999999999));
#1085=CARTESIAN_POINT('',(78.5903743270259,0.,1.845625));
#1086=CARTESIAN_POINT('',(78.984124327026,0.,1.64875));
#1087=CARTESIAN_POINT('',(78.9427807452694,-0.610385821311139,1.88312499999999));
#1088=CARTESIAN_POINT('',(79.2380932452695,-0.439887069941075,1.68624999999999));
#1089=CARTESIAN_POINT('',(79.295187163513,-1.22077164262228,1.920625));
#1090=CARTESIAN_POINT('',(79.492062163513,-0.879774139882149,1.72375));
#1091=CARTESIAN_POINT('',(80.,-1.22077164262228,1.958125));
#1092=CARTESIAN_POINT('',(80.,-0.87977413988215,1.76124999999999));
#1093=CARTESIAN_POINT('',(80.704812836487,-1.22077164262228,1.99562499999999));
#1094=CARTESIAN_POINT('',(80.507937836487,-0.87977413988215,1.79874999999999));
#1095=CARTESIAN_POINT('',(81.0572192547306,-0.61038582131114,2.033125));
#1096=CARTESIAN_POINT('',(80.7619067547305,-0.439887069941075,1.83624999999999));
#1097=CARTESIAN_POINT('',(81.4096256729741,0.,2.07062499999999));
#1098=CARTESIAN_POINT('',(81.0158756729741,0.,1.87374999999999));
#1099=CARTESIAN_POINT('',(81.0572192547306,0.610385821311138,2.10812499999999));
#1100=CARTESIAN_POINT('',(80.7619067547305,0.439887069941074,1.91124999999999));
#1101=CARTESIAN_POINT('',(80.704812836487,1.22077164262228,2.145625));
#1102=CARTESIAN_POINT('',(80.507937836487,0.879774139882149,1.94875));
#1103=CARTESIAN_POINT('',(80.,1.22077164262228,2.18312499999999));
#1104=CARTESIAN_POINT('',(80.,0.87977413988215,1.98624999999999));
#1105=CARTESIAN_POINT('',(79.295187163513,1.22077164262228,2.220625));
#1106=CARTESIAN_POINT('',(79.492062163513,0.879774139882149,2.02375));
#1107=CARTESIAN_POINT('',(78.9427807452694,0.610385821311139,2.25812499999999));
#1108=CARTESIAN_POINT('',(79.2380932452695,0.439887069941075,2.06124999999999));
#1109=CARTESIAN_POINT('',(78.5903743270259,0.,2.29562499999999));
#1110=CARTESIAN_POINT('',(78.984124327026,0.,2.09874999999999));
#1111=CARTESIAN_POINT('',(78.9427807452694,-0.610385821311139,2.33312499999999));
#1112=CARTESIAN_POINT('',(79.2380932452695,-0.439887069941075,2.13624999999999));
#1113=CARTESIAN_POINT('',(79.295187163513,-1.22077164262228,2.37062499999999));
#1114=CARTESIAN_POINT('',(79.492062163513,-0.879774139882149,2.17374999999999));
#1115=CARTESIAN_POINT('',(80.,-1.22077164262228,2.40812499999999));
#1116=CARTESIAN_POINT('',(80.,-0.87977413988215,2.21124999999999));
#1117=CARTESIAN_POINT('',(80.704812836487,-1.22077164262228,2.44562499999999));
#1118=CARTESIAN_POINT('',(80.507937836487,-0.87977413988215,2.24874999999999));
#1119=CARTESIAN_POINT('',(81.0572192547306,-0.61038582131114,2.48312499999999));
#1120=CARTESIAN_POINT('',(80.7619067547305,-0.439887069941075,2.28624999999999));
#1121=CARTESIAN_POINT('',(81.4096256729741,0.,2.520625));
#1122=CARTESIAN_POINT('',(81.0158756729741,0.,2.32374999999999));
#1123=CARTESIAN_POINT('',(81.0572192547306,0.610385821311138,2.55812499999999));
#1124=CARTESIAN_POINT('',(80.7619067547305,0.439887069941074,2.36124999999999));
#1125=CARTESIAN_POINT('',(80.704812836487,1.22077164262228,2.595625));
#1126=CARTESIAN_POINT('',(80.507937836487,0.879774139882149,2.39874999999999));
#1127=CARTESIAN_POINT('',(80.,1.22077164262228,2.63312499999999));
#1128=CARTESIAN_POINT('',(80.,0.87977413988215,2.43624999999999));
#1129=CARTESIAN_POINT('',(79.295187163513,1.22077164262228,2.67062499999999));
#1130=CARTESIAN_POINT('',(79.492062163513,0.879774139882149,2.47374999999999));
#1131=CARTESIAN_POINT('',(78.9427807452694,0.610385821311139,2.70812499999999));
#1132=CARTESIAN_POINT('',(79.2380932452695,0.439887069941075,2.51124999999999));
#1133=CARTESIAN_POINT('',(78.5903743270259,0.,2.74562499999999));
#1134=CARTESIAN_POINT('',(78.984124327026,0.,2.54874999999999));
#1135=CARTESIAN_POINT('',(78.9427807452694,-0.610385821311139,2.78312499999999));
#1136=CARTESIAN_POINT('',(79.2380932452695,-0.439887069941075,2.58624999999999));
#1137=CARTESIAN_POINT('',(79.295187163513,-1.22077164262228,2.82062499999999));
#1138=CARTESIAN_POINT('',(79.492062163513,-0.879774139882149,2.62374999999999));
#1139=CARTESIAN_POINT('',(80.,-1.22077164262228,2.85812499999999));
#1140=CARTESIAN_POINT('',(80.,-0.87977413988215,2.66124999999999));
#1141=CARTESIAN_POINT('',(80.704812836487,-1.22077164262228,2.89562499999999));
#1142=CARTESIAN_POINT('',(80.507937836487,-0.87977413988215,2.69874999999999));
#1143=CARTESIAN_POINT('',(81.0572192547306,-0.61038582131114,2.93312499999999));
#1144=CARTESIAN_POINT('',(80.7619067547305,-0.439887069941075,2.73624999999999));
#1145=CARTESIAN_POINT('',(81.4096256729741,0.,2.97062499999999));
#1146=CARTESIAN_POINT('',(81.0158756729741,0.,2.77374999999999));
#1147=CARTESIAN_POINT('',(81.0572192547306,0.610385821311138,3.00812499999999));
#1148=CARTESIAN_POINT('',(80.7619067547305,0.439887069941074,2.81124999999999));
#1149=CARTESIAN_POINT('',(80.704812836487,1.22077164262228,3.04562499999999));
#1150=CARTESIAN_POINT('',(80.507937836487,0.879774139882149,2.84874999999999));
#1151=CARTESIAN_POINT('',(80.,1.22077164262228,3.08312499999999));
#1152=CARTESIAN_POINT('',(80.,0.87977413988215,2.88624999999999));
#1153=CARTESIAN_POINT('',(79.295187163513,1.22077164262228,3.12062499999999));
#1154=CARTESIAN_POINT('',(79.492062163513,0.879774139882149,2.92374999999999));
#1155=CARTESIAN_POINT('',(78.9427807452694,0.610385821311139,3.15812499999999));
#1156=CARTESIAN_POINT('',(79.2380932452695,0.439887069941075,2.96124999999999));
#1157=CARTESIAN_POINT('',(78.5903743270259,0.,3.19562499999999));
#1158=CARTESIAN_POINT('',(78.984124327026,0.,2.99874999999999));
#1159=CARTESIAN_POINT('',(78.9427807452694,-0.610385821311139,3.23312499999999));
#1160=CARTESIAN_POINT('',(79.2380932452695,-0.439887069941075,3.03624999999999));
#1161=CARTESIAN_POINT('',(79.295187163513,-1.22077164262228,3.27062499999999));
#1162=CARTESIAN_POINT('',(79.492062163513,-0.879774139882149,3.07374999999999));
#1163=CARTESIAN_POINT('',(80.,-1.22077164262228,3.30812499999999));
#1164=CARTESIAN_POINT('',(80.,-0.87977413988215,3.11124999999999));
#1165=CARTESIAN_POINT('',(80.704812836487,-1.22077164262228,3.34562499999999));
#1166=CARTESIAN_POINT('',(80.507937836487,-0.87977413988215,3.14874999999999));
#1167=CARTESIAN_POINT('',(81.0572192547306,-0.61038582131114,3.38312499999999));
#1168=CARTESIAN_POINT('',(80.7619067547305,-0.439887069941075,3.18624999999999));
#1169=CARTESIAN_POINT('',(81.4096256729741,0.,3.42062499999999));
#1170=CARTESIAN_POINT('',(81.0158756729741,0.,3.22374999999999));
#1171=CARTESIAN_POINT('',(81.0572192547306,0.610385821311138,3.45812499999999));
#1172=CARTESIAN_POINT('',(80.7619067547305,0.439887069941074,3.26124999999999));
#1173=CARTESIAN_POINT('',(80.704812836487,1.22077164262228,3.49562499999999));
#1174=CARTESIAN_POINT('',(80.507937836487,0.879774139882149,3.29874999999999));
#1175=CARTESIAN_POINT('',(80.,1.22077164262228,3.53312499999999));
#1176=CARTESIAN_POINT('',(80.,0.87977413988215,3.33624999999999));
#1177=CARTESIAN_POINT('',(79.295187163513,1.22077164262228,3.57062499999999));
#1178=CARTESIAN_POINT('',(79.492062163513,0.879774139882149,3.37374999999999));
#1179=CARTESIAN_POINT('',(78.9427807452694,0.610385821311139,3.60812499999999));
#1180=CARTESIAN_POINT('',(79.2380932452695,0.439887069941075,3.41124999999999));
#1181=CARTESIAN_POINT('',(78.5903743270259,0.,3.64562499999999));
#1182=CARTESIAN_POINT('',(78.984124327026,0.,3.44874999999999));
#1183=CARTESIAN_POINT('',(78.9427807452694,-0.610385821311139,3.68312499999999));
#1184=CARTESIAN_POINT('',(79.2380932452695,-0.439887069941075,3.48624999999999));
#1185=CARTESIAN_POINT('',(79.295187163513,-1.22077164262228,3.72062499999999));
#1186=CARTESIAN_POINT('',(79.492062163513,-0.879774139882149,3.52374999999999));
#1187=CARTESIAN_POINT('',(80.,-1.22077164262228,3.75812499999999));
#1188=CARTESIAN_POINT('',(80.,-0.87977413988215,3.56124999999999));
#1189=CARTESIAN_POINT('',(80.704812836487,-1.22077164262228,3.79562499999999));
#1190=CARTESIAN_POINT('',(80.507937836487,-0.87977413988215,3.59874999999999));
#1191=CARTESIAN_POINT('',(81.0572192547306,-0.61038582131114,3.83312499999999));
#1192=CARTESIAN_POINT('',(80.7619067547305,-0.439887069941075,3.63624999999999));
#1193=CARTESIAN_POINT('',(81.4096256729741,0.,3.87062499999999));
#1194=CARTESIAN_POINT('',(81.0158756729741,0.,3.67374999999999));
#1195=CARTESIAN_POINT('',(81.0572192547306,0.610385821311138,3.90812499999999));
#1196=CARTESIAN_POINT('',(80.7619067547305,0.439887069941074,3.71124999999999));
#1197=CARTESIAN_POINT('',(80.704812836487,1.22077164262228,3.94562499999999));
#1198=CARTESIAN_POINT('',(80.507937836487,0.879774139882149,3.74874999999999));
#1199=CARTESIAN_POINT('',(80.,1.22077164262228,3.98312499999999));
#1200=CARTESIAN_POINT('',(80.,0.87977413988215,3.78624999999999));
#1201=CARTESIAN_POINT('',(79.295187163513,1.22077164262228,4.02062499999999));
#1202=CARTESIAN_POINT('',(79.492062163513,0.879774139882149,3.82374999999999));
#1203=CARTESIAN_POINT('',(78.9427807452694,0.610385821311139,4.05812499999999));
#1204=CARTESIAN_POINT('',(79.2380932452695,0.439887069941075,3.86124999999999));
#1205=CARTESIAN_POINT('',(78.5903743270259,0.,4.09562499999999));
#1206=CARTESIAN_POINT('',(78.984124327026,0.,3.89874999999999));
#1207=CARTESIAN_POINT('',(78.9427807452694,-0.610385821311139,4.13312499999999));
#1208=CARTESIAN_POINT('',(79.2380932452695,-0.439887069941075,3.93624999999999));
#1209=CARTESIAN_POINT('',(79.295187163513,-1.22077164262228,4.17062499999999));
#1210=CARTESIAN_POINT('',(79.492062163513,-0.879774139882149,3.97374999999999));
#1211=CARTESIAN_POINT('',(80.,-1.22077164262228,4.20812499999999));
#1212=CARTESIAN_POINT('',(80.,-0.87977413988215,4.01124999999999));
#1213=CARTESIAN_POINT('',(80.704812836487,-1.22077164262228,4.24562499999999));
#1214=CARTESIAN_POINT('',(80.507937836487,-0.87977413988215,4.04874999999999));
#1215=CARTESIAN_POINT('',(81.0572192547306,-0.61038582131114,4.28312499999999));
#1216=CARTESIAN_POINT('',(80.7619067547305,-0.439887069941075,4.08624999999999));
#1217=CARTESIAN_POINT('',(81.4096256729741,0.,4.32062499999999));
#1218=CARTESIAN_POINT('',(81.0158756729741,0.,4.12374999999999));
#1219=CARTESIAN_POINT('',(81.0572192547306,0.610385821311138,4.35812499999999));
#1220=CARTESIAN_POINT('',(80.7619067547305,0.439887069941074,4.16124999999999));
#1221=CARTESIAN_POINT('',(80.704812836487,1.22077164262228,4.39562499999999));
#1222=CARTESIAN_POINT('',(80.507937836487,0.879774139882149,4.19874999999999));
#1223=CARTESIAN_POINT('',(80.,1.22077164262228,4.43312499999999));
#1224=CARTESIAN_POINT('',(80.,0.87977413988215,4.23624999999999));
#1225=CARTESIAN_POINT('',(79.295187163513,1.22077164262228,4.47062499999999));
#1226=CARTESIAN_POINT('',(79.492062163513,0.879774139882149,4.27374999999998));
#1227=CARTESIAN_POINT('',(78.9427807452694,0.610385821311139,4.50812499999999));
#1228=CARTESIAN_POINT('',(79.2380932452695,0.439887069941075,4.31124999999998));
#1229=CARTESIAN_POINT('',(78.5903743270259,0.,4.54562499999999));
#1230=CARTESIAN_POINT('',(78.984124327026,0.,4.34874999999998));
#1231=CARTESIAN_POINT('',(78.9427807452694,-0.610385821311139,4.58312499999999));
#1232=CARTESIAN_POINT('',(79.2380932452695,-0.439887069941075,4.38624999999999));
#1233=CARTESIAN_POINT('',(79.295187163513,-1.22077164262228,4.62062499999999));
#1234=CARTESIAN_POINT('',(79.492062163513,-0.879774139882149,4.42374999999999));
#1235=CARTESIAN_POINT('',(80.,-1.22077164262228,4.65812499999999));
#1236=CARTESIAN_POINT('',(80.,-0.87977413988215,4.46124999999999));
#1237=CARTESIAN_POINT('',(80.704812836487,-1.22077164262228,4.69562499999999));
#1238=CARTESIAN_POINT('',(80.507937836487,-0.87977413988215,4.49874999999999));
#1239=CARTESIAN_POINT('',(81.0572192547306,-0.61038582131114,4.73312499999999));
#1240=CARTESIAN_POINT('',(80.7619067547305,-0.439887069941075,4.53624999999999));
#1241=CARTESIAN_POINT('',(81.4096256729741,0.,4.77062499999999));
#1242=CARTESIAN_POINT('',(81.0158756729741,0.,4.57374999999999));
#1243=CARTESIAN_POINT('',(81.0572192547306,0.610385821311138,4.80812499999999));
#1244=CARTESIAN_POINT('',(80.7619067547305,0.439887069941074,4.61124999999998));
#1245=CARTESIAN_POINT('',(80.704812836487,1.22077164262228,4.84562499999999));
#1246=CARTESIAN_POINT('',(80.507937836487,0.879774139882149,4.64874999999999));
#1247=CARTESIAN_POINT('',(80.,1.22077164262228,4.88312499999999));
#1248=CARTESIAN_POINT('',(80.,0.87977413988215,4.68624999999999));
#1249=CARTESIAN_POINT('',(79.295187163513,1.22077164262228,4.92062499999999));
#1250=CARTESIAN_POINT('',(79.492062163513,0.879774139882149,4.72374999999999));
#1251=CARTESIAN_POINT('',(78.9427807452694,0.610385821311139,4.95812499999999));
#1252=CARTESIAN_POINT('',(79.2380932452695,0.439887069941075,4.76124999999998));
#1253=CARTESIAN_POINT('',(78.5903743270259,0.,4.99562499999999));
#1254=CARTESIAN_POINT('',(78.984124327026,0.,4.79874999999999));
#1255=CARTESIAN_POINT('',(78.9427807452694,-0.610385821311139,5.03312499999999));
#1256=CARTESIAN_POINT('',(79.2380932452695,-0.439887069941075,4.83624999999998));
#1257=CARTESIAN_POINT('',(79.295187163513,-1.22077164262228,5.07062499999999));
#1258=CARTESIAN_POINT('',(79.492062163513,-0.879774139882149,4.87374999999999));
#1259=CARTESIAN_POINT('',(80.,-1.22077164262228,5.10812499999999));
#1260=CARTESIAN_POINT('',(80.,-0.87977413988215,4.91124999999999));
#1261=CARTESIAN_POINT('',(80.704812836487,-1.22077164262228,5.14562499999999));
#1262=CARTESIAN_POINT('',(80.507937836487,-0.87977413988215,4.94874999999999));
#1263=CARTESIAN_POINT('',(81.0572192547306,-0.61038582131114,5.18312499999999));
#1264=CARTESIAN_POINT('',(80.7619067547305,-0.439887069941075,4.98624999999998));
#1265=CARTESIAN_POINT('',(81.4096256729741,0.,5.22062499999999));
#1266=CARTESIAN_POINT('',(81.0158756729741,0.,5.02374999999999));
#1267=CARTESIAN_POINT('',(81.0572192547306,0.610385821311138,5.25812499999999));
#1268=CARTESIAN_POINT('',(80.7619067547305,0.439887069941074,5.06124999999999));
#1269=CARTESIAN_POINT('',(80.704812836487,1.22077164262228,5.29562499999999));
#1270=CARTESIAN_POINT('',(80.507937836487,0.879774139882149,5.09874999999999));
#1271=CARTESIAN_POINT('',(80.,1.22077164262228,5.33312499999999));
#1272=CARTESIAN_POINT('',(80.,0.87977413988215,5.13624999999999));
#1273=CARTESIAN_POINT('',(79.295187163513,1.22077164262228,5.37062499999999));
#1274=CARTESIAN_POINT('',(79.492062163513,0.879774139882149,5.17374999999999));
#1275=CARTESIAN_POINT('',(78.9427807452694,0.610385821311139,5.40812499999998));
#1276=CARTESIAN_POINT('',(79.2380932452695,0.439887069941075,5.21124999999998));
#1277=CARTESIAN_POINT('',(78.5903743270259,0.,5.44562499999999));
#1278=CARTESIAN_POINT('',(78.984124327026,0.,5.24874999999999));
#1279=CARTESIAN_POINT('',(78.9427807452694,-0.610385821311139,5.48312499999999));
#1280=CARTESIAN_POINT('',(79.2380932452695,-0.439887069941075,5.28624999999999));
#1281=CARTESIAN_POINT('',(79.295187163513,-1.22077164262228,5.52062499999999));
#1282=CARTESIAN_POINT('',(79.492062163513,-0.879774139882149,5.32374999999999));
#1283=CARTESIAN_POINT('',(80.,-1.22077164262228,5.55812499999999));
#1284=CARTESIAN_POINT('',(80.,-0.87977413988215,5.36124999999999));
#1285=CARTESIAN_POINT('',(80.704812836487,-1.22077164262228,5.59562499999999));
#1286=CARTESIAN_POINT('',(80.507937836487,-0.87977413988215,5.39874999999998));
#1287=CARTESIAN_POINT('',(81.0572192547306,-0.61038582131114,5.63312499999999));
#1288=CARTESIAN_POINT('',(80.7619067547305,-0.439887069941075,5.43624999999998));
#1289=CARTESIAN_POINT('',(81.4096256729741,0.,5.67062499999999));
#1290=CARTESIAN_POINT('',(81.0158756729741,0.,5.47374999999999));
#1291=CARTESIAN_POINT('',(81.0572192547306,0.610385821311138,5.70812499999999));
#1292=CARTESIAN_POINT('',(80.7619067547305,0.439887069941074,5.51124999999999));
#1293=CARTESIAN_POINT('',(80.704812836487,1.22077164262228,5.74562499999999));
#1294=CARTESIAN_POINT('',(80.507937836487,0.879774139882149,5.54874999999999));
#1295=CARTESIAN_POINT('',(80.,1.22077164262228,5.78312499999999));
#1296=CARTESIAN_POINT('',(80.,0.87977413988215,5.58624999999998));
#1297=CARTESIAN_POINT('',(79.295187163513,1.22077164262228,5.82062499999999));
#1298=CARTESIAN_POINT('',(79.492062163513,0.879774139882149,5.62374999999998));
#1299=CARTESIAN_POINT('',(78.9427807452694,0.610385821311139,5.85812499999998));
#1300=CARTESIAN_POINT('',(79.2380932452695,0.439887069941075,5.66124999999998));
#1301=CARTESIAN_POINT('',(78.5903743270259,0.,5.89562499999999));
#1302=CARTESIAN_POINT('',(78.984124327026,0.,5.69874999999999));
#1303=CARTESIAN_POINT('',(78.9427807452694,-0.610385821311139,5.93312499999999));
#1304=CARTESIAN_POINT('',(79.2380932452695,-0.439887069941075,5.73624999999998));
#1305=CARTESIAN_POINT('',(79.295187163513,-1.22077164262228,5.97062499999999));
#1306=CARTESIAN_POINT('',(79.492062163513,-0.879774139882149,5.77374999999999));
#1307=CARTESIAN_POINT('',(80.,-1.22077164262228,6.00812499999999));
#1308=CARTESIAN_POINT('',(80.,-0.87977413988215,5.81124999999998));
#1309=CARTESIAN_POINT('',(80.704812836487,-1.22077164262228,6.04562499999999));
#1310=CARTESIAN_POINT('',(80.507937836487,-0.87977413988215,5.84874999999998));
#1311=CARTESIAN_POINT('',(81.0572192547306,-0.61038582131114,6.08312499999998));
#1312=CARTESIAN_POINT('',(80.7619067547305,-0.439887069941075,5.88624999999998));
#1313=CARTESIAN_POINT('',(81.4096256729741,0.,6.12062499999998));
#1314=CARTESIAN_POINT('',(81.0158756729741,0.,5.92374999999998));
#1315=CARTESIAN_POINT('',(81.0572192547306,0.610385821311138,6.15812499999998));
#1316=CARTESIAN_POINT('',(80.7619067547305,0.439887069941074,5.96124999999998));
#1317=CARTESIAN_POINT('',(80.704812836487,1.22077164262228,6.19562499999999));
#1318=CARTESIAN_POINT('',(80.507937836487,0.879774139882149,5.99874999999998));
#1319=CARTESIAN_POINT('',(80.,1.22077164262228,6.23312499999998));
#1320=CARTESIAN_POINT('',(80.,0.87977413988215,6.03624999999998));
#1321=CARTESIAN_POINT('',(79.295187163513,1.22077164262228,6.27062499999998));
#1322=CARTESIAN_POINT('',(79.492062163513,0.879774139882149,6.07374999999999));
#1323=CARTESIAN_POINT('',(78.9427807452694,0.610385821311139,6.30812499999998));
#1324=CARTESIAN_POINT('',(79.2380932452695,0.439887069941075,6.11124999999998));
#1325=CARTESIAN_POINT('',(78.5903743270259,0.,6.34562499999998));
#1326=CARTESIAN_POINT('',(78.984124327026,0.,6.14874999999998));
#1327=CARTESIAN_POINT('',(78.9427807452694,-0.610385821311139,6.38312499999999));
#1328=CARTESIAN_POINT('',(79.2380932452695,-0.439887069941075,6.18624999999998));
#1329=CARTESIAN_POINT('',(79.295187163513,-1.22077164262228,6.42062499999999));
#1330=CARTESIAN_POINT('',(79.492062163513,-0.879774139882149,6.22374999999998));
#1331=CARTESIAN_POINT('',(80.,-1.22077164262228,6.45812499999999));
#1332=CARTESIAN_POINT('',(80.,-0.87977413988215,6.26124999999998));
#1333=CARTESIAN_POINT('',(80.704812836487,-1.22077164262228,6.49562499999998));
#1334=CARTESIAN_POINT('',(80.507937836487,-0.87977413988215,6.29874999999998));
#1335=CARTESIAN_POINT('',(81.0572192547306,-0.61038582131114,6.53312499999998));
#1336=CARTESIAN_POINT('',(80.7619067547305,-0.439887069941075,6.33624999999998));
#1337=CARTESIAN_POINT('',(81.4096256729741,0.,6.57062499999998));
#1338=CARTESIAN_POINT('',(81.0158756729741,0.,6.37374999999998));
#1339=CARTESIAN_POINT('',(81.0572192547306,0.610385821311138,6.60812499999998));
#1340=CARTESIAN_POINT('',(80.7619067547305,0.439887069941074,6.41124999999998));
#1341=CARTESIAN_POINT('',(80.704812836487,1.22077164262228,6.64562499999998));
#1342=CARTESIAN_POINT('',(80.507937836487,0.879774139882149,6.44874999999998));
#1343=CARTESIAN_POINT('',(80.,1.22077164262228,6.68312499999998));
#1344=CARTESIAN_POINT('',(80.,0.87977413988215,6.48624999999998));
#1345=CARTESIAN_POINT('',(79.295187163513,1.22077164262228,6.72062499999998));
#1346=CARTESIAN_POINT('',(79.492062163513,0.879774139882149,6.52374999999998));
#1347=CARTESIAN_POINT('',(78.9427807452694,0.610385821311139,6.75812499999998));
#1348=CARTESIAN_POINT('',(79.2380932452695,0.439887069941075,6.56124999999998));
#1349=CARTESIAN_POINT('',(78.5903743270259,0.,6.79562499999999));
#1350=CARTESIAN_POINT('',(78.984124327026,0.,6.59874999999998));
#1351=CARTESIAN_POINT('',(78.9427807452694,-0.610385821311139,6.83312499999998));
#1352=CARTESIAN_POINT('',(79.2380932452695,-0.439887069941075,6.63624999999998));
#1353=CARTESIAN_POINT('',(79.295187163513,-1.22077164262228,6.87062499999998));
#1354=CARTESIAN_POINT('',(79.492062163513,-0.879774139882149,6.67374999999998));
#1355=CARTESIAN_POINT('',(80.,-1.22077164262228,6.90812499999998));
#1356=CARTESIAN_POINT('',(80.,-0.87977413988215,6.71124999999998));
#1357=CARTESIAN_POINT('',(80.704812836487,-1.22077164262228,6.94562499999999));
#1358=CARTESIAN_POINT('',(80.507937836487,-0.87977413988215,6.74874999999998));
#1359=CARTESIAN_POINT('',(81.0572192547306,-0.61038582131114,6.98312499999998));
#1360=CARTESIAN_POINT('',(80.7619067547305,-0.439887069941075,6.78624999999998));
#1361=CARTESIAN_POINT('',(81.4096256729741,0.,7.02062499999998));
#1362=CARTESIAN_POINT('',(81.0158756729741,0.,6.82374999999998));
#1363=CARTESIAN_POINT('',(81.0572192547306,0.610385821311138,7.05812499999998));
#1364=CARTESIAN_POINT('',(80.7619067547305,0.439887069941074,6.86124999999998));
#1365=CARTESIAN_POINT('',(80.704812836487,1.22077164262228,7.09562499999998));
#1366=CARTESIAN_POINT('',(80.507937836487,0.879774139882149,6.89874999999998));
#1367=CARTESIAN_POINT('',(80.,1.22077164262228,7.13312499999998));
#1368=CARTESIAN_POINT('',(80.,0.87977413988215,6.93624999999998));
#1369=CARTESIAN_POINT('',(79.295187163513,1.22077164262228,7.17062499999999));
#1370=CARTESIAN_POINT('',(79.492062163513,0.879774139882149,6.97374999999998));
#1371=CARTESIAN_POINT('',(78.9427807452694,0.610385821311139,7.20812499999998));
#1372=CARTESIAN_POINT('',(79.2380932452695,0.439887069941075,7.01124999999998));
#1373=CARTESIAN_POINT('',(78.5903743270259,0.,7.24562499999998));
#1374=CARTESIAN_POINT('',(78.984124327026,0.,7.04874999999998));
#1375=CARTESIAN_POINT('',(78.9427807452694,-0.610385821311139,7.28312499999998));
#1376=CARTESIAN_POINT('',(79.2380932452695,-0.439887069941075,7.08624999999998));
#1377=CARTESIAN_POINT('',(79.295187163513,-1.22077164262228,7.32062499999998));
#1378=CARTESIAN_POINT('',(79.492062163513,-0.879774139882149,7.12374999999998));
#1379=CARTESIAN_POINT('',(80.,-1.22077164262228,7.35812499999998));
#1380=CARTESIAN_POINT('',(80.,-0.87977413988215,7.16124999999998));
#1381=CARTESIAN_POINT('',(80.704812836487,-1.22077164262228,7.39562499999998));
#1382=CARTESIAN_POINT('',(80.507937836487,-0.87977413988215,7.19874999999998));
#1383=CARTESIAN_POINT('',(81.0572192547306,-0.61038582131114,7.43312499999998));
#1384=CARTESIAN_POINT('',(80.7619067547305,-0.439887069941075,7.23624999999998));
#1385=CARTESIAN_POINT('',(81.4096256729741,0.,7.47062499999998));
#1386=CARTESIAN_POINT('',(81.0158756729741,0.,7.27374999999998));
#1387=CARTESIAN_POINT('',(81.0572192547306,0.610385821311138,7.50812499999998));
#1388=CARTESIAN_POINT('',(80.7619067547305,0.439887069941074,7.31124999999998));
#1389=CARTESIAN_POINT('',(80.704812836487,1.22077164262228,7.54562499999998));
#1390=CARTESIAN_POINT('',(80.507937836487,0.879774139882149,7.34874999999998));
#1391=CARTESIAN_POINT('',(80.,1.22077164262228,7.58312499999998));
#1392=CARTESIAN_POINT('',(80.,0.87977413988215,7.38624999999998));
#1393=CARTESIAN_POINT('',(79.295187163513,1.22077164262228,7.62062499999998));
#1394=CARTESIAN_POINT('',(79.492062163513,0.879774139882149,7.42374999999998));
#1395=CARTESIAN_POINT('',(78.9427807452694,0.610385821311139,7.65812499999998));
#1396=CARTESIAN_POINT('',(79.2380932452695,0.439887069941075,7.46124999999998));
#1397=CARTESIAN_POINT('',(78.5903743270259,0.,7.69562499999998));
#1398=CARTESIAN_POINT('',(78.984124327026,0.,7.49874999999998));
#1399=CARTESIAN_POINT('',(78.9427807452694,-0.610385821311139,7.73312499999998));
#1400=CARTESIAN_POINT('',(79.2380932452695,-0.439887069941075,7.53624999999998));
#1401=CARTESIAN_POINT('',(79.295187163513,-1.22077164262228,7.77062499999998));
#1402=CARTESIAN_POINT('',(79.492062163513,-0.879774139882149,7.57374999999998));
#1403=CARTESIAN_POINT('',(80.,-1.22077164262228,7.80812499999998));
#1404=CARTESIAN_POINT('',(80.,-0.87977413988215,7.61124999999998));
#1405=CARTESIAN_POINT('',(80.704812836487,-1.22077164262228,7.84562499999998));
#1406=CARTESIAN_POINT('',(80.507937836487,-0.87977413988215,7.64874999999998));
#1407=CARTESIAN_POINT('',(81.0572192547306,-0.61038582131114,7.88312499999998));
#1408=CARTESIAN_POINT('',(80.7619067547305,-0.439887069941075,7.68624999999998));
#1409=CARTESIAN_POINT('',(81.4096256729741,0.,7.92062499999998));
#1410=CARTESIAN_POINT('',(81.0158756729741,0.,7.72374999999998));
#1411=CARTESIAN_POINT('',(81.0572192547306,0.610385821311138,7.95812499999998));
#1412=CARTESIAN_POINT('',(80.7619067547305,0.439887069941074,7.76124999999998));
#1413=CARTESIAN_POINT('',(80.704812836487,1.22077164262228,7.99562499999998));
#1414=CARTESIAN_POINT('',(80.507937836487,0.879774139882149,7.79874999999998));
#1415=CARTESIAN_POINT('',(80.,1.22077164262228,8.03312499999998));
#1416=CARTESIAN_POINT('',(80.,0.87977413988215,7.83624999999998));
#1417=CARTESIAN_POINT('',(79.295187163513,1.22077164262228,8.07062499999998));
#1418=CARTESIAN_POINT('',(79.492062163513,0.879774139882149,7.87374999999998));
#1419=CARTESIAN_POINT('',(78.9427807452694,0.610385821311139,8.10812499999998));
#1420=CARTESIAN_POINT('',(79.2380932452695,0.439887069941075,7.91124999999998));
#1421=CARTESIAN_POINT('',(78.5903743270259,0.,8.14562499999998));
#1422=CARTESIAN_POINT('',(78.984124327026,0.,7.94874999999998));
#1423=CARTESIAN_POINT('',(78.9427807452694,-0.610385821311139,8.18312499999998));
#1424=CARTESIAN_POINT('',(79.2380932452695,-0.439887069941075,7.98624999999998));
#1425=CARTESIAN_POINT('',(79.295187163513,-1.22077164262228,8.22062499999998));
#1426=CARTESIAN_POINT('',(79.492062163513,-0.879774139882149,8.02374999999998));
#1427=CARTESIAN_POINT('',(80.,-1.22077164262228,8.25812499999998));
#1428=CARTESIAN_POINT('',(80.,-0.87977413988215,8.06124999999998));
#1429=CARTESIAN_POINT('',(80.704812836487,-1.22077164262228,8.29562499999998));
#1430=CARTESIAN_POINT('',(80.507937836487,-0.87977413988215,8.09874999999998));
#1431=CARTESIAN_POINT('',(81.0572192547306,-0.61038582131114,8.33312499999998));
#1432=CARTESIAN_POINT('',(80.7619067547305,-0.439887069941075,8.13624999999998));
#1433=CARTESIAN_POINT('',(81.4096256729741,0.,8.37062499999998));
#1434=CARTESIAN_POINT('',(81.0158756729741,0.,8.17374999999998));
#1435=CARTESIAN_POINT('',(81.0572192547306,0.610385821311138,8.40812499999998));
#1436=CARTESIAN_POINT('',(80.7619067547305,0.439887069941074,8.21124999999998));
#1437=CARTESIAN_POINT('',(80.704812836487,1.22077164262228,8.44562499999998));
#1438=CARTESIAN_POINT('',(80.507937836487,0.879774139882149,8.24874999999998));
#1439=CARTESIAN_POINT('',(80.,1.22077164262228,8.48312499999998));
#1440=CARTESIAN_POINT('',(80.,0.87977413988215,8.28624999999998));
#1441=CARTESIAN_POINT('',(79.295187163513,1.22077164262228,8.52062499999998));
#1442=CARTESIAN_POINT('',(79.492062163513,0.879774139882149,8.32374999999998));
#1443=CARTESIAN_POINT('',(78.9427807452694,0.610385821311139,8.55812499999998));
#1444=CARTESIAN_POINT('',(79.2380932452695,0.439887069941075,8.36124999999998));
#1445=CARTESIAN_POINT('',(78.5903743270259,0.,8.59562499999998));
#1446=CARTESIAN_POINT('',(78.984124327026,0.,8.39874999999998));
#1447=CARTESIAN_POINT('',(78.9427807452694,-0.610385821311139,8.63312499999998));
#1448=CARTESIAN_POINT('',(79.2380932452695,-0.439887069941075,8.43624999999998));
#1449=CARTESIAN_POINT('',(79.295187163513,-1.22077164262228,8.67062499999998));
#1450=CARTESIAN_POINT('',(79.492062163513,-0.879774139882149,8.47374999999998));
#1451=CARTESIAN_POINT('',(80.,-1.22077164262228,8.70812499999998));
#1452=CARTESIAN_POINT('',(80.,-0.87977413988215,8.51124999999998));
#1453=CARTESIAN_POINT('',(80.704812836487,-1.22077164262228,8.74562499999998));
#1454=CARTESIAN_POINT('',(80.507937836487,-0.87977413988215,8.54874999999998));
#1455=CARTESIAN_POINT('',(81.0572192547306,-0.61038582131114,8.78312499999998));
#1456=CARTESIAN_POINT('',(80.7619067547305,-0.439887069941075,8.58624999999998));
#1457=CARTESIAN_POINT('',(81.4096256729741,0.,8.82062499999998));
#1458=CARTESIAN_POINT('',(81.0158756729741,0.,8.62374999999998));
#1459=CARTESIAN_POINT('',(81.0572192547306,0.610385821311138,8.85812499999998));
#1460=CARTESIAN_POINT('',(80.7619067547305,0.439887069941074,8.66124999999998));
#1461=CARTESIAN_POINT('',(80.704812836487,1.22077164262228,8.89562499999998));
#1462=CARTESIAN_POINT('',(80.507937836487,0.879774139882149,8.69874999999998));
#1463=CARTESIAN_POINT('',(80.,1.22077164262228,8.93312499999998));
#1464=CARTESIAN_POINT('',(80.,0.87977413988215,8.73624999999998));
#1465=CARTESIAN_POINT('',(79.295187163513,1.22077164262228,8.97062499999998));
#1466=CARTESIAN_POINT('',(79.492062163513,0.879774139882149,8.77374999999998));
#1467=CARTESIAN_POINT('',(78.9427807452694,0.610385821311139,9.00812499999998));
#1468=CARTESIAN_POINT('',(79.2380932452695,0.439887069941075,8.81124999999998));
#1469=CARTESIAN_POINT('',(78.5903743270259,0.,9.04562499999998));
#1470=CARTESIAN_POINT('',(78.984124327026,0.,8.84874999999998));
#1471=CARTESIAN_POINT('',(78.9427807452694,-0.610385821311139,9.08312499999998));
#1472=CARTESIAN_POINT('',(79.2380932452695,-0.439887069941075,8.88624999999998));
#1473=CARTESIAN_POINT('',(79.295187163513,-1.22077164262228,9.12062499999998));
#1474=CARTESIAN_POINT('',(79.492062163513,-0.879774139882149,8.92374999999998));
#1475=CARTESIAN_POINT('',(80.,-1.22077164262228,9.15812499999998));
#1476=CARTESIAN_POINT('',(80.,-0.87977413988215,8.96124999999998));
#1477=CARTESIAN_POINT('',(80.704812836487,-1.22077164262228,9.19562499999998));
#1478=CARTESIAN_POINT('',(80.507937836487,-0.87977413988215,8.99874999999998));
#1479=CARTESIAN_POINT('',(81.0572192547306,-0.61038582131114,9.23312499999998));
#1480=CARTESIAN_POINT('',(80.7619067547305,-0.439887069941075,9.03624999999998));
#1481=CARTESIAN_POINT('',(81.4096256729741,0.,9.27062499999998));
#1482=CARTESIAN_POINT('',(81.0158756729741,0.,9.07374999999998));
#1483=CARTESIAN_POINT('',(81.0572192547306,0.610385821311138,9.30812499999998));
#1484=CARTESIAN_POINT('',(80.7619067547305,0.439887069941074,9.11124999999998));
#1485=CARTESIAN_POINT('',(80.704812836487,1.22077164262228,9.34562499999998));
#1486=CARTESIAN_POINT('',(80.507937836487,0.879774139882149,9.14874999999998));
#1487=CARTESIAN_POINT('',(80.,1.22077164262228,9.38312499999998));
#1488=CARTESIAN_POINT('',(80.,0.87977413988215,9.18624999999998));
#1489=CARTESIAN_POINT('',(79.295187163513,1.22077164262228,9.42062499999998));
#1490=CARTESIAN_POINT('',(79.492062163513,0.879774139882149,9.22374999999998));
#1491=CARTESIAN_POINT('',(78.9427807452694,0.610385821311139,9.45812499999998));
#1492=CARTESIAN_POINT('',(79.2380932452695,0.439887069941075,9.26124999999998));
#1493=CARTESIAN_POINT('',(78.5903743270259,0.,9.49562499999998));
#1494=CARTESIAN_POINT('',(78.984124327026,0.,9.29874999999998));
#1495=CARTESIAN_POINT('',(78.9427807452694,-0.610385821311139,9.53312499999998));
#1496=CARTESIAN_POINT('',(79.2380932452695,-0.439887069941075,9.33624999999998));
#1497=CARTESIAN_POINT('',(79.295187163513,-1.22077164262228,9.57062499999998));
#1498=CARTESIAN_POINT('',(79.492062163513,-0.879774139882149,9.37374999999998));
#1499=CARTESIAN_POINT('',(80.,-1.22077164262228,9.60812499999998));
#1500=CARTESIAN_POINT('',(80.,-0.87977413988215,9.41124999999998));
#1501=CARTESIAN_POINT('',(80.704812836487,-1.22077164262228,9.64562499999998));
#1502=CARTESIAN_POINT('',(80.507937836487,-0.87977413988215,9.44874999999998));
#1503=CARTESIAN_POINT('',(81.0572192547306,-0.61038582131114,9.68312499999998));
#1504=CARTESIAN_POINT('',(80.7619067547305,-0.439887069941075,9.48624999999997));
#1505=CARTESIAN_POINT('',(81.4096256729741,0.,9.72062499999998));
#1506=CARTESIAN_POINT('',(81.0158756729741,0.,9.52374999999998));
#1507=CARTESIAN_POINT('',(81.0572192547306,0.610385821311138,9.75812499999998));
#1508=CARTESIAN_POINT('',(80.7619067547305,0.439887069941074,9.56124999999998));
#1509=CARTESIAN_POINT('',(80.704812836487,1.22077164262228,9.79562499999998));
#1510=CARTESIAN_POINT('',(80.507937836487,0.879774139882149,9.59874999999998));
#1511=CARTESIAN_POINT('',(80.,1.22077164262228,9.83312499999998));
#1512=CARTESIAN_POINT('',(80.,0.87977413988215,9.63624999999998));
#1513=CARTESIAN_POINT('',(79.295187163513,1.22077164262228,9.87062499999998));
#1514=CARTESIAN_POINT('',(79.492062163513,0.879774139882149,9.67374999999998));
#1515=CARTESIAN_POINT('',(78.9427807452694,0.610385821311139,9.90812499999998));
#1516=CARTESIAN_POINT('',(79.2380932452695,0.439887069941075,9.71124999999997));
#1517=CARTESIAN_POINT('',(78.5903743270259,0.,9.94562499999998));
#1518=CARTESIAN_POINT('',(78.984124327026,0.,9.74874999999998));
#1519=CARTESIAN_POINT('',(78.9427807452694,-0.610385821311139,9.98312499999998));
#1520=CARTESIAN_POINT('',(79.2380932452695,-0.439887069941075,9.78624999999997));
#1521=CARTESIAN_POINT('',(79.295187163513,-1.22077164262228,10.020625));
#1522=CARTESIAN_POINT('',(79.492062163513,-0.879774139882149,9.82374999999998));
#1523=CARTESIAN_POINT('',(80.,-1.22077164262228,10.058125));
#1524=CARTESIAN_POINT('',(80.,-0.87977413988215,9.86124999999998));
#1525=CARTESIAN_POINT('',(80.704812836487,-1.22077164262228,10.095625));
#1526=CARTESIAN_POINT('',(80.507937836487,-0.87977413988215,9.89874999999997));
#1527=CARTESIAN_POINT('',(81.0572192547306,-0.61038582131114,10.133125));
#1528=CARTESIAN_POINT('',(80.7619067547305,-0.439887069941075,9.93624999999998));
#1529=CARTESIAN_POINT('',(81.4096256729741,0.,10.170625));
#1530=CARTESIAN_POINT('',(81.0158756729741,0.,9.97374999999998));
#1531=CARTESIAN_POINT('',(81.0572192547306,0.610385821311138,10.208125));
#1532=CARTESIAN_POINT('',(80.7619067547305,0.439887069941074,10.01125));
#1533=CARTESIAN_POINT('',(80.704812836487,1.22077164262228,10.245625));
#1534=CARTESIAN_POINT('',(80.507937836487,0.879774139882149,10.04875));
#1535=CARTESIAN_POINT('',(80.,1.22077164262228,10.283125));
#1536=CARTESIAN_POINT('',(80.,0.87977413988215,10.08625));
#1537=CARTESIAN_POINT('',(79.295187163513,1.22077164262228,10.320625));
#1538=CARTESIAN_POINT('',(79.492062163513,0.879774139882149,10.12375));
#1539=CARTESIAN_POINT('',(78.9427807452694,0.610385821311139,10.358125));
#1540=CARTESIAN_POINT('',(79.2380932452695,0.439887069941075,10.16125));
#1541=CARTESIAN_POINT('',(78.5903743270259,0.,10.395625));
#1542=CARTESIAN_POINT('',(78.984124327026,0.,10.19875));
#1543=CARTESIAN_POINT('',(78.9427807452694,-0.610385821311139,10.433125));
#1544=CARTESIAN_POINT('',(79.2380932452695,-0.439887069941075,10.23625));
#1545=CARTESIAN_POINT('',(79.295187163513,-1.22077164262228,10.470625));
#1546=CARTESIAN_POINT('',(79.492062163513,-0.879774139882149,10.27375));
#1547=CARTESIAN_POINT('',(80.,-1.22077164262228,10.508125));
#1548=CARTESIAN_POINT('',(80.,-0.87977413988215,10.31125));
#1549=CARTESIAN_POINT('',(80.704812836487,-1.22077164262228,10.545625));
#1550=CARTESIAN_POINT('',(80.507937836487,-0.87977413988215,10.34875));
#1551=CARTESIAN_POINT('',(81.0572192547306,-0.61038582131114,10.583125));
#1552=CARTESIAN_POINT('',(80.7619067547305,-0.439887069941075,10.38625));
#1553=CARTESIAN_POINT('',(81.4096256729741,0.,10.620625));
#1554=CARTESIAN_POINT('',(81.0158756729741,0.,10.42375));
#1555=CARTESIAN_POINT('',(81.0572192547306,0.610385821311138,10.658125));
#1556=CARTESIAN_POINT('',(80.7619067547305,0.439887069941074,10.46125));
#1557=CARTESIAN_POINT('',(80.704812836487,1.22077164262228,10.695625));
#1558=CARTESIAN_POINT('',(80.507937836487,0.879774139882149,10.49875));
#1559=CARTESIAN_POINT('',(80.,1.22077164262228,10.733125));
#1560=CARTESIAN_POINT('',(80.,0.87977413988215,10.53625));
#1561=CARTESIAN_POINT('',(79.295187163513,1.22077164262228,10.770625));
#1562=CARTESIAN_POINT('',(79.492062163513,0.879774139882149,10.57375));
#1563=CARTESIAN_POINT('',(78.9427807452694,0.610385821311139,10.808125));
#1564=CARTESIAN_POINT('',(79.2380932452695,0.439887069941075,10.61125));
#1565=CARTESIAN_POINT('',(78.5903743270259,0.,10.845625));
#1566=CARTESIAN_POINT('',(78.984124327026,0.,10.64875));
#1567=CARTESIAN_POINT('',(78.9427807452694,-0.610385821311139,10.883125));
#1568=CARTESIAN_POINT('',(79.2380932452695,-0.439887069941075,10.68625));
#1569=CARTESIAN_POINT('',(79.295187163513,-1.22077164262228,10.920625));
#1570=CARTESIAN_POINT('',(79.492062163513,-0.879774139882149,10.72375));
#1571=CARTESIAN_POINT('',(80.,-1.22077164262228,10.958125));
#1572=CARTESIAN_POINT('',(80.,-0.87977413988215,10.76125));
#1573=CARTESIAN_POINT('',(80.704812836487,-1.22077164262228,10.995625));
#1574=CARTESIAN_POINT('',(80.507937836487,-0.87977413988215,10.79875));
#1575=CARTESIAN_POINT('',(81.0572192547306,-0.61038582131114,11.033125));
#1576=CARTESIAN_POINT('',(80.7619067547305,-0.439887069941075,10.83625));
#1577=CARTESIAN_POINT('',(81.4096256729741,0.,11.070625));
#1578=CARTESIAN_POINT('',(81.0158756729741,0.,10.87375));
#1579=CARTESIAN_POINT('',(81.0572192547306,0.610385821311138,11.108125));
#1580=CARTESIAN_POINT('',(80.7619067547305,0.439887069941074,10.91125));
#1581=CARTESIAN_POINT('',(80.704812836487,1.22077164262228,11.145625));
#1582=CARTESIAN_POINT('',(80.507937836487,0.879774139882149,10.94875));
#1583=CARTESIAN_POINT('',(80.,1.22077164262228,11.183125));
#1584=CARTESIAN_POINT('',(80.,0.87977413988215,10.98625));
#1585=CARTESIAN_POINT('',(79.295187163513,1.22077164262228,11.220625));
#1586=CARTESIAN_POINT('',(79.492062163513,0.879774139882149,11.02375));
#1587=CARTESIAN_POINT('',(78.9427807452694,0.610385821311139,11.258125));
#1588=CARTESIAN_POINT('',(79.2380932452695,0.439887069941075,11.06125));
#1589=CARTESIAN_POINT('',(78.5903743270259,0.,11.295625));
#1590=CARTESIAN_POINT('',(78.984124327026,0.,11.09875));
#1591=CARTESIAN_POINT('',(78.9427807452694,-0.610385821311139,11.333125));
#1592=CARTESIAN_POINT('',(79.2380932452695,-0.439887069941075,11.13625));
#1593=CARTESIAN_POINT('',(79.295187163513,-1.22077164262228,11.370625));
#1594=CARTESIAN_POINT('',(79.492062163513,-0.879774139882149,11.17375));
#1595=CARTESIAN_POINT('',(80.,-1.22077164262228,11.408125));
#1596=CARTESIAN_POINT('',(80.,-0.87977413988215,11.21125));
#1597=CARTESIAN_POINT('',(80.704812836487,-1.22077164262228,11.445625));
#1598=CARTESIAN_POINT('',(80.507937836487,-0.87977413988215,11.24875));
#1599=CARTESIAN_POINT('',(81.0572192547306,-0.61038582131114,11.483125));
#1600=CARTESIAN_POINT('',(80.7619067547305,-0.439887069941075,11.28625));
#1601=CARTESIAN_POINT('',(81.4096256729741,0.,11.520625));
#1602=CARTESIAN_POINT('',(81.0158756729741,0.,11.32375));
#1603=CARTESIAN_POINT('',(81.0572192547306,0.610385821311138,11.558125));
#1604=CARTESIAN_POINT('',(80.7619067547305,0.439887069941074,11.36125));
#1605=CARTESIAN_POINT('',(80.704812836487,1.22077164262228,11.595625));
#1606=CARTESIAN_POINT('',(80.507937836487,0.879774139882149,11.39875));
#1607=CARTESIAN_POINT('',(80.,1.22077164262228,11.633125));
#1608=CARTESIAN_POINT('',(80.,0.87977413988215,11.43625));
#1609=CARTESIAN_POINT('',(79.295187163513,1.22077164262228,11.670625));
#1610=CARTESIAN_POINT('',(79.492062163513,0.879774139882149,11.47375));
#1611=CARTESIAN_POINT('',(78.9427807452694,0.610385821311139,11.708125));
#1612=CARTESIAN_POINT('',(79.2380932452695,0.439887069941075,11.51125));
#1613=CARTESIAN_POINT('',(78.5903743270259,0.,11.745625));
#1614=CARTESIAN_POINT('',(78.984124327026,0.,11.54875));
#1615=CARTESIAN_POINT('',(78.9427807452694,-0.610385821311139,11.783125));
#1616=CARTESIAN_POINT('',(79.2380932452695,-0.439887069941075,11.58625));
#1617=CARTESIAN_POINT('',(79.295187163513,-1.22077164262228,11.820625));
#1618=CARTESIAN_POINT('',(79.492062163513,-0.879774139882149,11.62375));
#1619=CARTESIAN_POINT('',(80.,-1.22077164262228,11.858125));
#1620=CARTESIAN_POINT('',(80.,-0.87977413988215,11.66125));
#1621=CARTESIAN_POINT('',(80.704812836487,-1.22077164262228,11.895625));
#1622=CARTESIAN_POINT('',(80.507937836487,-0.87977413988215,11.69875));
#1623=CARTESIAN_POINT('',(81.0572192547306,-0.61038582131114,11.933125));
#1624=CARTESIAN_POINT('',(80.7619067547305,-0.439887069941075,11.73625));
#1625=CARTESIAN_POINT('',(81.4096256729741,0.,11.970625));
#1626=CARTESIAN_POINT('',(81.0158756729741,0.,11.77375));
#1627=CARTESIAN_POINT('',(81.0572192547306,0.610385821311138,12.008125));
#1628=CARTESIAN_POINT('',(80.7619067547305,0.439887069941074,11.81125));
#1629=CARTESIAN_POINT('',(80.704812836487,1.22077164262228,12.045625));
#1630=CARTESIAN_POINT('',(80.507937836487,0.879774139882149,11.84875));
#1631=CARTESIAN_POINT('',(80.,1.22077164262228,12.083125));
#1632=CARTESIAN_POINT('',(80.,0.87977413988215,11.88625));
#1633=CARTESIAN_POINT('',(79.295187163513,1.22077164262228,12.120625));
#1634=CARTESIAN_POINT('',(79.492062163513,0.879774139882149,11.92375));
#1635=CARTESIAN_POINT('',(78.9427807452694,0.610385821311139,12.158125));
#1636=CARTESIAN_POINT('',(79.2380932452695,0.439887069941075,11.96125));
#1637=CARTESIAN_POINT('',(78.5903743270259,0.,12.195625));
#1638=CARTESIAN_POINT('',(78.984124327026,0.,11.99875));
#1639=CARTESIAN_POINT('',(78.9427807452694,-0.610385821311139,12.233125));
#1640=CARTESIAN_POINT('',(79.2380932452695,-0.439887069941075,12.03625));
#1641=CARTESIAN_POINT('',(79.295187163513,-1.22077164262228,12.270625));
#1642=CARTESIAN_POINT('',(79.492062163513,-0.879774139882149,12.07375));
#1643=CARTESIAN_POINT('',(80.,-1.22077164262228,12.308125));
#1644=CARTESIAN_POINT('',(80.,-0.87977413988215,12.11125));
#1645=CARTESIAN_POINT('',(80.704812836487,-1.22077164262228,12.345625));
#1646=CARTESIAN_POINT('',(80.507937836487,-0.87977413988215,12.14875));
#1647=CARTESIAN_POINT('',(81.0572192547306,-0.61038582131114,12.383125));
#1648=CARTESIAN_POINT('',(80.7619067547305,-0.439887069941075,12.18625));
#1649=CARTESIAN_POINT('',(81.4096256729741,0.,12.420625));
#1650=CARTESIAN_POINT('',(81.0158756729741,0.,12.22375));
#1651=CARTESIAN_POINT('',(81.0572192547306,0.610385821311138,12.458125));
#1652=CARTESIAN_POINT('',(80.7619067547305,0.439887069941074,12.26125));
#1653=CARTESIAN_POINT('',(80.704812836487,1.22077164262228,12.495625));
#1654=CARTESIAN_POINT('',(80.507937836487,0.879774139882149,12.29875));
#1655=CARTESIAN_POINT('',(80.,1.22077164262228,12.533125));
#1656=CARTESIAN_POINT('',(80.,0.87977413988215,12.33625));
#1657=CARTESIAN_POINT('',(79.295187163513,1.22077164262228,12.570625));
#1658=CARTESIAN_POINT('',(79.492062163513,0.879774139882149,12.37375));
#1659=CARTESIAN_POINT('',(78.9427807452694,0.610385821311139,12.608125));
#1660=CARTESIAN_POINT('',(79.2380932452695,0.439887069941075,12.41125));
#1661=CARTESIAN_POINT('',(78.5903743270259,0.,12.645625));
#1662=CARTESIAN_POINT('',(78.984124327026,0.,12.44875));
#1663=CARTESIAN_POINT('',(78.9427807452694,-0.610385821311139,12.683125));
#1664=CARTESIAN_POINT('',(79.2380932452695,-0.439887069941075,12.48625));
#1665=CARTESIAN_POINT('',(79.295187163513,-1.22077164262228,12.720625));
#1666=CARTESIAN_POINT('',(79.492062163513,-0.879774139882149,12.52375));
#1667=CARTESIAN_POINT('',(80.,-1.22077164262228,12.758125));
#1668=CARTESIAN_POINT('',(80.,-0.87977413988215,12.56125));
#1669=CARTESIAN_POINT('',(80.704812836487,-1.22077164262228,12.795625));
#1670=CARTESIAN_POINT('',(80.507937836487,-0.87977413988215,12.59875));
#1671=CARTESIAN_POINT('',(81.0572192547306,-0.61038582131114,12.833125));
#1672=CARTESIAN_POINT('',(80.7619067547305,-0.439887069941075,12.63625));
#1673=CARTESIAN_POINT('',(81.4096256729741,0.,12.870625));
#1674=CARTESIAN_POINT('',(81.0158756729741,0.,12.67375));
#1675=CARTESIAN_POINT('',(81.0572192547306,0.610385821311138,12.908125));
#1676=CARTESIAN_POINT('',(80.7619067547305,0.439887069941074,12.71125));
#1677=CARTESIAN_POINT('',(80.704812836487,1.22077164262228,12.945625));
#1678=CARTESIAN_POINT('',(80.507937836487,0.879774139882149,12.74875));
#1679=CARTESIAN_POINT('',(80.,1.22077164262228,12.983125));
#1680=CARTESIAN_POINT('',(80.,0.87977413988215,12.78625));
#1681=CARTESIAN_POINT('',(79.295187163513,1.22077164262228,13.020625));
#1682=CARTESIAN_POINT('',(79.492062163513,0.879774139882149,12.82375));
#1683=CARTESIAN_POINT('',(78.9427807452694,0.610385821311139,13.058125));
#1684=CARTESIAN_POINT('',(79.2380932452695,0.439887069941075,12.86125));
#1685=CARTESIAN_POINT('',(78.5903743270259,0.,13.095625));
#1686=CARTESIAN_POINT('',(78.984124327026,0.,12.89875));
#1687=CARTESIAN_POINT('',(78.9427807452694,-0.610385821311139,13.133125));
#1688=CARTESIAN_POINT('',(79.2380932452695,-0.439887069941075,12.93625));
#1689=CARTESIAN_POINT('',(79.295187163513,-1.22077164262228,13.170625));
#1690=CARTESIAN_POINT('',(79.492062163513,-0.879774139882149,12.97375));
#1691=CARTESIAN_POINT('',(80.,-1.22077164262228,13.208125));
#1692=CARTESIAN_POINT('',(80.,-0.87977413988215,13.01125));
#1693=CARTESIAN_POINT('',(80.704812836487,-1.22077164262228,13.245625));
#1694=CARTESIAN_POINT('',(80.507937836487,-0.87977413988215,13.04875));
#1695=CARTESIAN_POINT('',(81.0572192547306,-0.61038582131114,13.283125));
#1696=CARTESIAN_POINT('',(80.7619067547305,-0.439887069941075,13.08625));
#1697=CARTESIAN_POINT('',(81.4096256729741,0.,13.320625));
#1698=CARTESIAN_POINT('',(81.0158756729741,0.,13.12375));
#1699=CARTESIAN_POINT('',(81.0572192547306,0.610385821311138,13.358125));
#1700=CARTESIAN_POINT('',(80.7619067547305,0.439887069941074,13.16125));
#1701=CARTESIAN_POINT('',(80.704812836487,1.22077164262228,13.395625));
#1702=CARTESIAN_POINT('',(80.507937836487,0.879774139882149,13.19875));
#1703=CARTESIAN_POINT('',(80.,1.22077164262228,13.433125));
#1704=CARTESIAN_POINT('',(80.,0.87977413988215,13.23625));
#1705=CARTESIAN_POINT('',(79.295187163513,1.22077164262228,13.470625));
#1706=CARTESIAN_POINT('',(79.492062163513,0.879774139882149,13.27375));
#1707=CARTESIAN_POINT('',(78.9427807452694,0.610385821311139,13.508125));
#1708=CARTESIAN_POINT('',(79.2380932452695,0.439887069941075,13.31125));
#1709=CARTESIAN_POINT('',(78.5903743270259,0.,13.545625));
#1710=CARTESIAN_POINT('',(78.984124327026,0.,13.34875));
#1711=CARTESIAN_POINT('',(78.9427807452694,-0.610385821311139,13.583125));
#1712=CARTESIAN_POINT('',(79.2380932452695,-0.439887069941075,13.38625));
#1713=CARTESIAN_POINT('',(79.295187163513,-1.22077164262228,13.620625));
#1714=CARTESIAN_POINT('',(79.492062163513,-0.879774139882149,13.42375));
#1715=CARTESIAN_POINT('',(80.,-1.22077164262228,13.658125));
#1716=CARTESIAN_POINT('',(80.,-0.87977413988215,13.46125));
#1717=CARTESIAN_POINT('',(80.704812836487,-1.22077164262228,13.695625));
#1718=CARTESIAN_POINT('',(80.507937836487,-0.87977413988215,13.49875));
#1719=CARTESIAN_POINT('',(81.0572192547306,-0.61038582131114,13.733125));
#1720=CARTESIAN_POINT('',(80.7619067547305,-0.439887069941075,13.53625));
#1721=CARTESIAN_POINT('',(81.4096256729741,0.,13.770625));
#1722=CARTESIAN_POINT('',(81.0158756729741,0.,13.57375));
#1723=CARTESIAN_POINT('',(81.0572192547306,0.610385821311138,13.808125));
#1724=CARTESIAN_POINT('',(80.7619067547305,0.439887069941074,13.61125));
#1725=CARTESIAN_POINT('',(80.704812836487,1.22077164262228,13.845625));
#1726=CARTESIAN_POINT('',(80.507937836487,0.879774139882149,13.64875));
#1727=CARTESIAN_POINT('',(80.,1.22077164262228,13.883125));
#1728=CARTESIAN_POINT('',(80.,0.87977413988215,13.68625));
#1729=CARTESIAN_POINT('',(79.295187163513,1.22077164262228,13.920625));
#1730=CARTESIAN_POINT('',(79.492062163513,0.879774139882149,13.72375));
#1731=CARTESIAN_POINT('',(78.9427807452694,0.610385821311139,13.958125));
#1732=CARTESIAN_POINT('',(79.2380932452695,0.439887069941075,13.76125));
#1733=CARTESIAN_POINT('',(78.5903743270259,0.,13.995625));
#1734=CARTESIAN_POINT('',(78.984124327026,0.,13.79875));
#1735=CARTESIAN_POINT('',(78.9427807452694,-0.610385821311139,14.033125));
#1736=CARTESIAN_POINT('',(79.2380932452695,-0.439887069941075,13.83625));
#1737=CARTESIAN_POINT('',(79.295187163513,-1.22077164262228,14.070625));
#1738=CARTESIAN_POINT('',(79.492062163513,-0.879774139882149,13.87375));
#1739=CARTESIAN_POINT('',(80.,-1.22077164262228,14.108125));
#1740=CARTESIAN_POINT('',(80.,-0.87977413988215,13.91125));
#1741=CARTESIAN_POINT('',(80.704812836487,-1.22077164262228,14.145625));
#1742=CARTESIAN_POINT('',(80.507937836487,-0.87977413988215,13.94875));
#1743=CARTESIAN_POINT('',(81.0572192547306,-0.61038582131114,14.183125));
#1744=CARTESIAN_POINT('',(80.7619067547305,-0.439887069941075,13.98625));
#1745=CARTESIAN_POINT('',(81.4096256729741,0.,14.220625));
#1746=CARTESIAN_POINT('',(81.0158756729741,0.,14.02375));
#1747=CARTESIAN_POINT('',(81.0572192547306,0.610385821311138,14.258125));
#1748=CARTESIAN_POINT('',(80.7619067547305,0.439887069941074,14.06125));
#1749=CARTESIAN_POINT('',(80.704812836487,1.22077164262228,14.295625));
#1750=CARTESIAN_POINT('',(80.507937836487,0.879774139882149,14.09875));
#1751=CARTESIAN_POINT('',(80.,1.22077164262228,14.333125));
#1752=CARTESIAN_POINT('',(80.,0.87977413988215,14.13625));
#1753=CARTESIAN_POINT('',(79.295187163513,1.22077164262228,14.370625));
#1754=CARTESIAN_POINT('',(79.492062163513,0.879774139882149,14.17375));
#1755=CARTESIAN_POINT('',(78.9427807452694,0.610385821311139,14.408125));
#1756=CARTESIAN_POINT('',(79.2380932452695,0.439887069941075,14.21125));
#1757=CARTESIAN_POINT('',(78.5903743270259,0.,14.445625));
#1758=CARTESIAN_POINT('',(78.984124327026,0.,14.24875));
#1759=CARTESIAN_POINT('',(78.9427807452694,-0.610385821311139,14.483125));
#1760=CARTESIAN_POINT('',(79.2380932452695,-0.439887069941075,14.28625));
#1761=CARTESIAN_POINT('',(79.295187163513,-1.22077164262228,14.520625));
#1762=CARTESIAN_POINT('',(79.492062163513,-0.879774139882149,14.32375));
#1763=CARTESIAN_POINT('',(80.,-1.22077164262228,14.558125));
#1764=CARTESIAN_POINT('',(80.,-0.87977413988215,14.36125));
#1765=CARTESIAN_POINT('',(80.704812836487,-1.22077164262228,14.595625));
#1766=CARTESIAN_POINT('',(80.507937836487,-0.87977413988215,14.39875));
#1767=CARTESIAN_POINT('',(81.0572192547306,-0.61038582131114,14.633125));
#1768=CARTESIAN_POINT('',(80.7619067547305,-0.439887069941075,14.43625));
#1769=CARTESIAN_POINT('',(81.4096256729741,0.,14.670625));
#1770=CARTESIAN_POINT('',(81.0158756729741,0.,14.47375));
#1771=CARTESIAN_POINT('',(81.0572192547306,0.610385821311138,14.708125));
#1772=CARTESIAN_POINT('',(80.7619067547305,0.439887069941074,14.51125));
#1773=CARTESIAN_POINT('',(80.704812836487,1.22077164262228,14.745625));
#1774=CARTESIAN_POINT('',(80.507937836487,0.879774139882149,14.54875));
#1775=CARTESIAN_POINT('',(80.,1.22077164262228,14.783125));
#1776=CARTESIAN_POINT('',(80.,0.87977413988215,14.58625));
#1777=CARTESIAN_POINT('',(79.295187163513,1.22077164262228,14.820625));
#1778=CARTESIAN_POINT('',(79.492062163513,0.879774139882149,14.62375));
#1779=CARTESIAN_POINT('',(78.9427807452694,0.610385821311139,14.858125));
#1780=CARTESIAN_POINT('',(79.2380932452695,0.439887069941075,14.66125));
#1781=CARTESIAN_POINT('',(78.5903743270259,0.,14.895625));
#1782=CARTESIAN_POINT('',(78.984124327026,0.,14.69875));
#1783=CARTESIAN_POINT('',(78.9427807452694,-0.610385821311139,14.933125));
#1784=CARTESIAN_POINT('',(79.2380932452695,-0.439887069941075,14.73625));
#1785=CARTESIAN_POINT('',(79.295187163513,-1.22077164262228,14.970625));
#1786=CARTESIAN_POINT('',(79.492062163513,-0.879774139882149,14.77375));
#1787=CARTESIAN_POINT('',(80.,-1.22077164262228,15.008125));
#1788=CARTESIAN_POINT('',(80.,-0.87977413988215,14.81125));
#1789=CARTESIAN_POINT('',(80.704812836487,-1.22077164262228,15.045625));
#1790=CARTESIAN_POINT('',(80.507937836487,-0.87977413988215,14.84875));
#1791=CARTESIAN_POINT('',(81.0572192547306,-0.61038582131114,15.083125));
#1792=CARTESIAN_POINT('',(80.7619067547305,-0.439887069941075,14.88625));
#1793=CARTESIAN_POINT('',(81.4096256729741,0.,15.120625));
#1794=CARTESIAN_POINT('',(81.0158756729741,0.,14.92375));
#1795=CARTESIAN_POINT('',(81.0572192547306,0.610385821311138,15.158125));
#1796=CARTESIAN_POINT('',(80.7619067547305,0.439887069941074,14.96125));
#1797=CARTESIAN_POINT('',(80.704812836487,1.22077164262228,15.195625));
#1798=CARTESIAN_POINT('',(80.507937836487,0.879774139882149,14.99875));
#1799=CARTESIAN_POINT('',(80.,1.22077164262228,15.233125));
#1800=CARTESIAN_POINT('',(80.,0.87977413988215,15.03625));
#1801=CARTESIAN_POINT('',(79.295187163513,1.22077164262228,15.270625));
#1802=CARTESIAN_POINT('',(79.492062163513,0.879774139882149,15.07375));
#1803=CARTESIAN_POINT('',(78.9427807452694,0.610385821311139,15.308125));
#1804=CARTESIAN_POINT('',(79.2380932452695,0.439887069941075,15.11125));
#1805=CARTESIAN_POINT('',(78.5903743270259,0.,15.345625));
#1806=CARTESIAN_POINT('',(78.984124327026,0.,15.14875));
#1807=CARTESIAN_POINT('',(78.9427807452694,-0.610385821311139,15.383125));
#1808=CARTESIAN_POINT('',(79.2380932452695,-0.439887069941075,15.18625));
#1809=CARTESIAN_POINT('',(79.295187163513,-1.22077164262228,15.420625));
#1810=CARTESIAN_POINT('',(79.492062163513,-0.879774139882149,15.22375));
#1811=CARTESIAN_POINT('',(80.,-1.22077164262228,15.458125));
#1812=CARTESIAN_POINT('',(80.,-0.87977413988215,15.26125));
#1813=CARTESIAN_POINT('',(80.704812836487,-1.22077164262228,15.495625));
#1814=CARTESIAN_POINT('',(80.507937836487,-0.87977413988215,15.29875));
#1815=CARTESIAN_POINT('',(81.0572192547306,-0.61038582131114,15.533125));
#1816=CARTESIAN_POINT('',(80.7619067547305,-0.439887069941075,15.33625));
#1817=CARTESIAN_POINT('',(81.4096256729741,0.,15.570625));
#1818=CARTESIAN_POINT('',(81.0158756729741,0.,15.37375));
#1819=CARTESIAN_POINT('',(81.0572192547306,0.610385821311138,15.608125));
#1820=CARTESIAN_POINT('',(80.7619067547305,0.439887069941074,15.41125));
#1821=CARTESIAN_POINT('',(80.704812836487,1.22077164262228,15.645625));
#1822=CARTESIAN_POINT('',(80.507937836487,0.879774139882149,15.44875));
#1823=CARTESIAN_POINT('',(80.,1.22077164262228,15.683125));
#1824=CARTESIAN_POINT('',(80.,0.87977413988215,15.48625));
#1825=CARTESIAN_POINT('',(79.295187163513,1.22077164262228,15.720625));
#1826=CARTESIAN_POINT('',(79.492062163513,0.879774139882149,15.52375));
#1827=CARTESIAN_POINT('',(78.9427807452694,0.610385821311139,15.758125));
#1828=CARTESIAN_POINT('',(79.2380932452695,0.439887069941075,15.56125));
#1829=CARTESIAN_POINT('',(78.5903743270259,0.,15.795625));
#1830=CARTESIAN_POINT('',(78.984124327026,0.,15.59875));
#1831=CARTESIAN_POINT('',(78.9427807452694,-0.610385821311139,15.833125));
#1832=CARTESIAN_POINT('',(79.2380932452695,-0.439887069941075,15.63625));
#1833=CARTESIAN_POINT('',(79.295187163513,-1.22077164262228,15.870625));
#1834=CARTESIAN_POINT('',(79.492062163513,-0.879774139882149,15.67375));
#1835=CARTESIAN_POINT('',(80.,-1.22077164262228,15.908125));
#1836=CARTESIAN_POINT('',(80.,-0.87977413988215,15.71125));
#1837=CARTESIAN_POINT('',(80.704812836487,-1.22077164262228,15.945625));
#1838=CARTESIAN_POINT('',(80.507937836487,-0.87977413988215,15.74875));
#1839=CARTESIAN_POINT('',(81.0572192547306,-0.61038582131114,15.983125));
#1840=CARTESIAN_POINT('',(80.7619067547305,-0.439887069941075,15.78625));
#1841=CARTESIAN_POINT('',(81.4096256729741,0.,16.020625));
#1842=CARTESIAN_POINT('',(81.0158756729741,0.,15.82375));
#1843=CARTESIAN_POINT('',(81.0572192547306,0.610385821311138,16.058125));
#1844=CARTESIAN_POINT('',(80.7619067547305,0.439887069941074,15.86125));
#1845=CARTESIAN_POINT('',(80.704812836487,1.22077164262228,16.095625));
#1846=CARTESIAN_POINT('',(80.507937836487,0.879774139882149,15.89875));
#1847=CARTESIAN_POINT('',(80.,1.22077164262228,16.133125));
#1848=CARTESIAN_POINT('',(80.,0.87977413988215,15.93625));
#1849=CARTESIAN_POINT('',(79.295187163513,1.22077164262228,16.170625));
#1850=CARTESIAN_POINT('',(79.492062163513,0.879774139882149,15.97375));
#1851=CARTESIAN_POINT('',(78.9427807452694,0.610385821311139,16.208125));
#1852=CARTESIAN_POINT('',(79.2380932452695,0.439887069941075,16.01125));
#1853=CARTESIAN_POINT('',(78.5903743270259,0.,16.245625));
#1854=CARTESIAN_POINT('',(78.984124327026,0.,16.04875));
#1855=CARTESIAN_POINT('',(78.9427807452694,-0.610385821311139,16.283125));
#1856=CARTESIAN_POINT('',(79.2380932452695,-0.439887069941075,16.08625));
#1857=CARTESIAN_POINT('',(79.295187163513,-1.22077164262228,16.320625));
#1858=CARTESIAN_POINT('',(79.492062163513,-0.879774139882149,16.12375));
#1859=CARTESIAN_POINT('',(80.,-1.22077164262228,16.358125));
#1860=CARTESIAN_POINT('',(80.,-0.87977413988215,16.16125));
#1861=CARTESIAN_POINT('',(80.704812836487,-1.22077164262228,16.395625));
#1862=CARTESIAN_POINT('',(80.507937836487,-0.87977413988215,16.19875));
#1863=CARTESIAN_POINT('',(81.0572192547306,-0.61038582131114,16.433125));
#1864=CARTESIAN_POINT('',(80.7619067547305,-0.439887069941075,16.23625));
#1865=CARTESIAN_POINT('',(81.4096256729741,0.,16.470625));
#1866=CARTESIAN_POINT('',(81.0158756729741,0.,16.27375));
#1867=CARTESIAN_POINT('',(81.0572192547306,0.610385821311138,16.508125));
#1868=CARTESIAN_POINT('',(80.7619067547305,0.439887069941074,16.31125));
#1869=CARTESIAN_POINT('',(80.704812836487,1.22077164262228,16.545625));
#1870=CARTESIAN_POINT('',(80.507937836487,0.879774139882149,16.34875));
#1871=CARTESIAN_POINT('',(80.,1.22077164262228,16.583125));
#1872=CARTESIAN_POINT('',(80.,0.87977413988215,16.38625));
#1873=CARTESIAN_POINT('',(79.295187163513,1.22077164262228,16.620625));
#1874=CARTESIAN_POINT('',(79.492062163513,0.879774139882149,16.42375));
#1875=CARTESIAN_POINT('',(78.9427807452694,0.610385821311139,16.658125));
#1876=CARTESIAN_POINT('',(79.2380932452695,0.439887069941075,16.46125));
#1877=CARTESIAN_POINT('',(78.5903743270259,0.,16.695625));
#1878=CARTESIAN_POINT('',(78.984124327026,0.,16.49875));
#1879=CARTESIAN_POINT('',(78.9427807452694,-0.610385821311139,16.733125));
#1880=CARTESIAN_POINT('',(79.2380932452695,-0.439887069941075,16.53625));
#1881=CARTESIAN_POINT('',(79.295187163513,-1.22077164262228,16.770625));
#1882=CARTESIAN_POINT('',(79.492062163513,-0.879774139882149,16.57375));
#1883=CARTESIAN_POINT('',(80.,-1.22077164262228,16.808125));
#1884=CARTESIAN_POINT('',(80.,-0.87977413988215,16.61125));
#1885=CARTESIAN_POINT('',(80.704812836487,-1.22077164262228,16.845625));
#1886=CARTESIAN_POINT('',(80.507937836487,-0.87977413988215,16.64875));
#1887=CARTESIAN_POINT('',(81.0572192547306,-0.61038582131114,16.883125));
#1888=CARTESIAN_POINT('',(80.7619067547305,-0.439887069941075,16.68625));
#1889=CARTESIAN_POINT('',(81.4096256729741,0.,16.920625));
#1890=CARTESIAN_POINT('',(81.0158756729741,0.,16.72375));
#1891=CARTESIAN_POINT('',(81.0572192547306,0.610385821311138,16.958125));
#1892=CARTESIAN_POINT('',(80.7619067547305,0.439887069941074,16.76125));
#1893=CARTESIAN_POINT('',(80.704812836487,1.22077164262228,16.995625));
#1894=CARTESIAN_POINT('',(80.507937836487,0.879774139882149,16.79875));
#1895=CARTESIAN_POINT('',(80.,1.22077164262228,17.033125));
#1896=CARTESIAN_POINT('',(80.,0.87977413988215,16.83625));
#1897=CARTESIAN_POINT('',(79.295187163513,1.22077164262228,17.070625));
#1898=CARTESIAN_POINT('',(79.492062163513,0.879774139882149,16.87375));
#1899=CARTESIAN_POINT('',(78.9427807452694,0.610385821311139,17.108125));
#1900=CARTESIAN_POINT('',(79.2380932452695,0.439887069941075,16.91125));
#1901=CARTESIAN_POINT('',(78.5903743270259,0.,17.145625));
#1902=CARTESIAN_POINT('',(78.984124327026,0.,16.94875));
#1903=CARTESIAN_POINT('',(78.9427807452694,-0.610385821311139,17.183125));
#1904=CARTESIAN_POINT('',(79.2380932452695,-0.439887069941075,16.98625));
#1905=CARTESIAN_POINT('',(79.295187163513,-1.22077164262228,17.220625));
#1906=CARTESIAN_POINT('',(79.492062163513,-0.879774139882149,17.02375));
#1907=CARTESIAN_POINT('',(80.,-1.22077164262228,17.258125));
#1908=CARTESIAN_POINT('',(80.,-0.87977413988215,17.06125));
#1909=CARTESIAN_POINT('',(80.704812836487,-1.22077164262228,17.295625));
#1910=CARTESIAN_POINT('',(80.507937836487,-0.87977413988215,17.09875));
#1911=CARTESIAN_POINT('',(81.0572192547306,-0.61038582131114,17.333125));
#1912=CARTESIAN_POINT('',(80.7619067547305,-0.439887069941075,17.13625));
#1913=CARTESIAN_POINT('',(81.4096256729741,0.,17.370625));
#1914=CARTESIAN_POINT('',(81.0158756729741,0.,17.17375));
#1915=CARTESIAN_POINT('',(81.0572192547306,0.610385821311138,17.408125));
#1916=CARTESIAN_POINT('',(80.7619067547305,0.439887069941074,17.21125));
#1917=CARTESIAN_POINT('',(80.704812836487,1.22077164262228,17.445625));
#1918=CARTESIAN_POINT('',(80.507937836487,0.879774139882149,17.24875));
#1919=CARTESIAN_POINT('',(80.,1.22077164262228,17.483125));
#1920=CARTESIAN_POINT('',(80.,0.87977413988215,17.28625));
#1921=CARTESIAN_POINT('',(79.295187163513,1.22077164262228,17.520625));
#1922=CARTESIAN_POINT('',(79.492062163513,0.879774139882149,17.32375));
#1923=CARTESIAN_POINT('',(78.9427807452694,0.610385821311139,17.558125));
#1924=CARTESIAN_POINT('',(79.2380932452695,0.439887069941075,17.36125));
#1925=CARTESIAN_POINT('',(78.5903743270259,0.,17.595625));
#1926=CARTESIAN_POINT('',(78.984124327026,0.,17.39875));
#1927=CARTESIAN_POINT('',(78.9427807452694,-0.610385821311139,17.633125));
#1928=CARTESIAN_POINT('',(79.2380932452695,-0.439887069941075,17.43625));
#1929=CARTESIAN_POINT('',(79.295187163513,-1.22077164262228,17.670625));
#1930=CARTESIAN_POINT('',(79.492062163513,-0.879774139882149,17.47375));
#1931=CARTESIAN_POINT('',(80.,-1.22077164262228,17.708125));
#1932=CARTESIAN_POINT('',(80.,-0.87977413988215,17.51125));
#1933=CARTESIAN_POINT('',(80.704812836487,-1.22077164262228,17.745625));
#1934=CARTESIAN_POINT('',(80.507937836487,-0.87977413988215,17.54875));
#1935=CARTESIAN_POINT('',(81.0572192547306,-0.61038582131114,17.783125));
#1936=CARTESIAN_POINT('',(80.7619067547305,-0.439887069941075,17.58625));
#1937=CARTESIAN_POINT('',(81.4096256729741,0.,17.820625));
#1938=CARTESIAN_POINT('',(81.0158756729741,0.,17.62375));
#1939=CARTESIAN_POINT('',(81.0572192547306,0.610385821311138,17.858125));
#1940=CARTESIAN_POINT('',(80.7619067547305,0.439887069941074,17.66125));
#1941=CARTESIAN_POINT('',(80.704812836487,1.22077164262228,17.895625));
#1942=CARTESIAN_POINT('',(80.507937836487,0.879774139882149,17.69875));
#1943=CARTESIAN_POINT('',(80.,1.22077164262228,17.933125));
#1944=CARTESIAN_POINT('',(80.,0.87977413988215,17.73625));
#1945=CARTESIAN_POINT('',(79.295187163513,1.22077164262228,17.970625));
#1946=CARTESIAN_POINT('',(79.492062163513,0.879774139882149,17.77375));
#1947=CARTESIAN_POINT('',(78.9427807452694,0.610385821311139,18.008125));
#1948=CARTESIAN_POINT('',(79.2380932452695,0.439887069941075,17.81125));
#1949=CARTESIAN_POINT('',(78.5903743270259,0.,18.045625));
#1950=CARTESIAN_POINT('',(78.984124327026,0.,17.84875));
#1951=CARTESIAN_POINT('',(78.9427807452694,-0.610385821311139,18.083125));
#1952=CARTESIAN_POINT('',(79.2380932452695,-0.439887069941075,17.88625));
#1953=CARTESIAN_POINT('',(79.295187163513,-1.22077164262228,18.120625));
#1954=CARTESIAN_POINT('',(79.492062163513,-0.879774139882149,17.92375));
#1955=CARTESIAN_POINT('',(80.,-1.22077164262228,18.158125));
#1956=CARTESIAN_POINT('',(80.,-0.87977413988215,17.96125));
#1957=CARTESIAN_POINT('',(80.704812836487,-1.22077164262228,18.195625));
#1958=CARTESIAN_POINT('',(80.507937836487,-0.87977413988215,17.99875));
#1959=CARTESIAN_POINT('',(81.0572192547306,-0.61038582131114,18.233125));
#1960=CARTESIAN_POINT('',(80.7619067547305,-0.439887069941075,18.03625));
#1961=CARTESIAN_POINT('',(81.4096256729741,0.,18.270625));
#1962=CARTESIAN_POINT('',(81.0158756729741,0.,18.07375));
#1963=CARTESIAN_POINT('',(81.0572192547306,0.610385821311138,18.308125));
#1964=CARTESIAN_POINT('',(80.7619067547305,0.439887069941074,18.11125));
#1965=CARTESIAN_POINT('',(80.704812836487,1.22077164262228,18.345625));
#1966=CARTESIAN_POINT('',(80.507937836487,0.879774139882149,18.14875));
#1967=CARTESIAN_POINT('',(80.,1.22077164262228,18.383125));
#1968=CARTESIAN_POINT('',(80.,0.87977413988215,18.18625));
#1969=CARTESIAN_POINT('',(79.295187163513,1.22077164262228,18.420625));
#1970=CARTESIAN_POINT('',(79.492062163513,0.879774139882149,18.22375));
#1971=CARTESIAN_POINT('',(78.9427807452694,0.610385821311139,18.458125));
#1972=CARTESIAN_POINT('',(79.2380932452695,0.439887069941075,18.26125));
#1973=CARTESIAN_POINT('',(78.5903743270259,0.,18.495625));
#1974=CARTESIAN_POINT('',(78.984124327026,0.,18.29875));
#1975=CARTESIAN_POINT('',(78.9427807452694,-0.610385821311139,18.533125));
#1976=CARTESIAN_POINT('',(79.2380932452695,-0.439887069941075,18.33625));
#1977=CARTESIAN_POINT('',(79.295187163513,-1.22077164262228,18.570625));
#1978=CARTESIAN_POINT('',(79.492062163513,-0.879774139882149,18.37375));
#1979=CARTESIAN_POINT('',(80.,-1.22077164262228,18.608125));
#1980=CARTESIAN_POINT('',(80.,-0.87977413988215,18.41125));
#1981=CARTESIAN_POINT('',(80.704812836487,-1.22077164262228,18.645625));
#1982=CARTESIAN_POINT('',(80.507937836487,-0.87977413988215,18.44875));
#1983=CARTESIAN_POINT('',(81.0572192547306,-0.61038582131114,18.683125));
#1984=CARTESIAN_POINT('',(80.7619067547305,-0.439887069941075,18.48625));
#1985=CARTESIAN_POINT('',(81.4096256729741,0.,18.720625));
#1986=CARTESIAN_POINT('',(81.0158756729741,0.,18.52375));
#1987=CARTESIAN_POINT('',(81.0572192547306,0.610385821311138,18.758125));
#1988=CARTESIAN_POINT('',(80.7619067547305,0.439887069941074,18.56125));
#1989=CARTESIAN_POINT('',(80.704812836487,1.22077164262228,18.795625));
#1990=CARTESIAN_POINT('',(80.507937836487,0.879774139882149,18.59875));
#1991=CARTESIAN_POINT('',(80.,1.22077164262228,18.833125));
#1992=CARTESIAN_POINT('',(80.,0.87977413988215,18.63625));
#1993=CARTESIAN_POINT('',(79.295187163513,1.22077164262228,18.870625));
#1994=CARTESIAN_POINT('',(79.492062163513,0.879774139882149,18.67375));
#1995=CARTESIAN_POINT('',(78.9427807452694,0.610385821311139,18.908125));
#1996=CARTESIAN_POINT('',(79.2380932452695,0.439887069941075,18.71125));
#1997=CARTESIAN_POINT('',(78.5903743270259,0.,18.945625));
#1998=CARTESIAN_POINT('',(78.984124327026,0.,18.74875));
#1999=CARTESIAN_POINT('',(78.9427807452694,-0.610385821311139,18.983125));
#2000=CARTESIAN_POINT('',(79.2380932452695,-0.439887069941075,18.78625));
#2001=CARTESIAN_POINT('',(79.295187163513,-1.22077164262228,19.020625));
#2002=CARTESIAN_POINT('',(79.492062163513,-0.879774139882149,18.82375));
#2003=CARTESIAN_POINT('',(80.,-1.22077164262228,19.058125));
#2004=CARTESIAN_POINT('',(80.,-0.87977413988215,18.86125));
#2005=CARTESIAN_POINT('',(80.704812836487,-1.22077164262228,19.095625));
#2006=CARTESIAN_POINT('',(80.507937836487,-0.87977413988215,18.89875));
#2007=CARTESIAN_POINT('',(81.0572192547306,-0.61038582131114,19.133125));
#2008=CARTESIAN_POINT('',(80.7619067547305,-0.439887069941075,18.93625));
#2009=CARTESIAN_POINT('',(81.4096256729741,0.,19.170625));
#2010=CARTESIAN_POINT('',(81.0158756729741,0.,18.97375));
#2011=CARTESIAN_POINT('',(81.0572192547306,0.610385821311138,19.208125));
#2012=CARTESIAN_POINT('',(80.7619067547305,0.439887069941074,19.01125));
#2013=CARTESIAN_POINT('',(80.704812836487,1.22077164262228,19.245625));
#2014=CARTESIAN_POINT('',(80.507937836487,0.879774139882149,19.04875));
#2015=CARTESIAN_POINT('',(80.,1.22077164262228,19.283125));
#2016=CARTESIAN_POINT('',(80.,0.87977413988215,19.08625));
#2017=CARTESIAN_POINT('',(79.295187163513,1.22077164262228,19.320625));
#2018=CARTESIAN_POINT('',(79.492062163513,0.879774139882149,19.12375));
#2019=CARTESIAN_POINT('',(78.9427807452694,0.610385821311139,19.358125));
#2020=CARTESIAN_POINT('',(79.2380932452695,0.439887069941075,19.16125));
#2021=CARTESIAN_POINT('',(78.5903743270259,0.,19.395625));
#2022=CARTESIAN_POINT('',(78.984124327026,0.,19.19875));
#2023=CARTESIAN_POINT('',(78.9427807452694,-0.610385821311139,19.433125));
#2024=CARTESIAN_POINT('',(79.2380932452695,-0.439887069941075,19.23625));
#2025=CARTESIAN_POINT('',(79.295187163513,-1.22077164262228,19.470625));
#2026=CARTESIAN_POINT('',(79.492062163513,-0.879774139882149,19.2737499999999));
#2027=CARTESIAN_POINT('',(80.,-1.22077164262228,19.508125));
#2028=CARTESIAN_POINT('',(80.,-0.87977413988215,19.31125));
#2029=CARTESIAN_POINT('',(80.704812836487,-1.22077164262228,19.545625));
#2030=CARTESIAN_POINT('',(80.507937836487,-0.87977413988215,19.34875));
#2031=CARTESIAN_POINT('',(81.0572192547306,-0.61038582131114,19.583125));
#2032=CARTESIAN_POINT('',(80.7619067547305,-0.439887069941075,19.38625));
#2033=CARTESIAN_POINT('',(81.4096256729741,0.,19.620625));
#2034=CARTESIAN_POINT('',(81.0158756729741,0.,19.42375));
#2035=CARTESIAN_POINT('',(81.0572192547306,0.610385821311138,19.658125));
#2036=CARTESIAN_POINT('',(80.7619067547305,0.439887069941074,19.46125));
#2037=CARTESIAN_POINT('',(80.704812836487,1.22077164262228,19.695625));
#2038=CARTESIAN_POINT('',(80.507937836487,0.879774139882149,19.49875));
#2039=CARTESIAN_POINT('',(80.,1.22077164262228,19.733125));
#2040=CARTESIAN_POINT('',(80.,0.87977413988215,19.53625));
#2041=CARTESIAN_POINT('',(79.295187163513,1.22077164262228,19.770625));
#2042=CARTESIAN_POINT('',(79.492062163513,0.879774139882149,19.57375));
#2043=CARTESIAN_POINT('',(78.9427807452694,0.610385821311139,19.808125));
#2044=CARTESIAN_POINT('',(79.2380932452695,0.439887069941075,19.61125));
#2045=CARTESIAN_POINT('',(78.5903743270259,0.,19.845625));
#2046=CARTESIAN_POINT('',(78.984124327026,0.,19.64875));
#2047=CARTESIAN_POINT('',(78.9427807452694,-0.610385821311139,19.883125));
#2048=CARTESIAN_POINT('',(79.2380932452695,-0.439887069941075,19.68625));
#2049=CARTESIAN_POINT('',(79.295187163513,-1.22077164262228,19.920625));
#2050=CARTESIAN_POINT('',(79.492062163513,-0.879774139882149,19.72375));
#2051=CARTESIAN_POINT('',(80.,-1.22077164262228,19.958125));
#2052=CARTESIAN_POINT('',(80.,-0.87977413988215,19.76125));
#2053=CARTESIAN_POINT('',(80.704812836487,-1.22077164262228,19.995625));
#2054=CARTESIAN_POINT('',(80.507937836487,-0.87977413988215,19.79875));
#2055=CARTESIAN_POINT('',(81.0572192547306,-0.61038582131114,20.033125));
#2056=CARTESIAN_POINT('',(80.7619067547305,-0.439887069941075,19.83625));
#2057=CARTESIAN_POINT('',(81.4096256729741,0.,20.070625));
#2058=CARTESIAN_POINT('',(81.0158756729741,0.,19.87375));
#2059=CARTESIAN_POINT('',(81.0572192547306,0.610385821311138,20.108125));
#2060=CARTESIAN_POINT('',(80.7619067547305,0.439887069941074,19.91125));
#2061=CARTESIAN_POINT('',(80.704812836487,1.22077164262228,20.145625));
#2062=CARTESIAN_POINT('',(80.507937836487,0.879774139882149,19.94875));
#2063=CARTESIAN_POINT('',(80.,1.22077164262228,20.183125));
#2064=CARTESIAN_POINT('',(80.,0.87977413988215,19.98625));
#2065=CARTESIAN_POINT('',(79.295187163513,1.22077164262228,20.220625));
#2066=CARTESIAN_POINT('',(79.492062163513,0.879774139882149,20.02375));
#2067=CARTESIAN_POINT('',(78.9427807452694,0.610385821311139,20.258125));
#2068=CARTESIAN_POINT('',(79.2380932452695,0.439887069941075,20.06125));
#2069=CARTESIAN_POINT('',(78.5903743270259,0.,20.295625));
#2070=CARTESIAN_POINT('',(78.984124327026,0.,20.09875));
#2071=CARTESIAN_POINT('',(78.9427807452694,-0.610385821311139,20.333125));
#2072=CARTESIAN_POINT('',(79.2380932452695,-0.439887069941075,20.13625));
#2073=CARTESIAN_POINT('',(79.295187163513,-1.22077164262228,20.370625));
#2074=CARTESIAN_POINT('',(79.492062163513,-0.879774139882149,20.17375));
#2075=CARTESIAN_POINT('',(80.,-1.22077164262228,20.408125));
#2076=CARTESIAN_POINT('',(80.,-0.87977413988215,20.21125));
#2077=CARTESIAN_POINT('',(80.704812836487,-1.22077164262228,20.445625));
#2078=CARTESIAN_POINT('',(80.507937836487,-0.87977413988215,20.24875));
#2079=CARTESIAN_POINT('',(81.0572192547306,-0.61038582131114,20.483125));
#2080=CARTESIAN_POINT('',(80.7619067547305,-0.439887069941075,20.28625));
#2081=CARTESIAN_POINT('',(81.4096256729741,0.,20.520625));
#2082=CARTESIAN_POINT('',(81.0158756729741,0.,20.32375));
#2083=CARTESIAN_POINT('',(81.0572192547306,0.610385821311138,20.558125));
#2084=CARTESIAN_POINT('',(80.7619067547305,0.439887069941074,20.36125));
#2085=CARTESIAN_POINT('',(80.704812836487,1.22077164262228,20.595625));
#2086=CARTESIAN_POINT('',(80.507937836487,0.879774139882149,20.39875));
#2087=CARTESIAN_POINT('',(80.,1.22077164262228,20.633125));
#2088=CARTESIAN_POINT('',(80.,0.87977413988215,20.43625));
#2089=CARTESIAN_POINT('',(79.295187163513,1.22077164262228,20.670625));
#2090=CARTESIAN_POINT('',(79.492062163513,0.879774139882149,20.47375));
#2091=CARTESIAN_POINT('',(78.9427807452694,0.610385821311139,20.708125));
#2092=CARTESIAN_POINT('',(79.2380932452695,0.439887069941075,20.51125));
#2093=CARTESIAN_POINT('',(78.5903743270259,0.,20.745625));
#2094=CARTESIAN_POINT('',(78.984124327026,0.,20.54875));
#2095=CARTESIAN_POINT('',(78.9427807452694,-0.610385821311139,20.783125));
#2096=CARTESIAN_POINT('',(79.2380932452695,-0.439887069941075,20.5862499999999));
#2097=CARTESIAN_POINT('',(79.295187163513,-1.22077164262228,20.820625));
#2098=CARTESIAN_POINT('',(79.492062163513,-0.879774139882149,20.62375));
#2099=CARTESIAN_POINT('',(80.,-1.22077164262228,20.858125));
#2100=CARTESIAN_POINT('',(80.,-0.87977413988215,20.66125));
#2101=CARTESIAN_POINT('',(80.704812836487,-1.22077164262228,20.895625));
#2102=CARTESIAN_POINT('',(80.507937836487,-0.87977413988215,20.69875));
#2103=CARTESIAN_POINT('',(81.0572192547306,-0.61038582131114,20.933125));
#2104=CARTESIAN_POINT('',(80.7619067547305,-0.439887069941075,20.73625));
#2105=CARTESIAN_POINT('',(81.4096256729741,0.,20.970625));
#2106=CARTESIAN_POINT('',(81.0158756729741,0.,20.77375));
#2107=CARTESIAN_POINT('',(81.0572192547306,0.610385821311138,21.0081249999999));
#2108=CARTESIAN_POINT('',(80.7619067547305,0.439887069941074,20.81125));
#2109=CARTESIAN_POINT('',(80.704812836487,1.22077164262228,21.045625));
#2110=CARTESIAN_POINT('',(80.507937836487,0.879774139882149,20.84875));
#2111=CARTESIAN_POINT('',(80.,1.22077164262228,21.083125));
#2112=CARTESIAN_POINT('',(80.,0.87977413988215,20.88625));
#2113=CARTESIAN_POINT('',(79.295187163513,1.22077164262228,21.120625));
#2114=CARTESIAN_POINT('',(79.492062163513,0.879774139882149,20.92375));
#2115=CARTESIAN_POINT('',(78.9427807452694,0.610385821311139,21.158125));
#2116=CARTESIAN_POINT('',(79.2380932452695,0.439887069941075,20.9612499999999));
#2117=CARTESIAN_POINT('',(78.5903743270259,0.,21.1956249999999));
#2118=CARTESIAN_POINT('',(78.984124327026,0.,20.99875));
#2119=CARTESIAN_POINT('',(78.9427807452694,-0.610385821311139,21.233125));
#2120=CARTESIAN_POINT('',(79.2380932452695,-0.439887069941075,21.0362499999999));
#2121=CARTESIAN_POINT('',(79.295187163513,-1.22077164262228,21.270625));
#2122=CARTESIAN_POINT('',(79.492062163513,-0.879774139882149,21.07375));
#2123=CARTESIAN_POINT('',(80.,-1.22077164262228,21.308125));
#2124=CARTESIAN_POINT('',(80.,-0.87977413988215,21.11125));
#2125=CARTESIAN_POINT('',(80.704812836487,-1.22077164262228,21.345625));
#2126=CARTESIAN_POINT('',(80.507937836487,-0.87977413988215,21.14875));
#2127=CARTESIAN_POINT('',(81.0572192547306,-0.61038582131114,21.383125));
#2128=CARTESIAN_POINT('',(80.7619067547305,-0.439887069941075,21.18625));
#2129=CARTESIAN_POINT('',(81.4096256729741,0.,21.420625));
#2130=CARTESIAN_POINT('',(81.0158756729741,0.,21.22375));
#2131=CARTESIAN_POINT('',(81.0572192547306,0.610385821311138,21.4581249999999));
#2132=CARTESIAN_POINT('',(80.7619067547305,0.439887069941074,21.2612499999999));
#2133=CARTESIAN_POINT('',(80.704812836487,1.22077164262228,21.495625));
#2134=CARTESIAN_POINT('',(80.507937836487,0.879774139882149,21.2987499999999));
#2135=CARTESIAN_POINT('',(80.,1.22077164262228,21.533125));
#2136=CARTESIAN_POINT('',(80.,0.87977413988215,21.3362499999999));
#2137=CARTESIAN_POINT('',(79.295187163513,1.22077164262228,21.570625));
#2138=CARTESIAN_POINT('',(79.492062163513,0.879774139882149,21.37375));
#2139=CARTESIAN_POINT('',(78.9427807452694,0.610385821311139,21.608125));
#2140=CARTESIAN_POINT('',(79.2380932452695,0.439887069941075,21.4112499999999));
#2141=CARTESIAN_POINT('',(78.5903743270259,0.,21.645625));
#2142=CARTESIAN_POINT('',(78.984124327026,0.,21.44875));
#2143=CARTESIAN_POINT('',(78.9427807452694,-0.610385821311139,21.683125));
#2144=CARTESIAN_POINT('',(79.2380932452695,-0.439887069941075,21.4862499999999));
#2145=CARTESIAN_POINT('',(79.295187163513,-1.22077164262228,21.720625));
#2146=CARTESIAN_POINT('',(79.492062163513,-0.879774139882149,21.5237499999999));
#2147=CARTESIAN_POINT('',(80.,-1.22077164262228,21.7581249999999));
#2148=CARTESIAN_POINT('',(80.,-0.87977413988215,21.56125));
#2149=CARTESIAN_POINT('',(80.704812836487,-1.22077164262228,21.795625));
#2150=CARTESIAN_POINT('',(80.507937836487,-0.87977413988215,21.59875));
#2151=CARTESIAN_POINT('',(81.0572192547306,-0.61038582131114,21.833125));
#2152=CARTESIAN_POINT('',(80.7619067547305,-0.439887069941075,21.63625));
#2153=CARTESIAN_POINT('',(81.4096256729741,0.,21.870625));
#2154=CARTESIAN_POINT('',(81.0158756729741,0.,21.67375));
#2155=CARTESIAN_POINT('',(81.0572192547306,0.610385821311138,21.9081249999999));
#2156=CARTESIAN_POINT('',(80.7619067547305,0.439887069941074,21.7112499999999));
#2157=CARTESIAN_POINT('',(80.704812836487,1.22077164262228,21.9456249999999));
#2158=CARTESIAN_POINT('',(80.507937836487,0.879774139882149,21.74875));
#2159=CARTESIAN_POINT('',(80.,1.22077164262228,21.983125));
#2160=CARTESIAN_POINT('',(80.,0.87977413988215,21.7862499999999));
#2161=CARTESIAN_POINT('',(79.295187163513,1.22077164262228,22.020625));
#2162=CARTESIAN_POINT('',(79.492062163513,0.879774139882149,21.82375));
#2163=CARTESIAN_POINT('',(78.9427807452694,0.610385821311139,22.058125));
#2164=CARTESIAN_POINT('',(79.2380932452695,0.439887069941075,21.8612499999999));
#2165=CARTESIAN_POINT('',(78.5903743270259,0.,22.095625));
#2166=CARTESIAN_POINT('',(78.984124327026,0.,21.8987499999999));
#2167=CARTESIAN_POINT('',(78.9427807452694,-0.610385821311139,22.1331249999999));
#2168=CARTESIAN_POINT('',(79.2380932452695,-0.439887069941075,21.9362499999999));
#2169=CARTESIAN_POINT('',(79.295187163513,-1.22077164262228,22.170625));
#2170=CARTESIAN_POINT('',(79.492062163513,-0.879774139882149,21.9737499999999));
#2171=CARTESIAN_POINT('',(80.,-1.22077164262228,22.208125));
#2172=CARTESIAN_POINT('',(80.,-0.87977413988215,22.0112499999999));
#2173=CARTESIAN_POINT('',(80.704812836487,-1.22077164262228,22.245625));
#2174=CARTESIAN_POINT('',(80.507937836487,-0.87977413988215,22.0487499999999));
#2175=CARTESIAN_POINT('',(81.0572192547306,-0.61038582131114,22.2831249999999));
#2176=CARTESIAN_POINT('',(80.7619067547305,-0.439887069941075,22.0862499999999));
#2177=CARTESIAN_POINT('',(81.4096256729741,0.,22.3206249999999));
#2178=CARTESIAN_POINT('',(81.0158756729741,0.,22.12375));
#2179=CARTESIAN_POINT('',(81.0572192547306,0.610385821311138,22.3581249999999));
#2180=CARTESIAN_POINT('',(80.7619067547305,0.439887069941074,22.1612499999999));
#2181=CARTESIAN_POINT('',(80.704812836487,1.22077164262228,22.395625));
#2182=CARTESIAN_POINT('',(80.507937836487,0.879774139882149,22.19875));
#2183=CARTESIAN_POINT('',(80.,1.22077164262228,22.433125));
#2184=CARTESIAN_POINT('',(80.,0.87977413988215,22.2362499999999));
#2185=CARTESIAN_POINT('',(79.295187163513,1.22077164262228,22.470625));
#2186=CARTESIAN_POINT('',(79.492062163513,0.879774139882149,22.2737499999999));
#2187=CARTESIAN_POINT('',(78.9427807452694,0.610385821311139,22.5081249999999));
#2188=CARTESIAN_POINT('',(79.2380932452695,0.439887069941075,22.3112499999999));
#2189=CARTESIAN_POINT('',(78.5903743270259,0.,22.545625));
#2190=CARTESIAN_POINT('',(78.984124327026,0.,22.3487499999999));
#2191=CARTESIAN_POINT('',(78.9427807452694,-0.610385821311139,22.5831249999999));
#2192=CARTESIAN_POINT('',(79.2380932452695,-0.439887069941075,22.3862499999999));
#2193=CARTESIAN_POINT('',(79.295187163513,-1.22077164262228,22.620625));
#2194=CARTESIAN_POINT('',(79.492062163513,-0.879774139882149,22.4237499999999));
#2195=CARTESIAN_POINT('',(80.,-1.22077164262228,22.6581249999999));
#2196=CARTESIAN_POINT('',(80.,-0.87977413988215,22.4612499999999));
#2197=CARTESIAN_POINT('',(80.704812836487,-1.22077164262228,22.6956249999999));
#2198=CARTESIAN_POINT('',(80.507937836487,-0.87977413988215,22.49875));
#2199=CARTESIAN_POINT('',(81.0572192547306,-0.61038582131114,22.7331249999999));
#2200=CARTESIAN_POINT('',(80.7619067547305,-0.439887069941075,22.5362499999999));
#2201=CARTESIAN_POINT('',(81.4096256729741,0.,22.770625));
#2202=CARTESIAN_POINT('',(81.0158756729741,0.,22.57375));
#2203=CARTESIAN_POINT('',(81.0572192547306,0.610385821311138,22.8081249999999));
#2204=CARTESIAN_POINT('',(80.7619067547305,0.439887069941074,22.6112499999999));
#2205=CARTESIAN_POINT('',(80.704812836487,1.22077164262228,22.845625));
#2206=CARTESIAN_POINT('',(80.507937836487,0.879774139882149,22.6487499999999));
#2207=CARTESIAN_POINT('',(80.,1.22077164262228,22.8831249999999));
#2208=CARTESIAN_POINT('',(80.,0.87977413988215,22.6862499999999));
#2209=CARTESIAN_POINT('',(79.295187163513,1.22077164262228,22.920625));
#2210=CARTESIAN_POINT('',(79.492062163513,0.879774139882149,22.7237499999999));
#2211=CARTESIAN_POINT('',(78.9427807452694,0.610385821311139,22.9581249999999));
#2212=CARTESIAN_POINT('',(79.2380932452695,0.439887069941075,22.7612499999999));
#2213=CARTESIAN_POINT('',(78.5903743270259,0.,22.995625));
#2214=CARTESIAN_POINT('',(78.984124327026,0.,22.7987499999999));
#2215=CARTESIAN_POINT('',(78.9427807452694,-0.610385821311139,23.0331249999999));
#2216=CARTESIAN_POINT('',(79.2380932452695,-0.439887069941075,22.8362499999999));
#2217=CARTESIAN_POINT('',(79.295187163513,-1.22077164262228,23.0706249999999));
#2218=CARTESIAN_POINT('',(79.492062163513,-0.879774139882149,22.8737499999999));
#2219=CARTESIAN_POINT('',(80.,-1.22077164262228,23.1081249999999));
#2220=CARTESIAN_POINT('',(80.,-0.87977413988215,22.9112499999999));
#2221=CARTESIAN_POINT('',(80.704812836487,-1.22077164262228,23.145625));
#2222=CARTESIAN_POINT('',(80.507937836487,-0.87977413988215,22.94875));
#2223=CARTESIAN_POINT('',(81.0572192547306,-0.61038582131114,23.1831249999999));
#2224=CARTESIAN_POINT('',(80.7619067547305,-0.439887069941075,22.9862499999999));
#2225=CARTESIAN_POINT('',(81.4096256729741,0.,23.220625));
#2226=CARTESIAN_POINT('',(81.0158756729741,0.,23.0237499999999));
#2227=CARTESIAN_POINT('',(81.0572192547306,0.610385821311138,23.2581249999999));
#2228=CARTESIAN_POINT('',(80.7619067547305,0.439887069941074,23.0612499999999));
#2229=CARTESIAN_POINT('',(80.704812836487,1.22077164262228,23.2956249999999));
#2230=CARTESIAN_POINT('',(80.507937836487,0.879774139882149,23.0987499999999));
#2231=CARTESIAN_POINT('',(80.,1.22077164262228,23.3331249999999));
#2232=CARTESIAN_POINT('',(80.,0.87977413988215,23.1362499999999));
#2233=CARTESIAN_POINT('',(79.295187163513,1.22077164262228,23.370625));
#2234=CARTESIAN_POINT('',(79.492062163513,0.879774139882149,23.1737499999999));
#2235=CARTESIAN_POINT('',(78.9427807452694,0.610385821311139,23.4081249999999));
#2236=CARTESIAN_POINT('',(79.2380932452695,0.439887069941075,23.2112499999999));
#2237=CARTESIAN_POINT('',(78.5903743270259,0.,23.4456249999999));
#2238=CARTESIAN_POINT('',(78.984124327026,0.,23.24875));
#2239=CARTESIAN_POINT('',(78.9427807452694,-0.610385821311139,23.4831249999999));
#2240=CARTESIAN_POINT('',(79.2380932452695,-0.439887069941075,23.2862499999999));
#2241=CARTESIAN_POINT('',(79.295187163513,-1.22077164262228,23.5206249999999));
#2242=CARTESIAN_POINT('',(79.492062163513,-0.879774139882149,23.3237499999999));
#2243=CARTESIAN_POINT('',(80.,-1.22077164262228,23.5581249999999));
#2244=CARTESIAN_POINT('',(80.,-0.87977413988215,23.3612499999999));
#2245=CARTESIAN_POINT('',(80.704812836487,-1.22077164262228,23.595625));
#2246=CARTESIAN_POINT('',(80.507937836487,-0.87977413988215,23.3987499999999));
#2247=CARTESIAN_POINT('',(81.0572192547306,-0.61038582131114,23.6331249999999));
#2248=CARTESIAN_POINT('',(80.7619067547305,-0.439887069941075,23.4362499999999));
#2249=CARTESIAN_POINT('',(81.4096256729741,0.,23.6706249999999));
#2250=CARTESIAN_POINT('',(81.0158756729741,0.,23.4737499999999));
#2251=CARTESIAN_POINT('',(81.0572192547306,0.610385821311138,23.7081249999999));
#2252=CARTESIAN_POINT('',(80.7619067547305,0.439887069941074,23.5112499999999));
#2253=CARTESIAN_POINT('',(80.704812836487,1.22077164262228,23.7456249999999));
#2254=CARTESIAN_POINT('',(80.507937836487,0.879774139882149,23.5487499999999));
#2255=CARTESIAN_POINT('',(80.,1.22077164262228,23.7831249999999));
#2256=CARTESIAN_POINT('',(80.,0.87977413988215,23.5862499999999));
#2257=CARTESIAN_POINT('',(79.295187163513,1.22077164262228,23.8206249999999));
#2258=CARTESIAN_POINT('',(79.492062163513,0.879774139882149,23.62375));
#2259=CARTESIAN_POINT('',(78.9427807452694,0.610385821311139,23.8581249999999));
#2260=CARTESIAN_POINT('',(79.2380932452695,0.439887069941075,23.6612499999999));
#2261=CARTESIAN_POINT('',(78.5903743270259,0.,23.8956249999999));
#2262=CARTESIAN_POINT('',(78.984124327026,0.,23.6987499999999));
#2263=CARTESIAN_POINT('',(78.9427807452694,-0.610385821311139,23.9331249999999));
#2264=CARTESIAN_POINT('',(79.2380932452695,-0.439887069941075,23.7362499999999));
#2265=CARTESIAN_POINT('',(79.295187163513,-1.22077164262228,23.9706249999999));
#2266=CARTESIAN_POINT('',(79.492062163513,-0.879774139882149,23.7737499999999));
#2267=CARTESIAN_POINT('',(80.,-1.22077164262228,24.0081249999999));
#2268=CARTESIAN_POINT('',(80.,-0.87977413988215,23.8112499999999));
#2269=CARTESIAN_POINT('',(80.704812836487,-1.22077164262228,24.0456249999999));
#2270=CARTESIAN_POINT('',(80.507937836487,-0.87977413988215,23.8487499999999));
#2271=CARTESIAN_POINT('',(81.0572192547306,-0.61038582131114,24.0831249999999));
#2272=CARTESIAN_POINT('',(80.7619067547305,-0.439887069941075,23.8862499999999));
#2273=CARTESIAN_POINT('',(81.4096256729741,0.,24.120625));
#2274=CARTESIAN_POINT('',(81.0158756729741,0.,23.9237499999999));
#2275=CARTESIAN_POINT('',(81.0572192547306,0.610385821311138,24.1581249999999));
#2276=CARTESIAN_POINT('',(80.7619067547305,0.439887069941074,23.9612499999999));
#2277=CARTESIAN_POINT('',(80.704812836487,1.22077164262228,24.1956249999999));
#2278=CARTESIAN_POINT('',(80.507937836487,0.879774139882149,23.9987499999999));
#2279=CARTESIAN_POINT('',(80.,1.22077164262228,24.2331249999999));
#2280=CARTESIAN_POINT('',(80.,0.87977413988215,24.0362499999999));
#2281=CARTESIAN_POINT('',(79.295187163513,1.22077164262228,24.2706249999999));
#2282=CARTESIAN_POINT('',(79.492062163513,0.879774139882149,24.0737499999999));
#2283=CARTESIAN_POINT('',(78.9427807452694,0.610385821311139,24.3081249999999));
#2284=CARTESIAN_POINT('',(79.2380932452695,0.439887069941075,24.1112499999999));
#2285=CARTESIAN_POINT('',(78.5903743270259,0.,24.3456249999999));
#2286=CARTESIAN_POINT('',(78.984124327026,0.,24.1487499999999));
#2287=CARTESIAN_POINT('',(78.9427807452694,-0.610385821311139,24.3831249999999));
#2288=CARTESIAN_POINT('',(79.2380932452695,-0.439887069941075,24.1862499999999));
#2289=CARTESIAN_POINT('',(79.295187163513,-1.22077164262228,24.4206249999999));
#2290=CARTESIAN_POINT('',(79.492062163513,-0.879774139882149,24.2237499999999));
#2291=CARTESIAN_POINT('',(80.,-1.22077164262228,24.4581249999999));
#2292=CARTESIAN_POINT('',(80.,-0.87977413988215,24.2612499999999));
#2293=CARTESIAN_POINT('',(80.704812836487,-1.22077164262228,24.495625));
#2294=CARTESIAN_POINT('',(80.507937836487,-0.87977413988215,24.2987499999999));
#2295=CARTESIAN_POINT('',(81.0572192547306,-0.61038582131114,24.5331249999999));
#2296=CARTESIAN_POINT('',(80.7619067547305,-0.439887069941075,24.3362499999999));
#2297=CARTESIAN_POINT('',(81.4096256729741,0.,24.5706249999999));
#2298=CARTESIAN_POINT('',(81.0158756729741,0.,24.3737499999999));
#2299=CARTESIAN_POINT('',(81.0572192547306,0.610385821311138,24.6081249999999));
#2300=CARTESIAN_POINT('',(80.7619067547305,0.439887069941074,24.4112499999999));
#2301=CARTESIAN_POINT('',(80.704812836487,1.22077164262228,24.6456249999999));
#2302=CARTESIAN_POINT('',(80.507937836487,0.879774139882149,24.4487499999999));
#2303=CARTESIAN_POINT('',(80.,1.22077164262228,24.6831249999999));
#2304=CARTESIAN_POINT('',(80.,0.87977413988215,24.4862499999999));
#2305=CARTESIAN_POINT('',(79.295187163513,1.22077164262228,24.7206249999999));
#2306=CARTESIAN_POINT('',(79.492062163513,0.879774139882149,24.5237499999999));
#2307=CARTESIAN_POINT('',(78.9427807452694,0.610385821311139,24.7581249999999));
#2308=CARTESIAN_POINT('',(79.2380932452695,0.439887069941075,24.5612499999999));
#2309=CARTESIAN_POINT('',(78.5903743270259,0.,24.7956249999999));
#2310=CARTESIAN_POINT('',(78.984124327026,0.,24.5987499999999));
#2311=CARTESIAN_POINT('',(78.9427807452694,-0.610385821311139,24.8331249999999));
#2312=CARTESIAN_POINT('',(79.2380932452695,-0.439887069941075,24.6362499999999));
#2313=CARTESIAN_POINT('',(79.295187163513,-1.22077164262228,24.8706249999999));
#2314=CARTESIAN_POINT('',(79.492062163513,-0.879774139882149,24.6737499999999));
#2315=CARTESIAN_POINT('',(80.,-1.22077164262228,24.9081249999999));
#2316=CARTESIAN_POINT('',(80.,-0.87977413988215,24.7112499999999));
#2317=CARTESIAN_POINT('',(80.704812836487,-1.22077164262228,24.9456249999999));
#2318=CARTESIAN_POINT('',(80.507937836487,-0.87977413988215,24.7487499999999));
#2319=CARTESIAN_POINT('',(81.0572192547306,-0.61038582131114,24.9831249999999));
#2320=CARTESIAN_POINT('',(80.7619067547305,-0.439887069941075,24.7862499999999));
#2321=CARTESIAN_POINT('',(81.4096256729741,0.,25.0206249999999));
#2322=CARTESIAN_POINT('',(81.0158756729741,0.,24.8237499999999));
#2323=CARTESIAN_POINT('',(81.0572192547306,0.610385821311138,25.0581249999999));
#2324=CARTESIAN_POINT('',(80.7619067547305,0.439887069941074,24.8612499999999));
#2325=CARTESIAN_POINT('',(80.704812836487,1.22077164262228,25.0956249999999));
#2326=CARTESIAN_POINT('',(80.507937836487,0.879774139882149,24.8987499999999));
#2327=CARTESIAN_POINT('',(80.,1.22077164262228,25.1331249999999));
#2328=CARTESIAN_POINT('',(80.,0.87977413988215,24.9362499999999));
#2329=CARTESIAN_POINT('',(79.295187163513,1.22077164262228,25.1706249999999));
#2330=CARTESIAN_POINT('',(79.492062163513,0.879774139882149,24.9737499999999));
#2331=CARTESIAN_POINT('',(78.9427807452694,0.610385821311139,25.2081249999999));
#2332=CARTESIAN_POINT('',(79.2380932452695,0.439887069941075,25.0112499999999));
#2333=CARTESIAN_POINT('',(78.5903743270259,0.,25.2456249999999));
#2334=CARTESIAN_POINT('',(78.984124327026,0.,25.0487499999999));
#2335=CARTESIAN_POINT('',(78.9427807452694,-0.610385821311139,25.2831249999999));
#2336=CARTESIAN_POINT('',(79.2380932452695,-0.439887069941075,25.0862499999999));
#2337=CARTESIAN_POINT('',(79.295187163513,-1.22077164262228,25.3206249999999));
#2338=CARTESIAN_POINT('',(79.492062163513,-0.879774139882149,25.1237499999999));
#2339=CARTESIAN_POINT('',(80.,-1.22077164262228,25.3581249999999));
#2340=CARTESIAN_POINT('',(80.,-0.87977413988215,25.1612499999999));
#2341=CARTESIAN_POINT('',(80.704812836487,-1.22077164262228,25.3956249999999));
#2342=CARTESIAN_POINT('',(80.507937836487,-0.87977413988215,25.1987499999999));
#2343=CARTESIAN_POINT('',(81.0572192547306,-0.61038582131114,25.4331249999999));
#2344=CARTESIAN_POINT('',(80.7619067547305,-0.439887069941075,25.2362499999999));
#2345=CARTESIAN_POINT('',(81.4096256729741,0.,25.4706249999999));
#2346=CARTESIAN_POINT('',(81.0158756729741,0.,25.2737499999999));
#2347=CARTESIAN_POINT('',(81.0572192547306,0.610385821311138,25.5081249999999));
#2348=CARTESIAN_POINT('',(80.7619067547305,0.439887069941074,25.3112499999999));
#2349=CARTESIAN_POINT('',(80.704812836487,1.22077164262228,25.5456249999999));
#2350=CARTESIAN_POINT('',(80.507937836487,0.879774139882149,25.3487499999999));
#2351=CARTESIAN_POINT('',(80.,1.22077164262228,25.5831249999999));
#2352=CARTESIAN_POINT('',(80.,0.87977413988215,25.3862499999999));
#2353=CARTESIAN_POINT('',(79.295187163513,1.22077164262228,25.620625));
#2354=CARTESIAN_POINT('',(79.492062163513,0.879774139882149,25.4237499999999));
#2355=CARTESIAN_POINT('',(78.9427807452694,0.610385821311139,25.6581249999999));
#2356=CARTESIAN_POINT('',(79.2380932452695,0.439887069941075,25.4612499999999));
#2357=CARTESIAN_POINT('',(78.5903743270259,0.,25.6956249999999));
#2358=CARTESIAN_POINT('',(78.984124327026,0.,25.4987499999999));
#2359=CARTESIAN_POINT('',(78.9427807452694,-0.610385821311139,25.7331249999999));
#2360=CARTESIAN_POINT('',(79.2380932452695,-0.439887069941075,25.5362499999999));
#2361=CARTESIAN_POINT('',(79.295187163513,-1.22077164262228,25.7706249999999));
#2362=CARTESIAN_POINT('',(79.492062163513,-0.879774139882149,25.5737499999999));
#2363=CARTESIAN_POINT('',(80.,-1.22077164262228,25.8081249999999));
#2364=CARTESIAN_POINT('',(80.,-0.87977413988215,25.6112499999999));
#2365=CARTESIAN_POINT('',(80.704812836487,-1.22077164262228,25.8456249999999));
#2366=CARTESIAN_POINT('',(80.507937836487,-0.87977413988215,25.6487499999999));
#2367=CARTESIAN_POINT('',(81.0572192547306,-0.61038582131114,25.8831249999999));
#2368=CARTESIAN_POINT('',(80.7619067547305,-0.439887069941075,25.6862499999999));
#2369=CARTESIAN_POINT('',(81.4096256729741,0.,25.9206249999999));
#2370=CARTESIAN_POINT('',(81.0158756729741,0.,25.7237499999999));
#2371=CARTESIAN_POINT('',(81.0572192547306,0.610385821311138,25.9581249999999));
#2372=CARTESIAN_POINT('',(80.7619067547305,0.439887069941074,25.7612499999999));
#2373=CARTESIAN_POINT('',(80.704812836487,1.22077164262228,25.9956249999999));
#2374=CARTESIAN_POINT('',(80.507937836487,0.879774139882149,25.7987499999999));
#2375=CARTESIAN_POINT('',(80.,1.22077164262228,26.0331249999999));
#2376=CARTESIAN_POINT('',(80.,0.87977413988215,25.8362499999999));
#2377=CARTESIAN_POINT('',(79.295187163513,1.22077164262228,26.0706249999999));
#2378=CARTESIAN_POINT('',(79.492062163513,0.879774139882149,25.8737499999999));
#2379=CARTESIAN_POINT('',(78.9427807452694,0.610385821311139,26.1081249999999));
#2380=CARTESIAN_POINT('',(79.2380932452695,0.439887069941075,25.9112499999999));
#2381=CARTESIAN_POINT('',(78.5903743270259,0.,26.1456249999999));
#2382=CARTESIAN_POINT('',(78.984124327026,0.,25.9487499999999));
#2383=CARTESIAN_POINT('',(78.9427807452694,-0.610385821311139,26.1831249999999));
#2384=CARTESIAN_POINT('',(79.2380932452695,-0.439887069941075,25.9862499999999));
#2385=CARTESIAN_POINT('',(79.295187163513,-1.22077164262228,26.2206249999999));
#2386=CARTESIAN_POINT('',(79.492062163513,-0.879774139882149,26.0237499999999));
#2387=CARTESIAN_POINT('',(80.,-1.22077164262228,26.2581249999999));
#2388=CARTESIAN_POINT('',(80.,-0.87977413988215,26.0612499999999));
#2389=CARTESIAN_POINT('',(80.704812836487,-1.22077164262228,26.2956249999999));
#2390=CARTESIAN_POINT('',(80.507937836487,-0.87977413988215,26.0987499999999));
#2391=CARTESIAN_POINT('',(81.0572192547306,-0.61038582131114,26.3331249999999));
#2392=CARTESIAN_POINT('',(80.7619067547305,-0.439887069941075,26.1362499999999));
#2393=CARTESIAN_POINT('',(81.4096256729741,0.,26.3706249999999));
#2394=CARTESIAN_POINT('',(81.0158756729741,0.,26.1737499999999));
#2395=CARTESIAN_POINT('',(81.0572192547306,0.610385821311138,26.4081249999999));
#2396=CARTESIAN_POINT('',(80.7619067547305,0.439887069941074,26.2112499999999));
#2397=CARTESIAN_POINT('',(80.704812836487,1.22077164262228,26.4456249999999));
#2398=CARTESIAN_POINT('',(80.507937836487,0.879774139882149,26.2487499999999));
#2399=CARTESIAN_POINT('',(80.,1.22077164262228,26.4831249999999));
#2400=CARTESIAN_POINT('',(80.,0.87977413988215,26.2862499999999));
#2401=CARTESIAN_POINT('',(79.295187163513,1.22077164262228,26.5206249999999));
#2402=CARTESIAN_POINT('',(79.492062163513,0.879774139882149,26.3237499999999));
#2403=CARTESIAN_POINT('',(78.9427807452694,0.610385821311139,26.5581249999999));
#2404=CARTESIAN_POINT('',(79.2380932452695,0.439887069941075,26.3612499999999));
#2405=CARTESIAN_POINT('',(78.5903743270259,0.,26.5956249999999));
#2406=CARTESIAN_POINT('',(78.984124327026,0.,26.3987499999999));
#2407=CARTESIAN_POINT('',(78.9427807452694,-0.610385821311139,26.6331249999999));
#2408=CARTESIAN_POINT('',(79.2380932452695,-0.439887069941075,26.4362499999999));
#2409=CARTESIAN_POINT('',(79.295187163513,-1.22077164262228,26.6706249999999));
#2410=CARTESIAN_POINT('',(79.492062163513,-0.879774139882149,26.4737499999999));
#2411=CARTESIAN_POINT('',(80.,-1.22077164262228,26.7081249999999));
#2412=CARTESIAN_POINT('',(80.,-0.87977413988215,26.5112499999999));
#2413=CARTESIAN_POINT('',(80.704812836487,-1.22077164262228,26.7456249999999));
#2414=CARTESIAN_POINT('',(80.507937836487,-0.87977413988215,26.5487499999999));
#2415=CARTESIAN_POINT('',(81.0572192547306,-0.61038582131114,26.7831249999999));
#2416=CARTESIAN_POINT('',(80.7619067547305,-0.439887069941075,26.5862499999999));
#2417=CARTESIAN_POINT('',(81.4096256729741,0.,26.8206249999999));
#2418=CARTESIAN_POINT('',(81.0158756729741,0.,26.6237499999999));
#2419=CARTESIAN_POINT('',(81.0572192547306,0.610385821311138,26.8581249999999));
#2420=CARTESIAN_POINT('',(80.7619067547305,0.439887069941074,26.6612499999999));
#2421=CARTESIAN_POINT('',(80.704812836487,1.22077164262228,26.8956249999999));
#2422=CARTESIAN_POINT('',(80.507937836487,0.879774139882149,26.6987499999999));
#2423=CARTESIAN_POINT('',(80.,1.22077164262228,26.9331249999999));
#2424=CARTESIAN_POINT('',(80.,0.87977413988215,26.7362499999999));
#2425=CARTESIAN_POINT('',(79.295187163513,1.22077164262228,26.9706249999999));
#2426=CARTESIAN_POINT('',(79.492062163513,0.879774139882149,26.7737499999999));
#2427=CARTESIAN_POINT('',(78.9427807452694,0.610385821311139,27.0081249999999));
#2428=CARTESIAN_POINT('',(79.2380932452695,0.439887069941075,26.8112499999999));
#2429=CARTESIAN_POINT('',(78.5903743270259,0.,27.0456249999999));
#2430=CARTESIAN_POINT('',(78.984124327026,0.,26.8487499999999));
#2431=CARTESIAN_POINT('',(78.9427807452694,-0.610385821311139,27.0831249999999));
#2432=CARTESIAN_POINT('',(79.2380932452695,-0.439887069941075,26.8862499999999));
#2433=CARTESIAN_POINT('',(79.295187163513,-1.22077164262228,27.1206249999999));
#2434=CARTESIAN_POINT('',(79.492062163513,-0.879774139882149,26.9237499999999));
#2435=CARTESIAN_POINT('',(80.,-1.22077164262228,27.1581249999999));
#2436=CARTESIAN_POINT('',(80.,-0.87977413988215,26.9612499999999));
#2437=CARTESIAN_POINT('',(80.704812836487,-1.22077164262228,27.1956249999999));
#2438=CARTESIAN_POINT('',(80.507937836487,-0.87977413988215,26.9987499999999));
#2439=CARTESIAN_POINT('',(81.0572192547306,-0.61038582131114,27.2331249999999));
#2440=CARTESIAN_POINT('',(80.7619067547305,-0.439887069941075,27.0362499999999));
#2441=CARTESIAN_POINT('',(81.4096256729741,0.,27.2706249999999));
#2442=CARTESIAN_POINT('',(81.0158756729741,0.,27.0737499999999));
#2443=CARTESIAN_POINT('',(81.0572192547306,0.610385821311138,27.3081249999999));
#2444=CARTESIAN_POINT('',(80.7619067547305,0.439887069941074,27.1112499999999));
#2445=CARTESIAN_POINT('',(80.704812836487,1.22077164262228,27.3456249999999));
#2446=CARTESIAN_POINT('',(80.507937836487,0.879774139882149,27.1487499999999));
#2447=CARTESIAN_POINT('',(80.,1.22077164262228,27.3831249999999));
#2448=CARTESIAN_POINT('',(80.,0.87977413988215,27.1862499999999));
#2449=CARTESIAN_POINT('',(79.295187163513,1.22077164262228,27.4206249999999));
#2450=CARTESIAN_POINT('',(79.492062163513,0.879774139882149,27.2237499999999));
#2451=CARTESIAN_POINT('',(78.9427807452694,0.610385821311139,27.4581249999999));
#2452=CARTESIAN_POINT('',(79.2380932452695,0.439887069941075,27.2612499999999));
#2453=CARTESIAN_POINT('',(78.5903743270259,0.,27.4956249999999));
#2454=CARTESIAN_POINT('',(78.984124327026,0.,27.2987499999999));
#2455=CARTESIAN_POINT('',(78.9427807452694,-0.610385821311139,27.5331249999999));
#2456=CARTESIAN_POINT('',(79.2380932452695,-0.439887069941075,27.3362499999999));
#2457=CARTESIAN_POINT('',(79.295187163513,-1.22077164262228,27.5706249999999));
#2458=CARTESIAN_POINT('',(79.492062163513,-0.879774139882149,27.3737499999999));
#2459=CARTESIAN_POINT('',(80.,-1.22077164262228,27.6081249999999));
#2460=CARTESIAN_POINT('',(80.,-0.87977413988215,27.4112499999999));
#2461=CARTESIAN_POINT('',(80.704812836487,-1.22077164262228,27.6456249999999));
#2462=CARTESIAN_POINT('',(80.507937836487,-0.87977413988215,27.4487499999999));
#2463=CARTESIAN_POINT('',(81.0572192547306,-0.61038582131114,27.6831249999999));
#2464=CARTESIAN_POINT('',(80.7619067547305,-0.439887069941075,27.4862499999999));
#2465=CARTESIAN_POINT('',(81.4096256729741,0.,27.7206249999999));
#2466=CARTESIAN_POINT('',(81.0158756729741,0.,27.5237499999999));
#2467=CARTESIAN_POINT('',(81.0572192547306,0.610385821311138,27.7581249999999));
#2468=CARTESIAN_POINT('',(80.7619067547305,0.439887069941074,27.5612499999999));
#2469=CARTESIAN_POINT('',(80.704812836487,1.22077164262228,27.7956249999999));
#2470=CARTESIAN_POINT('',(80.507937836487,0.879774139882149,27.5987499999999));
#2471=CARTESIAN_POINT('',(80.,1.22077164262228,27.8331249999999));
#2472=CARTESIAN_POINT('',(80.,0.87977413988215,27.6362499999999));
#2473=CARTESIAN_POINT('',(79.295187163513,1.22077164262228,27.8706249999999));
#2474=CARTESIAN_POINT('',(79.492062163513,0.879774139882149,27.6737499999999));
#2475=CARTESIAN_POINT('',(78.9427807452694,0.610385821311139,27.9081249999999));
#2476=CARTESIAN_POINT('',(79.2380932452695,0.439887069941075,27.7112499999999));
#2477=CARTESIAN_POINT('',(78.5903743270259,0.,27.9456249999999));
#2478=CARTESIAN_POINT('',(78.984124327026,0.,27.7487499999999));
#2479=CARTESIAN_POINT('',(78.9427807452694,-0.610385821311139,27.9831249999999));
#2480=CARTESIAN_POINT('',(79.2380932452695,-0.439887069941075,27.7862499999999));
#2481=CARTESIAN_POINT('',(79.295187163513,-1.22077164262228,28.0206249999999));
#2482=CARTESIAN_POINT('',(79.492062163513,-0.879774139882149,27.8237499999999));
#2483=CARTESIAN_POINT('',(80.,-1.22077164262228,28.0581249999999));
#2484=CARTESIAN_POINT('',(80.,-0.87977413988215,27.8612499999999));
#2485=CARTESIAN_POINT('',(80.704812836487,-1.22077164262228,28.0956249999999));
#2486=CARTESIAN_POINT('',(80.507937836487,-0.87977413988215,27.8987499999999));
#2487=CARTESIAN_POINT('',(81.0572192547306,-0.61038582131114,28.1331249999999));
#2488=CARTESIAN_POINT('',(80.7619067547305,-0.439887069941075,27.9362499999999));
#2489=CARTESIAN_POINT('',(81.4096256729741,0.,28.1706249999999));
#2490=CARTESIAN_POINT('',(81.0158756729741,0.,27.9737499999999));
#2491=CARTESIAN_POINT('',(81.0572192547306,0.610385821311138,28.2081249999999));
#2492=CARTESIAN_POINT('',(80.7619067547305,0.439887069941074,28.0112499999999));
#2493=CARTESIAN_POINT('',(80.704812836487,1.22077164262228,28.2456249999999));
#2494=CARTESIAN_POINT('',(80.507937836487,0.879774139882149,28.0487499999999));
#2495=CARTESIAN_POINT('',(80.,1.22077164262228,28.2831249999999));
#2496=CARTESIAN_POINT('',(80.,0.87977413988215,28.0862499999999));
#2497=CARTESIAN_POINT('',(79.295187163513,1.22077164262228,28.3206249999999));
#2498=CARTESIAN_POINT('',(79.492062163513,0.879774139882149,28.1237499999999));
#2499=CARTESIAN_POINT('',(78.9427807452694,0.610385821311139,28.3581249999999));
#2500=CARTESIAN_POINT('',(79.2380932452695,0.439887069941075,28.1612499999999));
#2501=CARTESIAN_POINT('',(78.5903743270259,0.,28.3956249999999));
#2502=CARTESIAN_POINT('',(78.984124327026,0.,28.1987499999999));
#2503=CARTESIAN_POINT('',(78.9427807452694,-0.610385821311139,28.4331249999999));
#2504=CARTESIAN_POINT('',(79.2380932452695,-0.439887069941075,28.2362499999999));
#2505=CARTESIAN_POINT('',(79.295187163513,-1.22077164262228,28.4706249999999));
#2506=CARTESIAN_POINT('',(79.492062163513,-0.879774139882149,28.2737499999999));
#2507=CARTESIAN_POINT('',(80.,-1.22077164262228,28.5081249999999));
#2508=CARTESIAN_POINT('',(80.,-0.87977413988215,28.3112499999999));
#2509=CARTESIAN_POINT('',(80.704812836487,-1.22077164262228,28.5456249999999));
#2510=CARTESIAN_POINT('',(80.507937836487,-0.87977413988215,28.3487499999999));
#2511=CARTESIAN_POINT('',(81.0572192547306,-0.61038582131114,28.5831249999999));
#2512=CARTESIAN_POINT('',(80.7619067547305,-0.439887069941075,28.3862499999999));
#2513=CARTESIAN_POINT('',(81.4096256729741,0.,28.6206249999999));
#2514=CARTESIAN_POINT('',(81.0158756729741,0.,28.4237499999999));
#2515=CARTESIAN_POINT('',(81.0572192547306,0.610385821311138,28.6581249999999));
#2516=CARTESIAN_POINT('',(80.7619067547305,0.439887069941074,28.4612499999999));
#2517=CARTESIAN_POINT('',(80.704812836487,1.22077164262228,28.6956249999999));
#2518=CARTESIAN_POINT('',(80.507937836487,0.879774139882149,28.4987499999999));
#2519=CARTESIAN_POINT('',(80.,1.22077164262228,28.7331249999999));
#2520=CARTESIAN_POINT('',(80.,0.87977413988215,28.5362499999999));
#2521=CARTESIAN_POINT('',(79.295187163513,1.22077164262228,28.7706249999999));
#2522=CARTESIAN_POINT('',(79.492062163513,0.879774139882149,28.5737499999999));
#2523=CARTESIAN_POINT('',(78.9427807452694,0.610385821311139,28.8081249999999));
#2524=CARTESIAN_POINT('',(79.2380932452695,0.439887069941075,28.6112499999999));
#2525=CARTESIAN_POINT('',(78.5903743270259,0.,28.8456249999999));
#2526=CARTESIAN_POINT('',(78.984124327026,0.,28.6487499999999));
#2527=CARTESIAN_POINT('',(78.9427807452694,-0.610385821311139,28.8831249999999));
#2528=CARTESIAN_POINT('',(79.2380932452695,-0.439887069941075,28.6862499999999));
#2529=CARTESIAN_POINT('',(79.295187163513,-1.22077164262228,28.9206249999999));
#2530=CARTESIAN_POINT('',(79.492062163513,-0.879774139882149,28.7237499999999));
#2531=CARTESIAN_POINT('',(80.,-1.22077164262228,28.9581249999999));
#2532=CARTESIAN_POINT('',(80.,-0.87977413988215,28.7612499999999));
#2533=CARTESIAN_POINT('',(80.704812836487,-1.22077164262228,28.9956249999999));
#2534=CARTESIAN_POINT('',(80.507937836487,-0.87977413988215,28.7987499999999));
#2535=CARTESIAN_POINT('',(81.0572192547306,-0.61038582131114,29.0331249999999));
#2536=CARTESIAN_POINT('',(80.7619067547305,-0.439887069941075,28.8362499999999));
#2537=CARTESIAN_POINT('',(81.4096256729741,0.,29.0706249999999));
#2538=CARTESIAN_POINT('',(81.0158756729741,0.,28.8737499999999));
#2539=CARTESIAN_POINT('',(81.0572192547306,0.610385821311138,29.1081249999999));
#2540=CARTESIAN_POINT('',(80.7619067547305,0.439887069941074,28.9112499999999));
#2541=CARTESIAN_POINT('',(80.704812836487,1.22077164262228,29.1456249999999));
#2542=CARTESIAN_POINT('',(80.507937836487,0.879774139882149,28.9487499999999));
#2543=CARTESIAN_POINT('',(80.,1.22077164262228,29.1831249999999));
#2544=CARTESIAN_POINT('',(80.,0.87977413988215,28.9862499999999));
#2545=CARTESIAN_POINT('',(79.295187163513,1.22077164262228,29.2206249999999));
#2546=CARTESIAN_POINT('',(79.492062163513,0.879774139882149,29.0237499999999));
#2547=CARTESIAN_POINT('',(78.9427807452694,0.610385821311139,29.2581249999999));
#2548=CARTESIAN_POINT('',(79.2380932452695,0.439887069941075,29.0612499999999));
#2549=CARTESIAN_POINT('',(78.5903743270259,0.,29.2956249999999));
#2550=CARTESIAN_POINT('',(78.984124327026,0.,29.0987499999999));
#2551=CARTESIAN_POINT('',(78.9427807452694,-0.610385821311139,29.3331249999999));
#2552=CARTESIAN_POINT('',(79.2380932452695,-0.439887069941075,29.1362499999999));
#2553=CARTESIAN_POINT('',(79.295187163513,-1.22077164262228,29.3706249999999));
#2554=CARTESIAN_POINT('',(79.492062163513,-0.879774139882149,29.1737499999999));
#2555=CARTESIAN_POINT('',(80.,-1.22077164262228,29.4081249999999));
#2556=CARTESIAN_POINT('',(80.,-0.87977413988215,29.2112499999999));
#2557=CARTESIAN_POINT('',(80.704812836487,-1.22077164262228,29.4456249999999));
#2558=CARTESIAN_POINT('',(80.507937836487,-0.87977413988215,29.2487499999999));
#2559=CARTESIAN_POINT('',(81.0572192547306,-0.61038582131114,29.4831249999999));
#2560=CARTESIAN_POINT('',(80.7619067547305,-0.439887069941075,29.2862499999999));
#2561=CARTESIAN_POINT('',(81.4096256729741,0.,29.5206249999999));
#2562=CARTESIAN_POINT('',(81.0158756729741,0.,29.3237499999999));
#2563=CARTESIAN_POINT('',(81.0572192547306,0.610385821311138,29.5581249999999));
#2564=CARTESIAN_POINT('',(80.7619067547305,0.439887069941074,29.3612499999999));
#2565=CARTESIAN_POINT('',(80.704812836487,1.22077164262228,29.5956249999999));
#2566=CARTESIAN_POINT('',(80.507937836487,0.879774139882149,29.3987499999999));
#2567=CARTESIAN_POINT('',(80.,1.22077164262228,29.6331249999999));
#2568=CARTESIAN_POINT('',(80.,0.87977413988215,29.4362499999999));
#2569=CARTESIAN_POINT('',(79.295187163513,1.22077164262228,29.6706249999999));
#2570=CARTESIAN_POINT('',(79.492062163513,0.879774139882149,29.4737499999999));
#2571=CARTESIAN_POINT('',(78.9427807452694,0.610385821311139,29.7081249999999));
#2572=CARTESIAN_POINT('',(79.2380932452695,0.439887069941075,29.5112499999999));
#2573=CARTESIAN_POINT('',(78.5903743270259,0.,29.7456249999999));
#2574=CARTESIAN_POINT('',(78.984124327026,0.,29.5487499999999));
#2575=CARTESIAN_POINT('',(78.9427807452694,-0.610385821311139,29.7831249999999));
#2576=CARTESIAN_POINT('',(79.2380932452695,-0.439887069941075,29.5862499999999));
#2577=CARTESIAN_POINT('',(79.295187163513,-1.22077164262228,29.8206249999999));
#2578=CARTESIAN_POINT('',(79.492062163513,-0.879774139882149,29.6237499999999));
#2579=CARTESIAN_POINT('',(80.,-1.22077164262228,29.8581249999999));
#2580=CARTESIAN_POINT('',(80.,-0.87977413988215,29.6612499999999));
#2581=CARTESIAN_POINT('',(80.704812836487,-1.22077164262228,29.8956249999999));
#2582=CARTESIAN_POINT('',(80.507937836487,-0.87977413988215,29.6987499999999));
#2583=CARTESIAN_POINT('',(81.0572192547306,-0.61038582131114,29.9331249999999));
#2584=CARTESIAN_POINT('',(80.7619067547305,-0.439887069941075,29.7362499999999));
#2585=CARTESIAN_POINT('',(81.4096256729741,0.,29.9706249999999));
#2586=CARTESIAN_POINT('',(81.0158756729741,0.,29.7737499999999));
#2587=CARTESIAN_POINT('',(81.0572192547306,0.610385821311138,30.0081249999999));
#2588=CARTESIAN_POINT('',(80.7619067547305,0.439887069941074,29.8112499999999));
#2589=CARTESIAN_POINT('',(80.704812836487,1.22077164262228,30.0456249999999));
#2590=CARTESIAN_POINT('',(80.507937836487,0.879774139882149,29.8487499999999));
#2591=CARTESIAN_POINT('',(80.,1.22077164262228,30.0831249999999));
#2592=CARTESIAN_POINT('',(80.,0.87977413988215,29.8862499999999));
#2593=CARTESIAN_POINT('',(79.295187163513,1.22077164262228,30.1206249999999));
#2594=CARTESIAN_POINT('',(79.492062163513,0.879774139882149,29.9237499999999));
#2595=CARTESIAN_POINT('',(78.9427807452694,0.610385821311139,30.1581249999999));
#2596=CARTESIAN_POINT('',(79.2380932452695,0.439887069941075,29.9612499999999));
#2597=CARTESIAN_POINT('',(78.5903743270259,0.,30.1956249999999));
#2598=CARTESIAN_POINT('',(78.984124327026,0.,29.9987499999999));
#2599=CARTESIAN_POINT('',(78.9427807452694,-0.610385821311139,30.2331249999999));
#2600=CARTESIAN_POINT('',(79.2380932452695,-0.439887069941075,30.0362499999999));
#2601=CARTESIAN_POINT('',(79.295187163513,-1.22077164262228,30.2706249999999));
#2602=CARTESIAN_POINT('',(79.492062163513,-0.879774139882149,30.0737499999999));
#2603=CARTESIAN_POINT('',(80.,-1.22077164262228,30.3081249999999));
#2604=CARTESIAN_POINT('',(80.,-0.87977413988215,30.1112499999999));
#2605=CARTESIAN_POINT('',(80.704812836487,-1.22077164262228,30.3456249999999));
#2606=CARTESIAN_POINT('',(80.507937836487,-0.87977413988215,30.1487499999999));
#2607=CARTESIAN_POINT('',(81.0572192547306,-0.61038582131114,30.3831249999999));
#2608=CARTESIAN_POINT('',(80.7619067547305,-0.439887069941075,30.1862499999999));
#2609=CARTESIAN_POINT('',(81.4096256729741,0.,30.4206249999999));
#2610=CARTESIAN_POINT('',(81.0158756729741,0.,30.2237499999999));
#2611=CARTESIAN_POINT('',(81.0572192547306,0.610385821311138,30.4581249999999));
#2612=CARTESIAN_POINT('',(80.7619067547305,0.439887069941074,30.2612499999999));
#2613=CARTESIAN_POINT('',(80.704812836487,1.22077164262228,30.4956249999999));
#2614=CARTESIAN_POINT('',(80.507937836487,0.879774139882149,30.2987499999999));
#2615=CARTESIAN_POINT('',(80.,1.22077164262228,30.5331249999999));
#2616=CARTESIAN_POINT('',(80.,0.87977413988215,30.3362499999999));
#2617=CARTESIAN_POINT('',(79.295187163513,1.22077164262228,30.5706249999999));
#2618=CARTESIAN_POINT('',(79.492062163513,0.879774139882149,30.3737499999999));
#2619=CARTESIAN_POINT('',(78.9427807452694,0.610385821311139,30.6081249999999));
#2620=CARTESIAN_POINT('',(79.2380932452695,0.439887069941075,30.4112499999999));
#2621=CARTESIAN_POINT('',(78.5903743270259,0.,30.6456249999999));
#2622=CARTESIAN_POINT('',(78.984124327026,0.,30.4487499999999));
#2623=CARTESIAN_POINT('',(78.9427807452694,-0.610385821311139,30.6831249999999));
#2624=CARTESIAN_POINT('',(79.2380932452695,-0.439887069941075,30.4862499999999));
#2625=CARTESIAN_POINT('',(79.295187163513,-1.22077164262228,30.7206249999999));
#2626=CARTESIAN_POINT('',(79.492062163513,-0.879774139882149,30.5237499999999));
#2627=CARTESIAN_POINT('',(80.,-1.22077164262228,30.7581249999999));
#2628=CARTESIAN_POINT('',(80.,-0.87977413988215,30.5612499999999));
#2629=CARTESIAN_POINT('',(80.704812836487,-1.22077164262228,30.7956249999999));
#2630=CARTESIAN_POINT('',(80.507937836487,-0.87977413988215,30.5987499999999));
#2631=CARTESIAN_POINT('',(81.0572192547306,-0.61038582131114,30.8331249999999));
#2632=CARTESIAN_POINT('',(80.7619067547305,-0.439887069941075,30.6362499999999));
#2633=CARTESIAN_POINT('',(81.4096256729741,0.,30.8706249999999));
#2634=CARTESIAN_POINT('',(81.0158756729741,0.,30.6737499999999));
#2635=CARTESIAN_POINT('',(81.0572192547306,0.610385821311138,30.9081249999999));
#2636=CARTESIAN_POINT('',(80.7619067547305,0.439887069941074,30.7112499999999));
#2637=CARTESIAN_POINT('',(80.704812836487,1.22077164262228,30.9456249999999));
#2638=CARTESIAN_POINT('',(80.507937836487,0.879774139882149,30.7487499999999));
#2639=CARTESIAN_POINT('',(80.,1.22077164262228,30.9831249999999));
#2640=CARTESIAN_POINT('',(80.,0.87977413988215,30.7862499999999));
#2641=CARTESIAN_POINT('',(79.295187163513,1.22077164262228,31.0206249999999));
#2642=CARTESIAN_POINT('',(79.492062163513,0.879774139882149,30.8237499999999));
#2643=CARTESIAN_POINT('',(78.9427807452694,0.610385821311139,31.0581249999999));
#2644=CARTESIAN_POINT('',(79.2380932452695,0.439887069941075,30.8612499999999));
#2645=CARTESIAN_POINT('',(78.5903743270259,0.,31.0956249999999));
#2646=CARTESIAN_POINT('',(78.984124327026,0.,30.8987499999999));
#2647=CARTESIAN_POINT('',(78.9427807452694,-0.610385821311139,31.1331249999999));
#2648=CARTESIAN_POINT('',(79.2380932452695,-0.439887069941075,30.9362499999999));
#2649=CARTESIAN_POINT('',(79.295187163513,-1.22077164262228,31.1706249999999));
#2650=CARTESIAN_POINT('',(79.492062163513,-0.879774139882149,30.9737499999999));
#2651=CARTESIAN_POINT('',(80.,-1.22077164262228,31.2081249999999));
#2652=CARTESIAN_POINT('',(80.,-0.87977413988215,31.0112499999999));
#2653=CARTESIAN_POINT('',(80.704812836487,-1.22077164262228,31.2456249999999));
#2654=CARTESIAN_POINT('',(80.507937836487,-0.87977413988215,31.0487499999999));
#2655=CARTESIAN_POINT('',(81.0572192547306,-0.61038582131114,31.2831249999999));
#2656=CARTESIAN_POINT('',(80.7619067547305,-0.439887069941075,31.0862499999999));
#2657=CARTESIAN_POINT('',(81.4096256729741,0.,31.3206249999999));
#2658=CARTESIAN_POINT('',(81.0158756729741,0.,31.1237499999999));
#2659=CARTESIAN_POINT('',(81.0572192547306,0.610385821311138,31.3581249999999));
#2660=CARTESIAN_POINT('',(80.7619067547305,0.439887069941074,31.1612499999999));
#2661=CARTESIAN_POINT('',(80.704812836487,1.22077164262228,31.3956249999999));
#2662=CARTESIAN_POINT('',(80.507937836487,0.879774139882149,31.1987499999999));
#2663=CARTESIAN_POINT('',(80.,1.22077164262228,31.4331249999999));
#2664=CARTESIAN_POINT('',(80.,0.87977413988215,31.2362499999999));
#2665=CARTESIAN_POINT('',(79.295187163513,1.22077164262228,31.4706249999999));
#2666=CARTESIAN_POINT('',(79.492062163513,0.879774139882149,31.2737499999999));
#2667=CARTESIAN_POINT('',(78.9427807452694,0.610385821311139,31.5081249999999));
#2668=CARTESIAN_POINT('',(79.2380932452695,0.439887069941075,31.3112499999999));
#2669=CARTESIAN_POINT('',(78.5903743270259,0.,31.5456249999999));
#2670=CARTESIAN_POINT('',(78.984124327026,0.,31.3487499999999));
#2671=CARTESIAN_POINT('',(78.9427807452694,-0.610385821311139,31.5831249999999));
#2672=CARTESIAN_POINT('',(79.2380932452695,-0.439887069941075,31.3862499999999));
#2673=CARTESIAN_POINT('',(79.295187163513,-1.22077164262228,31.6206249999999));
#2674=CARTESIAN_POINT('',(79.492062163513,-0.879774139882149,31.4237499999999));
#2675=CARTESIAN_POINT('',(80.,-1.22077164262228,31.6581249999999));
#2676=CARTESIAN_POINT('',(80.,-0.87977413988215,31.4612499999999));
#2677=CARTESIAN_POINT('',(80.704812836487,-1.22077164262228,31.6956249999999));
#2678=CARTESIAN_POINT('',(80.507937836487,-0.87977413988215,31.4987499999999));
#2679=CARTESIAN_POINT('',(81.0572192547306,-0.61038582131114,31.7331249999999));
#2680=CARTESIAN_POINT('',(80.7619067547305,-0.439887069941075,31.5362499999999));
#2681=CARTESIAN_POINT('',(81.4096256729741,0.,31.7706249999999));
#2682=CARTESIAN_POINT('',(81.0158756729741,0.,31.5737499999999));
#2683=CARTESIAN_POINT('',(81.0572192547306,0.610385821311138,31.8081249999999));
#2684=CARTESIAN_POINT('',(80.7619067547305,0.439887069941074,31.6112499999999));
#2685=CARTESIAN_POINT('',(80.704812836487,1.22077164262228,31.8456249999999));
#2686=CARTESIAN_POINT('',(80.507937836487,0.879774139882149,31.6487499999999));
#2687=CARTESIAN_POINT('',(80.,1.22077164262228,31.8831249999999));
#2688=CARTESIAN_POINT('',(80.,0.87977413988215,31.6862499999999));
#2689=CARTESIAN_POINT('',(79.295187163513,1.22077164262228,31.9206249999999));
#2690=CARTESIAN_POINT('',(79.492062163513,0.879774139882149,31.7237499999999));
#2691=CARTESIAN_POINT('',(78.9427807452694,0.610385821311139,31.9581249999999));
#2692=CARTESIAN_POINT('',(79.2380932452695,0.439887069941075,31.7612499999999));
#2693=CARTESIAN_POINT('',(78.5903743270259,0.,31.9956249999999));
#2694=CARTESIAN_POINT('',(78.984124327026,0.,31.7987499999999));
#2695=CARTESIAN_POINT('',(78.9427807452694,-0.610385821311139,32.0331249999999));
#2696=CARTESIAN_POINT('',(79.2380932452695,-0.439887069941075,31.8362499999999));
#2697=CARTESIAN_POINT('',(79.295187163513,-1.22077164262228,32.0706249999999));
#2698=CARTESIAN_POINT('',(79.492062163513,-0.879774139882149,31.8737499999999));
#2699=CARTESIAN_POINT('',(80.,-1.22077164262228,32.1081249999999));
#2700=CARTESIAN_POINT('',(80.,-0.87977413988215,31.9112499999999));
#2701=CARTESIAN_POINT('',(80.704812836487,-1.22077164262228,32.1456249999999));
#2702=CARTESIAN_POINT('',(80.507937836487,-0.87977413988215,31.9487499999999));
#2703=CARTESIAN_POINT('',(81.0572192547306,-0.61038582131114,32.1831249999999));
#2704=CARTESIAN_POINT('',(80.7619067547305,-0.439887069941075,31.9862499999999));
#2705=CARTESIAN_POINT('',(81.4096256729741,0.,32.2206249999999));
#2706=CARTESIAN_POINT('',(81.0158756729741,0.,32.0237499999999));
#2707=CARTESIAN_POINT('',(81.0572192547306,0.610385821311138,32.2581249999999));
#2708=CARTESIAN_POINT('',(80.7619067547305,0.439887069941074,32.0612499999999));
#2709=CARTESIAN_POINT('',(80.704812836487,1.22077164262228,32.2956249999999));
#2710=CARTESIAN_POINT('',(80.507937836487,0.879774139882149,32.0987499999999));
#2711=CARTESIAN_POINT('',(80.,1.22077164262228,32.3331249999999));
#2712=CARTESIAN_POINT('',(80.,0.87977413988215,32.1362499999999));
#2713=CARTESIAN_POINT('',(79.295187163513,1.22077164262228,32.3706249999999));
#2714=CARTESIAN_POINT('',(79.492062163513,0.879774139882149,32.1737499999999));
#2715=CARTESIAN_POINT('',(78.9427807452694,0.610385821311139,32.4081249999999));
#2716=CARTESIAN_POINT('',(79.2380932452695,0.439887069941075,32.2112499999999));
#2717=CARTESIAN_POINT('',(78.5903743270259,0.,32.4456249999999));
#2718=CARTESIAN_POINT('',(78.984124327026,0.,32.2487499999999));
#2719=CARTESIAN_POINT('',(78.9427807452694,-0.610385821311139,32.4831249999999));
#2720=CARTESIAN_POINT('',(79.2380932452695,-0.439887069941075,32.2862499999999));
#2721=CARTESIAN_POINT('',(79.295187163513,-1.22077164262228,32.5206249999999));
#2722=CARTESIAN_POINT('',(79.492062163513,-0.879774139882149,32.3237499999999));
#2723=CARTESIAN_POINT('',(80.,-1.22077164262228,32.5581249999999));
#2724=CARTESIAN_POINT('',(80.,-0.87977413988215,32.3612499999999));
#2725=CARTESIAN_POINT('',(80.704812836487,-1.22077164262228,32.5956249999999));
#2726=CARTESIAN_POINT('',(80.507937836487,-0.87977413988215,32.3987499999999));
#2727=CARTESIAN_POINT('',(81.0572192547306,-0.61038582131114,32.6331249999999));
#2728=CARTESIAN_POINT('',(80.7619067547305,-0.439887069941075,32.4362499999999));
#2729=CARTESIAN_POINT('',(81.4096256729741,0.,32.6706249999999));
#2730=CARTESIAN_POINT('',(81.0158756729741,0.,32.4737499999999));
#2731=CARTESIAN_POINT('',(81.0572192547306,0.610385821311138,32.7081249999999));
#2732=CARTESIAN_POINT('',(80.7619067547305,0.439887069941074,32.5112499999999));
#2733=CARTESIAN_POINT('',(80.704812836487,1.22077164262228,32.7456249999999));
#2734=CARTESIAN_POINT('',(80.507937836487,0.879774139882149,32.5487499999999));
#2735=CARTESIAN_POINT('',(80.,1.22077164262228,32.7831249999999));
#2736=CARTESIAN_POINT('',(80.,0.87977413988215,32.5862499999999));
#2737=CARTESIAN_POINT('',(79.295187163513,1.22077164262228,32.8206249999999));
#2738=CARTESIAN_POINT('',(79.492062163513,0.879774139882149,32.6237499999999));
#2739=CARTESIAN_POINT('',(78.9427807452694,0.610385821311139,32.8581249999999));
#2740=CARTESIAN_POINT('',(79.2380932452695,0.439887069941075,32.6612499999999));
#2741=CARTESIAN_POINT('',(78.5903743270259,0.,32.8956249999999));
#2742=CARTESIAN_POINT('',(78.984124327026,0.,32.6987499999999));
#2743=CARTESIAN_POINT('',(78.9427807452694,-0.610385821311139,32.9331249999999));
#2744=CARTESIAN_POINT('',(79.2380932452695,-0.439887069941075,32.7362499999999));
#2745=CARTESIAN_POINT('',(79.295187163513,-1.22077164262228,32.9706249999999));
#2746=CARTESIAN_POINT('',(79.492062163513,-0.879774139882149,32.7737499999999));
#2747=CARTESIAN_POINT('',(80.,-1.22077164262228,33.0081249999999));
#2748=CARTESIAN_POINT('',(80.,-0.87977413988215,32.8112499999999));
#2749=CARTESIAN_POINT('',(80.704812836487,-1.22077164262228,33.0456249999999));
#2750=CARTESIAN_POINT('',(80.507937836487,-0.87977413988215,32.8487499999999));
#2751=CARTESIAN_POINT('',(81.0572192547306,-0.61038582131114,33.0831249999999));
#2752=CARTESIAN_POINT('',(80.7619067547305,-0.439887069941075,32.8862499999999));
#2753=CARTESIAN_POINT('',(81.4096256729741,0.,33.1206249999999));
#2754=CARTESIAN_POINT('',(81.0158756729741,0.,32.9237499999999));
#2755=CARTESIAN_POINT('',(81.0572192547306,0.610385821311138,33.1581249999999));
#2756=CARTESIAN_POINT('',(80.7619067547305,0.439887069941074,32.9612499999999));
#2757=CARTESIAN_POINT('',(80.704812836487,1.22077164262228,33.1956249999999));
#2758=CARTESIAN_POINT('',(80.507937836487,0.879774139882149,32.9987499999999));
#2759=CARTESIAN_POINT('',(80.,1.22077164262228,33.2331249999999));
#2760=CARTESIAN_POINT('',(80.,0.87977413988215,33.0362499999999));
#2761=CARTESIAN_POINT('',(79.295187163513,1.22077164262228,33.2706249999999));
#2762=CARTESIAN_POINT('',(79.492062163513,0.879774139882149,33.0737499999999));
#2763=CARTESIAN_POINT('',(78.9427807452694,0.610385821311139,33.3081249999999));
#2764=CARTESIAN_POINT('',(79.2380932452695,0.439887069941075,33.1112499999999));
#2765=CARTESIAN_POINT('',(78.5903743270259,0.,33.3456249999999));
#2766=CARTESIAN_POINT('',(78.984124327026,0.,33.1487499999999));
#2767=CARTESIAN_POINT('',(78.9427807452694,-0.610385821311139,33.3831249999999));
#2768=CARTESIAN_POINT('',(79.2380932452695,-0.439887069941075,33.1862499999999));
#2769=CARTESIAN_POINT('',(79.295187163513,-1.22077164262228,33.4206249999999));
#2770=CARTESIAN_POINT('',(79.492062163513,-0.879774139882149,33.2237499999999));
#2771=CARTESIAN_POINT('',(80.,-1.22077164262228,33.4581249999999));
#2772=CARTESIAN_POINT('',(80.,-0.87977413988215,33.2612499999999));
#2773=CARTESIAN_POINT('',(80.704812836487,-1.22077164262228,33.4956249999999));
#2774=CARTESIAN_POINT('',(80.507937836487,-0.87977413988215,33.2987499999999));
#2775=CARTESIAN_POINT('',(81.0572192547306,-0.61038582131114,33.5331249999999));
#2776=CARTESIAN_POINT('',(80.7619067547305,-0.439887069941075,33.3362499999999));
#2777=CARTESIAN_POINT('',(81.4096256729741,0.,33.5706249999999));
#2778=CARTESIAN_POINT('',(81.0158756729741,0.,33.3737499999999));
#2779=CARTESIAN_POINT('',(81.0572192547306,0.610385821311138,33.6081249999999));
#2780=CARTESIAN_POINT('',(80.7619067547305,0.439887069941074,33.4112499999999));
#2781=CARTESIAN_POINT('',(80.704812836487,1.22077164262228,33.6456249999999));
#2782=CARTESIAN_POINT('',(80.507937836487,0.879774139882149,33.4487499999999));
#2783=CARTESIAN_POINT('',(80.,1.22077164262228,33.6831249999999));
#2784=CARTESIAN_POINT('',(80.,0.87977413988215,33.4862499999999));
#2785=CARTESIAN_POINT('',(79.295187163513,1.22077164262228,33.7206249999999));
#2786=CARTESIAN_POINT('',(79.492062163513,0.879774139882149,33.5237499999999));
#2787=CARTESIAN_POINT('',(78.9427807452694,0.610385821311139,33.7581249999999));
#2788=CARTESIAN_POINT('',(79.2380932452695,0.439887069941075,33.5612499999999));
#2789=CARTESIAN_POINT('',(78.5903743270259,0.,33.7956249999999));
#2790=CARTESIAN_POINT('',(78.984124327026,0.,33.5987499999999));
#2791=CARTESIAN_POINT('',(78.9427807452694,-0.610385821311139,33.8331249999999));
#2792=CARTESIAN_POINT('',(79.2380932452695,-0.439887069941075,33.6362499999999));
#2793=CARTESIAN_POINT('',(79.295187163513,-1.22077164262228,33.8706249999999));
#2794=CARTESIAN_POINT('',(79.492062163513,-0.879774139882149,33.6737499999999));
#2795=CARTESIAN_POINT('',(80.,-1.22077164262228,33.9081249999999));
#2796=CARTESIAN_POINT('',(80.,-0.87977413988215,33.7112499999999));
#2797=CARTESIAN_POINT('',(80.704812836487,-1.22077164262228,33.9456249999999));
#2798=CARTESIAN_POINT('',(80.507937836487,-0.87977413988215,33.7487499999999));
#2799=CARTESIAN_POINT('',(81.0572192547306,-0.61038582131114,33.9831249999999));
#2800=CARTESIAN_POINT('',(80.7619067547305,-0.439887069941075,33.7862499999999));
#2801=CARTESIAN_POINT('',(81.4096256729741,0.,34.0206249999999));
#2802=CARTESIAN_POINT('',(81.0158756729741,0.,33.8237499999999));
#2803=CARTESIAN_POINT('',(81.0572192547306,0.610385821311138,34.0581249999999));
#2804=CARTESIAN_POINT('',(80.7619067547305,0.439887069941074,33.8612499999999));
#2805=CARTESIAN_POINT('',(80.704812836487,1.22077164262228,34.0956249999999));
#2806=CARTESIAN_POINT('',(80.507937836487,0.879774139882149,33.8987499999999));
#2807=CARTESIAN_POINT('',(80.,1.22077164262228,34.1331249999999));
#2808=CARTESIAN_POINT('',(80.,0.87977413988215,33.9362499999999));
#2809=CARTESIAN_POINT('',(79.295187163513,1.22077164262228,34.1706249999999));
#2810=CARTESIAN_POINT('',(79.492062163513,0.879774139882149,33.9737499999999));
#2811=CARTESIAN_POINT('',(78.9427807452694,0.610385821311139,34.2081249999999));
#2812=CARTESIAN_POINT('',(79.2380932452695,0.439887069941075,34.0112499999999));
#2813=CARTESIAN_POINT('',(78.5903743270259,0.,34.2456249999999));
#2814=CARTESIAN_POINT('',(78.984124327026,0.,34.0487499999999));
#2815=CARTESIAN_POINT('',(78.9427807452694,-0.610385821311139,34.2831249999999));
#2816=CARTESIAN_POINT('',(79.2380932452695,-0.439887069941075,34.0862499999999));
#2817=CARTESIAN_POINT('',(79.295187163513,-1.22077164262228,34.3206249999999));
#2818=CARTESIAN_POINT('',(79.492062163513,-0.879774139882149,34.1237499999999));
#2819=CARTESIAN_POINT('',(80.,-1.22077164262228,34.3581249999999));
#2820=CARTESIAN_POINT('',(80.,-0.87977413988215,34.1612499999999));
#2821=CARTESIAN_POINT('',(80.704812836487,-1.22077164262228,34.3956249999999));
#2822=CARTESIAN_POINT('',(80.507937836487,-0.87977413988215,34.1987499999999));
#2823=CARTESIAN_POINT('',(81.0572192547306,-0.61038582131114,34.4331249999999));
#2824=CARTESIAN_POINT('',(80.7619067547305,-0.439887069941075,34.2362499999999));
#2825=CARTESIAN_POINT('',(81.4096256729741,0.,34.4706249999999));
#2826=CARTESIAN_POINT('',(81.0158756729741,0.,34.2737499999999));
#2827=CARTESIAN_POINT('',(81.0572192547306,0.610385821311138,34.5081249999999));
#2828=CARTESIAN_POINT('',(80.7619067547305,0.439887069941074,34.3112499999999));
#2829=CARTESIAN_POINT('',(80.704812836487,1.22077164262228,34.5456249999999));
#2830=CARTESIAN_POINT('',(80.507937836487,0.879774139882149,34.3487499999999));
#2831=CARTESIAN_POINT('',(80.,1.22077164262228,34.5831249999999));
#2832=CARTESIAN_POINT('',(80.,0.87977413988215,34.3862499999999));
#2833=CARTESIAN_POINT('',(79.295187163513,1.22077164262228,34.6206249999999));
#2834=CARTESIAN_POINT('',(79.492062163513,0.879774139882149,34.4237499999999));
#2835=CARTESIAN_POINT('',(78.9427807452694,0.610385821311139,34.6581249999999));
#2836=CARTESIAN_POINT('',(79.2380932452695,0.439887069941075,34.4612499999999));
#2837=CARTESIAN_POINT('',(78.5903743270259,0.,34.6956249999999));
#2838=CARTESIAN_POINT('',(78.984124327026,0.,34.4987499999999));
#2839=CARTESIAN_POINT('',(78.9427807452694,-0.610385821311139,34.7331249999999));
#2840=CARTESIAN_POINT('',(79.2380932452695,-0.439887069941075,34.5362499999999));
#2841=CARTESIAN_POINT('',(79.295187163513,-1.22077164262228,34.7706249999999));
#2842=CARTESIAN_POINT('',(79.492062163513,-0.879774139882149,34.5737499999999));
#2843=CARTESIAN_POINT('',(80.,-1.22077164262228,34.8081249999999));
#2844=CARTESIAN_POINT('',(80.,-0.87977413988215,34.6112499999999));
#2845=CARTESIAN_POINT('',(80.704812836487,-1.22077164262228,34.8456249999999));
#2846=CARTESIAN_POINT('',(80.507937836487,-0.87977413988215,34.6487499999999));
#2847=CARTESIAN_POINT('',(81.0572192547306,-0.61038582131114,34.8831249999999));
#2848=CARTESIAN_POINT('',(80.7619067547305,-0.439887069941075,34.6862499999999));
#2849=CARTESIAN_POINT('',(81.4096256729741,0.,34.9206249999999));
#2850=CARTESIAN_POINT('',(81.0158756729741,0.,34.7237499999999));
#2851=CARTESIAN_POINT('',(81.0572192547306,0.610385821311138,34.9581249999999));
#2852=CARTESIAN_POINT('',(80.7619067547305,0.439887069941074,34.7612499999999));
#2853=CARTESIAN_POINT('',(80.704812836487,1.22077164262228,34.9956249999999));
#2854=CARTESIAN_POINT('',(80.507937836487,0.879774139882149,34.7987499999999));
#2855=CARTESIAN_POINT('',(80.,1.22077164262228,35.0331249999999));
#2856=CARTESIAN_POINT('',(80.,0.87977413988215,34.8362499999999));
#2857=CARTESIAN_POINT('',(79.295187163513,1.22077164262228,35.0706249999999));
#2858=CARTESIAN_POINT('',(79.492062163513,0.879774139882149,34.8737499999999));
#2859=CARTESIAN_POINT('',(78.9427807452694,0.610385821311139,35.1081249999999));
#2860=CARTESIAN_POINT('',(79.2380932452695,0.439887069941075,34.9112499999999));
#2861=CARTESIAN_POINT('',(78.5903743270259,0.,35.1456249999999));
#2862=CARTESIAN_POINT('',(78.984124327026,0.,34.9487499999999));
#2863=CARTESIAN_POINT('',(78.9427807452694,-0.610385821311139,35.1831249999999));
#2864=CARTESIAN_POINT('',(79.2380932452695,-0.439887069941075,34.9862499999999));
#2865=CARTESIAN_POINT('',(79.295187163513,-1.22077164262228,35.2206249999999));
#2866=CARTESIAN_POINT('',(79.492062163513,-0.879774139882149,35.0237499999999));
#2867=CARTESIAN_POINT('',(80.,-1.22077164262228,35.2581249999999));
#2868=CARTESIAN_POINT('',(80.,-0.87977413988215,35.0612499999999));
#2869=CARTESIAN_POINT('',(80.704812836487,-1.22077164262228,35.2956249999999));
#2870=CARTESIAN_POINT('',(80.507937836487,-0.87977413988215,35.0987499999999));
#2871=CARTESIAN_POINT('',(81.0572192547306,-0.61038582131114,35.3331249999999));
#2872=CARTESIAN_POINT('',(80.7619067547305,-0.439887069941075,35.1362499999999));
#2873=CARTESIAN_POINT('',(81.4096256729741,0.,35.3706249999999));
#2874=CARTESIAN_POINT('',(81.0158756729741,0.,35.1737499999999));
#2875=CARTESIAN_POINT('',(81.0572192547306,0.610385821311138,35.4081249999999));
#2876=CARTESIAN_POINT('',(80.7619067547305,0.439887069941074,35.2112499999999));
#2877=CARTESIAN_POINT('',(80.704812836487,1.22077164262228,35.4456249999999));
#2878=CARTESIAN_POINT('',(80.507937836487,0.879774139882149,35.2487499999999));
#2879=CARTESIAN_POINT('',(80.,1.22077164262228,35.4831249999999));
#2880=CARTESIAN_POINT('',(80.,0.87977413988215,35.2862499999999));
#2881=CARTESIAN_POINT('',(79.295187163513,1.22077164262228,35.5206249999999));
#2882=CARTESIAN_POINT('',(79.492062163513,0.879774139882149,35.3237499999999));
#2883=CARTESIAN_POINT('',(78.9427807452694,0.610385821311139,35.5581249999999));
#2884=CARTESIAN_POINT('',(79.2380932452695,0.439887069941075,35.3612499999999));
#2885=CARTESIAN_POINT('',(78.5903743270259,0.,35.5956249999999));
#2886=CARTESIAN_POINT('',(78.984124327026,0.,35.3987499999999));
#2887=CARTESIAN_POINT('',(78.9427807452694,-0.610385821311139,35.6331249999999));
#2888=CARTESIAN_POINT('',(79.2380932452695,-0.439887069941075,35.4362499999999));
#2889=CARTESIAN_POINT('',(79.295187163513,-1.22077164262228,35.6706249999999));
#2890=CARTESIAN_POINT('',(79.492062163513,-0.879774139882149,35.4737499999999));
#2891=CARTESIAN_POINT('',(80.,-1.22077164262228,35.7081249999999));
#2892=CARTESIAN_POINT('',(80.,-0.87977413988215,35.5112499999999));
#2893=CARTESIAN_POINT('',(80.704812836487,-1.22077164262228,35.7456249999999));
#2894=CARTESIAN_POINT('',(80.507937836487,-0.87977413988215,35.5487499999999));
#2895=CARTESIAN_POINT('',(81.0572192547306,-0.61038582131114,35.7831249999999));
#2896=CARTESIAN_POINT('',(80.7619067547305,-0.439887069941075,35.5862499999999));
#2897=CARTESIAN_POINT('',(81.4096256729741,0.,35.8206249999999));
#2898=CARTESIAN_POINT('',(81.0158756729741,0.,35.6237499999999));
#2899=CARTESIAN_POINT('',(81.0572192547306,0.610385821311138,35.8581249999999));
#2900=CARTESIAN_POINT('',(80.7619067547305,0.439887069941074,35.6612499999999));
#2901=CARTESIAN_POINT('',(80.704812836487,1.22077164262228,35.8956249999999));
#2902=CARTESIAN_POINT('',(80.507937836487,0.879774139882149,35.6987499999999));
#2903=CARTESIAN_POINT('',(80.,1.22077164262228,35.9331249999999));
#2904=CARTESIAN_POINT('',(80.,0.87977413988215,35.7362499999999));
#2905=CARTESIAN_POINT('',(79.295187163513,1.22077164262228,35.9706249999999));
#2906=CARTESIAN_POINT('',(79.492062163513,0.879774139882149,35.7737499999999));
#2907=CARTESIAN_POINT('',(78.9427807452694,0.610385821311139,36.0081249999999));
#2908=CARTESIAN_POINT('',(79.2380932452695,0.439887069941075,35.8112499999999));
#2909=CARTESIAN_POINT('',(78.5903743270259,0.,36.0456249999999));
#2910=CARTESIAN_POINT('',(78.984124327026,0.,35.8487499999999));
#2911=CARTESIAN_POINT('',(78.9427807452694,-0.610385821311139,36.0831249999999));
#2912=CARTESIAN_POINT('',(79.2380932452695,-0.439887069941075,35.8862499999999));
#2913=CARTESIAN_POINT('',(79.295187163513,-1.22077164262228,36.1206249999999));
#2914=CARTESIAN_POINT('',(79.492062163513,-0.879774139882149,35.9237499999999));
#2915=CARTESIAN_POINT('',(80.,-1.22077164262228,36.1581249999999));
#2916=CARTESIAN_POINT('',(80.,-0.87977413988215,35.9612499999999));
#2917=CARTESIAN_POINT('',(80.704812836487,-1.22077164262228,36.1956249999999));
#2918=CARTESIAN_POINT('',(80.507937836487,-0.87977413988215,35.9987499999999));
#2919=CARTESIAN_POINT('',(81.0572192547306,-0.61038582131114,36.2331249999999));
#2920=CARTESIAN_POINT('',(80.7619067547305,-0.439887069941075,36.0362499999999));
#2921=CARTESIAN_POINT('',(81.4096256729741,0.,36.2706249999999));
#2922=CARTESIAN_POINT('',(81.0158756729741,0.,36.0737499999999));
#2923=CARTESIAN_POINT('',(81.0572192547306,0.610385821311138,36.3081249999999));
#2924=CARTESIAN_POINT('',(80.7619067547305,0.439887069941074,36.1112499999999));
#2925=CARTESIAN_POINT('',(80.704812836487,1.22077164262228,36.3456249999999));
#2926=CARTESIAN_POINT('',(80.507937836487,0.879774139882149,36.1487499999999));
#2927=CARTESIAN_POINT('',(80.,1.22077164262228,36.3831249999999));
#2928=CARTESIAN_POINT('',(80.,0.87977413988215,36.1862499999999));
#2929=CARTESIAN_POINT('',(80.,0.879774139882147,-1.67));
#2930=CARTESIAN_POINT('',(80.,1.22077164262228,-1.86687500000001));
#2931=CARTESIAN_POINT('',(79.492062163513,0.879774139882146,-1.63249999999999));
#2932=CARTESIAN_POINT('',(79.295187163513,1.22077164262228,-1.829375));
#2933=CARTESIAN_POINT('',(79.2380932452695,0.439887069941073,-1.59499999999999));
#2934=CARTESIAN_POINT('',(78.9427807452694,0.610385821311139,-1.79187499999999));
#2935=CARTESIAN_POINT('',(78.984124327026,0.,-1.55749999999999));
#2936=CARTESIAN_POINT('',(78.5903743270259,0.,-1.754375));
#2937=CARTESIAN_POINT('',(79.2380932452695,-0.439887069941073,-1.51999999999999));
#2938=CARTESIAN_POINT('',(78.9427807452694,-0.610385821311139,-1.716875));
#2939=CARTESIAN_POINT('',(79.492062163513,-0.879774139882146,-1.48249999999999));
#2940=CARTESIAN_POINT('',(79.295187163513,-1.22077164262228,-1.679375));
#2941=CARTESIAN_POINT('',(80.,-0.879774139882146,-1.44499999999999));
#2942=CARTESIAN_POINT('',(80.,-1.22077164262228,-1.641875));
#2943=CARTESIAN_POINT('',(80.507937836487,-0.879774139882147,-1.40749999999999));
#2944=CARTESIAN_POINT('',(80.704812836487,-1.22077164262228,-1.604375));
#2945=CARTESIAN_POINT('',(80.7619067547305,-0.439887069941074,-1.36999999999999));
#2946=CARTESIAN_POINT('',(81.0572192547306,-0.61038582131114,-1.566875));
#2947=CARTESIAN_POINT('',(81.0158756729741,0.,-1.33249999999999));
#2948=CARTESIAN_POINT('',(81.4096256729741,0.,-1.529375));
#2949=CARTESIAN_POINT('',(80.7619067547305,0.439887069941073,-1.29499999999999));
#2950=CARTESIAN_POINT('',(81.0572192547306,0.610385821311138,-1.49187499999999));
#2951=CARTESIAN_POINT('',(80.507937836487,0.879774139882146,-1.25749999999999));
#2952=CARTESIAN_POINT('',(80.704812836487,1.22077164262228,-1.454375));
#2953=CARTESIAN_POINT('',(80.,0.879774139882146,-1.21999999999999));
#2954=CARTESIAN_POINT('',(80.,1.22077164262228,-1.41687499999999));
#2955=CARTESIAN_POINT('',(79.492062163513,0.879774139882147,-1.18249999999999));
#2956=CARTESIAN_POINT('',(79.295187163513,1.22077164262228,-1.379375));
#2957=CARTESIAN_POINT('',(79.2380932452695,0.439887069941073,-1.14499999999999));
#2958=CARTESIAN_POINT('',(78.9427807452694,0.610385821311139,-1.341875));
#2959=CARTESIAN_POINT('',(78.984124327026,0.,-1.10749999999999));
#2960=CARTESIAN_POINT('',(78.5903743270259,0.,-1.304375));
#2961=CARTESIAN_POINT('',(79.2380932452695,-0.439887069941073,-1.06999999999999));
#2962=CARTESIAN_POINT('',(78.9427807452694,-0.610385821311139,-1.26687499999999));
#2963=CARTESIAN_POINT('',(79.492062163513,-0.879774139882146,-1.03249999999999));
#2964=CARTESIAN_POINT('',(79.295187163513,-1.22077164262228,-1.229375));
#2965=CARTESIAN_POINT('',(80.,-0.879774139882146,-0.994999999999991));
#2966=CARTESIAN_POINT('',(80.,-1.22077164262228,-1.191875));
#2967=CARTESIAN_POINT('',(80.507937836487,-0.879774139882147,-0.957499999999996));
#2968=CARTESIAN_POINT('',(80.704812836487,-1.22077164262228,-1.154375));
#2969=CARTESIAN_POINT('',(80.7619067547305,-0.439887069941074,-0.919999999999999));
#2970=CARTESIAN_POINT('',(81.0572192547306,-0.61038582131114,-1.116875));
#2971=CARTESIAN_POINT('',(81.0158756729741,0.,-0.88249999999999));
#2972=CARTESIAN_POINT('',(81.4096256729741,0.,-1.07937499999999));
#2973=CARTESIAN_POINT('',(80.7619067547305,0.439887069941073,-0.844999999999993));
#2974=CARTESIAN_POINT('',(81.0572192547306,0.610385821311138,-1.041875));
#2975=CARTESIAN_POINT('',(80.507937836487,0.879774139882146,-0.807499999999993));
#2976=CARTESIAN_POINT('',(80.704812836487,1.22077164262228,-1.004375));
#2977=CARTESIAN_POINT('',(80.,0.879774139882146,-0.769999999999997));
#2978=CARTESIAN_POINT('',(80.,1.22077164262228,-0.966874999999995));
#2979=CARTESIAN_POINT('',(79.492062163513,0.879774139882147,-0.732499999999995));
#2980=CARTESIAN_POINT('',(79.295187163513,1.22077164262228,-0.929375000000004));
#2981=CARTESIAN_POINT('',(79.2380932452695,0.439887069941073,-0.694999999999998));
#2982=CARTESIAN_POINT('',(78.9427807452694,0.610385821311139,-0.891875));
#2983=CARTESIAN_POINT('',(78.984124327026,0.,-0.657499999999994));
#2984=CARTESIAN_POINT('',(78.5903743270259,0.,-0.854375000000002));
#2985=CARTESIAN_POINT('',(79.2380932452695,-0.439887069941073,-0.619999999999991));
#2986=CARTESIAN_POINT('',(78.9427807452694,-0.610385821311139,-0.816874999999993));
#2987=CARTESIAN_POINT('',(79.492062163513,-0.879774139882146,-0.582499999999992));
#2988=CARTESIAN_POINT('',(79.295187163513,-1.22077164262228,-0.779375));
#2989=CARTESIAN_POINT('',(80.,-0.879774139882146,-0.544999999999995));
#2990=CARTESIAN_POINT('',(80.,-1.22077164262228,-0.741875000000001));
#2991=CARTESIAN_POINT('',(80.507937836487,-0.879774139882147,-0.507499999999992));
#2992=CARTESIAN_POINT('',(80.704812836487,-1.22077164262228,-0.704374999999999));
#2993=CARTESIAN_POINT('',(80.7619067547305,-0.439887069941074,-0.469999999999996));
#2994=CARTESIAN_POINT('',(81.0572192547306,-0.61038582131114,-0.666874999999998));
#2995=CARTESIAN_POINT('',(81.0158756729741,0.,-0.432499999999995));
#2996=CARTESIAN_POINT('',(81.4096256729741,0.,-0.629374999999997));
#2997=CARTESIAN_POINT('',(80.7619067547305,0.439887069941073,-0.394999999999997));
#2998=CARTESIAN_POINT('',(81.0572192547306,0.610385821311138,-0.591874999999995));
#2999=CARTESIAN_POINT('',(80.507937836487,0.879774139882146,-0.357499999999989));
#3000=CARTESIAN_POINT('',(80.704812836487,1.22077164262228,-0.554375000000002));
#3001=CARTESIAN_POINT('',(80.,0.879774139882146,-0.319999999999994));
#3002=CARTESIAN_POINT('',(80.,1.22077164262228,-0.516874999999996));
#3003=CARTESIAN_POINT('',(79.492062163513,0.879774139882147,-0.282499999999996));
#3004=CARTESIAN_POINT('',(79.295187163513,1.22077164262228,-0.479375000000002));
#3005=CARTESIAN_POINT('',(79.2380932452695,0.439887069941073,-0.244999999999991));
#3006=CARTESIAN_POINT('',(78.9427807452694,0.610385821311139,-0.441874999999997));
#3007=CARTESIAN_POINT('',(78.984124327026,0.,-0.207499999999994));
#3008=CARTESIAN_POINT('',(78.5903743270259,0.,-0.404375000000002));
#3009=CARTESIAN_POINT('',(79.2380932452695,-0.439887069941073,-0.169999999999992));
#3010=CARTESIAN_POINT('',(78.9427807452694,-0.610385821311139,-0.366874999999994));
#3011=CARTESIAN_POINT('',(79.492062163513,-0.879774139882146,-0.132499999999992));
#3012=CARTESIAN_POINT('',(79.295187163513,-1.22077164262228,-0.329374999999999));
#3013=CARTESIAN_POINT('',(80.,-0.879774139882146,-0.0949999999999926));
#3014=CARTESIAN_POINT('',(80.,-1.22077164262228,-0.291874999999998));
#3015=CARTESIAN_POINT('',(80.507937836487,-0.879774139882147,-0.0574999999999928));
#3016=CARTESIAN_POINT('',(80.704812836487,-1.22077164262228,-0.254374999999999));
#3017=CARTESIAN_POINT('',(80.7619067547305,-0.439887069941074,-0.0199999999999934));
#3018=CARTESIAN_POINT('',(81.0572192547306,-0.61038582131114,-0.216875000000003));
#3019=CARTESIAN_POINT('',(81.0158756729741,0.,0.0175000000000028));
#3020=CARTESIAN_POINT('',(81.4096256729741,0.,-0.179374999999998));
#3021=CARTESIAN_POINT('',(80.7619067547305,0.439887069941073,0.0550000000000059));
#3022=CARTESIAN_POINT('',(81.0572192547306,0.610385821311138,-0.141874999999996));
#3023=CARTESIAN_POINT('',(80.507937836487,0.879774139882146,0.0925000000000044));
#3024=CARTESIAN_POINT('',(80.704812836487,1.22077164262228,-0.104375000000004));
#3025=CARTESIAN_POINT('',(80.,0.879774139882146,0.130000000000005));
#3026=CARTESIAN_POINT('',(80.,1.22077164262228,-0.0668750000000005));
#3027=CARTESIAN_POINT('',(79.492062163513,0.879774139882147,0.167500000000008));
#3028=CARTESIAN_POINT('',(79.295187163513,1.22077164262228,-0.0293750000000044));
#3029=CARTESIAN_POINT('',(79.2380932452695,0.439887069941073,0.205000000000005));
#3030=CARTESIAN_POINT('',(78.9427807452694,0.610385821311139,0.00812500000000238));
#3031=CARTESIAN_POINT('',(78.984124327026,0.,0.242500000000004));
#3032=CARTESIAN_POINT('',(78.5903743270259,0.,0.0456249999999972));
#3033=CARTESIAN_POINT('',(79.2380932452695,-0.439887069941073,0.280000000000007));
#3034=CARTESIAN_POINT('',(78.9427807452694,-0.610385821311139,0.0831249999999981));
#3035=CARTESIAN_POINT('',(79.492062163513,-0.879774139882146,0.317500000000007));
#3036=CARTESIAN_POINT('',(79.295187163513,-1.22077164262228,0.120625000000001));
#3037=CARTESIAN_POINT('',(80.,-0.879774139882146,0.355000000000003));
#3038=CARTESIAN_POINT('',(80.,-1.22077164262228,0.158125000000001));
#3039=CARTESIAN_POINT('',(80.507937836487,-0.879774139882147,0.392500000000007));
#3040=CARTESIAN_POINT('',(80.704812836487,-1.22077164262228,0.195624999999998));
#3041=CARTESIAN_POINT('',(80.7619067547305,-0.439887069941074,0.430000000000002));
#3042=CARTESIAN_POINT('',(81.0572192547306,-0.61038582131114,0.233125));
#3043=CARTESIAN_POINT('',(81.0158756729741,0.,0.467500000000002));
#3044=CARTESIAN_POINT('',(81.4096256729741,0.,0.270624999999998));
#3045=CARTESIAN_POINT('',(80.7619067547305,0.439887069941073,0.505000000000009));
#3046=CARTESIAN_POINT('',(81.0572192547306,0.610385821311138,0.308125000000003));
#3047=CARTESIAN_POINT('',(80.507937836487,0.879774139882146,0.542500000000008));
#3048=CARTESIAN_POINT('',(80.704812836487,1.22077164262228,0.345625));
#3049=CARTESIAN_POINT('',(80.,0.879774139882146,0.580000000000008));
#3050=CARTESIAN_POINT('',(80.,1.22077164262228,0.383125000000002));
#3051=CARTESIAN_POINT('',(79.492062163513,0.879774139882147,0.617500000000004));
#3052=CARTESIAN_POINT('',(79.295187163513,1.22077164262228,0.420624999999997));
#3053=CARTESIAN_POINT('',(79.2380932452695,0.439887069941073,0.655));
#3054=CARTESIAN_POINT('',(78.9427807452694,0.610385821311139,0.458124999999998));
#3055=CARTESIAN_POINT('',(78.984124327026,0.,0.692500000000005));
#3056=CARTESIAN_POINT('',(78.5903743270259,0.,0.495624999999997));
#3057=CARTESIAN_POINT('',(79.2380932452695,-0.439887069941073,0.730000000000003));
#3058=CARTESIAN_POINT('',(78.9427807452694,-0.610385821311139,0.533124999999997));
#3059=CARTESIAN_POINT('',(79.492062163513,-0.879774139882146,0.767500000000003));
#3060=CARTESIAN_POINT('',(79.295187163513,-1.22077164262228,0.570624999999998));
#3061=CARTESIAN_POINT('',(80.,-0.879774139882146,0.804999999999999));
#3062=CARTESIAN_POINT('',(80.,-1.22077164262228,0.608124999999997));
#3063=CARTESIAN_POINT('',(80.507937836487,-0.879774139882147,0.842500000000004));
#3064=CARTESIAN_POINT('',(80.704812836487,-1.22077164262228,0.645624999999998));
#3065=CARTESIAN_POINT('',(80.7619067547305,-0.439887069941074,0.880000000000002));
#3066=CARTESIAN_POINT('',(81.0572192547306,-0.61038582131114,0.683124999999996));
#3067=CARTESIAN_POINT('',(81.0158756729741,0.,0.9175));
#3068=CARTESIAN_POINT('',(81.4096256729741,0.,0.720624999999998));
#3069=CARTESIAN_POINT('',(80.7619067547305,0.439887069941073,0.955000000000001));
#3070=CARTESIAN_POINT('',(81.0572192547306,0.610385821311138,0.758124999999999));
#3071=CARTESIAN_POINT('',(80.507937836487,0.879774139882146,0.992500000000001));
#3072=CARTESIAN_POINT('',(80.704812836487,1.22077164262228,0.795624999999997));
#3073=CARTESIAN_POINT('',(80.,0.879774139882146,1.03));
#3074=CARTESIAN_POINT('',(80.,1.22077164262228,0.833124999999998));
#3075=CARTESIAN_POINT('',(79.492062163513,0.879774139882147,1.06750000000001));
#3076=CARTESIAN_POINT('',(79.295187163513,1.22077164262228,0.870624999999997));
#3077=CARTESIAN_POINT('',(79.2380932452695,0.439887069941073,1.105));
#3078=CARTESIAN_POINT('',(78.9427807452694,0.610385821311139,0.908124999999997));
#3079=CARTESIAN_POINT('',(78.984124327026,0.,1.14250000000001));
#3080=CARTESIAN_POINT('',(78.5903743270259,0.,0.945624999999996));
#3081=CARTESIAN_POINT('',(79.2380932452695,-0.439887069941073,1.18000000000001));
#3082=CARTESIAN_POINT('',(78.9427807452694,-0.610385821311139,0.983124999999997));
#3083=CARTESIAN_POINT('',(79.492062163513,-0.879774139882146,1.2175));
#3084=CARTESIAN_POINT('',(79.295187163513,-1.22077164262228,1.020625));
#3085=CARTESIAN_POINT('',(80.,-0.879774139882146,1.255));
#3086=CARTESIAN_POINT('',(80.,-1.22077164262228,1.058125));
#3087=CARTESIAN_POINT('',(80.507937836487,-0.879774139882147,1.2925));
#3088=CARTESIAN_POINT('',(80.704812836487,-1.22077164262228,1.095625));
#3089=CARTESIAN_POINT('',(80.7619067547305,-0.439887069941074,1.33));
#3090=CARTESIAN_POINT('',(81.0572192547306,-0.61038582131114,1.13312499999999));
#3091=CARTESIAN_POINT('',(81.0158756729741,0.,1.3675));
#3092=CARTESIAN_POINT('',(81.4096256729741,0.,1.170625));
#3093=CARTESIAN_POINT('',(80.7619067547305,0.439887069941073,1.405));
#3094=CARTESIAN_POINT('',(81.0572192547306,0.610385821311138,1.208125));
#3095=CARTESIAN_POINT('',(80.507937836487,0.879774139882146,1.4425));
#3096=CARTESIAN_POINT('',(80.704812836487,1.22077164262228,1.245625));
#3097=CARTESIAN_POINT('',(80.,0.879774139882146,1.48));
#3098=CARTESIAN_POINT('',(80.,1.22077164262228,1.283125));
#3099=CARTESIAN_POINT('',(79.492062163513,0.879774139882147,1.5175));
#3100=CARTESIAN_POINT('',(79.295187163513,1.22077164262228,1.32062499999999));
#3101=CARTESIAN_POINT('',(79.2380932452695,0.439887069941073,1.555));
#3102=CARTESIAN_POINT('',(78.9427807452694,0.610385821311139,1.35812499999999));
#3103=CARTESIAN_POINT('',(78.984124327026,0.,1.59250000000001));
#3104=CARTESIAN_POINT('',(78.5903743270259,0.,1.39562499999999));
#3105=CARTESIAN_POINT('',(79.2380932452695,-0.439887069941073,1.63));
#3106=CARTESIAN_POINT('',(78.9427807452694,-0.610385821311139,1.433125));
#3107=CARTESIAN_POINT('',(79.492062163513,-0.879774139882146,1.6675));
#3108=CARTESIAN_POINT('',(79.295187163513,-1.22077164262228,1.470625));
#3109=CARTESIAN_POINT('',(80.,-0.879774139882146,1.705));
#3110=CARTESIAN_POINT('',(80.,-1.22077164262228,1.508125));
#3111=CARTESIAN_POINT('',(80.507937836487,-0.879774139882147,1.7425));
#3112=CARTESIAN_POINT('',(80.704812836487,-1.22077164262228,1.545625));
#3113=CARTESIAN_POINT('',(80.7619067547305,-0.439887069941074,1.78));
#3114=CARTESIAN_POINT('',(81.0572192547306,-0.61038582131114,1.58312499999999));
#3115=CARTESIAN_POINT('',(81.0158756729741,0.,1.8175));
#3116=CARTESIAN_POINT('',(81.4096256729741,0.,1.62062499999999));
#3117=CARTESIAN_POINT('',(80.7619067547305,0.439887069941073,1.855));
#3118=CARTESIAN_POINT('',(81.0572192547306,0.610385821311138,1.65812499999999));
#3119=CARTESIAN_POINT('',(80.507937836487,0.879774139882146,1.8925));
#3120=CARTESIAN_POINT('',(80.704812836487,1.22077164262228,1.695625));
#3121=CARTESIAN_POINT('',(80.,0.879774139882146,1.93));
#3122=CARTESIAN_POINT('',(80.,1.22077164262228,1.73312499999999));
#3123=CARTESIAN_POINT('',(79.492062163513,0.879774139882147,1.9675));
#3124=CARTESIAN_POINT('',(79.295187163513,1.22077164262228,1.770625));
#3125=CARTESIAN_POINT('',(79.2380932452695,0.439887069941073,2.005));
#3126=CARTESIAN_POINT('',(78.9427807452694,0.610385821311139,1.80812499999999));
#3127=CARTESIAN_POINT('',(78.984124327026,0.,2.0425));
#3128=CARTESIAN_POINT('',(78.5903743270259,0.,1.845625));
#3129=CARTESIAN_POINT('',(79.2380932452695,-0.439887069941073,2.08));
#3130=CARTESIAN_POINT('',(78.9427807452694,-0.610385821311139,1.88312499999999));
#3131=CARTESIAN_POINT('',(79.492062163513,-0.879774139882146,2.1175));
#3132=CARTESIAN_POINT('',(79.295187163513,-1.22077164262228,1.920625));
#3133=CARTESIAN_POINT('',(80.,-0.879774139882146,2.155));
#3134=CARTESIAN_POINT('',(80.,-1.22077164262228,1.95812499999999));
#3135=CARTESIAN_POINT('',(80.507937836487,-0.879774139882147,2.1925));
#3136=CARTESIAN_POINT('',(80.704812836487,-1.22077164262228,1.99562499999999));
#3137=CARTESIAN_POINT('',(80.7619067547305,-0.439887069941074,2.23));
#3138=CARTESIAN_POINT('',(81.0572192547306,-0.61038582131114,2.03312499999999));
#3139=CARTESIAN_POINT('',(81.0158756729741,0.,2.2675));
#3140=CARTESIAN_POINT('',(81.4096256729741,0.,2.07062499999999));
#3141=CARTESIAN_POINT('',(80.7619067547305,0.439887069941073,2.305));
#3142=CARTESIAN_POINT('',(81.0572192547306,0.610385821311138,2.10812499999999));
#3143=CARTESIAN_POINT('',(80.507937836487,0.879774139882146,2.3425));
#3144=CARTESIAN_POINT('',(80.704812836487,1.22077164262228,2.145625));
#3145=CARTESIAN_POINT('',(80.,0.879774139882146,2.38));
#3146=CARTESIAN_POINT('',(80.,1.22077164262228,2.18312499999999));
#3147=CARTESIAN_POINT('',(79.492062163513,0.879774139882147,2.4175));
#3148=CARTESIAN_POINT('',(79.295187163513,1.22077164262228,2.220625));
#3149=CARTESIAN_POINT('',(79.2380932452695,0.439887069941073,2.455));
#3150=CARTESIAN_POINT('',(78.9427807452694,0.610385821311139,2.258125));
#3151=CARTESIAN_POINT('',(78.984124327026,0.,2.4925));
#3152=CARTESIAN_POINT('',(78.5903743270259,0.,2.29562499999999));
#3153=CARTESIAN_POINT('',(79.2380932452695,-0.439887069941073,2.53));
#3154=CARTESIAN_POINT('',(78.9427807452694,-0.610385821311139,2.33312499999999));
#3155=CARTESIAN_POINT('',(79.492062163513,-0.879774139882146,2.5675));
#3156=CARTESIAN_POINT('',(79.295187163513,-1.22077164262228,2.37062499999999));
#3157=CARTESIAN_POINT('',(80.,-0.879774139882146,2.605));
#3158=CARTESIAN_POINT('',(80.,-1.22077164262228,2.40812499999999));
#3159=CARTESIAN_POINT('',(80.507937836487,-0.879774139882147,2.6425));
#3160=CARTESIAN_POINT('',(80.704812836487,-1.22077164262228,2.44562499999999));
#3161=CARTESIAN_POINT('',(80.7619067547305,-0.439887069941074,2.68));
#3162=CARTESIAN_POINT('',(81.0572192547306,-0.61038582131114,2.48312499999999));
#3163=CARTESIAN_POINT('',(81.0158756729741,0.,2.7175));
#3164=CARTESIAN_POINT('',(81.4096256729741,0.,2.52062499999999));
#3165=CARTESIAN_POINT('',(80.7619067547305,0.439887069941073,2.755));
#3166=CARTESIAN_POINT('',(81.0572192547306,0.610385821311138,2.55812499999999));
#3167=CARTESIAN_POINT('',(80.507937836487,0.879774139882146,2.7925));
#3168=CARTESIAN_POINT('',(80.704812836487,1.22077164262228,2.595625));
#3169=CARTESIAN_POINT('',(80.,0.879774139882146,2.83));
#3170=CARTESIAN_POINT('',(80.,1.22077164262228,2.63312499999999));
#3171=CARTESIAN_POINT('',(79.492062163513,0.879774139882147,2.8675));
#3172=CARTESIAN_POINT('',(79.295187163513,1.22077164262228,2.67062499999999));
#3173=CARTESIAN_POINT('',(79.2380932452695,0.439887069941073,2.905));
#3174=CARTESIAN_POINT('',(78.9427807452694,0.610385821311139,2.70812499999999));
#3175=CARTESIAN_POINT('',(78.984124327026,0.,2.9425));
#3176=CARTESIAN_POINT('',(78.5903743270259,0.,2.74562499999999));
#3177=CARTESIAN_POINT('',(79.2380932452695,-0.439887069941073,2.98));
#3178=CARTESIAN_POINT('',(78.9427807452694,-0.610385821311139,2.78312499999999));
#3179=CARTESIAN_POINT('',(79.492062163513,-0.879774139882146,3.0175));
#3180=CARTESIAN_POINT('',(79.295187163513,-1.22077164262228,2.82062499999999));
#3181=CARTESIAN_POINT('',(80.,-0.879774139882146,3.055));
#3182=CARTESIAN_POINT('',(80.,-1.22077164262228,2.85812499999999));
#3183=CARTESIAN_POINT('',(80.507937836487,-0.879774139882147,3.0925));
#3184=CARTESIAN_POINT('',(80.704812836487,-1.22077164262228,2.89562499999999));
#3185=CARTESIAN_POINT('',(80.7619067547305,-0.439887069941074,3.13));
#3186=CARTESIAN_POINT('',(81.0572192547306,-0.61038582131114,2.93312499999999));
#3187=CARTESIAN_POINT('',(81.0158756729741,0.,3.1675));
#3188=CARTESIAN_POINT('',(81.4096256729741,0.,2.97062499999999));
#3189=CARTESIAN_POINT('',(80.7619067547305,0.439887069941073,3.205));
#3190=CARTESIAN_POINT('',(81.0572192547306,0.610385821311138,3.00812499999999));
#3191=CARTESIAN_POINT('',(80.507937836487,0.879774139882146,3.2425));
#3192=CARTESIAN_POINT('',(80.704812836487,1.22077164262228,3.04562499999999));
#3193=CARTESIAN_POINT('',(80.,0.879774139882146,3.28));
#3194=CARTESIAN_POINT('',(80.,1.22077164262228,3.08312499999999));
#3195=CARTESIAN_POINT('',(79.492062163513,0.879774139882147,3.3175));
#3196=CARTESIAN_POINT('',(79.295187163513,1.22077164262228,3.12062499999999));
#3197=CARTESIAN_POINT('',(79.2380932452695,0.439887069941073,3.355));
#3198=CARTESIAN_POINT('',(78.9427807452694,0.610385821311139,3.15812499999999));
#3199=CARTESIAN_POINT('',(78.984124327026,0.,3.3925));
#3200=CARTESIAN_POINT('',(78.5903743270259,0.,3.19562499999999));
#3201=CARTESIAN_POINT('',(79.2380932452695,-0.439887069941073,3.43));
#3202=CARTESIAN_POINT('',(78.9427807452694,-0.610385821311139,3.23312499999999));
#3203=CARTESIAN_POINT('',(79.492062163513,-0.879774139882146,3.4675));
#3204=CARTESIAN_POINT('',(79.295187163513,-1.22077164262228,3.27062499999999));
#3205=CARTESIAN_POINT('',(80.,-0.879774139882146,3.505));
#3206=CARTESIAN_POINT('',(80.,-1.22077164262228,3.30812499999999));
#3207=CARTESIAN_POINT('',(80.507937836487,-0.879774139882147,3.5425));
#3208=CARTESIAN_POINT('',(80.704812836487,-1.22077164262228,3.34562499999999));
#3209=CARTESIAN_POINT('',(80.7619067547305,-0.439887069941074,3.58));
#3210=CARTESIAN_POINT('',(81.0572192547306,-0.61038582131114,3.38312499999999));
#3211=CARTESIAN_POINT('',(81.0158756729741,0.,3.6175));
#3212=CARTESIAN_POINT('',(81.4096256729741,0.,3.42062499999999));
#3213=CARTESIAN_POINT('',(80.7619067547305,0.439887069941073,3.655));
#3214=CARTESIAN_POINT('',(81.0572192547306,0.610385821311138,3.45812499999999));
#3215=CARTESIAN_POINT('',(80.507937836487,0.879774139882146,3.6925));
#3216=CARTESIAN_POINT('',(80.704812836487,1.22077164262228,3.49562499999999));
#3217=CARTESIAN_POINT('',(80.,0.879774139882146,3.73));
#3218=CARTESIAN_POINT('',(80.,1.22077164262228,3.53312499999999));
#3219=CARTESIAN_POINT('',(79.492062163513,0.879774139882147,3.7675));
#3220=CARTESIAN_POINT('',(79.295187163513,1.22077164262228,3.57062499999999));
#3221=CARTESIAN_POINT('',(79.2380932452695,0.439887069941073,3.805));
#3222=CARTESIAN_POINT('',(78.9427807452694,0.610385821311139,3.60812499999999));
#3223=CARTESIAN_POINT('',(78.984124327026,0.,3.8425));
#3224=CARTESIAN_POINT('',(78.5903743270259,0.,3.64562499999999));
#3225=CARTESIAN_POINT('',(79.2380932452695,-0.439887069941073,3.88));
#3226=CARTESIAN_POINT('',(78.9427807452694,-0.610385821311139,3.68312499999999));
#3227=CARTESIAN_POINT('',(79.492062163513,-0.879774139882146,3.9175));
#3228=CARTESIAN_POINT('',(79.295187163513,-1.22077164262228,3.72062499999999));
#3229=CARTESIAN_POINT('',(80.,-0.879774139882146,3.955));
#3230=CARTESIAN_POINT('',(80.,-1.22077164262228,3.75812499999999));
#3231=CARTESIAN_POINT('',(80.507937836487,-0.879774139882147,3.9925));
#3232=CARTESIAN_POINT('',(80.704812836487,-1.22077164262228,3.79562499999999));
#3233=CARTESIAN_POINT('',(80.7619067547305,-0.439887069941074,4.02999999999999));
#3234=CARTESIAN_POINT('',(81.0572192547306,-0.61038582131114,3.83312499999999));
#3235=CARTESIAN_POINT('',(81.0158756729741,0.,4.0675));
#3236=CARTESIAN_POINT('',(81.4096256729741,0.,3.87062499999999));
#3237=CARTESIAN_POINT('',(80.7619067547305,0.439887069941073,4.105));
#3238=CARTESIAN_POINT('',(81.0572192547306,0.610385821311138,3.90812499999999));
#3239=CARTESIAN_POINT('',(80.507937836487,0.879774139882146,4.1425));
#3240=CARTESIAN_POINT('',(80.704812836487,1.22077164262228,3.94562499999999));
#3241=CARTESIAN_POINT('',(80.,0.879774139882146,4.18));
#3242=CARTESIAN_POINT('',(80.,1.22077164262228,3.98312499999999));
#3243=CARTESIAN_POINT('',(79.492062163513,0.879774139882147,4.2175));
#3244=CARTESIAN_POINT('',(79.295187163513,1.22077164262228,4.02062499999999));
#3245=CARTESIAN_POINT('',(79.2380932452695,0.439887069941073,4.25499999999999));
#3246=CARTESIAN_POINT('',(78.9427807452694,0.610385821311139,4.05812499999999));
#3247=CARTESIAN_POINT('',(78.984124327026,0.,4.2925));
#3248=CARTESIAN_POINT('',(78.5903743270259,0.,4.09562499999999));
#3249=CARTESIAN_POINT('',(79.2380932452695,-0.439887069941073,4.33));
#3250=CARTESIAN_POINT('',(78.9427807452694,-0.610385821311139,4.13312499999999));
#3251=CARTESIAN_POINT('',(79.492062163513,-0.879774139882146,4.3675));
#3252=CARTESIAN_POINT('',(79.295187163513,-1.22077164262228,4.17062499999999));
#3253=CARTESIAN_POINT('',(80.,-0.879774139882146,4.40499999999999));
#3254=CARTESIAN_POINT('',(80.,-1.22077164262228,4.20812499999999));
#3255=CARTESIAN_POINT('',(80.507937836487,-0.879774139882147,4.4425));
#3256=CARTESIAN_POINT('',(80.704812836487,-1.22077164262228,4.24562499999999));
#3257=CARTESIAN_POINT('',(80.7619067547305,-0.439887069941074,4.47999999999999));
#3258=CARTESIAN_POINT('',(81.0572192547306,-0.61038582131114,4.28312499999999));
#3259=CARTESIAN_POINT('',(81.0158756729741,0.,4.5175));
#3260=CARTESIAN_POINT('',(81.4096256729741,0.,4.32062499999999));
#3261=CARTESIAN_POINT('',(80.7619067547305,0.439887069941073,4.555));
#3262=CARTESIAN_POINT('',(81.0572192547306,0.610385821311138,4.35812499999999));
#3263=CARTESIAN_POINT('',(80.507937836487,0.879774139882146,4.5925));
#3264=CARTESIAN_POINT('',(80.704812836487,1.22077164262228,4.39562499999999));
#3265=CARTESIAN_POINT('',(80.,0.879774139882146,4.62999999999999));
#3266=CARTESIAN_POINT('',(80.,1.22077164262228,4.43312499999999));
#3267=CARTESIAN_POINT('',(79.492062163513,0.879774139882147,4.6675));
#3268=CARTESIAN_POINT('',(79.295187163513,1.22077164262228,4.47062499999999));
#3269=CARTESIAN_POINT('',(79.2380932452695,0.439887069941073,4.70499999999999));
#3270=CARTESIAN_POINT('',(78.9427807452694,0.610385821311139,4.50812499999999));
#3271=CARTESIAN_POINT('',(78.984124327026,0.,4.7425));
#3272=CARTESIAN_POINT('',(78.5903743270259,0.,4.54562499999999));
#3273=CARTESIAN_POINT('',(79.2380932452695,-0.439887069941073,4.77999999999999));
#3274=CARTESIAN_POINT('',(78.9427807452694,-0.610385821311139,4.58312499999999));
#3275=CARTESIAN_POINT('',(79.492062163513,-0.879774139882146,4.81749999999999));
#3276=CARTESIAN_POINT('',(79.295187163513,-1.22077164262228,4.62062499999999));
#3277=CARTESIAN_POINT('',(80.,-0.879774139882146,4.85499999999999));
#3278=CARTESIAN_POINT('',(80.,-1.22077164262228,4.65812499999999));
#3279=CARTESIAN_POINT('',(80.507937836487,-0.879774139882147,4.8925));
#3280=CARTESIAN_POINT('',(80.704812836487,-1.22077164262228,4.69562499999999));
#3281=CARTESIAN_POINT('',(80.7619067547305,-0.439887069941074,4.92999999999999));
#3282=CARTESIAN_POINT('',(81.0572192547306,-0.61038582131114,4.73312499999999));
#3283=CARTESIAN_POINT('',(81.0158756729741,0.,4.9675));
#3284=CARTESIAN_POINT('',(81.4096256729741,0.,4.77062499999999));
#3285=CARTESIAN_POINT('',(80.7619067547305,0.439887069941073,5.00499999999999));
#3286=CARTESIAN_POINT('',(81.0572192547306,0.610385821311138,4.80812499999999));
#3287=CARTESIAN_POINT('',(80.507937836487,0.879774139882146,5.04249999999999));
#3288=CARTESIAN_POINT('',(80.704812836487,1.22077164262228,4.84562499999999));
#3289=CARTESIAN_POINT('',(80.,0.879774139882146,5.07999999999999));
#3290=CARTESIAN_POINT('',(80.,1.22077164262228,4.88312499999999));
#3291=CARTESIAN_POINT('',(79.492062163513,0.879774139882147,5.1175));
#3292=CARTESIAN_POINT('',(79.295187163513,1.22077164262228,4.92062499999999));
#3293=CARTESIAN_POINT('',(79.2380932452695,0.439887069941073,5.15499999999999));
#3294=CARTESIAN_POINT('',(78.9427807452694,0.610385821311139,4.95812499999999));
#3295=CARTESIAN_POINT('',(78.984124327026,0.,5.19249999999999));
#3296=CARTESIAN_POINT('',(78.5903743270259,0.,4.99562499999999));
#3297=CARTESIAN_POINT('',(79.2380932452695,-0.439887069941073,5.22999999999999));
#3298=CARTESIAN_POINT('',(78.9427807452694,-0.610385821311139,5.03312499999999));
#3299=CARTESIAN_POINT('',(79.492062163513,-0.879774139882146,5.26749999999999));
#3300=CARTESIAN_POINT('',(79.295187163513,-1.22077164262228,5.07062499999999));
#3301=CARTESIAN_POINT('',(80.,-0.879774139882146,5.30499999999999));
#3302=CARTESIAN_POINT('',(80.,-1.22077164262228,5.10812499999999));
#3303=CARTESIAN_POINT('',(80.507937836487,-0.879774139882147,5.34249999999999));
#3304=CARTESIAN_POINT('',(80.704812836487,-1.22077164262228,5.14562499999999));
#3305=CARTESIAN_POINT('',(80.7619067547305,-0.439887069941074,5.37999999999999));
#3306=CARTESIAN_POINT('',(81.0572192547306,-0.61038582131114,5.18312499999999));
#3307=CARTESIAN_POINT('',(81.0158756729741,0.,5.4175));
#3308=CARTESIAN_POINT('',(81.4096256729741,0.,5.22062499999999));
#3309=CARTESIAN_POINT('',(80.7619067547305,0.439887069941073,5.45499999999999));
#3310=CARTESIAN_POINT('',(81.0572192547306,0.610385821311138,5.25812499999999));
#3311=CARTESIAN_POINT('',(80.507937836487,0.879774139882146,5.49249999999999));
#3312=CARTESIAN_POINT('',(80.704812836487,1.22077164262228,5.29562499999999));
#3313=CARTESIAN_POINT('',(80.,0.879774139882146,5.52999999999999));
#3314=CARTESIAN_POINT('',(80.,1.22077164262228,5.33312499999999));
#3315=CARTESIAN_POINT('',(79.492062163513,0.879774139882147,5.56749999999999));
#3316=CARTESIAN_POINT('',(79.295187163513,1.22077164262228,5.37062499999999));
#3317=CARTESIAN_POINT('',(79.2380932452695,0.439887069941073,5.60499999999999));
#3318=CARTESIAN_POINT('',(78.9427807452694,0.610385821311139,5.40812499999998));
#3319=CARTESIAN_POINT('',(78.984124327026,0.,5.64249999999999));
#3320=CARTESIAN_POINT('',(78.5903743270259,0.,5.44562499999999));
#3321=CARTESIAN_POINT('',(79.2380932452695,-0.439887069941073,5.67999999999999));
#3322=CARTESIAN_POINT('',(78.9427807452694,-0.610385821311139,5.48312499999999));
#3323=CARTESIAN_POINT('',(79.492062163513,-0.879774139882146,5.7175));
#3324=CARTESIAN_POINT('',(79.295187163513,-1.22077164262228,5.52062499999999));
#3325=CARTESIAN_POINT('',(80.,-0.879774139882146,5.75499999999999));
#3326=CARTESIAN_POINT('',(80.,-1.22077164262228,5.55812499999999));
#3327=CARTESIAN_POINT('',(80.507937836487,-0.879774139882147,5.79249999999999));
#3328=CARTESIAN_POINT('',(80.704812836487,-1.22077164262228,5.59562499999999));
#3329=CARTESIAN_POINT('',(80.7619067547305,-0.439887069941074,5.82999999999999));
#3330=CARTESIAN_POINT('',(81.0572192547306,-0.61038582131114,5.63312499999999));
#3331=CARTESIAN_POINT('',(81.0158756729741,0.,5.86749999999999));
#3332=CARTESIAN_POINT('',(81.4096256729741,0.,5.67062499999999));
#3333=CARTESIAN_POINT('',(80.7619067547305,0.439887069941073,5.90499999999999));
#3334=CARTESIAN_POINT('',(81.0572192547306,0.610385821311138,5.70812499999999));
#3335=CARTESIAN_POINT('',(80.507937836487,0.879774139882146,5.94249999999999));
#3336=CARTESIAN_POINT('',(80.704812836487,1.22077164262228,5.74562499999999));
#3337=CARTESIAN_POINT('',(80.,0.879774139882146,5.97999999999999));
#3338=CARTESIAN_POINT('',(80.,1.22077164262228,5.78312499999999));
#3339=CARTESIAN_POINT('',(79.492062163513,0.879774139882147,6.01749999999999));
#3340=CARTESIAN_POINT('',(79.295187163513,1.22077164262228,5.82062499999999));
#3341=CARTESIAN_POINT('',(79.2380932452695,0.439887069941073,6.05499999999999));
#3342=CARTESIAN_POINT('',(78.9427807452694,0.610385821311139,5.85812499999998));
#3343=CARTESIAN_POINT('',(78.984124327026,0.,6.09249999999999));
#3344=CARTESIAN_POINT('',(78.5903743270259,0.,5.89562499999998));
#3345=CARTESIAN_POINT('',(79.2380932452695,-0.439887069941073,6.12999999999999));
#3346=CARTESIAN_POINT('',(78.9427807452694,-0.610385821311139,5.93312499999998));
#3347=CARTESIAN_POINT('',(79.492062163513,-0.879774139882146,6.16749999999999));
#3348=CARTESIAN_POINT('',(79.295187163513,-1.22077164262228,5.97062499999998));
#3349=CARTESIAN_POINT('',(80.,-0.879774139882146,6.20499999999999));
#3350=CARTESIAN_POINT('',(80.,-1.22077164262228,6.00812499999998));
#3351=CARTESIAN_POINT('',(80.507937836487,-0.879774139882147,6.24249999999999));
#3352=CARTESIAN_POINT('',(80.704812836487,-1.22077164262228,6.04562499999998));
#3353=CARTESIAN_POINT('',(80.7619067547305,-0.439887069941074,6.27999999999999));
#3354=CARTESIAN_POINT('',(81.0572192547306,-0.61038582131114,6.08312499999998));
#3355=CARTESIAN_POINT('',(81.0158756729741,0.,6.31749999999999));
#3356=CARTESIAN_POINT('',(81.4096256729741,0.,6.12062499999999));
#3357=CARTESIAN_POINT('',(80.7619067547305,0.439887069941073,6.35499999999999));
#3358=CARTESIAN_POINT('',(81.0572192547306,0.610385821311138,6.15812499999998));
#3359=CARTESIAN_POINT('',(80.507937836487,0.879774139882146,6.39249999999999));
#3360=CARTESIAN_POINT('',(80.704812836487,1.22077164262228,6.19562499999998));
#3361=CARTESIAN_POINT('',(80.,0.879774139882146,6.42999999999999));
#3362=CARTESIAN_POINT('',(80.,1.22077164262228,6.23312499999998));
#3363=CARTESIAN_POINT('',(79.492062163513,0.879774139882147,6.46749999999999));
#3364=CARTESIAN_POINT('',(79.295187163513,1.22077164262228,6.27062499999998));
#3365=CARTESIAN_POINT('',(79.2380932452695,0.439887069941073,6.50499999999999));
#3366=CARTESIAN_POINT('',(78.9427807452694,0.610385821311139,6.30812499999998));
#3367=CARTESIAN_POINT('',(78.984124327026,0.,6.54249999999999));
#3368=CARTESIAN_POINT('',(78.5903743270259,0.,6.34562499999999));
#3369=CARTESIAN_POINT('',(79.2380932452695,-0.439887069941073,6.57999999999999));
#3370=CARTESIAN_POINT('',(78.9427807452694,-0.610385821311139,6.38312499999998));
#3371=CARTESIAN_POINT('',(79.492062163513,-0.879774139882146,6.61749999999999));
#3372=CARTESIAN_POINT('',(79.295187163513,-1.22077164262228,6.42062499999999));
#3373=CARTESIAN_POINT('',(80.,-0.879774139882146,6.65499999999999));
#3374=CARTESIAN_POINT('',(80.,-1.22077164262228,6.45812499999998));
#3375=CARTESIAN_POINT('',(80.507937836487,-0.879774139882147,6.69249999999999));
#3376=CARTESIAN_POINT('',(80.704812836487,-1.22077164262228,6.49562499999998));
#3377=CARTESIAN_POINT('',(80.7619067547305,-0.439887069941074,6.72999999999999));
#3378=CARTESIAN_POINT('',(81.0572192547306,-0.61038582131114,6.53312499999998));
#3379=CARTESIAN_POINT('',(81.0158756729741,0.,6.76749999999999));
#3380=CARTESIAN_POINT('',(81.4096256729741,0.,6.57062499999999));
#3381=CARTESIAN_POINT('',(80.7619067547305,0.439887069941073,6.80499999999999));
#3382=CARTESIAN_POINT('',(81.0572192547306,0.610385821311138,6.60812499999998));
#3383=CARTESIAN_POINT('',(80.507937836487,0.879774139882146,6.84249999999999));
#3384=CARTESIAN_POINT('',(80.704812836487,1.22077164262228,6.64562499999998));
#3385=CARTESIAN_POINT('',(80.,0.879774139882146,6.87999999999999));
#3386=CARTESIAN_POINT('',(80.,1.22077164262228,6.68312499999998));
#3387=CARTESIAN_POINT('',(79.492062163513,0.879774139882147,6.91749999999999));
#3388=CARTESIAN_POINT('',(79.295187163513,1.22077164262228,6.72062499999998));
#3389=CARTESIAN_POINT('',(79.2380932452695,0.439887069941073,6.95499999999999));
#3390=CARTESIAN_POINT('',(78.9427807452694,0.610385821311139,6.75812499999998));
#3391=CARTESIAN_POINT('',(78.984124327026,0.,6.99249999999999));
#3392=CARTESIAN_POINT('',(78.5903743270259,0.,6.79562499999999));
#3393=CARTESIAN_POINT('',(79.2380932452695,-0.439887069941073,7.02999999999999));
#3394=CARTESIAN_POINT('',(78.9427807452694,-0.610385821311139,6.83312499999998));
#3395=CARTESIAN_POINT('',(79.492062163513,-0.879774139882146,7.06749999999999));
#3396=CARTESIAN_POINT('',(79.295187163513,-1.22077164262228,6.87062499999998));
#3397=CARTESIAN_POINT('',(80.,-0.879774139882146,7.10499999999999));
#3398=CARTESIAN_POINT('',(80.,-1.22077164262228,6.90812499999998));
#3399=CARTESIAN_POINT('',(80.507937836487,-0.879774139882147,7.14249999999999));
#3400=CARTESIAN_POINT('',(80.704812836487,-1.22077164262228,6.94562499999998));
#3401=CARTESIAN_POINT('',(80.7619067547305,-0.439887069941074,7.17999999999999));
#3402=CARTESIAN_POINT('',(81.0572192547306,-0.61038582131114,6.98312499999998));
#3403=CARTESIAN_POINT('',(81.0158756729741,0.,7.21749999999999));
#3404=CARTESIAN_POINT('',(81.4096256729741,0.,7.02062499999998));
#3405=CARTESIAN_POINT('',(80.7619067547305,0.439887069941073,7.25499999999999));
#3406=CARTESIAN_POINT('',(81.0572192547306,0.610385821311138,7.05812499999998));
#3407=CARTESIAN_POINT('',(80.507937836487,0.879774139882146,7.29249999999999));
#3408=CARTESIAN_POINT('',(80.704812836487,1.22077164262228,7.09562499999998));
#3409=CARTESIAN_POINT('',(80.,0.879774139882146,7.32999999999999));
#3410=CARTESIAN_POINT('',(80.,1.22077164262228,7.13312499999998));
#3411=CARTESIAN_POINT('',(79.492062163513,0.879774139882147,7.36749999999999));
#3412=CARTESIAN_POINT('',(79.295187163513,1.22077164262228,7.17062499999999));
#3413=CARTESIAN_POINT('',(79.2380932452695,0.439887069941073,7.40499999999999));
#3414=CARTESIAN_POINT('',(78.9427807452694,0.610385821311139,7.20812499999998));
#3415=CARTESIAN_POINT('',(78.984124327026,0.,7.44249999999999));
#3416=CARTESIAN_POINT('',(78.5903743270259,0.,7.24562499999998));
#3417=CARTESIAN_POINT('',(79.2380932452695,-0.439887069941073,7.47999999999999));
#3418=CARTESIAN_POINT('',(78.9427807452694,-0.610385821311139,7.28312499999998));
#3419=CARTESIAN_POINT('',(79.492062163513,-0.879774139882146,7.51749999999999));
#3420=CARTESIAN_POINT('',(79.295187163513,-1.22077164262228,7.32062499999998));
#3421=CARTESIAN_POINT('',(80.,-0.879774139882146,7.55499999999999));
#3422=CARTESIAN_POINT('',(80.,-1.22077164262228,7.35812499999998));
#3423=CARTESIAN_POINT('',(80.507937836487,-0.879774139882147,7.59249999999999));
#3424=CARTESIAN_POINT('',(80.704812836487,-1.22077164262228,7.39562499999998));
#3425=CARTESIAN_POINT('',(80.7619067547305,-0.439887069941074,7.62999999999999));
#3426=CARTESIAN_POINT('',(81.0572192547306,-0.61038582131114,7.43312499999998));
#3427=CARTESIAN_POINT('',(81.0158756729741,0.,7.66749999999999));
#3428=CARTESIAN_POINT('',(81.4096256729741,0.,7.47062499999998));
#3429=CARTESIAN_POINT('',(80.7619067547305,0.439887069941073,7.70499999999999));
#3430=CARTESIAN_POINT('',(81.0572192547306,0.610385821311138,7.50812499999998));
#3431=CARTESIAN_POINT('',(80.507937836487,0.879774139882146,7.74249999999999));
#3432=CARTESIAN_POINT('',(80.704812836487,1.22077164262228,7.54562499999998));
#3433=CARTESIAN_POINT('',(80.,0.879774139882146,7.77999999999999));
#3434=CARTESIAN_POINT('',(80.,1.22077164262228,7.58312499999998));
#3435=CARTESIAN_POINT('',(79.492062163513,0.879774139882147,7.81749999999999));
#3436=CARTESIAN_POINT('',(79.295187163513,1.22077164262228,7.62062499999998));
#3437=CARTESIAN_POINT('',(79.2380932452695,0.439887069941073,7.85499999999999));
#3438=CARTESIAN_POINT('',(78.9427807452694,0.610385821311139,7.65812499999998));
#3439=CARTESIAN_POINT('',(78.984124327026,0.,7.89249999999999));
#3440=CARTESIAN_POINT('',(78.5903743270259,0.,7.69562499999998));
#3441=CARTESIAN_POINT('',(79.2380932452695,-0.439887069941073,7.92999999999999));
#3442=CARTESIAN_POINT('',(78.9427807452694,-0.610385821311139,7.73312499999998));
#3443=CARTESIAN_POINT('',(79.492062163513,-0.879774139882146,7.96749999999999));
#3444=CARTESIAN_POINT('',(79.295187163513,-1.22077164262228,7.77062499999998));
#3445=CARTESIAN_POINT('',(80.,-0.879774139882146,8.00499999999999));
#3446=CARTESIAN_POINT('',(80.,-1.22077164262228,7.80812499999998));
#3447=CARTESIAN_POINT('',(80.507937836487,-0.879774139882147,8.04249999999998));
#3448=CARTESIAN_POINT('',(80.704812836487,-1.22077164262228,7.84562499999998));
#3449=CARTESIAN_POINT('',(80.7619067547305,-0.439887069941074,8.07999999999998));
#3450=CARTESIAN_POINT('',(81.0572192547306,-0.61038582131114,7.88312499999998));
#3451=CARTESIAN_POINT('',(81.0158756729741,0.,8.11749999999999));
#3452=CARTESIAN_POINT('',(81.4096256729741,0.,7.92062499999998));
#3453=CARTESIAN_POINT('',(80.7619067547305,0.439887069941073,8.15499999999999));
#3454=CARTESIAN_POINT('',(81.0572192547306,0.610385821311138,7.95812499999998));
#3455=CARTESIAN_POINT('',(80.507937836487,0.879774139882146,8.19249999999999));
#3456=CARTESIAN_POINT('',(80.704812836487,1.22077164262228,7.99562499999998));
#3457=CARTESIAN_POINT('',(80.,0.879774139882146,8.22999999999999));
#3458=CARTESIAN_POINT('',(80.,1.22077164262228,8.03312499999998));
#3459=CARTESIAN_POINT('',(79.492062163513,0.879774139882147,8.26749999999999));
#3460=CARTESIAN_POINT('',(79.295187163513,1.22077164262228,8.07062499999998));
#3461=CARTESIAN_POINT('',(79.2380932452695,0.439887069941073,8.30499999999999));
#3462=CARTESIAN_POINT('',(78.9427807452694,0.610385821311139,8.10812499999998));
#3463=CARTESIAN_POINT('',(78.984124327026,0.,8.34249999999999));
#3464=CARTESIAN_POINT('',(78.5903743270259,0.,8.14562499999998));
#3465=CARTESIAN_POINT('',(79.2380932452695,-0.439887069941073,8.37999999999998));
#3466=CARTESIAN_POINT('',(78.9427807452694,-0.610385821311139,8.18312499999998));
#3467=CARTESIAN_POINT('',(79.492062163513,-0.879774139882146,8.41749999999999));
#3468=CARTESIAN_POINT('',(79.295187163513,-1.22077164262228,8.22062499999998));
#3469=CARTESIAN_POINT('',(80.,-0.879774139882146,8.45499999999999));
#3470=CARTESIAN_POINT('',(80.,-1.22077164262228,8.25812499999998));
#3471=CARTESIAN_POINT('',(80.507937836487,-0.879774139882147,8.49249999999999));
#3472=CARTESIAN_POINT('',(80.704812836487,-1.22077164262228,8.29562499999998));
#3473=CARTESIAN_POINT('',(80.7619067547305,-0.439887069941074,8.52999999999999));
#3474=CARTESIAN_POINT('',(81.0572192547306,-0.61038582131114,8.33312499999998));
#3475=CARTESIAN_POINT('',(81.0158756729741,0.,8.56749999999998));
#3476=CARTESIAN_POINT('',(81.4096256729741,0.,8.37062499999998));
#3477=CARTESIAN_POINT('',(80.7619067547305,0.439887069941073,8.60499999999999));
#3478=CARTESIAN_POINT('',(81.0572192547306,0.610385821311138,8.40812499999998));
#3479=CARTESIAN_POINT('',(80.507937836487,0.879774139882146,8.64249999999999));
#3480=CARTESIAN_POINT('',(80.704812836487,1.22077164262228,8.44562499999998));
#3481=CARTESIAN_POINT('',(80.,0.879774139882146,8.67999999999999));
#3482=CARTESIAN_POINT('',(80.,1.22077164262228,8.48312499999998));
#3483=CARTESIAN_POINT('',(79.492062163513,0.879774139882147,8.71749999999999));
#3484=CARTESIAN_POINT('',(79.295187163513,1.22077164262228,8.52062499999998));
#3485=CARTESIAN_POINT('',(79.2380932452695,0.439887069941073,8.75499999999998));
#3486=CARTESIAN_POINT('',(78.9427807452694,0.610385821311139,8.55812499999998));
#3487=CARTESIAN_POINT('',(78.984124327026,0.,8.79249999999999));
#3488=CARTESIAN_POINT('',(78.5903743270259,0.,8.59562499999998));
#3489=CARTESIAN_POINT('',(79.2380932452695,-0.439887069941073,8.82999999999998));
#3490=CARTESIAN_POINT('',(78.9427807452694,-0.610385821311139,8.63312499999998));
#3491=CARTESIAN_POINT('',(79.492062163513,-0.879774139882146,8.86749999999999));
#3492=CARTESIAN_POINT('',(79.295187163513,-1.22077164262228,8.67062499999998));
#3493=CARTESIAN_POINT('',(80.,-0.879774139882146,8.90499999999999));
#3494=CARTESIAN_POINT('',(80.,-1.22077164262228,8.70812499999998));
#3495=CARTESIAN_POINT('',(80.507937836487,-0.879774139882147,8.94249999999999));
#3496=CARTESIAN_POINT('',(80.704812836487,-1.22077164262228,8.74562499999998));
#3497=CARTESIAN_POINT('',(80.7619067547305,-0.439887069941074,8.97999999999999));
#3498=CARTESIAN_POINT('',(81.0572192547306,-0.61038582131114,8.78312499999998));
#3499=CARTESIAN_POINT('',(81.0158756729741,0.,9.01749999999999));
#3500=CARTESIAN_POINT('',(81.4096256729741,0.,8.82062499999998));
#3501=CARTESIAN_POINT('',(80.7619067547305,0.439887069941073,9.05499999999999));
#3502=CARTESIAN_POINT('',(81.0572192547306,0.610385821311138,8.85812499999998));
#3503=CARTESIAN_POINT('',(80.507937836487,0.879774139882146,9.09249999999999));
#3504=CARTESIAN_POINT('',(80.704812836487,1.22077164262228,8.89562499999998));
#3505=CARTESIAN_POINT('',(80.,0.879774139882146,9.12999999999999));
#3506=CARTESIAN_POINT('',(80.,1.22077164262228,8.93312499999998));
#3507=CARTESIAN_POINT('',(79.492062163513,0.879774139882147,9.16749999999998));
#3508=CARTESIAN_POINT('',(79.295187163513,1.22077164262228,8.97062499999998));
#3509=CARTESIAN_POINT('',(79.2380932452695,0.439887069941073,9.20499999999998));
#3510=CARTESIAN_POINT('',(78.9427807452694,0.610385821311139,9.00812499999998));
#3511=CARTESIAN_POINT('',(78.984124327026,0.,9.24249999999999));
#3512=CARTESIAN_POINT('',(78.5903743270259,0.,9.04562499999998));
#3513=CARTESIAN_POINT('',(79.2380932452695,-0.439887069941073,9.27999999999999));
#3514=CARTESIAN_POINT('',(78.9427807452694,-0.610385821311139,9.08312499999998));
#3515=CARTESIAN_POINT('',(79.492062163513,-0.879774139882146,9.31749999999998));
#3516=CARTESIAN_POINT('',(79.295187163513,-1.22077164262228,9.12062499999998));
#3517=CARTESIAN_POINT('',(80.,-0.879774139882146,9.35499999999999));
#3518=CARTESIAN_POINT('',(80.,-1.22077164262228,9.15812499999998));
#3519=CARTESIAN_POINT('',(80.507937836487,-0.879774139882147,9.39249999999999));
#3520=CARTESIAN_POINT('',(80.704812836487,-1.22077164262228,9.19562499999998));
#3521=CARTESIAN_POINT('',(80.7619067547305,-0.439887069941074,9.42999999999999));
#3522=CARTESIAN_POINT('',(81.0572192547306,-0.61038582131114,9.23312499999998));
#3523=CARTESIAN_POINT('',(81.0158756729741,0.,9.46749999999999));
#3524=CARTESIAN_POINT('',(81.4096256729741,0.,9.27062499999998));
#3525=CARTESIAN_POINT('',(80.7619067547305,0.439887069941073,9.50499999999998));
#3526=CARTESIAN_POINT('',(81.0572192547306,0.610385821311138,9.30812499999998));
#3527=CARTESIAN_POINT('',(80.507937836487,0.879774139882146,9.54249999999999));
#3528=CARTESIAN_POINT('',(80.704812836487,1.22077164262228,9.34562499999998));
#3529=CARTESIAN_POINT('',(80.,0.879774139882146,9.57999999999998));
#3530=CARTESIAN_POINT('',(80.,1.22077164262228,9.38312499999998));
#3531=CARTESIAN_POINT('',(79.492062163513,0.879774139882147,9.61749999999999));
#3532=CARTESIAN_POINT('',(79.295187163513,1.22077164262228,9.42062499999998));
#3533=CARTESIAN_POINT('',(79.2380932452695,0.439887069941073,9.65499999999998));
#3534=CARTESIAN_POINT('',(78.9427807452694,0.610385821311139,9.45812499999997));
#3535=CARTESIAN_POINT('',(78.984124327026,0.,9.69249999999998));
#3536=CARTESIAN_POINT('',(78.5903743270259,0.,9.49562499999998));
#3537=CARTESIAN_POINT('',(79.2380932452695,-0.439887069941073,9.72999999999998));
#3538=CARTESIAN_POINT('',(78.9427807452694,-0.610385821311139,9.53312499999998));
#3539=CARTESIAN_POINT('',(79.492062163513,-0.879774139882146,9.76749999999999));
#3540=CARTESIAN_POINT('',(79.295187163513,-1.22077164262228,9.57062499999998));
#3541=CARTESIAN_POINT('',(80.,-0.879774139882146,9.80499999999999));
#3542=CARTESIAN_POINT('',(80.,-1.22077164262228,9.60812499999998));
#3543=CARTESIAN_POINT('',(80.507937836487,-0.879774139882147,9.84249999999999));
#3544=CARTESIAN_POINT('',(80.704812836487,-1.22077164262228,9.64562499999998));
#3545=CARTESIAN_POINT('',(80.7619067547305,-0.439887069941074,9.87999999999998));
#3546=CARTESIAN_POINT('',(81.0572192547306,-0.61038582131114,9.68312499999998));
#3547=CARTESIAN_POINT('',(81.0158756729741,0.,9.91749999999999));
#3548=CARTESIAN_POINT('',(81.4096256729741,0.,9.72062499999998));
#3549=CARTESIAN_POINT('',(80.7619067547305,0.439887069941073,9.95499999999998));
#3550=CARTESIAN_POINT('',(81.0572192547306,0.610385821311138,9.75812499999998));
#3551=CARTESIAN_POINT('',(80.507937836487,0.879774139882146,9.99249999999998));
#3552=CARTESIAN_POINT('',(80.704812836487,1.22077164262228,9.79562499999998));
#3553=CARTESIAN_POINT('',(80.,0.879774139882146,10.03));
#3554=CARTESIAN_POINT('',(80.,1.22077164262228,9.83312499999998));
#3555=CARTESIAN_POINT('',(79.492062163513,0.879774139882147,10.0675));
#3556=CARTESIAN_POINT('',(79.295187163513,1.22077164262228,9.87062499999998));
#3557=CARTESIAN_POINT('',(79.2380932452695,0.439887069941073,10.105));
#3558=CARTESIAN_POINT('',(78.9427807452694,0.610385821311139,9.90812499999998));
#3559=CARTESIAN_POINT('',(78.984124327026,0.,10.1425));
#3560=CARTESIAN_POINT('',(78.5903743270259,0.,9.94562499999998));
#3561=CARTESIAN_POINT('',(79.2380932452695,-0.439887069941073,10.18));
#3562=CARTESIAN_POINT('',(78.9427807452694,-0.610385821311139,9.98312499999998));
#3563=CARTESIAN_POINT('',(79.492062163513,-0.879774139882146,10.2175));
#3564=CARTESIAN_POINT('',(79.295187163513,-1.22077164262228,10.020625));
#3565=CARTESIAN_POINT('',(80.,-0.879774139882146,10.255));
#3566=CARTESIAN_POINT('',(80.,-1.22077164262228,10.058125));
#3567=CARTESIAN_POINT('',(80.507937836487,-0.879774139882147,10.2925));
#3568=CARTESIAN_POINT('',(80.704812836487,-1.22077164262228,10.095625));
#3569=CARTESIAN_POINT('',(80.7619067547305,-0.439887069941074,10.33));
#3570=CARTESIAN_POINT('',(81.0572192547306,-0.61038582131114,10.133125));
#3571=CARTESIAN_POINT('',(81.0158756729741,0.,10.3675));
#3572=CARTESIAN_POINT('',(81.4096256729741,0.,10.170625));
#3573=CARTESIAN_POINT('',(80.7619067547305,0.439887069941073,10.405));
#3574=CARTESIAN_POINT('',(81.0572192547306,0.610385821311138,10.208125));
#3575=CARTESIAN_POINT('',(80.507937836487,0.879774139882146,10.4425));
#3576=CARTESIAN_POINT('',(80.704812836487,1.22077164262228,10.245625));
#3577=CARTESIAN_POINT('',(80.,0.879774139882146,10.48));
#3578=CARTESIAN_POINT('',(80.,1.22077164262228,10.283125));
#3579=CARTESIAN_POINT('',(79.492062163513,0.879774139882147,10.5175));
#3580=CARTESIAN_POINT('',(79.295187163513,1.22077164262228,10.320625));
#3581=CARTESIAN_POINT('',(79.2380932452695,0.439887069941073,10.555));
#3582=CARTESIAN_POINT('',(78.9427807452694,0.610385821311139,10.358125));
#3583=CARTESIAN_POINT('',(78.984124327026,0.,10.5925));
#3584=CARTESIAN_POINT('',(78.5903743270259,0.,10.395625));
#3585=CARTESIAN_POINT('',(79.2380932452695,-0.439887069941073,10.63));
#3586=CARTESIAN_POINT('',(78.9427807452694,-0.610385821311139,10.433125));
#3587=CARTESIAN_POINT('',(79.492062163513,-0.879774139882146,10.6675));
#3588=CARTESIAN_POINT('',(79.295187163513,-1.22077164262228,10.470625));
#3589=CARTESIAN_POINT('',(80.,-0.879774139882146,10.705));
#3590=CARTESIAN_POINT('',(80.,-1.22077164262228,10.508125));
#3591=CARTESIAN_POINT('',(80.507937836487,-0.879774139882147,10.7425));
#3592=CARTESIAN_POINT('',(80.704812836487,-1.22077164262228,10.545625));
#3593=CARTESIAN_POINT('',(80.7619067547305,-0.439887069941074,10.78));
#3594=CARTESIAN_POINT('',(81.0572192547306,-0.61038582131114,10.583125));
#3595=CARTESIAN_POINT('',(81.0158756729741,0.,10.8175));
#3596=CARTESIAN_POINT('',(81.4096256729741,0.,10.620625));
#3597=CARTESIAN_POINT('',(80.7619067547305,0.439887069941073,10.855));
#3598=CARTESIAN_POINT('',(81.0572192547306,0.610385821311138,10.658125));
#3599=CARTESIAN_POINT('',(80.507937836487,0.879774139882146,10.8925));
#3600=CARTESIAN_POINT('',(80.704812836487,1.22077164262228,10.695625));
#3601=CARTESIAN_POINT('',(80.,0.879774139882146,10.93));
#3602=CARTESIAN_POINT('',(80.,1.22077164262228,10.733125));
#3603=CARTESIAN_POINT('',(79.492062163513,0.879774139882147,10.9675));
#3604=CARTESIAN_POINT('',(79.295187163513,1.22077164262228,10.770625));
#3605=CARTESIAN_POINT('',(79.2380932452695,0.439887069941073,11.005));
#3606=CARTESIAN_POINT('',(78.9427807452694,0.610385821311139,10.808125));
#3607=CARTESIAN_POINT('',(78.984124327026,0.,11.0425));
#3608=CARTESIAN_POINT('',(78.5903743270259,0.,10.845625));
#3609=CARTESIAN_POINT('',(79.2380932452695,-0.439887069941073,11.08));
#3610=CARTESIAN_POINT('',(78.9427807452694,-0.610385821311139,10.883125));
#3611=CARTESIAN_POINT('',(79.492062163513,-0.879774139882146,11.1175));
#3612=CARTESIAN_POINT('',(79.295187163513,-1.22077164262228,10.920625));
#3613=CARTESIAN_POINT('',(80.,-0.879774139882146,11.155));
#3614=CARTESIAN_POINT('',(80.,-1.22077164262228,10.958125));
#3615=CARTESIAN_POINT('',(80.507937836487,-0.879774139882147,11.1925));
#3616=CARTESIAN_POINT('',(80.704812836487,-1.22077164262228,10.995625));
#3617=CARTESIAN_POINT('',(80.7619067547305,-0.439887069941074,11.23));
#3618=CARTESIAN_POINT('',(81.0572192547306,-0.61038582131114,11.033125));
#3619=CARTESIAN_POINT('',(81.0158756729741,0.,11.2675));
#3620=CARTESIAN_POINT('',(81.4096256729741,0.,11.070625));
#3621=CARTESIAN_POINT('',(80.7619067547305,0.439887069941073,11.305));
#3622=CARTESIAN_POINT('',(81.0572192547306,0.610385821311138,11.108125));
#3623=CARTESIAN_POINT('',(80.507937836487,0.879774139882146,11.3425));
#3624=CARTESIAN_POINT('',(80.704812836487,1.22077164262228,11.145625));
#3625=CARTESIAN_POINT('',(80.,0.879774139882146,11.38));
#3626=CARTESIAN_POINT('',(80.,1.22077164262228,11.183125));
#3627=CARTESIAN_POINT('',(79.492062163513,0.879774139882147,11.4175));
#3628=CARTESIAN_POINT('',(79.295187163513,1.22077164262228,11.220625));
#3629=CARTESIAN_POINT('',(79.2380932452695,0.439887069941073,11.455));
#3630=CARTESIAN_POINT('',(78.9427807452694,0.610385821311139,11.258125));
#3631=CARTESIAN_POINT('',(78.984124327026,0.,11.4925));
#3632=CARTESIAN_POINT('',(78.5903743270259,0.,11.295625));
#3633=CARTESIAN_POINT('',(79.2380932452695,-0.439887069941073,11.53));
#3634=CARTESIAN_POINT('',(78.9427807452694,-0.610385821311139,11.333125));
#3635=CARTESIAN_POINT('',(79.492062163513,-0.879774139882146,11.5675));
#3636=CARTESIAN_POINT('',(79.295187163513,-1.22077164262228,11.370625));
#3637=CARTESIAN_POINT('',(80.,-0.879774139882146,11.605));
#3638=CARTESIAN_POINT('',(80.,-1.22077164262228,11.408125));
#3639=CARTESIAN_POINT('',(80.507937836487,-0.879774139882147,11.6425));
#3640=CARTESIAN_POINT('',(80.704812836487,-1.22077164262228,11.445625));
#3641=CARTESIAN_POINT('',(80.7619067547305,-0.439887069941074,11.68));
#3642=CARTESIAN_POINT('',(81.0572192547306,-0.61038582131114,11.483125));
#3643=CARTESIAN_POINT('',(81.0158756729741,0.,11.7175));
#3644=CARTESIAN_POINT('',(81.4096256729741,0.,11.520625));
#3645=CARTESIAN_POINT('',(80.7619067547305,0.439887069941073,11.755));
#3646=CARTESIAN_POINT('',(81.0572192547306,0.610385821311138,11.558125));
#3647=CARTESIAN_POINT('',(80.507937836487,0.879774139882146,11.7925));
#3648=CARTESIAN_POINT('',(80.704812836487,1.22077164262228,11.595625));
#3649=CARTESIAN_POINT('',(80.,0.879774139882146,11.83));
#3650=CARTESIAN_POINT('',(80.,1.22077164262228,11.633125));
#3651=CARTESIAN_POINT('',(79.492062163513,0.879774139882147,11.8675));
#3652=CARTESIAN_POINT('',(79.295187163513,1.22077164262228,11.670625));
#3653=CARTESIAN_POINT('',(79.2380932452695,0.439887069941073,11.905));
#3654=CARTESIAN_POINT('',(78.9427807452694,0.610385821311139,11.708125));
#3655=CARTESIAN_POINT('',(78.984124327026,0.,11.9425));
#3656=CARTESIAN_POINT('',(78.5903743270259,0.,11.745625));
#3657=CARTESIAN_POINT('',(79.2380932452695,-0.439887069941073,11.98));
#3658=CARTESIAN_POINT('',(78.9427807452694,-0.610385821311139,11.783125));
#3659=CARTESIAN_POINT('',(79.492062163513,-0.879774139882146,12.0175));
#3660=CARTESIAN_POINT('',(79.295187163513,-1.22077164262228,11.820625));
#3661=CARTESIAN_POINT('',(80.,-0.879774139882146,12.055));
#3662=CARTESIAN_POINT('',(80.,-1.22077164262228,11.858125));
#3663=CARTESIAN_POINT('',(80.507937836487,-0.879774139882147,12.0925));
#3664=CARTESIAN_POINT('',(80.704812836487,-1.22077164262228,11.895625));
#3665=CARTESIAN_POINT('',(80.7619067547305,-0.439887069941074,12.13));
#3666=CARTESIAN_POINT('',(81.0572192547306,-0.61038582131114,11.933125));
#3667=CARTESIAN_POINT('',(81.0158756729741,0.,12.1675));
#3668=CARTESIAN_POINT('',(81.4096256729741,0.,11.970625));
#3669=CARTESIAN_POINT('',(80.7619067547305,0.439887069941073,12.205));
#3670=CARTESIAN_POINT('',(81.0572192547306,0.610385821311138,12.008125));
#3671=CARTESIAN_POINT('',(80.507937836487,0.879774139882146,12.2425));
#3672=CARTESIAN_POINT('',(80.704812836487,1.22077164262228,12.045625));
#3673=CARTESIAN_POINT('',(80.,0.879774139882146,12.28));
#3674=CARTESIAN_POINT('',(80.,1.22077164262228,12.083125));
#3675=CARTESIAN_POINT('',(79.492062163513,0.879774139882147,12.3175));
#3676=CARTESIAN_POINT('',(79.295187163513,1.22077164262228,12.120625));
#3677=CARTESIAN_POINT('',(79.2380932452695,0.439887069941073,12.355));
#3678=CARTESIAN_POINT('',(78.9427807452694,0.610385821311139,12.158125));
#3679=CARTESIAN_POINT('',(78.984124327026,0.,12.3925));
#3680=CARTESIAN_POINT('',(78.5903743270259,0.,12.195625));
#3681=CARTESIAN_POINT('',(79.2380932452695,-0.439887069941073,12.43));
#3682=CARTESIAN_POINT('',(78.9427807452694,-0.610385821311139,12.233125));
#3683=CARTESIAN_POINT('',(79.492062163513,-0.879774139882146,12.4675));
#3684=CARTESIAN_POINT('',(79.295187163513,-1.22077164262228,12.270625));
#3685=CARTESIAN_POINT('',(80.,-0.879774139882146,12.505));
#3686=CARTESIAN_POINT('',(80.,-1.22077164262228,12.308125));
#3687=CARTESIAN_POINT('',(80.507937836487,-0.879774139882147,12.5425));
#3688=CARTESIAN_POINT('',(80.704812836487,-1.22077164262228,12.345625));
#3689=CARTESIAN_POINT('',(80.7619067547305,-0.439887069941074,12.58));
#3690=CARTESIAN_POINT('',(81.0572192547306,-0.61038582131114,12.383125));
#3691=CARTESIAN_POINT('',(81.0158756729741,0.,12.6175));
#3692=CARTESIAN_POINT('',(81.4096256729741,0.,12.420625));
#3693=CARTESIAN_POINT('',(80.7619067547305,0.439887069941073,12.655));
#3694=CARTESIAN_POINT('',(81.0572192547306,0.610385821311138,12.458125));
#3695=CARTESIAN_POINT('',(80.507937836487,0.879774139882146,12.6925));
#3696=CARTESIAN_POINT('',(80.704812836487,1.22077164262228,12.495625));
#3697=CARTESIAN_POINT('',(80.,0.879774139882146,12.73));
#3698=CARTESIAN_POINT('',(80.,1.22077164262228,12.533125));
#3699=CARTESIAN_POINT('',(79.492062163513,0.879774139882147,12.7675));
#3700=CARTESIAN_POINT('',(79.295187163513,1.22077164262228,12.570625));
#3701=CARTESIAN_POINT('',(79.2380932452695,0.439887069941073,12.805));
#3702=CARTESIAN_POINT('',(78.9427807452694,0.610385821311139,12.608125));
#3703=CARTESIAN_POINT('',(78.984124327026,0.,12.8425));
#3704=CARTESIAN_POINT('',(78.5903743270259,0.,12.645625));
#3705=CARTESIAN_POINT('',(79.2380932452695,-0.439887069941073,12.88));
#3706=CARTESIAN_POINT('',(78.9427807452694,-0.610385821311139,12.683125));
#3707=CARTESIAN_POINT('',(79.492062163513,-0.879774139882146,12.9175));
#3708=CARTESIAN_POINT('',(79.295187163513,-1.22077164262228,12.720625));
#3709=CARTESIAN_POINT('',(80.,-0.879774139882146,12.955));
#3710=CARTESIAN_POINT('',(80.,-1.22077164262228,12.758125));
#3711=CARTESIAN_POINT('',(80.507937836487,-0.879774139882147,12.9925));
#3712=CARTESIAN_POINT('',(80.704812836487,-1.22077164262228,12.795625));
#3713=CARTESIAN_POINT('',(80.7619067547305,-0.439887069941074,13.03));
#3714=CARTESIAN_POINT('',(81.0572192547306,-0.61038582131114,12.833125));
#3715=CARTESIAN_POINT('',(81.0158756729741,0.,13.0675));
#3716=CARTESIAN_POINT('',(81.4096256729741,0.,12.870625));
#3717=CARTESIAN_POINT('',(80.7619067547305,0.439887069941073,13.105));
#3718=CARTESIAN_POINT('',(81.0572192547306,0.610385821311138,12.908125));
#3719=CARTESIAN_POINT('',(80.507937836487,0.879774139882146,13.1425));
#3720=CARTESIAN_POINT('',(80.704812836487,1.22077164262228,12.945625));
#3721=CARTESIAN_POINT('',(80.,0.879774139882146,13.18));
#3722=CARTESIAN_POINT('',(80.,1.22077164262228,12.983125));
#3723=CARTESIAN_POINT('',(79.492062163513,0.879774139882147,13.2175));
#3724=CARTESIAN_POINT('',(79.295187163513,1.22077164262228,13.020625));
#3725=CARTESIAN_POINT('',(79.2380932452695,0.439887069941073,13.255));
#3726=CARTESIAN_POINT('',(78.9427807452694,0.610385821311139,13.058125));
#3727=CARTESIAN_POINT('',(78.984124327026,0.,13.2925));
#3728=CARTESIAN_POINT('',(78.5903743270259,0.,13.095625));
#3729=CARTESIAN_POINT('',(79.2380932452695,-0.439887069941073,13.33));
#3730=CARTESIAN_POINT('',(78.9427807452694,-0.610385821311139,13.133125));
#3731=CARTESIAN_POINT('',(79.492062163513,-0.879774139882146,13.3675));
#3732=CARTESIAN_POINT('',(79.295187163513,-1.22077164262228,13.170625));
#3733=CARTESIAN_POINT('',(80.,-0.879774139882146,13.405));
#3734=CARTESIAN_POINT('',(80.,-1.22077164262228,13.208125));
#3735=CARTESIAN_POINT('',(80.507937836487,-0.879774139882147,13.4425));
#3736=CARTESIAN_POINT('',(80.704812836487,-1.22077164262228,13.245625));
#3737=CARTESIAN_POINT('',(80.7619067547305,-0.439887069941074,13.48));
#3738=CARTESIAN_POINT('',(81.0572192547306,-0.61038582131114,13.283125));
#3739=CARTESIAN_POINT('',(81.0158756729741,0.,13.5175));
#3740=CARTESIAN_POINT('',(81.4096256729741,0.,13.320625));
#3741=CARTESIAN_POINT('',(80.7619067547305,0.439887069941073,13.555));
#3742=CARTESIAN_POINT('',(81.0572192547306,0.610385821311138,13.358125));
#3743=CARTESIAN_POINT('',(80.507937836487,0.879774139882146,13.5925));
#3744=CARTESIAN_POINT('',(80.704812836487,1.22077164262228,13.395625));
#3745=CARTESIAN_POINT('',(80.,0.879774139882146,13.63));
#3746=CARTESIAN_POINT('',(80.,1.22077164262228,13.433125));
#3747=CARTESIAN_POINT('',(79.492062163513,0.879774139882147,13.6675));
#3748=CARTESIAN_POINT('',(79.295187163513,1.22077164262228,13.470625));
#3749=CARTESIAN_POINT('',(79.2380932452695,0.439887069941073,13.705));
#3750=CARTESIAN_POINT('',(78.9427807452694,0.610385821311139,13.508125));
#3751=CARTESIAN_POINT('',(78.984124327026,0.,13.7425));
#3752=CARTESIAN_POINT('',(78.5903743270259,0.,13.545625));
#3753=CARTESIAN_POINT('',(79.2380932452695,-0.439887069941073,13.78));
#3754=CARTESIAN_POINT('',(78.9427807452694,-0.610385821311139,13.583125));
#3755=CARTESIAN_POINT('',(79.492062163513,-0.879774139882146,13.8175));
#3756=CARTESIAN_POINT('',(79.295187163513,-1.22077164262228,13.620625));
#3757=CARTESIAN_POINT('',(80.,-0.879774139882146,13.855));
#3758=CARTESIAN_POINT('',(80.,-1.22077164262228,13.658125));
#3759=CARTESIAN_POINT('',(80.507937836487,-0.879774139882147,13.8925));
#3760=CARTESIAN_POINT('',(80.704812836487,-1.22077164262228,13.695625));
#3761=CARTESIAN_POINT('',(80.7619067547305,-0.439887069941074,13.93));
#3762=CARTESIAN_POINT('',(81.0572192547306,-0.61038582131114,13.733125));
#3763=CARTESIAN_POINT('',(81.0158756729741,0.,13.9675));
#3764=CARTESIAN_POINT('',(81.4096256729741,0.,13.770625));
#3765=CARTESIAN_POINT('',(80.7619067547305,0.439887069941073,14.005));
#3766=CARTESIAN_POINT('',(81.0572192547306,0.610385821311138,13.808125));
#3767=CARTESIAN_POINT('',(80.507937836487,0.879774139882146,14.0425));
#3768=CARTESIAN_POINT('',(80.704812836487,1.22077164262228,13.845625));
#3769=CARTESIAN_POINT('',(80.,0.879774139882146,14.08));
#3770=CARTESIAN_POINT('',(80.,1.22077164262228,13.883125));
#3771=CARTESIAN_POINT('',(79.492062163513,0.879774139882147,14.1175));
#3772=CARTESIAN_POINT('',(79.295187163513,1.22077164262228,13.920625));
#3773=CARTESIAN_POINT('',(79.2380932452695,0.439887069941073,14.155));
#3774=CARTESIAN_POINT('',(78.9427807452694,0.610385821311139,13.958125));
#3775=CARTESIAN_POINT('',(78.984124327026,0.,14.1925));
#3776=CARTESIAN_POINT('',(78.5903743270259,0.,13.995625));
#3777=CARTESIAN_POINT('',(79.2380932452695,-0.439887069941073,14.23));
#3778=CARTESIAN_POINT('',(78.9427807452694,-0.610385821311139,14.033125));
#3779=CARTESIAN_POINT('',(79.492062163513,-0.879774139882146,14.2675));
#3780=CARTESIAN_POINT('',(79.295187163513,-1.22077164262228,14.070625));
#3781=CARTESIAN_POINT('',(80.,-0.879774139882146,14.305));
#3782=CARTESIAN_POINT('',(80.,-1.22077164262228,14.108125));
#3783=CARTESIAN_POINT('',(80.507937836487,-0.879774139882147,14.3425));
#3784=CARTESIAN_POINT('',(80.704812836487,-1.22077164262228,14.145625));
#3785=CARTESIAN_POINT('',(80.7619067547305,-0.439887069941074,14.38));
#3786=CARTESIAN_POINT('',(81.0572192547306,-0.61038582131114,14.183125));
#3787=CARTESIAN_POINT('',(81.0158756729741,0.,14.4175));
#3788=CARTESIAN_POINT('',(81.4096256729741,0.,14.220625));
#3789=CARTESIAN_POINT('',(80.7619067547305,0.439887069941073,14.455));
#3790=CARTESIAN_POINT('',(81.0572192547306,0.610385821311138,14.258125));
#3791=CARTESIAN_POINT('',(80.507937836487,0.879774139882146,14.4925));
#3792=CARTESIAN_POINT('',(80.704812836487,1.22077164262228,14.295625));
#3793=CARTESIAN_POINT('',(80.,0.879774139882146,14.53));
#3794=CARTESIAN_POINT('',(80.,1.22077164262228,14.333125));
#3795=CARTESIAN_POINT('',(79.492062163513,0.879774139882147,14.5675));
#3796=CARTESIAN_POINT('',(79.295187163513,1.22077164262228,14.370625));
#3797=CARTESIAN_POINT('',(79.2380932452695,0.439887069941073,14.605));
#3798=CARTESIAN_POINT('',(78.9427807452694,0.610385821311139,14.408125));
#3799=CARTESIAN_POINT('',(78.984124327026,0.,14.6425));
#3800=CARTESIAN_POINT('',(78.5903743270259,0.,14.445625));
#3801=CARTESIAN_POINT('',(79.2380932452695,-0.439887069941073,14.68));
#3802=CARTESIAN_POINT('',(78.9427807452694,-0.610385821311139,14.483125));
#3803=CARTESIAN_POINT('',(79.492062163513,-0.879774139882146,14.7175));
#3804=CARTESIAN_POINT('',(79.295187163513,-1.22077164262228,14.520625));
#3805=CARTESIAN_POINT('',(80.,-0.879774139882146,14.755));
#3806=CARTESIAN_POINT('',(80.,-1.22077164262228,14.558125));
#3807=CARTESIAN_POINT('',(80.507937836487,-0.879774139882147,14.7925));
#3808=CARTESIAN_POINT('',(80.704812836487,-1.22077164262228,14.595625));
#3809=CARTESIAN_POINT('',(80.7619067547305,-0.439887069941074,14.83));
#3810=CARTESIAN_POINT('',(81.0572192547306,-0.61038582131114,14.633125));
#3811=CARTESIAN_POINT('',(81.0158756729741,0.,14.8675));
#3812=CARTESIAN_POINT('',(81.4096256729741,0.,14.670625));
#3813=CARTESIAN_POINT('',(80.7619067547305,0.439887069941073,14.905));
#3814=CARTESIAN_POINT('',(81.0572192547306,0.610385821311138,14.708125));
#3815=CARTESIAN_POINT('',(80.507937836487,0.879774139882146,14.9425));
#3816=CARTESIAN_POINT('',(80.704812836487,1.22077164262228,14.745625));
#3817=CARTESIAN_POINT('',(80.,0.879774139882146,14.98));
#3818=CARTESIAN_POINT('',(80.,1.22077164262228,14.783125));
#3819=CARTESIAN_POINT('',(79.492062163513,0.879774139882147,15.0175));
#3820=CARTESIAN_POINT('',(79.295187163513,1.22077164262228,14.820625));
#3821=CARTESIAN_POINT('',(79.2380932452695,0.439887069941073,15.055));
#3822=CARTESIAN_POINT('',(78.9427807452694,0.610385821311139,14.858125));
#3823=CARTESIAN_POINT('',(78.984124327026,0.,15.0925));
#3824=CARTESIAN_POINT('',(78.5903743270259,0.,14.895625));
#3825=CARTESIAN_POINT('',(79.2380932452695,-0.439887069941073,15.13));
#3826=CARTESIAN_POINT('',(78.9427807452694,-0.610385821311139,14.933125));
#3827=CARTESIAN_POINT('',(79.492062163513,-0.879774139882146,15.1675));
#3828=CARTESIAN_POINT('',(79.295187163513,-1.22077164262228,14.970625));
#3829=CARTESIAN_POINT('',(80.,-0.879774139882146,15.205));
#3830=CARTESIAN_POINT('',(80.,-1.22077164262228,15.008125));
#3831=CARTESIAN_POINT('',(80.507937836487,-0.879774139882147,15.2425));
#3832=CARTESIAN_POINT('',(80.704812836487,-1.22077164262228,15.045625));
#3833=CARTESIAN_POINT('',(80.7619067547305,-0.439887069941074,15.28));
#3834=CARTESIAN_POINT('',(81.0572192547306,-0.61038582131114,15.083125));
#3835=CARTESIAN_POINT('',(81.0158756729741,0.,15.3175));
#3836=CARTESIAN_POINT('',(81.4096256729741,0.,15.120625));
#3837=CARTESIAN_POINT('',(80.7619067547305,0.439887069941073,15.355));
#3838=CARTESIAN_POINT('',(81.0572192547306,0.610385821311138,15.158125));
#3839=CARTESIAN_POINT('',(80.507937836487,0.879774139882146,15.3925));
#3840=CARTESIAN_POINT('',(80.704812836487,1.22077164262228,15.195625));
#3841=CARTESIAN_POINT('',(80.,0.879774139882146,15.43));
#3842=CARTESIAN_POINT('',(80.,1.22077164262228,15.233125));
#3843=CARTESIAN_POINT('',(79.492062163513,0.879774139882147,15.4675));
#3844=CARTESIAN_POINT('',(79.295187163513,1.22077164262228,15.270625));
#3845=CARTESIAN_POINT('',(79.2380932452695,0.439887069941073,15.505));
#3846=CARTESIAN_POINT('',(78.9427807452694,0.610385821311139,15.308125));
#3847=CARTESIAN_POINT('',(78.984124327026,0.,15.5425));
#3848=CARTESIAN_POINT('',(78.5903743270259,0.,15.345625));
#3849=CARTESIAN_POINT('',(79.2380932452695,-0.439887069941073,15.58));
#3850=CARTESIAN_POINT('',(78.9427807452694,-0.610385821311139,15.383125));
#3851=CARTESIAN_POINT('',(79.492062163513,-0.879774139882146,15.6175));
#3852=CARTESIAN_POINT('',(79.295187163513,-1.22077164262228,15.420625));
#3853=CARTESIAN_POINT('',(80.,-0.879774139882146,15.655));
#3854=CARTESIAN_POINT('',(80.,-1.22077164262228,15.458125));
#3855=CARTESIAN_POINT('',(80.507937836487,-0.879774139882147,15.6925));
#3856=CARTESIAN_POINT('',(80.704812836487,-1.22077164262228,15.495625));
#3857=CARTESIAN_POINT('',(80.7619067547305,-0.439887069941074,15.73));
#3858=CARTESIAN_POINT('',(81.0572192547306,-0.61038582131114,15.533125));
#3859=CARTESIAN_POINT('',(81.0158756729741,0.,15.7675));
#3860=CARTESIAN_POINT('',(81.4096256729741,0.,15.570625));
#3861=CARTESIAN_POINT('',(80.7619067547305,0.439887069941073,15.805));
#3862=CARTESIAN_POINT('',(81.0572192547306,0.610385821311138,15.608125));
#3863=CARTESIAN_POINT('',(80.507937836487,0.879774139882146,15.8425));
#3864=CARTESIAN_POINT('',(80.704812836487,1.22077164262228,15.645625));
#3865=CARTESIAN_POINT('',(80.,0.879774139882146,15.88));
#3866=CARTESIAN_POINT('',(80.,1.22077164262228,15.683125));
#3867=CARTESIAN_POINT('',(79.492062163513,0.879774139882147,15.9175));
#3868=CARTESIAN_POINT('',(79.295187163513,1.22077164262228,15.720625));
#3869=CARTESIAN_POINT('',(79.2380932452695,0.439887069941073,15.955));
#3870=CARTESIAN_POINT('',(78.9427807452694,0.610385821311139,15.758125));
#3871=CARTESIAN_POINT('',(78.984124327026,0.,15.9925));
#3872=CARTESIAN_POINT('',(78.5903743270259,0.,15.795625));
#3873=CARTESIAN_POINT('',(79.2380932452695,-0.439887069941073,16.03));
#3874=CARTESIAN_POINT('',(78.9427807452694,-0.610385821311139,15.833125));
#3875=CARTESIAN_POINT('',(79.492062163513,-0.879774139882146,16.0675));
#3876=CARTESIAN_POINT('',(79.295187163513,-1.22077164262228,15.870625));
#3877=CARTESIAN_POINT('',(80.,-0.879774139882146,16.105));
#3878=CARTESIAN_POINT('',(80.,-1.22077164262228,15.908125));
#3879=CARTESIAN_POINT('',(80.507937836487,-0.879774139882147,16.1425));
#3880=CARTESIAN_POINT('',(80.704812836487,-1.22077164262228,15.945625));
#3881=CARTESIAN_POINT('',(80.7619067547305,-0.439887069941074,16.18));
#3882=CARTESIAN_POINT('',(81.0572192547306,-0.61038582131114,15.983125));
#3883=CARTESIAN_POINT('',(81.0158756729741,0.,16.2175));
#3884=CARTESIAN_POINT('',(81.4096256729741,0.,16.020625));
#3885=CARTESIAN_POINT('',(80.7619067547305,0.439887069941073,16.255));
#3886=CARTESIAN_POINT('',(81.0572192547306,0.610385821311138,16.058125));
#3887=CARTESIAN_POINT('',(80.507937836487,0.879774139882146,16.2925));
#3888=CARTESIAN_POINT('',(80.704812836487,1.22077164262228,16.095625));
#3889=CARTESIAN_POINT('',(80.,0.879774139882146,16.33));
#3890=CARTESIAN_POINT('',(80.,1.22077164262228,16.133125));
#3891=CARTESIAN_POINT('',(79.492062163513,0.879774139882147,16.3675));
#3892=CARTESIAN_POINT('',(79.295187163513,1.22077164262228,16.170625));
#3893=CARTESIAN_POINT('',(79.2380932452695,0.439887069941073,16.405));
#3894=CARTESIAN_POINT('',(78.9427807452694,0.610385821311139,16.208125));
#3895=CARTESIAN_POINT('',(78.984124327026,0.,16.4425));
#3896=CARTESIAN_POINT('',(78.5903743270259,0.,16.245625));
#3897=CARTESIAN_POINT('',(79.2380932452695,-0.439887069941073,16.48));
#3898=CARTESIAN_POINT('',(78.9427807452694,-0.610385821311139,16.283125));
#3899=CARTESIAN_POINT('',(79.492062163513,-0.879774139882146,16.5175));
#3900=CARTESIAN_POINT('',(79.295187163513,-1.22077164262228,16.320625));
#3901=CARTESIAN_POINT('',(80.,-0.879774139882146,16.555));
#3902=CARTESIAN_POINT('',(80.,-1.22077164262228,16.358125));
#3903=CARTESIAN_POINT('',(80.507937836487,-0.879774139882147,16.5925));
#3904=CARTESIAN_POINT('',(80.704812836487,-1.22077164262228,16.395625));
#3905=CARTESIAN_POINT('',(80.7619067547305,-0.439887069941074,16.63));
#3906=CARTESIAN_POINT('',(81.0572192547306,-0.61038582131114,16.433125));
#3907=CARTESIAN_POINT('',(81.0158756729741,0.,16.6675));
#3908=CARTESIAN_POINT('',(81.4096256729741,0.,16.470625));
#3909=CARTESIAN_POINT('',(80.7619067547305,0.439887069941073,16.705));
#3910=CARTESIAN_POINT('',(81.0572192547306,0.610385821311138,16.508125));
#3911=CARTESIAN_POINT('',(80.507937836487,0.879774139882146,16.7425));
#3912=CARTESIAN_POINT('',(80.704812836487,1.22077164262228,16.545625));
#3913=CARTESIAN_POINT('',(80.,0.879774139882146,16.78));
#3914=CARTESIAN_POINT('',(80.,1.22077164262228,16.583125));
#3915=CARTESIAN_POINT('',(79.492062163513,0.879774139882147,16.8175));
#3916=CARTESIAN_POINT('',(79.295187163513,1.22077164262228,16.620625));
#3917=CARTESIAN_POINT('',(79.2380932452695,0.439887069941073,16.855));
#3918=CARTESIAN_POINT('',(78.9427807452694,0.610385821311139,16.658125));
#3919=CARTESIAN_POINT('',(78.984124327026,0.,16.8925));
#3920=CARTESIAN_POINT('',(78.5903743270259,0.,16.695625));
#3921=CARTESIAN_POINT('',(79.2380932452695,-0.439887069941073,16.93));
#3922=CARTESIAN_POINT('',(78.9427807452694,-0.610385821311139,16.733125));
#3923=CARTESIAN_POINT('',(79.492062163513,-0.879774139882146,16.9675));
#3924=CARTESIAN_POINT('',(79.295187163513,-1.22077164262228,16.770625));
#3925=CARTESIAN_POINT('',(80.,-0.879774139882146,17.005));
#3926=CARTESIAN_POINT('',(80.,-1.22077164262228,16.808125));
#3927=CARTESIAN_POINT('',(80.507937836487,-0.879774139882147,17.0425));
#3928=CARTESIAN_POINT('',(80.704812836487,-1.22077164262228,16.845625));
#3929=CARTESIAN_POINT('',(80.7619067547305,-0.439887069941074,17.08));
#3930=CARTESIAN_POINT('',(81.0572192547306,-0.61038582131114,16.883125));
#3931=CARTESIAN_POINT('',(81.0158756729741,0.,17.1175));
#3932=CARTESIAN_POINT('',(81.4096256729741,0.,16.920625));
#3933=CARTESIAN_POINT('',(80.7619067547305,0.439887069941073,17.155));
#3934=CARTESIAN_POINT('',(81.0572192547306,0.610385821311138,16.958125));
#3935=CARTESIAN_POINT('',(80.507937836487,0.879774139882146,17.1925));
#3936=CARTESIAN_POINT('',(80.704812836487,1.22077164262228,16.995625));
#3937=CARTESIAN_POINT('',(80.,0.879774139882146,17.23));
#3938=CARTESIAN_POINT('',(80.,1.22077164262228,17.033125));
#3939=CARTESIAN_POINT('',(79.492062163513,0.879774139882147,17.2675));
#3940=CARTESIAN_POINT('',(79.295187163513,1.22077164262228,17.070625));
#3941=CARTESIAN_POINT('',(79.2380932452695,0.439887069941073,17.305));
#3942=CARTESIAN_POINT('',(78.9427807452694,0.610385821311139,17.108125));
#3943=CARTESIAN_POINT('',(78.984124327026,0.,17.3425));
#3944=CARTESIAN_POINT('',(78.5903743270259,0.,17.145625));
#3945=CARTESIAN_POINT('',(79.2380932452695,-0.439887069941073,17.38));
#3946=CARTESIAN_POINT('',(78.9427807452694,-0.610385821311139,17.183125));
#3947=CARTESIAN_POINT('',(79.492062163513,-0.879774139882146,17.4175));
#3948=CARTESIAN_POINT('',(79.295187163513,-1.22077164262228,17.220625));
#3949=CARTESIAN_POINT('',(80.,-0.879774139882146,17.455));
#3950=CARTESIAN_POINT('',(80.,-1.22077164262228,17.258125));
#3951=CARTESIAN_POINT('',(80.507937836487,-0.879774139882147,17.4925));
#3952=CARTESIAN_POINT('',(80.704812836487,-1.22077164262228,17.295625));
#3953=CARTESIAN_POINT('',(80.7619067547305,-0.439887069941074,17.53));
#3954=CARTESIAN_POINT('',(81.0572192547306,-0.61038582131114,17.333125));
#3955=CARTESIAN_POINT('',(81.0158756729741,0.,17.5675));
#3956=CARTESIAN_POINT('',(81.4096256729741,0.,17.370625));
#3957=CARTESIAN_POINT('',(80.7619067547305,0.439887069941073,17.605));
#3958=CARTESIAN_POINT('',(81.0572192547306,0.610385821311138,17.408125));
#3959=CARTESIAN_POINT('',(80.507937836487,0.879774139882146,17.6425));
#3960=CARTESIAN_POINT('',(80.704812836487,1.22077164262228,17.445625));
#3961=CARTESIAN_POINT('',(80.,0.879774139882146,17.68));
#3962=CARTESIAN_POINT('',(80.,1.22077164262228,17.483125));
#3963=CARTESIAN_POINT('',(79.492062163513,0.879774139882147,17.7175));
#3964=CARTESIAN_POINT('',(79.295187163513,1.22077164262228,17.520625));
#3965=CARTESIAN_POINT('',(79.2380932452695,0.439887069941073,17.755));
#3966=CARTESIAN_POINT('',(78.9427807452694,0.610385821311139,17.558125));
#3967=CARTESIAN_POINT('',(78.984124327026,0.,17.7925));
#3968=CARTESIAN_POINT('',(78.5903743270259,0.,17.595625));
#3969=CARTESIAN_POINT('',(79.2380932452695,-0.439887069941073,17.83));
#3970=CARTESIAN_POINT('',(78.9427807452694,-0.610385821311139,17.633125));
#3971=CARTESIAN_POINT('',(79.492062163513,-0.879774139882146,17.8675));
#3972=CARTESIAN_POINT('',(79.295187163513,-1.22077164262228,17.670625));
#3973=CARTESIAN_POINT('',(80.,-0.879774139882146,17.905));
#3974=CARTESIAN_POINT('',(80.,-1.22077164262228,17.708125));
#3975=CARTESIAN_POINT('',(80.507937836487,-0.879774139882147,17.9425));
#3976=CARTESIAN_POINT('',(80.704812836487,-1.22077164262228,17.745625));
#3977=CARTESIAN_POINT('',(80.7619067547305,-0.439887069941074,17.98));
#3978=CARTESIAN_POINT('',(81.0572192547306,-0.61038582131114,17.783125));
#3979=CARTESIAN_POINT('',(81.0158756729741,0.,18.0175));
#3980=CARTESIAN_POINT('',(81.4096256729741,0.,17.820625));
#3981=CARTESIAN_POINT('',(80.7619067547305,0.439887069941073,18.055));
#3982=CARTESIAN_POINT('',(81.0572192547306,0.610385821311138,17.858125));
#3983=CARTESIAN_POINT('',(80.507937836487,0.879774139882146,18.0925));
#3984=CARTESIAN_POINT('',(80.704812836487,1.22077164262228,17.895625));
#3985=CARTESIAN_POINT('',(80.,0.879774139882146,18.13));
#3986=CARTESIAN_POINT('',(80.,1.22077164262228,17.933125));
#3987=CARTESIAN_POINT('',(79.492062163513,0.879774139882147,18.1675));
#3988=CARTESIAN_POINT('',(79.295187163513,1.22077164262228,17.970625));
#3989=CARTESIAN_POINT('',(79.2380932452695,0.439887069941073,18.205));
#3990=CARTESIAN_POINT('',(78.9427807452694,0.610385821311139,18.008125));
#3991=CARTESIAN_POINT('',(78.984124327026,0.,18.2425));
#3992=CARTESIAN_POINT('',(78.5903743270259,0.,18.045625));
#3993=CARTESIAN_POINT('',(79.2380932452695,-0.439887069941073,18.28));
#3994=CARTESIAN_POINT('',(78.9427807452694,-0.610385821311139,18.083125));
#3995=CARTESIAN_POINT('',(79.492062163513,-0.879774139882146,18.3175));
#3996=CARTESIAN_POINT('',(79.295187163513,-1.22077164262228,18.120625));
#3997=CARTESIAN_POINT('',(80.,-0.879774139882146,18.355));
#3998=CARTESIAN_POINT('',(80.,-1.22077164262228,18.158125));
#3999=CARTESIAN_POINT('',(80.507937836487,-0.879774139882147,18.3925));
#4000=CARTESIAN_POINT('',(80.704812836487,-1.22077164262228,18.195625));
#4001=CARTESIAN_POINT('',(80.7619067547305,-0.439887069941074,18.43));
#4002=CARTESIAN_POINT('',(81.0572192547306,-0.61038582131114,18.233125));
#4003=CARTESIAN_POINT('',(81.0158756729741,0.,18.4675));
#4004=CARTESIAN_POINT('',(81.4096256729741,0.,18.270625));
#4005=CARTESIAN_POINT('',(80.7619067547305,0.439887069941073,18.505));
#4006=CARTESIAN_POINT('',(81.0572192547306,0.610385821311138,18.308125));
#4007=CARTESIAN_POINT('',(80.507937836487,0.879774139882146,18.5425));
#4008=CARTESIAN_POINT('',(80.704812836487,1.22077164262228,18.345625));
#4009=CARTESIAN_POINT('',(80.,0.879774139882146,18.58));
#4010=CARTESIAN_POINT('',(80.,1.22077164262228,18.383125));
#4011=CARTESIAN_POINT('',(79.492062163513,0.879774139882147,18.6175));
#4012=CARTESIAN_POINT('',(79.295187163513,1.22077164262228,18.420625));
#4013=CARTESIAN_POINT('',(79.2380932452695,0.439887069941073,18.655));
#4014=CARTESIAN_POINT('',(78.9427807452694,0.610385821311139,18.458125));
#4015=CARTESIAN_POINT('',(78.984124327026,0.,18.6925));
#4016=CARTESIAN_POINT('',(78.5903743270259,0.,18.495625));
#4017=CARTESIAN_POINT('',(79.2380932452695,-0.439887069941073,18.73));
#4018=CARTESIAN_POINT('',(78.9427807452694,-0.610385821311139,18.533125));
#4019=CARTESIAN_POINT('',(79.492062163513,-0.879774139882146,18.7675));
#4020=CARTESIAN_POINT('',(79.295187163513,-1.22077164262228,18.570625));
#4021=CARTESIAN_POINT('',(80.,-0.879774139882146,18.805));
#4022=CARTESIAN_POINT('',(80.,-1.22077164262228,18.608125));
#4023=CARTESIAN_POINT('',(80.507937836487,-0.879774139882147,18.8425));
#4024=CARTESIAN_POINT('',(80.704812836487,-1.22077164262228,18.645625));
#4025=CARTESIAN_POINT('',(80.7619067547305,-0.439887069941074,18.88));
#4026=CARTESIAN_POINT('',(81.0572192547306,-0.61038582131114,18.683125));
#4027=CARTESIAN_POINT('',(81.0158756729741,0.,18.9175));
#4028=CARTESIAN_POINT('',(81.4096256729741,0.,18.720625));
#4029=CARTESIAN_POINT('',(80.7619067547305,0.439887069941073,18.955));
#4030=CARTESIAN_POINT('',(81.0572192547306,0.610385821311138,18.758125));
#4031=CARTESIAN_POINT('',(80.507937836487,0.879774139882146,18.9925));
#4032=CARTESIAN_POINT('',(80.704812836487,1.22077164262228,18.795625));
#4033=CARTESIAN_POINT('',(80.,0.879774139882146,19.03));
#4034=CARTESIAN_POINT('',(80.,1.22077164262228,18.833125));
#4035=CARTESIAN_POINT('',(79.492062163513,0.879774139882147,19.0675));
#4036=CARTESIAN_POINT('',(79.295187163513,1.22077164262228,18.870625));
#4037=CARTESIAN_POINT('',(79.2380932452695,0.439887069941073,19.105));
#4038=CARTESIAN_POINT('',(78.9427807452694,0.610385821311139,18.908125));
#4039=CARTESIAN_POINT('',(78.984124327026,0.,19.1425));
#4040=CARTESIAN_POINT('',(78.5903743270259,0.,18.945625));
#4041=CARTESIAN_POINT('',(79.2380932452695,-0.439887069941073,19.18));
#4042=CARTESIAN_POINT('',(78.9427807452694,-0.610385821311139,18.983125));
#4043=CARTESIAN_POINT('',(79.492062163513,-0.879774139882146,19.2175));
#4044=CARTESIAN_POINT('',(79.295187163513,-1.22077164262228,19.020625));
#4045=CARTESIAN_POINT('',(80.,-0.879774139882146,19.255));
#4046=CARTESIAN_POINT('',(80.,-1.22077164262228,19.058125));
#4047=CARTESIAN_POINT('',(80.507937836487,-0.879774139882147,19.2925));
#4048=CARTESIAN_POINT('',(80.704812836487,-1.22077164262228,19.095625));
#4049=CARTESIAN_POINT('',(80.7619067547305,-0.439887069941074,19.33));
#4050=CARTESIAN_POINT('',(81.0572192547306,-0.61038582131114,19.133125));
#4051=CARTESIAN_POINT('',(81.0158756729741,0.,19.3675));
#4052=CARTESIAN_POINT('',(81.4096256729741,0.,19.170625));
#4053=CARTESIAN_POINT('',(80.7619067547305,0.439887069941073,19.405));
#4054=CARTESIAN_POINT('',(81.0572192547306,0.610385821311138,19.208125));
#4055=CARTESIAN_POINT('',(80.507937836487,0.879774139882146,19.4425));
#4056=CARTESIAN_POINT('',(80.704812836487,1.22077164262228,19.245625));
#4057=CARTESIAN_POINT('',(80.,0.879774139882146,19.48));
#4058=CARTESIAN_POINT('',(80.,1.22077164262228,19.283125));
#4059=CARTESIAN_POINT('',(79.492062163513,0.879774139882147,19.5175));
#4060=CARTESIAN_POINT('',(79.295187163513,1.22077164262228,19.320625));
#4061=CARTESIAN_POINT('',(79.2380932452695,0.439887069941073,19.555));
#4062=CARTESIAN_POINT('',(78.9427807452694,0.610385821311139,19.358125));
#4063=CARTESIAN_POINT('',(78.984124327026,0.,19.5925));
#4064=CARTESIAN_POINT('',(78.5903743270259,0.,19.395625));
#4065=CARTESIAN_POINT('',(79.2380932452695,-0.439887069941073,19.63));
#4066=CARTESIAN_POINT('',(78.9427807452694,-0.610385821311139,19.433125));
#4067=CARTESIAN_POINT('',(79.492062163513,-0.879774139882146,19.6675));
#4068=CARTESIAN_POINT('',(79.295187163513,-1.22077164262228,19.470625));
#4069=CARTESIAN_POINT('',(80.,-0.879774139882146,19.705));
#4070=CARTESIAN_POINT('',(80.,-1.22077164262228,19.508125));
#4071=CARTESIAN_POINT('',(80.507937836487,-0.879774139882147,19.7425));
#4072=CARTESIAN_POINT('',(80.704812836487,-1.22077164262228,19.545625));
#4073=CARTESIAN_POINT('',(80.7619067547305,-0.439887069941074,19.78));
#4074=CARTESIAN_POINT('',(81.0572192547306,-0.61038582131114,19.583125));
#4075=CARTESIAN_POINT('',(81.0158756729741,0.,19.8175));
#4076=CARTESIAN_POINT('',(81.4096256729741,0.,19.620625));
#4077=CARTESIAN_POINT('',(80.7619067547305,0.439887069941073,19.855));
#4078=CARTESIAN_POINT('',(81.0572192547306,0.610385821311138,19.658125));
#4079=CARTESIAN_POINT('',(80.507937836487,0.879774139882146,19.8925));
#4080=CARTESIAN_POINT('',(80.704812836487,1.22077164262228,19.695625));
#4081=CARTESIAN_POINT('',(80.,0.879774139882146,19.93));
#4082=CARTESIAN_POINT('',(80.,1.22077164262228,19.733125));
#4083=CARTESIAN_POINT('',(79.492062163513,0.879774139882147,19.9675));
#4084=CARTESIAN_POINT('',(79.295187163513,1.22077164262228,19.770625));
#4085=CARTESIAN_POINT('',(79.2380932452695,0.439887069941073,20.005));
#4086=CARTESIAN_POINT('',(78.9427807452694,0.610385821311139,19.808125));
#4087=CARTESIAN_POINT('',(78.984124327026,0.,20.0425));
#4088=CARTESIAN_POINT('',(78.5903743270259,0.,19.845625));
#4089=CARTESIAN_POINT('',(79.2380932452695,-0.439887069941073,20.08));
#4090=CARTESIAN_POINT('',(78.9427807452694,-0.610385821311139,19.883125));
#4091=CARTESIAN_POINT('',(79.492062163513,-0.879774139882146,20.1175));
#4092=CARTESIAN_POINT('',(79.295187163513,-1.22077164262228,19.920625));
#4093=CARTESIAN_POINT('',(80.,-0.879774139882146,20.155));
#4094=CARTESIAN_POINT('',(80.,-1.22077164262228,19.958125));
#4095=CARTESIAN_POINT('',(80.507937836487,-0.879774139882147,20.1925));
#4096=CARTESIAN_POINT('',(80.704812836487,-1.22077164262228,19.995625));
#4097=CARTESIAN_POINT('',(80.7619067547305,-0.439887069941074,20.23));
#4098=CARTESIAN_POINT('',(81.0572192547306,-0.61038582131114,20.033125));
#4099=CARTESIAN_POINT('',(81.0158756729741,0.,20.2675));
#4100=CARTESIAN_POINT('',(81.4096256729741,0.,20.070625));
#4101=CARTESIAN_POINT('',(80.7619067547305,0.439887069941073,20.305));
#4102=CARTESIAN_POINT('',(81.0572192547306,0.610385821311138,20.108125));
#4103=CARTESIAN_POINT('',(80.507937836487,0.879774139882146,20.3425));
#4104=CARTESIAN_POINT('',(80.704812836487,1.22077164262228,20.145625));
#4105=CARTESIAN_POINT('',(80.,0.879774139882146,20.38));
#4106=CARTESIAN_POINT('',(80.,1.22077164262228,20.183125));
#4107=CARTESIAN_POINT('',(79.492062163513,0.879774139882147,20.4175));
#4108=CARTESIAN_POINT('',(79.295187163513,1.22077164262228,20.220625));
#4109=CARTESIAN_POINT('',(79.2380932452695,0.439887069941073,20.455));
#4110=CARTESIAN_POINT('',(78.9427807452694,0.610385821311139,20.258125));
#4111=CARTESIAN_POINT('',(78.984124327026,0.,20.4925));
#4112=CARTESIAN_POINT('',(78.5903743270259,0.,20.295625));
#4113=CARTESIAN_POINT('',(79.2380932452695,-0.439887069941073,20.53));
#4114=CARTESIAN_POINT('',(78.9427807452694,-0.610385821311139,20.333125));
#4115=CARTESIAN_POINT('',(79.492062163513,-0.879774139882146,20.5675));
#4116=CARTESIAN_POINT('',(79.295187163513,-1.22077164262228,20.370625));
#4117=CARTESIAN_POINT('',(80.,-0.879774139882146,20.605));
#4118=CARTESIAN_POINT('',(80.,-1.22077164262228,20.408125));
#4119=CARTESIAN_POINT('',(80.507937836487,-0.879774139882147,20.6425));
#4120=CARTESIAN_POINT('',(80.704812836487,-1.22077164262228,20.445625));
#4121=CARTESIAN_POINT('',(80.7619067547305,-0.439887069941074,20.68));
#4122=CARTESIAN_POINT('',(81.0572192547306,-0.61038582131114,20.483125));
#4123=CARTESIAN_POINT('',(81.0158756729741,0.,20.7175));
#4124=CARTESIAN_POINT('',(81.4096256729741,0.,20.520625));
#4125=CARTESIAN_POINT('',(80.7619067547305,0.439887069941073,20.755));
#4126=CARTESIAN_POINT('',(81.0572192547306,0.610385821311138,20.558125));
#4127=CARTESIAN_POINT('',(80.507937836487,0.879774139882146,20.7925));
#4128=CARTESIAN_POINT('',(80.704812836487,1.22077164262228,20.595625));
#4129=CARTESIAN_POINT('',(80.,0.879774139882146,20.83));
#4130=CARTESIAN_POINT('',(80.,1.22077164262228,20.633125));
#4131=CARTESIAN_POINT('',(79.492062163513,0.879774139882147,20.8675));
#4132=CARTESIAN_POINT('',(79.295187163513,1.22077164262228,20.670625));
#4133=CARTESIAN_POINT('',(79.2380932452695,0.439887069941073,20.905));
#4134=CARTESIAN_POINT('',(78.9427807452694,0.610385821311139,20.708125));
#4135=CARTESIAN_POINT('',(78.984124327026,0.,20.9425));
#4136=CARTESIAN_POINT('',(78.5903743270259,0.,20.745625));
#4137=CARTESIAN_POINT('',(79.2380932452695,-0.439887069941073,20.98));
#4138=CARTESIAN_POINT('',(78.9427807452694,-0.610385821311139,20.783125));
#4139=CARTESIAN_POINT('',(79.492062163513,-0.879774139882146,21.0175));
#4140=CARTESIAN_POINT('',(79.295187163513,-1.22077164262228,20.820625));
#4141=CARTESIAN_POINT('',(80.,-0.879774139882146,21.055));
#4142=CARTESIAN_POINT('',(80.,-1.22077164262228,20.858125));
#4143=CARTESIAN_POINT('',(80.507937836487,-0.879774139882147,21.0925));
#4144=CARTESIAN_POINT('',(80.704812836487,-1.22077164262228,20.895625));
#4145=CARTESIAN_POINT('',(80.7619067547305,-0.439887069941074,21.13));
#4146=CARTESIAN_POINT('',(81.0572192547306,-0.61038582131114,20.933125));
#4147=CARTESIAN_POINT('',(81.0158756729741,0.,21.1675));
#4148=CARTESIAN_POINT('',(81.4096256729741,0.,20.970625));
#4149=CARTESIAN_POINT('',(80.7619067547305,0.439887069941073,21.205));
#4150=CARTESIAN_POINT('',(81.0572192547306,0.610385821311138,21.0081249999999));
#4151=CARTESIAN_POINT('',(80.507937836487,0.879774139882146,21.2425));
#4152=CARTESIAN_POINT('',(80.704812836487,1.22077164262228,21.045625));
#4153=CARTESIAN_POINT('',(80.,0.879774139882146,21.28));
#4154=CARTESIAN_POINT('',(80.,1.22077164262228,21.083125));
#4155=CARTESIAN_POINT('',(79.492062163513,0.879774139882147,21.3175));
#4156=CARTESIAN_POINT('',(79.295187163513,1.22077164262228,21.120625));
#4157=CARTESIAN_POINT('',(79.2380932452695,0.439887069941073,21.355));
#4158=CARTESIAN_POINT('',(78.9427807452694,0.610385821311139,21.158125));
#4159=CARTESIAN_POINT('',(78.984124327026,0.,21.3925));
#4160=CARTESIAN_POINT('',(78.5903743270259,0.,21.1956249999999));
#4161=CARTESIAN_POINT('',(79.2380932452695,-0.439887069941073,21.43));
#4162=CARTESIAN_POINT('',(78.9427807452694,-0.610385821311139,21.233125));
#4163=CARTESIAN_POINT('',(79.492062163513,-0.879774139882146,21.4675));
#4164=CARTESIAN_POINT('',(79.295187163513,-1.22077164262228,21.270625));
#4165=CARTESIAN_POINT('',(80.,-0.879774139882146,21.505));
#4166=CARTESIAN_POINT('',(80.,-1.22077164262228,21.308125));
#4167=CARTESIAN_POINT('',(80.507937836487,-0.879774139882147,21.5425));
#4168=CARTESIAN_POINT('',(80.704812836487,-1.22077164262228,21.345625));
#4169=CARTESIAN_POINT('',(80.7619067547305,-0.439887069941074,21.58));
#4170=CARTESIAN_POINT('',(81.0572192547306,-0.61038582131114,21.3831249999999));
#4171=CARTESIAN_POINT('',(81.0158756729741,0.,21.6175));
#4172=CARTESIAN_POINT('',(81.4096256729741,0.,21.420625));
#4173=CARTESIAN_POINT('',(80.7619067547305,0.439887069941073,21.655));
#4174=CARTESIAN_POINT('',(81.0572192547306,0.610385821311138,21.4581249999999));
#4175=CARTESIAN_POINT('',(80.507937836487,0.879774139882146,21.6925));
#4176=CARTESIAN_POINT('',(80.704812836487,1.22077164262228,21.495625));
#4177=CARTESIAN_POINT('',(80.,0.879774139882146,21.73));
#4178=CARTESIAN_POINT('',(80.,1.22077164262228,21.533125));
#4179=CARTESIAN_POINT('',(79.492062163513,0.879774139882147,21.7675));
#4180=CARTESIAN_POINT('',(79.295187163513,1.22077164262228,21.570625));
#4181=CARTESIAN_POINT('',(79.2380932452695,0.439887069941073,21.805));
#4182=CARTESIAN_POINT('',(78.9427807452694,0.610385821311139,21.608125));
#4183=CARTESIAN_POINT('',(78.984124327026,0.,21.8425));
#4184=CARTESIAN_POINT('',(78.5903743270259,0.,21.645625));
#4185=CARTESIAN_POINT('',(79.2380932452695,-0.439887069941073,21.88));
#4186=CARTESIAN_POINT('',(78.9427807452694,-0.610385821311139,21.683125));
#4187=CARTESIAN_POINT('',(79.492062163513,-0.879774139882146,21.9175));
#4188=CARTESIAN_POINT('',(79.295187163513,-1.22077164262228,21.720625));
#4189=CARTESIAN_POINT('',(80.,-0.879774139882146,21.955));
#4190=CARTESIAN_POINT('',(80.,-1.22077164262228,21.7581249999999));
#4191=CARTESIAN_POINT('',(80.507937836487,-0.879774139882147,21.9925));
#4192=CARTESIAN_POINT('',(80.704812836487,-1.22077164262228,21.795625));
#4193=CARTESIAN_POINT('',(80.7619067547305,-0.439887069941074,22.03));
#4194=CARTESIAN_POINT('',(81.0572192547306,-0.61038582131114,21.833125));
#4195=CARTESIAN_POINT('',(81.0158756729741,0.,22.0675));
#4196=CARTESIAN_POINT('',(81.4096256729741,0.,21.870625));
#4197=CARTESIAN_POINT('',(80.7619067547305,0.439887069941073,22.105));
#4198=CARTESIAN_POINT('',(81.0572192547306,0.610385821311138,21.9081249999999));
#4199=CARTESIAN_POINT('',(80.507937836487,0.879774139882146,22.1425));
#4200=CARTESIAN_POINT('',(80.704812836487,1.22077164262228,21.9456249999999));
#4201=CARTESIAN_POINT('',(80.,0.879774139882146,22.18));
#4202=CARTESIAN_POINT('',(80.,1.22077164262228,21.983125));
#4203=CARTESIAN_POINT('',(79.492062163513,0.879774139882147,22.2175));
#4204=CARTESIAN_POINT('',(79.295187163513,1.22077164262228,22.020625));
#4205=CARTESIAN_POINT('',(79.2380932452695,0.439887069941073,22.255));
#4206=CARTESIAN_POINT('',(78.9427807452694,0.610385821311139,22.0581249999999));
#4207=CARTESIAN_POINT('',(78.984124327026,0.,22.2925));
#4208=CARTESIAN_POINT('',(78.5903743270259,0.,22.095625));
#4209=CARTESIAN_POINT('',(79.2380932452695,-0.439887069941073,22.33));
#4210=CARTESIAN_POINT('',(78.9427807452694,-0.610385821311139,22.1331249999999));
#4211=CARTESIAN_POINT('',(79.492062163513,-0.879774139882146,22.3675));
#4212=CARTESIAN_POINT('',(79.295187163513,-1.22077164262228,22.170625));
#4213=CARTESIAN_POINT('',(80.,-0.879774139882146,22.405));
#4214=CARTESIAN_POINT('',(80.,-1.22077164262228,22.208125));
#4215=CARTESIAN_POINT('',(80.507937836487,-0.879774139882147,22.4425));
#4216=CARTESIAN_POINT('',(80.704812836487,-1.22077164262228,22.245625));
#4217=CARTESIAN_POINT('',(80.7619067547305,-0.439887069941074,22.48));
#4218=CARTESIAN_POINT('',(81.0572192547306,-0.61038582131114,22.2831249999999));
#4219=CARTESIAN_POINT('',(81.0158756729741,0.,22.5175));
#4220=CARTESIAN_POINT('',(81.4096256729741,0.,22.3206249999999));
#4221=CARTESIAN_POINT('',(80.7619067547305,0.439887069941073,22.555));
#4222=CARTESIAN_POINT('',(81.0572192547306,0.610385821311138,22.3581249999999));
#4223=CARTESIAN_POINT('',(80.507937836487,0.879774139882146,22.5925));
#4224=CARTESIAN_POINT('',(80.704812836487,1.22077164262228,22.395625));
#4225=CARTESIAN_POINT('',(80.,0.879774139882146,22.63));
#4226=CARTESIAN_POINT('',(80.,1.22077164262228,22.433125));
#4227=CARTESIAN_POINT('',(79.492062163513,0.879774139882147,22.6675));
#4228=CARTESIAN_POINT('',(79.295187163513,1.22077164262228,22.470625));
#4229=CARTESIAN_POINT('',(79.2380932452695,0.439887069941073,22.705));
#4230=CARTESIAN_POINT('',(78.9427807452694,0.610385821311139,22.5081249999999));
#4231=CARTESIAN_POINT('',(78.984124327026,0.,22.7425));
#4232=CARTESIAN_POINT('',(78.5903743270259,0.,22.5456249999999));
#4233=CARTESIAN_POINT('',(79.2380932452695,-0.439887069941073,22.78));
#4234=CARTESIAN_POINT('',(78.9427807452694,-0.610385821311139,22.5831249999999));
#4235=CARTESIAN_POINT('',(79.492062163513,-0.879774139882146,22.8175));
#4236=CARTESIAN_POINT('',(79.295187163513,-1.22077164262228,22.620625));
#4237=CARTESIAN_POINT('',(80.,-0.879774139882146,22.855));
#4238=CARTESIAN_POINT('',(80.,-1.22077164262228,22.658125));
#4239=CARTESIAN_POINT('',(80.507937836487,-0.879774139882147,22.8925));
#4240=CARTESIAN_POINT('',(80.704812836487,-1.22077164262228,22.6956249999999));
#4241=CARTESIAN_POINT('',(80.7619067547305,-0.439887069941074,22.93));
#4242=CARTESIAN_POINT('',(81.0572192547306,-0.61038582131114,22.733125));
#4243=CARTESIAN_POINT('',(81.0158756729741,0.,22.9675));
#4244=CARTESIAN_POINT('',(81.4096256729741,0.,22.770625));
#4245=CARTESIAN_POINT('',(80.7619067547305,0.439887069941073,23.005));
#4246=CARTESIAN_POINT('',(81.0572192547306,0.610385821311138,22.8081249999999));
#4247=CARTESIAN_POINT('',(80.507937836487,0.879774139882146,23.0425));
#4248=CARTESIAN_POINT('',(80.704812836487,1.22077164262228,22.845625));
#4249=CARTESIAN_POINT('',(80.,0.879774139882146,23.08));
#4250=CARTESIAN_POINT('',(80.,1.22077164262228,22.8831249999999));
#4251=CARTESIAN_POINT('',(79.492062163513,0.879774139882147,23.1175));
#4252=CARTESIAN_POINT('',(79.295187163513,1.22077164262228,22.920625));
#4253=CARTESIAN_POINT('',(79.2380932452695,0.439887069941073,23.155));
#4254=CARTESIAN_POINT('',(78.9427807452694,0.610385821311139,22.9581249999999));
#4255=CARTESIAN_POINT('',(78.984124327026,0.,23.1925));
#4256=CARTESIAN_POINT('',(78.5903743270259,0.,22.995625));
#4257=CARTESIAN_POINT('',(79.2380932452695,-0.439887069941073,23.23));
#4258=CARTESIAN_POINT('',(78.9427807452694,-0.610385821311139,23.0331249999999));
#4259=CARTESIAN_POINT('',(79.492062163513,-0.879774139882146,23.2675));
#4260=CARTESIAN_POINT('',(79.295187163513,-1.22077164262228,23.0706249999999));
#4261=CARTESIAN_POINT('',(80.,-0.879774139882146,23.305));
#4262=CARTESIAN_POINT('',(80.,-1.22077164262228,23.1081249999999));
#4263=CARTESIAN_POINT('',(80.507937836487,-0.879774139882147,23.3425));
#4264=CARTESIAN_POINT('',(80.704812836487,-1.22077164262228,23.145625));
#4265=CARTESIAN_POINT('',(80.7619067547305,-0.439887069941074,23.38));
#4266=CARTESIAN_POINT('',(81.0572192547306,-0.61038582131114,23.1831249999999));
#4267=CARTESIAN_POINT('',(81.0158756729741,0.,23.4175));
#4268=CARTESIAN_POINT('',(81.4096256729741,0.,23.220625));
#4269=CARTESIAN_POINT('',(80.7619067547305,0.439887069941073,23.455));
#4270=CARTESIAN_POINT('',(81.0572192547306,0.610385821311138,23.2581249999999));
#4271=CARTESIAN_POINT('',(80.507937836487,0.879774139882146,23.4925));
#4272=CARTESIAN_POINT('',(80.704812836487,1.22077164262228,23.2956249999999));
#4273=CARTESIAN_POINT('',(80.,0.879774139882146,23.53));
#4274=CARTESIAN_POINT('',(80.,1.22077164262228,23.3331249999999));
#4275=CARTESIAN_POINT('',(79.492062163513,0.879774139882147,23.5675));
#4276=CARTESIAN_POINT('',(79.295187163513,1.22077164262228,23.370625));
#4277=CARTESIAN_POINT('',(79.2380932452695,0.439887069941073,23.605));
#4278=CARTESIAN_POINT('',(78.9427807452694,0.610385821311139,23.4081249999999));
#4279=CARTESIAN_POINT('',(78.984124327026,0.,23.6425));
#4280=CARTESIAN_POINT('',(78.5903743270259,0.,23.4456249999999));
#4281=CARTESIAN_POINT('',(79.2380932452695,-0.439887069941073,23.68));
#4282=CARTESIAN_POINT('',(78.9427807452694,-0.610385821311139,23.4831249999999));
#4283=CARTESIAN_POINT('',(79.492062163513,-0.879774139882146,23.7175));
#4284=CARTESIAN_POINT('',(79.295187163513,-1.22077164262228,23.5206249999999));
#4285=CARTESIAN_POINT('',(80.,-0.879774139882146,23.755));
#4286=CARTESIAN_POINT('',(80.,-1.22077164262228,23.5581249999999));
#4287=CARTESIAN_POINT('',(80.507937836487,-0.879774139882147,23.7925));
#4288=CARTESIAN_POINT('',(80.704812836487,-1.22077164262228,23.595625));
#4289=CARTESIAN_POINT('',(80.7619067547305,-0.439887069941074,23.83));
#4290=CARTESIAN_POINT('',(81.0572192547306,-0.61038582131114,23.6331249999999));
#4291=CARTESIAN_POINT('',(81.0158756729741,0.,23.8675));
#4292=CARTESIAN_POINT('',(81.4096256729741,0.,23.6706249999999));
#4293=CARTESIAN_POINT('',(80.7619067547305,0.439887069941073,23.905));
#4294=CARTESIAN_POINT('',(81.0572192547306,0.610385821311138,23.7081249999999));
#4295=CARTESIAN_POINT('',(80.507937836487,0.879774139882146,23.9425));
#4296=CARTESIAN_POINT('',(80.704812836487,1.22077164262228,23.745625));
#4297=CARTESIAN_POINT('',(80.,0.879774139882146,23.98));
#4298=CARTESIAN_POINT('',(80.,1.22077164262228,23.7831249999999));
#4299=CARTESIAN_POINT('',(79.492062163513,0.879774139882147,24.0175));
#4300=CARTESIAN_POINT('',(79.295187163513,1.22077164262228,23.8206249999999));
#4301=CARTESIAN_POINT('',(79.2380932452695,0.439887069941073,24.055));
#4302=CARTESIAN_POINT('',(78.9427807452694,0.610385821311139,23.8581249999999));
#4303=CARTESIAN_POINT('',(78.984124327026,0.,24.0925));
#4304=CARTESIAN_POINT('',(78.5903743270259,0.,23.8956249999999));
#4305=CARTESIAN_POINT('',(79.2380932452695,-0.439887069941073,24.13));
#4306=CARTESIAN_POINT('',(78.9427807452694,-0.610385821311139,23.9331249999999));
#4307=CARTESIAN_POINT('',(79.492062163513,-0.879774139882146,24.1675));
#4308=CARTESIAN_POINT('',(79.295187163513,-1.22077164262228,23.9706249999999));
#4309=CARTESIAN_POINT('',(80.,-0.879774139882146,24.205));
#4310=CARTESIAN_POINT('',(80.,-1.22077164262228,24.0081249999999));
#4311=CARTESIAN_POINT('',(80.507937836487,-0.879774139882147,24.2425));
#4312=CARTESIAN_POINT('',(80.704812836487,-1.22077164262228,24.0456249999999));
#4313=CARTESIAN_POINT('',(80.7619067547305,-0.439887069941074,24.28));
#4314=CARTESIAN_POINT('',(81.0572192547306,-0.61038582131114,24.0831249999999));
#4315=CARTESIAN_POINT('',(81.0158756729741,0.,24.3175));
#4316=CARTESIAN_POINT('',(81.4096256729741,0.,24.120625));
#4317=CARTESIAN_POINT('',(80.7619067547305,0.439887069941073,24.355));
#4318=CARTESIAN_POINT('',(81.0572192547306,0.610385821311138,24.1581249999999));
#4319=CARTESIAN_POINT('',(80.507937836487,0.879774139882146,24.3925));
#4320=CARTESIAN_POINT('',(80.704812836487,1.22077164262228,24.1956249999999));
#4321=CARTESIAN_POINT('',(80.,0.879774139882146,24.43));
#4322=CARTESIAN_POINT('',(80.,1.22077164262228,24.2331249999999));
#4323=CARTESIAN_POINT('',(79.492062163513,0.879774139882147,24.4675));
#4324=CARTESIAN_POINT('',(79.295187163513,1.22077164262228,24.2706249999999));
#4325=CARTESIAN_POINT('',(79.2380932452695,0.439887069941073,24.505));
#4326=CARTESIAN_POINT('',(78.9427807452694,0.610385821311139,24.3081249999999));
#4327=CARTESIAN_POINT('',(78.984124327026,0.,24.5425));
#4328=CARTESIAN_POINT('',(78.5903743270259,0.,24.3456249999999));
#4329=CARTESIAN_POINT('',(79.2380932452695,-0.439887069941073,24.5799999999999));
#4330=CARTESIAN_POINT('',(78.9427807452694,-0.610385821311139,24.3831249999999));
#4331=CARTESIAN_POINT('',(79.492062163513,-0.879774139882146,24.6175));
#4332=CARTESIAN_POINT('',(79.295187163513,-1.22077164262228,24.4206249999999));
#4333=CARTESIAN_POINT('',(80.,-0.879774139882146,24.655));
#4334=CARTESIAN_POINT('',(80.,-1.22077164262228,24.4581249999999));
#4335=CARTESIAN_POINT('',(80.507937836487,-0.879774139882147,24.6925));
#4336=CARTESIAN_POINT('',(80.704812836487,-1.22077164262228,24.495625));
#4337=CARTESIAN_POINT('',(80.7619067547305,-0.439887069941074,24.73));
#4338=CARTESIAN_POINT('',(81.0572192547306,-0.61038582131114,24.5331249999999));
#4339=CARTESIAN_POINT('',(81.0158756729741,0.,24.7675));
#4340=CARTESIAN_POINT('',(81.4096256729741,0.,24.5706249999999));
#4341=CARTESIAN_POINT('',(80.7619067547305,0.439887069941073,24.8049999999999));
#4342=CARTESIAN_POINT('',(81.0572192547306,0.610385821311138,24.6081249999999));
#4343=CARTESIAN_POINT('',(80.507937836487,0.879774139882146,24.8425));
#4344=CARTESIAN_POINT('',(80.704812836487,1.22077164262228,24.6456249999999));
#4345=CARTESIAN_POINT('',(80.,0.879774139882146,24.88));
#4346=CARTESIAN_POINT('',(80.,1.22077164262228,24.6831249999999));
#4347=CARTESIAN_POINT('',(79.492062163513,0.879774139882147,24.9175));
#4348=CARTESIAN_POINT('',(79.295187163513,1.22077164262228,24.7206249999999));
#4349=CARTESIAN_POINT('',(79.2380932452695,0.439887069941073,24.9549999999999));
#4350=CARTESIAN_POINT('',(78.9427807452694,0.610385821311139,24.7581249999999));
#4351=CARTESIAN_POINT('',(78.984124327026,0.,24.9925));
#4352=CARTESIAN_POINT('',(78.5903743270259,0.,24.7956249999999));
#4353=CARTESIAN_POINT('',(79.2380932452695,-0.439887069941073,25.03));
#4354=CARTESIAN_POINT('',(78.9427807452694,-0.610385821311139,24.8331249999999));
#4355=CARTESIAN_POINT('',(79.492062163513,-0.879774139882146,25.0674999999999));
#4356=CARTESIAN_POINT('',(79.295187163513,-1.22077164262228,24.8706249999999));
#4357=CARTESIAN_POINT('',(80.,-0.879774139882146,25.105));
#4358=CARTESIAN_POINT('',(80.,-1.22077164262228,24.9081249999999));
#4359=CARTESIAN_POINT('',(80.507937836487,-0.879774139882147,25.1425));
#4360=CARTESIAN_POINT('',(80.704812836487,-1.22077164262228,24.9456249999999));
#4361=CARTESIAN_POINT('',(80.7619067547305,-0.439887069941074,25.1799999999999));
#4362=CARTESIAN_POINT('',(81.0572192547306,-0.61038582131114,24.9831249999999));
#4363=CARTESIAN_POINT('',(81.0158756729741,0.,25.2175));
#4364=CARTESIAN_POINT('',(81.4096256729741,0.,25.0206249999999));
#4365=CARTESIAN_POINT('',(80.7619067547305,0.439887069941073,25.2549999999999));
#4366=CARTESIAN_POINT('',(81.0572192547306,0.610385821311138,25.0581249999999));
#4367=CARTESIAN_POINT('',(80.507937836487,0.879774139882146,25.2925));
#4368=CARTESIAN_POINT('',(80.704812836487,1.22077164262228,25.0956249999999));
#4369=CARTESIAN_POINT('',(80.,0.879774139882146,25.3299999999999));
#4370=CARTESIAN_POINT('',(80.,1.22077164262228,25.1331249999999));
#4371=CARTESIAN_POINT('',(79.492062163513,0.879774139882147,25.3675));
#4372=CARTESIAN_POINT('',(79.295187163513,1.22077164262228,25.1706249999999));
#4373=CARTESIAN_POINT('',(79.2380932452695,0.439887069941073,25.405));
#4374=CARTESIAN_POINT('',(78.9427807452694,0.610385821311139,25.2081249999999));
#4375=CARTESIAN_POINT('',(78.984124327026,0.,25.4424999999999));
#4376=CARTESIAN_POINT('',(78.5903743270259,0.,25.245625));
#4377=CARTESIAN_POINT('',(79.2380932452695,-0.439887069941073,25.4799999999999));
#4378=CARTESIAN_POINT('',(78.9427807452694,-0.610385821311139,25.2831249999999));
#4379=CARTESIAN_POINT('',(79.492062163513,-0.879774139882146,25.5175));
#4380=CARTESIAN_POINT('',(79.295187163513,-1.22077164262228,25.3206249999999));
#4381=CARTESIAN_POINT('',(80.,-0.879774139882146,25.5549999999999));
#4382=CARTESIAN_POINT('',(80.,-1.22077164262228,25.3581249999999));
#4383=CARTESIAN_POINT('',(80.507937836487,-0.879774139882147,25.5925));
#4384=CARTESIAN_POINT('',(80.704812836487,-1.22077164262228,25.3956249999999));
#4385=CARTESIAN_POINT('',(80.7619067547305,-0.439887069941074,25.6299999999999));
#4386=CARTESIAN_POINT('',(81.0572192547306,-0.61038582131114,25.4331249999999));
#4387=CARTESIAN_POINT('',(81.0158756729741,0.,25.6675));
#4388=CARTESIAN_POINT('',(81.4096256729741,0.,25.4706249999999));
#4389=CARTESIAN_POINT('',(80.7619067547305,0.439887069941073,25.7049999999999));
#4390=CARTESIAN_POINT('',(81.0572192547306,0.610385821311138,25.5081249999999));
#4391=CARTESIAN_POINT('',(80.507937836487,0.879774139882146,25.7424999999999));
#4392=CARTESIAN_POINT('',(80.704812836487,1.22077164262228,25.5456249999999));
#4393=CARTESIAN_POINT('',(80.,0.879774139882146,25.78));
#4394=CARTESIAN_POINT('',(80.,1.22077164262228,25.5831249999999));
#4395=CARTESIAN_POINT('',(79.492062163513,0.879774139882147,25.8175));
#4396=CARTESIAN_POINT('',(79.295187163513,1.22077164262228,25.6206249999999));
#4397=CARTESIAN_POINT('',(79.2380932452695,0.439887069941073,25.855));
#4398=CARTESIAN_POINT('',(78.9427807452694,0.610385821311139,25.6581249999999));
#4399=CARTESIAN_POINT('',(78.984124327026,0.,25.8925));
#4400=CARTESIAN_POINT('',(78.5903743270259,0.,25.6956249999999));
#4401=CARTESIAN_POINT('',(79.2380932452695,-0.439887069941073,25.9299999999999));
#4402=CARTESIAN_POINT('',(78.9427807452694,-0.610385821311139,25.7331249999999));
#4403=CARTESIAN_POINT('',(79.492062163513,-0.879774139882146,25.9674999999999));
#4404=CARTESIAN_POINT('',(79.295187163513,-1.22077164262228,25.7706249999999));
#4405=CARTESIAN_POINT('',(80.,-0.879774139882146,26.0049999999999));
#4406=CARTESIAN_POINT('',(80.,-1.22077164262228,25.8081249999999));
#4407=CARTESIAN_POINT('',(80.507937836487,-0.879774139882147,26.0425));
#4408=CARTESIAN_POINT('',(80.704812836487,-1.22077164262228,25.8456249999999));
#4409=CARTESIAN_POINT('',(80.7619067547305,-0.439887069941074,26.0799999999999));
#4410=CARTESIAN_POINT('',(81.0572192547306,-0.61038582131114,25.8831249999999));
#4411=CARTESIAN_POINT('',(81.0158756729741,0.,26.1175));
#4412=CARTESIAN_POINT('',(81.4096256729741,0.,25.9206249999999));
#4413=CARTESIAN_POINT('',(80.7619067547305,0.439887069941073,26.1549999999999));
#4414=CARTESIAN_POINT('',(81.0572192547306,0.610385821311138,25.9581249999999));
#4415=CARTESIAN_POINT('',(80.507937836487,0.879774139882146,26.1924999999999));
#4416=CARTESIAN_POINT('',(80.704812836487,1.22077164262228,25.9956249999999));
#4417=CARTESIAN_POINT('',(80.,0.879774139882146,26.2299999999999));
#4418=CARTESIAN_POINT('',(80.,1.22077164262228,26.0331249999999));
#4419=CARTESIAN_POINT('',(79.492062163513,0.879774139882147,26.2675));
#4420=CARTESIAN_POINT('',(79.295187163513,1.22077164262228,26.0706249999999));
#4421=CARTESIAN_POINT('',(79.2380932452695,0.439887069941073,26.3049999999999));
#4422=CARTESIAN_POINT('',(78.9427807452694,0.610385821311139,26.1081249999999));
#4423=CARTESIAN_POINT('',(78.984124327026,0.,26.3424999999999));
#4424=CARTESIAN_POINT('',(78.5903743270259,0.,26.1456249999999));
#4425=CARTESIAN_POINT('',(79.2380932452695,-0.439887069941073,26.3799999999999));
#4426=CARTESIAN_POINT('',(78.9427807452694,-0.610385821311139,26.1831249999999));
#4427=CARTESIAN_POINT('',(79.492062163513,-0.879774139882146,26.4174999999999));
#4428=CARTESIAN_POINT('',(79.295187163513,-1.22077164262228,26.2206249999999));
#4429=CARTESIAN_POINT('',(80.,-0.879774139882146,26.4549999999999));
#4430=CARTESIAN_POINT('',(80.,-1.22077164262228,26.2581249999999));
#4431=CARTESIAN_POINT('',(80.507937836487,-0.879774139882147,26.4925));
#4432=CARTESIAN_POINT('',(80.704812836487,-1.22077164262228,26.2956249999999));
#4433=CARTESIAN_POINT('',(80.7619067547305,-0.439887069941074,26.5299999999999));
#4434=CARTESIAN_POINT('',(81.0572192547306,-0.61038582131114,26.3331249999999));
#4435=CARTESIAN_POINT('',(81.0158756729741,0.,26.5674999999999));
#4436=CARTESIAN_POINT('',(81.4096256729741,0.,26.3706249999999));
#4437=CARTESIAN_POINT('',(80.7619067547305,0.439887069941073,26.6049999999999));
#4438=CARTESIAN_POINT('',(81.0572192547306,0.610385821311138,26.4081249999999));
#4439=CARTESIAN_POINT('',(80.507937836487,0.879774139882146,26.6424999999999));
#4440=CARTESIAN_POINT('',(80.704812836487,1.22077164262228,26.4456249999999));
#4441=CARTESIAN_POINT('',(80.,0.879774139882146,26.6799999999999));
#4442=CARTESIAN_POINT('',(80.,1.22077164262228,26.4831249999999));
#4443=CARTESIAN_POINT('',(79.492062163513,0.879774139882147,26.7174999999999));
#4444=CARTESIAN_POINT('',(79.295187163513,1.22077164262228,26.5206249999999));
#4445=CARTESIAN_POINT('',(79.2380932452695,0.439887069941073,26.7549999999999));
#4446=CARTESIAN_POINT('',(78.9427807452694,0.610385821311139,26.5581249999999));
#4447=CARTESIAN_POINT('',(78.984124327026,0.,26.7925));
#4448=CARTESIAN_POINT('',(78.5903743270259,0.,26.5956249999999));
#4449=CARTESIAN_POINT('',(79.2380932452695,-0.439887069941073,26.8299999999999));
#4450=CARTESIAN_POINT('',(78.9427807452694,-0.610385821311139,26.6331249999999));
#4451=CARTESIAN_POINT('',(79.492062163513,-0.879774139882146,26.8674999999999));
#4452=CARTESIAN_POINT('',(79.295187163513,-1.22077164262228,26.6706249999999));
#4453=CARTESIAN_POINT('',(80.,-0.879774139882146,26.9049999999999));
#4454=CARTESIAN_POINT('',(80.,-1.22077164262228,26.7081249999999));
#4455=CARTESIAN_POINT('',(80.507937836487,-0.879774139882147,26.9424999999999));
#4456=CARTESIAN_POINT('',(80.704812836487,-1.22077164262228,26.7456249999999));
#4457=CARTESIAN_POINT('',(80.7619067547305,-0.439887069941074,26.9799999999999));
#4458=CARTESIAN_POINT('',(81.0572192547306,-0.61038582131114,26.7831249999999));
#4459=CARTESIAN_POINT('',(81.0158756729741,0.,27.0175));
#4460=CARTESIAN_POINT('',(81.4096256729741,0.,26.8206249999999));
#4461=CARTESIAN_POINT('',(80.7619067547305,0.439887069941073,27.0549999999999));
#4462=CARTESIAN_POINT('',(81.0572192547306,0.610385821311138,26.8581249999999));
#4463=CARTESIAN_POINT('',(80.507937836487,0.879774139882146,27.0924999999999));
#4464=CARTESIAN_POINT('',(80.704812836487,1.22077164262228,26.8956249999999));
#4465=CARTESIAN_POINT('',(80.,0.879774139882146,27.1299999999999));
#4466=CARTESIAN_POINT('',(80.,1.22077164262228,26.9331249999999));
#4467=CARTESIAN_POINT('',(79.492062163513,0.879774139882147,27.1674999999999));
#4468=CARTESIAN_POINT('',(79.295187163513,1.22077164262228,26.9706249999999));
#4469=CARTESIAN_POINT('',(79.2380932452695,0.439887069941073,27.2049999999999));
#4470=CARTESIAN_POINT('',(78.9427807452694,0.610385821311139,27.0081249999999));
#4471=CARTESIAN_POINT('',(78.984124327026,0.,27.2424999999999));
#4472=CARTESIAN_POINT('',(78.5903743270259,0.,27.0456249999999));
#4473=CARTESIAN_POINT('',(79.2380932452695,-0.439887069941073,27.2799999999999));
#4474=CARTESIAN_POINT('',(78.9427807452694,-0.610385821311139,27.0831249999999));
#4475=CARTESIAN_POINT('',(79.492062163513,-0.879774139882146,27.3174999999999));
#4476=CARTESIAN_POINT('',(79.295187163513,-1.22077164262228,27.1206249999999));
#4477=CARTESIAN_POINT('',(80.,-0.879774139882146,27.3549999999999));
#4478=CARTESIAN_POINT('',(80.,-1.22077164262228,27.1581249999999));
#4479=CARTESIAN_POINT('',(80.507937836487,-0.879774139882147,27.3924999999999));
#4480=CARTESIAN_POINT('',(80.704812836487,-1.22077164262228,27.1956249999999));
#4481=CARTESIAN_POINT('',(80.7619067547305,-0.439887069941074,27.4299999999999));
#4482=CARTESIAN_POINT('',(81.0572192547306,-0.61038582131114,27.2331249999999));
#4483=CARTESIAN_POINT('',(81.0158756729741,0.,27.4674999999999));
#4484=CARTESIAN_POINT('',(81.4096256729741,0.,27.2706249999999));
#4485=CARTESIAN_POINT('',(80.7619067547305,0.439887069941073,27.5049999999999));
#4486=CARTESIAN_POINT('',(81.0572192547306,0.610385821311138,27.3081249999999));
#4487=CARTESIAN_POINT('',(80.507937836487,0.879774139882146,27.5424999999999));
#4488=CARTESIAN_POINT('',(80.704812836487,1.22077164262228,27.3456249999999));
#4489=CARTESIAN_POINT('',(80.,0.879774139882146,27.5799999999999));
#4490=CARTESIAN_POINT('',(80.,1.22077164262228,27.3831249999999));
#4491=CARTESIAN_POINT('',(79.492062163513,0.879774139882147,27.6174999999999));
#4492=CARTESIAN_POINT('',(79.295187163513,1.22077164262228,27.4206249999999));
#4493=CARTESIAN_POINT('',(79.2380932452695,0.439887069941073,27.6549999999999));
#4494=CARTESIAN_POINT('',(78.9427807452694,0.610385821311139,27.4581249999999));
#4495=CARTESIAN_POINT('',(78.984124327026,0.,27.6924999999999));
#4496=CARTESIAN_POINT('',(78.5903743270259,0.,27.4956249999999));
#4497=CARTESIAN_POINT('',(79.2380932452695,-0.439887069941073,27.7299999999999));
#4498=CARTESIAN_POINT('',(78.9427807452694,-0.610385821311139,27.5331249999999));
#4499=CARTESIAN_POINT('',(79.492062163513,-0.879774139882146,27.7674999999999));
#4500=CARTESIAN_POINT('',(79.295187163513,-1.22077164262228,27.5706249999999));
#4501=CARTESIAN_POINT('',(80.,-0.879774139882146,27.8049999999999));
#4502=CARTESIAN_POINT('',(80.,-1.22077164262228,27.6081249999999));
#4503=CARTESIAN_POINT('',(80.507937836487,-0.879774139882147,27.8424999999999));
#4504=CARTESIAN_POINT('',(80.704812836487,-1.22077164262228,27.6456249999999));
#4505=CARTESIAN_POINT('',(80.7619067547305,-0.439887069941074,27.8799999999999));
#4506=CARTESIAN_POINT('',(81.0572192547306,-0.61038582131114,27.6831249999999));
#4507=CARTESIAN_POINT('',(81.0158756729741,0.,27.9174999999999));
#4508=CARTESIAN_POINT('',(81.4096256729741,0.,27.7206249999999));
#4509=CARTESIAN_POINT('',(80.7619067547305,0.439887069941073,27.9549999999999));
#4510=CARTESIAN_POINT('',(81.0572192547306,0.610385821311138,27.7581249999999));
#4511=CARTESIAN_POINT('',(80.507937836487,0.879774139882146,27.9924999999999));
#4512=CARTESIAN_POINT('',(80.704812836487,1.22077164262228,27.7956249999999));
#4513=CARTESIAN_POINT('',(80.,0.879774139882146,28.0299999999999));
#4514=CARTESIAN_POINT('',(80.,1.22077164262228,27.8331249999999));
#4515=CARTESIAN_POINT('',(79.492062163513,0.879774139882147,28.0674999999999));
#4516=CARTESIAN_POINT('',(79.295187163513,1.22077164262228,27.8706249999999));
#4517=CARTESIAN_POINT('',(79.2380932452695,0.439887069941073,28.1049999999999));
#4518=CARTESIAN_POINT('',(78.9427807452694,0.610385821311139,27.9081249999999));
#4519=CARTESIAN_POINT('',(78.984124327026,0.,28.1424999999999));
#4520=CARTESIAN_POINT('',(78.5903743270259,0.,27.9456249999999));
#4521=CARTESIAN_POINT('',(79.2380932452695,-0.439887069941073,28.1799999999999));
#4522=CARTESIAN_POINT('',(78.9427807452694,-0.610385821311139,27.9831249999999));
#4523=CARTESIAN_POINT('',(79.492062163513,-0.879774139882146,28.2174999999999));
#4524=CARTESIAN_POINT('',(79.295187163513,-1.22077164262228,28.0206249999999));
#4525=CARTESIAN_POINT('',(80.,-0.879774139882146,28.2549999999999));
#4526=CARTESIAN_POINT('',(80.,-1.22077164262228,28.0581249999999));
#4527=CARTESIAN_POINT('',(80.507937836487,-0.879774139882147,28.2924999999999));
#4528=CARTESIAN_POINT('',(80.704812836487,-1.22077164262228,28.0956249999999));
#4529=CARTESIAN_POINT('',(80.7619067547305,-0.439887069941074,28.3299999999999));
#4530=CARTESIAN_POINT('',(81.0572192547306,-0.61038582131114,28.1331249999999));
#4531=CARTESIAN_POINT('',(81.0158756729741,0.,28.3674999999999));
#4532=CARTESIAN_POINT('',(81.4096256729741,0.,28.1706249999999));
#4533=CARTESIAN_POINT('',(80.7619067547305,0.439887069941073,28.4049999999999));
#4534=CARTESIAN_POINT('',(81.0572192547306,0.610385821311138,28.2081249999999));
#4535=CARTESIAN_POINT('',(80.507937836487,0.879774139882146,28.4424999999999));
#4536=CARTESIAN_POINT('',(80.704812836487,1.22077164262228,28.2456249999999));
#4537=CARTESIAN_POINT('',(80.,0.879774139882146,28.4799999999999));
#4538=CARTESIAN_POINT('',(80.,1.22077164262228,28.2831249999999));
#4539=CARTESIAN_POINT('',(79.492062163513,0.879774139882147,28.5174999999999));
#4540=CARTESIAN_POINT('',(79.295187163513,1.22077164262228,28.3206249999999));
#4541=CARTESIAN_POINT('',(79.2380932452695,0.439887069941073,28.5549999999999));
#4542=CARTESIAN_POINT('',(78.9427807452694,0.610385821311139,28.3581249999999));
#4543=CARTESIAN_POINT('',(78.984124327026,0.,28.5924999999999));
#4544=CARTESIAN_POINT('',(78.5903743270259,0.,28.3956249999999));
#4545=CARTESIAN_POINT('',(79.2380932452695,-0.439887069941073,28.6299999999999));
#4546=CARTESIAN_POINT('',(78.9427807452694,-0.610385821311139,28.4331249999999));
#4547=CARTESIAN_POINT('',(79.492062163513,-0.879774139882146,28.6674999999999));
#4548=CARTESIAN_POINT('',(79.295187163513,-1.22077164262228,28.4706249999999));
#4549=CARTESIAN_POINT('',(80.,-0.879774139882146,28.7049999999999));
#4550=CARTESIAN_POINT('',(80.,-1.22077164262228,28.5081249999999));
#4551=CARTESIAN_POINT('',(80.507937836487,-0.879774139882147,28.7424999999999));
#4552=CARTESIAN_POINT('',(80.704812836487,-1.22077164262228,28.5456249999999));
#4553=CARTESIAN_POINT('',(80.7619067547305,-0.439887069941074,28.7799999999999));
#4554=CARTESIAN_POINT('',(81.0572192547306,-0.61038582131114,28.5831249999999));
#4555=CARTESIAN_POINT('',(81.0158756729741,0.,28.8174999999999));
#4556=CARTESIAN_POINT('',(81.4096256729741,0.,28.6206249999999));
#4557=CARTESIAN_POINT('',(80.7619067547305,0.439887069941073,28.8549999999999));
#4558=CARTESIAN_POINT('',(81.0572192547306,0.610385821311138,28.6581249999999));
#4559=CARTESIAN_POINT('',(80.507937836487,0.879774139882146,28.8924999999999));
#4560=CARTESIAN_POINT('',(80.704812836487,1.22077164262228,28.6956249999999));
#4561=CARTESIAN_POINT('',(80.,0.879774139882146,28.9299999999999));
#4562=CARTESIAN_POINT('',(80.,1.22077164262228,28.7331249999999));
#4563=CARTESIAN_POINT('',(79.492062163513,0.879774139882147,28.9674999999999));
#4564=CARTESIAN_POINT('',(79.295187163513,1.22077164262228,28.7706249999999));
#4565=CARTESIAN_POINT('',(79.2380932452695,0.439887069941073,29.0049999999999));
#4566=CARTESIAN_POINT('',(78.9427807452694,0.610385821311139,28.8081249999999));
#4567=CARTESIAN_POINT('',(78.984124327026,0.,29.0424999999999));
#4568=CARTESIAN_POINT('',(78.5903743270259,0.,28.8456249999999));
#4569=CARTESIAN_POINT('',(79.2380932452695,-0.439887069941073,29.0799999999999));
#4570=CARTESIAN_POINT('',(78.9427807452694,-0.610385821311139,28.8831249999999));
#4571=CARTESIAN_POINT('',(79.492062163513,-0.879774139882146,29.1174999999999));
#4572=CARTESIAN_POINT('',(79.295187163513,-1.22077164262228,28.9206249999999));
#4573=CARTESIAN_POINT('',(80.,-0.879774139882146,29.1549999999999));
#4574=CARTESIAN_POINT('',(80.,-1.22077164262228,28.9581249999999));
#4575=CARTESIAN_POINT('',(80.507937836487,-0.879774139882147,29.1924999999999));
#4576=CARTESIAN_POINT('',(80.704812836487,-1.22077164262228,28.9956249999999));
#4577=CARTESIAN_POINT('',(80.7619067547305,-0.439887069941074,29.2299999999999));
#4578=CARTESIAN_POINT('',(81.0572192547306,-0.61038582131114,29.0331249999999));
#4579=CARTESIAN_POINT('',(81.0158756729741,0.,29.2674999999999));
#4580=CARTESIAN_POINT('',(81.4096256729741,0.,29.0706249999999));
#4581=CARTESIAN_POINT('',(80.7619067547305,0.439887069941073,29.3049999999999));
#4582=CARTESIAN_POINT('',(81.0572192547306,0.610385821311138,29.1081249999999));
#4583=CARTESIAN_POINT('',(80.507937836487,0.879774139882146,29.3424999999999));
#4584=CARTESIAN_POINT('',(80.704812836487,1.22077164262228,29.1456249999999));
#4585=CARTESIAN_POINT('',(80.,0.879774139882146,29.3799999999999));
#4586=CARTESIAN_POINT('',(80.,1.22077164262228,29.1831249999999));
#4587=CARTESIAN_POINT('',(79.492062163513,0.879774139882147,29.4174999999999));
#4588=CARTESIAN_POINT('',(79.295187163513,1.22077164262228,29.2206249999999));
#4589=CARTESIAN_POINT('',(79.2380932452695,0.439887069941073,29.4549999999999));
#4590=CARTESIAN_POINT('',(78.9427807452694,0.610385821311139,29.2581249999999));
#4591=CARTESIAN_POINT('',(78.984124327026,0.,29.4924999999999));
#4592=CARTESIAN_POINT('',(78.5903743270259,0.,29.2956249999999));
#4593=CARTESIAN_POINT('',(79.2380932452695,-0.439887069941073,29.5299999999999));
#4594=CARTESIAN_POINT('',(78.9427807452694,-0.610385821311139,29.3331249999999));
#4595=CARTESIAN_POINT('',(79.492062163513,-0.879774139882146,29.5674999999999));
#4596=CARTESIAN_POINT('',(79.295187163513,-1.22077164262228,29.3706249999999));
#4597=CARTESIAN_POINT('',(80.,-0.879774139882146,29.6049999999999));
#4598=CARTESIAN_POINT('',(80.,-1.22077164262228,29.4081249999999));
#4599=CARTESIAN_POINT('',(80.507937836487,-0.879774139882147,29.6424999999999));
#4600=CARTESIAN_POINT('',(80.704812836487,-1.22077164262228,29.4456249999999));
#4601=CARTESIAN_POINT('',(80.7619067547305,-0.439887069941074,29.6799999999999));
#4602=CARTESIAN_POINT('',(81.0572192547306,-0.61038582131114,29.4831249999999));
#4603=CARTESIAN_POINT('',(81.0158756729741,0.,29.7174999999999));
#4604=CARTESIAN_POINT('',(81.4096256729741,0.,29.5206249999999));
#4605=CARTESIAN_POINT('',(80.7619067547305,0.439887069941073,29.7549999999999));
#4606=CARTESIAN_POINT('',(81.0572192547306,0.610385821311138,29.5581249999999));
#4607=CARTESIAN_POINT('',(80.507937836487,0.879774139882146,29.7924999999999));
#4608=CARTESIAN_POINT('',(80.704812836487,1.22077164262228,29.5956249999999));
#4609=CARTESIAN_POINT('',(80.,0.879774139882146,29.8299999999999));
#4610=CARTESIAN_POINT('',(80.,1.22077164262228,29.6331249999999));
#4611=CARTESIAN_POINT('',(79.492062163513,0.879774139882147,29.8674999999999));
#4612=CARTESIAN_POINT('',(79.295187163513,1.22077164262228,29.6706249999999));
#4613=CARTESIAN_POINT('',(79.2380932452695,0.439887069941073,29.9049999999999));
#4614=CARTESIAN_POINT('',(78.9427807452694,0.610385821311139,29.7081249999999));
#4615=CARTESIAN_POINT('',(78.984124327026,0.,29.9424999999999));
#4616=CARTESIAN_POINT('',(78.5903743270259,0.,29.7456249999999));
#4617=CARTESIAN_POINT('',(79.2380932452695,-0.439887069941073,29.9799999999999));
#4618=CARTESIAN_POINT('',(78.9427807452694,-0.610385821311139,29.7831249999999));
#4619=CARTESIAN_POINT('',(79.492062163513,-0.879774139882146,30.0174999999999));
#4620=CARTESIAN_POINT('',(79.295187163513,-1.22077164262228,29.8206249999999));
#4621=CARTESIAN_POINT('',(80.,-0.879774139882146,30.0549999999999));
#4622=CARTESIAN_POINT('',(80.,-1.22077164262228,29.8581249999999));
#4623=CARTESIAN_POINT('',(80.507937836487,-0.879774139882147,30.0924999999999));
#4624=CARTESIAN_POINT('',(80.704812836487,-1.22077164262228,29.8956249999999));
#4625=CARTESIAN_POINT('',(80.7619067547305,-0.439887069941074,30.1299999999999));
#4626=CARTESIAN_POINT('',(81.0572192547306,-0.61038582131114,29.9331249999999));
#4627=CARTESIAN_POINT('',(81.0158756729741,0.,30.1674999999999));
#4628=CARTESIAN_POINT('',(81.4096256729741,0.,29.9706249999999));
#4629=CARTESIAN_POINT('',(80.7619067547305,0.439887069941073,30.2049999999999));
#4630=CARTESIAN_POINT('',(81.0572192547306,0.610385821311138,30.0081249999999));
#4631=CARTESIAN_POINT('',(80.507937836487,0.879774139882146,30.2424999999999));
#4632=CARTESIAN_POINT('',(80.704812836487,1.22077164262228,30.0456249999999));
#4633=CARTESIAN_POINT('',(80.,0.879774139882146,30.2799999999999));
#4634=CARTESIAN_POINT('',(80.,1.22077164262228,30.0831249999999));
#4635=CARTESIAN_POINT('',(79.492062163513,0.879774139882147,30.3174999999999));
#4636=CARTESIAN_POINT('',(79.295187163513,1.22077164262228,30.1206249999999));
#4637=CARTESIAN_POINT('',(79.2380932452695,0.439887069941073,30.3549999999999));
#4638=CARTESIAN_POINT('',(78.9427807452694,0.610385821311139,30.1581249999999));
#4639=CARTESIAN_POINT('',(78.984124327026,0.,30.3924999999999));
#4640=CARTESIAN_POINT('',(78.5903743270259,0.,30.1956249999999));
#4641=CARTESIAN_POINT('',(79.2380932452695,-0.439887069941073,30.4299999999999));
#4642=CARTESIAN_POINT('',(78.9427807452694,-0.610385821311139,30.2331249999999));
#4643=CARTESIAN_POINT('',(79.492062163513,-0.879774139882146,30.4674999999999));
#4644=CARTESIAN_POINT('',(79.295187163513,-1.22077164262228,30.2706249999999));
#4645=CARTESIAN_POINT('',(80.,-0.879774139882146,30.5049999999999));
#4646=CARTESIAN_POINT('',(80.,-1.22077164262228,30.3081249999999));
#4647=CARTESIAN_POINT('',(80.507937836487,-0.879774139882147,30.5424999999999));
#4648=CARTESIAN_POINT('',(80.704812836487,-1.22077164262228,30.3456249999999));
#4649=CARTESIAN_POINT('',(80.7619067547305,-0.439887069941074,30.5799999999999));
#4650=CARTESIAN_POINT('',(81.0572192547306,-0.61038582131114,30.3831249999999));
#4651=CARTESIAN_POINT('',(81.0158756729741,0.,30.6174999999999));
#4652=CARTESIAN_POINT('',(81.4096256729741,0.,30.4206249999999));
#4653=CARTESIAN_POINT('',(80.7619067547305,0.439887069941073,30.6549999999999));
#4654=CARTESIAN_POINT('',(81.0572192547306,0.610385821311138,30.4581249999999));
#4655=CARTESIAN_POINT('',(80.507937836487,0.879774139882146,30.6924999999999));
#4656=CARTESIAN_POINT('',(80.704812836487,1.22077164262228,30.4956249999999));
#4657=CARTESIAN_POINT('',(80.,0.879774139882146,30.7299999999999));
#4658=CARTESIAN_POINT('',(80.,1.22077164262228,30.5331249999999));
#4659=CARTESIAN_POINT('',(79.492062163513,0.879774139882147,30.7674999999999));
#4660=CARTESIAN_POINT('',(79.295187163513,1.22077164262228,30.5706249999999));
#4661=CARTESIAN_POINT('',(79.2380932452695,0.439887069941073,30.8049999999999));
#4662=CARTESIAN_POINT('',(78.9427807452694,0.610385821311139,30.6081249999999));
#4663=CARTESIAN_POINT('',(78.984124327026,0.,30.8424999999999));
#4664=CARTESIAN_POINT('',(78.5903743270259,0.,30.6456249999999));
#4665=CARTESIAN_POINT('',(79.2380932452695,-0.439887069941073,30.8799999999999));
#4666=CARTESIAN_POINT('',(78.9427807452694,-0.610385821311139,30.6831249999999));
#4667=CARTESIAN_POINT('',(79.492062163513,-0.879774139882146,30.9174999999999));
#4668=CARTESIAN_POINT('',(79.295187163513,-1.22077164262228,30.7206249999999));
#4669=CARTESIAN_POINT('',(80.,-0.879774139882146,30.9549999999999));
#4670=CARTESIAN_POINT('',(80.,-1.22077164262228,30.7581249999999));
#4671=CARTESIAN_POINT('',(80.507937836487,-0.879774139882147,30.9924999999999));
#4672=CARTESIAN_POINT('',(80.704812836487,-1.22077164262228,30.7956249999999));
#4673=CARTESIAN_POINT('',(80.7619067547305,-0.439887069941074,31.0299999999999));
#4674=CARTESIAN_POINT('',(81.0572192547306,-0.61038582131114,30.8331249999999));
#4675=CARTESIAN_POINT('',(81.0158756729741,0.,31.0674999999999));
#4676=CARTESIAN_POINT('',(81.4096256729741,0.,30.8706249999999));
#4677=CARTESIAN_POINT('',(80.7619067547305,0.439887069941073,31.1049999999999));
#4678=CARTESIAN_POINT('',(81.0572192547306,0.610385821311138,30.9081249999999));
#4679=CARTESIAN_POINT('',(80.507937836487,0.879774139882146,31.1424999999999));
#4680=CARTESIAN_POINT('',(80.704812836487,1.22077164262228,30.9456249999999));
#4681=CARTESIAN_POINT('',(80.,0.879774139882146,31.1799999999999));
#4682=CARTESIAN_POINT('',(80.,1.22077164262228,30.9831249999999));
#4683=CARTESIAN_POINT('',(79.492062163513,0.879774139882147,31.2174999999999));
#4684=CARTESIAN_POINT('',(79.295187163513,1.22077164262228,31.0206249999999));
#4685=CARTESIAN_POINT('',(79.2380932452695,0.439887069941073,31.2549999999999));
#4686=CARTESIAN_POINT('',(78.9427807452694,0.610385821311139,31.0581249999999));
#4687=CARTESIAN_POINT('',(78.984124327026,0.,31.2924999999999));
#4688=CARTESIAN_POINT('',(78.5903743270259,0.,31.0956249999999));
#4689=CARTESIAN_POINT('',(79.2380932452695,-0.439887069941073,31.3299999999999));
#4690=CARTESIAN_POINT('',(78.9427807452694,-0.610385821311139,31.1331249999999));
#4691=CARTESIAN_POINT('',(79.492062163513,-0.879774139882146,31.3674999999999));
#4692=CARTESIAN_POINT('',(79.295187163513,-1.22077164262228,31.1706249999999));
#4693=CARTESIAN_POINT('',(80.,-0.879774139882146,31.4049999999999));
#4694=CARTESIAN_POINT('',(80.,-1.22077164262228,31.2081249999999));
#4695=CARTESIAN_POINT('',(80.507937836487,-0.879774139882147,31.4424999999999));
#4696=CARTESIAN_POINT('',(80.704812836487,-1.22077164262228,31.2456249999999));
#4697=CARTESIAN_POINT('',(80.7619067547305,-0.439887069941074,31.4799999999999));
#4698=CARTESIAN_POINT('',(81.0572192547306,-0.61038582131114,31.2831249999999));
#4699=CARTESIAN_POINT('',(81.0158756729741,0.,31.5174999999999));
#4700=CARTESIAN_POINT('',(81.4096256729741,0.,31.3206249999999));
#4701=CARTESIAN_POINT('',(80.7619067547305,0.439887069941073,31.5549999999999));
#4702=CARTESIAN_POINT('',(81.0572192547306,0.610385821311138,31.3581249999999));
#4703=CARTESIAN_POINT('',(80.507937836487,0.879774139882146,31.5924999999999));
#4704=CARTESIAN_POINT('',(80.704812836487,1.22077164262228,31.3956249999999));
#4705=CARTESIAN_POINT('',(80.,0.879774139882146,31.6299999999999));
#4706=CARTESIAN_POINT('',(80.,1.22077164262228,31.4331249999999));
#4707=CARTESIAN_POINT('',(79.492062163513,0.879774139882147,31.6674999999999));
#4708=CARTESIAN_POINT('',(79.295187163513,1.22077164262228,31.4706249999999));
#4709=CARTESIAN_POINT('',(79.2380932452695,0.439887069941073,31.7049999999999));
#4710=CARTESIAN_POINT('',(78.9427807452694,0.610385821311139,31.5081249999999));
#4711=CARTESIAN_POINT('',(78.984124327026,0.,31.7424999999999));
#4712=CARTESIAN_POINT('',(78.5903743270259,0.,31.5456249999999));
#4713=CARTESIAN_POINT('',(79.2380932452695,-0.439887069941073,31.7799999999999));
#4714=CARTESIAN_POINT('',(78.9427807452694,-0.610385821311139,31.5831249999999));
#4715=CARTESIAN_POINT('',(79.492062163513,-0.879774139882146,31.8174999999999));
#4716=CARTESIAN_POINT('',(79.295187163513,-1.22077164262228,31.6206249999999));
#4717=CARTESIAN_POINT('',(80.,-0.879774139882146,31.8549999999999));
#4718=CARTESIAN_POINT('',(80.,-1.22077164262228,31.6581249999999));
#4719=CARTESIAN_POINT('',(80.507937836487,-0.879774139882147,31.8924999999999));
#4720=CARTESIAN_POINT('',(80.704812836487,-1.22077164262228,31.6956249999999));
#4721=CARTESIAN_POINT('',(80.7619067547305,-0.439887069941074,31.9299999999999));
#4722=CARTESIAN_POINT('',(81.0572192547306,-0.61038582131114,31.7331249999999));
#4723=CARTESIAN_POINT('',(81.0158756729741,0.,31.9674999999999));
#4724=CARTESIAN_POINT('',(81.4096256729741,0.,31.7706249999999));
#4725=CARTESIAN_POINT('',(80.7619067547305,0.439887069941073,32.0049999999999));
#4726=CARTESIAN_POINT('',(81.0572192547306,0.610385821311138,31.8081249999999));
#4727=CARTESIAN_POINT('',(80.507937836487,0.879774139882146,32.0424999999999));
#4728=CARTESIAN_POINT('',(80.704812836487,1.22077164262228,31.8456249999999));
#4729=CARTESIAN_POINT('',(80.,0.879774139882146,32.0799999999999));
#4730=CARTESIAN_POINT('',(80.,1.22077164262228,31.8831249999999));
#4731=CARTESIAN_POINT('',(79.492062163513,0.879774139882147,32.1174999999999));
#4732=CARTESIAN_POINT('',(79.295187163513,1.22077164262228,31.9206249999999));
#4733=CARTESIAN_POINT('',(79.2380932452695,0.439887069941073,32.1549999999999));
#4734=CARTESIAN_POINT('',(78.9427807452694,0.610385821311139,31.9581249999999));
#4735=CARTESIAN_POINT('',(78.984124327026,0.,32.1924999999999));
#4736=CARTESIAN_POINT('',(78.5903743270259,0.,31.9956249999999));
#4737=CARTESIAN_POINT('',(79.2380932452695,-0.439887069941073,32.2299999999999));
#4738=CARTESIAN_POINT('',(78.9427807452694,-0.610385821311139,32.0331249999999));
#4739=CARTESIAN_POINT('',(79.492062163513,-0.879774139882146,32.2674999999999));
#4740=CARTESIAN_POINT('',(79.295187163513,-1.22077164262228,32.0706249999999));
#4741=CARTESIAN_POINT('',(80.,-0.879774139882146,32.3049999999999));
#4742=CARTESIAN_POINT('',(80.,-1.22077164262228,32.1081249999999));
#4743=CARTESIAN_POINT('',(80.507937836487,-0.879774139882147,32.3424999999999));
#4744=CARTESIAN_POINT('',(80.704812836487,-1.22077164262228,32.1456249999999));
#4745=CARTESIAN_POINT('',(80.7619067547305,-0.439887069941074,32.3799999999999));
#4746=CARTESIAN_POINT('',(81.0572192547306,-0.61038582131114,32.1831249999999));
#4747=CARTESIAN_POINT('',(81.0158756729741,0.,32.4174999999999));
#4748=CARTESIAN_POINT('',(81.4096256729741,0.,32.2206249999999));
#4749=CARTESIAN_POINT('',(80.7619067547305,0.439887069941073,32.4549999999999));
#4750=CARTESIAN_POINT('',(81.0572192547306,0.610385821311138,32.2581249999999));
#4751=CARTESIAN_POINT('',(80.507937836487,0.879774139882146,32.4924999999999));
#4752=CARTESIAN_POINT('',(80.704812836487,1.22077164262228,32.2956249999999));
#4753=CARTESIAN_POINT('',(80.,0.879774139882146,32.5299999999999));
#4754=CARTESIAN_POINT('',(80.,1.22077164262228,32.3331249999999));
#4755=CARTESIAN_POINT('',(79.492062163513,0.879774139882147,32.5674999999999));
#4756=CARTESIAN_POINT('',(79.295187163513,1.22077164262228,32.3706249999999));
#4757=CARTESIAN_POINT('',(79.2380932452695,0.439887069941073,32.6049999999999));
#4758=CARTESIAN_POINT('',(78.9427807452694,0.610385821311139,32.4081249999999));
#4759=CARTESIAN_POINT('',(78.984124327026,0.,32.6424999999999));
#4760=CARTESIAN_POINT('',(78.5903743270259,0.,32.4456249999999));
#4761=CARTESIAN_POINT('',(79.2380932452695,-0.439887069941073,32.6799999999999));
#4762=CARTESIAN_POINT('',(78.9427807452694,-0.610385821311139,32.4831249999999));
#4763=CARTESIAN_POINT('',(79.492062163513,-0.879774139882146,32.7174999999999));
#4764=CARTESIAN_POINT('',(79.295187163513,-1.22077164262228,32.5206249999999));
#4765=CARTESIAN_POINT('',(80.,-0.879774139882146,32.7549999999999));
#4766=CARTESIAN_POINT('',(80.,-1.22077164262228,32.5581249999999));
#4767=CARTESIAN_POINT('',(80.507937836487,-0.879774139882147,32.7924999999999));
#4768=CARTESIAN_POINT('',(80.704812836487,-1.22077164262228,32.5956249999999));
#4769=CARTESIAN_POINT('',(80.7619067547305,-0.439887069941074,32.8299999999999));
#4770=CARTESIAN_POINT('',(81.0572192547306,-0.61038582131114,32.6331249999999));
#4771=CARTESIAN_POINT('',(81.0158756729741,0.,32.8674999999999));
#4772=CARTESIAN_POINT('',(81.4096256729741,0.,32.6706249999999));
#4773=CARTESIAN_POINT('',(80.7619067547305,0.439887069941073,32.9049999999999));
#4774=CARTESIAN_POINT('',(81.0572192547306,0.610385821311138,32.7081249999999));
#4775=CARTESIAN_POINT('',(80.507937836487,0.879774139882146,32.9424999999999));
#4776=CARTESIAN_POINT('',(80.704812836487,1.22077164262228,32.7456249999999));
#4777=CARTESIAN_POINT('',(80.,0.879774139882146,32.9799999999999));
#4778=CARTESIAN_POINT('',(80.,1.22077164262228,32.7831249999999));
#4779=CARTESIAN_POINT('',(79.492062163513,0.879774139882147,33.0174999999999));
#4780=CARTESIAN_POINT('',(79.295187163513,1.22077164262228,32.8206249999999));
#4781=CARTESIAN_POINT('',(79.2380932452695,0.439887069941073,33.0549999999999));
#4782=CARTESIAN_POINT('',(78.9427807452694,0.610385821311139,32.8581249999999));
#4783=CARTESIAN_POINT('',(78.984124327026,0.,33.0924999999999));
#4784=CARTESIAN_POINT('',(78.5903743270259,0.,32.8956249999999));
#4785=CARTESIAN_POINT('',(79.2380932452695,-0.439887069941073,33.1299999999999));
#4786=CARTESIAN_POINT('',(78.9427807452694,-0.610385821311139,32.9331249999999));
#4787=CARTESIAN_POINT('',(79.492062163513,-0.879774139882146,33.1674999999999));
#4788=CARTESIAN_POINT('',(79.295187163513,-1.22077164262228,32.9706249999999));
#4789=CARTESIAN_POINT('',(80.,-0.879774139882146,33.2049999999999));
#4790=CARTESIAN_POINT('',(80.,-1.22077164262228,33.0081249999999));
#4791=CARTESIAN_POINT('',(80.507937836487,-0.879774139882147,33.2424999999999));
#4792=CARTESIAN_POINT('',(80.704812836487,-1.22077164262228,33.0456249999999));
#4793=CARTESIAN_POINT('',(80.7619067547305,-0.439887069941074,33.2799999999999));
#4794=CARTESIAN_POINT('',(81.0572192547306,-0.61038582131114,33.0831249999999));
#4795=CARTESIAN_POINT('',(81.0158756729741,0.,33.3174999999999));
#4796=CARTESIAN_POINT('',(81.4096256729741,0.,33.1206249999999));
#4797=CARTESIAN_POINT('',(80.7619067547305,0.439887069941073,33.3549999999999));
#4798=CARTESIAN_POINT('',(81.0572192547306,0.610385821311138,33.1581249999999));
#4799=CARTESIAN_POINT('',(80.507937836487,0.879774139882146,33.3924999999999));
#4800=CARTESIAN_POINT('',(80.704812836487,1.22077164262228,33.1956249999999));
#4801=CARTESIAN_POINT('',(80.,0.879774139882146,33.4299999999999));
#4802=CARTESIAN_POINT('',(80.,1.22077164262228,33.2331249999999));
#4803=CARTESIAN_POINT('',(79.492062163513,0.879774139882147,33.4674999999999));
#4804=CARTESIAN_POINT('',(79.295187163513,1.22077164262228,33.2706249999999));
#4805=CARTESIAN_POINT('',(79.2380932452695,0.439887069941073,33.5049999999999));
#4806=CARTESIAN_POINT('',(78.9427807452694,0.610385821311139,33.3081249999999));
#4807=CARTESIAN_POINT('',(78.984124327026,0.,33.5424999999999));
#4808=CARTESIAN_POINT('',(78.5903743270259,0.,33.3456249999999));
#4809=CARTESIAN_POINT('',(79.2380932452695,-0.439887069941073,33.5799999999999));
#4810=CARTESIAN_POINT('',(78.9427807452694,-0.610385821311139,33.3831249999999));
#4811=CARTESIAN_POINT('',(79.492062163513,-0.879774139882146,33.6174999999999));
#4812=CARTESIAN_POINT('',(79.295187163513,-1.22077164262228,33.4206249999999));
#4813=CARTESIAN_POINT('',(80.,-0.879774139882146,33.6549999999999));
#4814=CARTESIAN_POINT('',(80.,-1.22077164262228,33.4581249999999));
#4815=CARTESIAN_POINT('',(80.507937836487,-0.879774139882147,33.6924999999999));
#4816=CARTESIAN_POINT('',(80.704812836487,-1.22077164262228,33.4956249999999));
#4817=CARTESIAN_POINT('',(80.7619067547305,-0.439887069941074,33.7299999999999));
#4818=CARTESIAN_POINT('',(81.0572192547306,-0.61038582131114,33.5331249999999));
#4819=CARTESIAN_POINT('',(81.0158756729741,0.,33.7674999999999));
#4820=CARTESIAN_POINT('',(81.4096256729741,0.,33.5706249999999));
#4821=CARTESIAN_POINT('',(80.7619067547305,0.439887069941073,33.8049999999999));
#4822=CARTESIAN_POINT('',(81.0572192547306,0.610385821311138,33.6081249999999));
#4823=CARTESIAN_POINT('',(80.507937836487,0.879774139882146,33.8424999999999));
#4824=CARTESIAN_POINT('',(80.704812836487,1.22077164262228,33.6456249999999));
#4825=CARTESIAN_POINT('',(80.,0.879774139882146,33.8799999999999));
#4826=CARTESIAN_POINT('',(80.,1.22077164262228,33.6831249999999));
#4827=CARTESIAN_POINT('',(79.492062163513,0.879774139882147,33.9174999999999));
#4828=CARTESIAN_POINT('',(79.295187163513,1.22077164262228,33.7206249999999));
#4829=CARTESIAN_POINT('',(79.2380932452695,0.439887069941073,33.9549999999999));
#4830=CARTESIAN_POINT('',(78.9427807452694,0.610385821311139,33.7581249999999));
#4831=CARTESIAN_POINT('',(78.984124327026,0.,33.9924999999999));
#4832=CARTESIAN_POINT('',(78.5903743270259,0.,33.7956249999999));
#4833=CARTESIAN_POINT('',(79.2380932452695,-0.439887069941073,34.0299999999999));
#4834=CARTESIAN_POINT('',(78.9427807452694,-0.610385821311139,33.8331249999999));
#4835=CARTESIAN_POINT('',(79.492062163513,-0.879774139882146,34.0674999999999));
#4836=CARTESIAN_POINT('',(79.295187163513,-1.22077164262228,33.8706249999999));
#4837=CARTESIAN_POINT('',(80.,-0.879774139882146,34.1049999999999));
#4838=CARTESIAN_POINT('',(80.,-1.22077164262228,33.9081249999999));
#4839=CARTESIAN_POINT('',(80.507937836487,-0.879774139882147,34.1424999999999));
#4840=CARTESIAN_POINT('',(80.704812836487,-1.22077164262228,33.9456249999999));
#4841=CARTESIAN_POINT('',(80.7619067547305,-0.439887069941074,34.1799999999999));
#4842=CARTESIAN_POINT('',(81.0572192547306,-0.61038582131114,33.9831249999999));
#4843=CARTESIAN_POINT('',(81.0158756729741,0.,34.2174999999999));
#4844=CARTESIAN_POINT('',(81.4096256729741,0.,34.0206249999999));
#4845=CARTESIAN_POINT('',(80.7619067547305,0.439887069941073,34.2549999999999));
#4846=CARTESIAN_POINT('',(81.0572192547306,0.610385821311138,34.0581249999999));
#4847=CARTESIAN_POINT('',(80.507937836487,0.879774139882146,34.2924999999999));
#4848=CARTESIAN_POINT('',(80.704812836487,1.22077164262228,34.0956249999999));
#4849=CARTESIAN_POINT('',(80.,0.879774139882146,34.3299999999999));
#4850=CARTESIAN_POINT('',(80.,1.22077164262228,34.1331249999999));
#4851=CARTESIAN_POINT('',(79.492062163513,0.879774139882147,34.3674999999999));
#4852=CARTESIAN_POINT('',(79.295187163513,1.22077164262228,34.1706249999999));
#4853=CARTESIAN_POINT('',(79.2380932452695,0.439887069941073,34.4049999999999));
#4854=CARTESIAN_POINT('',(78.9427807452694,0.610385821311139,34.2081249999999));
#4855=CARTESIAN_POINT('',(78.984124327026,0.,34.4424999999999));
#4856=CARTESIAN_POINT('',(78.5903743270259,0.,34.2456249999999));
#4857=CARTESIAN_POINT('',(79.2380932452695,-0.439887069941073,34.4799999999999));
#4858=CARTESIAN_POINT('',(78.9427807452694,-0.610385821311139,34.2831249999999));
#4859=CARTESIAN_POINT('',(79.492062163513,-0.879774139882146,34.5174999999999));
#4860=CARTESIAN_POINT('',(79.295187163513,-1.22077164262228,34.3206249999999));
#4861=CARTESIAN_POINT('',(80.,-0.879774139882146,34.5549999999999));
#4862=CARTESIAN_POINT('',(80.,-1.22077164262228,34.3581249999999));
#4863=CARTESIAN_POINT('',(80.507937836487,-0.879774139882147,34.5924999999999));
#4864=CARTESIAN_POINT('',(80.704812836487,-1.22077164262228,34.3956249999999));
#4865=CARTESIAN_POINT('',(80.7619067547305,-0.439887069941074,34.6299999999999));
#4866=CARTESIAN_POINT('',(81.0572192547306,-0.61038582131114,34.4331249999999));
#4867=CARTESIAN_POINT('',(81.0158756729741,0.,34.6674999999999));
#4868=CARTESIAN_POINT('',(81.4096256729741,0.,34.4706249999999));
#4869=CARTESIAN_POINT('',(80.7619067547305,0.439887069941073,34.7049999999999));
#4870=CARTESIAN_POINT('',(81.0572192547306,0.610385821311138,34.5081249999999));
#4871=CARTESIAN_POINT('',(80.507937836487,0.879774139882146,34.7424999999999));
#4872=CARTESIAN_POINT('',(80.704812836487,1.22077164262228,34.5456249999999));
#4873=CARTESIAN_POINT('',(80.,0.879774139882146,34.7799999999999));
#4874=CARTESIAN_POINT('',(80.,1.22077164262228,34.5831249999999));
#4875=CARTESIAN_POINT('',(79.492062163513,0.879774139882147,34.8174999999999));
#4876=CARTESIAN_POINT('',(79.295187163513,1.22077164262228,34.6206249999999));
#4877=CARTESIAN_POINT('',(79.2380932452695,0.439887069941073,34.8549999999999));
#4878=CARTESIAN_POINT('',(78.9427807452694,0.610385821311139,34.6581249999999));
#4879=CARTESIAN_POINT('',(78.984124327026,0.,34.8924999999999));
#4880=CARTESIAN_POINT('',(78.5903743270259,0.,34.6956249999999));
#4881=CARTESIAN_POINT('',(79.2380932452695,-0.439887069941073,34.9299999999999));
#4882=CARTESIAN_POINT('',(78.9427807452694,-0.610385821311139,34.7331249999999));
#4883=CARTESIAN_POINT('',(79.492062163513,-0.879774139882146,34.9674999999999));
#4884=CARTESIAN_POINT('',(79.295187163513,-1.22077164262228,34.7706249999999));
#4885=CARTESIAN_POINT('',(80.,-0.879774139882146,35.0049999999999));
#4886=CARTESIAN_POINT('',(80.,-1.22077164262228,34.8081249999999));
#4887=CARTESIAN_POINT('',(80.507937836487,-0.879774139882147,35.0424999999999));
#4888=CARTESIAN_POINT('',(80.704812836487,-1.22077164262228,34.8456249999999));
#4889=CARTESIAN_POINT('',(80.7619067547305,-0.439887069941074,35.0799999999999));
#4890=CARTESIAN_POINT('',(81.0572192547306,-0.61038582131114,34.8831249999999));
#4891=CARTESIAN_POINT('',(81.0158756729741,0.,35.1174999999999));
#4892=CARTESIAN_POINT('',(81.4096256729741,0.,34.9206249999999));
#4893=CARTESIAN_POINT('',(80.7619067547305,0.439887069941073,35.1549999999999));
#4894=CARTESIAN_POINT('',(81.0572192547306,0.610385821311138,34.9581249999999));
#4895=CARTESIAN_POINT('',(80.507937836487,0.879774139882146,35.1924999999999));
#4896=CARTESIAN_POINT('',(80.704812836487,1.22077164262228,34.9956249999999));
#4897=CARTESIAN_POINT('',(80.,0.879774139882146,35.2299999999999));
#4898=CARTESIAN_POINT('',(80.,1.22077164262228,35.0331249999999));
#4899=CARTESIAN_POINT('',(79.492062163513,0.879774139882147,35.2674999999999));
#4900=CARTESIAN_POINT('',(79.295187163513,1.22077164262228,35.0706249999999));
#4901=CARTESIAN_POINT('',(79.2380932452695,0.439887069941073,35.3049999999999));
#4902=CARTESIAN_POINT('',(78.9427807452694,0.610385821311139,35.1081249999999));
#4903=CARTESIAN_POINT('',(78.984124327026,0.,35.3424999999999));
#4904=CARTESIAN_POINT('',(78.5903743270259,0.,35.1456249999999));
#4905=CARTESIAN_POINT('',(79.2380932452695,-0.439887069941073,35.3799999999999));
#4906=CARTESIAN_POINT('',(78.9427807452694,-0.610385821311139,35.1831249999999));
#4907=CARTESIAN_POINT('',(79.492062163513,-0.879774139882146,35.4174999999999));
#4908=CARTESIAN_POINT('',(79.295187163513,-1.22077164262228,35.2206249999999));
#4909=CARTESIAN_POINT('',(80.,-0.879774139882146,35.4549999999999));
#4910=CARTESIAN_POINT('',(80.,-1.22077164262228,35.2581249999999));
#4911=CARTESIAN_POINT('',(80.507937836487,-0.879774139882147,35.4924999999999));
#4912=CARTESIAN_POINT('',(80.704812836487,-1.22077164262228,35.2956249999999));
#4913=CARTESIAN_POINT('',(80.7619067547305,-0.439887069941074,35.5299999999999));
#4914=CARTESIAN_POINT('',(81.0572192547306,-0.61038582131114,35.3331249999999));
#4915=CARTESIAN_POINT('',(81.0158756729741,0.,35.5674999999999));
#4916=CARTESIAN_POINT('',(81.4096256729741,0.,35.3706249999999));
#4917=CARTESIAN_POINT('',(80.7619067547305,0.439887069941073,35.6049999999999));
#4918=CARTESIAN_POINT('',(81.0572192547306,0.610385821311138,35.4081249999999));
#4919=CARTESIAN_POINT('',(80.507937836487,0.879774139882146,35.6424999999999));
#4920=CARTESIAN_POINT('',(80.704812836487,1.22077164262228,35.4456249999999));
#4921=CARTESIAN_POINT('',(80.,0.879774139882146,35.6799999999999));
#4922=CARTESIAN_POINT('',(80.,1.22077164262228,35.4831249999999));
#4923=CARTESIAN_POINT('',(79.492062163513,0.879774139882147,35.7174999999999));
#4924=CARTESIAN_POINT('',(79.295187163513,1.22077164262228,35.5206249999999));
#4925=CARTESIAN_POINT('',(79.2380932452695,0.439887069941073,35.7549999999999));
#4926=CARTESIAN_POINT('',(78.9427807452694,0.610385821311139,35.5581249999999));
#4927=CARTESIAN_POINT('',(78.984124327026,0.,35.7924999999999));
#4928=CARTESIAN_POINT('',(78.5903743270259,0.,35.5956249999999));
#4929=CARTESIAN_POINT('',(79.2380932452695,-0.439887069941073,35.8299999999999));
#4930=CARTESIAN_POINT('',(78.9427807452694,-0.610385821311139,35.6331249999999));
#4931=CARTESIAN_POINT('',(79.492062163513,-0.879774139882146,35.8674999999999));
#4932=CARTESIAN_POINT('',(79.295187163513,-1.22077164262228,35.6706249999999));
#4933=CARTESIAN_POINT('',(80.,-0.879774139882146,35.9049999999999));
#4934=CARTESIAN_POINT('',(80.,-1.22077164262228,35.7081249999999));
#4935=CARTESIAN_POINT('',(80.507937836487,-0.879774139882147,35.9424999999999));
#4936=CARTESIAN_POINT('',(80.704812836487,-1.22077164262228,35.7456249999999));
#4937=CARTESIAN_POINT('',(80.7619067547305,-0.439887069941074,35.9799999999999));
#4938=CARTESIAN_POINT('',(81.0572192547306,-0.61038582131114,35.7831249999999));
#4939=CARTESIAN_POINT('',(81.0158756729741,0.,36.0174999999999));
#4940=CARTESIAN_POINT('',(81.4096256729741,0.,35.8206249999999));
#4941=CARTESIAN_POINT('',(80.7619067547305,0.439887069941073,36.0549999999999));
#4942=CARTESIAN_POINT('',(81.0572192547306,0.610385821311138,35.8581249999999));
#4943=CARTESIAN_POINT('',(80.507937836487,0.879774139882146,36.0924999999999));
#4944=CARTESIAN_POINT('',(80.704812836487,1.22077164262228,35.8956249999999));
#4945=CARTESIAN_POINT('',(80.,0.879774139882147,36.1299999999999));
#4946=CARTESIAN_POINT('',(80.,1.22077164262228,35.9331249999999));
#4947=CARTESIAN_POINT('',(77.45,-1.15196517285189E-9,1.8));
#4948=CARTESIAN_POINT('',(77.6499999998593,3.38893368540081E-16,2.));
#4949=CARTESIAN_POINT('',(78.25,0.,-1.40741641725095E-17));
#4950=CARTESIAN_POINT('',(77.6499999998593,-2.13668114301235E-16,1.40812789235927E-16));
#4951=CARTESIAN_POINT('',(78.25,-7.86995195103301E-10,-1.2));
#4952=CARTESIAN_POINT('',(77.45,-1.14676442715052E-9,0.2));
#4953=CARTESIAN_POINT('',(78.4499999999072,-5.39844970314833E-17,-1.4));
#4954=CARTESIAN_POINT('',(81.3,-3.39900059741163E-16,2.));
#4955=CARTESIAN_POINT('',(81.0784412841843,1.26372326999059E-14,-1.161549470758));
#4956=CARTESIAN_POINT('',(78.7851718506375,0.,-1.30780647743345));
#4957=CARTESIAN_POINT('',(79.0579455809939,0.,-1.01529246408256));
#4958=CARTESIAN_POINT('',(78.7990358894303,1.26168969231474E-13,-1.29293911603747));
#4959=CARTESIAN_POINT('',(78.7897057470882,0.159597070146459,-1.31418009363345));
#4960=CARTESIAN_POINT('',(79.1202258601178,0.,-0.657499999999996));
#4961=CARTESIAN_POINT('',(80.8797741398822,0.,-0.432499999999991));
#4962=CARTESIAN_POINT('',(79.1202258601178,0.,-0.601250000000001));
#4963=CARTESIAN_POINT('',(80.8797741398822,0.,-0.37625));
#4964=CARTESIAN_POINT('',(79.1202258601178,0.,-0.207499999999997));
#4965=CARTESIAN_POINT('',(80.8797741398822,0.,0.0175000000000116));
#4966=CARTESIAN_POINT('',(79.1202258601178,0.,-0.151249999999998));
#4967=CARTESIAN_POINT('',(80.8797741398822,0.,0.0737500000000031));
#4968=CARTESIAN_POINT('',(79.1202258601178,0.,0.242499999999999));
#4969=CARTESIAN_POINT('',(80.8797741398822,0.,0.4675));
#4970=CARTESIAN_POINT('',(79.1202258601178,0.,0.298750000000001));
#4971=CARTESIAN_POINT('',(80.8797741398822,0.,0.523749999999999));
#4972=CARTESIAN_POINT('',(79.1202258601178,0.,0.692500000000002));
#4973=CARTESIAN_POINT('',(80.8797741398822,0.,0.917500000000003));
#4974=CARTESIAN_POINT('',(79.1202258601178,0.,0.74875));
#4975=CARTESIAN_POINT('',(80.8797741398822,0.,0.973749999999998));
#4976=CARTESIAN_POINT('',(79.1202258601178,0.,1.1425));
#4977=CARTESIAN_POINT('',(80.8797741398822,0.,1.3675));
#4978=CARTESIAN_POINT('',(79.1202258601178,0.,1.19875));
#4979=CARTESIAN_POINT('',(80.8797741398822,0.,1.42375));
#4980=CARTESIAN_POINT('',(79.1202258601178,0.,1.5925));
#4981=CARTESIAN_POINT('',(79.1202258601178,0.,1.64875));
#4982=CARTESIAN_POINT('',(80.8797741398822,0.,-0.882499999999994));
#4983=CARTESIAN_POINT('',(80.8797741398822,0.,-0.826249999999995));
#4984=CARTESIAN_POINT('',(79.8731734526198,-0.870584610526166,-0.94850504149839));
#4985=CARTESIAN_POINT('',(80.5280895666417,-0.703650443622104,-0.948505041499488));
#4986=CARTESIAN_POINT('',(78.6992,0.,-1.4));
#4987=CARTESIAN_POINT('',(81.3008,0.,-1.4));
#4988=CARTESIAN_POINT('',(79.3916824574765,-1.05841068158295,1.92077164262227));
#4989=CARTESIAN_POINT('',(79.0297651108384,0.242165769367712,1.7));
#4990=CARTESIAN_POINT('',(81.0304862960604,-5.90885477236661E-15,1.73048629606036));
#4991=CARTESIAN_POINT('',(80.7774590024275,-0.628933620936668,1.7));
#4992=CARTESIAN_POINT('',(79.3414804165911,-0.58339908765126,1.7));
#4993=CARTESIAN_POINT('',(79.9337185322791,-0.877273790923991,1.7));
#4994=CARTESIAN_POINT('',(77.45,-1.15196517285189E-9,1.8));
#4995=CARTESIAN_POINT('',(77.6499999998593,3.38893368540081E-16,2.));
#4996=CARTESIAN_POINT('',(77.6499999998593,1.31683130111943E-16,2.));
#4997=CARTESIAN_POINT('',(77.6499999998593,-2.3500000001407,2.));
#4998=CARTESIAN_POINT('',(80.,-2.3500000001407,2.));
#4999=CARTESIAN_POINT('',(82.3500000001407,-2.3500000001407,2.));
#5000=CARTESIAN_POINT('',(82.3500000001407,-4.19475127928801E-16,2.));
#5001=CARTESIAN_POINT('',(82.3500000001407,2.3500000001407,2.));
#5002=CARTESIAN_POINT('',(80.,2.3500000001407,2.));
#5003=CARTESIAN_POINT('',(77.6499999998593,2.3500000001407,2.));
#5004=CARTESIAN_POINT('',(77.6499999998593,1.31683130111943E-16,2.));
#5005=CARTESIAN_POINT('',(78.25,0.,-1.40741641725095E-17));
#5006=CARTESIAN_POINT('',(78.25,-1.75,0.));
#5007=CARTESIAN_POINT('',(80.,-1.75,-4.33680868994202E-16));
#5008=CARTESIAN_POINT('',(81.75,-1.75,0.));
#5009=CARTESIAN_POINT('',(81.75,2.14313189850787E-16,-8.53287573815894E-16));
#5010=CARTESIAN_POINT('',(81.75,1.75,0.));
#5011=CARTESIAN_POINT('',(80.,1.75,-4.33680868994202E-16));
#5012=CARTESIAN_POINT('',(78.25,1.75,0.));
#5013=CARTESIAN_POINT('',(78.25,0.,-1.40741641725095E-17));
#5014=CARTESIAN_POINT('',(78.25,0.,-1.2));
#5015=CARTESIAN_POINT('',(78.25,1.75,-1.2));
#5016=CARTESIAN_POINT('',(80.,1.75,-1.2));
#5017=CARTESIAN_POINT('',(81.75,1.75,-1.2));
#5018=CARTESIAN_POINT('',(81.75,-2.14313189850787E-16,-1.2));
#5019=CARTESIAN_POINT('',(81.75,-1.75,-1.2));
#5020=CARTESIAN_POINT('',(80.,-1.75,-1.2));
#5021=CARTESIAN_POINT('',(78.25,-1.75,-1.2));
#5022=CARTESIAN_POINT('',(78.25,0.,-1.2));
#5023=CARTESIAN_POINT('',(78.25,-7.86995195103301E-10,-1.2));
#5024=CARTESIAN_POINT('',(78.25,0.,-1.40741641725095E-17));
#5025=CARTESIAN_POINT('',(77.45,0.,0.2));
#5026=CARTESIAN_POINT('',(77.45,2.55,0.2));
#5027=CARTESIAN_POINT('',(80.,2.55,0.2));
#5028=CARTESIAN_POINT('',(82.55,2.55,0.2));
#5029=CARTESIAN_POINT('',(82.55,-3.12284933782575E-16,0.2));
#5030=CARTESIAN_POINT('',(82.55,-2.55,0.2));
#5031=CARTESIAN_POINT('',(80.,-2.55,0.2));
#5032=CARTESIAN_POINT('',(77.45,-2.55,0.2));
#5033=CARTESIAN_POINT('',(77.45,0.,0.2));
#5034=CARTESIAN_POINT('',(77.45,-1.14676442715052E-9,0.2));
#5035=CARTESIAN_POINT('',(77.6499999998593,-2.13668114301235E-16,1.40812789235927E-16));
#5036=CARTESIAN_POINT('',(77.6499999998593,1.31682283078995E-16,1.43865155972601E-16));
#5037=CARTESIAN_POINT('',(77.6499999998593,2.3500000001407,0.));
#5038=CARTESIAN_POINT('',(80.,2.3500000001407,-1.38777878078145E-16));
#5039=CARTESIAN_POINT('',(82.3500000001407,2.3500000001407,0.));
#5040=CARTESIAN_POINT('',(82.3500000001407,1.56109714737863E-16,-4.2142091212889E-16));
#5041=CARTESIAN_POINT('',(82.3500000001407,-2.3500000001407,0.));
#5042=CARTESIAN_POINT('',(80.,-2.3500000001407,-1.38777878078145E-16));
#5043=CARTESIAN_POINT('',(77.6499999998593,-2.3500000001407,0.));
#5044=CARTESIAN_POINT('',(77.6499999998593,1.31682283078995E-16,1.43865155972601E-16));
#5045=CARTESIAN_POINT('',(78.25,-7.86995195103301E-10,-1.2));
#5046=CARTESIAN_POINT('',(78.4499999999072,-5.39844970314833E-17,-1.4));
#5047=CARTESIAN_POINT('',(78.4499999999072,8.26860857615439E-17,-1.4));
#5048=CARTESIAN_POINT('',(78.4499999999072,1.5500000000928,-1.4));
#5049=CARTESIAN_POINT('',(80.,1.5500000000928,-1.4));
#5050=CARTESIAN_POINT('',(81.5500000000928,1.5500000000928,-1.4));
#5051=CARTESIAN_POINT('',(81.5500000000928,1.07134168117661E-16,-1.4));
#5052=CARTESIAN_POINT('',(81.5500000000928,-1.5500000000928,-1.4));
#5053=CARTESIAN_POINT('',(80.,-1.5500000000928,-1.4));
#5054=CARTESIAN_POINT('',(78.4499999999072,-1.5500000000928,-1.4));
#5055=CARTESIAN_POINT('',(78.4499999999072,8.26860857615439E-17,-1.4));
#5056=CARTESIAN_POINT('',(77.45,-1.14676442715052E-9,0.2));
#5057=CARTESIAN_POINT('',(77.45,-1.15196517285189E-9,1.8));
#5058=CARTESIAN_POINT('',(77.45,-1.14871470678854E-9,1.8));
#5059=CARTESIAN_POINT('',(77.4500000011487,-2.55000000086153,1.8));
#5060=CARTESIAN_POINT('',(80.0000000008615,-2.55,1.8));
#5061=CARTESIAN_POINT('',(82.5500000005744,-2.54999999913846,1.8));
#5062=CARTESIAN_POINT('',(82.55,5.74357365893169E-10,1.8));
#5063=CARTESIAN_POINT('',(82.5499999994256,2.55000000028718,1.8));
#5064=CARTESIAN_POINT('',(79.9999999997128,2.55,1.8));
#5065=CARTESIAN_POINT('',(77.45,2.54999999971282,1.8));
#5066=CARTESIAN_POINT('',(77.45,-1.14871470678854E-9,1.8));
#5067=CARTESIAN_POINT('',(81.3,-3.67394039744206E-16,2.));
#5068=CARTESIAN_POINT('',(81.3,-1.3,2.));
#5069=CARTESIAN_POINT('',(80.,-1.3,2.));
#5070=CARTESIAN_POINT('',(78.7,-1.3,2.));
#5071=CARTESIAN_POINT('',(78.7,-2.0818995585505E-16,2.));
#5072=CARTESIAN_POINT('',(78.7,1.3,2.));
#5073=CARTESIAN_POINT('',(80.,1.3,2.));
#5074=CARTESIAN_POINT('',(81.3,1.3,2.));
#5075=CARTESIAN_POINT('',(81.3,-3.67394039744206E-16,2.));
#5076=CARTESIAN_POINT('',(81.3008,0.,-1.4));
#5077=CARTESIAN_POINT('',(81.0784412841843,1.26372326999059E-14,-1.161549470758));
#5078=CARTESIAN_POINT('',(78.6992,0.,-1.4));
#5079=CARTESIAN_POINT('',(78.6992,-1.3008,-1.4));
#5080=CARTESIAN_POINT('',(80.,-1.3008,-1.4));
#5081=CARTESIAN_POINT('',(81.3008,-1.3008,-1.4));
#5082=CARTESIAN_POINT('',(81.3008,0.,-1.4));
#5083=CARTESIAN_POINT('',(78.7851718506375,0.,-1.30780647743345));
#5084=CARTESIAN_POINT('',(78.6992,0.,-1.4));
#5085=CARTESIAN_POINT('',(81.0784412841843,1.26372326999059E-14,-1.161549470758));
#5086=CARTESIAN_POINT('',(81.084757732124,-0.14983667713077,-1.16832303188699));
#5087=CARTESIAN_POINT('',(81.059639192747,-0.300553062711141,-1.17501241980482));
#5088=CARTESIAN_POINT('',(80.9483595963915,-0.582212112849363,-1.18732732450878));
#5089=CARTESIAN_POINT('',(80.8639282973865,-0.709478751032403,-1.19302137564625));
#5090=CARTESIAN_POINT('',(80.6520862227024,-0.922565192030355,-1.20583225861187));
#5091=CARTESIAN_POINT('',(80.5241792989772,-1.00763092129256,-1.21249406922462));
#5092=CARTESIAN_POINT('',(80.2472610314152,-1.1205794410071,-1.22516719105045));
#5093=CARTESIAN_POINT('',(80.0958460208166,-1.1489879005526,-1.23104177760384));
#5094=CARTESIAN_POINT('',(79.7966629539625,-1.14549974705961,-1.24231912173659));
#5095=CARTESIAN_POINT('',(79.6463913999383,-1.11444971736257,-1.24853286065831));
#5096=CARTESIAN_POINT('',(79.369693902653,-0.99845172131246,-1.26102643990377));
#5097=CARTESIAN_POINT('',(79.2429926716207,-0.913856552061412,-1.26731030973467));
#5098=CARTESIAN_POINT('',(78.9221182351259,-0.594911600346745,-1.28514051052001));
#5099=CARTESIAN_POINT('',(78.796457080999,-0.301560172175656,-1.29570454950834));
#5100=CARTESIAN_POINT('',(78.7851718506375,0.,-1.30780647743345));
#5101=CARTESIAN_POINT('',(79.0579455809939,0.,-1.01529246408256));
#5102=CARTESIAN_POINT('',(79.0515766723777,0.131974406001898,-1.02212228239955));
#5103=CARTESIAN_POINT('',(79.0736454060191,0.266000309445713,-1.02891163080258));
#5104=CARTESIAN_POINT('',(79.1697848070872,0.511394899049858,-1.04113366410692));
#5105=CARTESIAN_POINT('',(79.2443213972486,0.624767339889927,-1.04692026835714));
#5106=CARTESIAN_POINT('',(79.4306144115352,0.812798412589062,-1.05978633805342));
#5107=CARTESIAN_POINT('',(79.5421222154969,0.887493982707215,-1.06640924736271));
#5108=CARTESIAN_POINT('',(79.7890766732566,0.988250767891223,-1.07924195691685));
#5109=CARTESIAN_POINT('',(79.9208903990849,1.01266395082854,-1.08499856714743));
#5110=CARTESIAN_POINT('',(80.1862897393413,1.0092249882327,-1.09638168289367));
#5111=CARTESIAN_POINT('',(80.3185102037804,0.981529479502805,-1.10259445072554));
#5112=CARTESIAN_POINT('',(80.5617385159913,0.879309137476162,-1.11503750535614));
#5113=CARTESIAN_POINT('',(80.6743925769051,0.803817035305994,-1.12135786030038));
#5114=CARTESIAN_POINT('',(80.8612634068454,0.618075811462363,-1.13307390404687));
#5115=CARTESIAN_POINT('',(80.9371993651542,0.505652508292734,-1.1382488626536));
#5116=CARTESIAN_POINT('',(81.0425229501254,0.263669735804442,-1.14953259683602));
#5117=CARTESIAN_POINT('',(81.0728773562106,0.131985648792973,-1.15558288849412));
#5118=CARTESIAN_POINT('',(81.0784412841843,1.26372326999059E-14,-1.161549470758));
#5119=CARTESIAN_POINT('',(78.7990358894303,1.26168969231474E-13,-1.29293911603747));
#5120=CARTESIAN_POINT('',(79.0579455809939,0.,-1.01529246408256));
#5121=CARTESIAN_POINT('',(78.7897057470882,0.159597070146459,-1.31418009363345));
#5122=CARTESIAN_POINT('',(78.7892388239866,0.105810557743716,-1.30713587353158));
#5123=CARTESIAN_POINT('',(78.7923976353621,0.0526191725045675,-1.30005777198934));
#5124=CARTESIAN_POINT('',(78.7990358894303,1.26168969231474E-13,-1.29293911603747));
#5125=CARTESIAN_POINT('',(78.7851718506375,0.,-1.30780647743345));
#5126=CARTESIAN_POINT('',(78.7831810584547,0.0531972865581263,-1.30994134067846));
#5127=CARTESIAN_POINT('',(78.784679055747,0.106396308918504,-1.31206577932569));
#5128=CARTESIAN_POINT('',(78.7897057470882,0.159597070146459,-1.31418009363345));
#5129=CARTESIAN_POINT('',(81.3008,0.,-1.4));
#5130=CARTESIAN_POINT('',(81.3008,1.3008,-1.4));
#5131=CARTESIAN_POINT('',(80.,1.3008,-1.4));
#5132=CARTESIAN_POINT('',(78.6992,1.3008,-1.4));
#5133=CARTESIAN_POINT('',(78.6992,0.,-1.4));
#5134=CARTESIAN_POINT('',(79.1202258601178,0.,-0.601250000000001));
#5135=CARTESIAN_POINT('',(79.1202258601178,0.,-0.657499999999996));
#5136=CARTESIAN_POINT('',(80.8797741398822,0.,-0.432499999999991));
#5137=CARTESIAN_POINT('',(80.8797741398822,0.,-0.37625));
#5138=CARTESIAN_POINT('',(80.8797741398822,0.,-0.37625));
#5139=CARTESIAN_POINT('',(80.8797741398821,-0.23573477030321,-0.396346189432331));
#5140=CARTESIAN_POINT('',(80.7619067547305,-0.439887069941078,-0.413749999999999));
#5141=CARTESIAN_POINT('',(80.507937836487,-0.879774139882153,-0.451249999999996));
#5142=CARTESIAN_POINT('',(80.,-0.879774139882153,-0.488749999999997));
#5143=CARTESIAN_POINT('',(79.492062163513,-0.879774139882152,-0.526249999999997));
#5144=CARTESIAN_POINT('',(79.2380932452694,-0.439887069941076,-0.563749999999999));
#5145=CARTESIAN_POINT('',(79.1202258601178,-0.235734770303208,-0.581153810567668));
#5146=CARTESIAN_POINT('',(79.1202258601178,0.,-0.601250000000001));
#5147=CARTESIAN_POINT('',(79.1202258601178,0.,-0.657499999999996));
#5148=CARTESIAN_POINT('',(79.1202258601178,-0.235734770303208,-0.637403810567655));
#5149=CARTESIAN_POINT('',(79.2380932452694,-0.439887069941076,-0.619999999999993));
#5150=CARTESIAN_POINT('',(79.492062163513,-0.879774139882152,-0.582499999999995));
#5151=CARTESIAN_POINT('',(80.,-0.879774139882153,-0.544999999999995));
#5152=CARTESIAN_POINT('',(80.507937836487,-0.879774139882153,-0.507499999999994));
#5153=CARTESIAN_POINT('',(80.7619067547305,-0.439887069941078,-0.469999999999996));
#5154=CARTESIAN_POINT('',(80.8797741398821,-0.23573477030321,-0.45259618943233));
#5155=CARTESIAN_POINT('',(80.8797741398821,0.,-0.432499999999991));
#5156=CARTESIAN_POINT('',(79.1202258601178,0.,-0.151249999999998));
#5157=CARTESIAN_POINT('',(79.1202258601178,0.,-0.207499999999997));
#5158=CARTESIAN_POINT('',(80.8797741398822,0.,0.0175000000000116));
#5159=CARTESIAN_POINT('',(80.8797741398822,0.,0.0737500000000031));
#5160=CARTESIAN_POINT('',(80.8797741398822,0.,0.0737500000000031));
#5161=CARTESIAN_POINT('',(80.8797741398821,-0.23573477030321,0.0536538105676643));
#5162=CARTESIAN_POINT('',(80.7619067547305,-0.439887069941078,0.0362500000000031));
#5163=CARTESIAN_POINT('',(80.507937836487,-0.879774139882153,-0.00124999999999416));
#5164=CARTESIAN_POINT('',(80.,-0.879774139882153,-0.0387499999999998));
#5165=CARTESIAN_POINT('',(79.492062163513,-0.879774139882151,-0.0762499999999981));
#5166=CARTESIAN_POINT('',(79.2380932452694,-0.439887069941074,-0.113749999999999));
#5167=CARTESIAN_POINT('',(79.1202258601178,-0.235734770303207,-0.131153810567665));
#5168=CARTESIAN_POINT('',(79.1202258601178,0.,-0.151249999999998));
#5169=CARTESIAN_POINT('',(79.1202258601178,0.,-0.207499999999997));
#5170=CARTESIAN_POINT('',(79.1202258601178,-0.235734770303207,-0.187403810567641));
#5171=CARTESIAN_POINT('',(79.2380932452694,-0.439887069941074,-0.169999999999979));
#5172=CARTESIAN_POINT('',(79.492062163513,-0.879774139882151,-0.13249999999998));
#5173=CARTESIAN_POINT('',(80.,-0.879774139882153,-0.0949999999999913));
#5174=CARTESIAN_POINT('',(80.507937836487,-0.879774139882153,-0.0574999999999941));
#5175=CARTESIAN_POINT('',(80.7619067547305,-0.439887069941078,-0.0199999999999965));
#5176=CARTESIAN_POINT('',(80.8797741398821,-0.23573477030321,-0.00259618943232906));
#5177=CARTESIAN_POINT('',(80.8797741398821,0.,0.0175000000000116));
#5178=CARTESIAN_POINT('',(79.1202258601178,0.,0.298750000000001));
#5179=CARTESIAN_POINT('',(79.1202258601178,0.,0.242499999999999));
#5180=CARTESIAN_POINT('',(80.8797741398822,0.,0.4675));
#5181=CARTESIAN_POINT('',(80.8797741398822,0.,0.523749999999999));
#5182=CARTESIAN_POINT('',(80.8797741398822,0.,0.523749999999999));
#5183=CARTESIAN_POINT('',(80.8797741398821,-0.23573477030321,0.503653810567666));
#5184=CARTESIAN_POINT('',(80.7619067547305,-0.439887069941078,0.486249999999998));
#5185=CARTESIAN_POINT('',(80.507937836487,-0.879774139882153,0.448749999999996));
#5186=CARTESIAN_POINT('',(80.,-0.879774139882153,0.411249999999999));
#5187=CARTESIAN_POINT('',(79.492062163513,-0.879774139882151,0.373750000000001));
#5188=CARTESIAN_POINT('',(79.2380932452694,-0.439887069941074,0.336249999999999));
#5189=CARTESIAN_POINT('',(79.1202258601178,-0.235734770303207,0.318846189432332));
#5190=CARTESIAN_POINT('',(79.1202258601178,0.,0.298750000000001));
#5191=CARTESIAN_POINT('',(79.1202258601178,0.,0.242499999999999));
#5192=CARTESIAN_POINT('',(79.1202258601178,-0.235734770303207,0.262596189432336));
#5193=CARTESIAN_POINT('',(79.2380932452694,-0.439887069941074,0.280000000000005));
#5194=CARTESIAN_POINT('',(79.492062163513,-0.879774139882151,0.317500000000004));
#5195=CARTESIAN_POINT('',(80.,-0.879774139882153,0.354999999999999));
#5196=CARTESIAN_POINT('',(80.507937836487,-0.879774139882153,0.392500000000004));
#5197=CARTESIAN_POINT('',(80.7619067547305,-0.439887069941078,0.430000000000001));
#5198=CARTESIAN_POINT('',(80.8797741398821,-0.23573477030321,0.447403810567667));
#5199=CARTESIAN_POINT('',(80.8797741398821,0.,0.4675));
#5200=CARTESIAN_POINT('',(79.1202258601178,0.,0.74875));
#5201=CARTESIAN_POINT('',(79.1202258601178,0.,0.692500000000002));
#5202=CARTESIAN_POINT('',(80.8797741398822,0.,0.917500000000003));
#5203=CARTESIAN_POINT('',(80.8797741398822,0.,0.973749999999998));
#5204=CARTESIAN_POINT('',(80.8797741398822,0.,0.973749999999998));
#5205=CARTESIAN_POINT('',(80.8797741398821,-0.235734770303211,0.953653810567665));
#5206=CARTESIAN_POINT('',(80.7619067547305,-0.439887069941081,0.936249999999998));
#5207=CARTESIAN_POINT('',(80.507937836487,-0.879774139882154,0.898749999999997));
#5208=CARTESIAN_POINT('',(80.,-0.879774139882153,0.861250000000002));
#5209=CARTESIAN_POINT('',(79.492062163513,-0.879774139882152,0.823750000000005));
#5210=CARTESIAN_POINT('',(79.2380932452694,-0.439887069941074,0.786250000000003));
#5211=CARTESIAN_POINT('',(79.1202258601178,-0.235734770303205,0.768846189432331));
#5212=CARTESIAN_POINT('',(79.1202258601178,0.,0.74875));
#5213=CARTESIAN_POINT('',(79.1202258601178,0.,0.692500000000002));
#5214=CARTESIAN_POINT('',(79.1202258601178,-0.235734770303205,0.712596189432336));
#5215=CARTESIAN_POINT('',(79.2380932452694,-0.439887069941074,0.730000000000003));
#5216=CARTESIAN_POINT('',(79.492062163513,-0.879774139882152,0.767500000000001));
#5217=CARTESIAN_POINT('',(80.,-0.879774139882153,0.804999999999999));
#5218=CARTESIAN_POINT('',(80.507937836487,-0.879774139882154,0.842500000000005));
#5219=CARTESIAN_POINT('',(80.7619067547305,-0.439887069941081,0.880000000000002));
#5220=CARTESIAN_POINT('',(80.8797741398821,-0.235734770303211,0.89740381056767));
#5221=CARTESIAN_POINT('',(80.8797741398821,0.,0.917500000000003));
#5222=CARTESIAN_POINT('',(79.1202258601178,0.,1.19875));
#5223=CARTESIAN_POINT('',(79.1202258601178,0.,1.1425));
#5224=CARTESIAN_POINT('',(80.8797741398822,0.,1.3675));
#5225=CARTESIAN_POINT('',(80.8797741398822,0.,1.42375));
#5226=CARTESIAN_POINT('',(80.8797741398822,0.,1.42375));
#5227=CARTESIAN_POINT('',(80.8797741398821,-0.235734770303211,1.40365381056766));
#5228=CARTESIAN_POINT('',(80.7619067547305,-0.439887069941081,1.38624999999999));
#5229=CARTESIAN_POINT('',(80.507937836487,-0.879774139882154,1.34875));
#5230=CARTESIAN_POINT('',(80.,-0.879774139882153,1.31125));
#5231=CARTESIAN_POINT('',(79.492062163513,-0.879774139882152,1.27375));
#5232=CARTESIAN_POINT('',(79.2380932452694,-0.439887069941073,1.23625));
#5233=CARTESIAN_POINT('',(79.1202258601178,-0.235734770303207,1.21884618943234));
#5234=CARTESIAN_POINT('',(79.1202258601178,0.,1.19875));
#5235=CARTESIAN_POINT('',(79.1202258601178,0.,1.1425));
#5236=CARTESIAN_POINT('',(79.1202258601178,-0.235734770303207,1.16259618943234));
#5237=CARTESIAN_POINT('',(79.2380932452694,-0.439887069941073,1.18000000000001));
#5238=CARTESIAN_POINT('',(79.492062163513,-0.879774139882152,1.21750000000001));
#5239=CARTESIAN_POINT('',(80.,-0.879774139882153,1.25500000000001));
#5240=CARTESIAN_POINT('',(80.507937836487,-0.879774139882154,1.2925));
#5241=CARTESIAN_POINT('',(80.7619067547305,-0.439887069941081,1.33));
#5242=CARTESIAN_POINT('',(80.8797741398821,-0.235734770303211,1.34740381056766));
#5243=CARTESIAN_POINT('',(80.8797741398821,0.,1.3675));
#5244=CARTESIAN_POINT('',(79.1202258601178,0.,1.64875));
#5245=CARTESIAN_POINT('',(79.1202258601178,0.,1.5925));
#5246=CARTESIAN_POINT('',(79.1202258601178,0.,1.5925));
#5247=CARTESIAN_POINT('',(79.1202258601178,-0.235734770303206,1.61259618943233));
#5248=CARTESIAN_POINT('',(79.2380932452694,-0.439887069941073,1.63));
#5249=CARTESIAN_POINT('',(79.470408506352,-0.842268905509716,1.66430271054761));
#5250=CARTESIAN_POINT('',(79.9337185322791,-0.877273790923991,1.7));
#5251=CARTESIAN_POINT('',(80.8797741398822,0.,-0.826249999999995));
#5252=CARTESIAN_POINT('',(80.8797741398822,0.,-0.882499999999994));
#5253=CARTESIAN_POINT('',(79.1202258601178,0.,-0.601250000000001));
#5254=CARTESIAN_POINT('',(79.1202258601178,0.235734770303209,-0.621346189432336));
#5255=CARTESIAN_POINT('',(79.2380932452694,0.439887069941078,-0.638749999999998));
#5256=CARTESIAN_POINT('',(79.492062163513,0.879774139882153,-0.676249999999995));
#5257=CARTESIAN_POINT('',(80.,0.879774139882153,-0.713749999999997));
#5258=CARTESIAN_POINT('',(80.507937836487,0.879774139882152,-0.751249999999988));
#5259=CARTESIAN_POINT('',(80.7619067547305,0.439887069941076,-0.788749999999982));
#5260=CARTESIAN_POINT('',(80.8797741398821,0.235734770303208,-0.806153810567645));
#5261=CARTESIAN_POINT('',(80.8797741398821,0.,-0.826249999999995));
#5262=CARTESIAN_POINT('',(80.8797741398822,0.,-0.882499999999994));
#5263=CARTESIAN_POINT('',(80.8797741398821,0.235734770303208,-0.862403810567659));
#5264=CARTESIAN_POINT('',(80.7619067547305,0.439887069941076,-0.844999999999993));
#5265=CARTESIAN_POINT('',(80.507937836487,0.879774139882152,-0.807499999999991));
#5266=CARTESIAN_POINT('',(80.,0.879774139882153,-0.769999999999997));
#5267=CARTESIAN_POINT('',(79.492062163513,0.879774139882153,-0.732499999999994));
#5268=CARTESIAN_POINT('',(79.2380932452694,0.439887069941078,-0.694999999999996));
#5269=CARTESIAN_POINT('',(79.1202258601178,0.235734770303209,-0.677596189432327));
#5270=CARTESIAN_POINT('',(79.1202258601178,0.,-0.657499999999996));
#5271=CARTESIAN_POINT('',(79.1202258601178,0.,-0.151249999999998));
#5272=CARTESIAN_POINT('',(79.1202258601178,0.23573477030321,-0.171346189432337));
#5273=CARTESIAN_POINT('',(79.2380932452694,0.439887069941078,-0.188749999999999));
#5274=CARTESIAN_POINT('',(79.492062163513,0.879774139882153,-0.22625));
#5275=CARTESIAN_POINT('',(80.,0.879774139882153,-0.263749999999999));
#5276=CARTESIAN_POINT('',(80.507937836487,0.879774139882151,-0.301249999999997));
#5277=CARTESIAN_POINT('',(80.7619067547305,0.439887069941074,-0.338749999999996));
#5278=CARTESIAN_POINT('',(80.8797741398821,0.235734770303207,-0.356153810567659));
#5279=CARTESIAN_POINT('',(80.8797741398821,0.,-0.37625));
#5280=CARTESIAN_POINT('',(80.8797741398822,0.,-0.432499999999991));
#5281=CARTESIAN_POINT('',(80.8797741398821,0.235734770303207,-0.41240381056767));
#5282=CARTESIAN_POINT('',(80.7619067547305,0.439887069941074,-0.394999999999993));
#5283=CARTESIAN_POINT('',(80.507937836487,0.879774139882151,-0.357499999999991));
#5284=CARTESIAN_POINT('',(80.,0.879774139882153,-0.319999999999993));
#5285=CARTESIAN_POINT('',(79.492062163513,0.879774139882153,-0.282499999999988));
#5286=CARTESIAN_POINT('',(79.2380932452694,0.439887069941078,-0.244999999999982));
#5287=CARTESIAN_POINT('',(79.1202258601178,0.23573477030321,-0.227596189432313));
#5288=CARTESIAN_POINT('',(79.1202258601178,0.,-0.207499999999997));
#5289=CARTESIAN_POINT('',(79.1202258601178,0.,0.298750000000001));
#5290=CARTESIAN_POINT('',(79.1202258601178,0.23573477030321,0.278653810567664));
#5291=CARTESIAN_POINT('',(79.2380932452694,0.439887069941078,0.261249999999996));
#5292=CARTESIAN_POINT('',(79.492062163513,0.879774139882153,0.22375));
#5293=CARTESIAN_POINT('',(80.,0.879774139882153,0.186250000000001));
#5294=CARTESIAN_POINT('',(80.507937836487,0.879774139882151,0.148750000000005));
#5295=CARTESIAN_POINT('',(80.7619067547305,0.439887069941074,0.111250000000006));
#5296=CARTESIAN_POINT('',(80.8797741398821,0.235734770303207,0.093846189432338));
#5297=CARTESIAN_POINT('',(80.8797741398821,0.,0.0737500000000031));
#5298=CARTESIAN_POINT('',(80.8797741398822,0.,0.0175000000000116));
#5299=CARTESIAN_POINT('',(80.8797741398821,0.235734770303207,0.0375961894323313));
#5300=CARTESIAN_POINT('',(80.7619067547305,0.439887069941074,0.0550000000000063));
#5301=CARTESIAN_POINT('',(80.507937836487,0.879774139882151,0.0925000000000091));
#5302=CARTESIAN_POINT('',(80.,0.879774139882153,0.130000000000003));
#5303=CARTESIAN_POINT('',(79.492062163513,0.879774139882153,0.167500000000001));
#5304=CARTESIAN_POINT('',(79.2380932452694,0.439887069941078,0.205000000000002));
#5305=CARTESIAN_POINT('',(79.1202258601178,0.23573477030321,0.222403810567666));
#5306=CARTESIAN_POINT('',(79.1202258601178,0.,0.242499999999999));
#5307=CARTESIAN_POINT('',(79.1202258601178,0.,0.74875));
#5308=CARTESIAN_POINT('',(79.1202258601178,0.235734770303212,0.728653810567663));
#5309=CARTESIAN_POINT('',(79.2380932452694,0.439887069941078,0.71125));
#5310=CARTESIAN_POINT('',(79.492062163513,0.879774139882154,0.673750000000002));
#5311=CARTESIAN_POINT('',(80.,0.879774139882153,0.63625));
#5312=CARTESIAN_POINT('',(80.507937836487,0.879774139882151,0.59875));
#5313=CARTESIAN_POINT('',(80.7619067547305,0.439887069941074,0.561250000000001));
#5314=CARTESIAN_POINT('',(80.8797741398821,0.235734770303206,0.543846189432334));
#5315=CARTESIAN_POINT('',(80.8797741398821,0.,0.523749999999999));
#5316=CARTESIAN_POINT('',(80.8797741398822,0.,0.4675));
#5317=CARTESIAN_POINT('',(80.8797741398821,0.235734770303206,0.487596189432337));
#5318=CARTESIAN_POINT('',(80.7619067547305,0.439887069941074,0.505000000000003));
#5319=CARTESIAN_POINT('',(80.507937836487,0.879774139882151,0.542499999999998));
#5320=CARTESIAN_POINT('',(80.,0.879774139882153,0.58));
#5321=CARTESIAN_POINT('',(79.492062163513,0.879774139882154,0.617499999999999));
#5322=CARTESIAN_POINT('',(79.2380932452694,0.439887069941078,0.655));
#5323=CARTESIAN_POINT('',(79.1202258601178,0.235734770303212,0.672403810567669));
#5324=CARTESIAN_POINT('',(79.1202258601178,0.,0.692500000000002));
#5325=CARTESIAN_POINT('',(79.1202258601178,0.,1.19875));
#5326=CARTESIAN_POINT('',(79.1202258601178,0.23573477030321,1.17865381056766));
#5327=CARTESIAN_POINT('',(79.2380932452694,0.439887069941079,1.16125));
#5328=CARTESIAN_POINT('',(79.492062163513,0.879774139882155,1.12375));
#5329=CARTESIAN_POINT('',(80.,0.879774139882153,1.08625));
#5330=CARTESIAN_POINT('',(80.507937836487,0.87977413988215,1.04875));
#5331=CARTESIAN_POINT('',(80.7619067547305,0.439887069941071,1.01125));
#5332=CARTESIAN_POINT('',(80.8797741398821,0.235734770303205,0.993846189432336));
#5333=CARTESIAN_POINT('',(80.8797741398821,0.,0.973749999999998));
#5334=CARTESIAN_POINT('',(80.8797741398822,0.,0.917500000000003));
#5335=CARTESIAN_POINT('',(80.8797741398821,0.235734770303205,0.937596189432341));
#5336=CARTESIAN_POINT('',(80.7619067547305,0.439887069941071,0.955000000000005));
#5337=CARTESIAN_POINT('',(80.507937836487,0.87977413988215,0.992500000000006));
#5338=CARTESIAN_POINT('',(80.,0.879774139882153,1.03));
#5339=CARTESIAN_POINT('',(79.492062163513,0.879774139882155,1.0675));
#5340=CARTESIAN_POINT('',(79.2380932452694,0.439887069941078,1.10500000000001));
#5341=CARTESIAN_POINT('',(79.1202258601178,0.23573477030321,1.12240381056768));
#5342=CARTESIAN_POINT('',(79.1202258601178,0.,1.1425));
#5343=CARTESIAN_POINT('',(79.1202258601178,0.,1.64875));
#5344=CARTESIAN_POINT('',(79.1202258601178,0.23573477030321,1.62865381056767));
#5345=CARTESIAN_POINT('',(79.2380932452694,0.439887069941079,1.61125));
#5346=CARTESIAN_POINT('',(79.492062163513,0.879774139882156,1.57375));
#5347=CARTESIAN_POINT('',(80.,0.879774139882153,1.53625));
#5348=CARTESIAN_POINT('',(80.507937836487,0.87977413988215,1.49875));
#5349=CARTESIAN_POINT('',(80.7619067547305,0.439887069941071,1.46125));
#5350=CARTESIAN_POINT('',(80.8797741398821,0.235734770303205,1.44384618943234));
#5351=CARTESIAN_POINT('',(80.8797741398821,0.,1.42375));
#5352=CARTESIAN_POINT('',(80.8797741398822,0.,1.3675));
#5353=CARTESIAN_POINT('',(80.8797741398821,0.235734770303205,1.38759618943234));
#5354=CARTESIAN_POINT('',(80.7619067547305,0.439887069941071,1.405));
#5355=CARTESIAN_POINT('',(80.507937836487,0.87977413988215,1.4425));
#5356=CARTESIAN_POINT('',(80.,0.879774139882153,1.48));
#5357=CARTESIAN_POINT('',(79.492062163513,0.879774139882156,1.5175));
#5358=CARTESIAN_POINT('',(79.2380932452694,0.439887069941079,1.555));
#5359=CARTESIAN_POINT('',(79.1202258601178,0.23573477030321,1.57240381056767));
#5360=CARTESIAN_POINT('',(79.1202258601178,0.,1.5925));
#5361=CARTESIAN_POINT('',(79.8731734526198,-0.870584610526166,-0.94850504149839));
#5362=CARTESIAN_POINT('',(79.9362538013367,-0.879774139882153,-0.943456250013606));
#5363=CARTESIAN_POINT('',(80.,-0.879774139882153,-0.938750000000011));
#5364=CARTESIAN_POINT('',(80.5079378364871,-0.879774139882154,-0.901250000000009));
#5365=CARTESIAN_POINT('',(80.7619067547305,-0.439887069941078,-0.863749999999981));
#5366=CARTESIAN_POINT('',(80.8797741398821,-0.23573477030321,-0.846346189432319));
#5367=CARTESIAN_POINT('',(80.8797741398821,0.,-0.826249999999995));
#5368=CARTESIAN_POINT('',(79.0579455809939,0.,-1.01529246408256));
#5369=CARTESIAN_POINT('',(79.0683684827474,-0.215979903407853,-1.00411527037444));
#5370=CARTESIAN_POINT('',(79.1552801275266,-0.428939948757232,-0.993996187478641));
#5371=CARTESIAN_POINT('',(79.3769000809535,-0.667866067271274,-0.977627516264101));
#5372=CARTESIAN_POINT('',(79.4645065807258,-0.733368089737841,-0.971825556746645));
#5373=CARTESIAN_POINT('',(79.6597883215521,-0.830090712007149,-0.959984389410519));
#5374=CARTESIAN_POINT('',(79.7642714879725,-0.860021954913655,-0.954131516147783));
#5375=CARTESIAN_POINT('',(79.8731734526198,-0.870584610526166,-0.94850504149839));
#5376=CARTESIAN_POINT('',(79.8731734526198,-0.870584610526152,-0.94850504149839));
#5377=CARTESIAN_POINT('',(80.2353556366276,-0.923347220116253,-0.948505041498389));
#5378=CARTESIAN_POINT('',(80.5280895666417,-0.703650443622104,-0.948505041499488));
#5379=CARTESIAN_POINT('',(80.5280895666417,-0.703650443622104,-0.948505041499488));
#5380=CARTESIAN_POINT('',(80.671963786922,-0.595672859969004,-0.93328060660395));
#5381=CARTESIAN_POINT('',(80.7619067547305,-0.439887069941078,-0.919999999999999));
#5382=CARTESIAN_POINT('',(80.8797741398821,-0.235734770303209,-0.902596189432329));
#5383=CARTESIAN_POINT('',(80.8797741398821,0.,-0.882499999999994));
#5384=CARTESIAN_POINT('',(80.5280895666417,-0.703650443622104,-0.948505041499488));
#5385=CARTESIAN_POINT('',(80.3941833032343,-0.845204505450857,-0.983719551730464));
#5386=CARTESIAN_POINT('',(80.2166361824978,-0.938805746566826,-1.01729163623199));
#5387=CARTESIAN_POINT('',(79.8317879842291,-1.00139500766187,-1.07409243191419));
#5388=CARTESIAN_POINT('',(79.6315296894728,-0.975713978616693,-1.10451586212022));
#5389=CARTESIAN_POINT('',(79.3646711829446,-0.862019792725749,-1.14881404738833));
#5390=CARTESIAN_POINT('',(79.2799785203664,-0.810866437258202,-1.16343287150079));
#5391=CARTESIAN_POINT('',(79.1305216708842,-0.689460745767256,-1.19061971452884));
#5392=CARTESIAN_POINT('',(79.0635483434245,-0.617227922320327,-1.20331608254502));
#5393=CARTESIAN_POINT('',(78.8952538478025,-0.378421801388605,-1.24003597986901));
#5394=CARTESIAN_POINT('',(78.8232533502533,-0.191963539747946,-1.26696906881462));
#5395=CARTESIAN_POINT('',(78.7990358894303,1.26168969231474E-13,-1.29293911603747));
#5396=CARTESIAN_POINT('',(79.3916824574765,-1.05841068158295,1.92077164262227));
#5397=CARTESIAN_POINT('',(79.307881886996,-0.99256419744379,1.9054409579902));
#5398=CARTESIAN_POINT('',(79.233187802389,-0.915940773190537,1.88988603671559));
#5399=CARTESIAN_POINT('',(79.1695053837522,-0.830494616247812,1.87449674977549));
#5400=CARTESIAN_POINT('',(79.1087455856623,-0.748969897894887,1.85981373384671));
#5401=CARTESIAN_POINT('',(79.0584993252706,-0.660070210499731,1.8453986072457));
#5402=CARTESIAN_POINT('',(79.0199201505533,-0.565849364905388,1.83169872981077));
#5403=CARTESIAN_POINT('',(78.9464016989436,-0.386297294955533,1.80559154157674));
#5404=CARTESIAN_POINT('',(78.9246428986745,-0.190338719938744,1.77535710132553));
#5405=CARTESIAN_POINT('',(78.9570272228311,-2.42545243396753E-16,1.74297277716887));
#5406=CARTESIAN_POINT('',(78.9712218989302,0.0834291450876209,1.72877810106986));
#5407=CARTESIAN_POINT('',(78.9956473640834,0.164749173035219,1.71435457862855));
#5408=CARTESIAN_POINT('',(79.0297651108384,0.242165769367712,1.7));
#5409=CARTESIAN_POINT('',(81.0304862960604,-5.90885477236661E-15,1.73048629606036));
#5410=CARTESIAN_POINT('',(81.0389305902664,0.18300900406507,1.73893059026637));
#5411=CARTESIAN_POINT('',(80.9983816441586,0.364968231516246,1.7471079822715));
#5412=CARTESIAN_POINT('',(80.9130162396029,0.527130171709223,1.75426034341844));
#5413=CARTESIAN_POINT('',(80.8698308176339,0.609166118835454,1.75787864448329));
#5414=CARTESIAN_POINT('',(80.8162447565077,0.68527823998571,1.76173709292806));
#5415=CARTESIAN_POINT('',(80.7535835227866,0.753583522786559,1.76572803830565));
#5416=CARTESIAN_POINT('',(80.5590183684566,0.965673631781775,1.77812005258945));
#5417=CARTESIAN_POINT('',(80.2876806655033,1.09105695615092,1.79105695615092));
#5418=CARTESIAN_POINT('',(80.,1.10180843813461,1.80180843813461));
#5419=CARTESIAN_POINT('',(79.7030310204424,1.11290705203639,1.81290705203639));
#5420=CARTESIAN_POINT('',(79.4138049236441,1.00607537130626,1.82590523102489));
#5421=CARTESIAN_POINT('',(79.1953910864395,0.804608913560527,1.83788883796358));
#5422=CARTESIAN_POINT('',(79.1218700982764,0.736792637610444,1.84192267865411));
#5423=CARTESIAN_POINT('',(79.0577174561341,0.659468241651403,1.84577474135616));
#5424=CARTESIAN_POINT('',(79.0046280445456,0.574678266425388,1.84935653285078));
#5425=CARTESIAN_POINT('',(78.8963943139433,0.401816389418413,1.85665875459523));
#5426=CARTESIAN_POINT('',(78.835127465322,0.203746665409763,1.864872534678));
#5427=CARTESIAN_POINT('',(78.8268694197911,-2.60605170803745E-16,1.87313058020886));
#5428=CARTESIAN_POINT('',(78.81843679593,-0.208053950047999,1.88156320407005));
#5429=CARTESIAN_POINT('',(78.8655772594414,-0.414609255668345,1.8897435397887));
#5430=CARTESIAN_POINT('',(78.9634501866199,-0.59845231378347,1.89690462756695));
#5431=CARTESIAN_POINT('',(79.0128696936098,-0.691281184416923,1.9005205143879));
#5432=CARTESIAN_POINT('',(79.0740767655922,-0.77732537034312,1.90437863846588));
#5433=CARTESIAN_POINT('',(79.1455517365945,-0.854448263405467,1.90837232245415));
#5434=CARTESIAN_POINT('',(79.2182951485778,-0.932939829120066,1.91243688093687));
#5435=CARTESIAN_POINT('',(79.3010480411145,-1.00151510355889,1.9166067505912));
#5436=CARTESIAN_POINT('',(79.3916824574765,-1.05841068158295,1.92077164262227));
#5437=CARTESIAN_POINT('',(80.7774590024275,-0.628933620936668,1.7));
#5438=CARTESIAN_POINT('',(80.8122177405008,-0.589663550675797,1.70232522634448));
#5439=CARTESIAN_POINT('',(80.8437782943921,-0.547670358013567,1.70456861711224));
#5440=CARTESIAN_POINT('',(80.8718383816771,-0.503356124351143,1.70671224870227));
#5441=CARTESIAN_POINT('',(80.967564988577,-0.352178717710113,1.71402521877514));
#5442=CARTESIAN_POINT('',(81.0222405671052,-0.178705597775548,1.72224056710518));
#5443=CARTESIAN_POINT('',(81.0304862960604,-5.90885477236661E-15,1.73048629606036));
#5444=CARTESIAN_POINT('',(79.3414804165911,-0.583399087651255,1.7));
#5445=CARTESIAN_POINT('',(79.578022890565,-0.850399593337497,1.7));
#5446=CARTESIAN_POINT('',(79.9337185322791,-0.877273790923994,1.7));
#5447=CARTESIAN_POINT('',(79.0297651108384,0.242165769367712,1.7));
#5448=CARTESIAN_POINT('',(79.000646723594,-0.00128297790229646,1.7));
#5449=CARTESIAN_POINT('',(79.0651394736988,-0.250358248894892,1.7));
#5450=CARTESIAN_POINT('',(79.2174682452695,-0.451794919243115,1.7));
#5451=CARTESIAN_POINT('',(79.2539314959637,-0.500013228458032,1.7));
#5452=CARTESIAN_POINT('',(79.2955028146351,-0.544146264658888,1.7));
#5453=CARTESIAN_POINT('',(79.3414804165911,-0.58339908765126,1.7));
#5454=CARTESIAN_POINT('',(79.9337185322791,-0.877273790923991,1.7));
#5455=CARTESIAN_POINT('',(79.9556510012116,-0.881895953904435,1.7));
#5456=CARTESIAN_POINT('',(79.9777633660294,-0.885618630213853,1.7));
#5457=CARTESIAN_POINT('',(80.,-0.888434393919997,1.7));
#5458=CARTESIAN_POINT('',(80.2881906688513,-0.9249271844599,1.7));
#5459=CARTESIAN_POINT('',(80.5730446071145,-0.827124335463343,1.7));
#5460=CARTESIAN_POINT('',(80.7774590024275,-0.628933620936668,1.7));
#5461=CARTESIAN_POINT('',(79.0297651108384,0.242165769367707,1.7));
#5462=CARTESIAN_POINT('',(78.8353319742422,-0.536828773202353,1.7));
#5463=CARTESIAN_POINT('',(79.5539123711941,-0.894989289000865,1.7));
#5464=CARTESIAN_POINT('',(80.272492768146,-1.25314980479938,1.7));
#5465=CARTESIAN_POINT('',(80.7774590024274,-0.628933620936671,1.7));
#5466=CARTESIAN_POINT('',(81.0304862960604,-5.90885477236661E-15,1.73048629606036));
#5467=CARTESIAN_POINT('',(81.3,-3.39900059741163E-16,2.));
#5468=CARTESIAN_POINT('',(79.3414804165911,-0.58339908765126,1.7));
#5469=CARTESIAN_POINT('',(79.2825370008355,-0.516865912660663,1.69281238111834));
#5470=CARTESIAN_POINT('',(79.2380932452695,-0.439887069941073,1.68625));
#5471=CARTESIAN_POINT('',(79.1202258601178,-0.235734770303206,1.66884618943234));
#5472=CARTESIAN_POINT('',(79.1202258601178,0.,1.64875));
#5473=CARTESIAN_POINT('',(79.3916824574765,-1.05841068158295,1.92077164262227));
#5474=CARTESIAN_POINT('',(79.1069728680468,-0.894774920163984,1.90059688554293));
#5475=CARTESIAN_POINT('',(78.9427807452695,-0.610385821311146,1.88312499999999));
#5476=CARTESIAN_POINT('',(78.590374327026,-8.02314939661014E-16,1.84562499999999));
#5477=CARTESIAN_POINT('',(78.9427807452695,0.610385821311132,1.80812499999999));
#5478=CARTESIAN_POINT('',(79.295187163513,1.22077164262227,1.77062499999999));
#5479=CARTESIAN_POINT('',(80.,1.22077164262227,1.73312499999999));
#5480=CARTESIAN_POINT('',(80.7048128364871,1.22077164262227,1.69562499999999));
#5481=CARTESIAN_POINT('',(81.0572192547306,0.610385821311121,1.65812499999999));
#5482=CARTESIAN_POINT('',(81.4096256729741,-1.57439033452211E-14,1.62062499999999));
#5483=CARTESIAN_POINT('',(81.0572192547306,-0.610385821311158,1.58312499999999));
#5484=CARTESIAN_POINT('',(80.7048128364871,-1.22077164262229,1.54562499999999));
#5485=CARTESIAN_POINT('',(80.,-1.22077164262229,1.50812499999999));
#5486=CARTESIAN_POINT('',(79.295187163513,-1.22077164262229,1.47062499999999));
#5487=CARTESIAN_POINT('',(78.9427807452695,-0.610385821311145,1.43312499999999));
#5488=CARTESIAN_POINT('',(78.5903743270259,3.31885478577476E-16,1.39562499999999));
#5489=CARTESIAN_POINT('',(78.9427807452695,0.610385821311134,1.35812499999999));
#5490=CARTESIAN_POINT('',(79.295187163513,1.22077164262227,1.32062499999999));
#5491=CARTESIAN_POINT('',(80.,1.22077164262227,1.28312499999999));
#5492=CARTESIAN_POINT('',(80.7048128364871,1.22077164262227,1.24562499999999));
#5493=CARTESIAN_POINT('',(81.0572192547306,0.610385821311123,1.20812499999999));
#5494=CARTESIAN_POINT('',(81.4096256729741,-1.38880579609763E-14,1.17062499999999));
#5495=CARTESIAN_POINT('',(81.0572192547306,-0.610385821311156,1.13312499999999));
#5496=CARTESIAN_POINT('',(80.7048128364871,-1.22077164262229,1.09562499999999));
#5497=CARTESIAN_POINT('',(80.,-1.22077164262229,1.05812499999999));
#5498=CARTESIAN_POINT('',(79.295187163513,-1.22077164262229,1.02062499999999));
#5499=CARTESIAN_POINT('',(78.9427807452695,-0.610385821311144,0.98312499999999));
#5500=CARTESIAN_POINT('',(78.5903743270259,1.43833032120033E-15,0.945624999999988));
#5501=CARTESIAN_POINT('',(78.9427807452695,0.610385821311135,0.90812499999999));
#5502=CARTESIAN_POINT('',(79.295187163513,1.22077164262227,0.870624999999988));
#5503=CARTESIAN_POINT('',(80.,1.22077164262227,0.833124999999991));
#5504=CARTESIAN_POINT('',(80.7048128364871,1.22077164262227,0.795624999999991));
#5505=CARTESIAN_POINT('',(81.0572192547306,0.610385821311128,0.758124999999992));
#5506=CARTESIAN_POINT('',(81.4096256729741,-1.20877237279627E-14,0.720624999999992));
#5507=CARTESIAN_POINT('',(81.0572192547306,-0.61038582131115,0.683124999999989));
#5508=CARTESIAN_POINT('',(80.7048128364871,-1.22077164262229,0.645624999999993));
#5509=CARTESIAN_POINT('',(80.,-1.22077164262229,0.60812499999999));
#5510=CARTESIAN_POINT('',(79.295187163513,-1.22077164262228,0.570624999999993));
#5511=CARTESIAN_POINT('',(78.9427807452695,-0.610385821311143,0.53312499999999));
#5512=CARTESIAN_POINT('',(78.590374327026,-5.9761865501749E-15,0.495624999999988));
#5513=CARTESIAN_POINT('',(78.9427807452695,0.610385821311136,0.45812499999999));
#5514=CARTESIAN_POINT('',(79.295187163513,1.22077164262227,0.42062499999999));
#5515=CARTESIAN_POINT('',(80.,1.22077164262227,0.383124999999991));
#5516=CARTESIAN_POINT('',(80.7048128364871,1.22077164262227,0.345624999999991));
#5517=CARTESIAN_POINT('',(81.0572192547306,0.61038582131113,0.308124999999992));
#5518=CARTESIAN_POINT('',(81.4096256729741,-6.92896484545807E-15,0.270624999999996));
#5519=CARTESIAN_POINT('',(81.0572192547306,-0.610385821311148,0.23312499999999));
#5520=CARTESIAN_POINT('',(80.7048128364871,-1.22077164262229,0.195624999999992));
#5521=CARTESIAN_POINT('',(80.,-1.22077164262229,0.15812499999999));
#5522=CARTESIAN_POINT('',(79.295187163513,-1.22077164262228,0.120624999999993));
#5523=CARTESIAN_POINT('',(78.9427807452695,-0.610385821311142,0.0831249999999905));
#5524=CARTESIAN_POINT('',(78.590374327026,-4.50891922454887E-15,0.0456249999999902));
#5525=CARTESIAN_POINT('',(78.9427807452695,0.610385821311137,0.00812499999999059));
#5526=CARTESIAN_POINT('',(79.295187163513,1.22077164262228,-0.0293750000000099));
#5527=CARTESIAN_POINT('',(80.,1.22077164262227,-0.0668750000000088));
#5528=CARTESIAN_POINT('',(80.7048128364871,1.22077164262227,-0.104375000000009));
#5529=CARTESIAN_POINT('',(81.0572192547306,0.610385821311132,-0.141875000000008));
#5530=CARTESIAN_POINT('',(81.4096256729741,-5.46169751983203E-15,-0.179375000000004));
#5531=CARTESIAN_POINT('',(81.0572192547306,-0.610385821311147,-0.21687500000001));
#5532=CARTESIAN_POINT('',(80.7048128364871,-1.22077164262229,-0.254375000000008));
#5533=CARTESIAN_POINT('',(80.,-1.22077164262228,-0.291875000000009));
#5534=CARTESIAN_POINT('',(79.295187163513,-1.22077164262228,-0.329375000000008));
#5535=CARTESIAN_POINT('',(78.9427807452695,-0.610385821311142,-0.366875000000006));
#5536=CARTESIAN_POINT('',(78.5903743270259,-3.01389632330721E-15,-0.40437500000001));
#5537=CARTESIAN_POINT('',(78.9427807452695,0.610385821311138,-0.441875000000009));
#5538=CARTESIAN_POINT('',(79.295187163513,1.22077164262228,-0.47937500000001));
#5539=CARTESIAN_POINT('',(80.,1.22077164262228,-0.516875000000009));
#5540=CARTESIAN_POINT('',(80.7048128364871,1.22077164262228,-0.554375000000009));
#5541=CARTESIAN_POINT('',(81.0572192547306,0.610385821311135,-0.591875000000007));
#5542=CARTESIAN_POINT('',(81.4096256729741,-4.02218576982163E-15,-0.629375000000004));
#5543=CARTESIAN_POINT('',(81.0572192547306,-0.610385821311145,-0.66687500000001));
#5544=CARTESIAN_POINT('',(80.7048128364871,-1.22077164262228,-0.704375000000008));
#5545=CARTESIAN_POINT('',(80.,-1.22077164262228,-0.741875000000009));
#5546=CARTESIAN_POINT('',(79.295187163513,-1.22077164262228,-0.779375000000008));
#5547=CARTESIAN_POINT('',(78.9427807452695,-0.610385821311141,-0.816875000000006));
#5548=CARTESIAN_POINT('',(78.5903743270259,-1.57438457329681E-15,-0.85437500000001));
#5549=CARTESIAN_POINT('',(78.9427807452695,0.610385821311139,-0.891875000000009));
#5550=CARTESIAN_POINT('',(79.295187163513,1.22077164262228,-0.92937500000001));
#5551=CARTESIAN_POINT('',(80.,1.22077164262228,-0.966875000000008));
#5552=CARTESIAN_POINT('',(80.7048128364871,1.22077164262228,-1.00437500000001));
#5553=CARTESIAN_POINT('',(81.0572192547306,0.610385821311137,-1.04187500000001));
#5554=CARTESIAN_POINT('',(81.4096256729741,-2.5549184441956E-15,-1.079375));
#5555=CARTESIAN_POINT('',(81.0572192547306,-0.610385821311142,-1.11687500000001));
#5556=CARTESIAN_POINT('',(80.7048128364871,-1.22077164262228,-1.15437500000001));
#5557=CARTESIAN_POINT('',(80.,-1.22077164262228,-1.19187500000001));
#5558=CARTESIAN_POINT('',(79.295187163513,-1.22077164262228,-1.22937500000001));
#5559=CARTESIAN_POINT('',(78.9427807452695,-0.61038582131114,-1.26687500000001));
#5560=CARTESIAN_POINT('',(78.7355111356227,-0.251384326537919,-1.28893081385407));
#5561=CARTESIAN_POINT('',(78.7897057470882,0.159597070146459,-1.31418009363345));
#5562=CARTESIAN_POINT('',(0.,0.,0.));
ENDSEC;
END-ISO-10303-21;
