ISO-10303-21;
HEADER;
FILE_DESCRIPTION (( 'STEP AP214' ),
    '1' );
FILE_NAME ('QFN26 4mm X 4mm.STEP',
    '2021-06-09T09:42:58',
    ( '' ),
    ( '' ),
    'SwSTEP 2.0',
    'SolidWorks 2021',
    '' );
FILE_SCHEMA (( 'AUTOMOTIVE_DESIGN' ));
ENDSEC;

DATA;
#1 = LINE ( 'NONE', #360, #3638 ) ;
#2 =( NAMED_UNIT ( * ) SI_UNIT ( $, .STERADIAN. ) SOLID_ANGLE_UNIT ( ) );
#3 = CARTESIAN_POINT ( 'NONE',  ( 1.199999999999996403, -0.05000000000000000278, 1.150000000000000355 ) ) ;
#4 = LINE ( 'NONE', #6426, #2112 ) ;
#5 = FACE_OUTER_BOUND ( 'NONE', #7808, .T. ) ;
#6 = ORIENTED_EDGE ( 'NONE', *, *, #2334, .T. ) ;
#7 = CARTESIAN_POINT ( 'NONE',  ( -0.4999999999999942824, 0.000000000000000000, -0.4500000000000008438 ) ) ;
#8 = LINE ( 'NONE', #1647, #6645 ) ;
#9 = CARTESIAN_POINT ( 'NONE',  ( 1.199999999999999289, -0.05000000000000000278, 0.3500000000000002554 ) ) ;
#10 = EDGE_CURVE ( 'NONE', #3165, #3760, #9905, .T. ) ;
#11 = PRESENTATION_STYLE_ASSIGNMENT (( #1548 ) ) ;
#12 =( LENGTH_UNIT ( ) NAMED_UNIT ( * ) SI_UNIT ( .MILLI., .METRE. ) );
#13 = CARTESIAN_POINT ( 'NONE',  ( -2.050000000000000266, -0.05000000000000000278, -1.250000000000000444 ) ) ;
#14 =( NAMED_UNIT ( * ) SI_UNIT ( $, .STERADIAN. ) SOLID_ANGLE_UNIT ( ) );
#15 = ORIENTED_EDGE ( 'NONE', *, *, #1418, .F. ) ;
#16 =( NAMED_UNIT ( * ) SI_UNIT ( $, .STERADIAN. ) SOLID_ANGLE_UNIT ( ) );
#17 = ADVANCED_FACE ( 'NONE', ( #4415 ), #387, .F. ) ;
#18 = ORIENTED_EDGE ( 'NONE', *, *, #10250, .T. ) ;
#19 = PRESENTATION_STYLE_ASSIGNMENT (( #2414 ) ) ;
#20 = DIRECTION ( 'NONE',  ( -0.000000000000000000, -0.000000000000000000, -1.000000000000000000 ) ) ;
#21 = ORIENTED_EDGE ( 'NONE', *, *, #1288, .F. ) ;
#22 = ORIENTED_EDGE ( 'NONE', *, *, #615, .T. ) ;
#23 = SURFACE_SIDE_STYLE ('',( #831 ) ) ;
#24 = EDGE_CURVE ( 'NONE', #202, #6700, #7624, .T. ) ;
#25 = ORIENTED_EDGE ( 'NONE', *, *, #1804, .F. ) ;
#26 =( LENGTH_UNIT ( ) NAMED_UNIT ( * ) SI_UNIT ( .MILLI., .METRE. ) );
#27 = PLANE ( 'NONE',  #4850 ) ;
#28 = SURFACE_STYLE_FILL_AREA ( #3225 ) ;
#29 = DIRECTION ( 'NONE',  ( 0.000000000000000000, 1.000000000000000000, 0.000000000000000000 ) ) ;
#30 = ORIENTED_EDGE ( 'NONE', *, *, #9604, .T. ) ;
#31 =( NAMED_UNIT ( * ) SI_UNIT ( $, .STERADIAN. ) SOLID_ANGLE_UNIT ( ) );
#32 = PLANE ( 'NONE',  #9773 ) ;
#33 = ORIENTED_EDGE ( 'NONE', *, *, #4424, .T. ) ;
#34 = EDGE_CURVE ( 'NONE', #7385, #8837, #9137, .T. ) ;
#35 = CARTESIAN_POINT ( 'NONE',  ( 2.050000000000000266, -0.05000000000000000278, -1.100000000000000089 ) ) ;
#36 = PRESENTATION_STYLE_ASSIGNMENT (( #5534 ) ) ;
#37 = CARTESIAN_POINT ( 'NONE',  ( -0.2999999999999792277, 0.1499999999999999944, -2.050000000000000266 ) ) ;
#38 = FILL_AREA_STYLE ('',( #3235 ) ) ;
#39 = LINE ( 'NONE', #1061, #1852 ) ;
#40 = UNCERTAINTY_MEASURE_WITH_UNIT (LENGTH_MEASURE( 1.000000000000000082E-05 ), #6928, 'distance_accuracy_value', 'NONE');
#41 = DIRECTION ( 'NONE',  ( -0.000000000000000000, -1.000000000000000000, -0.000000000000000000 ) ) ;
#42 = DIRECTION ( 'NONE',  ( 1.000000000000000000, 0.000000000000000000, 0.000000000000000000 ) ) ;
#43 = EDGE_CURVE ( 'NONE', #4995, #1974, #6031, .T. ) ;
#44 = EDGE_CURVE ( 'NONE', #8211, #6102, #6757, .T. ) ;
#45 = SURFACE_SIDE_STYLE ('',( #5742 ) ) ;
#46 = CARTESIAN_POINT ( 'NONE',  ( -0.5500000000000003775, 0.000000000000000000, 0.1499999999999995226 ) ) ;
#47 = ORIENTED_EDGE ( 'NONE', *, *, #9973, .T. ) ;
#48 =( GEOMETRIC_REPRESENTATION_CONTEXT ( 3 ) GLOBAL_UNCERTAINTY_ASSIGNED_CONTEXT ( ( #10232 ) ) GLOBAL_UNIT_ASSIGNED_CONTEXT ( ( #6205, #8590, #1325 ) ) REPRESENTATION_CONTEXT ( 'NONE', 'WORKASPACE' ) );
#49 = FILL_AREA_STYLE_COLOUR ( '', #5379 ) ;
#50 =( NAMED_UNIT ( * ) PLANE_ANGLE_UNIT ( ) SI_UNIT ( $, .RADIAN. ) );
#51 = LINE ( 'NONE', #5799, #6961 ) ;
#52 =( NAMED_UNIT ( * ) PLANE_ANGLE_UNIT ( ) SI_UNIT ( $, .RADIAN. ) );
#53 = VECTOR ( 'NONE', #4360, 1000.000000000000000 ) ;
#54 = DIRECTION ( 'NONE',  ( -0.000000000000000000, -0.000000000000000000, -1.000000000000000000 ) ) ;
#55 = VERTEX_POINT ( 'NONE', #7681 ) ;
#56 = UNCERTAINTY_MEASURE_WITH_UNIT (LENGTH_MEASURE( 1.000000000000000082E-05 ), #4107, 'distance_accuracy_value', 'NONE');
#57 =( LENGTH_UNIT ( ) NAMED_UNIT ( * ) SI_UNIT ( .MILLI., .METRE. ) );
#58 = DIRECTION ( 'NONE',  ( -0.000000000000000000, 1.000000000000000000, 0.000000000000000000 ) ) ;
#59 = VECTOR ( 'NONE', #6379, 1000.000000000000000 ) ;
#60 = AXIS2_PLACEMENT_3D ( 'NONE', #8726, #645, #9339 ) ;
#61 = ORIENTED_EDGE ( 'NONE', *, *, #2202, .T. ) ;
#62 = DIRECTION ( 'NONE',  ( -0.000000000000000000, 0.000000000000000000, 1.000000000000000000 ) ) ;
#63 = DIRECTION ( 'NONE',  ( 1.000000000000000000, -0.000000000000000000, 1.445602896647340149E-16 ) ) ;
#64 = DIRECTION ( 'NONE',  ( 0.000000000000000000, 1.000000000000000000, 0.000000000000000000 ) ) ;
#65 = ORIENTED_EDGE ( 'NONE', *, *, #8720, .T. ) ;
#66 = EDGE_CURVE ( 'NONE', #5037, #8004, #503, .T. ) ;
#67 = EDGE_CURVE ( 'NONE', #4054, #1054, #10120, .T. ) ;
#68 = VERTEX_POINT ( 'NONE', #9087 ) ;
#69 = PRESENTATION_LAYER_ASSIGNMENT (  '', '', ( #763 ) ) ;
#70 =( GEOMETRIC_REPRESENTATION_CONTEXT ( 3 ) GLOBAL_UNCERTAINTY_ASSIGNED_CONTEXT ( ( #2731 ) ) GLOBAL_UNIT_ASSIGNED_CONTEXT ( ( #3889, #3080, #6278 ) ) REPRESENTATION_CONTEXT ( 'NONE', 'WORKASPACE' ) );
#71 = LINE ( 'NONE', #722, #8325 ) ;
#72 = MECHANICAL_DESIGN_GEOMETRIC_PRESENTATION_REPRESENTATION (  '', ( #6976 ), #8115 ) ;
#73 = ORIENTED_EDGE ( 'NONE', *, *, #6053, .T. ) ;
#74 = SURFACE_STYLE_FILL_AREA ( #7325 ) ;
#75 = SURFACE_STYLE_USAGE ( .BOTH. , #10358 ) ;
#76 =( GEOMETRIC_REPRESENTATION_CONTEXT ( 3 ) GLOBAL_UNCERTAINTY_ASSIGNED_CONTEXT ( ( #394 ) ) GLOBAL_UNIT_ASSIGNED_CONTEXT ( ( #6309, #2337, #7278 ) ) REPRESENTATION_CONTEXT ( 'NONE', 'WORKASPACE' ) );
#77 =( NAMED_UNIT ( * ) PLANE_ANGLE_UNIT ( ) SI_UNIT ( $, .RADIAN. ) );
#78 = ORIENTED_EDGE ( 'NONE', *, *, #5721, .T. ) ;
#79 = FILL_AREA_STYLE ('',( #7196 ) ) ;
#80 = AXIS2_PLACEMENT_3D ( 'NONE', #929, #7425, #1045 ) ;
#81 = SURFACE_STYLE_FILL_AREA ( #9723 ) ;
#82 = VECTOR ( 'NONE', #9691, 1000.000000000000000 ) ;
#83 =( GEOMETRIC_REPRESENTATION_CONTEXT ( 3 ) GLOBAL_UNCERTAINTY_ASSIGNED_CONTEXT ( ( #5128 ) ) GLOBAL_UNIT_ASSIGNED_CONTEXT ( ( #5294, #2878, #1209 ) ) REPRESENTATION_CONTEXT ( 'NONE', 'WORKASPACE' ) );
#84 = EDGE_CURVE ( 'NONE', #9774, #5939, #1918, .T. ) ;
#85 = CARTESIAN_POINT ( 'NONE',  ( 2.000000000000000000, 0.000000000000000000, -2.000000000000000000 ) ) ;
#86 = VECTOR ( 'NONE', #3770, 1000.000000000000000 ) ;
#87 = ORIENTED_EDGE ( 'NONE', *, *, #2693, .F. ) ;
#88 =( LENGTH_UNIT ( ) NAMED_UNIT ( * ) SI_UNIT ( .MILLI., .METRE. ) );
#89 = DIRECTION ( 'NONE',  ( -0.000000000000000000, -1.355252715606880049E-16, 1.000000000000000000 ) ) ;
#90 = LINE ( 'NONE', #7202, #9662 ) ;
#91 = AXIS2_PLACEMENT_3D ( 'NONE', #3285, #4910, #162 ) ;
#92 =( GEOMETRIC_REPRESENTATION_CONTEXT ( 3 ) GLOBAL_UNCERTAINTY_ASSIGNED_CONTEXT ( ( #3057 ) ) GLOBAL_UNIT_ASSIGNED_CONTEXT ( ( #9623, #1729, #885 ) ) REPRESENTATION_CONTEXT ( 'NONE', 'WORKASPACE' ) );
#93 = LINE ( 'NONE', #9538, #6827 ) ;
#94 = STYLED_ITEM ( 'NONE', ( #9468 ), #3125 ) ;
#95 = PRESENTATION_STYLE_ASSIGNMENT (( #6468 ) ) ;
#96 = VECTOR ( 'NONE', #3069, 1000.000000000000000 ) ;
#97 =( LENGTH_UNIT ( ) NAMED_UNIT ( * ) SI_UNIT ( .MILLI., .METRE. ) );
#98 = AXIS2_PLACEMENT_3D ( 'NONE', #6169, #9331, #6998 ) ;
#99 = DIRECTION ( 'NONE',  ( -0.000000000000000000, 1.000000000000000000, -0.000000000000000000 ) ) ;
#100 = CARTESIAN_POINT ( 'NONE',  ( 2.000000000000000000, 0.000000000000000000, -2.000000000000000000 ) ) ;
#101 = ORIENTED_EDGE ( 'NONE', *, *, #4088, .T. ) ;
#102 = FILL_AREA_STYLE ('',( #5790 ) ) ;
#103 =( GEOMETRIC_REPRESENTATION_CONTEXT ( 3 ) GLOBAL_UNCERTAINTY_ASSIGNED_CONTEXT ( ( #8088 ) ) GLOBAL_UNIT_ASSIGNED_CONTEXT ( ( #6064, #2056, #2230 ) ) REPRESENTATION_CONTEXT ( 'NONE', 'WORKASPACE' ) );
#104 = VECTOR ( 'NONE', #2928, 1000.000000000000000 ) ;
#105 = CARTESIAN_POINT ( 'NONE',  ( -0.05000000000001222911, 0.000000000000000000, 1.649999999999967049 ) ) ;
#106 = STYLED_ITEM ( 'NONE', ( #10018 ), #4345 ) ;
#107 = ADVANCED_FACE ( 'NONE', ( #7530 ), #9198, .F. ) ;
#108 = EDGE_CURVE ( 'NONE', #7352, #4015, #3834, .T. ) ;
#109 = CARTESIAN_POINT ( 'NONE',  ( 1.450000000000020828, 0.1499999999999999944, 2.000000000000000000 ) ) ;
#110 = DIRECTION ( 'NONE',  ( 0.000000000000000000, 0.000000000000000000, -1.000000000000000000 ) ) ;
#111 =( NAMED_UNIT ( * ) PLANE_ANGLE_UNIT ( ) SI_UNIT ( $, .RADIAN. ) );
#112 = VECTOR ( 'NONE', #6721, 1000.000000000000000 ) ;
#113 = LINE ( 'NONE', #5077, #6648 ) ;
#114 = VECTOR ( 'NONE', #9585, 1000.000000000000000 ) ;
#115 =( NAMED_UNIT ( * ) SI_UNIT ( $, .STERADIAN. ) SOLID_ANGLE_UNIT ( ) );
#116 = ORIENTED_EDGE ( 'NONE', *, *, #6454, .T. ) ;
#117 =( NAMED_UNIT ( * ) SI_UNIT ( $, .STERADIAN. ) SOLID_ANGLE_UNIT ( ) );
#118 = CARTESIAN_POINT ( 'NONE',  ( 2.000000000000000000, -1.355252715606880543E-17, -1.100000000000000089 ) ) ;
#119 = UNCERTAINTY_MEASURE_WITH_UNIT (LENGTH_MEASURE( 1.000000000000000082E-05 ), #3048, 'distance_accuracy_value', 'NONE');
#120 = AXIS2_PLACEMENT_3D ( 'NONE', #9708, #58, #6553 ) ;
#121 = MECHANICAL_DESIGN_GEOMETRIC_PRESENTATION_REPRESENTATION (  '', ( #6681 ), #1817 ) ;
#122 = EDGE_CURVE ( 'NONE', #6904, #5057, #4716, .T. ) ;
#123 = VERTEX_POINT ( 'NONE', #1547 ) ;
#124 = SURFACE_SIDE_STYLE ('',( #4145 ) ) ;
#125 = COLOUR_RGB ( '',0.7686274509803920907, 0.7686274509803920907, 0.7686274509803920907 ) ;
#126 = PLANE ( 'NONE',  #2683 ) ;
#127 = ORIENTED_EDGE ( 'NONE', *, *, #3647, .F. ) ;
#128 = PRESENTATION_STYLE_ASSIGNMENT (( #5818 ) ) ;
#129 = EDGE_LOOP ( 'NONE', ( #8196, #3000, #6942, #73 ) ) ;
#130 = CIRCLE ( 'NONE', #3512, 0.04999999999999995420 ) ;
#131 = MECHANICAL_DESIGN_GEOMETRIC_PRESENTATION_REPRESENTATION (  '', ( #647 ), #9830 ) ;
#132 = LINE ( 'NONE', #4931, #5482 ) ;
#133 = PRESENTATION_STYLE_ASSIGNMENT (( #7324 ) ) ;
#134 =( GEOMETRIC_REPRESENTATION_CONTEXT ( 3 ) GLOBAL_UNCERTAINTY_ASSIGNED_CONTEXT ( ( #6394 ) ) GLOBAL_UNIT_ASSIGNED_CONTEXT ( ( #2057, #7554, #2048 ) ) REPRESENTATION_CONTEXT ( 'NONE', 'WORKASPACE' ) );
#135 = AXIS2_PLACEMENT_3D ( 'NONE', #9882, #2108, #1222 ) ;
#136 =( LENGTH_UNIT ( ) NAMED_UNIT ( * ) SI_UNIT ( .MILLI., .METRE. ) );
#137 = ORIENTED_EDGE ( 'NONE', *, *, #4761, .F. ) ;
#138 = SURFACE_STYLE_FILL_AREA ( #79 ) ;
#139 = EDGE_CURVE ( 'NONE', #9562, #3712, #9494, .T. ) ;
#140 = CARTESIAN_POINT ( 'NONE',  ( 1.249999999999999112, 0.000000000000000000, 0.4499999999999999001 ) ) ;
#141 = PRESENTATION_LAYER_ASSIGNMENT (  '', '', ( #3351 ) ) ;
#142 = CARTESIAN_POINT ( 'NONE',  ( 0.000000000000000000, 1.000000000000000000, 0.000000000000000000 ) ) ;
#143 = STYLED_ITEM ( 'NONE', ( #4281 ), #5390 ) ;
#144 = ORIENTED_EDGE ( 'NONE', *, *, #6095, .F. ) ;
#145 = CARTESIAN_POINT ( 'NONE',  ( 0.05000000000002047945, -0.05000000000000000278, -1.599999999999999645 ) ) ;
#146 = LINE ( 'NONE', #2688, #4316 ) ;
#147 =( NAMED_UNIT ( * ) SI_UNIT ( $, .STERADIAN. ) SOLID_ANGLE_UNIT ( ) );
#148 = PRESENTATION_LAYER_ASSIGNMENT (  '', '', ( #2193 ) ) ;
#149 = PRESENTATION_LAYER_ASSIGNMENT (  '', '', ( #4705 ) ) ;
#150 = LINE ( 'NONE', #5106, #3664 ) ;
#151 = EDGE_CURVE ( 'NONE', #5892, #9838, #701, .T. ) ;
#152 = AXIS2_PLACEMENT_3D ( 'NONE', #7019, #10177, #5400 ) ;
#153 = VECTOR ( 'NONE', #9779, 1000.000000000000000 ) ;
#154 = ORIENTED_EDGE ( 'NONE', *, *, #801, .F. ) ;
#155 = CARTESIAN_POINT ( 'NONE',  ( 2.000000000000012879, -0.05000000000000000278, -1.100000000000000089 ) ) ;
#156 = ORIENTED_EDGE ( 'NONE', *, *, #3315, .T. ) ;
#157 = CARTESIAN_POINT ( 'NONE',  ( 1.199999999999996403, -0.05000000000000000278, 1.150000000000000355 ) ) ;
#158 = SURFACE_STYLE_USAGE ( .BOTH. , #45 ) ;
#159 = PRESENTATION_STYLE_ASSIGNMENT (( #3384 ) ) ;
#160 = VERTEX_POINT ( 'NONE', #6187 ) ;
#161 = CARTESIAN_POINT ( 'NONE',  ( 1.200000000000008837, -0.05000000000000000278, -0.8499999999999997558 ) ) ;
#162 = DIRECTION ( 'NONE',  ( 0.000000000000000000, 0.000000000000000000, 1.000000000000000000 ) ) ;
#163 = EDGE_CURVE ( 'NONE', #3636, #9110, #3967, .T. ) ;
#164 = LINE ( 'NONE', #1745, #3359 ) ;
#165 = DIRECTION ( 'NONE',  ( -1.000000000000000000, 0.000000000000000000, -1.239088197126173326E-15 ) ) ;
#166 = SURFACE_STYLE_USAGE ( .BOTH. , #7303 ) ;
#167 = CARTESIAN_POINT ( 'NONE',  ( -2.000000000000000000, 0.000000000000000000, -2.000000000000000000 ) ) ;
#168 =( LENGTH_UNIT ( ) NAMED_UNIT ( * ) SI_UNIT ( .MILLI., .METRE. ) );
#169 = CARTESIAN_POINT ( 'NONE',  ( -1.450000000000020828, -0.05000000000000000278, -2.050000000000000266 ) ) ;
#170 = LINE ( 'NONE', #5864, #1322 ) ;
#171 = DIRECTION ( 'NONE',  ( 0.000000000000000000, 0.000000000000000000, 1.000000000000000000 ) ) ;
#172 =( NAMED_UNIT ( * ) PLANE_ANGLE_UNIT ( ) SI_UNIT ( $, .RADIAN. ) );
#173 = ORIENTED_EDGE ( 'NONE', *, *, #3726, .T. ) ;
#174 = UNCERTAINTY_MEASURE_WITH_UNIT (LENGTH_MEASURE( 1.000000000000000082E-05 ), #1151, 'distance_accuracy_value', 'NONE');
#175 = EDGE_CURVE ( 'NONE', #6964, #9681, #10331, .T. ) ;
#176 = FILL_AREA_STYLE ('',( #8317 ) ) ;
#177 = EDGE_CURVE ( 'NONE', #9049, #8169, #5553, .T. ) ;
#178 = DIRECTION ( 'NONE',  ( -1.000000000000000000, 0.000000000000000000, -0.000000000000000000 ) ) ;
#179 = EDGE_LOOP ( 'NONE', ( #3385, #372, #9748, #8450 ) ) ;
#180 = PLANE ( 'NONE',  #7245 ) ;
#181 = CYLINDRICAL_SURFACE ( 'NONE', #6955, 0.04999999999996695282 ) ;
#182 = VERTEX_POINT ( 'NONE', #5398 ) ;
#183 = PRESENTATION_STYLE_ASSIGNMENT (( #1091 ) ) ;
#184 = ORIENTED_EDGE ( 'NONE', *, *, #2706, .F. ) ;
#185 = ADVANCED_FACE ( 'NONE', ( #6237 ), #7928, .T. ) ;
#186 = FILL_AREA_STYLE ('',( #4989 ) ) ;
#187 = SURFACE_SIDE_STYLE ('',( #4990 ) ) ;
#188 = DIRECTION ( 'NONE',  ( -0.000000000000000000, 1.000000000000000000, -0.000000000000000000 ) ) ;
#189 = PLANE ( 'NONE',  #7674 ) ;
#190 = LINE ( 'NONE', #3412, #8673 ) ;
#191 = FILL_AREA_STYLE ('',( #995 ) ) ;
#192 = VERTEX_POINT ( 'NONE', #4132 ) ;
#193 = FACE_OUTER_BOUND ( 'NONE', #8154, .T. ) ;
#194 = CARTESIAN_POINT ( 'NONE',  ( 2.000000000000004885, -0.05000000000000000278, -0.3000000000000000444 ) ) ;
#195 = DIRECTION ( 'NONE',  ( 0.000000000000000000, -0.000000000000000000, -1.000000000000000000 ) ) ;
#196 = ORIENTED_EDGE ( 'NONE', *, *, #8655, .F. ) ;
#197 = ORIENTED_EDGE ( 'NONE', *, *, #8418, .T. ) ;
#198 = UNCERTAINTY_MEASURE_WITH_UNIT (LENGTH_MEASURE( 1.000000000000000082E-05 ), #9057, 'distance_accuracy_value', 'NONE');
#199 = PLANE ( 'NONE',  #5165 ) ;
#200 = SURFACE_STYLE_FILL_AREA ( #2583 ) ;
#201 = DIRECTION ( 'NONE',  ( 1.000000000000000000, -0.000000000000000000, -0.000000000000000000 ) ) ;
#202 = VERTEX_POINT ( 'NONE', #901 ) ;
#203 = SURFACE_STYLE_USAGE ( .BOTH. , #1796 ) ;
#204 = EDGE_LOOP ( 'NONE', ( #8091, #3804, #5759, #507 ) ) ;
#205 = CARTESIAN_POINT ( 'NONE',  ( 2.050000000000000266, 0.1499999999999999944, -0.2999999999999999334 ) ) ;
#206 = LINE ( 'NONE', #100, #5460 ) ;
#207 = EDGE_CURVE ( 'NONE', #4163, #4383, #4963, .T. ) ;
#208 = LINE ( 'NONE', #7295, #6190 ) ;
#209 = ORIENTED_EDGE ( 'NONE', *, *, #6914, .F. ) ;
#210 = EDGE_CURVE ( 'NONE', #5675, #6620, #8144, .T. ) ;
#211 = FILL_AREA_STYLE_COLOUR ( '', #3333 ) ;
#212 = CARTESIAN_POINT ( 'NONE',  ( -2.000000000000000000, 0.000000000000000000, -0.1500000000000004663 ) ) ;
#213 = SURFACE_SIDE_STYLE ('',( #1026 ) ) ;
#214 = LINE ( 'NONE', #1812, #9667 ) ;
#215 = DIRECTION ( 'NONE',  ( 0.000000000000000000, 0.000000000000000000, 1.000000000000000000 ) ) ;
#216 = ADVANCED_FACE ( 'NONE', ( #5702 ), #9587, .F. ) ;
#217 =( NAMED_UNIT ( * ) SI_UNIT ( $, .STERADIAN. ) SOLID_ANGLE_UNIT ( ) );
#219 = ORIENTED_EDGE ( 'NONE', *, *, #1748, .F. ) ;
#218 = DIRECTION ( 'NONE',  ( 0.000000000000000000, -1.000000000000000000, 0.000000000000000000 ) ) ;
#220 = CARTESIAN_POINT ( 'NONE',  ( 0.000000000000000000, 0.000000000000000000, 0.000000000000000000 ) ) ;
#221 = VERTEX_POINT ( 'NONE', #9741 ) ;
#222 = PRESENTATION_STYLE_ASSIGNMENT (( #1034 ) ) ;
#223 = PRESENTATION_LAYER_ASSIGNMENT (  '', '', ( #8767 ) ) ;
#224 = ORIENTED_EDGE ( 'NONE', *, *, #8200, .F. ) ;
#225 = LINE ( 'NONE', #9863, #6041 ) ;
#226 =( NAMED_UNIT ( * ) SI_UNIT ( $, .STERADIAN. ) SOLID_ANGLE_UNIT ( ) );
#227 = ORIENTED_EDGE ( 'NONE', *, *, #3511, .T. ) ;
#228 =( NAMED_UNIT ( * ) SI_UNIT ( $, .STERADIAN. ) SOLID_ANGLE_UNIT ( ) );
#229 = ORIENTED_EDGE ( 'NONE', *, *, #5296, .F. ) ;
#230 = CARTESIAN_POINT ( 'NONE',  ( 2.000000000000008882, -0.05000000000000000278, -0.9000000000000001332 ) ) ;
#231 = DIRECTION ( 'NONE',  ( 0.000000000000000000, 0.000000000000000000, 1.000000000000000000 ) ) ;
#232 = FILL_AREA_STYLE_COLOUR ( '', #7188 ) ;
#233 = VECTOR ( 'NONE', #6547, 1000.000000000000000 ) ;
#234 = VECTOR ( 'NONE', #4555, 1000.000000000000000 ) ;
#235 = CARTESIAN_POINT ( 'NONE',  ( -1.450000000000020828, -0.05000000000000000278, -2.000000000000000000 ) ) ;
#236 = ORIENTED_EDGE ( 'NONE', *, *, #7643, .T. ) ;
#237 = PRESENTATION_STYLE_ASSIGNMENT (( #1050 ) ) ;
#238 = LINE ( 'NONE', #194, #7139 ) ;
#239 = EDGE_CURVE ( 'NONE', #3682, #2949, #4453, .T. ) ;
#240 = ADVANCED_FACE ( 'NONE', ( #6633 ), #3288, .F. ) ;
#241 = PLANE ( 'NONE',  #8447 ) ;
#242 = ORIENTED_EDGE ( 'NONE', *, *, #5141, .T. ) ;
#243 = VECTOR ( 'NONE', #4550, 1000.000000000000000 ) ;
#244 = CIRCLE ( 'NONE', #10111, 0.04999999999996716793 ) ;
#245 = MECHANICAL_DESIGN_GEOMETRIC_PRESENTATION_REPRESENTATION (  '', ( #3808 ), #8466 ) ;
#246 = ORIENTED_EDGE ( 'NONE', *, *, #5335, .F. ) ;
#247 =( GEOMETRIC_REPRESENTATION_CONTEXT ( 3 ) GLOBAL_UNCERTAINTY_ASSIGNED_CONTEXT ( ( #8886 ) ) GLOBAL_UNIT_ASSIGNED_CONTEXT ( ( #6994, #5961, #3011 ) ) REPRESENTATION_CONTEXT ( 'NONE', 'WORKASPACE' ) );
#248 = EDGE_LOOP ( 'NONE', ( #7195, #9731, #8232, #4323, #9637, #8061 ) ) ;
#249 = PRESENTATION_STYLE_ASSIGNMENT (( #4461 ) ) ;
#250 = LINE ( 'NONE', #5161, #2630 ) ;
#251 = DIRECTION ( 'NONE',  ( -1.000000000000000000, 0.000000000000000000, 0.000000000000000000 ) ) ;
#252 = SURFACE_STYLE_USAGE ( .BOTH. , #9017 ) ;
#253 = CIRCLE ( 'NONE', #9789, 0.04999999999996716793 ) ;
#254 = ORIENTED_EDGE ( 'NONE', *, *, #7500, .F. ) ;
#255 = VECTOR ( 'NONE', #2135, 1000.000000000000000 ) ;
#256 = CARTESIAN_POINT ( 'NONE',  ( -0.2999999999999792277, 0.1499999999999999944, 2.050000000000000266 ) ) ;
#257 = VERTEX_POINT ( 'NONE', #1865 ) ;
#258 = DIRECTION ( 'NONE',  ( -1.000000000000000000, -0.000000000000000000, -0.000000000000000000 ) ) ;
#259 = MECHANICAL_DESIGN_GEOMETRIC_PRESENTATION_REPRESENTATION (  '', ( #4478 ), #4976 ) ;
#260 = DIRECTION ( 'NONE',  ( -0.000000000000000000, 0.000000000000000000, -1.000000000000000000 ) ) ;
#261 = SURFACE_SIDE_STYLE ('',( #3329 ) ) ;
#262 = LINE ( 'NONE', #6475, #636 ) ;
#263 = EDGE_CURVE ( 'NONE', #9985, #8843, #1649, .T. ) ;
#264 = ORIENTED_EDGE ( 'NONE', *, *, #5955, .F. ) ;
#265 = MECHANICAL_DESIGN_GEOMETRIC_PRESENTATION_REPRESENTATION (  '', ( #10303 ), #8493 ) ;
#266 = FACE_OUTER_BOUND ( 'NONE', #1763, .T. ) ;
#267 = FILL_AREA_STYLE_COLOUR ( '', #7813 ) ;
#268 = CARTESIAN_POINT ( 'NONE',  ( 2.000000000000000000, 0.1500000000000000222, -0.1000000000000000472 ) ) ;
#269 =( GEOMETRIC_REPRESENTATION_CONTEXT ( 3 ) GLOBAL_UNCERTAINTY_ASSIGNED_CONTEXT ( ( #1707 ) ) GLOBAL_UNIT_ASSIGNED_CONTEXT ( ( #8121, #1731, #3273 ) ) REPRESENTATION_CONTEXT ( 'NONE', 'WORKASPACE' ) );
#270 = DIRECTION ( 'NONE',  ( 0.000000000000000000, 1.000000000000000000, 0.000000000000000000 ) ) ;
#271 = DIRECTION ( 'NONE',  ( 0.000000000000000000, -1.000000000000000000, 0.000000000000000000 ) ) ;
#272 = EDGE_CURVE ( 'NONE', #5190, #6814, #7670, .T. ) ;
#273 =( GEOMETRIC_REPRESENTATION_CONTEXT ( 3 ) GLOBAL_UNCERTAINTY_ASSIGNED_CONTEXT ( ( #3361 ) ) GLOBAL_UNIT_ASSIGNED_CONTEXT ( ( #884, #2395, #4110 ) ) REPRESENTATION_CONTEXT ( 'NONE', 'WORKASPACE' ) );
#274 = SURFACE_STYLE_USAGE ( .BOTH. , #7518 ) ;
#275 = CARTESIAN_POINT ( 'NONE',  ( -0.4500000000000122236, -0.05000000000000000278, -1.649999999999967049 ) ) ;
#276 = LINE ( 'NONE', #5751, #4949 ) ;
#277 = DIRECTION ( 'NONE',  ( 0.000000000000000000, 0.000000000000000000, 1.000000000000000000 ) ) ;
#278 = ORIENTED_EDGE ( 'NONE', *, *, #949, .F. ) ;
#279 =( GEOMETRIC_REPRESENTATION_CONTEXT ( 3 ) GLOBAL_UNCERTAINTY_ASSIGNED_CONTEXT ( ( #7005 ) ) GLOBAL_UNIT_ASSIGNED_CONTEXT ( ( #9992, #2893, #8599 ) ) REPRESENTATION_CONTEXT ( 'NONE', 'WORKASPACE' ) );
#280 = UNCERTAINTY_MEASURE_WITH_UNIT (LENGTH_MEASURE( 1.000000000000000082E-05 ), #9092, 'distance_accuracy_value', 'NONE');
#281 = AXIS2_PLACEMENT_3D ( 'NONE', #910, #2610, #6644 ) ;
#282 = DIRECTION ( 'NONE',  ( 0.000000000000000000, -0.000000000000000000, -1.000000000000000000 ) ) ;
#283 = AXIS2_PLACEMENT_3D ( 'NONE', #2607, #3505, #1912 ) ;
#284 = CARTESIAN_POINT ( 'NONE',  ( 1.200000000000000622, -0.05000000000000000278, -1.149999999999933964 ) ) ;
#285 = EDGE_CURVE ( 'NONE', #6133, #3731, #2021, .T. ) ;
#286 = VERTEX_POINT ( 'NONE', #6690 ) ;
#287 = LINE ( 'NONE', #9047, #5701 ) ;
#288 = STYLED_ITEM ( 'NONE', ( #3912 ), #9536 ) ;
#289 = CARTESIAN_POINT ( 'NONE',  ( -0.5500000000000003775, 0.000000000000000000, -0.1500000000000004663 ) ) ;
#290 = MECHANICAL_DESIGN_GEOMETRIC_PRESENTATION_REPRESENTATION (  '', ( #9987 ), #3199 ) ;
#291 = COLOUR_RGB ( '',0.000000000000000000, 0.000000000000000000, 0.000000000000000000 ) ;
#292 = ORIENTED_EDGE ( 'NONE', *, *, #949, .T. ) ;
#293 = FILL_AREA_STYLE_COLOUR ( '', #714 ) ;
#294 = FILL_AREA_STYLE ('',( #1830 ) ) ;
#295 = ORIENTED_EDGE ( 'NONE', *, *, #10092, .F. ) ;
#296 =( LENGTH_UNIT ( ) NAMED_UNIT ( * ) SI_UNIT ( .MILLI., .METRE. ) );
#297 = COLOUR_RGB ( '',0.7686274509803920907, 0.7686274509803920907, 0.7686274509803920907 ) ;
#298 = COLOUR_RGB ( '',0.7686274509803920907, 0.7686274509803920907, 0.7686274509803920907 ) ;
#299 = CARTESIAN_POINT ( 'NONE',  ( 2.000000000000000000, 0.000000000000000000, -0.1000000000000000472 ) ) ;
#300 = VECTOR ( 'NONE', #3076, 1000.000000000000000 ) ;
#301 =( NAMED_UNIT ( * ) PLANE_ANGLE_UNIT ( ) SI_UNIT ( $, .RADIAN. ) );
#302 = VERTEX_POINT ( 'NONE', #9852 ) ;
#303 = SURFACE_STYLE_FILL_AREA ( #8170 ) ;
#304 =( NAMED_UNIT ( * ) PLANE_ANGLE_UNIT ( ) SI_UNIT ( $, .RADIAN. ) );
#305 = DIRECTION ( 'NONE',  ( -0.000000000000000000, 1.000000000000000000, -0.000000000000000000 ) ) ;
#306 = ORIENTED_EDGE ( 'NONE', *, *, #2031, .T. ) ;
#307 = VECTOR ( 'NONE', #9904, 1000.000000000000000 ) ;
#308 = AXIS2_PLACEMENT_3D ( 'NONE', #5676, #839, #4848 ) ;
#309 = ORIENTED_EDGE ( 'NONE', *, *, #1558, .T. ) ;
#310 = ORIENTED_EDGE ( 'NONE', *, *, #8268, .T. ) ;
#311 = UNCERTAINTY_MEASURE_WITH_UNIT (LENGTH_MEASURE( 1.000000000000000082E-05 ), #794, 'distance_accuracy_value', 'NONE');
#312 = FILL_AREA_STYLE_COLOUR ( '', #8963 ) ;
#313 = DIRECTION ( 'NONE',  ( 1.000000000000000000, 0.000000000000000000, 0.000000000000000000 ) ) ;
#314 = EDGE_CURVE ( 'NONE', #9927, #5900, #7786, .T. ) ;
#315 = LINE ( 'NONE', #5224, #6495 ) ;
#316 = LINE ( 'NONE', #1270, #4195 ) ;
#317 = EDGE_CURVE ( 'NONE', #4956, #8299, #378, .T. ) ;
#318 =( GEOMETRIC_REPRESENTATION_CONTEXT ( 3 ) GLOBAL_UNCERTAINTY_ASSIGNED_CONTEXT ( ( #5160 ) ) GLOBAL_UNIT_ASSIGNED_CONTEXT ( ( #4119, #3326, #7351 ) ) REPRESENTATION_CONTEXT ( 'NONE', 'WORKASPACE' ) );
#319 = MECHANICAL_DESIGN_GEOMETRIC_PRESENTATION_REPRESENTATION (  '', ( #4861 ), #819 ) ;
#320 = VECTOR ( 'NONE', #8093, 1000.000000000000000 ) ;
#321 = ORIENTED_EDGE ( 'NONE', *, *, #4736, .T. ) ;
#322 = COLOUR_RGB ( '',0.7686274509803920907, 0.7686274509803920907, 0.7686274509803920907 ) ;
#323 = ORIENTED_EDGE ( 'NONE', *, *, #9144, .T. ) ;
#324 =( GEOMETRIC_REPRESENTATION_CONTEXT ( 3 ) GLOBAL_UNCERTAINTY_ASSIGNED_CONTEXT ( ( #6464 ) ) GLOBAL_UNIT_ASSIGNED_CONTEXT ( ( #2625, #301, #1048 ) ) REPRESENTATION_CONTEXT ( 'NONE', 'WORKASPACE' ) );
#325 = SURFACE_STYLE_FILL_AREA ( #4336 ) ;
#326 = PRESENTATION_LAYER_ASSIGNMENT (  '', '', ( #5544 ) ) ;
#327 = CARTESIAN_POINT ( 'NONE',  ( -2.050000000000000266, 0.1499999999999999944, 0.9499999999999996225 ) ) ;
#328 = DIRECTION ( 'NONE',  ( -0.000000000000000000, -1.000000000000000000, -0.000000000000000000 ) ) ;
#329 = AXIS2_PLACEMENT_3D ( 'NONE', #8432, #6822, #9052 ) ;
#330 = ORIENTED_EDGE ( 'NONE', *, *, #8246, .F. ) ;
#331 = VECTOR ( 'NONE', #693, 1000.000000000000000 ) ;
#332 = LINE ( 'NONE', #7458, #2947 ) ;
#333 = FILL_AREA_STYLE_COLOUR ( '', #2381 ) ;
#334 = AXIS2_PLACEMENT_3D ( 'NONE', #5391, #5178, #3556 ) ;
#335 = PRESENTATION_STYLE_ASSIGNMENT (( #274 ) ) ;
#336 = LINE ( 'NONE', #2865, #8292 ) ;
#337 = CARTESIAN_POINT ( 'NONE',  ( 2.000000000000000000, 1.000000000000000000, 2.000000000000000000 ) ) ;
#338 = LINE ( 'NONE', #6869, #5172 ) ;
#339 = ORIENTED_EDGE ( 'NONE', *, *, #7243, .T. ) ;
#340 = COLOUR_RGB ( '',0.7686274509803920907, 0.7686274509803920907, 0.7686274509803920907 ) ;
#341 = PLANE ( 'NONE',  #6017 ) ;
#342 = EDGE_CURVE ( 'NONE', #3060, #4211, #3725, .T. ) ;
#343 = EDGE_LOOP ( 'NONE', ( #8259, #7053, #576, #5201 ) ) ;
#344 = LINE ( 'NONE', #1143, #3717 ) ;
#345 = DIRECTION ( 'NONE',  ( -0.000000000000000000, -0.000000000000000000, -1.000000000000000000 ) ) ;
#346 = ORIENTED_EDGE ( 'NONE', *, *, #7561, .F. ) ;
#347 =( NAMED_UNIT ( * ) PLANE_ANGLE_UNIT ( ) SI_UNIT ( $, .RADIAN. ) );
#348 = DIRECTION ( 'NONE',  ( -0.000000000000000000, 1.000000000000000000, -0.000000000000000000 ) ) ;
#349 = VERTEX_POINT ( 'NONE', #1237 ) ;
#350 = PRESENTATION_STYLE_ASSIGNMENT (( #7386 ) ) ;
#351 = EDGE_CURVE ( 'NONE', #4225, #8231, #332, .T. ) ;
#352 = CARTESIAN_POINT ( 'NONE',  ( 2.000000000000000000, 0.1499999999999999944, -0.6999999999999998446 ) ) ;
#353 = FACE_OUTER_BOUND ( 'NONE', #8392, .T. ) ;
#354 = EDGE_CURVE ( 'NONE', #4995, #3310, #6911, .T. ) ;
#355 = LINE ( 'NONE', #9001, #9326 ) ;
#356 = LINE ( 'NONE', #5884, #655 ) ;
#357 = ORIENTED_EDGE ( 'NONE', *, *, #8002, .T. ) ;
#358 = FILL_AREA_STYLE_COLOUR ( '', #4516 ) ;
#359 = FILL_AREA_STYLE ('',( #6889 ) ) ;
#360 = CARTESIAN_POINT ( 'NONE',  ( 2.000000000000000000, 1.000000000000000000, -2.000000000000000000 ) ) ;
#361 = ORIENTED_EDGE ( 'NONE', *, *, #2071, .F. ) ;
#362 = EDGE_CURVE ( 'NONE', #9784, #6964, #1289, .T. ) ;
#363 = VERTEX_POINT ( 'NONE', #1132 ) ;
#364 = ORIENTED_EDGE ( 'NONE', *, *, #10092, .T. ) ;
#365 = CARTESIAN_POINT ( 'NONE',  ( 2.000000000000000000, 0.000000000000000000, -2.000000000000000000 ) ) ;
#366 = PRESENTATION_STYLE_ASSIGNMENT (( #5268 ) ) ;
#367 = DIRECTION ( 'NONE',  ( -0.000000000000000000, -1.000000000000000000, 0.000000000000000000 ) ) ;
#368 = FILL_AREA_STYLE ('',( #5164 ) ) ;
#369 = VERTEX_POINT ( 'NONE', #4492 ) ;
#370 = EDGE_CURVE ( 'NONE', #7884, #4458, #10064, .T. ) ;
#371 = ORIENTED_EDGE ( 'NONE', *, *, #8716, .F. ) ;
#372 = ORIENTED_EDGE ( 'NONE', *, *, #4596, .F. ) ;
#373 = DIRECTION ( 'NONE',  ( 0.000000000000000000, -1.000000000000000000, 0.000000000000000000 ) ) ;
#374 = EDGE_LOOP ( 'NONE', ( #321, #6010, #4757, #4031, #4452, #6194 ) ) ;
#375 = CARTESIAN_POINT ( 'NONE',  ( -2.000000000000000000, -1.355252715606880543E-17, 0.6999999999999994005 ) ) ;
#376 = SURFACE_STYLE_FILL_AREA ( #1904 ) ;
#377 = UNCERTAINTY_MEASURE_WITH_UNIT (LENGTH_MEASURE( 1.000000000000000082E-05 ), #4187, 'distance_accuracy_value', 'NONE');
#378 = LINE ( 'NONE', #2070, #7131 ) ;
#379 = PRESENTATION_STYLE_ASSIGNMENT (( #7569 ) ) ;
#380 = EDGE_CURVE ( 'NONE', #5374, #160, #6796, .T. ) ;
#381 = EDGE_CURVE ( 'NONE', #7932, #3450, #1347, .T. ) ;
#382 = CARTESIAN_POINT ( 'NONE',  ( 1.400000000000053868, -0.05000000000000000278, 1.649999999999966827 ) ) ;
#384 = EDGE_LOOP ( 'NONE', ( #8159, #9345, #2978, #4218 ) ) ;
#383 = PLANE ( 'NONE',  #3135 ) ;
#385 = EDGE_LOOP ( 'NONE', ( #3537, #5070, #7891, #3955 ) ) ;
#386 = SURFACE_SIDE_STYLE ('',( #7525 ) ) ;
#387 = PLANE ( 'NONE',  #4456 ) ;
#388 = DIRECTION ( 'NONE',  ( 1.000000000000000000, -0.000000000000000000, -0.000000000000000000 ) ) ;
#389 = CARTESIAN_POINT ( 'NONE',  ( 1.250000000000000888, -0.05000000000000000278, 0.09999999999999986677 ) ) ;
#390 = ORIENTED_EDGE ( 'NONE', *, *, #9893, .F. ) ;
#391 = DIRECTION ( 'NONE',  ( -0.000000000000000000, 0.000000000000000000, 1.000000000000000000 ) ) ;
#392 = VECTOR ( 'NONE', #4053, 1000.000000000000000 ) ;
#393 = VERTEX_POINT ( 'NONE', #6018 ) ;
#394 = UNCERTAINTY_MEASURE_WITH_UNIT (LENGTH_MEASURE( 1.000000000000000082E-05 ), #6309, 'distance_accuracy_value', 'NONE');
#395 = FILL_AREA_STYLE ('',( #7584 ) ) ;
#396 = SURFACE_STYLE_FILL_AREA ( #5987 ) ;
#397 = CARTESIAN_POINT ( 'NONE',  ( 1.200000000000004619, -0.05000000000000000278, -0.4499999999999997891 ) ) ;
#398 = DIRECTION ( 'NONE',  ( 0.000000000000000000, 0.000000000000000000, 1.000000000000000000 ) ) ;
#399 = APPLICATION_PROTOCOL_DEFINITION ( 'draft international standard', 'automotive_design', 1998, #6843 ) ;
#400 = CIRCLE ( 'NONE', #8094, 0.04999999999996716793 ) ;
#401 = ORIENTED_EDGE ( 'NONE', *, *, #3383, .T. ) ;
#402 = DIRECTION ( 'NONE',  ( -0.000000000000000000, 1.000000000000000000, -0.000000000000000000 ) ) ;
#403 = DIRECTION ( 'NONE',  ( 1.000000000000000000, 0.000000000000000000, 0.000000000000000000 ) ) ;
#404 = ADVANCED_FACE ( 'NONE', ( #6862 ), #2742, .F. ) ;
#405 = EDGE_CURVE ( 'NONE', #4730, #349, #7948, .T. ) ;
#406 = ORIENTED_EDGE ( 'NONE', *, *, #4354, .T. ) ;
#407 = VECTOR ( 'NONE', #4559, 1000.000000000000000 ) ;
#408 = VERTEX_POINT ( 'NONE', #7823 ) ;
#409 = ORIENTED_EDGE ( 'NONE', *, *, #4189, .T. ) ;
#410 = AXIS2_PLACEMENT_3D ( 'NONE', #4290, #218, #3344 ) ;
#411 = UNCERTAINTY_MEASURE_WITH_UNIT (LENGTH_MEASURE( 1.000000000000000082E-05 ), #4678, 'distance_accuracy_value', 'NONE');
#412 = FILL_AREA_STYLE_COLOUR ( '', #4162 ) ;
#413 = AXIS2_PLACEMENT_3D ( 'NONE', #1701, #8925, #7369 ) ;
#414 = PRESENTATION_STYLE_ASSIGNMENT (( #3708 ) ) ;
#415 = CARTESIAN_POINT ( 'NONE',  ( 0.1000000000000208639, -1.355252715606880543E-17, -2.000000000000000000 ) ) ;
#416 = EDGE_CURVE ( 'NONE', #830, #2442, #244, .T. ) ;
#417 = ORIENTED_EDGE ( 'NONE', *, *, #4447, .T. ) ;
#418 =( GEOMETRIC_REPRESENTATION_CONTEXT ( 3 ) GLOBAL_UNCERTAINTY_ASSIGNED_CONTEXT ( ( #4921 ) ) GLOBAL_UNIT_ASSIGNED_CONTEXT ( ( #1498, #7158, #4648 ) ) REPRESENTATION_CONTEXT ( 'NONE', 'WORKASPACE' ) );
#419 = VECTOR ( 'NONE', #9954, 1000.000000000000000 ) ;
#420 = CIRCLE ( 'NONE', #9771, 0.04999999999996716793 ) ;
#421 = ORIENTED_EDGE ( 'NONE', *, *, #2374, .F. ) ;
#422 = VERTEX_POINT ( 'NONE', #3925 ) ;
#423 =( NAMED_UNIT ( * ) PLANE_ANGLE_UNIT ( ) SI_UNIT ( $, .RADIAN. ) );
#424 = PRESENTATION_STYLE_ASSIGNMENT (( #5904 ) ) ;
#425 = EDGE_LOOP ( 'NONE', ( #3056, #4351, #6978, #2686 ) ) ;
#426 = VECTOR ( 'NONE', #5098, 1000.000000000000000 ) ;
#428 = STYLED_ITEM ( 'NONE', ( #95 ), #543 ) ;
#427 =( NAMED_UNIT ( * ) PLANE_ANGLE_UNIT ( ) SI_UNIT ( $, .RADIAN. ) );
#430 = AXIS2_PLACEMENT_3D ( 'NONE', #6311, #579, #7759 ) ;
#429 =( NAMED_UNIT ( * ) SI_UNIT ( $, .STERADIAN. ) SOLID_ANGLE_UNIT ( ) );
#431 = DIRECTION ( 'NONE',  ( 0.000000000000000000, 0.000000000000000000, -1.000000000000000000 ) ) ;
#432 = VECTOR ( 'NONE', #9304, 1000.000000000000000 ) ;
#433 =( GEOMETRIC_REPRESENTATION_CONTEXT ( 3 ) GLOBAL_UNCERTAINTY_ASSIGNED_CONTEXT ( ( #2939 ) ) GLOBAL_UNIT_ASSIGNED_CONTEXT ( ( #1790, #1848, #4576 ) ) REPRESENTATION_CONTEXT ( 'NONE', 'WORKASPACE' ) );
#434 = FILL_AREA_STYLE_COLOUR ( '', #2107 ) ;
#435 = MECHANICAL_DESIGN_GEOMETRIC_PRESENTATION_REPRESENTATION (  '', ( #7638 ), #5634 ) ;
#436 = SURFACE_SIDE_STYLE ('',( #4407 ) ) ;
#437 = ORIENTED_EDGE ( 'NONE', *, *, #10012, .T. ) ;
#438 = SURFACE_SIDE_STYLE ('',( #4498 ) ) ;
#439 = PRESENTATION_LAYER_ASSIGNMENT (  '', '', ( #3480 ) ) ;
#440 = ADVANCED_FACE ( 'NONE', ( #7765 ), #7151, .F. ) ;
#441 = PRESENTATION_LAYER_ASSIGNMENT (  '', '', ( #7815 ) ) ;
#442 = EDGE_CURVE ( 'NONE', #9266, #9971, #6373, .T. ) ;
#443 = PRESENTATION_STYLE_ASSIGNMENT (( #5241 ) ) ;
#444 = STYLED_ITEM ( 'NONE', ( #3116 ), #4003 ) ;
#445 =( LENGTH_UNIT ( ) NAMED_UNIT ( * ) SI_UNIT ( .MILLI., .METRE. ) );
#446 = CARTESIAN_POINT ( 'NONE',  ( -0.4499999999999791944, 0.000000000000000000, -1.599999999999999645 ) ) ;
#447 = ORIENTED_EDGE ( 'NONE', *, *, #2544, .F. ) ;
#448 = MECHANICAL_DESIGN_GEOMETRIC_PRESENTATION_REPRESENTATION (  '', ( #4993 ), #103 ) ;
#449 = DIRECTION ( 'NONE',  ( 0.000000000000000000, -1.000000000000000000, 0.000000000000000000 ) ) ;
#450 = SURFACE_STYLE_FILL_AREA ( #8537 ) ;
#451 = CYLINDRICAL_SURFACE ( 'NONE', #9634, 0.04999999999999991257 ) ;
#452 = ORIENTED_EDGE ( 'NONE', *, *, #8059, .F. ) ;
#453 = LINE ( 'NONE', #6886, #3823 ) ;
#454 = CARTESIAN_POINT ( 'NONE',  ( -0.7499999999999462652, -0.05000000000000000278, 1.649999999999967049 ) ) ;
#455 = FILL_AREA_STYLE ('',( #6824 ) ) ;
#456 = AXIS2_PLACEMENT_3D ( 'NONE', #3264, #7193, #2332 ) ;
#457 = VECTOR ( 'NONE', #548, 1000.000000000000000 ) ;
#458 = VERTEX_POINT ( 'NONE', #3071 ) ;
#459 = PRESENTATION_STYLE_ASSIGNMENT (( #7642 ) ) ;
#460 =( GEOMETRIC_REPRESENTATION_CONTEXT ( 3 ) GLOBAL_UNCERTAINTY_ASSIGNED_CONTEXT ( ( #6601 ) ) GLOBAL_UNIT_ASSIGNED_CONTEXT ( ( #9594, #7894, #14 ) ) REPRESENTATION_CONTEXT ( 'NONE', 'WORKASPACE' ) );
#461 = SURFACE_STYLE_USAGE ( .BOTH. , #6099 ) ;
#462 = CARTESIAN_POINT ( 'NONE',  ( -0.6999999999999791944, -0.05000000000000000278, 2.050000000000000266 ) ) ;
#463 = DIRECTION ( 'NONE',  ( 0.000000000000000000, -1.000000000000000000, 0.000000000000000000 ) ) ;
#464 = PRESENTATION_STYLE_ASSIGNMENT (( #2224 ) ) ;
#465 = ORIENTED_EDGE ( 'NONE', *, *, #7422, .F. ) ;
#466 = ORIENTED_EDGE ( 'NONE', *, *, #6951, .F. ) ;
#467 = COLOUR_RGB ( '',0.7686274509803920907, 0.7686274509803920907, 0.7686274509803920907 ) ;
#468 = AXIS2_PLACEMENT_3D ( 'NONE', #4443, #6071, #6856 ) ;
#469 = DIRECTION ( 'NONE',  ( 0.000000000000000000, 1.000000000000000000, 0.000000000000000000 ) ) ;
#470 = FACE_OUTER_BOUND ( 'NONE', #8627, .T. ) ;
#471 = COLOUR_RGB ( '',0.7686274509803920907, 0.7686274509803920907, 0.7686274509803920907 ) ;
#472 = SURFACE_SIDE_STYLE ('',( #2172 ) ) ;
#473 = PRESENTATION_STYLE_ASSIGNMENT (( #7654 ) ) ;
#474 = EDGE_CURVE ( 'NONE', #286, #4956, #8609, .T. ) ;
#475 = ORIENTED_EDGE ( 'NONE', *, *, #3549, .T. ) ;
#476 = EDGE_CURVE ( 'NONE', #4361, #3910, #8724, .T. ) ;
#477 = DIRECTION ( 'NONE',  ( -0.000000000000000000, -0.000000000000000000, -1.000000000000000000 ) ) ;
#478 = COLOUR_RGB ( '',0.7686274509803920907, 0.7686274509803920907, 0.7686274509803920907 ) ;
#479 = MECHANICAL_DESIGN_GEOMETRIC_PRESENTATION_REPRESENTATION (  '', ( #9009 ), #3340 ) ;
#480 = ORIENTED_EDGE ( 'NONE', *, *, #1540, .F. ) ;
#481 = ORIENTED_EDGE ( 'NONE', *, *, #7748, .F. ) ;
#482 =( NAMED_UNIT ( * ) SI_UNIT ( $, .STERADIAN. ) SOLID_ANGLE_UNIT ( ) );
#483 = ADVANCED_FACE ( 'NONE', ( #10215 ), #9337, .F. ) ;
#484 =( GEOMETRIC_REPRESENTATION_CONTEXT ( 3 ) GLOBAL_UNCERTAINTY_ASSIGNED_CONTEXT ( ( #8027 ) ) GLOBAL_UNIT_ASSIGNED_CONTEXT ( ( #779, #4936, #932 ) ) REPRESENTATION_CONTEXT ( 'NONE', 'WORKASPACE' ) );
#485 = VECTOR ( 'NONE', #8797, 1000.000000000000000 ) ;
#486 = SURFACE_STYLE_FILL_AREA ( #2187 ) ;
#487 = PRESENTATION_STYLE_ASSIGNMENT (( #3765 ) ) ;
#488 =( GEOMETRIC_REPRESENTATION_CONTEXT ( 3 ) GLOBAL_UNCERTAINTY_ASSIGNED_CONTEXT ( ( #5649 ) ) GLOBAL_UNIT_ASSIGNED_CONTEXT ( ( #4008, #9612, #6564 ) ) REPRESENTATION_CONTEXT ( 'NONE', 'WORKASPACE' ) );
#489 = EDGE_CURVE ( 'NONE', #182, #1401, #4641, .T. ) ;
#490 = DIRECTION ( 'NONE',  ( 1.000000000000000000, -0.000000000000000000, -0.000000000000000000 ) ) ;
#491 = LINE ( 'NONE', #5282, #8382 ) ;
#492 = COLOUR_RGB ( '',0.7686274509803920907, 0.7686274509803920907, 0.7686274509803920907 ) ;
#493 = VECTOR ( 'NONE', #8636, 1000.000000000000000 ) ;
#494 = AXIS2_PLACEMENT_3D ( 'NONE', #2262, #560, #1809 ) ;
#495 = CARTESIAN_POINT ( 'NONE',  ( -1.199999999999946443, -0.05000000000000000278, 1.599999999999999867 ) ) ;
#496 = EDGE_CURVE ( 'NONE', #8316, #9118, #6726, .T. ) ;
#497 =( NAMED_UNIT ( * ) SI_UNIT ( $, .STERADIAN. ) SOLID_ANGLE_UNIT ( ) );
#498 = VERTEX_POINT ( 'NONE', #848 ) ;
#499 = VECTOR ( 'NONE', #1304, 1000.000000000000000 ) ;
#500 = PLANE ( 'NONE',  #6342 ) ;
#501 = CIRCLE ( 'NONE', #7870, 0.04999999999996716793 ) ;
#502 = VECTOR ( 'NONE', #5841, 1000.000000000000114 ) ;
#503 = LINE ( 'NONE', #6959, #8780 ) ;
#504 = SURFACE_SIDE_STYLE ('',( #5439 ) ) ;
#505 = SURFACE_STYLE_FILL_AREA ( #8474 ) ;
#506 = DIRECTION ( 'NONE',  ( -0.000000000000000000, 0.000000000000000000, -1.000000000000000000 ) ) ;
#507 = ORIENTED_EDGE ( 'NONE', *, *, #8444, .T. ) ;
#508 = EDGE_CURVE ( 'NONE', #8316, #9307, #1582, .T. ) ;
#509 =( GEOMETRIC_REPRESENTATION_CONTEXT ( 3 ) GLOBAL_UNCERTAINTY_ASSIGNED_CONTEXT ( ( #6834 ) ) GLOBAL_UNIT_ASSIGNED_CONTEXT ( ( #4547, #8461, #1967 ) ) REPRESENTATION_CONTEXT ( 'NONE', 'WORKASPACE' ) );
#510 = DIRECTION ( 'NONE',  ( 0.000000000000000000, 0.000000000000000000, -1.000000000000000000 ) ) ;
#511 = CARTESIAN_POINT ( 'NONE',  ( -0.6999999999999793054, -0.05000000000000000278, -2.000000000000005329 ) ) ;
#512 = EDGE_CURVE ( 'NONE', #5040, #8084, #7246, .T. ) ;
#513 = SURFACE_STYLE_FILL_AREA ( #7688 ) ;
#514 = ORIENTED_EDGE ( 'NONE', *, *, #3233, .T. ) ;
#515 = UNCERTAINTY_MEASURE_WITH_UNIT (LENGTH_MEASURE( 1.000000000000000082E-05 ), #10147, 'distance_accuracy_value', 'NONE');
#516 = LINE ( 'NONE', #2087, #3319 ) ;
#517 = CARTESIAN_POINT ( 'NONE',  ( -0.4999999999999885092, -0.05000000000000000278, -1.100000000000000533 ) ) ;
#518 = DIRECTION ( 'NONE',  ( 0.000000000000000000, -1.000000000000000000, 0.000000000000000000 ) ) ;
#519 = EDGE_LOOP ( 'NONE', ( #1781, #3586, #5753, #8758, #2576, #637 ) ) ;
#520 = DIRECTION ( 'NONE',  ( 0.000000000000000000, 0.000000000000000000, 1.000000000000000000 ) ) ;
#521 = DIRECTION ( 'NONE',  ( 1.000000000000000000, 0.000000000000000000, -0.000000000000000000 ) ) ;
#522 = CARTESIAN_POINT ( 'NONE',  ( 1.150000000000021005, -0.05000000000000000278, 2.000000000000000000 ) ) ;
#523 = CARTESIAN_POINT ( 'NONE',  ( 0.05000000000002047945, 0.000000000000000000, 1.599999999999999645 ) ) ;
#524 = ORIENTED_EDGE ( 'NONE', *, *, #4789, .T. ) ;
#525 = EDGE_CURVE ( 'NONE', #1944, #4508, #5937, .T. ) ;
#526 = ORIENTED_EDGE ( 'NONE', *, *, #3035, .T. ) ;
#527 = UNCERTAINTY_MEASURE_WITH_UNIT (LENGTH_MEASURE( 1.000000000000000082E-05 ), #7127, 'distance_accuracy_value', 'NONE');
#528 = PLANE ( 'NONE',  #2189 ) ;
#529 = SURFACE_SIDE_STYLE ('',( #9414 ) ) ;
#530 =( NAMED_UNIT ( * ) PLANE_ANGLE_UNIT ( ) SI_UNIT ( $, .RADIAN. ) );
#531 = ORIENTED_EDGE ( 'NONE', *, *, #3157, .T. ) ;
#532 = LINE ( 'NONE', #2898, #7577 ) ;
#533 = ORIENTED_EDGE ( 'NONE', *, *, #84, .T. ) ;
#534 = DIRECTION ( 'NONE',  ( -0.000000000000000000, -0.000000000000000000, -1.000000000000000000 ) ) ;
#535 = ORIENTED_EDGE ( 'NONE', *, *, #3943, .F. ) ;
#536 = DIRECTION ( 'NONE',  ( 1.239088197126173129E-15, -0.000000000000000000, 1.000000000000000000 ) ) ;
#537 = PLANE ( 'NONE',  #5186 ) ;
#538 =( NAMED_UNIT ( * ) SI_UNIT ( $, .STERADIAN. ) SOLID_ANGLE_UNIT ( ) );
#539 =( NAMED_UNIT ( * ) PLANE_ANGLE_UNIT ( ) SI_UNIT ( $, .RADIAN. ) );
#540 = PLANE ( 'NONE',  #9692 ) ;
#541 = EDGE_CURVE ( 'NONE', #8847, #7592, #1, .T. ) ;
#542 =( NAMED_UNIT ( * ) PLANE_ANGLE_UNIT ( ) SI_UNIT ( $, .RADIAN. ) );
#543 = ADVANCED_FACE ( 'NONE', ( #4318 ), #4379, .F. ) ;
#544 = CARTESIAN_POINT ( 'NONE',  ( -2.050000000000000266, 0.1499999999999999944, 0.1499999999999995226 ) ) ;
#545 = CARTESIAN_POINT ( 'NONE',  ( 0.3000000000000209166, -1.355252715606880543E-17, -2.000000000000000000 ) ) ;
#546 = SURFACE_SIDE_STYLE ('',( #1973 ) ) ;
#547 = EDGE_LOOP ( 'NONE', ( #8263, #2748, #8036, #3702 ) ) ;
#548 = DIRECTION ( 'NONE',  ( 0.000000000000000000, 1.000000000000000000, 0.000000000000000000 ) ) ;
#549 = EDGE_CURVE ( 'NONE', #626, #5679, #2772, .T. ) ;
#550 = ORIENTED_EDGE ( 'NONE', *, *, #6675, .F. ) ;
#551 = DIRECTION ( 'NONE',  ( 0.000000000000000000, 0.000000000000000000, -1.000000000000000000 ) ) ;
#552 = CARTESIAN_POINT ( 'NONE',  ( 1.400000000000053868, 0.000000000000000000, -1.600000000000024070 ) ) ;
#553 = LINE ( 'NONE', #3620, #1581 ) ;
#554 = ORIENTED_EDGE ( 'NONE', *, *, #1673, .T. ) ;
#555 = SURFACE_SIDE_STYLE ('',( #7739 ) ) ;
#556 = PRESENTATION_STYLE_ASSIGNMENT (( #1250 ) ) ;
#557 = ORIENTED_EDGE ( 'NONE', *, *, #1822, .T. ) ;
#558 =( NAMED_UNIT ( * ) PLANE_ANGLE_UNIT ( ) SI_UNIT ( $, .RADIAN. ) );
#559 = DIRECTION ( 'NONE',  ( 0.000000000000000000, -1.000000000000000000, 0.000000000000000000 ) ) ;
#560 = DIRECTION ( 'NONE',  ( -0.000000000000000000, 1.000000000000000000, 0.000000000000000000 ) ) ;
#561 =( NAMED_UNIT ( * ) PLANE_ANGLE_UNIT ( ) SI_UNIT ( $, .RADIAN. ) );
#562 = DIRECTION ( 'NONE',  ( 0.000000000000000000, 0.000000000000000000, -1.000000000000000000 ) ) ;
#563 = VERTEX_POINT ( 'NONE', #7974 ) ;
#564 = CARTESIAN_POINT ( 'NONE',  ( -0.4999999999999791833, 0.1499999999999999944, -2.050000000000000266 ) ) ;
#565 = FACE_OUTER_BOUND ( 'NONE', #7556, .T. ) ;
#566 = CARTESIAN_POINT ( 'NONE',  ( -0.3499999999999461875, 0.000000000000000000, -1.649999999999967049 ) ) ;
#567 = DIRECTION ( 'NONE',  ( -0.000000000000000000, -0.000000000000000000, -1.000000000000000000 ) ) ;
#568 = VERTEX_POINT ( 'NONE', #5688 ) ;
#569 = VERTEX_POINT ( 'NONE', #892 ) ;
#570 =( NAMED_UNIT ( * ) SI_UNIT ( $, .STERADIAN. ) SOLID_ANGLE_UNIT ( ) );
#571 = DIRECTION ( 'NONE',  ( 1.000000000000000000, 0.000000000000000000, 1.445602896647340149E-16 ) ) ;
#572 =( GEOMETRIC_REPRESENTATION_CONTEXT ( 3 ) GLOBAL_UNCERTAINTY_ASSIGNED_CONTEXT ( ( #9205 ) ) GLOBAL_UNIT_ASSIGNED_CONTEXT ( ( #9680, #2581, #7433 ) ) REPRESENTATION_CONTEXT ( 'NONE', 'WORKASPACE' ) );
#573 =( NAMED_UNIT ( * ) SI_UNIT ( $, .STERADIAN. ) SOLID_ANGLE_UNIT ( ) );
#574 = ADVANCED_FACE ( 'NONE', ( #9576 ), #4023, .F. ) ;
#575 = EDGE_CURVE ( 'NONE', #665, #5152, #6307, .T. ) ;
#576 = ORIENTED_EDGE ( 'NONE', *, *, #6738, .F. ) ;
#577 = CARTESIAN_POINT ( 'NONE',  ( 0.9000000000000208944, -0.05000000000000000278, -2.050000000000000266 ) ) ;
#578 = AXIS2_PLACEMENT_3D ( 'NONE', #6876, #506, #8380 ) ;
#579 = DIRECTION ( 'NONE',  ( 0.000000000000000000, -1.000000000000000000, 0.000000000000000000 ) ) ;
#580 = ORIENTED_EDGE ( 'NONE', *, *, #416, .T. ) ;
#581 = FILL_AREA_STYLE_COLOUR ( '', #4987 ) ;
#582 =( NAMED_UNIT ( * ) SI_UNIT ( $, .STERADIAN. ) SOLID_ANGLE_UNIT ( ) );
#583 =( LENGTH_UNIT ( ) NAMED_UNIT ( * ) SI_UNIT ( .MILLI., .METRE. ) );
#584 = CARTESIAN_POINT ( 'NONE',  ( -0.2999999999999792277, -1.355252715606880543E-17, 2.000000000000000000 ) ) ;
#585 = CIRCLE ( 'NONE', #9431, 0.05000000000000002359 ) ;
#586 = STYLED_ITEM ( 'NONE', ( #5243 ), #17 ) ;
#587 =( GEOMETRIC_REPRESENTATION_CONTEXT ( 3 ) GLOBAL_UNCERTAINTY_ASSIGNED_CONTEXT ( ( #10035 ) ) GLOBAL_UNIT_ASSIGNED_CONTEXT ( ( #1030, #9702, #9647 ) ) REPRESENTATION_CONTEXT ( 'NONE', 'WORKASPACE' ) );
#588 = CARTESIAN_POINT ( 'NONE',  ( 0.1000000000000208639, 0.1499999999999999944, 2.000000000000000000 ) ) ;
#589 = PRESENTATION_STYLE_ASSIGNMENT (( #1584 ) ) ;
#590 = VECTOR ( 'NONE', #5485, 1000.000000000000000 ) ;
#591 = VECTOR ( 'NONE', #9644, 1000.000000000000000 ) ;
#592 = VECTOR ( 'NONE', #6067, 1000.000000000000000 ) ;
#593 = CARTESIAN_POINT ( 'NONE',  ( 2.050000000000000266, -0.05000000000000000278, 0.9000000000000002442 ) ) ;
#594 = PLANE ( 'NONE',  #10153 ) ;
#595 = ORIENTED_EDGE ( 'NONE', *, *, #5431, .T. ) ;
#596 = MECHANICAL_DESIGN_GEOMETRIC_PRESENTATION_REPRESENTATION (  '', ( #1778 ), #247 ) ;
#597 = ADVANCED_FACE ( 'NONE', ( #3748 ), #3791, .F. ) ;
#598 = MECHANICAL_DESIGN_GEOMETRIC_PRESENTATION_REPRESENTATION (  '', ( #9618 ), #7459 ) ;
#599 = VECTOR ( 'NONE', #6773, 1000.000000000000000 ) ;
#600 = COLOUR_RGB ( '',0.7686274509803920907, 0.7686274509803920907, 0.7686274509803920907 ) ;
#601 = SURFACE_STYLE_USAGE ( .BOTH. , #3981 ) ;
#602 = DIRECTION ( 'NONE',  ( 0.000000000000000000, 1.000000000000000000, 0.000000000000000000 ) ) ;
#603 =( GEOMETRIC_REPRESENTATION_CONTEXT ( 3 ) GLOBAL_UNCERTAINTY_ASSIGNED_CONTEXT ( ( #9913 ) ) GLOBAL_UNIT_ASSIGNED_CONTEXT ( ( #4406, #1971, #8367 ) ) REPRESENTATION_CONTEXT ( 'NONE', 'WORKASPACE' ) );
#604 = CARTESIAN_POINT ( 'NONE',  ( 1.200000000000004619, -0.05000000000000000278, -0.3500000000000004774 ) ) ;
#605 = LINE ( 'NONE', #7075, #9939 ) ;
#606 = ORIENTED_EDGE ( 'NONE', *, *, #1089, .F. ) ;
#607 = FILL_AREA_STYLE_COLOUR ( '', #6372 ) ;
#608 = CARTESIAN_POINT ( 'NONE',  ( 0.8500000000000540457, 0.000000000000000000, -1.649999999999967049 ) ) ;
#609 = FILL_AREA_STYLE_COLOUR ( '', #7010 ) ;
#610 = ORIENTED_EDGE ( 'NONE', *, *, #10319, .T. ) ;
#611 = CIRCLE ( 'NONE', #2465, 0.05000000000000002359 ) ;
#612 = UNCERTAINTY_MEASURE_WITH_UNIT (LENGTH_MEASURE( 1.000000000000000082E-05 ), #4783, 'distance_accuracy_value', 'NONE');
#613 =( GEOMETRIC_REPRESENTATION_CONTEXT ( 3 ) GLOBAL_UNCERTAINTY_ASSIGNED_CONTEXT ( ( #1057 ) ) GLOBAL_UNIT_ASSIGNED_CONTEXT ( ( #9475, #1686, #4111 ) ) REPRESENTATION_CONTEXT ( 'NONE', 'WORKASPACE' ) );
#614 = DIRECTION ( 'NONE',  ( 0.000000000000000000, 0.000000000000000000, 1.000000000000000000 ) ) ;
#615 = EDGE_CURVE ( 'NONE', #6594, #8604, #8549, .T. ) ;
#616 = LINE ( 'NONE', #7785, #9362 ) ;
#617 = STYLED_ITEM ( 'NONE', ( #3761 ), #4002 ) ;
#618 = DIRECTION ( 'NONE',  ( 0.000000000000000000, 1.000000000000000000, 0.000000000000000000 ) ) ;
#619 = PRESENTATION_STYLE_ASSIGNMENT (( #1413 ) ) ;
#620 = AXIS2_PLACEMENT_3D ( 'NONE', #10030, #2877, #510 ) ;
#621 = ORIENTED_EDGE ( 'NONE', *, *, #6321, .F. ) ;
#622 = VECTOR ( 'NONE', #7537, 1000.000000000000000 ) ;
#623 = FILL_AREA_STYLE_COLOUR ( '', #7140 ) ;
#624 = MECHANICAL_DESIGN_GEOMETRIC_PRESENTATION_REPRESENTATION (  '', ( #7311 ), #5338 ) ;
#625 = ORIENTED_EDGE ( 'NONE', *, *, #9578, .F. ) ;
#626 = VERTEX_POINT ( 'NONE', #2887 ) ;
#627 = UNCERTAINTY_MEASURE_WITH_UNIT (LENGTH_MEASURE( 1.000000000000000082E-05 ), #2216, 'distance_accuracy_value', 'NONE');
#628 = ORIENTED_EDGE ( 'NONE', *, *, #10290, .F. ) ;
#629 = STYLED_ITEM ( 'NONE', ( #4085 ), #4247 ) ;
#630 = LINE ( 'NONE', #4341, #4523 ) ;
#631 = VERTEX_POINT ( 'NONE', #462 ) ;
#632 = DIRECTION ( 'NONE',  ( -0.000000000000000000, -0.000000000000000000, -1.000000000000000000 ) ) ;
#633 = SURFACE_STYLE_FILL_AREA ( #6747 ) ;
#634 = VECTOR ( 'NONE', #9698, 1000.000000000000000 ) ;
#635 = LINE ( 'NONE', #3868, #10119 ) ;
#636 = VECTOR ( 'NONE', #1741, 1000.000000000000000 ) ;
#637 = ORIENTED_EDGE ( 'NONE', *, *, #5537, .T. ) ;
#638 = EDGE_CURVE ( 'NONE', #3518, #9467, #1379, .T. ) ;
#639 = FILL_AREA_STYLE ('',( #9474 ) ) ;
#640 = ADVANCED_FACE ( 'NONE', ( #565 ), #7793, .F. ) ;
#641 = DIRECTION ( 'NONE',  ( -0.000000000000000000, -0.000000000000000000, 1.000000000000000000 ) ) ;
#642 = FILL_AREA_STYLE ('',( #8514 ) ) ;
#643 = CIRCLE ( 'NONE', #9012, 0.04999999999999991257 ) ;
#644 = LINE ( 'NONE', #3023, #7063 ) ;
#645 = DIRECTION ( 'NONE',  ( -1.000000000000000000, 0.000000000000000000, 0.000000000000000000 ) ) ;
#646 = STYLED_ITEM ( 'NONE', ( #5491 ), #9951 ) ;
#647 = STYLED_ITEM ( 'NONE', ( #7138 ), #2055 ) ;
#648 = CARTESIAN_POINT ( 'NONE',  ( 2.050000000000000266, 0.000000000000000000, 0.000000000000000000 ) ) ;
#649 = STYLED_ITEM ( 'NONE', ( #4570 ), #5767 ) ;
#650 = CARTESIAN_POINT ( 'NONE',  ( 1.249999999999999556, -0.05000000000000000278, 0.2999999999999999334 ) ) ;
#651 = VERTEX_POINT ( 'NONE', #9981 ) ;
#652 = CARTESIAN_POINT ( 'NONE',  ( 1.250000000000000888, 0.000000000000000000, 0.09999999999999986677 ) ) ;
#653 = CARTESIAN_POINT ( 'NONE',  ( 0.05000000000005389023, -0.05000000000000000278, 1.649999999999967049 ) ) ;
#654 = EDGE_CURVE ( 'NONE', #4058, #4796, #6828, .T. ) ;
#655 = VECTOR ( 'NONE', #1101, 1000.000000000000000 ) ;
#656 = AXIS2_PLACEMENT_3D ( 'NONE', #7997, #6494, #823 ) ;
#657 = STYLED_ITEM ( 'NONE', ( #8330 ), #5273 ) ;
#658 = LINE ( 'NONE', #7163, #7366 ) ;
#659 = DIRECTION ( 'NONE',  ( 0.000000000000000000, -1.000000000000000000, 0.000000000000000000 ) ) ;
#660 = ORIENTED_EDGE ( 'NONE', *, *, #6053, .F. ) ;
#661 = SURFACE_STYLE_FILL_AREA ( #3839 ) ;
#662 = CARTESIAN_POINT ( 'NONE',  ( -0.4999999999999791833, 0.1499999999999999944, 2.050000000000000266 ) ) ;
#663 = SURFACE_SIDE_STYLE ('',( #3941 ) ) ;
#664 = EDGE_CURVE ( 'NONE', #4951, #4788, #3904, .T. ) ;
#665 = VERTEX_POINT ( 'NONE', #5455 ) ;
#666 = AXIS2_PLACEMENT_3D ( 'NONE', #5874, #1085, #3515 ) ;
#667 = AXIS2_PLACEMENT_3D ( 'NONE', #3617, #6812, #2814 ) ;
#668 = SURFACE_SIDE_STYLE ('',( #2315 ) ) ;
#669 = PRESENTATION_STYLE_ASSIGNMENT (( #7898 ) ) ;
#670 = ORIENTED_EDGE ( 'NONE', *, *, #10261, .T. ) ;
#671 = VECTOR ( 'NONE', #6271, 1000.000000000000000 ) ;
#672 = CARTESIAN_POINT ( 'NONE',  ( 0.9000000000000208944, -1.355252715606880543E-17, -2.000000000000000000 ) ) ;
#673 = SURFACE_SIDE_STYLE ('',( #3792 ) ) ;
#674 = STYLED_ITEM ( 'NONE', ( #945 ), #5686 ) ;
#675 = VERTEX_POINT ( 'NONE', #672 ) ;
#676 = EDGE_CURVE ( 'NONE', #2879, #8576, #3471, .T. ) ;
#677 = EDGE_CURVE ( 'NONE', #1818, #626, #2266, .T. ) ;
#678 = ORIENTED_EDGE ( 'NONE', *, *, #4109, .F. ) ;
#679 =( NAMED_UNIT ( * ) PLANE_ANGLE_UNIT ( ) SI_UNIT ( $, .RADIAN. ) );
#680 =( LENGTH_UNIT ( ) NAMED_UNIT ( * ) SI_UNIT ( .MILLI., .METRE. ) );
#681 = ORIENTED_EDGE ( 'NONE', *, *, #1438, .F. ) ;
#682 =( NAMED_UNIT ( * ) SI_UNIT ( $, .STERADIAN. ) SOLID_ANGLE_UNIT ( ) );
#683 = COLOUR_RGB ( '',0.7686274509803920907, 0.7686274509803920907, 0.7686274509803920907 ) ;
#684 = CARTESIAN_POINT ( 'NONE',  ( 1.249999999999996447, -0.05000000000000000278, 1.149999999999999911 ) ) ;
#685 =( LENGTH_UNIT ( ) NAMED_UNIT ( * ) SI_UNIT ( .MILLI., .METRE. ) );
#686 = VERTEX_POINT ( 'NONE', #6520 ) ;
#687 = SURFACE_STYLE_FILL_AREA ( #3008 ) ;
#688 = SURFACE_SIDE_STYLE ('',( #3110 ) ) ;
#689 =( NAMED_UNIT ( * ) SI_UNIT ( $, .STERADIAN. ) SOLID_ANGLE_UNIT ( ) );
#690 = ORIENTED_EDGE ( 'NONE', *, *, #1122, .T. ) ;
#691 = CARTESIAN_POINT ( 'NONE',  ( 2.000000000000000000, 0.1499999999999999944, 0.5000000000000001110 ) ) ;
#692 = DIRECTION ( 'NONE',  ( 0.000000000000000000, -1.000000000000000000, 0.000000000000000000 ) ) ;
#693 = DIRECTION ( 'NONE',  ( -1.000000000000000000, 0.000000000000000000, 0.000000000000000000 ) ) ;
#694 = CARTESIAN_POINT ( 'NONE',  ( -0.6999999999999791944, -0.05000000000000000278, -2.000000000000000000 ) ) ;
#695 = CARTESIAN_POINT ( 'NONE',  ( 0.3000000000000209166, -0.05000000000000000278, -2.050000000000000266 ) ) ;
#696 = ORIENTED_EDGE ( 'NONE', *, *, #7879, .T. ) ;
#697 = SURFACE_SIDE_STYLE ('',( #4758 ) ) ;
#698 = SURFACE_STYLE_FILL_AREA ( #6277 ) ;
#699 = EDGE_CURVE ( 'NONE', #10285, #3862, #8066, .T. ) ;
#700 = EDGE_CURVE ( 'NONE', #2736, #1643, #6416, .T. ) ;
#701 = LINE ( 'NONE', #7162, #753 ) ;
#702 = DIRECTION ( 'NONE',  ( -0.000000000000000000, -0.000000000000000000, 1.000000000000000000 ) ) ;
#703 = CARTESIAN_POINT ( 'NONE',  ( 2.050000000000000266, 0.1499999999999999944, -0.2999999999999999334 ) ) ;
#704 = LINE ( 'NONE', #4719, #739 ) ;
#705 = EDGE_LOOP ( 'NONE', ( #9412, #5101, #2808, #3539, #3331, #879 ) ) ;
#706 = DIRECTION ( 'NONE',  ( -0.000000000000000000, -0.000000000000000000, -1.000000000000000000 ) ) ;
#707 = LINE ( 'NONE', #4044, #8779 ) ;
#708 = FILL_AREA_STYLE_COLOUR ( '', #2483 ) ;
#709 = EDGE_LOOP ( 'NONE', ( #3345, #7252, #10055, #2626 ) ) ;
#710 = UNCERTAINTY_MEASURE_WITH_UNIT (LENGTH_MEASURE( 1.000000000000000082E-05 ), #3085, 'distance_accuracy_value', 'NONE');
#711 =( NAMED_UNIT ( * ) PLANE_ANGLE_UNIT ( ) SI_UNIT ( $, .RADIAN. ) );
#712 =( NAMED_UNIT ( * ) PLANE_ANGLE_UNIT ( ) SI_UNIT ( $, .RADIAN. ) );
#713 =( NAMED_UNIT ( * ) PLANE_ANGLE_UNIT ( ) SI_UNIT ( $, .RADIAN. ) );
#714 = COLOUR_RGB ( '',0.7686274509803920907, 0.7686274509803920907, 0.7686274509803920907 ) ;
#715 = ORIENTED_EDGE ( 'NONE', *, *, #3817, .T. ) ;
#716 = SURFACE_STYLE_FILL_AREA ( #3156 ) ;
#717 = SURFACE_STYLE_USAGE ( .BOTH. , #8892 ) ;
#718 = DIRECTION ( 'NONE',  ( -0.000000000000000000, 1.000000000000000000, -0.000000000000000000 ) ) ;
#719 = ORIENTED_EDGE ( 'NONE', *, *, #1997, .T. ) ;
#720 = EDGE_LOOP ( 'NONE', ( #3304, #4573, #2899, #2890, #1935, #2951 ) ) ;
#721 = UNCERTAINTY_MEASURE_WITH_UNIT (LENGTH_MEASURE( 1.000000000000000082E-05 ), #5741, 'distance_accuracy_value', 'NONE');
#722 = CARTESIAN_POINT ( 'NONE',  ( -0.7499999999999793499, 0.000000000000000000, 1.599999999999999867 ) ) ;
#723 = PRESENTATION_STYLE_ASSIGNMENT (( #2274 ) ) ;
#724 = ORIENTED_EDGE ( 'NONE', *, *, #4671, .T. ) ;
#725 = SURFACE_STYLE_USAGE ( .BOTH. , #4577 ) ;
#726 = LINE ( 'NONE', #4846, #8190 ) ;
#727 = VERTEX_POINT ( 'NONE', #846 ) ;
#728 = ADVANCED_FACE ( 'NONE', ( #1533 ), #5733, .F. ) ;
#729 = ADVANCED_FACE ( 'NONE', ( #8118, #2434 ), #7240, .F. ) ;
#730 =( NAMED_UNIT ( * ) SI_UNIT ( $, .STERADIAN. ) SOLID_ANGLE_UNIT ( ) );
#731 = ORIENTED_EDGE ( 'NONE', *, *, #5911, .T. ) ;
#732 = FILL_AREA_STYLE ('',( #581 ) ) ;
#733 = DIRECTION ( 'NONE',  ( 0.000000000000000000, -0.000000000000000000, -1.000000000000000000 ) ) ;
#734 = VECTOR ( 'NONE', #5938, 1000.000000000000000 ) ;
#735 = DIRECTION ( 'NONE',  ( 0.000000000000000000, 0.000000000000000000, 1.000000000000000000 ) ) ;
#736 = SURFACE_STYLE_USAGE ( .BOTH. , #9574 ) ;
#737 = EDGE_CURVE ( 'NONE', #7477, #8150, #6366, .T. ) ;
#738 =( NAMED_UNIT ( * ) PLANE_ANGLE_UNIT ( ) SI_UNIT ( $, .RADIAN. ) );
#739 = VECTOR ( 'NONE', #3837, 1000.000000000000000 ) ;
#740 = DIRECTION ( 'NONE',  ( 0.000000000000000000, 0.000000000000000000, 1.000000000000000000 ) ) ;
#741 = DIRECTION ( 'NONE',  ( 1.000000000000000000, 0.000000000000000000, -4.394632805807644776E-14 ) ) ;
#742 = FILL_AREA_STYLE_COLOUR ( '', #5133 ) ;
#743 = LINE ( 'NONE', #4592, #751 ) ;
#744 = DIRECTION ( 'NONE',  ( 0.000000000000000000, 0.000000000000000000, -1.000000000000000000 ) ) ;
#745 = ORIENTED_EDGE ( 'NONE', *, *, #6859, .F. ) ;
#746 = VECTOR ( 'NONE', #1509, 1000.000000000000000 ) ;
#747 =( NAMED_UNIT ( * ) SI_UNIT ( $, .STERADIAN. ) SOLID_ANGLE_UNIT ( ) );
#748 = MECHANICAL_DESIGN_GEOMETRIC_PRESENTATION_REPRESENTATION (  '', ( #8781 ), #1590 ) ;
#749 = SURFACE_STYLE_FILL_AREA ( #8573 ) ;
#750 = DIRECTION ( 'NONE',  ( 0.000000000000000000, 0.000000000000000000, 1.000000000000000000 ) ) ;
#752 = LINE ( 'NONE', #604, #6056 ) ;
#751 = VECTOR ( 'NONE', #10322, 1000.000000000000000 ) ;
#753 = VECTOR ( 'NONE', #10271, 1000.000000000000000 ) ;
#754 = COLOUR_RGB ( '',0.7686274509803920907, 0.7686274509803920907, 0.7686274509803920907 ) ;
#755 = DIRECTION ( 'NONE',  ( 0.000000000000000000, 0.000000000000000000, -1.000000000000000000 ) ) ;
#756 = ORIENTED_EDGE ( 'NONE', *, *, #6269, .F. ) ;
#757 = CARTESIAN_POINT ( 'NONE',  ( 2.050000000000000266, -0.05000000000000000278, 1.300000000000000266 ) ) ;
#758 = DIRECTION ( 'NONE',  ( -1.000000000000000000, 0.000000000000000000, -2.891205793294679312E-16 ) ) ;
#759 = PRESENTATION_STYLE_ASSIGNMENT (( #8829 ) ) ;
#760 = ORIENTED_EDGE ( 'NONE', *, *, #489, .T. ) ;
#761 = EDGE_CURVE ( 'NONE', #6787, #5998, #9534, .T. ) ;
#762 = SURFACE_STYLE_USAGE ( .BOTH. , #4770 ) ;
#763 = STYLED_ITEM ( 'NONE', ( #2629 ), #8728 ) ;
#764 = AXIS2_PLACEMENT_3D ( 'NONE', #6655, #8757, #9531 ) ;
#765 = AXIS2_PLACEMENT_3D ( 'NONE', #10218, #8569, #9427 ) ;
#766 = ORIENTED_EDGE ( 'NONE', *, *, #575, .T. ) ;
#767 = FILL_AREA_STYLE_COLOUR ( '', #5872 ) ;
#768 = SURFACE_STYLE_USAGE ( .BOTH. , #6559 ) ;
#769 = ORIENTED_EDGE ( 'NONE', *, *, #3571, .F. ) ;
#770 = COLOUR_RGB ( '',0.7686274509803920907, 0.7686274509803920907, 0.7686274509803920907 ) ;
#771 = MECHANICAL_DESIGN_GEOMETRIC_PRESENTATION_REPRESENTATION (  '', ( #2466 ), #613 ) ;
#772 = MECHANICAL_DESIGN_GEOMETRIC_PRESENTATION_REPRESENTATION (  '', ( #7124 ), #5615 ) ;
#773 = ORIENTED_EDGE ( 'NONE', *, *, #362, .F. ) ;
#774 = CARTESIAN_POINT ( 'NONE',  ( -0.5000000000000000000, -0.05000000000000000278, -0.1000000000000001305 ) ) ;
#775 =( NAMED_UNIT ( * ) PLANE_ANGLE_UNIT ( ) SI_UNIT ( $, .RADIAN. ) );
#776 = ORIENTED_EDGE ( 'NONE', *, *, #9376, .F. ) ;
#777 = FILL_AREA_STYLE ('',( #3263 ) ) ;
#778 = FACE_OUTER_BOUND ( 'NONE', #6493, .T. ) ;
#779 =( LENGTH_UNIT ( ) NAMED_UNIT ( * ) SI_UNIT ( .MILLI., .METRE. ) );
#780 = STYLED_ITEM ( 'NONE', ( #5427 ), #9242 ) ;
#781 = MECHANICAL_DESIGN_GEOMETRIC_PRESENTATION_REPRESENTATION (  '', ( #4486 ), #3481 ) ;
#782 = ORIENTED_EDGE ( 'NONE', *, *, #10241, .F. ) ;
#783 =( LENGTH_UNIT ( ) NAMED_UNIT ( * ) SI_UNIT ( .MILLI., .METRE. ) );
#784 = CARTESIAN_POINT ( 'NONE',  ( -2.000000000000000000, 0.000000000000000000, -2.000000000000000000 ) ) ;
#785 = EDGE_LOOP ( 'NONE', ( #196, #5265, #3424, #3960, #7828, #5867, #822, #1226, #9875, #7275, #8729, #4408, #5596, #6599, #7487, #9899, #3395, #10169, #2695, #6397, #6013, #7752, #4048, #8993, #924, #6576, #4436, #7812, #452, #5219, #6954, #6112 ) ) ;
#786 = STYLED_ITEM ( 'NONE', ( #6735 ), #9398 ) ;
#787 = CARTESIAN_POINT ( 'NONE',  ( -0.3499999999999461875, 0.000000000000000000, 1.649999999999967049 ) ) ;
#788 = DIRECTION ( 'NONE',  ( 0.000000000000000000, -1.000000000000000000, -0.000000000000000000 ) ) ;
#789 = ADVANCED_FACE ( 'NONE', ( #2481 ), #5681, .F. ) ;
#790 = AXIS2_PLACEMENT_3D ( 'NONE', #5598, #5502, #9503 ) ;
#791 = DIRECTION ( 'NONE',  ( 0.000000000000000000, 0.000000000000000000, -1.000000000000000000 ) ) ;
#792 = CIRCLE ( 'NONE', #5342, 0.04999999999996716793 ) ;
#793 = CARTESIAN_POINT ( 'NONE',  ( 2.000000000000000444, -0.05000000000000000278, -0.1000000000000000194 ) ) ;
#794 =( LENGTH_UNIT ( ) NAMED_UNIT ( * ) SI_UNIT ( .MILLI., .METRE. ) );
#795 = COLOUR_RGB ( '',0.7686274509803920907, 0.7686274509803920907, 0.7686274509803920907 ) ;
#796 = SURFACE_STYLE_FILL_AREA ( #4906 ) ;
#797 = CARTESIAN_POINT ( 'NONE',  ( 2.050000000000000266, 0.1500000000000000222, 0.3000000000000000444 ) ) ;
#798 = LINE ( 'NONE', #2402, #6295 ) ;
#799 = LINE ( 'NONE', #2296, #9163 ) ;
#800 = ORIENTED_EDGE ( 'NONE', *, *, #8954, .F. ) ;
#801 = EDGE_CURVE ( 'NONE', #3220, #5572, #146, .T. ) ;
#802 = COLOUR_RGB ( '',0.7686274509803920907, 0.7686274509803920907, 0.7686274509803920907 ) ;
#803 = VECTOR ( 'NONE', #4841, 1000.000000000000000 ) ;
#804 = PLANE ( 'NONE',  #4176 ) ;
#805 = FILL_AREA_STYLE_COLOUR ( '', #8961 ) ;
#806 = DIRECTION ( 'NONE',  ( -0.000000000000000000, 1.000000000000000000, -0.000000000000000000 ) ) ;
#807 = DIRECTION ( 'NONE',  ( -0.000000000000000000, 0.000000000000000000, -1.000000000000000000 ) ) ;
#808 =( NAMED_UNIT ( * ) SI_UNIT ( $, .STERADIAN. ) SOLID_ANGLE_UNIT ( ) );
#809 = CIRCLE ( 'NONE', #7672, 0.04999999999996716793 ) ;
#810 = SURFACE_STYLE_USAGE ( .BOTH. , #8974 ) ;
#811 = COLOUR_RGB ( '',0.7686274509803920907, 0.7686274509803920907, 0.7686274509803920907 ) ;
#812 = EDGE_CURVE ( 'NONE', #1983, #7742, #9835, .T. ) ;
#813 = CARTESIAN_POINT ( 'NONE',  ( -0.5499999999999942712, -0.05000000000000000278, -0.4500000000000005107 ) ) ;
#814 = VECTOR ( 'NONE', #3014, 1000.000000000000000 ) ;
#815 = DIRECTION ( 'NONE',  ( 1.000000000000000000, -0.000000000000000000, -0.000000000000000000 ) ) ;
#816 = COLOUR_RGB ( '',0.7686274509803920907, 0.7686274509803920907, 0.7686274509803920907 ) ;
#817 = ORIENTED_EDGE ( 'NONE', *, *, #3943, .T. ) ;
#818 = UNCERTAINTY_MEASURE_WITH_UNIT (LENGTH_MEASURE( 1.000000000000000082E-05 ), #5253, 'distance_accuracy_value', 'NONE');
#819 =( GEOMETRIC_REPRESENTATION_CONTEXT ( 3 ) GLOBAL_UNCERTAINTY_ASSIGNED_CONTEXT ( ( #4070 ) ) GLOBAL_UNIT_ASSIGNED_CONTEXT ( ( #4992, #9874, #8168 ) ) REPRESENTATION_CONTEXT ( 'NONE', 'WORKASPACE' ) );
#820 = PRESENTATION_LAYER_ASSIGNMENT (  '', '', ( #1834 ) ) ;
#821 = FILL_AREA_STYLE ('',( #8631 ) ) ;
#822 = ORIENTED_EDGE ( 'NONE', *, *, #8374, .F. ) ;
#823 = DIRECTION ( 'NONE',  ( 0.000000000000000000, 0.000000000000000000, 1.000000000000000000 ) ) ;
#824 = EDGE_CURVE ( 'NONE', #8475, #4261, #250, .T. ) ;
#825 = DIRECTION ( 'NONE',  ( -1.000000000000000000, 0.000000000000000000, 0.000000000000000000 ) ) ;
#826 = DIRECTION ( 'NONE',  ( -1.000000000000000000, 0.000000000000000000, -0.000000000000000000 ) ) ;
#827 = ORIENTED_EDGE ( 'NONE', *, *, #9808, .F. ) ;
#828 = COLOUR_RGB ( '',0.7686274509803920907, 0.7686274509803920907, 0.7686274509803920907 ) ;
#829 = COLOUR_RGB ( '',0.7686274509803920907, 0.7686274509803920907, 0.7686274509803920907 ) ;
#830 = VERTEX_POINT ( 'NONE', #8343 ) ;
#831 = SURFACE_STYLE_FILL_AREA ( #2422 ) ;
#832 = SURFACE_STYLE_FILL_AREA ( #1475 ) ;
#833 = VERTEX_POINT ( 'NONE', #3589 ) ;
#834 = LINE ( 'NONE', #10156, #5006 ) ;
#835 = PLANE ( 'NONE',  #2486 ) ;
#836 = CARTESIAN_POINT ( 'NONE',  ( 0.4500000000000538569, -0.05000000000000000278, -1.649999999999967049 ) ) ;
#837 = ORIENTED_EDGE ( 'NONE', *, *, #2333, .T. ) ;
#838 = COLOUR_RGB ( '',0.7686274509803920907, 0.7686274509803920907, 0.7686274509803920907 ) ;
#839 = DIRECTION ( 'NONE',  ( -0.000000000000000000, 1.000000000000000000, -0.000000000000000000 ) ) ;
#840 = EDGE_CURVE ( 'NONE', #6349, #686, #5221, .T. ) ;
#841 = EDGE_CURVE ( 'NONE', #9467, #7129, #1171, .T. ) ;
#842 = LINE ( 'NONE', #85, #9448 ) ;
#843 = ORIENTED_EDGE ( 'NONE', *, *, #2293, .F. ) ;
#844 = FACE_OUTER_BOUND ( 'NONE', #1769, .T. ) ;
#845 =( GEOMETRIC_REPRESENTATION_CONTEXT ( 3 ) GLOBAL_UNCERTAINTY_ASSIGNED_CONTEXT ( ( #4434 ) ) GLOBAL_UNIT_ASSIGNED_CONTEXT ( ( #2267, #9255, #8638 ) ) REPRESENTATION_CONTEXT ( 'NONE', 'WORKASPACE' ) );
#846 = CARTESIAN_POINT ( 'NONE',  ( -2.000000000000000000, 0.000000000000000000, -0.4000000000000004108 ) ) ;
#847 = DIRECTION ( 'NONE',  ( -1.000000000000000000, -0.000000000000000000, -0.000000000000000000 ) ) ;
#848 = CARTESIAN_POINT ( 'NONE',  ( -1.150000000000021005, 0.1499999999999999944, 2.050000000000000266 ) ) ;
#849 = CARTESIAN_POINT ( 'NONE',  ( 1.199999999999996403, 0.000000000000000000, 1.249999999999999556 ) ) ;
#850 = CARTESIAN_POINT ( 'NONE',  ( -2.050000000000000266, 0.1499999999999999944, 0.1499999999999995226 ) ) ;
#851 = FILL_AREA_STYLE_COLOUR ( '', #2797 ) ;
#852 = CARTESIAN_POINT ( 'NONE',  ( 0.000000000000000000, 0.000000000000000000, -2.050000000000000266 ) ) ;
#853 = DIRECTION ( 'NONE',  ( 0.000000000000000000, 0.000000000000000000, -1.000000000000000000 ) ) ;
#854 = VERTEX_POINT ( 'NONE', #4228 ) ;
#855 = CARTESIAN_POINT ( 'NONE',  ( 0.05000000000005389023, -0.05000000000000000278, -1.649999999999967049 ) ) ;
#856 = FILL_AREA_STYLE ('',( #805 ) ) ;
#857 = DIRECTION ( 'NONE',  ( 0.000000000000000000, 0.000000000000000000, 1.000000000000000000 ) ) ;
#858 = FILL_AREA_STYLE_COLOUR ( '', #10351 ) ;
#859 = EDGE_CURVE ( 'NONE', #8837, #4261, #9161, .T. ) ;
#860 = FACE_OUTER_BOUND ( 'NONE', #2275, .T. ) ;
#861 = CARTESIAN_POINT ( 'NONE',  ( -2.000000000000000000, 0.1499999999999999944, -0.9500000000000005107 ) ) ;
#862 =( NAMED_UNIT ( * ) SI_UNIT ( $, .STERADIAN. ) SOLID_ANGLE_UNIT ( ) );
#863 = ORIENTED_EDGE ( 'NONE', *, *, #1842, .T. ) ;
#864 = PLANE ( 'NONE',  #3999 ) ;
#865 = EDGE_CURVE ( 'NONE', #4983, #7116, #8397, .T. ) ;
#866 = UNCERTAINTY_MEASURE_WITH_UNIT (LENGTH_MEASURE( 1.000000000000000082E-05 ), #1173, 'distance_accuracy_value', 'NONE');
#867 = ORIENTED_EDGE ( 'NONE', *, *, #4332, .F. ) ;
#868 = CARTESIAN_POINT ( 'NONE',  ( -0.2999999999999792277, -0.05000000000000000278, 2.000000000000002220 ) ) ;
#869 = DIRECTION ( 'NONE',  ( -0.000000000000000000, 1.000000000000000000, -0.000000000000000000 ) ) ;
#870 = EDGE_LOOP ( 'NONE', ( #514, #6111, #4836, #3896, #6, #9356 ) ) ;
#871 = CARTESIAN_POINT ( 'NONE',  ( 0.1000000000000208639, 0.1499999999999999944, 2.050000000000000266 ) ) ;
#872 = ORIENTED_EDGE ( 'NONE', *, *, #4500, .F. ) ;
#873 =( NAMED_UNIT ( * ) SI_UNIT ( $, .STERADIAN. ) SOLID_ANGLE_UNIT ( ) );
#874 = PLANE ( 'NONE',  #4965 ) ;
#875 = EDGE_LOOP ( 'NONE', ( #1846, #5142, #2926, #3196 ) ) ;
#876 = DIRECTION ( 'NONE',  ( 0.000000000000000000, 0.000000000000000000, -1.000000000000000000 ) ) ;
#877 = DIRECTION ( 'NONE',  ( 0.000000000000000000, 1.000000000000000000, 0.000000000000000000 ) ) ;
#878 =( LENGTH_UNIT ( ) NAMED_UNIT ( * ) SI_UNIT ( .MILLI., .METRE. ) );
#879 = ORIENTED_EDGE ( 'NONE', *, *, #2705, .T. ) ;
#880 = CARTESIAN_POINT ( 'NONE',  ( 0.5000000000000208722, 0.1499999999999999944, 2.050000000000000266 ) ) ;
#881 = DIRECTION ( 'NONE',  ( -0.000000000000000000, 1.000000000000000000, -0.000000000000000000 ) ) ;
#882 = DIRECTION ( 'NONE',  ( -0.000000000000000000, 1.000000000000000000, -0.000000000000000000 ) ) ;
#883 = ORIENTED_EDGE ( 'NONE', *, *, #7910, .F. ) ;
#884 =( LENGTH_UNIT ( ) NAMED_UNIT ( * ) SI_UNIT ( .MILLI., .METRE. ) );
#885 =( NAMED_UNIT ( * ) SI_UNIT ( $, .STERADIAN. ) SOLID_ANGLE_UNIT ( ) );
#886 = DIRECTION ( 'NONE',  ( 0.000000000000000000, -1.000000000000000000, 0.000000000000000000 ) ) ;
#887 = EDGE_CURVE ( 'NONE', #1818, #10053, #4170, .T. ) ;
#888 = ADVANCED_FACE ( 'NONE', ( #3372 ), #9776, .F. ) ;
#889 = CARTESIAN_POINT ( 'NONE',  ( 2.050000000000000266, 0.1499999999999999944, -0.6999999999999998446 ) ) ;
#890 = FILL_AREA_STYLE_COLOUR ( '', #6873 ) ;
#891 = UNCERTAINTY_MEASURE_WITH_UNIT (LENGTH_MEASURE( 1.000000000000000082E-05 ), #2045, 'distance_accuracy_value', 'NONE');
#892 = CARTESIAN_POINT ( 'NONE',  ( -1.150000000000021005, 0.1499999999999999944, 2.000000000000000000 ) ) ;
#893 = LINE ( 'NONE', #9732, #6144 ) ;
#894 =( LENGTH_UNIT ( ) NAMED_UNIT ( * ) SI_UNIT ( .MILLI., .METRE. ) );
#895 = LINE ( 'NONE', #5743, #4675 ) ;
#896 = VERTEX_POINT ( 'NONE', #3643 ) ;
#897 = LINE ( 'NONE', #957, #5844 ) ;
#898 = PRESENTATION_STYLE_ASSIGNMENT (( #2444 ) ) ;
#899 = FACE_OUTER_BOUND ( 'NONE', #5718, .T. ) ;
#900 = COLOUR_RGB ( '',0.7686274509803920907, 0.7686274509803920907, 0.7686274509803920907 ) ;
#901 = CARTESIAN_POINT ( 'NONE',  ( -2.050000000000000266, 0.1499999999999999944, -0.9500000000000005107 ) ) ;
#902 = FILL_AREA_STYLE ('',( #8924 ) ) ;
#903 = SURFACE_STYLE_USAGE ( .BOTH. , #8080 ) ;
#904 =( LENGTH_UNIT ( ) NAMED_UNIT ( * ) SI_UNIT ( .MILLI., .METRE. ) );
#905 = AXIS2_PLACEMENT_3D ( 'NONE', #3247, #8622, #2406 ) ;
#906 = CARTESIAN_POINT ( 'NONE',  ( -2.000000000000000000, 0.1499999999999999944, 0.3999999999999995226 ) ) ;
#907 =( LENGTH_UNIT ( ) NAMED_UNIT ( * ) SI_UNIT ( .MILLI., .METRE. ) );
#908 = ORIENTED_EDGE ( 'NONE', *, *, #1451, .F. ) ;
#909 = UNCERTAINTY_MEASURE_WITH_UNIT (LENGTH_MEASURE( 1.000000000000000082E-05 ), #6592, 'distance_accuracy_value', 'NONE');
#910 = CARTESIAN_POINT ( 'NONE',  ( -1.400000000000012124, -0.05000000000000000278, -1.649999999999966827 ) ) ;
#911 = EDGE_CURVE ( 'NONE', #123, #5571, #7802, .T. ) ;
#912 = CARTESIAN_POINT ( 'NONE',  ( -0.5000000000000000000, 0.000000000000000000, -0.1000000000000001305 ) ) ;
#913 = VECTOR ( 'NONE', #2747, 1000.000000000000000 ) ;
#914 = PRESENTATION_LAYER_ASSIGNMENT (  '', '', ( #4629 ) ) ;
#915 = VECTOR ( 'NONE', #7890, 1000.000000000000000 ) ;
#916 = ORIENTED_EDGE ( 'NONE', *, *, #4387, .T. ) ;
#917 = SURFACE_SIDE_STYLE ('',( #5657 ) ) ;
#918 = LINE ( 'NONE', #4146, #9846 ) ;
#919 = PRESENTATION_STYLE_ASSIGNMENT (( #717 ) ) ;
#920 = PRESENTATION_STYLE_ASSIGNMENT (( #4887 ) ) ;
#921 = ORIENTED_EDGE ( 'NONE', *, *, #5849, .F. ) ;
#922 = SURFACE_STYLE_USAGE ( .BOTH. , #3358 ) ;
#923 = ADVANCED_FACE ( 'NONE', ( #10050 ), #9410, .T. ) ;
#924 = ORIENTED_EDGE ( 'NONE', *, *, #6748, .F. ) ;
#925 = AXIS2_PLACEMENT_3D ( 'NONE', #1103, #4106, #5887 ) ;
#926 = AXIS2_PLACEMENT_3D ( 'NONE', #6270, #3767, #3876 ) ;
#927 = FACE_OUTER_BOUND ( 'NONE', #7790, .T. ) ;
#928 = COLOUR_RGB ( '',0.7686274509803920907, 0.7686274509803920907, 0.7686274509803920907 ) ;
#929 = CARTESIAN_POINT ( 'NONE',  ( -2.000000000000000000, -0.05000000000000000278, -0.1500000000000004663 ) ) ;
#930 = DIRECTION ( 'NONE',  ( 1.000000000000000000, 0.000000000000000000, 0.000000000000000000 ) ) ;
#931 = MECHANICAL_DESIGN_GEOMETRIC_PRESENTATION_REPRESENTATION (  '', ( #6811 ), #2455 ) ;
#932 =( NAMED_UNIT ( * ) SI_UNIT ( $, .STERADIAN. ) SOLID_ANGLE_UNIT ( ) );
#933 = ORIENTED_EDGE ( 'NONE', *, *, #5605, .F. ) ;
#934 = CIRCLE ( 'NONE', #91, 0.04999999999996695282 ) ;
#935 = LINE ( 'NONE', #9058, #6306 ) ;
#936 = PRESENTATION_LAYER_ASSIGNMENT (  '', '', ( #3824 ) ) ;
#937 =( GEOMETRIC_REPRESENTATION_CONTEXT ( 3 ) GLOBAL_UNCERTAINTY_ASSIGNED_CONTEXT ( ( #280 ) ) GLOBAL_UNIT_ASSIGNED_CONTEXT ( ( #9092, #3406, #9817 ) ) REPRESENTATION_CONTEXT ( 'NONE', 'WORKASPACE' ) );
#938 = CARTESIAN_POINT ( 'NONE',  ( -2.000000000000001776, -0.05000000000000000278, 0.3999999999999995226 ) ) ;
#939 = VECTOR ( 'NONE', #8976, 1000.000000000000000 ) ;
#940 = EDGE_CURVE ( 'NONE', #6778, #8408, #3798, .T. ) ;
#941 = VERTEX_POINT ( 'NONE', #3058 ) ;
#942 = CARTESIAN_POINT ( 'NONE',  ( -0.4999999999999942824, -0.05000000000000000278, -0.6500000000000001332 ) ) ;
#943 = AXIS2_PLACEMENT_3D ( 'NONE', #2891, #9316, #10146 ) ;
#944 = LINE ( 'NONE', #7148, #1792 ) ;
#945 = PRESENTATION_STYLE_ASSIGNMENT (( #7344 ) ) ;
#946 = MECHANICAL_DESIGN_GEOMETRIC_PRESENTATION_REPRESENTATION (  '', ( #617 ), #6830 ) ;
#947 = ORIENTED_EDGE ( 'NONE', *, *, #664, .T. ) ;
#948 = EDGE_CURVE ( 'NONE', #3850, #9858, #6106, .T. ) ;
#949 = EDGE_CURVE ( 'NONE', #3850, #4054, #3753, .T. ) ;
#950 = VERTEX_POINT ( 'NONE', #6988 ) ;
#951 = DIRECTION ( 'NONE',  ( -0.000000000000000000, 1.000000000000000000, -0.000000000000000000 ) ) ;
#952 = MECHANICAL_DESIGN_GEOMETRIC_PRESENTATION_REPRESENTATION (  '', ( #2804 ), #273 ) ;
#953 = CARTESIAN_POINT ( 'NONE',  ( 0.7000000000000209388, 0.1499999999999999944, -2.050000000000000266 ) ) ;
#954 =( NAMED_UNIT ( * ) PLANE_ANGLE_UNIT ( ) SI_UNIT ( $, .RADIAN. ) );
#955 = LINE ( 'NONE', #4180, #6861 ) ;
#956 = VERTEX_POINT ( 'NONE', #5462 ) ;
#957 = CARTESIAN_POINT ( 'NONE',  ( 0.7000000000000209388, -0.05000000000000000278, -2.000000000000000000 ) ) ;
#958 = CARTESIAN_POINT ( 'NONE',  ( -2.050000000000000266, -0.05000000000000000278, -0.1500000000000003830 ) ) ;
#959 = SURFACE_SIDE_STYLE ('',( #2656 ) ) ;
#960 =( GEOMETRIC_REPRESENTATION_CONTEXT ( 3 ) GLOBAL_UNCERTAINTY_ASSIGNED_CONTEXT ( ( #7380 ) ) GLOBAL_UNIT_ASSIGNED_CONTEXT ( ( #136, #6565, #1779 ) ) REPRESENTATION_CONTEXT ( 'NONE', 'WORKASPACE' ) );
#961 = PRESENTATION_LAYER_ASSIGNMENT (  '', '', ( #2480 ) ) ;
#962 = CARTESIAN_POINT ( 'NONE',  ( 1.999999999999997780, 0.000000000000000000, 0.9000000000000000222 ) ) ;
#963 = ADVANCED_FACE ( 'NONE', ( #1384 ), #9259, .F. ) ;
#964 = LINE ( 'NONE', #169, #5463 ) ;
#965 = PRESENTATION_LAYER_ASSIGNMENT (  '', '', ( #6670 ) ) ;
#966 = DIRECTION ( 'NONE',  ( 0.000000000000000000, 0.000000000000000000, -1.000000000000000000 ) ) ;
#967 = PRESENTATION_LAYER_ASSIGNMENT (  '', '', ( #9988 ) ) ;
#968 = SURFACE_STYLE_FILL_AREA ( #9041 ) ;
#969 =( NAMED_UNIT ( * ) PLANE_ANGLE_UNIT ( ) SI_UNIT ( $, .RADIAN. ) );
#970 = VECTOR ( 'NONE', #8136, 1000.000000000000000 ) ;
#971 = ORIENTED_EDGE ( 'NONE', *, *, #7242, .T. ) ;
#972 =( NAMED_UNIT ( * ) PLANE_ANGLE_UNIT ( ) SI_UNIT ( $, .RADIAN. ) );
#973 =( NAMED_UNIT ( * ) SI_UNIT ( $, .STERADIAN. ) SOLID_ANGLE_UNIT ( ) );
#974 = AXIS2_PLACEMENT_3D ( 'NONE', #1592, #806, #3034 ) ;
#975 = COLOUR_RGB ( '',0.7686274509803920907, 0.7686274509803920907, 0.7686274509803920907 ) ;
#976 = ORIENTED_EDGE ( 'NONE', *, *, #7910, .T. ) ;
#977 =( NAMED_UNIT ( * ) PLANE_ANGLE_UNIT ( ) SI_UNIT ( $, .RADIAN. ) );
#978 = STYLED_ITEM ( 'NONE', ( #366 ), #5011 ) ;
#979 = SURFACE_STYLE_FILL_AREA ( #7315 ) ;
#980 = SURFACE_STYLE_FILL_AREA ( #8157 ) ;
#981 = PLANE ( 'NONE',  #578 ) ;
#982 = ADVANCED_FACE ( 'NONE', ( #6502 ), #4780, .F. ) ;
#983 = ORIENTED_EDGE ( 'NONE', *, *, #9841, .F. ) ;
#984 = DIRECTION ( 'NONE',  ( -0.000000000000000000, 1.000000000000000000, -0.000000000000000000 ) ) ;
#985 = FILL_AREA_STYLE_COLOUR ( '', #600 ) ;
#986 = ORIENTED_EDGE ( 'NONE', *, *, #476, .T. ) ;
#987 = VECTOR ( 'NONE', #1445, 1000.000000000000000 ) ;
#988 = MECHANICAL_DESIGN_GEOMETRIC_PRESENTATION_REPRESENTATION (  '', ( #4857 ), #1653 ) ;
#989 = LINE ( 'NONE', #4257, #2643 ) ;
#990 =( LENGTH_UNIT ( ) NAMED_UNIT ( * ) SI_UNIT ( .MILLI., .METRE. ) );
#991 = MECHANICAL_DESIGN_GEOMETRIC_PRESENTATION_REPRESENTATION (  '', ( #2023 ), #134 ) ;
#992 =( NAMED_UNIT ( * ) SI_UNIT ( $, .STERADIAN. ) SOLID_ANGLE_UNIT ( ) );
#993 = VECTOR ( 'NONE', #1945, 1000.000000000000000 ) ;
#994 = CARTESIAN_POINT ( 'NONE',  ( 1.400000000000053868, -0.05000000000000000278, 1.600000000000024070 ) ) ;
#995 = FILL_AREA_STYLE_COLOUR ( '', #1662 ) ;
#996 = ORIENTED_EDGE ( 'NONE', *, *, #1863, .T. ) ;
#997 = CARTESIAN_POINT ( 'NONE',  ( 0.7499999999999878986, -0.05000000000000000278, -1.649999999999967049 ) ) ;
#998 = PRESENTATION_LAYER_ASSIGNMENT (  '', '', ( #9347 ) ) ;
#999 = DIRECTION ( 'NONE',  ( 0.000000000000000000, 1.355252715606880049E-16, -1.000000000000000000 ) ) ;
#1000 = MECHANICAL_DESIGN_GEOMETRIC_PRESENTATION_REPRESENTATION (  '', ( #1179 ), #4203 ) ;
#1001 = EDGE_CURVE ( 'NONE', #8051, #10048, #71, .T. ) ;
#1002 = SURFACE_SIDE_STYLE ('',( #5731 ) ) ;
#1003 = EDGE_CURVE ( 'NONE', #4208, #4356, #6404, .T. ) ;
#1004 = VERTEX_POINT ( 'NONE', #7862 ) ;
#1005 = ORIENTED_EDGE ( 'NONE', *, *, #2231, .T. ) ;
#1006 = SURFACE_STYLE_FILL_AREA ( #3371 ) ;
#1007 = SURFACE_SIDE_STYLE ('',( #6779 ) ) ;
#1008 = DIRECTION ( 'NONE',  ( -0.000000000000000000, -1.000000000000000000, -0.000000000000000000 ) ) ;
#1009 = VECTOR ( 'NONE', #7789, 1000.000000000000000 ) ;
#1010 = STYLED_ITEM ( 'NONE', ( #9390 ), #2429 ) ;
#1011 = SURFACE_STYLE_USAGE ( .BOTH. , #2007 ) ;
#1012 = CARTESIAN_POINT ( 'NONE',  ( 2.050000000000000266, -0.05000000000000000278, 0.1000000000000000472 ) ) ;
#1013 = CIRCLE ( 'NONE', #152, 0.05000000000000002359 ) ;
#1014 = ADVANCED_FACE ( 'NONE', ( #3305 ), #9563, .F. ) ;
#1015 = ORIENTED_EDGE ( 'NONE', *, *, #9470, .F. ) ;
#1016 =( NAMED_UNIT ( * ) PLANE_ANGLE_UNIT ( ) SI_UNIT ( $, .RADIAN. ) );
#1017 =( GEOMETRIC_REPRESENTATION_CONTEXT ( 3 ) GLOBAL_UNCERTAINTY_ASSIGNED_CONTEXT ( ( #1894 ) ) GLOBAL_UNIT_ASSIGNED_CONTEXT ( ( #1700, #3338, #2554 ) ) REPRESENTATION_CONTEXT ( 'NONE', 'WORKASPACE' ) );
#1018 = ORIENTED_EDGE ( 'NONE', *, *, #7044, .T. ) ;
#1019 = COLOUR_RGB ( '',0.7686274509803920907, 0.7686274509803920907, 0.7686274509803920907 ) ;
#1020 = SURFACE_STYLE_USAGE ( .BOTH. , #7249 ) ;
#1021 = FILL_AREA_STYLE ('',( #4908 ) ) ;
#1022 = SURFACE_STYLE_FILL_AREA ( #1806 ) ;
#1023 = ORIENTED_EDGE ( 'NONE', *, *, #1302, .F. ) ;
#1024 = FILL_AREA_STYLE_COLOUR ( '', #2161 ) ;
#1025 = DIRECTION ( 'NONE',  ( 1.000000000000000000, -0.000000000000000000, -0.000000000000000000 ) ) ;
#1026 = SURFACE_STYLE_FILL_AREA ( #1557 ) ;
#1027 = SURFACE_STYLE_FILL_AREA ( #5791 ) ;
#1028 = CARTESIAN_POINT ( 'NONE',  ( -0.3499999999999461875, -0.05000000000000000278, -1.649999999999967049 ) ) ;
#1029 = PRESENTATION_STYLE_ASSIGNMENT (( #810 ) ) ;
#1030 =( LENGTH_UNIT ( ) NAMED_UNIT ( * ) SI_UNIT ( .MILLI., .METRE. ) );
#1031 = LINE ( 'NONE', #2557, #4251 ) ;
#1032 = CARTESIAN_POINT ( 'NONE',  ( 0.05000000000002047945, -0.05000000000000000278, -1.599999999999999645 ) ) ;
#1033 = ORIENTED_EDGE ( 'NONE', *, *, #177, .T. ) ;
#1034 = SURFACE_STYLE_USAGE ( .BOTH. , #8213 ) ;
#1035 = EDGE_CURVE ( 'NONE', #6555, #6770, #4827, .T. ) ;
#1036 = EDGE_CURVE ( 'NONE', #7994, #6787, #4738, .T. ) ;
#1037 = CARTESIAN_POINT ( 'NONE',  ( -2.050000000000000266, 0.1499999999999999944, -0.4000000000000005218 ) ) ;
#1038 = EDGE_LOOP ( 'NONE', ( #5198, #5893, #2469, #5854 ) ) ;
#1039 = DIRECTION ( 'NONE',  ( -1.000000000000000000, 0.000000000000000000, -1.084202172485505297E-16 ) ) ;
#1040 = CARTESIAN_POINT ( 'NONE',  ( 0.3000000000000208611, 0.000000000000000000, 2.000000000000000000 ) ) ;
#1041 = SURFACE_STYLE_FILL_AREA ( #3402 ) ;
#1042 = ORIENTED_EDGE ( 'NONE', *, *, #1229, .F. ) ;
#1043 = CARTESIAN_POINT ( 'NONE',  ( -0.5000000000000037748, -0.05000000000000000278, 1.000000000000000000 ) ) ;
#1044 = ORIENTED_EDGE ( 'NONE', *, *, #5935, .T. ) ;
#1045 = DIRECTION ( 'NONE',  ( 1.000000000000000000, 0.000000000000000000, 0.000000000000000000 ) ) ;
#1046 = DIRECTION ( 'NONE',  ( -0.000000000000000000, 1.000000000000000000, -0.000000000000000000 ) ) ;
#1047 = CARTESIAN_POINT ( 'NONE',  ( -0.3499999999999461875, -0.05000000000000000278, 1.649999999999967049 ) ) ;
#1048 =( NAMED_UNIT ( * ) SI_UNIT ( $, .STERADIAN. ) SOLID_ANGLE_UNIT ( ) );
#1049 = VERTEX_POINT ( 'NONE', #9094 ) ;
#1050 = SURFACE_STYLE_USAGE ( .BOTH. , #5051 ) ;
#1051 = CARTESIAN_POINT ( 'NONE',  ( -1.449999999999978861, -0.05000000000000000278, -1.649999999999966827 ) ) ;
#1052 = DIRECTION ( 'NONE',  ( -0.000000000000000000, 0.000000000000000000, -1.000000000000000000 ) ) ;
#1053 = EDGE_CURVE ( 'NONE', #8847, #7381, #1095, .T. ) ;
#1054 = VERTEX_POINT ( 'NONE', #1927 ) ;
#1055 = EDGE_LOOP ( 'NONE', ( #1705, #8341, #4695, #5297, #7126, #3830 ) ) ;
#1056 = ORIENTED_EDGE ( 'NONE', *, *, #342, .F. ) ;
#1057 = UNCERTAINTY_MEASURE_WITH_UNIT (LENGTH_MEASURE( 1.000000000000000082E-05 ), #9475, 'distance_accuracy_value', 'NONE');
#1058 = CARTESIAN_POINT ( 'NONE',  ( 1.250000000000004663, -0.05000000000000000278, -0.3500000000000001443 ) ) ;
#1059 = CARTESIAN_POINT ( 'NONE',  ( 0.5000000000000208722, 0.1499999999999999944, -2.000000000000000000 ) ) ;
#1060 = LINE ( 'NONE', #7553, #10148 ) ;
#1061 = CARTESIAN_POINT ( 'NONE',  ( 2.050000000000000266, -0.05000000000000000278, 1.300000000000000266 ) ) ;
#1062 = EDGE_CURVE ( 'NONE', #9158, #2684, #8269, .T. ) ;
#1063 = ORIENTED_EDGE ( 'NONE', *, *, #1176, .F. ) ;
#1064 =( NAMED_UNIT ( * ) SI_UNIT ( $, .STERADIAN. ) SOLID_ANGLE_UNIT ( ) );
#1065 = ORIENTED_EDGE ( 'NONE', *, *, #9728, .T. ) ;
#1066 = CARTESIAN_POINT ( 'NONE',  ( -1.199999999999946443, -0.05000000000000000278, -1.599999999999999867 ) ) ;
#1067 = APPLICATION_CONTEXT ( 'automotive_design' ) ;
#1068 = CARTESIAN_POINT ( 'NONE',  ( -1.400000000000012124, -0.05000000000000000278, -1.599999999999999867 ) ) ;
#1069 = EDGE_CURVE ( 'NONE', #8741, #7394, #989, .T. ) ;
#1070 = FILL_AREA_STYLE_COLOUR ( '', #471 ) ;
#1071 = ORIENTED_EDGE ( 'NONE', *, *, #5755, .T. ) ;
#1072 = CARTESIAN_POINT ( 'NONE',  ( -2.000000000000000000, -0.05000000000000000278, 0.3999999999999995226 ) ) ;
#1073 = CARTESIAN_POINT ( 'NONE',  ( 1.999999999999996669, -0.05000000000000000278, 1.300000000000000266 ) ) ;
#1074 = CYLINDRICAL_SURFACE ( 'NONE', #9340, 0.04999999999995480976 ) ;
#1075 = SURFACE_STYLE_FILL_AREA ( #5749 ) ;
#1076 = FILL_AREA_STYLE ('',( #8922 ) ) ;
#1077 = FILL_AREA_STYLE_COLOUR ( '', #6310 ) ;
#1078 = CARTESIAN_POINT ( 'NONE',  ( -0.5500000000000018208, -0.05000000000000000278, 0.6499999999999995781 ) ) ;
#1079 = FILL_AREA_STYLE_COLOUR ( '', #291 ) ;
#1080 = ORIENTED_EDGE ( 'NONE', *, *, #1276, .T. ) ;
#1081 =( NAMED_UNIT ( * ) SI_UNIT ( $, .STERADIAN. ) SOLID_ANGLE_UNIT ( ) );
#1082 = STYLED_ITEM ( 'NONE', ( #5415 ), #6574 ) ;
#1083 = SURFACE_STYLE_USAGE ( .BOTH. , #3446 ) ;
#1084 = ORIENTED_EDGE ( 'NONE', *, *, #342, .T. ) ;
#1085 = DIRECTION ( 'NONE',  ( 0.000000000000000000, -1.000000000000000000, 0.000000000000000000 ) ) ;
#1086 = FILL_AREA_STYLE ('',( #1876 ) ) ;
#1087 = STYLED_ITEM ( 'NONE', ( #2566 ), #6704 ) ;
#1088 = EDGE_LOOP ( 'NONE', ( #6940, #6476, #4617, #7521 ) ) ;
#1089 = EDGE_CURVE ( 'NONE', #1724, #8211, #132, .T. ) ;
#1090 = SURFACE_STYLE_FILL_AREA ( #1768 ) ;
#1091 = SURFACE_STYLE_USAGE ( .BOTH. , #5924 ) ;
#1092 = ADVANCED_FACE ( 'NONE', ( #5926 ), #6765, .F. ) ;
#1093 = ORIENTED_EDGE ( 'NONE', *, *, #4760, .F. ) ;
#1094 = VECTOR ( 'NONE', #2924, 1000.000000000000000 ) ;
#1095 = LINE ( 'NONE', #8940, #4985 ) ;
#1096 = DIRECTION ( 'NONE',  ( 1.000000000000000000, 0.000000000000000000, 0.000000000000000000 ) ) ;
#1097 = LINE ( 'NONE', #1777, #10005 ) ;
#1098 = VECTOR ( 'NONE', #4877, 1000.000000000000000 ) ;
#1099 = AXIS2_PLACEMENT_3D ( 'NONE', #4764, #7931, #755 ) ;
#1100 =( GEOMETRIC_REPRESENTATION_CONTEXT ( 3 ) GLOBAL_UNCERTAINTY_ASSIGNED_CONTEXT ( ( #2840 ) ) GLOBAL_UNIT_ASSIGNED_CONTEXT ( ( #4093, #1711, #5716 ) ) REPRESENTATION_CONTEXT ( 'NONE', 'WORKASPACE' ) );
#1101 = DIRECTION ( 'NONE',  ( -0.000000000000000000, 1.000000000000000000, -0.000000000000000000 ) ) ;
#1102 = ORIENTED_EDGE ( 'NONE', *, *, #108, .F. ) ;
#1103 = CARTESIAN_POINT ( 'NONE',  ( -0.4500000000000122236, 0.000000000000000000, 1.649999999999967049 ) ) ;
#1104 = ORIENTED_EDGE ( 'NONE', *, *, #4558, .F. ) ;
#1105 = VECTOR ( 'NONE', #4755, 1000.000000000000000 ) ;
#1106 = MECHANICAL_DESIGN_GEOMETRIC_PRESENTATION_REPRESENTATION (  '', ( #10274 ), #5301 ) ;
#1107 = AXIS2_PLACEMENT_3D ( 'NONE', #1800, #6529, #8031 ) ;
#1108 = ORIENTED_EDGE ( 'NONE', *, *, #5585, .F. ) ;
#1109 =( GEOMETRIC_REPRESENTATION_CONTEXT ( 3 ) GLOBAL_UNCERTAINTY_ASSIGNED_CONTEXT ( ( #4087 ) ) GLOBAL_UNIT_ASSIGNED_CONTEXT ( ( #5913, #1388, #9077 ) ) REPRESENTATION_CONTEXT ( 'NONE', 'WORKASPACE' ) );
#1110 = ORIENTED_EDGE ( 'NONE', *, *, #9187, .F. ) ;
#1111 = FILL_AREA_STYLE ('',( #312 ) ) ;
#1112 = CARTESIAN_POINT ( 'NONE',  ( 0.000000000000000000, 0.000000000000000000, 2.050000000000000266 ) ) ;
#1113 = FACE_OUTER_BOUND ( 'NONE', #8952, .T. ) ;
#1114 = LINE ( 'NONE', #5269, #7348 ) ;
#1115 = CIRCLE ( 'NONE', #6984, 0.04999999999999996808 ) ;
#1116 = AXIS2_PLACEMENT_3D ( 'NONE', #5260, #7703, #2097 ) ;
#1117 = AXIS2_PLACEMENT_3D ( 'NONE', #6413, #348, #3520 ) ;
#1118 = ORIENTED_EDGE ( 'NONE', *, *, #10241, .T. ) ;
#1119 =( GEOMETRIC_REPRESENTATION_CONTEXT ( 3 ) GLOBAL_UNCERTAINTY_ASSIGNED_CONTEXT ( ( #8386 ) ) GLOBAL_UNIT_ASSIGNED_CONTEXT ( ( #2521, #2462, #3160 ) ) REPRESENTATION_CONTEXT ( 'NONE', 'WORKASPACE' ) );
#1120 =( GEOMETRIC_REPRESENTATION_CONTEXT ( 3 ) GLOBAL_UNCERTAINTY_ASSIGNED_CONTEXT ( ( #6296 ) ) GLOBAL_UNIT_ASSIGNED_CONTEXT ( ( #4347, #2026, #2746 ) ) REPRESENTATION_CONTEXT ( 'NONE', 'WORKASPACE' ) );
#1121 = ORIENTED_EDGE ( 'NONE', *, *, #2333, .F. ) ;
#1122 = EDGE_CURVE ( 'NONE', #4396, #8316, #3523, .T. ) ;
#1123 = VECTOR ( 'NONE', #5580, 1000.000000000000000 ) ;
#1124 = CARTESIAN_POINT ( 'NONE',  ( 0.8500000000000205169, 0.000000000000000000, 1.599999999999999645 ) ) ;
#1125 = VERTEX_POINT ( 'NONE', #5145 ) ;
#1126 = AXIS2_PLACEMENT_3D ( 'NONE', #4809, #8133, #4953 ) ;
#1127 = CARTESIAN_POINT ( 'NONE',  ( -1.400000000000012124, -0.05000000000000000278, 1.649999999999966827 ) ) ;
#1128 = SURFACE_STYLE_USAGE ( .BOTH. , #6118 ) ;
#1129 =( NAMED_UNIT ( * ) PLANE_ANGLE_UNIT ( ) SI_UNIT ( $, .RADIAN. ) );
#1130 = MECHANICAL_DESIGN_GEOMETRIC_PRESENTATION_REPRESENTATION (  '', ( #2474 ), #8812 ) ;
#1131 =( GEOMETRIC_REPRESENTATION_CONTEXT ( 3 ) GLOBAL_UNCERTAINTY_ASSIGNED_CONTEXT ( ( #1170 ) ) GLOBAL_UNIT_ASSIGNED_CONTEXT ( ( #3857, #4435, #10202 ) ) REPRESENTATION_CONTEXT ( 'NONE', 'WORKASPACE' ) );
#1132 = CARTESIAN_POINT ( 'NONE',  ( -1.149999999999979705, -0.05000000000000000278, -1.649999999999966827 ) ) ;
#1133 = FILL_AREA_STYLE ('',( #333 ) ) ;
#1134 = DIRECTION ( 'NONE',  ( 1.183329228255495291E-13, 0.000000000000000000, 1.000000000000000000 ) ) ;
#1135 = EDGE_CURVE ( 'NONE', #7414, #4174, #8329, .T. ) ;
#1136 = SURFACE_STYLE_USAGE ( .BOTH. , #9188 ) ;
#1137 = CARTESIAN_POINT ( 'NONE',  ( -0.2999999999999792277, 0.000000000000000000, -1.649999999999999467 ) ) ;
#1138 = CARTESIAN_POINT ( 'NONE',  ( 0.1000000000000208639, 0.1499999999999999944, -2.050000000000000266 ) ) ;
#1139 = ORIENTED_EDGE ( 'NONE', *, *, #6584, .F. ) ;
#1140 = COLOUR_RGB ( '',0.7686274509803920907, 0.7686274509803920907, 0.7686274509803920907 ) ;
#1141 = DIRECTION ( 'NONE',  ( 0.000000000000000000, 0.000000000000000000, -1.000000000000000000 ) ) ;
#1142 = ORIENTED_EDGE ( 'NONE', *, *, #9844, .T. ) ;
#1143 = CARTESIAN_POINT ( 'NONE',  ( 2.000000000000004885, 0.000000000000000000, -0.5000000000000000000 ) ) ;
#1144 = STYLED_ITEM ( 'NONE', ( #1315 ), #9655 ) ;
#1145 = DIRECTION ( 'NONE',  ( 1.000000000000000000, 0.000000000000000000, -0.000000000000000000 ) ) ;
#1146 =( GEOMETRIC_REPRESENTATION_CONTEXT ( 3 ) GLOBAL_UNCERTAINTY_ASSIGNED_CONTEXT ( ( #3909 ) ) GLOBAL_UNIT_ASSIGNED_CONTEXT ( ( #5436, #10222, #7110 ) ) REPRESENTATION_CONTEXT ( 'NONE', 'WORKASPACE' ) );
#1147 = LINE ( 'NONE', #2035, #10096 ) ;
#1148 = PRESENTATION_LAYER_ASSIGNMENT (  '', '', ( #8517 ) ) ;
#1149 = ORIENTED_EDGE ( 'NONE', *, *, #1003, .F. ) ;
#1150 = DIRECTION ( 'NONE',  ( 0.000000000000000000, 1.000000000000000000, 0.000000000000000000 ) ) ;
#1151 =( LENGTH_UNIT ( ) NAMED_UNIT ( * ) SI_UNIT ( .MILLI., .METRE. ) );
#1152 = ORIENTED_EDGE ( 'NONE', *, *, #1698, .F. ) ;
#1153 = UNCERTAINTY_MEASURE_WITH_UNIT (LENGTH_MEASURE( 1.000000000000000082E-05 ), #6992, 'distance_accuracy_value', 'NONE');
#1154 =( LENGTH_UNIT ( ) NAMED_UNIT ( * ) SI_UNIT ( .MILLI., .METRE. ) );
#1155 = CARTESIAN_POINT ( 'NONE',  ( -0.09999999999997911948, -0.05000000000000000278, -2.050000000000000266 ) ) ;
#1156 = DIRECTION ( 'NONE',  ( 0.000000000000000000, -0.000000000000000000, -1.000000000000000000 ) ) ;
#1157 = DIRECTION ( 'NONE',  ( 0.000000000000000000, -0.000000000000000000, 1.000000000000000000 ) ) ;
#1158 = CARTESIAN_POINT ( 'NONE',  ( -2.050000000000000266, -0.05000000000000000278, 0.9499999999999996225 ) ) ;
#1159 = ADVANCED_FACE ( 'NONE', ( #927 ), #8164, .T. ) ;
#1160 = ORIENTED_EDGE ( 'NONE', *, *, #24, .T. ) ;
#1161 = CARTESIAN_POINT ( 'NONE',  ( 1.400000000000053868, -0.05000000000000000278, 1.600000000000024070 ) ) ;
#1162 = SURFACE_SIDE_STYLE ('',( #9098 ) ) ;
#1163 = FACE_OUTER_BOUND ( 'NONE', #4634, .T. ) ;
#1164 = ORIENTED_EDGE ( 'NONE', *, *, #2401, .T. ) ;
#1165 = AXIS2_PLACEMENT_3D ( 'NONE', #3133, #3833, #2359 ) ;
#1166 = PRESENTATION_LAYER_ASSIGNMENT (  '', '', ( #4355 ) ) ;
#1167 = ORIENTED_EDGE ( 'NONE', *, *, #8747, .T. ) ;
#1168 = PRESENTATION_LAYER_ASSIGNMENT (  '', '', ( #4371 ) ) ;
#1169 = ORIENTED_EDGE ( 'NONE', *, *, #6775, .T. ) ;
#1170 = UNCERTAINTY_MEASURE_WITH_UNIT (LENGTH_MEASURE( 1.000000000000000082E-05 ), #3857, 'distance_accuracy_value', 'NONE');
#1171 = LINE ( 'NONE', #6001, #8134 ) ;
#1172 = LINE ( 'NONE', #4386, #2838 ) ;
#1173 =( LENGTH_UNIT ( ) NAMED_UNIT ( * ) SI_UNIT ( .MILLI., .METRE. ) );
#1174 = CARTESIAN_POINT ( 'NONE',  ( 0.3500000000000211831, -0.05000000000000000278, -1.599999999999999645 ) ) ;
#1175 = VECTOR ( 'NONE', #2575, 1000.000000000000000 ) ;
#1176 = EDGE_CURVE ( 'NONE', #68, #9769, #5409, .T. ) ;
#1177 = AXIS2_PLACEMENT_3D ( 'NONE', #1378, #2933, #7747 ) ;
#1178 = ADVANCED_FACE ( 'NONE', ( #7693 ), #2880, .F. ) ;
#1179 = STYLED_ITEM ( 'NONE', ( #6085 ), #5984 ) ;
#1180 = EDGE_LOOP ( 'NONE', ( #1665, #7686, #3086, #3652 ) ) ;
#1181 = STYLED_ITEM ( 'NONE', ( #1928 ), #5242 ) ;
#1182 = ORIENTED_EDGE ( 'NONE', *, *, #3688, .F. ) ;
#1183 = CARTESIAN_POINT ( 'NONE',  ( 0.9000000000000208944, -0.05000000000000000278, 2.050000000000000266 ) ) ;
#1184 =( NAMED_UNIT ( * ) SI_UNIT ( $, .STERADIAN. ) SOLID_ANGLE_UNIT ( ) );
#1185 = VECTOR ( 'NONE', #6710, 1000.000000000000000 ) ;
#1186 =( GEOMETRIC_REPRESENTATION_CONTEXT ( 3 ) GLOBAL_UNCERTAINTY_ASSIGNED_CONTEXT ( ( #1461 ) ) GLOBAL_UNIT_ASSIGNED_CONTEXT ( ( #5561, #1862, #4130 ) ) REPRESENTATION_CONTEXT ( 'NONE', 'WORKASPACE' ) );
#1187 = ORIENTED_EDGE ( 'NONE', *, *, #9819, .F. ) ;
#1188 = CARTESIAN_POINT ( 'NONE',  ( -2.000000000000000000, 0.000000000000000000, -2.000000000000000000 ) ) ;
#1189 = LINE ( 'NONE', #212, #8143 ) ;
#1190 = LINE ( 'NONE', #7567, #6224 ) ;
#1191 = PRESENTATION_LAYER_ASSIGNMENT (  '', '', ( #2534 ) ) ;
#1192 = DIRECTION ( 'NONE',  ( 1.000000000000000000, 0.000000000000000000, 0.000000000000000000 ) ) ;
#1193 = FILL_AREA_STYLE ('',( #5181 ) ) ;
#1194 = PLANE ( 'NONE',  #3286 ) ;
#1195 = PRESENTATION_STYLE_ASSIGNMENT (( #1910 ) ) ;
#1197 = VERTEX_POINT ( 'NONE', #6885 ) ;
#1196 =( LENGTH_UNIT ( ) NAMED_UNIT ( * ) SI_UNIT ( .MILLI., .METRE. ) );
#1198 = FILL_AREA_STYLE_COLOUR ( '', #1633 ) ;
#1199 = ORIENTED_EDGE ( 'NONE', *, *, #4829, .T. ) ;
#1200 = COLOUR_RGB ( '',0.7686274509803920907, 0.7686274509803920907, 0.7686274509803920907 ) ;
#1201 =( NAMED_UNIT ( * ) PLANE_ANGLE_UNIT ( ) SI_UNIT ( $, .RADIAN. ) );
#1202 =( LENGTH_UNIT ( ) NAMED_UNIT ( * ) SI_UNIT ( .MILLI., .METRE. ) );
#1203 = EDGE_CURVE ( 'NONE', #4225, #123, #516, .T. ) ;
#1204 = ORIENTED_EDGE ( 'NONE', *, *, #4558, .T. ) ;
#1205 =( LENGTH_UNIT ( ) NAMED_UNIT ( * ) SI_UNIT ( .MILLI., .METRE. ) );
#1206 = DIRECTION ( 'NONE',  ( 1.000000000000000000, -0.000000000000000000, -0.000000000000000000 ) ) ;
#1207 = DIRECTION ( 'NONE',  ( 0.000000000000000000, 0.000000000000000000, 1.000000000000000000 ) ) ;
#1208 = ORIENTED_EDGE ( 'NONE', *, *, #4667, .F. ) ;
#1209 =( NAMED_UNIT ( * ) SI_UNIT ( $, .STERADIAN. ) SOLID_ANGLE_UNIT ( ) );
#1210 = ORIENTED_EDGE ( 'NONE', *, *, #2386, .T. ) ;
#1211 = FILL_AREA_STYLE ('',( #3689 ) ) ;
#1212 = EDGE_CURVE ( 'NONE', #8876, #2175, #10130, .T. ) ;
#1213 = CARTESIAN_POINT ( 'NONE',  ( -0.8500000000000124123, -0.05000000000000000278, 1.599999999999999867 ) ) ;
#1214 = CARTESIAN_POINT ( 'NONE',  ( 0.05000000000005389023, -0.05000000000000000278, -1.649999999999967049 ) ) ;
#1215 = DIRECTION ( 'NONE',  ( -0.000000000000000000, -0.000000000000000000, -1.000000000000000000 ) ) ;
#1216 = ORIENTED_EDGE ( 'NONE', *, *, #6405, .F. ) ;
#1217 = PLANE ( 'NONE',  #7263 ) ;
#1218 = EDGE_LOOP ( 'NONE', ( #9862, #6817, #1110, #7223 ) ) ;
#1219 = ORIENTED_EDGE ( 'NONE', *, *, #3336, .F. ) ;
#1220 = VERTEX_POINT ( 'NONE', #3740 ) ;
#1221 = SURFACE_STYLE_FILL_AREA ( #6899 ) ;
#1222 = DIRECTION ( 'NONE',  ( 0.000000000000000000, 0.000000000000000000, -1.000000000000000000 ) ) ;
#1223 = SURFACE_STYLE_USAGE ( .BOTH. , #7439 ) ;
#1224 = CARTESIAN_POINT ( 'NONE',  ( 0.9000000000000208944, 0.1499999999999999944, -2.000000000000000000 ) ) ;
#1225 = ORIENTED_EDGE ( 'NONE', *, *, #9170, .T. ) ;
#1226 = ORIENTED_EDGE ( 'NONE', *, *, #664, .F. ) ;
#1227 = DIRECTION ( 'NONE',  ( -0.000000000000000000, -1.355252715606880049E-16, 1.000000000000000000 ) ) ;
#1228 = EDGE_LOOP ( 'NONE', ( #364, #9889, #6606, #4322, #7226, #4660 ) ) ;
#1229 = EDGE_CURVE ( 'NONE', #3043, #3093, #2763, .T. ) ;
#1230 = DIRECTION ( 'NONE',  ( -1.000000000000000000, -0.000000000000000000, -0.000000000000000000 ) ) ;
#1231 = EDGE_CURVE ( 'NONE', #1942, #2559, #8387, .T. ) ;
#1232 = CARTESIAN_POINT ( 'NONE',  ( -0.4999999999999791833, 0.000000000000000000, 1.649999999999999467 ) ) ;
#1233 = PLANE ( 'NONE',  #4177 ) ;
#1234 = ORIENTED_EDGE ( 'NONE', *, *, #9222, .T. ) ;
#1235 = CARTESIAN_POINT ( 'NONE',  ( -0.4999999999999942824, -0.05000000000000000278, -0.6500000000000001332 ) ) ;
#1236 =( LENGTH_UNIT ( ) NAMED_UNIT ( * ) SI_UNIT ( .MILLI., .METRE. ) );
#1237 = CARTESIAN_POINT ( 'NONE',  ( 1.200000000000008837, 0.000000000000000000, -0.7500000000000004441 ) ) ;
#1238 = CARTESIAN_POINT ( 'NONE',  ( -0.6999999999999791944, 0.1499999999999999944, -2.050000000000000266 ) ) ;
#1239 = DIRECTION ( 'NONE',  ( 0.000000000000000000, 1.000000000000000000, 0.000000000000000000 ) ) ;
#1240 = CARTESIAN_POINT ( 'NONE',  ( 0.000000000000000000, 0.000000000000000000, -2.050000000000000266 ) ) ;
#1241 = CARTESIAN_POINT ( 'NONE',  ( 2.050000000000000266, 0.1499999999999999944, 0.5000000000000001110 ) ) ;
#1242 = VERTEX_POINT ( 'NONE', #2040 ) ;
#1243 = EDGE_LOOP ( 'NONE', ( #8162, #2368, #6393, #5371 ) ) ;
#1244 = DIRECTION ( 'NONE',  ( -0.000000000000000000, 1.000000000000000000, -0.000000000000000000 ) ) ;
#1245 = DIRECTION ( 'NONE',  ( -0.000000000000000000, 1.000000000000000000, -0.000000000000000000 ) ) ;
#1246 = LINE ( 'NONE', #10074, #5957 ) ;
#1247 = ORIENTED_EDGE ( 'NONE', *, *, #1604, .T. ) ;
#1248 = DIRECTION ( 'NONE',  ( 0.000000000000000000, 0.000000000000000000, -1.000000000000000000 ) ) ;
#1249 = STYLED_ITEM ( 'NONE', ( #5457 ), #6609 ) ;
#1250 = SURFACE_STYLE_USAGE ( .BOTH. , #5200 ) ;
#1251 = EDGE_CURVE ( 'NONE', #9330, #5998, #9303, .T. ) ;
#1252 = ORIENTED_EDGE ( 'NONE', *, *, #5210, .T. ) ;
#1253 = UNCERTAINTY_MEASURE_WITH_UNIT (LENGTH_MEASURE( 1.000000000000000082E-05 ), #5413, 'distance_accuracy_value', 'NONE');
#1254 = CARTESIAN_POINT ( 'NONE',  ( -1.149999999999979705, -0.05000000000000000278, 1.649999999999966827 ) ) ;
#1255 = DIRECTION ( 'NONE',  ( 0.000000000000000000, 0.000000000000000000, 1.000000000000000000 ) ) ;
#1256 = VECTOR ( 'NONE', #2522, 1000.000000000000000 ) ;
#1257 = ORIENTED_EDGE ( 'NONE', *, *, #10073, .T. ) ;
#1258 = SURFACE_STYLE_FILL_AREA ( #8438 ) ;
#1259 = DIRECTION ( 'NONE',  ( 0.000000000000000000, 0.000000000000000000, -1.000000000000000000 ) ) ;
#1260 =( LENGTH_UNIT ( ) NAMED_UNIT ( * ) SI_UNIT ( .MILLI., .METRE. ) );
#1261 = ADVANCED_FACE ( 'NONE', ( #4422 ), #9147, .F. ) ;
#1262 = CARTESIAN_POINT ( 'NONE',  ( 1.450000000000020828, 0.1499999999999999944, 2.000000000000000000 ) ) ;
#1263 = SURFACE_SIDE_STYLE ('',( #5216 ) ) ;
#1264 = ORIENTED_EDGE ( 'NONE', *, *, #8338, .F. ) ;
#1265 = ORIENTED_EDGE ( 'NONE', *, *, #7463, .T. ) ;
#1266 = AXIS2_PLACEMENT_3D ( 'NONE', #5865, #4970, #5028 ) ;
#1267 = UNCERTAINTY_MEASURE_WITH_UNIT (LENGTH_MEASURE( 1.000000000000000082E-05 ), #9903, 'distance_accuracy_value', 'NONE');
#1268 = PRESENTATION_LAYER_ASSIGNMENT (  '', '', ( #5779 ) ) ;
#1269 = PRESENTATION_STYLE_ASSIGNMENT (( #3802 ) ) ;
#1270 = CARTESIAN_POINT ( 'NONE',  ( -1.450000000000020828, 0.1499999999999999944, -2.000000000000000000 ) ) ;
#1271 = PRODUCT ( 'QFN26 4mm X 4mm', 'QFN26 4mm X 4mm', '', ( #1515 ) ) ;
#1272 = VERTEX_POINT ( 'NONE', #4666 ) ;
#1273 =( NAMED_UNIT ( * ) SI_UNIT ( $, .STERADIAN. ) SOLID_ANGLE_UNIT ( ) );
#1274 = MECHANICAL_DESIGN_GEOMETRIC_PRESENTATION_REPRESENTATION (  '', ( #1433 ), #3806 ) ;
#1275 = VECTOR ( 'NONE', #5951, 1000.000000000000000 ) ;
#1276 = EDGE_CURVE ( 'NONE', #5599, #5263, #6438, .T. ) ;
#1277 = VERTEX_POINT ( 'NONE', #7841 ) ;
#1278 = CARTESIAN_POINT ( 'NONE',  ( -2.000000000000000000, 0.000000000000000000, 0.1499999999999994948 ) ) ;
#1279 = ORIENTED_EDGE ( 'NONE', *, *, #2783, .T. ) ;
#1280 = FILL_AREA_STYLE_COLOUR ( '', #4488 ) ;
#1281 = DIRECTION ( 'NONE',  ( 1.000000000000000000, 0.000000000000000000, 0.000000000000000000 ) ) ;
#1282 = FILL_AREA_STYLE_COLOUR ( '', #7998 ) ;
#1283 = COLOUR_RGB ( '',0.000000000000000000, 0.000000000000000000, 0.000000000000000000 ) ;
#1284 = VECTOR ( 'NONE', #5414, 1000.000000000000000 ) ;
#1285 = CYLINDRICAL_SURFACE ( 'NONE', #6003, 0.04999999999996716793 ) ;
#1286 = STYLED_ITEM ( 'NONE', ( #335 ), #6330 ) ;
#1287 = EDGE_CURVE ( 'NONE', #3220, #6349, #2320, .T. ) ;
#1288 = EDGE_CURVE ( 'NONE', #3230, #5813, #9400, .T. ) ;
#1289 = LINE ( 'NONE', #8518, #2612 ) ;
#1290 = CARTESIAN_POINT ( 'NONE',  ( 1.249999999999996669, -0.05000000000000000278, 1.100000000000000089 ) ) ;
#1291 =( GEOMETRIC_REPRESENTATION_CONTEXT ( 3 ) GLOBAL_UNCERTAINTY_ASSIGNED_CONTEXT ( ( #9902 ) ) GLOBAL_UNIT_ASSIGNED_CONTEXT ( ( #4463, #4514, #1374 ) ) REPRESENTATION_CONTEXT ( 'NONE', 'WORKASPACE' ) );
#1292 = VECTOR ( 'NONE', #5418, 1000.000000000000000 ) ;
#1293 = VECTOR ( 'NONE', #2309, 1000.000000000000000 ) ;
#1294 = CARTESIAN_POINT ( 'NONE',  ( -1.400000000000012124, -0.05000000000000000278, -1.599999999999999867 ) ) ;
#1295 = COLOUR_RGB ( '',0.7686274509803920907, 0.7686274509803920907, 0.7686274509803920907 ) ;
#1296 = FACE_OUTER_BOUND ( 'NONE', #9314, .T. ) ;
#1297 = FILL_AREA_STYLE ('',( #5187 ) ) ;
#1298 = ORIENTED_EDGE ( 'NONE', *, *, #7181, .F. ) ;
#1299 = MECHANICAL_DESIGN_GEOMETRIC_PRESENTATION_REPRESENTATION (  '', ( #780 ), #5993 ) ;
#1300 = AXIS2_PLACEMENT_3D ( 'NONE', #6042, #4608, #5203 ) ;
#1301 = DIRECTION ( 'NONE',  ( -0.000000000000000000, 0.000000000000000000, 1.000000000000000000 ) ) ;
#1302 = EDGE_CURVE ( 'NONE', #3599, #665, #7937, .T. ) ;
#1303 = ORIENTED_EDGE ( 'NONE', *, *, #4855, .T. ) ;
#1304 = DIRECTION ( 'NONE',  ( 0.000000000000000000, 1.000000000000000000, 0.000000000000000000 ) ) ;
#1305 = SURFACE_SIDE_STYLE ('',( #505 ) ) ;
#1306 =( LENGTH_UNIT ( ) NAMED_UNIT ( * ) SI_UNIT ( .MILLI., .METRE. ) );
#1307 = ORIENTED_EDGE ( 'NONE', *, *, #9807, .F. ) ;
#1308 = COLOUR_RGB ( '',0.7686274509803920907, 0.7686274509803920907, 0.7686274509803920907 ) ;
#1309 = CARTESIAN_POINT ( 'NONE',  ( 0.1000000000000210582, -0.05000000000000000278, -1.649999999999999911 ) ) ;
#1310 = VECTOR ( 'NONE', #1630, 1000.000000000000000 ) ;
#1311 = ORIENTED_EDGE ( 'NONE', *, *, #1334, .F. ) ;
#1312 = CARTESIAN_POINT ( 'NONE',  ( 1.400000000000053868, -0.05000000000000000278, 1.600000000000024070 ) ) ;
#1313 = CYLINDRICAL_SURFACE ( 'NONE', #6990, 0.05000000000000002359 ) ;
#1314 = FILL_AREA_STYLE ('',( #9444 ) ) ;
#1315 = PRESENTATION_STYLE_ASSIGNMENT (( #7698 ) ) ;
#1316 =( NAMED_UNIT ( * ) SI_UNIT ( $, .STERADIAN. ) SOLID_ANGLE_UNIT ( ) );
#1317 = COLOUR_RGB ( '',0.7686274509803920907, 0.7686274509803920907, 0.7686274509803920907 ) ;
#1318 = AXIS2_PLACEMENT_3D ( 'NONE', #7160, #10327, #7018 ) ;
#1319 = VERTEX_POINT ( 'NONE', #5651 ) ;
#1320 = CARTESIAN_POINT ( 'NONE',  ( -2.000000000000001776, 0.000000000000000000, 0.6999999999999995115 ) ) ;
#1321 = STYLED_ITEM ( 'NONE', ( #5709 ), #4278 ) ;
#1322 = VECTOR ( 'NONE', #5801, 1000.000000000000000 ) ;
#1323 =( NAMED_UNIT ( * ) SI_UNIT ( $, .STERADIAN. ) SOLID_ANGLE_UNIT ( ) );
#1324 = PLANE ( 'NONE',  #2211 ) ;
#1325 =( NAMED_UNIT ( * ) SI_UNIT ( $, .STERADIAN. ) SOLID_ANGLE_UNIT ( ) );
#1326 = ORIENTED_EDGE ( 'NONE', *, *, #1636, .F. ) ;
#1327 = ORIENTED_EDGE ( 'NONE', *, *, #8237, .F. ) ;
#1328 =( GEOMETRIC_REPRESENTATION_CONTEXT ( 3 ) GLOBAL_UNCERTAINTY_ASSIGNED_CONTEXT ( ( #3766 ) ) GLOBAL_UNIT_ASSIGNED_CONTEXT ( ( #7174, #9554, #16 ) ) REPRESENTATION_CONTEXT ( 'NONE', 'WORKASPACE' ) );
#1329 = CARTESIAN_POINT ( 'NONE',  ( 1.250000000000009104, -0.05000000000000000278, -0.9000000000000001332 ) ) ;
#1330 = VECTOR ( 'NONE', #7108, 1000.000000000000000 ) ;
#1331 = FILL_AREA_STYLE ('',( #7513 ) ) ;
#1332 = VERTEX_POINT ( 'NONE', #8833 ) ;
#1333 = ADVANCED_FACE ( 'NONE', ( #3089 ), #864, .F. ) ;
#1334 = EDGE_CURVE ( 'NONE', #4167, #727, #10340, .T. ) ;
#1335 = VECTOR ( 'NONE', #3079, 1000.000000000000000 ) ;
#1336 = MECHANICAL_DESIGN_GEOMETRIC_PRESENTATION_REPRESENTATION (  '', ( #10334 ), #7846 ) ;
#1337 = ORIENTED_EDGE ( 'NONE', *, *, #8747, .F. ) ;
#1338 = ORIENTED_EDGE ( 'NONE', *, *, #9509, .T. ) ;
#1339 = SURFACE_STYLE_FILL_AREA ( #732 ) ;
#1340 = PRESENTATION_LAYER_ASSIGNMENT (  '', '', ( #8182 ) ) ;
#1341 = VECTOR ( 'NONE', #9810, 1000.000000000000000 ) ;
#1342 = DIRECTION ( 'NONE',  ( 0.000000000000000000, -1.000000000000000000, 0.000000000000000000 ) ) ;
#1343 = DIRECTION ( 'NONE',  ( -0.000000000000000000, 1.000000000000000000, -0.000000000000000000 ) ) ;
#1344 = EDGE_CURVE ( 'NONE', #5939, #956, #6286, .T. ) ;
#1345 = VECTOR ( 'NONE', #6736, 1000.000000000000000 ) ;
#1346 = MECHANICAL_DESIGN_GEOMETRIC_PRESENTATION_REPRESENTATION (  '', ( #5863 ), #488 ) ;
#1347 = LINE ( 'NONE', #2911, #6297 ) ;
#1348 = CARTESIAN_POINT ( 'NONE',  ( 2.050000000000000266, -0.05000000000000000278, -0.1000000000000000472 ) ) ;
#1349 = VECTOR ( 'NONE', #3137, 1000.000000000000000 ) ;
#1350 = VECTOR ( 'NONE', #10347, 1000.000000000000000 ) ;
#1351 = LINE ( 'NONE', #7570, #2445 ) ;
#1352 = CYLINDRICAL_SURFACE ( 'NONE', #8967, 0.04999999999995480976 ) ;
#1353 = CARTESIAN_POINT ( 'NONE',  ( -0.2999999999999792277, -0.05000000000000000278, -2.050000000000000266 ) ) ;
#1354 = CARTESIAN_POINT ( 'NONE',  ( -1.450000000000020828, -1.355252715606880543E-17, 2.000000000000000000 ) ) ;
#1355 = VERTEX_POINT ( 'NONE', #4726 ) ;
#1356 = LINE ( 'NONE', #6186, #457 ) ;
#1357 = AXIS2_PLACEMENT_3D ( 'NONE', #7073, #10226, #6279 ) ;
#1358 = PLANE ( 'NONE',  #5362 ) ;
#1359 = CIRCLE ( 'NONE', #5545, 0.04999999999996716793 ) ;
#1360 = CARTESIAN_POINT ( 'NONE',  ( -1.999999999999994449, 0.000000000000000000, -0.7000000000000005107 ) ) ;
#1361 = CARTESIAN_POINT ( 'NONE',  ( -0.8999999999999791500, -0.05000000000000000278, -2.050000000000000266 ) ) ;
#1362 = SURFACE_STYLE_FILL_AREA ( #5136 ) ;
#1363 = LINE ( 'NONE', #10122, #9107 ) ;
#1364 = ORIENTED_EDGE ( 'NONE', *, *, #9751, .T. ) ;
#1365 = VECTOR ( 'NONE', #7152, 1000.000000000000000 ) ;
#1366 = FILL_AREA_STYLE_COLOUR ( '', #3109 ) ;
#1367 = LINE ( 'NONE', #2925, #9783 ) ;
#1368 = FILL_AREA_STYLE_COLOUR ( '', #5652 ) ;
#1369 = ORIENTED_EDGE ( 'NONE', *, *, #654, .F. ) ;
#1370 = UNCERTAINTY_MEASURE_WITH_UNIT (LENGTH_MEASURE( 1.000000000000000082E-05 ), #12, 'distance_accuracy_value', 'NONE');
#1371 = ADVANCED_FACE ( 'NONE', ( #7896 ), #10281, .F. ) ;
#1372 = ADVANCED_FACE ( 'NONE', ( #3508 ), #5129, .T. ) ;
#1373 = CARTESIAN_POINT ( 'NONE',  ( 2.000000000000000000, 0.000000000000000000, -2.000000000000000000 ) ) ;
#1374 =( NAMED_UNIT ( * ) SI_UNIT ( $, .STERADIAN. ) SOLID_ANGLE_UNIT ( ) );
#1375 = PLANE ( 'NONE',  #4010 ) ;
#1376 =( NAMED_UNIT ( * ) PLANE_ANGLE_UNIT ( ) SI_UNIT ( $, .RADIAN. ) );
#1377 = ORIENTED_EDGE ( 'NONE', *, *, #4480, .F. ) ;
#1378 = CARTESIAN_POINT ( 'NONE',  ( -1.449999999999976419, -0.05000000000000000278, 1.999999999999999112 ) ) ;
#1379 = LINE ( 'NONE', #6203, #1284 ) ;
#1380 = CARTESIAN_POINT ( 'NONE',  ( 0.05000000000002047945, 0.000000000000000000, 1.599999999999999645 ) ) ;
#1381 = ORIENTED_EDGE ( 'NONE', *, *, #6322, .F. ) ;
#1382 = EDGE_LOOP ( 'NONE', ( #7572, #5159, #9439, #1160 ) ) ;
#1383 = UNCERTAINTY_MEASURE_WITH_UNIT (LENGTH_MEASURE( 1.000000000000000082E-05 ), #8731, 'distance_accuracy_value', 'NONE');
#1384 = FACE_OUTER_BOUND ( 'NONE', #6253, .T. ) ;
#1385 = LINE ( 'NONE', #5119, #2352 ) ;
#1386 = ORIENTED_EDGE ( 'NONE', *, *, #2024, .T. ) ;
#1387 = DIRECTION ( 'NONE',  ( -0.000000000000000000, 1.000000000000000000, -0.000000000000000000 ) ) ;
#1388 =( NAMED_UNIT ( * ) PLANE_ANGLE_UNIT ( ) SI_UNIT ( $, .RADIAN. ) );
#1389 = FILL_AREA_STYLE_COLOUR ( '', #3297 ) ;
#1390 = VERTEX_POINT ( 'NONE', #8153 ) ;
#1391 = PLANE ( 'NONE',  #9469 ) ;
#1392 = CARTESIAN_POINT ( 'NONE',  ( -0.2999999999999792277, -0.05000000000000000278, 1.649999999999999467 ) ) ;
#1393 = EDGE_CURVE ( 'NONE', #8472, #5675, #8256, .T. ) ;
#1394 = DIRECTION ( 'NONE',  ( 0.000000000000000000, -1.000000000000000000, 0.000000000000000000 ) ) ;
#1395 = FACE_OUTER_BOUND ( 'NONE', #5087, .T. ) ;
#1396 =( NAMED_UNIT ( * ) SI_UNIT ( $, .STERADIAN. ) SOLID_ANGLE_UNIT ( ) );
#1397 = ADVANCED_FACE ( 'NONE', ( #4974 ), #9707, .F. ) ;
#1398 = FACE_OUTER_BOUND ( 'NONE', #2848, .T. ) ;
#1399 = SURFACE_STYLE_FILL_AREA ( #8614 ) ;
#1400 = FILL_AREA_STYLE_COLOUR ( '', #4851 ) ;
#1401 = VERTEX_POINT ( 'NONE', #4202 ) ;
#1402 = CARTESIAN_POINT ( 'NONE',  ( 1.199999999999996403, 0.000000000000000000, 1.150000000000000355 ) ) ;
#1403 = FILL_AREA_STYLE ('',( #2921 ) ) ;
#1404 = CARTESIAN_POINT ( 'NONE',  ( -0.7499999999999793499, 0.000000000000000000, -1.599999999999999867 ) ) ;
#1405 = CARTESIAN_POINT ( 'NONE',  ( 0.5000000000000208722, 0.1499999999999999944, -2.000000000000000000 ) ) ;
#1406 = ORIENTED_EDGE ( 'NONE', *, *, #3880, .T. ) ;
#1407 = DIRECTION ( 'NONE',  ( 0.000000000000000000, -1.000000000000000000, 0.000000000000000000 ) ) ;
#1408 = DIRECTION ( 'NONE',  ( 0.000000000000000000, -1.000000000000000000, 0.000000000000000000 ) ) ;
#1409 = EDGE_LOOP ( 'NONE', ( #670, #3208, #10252, #7911 ) ) ;
#1410 = DIRECTION ( 'NONE',  ( -1.183329228255495291E-13, -0.000000000000000000, 1.000000000000000000 ) ) ;
#1411 =( NAMED_UNIT ( * ) SI_UNIT ( $, .STERADIAN. ) SOLID_ANGLE_UNIT ( ) );
#1412 = FACE_OUTER_BOUND ( 'NONE', #3685, .T. ) ;
#1413 = SURFACE_STYLE_USAGE ( .BOTH. , #9976 ) ;
#1414 = VERTEX_POINT ( 'NONE', #7375 ) ;
#1415 =( NAMED_UNIT ( * ) SI_UNIT ( $, .STERADIAN. ) SOLID_ANGLE_UNIT ( ) );
#1416 = ADVANCED_FACE ( 'NONE', ( #3396 ), #8527, .T. ) ;
#1417 = SURFACE_SIDE_STYLE ('',( #6148 ) ) ;
#1418 = EDGE_CURVE ( 'NONE', #9831, #123, #1637, .T. ) ;
#1419 = PLANE ( 'NONE',  #6962 ) ;
#1420 = ORIENTED_EDGE ( 'NONE', *, *, #8463, .T. ) ;
#1421 = ORIENTED_EDGE ( 'NONE', *, *, #10223, .F. ) ;
#1422 = FILL_AREA_STYLE_COLOUR ( '', #7147 ) ;
#1423 = ORIENTED_EDGE ( 'NONE', *, *, #7656, .F. ) ;
#1424 = CARTESIAN_POINT ( 'NONE',  ( -2.000000000000000000, 0.1499999999999999944, -1.250000000000000444 ) ) ;
#1425 = VERTEX_POINT ( 'NONE', #6917 ) ;
#1426 = CARTESIAN_POINT ( 'NONE',  ( 0.9000000000000208944, -0.05000000000000000278, 1.649999999999999911 ) ) ;
#1427 = DIRECTION ( 'NONE',  ( -0.000000000000000000, -1.000000000000000000, -0.000000000000000000 ) ) ;
#1428 = CIRCLE ( 'NONE', #9424, 0.04999999999996716793 ) ;
#1429 = CARTESIAN_POINT ( 'NONE',  ( -0.6999999999999791944, -0.05000000000000000278, 2.050000000000000266 ) ) ;
#1430 = ORIENTED_EDGE ( 'NONE', *, *, #9841, .T. ) ;
#1431 = CARTESIAN_POINT ( 'NONE',  ( 2.000000000000000000, -0.05000000000000000278, 0.7000000000000000666 ) ) ;
#1432 = LINE ( 'NONE', #6173, #1468 ) ;
#1433 = STYLED_ITEM ( 'NONE', ( #6532 ), #8530 ) ;
#1434 = UNCERTAINTY_MEASURE_WITH_UNIT (LENGTH_MEASURE( 1.000000000000000082E-05 ), #878, 'distance_accuracy_value', 'NONE');
#1435 = VECTOR ( 'NONE', #2206, 1000.000000000000000 ) ;
#1436 = FILL_AREA_STYLE ('',( #3123 ) ) ;
#1437 = CARTESIAN_POINT ( 'NONE',  ( 1.199999999999997735, -0.05000000000000000278, 0.8499999999999996447 ) ) ;
#1438 = EDGE_CURVE ( 'NONE', #4058, #4930, #4554, .T. ) ;
#1439 = EDGE_CURVE ( 'NONE', #4178, #1125, #2139, .T. ) ;
#1440 = VECTOR ( 'NONE', #8228, 1000.000000000000000 ) ;
#1441 = CARTESIAN_POINT ( 'NONE',  ( 2.000000000000000000, 0.1500000000000000222, 0.7000000000000000666 ) ) ;
#1442 = DIRECTION ( 'NONE',  ( 1.000000000000000000, -0.000000000000000000, -0.000000000000000000 ) ) ;
#1443 = ORIENTED_EDGE ( 'NONE', *, *, #6020, .T. ) ;
#1444 = CARTESIAN_POINT ( 'NONE',  ( 2.050000000000000266, 0.1500000000000000222, 1.100000000000000089 ) ) ;
#1445 = DIRECTION ( 'NONE',  ( -0.000000000000000000, -0.000000000000000000, -1.000000000000000000 ) ) ;
#1446 = AXIS2_PLACEMENT_3D ( 'NONE', #4867, #8920, #1744 ) ;
#1447 = AXIS2_PLACEMENT_3D ( 'NONE', #10044, #2995, #7036 ) ;
#1448 =( GEOMETRIC_REPRESENTATION_CONTEXT ( 3 ) GLOBAL_UNCERTAINTY_ASSIGNED_CONTEXT ( ( #8254 ) ) GLOBAL_UNIT_ASSIGNED_CONTEXT ( ( #7874, #7914, #689 ) ) REPRESENTATION_CONTEXT ( 'NONE', 'WORKASPACE' ) );
#1449 = SURFACE_STYLE_FILL_AREA ( #6386 ) ;
#1450 = EDGE_CURVE ( 'NONE', #8571, #5947, #1356, .T. ) ;
#1451 = EDGE_CURVE ( 'NONE', #5575, #8571, #6028, .T. ) ;
#1452 = COLOUR_RGB ( '',0.7686274509803920907, 0.7686274509803920907, 0.7686274509803920907 ) ;
#1453 = LINE ( 'NONE', #6188, #3719 ) ;
#1454 = SURFACE_STYLE_FILL_AREA ( #2209 ) ;
#1455 = ORIENTED_EDGE ( 'NONE', *, *, #5114, .F. ) ;
#1456 = CYLINDRICAL_SURFACE ( 'NONE', #4703, 0.04999999999996716793 ) ;
#1457 = DIRECTION ( 'NONE',  ( -0.000000000000000000, -0.000000000000000000, -1.000000000000000000 ) ) ;
#1458 = DIRECTION ( 'NONE',  ( 0.000000000000000000, 0.000000000000000000, -1.000000000000000000 ) ) ;
#1459 = EDGE_LOOP ( 'NONE', ( #10078, #6847, #2535, #7780, #9263, #1767 ) ) ;
#1460 = PRESENTATION_LAYER_ASSIGNMENT (  '', '', ( #9631 ) ) ;
#1461 = UNCERTAINTY_MEASURE_WITH_UNIT (LENGTH_MEASURE( 1.000000000000000082E-05 ), #5561, 'distance_accuracy_value', 'NONE');
#1462 = VECTOR ( 'NONE', #7342, 1000.000000000000000 ) ;
#1463 = DIRECTION ( 'NONE',  ( -0.000000000000000000, 0.000000000000000000, -1.000000000000000000 ) ) ;
#1464 = MECHANICAL_DESIGN_GEOMETRIC_PRESENTATION_REPRESENTATION (  '', ( #7297 ), #2468 ) ;
#1465 = EDGE_CURVE ( 'NONE', #1819, #5947, #3774, .T. ) ;
#1466 = ORIENTED_EDGE ( 'NONE', *, *, #4924, .T. ) ;
#1467 = CARTESIAN_POINT ( 'NONE',  ( -1.999999999999988676, -0.05000000000000000278, -0.9500000000000005107 ) ) ;
#1468 = VECTOR ( 'NONE', #5329, 1000.000000000000000 ) ;
#1469 = DIRECTION ( 'NONE',  ( -0.000000000000000000, -0.000000000000000000, 1.000000000000000000 ) ) ;
#1470 = SURFACE_STYLE_FILL_AREA ( #7704 ) ;
#1471 = ORIENTED_EDGE ( 'NONE', *, *, #8612, .F. ) ;
#1472 = VERTEX_POINT ( 'NONE', #9192 ) ;
#1473 = UNCERTAINTY_MEASURE_WITH_UNIT (LENGTH_MEASURE( 1.000000000000000082E-05 ), #7523, 'distance_accuracy_value', 'NONE');
#1474 = DIRECTION ( 'NONE',  ( 1.000000000000000000, -0.000000000000000000, -0.000000000000000000 ) ) ;
#1475 = FILL_AREA_STYLE ('',( #9520 ) ) ;
#1476 = ORIENTED_EDGE ( 'NONE', *, *, #4262, .F. ) ;
#1477 = LINE ( 'NONE', #4686, #5531 ) ;
#1478 = CIRCLE ( 'NONE', #1797, 0.04999999999999991257 ) ;
#1479 = PRESENTATION_STYLE_ASSIGNMENT (( #8501 ) ) ;
#1480 = ORIENTED_EDGE ( 'NONE', *, *, #7289, .T. ) ;
#1481 = CARTESIAN_POINT ( 'NONE',  ( -0.2999999999999792277, 0.1499999999999999944, -2.050000000000000266 ) ) ;
#1482 = CARTESIAN_POINT ( 'NONE',  ( -2.000000000000000000, -1.355252715606880543E-17, -0.1500000000000003830 ) ) ;
#1483 = MECHANICAL_DESIGN_GEOMETRIC_PRESENTATION_REPRESENTATION (  '', ( #10152 ), #8166 ) ;
#1484 = DIRECTION ( 'NONE',  ( 0.000000000000000000, 0.000000000000000000, 1.000000000000000000 ) ) ;
#1485 = MECHANICAL_DESIGN_GEOMETRIC_PRESENTATION_REPRESENTATION (  '', ( #1982 ), #7330 ) ;
#1486 = ORIENTED_EDGE ( 'NONE', *, *, #5335, .T. ) ;
#1487 = SURFACE_STYLE_FILL_AREA ( #4584 ) ;
#1488 = ADVANCED_FACE ( 'NONE', ( #2029 ), #341, .F. ) ;
#1489 = ADVANCED_FACE ( 'NONE', ( #6382 ), #804, .F. ) ;
#1490 = CARTESIAN_POINT ( 'NONE',  ( -0.5499999999999946043, -0.05000000000000000278, -0.4000000000000005218 ) ) ;
#1491 = PLANE ( 'NONE',  #4708 ) ;
#1492 = CIRCLE ( 'NONE', #7337, 0.04999999999996716793 ) ;
#1493 = AXIS2_PLACEMENT_3D ( 'NONE', #3722, #1342, #10061 ) ;
#1494 = CIRCLE ( 'NONE', #8350, 0.04999999999996716793 ) ;
#1495 = FACE_OUTER_BOUND ( 'NONE', #7493, .T. ) ;
#1496 = COLOUR_RGB ( '',0.7686274509803920907, 0.7686274509803920907, 0.7686274509803920907 ) ;
#1497 = DIRECTION ( 'NONE',  ( 1.000000000000000000, 0.000000000000000000, -0.000000000000000000 ) ) ;
#1498 =( LENGTH_UNIT ( ) NAMED_UNIT ( * ) SI_UNIT ( .MILLI., .METRE. ) );
#1499 = VERTEX_POINT ( 'NONE', #7 ) ;
#1500 = LINE ( 'NONE', #7069, #1335 ) ;
#1501 = DIRECTION ( 'NONE',  ( -0.000000000000000000, -0.000000000000000000, 1.000000000000000000 ) ) ;
#1502 = MECHANICAL_DESIGN_GEOMETRIC_PRESENTATION_REPRESENTATION (  '', ( #4701 ), #7695 ) ;
#1503 = CARTESIAN_POINT ( 'NONE',  ( -0.5500000000000003775, -0.05000000000000000278, -0.1500000000000004663 ) ) ;
#1504 =( GEOMETRIC_REPRESENTATION_CONTEXT ( 3 ) GLOBAL_UNCERTAINTY_ASSIGNED_CONTEXT ( ( #1555 ) ) GLOBAL_UNIT_ASSIGNED_CONTEXT ( ( #7455, #4238, #3494 ) ) REPRESENTATION_CONTEXT ( 'NONE', 'WORKASPACE' ) );
#1505 = DIRECTION ( 'NONE',  ( 1.000000000000000000, -0.000000000000000000, -0.000000000000000000 ) ) ;
#1506 = LINE ( 'NONE', #8734, #915 ) ;
#1507 = VERTEX_POINT ( 'NONE', #1444 ) ;
#1508 = CARTESIAN_POINT ( 'NONE',  ( 2.000000000000000000, -0.05000000000000000278, -0.1000000000000000472 ) ) ;
#1509 = DIRECTION ( 'NONE',  ( -0.000000000000000000, -1.000000000000000000, -0.000000000000000000 ) ) ;
#1510 = ORIENTED_EDGE ( 'NONE', *, *, #2929, .F. ) ;
#1511 = VECTOR ( 'NONE', #2931, 1000.000000000000000 ) ;
#1512 = CIRCLE ( 'NONE', #667, 0.05000000000000002359 ) ;
#1513 = DIRECTION ( 'NONE',  ( 0.000000000000000000, 0.000000000000000000, 1.000000000000000000 ) ) ;
#1514 = EDGE_CURVE ( 'NONE', #3862, #7421, #3242, .T. ) ;
#1515 = PRODUCT_CONTEXT ( 'NONE', #6843, 'mechanical' ) ;
#1516 = ORIENTED_EDGE ( 'NONE', *, *, #4123, .T. ) ;
#1517 =( NAMED_UNIT ( * ) PLANE_ANGLE_UNIT ( ) SI_UNIT ( $, .RADIAN. ) );
#1518 = MECHANICAL_DESIGN_GEOMETRIC_PRESENTATION_REPRESENTATION (  '', ( #8548 ), #7208 ) ;
#1519 = FACE_OUTER_BOUND ( 'NONE', #1180, .T. ) ;
#1520 = DIRECTION ( 'NONE',  ( -1.000000000000000000, 0.000000000000000000, 0.000000000000000000 ) ) ;
#1521 = COLOUR_RGB ( '',0.7686274509803920907, 0.7686274509803920907, 0.7686274509803920907 ) ;
#1522 = VERTEX_POINT ( 'NONE', #9432 ) ;
#1523 = ADVANCED_FACE ( 'NONE', ( #8675 ), #3831, .F. ) ;
#1524 = ORIENTED_EDGE ( 'NONE', *, *, #3964, .F. ) ;
#1525 = DIRECTION ( 'NONE',  ( 0.000000000000000000, 0.000000000000000000, 1.000000000000000000 ) ) ;
#1526 = ORIENTED_EDGE ( 'NONE', *, *, #2727, .T. ) ;
#1527 = CARTESIAN_POINT ( 'NONE',  ( -0.8999999999999791500, 0.1499999999999999944, -2.000000000000000000 ) ) ;
#1528 = LINE ( 'NONE', #4743, #10010 ) ;
#1529 = VERTEX_POINT ( 'NONE', #5591 ) ;
#1530 = SURFACE_STYLE_USAGE ( .BOTH. , #688 ) ;
#1531 = EDGE_LOOP ( 'NONE', ( #5231, #9729, #7550, #2796, #2001, #2567 ) ) ;
#1532 =( NAMED_UNIT ( * ) PLANE_ANGLE_UNIT ( ) SI_UNIT ( $, .RADIAN. ) );
#1533 = FACE_OUTER_BOUND ( 'NONE', #3360, .T. ) ;
#1534 = CARTESIAN_POINT ( 'NONE',  ( -0.8999999999999794831, -0.05000000000000000278, -1.649999999999999911 ) ) ;
#1535 = CARTESIAN_POINT ( 'NONE',  ( 0.5000000000000208722, -0.05000000000000000278, 1.649999999999999911 ) ) ;
#1536 = PRODUCT_DEFINITION_CONTEXT ( 'detailed design', #1067, 'design' ) ;
#1537 = DIRECTION ( 'NONE',  ( 1.000000000000000000, -0.000000000000000000, -0.000000000000000000 ) ) ;
#1538 = CARTESIAN_POINT ( 'NONE',  ( -2.000000000000003997, -0.05000000000000000278, 1.249999999999999556 ) ) ;
#1539 = EDGE_CURVE ( 'NONE', #8001, #9666, #5488, .T. ) ;
#1540 = EDGE_CURVE ( 'NONE', #1629, #7942, #6233, .T. ) ;
#1541 = LINE ( 'NONE', #6272, #5789 ) ;
#1542 = PLANE ( 'NONE',  #765 ) ;
#1543 = CARTESIAN_POINT ( 'NONE',  ( 2.000000000000000000, 0.1499999999999999944, 0.5000000000000001110 ) ) ;
#1544 = ORIENTED_EDGE ( 'NONE', *, *, #9714, .F. ) ;
#1545 = FILL_AREA_STYLE ('',( #8730 ) ) ;
#1546 =( NAMED_UNIT ( * ) SI_UNIT ( $, .STERADIAN. ) SOLID_ANGLE_UNIT ( ) );
#1547 = CARTESIAN_POINT ( 'NONE',  ( -1.400000000000012124, 0.000000000000000000, 1.599999999999999867 ) ) ;
#1548 = SURFACE_STYLE_USAGE ( .BOTH. , #7988 ) ;
#1549 = SURFACE_STYLE_FILL_AREA ( #3836 ) ;
#1550 = CARTESIAN_POINT ( 'NONE',  ( -0.4999999999999791833, -0.05000000000000000278, -2.000000000000002665 ) ) ;
#1551 = VERTEX_POINT ( 'NONE', #652 ) ;
#1552 = CARTESIAN_POINT ( 'NONE',  ( -0.8999999999999791500, 0.1499999999999999944, -2.050000000000000266 ) ) ;
#1553 = DIRECTION ( 'NONE',  ( 0.000000000000000000, 0.000000000000000000, 1.000000000000000000 ) ) ;
#1554 = EDGE_LOOP ( 'NONE', ( #6649, #9555, #1923, #3257, #1279, #1871 ) ) ;
#1555 = UNCERTAINTY_MEASURE_WITH_UNIT (LENGTH_MEASURE( 1.000000000000000082E-05 ), #7455, 'distance_accuracy_value', 'NONE');
#1556 = SURFACE_SIDE_STYLE ('',( #7173 ) ) ;
#1557 = FILL_AREA_STYLE ('',( #7361 ) ) ;
#1558 = EDGE_CURVE ( 'NONE', #5618, #3220, #9388, .T. ) ;
#1559 = PRESENTATION_STYLE_ASSIGNMENT (( #8740 ) ) ;
#1560 = ORIENTED_EDGE ( 'NONE', *, *, #7561, .T. ) ;
#1561 = CARTESIAN_POINT ( 'NONE',  ( -0.2999999999999792277, -0.05000000000000000278, 1.649999999999999467 ) ) ;
#1562 = CARTESIAN_POINT ( 'NONE',  ( 1.249999999999967581, -0.05000000000000000278, -1.250000000000000222 ) ) ;
#1563 = EDGE_CURVE ( 'NONE', #2103, #3443, #792, .T. ) ;
#1564 = EDGE_LOOP ( 'NONE', ( #409, #8044, #4553, #330, #7057, #9880 ) ) ;
#1565 = ORIENTED_EDGE ( 'NONE', *, *, #1540, .T. ) ;
#1566 = DIRECTION ( 'NONE',  ( 0.000000000000000000, 0.000000000000000000, 1.000000000000000000 ) ) ;
#1567 = ORIENTED_EDGE ( 'NONE', *, *, #10330, .F. ) ;
#1568 = CARTESIAN_POINT ( 'NONE',  ( -0.5499999999999942712, -0.05000000000000000278, -0.6500000000000004663 ) ) ;
#1569 = ORIENTED_EDGE ( 'NONE', *, *, #4697, .F. ) ;
#1570 = LINE ( 'NONE', #4064, #485 ) ;
#1571 = FILL_AREA_STYLE_COLOUR ( '', #3810 ) ;
#1572 = ADVANCED_FACE ( 'NONE', ( #9032 ), #9638, .F. ) ;
#1573 = ORIENTED_EDGE ( 'NONE', *, *, #1958, .F. ) ;
#1574 = DIRECTION ( 'NONE',  ( -0.000000000000000000, 1.000000000000000000, 0.000000000000000000 ) ) ;
#1575 = CARTESIAN_POINT ( 'NONE',  ( -2.050000000000000266, -0.05000000000000000278, 0.9499999999999996225 ) ) ;
#1576 =( GEOMETRIC_REPRESENTATION_CONTEXT ( 3 ) GLOBAL_UNCERTAINTY_ASSIGNED_CONTEXT ( ( #3785 ) ) GLOBAL_UNIT_ASSIGNED_CONTEXT ( ( #7648, #6894, #4430 ) ) REPRESENTATION_CONTEXT ( 'NONE', 'WORKASPACE' ) );
#1577 = CARTESIAN_POINT ( 'NONE',  ( -0.3499999999999461875, -0.05000000000000000278, 1.649999999999967049 ) ) ;
#1578 = LINE ( 'NONE', #889, #8488 ) ;
#1579 = LINE ( 'NONE', #5476, #5217 ) ;
#1580 = EDGE_CURVE ( 'NONE', #498, #2175, #8968, .T. ) ;
#1581 = VECTOR ( 'NONE', #7626, 1000.000000000000000 ) ;
#1582 = LINE ( 'NONE', #9059, #8124 ) ;
#1583 = CYLINDRICAL_SURFACE ( 'NONE', #10205, 0.04999999999996695282 ) ;
#1584 = SURFACE_STYLE_USAGE ( .BOTH. , #2400 ) ;
#1585 = PLANE ( 'NONE',  #1952 ) ;
#1586 = LINE ( 'NONE', #694, #1105 ) ;
#1587 = PRESENTATION_STYLE_ASSIGNMENT (( #4593 ) ) ;
#1588 = ORIENTED_EDGE ( 'NONE', *, *, #8297, .T. ) ;
#1589 = VECTOR ( 'NONE', #2370, 1000.000000000000000 ) ;
#1590 =( GEOMETRIC_REPRESENTATION_CONTEXT ( 3 ) GLOBAL_UNCERTAINTY_ASSIGNED_CONTEXT ( ( #4725 ) ) GLOBAL_UNIT_ASSIGNED_CONTEXT ( ( #9855, #4405, #6021 ) ) REPRESENTATION_CONTEXT ( 'NONE', 'WORKASPACE' ) );
#1591 = EDGE_CURVE ( 'NONE', #568, #956, #4279, .T. ) ;
#1592 = CARTESIAN_POINT ( 'NONE',  ( -0.7499999999999462652, -0.05000000000000000278, -1.649999999999967049 ) ) ;
#1593 = ADVANCED_FACE ( 'NONE', ( #266 ), #6478, .T. ) ;
#1594 = LINE ( 'NONE', #7255, #1674 ) ;
#1595 = AXIS2_PLACEMENT_3D ( 'NONE', #7407, #1699, #2450 ) ;
#1596 = FACE_OUTER_BOUND ( 'NONE', #7677, .T. ) ;
#1597 = AXIS2_PLACEMENT_3D ( 'NONE', #9037, #1867, #4631 ) ;
#1598 =( NAMED_UNIT ( * ) SI_UNIT ( $, .STERADIAN. ) SOLID_ANGLE_UNIT ( ) );
#1599 = DIRECTION ( 'NONE',  ( -0.000000000000000000, 1.000000000000000000, -0.000000000000000000 ) ) ;
#1600 = ORIENTED_EDGE ( 'NONE', *, *, #9381, .T. ) ;
#1601 =( LENGTH_UNIT ( ) NAMED_UNIT ( * ) SI_UNIT ( .MILLI., .METRE. ) );
#1602 = PRESENTATION_LAYER_ASSIGNMENT (  '', '', ( #4808 ) ) ;
#1603 = MECHANICAL_DESIGN_GEOMETRIC_PRESENTATION_REPRESENTATION (  '', ( #3458 ), #9948 ) ;
#1604 = EDGE_CURVE ( 'NONE', #1355, #7143, #897, .T. ) ;
#1605 = VECTOR ( 'NONE', #3918, 1000.000000000000000 ) ;
#1606 = STYLED_ITEM ( 'NONE', ( #6399 ), #3088 ) ;
#1607 = COLOUR_RGB ( '',0.7686274509803920907, 0.7686274509803920907, 0.7686274509803920907 ) ;
#1608 = ORIENTED_EDGE ( 'NONE', *, *, #3721, .T. ) ;
#1609 =( NAMED_UNIT ( * ) SI_UNIT ( $, .STERADIAN. ) SOLID_ANGLE_UNIT ( ) );
#1610 = FILL_AREA_STYLE_COLOUR ( '', #6162 ) ;
#1611 = DIRECTION ( 'NONE',  ( -0.000000000000000000, 0.000000000000000000, -1.000000000000000000 ) ) ;
#1612 = ORIENTED_EDGE ( 'NONE', *, *, #8755, .T. ) ;
#1613 = AXIS2_PLACEMENT_3D ( 'NONE', #9572, #4066, #10309 ) ;
#1614 = STYLED_ITEM ( 'NONE', ( #8295 ), #3975 ) ;
#1615 = ORIENTED_EDGE ( 'NONE', *, *, #6109, .F. ) ;
#1616 = DIRECTION ( 'NONE',  ( 1.000000000000000000, 0.000000000000000000, 0.000000000000000000 ) ) ;
#1617 = ORIENTED_EDGE ( 'NONE', *, *, #1062, .T. ) ;
#1618 = PLANE ( 'NONE',  #329 ) ;
#1619 = DIRECTION ( 'NONE',  ( 0.000000000000000000, -1.000000000000000000, -1.355252715606880049E-16 ) ) ;
#1620 = SURFACE_STYLE_USAGE ( .BOTH. , #3104 ) ;
#1621 = LINE ( 'NONE', #7194, #8531 ) ;
#1622 = AXIS2_PLACEMENT_3D ( 'NONE', #9122, #5788, #9891 ) ;
#1623 = MECHANICAL_DESIGN_GEOMETRIC_PRESENTATION_REPRESENTATION (  '', ( #2313 ), #8489 ) ;
#1624 = ORIENTED_EDGE ( 'NONE', *, *, #3316, .F. ) ;
#1625 = CARTESIAN_POINT ( 'NONE',  ( 1.199999999999999289, 0.000000000000000000, 0.3500000000000002554 ) ) ;
#1626 = PRESENTATION_LAYER_ASSIGNMENT (  '', '', ( #4000 ) ) ;
#1627 = CARTESIAN_POINT ( 'NONE',  ( 0.7000000000000209388, 0.000000000000000000, 1.649999999999999911 ) ) ;
#1628 = PLANE ( 'NONE',  #764 ) ;
#1629 = VERTEX_POINT ( 'NONE', #8197 ) ;
#1630 = DIRECTION ( 'NONE',  ( 0.000000000000000000, 1.000000000000000000, 0.000000000000000000 ) ) ;
#1631 = MECHANICAL_DESIGN_GEOMETRIC_PRESENTATION_REPRESENTATION (  '', ( #2480 ), #8821 ) ;
#1632 = LINE ( 'NONE', #4229, #9344 ) ;
#1633 = COLOUR_RGB ( '',0.7686274509803920907, 0.7686274509803920907, 0.7686274509803920907 ) ;
#1634 =( NAMED_UNIT ( * ) PLANE_ANGLE_UNIT ( ) SI_UNIT ( $, .RADIAN. ) );
#1635 = DIRECTION ( 'NONE',  ( -1.000000000000000000, 0.000000000000000000, 0.000000000000000000 ) ) ;
#1636 = EDGE_CURVE ( 'NONE', #3529, #5609, #7298, .T. ) ;
#1637 = CIRCLE ( 'NONE', #2815, 0.04999999999996695282 ) ;
#1638 =( LENGTH_UNIT ( ) NAMED_UNIT ( * ) SI_UNIT ( .MILLI., .METRE. ) );
#1639 = AXIS2_PLACEMENT_3D ( 'NONE', #5434, #10267, #744 ) ;
#1640 = PLANE ( 'NONE',  #9136 ) ;
#1641 = EDGE_CURVE ( 'NONE', #5458, #2608, #3693, .T. ) ;
#1642 = DIRECTION ( 'NONE',  ( -1.000000000000000000, 0.000000000000000000, 0.000000000000000000 ) ) ;
#1643 = VERTEX_POINT ( 'NONE', #4338 ) ;
#1644 = AXIS2_PLACEMENT_3D ( 'NONE', #8047, #4669, #10235 ) ;
#1645 = COLOUR_RGB ( '',0.7686274509803920907, 0.7686274509803920907, 0.7686274509803920907 ) ;
#1646 =( NAMED_UNIT ( * ) PLANE_ANGLE_UNIT ( ) SI_UNIT ( $, .RADIAN. ) );
#1647 = CARTESIAN_POINT ( 'NONE',  ( 1.450000000000020828, -0.05000000000000000278, 2.000000000000000000 ) ) ;
#1648 = PRESENTATION_LAYER_ASSIGNMENT (  '', '', ( #10328 ) ) ;
#1649 = LINE ( 'NONE', #1749, #8114 ) ;
#1650 = DIRECTION ( 'NONE',  ( 0.000000000000000000, 0.000000000000000000, 1.000000000000000000 ) ) ;
#1651 = MECHANICAL_DESIGN_GEOMETRIC_PRESENTATION_REPRESENTATION (  '', ( #2177 ), #7856 ) ;
#1652 = PLANE ( 'NONE',  #9287 ) ;
#1653 =( GEOMETRIC_REPRESENTATION_CONTEXT ( 3 ) GLOBAL_UNCERTAINTY_ASSIGNED_CONTEXT ( ( #10244 ) ) GLOBAL_UNIT_ASSIGNED_CONTEXT ( ( #7237, #3311, #31 ) ) REPRESENTATION_CONTEXT ( 'NONE', 'WORKASPACE' ) );
#1654 = CIRCLE ( 'NONE', #6688, 0.04999999999996716793 ) ;
#1655 = DIRECTION ( 'NONE',  ( -1.183329228255495291E-13, -0.000000000000000000, 1.000000000000000000 ) ) ;
#1656 = LINE ( 'NONE', #7221, #1098 ) ;
#1657 = DIRECTION ( 'NONE',  ( 0.000000000000000000, 0.000000000000000000, 1.000000000000000000 ) ) ;
#1658 = ORIENTED_EDGE ( 'NONE', *, *, #8923, .T. ) ;
#1659 = UNCERTAINTY_MEASURE_WITH_UNIT (LENGTH_MEASURE( 1.000000000000000082E-05 ), #4756, 'distance_accuracy_value', 'NONE');
#1660 = FILL_AREA_STYLE ('',( #3898 ) ) ;
#1661 = COLOUR_RGB ( '',0.7686274509803920907, 0.7686274509803920907, 0.7686274509803920907 ) ;
#1662 = COLOUR_RGB ( '',0.7686274509803920907, 0.7686274509803920907, 0.7686274509803920907 ) ;
#1663 = AXIS2_PLACEMENT_3D ( 'NONE', #997, #4220, #7391 ) ;
#1664 =( NAMED_UNIT ( * ) SI_UNIT ( $, .STERADIAN. ) SOLID_ANGLE_UNIT ( ) );
#1665 = ORIENTED_EDGE ( 'NONE', *, *, #239, .F. ) ;
#1666 = DIRECTION ( 'NONE',  ( -0.000000000000000000, 0.000000000000000000, -1.000000000000000000 ) ) ;
#1667 = CARTESIAN_POINT ( 'NONE',  ( 1.199999999999997735, -0.05000000000000000278, 0.7500000000000003331 ) ) ;
#1668 = ORIENTED_EDGE ( 'NONE', *, *, #541, .F. ) ;
#1669 = PRODUCT_DEFINITION_FORMATION_WITH_SPECIFIED_SOURCE ( 'ANY', '', #1271, .NOT_KNOWN. ) ;
#1670 = EDGE_CURVE ( 'NONE', #55, #8001, #10326, .T. ) ;
#1671 = MECHANICAL_DESIGN_GEOMETRIC_PRESENTATION_REPRESENTATION (  '', ( #7364 ), #9525 ) ;
#1672 = PLANE ( 'NONE',  #5958 ) ;
#1673 = EDGE_CURVE ( 'NONE', #4104, #7349, #2122, .T. ) ;
#1674 = VECTOR ( 'NONE', #4819, 1000.000000000000000 ) ;
#1675 = STYLED_ITEM ( 'NONE', ( #8543 ), #5382 ) ;
#1676 = ORIENTED_EDGE ( 'NONE', *, *, #1035, .T. ) ;
#1677 = UNCERTAINTY_MEASURE_WITH_UNIT (LENGTH_MEASURE( 1.000000000000000082E-05 ), #88, 'distance_accuracy_value', 'NONE');
#1678 = SURFACE_STYLE_USAGE ( .BOTH. , #4891 ) ;
#1679 = ORIENTED_EDGE ( 'NONE', *, *, #7979, .F. ) ;
#1680 = FILL_AREA_STYLE_COLOUR ( '', #322 ) ;
#1681 = CARTESIAN_POINT ( 'NONE',  ( 2.050000000000000266, -0.05000000000000000278, 0.7000000000000000666 ) ) ;
#1682 = CARTESIAN_POINT ( 'NONE',  ( 1.400000000000053868, 0.000000000000000000, 1.649999999999966827 ) ) ;
#1683 = EDGE_LOOP ( 'NONE', ( #9994, #8805, #2200, #7084 ) ) ;
#1684 = CARTESIAN_POINT ( 'NONE',  ( 2.000000000000000000, -0.05000000000000000278, 0.5000000000000001110 ) ) ;
#1685 = ORIENTED_EDGE ( 'NONE', *, *, #4975, .T. ) ;
#1686 =( NAMED_UNIT ( * ) PLANE_ANGLE_UNIT ( ) SI_UNIT ( $, .RADIAN. ) );
#1687 = CARTESIAN_POINT ( 'NONE',  ( -2.000000000000003997, 0.000000000000000000, 1.249999999999999556 ) ) ;
#1688 = CARTESIAN_POINT ( 'NONE',  ( -0.5000000000000037748, -0.05000000000000000278, 1.000000000000000000 ) ) ;
#1689 = CARTESIAN_POINT ( 'NONE',  ( 2.050000000000000266, 0.000000000000000000, 0.000000000000000000 ) ) ;
#1690 = PRESENTATION_STYLE_ASSIGNMENT (( #7207 ) ) ;
#1691 = PRESENTATION_STYLE_ASSIGNMENT (( #4950 ) ) ;
#1692 = CARTESIAN_POINT ( 'NONE',  ( 2.050000000000000266, 0.1499999999999999944, 1.300000000000000266 ) ) ;
#1693 = ADVANCED_FACE ( 'NONE', ( #9072 ), #2741, .T. ) ;
#1694 = CARTESIAN_POINT ( 'NONE',  ( -0.4999999999999791833, 0.000000000000000000, 2.000000000000002665 ) ) ;
#1695 = CARTESIAN_POINT ( 'NONE',  ( -0.8999999999999793721, -0.05000000000000000278, 1.649999999999999911 ) ) ;
#1696 = EDGE_LOOP ( 'NONE', ( #2225, #1938, #1455, #7480 ) ) ;
#1697 = SURFACE_STYLE_USAGE ( .BOTH. , #5698 ) ;
#1698 = EDGE_CURVE ( 'NONE', #160, #3221, #8409, .T. ) ;
#1699 = DIRECTION ( 'NONE',  ( 0.000000000000000000, 0.000000000000000000, -1.000000000000000000 ) ) ;
#1700 =( LENGTH_UNIT ( ) NAMED_UNIT ( * ) SI_UNIT ( .MILLI., .METRE. ) );
#1701 = CARTESIAN_POINT ( 'NONE',  ( 0.9000000000000208944, 0.1499999999999999944, 2.050000000000000266 ) ) ;
#1702 = LINE ( 'NONE', #9040, #2786 ) ;
#1703 = LINE ( 'NONE', #4198, #5289 ) ;
#1704 = DIRECTION ( 'NONE',  ( 1.000000000000000000, -0.000000000000000000, -0.000000000000000000 ) ) ;
#1705 = ORIENTED_EDGE ( 'NONE', *, *, #1451, .T. ) ;
#1706 = CARTESIAN_POINT ( 'NONE',  ( -1.449999999999978861, 0.000000000000000000, 1.649999999999966827 ) ) ;
#1707 = UNCERTAINTY_MEASURE_WITH_UNIT (LENGTH_MEASURE( 1.000000000000000082E-05 ), #8121, 'distance_accuracy_value', 'NONE');
#1708 = ORIENTED_EDGE ( 'NONE', *, *, #638, .T. ) ;
#1709 = CARTESIAN_POINT ( 'NONE',  ( -1.150000000000021005, -0.05000000000000000278, 2.050000000000000266 ) ) ;
#1710 = DIRECTION ( 'NONE',  ( 0.000000000000000000, 0.000000000000000000, 1.000000000000000000 ) ) ;
#1711 =( NAMED_UNIT ( * ) PLANE_ANGLE_UNIT ( ) SI_UNIT ( $, .RADIAN. ) );
#1712 = SURFACE_SIDE_STYLE ('',( #1041 ) ) ;
#1713 = ORIENTED_EDGE ( 'NONE', *, *, #1698, .T. ) ;
#1714 = SURFACE_STYLE_FILL_AREA ( #8894 ) ;
#1715 = ORIENTED_EDGE ( 'NONE', *, *, #4723, .T. ) ;
#1716 = CARTESIAN_POINT ( 'NONE',  ( 2.000000000000000000, 0.000000000000000000, 2.000000000000000000 ) ) ;
#1717 = FACE_OUTER_BOUND ( 'NONE', #4772, .T. ) ;
#1718 = DIRECTION ( 'NONE',  ( -1.000000000000000000, 0.000000000000000000, 4.394632805807644776E-14 ) ) ;
#1719 =( NAMED_UNIT ( * ) SI_UNIT ( $, .STERADIAN. ) SOLID_ANGLE_UNIT ( ) );
#1720 = PRESENTATION_LAYER_ASSIGNMENT (  '', '', ( #94 ) ) ;
#1721 = LINE ( 'NONE', #4014, #5536 ) ;
#1722 = EDGE_CURVE ( 'NONE', #2404, #6065, #1990, .T. ) ;
#1723 = EDGE_CURVE ( 'NONE', #727, #6365, #6946, .T. ) ;
#1724 = VERTEX_POINT ( 'NONE', #4400 ) ;
#1725 = LINE ( 'NONE', #9675, #2353 ) ;
#1726 = CARTESIAN_POINT ( 'NONE',  ( -1.450000000000020828, -0.05000000000000000278, -2.000000000000000000 ) ) ;
#1727 = ORIENTED_EDGE ( 'NONE', *, *, #1135, .F. ) ;
#1728 = DIRECTION ( 'NONE',  ( 0.000000000000000000, -1.000000000000000000, 0.000000000000000000 ) ) ;
#1729 =( NAMED_UNIT ( * ) PLANE_ANGLE_UNIT ( ) SI_UNIT ( $, .RADIAN. ) );
#1730 =( NAMED_UNIT ( * ) PLANE_ANGLE_UNIT ( ) SI_UNIT ( $, .RADIAN. ) );
#1731 =( NAMED_UNIT ( * ) PLANE_ANGLE_UNIT ( ) SI_UNIT ( $, .RADIAN. ) );
#1732 = FACE_OUTER_BOUND ( 'NONE', #6240, .T. ) ;
#1733 = UNCERTAINTY_MEASURE_WITH_UNIT (LENGTH_MEASURE( 1.000000000000000082E-05 ), #685, 'distance_accuracy_value', 'NONE');
#1734 = ORIENTED_EDGE ( 'NONE', *, *, #10004, .F. ) ;
#1735 = DIRECTION ( 'NONE',  ( -0.000000000000000000, 1.000000000000000000, -0.000000000000000000 ) ) ;
#1736 =( GEOMETRIC_REPRESENTATION_CONTEXT ( 3 ) GLOBAL_UNCERTAINTY_ASSIGNED_CONTEXT ( ( #9302 ) ) GLOBAL_UNIT_ASSIGNED_CONTEXT ( ( #10240, #2416, #6441 ) ) REPRESENTATION_CONTEXT ( 'NONE', 'WORKASPACE' ) );
#1737 = VERTEX_POINT ( 'NONE', #375 ) ;
#1738 = LINE ( 'NONE', #1856, #8951 ) ;
#1739 = CYLINDRICAL_SURFACE ( 'NONE', #7809, 0.05000000000000002359 ) ;
#1740 = LINE ( 'NONE', #3280, #4464 ) ;
#1741 = DIRECTION ( 'NONE',  ( 0.000000000000000000, 0.000000000000000000, 1.000000000000000000 ) ) ;
#1742 = EDGE_LOOP ( 'NONE', ( #6651, #9869, #6600, #2269 ) ) ;
#1743 = DIRECTION ( 'NONE',  ( 1.000000000000000000, -0.000000000000000000, -0.000000000000000000 ) ) ;
#1744 = DIRECTION ( 'NONE',  ( 0.000000000000000000, 0.000000000000000000, -1.000000000000000000 ) ) ;
#1745 = CARTESIAN_POINT ( 'NONE',  ( 1.200000000000013056, -0.05000000000000000278, -1.249999999999999778 ) ) ;
#1746 = FACE_OUTER_BOUND ( 'NONE', #6613, .T. ) ;
#1747 =( GEOMETRIC_REPRESENTATION_CONTEXT ( 3 ) GLOBAL_UNCERTAINTY_ASSIGNED_CONTEXT ( ( #1370 ) ) GLOBAL_UNIT_ASSIGNED_CONTEXT ( ( #12, #2367, #8575 ) ) REPRESENTATION_CONTEXT ( 'NONE', 'WORKASPACE' ) );
#1748 = EDGE_CURVE ( 'NONE', #10324, #4730, #7565, .T. ) ;
#1749 = CARTESIAN_POINT ( 'NONE',  ( 1.199999999999999289, -0.05000000000000000278, 0.3500000000000002554 ) ) ;
#1750 = SURFACE_STYLE_FILL_AREA ( #1076 ) ;
#1751 = LINE ( 'NONE', #4967, #3440 ) ;
#1752 = AXIS2_PLACEMENT_3D ( 'NONE', #9969, #6038, #3041 ) ;
#1753 = DIRECTION ( 'NONE',  ( -0.000000000000000000, 1.000000000000000000, -0.000000000000000000 ) ) ;
#1754 = PRESENTATION_LAYER_ASSIGNMENT (  '', '', ( #3113 ) ) ;
#1755 = LINE ( 'NONE', #1032, #6849 ) ;
#1756 = ORIENTED_EDGE ( 'NONE', *, *, #9062, .T. ) ;
#1757 = UNCERTAINTY_MEASURE_WITH_UNIT (LENGTH_MEASURE( 1.000000000000000082E-05 ), #8816, 'distance_accuracy_value', 'NONE');
#1758 = LINE ( 'NONE', #284, #6022 ) ;
#1759 = EDGE_CURVE ( 'NONE', #6161, #5386, #3660, .T. ) ;
#1760 = ADVANCED_FACE ( 'NONE', ( #5117 ), #537, .F. ) ;
#1761 = PRESENTATION_LAYER_ASSIGNMENT (  '', '', ( #9281 ) ) ;
#1762 =( GEOMETRIC_REPRESENTATION_CONTEXT ( 3 ) GLOBAL_UNCERTAINTY_ASSIGNED_CONTEXT ( ( #1872 ) ) GLOBAL_UNIT_ASSIGNED_CONTEXT ( ( #97, #8189, #2651 ) ) REPRESENTATION_CONTEXT ( 'NONE', 'WORKASPACE' ) );
#1763 = EDGE_LOOP ( 'NONE', ( #4321, #1139, #7746, #1612 ) ) ;
#1764 = CARTESIAN_POINT ( 'NONE',  ( 0.1000000000000208639, 0.1499999999999999944, -2.000000000000000000 ) ) ;
#1765 = CARTESIAN_POINT ( 'NONE',  ( 2.000000000000000000, 0.1500000000000000222, -1.300000000000000266 ) ) ;
#1766 = FACE_OUTER_BOUND ( 'NONE', #6427, .T. ) ;
#1767 = ORIENTED_EDGE ( 'NONE', *, *, #2896, .T. ) ;
#1768 = FILL_AREA_STYLE ('',( #293 ) ) ;
#1769 = EDGE_LOOP ( 'NONE', ( #8634, #5249, #8601, #3432 ) ) ;
#1770 = COLOUR_RGB ( '',0.7686274509803920907, 0.7686274509803920907, 0.7686274509803920907 ) ;
#1771 = UNCERTAINTY_MEASURE_WITH_UNIT (LENGTH_MEASURE( 1.000000000000000082E-05 ), #4984, 'distance_accuracy_value', 'NONE');
#1772 = PRESENTATION_LAYER_ASSIGNMENT (  '', '', ( #2775 ) ) ;
#1773 = SURFACE_SIDE_STYLE ('',( #4155 ) ) ;
#1774 = AXIS2_PLACEMENT_3D ( 'NONE', #6089, #8477, #9248 ) ;
#1775 = EDGE_CURVE ( 'NONE', #4893, #1944, #6449, .T. ) ;
#1776 = PLANE ( 'NONE',  #7806 ) ;
#1777 = CARTESIAN_POINT ( 'NONE',  ( 0.1000000000000208639, -0.05000000000000000278, -2.050000000000000266 ) ) ;
#1778 = STYLED_ITEM ( 'NONE', ( #7714 ), #6261 ) ;
#1779 =( NAMED_UNIT ( * ) SI_UNIT ( $, .STERADIAN. ) SOLID_ANGLE_UNIT ( ) );
#1780 = DIRECTION ( 'NONE',  ( -1.201915551212388030E-13, -0.000000000000000000, -1.000000000000000000 ) ) ;
#1781 = ORIENTED_EDGE ( 'NONE', *, *, #7181, .T. ) ;
#1782 = SURFACE_STYLE_USAGE ( .BOTH. , #6663 ) ;
#1783 = CARTESIAN_POINT ( 'NONE',  ( -0.5000000000000037748, -0.05000000000000000278, 1.199999999999999289 ) ) ;
#1784 = COLOUR_RGB ( '',0.7686274509803920907, 0.7686274509803920907, 0.7686274509803920907 ) ;
#1785 = FILL_AREA_STYLE ('',( #6727 ) ) ;
#1786 = CIRCLE ( 'NONE', #4640, 0.04999999999999991257 ) ;
#1787 = ORIENTED_EDGE ( 'NONE', *, *, #6235, .F. ) ;
#1788 = UNCERTAINTY_MEASURE_WITH_UNIT (LENGTH_MEASURE( 1.000000000000000082E-05 ), #783, 'distance_accuracy_value', 'NONE');
#1789 = PRESENTATION_STYLE_ASSIGNMENT (( #10368 ) ) ;
#1790 =( LENGTH_UNIT ( ) NAMED_UNIT ( * ) SI_UNIT ( .MILLI., .METRE. ) );
#1791 = CARTESIAN_POINT ( 'NONE',  ( -0.09999999999997911948, 0.1499999999999999944, 2.050000000000000266 ) ) ;
#1792 = VECTOR ( 'NONE', #8864, 1000.000000000000000 ) ;
#1793 = FILL_AREA_STYLE ('',( #8235 ) ) ;
#1794 = LINE ( 'NONE', #5062, #502 ) ;
#1795 = ORIENTED_EDGE ( 'NONE', *, *, #5570, .T. ) ;
#1796 = SURFACE_SIDE_STYLE ('',( #8187 ) ) ;
#1797 = AXIS2_PLACEMENT_3D ( 'NONE', #684, #10299, #3170 ) ;
#1798 = AXIS2_PLACEMENT_3D ( 'NONE', #6245, #8046, #4828 ) ;
#1799 = ORIENTED_EDGE ( 'NONE', *, *, #4390, .F. ) ;
#1800 = CARTESIAN_POINT ( 'NONE',  ( -1.400000000000012124, -0.05000000000000000278, 1.649999999999966827 ) ) ;
#1801 = AXIS2_PLACEMENT_3D ( 'NONE', #8806, #7965, #4797 ) ;
#1802 = EDGE_CURVE ( 'NONE', #6005, #9840, #8516, .T. ) ;
#1803 = LINE ( 'NONE', #1694, #2143 ) ;
#1804 = EDGE_CURVE ( 'NONE', #1529, #9562, #8009, .T. ) ;
#1805 = DIRECTION ( 'NONE',  ( 0.000000000000000000, 0.000000000000000000, -1.000000000000000000 ) ) ;
#1806 = FILL_AREA_STYLE ('',( #1070 ) ) ;
#1807 = EDGE_LOOP ( 'NONE', ( #817, #8594, #5083, #5497, #5412, #5885 ) ) ;
#1808 = CARTESIAN_POINT ( 'NONE',  ( 1.999999999999996669, -0.05000000000000000278, 1.100000000000000089 ) ) ;
#1809 = DIRECTION ( 'NONE',  ( 0.000000000000000000, 0.000000000000000000, 1.000000000000000000 ) ) ;
#1810 = CIRCLE ( 'NONE', #2331, 0.04999999999996716793 ) ;
#1811 =( GEOMETRIC_REPRESENTATION_CONTEXT ( 3 ) GLOBAL_UNCERTAINTY_ASSIGNED_CONTEXT ( ( #5375 ) ) GLOBAL_UNIT_ASSIGNED_CONTEXT ( ( #3197, #4595, #747 ) ) REPRESENTATION_CONTEXT ( 'NONE', 'WORKASPACE' ) );
#1812 = CARTESIAN_POINT ( 'NONE',  ( 0.5000000000000208722, -0.05000000000000000278, 1.999999999999999556 ) ) ;
#1813 = VECTOR ( 'NONE', #9651, 1000.000000000000000 ) ;
#1814 = LINE ( 'NONE', #5794, #10194 ) ;
#1815 = PRESENTATION_LAYER_ASSIGNMENT (  '', '', ( #8835 ) ) ;
#1816 = CARTESIAN_POINT ( 'NONE',  ( 2.050000000000000266, 0.1500000000000000222, -0.9000000000000000222 ) ) ;
#1817 =( GEOMETRIC_REPRESENTATION_CONTEXT ( 3 ) GLOBAL_UNCERTAINTY_ASSIGNED_CONTEXT ( ( #4324 ) ) GLOBAL_UNIT_ASSIGNED_CONTEXT ( ( #8456, #427, #8513 ) ) REPRESENTATION_CONTEXT ( 'NONE', 'WORKASPACE' ) );
#1818 = VERTEX_POINT ( 'NONE', #9613 ) ;
#1819 = VERTEX_POINT ( 'NONE', #4934 ) ;
#1820 = SURFACE_SIDE_STYLE ('',( #8983 ) ) ;
#1821 = DIRECTION ( 'NONE',  ( 0.000000000000000000, 1.000000000000000000, 0.000000000000000000 ) ) ;
#1822 = EDGE_CURVE ( 'NONE', #4909, #1499, #8104, .T. ) ;
#1823 = COLOUR_RGB ( '',0.7686274509803920907, 0.7686274509803920907, 0.7686274509803920907 ) ;
#1824 = ORIENTED_EDGE ( 'NONE', *, *, #3878, .F. ) ;
#1825 =( NAMED_UNIT ( * ) SI_UNIT ( $, .STERADIAN. ) SOLID_ANGLE_UNIT ( ) );
#1826 = SURFACE_STYLE_USAGE ( .BOTH. , #6557 ) ;
#1827 = CARTESIAN_POINT ( 'NONE',  ( 0.1000000000000208639, 0.1499999999999999944, 2.000000000000000000 ) ) ;
#1828 = ORIENTED_EDGE ( 'NONE', *, *, #2734, .T. ) ;
#1829 = LINE ( 'NONE', #5923, #8519 ) ;
#1830 = FILL_AREA_STYLE_COLOUR ( '', #9458 ) ;
#1831 = EDGE_CURVE ( 'NONE', #3547, #9815, #8057, .T. ) ;
#1832 = ORIENTED_EDGE ( 'NONE', *, *, #2243, .F. ) ;
#1833 = AXIS2_PLACEMENT_3D ( 'NONE', #1682, #5151, #9919 ) ;
#1834 = STYLED_ITEM ( 'NONE', ( #8487 ), #2102 ) ;
#1835 =( GEOMETRIC_REPRESENTATION_CONTEXT ( 3 ) GLOBAL_UNCERTAINTY_ASSIGNED_CONTEXT ( ( #2411 ) ) GLOBAL_UNIT_ASSIGNED_CONTEXT ( ( #7545, #10139, #3582 ) ) REPRESENTATION_CONTEXT ( 'NONE', 'WORKASPACE' ) );
#1836 = SURFACE_STYLE_FILL_AREA ( #8941 ) ;
#1837 = LINE ( 'NONE', #7542, #1175 ) ;
#1838 = ORIENTED_EDGE ( 'NONE', *, *, #9299, .F. ) ;
#1839 = SURFACE_STYLE_FILL_AREA ( #9005 ) ;
#1840 = CARTESIAN_POINT ( 'NONE',  ( 0.7000000000000209388, -0.05000000000000000278, 2.000000000000000000 ) ) ;
#1841 = COLOUR_RGB ( '',0.7686274509803920907, 0.7686274509803920907, 0.7686274509803920907 ) ;
#1842 = EDGE_CURVE ( 'NONE', #1737, #422, #7763, .T. ) ;
#1843 = COLOUR_RGB ( '',0.7686274509803920907, 0.7686274509803920907, 0.7686274509803920907 ) ;
#1844 = VERTEX_POINT ( 'NONE', #2531 ) ;
#1845 = ORIENTED_EDGE ( 'NONE', *, *, #9313, .T. ) ;
#1846 = ORIENTED_EDGE ( 'NONE', *, *, #2852, .T. ) ;
#1847 = PRESENTATION_STYLE_ASSIGNMENT (( #9775 ) ) ;
#1848 =( NAMED_UNIT ( * ) PLANE_ANGLE_UNIT ( ) SI_UNIT ( $, .RADIAN. ) );
#1849 = PLANE ( 'NONE',  #2498 ) ;
#1850 = PLANE ( 'NONE',  #7983 ) ;
#1851 = LINE ( 'NONE', #2645, #153 ) ;
#1852 = VECTOR ( 'NONE', #4115, 1000.000000000000000 ) ;
#1853 = ORIENTED_EDGE ( 'NONE', *, *, #6444, .T. ) ;
#1854 = STYLED_ITEM ( 'NONE', ( #379 ), #2794 ) ;
#1855 = ORIENTED_EDGE ( 'NONE', *, *, #2467, .F. ) ;
#1856 = CARTESIAN_POINT ( 'NONE',  ( 2.000000000000000000, 0.1499999999999999944, 0.1000000000000000472 ) ) ;
#1857 = LINE ( 'NONE', #5952, #8973 ) ;
#1858 = DIRECTION ( 'NONE',  ( 1.000000000000000000, 0.000000000000000000, 0.000000000000000000 ) ) ;
#1859 = CARTESIAN_POINT ( 'NONE',  ( 0.3000000000000208611, -0.05000000000000000278, -2.000000000000000000 ) ) ;
#1860 = ORIENTED_EDGE ( 'NONE', *, *, #317, .T. ) ;
#1861 = DIRECTION ( 'NONE',  ( -0.000000000000000000, -1.000000000000000000, -0.000000000000000000 ) ) ;
#1862 =( NAMED_UNIT ( * ) PLANE_ANGLE_UNIT ( ) SI_UNIT ( $, .RADIAN. ) );
#1863 = EDGE_CURVE ( 'NONE', #9584, #9063, #834, .T. ) ;
#1864 = EDGE_CURVE ( 'NONE', #5891, #5776, #8793, .T. ) ;
#1865 = CARTESIAN_POINT ( 'NONE',  ( 0.9000000000000208944, 0.1499999999999999944, -2.000000000000000000 ) ) ;
#1866 = CARTESIAN_POINT ( 'NONE',  ( 1.150000000000021227, -0.05000000000000000278, -1.649999999999966827 ) ) ;
#1867 = DIRECTION ( 'NONE',  ( 0.000000000000000000, -1.000000000000000000, 0.000000000000000000 ) ) ;
#1868 = DIRECTION ( 'NONE',  ( -1.000000000000000000, -0.000000000000000000, 0.000000000000000000 ) ) ;
#1869 = FILL_AREA_STYLE_COLOUR ( '', #3438 ) ;
#1870 = DIRECTION ( 'NONE',  ( -0.000000000000000000, 0.000000000000000000, -1.000000000000000000 ) ) ;
#1871 = ORIENTED_EDGE ( 'NONE', *, *, #4246, .T. ) ;
#1872 = UNCERTAINTY_MEASURE_WITH_UNIT (LENGTH_MEASURE( 1.000000000000000082E-05 ), #97, 'distance_accuracy_value', 'NONE');
#1873 = DIRECTION ( 'NONE',  ( -0.000000000000000000, 1.000000000000000000, -0.000000000000000000 ) ) ;
#1874 = VERTEX_POINT ( 'NONE', #9332 ) ;
#1875 = LINE ( 'NONE', #7313, #3200 ) ;
#1876 = FILL_AREA_STYLE_COLOUR ( '', #6371 ) ;
#1877 = ORIENTED_EDGE ( 'NONE', *, *, #1641, .T. ) ;
#1878 = LINE ( 'NONE', #2673, #2571 ) ;
#1879 = ORIENTED_EDGE ( 'NONE', *, *, #2852, .F. ) ;
#1880 = UNCERTAINTY_MEASURE_WITH_UNIT (LENGTH_MEASURE( 1.000000000000000082E-05 ), #5567, 'distance_accuracy_value', 'NONE');
#1881 = SURFACE_STYLE_USAGE ( .BOTH. , #187 ) ;
#1882 = PLANE ( 'NONE',  #6045 ) ;
#1883 = FACE_OUTER_BOUND ( 'NONE', #8099, .T. ) ;
#1884 = FILL_AREA_STYLE ('',( #8273 ) ) ;
#1885 = SURFACE_STYLE_USAGE ( .BOTH. , #5095 ) ;
#1886 = ORIENTED_EDGE ( 'NONE', *, *, #4109, .T. ) ;
#1887 = ADVANCED_FACE ( 'NONE', ( #4101 ), #27, .F. ) ;
#1888 = DIRECTION ( 'NONE',  ( -0.000000000000000000, -1.000000000000000000, -0.000000000000000000 ) ) ;
#1889 = FILL_AREA_STYLE_COLOUR ( '', #5629 ) ;
#1890 = FILL_AREA_STYLE_COLOUR ( '', #6119 ) ;
#1891 = EDGE_LOOP ( 'NONE', ( #5044, #5647, #6125, #8402 ) ) ;
#1892 = ORIENTED_EDGE ( 'NONE', *, *, #4946, .F. ) ;
#1893 = VERTEX_POINT ( 'NONE', #3308 ) ;
#1894 = UNCERTAINTY_MEASURE_WITH_UNIT (LENGTH_MEASURE( 1.000000000000000082E-05 ), #1700, 'distance_accuracy_value', 'NONE');
#1895 = DIRECTION ( 'NONE',  ( -1.000000000000000000, 0.000000000000000000, 0.000000000000000000 ) ) ;
#1896 = PRESENTATION_STYLE_ASSIGNMENT (( #1223 ) ) ;
#1897 = ORIENTED_EDGE ( 'NONE', *, *, #7260, .T. ) ;
#1898 = ADVANCED_FACE ( 'NONE', ( #778 ), #6506, .T. ) ;
#1899 = ORIENTED_EDGE ( 'NONE', *, *, #9484, .T. ) ;
#1900 =( NAMED_UNIT ( * ) SI_UNIT ( $, .STERADIAN. ) SOLID_ANGLE_UNIT ( ) );
#1901 = CARTESIAN_POINT ( 'NONE',  ( 0.5000000000000208722, -0.05000000000000000278, -2.050000000000000266 ) ) ;
#1902 = VERTEX_POINT ( 'NONE', #4426 ) ;
#1903 = SURFACE_SIDE_STYLE ('',( #5907 ) ) ;
#1904 = FILL_AREA_STYLE ('',( #267 ) ) ;
#1905 = DIRECTION ( 'NONE',  ( -1.000000000000000000, 0.000000000000000000, -2.891205793294679805E-16 ) ) ;
#1906 = FILL_AREA_STYLE ('',( #4579 ) ) ;
#1907 = CARTESIAN_POINT ( 'NONE',  ( -0.4999999999999791833, -1.355252715606880543E-17, 2.000000000000000000 ) ) ;
#1908 = CARTESIAN_POINT ( 'NONE',  ( -1.450000000000020828, 0.1499999999999999944, 2.000000000000000000 ) ) ;
#1909 =( NAMED_UNIT ( * ) PLANE_ANGLE_UNIT ( ) SI_UNIT ( $, .RADIAN. ) );
#1910 = SURFACE_STYLE_USAGE ( .BOTH. , #8522 ) ;
#1911 = CARTESIAN_POINT ( 'NONE',  ( 1.999999999999999112, 0.000000000000000000, 0.5000000000000000000 ) ) ;
#1912 = DIRECTION ( 'NONE',  ( 0.000000000000000000, 0.000000000000000000, 1.000000000000000000 ) ) ;
#1913 = ORIENTED_EDGE ( 'NONE', *, *, #6095, .T. ) ;
#1914 = ADVANCED_FACE ( 'NONE', ( #1883 ), #5093, .F. ) ;
#1915 = PRESENTATION_STYLE_ASSIGNMENT (( #8887 ) ) ;
#1916 = COLOUR_RGB ( '',0.7686274509803920907, 0.7686274509803920907, 0.7686274509803920907 ) ;
#1917 = DIRECTION ( 'NONE',  ( -0.000000000000000000, 1.000000000000000000, -0.000000000000000000 ) ) ;
#1918 = LINE ( 'NONE', #5134, #9111 ) ;
#1919 = DIRECTION ( 'NONE',  ( -1.000000000000000000, 0.000000000000000000, 0.000000000000000000 ) ) ;
#1920 = DIRECTION ( 'NONE',  ( 0.000000000000000000, 0.000000000000000000, 1.000000000000000000 ) ) ;
#1921 =( GEOMETRIC_REPRESENTATION_CONTEXT ( 3 ) GLOBAL_UNCERTAINTY_ASSIGNED_CONTEXT ( ( #2312 ) ) GLOBAL_UNIT_ASSIGNED_CONTEXT ( ( #7476, #9864, #7383 ) ) REPRESENTATION_CONTEXT ( 'NONE', 'WORKASPACE' ) );
#1922 = DIRECTION ( 'NONE',  ( -0.000000000000000000, 1.000000000000000000, -0.000000000000000000 ) ) ;
#1923 = ORIENTED_EDGE ( 'NONE', *, *, #10360, .T. ) ;
#1924 = EDGE_LOOP ( 'NONE', ( #6832, #3031, #6348, #9004 ) ) ;
#1925 = EDGE_CURVE ( 'NONE', #7655, #8495, #1097, .T. ) ;
#1926 = EDGE_CURVE ( 'NONE', #2859, #4174, #8272, .T. ) ;
#1927 = CARTESIAN_POINT ( 'NONE',  ( 2.050000000000000266, -0.05000000000000000278, -1.300000000000000266 ) ) ;
#1928 = PRESENTATION_STYLE_ASSIGNMENT (( #9761 ) ) ;
#1929 =( GEOMETRIC_REPRESENTATION_CONTEXT ( 3 ) GLOBAL_UNCERTAINTY_ASSIGNED_CONTEXT ( ( #8152 ) ) GLOBAL_UNIT_ASSIGNED_CONTEXT ( ( #7506, #10002, #482 ) ) REPRESENTATION_CONTEXT ( 'NONE', 'WORKASPACE' ) );
#1930 = VECTOR ( 'NONE', #4503, 1000.000000000000000 ) ;
#1931 = FILL_AREA_STYLE_COLOUR ( '', #1317 ) ;
#1932 = PRESENTATION_LAYER_ASSIGNMENT (  '', '', ( #8781 ) ) ;
#1933 = STYLED_ITEM ( 'NONE', ( #4834 ), #3087 ) ;
#1934 = SURFACE_STYLE_FILL_AREA ( #191 ) ;
#1935 = ORIENTED_EDGE ( 'NONE', *, *, #6853, .F. ) ;
#1936 = CARTESIAN_POINT ( 'NONE',  ( 2.050000000000000266, 0.1499999999999999944, 0.9000000000000002442 ) ) ;
#1937 = FILL_AREA_STYLE_COLOUR ( '', #1916 ) ;
#1938 = ORIENTED_EDGE ( 'NONE', *, *, #1996, .F. ) ;
#1939 = PRESENTATION_LAYER_ASSIGNMENT (  '', '', ( #5300 ) ) ;
#1940 = VECTOR ( 'NONE', #490, 1000.000000000000000 ) ;
#1941 = VECTOR ( 'NONE', #8294, 1000.000000000000000 ) ;
#1942 = VERTEX_POINT ( 'NONE', #994 ) ;
#1943 = PRESENTATION_LAYER_ASSIGNMENT (  '', '', ( #3978 ) ) ;
#1944 = VERTEX_POINT ( 'NONE', #7387 ) ;
#1945 = DIRECTION ( 'NONE',  ( -0.000000000000000000, 1.000000000000000000, -0.000000000000000000 ) ) ;
#1946 = FILL_AREA_STYLE ('',( #6617 ) ) ;
#1947 = FACE_OUTER_BOUND ( 'NONE', #2119, .T. ) ;
#1948 = VECTOR ( 'NONE', #8854, 1000.000000000000000 ) ;
#1949 = MECHANICAL_DESIGN_GEOMETRIC_PRESENTATION_REPRESENTATION (  '', ( #8643 ), #937 ) ;
#1950 = ORIENTED_EDGE ( 'NONE', *, *, #3847, .F. ) ;
#1951 = COLOUR_RGB ( '',0.7686274509803920907, 0.7686274509803920907, 0.7686274509803920907 ) ;
#1952 = AXIS2_PLACEMENT_3D ( 'NONE', #10110, #7728, #1497 ) ;
#1953 = ORIENTED_EDGE ( 'NONE', *, *, #3466, .F. ) ;
#1954 = FACE_OUTER_BOUND ( 'NONE', #875, .T. ) ;
#1955 =( NAMED_UNIT ( * ) SI_UNIT ( $, .STERADIAN. ) SOLID_ANGLE_UNIT ( ) );
#1956 = VECTOR ( 'NONE', #2780, 1000.000000000000000 ) ;
#1957 = FACE_OUTER_BOUND ( 'NONE', #5656, .T. ) ;
#1958 = EDGE_CURVE ( 'NONE', #3631, #9831, #8223, .T. ) ;
#1959 = ORIENTED_EDGE ( 'NONE', *, *, #351, .T. ) ;
#1960 = ADVANCED_FACE ( 'NONE', ( #353 ), #189, .F. ) ;
#1961 = FILL_AREA_STYLE_COLOUR ( '', #10159 ) ;
#1962 = CARTESIAN_POINT ( 'NONE',  ( 0.8500000000000205169, 0.000000000000000000, -1.599999999999999867 ) ) ;
#1963 = UNCERTAINTY_MEASURE_WITH_UNIT (LENGTH_MEASURE( 1.000000000000000082E-05 ), #9289, 'distance_accuracy_value', 'NONE');
#1964 = VECTOR ( 'NONE', #7566, 1000.000000000000000 ) ;
#1965 = VECTOR ( 'NONE', #2720, 1000.000000000000000 ) ;
#1966 = DIRECTION ( 'NONE',  ( -0.000000000000000000, 1.000000000000000000, -0.000000000000000000 ) ) ;
#1967 =( NAMED_UNIT ( * ) SI_UNIT ( $, .STERADIAN. ) SOLID_ANGLE_UNIT ( ) );
#1968 = DIRECTION ( 'NONE',  ( 0.000000000000000000, -0.000000000000000000, -1.000000000000000000 ) ) ;
#1969 = ADVANCED_FACE ( 'NONE', ( #4938 ), #6568, .T. ) ;
#1970 = CARTESIAN_POINT ( 'NONE',  ( 1.200000000000013056, 0.000000000000000000, -1.249999999999999778 ) ) ;
#1971 =( NAMED_UNIT ( * ) PLANE_ANGLE_UNIT ( ) SI_UNIT ( $, .RADIAN. ) );
#1972 = FACE_OUTER_BOUND ( 'NONE', #3901, .T. ) ;
#1973 = SURFACE_STYLE_FILL_AREA ( #9190 ) ;
#1974 = VERTEX_POINT ( 'NONE', #6512 ) ;
#1975 = UNCERTAINTY_MEASURE_WITH_UNIT (LENGTH_MEASURE( 1.000000000000000082E-05 ), #6793, 'distance_accuracy_value', 'NONE');
#1976 = VECTOR ( 'NONE', #2075, 1000.000000000000000 ) ;
#1977 = CARTESIAN_POINT ( 'NONE',  ( 0.5000000000000208722, -0.05000000000000000278, 1.999999999999999556 ) ) ;
#1978 = DIRECTION ( 'NONE',  ( 0.000000000000000000, 0.000000000000000000, 1.000000000000000000 ) ) ;
#1979 = DIRECTION ( 'NONE',  ( -0.000000000000000000, 1.000000000000000000, -0.000000000000000000 ) ) ;
#1980 = SURFACE_STYLE_USAGE ( .BOTH. , #1305 ) ;
#1981 = MECHANICAL_DESIGN_GEOMETRIC_PRESENTATION_REPRESENTATION (  '', ( #6672 ), #7328 ) ;
#1982 = STYLED_ITEM ( 'NONE', ( #6791 ), #4655 ) ;
#1983 = VERTEX_POINT ( 'NONE', #5730 ) ;
#1984 = LINE ( 'NONE', #3737, #6619 ) ;
#1985 = LINE ( 'NONE', #9358, #3645 ) ;
#1986 = ORIENTED_EDGE ( 'NONE', *, *, #6083, .F. ) ;
#1987 =( NAMED_UNIT ( * ) PLANE_ANGLE_UNIT ( ) SI_UNIT ( $, .RADIAN. ) );
#1988 =( LENGTH_UNIT ( ) NAMED_UNIT ( * ) SI_UNIT ( .MILLI., .METRE. ) );
#1989 = VECTOR ( 'NONE', #6956, 1000.000000000000000 ) ;
#1990 = CIRCLE ( 'NONE', #1493, 0.04999999999999991257 ) ;
#1991 = DIRECTION ( 'NONE',  ( 0.000000000000000000, 0.000000000000000000, -1.000000000000000000 ) ) ;
#1992 = CIRCLE ( 'NONE', #8525, 0.04999999999996716793 ) ;
#1993 = PRESENTATION_STYLE_ASSIGNMENT (( #3528 ) ) ;
#1994 = ORIENTED_EDGE ( 'NONE', *, *, #677, .F. ) ;
#1995 = LINE ( 'NONE', #5934, #3010 ) ;
#1996 = EDGE_CURVE ( 'NONE', #1414, #5386, #1725, .T. ) ;
#1997 = EDGE_CURVE ( 'NONE', #8055, #1319, #1570, .T. ) ;
#1998 = FACE_OUTER_BOUND ( 'NONE', #8219, .T. ) ;
#1999 = ORIENTED_EDGE ( 'NONE', *, *, #6513, .T. ) ;
#2000 =( GEOMETRIC_REPRESENTATION_CONTEXT ( 3 ) GLOBAL_UNCERTAINTY_ASSIGNED_CONTEXT ( ( #6175 ) ) GLOBAL_UNIT_ASSIGNED_CONTEXT ( ( #6430, #6329, #3932 ) ) REPRESENTATION_CONTEXT ( 'NONE', 'WORKASPACE' ) );
#2001 = ORIENTED_EDGE ( 'NONE', *, *, #5495, .F. ) ;
#2002 =( GEOMETRIC_REPRESENTATION_CONTEXT ( 3 ) GLOBAL_UNCERTAINTY_ASSIGNED_CONTEXT ( ( #515 ) ) GLOBAL_UNIT_ASSIGNED_CONTEXT ( ( #10147, #7754, #682 ) ) REPRESENTATION_CONTEXT ( 'NONE', 'WORKASPACE' ) );
#2003 = EDGE_LOOP ( 'NONE', ( #7796, #1471, #2263, #715 ) ) ;
#2004 = UNCERTAINTY_MEASURE_WITH_UNIT (LENGTH_MEASURE( 1.000000000000000082E-05 ), #1260, 'distance_accuracy_value', 'NONE');
#2005 =( NAMED_UNIT ( * ) PLANE_ANGLE_UNIT ( ) SI_UNIT ( $, .RADIAN. ) );
#2006 = CARTESIAN_POINT ( 'NONE',  ( -0.8999999999999791500, 0.1499999999999999944, 2.000000000000000000 ) ) ;
#2007 = SURFACE_SIDE_STYLE ('',( #9934 ) ) ;
#2008 = VECTOR ( 'NONE', #6903, 1000.000000000000000 ) ;
#2009 = VECTOR ( 'NONE', #5920, 1000.000000000000000 ) ;
#2010 = PRESENTATION_LAYER_ASSIGNMENT (  '', '', ( #1179 ) ) ;
#2011 = ORIENTED_EDGE ( 'NONE', *, *, #2579, .F. ) ;
#2012 = ORIENTED_EDGE ( 'NONE', *, *, #7805, .F. ) ;
#2013 = SURFACE_STYLE_USAGE ( .BOTH. , #6848 ) ;
#2014 = ORIENTED_EDGE ( 'NONE', *, *, #7726, .T. ) ;
#2015 = COLOUR_RGB ( '',0.7686274509803920907, 0.7686274509803920907, 0.7686274509803920907 ) ;
#2016 = COLOUR_RGB ( '',0.7686274509803920907, 0.7686274509803920907, 0.7686274509803920907 ) ;
#2017 =( NAMED_UNIT ( * ) PLANE_ANGLE_UNIT ( ) SI_UNIT ( $, .RADIAN. ) );
#2018 = PRESENTATION_LAYER_ASSIGNMENT (  '', '', ( #5043 ) ) ;
#2019 = ORIENTED_EDGE ( 'NONE', *, *, #6610, .T. ) ;
#2020 = DIRECTION ( 'NONE',  ( 1.000000000000000000, -0.000000000000000000, 1.445602896647339656E-16 ) ) ;
#2021 = LINE ( 'NONE', #8410, #1940 ) ;
#2022 = CARTESIAN_POINT ( 'NONE',  ( -2.000000000000000000, 1.000000000000000000, 2.000000000000000000 ) ) ;
#2023 = STYLED_ITEM ( 'NONE', ( #473 ), #5765 ) ;
#2024 = EDGE_CURVE ( 'NONE', #6097, #8535, #2476, .T. ) ;
#2025 = FILL_AREA_STYLE ('',( #434 ) ) ;
#2026 =( NAMED_UNIT ( * ) PLANE_ANGLE_UNIT ( ) SI_UNIT ( $, .RADIAN. ) );
#2027 = CARTESIAN_POINT ( 'NONE',  ( 2.000000000000000000, 1.000000000000000000, 2.000000000000000000 ) ) ;
#2028 = ORIENTED_EDGE ( 'NONE', *, *, #5562, .F. ) ;
#2029 = FACE_OUTER_BOUND ( 'NONE', #1564, .T. ) ;
#2030 = DIRECTION ( 'NONE',  ( -0.000000000000000000, 0.000000000000000000, 1.000000000000000000 ) ) ;
#2031 = EDGE_CURVE ( 'NONE', #5116, #8843, #7333, .T. ) ;
#2032 = FILL_AREA_STYLE_COLOUR ( '', #8106 ) ;
#2033 = SURFACE_STYLE_USAGE ( .BOTH. , #504 ) ;
#2034 =( LENGTH_UNIT ( ) NAMED_UNIT ( * ) SI_UNIT ( .MILLI., .METRE. ) );
#2035 = CARTESIAN_POINT ( 'NONE',  ( -0.5500000000000021538, -0.05000000000000000278, 0.6999999999999995115 ) ) ;
#2036 = ORIENTED_EDGE ( 'NONE', *, *, #272, .T. ) ;
#2037 = CARTESIAN_POINT ( 'NONE',  ( -0.5500000000000041522, -0.05000000000000000278, 0.9499999999999995115 ) ) ;
#2038 = SURFACE_STYLE_USAGE ( .BOTH. , #3738 ) ;
#2039 = ORIENTED_EDGE ( 'NONE', *, *, #2419, .F. ) ;
#2040 = CARTESIAN_POINT ( 'NONE',  ( -1.450000000000020828, 0.1499999999999999944, -2.000000000000000000 ) ) ;
#2041 = PRESENTATION_STYLE_ASSIGNMENT (( #3690 ) ) ;
#2042 = CARTESIAN_POINT ( 'NONE',  ( 1.249999999999967581, -0.05000000000000000278, -1.149999999999933964 ) ) ;
#2043 =( NAMED_UNIT ( * ) SI_UNIT ( $, .STERADIAN. ) SOLID_ANGLE_UNIT ( ) );
#2044 = EDGE_CURVE ( 'NONE', #5939, #9049, #9569, .T. ) ;
#2045 =( LENGTH_UNIT ( ) NAMED_UNIT ( * ) SI_UNIT ( .MILLI., .METRE. ) );
#2046 = ORIENTED_EDGE ( 'NONE', *, *, #6912, .F. ) ;
#2047 = PLANE ( 'NONE',  #4699 ) ;
#2048 =( NAMED_UNIT ( * ) SI_UNIT ( $, .STERADIAN. ) SOLID_ANGLE_UNIT ( ) );
#2049 = DIRECTION ( 'NONE',  ( 0.000000000000000000, -0.000000000000000000, 1.000000000000000000 ) ) ;
#2050 = CARTESIAN_POINT ( 'NONE',  ( 1.250000000000009104, -0.05000000000000000278, -0.7000000000000000666 ) ) ;
#2051 = ORIENTED_EDGE ( 'NONE', *, *, #5054, .F. ) ;
#2052 = ORIENTED_EDGE ( 'NONE', *, *, #5275, .T. ) ;
#2053 = ORIENTED_EDGE ( 'NONE', *, *, #4501, .F. ) ;
#2054 = DIRECTION ( 'NONE',  ( -0.000000000000000000, 1.000000000000000000, -0.000000000000000000 ) ) ;
#2055 = ADVANCED_FACE ( 'NONE', ( #3267 ), #5613, .T. ) ;
#2056 =( NAMED_UNIT ( * ) PLANE_ANGLE_UNIT ( ) SI_UNIT ( $, .RADIAN. ) );
#2057 =( LENGTH_UNIT ( ) NAMED_UNIT ( * ) SI_UNIT ( .MILLI., .METRE. ) );
#2058 = ADVANCED_FACE ( 'NONE', ( #9529 ), #3581, .F. ) ;
#2059 = VERTEX_POINT ( 'NONE', #5097 ) ;
#2060 = ORIENTED_EDGE ( 'NONE', *, *, #7712, .T. ) ;
#2061 = PRESENTATION_STYLE_ASSIGNMENT (( #2013 ) ) ;
#2062 = ORIENTED_EDGE ( 'NONE', *, *, #9579, .F. ) ;
#2063 = DIRECTION ( 'NONE',  ( 0.000000000000000000, 0.000000000000000000, -1.000000000000000000 ) ) ;
#2064 = CARTESIAN_POINT ( 'NONE',  ( 0.8500000000000205169, 0.000000000000000000, 1.599999999999999645 ) ) ;
#2065 = DIRECTION ( 'NONE',  ( -0.000000000000000000, -1.000000000000000000, -0.000000000000000000 ) ) ;
#2066 = EDGE_CURVE ( 'NONE', #6410, #5031, #5363, .T. ) ;
#2067 = CARTESIAN_POINT ( 'NONE',  ( -0.6999999999999791944, -1.355252715606880543E-17, 2.000000000000000000 ) ) ;
#2068 = DIRECTION ( 'NONE',  ( 1.000000000000000000, 0.000000000000000000, -0.000000000000000000 ) ) ;
#2069 = MECHANICAL_DESIGN_GEOMETRIC_PRESENTATION_REPRESENTATION (  '', ( #5091 ), #7600 ) ;
#2070 = CARTESIAN_POINT ( 'NONE',  ( -0.8999999999999793721, 0.000000000000000000, 2.000000000000005773 ) ) ;
#2071 = EDGE_CURVE ( 'NONE', #10137, #3093, #1995, .T. ) ;
#2072 = DIRECTION ( 'NONE',  ( -1.000000000000000000, 0.000000000000000000, -0.000000000000000000 ) ) ;
#2073 = CARTESIAN_POINT ( 'NONE',  ( 0.3500000000000211831, -0.05000000000000000278, -1.599999999999999645 ) ) ;
#2074 = DIRECTION ( 'NONE',  ( -0.000000000000000000, -1.000000000000000000, -0.000000000000000000 ) ) ;
#2075 = DIRECTION ( 'NONE',  ( -0.000000000000000000, -0.000000000000000000, 1.000000000000000000 ) ) ;
#2076 = ORIENTED_EDGE ( 'NONE', *, *, #4037, .F. ) ;
#2077 = FILL_AREA_STYLE ('',( #2142 ) ) ;
#2078 =( NAMED_UNIT ( * ) SI_UNIT ( $, .STERADIAN. ) SOLID_ANGLE_UNIT ( ) );
#2079 = CARTESIAN_POINT ( 'NONE',  ( 0.3499999999999878209, -0.05000000000000000278, 1.649999999999967049 ) ) ;
#2080 =( NAMED_UNIT ( * ) SI_UNIT ( $, .STERADIAN. ) SOLID_ANGLE_UNIT ( ) );
#2081 = ORIENTED_EDGE ( 'NONE', *, *, #1831, .T. ) ;
#2082 = LINE ( 'NONE', #9091, #1094 ) ;
#2083 = MECHANICAL_DESIGN_GEOMETRIC_PRESENTATION_REPRESENTATION (  '', ( #1249 ), #3426 ) ;
#2084 = LINE ( 'NONE', #1309, #5798 ) ;
#2085 = VERTEX_POINT ( 'NONE', #4263 ) ;
#2086 = UNCERTAINTY_MEASURE_WITH_UNIT (LENGTH_MEASURE( 1.000000000000000082E-05 ), #8615, 'distance_accuracy_value', 'NONE');
#2087 = CARTESIAN_POINT ( 'NONE',  ( -1.400000000000012124, -0.05000000000000000278, 1.599999999999999867 ) ) ;
#2088 = LINE ( 'NONE', #2881, #432 ) ;
#2089 = ADVANCED_FACE ( 'NONE', ( #7544 ), #4996, .T. ) ;
#2090 =( LENGTH_UNIT ( ) NAMED_UNIT ( * ) SI_UNIT ( .MILLI., .METRE. ) );
#2091 = ADVANCED_FACE ( 'NONE', ( #193 ), #5829, .F. ) ;
#2092 = CARTESIAN_POINT ( 'NONE',  ( 2.000000000000004885, -0.05000000000000000278, -0.5000000000000000000 ) ) ;
#2093 = PRESENTATION_LAYER_ASSIGNMENT (  '', '', ( #5772 ) ) ;
#2094 = ORIENTED_EDGE ( 'NONE', *, *, #2919, .T. ) ;
#2095 = SURFACE_STYLE_FILL_AREA ( #6931 ) ;
#2096 = CARTESIAN_POINT ( 'NONE',  ( 1.450000000000020828, 0.1499999999999999944, 2.050000000000000266 ) ) ;
#2097 = DIRECTION ( 'NONE',  ( 0.000000000000000000, 0.000000000000000000, 1.000000000000000000 ) ) ;
#2098 = CARTESIAN_POINT ( 'NONE',  ( 2.050000000000000266, 0.1500000000000000222, -1.300000000000000266 ) ) ;
#2099 = DIRECTION ( 'NONE',  ( -1.000000000000000000, 0.000000000000000000, 0.000000000000000000 ) ) ;
#2100 = VERTEX_POINT ( 'NONE', #564 ) ;
#2101 = CIRCLE ( 'NONE', #4616, 0.04999999999999995420 ) ;
#2102 = ADVANCED_FACE ( 'NONE', ( #2886 ), #2264, .F. ) ;
#2103 = VERTEX_POINT ( 'NONE', #3902 ) ;
#2104 = UNCERTAINTY_MEASURE_WITH_UNIT (LENGTH_MEASURE( 1.000000000000000082E-05 ), #1988, 'distance_accuracy_value', 'NONE');
#2105 = VECTOR ( 'NONE', #1501, 1000.000000000000000 ) ;
#2106 = FILL_AREA_STYLE ('',( #412 ) ) ;
#2107 = COLOUR_RGB ( '',0.7686274509803920907, 0.7686274509803920907, 0.7686274509803920907 ) ;
#2108 = DIRECTION ( 'NONE',  ( 1.000000000000000000, 0.000000000000000000, 0.000000000000000000 ) ) ;
#2109 = LINE ( 'NONE', #3710, #2008 ) ;
#2110 = ORIENTED_EDGE ( 'NONE', *, *, #4551, .T. ) ;
#2111 = CARTESIAN_POINT ( 'NONE',  ( -0.09999999999997917499, -0.05000000000000000278, 2.000000000000000000 ) ) ;
#2112 = VECTOR ( 'NONE', #4029, 1000.000000000000000 ) ;
#2113 = PRESENTATION_LAYER_ASSIGNMENT (  '', '', ( #10274 ) ) ;
#2114 = COLOUR_RGB ( '',0.7686274509803920907, 0.7686274509803920907, 0.7686274509803920907 ) ;
#2115 = MECHANICAL_DESIGN_GEOMETRIC_PRESENTATION_REPRESENTATION (  '', ( #7779 ), #7943 ) ;
#2116 = VECTOR ( 'NONE', #305, 1000.000000000000000 ) ;
#2117 = ORIENTED_EDGE ( 'NONE', *, *, #4317, .T. ) ;
#2118 = CARTESIAN_POINT ( 'NONE',  ( -0.09999999999997917499, -0.05000000000000000278, -2.000000000000000000 ) ) ;
#2119 = EDGE_LOOP ( 'NONE', ( #7899, #4973, #8933, #2259 ) ) ;
#2120 = SURFACE_SIDE_STYLE ('',( #1339 ) ) ;
#2121 = PRESENTATION_LAYER_ASSIGNMENT (  '', '', ( #9618 ) ) ;
#2123 = VECTOR ( 'NONE', #2349, 1000.000000000000000 ) ;
#2122 = LINE ( 'NONE', #1235, #9659 ) ;
#2125 = MECHANICAL_DESIGN_GEOMETRIC_PRESENTATION_REPRESENTATION (  '', ( #2959 ), #1448 ) ;
#2124 = SURFACE_STYLE_USAGE ( .BOTH. , #7665 ) ;
#2126 = SURFACE_STYLE_FILL_AREA ( #9952 ) ;
#2127 = STYLED_ITEM ( 'NONE', ( #6324 ), #3815 ) ;
#2128 = DIRECTION ( 'NONE',  ( -0.000000000000000000, 1.000000000000000000, -0.000000000000000000 ) ) ;
#2129 = CARTESIAN_POINT ( 'NONE',  ( -0.5000000000000037748, 0.000000000000000000, 1.199999999999999289 ) ) ;
#2130 = PRESENTATION_LAYER_ASSIGNMENT (  '', '', ( #6159 ) ) ;
#2131 = EDGE_CURVE ( 'NONE', #7855, #7185, #7035, .T. ) ;
#2132 = PRESENTATION_LAYER_ASSIGNMENT (  '', '', ( #8481 ) ) ;
#2133 = EDGE_CURVE ( 'NONE', #9515, #3986, #2992, .T. ) ;
#2134 = PRESENTATION_LAYER_ASSIGNMENT (  '', '', ( #9628 ) ) ;
#2135 = DIRECTION ( 'NONE',  ( -0.000000000000000000, -1.000000000000000000, -0.000000000000000000 ) ) ;
#2136 = LINE ( 'NONE', #3729, #5131 ) ;
#2137 = CARTESIAN_POINT ( 'NONE',  ( 2.000000000000000444, 0.000000000000000000, -0.1000000000000000194 ) ) ;
#2138 = ORIENTED_EDGE ( 'NONE', *, *, #3721, .F. ) ;
#2139 = LINE ( 'NONE', #5343, #4844 ) ;
#2140 = MECHANICAL_DESIGN_GEOMETRIC_PRESENTATION_REPRESENTATION (  '', ( #7644 ), #269 ) ;
#2141 = MECHANICAL_DESIGN_GEOMETRIC_PRESENTATION_REPRESENTATION (  '', ( #9968 ), #6170 ) ;
#2142 = FILL_AREA_STYLE_COLOUR ( '', #467 ) ;
#2143 = VECTOR ( 'NONE', #2491, 1000.000000000000000 ) ;
#2144 = CARTESIAN_POINT ( 'NONE',  ( 0.4500000000000204947, -0.05000000000000000278, -1.599999999999999645 ) ) ;
#2145 = LINE ( 'NONE', #8379, #5380 ) ;
#2146 = FACE_OUTER_BOUND ( 'NONE', #2687, .T. ) ;
#2147 = VERTEX_POINT ( 'NONE', #9366 ) ;
#2148 = PRESENTATION_LAYER_ASSIGNMENT (  '', '', ( #4993 ) ) ;
#2149 = MECHANICAL_DESIGN_GEOMETRIC_PRESENTATION_REPRESENTATION (  '', ( #6661 ), #8333 ) ;
#2150 = DIRECTION ( 'NONE',  ( 0.000000000000000000, 0.000000000000000000, -1.000000000000000000 ) ) ;
#2151 =( LENGTH_UNIT ( ) NAMED_UNIT ( * ) SI_UNIT ( .MILLI., .METRE. ) );
#2152 =( GEOMETRIC_REPRESENTATION_CONTEXT ( 3 ) GLOBAL_UNCERTAINTY_ASSIGNED_CONTEXT ( ( #5666 ) ) GLOBAL_UNIT_ASSIGNED_CONTEXT ( ( #3812, #9270, #5327 ) ) REPRESENTATION_CONTEXT ( 'NONE', 'WORKASPACE' ) );
#2153 = ORIENTED_EDGE ( 'NONE', *, *, #2864, .F. ) ;
#2154 = CARTESIAN_POINT ( 'NONE',  ( -0.8999999999999793721, -0.05000000000000000278, -2.000000000000005773 ) ) ;
#2155 = FILL_AREA_STYLE ('',( #6927 ) ) ;
#2156 = DIRECTION ( 'NONE',  ( 0.000000000000000000, 0.000000000000000000, 1.000000000000000000 ) ) ;
#2157 = EDGE_CURVE ( 'NONE', #5089, #4334, #5452, .T. ) ;
#2158 =( NAMED_UNIT ( * ) SI_UNIT ( $, .STERADIAN. ) SOLID_ANGLE_UNIT ( ) );
#2159 = FILL_AREA_STYLE ('',( #4611 ) ) ;
#2160 =( GEOMETRIC_REPRESENTATION_CONTEXT ( 3 ) GLOBAL_UNCERTAINTY_ASSIGNED_CONTEXT ( ( #6554 ) ) GLOBAL_UNIT_ASSIGNED_CONTEXT ( ( #4742, #77, #7135 ) ) REPRESENTATION_CONTEXT ( 'NONE', 'WORKASPACE' ) );
#2161 = COLOUR_RGB ( '',0.7686274509803920907, 0.7686274509803920907, 0.7686274509803920907 ) ;
#2162 = ORIENTED_EDGE ( 'NONE', *, *, #4826, .F. ) ;
#2163 = PRESENTATION_LAYER_ASSIGNMENT (  '', '', ( #8992 ) ) ;
#2164 = CARTESIAN_POINT ( 'NONE',  ( -1.450000000000020828, -0.05000000000000000278, -2.050000000000000266 ) ) ;
#2165 = DIRECTION ( 'NONE',  ( 0.000000000000000000, 0.000000000000000000, 1.000000000000000000 ) ) ;
#2166 = PLANE ( 'NONE',  #6782 ) ;
#2167 = EDGE_CURVE ( 'NONE', #5416, #1737, #5307, .T. ) ;
#2168 = EDGE_LOOP ( 'NONE', ( #6061, #5710, #7964, #3115 ) ) ;
#2169 = ORIENTED_EDGE ( 'NONE', *, *, #10073, .F. ) ;
#2170 = AXIS2_PLACEMENT_3D ( 'NONE', #9860, #7379, #178 ) ;
#2171 = PRESENTATION_LAYER_ASSIGNMENT (  '', '', ( #8345 ) ) ;
#2172 = SURFACE_STYLE_FILL_AREA ( #3006 ) ;
#2173 = PRESENTATION_STYLE_ASSIGNMENT (( #6158 ) ) ;
#2174 = ADVANCED_FACE ( 'NONE', ( #6098 ), #2047, .F. ) ;
#2175 = VERTEX_POINT ( 'NONE', #1709 ) ;
#2176 = CARTESIAN_POINT ( 'NONE',  ( 2.050000000000000266, -0.05000000000000000278, 0.5000000000000001110 ) ) ;
#2177 = STYLED_ITEM ( 'NONE', ( #9374 ), #10082 ) ;
#2178 = STYLED_ITEM ( 'NONE', ( #2239 ), #4791 ) ;
#2179 = VERTEX_POINT ( 'NONE', #1561 ) ;
#2180 = DIRECTION ( 'NONE',  ( 0.000000000000000000, -1.000000000000000000, 0.000000000000000000 ) ) ;
#2181 = STYLED_ITEM ( 'NONE', ( #128 ), #3313 ) ;
#2182 = ORIENTED_EDGE ( 'NONE', *, *, #6180, .T. ) ;
#2183 =( NAMED_UNIT ( * ) SI_UNIT ( $, .STERADIAN. ) SOLID_ANGLE_UNIT ( ) );
#2184 =( LENGTH_UNIT ( ) NAMED_UNIT ( * ) SI_UNIT ( .MILLI., .METRE. ) );
#2185 = COLOUR_RGB ( '',0.7686274509803920907, 0.7686274509803920907, 0.7686274509803920907 ) ;
#2186 = FILL_AREA_STYLE ('',( #3167 ) ) ;
#2187 = FILL_AREA_STYLE ('',( #8563 ) ) ;
#2188 = VECTOR ( 'NONE', #5453, 1000.000000000000000 ) ;
#2189 = AXIS2_PLACEMENT_3D ( 'NONE', #5377, #8649, #10248 ) ;
#2190 = UNCERTAINTY_MEASURE_WITH_UNIT (LENGTH_MEASURE( 1.000000000000000082E-05 ), #8969, 'distance_accuracy_value', 'NONE');
#2191 = FILL_AREA_STYLE ('',( #7064 ) ) ;
#2192 = DIRECTION ( 'NONE',  ( -0.000000000000000000, 1.000000000000000000, -0.000000000000000000 ) ) ;
#2193 = STYLED_ITEM ( 'NONE', ( #3695 ), #5007 ) ;
#2194 = PRESENTATION_LAYER_ASSIGNMENT (  '', '', ( #6706 ) ) ;
#2195 = PLANE ( 'NONE',  #8304 ) ;
#2196 =( GEOMETRIC_REPRESENTATION_CONTEXT ( 3 ) GLOBAL_UNCERTAINTY_ASSIGNED_CONTEXT ( ( #818 ) ) GLOBAL_UNIT_ASSIGNED_CONTEXT ( ( #5253, #1987, #8222 ) ) REPRESENTATION_CONTEXT ( 'NONE', 'WORKASPACE' ) );
#2197 = FILL_AREA_STYLE_COLOUR ( '', #1452 ) ;
#2198 = LINE ( 'NONE', #1241, #5322 ) ;
#2199 = DIRECTION ( 'NONE',  ( 1.000000000000000000, 0.000000000000000000, -0.000000000000000000 ) ) ;
#2200 = ORIENTED_EDGE ( 'NONE', *, *, #940, .F. ) ;
#2201 = DIRECTION ( 'NONE',  ( 0.000000000000000000, -0.000000000000000000, -1.000000000000000000 ) ) ;
#2202 = EDGE_CURVE ( 'NONE', #1893, #1983, #8092, .T. ) ;
#2203 = VECTOR ( 'NONE', #7408, 1000.000000000000000 ) ;
#2204 = ADVANCED_FACE ( 'NONE', ( #10346 ), #9450, .T. ) ;
#2205 = PRESENTATION_LAYER_ASSIGNMENT (  '', '', ( #8550 ) ) ;
#2206 = DIRECTION ( 'NONE',  ( 0.000000000000000000, 0.000000000000000000, 1.000000000000000000 ) ) ;
#2207 =( NAMED_UNIT ( * ) SI_UNIT ( $, .STERADIAN. ) SOLID_ANGLE_UNIT ( ) );
#2208 = CARTESIAN_POINT ( 'NONE',  ( 1.450000000000020828, -1.355252715606880543E-17, 2.000000000000000000 ) ) ;
#2209 = FILL_AREA_STYLE ('',( #9355 ) ) ;
#2210 = ORIENTED_EDGE ( 'NONE', *, *, #1069, .F. ) ;
#2211 = AXIS2_PLACEMENT_3D ( 'NONE', #522, #2996, #6204 ) ;
#2212 = CARTESIAN_POINT ( 'NONE',  ( 1.200000000000004619, -0.05000000000000000278, -0.3500000000000004774 ) ) ;
#2213 = CARTESIAN_POINT ( 'NONE',  ( 2.000000000000000000, 0.1499999999999999944, -0.2999999999999999334 ) ) ;
#2214 = EDGE_LOOP ( 'NONE', ( #1480, #7449, #1994, #9500 ) ) ;
#2215 = UNCERTAINTY_MEASURE_WITH_UNIT (LENGTH_MEASURE( 1.000000000000000082E-05 ), #8785, 'distance_accuracy_value', 'NONE');
#2216 =( LENGTH_UNIT ( ) NAMED_UNIT ( * ) SI_UNIT ( .MILLI., .METRE. ) );
#2217 = LINE ( 'NONE', #4564, #5806 ) ;
#2218 = FACE_OUTER_BOUND ( 'NONE', #8437, .T. ) ;
#2219 = DIRECTION ( 'NONE',  ( 0.000000000000000000, -1.000000000000000000, 0.000000000000000000 ) ) ;
#2220 = ORIENTED_EDGE ( 'NONE', *, *, #7268, .T. ) ;
#2221 = DIRECTION ( 'NONE',  ( 0.000000000000000000, 0.000000000000000000, -1.000000000000000000 ) ) ;
#2222 = CARTESIAN_POINT ( 'NONE',  ( -0.7499999999999793499, -0.05000000000000000278, 1.599999999999999867 ) ) ;
#2223 = DIRECTION ( 'NONE',  ( -0.000000000000000000, 1.000000000000000000, -0.000000000000000000 ) ) ;
#2224 = SURFACE_STYLE_USAGE ( .BOTH. , #8442 ) ;
#2225 = ORIENTED_EDGE ( 'NONE', *, *, #1759, .T. ) ;
#2226 = ORIENTED_EDGE ( 'NONE', *, *, #7319, .F. ) ;
#2227 = UNCERTAINTY_MEASURE_WITH_UNIT (LENGTH_MEASURE( 1.000000000000000082E-05 ), #1638, 'distance_accuracy_value', 'NONE');
#2228 = EDGE_LOOP ( 'NONE', ( #7596, #5954, #10114, #1167 ) ) ;
#2229 = LINE ( 'NONE', #1329, #9353 ) ;
#2230 =( NAMED_UNIT ( * ) SI_UNIT ( $, .STERADIAN. ) SOLID_ANGLE_UNIT ( ) );
#2231 = EDGE_CURVE ( 'NONE', #8851, #8847, #9661, .T. ) ;
#2232 = SURFACE_STYLE_USAGE ( .BOTH. , #8600 ) ;
#2233 = ORIENTED_EDGE ( 'NONE', *, *, #3603, .T. ) ;
#2234 = CARTESIAN_POINT ( 'NONE',  ( 0.7000000000000209388, 0.000000000000000000, -2.000000000000000000 ) ) ;
#2235 = CARTESIAN_POINT ( 'NONE',  ( -0.3499999999999792166, -0.05000000000000000278, 1.599999999999999645 ) ) ;
#2236 = DIRECTION ( 'NONE',  ( 0.000000000000000000, 0.000000000000000000, 1.000000000000000000 ) ) ;
#2237 = ORIENTED_EDGE ( 'NONE', *, *, #9109, .T. ) ;
#2238 = LINE ( 'NONE', #5424, #7986 ) ;
#2239 = PRESENTATION_STYLE_ASSIGNMENT (( #3118 ) ) ;
#2240 = CARTESIAN_POINT ( 'NONE',  ( 1.249999999999967581, 0.000000000000000000, -1.250000000000000222 ) ) ;
#2241 = CARTESIAN_POINT ( 'NONE',  ( 0.7000000000000209388, -1.355252715606880543E-17, 2.000000000000000000 ) ) ;
#2242 = ADVANCED_FACE ( 'NONE', ( #3154 ), #5511, .F. ) ;
#2243 = EDGE_CURVE ( 'NONE', #1004, #369, #4883, .T. ) ;
#2244 = DIRECTION ( 'NONE',  ( 1.000000000000000000, 0.000000000000000000, 0.000000000000000000 ) ) ;
#2245 = CARTESIAN_POINT ( 'NONE',  ( 2.050000000000000266, -0.05000000000000000278, 1.100000000000000089 ) ) ;
#2246 =( LENGTH_UNIT ( ) NAMED_UNIT ( * ) SI_UNIT ( .MILLI., .METRE. ) );
#2247 = FILL_AREA_STYLE_COLOUR ( '', #7947 ) ;
#2248 = ORIENTED_EDGE ( 'NONE', *, *, #2835, .F. ) ;
#2249 = PRESENTATION_STYLE_ASSIGNMENT (( #5549 ) ) ;
#2250 = FACE_OUTER_BOUND ( 'NONE', #384, .T. ) ;
#2251 =( NAMED_UNIT ( * ) SI_UNIT ( $, .STERADIAN. ) SOLID_ANGLE_UNIT ( ) );
#2252 = CARTESIAN_POINT ( 'NONE',  ( -2.000000000000001776, -0.05000000000000000278, 0.3999999999999995226 ) ) ;
#2253 = CARTESIAN_POINT ( 'NONE',  ( -0.05000000000001222911, -0.05000000000000000278, 1.649999999999967049 ) ) ;
#2254 = CARTESIAN_POINT ( 'NONE',  ( 2.050000000000000266, 0.1499999999999999944, 0.9000000000000002442 ) ) ;
#2255 = ORIENTED_EDGE ( 'NONE', *, *, #3429, .T. ) ;
#2256 = EDGE_CURVE ( 'NONE', #8889, #2836, #2615, .T. ) ;
#2257 = LINE ( 'NONE', #9593, #1293 ) ;
#2258 = FILL_AREA_STYLE ('',( #708 ) ) ;
#2259 = ORIENTED_EDGE ( 'NONE', *, *, #5623, .T. ) ;
#2260 = PRESENTATION_STYLE_ASSIGNMENT (( #762 ) ) ;
#2261 = FILL_AREA_STYLE_COLOUR ( '', #5320 ) ;
#2262 = CARTESIAN_POINT ( 'NONE',  ( -0.5500000000000038192, -0.05000000000000000278, 1.199999999999999734 ) ) ;
#2263 = ORIENTED_EDGE ( 'NONE', *, *, #2386, .F. ) ;
#2264 = PLANE ( 'NONE',  #10342 ) ;
#2265 = CARTESIAN_POINT ( 'NONE',  ( 1.400000000000053868, -0.05000000000000000278, -1.600000000000024070 ) ) ;
#2266 = LINE ( 'NONE', #8637, #6160 ) ;
#2267 =( LENGTH_UNIT ( ) NAMED_UNIT ( * ) SI_UNIT ( .MILLI., .METRE. ) );
#2268 = DIRECTION ( 'NONE',  ( 0.000000000000000000, 0.000000000000000000, -1.000000000000000000 ) ) ;
#2269 = ORIENTED_EDGE ( 'NONE', *, *, #2467, .T. ) ;
#2270 = EDGE_CURVE ( 'NONE', #5947, #2317, #5195, .T. ) ;
#2271 = EDGE_CURVE ( 'NONE', #3063, #3977, #5084, .T. ) ;
#2272 = ORIENTED_EDGE ( 'NONE', *, *, #9496, .T. ) ;
#2273 = DIRECTION ( 'NONE',  ( -1.000000000000000000, -0.000000000000000000, -0.000000000000000000 ) ) ;
#2274 = SURFACE_STYLE_USAGE ( .BOTH. , #7904 ) ;
#2275 = EDGE_LOOP ( 'NONE', ( #3752, #8428, #933, #2036 ) ) ;
#2276 = FACE_OUTER_BOUND ( 'NONE', #9246, .T. ) ;
#2277 = VECTOR ( 'NONE', #3207, 1000.000000000000000 ) ;
#2278 = ORIENTED_EDGE ( 'NONE', *, *, #4446, .F. ) ;
#2279 = CARTESIAN_POINT ( 'NONE',  ( -0.8999999999999794831, 0.000000000000000000, -1.649999999999999911 ) ) ;
#2280 = CARTESIAN_POINT ( 'NONE',  ( -0.6999999999999791944, -1.355252715606880543E-17, -2.000000000000000000 ) ) ;
#2281 = VECTOR ( 'NONE', #1553, 1000.000000000000000 ) ;
#2282 = PRESENTATION_LAYER_ASSIGNMENT (  '', '', ( #10270 ) ) ;
#2283 = CARTESIAN_POINT ( 'NONE',  ( -1.199999999999946443, -0.05000000000000000278, -1.649999999999966827 ) ) ;
#2284 = ORIENTED_EDGE ( 'NONE', *, *, #9766, .T. ) ;
#2285 = CARTESIAN_POINT ( 'NONE',  ( -1.400000000000012124, -0.05000000000000000278, -1.649999999999966827 ) ) ;
#2286 = DIRECTION ( 'NONE',  ( -1.000000000000000000, -0.000000000000000000, -0.000000000000000000 ) ) ;
#2287 = CARTESIAN_POINT ( 'NONE',  ( -2.000000000000000000, -1.355252715606880543E-17, 0.1499999999999995226 ) ) ;
#2288 = UNCERTAINTY_MEASURE_WITH_UNIT (LENGTH_MEASURE( 1.000000000000000082E-05 ), #2732, 'distance_accuracy_value', 'NONE');
#2289 = PRESENTATION_LAYER_ASSIGNMENT (  '', '', ( #6795 ) ) ;
#2290 = CARTESIAN_POINT ( 'NONE',  ( 1.200000000000006839, -0.05000000000000000278, -1.249999999999999778 ) ) ;
#2291 = FACE_OUTER_BOUND ( 'NONE', #6667, .T. ) ;
#2292 =( LENGTH_UNIT ( ) NAMED_UNIT ( * ) SI_UNIT ( .MILLI., .METRE. ) );
#2293 = EDGE_CURVE ( 'NONE', #9407, #4004, #225, .T. ) ;
#2294 = FILL_AREA_STYLE_COLOUR ( '', #6153 ) ;
#2295 = CARTESIAN_POINT ( 'NONE',  ( 2.050000000000000266, -0.05000000000000000278, 1.100000000000000089 ) ) ;
#2296 = CARTESIAN_POINT ( 'NONE',  ( -2.050000000000000266, 0.1499999999999999944, -0.4000000000000005218 ) ) ;
#2297 = EDGE_LOOP ( 'NONE', ( #7177, #7715, #3640, #9601 ) ) ;
#2298 = DIRECTION ( 'NONE',  ( 0.000000000000000000, 0.000000000000000000, 1.000000000000000000 ) ) ;
#2299 = STYLED_ITEM ( 'NONE', ( #6138 ), #8984 ) ;
#2300 = MECHANICAL_DESIGN_GEOMETRIC_PRESENTATION_REPRESENTATION (  '', ( #6481 ), #92 ) ;
#2301 = VECTOR ( 'NONE', #10031, 1000.000000000000000 ) ;
#2302 = EDGE_CURVE ( 'NONE', #7381, #7564, #5814, .T. ) ;
#2303 = LINE ( 'NONE', #167, #2203 ) ;
#2304 = VECTOR ( 'NONE', #2662, 1000.000000000000000 ) ;
#2305 = LINE ( 'NONE', #552, #8025 ) ;
#2306 = DIRECTION ( 'NONE',  ( 0.000000000000000000, 0.000000000000000000, 1.000000000000000000 ) ) ;
#2307 = ORIENTED_EDGE ( 'NONE', *, *, #6268, .F. ) ;
#2308 = CARTESIAN_POINT ( 'NONE',  ( -0.5000000000000018874, 0.000000000000000000, 0.4499999999999999001 ) ) ;
#2309 = DIRECTION ( 'NONE',  ( -0.000000000000000000, -1.000000000000000000, 0.000000000000000000 ) ) ;
#2310 = ORIENTED_EDGE ( 'NONE', *, *, #6738, .T. ) ;
#2311 = COLOUR_RGB ( '',0.7686274509803920907, 0.7686274509803920907, 0.7686274509803920907 ) ;
#2312 = UNCERTAINTY_MEASURE_WITH_UNIT (LENGTH_MEASURE( 1.000000000000000082E-05 ), #7476, 'distance_accuracy_value', 'NONE');
#2313 = STYLED_ITEM ( 'NONE', ( #350 ), #1092 ) ;
#2314 = CARTESIAN_POINT ( 'NONE',  ( -1.450000000000020828, 0.1499999999999999944, 2.050000000000000266 ) ) ;
#2315 = SURFACE_STYLE_FILL_AREA ( #1314 ) ;
#2316 = SURFACE_STYLE_FILL_AREA ( #5563 ) ;
#2317 = VERTEX_POINT ( 'NONE', #1764 ) ;
#2318 =( GEOMETRIC_REPRESENTATION_CONTEXT ( 3 ) GLOBAL_UNCERTAINTY_ASSIGNED_CONTEXT ( ( #5331 ) ) GLOBAL_UNIT_ASSIGNED_CONTEXT ( ( #7709, #9220, #3062 ) ) REPRESENTATION_CONTEXT ( 'NONE', 'WORKASPACE' ) );
#2319 = PRESENTATION_STYLE_ASSIGNMENT (( #6346 ) ) ;
#2320 = CIRCLE ( 'NONE', #1798, 0.04999999999996716793 ) ;
#2321 = FILL_AREA_STYLE_COLOUR ( '', #340 ) ;
#2322 = SURFACE_STYLE_FILL_AREA ( #4521 ) ;
#2323 = PRESENTATION_LAYER_ASSIGNMENT (  '', '', ( #7479 ) ) ;
#2324 = ORIENTED_EDGE ( 'NONE', *, *, #812, .F. ) ;
#2325 = ORIENTED_EDGE ( 'NONE', *, *, #1334, .T. ) ;
#2326 = UNCERTAINTY_MEASURE_WITH_UNIT (LENGTH_MEASURE( 1.000000000000000082E-05 ), #3128, 'distance_accuracy_value', 'NONE');
#2327 = DIRECTION ( 'NONE',  ( 0.000000000000000000, -1.000000000000000000, 0.000000000000000000 ) ) ;
#2328 =( NAMED_UNIT ( * ) PLANE_ANGLE_UNIT ( ) SI_UNIT ( $, .RADIAN. ) );
#2329 = ORIENTED_EDGE ( 'NONE', *, *, #10089, .F. ) ;
#2330 = LINE ( 'NONE', #10298, #9839 ) ;
#2331 = AXIS2_PLACEMENT_3D ( 'NONE', #454, #9150, #398 ) ;
#2332 = DIRECTION ( 'NONE',  ( -1.000000000000000000, 0.000000000000000000, 0.000000000000000000 ) ) ;
#2333 = EDGE_CURVE ( 'NONE', #2672, #3418, #1875, .T. ) ;
#2334 = EDGE_CURVE ( 'NONE', #1629, #5354, #287, .T. ) ;
#2335 = EDGE_LOOP ( 'NONE', ( #837, #621, #1799, #2019 ) ) ;
#2336 = FACE_OUTER_BOUND ( 'NONE', #4897, .T. ) ;
#2337 =( NAMED_UNIT ( * ) PLANE_ANGLE_UNIT ( ) SI_UNIT ( $, .RADIAN. ) );
#2338 = PRESENTATION_LAYER_ASSIGNMENT (  '', '', ( #6858 ) ) ;
#2339 =( GEOMETRIC_REPRESENTATION_CONTEXT ( 3 ) GLOBAL_UNCERTAINTY_ASSIGNED_CONTEXT ( ( #9105 ) ) GLOBAL_UNIT_ASSIGNED_CONTEXT ( ( #8085, #972, #117 ) ) REPRESENTATION_CONTEXT ( 'NONE', 'WORKASPACE' ) );
#2340 = FACE_OUTER_BOUND ( 'NONE', #5451, .T. ) ;
#2341 = ORIENTED_EDGE ( 'NONE', *, *, #44, .F. ) ;
#2342 = SURFACE_STYLE_USAGE ( .BOTH. , #2542 ) ;
#2343 =( NAMED_UNIT ( * ) PLANE_ANGLE_UNIT ( ) SI_UNIT ( $, .RADIAN. ) );
#2344 = CARTESIAN_POINT ( 'NONE',  ( 0.9000000000000208944, 0.1499999999999999944, -2.050000000000000266 ) ) ;
#2345 = SURFACE_STYLE_FILL_AREA ( #8564 ) ;
#2346 = VECTOR ( 'NONE', #8880, 1000.000000000000000 ) ;
#2347 =( GEOMETRIC_REPRESENTATION_CONTEXT ( 3 ) GLOBAL_UNCERTAINTY_ASSIGNED_CONTEXT ( ( #7046 ) ) GLOBAL_UNIT_ASSIGNED_CONTEXT ( ( #6743, #9177, #1719 ) ) REPRESENTATION_CONTEXT ( 'NONE', 'WORKASPACE' ) );
#2348 = MECHANICAL_DESIGN_GEOMETRIC_PRESENTATION_REPRESENTATION (  '', ( #978 ), #10335 ) ;
#2349 = DIRECTION ( 'NONE',  ( 1.000000000000000000, -0.000000000000000000, -0.000000000000000000 ) ) ;
#2350 = VECTOR ( 'NONE', #984, 1000.000000000000000 ) ;
#2351 = DIRECTION ( 'NONE',  ( 0.000000000000000000, 0.000000000000000000, 1.000000000000000000 ) ) ;
#2352 = VECTOR ( 'NONE', #10150, 1000.000000000000000 ) ;
#2353 = VECTOR ( 'NONE', #4790, 1000.000000000000000 ) ;
#2354 = DIRECTION ( 'NONE',  ( 0.000000000000000000, 0.000000000000000000, -1.000000000000000000 ) ) ;
#2355 = AXIS2_PLACEMENT_3D ( 'NONE', #4520, #5259, #520 ) ;
#2356 = LINE ( 'NONE', #3131, #2817 ) ;
#2357 = VECTOR ( 'NONE', #188, 1000.000000000000000 ) ;
#2358 = ORIENTED_EDGE ( 'NONE', *, *, #2999, .T. ) ;
#2359 = DIRECTION ( 'NONE',  ( 0.000000000000000000, 0.000000000000000000, 1.000000000000000000 ) ) ;
#2360 = EDGE_CURVE ( 'NONE', #3892, #1220, #344, .T. ) ;
#2361 = PRESENTATION_LAYER_ASSIGNMENT (  '', '', ( #8016 ) ) ;
#2362 = DIRECTION ( 'NONE',  ( 0.000000000000000000, -1.000000000000000000, 0.000000000000000000 ) ) ;
#2363 = COLOUR_RGB ( '',0.7686274509803920907, 0.7686274509803920907, 0.7686274509803920907 ) ;
#2364 = SURFACE_STYLE_USAGE ( .BOTH. , #9588 ) ;
#2365 = STYLED_ITEM ( 'NONE', ( #7745 ), #5384 ) ;
#2366 = CARTESIAN_POINT ( 'NONE',  ( 1.199999999999997735, 0.000000000000000000, 0.8499999999999996447 ) ) ;
#2367 =( NAMED_UNIT ( * ) PLANE_ANGLE_UNIT ( ) SI_UNIT ( $, .RADIAN. ) );
#2368 = ORIENTED_EDGE ( 'NONE', *, *, #6610, .F. ) ;
#2369 = DIRECTION ( 'NONE',  ( 0.000000000000000000, 1.000000000000000000, 0.000000000000000000 ) ) ;
#2370 = DIRECTION ( 'NONE',  ( -0.000000000000000000, 1.000000000000000000, -0.000000000000000000 ) ) ;
#2371 = SURFACE_SIDE_STYLE ('',( #10182 ) ) ;
#2372 = ORIENTED_EDGE ( 'NONE', *, *, #7900, .F. ) ;
#2373 = DIRECTION ( 'NONE',  ( -0.000000000000000000, -0.000000000000000000, -1.000000000000000000 ) ) ;
#2374 = EDGE_CURVE ( 'NONE', #9564, #8772, #4378, .T. ) ;
#2375 = COLOUR_RGB ( '',0.7921568627450980005, 0.8196078431372548767, 0.9333333333333333481 ) ;
#2376 = MECHANICAL_DESIGN_GEOMETRIC_PRESENTATION_REPRESENTATION (  '', ( #5043 ), #7872 ) ;
#2377 = CARTESIAN_POINT ( 'NONE',  ( 0.8500000000000205169, -0.05000000000000000278, -1.599999999999999867 ) ) ;
#2378 = EDGE_CURVE ( 'NONE', #8616, #4396, #7531, .T. ) ;
#2379 = ORIENTED_EDGE ( 'NONE', *, *, #5010, .T. ) ;
#2380 = LINE ( 'NONE', #10193, #493 ) ;
#2381 = COLOUR_RGB ( '',0.7686274509803920907, 0.7686274509803920907, 0.7686274509803920907 ) ;
#2382 =( NAMED_UNIT ( * ) PLANE_ANGLE_UNIT ( ) SI_UNIT ( $, .RADIAN. ) );
#2383 = ORIENTED_EDGE ( 'NONE', *, *, #7335, .F. ) ;
#2384 = ORIENTED_EDGE ( 'NONE', *, *, #9844, .F. ) ;
#2385 =( LENGTH_UNIT ( ) NAMED_UNIT ( * ) SI_UNIT ( .MILLI., .METRE. ) );
#2386 = EDGE_CURVE ( 'NONE', #7261, #9224, #4357, .T. ) ;
#2387 = EDGE_LOOP ( 'NONE', ( #5218, #8939, #3298, #339 ) ) ;
#2388 = FACE_OUTER_BOUND ( 'NONE', #9521, .T. ) ;
#2389 = CARTESIAN_POINT ( 'NONE',  ( -2.050000000000000266, -0.05000000000000000278, -0.4000000000000005218 ) ) ;
#2390 = EDGE_LOOP ( 'NONE', ( #9833, #6755, #8116, #2182 ) ) ;
#2391 = LINE ( 'NONE', #10366, #4632 ) ;
#2392 = SURFACE_STYLE_FILL_AREA ( #9867 ) ;
#2393 = ORIENTED_EDGE ( 'NONE', *, *, #8832, .F. ) ;
#2394 = EDGE_CURVE ( 'NONE', #7159, #10137, #8216, .T. ) ;
#2395 =( NAMED_UNIT ( * ) PLANE_ANGLE_UNIT ( ) SI_UNIT ( $, .RADIAN. ) );
#2396 = CARTESIAN_POINT ( 'NONE',  ( -0.6999999999999791944, -0.05000000000000000278, -2.050000000000000266 ) ) ;
#2397 = ADVANCED_FACE ( 'NONE', ( #2715 ), #9906, .F. ) ;
#2398 = LINE ( 'NONE', #8861, #3516 ) ;
#2399 = UNCERTAINTY_MEASURE_WITH_UNIT (LENGTH_MEASURE( 1.000000000000000082E-05 ), #2884, 'distance_accuracy_value', 'NONE');
#2400 = SURFACE_SIDE_STYLE ('',( #7826 ) ) ;
#2401 = EDGE_CURVE ( 'NONE', #9985, #1272, #7051, .T. ) ;
#2402 = CARTESIAN_POINT ( 'NONE',  ( 1.200000000000008837, -0.05000000000000000278, -0.8499999999999997558 ) ) ;
#2403 =( NAMED_UNIT ( * ) PLANE_ANGLE_UNIT ( ) SI_UNIT ( $, .RADIAN. ) );
#2404 = VERTEX_POINT ( 'NONE', #7625 ) ;
#2405 = FACE_OUTER_BOUND ( 'NONE', #10231, .T. ) ;
#2406 = DIRECTION ( 'NONE',  ( 0.000000000000000000, 0.000000000000000000, 1.000000000000000000 ) ) ;
#2407 = ORIENTED_EDGE ( 'NONE', *, *, #1439, .F. ) ;
#2408 = LINE ( 'NONE', #9550, #9274 ) ;
#2409 = FACE_OUTER_BOUND ( 'NONE', #7320, .T. ) ;
#2410 = ORIENTED_EDGE ( 'NONE', *, *, #5889, .F. ) ;
#2411 = UNCERTAINTY_MEASURE_WITH_UNIT (LENGTH_MEASURE( 1.000000000000000082E-05 ), #7545, 'distance_accuracy_value', 'NONE');
#2412 = PRESENTATION_STYLE_ASSIGNMENT (( #9552 ) ) ;
#2413 = ORIENTED_EDGE ( 'NONE', *, *, #207, .T. ) ;
#2414 = SURFACE_STYLE_USAGE ( .BOTH. , #8697 ) ;
#2415 = PLANE ( 'NONE',  #5540 ) ;
#2416 =( NAMED_UNIT ( * ) PLANE_ANGLE_UNIT ( ) SI_UNIT ( $, .RADIAN. ) );
#2417 = VERTEX_POINT ( 'NONE', #9352 ) ;
#2418 = EDGE_CURVE ( 'NONE', #5998, #3518, #4598, .T. ) ;
#2419 = EDGE_CURVE ( 'NONE', #5558, #3986, #2873, .T. ) ;
#2420 = ORIENTED_EDGE ( 'NONE', *, *, #10208, .F. ) ;
#2421 = UNCERTAINTY_MEASURE_WITH_UNIT (LENGTH_MEASURE( 1.000000000000000082E-05 ), #3430, 'distance_accuracy_value', 'NONE');
#2422 = FILL_AREA_STYLE ('',( #3951 ) ) ;
#2423 = ORIENTED_EDGE ( 'NONE', *, *, #5831, .T. ) ;
#2424 = SURFACE_STYLE_FILL_AREA ( #2186 ) ;
#2425 = LINE ( 'NONE', #7907, #4340 ) ;
#2426 = DIRECTION ( 'NONE',  ( 0.000000000000000000, 0.000000000000000000, 1.000000000000000000 ) ) ;
#2427 = EDGE_LOOP ( 'NONE', ( #5722, #550, #9031, #2014, #4890, #9966 ) ) ;
#2428 = SURFACE_STYLE_USAGE ( .BOTH. , #10365 ) ;
#2429 = ADVANCED_FACE ( 'NONE', ( #6129 ), #3037, .F. ) ;
#2430 =( NAMED_UNIT ( * ) PLANE_ANGLE_UNIT ( ) SI_UNIT ( $, .RADIAN. ) );
#2431 =( NAMED_UNIT ( * ) PLANE_ANGLE_UNIT ( ) SI_UNIT ( $, .RADIAN. ) );
#2432 = ORIENTED_EDGE ( 'NONE', *, *, #5480, .T. ) ;
#2433 = PRESENTATION_STYLE_ASSIGNMENT (( #9682 ) ) ;
#2434 = FACE_BOUND ( 'NONE', #8126, .T. ) ;
#2435 = MECHANICAL_DESIGN_GEOMETRIC_PRESENTATION_REPRESENTATION (  '', ( #1082 ), #48 ) ;
#2436 = LINE ( 'NONE', #5620, #4687 ) ;
#2437 =( LENGTH_UNIT ( ) NAMED_UNIT ( * ) SI_UNIT ( .MILLI., .METRE. ) );
#2438 = CARTESIAN_POINT ( 'NONE',  ( 0.9000000000000208944, 0.000000000000000000, -1.649999999999999911 ) ) ;
#2439 = PRESENTATION_STYLE_ASSIGNMENT (( #3877 ) ) ;
#2440 = LINE ( 'NONE', #9693, #7616 ) ;
#2441 = DIRECTION ( 'NONE',  ( -0.000000000000000000, 0.000000000000000000, -1.000000000000000000 ) ) ;
#2442 = VERTEX_POINT ( 'NONE', #3676 ) ;
#2443 = SURFACE_STYLE_USAGE ( .BOTH. , #697 ) ;
#2445 = VECTOR ( 'NONE', #5283, 1000.000000000000000 ) ;
#2444 = SURFACE_STYLE_USAGE ( .BOTH. , #7784 ) ;
#2446 = COLOUR_RGB ( '',0.7686274509803920907, 0.7686274509803920907, 0.7686274509803920907 ) ;
#2447 = FILL_AREA_STYLE ('',( #7925 ) ) ;
#2448 = ADVANCED_FACE ( 'NONE', ( #4556 ), #3615, .F. ) ;
#2449 = EDGE_CURVE ( 'NONE', #10048, #2674, #6375, .T. ) ;
#2450 = DIRECTION ( 'NONE',  ( -1.000000000000000000, 0.000000000000000000, -0.000000000000000000 ) ) ;
#2451 = PRESENTATION_STYLE_ASSIGNMENT (( #2364 ) ) ;
#2452 = CIRCLE ( 'NONE', #5621, 0.04999999999995480976 ) ;
#2453 = AXIS2_PLACEMENT_3D ( 'NONE', #7887, #2362, #3136 ) ;
#2454 = PRESENTATION_STYLE_ASSIGNMENT (( #903 ) ) ;
#2455 =( GEOMETRIC_REPRESENTATION_CONTEXT ( 3 ) GLOBAL_UNCERTAINTY_ASSIGNED_CONTEXT ( ( #3897 ) ) GLOBAL_UNIT_ASSIGNED_CONTEXT ( ( #4915, #111, #4193 ) ) REPRESENTATION_CONTEXT ( 'NONE', 'WORKASPACE' ) );
#2456 = CARTESIAN_POINT ( 'NONE',  ( 2.000000000000000000, 0.000000000000000000, 2.000000000000000000 ) ) ;
#2457 = LINE ( 'NONE', #5646, #7171 ) ;
#2458 = ORIENTED_EDGE ( 'NONE', *, *, #4710, .F. ) ;
#2459 = DIRECTION ( 'NONE',  ( -0.000000000000000000, -1.355252715606880049E-16, 1.000000000000000000 ) ) ;
#2460 = COLOUR_RGB ( '',0.7686274509803920907, 0.7686274509803920907, 0.7686274509803920907 ) ;
#2461 = ORIENTED_EDGE ( 'NONE', *, *, #5081, .F. ) ;
#2462 =( NAMED_UNIT ( * ) PLANE_ANGLE_UNIT ( ) SI_UNIT ( $, .RADIAN. ) );
#2463 = SURFACE_STYLE_FILL_AREA ( #10349 ) ;
#2464 = EDGE_LOOP ( 'NONE', ( #1247, #2053, #309, #3646, #9257, #4879 ) ) ;
#2465 = AXIS2_PLACEMENT_3D ( 'NONE', #3575, #5360, #5252 ) ;
#2466 = STYLED_ITEM ( 'NONE', ( #36 ), #728 ) ;
#2467 = EDGE_CURVE ( 'NONE', #3407, #3221, #6033, .T. ) ;
#2468 =( GEOMETRIC_REPRESENTATION_CONTEXT ( 3 ) GLOBAL_UNCERTAINTY_ASSIGNED_CONTEXT ( ( #721 ) ) GLOBAL_UNIT_ASSIGNED_CONTEXT ( ( #5741, #8034, #3381 ) ) REPRESENTATION_CONTEXT ( 'NONE', 'WORKASPACE' ) );
#2469 = ORIENTED_EDGE ( 'NONE', *, *, #351, .F. ) ;
#2470 = FILL_AREA_STYLE_COLOUR ( '', #8813 ) ;
#2471 = ORIENTED_EDGE ( 'NONE', *, *, #940, .T. ) ;
#2472 = PLANE ( 'NONE',  #4693 ) ;
#2473 = LINE ( 'NONE', #5674, #6360 ) ;
#2474 = STYLED_ITEM ( 'NONE', ( #3764 ), #9184 ) ;
#2475 = ORIENTED_EDGE ( 'NONE', *, *, #1251, .T. ) ;
#2476 = LINE ( 'NONE', #4164, #8183 ) ;
#2477 = EDGE_CURVE ( 'NONE', #7655, #2103, #10025, .T. ) ;
#2478 = VERTEX_POINT ( 'NONE', #1503 ) ;
#2479 = LINE ( 'NONE', #5680, #4494 ) ;
#2480 = STYLED_ITEM ( 'NONE', ( #5359 ), #1178 ) ;
#2481 = FACE_OUTER_BOUND ( 'NONE', #2777, .T. ) ;
#2482 = DIRECTION ( 'NONE',  ( 0.000000000000000000, -1.000000000000000000, 0.000000000000000000 ) ) ;
#2483 = COLOUR_RGB ( '',0.7686274509803920907, 0.7686274509803920907, 0.7686274509803920907 ) ;
#2484 = EDGE_CURVE ( 'NONE', #6770, #9407, #10332, .T. ) ;
#2485 = FILL_AREA_STYLE ('',( #8122 ) ) ;
#2486 = AXIS2_PLACEMENT_3D ( 'NONE', #6659, #1157, #4159 ) ;
#2487 = DIRECTION ( 'NONE',  ( 1.000000000000000000, 0.000000000000000000, 9.035018104045875625E-17 ) ) ;
#2488 = FACE_OUTER_BOUND ( 'NONE', #709, .T. ) ;
#2489 =( GEOMETRIC_REPRESENTATION_CONTEXT ( 3 ) GLOBAL_UNCERTAINTY_ASSIGNED_CONTEXT ( ( #2086 ) ) GLOBAL_UNIT_ASSIGNED_CONTEXT ( ( #8615, #7883, #9487 ) ) REPRESENTATION_CONTEXT ( 'NONE', 'WORKASPACE' ) );
#2490 = CARTESIAN_POINT ( 'NONE',  ( -0.4999999999999942824, 0.000000000000000000, -0.6500000000000001332 ) ) ;
#2491 = DIRECTION ( 'NONE',  ( 0.000000000000000000, 0.000000000000000000, -1.000000000000000000 ) ) ;
#2492 = DIRECTION ( 'NONE',  ( 1.000000000000000000, 0.000000000000000000, -0.000000000000000000 ) ) ;
#2493 = CARTESIAN_POINT ( 'NONE',  ( -0.7499999999999793499, -0.05000000000000000278, -1.599999999999999867 ) ) ;
#2494 = VERTEX_POINT ( 'NONE', #8041 ) ;
#2495 = VECTOR ( 'NONE', #5610, 1000.000000000000000 ) ;
#2496 = DIRECTION ( 'NONE',  ( -0.000000000000000000, 1.000000000000000000, -0.000000000000000000 ) ) ;
#2497 = DIRECTION ( 'NONE',  ( -0.000000000000000000, -1.000000000000000000, -0.000000000000000000 ) ) ;
#2498 = AXIS2_PLACEMENT_3D ( 'NONE', #37, #788, #7241 ) ;
#2499 = DIRECTION ( 'NONE',  ( 0.000000000000000000, -1.000000000000000000, 0.000000000000000000 ) ) ;
#2500 =( LENGTH_UNIT ( ) NAMED_UNIT ( * ) SI_UNIT ( .MILLI., .METRE. ) );
#2501 = SURFACE_STYLE_FILL_AREA ( #6432 ) ;
#2502 = SURFACE_SIDE_STYLE ('',( #6486 ) ) ;
#2503 = COLOUR_RGB ( '',0.7686274509803920907, 0.7686274509803920907, 0.7686274509803920907 ) ;
#2504 = SURFACE_SIDE_STYLE ('',( #9800 ) ) ;
#2505 = AXIS2_PLACEMENT_3D ( 'NONE', #8056, #6603, #876 ) ;
#2506 = CARTESIAN_POINT ( 'NONE',  ( -0.5000000000000000000, -0.05000000000000000278, -0.1000000000000001305 ) ) ;
#2507 = DIRECTION ( 'NONE',  ( 0.000000000000000000, 0.000000000000000000, -1.000000000000000000 ) ) ;
#2508 = AXIS2_PLACEMENT_3D ( 'NONE', #9665, #4889, #7321 ) ;
#2509 = SURFACE_SIDE_STYLE ('',( #7307 ) ) ;
#2510 = ORIENTED_EDGE ( 'NONE', *, *, #7805, .T. ) ;
#2511 = UNCERTAINTY_MEASURE_WITH_UNIT (LENGTH_MEASURE( 1.000000000000000082E-05 ), #6857, 'distance_accuracy_value', 'NONE');
#2512 = ADVANCED_FACE ( 'NONE', ( #4040 ), #4081, .T. ) ;
#2513 = FILL_AREA_STYLE_COLOUR ( '', #8982 ) ;
#2514 = EDGE_CURVE ( 'NONE', #9103, #5233, #10272, .T. ) ;
#2515 = CIRCLE ( 'NONE', #2845, 0.05000000000000002359 ) ;
#2516 = CARTESIAN_POINT ( 'NONE',  ( 1.150000000000021005, 0.1499999999999999944, -2.050000000000000266 ) ) ;
#2517 = VECTOR ( 'NONE', #6287, 1000.000000000000000 ) ;
#2518 = APPLICATION_PROTOCOL_DEFINITION ( 'draft international standard', 'automotive_design', 1998, #1067 ) ;
#2519 = ORIENTED_EDGE ( 'NONE', *, *, #6415, .T. ) ;
#2520 = CARTESIAN_POINT ( 'NONE',  ( 2.000000000000000000, 1.000000000000000000, -2.000000000000000000 ) ) ;
#2521 =( LENGTH_UNIT ( ) NAMED_UNIT ( * ) SI_UNIT ( .MILLI., .METRE. ) );
#2522 = DIRECTION ( 'NONE',  ( 0.000000000000000000, 1.000000000000000000, 0.000000000000000000 ) ) ;
#2523 = ORIENTED_EDGE ( 'NONE', *, *, #1926, .F. ) ;
#2524 = PRESENTATION_LAYER_ASSIGNMENT (  '', '', ( #1010 ) ) ;
#2525 = FACE_OUTER_BOUND ( 'NONE', #8074, .T. ) ;
#2526 = VECTOR ( 'NONE', #3963, 1000.000000000000000 ) ;
#2527 = VERTEX_POINT ( 'NONE', #3204 ) ;
#2528 = CARTESIAN_POINT ( 'NONE',  ( -0.6999999999999791944, 0.1499999999999999944, 2.050000000000000266 ) ) ;
#2529 = ORIENTED_EDGE ( 'NONE', *, *, #3404, .F. ) ;
#2530 = CARTESIAN_POINT ( 'NONE',  ( -2.000000000000001776, -0.05000000000000000278, 0.6999999999999995115 ) ) ;
#2531 = CARTESIAN_POINT ( 'NONE',  ( 1.450000000000020828, -0.05000000000000000278, -2.050000000000000266 ) ) ;
#2532 = CARTESIAN_POINT ( 'NONE',  ( 1.400000000000053868, -0.05000000000000000278, -1.600000000000024070 ) ) ;
#2533 = SURFACE_SIDE_STYLE ('',( #8753 ) ) ;
#2534 = STYLED_ITEM ( 'NONE', ( #9126 ), #2753 ) ;
#2535 = ORIENTED_EDGE ( 'NONE', *, *, #7121, .F. ) ;
#2536 =( GEOMETRIC_REPRESENTATION_CONTEXT ( 3 ) GLOBAL_UNCERTAINTY_ASSIGNED_CONTEXT ( ( #7224 ) ) GLOBAL_UNIT_ASSIGNED_CONTEXT ( ( #4468, #5213, #5308 ) ) REPRESENTATION_CONTEXT ( 'NONE', 'WORKASPACE' ) );
#2537 = CARTESIAN_POINT ( 'NONE',  ( 1.999999999999999112, -0.05000000000000000278, 0.3000000000000000444 ) ) ;
#2538 = CARTESIAN_POINT ( 'NONE',  ( 1.999999999999997780, -0.05000000000000000278, 0.9000000000000000222 ) ) ;
#2539 = ORIENTED_EDGE ( 'NONE', *, *, #8677, .F. ) ;
#2540 = DIRECTION ( 'NONE',  ( -0.000000000000000000, -1.000000000000000000, -0.000000000000000000 ) ) ;
#2541 = VECTOR ( 'NONE', #9425, 1000.000000000000000 ) ;
#2542 = SURFACE_SIDE_STYLE ('',( #9683 ) ) ;
#2543 = CARTESIAN_POINT ( 'NONE',  ( 1.249999999999996447, -0.05000000000000000278, 1.250000000000000000 ) ) ;
#2544 = EDGE_CURVE ( 'NONE', #1319, #8004, #7254, .T. ) ;
#2545 = FACE_OUTER_BOUND ( 'NONE', #1924, .T. ) ;
#2546 = LINE ( 'NONE', #5845, #6227 ) ;
#2547 = DIRECTION ( 'NONE',  ( -0.000000000000000000, 1.000000000000000000, -0.000000000000000000 ) ) ;
#2548 = EDGE_CURVE ( 'NONE', #1332, #3892, #9843, .T. ) ;
#2549 = ORIENTED_EDGE ( 'NONE', *, *, #8257, .F. ) ;
#2550 = ADVANCED_FACE ( 'NONE', ( #9645 ), #8824, .T. ) ;
#2551 =( NAMED_UNIT ( * ) PLANE_ANGLE_UNIT ( ) SI_UNIT ( $, .RADIAN. ) );
#2552 = PRESENTATION_STYLE_ASSIGNMENT (( #9795 ) ) ;
#2553 =( NAMED_UNIT ( * ) PLANE_ANGLE_UNIT ( ) SI_UNIT ( $, .RADIAN. ) );
#2554 =( NAMED_UNIT ( * ) SI_UNIT ( $, .STERADIAN. ) SOLID_ANGLE_UNIT ( ) );
#2555 =( LENGTH_UNIT ( ) NAMED_UNIT ( * ) SI_UNIT ( .MILLI., .METRE. ) );
#2556 = PLANE ( 'NONE',  #7941 ) ;
#2557 = CARTESIAN_POINT ( 'NONE',  ( 0.05000000000002047945, -0.05000000000000000278, 1.599999999999999645 ) ) ;
#2559 = VERTEX_POINT ( 'NONE', #9433 ) ;
#2558 = CYLINDRICAL_SURFACE ( 'NONE', #1266, 0.05000000000000000971 ) ;
#2560 = SURFACE_STYLE_FILL_AREA ( #9042 ) ;
#2561 = ORIENTED_EDGE ( 'NONE', *, *, #7097, .F. ) ;
#2562 = DIRECTION ( 'NONE',  ( -1.000000000000000000, 0.000000000000000000, 0.000000000000000000 ) ) ;
#2563 = ORIENTED_EDGE ( 'NONE', *, *, #7398, .T. ) ;
#2564 = PRESENTATION_STYLE_ASSIGNMENT (( #9710 ) ) ;
#2565 = PRESENTATION_STYLE_ASSIGNMENT (( #6496 ) ) ;
#2566 = PRESENTATION_STYLE_ASSIGNMENT (( #4252 ) ) ;
#2567 = ORIENTED_EDGE ( 'NONE', *, *, #10262, .T. ) ;
#2568 = DIRECTION ( 'NONE',  ( -1.201915551212388030E-13, -0.000000000000000000, -1.000000000000000000 ) ) ;
#2569 = ORIENTED_EDGE ( 'NONE', *, *, #6939, .T. ) ;
#2570 = SURFACE_STYLE_FILL_AREA ( #3362 ) ;
#2571 = VECTOR ( 'NONE', #6715, 1000.000000000000000 ) ;
#2572 =( NAMED_UNIT ( * ) PLANE_ANGLE_UNIT ( ) SI_UNIT ( $, .RADIAN. ) );
#2573 = SURFACE_STYLE_USAGE ( .BOTH. , #2765 ) ;
#2574 = SURFACE_STYLE_FILL_AREA ( #4373 ) ;
#2575 = DIRECTION ( 'NONE',  ( -1.000000000000000000, 0.000000000000000000, -1.445602896647340149E-16 ) ) ;
#2576 = ORIENTED_EDGE ( 'NONE', *, *, #10043, .F. ) ;
#2577 = DIRECTION ( 'NONE',  ( 0.000000000000000000, 0.000000000000000000, -1.000000000000000000 ) ) ;
#2578 = SURFACE_SIDE_STYLE ('',( #81 ) ) ;
#2579 = EDGE_CURVE ( 'NONE', #5533, #6535, #2303, .T. ) ;
#2580 = ADVANCED_FACE ( 'NONE', ( #9797 ), #2704, .T. ) ;
#2581 =( NAMED_UNIT ( * ) PLANE_ANGLE_UNIT ( ) SI_UNIT ( $, .RADIAN. ) );
#2582 = ORIENTED_EDGE ( 'NONE', *, *, #4024, .T. ) ;
#2583 = FILL_AREA_STYLE ('',( #9726 ) ) ;
#2584 =( NAMED_UNIT ( * ) PLANE_ANGLE_UNIT ( ) SI_UNIT ( $, .RADIAN. ) );
#2585 = ORIENTED_EDGE ( 'NONE', *, *, #9062, .F. ) ;
#2586 = FILL_AREA_STYLE_COLOUR ( '', #1661 ) ;
#2587 =( GEOMETRIC_REPRESENTATION_CONTEXT ( 3 ) GLOBAL_UNCERTAINTY_ASSIGNED_CONTEXT ( ( #2824 ) ) GLOBAL_UNIT_ASSIGNED_CONTEXT ( ( #8339, #4319, #3472 ) ) REPRESENTATION_CONTEXT ( 'NONE', 'WORKASPACE' ) );
#2588 = EDGE_LOOP ( 'NONE', ( #306, #3241, #9709, #4249 ) ) ;
#2589 = DIRECTION ( 'NONE',  ( -0.000000000000000000, 1.000000000000000000, -0.000000000000000000 ) ) ;
#2590 = CARTESIAN_POINT ( 'NONE',  ( 0.8500000000000540457, -0.05000000000000000278, -1.649999999999967049 ) ) ;
#2591 =( NAMED_UNIT ( * ) PLANE_ANGLE_UNIT ( ) SI_UNIT ( $, .RADIAN. ) );
#2592 = EDGE_LOOP ( 'NONE', ( #4418, #6390, #1303, #1913, #4527, #9065 ) ) ;
#2593 =( NAMED_UNIT ( * ) SI_UNIT ( $, .STERADIAN. ) SOLID_ANGLE_UNIT ( ) );
#2594 = PLANE ( 'NONE',  #9301 ) ;
#2595 = SURFACE_STYLE_FILL_AREA ( #9739 ) ;
#2596 = DIRECTION ( 'NONE',  ( -1.239088197126173326E-15, 0.000000000000000000, 1.000000000000000000 ) ) ;
#2597 = COLOUR_RGB ( '',0.7686274509803920907, 0.7686274509803920907, 0.7686274509803920907 ) ;
#2598 = SURFACE_STYLE_USAGE ( .BOTH. , #6542 ) ;
#2599 = EDGE_CURVE ( 'NONE', #4562, #3547, #6900, .T. ) ;
#2600 = EDGE_CURVE ( 'NONE', #8927, #6831, #1814, .T. ) ;
#2601 = LINE ( 'NONE', #2660, #4380 ) ;
#2602 = CARTESIAN_POINT ( 'NONE',  ( 2.000000000000000000, 0.1500000000000000222, 1.100000000000000089 ) ) ;
#2603 = VECTOR ( 'NONE', #8685, 1000.000000000000000 ) ;
#2604 = LINE ( 'NONE', #3343, #939 ) ;
#2605 = VECTOR ( 'NONE', #4495, 1000.000000000000000 ) ;
#2606 = DIRECTION ( 'NONE',  ( 1.000000000000000000, -0.000000000000000000, -0.000000000000000000 ) ) ;
#2607 = CARTESIAN_POINT ( 'NONE',  ( 1.250000000000000444, -0.05000000000000000278, -0.05000000000000008604 ) ) ;
#2608 = VERTEX_POINT ( 'NONE', #1866 ) ;
#2609 = UNCERTAINTY_MEASURE_WITH_UNIT (LENGTH_MEASURE( 1.000000000000000082E-05 ), #1196, 'distance_accuracy_value', 'NONE');
#2610 = DIRECTION ( 'NONE',  ( -0.000000000000000000, 1.000000000000000000, -0.000000000000000000 ) ) ;
#2611 = LINE ( 'NONE', #9750, #3001 ) ;
#2612 = VECTOR ( 'NONE', #270, 1000.000000000000000 ) ;
#2613 = PRESENTATION_LAYER_ASSIGNMENT (  '', '', ( #3808 ) ) ;
#2614 = ORIENTED_EDGE ( 'NONE', *, *, #4800, .F. ) ;
#2615 = LINE ( 'NONE', #2755, #6531 ) ;
#2616 = DIRECTION ( 'NONE',  ( 1.239088197126173326E-15, 0.000000000000000000, 1.000000000000000000 ) ) ;
#2617 = FACE_OUTER_BOUND ( 'NONE', #10295, .T. ) ;
#2618 = VERTEX_POINT ( 'NONE', #5704 ) ;
#2619 = CARTESIAN_POINT ( 'NONE',  ( 2.000000000000000000, 0.1500000000000000222, -0.5000000000000000000 ) ) ;
#2620 = ORIENTED_EDGE ( 'NONE', *, *, #8905, .T. ) ;
#2621 = UNCERTAINTY_MEASURE_WITH_UNIT (LENGTH_MEASURE( 1.000000000000000082E-05 ), #6941, 'distance_accuracy_value', 'NONE');
#2622 = STYLED_ITEM ( 'NONE', ( #3052 ), #640 ) ;
#2623 = CIRCLE ( 'NONE', #4142, 0.04999999999996695282 ) ;
#2624 =( NAMED_UNIT ( * ) SI_UNIT ( $, .STERADIAN. ) SOLID_ANGLE_UNIT ( ) );
#2625 =( LENGTH_UNIT ( ) NAMED_UNIT ( * ) SI_UNIT ( .MILLI., .METRE. ) );
#2626 = ORIENTED_EDGE ( 'NONE', *, *, #508, .T. ) ;
#2627 = PRESENTATION_STYLE_ASSIGNMENT (( #1782 ) ) ;
#2628 = VECTOR ( 'NONE', #10187, 1000.000000000000000 ) ;
#2629 = PRESENTATION_STYLE_ASSIGNMENT (( #4314 ) ) ;
#2630 = VECTOR ( 'NONE', #9066, 1000.000000000000000 ) ;
#2631 = PRESENTATION_LAYER_ASSIGNMENT (  '', '', ( #6455 ) ) ;
#2632 = LINE ( 'NONE', #938, #2778 ) ;
#2633 = ORIENTED_EDGE ( 'NONE', *, *, #812, .T. ) ;
#2634 = ORIENTED_EDGE ( 'NONE', *, *, #3648, .T. ) ;
#2635 = EDGE_LOOP ( 'NONE', ( #10211, #3077, #3353, #8786 ) ) ;
#2636 = CIRCLE ( 'NONE', #620, 0.04999999999996716793 ) ;
#2637 = UNCERTAINTY_MEASURE_WITH_UNIT (LENGTH_MEASURE( 1.000000000000000082E-05 ), #2500, 'distance_accuracy_value', 'NONE');
#2638 = FILL_AREA_STYLE_COLOUR ( '', #9145 ) ;
#2639 = CARTESIAN_POINT ( 'NONE',  ( 0.9000000000000208944, 0.000000000000000000, 1.999999999999999556 ) ) ;
#2640 = LINE ( 'NONE', #9015, #7676 ) ;
#2641 = VECTOR ( 'NONE', #1861, 1000.000000000000000 ) ;
#2642 = EDGE_CURVE ( 'NONE', #10137, #7592, #8972, .T. ) ;
#2643 = VECTOR ( 'NONE', #4367, 1000.000000000000000 ) ;
#2644 = DIRECTION ( 'NONE',  ( 0.000000000000000000, -1.000000000000000000, -0.000000000000000000 ) ) ;
#2645 = CARTESIAN_POINT ( 'NONE',  ( -0.4999999999999885092, -0.05000000000000000278, -1.100000000000000533 ) ) ;
#2646 = VECTOR ( 'NONE', #6069, 1000.000000000000000 ) ;
#2647 = ORIENTED_EDGE ( 'NONE', *, *, #8101, .F. ) ;
#2648 = SURFACE_SIDE_STYLE ('',( #6623 ) ) ;
#2649 = MECHANICAL_DESIGN_GEOMETRIC_PRESENTATION_REPRESENTATION (  '', ( #6327 ), #2318 ) ;
#2650 = VERTEX_POINT ( 'NONE', #4913 ) ;
#2651 =( NAMED_UNIT ( * ) SI_UNIT ( $, .STERADIAN. ) SOLID_ANGLE_UNIT ( ) );
#2652 = DIRECTION ( 'NONE',  ( -1.000000000000000000, 0.000000000000000000, 0.000000000000000000 ) ) ;
#2653 = CARTESIAN_POINT ( 'NONE',  ( -0.8999999999999791500, 0.1499999999999999944, 2.050000000000000266 ) ) ;
#2654 = ORIENTED_EDGE ( 'NONE', *, *, #10042, .T. ) ;
#2655 = DIRECTION ( 'NONE',  ( -0.000000000000000000, 1.000000000000000000, -0.000000000000000000 ) ) ;
#2656 = SURFACE_STYLE_FILL_AREA ( #102 ) ;
#2657 = PRESENTATION_LAYER_ASSIGNMENT (  '', '', ( #6185 ) ) ;
#2658 = VECTOR ( 'NONE', #4663, 1000.000000000000000 ) ;
#2659 = PRESENTATION_STYLE_ASSIGNMENT (( #9895 ) ) ;
#2660 = CARTESIAN_POINT ( 'NONE',  ( -2.000000000000000000, -0.05000000000000000278, -0.1500000000000004663 ) ) ;
#2661 = STYLED_ITEM ( 'NONE', ( #5754 ), #9733 ) ;
#2662 = DIRECTION ( 'NONE',  ( 1.000000000000000000, 0.000000000000000000, 0.000000000000000000 ) ) ;
#2663 = CARTESIAN_POINT ( 'NONE',  ( 0.8500000000000205169, -0.05000000000000000278, -1.599999999999999645 ) ) ;
#2664 = STYLED_ITEM ( 'NONE', ( #3030 ), #4470 ) ;
#2665 = ORIENTED_EDGE ( 'NONE', *, *, #6417, .T. ) ;
#2666 = EDGE_CURVE ( 'NONE', #950, #2100, #3499, .T. ) ;
#2667 =( LENGTH_UNIT ( ) NAMED_UNIT ( * ) SI_UNIT ( .MILLI., .METRE. ) );
#2668 = STYLED_ITEM ( 'NONE', ( #4868 ), #10060 ) ;
#2669 = ORIENTED_EDGE ( 'NONE', *, *, #8311, .T. ) ;
#2670 = DIRECTION ( 'NONE',  ( 1.000000000000000000, -0.000000000000000000, -0.000000000000000000 ) ) ;
#2671 = CARTESIAN_POINT ( 'NONE',  ( -0.8500000000000124123, -0.05000000000000000278, 1.649999999999967049 ) ) ;
#2672 = VERTEX_POINT ( 'NONE', #9035 ) ;
#2673 = CARTESIAN_POINT ( 'NONE',  ( 2.000000000000000444, -0.05000000000000000278, -0.1000000000000000194 ) ) ;
#2674 = VERTEX_POINT ( 'NONE', #8204 ) ;
#2675 = CARTESIAN_POINT ( 'NONE',  ( -1.450000000000020828, -0.05000000000000000278, -2.050000000000000266 ) ) ;
#2676 = VECTOR ( 'NONE', #402, 1000.000000000000000 ) ;
#2677 = EDGE_CURVE ( 'NONE', #7477, #221, #4217, .T. ) ;
#2678 = SURFACE_SIDE_STYLE ('',( #2723 ) ) ;
#2679 = VERTEX_POINT ( 'NONE', #9853 ) ;
#2680 = DIRECTION ( 'NONE',  ( 0.000000000000000000, 1.000000000000000000, 0.000000000000000000 ) ) ;
#2681 = CARTESIAN_POINT ( 'NONE',  ( 2.000000000000000000, 1.000000000000000000, 2.000000000000000000 ) ) ;
#2682 = AXIS2_PLACEMENT_3D ( 'NONE', #5288, #551, #2976 ) ;
#2683 = AXIS2_PLACEMENT_3D ( 'NONE', #3299, #5715, #1666 ) ;
#2684 = VERTEX_POINT ( 'NONE', #1907 ) ;
#2685 = ADVANCED_FACE ( 'NONE', ( #9076 ), #6635, .F. ) ;
#2686 = ORIENTED_EDGE ( 'NONE', *, *, #6549, .F. ) ;
#2687 = EDGE_LOOP ( 'NONE', ( #9605, #9460, #8243, #2654 ) ) ;
#2688 = CARTESIAN_POINT ( 'NONE',  ( 0.9000000000000208944, -0.05000000000000000278, -1.649999999999999911 ) ) ;
#2689 = SURFACE_STYLE_FILL_AREA ( #5897 ) ;
#2690 = VECTOR ( 'NONE', #6691, 1000.000000000000000 ) ;
#2691 = COLOUR_RGB ( '',0.7686274509803920907, 0.7686274509803920907, 0.7686274509803920907 ) ;
#2692 = ORIENTED_EDGE ( 'NONE', *, *, #239, .T. ) ;
#2693 = EDGE_CURVE ( 'NONE', #1974, #6685, #10108, .T. ) ;
#2694 = VECTOR ( 'NONE', #42, 1000.000000000000000 ) ;
#2695 = ORIENTED_EDGE ( 'NONE', *, *, #3349, .F. ) ;
#2696 = SURFACE_STYLE_USAGE ( .BOTH. , #4395 ) ;
#2697 = FILL_AREA_STYLE ('',( #6790 ) ) ;
#2698 = FACE_OUTER_BOUND ( 'NONE', #8253, .T. ) ;
#2699 = ORIENTED_EDGE ( 'NONE', *, *, #2477, .T. ) ;
#2700 = SURFACE_STYLE_USAGE ( .BOTH. , #3555 ) ;
#2701 = LINE ( 'NONE', #3149, #3544 ) ;
#2702 = DIRECTION ( 'NONE',  ( 0.000000000000000000, 0.000000000000000000, 1.000000000000000000 ) ) ;
#2703 =( LENGTH_UNIT ( ) NAMED_UNIT ( * ) SI_UNIT ( .MILLI., .METRE. ) );
#2704 = CYLINDRICAL_SURFACE ( 'NONE', #5711, 0.05000000000000002359 ) ;
#2705 = EDGE_CURVE ( 'NONE', #10221, #6761, #2963, .T. ) ;
#2706 = EDGE_CURVE ( 'NONE', #9879, #6801, #8411, .T. ) ;
#2707 = FILL_AREA_STYLE_COLOUR ( '', #9276 ) ;
#2708 = DIRECTION ( 'NONE',  ( 0.000000000000000000, 0.000000000000000000, 1.000000000000000000 ) ) ;
#2709 = DIRECTION ( 'NONE',  ( -0.000000000000000000, -0.000000000000000000, -1.000000000000000000 ) ) ;
#2710 = SURFACE_STYLE_USAGE ( .BOTH. , #6642 ) ;
#2711 = ORIENTED_EDGE ( 'NONE', *, *, #2548, .F. ) ;
#2712 = UNCERTAINTY_MEASURE_WITH_UNIT (LENGTH_MEASURE( 1.000000000000000082E-05 ), #10320, 'distance_accuracy_value', 'NONE');
#2713 = CARTESIAN_POINT ( 'NONE',  ( 0.8500000000000540457, 0.000000000000000000, 1.649999999999967049 ) ) ;
#2714 = ORIENTED_EDGE ( 'NONE', *, *, #8720, .F. ) ;
#2715 = FACE_OUTER_BOUND ( 'NONE', #1807, .T. ) ;
#2716 = VERTEX_POINT ( 'NONE', #1348 ) ;
#2717 =( NAMED_UNIT ( * ) SI_UNIT ( $, .STERADIAN. ) SOLID_ANGLE_UNIT ( ) );
#2718 =( NAMED_UNIT ( * ) SI_UNIT ( $, .STERADIAN. ) SOLID_ANGLE_UNIT ( ) );
#2719 = ORIENTED_EDGE ( 'NONE', *, *, #2822, .F. ) ;
#2720 = DIRECTION ( 'NONE',  ( 0.000000000000000000, 1.000000000000000000, 0.000000000000000000 ) ) ;
#2721 = FILL_AREA_STYLE_COLOUR ( '', #9625 ) ;
#2722 = DIRECTION ( 'NONE',  ( -0.000000000000000000, -1.000000000000000000, -0.000000000000000000 ) ) ;
#2723 = SURFACE_STYLE_FILL_AREA ( #7389 ) ;
#2724 = ORIENTED_EDGE ( 'NONE', *, *, #10164, .T. ) ;
#2725 = LINE ( 'NONE', #1684, #8799 ) ;
#2726 = CARTESIAN_POINT ( 'NONE',  ( 1.199999999999997735, -0.05000000000000000278, 0.8499999999999996447 ) ) ;
#2727 = EDGE_CURVE ( 'NONE', #1220, #3262, #9955, .T. ) ;
#2728 = ORIENTED_EDGE ( 'NONE', *, *, #7500, .T. ) ;
#2729 = ORIENTED_EDGE ( 'NONE', *, *, #4480, .T. ) ;
#2730 = VERTEX_POINT ( 'NONE', #2912 ) ;
#2731 = UNCERTAINTY_MEASURE_WITH_UNIT (LENGTH_MEASURE( 1.000000000000000082E-05 ), #3889, 'distance_accuracy_value', 'NONE');
#2732 =( LENGTH_UNIT ( ) NAMED_UNIT ( * ) SI_UNIT ( .MILLI., .METRE. ) );
#2733 = LINE ( 'NONE', #4477, #6527 ) ;
#2734 = EDGE_CURVE ( 'NONE', #10003, #4208, #6177, .T. ) ;
#2735 = ORIENTED_EDGE ( 'NONE', *, *, #8227, .F. ) ;
#2736 = VERTEX_POINT ( 'NONE', #9181 ) ;
#2737 = CARTESIAN_POINT ( 'NONE',  ( -0.2999999999999792277, -0.05000000000000000278, -1.649999999999999467 ) ) ;
#2738 = DIRECTION ( 'NONE',  ( 1.000000000000000000, -0.000000000000000000, -0.000000000000000000 ) ) ;
#2739 = LINE ( 'NONE', #1124, #7512 ) ;
#2740 = ORIENTED_EDGE ( 'NONE', *, *, #380, .F. ) ;
#2741 = PLANE ( 'NONE',  #5518 ) ;
#2742 = PLANE ( 'NONE',  #6142 ) ;
#2743 = CARTESIAN_POINT ( 'NONE',  ( 1.150000000000021005, 0.000000000000000000, 2.000000000000000000 ) ) ;
#2744 = CARTESIAN_POINT ( 'NONE',  ( 1.250000000000008660, -0.05000000000000000278, -0.8500000000000000888 ) ) ;
#2745 = LINE ( 'NONE', #1970, #7125 ) ;
#2746 =( NAMED_UNIT ( * ) SI_UNIT ( $, .STERADIAN. ) SOLID_ANGLE_UNIT ( ) );
#2748 = ORIENTED_EDGE ( 'NONE', *, *, #1997, .F. ) ;
#2747 = DIRECTION ( 'NONE',  ( -1.000000000000000000, -0.000000000000000000, -0.000000000000000000 ) ) ;
#2749 = PRESENTATION_STYLE_ASSIGNMENT (( #8415 ) ) ;
#2750 = ORIENTED_EDGE ( 'NONE', *, *, #7720, .T. ) ;
#2751 = COLOUR_RGB ( '',0.7686274509803920907, 0.7686274509803920907, 0.7686274509803920907 ) ;
#2752 = EDGE_CURVE ( 'NONE', #3102, #4301, #491, .T. ) ;
#2753 = ADVANCED_FACE ( 'NONE', ( #7009 ), #7725, .F. ) ;
#2754 = LINE ( 'NONE', #5968, #7845 ) ;
#2755 = CARTESIAN_POINT ( 'NONE',  ( 1.199999999999996403, -0.05000000000000000278, 1.249999999999999556 ) ) ;
#2756 =( LENGTH_UNIT ( ) NAMED_UNIT ( * ) SI_UNIT ( .MILLI., .METRE. ) );
#2757 = VECTOR ( 'NONE', #7219, 1000.000000000000000 ) ;
#2758 = EDGE_LOOP ( 'NONE', ( #2634, #5669, #2876, #9940 ) ) ;
#2759 = LINE ( 'NONE', #6134, #9926 ) ;
#2760 = LINE ( 'NONE', #2821, #6621 ) ;
#2761 = PRODUCT_DEFINITION_SHAPE ( 'NONE', 'NONE',  #9241 ) ;
#2762 = ORIENTED_EDGE ( 'NONE', *, *, #8953, .F. ) ;
#2763 = LINE ( 'NONE', #5985, #6838 ) ;
#2764 = CARTESIAN_POINT ( 'NONE',  ( -0.2999999999999792277, 0.1499999999999999944, 2.050000000000000266 ) ) ;
#2765 = SURFACE_SIDE_STYLE ('',( #1836 ) ) ;
#2766 = AXIS2_PLACEMENT_3D ( 'NONE', #3552, #9173, #6852 ) ;
#2767 =( GEOMETRIC_REPRESENTATION_CONTEXT ( 3 ) GLOBAL_UNCERTAINTY_ASSIGNED_CONTEXT ( ( #7753 ) ) GLOBAL_UNIT_ASSIGNED_CONTEXT ( ( #3390, #8881, #6431 ) ) REPRESENTATION_CONTEXT ( 'NONE', 'WORKASPACE' ) );
#2768 = PRESENTATION_STYLE_ASSIGNMENT (( #9918 ) ) ;
#2769 = ORIENTED_EDGE ( 'NONE', *, *, #5227, .T. ) ;
#2771 = PRESENTATION_LAYER_ASSIGNMENT (  '', '', ( #6958 ) ) ;
#2770 = DIRECTION ( 'NONE',  ( -0.000000000000000000, 1.000000000000000000, -0.000000000000000000 ) ) ;
#2772 = LINE ( 'NONE', #5996, #82 ) ;
#2773 = SURFACE_STYLE_FILL_AREA ( #5100 ) ;
#2774 = ORIENTED_EDGE ( 'NONE', *, *, #9878, .F. ) ;
#2775 = STYLED_ITEM ( 'NONE', ( #3022 ), #440 ) ;
#2776 = PRESENTATION_LAYER_ASSIGNMENT (  '', '', ( #6299 ) ) ;
#2777 = EDGE_LOOP ( 'NONE', ( #8006, #5906, #5804, #8623 ) ) ;
#2778 = VECTOR ( 'NONE', #3535, 1000.000000000000000 ) ;
#2779 = ORIENTED_EDGE ( 'NONE', *, *, #2360, .F. ) ;
#2780 = DIRECTION ( 'NONE',  ( -1.000000000000000000, -0.000000000000000000, -0.000000000000000000 ) ) ;
#2781 = CARTESIAN_POINT ( 'NONE',  ( 0.1000000000000208639, -0.05000000000000000278, 2.050000000000000266 ) ) ;
#2782 = LINE ( 'NONE', #5945, #5529 ) ;
#2783 = EDGE_CURVE ( 'NONE', #369, #6724, #9533, .T. ) ;
#2784 = COLOUR_RGB ( '',0.7686274509803920907, 0.7686274509803920907, 0.7686274509803920907 ) ;
#2785 = ORIENTED_EDGE ( 'NONE', *, *, #4946, .T. ) ;
#2786 = VECTOR ( 'NONE', #8081, 1000.000000000000000 ) ;
#2787 = VERTEX_POINT ( 'NONE', #2129 ) ;
#2788 = CARTESIAN_POINT ( 'NONE',  ( -2.000000000000000000, -1.355252715606880543E-17, -1.250000000000000444 ) ) ;
#2789 = VERTEX_POINT ( 'NONE', #8520 ) ;
#2790 =( GEOMETRIC_REPRESENTATION_CONTEXT ( 3 ) GLOBAL_UNCERTAINTY_ASSIGNED_CONTEXT ( ( #1975 ) ) GLOBAL_UNIT_ASSIGNED_CONTEXT ( ( #6793, #9178, #9073 ) ) REPRESENTATION_CONTEXT ( 'NONE', 'WORKASPACE' ) );
#2791 = CARTESIAN_POINT ( 'NONE',  ( -0.09999999999997917499, -0.05000000000000000278, -2.000000000000000000 ) ) ;
#2792 = VECTOR ( 'NONE', #3117, 1000.000000000000000 ) ;
#2793 = SURFACE_STYLE_FILL_AREA ( #2697 ) ;
#2794 = ADVANCED_FACE ( 'NONE', ( #2803 ), #540, .F. ) ;
#2795 = CARTESIAN_POINT ( 'NONE',  ( -2.000000000000000000, -0.05000000000000000278, -1.250000000000000444 ) ) ;
#2796 = ORIENTED_EDGE ( 'NONE', *, *, #6948, .F. ) ;
#2797 = COLOUR_RGB ( '',0.7686274509803920907, 0.7686274509803920907, 0.7686274509803920907 ) ;
#2798 = SURFACE_STYLE_FILL_AREA ( #4489 ) ;
#2799 = CARTESIAN_POINT ( 'NONE',  ( 1.450000000000020828, -1.355252715606880543E-17, -2.000000000000000000 ) ) ;
#2800 = COLOUR_RGB ( '',0.7686274509803920907, 0.7686274509803920907, 0.7686274509803920907 ) ;
#2801 = AXIS2_PLACEMENT_3D ( 'NONE', #230, #9914, #7481 ) ;
#2802 = CARTESIAN_POINT ( 'NONE',  ( 1.250000000000008660, 0.000000000000000000, -0.7500000000000001110 ) ) ;
#2803 = FACE_OUTER_BOUND ( 'NONE', #9920, .T. ) ;
#2804 = STYLED_ITEM ( 'NONE', ( #2433 ), #4061 ) ;
#2805 = DIRECTION ( 'NONE',  ( 0.000000000000000000, 0.000000000000000000, 1.000000000000000000 ) ) ;
#2806 = CARTESIAN_POINT ( 'NONE',  ( -2.050000000000000266, -0.05000000000000000278, -1.250000000000000444 ) ) ;
#2807 = CARTESIAN_POINT ( 'NONE',  ( 2.050000000000000266, -0.05000000000000000278, 0.9000000000000002442 ) ) ;
#2808 = ORIENTED_EDGE ( 'NONE', *, *, #4998, .F. ) ;
#2809 = VECTOR ( 'NONE', #6302, 1000.000000000000000 ) ;
#2810 = PRESENTATION_LAYER_ASSIGNMENT (  '', '', ( #7316 ) ) ;
#2811 =( GEOMETRIC_REPRESENTATION_CONTEXT ( 3 ) GLOBAL_UNCERTAINTY_ASSIGNED_CONTEXT ( ( #3146 ) ) GLOBAL_UNIT_ASSIGNED_CONTEXT ( ( #2916, #9285, #9131 ) ) REPRESENTATION_CONTEXT ( 'NONE', 'WORKASPACE' ) );
#2812 = FILL_AREA_STYLE_COLOUR ( '', #297 ) ;
#2813 = DIRECTION ( 'NONE',  ( 0.000000000000000000, 0.000000000000000000, 1.000000000000000000 ) ) ;
#2814 = DIRECTION ( 'NONE',  ( 0.000000000000000000, 0.000000000000000000, -1.000000000000000000 ) ) ;
#2815 = AXIS2_PLACEMENT_3D ( 'NONE', #2869, #3732, #9962 ) ;
#2816 = CARTESIAN_POINT ( 'NONE',  ( 0.1000000000000208361, 0.000000000000000000, 1.649999999999999911 ) ) ;
#2817 = VECTOR ( 'NONE', #4813, 1000.000000000000000 ) ;
#2818 = ORIENTED_EDGE ( 'NONE', *, *, #4062, .T. ) ;
#2819 = EDGE_CURVE ( 'NONE', #2991, #3862, #4704, .T. ) ;
#2820 = CARTESIAN_POINT ( 'NONE',  ( 0.1000000000000208639, 0.1499999999999999944, -2.050000000000000266 ) ) ;
#2821 = CARTESIAN_POINT ( 'NONE',  ( -0.2999999999999792277, -0.05000000000000000278, 2.050000000000000266 ) ) ;
#2822 = EDGE_CURVE ( 'NONE', #8209, #5732, #5584, .T. ) ;
#2823 = ORIENTED_EDGE ( 'NONE', *, *, #3139, .F. ) ;
#2824 = UNCERTAINTY_MEASURE_WITH_UNIT (LENGTH_MEASURE( 1.000000000000000082E-05 ), #8339, 'distance_accuracy_value', 'NONE');
#2825 = CYLINDRICAL_SURFACE ( 'NONE', #7043, 0.04999999999996695282 ) ;
#2826 = PLANE ( 'NONE',  #10158 ) ;
#2827 = VECTOR ( 'NONE', #6223, 1000.000000000000000 ) ;
#2828 = SURFACE_STYLE_FILL_AREA ( #455 ) ;
#2829 = ORIENTED_EDGE ( 'NONE', *, *, #2734, .F. ) ;
#2830 = DIRECTION ( 'NONE',  ( -1.000000000000000000, -0.000000000000000000, -0.000000000000000000 ) ) ;
#2831 = DIRECTION ( 'NONE',  ( 0.000000000000000000, 0.000000000000000000, 1.000000000000000000 ) ) ;
#2832 = LINE ( 'NONE', #5370, #9096 ) ;
#2833 = VERTEX_POINT ( 'NONE', #6422 ) ;
#2834 = PRESENTATION_LAYER_ASSIGNMENT (  '', '', ( #2177 ) ) ;
#2835 = EDGE_CURVE ( 'NONE', #1507, #7374, #9384, .T. ) ;
#2836 = VERTEX_POINT ( 'NONE', #849 ) ;
#2837 = VECTOR ( 'NONE', #1635, 1000.000000000000000 ) ;
#2838 = VECTOR ( 'NONE', #3590, 1000.000000000000000 ) ;
#2839 = ORIENTED_EDGE ( 'NONE', *, *, #7000, .F. ) ;
#2840 = UNCERTAINTY_MEASURE_WITH_UNIT (LENGTH_MEASURE( 1.000000000000000082E-05 ), #4093, 'distance_accuracy_value', 'NONE');
#2841 = DIRECTION ( 'NONE',  ( 0.000000000000000000, -0.000000000000000000, 1.000000000000000000 ) ) ;
#2842 = FACE_OUTER_BOUND ( 'NONE', #2228, .T. ) ;
#2843 = PLANE ( 'NONE',  #9152 ) ;
#2844 = CARTESIAN_POINT ( 'NONE',  ( 1.150000000000021005, -0.05000000000000000278, -2.000000000000000000 ) ) ;
#2845 = AXIS2_PLACEMENT_3D ( 'NONE', #1568, #8109, #3172 ) ;
#2846 = VECTOR ( 'NONE', #9556, 1000.000000000000000 ) ;
#2847 =( GEOMETRIC_REPRESENTATION_CONTEXT ( 3 ) GLOBAL_UNCERTAINTY_ASSIGNED_CONTEXT ( ( #1253 ) ) GLOBAL_UNIT_ASSIGNED_CONTEXT ( ( #5413, #7792, #3947 ) ) REPRESENTATION_CONTEXT ( 'NONE', 'WORKASPACE' ) );
#2848 = EDGE_LOOP ( 'NONE', ( #2081, #4096, #9175, #2379 ) ) ;
#2849 = PRESENTATION_LAYER_ASSIGNMENT (  '', '', ( #143 ) ) ;
#2850 = ORIENTED_EDGE ( 'NONE', *, *, #10116, .T. ) ;
#2851 = CARTESIAN_POINT ( 'NONE',  ( -0.2999999999999792277, -0.05000000000000000278, 2.050000000000000266 ) ) ;
#2852 = EDGE_CURVE ( 'NONE', #4383, #6097, #5223, .T. ) ;
#2853 = COLOUR_RGB ( '',0.7921568627450980005, 0.8196078431372548767, 0.9333333333333333481 ) ;
#2854 = ORIENTED_EDGE ( 'NONE', *, *, #139, .T. ) ;
#2855 = FILL_AREA_STYLE ('',( #1280 ) ) ;
#2856 = VECTOR ( 'NONE', #1919, 1000.000000000000000 ) ;
#2857 = SURFACE_SIDE_STYLE ('',( #2793 ) ) ;
#2858 = SURFACE_STYLE_FILL_AREA ( #5115 ) ;
#2859 = VERTEX_POINT ( 'NONE', #4642 ) ;
#2860 = DIRECTION ( 'NONE',  ( 0.000000000000000000, 0.000000000000000000, -1.000000000000000000 ) ) ;
#2861 = DIRECTION ( 'NONE',  ( 0.000000000000000000, -1.000000000000000000, 0.000000000000000000 ) ) ;
#2862 = SURFACE_STYLE_USAGE ( .BOTH. , #3606 ) ;
#2863 = SURFACE_SIDE_STYLE ('',( #5337 ) ) ;
#2864 = EDGE_CURVE ( 'NONE', #6778, #9266, #9577, .T. ) ;
#2865 = CARTESIAN_POINT ( 'NONE',  ( 1.200000000000000622, -0.05000000000000000278, -0.04999999999999973910 ) ) ;
#2866 = EDGE_CURVE ( 'NONE', #8538, #10048, #644, .T. ) ;
#2867 = LINE ( 'NONE', #7520, #8482 ) ;
#2868 = ORIENTED_EDGE ( 'NONE', *, *, #5740, .T. ) ;
#2869 = CARTESIAN_POINT ( 'NONE',  ( -1.400000000000012124, 0.000000000000000000, 1.649999999999966827 ) ) ;
#2870 = DIRECTION ( 'NONE',  ( -1.000000000000000000, 0.000000000000000000, -0.000000000000000000 ) ) ;
#2871 = EDGE_CURVE ( 'NONE', #8334, #1507, #5479, .T. ) ;
#2872 = DIRECTION ( 'NONE',  ( -0.000000000000000000, -0.000000000000000000, -1.000000000000000000 ) ) ;
#2873 = LINE ( 'NONE', #8473, #7524 ) ;
#2874 = CARTESIAN_POINT ( 'NONE',  ( -0.2999999999999792277, 0.1499999999999999944, -2.050000000000000266 ) ) ;
#2875 = CARTESIAN_POINT ( 'NONE',  ( -0.5000000000000037748, -0.05000000000000000278, 1.199999999999999289 ) ) ;
#2876 = ORIENTED_EDGE ( 'NONE', *, *, #4975, .F. ) ;
#2877 = DIRECTION ( 'NONE',  ( 0.000000000000000000, -1.000000000000000000, 0.000000000000000000 ) ) ;
#2878 =( NAMED_UNIT ( * ) PLANE_ANGLE_UNIT ( ) SI_UNIT ( $, .RADIAN. ) );
#2879 = VERTEX_POINT ( 'NONE', #4859 ) ;
#2880 = PLANE ( 'NONE',  #5334 ) ;
#2881 = CARTESIAN_POINT ( 'NONE',  ( -0.6999999999999791944, 0.1499999999999999944, -2.050000000000000266 ) ) ;
#2882 = CARTESIAN_POINT ( 'NONE',  ( 1.250000000000004663, -0.05000000000000000278, -0.4500000000000001221 ) ) ;
#2883 = DIRECTION ( 'NONE',  ( -1.445602896647339903E-16, 0.000000000000000000, 1.000000000000000000 ) ) ;
#2884 =( LENGTH_UNIT ( ) NAMED_UNIT ( * ) SI_UNIT ( .MILLI., .METRE. ) );
#2885 = ORIENTED_EDGE ( 'NONE', *, *, #6014, .T. ) ;
#2886 = FACE_OUTER_BOUND ( 'NONE', #9908, .T. ) ;
#2887 = CARTESIAN_POINT ( 'NONE',  ( 2.050000000000000266, 0.1499999999999999944, 0.1000000000000000472 ) ) ;
#2888 = SURFACE_STYLE_USAGE ( .BOTH. , #673 ) ;
#2889 = VERTEX_POINT ( 'NONE', #5430 ) ;
#2890 = ORIENTED_EDGE ( 'NONE', *, *, #2666, .F. ) ;
#2891 = CARTESIAN_POINT ( 'NONE',  ( 1.250000000000000444, -0.05000000000000000278, 0.04999999999999991257 ) ) ;
#2892 =( LENGTH_UNIT ( ) NAMED_UNIT ( * ) SI_UNIT ( .MILLI., .METRE. ) );
#2893 =( NAMED_UNIT ( * ) PLANE_ANGLE_UNIT ( ) SI_UNIT ( $, .RADIAN. ) );
#2894 = DIRECTION ( 'NONE',  ( 1.000000000000000000, 0.000000000000000000, 0.000000000000000000 ) ) ;
#2895 = EDGE_CURVE ( 'NONE', #7381, #10003, #8610, .T. ) ;
#2896 = EDGE_CURVE ( 'NONE', #9681, #10191, #8762, .T. ) ;
#2897 = VERTEX_POINT ( 'NONE', #1437 ) ;
#2898 = CARTESIAN_POINT ( 'NONE',  ( 1.200000000000000622, 0.000000000000000000, -0.04999999999999973216 ) ) ;
#2899 = ORIENTED_EDGE ( 'NONE', *, *, #8201, .F. ) ;
#2900 = PLANE ( 'NONE',  #4804 ) ;
#2901 = EDGE_LOOP ( 'NONE', ( #6803, #4125, #4685, #9238 ) ) ;
#2902 = SURFACE_STYLE_USAGE ( .BOTH. , #8872 ) ;
#2903 = FACE_OUTER_BOUND ( 'NONE', #7875, .T. ) ;
#2904 =( NAMED_UNIT ( * ) SI_UNIT ( $, .STERADIAN. ) SOLID_ANGLE_UNIT ( ) );
#2905 = DIRECTION ( 'NONE',  ( -1.000000000000000000, 0.000000000000000000, 0.000000000000000000 ) ) ;
#2906 = FACE_OUTER_BOUND ( 'NONE', #4971, .T. ) ;
#2907 = MECHANICAL_DESIGN_GEOMETRIC_PRESENTATION_REPRESENTATION (  '', ( #8267 ), #6103 ) ;
#2908 = VECTOR ( 'NONE', #1387, 1000.000000000000000 ) ;
#2909 = UNCERTAINTY_MEASURE_WITH_UNIT (LENGTH_MEASURE( 1.000000000000000082E-05 ), #8606, 'distance_accuracy_value', 'NONE');
#2910 = ADVANCED_FACE ( 'NONE', ( #2291 ), #1583, .T. ) ;
#2911 = CARTESIAN_POINT ( 'NONE',  ( 0.9000000000000208944, 0.1499999999999999944, -2.050000000000000266 ) ) ;
#2912 = CARTESIAN_POINT ( 'NONE',  ( -0.6999999999999793054, -0.05000000000000000278, 1.649999999999999911 ) ) ;
#2913 = CARTESIAN_POINT ( 'NONE',  ( 0.7000000000000209388, -0.05000000000000000278, -2.050000000000000266 ) ) ;
#2914 = EDGE_CURVE ( 'NONE', #3427, #4058, #5689, .T. ) ;
#2915 = CARTESIAN_POINT ( 'NONE',  ( -0.4999999999999791833, 0.1499999999999999944, -2.050000000000000266 ) ) ;
#2916 =( LENGTH_UNIT ( ) NAMED_UNIT ( * ) SI_UNIT ( .MILLI., .METRE. ) );
#2917 = EDGE_LOOP ( 'NONE', ( #8986, #4001, #4268, #6256, #580, #6499 ) ) ;
#2918 = FILL_AREA_STYLE ('',( #7678 ) ) ;
#2919 = EDGE_CURVE ( 'NONE', #7884, #7717, #4232, .T. ) ;
#2920 =( NAMED_UNIT ( * ) PLANE_ANGLE_UNIT ( ) SI_UNIT ( $, .RADIAN. ) );
#2921 = FILL_AREA_STYLE_COLOUR ( '', #2015 ) ;
#2922 = LINE ( 'NONE', #4457, #9755 ) ;
#2923 = ORIENTED_EDGE ( 'NONE', *, *, #10313, .T. ) ;
#2924 = DIRECTION ( 'NONE',  ( -0.000000000000000000, -1.000000000000000000, -0.000000000000000000 ) ) ;
#2925 = CARTESIAN_POINT ( 'NONE',  ( 2.050000000000000266, 0.1499999999999999944, -1.100000000000000089 ) ) ;
#2926 = ORIENTED_EDGE ( 'NONE', *, *, #6052, .F. ) ;
#2927 = UNCERTAINTY_MEASURE_WITH_UNIT (LENGTH_MEASURE( 1.000000000000000082E-05 ), #7448, 'distance_accuracy_value', 'NONE');
#2928 = DIRECTION ( 'NONE',  ( -0.000000000000000000, 1.000000000000000000, -0.000000000000000000 ) ) ;
#2929 = EDGE_CURVE ( 'NONE', #9927, #6447, #2546, .T. ) ;
#2930 = SURFACE_STYLE_USAGE ( .BOTH. , #10080 ) ;
#2931 = DIRECTION ( 'NONE',  ( -1.000000000000000000, 0.000000000000000000, 0.000000000000000000 ) ) ;
#2932 = ORIENTED_EDGE ( 'NONE', *, *, #2783, .F. ) ;
#2933 = DIRECTION ( 'NONE',  ( 1.000000000000000000, 0.000000000000000000, -6.814985084193970352E-15 ) ) ;
#2934 = CYLINDRICAL_SURFACE ( 'NONE', #6032, 0.04999999999996695282 ) ;
#2935 = DIRECTION ( 'NONE',  ( 1.000000000000000000, -0.000000000000000000, -0.000000000000000000 ) ) ;
#2936 = ORIENTED_EDGE ( 'NONE', *, *, #4354, .F. ) ;
#2937 = ORIENTED_EDGE ( 'NONE', *, *, #7692, .F. ) ;
#2938 = VECTOR ( 'NONE', #1457, 1000.000000000000000 ) ;
#2939 = UNCERTAINTY_MEASURE_WITH_UNIT (LENGTH_MEASURE( 1.000000000000000082E-05 ), #1790, 'distance_accuracy_value', 'NONE');
#2940 = COLOUR_RGB ( '',0.7686274509803920907, 0.7686274509803920907, 0.7686274509803920907 ) ;
#2941 = PRESENTATION_LAYER_ASSIGNMENT (  '', '', ( #7779 ) ) ;
#2942 = LINE ( 'NONE', #8554, #8695 ) ;
#2943 = SURFACE_SIDE_STYLE ('',( #4531 ) ) ;
#2944 = ORIENTED_EDGE ( 'NONE', *, *, #6014, .F. ) ;
#2945 =( NAMED_UNIT ( * ) PLANE_ANGLE_UNIT ( ) SI_UNIT ( $, .RADIAN. ) );
#2946 = MECHANICAL_DESIGN_GEOMETRIC_PRESENTATION_REPRESENTATION (  '', ( #5300 ), #1929 ) ;
#2947 = VECTOR ( 'NONE', #6074, 1000.000000000000000 ) ;
#2948 = CARTESIAN_POINT ( 'NONE',  ( 0.8500000000000205169, -0.05000000000000000278, 1.599999999999999645 ) ) ;
#2949 = VERTEX_POINT ( 'NONE', #1262 ) ;
#2950 = CARTESIAN_POINT ( 'NONE',  ( -2.000000000000000000, 0.000000000000000000, -2.000000000000000000 ) ) ;
#2951 = ORIENTED_EDGE ( 'NONE', *, *, #7218, .T. ) ;
#2952 = EDGE_CURVE ( 'NONE', #363, #5446, #6055, .T. ) ;
#2953 = PLANE ( 'NONE',  #98 ) ;
#2954 = EDGE_CURVE ( 'NONE', #4054, #9927, #5738, .T. ) ;
#2955 = CARTESIAN_POINT ( 'NONE',  ( 1.450000000000020828, 0.1499999999999999944, -2.000000000000000000 ) ) ;
#2956 = MECHANICAL_DESIGN_GEOMETRIC_PRESENTATION_REPRESENTATION (  '', ( #4808 ), #3637 ) ;
#2958 = MECHANICAL_DESIGN_GEOMETRIC_PRESENTATION_REPRESENTATION (  '', ( #6808 ), #5797 ) ;
#2957 = DIRECTION ( 'NONE',  ( 0.000000000000000000, 1.000000000000000000, 0.000000000000000000 ) ) ;
#2959 = STYLED_ITEM ( 'NONE', ( #4694 ), #7501 ) ;
#2960 =( LENGTH_UNIT ( ) NAMED_UNIT ( * ) SI_UNIT ( .MILLI., .METRE. ) );
#2961 = PRESENTATION_LAYER_ASSIGNMENT (  '', '', ( #1606 ) ) ;
#2962 = COLOUR_RGB ( '',0.7686274509803920907, 0.7686274509803920907, 0.7686274509803920907 ) ;
#2963 = LINE ( 'NONE', #1290, #10369 ) ;
#2964 = AXIS2_PLACEMENT_3D ( 'NONE', #6196, #559, #7636 ) ;
#2965 = MECHANICAL_DESIGN_GEOMETRIC_PRESENTATION_REPRESENTATION (  '', ( #4817 ), #433 ) ;
#2966 = DIRECTION ( 'NONE',  ( -0.000000000000000000, -1.000000000000000000, -0.000000000000000000 ) ) ;
#2967 = CARTESIAN_POINT ( 'NONE',  ( -1.999999999999994449, 0.000000000000000000, -0.7000000000000005107 ) ) ;
#2968 = PLANE ( 'NONE',  #5663 ) ;
#2969 = ORIENTED_EDGE ( 'NONE', *, *, #6805, .F. ) ;
#2970 = CARTESIAN_POINT ( 'NONE',  ( -0.09999999999997917499, 0.000000000000000000, -2.000000000000000000 ) ) ;
#2971 = AXIS2_PLACEMENT_3D ( 'NONE', #4114, #6419, #10311 ) ;
#2972 = AXIS2_PLACEMENT_3D ( 'NONE', #774, #7949, #7090 ) ;
#2973 = ADVANCED_FACE ( 'NONE', ( #9022 ), #3378, .T. ) ;
#2974 = CIRCLE ( 'NONE', #3312, 0.04999999999996716793 ) ;
#2975 = DIRECTION ( 'NONE',  ( 0.000000000000000000, 1.000000000000000000, 0.000000000000000000 ) ) ;
#2976 = DIRECTION ( 'NONE',  ( 1.000000000000000000, 0.000000000000000000, 0.000000000000000000 ) ) ;
#2977 = DIRECTION ( 'NONE',  ( -1.000000000000000000, -0.000000000000000000, -0.000000000000000000 ) ) ;
#2978 = ORIENTED_EDGE ( 'NONE', *, *, #9640, .F. ) ;
#2979 = COLOUR_RGB ( '',0.7686274509803920907, 0.7686274509803920907, 0.7686274509803920907 ) ;
#2980 = DIRECTION ( 'NONE',  ( 0.000000000000000000, 0.000000000000000000, -1.000000000000000000 ) ) ;
#2981 = FILL_AREA_STYLE_COLOUR ( '', #7960 ) ;
#2982 = FILL_AREA_STYLE ('',( #2638 ) ) ;
#2983 = ADVANCED_FACE ( 'NONE', ( #2488 ), #8441, .F. ) ;
#2984 = EDGE_LOOP ( 'NONE', ( #2769, #9818, #6987, #8957 ) ) ;
#2985 = DIRECTION ( 'NONE',  ( -0.000000000000000000, -0.000000000000000000, -1.000000000000000000 ) ) ;
#2986 = DIRECTION ( 'NONE',  ( -0.000000000000000000, 1.000000000000000000, -0.000000000000000000 ) ) ;
#2987 = CARTESIAN_POINT ( 'NONE',  ( 1.249999999999996447, -0.05000000000000000278, 1.149999999999999911 ) ) ;
#2988 = CARTESIAN_POINT ( 'NONE',  ( 0.3000000000000209166, -0.05000000000000000278, 2.000000000000000000 ) ) ;
#2989 = MECHANICAL_DESIGN_GEOMETRIC_PRESENTATION_REPRESENTATION (  '', ( #7990 ), #960 ) ;
#2990 = AXIS2_PLACEMENT_3D ( 'NONE', #161, #5019, #7451 ) ;
#2991 = VERTEX_POINT ( 'NONE', #9454 ) ;
#2992 = LINE ( 'NONE', #6202, #9349 ) ;
#2993 = AXIS2_PLACEMENT_3D ( 'NONE', #3240, #6626, #9791 ) ;
#2994 = SURFACE_STYLE_FILL_AREA ( #3095 ) ;
#2995 = DIRECTION ( 'NONE',  ( -0.000000000000000000, 1.000000000000000000, 0.000000000000000000 ) ) ;
#2996 = DIRECTION ( 'NONE',  ( 1.000000000000000000, 0.000000000000000000, 6.195440985630866630E-16 ) ) ;
#2997 = FILL_AREA_STYLE_COLOUR ( '', #4603 ) ;
#2998 = ORIENTED_EDGE ( 'NONE', *, *, #4945, .F. ) ;
#2999 = EDGE_CURVE ( 'NONE', #8150, #896, #4051, .T. ) ;
#3000 = ORIENTED_EDGE ( 'NONE', *, *, #9348, .T. ) ;
#3001 = VECTOR ( 'NONE', #5807, 1000.000000000000000 ) ;
#3002 = STYLED_ITEM ( 'NONE', ( #4372 ), #1898 ) ;
#3003 = CARTESIAN_POINT ( 'NONE',  ( 0.4500000000000204947, -0.05000000000000000278, 1.599999999999999645 ) ) ;
#3004 = FILL_AREA_STYLE_COLOUR ( '', #5687 ) ;
#3005 = PRESENTATION_LAYER_ASSIGNMENT (  '', '', ( #2178 ) ) ;
#3006 = FILL_AREA_STYLE ('',( #8499 ) ) ;
#3007 = ORIENTED_EDGE ( 'NONE', *, *, #210, .F. ) ;
#3008 = FILL_AREA_STYLE ('',( #7873 ) ) ;
#3009 = AXIS2_PLACEMENT_3D ( 'NONE', #653, #3887, #10224 ) ;
#3010 = VECTOR ( 'NONE', #2680, 1000.000000000000000 ) ;
#3011 =( NAMED_UNIT ( * ) SI_UNIT ( $, .STERADIAN. ) SOLID_ANGLE_UNIT ( ) );
#3012 = ORIENTED_EDGE ( 'NONE', *, *, #4789, .F. ) ;
#3013 = DIRECTION ( 'NONE',  ( -0.000000000000000000, 1.000000000000000000, 0.000000000000000000 ) ) ;
#3014 = DIRECTION ( 'NONE',  ( -0.000000000000000000, -0.000000000000000000, -1.000000000000000000 ) ) ;
#3015 = STYLED_ITEM ( 'NONE', ( #10239 ), #3021 ) ;
#3016 = AXIS2_PLACEMENT_3D ( 'NONE', #8902, #7136, #2426 ) ;
#3017 = CARTESIAN_POINT ( 'NONE',  ( -0.5000000000000037748, -0.05000000000000000278, 1.000000000000000000 ) ) ;
#3018 = CYLINDRICAL_SURFACE ( 'NONE', #10023, 0.04999999999996716793 ) ;
#3019 = AXIS2_PLACEMENT_3D ( 'NONE', #6937, #10088, #3911 ) ;
#3020 = UNCERTAINTY_MEASURE_WITH_UNIT (LENGTH_MEASURE( 1.000000000000000082E-05 ), #8224, 'distance_accuracy_value', 'NONE');
#3021 = ADVANCED_FACE ( 'NONE', ( #5310 ), #1324, .F. ) ;
#3022 = PRESENTATION_STYLE_ASSIGNMENT (( #3821 ) ) ;
#3023 = CARTESIAN_POINT ( 'NONE',  ( -0.7499999999999793499, -0.05000000000000000278, 1.599999999999999867 ) ) ;
#3024 = AXIS2_PLACEMENT_3D ( 'NONE', #3935, #8732, #7113 ) ;
#3025 =( GEOMETRIC_REPRESENTATION_CONTEXT ( 3 ) GLOBAL_UNCERTAINTY_ASSIGNED_CONTEXT ( ( #7632 ) ) GLOBAL_UNIT_ASSIGNED_CONTEXT ( ( #9498, #10227, #7736 ) ) REPRESENTATION_CONTEXT ( 'NONE', 'WORKASPACE' ) );
#3026 = FILL_AREA_STYLE_COLOUR ( '', #4129 ) ;
#3027 = AXIS2_PLACEMENT_3D ( 'NONE', #7897, #3787, #8484 ) ;
#3028 = SURFACE_STYLE_USAGE ( .BOTH. , #3827 ) ;
#3029 = FILL_AREA_STYLE_COLOUR ( '', #7777 ) ;
#3030 = PRESENTATION_STYLE_ASSIGNMENT (( #5486 ) ) ;
#3031 = ORIENTED_EDGE ( 'NONE', *, *, #8703, .F. ) ;
#3032 = CARTESIAN_POINT ( 'NONE',  ( 0.4500000000000204947, 0.000000000000000000, -1.599999999999999645 ) ) ;
#3033 = AXIS2_PLACEMENT_3D ( 'NONE', #7611, #7766, #10009 ) ;
#3034 = DIRECTION ( 'NONE',  ( 0.000000000000000000, 0.000000000000000000, 1.000000000000000000 ) ) ;
#3035 = EDGE_CURVE ( 'NONE', #5776, #1643, #7037, .T. ) ;
#3036 = ADVANCED_FACE ( 'NONE', ( #7647 ), #6892, .T. ) ;
#3037 = PLANE ( 'NONE',  #4532 ) ;
#3038 = VERTEX_POINT ( 'NONE', #10045 ) ;
#3039 = VECTOR ( 'NONE', #5008, 1000.000000000000000 ) ;
#3040 = FACE_OUTER_BOUND ( 'NONE', #9408, .T. ) ;
#3041 = DIRECTION ( 'NONE',  ( 0.000000000000000000, 0.000000000000000000, -1.000000000000000000 ) ) ;
#3042 = LINE ( 'NONE', #9395, #2658 ) ;
#3043 = VERTEX_POINT ( 'NONE', #2098 ) ;
#3044 = UNCERTAINTY_MEASURE_WITH_UNIT (LENGTH_MEASURE( 1.000000000000000082E-05 ), #2892, 'distance_accuracy_value', 'NONE');
#3045 =( LENGTH_UNIT ( ) NAMED_UNIT ( * ) SI_UNIT ( .MILLI., .METRE. ) );
#3046 = CARTESIAN_POINT ( 'NONE',  ( 0.7000000000000209388, 0.1499999999999999944, -2.000000000000000000 ) ) ;
#3047 = SURFACE_STYLE_USAGE ( .BOTH. , #10189 ) ;
#3048 =( LENGTH_UNIT ( ) NAMED_UNIT ( * ) SI_UNIT ( .MILLI., .METRE. ) );
#3049 = CARTESIAN_POINT ( 'NONE',  ( 1.450000000000020828, 0.1499999999999999944, -2.050000000000000266 ) ) ;
#3050 = ORIENTED_EDGE ( 'NONE', *, *, #6853, .T. ) ;
#3051 = SURFACE_SIDE_STYLE ('',( #2994 ) ) ;
#3052 = PRESENTATION_STYLE_ASSIGNMENT (( #3700 ) ) ;
#3053 = CARTESIAN_POINT ( 'NONE',  ( 1.450000000000020828, -0.05000000000000000278, 2.050000000000000266 ) ) ;
#3054 = CARTESIAN_POINT ( 'NONE',  ( 1.200000000000008837, -0.05000000000000000278, -0.7500000000000004441 ) ) ;
#3055 = ORIENTED_EDGE ( 'NONE', *, *, #9142, .T. ) ;
#3056 = ORIENTED_EDGE ( 'NONE', *, *, #7726, .F. ) ;
#3057 = UNCERTAINTY_MEASURE_WITH_UNIT (LENGTH_MEASURE( 1.000000000000000082E-05 ), #9623, 'distance_accuracy_value', 'NONE');
#3058 = CARTESIAN_POINT ( 'NONE',  ( 0.1000000000000208361, -0.05000000000000000278, 1.649999999999999911 ) ) ;
#3059 = FILL_AREA_STYLE_COLOUR ( '', #7285 ) ;
#3060 = VERTEX_POINT ( 'NONE', #5369 ) ;
#3061 = CARTESIAN_POINT ( 'NONE',  ( 1.150000000000021227, -0.05000000000000000278, 1.649999999999966827 ) ) ;
#3062 =( NAMED_UNIT ( * ) SI_UNIT ( $, .STERADIAN. ) SOLID_ANGLE_UNIT ( ) );
#3063 = VERTEX_POINT ( 'NONE', #9369 ) ;
#3064 = ADVANCED_FACE ( 'NONE', ( #8589 ), #1419, .F. ) ;
#3065 = DIRECTION ( 'NONE',  ( 1.000000000000000000, 0.000000000000000000, 0.000000000000000000 ) ) ;
#3066 = CARTESIAN_POINT ( 'NONE',  ( 1.249999999999998002, -0.05000000000000000278, 0.6999999999999999556 ) ) ;
#3067 = ORIENTED_EDGE ( 'NONE', *, *, #575, .F. ) ;
#3068 = DIRECTION ( 'NONE',  ( 0.000000000000000000, -1.000000000000000000, 0.000000000000000000 ) ) ;
#3069 = DIRECTION ( 'NONE',  ( 0.000000000000000000, 1.000000000000000000, 0.000000000000000000 ) ) ;
#3070 = CARTESIAN_POINT ( 'NONE',  ( -0.09999999999997917499, 0.000000000000000000, -1.649999999999999911 ) ) ;
#3071 = CARTESIAN_POINT ( 'NONE',  ( -0.4999999999999885092, 0.000000000000000000, -1.100000000000000533 ) ) ;
#3072 = CARTESIAN_POINT ( 'NONE',  ( 2.000000000000000000, 0.000000000000000000, -2.000000000000000000 ) ) ;
#3073 = FILL_AREA_STYLE ('',( #4754 ) ) ;
#3074 = LINE ( 'NONE', #9428, #590 ) ;
#3075 = PRESENTATION_LAYER_ASSIGNMENT (  '', '', ( #8267 ) ) ;
#3076 = DIRECTION ( 'NONE',  ( 0.000000000000000000, 1.000000000000000000, 0.000000000000000000 ) ) ;
#3077 = ORIENTED_EDGE ( 'NONE', *, *, #9765, .F. ) ;
#3078 = DIRECTION ( 'NONE',  ( 0.000000000000000000, 1.355252715606880049E-16, -1.000000000000000000 ) ) ;
#3079 = DIRECTION ( 'NONE',  ( 1.000000000000000000, -0.000000000000000000, -0.000000000000000000 ) ) ;
#3080 =( NAMED_UNIT ( * ) PLANE_ANGLE_UNIT ( ) SI_UNIT ( $, .RADIAN. ) );
#3081 = LINE ( 'NONE', #703, #4706 ) ;
#3082 = LINE ( 'NONE', #2254, #3958 ) ;
#3083 = ORIENTED_EDGE ( 'NONE', *, *, #2131, .F. ) ;
#3084 = LINE ( 'NONE', #8775, #10105 ) ;
#3085 =( LENGTH_UNIT ( ) NAMED_UNIT ( * ) SI_UNIT ( .MILLI., .METRE. ) );
#3086 = ORIENTED_EDGE ( 'NONE', *, *, #1864, .T. ) ;
#3087 = ADVANCED_FACE ( 'NONE', ( #1519 ), #6440, .T. ) ;
#3088 = ADVANCED_FACE ( 'NONE', ( #8743 ), #10348, .F. ) ;
#3089 = FACE_OUTER_BOUND ( 'NONE', #8129, .T. ) ;
#3090 = CARTESIAN_POINT ( 'NONE',  ( -0.04999999999997882527, -0.05000000000000000278, 1.599999999999999867 ) ) ;
#3091 = VECTOR ( 'NONE', #5383, 1000.000000000000000 ) ;
#3092 = DIRECTION ( 'NONE',  ( -0.000000000000000000, 1.000000000000000000, -0.000000000000000000 ) ) ;
#3093 = VERTEX_POINT ( 'NONE', #1765 ) ;
#3094 = SURFACE_STYLE_USAGE ( .BOTH. , #917 ) ;
#3095 = FILL_AREA_STYLE ('',( #767 ) ) ;
#3096 = VECTOR ( 'NONE', #6150, 1000.000000000000000 ) ;
#3097 = ORIENTED_EDGE ( 'NONE', *, *, #1925, .F. ) ;
#3098 = COLOUR_RGB ( '',0.7686274509803920907, 0.7686274509803920907, 0.7686274509803920907 ) ;
#3099 = ORIENTED_EDGE ( 'NONE', *, *, #9024, .F. ) ;
#3100 = DIRECTION ( 'NONE',  ( 0.000000000000000000, 0.000000000000000000, 1.000000000000000000 ) ) ;
#3101 = SURFACE_STYLE_USAGE ( .BOTH. , #10246 ) ;
#3102 = VERTEX_POINT ( 'NONE', #3401 ) ;
#3103 = CARTESIAN_POINT ( 'NONE',  ( 1.250000000000005107, -0.05000000000000000278, -0.3000000000000002109 ) ) ;
#3104 = SURFACE_SIDE_STYLE ('',( #28 ) ) ;
#3105 = STYLED_ITEM ( 'NONE', ( #8771 ), #6880 ) ;
#3106 = DIRECTION ( 'NONE',  ( -1.000000000000000000, 0.000000000000000000, 0.000000000000000000 ) ) ;
#3107 = EDGE_LOOP ( 'NONE', ( #6201, #4980, #8648, #9551 ) ) ;
#3108 = CARTESIAN_POINT ( 'NONE',  ( -0.8999999999999794831, -0.05000000000000000278, -1.649999999999999911 ) ) ;
#3109 = COLOUR_RGB ( '',0.7686274509803920907, 0.7686274509803920907, 0.7686274509803920907 ) ;
#3110 = SURFACE_STYLE_FILL_AREA ( #5577 ) ;
#3111 = CIRCLE ( 'NONE', #8942, 0.04999999999999991257 ) ;
#3112 = MECHANICAL_DESIGN_GEOMETRIC_PRESENTATION_REPRESENTATION (  '', ( #586 ), #6456 ) ;
#3113 = STYLED_ITEM ( 'NONE', ( #6864 ), #7155 ) ;
#3114 = FACE_OUTER_BOUND ( 'NONE', #7015, .T. ) ;
#3115 = ORIENTED_EDGE ( 'NONE', *, *, #1465, .T. ) ;
#3116 = PRESENTATION_STYLE_ASSIGNMENT (( #4540 ) ) ;
#3117 = DIRECTION ( 'NONE',  ( 0.000000000000000000, 0.000000000000000000, 1.000000000000000000 ) ) ;
#3118 = SURFACE_STYLE_USAGE ( .BOTH. , #4698 ) ;
#3119 = EDGE_CURVE ( 'NONE', #941, #5040, #6598, .T. ) ;
#3120 = CARTESIAN_POINT ( 'NONE',  ( 1.199999999999999289, -0.05000000000000000278, 0.4499999999999995670 ) ) ;
#3121 = UNCERTAINTY_MEASURE_WITH_UNIT (LENGTH_MEASURE( 1.000000000000000082E-05 ), #5319, 'distance_accuracy_value', 'NONE');
#3122 = VECTOR ( 'NONE', #5848, 1000.000000000000000 ) ;
#3123 = FILL_AREA_STYLE_COLOUR ( '', #9609 ) ;
#3124 = DIRECTION ( 'NONE',  ( 4.394632805807644776E-14, 0.000000000000000000, 1.000000000000000000 ) ) ;
#3125 = ADVANCED_FACE ( 'NONE', ( #8935 ), #180, .T. ) ;
#3126 =( NAMED_UNIT ( * ) PLANE_ANGLE_UNIT ( ) SI_UNIT ( $, .RADIAN. ) );
#3127 = PRESENTATION_LAYER_ASSIGNMENT (  '', '', ( #7620 ) ) ;
#3128 =( LENGTH_UNIT ( ) NAMED_UNIT ( * ) SI_UNIT ( .MILLI., .METRE. ) );
#3129 = MECHANICAL_DESIGN_GEOMETRIC_PRESENTATION_REPRESENTATION (  '', ( #6985 ), #3974 ) ;
#3130 = CARTESIAN_POINT ( 'NONE',  ( 0.3000000000000209166, 0.1499999999999999944, -2.050000000000000266 ) ) ;
#3131 = CARTESIAN_POINT ( 'NONE',  ( 1.150000000000021005, -0.05000000000000000278, 2.000000000000000000 ) ) ;
#3132 = ORIENTED_EDGE ( 'NONE', *, *, #6868, .T. ) ;
#3133 = CARTESIAN_POINT ( 'NONE',  ( -0.7499999999999462652, -0.05000000000000000278, 1.649999999999967049 ) ) ;
#3134 = AXIS2_PLACEMENT_3D ( 'NONE', #6429, #9738, #8075 ) ;
#3135 = AXIS2_PLACEMENT_3D ( 'NONE', #6800, #9898, #6752 ) ;
#3136 = DIRECTION ( 'NONE',  ( 0.000000000000000000, 0.000000000000000000, -1.000000000000000000 ) ) ;
#3137 = DIRECTION ( 'NONE',  ( -1.239088197126173129E-15, 0.000000000000000000, 1.000000000000000000 ) ) ;
#3138 = DIRECTION ( 'NONE',  ( -0.000000000000000000, -0.000000000000000000, 1.000000000000000000 ) ) ;
#3139 = EDGE_CURVE ( 'NONE', #221, #896, #10054, .T. ) ;
#3140 = CARTESIAN_POINT ( 'NONE',  ( -2.050000000000000266, -0.05000000000000000278, 0.1499999999999995226 ) ) ;
#3141 = ORIENTED_EDGE ( 'NONE', *, *, #7657, .T. ) ;
#3142 = DIRECTION ( 'NONE',  ( 0.000000000000000000, 0.000000000000000000, -1.000000000000000000 ) ) ;
#3143 = DIRECTION ( 'NONE',  ( 0.000000000000000000, 0.000000000000000000, -1.000000000000000000 ) ) ;
#3144 = CARTESIAN_POINT ( 'NONE',  ( -0.5499999999999946043, 0.000000000000000000, -0.4000000000000005218 ) ) ;
#3145 = VERTEX_POINT ( 'NONE', #1481 ) ;
#3146 = UNCERTAINTY_MEASURE_WITH_UNIT (LENGTH_MEASURE( 1.000000000000000082E-05 ), #2916, 'distance_accuracy_value', 'NONE');
#3147 = PRESENTATION_LAYER_ASSIGNMENT (  '', '', ( #2313 ) ) ;
#3148 = FILL_AREA_STYLE_COLOUR ( '', #5500 ) ;
#3149 = CARTESIAN_POINT ( 'NONE',  ( 0.9000000000000208944, 0.1499999999999999944, 2.000000000000000000 ) ) ;
#3150 = MECHANICAL_DESIGN_GEOMETRIC_PRESENTATION_REPRESENTATION (  '', ( #9628 ), #7977 ) ;
#3151 = PRESENTATION_STYLE_ASSIGNMENT (( #3996 ) ) ;
#3152 = CARTESIAN_POINT ( 'NONE',  ( 0.000000000000000000, 0.000000000000000000, 0.000000000000000000 ) ) ;
#3153 = ORIENTED_EDGE ( 'NONE', *, *, #4778, .T. ) ;
#3154 = FACE_OUTER_BOUND ( 'NONE', #1382, .T. ) ;
#3155 = AXIS2_PLACEMENT_3D ( 'NONE', #6839, #8556, #8650 ) ;
#3156 = FILL_AREA_STYLE ('',( #3903 ) ) ;
#3157 = EDGE_CURVE ( 'NONE', #9330, #3223, #5468, .T. ) ;
#3158 =( GEOMETRIC_REPRESENTATION_CONTEXT ( 3 ) GLOBAL_UNCERTAINTY_ASSIGNED_CONTEXT ( ( #9315 ) ) GLOBAL_UNIT_ASSIGNED_CONTEXT ( ( #57, #3445, #5805 ) ) REPRESENTATION_CONTEXT ( 'NONE', 'WORKASPACE' ) );
#3159 = EDGE_CURVE ( 'NONE', #7942, #6850, #532, .T. ) ;
#3160 =( NAMED_UNIT ( * ) SI_UNIT ( $, .STERADIAN. ) SOLID_ANGLE_UNIT ( ) );
#3161 = CARTESIAN_POINT ( 'NONE',  ( 1.200000000000004619, -0.05000000000000000278, -0.4499999999999997891 ) ) ;
#3162 = VECTOR ( 'NONE', #4605, 1000.000000000000000 ) ;
#3163 = ORIENTED_EDGE ( 'NONE', *, *, #139, .F. ) ;
#3164 = ORIENTED_EDGE ( 'NONE', *, *, #9561, .T. ) ;
#3165 = VERTEX_POINT ( 'NONE', #3756 ) ;
#3166 = PRESENTATION_STYLE_ASSIGNMENT (( #6215 ) ) ;
#3167 = FILL_AREA_STYLE_COLOUR ( '', #1645 ) ;
#3168 = VECTOR ( 'NONE', #3464, 1000.000000000000000 ) ;
#3169 = VECTOR ( 'NONE', #7933, 1000.000000000000000 ) ;
#3170 = DIRECTION ( 'NONE',  ( 0.000000000000000000, 0.000000000000000000, 1.000000000000000000 ) ) ;
#3171 =( GEOMETRIC_REPRESENTATION_CONTEXT ( 3 ) GLOBAL_UNCERTAINTY_ASSIGNED_CONTEXT ( ( #6925 ) ) GLOBAL_UNIT_ASSIGNED_CONTEXT ( ( #9857, #969, #862 ) ) REPRESENTATION_CONTEXT ( 'NONE', 'WORKASPACE' ) );
#3172 = DIRECTION ( 'NONE',  ( 0.000000000000000000, 0.000000000000000000, -1.000000000000000000 ) ) ;
#3173 =( GEOMETRIC_REPRESENTATION_CONTEXT ( 3 ) GLOBAL_UNCERTAINTY_ASSIGNED_CONTEXT ( ( #3573 ) ) GLOBAL_UNIT_ASSIGNED_CONTEXT ( ( #904, #52, #9703 ) ) REPRESENTATION_CONTEXT ( 'NONE', 'WORKASPACE' ) );
#3174 = ORIENTED_EDGE ( 'NONE', *, *, #4221, .F. ) ;
#3175 = EDGE_CURVE ( 'NONE', #7352, #4983, #4690, .T. ) ;
#3176 = CARTESIAN_POINT ( 'NONE',  ( 1.249999999999999556, -0.05000000000000000278, 0.4999999999999997780 ) ) ;
#3177 = MECHANICAL_DESIGN_GEOMETRIC_PRESENTATION_REPRESENTATION (  '', ( #2661 ), #10325 ) ;
#3178 = PRESENTATION_LAYER_ASSIGNMENT (  '', '', ( #6343 ) ) ;
#3179 = PRESENTATION_LAYER_ASSIGNMENT (  '', '', ( #2664 ) ) ;
#3180 = ORIENTED_EDGE ( 'NONE', *, *, #3584, .F. ) ;
#3181 = FACE_OUTER_BOUND ( 'NONE', #9697, .T. ) ;
#3182 = FILL_AREA_STYLE_COLOUR ( '', #1784 ) ;
#3183 = LINE ( 'NONE', #3813, #2827 ) ;
#3184 = DIRECTION ( 'NONE',  ( 0.000000000000000000, 1.000000000000000000, 0.000000000000000000 ) ) ;
#3185 = LINE ( 'NONE', #3120, #2526 ) ;
#3186 = STYLED_ITEM ( 'NONE', ( #4759 ), #9937 ) ;
#3187 = VECTOR ( 'NONE', #10155, 1000.000000000000000 ) ;
#3188 = SURFACE_STYLE_USAGE ( .BOTH. , #8666 ) ;
#3189 =( NAMED_UNIT ( * ) PLANE_ANGLE_UNIT ( ) SI_UNIT ( $, .RADIAN. ) );
#3190 =( GEOMETRIC_REPRESENTATION_CONTEXT ( 3 ) GLOBAL_UNCERTAINTY_ASSIGNED_CONTEXT ( ( #7206 ) ) GLOBAL_UNIT_ASSIGNED_CONTEXT ( ( #6216, #7331, #9673 ) ) REPRESENTATION_CONTEXT ( 'NONE', 'WORKASPACE' ) );
#3191 = VECTOR ( 'NONE', #9979, 1000.000000000000000 ) ;
#3192 = CARTESIAN_POINT ( 'NONE',  ( 1.200000000000008837, -0.05000000000000000278, -0.7500000000000004441 ) ) ;
#3193 = PRESENTATION_LAYER_ASSIGNMENT (  '', '', ( #649 ) ) ;
#3194 = CARTESIAN_POINT ( 'NONE',  ( 0.5000000000000208722, -0.05000000000000000278, 2.050000000000000266 ) ) ;
#3195 = MECHANICAL_DESIGN_GEOMETRIC_PRESENTATION_REPRESENTATION (  '', ( #3867 ), #10015 ) ;
#3196 = ORIENTED_EDGE ( 'NONE', *, *, #9299, .T. ) ;
#3197 =( LENGTH_UNIT ( ) NAMED_UNIT ( * ) SI_UNIT ( .MILLI., .METRE. ) );
#3198 = DIRECTION ( 'NONE',  ( 1.000000000000000000, 0.000000000000000000, 0.000000000000000000 ) ) ;
#3199 =( GEOMETRIC_REPRESENTATION_CONTEXT ( 3 ) GLOBAL_UNCERTAINTY_ASSIGNED_CONTEXT ( ( #4005 ) ) GLOBAL_UNIT_ASSIGNED_CONTEXT ( ( #7836, #4043, #1598 ) ) REPRESENTATION_CONTEXT ( 'NONE', 'WORKASPACE' ) );
#3200 = VECTOR ( 'NONE', #8260, 1000.000000000000000 ) ;
#3201 = DIRECTION ( 'NONE',  ( -0.000000000000000000, -1.355252715606880049E-16, 1.000000000000000000 ) ) ;
#3202 = PRESENTATION_LAYER_ASSIGNMENT (  '', '', ( #10174 ) ) ;
#3203 = EDGE_CURVE ( 'NONE', #1277, #9504, #6305, .T. ) ;
#3204 = CARTESIAN_POINT ( 'NONE',  ( -2.050000000000000266, 0.1499999999999999944, 0.3999999999999995226 ) ) ;
#3205 = ADVANCED_FACE ( 'NONE', ( #2336 ), #9264, .F. ) ;
#3206 = DIRECTION ( 'NONE',  ( 0.000000000000000000, 0.000000000000000000, 1.000000000000000000 ) ) ;
#3207 = DIRECTION ( 'NONE',  ( 1.000000000000000000, -0.000000000000000000, -0.000000000000000000 ) ) ;
#3208 = ORIENTED_EDGE ( 'NONE', *, *, #5719, .F. ) ;
#3209 = CARTESIAN_POINT ( 'NONE',  ( 0.05000000000002047945, -0.05000000000000000278, -1.599999999999999645 ) ) ;
#3210 = CARTESIAN_POINT ( 'NONE',  ( 1.249999999999997558, 0.000000000000000000, 0.7500000000000000000 ) ) ;
#3211 = CARTESIAN_POINT ( 'NONE',  ( -1.400000000000012124, -0.05000000000000000278, 1.599999999999999867 ) ) ;
#3212 = ORIENTED_EDGE ( 'NONE', *, *, #4778, .F. ) ;
#3213 = CARTESIAN_POINT ( 'NONE',  ( -0.5000000000000000000, -0.05000000000000000278, -0.1000000000000001305 ) ) ;
#3214 = VECTOR ( 'NONE', #8141, 1000.000000000000000 ) ;
#3215 = EDGE_CURVE ( 'NONE', #2494, #9584, #3805, .T. ) ;
#3216 = ORIENTED_EDGE ( 'NONE', *, *, #1723, .F. ) ;
#3217 =( NAMED_UNIT ( * ) PLANE_ANGLE_UNIT ( ) SI_UNIT ( $, .RADIAN. ) );
#3218 = PRESENTATION_LAYER_ASSIGNMENT (  '', '', ( #10029 ) ) ;
#3219 = SURFACE_SIDE_STYLE ('',( #8841 ) ) ;
#3220 = VERTEX_POINT ( 'NONE', #3863 ) ;
#3221 = VERTEX_POINT ( 'NONE', #9416 ) ;
#3222 = DIRECTION ( 'NONE',  ( 0.000000000000000000, 0.000000000000000000, 1.000000000000000000 ) ) ;
#3223 = VERTEX_POINT ( 'NONE', #2279 ) ;
#3224 = PRESENTATION_STYLE_ASSIGNMENT (( #75 ) ) ;
#3225 = FILL_AREA_STYLE ('',( #9465 ) ) ;
#3226 = FILL_AREA_STYLE ('',( #4896 ) ) ;
#3227 = ORIENTED_EDGE ( 'NONE', *, *, #1722, .F. ) ;
#3228 =( NAMED_UNIT ( * ) PLANE_ANGLE_UNIT ( ) SI_UNIT ( $, .RADIAN. ) );
#3229 = DIRECTION ( 'NONE',  ( -0.000000000000000000, 1.000000000000000000, -0.000000000000000000 ) ) ;
#3230 = VERTEX_POINT ( 'NONE', #8264 ) ;
#3231 = SURFACE_SIDE_STYLE ('',( #7395 ) ) ;
#3232 = DIRECTION ( 'NONE',  ( 0.000000000000000000, 0.000000000000000000, -1.000000000000000000 ) ) ;
#3233 = EDGE_CURVE ( 'NONE', #3060, #2716, #1878, .T. ) ;
#3234 = EDGE_CURVE ( 'NONE', #8903, #4777, #5589, .T. ) ;
#3235 = FILL_AREA_STYLE_COLOUR ( '', #2311 ) ;
#3236 = DIRECTION ( 'NONE',  ( 1.183329228255495291E-13, 0.000000000000000000, 1.000000000000000000 ) ) ;
#3237 = CARTESIAN_POINT ( 'NONE',  ( 0.3499999999999878209, -0.05000000000000000278, 1.599999999999999867 ) ) ;
#3238 = CARTESIAN_POINT ( 'NONE',  ( 1.250000000000008660, -0.05000000000000000278, -0.7500000000000001110 ) ) ;
#3239 = CARTESIAN_POINT ( 'NONE',  ( -0.5000000000000018874, -0.05000000000000000278, 0.6499999999999992450 ) ) ;
#3240 = CARTESIAN_POINT ( 'NONE',  ( 0.05000000000002047945, -0.05000000000000000278, -1.599999999999999645 ) ) ;
#3241 = ORIENTED_EDGE ( 'NONE', *, *, #263, .F. ) ;
#3242 = LINE ( 'NONE', #6428, #114 ) ;
#3243 = CYLINDRICAL_SURFACE ( 'NONE', #974, 0.04999999999996716793 ) ;
#3244 = CARTESIAN_POINT ( 'NONE',  ( 1.450000000000020828, 0.000000000000000000, -2.000000000000000000 ) ) ;
#3245 = ADVANCED_FACE ( 'NONE', ( #8218 ), #1672, .F. ) ;
#3246 =( NAMED_UNIT ( * ) SI_UNIT ( $, .STERADIAN. ) SOLID_ANGLE_UNIT ( ) );
#3247 = CARTESIAN_POINT ( 'NONE',  ( -0.5500000000000018208, -0.05000000000000000278, 0.6499999999999995781 ) ) ;
#3248 = CARTESIAN_POINT ( 'NONE',  ( 1.150000000000021005, 0.1499999999999999944, 2.000000000000000000 ) ) ;
#3249 = CARTESIAN_POINT ( 'NONE',  ( -2.050000000000000266, 0.1499999999999999944, -0.9500000000000005107 ) ) ;
#3250 = VERTEX_POINT ( 'NONE', #3519 ) ;
#3251 = UNCERTAINTY_MEASURE_WITH_UNIT (LENGTH_MEASURE( 1.000000000000000082E-05 ), #7440, 'distance_accuracy_value', 'NONE');
#3252 = CARTESIAN_POINT ( 'NONE',  ( 2.000000000000000000, 0.1499999999999999944, -0.6999999999999998446 ) ) ;
#3253 = EDGE_CURVE ( 'NONE', #9146, #6753, #3303, .T. ) ;
#3254 = ORIENTED_EDGE ( 'NONE', *, *, #5748, .F. ) ;
#3255 =( NAMED_UNIT ( * ) SI_UNIT ( $, .STERADIAN. ) SOLID_ANGLE_UNIT ( ) );
#3256 = LINE ( 'NONE', #10288, #392 ) ;
#3257 = ORIENTED_EDGE ( 'NONE', *, *, #2243, .T. ) ;
#3258 = EDGE_CURVE ( 'NONE', #4909, #6583, #8028, .T. ) ;
#3259 = ORIENTED_EDGE ( 'NONE', *, *, #7121, .T. ) ;
#3260 = UNCERTAINTY_MEASURE_WITH_UNIT (LENGTH_MEASURE( 1.000000000000000082E-05 ), #9172, 'distance_accuracy_value', 'NONE');
#3261 = FILL_AREA_STYLE ('',( #2470 ) ) ;
#3262 = VERTEX_POINT ( 'NONE', #2619 ) ;
#3263 = FILL_AREA_STYLE_COLOUR ( '', #9179 ) ;
#3264 = CARTESIAN_POINT ( 'NONE',  ( 1.400000000000053868, -0.05000000000000000278, -1.600000000000024070 ) ) ;
#3265 = CYLINDRICAL_SURFACE ( 'NONE', #3016, 0.04999999999996716793 ) ;
#3266 = ORIENTED_EDGE ( 'NONE', *, *, #7972, .F. ) ;
#3267 = FACE_OUTER_BOUND ( 'NONE', #9901, .T. ) ;
#3268 = PRESENTATION_STYLE_ASSIGNMENT (( #1530 ) ) ;
#3269 = ORIENTED_EDGE ( 'NONE', *, *, #9561, .F. ) ;
#3270 = CARTESIAN_POINT ( 'NONE',  ( 1.450000000000020828, -0.05000000000000000278, 2.000000000000000000 ) ) ;
#3271 = VECTOR ( 'NONE', #4381, 1000.000000000000000 ) ;
#3272 = CARTESIAN_POINT ( 'NONE',  ( 1.250000000000004663, -0.05000000000000000278, -0.3500000000000001443 ) ) ;
#3273 =( NAMED_UNIT ( * ) SI_UNIT ( $, .STERADIAN. ) SOLID_ANGLE_UNIT ( ) );
#3274 = CARTESIAN_POINT ( 'NONE',  ( 0.1000000000000208639, -0.05000000000000000278, 2.050000000000000266 ) ) ;
#3275 =( LENGTH_UNIT ( ) NAMED_UNIT ( * ) SI_UNIT ( .MILLI., .METRE. ) );
#3276 = EDGE_CURVE ( 'NONE', #5245, #1902, #1829, .T. ) ;
#3277 = EDGE_CURVE ( 'NONE', #1942, #2736, #4020, .T. ) ;
#3278 = CARTESIAN_POINT ( 'NONE',  ( -0.4999999999999885092, -0.05000000000000000278, -0.9500000000000005107 ) ) ;
#3279 = FILL_AREA_STYLE_COLOUR ( '', #3659 ) ;
#3280 = CARTESIAN_POINT ( 'NONE',  ( 0.9000000000000208944, -0.05000000000000000278, 2.050000000000000266 ) ) ;
#3281 =( NAMED_UNIT ( * ) SI_UNIT ( $, .STERADIAN. ) SOLID_ANGLE_UNIT ( ) );
#3282 = ORIENTED_EDGE ( 'NONE', *, *, #3647, .T. ) ;
#3283 = AXIS2_PLACEMENT_3D ( 'NONE', #648, #10265, #7013 ) ;
#3284 = VECTOR ( 'NONE', #5919, 1000.000000000000000 ) ;
#3286 = AXIS2_PLACEMENT_3D ( 'NONE', #1294, #6913, #2072 ) ;
#3285 = CARTESIAN_POINT ( 'NONE',  ( -1.400000000000012124, 0.000000000000000000, -1.649999999999966827 ) ) ;
#3287 =( NAMED_UNIT ( * ) SI_UNIT ( $, .STERADIAN. ) SOLID_ANGLE_UNIT ( ) );
#3288 = PLANE ( 'NONE',  #3629 ) ;
#3290 = FILL_AREA_STYLE ('',( #4082 ) ) ;
#3289 = MECHANICAL_DESIGN_GEOMETRIC_PRESENTATION_REPRESENTATION (  '', ( #9445 ), #4628 ) ;
#3291 = MECHANICAL_DESIGN_GEOMETRIC_PRESENTATION_REPRESENTATION (  '', ( #6629 ), #2767 ) ;
#3292 = VECTOR ( 'NONE', #9886, 1000.000000000000000 ) ;
#3293 = VECTOR ( 'NONE', #3917, 1000.000000000000000 ) ;
#3294 = DIRECTION ( 'NONE',  ( -0.000000000000000000, -0.000000000000000000, -1.000000000000000000 ) ) ;
#3295 = ORIENTED_EDGE ( 'NONE', *, *, #7656, .T. ) ;
#3296 = VECTOR ( 'NONE', #7546, 1000.000000000000000 ) ;
#3297 = COLOUR_RGB ( '',0.7686274509803920907, 0.7686274509803920907, 0.7686274509803920907 ) ;
#3298 = ORIENTED_EDGE ( 'NONE', *, *, #10, .F. ) ;
#3299 = CARTESIAN_POINT ( 'NONE',  ( 1.199999999999999289, -0.05000000000000000278, 0.3500000000000002554 ) ) ;
#3300 = FILL_AREA_STYLE ('',( #1610 ) ) ;
#3301 = EDGE_CURVE ( 'NONE', #8393, #9815, #8052, .T. ) ;
#3302 = ORIENTED_EDGE ( 'NONE', *, *, #3276, .F. ) ;
#3303 = LINE ( 'NONE', #1043, #9169 ) ;
#3304 = ORIENTED_EDGE ( 'NONE', *, *, #3510, .T. ) ;
#3305 = FACE_OUTER_BOUND ( 'NONE', #7089, .T. ) ;
#3306 = EDGE_LOOP ( 'NONE', ( #1386, #9371, #6254, #2665 ) ) ;
#3307 = PLANE ( 'NONE',  #6363 ) ;
#3308 = CARTESIAN_POINT ( 'NONE',  ( 1.249999999999998002, 0.000000000000000000, 0.6999999999999999556 ) ) ;
#3309 = PRESENTATION_LAYER_ASSIGNMENT (  '', '', ( #2474 ) ) ;
#3310 = VERTEX_POINT ( 'NONE', #871 ) ;
#3311 =( NAMED_UNIT ( * ) PLANE_ANGLE_UNIT ( ) SI_UNIT ( $, .RADIAN. ) );
#3312 = AXIS2_PLACEMENT_3D ( 'NONE', #787, #1728, #8908 ) ;
#3313 = ADVANCED_FACE ( 'NONE', ( #2525 ), #9715, .F. ) ;
#3314 = SURFACE_STYLE_USAGE ( .BOTH. , #7547 ) ;
#3315 = EDGE_CURVE ( 'NONE', #8084, #4995, #1984, .T. ) ;
#3316 = EDGE_CURVE ( 'NONE', #1390, #3758, #2082, .T. ) ;
#3317 = ORIENTED_EDGE ( 'NONE', *, *, #10225, .F. ) ;
#3318 = PRESENTATION_LAYER_ASSIGNMENT (  '', '', ( #5489 ) ) ;
#3319 = VECTOR ( 'NONE', #7029, 1000.000000000000000 ) ;
#3320 = DIRECTION ( 'NONE',  ( 0.000000000000000000, 0.000000000000000000, -1.000000000000000000 ) ) ;
#3321 = COLOUR_RGB ( '',0.7686274509803920907, 0.7686274509803920907, 0.7686274509803920907 ) ;
#3322 = DIRECTION ( 'NONE',  ( -0.000000000000000000, -1.355252715606880049E-16, 1.000000000000000000 ) ) ;
#3323 = SURFACE_STYLE_FILL_AREA ( #7284 ) ;
#3324 = AXIS2_PLACEMENT_3D ( 'NONE', #6126, #7732, #2201 ) ;
#3325 =( NAMED_UNIT ( * ) PLANE_ANGLE_UNIT ( ) SI_UNIT ( $, .RADIAN. ) );
#3326 =( NAMED_UNIT ( * ) PLANE_ANGLE_UNIT ( ) SI_UNIT ( $, .RADIAN. ) );
#3327 = DIRECTION ( 'NONE',  ( -1.000000000000000000, 0.000000000000000000, 0.000000000000000000 ) ) ;
#3328 = VECTOR ( 'NONE', #7892, 1000.000000000000000 ) ;
#3329 = SURFACE_STYLE_FILL_AREA ( #1021 ) ;
#3330 = DIRECTION ( 'NONE',  ( -0.000000000000000000, 1.000000000000000000, -0.000000000000000000 ) ) ;
#3331 = ORIENTED_EDGE ( 'NONE', *, *, #9101, .F. ) ;
#3332 = COLOUR_RGB ( '',0.7686274509803920907, 0.7686274509803920907, 0.7686274509803920907 ) ;
#3333 = COLOUR_RGB ( '',0.7686274509803920907, 0.7686274509803920907, 0.7686274509803920907 ) ;
#3334 = SURFACE_STYLE_FILL_AREA ( #6628 ) ;
#3335 = MECHANICAL_DESIGN_GEOMETRIC_PRESENTATION_REPRESENTATION (  '', ( #2178 ), #6354 ) ;
#3336 = EDGE_CURVE ( 'NONE', #896, #6814, #2759, .T. ) ;
#3337 = CARTESIAN_POINT ( 'NONE',  ( 0.4500000000000204947, -0.05000000000000000278, 1.599999999999999645 ) ) ;
#3338 =( NAMED_UNIT ( * ) PLANE_ANGLE_UNIT ( ) SI_UNIT ( $, .RADIAN. ) );
#3339 = MECHANICAL_DESIGN_GEOMETRIC_PRESENTATION_REPRESENTATION (  '', ( #7345 ), #4022 ) ;
#3340 =( GEOMETRIC_REPRESENTATION_CONTEXT ( 3 ) GLOBAL_UNCERTAINTY_ASSIGNED_CONTEXT ( ( #6105 ) ) GLOBAL_UNIT_ASSIGNED_CONTEXT ( ( #5930, #7427, #2624 ) ) REPRESENTATION_CONTEXT ( 'NONE', 'WORKASPACE' ) );
#3341 = FILL_AREA_STYLE ('',( #6638 ) ) ;
#3342 = PRESENTATION_LAYER_ASSIGNMENT (  '', '', ( #7519 ) ) ;
#3343 = CARTESIAN_POINT ( 'NONE',  ( 0.7499999999999878986, -0.05000000000000000278, 1.599999999999999867 ) ) ;
#3344 = DIRECTION ( 'NONE',  ( 0.000000000000000000, 0.000000000000000000, 1.000000000000000000 ) ) ;
#3345 = ORIENTED_EDGE ( 'NONE', *, *, #5024, .T. ) ;
#3346 = AXIS2_PLACEMENT_3D ( 'NONE', #3913, #3106, #9075 ) ;
#3347 = EDGE_CURVE ( 'NONE', #9571, #9230, #9296, .T. ) ;
#3348 = MECHANICAL_DESIGN_GEOMETRIC_PRESENTATION_REPRESENTATION (  '', ( #1834 ), #6884 ) ;
#3349 = EDGE_CURVE ( 'NONE', #2317, #5732, #8476, .T. ) ;
#3350 = LINE ( 'NONE', #4414, #6515 ) ;
#3351 = STYLED_ITEM ( 'NONE', ( #6759 ), #6011 ) ;
#3352 = MECHANICAL_DESIGN_GEOMETRIC_PRESENTATION_REPRESENTATION (  '', ( #143 ), #1504 ) ;
#3353 = ORIENTED_EDGE ( 'NONE', *, *, #7242, .F. ) ;
#3354 = CARTESIAN_POINT ( 'NONE',  ( 2.000000000000012879, 0.000000000000000000, -1.300000000000000266 ) ) ;
#3355 = CARTESIAN_POINT ( 'NONE',  ( -0.5500000000000000444, 0.000000000000000000, 0.09999999999999950595 ) ) ;
#3356 = DIRECTION ( 'NONE',  ( -0.000000000000000000, 1.000000000000000000, 0.000000000000000000 ) ) ;
#3357 = ORIENTED_EDGE ( 'NONE', *, *, #5775, .T. ) ;
#3358 = SURFACE_SIDE_STYLE ('',( #1090 ) ) ;
#3359 = VECTOR ( 'NONE', #9074, 1000.000000000000000 ) ;
#3360 = EDGE_LOOP ( 'NONE', ( #8340, #1369, #7864, #1199 ) ) ;
#3361 = UNCERTAINTY_MEASURE_WITH_UNIT (LENGTH_MEASURE( 1.000000000000000082E-05 ), #884, 'distance_accuracy_value', 'NONE');
#3362 = FILL_AREA_STYLE ('',( #4308 ) ) ;
#3363 = PRESENTATION_STYLE_ASSIGNMENT (( #2573 ) ) ;
#3364 = FACE_OUTER_BOUND ( 'NONE', #870, .T. ) ;
#3365 = AXIS2_PLACEMENT_3D ( 'NONE', #1028, #4240, #110 ) ;
#3366 = VERTEX_POINT ( 'NONE', #9909 ) ;
#3367 = AXIS2_PLACEMENT_3D ( 'NONE', #6462, #8024, #8911 ) ;
#3368 = CARTESIAN_POINT ( 'NONE',  ( 0.5000000000000208722, -0.05000000000000000278, -2.050000000000000266 ) ) ;
#3369 = FILL_AREA_STYLE ('',( #1937 ) ) ;
#3370 = EDGE_LOOP ( 'NONE', ( #5211, #4421, #1892, #6165 ) ) ;
#3371 = FILL_AREA_STYLE ('',( #4168 ) ) ;
#3372 = FACE_OUTER_BOUND ( 'NONE', #4200, .T. ) ;
#3373 = DIRECTION ( 'NONE',  ( 1.000000000000000000, 0.000000000000000000, 0.000000000000000000 ) ) ;
#3374 = PLANE ( 'NONE',  #5167 ) ;
#3375 =( NAMED_UNIT ( * ) PLANE_ANGLE_UNIT ( ) SI_UNIT ( $, .RADIAN. ) );
#3376 = EDGE_CURVE ( 'NONE', #8048, #9442, #6037, .T. ) ;
#3377 = ORIENTED_EDGE ( 'NONE', *, *, #7243, .F. ) ;
#3378 = PLANE ( 'NONE',  #4393 ) ;
#3379 = ORIENTED_EDGE ( 'NONE', *, *, #6914, .T. ) ;
#3380 = DIRECTION ( 'NONE',  ( 0.000000000000000000, -1.000000000000000000, 0.000000000000000000 ) ) ;
#3381 =( NAMED_UNIT ( * ) SI_UNIT ( $, .STERADIAN. ) SOLID_ANGLE_UNIT ( ) );
#3382 = PRESENTATION_STYLE_ASSIGNMENT (( #158 ) ) ;
#3383 = EDGE_CURVE ( 'NONE', #6709, #1551, #5199, .T. ) ;
#3384 = SURFACE_STYLE_USAGE ( .BOTH. , #9583 ) ;
#3385 = ORIENTED_EDGE ( 'NONE', *, *, #3878, .T. ) ;
#3386 = PRESENTATION_STYLE_ASSIGNMENT (( #8878 ) ) ;
#3387 =( LENGTH_UNIT ( ) NAMED_UNIT ( * ) SI_UNIT ( .MILLI., .METRE. ) );
#3388 = CARTESIAN_POINT ( 'NONE',  ( 0.3000000000000209166, -0.05000000000000000278, 2.050000000000000266 ) ) ;
#3389 = DIRECTION ( 'NONE',  ( 0.000000000000000000, -1.000000000000000000, 0.000000000000000000 ) ) ;
#3390 =( LENGTH_UNIT ( ) NAMED_UNIT ( * ) SI_UNIT ( .MILLI., .METRE. ) );
#3391 =( NAMED_UNIT ( * ) SI_UNIT ( $, .STERADIAN. ) SOLID_ANGLE_UNIT ( ) );
#3392 = DIRECTION ( 'NONE',  ( -1.000000000000000000, -0.000000000000000000, -0.000000000000000000 ) ) ;
#3393 = DIRECTION ( 'NONE',  ( 0.000000000000000000, -1.000000000000000000, 0.000000000000000000 ) ) ;
#3394 = CARTESIAN_POINT ( 'NONE',  ( -0.6999999999999791944, 0.1499999999999999944, 2.000000000000000000 ) ) ;
#3395 = ORIENTED_EDGE ( 'NONE', *, *, #7062, .F. ) ;
#3396 = FACE_OUTER_BOUND ( 'NONE', #3671, .T. ) ;
#3397 = LINE ( 'NONE', #5871, #4182 ) ;
#3398 = ORIENTED_EDGE ( 'NONE', *, *, #3467, .F. ) ;
#3399 = CARTESIAN_POINT ( 'NONE',  ( -2.000000000000000000, 1.000000000000000000, -2.000000000000000000 ) ) ;
#3400 = SURFACE_SIDE_STYLE ('',( #7262 ) ) ;
#3401 = CARTESIAN_POINT ( 'NONE',  ( 1.249999999999996669, -0.05000000000000000278, 1.300000000000000044 ) ) ;
#3402 = FILL_AREA_STYLE ('',( #4207 ) ) ;
#3403 = ORIENTED_EDGE ( 'NONE', *, *, #7070, .F. ) ;
#3404 = EDGE_CURVE ( 'NONE', #6709, #1629, #2101, .T. ) ;
#3405 = ADVANCED_FACE ( 'NONE', ( #7687 ), #6815, .F. ) ;
#3406 =( NAMED_UNIT ( * ) PLANE_ANGLE_UNIT ( ) SI_UNIT ( $, .RADIAN. ) );
#3407 = VERTEX_POINT ( 'NONE', #2037 ) ;
#3408 = SURFACE_STYLE_USAGE ( .BOTH. , #1773 ) ;
#3409 = CARTESIAN_POINT ( 'NONE',  ( 2.000000000000012879, -0.05000000000000000278, -1.100000000000000089 ) ) ;
#3410 = FILL_AREA_STYLE_COLOUR ( '', #2503 ) ;
#3411 = VECTOR ( 'NONE', #8657, 1000.000000000000000 ) ;
#3412 = CARTESIAN_POINT ( 'NONE',  ( 0.1000000000000208361, -0.05000000000000000278, 1.649999999999999911 ) ) ;
#3413 = CARTESIAN_POINT ( 'NONE',  ( 0.5000000000000208722, 0.1499999999999999944, 2.050000000000000266 ) ) ;
#3414 = ORIENTED_EDGE ( 'NONE', *, *, #5654, .F. ) ;
#3415 = LINE ( 'NONE', #2537, #1948 ) ;
#3416 = PRESENTATION_STYLE_ASSIGNMENT (( #5156 ) ) ;
#3417 = ORIENTED_EDGE ( 'NONE', *, *, #2954, .F. ) ;
#3418 = VERTEX_POINT ( 'NONE', #5246 ) ;
#3419 = SURFACE_SIDE_STYLE ('',( #6090 ) ) ;
#3420 = CARTESIAN_POINT ( 'NONE',  ( 2.050000000000000266, -0.05000000000000000278, 0.7000000000000000666 ) ) ;
#3421 = CARTESIAN_POINT ( 'NONE',  ( 0.1000000000000208361, -0.05000000000000000278, 1.999999999999999556 ) ) ;
#3422 = CARTESIAN_POINT ( 'NONE',  ( 0.9000000000000208944, -0.05000000000000000278, -2.050000000000000266 ) ) ;
#3423 = EDGE_CURVE ( 'NONE', #9402, #5575, #8811, .T. ) ;
#3424 = ORIENTED_EDGE ( 'NONE', *, *, #2302, .F. ) ;
#3425 = FILL_AREA_STYLE ('',( #4905 ) ) ;
#3426 =( GEOMETRIC_REPRESENTATION_CONTEXT ( 3 ) GLOBAL_UNCERTAINTY_ASSIGNED_CONTEXT ( ( #2215 ) ) GLOBAL_UNIT_ASSIGNED_CONTEXT ( ( #8785, #2382, #8000 ) ) REPRESENTATION_CONTEXT ( 'NONE', 'WORKASPACE' ) );
#3427 = VERTEX_POINT ( 'NONE', #6879 ) ;
#3428 = LINE ( 'NONE', #4025, #7788 ) ;
#3429 = EDGE_CURVE ( 'NONE', #1522, #9266, #2636, .T. ) ;
#3430 =( LENGTH_UNIT ( ) NAMED_UNIT ( * ) SI_UNIT ( .MILLI., .METRE. ) );
#3431 = LINE ( 'NONE', #2653, #5353 ) ;
#3432 = ORIENTED_EDGE ( 'NONE', *, *, #9578, .T. ) ;
#3433 = CARTESIAN_POINT ( 'NONE',  ( 0.5000000000000208722, 0.1499999999999999944, -2.050000000000000266 ) ) ;
#3434 = CYLINDRICAL_SURFACE ( 'NONE', #8195, 0.04999999999995480976 ) ;
#3435 = DIRECTION ( 'NONE',  ( -1.000000000000000000, 0.000000000000000000, 0.000000000000000000 ) ) ;
#3436 = CARTESIAN_POINT ( 'NONE',  ( -0.5500000000000000444, -0.05000000000000000278, 0.09999999999999950595 ) ) ;
#3437 = FACE_OUTER_BOUND ( 'NONE', #4233, .T. ) ;
#3438 = COLOUR_RGB ( '',0.7686274509803920907, 0.7686274509803920907, 0.7686274509803920907 ) ;
#3439 = CYLINDRICAL_SURFACE ( 'NONE', #10121, 0.04999999999996716793 ) ;
#3440 = VECTOR ( 'NONE', #8146, 1000.000000000000000 ) ;
#3441 = CARTESIAN_POINT ( 'NONE',  ( -0.5000000000000018874, -0.05000000000000000278, 0.4499999999999999001 ) ) ;
#3442 = COLOUR_RGB ( '',0.7686274509803920907, 0.7686274509803920907, 0.7686274509803920907 ) ;
#3443 = VERTEX_POINT ( 'NONE', #3209 ) ;
#3444 = UNCERTAINTY_MEASURE_WITH_UNIT (LENGTH_MEASURE( 1.000000000000000082E-05 ), #990, 'distance_accuracy_value', 'NONE');
#3445 =( NAMED_UNIT ( * ) PLANE_ANGLE_UNIT ( ) SI_UNIT ( $, .RADIAN. ) );
#3446 = SURFACE_SIDE_STYLE ('',( #4141 ) ) ;
#3447 = VECTOR ( 'NONE', #6325, 1000.000000000000000 ) ;
#3448 = VECTOR ( 'NONE', #258, 1000.000000000000000 ) ;
#3449 = EDGE_CURVE ( 'NONE', #6535, #4562, #8684, .T. ) ;
#3450 = VERTEX_POINT ( 'NONE', #6336 ) ;
#3451 = PRESENTATION_LAYER_ASSIGNMENT (  '', '', ( #6811 ) ) ;
#3452 =( NAMED_UNIT ( * ) SI_UNIT ( $, .STERADIAN. ) SOLID_ANGLE_UNIT ( ) );
#3453 = CARTESIAN_POINT ( 'NONE',  ( -0.4999999999999791833, -0.05000000000000000278, 2.000000000000000000 ) ) ;
#3454 = VERTEX_POINT ( 'NONE', #9501 ) ;
#3455 = SURFACE_SIDE_STYLE ('',( #1714 ) ) ;
#3456 = FILL_AREA_STYLE_COLOUR ( '', #5315 ) ;
#3457 = ORIENTED_EDGE ( 'NONE', *, *, #1802, .T. ) ;
#3458 = STYLED_ITEM ( 'NONE', ( #6949 ), #483 ) ;
#3459 = MECHANICAL_DESIGN_GEOMETRIC_PRESENTATION_REPRESENTATION (  '', ( #3818 ), #83 ) ;
#3460 = LINE ( 'NONE', #9871, #9134 ) ;
#3461 = FILL_AREA_STYLE ('',( #6044 ) ) ;
#3462 =( NAMED_UNIT ( * ) SI_UNIT ( $, .STERADIAN. ) SOLID_ANGLE_UNIT ( ) );
#3463 = PRESENTATION_LAYER_ASSIGNMENT (  '', '', ( #2127 ) ) ;
#3464 = DIRECTION ( 'NONE',  ( -0.000000000000000000, 1.000000000000000000, -0.000000000000000000 ) ) ;
#3465 = FACE_OUTER_BOUND ( 'NONE', #547, .T. ) ;
#3466 = EDGE_CURVE ( 'NONE', #7385, #8475, #7077, .T. ) ;
#3467 = EDGE_CURVE ( 'NONE', #8486, #8334, #9393, .T. ) ;
#3468 = ORIENTED_EDGE ( 'NONE', *, *, #8311, .F. ) ;
#3469 = VECTOR ( 'NONE', #7694, 1000.000000000000000 ) ;
#3470 = DIRECTION ( 'NONE',  ( -1.000000000000000000, 0.000000000000000000, -0.000000000000000000 ) ) ;
#3471 = CIRCLE ( 'NONE', #4140, 0.04999999999996716793 ) ;
#3472 =( NAMED_UNIT ( * ) SI_UNIT ( $, .STERADIAN. ) SOLID_ANGLE_UNIT ( ) );
#3473 = STYLED_ITEM ( 'NONE', ( #9887 ), #3931 ) ;
#3474 = VERTEX_POINT ( 'NONE', #3939 ) ;
#3475 = ORIENTED_EDGE ( 'NONE', *, *, #5333, .F. ) ;
#3476 = ORIENTED_EDGE ( 'NONE', *, *, #2271, .T. ) ;
#3477 = AXIS2_PLACEMENT_3D ( 'NONE', #4459, #449, #3683 ) ;
#3478 = UNCERTAINTY_MEASURE_WITH_UNIT (LENGTH_MEASURE( 1.000000000000000082E-05 ), #6331, 'distance_accuracy_value', 'NONE');
#3479 = DIRECTION ( 'NONE',  ( 0.000000000000000000, -0.000000000000000000, -1.000000000000000000 ) ) ;
#3480 = STYLED_ITEM ( 'NONE', ( #4401 ), #9085 ) ;
#3481 =( GEOMETRIC_REPRESENTATION_CONTEXT ( 3 ) GLOBAL_UNCERTAINTY_ASSIGNED_CONTEXT ( ( #8396 ) ) GLOBAL_UNIT_ASSIGNED_CONTEXT ( ( #8646, #679, #6352 ) ) REPRESENTATION_CONTEXT ( 'NONE', 'WORKASPACE' ) );
#3482 = CARTESIAN_POINT ( 'NONE',  ( -2.050000000000000266, -0.05000000000000000278, 0.6999999999999994005 ) ) ;
#3483 = EDGE_CURVE ( 'NONE', #9571, #10053, #4721, .T. ) ;
#3484 = VERTEX_POINT ( 'NONE', #3987 ) ;
#3485 = PRESENTATION_LAYER_ASSIGNMENT (  '', '', ( #8661 ) ) ;
#3486 = MECHANICAL_DESIGN_GEOMETRIC_PRESENTATION_REPRESENTATION (  '', ( #8498 ), #4333 ) ;
#3487 = ORIENTED_EDGE ( 'NONE', *, *, #9808, .T. ) ;
#3488 = LINE ( 'NONE', #4438, #592 ) ;
#3489 = STYLED_ITEM ( 'NONE', ( #1789 ), #4079 ) ;
#3490 = SURFACE_SIDE_STYLE ('',( #325 ) ) ;
#3491 = CARTESIAN_POINT ( 'NONE',  ( 2.050000000000000266, -0.05000000000000000278, 1.300000000000000266 ) ) ;
#3492 = VERTEX_POINT ( 'NONE', #6192 ) ;
#3493 =( NAMED_UNIT ( * ) SI_UNIT ( $, .STERADIAN. ) SOLID_ANGLE_UNIT ( ) );
#3494 =( NAMED_UNIT ( * ) SI_UNIT ( $, .STERADIAN. ) SOLID_ANGLE_UNIT ( ) );
#3495 = COLOUR_RGB ( '',0.7686274509803920907, 0.7686274509803920907, 0.7686274509803920907 ) ;
#3496 = PRESENTATION_LAYER_ASSIGNMENT (  '', '', ( #7991 ) ) ;
#3497 = CARTESIAN_POINT ( 'NONE',  ( 0.7500000000000213163, 0.000000000000000000, -1.599999999999999645 ) ) ;
#3498 = CARTESIAN_POINT ( 'NONE',  ( 1.199999999999996403, -0.05000000000000000278, 1.150000000000000355 ) ) ;
#3499 = LINE ( 'NONE', #7516, #2690 ) ;
#3500 = DIRECTION ( 'NONE',  ( -1.000000000000000000, 0.000000000000000000, 0.000000000000000000 ) ) ;
#3501 = SURFACE_STYLE_USAGE ( .BOTH. , #5237 ) ;
#3502 =( GEOMETRIC_REPRESENTATION_CONTEXT ( 3 ) GLOBAL_UNCERTAINTY_ASSIGNED_CONTEXT ( ( #119 ) ) GLOBAL_UNIT_ASSIGNED_CONTEXT ( ( #3048, #713, #5507 ) ) REPRESENTATION_CONTEXT ( 'NONE', 'WORKASPACE' ) );
#3504 = ORIENTED_EDGE ( 'NONE', *, *, #9740, .T. ) ;
#3503 = DIRECTION ( 'NONE',  ( 0.000000000000000000, 1.000000000000000000, 0.000000000000000000 ) ) ;
#3505 = DIRECTION ( 'NONE',  ( 0.000000000000000000, -1.000000000000000000, 0.000000000000000000 ) ) ;
#3506 = VECTOR ( 'NONE', #9736, 1000.000000000000000 ) ;
#3507 = ORIENTED_EDGE ( 'NONE', *, *, #1053, .T. ) ;
#3508 = FACE_OUTER_BOUND ( 'NONE', #2635, .T. ) ;
#3509 = CARTESIAN_POINT ( 'NONE',  ( 2.000000000000000000, 0.000000000000000000, 1.100000000000000089 ) ) ;
#3510 = EDGE_CURVE ( 'NONE', #2789, #2147, #7168, .T. ) ;
#3511 = EDGE_CURVE ( 'NONE', #7951, #9983, #7117, .T. ) ;
#3512 = AXIS2_PLACEMENT_3D ( 'NONE', #6384, #8618, #5592 ) ;
#3513 = AXIS2_PLACEMENT_3D ( 'NONE', #880, #7912, #7276 ) ;
#3514 = ORIENTED_EDGE ( 'NONE', *, *, #1775, .F. ) ;
#3515 = DIRECTION ( 'NONE',  ( 0.000000000000000000, 0.000000000000000000, -1.000000000000000000 ) ) ;
#3516 = VECTOR ( 'NONE', #10371, 1000.000000000000000 ) ;
#3517 = CARTESIAN_POINT ( 'NONE',  ( 0.7499999999999878986, -0.05000000000000000278, 1.649999999999967049 ) ) ;
#3518 = VERTEX_POINT ( 'NONE', #1552 ) ;
#3519 = CARTESIAN_POINT ( 'NONE',  ( 2.050000000000000266, -0.05000000000000000278, -0.2999999999999999334 ) ) ;
#3520 = DIRECTION ( 'NONE',  ( 0.000000000000000000, 0.000000000000000000, 1.000000000000000000 ) ) ;
#3521 = PRESENTATION_LAYER_ASSIGNMENT (  '', '', ( #8555 ) ) ;
#3522 = ORIENTED_EDGE ( 'NONE', *, *, #7104, .T. ) ;
#3523 = LINE ( 'NONE', #9870, #1965 ) ;
#3524 = ADVANCED_FACE ( 'NONE', ( #3040 ), #1456, .T. ) ;
#3525 = AXIS2_PLACEMENT_3D ( 'NONE', #2671, #9048, #8261 ) ;
#3526 = CARTESIAN_POINT ( 'NONE',  ( 1.199999999999999289, -0.05000000000000000278, 0.4499999999999995670 ) ) ;
#3527 = LINE ( 'NONE', #6768, #112 ) ;
#3528 = SURFACE_STYLE_USAGE ( .BOTH. , #2678 ) ;
#3529 = VERTEX_POINT ( 'NONE', #4661 ) ;
#3530 = DIRECTION ( 'NONE',  ( 1.000000000000000000, 0.000000000000000000, -0.000000000000000000 ) ) ;
#3531 = MECHANICAL_DESIGN_GEOMETRIC_PRESENTATION_REPRESENTATION (  '', ( #7040 ), #324 ) ;
#3532 =( NAMED_UNIT ( * ) PLANE_ANGLE_UNIT ( ) SI_UNIT ( $, .RADIAN. ) );
#3533 = MECHANICAL_DESIGN_GEOMETRIC_PRESENTATION_REPRESENTATION (  '', ( #6706 ), #4714 ) ;
#3534 = COLOUR_RGB ( '',0.7686274509803920907, 0.7686274509803920907, 0.7686274509803920907 ) ;
#3535 = DIRECTION ( 'NONE',  ( 1.000000000000000000, 0.000000000000000000, 0.000000000000000000 ) ) ;
#3536 = PRESENTATION_LAYER_ASSIGNMENT (  '', '', ( #2365 ) ) ;
#3537 = ORIENTED_EDGE ( 'NONE', *, *, #8060, .T. ) ;
#3538 = VERTEX_POINT ( 'NONE', #2212 ) ;
#3539 = ORIENTED_EDGE ( 'NONE', *, *, #2871, .F. ) ;
#3540 = SURFACE_SIDE_STYLE ('',( #200 ) ) ;
#3541 = LINE ( 'NONE', #5943, #993 ) ;
#3542 = DIRECTION ( 'NONE',  ( -1.000000000000000000, 0.000000000000000000, -0.000000000000000000 ) ) ;
#3543 = CARTESIAN_POINT ( 'NONE',  ( 1.200000000000004619, 0.000000000000000000, -0.4499999999999997891 ) ) ;
#3544 = VECTOR ( 'NONE', #8076, 1000.000000000000000 ) ;
#3545 = ORIENTED_EDGE ( 'NONE', *, *, #4866, .T. ) ;
#3546 = PRESENTATION_LAYER_ASSIGNMENT (  '', '', ( #8014 ) ) ;
#3547 = VERTEX_POINT ( 'NONE', #2308 ) ;
#3548 = CARTESIAN_POINT ( 'NONE',  ( -2.000000000000000000, 1.000000000000000000, -2.000000000000000000 ) ) ;
#3549 = EDGE_CURVE ( 'NONE', #4178, #2085, #6703, .T. ) ;
#3550 = LINE ( 'NONE', #3716, #5641 ) ;
#3551 = ADVANCED_FACE ( 'NONE', ( #7781 ), #5499, .T. ) ;
#3552 = CARTESIAN_POINT ( 'NONE',  ( 1.249999999999996447, 0.000000000000000000, 1.149999999999999911 ) ) ;
#3553 = DIRECTION ( 'NONE',  ( 1.000000000000000000, -0.000000000000000000, -0.000000000000000000 ) ) ;
#3554 = ORIENTED_EDGE ( 'NONE', *, *, #7776, .F. ) ;
#3555 = SURFACE_SIDE_STYLE ('',( #376 ) ) ;
#3556 = DIRECTION ( 'NONE',  ( 0.000000000000000000, 1.355252715606880049E-16, -1.000000000000000000 ) ) ;
#3557 =( NAMED_UNIT ( * ) PLANE_ANGLE_UNIT ( ) SI_UNIT ( $, .RADIAN. ) );
#3558 = SURFACE_SIDE_STYLE ('',( #1750 ) ) ;
#3559 = DIRECTION ( 'NONE',  ( 0.000000000000000000, 0.000000000000000000, 1.000000000000000000 ) ) ;
#3560 = FILL_AREA_STYLE_COLOUR ( '', #1295 ) ;
#3561 = DIRECTION ( 'NONE',  ( -0.000000000000000000, -1.000000000000000000, -0.000000000000000000 ) ) ;
#3562 = ORIENTED_EDGE ( 'NONE', *, *, #5333, .T. ) ;
#3563 = UNCERTAINTY_MEASURE_WITH_UNIT (LENGTH_MEASURE( 1.000000000000000082E-05 ), #5902, 'distance_accuracy_value', 'NONE');
#3564 = FILL_AREA_STYLE ('',( #6872 ) ) ;
#3565 = DIRECTION ( 'NONE',  ( -1.000000000000000000, 0.000000000000000000, -0.000000000000000000 ) ) ;
#3566 = DIRECTION ( 'NONE',  ( -0.000000000000000000, -0.000000000000000000, -1.000000000000000000 ) ) ;
#3567 = DIRECTION ( 'NONE',  ( -0.000000000000000000, -0.000000000000000000, -1.000000000000000000 ) ) ;
#3568 = DIRECTION ( 'NONE',  ( 0.000000000000000000, 0.000000000000000000, -1.000000000000000000 ) ) ;
#3569 = EDGE_LOOP ( 'NONE', ( #78, #4384, #3949, #1406 ) ) ;
#3570 = SURFACE_STYLE_FILL_AREA ( #8265 ) ;
#3571 = EDGE_CURVE ( 'NONE', #2442, #563, #1031, .T. ) ;
#3572 = ORIENTED_EDGE ( 'NONE', *, *, #5811, .T. ) ;
#3573 = UNCERTAINTY_MEASURE_WITH_UNIT (LENGTH_MEASURE( 1.000000000000000082E-05 ), #904, 'distance_accuracy_value', 'NONE');
#3574 =( NAMED_UNIT ( * ) SI_UNIT ( $, .STERADIAN. ) SOLID_ANGLE_UNIT ( ) );
#3575 = CARTESIAN_POINT ( 'NONE',  ( -0.5500000000000038192, 0.000000000000000000, 0.9999999999999995559 ) ) ;
#3576 = SURFACE_SIDE_STYLE ('',( #3627 ) ) ;
#3577 = DIRECTION ( 'NONE',  ( -1.000000000000000000, 0.000000000000000000, 0.000000000000000000 ) ) ;
#3578 = SURFACE_SIDE_STYLE ('',( #2574 ) ) ;
#3579 = CARTESIAN_POINT ( 'NONE',  ( 1.250000000000000444, -0.05000000000000000278, 0.04999999999999991257 ) ) ;
#3580 = ORIENTED_EDGE ( 'NONE', *, *, #2896, .F. ) ;
#3581 = PLANE ( 'NONE',  #9342 ) ;
#3582 =( NAMED_UNIT ( * ) SI_UNIT ( $, .STERADIAN. ) SOLID_ANGLE_UNIT ( ) );
#3583 = DIRECTION ( 'NONE',  ( -9.035018104045875625E-17, 0.000000000000000000, 1.000000000000000000 ) ) ;
#3584 = EDGE_CURVE ( 'NONE', #9815, #5416, #7908, .T. ) ;
#3585 = ORIENTED_EDGE ( 'NONE', *, *, #5108, .F. ) ;
#3586 = ORIENTED_EDGE ( 'NONE', *, *, #8923, .F. ) ;
#3587 = ORIENTED_EDGE ( 'NONE', *, *, #7970, .F. ) ;
#3588 = UNCERTAINTY_MEASURE_WITH_UNIT (LENGTH_MEASURE( 1.000000000000000082E-05 ), #4981, 'distance_accuracy_value', 'NONE');
#3589 = CARTESIAN_POINT ( 'NONE',  ( 0.5000000000000208722, -0.05000000000000000278, -1.649999999999999911 ) ) ;
#3590 = DIRECTION ( 'NONE',  ( -6.195440985630865644E-16, -0.000000000000000000, -1.000000000000000000 ) ) ;
#3591 =( NAMED_UNIT ( * ) PLANE_ANGLE_UNIT ( ) SI_UNIT ( $, .RADIAN. ) );
#3592 = DIRECTION ( 'NONE',  ( 0.000000000000000000, 0.000000000000000000, -1.000000000000000000 ) ) ;
#3593 = EDGE_LOOP ( 'NONE', ( #101, #1216, #2714, #10338, #7312, #3379 ) ) ;
#3594 = ORIENTED_EDGE ( 'NONE', *, *, #3119, .F. ) ;
#3595 = FILL_AREA_STYLE ('',( #7557 ) ) ;
#3596 = ORIENTED_EDGE ( 'NONE', *, *, #5080, .T. ) ;
#3597 = PLANE ( 'NONE',  #5143 ) ;
#3598 = FILL_AREA_STYLE_COLOUR ( '', #4507 ) ;
#3599 = VERTEX_POINT ( 'NONE', #2506 ) ;
#3600 = CARTESIAN_POINT ( 'NONE',  ( 2.000000000000008882, 0.000000000000000000, -0.7000000000000000666 ) ) ;
#3601 = DIRECTION ( 'NONE',  ( 1.000000000000000000, 0.000000000000000000, 0.000000000000000000 ) ) ;
#3602 = FACE_OUTER_BOUND ( 'NONE', #343, .T. ) ;
#3603 = EDGE_CURVE ( 'NONE', #2674, #9158, #170, .T. ) ;
#3604 = PRESENTATION_LAYER_ASSIGNMENT (  '', '', ( #1082 ) ) ;
#3605 = EDGE_CURVE ( 'NONE', #1425, #5031, #2604, .T. ) ;
#3606 = SURFACE_SIDE_STYLE ('',( #7610 ) ) ;
#3607 = SURFACE_STYLE_USAGE ( .BOTH. , #2863 ) ;
#3608 = LINE ( 'NONE', #6797, #6799 ) ;
#3609 = ORIENTED_EDGE ( 'NONE', *, *, #8502, .T. ) ;
#3610 = FACE_OUTER_BOUND ( 'NONE', #3593, .T. ) ;
#3611 = ORIENTED_EDGE ( 'NONE', *, *, #4735, .F. ) ;
#3612 = PRESENTATION_LAYER_ASSIGNMENT (  '', '', ( #3105 ) ) ;
#3613 = PRESENTATION_STYLE_ASSIGNMENT (( #5286 ) ) ;
#3614 = CARTESIAN_POINT ( 'NONE',  ( -0.09999999999997911948, 0.1499999999999999944, 2.050000000000000266 ) ) ;
#3615 = PLANE ( 'NONE',  #2682 ) ;
#3617 = CARTESIAN_POINT ( 'NONE',  ( 1.249999999999997558, -0.05000000000000000278, 0.8499999999999999778 ) ) ;
#3616 = CIRCLE ( 'NONE', #1752, 0.05000000000000002359 ) ;
#3618 = PRESENTATION_LAYER_ASSIGNMENT (  '', '', ( #5809 ) ) ;
#3619 = VECTOR ( 'NONE', #4600, 1000.000000000000000 ) ;
#3620 = CARTESIAN_POINT ( 'NONE',  ( 0.9000000000000208944, 0.1499999999999999944, 2.050000000000000266 ) ) ;
#3621 = ORIENTED_EDGE ( 'NONE', *, *, #1035, .F. ) ;
#3622 = CARTESIAN_POINT ( 'NONE',  ( 1.250000000000000444, -0.05000000000000000278, 0.04999999999999991257 ) ) ;
#3623 = DIRECTION ( 'NONE',  ( -0.000000000000000000, 1.000000000000000000, -0.000000000000000000 ) ) ;
#3624 = ORIENTED_EDGE ( 'NONE', *, *, #8874, .F. ) ;
#3625 = SURFACE_STYLE_FILL_AREA ( #395 ) ;
#3626 = LINE ( 'NONE', #9206, #8479 ) ;
#3627 = SURFACE_STYLE_FILL_AREA ( #3461 ) ;
#3628 = VECTOR ( 'NONE', #3561, 1000.000000000000000 ) ;
#3629 = AXIS2_PLACEMENT_3D ( 'NONE', #9034, #5074, #8079 ) ;
#3630 = DIRECTION ( 'NONE',  ( 0.000000000000000000, -1.000000000000000000, -0.000000000000000000 ) ) ;
#3631 = VERTEX_POINT ( 'NONE', #6487 ) ;
#3632 = EDGE_CURVE ( 'NONE', #3230, #498, #6639, .T. ) ;
#3633 = DIRECTION ( 'NONE',  ( 0.000000000000000000, 0.000000000000000000, -1.000000000000000000 ) ) ;
#3634 = CARTESIAN_POINT ( 'NONE',  ( -1.199999999999946443, -0.05000000000000000278, 1.649999999999966827 ) ) ;
#3635 = DIRECTION ( 'NONE',  ( -1.000000000000000000, 0.000000000000000000, 0.000000000000000000 ) ) ;
#3636 = VERTEX_POINT ( 'NONE', #4288 ) ;
#3637 =( GEOMETRIC_REPRESENTATION_CONTEXT ( 3 ) GLOBAL_UNCERTAINTY_ASSIGNED_CONTEXT ( ( #5032 ) ) GLOBAL_UNIT_ASSIGNED_CONTEXT ( ( #4739, #775, #8270 ) ) REPRESENTATION_CONTEXT ( 'NONE', 'WORKASPACE' ) );
#3638 = VECTOR ( 'NONE', #41, 1000.000000000000000 ) ;
#3639 = CIRCLE ( 'NONE', #9437, 0.04999999999996695282 ) ;
#3640 = ORIENTED_EDGE ( 'NONE', *, *, #6868, .F. ) ;
#3641 = COLOUR_RGB ( '',0.7686274509803920907, 0.7686274509803920907, 0.7686274509803920907 ) ;
#3642 = ORIENTED_EDGE ( 'NONE', *, *, #5585, .T. ) ;
#3643 = CARTESIAN_POINT ( 'NONE',  ( -0.3499999999999792166, 0.000000000000000000, -1.599999999999999867 ) ) ;
#3644 = CARTESIAN_POINT ( 'NONE',  ( -1.500000000000000000, 1.000000000000000000, -1.250000000000000000 ) ) ;
#3645 = VECTOR ( 'NONE', #3782, 1000.000000000000000 ) ;
#3646 = ORIENTED_EDGE ( 'NONE', *, *, #1287, .T. ) ;
#3647 = EDGE_CURVE ( 'NONE', #8791, #7548, #1786, .T. ) ;
#3648 = EDGE_CURVE ( 'NONE', #4301, #2836, #8138, .T. ) ;
#3649 = AXIS2_PLACEMENT_3D ( 'NONE', #8207, #3393, #966 ) ;
#3650 = ORIENTED_EDGE ( 'NONE', *, *, #8995, .F. ) ;
#3651 = CYLINDRICAL_SURFACE ( 'NONE', #4296, 0.05000000000000002359 ) ;
#3652 = ORIENTED_EDGE ( 'NONE', *, *, #6805, .T. ) ;
#3653 = COLOUR_RGB ( '',0.7686274509803920907, 0.7686274509803920907, 0.7686274509803920907 ) ;
#3654 = SURFACE_SIDE_STYLE ('',( #5067 ) ) ;
#3655 = MECHANICAL_DESIGN_GEOMETRIC_PRESENTATION_REPRESENTATION (  '', ( #7815 ), #7310 ) ;
#3656 = PRESENTATION_STYLE_ASSIGNMENT (( #6741 ) ) ;
#3657 = PLANE ( 'NONE',  #7834 ) ;
#3658 = ORIENTED_EDGE ( 'NONE', *, *, #285, .F. ) ;
#3659 = COLOUR_RGB ( '',0.000000000000000000, 0.000000000000000000, 0.000000000000000000 ) ;
#3660 = LINE ( 'NONE', #4544, #7668 ) ;
#3661 = SURFACE_STYLE_USAGE ( .BOTH. , #4280 ) ;
#3662 = DIRECTION ( 'NONE',  ( 0.000000000000000000, 0.000000000000000000, 1.000000000000000000 ) ) ;
#3663 = UNCERTAINTY_MEASURE_WITH_UNIT (LENGTH_MEASURE( 1.000000000000000082E-05 ), #583, 'distance_accuracy_value', 'NONE');
#3664 = VECTOR ( 'NONE', #201, 1000.000000000000000 ) ;
#3665 = FILL_AREA_STYLE_COLOUR ( '', #7615 ) ;
#3666 = COLOUR_RGB ( '',0.7686274509803920907, 0.7686274509803920907, 0.7686274509803920907 ) ;
#3667 = FACE_OUTER_BOUND ( 'NONE', #5578, .T. ) ;
#3668 = DIRECTION ( 'NONE',  ( -0.000000000000000000, 1.000000000000000000, -0.000000000000000000 ) ) ;
#3669 = CARTESIAN_POINT ( 'NONE',  ( -0.2999999999999792277, -0.05000000000000000278, 2.000000000000002220 ) ) ;
#3670 = SURFACE_STYLE_FILL_AREA ( #7618 ) ;
#3671 = EDGE_LOOP ( 'NONE', ( #9286, #1420, #3739, #1877, #3609, #1015 ) ) ;
#3672 =( GEOMETRIC_REPRESENTATION_CONTEXT ( 3 ) GLOBAL_UNCERTAINTY_ASSIGNED_CONTEXT ( ( #9383 ) ) GLOBAL_UNIT_ASSIGNED_CONTEXT ( ( #3743, #5208, #10081 ) ) REPRESENTATION_CONTEXT ( 'NONE', 'WORKASPACE' ) );
#3673 = PRESENTATION_LAYER_ASSIGNMENT (  '', '', ( #629 ) ) ;
#3674 =( NAMED_UNIT ( * ) PLANE_ANGLE_UNIT ( ) SI_UNIT ( $, .RADIAN. ) );
#3675 = SURFACE_STYLE_FILL_AREA ( #6084 ) ;
#3676 = CARTESIAN_POINT ( 'NONE',  ( -0.04999999999997882527, -0.05000000000000000278, 1.599999999999999867 ) ) ;
#3677 = VECTOR ( 'NONE', #3092, 1000.000000000000000 ) ;
#3678 = CARTESIAN_POINT ( 'NONE',  ( -0.8999999999999791500, -0.05000000000000000278, -2.050000000000000266 ) ) ;
#3679 = COLOUR_RGB ( '',0.7686274509803920907, 0.7686274509803920907, 0.7686274509803920907 ) ;
#3680 = DIRECTION ( 'NONE',  ( 0.000000000000000000, -1.000000000000000000, 0.000000000000000000 ) ) ;
#3681 = CIRCLE ( 'NONE', #1639, 0.05000000000000002359 ) ;
#3682 = VERTEX_POINT ( 'NONE', #3248 ) ;
#3683 = DIRECTION ( 'NONE',  ( 0.000000000000000000, 0.000000000000000000, -1.000000000000000000 ) ) ;
#3684 = FACE_OUTER_BOUND ( 'NONE', #2003, .T. ) ;
#3685 = EDGE_LOOP ( 'NONE', ( #9737, #5785, #1142, #5055, #7473, #2728 ) ) ;
#3686 = UNCERTAINTY_MEASURE_WITH_UNIT (LENGTH_MEASURE( 1.000000000000000082E-05 ), #5025, 'distance_accuracy_value', 'NONE');
#3687 = EDGE_CURVE ( 'NONE', #4740, #4951, #1702, .T. ) ;
#3688 = EDGE_CURVE ( 'NONE', #2175, #7650, #5644, .T. ) ;
#3689 = FILL_AREA_STYLE_COLOUR ( '', #5827 ) ;
#3690 = SURFACE_STYLE_USAGE ( .BOTH. , #8541 ) ;
#3691 = FACE_OUTER_BOUND ( 'NONE', #2390, .T. ) ;
#3692 =( GEOMETRIC_REPRESENTATION_CONTEXT ( 3 ) GLOBAL_UNCERTAINTY_ASSIGNED_CONTEXT ( ( #8566 ) ) GLOBAL_UNIT_ASSIGNED_CONTEXT ( ( #7457, #2553, #8038 ) ) REPRESENTATION_CONTEXT ( 'NONE', 'WORKASPACE' ) );
#3693 = CIRCLE ( 'NONE', #7338, 0.04999999999995480976 ) ;
#3694 = AXIS2_PLACEMENT_3D ( 'NONE', #3272, #886, #3320 ) ;
#3695 = PRESENTATION_STYLE_ASSIGNMENT (( #7640 ) ) ;
#3696 = ORIENTED_EDGE ( 'NONE', *, *, #314, .T. ) ;
#3697 = PRESENTATION_LAYER_ASSIGNMENT (  '', '', ( #2181 ) ) ;
#3698 = DIRECTION ( 'NONE',  ( -0.000000000000000000, -0.000000000000000000, -1.000000000000000000 ) ) ;
#3699 = PLANE ( 'NONE',  #2355 ) ;
#3700 = SURFACE_STYLE_USAGE ( .BOTH. , #10195 ) ;
#3701 =( NAMED_UNIT ( * ) SI_UNIT ( $, .STERADIAN. ) SOLID_ANGLE_UNIT ( ) );
#3702 = ORIENTED_EDGE ( 'NONE', *, *, #7527, .F. ) ;
#3703 = MECHANICAL_DESIGN_GEOMETRIC_PRESENTATION_REPRESENTATION (  '', ( #8182 ), #484 ) ;
#3704 = VECTOR ( 'NONE', #9720, 1000.000000000000000 ) ;
#3705 = MECHANICAL_DESIGN_GEOMETRIC_PRESENTATION_REPRESENTATION (  '', ( #10008 ), #4030 ) ;
#3706 = ORIENTED_EDGE ( 'NONE', *, *, #5851, .F. ) ;
#3707 = UNCERTAINTY_MEASURE_WITH_UNIT (LENGTH_MEASURE( 1.000000000000000082E-05 ), #1205, 'distance_accuracy_value', 'NONE');
#3708 = SURFACE_STYLE_USAGE ( .BOTH. , #8286 ) ;
#3709 = CARTESIAN_POINT ( 'NONE',  ( 0.5000000000000208722, -1.355252715606880543E-17, 2.000000000000000000 ) ) ;
#3710 = CARTESIAN_POINT ( 'NONE',  ( 0.5000000000000208722, -0.05000000000000000278, 2.050000000000000266 ) ) ;
#3711 = COLOUR_RGB ( '',0.7686274509803920907, 0.7686274509803920907, 0.7686274509803920907 ) ;
#3712 = VERTEX_POINT ( 'NONE', #1816 ) ;
#3713 = AXIS2_PLACEMENT_3D ( 'NONE', #2882, #518, #2156 ) ;
#3714 = ORIENTED_EDGE ( 'NONE', *, *, #6454, .F. ) ;
#3715 = EDGE_LOOP ( 'NONE', ( #5064, #2461, #1832, #2310, #6737, #2278 ) ) ;
#3716 = CARTESIAN_POINT ( 'NONE',  ( 1.199999999999987965, -0.05000000000000000278, 1.600000000000012079 ) ) ;
#3717 = VECTOR ( 'NONE', #8321, 1000.000000000000000 ) ;
#3718 = SURFACE_SIDE_STYLE ('',( #7562 ) ) ;
#3719 = VECTOR ( 'NONE', #6280, 1000.000000000000000 ) ;
#3720 = CARTESIAN_POINT ( 'NONE',  ( 1.250000000000000444, 0.000000000000000000, -0.05000000000000008604 ) ) ;
#3721 = EDGE_CURVE ( 'NONE', #2527, #7543, #4917, .T. ) ;
#3722 = CARTESIAN_POINT ( 'NONE',  ( 1.250000000000008660, 0.000000000000000000, -0.8500000000000000888 ) ) ;
#3723 =( NAMED_UNIT ( * ) PLANE_ANGLE_UNIT ( ) SI_UNIT ( $, .RADIAN. ) );
#3724 = SURFACE_STYLE_FILL_AREA ( #4545 ) ;
#3725 = LINE ( 'NONE', #8460, #5622 ) ;
#3726 = EDGE_CURVE ( 'NONE', #8937, #8051, #113, .T. ) ;
#3727 = DIRECTION ( 'NONE',  ( -1.000000000000000000, 0.000000000000000000, -2.891205793294679312E-16 ) ) ;
#3728 =( NAMED_UNIT ( * ) SI_UNIT ( $, .STERADIAN. ) SOLID_ANGLE_UNIT ( ) );
#3729 = CARTESIAN_POINT ( 'NONE',  ( -2.000000000000000000, -0.05000000000000000278, -0.7000000000000003997 ) ) ;
#3730 = CARTESIAN_POINT ( 'NONE',  ( 2.000000000000004885, -0.05000000000000000278, -0.3000000000000000444 ) ) ;
#3731 = VERTEX_POINT ( 'NONE', #4197 ) ;
#3732 = DIRECTION ( 'NONE',  ( 0.000000000000000000, -1.000000000000000000, 0.000000000000000000 ) ) ;
#3733 = DIRECTION ( 'NONE',  ( 1.000000000000000000, 0.000000000000000000, 0.000000000000000000 ) ) ;
#3734 = FILL_AREA_STYLE_COLOUR ( '', #828 ) ;
#3735 = CARTESIAN_POINT ( 'NONE',  ( 2.000000000000000000, 0.000000000000000000, -2.000000000000000000 ) ) ;
#3736 = ORIENTED_EDGE ( 'NONE', *, *, #3449, .F. ) ;
#3737 = CARTESIAN_POINT ( 'NONE',  ( -0.09999999999997911948, -0.05000000000000000278, 2.050000000000000266 ) ) ;
#3738 = SURFACE_SIDE_STYLE ('',( #513 ) ) ;
#3739 = ORIENTED_EDGE ( 'NONE', *, *, #5889, .T. ) ;
#3740 = CARTESIAN_POINT ( 'NONE',  ( 2.000000000000000000, 0.000000000000000000, -0.5000000000000000000 ) ) ;
#3741 = PLANE ( 'NONE',  #7631 ) ;
#3742 =( NAMED_UNIT ( * ) SI_UNIT ( $, .STERADIAN. ) SOLID_ANGLE_UNIT ( ) );
#3743 =( LENGTH_UNIT ( ) NAMED_UNIT ( * ) SI_UNIT ( .MILLI., .METRE. ) );
#3744 = ORIENTED_EDGE ( 'NONE', *, *, #508, .F. ) ;
#3745 =( NAMED_UNIT ( * ) PLANE_ANGLE_UNIT ( ) SI_UNIT ( $, .RADIAN. ) );
#3746 = CARTESIAN_POINT ( 'NONE',  ( 0.7000000000000207168, -0.05000000000000000278, -1.649999999999999911 ) ) ;
#3747 = EDGE_CURVE ( 'NONE', #5284, #286, #5750, .T. ) ;
#3748 = FACE_OUTER_BOUND ( 'NONE', #1228, .T. ) ;
#3749 = ADVANCED_FACE ( 'NONE', ( #860 ), #3439, .T. ) ;
#3750 = FACE_OUTER_BOUND ( 'NONE', #1531, .T. ) ;
#3751 = ORIENTED_EDGE ( 'NONE', *, *, #801, .T. ) ;
#3752 = ORIENTED_EDGE ( 'NONE', *, *, #5849, .T. ) ;
#3753 = LINE ( 'NONE', #8553, #4653 ) ;
#3754 = SURFACE_SIDE_STYLE ('',( #8651 ) ) ;
#3755 = ORIENTED_EDGE ( 'NONE', *, *, #6938, .T. ) ;
#3756 = CARTESIAN_POINT ( 'NONE',  ( 0.4500000000000204947, -0.05000000000000000278, -1.599999999999999867 ) ) ;
#3757 = PLANE ( 'NONE',  #7456 ) ;
#3758 = VERTEX_POINT ( 'NONE', #7614 ) ;
#3759 = LINE ( 'NONE', #8560, #6152 ) ;
#3760 = VERTEX_POINT ( 'NONE', #2073 ) ;
#3761 = PRESENTATION_STYLE_ASSIGNMENT (( #6945 ) ) ;
#3762 = LINE ( 'NONE', #1392, #8176 ) ;
#3763 = FILL_AREA_STYLE ('',( #9890 ) ) ;
#3764 = PRESENTATION_STYLE_ASSIGNMENT (( #2124 ) ) ;
#3765 = SURFACE_STYLE_USAGE ( .BOTH. , #7723 ) ;
#3766 = UNCERTAINTY_MEASURE_WITH_UNIT (LENGTH_MEASURE( 1.000000000000000082E-05 ), #7174, 'distance_accuracy_value', 'NONE');
#3767 = DIRECTION ( 'NONE',  ( -0.000000000000000000, 1.000000000000000000, 0.000000000000000000 ) ) ;
#3768 = ADVANCED_FACE ( 'NONE', ( #4449 ), #1352, .T. ) ;
#3769 = SURFACE_STYLE_USAGE ( .BOTH. , #10217 ) ;
#3770 = DIRECTION ( 'NONE',  ( 1.000000000000000000, -0.000000000000000000, -0.000000000000000000 ) ) ;
#3771 = LINE ( 'NONE', #6182, #6141 ) ;
#3772 = PLANE ( 'NONE',  #8667 ) ;
#3773 = ORIENTED_EDGE ( 'NONE', *, *, #5792, .T. ) ;
#3774 = LINE ( 'NONE', #8417, #6860 ) ;
#3775 = LINE ( 'NONE', #9240, #1989 ) ;
#3776 = PRESENTATION_STYLE_ASSIGNMENT (( #2033 ) ) ;
#3777 = EDGE_CURVE ( 'NONE', #6700, #3858, #10016, .T. ) ;
#3778 = ADVANCED_FACE ( 'NONE', ( #1296 ), #8413, .F. ) ;
#3779 = ORIENTED_EDGE ( 'NONE', *, *, #8337, .F. ) ;
#3780 = DIRECTION ( 'NONE',  ( 1.000000000000000000, 0.000000000000000000, 0.000000000000000000 ) ) ;
#3781 = PRESENTATION_LAYER_ASSIGNMENT (  '', '', ( #8931 ) ) ;
#3782 = DIRECTION ( 'NONE',  ( 1.000000000000000000, -0.000000000000000000, -0.000000000000000000 ) ) ;
#3783 = CARTESIAN_POINT ( 'NONE',  ( -0.2999999999999792277, 0.1499999999999999944, -2.000000000000000000 ) ) ;
#3784 = ORIENTED_EDGE ( 'NONE', *, *, #6207, .F. ) ;
#3785 = UNCERTAINTY_MEASURE_WITH_UNIT (LENGTH_MEASURE( 1.000000000000000082E-05 ), #7648, 'distance_accuracy_value', 'NONE');
#3786 =( NAMED_UNIT ( * ) SI_UNIT ( $, .STERADIAN. ) SOLID_ANGLE_UNIT ( ) );
#3787 = DIRECTION ( 'NONE',  ( 0.000000000000000000, -1.000000000000000000, 0.000000000000000000 ) ) ;
#3788 = SURFACE_STYLE_USAGE ( .BOTH. , #6975 ) ;
#3789 = FACE_OUTER_BOUND ( 'NONE', #4255, .T. ) ;
#3790 = ORIENTED_EDGE ( 'NONE', *, *, #5275, .F. ) ;
#3791 = PLANE ( 'NONE',  #1447 ) ;
#3792 = SURFACE_STYLE_FILL_AREA ( #3852 ) ;
#3793 = CARTESIAN_POINT ( 'NONE',  ( 1.249999999999999112, -0.05000000000000000278, 0.4499999999999999001 ) ) ;
#3794 = ORIENTED_EDGE ( 'NONE', *, *, #1001, .F. ) ;
#3795 = ORIENTED_EDGE ( 'NONE', *, *, #6523, .F. ) ;
#3796 = VECTOR ( 'NONE', #54, 1000.000000000000000 ) ;
#3797 = UNCERTAINTY_MEASURE_WITH_UNIT (LENGTH_MEASURE( 1.000000000000000082E-05 ), #2385, 'distance_accuracy_value', 'NONE');
#3798 = LINE ( 'NONE', #3003, #4328 ) ;
#3799 = CIRCLE ( 'NONE', #5616, 0.04999999999996716793 ) ;
#3800 = PLANE ( 'NONE',  #3019 ) ;
#3801 = ADVANCED_FACE ( 'NONE', ( #5546 ), #1542, .F. ) ;
#3802 = SURFACE_STYLE_USAGE ( .BOTH. , #529 ) ;
#3803 = CARTESIAN_POINT ( 'NONE',  ( -1.999999999999988676, -0.05000000000000000278, -1.250000000000000444 ) ) ;
#3804 = ORIENTED_EDGE ( 'NONE', *, *, #8401, .F. ) ;
#3805 = LINE ( 'NONE', #2234, #7098 ) ;
#3806 =( GEOMETRIC_REPRESENTATION_CONTEXT ( 3 ) GLOBAL_UNCERTAINTY_ASSIGNED_CONTEXT ( ( #1757 ) ) GLOBAL_UNIT_ASSIGNED_CONTEXT ( ( #8816, #954, #9735 ) ) REPRESENTATION_CONTEXT ( 'NONE', 'WORKASPACE' ) );
#3807 = VECTOR ( 'NONE', #1966, 1000.000000000000000 ) ;
#3808 = STYLED_ITEM ( 'NONE', ( #589 ), #7197 ) ;
#3809 = FILL_AREA_STYLE ('',( #8308 ) ) ;
#3810 = COLOUR_RGB ( '',0.7686274509803920907, 0.7686274509803920907, 0.7686274509803920907 ) ;
#3811 = ORIENTED_EDGE ( 'NONE', *, *, #9452, .T. ) ;
#3812 =( LENGTH_UNIT ( ) NAMED_UNIT ( * ) SI_UNIT ( .MILLI., .METRE. ) );
#3813 = CARTESIAN_POINT ( 'NONE',  ( 2.000000000000000000, 0.000000000000000000, -2.000000000000000000 ) ) ;
#3814 = VECTOR ( 'NONE', #8904, 1000.000000000000000 ) ;
#3815 = ADVANCED_FACE ( 'NONE', ( #6273 ), #1585, .F. ) ;
#3816 = VECTOR ( 'NONE', #1537, 1000.000000000000000 ) ;
#3817 = EDGE_CURVE ( 'NONE', #7261, #5516, #10165, .T. ) ;
#3818 = STYLED_ITEM ( 'NONE', ( #556 ), #7666 ) ;
#3819 = CARTESIAN_POINT ( 'NONE',  ( 0.000000000000000000, 0.000000000000000000, 2.050000000000000266 ) ) ;
#3820 =( GEOMETRIC_REPRESENTATION_CONTEXT ( 3 ) GLOBAL_UNCERTAINTY_ASSIGNED_CONTEXT ( ( #1880 ) ) GLOBAL_UNIT_ASSIGNED_CONTEXT ( ( #5567, #5603, #8784 ) ) REPRESENTATION_CONTEXT ( 'NONE', 'WORKASPACE' ) );
#3821 = SURFACE_STYLE_USAGE ( .BOTH. , #4753 ) ;
#3822 = DIRECTION ( 'NONE',  ( -0.000000000000000000, 1.000000000000000000, -0.000000000000000000 ) ) ;
#3823 = VECTOR ( 'NONE', #10037, 1000.000000000000000 ) ;
#3824 = STYLED_ITEM ( 'NONE', ( #6733 ), #789 ) ;
#3825 = PRESENTATION_STYLE_ASSIGNMENT (( #3769 ) ) ;
#3826 =( GEOMETRIC_REPRESENTATION_CONTEXT ( 3 ) GLOBAL_UNCERTAINTY_ASSIGNED_CONTEXT ( ( #6403 ) ) GLOBAL_UNIT_ASSIGNED_CONTEXT ( ( #10058, #9227, #1184 ) ) REPRESENTATION_CONTEXT ( 'NONE', 'WORKASPACE' ) );
#3827 = SURFACE_SIDE_STYLE ('',( #7768 ) ) ;
#3828 = FACE_OUTER_BOUND ( 'NONE', #7238, .T. ) ;
#3829 = DIRECTION ( 'NONE',  ( 0.000000000000000000, -0.000000000000000000, 1.000000000000000000 ) ) ;
#3830 = ORIENTED_EDGE ( 'NONE', *, *, #7842, .T. ) ;
#3831 = PLANE ( 'NONE',  #1318 ) ;
#3832 = AXIS2_PLACEMENT_3D ( 'NONE', #4098, #10354, #3222 ) ;
#3833 = DIRECTION ( 'NONE',  ( -0.000000000000000000, 1.000000000000000000, -0.000000000000000000 ) ) ;
#3834 = LINE ( 'NONE', #4038, #2105 ) ;
#3835 = SURFACE_SIDE_STYLE ('',( #7735 ) ) ;
#3836 = FILL_AREA_STYLE ('',( #9354 ) ) ;
#3837 = DIRECTION ( 'NONE',  ( -1.000000000000000000, 0.000000000000000000, 0.000000000000000000 ) ) ;
#3838 = ORIENTED_EDGE ( 'NONE', *, *, #8593, .T. ) ;
#3839 = FILL_AREA_STYLE ('',( #607 ) ) ;
#3840 = AXIS2_PLACEMENT_3D ( 'NONE', #9506, #8628, #4047 ) ;
#3841 = LINE ( 'NONE', #7025, #4287 ) ;
#3842 =( GEOMETRIC_REPRESENTATION_CONTEXT ( 3 ) GLOBAL_UNCERTAINTY_ASSIGNED_CONTEXT ( ( #710 ) ) GLOBAL_UNIT_ASSIGNED_CONTEXT ( ( #3085, #5557, #4768 ) ) REPRESENTATION_CONTEXT ( 'NONE', 'WORKASPACE' ) );
#3843 = ORIENTED_EDGE ( 'NONE', *, *, #1641, .F. ) ;
#3844 = CARTESIAN_POINT ( 'NONE',  ( -1.150000000000021005, -0.05000000000000000278, 2.000000000000000000 ) ) ;
#3845 = CARTESIAN_POINT ( 'NONE',  ( -1.400000000000012124, -0.05000000000000000278, 1.599999999999999867 ) ) ;
#3846 = CARTESIAN_POINT ( 'NONE',  ( -2.000000000000000000, 0.1499999999999999944, 0.9499999999999996225 ) ) ;
#3847 = EDGE_CURVE ( 'NONE', #5340, #4163, #4709, .T. ) ;
#3848 = MECHANICAL_DESIGN_GEOMETRIC_PRESENTATION_REPRESENTATION (  '', ( #4175 ), #3672 ) ;
#3849 = COLOUR_RGB ( '',0.7686274509803920907, 0.7686274509803920907, 0.7686274509803920907 ) ;
#3850 = VERTEX_POINT ( 'NONE', #4591 ) ;
#3851 = AXIS2_PLACEMENT_3D ( 'NONE', #2493, #2441, #1642 ) ;
#3852 = FILL_AREA_STYLE ('',( #6981 ) ) ;
#3853 = PLANE ( 'NONE',  #7273 ) ;
#3854 = VERTEX_POINT ( 'NONE', #1441 ) ;
#3855 = ADVANCED_FACE ( 'NONE', ( #9341 ), #7107, .T. ) ;
#3856 = VERTEX_POINT ( 'NONE', #5850 ) ;
#3857 =( LENGTH_UNIT ( ) NAMED_UNIT ( * ) SI_UNIT ( .MILLI., .METRE. ) );
#3858 = VERTEX_POINT ( 'NONE', #6530 ) ;
#3859 = SURFACE_STYLE_FILL_AREA ( #6156 ) ;
#3860 = VECTOR ( 'NONE', #847, 1000.000000000000000 ) ;
#3861 = DIRECTION ( 'NONE',  ( 0.000000000000000000, 0.000000000000000000, 1.000000000000000000 ) ) ;
#3862 = VERTEX_POINT ( 'NONE', #8915 ) ;
#3863 = CARTESIAN_POINT ( 'NONE',  ( 0.9000000000000208944, -0.05000000000000000278, -1.649999999999999911 ) ) ;
#3864 = AXIS2_PLACEMENT_3D ( 'NONE', #9642, #2499, #4912 ) ;
#3865 = AXIS2_PLACEMENT_3D ( 'NONE', #5763, #3577, #5046 ) ;
#3866 = STYLED_ITEM ( 'NONE', ( #6524 ), #5685 ) ;
#3867 = STYLED_ITEM ( 'NONE', ( #9565 ), #5228 ) ;
#3868 = CARTESIAN_POINT ( 'NONE',  ( 2.050000000000000266, 0.1500000000000000222, -0.5000000000000000000 ) ) ;
#3869 = ORIENTED_EDGE ( 'NONE', *, *, #5946, .T. ) ;
#3870 = DIRECTION ( 'NONE',  ( 1.000000000000000000, 0.000000000000000000, -0.000000000000000000 ) ) ;
#3871 = CIRCLE ( 'NONE', #1833, 0.04999999999995480976 ) ;
#3872 =( GEOMETRIC_REPRESENTATION_CONTEXT ( 3 ) GLOBAL_UNCERTAINTY_ASSIGNED_CONTEXT ( ( #4528 ) ) GLOBAL_UNIT_ASSIGNED_CONTEXT ( ( #10040, #3745, #5601 ) ) REPRESENTATION_CONTEXT ( 'NONE', 'WORKASPACE' ) );
#3873 = CARTESIAN_POINT ( 'NONE',  ( 0.5000000000000208722, 0.000000000000000000, -1.999999999999999556 ) ) ;
#3874 = LINE ( 'NONE', #7061, #8376 ) ;
#3875 = AXIS2_PLACEMENT_3D ( 'NONE', #3517, #5350, #7475 ) ;
#3876 = DIRECTION ( 'NONE',  ( 0.000000000000000000, 0.000000000000000000, 1.000000000000000000 ) ) ;
#3877 = SURFACE_STYLE_USAGE ( .BOTH. , #9483 ) ;
#3878 = EDGE_CURVE ( 'NONE', #1125, #6161, #7973, .T. ) ;
#3879 = AXIS2_PLACEMENT_3D ( 'NONE', #5244, #6810, #2813 ) ;
#3880 = EDGE_CURVE ( 'NONE', #7932, #9063, #8191, .T. ) ;
#3881 = CARTESIAN_POINT ( 'NONE',  ( 1.249999999999967581, 0.000000000000000000, -1.299999999999967182 ) ) ;
#3882 = PRESENTATION_STYLE_ASSIGNMENT (( #5547 ) ) ;
#3883 = LINE ( 'NONE', #7066, #300 ) ;
#3884 = ORIENTED_EDGE ( 'NONE', *, *, #1925, .T. ) ;
#3885 = CARTESIAN_POINT ( 'NONE',  ( 0.9000000000000208944, -0.05000000000000000278, -1.999999999999999556 ) ) ;
#3886 = VECTOR ( 'NONE', #7671, 1000.000000000000000 ) ;
#3887 = DIRECTION ( 'NONE',  ( 0.000000000000000000, -1.000000000000000000, 0.000000000000000000 ) ) ;
#3888 = STYLED_ITEM ( 'NONE', ( #10041 ), #5810 ) ;
#3889 =( LENGTH_UNIT ( ) NAMED_UNIT ( * ) SI_UNIT ( .MILLI., .METRE. ) );
#3890 = FACE_OUTER_BOUND ( 'NONE', #4144, .T. ) ;
#3891 = LINE ( 'NONE', #10178, #2277 ) ;
#3892 = VERTEX_POINT ( 'NONE', #7354 ) ;
#3893 = MECHANICAL_DESIGN_GEOMETRIC_PRESENTATION_REPRESENTATION (  '', ( #8014 ), #7038 ) ;
#3894 = PRESENTATION_STYLE_ASSIGNMENT (( #10180 ) ) ;
#3895 = CARTESIAN_POINT ( 'NONE',  ( -0.09999999999997917499, -0.05000000000000000278, -1.649999999999999911 ) ) ;
#3896 = ORIENTED_EDGE ( 'NONE', *, *, #3404, .T. ) ;
#3897 = UNCERTAINTY_MEASURE_WITH_UNIT (LENGTH_MEASURE( 1.000000000000000082E-05 ), #4915, 'distance_accuracy_value', 'NONE');
#3898 = FILL_AREA_STYLE_COLOUR ( '', #5168 ) ;
#3899 = CYLINDRICAL_SURFACE ( 'NONE', #6887, 0.04999999999999991257 ) ;
#3900 =( NAMED_UNIT ( * ) PLANE_ANGLE_UNIT ( ) SI_UNIT ( $, .RADIAN. ) );
#3901 = EDGE_LOOP ( 'NONE', ( #8347, #1071, #7935, #7400 ) ) ;
#3902 = CARTESIAN_POINT ( 'NONE',  ( 0.1000000000000210582, -0.05000000000000000278, -1.649999999999999911 ) ) ;
#3903 = FILL_AREA_STYLE_COLOUR ( '', #1019 ) ;
#3904 = LINE ( 'NONE', #10238, #4479 ) ;
#3905 = EDGE_CURVE ( 'NONE', #4777, #9402, #8962, .T. ) ;
#3906 = ORIENTED_EDGE ( 'NONE', *, *, #6729, .T. ) ;
#3907 = EDGE_CURVE ( 'NONE', #2684, #8551, #1803, .T. ) ;
#3908 = ORIENTED_EDGE ( 'NONE', *, *, #9452, .F. ) ;
#3909 = UNCERTAINTY_MEASURE_WITH_UNIT (LENGTH_MEASURE( 1.000000000000000082E-05 ), #5436, 'distance_accuracy_value', 'NONE');
#3910 = VERTEX_POINT ( 'NONE', #205 ) ;
#3911 = DIRECTION ( 'NONE',  ( 0.000000000000000000, -0.000000000000000000, -1.000000000000000000 ) ) ;
#3912 = PRESENTATION_STYLE_ASSIGNMENT (( #7955 ) ) ;
#3913 = CARTESIAN_POINT ( 'NONE',  ( 2.050000000000000266, 0.000000000000000000, 0.000000000000000000 ) ) ;
#3914 = EDGE_CURVE ( 'NONE', #626, #1390, #5014, .T. ) ;
#3915 = VERTEX_POINT ( 'NONE', #797 ) ;
#3916 = CARTESIAN_POINT ( 'NONE',  ( -0.3499999999999792166, -0.05000000000000000278, -1.599999999999999867 ) ) ;
#3917 = DIRECTION ( 'NONE',  ( 0.000000000000000000, 0.000000000000000000, 1.000000000000000000 ) ) ;
#3918 = DIRECTION ( 'NONE',  ( 0.000000000000000000, 1.000000000000000000, 0.000000000000000000 ) ) ;
#3919 = ORIENTED_EDGE ( 'NONE', *, *, #10199, .F. ) ;
#3920 = CARTESIAN_POINT ( 'NONE',  ( -0.7499999999999462652, -0.05000000000000000278, 1.649999999999967049 ) ) ;
#3921 = DIRECTION ( 'NONE',  ( 0.000000000000000000, 0.000000000000000000, -1.000000000000000000 ) ) ;
#3922 = DIRECTION ( 'NONE',  ( 0.000000000000000000, 0.000000000000000000, 1.000000000000000000 ) ) ;
#3923 = DIRECTION ( 'NONE',  ( -0.000000000000000000, 1.000000000000000000, -0.000000000000000000 ) ) ;
#3924 = ADVANCED_FACE ( 'NONE', ( #4028 ), #1739, .T. ) ;
#3925 = CARTESIAN_POINT ( 'NONE',  ( -2.000000000000000000, 0.1499999999999999944, 0.6999999999999994005 ) ) ;
#3926 =( NAMED_UNIT ( * ) PLANE_ANGLE_UNIT ( ) SI_UNIT ( $, .RADIAN. ) );
#3927 = SURFACE_SIDE_STYLE ('',( #8613 ) ) ;
#3928 = CARTESIAN_POINT ( 'NONE',  ( 0.8500000000000205169, -0.05000000000000000278, 1.599999999999999645 ) ) ;
#3929 = ORIENTED_EDGE ( 'NONE', *, *, #1831, .F. ) ;
#3930 = SURFACE_SIDE_STYLE ('',( #7213 ) ) ;
#3931 = ADVANCED_FACE ( 'NONE', ( #5628 ), #1640, .F. ) ;
#3932 =( NAMED_UNIT ( * ) SI_UNIT ( $, .STERADIAN. ) SOLID_ANGLE_UNIT ( ) );
#3933 = EDGE_CURVE ( 'NONE', #6724, #5933, #3550, .T. ) ;
#3934 = DIRECTION ( 'NONE',  ( -0.000000000000000000, -1.000000000000000000, -0.000000000000000000 ) ) ;
#3935 = CARTESIAN_POINT ( 'NONE',  ( 0.05000000000005389023, -0.05000000000000000278, -1.649999999999967049 ) ) ;
#3936 = LINE ( 'NONE', #7930, #8375 ) ;
#3937 = CARTESIAN_POINT ( 'NONE',  ( 1.450000000000008615, -0.05000000000000000278, -1.649999999999966827 ) ) ;
#3938 = ORIENTED_EDGE ( 'NONE', *, *, #865, .F. ) ;
#3939 = CARTESIAN_POINT ( 'NONE',  ( 1.249999999999999556, 0.000000000000000000, 0.2999999999999999334 ) ) ;
#3940 = DIRECTION ( 'NONE',  ( 0.000000000000000000, 1.000000000000000000, 0.000000000000000000 ) ) ;
#3941 = SURFACE_STYLE_FILL_AREA ( #2258 ) ;
#3942 = ORIENTED_EDGE ( 'NONE', *, *, #4624, .F. ) ;
#3943 = EDGE_CURVE ( 'NONE', #3758, #1551, #8453, .T. ) ;
#3944 = FACE_OUTER_BOUND ( 'NONE', #1554, .T. ) ;
#3945 = ORIENTED_EDGE ( 'NONE', *, *, #2677, .F. ) ;
#3946 = CARTESIAN_POINT ( 'NONE',  ( 1.999999999999997780, 0.000000000000000000, 0.6999999999999999556 ) ) ;
#3947 =( NAMED_UNIT ( * ) SI_UNIT ( $, .STERADIAN. ) SOLID_ANGLE_UNIT ( ) );
#3948 = CARTESIAN_POINT ( 'NONE',  ( -2.050000000000000266, 0.1499999999999999944, 0.6999999999999994005 ) ) ;
#3949 = ORIENTED_EDGE ( 'NONE', *, *, #381, .F. ) ;
#3950 = ORIENTED_EDGE ( 'NONE', *, *, #4697, .T. ) ;
#3951 = FILL_AREA_STYLE_COLOUR ( '', #7478 ) ;
#3952 = ORIENTED_EDGE ( 'NONE', *, *, #3215, .F. ) ;
#3953 = DIRECTION ( 'NONE',  ( -0.000000000000000000, 1.000000000000000000, -0.000000000000000000 ) ) ;
#3954 = AXIS2_PLACEMENT_3D ( 'NONE', #6086, #1922, #1207 ) ;
#3955 = ORIENTED_EDGE ( 'NONE', *, *, #3933, .T. ) ;
#3956 = FILL_AREA_STYLE_COLOUR ( '', #1823 ) ;
#3957 = VECTOR ( 'NONE', #6966, 1000.000000000000000 ) ;
#3958 = VECTOR ( 'NONE', #5441, 1000.000000000000000 ) ;
#3959 = CYLINDRICAL_SURFACE ( 'NONE', #4977, 0.05000000000000002359 ) ;
#3960 = ORIENTED_EDGE ( 'NONE', *, *, #1053, .F. ) ;
#3961 = CARTESIAN_POINT ( 'NONE',  ( -0.4999999999999794054, -0.05000000000000000278, -1.649999999999999467 ) ) ;
#3962 = SURFACE_STYLE_FILL_AREA ( #38 ) ;
#3963 = DIRECTION ( 'NONE',  ( -0.000000000000000000, 1.000000000000000000, -0.000000000000000000 ) ) ;
#3964 = EDGE_CURVE ( 'NONE', #3712, #5599, #1857, .T. ) ;
#3965 = ADVANCED_FACE ( 'NONE', ( #9943 ), #4274, .F. ) ;
#3966 = COLOUR_RGB ( '',0.7686274509803920907, 0.7686274509803920907, 0.7686274509803920907 ) ;
#3967 = CIRCLE ( 'NONE', #2453, 0.04999999999999996808 ) ;
#3968 = AXIS2_PLACEMENT_3D ( 'NONE', #4807, #5392, #8568 ) ;
#3969 =( NAMED_UNIT ( * ) PLANE_ANGLE_UNIT ( ) SI_UNIT ( $, .RADIAN. ) );
#3970 = DIRECTION ( 'NONE',  ( -0.000000000000000000, 1.000000000000000000, -0.000000000000000000 ) ) ;
#3971 = AXIS2_PLACEMENT_3D ( 'NONE', #2820, #4509, #1248 ) ;
#3972 = VECTOR ( 'NONE', #10203, 1000.000000000000000 ) ;
#3973 =( NAMED_UNIT ( * ) PLANE_ANGLE_UNIT ( ) SI_UNIT ( $, .RADIAN. ) );
#3974 =( GEOMETRIC_REPRESENTATION_CONTEXT ( 3 ) GLOBAL_UNCERTAINTY_ASSIGNED_CONTEXT ( ( #2004 ) ) GLOBAL_UNIT_ASSIGNED_CONTEXT ( ( #1260, #4469, #5309 ) ) REPRESENTATION_CONTEXT ( 'NONE', 'WORKASPACE' ) );
#3975 = ADVANCED_FACE ( 'NONE', ( #7602 ), #5173, .F. ) ;
#3976 = CARTESIAN_POINT ( 'NONE',  ( 0.000000000000000000, 0.000000000000000000, -2.050000000000000266 ) ) ;
#3977 = VERTEX_POINT ( 'NONE', #10100 ) ;
#3978 = STYLED_ITEM ( 'NONE', ( #5530 ), #6357 ) ;
#3979 = CIRCLE ( 'NONE', #2964, 0.04999999999999996808 ) ;
#3980 = AXIS2_PLACEMENT_3D ( 'NONE', #9911, #1408, #6763 ) ;
#3981 = SURFACE_SIDE_STYLE ('',( #749 ) ) ;
#3982 =( LENGTH_UNIT ( ) NAMED_UNIT ( * ) SI_UNIT ( .MILLI., .METRE. ) );
#3983 = STYLED_ITEM ( 'NONE', ( #7012 ), #3801 ) ;
#3984 = CARTESIAN_POINT ( 'NONE',  ( -0.04999999999997882527, 0.000000000000000000, 1.599999999999999867 ) ) ;
#3985 = SURFACE_SIDE_STYLE ('',( #1454 ) ) ;
#3986 = VERTEX_POINT ( 'NONE', #8717 ) ;
#3987 = CARTESIAN_POINT ( 'NONE',  ( -2.000000000000000000, 0.1499999999999999944, 0.3999999999999995226 ) ) ;
#3988 = DIRECTION ( 'NONE',  ( -0.000000000000000000, -1.355252715606880049E-16, 1.000000000000000000 ) ) ;
#3989 = CARTESIAN_POINT ( 'NONE',  ( -0.6499999999999884759, 0.000000000000000000, -1.250000000000000444 ) ) ;
#3990 = ORIENTED_EDGE ( 'NONE', *, *, #6358, .T. ) ;
#3991 = PRESENTATION_LAYER_ASSIGNMENT (  '', '', ( #7644 ) ) ;
#3992 = UNCERTAINTY_MEASURE_WITH_UNIT (LENGTH_MEASURE( 1.000000000000000082E-05 ), #6734, 'distance_accuracy_value', 'NONE');
#3993 = VECTOR ( 'NONE', #8897, 1000.000000000000000 ) ;
#3994 = CARTESIAN_POINT ( 'NONE',  ( -1.999999999999994449, 0.000000000000000000, -0.4000000000000005218 ) ) ;
#3995 = PRESENTATION_LAYER_ASSIGNMENT (  '', '', ( #1614 ) ) ;
#3996 = SURFACE_STYLE_USAGE ( .BOTH. , #7847 ) ;
#3997 = EDGE_LOOP ( 'NONE', ( #10367, #8945, #6437, #6511 ) ) ;
#3998 = FACE_OUTER_BOUND ( 'NONE', #7393, .T. ) ;
#3999 = AXIS2_PLACEMENT_3D ( 'NONE', #10186, #7081, #1463 ) ;
#4000 = STYLED_ITEM ( 'NONE', ( #249 ), #4121 ) ;
#4001 = ORIENTED_EDGE ( 'NONE', *, *, #3119, .T. ) ;
#4002 = ADVANCED_FACE ( 'NONE', ( #10307 ), #1391, .F. ) ;
#4003 = ADVANCED_FACE ( 'NONE', ( #3181 ), #2953, .F. ) ;
#4004 = VERTEX_POINT ( 'NONE', #5387 ) ;
#4005 = UNCERTAINTY_MEASURE_WITH_UNIT (LENGTH_MEASURE( 1.000000000000000082E-05 ), #7836, 'distance_accuracy_value', 'NONE');
#4006 =( LENGTH_UNIT ( ) NAMED_UNIT ( * ) SI_UNIT ( .MILLI., .METRE. ) );
#4007 = ORIENTED_EDGE ( 'NONE', *, *, #2256, .T. ) ;
#4008 =( LENGTH_UNIT ( ) NAMED_UNIT ( * ) SI_UNIT ( .MILLI., .METRE. ) );
#4009 = CARTESIAN_POINT ( 'NONE',  ( -0.4999999999999942824, -0.05000000000000000278, -0.4500000000000008438 ) ) ;
#4010 = AXIS2_PLACEMENT_3D ( 'NONE', #6143, #3630, #1991 ) ;
#4011 = VECTOR ( 'NONE', #3142, 1000.000000000000000 ) ;
#4012 = AXIS2_PLACEMENT_3D ( 'NONE', #5869, #2562, #8930 ) ;
#4013 = AXIS2_PLACEMENT_3D ( 'NONE', #220, #8043, #8978 ) ;
#4014 = CARTESIAN_POINT ( 'NONE',  ( 0.9000000000000208944, -0.05000000000000000278, 2.000000000000000000 ) ) ;
#4015 = VERTEX_POINT ( 'NONE', #7761 ) ;
#4016 = STYLED_ITEM ( 'NONE', ( #3386 ), #1593 ) ;
#4017 = VECTOR ( 'NONE', #6275, 1000.000000000000000 ) ;
#4018 = ORIENTED_EDGE ( 'NONE', *, *, #7070, .T. ) ;
#4019 =( NAMED_UNIT ( * ) SI_UNIT ( $, .STERADIAN. ) SOLID_ANGLE_UNIT ( ) );
#4020 = CIRCLE ( 'NONE', #2508, 0.04999999999995480976 ) ;
#4021 = CARTESIAN_POINT ( 'NONE',  ( 0.05000000000005389023, -0.05000000000000000278, 1.649999999999967049 ) ) ;
#4022 =( GEOMETRIC_REPRESENTATION_CONTEXT ( 3 ) GLOBAL_UNCERTAINTY_ASSIGNED_CONTEXT ( ( #377 ) ) GLOBAL_UNIT_ASSIGNED_CONTEXT ( ( #4187, #9033, #3287 ) ) REPRESENTATION_CONTEXT ( 'NONE', 'WORKASPACE' ) );
#4023 = PLANE ( 'NONE',  #4966 ) ;
#4024 = EDGE_CURVE ( 'NONE', #4094, #1277, #2238, .T. ) ;
#4025 = CARTESIAN_POINT ( 'NONE',  ( -0.4999999999999794054, -0.05000000000000000278, -1.649999999999999467 ) ) ;
#4026 = EDGE_CURVE ( 'NONE', #2618, #2879, #7814, .T. ) ;
#4027 = VECTOR ( 'NONE', #29, 1000.000000000000000 ) ;
#4028 = FACE_OUTER_BOUND ( 'NONE', #2901, .T. ) ;
#4029 = DIRECTION ( 'NONE',  ( -0.000000000000000000, -1.000000000000000000, -0.000000000000000000 ) ) ;
#4030 =( GEOMETRIC_REPRESENTATION_CONTEXT ( 3 ) GLOBAL_UNCERTAINTY_ASSIGNED_CONTEXT ( ( #6491 ) ) GLOBAL_UNIT_ASSIGNED_CONTEXT ( ( #7804, #9317, #9413 ) ) REPRESENTATION_CONTEXT ( 'NONE', 'WORKASPACE' ) );
#4031 = ORIENTED_EDGE ( 'NONE', *, *, #4026, .T. ) ;
#4032 = CARTESIAN_POINT ( 'NONE',  ( 2.050000000000000266, 0.1499999999999999944, 1.300000000000000266 ) ) ;
#4033 = SURFACE_STYLE_FILL_AREA ( #856 ) ;
#4034 = SURFACE_STYLE_FILL_AREA ( #2447 ) ;
#4035 = STYLED_ITEM ( 'NONE', ( #3894 ), #3551 ) ;
#4036 = AXIS2_PLACEMENT_3D ( 'NONE', #4250, #7418, #7775 ) ;
#4037 = EDGE_CURVE ( 'NONE', #727, #568, #8117, .T. ) ;
#4038 = CARTESIAN_POINT ( 'NONE',  ( 0.9000000000000208944, -0.05000000000000000278, 1.999999999999999556 ) ) ;
#4039 = PRESENTATION_LAYER_ASSIGNMENT (  '', '', ( #4701 ) ) ;
#4040 = FACE_OUTER_BOUND ( 'NONE', #3997, .T. ) ;
#4041 = SURFACE_STYLE_USAGE ( .BOTH. , #4872 ) ;
#4042 = DIRECTION ( 'NONE',  ( 0.000000000000000000, 0.000000000000000000, 1.000000000000000000 ) ) ;
#4043 =( NAMED_UNIT ( * ) PLANE_ANGLE_UNIT ( ) SI_UNIT ( $, .RADIAN. ) );
#4044 = CARTESIAN_POINT ( 'NONE',  ( -0.09999999999997911948, -0.05000000000000000278, 2.000000000000000000 ) ) ;
#4045 = ORIENTED_EDGE ( 'NONE', *, *, #7559, .F. ) ;
#4046 = MECHANICAL_DESIGN_GEOMETRIC_PRESENTATION_REPRESENTATION (  '', ( #1854 ), #9367 ) ;
#4047 = DIRECTION ( 'NONE',  ( -0.000000000000000000, 0.000000000000000000, -1.000000000000000000 ) ) ;
#4048 = ORIENTED_EDGE ( 'NONE', *, *, #4089, .F. ) ;
#4049 = FILL_AREA_STYLE ('',( #4091 ) ) ;
#4050 = DIRECTION ( 'NONE',  ( 0.000000000000000000, 0.000000000000000000, 1.000000000000000000 ) ) ;
#4051 = CIRCLE ( 'NONE', #9372, 0.04999999999996716793 ) ;
#4052 = CARTESIAN_POINT ( 'NONE',  ( 0.1000000000000208361, -0.05000000000000000278, -1.999999999999999556 ) ) ;
#4053 = DIRECTION ( 'NONE',  ( -0.000000000000000000, 1.000000000000000000, -0.000000000000000000 ) ) ;
#4054 = VERTEX_POINT ( 'NONE', #35 ) ;
#4055 = EDGE_LOOP ( 'NONE', ( #4519, #9253, #1953, #8704 ) ) ;
#4056 = DIRECTION ( 'NONE',  ( 1.000000000000000000, -0.000000000000000000, -0.000000000000000000 ) ) ;
#4057 =( NAMED_UNIT ( * ) PLANE_ANGLE_UNIT ( ) SI_UNIT ( $, .RADIAN. ) );
#4058 = VERTEX_POINT ( 'NONE', #6572 ) ;
#4059 =( LENGTH_UNIT ( ) NAMED_UNIT ( * ) SI_UNIT ( .MILLI., .METRE. ) );
#4060 = LINE ( 'NONE', #4895, #2809 ) ;
#4061 = ADVANCED_FACE ( 'NONE', ( #844 ), #5619, .T. ) ;
#4062 = EDGE_CURVE ( 'NONE', #3418, #8452, #2974, .T. ) ;
#4063 = ORIENTED_EDGE ( 'NONE', *, *, #8492, .T. ) ;
#4064 = CARTESIAN_POINT ( 'NONE',  ( -0.6999999999999791944, 0.1499999999999999944, 2.050000000000000266 ) ) ;
#4065 = ORIENTED_EDGE ( 'NONE', *, *, #7336, .T. ) ;
#4066 = DIRECTION ( 'NONE',  ( 0.000000000000000000, -1.000000000000000000, 0.000000000000000000 ) ) ;
#4067 = LINE ( 'NONE', #6573, #9166 ) ;
#4068 =( NAMED_UNIT ( * ) SI_UNIT ( $, .STERADIAN. ) SOLID_ANGLE_UNIT ( ) );
#4069 = DIRECTION ( 'NONE',  ( 0.000000000000000000, 0.000000000000000000, 1.000000000000000000 ) ) ;
#4070 = UNCERTAINTY_MEASURE_WITH_UNIT (LENGTH_MEASURE( 1.000000000000000082E-05 ), #4992, 'distance_accuracy_value', 'NONE');
#4071 = CARTESIAN_POINT ( 'NONE',  ( 1.249999999999997558, 0.000000000000000000, 0.8499999999999999778 ) ) ;
#4072 = LINE ( 'NONE', #3278, #9123 ) ;
#4073 = PRESENTATION_STYLE_ASSIGNMENT (( #1020 ) ) ;
#4074 = SURFACE_STYLE_USAGE ( .BOTH. , #261 ) ;
#4075 = CARTESIAN_POINT ( 'NONE',  ( -0.5500000000000021538, 0.000000000000000000, 0.3999999999999995226 ) ) ;
#4076 = ORIENTED_EDGE ( 'NONE', *, *, #1926, .T. ) ;
#4077 = DIRECTION ( 'NONE',  ( 0.000000000000000000, -1.000000000000000000, 0.000000000000000000 ) ) ;
#4078 = SURFACE_STYLE_FILL_AREA ( #5699 ) ;
#4079 = ADVANCED_FACE ( 'NONE', ( #5771 ), #199, .F. ) ;
#4080 = CARTESIAN_POINT ( 'NONE',  ( -2.050000000000000266, -0.05000000000000000278, 0.6999999999999994005 ) ) ;
#4081 = CYLINDRICAL_SURFACE ( 'NONE', #3024, 0.04999999999996716793 ) ;
#4082 = FILL_AREA_STYLE_COLOUR ( '', #4474 ) ;
#4083 = VECTOR ( 'NONE', #9324, 1000.000000000000000 ) ;
#4084 = FILL_AREA_STYLE ('',( #9591 ) ) ;
#4085 = PRESENTATION_STYLE_ASSIGNMENT (( #2710 ) ) ;
#4086 = ORIENTED_EDGE ( 'NONE', *, *, #9023, .T. ) ;
#4087 = UNCERTAINTY_MEASURE_WITH_UNIT (LENGTH_MEASURE( 1.000000000000000082E-05 ), #5913, 'distance_accuracy_value', 'NONE');
#4088 = EDGE_CURVE ( 'NONE', #9230, #3636, #2479, .T. ) ;
#4089 = EDGE_CURVE ( 'NONE', #393, #1472, #4903, .T. ) ;
#4090 = ORIENTED_EDGE ( 'NONE', *, *, #1723, .T. ) ;
#4091 = FILL_AREA_STYLE_COLOUR ( '', #7691 ) ;
#4092 = CARTESIAN_POINT ( 'NONE',  ( 1.250000000000000444, -0.05000000000000000278, -0.05000000000000008604 ) ) ;
#4093 =( LENGTH_UNIT ( ) NAMED_UNIT ( * ) SI_UNIT ( .MILLI., .METRE. ) );
#4094 = VERTEX_POINT ( 'NONE', #4941 ) ;
#4095 = CARTESIAN_POINT ( 'NONE',  ( 0.05000000000005389023, 0.000000000000000000, -1.649999999999967049 ) ) ;
#4096 = ORIENTED_EDGE ( 'NONE', *, *, #3301, .F. ) ;
#4097 = UNCERTAINTY_MEASURE_WITH_UNIT (LENGTH_MEASURE( 1.000000000000000082E-05 ), #5405, 'distance_accuracy_value', 'NONE');
#4098 = CARTESIAN_POINT ( 'NONE',  ( 2.050000000000000266, 0.000000000000000000, 0.000000000000000000 ) ) ;
#4099 = SURFACE_SIDE_STYLE ('',( #2570 ) ) ;
#4100 = ORIENTED_EDGE ( 'NONE', *, *, #3376, .F. ) ;
#4101 = FACE_OUTER_BOUND ( 'NONE', #248, .T. ) ;
#4102 = PLANE ( 'NONE',  #456 ) ;
#4103 = STYLED_ITEM ( 'NONE', ( #6712 ), #6636 ) ;
#4104 = VERTEX_POINT ( 'NONE', #942 ) ;
#4105 = FILL_AREA_STYLE ('',( #3956 ) ) ;
#4106 = DIRECTION ( 'NONE',  ( 0.000000000000000000, -1.000000000000000000, 0.000000000000000000 ) ) ;
#4107 =( LENGTH_UNIT ( ) NAMED_UNIT ( * ) SI_UNIT ( .MILLI., .METRE. ) );
#4108 = ORIENTED_EDGE ( 'NONE', *, *, #8655, .T. ) ;
#4109 = EDGE_CURVE ( 'NONE', #3443, #2679, #7341, .T. ) ;
#4110 =( NAMED_UNIT ( * ) SI_UNIT ( $, .STERADIAN. ) SOLID_ANGLE_UNIT ( ) );
#4111 =( NAMED_UNIT ( * ) SI_UNIT ( $, .STERADIAN. ) SOLID_ANGLE_UNIT ( ) );
#4112 = COLOUR_RGB ( '',0.7686274509803920907, 0.7686274509803920907, 0.7686274509803920907 ) ;
#4113 = SURFACE_SIDE_STYLE ('',( #9624 ) ) ;
#4114 = CARTESIAN_POINT ( 'NONE',  ( 1.199999999999987965, -0.05000000000000000278, 1.649999999999966827 ) ) ;
#4115 = DIRECTION ( 'NONE',  ( -0.000000000000000000, -1.000000000000000000, -0.000000000000000000 ) ) ;
#4116 = CLOSED_SHELL ( 'NONE', ( #729, #3931, #1397, #5454, #4247, #8592, #6443, #8834, #8026, #963, #2580, #6581, #440, #2429, #7501, #7216, #3551, #5193, #1178, #3064, #2512, #4470, #9184, #3965, #1898, #483, #8862, #6482, #6880, #9733, #597, #10082, #9068, #5765, #216, #888, #3313, #2550, #9336, #185, #1887, #5384, #4230, #10133, #7164, #1593, #1261, #17, #10066, #5390, #9495, #10060, #5686, #1416, #1960, #3855, #4278, #2089, #3801, #7622, #1488, #3524, #6704, #3749, #7472, #6357, #1014, #9937, #4546, #9696, #107, #6636, #1372, #5880, #6261, #6647, #7071, #4002, #5767, #9060, #2910, #5171, #2091, #1693, #3768, #3088, #3021, #9325, #2058, #9716, #1969, #9861, #7197, #7609, #4003, #8768, #6720, #9868, #4188, #5984, #6011, #2685, #5539, #9350, #3205, #6076, #4791, #4079, #2397, #923, #1333, #5967, #543, #10321, #1523, #2204, #5910, #5810, #9399, #6574, #6480, #7485, #8135, #6217, #4683, #9085, #5407, #4153, #404, #5382, #4285, #10362, #4345, #4121, #5273, #3036, #9655, #6258, #6609, #3924, #1572, #6330, #1092, #4655, #5184, #5242, #5685, #1159, #2794, #6997, #10163, #2174, #8462, #9621, #3815, #9553, #9951, #9426, #9242, #4061, #574, #3975, #9689, #4427, #9398, #9421, #2983, #3778, #3405, #240, #4885, #9536, #2753, #8530, #728, #2102, #3087, #5493, #7026, #2448, #2055, #5053, #3125, #9690, #2973, #8769, #8798, #10323, #6385, #8984, #1489, #8809, #5228, #1914, #5456, #5614, #3245, #8300, #8728, #7155, #7608, #10103, #1760, #982, #7666, #640, #789, #2242, #4166, #8565, #5139, #5822, #1371, #5011 ) ) ;
#4117 = CIRCLE ( 'NONE', #905, 0.05000000000000002359 ) ;
#4118 = FILL_AREA_STYLE_COLOUR ( '', #7461 ) ;
#4119 =( LENGTH_UNIT ( ) NAMED_UNIT ( * ) SI_UNIT ( .MILLI., .METRE. ) );
#4120 = DIRECTION ( 'NONE',  ( -0.000000000000000000, 1.000000000000000000, -0.000000000000000000 ) ) ;
#4121 = ADVANCED_FACE ( 'NONE', ( #10032 ), #8580, .T. ) ;
#4122 = CARTESIAN_POINT ( 'NONE',  ( 2.050000000000000266, 0.1499999999999999944, 0.1000000000000000472 ) ) ;
#4123 = EDGE_CURVE ( 'NONE', #1874, #393, #6135, .T. ) ;
#4124 = DIRECTION ( 'NONE',  ( -0.000000000000000000, -0.000000000000000000, -1.000000000000000000 ) ) ;
#4125 = ORIENTED_EDGE ( 'NONE', *, *, #8444, .F. ) ;
#4126 = CIRCLE ( 'NONE', #7450, 0.04999999999996716793 ) ;
#4128 = COLOUR_RGB ( '',0.7686274509803920907, 0.7686274509803920907, 0.7686274509803920907 ) ;
#4127 = DIRECTION ( 'NONE',  ( -0.000000000000000000, -0.000000000000000000, -1.000000000000000000 ) ) ;
#4129 = COLOUR_RGB ( '',0.7686274509803920907, 0.7686274509803920907, 0.7686274509803920907 ) ;
#4130 =( NAMED_UNIT ( * ) SI_UNIT ( $, .STERADIAN. ) SOLID_ANGLE_UNIT ( ) );
#4131 = PLANE ( 'NONE',  #8853 ) ;
#4132 = CARTESIAN_POINT ( 'NONE',  ( -0.3499999999999792166, -0.05000000000000000278, 1.599999999999999645 ) ) ;
#4133 = CARTESIAN_POINT ( 'NONE',  ( 2.000000000000000000, 0.000000000000000000, -2.000000000000000000 ) ) ;
#4134 = PRESENTATION_LAYER_ASSIGNMENT (  '', '', ( #1933 ) ) ;
#4135 = CARTESIAN_POINT ( 'NONE',  ( 0.7500000000000213163, -0.05000000000000000278, -1.599999999999999645 ) ) ;
#4136 = VECTOR ( 'NONE', #4792, 1000.000000000000000 ) ;
#4137 = CARTESIAN_POINT ( 'NONE',  ( -1.199999999999946443, -0.05000000000000000278, 1.649999999999966827 ) ) ;
#4138 = ORIENTED_EDGE ( 'NONE', *, *, #5982, .T. ) ;
#4139 = MECHANICAL_DESIGN_GEOMETRIC_PRESENTATION_REPRESENTATION (  '', ( #5638 ), #9456 ) ;
#4140 = AXIS2_PLACEMENT_3D ( 'NONE', #7086, #6251, #9404 ) ;
#4141 = SURFACE_STYLE_FILL_AREA ( #9806 ) ;
#4142 = AXIS2_PLACEMENT_3D ( 'NONE', #9328, #2180, #6262 ) ;
#4143 = PRESENTATION_LAYER_ASSIGNMENT (  '', '', ( #7638 ) ) ;
#4144 = EDGE_LOOP ( 'NONE', ( #9419, #7092, #127, #6326 ) ) ;
#4145 = SURFACE_STYLE_FILL_AREA ( #8378 ) ;
#4146 = CARTESIAN_POINT ( 'NONE',  ( 1.999999999999999112, 0.000000000000000000, 0.3000000000000000444 ) ) ;
#4147 = FILL_AREA_STYLE_COLOUR ( '', #2446 ) ;
#4148 = SURFACE_STYLE_FILL_AREA ( #8262 ) ;
#4149 = ORIENTED_EDGE ( 'NONE', *, *, #7879, .F. ) ;
#4150 = MECHANICAL_DESIGN_GEOMETRIC_PRESENTATION_REPRESENTATION (  '', ( #9631 ), #2790 ) ;
#4151 =( NAMED_UNIT ( * ) PLANE_ANGLE_UNIT ( ) SI_UNIT ( $, .RADIAN. ) );
#4152 = AXIS2_PLACEMENT_3D ( 'NONE', #7283, #7201, #733 ) ;
#4153 = ADVANCED_FACE ( 'NONE', ( #5836 ), #451, .T. ) ;
#4154 = ORIENTED_EDGE ( 'NONE', *, *, #4855, .F. ) ;
#4155 = SURFACE_STYLE_FILL_AREA ( #186 ) ;
#4156 = DIRECTION ( 'NONE',  ( 0.000000000000000000, 1.000000000000000000, 0.000000000000000000 ) ) ;
#4157 = PRESENTATION_STYLE_ASSIGNMENT (( #8751 ) ) ;
#4158 = FILL_AREA_STYLE ('',( #5727 ) ) ;
#4159 = DIRECTION ( 'NONE',  ( 1.000000000000000000, 0.000000000000000000, -0.000000000000000000 ) ) ;
#4160 = LINE ( 'NONE', #5524, #8363 ) ;
#4161 = PRESENTATION_LAYER_ASSIGNMENT (  '', '', ( #6837 ) ) ;
#4162 = COLOUR_RGB ( '',0.7686274509803920907, 0.7686274509803920907, 0.7686274509803920907 ) ;
#4163 = VERTEX_POINT ( 'NONE', #9298 ) ;
#4164 = CARTESIAN_POINT ( 'NONE',  ( 1.199999999999997735, 0.000000000000000000, 0.7500000000000003331 ) ) ;
#4165 = CARTESIAN_POINT ( 'NONE',  ( 1.200000000000008837, -0.05000000000000000278, -0.8499999999999997558 ) ) ;
#4166 = ADVANCED_FACE ( 'NONE', ( #3684 ), #7629, .F. ) ;
#4167 = VERTEX_POINT ( 'NONE', #3144 ) ;
#4168 = FILL_AREA_STYLE_COLOUR ( '', #6664 ) ;
#4169 = VECTOR ( 'NONE', #5505, 1000.000000000000000 ) ;
#4170 = LINE ( 'NONE', #5104, #1462 ) ;
#4171 = CARTESIAN_POINT ( 'NONE',  ( 0.5000000000000208722, 0.1499999999999999944, 2.000000000000000000 ) ) ;
#4172 = DIRECTION ( 'NONE',  ( 1.000000000000000000, 0.000000000000000000, 0.000000000000000000 ) ) ;
#4173 = SURFACE_STYLE_USAGE ( .BOTH. , #10260 ) ;
#4174 = VERTEX_POINT ( 'NONE', #3989 ) ;
#4175 = STYLED_ITEM ( 'NONE', ( #4517 ), #9689 ) ;
#4176 = AXIS2_PLACEMENT_3D ( 'NONE', #4032, #7068, #3078 ) ;
#4177 = AXIS2_PLACEMENT_3D ( 'NONE', #5277, #9117, #5953 ) ;
#4178 = VERTEX_POINT ( 'NONE', #4823 ) ;
#4179 = DIRECTION ( 'NONE',  ( -0.000000000000000000, -0.000000000000000000, -1.000000000000000000 ) ) ;
#4180 = CARTESIAN_POINT ( 'NONE',  ( -0.2999999999999792277, 0.1499999999999999944, 2.050000000000000266 ) ) ;
#4181 = ORIENTED_EDGE ( 'NONE', *, *, #10199, .T. ) ;
#4182 = VECTOR ( 'NONE', #5082, 1000.000000000000000 ) ;
#4183 = CARTESIAN_POINT ( 'NONE',  ( -2.000000000000000000, 0.1499999999999999944, -0.7000000000000003997 ) ) ;
#4184 = LINE ( 'NONE', #8583, #2628 ) ;
#4185 = FILL_AREA_STYLE_COLOUR ( '', #10198 ) ;
#4186 = VECTOR ( 'NONE', #328, 1000.000000000000000 ) ;
#4187 =( LENGTH_UNIT ( ) NAMED_UNIT ( * ) SI_UNIT ( .MILLI., .METRE. ) );
#4188 = ADVANCED_FACE ( 'NONE', ( #8776 ), #8686, .F. ) ;
#4189 = EDGE_CURVE ( 'NONE', #1472, #8150, #2457, .T. ) ;
#4190 = PRESENTATION_STYLE_ASSIGNMENT (( #166 ) ) ;
#4191 = CARTESIAN_POINT ( 'NONE',  ( -0.5500000000000018208, 0.000000000000000000, 0.4499999999999995670 ) ) ;
#4192 = COLOUR_RGB ( '',0.7686274509803920907, 0.7686274509803920907, 0.7686274509803920907 ) ;
#4193 =( NAMED_UNIT ( * ) SI_UNIT ( $, .STERADIAN. ) SOLID_ANGLE_UNIT ( ) );
#4194 = PRESENTATION_LAYER_ASSIGNMENT (  '', '', ( #7346 ) ) ;
#4195 = VECTOR ( 'NONE', #2894, 1000.000000000000000 ) ;
#4196 =( NAMED_UNIT ( * ) PLANE_ANGLE_UNIT ( ) SI_UNIT ( $, .RADIAN. ) );
#4197 = CARTESIAN_POINT ( 'NONE',  ( 2.000000000000000000, 0.000000000000000000, 2.000000000000000000 ) ) ;
#4198 = CARTESIAN_POINT ( 'NONE',  ( -0.5000000000000037748, 0.000000000000000000, 1.000000000000000000 ) ) ;
#4199 = SURFACE_STYLE_USAGE ( .BOTH. , #2509 ) ;
#4200 = EDGE_LOOP ( 'NONE', ( #8137, #7023, #9157, #4181, #6282 ) ) ;
#4201 = UNCERTAINTY_MEASURE_WITH_UNIT (LENGTH_MEASURE( 1.000000000000000082E-05 ), #2292, 'distance_accuracy_value', 'NONE');
#4202 = CARTESIAN_POINT ( 'NONE',  ( 1.200000000000006839, 0.000000000000000000, -1.249999999999999778 ) ) ;
#4203 =( GEOMETRIC_REPRESENTATION_CONTEXT ( 3 ) GLOBAL_UNCERTAINTY_ASSIGNED_CONTEXT ( ( #6195 ) ) GLOBAL_UNIT_ASSIGNED_CONTEXT ( ( #2756, #6034, #5974 ) ) REPRESENTATION_CONTEXT ( 'NONE', 'WORKASPACE' ) );
#4204 = ORIENTED_EDGE ( 'NONE', *, *, #2071, .T. ) ;
#4205 = PRESENTATION_STYLE_ASSIGNMENT (( #1826 ) ) ;
#4206 = DIRECTION ( 'NONE',  ( -1.000000000000000000, 0.000000000000000000, 1.239088197126173326E-15 ) ) ;
#4207 = FILL_AREA_STYLE_COLOUR ( '', #6451 ) ;
#4208 = VERTEX_POINT ( 'NONE', #9441 ) ;
#4209 =( GEOMETRIC_REPRESENTATION_CONTEXT ( 3 ) GLOBAL_UNCERTAINTY_ASSIGNED_CONTEXT ( ( #7840 ) ) GLOBAL_UNIT_ASSIGNED_CONTEXT ( ( #2034, #9089, #8422 ) ) REPRESENTATION_CONTEXT ( 'NONE', 'WORKASPACE' ) );
#4210 =( GEOMETRIC_REPRESENTATION_CONTEXT ( 3 ) GLOBAL_UNCERTAINTY_ASSIGNED_CONTEXT ( ( #2511 ) ) GLOBAL_UNIT_ASSIGNED_CONTEXT ( ( #6857, #6910, #6947 ) ) REPRESENTATION_CONTEXT ( 'NONE', 'WORKASPACE' ) );
#4211 = VERTEX_POINT ( 'NONE', #4878 ) ;
#4212 = UNCERTAINTY_MEASURE_WITH_UNIT (LENGTH_MEASURE( 1.000000000000000082E-05 ), #8427, 'distance_accuracy_value', 'NONE');
#4213 = SURFACE_SIDE_STYLE ('',( #6718 ) ) ;
#4214 = CARTESIAN_POINT ( 'NONE',  ( 1.249999999999998002, -0.05000000000000000278, 0.6999999999999999556 ) ) ;
#4215 = CARTESIAN_POINT ( 'NONE',  ( -0.6499999999999884759, -0.05000000000000000278, -1.250000000000000444 ) ) ;
#4216 = CARTESIAN_POINT ( 'NONE',  ( -0.5000000000000000000, 0.000000000000000000, 0.09999999999999914513 ) ) ;
#4217 = CIRCLE ( 'NONE', #3365, 0.04999999999996716793 ) ;
#4218 = ORIENTED_EDGE ( 'NONE', *, *, #2866, .T. ) ;
#4219 = AXIS2_PLACEMENT_3D ( 'NONE', #9980, #2770, #2831 ) ;
#4220 = DIRECTION ( 'NONE',  ( -0.000000000000000000, 1.000000000000000000, -0.000000000000000000 ) ) ;
#4221 = EDGE_CURVE ( 'NONE', #9013, #1054, #3042, .T. ) ;
#4222 = LINE ( 'NONE', #1840, #3814 ) ;
#4223 = SURFACE_STYLE_FILL_AREA ( #3369 ) ;
#4224 = ORIENTED_EDGE ( 'NONE', *, *, #9922, .F. ) ;
#4225 = VERTEX_POINT ( 'NONE', #3211 ) ;
#4226 = UNCERTAINTY_MEASURE_WITH_UNIT (LENGTH_MEASURE( 1.000000000000000082E-05 ), #6725, 'distance_accuracy_value', 'NONE');
#4227 = CARTESIAN_POINT ( 'NONE',  ( -2.000000000000000000, -0.05000000000000000278, -0.4000000000000005218 ) ) ;
#4228 = CARTESIAN_POINT ( 'NONE',  ( 0.7000000000000209388, -0.05000000000000000278, 2.050000000000000266 ) ) ;
#4229 = CARTESIAN_POINT ( 'NONE',  ( -0.4999999999999791833, -0.05000000000000000278, 2.050000000000000266 ) ) ;
#4230 = ADVANCED_FACE ( 'NONE', ( #2409 ), #6243, .F. ) ;
#4231 = ORIENTED_EDGE ( 'NONE', *, *, #5081, .T. ) ;
#4232 = LINE ( 'NONE', #9982, #7515 ) ;
#4233 = EDGE_LOOP ( 'NONE', ( #8552, #7027, #9080, #3696, #5029, #4748 ) ) ;
#4234 = SURFACE_STYLE_USAGE ( .BOTH. , #5690 ) ;
#4235 = DIRECTION ( 'NONE',  ( -1.000000000000000000, 0.000000000000000000, 0.000000000000000000 ) ) ;
#4236 = ORIENTED_EDGE ( 'NONE', *, *, #3234, .F. ) ;
#4237 = FILL_AREA_STYLE ('',( #1024 ) ) ;
#4238 =( NAMED_UNIT ( * ) PLANE_ANGLE_UNIT ( ) SI_UNIT ( $, .RADIAN. ) );
#4239 = PRESENTATION_STYLE_ASSIGNMENT (( #8921 ) ) ;
#4240 = DIRECTION ( 'NONE',  ( 0.000000000000000000, -1.000000000000000000, 0.000000000000000000 ) ) ;
#4241 = LINE ( 'NONE', #7410, #4289 ) ;
#4242 = CARTESIAN_POINT ( 'NONE',  ( -1.450000000000020828, -0.05000000000000000278, 2.050000000000000266 ) ) ;
#4243 = CARTESIAN_POINT ( 'NONE',  ( -0.2999999999999792277, 0.1499999999999999944, -2.050000000000000266 ) ) ;
#4244 = DIRECTION ( 'NONE',  ( -1.000000000000000000, 0.000000000000000000, 0.000000000000000000 ) ) ;
#4245 = ORIENTED_EDGE ( 'NONE', *, *, #2866, .F. ) ;
#4246 = EDGE_CURVE ( 'NONE', #6724, #1942, #5866, .T. ) ;
#4247 = ADVANCED_FACE ( 'NONE', ( #8210 ), #4919, .T. ) ;
#4248 = DIRECTION ( 'NONE',  ( -0.000000000000000000, -0.000000000000000000, -1.000000000000000000 ) ) ;
#4249 = ORIENTED_EDGE ( 'NONE', *, *, #5508, .T. ) ;
#4250 = CARTESIAN_POINT ( 'NONE',  ( 1.249999999999999112, -0.05000000000000000278, 0.3499999999999999223 ) ) ;
#4251 = VECTOR ( 'NONE', #7256, 1000.000000000000000 ) ;
#4252 = SURFACE_STYLE_USAGE ( .BOTH. , #1712 ) ;
#4253 = ORIENTED_EDGE ( 'NONE', *, *, #1563, .T. ) ;
#4254 = DIRECTION ( 'NONE',  ( 0.000000000000000000, 0.000000000000000000, 1.000000000000000000 ) ) ;
#4255 = EDGE_LOOP ( 'NONE', ( #8765, #3398, #3259, #1685, #5306, #3811 ) ) ;
#4256 = EDGE_CURVE ( 'NONE', #9713, #7655, #8149, .T. ) ;
#4257 = CARTESIAN_POINT ( 'NONE',  ( 1.999999999999997780, -0.05000000000000000278, 0.9000000000000000222 ) ) ;
#4258 = DIRECTION ( 'NONE',  ( -0.000000000000000000, 1.000000000000000000, -0.000000000000000000 ) ) ;
#4259 = SURFACE_STYLE_FILL_AREA ( #6767 ) ;
#4260 = DIRECTION ( 'NONE',  ( 0.000000000000000000, 0.000000000000000000, 1.000000000000000000 ) ) ;
#4261 = VERTEX_POINT ( 'NONE', #7466 ) ;
#4262 = EDGE_CURVE ( 'NONE', #5354, #3060, #5344, .T. ) ;
#4263 = CARTESIAN_POINT ( 'NONE',  ( -0.7499999999999793499, -0.05000000000000000278, -1.599999999999999867 ) ) ;
#4264 = LINE ( 'NONE', #1174, #3972 ) ;
#4265 = FACE_OUTER_BOUND ( 'NONE', #7598, .T. ) ;
#4266 = EDGE_LOOP ( 'NONE', ( #2255, #2153, #5016, #8394 ) ) ;
#4267 = VERTEX_POINT ( 'NONE', #8928 ) ;
#4268 = ORIENTED_EDGE ( 'NONE', *, *, #512, .T. ) ;
#4269 = FILL_AREA_STYLE_COLOUR ( '', #6842 ) ;
#4270 = CARTESIAN_POINT ( 'NONE',  ( 0.8500000000000205169, -0.05000000000000000278, -1.599999999999999645 ) ) ;
#4271 = ORIENTED_EDGE ( 'NONE', *, *, #3687, .T. ) ;
#4272 = ORIENTED_EDGE ( 'NONE', *, *, #8399, .F. ) ;
#4273 = LINE ( 'NONE', #4483, #1275 ) ;
#4274 = PLANE ( 'NONE',  #6163 ) ;
#4275 = FACE_OUTER_BOUND ( 'NONE', #7281, .T. ) ;
#4276 = EDGE_CURVE ( 'NONE', #3443, #4777, #1755, .T. ) ;
#4277 = EDGE_LOOP ( 'NONE', ( #1182, #7417, #6593, #9942 ) ) ;
#4278 = ADVANCED_FACE ( 'NONE', ( #5078 ), #5030, .F. ) ;
#4279 = LINE ( 'NONE', #4183, #6508 ) ;
#4280 = SURFACE_SIDE_STYLE ('',( #8629 ) ) ;
#4281 = PRESENTATION_STYLE_ASSIGNMENT (( #6539 ) ) ;
#4282 = MECHANICAL_DESIGN_GEOMETRIC_PRESENTATION_REPRESENTATION (  '', ( #5772 ), #4943 ) ;
#4283 = DIRECTION ( 'NONE',  ( 0.000000000000000000, 1.000000000000000000, 0.000000000000000000 ) ) ;
#4284 = LINE ( 'NONE', #2948, #6145 ) ;
#4285 = ADVANCED_FACE ( 'NONE', ( #6079 ), #2968, .F. ) ;
#4286 = SURFACE_STYLE_FILL_AREA ( #4916 ) ;
#4287 = VECTOR ( 'NONE', #10279, 1000.000000000000000 ) ;
#4288 = CARTESIAN_POINT ( 'NONE',  ( 1.250000000000005107, 0.000000000000000000, -0.3000000000000002109 ) ) ;
#4289 = VECTOR ( 'NONE', #1239, 1000.000000000000000 ) ;
#4290 = CARTESIAN_POINT ( 'NONE',  ( 1.250000000000008660, -0.05000000000000000278, -0.8500000000000000888 ) ) ;
#4291 = ORIENTED_EDGE ( 'NONE', *, *, #3688, .T. ) ;
#4292 = UNCERTAINTY_MEASURE_WITH_UNIT (LENGTH_MEASURE( 1.000000000000000082E-05 ), #296, 'distance_accuracy_value', 'NONE');
#4293 = CARTESIAN_POINT ( 'NONE',  ( -2.050000000000000266, 0.1499999999999999944, 0.9499999999999996225 ) ) ;
#4294 = LINE ( 'NONE', #4353, #9489 ) ;
#4295 = VECTOR ( 'NONE', #2354, 1000.000000000000000 ) ;
#4296 = AXIS2_PLACEMENT_3D ( 'NONE', #4747, #7716, #1484 ) ;
#4297 = EDGE_LOOP ( 'NONE', ( #7738, #4364, #2850, #227, #5607, #2471 ) ) ;
#4298 = CARTESIAN_POINT ( 'NONE',  ( 0.1000000000000208639, 0.1499999999999999944, -2.000000000000000000 ) ) ;
#4299 = VECTOR ( 'NONE', #1427, 1000.000000000000000 ) ;
#4300 =( LENGTH_UNIT ( ) NAMED_UNIT ( * ) SI_UNIT ( .MILLI., .METRE. ) );
#4301 = VERTEX_POINT ( 'NONE', #9960 ) ;
#4302 = PRESENTATION_STYLE_ASSIGNMENT (( #922 ) ) ;
#4303 = PRESENTATION_STYLE_ASSIGNMENT (( #8804 ) ) ;
#4304 = ORIENTED_EDGE ( 'NONE', *, *, #6358, .F. ) ;
#4305 = MECHANICAL_DESIGN_GEOMETRIC_PRESENTATION_REPRESENTATION (  '', ( #7797 ), #10117 ) ;
#4306 = UNCERTAINTY_MEASURE_WITH_UNIT (LENGTH_MEASURE( 1.000000000000000082E-05 ), #8938, 'distance_accuracy_value', 'NONE');
#4307 = MECHANICAL_DESIGN_GEOMETRIC_PRESENTATION_REPRESENTATION (  '', ( #2775 ), #6472 ) ;
#4308 = FILL_AREA_STYLE_COLOUR ( '', #1770 ) ;
#4309 = CARTESIAN_POINT ( 'NONE',  ( -1.449999999999978861, -0.05000000000000000278, 1.649999999999966827 ) ) ;
#4310 = CARTESIAN_POINT ( 'NONE',  ( 2.050000000000000266, -0.05000000000000000278, -0.9000000000000000222 ) ) ;
#4311 = ORIENTED_EDGE ( 'NONE', *, *, #9223, .F. ) ;
#4312 =( LENGTH_UNIT ( ) NAMED_UNIT ( * ) SI_UNIT ( .MILLI., .METRE. ) );
#4313 = PRESENTATION_LAYER_ASSIGNMENT (  '', '', ( #2299 ) ) ;
#4314 = SURFACE_STYLE_USAGE ( .BOTH. , #2578 ) ;
#4315 = EDGE_CURVE ( 'NONE', #8448, #4594, #338, .T. ) ;
#4316 = VECTOR ( 'NONE', #9106, 1000.000000000000000 ) ;
#4317 = EDGE_CURVE ( 'NONE', #9713, #2317, #9237, .T. ) ;
#4318 = FACE_OUTER_BOUND ( 'NONE', #8546, .T. ) ;
#4319 =( NAMED_UNIT ( * ) PLANE_ANGLE_UNIT ( ) SI_UNIT ( $, .RADIAN. ) );
#4320 =( GEOMETRIC_REPRESENTATION_CONTEXT ( 3 ) GLOBAL_UNCERTAINTY_ASSIGNED_CONTEXT ( ( #3260 ) ) GLOBAL_UNIT_ASSIGNED_CONTEXT ( ( #9172, #423, #2183 ) ) REPRESENTATION_CONTEXT ( 'NONE', 'WORKASPACE' ) );
#4321 = ORIENTED_EDGE ( 'NONE', *, *, #6841, .T. ) ;
#4322 = ORIENTED_EDGE ( 'NONE', *, *, #10143, .T. ) ;
#4323 = ORIENTED_EDGE ( 'NONE', *, *, #1514, .F. ) ;
#4324 = UNCERTAINTY_MEASURE_WITH_UNIT (LENGTH_MEASURE( 1.000000000000000082E-05 ), #8456, 'distance_accuracy_value', 'NONE');
#4325 = CARTESIAN_POINT ( 'NONE',  ( -2.050000000000000266, 0.1499999999999999944, -1.250000000000000444 ) ) ;
#4326 = DIRECTION ( 'NONE',  ( 0.000000000000000000, 0.000000000000000000, -1.000000000000000000 ) ) ;
#4327 = COLOUR_RGB ( '',0.7686274509803920907, 0.7686274509803920907, 0.7686274509803920907 ) ;
#4328 = VECTOR ( 'NONE', #5376, 1000.000000000000000 ) ;
#4329 = LINE ( 'NONE', #8400, #9203 ) ;
#4330 = MECHANICAL_DESIGN_GEOMETRIC_PRESENTATION_REPRESENTATION (  '', ( #7479 ), #10141 ) ;
#4331 = ORIENTED_EDGE ( 'NONE', *, *, #7463, .F. ) ;
#4332 = EDGE_CURVE ( 'NONE', #4508, #8741, #4552, .T. ) ;
#4333 =( GEOMETRIC_REPRESENTATION_CONTEXT ( 3 ) GLOBAL_UNCERTAINTY_ASSIGNED_CONTEXT ( ( #10145 ) ) GLOBAL_UNIT_ASSIGNED_CONTEXT ( ( #1601, #5033, #1081 ) ) REPRESENTATION_CONTEXT ( 'NONE', 'WORKASPACE' ) );
#4334 = VERTEX_POINT ( 'NONE', #6754 ) ;
#4335 =( GEOMETRIC_REPRESENTATION_CONTEXT ( 3 ) GLOBAL_UNCERTAINTY_ASSIGNED_CONTEXT ( ( #4513 ) ) GLOBAL_UNIT_ASSIGNED_CONTEXT ( ( #6802, #4409, #497 ) ) REPRESENTATION_CONTEXT ( 'NONE', 'WORKASPACE' ) );
#4336 = FILL_AREA_STYLE ('',( #7447 ) ) ;
#4337 = EDGE_LOOP ( 'NONE', ( #7573, #9560, #8745, #3476 ) ) ;
#4338 = CARTESIAN_POINT ( 'NONE',  ( 1.450000000000020828, -0.05000000000000000278, 2.050000000000000266 ) ) ;
#4339 = LINE ( 'NONE', #7405, #1964 ) ;
#4340 = VECTOR ( 'NONE', #5523, 1000.000000000000000 ) ;
#4341 = CARTESIAN_POINT ( 'NONE',  ( -0.4999999999999942824, 0.000000000000000000, -0.6500000000000001332 ) ) ;
#4342 = MECHANICAL_DESIGN_GEOMETRIC_PRESENTATION_REPRESENTATION (  '', ( #8517 ), #7179 ) ;
#4343 = DIRECTION ( 'NONE',  ( 0.000000000000000000, 0.000000000000000000, -1.000000000000000000 ) ) ;
#4344 = SURFACE_STYLE_FILL_AREA ( #1133 ) ;
#4345 = ADVANCED_FACE ( 'NONE', ( #3610 ), #3772, .F. ) ;
#4346 = CARTESIAN_POINT ( 'NONE',  ( 1.999999999999996669, -0.05000000000000000278, 1.300000000000000266 ) ) ;
#4347 =( LENGTH_UNIT ( ) NAMED_UNIT ( * ) SI_UNIT ( .MILLI., .METRE. ) );
#4348 = VECTOR ( 'NONE', #10102, 1000.000000000000000 ) ;
#4349 = LINE ( 'NONE', #337, #3628 ) ;
#4350 = VECTOR ( 'NONE', #641, 1000.000000000000000 ) ;
#4351 = ORIENTED_EDGE ( 'NONE', *, *, #6513, .F. ) ;
#4352 = DIRECTION ( 'NONE',  ( -0.000000000000000000, -0.000000000000000000, 1.000000000000000000 ) ) ;
#4353 = CARTESIAN_POINT ( 'NONE',  ( -0.04999999999997882527, -0.05000000000000000278, -1.599999999999999867 ) ) ;
#4354 = EDGE_CURVE ( 'NONE', #4211, #9571, #6124, .T. ) ;
#4355 = STYLED_ITEM ( 'NONE', ( #2627 ), #2089 ) ;
#4356 = VERTEX_POINT ( 'NONE', #1354 ) ;
#4357 = LINE ( 'NONE', #6758, #10020 ) ;
#4358 = STYLED_ITEM ( 'NONE', ( #414 ), #5053 ) ;
#4359 = SURFACE_SIDE_STYLE ('',( #1362 ) ) ;
#4360 = DIRECTION ( 'NONE',  ( -1.000000000000000000, 0.000000000000000000, 0.000000000000000000 ) ) ;
#4361 = VERTEX_POINT ( 'NONE', #7730 ) ;
#4362 = DIRECTION ( 'NONE',  ( -0.000000000000000000, 1.000000000000000000, -0.000000000000000000 ) ) ;
#4363 = CYLINDRICAL_SURFACE ( 'NONE', #1117, 0.04999999999996716793 ) ;
#4364 = ORIENTED_EDGE ( 'NONE', *, *, #10043, .T. ) ;
#4365 = COLOUR_RGB ( '',0.7686274509803920907, 0.7686274509803920907, 0.7686274509803920907 ) ;
#4366 = STYLED_ITEM ( 'NONE', ( #237 ), #2091 ) ;
#4367 = DIRECTION ( 'NONE',  ( -1.000000000000000000, 0.000000000000000000, 0.000000000000000000 ) ) ;
#4368 = DIRECTION ( 'NONE',  ( 0.000000000000000000, 1.000000000000000000, 0.000000000000000000 ) ) ;
#4369 = CIRCLE ( 'NONE', #4533, 0.05000000000000002359 ) ;
#4370 = CARTESIAN_POINT ( 'NONE',  ( -1.449999999999978861, 0.000000000000000000, -1.649999999999966827 ) ) ;
#4371 = STYLED_ITEM ( 'NONE', ( #4157 ), #5193 ) ;
#4372 = PRESENTATION_STYLE_ASSIGNMENT (( #9053 ) ) ;
#4373 = FILL_AREA_STYLE ('',( #1931 ) ) ;
#4374 = LINE ( 'NONE', #235, #7680 ) ;
#4375 = ORIENTED_EDGE ( 'NONE', *, *, #7122, .F. ) ;
#4376 = CARTESIAN_POINT ( 'NONE',  ( 0.7499999999999878986, 0.000000000000000000, 1.649999999999967049 ) ) ;
#4377 = CYLINDRICAL_SURFACE ( 'NONE', #4219, 0.04999999999999996808 ) ;
#4378 = CIRCLE ( 'NONE', #666, 0.04999999999995480976 ) ;
#4379 = PLANE ( 'NONE',  #4638 ) ;
#4380 = VECTOR ( 'NONE', #9646, 1000.000000000000000 ) ;
#4381 = DIRECTION ( 'NONE',  ( -0.000000000000000000, -0.000000000000000000, 1.000000000000000000 ) ) ;
#4382 = ORIENTED_EDGE ( 'NONE', *, *, #5431, .F. ) ;
#4383 = VERTEX_POINT ( 'NONE', #10113 ) ;
#4384 = ORIENTED_EDGE ( 'NONE', *, *, #9269, .F. ) ;
#4385 = SURFACE_STYLE_USAGE ( .BOTH. , #1007 ) ;
#4386 = CARTESIAN_POINT ( 'NONE',  ( 1.150000000000021005, 0.000000000000000000, -2.000000000000000000 ) ) ;
#4387 = EDGE_CURVE ( 'NONE', #1272, #3474, #5126, .T. ) ;
#4388 = VECTOR ( 'NONE', #6229, 1000.000000000000000 ) ;
#4389 =( NAMED_UNIT ( * ) SI_UNIT ( $, .STERADIAN. ) SOLID_ANGLE_UNIT ( ) );
#4390 = EDGE_CURVE ( 'NONE', #8576, #192, #5394, .T. ) ;
#4391 =( GEOMETRIC_REPRESENTATION_CONTEXT ( 3 ) GLOBAL_UNCERTAINTY_ASSIGNED_CONTEXT ( ( #8480 ) ) GLOBAL_UNIT_ASSIGNED_CONTEXT ( ( #4801, #738, #7205 ) ) REPRESENTATION_CONTEXT ( 'NONE', 'WORKASPACE' ) );
#4392 = ORIENTED_EDGE ( 'NONE', *, *, #8200, .T. ) ;
#4393 = AXIS2_PLACEMENT_3D ( 'NONE', #256, #6829, #2049 ) ;
#4394 = ORIENTED_EDGE ( 'NONE', *, *, #2271, .F. ) ;
#4395 = SURFACE_SIDE_STYLE ('',( #9267 ) ) ;
#4396 = VERTEX_POINT ( 'NONE', #695 ) ;
#4397 = CARTESIAN_POINT ( 'NONE',  ( -0.09999999999997911948, -1.355252715606880543E-17, -2.000000000000000000 ) ) ;
#4398 = CARTESIAN_POINT ( 'NONE',  ( -1.150000000000021005, 0.1499999999999999944, 2.050000000000000266 ) ) ;
#4399 = ORIENTED_EDGE ( 'NONE', *, *, #44, .T. ) ;
#4400 = CARTESIAN_POINT ( 'NONE',  ( -2.000000000000000000, -1.355252715606880543E-17, -0.9500000000000005107 ) ) ;
#4401 = PRESENTATION_STYLE_ASSIGNMENT (( #2700 ) ) ;
#4402 = DIRECTION ( 'NONE',  ( 0.000000000000000000, -0.000000000000000000, 1.000000000000000000 ) ) ;
#4403 = DIRECTION ( 'NONE',  ( 0.000000000000000000, -1.000000000000000000, 0.000000000000000000 ) ) ;
#4404 = SURFACE_STYLE_FILL_AREA ( #1193 ) ;
#4405 =( NAMED_UNIT ( * ) PLANE_ANGLE_UNIT ( ) SI_UNIT ( $, .RADIAN. ) );
#4406 =( LENGTH_UNIT ( ) NAMED_UNIT ( * ) SI_UNIT ( .MILLI., .METRE. ) );
#4408 = ORIENTED_EDGE ( 'NONE', *, *, #5721, .F. ) ;
#4407 = SURFACE_STYLE_FILL_AREA ( #1297 ) ;
#4409 =( NAMED_UNIT ( * ) PLANE_ANGLE_UNIT ( ) SI_UNIT ( $, .RADIAN. ) );
#4410 = ORIENTED_EDGE ( 'NONE', *, *, #4829, .F. ) ;
#4411 = UNCERTAINTY_MEASURE_WITH_UNIT (LENGTH_MEASURE( 1.000000000000000082E-05 ), #6122, 'distance_accuracy_value', 'NONE');
#4412 = PRESENTATION_STYLE_ASSIGNMENT (( #6081 ) ) ;
#4413 = EDGE_CURVE ( 'NONE', #2478, #3599, #3681, .T. ) ;
#4414 = CARTESIAN_POINT ( 'NONE',  ( -1.450000000000020828, -0.05000000000000000278, 2.000000000000000000 ) ) ;
#4415 = FACE_OUTER_BOUND ( 'NONE', #2592, .T. ) ;
#4416 = CARTESIAN_POINT ( 'NONE',  ( 0.1000000000000208639, 0.1499999999999999944, -2.050000000000000266 ) ) ;
#4417 = CARTESIAN_POINT ( 'NONE',  ( 1.250000000000008660, -0.05000000000000000278, -0.7500000000000001110 ) ) ;
#4418 = ORIENTED_EDGE ( 'NONE', *, *, #4530, .T. ) ;
#4419 = CARTESIAN_POINT ( 'NONE',  ( -2.000000000000003997, -0.05000000000000000278, 0.9499999999999995115 ) ) ;
#4420 = CARTESIAN_POINT ( 'NONE',  ( 1.199999999999987965, 0.000000000000000000, 1.649999999999966827 ) ) ;
#4421 = ORIENTED_EDGE ( 'NONE', *, *, #6180, .F. ) ;
#4422 = FACE_OUTER_BOUND ( 'NONE', #6136, .T. ) ;
#4423 = CARTESIAN_POINT ( 'NONE',  ( 1.199999999999996403, -0.05000000000000000278, 1.249999999999999556 ) ) ;
#4424 = EDGE_CURVE ( 'NONE', #9774, #568, #799, .T. ) ;
#4425 =( LENGTH_UNIT ( ) NAMED_UNIT ( * ) SI_UNIT ( .MILLI., .METRE. ) );
#4426 = CARTESIAN_POINT ( 'NONE',  ( -1.450000000000020828, -1.355252715606880543E-17, -2.000000000000000000 ) ) ;
#4427 = ADVANCED_FACE ( 'NONE', ( #8570 ), #594, .F. ) ;
#4428 = EDGE_LOOP ( 'NONE', ( #1486, #6284, #6304, #5816 ) ) ;
#4429 = DIRECTION ( 'NONE',  ( 0.000000000000000000, -1.000000000000000000, 0.000000000000000000 ) ) ;
#4430 =( NAMED_UNIT ( * ) SI_UNIT ( $, .STERADIAN. ) SOLID_ANGLE_UNIT ( ) );
#4431 = ORIENTED_EDGE ( 'NONE', *, *, #8653, .F. ) ;
#4432 = ORIENTED_EDGE ( 'NONE', *, *, #2419, .T. ) ;
#4433 = ORIENTED_EDGE ( 'NONE', *, *, #405, .F. ) ;
#4434 = UNCERTAINTY_MEASURE_WITH_UNIT (LENGTH_MEASURE( 1.000000000000000082E-05 ), #2267, 'distance_accuracy_value', 'NONE');
#4435 =( NAMED_UNIT ( * ) PLANE_ANGLE_UNIT ( ) SI_UNIT ( $, .RADIAN. ) );
#4436 = ORIENTED_EDGE ( 'NONE', *, *, #8418, .F. ) ;
#4437 = ORIENTED_EDGE ( 'NONE', *, *, #737, .T. ) ;
#4438 = CARTESIAN_POINT ( 'NONE',  ( 2.000000000000012879, 0.000000000000000000, -1.100000000000000089 ) ) ;
#4439 = ORIENTED_EDGE ( 'NONE', *, *, #9496, .F. ) ;
#4440 =( NAMED_UNIT ( * ) PLANE_ANGLE_UNIT ( ) SI_UNIT ( $, .RADIAN. ) );
#4441 = FACE_OUTER_BOUND ( 'NONE', #6669, .T. ) ;
#4442 = ORIENTED_EDGE ( 'NONE', *, *, #1276, .F. ) ;
#4443 = CARTESIAN_POINT ( 'NONE',  ( 0.4500000000000538569, 0.000000000000000000, -1.649999999999967049 ) ) ;
#4444 =( NAMED_UNIT ( * ) SI_UNIT ( $, .STERADIAN. ) SOLID_ANGLE_UNIT ( ) );
#4445 = CARTESIAN_POINT ( 'NONE',  ( -2.000000000000000000, -0.05000000000000000278, 0.9499999999999996225 ) ) ;
#4446 = EDGE_CURVE ( 'NONE', #9879, #3682, #2356, .T. ) ;
#4447 = EDGE_CURVE ( 'NONE', #3366, #3529, #3883, .T. ) ;
#4448 = LINE ( 'NONE', #7727, #2605 ) ;
#4449 = FACE_OUTER_BOUND ( 'NONE', #1409, .T. ) ;
#4450 = FACE_OUTER_BOUND ( 'NONE', #3306, .T. ) ;
#4451 = DIRECTION ( 'NONE',  ( 1.000000000000000000, 0.000000000000000000, -0.000000000000000000 ) ) ;
#4452 = ORIENTED_EDGE ( 'NONE', *, *, #676, .T. ) ;
#4453 = LINE ( 'NONE', #109, #591 ) ;
#4455 = LINE ( 'NONE', #2874, #9688 ) ;
#4454 = AXIS2_PLACEMENT_3D ( 'NONE', #4420, #7581, #6816 ) ;
#4456 = AXIS2_PLACEMENT_3D ( 'NONE', #7734, #5972, #1978 ) ;
#4457 = CARTESIAN_POINT ( 'NONE',  ( -0.5000000000000000000, -0.05000000000000000278, -0.1000000000000001305 ) ) ;
#4458 = VERTEX_POINT ( 'NONE', #3194 ) ;
#4459 = CARTESIAN_POINT ( 'NONE',  ( -0.05000000000001222911, 0.000000000000000000, -1.649999999999967049 ) ) ;
#4460 = PLANE ( 'NONE',  #1774 ) ;
#4461 = SURFACE_STYLE_USAGE ( .BOTH. , #8233 ) ;
#4462 = VERTEX_POINT ( 'NONE', #7980 ) ;
#4463 =( LENGTH_UNIT ( ) NAMED_UNIT ( * ) SI_UNIT ( .MILLI., .METRE. ) );
#4464 = VECTOR ( 'NONE', #2652, 1000.000000000000000 ) ;
#4465 = VECTOR ( 'NONE', #7209, 1000.000000000000000 ) ;
#4466 = ORIENTED_EDGE ( 'NONE', *, *, #5878, .F. ) ;
#4467 = SURFACE_SIDE_STYLE ('',( #1258 ) ) ;
#4468 =( LENGTH_UNIT ( ) NAMED_UNIT ( * ) SI_UNIT ( .MILLI., .METRE. ) );
#4469 =( NAMED_UNIT ( * ) PLANE_ANGLE_UNIT ( ) SI_UNIT ( $, .RADIAN. ) );
#4470 = ADVANCED_FACE ( 'NONE', ( #5 ), #7922, .F. ) ;
#4471 = EDGE_CURVE ( 'NONE', #5732, #8903, #262, .T. ) ;
#4472 = EDGE_LOOP ( 'NONE', ( #6291, #9200, #3919, #4076 ) ) ;
#4473 = VECTOR ( 'NONE', #4582, 1000.000000000000000 ) ;
#4474 = COLOUR_RGB ( '',0.7686274509803920907, 0.7686274509803920907, 0.7686274509803920907 ) ;
#4475 = EDGE_LOOP ( 'NONE', ( #1860, #625, #5842, #1845, #2729, #346 ) ) ;
#4476 = CARTESIAN_POINT ( 'NONE',  ( 0.000000000000000000, -0.05000000000000000278, 0.000000000000000000 ) ) ;
#4477 = CARTESIAN_POINT ( 'NONE',  ( 2.050000000000000266, -0.05000000000000000278, 0.1000000000000000472 ) ) ;
#4478 = STYLED_ITEM ( 'NONE', ( #8998 ), #8834 ) ;
#4479 = VECTOR ( 'NONE', #7853, 1000.000000000000000 ) ;
#4480 = EDGE_CURVE ( 'NONE', #8055, #5037, #3431, .T. ) ;
#4481 = ORIENTED_EDGE ( 'NONE', *, *, #6806, .T. ) ;
#4482 = ORIENTED_EDGE ( 'NONE', *, *, #8201, .T. ) ;
#4483 = CARTESIAN_POINT ( 'NONE',  ( 2.000000000000000444, -0.05000000000000000278, 0.09999999999999999167 ) ) ;
#4484 = ORIENTED_EDGE ( 'NONE', *, *, #9109, .F. ) ;
#4485 = VECTOR ( 'NONE', #1025, 1000.000000000000000 ) ;
#4486 = STYLED_ITEM ( 'NONE', ( #8702 ), #1014 ) ;
#4487 = FILL_AREA_STYLE ('',( #9888 ) ) ;
#4488 = COLOUR_RGB ( '',0.7686274509803920907, 0.7686274509803920907, 0.7686274509803920907 ) ;
#4489 = FILL_AREA_STYLE ('',( #1961 ) ) ;
#4490 = AXIS2_PLACEMENT_3D ( 'NONE', #1688, #4904, #4751 ) ;
#4491 = PRESENTATION_LAYER_ASSIGNMENT (  '', '', ( #6661 ) ) ;
#4492 = CARTESIAN_POINT ( 'NONE',  ( 1.150000000000021227, -0.05000000000000000278, 1.649999999999966827 ) ) ;
#4493 = DIRECTION ( 'NONE',  ( 6.195440985630865644E-16, 0.000000000000000000, -1.000000000000000000 ) ) ;
#4494 = VECTOR ( 'NONE', #8859, 1000.000000000000000 ) ;
#4495 = DIRECTION ( 'NONE',  ( -0.000000000000000000, -0.000000000000000000, -1.000000000000000000 ) ) ;
#4496 = ORIENTED_EDGE ( 'NONE', *, *, #3347, .T. ) ;
#4497 = VECTOR ( 'NONE', #5396, 1000.000000000000000 ) ;
#4498 = SURFACE_STYLE_FILL_AREA ( #2918 ) ;
#4499 = MECHANICAL_DESIGN_GEOMETRIC_PRESENTATION_REPRESENTATION (  '', ( #10318 ), #460 ) ;
#4500 = EDGE_CURVE ( 'NONE', #6065, #68, #7357, .T. ) ;
#4501 = EDGE_CURVE ( 'NONE', #5618, #7143, #5784, .T. ) ;
#4502 =( NAMED_UNIT ( * ) SI_UNIT ( $, .STERADIAN. ) SOLID_ANGLE_UNIT ( ) );
#4503 = DIRECTION ( 'NONE',  ( -0.000000000000000000, 1.000000000000000000, -0.000000000000000000 ) ) ;
#4504 = DIRECTION ( 'NONE',  ( -0.000000000000000000, 0.000000000000000000, 1.000000000000000000 ) ) ;
#4505 = FILL_AREA_STYLE_COLOUR ( '', #8365 ) ;
#4506 = AXIS2_PLACEMENT_3D ( 'NONE', #5745, #2496, #5787 ) ;
#4507 = COLOUR_RGB ( '',0.7686274509803920907, 0.7686274509803920907, 0.7686274509803920907 ) ;
#4508 = VERTEX_POINT ( 'NONE', #9030 ) ;
#4509 = DIRECTION ( 'NONE',  ( 0.000000000000000000, -1.000000000000000000, -0.000000000000000000 ) ) ;
#4510 = DIRECTION ( 'NONE',  ( 0.000000000000000000, -1.000000000000000000, 0.000000000000000000 ) ) ;
#4511 = DIRECTION ( 'NONE',  ( 0.000000000000000000, 0.000000000000000000, 1.000000000000000000 ) ) ;
#4512 = ORIENTED_EDGE ( 'NONE', *, *, #2293, .T. ) ;
#4513 = UNCERTAINTY_MEASURE_WITH_UNIT (LENGTH_MEASURE( 1.000000000000000082E-05 ), #6802, 'distance_accuracy_value', 'NONE');
#4514 =( NAMED_UNIT ( * ) PLANE_ANGLE_UNIT ( ) SI_UNIT ( $, .RADIAN. ) );
#4515 = FILL_AREA_STYLE ('',( #10132 ) ) ;
#4516 = COLOUR_RGB ( '',0.7686274509803920907, 0.7686274509803920907, 0.7686274509803920907 ) ;
#4517 = PRESENTATION_STYLE_ASSIGNMENT (( #3788 ) ) ;
#4518 = PRESENTATION_LAYER_ASSIGNMENT (  '', '', ( #978 ) ) ;
#4519 = ORIENTED_EDGE ( 'NONE', *, *, #859, .T. ) ;
#4520 = CARTESIAN_POINT ( 'NONE',  ( -0.4999999999999885092, -0.05000000000000000278, -1.100000000000000533 ) ) ;
#4521 = FILL_AREA_STYLE ('',( #9924 ) ) ;
#4522 = ORIENTED_EDGE ( 'NONE', *, *, #5108, .T. ) ;
#4523 = VECTOR ( 'NONE', #3861, 1000.000000000000000 ) ;
#4524 = MECHANICAL_DESIGN_GEOMETRIC_PRESENTATION_REPRESENTATION (  '', ( #10173 ), #5861 ) ;
#4525 = VECTOR ( 'NONE', #7645, 1000.000000000000000 ) ;
#4526 = VECTOR ( 'NONE', #4623, 1000.000000000000000 ) ;
#4527 = ORIENTED_EDGE ( 'NONE', *, *, #10, .T. ) ;
#4528 = UNCERTAINTY_MEASURE_WITH_UNIT (LENGTH_MEASURE( 1.000000000000000082E-05 ), #10040, 'distance_accuracy_value', 'NONE');
#4529 = PLANE ( 'NONE',  #3155 ) ;
#4530 = EDGE_CURVE ( 'NONE', #8478, #4396, #8073, .T. ) ;
#4531 = SURFACE_STYLE_FILL_AREA ( #1331 ) ;
#4532 = AXIS2_PLACEMENT_3D ( 'NONE', #2252, #4504, #7682 ) ;
#4533 = AXIS2_PLACEMENT_3D ( 'NONE', #3355, #8890, #1710 ) ;
#4534 = ORIENTED_EDGE ( 'NONE', *, *, #6806, .F. ) ;
#4535 = MECHANICAL_DESIGN_GEOMETRIC_PRESENTATION_REPRESENTATION (  '', ( #5705 ), #1186 ) ;
#4536 = DIRECTION ( 'NONE',  ( 0.000000000000000000, -0.000000000000000000, 1.000000000000000000 ) ) ;
#4537 = ORIENTED_EDGE ( 'NONE', *, *, #1604, .F. ) ;
#4538 = DIRECTION ( 'NONE',  ( 0.000000000000000000, 0.000000000000000000, 1.000000000000000000 ) ) ;
#4539 = ORIENTED_EDGE ( 'NONE', *, *, #10261, .F. ) ;
#4540 = SURFACE_STYLE_USAGE ( .BOTH. , #2120 ) ;
#4541 = VECTOR ( 'NONE', #6019, 1000.000000000000000 ) ;
#4542 = LINE ( 'NONE', #7507, #9997 ) ;
#4543 = PRESENTATION_LAYER_ASSIGNMENT (  '', '', ( #7368 ) ) ;
#4544 = CARTESIAN_POINT ( 'NONE',  ( -0.7499999999999793499, 0.000000000000000000, -1.599999999999999867 ) ) ;
#4545 = FILL_AREA_STYLE ('',( #8359 ) ) ;
#4546 = ADVANCED_FACE ( 'NONE', ( #6533 ), #8194, .F. ) ;
#4547 =( LENGTH_UNIT ( ) NAMED_UNIT ( * ) SI_UNIT ( .MILLI., .METRE. ) );
#4548 = CARTESIAN_POINT ( 'NONE',  ( 0.9000000000000208944, -1.355252715606880543E-17, 2.000000000000000000 ) ) ;
#4549 = DIRECTION ( 'NONE',  ( -0.000000000000000000, 1.000000000000000000, -0.000000000000000000 ) ) ;
#4550 = DIRECTION ( 'NONE',  ( 0.000000000000000000, 1.000000000000000000, 0.000000000000000000 ) ) ;
#4551 = EDGE_CURVE ( 'NONE', #830, #6739, #5632, .T. ) ;
#4552 = LINE ( 'NONE', #2807, #7825 ) ;
#4553 = ORIENTED_EDGE ( 'NONE', *, *, #5570, .F. ) ;
#4554 = LINE ( 'NONE', #6804, #8156 ) ;
#4555 = DIRECTION ( 'NONE',  ( 1.000000000000000000, 0.000000000000000000, 0.000000000000000000 ) ) ;
#4556 = FACE_OUTER_BOUND ( 'NONE', #1218, .T. ) ;
#4557 = ORIENTED_EDGE ( 'NONE', *, *, #841, .T. ) ;
#4558 = EDGE_CURVE ( 'NONE', #6831, #9562, #4864, .T. ) ;
#4559 = DIRECTION ( 'NONE',  ( -0.000000000000000000, -1.000000000000000000, -0.000000000000000000 ) ) ;
#4560 = DIRECTION ( 'NONE',  ( -0.000000000000000000, -1.355252715606880049E-16, 1.000000000000000000 ) ) ;
#4561 = FILL_AREA_STYLE ('',( #1368 ) ) ;
#4562 = VERTEX_POINT ( 'NONE', #4075 ) ;
#4563 = DIRECTION ( 'NONE',  ( -0.000000000000000000, -0.000000000000000000, -1.000000000000000000 ) ) ;
#4564 = CARTESIAN_POINT ( 'NONE',  ( 0.5000000000000208722, -0.05000000000000000278, 2.000000000000000000 ) ) ;
#4565 = LINE ( 'NONE', #3090, #2517 ) ;
#4566 = SURFACE_SIDE_STYLE ('',( #9975 ) ) ;
#4567 =( NAMED_UNIT ( * ) PLANE_ANGLE_UNIT ( ) SI_UNIT ( $, .RADIAN. ) );
#4568 = ORIENTED_EDGE ( 'NONE', *, *, #8690, .F. ) ;
#4569 = CARTESIAN_POINT ( 'NONE',  ( 0.000000000000000000, 0.000000000000000000, -2.050000000000000266 ) ) ;
#4570 = PRESENTATION_STYLE_ASSIGNMENT (( #461 ) ) ;
#4571 = DIRECTION ( 'NONE',  ( 0.000000000000000000, 0.000000000000000000, -1.000000000000000000 ) ) ;
#4572 = FILL_AREA_STYLE ('',( #2997 ) ) ;
#4573 = ORIENTED_EDGE ( 'NONE', *, *, #6748, .T. ) ;
#4574 = EDGE_CURVE ( 'NONE', #5891, #3682, #208, .T. ) ;
#4575 = VERTEX_POINT ( 'NONE', #46 ) ;
#4576 =( NAMED_UNIT ( * ) SI_UNIT ( $, .STERADIAN. ) SOLID_ANGLE_UNIT ( ) );
#4577 = SURFACE_SIDE_STYLE ('',( #6989 ) ) ;
#4578 = FACE_OUTER_BOUND ( 'NONE', #9568, .T. ) ;
#4579 = FILL_AREA_STYLE_COLOUR ( '', #9829 ) ;
#4580 = ORIENTED_EDGE ( 'NONE', *, *, #7097, .T. ) ;
#4581 =( NAMED_UNIT ( * ) PLANE_ANGLE_UNIT ( ) SI_UNIT ( $, .RADIAN. ) );
#4582 = DIRECTION ( 'NONE',  ( -1.000000000000000000, 0.000000000000000000, 0.000000000000000000 ) ) ;
#4583 = ORIENTED_EDGE ( 'NONE', *, *, #4625, .T. ) ;
#4584 = FILL_AREA_STYLE ('',( #7059 ) ) ;
#4585 = CARTESIAN_POINT ( 'NONE',  ( -0.5500000000000000444, 0.000000000000000000, -0.1000000000000004774 ) ) ;
#4586 = LINE ( 'NONE', #7003, #96 ) ;
#4587 = CARTESIAN_POINT ( 'NONE',  ( -1.199999999999946443, 0.000000000000000000, 1.599999999999999867 ) ) ;
#4588 = DIRECTION ( 'NONE',  ( -0.000000000000000000, 0.000000000000000000, 1.000000000000000000 ) ) ;
#4589 = PLANE ( 'NONE',  #7950 ) ;
#4590 = EDGE_CURVE ( 'NONE', #3492, #2650, #9636, .T. ) ;
#4591 = CARTESIAN_POINT ( 'NONE',  ( 2.050000000000000266, 0.1499999999999999944, -1.100000000000000089 ) ) ;
#4592 = CARTESIAN_POINT ( 'NONE',  ( 2.050000000000000266, 0.1500000000000000222, 0.7000000000000000666 ) ) ;
#4593 = SURFACE_STYLE_USAGE ( .BOTH. , #9542 ) ;
#4594 = VERTEX_POINT ( 'NONE', #1695 ) ;
#4595 =( NAMED_UNIT ( * ) PLANE_ANGLE_UNIT ( ) SI_UNIT ( $, .RADIAN. ) );
#4596 = EDGE_CURVE ( 'NONE', #2085, #6161, #895, .T. ) ;
#4597 = SURFACE_STYLE_USAGE ( .BOTH. , #4818 ) ;
#4598 = LINE ( 'NONE', #1361, #499 ) ;
#4599 = LINE ( 'NONE', #9435, #6376 ) ;
#4600 = DIRECTION ( 'NONE',  ( -0.000000000000000000, 1.000000000000000000, -0.000000000000000000 ) ) ;
#4601 = ORIENTED_EDGE ( 'NONE', *, *, #7182, .F. ) ;
#4602 = DIRECTION ( 'NONE',  ( 0.000000000000000000, 0.000000000000000000, -1.000000000000000000 ) ) ;
#4603 = COLOUR_RGB ( '',0.7686274509803920907, 0.7686274509803920907, 0.7686274509803920907 ) ;
#4604 = CARTESIAN_POINT ( 'NONE',  ( -0.7499999999999793499, -0.05000000000000000278, 1.599999999999999867 ) ) ;
#4605 = DIRECTION ( 'NONE',  ( 1.000000000000000000, -0.000000000000000000, -0.000000000000000000 ) ) ;
#4606 = EDGE_LOOP ( 'NONE', ( #47, #480, #2529, #401 ) ) ;
#4607 = UNCERTAINTY_MEASURE_WITH_UNIT (LENGTH_MEASURE( 1.000000000000000082E-05 ), #2184, 'distance_accuracy_value', 'NONE');
#4608 = DIRECTION ( 'NONE',  ( -0.000000000000000000, 1.000000000000000000, -0.000000000000000000 ) ) ;
#4609 = SURFACE_STYLE_FILL_AREA ( #4515 ) ;
#4610 = FACE_OUTER_BOUND ( 'NONE', #6679, .T. ) ;
#4611 = FILL_AREA_STYLE_COLOUR ( '', #9361 ) ;
#4612 = ORIENTED_EDGE ( 'NONE', *, *, #8003, .T. ) ;
#4613 = CARTESIAN_POINT ( 'NONE',  ( 1.200000000000008837, -0.05000000000000000278, -0.8499999999999997558 ) ) ;
#4614 = FILL_AREA_STYLE_COLOUR ( '', #3442 ) ;
#4615 = ORIENTED_EDGE ( 'NONE', *, *, #285, .T. ) ;
#4616 = AXIS2_PLACEMENT_3D ( 'NONE', #3622, #8536, #2980 ) ;
#4617 = ORIENTED_EDGE ( 'NONE', *, *, #3315, .F. ) ;
#4618 = VECTOR ( 'NONE', #2074, 1000.000000000000000 ) ;
#4619 = UNCERTAINTY_MEASURE_WITH_UNIT (LENGTH_MEASURE( 1.000000000000000082E-05 ), #5857, 'distance_accuracy_value', 'NONE');
#4620 = COLOUR_RGB ( '',0.7686274509803920907, 0.7686274509803920907, 0.7686274509803920907 ) ;
#4621 = VECTOR ( 'NONE', #5643, 1000.000000000000000 ) ;
#4622 = ORIENTED_EDGE ( 'NONE', *, *, #6322, .T. ) ;
#4623 = DIRECTION ( 'NONE',  ( -0.000000000000000000, 1.000000000000000000, -0.000000000000000000 ) ) ;
#4624 = EDGE_CURVE ( 'NONE', #833, #55, #6582, .T. ) ;
#4625 = EDGE_CURVE ( 'NONE', #8912, #8782, #955, .T. ) ;
#4626 = ORIENTED_EDGE ( 'NONE', *, *, #1539, .F. ) ;
#4627 = SURFACE_SIDE_STYLE ('',( #687 ) ) ;
#4628 =( GEOMETRIC_REPRESENTATION_CONTEXT ( 3 ) GLOBAL_UNCERTAINTY_ASSIGNED_CONTEXT ( ( #8981 ) ) GLOBAL_UNIT_ASSIGNED_CONTEXT ( ( #680, #2328, #4892 ) ) REPRESENTATION_CONTEXT ( 'NONE', 'WORKASPACE' ) );
#4629 = STYLED_ITEM ( 'NONE', ( #4657 ), #185 ) ;
#4630 = PRESENTATION_LAYER_ASSIGNMENT (  '', '', ( #6976 ) ) ;
#4631 = DIRECTION ( 'NONE',  ( 0.000000000000000000, 0.000000000000000000, -1.000000000000000000 ) ) ;
#4632 = VECTOR ( 'NONE', #882, 1000.000000000000000 ) ;
#4633 = CARTESIAN_POINT ( 'NONE',  ( 2.000000000000000000, 0.000000000000000000, -2.000000000000000000 ) ) ;
#4634 = EDGE_LOOP ( 'NONE', ( #10085, #524 ) ) ;
#4635 = SURFACE_STYLE_FILL_AREA ( #639 ) ;
#4636 = DIRECTION ( 'NONE',  ( 0.000000000000000000, -1.000000000000000000, 0.000000000000000000 ) ) ;
#4637 =( GEOMETRIC_REPRESENTATION_CONTEXT ( 3 ) GLOBAL_UNCERTAINTY_ASSIGNED_CONTEXT ( ( #9804 ) ) GLOBAL_UNIT_ASSIGNED_CONTEXT ( ( #7214, #2551, #1411 ) ) REPRESENTATION_CONTEXT ( 'NONE', 'WORKASPACE' ) );
#4638 = AXIS2_PLACEMENT_3D ( 'NONE', #793, #3583, #2487 ) ;
#4639 = FILL_AREA_STYLE_COLOUR ( '', #838 ) ;
#4640 = AXIS2_PLACEMENT_3D ( 'NONE', #5027, #5707, #8884 ) ;
#4641 = LINE ( 'NONE', #2290, #599 ) ;
#4642 = CARTESIAN_POINT ( 'NONE',  ( -0.6499999999999884759, -0.05000000000000000278, -1.250000000000000444 ) ) ;
#4643 = VECTOR ( 'NONE', #2497, 1000.000000000000000 ) ;
#4644 = MECHANICAL_DESIGN_GEOMETRIC_PRESENTATION_REPRESENTATION (  '', ( #3824 ), #6314 ) ;
#4645 = FILL_AREA_STYLE ('',( #742 ) ) ;
#4646 = COLOUR_RGB ( '',0.7686274509803920907, 0.7686274509803920907, 0.7686274509803920907 ) ;
#4647 = PRESENTATION_STYLE_ASSIGNMENT (( #3028 ) ) ;
#4648 =( NAMED_UNIT ( * ) SI_UNIT ( $, .STERADIAN. ) SOLID_ANGLE_UNIT ( ) );
#4649 = SURFACE_STYLE_FILL_AREA ( #9429 ) ;
#4650 = ORIENTED_EDGE ( 'NONE', *, *, #6678, .T. ) ;
#4651 = CARTESIAN_POINT ( 'NONE',  ( 1.200000000000000622, -0.05000000000000000278, 0.04999999999999955869 ) ) ;
#4652 = VECTOR ( 'NONE', #7764, 1000.000000000000000 ) ;
#4653 = VECTOR ( 'NONE', #6155, 1000.000000000000000 ) ;
#4654 = CARTESIAN_POINT ( 'NONE',  ( 0.3000000000000208611, -0.05000000000000000278, 1.649999999999999911 ) ) ;
#4655 = ADVANCED_FACE ( 'NONE', ( #2698 ), #1233, .T. ) ;
#4656 = VECTOR ( 'NONE', #8662, 1000.000000000000000 ) ;
#4657 = PRESENTATION_STYLE_ASSIGNMENT (( #601 ) ) ;
#4658 = CARTESIAN_POINT ( 'NONE',  ( -0.2999999999999792277, 0.000000000000000000, 2.000000000000002220 ) ) ;
#4659 = CARTESIAN_POINT ( 'NONE',  ( 0.4500000000000538569, 0.000000000000000000, 1.649999999999967049 ) ) ;
#4660 = ORIENTED_EDGE ( 'NONE', *, *, #3258, .T. ) ;
#4661 = CARTESIAN_POINT ( 'NONE',  ( 1.150000000000021005, 0.1499999999999999944, -2.050000000000000266 ) ) ;
#4662 = DIRECTION ( 'NONE',  ( 1.000000000000000000, -0.000000000000000000, -0.000000000000000000 ) ) ;
#4663 = DIRECTION ( 'NONE',  ( 1.000000000000000000, -0.000000000000000000, -4.394632805807644145E-14 ) ) ;
#4664 = MECHANICAL_DESIGN_GEOMETRIC_PRESENTATION_REPRESENTATION (  '', ( #106 ), #2811 ) ;
#4665 = ORIENTED_EDGE ( 'NONE', *, *, #1418, .T. ) ;
#4666 = CARTESIAN_POINT ( 'NONE',  ( 1.249999999999999556, -0.05000000000000000278, 0.2999999999999999334 ) ) ;
#4667 = EDGE_CURVE ( 'NONE', #9442, #7414, #6115, .T. ) ;
#4668 = DIRECTION ( 'NONE',  ( 1.000000000000000000, 0.000000000000000000, 0.000000000000000000 ) ) ;
#4669 = DIRECTION ( 'NONE',  ( -0.000000000000000000, 1.000000000000000000, -0.000000000000000000 ) ) ;
#4670 = AXIS2_PLACEMENT_3D ( 'NONE', #1047, #7428, #4260 ) ;
#4671 = EDGE_CURVE ( 'NONE', #6850, #4211, #9002, .T. ) ;
#4672 = MECHANICAL_DESIGN_GEOMETRIC_PRESENTATION_REPRESENTATION (  '', ( #9988 ), #1811 ) ;
#4673 = ORIENTED_EDGE ( 'NONE', *, *, #4667, .T. ) ;
#4674 =( NAMED_UNIT ( * ) SI_UNIT ( $, .STERADIAN. ) SOLID_ANGLE_UNIT ( ) );
#4675 = VECTOR ( 'NONE', #3330, 1000.000000000000000 ) ;
#4676 = DIRECTION ( 'NONE',  ( 0.000000000000000000, 0.000000000000000000, 1.000000000000000000 ) ) ;
#4677 = CARTESIAN_POINT ( 'NONE',  ( -1.150000000000021005, 0.1499999999999999944, -2.050000000000000266 ) ) ;
#4678 =( LENGTH_UNIT ( ) NAMED_UNIT ( * ) SI_UNIT ( .MILLI., .METRE. ) );
#4679 = SURFACE_STYLE_USAGE ( .BOTH. , #6347 ) ;
#4680 = ORIENTED_EDGE ( 'NONE', *, *, #3747, .F. ) ;
#4681 = ORIENTED_EDGE ( 'NONE', *, *, #6675, .T. ) ;
#4682 = MECHANICAL_DESIGN_GEOMETRIC_PRESENTATION_REPRESENTATION (  '', ( #7832 ), #1328 ) ;
#4683 = ADVANCED_FACE ( 'NONE', ( #4441 ), #3657, .F. ) ;
#4684 = SURFACE_SIDE_STYLE ('',( #832 ) ) ;
#4685 = ORIENTED_EDGE ( 'NONE', *, *, #6729, .F. ) ;
#4686 = CARTESIAN_POINT ( 'NONE',  ( 2.050000000000000266, -0.05000000000000000278, -0.2999999999999999334 ) ) ;
#4687 = VECTOR ( 'NONE', #2054, 1000.000000000000000 ) ;
#4688 = LINE ( 'NONE', #9523, #7309 ) ;
#4689 = ORIENTED_EDGE ( 'NONE', *, *, #9509, .F. ) ;
#4690 = LINE ( 'NONE', #1426, #2908 ) ;
#4691 = PRESENTATION_LAYER_ASSIGNMENT (  '', '', ( #9009 ) ) ;
#4692 = MECHANICAL_DESIGN_GEOMETRIC_PRESENTATION_REPRESENTATION (  '', ( #6902 ), #6695 ) ;
#4693 = AXIS2_PLACEMENT_3D ( 'NONE', #3409, #5573, #1718 ) ;
#4694 = PRESENTATION_STYLE_ASSIGNMENT (( #6166 ) ) ;
#4695 = ORIENTED_EDGE ( 'NONE', *, *, #1465, .F. ) ;
#4696 = EDGE_CURVE ( 'NONE', #9081, #6133, #4542, .T. ) ;
#4697 = EDGE_CURVE ( 'NONE', #9118, #8616, #6684, .T. ) ;
#4698 = SURFACE_SIDE_STYLE ('',( #1487 ) ) ;
#4699 = AXIS2_PLACEMENT_3D ( 'NONE', #868, #8838, #62 ) ;
#4700 = FILL_AREA_STYLE_COLOUR ( '', #6895 ) ;
#4701 = STYLED_ITEM ( 'NONE', ( #2565 ), #5910 ) ;
#4702 = MECHANICAL_DESIGN_GEOMETRIC_PRESENTATION_REPRESENTATION (  '', ( #1675 ), #6534 ) ;
#4703 = AXIS2_PLACEMENT_3D ( 'NONE', #9357, #5443, #8624 ) ;
#4704 = LINE ( 'NONE', #1538, #671 ) ;
#4705 = STYLED_ITEM ( 'NONE', ( #3776 ), #2448 ) ;
#4706 = VECTOR ( 'NONE', #2977, 1000.000000000000000 ) ;
#4707 =( NAMED_UNIT ( * ) SI_UNIT ( $, .STERADIAN. ) SOLID_ANGLE_UNIT ( ) );
#4708 = AXIS2_PLACEMENT_3D ( 'NONE', #1689, #7244, #4069 ) ;
#4709 = LINE ( 'NONE', #6952, #5990 ) ;
#4710 = EDGE_CURVE ( 'NONE', #5031, #8581, #2739, .T. ) ;
#4711 = DIRECTION ( 'NONE',  ( 0.000000000000000000, -1.000000000000000000, 0.000000000000000000 ) ) ;
#4712 = ORIENTED_EDGE ( 'NONE', *, *, #8434, .F. ) ;
#4713 = DIRECTION ( 'NONE',  ( -0.000000000000000000, 1.000000000000000000, -0.000000000000000000 ) ) ;
#4714 =( GEOMETRIC_REPRESENTATION_CONTEXT ( 3 ) GLOBAL_UNCERTAINTY_ASSIGNED_CONTEXT ( ( #9929 ) ) GLOBAL_UNIT_ASSIGNED_CONTEXT ( ( #3982, #5593, #808 ) ) REPRESENTATION_CONTEXT ( 'NONE', 'WORKASPACE' ) );
#4715 = FACE_OUTER_BOUND ( 'NONE', #179, .T. ) ;
#4716 = LINE ( 'NONE', #7215, #9763 ) ;
#4717 = CARTESIAN_POINT ( 'NONE',  ( 0.1000000000000208361, 0.000000000000000000, 1.999999999999999556 ) ) ;
#4718 = PRESENTATION_STYLE_ASSIGNMENT (( #5440 ) ) ;
#4719 = CARTESIAN_POINT ( 'NONE',  ( 2.000000000000000000, 0.000000000000000000, -2.000000000000000000 ) ) ;
#4720 = ORIENTED_EDGE ( 'NONE', *, *, #370, .F. ) ;
#4721 = LINE ( 'NONE', #1508, #8990 ) ;
#4722 = CARTESIAN_POINT ( 'NONE',  ( 1.999999999999996669, 0.000000000000000000, 1.300000000000000266 ) ) ;
#4723 = EDGE_CURVE ( 'NONE', #498, #569, #5174, .T. ) ;
#4724 = ORIENTED_EDGE ( 'NONE', *, *, #6107, .F. ) ;
#4725 = UNCERTAINTY_MEASURE_WITH_UNIT (LENGTH_MEASURE( 1.000000000000000082E-05 ), #9855, 'distance_accuracy_value', 'NONE');
#4726 = CARTESIAN_POINT ( 'NONE',  ( 0.7000000000000207168, -0.05000000000000000278, -1.649999999999999911 ) ) ;
#4727 = CARTESIAN_POINT ( 'NONE',  ( -0.4999999999999885092, -0.05000000000000000278, -1.100000000000000533 ) ) ;
#4728 = DIRECTION ( 'NONE',  ( 0.000000000000000000, 0.000000000000000000, -1.000000000000000000 ) ) ;
#4729 = DIRECTION ( 'NONE',  ( 1.000000000000000000, 0.000000000000000000, 0.000000000000000000 ) ) ;
#4730 = VERTEX_POINT ( 'NONE', #5425 ) ;
#4731 =( NAMED_UNIT ( * ) PLANE_ANGLE_UNIT ( ) SI_UNIT ( $, .RADIAN. ) );
#4732 = PRESENTATION_STYLE_ASSIGNMENT (( #4774 ) ) ;
#4733 = FILL_AREA_STYLE_COLOUR ( '', #2751 ) ;
#4734 = ORIENTED_EDGE ( 'NONE', *, *, #2167, .F. ) ;
#4735 = EDGE_CURVE ( 'NONE', #4094, #9153, #10212, .T. ) ;
#4736 = EDGE_CURVE ( 'NONE', #192, #2179, #5859, .T. ) ;
#4737 = ORIENTED_EDGE ( 'NONE', *, *, #151, .F. ) ;
#4738 = LINE ( 'NONE', #7903, #5163 ) ;
#4739 =( LENGTH_UNIT ( ) NAMED_UNIT ( * ) SI_UNIT ( .MILLI., .METRE. ) );
#4740 = VERTEX_POINT ( 'NONE', #10310 ) ;
#4741 = FILL_AREA_STYLE ('',( #5420 ) ) ;
#4742 =( LENGTH_UNIT ( ) NAMED_UNIT ( * ) SI_UNIT ( .MILLI., .METRE. ) );
#4743 = CARTESIAN_POINT ( 'NONE',  ( 2.000000000000000000, 0.000000000000000000, -2.000000000000000000 ) ) ;
#4744 = ORIENTED_EDGE ( 'NONE', *, *, #175, .T. ) ;
#4745 = SURFACE_SIDE_STYLE ('',( #6453 ) ) ;
#4746 = EDGE_CURVE ( 'NONE', #686, #1355, #1992, .T. ) ;
#4747 = CARTESIAN_POINT ( 'NONE',  ( 1.249999999999997558, -0.05000000000000000278, 0.8499999999999999778 ) ) ;
#4748 = ORIENTED_EDGE ( 'NONE', *, *, #5851, .T. ) ;
#4749 =( LENGTH_UNIT ( ) NAMED_UNIT ( * ) SI_UNIT ( .MILLI., .METRE. ) );
#4750 = DIRECTION ( 'NONE',  ( 0.000000000000000000, 0.000000000000000000, 1.000000000000000000 ) ) ;
#4751 = DIRECTION ( 'NONE',  ( 0.000000000000000000, 0.000000000000000000, 1.000000000000000000 ) ) ;
#4752 = SURFACE_SIDE_STYLE ('',( #2345 ) ) ;
#4753 = SURFACE_SIDE_STYLE ('',( #10161 ) ) ;
#4754 = FILL_AREA_STYLE_COLOUR ( '', #1607 ) ;
#4755 = DIRECTION ( 'NONE',  ( -0.000000000000000000, -1.000000000000000000, -0.000000000000000000 ) ) ;
#4756 =( LENGTH_UNIT ( ) NAMED_UNIT ( * ) SI_UNIT ( .MILLI., .METRE. ) );
#4757 = ORIENTED_EDGE ( 'NONE', *, *, #6549, .T. ) ;
#4758 = SURFACE_STYLE_FILL_AREA ( #1545 ) ;
#4759 = PRESENTATION_STYLE_ASSIGNMENT (( #7886 ) ) ;
#4760 = EDGE_CURVE ( 'NONE', #7660, #7352, #1654, .T. ) ;
#4761 = EDGE_CURVE ( 'NONE', #2179, #8452, #3762, .T. ) ;
#4762 = CARTESIAN_POINT ( 'NONE',  ( -2.050000000000000266, -0.05000000000000000278, -0.7000000000000003997 ) ) ;
#4763 =( NAMED_UNIT ( * ) SI_UNIT ( $, .STERADIAN. ) SOLID_ANGLE_UNIT ( ) );
#4764 = CARTESIAN_POINT ( 'NONE',  ( -1.500000000000000000, 1.000000000000000000, -1.500000000000000000 ) ) ;
#4765 = EDGE_LOOP ( 'NONE', ( #2307, #21, #5612, #1715 ) ) ;
#4766 = PRESENTATION_STYLE_ASSIGNMENT (( #6391 ) ) ;
#4767 = CARTESIAN_POINT ( 'NONE',  ( -0.6999999999999791944, 0.1499999999999999944, -2.050000000000000266 ) ) ;
#4768 =( NAMED_UNIT ( * ) SI_UNIT ( $, .STERADIAN. ) SOLID_ANGLE_UNIT ( ) );
#4769 = VERTEX_POINT ( 'NONE', #3961 ) ;
#4770 = SURFACE_SIDE_STYLE ('',( #5560 ) ) ;
#4771 = CARTESIAN_POINT ( 'NONE',  ( 0.1000000000000208639, 0.1499999999999999944, -2.050000000000000266 ) ) ;
#4772 = EDGE_LOOP ( 'NONE', ( #6401, #5442, #9046, #3650, #6567, #1466 ) ) ;
#4773 = FILL_AREA_STYLE ('',( #8049 ) ) ;
#4774 = SURFACE_STYLE_USAGE ( .BOTH. , #3051 ) ;
#4775 = AXIS2_PLACEMENT_3D ( 'NONE', #142, #9724, #195 ) ;
#4776 = LINE ( 'NONE', #1667, #5280 ) ;
#4777 = VERTEX_POINT ( 'NONE', #10101 ) ;
#4778 = EDGE_CURVE ( 'NONE', #5558, #6410, #8759, .T. ) ;
#4779 = ORIENTED_EDGE ( 'NONE', *, *, #2374, .T. ) ;
#4780 = PLANE ( 'NONE',  #3832 ) ;
#4781 = FACE_OUTER_BOUND ( 'NONE', #425, .T. ) ;
#4782 = ORIENTED_EDGE ( 'NONE', *, *, #43, .F. ) ;
#4783 =( LENGTH_UNIT ( ) NAMED_UNIT ( * ) SI_UNIT ( .MILLI., .METRE. ) );
#4784 = DIRECTION ( 'NONE',  ( -1.000000000000000000, 0.000000000000000000, -0.000000000000000000 ) ) ;
#4785 = FILL_AREA_STYLE ('',( #6450 ) ) ;
#4786 = MECHANICAL_DESIGN_GEOMETRIC_PRESENTATION_REPRESENTATION (  '', ( #3105 ), #1747 ) ;
#4787 = DIRECTION ( 'NONE',  ( 0.000000000000000000, 0.000000000000000000, 1.000000000000000000 ) ) ;
#4788 = VERTEX_POINT ( 'NONE', #2955 ) ;
#4789 = EDGE_CURVE ( 'NONE', #5760, #2417, #7191, .T. ) ;
#4790 = DIRECTION ( 'NONE',  ( -0.000000000000000000, 1.000000000000000000, -0.000000000000000000 ) ) ;
#4791 = ADVANCED_FACE ( 'NONE', ( #9420 ), #5535, .F. ) ;
#4792 = DIRECTION ( 'NONE',  ( -0.000000000000000000, 1.000000000000000000, -0.000000000000000000 ) ) ;
#4793 = VECTOR ( 'NONE', #10229, 1000.000000000000000 ) ;
#4794 = VECTOR ( 'NONE', #6333, 1000.000000000000000 ) ;
#4795 = STYLED_ITEM ( 'NONE', ( #919 ), #3064 ) ;
#4796 = VERTEX_POINT ( 'NONE', #7762 ) ;
#4797 = DIRECTION ( 'NONE',  ( 0.000000000000000000, 0.000000000000000000, 1.000000000000000000 ) ) ;
#4798 = DIRECTION ( 'NONE',  ( -0.000000000000000000, 1.000000000000000000, -0.000000000000000000 ) ) ;
#4799 = CARTESIAN_POINT ( 'NONE',  ( 0.3499999999999878209, 0.000000000000000000, 1.599999999999999867 ) ) ;
#4800 = EDGE_CURVE ( 'NONE', #4740, #675, #3183, .T. ) ;
#4801 =( LENGTH_UNIT ( ) NAMED_UNIT ( * ) SI_UNIT ( .MILLI., .METRE. ) );
#4802 = PRESENTATION_LAYER_ASSIGNMENT (  '', '', ( #1433 ) ) ;
#4803 = AXIS2_PLACEMENT_3D ( 'NONE', #2802, #5235, #7878 ) ;
#4804 = AXIS2_PLACEMENT_3D ( 'NONE', #9114, #8404, #7661 ) ;
#4805 = MECHANICAL_DESIGN_GEOMETRIC_PRESENTATION_REPRESENTATION (  '', ( #9953 ), #2587 ) ;
#4806 = CARTESIAN_POINT ( 'NONE',  ( 2.000000000000000000, -0.05000000000000000278, 1.300000000000000266 ) ) ;
#4807 = CARTESIAN_POINT ( 'NONE',  ( 0.7000000000000209388, -0.05000000000000000278, 2.000000000000000000 ) ) ;
#4808 = STYLED_ITEM ( 'NONE', ( #7091 ), #8798 ) ;
#4809 = CARTESIAN_POINT ( 'NONE',  ( -0.7499999999999462652, 0.000000000000000000, -1.649999999999967049 ) ) ;
#4810 = PRESENTATION_LAYER_ASSIGNMENT (  '', '', ( #428 ) ) ;
#4811 = VECTOR ( 'NONE', #10255, 1000.000000000000000 ) ;
#4812 = LINE ( 'NONE', #3192, #59 ) ;
#4813 = DIRECTION ( 'NONE',  ( 0.000000000000000000, 1.000000000000000000, 0.000000000000000000 ) ) ;
#4814 = ORIENTED_EDGE ( 'NONE', *, *, #8434, .T. ) ;
#4815 = STYLED_ITEM ( 'NONE', ( #1195 ), #3768 ) ;
#4816 =( GEOMETRIC_REPRESENTATION_CONTEXT ( 3 ) GLOBAL_UNCERTAINTY_ASSIGNED_CONTEXT ( ( #4292 ) ) GLOBAL_UNIT_ASSIGNED_CONTEXT ( ( #296, #5762, #9718 ) ) REPRESENTATION_CONTEXT ( 'NONE', 'WORKASPACE' ) );
#4817 = STYLED_ITEM ( 'NONE', ( #8284 ), #888 ) ;
#4818 = SURFACE_SIDE_STYLE ('',( #1449 ) ) ;
#4819 = DIRECTION ( 'NONE',  ( -0.000000000000000000, 1.000000000000000000, -0.000000000000000000 ) ) ;
#4820 = CARTESIAN_POINT ( 'NONE',  ( 0.3499999999999878209, 0.000000000000000000, -1.649999999999967049 ) ) ;
#4821 = CARTESIAN_POINT ( 'NONE',  ( -0.4999999999999791833, 0.000000000000000000, -2.000000000000002665 ) ) ;
#4822 = CARTESIAN_POINT ( 'NONE',  ( 0.05000000000002047945, -0.05000000000000000278, 1.599999999999999645 ) ) ;
#4823 = CARTESIAN_POINT ( 'NONE',  ( -0.6999999999999793054, -0.05000000000000000278, -1.649999999999999911 ) ) ;
#4824 = ORIENTED_EDGE ( 'NONE', *, *, #4590, .F. ) ;
#4825 = UNCERTAINTY_MEASURE_WITH_UNIT (LENGTH_MEASURE( 1.000000000000000082E-05 ), #26, 'distance_accuracy_value', 'NONE');
#4826 = EDGE_CURVE ( 'NONE', #1983, #3854, #9380, .T. ) ;
#4827 = CIRCLE ( 'NONE', #6999, 0.04999999999996716793 ) ;
#4828 = DIRECTION ( 'NONE',  ( 0.000000000000000000, 0.000000000000000000, -1.000000000000000000 ) ) ;
#4829 = EDGE_CURVE ( 'NONE', #3427, #1242, #7816, .T. ) ;
#4830 = ORIENTED_EDGE ( 'NONE', *, *, #5227, .F. ) ;
#4831 = AXIS2_PLACEMENT_3D ( 'NONE', #3421, #3542, #6575 ) ;
#4832 = DIRECTION ( 'NONE',  ( 1.000000000000000000, 0.000000000000000000, 0.000000000000000000 ) ) ;
#4833 = STYLED_ITEM ( 'NONE', ( #222 ), #1372 ) ;
#4834 = PRESENTATION_STYLE_ASSIGNMENT (( #768 ) ) ;
#4835 = LINE ( 'NONE', #7184, #9749 ) ;
#4836 = ORIENTED_EDGE ( 'NONE', *, *, #7401, .T. ) ;
#4837 = ORIENTED_EDGE ( 'NONE', *, *, #4551, .F. ) ;
#4838 = FACE_OUTER_BOUND ( 'NONE', #5257, .T. ) ;
#4839 = ORIENTED_EDGE ( 'NONE', *, *, #6897, .F. ) ;
#4840 = SURFACE_STYLE_FILL_AREA ( #10357 ) ;
#4841 = DIRECTION ( 'NONE',  ( 0.000000000000000000, 0.000000000000000000, 1.000000000000000000 ) ) ;
#4842 =( GEOMETRIC_REPRESENTATION_CONTEXT ( 3 ) GLOBAL_UNCERTAINTY_ASSIGNED_CONTEXT ( ( #1434 ) ) GLOBAL_UNIT_ASSIGNED_CONTEXT ( ( #878, #10249, #9567 ) ) REPRESENTATION_CONTEXT ( 'NONE', 'WORKASPACE' ) );
#4843 = COLOUR_RGB ( '',0.7686274509803920907, 0.7686274509803920907, 0.7686274509803920907 ) ;
#4844 = VECTOR ( 'NONE', #8370, 1000.000000000000000 ) ;
#4845 = VECTOR ( 'NONE', #1704, 1000.000000000000000 ) ;
#4846 = CARTESIAN_POINT ( 'NONE',  ( 0.8500000000000205169, 0.000000000000000000, -1.599999999999999645 ) ) ;
#4847 = ORIENTED_EDGE ( 'NONE', *, *, #5182, .T. ) ;
#4848 = DIRECTION ( 'NONE',  ( 0.000000000000000000, 0.000000000000000000, 1.000000000000000000 ) ) ;
#4849 =( GEOMETRIC_REPRESENTATION_CONTEXT ( 3 ) GLOBAL_UNCERTAINTY_ASSIGNED_CONTEXT ( ( #1963 ) ) GLOBAL_UNIT_ASSIGNED_CONTEXT ( ( #9289, #8529, #4502 ) ) REPRESENTATION_CONTEXT ( 'NONE', 'WORKASPACE' ) );
#4850 = AXIS2_PLACEMENT_3D ( 'NONE', #6355, #5671, #4784 ) ;
#4851 = COLOUR_RGB ( '',0.7686274509803920907, 0.7686274509803920907, 0.7686274509803920907 ) ;
#4852 = ORIENTED_EDGE ( 'NONE', *, *, #2599, .T. ) ;
#4853 =( NAMED_UNIT ( * ) PLANE_ANGLE_UNIT ( ) SI_UNIT ( $, .RADIAN. ) );
#4854 = FILL_AREA_STYLE ('',( #5001 ) ) ;
#4855 = EDGE_CURVE ( 'NONE', #8616, #833, #8664, .T. ) ;
#4856 = PRESENTATION_LAYER_ASSIGNMENT (  '', '', ( #7345 ) ) ;
#4857 = STYLED_ITEM ( 'NONE', ( #8712 ), #1969 ) ;
#4858 = COLOUR_RGB ( '',0.7686274509803920907, 0.7686274509803920907, 0.7686274509803920907 ) ;
#4859 = CARTESIAN_POINT ( 'NONE',  ( -0.4999999999999791833, -0.05000000000000000278, 1.649999999999999467 ) ) ;
#4860 = DIRECTION ( 'NONE',  ( 0.000000000000000000, 0.000000000000000000, 1.000000000000000000 ) ) ;
#4861 = STYLED_ITEM ( 'NONE', ( #1993 ), #10321 ) ;
#4862 = VECTOR ( 'NONE', #2830, 1000.000000000000000 ) ;
#4863 = PLANE ( 'NONE',  #6463 ) ;
#4864 = LINE ( 'NONE', #7402, #9652 ) ;
#4865 = EDGE_LOOP ( 'NONE', ( #6353, #6764, #5713, #8280, #6049, #8858 ) ) ;
#4866 = EDGE_CURVE ( 'NONE', #8231, #5571, #2398, .T. ) ;
#4867 = CARTESIAN_POINT ( 'NONE',  ( -1.199999999999946443, 0.000000000000000000, 1.649999999999966827 ) ) ;
#4868 = PRESENTATION_STYLE_ASSIGNMENT (( #8199 ) ) ;
#4869 = PRESENTATION_LAYER_ASSIGNMENT (  '', '', ( #7364 ) ) ;
#4870 = MECHANICAL_DESIGN_GEOMETRIC_PRESENTATION_REPRESENTATION (  '', ( #9195 ), #3025 ) ;
#4871 =( GEOMETRIC_REPRESENTATION_CONTEXT ( 3 ) GLOBAL_UNCERTAINTY_ASSIGNED_CONTEXT ( ( #7028 ) ) GLOBAL_UNIT_ASSIGNED_CONTEXT ( ( #4425, #5988, #9872 ) ) REPRESENTATION_CONTEXT ( 'NONE', 'WORKASPACE' ) );
#4872 = SURFACE_SIDE_STYLE ('',( #7989 ) ) ;
#4873 = EDGE_CURVE ( 'NONE', #2618, #7860, #1632, .T. ) ;
#4874 = SURFACE_STYLE_USAGE ( .BOTH. , #2504 ) ;
#4875 = AXIS2_PLACEMENT_3D ( 'NONE', #4929, #9866, #6500 ) ;
#4876 = SURFACE_STYLE_USAGE ( .BOTH. , #7370 ) ;
#4877 = DIRECTION ( 'NONE',  ( -0.000000000000000000, 1.000000000000000000, -0.000000000000000000 ) ) ;
#4878 = CARTESIAN_POINT ( 'NONE',  ( 1.250000000000000888, 0.000000000000000000, -0.1000000000000000888 ) ) ;
#4879 = ORIENTED_EDGE ( 'NONE', *, *, #4746, .T. ) ;
#4880 =( GEOMETRIC_REPRESENTATION_CONTEXT ( 3 ) GLOBAL_UNCERTAINTY_ASSIGNED_CONTEXT ( ( #6818 ) ) GLOBAL_UNIT_ASSIGNED_CONTEXT ( ( #1236, #9892, #4444 ) ) REPRESENTATION_CONTEXT ( 'NONE', 'WORKASPACE' ) );
#4881 = CYLINDRICAL_SURFACE ( 'NONE', #1644, 0.04999999999996716793 ) ;
#4882 = ORIENTED_EDGE ( 'NONE', *, *, #7582, .F. ) ;
#4883 = LINE ( 'NONE', #9088, #9678 ) ;
#4884 = FACE_OUTER_BOUND ( 'NONE', #6577, .T. ) ;
#4885 = ADVANCED_FACE ( 'NONE', ( #8807 ), #1849, .F. ) ;
#4886 = VECTOR ( 'NONE', #10196, 1000.000000000000000 ) ;
#4887 = SURFACE_STYLE_USAGE ( .BOTH. , #6560 ) ;
#4888 = ORIENTED_EDGE ( 'NONE', *, *, #8953, .T. ) ;
#4889 = DIRECTION ( 'NONE',  ( 0.000000000000000000, -1.000000000000000000, 0.000000000000000000 ) ) ;
#4890 = ORIENTED_EDGE ( 'NONE', *, *, #8161, .F. ) ;
#4891 = SURFACE_SIDE_STYLE ('',( #6446 ) ) ;
#4892 =( NAMED_UNIT ( * ) SI_UNIT ( $, .STERADIAN. ) SOLID_ANGLE_UNIT ( ) );
#4893 = VERTEX_POINT ( 'NONE', #3420 ) ;
#4894 = DIRECTION ( 'NONE',  ( 0.000000000000000000, 0.000000000000000000, -1.000000000000000000 ) ) ;
#4895 = CARTESIAN_POINT ( 'NONE',  ( -0.5000000000000037748, -0.05000000000000000278, 1.000000000000000000 ) ) ;
#4896 = FILL_AREA_STYLE_COLOUR ( '', #10341 ) ;
#4897 = EDGE_LOOP ( 'NONE', ( #9543, #4837, #7586, #156, #10000, #2012 ) ) ;
#4898 = LINE ( 'NONE', #1726, #9780 ) ;
#4899 = EDGE_CURVE ( 'NONE', #7185, #7717, #9573, .T. ) ;
#4900 = EDGE_CURVE ( 'NONE', #6643, #6739, #6616, .T. ) ;
#4901 = FILL_AREA_STYLE ('',( #6412 ) ) ;
#4902 = ORIENTED_EDGE ( 'NONE', *, *, #3159, .T. ) ;
#4903 = LINE ( 'NONE', #6519, #7817 ) ;
#4904 = DIRECTION ( 'NONE',  ( -1.000000000000000000, 0.000000000000000000, 0.000000000000000000 ) ) ;
#4905 = FILL_AREA_STYLE_COLOUR ( '', #2185 ) ;
#4906 = FILL_AREA_STYLE ('',( #9633 ) ) ;
#4907 = DIRECTION ( 'NONE',  ( -0.000000000000000000, -0.000000000000000000, 1.000000000000000000 ) ) ;
#4908 = FILL_AREA_STYLE_COLOUR ( '', #8301 ) ;
#4909 = VERTEX_POINT ( 'NONE', #7396 ) ;
#4910 = DIRECTION ( 'NONE',  ( 0.000000000000000000, -1.000000000000000000, 0.000000000000000000 ) ) ;
#4911 = PLANE ( 'NONE',  #7210 ) ;
#4912 = DIRECTION ( 'NONE',  ( 0.000000000000000000, 0.000000000000000000, 1.000000000000000000 ) ) ;
#4913 = CARTESIAN_POINT ( 'NONE',  ( -1.150000000000021005, -1.355252715606880543E-17, -2.000000000000000000 ) ) ;
#4914 = EDGE_CURVE ( 'NONE', #8408, #7271, #1494, .T. ) ;
#4915 =( LENGTH_UNIT ( ) NAMED_UNIT ( * ) SI_UNIT ( .MILLI., .METRE. ) );
#4916 = FILL_AREA_STYLE ('',( #6545 ) ) ;
#4917 = LINE ( 'NONE', #7305, #6317 ) ;
#4918 = SURFACE_STYLE_USAGE ( .BOTH. , #7465 ) ;
#4919 = PLANE ( 'NONE',  #4013 ) ;
#4920 = ORIENTED_EDGE ( 'NONE', *, *, #9782, .T. ) ;
#4921 = UNCERTAINTY_MEASURE_WITH_UNIT (LENGTH_MEASURE( 1.000000000000000082E-05 ), #1498, 'distance_accuracy_value', 'NONE');
#4922 = SURFACE_STYLE_FILL_AREA ( #176 ) ;
#4923 = CARTESIAN_POINT ( 'NONE',  ( -2.050000000000000266, -0.05000000000000000278, 0.1499999999999995226 ) ) ;
#4924 = EDGE_CURVE ( 'NONE', #1049, #6365, #90, .T. ) ;
#4925 = ORIENTED_EDGE ( 'NONE', *, *, #5063, .F. ) ;
#4926 =( LENGTH_UNIT ( ) NAMED_UNIT ( * ) SI_UNIT ( .MILLI., .METRE. ) );
#4927 = LINE ( 'NONE', #7265, #8285 ) ;
#4928 = ORIENTED_EDGE ( 'NONE', *, *, #7597, .F. ) ;
#4929 = CARTESIAN_POINT ( 'NONE',  ( -0.5499999999999942712, -0.05000000000000000278, -0.4500000000000005107 ) ) ;
#4930 = VERTEX_POINT ( 'NONE', #9777 ) ;
#4931 = CARTESIAN_POINT ( 'NONE',  ( -2.000000000000000000, 0.000000000000000000, -2.000000000000000000 ) ) ;
#4932 = FILL_AREA_STYLE ('',( #2721 ) ) ;
#4933 = PRESENTATION_STYLE_ASSIGNMENT (( #5670 ) ) ;
#4934 = CARTESIAN_POINT ( 'NONE',  ( -0.09999999999997911948, 0.1499999999999999944, -2.050000000000000266 ) ) ;
#4935 = PRESENTATION_STYLE_ASSIGNMENT (( #5150 ) ) ;
#4936 =( NAMED_UNIT ( * ) PLANE_ANGLE_UNIT ( ) SI_UNIT ( $, .RADIAN. ) );
#4937 = ORIENTED_EDGE ( 'NONE', *, *, #1229, .T. ) ;
#4938 = FACE_OUTER_BOUND ( 'NONE', #9606, .T. ) ;
#4939 = LINE ( 'NONE', #5052, #1440 ) ;
#4940 = ORIENTED_EDGE ( 'NONE', *, *, #8906, .F. ) ;
#4941 = CARTESIAN_POINT ( 'NONE',  ( 2.050000000000000266, 0.1499999999999999944, 0.5000000000000001110 ) ) ;
#4942 = FILL_AREA_STYLE ('',( #3182 ) ) ;
#4943 =( GEOMETRIC_REPRESENTATION_CONTEXT ( 3 ) GLOBAL_UNCERTAINTY_ASSIGNED_CONTEXT ( ( #8582 ) ) GLOBAL_UNIT_ASSIGNED_CONTEXT ( ( #4300, #5921, #226 ) ) REPRESENTATION_CONTEXT ( 'NONE', 'WORKASPACE' ) );
#4944 = DIRECTION ( 'NONE',  ( 0.000000000000000000, 0.000000000000000000, -1.000000000000000000 ) ) ;
#4945 = EDGE_CURVE ( 'NONE', #8929, #5999, #5682, .T. ) ;
#4946 = EDGE_CURVE ( 'NONE', #5138, #3538, #5189, .T. ) ;
#4947 = PLANE ( 'NONE',  #3367 ) ;
#4948 = ORIENTED_EDGE ( 'NONE', *, *, #8132, .F. ) ;
#4949 = VECTOR ( 'NONE', #2709, 1000.000000000000000 ) ;
#4950 = SURFACE_STYLE_USAGE ( .BOTH. , #2648 ) ;
#4951 = VERTEX_POINT ( 'NONE', #5838 ) ;
#4952 = DIRECTION ( 'NONE',  ( -0.000000000000000000, -1.355252715606880049E-16, 1.000000000000000000 ) ) ;
#4953 = DIRECTION ( 'NONE',  ( 0.000000000000000000, 0.000000000000000000, -1.000000000000000000 ) ) ;
#4954 = CARTESIAN_POINT ( 'NONE',  ( 1.199999999999997735, 0.000000000000000000, 0.7500000000000003331 ) ) ;
#4955 = CARTESIAN_POINT ( 'NONE',  ( 2.000000000000008882, 0.000000000000000000, -0.9000000000000001332 ) ) ;
#4956 = VERTEX_POINT ( 'NONE', #6521 ) ;
#4957 = PRESENTATION_LAYER_ASSIGNMENT (  '', '', ( #9434 ) ) ;
#4959 = VECTOR ( 'NONE', #7514, 1000.000000000000000 ) ;
#4958 = CARTESIAN_POINT ( 'NONE',  ( 1.199999999999987965, -0.05000000000000000278, -1.649999999999966827 ) ) ;
#4961 = STYLED_ITEM ( 'NONE', ( #5013 ), #7216 ) ;
#4960 = DIRECTION ( 'NONE',  ( -0.000000000000000000, 0.000000000000000000, 1.000000000000000000 ) ) ;
#4962 = LINE ( 'NONE', #3388, #3214 ) ;
#4963 = LINE ( 'NONE', #962, #5132 ) ;
#4964 =( LENGTH_UNIT ( ) NAMED_UNIT ( * ) SI_UNIT ( .MILLI., .METRE. ) );
#4965 = AXIS2_PLACEMENT_3D ( 'NONE', #2528, #4156, #5147 ) ;
#4966 = AXIS2_PLACEMENT_3D ( 'NONE', #2222, #8490, #521 ) ;
#4967 = CARTESIAN_POINT ( 'NONE',  ( -0.09999999999997917499, -0.05000000000000000278, 2.000000000000000000 ) ) ;
#4968 = PRESENTATION_LAYER_ASSIGNMENT (  '', '', ( #9953 ) ) ;
#4969 = DIRECTION ( 'NONE',  ( 0.000000000000000000, -1.000000000000000000, 0.000000000000000000 ) ) ;
#4971 = EDGE_LOOP ( 'NONE', ( #5922, #3611, #224, #7172 ) ) ;
#4970 = DIRECTION ( 'NONE',  ( -0.000000000000000000, 1.000000000000000000, -0.000000000000000000 ) ) ;
#4972 = FILL_AREA_STYLE ('',( #8252 ) ) ;
#4973 = ORIENTED_EDGE ( 'NONE', *, *, #7336, .F. ) ;
#4974 = FACE_OUTER_BOUND ( 'NONE', #9020, .T. ) ;
#4975 = EDGE_CURVE ( 'NONE', #3102, #8889, #643, .T. ) ;
#4976 =( GEOMETRIC_REPRESENTATION_CONTEXT ( 3 ) GLOBAL_UNCERTAINTY_ASSIGNED_CONTEXT ( ( #3444 ) ) GLOBAL_UNIT_ASSIGNED_CONTEXT ( ( #990, #5927, #6503 ) ) REPRESENTATION_CONTEXT ( 'NONE', 'WORKASPACE' ) );
#4977 = AXIS2_PLACEMENT_3D ( 'NONE', #9472, #10210, #6364 ) ;
#4978 = UNCERTAINTY_MEASURE_WITH_UNIT (LENGTH_MEASURE( 1.000000000000000082E-05 ), #2667, 'distance_accuracy_value', 'NONE');
#4979 = MECHANICAL_DESIGN_GEOMETRIC_PRESENTATION_REPRESENTATION (  '', ( #4815 ), #603 ) ;
#4980 = ORIENTED_EDGE ( 'NONE', *, *, #5141, .F. ) ;
#4981 =( LENGTH_UNIT ( ) NAMED_UNIT ( * ) SI_UNIT ( .MILLI., .METRE. ) );
#4982 = FILL_AREA_STYLE_COLOUR ( '', #1951 ) ;
#4983 = VERTEX_POINT ( 'NONE', #8119 ) ;
#4984 =( LENGTH_UNIT ( ) NAMED_UNIT ( * ) SI_UNIT ( .MILLI., .METRE. ) );
#4985 = VECTOR ( 'NONE', #6602, 1000.000000000000000 ) ;
#4986 = EDGE_CURVE ( 'NONE', #2879, #8551, #4067, .T. ) ;
#4987 = COLOUR_RGB ( '',0.7686274509803920907, 0.7686274509803920907, 0.7686274509803920907 ) ;
#4988 = ORIENTED_EDGE ( 'NONE', *, *, #7597, .T. ) ;
#4989 = FILL_AREA_STYLE_COLOUR ( '', #6654 ) ;
#4990 = SURFACE_STYLE_FILL_AREA ( #4932 ) ;
#4991 =( NAMED_UNIT ( * ) SI_UNIT ( $, .STERADIAN. ) SOLID_ANGLE_UNIT ( ) );
#4992 =( LENGTH_UNIT ( ) NAMED_UNIT ( * ) SI_UNIT ( .MILLI., .METRE. ) );
#4993 = STYLED_ITEM ( 'NONE', ( #1269 ), #9426 ) ;
#4994 = PRESENTATION_LAYER_ASSIGNMENT (  '', '', ( #4833 ) ) ;
#4995 = VERTEX_POINT ( 'NONE', #1791 ) ;
#4996 = CYLINDRICAL_SURFACE ( 'NONE', #1663, 0.04999999999996716793 ) ;
#4997 =( GEOMETRIC_REPRESENTATION_CONTEXT ( 3 ) GLOBAL_UNCERTAINTY_ASSIGNED_CONTEXT ( ( #1677 ) ) GLOBAL_UNIT_ASSIGNED_CONTEXT ( ( #88, #4853, #4019 ) ) REPRESENTATION_CONTEXT ( 'NONE', 'WORKASPACE' ) );
#4998 = EDGE_CURVE ( 'NONE', #1507, #6964, #2640, .T. ) ;
#4999 = ORIENTED_EDGE ( 'NONE', *, *, #1344, .T. ) ;
#5000 = DIRECTION ( 'NONE',  ( -0.000000000000000000, -0.000000000000000000, 1.000000000000000000 ) ) ;
#5001 = FILL_AREA_STYLE_COLOUR ( '', #4858 ) ;
#5002 = FILL_AREA_STYLE_COLOUR ( '', #8820 ) ;
#5003 = LINE ( 'NONE', #6618, #2837 ) ;
#5004 = ORIENTED_EDGE ( 'NONE', *, *, #2066, .F. ) ;
#5005 =( GEOMETRIC_REPRESENTATION_CONTEXT ( 3 ) GLOBAL_UNCERTAINTY_ASSIGNED_CONTEXT ( ( #7724 ) ) GLOBAL_UNIT_ASSIGNED_CONTEXT ( ( #6340, #3900, #1664 ) ) REPRESENTATION_CONTEXT ( 'NONE', 'WORKASPACE' ) );
#5006 = VECTOR ( 'NONE', #2957, 1000.000000000000000 ) ;
#5007 = ADVANCED_BREP_SHAPE_REPRESENTATION ( 'QFN26 4mm X 4mm', ( #6236, #6050 ), #5700 ) ;
#5008 = DIRECTION ( 'NONE',  ( -0.000000000000000000, 1.000000000000000000, -0.000000000000000000 ) ) ;
#5009 = VECTOR ( 'NONE', #2065, 1000.000000000000000 ) ;
#5010 = EDGE_CURVE ( 'NONE', #8097, #3547, #2436, .T. ) ;
#5011 = ADVANCED_FACE ( 'NONE', ( #2842 ), #9219, .F. ) ;
#5012 = EDGE_LOOP ( 'NONE', ( #2818, #137, #6785, #9925 ) ) ;
#5013 = PRESENTATION_STYLE_ASSIGNMENT (( #4234 ) ) ;
#5014 = LINE ( 'NONE', #4122, #6656 ) ;
#5015 = LINE ( 'NONE', #6474, #8788 ) ;
#5016 = ORIENTED_EDGE ( 'NONE', *, *, #9038, .F. ) ;
#5017 = COLOUR_RGB ( '',0.7686274509803920907, 0.7686274509803920907, 0.7686274509803920907 ) ;
#5018 = AXIS2_PLACEMENT_3D ( 'NONE', #4585, #1394, #4894 ) ;
#5019 = DIRECTION ( 'NONE',  ( 1.000000000000000000, 0.000000000000000000, -0.000000000000000000 ) ) ;
#5020 = FACE_OUTER_BOUND ( 'NONE', #8893, .T. ) ;
#5021 = FILL_AREA_STYLE_COLOUR ( '', #1496 ) ;
#5022 = DIRECTION ( 'NONE',  ( -0.000000000000000000, -0.000000000000000000, -1.000000000000000000 ) ) ;
#5023 =( NAMED_UNIT ( * ) PLANE_ANGLE_UNIT ( ) SI_UNIT ( $, .RADIAN. ) );
#5024 = EDGE_CURVE ( 'NONE', #9307, #6904, #6002, .T. ) ;
#5025 =( LENGTH_UNIT ( ) NAMED_UNIT ( * ) SI_UNIT ( .MILLI., .METRE. ) );
#5026 = VECTOR ( 'NONE', #8398, 1000.000000000000000 ) ;
#5027 = CARTESIAN_POINT ( 'NONE',  ( 1.249999999999997558, -0.05000000000000000278, 0.7500000000000000000 ) ) ;
#5029 = ORIENTED_EDGE ( 'NONE', *, *, #5426, .T. ) ;
#5028 = DIRECTION ( 'NONE',  ( 0.000000000000000000, 0.000000000000000000, 1.000000000000000000 ) ) ;
#5030 = PLANE ( 'NONE',  #8335 ) ;
#5031 = VERTEX_POINT ( 'NONE', #5105 ) ;
#5032 = UNCERTAINTY_MEASURE_WITH_UNIT (LENGTH_MEASURE( 1.000000000000000082E-05 ), #4739, 'distance_accuracy_value', 'NONE');
#5033 =( NAMED_UNIT ( * ) PLANE_ANGLE_UNIT ( ) SI_UNIT ( $, .RADIAN. ) );
#5034 = MECHANICAL_DESIGN_GEOMETRIC_PRESENTATION_REPRESENTATION (  '', ( #4355 ), #6369 ) ;
#5035 = AXIS2_PLACEMENT_3D ( 'NONE', #9451, #6250, #7128 ) ;
#5036 = COLOUR_RGB ( '',0.7686274509803920907, 0.7686274509803920907, 0.7686274509803920907 ) ;
#5037 = VERTEX_POINT ( 'NONE', #2006 ) ;
#5038 = DIRECTION ( 'NONE',  ( 1.084202172485505297E-16, 0.000000000000000000, -1.000000000000000000 ) ) ;
#5039 = CYLINDRICAL_SURFACE ( 'NONE', #7041, 0.04999999999999995420 ) ;
#5040 = VERTEX_POINT ( 'NONE', #2781 ) ;
#5041 = SURFACE_SIDE_STYLE ('',( #6716 ) ) ;
#5042 = AXIS2_PLACEMENT_3D ( 'NONE', #9139, #5197, #1145 ) ;
#5043 = STYLED_ITEM ( 'NONE', ( #6677 ), #5614 ) ;
#5044 = ORIENTED_EDGE ( 'NONE', *, *, #3423, .T. ) ;
#5045 = DIRECTION ( 'NONE',  ( -1.000000000000000000, 0.000000000000000000, 0.000000000000000000 ) ) ;
#5046 = DIRECTION ( 'NONE',  ( 0.000000000000000000, 0.000000000000000000, 1.000000000000000000 ) ) ;
#5047 =( NAMED_UNIT ( * ) PLANE_ANGLE_UNIT ( ) SI_UNIT ( $, .RADIAN. ) );
#5048 = MECHANICAL_DESIGN_GEOMETRIC_PRESENTATION_REPRESENTATION (  '', ( #4035 ), #3173 ) ;
#5049 = COLOUR_RGB ( '',0.7686274509803920907, 0.7686274509803920907, 0.7686274509803920907 ) ;
#5050 = ORIENTED_EDGE ( 'NONE', *, *, #3605, .T. ) ;
#5051 = SURFACE_SIDE_STYLE ('',( #1839 ) ) ;
#5052 = CARTESIAN_POINT ( 'NONE',  ( -2.050000000000000266, 0.1499999999999999944, 0.9499999999999996225 ) ) ;
#5053 = ADVANCED_FACE ( 'NONE', ( #470 ), #6836, .F. ) ;
#5054 = EDGE_CURVE ( 'NONE', #6518, #4730, #3541, .T. ) ;
#5055 = ORIENTED_EDGE ( 'NONE', *, *, #7749, .T. ) ;
#5056 = ORIENTED_EDGE ( 'NONE', *, *, #8297, .F. ) ;
#5057 = VERTEX_POINT ( 'NONE', #5162 ) ;
#5058 = UNCERTAINTY_MEASURE_WITH_UNIT (LENGTH_MEASURE( 1.000000000000000082E-05 ), #5399, 'distance_accuracy_value', 'NONE');
#5059 = CARTESIAN_POINT ( 'NONE',  ( -1.400000000000012124, 0.000000000000000000, -1.599999999999999867 ) ) ;
#5060 = DIRECTION ( 'NONE',  ( -1.000000000000000000, -0.000000000000000000, -0.000000000000000000 ) ) ;
#5061 = FACE_OUTER_BOUND ( 'NONE', #9786, .T. ) ;
#5062 = CARTESIAN_POINT ( 'NONE',  ( -0.6499999999999884759, 0.000000000000000000, -1.250000000000000444 ) ) ;
#5063 = EDGE_CURVE ( 'NONE', #8772, #4740, #1172, .T. ) ;
#5064 = ORIENTED_EDGE ( 'NONE', *, *, #2706, .T. ) ;
#5065 = ORIENTED_EDGE ( 'NONE', *, *, #3905, .F. ) ;
#5066 =( NAMED_UNIT ( * ) PLANE_ANGLE_UNIT ( ) SI_UNIT ( $, .RADIAN. ) );
#5067 = SURFACE_STYLE_FILL_AREA ( #2855 ) ;
#5068 = CARTESIAN_POINT ( 'NONE',  ( 1.200000000000004619, -0.05000000000000000278, -0.4499999999999997891 ) ) ;
#5069 = DIRECTION ( 'NONE',  ( -0.000000000000000000, -0.000000000000000000, -1.000000000000000000 ) ) ;
#5070 = ORIENTED_EDGE ( 'NONE', *, *, #1231, .F. ) ;
#5071 = SURFACE_STYLE_FILL_AREA ( #4237 ) ;
#5072 = FACE_OUTER_BOUND ( 'NONE', #7641, .T. ) ;
#5073 = CARTESIAN_POINT ( 'NONE',  ( -0.7499999999999793499, 0.000000000000000000, 1.599999999999999867 ) ) ;
#5074 = DIRECTION ( 'NONE',  ( 0.000000000000000000, -0.000000000000000000, 1.000000000000000000 ) ) ;
#5075 = LINE ( 'NONE', #2235, #5800 ) ;
#5076 = DIRECTION ( 'NONE',  ( 0.000000000000000000, 1.000000000000000000, 0.000000000000000000 ) ) ;
#5077 = CARTESIAN_POINT ( 'NONE',  ( -0.8500000000000124123, -0.05000000000000000278, 1.599999999999999867 ) ) ;
#5078 = FACE_OUTER_BOUND ( 'NONE', #9295, .T. ) ;
#5079 = ORIENTED_EDGE ( 'NONE', *, *, #4998, .T. ) ;
#5080 = EDGE_CURVE ( 'NONE', #9504, #3915, #5222, .T. ) ;
#5081 = EDGE_CURVE ( 'NONE', #369, #6801, #9990, .T. ) ;
#5082 = DIRECTION ( 'NONE',  ( 1.000000000000000000, 0.000000000000000000, 0.000000000000000000 ) ) ;
#5083 = ORIENTED_EDGE ( 'NONE', *, *, #7401, .F. ) ;
#5084 = LINE ( 'NONE', #7474, #1341 ) ;
#5085 = CARTESIAN_POINT ( 'NONE',  ( 1.200000000000000622, -0.05000000000000000278, -1.149999999999933964 ) ) ;
#5086 = CARTESIAN_POINT ( 'NONE',  ( -0.8500000000000124123, -0.05000000000000000278, -1.649999999999967049 ) ) ;
#5087 = EDGE_LOOP ( 'NONE', ( #1676, #3269, #1734, #6934 ) ) ;
#5088 = PLANE ( 'NONE',  #8310 ) ;
#5089 = VERTEX_POINT ( 'NONE', #7093 ) ;
#5090 = CARTESIAN_POINT ( 'NONE',  ( 2.000000000000000000, 1.000000000000000000, 2.000000000000000000 ) ) ;
#5091 = STYLED_ITEM ( 'NONE', ( #4302 ), #3245 ) ;
#5092 = DIRECTION ( 'NONE',  ( 1.000000000000000000, 0.000000000000000000, -0.000000000000000000 ) ) ;
#5093 = PLANE ( 'NONE',  #3865 ) ;
#5094 = SURFACE_STYLE_FILL_AREA ( #1884 ) ;
#5095 = SURFACE_SIDE_STYLE ('',( #1934 ) ) ;
#5096 = ORIENTED_EDGE ( 'NONE', *, *, #9654, .F. ) ;
#5097 = CARTESIAN_POINT ( 'NONE',  ( -0.5499999999999946043, -0.05000000000000000278, -0.7000000000000005107 ) ) ;
#5098 = DIRECTION ( 'NONE',  ( 1.000000000000000000, -0.000000000000000000, -0.000000000000000000 ) ) ;
#5099 =( NAMED_UNIT ( * ) SI_UNIT ( $, .STERADIAN. ) SOLID_ANGLE_UNIT ( ) );
#5100 = FILL_AREA_STYLE ('',( #1890 ) ) ;
#5101 = ORIENTED_EDGE ( 'NONE', *, *, #362, .T. ) ;
#5102 = ORIENTED_EDGE ( 'NONE', *, *, #6970, .F. ) ;
#5103 = ORIENTED_EDGE ( 'NONE', *, *, #4424, .F. ) ;
#5104 = CARTESIAN_POINT ( 'NONE',  ( 2.050000000000000266, 0.1500000000000000222, -0.1000000000000000472 ) ) ;
#5105 = CARTESIAN_POINT ( 'NONE',  ( 0.7499999999999878986, 0.000000000000000000, 1.599999999999999867 ) ) ;
#5106 = CARTESIAN_POINT ( 'NONE',  ( -2.050000000000000266, 0.1499999999999999944, 0.6999999999999994005 ) ) ;
#5107 = DIRECTION ( 'NONE',  ( -0.000000000000000000, 1.000000000000000000, -0.000000000000000000 ) ) ;
#5108 = EDGE_CURVE ( 'NONE', #569, #286, #2330, .T. ) ;
#5109 = ORIENTED_EDGE ( 'NONE', *, *, #7690, .F. ) ;
#5110 = PRESENTATION_LAYER_ASSIGNMENT (  '', '', ( #1249 ) ) ;
#5111 = ORIENTED_EDGE ( 'NONE', *, *, #4471, .F. ) ;
#5112 =( NAMED_UNIT ( * ) PLANE_ANGLE_UNIT ( ) SI_UNIT ( $, .RADIAN. ) );
#5113 = SURFACE_STYLE_USAGE ( .BOTH. , #3490 ) ;
#5114 = EDGE_CURVE ( 'NONE', #2085, #1414, #2942, .T. ) ;
#5115 = FILL_AREA_STYLE ('',( #3598 ) ) ;
#5116 = VERTEX_POINT ( 'NONE', #8705 ) ;
#5117 = FACE_OUTER_BOUND ( 'NONE', #8323, .T. ) ;
#5118 = CARTESIAN_POINT ( 'NONE',  ( -1.149999999999979705, 0.000000000000000000, -1.649999999999966827 ) ) ;
#5119 = CARTESIAN_POINT ( 'NONE',  ( -1.999999999999994449, -0.05000000000000000278, -0.4000000000000005218 ) ) ;
#5120 = CIRCLE ( 'NONE', #6786, 0.05000000000000002359 ) ;
#5121 =( NAMED_UNIT ( * ) SI_UNIT ( $, .STERADIAN. ) SOLID_ANGLE_UNIT ( ) );
#5122 = DIRECTION ( 'NONE',  ( -0.000000000000000000, 1.000000000000000000, -0.000000000000000000 ) ) ;
#5123 = VECTOR ( 'NONE', #815, 1000.000000000000000 ) ;
#5124 = FILL_AREA_STYLE ('',( #9078 ) ) ;
#5125 = CARTESIAN_POINT ( 'NONE',  ( -0.8999999999999791500, -0.05000000000000000278, -2.000000000000000000 ) ) ;
#5126 = LINE ( 'NONE', #650, #1330 ) ;
#5127 = ORIENTED_EDGE ( 'NONE', *, *, #6292, .F. ) ;
#5128 = UNCERTAINTY_MEASURE_WITH_UNIT (LENGTH_MEASURE( 1.000000000000000082E-05 ), #5294, 'distance_accuracy_value', 'NONE');
#5129 = CYLINDRICAL_SURFACE ( 'NONE', #281, 0.04999999999996695282 ) ;
#5130 = DIRECTION ( 'NONE',  ( 0.000000000000000000, -1.000000000000000000, 0.000000000000000000 ) ) ;
#5131 = VECTOR ( 'NONE', #8315, 1000.000000000000000 ) ;
#5132 = VECTOR ( 'NONE', #3435, 1000.000000000000000 ) ;
#5133 = COLOUR_RGB ( '',0.7686274509803920907, 0.7686274509803920907, 0.7686274509803920907 ) ;
#5134 = CARTESIAN_POINT ( 'NONE',  ( -2.050000000000000266, 0.1499999999999999944, -0.7000000000000003997 ) ) ;
#5135 = CARTESIAN_POINT ( 'NONE',  ( 0.5000000000000208722, -0.05000000000000000278, -2.050000000000000266 ) ) ;
#5136 = FILL_AREA_STYLE ('',( #4505 ) ) ;
#5137 = CYLINDRICAL_SURFACE ( 'NONE', #3954, 0.04999999999996716793 ) ;
#5138 = VERTEX_POINT ( 'NONE', #3103 ) ;
#5139 = ADVANCED_FACE ( 'NONE', ( #2276 ), #3800, .F. ) ;
#5140 = FACE_OUTER_BOUND ( 'NONE', #2464, .T. ) ;
#5141 = EDGE_CURVE ( 'NONE', #1529, #6065, #2229, .T. ) ;
#5142 = ORIENTED_EDGE ( 'NONE', *, *, #6417, .F. ) ;
#5143 = AXIS2_PLACEMENT_3D ( 'NONE', #2681, #7334, #3470 ) ;
#5144 = VECTOR ( 'NONE', #9923, 1000.000000000000000 ) ;
#5145 = CARTESIAN_POINT ( 'NONE',  ( -0.6999999999999793054, 0.000000000000000000, -1.649999999999999911 ) ) ;
#5146 =( GEOMETRIC_REPRESENTATION_CONTEXT ( 3 ) GLOBAL_UNCERTAINTY_ASSIGNED_CONTEXT ( ( #174 ) ) GLOBAL_UNIT_ASSIGNED_CONTEXT ( ( #1151, #5819, #2718 ) ) REPRESENTATION_CONTEXT ( 'NONE', 'WORKASPACE' ) );
#5147 = DIRECTION ( 'NONE',  ( 0.000000000000000000, -0.000000000000000000, 1.000000000000000000 ) ) ;
#5148 = VECTOR ( 'NONE', #9756, 1000.000000000000000 ) ;
#5149 = SURFACE_STYLE_USAGE ( .BOTH. , #3576 ) ;
#5150 = SURFACE_STYLE_USAGE ( .BOTH. , #7388 ) ;
#5151 = DIRECTION ( 'NONE',  ( 0.000000000000000000, -1.000000000000000000, 0.000000000000000000 ) ) ;
#5152 = VERTEX_POINT ( 'NONE', #7134 ) ;
#5153 = MECHANICAL_DESIGN_GEOMETRIC_PRESENTATION_REPRESENTATION (  '', ( #6159 ), #1291 ) ;
#5154 =( GEOMETRIC_REPRESENTATION_CONTEXT ( 3 ) GLOBAL_UNCERTAINTY_ASSIGNED_CONTEXT ( ( #6213 ) ) GLOBAL_UNIT_ASSIGNED_CONTEXT ( ( #9156, #6891, #1323 ) ) REPRESENTATION_CONTEXT ( 'NONE', 'WORKASPACE' ) );
#5155 = DIRECTION ( 'NONE',  ( -0.000000000000000000, -0.000000000000000000, 1.000000000000000000 ) ) ;
#5156 = SURFACE_STYLE_USAGE ( .BOTH. , #1002 ) ;
#5157 = ORIENTED_EDGE ( 'NONE', *, *, #9972, .F. ) ;
#5158 = ORIENTED_EDGE ( 'NONE', *, *, #8746, .T. ) ;
#5159 = ORIENTED_EDGE ( 'NONE', *, *, #7818, .T. ) ;
#5160 = UNCERTAINTY_MEASURE_WITH_UNIT (LENGTH_MEASURE( 1.000000000000000082E-05 ), #4119, 'distance_accuracy_value', 'NONE');
#5161 = CARTESIAN_POINT ( 'NONE',  ( -1.400000000000012124, -0.05000000000000000278, -1.599999999999999867 ) ) ;
#5162 = CARTESIAN_POINT ( 'NONE',  ( 0.5000000000000208722, -1.355252715606880543E-17, -2.000000000000000000 ) ) ;
#5163 = VECTOR ( 'NONE', #8749, 1000.000000000000000 ) ;
#5164 = FILL_AREA_STYLE_COLOUR ( '', #7876 ) ;
#5165 = AXIS2_PLACEMENT_3D ( 'NONE', #5579, #1574, #7239 ) ;
#5166 = ORIENTED_EDGE ( 'NONE', *, *, #7378, .T. ) ;
#5167 = AXIS2_PLACEMENT_3D ( 'NONE', #6157, #9320, #571 ) ;
#5168 = COLOUR_RGB ( '',0.7686274509803920907, 0.7686274509803920907, 0.7686274509803920907 ) ;
#5169 = ORIENTED_EDGE ( 'NONE', *, *, #8132, .T. ) ;
#5170 = LINE ( 'NONE', #10056, #1941 ) ;
#5171 = ADVANCED_FACE ( 'NONE', ( #7049 ), #528, .F. ) ;
#5172 = VECTOR ( 'NONE', #5188, 1000.000000000000000 ) ;
#5173 = PLANE ( 'NONE',  #8319 ) ;
#5174 = LINE ( 'NONE', #4398, #814 ) ;
#5175 = ORIENTED_EDGE ( 'NONE', *, *, #8374, .T. ) ;
#5176 = PRESENTATION_STYLE_ASSIGNMENT (( #6116 ) ) ;
#5177 = PLANE ( 'NONE',  #1622 ) ;
#5178 = DIRECTION ( 'NONE',  ( 0.000000000000000000, -1.000000000000000000, -1.355252715606880049E-16 ) ) ;
#5179 = MECHANICAL_DESIGN_GEOMETRIC_PRESENTATION_REPRESENTATION (  '', ( #7991 ), #7496 ) ;
#5180 = DIRECTION ( 'NONE',  ( 1.000000000000000000, 0.000000000000000000, -0.000000000000000000 ) ) ;
#5181 = FILL_AREA_STYLE_COLOUR ( '', #10361 ) ;
#5182 = EDGE_CURVE ( 'NONE', #3250, #5459, #1477, .T. ) ;
#5183 = FILL_AREA_STYLE ('',( #2707 ) ) ;
#5184 = ADVANCED_FACE ( 'NONE', ( #7272 ), #2472, .F. ) ;
#5185 = VECTOR ( 'NONE', #1821, 1000.000000000000000 ) ;
#5186 = AXIS2_PLACEMENT_3D ( 'NONE', #9522, #1619, #9566 ) ;
#5187 = FILL_AREA_STYLE_COLOUR ( '', #7442 ) ;
#5188 = DIRECTION ( 'NONE',  ( 0.000000000000000000, 0.000000000000000000, -1.000000000000000000 ) ) ;
#5189 = CIRCLE ( 'NONE', #3694, 0.04999999999999996808 ) ;
#5190 = VERTEX_POINT ( 'NONE', #7190 ) ;
#5191 = LINE ( 'NONE', #8373, #987 ) ;
#5192 = VECTOR ( 'NONE', #6411, 1000.000000000000000 ) ;
#5193 = ADVANCED_FACE ( 'NONE', ( #9719 ), #3307, .F. ) ;
#5194 = VECTOR ( 'NONE', #9883, 1000.000000000000000 ) ;
#5195 = LINE ( 'NONE', #4298, #2009 ) ;
#5196 = PRESENTATION_LAYER_ASSIGNMENT (  '', '', ( #10008 ) ) ;
#5197 = DIRECTION ( 'NONE',  ( 0.000000000000000000, 0.000000000000000000, 1.000000000000000000 ) ) ;
#5198 = ORIENTED_EDGE ( 'NONE', *, *, #911, .T. ) ;
#5199 = LINE ( 'NONE', #7533, #6288 ) ;
#5200 = SURFACE_SIDE_STYLE ('',( #450 ) ) ;
#5201 = ORIENTED_EDGE ( 'NONE', *, *, #10360, .F. ) ;
#5202 = STYLED_ITEM ( 'NONE', ( #9512 ), #2204 ) ;
#5203 = DIRECTION ( 'NONE',  ( 0.000000000000000000, 0.000000000000000000, 1.000000000000000000 ) ) ;
#5204 = LINE ( 'NONE', #517, #7469 ) ;
#5205 = MECHANICAL_DESIGN_GEOMETRIC_PRESENTATION_REPRESENTATION (  '', ( #3351 ), #4209 ) ;
#5206 = FILL_AREA_STYLE ('',( #5823 ) ) ;
#5207 = PRESENTATION_LAYER_ASSIGNMENT (  '', '', ( #657 ) ) ;
#5208 =( NAMED_UNIT ( * ) PLANE_ANGLE_UNIT ( ) SI_UNIT ( $, .RADIAN. ) );
#5209 = PLANE ( 'NONE',  #8015 ) ;
#5210 = EDGE_CURVE ( 'NONE', #7548, #1893, #8792, .T. ) ;
#5211 = ORIENTED_EDGE ( 'NONE', *, *, #163, .T. ) ;
#5212 = FILL_AREA_STYLE_COLOUR ( '', #8845 ) ;
#5213 =( NAMED_UNIT ( * ) PLANE_ANGLE_UNIT ( ) SI_UNIT ( $, .RADIAN. ) );
#5214 = MECHANICAL_DESIGN_GEOMETRIC_PRESENTATION_REPRESENTATION (  '', ( #4705 ), #6890 ) ;
#5215 =( GEOMETRIC_REPRESENTATION_CONTEXT ( 3 ) GLOBAL_UNCERTAINTY_ASSIGNED_CONTEXT ( ( #8688 ) ) GLOBAL_UNIT_ASSIGNED_CONTEXT ( ( #168, #50, #3246 ) ) REPRESENTATION_CONTEXT ( 'NONE', 'WORKASPACE' ) );
#5216 = SURFACE_STYLE_FILL_AREA ( #4572 ) ;
#5217 = VECTOR ( 'NONE', #9539, 1000.000000000000000 ) ;
#5218 = ORIENTED_EDGE ( 'NONE', *, *, #1539, .T. ) ;
#5219 = ORIENTED_EDGE ( 'NONE', *, *, #4590, .T. ) ;
#5220 = EDGE_LOOP ( 'NONE', ( #1265, #1510, #3417, #278, #6855, #1899 ) ) ;
#5221 = LINE ( 'NONE', #4270, #5995 ) ;
#5222 = LINE ( 'NONE', #6780, #5026 ) ;
#5223 = CIRCLE ( 'NONE', #6550, 0.05000000000000002359 ) ;
#5224 = CARTESIAN_POINT ( 'NONE',  ( -0.2999999999999792277, -0.05000000000000000278, -2.050000000000000266 ) ) ;
#5225 = LINE ( 'NONE', #1224, #5194 ) ;
#5226 = MECHANICAL_DESIGN_GEOMETRIC_PRESENTATION_REPRESENTATION (  '', ( #674 ), #8694 ) ;
#5227 = EDGE_CURVE ( 'NONE', #6447, #302, #7032, .T. ) ;
#5228 = ADVANCED_FACE ( 'NONE', ( #7952 ), #1618, .F. ) ;
#5229 = ORIENTED_EDGE ( 'NONE', *, *, #5508, .F. ) ;
#5230 = PRESENTATION_LAYER_ASSIGNMENT (  '', '', ( #9700 ) ) ;
#5231 = ORIENTED_EDGE ( 'NONE', *, *, #7446, .T. ) ;
#5232 = LINE ( 'NONE', #1183, #3292 ) ;
#5233 = VERTEX_POINT ( 'NONE', #7426 ) ;
#5234 = EDGE_LOOP ( 'NONE', ( #10201, #8019, #1337, #9204 ) ) ;
#5235 = DIRECTION ( 'NONE',  ( 0.000000000000000000, -1.000000000000000000, 0.000000000000000000 ) ) ;
#5236 = FILL_AREA_STYLE_COLOUR ( '', #8212 ) ;
#5237 = SURFACE_SIDE_STYLE ('',( #5914 ) ) ;
#5238 = DIRECTION ( 'NONE',  ( -0.000000000000000000, -1.000000000000000000, -0.000000000000000000 ) ) ;
#5239 = VERTEX_POINT ( 'NONE', #3526 ) ;
#5240 = SURFACE_SIDE_STYLE ('',( #6756 ) ) ;
#5241 = SURFACE_STYLE_USAGE ( .BOTH. , #386 ) ;
#5242 = ADVANCED_FACE ( 'NONE', ( #7540 ), #2825, .T. ) ;
#5243 = PRESENTATION_STYLE_ASSIGNMENT (( #9243 ) ) ;
#5244 = CARTESIAN_POINT ( 'NONE',  ( -0.7499999999999462652, 0.000000000000000000, 1.649999999999967049 ) ) ;
#5245 = VERTEX_POINT ( 'NONE', #4370 ) ;
#5246 = CARTESIAN_POINT ( 'NONE',  ( -0.3499999999999792166, 0.000000000000000000, 1.599999999999999645 ) ) ;
#5247 = DIRECTION ( 'NONE',  ( -0.000000000000000000, 1.000000000000000000, 0.000000000000000000 ) ) ;
#5248 = DIRECTION ( 'NONE',  ( -0.000000000000000000, 1.000000000000000000, -0.000000000000000000 ) ) ;
#5249 = ORIENTED_EDGE ( 'NONE', *, *, #3726, .F. ) ;
#5250 = UNCERTAINTY_MEASURE_WITH_UNIT (LENGTH_MEASURE( 1.000000000000000082E-05 ), #8936, 'distance_accuracy_value', 'NONE');
#5251 = SURFACE_STYLE_USAGE ( .BOTH. , #6820 ) ;
#5252 = DIRECTION ( 'NONE',  ( 0.000000000000000000, 0.000000000000000000, -1.000000000000000000 ) ) ;
#5253 =( LENGTH_UNIT ( ) NAMED_UNIT ( * ) SI_UNIT ( .MILLI., .METRE. ) );
#5254 = DIRECTION ( 'NONE',  ( -1.000000000000000000, 0.000000000000000000, 0.000000000000000000 ) ) ;
#5255 = PLANE ( 'NONE',  #9648 ) ;
#5256 = CARTESIAN_POINT ( 'NONE',  ( 1.450000000000020828, -0.05000000000000000278, 2.050000000000000266 ) ) ;
#5257 = EDGE_LOOP ( 'NONE', ( #8282, #1377, #719, #9214 ) ) ;
#5258 = FILL_AREA_STYLE_COLOUR ( '', #492 ) ;
#5259 = DIRECTION ( 'NONE',  ( -1.000000000000000000, 0.000000000000000000, 0.000000000000000000 ) ) ;
#5260 = CARTESIAN_POINT ( 'NONE',  ( -0.5500000000000000444, -0.05000000000000000278, 0.09999999999999950595 ) ) ;
#5261 = CARTESIAN_POINT ( 'NONE',  ( -1.149999999999979705, -0.05000000000000000278, -1.649999999999966827 ) ) ;
#5262 = DIRECTION ( 'NONE',  ( 0.000000000000000000, -1.000000000000000000, 0.000000000000000000 ) ) ;
#5263 = VERTEX_POINT ( 'NONE', #352 ) ;
#5264 = ORIENTED_EDGE ( 'NONE', *, *, #4471, .T. ) ;
#5265 = ORIENTED_EDGE ( 'NONE', *, *, #5693, .T. ) ;
#5266 = UNCERTAINTY_MEASURE_WITH_UNIT (LENGTH_MEASURE( 1.000000000000000082E-05 ), #8029, 'distance_accuracy_value', 'NONE');
#5267 = PRESENTATION_STYLE_ASSIGNMENT (( #9218 ) ) ;
#5268 = SURFACE_STYLE_USAGE ( .BOTH. , #7498 ) ;
#5269 = CARTESIAN_POINT ( 'NONE',  ( 2.000000000000000000, 0.000000000000000000, -2.000000000000000000 ) ) ;
#5270 = ORIENTED_EDGE ( 'NONE', *, *, #1748, .T. ) ;
#5271 = ORIENTED_EDGE ( 'NONE', *, *, #4710, .T. ) ;
#5272 = ORIENTED_EDGE ( 'NONE', *, *, #4873, .T. ) ;
#5273 = ADVANCED_FACE ( 'NONE', ( #3691 ), #1882, .F. ) ;
#5274 = CARTESIAN_POINT ( 'NONE',  ( 2.000000000000000444, 0.000000000000000000, 0.09999999999999999167 ) ) ;
#5275 = EDGE_CURVE ( 'NONE', #6402, #1125, #7482, .T. ) ;
#5276 = CARTESIAN_POINT ( 'NONE',  ( -2.050000000000000266, 0.000000000000000000, 0.000000000000000000 ) ) ;
#5277 = CARTESIAN_POINT ( 'NONE',  ( 1.250000000000008660, -0.05000000000000000278, -0.7500000000000001110 ) ) ;
#5278 = CARTESIAN_POINT ( 'NONE',  ( -2.050000000000000266, 0.1499999999999999944, -0.1500000000000003830 ) ) ;
#5279 = PRESENTATION_STYLE_ASSIGNMENT (( #1128 ) ) ;
#5280 = VECTOR ( 'NONE', #7795, 1000.000000000000000 ) ;
#5281 = CARTESIAN_POINT ( 'NONE',  ( -0.4499999999999791944, -0.05000000000000000278, -1.599999999999999645 ) ) ;
#5282 = CARTESIAN_POINT ( 'NONE',  ( 1.249999999999996669, -0.05000000000000000278, 1.300000000000000044 ) ) ;
#5283 = DIRECTION ( 'NONE',  ( -1.239088197126173129E-15, 0.000000000000000000, 1.000000000000000000 ) ) ;
#5284 = VERTEX_POINT ( 'NONE', #5361 ) ;
#5285 = CARTESIAN_POINT ( 'NONE',  ( -0.2999999999999792277, -0.05000000000000000278, -2.000000000000002220 ) ) ;
#5286 = SURFACE_STYLE_USAGE ( .BOTH. , #6127 ) ;
#5287 =( NAMED_UNIT ( * ) SI_UNIT ( $, .STERADIAN. ) SOLID_ANGLE_UNIT ( ) );
#5288 = CARTESIAN_POINT ( 'NONE',  ( 0.000000000000000000, 0.000000000000000000, 2.050000000000000266 ) ) ;
#5290 = DIRECTION ( 'NONE',  ( 0.000000000000000000, 0.000000000000000000, 1.000000000000000000 ) ) ;
#5289 = VECTOR ( 'NONE', #171, 1000.000000000000000 ) ;
#5291 = MECHANICAL_DESIGN_GEOMETRIC_PRESENTATION_REPRESENTATION (  '', ( #5779 ), #587 ) ;
#5292 = ORIENTED_EDGE ( 'NONE', *, *, #1003, .T. ) ;
#5293 = CARTESIAN_POINT ( 'NONE',  ( 2.000000000000000000, 0.000000000000000000, -2.000000000000000000 ) ) ;
#5294 =( LENGTH_UNIT ( ) NAMED_UNIT ( * ) SI_UNIT ( .MILLI., .METRE. ) );
#5295 =( NAMED_UNIT ( * ) SI_UNIT ( $, .STERADIAN. ) SOLID_ANGLE_UNIT ( ) );
#5296 = EDGE_CURVE ( 'NONE', #8927, #5263, #616, .T. ) ;
#5297 = ORIENTED_EDGE ( 'NONE', *, *, #8932, .F. ) ;
#5298 = CARTESIAN_POINT ( 'NONE',  ( -0.5500000000000041522, 0.000000000000000000, 1.249999999999999556 ) ) ;
#5299 = DIRECTION ( 'NONE',  ( 0.000000000000000000, 0.000000000000000000, 1.000000000000000000 ) ) ;
#5300 = STYLED_ITEM ( 'NONE', ( #3656 ), #8565 ) ;
#5301 =( GEOMETRIC_REPRESENTATION_CONTEXT ( 3 ) GLOBAL_UNCERTAINTY_ASSIGNED_CONTEXT ( ( #8595 ) ) GLOBAL_UNIT_ASSIGNED_CONTEXT ( ( #2703, #3557, #5121 ) ) REPRESENTATION_CONTEXT ( 'NONE', 'WORKASPACE' ) );
#5302 =( LENGTH_UNIT ( ) NAMED_UNIT ( * ) SI_UNIT ( .MILLI., .METRE. ) );
#5303 = VECTOR ( 'NONE', #5626, 1000.000000000000000 ) ;
#5304 = DIRECTION ( 'NONE',  ( 0.000000000000000000, -0.000000000000000000, -1.000000000000000000 ) ) ;
#5305 = PRESENTATION_LAYER_ASSIGNMENT (  '', '', ( #1286 ) ) ;
#5306 = ORIENTED_EDGE ( 'NONE', *, *, #7319, .T. ) ;
#5307 = LINE ( 'NONE', #1320, #4862 ) ;
#5308 =( NAMED_UNIT ( * ) SI_UNIT ( $, .STERADIAN. ) SOLID_ANGLE_UNIT ( ) );
#5309 =( NAMED_UNIT ( * ) SI_UNIT ( $, .STERADIAN. ) SOLID_ANGLE_UNIT ( ) );
#5310 = FACE_OUTER_BOUND ( 'NONE', #3715, .T. ) ;
#5311 = LINE ( 'NONE', #1380, #6605 ) ;
#5312 = VERTEX_POINT ( 'NONE', #4727 ) ;
#5313 = CIRCLE ( 'NONE', #925, 0.04999999999996716793 ) ;
#5314 = MECHANICAL_DESIGN_GEOMETRIC_PRESENTATION_REPRESENTATION (  '', ( #2622 ), #5154 ) ;
#5315 = COLOUR_RGB ( '',0.7686274509803920907, 0.7686274509803920907, 0.7686274509803920907 ) ;
#5316 =( GEOMETRIC_REPRESENTATION_CONTEXT ( 3 ) GLOBAL_UNCERTAINTY_ASSIGNED_CONTEXT ( ( #56 ) ) GLOBAL_UNIT_ASSIGNED_CONTEXT ( ( #4107, #2430, #8802 ) ) REPRESENTATION_CONTEXT ( 'NONE', 'WORKASPACE' ) );
#5317 = ORIENTED_EDGE ( 'NONE', *, *, #496, .T. ) ;
#5318 =( NAMED_UNIT ( * ) PLANE_ANGLE_UNIT ( ) SI_UNIT ( $, .RADIAN. ) );
#5319 =( LENGTH_UNIT ( ) NAMED_UNIT ( * ) SI_UNIT ( .MILLI., .METRE. ) );
#5320 = COLOUR_RGB ( '',0.7686274509803920907, 0.7686274509803920907, 0.7686274509803920907 ) ;
#5321 = VECTOR ( 'NONE', #5000, 1000.000000000000000 ) ;
#5322 = VECTOR ( 'NONE', #6078, 1000.000000000000000 ) ;
#5323 = ORIENTED_EDGE ( 'NONE', *, *, #5982, .F. ) ;
#5324 = DIRECTION ( 'NONE',  ( 1.000000000000000000, 0.000000000000000000, 0.000000000000000000 ) ) ;
#5325 = ORIENTED_EDGE ( 'NONE', *, *, #4088, .F. ) ;
#5326 = ORIENTED_EDGE ( 'NONE', *, *, #4826, .T. ) ;
#5327 =( NAMED_UNIT ( * ) SI_UNIT ( $, .STERADIAN. ) SOLID_ANGLE_UNIT ( ) );
#5328 = FILL_AREA_STYLE ('',( #1282 ) ) ;
#5329 = DIRECTION ( 'NONE',  ( -0.000000000000000000, 1.000000000000000000, -0.000000000000000000 ) ) ;
#5330 = PLANE ( 'NONE',  #9036 ) ;
#5331 = UNCERTAINTY_MEASURE_WITH_UNIT (LENGTH_MEASURE( 1.000000000000000082E-05 ), #7709, 'distance_accuracy_value', 'NONE');
#5332 = MECHANICAL_DESIGN_GEOMETRIC_PRESENTATION_REPRESENTATION (  '', ( #786 ), #5826 ) ;
#5333 = EDGE_CURVE ( 'NONE', #2442, #6154, #4565, .T. ) ;
#5334 = AXIS2_PLACEMENT_3D ( 'NONE', #9974, #10079, #614 ) ;
#5335 = EDGE_CURVE ( 'NONE', #10069, #2494, #6220, .T. ) ;
#5336 = CARTESIAN_POINT ( 'NONE',  ( 1.249999999999967581, -0.05000000000000000278, -1.149999999999933964 ) ) ;
#5337 = SURFACE_STYLE_FILL_AREA ( #6075 ) ;
#5338 =( GEOMETRIC_REPRESENTATION_CONTEXT ( 3 ) GLOBAL_UNCERTAINTY_ASSIGNED_CONTEXT ( ( #4212 ) ) GLOBAL_UNIT_ASSIGNED_CONTEXT ( ( #8427, #7222, #7838 ) ) REPRESENTATION_CONTEXT ( 'NONE', 'WORKASPACE' ) );
#5339 = CARTESIAN_POINT ( 'NONE',  ( 2.050000000000000266, -0.05000000000000000278, -0.5000000000000000000 ) ) ;
#5340 = VERTEX_POINT ( 'NONE', #6197 ) ;
#5341 = VECTOR ( 'NONE', #8435, 1000.000000000000000 ) ;
#5342 = AXIS2_PLACEMENT_3D ( 'NONE', #855, #4077, #6585 ) ;
#5343 = CARTESIAN_POINT ( 'NONE',  ( -0.6999999999999793054, -0.05000000000000000278, -1.649999999999999911 ) ) ;
#5344 = CIRCLE ( 'NONE', #283, 0.04999999999999995420 ) ;
#5345 = FACE_OUTER_BOUND ( 'NONE', #519, .T. ) ;
#5346 = EDGE_CURVE ( 'NONE', #4267, #408, #5696, .T. ) ;
#5347 = ORIENTED_EDGE ( 'NONE', *, *, #207, .F. ) ;
#5348 = FILL_AREA_STYLE ('',( #3734 ) ) ;
#5349 = PRESENTATION_LAYER_ASSIGNMENT (  '', '', ( #7832 ) ) ;
#5350 = DIRECTION ( 'NONE',  ( 0.000000000000000000, -1.000000000000000000, 0.000000000000000000 ) ) ;
#5351 = VECTOR ( 'NONE', #7604, 1000.000000000000000 ) ;
#5352 = SURFACE_STYLE_FILL_AREA ( #6035 ) ;
#5353 = VECTOR ( 'NONE', #5069, 1000.000000000000000 ) ;
#5354 = VERTEX_POINT ( 'NONE', #6972 ) ;
#5355 = CARTESIAN_POINT ( 'NONE',  ( -2.000000000000000000, 0.1499999999999999944, -1.250000000000000444 ) ) ;
#5356 = DIRECTION ( 'NONE',  ( 0.000000000000000000, 0.000000000000000000, 1.000000000000000000 ) ) ;
#5357 = VERTEX_POINT ( 'NONE', #7082 ) ;
#5358 = UNCERTAINTY_MEASURE_WITH_UNIT (LENGTH_MEASURE( 1.000000000000000082E-05 ), #5875, 'distance_accuracy_value', 'NONE');
#5359 = PRESENTATION_STYLE_ASSIGNMENT (( #6093 ) ) ;
#5360 = DIRECTION ( 'NONE',  ( 0.000000000000000000, -1.000000000000000000, 0.000000000000000000 ) ) ;
#5361 = CARTESIAN_POINT ( 'NONE',  ( -1.149999999999979705, 0.000000000000000000, 1.649999999999966827 ) ) ;
#5362 = AXIS2_PLACEMENT_3D ( 'NONE', #1977, #2870, #1301 ) ;
#5363 = CIRCLE ( 'NONE', #7509, 0.04999999999996716793 ) ;
#5364 = DIRECTION ( 'NONE',  ( 1.000000000000000000, 0.000000000000000000, 1.445602896647339903E-16 ) ) ;
#5365 = SURFACE_STYLE_FILL_AREA ( #2159 ) ;
#5366 = ORIENTED_EDGE ( 'NONE', *, *, #3203, .T. ) ;
#5367 = DIRECTION ( 'NONE',  ( 1.000000000000000000, 0.000000000000000000, -0.000000000000000000 ) ) ;
#5368 = FILL_AREA_STYLE ('',( #6980 ) ) ;
#5369 = CARTESIAN_POINT ( 'NONE',  ( 1.250000000000000888, -0.05000000000000000278, -0.1000000000000000888 ) ) ;
#5370 = CARTESIAN_POINT ( 'NONE',  ( 0.3000000000000208611, -0.05000000000000000278, 1.649999999999999911 ) ) ;
#5371 = ORIENTED_EDGE ( 'NONE', *, *, #4986, .T. ) ;
#5372 = COLOUR_RGB ( '',0.7686274509803920907, 0.7686274509803920907, 0.7686274509803920907 ) ;
#5373 = COLOUR_RGB ( '',0.7686274509803920907, 0.7686274509803920907, 0.7686274509803920907 ) ;
#5374 = VERTEX_POINT ( 'NONE', #3846 ) ;
#5375 = UNCERTAINTY_MEASURE_WITH_UNIT (LENGTH_MEASURE( 1.000000000000000082E-05 ), #3197, 'distance_accuracy_value', 'NONE');
#5376 = DIRECTION ( 'NONE',  ( 1.000000000000000000, -0.000000000000000000, -0.000000000000000000 ) ) ;
#5377 = CARTESIAN_POINT ( 'NONE',  ( -1.150000000000021005, -0.05000000000000000278, 2.000000000000000000 ) ) ;
#5378 = DIRECTION ( 'NONE',  ( -1.000000000000000000, 0.000000000000000000, -0.000000000000000000 ) ) ;
#5379 = COLOUR_RGB ( '',0.7686274509803920907, 0.7686274509803920907, 0.7686274509803920907 ) ;
#5380 = VECTOR ( 'NONE', #1206, 1000.000000000000000 ) ;
#5381 = ORIENTED_EDGE ( 'NONE', *, *, #2514, .F. ) ;
#5382 = ADVANCED_FACE ( 'NONE', ( #2218 ), #3899, .T. ) ;
#5383 = DIRECTION ( 'NONE',  ( 0.000000000000000000, 0.000000000000000000, -1.000000000000000000 ) ) ;
#5384 = ADVANCED_FACE ( 'NONE', ( #1412 ), #9305, .F. ) ;
#5385 = SURFACE_STYLE_FILL_AREA ( #3809 ) ;
#5386 = VERTEX_POINT ( 'NONE', #9507 ) ;
#5387 = CARTESIAN_POINT ( 'NONE',  ( 0.3000000000000209166, -1.355252715606880543E-17, 2.000000000000000000 ) ) ;
#5388 = AXIS2_PLACEMENT_3D ( 'NONE', #4191, #271, #9742 ) ;
#5389 = AXIS2_PLACEMENT_3D ( 'NONE', #9232, #4402, #2068 ) ;
#5390 = ADVANCED_FACE ( 'NONE', ( #5020 ), #3434, .T. ) ;
#5391 = CARTESIAN_POINT ( 'NONE',  ( 2.050000000000000266, 0.1499999999999999944, 0.5000000000000001110 ) ) ;
#5392 = DIRECTION ( 'NONE',  ( 1.000000000000000000, 0.000000000000000000, 0.000000000000000000 ) ) ;
#5393 = FILL_AREA_STYLE ('',( #2197 ) ) ;
#5394 = LINE ( 'NONE', #8671, #4017 ) ;
#5395 = ORIENTED_EDGE ( 'NONE', *, *, #7776, .T. ) ;
#5396 = DIRECTION ( 'NONE',  ( -0.000000000000000000, -0.000000000000000000, -1.000000000000000000 ) ) ;
#5397 =( NAMED_UNIT ( * ) SI_UNIT ( $, .STERADIAN. ) SOLID_ANGLE_UNIT ( ) );
#5398 = CARTESIAN_POINT ( 'NONE',  ( 1.200000000000006839, -0.05000000000000000278, -1.249999999999999778 ) ) ;
#5399 =( LENGTH_UNIT ( ) NAMED_UNIT ( * ) SI_UNIT ( .MILLI., .METRE. ) );
#5400 = DIRECTION ( 'NONE',  ( 0.000000000000000000, 0.000000000000000000, 1.000000000000000000 ) ) ;
#5401 = CARTESIAN_POINT ( 'NONE',  ( 2.000000000000000000, 0.1499999999999999944, -0.2999999999999999334 ) ) ;
#5402 = ORIENTED_EDGE ( 'NONE', *, *, #3233, .F. ) ;
#5403 = CARTESIAN_POINT ( 'NONE',  ( -0.7499999999999462652, -0.05000000000000000278, -1.649999999999967049 ) ) ;
#5404 = CARTESIAN_POINT ( 'NONE',  ( 0.5000000000000208722, 0.1499999999999999944, 2.000000000000000000 ) ) ;
#5405 =( LENGTH_UNIT ( ) NAMED_UNIT ( * ) SI_UNIT ( .MILLI., .METRE. ) );
#5406 = ORIENTED_EDGE ( 'NONE', *, *, #6939, .F. ) ;
#5407 = ADVANCED_FACE ( 'NONE', ( #8247 ), #4911, .F. ) ;
#5408 = EDGE_CURVE ( 'NONE', #3986, #3977, #2701, .T. ) ;
#5409 = LINE ( 'NONE', #1373, #8970 ) ;
#5410 = CARTESIAN_POINT ( 'NONE',  ( 2.050000000000000266, 0.1499999999999999944, -0.6999999999999998446 ) ) ;
#5411 = CARTESIAN_POINT ( 'NONE',  ( 2.000000000000000000, 0.1499999999999999944, 1.300000000000000266 ) ) ;
#5412 = ORIENTED_EDGE ( 'NONE', *, *, #3914, .T. ) ;
#5413 =( LENGTH_UNIT ( ) NAMED_UNIT ( * ) SI_UNIT ( .MILLI., .METRE. ) );
#5414 = DIRECTION ( 'NONE',  ( -0.000000000000000000, -0.000000000000000000, 1.000000000000000000 ) ) ;
#5415 = PRESENTATION_STYLE_ASSIGNMENT (( #6982 ) ) ;
#5416 = VERTEX_POINT ( 'NONE', #5908 ) ;
#5417 = EDGE_LOOP ( 'NONE', ( #9370, #10280, #2932, #4231 ) ) ;
#5418 = DIRECTION ( 'NONE',  ( 1.000000000000000000, 0.000000000000000000, 0.000000000000000000 ) ) ;
#5419 = ORIENTED_EDGE ( 'NONE', *, *, #9142, .F. ) ;
#5420 = FILL_AREA_STYLE_COLOUR ( '', #9021 ) ;
#5421 = ORIENTED_EDGE ( 'NONE', *, *, #7767, .F. ) ;
#5422 = LINE ( 'NONE', #8603, #4811 ) ;
#5423 = EDGE_LOOP ( 'NONE', ( #5487, #6596, #2774, #9721 ) ) ;
#5424 = CARTESIAN_POINT ( 'NONE',  ( 2.050000000000000266, -0.05000000000000000278, 0.5000000000000001110 ) ) ;
#5425 = CARTESIAN_POINT ( 'NONE',  ( 1.250000000000009104, 0.000000000000000000, -0.7000000000000000666 ) ) ;
#5426 = EDGE_CURVE ( 'NONE', #5900, #182, #164, .T. ) ;
#5427 = PRESENTATION_STYLE_ASSIGNMENT (( #10062 ) ) ;
#5428 = CARTESIAN_POINT ( 'NONE',  ( 1.450000000000020828, 0.1499999999999999944, -2.050000000000000266 ) ) ;
#5429 = CARTESIAN_POINT ( 'NONE',  ( 0.4500000000000204947, 0.000000000000000000, 1.599999999999999645 ) ) ;
#5430 = CARTESIAN_POINT ( 'NONE',  ( 1.199999999999996403, -0.05000000000000000278, 1.150000000000000355 ) ) ;
#5431 = EDGE_CURVE ( 'NONE', #7951, #7855, #4962, .T. ) ;
#5432 = CARTESIAN_POINT ( 'NONE',  ( 0.4500000000000204947, -0.05000000000000000278, -1.599999999999999645 ) ) ;
#5433 = FILL_AREA_STYLE ('',( #2247 ) ) ;
#5434 = CARTESIAN_POINT ( 'NONE',  ( -0.5500000000000000444, -0.05000000000000000278, -0.1000000000000004774 ) ) ;
#5435 = ORIENTED_EDGE ( 'NONE', *, *, #474, .T. ) ;
#5436 =( LENGTH_UNIT ( ) NAMED_UNIT ( * ) SI_UNIT ( .MILLI., .METRE. ) );
#5437 = FILL_AREA_STYLE_COLOUR ( '', #5017 ) ;
#5438 = VECTOR ( 'NONE', #3635, 1000.000000000000000 ) ;
#5439 = SURFACE_STYLE_FILL_AREA ( #5348 ) ;
#5440 = SURFACE_STYLE_USAGE ( .BOTH. , #7074 ) ;
#5441 = DIRECTION ( 'NONE',  ( -1.000000000000000000, -0.000000000000000000, -0.000000000000000000 ) ) ;
#5442 = ORIENTED_EDGE ( 'NONE', *, *, #7924, .F. ) ;
#5443 = DIRECTION ( 'NONE',  ( -0.000000000000000000, 1.000000000000000000, -0.000000000000000000 ) ) ;
#5444 =( GEOMETRIC_REPRESENTATION_CONTEXT ( 3 ) GLOBAL_UNCERTAINTY_ASSIGNED_CONTEXT ( ( #7743 ) ) GLOBAL_UNIT_ASSIGNED_CONTEXT ( ( #1306, #9140, #9907 ) ) REPRESENTATION_CONTEXT ( 'NONE', 'WORKASPACE' ) );
#5445 = CARTESIAN_POINT ( 'NONE',  ( -0.4999999999999791833, 0.1499999999999999944, 2.050000000000000266 ) ) ;
#5446 = VERTEX_POINT ( 'NONE', #5118 ) ;
#5447 = FILL_AREA_STYLE ('',( #2261 ) ) ;
#5448 =( NAMED_UNIT ( * ) PLANE_ANGLE_UNIT ( ) SI_UNIT ( $, .RADIAN. ) );
#5449 = DIRECTION ( 'NONE',  ( 1.000000000000000000, 0.000000000000000000, 0.000000000000000000 ) ) ;
#5450 = MECHANICAL_DESIGN_GEOMETRIC_PRESENTATION_REPRESENTATION (  '', ( #1087 ), #9592 ) ;
#5451 = EDGE_LOOP ( 'NONE', ( #4852, #6935, #3587, #3055 ) ) ;
#5452 = LINE ( 'NONE', #1467, #3191 ) ;
#5453 = DIRECTION ( 'NONE',  ( -1.000000000000000000, 0.000000000000000000, 0.000000000000000000 ) ) ;
#5454 = ADVANCED_FACE ( 'NONE', ( #8305 ), #10282, .F. ) ;
#5455 = CARTESIAN_POINT ( 'NONE',  ( -0.5000000000000000000, -0.05000000000000000278, 0.09999999999999914513 ) ) ;
#5456 = ADVANCED_FACE ( 'NONE', ( #2906 ), #10104, .F. ) ;
#5457 = PRESENTATION_STYLE_ASSIGNMENT (( #5662 ) ) ;
#5458 = VERTEX_POINT ( 'NONE', #6745 ) ;
#5459 = VERTEX_POINT ( 'NONE', #9124 ) ;
#5460 = VECTOR ( 'NONE', #4179, 1000.000000000000000 ) ;
#5461 = UNCERTAINTY_MEASURE_WITH_UNIT (LENGTH_MEASURE( 1.000000000000000082E-05 ), #8389, 'distance_accuracy_value', 'NONE');
#5462 = CARTESIAN_POINT ( 'NONE',  ( -2.000000000000000000, 0.1499999999999999944, -0.7000000000000003997 ) ) ;
#5463 = VECTOR ( 'NONE', #3392, 1000.000000000000000 ) ;
#5464 = ORIENTED_EDGE ( 'NONE', *, *, #2157, .F. ) ;
#5465 = FILL_AREA_STYLE_COLOUR ( '', #6660 ) ;
#5466 = PLANE ( 'NONE',  #3346 ) ;
#5467 = ORIENTED_EDGE ( 'NONE', *, *, #442, .F. ) ;
#5468 = LINE ( 'NONE', #3108, #3411 ) ;
#5469 = VECTOR ( 'NONE', #881, 1000.000000000000000 ) ;
#5470 = MECHANICAL_DESIGN_GEOMETRIC_PRESENTATION_REPRESENTATION (  '', ( #6299 ), #8789 ) ;
#5471 = MECHANICAL_DESIGN_GEOMETRIC_PRESENTATION_REPRESENTATION (  '', ( #9125 ), #76 ) ;
#5472 = ORIENTED_EDGE ( 'NONE', *, *, #3511, .F. ) ;
#5473 = CARTESIAN_POINT ( 'NONE',  ( -0.4999999999999791833, -0.05000000000000000278, 2.000000000000002665 ) ) ;
#5474 = CARTESIAN_POINT ( 'NONE',  ( 0.8500000000000540457, -0.05000000000000000278, 1.649999999999967049 ) ) ;
#5475 = FACE_OUTER_BOUND ( 'NONE', #1891, .T. ) ;
#5476 = CARTESIAN_POINT ( 'NONE',  ( -2.000000000000000000, -0.05000000000000000278, 0.1499999999999994948 ) ) ;
#5477 = VECTOR ( 'NONE', #1868, 1000.000000000000000 ) ;
#5478 = SURFACE_STYLE_FILL_AREA ( #2191 ) ;
#5479 = LINE ( 'NONE', #2245, #1365 ) ;
#5480 = EDGE_CURVE ( 'NONE', #8097, #8393, #1190, .T. ) ;
#5481 = AXIS2_PLACEMENT_3D ( 'NONE', #2240, #2861, #9333 ) ;
#5482 = VECTOR ( 'NONE', #5882, 1000.000000000000000 ) ;
#5483 = CARTESIAN_POINT ( 'NONE',  ( 0.3000000000000209166, 0.1499999999999999944, 2.000000000000000000 ) ) ;
#5484 = DIRECTION ( 'NONE',  ( 1.000000000000000000, 0.000000000000000000, -0.000000000000000000 ) ) ;
#5485 = DIRECTION ( 'NONE',  ( -0.000000000000000000, -1.000000000000000000, -0.000000000000000000 ) ) ;
#5486 = SURFACE_STYLE_USAGE ( .BOTH. , #10167 ) ;
#5487 = ORIENTED_EDGE ( 'NONE', *, *, #7122, .T. ) ;
#5488 = LINE ( 'NONE', #3032, #7017 ) ;
#5489 = STYLED_ITEM ( 'NONE', ( #1896 ), #9350 ) ;
#5490 = VECTOR ( 'NONE', #1474, 1000.000000000000000 ) ;
#5491 = PRESENTATION_STYLE_ASSIGNMENT (( #9493 ) ) ;
#5492 =( GEOMETRIC_REPRESENTATION_CONTEXT ( 3 ) GLOBAL_UNCERTAINTY_ASSIGNED_CONTEXT ( ( #4097 ) ) GLOBAL_UNIT_ASSIGNED_CONTEXT ( ( #5405, #6193, #9359 ) ) REPRESENTATION_CONTEXT ( 'NONE', 'WORKASPACE' ) );
#5493 = ADVANCED_FACE ( 'NONE', ( #3602 ), #5330, .F. ) ;
#5494 =( NAMED_UNIT ( * ) PLANE_ANGLE_UNIT ( ) SI_UNIT ( $, .RADIAN. ) );
#5495 = EDGE_CURVE ( 'NONE', #5152, #9838, #1579, .T. ) ;
#5496 = DIRECTION ( 'NONE',  ( -1.000000000000000000, 0.000000000000000000, 0.000000000000000000 ) ) ;
#5497 = ORIENTED_EDGE ( 'NONE', *, *, #549, .F. ) ;
#5498 = AXIS2_PLACEMENT_3D ( 'NONE', #10135, #7639, #1255 ) ;
#5499 = CYLINDRICAL_SURFACE ( 'NONE', #6929, 0.05000000000000002359 ) ;
#5500 = COLOUR_RGB ( '',0.7686274509803920907, 0.7686274509803920907, 0.7686274509803920907 ) ;
#5501 = LINE ( 'NONE', #13, #2603 ) ;
#5502 = DIRECTION ( 'NONE',  ( 0.000000000000000000, -1.000000000000000000, 0.000000000000000000 ) ) ;
#5503 = MECHANICAL_DESIGN_GEOMETRIC_PRESENTATION_REPRESENTATION (  '', ( #629 ), #3171 ) ;
#5504 = ORIENTED_EDGE ( 'NONE', *, *, #6083, .T. ) ;
#5505 = DIRECTION ( 'NONE',  ( -1.000000000000000000, -0.000000000000000000, -0.000000000000000000 ) ) ;
#5506 =( LENGTH_UNIT ( ) NAMED_UNIT ( * ) SI_UNIT ( .MILLI., .METRE. ) );
#5507 =( NAMED_UNIT ( * ) SI_UNIT ( $, .STERADIAN. ) SOLID_ANGLE_UNIT ( ) );
#5508 = EDGE_CURVE ( 'NONE', #5239, #5116, #3185, .T. ) ;
#5509 = MECHANICAL_DESIGN_GEOMETRIC_PRESENTATION_REPRESENTATION (  '', ( #8674 ), #1146 ) ;
#5510 = ORIENTED_EDGE ( 'NONE', *, *, #3880, .F. ) ;
#5511 = PLANE ( 'NONE',  #8364 ) ;
#5512 = SURFACE_SIDE_STYLE ('',( #716 ) ) ;
#5513 = SURFACE_STYLE_USAGE ( .BOTH. , #6932 ) ;
#5514 = FACE_OUTER_BOUND ( 'NONE', #6036, .T. ) ;
#5515 = ORIENTED_EDGE ( 'NONE', *, *, #6551, .F. ) ;
#5516 = VERTEX_POINT ( 'NONE', #8723 ) ;
#5517 = STYLED_ITEM ( 'NONE', ( #3151 ), #9696 ) ;
#5518 = AXIS2_PLACEMENT_3D ( 'NONE', #1127, #9947, #9120 ) ;
#5519 = FILL_AREA_STYLE ('',( #6300 ) ) ;
#5520 = ORIENTED_EDGE ( 'NONE', *, *, #6292, .T. ) ;
#5521 = DIRECTION ( 'NONE',  ( -0.000000000000000000, -1.000000000000000000, 0.000000000000000000 ) ) ;
#5522 = VECTOR ( 'NONE', #3373, 1000.000000000000000 ) ;
#5523 = DIRECTION ( 'NONE',  ( 1.183329228255495291E-13, 0.000000000000000000, 1.000000000000000000 ) ) ;
#5524 = CARTESIAN_POINT ( 'NONE',  ( -2.050000000000000266, -0.05000000000000000278, -0.9500000000000005107 ) ) ;
#5525 = ORIENTED_EDGE ( 'NONE', *, *, #911, .F. ) ;
#5526 = DIRECTION ( 'NONE',  ( -0.000000000000000000, -1.000000000000000000, -0.000000000000000000 ) ) ;
#5527 =( GEOMETRIC_REPRESENTATION_CONTEXT ( 3 ) GLOBAL_UNCERTAINTY_ASSIGNED_CONTEXT ( ( #10106 ) ) GLOBAL_UNIT_ASSIGNED_CONTEXT ( ( #1202, #3674, #5397 ) ) REPRESENTATION_CONTEXT ( 'NONE', 'WORKASPACE' ) );
#5528 = PRESENTATION_LAYER_ASSIGNMENT (  '', '', ( #4857 ) ) ;
#5529 = VECTOR ( 'NONE', #8288, 1000.000000000000000 ) ;
#5530 = PRESENTATION_STYLE_ASSIGNMENT (( #7913 ) ) ;
#5531 = VECTOR ( 'NONE', #7865, 1000.000000000000000 ) ;
#5532 = SURFACE_STYLE_FILL_AREA ( #7100 ) ;
#5533 = VERTEX_POINT ( 'NONE', #2287 ) ;
#5534 = SURFACE_STYLE_USAGE ( .BOTH. , #7966 ) ;
#5535 = PLANE ( 'NONE',  #9832 ) ;
#5536 = VECTOR ( 'NONE', #6303, 1000.000000000000000 ) ;
#5537 = EDGE_CURVE ( 'NONE', #7271, #8469, #9479, .T. ) ;
#5538 =( GEOMETRIC_REPRESENTATION_CONTEXT ( 3 ) GLOBAL_UNCERTAINTY_ASSIGNED_CONTEXT ( ( #198 ) ) GLOBAL_UNIT_ASSIGNED_CONTEXT ( ( #9057, #7851, #1415 ) ) REPRESENTATION_CONTEXT ( 'NONE', 'WORKASPACE' ) );
#5539 = ADVANCED_FACE ( 'NONE', ( #1395 ), #3018, .T. ) ;
#5540 = AXIS2_PLACEMENT_3D ( 'NONE', #9513, #4832, #2221 ) ;
#5541 = MECHANICAL_DESIGN_GEOMETRIC_PRESENTATION_REPRESENTATION (  '', ( #657 ), #2196 ) ;
#5542 = CARTESIAN_POINT ( 'NONE',  ( 2.050000000000000266, 0.1499999999999999944, -0.2999999999999999334 ) ) ;
#5543 = DIRECTION ( 'NONE',  ( 0.000000000000000000, 0.000000000000000000, -1.000000000000000000 ) ) ;
#5544 = STYLED_ITEM ( 'NONE', ( #2564 ), #2397 ) ;
#5545 = AXIS2_PLACEMENT_3D ( 'NONE', #10214, #9382, #6267 ) ;
#5546 = FACE_OUTER_BOUND ( 'NONE', #7619, .T. ) ;
#5547 = SURFACE_STYLE_USAGE ( .BOTH. , #9541 ) ;
#5548 = ORIENTED_EDGE ( 'NONE', *, *, #1212, .T. ) ;
#5549 = SURFACE_STYLE_USAGE ( .BOTH. , #3930 ) ;
#5550 = MECHANICAL_DESIGN_GEOMETRIC_PRESENTATION_REPRESENTATION (  '', ( #10029 ), #1017 ) ;
#5551 = LINE ( 'NONE', #10171, #7187 ) ;
#5552 = AXIS2_PLACEMENT_3D ( 'NONE', #5994, #4429, #1259 ) ;
#5553 = LINE ( 'NONE', #4762, #1435 ) ;
#5554 = VERTEX_POINT ( 'NONE', #584 ) ;
#5555 = FILL_AREA_STYLE_COLOUR ( '', #4843 ) ;
#5556 = CARTESIAN_POINT ( 'NONE',  ( 2.000000000000000000, 0.1499999999999999944, 0.9000000000000002442 ) ) ;
#5557 =( NAMED_UNIT ( * ) PLANE_ANGLE_UNIT ( ) SI_UNIT ( $, .RADIAN. ) );
#5558 = VERTEX_POINT ( 'NONE', #2241 ) ;
#5559 = UNCERTAINTY_MEASURE_WITH_UNIT (LENGTH_MEASURE( 1.000000000000000082E-05 ), #5506, 'distance_accuracy_value', 'NONE');
#5560 = SURFACE_STYLE_FILL_AREA ( #1660 ) ;
#5561 =( LENGTH_UNIT ( ) NAMED_UNIT ( * ) SI_UNIT ( .MILLI., .METRE. ) );
#5562 = EDGE_CURVE ( 'NONE', #4930, #363, #10373, .T. ) ;
#5563 = FILL_AREA_STYLE ('',( #7225 ) ) ;
#5564 = ORIENTED_EDGE ( 'NONE', *, *, #7657, .F. ) ;
#5565 = CARTESIAN_POINT ( 'NONE',  ( -2.050000000000000266, 0.000000000000000000, 0.000000000000000000 ) ) ;
#5566 = DIRECTION ( 'NONE',  ( 0.000000000000000000, -1.000000000000000000, 0.000000000000000000 ) ) ;
#5567 =( LENGTH_UNIT ( ) NAMED_UNIT ( * ) SI_UNIT ( .MILLI., .METRE. ) );
#5568 = LINE ( 'NONE', #3161, #7926 ) ;
#5569 = ORIENTED_EDGE ( 'NONE', *, *, #8906, .T. ) ;
#5570 = EDGE_CURVE ( 'NONE', #3038, #7477, #6420, .T. ) ;
#5571 = VERTEX_POINT ( 'NONE', #4587 ) ;
#5572 = VERTEX_POINT ( 'NONE', #2438 ) ;
#5573 = DIRECTION ( 'NONE',  ( -4.394632805807644776E-14, 0.000000000000000000, -1.000000000000000000 ) ) ;
#5574 = SURFACE_STYLE_USAGE ( .BOTH. , #2533 ) ;
#5575 = VERTEX_POINT ( 'NONE', #3070 ) ;
#5576 =( NAMED_UNIT ( * ) SI_UNIT ( $, .STERADIAN. ) SOLID_ANGLE_UNIT ( ) );
#5577 = FILL_AREA_STYLE ('',( #1571 ) ) ;
#5578 = EDGE_LOOP ( 'NONE', ( #9360, #4847, #7850, #986 ) ) ;
#5579 = CARTESIAN_POINT ( 'NONE',  ( 0.05000000000005389023, -0.05000000000000000278, 1.649999999999967049 ) ) ;
#5580 = DIRECTION ( 'NONE',  ( -1.000000000000000000, 0.000000000000000000, 0.000000000000000000 ) ) ;
#5581 = CARTESIAN_POINT ( 'NONE',  ( 0.7499999999999878986, -0.05000000000000000278, -1.649999999999967049 ) ) ;
#5582 = DIRECTION ( 'NONE',  ( 0.000000000000000000, 0.000000000000000000, -1.000000000000000000 ) ) ;
#5583 =( LENGTH_UNIT ( ) NAMED_UNIT ( * ) SI_UNIT ( .MILLI., .METRE. ) );
#5584 = LINE ( 'NONE', #3072, #331 ) ;
#5585 = EDGE_CURVE ( 'NONE', #6620, #2527, #3874, .T. ) ;
#5586 = DIRECTION ( 'NONE',  ( -1.000000000000000000, 0.000000000000000000, 0.000000000000000000 ) ) ;
#5587 =( NAMED_UNIT ( * ) PLANE_ANGLE_UNIT ( ) SI_UNIT ( $, .RADIAN. ) );
#5588 = LINE ( 'NONE', #1543, #9607 ) ;
#5589 = CIRCLE ( 'NONE', #9730, 0.04999999999996716793 ) ;
#5590 = ORIENTED_EDGE ( 'NONE', *, *, #263, .T. ) ;
#5591 = CARTESIAN_POINT ( 'NONE',  ( 1.250000000000009104, -0.05000000000000000278, -0.9000000000000001332 ) ) ;
#5592 = DIRECTION ( 'NONE',  ( 0.000000000000000000, 0.000000000000000000, -1.000000000000000000 ) ) ;
#5593 =( NAMED_UNIT ( * ) PLANE_ANGLE_UNIT ( ) SI_UNIT ( $, .RADIAN. ) );
#5594 = DIRECTION ( 'NONE',  ( -0.000000000000000000, 1.000000000000000000, -0.000000000000000000 ) ) ;
#5595 = SURFACE_STYLE_USAGE ( .BOTH. , #3985 ) ;
#5596 = ORIENTED_EDGE ( 'NONE', *, *, #1863, .F. ) ;
#5597 = LINE ( 'NONE', #8737, #2281 ) ;
#5598 = CARTESIAN_POINT ( 'NONE',  ( -2.050000000000000266, 0.1499999999999999944, -0.1500000000000003830 ) ) ;
#5599 = VERTEX_POINT ( 'NONE', #6226 ) ;
#5600 = ORIENTED_EDGE ( 'NONE', *, *, #8039, .F. ) ;
#5601 =( NAMED_UNIT ( * ) SI_UNIT ( $, .STERADIAN. ) SOLID_ANGLE_UNIT ( ) );
#5602 = CARTESIAN_POINT ( 'NONE',  ( 1.450000000000020828, -0.05000000000000000278, -2.050000000000000266 ) ) ;
#5603 =( NAMED_UNIT ( * ) PLANE_ANGLE_UNIT ( ) SI_UNIT ( $, .RADIAN. ) );
#5604 = SURFACE_STYLE_USAGE ( .BOTH. , #9559 ) ;
#5605 = EDGE_CURVE ( 'NONE', #5190, #4769, #1359, .T. ) ;
#5606 = ORIENTED_EDGE ( 'NONE', *, *, #6396, .T. ) ;
#5607 = ORIENTED_EDGE ( 'NONE', *, *, #9038, .T. ) ;
#5608 = FACE_OUTER_BOUND ( 'NONE', #6995, .T. ) ;
#5609 = VERTEX_POINT ( 'NONE', #5428 ) ;
#5610 = DIRECTION ( 'NONE',  ( -0.000000000000000000, 1.000000000000000000, -0.000000000000000000 ) ) ;
#5611 = LINE ( 'NONE', #2532, #8988 ) ;
#5612 = ORIENTED_EDGE ( 'NONE', *, *, #3632, .T. ) ;
#5613 = PLANE ( 'NONE',  #3513 ) ;
#5614 = ADVANCED_FACE ( 'NONE', ( #8607 ), #1491, .F. ) ;
#5615 =( GEOMETRIC_REPRESENTATION_CONTEXT ( 3 ) GLOBAL_UNCERTAINTY_ASSIGNED_CONTEXT ( ( #909 ) ) GLOBAL_UNIT_ASSIGNED_CONTEXT ( ( #6592, #9704, #115 ) ) REPRESENTATION_CONTEXT ( 'NONE', 'WORKASPACE' ) );
#5616 = AXIS2_PLACEMENT_3D ( 'NONE', #10067, #9280, #3559 ) ;
#5617 = FACE_OUTER_BOUND ( 'NONE', #9226, .T. ) ;
#5618 = VERTEX_POINT ( 'NONE', #3422 ) ;
#5619 = CYLINDRICAL_SURFACE ( 'NONE', #1801, 0.04999999999996716793 ) ;
#5620 = CARTESIAN_POINT ( 'NONE',  ( -0.5000000000000018874, -0.05000000000000000278, 0.4499999999999999001 ) ) ;
#5621 = AXIS2_PLACEMENT_3D ( 'NONE', #7250, #5852, #1805 ) ;
#5622 = VECTOR ( 'NONE', #2128, 1000.000000000000000 ) ;
#5623 = EDGE_CURVE ( 'NONE', #5312, #458, #1851, .T. ) ;
#5624 = MECHANICAL_DESIGN_GEOMETRIC_PRESENTATION_REPRESENTATION (  '', ( #3978 ), #5316 ) ;
#5625 = SURFACE_SIDE_STYLE ('',( #8869 ) ) ;
#5626 = DIRECTION ( 'NONE',  ( -0.000000000000000000, 1.000000000000000000, -0.000000000000000000 ) ) ;
#5627 = VECTOR ( 'NONE', #2738, 1000.000000000000000 ) ;
#5628 = FACE_OUTER_BOUND ( 'NONE', #7532, .T. ) ;
#5629 = COLOUR_RGB ( '',0.7686274509803920907, 0.7686274509803920907, 0.7686274509803920907 ) ;
#5630 = PRESENTATION_LAYER_ASSIGNMENT (  '', '', ( #9129 ) ) ;
#5631 = LINE ( 'NONE', #5068, #5786 ) ;
#5632 = LINE ( 'NONE', #8242, #6509 ) ;
#5633 = ORIENTED_EDGE ( 'NONE', *, *, #5346, .T. ) ;
#5634 =( GEOMETRIC_REPRESENTATION_CONTEXT ( 3 ) GLOBAL_UNCERTAINTY_ASSIGNED_CONTEXT ( ( #5981 ) ) GLOBAL_UNIT_ASSIGNED_CONTEXT ( ( #9282, #7571, #3728 ) ) REPRESENTATION_CONTEXT ( 'NONE', 'WORKASPACE' ) );
#5635 =( NAMED_UNIT ( * ) PLANE_ANGLE_UNIT ( ) SI_UNIT ( $, .RADIAN. ) );
#5636 = EDGE_CURVE ( 'NONE', #4174, #458, #1794, .T. ) ;
#5637 =( LENGTH_UNIT ( ) NAMED_UNIT ( * ) SI_UNIT ( .MILLI., .METRE. ) );
#5638 = STYLED_ITEM ( 'NONE', ( #898 ), #9060 ) ;
#5639 = COLOUR_RGB ( '',0.000000000000000000, 0.000000000000000000, 0.000000000000000000 ) ;
#5640 =( NAMED_UNIT ( * ) PLANE_ANGLE_UNIT ( ) SI_UNIT ( $, .RADIAN. ) );
#5641 = VECTOR ( 'NONE', #8406, 1000.000000000000000 ) ;
#5642 = FACE_OUTER_BOUND ( 'NONE', #9978, .T. ) ;
#5643 = DIRECTION ( 'NONE',  ( -0.000000000000000000, 1.000000000000000000, -0.000000000000000000 ) ) ;
#5644 = LINE ( 'NONE', #4242, #5477 ) ;
#5645 = LINE ( 'NONE', #5445, #2938 ) ;
#5646 = CARTESIAN_POINT ( 'NONE',  ( -0.2999999999999792277, 0.000000000000000000, -2.000000000000002220 ) ) ;
#5647 = ORIENTED_EDGE ( 'NONE', *, *, #7842, .F. ) ;
#5648 = STYLED_ITEM ( 'NONE', ( #6370 ), #9336 ) ;
#5649 = UNCERTAINTY_MEASURE_WITH_UNIT (LENGTH_MEASURE( 1.000000000000000082E-05 ), #4008, 'distance_accuracy_value', 'NONE');
#5650 = AXIS2_PLACEMENT_3D ( 'NONE', #9461, #10245, #3100 ) ;
#5651 = CARTESIAN_POINT ( 'NONE',  ( -0.6999999999999791944, 0.1499999999999999944, 2.050000000000000266 ) ) ;
#5652 = COLOUR_RGB ( '',0.7686274509803920907, 0.7686274509803920907, 0.7686274509803920907 ) ;
#5653 = EDGE_CURVE ( 'NONE', #7374, #8486, #39, .T. ) ;
#5654 = EDGE_CURVE ( 'NONE', #221, #5190, #5003, .T. ) ;
#5655 = FACE_OUTER_BOUND ( 'NONE', #5423, .T. ) ;
#5656 = EDGE_LOOP ( 'NONE', ( #9249, #4522, #5435, #1560, #9215, #7494, #1617, #4650, #1364, #4681, #9070, #2510, #6717, #5395, #4512, #10236, #7835, #1658, #3295, #4432, #7048, #2724, #5828, #9705, #2692, #4086, #4615, #5056, #1327, #1828, #5292, #1430 ) ) ;
#5657 = SURFACE_STYLE_FILL_AREA ( #4773 ) ;
#5658 = PRESENTATION_LAYER_ASSIGNMENT (  '', '', ( #6327 ) ) ;
#5659 =( NAMED_UNIT ( * ) PLANE_ANGLE_UNIT ( ) SI_UNIT ( $, .RADIAN. ) );
#5660 = MECHANICAL_DESIGN_GEOMETRIC_PRESENTATION_REPRESENTATION (  '', ( #10308 ), #2339 ) ;
#5661 = CARTESIAN_POINT ( 'NONE',  ( 1.450000000000020828, 0.1499999999999999944, 2.050000000000000266 ) ) ;
#5662 = SURFACE_STYLE_USAGE ( .BOTH. , #8744 ) ;
#5663 = AXIS2_PLACEMENT_3D ( 'NONE', #6025, #8468, #4451 ) ;
#5664 = EDGE_LOOP ( 'NONE', ( #1897, #1959, #357, #5548, #4291, #8977 ) ) ;
#5665 = ORIENTED_EDGE ( 'NONE', *, *, #2579, .T. ) ;
#5666 = UNCERTAINTY_MEASURE_WITH_UNIT (LENGTH_MEASURE( 1.000000000000000082E-05 ), #3812, 'distance_accuracy_value', 'NONE');
#5667 = PRESENTATION_STYLE_ASSIGNMENT (( #1678 ) ) ;
#5668 = CARTESIAN_POINT ( 'NONE',  ( 1.199999999999997735, -0.05000000000000000278, 0.7500000000000003331 ) ) ;
#5669 = ORIENTED_EDGE ( 'NONE', *, *, #2256, .F. ) ;
#5670 = SURFACE_STYLE_USAGE ( .BOTH. , #8103 ) ;
#5671 = DIRECTION ( 'NONE',  ( 0.000000000000000000, 0.000000000000000000, -1.000000000000000000 ) ) ;
#5672 = PRESENTATION_LAYER_ASSIGNMENT (  '', '', ( #8674 ) ) ;
#5673 = CARTESIAN_POINT ( 'NONE',  ( 2.050000000000000266, -0.05000000000000000278, 0.3000000000000000444 ) ) ;
#5674 = CARTESIAN_POINT ( 'NONE',  ( 0.1000000000000208639, -0.05000000000000000278, 2.050000000000000266 ) ) ;
#5675 = VERTEX_POINT ( 'NONE', #3482 ) ;
#5676 = CARTESIAN_POINT ( 'NONE',  ( 0.8500000000000540457, -0.05000000000000000278, 1.649999999999967049 ) ) ;
#5677 = SURFACE_SIDE_STYLE ('',( #6362 ) ) ;
#5678 = MECHANICAL_DESIGN_GEOMETRIC_PRESENTATION_REPRESENTATION (  '', ( #7339 ), #7022 ) ;
#5679 = VERTEX_POINT ( 'NONE', #1012 ) ;
#5680 = CARTESIAN_POINT ( 'NONE',  ( 2.000000000000004885, 0.000000000000000000, -0.3000000000000000444 ) ) ;
#5681 = PLANE ( 'NONE',  #9788 ) ;
#5682 = LINE ( 'NONE', #1687, #3860 ) ;
#5683 = PLANE ( 'NONE',  #4490 ) ;
#5684 = SURFACE_STYLE_FILL_AREA ( #2485 ) ;
#5685 = ADVANCED_FACE ( 'NONE', ( #8181 ), #4947, .F. ) ;
#5686 = ADVANCED_FACE ( 'NONE', ( #1732 ), #9627, .F. ) ;
#5687 = COLOUR_RGB ( '',0.7686274509803920907, 0.7686274509803920907, 0.7686274509803920907 ) ;
#5688 = CARTESIAN_POINT ( 'NONE',  ( -2.000000000000000000, 0.1499999999999999944, -0.4000000000000005218 ) ) ;
#5689 = LINE ( 'NONE', #8913, #2694 ) ;
#5690 = SURFACE_SIDE_STYLE ('',( #796 ) ) ;
#5691 = AXIS2_PLACEMENT_3D ( 'NONE', #836, #7274, #4787 ) ;
#5692 = SURFACE_STYLE_FILL_AREA ( #6471 ) ;
#5693 = EDGE_CURVE ( 'NONE', #1902, #7564, #1114, .T. ) ;
#5694 = MECHANICAL_DESIGN_GEOMETRIC_PRESENTATION_REPRESENTATION (  '', ( #10174 ), #6210 ) ;
#5695 = CARTESIAN_POINT ( 'NONE',  ( 2.000000000000000000, 0.000000000000000000, -2.000000000000000000 ) ) ;
#5696 = CIRCLE ( 'NONE', #3713, 0.04999999999999996808 ) ;
#5697 = ORIENTED_EDGE ( 'NONE', *, *, #4723, .F. ) ;
#5698 = SURFACE_SIDE_STYLE ('',( #5071 ) ) ;
#5699 = FILL_AREA_STYLE ('',( #5021 ) ) ;
#5700 =( GEOMETRIC_REPRESENTATION_CONTEXT ( 3 ) GLOBAL_UNCERTAINTY_ASSIGNED_CONTEXT ( ( #891 ) ) GLOBAL_UNIT_ASSIGNED_CONTEXT ( ( #2045, #4567, #1316 ) ) REPRESENTATION_CONTEXT ( 'NONE', 'WORKASPACE' ) );
#5701 = VECTOR ( 'NONE', #3567, 1000.000000000000000 ) ;
#5702 = FACE_OUTER_BOUND ( 'NONE', #9064, .T. ) ;
#5703 = MECHANICAL_DESIGN_GEOMETRIC_PRESENTATION_REPRESENTATION (  '', ( #7526 ), #5215 ) ;
#5704 = CARTESIAN_POINT ( 'NONE',  ( -0.4999999999999791833, -0.05000000000000000278, 2.050000000000000266 ) ) ;
#5705 = STYLED_ITEM ( 'NONE', ( #2552 ), #5407 ) ;
#5706 = SURFACE_STYLE_USAGE ( .BOTH. , #2502 ) ;
#5707 = DIRECTION ( 'NONE',  ( 0.000000000000000000, -1.000000000000000000, 0.000000000000000000 ) ) ;
#5708 = LINE ( 'NONE', #4243, #8457 ) ;
#5709 = PRESENTATION_STYLE_ASSIGNMENT (( #4199 ) ) ;
#5710 = ORIENTED_EDGE ( 'NONE', *, *, #4317, .F. ) ;
#5711 = AXIS2_PLACEMENT_3D ( 'NONE', #3436, #8145, #215 ) ;
#5712 = FILL_AREA_STYLE_COLOUR ( '', #802 ) ;
#5713 = ORIENTED_EDGE ( 'NONE', *, *, #10266, .F. ) ;
#5714 = SURFACE_STYLE_FILL_AREA ( #4049 ) ;
#5715 = DIRECTION ( 'NONE',  ( 1.000000000000000000, 0.000000000000000000, -0.000000000000000000 ) ) ;
#5716 =( NAMED_UNIT ( * ) SI_UNIT ( $, .STERADIAN. ) SOLID_ANGLE_UNIT ( ) );
#5717 = CARTESIAN_POINT ( 'NONE',  ( -2.050000000000000266, 0.1499999999999999944, -1.250000000000000444 ) ) ;
#5718 = EDGE_LOOP ( 'NONE', ( #6561, #2523, #5157, #7403, #2563, #4673 ) ) ;
#5719 = EDGE_CURVE ( 'NONE', #2736, #9081, #4329, .T. ) ;
#5720 = FILL_AREA_STYLE_COLOUR ( '', #816 ) ;
#5721 = EDGE_CURVE ( 'NONE', #9063, #257, #5225, .T. ) ;
#5722 = ORIENTED_EDGE ( 'NONE', *, *, #6140, .T. ) ;
#5723 = CARTESIAN_POINT ( 'NONE',  ( -1.999999999999988676, 0.000000000000000000, -1.250000000000000444 ) ) ;
#5724 = CARTESIAN_POINT ( 'NONE',  ( -1.199999999999946443, 0.000000000000000000, -1.599999999999999867 ) ) ;
#5725 = ORIENTED_EDGE ( 'NONE', *, *, #1670, .T. ) ;
#5726 = SURFACE_STYLE_FILL_AREA ( #777 ) ;
#5727 = FILL_AREA_STYLE_COLOUR ( '', #298 ) ;
#5728 = DIRECTION ( 'NONE',  ( -0.000000000000000000, -1.000000000000000000, -0.000000000000000000 ) ) ;
#5729 = ORIENTED_EDGE ( 'NONE', *, *, #6179, .F. ) ;
#5730 = CARTESIAN_POINT ( 'NONE',  ( 2.000000000000000000, 0.000000000000000000, 0.7000000000000000666 ) ) ;
#5731 = SURFACE_STYLE_FILL_AREA ( #1785 ) ;
#5732 = VERTEX_POINT ( 'NONE', #415 ) ;
#5733 = PLANE ( 'NONE',  #4152 ) ;
#5734 = PRESENTATION_STYLE_ASSIGNMENT (( #5773 ) ) ;
#5735 =( NAMED_UNIT ( * ) PLANE_ANGLE_UNIT ( ) SI_UNIT ( $, .RADIAN. ) );
#5736 = EDGE_CURVE ( 'NONE', #1242, #4796, #316, .T. ) ;
#5737 = ORIENTED_EDGE ( 'NONE', *, *, #7979, .T. ) ;
#5738 = LINE ( 'NONE', #155, #8391 ) ;
#5739 = CARTESIAN_POINT ( 'NONE',  ( 1.250000000000005107, -0.05000000000000000278, -0.5000000000000001110 ) ) ;
#5740 = EDGE_CURVE ( 'NONE', #2059, #6102, #2782, .T. ) ;
#5741 =( LENGTH_UNIT ( ) NAMED_UNIT ( * ) SI_UNIT ( .MILLI., .METRE. ) );
#5742 = SURFACE_STYLE_FILL_AREA ( #5433 ) ;
#5743 = CARTESIAN_POINT ( 'NONE',  ( -0.7499999999999793499, -0.05000000000000000278, -1.599999999999999867 ) ) ;
#5744 = EDGE_LOOP ( 'NONE', ( #9011, #5515, #5472, #595, #9595, #5096 ) ) ;
#5745 = CARTESIAN_POINT ( 'NONE',  ( 0.3499999999999878209, -0.05000000000000000278, -1.649999999999967049 ) ) ;
#5746 = CARTESIAN_POINT ( 'NONE',  ( 1.249999999999967581, -0.05000000000000000278, -1.299999999999967182 ) ) ;
#5747 = FACE_OUTER_BOUND ( 'NONE', #5770, .T. ) ;
#5748 = EDGE_CURVE ( 'NONE', #9110, #1332, #9108, .T. ) ;
#5749 = FILL_AREA_STYLE ('',( #8248 ) ) ;
#5750 = LINE ( 'NONE', #6591, #5812 ) ;
#5752 = ORIENTED_EDGE ( 'NONE', *, *, #8060, .F. ) ;
#5751 = CARTESIAN_POINT ( 'NONE',  ( 1.199999999999997735, -0.05000000000000000278, 0.7500000000000003331 ) ) ;
#5753 = ORIENTED_EDGE ( 'NONE', *, *, #2919, .F. ) ;
#5754 = PRESENTATION_STYLE_ASSIGNMENT (( #1083 ) ) ;
#5755 = EDGE_CURVE ( 'NONE', #5679, #2716, #2733, .T. ) ;
#5756 = ORIENTED_EDGE ( 'NONE', *, *, #8954, .T. ) ;
#5757 = LINE ( 'NONE', #9711, #320 ) ;
#5758 = LINE ( 'NONE', #3453, #1256 ) ;
#5759 = ORIENTED_EDGE ( 'NONE', *, *, #615, .F. ) ;
#5760 = VERTEX_POINT ( 'NONE', #3644 ) ;
#5761 =( NAMED_UNIT ( * ) PLANE_ANGLE_UNIT ( ) SI_UNIT ( $, .RADIAN. ) );
#5762 =( NAMED_UNIT ( * ) PLANE_ANGLE_UNIT ( ) SI_UNIT ( $, .RADIAN. ) );
#5763 = CARTESIAN_POINT ( 'NONE',  ( 2.050000000000000266, 0.000000000000000000, 0.000000000000000000 ) ) ;
#5764 = CARTESIAN_POINT ( 'NONE',  ( -2.000000000000000000, 0.1499999999999999944, -0.1500000000000003830 ) ) ;
#5765 = ADVANCED_FACE ( 'NONE', ( #1947 ), #3699, .F. ) ;
#5766 = MECHANICAL_DESIGN_GEOMETRIC_PRESENTATION_REPRESENTATION (  '', ( #8931 ), #1736 ) ;
#5767 = ADVANCED_FACE ( 'NONE', ( #5936 ), #2934, .T. ) ;
#5768 = EDGE_LOOP ( 'NONE', ( #10057, #4108, #4410, #10352, #10289, #8748 ) ) ;
#5769 = DIRECTION ( 'NONE',  ( 0.000000000000000000, -1.000000000000000000, 0.000000000000000000 ) ) ;
#5770 = EDGE_LOOP ( 'NONE', ( #9759, #2046, #5821, #4466, #7905, #5175 ) ) ;
#5771 = FACE_OUTER_BOUND ( 'NONE', #2917, .T. ) ;
#5772 = STYLED_ITEM ( 'NONE', ( #920 ), #6647 ) ;
#5773 = SURFACE_STYLE_USAGE ( .BOTH. , #4113 ) ;
#5774 =( NAMED_UNIT ( * ) SI_UNIT ( $, .STERADIAN. ) SOLID_ANGLE_UNIT ( ) );
#5775 = EDGE_CURVE ( 'NONE', #8842, #3427, #6051, .T. ) ;
#5776 = VERTEX_POINT ( 'NONE', #2096 ) ;
#5777 = PRESENTATION_LAYER_ASSIGNMENT (  '', '', ( #7124 ) ) ;
#5778 =( GEOMETRIC_REPRESENTATION_CONTEXT ( 3 ) GLOBAL_UNCERTAINTY_ASSIGNED_CONTEXT ( ( #1383 ) ) GLOBAL_UNIT_ASSIGNED_CONTEXT ( ( #8731, #8678, #2251 ) ) REPRESENTATION_CONTEXT ( 'NONE', 'WORKASPACE' ) );
#5779 = STYLED_ITEM ( 'NONE', ( #2454 ), #7026 ) ;
#5780 = ORIENTED_EDGE ( 'NONE', *, *, #5955, .T. ) ;
#5781 = LINE ( 'NONE', #7505, #7454 ) ;
#5782 = DIRECTION ( 'NONE',  ( -0.000000000000000000, 1.000000000000000000, -0.000000000000000000 ) ) ;
#5783 = CARTESIAN_POINT ( 'NONE',  ( -0.4999999999999791833, -0.05000000000000000278, 2.000000000000002665 ) ) ;
#5784 = LINE ( 'NONE', #8965, #3506 ) ;
#5785 = ORIENTED_EDGE ( 'NONE', *, *, #699, .F. ) ;
#5786 = VECTOR ( 'NONE', #8035, 1000.000000000000000 ) ;
#5787 = DIRECTION ( 'NONE',  ( 0.000000000000000000, 0.000000000000000000, 1.000000000000000000 ) ) ;
#5789 = VECTOR ( 'NONE', #9485, 1000.000000000000000 ) ;
#5788 = DIRECTION ( 'NONE',  ( 0.000000000000000000, -1.000000000000000000, 0.000000000000000000 ) ) ;
#5790 = FILL_AREA_STYLE_COLOUR ( '', #8700 ) ;
#5791 = FILL_AREA_STYLE ('',( #5909 ) ) ;
#5792 = EDGE_CURVE ( 'NONE', #1355, #2494, #6147, .T. ) ;
#5793 = SURFACE_STYLE_FILL_AREA ( #6587 ) ;
#5794 = CARTESIAN_POINT ( 'NONE',  ( 2.050000000000000266, -0.05000000000000000278, -0.6999999999999998446 ) ) ;
#5796 =( NAMED_UNIT ( * ) SI_UNIT ( $, .STERADIAN. ) SOLID_ANGLE_UNIT ( ) );
#5795 = COLOUR_RGB ( '',0.7686274509803920907, 0.7686274509803920907, 0.7686274509803920907 ) ;
#5797 =( GEOMETRIC_REPRESENTATION_CONTEXT ( 3 ) GLOBAL_UNCERTAINTY_ASSIGNED_CONTEXT ( ( #2227 ) ) GLOBAL_UNIT_ASSIGNED_CONTEXT ( ( #1638, #3325, #8278 ) ) REPRESENTATION_CONTEXT ( 'NONE', 'WORKASPACE' ) );
#5798 = VECTOR ( 'NONE', #3623, 1000.000000000000000 ) ;
#5799 = CARTESIAN_POINT ( 'NONE',  ( 2.000000000000000000, -0.05000000000000000278, -0.9000000000000000222 ) ) ;
#5800 = VECTOR ( 'NONE', #8602, 1000.000000000000000 ) ;
#5801 = DIRECTION ( 'NONE',  ( -0.000000000000000000, -0.000000000000000000, 1.000000000000000000 ) ) ;
#5803 = EDGE_LOOP ( 'NONE', ( #6263, #3884, #10034, #1443 ) ) ;
#5802 = LINE ( 'NONE', #906, #3796 ) ;
#5804 = ORIENTED_EDGE ( 'NONE', *, *, #24, .F. ) ;
#5805 =( NAMED_UNIT ( * ) SI_UNIT ( $, .STERADIAN. ) SOLID_ANGLE_UNIT ( ) );
#5806 = VECTOR ( 'NONE', #7744, 1000.000000000000000 ) ;
#5807 = DIRECTION ( 'NONE',  ( -0.000000000000000000, 1.000000000000000000, -0.000000000000000000 ) ) ;
#5808 = CIRCLE ( 'NONE', #410, 0.04999999999999991257 ) ;
#5809 = STYLED_ITEM ( 'NONE', ( #7072 ), #107 ) ;
#5810 = ADVANCED_FACE ( 'NONE', ( #9211 ), #4377, .T. ) ;
#5811 = EDGE_CURVE ( 'NONE', #2679, #7895, #8722, .T. ) ;
#5812 = VECTOR ( 'NONE', #1655, 1000.000000000000000 ) ;
#5813 = VERTEX_POINT ( 'NONE', #7999 ) ;
#5814 = LINE ( 'NONE', #3399, #10185 ) ;
#5815 = CARTESIAN_POINT ( 'NONE',  ( -1.199999999999946443, -0.05000000000000000278, -1.649999999999966827 ) ) ;
#5816 = ORIENTED_EDGE ( 'NONE', *, *, #6970, .T. ) ;
#5817 = CIRCLE ( 'NONE', #5481, 0.04999999999996066619 ) ;
#5818 = SURFACE_STYLE_USAGE ( .BOTH. , #3455 ) ;
#5819 =( NAMED_UNIT ( * ) PLANE_ANGLE_UNIT ( ) SI_UNIT ( $, .RADIAN. ) );
#5820 = AXIS2_PLACEMENT_3D ( 'NONE', #2590, #5782, #6579 ) ;
#5821 = ORIENTED_EDGE ( 'NONE', *, *, #7095, .F. ) ;
#5822 = ADVANCED_FACE ( 'NONE', ( #3998 ), #2415, .F. ) ;
#5823 = FILL_AREA_STYLE_COLOUR ( '', #829 ) ;
#5824 = SURFACE_SIDE_STYLE ('',( #8900 ) ) ;
#5825 = LINE ( 'NONE', #9003, #6209 ) ;
#5826 =( GEOMETRIC_REPRESENTATION_CONTEXT ( 3 ) GLOBAL_UNCERTAINTY_ASSIGNED_CONTEXT ( ( #2288 ) ) GLOBAL_UNIT_ASSIGNED_CONTEXT ( ( #2732, #2584, #7499 ) ) REPRESENTATION_CONTEXT ( 'NONE', 'WORKASPACE' ) );
#5827 = COLOUR_RGB ( '',0.7686274509803920907, 0.7686274509803920907, 0.7686274509803920907 ) ;
#5828 = ORIENTED_EDGE ( 'NONE', *, *, #7858, .T. ) ;
#5829 = PLANE ( 'NONE',  #1177 ) ;
#5830 = MECHANICAL_DESIGN_GEOMETRIC_PRESENTATION_REPRESENTATION (  '', ( #3489 ), #4997 ) ;
#5831 = EDGE_CURVE ( 'NONE', #1319, #631, #2380, .T. ) ;
#5832 = ORIENTED_EDGE ( 'NONE', *, *, #654, .T. ) ;
#5833 = ORIENTED_EDGE ( 'NONE', *, *, #5693, .F. ) ;
#5834 = ORIENTED_EDGE ( 'NONE', *, *, #3258, .F. ) ;
#5835 = PRESENTATION_LAYER_ASSIGNMENT (  '', '', ( #4175 ) ) ;
#5836 = FACE_OUTER_BOUND ( 'NONE', #2758, .T. ) ;
#5837 = SURFACE_STYLE_USAGE ( .BOTH. , #3540 ) ;
#5838 = CARTESIAN_POINT ( 'NONE',  ( 1.150000000000021005, 0.1499999999999999944, -2.000000000000000000 ) ) ;
#5839 = STYLED_ITEM ( 'NONE', ( #10230 ), #4230 ) ;
#5840 = SURFACE_STYLE_FILL_AREA ( #9016 ) ;
#5841 = DIRECTION ( 'NONE',  ( 0.7071067811865474617, 0.000000000000000000, 0.7071067811865474617 ) ) ;
#5842 = ORIENTED_EDGE ( 'NONE', *, *, #4315, .F. ) ;
#5843 = MECHANICAL_DESIGN_GEOMETRIC_PRESENTATION_REPRESENTATION (  '', ( #6670 ), #3502 ) ;
#5844 = VECTOR ( 'NONE', #4127, 1000.000000000000000 ) ;
#5845 = CARTESIAN_POINT ( 'NONE',  ( 1.249999999999967581, -0.05000000000000000278, -1.099999999999967004 ) ) ;
#5846 = MECHANICAL_DESIGN_GEOMETRIC_PRESENTATION_REPRESENTATION (  '', ( #10328 ), #9499 ) ;
#5847 = ORIENTED_EDGE ( 'NONE', *, *, #9629, .F. ) ;
#5848 = DIRECTION ( 'NONE',  ( -0.000000000000000000, 1.000000000000000000, -0.000000000000000000 ) ) ;
#5849 = EDGE_CURVE ( 'NONE', #6814, #2789, #8856, .T. ) ;
#5850 = CARTESIAN_POINT ( 'NONE',  ( -0.4999999999999791833, 0.1499999999999999944, 2.000000000000000000 ) ) ;
#5851 = EDGE_CURVE ( 'NONE', #182, #9013, #8017, .T. ) ;
#5852 = DIRECTION ( 'NONE',  ( 0.000000000000000000, -1.000000000000000000, 0.000000000000000000 ) ) ;
#5853 = DIRECTION ( 'NONE',  ( 1.000000000000000000, -0.000000000000000000, -0.000000000000000000 ) ) ;
#5854 = ORIENTED_EDGE ( 'NONE', *, *, #1203, .T. ) ;
#5855 = MECHANICAL_DESIGN_GEOMETRIC_PRESENTATION_REPRESENTATION (  '', ( #3186 ), #9497 ) ;
#5856 = PRESENTATION_LAYER_ASSIGNMENT (  '', '', ( #10334 ) ) ;
#5857 =( LENGTH_UNIT ( ) NAMED_UNIT ( * ) SI_UNIT ( .MILLI., .METRE. ) );
#5858 = LINE ( 'NONE', #1072, #2641 ) ;
#5859 = CIRCLE ( 'NONE', #6517, 0.04999999999996716793 ) ;
#5860 = CARTESIAN_POINT ( 'NONE',  ( 1.450000000000020828, -0.05000000000000000278, -2.000000000000000000 ) ) ;
#5861 =( GEOMETRIC_REPRESENTATION_CONTEXT ( 3 ) GLOBAL_UNCERTAINTY_ASSIGNED_CONTEXT ( ( #527 ) ) GLOBAL_UNIT_ASSIGNED_CONTEXT ( ( #7127, #1517, #3255 ) ) REPRESENTATION_CONTEXT ( 'NONE', 'WORKASPACE' ) );
#5862 = CARTESIAN_POINT ( 'NONE',  ( 1.249999999999967581, -0.05000000000000000278, -1.149999999999933964 ) ) ;
#5863 = STYLED_ITEM ( 'NONE', ( #4933 ), #5184 ) ;
#5864 = CARTESIAN_POINT ( 'NONE',  ( -0.6999999999999793054, 0.000000000000000000, 2.000000000000005329 ) ) ;
#5865 = CARTESIAN_POINT ( 'NONE',  ( -0.5500000000000000444, -0.05000000000000000278, -0.1000000000000004774 ) ) ;
#5866 = LINE ( 'NONE', #7373, #4845 ) ;
#5867 = ORIENTED_EDGE ( 'NONE', *, *, #6109, .T. ) ;
#5868 = UNCERTAINTY_MEASURE_WITH_UNIT (LENGTH_MEASURE( 1.000000000000000082E-05 ), #7599, 'distance_accuracy_value', 'NONE');
#5869 = CARTESIAN_POINT ( 'NONE',  ( 2.000000000000000000, 1.000000000000000000, -2.000000000000000000 ) ) ;
#5870 = MECHANICAL_DESIGN_GEOMETRIC_PRESENTATION_REPRESENTATION (  '', ( #2193 ), #8021 ) ;
#5871 = CARTESIAN_POINT ( 'NONE',  ( -0.2999999999999792277, 0.1499999999999999944, 2.000000000000000000 ) ) ;
#5872 = COLOUR_RGB ( '',0.7686274509803920907, 0.7686274509803920907, 0.7686274509803920907 ) ;
#5873 = ORIENTED_EDGE ( 'NONE', *, *, #9878, .T. ) ;
#5874 = CARTESIAN_POINT ( 'NONE',  ( 1.199999999999987965, 0.000000000000000000, -1.649999999999966827 ) ) ;
#5875 =( LENGTH_UNIT ( ) NAMED_UNIT ( * ) SI_UNIT ( .MILLI., .METRE. ) );
#5876 = ORIENTED_EDGE ( 'NONE', *, *, #2871, .T. ) ;
#5877 = VECTOR ( 'NONE', #4493, 1000.000000000000000 ) ;
#5878 = EDGE_CURVE ( 'NONE', #5609, #1844, #8588, .T. ) ;
#5879 = MECHANICAL_DESIGN_GEOMETRIC_PRESENTATION_REPRESENTATION (  '', ( #8550 ), #4210 ) ;
#5880 = ADVANCED_FACE ( 'NONE', ( #7227 ), #7180, .F. ) ;
#5881 = EDGE_LOOP ( 'NONE', ( #8899, #6571, #1005, #3507 ) ) ;
#5882 = DIRECTION ( 'NONE',  ( 0.000000000000000000, 0.000000000000000000, 1.000000000000000000 ) ) ;
#5883 = CARTESIAN_POINT ( 'NONE',  ( 2.000000000000000000, 1.000000000000000000, -2.000000000000000000 ) ) ;
#5884 = CARTESIAN_POINT ( 'NONE',  ( -0.5500000000000003775, -0.05000000000000000278, 0.1499999999999995226 ) ) ;
#5885 = ORIENTED_EDGE ( 'NONE', *, *, #3316, .T. ) ;
#5886 = FILL_AREA_STYLE_COLOUR ( '', #1841 ) ;
#5887 = DIRECTION ( 'NONE',  ( 0.000000000000000000, 0.000000000000000000, -1.000000000000000000 ) ) ;
#5888 = DIRECTION ( 'NONE',  ( 1.000000000000000000, -0.000000000000000000, -0.000000000000000000 ) ) ;
#5889 = EDGE_CURVE ( 'NONE', #1197, #5458, #9403, .T. ) ;
#5890 = CARTESIAN_POINT ( 'NONE',  ( 1.249999999999967581, 0.000000000000000000, -1.099999999999967004 ) ) ;
#5891 = VERTEX_POINT ( 'NONE', #7852 ) ;
#5892 = VERTEX_POINT ( 'NONE', #10286 ) ;
#5893 = ORIENTED_EDGE ( 'NONE', *, *, #4866, .F. ) ;
#5894 = UNCERTAINTY_MEASURE_WITH_UNIT (LENGTH_MEASURE( 1.000000000000000082E-05 ), #4964, 'distance_accuracy_value', 'NONE');
#5895 = DIRECTION ( 'NONE',  ( 0.000000000000000000, 0.000000000000000000, 1.000000000000000000 ) ) ;
#5896 =( LENGTH_UNIT ( ) NAMED_UNIT ( * ) SI_UNIT ( .MILLI., .METRE. ) );
#5897 = FILL_AREA_STYLE ('',( #7552 ) ) ;
#5898 = PRESENTATION_STYLE_ASSIGNMENT (( #9836 ) ) ;
#5899 = DIRECTION ( 'NONE',  ( -6.195440985630866630E-16, 0.000000000000000000, -1.000000000000000000 ) ) ;
#5900 = VERTEX_POINT ( 'NONE', #5085 ) ;
#5901 = ORIENTED_EDGE ( 'NONE', *, *, #8089, .F. ) ;
#5902 =( LENGTH_UNIT ( ) NAMED_UNIT ( * ) SI_UNIT ( .MILLI., .METRE. ) );
#5903 = CARTESIAN_POINT ( 'NONE',  ( -2.000000000000000000, 1.000000000000000000, -2.000000000000000000 ) ) ;
#5904 = SURFACE_STYLE_USAGE ( .BOTH. , #2857 ) ;
#5905 = SURFACE_SIDE_STYLE ('',( #6854 ) ) ;
#5906 = ORIENTED_EDGE ( 'NONE', *, *, #7398, .F. ) ;
#5907 = SURFACE_STYLE_FILL_AREA ( #3763 ) ;
#5908 = CARTESIAN_POINT ( 'NONE',  ( -0.5500000000000021538, -0.000000000000000000, 0.6999999999999995115 ) ) ;
#5909 = FILL_AREA_STYLE_COLOUR ( '', #4192 ) ;
#5910 = ADVANCED_FACE ( 'NONE', ( #8989 ), #126, .F. ) ;
#5911 = EDGE_CURVE ( 'NONE', #10297, #4575, #4369, .T. ) ;
#5912 = DIRECTION ( 'NONE',  ( -0.000000000000000000, -1.000000000000000000, -0.000000000000000000 ) ) ;
#5913 =( LENGTH_UNIT ( ) NAMED_UNIT ( * ) SI_UNIT ( .MILLI., .METRE. ) );
#5914 = SURFACE_STYLE_FILL_AREA ( #2025 ) ;
#5915 = LINE ( 'NONE', #1911, #233 ) ;
#5916 = ORIENTED_EDGE ( 'NONE', *, *, #3483, .T. ) ;
#5917 = FILL_AREA_STYLE ('',( #2513 ) ) ;
#5918 = DIRECTION ( 'NONE',  ( 0.000000000000000000, -1.000000000000000000, 0.000000000000000000 ) ) ;
#5919 = DIRECTION ( 'NONE',  ( 0.000000000000000000, 0.000000000000000000, -1.000000000000000000 ) ) ;
#5920 = DIRECTION ( 'NONE',  ( 1.000000000000000000, -0.000000000000000000, -0.000000000000000000 ) ) ;
#5921 =( NAMED_UNIT ( * ) PLANE_ANGLE_UNIT ( ) SI_UNIT ( $, .RADIAN. ) );
#5922 = ORIENTED_EDGE ( 'NONE', *, *, #8399, .T. ) ;
#5923 = CARTESIAN_POINT ( 'NONE',  ( -1.450000000000020828, 0.000000000000000000, -2.000000000000000000 ) ) ;
#5924 = SURFACE_SIDE_STYLE ('',( #2392 ) ) ;
#5925 = ORIENTED_EDGE ( 'NONE', *, *, #10116, .F. ) ;
#5926 = FACE_OUTER_BOUND ( 'NONE', #6905, .T. ) ;
#5927 =( NAMED_UNIT ( * ) PLANE_ANGLE_UNIT ( ) SI_UNIT ( $, .RADIAN. ) );
#5928 = AXIS2_PLACEMENT_3D ( 'NONE', #2111, #5324, #8504 ) ;
#5929 = CARTESIAN_POINT ( 'NONE',  ( -0.6999999999999793054, 0.000000000000000000, -2.000000000000005329 ) ) ;
#5930 =( LENGTH_UNIT ( ) NAMED_UNIT ( * ) SI_UNIT ( .MILLI., .METRE. ) );
#5931 = FACE_OUTER_BOUND ( 'NONE', #1243, .T. ) ;
#5932 = DIRECTION ( 'NONE',  ( 0.000000000000000000, -1.000000000000000000, 0.000000000000000000 ) ) ;
#5933 = VERTEX_POINT ( 'NONE', #9812 ) ;
#5934 = CARTESIAN_POINT ( 'NONE',  ( 2.000000000000000000, -0.05000000000000000278, -1.300000000000000266 ) ) ;
#5935 = EDGE_CURVE ( 'NONE', #4594, #8937, #6043, .T. ) ;
#5936 = FACE_OUTER_BOUND ( 'NONE', #9752, .T. ) ;
#5937 = LINE ( 'NONE', #1936, #3296 ) ;
#5938 = DIRECTION ( 'NONE',  ( -0.000000000000000000, -0.000000000000000000, 1.000000000000000000 ) ) ;
#5939 = VERTEX_POINT ( 'NONE', #8840 ) ;
#5940 = ORIENTED_EDGE ( 'NONE', *, *, #8002, .F. ) ;
#5941 = ORIENTED_EDGE ( 'NONE', *, *, #2044, .T. ) ;
#5942 =( NAMED_UNIT ( * ) SI_UNIT ( $, .STERADIAN. ) SOLID_ANGLE_UNIT ( ) );
#5943 = CARTESIAN_POINT ( 'NONE',  ( 1.250000000000009104, -0.05000000000000000278, -0.7000000000000000666 ) ) ;
#5944 = PLANE ( 'NONE',  #4831 ) ;
#5945 = CARTESIAN_POINT ( 'NONE',  ( -0.5499999999999946043, -0.05000000000000000278, -0.7000000000000005107 ) ) ;
#5946 = EDGE_CURVE ( 'NONE', #675, #5572, #5757, .T. ) ;
#5947 = VERTEX_POINT ( 'NONE', #7419 ) ;
#5948 = EDGE_CURVE ( 'NONE', #4004, #1522, #9602, .T. ) ;
#5949 = AXIS2_PLACEMENT_3D ( 'NONE', #2538, #1052, #8279 ) ;
#5950 = EDGE_LOOP ( 'NONE', ( #292, #6184, #5169, #9772 ) ) ;
#5951 = DIRECTION ( 'NONE',  ( -1.000000000000000000, 0.000000000000000000, -1.084202172485505174E-16 ) ) ;
#5952 = CARTESIAN_POINT ( 'NONE',  ( 2.050000000000000266, 0.1500000000000000222, -0.9000000000000000222 ) ) ;
#5953 = DIRECTION ( 'NONE',  ( 0.000000000000000000, -0.000000000000000000, -1.000000000000000000 ) ) ;
#5954 = ORIENTED_EDGE ( 'NONE', *, *, #699, .T. ) ;
#5955 = EDGE_CURVE ( 'NONE', #3474, #5357, #918, .T. ) ;
#5956 = UNCERTAINTY_MEASURE_WITH_UNIT (LENGTH_MEASURE( 1.000000000000000082E-05 ), #5302, 'distance_accuracy_value', 'NONE');
#5957 = VECTOR ( 'NONE', #345, 1000.000000000000000 ) ;
#5958 = AXIS2_PLACEMENT_3D ( 'NONE', #8098, #9816, #8994 ) ;
#5959 = CARTESIAN_POINT ( 'NONE',  ( 0.1000000000000208639, 0.1499999999999999944, 2.050000000000000266 ) ) ;
#5960 = DIRECTION ( 'NONE',  ( 0.000000000000000000, 0.000000000000000000, -1.000000000000000000 ) ) ;
#5961 =( NAMED_UNIT ( * ) PLANE_ANGLE_UNIT ( ) SI_UNIT ( $, .RADIAN. ) );
#5962 = SURFACE_STYLE_USAGE ( .BOTH. , #6696 ) ;
#5963 = AXIS2_PLACEMENT_3D ( 'NONE', #5783, #1858, #8916 ) ;
#5964 = VECTOR ( 'NONE', #10072, 1000.000000000000000 ) ;
#5965 = SURFACE_STYLE_USAGE ( .BOTH. , #546 ) ;
#5966 = ORIENTED_EDGE ( 'NONE', *, *, #7104, .F. ) ;
#5967 = ADVANCED_FACE ( 'NONE', ( #4884 ), #5039, .T. ) ;
#5968 = CARTESIAN_POINT ( 'NONE',  ( -2.050000000000000266, 0.1499999999999999944, 0.3999999999999995226 ) ) ;
#5969 = MECHANICAL_DESIGN_GEOMETRIC_PRESENTATION_REPRESENTATION (  '', ( #763 ), #9127 ) ;
#5970 = VECTOR ( 'NONE', #4283, 1000.000000000000000 ) ;
#5971 = CIRCLE ( 'NONE', #1107, 0.04999999999996695282 ) ;
#5972 = DIRECTION ( 'NONE',  ( -0.000000000000000000, 1.000000000000000000, 0.000000000000000000 ) ) ;
#5973 = FILL_AREA_STYLE_COLOUR ( '', #6541 ) ;
#5974 =( NAMED_UNIT ( * ) SI_UNIT ( $, .STERADIAN. ) SOLID_ANGLE_UNIT ( ) );
#5975 = CARTESIAN_POINT ( 'NONE',  ( -0.4999999999999791833, -0.05000000000000000278, -2.000000000000000000 ) ) ;
#5976 = ORIENTED_EDGE ( 'NONE', *, *, #476, .F. ) ;
#5977 = SURFACE_STYLE_USAGE ( .BOTH. , #555 ) ;
#5978 = CARTESIAN_POINT ( 'NONE',  ( -1.450000000000020828, -0.05000000000000000278, 2.050000000000000266 ) ) ;
#5979 = EDGE_LOOP ( 'NONE', ( #4399, #6730, #2393, #9323, #4999, #9327 ) ) ;
#5980 = VECTOR ( 'NONE', #6766, 1000.000000000000000 ) ;
#5981 = UNCERTAINTY_MEASURE_WITH_UNIT (LENGTH_MEASURE( 1.000000000000000082E-05 ), #9282, 'distance_accuracy_value', 'NONE');
#5982 = EDGE_CURVE ( 'NONE', #6445, #1425, #7356, .T. ) ;
#5983 = PRESENTATION_LAYER_ASSIGNMENT (  '', '', ( #6985 ) ) ;
#5984 = ADVANCED_FACE ( 'NONE', ( #9293 ), #6920, .T. ) ;
#5985 = CARTESIAN_POINT ( 'NONE',  ( 2.050000000000000266, 0.1500000000000000222, -1.300000000000000266 ) ) ;
#5986 = VECTOR ( 'NONE', #4560, 1000.000000000000000 ) ;
#5987 = FILL_AREA_STYLE ('',( #9148 ) ) ;
#5988 =( NAMED_UNIT ( * ) PLANE_ANGLE_UNIT ( ) SI_UNIT ( $, .RADIAN. ) );
#5989 = SURFACE_SIDE_STYLE ('',( #4259 ) ) ;
#5990 = VECTOR ( 'NONE', #2966, 1000.000000000000000 ) ;
#5991 = LINE ( 'NONE', #9207, #5341 ) ;
#5992 = ORIENTED_EDGE ( 'NONE', *, *, #8593, .F. ) ;
#5993 =( GEOMETRIC_REPRESENTATION_CONTEXT ( 3 ) GLOBAL_UNCERTAINTY_ASSIGNED_CONTEXT ( ( #2909 ) ) GLOBAL_UNIT_ASSIGNED_CONTEXT ( ( #8606, #3723, #538 ) ) REPRESENTATION_CONTEXT ( 'NONE', 'WORKASPACE' ) );
#5994 = CARTESIAN_POINT ( 'NONE',  ( -0.05000000000001222911, -0.05000000000000000278, -1.649999999999967049 ) ) ;
#5995 = VECTOR ( 'NONE', #1895, 1000.000000000000000 ) ;
#5996 = CARTESIAN_POINT ( 'NONE',  ( 2.050000000000000266, -0.05000000000000000278, 0.1000000000000000472 ) ) ;
#5997 = ORIENTED_EDGE ( 'NONE', *, *, #8557, .F. ) ;
#5998 = VERTEX_POINT ( 'NONE', #3678 ) ;
#5999 = VERTEX_POINT ( 'NONE', #8533 ) ;
#6000 = UNCERTAINTY_MEASURE_WITH_UNIT (LENGTH_MEASURE( 1.000000000000000082E-05 ), #5583, 'distance_accuracy_value', 'NONE');
#6001 = CARTESIAN_POINT ( 'NONE',  ( -0.6999999999999791944, 0.1499999999999999944, -2.000000000000000000 ) ) ;
#6002 = LINE ( 'NONE', #1059, #8848 ) ;
#6003 = AXIS2_PLACEMENT_3D ( 'NONE', #7060, #1343, #7820 ) ;
#6004 = PRESENTATION_LAYER_ASSIGNMENT (  '', '', ( #9968 ) ) ;
#6005 = VERTEX_POINT ( 'NONE', #289 ) ;
#6006 = MECHANICAL_DESIGN_GEOMETRIC_PRESENTATION_REPRESENTATION (  '', ( #5489 ), #8151 ) ;
#6007 = VECTOR ( 'NONE', #4563, 1000.000000000000000 ) ;
#6008 = ORIENTED_EDGE ( 'NONE', *, *, #4189, .F. ) ;
#6009 = PRESENTATION_STYLE_ASSIGNMENT (( #2696 ) ) ;
#6010 = ORIENTED_EDGE ( 'NONE', *, *, #8161, .T. ) ;
#6011 = ADVANCED_FACE ( 'NONE', ( #6875 ), #7578, .F. ) ;
#6012 =( NAMED_UNIT ( * ) PLANE_ANGLE_UNIT ( ) SI_UNIT ( $, .RADIAN. ) );
#6013 = ORIENTED_EDGE ( 'NONE', *, *, #1450, .F. ) ;
#6014 = EDGE_CURVE ( 'NONE', #7548, #4893, #2145, .T. ) ;
#6015 = DIRECTION ( 'NONE',  ( 0.7071067811865474617, 0.000000000000000000, 0.7071067811865474617 ) ) ;
#6016 = VECTOR ( 'NONE', #7541, 1000.000000000000000 ) ;
#6017 = AXIS2_PLACEMENT_3D ( 'NONE', #5285, #8470, #2298 ) ;
#6018 = CARTESIAN_POINT ( 'NONE',  ( -0.2999999999999792277, 0.1499999999999999944, -2.000000000000000000 ) ) ;
#6019 = DIRECTION ( 'NONE',  ( -0.000000000000000000, -1.000000000000000000, -0.000000000000000000 ) ) ;
#6020 = EDGE_CURVE ( 'NONE', #1819, #9713, #6711, .T. ) ;
#6021 =( NAMED_UNIT ( * ) SI_UNIT ( $, .STERADIAN. ) SOLID_ANGLE_UNIT ( ) );
#6022 = VECTOR ( 'NONE', #1873, 1000.000000000000000 ) ;
#6023 = VECTOR ( 'NONE', #2905, 1000.000000000000000 ) ;
#6024 = LINE ( 'NONE', #2915, #8113 ) ;
#6025 = CARTESIAN_POINT ( 'NONE',  ( 1.999999999999996669, -0.05000000000000000278, 1.100000000000000089 ) ) ;
#6026 = VECTOR ( 'NONE', #2286, 1000.000000000000000 ) ;
#6027 = ORIENTED_EDGE ( 'NONE', *, *, #10143, .F. ) ;
#6028 = LINE ( 'NONE', #2970, #4497 ) ;
#6029 = CARTESIAN_POINT ( 'NONE',  ( 0.9000000000000208944, -0.05000000000000000278, 1.999999999999999556 ) ) ;
#6030 =( GEOMETRIC_REPRESENTATION_CONTEXT ( 3 ) GLOBAL_UNCERTAINTY_ASSIGNED_CONTEXT ( ( #5461 ) ) GLOBAL_UNIT_ASSIGNED_CONTEXT ( ( #8389, #9820, #3462 ) ) REPRESENTATION_CONTEXT ( 'NONE', 'WORKASPACE' ) );
#6031 = LINE ( 'NONE', #3614, #6622 ) ;
#6032 = AXIS2_PLACEMENT_3D ( 'NONE', #10084, #8439, #6772 ) ;
#6033 = LINE ( 'NONE', #8421, #8708 ) ;
#6034 =( NAMED_UNIT ( * ) PLANE_ANGLE_UNIT ( ) SI_UNIT ( $, .RADIAN. ) );
#6035 = FILL_AREA_STYLE ('',( #9294 ) ) ;
#6036 = EDGE_LOOP ( 'NONE', ( #5270, #2051, #756, #6442, #9191, #8645 ) ) ;
#6037 = LINE ( 'NONE', #5355, #7773 ) ;
#6038 = DIRECTION ( 'NONE',  ( 0.000000000000000000, -1.000000000000000000, 0.000000000000000000 ) ) ;
#6039 = ORIENTED_EDGE ( 'NONE', *, *, #2066, .T. ) ;
#6040 = STYLED_ITEM ( 'NONE', ( #2173 ), #10133 ) ;
#6041 = VECTOR ( 'NONE', #2670, 1000.000000000000000 ) ;
#6042 = CARTESIAN_POINT ( 'NONE',  ( 1.249999999999967581, -0.05000000000000000278, -1.250000000000000222 ) ) ;
#6043 = CIRCLE ( 'NONE', #3525, 0.04999999999996716793 ) ;
#6044 = FILL_AREA_STYLE_COLOUR ( '', #6708 ) ;
#6045 = AXIS2_PLACEMENT_3D ( 'NONE', #397, #5092, #8271 ) ;
#6046 = CARTESIAN_POINT ( 'NONE',  ( 0.9000000000000208944, -0.05000000000000000278, -1.999999999999999556 ) ) ;
#6047 = FILL_AREA_STYLE_COLOUR ( '', #9811 ) ;
#6048 = LINE ( 'NONE', #3049, #1009 ) ;
#6049 = ORIENTED_EDGE ( 'NONE', *, *, #4735, .T. ) ;
#6050 = AXIS2_PLACEMENT_3D ( 'NONE', #3152, #9657, #4729 ) ;
#6051 = LINE ( 'NONE', #2164, #4525 ) ;
#6052 = EDGE_CURVE ( 'NONE', #7394, #2897, #1512, .T. ) ;
#6053 = EDGE_CURVE ( 'NONE', #2100, #3145, #4455, .T. ) ;
#6054 = SURFACE_STYLE_USAGE ( .BOTH. , #1417 ) ;
#6055 = LINE ( 'NONE', #5261, #3039 ) ;
#6056 = VECTOR ( 'NONE', #8680, 1000.000000000000000 ) ;
#6057 = LINE ( 'NONE', #7705, #5438 ) ;
#6058 =( GEOMETRIC_REPRESENTATION_CONTEXT ( 3 ) GLOBAL_UNCERTAINTY_ASSIGNED_CONTEXT ( ( #7936 ) ) GLOBAL_UNIT_ASSIGNED_CONTEXT ( ( #2960, #7606, #9273 ) ) REPRESENTATION_CONTEXT ( 'NONE', 'WORKASPACE' ) );
#6059 = ORIENTED_EDGE ( 'NONE', *, *, #5636, .F. ) ;
#6060 = ORIENTED_EDGE ( 'NONE', *, *, #4501, .T. ) ;
#6061 = ORIENTED_EDGE ( 'NONE', *, *, #2270, .T. ) ;
#6062 = SURFACE_SIDE_STYLE ('',( #1221 ) ) ;
#6063 = PRESENTATION_LAYER_ASSIGNMENT (  '', '', ( #8548 ) ) ;
#6064 =( LENGTH_UNIT ( ) NAMED_UNIT ( * ) SI_UNIT ( .MILLI., .METRE. ) );
#6065 = VERTEX_POINT ( 'NONE', #6238 ) ;
#6066 = ORIENTED_EDGE ( 'NONE', *, *, #9740, .F. ) ;
#6067 = DIRECTION ( 'NONE',  ( -1.000000000000000000, 0.000000000000000000, 4.394632805807644145E-14 ) ) ;
#6068 = ORIENTED_EDGE ( 'NONE', *, *, #3467, .T. ) ;
#6069 = DIRECTION ( 'NONE',  ( -1.000000000000000000, 0.000000000000000000, -1.084202172485505174E-16 ) ) ;
#6070 = ORIENTED_EDGE ( 'NONE', *, *, #3429, .F. ) ;
#6071 = DIRECTION ( 'NONE',  ( 0.000000000000000000, -1.000000000000000000, 0.000000000000000000 ) ) ;
#6072 = PLANE ( 'NONE',  #6319 ) ;
#6073 = FILL_AREA_STYLE_COLOUR ( '', #8711 ) ;
#6074 = DIRECTION ( 'NONE',  ( 1.000000000000000000, 0.000000000000000000, 0.000000000000000000 ) ) ;
#6075 = FILL_AREA_STYLE ('',( #5236 ) ) ;
#6076 = ADVANCED_FACE ( 'NONE', ( #2405 ), #8733, .T. ) ;
#6077 = FILL_AREA_STYLE ('',( #3560 ) ) ;
#6078 = DIRECTION ( 'NONE',  ( -0.000000000000000000, -1.355252715606880049E-16, 1.000000000000000000 ) ) ;
#6079 = FACE_OUTER_BOUND ( 'NONE', #705, .T. ) ;
#6080 = ORIENTED_EDGE ( 'NONE', *, *, #6589, .T. ) ;
#6081 = SURFACE_STYLE_USAGE ( .BOTH. , #5240 ) ;
#6082 = LINE ( 'NONE', #1402, #307 ) ;
#6083 = EDGE_CURVE ( 'NONE', #651, #9564, #2305, .T. ) ;
#6084 = FILL_AREA_STYLE ('',( #6809 ) ) ;
#6085 = PRESENTATION_STYLE_ASSIGNMENT (( #1980 ) ) ;
#6086 = CARTESIAN_POINT ( 'NONE',  ( 0.4500000000000538569, -0.05000000000000000278, 1.649999999999967049 ) ) ;
#6087 = ORIENTED_EDGE ( 'NONE', *, *, #1302, .T. ) ;
#6088 =( NAMED_UNIT ( * ) SI_UNIT ( $, .STERADIAN. ) SOLID_ANGLE_UNIT ( ) );
#6089 = CARTESIAN_POINT ( 'NONE',  ( -2.050000000000000266, 0.1499999999999999944, -0.7000000000000003997 ) ) ;
#6090 = SURFACE_STYLE_FILL_AREA ( #4561 ) ;
#6091 = ORIENTED_EDGE ( 'NONE', *, *, #381, .T. ) ;
#6092 = UNCERTAINTY_MEASURE_WITH_UNIT (LENGTH_MEASURE( 1.000000000000000082E-05 ), #907, 'distance_accuracy_value', 'NONE');
#6093 = SURFACE_STYLE_USAGE ( .BOTH. , #8540 ) ;
#6094 = FILL_AREA_STYLE_COLOUR ( '', #8505 ) ;
#6095 = EDGE_CURVE ( 'NONE', #833, #3165, #501, .T. ) ;
#6096 = MECHANICAL_DESIGN_GEOMETRIC_PRESENTATION_REPRESENTATION (  '', ( #94 ), #6421 ) ;
#6097 = VERTEX_POINT ( 'NONE', #2366 ) ;
#6098 = FACE_OUTER_BOUND ( 'NONE', #2427, .T. ) ;
#6099 = SURFACE_SIDE_STYLE ('',( #9308 ) ) ;
#6100 = PRESENTATION_STYLE_ASSIGNMENT (( #5513 ) ) ;
#6101 = CARTESIAN_POINT ( 'NONE',  ( -2.000000000000000000, -1.355252715606880543E-17, 0.3999999999999995226 ) ) ;
#6102 = VERTEX_POINT ( 'NONE', #8620 ) ;
#6103 =( GEOMETRIC_REPRESENTATION_CONTEXT ( 3 ) GLOBAL_UNCERTAINTY_ASSIGNED_CONTEXT ( ( #1153 ) ) GLOBAL_UNIT_ASSIGNED_CONTEXT ( ( #6992, #4581, #7757 ) ) REPRESENTATION_CONTEXT ( 'NONE', 'WORKASPACE' ) );
#6104 = ORIENTED_EDGE ( 'NONE', *, *, #8491, .T. ) ;
#6105 = UNCERTAINTY_MEASURE_WITH_UNIT (LENGTH_MEASURE( 1.000000000000000082E-05 ), #5930, 'distance_accuracy_value', 'NONE');
#6106 = LINE ( 'NONE', #8497, #9796 ) ;
#6107 = EDGE_CURVE ( 'NONE', #3910, #6882, #3081, .T. ) ;
#6108 = CARTESIAN_POINT ( 'NONE',  ( -0.04999999999997882527, 0.000000000000000000, -1.599999999999999867 ) ) ;
#6109 = EDGE_CURVE ( 'NONE', #7592, #9103, #1453, .T. ) ;
#6110 = SURFACE_STYLE_FILL_AREA ( #1906 ) ;
#6111 = ORIENTED_EDGE ( 'NONE', *, *, #5755, .F. ) ;
#6112 = ORIENTED_EDGE ( 'NONE', *, *, #5736, .F. ) ;
#6113 = CARTESIAN_POINT ( 'NONE',  ( -2.050000000000000266, -0.05000000000000000278, 0.9499999999999996225 ) ) ;
#6114 = ORIENTED_EDGE ( 'NONE', *, *, #175, .F. ) ;
#6115 = LINE ( 'NONE', #2795, #5009 ) ;
#6116 = SURFACE_STYLE_USAGE ( .BOTH. , #8357 ) ;
#6117 = EDGE_CURVE ( 'NONE', #4796, #2650, #3936, .T. ) ;
#6118 = SURFACE_SIDE_STYLE ('',( #3724 ) ) ;
#6119 = COLOUR_RGB ( '',0.7686274509803920907, 0.7686274509803920907, 0.7686274509803920907 ) ;
#6120 = DIRECTION ( 'NONE',  ( 1.000000000000000000, -0.000000000000000000, -0.000000000000000000 ) ) ;
#6121 = CARTESIAN_POINT ( 'NONE',  ( 2.000000000000000000, -0.05000000000000000278, -0.5000000000000000000 ) ) ;
#6122 =( LENGTH_UNIT ( ) NAMED_UNIT ( * ) SI_UNIT ( .MILLI., .METRE. ) );
#6123 = LINE ( 'NONE', #5339, #243 ) ;
#6124 = LINE ( 'NONE', #2137, #7669 ) ;
#6125 = ORIENTED_EDGE ( 'NONE', *, *, #5811, .F. ) ;
#6126 = CARTESIAN_POINT ( 'NONE',  ( 1.400000000000053868, -0.05000000000000000278, -1.649999999999966827 ) ) ;
#6127 = SURFACE_SIDE_STYLE ('',( #8419 ) ) ;
#6128 = ORIENTED_EDGE ( 'NONE', *, *, #3483, .F. ) ;
#6129 = FACE_OUTER_BOUND ( 'NONE', #7308, .T. ) ;
#6130 = VECTOR ( 'NONE', #9650, 1000.000000000000000 ) ;
#6131 = MECHANICAL_DESIGN_GEOMETRIC_PRESENTATION_REPRESENTATION (  '', ( #4795 ), #1100 ) ;
#6132 = DIRECTION ( 'NONE',  ( -0.000000000000000000, 1.000000000000000000, -0.000000000000000000 ) ) ;
#6133 = VERTEX_POINT ( 'NONE', #2208 ) ;
#6134 = CARTESIAN_POINT ( 'NONE',  ( -0.3499999999999792166, 0.000000000000000000, -1.599999999999999645 ) ) ;
#6135 = LINE ( 'NONE', #3783, #3162 ) ;
#6136 = EDGE_LOOP ( 'NONE', ( #2669, #7663, #3744, #9132, #7080, #8405 ) ) ;
#6137 = SURFACE_STYLE_FILL_AREA ( #1211 ) ;
#6138 = PRESENTATION_STYLE_ASSIGNMENT (( #2930 ) ) ;
#6139 = EDGE_CURVE ( 'NONE', #1499, #4167, #1013, .T. ) ;
#6140 = EDGE_CURVE ( 'NONE', #8452, #5554, #8574, .T. ) ;
#6141 = VECTOR ( 'NONE', #6953, 1000.000000000000000 ) ;
#6142 = AXIS2_PLACEMENT_3D ( 'NONE', #3498, #5180, #9180 ) ;
#6143 = CARTESIAN_POINT ( 'NONE',  ( 1.450000000000020828, 0.1499999999999999944, -2.050000000000000266 ) ) ;
#6144 = VECTOR ( 'NONE', #2589, 1000.000000000000000 ) ;
#6145 = VECTOR ( 'NONE', #5122, 1000.000000000000000 ) ;
#6146 = ORIENTED_EDGE ( 'NONE', *, *, #9250, .T. ) ;
#6147 = LINE ( 'NONE', #3746, #2676 ) ;
#6148 = SURFACE_STYLE_FILL_AREA ( #5368 ) ;
#6149 =( NAMED_UNIT ( * ) PLANE_ANGLE_UNIT ( ) SI_UNIT ( $, .RADIAN. ) );
#6150 = DIRECTION ( 'NONE',  ( 1.000000000000000000, 0.000000000000000000, 0.000000000000000000 ) ) ;
#6151 = ORIENTED_EDGE ( 'NONE', *, *, #2031, .F. ) ;
#6152 = VECTOR ( 'NONE', #2236, 1000.000000000000000 ) ;
#6153 = COLOUR_RGB ( '',0.7686274509803920907, 0.7686274509803920907, 0.7686274509803920907 ) ;
#6154 = VERTEX_POINT ( 'NONE', #3984 ) ;
#6155 = DIRECTION ( 'NONE',  ( -0.000000000000000000, -1.000000000000000000, -0.000000000000000000 ) ) ;
#6156 = FILL_AREA_STYLE ('',( #3004 ) ) ;
#6157 = CARTESIAN_POINT ( 'NONE',  ( 1.999999999999999112, -0.05000000000000000278, 0.3000000000000000444 ) ) ;
#6158 = SURFACE_STYLE_USAGE ( .BOTH. , #2943 ) ;
#6159 = STYLED_ITEM ( 'NONE', ( #2041 ), #8862 ) ;
#6160 = VECTOR ( 'NONE', #89, 1000.000000000000000 ) ;
#6161 = VERTEX_POINT ( 'NONE', #1404 ) ;
#6162 = COLOUR_RGB ( '',0.7686274509803920907, 0.7686274509803920907, 0.7686274509803920907 ) ;
#6163 = AXIS2_PLACEMENT_3D ( 'NONE', #2791, #9842, #260 ) ;
#6164 = SURFACE_STYLE_USAGE ( .BOTH. , #9128 ) ;
#6165 = ORIENTED_EDGE ( 'NONE', *, *, #6405, .T. ) ;
#6166 = SURFACE_STYLE_USAGE ( .BOTH. , #8714 ) ;
#6167 = ORIENTED_EDGE ( 'NONE', *, *, #6957, .T. ) ;
#6168 = PRESENTATION_LAYER_ASSIGNMENT (  '', '', ( #780 ) ) ;
#6169 = CARTESIAN_POINT ( 'NONE',  ( 0.8500000000000205169, -0.05000000000000000278, 1.599999999999999645 ) ) ;
#6170 =( GEOMETRIC_REPRESENTATION_CONTEXT ( 3 ) GLOBAL_UNCERTAINTY_ASSIGNED_CONTEXT ( ( #3797 ) ) GLOBAL_UNIT_ASSIGNED_CONTEXT ( ( #2385, #7231, #873 ) ) REPRESENTATION_CONTEXT ( 'NONE', 'WORKASPACE' ) );
#6171 = DIRECTION ( 'NONE',  ( 0.000000000000000000, -1.000000000000000000, 0.000000000000000000 ) ) ;
#6172 = CARTESIAN_POINT ( 'NONE',  ( 1.450000000000020828, 0.1499999999999999944, 2.050000000000000266 ) ) ;
#6173 = CARTESIAN_POINT ( 'NONE',  ( 1.150000000000021227, -0.05000000000000000278, -1.649999999999966827 ) ) ;
#6174 = SURFACE_STYLE_USAGE ( .BOTH. , #10063 ) ;
#6175 = UNCERTAINTY_MEASURE_WITH_UNIT (LENGTH_MEASURE( 1.000000000000000082E-05 ), #6430, 'distance_accuracy_value', 'NONE');
#6176 =( GEOMETRIC_REPRESENTATION_CONTEXT ( 3 ) GLOBAL_UNCERTAINTY_ASSIGNED_CONTEXT ( ( #8283 ) ) GLOBAL_UNIT_ASSIGNED_CONTEXT ( ( #3045, #711, #10233 ) ) REPRESENTATION_CONTEXT ( 'NONE', 'WORKASPACE' ) );
#6177 = LINE ( 'NONE', #2022, #4541 ) ;
#6178 =( GEOMETRIC_REPRESENTATION_CONTEXT ( 3 ) GLOBAL_UNCERTAINTY_ASSIGNED_CONTEXT ( ( #6092 ) ) GLOBAL_UNIT_ASSIGNED_CONTEXT ( ( #907, #172, #9747 ) ) REPRESENTATION_CONTEXT ( 'NONE', 'WORKASPACE' ) );
#6179 = EDGE_CURVE ( 'NONE', #6761, #9784, #4599, .T. ) ;
#6180 = EDGE_CURVE ( 'NONE', #3538, #9110, #752, .T. ) ;
#6181 =( NAMED_UNIT ( * ) SI_UNIT ( $, .STERADIAN. ) SOLID_ANGLE_UNIT ( ) );
#6182 = CARTESIAN_POINT ( 'NONE',  ( 1.249999999999967581, -0.05000000000000000278, -1.299999999999967182 ) ) ;
#6183 = SURFACE_SIDE_STYLE ('',( #3670 ) ) ;
#6184 = ORIENTED_EDGE ( 'NONE', *, *, #67, .T. ) ;
#6185 = STYLED_ITEM ( 'NONE', ( #4935 ), #9553 ) ;
#6186 = CARTESIAN_POINT ( 'NONE',  ( -0.09999999999997911948, -0.05000000000000000278, -2.000000000000000000 ) ) ;
#6187 = CARTESIAN_POINT ( 'NONE',  ( -2.000000000000000000, -1.355252715606880543E-17, 0.9499999999999996225 ) ) ;
#6188 = CARTESIAN_POINT ( 'NONE',  ( 2.000000000000000000, 0.000000000000000000, -2.000000000000000000 ) ) ;
#6189 =( GEOMETRIC_REPRESENTATION_CONTEXT ( 3 ) GLOBAL_UNCERTAINTY_ASSIGNED_CONTEXT ( ( #4619 ) ) GLOBAL_UNIT_ASSIGNED_CONTEXT ( ( #5857, #1646, #2593 ) ) REPRESENTATION_CONTEXT ( 'NONE', 'WORKASPACE' ) );
#6190 = VECTOR ( 'NONE', #7251, 1000.000000000000000 ) ;
#6191 = EDGE_LOOP ( 'NONE', ( #5264, #5109, #7630, #8281, #2117, #9430 ) ) ;
#6192 = CARTESIAN_POINT ( 'NONE',  ( -0.8999999999999791500, -1.355252715606880543E-17, -2.000000000000000000 ) ) ;
#6193 =( NAMED_UNIT ( * ) PLANE_ANGLE_UNIT ( ) SI_UNIT ( $, .RADIAN. ) );
#6194 = ORIENTED_EDGE ( 'NONE', *, *, #4390, .T. ) ;
#6195 = UNCERTAINTY_MEASURE_WITH_UNIT (LENGTH_MEASURE( 1.000000000000000082E-05 ), #2756, 'distance_accuracy_value', 'NONE');
#6196 = CARTESIAN_POINT ( 'NONE',  ( 1.249999999999999112, -0.05000000000000000278, 0.4499999999999999001 ) ) ;
#6197 = CARTESIAN_POINT ( 'NONE',  ( 2.000000000000000000, 0.1499999999999999944, 0.9000000000000002442 ) ) ;
#6198 = FACE_OUTER_BOUND ( 'NONE', #8290, .T. ) ;
#6199 = VECTOR ( 'NONE', #7145, 1000.000000000000000 ) ;
#6200 = CARTESIAN_POINT ( 'NONE',  ( 1.249999999999996447, -0.05000000000000000278, 1.250000000000000000 ) ) ;
#6201 = ORIENTED_EDGE ( 'NONE', *, *, #1722, .T. ) ;
#6202 = CARTESIAN_POINT ( 'NONE',  ( 0.7000000000000209388, 0.1499999999999999944, 2.050000000000000266 ) ) ;
#6203 = CARTESIAN_POINT ( 'NONE',  ( -0.8999999999999791500, 0.1499999999999999944, -2.050000000000000266 ) ) ;
#6204 = DIRECTION ( 'NONE',  ( 6.195440985630866630E-16, 0.000000000000000000, -1.000000000000000000 ) ) ;
#6205 =( LENGTH_UNIT ( ) NAMED_UNIT ( * ) SI_UNIT ( .MILLI., .METRE. ) );
#6206 = AXIS2_PLACEMENT_3D ( 'NONE', #7750, #7794, #4571 ) ;
#6207 = EDGE_CURVE ( 'NONE', #458, #3454, #658, .T. ) ;
#6208 = ORIENTED_EDGE ( 'NONE', *, *, #2378, .T. ) ;
#6209 = VECTOR ( 'NONE', #6566, 1000.000000000000000 ) ;
#6210 =( GEOMETRIC_REPRESENTATION_CONTEXT ( 3 ) GLOBAL_UNCERTAINTY_ASSIGNED_CONTEXT ( ( #5358 ) ) GLOBAL_UNIT_ASSIGNED_CONTEXT ( ( #5875, #8050, #3452 ) ) REPRESENTATION_CONTEXT ( 'NONE', 'WORKASPACE' ) );
#6211 = MECHANICAL_DESIGN_GEOMETRIC_PRESENTATION_REPRESENTATION (  '', ( #4371 ), #6874 ) ;
#6212 = ORIENTED_EDGE ( 'NONE', *, *, #7538, .F. ) ;
#6213 = UNCERTAINTY_MEASURE_WITH_UNIT (LENGTH_MEASURE( 1.000000000000000082E-05 ), #9156, 'distance_accuracy_value', 'NONE');
#6214 =( LENGTH_UNIT ( ) NAMED_UNIT ( * ) SI_UNIT ( .MILLI., .METRE. ) );
#6215 = SURFACE_STYLE_USAGE ( .BOTH. , #9464 ) ;
#6216 =( LENGTH_UNIT ( ) NAMED_UNIT ( * ) SI_UNIT ( .MILLI., .METRE. ) );
#6217 = ADVANCED_FACE ( 'NONE', ( #3890 ), #7114, .T. ) ;
#6218 =( GEOMETRIC_REPRESENTATION_CONTEXT ( 3 ) GLOBAL_UNCERTAINTY_ASSIGNED_CONTEXT ( ( #8045 ) ) GLOBAL_UNIT_ASSIGNED_CONTEXT ( ( #2555, #5023, #5796 ) ) REPRESENTATION_CONTEXT ( 'NONE', 'WORKASPACE' ) );
#6219 = ORIENTED_EDGE ( 'NONE', *, *, #6841, .F. ) ;
#6220 = CIRCLE ( 'NONE', #3027, 0.04999999999996716793 ) ;
#6221 = LINE ( 'NONE', #8249, #8958 ) ;
#6222 = ORIENTED_EDGE ( 'NONE', *, *, #5182, .F. ) ;
#6223 = DIRECTION ( 'NONE',  ( -1.000000000000000000, 0.000000000000000000, 0.000000000000000000 ) ) ;
#6224 = VECTOR ( 'NONE', #3662, 1000.000000000000000 ) ;
#6225 = LINE ( 'NONE', #3873, #10301 ) ;
#6226 = CARTESIAN_POINT ( 'NONE',  ( 2.000000000000000000, 0.1500000000000000222, -0.9000000000000000222 ) ) ;
#6227 = VECTOR ( 'NONE', #1735, 1000.000000000000000 ) ;
#6228 =( NAMED_UNIT ( * ) SI_UNIT ( $, .STERADIAN. ) SOLID_ANGLE_UNIT ( ) );
#6229 = DIRECTION ( 'NONE',  ( -0.000000000000000000, -1.355252715606880049E-16, 1.000000000000000000 ) ) ;
#6230 = FILL_AREA_STYLE ('',( #3026 ) ) ;
#6231 = LINE ( 'NONE', #3928, #10109 ) ;
#6232 = ORIENTED_EDGE ( 'NONE', *, *, #2999, .F. ) ;
#6233 = LINE ( 'NONE', #4651, #7659 ) ;
#6234 = EDGE_CURVE ( 'NONE', #5892, #2478, #2601, .T. ) ;
#6235 = EDGE_CURVE ( 'NONE', #2991, #8929, #1594, .T. ) ;
#6236 = MANIFOLD_SOLID_BREP ( 'Split Line1', #4116 ) ;
#6237 = FACE_OUTER_BOUND ( 'NONE', #6877, .T. ) ;
#6238 = CARTESIAN_POINT ( 'NONE',  ( 1.250000000000009104, 0.000000000000000000, -0.9000000000000001332 ) ) ;
#6239 = CYLINDRICAL_SURFACE ( 'NONE', #6615, 0.05000000000000002359 ) ;
#6240 = EDGE_LOOP ( 'NONE', ( #8381, #4271, #1187, #7601, #6825, #1234 ) ) ;
#6241 = SURFACE_SIDE_STYLE ('',( #8773 ) ) ;
#6242 = LINE ( 'NONE', #4722, #7607 ) ;
#6243 = PLANE ( 'NONE',  #9643 ) ;
#6244 = ORIENTED_EDGE ( 'NONE', *, *, #10012, .F. ) ;
#6245 = CARTESIAN_POINT ( 'NONE',  ( 0.8500000000000540457, -0.05000000000000000278, -1.649999999999967049 ) ) ;
#6246 = FACE_OUTER_BOUND ( 'NONE', #4472, .T. ) ;
#6247 = SURFACE_STYLE_FILL_AREA ( #9598 ) ;
#6248 = ORIENTED_EDGE ( 'NONE', *, *, #2599, .F. ) ;
#6249 = DIRECTION ( 'NONE',  ( -0.000000000000000000, -0.000000000000000000, -1.000000000000000000 ) ) ;
#6250 = DIRECTION ( 'NONE',  ( 1.000000000000000000, 0.000000000000000000, -1.201915551212388030E-13 ) ) ;
#6251 = DIRECTION ( 'NONE',  ( 0.000000000000000000, -1.000000000000000000, 0.000000000000000000 ) ) ;
#6252 = PLANE ( 'NONE',  #8608 ) ;
#6253 = EDGE_LOOP ( 'NONE', ( #3522, #883, #1023, #4481 ) ) ;
#6254 = ORIENTED_EDGE ( 'NONE', *, *, #8033, .F. ) ;
#6255 = CARTESIAN_POINT ( 'NONE',  ( 0.000000000000000000, 0.000000000000000000, 2.050000000000000266 ) ) ;
#6256 = ORIENTED_EDGE ( 'NONE', *, *, #7042, .T. ) ;
#6257 = FILL_AREA_STYLE ('',( #5465 ) ) ;
#6258 = ADVANCED_FACE ( 'NONE', ( #5642 ), #1652, .T. ) ;
#6259 = ORIENTED_EDGE ( 'NONE', *, *, #7927, .T. ) ;
#6260 = CARTESIAN_POINT ( 'NONE',  ( 0.8500000000000205169, -0.05000000000000000278, -1.599999999999999867 ) ) ;
#6261 = ADVANCED_FACE ( 'NONE', ( #9377 ), #3757, .F. ) ;
#6262 = DIRECTION ( 'NONE',  ( 0.000000000000000000, 0.000000000000000000, 1.000000000000000000 ) ) ;
#6263 = ORIENTED_EDGE ( 'NONE', *, *, #4256, .T. ) ;
#6264 = DIRECTION ( 'NONE',  ( -0.000000000000000000, -1.000000000000000000, -0.000000000000000000 ) ) ;
#6265 = CARTESIAN_POINT ( 'NONE',  ( 0.05000000000002047945, -0.05000000000000000278, 1.599999999999999645 ) ) ;
#6266 = FACE_OUTER_BOUND ( 'NONE', #4475, .T. ) ;
#6267 = DIRECTION ( 'NONE',  ( 0.000000000000000000, 0.000000000000000000, 1.000000000000000000 ) ) ;
#6268 = EDGE_CURVE ( 'NONE', #5813, #569, #7055, .T. ) ;
#6269 = EDGE_CURVE ( 'NONE', #6831, #6518, #6221, .T. ) ;
#6270 = CARTESIAN_POINT ( 'NONE',  ( -0.5500000000000000444, -0.05000000000000000278, 0.09999999999999950595 ) ) ;
#6271 = DIRECTION ( 'NONE',  ( -1.000000000000000000, -0.000000000000000000, -0.000000000000000000 ) ) ;
#6272 = CARTESIAN_POINT ( 'NONE',  ( 0.7000000000000209388, -0.05000000000000000278, -2.050000000000000266 ) ) ;
#6273 = FACE_OUTER_BOUND ( 'NONE', #2335, .T. ) ;
#6274 = LINE ( 'NONE', #593, #4295 ) ;
#6275 = DIRECTION ( 'NONE',  ( 1.000000000000000000, -0.000000000000000000, -0.000000000000000000 ) ) ;
#6276 = ORIENTED_EDGE ( 'NONE', *, *, #8431, .T. ) ;
#6277 = FILL_AREA_STYLE ('',( #5437 ) ) ;
#6278 =( NAMED_UNIT ( * ) SI_UNIT ( $, .STERADIAN. ) SOLID_ANGLE_UNIT ( ) );
#6279 = DIRECTION ( 'NONE',  ( 0.000000000000000000, 0.000000000000000000, 1.000000000000000000 ) ) ;
#6280 = DIRECTION ( 'NONE',  ( -1.000000000000000000, 0.000000000000000000, 0.000000000000000000 ) ) ;
#6281 = LINE ( 'NONE', #1550, #2757 ) ;
#6282 = ORIENTED_EDGE ( 'NONE', *, *, #8877, .T. ) ;
#6283 = CARTESIAN_POINT ( 'NONE',  ( 0.3000000000000209166, -0.05000000000000000278, 2.050000000000000266 ) ) ;
#6284 = ORIENTED_EDGE ( 'NONE', *, *, #5792, .F. ) ;
#6285 = UNCERTAINTY_MEASURE_WITH_UNIT (LENGTH_MEASURE( 1.000000000000000082E-05 ), #8742, 'distance_accuracy_value', 'NONE');
#6286 = LINE ( 'NONE', #9443, #9977 ) ;
#6287 = DIRECTION ( 'NONE',  ( -0.000000000000000000, 1.000000000000000000, -0.000000000000000000 ) ) ;
#6288 = VECTOR ( 'NONE', #4362, 1000.000000000000000 ) ;
#6289 = MECHANICAL_DESIGN_GEOMETRIC_PRESENTATION_REPRESENTATION (  '', ( #5809 ), #5778 ) ;
#6290 = ORIENTED_EDGE ( 'NONE', *, *, #3605, .F. ) ;
#6291 = ORIENTED_EDGE ( 'NONE', *, *, #5636, .T. ) ;
#6292 = EDGE_CURVE ( 'NONE', #6102, #7349, #10284, .T. ) ;
#6293 = EDGE_CURVE ( 'NONE', #3450, #5618, #9896, .T. ) ;
#6294 = ORIENTED_EDGE ( 'NONE', *, *, #2334, .F. ) ;
#6295 = VECTOR ( 'NONE', #8670, 1000.000000000000000 ) ;
#6296 = UNCERTAINTY_MEASURE_WITH_UNIT (LENGTH_MEASURE( 1.000000000000000082E-05 ), #4347, 'distance_accuracy_value', 'NONE');
#6297 = VECTOR ( 'NONE', #6120, 1000.000000000000000 ) ;
#6298 = CARTESIAN_POINT ( 'NONE',  ( 0.05000000000005389023, 0.000000000000000000, 1.649999999999967049 ) ) ;
#6299 = STYLED_ITEM ( 'NONE', ( #2061 ), #7485 ) ;
#6300 = FILL_AREA_STYLE_COLOUR ( '', #5795 ) ;
#6301 = EDGE_LOOP ( 'NONE', ( #8445, #3585, #5697, #10086, #7575, #9717 ) ) ;
#6302 = DIRECTION ( 'NONE',  ( -0.000000000000000000, 1.000000000000000000, -0.000000000000000000 ) ) ;
#6303 = DIRECTION ( 'NONE',  ( -0.000000000000000000, -1.000000000000000000, 0.000000000000000000 ) ) ;
#6304 = ORIENTED_EDGE ( 'NONE', *, *, #4746, .F. ) ;
#6305 = LINE ( 'NONE', #2176, #3091 ) ;
#6306 = VECTOR ( 'NONE', #8063, 1000.000000000000000 ) ;
#6307 = CIRCLE ( 'NONE', #1116, 0.05000000000000002359 ) ;
#6308 = MECHANICAL_DESIGN_GEOMETRIC_PRESENTATION_REPRESENTATION (  '', ( #7623 ), #5146 ) ;
#6309 =( LENGTH_UNIT ( ) NAMED_UNIT ( * ) SI_UNIT ( .MILLI., .METRE. ) );
#6310 = COLOUR_RGB ( '',0.7686274509803920907, 0.7686274509803920907, 0.7686274509803920907 ) ;
#6311 = CARTESIAN_POINT ( 'NONE',  ( -0.5500000000000038192, -0.05000000000000000278, 1.199999999999999734 ) ) ;
#6312 = ORIENTED_EDGE ( 'NONE', *, *, #1176, .T. ) ;
#6313 = FILL_AREA_STYLE_COLOUR ( '', #5639 ) ;
#6314 =( GEOMETRIC_REPRESENTATION_CONTEXT ( 3 ) GLOBAL_UNCERTAINTY_ASSIGNED_CONTEXT ( ( #9834 ) ) GLOBAL_UNIT_ASSIGNED_CONTEXT ( ( #5896, #2005, #5942 ) ) REPRESENTATION_CONTEXT ( 'NONE', 'WORKASPACE' ) );
#6315 = CYLINDRICAL_SURFACE ( 'NONE', #2971, 0.04999999999995480976 ) ;
#6316 = DIRECTION ( 'NONE',  ( 0.000000000000000000, 0.000000000000000000, 1.000000000000000000 ) ) ;
#6317 = VECTOR ( 'NONE', #6434, 1000.000000000000000 ) ;
#6318 =( LENGTH_UNIT ( ) NAMED_UNIT ( * ) SI_UNIT ( .MILLI., .METRE. ) );
#6319 = AXIS2_PLACEMENT_3D ( 'NONE', #6522, #4172, #791 ) ;
#6320 = MECHANICAL_DESIGN_GEOMETRIC_PRESENTATION_REPRESENTATION (  '', ( #8663 ), #7154 ) ;
#6321 = EDGE_CURVE ( 'NONE', #192, #3418, #5075, .T. ) ;
#6322 = EDGE_CURVE ( 'NONE', #7660, #8581, #4284, .T. ) ;
#6323 = COLOUR_RGB ( '',0.7686274509803920907, 0.7686274509803920907, 0.7686274509803920907 ) ;
#6324 = PRESENTATION_STYLE_ASSIGNMENT (( #8669 ) ) ;
#6325 = DIRECTION ( 'NONE',  ( -0.000000000000000000, -0.000000000000000000, -1.000000000000000000 ) ) ;
#6326 = ORIENTED_EDGE ( 'NONE', *, *, #6634, .T. ) ;
#6327 = STYLED_ITEM ( 'NONE', ( #5898 ), #9399 ) ;
#6328 = VECTOR ( 'NONE', #6702, 1000.000000000000000 ) ;
#6329 =( NAMED_UNIT ( * ) PLANE_ANGLE_UNIT ( ) SI_UNIT ( $, .RADIAN. ) );
#6330 = ADVANCED_FACE ( 'NONE', ( #7810 ), #7460, .T. ) ;
#6331 =( LENGTH_UNIT ( ) NAMED_UNIT ( * ) SI_UNIT ( .MILLI., .METRE. ) );
#6332 = FILL_AREA_STYLE_COLOUR ( '', #3534 ) ;
#6333 = DIRECTION ( 'NONE',  ( 0.000000000000000000, 1.000000000000000000, 0.000000000000000000 ) ) ;
#6334 = ORIENTED_EDGE ( 'NONE', *, *, #2202, .F. ) ;
#6335 =( GEOMETRIC_REPRESENTATION_CONTEXT ( 3 ) GLOBAL_UNCERTAINTY_ASSIGNED_CONTEXT ( ( #3020 ) ) GLOBAL_UNIT_ASSIGNED_CONTEXT ( ( #8224, #5047, #4991 ) ) REPRESENTATION_CONTEXT ( 'NONE', 'WORKASPACE' ) );
#6336 = CARTESIAN_POINT ( 'NONE',  ( 0.9000000000000208944, 0.1499999999999999944, -2.050000000000000266 ) ) ;
#6337 = CARTESIAN_POINT ( 'NONE',  ( 1.200000000000000622, 0.000000000000000000, 0.04999999999999955869 ) ) ;
#6338 = ORIENTED_EDGE ( 'NONE', *, *, #7288, .F. ) ;
#6339 = DIRECTION ( 'NONE',  ( 0.000000000000000000, 0.000000000000000000, 1.000000000000000000 ) ) ;
#6340 =( LENGTH_UNIT ( ) NAMED_UNIT ( * ) SI_UNIT ( .MILLI., .METRE. ) );
#6341 =( NAMED_UNIT ( * ) SI_UNIT ( $, .STERADIAN. ) SOLID_ANGLE_UNIT ( ) );
#6342 = AXIS2_PLACEMENT_3D ( 'NONE', #6029, #3565, #2030 ) ;
#6343 = STYLED_ITEM ( 'NONE', ( #3224 ), #1887 ) ;
#6344 = EDGE_LOOP ( 'NONE', ( #10144, #6068, #5876, #8597 ) ) ;
#6345 = DIRECTION ( 'NONE',  ( 0.000000000000000000, 0.000000000000000000, -1.000000000000000000 ) ) ;
#6346 = SURFACE_STYLE_USAGE ( .BOTH. , #5512 ) ;
#6347 = SURFACE_SIDE_STYLE ('',( #2322 ) ) ;
#6348 = ORIENTED_EDGE ( 'NONE', *, *, #3253, .F. ) ;
#6349 = VERTEX_POINT ( 'NONE', #6260 ) ;
#6350 = MECHANICAL_DESIGN_GEOMETRIC_PRESENTATION_REPRESENTATION (  '', ( #646 ), #2000 ) ;
#6351 =( GEOMETRIC_REPRESENTATION_CONTEXT ( 3 ) GLOBAL_UNCERTAINTY_ASSIGNED_CONTEXT ( ( #2104 ) ) GLOBAL_UNIT_ASSIGNED_CONTEXT ( ( #1988, #7585, #2043 ) ) REPRESENTATION_CONTEXT ( 'NONE', 'WORKASPACE' ) );
#6352 =( NAMED_UNIT ( * ) SI_UNIT ( $, .STERADIAN. ) SOLID_ANGLE_UNIT ( ) );
#6353 = ORIENTED_EDGE ( 'NONE', *, *, #8039, .T. ) ;
#6354 =( GEOMETRIC_REPRESENTATION_CONTEXT ( 3 ) GLOBAL_UNCERTAINTY_ASSIGNED_CONTEXT ( ( #4607 ) ) GLOBAL_UNIT_ASSIGNED_CONTEXT ( ( #2184, #2343, #582 ) ) REPRESENTATION_CONTEXT ( 'NONE', 'WORKASPACE' ) );
#6355 = CARTESIAN_POINT ( 'NONE',  ( -2.000000000000003997, -0.05000000000000000278, 1.249999999999999556 ) ) ;
#6356 = CARTESIAN_POINT ( 'NONE',  ( 1.450000000000020828, -0.05000000000000000278, -2.050000000000000266 ) ) ;
#6357 = ADVANCED_FACE ( 'NONE', ( #8713 ), #32, .F. ) ;
#6358 = EDGE_CURVE ( 'NONE', #5999, #4208, #8018, .T. ) ;
#6359 = ORIENTED_EDGE ( 'NONE', *, *, #354, .T. ) ;
#6360 = VECTOR ( 'NONE', #8850, 1000.000000000000000 ) ;
#6361 = VECTOR ( 'NONE', #5526, 1000.000000000000000 ) ;
#6362 = SURFACE_STYLE_FILL_AREA ( #4901 ) ;
#6363 = AXIS2_PLACEMENT_3D ( 'NONE', #2530, #8165, #6505 ) ;
#6364 = DIRECTION ( 'NONE',  ( 0.000000000000000000, 0.000000000000000000, 1.000000000000000000 ) ) ;
#6365 = VERTEX_POINT ( 'NONE', #1482 ) ;
#6366 = LINE ( 'NONE', #6459, #7470 ) ;
#6367 = CARTESIAN_POINT ( 'NONE',  ( -1.450000000000020828, 0.1499999999999999944, -2.050000000000000266 ) ) ;
#6368 = PRESENTATION_LAYER_ASSIGNMENT (  '', '', ( #6705 ) ) ;
#6369 =( GEOMETRIC_REPRESENTATION_CONTEXT ( 3 ) GLOBAL_UNCERTAINTY_ASSIGNED_CONTEXT ( ( #4226 ) ) GLOBAL_UNIT_ASSIGNED_CONTEXT ( ( #6725, #6771, #6826 ) ) REPRESENTATION_CONTEXT ( 'NONE', 'WORKASPACE' ) );
#6370 = PRESENTATION_STYLE_ASSIGNMENT (( #736 ) ) ;
#6371 = COLOUR_RGB ( '',0.7686274509803920907, 0.7686274509803920907, 0.7686274509803920907 ) ;
#6372 = COLOUR_RGB ( '',0.7686274509803920907, 0.7686274509803920907, 0.7686274509803920907 ) ;
#6373 = LINE ( 'NONE', #5429, #3816 ) ;
#6374 = FILL_AREA_STYLE ('',( #7975 ) ) ;
#6375 = CIRCLE ( 'NONE', #3879, 0.04999999999996716793 ) ;
#6376 = VECTOR ( 'NONE', #7778, 1000.000000000000000 ) ;
#6377 = MECHANICAL_DESIGN_GEOMETRIC_PRESENTATION_REPRESENTATION (  '', ( #7368 ), #6058 ) ;
#6378 = FILL_AREA_STYLE ('',( #2294 ) ) ;
#6379 = DIRECTION ( 'NONE',  ( -0.000000000000000000, 1.000000000000000000, -0.000000000000000000 ) ) ;
#6380 =( NAMED_UNIT ( * ) SI_UNIT ( $, .STERADIAN. ) SOLID_ANGLE_UNIT ( ) );
#6381 = ORIENTED_EDGE ( 'NONE', *, *, #5946, .F. ) ;
#6382 = FACE_OUTER_BOUND ( 'NONE', #10268, .T. ) ;
#6383 = AXIS2_PLACEMENT_3D ( 'NONE', #9234, #9279, #10065 ) ;
#6384 = CARTESIAN_POINT ( 'NONE',  ( 1.250000000000000444, 0.000000000000000000, 0.04999999999999991257 ) ) ;
#6385 = ADVANCED_FACE ( 'NONE', ( #10254 ), #9530, .T. ) ;
#6386 = FILL_AREA_STYLE ('',( #2032 ) ) ;
#6387 = DIRECTION ( 'NONE',  ( -0.000000000000000000, -0.000000000000000000, -1.000000000000000000 ) ) ;
#6388 = DIRECTION ( 'NONE',  ( -0.000000000000000000, -1.000000000000000000, -0.000000000000000000 ) ) ;
#6389 = DIRECTION ( 'NONE',  ( -0.000000000000000000, 1.000000000000000000, -0.000000000000000000 ) ) ;
#6390 = ORIENTED_EDGE ( 'NONE', *, *, #2378, .F. ) ;
#6391 = SURFACE_STYLE_USAGE ( .BOTH. , #6241 ) ;
#6392 = DIRECTION ( 'NONE',  ( 0.000000000000000000, -1.000000000000000000, 0.000000000000000000 ) ) ;
#6393 = ORIENTED_EDGE ( 'NONE', *, *, #676, .F. ) ;
#6394 = UNCERTAINTY_MEASURE_WITH_UNIT (LENGTH_MEASURE( 1.000000000000000082E-05 ), #2057, 'distance_accuracy_value', 'NONE');
#6395 = LINE ( 'NONE', #2377, #3677 ) ;
#6396 = EDGE_CURVE ( 'NONE', #2833, #8065, #10304, .T. ) ;
#6397 = ORIENTED_EDGE ( 'NONE', *, *, #2270, .F. ) ;
#6398 =( NAMED_UNIT ( * ) SI_UNIT ( $, .STERADIAN. ) SOLID_ANGLE_UNIT ( ) );
#6399 = PRESENTATION_STYLE_ASSIGNMENT (( #6497 ) ) ;
#6400 = SURFACE_STYLE_FILL_AREA ( #8639 ) ;
#6401 = ORIENTED_EDGE ( 'NONE', *, *, #9116, .T. ) ;
#6402 = VERTEX_POINT ( 'NONE', #2280 ) ;
#6403 = UNCERTAINTY_MEASURE_WITH_UNIT (LENGTH_MEASURE( 1.000000000000000082E-05 ), #10058, 'distance_accuracy_value', 'NONE');
#6404 = LINE ( 'NONE', #8005, #5490 ) ;
#6405 = EDGE_CURVE ( 'NONE', #5138, #3636, #2391, .T. ) ;
#6406 = CARTESIAN_POINT ( 'NONE',  ( 0.8500000000000540457, -0.05000000000000000278, 1.649999999999967049 ) ) ;
#6407 = ORIENTED_EDGE ( 'NONE', *, *, #859, .F. ) ;
#6408 = SURFACE_SIDE_STYLE ('',( #4840 ) ) ;
#6409 = LINE ( 'NONE', #6356, #8980 ) ;
#6410 = VERTEX_POINT ( 'NONE', #1627 ) ;
#6411 = DIRECTION ( 'NONE',  ( -0.000000000000000000, -0.000000000000000000, -1.000000000000000000 ) ) ;
#6412 = FILL_AREA_STYLE_COLOUR ( '', #10115 ) ;
#6413 = CARTESIAN_POINT ( 'NONE',  ( 0.7499999999999878986, -0.05000000000000000278, 1.649999999999967049 ) ) ;
#6414 = ORIENTED_EDGE ( 'NONE', *, *, #4315, .T. ) ;
#6415 = EDGE_CURVE ( 'NONE', #3731, #10191, #842, .T. ) ;
#6416 = LINE ( 'NONE', #3270, #8654 ) ;
#6417 = EDGE_CURVE ( 'NONE', #2897, #6097, #9827, .T. ) ;
#6418 = CARTESIAN_POINT ( 'NONE',  ( -0.09999999999997917499, 0.000000000000000000, 2.000000000000000000 ) ) ;
#6419 = DIRECTION ( 'NONE',  ( -0.000000000000000000, 1.000000000000000000, -0.000000000000000000 ) ) ;
#6420 = LINE ( 'NONE', #9575, #8032 ) ;
#6421 =( GEOMETRIC_REPRESENTATION_CONTEXT ( 3 ) GLOBAL_UNCERTAINTY_ASSIGNED_CONTEXT ( ( #2621 ) ) GLOBAL_UNIT_ASSIGNED_CONTEXT ( ( #6941, #2945, #1273 ) ) REPRESENTATION_CONTEXT ( 'NONE', 'WORKASPACE' ) );
#6422 = CARTESIAN_POINT ( 'NONE',  ( 1.249999999999999556, -0.05000000000000000278, 0.4999999999999997780 ) ) ;
#6423 = CARTESIAN_POINT ( 'NONE',  ( 0.5000000000000208722, -0.05000000000000000278, 1.649999999999999911 ) ) ;
#6424 = DIRECTION ( 'NONE',  ( 0.000000000000000000, 0.000000000000000000, 1.000000000000000000 ) ) ;
#6425 = EDGE_CURVE ( 'NONE', #7543, #9167, #2632, .T. ) ;
#6426 = CARTESIAN_POINT ( 'NONE',  ( 2.000000000000000000, -0.05000000000000000278, -0.6999999999999998446 ) ) ;
#6427 = EDGE_LOOP ( 'NONE', ( #7034, #8979, #3414, #7915 ) ) ;
#6428 = CARTESIAN_POINT ( 'NONE',  ( -2.050000000000000266, -0.05000000000000000278, 1.249999999999999556 ) ) ;
#6429 = CARTESIAN_POINT ( 'NONE',  ( 0.3499999999999878209, -0.05000000000000000278, 1.649999999999967049 ) ) ;
#6430 =( LENGTH_UNIT ( ) NAMED_UNIT ( * ) SI_UNIT ( .MILLI., .METRE. ) );
#6431 =( NAMED_UNIT ( * ) SI_UNIT ( $, .STERADIAN. ) SOLID_ANGLE_UNIT ( ) );
#6432 = FILL_AREA_STYLE ('',( #49 ) ) ;
#6433 = FACE_OUTER_BOUND ( 'NONE', #4337, .T. ) ;
#6434 = DIRECTION ( 'NONE',  ( -0.000000000000000000, -1.000000000000000000, -0.000000000000000000 ) ) ;
#6435 = CARTESIAN_POINT ( 'NONE',  ( 0.3000000000000209166, 0.1499999999999999944, 2.050000000000000266 ) ) ;
#6436 = DIRECTION ( 'NONE',  ( 1.000000000000000000, 0.000000000000000000, 0.000000000000000000 ) ) ;
#6437 = ORIENTED_EDGE ( 'NONE', *, *, #1563, .F. ) ;
#6438 = LINE ( 'NONE', #3252, #6846 ) ;
#6439 = ORIENTED_EDGE ( 'NONE', *, *, #489, .F. ) ;
#6440 = PLANE ( 'NONE',  #8312 ) ;
#6441 =( NAMED_UNIT ( * ) SI_UNIT ( $, .STERADIAN. ) SOLID_ANGLE_UNIT ( ) );
#6442 = ORIENTED_EDGE ( 'NONE', *, *, #2600, .F. ) ;
#6443 = ADVANCED_FACE ( 'NONE', ( #1163 ), #8173, .F. ) ;
#6444 = EDGE_CURVE ( 'NONE', #9118, #6904, #9006, .T. ) ;
#6445 = VERTEX_POINT ( 'NONE', #6570 ) ;
#6446 = SURFACE_STYLE_FILL_AREA ( #3261 ) ;
#6447 = VERTEX_POINT ( 'NONE', #5890 ) ;
#6448 = SURFACE_SIDE_STYLE ('',( #74 ) ) ;
#6449 = LINE ( 'NONE', #1681, #7503 ) ;
#6450 = FILL_AREA_STYLE_COLOUR ( '', #7167 ) ;
#6451 = COLOUR_RGB ( '',0.7686274509803920907, 0.7686274509803920907, 0.7686274509803920907 ) ;
#6452 = ORIENTED_EDGE ( 'NONE', *, *, #6678, .F. ) ;
#6453 = SURFACE_STYLE_FILL_AREA ( #4105 ) ;
#6454 = EDGE_CURVE ( 'NONE', #2730, #631, #7492, .T. ) ;
#6455 = STYLED_ITEM ( 'NONE', ( #9343 ), #8135 ) ;
#6456 =( GEOMETRIC_REPRESENTATION_CONTEXT ( 3 ) GLOBAL_UNCERTAINTY_ASSIGNED_CONTEXT ( ( #6936 ) ) GLOBAL_UNIT_ASSIGNED_CONTEXT ( ( #445, #2920, #5287 ) ) REPRESENTATION_CONTEXT ( 'NONE', 'WORKASPACE' ) );
#6457 =( GEOMETRIC_REPRESENTATION_CONTEXT ( 3 ) GLOBAL_UNCERTAINTY_ASSIGNED_CONTEXT ( ( #3686 ) ) GLOBAL_UNIT_ASSIGNED_CONTEXT ( ( #5025, #4196, #217 ) ) REPRESENTATION_CONTEXT ( 'NONE', 'WORKASPACE' ) );
#6458 = EDGE_LOOP ( 'NONE', ( #7751, #863, #10247, #3007, #10142, #1169 ) ) ;
#6459 = CARTESIAN_POINT ( 'NONE',  ( -0.2999999999999792277, -0.05000000000000000278, -1.649999999999999467 ) ) ;
#6460 =( LENGTH_UNIT ( ) NAMED_UNIT ( * ) SI_UNIT ( .MILLI., .METRE. ) );
#6461 = PRESENTATION_STYLE_ASSIGNMENT (( #7969 ) ) ;
#6462 = CARTESIAN_POINT ( 'NONE',  ( 1.200000000000013056, -0.05000000000000000278, -1.249999999999999778 ) ) ;
#6463 = AXIS2_PLACEMENT_3D ( 'NONE', #852, #9635, #2492 ) ;
#6464 = UNCERTAINTY_MEASURE_WITH_UNIT (LENGTH_MEASURE( 1.000000000000000082E-05 ), #2625, 'distance_accuracy_value', 'NONE');
#6465 =( GEOMETRIC_REPRESENTATION_CONTEXT ( 3 ) GLOBAL_UNCERTAINTY_ASSIGNED_CONTEXT ( ( #2637 ) ) GLOBAL_UNIT_ASSIGNED_CONTEXT ( ( #2500, #5640, #8040 ) ) REPRESENTATION_CONTEXT ( 'NONE', 'WORKASPACE' ) );
#6466 =( GEOMETRIC_REPRESENTATION_CONTEXT ( 3 ) GLOBAL_UNCERTAINTY_ASSIGNED_CONTEXT ( ( #4201 ) ) GLOBAL_UNIT_ASSIGNED_CONTEXT ( ( #2292, #542, #4707 ) ) REPRESENTATION_CONTEXT ( 'NONE', 'WORKASPACE' ) );
#6467 = PRESENTATION_LAYER_ASSIGNMENT (  '', '', ( #1778 ) ) ;
#6468 = SURFACE_STYLE_USAGE ( .BOTH. , #9877 ) ;
#6469 = DIRECTION ( 'NONE',  ( -0.000000000000000000, 1.000000000000000000, -0.000000000000000000 ) ) ;
#6470 = CARTESIAN_POINT ( 'NONE',  ( 0.3499999999999878209, -0.05000000000000000278, -1.649999999999967049 ) ) ;
#6471 = FILL_AREA_STYLE ('',( #3279 ) ) ;
#6472 =( GEOMETRIC_REPRESENTATION_CONTEXT ( 3 ) GLOBAL_UNCERTAINTY_ASSIGNED_CONTEXT ( ( #7861 ) ) GLOBAL_UNIT_ASSIGNED_CONTEXT ( ( #6318, #3969, #6228 ) ) REPRESENTATION_CONTEXT ( 'NONE', 'WORKASPACE' ) );
#6473 = CIRCLE ( 'NONE', #7141, 0.04999999999996695282 ) ;
#6474 = CARTESIAN_POINT ( 'NONE',  ( 1.150000000000021005, -0.05000000000000000278, -2.000000000000000000 ) ) ;
#6475 = CARTESIAN_POINT ( 'NONE',  ( 0.1000000000000208361, 0.000000000000000000, -1.999999999999999556 ) ) ;
#6476 = ORIENTED_EDGE ( 'NONE', *, *, #354, .F. ) ;
#6477 =( GEOMETRIC_REPRESENTATION_CONTEXT ( 3 ) GLOBAL_UNCERTAINTY_ASSIGNED_CONTEXT ( ( #10353 ) ) GLOBAL_UNIT_ASSIGNED_CONTEXT ( ( #2246, #5587, #8727 ) ) REPRESENTATION_CONTEXT ( 'NONE', 'WORKASPACE' ) );
#6478 = CYLINDRICAL_SURFACE ( 'NONE', #4506, 0.04999999999996716793 ) ;
#6479 = CARTESIAN_POINT ( 'NONE',  ( -2.050000000000000266, -0.05000000000000000278, -0.7000000000000003997 ) ) ;
#6480 = ADVANCED_FACE ( 'NONE', ( #9100 ), #8229, .F. ) ;
#6481 = STYLED_ITEM ( 'NONE', ( #8909 ), #729 ) ;
#6482 = ADVANCED_FACE ( 'NONE', ( #4265 ), #241, .F. ) ;
#6483 = DIRECTION ( 'NONE',  ( -0.000000000000000000, 1.000000000000000000, -0.000000000000000000 ) ) ;
#6484 = CARTESIAN_POINT ( 'NONE',  ( -0.6999999999999791944, 0.1499999999999999944, 2.050000000000000266 ) ) ;
#6485 = PRESENTATION_LAYER_ASSIGNMENT (  '', '', ( #617 ) ) ;
#6486 = SURFACE_STYLE_FILL_AREA ( #3290 ) ;
#6487 = CARTESIAN_POINT ( 'NONE',  ( -1.449999999999978861, -0.05000000000000000278, 1.649999999999966827 ) ) ;
#6488 = LINE ( 'NONE', #6640, #6130 ) ;
#6489 = ORIENTED_EDGE ( 'NONE', *, *, #8557, .T. ) ;
#6490 = AXIS2_PLACEMENT_3D ( 'NONE', #9949, #6687, #6015 ) ;
#6491 = UNCERTAINTY_MEASURE_WITH_UNIT (LENGTH_MEASURE( 1.000000000000000082E-05 ), #7804, 'distance_accuracy_value', 'NONE');
#6492 = CARTESIAN_POINT ( 'NONE',  ( -0.5000000000000018874, 0.000000000000000000, 0.6499999999999992450 ) ) ;
#6493 = EDGE_LOOP ( 'NONE', ( #2699, #4253, #1886, #3572, #9885, #3097 ) ) ;
#6494 = DIRECTION ( 'NONE',  ( -0.000000000000000000, 1.000000000000000000, -0.000000000000000000 ) ) ;
#6495 = VECTOR ( 'NONE', #251, 1000.000000000000000 ) ;
#6496 = SURFACE_STYLE_USAGE ( .BOTH. , #3400 ) ;
#6497 = SURFACE_STYLE_USAGE ( .BOTH. , #3219 ) ;
#6498 = DIRECTION ( 'NONE',  ( 0.000000000000000000, 0.000000000000000000, 1.000000000000000000 ) ) ;
#6499 = ORIENTED_EDGE ( 'NONE', *, *, #3571, .T. ) ;
#6500 = DIRECTION ( 'NONE',  ( 0.000000000000000000, 0.000000000000000000, 1.000000000000000000 ) ) ;
#6501 = EDGE_LOOP ( 'NONE', ( #2582, #5366, #3596, #4392 ) ) ;
#6502 = FACE_OUTER_BOUND ( 'NONE', #5950, .T. ) ;
#6503 =( NAMED_UNIT ( * ) SI_UNIT ( $, .STERADIAN. ) SOLID_ANGLE_UNIT ( ) );
#6504 = ORIENTED_EDGE ( 'NONE', *, *, #7718, .F. ) ;
#6505 = DIRECTION ( 'NONE',  ( -1.000000000000000000, 0.000000000000000000, -0.000000000000000000 ) ) ;
#6506 = PLANE ( 'NONE',  #8692 ) ;
#6507 = MECHANICAL_DESIGN_GEOMETRIC_PRESENTATION_REPRESENTATION (  '', ( #288 ), #2160 ) ;
#6508 = VECTOR ( 'NONE', #9793, 1000.000000000000000 ) ;
#6509 = VECTOR ( 'NONE', #8817, 1000.000000000000000 ) ;
#6510 = CARTESIAN_POINT ( 'NONE',  ( 2.000000000000000000, 0.000000000000000000, -1.300000000000000266 ) ) ;
#6511 = ORIENTED_EDGE ( 'NONE', *, *, #7690, .T. ) ;
#6512 = CARTESIAN_POINT ( 'NONE',  ( -0.09999999999997911948, 0.1499999999999999944, 2.000000000000000000 ) ) ;
#6513 = EDGE_CURVE ( 'NONE', #7860, #8912, #10140, .T. ) ;
#6514 = DIRECTION ( 'NONE',  ( -1.000000000000000000, 0.000000000000000000, -1.445602896647339656E-16 ) ) ;
#6515 = VECTOR ( 'NONE', #7679, 1000.000000000000000 ) ;
#6516 = VECTOR ( 'NONE', #877, 1000.000000000000000 ) ;
#6517 = AXIS2_PLACEMENT_3D ( 'NONE', #1577, #4636, #7103 ) ;
#6518 = VERTEX_POINT ( 'NONE', #2050 ) ;
#6519 = CARTESIAN_POINT ( 'NONE',  ( -0.2999999999999792277, -0.05000000000000000278, -2.000000000000000000 ) ) ;
#6520 = CARTESIAN_POINT ( 'NONE',  ( 0.7500000000000213163, -0.05000000000000000278, -1.599999999999999645 ) ) ;
#6521 = CARTESIAN_POINT ( 'NONE',  ( -0.8999999999999791500, -1.355252715606880543E-17, 2.000000000000000000 ) ) ;
#6522 = CARTESIAN_POINT ( 'NONE',  ( -0.8999999999999793721, -0.05000000000000000278, 2.000000000000005773 ) ) ;
#6523 = EDGE_CURVE ( 'NONE', #5357, #3758, #6933, .T. ) ;
#6524 = PRESENTATION_STYLE_ASSIGNMENT (( #252 ) ) ;
#6525 = CIRCLE ( 'NONE', #3009, 0.04999999999996716793 ) ;
#6526 = PRESENTATION_LAYER_ASSIGNMENT (  '', '', ( #647 ) ) ;
#6527 = VECTOR ( 'NONE', #3592, 1000.000000000000000 ) ;
#6528 = FILL_AREA_STYLE ('',( #2586 ) ) ;
#6529 = DIRECTION ( 'NONE',  ( 0.000000000000000000, -1.000000000000000000, 0.000000000000000000 ) ) ;
#6530 = CARTESIAN_POINT ( 'NONE',  ( -2.050000000000000266, -0.05000000000000000278, -1.250000000000000444 ) ) ;
#6531 = VECTOR ( 'NONE', #1979, 1000.000000000000000 ) ;
#6532 = PRESENTATION_STYLE_ASSIGNMENT (( #4074 ) ) ;
#6533 = FACE_OUTER_BOUND ( 'NONE', #1696, .T. ) ;
#6534 =( GEOMETRIC_REPRESENTATION_CONTEXT ( 3 ) GLOBAL_UNCERTAINTY_ASSIGNED_CONTEXT ( ( #9397 ) ) GLOBAL_UNIT_ASSIGNED_CONTEXT ( ( #2090, #5448, #3742 ) ) REPRESENTATION_CONTEXT ( 'NONE', 'WORKASPACE' ) );
#6535 = VERTEX_POINT ( 'NONE', #6101 ) ;
#6536 = CARTESIAN_POINT ( 'NONE',  ( 1.450000000000020828, 0.1499999999999999944, -2.050000000000000266 ) ) ;
#6537 = FACE_OUTER_BOUND ( 'NONE', #1038, .T. ) ;
#6538 = EDGE_CURVE ( 'NONE', #6154, #6555, #5311, .T. ) ;
#6539 = SURFACE_STYLE_USAGE ( .BOTH. , #959 ) ;
#6540 = SURFACE_SIDE_STYLE ('',( #4078 ) ) ;
#6541 = COLOUR_RGB ( '',0.7686274509803920907, 0.7686274509803920907, 0.7686274509803920907 ) ;
#6542 = SURFACE_SIDE_STYLE ('',( #5793 ) ) ;
#6543 = PRESENTATION_LAYER_ASSIGNMENT (  '', '', ( #9195 ) ) ;
#6544 = PRESENTATION_LAYER_ASSIGNMENT (  '', '', ( #10364 ) ) ;
#6545 = FILL_AREA_STYLE_COLOUR ( '', #2940 ) ;
#6546 = DIRECTION ( 'NONE',  ( 0.000000000000000000, 0.000000000000000000, 1.000000000000000000 ) ) ;
#6547 = DIRECTION ( 'NONE',  ( -1.000000000000000000, 0.000000000000000000, -1.445602896647340149E-16 ) ) ;
#6548 = ORIENTED_EDGE ( 'NONE', *, *, #1759, .F. ) ;
#6549 = EDGE_CURVE ( 'NONE', #7467, #2618, #6057, .T. ) ;
#6550 = AXIS2_PLACEMENT_3D ( 'NONE', #4071, #10317, #5543 ) ;
#6551 = EDGE_CURVE ( 'NONE', #9983, #1522, #2832, .T. ) ;
#6552 = AXIS2_PLACEMENT_3D ( 'NONE', #2844, #9067, #5899 ) ;
#6553 = DIRECTION ( 'NONE',  ( 0.000000000000000000, 0.000000000000000000, 1.000000000000000000 ) ) ;
#6554 = UNCERTAINTY_MEASURE_WITH_UNIT (LENGTH_MEASURE( 1.000000000000000082E-05 ), #4742, 'distance_accuracy_value', 'NONE');
#6555 = VERTEX_POINT ( 'NONE', #523 ) ;
#6556 = DIRECTION ( 'NONE',  ( 6.195440985630865644E-16, 0.000000000000000000, -1.000000000000000000 ) ) ;
#6557 = SURFACE_SIDE_STYLE ('',( #979 ) ) ;
#6558 =( GEOMETRIC_REPRESENTATION_CONTEXT ( 3 ) GLOBAL_UNCERTAINTY_ASSIGNED_CONTEXT ( ( #6732 ) ) GLOBAL_UNIT_ASSIGNED_CONTEXT ( ( #3275, #1016, #1064 ) ) REPRESENTATION_CONTEXT ( 'NONE', 'WORKASPACE' ) );
#6559 = SURFACE_SIDE_STYLE ('',( #9712 ) ) ;
#6560 = SURFACE_SIDE_STYLE ('',( #4148 ) ) ;
#6561 = ORIENTED_EDGE ( 'NONE', *, *, #1135, .T. ) ;
#6562 = ORIENTED_EDGE ( 'NONE', *, *, #6293, .F. ) ;
#6563 =( LENGTH_UNIT ( ) NAMED_UNIT ( * ) SI_UNIT ( .MILLI., .METRE. ) );
#6564 =( NAMED_UNIT ( * ) SI_UNIT ( $, .STERADIAN. ) SOLID_ANGLE_UNIT ( ) );
#6565 =( NAMED_UNIT ( * ) PLANE_ANGLE_UNIT ( ) SI_UNIT ( $, .RADIAN. ) );
#6566 = DIRECTION ( 'NONE',  ( -1.000000000000000000, -0.000000000000000000, -0.000000000000000000 ) ) ;
#6567 = ORIENTED_EDGE ( 'NONE', *, *, #8612, .T. ) ;
#6568 = CYLINDRICAL_SURFACE ( 'NONE', #308, 0.04999999999996716793 ) ;
#6569 = DIRECTION ( 'NONE',  ( 0.000000000000000000, -1.000000000000000000, 0.000000000000000000 ) ) ;
#6570 = CARTESIAN_POINT ( 'NONE',  ( 0.7000000000000209388, -0.05000000000000000278, 1.649999999999999911 ) ) ;
#6571 = ORIENTED_EDGE ( 'NONE', *, *, #8237, .T. ) ;
#6572 = CARTESIAN_POINT ( 'NONE',  ( -1.150000000000021005, 0.1499999999999999944, -2.050000000000000266 ) ) ;
#6573 = CARTESIAN_POINT ( 'NONE',  ( -0.4999999999999791833, -0.05000000000000000278, 1.649999999999999467 ) ) ;
#6574 = ADVANCED_FACE ( 'NONE', ( #1998 ), #1217, .T. ) ;
#6575 = DIRECTION ( 'NONE',  ( -0.000000000000000000, 0.000000000000000000, 1.000000000000000000 ) ) ;
#6576 = ORIENTED_EDGE ( 'NONE', *, *, #6897, .T. ) ;
#6577 = EDGE_LOOP ( 'NONE', ( #724, #1056, #1476, #4580 ) ) ;
#6578 = DIRECTION ( 'NONE',  ( 0.000000000000000000, 0.000000000000000000, 1.000000000000000000 ) ) ;
#6579 = DIRECTION ( 'NONE',  ( 0.000000000000000000, 0.000000000000000000, 1.000000000000000000 ) ) ;
#6580 =( NAMED_UNIT ( * ) PLANE_ANGLE_UNIT ( ) SI_UNIT ( $, .RADIAN. ) );
#6581 = ADVANCED_FACE ( 'NONE', ( #3750 ), #2166, .F. ) ;
#6582 = LINE ( 'NONE', #8917, #970 ) ;
#6583 = VERTEX_POINT ( 'NONE', #9603 ) ;
#6584 = EDGE_CURVE ( 'NONE', #8478, #8053, #3256, .T. ) ;
#6585 = DIRECTION ( 'NONE',  ( 0.000000000000000000, 0.000000000000000000, -1.000000000000000000 ) ) ;
#6586 = DIRECTION ( 'NONE',  ( -0.000000000000000000, 1.000000000000000000, -0.000000000000000000 ) ) ;
#6587 = FILL_AREA_STYLE ('',( #8823 ) ) ;
#6588 = PRESENTATION_STYLE_ASSIGNMENT (( #7304 ) ) ;
#6589 = EDGE_CURVE ( 'NONE', #3538, #4267, #5568, .T. ) ;
#6590 = PRESENTATION_LAYER_ASSIGNMENT (  '', '', ( #5091 ) ) ;
#6591 = CARTESIAN_POINT ( 'NONE',  ( -1.150000000000021005, 0.000000000000000000, 2.000000000000000000 ) ) ;
#6593 = ORIENTED_EDGE ( 'NONE', *, *, #3632, .F. ) ;
#6592 =( LENGTH_UNIT ( ) NAMED_UNIT ( * ) SI_UNIT ( .MILLI., .METRE. ) );
#6594 = VERTEX_POINT ( 'NONE', #3054 ) ;
#6595 = UNCERTAINTY_MEASURE_WITH_UNIT (LENGTH_MEASURE( 1.000000000000000082E-05 ), #9115, 'distance_accuracy_value', 'NONE');
#6596 = ORIENTED_EDGE ( 'NONE', *, *, #3157, .F. ) ;
#6597 =( NAMED_UNIT ( * ) SI_UNIT ( $, .STERADIAN. ) SOLID_ANGLE_UNIT ( ) );
#6598 = LINE ( 'NONE', #7382, #5148 ) ;
#6599 = ORIENTED_EDGE ( 'NONE', *, *, #10223, .T. ) ;
#6600 = ORIENTED_EDGE ( 'NONE', *, *, #7749, .F. ) ;
#6601 = UNCERTAINTY_MEASURE_WITH_UNIT (LENGTH_MEASURE( 1.000000000000000082E-05 ), #9594, 'distance_accuracy_value', 'NONE');
#6602 = DIRECTION ( 'NONE',  ( -1.000000000000000000, 0.000000000000000000, 0.000000000000000000 ) ) ;
#6603 = DIRECTION ( 'NONE',  ( 0.000000000000000000, -1.000000000000000000, 0.000000000000000000 ) ) ;
#6604 = LINE ( 'NONE', #8901, #3168 ) ;
#6605 = VECTOR ( 'NONE', #2935, 1000.000000000000000 ) ;
#6606 = ORIENTED_EDGE ( 'NONE', *, *, #8832, .T. ) ;
#6607 = SURFACE_STYLE_USAGE ( .BOTH. , #7488 ) ;
#6608 = LINE ( 'NONE', #9768, #426 ) ;
#6609 = ADVANCED_FACE ( 'NONE', ( #5514 ), #6252, .F. ) ;
#6610 = EDGE_CURVE ( 'NONE', #8576, #2672, #4835, .T. ) ;
#6611 = ORIENTED_EDGE ( 'NONE', *, *, #887, .F. ) ;
#6612 = ORIENTED_EDGE ( 'NONE', *, *, #9640, .T. ) ;
#6613 = EDGE_LOOP ( 'NONE', ( #4779, #9961, #3843, #6259 ) ) ;
#6614 = UNCERTAINTY_MEASURE_WITH_UNIT (LENGTH_MEASURE( 1.000000000000000082E-05 ), #7791, 'distance_accuracy_value', 'NONE');
#6615 = AXIS2_PLACEMENT_3D ( 'NONE', #813, #6389, #7115 ) ;
#6616 = LINE ( 'NONE', #6418, #8682 ) ;
#6617 = FILL_AREA_STYLE_COLOUR ( '', #1140 ) ;
#6618 = CARTESIAN_POINT ( 'NONE',  ( -0.3499999999999792166, -0.05000000000000000278, -1.599999999999999645 ) ) ;
#6619 = VECTOR ( 'NONE', #1150, 1000.000000000000000 ) ;
#6620 = VERTEX_POINT ( 'NONE', #3948 ) ;
#6621 = VECTOR ( 'NONE', #8383, 1000.000000000000000 ) ;
#6622 = VECTOR ( 'NONE', #2872, 1000.000000000000000 ) ;
#6623 = SURFACE_STYLE_FILL_AREA ( #3425 ) ;
#6624 = ORIENTED_EDGE ( 'NONE', *, *, #1069, .T. ) ;
#6625 = DIRECTION ( 'NONE',  ( 0.000000000000000000, -1.000000000000000000, 0.000000000000000000 ) ) ;
#6626 = DIRECTION ( 'NONE',  ( -0.000000000000000000, 0.000000000000000000, -1.000000000000000000 ) ) ;
#6627 = ORIENTED_EDGE ( 'NONE', *, *, #3215, .T. ) ;
#6629 = STYLED_ITEM ( 'NONE', ( #4190 ), #216 ) ;
#6628 = FILL_AREA_STYLE ('',( #211 ) ) ;
#6631 = VECTOR ( 'NONE', #8960, 1000.000000000000000 ) ;
#6630 = LINE ( 'NONE', #9794, #6652 ) ;
#6632 = DIRECTION ( 'NONE',  ( -0.000000000000000000, -0.000000000000000000, 1.000000000000000000 ) ) ;
#6633 = FACE_OUTER_BOUND ( 'NONE', #5803, .T. ) ;
#6634 = EDGE_CURVE ( 'NONE', #8791, #8535, #4776, .T. ) ;
#6635 = PLANE ( 'NONE',  #3033 ) ;
#6636 = ADVANCED_FACE ( 'NONE', ( #9406 ), #3853, .F. ) ;
#6637 = PRESENTATION_LAYER_ASSIGNMENT (  '', '', ( #7623 ) ) ;
#6638 = FILL_AREA_STYLE_COLOUR ( '', #7280 ) ;
#6639 = LINE ( 'NONE', #8147, #2304 ) ;
#6641 = ORIENTED_EDGE ( 'NONE', *, *, #840, .F. ) ;
#6640 = CARTESIAN_POINT ( 'NONE',  ( 2.050000000000000266, -0.05000000000000000278, -1.300000000000000266 ) ) ;
#6642 = SURFACE_SIDE_STYLE ('',( #2560 ) ) ;
#6643 = VERTEX_POINT ( 'NONE', #8096 ) ;
#6644 = DIRECTION ( 'NONE',  ( 0.000000000000000000, 0.000000000000000000, 1.000000000000000000 ) ) ;
#6645 = VECTOR ( 'NONE', #9586, 1000.000000000000000 ) ;
#6646 = PRESENTATION_LAYER_ASSIGNMENT (  '', '', ( #2466 ) ) ;
#6647 = ADVANCED_FACE ( 'NONE', ( #2617 ), #181, .T. ) ;
#6648 = VECTOR ( 'NONE', #7411, 1000.000000000000000 ) ;
#6649 = ORIENTED_EDGE ( 'NONE', *, *, #3277, .T. ) ;
#6650 = DIRECTION ( 'NONE',  ( -0.000000000000000000, 1.000000000000000000, -0.000000000000000000 ) ) ;
#6651 = ORIENTED_EDGE ( 'NONE', *, *, #8891, .T. ) ;
#6652 = VECTOR ( 'NONE', #2655, 1000.000000000000000 ) ;
#6653 =( NAMED_UNIT ( * ) PLANE_ANGLE_UNIT ( ) SI_UNIT ( $, .RADIAN. ) );
#6654 = COLOUR_RGB ( '',0.7686274509803920907, 0.7686274509803920907, 0.7686274509803920907 ) ;
#6655 = CARTESIAN_POINT ( 'NONE',  ( 2.050000000000000266, 0.1499999999999999944, -0.6999999999999998446 ) ) ;
#6656 = VECTOR ( 'NONE', #8815, 1000.000000000000000 ) ;
#6657 = ORIENTED_EDGE ( 'NONE', *, *, #638, .F. ) ;
#6658 = CARTESIAN_POINT ( 'NONE',  ( 1.199999999999999289, 0.000000000000000000, 0.3500000000000002554 ) ) ;
#6659 = CARTESIAN_POINT ( 'NONE',  ( 0.000000000000000000, 0.000000000000000000, -2.050000000000000266 ) ) ;
#6660 = COLOUR_RGB ( '',0.7686274509803920907, 0.7686274509803920907, 0.7686274509803920907 ) ;
#6661 = STYLED_ITEM ( 'NONE', ( #8429 ), #1261 ) ;
#6662 = ORIENTED_EDGE ( 'NONE', *, *, #4062, .F. ) ;
#6663 = SURFACE_SIDE_STYLE ('',( #303 ) ) ;
#6664 = COLOUR_RGB ( '',0.7686274509803920907, 0.7686274509803920907, 0.7686274509803920907 ) ;
#6665 = FACE_OUTER_BOUND ( 'NONE', #8640, .T. ) ;
#6666 = CARTESIAN_POINT ( 'NONE',  ( 0.5000000000000208722, 0.1499999999999999944, -2.050000000000000266 ) ) ;
#6667 = EDGE_LOOP ( 'NONE', ( #8777, #2062, #5940, #3545 ) ) ;
#6668 = ORIENTED_EDGE ( 'NONE', *, *, #5948, .F. ) ;
#6669 = EDGE_LOOP ( 'NONE', ( #61, #5326, #4712, #3514, #2944, #1252 ) ) ;
#6670 = STYLED_ITEM ( 'NONE', ( #669 ), #9690 ) ;
#6671 = PRESENTATION_LAYER_ASSIGNMENT (  '', '', ( #9987 ) ) ;
#6672 = STYLED_ITEM ( 'NONE', ( #9288 ), #1416 ) ;
#6673 = DIRECTION ( 'NONE',  ( 0.000000000000000000, -1.000000000000000000, 0.000000000000000000 ) ) ;
#6674 = MECHANICAL_DESIGN_GEOMETRIC_PRESENTATION_REPRESENTATION (  '', ( #1321 ), #6178 ) ;
#6675 = EDGE_CURVE ( 'NONE', #8782, #5554, #4927, .T. ) ;
#6676 = DIRECTION ( 'NONE',  ( 0.000000000000000000, 0.000000000000000000, -1.000000000000000000 ) ) ;
#6677 = PRESENTATION_STYLE_ASSIGNMENT (( #4173 ) ) ;
#6678 = EDGE_CURVE ( 'NONE', #2684, #3856, #5758, .T. ) ;
#6679 = EDGE_LOOP ( 'NONE', ( #947, #1567, #1326, #10345 ) ) ;
#6680 = COLOUR_RGB ( '',0.7686274509803920907, 0.7686274509803920907, 0.7686274509803920907 ) ;
#6681 = STYLED_ITEM ( 'NONE', ( #5176 ), #1693 ) ;
#6682 = COLOUR_RGB ( '',0.7686274509803920907, 0.7686274509803920907, 0.7686274509803920907 ) ;
#6683 = ORIENTED_EDGE ( 'NONE', *, *, #7844, .F. ) ;
#6684 = LINE ( 'NONE', #1901, #4186 ) ;
#6685 = VERTEX_POINT ( 'NONE', #1827 ) ;
#6686 = AXIS2_PLACEMENT_3D ( 'NONE', #5860, #165, #2596 ) ;
#6687 = DIRECTION ( 'NONE',  ( -0.7071067811865475727, 0.000000000000000000, 0.7071067811865475727 ) ) ;
#6688 = AXIS2_PLACEMENT_3D ( 'NONE', #5474, #3068, #8562 ) ;
#6689 = CARTESIAN_POINT ( 'NONE',  ( 1.199999999999987965, -0.05000000000000000278, -1.649999999999966827 ) ) ;
#6690 = CARTESIAN_POINT ( 'NONE',  ( -1.150000000000021005, -1.355252715606880543E-17, 2.000000000000000000 ) ) ;
#6691 = DIRECTION ( 'NONE',  ( 0.000000000000000000, 1.000000000000000000, 0.000000000000000000 ) ) ;
#6692 =( GEOMETRIC_REPRESENTATION_CONTEXT ( 3 ) GLOBAL_UNCERTAINTY_ASSIGNED_CONTEXT ( ( #1733 ) ) GLOBAL_UNIT_ASSIGNED_CONTEXT ( ( #685, #1129, #10251 ) ) REPRESENTATION_CONTEXT ( 'NONE', 'WORKASPACE' ) );
#6693 = DIRECTION ( 'NONE',  ( 0.000000000000000000, -1.000000000000000000, 0.000000000000000000 ) ) ;
#6694 = VECTOR ( 'NONE', #3698, 1000.000000000000000 ) ;
#6695 =( GEOMETRIC_REPRESENTATION_CONTEXT ( 3 ) GLOBAL_UNCERTAINTY_ASSIGNED_CONTEXT ( ( #6285 ) ) GLOBAL_UNIT_ASSIGNED_CONTEXT ( ( #8742, #3217, #6398 ) ) REPRESENTATION_CONTEXT ( 'NONE', 'WORKASPACE' ) );
#6696 = SURFACE_SIDE_STYLE ('',( #10014 ) ) ;
#6697 =( GEOMETRIC_REPRESENTATION_CONTEXT ( 3 ) GLOBAL_UNCERTAINTY_ASSIGNED_CONTEXT ( ( #3044 ) ) GLOBAL_UNIT_ASSIGNED_CONTEXT ( ( #2892, #10051, #9933 ) ) REPRESENTATION_CONTEXT ( 'NONE', 'WORKASPACE' ) );
#6698 = CARTESIAN_POINT ( 'NONE',  ( -0.09999999999997911948, -0.05000000000000000278, 2.050000000000000266 ) ) ;
#6699 = DIRECTION ( 'NONE',  ( -1.000000000000000000, 0.000000000000000000, 0.000000000000000000 ) ) ;
#6700 = VERTEX_POINT ( 'NONE', #5717 ) ;
#6701 = UNCERTAINTY_MEASURE_WITH_UNIT (LENGTH_MEASURE( 1.000000000000000082E-05 ), #3387, 'distance_accuracy_value', 'NONE');
#6702 = DIRECTION ( 'NONE',  ( -1.000000000000000000, -0.000000000000000000, -0.000000000000000000 ) ) ;
#6703 = CIRCLE ( 'NONE', #7363, 0.04999999999996716793 ) ;
#6704 = ADVANCED_FACE ( 'NONE', ( #1766 ), #981, .F. ) ;
#6705 = STYLED_ITEM ( 'NONE', ( #619 ), #10362 ) ;
#6706 = STYLED_ITEM ( 'NONE', ( #2451 ), #2550 ) ;
#6707 = CARTESIAN_POINT ( 'NONE',  ( 1.400000000000053868, 0.000000000000000000, -1.649999999999966827 ) ) ;
#6708 = COLOUR_RGB ( '',0.7686274509803920907, 0.7686274509803920907, 0.7686274509803920907 ) ;
#6709 = VERTEX_POINT ( 'NONE', #389 ) ;
#6710 = DIRECTION ( 'NONE',  ( 1.000000000000000000, -0.000000000000000000, -4.394632805807644145E-14 ) ) ;
#6711 = LINE ( 'NONE', #4416, #6893 ) ;
#6712 = PRESENTATION_STYLE_ASSIGNMENT (( #5604 ) ) ;
#6713 = ORIENTED_EDGE ( 'NONE', *, *, #9766, .F. ) ;
#6714 = VECTOR ( 'NONE', #9338, 1000.000000000000000 ) ;
#6715 = DIRECTION ( 'NONE',  ( 1.000000000000000000, -0.000000000000000000, 9.035018104045875625E-17 ) ) ;
#6716 = SURFACE_STYLE_FILL_AREA ( #294 ) ;
#6717 = ORIENTED_EDGE ( 'NONE', *, *, #2693, .T. ) ;
#6718 = SURFACE_STYLE_FILL_AREA ( #9051 ) ;
#6719 =( NAMED_UNIT ( * ) SI_UNIT ( $, .STERADIAN. ) SOLID_ANGLE_UNIT ( ) );
#6720 = ADVANCED_FACE ( 'NONE', ( #2146 ), #5137, .T. ) ;
#6721 = DIRECTION ( 'NONE',  ( -0.000000000000000000, 1.000000000000000000, -0.000000000000000000 ) ) ;
#6722 = LINE ( 'NONE', #3413, #7517 ) ;
#6723 = PRESENTATION_LAYER_ASSIGNMENT (  '', '', ( #3015 ) ) ;
#6724 = VERTEX_POINT ( 'NONE', #6963 ) ;
#6725 =( LENGTH_UNIT ( ) NAMED_UNIT ( * ) SI_UNIT ( .MILLI., .METRE. ) );
#6726 = LINE ( 'NONE', #9099, #10118 ) ;
#6727 = FILL_AREA_STYLE_COLOUR ( '', #8633 ) ;
#6728 = ORIENTED_EDGE ( 'NONE', *, *, #5426, .F. ) ;
#6729 = EDGE_CURVE ( 'NONE', #6518, #6594, #5120, .T. ) ;
#6730 = ORIENTED_EDGE ( 'NONE', *, *, #5740, .F. ) ;
#6731 = ORIENTED_EDGE ( 'NONE', *, *, #6269, .T. ) ;
#6732 = UNCERTAINTY_MEASURE_WITH_UNIT (LENGTH_MEASURE( 1.000000000000000082E-05 ), #3275, 'distance_accuracy_value', 'NONE');
#6733 = PRESENTATION_STYLE_ASSIGNMENT (( #4385 ) ) ;
#6734 =( LENGTH_UNIT ( ) NAMED_UNIT ( * ) SI_UNIT ( .MILLI., .METRE. ) );
#6735 = PRESENTATION_STYLE_ASSIGNMENT (( #1011 ) ) ;
#6736 = DIRECTION ( 'NONE',  ( -0.000000000000000000, -0.000000000000000000, -1.000000000000000000 ) ) ;
#6737 = ORIENTED_EDGE ( 'NONE', *, *, #4574, .T. ) ;
#6738 = EDGE_CURVE ( 'NONE', #1004, #5891, #1363, .T. ) ;
#6739 = VERTEX_POINT ( 'NONE', #7579 ) ;
#6740 = DIRECTION ( 'NONE',  ( -0.000000000000000000, -1.000000000000000000, -0.000000000000000000 ) ) ;
#6741 = SURFACE_STYLE_USAGE ( .BOTH. , #3718 ) ;
#6742 = ORIENTED_EDGE ( 'NONE', *, *, #8995, .T. ) ;
#6743 =( LENGTH_UNIT ( ) NAMED_UNIT ( * ) SI_UNIT ( .MILLI., .METRE. ) );
#6744 =( NAMED_UNIT ( * ) PLANE_ANGLE_UNIT ( ) SI_UNIT ( $, .RADIAN. ) );
#6745 = CARTESIAN_POINT ( 'NONE',  ( 1.199999999999987965, -0.05000000000000000278, -1.600000000000012079 ) ) ;
#6746 = SURFACE_SIDE_STYLE ('',( #4344 ) ) ;
#6747 = FILL_AREA_STYLE ('',( #1077 ) ) ;
#6748 = EDGE_CURVE ( 'NONE', #2147, #1874, #10027, .T. ) ;
#6749 = EDGE_CURVE ( 'NONE', #9515, #3063, #553, .T. ) ;
#6750 = FACE_OUTER_BOUND ( 'NONE', #4055, .T. ) ;
#6751 = SURFACE_STYLE_FILL_AREA ( #6077 ) ;
#6753 = VERTEX_POINT ( 'NONE', #2875 ) ;
#6752 = DIRECTION ( 'NONE',  ( -0.000000000000000000, 0.000000000000000000, -1.000000000000000000 ) ) ;
#6754 = CARTESIAN_POINT ( 'NONE',  ( -2.050000000000000266, -0.05000000000000000278, -0.9500000000000005107 ) ) ;
#6755 = ORIENTED_EDGE ( 'NONE', *, *, #8492, .F. ) ;
#6756 = SURFACE_STYLE_FILL_AREA ( #3564 ) ;
#6757 = LINE ( 'NONE', #1360, #234 ) ;
#6758 = CARTESIAN_POINT ( 'NONE',  ( -2.050000000000000266, 0.1499999999999999944, -0.1500000000000003830 ) ) ;
#6759 = PRESENTATION_STYLE_ASSIGNMENT (( #10026 ) ) ;
#6760 = DIRECTION ( 'NONE',  ( -0.000000000000000000, 1.000000000000000000, -0.000000000000000000 ) ) ;
#6761 = VERTEX_POINT ( 'NONE', #6813 ) ;
#6762 = DIRECTION ( 'NONE',  ( -1.000000000000000000, 0.000000000000000000, 0.000000000000000000 ) ) ;
#6763 = DIRECTION ( 'NONE',  ( 0.000000000000000000, 0.000000000000000000, 1.000000000000000000 ) ) ;
#6764 = ORIENTED_EDGE ( 'NONE', *, *, #6396, .F. ) ;
#6765 = PLANE ( 'NONE',  #2801 ) ;
#6766 = DIRECTION ( 'NONE',  ( 0.000000000000000000, 1.000000000000000000, 0.000000000000000000 ) ) ;
#6767 = FILL_AREA_STYLE ('',( #232 ) ) ;
#6768 = CARTESIAN_POINT ( 'NONE',  ( -1.149999999999979705, -0.05000000000000000278, 1.649999999999966827 ) ) ;
#6769 = FILL_AREA_STYLE_COLOUR ( '', #5372 ) ;
#6770 = VERTEX_POINT ( 'NONE', #2816 ) ;
#6771 =( NAMED_UNIT ( * ) PLANE_ANGLE_UNIT ( ) SI_UNIT ( $, .RADIAN. ) );
#6772 = DIRECTION ( 'NONE',  ( 0.000000000000000000, 0.000000000000000000, 1.000000000000000000 ) ) ;
#6773 = DIRECTION ( 'NONE',  ( -0.000000000000000000, 1.000000000000000000, -0.000000000000000000 ) ) ;
#6774 = DIRECTION ( 'NONE',  ( 0.000000000000000000, -0.000000000000000000, -1.000000000000000000 ) ) ;
#6775 = EDGE_CURVE ( 'NONE', #8472, #5416, #1147, .T. ) ;
#6776 = ORIENTED_EDGE ( 'NONE', *, *, #761, .T. ) ;
#6777 = ORIENTED_EDGE ( 'NONE', *, *, #9604, .F. ) ;
#6778 = VERTEX_POINT ( 'NONE', #9965 ) ;
#6779 = SURFACE_STYLE_FILL_AREA ( #1111 ) ;
#6780 = CARTESIAN_POINT ( 'NONE',  ( 2.050000000000000266, -0.05000000000000000278, 0.3000000000000000444 ) ) ;
#6781 = FACE_OUTER_BOUND ( 'NONE', #3569, .T. ) ;
#6782 = AXIS2_PLACEMENT_3D ( 'NONE', #7228, #2268, #826 ) ;
#6783 =( NAMED_UNIT ( * ) PLANE_ANGLE_UNIT ( ) SI_UNIT ( $, .RADIAN. ) );
#6784 = EDGE_CURVE ( 'NONE', #8571, #1472, #9245, .T. ) ;
#6785 = ORIENTED_EDGE ( 'NONE', *, *, #4736, .F. ) ;
#6786 = AXIS2_PLACEMENT_3D ( 'NONE', #4417, #3680, #3568 ) ;
#6787 = VERTEX_POINT ( 'NONE', #6921 ) ;
#6788 = CARTESIAN_POINT ( 'NONE',  ( -2.050000000000000266, 0.1499999999999999944, 1.249999999999999556 ) ) ;
#6789 = ORIENTED_EDGE ( 'NONE', *, *, #2642, .T. ) ;
#6790 = FILL_AREA_STYLE_COLOUR ( '', #1283 ) ;
#6791 = PRESENTATION_STYLE_ASSIGNMENT (( #8407 ) ) ;
#6792 = ORIENTED_EDGE ( 'NONE', *, *, #4986, .F. ) ;
#6793 =( LENGTH_UNIT ( ) NAMED_UNIT ( * ) SI_UNIT ( .MILLI., .METRE. ) );
#6794 = VECTOR ( 'NONE', #3503, 1000.000000000000000 ) ;
#6795 = STYLED_ITEM ( 'NONE', ( #3825 ), #7164 ) ;
#6796 = LINE ( 'NONE', #4445, #419 ) ;
#6797 = CARTESIAN_POINT ( 'NONE',  ( -0.5000000000000000000, 0.000000000000000000, -0.1000000000000001305 ) ) ;
#6798 = MECHANICAL_DESIGN_GEOMETRIC_PRESENTATION_REPRESENTATION (  '', ( #9434 ), #418 ) ;
#6799 = VECTOR ( 'NONE', #2805, 1000.000000000000000 ) ;
#6801 = VERTEX_POINT ( 'NONE', #8423 ) ;
#6800 = CARTESIAN_POINT ( 'NONE',  ( 1.199999999999997735, -0.05000000000000000278, 0.7500000000000003331 ) ) ;
#6802 =( LENGTH_UNIT ( ) NAMED_UNIT ( * ) SI_UNIT ( .MILLI., .METRE. ) );
#6803 = ORIENTED_EDGE ( 'NONE', *, *, #405, .T. ) ;
#6804 = CARTESIAN_POINT ( 'NONE',  ( -1.150000000000021005, -0.05000000000000000278, -2.050000000000000266 ) ) ;
#6805 = EDGE_CURVE ( 'NONE', #5776, #2949, #1246, .T. ) ;
#6806 = EDGE_CURVE ( 'NONE', #3599, #9840, #2922, .T. ) ;
#6807 = CARTESIAN_POINT ( 'NONE',  ( 2.000000000000000000, 0.1499999999999999944, -1.100000000000000089 ) ) ;
#6808 = STYLED_ITEM ( 'NONE', ( #1690 ), #574 ) ;
#6809 = FILL_AREA_STYLE_COLOUR ( '', #4620 ) ;
#6810 = DIRECTION ( 'NONE',  ( 0.000000000000000000, -1.000000000000000000, 0.000000000000000000 ) ) ;
#6811 = STYLED_ITEM ( 'NONE', ( #8882 ), #6258 ) ;
#6812 = DIRECTION ( 'NONE',  ( 0.000000000000000000, -1.000000000000000000, 0.000000000000000000 ) ) ;
#6813 = CARTESIAN_POINT ( 'NONE',  ( 1.249999999999996669, 0.000000000000000000, 1.100000000000000089 ) ) ;
#6814 = VERTEX_POINT ( 'NONE', #446 ) ;
#6815 = PLANE ( 'NONE',  #3971 ) ;
#6816 = DIRECTION ( 'NONE',  ( 0.000000000000000000, 0.000000000000000000, 1.000000000000000000 ) ) ;
#6817 = ORIENTED_EDGE ( 'NONE', *, *, #6749, .F. ) ;
#6818 = UNCERTAINTY_MEASURE_WITH_UNIT (LENGTH_MEASURE( 1.000000000000000082E-05 ), #1236, 'distance_accuracy_value', 'NONE');
#6819 = VECTOR ( 'NONE', #7497, 1000.000000000000000 ) ;
#6820 = SURFACE_SIDE_STYLE ('',( #3625 ) ) ;
#6821 = CARTESIAN_POINT ( 'NONE',  ( -0.5499999999999942712, -0.05000000000000000278, -0.6500000000000004663 ) ) ;
#6822 = DIRECTION ( 'NONE',  ( 0.000000000000000000, -1.000000000000000000, -1.355252715606880049E-16 ) ) ;
#6823 = FACE_OUTER_BOUND ( 'NONE', #1088, .T. ) ;
#6824 = FILL_AREA_STYLE_COLOUR ( '', #2853 ) ;
#6825 = ORIENTED_EDGE ( 'NONE', *, *, #8502, .F. ) ;
#6826 =( NAMED_UNIT ( * ) SI_UNIT ( $, .STERADIAN. ) SOLID_ANGLE_UNIT ( ) );
#6827 = VECTOR ( 'NONE', #3184, 1000.000000000000000 ) ;
#6828 = LINE ( 'NONE', #4677, #10129 ) ;
#6829 = DIRECTION ( 'NONE',  ( 0.000000000000000000, 1.000000000000000000, 0.000000000000000000 ) ) ;
#6830 =( GEOMETRIC_REPRESENTATION_CONTEXT ( 3 ) GLOBAL_UNCERTAINTY_ASSIGNED_CONTEXT ( ( #9608 ) ) GLOBAL_UNIT_ASSIGNED_CONTEXT ( ( #4749, #1532, #7144 ) ) REPRESENTATION_CONTEXT ( 'NONE', 'WORKASPACE' ) );
#6831 = VERTEX_POINT ( 'NONE', #7165 ) ;
#6832 = ORIENTED_EDGE ( 'NONE', *, *, #8101, .T. ) ;
#6833 = ORIENTED_EDGE ( 'NONE', *, *, #8431, .F. ) ;
#6834 = UNCERTAINTY_MEASURE_WITH_UNIT (LENGTH_MEASURE( 1.000000000000000082E-05 ), #4547, 'distance_accuracy_value', 'NONE');
#6835 = SURFACE_STYLE_FILL_AREA ( #2106 ) ;
#6836 = PLANE ( 'NONE',  #7350 ) ;
#6837 = STYLED_ITEM ( 'NONE', ( #7755 ), #9421 ) ;
#6838 = VECTOR ( 'NONE', #6926, 1000.000000000000000 ) ;
#6839 = CARTESIAN_POINT ( 'NONE',  ( 0.000000000000000000, 0.000000000000000000, -2.050000000000000266 ) ) ;
#6840 = SURFACE_STYLE_FILL_AREA ( #368 ) ;
#6841 = EDGE_CURVE ( 'NONE', #9666, #8053, #1428, .T. ) ;
#6842 = COLOUR_RGB ( '',0.7686274509803920907, 0.7686274509803920907, 0.7686274509803920907 ) ;
#6843 = APPLICATION_CONTEXT ( 'automotive_design' ) ;
#6844 = ORIENTED_EDGE ( 'NONE', *, *, #6140, .F. ) ;
#6845 = PRESENTATION_LAYER_ASSIGNMENT (  '', '', ( #288 ) ) ;
#6846 = VECTOR ( 'NONE', #2459, 1000.000000000000000 ) ;
#6847 = ORIENTED_EDGE ( 'NONE', *, *, #2752, .F. ) ;
#6848 = SURFACE_SIDE_STYLE ('',( #9168 ) ) ;
#6849 = VECTOR ( 'NONE', #7413, 1000.000000000000000 ) ;
#6850 = VERTEX_POINT ( 'NONE', #9438 ) ;
#6851 =( LENGTH_UNIT ( ) NAMED_UNIT ( * ) SI_UNIT ( .MILLI., .METRE. ) );
#6852 = DIRECTION ( 'NONE',  ( 0.000000000000000000, 0.000000000000000000, 1.000000000000000000 ) ) ;
#6853 = EDGE_CURVE ( 'NONE', #4769, #950, #6281, .T. ) ;
#6854 = SURFACE_STYLE_FILL_AREA ( #5328 ) ;
#6855 = ORIENTED_EDGE ( 'NONE', *, *, #948, .T. ) ;
#6856 = DIRECTION ( 'NONE',  ( 0.000000000000000000, 0.000000000000000000, -1.000000000000000000 ) ) ;
#6857 =( LENGTH_UNIT ( ) NAMED_UNIT ( * ) SI_UNIT ( .MILLI., .METRE. ) );
#6858 = STYLED_ITEM ( 'NONE', ( #3613 ), #9861 ) ;
#6859 = EDGE_CURVE ( 'NONE', #5554, #6643, #3891, .T. ) ;
#6860 = VECTOR ( 'NONE', #4352, 1000.000000000000000 ) ;
#6861 = VECTOR ( 'NONE', #7563, 1000.000000000000000 ) ;
#6862 = FACE_OUTER_BOUND ( 'NONE', #9102, .T. ) ;
#6863 = DIRECTION ( 'NONE',  ( 0.000000000000000000, -1.000000000000000000, -0.000000000000000000 ) ) ;
#6864 = PRESENTATION_STYLE_ASSIGNMENT (( #3501 ) ) ;
#6865 = DIRECTION ( 'NONE',  ( 0.000000000000000000, 0.000000000000000000, 1.000000000000000000 ) ) ;
#6866 = PRESENTATION_LAYER_ASSIGNMENT (  '', '', ( #7020 ) ) ;
#6867 = SURFACE_STYLE_USAGE ( .BOTH. , #436 ) ;
#6868 = EDGE_CURVE ( 'NONE', #8393, #8472, #4117, .T. ) ;
#6869 = CARTESIAN_POINT ( 'NONE',  ( -0.8999999999999793721, -0.05000000000000000278, 2.000000000000005773 ) ) ;
#6870 = COLOUR_RGB ( '',0.7686274509803920907, 0.7686274509803920907, 0.7686274509803920907 ) ;
#6871 = ORIENTED_EDGE ( 'NONE', *, *, #6117, .T. ) ;
#6872 = FILL_AREA_STYLE_COLOUR ( '', #3849 ) ;
#6873 = COLOUR_RGB ( '',0.7686274509803920907, 0.7686274509803920907, 0.7686274509803920907 ) ;
#6874 =( GEOMETRIC_REPRESENTATION_CONTEXT ( 3 ) GLOBAL_UNCERTAINTY_ASSIGNED_CONTEXT ( ( #612 ) ) GLOBAL_UNIT_ASSIGNED_CONTEXT ( ( #4783, #2572, #992 ) ) REPRESENTATION_CONTEXT ( 'NONE', 'WORKASPACE' ) );
#6875 = FACE_OUTER_BOUND ( 'NONE', #1683, .T. ) ;
#6876 = CARTESIAN_POINT ( 'NONE',  ( -0.3499999999999792166, -0.05000000000000000278, -1.599999999999999645 ) ) ;
#6877 = EDGE_LOOP ( 'NONE', ( #1257, #1787, #254, #7166 ) ) ;
#6878 = EDGE_CURVE ( 'NONE', #9971, #8469, #400, .T. ) ;
#6879 = CARTESIAN_POINT ( 'NONE',  ( -1.450000000000020828, 0.1499999999999999944, -2.050000000000000266 ) ) ;
#6880 = ADVANCED_FACE ( 'NONE', ( #1596 ), #6239, .T. ) ;
#6881 = DIRECTION ( 'NONE',  ( -0.000000000000000000, 1.000000000000000000, -0.000000000000000000 ) ) ;
#6882 = VERTEX_POINT ( 'NONE', #5401 ) ;
#6883 = MECHANICAL_DESIGN_GEOMETRIC_PRESENTATION_REPRESENTATION (  '', ( #9347 ), #6692 ) ;
#6884 =( GEOMETRIC_REPRESENTATION_CONTEXT ( 3 ) GLOBAL_UNCERTAINTY_ASSIGNED_CONTEXT ( ( #6614 ) ) GLOBAL_UNIT_ASSIGNED_CONTEXT ( ( #7791, #8635, #4674 ) ) REPRESENTATION_CONTEXT ( 'NONE', 'WORKASPACE' ) );
#6885 = CARTESIAN_POINT ( 'NONE',  ( 1.400000000000053868, -0.05000000000000000278, -1.600000000000024070 ) ) ;
#6886 = CARTESIAN_POINT ( 'NONE',  ( -0.8999999999999793721, 0.000000000000000000, -2.000000000000005773 ) ) ;
#6887 = AXIS2_PLACEMENT_3D ( 'NONE', #2987, #7843, #1513 ) ;
#6888 = ORIENTED_EDGE ( 'NONE', *, *, #9144, .F. ) ;
#6889 = FILL_AREA_STYLE_COLOUR ( '', #8184 ) ;
#6890 =( GEOMETRIC_REPRESENTATION_CONTEXT ( 3 ) GLOBAL_UNCERTAINTY_ASSIGNED_CONTEXT ( ( #3707 ) ) GLOBAL_UNIT_ASSIGNED_CONTEXT ( ( #1205, #7576, #2207 ) ) REPRESENTATION_CONTEXT ( 'NONE', 'WORKASPACE' ) );
#6891 =( NAMED_UNIT ( * ) PLANE_ANGLE_UNIT ( ) SI_UNIT ( $, .RADIAN. ) );
#6892 = CYLINDRICAL_SURFACE ( 'NONE', #9277, 0.04999999999999996808 ) ;
#6893 = VECTOR ( 'NONE', #388, 1000.000000000000000 ) ;
#6894 =( NAMED_UNIT ( * ) PLANE_ANGLE_UNIT ( ) SI_UNIT ( $, .RADIAN. ) );
#6895 = COLOUR_RGB ( '',0.7686274509803920907, 0.7686274509803920907, 0.7686274509803920907 ) ;
#6896 = ORIENTED_EDGE ( 'NONE', *, *, #9470, .T. ) ;
#6897 = EDGE_CURVE ( 'NONE', #2147, #6402, #704, .T. ) ;
#6898 = ORIENTED_EDGE ( 'NONE', *, *, #9714, .T. ) ;
#6899 = FILL_AREA_STYLE ('',( #1422 ) ) ;
#6900 = CIRCLE ( 'NONE', #5388, 0.05000000000000002359 ) ;
#6901 = DIRECTION ( 'NONE',  ( -1.000000000000000000, 0.000000000000000000, 0.000000000000000000 ) ) ;
#6902 = STYLED_ITEM ( 'NONE', ( #2319 ), #5822 ) ;
#6903 = DIRECTION ( 'NONE',  ( -1.000000000000000000, 0.000000000000000000, 0.000000000000000000 ) ) ;
#6904 = VERTEX_POINT ( 'NONE', #1405 ) ;
#6905 = EDGE_LOOP ( 'NONE', ( #9828, #6167, #1524, #3163, #25, #242 ) ) ;
#6906 = FILL_AREA_STYLE ('',( #9941 ) ) ;
#6907 = EDGE_LOOP ( 'NONE', ( #8526, #6896, #417, #8696 ) ) ;
#6908 = DIRECTION ( 'NONE',  ( -0.000000000000000000, 1.000000000000000000, -0.000000000000000000 ) ) ;
#6909 =( NAMED_UNIT ( * ) PLANE_ANGLE_UNIT ( ) SI_UNIT ( $, .RADIAN. ) );
#6910 =( NAMED_UNIT ( * ) PLANE_ANGLE_UNIT ( ) SI_UNIT ( $, .RADIAN. ) );
#6911 = LINE ( 'NONE', #5959, #9436 ) ;
#6912 = EDGE_CURVE ( 'NONE', #10075, #5233, #9547, .T. ) ;
#6913 = DIRECTION ( 'NONE',  ( 0.000000000000000000, 0.000000000000000000, -1.000000000000000000 ) ) ;
#6914 = EDGE_CURVE ( 'NONE', #6882, #9230, #605, .T. ) ;
#6915 = DIRECTION ( 'NONE',  ( 1.445602896647339903E-16, 0.000000000000000000, -1.000000000000000000 ) ) ;
#6916 = ORIENTED_EDGE ( 'NONE', *, *, #3847, .T. ) ;
#6917 = CARTESIAN_POINT ( 'NONE',  ( 0.7499999999999878986, -0.05000000000000000278, 1.599999999999999867 ) ) ;
#6918 = CARTESIAN_POINT ( 'NONE',  ( 2.050000000000000266, -0.05000000000000000278, -1.100000000000000089 ) ) ;
#6919 =( NAMED_UNIT ( * ) PLANE_ANGLE_UNIT ( ) SI_UNIT ( $, .RADIAN. ) );
#6920 = CYLINDRICAL_SURFACE ( 'NONE', #9029, 0.04999999999996716793 ) ;
#6921 = CARTESIAN_POINT ( 'NONE',  ( -0.6999999999999791944, -0.05000000000000000278, -2.050000000000000266 ) ) ;
#6922 = VERTEX_POINT ( 'NONE', #8681 ) ;
#6923 =( LENGTH_UNIT ( ) NAMED_UNIT ( * ) SI_UNIT ( .MILLI., .METRE. ) );
#6924 = ORIENTED_EDGE ( 'NONE', *, *, #5495, .T. ) ;
#6925 = UNCERTAINTY_MEASURE_WITH_UNIT (LENGTH_MEASURE( 1.000000000000000082E-05 ), #9857, 'distance_accuracy_value', 'NONE');
#6926 = DIRECTION ( 'NONE',  ( -1.000000000000000000, -0.000000000000000000, -0.000000000000000000 ) ) ;
#6927 = FILL_AREA_STYLE_COLOUR ( '', #2784 ) ;
#6928 =( LENGTH_UNIT ( ) NAMED_UNIT ( * ) SI_UNIT ( .MILLI., .METRE. ) );
#6929 = AXIS2_PLACEMENT_3D ( 'NONE', #1078, #1753, #7464 ) ;
#6930 = EDGE_LOOP ( 'NONE', ( #10256, #8503, #4394, #9802, #1102, #9387 ) ) ;
#6931 = FILL_AREA_STYLE ('',( #8587 ) ) ;
#6932 = SURFACE_SIDE_STYLE ('',( #1470 ) ) ;
#6933 = LINE ( 'NONE', #9213, #7111 ) ;
#6934 = ORIENTED_EDGE ( 'NONE', *, *, #7972, .T. ) ;
#6935 = ORIENTED_EDGE ( 'NONE', *, *, #5010, .F. ) ;
#6936 = UNCERTAINTY_MEASURE_WITH_UNIT (LENGTH_MEASURE( 1.000000000000000082E-05 ), #445, 'distance_accuracy_value', 'NONE');
#6937 = CARTESIAN_POINT ( 'NONE',  ( -2.050000000000000266, 0.1499999999999999944, 0.3999999999999995226 ) ) ;
#6938 = EDGE_CURVE ( 'NONE', #4508, #5340, #3082, .T. ) ;
#6939 = EDGE_CURVE ( 'NONE', #4356, #9831, #1506, .T. ) ;
#6940 = ORIENTED_EDGE ( 'NONE', *, *, #10250, .F. ) ;
#6941 =( LENGTH_UNIT ( ) NAMED_UNIT ( * ) SI_UNIT ( .MILLI., .METRE. ) );
#6942 = ORIENTED_EDGE ( 'NONE', *, *, #2666, .T. ) ;
#6943 = LINE ( 'NONE', #10098, #1605 ) ;
#6944 = EDGE_LOOP ( 'NONE', ( #7119, #9312, #9881, #4814 ) ) ;
#6945 = SURFACE_STYLE_USAGE ( .BOTH. , #8605 ) ;
#6946 = LINE ( 'NONE', #1188, #5351 ) ;
#6947 =( NAMED_UNIT ( * ) SI_UNIT ( $, .STERADIAN. ) SOLID_ANGLE_UNIT ( ) );
#6948 = EDGE_CURVE ( 'NONE', #9838, #7261, #10276, .T. ) ;
#6949 = PRESENTATION_STYLE_ASSIGNMENT (( #3188 ) ) ;
#6950 = SURFACE_SIDE_STYLE ('',( #4404 ) ) ;
#6951 = EDGE_CURVE ( 'NONE', #2417, #5760, #8459, .T. ) ;
#6952 = CARTESIAN_POINT ( 'NONE',  ( 2.000000000000000000, -0.05000000000000000278, 0.9000000000000002442 ) ) ;
#6953 = DIRECTION ( 'NONE',  ( -0.000000000000000000, 1.000000000000000000, -0.000000000000000000 ) ) ;
#6954 = ORIENTED_EDGE ( 'NONE', *, *, #6117, .F. ) ;
#6955 = AXIS2_PLACEMENT_3D ( 'NONE', #5815, #869, #6498 ) ;
#6956 = DIRECTION ( 'NONE',  ( 1.000000000000000000, 0.000000000000000000, 0.000000000000000000 ) ) ;
#6957 = EDGE_CURVE ( 'NONE', #68, #5599, #51, .T. ) ;
#6958 = STYLED_ITEM ( 'NONE', ( #9967 ), #3405 ) ;
#6959 = CARTESIAN_POINT ( 'NONE',  ( -0.6999999999999791944, 0.1499999999999999944, 2.000000000000000000 ) ) ;
#6960 = CIRCLE ( 'NONE', #3980, 0.04999999999999996808 ) ;
#6961 = VECTOR ( 'NONE', #5076, 1000.000000000000000 ) ;
#6962 = AXIS2_PLACEMENT_3D ( 'NONE', #4052, #825, #10287 ) ;
#6963 = CARTESIAN_POINT ( 'NONE',  ( 1.199999999999987965, -0.05000000000000000278, 1.600000000000012079 ) ) ;
#6964 = VERTEX_POINT ( 'NONE', #2602 ) ;
#6965 = DIRECTION ( 'NONE',  ( -0.000000000000000000, -0.000000000000000000, -1.000000000000000000 ) ) ;
#6966 = DIRECTION ( 'NONE',  ( 0.000000000000000000, 0.000000000000000000, 1.000000000000000000 ) ) ;
#6967 = DIRECTION ( 'NONE',  ( -1.000000000000000000, 0.000000000000000000, 0.000000000000000000 ) ) ;
#6968 = ORIENTED_EDGE ( 'NONE', *, *, #6523, .T. ) ;
#6969 =( NAMED_UNIT ( * ) SI_UNIT ( $, .STERADIAN. ) SOLID_ANGLE_UNIT ( ) );
#6970 = EDGE_CURVE ( 'NONE', #686, #10069, #9590, .T. ) ;
#6971 = CARTESIAN_POINT ( 'NONE',  ( 0.1000000000000210582, 0.000000000000000000, -1.649999999999999911 ) ) ;
#6972 = CARTESIAN_POINT ( 'NONE',  ( 1.200000000000000622, -0.05000000000000000278, -0.04999999999999973910 ) ) ;
#6973 = AXIS2_PLACEMENT_3D ( 'NONE', #5276, #1281, #10059 ) ;
#6974 = VECTOR ( 'NONE', #2975, 1000.000000000000000 ) ;
#6975 = SURFACE_SIDE_STYLE ('',( #10038 ) ) ;
#6976 = STYLED_ITEM ( 'NONE', ( #6009 ), #7472 ) ;
#6977 = AXIS2_PLACEMENT_3D ( 'NONE', #2744, #3229, #9417 ) ;
#6978 = ORIENTED_EDGE ( 'NONE', *, *, #4873, .F. ) ;
#6979 = CARTESIAN_POINT ( 'NONE',  ( 0.3000000000000209166, 0.1499999999999999944, 2.050000000000000266 ) ) ;
#6980 = FILL_AREA_STYLE_COLOUR ( '', #7621 ) ;
#6981 = FILL_AREA_STYLE_COLOUR ( '', #1200 ) ;
#6982 = SURFACE_STYLE_USAGE ( .BOTH. , #1263 ) ;
#6983 = ORIENTED_EDGE ( 'NONE', *, *, #9187, .T. ) ;
#6984 = AXIS2_PLACEMENT_3D ( 'NONE', #140, #6569, #8947 ) ;
#6985 = STYLED_ITEM ( 'NONE', ( #9368 ), #597 ) ;
#6986 = MECHANICAL_DESIGN_GEOMETRIC_PRESENTATION_REPRESENTATION (  '', ( #3983 ), #7962 ) ;
#6987 = ORIENTED_EDGE ( 'NONE', *, *, #314, .F. ) ;
#6988 = CARTESIAN_POINT ( 'NONE',  ( -0.4999999999999791833, -0.05000000000000000278, -2.050000000000000266 ) ) ;
#6989 = SURFACE_STYLE_FILL_AREA ( #4741 ) ;
#6990 = AXIS2_PLACEMENT_3D ( 'NONE', #6821, #2986, #8388 ) ;
#6991 = ORIENTED_EDGE ( 'NONE', *, *, #1591, .T. ) ;
#6992 =( LENGTH_UNIT ( ) NAMED_UNIT ( * ) SI_UNIT ( .MILLI., .METRE. ) );
#6993 = MECHANICAL_DESIGN_GEOMETRIC_PRESENTATION_REPRESENTATION (  '', ( #1614 ), #4320 ) ;
#6994 =( LENGTH_UNIT ( ) NAMED_UNIT ( * ) SI_UNIT ( .MILLI., .METRE. ) );
#6995 = EDGE_LOOP ( 'NONE', ( #10204, #7627, #6104, #5158, #4138, #6276 ) ) ;
#6996 =( GEOMETRIC_REPRESENTATION_CONTEXT ( 3 ) GLOBAL_UNCERTAINTY_ASSIGNED_CONTEXT ( ( #2190 ) ) GLOBAL_UNIT_ASSIGNED_CONTEXT ( ( #8969, #6744, #429 ) ) REPRESENTATION_CONTEXT ( 'NONE', 'WORKASPACE' ) );
#6997 = ADVANCED_FACE ( 'NONE', ( #3437 ), #2556, .T. ) ;
#6998 = DIRECTION ( 'NONE',  ( 1.000000000000000000, 0.000000000000000000, -0.000000000000000000 ) ) ;
#6999 = AXIS2_PLACEMENT_3D ( 'NONE', #6298, #2327, #1525 ) ;
#7000 = EDGE_CURVE ( 'NONE', #7543, #5675, #9744, .T. ) ;
#7001 = MECHANICAL_DESIGN_GEOMETRIC_PRESENTATION_REPRESENTATION (  '', ( #4000 ), #5492 ) ;
#7002 = CARTESIAN_POINT ( 'NONE',  ( 2.000000000000008882, -0.05000000000000000278, -0.9000000000000001332 ) ) ;
#7003 = CARTESIAN_POINT ( 'NONE',  ( 0.7000000000000209388, -0.05000000000000000278, 2.050000000000000266 ) ) ;
#7004 = CARTESIAN_POINT ( 'NONE',  ( -1.150000000000021005, -0.05000000000000000278, -2.000000000000000000 ) ) ;
#7005 = UNCERTAINTY_MEASURE_WITH_UNIT (LENGTH_MEASURE( 1.000000000000000082E-05 ), #9992, 'distance_accuracy_value', 'NONE');
#7006 = PRESENTATION_LAYER_ASSIGNMENT (  '', '', ( #5648 ) ) ;
#7007 = VECTOR ( 'NONE', #6339, 1000.000000000000000 ) ;
#7008 = CARTESIAN_POINT ( 'NONE',  ( -0.05000000000001222911, -0.05000000000000000278, 1.649999999999967049 ) ) ;
#7009 = FACE_OUTER_BOUND ( 'NONE', #7434, .T. ) ;
#7010 = COLOUR_RGB ( '',0.7686274509803920907, 0.7686274509803920907, 0.7686274509803920907 ) ;
#7011 =( NAMED_UNIT ( * ) SI_UNIT ( $, .STERADIAN. ) SOLID_ANGLE_UNIT ( ) );
#7012 = PRESENTATION_STYLE_ASSIGNMENT (( #9385 ) ) ;
#7013 = DIRECTION ( 'NONE',  ( 0.000000000000000000, 0.000000000000000000, 1.000000000000000000 ) ) ;
#7014 = FILL_AREA_STYLE_COLOUR ( '', #6682 ) ;
#7015 = EDGE_LOOP ( 'NONE', ( #1080, #229, #8236, #8369 ) ) ;
#7016 = MECHANICAL_DESIGN_GEOMETRIC_PRESENTATION_REPRESENTATION (  '', ( #1144 ), #8155 ) ;
#7017 = VECTOR ( 'NONE', #7829, 1000.000000000000000 ) ;
#7018 = DIRECTION ( 'NONE',  ( -1.000000000000000000, 0.000000000000000000, -1.445602896647340149E-16 ) ) ;
#7019 = CARTESIAN_POINT ( 'NONE',  ( -0.5499999999999942712, 0.000000000000000000, -0.4500000000000005107 ) ) ;
#7020 = STYLED_ITEM ( 'NONE', ( #7510 ), #1760 ) ;
#7021 = DIRECTION ( 'NONE',  ( 0.000000000000000000, -1.000000000000000000, 0.000000000000000000 ) ) ;
#7022 =( GEOMETRIC_REPRESENTATION_CONTEXT ( 3 ) GLOBAL_UNCERTAINTY_ASSIGNED_CONTEXT ( ( #9505 ) ) GLOBAL_UNIT_ASSIGNED_CONTEXT ( ( #6460, #1730, #147 ) ) REPRESENTATION_CONTEXT ( 'NONE', 'WORKASPACE' ) );
#7023 = ORIENTED_EDGE ( 'NONE', *, *, #7818, .F. ) ;
#7024 = SURFACE_SIDE_STYLE ('',( #661 ) ) ;
#7025 = CARTESIAN_POINT ( 'NONE',  ( -1.450000000000020828, -0.05000000000000000278, 2.050000000000000266 ) ) ;
#7026 = ADVANCED_FACE ( 'NONE', ( #6433 ), #8206, .T. ) ;
#7027 = ORIENTED_EDGE ( 'NONE', *, *, #67, .F. ) ;
#7028 = UNCERTAINTY_MEASURE_WITH_UNIT (LENGTH_MEASURE( 1.000000000000000082E-05 ), #4425, 'distance_accuracy_value', 'NONE');
#7029 = DIRECTION ( 'NONE',  ( -0.000000000000000000, 1.000000000000000000, -0.000000000000000000 ) ) ;
#7030 = DIRECTION ( 'NONE',  ( -1.000000000000000000, -0.000000000000000000, -0.000000000000000000 ) ) ;
#7031 = MECHANICAL_DESIGN_GEOMETRIC_PRESENTATION_REPRESENTATION (  '', ( #2668 ), #3692 ) ;
#7032 = CIRCLE ( 'NONE', #2505, 0.04999999999996695282 ) ;
#7033 = DIRECTION ( 'NONE',  ( 1.000000000000000000, 0.000000000000000000, 0.000000000000000000 ) ) ;
#7034 = ORIENTED_EDGE ( 'NONE', *, *, #3336, .T. ) ;
#7035 = LINE ( 'NONE', #6979, #6694 ) ;
#7036 = DIRECTION ( 'NONE',  ( 0.000000000000000000, 0.000000000000000000, 1.000000000000000000 ) ) ;
#7037 = LINE ( 'NONE', #3053, #4886 ) ;
#7038 =( GEOMETRIC_REPRESENTATION_CONTEXT ( 3 ) GLOBAL_UNCERTAINTY_ASSIGNED_CONTEXT ( ( #311 ) ) GLOBAL_UNIT_ASSIGNED_CONTEXT ( ( #794, #3926, #2 ) ) REPRESENTATION_CONTEXT ( 'NONE', 'WORKASPACE' ) );
#7039 = ORIENTED_EDGE ( 'NONE', *, *, #1958, .T. ) ;
#7040 = STYLED_ITEM ( 'NONE', ( #8274 ), #10323 ) ;
#7041 = AXIS2_PLACEMENT_3D ( 'NONE', #4092, #6650, #5290 ) ;
#7042 = EDGE_CURVE ( 'NONE', #8084, #830, #1751, .T. ) ;
#7043 = AXIS2_PLACEMENT_3D ( 'NONE', #2042, #4258, #231 ) ;
#7044 = EDGE_CURVE ( 'NONE', #4930, #8842, #964, .T. ) ;
#7045 = ORIENTED_EDGE ( 'NONE', *, *, #4413, .F. ) ;
#7046 = UNCERTAINTY_MEASURE_WITH_UNIT (LENGTH_MEASURE( 1.000000000000000082E-05 ), #6743, 'distance_accuracy_value', 'NONE');
#7047 = SURFACE_STYLE_FILL_AREA ( #5519 ) ;
#7048 = ORIENTED_EDGE ( 'NONE', *, *, #5408, .T. ) ;
#7049 = FACE_OUTER_BOUND ( 'NONE', #6301, .T. ) ;
#7050 = SURFACE_STYLE_USAGE ( .BOTH. , #472 ) ;
#7051 = CIRCLE ( 'NONE', #4036, 0.04999999999999996808 ) ;
#7052 = AXIS2_PLACEMENT_3D ( 'NONE', #2253, #5594, #7889 ) ;
#7053 = ORIENTED_EDGE ( 'NONE', *, *, #1864, .F. ) ;
#7054 = VECTOR ( 'NONE', #3236, 1000.000000000000000 ) ;
#7055 = LINE ( 'NONE', #1908, #8794 ) ;
#7056 = DIRECTION ( 'NONE',  ( -1.000000000000000000, -0.000000000000000000, -0.000000000000000000 ) ) ;
#7057 = ORIENTED_EDGE ( 'NONE', *, *, #8089, .T. ) ;
#7058 = AXIS2_PLACEMENT_3D ( 'NONE', #1238, #6863, #5960 ) ;
#7059 = FILL_AREA_STYLE_COLOUR ( '', #6870 ) ;
#7060 = CARTESIAN_POINT ( 'NONE',  ( -0.05000000000001222911, -0.05000000000000000278, -1.649999999999967049 ) ) ;
#7061 = CARTESIAN_POINT ( 'NONE',  ( -2.050000000000000266, 0.1499999999999999944, 0.3999999999999995226 ) ) ;
#7062 = EDGE_CURVE ( 'NONE', #8209, #9307, #4241, .T. ) ;
#7063 = VECTOR ( 'NONE', #3970, 1000.000000000000000 ) ;
#7064 = FILL_AREA_STYLE_COLOUR ( '', #7959 ) ;
#7065 = CARTESIAN_POINT ( 'NONE',  ( -2.000000000000000000, 1.000000000000000000, -2.000000000000000000 ) ) ;
#7066 = CARTESIAN_POINT ( 'NONE',  ( 1.150000000000021005, -0.05000000000000000278, -2.050000000000000266 ) ) ;
#7067 = VERTEX_POINT ( 'NONE', #9957 ) ;
#7068 = DIRECTION ( 'NONE',  ( 0.000000000000000000, -1.000000000000000000, -1.355252715606880049E-16 ) ) ;
#7069 = CARTESIAN_POINT ( 'NONE',  ( -2.050000000000000266, 0.1499999999999999944, 1.249999999999999556 ) ) ;
#7070 = EDGE_CURVE ( 'NONE', #302, #1401, #2745, .T. ) ;
#7071 = ADVANCED_FACE ( 'NONE', ( #6750 ), #1194, .F. ) ;
#7072 = PRESENTATION_STYLE_ASSIGNMENT (( #4597 ) ) ;
#7073 = CARTESIAN_POINT ( 'NONE',  ( -0.5500000000000038192, -0.05000000000000000278, 0.9999999999999995559 ) ) ;
#7074 = SURFACE_SIDE_STYLE ('',( #1549 ) ) ;
#7075 = CARTESIAN_POINT ( 'NONE',  ( 2.000000000000000000, -0.05000000000000000278, -0.2999999999999999334 ) ) ;
#7076 = ORIENTED_EDGE ( 'NONE', *, *, #6052, .T. ) ;
#7077 = LINE ( 'NONE', #9549, #3169 ) ;
#7078 = LINE ( 'NONE', #10181, #746 ) ;
#7079 = SURFACE_STYLE_USAGE ( .BOTH. , #663 ) ;
#7080 = ORIENTED_EDGE ( 'NONE', *, *, #4530, .F. ) ;
#7081 = DIRECTION ( 'NONE',  ( 1.000000000000000000, 0.000000000000000000, -0.000000000000000000 ) ) ;
#7082 = CARTESIAN_POINT ( 'NONE',  ( 2.000000000000000000, 0.000000000000000000, 0.3000000000000000444 ) ) ;
#7083 = CARTESIAN_POINT ( 'NONE',  ( 0.000000000000000000, 0.000000000000000000, 2.050000000000000266 ) ) ;
#7084 = ORIENTED_EDGE ( 'NONE', *, *, #2864, .T. ) ;
#7085 =( LENGTH_UNIT ( ) NAMED_UNIT ( * ) SI_UNIT ( .MILLI., .METRE. ) );
#7086 = CARTESIAN_POINT ( 'NONE',  ( -0.4500000000000122236, -0.05000000000000000278, 1.649999999999967049 ) ) ;
#7087 = CARTESIAN_POINT ( 'NONE',  ( 1.250000000000004663, -0.05000000000000000278, -0.4500000000000001221 ) ) ;
#7088 = ORIENTED_EDGE ( 'NONE', *, *, #1287, .F. ) ;
#7089 = EDGE_LOOP ( 'NONE', ( #2052, #2407, #6504, #7094, #5756, #197 ) ) ;
#7090 = DIRECTION ( 'NONE',  ( 0.000000000000000000, 0.000000000000000000, 1.000000000000000000 ) ) ;
#7091 = PRESENTATION_STYLE_ASSIGNMENT (( #7863 ) ) ;
#7092 = ORIENTED_EDGE ( 'NONE', *, *, #5210, .F. ) ;
#7093 = CARTESIAN_POINT ( 'NONE',  ( -0.4999999999999885092, -0.05000000000000000278, -0.9500000000000005107 ) ) ;
#7094 = ORIENTED_EDGE ( 'NONE', *, *, #1036, .F. ) ;
#7095 = EDGE_CURVE ( 'NONE', #1844, #10075, #1351, .T. ) ;
#7096 = SURFACE_STYLE_USAGE ( .BOTH. , #4627 ) ;
#7097 = EDGE_CURVE ( 'NONE', #5354, #6850, #336, .T. ) ;
#7098 = VECTOR ( 'NONE', #632, 1000.000000000000000 ) ;
#7099 = DIRECTION ( 'NONE',  ( -0.000000000000000000, 1.000000000000000000, 0.000000000000000000 ) ) ;
#7100 = FILL_AREA_STYLE ('',( #1389 ) ) ;
#7101 = ORIENTED_EDGE ( 'NONE', *, *, #6957, .F. ) ;
#7102 = DIRECTION ( 'NONE',  ( 0.000000000000000000, 0.000000000000000000, 1.000000000000000000 ) ) ;
#7103 = DIRECTION ( 'NONE',  ( 0.000000000000000000, 0.000000000000000000, 1.000000000000000000 ) ) ;
#7104 = EDGE_CURVE ( 'NONE', #9840, #10297, #3608, .T. ) ;
#7105 = SURFACE_STYLE_FILL_AREA ( #7877 ) ;
#7106 =( NAMED_UNIT ( * ) SI_UNIT ( $, .STERADIAN. ) SOLID_ANGLE_UNIT ( ) );
#7107 = CYLINDRICAL_SURFACE ( 'NONE', #5820, 0.04999999999996716793 ) ;
#7108 = DIRECTION ( 'NONE',  ( -0.000000000000000000, 1.000000000000000000, -0.000000000000000000 ) ) ;
#7109 = ORIENTED_EDGE ( 'NONE', *, *, #10319, .F. ) ;
#7110 =( NAMED_UNIT ( * ) SI_UNIT ( $, .STERADIAN. ) SOLID_ANGLE_UNIT ( ) );
#7111 = VECTOR ( 'NONE', #567, 1000.000000000000000 ) ;
#7112 = DIRECTION ( 'NONE',  ( 1.000000000000000000, 0.000000000000000000, -0.000000000000000000 ) ) ;
#7113 = DIRECTION ( 'NONE',  ( 0.000000000000000000, 0.000000000000000000, 1.000000000000000000 ) ) ;
#7114 = CYLINDRICAL_SURFACE ( 'NONE', #8203, 0.04999999999999991257 ) ;
#7115 = DIRECTION ( 'NONE',  ( 0.000000000000000000, 0.000000000000000000, 1.000000000000000000 ) ) ;
#7116 = VERTEX_POINT ( 'NONE', #4548 ) ;
#7117 = LINE ( 'NONE', #7220, #4011 ) ;
#7118 = LINE ( 'NONE', #8828, #4793 ) ;
#7119 = ORIENTED_EDGE ( 'NONE', *, *, #7844, .T. ) ;
#7120 = UNCERTAINTY_MEASURE_WITH_UNIT (LENGTH_MEASURE( 1.000000000000000082E-05 ), #7664, 'distance_accuracy_value', 'NONE');
#7121 = EDGE_CURVE ( 'NONE', #8486, #3102, #7612, .T. ) ;
#7122 = EDGE_CURVE ( 'NONE', #5386, #3223, #3799, .T. ) ;
#7123 = SURFACE_STYLE_FILL_AREA ( #821 ) ;
#7124 = STYLED_ITEM ( 'NONE', ( #9801 ), #8026 ) ;
#7125 = VECTOR ( 'NONE', #9897, 1000.000000000000000 ) ;
#7126 = ORIENTED_EDGE ( 'NONE', *, *, #7529, .F. ) ;
#7127 =( LENGTH_UNIT ( ) NAMED_UNIT ( * ) SI_UNIT ( .MILLI., .METRE. ) );
#7128 = DIRECTION ( 'NONE',  ( -1.201915551212388030E-13, 0.000000000000000000, -1.000000000000000000 ) ) ;
#7129 = VERTEX_POINT ( 'NONE', #8412 ) ;
#7130 = ORIENTED_EDGE ( 'NONE', *, *, #1804, .T. ) ;
#7131 = VECTOR ( 'NONE', #431, 1000.000000000000000 ) ;
#7132 = PRESENTATION_STYLE_ASSIGNMENT (( #3101 ) ) ;
#7133 = ORIENTED_EDGE ( 'NONE', *, *, #9170, .F. ) ;
#7134 = CARTESIAN_POINT ( 'NONE',  ( -0.5500000000000003775, -0.05000000000000000278, 0.1499999999999995226 ) ) ;
#7135 =( NAMED_UNIT ( * ) SI_UNIT ( $, .STERADIAN. ) SOLID_ANGLE_UNIT ( ) );
#7136 = DIRECTION ( 'NONE',  ( -0.000000000000000000, 1.000000000000000000, -0.000000000000000000 ) ) ;
#7137 = ORIENTED_EDGE ( 'NONE', *, *, #8905, .F. ) ;
#7138 = PRESENTATION_STYLE_ASSIGNMENT (( #7958 ) ) ;
#7139 = VECTOR ( 'NONE', #6514, 1000.000000000000000 ) ;
#7140 = COLOUR_RGB ( '',0.7686274509803920907, 0.7686274509803920907, 0.7686274509803920907 ) ;
#7141 = AXIS2_PLACEMENT_3D ( 'NONE', #2283, #9378, #4538 ) ;
#7142 = DIRECTION ( 'NONE',  ( 0.000000000000000000, 1.000000000000000000, 0.000000000000000000 ) ) ;
#7143 = VERTEX_POINT ( 'NONE', #2913 ) ;
#7144 =( NAMED_UNIT ( * ) SI_UNIT ( $, .STERADIAN. ) SOLID_ANGLE_UNIT ( ) );
#7145 = DIRECTION ( 'NONE',  ( 0.000000000000000000, 0.000000000000000000, 1.000000000000000000 ) ) ;
#7146 = EDGE_CURVE ( 'NONE', #349, #2404, #4448, .T. ) ;
#7147 = COLOUR_RGB ( '',0.7686274509803920907, 0.7686274509803920907, 0.7686274509803920907 ) ;
#7149 = VECTOR ( 'NONE', #2606, 1000.000000000000000 ) ;
#7148 = CARTESIAN_POINT ( 'NONE',  ( 1.249999999999998002, -0.05000000000000000278, 0.9000000000000000222 ) ) ;
#7150 = MECHANICAL_DESIGN_GEOMETRIC_PRESENTATION_REPRESENTATION (  '', ( #10294 ), #1120 ) ;
#7151 = PLANE ( 'NONE',  #926 ) ;
#7152 = DIRECTION ( 'NONE',  ( 0.000000000000000000, 1.000000000000000000, 0.000000000000000000 ) ) ;
#7153 = VECTOR ( 'NONE', #2020, 1000.000000000000000 ) ;
#7154 =( GEOMETRIC_REPRESENTATION_CONTEXT ( 3 ) GLOBAL_UNCERTAINTY_ASSIGNED_CONTEXT ( ( #8496 ) ) GLOBAL_UNIT_ASSIGNED_CONTEXT ( ( #6563, #5761, #8997 ) ) REPRESENTATION_CONTEXT ( 'NONE', 'WORKASPACE' ) );
#7155 = ADVANCED_FACE ( 'NONE', ( #3667 ), #9185, .F. ) ;
#7156 = DIRECTION ( 'NONE',  ( -0.000000000000000000, -0.000000000000000000, 1.000000000000000000 ) ) ;
#7157 = SURFACE_SIDE_STYLE ('',( #7827 ) ) ;
#7158 =( NAMED_UNIT ( * ) PLANE_ANGLE_UNIT ( ) SI_UNIT ( $, .RADIAN. ) );
#7159 = VERTEX_POINT ( 'NONE', #3881 ) ;
#7160 = CARTESIAN_POINT ( 'NONE',  ( 1.999999999999999112, -0.05000000000000000278, 0.5000000000000000000 ) ) ;
#7161 = CYLINDRICAL_SURFACE ( 'NONE', #1165, 0.04999999999996716793 ) ;
#7162 = CARTESIAN_POINT ( 'NONE',  ( -2.050000000000000266, -0.05000000000000000278, -0.1500000000000003830 ) ) ;
#7163 = CARTESIAN_POINT ( 'NONE',  ( -0.4999999999999885092, 0.000000000000000000, -1.100000000000000533 ) ) ;
#7164 = ADVANCED_FACE ( 'NONE', ( #8668 ), #2195, .F. ) ;
#7165 = CARTESIAN_POINT ( 'NONE',  ( 2.050000000000000266, -0.05000000000000000278, -0.6999999999999998446 ) ) ;
#7166 = ORIENTED_EDGE ( 'NONE', *, *, #8703, .T. ) ;
#7167 = COLOUR_RGB ( '',0.7686274509803920907, 0.7686274509803920907, 0.7686274509803920907 ) ;
#7168 = LINE ( 'NONE', #4821, #10315 ) ;
#7169 = COLOUR_RGB ( '',0.7686274509803920907, 0.7686274509803920907, 0.7686274509803920907 ) ;
#7170 = DIRECTION ( 'NONE',  ( 0.000000000000000000, 0.000000000000000000, 1.000000000000000000 ) ) ;
#7171 = VECTOR ( 'NONE', #1657, 1000.000000000000000 ) ;
#7172 = ORIENTED_EDGE ( 'NONE', *, *, #8690, .T. ) ;
#7173 = SURFACE_STYLE_FILL_AREA ( #8739 ) ;
#7174 =( LENGTH_UNIT ( ) NAMED_UNIT ( * ) SI_UNIT ( .MILLI., .METRE. ) );
#7175 = VECTOR ( 'NONE', #8888, 1000.000000000000000 ) ;
#7176 = MECHANICAL_DESIGN_GEOMETRIC_PRESENTATION_REPRESENTATION (  '', ( #7020 ), #2347 ) ;
#7177 = ORIENTED_EDGE ( 'NONE', *, *, #3584, .T. ) ;
#7178 = DIRECTION ( 'NONE',  ( 1.000000000000000000, 0.000000000000000000, 0.000000000000000000 ) ) ;
#7179 =( GEOMETRIC_REPRESENTATION_CONTEXT ( 3 ) GLOBAL_UNCERTAINTY_ASSIGNED_CONTEXT ( ( #1659 ) ) GLOBAL_UNIT_ASSIGNED_CONTEXT ( ( #4756, #2403, #6380 ) ) REPRESENTATION_CONTEXT ( 'NONE', 'WORKASPACE' ) );
#7180 = PLANE ( 'NONE',  #5035 ) ;
#7181 = EDGE_CURVE ( 'NONE', #8469, #9415, #7920, .T. ) ;
#7182 = EDGE_CURVE ( 'NONE', #7143, #7932, #1541, .T. ) ;
#7183 = DIRECTION ( 'NONE',  ( 0.000000000000000000, -0.000000000000000000, 1.000000000000000000 ) ) ;
#7184 = CARTESIAN_POINT ( 'NONE',  ( -0.4500000000000122236, -0.05000000000000000278, 1.599999999999999867 ) ) ;
#7185 = VERTEX_POINT ( 'NONE', #5483 ) ;
#7186 = ORIENTED_EDGE ( 'NONE', *, *, #9116, .F. ) ;
#7187 = VECTOR ( 'NONE', #3198, 1000.000000000000000 ) ;
#7188 = COLOUR_RGB ( '',0.7686274509803920907, 0.7686274509803920907, 0.7686274509803920907 ) ;
#7189 = ORIENTED_EDGE ( 'NONE', *, *, #9751, .F. ) ;
#7190 = CARTESIAN_POINT ( 'NONE',  ( -0.4499999999999791944, -0.05000000000000000278, -1.599999999999999645 ) ) ;
#7191 = CIRCLE ( 'NONE', #8008, 0.2500000000000000000 ) ;
#7192 = CARTESIAN_POINT ( 'NONE',  ( -2.000000000000000000, -0.05000000000000000278, 0.6999999999999994005 ) ) ;
#7193 = DIRECTION ( 'NONE',  ( -0.000000000000000000, 0.000000000000000000, -1.000000000000000000 ) ) ;
#7194 = CARTESIAN_POINT ( 'NONE',  ( -0.6499999999999884759, -0.05000000000000000278, -1.250000000000000444 ) ) ;
#7195 = ORIENTED_EDGE ( 'NONE', *, *, #4945, .T. ) ;
#7196 = FILL_AREA_STYLE_COLOUR ( '', #811 ) ;
#7197 = ADVANCED_FACE ( 'NONE', ( #1495 ), #9540, .F. ) ;
#7198 =( GEOMETRIC_REPRESENTATION_CONTEXT ( 3 ) GLOBAL_UNCERTAINTY_ASSIGNED_CONTEXT ( ( #3251 ) ) GLOBAL_UNIT_ASSIGNED_CONTEXT ( ( #7440, #5735, #8810 ) ) REPRESENTATION_CONTEXT ( 'NONE', 'WORKASPACE' ) );
#7199 = COLOUR_RGB ( '',0.7686274509803920907, 0.7686274509803920907, 0.7686274509803920907 ) ;
#7200 = ORIENTED_EDGE ( 'NONE', *, *, #9973, .F. ) ;
#7201 = DIRECTION ( 'NONE',  ( 0.000000000000000000, -1.000000000000000000, 0.000000000000000000 ) ) ;
#7202 = CARTESIAN_POINT ( 'NONE',  ( -2.000000000000000000, -0.05000000000000000278, -0.1500000000000003830 ) ) ;
#7203 = VECTOR ( 'NONE', #6387, 1000.000000000000000 ) ;
#7204 = FILL_AREA_STYLE ('',( #9626 ) ) ;
#7205 =( NAMED_UNIT ( * ) SI_UNIT ( $, .STERADIAN. ) SOLID_ANGLE_UNIT ( ) );
#7206 = UNCERTAINTY_MEASURE_WITH_UNIT (LENGTH_MEASURE( 1.000000000000000082E-05 ), #6216, 'distance_accuracy_value', 'NONE');
#7207 = SURFACE_STYLE_USAGE ( .BOTH. , #5625 ) ;
#7208 =( GEOMETRIC_REPRESENTATION_CONTEXT ( 3 ) GLOBAL_UNCERTAINTY_ASSIGNED_CONTEXT ( ( #5894 ) ) GLOBAL_UNIT_ASSIGNED_CONTEXT ( ( #4964, #7367, #3391 ) ) REPRESENTATION_CONTEXT ( 'NONE', 'WORKASPACE' ) );
#7209 = DIRECTION ( 'NONE',  ( -6.814985084193969563E-15, 0.000000000000000000, -1.000000000000000000 ) ) ;
#7210 = AXIS2_PLACEMENT_3D ( 'NONE', #1073, #9851, #1905 ) ;
#7211 = CARTESIAN_POINT ( 'NONE',  ( 0.3000000000000208611, 0.000000000000000000, -2.000000000000000000 ) ) ;
#7212 = EDGE_LOOP ( 'NONE', ( #2750, #10154, #8586, #5590 ) ) ;
#7213 = SURFACE_STYLE_FILL_AREA ( #8766 ) ;
#7214 =( LENGTH_UNIT ( ) NAMED_UNIT ( * ) SI_UNIT ( .MILLI., .METRE. ) );
#7215 = CARTESIAN_POINT ( 'NONE',  ( 0.5000000000000208722, -0.05000000000000000278, -2.000000000000000000 ) ) ;
#7216 = ADVANCED_FACE ( 'NONE', ( #1398 ), #4589, .F. ) ;
#7217 = FILL_AREA_STYLE ('',( #858 ) ) ;
#7218 = EDGE_CURVE ( 'NONE', #4769, #2789, #3428, .T. ) ;
#7219 = DIRECTION ( 'NONE',  ( -0.000000000000000000, -0.000000000000000000, -1.000000000000000000 ) ) ;
#7220 = CARTESIAN_POINT ( 'NONE',  ( 0.3000000000000208611, -0.05000000000000000278, 2.000000000000000000 ) ) ;
#7221 = CARTESIAN_POINT ( 'NONE',  ( 1.199999999999987965, -0.05000000000000000278, -1.600000000000012079 ) ) ;
#7222 =( NAMED_UNIT ( * ) PLANE_ANGLE_UNIT ( ) SI_UNIT ( $, .RADIAN. ) );
#7223 = ORIENTED_EDGE ( 'NONE', *, *, #8491, .F. ) ;
#7224 = UNCERTAINTY_MEASURE_WITH_UNIT (LENGTH_MEASURE( 1.000000000000000082E-05 ), #4468, 'distance_accuracy_value', 'NONE');
#7225 = FILL_AREA_STYLE_COLOUR ( '', #6680 ) ;
#7226 = ORIENTED_EDGE ( 'NONE', *, *, #7559, .T. ) ;
#7227 = FACE_OUTER_BOUND ( 'NONE', #5768, .T. ) ;
#7228 = CARTESIAN_POINT ( 'NONE',  ( -2.000000000000000000, -0.05000000000000000278, 0.1499999999999994948 ) ) ;
#7229 = ORIENTED_EDGE ( 'NONE', *, *, #9197, .T. ) ;
#7230 = ORIENTED_EDGE ( 'NONE', *, *, #9010, .F. ) ;
#7231 =( NAMED_UNIT ( * ) PLANE_ANGLE_UNIT ( ) SI_UNIT ( $, .RADIAN. ) );
#7232 = EDGE_LOOP ( 'NONE', ( #4888, #9473, #6657, #7689, #8239, #531 ) ) ;
#7233 =( NAMED_UNIT ( * ) SI_UNIT ( $, .STERADIAN. ) SOLID_ANGLE_UNIT ( ) );
#7234 = SURFACE_SIDE_STYLE ('',( #8706 ) ) ;
#7235 = CARTESIAN_POINT ( 'NONE',  ( 2.000000000000000000, -1.355252715606880543E-17, 1.300000000000000266 ) ) ;
#7236 = EDGE_LOOP ( 'NONE', ( #7444, #8385, #9519, #4063 ) ) ;
#7237 =( LENGTH_UNIT ( ) NAMED_UNIT ( * ) SI_UNIT ( .MILLI., .METRE. ) );
#7238 = EDGE_LOOP ( 'NONE', ( #9069, #6792, #8698, #5272, #696, #6452 ) ) ;
#7239 = DIRECTION ( 'NONE',  ( 0.000000000000000000, 0.000000000000000000, 1.000000000000000000 ) ) ;
#7240 = PLANE ( 'NONE',  #1613 ) ;
#7241 = DIRECTION ( 'NONE',  ( 0.000000000000000000, 0.000000000000000000, -1.000000000000000000 ) ) ;
#7242 = EDGE_CURVE ( 'NONE', #8475, #8738, #3639, .T. ) ;
#7243 = EDGE_CURVE ( 'NONE', #3165, #8001, #2440, .T. ) ;
#7244 = DIRECTION ( 'NONE',  ( -1.000000000000000000, 0.000000000000000000, 0.000000000000000000 ) ) ;
#7245 = AXIS2_PLACEMENT_3D ( 'NONE', #7713, #8559, #4536 ) ;
#7246 = LINE ( 'NONE', #3274, #5144 ) ;
#7247 = PRESENTATION_STYLE_ASSIGNMENT (( #203 ) ) ;
#7248 = CARTESIAN_POINT ( 'NONE',  ( -1.400000000000012124, -0.05000000000000000278, -1.649999999999966827 ) ) ;
#7249 = SURFACE_SIDE_STYLE ('',( #8071 ) ) ;
#7250 = CARTESIAN_POINT ( 'NONE',  ( 1.400000000000053868, -0.05000000000000000278, -1.649999999999966827 ) ) ;
#7251 = DIRECTION ( 'NONE',  ( -0.000000000000000000, -0.000000000000000000, -1.000000000000000000 ) ) ;
#7252 = ORIENTED_EDGE ( 'NONE', *, *, #6444, .F. ) ;
#7253 = DIRECTION ( 'NONE',  ( 0.000000000000000000, 0.000000000000000000, 1.000000000000000000 ) ) ;
#7254 = LINE ( 'NONE', #6484, #7203 ) ;
#7255 = CARTESIAN_POINT ( 'NONE',  ( -0.5500000000000041522, -0.05000000000000000278, 1.249999999999999556 ) ) ;
#7256 = DIRECTION ( 'NONE',  ( 1.000000000000000000, -0.000000000000000000, -0.000000000000000000 ) ) ;
#7257 = CARTESIAN_POINT ( 'NONE',  ( 1.400000000000053868, 0.000000000000000000, 1.600000000000024070 ) ) ;
#7258 = CARTESIAN_POINT ( 'NONE',  ( 0.5000000000000208722, -0.05000000000000000278, -1.999999999999999556 ) ) ;
#7259 = VERTEX_POINT ( 'NONE', #8070 ) ;
#7260 = EDGE_CURVE ( 'NONE', #3631, #4225, #5971, .T. ) ;
#7261 = VERTEX_POINT ( 'NONE', #850 ) ;
#7262 = SURFACE_STYLE_FILL_AREA ( #1086 ) ;
#7263 = AXIS2_PLACEMENT_3D ( 'NONE', #3793, #5262, #6774 ) ;
#7264 = CARTESIAN_POINT ( 'NONE',  ( 1.450000000000020828, -0.05000000000000000278, 2.000000000000000000 ) ) ;
#7265 = CARTESIAN_POINT ( 'NONE',  ( -0.2999999999999792277, -0.05000000000000000278, 2.000000000000000000 ) ) ;
#7266 = ORIENTED_EDGE ( 'NONE', *, *, #7589, .F. ) ;
#7267 = DIRECTION ( 'NONE',  ( 0.000000000000000000, -1.000000000000000000, 0.000000000000000000 ) ) ;
#7268 = EDGE_CURVE ( 'NONE', #408, #3892, #7353, .T. ) ;
#7269 = EDGE_LOOP ( 'NONE', ( #731, #9216, #3067, #976 ) ) ;
#7270 = DIRECTION ( 'NONE',  ( 0.000000000000000000, 0.000000000000000000, 1.000000000000000000 ) ) ;
#7271 = VERTEX_POINT ( 'NONE', #6423 ) ;
#7272 = FACE_OUTER_BOUND ( 'NONE', #5220, .T. ) ;
#7273 = AXIS2_PLACEMENT_3D ( 'NONE', #5086, #3356, #9813 ) ;
#7274 = DIRECTION ( 'NONE',  ( -0.000000000000000000, 1.000000000000000000, -0.000000000000000000 ) ) ;
#7275 = ORIENTED_EDGE ( 'NONE', *, *, #4800, .T. ) ;
#7276 = DIRECTION ( 'NONE',  ( 0.000000000000000000, -0.000000000000000000, 1.000000000000000000 ) ) ;
#7277 = PLANE ( 'NONE',  #8307 ) ;
#7278 =( NAMED_UNIT ( * ) SI_UNIT ( $, .STERADIAN. ) SOLID_ANGLE_UNIT ( ) );
#7279 = COLOUR_RGB ( '',0.7686274509803920907, 0.7686274509803920907, 0.7686274509803920907 ) ;
#7280 = COLOUR_RGB ( '',0.7686274509803920907, 0.7686274509803920907, 0.7686274509803920907 ) ;
#7281 = EDGE_LOOP ( 'NONE', ( #8701, #6776, #9660, #2620 ) ) ;
#7282 = SURFACE_SIDE_STYLE ('',( #1006 ) ) ;
#7283 = CARTESIAN_POINT ( 'NONE',  ( -1.450000000000020828, 0.1499999999999999944, -2.050000000000000266 ) ) ;
#7284 = FILL_AREA_STYLE ('',( #890 ) ) ;
#7285 = COLOUR_RGB ( '',0.7686274509803920907, 0.7686274509803920907, 0.7686274509803920907 ) ;
#7286 = COLOUR_RGB ( '',0.7686274509803920907, 0.7686274509803920907, 0.7686274509803920907 ) ;
#7287 = MECHANICAL_DESIGN_GEOMETRIC_PRESENTATION_REPRESENTATION (  '', ( #4961 ), #1762 ) ;
#7288 = EDGE_CURVE ( 'NONE', #7650, #3631, #8914, .T. ) ;
#7289 = EDGE_CURVE ( 'NONE', #10053, #1390, #1738, .T. ) ;
#7290 = DIRECTION ( 'NONE',  ( 0.000000000000000000, 0.000000000000000000, 1.000000000000000000 ) ) ;
#7291 = CIRCLE ( 'NONE', #3134, 0.04999999999996716793 ) ;
#7292 =( NAMED_UNIT ( * ) SI_UNIT ( $, .STERADIAN. ) SOLID_ANGLE_UNIT ( ) );
#7293 =( GEOMETRIC_REPRESENTATION_CONTEXT ( 3 ) GLOBAL_UNCERTAINTY_ASSIGNED_CONTEXT ( ( #5266 ) ) GLOBAL_UNIT_ASSIGNED_CONTEXT ( ( #8029, #304, #5099 ) ) REPRESENTATION_CONTEXT ( 'NONE', 'WORKASPACE' ) );
#7294 =( NAMED_UNIT ( * ) SI_UNIT ( $, .STERADIAN. ) SOLID_ANGLE_UNIT ( ) );
#7295 = CARTESIAN_POINT ( 'NONE',  ( 1.150000000000021005, 0.1499999999999999944, 2.050000000000000266 ) ) ;
#7296 = ORIENTED_EDGE ( 'NONE', *, *, #5654, .T. ) ;
#7297 = STYLED_ITEM ( 'NONE', ( #4647 ), #3855 ) ;
#7298 = LINE ( 'NONE', #6536, #9996 ) ;
#7299 =( NAMED_UNIT ( * ) SI_UNIT ( $, .STERADIAN. ) SOLID_ANGLE_UNIT ( ) );
#7300 = LINE ( 'NONE', #3337, #2346 ) ;
#7301 = VECTOR ( 'NONE', #10372, 1000.000000000000000 ) ;
#7302 = COLOUR_RGB ( '',0.7686274509803920907, 0.7686274509803920907, 0.7686274509803920907 ) ;
#7303 = SURFACE_SIDE_STYLE ('',( #1075 ) ) ;
#7304 = SURFACE_STYLE_USAGE ( .BOTH. , #3558 ) ;
#7305 = CARTESIAN_POINT ( 'NONE',  ( -2.050000000000000266, -0.05000000000000000278, 0.3999999999999995226 ) ) ;
#7306 = DIRECTION ( 'NONE',  ( 0.000000000000000000, -1.000000000000000000, 0.000000000000000000 ) ) ;
#7307 = SURFACE_STYLE_FILL_AREA ( #4972 ) ;
#7308 = EDGE_LOOP ( 'NONE', ( #8185, #5419, #7441, #2138, #9056, #323 ) ) ;
#7309 = VECTOR ( 'NONE', #5728, 1000.000000000000000 ) ;
#7310 =( GEOMETRIC_REPRESENTATION_CONTEXT ( 3 ) GLOBAL_UNCERTAINTY_ASSIGNED_CONTEXT ( ( #9409 ) ) GLOBAL_UNIT_ASSIGNED_CONTEXT ( ( #6214, #5318, #570 ) ) REPRESENTATION_CONTEXT ( 'NONE', 'WORKASPACE' ) );
#7311 = STYLED_ITEM ( 'NONE', ( #1847 ), #4166 ) ;
#7312 = ORIENTED_EDGE ( 'NONE', *, *, #6107, .T. ) ;
#7313 = CARTESIAN_POINT ( 'NONE',  ( -0.3499999999999792166, 0.000000000000000000, 1.599999999999999645 ) ) ;
#7314 =( GEOMETRIC_REPRESENTATION_CONTEXT ( 3 ) GLOBAL_UNCERTAINTY_ASSIGNED_CONTEXT ( ( #9275 ) ) GLOBAL_UNIT_ASSIGNED_CONTEXT ( ( #2437, #1634, #4068 ) ) REPRESENTATION_CONTEXT ( 'NONE', 'WORKASPACE' ) );
#7315 = FILL_AREA_STYLE ('',( #8934 ) ) ;
#7316 = STYLED_ITEM ( 'NONE', ( #2260 ), #1333 ) ;
#7317 = FILL_AREA_STYLE ('',( #4147 ) ) ;
#7318 = FILL_AREA_STYLE_COLOUR ( '', #10263 ) ;
#7319 = EDGE_CURVE ( 'NONE', #8889, #2889, #7976, .T. ) ;
#7320 = EDGE_LOOP ( 'NONE', ( #7229, #3942, #4154, #1569, #1853, #9090 ) ) ;
#7321 = DIRECTION ( 'NONE',  ( 0.000000000000000000, 0.000000000000000000, 1.000000000000000000 ) ) ;
#7322 = ORIENTED_EDGE ( 'NONE', *, *, #4924, .F. ) ;
#7323 = PRESENTATION_STYLE_ASSIGNMENT (( #3408 ) ) ;
#7324 = SURFACE_STYLE_USAGE ( .BOTH. , #4099 ) ;
#7325 = FILL_AREA_STYLE ('',( #1680 ) ) ;
#7326 = DIRECTION ( 'NONE',  ( 1.000000000000000000, -0.000000000000000000, -0.000000000000000000 ) ) ;
#7327 = VECTOR ( 'NONE', #618, 1000.000000000000000 ) ;
#7328 =( GEOMETRIC_REPRESENTATION_CONTEXT ( 3 ) GLOBAL_UNCERTAINTY_ASSIGNED_CONTEXT ( ( #1473 ) ) GLOBAL_UNIT_ASSIGNED_CONTEXT ( ( #7523, #1201, #9346 ) ) REPRESENTATION_CONTEXT ( 'NONE', 'WORKASPACE' ) );
#7329 = CARTESIAN_POINT ( 'NONE',  ( -2.000000000000000000, 0.000000000000000000, -2.000000000000000000 ) ) ;
#7330 =( GEOMETRIC_REPRESENTATION_CONTEXT ( 3 ) GLOBAL_UNCERTAINTY_ASSIGNED_CONTEXT ( ( #7120 ) ) GLOBAL_UNIT_ASSIGNED_CONTEXT ( ( #7664, #6012, #8354 ) ) REPRESENTATION_CONTEXT ( 'NONE', 'WORKASPACE' ) );
#7331 =( NAMED_UNIT ( * ) PLANE_ANGLE_UNIT ( ) SI_UNIT ( $, .RADIAN. ) );
#7332 = ORIENTED_EDGE ( 'NONE', *, *, #7377, .T. ) ;
#7333 = LINE ( 'NONE', #1625, #5192 ) ;
#7334 = DIRECTION ( 'NONE',  ( 0.000000000000000000, 0.000000000000000000, -1.000000000000000000 ) ) ;
#7335 = EDGE_CURVE ( 'NONE', #2889, #10243, #9580, .T. ) ;
#7336 = EDGE_CURVE ( 'NONE', #5089, #3454, #4072, .T. ) ;
#7337 = AXIS2_PLACEMENT_3D ( 'NONE', #2713, #5918, #7416 ) ;
#7338 = AXIS2_PLACEMENT_3D ( 'NONE', #4958, #8139, #2860 ) ;
#7339 = STYLED_ITEM ( 'NONE', ( #5734 ), #4885 ) ;
#7340 = ORIENTED_EDGE ( 'NONE', *, *, #9922, .T. ) ;
#7341 = LINE ( 'NONE', #145, #8814 ) ;
#7342 = DIRECTION ( 'NONE',  ( -1.000000000000000000, -0.000000000000000000, -0.000000000000000000 ) ) ;
#7343 = DIRECTION ( 'NONE',  ( 0.000000000000000000, 1.000000000000000000, 0.000000000000000000 ) ) ;
#7344 = SURFACE_STYLE_USAGE ( .BOTH. , #8068 ) ;
#7345 = STYLED_ITEM ( 'NONE', ( #4239 ), #10066 ) ;
#7346 = STYLED_ITEM ( 'NONE', ( #9149 ), #1960 ) ;
#7347 = EDGE_CURVE ( 'NONE', #3760, #8478, #420, .T. ) ;
#7348 = VECTOR ( 'NONE', #6901, 1000.000000000000000 ) ;
#7349 = VERTEX_POINT ( 'NONE', #2490 ) ;
#7350 = AXIS2_PLACEMENT_3D ( 'NONE', #1112, #4326, #313 ) ;
#7351 =( NAMED_UNIT ( * ) SI_UNIT ( $, .STERADIAN. ) SOLID_ANGLE_UNIT ( ) );
#7352 = VERTEX_POINT ( 'NONE', #8870 ) ;
#7353 = LINE ( 'NONE', #5739, #3122 ) ;
#7354 = CARTESIAN_POINT ( 'NONE',  ( 1.250000000000005107, 0.000000000000000000, -0.5000000000000001110 ) ) ;
#7355 = PRESENTATION_LAYER_ASSIGNMENT (  '', '', ( #4366 ) ) ;
#7356 = CIRCLE ( 'NONE', #3875, 0.04999999999996716793 ) ;
#7357 = LINE ( 'NONE', #4955, #9991 ) ;
#7358 = ORIENTED_EDGE ( 'NONE', *, *, #1591, .F. ) ;
#7359 = SURFACE_SIDE_STYLE ('',( #3334 ) ) ;
#7360 = LINE ( 'NONE', #958, #4643 ) ;
#7361 = FILL_AREA_STYLE_COLOUR ( '', #1843 ) ;
#7362 = PLANE ( 'NONE',  #6686 ) ;
#7363 = AXIS2_PLACEMENT_3D ( 'NONE', #5403, #1407, #4602 ) ;
#7364 = STYLED_ITEM ( 'NONE', ( #11 ), #2512 ) ;
#7365 = DIRECTION ( 'NONE',  ( -0.000000000000000000, 1.000000000000000000, -0.000000000000000000 ) ) ;
#7366 = VECTOR ( 'NONE', #3206, 1000.000000000000000 ) ;
#7367 =( NAMED_UNIT ( * ) PLANE_ANGLE_UNIT ( ) SI_UNIT ( $, .RADIAN. ) );
#7368 = STYLED_ITEM ( 'NONE', ( #7511 ), #5454 ) ;
#7369 = DIRECTION ( 'NONE',  ( 0.000000000000000000, -0.000000000000000000, 1.000000000000000000 ) ) ;
#7370 = SURFACE_SIDE_STYLE ('',( #8826 ) ) ;
#7372 = ORIENTED_EDGE ( 'NONE', *, *, #1089, .T. ) ;
#7371 = CARTESIAN_POINT ( 'NONE',  ( -0.8500000000000124123, 0.000000000000000000, 1.599999999999999867 ) ) ;
#7373 = CARTESIAN_POINT ( 'NONE',  ( 1.400000000000053868, -0.05000000000000000278, 1.600000000000024070 ) ) ;
#7374 = VERTEX_POINT ( 'NONE', #1692 ) ;
#7375 = CARTESIAN_POINT ( 'NONE',  ( -0.8499999999999793276, -0.05000000000000000278, -1.599999999999999867 ) ) ;
#7376 = PRESENTATION_LAYER_ASSIGNMENT (  '', '', ( #3888 ) ) ;
#7377 = EDGE_CURVE ( 'NONE', #2730, #2674, #893, .T. ) ;
#7378 = EDGE_CURVE ( 'NONE', #3093, #9858, #5781, .T. ) ;
#7379 = DIRECTION ( 'NONE',  ( 0.000000000000000000, 0.000000000000000000, -1.000000000000000000 ) ) ;
#7380 = UNCERTAINTY_MEASURE_WITH_UNIT (LENGTH_MEASURE( 1.000000000000000082E-05 ), #136, 'distance_accuracy_value', 'NONE');
#7381 = VERTEX_POINT ( 'NONE', #3548 ) ;
#7382 = CARTESIAN_POINT ( 'NONE',  ( 0.1000000000000208361, -0.05000000000000000278, 1.999999999999999556 ) ) ;
#7383 =( NAMED_UNIT ( * ) SI_UNIT ( $, .STERADIAN. ) SOLID_ANGLE_UNIT ( ) );
#7384 = ORIENTED_EDGE ( 'NONE', *, *, #5911, .F. ) ;
#7385 = VERTEX_POINT ( 'NONE', #1066 ) ;
#7386 = SURFACE_STYLE_USAGE ( .BOTH. , #4213 ) ;
#7387 = CARTESIAN_POINT ( 'NONE',  ( 2.050000000000000266, 0.1500000000000000222, 0.7000000000000000666 ) ) ;
#7388 = SURFACE_SIDE_STYLE ('',( #5094 ) ) ;
#7389 = FILL_AREA_STYLE ('',( #6769 ) ) ;
#7390 = ORIENTED_EDGE ( 'NONE', *, *, #4899, .F. ) ;
#7391 = DIRECTION ( 'NONE',  ( 0.000000000000000000, 0.000000000000000000, 1.000000000000000000 ) ) ;
#7392 = EDGE_CURVE ( 'NONE', #3063, #4015, #5232, .T. ) ;
#7393 = EDGE_LOOP ( 'NONE', ( #1608, #9455, #10305, #3642 ) ) ;
#7394 = VERTEX_POINT ( 'NONE', #8451 ) ;
#7395 = SURFACE_STYLE_FILL_AREA ( #8179 ) ;
#7396 = CARTESIAN_POINT ( 'NONE',  ( -0.4999999999999942824, -0.05000000000000000278, -0.4500000000000008438 ) ) ;
#7397 = PRODUCT_RELATED_PRODUCT_CATEGORY ( 'part', '', ( #1271 ) ) ;
#7398 = EDGE_CURVE ( 'NONE', #6700, #9442, #5170, .T. ) ;
#7399 = EDGE_LOOP ( 'NONE', ( #87, #4782, #6359, #7340 ) ) ;
#7400 = ORIENTED_EDGE ( 'NONE', *, *, #677, .T. ) ;
#7401 = EDGE_CURVE ( 'NONE', #5679, #6709, #4273, .T. ) ;
#7402 = CARTESIAN_POINT ( 'NONE',  ( 2.050000000000000266, -0.05000000000000000278, -0.6999999999999998446 ) ) ;
#7403 = ORIENTED_EDGE ( 'NONE', *, *, #3777, .F. ) ;
#7404 = PRESENTATION_STYLE_ASSIGNMENT (( #1697 ) ) ;
#7405 = CARTESIAN_POINT ( 'NONE',  ( 2.000000000000000000, -0.05000000000000000278, 0.3000000000000000444 ) ) ;
#7406 = DIRECTION ( 'NONE',  ( -0.000000000000000000, 1.000000000000000000, -0.000000000000000000 ) ) ;
#7407 = CARTESIAN_POINT ( 'NONE',  ( -1.999999999999988676, -0.05000000000000000278, -0.9500000000000005107 ) ) ;
#7408 = DIRECTION ( 'NONE',  ( 0.000000000000000000, 0.000000000000000000, 1.000000000000000000 ) ) ;
#7409 = CARTESIAN_POINT ( 'NONE',  ( 1.249999999999997558, -0.05000000000000000278, 0.7500000000000000000 ) ) ;
#7410 = CARTESIAN_POINT ( 'NONE',  ( 0.3000000000000209166, -0.05000000000000000278, -2.000000000000000000 ) ) ;
#7411 = DIRECTION ( 'NONE',  ( -0.000000000000000000, 1.000000000000000000, -0.000000000000000000 ) ) ;
#7412 = LINE ( 'NONE', #7257, #7149 ) ;
#7413 = DIRECTION ( 'NONE',  ( -0.000000000000000000, 1.000000000000000000, -0.000000000000000000 ) ) ;
#7414 = VERTEX_POINT ( 'NONE', #2788 ) ;
#7415 = UNCERTAINTY_MEASURE_WITH_UNIT (LENGTH_MEASURE( 1.000000000000000082E-05 ), #894, 'distance_accuracy_value', 'NONE');
#7416 = DIRECTION ( 'NONE',  ( 0.000000000000000000, 0.000000000000000000, 1.000000000000000000 ) ) ;
#7417 = ORIENTED_EDGE ( 'NONE', *, *, #1580, .F. ) ;
#7418 = DIRECTION ( 'NONE',  ( 0.000000000000000000, -1.000000000000000000, 0.000000000000000000 ) ) ;
#7419 = CARTESIAN_POINT ( 'NONE',  ( -0.09999999999997911948, 0.1499999999999999944, -2.000000000000000000 ) ) ;
#7420 =( NAMED_UNIT ( * ) PLANE_ANGLE_UNIT ( ) SI_UNIT ( $, .RADIAN. ) );
#7421 = VERTEX_POINT ( 'NONE', #6788 ) ;
#7422 = EDGE_CURVE ( 'NONE', #7067, #10285, #8240, .T. ) ;
#7423 =( LENGTH_UNIT ( ) NAMED_UNIT ( * ) SI_UNIT ( .MILLI., .METRE. ) );
#7424 = ORIENTED_EDGE ( 'NONE', *, *, #8338, .T. ) ;
#7425 = DIRECTION ( 'NONE',  ( -0.000000000000000000, 0.000000000000000000, 1.000000000000000000 ) ) ;
#7426 = CARTESIAN_POINT ( 'NONE',  ( 1.450000000000008615, 0.000000000000000000, -1.649999999999966827 ) ) ;
#7427 =( NAMED_UNIT ( * ) PLANE_ANGLE_UNIT ( ) SI_UNIT ( $, .RADIAN. ) );
#7428 = DIRECTION ( 'NONE',  ( -0.000000000000000000, 1.000000000000000000, 0.000000000000000000 ) ) ;
#7429 = MECHANICAL_DESIGN_GEOMETRIC_PRESENTATION_REPRESENTATION (  '', ( #8086 ), #572 ) ;
#7430 = ORIENTED_EDGE ( 'NONE', *, *, #1670, .F. ) ;
#7431 =( NAMED_UNIT ( * ) PLANE_ANGLE_UNIT ( ) SI_UNIT ( $, .RADIAN. ) );
#7432 = DIRECTION ( 'NONE',  ( 0.000000000000000000, 1.000000000000000000, 0.000000000000000000 ) ) ;
#7433 =( NAMED_UNIT ( * ) SI_UNIT ( $, .STERADIAN. ) SOLID_ANGLE_UNIT ( ) );
#7434 = EDGE_LOOP ( 'NONE', ( #4557, #800, #7137, #1708 ) ) ;
#7435 = ORIENTED_EDGE ( 'NONE', *, *, #5080, .F. ) ;
#7436 = ORIENTED_EDGE ( 'NONE', *, *, #2642, .F. ) ;
#7437 = UNCERTAINTY_MEASURE_WITH_UNIT (LENGTH_MEASURE( 1.000000000000000082E-05 ), #4059, 'distance_accuracy_value', 'NONE');
#7438 =( NAMED_UNIT ( * ) PLANE_ANGLE_UNIT ( ) SI_UNIT ( $, .RADIAN. ) );
#7439 = SURFACE_SIDE_STYLE ('',( #8287 ) ) ;
#7440 =( LENGTH_UNIT ( ) NAMED_UNIT ( * ) SI_UNIT ( .MILLI., .METRE. ) );
#7441 = ORIENTED_EDGE ( 'NONE', *, *, #6425, .F. ) ;
#7442 = COLOUR_RGB ( '',0.7686274509803920907, 0.7686274509803920907, 0.7686274509803920907 ) ;
#7443 = VECTOR ( 'NONE', #7462, 1000.000000000000000 ) ;
#7444 = ORIENTED_EDGE ( 'NONE', *, *, #2548, .T. ) ;
#7445 = LINE ( 'NONE', #1278, #3448 ) ;
#7446 = EDGE_CURVE ( 'NONE', #4575, #5533, #7445, .T. ) ;
#7447 = FILL_AREA_STYLE_COLOUR ( '', #6323 ) ;
#7448 =( LENGTH_UNIT ( ) NAMED_UNIT ( * ) SI_UNIT ( .MILLI., .METRE. ) );
#7449 = ORIENTED_EDGE ( 'NONE', *, *, #3914, .F. ) ;
#7450 = AXIS2_PLACEMENT_3D ( 'NONE', #9486, #4711, #10166 ) ;
#7452 = PRESENTATION_LAYER_ASSIGNMENT (  '', '', ( #6629 ) ) ;
#7451 = DIRECTION ( 'NONE',  ( -0.000000000000000000, 0.000000000000000000, -1.000000000000000000 ) ) ;
#7454 = VECTOR ( 'NONE', #1227, 1000.000000000000000 ) ;
#7453 = PRESENTATION_STYLE_ASSIGNMENT (( #3661 ) ) ;
#7455 =( LENGTH_UNIT ( ) NAMED_UNIT ( * ) SI_UNIT ( .MILLI., .METRE. ) );
#7456 = AXIS2_PLACEMENT_3D ( 'NONE', #10095, #7758, #1134 ) ;
#7457 =( LENGTH_UNIT ( ) NAMED_UNIT ( * ) SI_UNIT ( .MILLI., .METRE. ) );
#7458 = CARTESIAN_POINT ( 'NONE',  ( -1.400000000000012124, -0.05000000000000000278, 1.599999999999999867 ) ) ;
#7460 = CYLINDRICAL_SURFACE ( 'NONE', #6977, 0.04999999999999991257 ) ;
#7459 =( GEOMETRIC_REPRESENTATION_CONTEXT ( 3 ) GLOBAL_UNCERTAINTY_ASSIGNED_CONTEXT ( ( #7522 ) ) GLOBAL_UNIT_ASSIGNED_CONTEXT ( ( #4006, #4057, #8054 ) ) REPRESENTATION_CONTEXT ( 'NONE', 'WORKASPACE' ) );
#7461 = COLOUR_RGB ( '',0.7686274509803920907, 0.7686274509803920907, 0.7686274509803920907 ) ;
#7462 = DIRECTION ( 'NONE',  ( 0.000000000000000000, 0.000000000000000000, 1.000000000000000000 ) ) ;
#7463 = EDGE_CURVE ( 'NONE', #9769, #6447, #3488, .T. ) ;
#7464 = DIRECTION ( 'NONE',  ( 0.000000000000000000, 0.000000000000000000, 1.000000000000000000 ) ) ;
#7465 = SURFACE_SIDE_STYLE ('',( #968 ) ) ;
#7466 = CARTESIAN_POINT ( 'NONE',  ( -1.400000000000012124, 0.000000000000000000, -1.599999999999999867 ) ) ;
#7467 = VERTEX_POINT ( 'NONE', #2851 ) ;
#7468 = DIRECTION ( 'NONE',  ( 0.000000000000000000, -1.000000000000000000, 0.000000000000000000 ) ) ;
#7469 = VECTOR ( 'NONE', #10131, 1000.000000000000000 ) ;
#7470 = VECTOR ( 'NONE', #8860, 1000.000000000000000 ) ;
#7471 = FACE_OUTER_BOUND ( 'NONE', #8215, .T. ) ;
#7472 = ADVANCED_FACE ( 'NONE', ( #8352 ), #2900, .F. ) ;
#7473 = ORIENTED_EDGE ( 'NONE', *, *, #3253, .T. ) ;
#7474 = CARTESIAN_POINT ( 'NONE',  ( 0.9000000000000208944, 0.1499999999999999944, 2.050000000000000266 ) ) ;
#7475 = DIRECTION ( 'NONE',  ( 0.000000000000000000, 0.000000000000000000, -1.000000000000000000 ) ) ;
#7476 =( LENGTH_UNIT ( ) NAMED_UNIT ( * ) SI_UNIT ( .MILLI., .METRE. ) );
#7477 = VERTEX_POINT ( 'NONE', #2737 ) ;
#7478 = COLOUR_RGB ( '',0.7686274509803920907, 0.7686274509803920907, 0.7686274509803920907 ) ;
#7479 = STYLED_ITEM ( 'NONE', ( #10126 ), #4153 ) ;
#7480 = ORIENTED_EDGE ( 'NONE', *, *, #4596, .T. ) ;
#7481 = DIRECTION ( 'NONE',  ( 1.000000000000000000, 0.000000000000000000, -0.000000000000000000 ) ) ;
#7482 = LINE ( 'NONE', #5929, #9186 ) ;
#7483 = SURFACE_STYLE_USAGE ( .BOTH. , #5989 ) ;
#7484 = PRESENTATION_LAYER_ASSIGNMENT (  '', '', ( #786 ) ) ;
#7485 = ADVANCED_FACE ( 'NONE', ( #1954 ), #3651, .T. ) ;
#7486 = PRESENTATION_LAYER_ASSIGNMENT (  '', '', ( #8498 ) ) ;
#7487 = ORIENTED_EDGE ( 'NONE', *, *, #122, .F. ) ;
#7488 = SURFACE_SIDE_STYLE ('',( #7587 ) ) ;
#7489 = MECHANICAL_DESIGN_GEOMETRIC_PRESENTATION_REPRESENTATION (  '', ( #8992 ), #4335 ) ;
#7490 =( LENGTH_UNIT ( ) NAMED_UNIT ( * ) SI_UNIT ( .MILLI., .METRE. ) );
#7491 = SURFACE_STYLE_FILL_AREA ( #8069 ) ;
#7492 = LINE ( 'NONE', #8112, #3271 ) ;
#7493 = EDGE_LOOP ( 'NONE', ( #3153, #2585, #8351, #6983, #10028, #2039 ) ) ;
#7494 = ORIENTED_EDGE ( 'NONE', *, *, #9376, .T. ) ;
#7495 = ORIENTED_EDGE ( 'NONE', *, *, #8528, .F. ) ;
#7496 =( GEOMETRIC_REPRESENTATION_CONTEXT ( 3 ) GLOBAL_UNCERTAINTY_ASSIGNED_CONTEXT ( ( #7551 ) ) GLOBAL_UNIT_ASSIGNED_CONTEXT ( ( #8919, #8244, #3493 ) ) REPRESENTATION_CONTEXT ( 'NONE', 'WORKASPACE' ) );
#7497 = DIRECTION ( 'NONE',  ( -0.000000000000000000, -0.000000000000000000, -1.000000000000000000 ) ) ;
#7498 = SURFACE_SIDE_STYLE ('',( #2689 ) ) ;
#7499 =( NAMED_UNIT ( * ) SI_UNIT ( $, .STERADIAN. ) SOLID_ANGLE_UNIT ( ) );
#7500 = EDGE_CURVE ( 'NONE', #6753, #2991, #8125, .T. ) ;
#7501 = ADVANCED_FACE ( 'NONE', ( #2340 ), #3959, .T. ) ;
#7502 = ORIENTED_EDGE ( 'NONE', *, *, #1842, .F. ) ;
#7503 = VECTOR ( 'NONE', #8849, 1000.000000000000000 ) ;
#7504 = ORIENTED_EDGE ( 'NONE', *, *, #1001, .T. ) ;
#7505 = CARTESIAN_POINT ( 'NONE',  ( 2.000000000000000000, 0.1499999999999999944, -1.100000000000000089 ) ) ;
#7506 =( LENGTH_UNIT ( ) NAMED_UNIT ( * ) SI_UNIT ( .MILLI., .METRE. ) );
#7507 = CARTESIAN_POINT ( 'NONE',  ( 1.450000000000020828, 0.000000000000000000, 2.000000000000000000 ) ) ;
#7508 = ORIENTED_EDGE ( 'NONE', *, *, #2449, .F. ) ;
#7509 = AXIS2_PLACEMENT_3D ( 'NONE', #4376, #5769, #2577 ) ;
#7510 = PRESENTATION_STYLE_ASSIGNMENT (( #8302 ) ) ;
#7511 = PRESENTATION_STYLE_ASSIGNMENT (( #6174 ) ) ;
#7512 = VECTOR ( 'NONE', #3553, 1000.000000000000000 ) ;
#7513 = FILL_AREA_STYLE_COLOUR ( '', #4365 ) ;
#7514 = DIRECTION ( 'NONE',  ( -0.000000000000000000, -1.000000000000000000, 0.000000000000000000 ) ) ;
#7516 = CARTESIAN_POINT ( 'NONE',  ( -0.4999999999999791833, -0.05000000000000000278, -2.050000000000000266 ) ) ;
#7515 = VECTOR ( 'NONE', #9785, 1000.000000000000000 ) ;
#7517 = VECTOR ( 'NONE', #9055, 1000.000000000000000 ) ;
#7518 = SURFACE_SIDE_STYLE ('',( #5385 ) ) ;
#7519 = STYLED_ITEM ( 'NONE', ( #8598 ), #5139 ) ;
#7520 = CARTESIAN_POINT ( 'NONE',  ( -2.000000000000000000, 0.1499999999999999944, 0.9499999999999996225 ) ) ;
#7521 = ORIENTED_EDGE ( 'NONE', *, *, #512, .F. ) ;
#7522 = UNCERTAINTY_MEASURE_WITH_UNIT (LENGTH_MEASURE( 1.000000000000000082E-05 ), #4006, 'distance_accuracy_value', 'NONE');
#7523 =( LENGTH_UNIT ( ) NAMED_UNIT ( * ) SI_UNIT ( .MILLI., .METRE. ) );
#7524 = VECTOR ( 'NONE', #602, 1000.000000000000000 ) ;
#7525 = SURFACE_STYLE_FILL_AREA ( #9194 ) ;
#7526 = STYLED_ITEM ( 'NONE', ( #9701 ), #6236 ) ;
#7527 = EDGE_CURVE ( 'NONE', #631, #8448, #7811, .T. ) ;
#7528 = PRESENTATION_LAYER_ASSIGNMENT (  '', '', ( #1181 ) ) ;
#7529 = EDGE_CURVE ( 'NONE', #7895, #8495, #8508, .T. ) ;
#7530 = FACE_OUTER_BOUND ( 'NONE', #7232, .T. ) ;
#7531 = LINE ( 'NONE', #5135, #2856 ) ;
#7532 = EDGE_LOOP ( 'NONE', ( #2740, #8656, #5847, #3990, #2829, #10183, #7580, #5737, #1208, #4100, #6713, #7372, #8177, #7358, #2076, #4090, #7322, #9209, #7266, #5665, #6888, #7871, #7502, #30 ) ) ;
#7533 = CARTESIAN_POINT ( 'NONE',  ( 1.250000000000000888, -0.05000000000000000278, 0.09999999999999986677 ) ) ;
#7534 = VECTOR ( 'NONE', #3923, 1000.000000000000000 ) ;
#7535 = ORIENTED_EDGE ( 'NONE', *, *, #2705, .F. ) ;
#7536 = UNCERTAINTY_MEASURE_WITH_UNIT (LENGTH_MEASURE( 1.000000000000000082E-05 ), #6923, 'distance_accuracy_value', 'NONE');
#7537 = DIRECTION ( 'NONE',  ( 1.000000000000000000, -0.000000000000000000, -0.000000000000000000 ) ) ;
#7538 = EDGE_CURVE ( 'NONE', #363, #7385, #6473, .T. ) ;
#7539 = LINE ( 'NONE', #8430, #3469 ) ;
#7540 = FACE_OUTER_BOUND ( 'NONE', #2984, .T. ) ;
#7541 = DIRECTION ( 'NONE',  ( 0.000000000000000000, 0.000000000000000000, 1.000000000000000000 ) ) ;
#7542 = CARTESIAN_POINT ( 'NONE',  ( 1.999999999999999112, -0.05000000000000000278, 0.5000000000000000000 ) ) ;
#7543 = VERTEX_POINT ( 'NONE', #9418 ) ;
#7544 = FACE_OUTER_BOUND ( 'NONE', #4428, .T. ) ;
#7545 =( LENGTH_UNIT ( ) NAMED_UNIT ( * ) SI_UNIT ( .MILLI., .METRE. ) );
#7546 = DIRECTION ( 'NONE',  ( -0.000000000000000000, -1.355252715606880049E-16, 1.000000000000000000 ) ) ;
#7547 = SURFACE_SIDE_STYLE ('',( #4223 ) ) ;
#7548 = VERTEX_POINT ( 'NONE', #3066 ) ;
#7549 = ORIENTED_EDGE ( 'NONE', *, *, #7182, .T. ) ;
#7550 = ORIENTED_EDGE ( 'NONE', *, *, #3817, .F. ) ;
#7551 = UNCERTAINTY_MEASURE_WITH_UNIT (LENGTH_MEASURE( 1.000000000000000082E-05 ), #8919, 'distance_accuracy_value', 'NONE');
#7552 = FILL_AREA_STYLE_COLOUR ( '', #125 ) ;
#7553 = CARTESIAN_POINT ( 'NONE',  ( -0.6999999999999791944, -0.05000000000000000278, 2.000000000000000000 ) ) ;
#7554 =( NAMED_UNIT ( * ) PLANE_ANGLE_UNIT ( ) SI_UNIT ( $, .RADIAN. ) );
#7555 = ORIENTED_EDGE ( 'NONE', *, *, #3347, .F. ) ;
#7556 = EDGE_LOOP ( 'NONE', ( #5941, #1033, #1118, #533 ) ) ;
#7557 = FILL_AREA_STYLE_COLOUR ( '', #2114 ) ;
#7558 = EDGE_LOOP ( 'NONE', ( #971, #2923, #7706, #9463, #9984, #8683 ) ) ;
#7559 = EDGE_CURVE ( 'NONE', #4104, #4909, #3759, .T. ) ;
#7560 = PRESENTATION_STYLE_ASSIGNMENT (( #10001 ) ) ;
#7561 = EDGE_CURVE ( 'NONE', #4956, #5037, #6943, .T. ) ;
#7562 = SURFACE_STYLE_FILL_AREA ( #4487 ) ;
#7563 = DIRECTION ( 'NONE',  ( -0.000000000000000000, -0.000000000000000000, -1.000000000000000000 ) ) ;
#7564 = VERTEX_POINT ( 'NONE', #2950 ) ;
#7565 = LINE ( 'NONE', #3600, #6023 ) ;
#7566 = DIRECTION ( 'NONE',  ( 0.000000000000000000, 1.000000000000000000, 0.000000000000000000 ) ) ;
#7567 = CARTESIAN_POINT ( 'NONE',  ( -0.5000000000000018874, -0.05000000000000000278, 0.4499999999999999001 ) ) ;
#7568 = CARTESIAN_POINT ( 'NONE',  ( 0.5000000000000208722, -0.05000000000000000278, 2.050000000000000266 ) ) ;
#7569 = SURFACE_STYLE_USAGE ( .BOTH. , #6950 ) ;
#7570 = CARTESIAN_POINT ( 'NONE',  ( 1.450000000000020828, -0.05000000000000000278, -2.000000000000000000 ) ) ;
#7571 =( NAMED_UNIT ( * ) PLANE_ANGLE_UNIT ( ) SI_UNIT ( $, .RADIAN. ) );
#7572 = ORIENTED_EDGE ( 'NONE', *, *, #3777, .T. ) ;
#7573 = ORIENTED_EDGE ( 'NONE', *, *, #5408, .F. ) ;
#7574 = DIRECTION ( 'NONE',  ( -0.000000000000000000, -1.000000000000000000, -0.000000000000000000 ) ) ;
#7575 = ORIENTED_EDGE ( 'NONE', *, *, #1212, .F. ) ;
#7576 =( NAMED_UNIT ( * ) PLANE_ANGLE_UNIT ( ) SI_UNIT ( $, .RADIAN. ) );
#7577 = VECTOR ( 'NONE', #477, 1000.000000000000000 ) ;
#7578 = PLANE ( 'NONE',  #5042 ) ;
#7579 = CARTESIAN_POINT ( 'NONE',  ( -0.09999999999997917499, 0.000000000000000000, 1.649999999999999911 ) ) ;
#7580 = ORIENTED_EDGE ( 'NONE', *, *, #2302, .T. ) ;
#7581 = DIRECTION ( 'NONE',  ( 0.000000000000000000, -1.000000000000000000, 0.000000000000000000 ) ) ;
#7582 = EDGE_CURVE ( 'NONE', #5446, #8837, #2623, .T. ) ;
#7583 = ORIENTED_EDGE ( 'NONE', *, *, #8362, .F. ) ;
#7584 = FILL_AREA_STYLE_COLOUR ( '', #7984 ) ;
#7585 =( NAMED_UNIT ( * ) PLANE_ANGLE_UNIT ( ) SI_UNIT ( $, .RADIAN. ) );
#7586 = ORIENTED_EDGE ( 'NONE', *, *, #7042, .F. ) ;
#7587 = SURFACE_STYLE_FILL_AREA ( #9921 ) ;
#7588 = CARTESIAN_POINT ( 'NONE',  ( -2.050000000000000266, 0.000000000000000000, 0.000000000000000000 ) ) ;
#7589 = EDGE_CURVE ( 'NONE', #5533, #5516, #5422, .T. ) ;
#7590 = DIRECTION ( 'NONE',  ( -0.000000000000000000, 1.000000000000000000, -0.000000000000000000 ) ) ;
#7591 = ORIENTED_EDGE ( 'NONE', *, *, #948, .F. ) ;
#7592 = VERTEX_POINT ( 'NONE', #4633 ) ;
#7593 = ORIENTED_EDGE ( 'NONE', *, *, #3648, .F. ) ;
#7594 = SURFACE_STYLE_USAGE ( .BOTH. , #6062 ) ;
#7595 = FILL_AREA_STYLE_COLOUR ( '', #7199 ) ;
#7596 = ORIENTED_EDGE ( 'NONE', *, *, #7422, .T. ) ;
#7597 = EDGE_CURVE ( 'NONE', #4361, #3262, #635, .T. ) ;
#7598 = EDGE_LOOP ( 'NONE', ( #9093, #7756, #4045, #554 ) ) ;
#7599 =( LENGTH_UNIT ( ) NAMED_UNIT ( * ) SI_UNIT ( .MILLI., .METRE. ) );
#7600 =( GEOMETRIC_REPRESENTATION_CONTEXT ( 3 ) GLOBAL_UNCERTAINTY_ASSIGNED_CONTEXT ( ( #1771 ) ) GLOBAL_UNIT_ASSIGNED_CONTEXT ( ( #4984, #4151, #2717 ) ) REPRESENTATION_CONTEXT ( 'NONE', 'WORKASPACE' ) );
#7601 = ORIENTED_EDGE ( 'NONE', *, *, #4447, .F. ) ;
#7602 = FACE_OUTER_BOUND ( 'NONE', #10099, .T. ) ;
#7603 = ORIENTED_EDGE ( 'NONE', *, *, #7289, .F. ) ;
#7604 = DIRECTION ( 'NONE',  ( 0.000000000000000000, 0.000000000000000000, 1.000000000000000000 ) ) ;
#7605 = LINE ( 'NONE', #10007, #7153 ) ;
#7606 =( NAMED_UNIT ( * ) PLANE_ANGLE_UNIT ( ) SI_UNIT ( $, .RADIAN. ) );
#7607 = VECTOR ( 'NONE', #758, 1000.000000000000000 ) ;
#7608 = ADVANCED_FACE ( 'NONE', ( #3114 ), #1628, .F. ) ;
#7609 = ADVANCED_FACE ( 'NONE', ( #5617 ), #4363, .T. ) ;
#7610 = SURFACE_STYLE_FILL_AREA ( #9233 ) ;
#7611 = CARTESIAN_POINT ( 'NONE',  ( 0.4500000000000538569, -0.05000000000000000278, 1.649999999999967049 ) ) ;
#7612 = LINE ( 'NONE', #4346, #10107 ) ;
#7613 = MECHANICAL_DESIGN_GEOMETRIC_PRESENTATION_REPRESENTATION (  '', ( #9281 ), #8949 ) ;
#7614 = CARTESIAN_POINT ( 'NONE',  ( 2.000000000000000000, -1.355252715606880543E-17, 0.1000000000000000472 ) ) ;
#7615 = COLOUR_RGB ( '',0.7686274509803920907, 0.7686274509803920907, 0.7686274509803920907 ) ;
#7616 = VECTOR ( 'NONE', #951, 1000.000000000000000 ) ;
#7617 =( NAMED_UNIT ( * ) PLANE_ANGLE_UNIT ( ) SI_UNIT ( $, .RADIAN. ) );
#7618 = FILL_AREA_STYLE ('',( #1198 ) ) ;
#7619 = EDGE_LOOP ( 'NONE', ( #6627, #996, #5510, #4601, #4537, #3773 ) ) ;
#7620 = STYLED_ITEM ( 'NONE', ( #133 ), #8809 ) ;
#7621 = COLOUR_RGB ( '',0.7686274509803920907, 0.7686274509803920907, 0.7686274509803920907 ) ;
#7622 = ADVANCED_FACE ( 'NONE', ( #5140 ), #5088, .F. ) ;
#7623 = STYLED_ITEM ( 'NONE', ( #183 ), #7608 ) ;
#7624 = LINE ( 'NONE', #10024, #8458 ) ;
#7625 = CARTESIAN_POINT ( 'NONE',  ( 1.200000000000008837, 0.000000000000000000, -0.8499999999999997558 ) ) ;
#7626 = DIRECTION ( 'NONE',  ( 1.000000000000000000, 0.000000000000000000, 0.000000000000000000 ) ) ;
#7627 = ORIENTED_EDGE ( 'NONE', *, *, #108, .T. ) ;
#7628 = FACE_OUTER_BOUND ( 'NONE', #9792, .T. ) ;
#7629 = PLANE ( 'NONE',  #790 ) ;
#7630 = ORIENTED_EDGE ( 'NONE', *, *, #2477, .F. ) ;
#7631 = AXIS2_PLACEMENT_3D ( 'NONE', #7982, #8819, #4668 ) ;
#7632 = UNCERTAINTY_MEASURE_WITH_UNIT (LENGTH_MEASURE( 1.000000000000000082E-05 ), #9498, 'distance_accuracy_value', 'NONE');
#7633 = AXIS2_PLACEMENT_3D ( 'NONE', #4476, #469, #2841 ) ;
#7634 =( LENGTH_UNIT ( ) NAMED_UNIT ( * ) SI_UNIT ( .MILLI., .METRE. ) );
#7635 =( GEOMETRIC_REPRESENTATION_CONTEXT ( 3 ) GLOBAL_UNCERTAINTY_ASSIGNED_CONTEXT ( ( #2609 ) ) GLOBAL_UNIT_ASSIGNED_CONTEXT ( ( #1196, #7617, #8467 ) ) REPRESENTATION_CONTEXT ( 'NONE', 'WORKASPACE' ) );
#7636 = DIRECTION ( 'NONE',  ( 0.000000000000000000, 0.000000000000000000, -1.000000000000000000 ) ) ;
#7637 = SURFACE_STYLE_FILL_AREA ( #5206 ) ;
#7638 = STYLED_ITEM ( 'NONE', ( #9745 ), #3749 ) ;
#7639 = DIRECTION ( 'NONE',  ( -0.000000000000000000, 1.000000000000000000, -0.000000000000000000 ) ) ;
#7640 = SURFACE_STYLE_USAGE ( .BOTH. , #9208 ) ;
#7641 = EDGE_LOOP ( 'NONE', ( #2885, #1264, #6624, #7076, #8225, #3282 ) ) ;
#7642 = SURFACE_STYLE_USAGE ( .BOTH. , #4467 ) ;
#7643 = EDGE_CURVE ( 'NONE', #8937, #8538, #10076, .T. ) ;
#7644 = STYLED_ITEM ( 'NONE', ( #6461 ), #9325 ) ;
#7645 = DIRECTION ( 'NONE',  ( 0.000000000000000000, 1.000000000000000000, 0.000000000000000000 ) ) ;
#7646 = DIRECTION ( 'NONE',  ( -0.000000000000000000, -0.000000000000000000, -1.000000000000000000 ) ) ;
#7647 = FACE_OUTER_BOUND ( 'NONE', #7236, .T. ) ;
#7648 =( LENGTH_UNIT ( ) NAMED_UNIT ( * ) SI_UNIT ( .MILLI., .METRE. ) );
#7649 = PRESENTATION_LAYER_ASSIGNMENT (  '', '', ( #3473 ) ) ;
#7650 = VERTEX_POINT ( 'NONE', #5978 ) ;
#7651 = EDGE_LOOP ( 'NONE', ( #7504, #4245, #9113, #173 ) ) ;
#7652 = UNCERTAINTY_MEASURE_WITH_UNIT (LENGTH_MEASURE( 1.000000000000000082E-05 ), #1154, 'distance_accuracy_value', 'NONE');
#7653 = MECHANICAL_DESIGN_GEOMETRIC_PRESENTATION_REPRESENTATION (  '', ( #4833 ), #3158 ) ;
#7654 = SURFACE_STYLE_USAGE ( .BOTH. , #8346 ) ;
#7655 = VERTEX_POINT ( 'NONE', #10125 ) ;
#7656 = EDGE_CURVE ( 'NONE', #9415, #5558, #1985, .T. ) ;
#7657 = EDGE_CURVE ( 'NONE', #3262, #6882, #9297, .T. ) ;
#7658 = PRESENTATION_LAYER_ASSIGNMENT (  '', '', ( #1144 ) ) ;
#7659 = VECTOR ( 'NONE', #4713, 1000.000000000000000 ) ;
#7660 = VERTEX_POINT ( 'NONE', #8426 ) ;
#7661 = DIRECTION ( 'NONE',  ( -0.000000000000000000, 0.000000000000000000, -1.000000000000000000 ) ) ;
#7662 = PRESENTATION_LAYER_ASSIGNMENT (  '', '', ( #1321 ) ) ;
#7663 = ORIENTED_EDGE ( 'NONE', *, *, #7062, .T. ) ;
#7664 =( LENGTH_UNIT ( ) NAMED_UNIT ( * ) SI_UNIT ( .MILLI., .METRE. ) );
#7665 = SURFACE_SIDE_STYLE ('',( #486 ) ) ;
#7666 = ADVANCED_FACE ( 'NONE', ( #7628 ), #4460, .F. ) ;
#7667 = MECHANICAL_DESIGN_GEOMETRIC_PRESENTATION_REPRESENTATION (  '', ( #8835 ), #5527 ) ;
#7668 = VECTOR ( 'NONE', #7721, 1000.000000000000000 ) ;
#7669 = VECTOR ( 'NONE', #8524, 1000.000000000000000 ) ;
#7670 = LINE ( 'NONE', #5281, #3807 ) ;
#7671 = DIRECTION ( 'NONE',  ( 0.000000000000000000, 1.000000000000000000, 0.000000000000000000 ) ) ;
#7672 = AXIS2_PLACEMENT_3D ( 'NONE', #105, #3389, #857 ) ;
#7673 = DIRECTION ( 'NONE',  ( 0.000000000000000000, -0.000000000000000000, 1.000000000000000000 ) ) ;
#7674 = AXIS2_PLACEMENT_3D ( 'NONE', #6046, #5254, #8433 ) ;
#7675 = CARTESIAN_POINT ( 'NONE',  ( 2.050000000000000266, 0.1499999999999999944, 1.300000000000000266 ) ) ;
#7676 = VECTOR ( 'NONE', #5060, 1000.000000000000000 ) ;
#7677 = EDGE_LOOP ( 'NONE', ( #10350, #7133, #5834, #557 ) ) ;
#7678 = FILL_AREA_STYLE_COLOUR ( '', #7169 ) ;
#7679 = DIRECTION ( 'NONE',  ( 0.000000000000000000, 1.000000000000000000, 0.000000000000000000 ) ) ;
#7680 = VECTOR ( 'NONE', #1780, 1000.000000000000000 ) ;
#7681 = CARTESIAN_POINT ( 'NONE',  ( 0.5000000000000208722, 0.000000000000000000, -1.649999999999999911 ) ) ;
#7682 = DIRECTION ( 'NONE',  ( 1.000000000000000000, 0.000000000000000000, 0.000000000000000000 ) ) ;
#7683 = PRESENTATION_LAYER_ASSIGNMENT (  '', '', ( #3867 ) ) ;
#7684 = FILL_AREA_STYLE_COLOUR ( '', #9679 ) ;
#7685 = SURFACE_STYLE_USAGE ( .BOTH. , #9199 ) ;
#7686 = ORIENTED_EDGE ( 'NONE', *, *, #4574, .F. ) ;
#7687 = FACE_OUTER_BOUND ( 'NONE', #2168, .T. ) ;
#7688 = FILL_AREA_STYLE ('',( #4269 ) ) ;
#7689 = ORIENTED_EDGE ( 'NONE', *, *, #2418, .F. ) ;
#7690 = EDGE_CURVE ( 'NONE', #2103, #8903, #2084, .T. ) ;
#7691 = COLOUR_RGB ( '',0.7686274509803920907, 0.7686274509803920907, 0.7686274509803920907 ) ;
#7692 = EDGE_CURVE ( 'NONE', #3043, #3850, #1367, .T. ) ;
#7693 = FACE_OUTER_BOUND ( 'NONE', #8831, .T. ) ;
#7694 = DIRECTION ( 'NONE',  ( 1.000000000000000000, -0.000000000000000000, -0.000000000000000000 ) ) ;
#7695 =( GEOMETRIC_REPRESENTATION_CONTEXT ( 3 ) GLOBAL_UNCERTAINTY_ASSIGNED_CONTEXT ( ( #8778 ) ) GLOBAL_UNIT_ASSIGNED_CONTEXT ( ( #4926, #5659, #6597 ) ) REPRESENTATION_CONTEXT ( 'NONE', 'WORKASPACE' ) );
#7696 = SURFACE_STYLE_USAGE ( .BOTH. , #668 ) ;
#7697 = PRESENTATION_LAYER_ASSIGNMENT (  '', '', ( #5705 ) ) ;
#7698 = SURFACE_STYLE_USAGE ( .BOTH. , #4566 ) ;
#7699 =( NAMED_UNIT ( * ) SI_UNIT ( $, .STERADIAN. ) SOLID_ANGLE_UNIT ( ) );
#7700 = ORIENTED_EDGE ( 'NONE', *, *, #2952, .T. ) ;
#7701 = SURFACE_STYLE_USAGE ( .BOTH. , #1162 ) ;
#7702 = MECHANICAL_DESIGN_GEOMETRIC_PRESENTATION_REPRESENTATION (  '', ( #5544 ), #9193 ) ;
#7703 = DIRECTION ( 'NONE',  ( 0.000000000000000000, -1.000000000000000000, 0.000000000000000000 ) ) ;
#7704 = FILL_AREA_STYLE ('',( #2321 ) ) ;
#7705 = CARTESIAN_POINT ( 'NONE',  ( -0.2999999999999792277, -0.05000000000000000278, 2.050000000000000266 ) ) ;
#7706 = ORIENTED_EDGE ( 'NONE', *, *, #7044, .F. ) ;
#7707 = EDGE_LOOP ( 'NONE', ( #3457, #4534, #7045, #7803 ) ) ;
#7708 = PRESENTATION_LAYER_ASSIGNMENT (  '', '', ( #1854 ) ) ;
#7709 =( LENGTH_UNIT ( ) NAMED_UNIT ( * ) SI_UNIT ( .MILLI., .METRE. ) );
#7710 = DIRECTION ( 'NONE',  ( 1.000000000000000000, 0.000000000000000000, 0.000000000000000000 ) ) ;
#7711 = ORIENTED_EDGE ( 'NONE', *, *, #34, .F. ) ;
#7712 = EDGE_CURVE ( 'NONE', #5572, #9104, #253, .T. ) ;
#7713 = CARTESIAN_POINT ( 'NONE',  ( 0.1000000000000208639, 0.1499999999999999944, 2.050000000000000266 ) ) ;
#7714 = PRESENTATION_STYLE_ASSIGNMENT (( #6164 ) ) ;
#7715 = ORIENTED_EDGE ( 'NONE', *, *, #6775, .F. ) ;
#7716 = DIRECTION ( 'NONE',  ( -0.000000000000000000, 1.000000000000000000, -0.000000000000000000 ) ) ;
#7717 = VERTEX_POINT ( 'NONE', #5404 ) ;
#7718 = EDGE_CURVE ( 'NONE', #6787, #4178, #8579, .T. ) ;
#7719 = CARTESIAN_POINT ( 'NONE',  ( 1.999999999999997780, -0.05000000000000000278, 0.6999999999999999556 ) ) ;
#7720 = EDGE_CURVE ( 'NONE', #8843, #3474, #6960, .T. ) ;
#7721 = DIRECTION ( 'NONE',  ( -1.000000000000000000, 0.000000000000000000, 0.000000000000000000 ) ) ;
#7722 = CARTESIAN_POINT ( 'NONE',  ( -0.5500000000000021538, -0.05000000000000000278, 0.3999999999999995226 ) ) ;
#7723 = SURFACE_SIDE_STYLE ('',( #2126 ) ) ;
#7724 = UNCERTAINTY_MEASURE_WITH_UNIT (LENGTH_MEASURE( 1.000000000000000082E-05 ), #6340, 'distance_accuracy_value', 'NONE');
#7725 = PLANE ( 'NONE',  #7058 ) ;
#7726 = EDGE_CURVE ( 'NONE', #8912, #7467, #2760, .T. ) ;
#7727 = CARTESIAN_POINT ( 'NONE',  ( 1.200000000000008837, 0.000000000000000000, -0.8499999999999997558 ) ) ;
#7728 = DIRECTION ( 'NONE',  ( 0.000000000000000000, 0.000000000000000000, 1.000000000000000000 ) ) ;
#7729 = CARTESIAN_POINT ( 'NONE',  ( -2.050000000000000266, -0.05000000000000000278, -0.4000000000000005218 ) ) ;
#7730 = CARTESIAN_POINT ( 'NONE',  ( 2.050000000000000266, 0.1500000000000000222, -0.5000000000000000000 ) ) ;
#7731 = ORIENTED_EDGE ( 'NONE', *, *, #8090, .F. ) ;
#7732 = DIRECTION ( 'NONE',  ( 0.000000000000000000, -1.000000000000000000, 0.000000000000000000 ) ) ;
#7733 = CARTESIAN_POINT ( 'NONE',  ( -0.8500000000000124123, -0.05000000000000000278, -1.649999999999967049 ) ) ;
#7734 = CARTESIAN_POINT ( 'NONE',  ( 0.3499999999999878209, -0.05000000000000000278, -1.649999999999967049 ) ) ;
#7735 = SURFACE_STYLE_FILL_AREA ( #1403 ) ;
#7736 =( NAMED_UNIT ( * ) SI_UNIT ( $, .STERADIAN. ) SOLID_ANGLE_UNIT ( ) );
#7737 = DIRECTION ( 'NONE',  ( 0.000000000000000000, 1.000000000000000000, 0.000000000000000000 ) ) ;
#7738 = ORIENTED_EDGE ( 'NONE', *, *, #4914, .T. ) ;
#7739 = SURFACE_STYLE_FILL_AREA ( #8324 ) ;
#7740 = DIRECTION ( 'NONE',  ( -0.000000000000000000, -1.355252715606880049E-16, 1.000000000000000000 ) ) ;
#7741 = SURFACE_STYLE_FILL_AREA ( #2982 ) ;
#7742 = VERTEX_POINT ( 'NONE', #9143 ) ;
#7743 = UNCERTAINTY_MEASURE_WITH_UNIT (LENGTH_MEASURE( 1.000000000000000082E-05 ), #1306, 'distance_accuracy_value', 'NONE');
#7744 = DIRECTION ( 'NONE',  ( -0.000000000000000000, -1.000000000000000000, 0.000000000000000000 ) ) ;
#7745 = PRESENTATION_STYLE_ASSIGNMENT (( #7696 ) ) ;
#7746 = ORIENTED_EDGE ( 'NONE', *, *, #7347, .F. ) ;
#7747 = DIRECTION ( 'NONE',  ( -6.814985084193970352E-15, 0.000000000000000000, -1.000000000000000000 ) ) ;
#7748 = EDGE_CURVE ( 'NONE', #6801, #5933, #7940, .T. ) ;
#7749 = EDGE_CURVE ( 'NONE', #3407, #9146, #3616, .T. ) ;
#7750 = CARTESIAN_POINT ( 'NONE',  ( 0.5000000000000208722, 0.1499999999999999944, -2.050000000000000266 ) ) ;
#7751 = ORIENTED_EDGE ( 'NONE', *, *, #2167, .T. ) ;
#7752 = ORIENTED_EDGE ( 'NONE', *, *, #6784, .T. ) ;
#7753 = UNCERTAINTY_MEASURE_WITH_UNIT (LENGTH_MEASURE( 1.000000000000000082E-05 ), #3390, 'distance_accuracy_value', 'NONE');
#7754 =( NAMED_UNIT ( * ) PLANE_ANGLE_UNIT ( ) SI_UNIT ( $, .RADIAN. ) );
#7755 = PRESENTATION_STYLE_ASSIGNMENT (( #7050 ) ) ;
#7756 = ORIENTED_EDGE ( 'NONE', *, *, #1822, .F. ) ;
#7757 =( NAMED_UNIT ( * ) SI_UNIT ( $, .STERADIAN. ) SOLID_ANGLE_UNIT ( ) );
#7758 = DIRECTION ( 'NONE',  ( -1.000000000000000000, 0.000000000000000000, 1.183329228255495291E-13 ) ) ;
#7759 = DIRECTION ( 'NONE',  ( 0.000000000000000000, 0.000000000000000000, 1.000000000000000000 ) ) ;
#7760 = ORIENTED_EDGE ( 'NONE', *, *, #10290, .T. ) ;
#7761 = CARTESIAN_POINT ( 'NONE',  ( 0.9000000000000208944, -0.05000000000000000278, 2.050000000000000266 ) ) ;
#7762 = CARTESIAN_POINT ( 'NONE',  ( -1.150000000000021005, 0.1499999999999999944, -2.000000000000000000 ) ) ;
#7763 = LINE ( 'NONE', #7192, #6516 ) ;
#7764 = DIRECTION ( 'NONE',  ( -0.000000000000000000, 1.000000000000000000, -0.000000000000000000 ) ) ;
#7765 = FACE_OUTER_BOUND ( 'NONE', #7946, .T. ) ;
#7766 = DIRECTION ( 'NONE',  ( -0.000000000000000000, 1.000000000000000000, 0.000000000000000000 ) ) ;
#7767 = EDGE_CURVE ( 'NONE', #202, #8048, #10337, .T. ) ;
#7768 = SURFACE_STYLE_FILL_AREA ( #5393 ) ;
#7769 = CARTESIAN_POINT ( 'NONE',  ( -0.2999999999999792277, 0.000000000000000000, 1.649999999999999467 ) ) ;
#7770 = ORIENTED_EDGE ( 'NONE', *, *, #7858, .F. ) ;
#7771 = PRESENTATION_LAYER_ASSIGNMENT (  '', '', ( #1087 ) ) ;
#7772 = CARTESIAN_POINT ( 'NONE',  ( 1.249999999999967581, -0.05000000000000000278, -1.099999999999967004 ) ) ;
#7773 = VECTOR ( 'NONE', #10124, 1000.000000000000000 ) ;
#7774 = FILL_AREA_STYLE_COLOUR ( '', #7279 ) ;
#7775 = DIRECTION ( 'NONE',  ( 0.000000000000000000, 0.000000000000000000, 1.000000000000000000 ) ) ;
#7776 = EDGE_CURVE ( 'NONE', #6685, #9407, #2257, .T. ) ;
#7778 = DIRECTION ( 'NONE',  ( 1.000000000000000000, -0.000000000000000000, -0.000000000000000000 ) ) ;
#7777 = COLOUR_RGB ( '',0.7686274509803920907, 0.7686274509803920907, 0.7686274509803920907 ) ;
#7779 = STYLED_ITEM ( 'NONE', ( #6100 ), #3036 ) ;
#7780 = ORIENTED_EDGE ( 'NONE', *, *, #5653, .F. ) ;
#7781 = FACE_OUTER_BOUND ( 'NONE', #2297, .T. ) ;
#7782 = CARTESIAN_POINT ( 'NONE',  ( 1.249999999999996447, -0.05000000000000000278, 1.250000000000000000 ) ) ;
#7783 = ORIENTED_EDGE ( 'NONE', *, *, #7378, .F. ) ;
#7784 = SURFACE_SIDE_STYLE ('',( #4033 ) ) ;
#7785 = CARTESIAN_POINT ( 'NONE',  ( 2.050000000000000266, 0.1499999999999999944, -0.6999999999999998446 ) ) ;
#7786 = CIRCLE ( 'NONE', #9121, 0.04999999999996695282 ) ;
#7787 = FILL_AREA_STYLE ('',( #8545 ) ) ;
#7788 = VECTOR ( 'NONE', #2547, 1000.000000000000000 ) ;
#7789 = DIRECTION ( 'NONE',  ( -0.000000000000000000, -0.000000000000000000, 1.000000000000000000 ) ) ;
#7790 = EDGE_LOOP ( 'NONE', ( #9527, #9488, #3706, #760 ) ) ;
#7791 =( LENGTH_UNIT ( ) NAMED_UNIT ( * ) SI_UNIT ( .MILLI., .METRE. ) );
#7792 =( NAMED_UNIT ( * ) PLANE_ANGLE_UNIT ( ) SI_UNIT ( $, .RADIAN. ) );
#7793 = PLANE ( 'NONE',  #7807 ) ;
#7794 = DIRECTION ( 'NONE',  ( 0.000000000000000000, -1.000000000000000000, -0.000000000000000000 ) ) ;
#7795 = DIRECTION ( 'NONE',  ( -0.000000000000000000, 1.000000000000000000, -0.000000000000000000 ) ) ;
#7796 = ORIENTED_EDGE ( 'NONE', *, *, #10291, .T. ) ;
#7797 = STYLED_ITEM ( 'NONE', ( #424 ), #8592 ) ;
#7798 = VECTOR ( 'NONE', #10316, 1000.000000000000000 ) ;
#7799 = PRESENTATION_LAYER_ASSIGNMENT (  '', '', ( #3818 ) ) ;
#7800 = PRESENTATION_LAYER_ASSIGNMENT (  '', '', ( #3983 ) ) ;
#7801 = ORIENTED_EDGE ( 'NONE', *, *, #6293, .T. ) ;
#7802 = LINE ( 'NONE', #8596, #1292 ) ;
#7803 = ORIENTED_EDGE ( 'NONE', *, *, #7924, .T. ) ;
#7804 =( LENGTH_UNIT ( ) NAMED_UNIT ( * ) SI_UNIT ( .MILLI., .METRE. ) );
#7805 = EDGE_CURVE ( 'NONE', #6643, #1974, #707, .T. ) ;
#7806 = AXIS2_PLACEMENT_3D ( 'NONE', #9760, #5045, #7270 ) ;
#7807 = AXIS2_PLACEMENT_3D ( 'NONE', #7588, #403, #3633 ) ;
#7808 = EDGE_LOOP ( 'NONE', ( #8110, #1307, #678, #8494 ) ) ;
#7809 = AXIS2_PLACEMENT_3D ( 'NONE', #3238, #99, #6424 ) ;
#7810 = FACE_OUTER_BOUND ( 'NONE', #3107, .T. ) ;
#7811 = LINE ( 'NONE', #1429, #4473 ) ;
#7812 = ORIENTED_EDGE ( 'NONE', *, *, #841, .F. ) ;
#7813 = COLOUR_RGB ( '',0.7686274509803920907, 0.7686274509803920907, 0.7686274509803920907 ) ;
#7814 = LINE ( 'NONE', #5473, #4656 ) ;
#7815 = STYLED_ITEM ( 'NONE', ( #5267 ), #963 ) ;
#7816 = LINE ( 'NONE', #6367, #4350 ) ;
#7817 = VECTOR ( 'NONE', #2540, 1000.000000000000000 ) ;
#7818 = EDGE_CURVE ( 'NONE', #3858, #4334, #5501, .T. ) ;
#7819 = EDGE_CURVE ( 'NONE', #3910, #3250, #7078, .T. ) ;
#7820 = DIRECTION ( 'NONE',  ( 0.000000000000000000, 0.000000000000000000, 1.000000000000000000 ) ) ;
#7821 = DIRECTION ( 'NONE',  ( 0.000000000000000000, 0.000000000000000000, 1.000000000000000000 ) ) ;
#7822 = VECTOR ( 'NONE', #1410, 1000.000000000000000 ) ;
#7823 = CARTESIAN_POINT ( 'NONE',  ( 1.250000000000005107, -0.05000000000000000278, -0.5000000000000001110 ) ) ;
#7824 = SURFACE_STYLE_FILL_AREA ( #6374 ) ;
#7825 = VECTOR ( 'NONE', #5238, 1000.000000000000000 ) ;
#7826 = SURFACE_STYLE_FILL_AREA ( #4645 ) ;
#7827 = SURFACE_STYLE_FILL_AREA ( #6378 ) ;
#7828 = ORIENTED_EDGE ( 'NONE', *, *, #541, .T. ) ;
#7829 = DIRECTION ( 'NONE',  ( -1.000000000000000000, 0.000000000000000000, 0.000000000000000000 ) ) ;
#7830 = PRESENTATION_LAYER_ASSIGNMENT (  '', '', ( #1982 ) ) ;
#7831 = CARTESIAN_POINT ( 'NONE',  ( -2.000000000000000000, 1.000000000000000000, 2.000000000000000000 ) ) ;
#7832 = STYLED_ITEM ( 'NONE', ( #1559 ), #9716 ) ;
#7833 = VECTOR ( 'NONE', #930, 1000.000000000000000 ) ;
#7834 = AXIS2_PLACEMENT_3D ( 'NONE', #7719, #9847, #8512 ) ;
#7835 = ORIENTED_EDGE ( 'NONE', *, *, #4899, .T. ) ;
#7836 =( LENGTH_UNIT ( ) NAMED_UNIT ( * ) SI_UNIT ( .MILLI., .METRE. ) );
#7837 = DIRECTION ( 'NONE',  ( -0.000000000000000000, 1.000000000000000000, -0.000000000000000000 ) ) ;
#7838 =( NAMED_UNIT ( * ) SI_UNIT ( $, .STERADIAN. ) SOLID_ANGLE_UNIT ( ) );
#7839 = ORIENTED_EDGE ( 'NONE', *, *, #761, .F. ) ;
#7840 = UNCERTAINTY_MEASURE_WITH_UNIT (LENGTH_MEASURE( 1.000000000000000082E-05 ), #2034, 'distance_accuracy_value', 'NONE');
#7841 = CARTESIAN_POINT ( 'NONE',  ( 2.050000000000000266, -0.05000000000000000278, 0.5000000000000001110 ) ) ;
#7842 = EDGE_CURVE ( 'NONE', #7895, #5575, #3084, .T. ) ;
#7843 = DIRECTION ( 'NONE',  ( -0.000000000000000000, 1.000000000000000000, -0.000000000000000000 ) ) ;
#7844 = EDGE_CURVE ( 'NONE', #3854, #5340, #8625, .T. ) ;
#7845 = VECTOR ( 'NONE', #9135, 1000.000000000000000 ) ;
#7846 =( GEOMETRIC_REPRESENTATION_CONTEXT ( 3 ) GLOBAL_UNCERTAINTY_ASSIGNED_CONTEXT ( ( #8178 ) ) GLOBAL_UNIT_ASSIGNED_CONTEXT ( ( #4312, #7431, #8226 ) ) REPRESENTATION_CONTEXT ( 'NONE', 'WORKASPACE' ) );
#7847 = SURFACE_SIDE_STYLE ('',( #7123 ) ) ;
#7848 = MECHANICAL_DESIGN_GEOMETRIC_PRESENTATION_REPRESENTATION (  '', ( #649 ), #1835 ) ;
#7849 = PRESENTATION_LAYER_ASSIGNMENT (  '', '', ( #4358 ) ) ;
#7850 = ORIENTED_EDGE ( 'NONE', *, *, #8257, .T. ) ;
#7851 =( NAMED_UNIT ( * ) PLANE_ANGLE_UNIT ( ) SI_UNIT ( $, .RADIAN. ) );
#7852 = CARTESIAN_POINT ( 'NONE',  ( 1.150000000000021005, 0.1499999999999999944, 2.050000000000000266 ) ) ;
#7853 = DIRECTION ( 'NONE',  ( 1.000000000000000000, -0.000000000000000000, -0.000000000000000000 ) ) ;
#7854 = CARTESIAN_POINT ( 'NONE',  ( 2.000000000000008882, -0.05000000000000000278, -0.7000000000000000666 ) ) ;
#7855 = VERTEX_POINT ( 'NONE', #6435 ) ;
#7856 =( GEOMETRIC_REPRESENTATION_CONTEXT ( 3 ) GLOBAL_UNCERTAINTY_ASSIGNED_CONTEXT ( ( #3121 ) ) GLOBAL_UNIT_ASSIGNED_CONTEXT ( ( #5319, #530, #573 ) ) REPRESENTATION_CONTEXT ( 'NONE', 'WORKASPACE' ) );
#7857 = PRESENTATION_LAYER_ASSIGNMENT (  '', '', ( #5202 ) ) ;
#7858 = EDGE_CURVE ( 'NONE', #7116, #9879, #7992, .T. ) ;
#7859 = PRESENTATION_LAYER_ASSIGNMENT (  '', '', ( #9183 ) ) ;
#7860 = VERTEX_POINT ( 'NONE', #662 ) ;
#7861 = UNCERTAINTY_MEASURE_WITH_UNIT (LENGTH_MEASURE( 1.000000000000000082E-05 ), #6318, 'distance_accuracy_value', 'NONE');
#7862 = CARTESIAN_POINT ( 'NONE',  ( 1.150000000000021005, -0.05000000000000000278, 2.050000000000000266 ) ) ;
#7863 = SURFACE_STYLE_USAGE ( .BOTH. , #4684 ) ;
#7864 = ORIENTED_EDGE ( 'NONE', *, *, #2914, .F. ) ;
#7865 = DIRECTION ( 'NONE',  ( 0.000000000000000000, 0.000000000000000000, -1.000000000000000000 ) ) ;
#7866 = DIRECTION ( 'NONE',  ( -1.000000000000000000, 0.000000000000000000, 0.000000000000000000 ) ) ;
#7868 = FILL_AREA_STYLE_COLOUR ( '', #9676 ) ;
#7867 = AXIS2_PLACEMENT_3D ( 'NONE', #6200, #2219, #5304 ) ;
#7869 = MECHANICAL_DESIGN_GEOMETRIC_PRESENTATION_REPRESENTATION (  '', ( #1010 ), #8372 ) ;
#7870 = AXIS2_PLACEMENT_3D ( 'NONE', #9546, #10273, #8770 ) ;
#7871 = ORIENTED_EDGE ( 'NONE', *, *, #8078, .F. ) ;
#7872 =( GEOMETRIC_REPRESENTATION_CONTEXT ( 3 ) GLOBAL_UNCERTAINTY_ASSIGNED_CONTEXT ( ( #10128 ) ) GLOBAL_UNIT_ASSIGNED_CONTEXT ( ( #8865, #3375, #5774 ) ) REPRESENTATION_CONTEXT ( 'NONE', 'WORKASPACE' ) );
#7873 = FILL_AREA_STYLE_COLOUR ( '', #3098 ) ;
#7874 =( LENGTH_UNIT ( ) NAMED_UNIT ( * ) SI_UNIT ( .MILLI., .METRE. ) );
#7875 = EDGE_LOOP ( 'NONE', ( #6742, #9300, #9532, #1210 ) ) ;
#7876 = COLOUR_RGB ( '',0.7686274509803920907, 0.7686274509803920907, 0.7686274509803920907 ) ;
#7877 = FILL_AREA_STYLE ('',( #4700 ) ) ;
#7878 = DIRECTION ( 'NONE',  ( 0.000000000000000000, 0.000000000000000000, -1.000000000000000000 ) ) ;
#7879 = EDGE_CURVE ( 'NONE', #7860, #3856, #5645, .T. ) ;
#7880 = EDGE_CURVE ( 'NONE', #10191, #4301, #6242, .T. ) ;
#7881 = SURFACE_STYLE_FILL_AREA ( #6230 ) ;
#7882 = CARTESIAN_POINT ( 'NONE',  ( 0.4500000000000204947, -0.05000000000000000278, 1.599999999999999645 ) ) ;
#7883 =( NAMED_UNIT ( * ) PLANE_ANGLE_UNIT ( ) SI_UNIT ( $, .RADIAN. ) );
#7884 = VERTEX_POINT ( 'NONE', #9394 ) ;
#7885 = DIRECTION ( 'NONE',  ( 0.000000000000000000, 0.000000000000000000, 1.000000000000000000 ) ) ;
#7886 = SURFACE_STYLE_USAGE ( .BOTH. , #7985 ) ;
#7887 = CARTESIAN_POINT ( 'NONE',  ( 1.250000000000004663, 0.000000000000000000, -0.3500000000000001443 ) ) ;
#7888 = SURFACE_STYLE_FILL_AREA ( #7217 ) ;
#7889 = DIRECTION ( 'NONE',  ( 0.000000000000000000, 0.000000000000000000, 1.000000000000000000 ) ) ;
#7890 = DIRECTION ( 'NONE',  ( -6.814985084193969563E-15, 0.000000000000000000, -1.000000000000000000 ) ) ;
#7891 = ORIENTED_EDGE ( 'NONE', *, *, #4246, .F. ) ;
#7892 = DIRECTION ( 'NONE',  ( 1.000000000000000000, 0.000000000000000000, 0.000000000000000000 ) ) ;
#7893 = DIRECTION ( 'NONE',  ( 0.000000000000000000, -1.000000000000000000, 0.000000000000000000 ) ) ;
#7894 =( NAMED_UNIT ( * ) PLANE_ANGLE_UNIT ( ) SI_UNIT ( $, .RADIAN. ) );
#7895 = VERTEX_POINT ( 'NONE', #3895 ) ;
#7896 = FACE_OUTER_BOUND ( 'NONE', #5234, .T. ) ;
#7897 = CARTESIAN_POINT ( 'NONE',  ( 0.7499999999999878986, 0.000000000000000000, -1.649999999999967049 ) ) ;
#7898 = SURFACE_STYLE_USAGE ( .BOTH. , #7939 ) ;
#7899 = ORIENTED_EDGE ( 'NONE', *, *, #6207, .T. ) ;
#7900 = EDGE_CURVE ( 'NONE', #8535, #1893, #3111, .T. ) ;
#7901 = ORIENTED_EDGE ( 'NONE', *, *, #3603, .F. ) ;
#7902 = ORIENTED_EDGE ( 'NONE', *, *, #8677, .T. ) ;
#7903 = CARTESIAN_POINT ( 'NONE',  ( -0.6999999999999791944, -0.05000000000000000278, -2.050000000000000266 ) ) ;
#7904 = SURFACE_SIDE_STYLE ('',( #8790 ) ) ;
#7905 = ORIENTED_EDGE ( 'NONE', *, *, #10330, .T. ) ;
#7906 = DIRECTION ( 'NONE',  ( -1.000000000000000000, 0.000000000000000000, 0.000000000000000000 ) ) ;
#7907 = CARTESIAN_POINT ( 'NONE',  ( -1.150000000000021005, 0.000000000000000000, -2.000000000000000000 ) ) ;
#7908 = CIRCLE ( 'NONE', #9945, 0.05000000000000002359 ) ;
#7909 = DIRECTION ( 'NONE',  ( -1.000000000000000000, 0.000000000000000000, 0.000000000000000000 ) ) ;
#7910 = EDGE_CURVE ( 'NONE', #665, #10297, #2408, .T. ) ;
#7911 = ORIENTED_EDGE ( 'NONE', *, *, #1231, .T. ) ;
#7912 = DIRECTION ( 'NONE',  ( 0.000000000000000000, 1.000000000000000000, 0.000000000000000000 ) ) ;
#7913 = SURFACE_STYLE_USAGE ( .BOTH. , #5677 ) ;
#7914 =( NAMED_UNIT ( * ) PLANE_ANGLE_UNIT ( ) SI_UNIT ( $, .RADIAN. ) );
#7915 = ORIENTED_EDGE ( 'NONE', *, *, #3139, .T. ) ;
#7916 = DIRECTION ( 'NONE',  ( -0.000000000000000000, 1.000000000000000000, 0.000000000000000000 ) ) ;
#7917 = DIRECTION ( 'NONE',  ( 0.000000000000000000, 1.000000000000000000, 0.000000000000000000 ) ) ;
#7918 = SURFACE_STYLE_FILL_AREA ( #7204 ) ;
#7919 = PRESENTATION_STYLE_ASSIGNMENT (( #10312 ) ) ;
#7920 = LINE ( 'NONE', #8763, #10275 ) ;
#7921 = DIRECTION ( 'NONE',  ( 1.000000000000000000, -0.000000000000000000, -0.000000000000000000 ) ) ;
#7922 = PLANE ( 'NONE',  #2993 ) ;
#7923 = ORIENTED_EDGE ( 'NONE', *, *, #7720, .F. ) ;
#7924 = EDGE_CURVE ( 'NONE', #2478, #6005, #7118, .T. ) ;
#7925 = FILL_AREA_STYLE_COLOUR ( '', #478 ) ;
#7926 = VECTOR ( 'NONE', #20, 1000.000000000000000 ) ;
#7927 = EDGE_CURVE ( 'NONE', #5458, #9564, #1656, .T. ) ;
#7928 = CYLINDRICAL_SURFACE ( 'NONE', #8621, 0.04999999999999991257 ) ;
#7929 = CARTESIAN_POINT ( 'NONE',  ( 1.250000000000004663, 0.000000000000000000, -0.4500000000000001221 ) ) ;
#7930 = CARTESIAN_POINT ( 'NONE',  ( -1.150000000000021005, -0.05000000000000000278, -2.000000000000000000 ) ) ;
#7931 = DIRECTION ( 'NONE',  ( -0.000000000000000000, 1.000000000000000000, -0.000000000000000000 ) ) ;
#7932 = VERTEX_POINT ( 'NONE', #8042 ) ;
#7933 = DIRECTION ( 'NONE',  ( -1.000000000000000000, -0.000000000000000000, -0.000000000000000000 ) ) ;
#7934 = CARTESIAN_POINT ( 'NONE',  ( 0.4500000000000204947, 0.000000000000000000, -1.599999999999999867 ) ) ;
#7935 = ORIENTED_EDGE ( 'NONE', *, *, #8874, .T. ) ;
#7936 = UNCERTAINTY_MEASURE_WITH_UNIT (LENGTH_MEASURE( 1.000000000000000082E-05 ), #2960, 'distance_accuracy_value', 'NONE');
#7937 = LINE ( 'NONE', #3213, #7007 ) ;
#7938 = EDGE_CURVE ( 'NONE', #7650, #3230, #3841, .T. ) ;
#7939 = SURFACE_SIDE_STYLE ('',( #6247 ) ) ;
#7940 = CIRCLE ( 'NONE', #4454, 0.04999999999995480976 ) ;
#7941 = AXIS2_PLACEMENT_3D ( 'NONE', #5862, #8250, #8975 ) ;
#7942 = VERTEX_POINT ( 'NONE', #6337 ) ;
#7943 =( GEOMETRIC_REPRESENTATION_CONTEXT ( 3 ) GLOBAL_UNCERTAINTY_ASSIGNED_CONTEXT ( ( #411 ) ) GLOBAL_UNIT_ASSIGNED_CONTEXT ( ( #4678, #6149, #3701 ) ) REPRESENTATION_CONTEXT ( 'NONE', 'WORKASPACE' ) );
#7944 = DIRECTION ( 'NONE',  ( -0.000000000000000000, -0.000000000000000000, -1.000000000000000000 ) ) ;
#7945 = ORIENTED_EDGE ( 'NONE', *, *, #9197, .F. ) ;
#7946 = EDGE_LOOP ( 'NONE', ( #6924, #4737, #10093, #9097, #6087, #766 ) ) ;
#7947 = COLOUR_RGB ( '',0.7686274509803920907, 0.7686274509803920907, 0.7686274509803920907 ) ;
#7948 = CIRCLE ( 'NONE', #4803, 0.05000000000000002359 ) ;
#7949 = DIRECTION ( 'NONE',  ( -1.000000000000000000, 0.000000000000000000, 0.000000000000000000 ) ) ;
#7950 = AXIS2_PLACEMENT_3D ( 'NONE', #8130, #3327, #7290 ) ;
#7951 = VERTEX_POINT ( 'NONE', #6283 ) ;
#7952 = FACE_OUTER_BOUND ( 'NONE', #6944, .T. ) ;
#7953 = CARTESIAN_POINT ( 'NONE',  ( -0.5000000000000018874, 0.000000000000000000, 0.4499999999999999001 ) ) ;
#7954 = MECHANICAL_DESIGN_GEOMETRIC_PRESENTATION_REPRESENTATION (  '', ( #1286 ), #1109 ) ;
#7955 = SURFACE_STYLE_USAGE ( .BOTH. , #7234 ) ;
#7956 = PRESENTATION_STYLE_ASSIGNMENT (( #5574 ) ) ;
#7957 = ORIENTED_EDGE ( 'NONE', *, *, #7927, .F. ) ;
#7958 = SURFACE_STYLE_USAGE ( .BOTH. , #4745 ) ;
#7959 = COLOUR_RGB ( '',0.7686274509803920907, 0.7686274509803920907, 0.7686274509803920907 ) ;
#7960 = COLOUR_RGB ( '',0.7686274509803920907, 0.7686274509803920907, 0.7686274509803920907 ) ;
#7961 = DIRECTION ( 'NONE',  ( 0.000000000000000000, 0.000000000000000000, 1.000000000000000000 ) ) ;
#7962 =( GEOMETRIC_REPRESENTATION_CONTEXT ( 3 ) GLOBAL_UNCERTAINTY_ASSIGNED_CONTEXT ( ( #2326 ) ) GLOBAL_UNIT_ASSIGNED_CONTEXT ( ( #3128, #3973, #10264 ) ) REPRESENTATION_CONTEXT ( 'NONE', 'WORKASPACE' ) );
#7963 = SURFACE_SIDE_STYLE ('',( #3570 ) ) ;
#7964 = ORIENTED_EDGE ( 'NONE', *, *, #6020, .F. ) ;
#7965 = DIRECTION ( 'NONE',  ( -0.000000000000000000, 1.000000000000000000, -0.000000000000000000 ) ) ;
#7966 = SURFACE_SIDE_STYLE ('',( #8719 ) ) ;
#7967 = CARTESIAN_POINT ( 'NONE',  ( 0.7000000000000209388, 0.000000000000000000, 2.000000000000000000 ) ) ;
#7968 = MECHANICAL_DESIGN_GEOMETRIC_PRESENTATION_REPRESENTATION (  '', ( #8481 ), #1131 ) ;
#7969 = SURFACE_STYLE_USAGE ( .BOTH. , #9478 ) ;
#7970 = EDGE_CURVE ( 'NONE', #9167, #8097, #585, .T. ) ;
#7971 = MECHANICAL_DESIGN_GEOMETRIC_PRESENTATION_REPRESENTATION (  '', ( #1933 ), #1119 ) ;
#7972 = EDGE_CURVE ( 'NONE', #563, #6555, #9502, .T. ) ;
#7973 = CIRCLE ( 'NONE', #1126, 0.04999999999996716793 ) ;
#7974 = CARTESIAN_POINT ( 'NONE',  ( 0.05000000000002047945, -0.05000000000000000278, 1.599999999999999645 ) ) ;
#7975 = FILL_AREA_STYLE_COLOUR ( '', #683 ) ;
#7976 = LINE ( 'NONE', #157, #6631 ) ;
#7977 =( GEOMETRIC_REPRESENTATION_CONTEXT ( 3 ) GLOBAL_UNCERTAINTY_ASSIGNED_CONTEXT ( ( #2421 ) ) GLOBAL_UNIT_ASSIGNED_CONTEXT ( ( #3430, #9695, #7292 ) ) REPRESENTATION_CONTEXT ( 'NONE', 'WORKASPACE' ) );
#7978 = CARTESIAN_POINT ( 'NONE',  ( -0.8999999999999791500, -0.05000000000000000278, 2.050000000000000266 ) ) ;
#7979 = EDGE_CURVE ( 'NONE', #7564, #7414, #5597, .T. ) ;
#7980 = CARTESIAN_POINT ( 'NONE',  ( -2.000000000000000000, 0.1499999999999999944, 1.249999999999999556 ) ) ;
#7981 = ORIENTED_EDGE ( 'NONE', *, *, #4696, .F. ) ;
#7982 = CARTESIAN_POINT ( 'NONE',  ( 0.000000000000000000, 0.000000000000000000, 2.050000000000000266 ) ) ;
#7983 = AXIS2_PLACEMENT_3D ( 'NONE', #9778, #2644, #6676 ) ;
#7984 = COLOUR_RGB ( '',0.7686274509803920907, 0.7686274509803920907, 0.7686274509803920907 ) ;
#7985 = SURFACE_SIDE_STYLE ('',( #4034 ) ) ;
#7986 = VECTOR ( 'NONE', #6264, 1000.000000000000000 ) ;
#7987 = CARTESIAN_POINT ( 'NONE',  ( -0.8999999999999793721, -0.05000000000000000278, -2.000000000000005773 ) ) ;
#7988 = SURFACE_SIDE_STYLE ('',( #7888 ) ) ;
#7989 = SURFACE_STYLE_FILL_AREA ( #902 ) ;
#7990 = STYLED_ITEM ( 'NONE', ( #2768 ), #9621 ) ;
#7991 = STYLED_ITEM ( 'NONE', ( #7404 ), #1572 ) ;
#7992 = LINE ( 'NONE', #2456, #9762 ) ;
#7993 = CARTESIAN_POINT ( 'NONE',  ( 0.3000000000000208611, -0.05000000000000000278, 2.000000000000000000 ) ) ;
#7994 = VERTEX_POINT ( 'NONE', #4767 ) ;
#7995 = SHAPE_DEFINITION_REPRESENTATION ( #2761, #5007 ) ;
#7996 = ORIENTED_EDGE ( 'NONE', *, *, #525, .T. ) ;
#7997 = CARTESIAN_POINT ( 'NONE',  ( 1.249999999999999112, -0.05000000000000000278, 0.4499999999999999001 ) ) ;
#7998 = COLOUR_RGB ( '',0.7686274509803920907, 0.7686274509803920907, 0.7686274509803920907 ) ;
#7999 = CARTESIAN_POINT ( 'NONE',  ( -1.450000000000020828, 0.1499999999999999944, 2.000000000000000000 ) ) ;
#8000 =( NAMED_UNIT ( * ) SI_UNIT ( $, .STERADIAN. ) SOLID_ANGLE_UNIT ( ) );
#8001 = VERTEX_POINT ( 'NONE', #7934 ) ;
#8002 = EDGE_CURVE ( 'NONE', #8231, #8876, #10269, .T. ) ;
#8003 = EDGE_CURVE ( 'NONE', #8604, #1529, #5808, .T. ) ;
#8004 = VERTEX_POINT ( 'NONE', #3394 ) ;
#8005 = CARTESIAN_POINT ( 'NONE',  ( 2.000000000000000000, 0.000000000000000000, 2.000000000000000000 ) ) ;
#8006 = ORIENTED_EDGE ( 'NONE', *, *, #3376, .T. ) ;
#8007 = SURFACE_STYLE_USAGE ( .BOTH. , #6408 ) ;
#8008 = AXIS2_PLACEMENT_3D ( 'NONE', #10259, #8721, #3921 ) ;
#8009 = LINE ( 'NONE', #7002, #8175 ) ;
#8010 = CARTESIAN_POINT ( 'NONE',  ( 0.7000000000000209388, 0.1499999999999999944, 2.050000000000000266 ) ) ;
#8011 = MECHANICAL_DESIGN_GEOMETRIC_PRESENTATION_REPRESENTATION (  '', ( #2181 ), #8289 ) ;
#8012 = DIRECTION ( 'NONE',  ( -1.000000000000000000, 0.000000000000000000, 0.000000000000000000 ) ) ;
#8013 = ORIENTED_EDGE ( 'NONE', *, *, #1775, .T. ) ;
#8014 = STYLED_ITEM ( 'NONE', ( #2439 ), #2910 ) ;
#8015 = AXIS2_PLACEMENT_3D ( 'NONE', #3579, #5932, #9151 ) ;
#8016 = STYLED_ITEM ( 'NONE', ( #459 ), #2174 ) ;
#8017 = CIRCLE ( 'NONE', #10013, 0.04999999999996066619 ) ;
#8018 = LINE ( 'NONE', #784, #3293 ) ;
#8019 = ORIENTED_EDGE ( 'NONE', *, *, #8577, .F. ) ;
#8020 = FILL_AREA_STYLE_COLOUR ( '', #3666 ) ;
#8021 =( GEOMETRIC_REPRESENTATION_CONTEXT ( 3 ) GLOBAL_UNCERTAINTY_ASSIGNED_CONTEXT ( ( #2399 ) ) GLOBAL_UNIT_ASSIGNED_CONTEXT ( ( #2884, #9252, #6341 ) ) REPRESENTATION_CONTEXT ( 'NONE', 'WORKASPACE' ) );
#8022 = VECTOR ( 'NONE', #750, 1000.000000000000000 ) ;
#8023 = CARTESIAN_POINT ( 'NONE',  ( 0.3000000000000209166, 0.1499999999999999944, -2.000000000000000000 ) ) ;
#8024 = DIRECTION ( 'NONE',  ( 1.000000000000000000, 0.000000000000000000, 1.257674520082358417E-13 ) ) ;
#8025 = VECTOR ( 'NONE', #5496, 1000.000000000000000 ) ;
#8026 = ADVANCED_FACE ( 'NONE', ( #9856 ), #2558, .T. ) ;
#8027 = UNCERTAINTY_MEASURE_WITH_UNIT (LENGTH_MEASURE( 1.000000000000000082E-05 ), #779, 'distance_accuracy_value', 'NONE');
#8028 = CIRCLE ( 'NONE', #4875, 0.05000000000000002359 ) ;
#8029 =( LENGTH_UNIT ( ) NAMED_UNIT ( * ) SI_UNIT ( .MILLI., .METRE. ) );
#8030 =( LENGTH_UNIT ( ) NAMED_UNIT ( * ) SI_UNIT ( .MILLI., .METRE. ) );
#8031 = DIRECTION ( 'NONE',  ( 0.000000000000000000, 0.000000000000000000, -1.000000000000000000 ) ) ;
#8032 = VECTOR ( 'NONE', #7821, 1000.000000000000000 ) ;
#8033 = EDGE_CURVE ( 'NONE', #2897, #8791, #276, .T. ) ;
#8034 =( NAMED_UNIT ( * ) PLANE_ANGLE_UNIT ( ) SI_UNIT ( $, .RADIAN. ) );
#8035 = DIRECTION ( 'NONE',  ( -0.000000000000000000, 1.000000000000000000, -0.000000000000000000 ) ) ;
#8036 = ORIENTED_EDGE ( 'NONE', *, *, #9313, .F. ) ;
#8037 = VECTOR ( 'NONE', #2351, 1000.000000000000000 ) ;
#8038 =( NAMED_UNIT ( * ) SI_UNIT ( $, .STERADIAN. ) SOLID_ANGLE_UNIT ( ) );
#8039 = EDGE_CURVE ( 'NONE', #7742, #8065, #5915, .T. ) ;
#8040 =( NAMED_UNIT ( * ) SI_UNIT ( $, .STERADIAN. ) SOLID_ANGLE_UNIT ( ) );
#8041 = CARTESIAN_POINT ( 'NONE',  ( 0.7000000000000207168, 0.000000000000000000, -1.649999999999999911 ) ) ;
#8042 = CARTESIAN_POINT ( 'NONE',  ( 0.7000000000000209388, 0.1499999999999999944, -2.050000000000000266 ) ) ;
#8043 = DIRECTION ( 'NONE',  ( 0.000000000000000000, -1.000000000000000000, 0.000000000000000000 ) ) ;
#8044 = ORIENTED_EDGE ( 'NONE', *, *, #737, .F. ) ;
#8045 = UNCERTAINTY_MEASURE_WITH_UNIT (LENGTH_MEASURE( 1.000000000000000082E-05 ), #2555, 'distance_accuracy_value', 'NONE');
#8046 = DIRECTION ( 'NONE',  ( 0.000000000000000000, -1.000000000000000000, 0.000000000000000000 ) ) ;
#8047 = CARTESIAN_POINT ( 'NONE',  ( -0.8500000000000124123, -0.05000000000000000278, -1.649999999999967049 ) ) ;
#8048 = VERTEX_POINT ( 'NONE', #861 ) ;
#8049 = FILL_AREA_STYLE_COLOUR ( '', #3711 ) ;
#8050 =( NAMED_UNIT ( * ) PLANE_ANGLE_UNIT ( ) SI_UNIT ( $, .RADIAN. ) );
#8051 = VERTEX_POINT ( 'NONE', #7371 ) ;
#8052 = LINE ( 'NONE', #8160, #2350 ) ;
#8053 = VERTEX_POINT ( 'NONE', #8082 ) ;
#8054 =( NAMED_UNIT ( * ) SI_UNIT ( $, .STERADIAN. ) SOLID_ANGLE_UNIT ( ) );
#8055 = VERTEX_POINT ( 'NONE', #8926 ) ;
#8056 = CARTESIAN_POINT ( 'NONE',  ( 1.249999999999967581, 0.000000000000000000, -1.149999999999933964 ) ) ;
#8057 = LINE ( 'NONE', #7953, #803 ) ;
#8058 = LINE ( 'NONE', #2389, #4027 ) ;
#8059 = EDGE_CURVE ( 'NONE', #3492, #9467, #8251, .T. ) ;
#8060 = EDGE_CURVE ( 'NONE', #5933, #2559, #7412, .T. ) ;
#8061 = ORIENTED_EDGE ( 'NONE', *, *, #6235, .T. ) ;
#8062 = DIRECTION ( 'NONE',  ( -0.000000000000000000, -0.000000000000000000, -1.000000000000000000 ) ) ;
#8063 = DIRECTION ( 'NONE',  ( -1.000000000000000000, -0.000000000000000000, -0.000000000000000000 ) ) ;
#8064 = DIRECTION ( 'NONE',  ( 0.000000000000000000, -0.000000000000000000, 1.000000000000000000 ) ) ;
#8065 = VERTEX_POINT ( 'NONE', #9746 ) ;
#8066 = LINE ( 'NONE', #1575, #2792 ) ;
#8067 = DIRECTION ( 'NONE',  ( 0.000000000000000000, 0.000000000000000000, 1.000000000000000000 ) ) ;
#8068 = SURFACE_SIDE_STYLE ('',( #5684 ) ) ;
#8069 = FILL_AREA_STYLE ('',( #1889 ) ) ;
#8070 = CARTESIAN_POINT ( 'NONE',  ( -0.5000000000000037748, 0.000000000000000000, 1.000000000000000000 ) ) ;
#8071 = SURFACE_STYLE_FILL_AREA ( #9734 ) ;
#8072 = DIRECTION ( 'NONE',  ( -6.195440985630865644E-16, -0.000000000000000000, -1.000000000000000000 ) ) ;
#8073 = LINE ( 'NONE', #1859, #8167 ) ;
#8074 = EDGE_LOOP ( 'NONE', ( #1713, #1855, #2384, #465, #8754, #10209 ) ) ;
#8075 = DIRECTION ( 'NONE',  ( 0.000000000000000000, 0.000000000000000000, -1.000000000000000000 ) ) ;
#8076 = DIRECTION ( 'NONE',  ( 1.000000000000000000, 0.000000000000000000, 0.000000000000000000 ) ) ;
#8077 = CARTESIAN_POINT ( 'NONE',  ( 1.450000000000008615, -0.05000000000000000278, -1.649999999999966827 ) ) ;
#8078 = EDGE_CURVE ( 'NONE', #422, #3484, #5802, .T. ) ;
#8079 = DIRECTION ( 'NONE',  ( 1.000000000000000000, 0.000000000000000000, -0.000000000000000000 ) ) ;
#8080 = SURFACE_SIDE_STYLE ('',( #4286 ) ) ;
#8081 = DIRECTION ( 'NONE',  ( 0.000000000000000000, 1.000000000000000000, 0.000000000000000000 ) ) ;
#8082 = CARTESIAN_POINT ( 'NONE',  ( 0.3000000000000206390, 0.000000000000000000, -1.649999999999999911 ) ) ;
#8083 = CARTESIAN_POINT ( 'NONE',  ( 0.1000000000000208639, -0.05000000000000000278, -2.050000000000000266 ) ) ;
#8084 = VERTEX_POINT ( 'NONE', #6698 ) ;
#8085 =( LENGTH_UNIT ( ) NAMED_UNIT ( * ) SI_UNIT ( .MILLI., .METRE. ) );
#8086 = STYLED_ITEM ( 'NONE', ( #9061 ), #6480 ) ;
#8087 =( NAMED_UNIT ( * ) PLANE_ANGLE_UNIT ( ) SI_UNIT ( $, .RADIAN. ) );
#8088 = UNCERTAINTY_MEASURE_WITH_UNIT (LENGTH_MEASURE( 1.000000000000000082E-05 ), #6064, 'distance_accuracy_value', 'NONE');
#8089 = EDGE_CURVE ( 'NONE', #3145, #393, #5708, .T. ) ;
#8090 = EDGE_CURVE ( 'NONE', #9784, #4163, #9079, .T. ) ;
#8091 = ORIENTED_EDGE ( 'NONE', *, *, #7146, .T. ) ;
#8092 = LINE ( 'NONE', #3946, #2846 ) ;
#8093 = DIRECTION ( 'NONE',  ( 0.000000000000000000, 0.000000000000000000, 1.000000000000000000 ) ) ;
#8094 = AXIS2_PLACEMENT_3D ( 'NONE', #4659, #659, #4042 ) ;
#8095 = SURFACE_STYLE_FILL_AREA ( #9558 ) ;
#8096 = CARTESIAN_POINT ( 'NONE',  ( -0.09999999999997911948, -1.355252715606880543E-17, 2.000000000000000000 ) ) ;
#8097 = VERTEX_POINT ( 'NONE', #3441 ) ;
#8098 = CARTESIAN_POINT ( 'NONE',  ( 2.050000000000000266, 0.1499999999999999944, 0.1000000000000000472 ) ) ;
#8099 = EDGE_LOOP ( 'NONE', ( #8660, #7424, #8013, #7996 ) ) ;
#8100 = FILL_AREA_STYLE_COLOUR ( '', #9309 ) ;
#8101 = EDGE_CURVE ( 'NONE', #7259, #2787, #1703, .T. ) ;
#8102 = FACE_OUTER_BOUND ( 'NONE', #9611, .T. ) ;
#8103 = SURFACE_SIDE_STYLE ('',( #5726 ) ) ;
#8104 = LINE ( 'NONE', #4009, #2495 ) ;
#8105 = MECHANICAL_DESIGN_GEOMETRIC_PRESENTATION_REPRESENTATION (  '', ( #6455 ), #7635 ) ;
#8106 = COLOUR_RGB ( '',0.7686274509803920907, 0.7686274509803920907, 0.7686274509803920907 ) ;
#8107 = CARTESIAN_POINT ( 'NONE',  ( 0.7000000000000209388, -1.355252715606880543E-17, -2.000000000000000000 ) ) ;
#8108 = MECHANICAL_DESIGN_GEOMETRIC_PRESENTATION_REPRESENTATION (  '', ( #6795 ), #6466 ) ;
#8109 = DIRECTION ( 'NONE',  ( 0.000000000000000000, -1.000000000000000000, 0.000000000000000000 ) ) ;
#8110 = ORIENTED_EDGE ( 'NONE', *, *, #3905, .T. ) ;
#8111 =( NAMED_UNIT ( * ) SI_UNIT ( $, .STERADIAN. ) SOLID_ANGLE_UNIT ( ) );
#8112 = CARTESIAN_POINT ( 'NONE',  ( -0.6999999999999793054, -0.05000000000000000278, 2.000000000000005329 ) ) ;
#8113 = VECTOR ( 'NONE', #8523, 1000.000000000000000 ) ;
#8114 = VECTOR ( 'NONE', #6483, 1000.000000000000000 ) ;
#8115 =( GEOMETRIC_REPRESENTATION_CONTEXT ( 3 ) GLOBAL_UNCERTAINTY_ASSIGNED_CONTEXT ( ( #5868 ) ) GLOBAL_UNIT_ASSIGNED_CONTEXT ( ( #7599, #5066, #9999 ) ) REPRESENTATION_CONTEXT ( 'NONE', 'WORKASPACE' ) );
#8116 = ORIENTED_EDGE ( 'NONE', *, *, #6589, .F. ) ;
#8117 = LINE ( 'NONE', #4227, #1310 ) ;
#8118 = FACE_OUTER_BOUND ( 'NONE', #5881, .T. ) ;
#8119 = CARTESIAN_POINT ( 'NONE',  ( 0.9000000000000208944, 0.000000000000000000, 1.649999999999999911 ) ) ;
#8120 =( GEOMETRIC_REPRESENTATION_CONTEXT ( 3 ) GLOBAL_UNCERTAINTY_ASSIGNED_CONTEXT ( ( #7536 ) ) GLOBAL_UNIT_ASSIGNED_CONTEXT ( ( #6923, #347, #9247 ) ) REPRESENTATION_CONTEXT ( 'NONE', 'WORKASPACE' ) );
#8121 =( LENGTH_UNIT ( ) NAMED_UNIT ( * ) SI_UNIT ( .MILLI., .METRE. ) );
#8122 = FILL_AREA_STYLE_COLOUR ( '', #10344 ) ;
#8123 = COLOUR_RGB ( '',0.7686274509803920907, 0.7686274509803920907, 0.7686274509803920907 ) ;
#8124 = VECTOR ( 'NONE', #5155, 1000.000000000000000 ) ;
#8125 = CIRCLE ( 'NONE', #430, 0.04999999999999991257 ) ;
#8126 = EDGE_LOOP ( 'NONE', ( #466, #3012 ) ) ;
#8127 = AXIS2_PLACEMENT_3D ( 'NONE', #9471, #7142, #8064 ) ;
#8128 = DIRECTION ( 'NONE',  ( -1.000000000000000000, 0.000000000000000000, 4.394632805807644145E-14 ) ) ;
#8129 = EDGE_LOOP ( 'NONE', ( #4902, #2561, #6294, #1565 ) ) ;
#8130 = CARTESIAN_POINT ( 'NONE',  ( -0.5000000000000018874, -0.05000000000000000278, 0.4499999999999999001 ) ) ;
#8131 = CIRCLE ( 'NONE', #1446, 0.04999999999996695282 ) ;
#8132 = EDGE_CURVE ( 'NONE', #1054, #3043, #6488, .T. ) ;
#8133 = DIRECTION ( 'NONE',  ( 0.000000000000000000, -1.000000000000000000, 0.000000000000000000 ) ) ;
#8134 = VECTOR ( 'NONE', #9931, 1000.000000000000000 ) ;
#8135 = ADVANCED_FACE ( 'NONE', ( #4450 ), #383, .F. ) ;
#8136 = DIRECTION ( 'NONE',  ( -0.000000000000000000, 1.000000000000000000, -0.000000000000000000 ) ) ;
#8137 = ORIENTED_EDGE ( 'NONE', *, *, #2157, .T. ) ;
#8138 = CIRCLE ( 'NONE', #3649, 0.04999999999999991257 ) ;
#8139 = DIRECTION ( 'NONE',  ( 0.000000000000000000, -1.000000000000000000, 0.000000000000000000 ) ) ;
#8140 = DIRECTION ( 'NONE',  ( 1.000000000000000000, 0.000000000000000000, 0.000000000000000000 ) ) ;
#8141 = DIRECTION ( 'NONE',  ( 0.000000000000000000, 1.000000000000000000, 0.000000000000000000 ) ) ;
#8142 = SURFACE_SIDE_STYLE ('',( #1027 ) ) ;
#8143 = VECTOR ( 'NONE', #3601, 1000.000000000000000 ) ;
#8144 = LINE ( 'NONE', #4080, #5970 ) ;
#8145 = DIRECTION ( 'NONE',  ( -0.000000000000000000, 1.000000000000000000, -0.000000000000000000 ) ) ;
#8146 = DIRECTION ( 'NONE',  ( 0.000000000000000000, 0.000000000000000000, -1.000000000000000000 ) ) ;
#8147 = CARTESIAN_POINT ( 'NONE',  ( -1.450000000000020828, 0.1499999999999999944, 2.050000000000000266 ) ) ;
#8148 = DIRECTION ( 'NONE',  ( -0.000000000000000000, -0.000000000000000000, 1.000000000000000000 ) ) ;
#8149 = LINE ( 'NONE', #8083, #1813 ) ;
#8150 = VERTEX_POINT ( 'NONE', #1137 ) ;
#8151 =( GEOMETRIC_REPRESENTATION_CONTEXT ( 3 ) GLOBAL_UNCERTAINTY_ASSIGNED_CONTEXT ( ( #866 ) ) GLOBAL_UNIT_ASSIGNED_CONTEXT ( ( #1173, #3591, #4389 ) ) REPRESENTATION_CONTEXT ( 'NONE', 'WORKASPACE' ) );
#8152 = UNCERTAINTY_MEASURE_WITH_UNIT (LENGTH_MEASURE( 1.000000000000000082E-05 ), #7506, 'distance_accuracy_value', 'NONE');
#8153 = CARTESIAN_POINT ( 'NONE',  ( 2.000000000000000000, 0.1499999999999999944, 0.1000000000000000472 ) ) ;
#8154 = EDGE_LOOP ( 'NONE', ( #2569, #1573, #6338, #9171, #8672, #983 ) ) ;
#8155 =( GEOMETRIC_REPRESENTATION_CONTEXT ( 3 ) GLOBAL_UNCERTAINTY_ASSIGNED_CONTEXT ( ( #5956 ) ) GLOBAL_UNIT_ASSIGNED_CONTEXT ( ( #5302, #561, #2158 ) ) REPRESENTATION_CONTEXT ( 'NONE', 'WORKASPACE' ) );
#8156 = VECTOR ( 'NONE', #7574, 1000.000000000000000 ) ;
#8157 = FILL_AREA_STYLE ('',( #4982 ) ) ;
#8158 = PRESENTATION_LAYER_ASSIGNMENT (  '', '', ( #10318 ) ) ;
#8159 = ORIENTED_EDGE ( 'NONE', *, *, #2449, .T. ) ;
#8160 = CARTESIAN_POINT ( 'NONE',  ( -0.5000000000000018874, -0.05000000000000000278, 0.6499999999999992450 ) ) ;
#8161 = EDGE_CURVE ( 'NONE', #2179, #7467, #10112, .T. ) ;
#8162 = ORIENTED_EDGE ( 'NONE', *, *, #8716, .T. ) ;
#8163 = UNCERTAINTY_MEASURE_WITH_UNIT (LENGTH_MEASURE( 1.000000000000000082E-05 ), #2151, 'distance_accuracy_value', 'NONE');
#8164 = CYLINDRICAL_SURFACE ( 'NONE', #1300, 0.04999999999996066619 ) ;
#8165 = DIRECTION ( 'NONE',  ( 0.000000000000000000, 0.000000000000000000, -1.000000000000000000 ) ) ;
#8166 =( GEOMETRIC_REPRESENTATION_CONTEXT ( 3 ) GLOBAL_UNCERTAINTY_ASSIGNED_CONTEXT ( ( #1267 ) ) GLOBAL_UNIT_ASSIGNED_CONTEXT ( ( #9903, #9133, #9239 ) ) REPRESENTATION_CONTEXT ( 'NONE', 'WORKASPACE' ) );
#8167 = VECTOR ( 'NONE', #4124, 1000.000000000000000 ) ;
#8168 =( NAMED_UNIT ( * ) SI_UNIT ( $, .STERADIAN. ) SOLID_ANGLE_UNIT ( ) );
#8169 = VERTEX_POINT ( 'NONE', #7729 ) ;
#8170 = FILL_AREA_STYLE ('',( #5212 ) ) ;
#8171 = CARTESIAN_POINT ( 'NONE',  ( 2.050000000000000266, -0.05000000000000000278, 0.9000000000000002442 ) ) ;
#8172 = EDGE_CURVE ( 'NONE', #4462, #5374, #2867, .T. ) ;
#8173 = PLANE ( 'NONE',  #4775 ) ;
#8174 = PRESENTATION_LAYER_ASSIGNMENT (  '', '', ( #3186 ) ) ;
#8175 = VECTOR ( 'NONE', #7326, 1000.000000000000000 ) ;
#8176 = VECTOR ( 'NONE', #4798, 1000.000000000000000 ) ;
#8177 = ORIENTED_EDGE ( 'NONE', *, *, #8255, .F. ) ;
#8178 = UNCERTAINTY_MEASURE_WITH_UNIT (LENGTH_MEASURE( 1.000000000000000082E-05 ), #4312, 'distance_accuracy_value', 'NONE');
#8179 = FILL_AREA_STYLE ('',( #8020 ) ) ;
#8180 = SURFACE_SIDE_STYLE ('',( #5840 ) ) ;
#8181 = FACE_OUTER_BOUND ( 'NONE', #8355, .T. ) ;
#8182 = STYLED_ITEM ( 'NONE', ( #7956 ), #10163 ) ;
#8183 = VECTOR ( 'NONE', #8062, 1000.000000000000000 ) ;
#8184 = COLOUR_RGB ( '',0.7686274509803920907, 0.7686274509803920907, 0.7686274509803920907 ) ;
#8185 = ORIENTED_EDGE ( 'NONE', *, *, #3449, .T. ) ;
#8186 = COLOUR_RGB ( '',0.7686274509803920907, 0.7686274509803920907, 0.7686274509803920907 ) ;
#8187 = SURFACE_STYLE_FILL_AREA ( #6528 ) ;
#8188 = ORIENTED_EDGE ( 'NONE', *, *, #8463, .F. ) ;
#8189 =( NAMED_UNIT ( * ) PLANE_ANGLE_UNIT ( ) SI_UNIT ( $, .RADIAN. ) );
#8190 = VECTOR ( 'NONE', #8012, 1000.000000000000000 ) ;
#8191 = LINE ( 'NONE', #953, #9798 ) ;
#8192 = MECHANICAL_DESIGN_GEOMETRIC_PRESENTATION_REPRESENTATION (  '', ( #8016 ), #3872 ) ;
#8193 = AXIS2_PLACEMENT_3D ( 'NONE', #10237, #9557, #4676 ) ;
#8194 = PLANE ( 'NONE',  #3851 ) ;
#8195 = AXIS2_PLACEMENT_3D ( 'NONE', #9699, #6586, #8198 ) ;
#8196 = ORIENTED_EDGE ( 'NONE', *, *, #8246, .T. ) ;
#8197 = CARTESIAN_POINT ( 'NONE',  ( 1.200000000000000622, -0.05000000000000000278, 0.04999999999999955869 ) ) ;
#8198 = DIRECTION ( 'NONE',  ( 0.000000000000000000, 0.000000000000000000, 1.000000000000000000 ) ) ;
#8199 = SURFACE_STYLE_USAGE ( .BOTH. , #6540 ) ;
#8200 = EDGE_CURVE ( 'NONE', #3915, #4094, #2198, .T. ) ;
#8201 = EDGE_CURVE ( 'NONE', #2100, #1874, #6024, .T. ) ;
#8202 = CARTESIAN_POINT ( 'NONE',  ( -0.5500000000000038192, -0.05000000000000000278, 1.199999999999999734 ) ) ;
#8203 = AXIS2_PLACEMENT_3D ( 'NONE', #7409, #9799, #9589 ) ;
#8204 = CARTESIAN_POINT ( 'NONE',  ( -0.6999999999999793054, 0.000000000000000000, 1.649999999999999911 ) ) ;
#8205 = SURFACE_STYLE_FILL_AREA ( #10333 ) ;
#8206 = PLANE ( 'NONE',  #413 ) ;
#8207 = CARTESIAN_POINT ( 'NONE',  ( 1.249999999999996447, 0.000000000000000000, 1.250000000000000000 ) ) ;
#8209 = VERTEX_POINT ( 'NONE', #545 ) ;
#8208 = CARTESIAN_POINT ( 'NONE',  ( 2.000000000000000000, 0.000000000000000000, -2.000000000000000000 ) ) ;
#8210 = FACE_OUTER_BOUND ( 'NONE', #9258, .T. ) ;
#8211 = VERTEX_POINT ( 'NONE', #2967 ) ;
#8212 = COLOUR_RGB ( '',0.7686274509803920907, 0.7686274509803920907, 0.7686274509803920907 ) ;
#8213 = SURFACE_SIDE_STYLE ('',( #4922 ) ) ;
#8214 = PRESENTATION_LAYER_ASSIGNMENT (  '', '', ( #6902 ) ) ;
#8215 = EDGE_LOOP ( 'NONE', ( #2325, #8591, #5103, #782, #295, #1225 ) ) ;
#8216 = LINE ( 'NONE', #3354, #1185 ) ;
#8217 = ORIENTED_EDGE ( 'NONE', *, *, #4696, .T. ) ;
#8218 = FACE_OUTER_BOUND ( 'NONE', #2214, .T. ) ;
#8219 = EDGE_LOOP ( 'NONE', ( #7902, #9664, #8403, #5569, #4920, #1164 ) ) ;
#8220 =( NAMED_UNIT ( * ) PLANE_ANGLE_UNIT ( ) SI_UNIT ( $, .RADIAN. ) );
#8221 = PLANE ( 'NONE',  #80 ) ;
#8222 =( NAMED_UNIT ( * ) SI_UNIT ( $, .STERADIAN. ) SOLID_ANGLE_UNIT ( ) );
#8223 = LINE ( 'NONE', #4309, #9668 ) ;
#8224 =( LENGTH_UNIT ( ) NAMED_UNIT ( * ) SI_UNIT ( .MILLI., .METRE. ) );
#8225 = ORIENTED_EDGE ( 'NONE', *, *, #8033, .T. ) ;
#8226 =( NAMED_UNIT ( * ) SI_UNIT ( $, .STERADIAN. ) SOLID_ANGLE_UNIT ( ) );
#8227 = EDGE_CURVE ( 'NONE', #7374, #9681, #9189, .T. ) ;
#8228 = DIRECTION ( 'NONE',  ( -0.000000000000000000, -0.000000000000000000, -1.000000000000000000 ) ) ;
#8229 = PLANE ( 'NONE',  #5949 ) ;
#8230 = ORIENTED_EDGE ( 'NONE', *, *, #2394, .F. ) ;
#8231 = VERTEX_POINT ( 'NONE', #495 ) ;
#8232 = ORIENTED_EDGE ( 'NONE', *, *, #9936, .F. ) ;
#8233 = SURFACE_SIDE_STYLE ('',( #7741 ) ) ;
#8234 = FILL_AREA_STYLE ('',( #7595 ) ) ;
#8235 = FILL_AREA_STYLE_COLOUR ( '', #2979 ) ;
#8236 = ORIENTED_EDGE ( 'NONE', *, *, #9250, .F. ) ;
#8237 = EDGE_CURVE ( 'NONE', #10003, #8851, #10017, .T. ) ;
#8238 = DIRECTION ( 'NONE',  ( 0.000000000000000000, 0.000000000000000000, 1.000000000000000000 ) ) ;
#8239 = ORIENTED_EDGE ( 'NONE', *, *, #1251, .F. ) ;
#8240 = LINE ( 'NONE', #6113, #9950 ) ;
#8241 = CARTESIAN_POINT ( 'NONE',  ( -0.09999999999997911948, -0.05000000000000000278, -2.050000000000000266 ) ) ;
#8242 = CARTESIAN_POINT ( 'NONE',  ( -0.09999999999997917499, -0.05000000000000000278, 1.649999999999999911 ) ) ;
#8243 = ORIENTED_EDGE ( 'NONE', *, *, #4914, .F. ) ;
#8244 =( NAMED_UNIT ( * ) PLANE_ANGLE_UNIT ( ) SI_UNIT ( $, .RADIAN. ) );
#8245 = LINE ( 'NONE', #1808, #4485 ) ;
#8246 = EDGE_CURVE ( 'NONE', #3145, #3038, #9284, .T. ) ;
#8247 = FACE_OUTER_BOUND ( 'NONE', #1459, .T. ) ;
#8248 = FILL_AREA_STYLE_COLOUR ( '', #7286 ) ;
#8249 = CARTESIAN_POINT ( 'NONE',  ( 2.000000000000008882, -0.05000000000000000278, -0.7000000000000000666 ) ) ;
#8250 = DIRECTION ( 'NONE',  ( 0.000000000000000000, -1.000000000000000000, 0.000000000000000000 ) ) ;
#8251 = LINE ( 'NONE', #5125, #6794 ) ;
#8252 = FILL_AREA_STYLE_COLOUR ( '', #795 ) ;
#8253 = EDGE_LOOP ( 'NONE', ( #7130, #1104, #6731, #3906, #22, #4612 ) ) ;
#8254 = UNCERTAINTY_MEASURE_WITH_UNIT (LENGTH_MEASURE( 1.000000000000000082E-05 ), #7874, 'distance_accuracy_value', 'NONE');
#8255 = EDGE_CURVE ( 'NONE', #956, #8211, #2136, .T. ) ;
#8256 = LINE ( 'NONE', #9083, #6328 ) ;
#8257 = EDGE_CURVE ( 'NONE', #5459, #4361, #6123, .T. ) ;
#8258 = LINE ( 'NONE', #8318, #9995 ) ;
#8259 = ORIENTED_EDGE ( 'NONE', *, *, #3035, .F. ) ;
#8260 = DIRECTION ( 'NONE',  ( 1.000000000000000000, -0.000000000000000000, -0.000000000000000000 ) ) ;
#8261 = DIRECTION ( 'NONE',  ( 0.000000000000000000, 0.000000000000000000, -1.000000000000000000 ) ) ;
#8262 = FILL_AREA_STYLE ('',( #7318 ) ) ;
#8263 = ORIENTED_EDGE ( 'NONE', *, *, #5831, .F. ) ;
#8264 = CARTESIAN_POINT ( 'NONE',  ( -1.450000000000020828, 0.1499999999999999944, 2.050000000000000266 ) ) ;
#8265 = FILL_AREA_STYLE ('',( #3456 ) ) ;
#8266 = ORIENTED_EDGE ( 'NONE', *, *, #163, .F. ) ;
#8267 = STYLED_ITEM ( 'NONE', ( #8449 ), #3205 ) ;
#8268 = EDGE_CURVE ( 'NONE', #9013, #7159, #3771, .T. ) ;
#8269 = LINE ( 'NONE', #1716, #622 ) ;
#8270 =( NAMED_UNIT ( * ) SI_UNIT ( $, .STERADIAN. ) SOLID_ANGLE_UNIT ( ) );
#8271 = DIRECTION ( 'NONE',  ( -0.000000000000000000, 0.000000000000000000, -1.000000000000000000 ) ) ;
#8272 = LINE ( 'NONE', #4215, #3704 ) ;
#8273 = FILL_AREA_STYLE_COLOUR ( '', #3495 ) ;
#8274 = PRESENTATION_STYLE_ASSIGNMENT (( #1885 ) ) ;
#8275 = COLOUR_RGB ( '',0.7686274509803920907, 0.7686274509803920907, 0.7686274509803920907 ) ;
#8276 = ORIENTED_EDGE ( 'NONE', *, *, #3510, .F. ) ;
#8277 = LINE ( 'NONE', #1783, #5469 ) ;
#8278 =( NAMED_UNIT ( * ) SI_UNIT ( $, .STERADIAN. ) SOLID_ANGLE_UNIT ( ) );
#8279 = DIRECTION ( 'NONE',  ( -1.000000000000000000, 0.000000000000000000, 0.000000000000000000 ) ) ;
#8280 = ORIENTED_EDGE ( 'NONE', *, *, #4024, .F. ) ;
#8281 = ORIENTED_EDGE ( 'NONE', *, *, #4256, .F. ) ;
#8282 = ORIENTED_EDGE ( 'NONE', *, *, #66, .F. ) ;
#8283 = UNCERTAINTY_MEASURE_WITH_UNIT (LENGTH_MEASURE( 1.000000000000000082E-05 ), #3045, 'distance_accuracy_value', 'NONE');
#8284 = PRESENTATION_STYLE_ASSIGNMENT (( #5837 ) ) ;
#8285 = VECTOR ( 'NONE', #9663, 1000.000000000000000 ) ;
#8286 = SURFACE_SIDE_STYLE ('',( #8344 ) ) ;
#8287 = SURFACE_STYLE_FILL_AREA ( #1793 ) ;
#8288 = DIRECTION ( 'NONE',  ( -0.000000000000000000, 1.000000000000000000, -0.000000000000000000 ) ) ;
#8289 =( GEOMETRIC_REPRESENTATION_CONTEXT ( 3 ) GLOBAL_UNCERTAINTY_ASSIGNED_CONTEXT ( ( #4306 ) ) GLOBAL_UNIT_ASSIGNED_CONTEXT ( ( #8938, #6653, #6088 ) ) REPRESENTATION_CONTEXT ( 'NONE', 'WORKASPACE' ) );
#8290 = EDGE_LOOP ( 'NONE', ( #9025, #1526, #4928, #2549, #8907, #2220 ) ) ;
#8291 = VECTOR ( 'NONE', #3294, 1000.000000000000000 ) ;
#8292 = VECTOR ( 'NONE', #8521, 1000.000000000000000 ) ;
#8293 = EDGE_LOOP ( 'NONE', ( #9007, #1204, #2854, #6146 ) ) ;
#8294 = DIRECTION ( 'NONE',  ( 1.000000000000000000, -0.000000000000000000, -0.000000000000000000 ) ) ;
#8295 = PRESENTATION_STYLE_ASSIGNMENT (( #5113 ) ) ;
#8296 = CARTESIAN_POINT ( 'NONE',  ( -0.7499999999999793499, -0.05000000000000000278, 1.599999999999999867 ) ) ;
#8297 = EDGE_CURVE ( 'NONE', #8851, #3731, #4349, .T. ) ;
#8298 =( LENGTH_UNIT ( ) NAMED_UNIT ( * ) SI_UNIT ( .MILLI., .METRE. ) );
#8299 = VERTEX_POINT ( 'NONE', #9130 ) ;
#8300 = ADVANCED_FACE ( 'NONE', ( #1972 ), #8368, .F. ) ;
#8301 = COLOUR_RGB ( '',0.7686274509803920907, 0.7686274509803920907, 0.7686274509803920907 ) ;
#8303 = VECTOR ( 'NONE', #3201, 1000.000000000000000 ) ;
#8302 = SURFACE_STYLE_USAGE ( .BOTH. , #1903 ) ;
#8304 = AXIS2_PLACEMENT_3D ( 'NONE', #5432, #8611, #5586 ) ;
#8305 = FACE_OUTER_BOUND ( 'NONE', #785, .T. ) ;
#8306 = FACE_OUTER_BOUND ( 'NONE', #8293, .T. ) ;
#8308 = FILL_AREA_STYLE_COLOUR ( '', #3641 ) ;
#8307 = AXIS2_PLACEMENT_3D ( 'NONE', #9876, #9677, #999 ) ;
#8309 = PRESENTATION_LAYER_ASSIGNMENT (  '', '', ( #3458 ) ) ;
#8310 = AXIS2_PLACEMENT_3D ( 'NONE', #9202, #5247, #5356 ) ;
#8311 = EDGE_CURVE ( 'NONE', #8053, #8209, #10219, .T. ) ;
#8312 = AXIS2_PLACEMENT_3D ( 'NONE', #5661, #64, #7183 ) ;
#8313 = PRESENTATION_STYLE_ASSIGNMENT (( #5962 ) ) ;
#8314 = SURFACE_STYLE_FILL_AREA ( #5124 ) ;
#8315 = DIRECTION ( 'NONE',  ( -0.000000000000000000, -1.000000000000000000, -0.000000000000000000 ) ) ;
#8316 = VERTEX_POINT ( 'NONE', #3130 ) ;
#8317 = FILL_AREA_STYLE_COLOUR ( '', #1308 ) ;
#8318 = CARTESIAN_POINT ( 'NONE',  ( 1.199999999999999289, -0.05000000000000000278, 0.3500000000000002554 ) ) ;
#8319 = AXIS2_PLACEMENT_3D ( 'NONE', #3920, #3013, #7102 ) ;
#8320 = DIRECTION ( 'NONE',  ( -0.000000000000000000, -0.000000000000000000, -1.000000000000000000 ) ) ;
#8321 = DIRECTION ( 'NONE',  ( 1.000000000000000000, -0.000000000000000000, 1.445602896647339656E-16 ) ) ;
#8322 = DIRECTION ( 'NONE',  ( 0.000000000000000000, 1.000000000000000000, 0.000000000000000000 ) ) ;
#8323 = EDGE_LOOP ( 'NONE', ( #5166, #7591, #2937, #4937 ) ) ;
#8324 = FILL_AREA_STYLE ('',( #1366 ) ) ;
#8325 = VECTOR ( 'NONE', #4056, 1000.000000000000000 ) ;
#8326 = SURFACE_STYLE_USAGE ( .BOTH. , #5041 ) ;
#8327 = PRESENTATION_LAYER_ASSIGNMENT (  '', '', ( #7311 ) ) ;
#8328 = ORIENTED_EDGE ( 'NONE', *, *, #416, .F. ) ;
#8329 = LINE ( 'NONE', #5723, #3993 ) ;
#8330 = PRESENTATION_STYLE_ASSIGNMENT (( #5149 ) ) ;
#8331 = DIRECTION ( 'NONE',  ( 0.000000000000000000, -1.000000000000000000, 0.000000000000000000 ) ) ;
#8332 = PLANE ( 'NONE',  #4670 ) ;
#8333 =( GEOMETRIC_REPRESENTATION_CONTEXT ( 3 ) GLOBAL_UNCERTAINTY_ASSIGNED_CONTEXT ( ( #10049 ) ) GLOBAL_UNIT_ASSIGNED_CONTEXT ( ( #7634, #558, #3786 ) ) REPRESENTATION_CONTEXT ( 'NONE', 'WORKASPACE' ) );
#8334 = VERTEX_POINT ( 'NONE', #2295 ) ;
#8335 = AXIS2_PLACEMENT_3D ( 'NONE', #2663, #1870, #6699 ) ;
#8336 = FILL_AREA_STYLE ('',( #8547 ) ) ;
#8337 = EDGE_CURVE ( 'NONE', #8299, #8051, #4126, .T. ) ;
#8338 = EDGE_CURVE ( 'NONE', #8741, #4893, #6274, .T. ) ;
#8339 =( LENGTH_UNIT ( ) NAMED_UNIT ( * ) SI_UNIT ( .MILLI., .METRE. ) );
#8340 = ORIENTED_EDGE ( 'NONE', *, *, #5736, .T. ) ;
#8341 = ORIENTED_EDGE ( 'NONE', *, *, #1450, .T. ) ;
#8342 = ORIENTED_EDGE ( 'NONE', *, *, #2484, .T. ) ;
#8343 = CARTESIAN_POINT ( 'NONE',  ( -0.09999999999997917499, -0.05000000000000000278, 1.649999999999999911 ) ) ;
#8344 = SURFACE_STYLE_FILL_AREA ( #8234 ) ;
#8345 = STYLED_ITEM ( 'NONE', ( #159 ), #4546 ) ;
#8346 = SURFACE_SIDE_STYLE ('',( #6840 ) ) ;
#8347 = ORIENTED_EDGE ( 'NONE', *, *, #549, .T. ) ;
#8348 = PRESENTATION_LAYER_ASSIGNMENT (  '', '', ( #5517 ) ) ;
#8349 = MECHANICAL_DESIGN_GEOMETRIC_PRESENTATION_REPRESENTATION (  '', ( #3002 ), #6030 ) ;
#8350 = AXIS2_PLACEMENT_3D ( 'NONE', #9684, #2482, #8067 ) ;
#8351 = ORIENTED_EDGE ( 'NONE', *, *, #8746, .F. ) ;
#8352 = FACE_OUTER_BOUND ( 'NONE', #720, .T. ) ;
#8353 = DIRECTION ( 'NONE',  ( 1.000000000000000000, 0.000000000000000000, 0.000000000000000000 ) ) ;
#8354 =( NAMED_UNIT ( * ) SI_UNIT ( $, .STERADIAN. ) SOLID_ANGLE_UNIT ( ) );
#8355 = EDGE_LOOP ( 'NONE', ( #4018, #6439, #6728, #1065 ) ) ;
#8356 = CIRCLE ( 'NONE', #3864, 0.04999999999999991257 ) ;
#8357 = SURFACE_SIDE_STYLE ('',( #2798 ) ) ;
#8358 = CARTESIAN_POINT ( 'NONE',  ( 1.200000000000004619, 0.000000000000000000, -0.3500000000000004774 ) ) ;
#8359 = FILL_AREA_STYLE_COLOUR ( '', #2691 ) ;
#8360 = MECHANICAL_DESIGN_GEOMETRIC_PRESENTATION_REPRESENTATION (  '', ( #4358 ), #6697 ) ;
#8361 = UNCERTAINTY_MEASURE_WITH_UNIT (LENGTH_MEASURE( 1.000000000000000082E-05 ), #5637, 'distance_accuracy_value', 'NONE');
#8362 = EDGE_CURVE ( 'NONE', #5263, #10324, #4, .T. ) ;
#8363 = VECTOR ( 'NONE', #10300, 1000.000000000000000 ) ;
#8364 = AXIS2_PLACEMENT_3D ( 'NONE', #5565, #7178, #6345 ) ;
#8365 = COLOUR_RGB ( '',0.7686274509803920907, 0.7686274509803920907, 0.7686274509803920907 ) ;
#8366 = PRESENTATION_LAYER_ASSIGNMENT (  '', '', ( #1675 ) ) ;
#8367 =( NAMED_UNIT ( * ) SI_UNIT ( $, .STERADIAN. ) SOLID_ANGLE_UNIT ( ) );
#8368 = PLANE ( 'NONE',  #3283 ) ;
#8369 = ORIENTED_EDGE ( 'NONE', *, *, #3964, .T. ) ;
#8370 = DIRECTION ( 'NONE',  ( -0.000000000000000000, 1.000000000000000000, -0.000000000000000000 ) ) ;
#8371 = MECHANICAL_DESIGN_GEOMETRIC_PRESENTATION_REPRESENTATION (  '', ( #6705 ), #9685 ) ;
#8372 =( GEOMETRIC_REPRESENTATION_CONTEXT ( 3 ) GLOBAL_UNCERTAINTY_ASSIGNED_CONTEXT ( ( #5058 ) ) GLOBAL_UNIT_ASSIGNED_CONTEXT ( ( #5399, #6919, #2078 ) ) REPRESENTATION_CONTEXT ( 'NONE', 'WORKASPACE' ) );
#8373 = CARTESIAN_POINT ( 'NONE',  ( 0.1000000000000208639, 0.1499999999999999944, 2.050000000000000266 ) ) ;
#8374 = EDGE_CURVE ( 'NONE', #4788, #9103, #3074, .T. ) ;
#8375 = VECTOR ( 'NONE', #6388, 1000.000000000000000 ) ;
#8376 = VECTOR ( 'NONE', #10157, 1000.000000000000000 ) ;
#8377 = CARTESIAN_POINT ( 'NONE',  ( -1.199999999999946443, -0.05000000000000000278, -1.599999999999999867 ) ) ;
#8378 = FILL_AREA_STYLE ('',( #5973 ) ) ;
#8379 = CARTESIAN_POINT ( 'NONE',  ( 1.999999999999997780, -0.05000000000000000278, 0.6999999999999999556 ) ) ;
#8380 = DIRECTION ( 'NONE',  ( -1.000000000000000000, 0.000000000000000000, 0.000000000000000000 ) ) ;
#8381 = ORIENTED_EDGE ( 'NONE', *, *, #5063, .T. ) ;
#8382 = VECTOR ( 'NONE', #2192, 1000.000000000000000 ) ;
#8383 = DIRECTION ( 'NONE',  ( -0.000000000000000000, -1.000000000000000000, 0.000000000000000000 ) ) ;
#8384 = PRESENTATION_LAYER_ASSIGNMENT (  '', '', ( #3866 ) ) ;
#8385 = ORIENTED_EDGE ( 'NONE', *, *, #7268, .F. ) ;
#8386 = UNCERTAINTY_MEASURE_WITH_UNIT (LENGTH_MEASURE( 1.000000000000000082E-05 ), #2521, 'distance_accuracy_value', 'NONE');
#8387 = LINE ( 'NONE', #1312, #104 ) ;
#8388 = DIRECTION ( 'NONE',  ( 0.000000000000000000, 0.000000000000000000, 1.000000000000000000 ) ) ;
#8389 =( LENGTH_UNIT ( ) NAMED_UNIT ( * ) SI_UNIT ( .MILLI., .METRE. ) );
#8390 = PLANE ( 'NONE',  #10184 ) ;
#8391 = VECTOR ( 'NONE', #8128, 1000.000000000000000 ) ;
#8392 = EDGE_LOOP ( 'NONE', ( #3869, #154, #9946, #6562, #8885, #9511 ) ) ;
#8393 = VERTEX_POINT ( 'NONE', #3239 ) ;
#8394 = ORIENTED_EDGE ( 'NONE', *, *, #6551, .T. ) ;
#8395 = ORIENTED_EDGE ( 'NONE', *, *, #3175, .F. ) ;
#8396 = UNCERTAINTY_MEASURE_WITH_UNIT (LENGTH_MEASURE( 1.000000000000000082E-05 ), #8646, 'distance_accuracy_value', 'NONE');
#8397 = LINE ( 'NONE', #2639, #5321 ) ;
#8398 = DIRECTION ( 'NONE',  ( 0.000000000000000000, 1.000000000000000000, 0.000000000000000000 ) ) ;
#8399 = EDGE_CURVE ( 'NONE', #6922, #9153, #5588, .T. ) ;
#8400 = CARTESIAN_POINT ( 'NONE',  ( 1.450000000000020606, -0.05000000000000000278, 1.649999999999966827 ) ) ;
#8401 = EDGE_CURVE ( 'NONE', #8604, #2404, #798, .T. ) ;
#8402 = ORIENTED_EDGE ( 'NONE', *, *, #9807, .T. ) ;
#8403 = ORIENTED_EDGE ( 'NONE', *, *, #10266, .T. ) ;
#8404 = DIRECTION ( 'NONE',  ( 1.000000000000000000, 0.000000000000000000, -0.000000000000000000 ) ) ;
#8405 = ORIENTED_EDGE ( 'NONE', *, *, #6584, .T. ) ;
#8406 = DIRECTION ( 'NONE',  ( -0.000000000000000000, 1.000000000000000000, -0.000000000000000000 ) ) ;
#8407 = SURFACE_STYLE_USAGE ( .BOTH. , #5905 ) ;
#8408 = VERTEX_POINT ( 'NONE', #7882 ) ;
#8409 = LINE ( 'NONE', #10006, #4348 ) ;
#8410 = CARTESIAN_POINT ( 'NONE',  ( 2.000000000000000000, 0.000000000000000000, 2.000000000000000000 ) ) ;
#8411 = LINE ( 'NONE', #2743, #5877 ) ;
#8412 = CARTESIAN_POINT ( 'NONE',  ( -0.6999999999999791944, 0.1499999999999999944, -2.000000000000000000 ) ) ;
#8413 = PLANE ( 'NONE',  #8485 ) ;
#8414 = DIRECTION ( 'NONE',  ( -0.000000000000000000, -0.000000000000000000, 1.000000000000000000 ) ) ;
#8415 = SURFACE_STYLE_USAGE ( .BOTH. , #6183 ) ;
#8416 = EDGE_LOOP ( 'NONE', ( #8561, #3266, #769, #3562 ) ) ;
#8417 = CARTESIAN_POINT ( 'NONE',  ( -0.09999999999997911948, 0.1499999999999999944, -2.050000000000000266 ) ) ;
#8418 = EDGE_CURVE ( 'NONE', #7129, #6402, #1586, .T. ) ;
#8419 = SURFACE_STYLE_FILL_AREA ( #2077 ) ;
#8420 = SURFACE_SIDE_STYLE ('',( #3675 ) ) ;
#8421 = CARTESIAN_POINT ( 'NONE',  ( -0.5500000000000041522, -0.05000000000000000278, 0.9499999999999995115 ) ) ;
#8422 =( NAMED_UNIT ( * ) SI_UNIT ( $, .STERADIAN. ) SOLID_ANGLE_UNIT ( ) );
#8423 = CARTESIAN_POINT ( 'NONE',  ( 1.150000000000021227, 0.000000000000000000, 1.649999999999966827 ) ) ;
#8424 = ORIENTED_EDGE ( 'NONE', *, *, #1344, .F. ) ;
#8425 = CARTESIAN_POINT ( 'NONE',  ( 0.1000000000000208639, -0.05000000000000000278, -2.000000000000000000 ) ) ;
#8426 = CARTESIAN_POINT ( 'NONE',  ( 0.8500000000000205169, -0.05000000000000000278, 1.599999999999999645 ) ) ;
#8427 =( LENGTH_UNIT ( ) NAMED_UNIT ( * ) SI_UNIT ( .MILLI., .METRE. ) );
#8428 = ORIENTED_EDGE ( 'NONE', *, *, #7218, .F. ) ;
#8429 = PRESENTATION_STYLE_ASSIGNMENT (( #5251 ) ) ;
#8430 = CARTESIAN_POINT ( 'NONE',  ( -0.6999999999999791944, 0.1499999999999999944, -2.050000000000000266 ) ) ;
#8431 = EDGE_CURVE ( 'NONE', #1425, #7660, #6231, .T. ) ;
#8432 = CARTESIAN_POINT ( 'NONE',  ( 2.050000000000000266, 0.1499999999999999944, 0.9000000000000002442 ) ) ;
#8433 = DIRECTION ( 'NONE',  ( 0.000000000000000000, 0.000000000000000000, 1.000000000000000000 ) ) ;
#8434 = EDGE_CURVE ( 'NONE', #1944, #3854, #743, .T. ) ;
#8435 = DIRECTION ( 'NONE',  ( 0.000000000000000000, 1.000000000000000000, 0.000000000000000000 ) ) ;
#8436 = LINE ( 'NONE', #5256, #1511 ) ;
#8437 = EDGE_LOOP ( 'NONE', ( #6489, #7535, #3908, #8750 ) ) ;
#8438 = FILL_AREA_STYLE ('',( #5258 ) ) ;
#8439 = DIRECTION ( 'NONE',  ( -0.000000000000000000, 1.000000000000000000, -0.000000000000000000 ) ) ;
#8440 = SURFACE_STYLE_FILL_AREA ( #9212 ) ;
#8441 = PLANE ( 'NONE',  #6206 ) ;
#8442 = SURFACE_SIDE_STYLE ('',( #2773 ) ) ;
#8443 = ORIENTED_EDGE ( 'NONE', *, *, #2484, .F. ) ;
#8444 = EDGE_CURVE ( 'NONE', #6594, #349, #4812, .T. ) ;
#8445 = ORIENTED_EDGE ( 'NONE', *, *, #3747, .T. ) ;
#8446 = CARTESIAN_POINT ( 'NONE',  ( 0.1000000000000208639, -1.355252715606880543E-17, 2.000000000000000000 ) ) ;
#8447 = AXIS2_PLACEMENT_3D ( 'NONE', #9256, #2099, #9310 ) ;
#8448 = VERTEX_POINT ( 'NONE', #7978 ) ;
#8449 = PRESENTATION_STYLE_ASSIGNMENT (( #7096 ) ) ;
#8450 = ORIENTED_EDGE ( 'NONE', *, *, #1439, .T. ) ;
#8451 = CARTESIAN_POINT ( 'NONE',  ( 1.249999999999998002, -0.05000000000000000278, 0.9000000000000000222 ) ) ;
#8452 = VERTEX_POINT ( 'NONE', #7769 ) ;
#8453 = LINE ( 'NONE', #5274, #2646 ) ;
#8454 = PLANE ( 'NONE',  #6973 ) ;
#8455 = SURFACE_SIDE_STYLE ('',( #2858 ) ) ;
#8456 =( LENGTH_UNIT ( ) NAMED_UNIT ( * ) SI_UNIT ( .MILLI., .METRE. ) );
#8457 = VECTOR ( 'NONE', #8148, 1000.000000000000000 ) ;
#8458 = VECTOR ( 'NONE', #3566, 1000.000000000000000 ) ;
#8459 = CIRCLE ( 'NONE', #1099, 0.2500000000000000000 ) ;
#8460 = CARTESIAN_POINT ( 'NONE',  ( 1.250000000000000888, -0.05000000000000000278, -0.1000000000000000888 ) ) ;
#8461 =( NAMED_UNIT ( * ) PLANE_ANGLE_UNIT ( ) SI_UNIT ( $, .RADIAN. ) );
#8462 = ADVANCED_FACE ( 'NONE', ( #3828 ), #9386, .F. ) ;
#8463 = EDGE_CURVE ( 'NONE', #10075, #1197, #2452, .T. ) ;
#8464 = CIRCLE ( 'NONE', #2766, 0.04999999999999991257 ) ;
#8465 = PRESENTATION_LAYER_ASSIGNMENT (  '', '', ( #9938 ) ) ;
#8466 =( GEOMETRIC_REPRESENTATION_CONTEXT ( 3 ) GLOBAL_UNCERTAINTY_ASSIGNED_CONTEXT ( ( #2712 ) ) GLOBAL_UNIT_ASSIGNED_CONTEXT ( ( #10320, #3126, #7011 ) ) REPRESENTATION_CONTEXT ( 'NONE', 'WORKASPACE' ) );
#8467 =( NAMED_UNIT ( * ) SI_UNIT ( $, .STERADIAN. ) SOLID_ANGLE_UNIT ( ) );
#8468 = DIRECTION ( 'NONE',  ( 0.000000000000000000, 0.000000000000000000, 1.000000000000000000 ) ) ;
#8469 = VERTEX_POINT ( 'NONE', #9790 ) ;
#8470 = DIRECTION ( 'NONE',  ( -1.000000000000000000, 0.000000000000000000, 0.000000000000000000 ) ) ;
#8471 = AXIS2_PLACEMENT_3D ( 'NONE', #6406, #10296, #1566 ) ;
#8472 = VERTEX_POINT ( 'NONE', #9028 ) ;
#8473 = CARTESIAN_POINT ( 'NONE',  ( 0.7000000000000209388, -0.05000000000000000278, 2.000000000000000000 ) ) ;
#8474 = FILL_AREA_STYLE ('',( #7684 ) ) ;
#8475 = VERTEX_POINT ( 'NONE', #1068 ) ;
#8476 = LINE ( 'NONE', #8425, #407 ) ;
#8477 = DIRECTION ( 'NONE',  ( 0.000000000000000000, -1.000000000000000000, 0.000000000000000000 ) ) ;
#8478 = VERTEX_POINT ( 'NONE', #8873 ) ;
#8479 = VECTOR ( 'NONE', #4368, 1000.000000000000000 ) ;
#8480 = UNCERTAINTY_MEASURE_WITH_UNIT (LENGTH_MEASURE( 1.000000000000000082E-05 ), #4801, 'distance_accuracy_value', 'NONE');
#8481 = STYLED_ITEM ( 'NONE', ( #10087 ), #923 ) ;
#8482 = VECTOR ( 'NONE', #9959, 1000.000000000000000 ) ;
#8483 = SURFACE_STYLE_FILL_AREA ( #2155 ) ;
#8484 = DIRECTION ( 'NONE',  ( 0.000000000000000000, 0.000000000000000000, 1.000000000000000000 ) ) ;
#8485 = AXIS2_PLACEMENT_3D ( 'NONE', #1240, #7673, #5484 ) ;
#8486 = VERTEX_POINT ( 'NONE', #3491 ) ;
#8487 = PRESENTATION_STYLE_ASSIGNMENT (( #9254 ) ) ;
#8488 = VECTOR ( 'NONE', #3322, 1000.000000000000000 ) ;
#8489 =( GEOMETRIC_REPRESENTATION_CONTEXT ( 3 ) GLOBAL_UNCERTAINTY_ASSIGNED_CONTEXT ( ( #7652 ) ) GLOBAL_UNIT_ASSIGNED_CONTEXT ( ( #1154, #8220, #3574 ) ) REPRESENTATION_CONTEXT ( 'NONE', 'WORKASPACE' ) );
#8490 = DIRECTION ( 'NONE',  ( 0.000000000000000000, 0.000000000000000000, 1.000000000000000000 ) ) ;
#8491 = EDGE_CURVE ( 'NONE', #4015, #854, #1740, .T. ) ;
#8492 = EDGE_CURVE ( 'NONE', #4267, #1332, #5631, .T. ) ;
#8493 =( GEOMETRIC_REPRESENTATION_CONTEXT ( 3 ) GLOBAL_UNCERTAINTY_ASSIGNED_CONTEXT ( ( #8896 ) ) GLOBAL_UNIT_ASSIGNED_CONTEXT ( ( #6851, #4440, #1955 ) ) REPRESENTATION_CONTEXT ( 'NONE', 'WORKASPACE' ) );
#8494 = ORIENTED_EDGE ( 'NONE', *, *, #4276, .T. ) ;
#8495 = VERTEX_POINT ( 'NONE', #8241 ) ;
#8496 = UNCERTAINTY_MEASURE_WITH_UNIT (LENGTH_MEASURE( 1.000000000000000082E-05 ), #6563, 'distance_accuracy_value', 'NONE');
#8497 = CARTESIAN_POINT ( 'NONE',  ( 2.050000000000000266, 0.1499999999999999944, -1.100000000000000089 ) ) ;
#8498 = STYLED_ITEM ( 'NONE', ( #2412 ), #1371 ) ;
#8499 = FILL_AREA_STYLE_COLOUR ( '', #9803 ) ;
#8500 = AXIS2_PLACEMENT_3D ( 'NONE', #1058, #6881, #4511 ) ;
#8501 = SURFACE_STYLE_USAGE ( .BOTH. , #3754 ) ;
#8502 = EDGE_CURVE ( 'NONE', #2608, #3366, #5015, .T. ) ;
#8503 = ORIENTED_EDGE ( 'NONE', *, *, #10164, .F. ) ;
#8504 = DIRECTION ( 'NONE',  ( 0.000000000000000000, 0.000000000000000000, -1.000000000000000000 ) ) ;
#8505 = COLOUR_RGB ( '',0.7686274509803920907, 0.7686274509803920907, 0.7686274509803920907 ) ;
#8506 = PRESENTATION_LAYER_ASSIGNMENT (  '', '', ( #10152 ) ) ;
#8507 = ORIENTED_EDGE ( 'NONE', *, *, #7260, .F. ) ;
#8508 = LINE ( 'NONE', #2118, #9291 ) ;
#8509 = PRESENTATION_LAYER_ASSIGNMENT (  '', '', ( #5839 ) ) ;
#8510 = ORIENTED_EDGE ( 'NONE', *, *, #5114, .T. ) ;
#8511 = DIRECTION ( 'NONE',  ( 0.000000000000000000, 0.000000000000000000, 1.000000000000000000 ) ) ;
#8512 = DIRECTION ( 'NONE',  ( 1.000000000000000000, 0.000000000000000000, -0.000000000000000000 ) ) ;
#8513 =( NAMED_UNIT ( * ) SI_UNIT ( $, .STERADIAN. ) SOLID_ANGLE_UNIT ( ) );
#8514 = FILL_AREA_STYLE_COLOUR ( '', #10138 ) ;
#8515 = MECHANICAL_DESIGN_GEOMETRIC_PRESENTATION_REPRESENTATION (  '', ( #6858 ), #4849 ) ;
#8516 = CIRCLE ( 'NONE', #5018, 0.05000000000000002359 ) ;
#8517 = STYLED_ITEM ( 'NONE', ( #1587 ), #4427 ) ;
#8518 = CARTESIAN_POINT ( 'NONE',  ( 2.000000000000000000, -0.05000000000000000278, 1.100000000000000089 ) ) ;
#8519 = VECTOR ( 'NONE', #2568, 1000.000000000000000 ) ;
#8520 = CARTESIAN_POINT ( 'NONE',  ( -0.4999999999999794054, 0.000000000000000000, -1.649999999999999467 ) ) ;
#8521 = DIRECTION ( 'NONE',  ( -0.000000000000000000, 1.000000000000000000, -0.000000000000000000 ) ) ;
#8522 = SURFACE_SIDE_STYLE ('',( #6751 ) ) ;
#8523 = DIRECTION ( 'NONE',  ( -0.000000000000000000, -0.000000000000000000, 1.000000000000000000 ) ) ;
#8524 = DIRECTION ( 'NONE',  ( 1.000000000000000000, -0.000000000000000000, 9.035018104045875625E-17 ) ) ;
#8525 = AXIS2_PLACEMENT_3D ( 'NONE', #5581, #6171, #735 ) ;
#8526 = ORIENTED_EDGE ( 'NONE', *, *, #5878, .T. ) ;
#8527 = PLANE ( 'NONE',  #3324 ) ;
#8528 = EDGE_CURVE ( 'NONE', #1220, #10324, #206, .T. ) ;
#8529 =( NAMED_UNIT ( * ) PLANE_ANGLE_UNIT ( ) SI_UNIT ( $, .RADIAN. ) );
#8530 = ADVANCED_FACE ( 'NONE', ( #4275 ), #4863, .F. ) ;
#8531 = VECTOR ( 'NONE', #10359, 1000.000000000000114 ) ;
#8532 = MECHANICAL_DESIGN_GEOMETRIC_PRESENTATION_REPRESENTATION (  '', ( #3888 ), #2536 ) ;
#8533 = CARTESIAN_POINT ( 'NONE',  ( -2.000000000000000000, -1.355252715606880543E-17, 1.249999999999999556 ) ) ;
#8534 = PRESENTATION_STYLE_ASSIGNMENT (( #7685 ) ) ;
#8535 = VERTEX_POINT ( 'NONE', #4954 ) ;
#8536 = DIRECTION ( 'NONE',  ( 0.000000000000000000, -1.000000000000000000, 0.000000000000000000 ) ) ;
#8537 = FILL_AREA_STYLE ('',( #2981 ) ) ;
#8538 = VERTEX_POINT ( 'NONE', #8296 ) ;
#8539 = AXIS2_PLACEMENT_3D ( 'NONE', #7929, #9545, #1650 ) ;
#8540 = SURFACE_SIDE_STYLE ('',( #6137 ) ) ;
#8541 = SURFACE_SIDE_STYLE ('',( #396 ) ) ;
#8542 = VECTOR ( 'NONE', #9754, 1000.000000000000000 ) ;
#8543 = PRESENTATION_STYLE_ASSIGNMENT (( #3047 ) ) ;
#8544 = MECHANICAL_DESIGN_GEOMETRIC_PRESENTATION_REPRESENTATION (  '', ( #2365 ), #8867 ) ;
#8545 = FILL_AREA_STYLE_COLOUR ( '', #10314 ) ;
#8546 = EDGE_LOOP ( 'NONE', ( #406, #5916, #6611, #3624, #5402, #1084 ) ) ;
#8547 = FILL_AREA_STYLE_COLOUR ( '', #1521 ) ;
#8548 = STYLED_ITEM ( 'NONE', ( #6588 ), #2580 ) ;
#8549 = LINE ( 'NONE', #4613, #8642 ) ;
#8550 = STYLED_ITEM ( 'NONE', ( #487 ), #5493 ) ;
#8551 = VERTEX_POINT ( 'NONE', #1232 ) ;
#8552 = ORIENTED_EDGE ( 'NONE', *, *, #4221, .T. ) ;
#8553 = CARTESIAN_POINT ( 'NONE',  ( 2.050000000000000266, -0.05000000000000000278, -1.100000000000000089 ) ) ;
#8554 = CARTESIAN_POINT ( 'NONE',  ( -0.7499999999999793499, -0.05000000000000000278, -1.599999999999999867 ) ) ;
#8555 = STYLED_ITEM ( 'NONE', ( #1691 ), #2983 ) ;
#8556 = DIRECTION ( 'NONE',  ( 0.000000000000000000, -0.000000000000000000, 1.000000000000000000 ) ) ;
#8557 = EDGE_CURVE ( 'NONE', #10243, #6761, #8464, .T. ) ;
#8558 = ORIENTED_EDGE ( 'NONE', *, *, #8078, .T. ) ;
#8559 = DIRECTION ( 'NONE',  ( 0.000000000000000000, 1.000000000000000000, 0.000000000000000000 ) ) ;
#8560 = CARTESIAN_POINT ( 'NONE',  ( -0.4999999999999942824, -0.05000000000000000278, -0.6500000000000001332 ) ) ;
#8561 = ORIENTED_EDGE ( 'NONE', *, *, #6538, .T. ) ;
#8562 = DIRECTION ( 'NONE',  ( 0.000000000000000000, 0.000000000000000000, 1.000000000000000000 ) ) ;
#8563 = FILL_AREA_STYLE_COLOUR ( '', #3653 ) ;
#8564 = FILL_AREA_STYLE ('',( #4639 ) ) ;
#8565 = ADVANCED_FACE ( 'NONE', ( #2903 ), #8454, .F. ) ;
#8566 = UNCERTAINTY_MEASURE_WITH_UNIT (LENGTH_MEASURE( 1.000000000000000082E-05 ), #7457, 'distance_accuracy_value', 'NONE');
#8567 = CARTESIAN_POINT ( 'NONE',  ( -1.999999999999994449, -0.05000000000000000278, -0.7000000000000005107 ) ) ;
#8568 = DIRECTION ( 'NONE',  ( 0.000000000000000000, 0.000000000000000000, -1.000000000000000000 ) ) ;
#8569 = DIRECTION ( 'NONE',  ( 1.000000000000000000, 0.000000000000000000, -0.000000000000000000 ) ) ;
#8570 = FACE_OUTER_BOUND ( 'NONE', #6907, .T. ) ;
#8571 = VERTEX_POINT ( 'NONE', #4397 ) ;
#8572 = DIRECTION ( 'NONE',  ( 0.000000000000000000, 0.000000000000000000, 1.000000000000000000 ) ) ;
#8573 = FILL_AREA_STYLE ('',( #7774 ) ) ;
#8574 = LINE ( 'NONE', #4658, #8709 ) ;
#8575 =( NAMED_UNIT ( * ) SI_UNIT ( $, .STERADIAN. ) SOLID_ANGLE_UNIT ( ) );
#8576 = VERTEX_POINT ( 'NONE', #9944 ) ;
#8577 = EDGE_CURVE ( 'NONE', #7067, #5374, #9845, .T. ) ;
#8578 = DIRECTION ( 'NONE',  ( 0.000000000000000000, 0.000000000000000000, -1.000000000000000000 ) ) ;
#8579 = LINE ( 'NONE', #511, #3957 ) ;
#8580 = CYLINDRICAL_SURFACE ( 'NONE', #8500, 0.04999999999999996808 ) ;
#8581 = VERTEX_POINT ( 'NONE', #2064 ) ;
#8582 = UNCERTAINTY_MEASURE_WITH_UNIT (LENGTH_MEASURE( 1.000000000000000082E-05 ), #4300, 'distance_accuracy_value', 'NONE');
#8583 = CARTESIAN_POINT ( 'NONE',  ( 0.7000000000000209388, -0.05000000000000000278, 1.649999999999999911 ) ) ;
#8584 = LINE ( 'NONE', #2988, #7327 ) ;
#8585 = CARTESIAN_POINT ( 'NONE',  ( 2.000000000000000000, -1.355252715606880543E-17, -0.6999999999999998446 ) ) ;
#8586 = ORIENTED_EDGE ( 'NONE', *, *, #2401, .F. ) ;
#8587 = FILL_AREA_STYLE_COLOUR ( '', #5373 ) ;
#8588 = LINE ( 'NONE', #5602, #1350 ) ;
#8589 = FACE_OUTER_BOUND ( 'NONE', #6191, .T. ) ;
#8590 =( NAMED_UNIT ( * ) PLANE_ANGLE_UNIT ( ) SI_UNIT ( $, .RADIAN. ) );
#8591 = ORIENTED_EDGE ( 'NONE', *, *, #4037, .T. ) ;
#8592 = ADVANCED_FACE ( 'NONE', ( #1957 ), #3597, .F. ) ;
#8593 = EDGE_CURVE ( 'NONE', #8065, #5116, #1115, .T. ) ;
#8594 = ORIENTED_EDGE ( 'NONE', *, *, #3383, .F. ) ;
#8595 = UNCERTAINTY_MEASURE_WITH_UNIT (LENGTH_MEASURE( 1.000000000000000082E-05 ), #2703, 'distance_accuracy_value', 'NONE');
#8596 = CARTESIAN_POINT ( 'NONE',  ( -1.400000000000012124, 0.000000000000000000, 1.599999999999999867 ) ) ;
#8597 = ORIENTED_EDGE ( 'NONE', *, *, #2835, .T. ) ;
#8598 = PRESENTATION_STYLE_ASSIGNMENT (( #725 ) ) ;
#8599 =( NAMED_UNIT ( * ) SI_UNIT ( $, .STERADIAN. ) SOLID_ANGLE_UNIT ( ) );
#8600 = SURFACE_SIDE_STYLE ('',( #6110 ) ) ;
#8601 = ORIENTED_EDGE ( 'NONE', *, *, #5935, .F. ) ;
#8602 = DIRECTION ( 'NONE',  ( -0.000000000000000000, 1.000000000000000000, -0.000000000000000000 ) ) ;
#8603 = CARTESIAN_POINT ( 'NONE',  ( -2.000000000000000000, -0.05000000000000000278, 0.1499999999999995226 ) ) ;
#8604 = VERTEX_POINT ( 'NONE', #4165 ) ;
#8605 = SURFACE_SIDE_STYLE ('',( #4635 ) ) ;
#8606 =( LENGTH_UNIT ( ) NAMED_UNIT ( * ) SI_UNIT ( .MILLI., .METRE. ) );
#8607 = FACE_OUTER_BOUND ( 'NONE', #6501, .T. ) ;
#8608 = AXIS2_PLACEMENT_3D ( 'NONE', #7854, #1611, #1520 ) ;
#8609 = LINE ( 'NONE', #9482, #2123 ) ;
#8610 = LINE ( 'NONE', #7065, #8037 ) ;
#8611 = DIRECTION ( 'NONE',  ( -0.000000000000000000, 0.000000000000000000, -1.000000000000000000 ) ) ;
#8612 = EDGE_CURVE ( 'NONE', #9224, #1049, #6608, .T. ) ;
#8613 = SURFACE_STYLE_FILL_AREA ( #3073 ) ;
#8614 = FILL_AREA_STYLE ('',( #3029 ) ) ;
#8615 =( LENGTH_UNIT ( ) NAMED_UNIT ( * ) SI_UNIT ( .MILLI., .METRE. ) );
#8616 = VERTEX_POINT ( 'NONE', #3368 ) ;
#8617 = VECTOR ( 'NONE', #8322, 1000.000000000000000 ) ;
#8618 = DIRECTION ( 'NONE',  ( 0.000000000000000000, -1.000000000000000000, 0.000000000000000000 ) ) ;
#8619 = VECTOR ( 'NONE', #6965, 1000.000000000000000 ) ;
#8620 = CARTESIAN_POINT ( 'NONE',  ( -0.5499999999999946043, 0.000000000000000000, -0.7000000000000005107 ) ) ;
#8621 = AXIS2_PLACEMENT_3D ( 'NONE', #8202, #7365, #7253 ) ;
#8622 = DIRECTION ( 'NONE',  ( 0.000000000000000000, -1.000000000000000000, 0.000000000000000000 ) ) ;
#8623 = ORIENTED_EDGE ( 'NONE', *, *, #7767, .T. ) ;
#8624 = DIRECTION ( 'NONE',  ( 0.000000000000000000, 0.000000000000000000, 1.000000000000000000 ) ) ;
#8625 = LINE ( 'NONE', #5556, #10292 ) ;
#8626 = FILL_AREA_STYLE ('',( #609 ) ) ;
#8627 = EDGE_LOOP ( 'NONE', ( #4720, #628, #4382, #5925 ) ) ;
#8628 = DIRECTION ( 'NONE',  ( 1.000000000000000000, 0.000000000000000000, -0.000000000000000000 ) ) ;
#8629 = SURFACE_STYLE_FILL_AREA ( #5447 ) ;
#8630 = PRESENTATION_LAYER_ASSIGNMENT (  '', '', ( #7797 ) ) ;
#8631 = FILL_AREA_STYLE_COLOUR ( '', #3332 ) ;
#8632 = PRESENTATION_LAYER_ASSIGNMENT (  '', '', ( #4961 ) ) ;
#8633 = COLOUR_RGB ( '',1.000000000000000000, 1.000000000000000000, 1.000000000000000000 ) ;
#8634 = ORIENTED_EDGE ( 'NONE', *, *, #8337, .T. ) ;
#8635 =( NAMED_UNIT ( * ) PLANE_ANGLE_UNIT ( ) SI_UNIT ( $, .RADIAN. ) );
#8636 = DIRECTION ( 'NONE',  ( -0.000000000000000000, -1.000000000000000000, 0.000000000000000000 ) ) ;
#8637 = CARTESIAN_POINT ( 'NONE',  ( 2.050000000000000266, 0.1499999999999999944, 0.1000000000000000472 ) ) ;
#8638 =( NAMED_UNIT ( * ) SI_UNIT ( $, .STERADIAN. ) SOLID_ANGLE_UNIT ( ) );
#8639 = FILL_AREA_STYLE ('',( #10197 ) ) ;
#8640 = EDGE_LOOP ( 'NONE', ( #3141, #4724, #5976, #4988 ) ) ;
#8641 = PRESENTATION_LAYER_ASSIGNMENT (  '', '', ( #5638 ) ) ;
#8642 = VECTOR ( 'NONE', #7646, 1000.000000000000000 ) ;
#8643 = STYLED_ITEM ( 'NONE', ( #4303 ), #7609 ) ;
#8644 = PRESENTATION_LAYER_ASSIGNMENT (  '', '', ( #7297 ) ) ;
#8645 = ORIENTED_EDGE ( 'NONE', *, *, #8362, .T. ) ;
#8646 =( LENGTH_UNIT ( ) NAMED_UNIT ( * ) SI_UNIT ( .MILLI., .METRE. ) );
#8647 = CARTESIAN_POINT ( 'NONE',  ( -0.2999999999999792277, 0.1499999999999999944, 2.000000000000000000 ) ) ;
#8648 = ORIENTED_EDGE ( 'NONE', *, *, #8003, .F. ) ;
#8649 = DIRECTION ( 'NONE',  ( -1.000000000000000000, 0.000000000000000000, -1.183329228255495291E-13 ) ) ;
#8650 = DIRECTION ( 'NONE',  ( 1.000000000000000000, 0.000000000000000000, -0.000000000000000000 ) ) ;
#8651 = SURFACE_STYLE_FILL_AREA ( #9322 ) ;
#8652 = MECHANICAL_DESIGN_GEOMETRIC_PRESENTATION_REPRESENTATION (  '', ( #3480 ), #6996 ) ;
#8653 = EDGE_CURVE ( 'NONE', #9153, #7742, #2725, .T. ) ;
#8654 = VECTOR ( 'NONE', #10257, 1000.000000000000000 ) ;
#8655 = EDGE_CURVE ( 'NONE', #1902, #1242, #4898, .T. ) ;
#8656 = ORIENTED_EDGE ( 'NONE', *, *, #8172, .F. ) ;
#8657 = DIRECTION ( 'NONE',  ( -0.000000000000000000, 1.000000000000000000, -0.000000000000000000 ) ) ;
#8658 = MECHANICAL_DESIGN_GEOMETRIC_PRESENTATION_REPRESENTATION (  '', ( #3473 ), #3826 ) ;
#8659 = DIRECTION ( 'NONE',  ( -0.000000000000000000, -0.000000000000000000, -1.000000000000000000 ) ) ;
#8660 = ORIENTED_EDGE ( 'NONE', *, *, #4332, .T. ) ;
#8661 = STYLED_ITEM ( 'NONE', ( #9672 ), #9495 ) ;
#8662 = DIRECTION ( 'NONE',  ( 0.000000000000000000, 0.000000000000000000, -1.000000000000000000 ) ) ;
#8663 = STYLED_ITEM ( 'NONE', ( #7323 ), #1159 ) ;
#8664 = LINE ( 'NONE', #9535, #6199 ) ;
#8665 =( NAMED_UNIT ( * ) SI_UNIT ( $, .STERADIAN. ) SOLID_ANGLE_UNIT ( ) );
#8666 = SURFACE_SIDE_STYLE ('',( #5478 ) ) ;
#8667 = AXIS2_PLACEMENT_3D ( 'NONE', #3730, #6915, #10068 ) ;
#8668 = FACE_OUTER_BOUND ( 'NONE', #2387, .T. ) ;
#8669 = SURFACE_STYLE_USAGE ( .BOTH. , #3927 ) ;
#8670 = DIRECTION ( 'NONE',  ( -0.000000000000000000, 1.000000000000000000, -0.000000000000000000 ) ) ;
#8671 = CARTESIAN_POINT ( 'NONE',  ( -0.3499999999999792166, -0.05000000000000000278, 1.599999999999999645 ) ) ;
#8672 = ORIENTED_EDGE ( 'NONE', *, *, #1288, .T. ) ;
#8673 = VECTOR ( 'NONE', #8943, 1000.000000000000000 ) ;
#8674 = STYLED_ITEM ( 'NONE', ( #2249 ), #1489 ) ;
#8675 = FACE_OUTER_BOUND ( 'NONE', #4865, .T. ) ;
#8676 = MECHANICAL_DESIGN_GEOMETRIC_PRESENTATION_REPRESENTATION (  '', ( #8345 ), #8830 ) ;
#8677 = EDGE_CURVE ( 'NONE', #1272, #9504, #3415, .T. ) ;
#8678 =( NAMED_UNIT ( * ) PLANE_ANGLE_UNIT ( ) SI_UNIT ( $, .RADIAN. ) );
#8679 = PRESENTATION_LAYER_ASSIGNMENT (  '', '', ( #2661 ) ) ;
#8680 = DIRECTION ( 'NONE',  ( -0.000000000000000000, 1.000000000000000000, -0.000000000000000000 ) ) ;
#8681 = CARTESIAN_POINT ( 'NONE',  ( 2.000000000000000000, 0.1500000000000000222, 0.3000000000000000444 ) ) ;
#8682 = VECTOR ( 'NONE', #3232, 1000.000000000000000 ) ;
#8683 = ORIENTED_EDGE ( 'NONE', *, *, #3466, .T. ) ;
#8684 = LINE ( 'NONE', #10278, #3328 ) ;
#8685 = DIRECTION ( 'NONE',  ( 0.000000000000000000, 0.000000000000000000, 1.000000000000000000 ) ) ;
#8686 = PLANE ( 'NONE',  #9814 ) ;
#8687 = EDGE_LOOP ( 'NONE', ( #1516, #5901, #660, #4482 ) ) ;
#8688 = UNCERTAINTY_MEASURE_WITH_UNIT (LENGTH_MEASURE( 1.000000000000000082E-05 ), #168, 'distance_accuracy_value', 'NONE');
#8689 = DIRECTION ( 'NONE',  ( 1.000000000000000000, -0.000000000000000000, -0.000000000000000000 ) ) ;
#8690 = EDGE_CURVE ( 'NONE', #3915, #6922, #935, .T. ) ;
#8691 = AXIS2_PLACEMENT_3D ( 'NONE', #7733, #10071, #8572 ) ;
#8692 = AXIS2_PLACEMENT_3D ( 'NONE', #1214, #8331, #1156 ) ;
#8693 = SURFACE_SIDE_STYLE ('',( #2316 ) ) ;
#8694 =( GEOMETRIC_REPRESENTATION_CONTEXT ( 3 ) GLOBAL_UNCERTAINTY_ASSIGNED_CONTEXT ( ( #10339 ) ) GLOBAL_UNIT_ASSIGNED_CONTEXT ( ( #9993, #6783, #9221 ) ) REPRESENTATION_CONTEXT ( 'NONE', 'WORKASPACE' ) );
#8695 = VECTOR ( 'NONE', #7906, 1000.000000000000000 ) ;
#8696 = ORIENTED_EDGE ( 'NONE', *, *, #1636, .T. ) ;
#8697 = SURFACE_SIDE_STYLE ('',( #5714 ) ) ;
#8698 = ORIENTED_EDGE ( 'NONE', *, *, #4026, .F. ) ;
#8699 = MECHANICAL_DESIGN_GEOMETRIC_PRESENTATION_REPRESENTATION (  '', ( #4366 ), #5538 ) ;
#8700 = COLOUR_RGB ( '',0.7686274509803920907, 0.7686274509803920907, 0.7686274509803920907 ) ;
#8701 = ORIENTED_EDGE ( 'NONE', *, *, #1036, .T. ) ;
#8702 = PRESENTATION_STYLE_ASSIGNMENT (( #9669 ) ) ;
#8703 = EDGE_CURVE ( 'NONE', #6753, #2787, #8277, .T. ) ;
#8704 = ORIENTED_EDGE ( 'NONE', *, *, #34, .T. ) ;
#8705 = CARTESIAN_POINT ( 'NONE',  ( 1.199999999999999289, 0.000000000000000000, 0.4499999999999995670 ) ) ;
#8706 = SURFACE_STYLE_FILL_AREA ( #4785 ) ;
#8707 = CARTESIAN_POINT ( 'NONE',  ( 1.249999999999996669, -0.05000000000000000278, 1.100000000000000089 ) ) ;
#8708 = VECTOR ( 'NONE', #1244, 1000.000000000000000 ) ;
#8709 = VECTOR ( 'NONE', #3138, 1000.000000000000000 ) ;
#8710 = ORIENTED_EDGE ( 'NONE', *, *, #6878, .F. ) ;
#8711 = COLOUR_RGB ( '',0.7686274509803920907, 0.7686274509803920907, 0.7686274509803920907 ) ;
#8712 = PRESENTATION_STYLE_ASSIGNMENT (( #2428 ) ) ;
#8713 = FACE_OUTER_BOUND ( 'NONE', #9548, .T. ) ;
#8714 = SURFACE_SIDE_STYLE ('',( #5532 ) ) ;
#8715 = ORIENTED_EDGE ( 'NONE', *, *, #3907, .F. ) ;
#8716 = EDGE_CURVE ( 'NONE', #8551, #2672, #5313, .T. ) ;
#8717 = CARTESIAN_POINT ( 'NONE',  ( 0.7000000000000209388, 0.1499999999999999944, 2.000000000000000000 ) ) ;
#8718 = VECTOR ( 'NONE', #5022, 1000.000000000000000 ) ;
#8719 = SURFACE_STYLE_FILL_AREA ( #4942 ) ;
#8720 = EDGE_CURVE ( 'NONE', #3250, #5138, #238, .T. ) ;
#8721 = DIRECTION ( 'NONE',  ( -0.000000000000000000, 1.000000000000000000, -0.000000000000000000 ) ) ;
#8722 = CIRCLE ( 'NONE', #5552, 0.04999999999996716793 ) ;
#8723 = CARTESIAN_POINT ( 'NONE',  ( -2.000000000000000000, 0.1499999999999999944, 0.1499999999999995226 ) ) ;
#8724 = LINE ( 'NONE', #5542, #7798 ) ;
#8725 = CARTESIAN_POINT ( 'NONE',  ( 2.000000000000012879, -0.05000000000000000278, -1.300000000000000266 ) ) ;
#8726 = CARTESIAN_POINT ( 'NONE',  ( 2.050000000000000266, 0.000000000000000000, 0.000000000000000000 ) ) ;
#8727 =( NAMED_UNIT ( * ) SI_UNIT ( $, .STERADIAN. ) SOLID_ANGLE_UNIT ( ) );
#8728 = ADVANCED_FACE ( 'NONE', ( #6665 ), #7277, .F. ) ;
#8729 = ORIENTED_EDGE ( 'NONE', *, *, #9537, .F. ) ;
#8730 = FILL_AREA_STYLE_COLOUR ( '', #9481 ) ;
#8731 =( LENGTH_UNIT ( ) NAMED_UNIT ( * ) SI_UNIT ( .MILLI., .METRE. ) );
#8732 = DIRECTION ( 'NONE',  ( -0.000000000000000000, 1.000000000000000000, -0.000000000000000000 ) ) ;
#8733 = CYLINDRICAL_SURFACE ( 'NONE', #7052, 0.04999999999996716793 ) ;
#8734 = CARTESIAN_POINT ( 'NONE',  ( -1.449999999999976419, 0.000000000000000000, 1.999999999999999112 ) ) ;
#8735 = ORIENTED_EDGE ( 'NONE', *, *, #700, .F. ) ;
#8736 = FILL_AREA_STYLE ('',( #5555 ) ) ;
#8737 = CARTESIAN_POINT ( 'NONE',  ( -2.000000000000000000, 0.000000000000000000, -2.000000000000000000 ) ) ;
#8738 = VERTEX_POINT ( 'NONE', #1051 ) ;
#8739 = FILL_AREA_STYLE ('',( #3148 ) ) ;
#8740 = SURFACE_STYLE_USAGE ( .BOTH. , #8693 ) ;
#8741 = VERTEX_POINT ( 'NONE', #8171 ) ;
#8742 =( LENGTH_UNIT ( ) NAMED_UNIT ( * ) SI_UNIT ( .MILLI., .METRE. ) );
#8743 = FACE_OUTER_BOUND ( 'NONE', #9617, .T. ) ;
#8744 = SURFACE_SIDE_STYLE ('',( #2463 ) ) ;
#8745 = ORIENTED_EDGE ( 'NONE', *, *, #6749, .T. ) ;
#8746 = EDGE_CURVE ( 'NONE', #854, #6445, #4222, .T. ) ;
#8747 = EDGE_CURVE ( 'NONE', #7421, #7067, #4939, .T. ) ;
#8748 = ORIENTED_EDGE ( 'NONE', *, *, #9765, .T. ) ;
#8749 = DIRECTION ( 'NONE',  ( -0.000000000000000000, -1.000000000000000000, -0.000000000000000000 ) ) ;
#8750 = ORIENTED_EDGE ( 'NONE', *, *, #7335, .T. ) ;
#8751 = SURFACE_STYLE_USAGE ( .BOTH. , #6448 ) ;
#8752 =( NAMED_UNIT ( * ) PLANE_ANGLE_UNIT ( ) SI_UNIT ( $, .RADIAN. ) );
#8753 = SURFACE_STYLE_FILL_AREA ( #3226 ) ;
#8754 = ORIENTED_EDGE ( 'NONE', *, *, #8577, .T. ) ;
#8755 = EDGE_CURVE ( 'NONE', #3760, #9666, #4264, .T. ) ;
#8756 = CARTESIAN_POINT ( 'NONE',  ( -0.4500000000000122236, -0.05000000000000000278, -1.649999999999967049 ) ) ;
#8757 = DIRECTION ( 'NONE',  ( 0.000000000000000000, -1.000000000000000000, -1.355252715606880049E-16 ) ) ;
#8758 = ORIENTED_EDGE ( 'NONE', *, *, #370, .T. ) ;
#8759 = LINE ( 'NONE', #7967, #3187 ) ;
#8760 = LINE ( 'NONE', #2344, #7301 ) ;
#8761 = DIRECTION ( 'NONE',  ( 1.000000000000000000, 0.000000000000000000, 0.000000000000000000 ) ) ;
#8762 = LINE ( 'NONE', #4806, #2541 ) ;
#8763 = CARTESIAN_POINT ( 'NONE',  ( 0.5000000000000208722, 0.000000000000000000, 1.999999999999999556 ) ) ;
#8764 = SURFACE_STYLE_FILL_AREA ( #10220 ) ;
#8765 = ORIENTED_EDGE ( 'NONE', *, *, #9101, .T. ) ;
#8766 = FILL_AREA_STYLE ('',( #9491 ) ) ;
#8767 = STYLED_ITEM ( 'NONE', ( #464 ), #6482 ) ;
#8768 = ADVANCED_FACE ( 'NONE', ( #5608 ), #8846, .F. ) ;
#8769 = ADVANCED_FACE ( 'NONE', ( #4781 ), #10355, .F. ) ;
#8770 = DIRECTION ( 'NONE',  ( 0.000000000000000000, 0.000000000000000000, -1.000000000000000000 ) ) ;
#8771 = PRESENTATION_STYLE_ASSIGNMENT (( #5595 ) ) ;
#8772 = VERTEX_POINT ( 'NONE', #9462 ) ;
#8773 = SURFACE_STYLE_FILL_AREA ( #8736 ) ;
#8774 = STYLED_ITEM ( 'NONE', ( #8534 ), #6720 ) ;
#8775 = CARTESIAN_POINT ( 'NONE',  ( -0.09999999999997917499, -0.05000000000000000278, -1.649999999999999911 ) ) ;
#8776 = FACE_OUTER_BOUND ( 'NONE', #5744, .T. ) ;
#8777 = ORIENTED_EDGE ( 'NONE', *, *, #9024, .T. ) ;
#8778 = UNCERTAINTY_MEASURE_WITH_UNIT (LENGTH_MEASURE( 1.000000000000000082E-05 ), #4926, 'distance_accuracy_value', 'NONE');
#8779 = VECTOR ( 'NONE', #3940, 1000.000000000000000 ) ;
#8780 = VECTOR ( 'NONE', #3733, 1000.000000000000000 ) ;
#8781 = STYLED_ITEM ( 'NONE', ( #8313 ), #7071 ) ;
#8782 = VERTEX_POINT ( 'NONE', #8647 ) ;
#8783 = PRESENTATION_LAYER_ASSIGNMENT (  '', '', ( #4795 ) ) ;
#8784 =( NAMED_UNIT ( * ) SI_UNIT ( $, .STERADIAN. ) SOLID_ANGLE_UNIT ( ) );
#8785 =( LENGTH_UNIT ( ) NAMED_UNIT ( * ) SI_UNIT ( .MILLI., .METRE. ) );
#8786 = ORIENTED_EDGE ( 'NONE', *, *, #824, .T. ) ;
#8787 = ORIENTED_EDGE ( 'NONE', *, *, #1673, .F. ) ;
#8788 = VECTOR ( 'NONE', #8072, 1000.000000000000000 ) ;
#8789 =( GEOMETRIC_REPRESENTATION_CONTEXT ( 3 ) GLOBAL_UNCERTAINTY_ASSIGNED_CONTEXT ( ( #3563 ) ) GLOBAL_UNIT_ASSIGNED_CONTEXT ( ( #5902, #5112, #730 ) ) REPRESENTATION_CONTEXT ( 'NONE', 'WORKASPACE' ) );
#8790 = SURFACE_STYLE_FILL_AREA ( #9610 ) ;
#8791 = VERTEX_POINT ( 'NONE', #5668 ) ;
#8792 = LINE ( 'NONE', #4214, #2357 ) ;
#8793 = LINE ( 'NONE', #6172, #7833 ) ;
#8794 = VECTOR ( 'NONE', #3065, 1000.000000000000000 ) ;
#8795 = FACE_OUTER_BOUND ( 'NONE', #129, .T. ) ;
#8796 = ORIENTED_EDGE ( 'NONE', *, *, #5719, .T. ) ;
#8797 = DIRECTION ( 'NONE',  ( 1.000000000000000000, 0.000000000000000000, 0.000000000000000000 ) ) ;
#8798 = ADVANCED_FACE ( 'NONE', ( #4838 ), #874, .T. ) ;
#8799 = VECTOR ( 'NONE', #1888, 1000.000000000000000 ) ;
#8800 = AXIS2_PLACEMENT_3D ( 'NONE', #8567, #4588, #2244 ) ;
#8801 = MECHANICAL_DESIGN_GEOMETRIC_PRESENTATION_REPRESENTATION (  '', ( #1606 ), #3820 ) ;
#8802 =( NAMED_UNIT ( * ) SI_UNIT ( $, .STERADIAN. ) SOLID_ANGLE_UNIT ( ) );
#8803 = COLOUR_RGB ( '',0.7686274509803920907, 0.7686274509803920907, 0.7686274509803920907 ) ;
#8804 = SURFACE_STYLE_USAGE ( .BOTH. , #7963 ) ;
#8805 = ORIENTED_EDGE ( 'NONE', *, *, #10042, .F. ) ;
#8806 = CARTESIAN_POINT ( 'NONE',  ( -0.8500000000000124123, -0.05000000000000000278, 1.649999999999967049 ) ) ;
#8807 = FACE_OUTER_BOUND ( 'NONE', #8687, .T. ) ;
#8808 = PRESENTATION_LAYER_ASSIGNMENT (  '', '', ( #4478 ) ) ;
#8809 = ADVANCED_FACE ( 'NONE', ( #8898 ), #1776, .F. ) ;
#8810 =( NAMED_UNIT ( * ) SI_UNIT ( $, .STERADIAN. ) SOLID_ANGLE_UNIT ( ) );
#8811 = CIRCLE ( 'NONE', #3477, 0.04999999999996716793 ) ;
#8812 =( GEOMETRIC_REPRESENTATION_CONTEXT ( 3 ) GLOBAL_UNCERTAINTY_ASSIGNED_CONTEXT ( ( #3663 ) ) GLOBAL_UNIT_ASSIGNED_CONTEXT ( ( #583, #6909, #8665 ) ) REPRESENTATION_CONTEXT ( 'NONE', 'WORKASPACE' ) );
#8813 = COLOUR_RGB ( '',0.7686274509803920907, 0.7686274509803920907, 0.7686274509803920907 ) ;
#8814 = VECTOR ( 'NONE', #6967, 1000.000000000000000 ) ;
#8815 = DIRECTION ( 'NONE',  ( -1.000000000000000000, -0.000000000000000000, -0.000000000000000000 ) ) ;
#8816 =( LENGTH_UNIT ( ) NAMED_UNIT ( * ) SI_UNIT ( .MILLI., .METRE. ) );
#8817 = DIRECTION ( 'NONE',  ( -0.000000000000000000, 1.000000000000000000, -0.000000000000000000 ) ) ;
#8818 = ORIENTED_EDGE ( 'NONE', *, *, #2677, .T. ) ;
#8819 = DIRECTION ( 'NONE',  ( 0.000000000000000000, 0.000000000000000000, -1.000000000000000000 ) ) ;
#8820 = COLOUR_RGB ( '',0.7686274509803920907, 0.7686274509803920907, 0.7686274509803920907 ) ;
#8821 =( GEOMETRIC_REPRESENTATION_CONTEXT ( 3 ) GLOBAL_UNCERTAINTY_ASSIGNED_CONTEXT ( ( #627 ) ) GLOBAL_UNIT_ASSIGNED_CONTEXT ( ( #2216, #10036, #6969 ) ) REPRESENTATION_CONTEXT ( 'NONE', 'WORKASPACE' ) );
#8822 =( NAMED_UNIT ( * ) PLANE_ANGLE_UNIT ( ) SI_UNIT ( $, .RADIAN. ) );
#8823 = FILL_AREA_STYLE_COLOUR ( '', #4128 ) ;
#8824 = CYLINDRICAL_SURFACE ( 'NONE', #1357, 0.05000000000000012768 ) ;
#8825 = VECTOR ( 'NONE', #8578, 1000.000000000000000 ) ;
#8826 = SURFACE_STYLE_FILL_AREA ( #4084 ) ;
#8827 = PRESENTATION_LAYER_ASSIGNMENT (  '', '', ( #6672 ) ) ;
#8828 = CARTESIAN_POINT ( 'NONE',  ( -0.5500000000000003775, -0.05000000000000000278, -0.1500000000000004663 ) ) ;
#8829 = SURFACE_STYLE_USAGE ( .BOTH. , #2371 ) ;
#8830 =( GEOMETRIC_REPRESENTATION_CONTEXT ( 3 ) GLOBAL_UNCERTAINTY_ASSIGNED_CONTEXT ( ( #2927 ) ) GLOBAL_UNIT_ASSIGNED_CONTEXT ( ( #7448, #2591, #3281 ) ) REPRESENTATION_CONTEXT ( 'NONE', 'WORKASPACE' ) );
#8831 = EDGE_LOOP ( 'NONE', ( #9757, #2839, #9392, #9998, #2432, #3132 ) ) ;
#8832 = EDGE_CURVE ( 'NONE', #9049, #2059, #3460, .T. ) ;
#8833 = CARTESIAN_POINT ( 'NONE',  ( 1.200000000000004619, 0.000000000000000000, -0.4499999999999997891 ) ) ;
#8834 = ADVANCED_FACE ( 'NONE', ( #1717 ), #8221, .F. ) ;
#8835 = STYLED_ITEM ( 'NONE', ( #443 ), #9868 ) ;
#8836 = PRESENTATION_LAYER_ASSIGNMENT (  '', '', ( #3002 ) ) ;
#8837 = VERTEX_POINT ( 'NONE', #5724 ) ;
#8838 = DIRECTION ( 'NONE',  ( -1.000000000000000000, 0.000000000000000000, -0.000000000000000000 ) ) ;
#8839 = VECTOR ( 'NONE', #7917, 1000.000000000000000 ) ;
#8840 = CARTESIAN_POINT ( 'NONE',  ( -2.050000000000000266, 0.1499999999999999944, -0.7000000000000003997 ) ) ;
#8841 = SURFACE_STYLE_FILL_AREA ( #3300 ) ;
#8842 = VERTEX_POINT ( 'NONE', #2675 ) ;
#8843 = VERTEX_POINT ( 'NONE', #6658 ) ;
#8844 = PRESENTATION_LAYER_ASSIGNMENT (  '', '', ( #646 ) ) ;
#8845 = COLOUR_RGB ( '',0.7686274509803920907, 0.7686274509803920907, 0.7686274509803920907 ) ;
#8846 = PLANE ( 'NONE',  #8471 ) ;
#8847 = VERTEX_POINT ( 'NONE', #5883 ) ;
#8848 = VECTOR ( 'NONE', #9162, 1000.000000000000000 ) ;
#8849 = DIRECTION ( 'NONE',  ( 0.000000000000000000, 1.000000000000000000, 0.000000000000000000 ) ) ;
#8850 = DIRECTION ( 'NONE',  ( -0.000000000000000000, -1.000000000000000000, 0.000000000000000000 ) ) ;
#8851 = VERTEX_POINT ( 'NONE', #5090 ) ;
#8852 = MECHANICAL_DESIGN_GEOMETRIC_PRESENTATION_REPRESENTATION (  '', ( #3015 ), #845 ) ;
#8853 = AXIS2_PLACEMENT_3D ( 'NONE', #3803, #10207, #7710 ) ;
#8854 = DIRECTION ( 'NONE',  ( 1.000000000000000000, -0.000000000000000000, 1.445602896647340149E-16 ) ) ;
#8855 = VECTOR ( 'NONE', #7944, 1000.000000000000000 ) ;
#8856 = CIRCLE ( 'NONE', #8193, 0.04999999999996716793 ) ;
#8857 = PRESENTATION_LAYER_ASSIGNMENT (  '', '', ( #5863 ) ) ;
#8858 = ORIENTED_EDGE ( 'NONE', *, *, #8653, .T. ) ;
#8859 = DIRECTION ( 'NONE',  ( -1.000000000000000000, 0.000000000000000000, -1.445602896647339656E-16 ) ) ;
#8860 = DIRECTION ( 'NONE',  ( -0.000000000000000000, 1.000000000000000000, -0.000000000000000000 ) ) ;
#8861 = CARTESIAN_POINT ( 'NONE',  ( -1.199999999999946443, -0.05000000000000000278, 1.599999999999999867 ) ) ;
#8862 = ADVANCED_FACE ( 'NONE', ( #8102 ), #1313, .T. ) ;
#8863 = AXIS2_PLACEMENT_3D ( 'NONE', #9753, #5038, #1039 ) ;
#8864 = DIRECTION ( 'NONE',  ( -0.000000000000000000, 1.000000000000000000, -0.000000000000000000 ) ) ;
#8865 =( LENGTH_UNIT ( ) NAMED_UNIT ( * ) SI_UNIT ( .MILLI., .METRE. ) );
#8866 = PRESENTATION_LAYER_ASSIGNMENT (  '', '', ( #9526 ) ) ;
#8867 =( GEOMETRIC_REPRESENTATION_CONTEXT ( 3 ) GLOBAL_UNCERTAINTY_ASSIGNED_CONTEXT ( ( #5559 ) ) GLOBAL_UNIT_ASSIGNED_CONTEXT ( ( #5506, #712, #10234 ) ) REPRESENTATION_CONTEXT ( 'NONE', 'WORKASPACE' ) );
#8868 = PRESENTATION_LAYER_ASSIGNMENT (  '', '', ( #4035 ) ) ;
#8869 = SURFACE_STYLE_FILL_AREA ( #9630 ) ;
#8870 = CARTESIAN_POINT ( 'NONE',  ( 0.9000000000000208944, -0.05000000000000000278, 1.649999999999999911 ) ) ;
#8871 = MECHANICAL_DESIGN_GEOMETRIC_PRESENTATION_REPRESENTATION (  '', ( #10364 ), #4880 ) ;
#8872 = SURFACE_SIDE_STYLE ('',( #5692 ) ) ;
#8873 = CARTESIAN_POINT ( 'NONE',  ( 0.3000000000000206390, -0.05000000000000000278, -1.649999999999999911 ) ) ;
#8874 = EDGE_CURVE ( 'NONE', #2716, #1818, #3626, .T. ) ;
#8875 = DIRECTION ( 'NONE',  ( -1.000000000000000000, 0.000000000000000000, 0.000000000000000000 ) ) ;
#8876 = VERTEX_POINT ( 'NONE', #1254 ) ;
#8877 = EDGE_CURVE ( 'NONE', #5312, #5089, #5204, .T. ) ;
#8878 = SURFACE_STYLE_USAGE ( .BOTH. , #7359 ) ;
#8879 = MECHANICAL_DESIGN_GEOMETRIC_PRESENTATION_REPRESENTATION (  '', ( #9700 ), #6558 ) ;
#8880 = DIRECTION ( 'NONE',  ( -0.000000000000000000, 1.000000000000000000, -0.000000000000000000 ) ) ;
#8881 =( NAMED_UNIT ( * ) PLANE_ANGLE_UNIT ( ) SI_UNIT ( $, .RADIAN. ) );
#8882 = PRESENTATION_STYLE_ASSIGNMENT (( #5706 ) ) ;
#8883 = CARTESIAN_POINT ( 'NONE',  ( -2.050000000000000266, -0.05000000000000000278, 0.3999999999999995226 ) ) ;
#8884 = DIRECTION ( 'NONE',  ( 0.000000000000000000, 0.000000000000000000, 1.000000000000000000 ) ) ;
#8885 = ORIENTED_EDGE ( 'NONE', *, *, #9269, .T. ) ;
#8886 = UNCERTAINTY_MEASURE_WITH_UNIT (LENGTH_MEASURE( 1.000000000000000082E-05 ), #6994, 'distance_accuracy_value', 'NONE');
#8887 = SURFACE_STYLE_USAGE ( .BOTH. , #1820 ) ;
#8888 = DIRECTION ( 'NONE',  ( -0.000000000000000000, -0.000000000000000000, 1.000000000000000000 ) ) ;
#8889 = VERTEX_POINT ( 'NONE', #4423 ) ;
#8890 = DIRECTION ( 'NONE',  ( 0.000000000000000000, -1.000000000000000000, 0.000000000000000000 ) ) ;
#8891 = EDGE_CURVE ( 'NONE', #3221, #7259, #611, .T. ) ;
#8892 = SURFACE_SIDE_STYLE ('',( #8095 ) ) ;
#8893 = EDGE_LOOP ( 'NONE', ( #3487, #4689, #8188, #8959 ) ) ;
#8894 = FILL_AREA_STYLE ('',( #5720 ) ) ;
#8895 = ORIENTED_EDGE ( 'NONE', *, *, #2231, .F. ) ;
#8896 = UNCERTAINTY_MEASURE_WITH_UNIT (LENGTH_MEASURE( 1.000000000000000082E-05 ), #6851, 'distance_accuracy_value', 'NONE');
#8897 = DIRECTION ( 'NONE',  ( 1.000000000000000000, 0.000000000000000000, 0.000000000000000000 ) ) ;
#8898 = FACE_OUTER_BOUND ( 'NONE', #6344, .T. ) ;
#8899 = ORIENTED_EDGE ( 'NONE', *, *, #2895, .T. ) ;
#8900 = SURFACE_STYLE_FILL_AREA ( #4158 ) ;
#8901 = CARTESIAN_POINT ( 'NONE',  ( -0.8999999999999793721, -0.05000000000000000278, 1.649999999999999911 ) ) ;
#8902 = CARTESIAN_POINT ( 'NONE',  ( -0.3499999999999461875, -0.05000000000000000278, 1.649999999999967049 ) ) ;
#8903 = VERTEX_POINT ( 'NONE', #6971 ) ;
#8904 = DIRECTION ( 'NONE',  ( 0.000000000000000000, 0.000000000000000000, -1.000000000000000000 ) ) ;
#8905 = EDGE_CURVE ( 'NONE', #3518, #7994, #7539, .T. ) ;
#8906 = EDGE_CURVE ( 'NONE', #2833, #5239, #3979, .T. ) ;
#8907 = ORIENTED_EDGE ( 'NONE', *, *, #9084, .F. ) ;
#8908 = DIRECTION ( 'NONE',  ( 0.000000000000000000, 0.000000000000000000, 1.000000000000000000 ) ) ;
#8909 = PRESENTATION_STYLE_ASSIGNMENT (( #2342 ) ) ;
#8910 = DIRECTION ( 'NONE',  ( 0.000000000000000000, -1.000000000000000000, 0.000000000000000000 ) ) ;
#8911 = DIRECTION ( 'NONE',  ( 1.257674520082358417E-13, 0.000000000000000000, -1.000000000000000000 ) ) ;
#8912 = VERTEX_POINT ( 'NONE', #2764 ) ;
#8913 = CARTESIAN_POINT ( 'NONE',  ( -1.450000000000020828, 0.1499999999999999944, -2.050000000000000266 ) ) ;
#8914 = LINE ( 'NONE', #9026, #4465 ) ;
#8915 = CARTESIAN_POINT ( 'NONE',  ( -2.050000000000000266, -0.05000000000000000278, 1.249999999999999556 ) ) ;
#8916 = DIRECTION ( 'NONE',  ( 0.000000000000000000, 0.000000000000000000, -1.000000000000000000 ) ) ;
#8917 = CARTESIAN_POINT ( 'NONE',  ( 0.5000000000000208722, -0.05000000000000000278, -1.649999999999999911 ) ) ;
#8918 = ORIENTED_EDGE ( 'NONE', *, *, #6139, .F. ) ;
#8919 =( LENGTH_UNIT ( ) NAMED_UNIT ( * ) SI_UNIT ( .MILLI., .METRE. ) );
#8920 = DIRECTION ( 'NONE',  ( 0.000000000000000000, -1.000000000000000000, 0.000000000000000000 ) ) ;
#8921 = SURFACE_STYLE_USAGE ( .BOTH. , #8142 ) ;
#8922 = FILL_AREA_STYLE_COLOUR ( '', #5049 ) ;
#8923 = EDGE_CURVE ( 'NONE', #7717, #9415, #2217, .T. ) ;
#8924 = FILL_AREA_STYLE_COLOUR ( '', #2375 ) ;
#8925 = DIRECTION ( 'NONE',  ( 0.000000000000000000, 1.000000000000000000, 0.000000000000000000 ) ) ;
#8927 = VERTEX_POINT ( 'NONE', #5410 ) ;
#8926 = CARTESIAN_POINT ( 'NONE',  ( -0.8999999999999791500, 0.1499999999999999944, 2.050000000000000266 ) ) ;
#8928 = CARTESIAN_POINT ( 'NONE',  ( 1.200000000000004619, -0.05000000000000000278, -0.4499999999999997891 ) ) ;
#8929 = VERTEX_POINT ( 'NONE', #5298 ) ;
#8930 = DIRECTION ( 'NONE',  ( 0.000000000000000000, 0.000000000000000000, 1.000000000000000000 ) ) ;
#8931 = STYLED_ITEM ( 'NONE', ( #9514 ), #6581 ) ;
#8932 = EDGE_CURVE ( 'NONE', #8495, #1819, #9915, .T. ) ;
#8933 = ORIENTED_EDGE ( 'NONE', *, *, #8877, .F. ) ;
#8934 = FILL_AREA_STYLE_COLOUR ( '', #2363 ) ;
#8935 = FACE_OUTER_BOUND ( 'NONE', #7399, .T. ) ;
#8936 =( LENGTH_UNIT ( ) NAMED_UNIT ( * ) SI_UNIT ( .MILLI., .METRE. ) );
#8937 = VERTEX_POINT ( 'NONE', #1213 ) ;
#8938 =( LENGTH_UNIT ( ) NAMED_UNIT ( * ) SI_UNIT ( .MILLI., .METRE. ) );
#8939 = ORIENTED_EDGE ( 'NONE', *, *, #8755, .F. ) ;
#8940 = CARTESIAN_POINT ( 'NONE',  ( 2.000000000000000000, 1.000000000000000000, -2.000000000000000000 ) ) ;
#8941 = FILL_AREA_STYLE ('',( #3410 ) ) ;
#8942 = AXIS2_PLACEMENT_3D ( 'NONE', #3210, #6392, #7170 ) ;
#8943 = DIRECTION ( 'NONE',  ( -0.000000000000000000, 1.000000000000000000, -0.000000000000000000 ) ) ;
#8944 = LINE ( 'NONE', #5764, #9837 ) ;
#8945 = ORIENTED_EDGE ( 'NONE', *, *, #4276, .F. ) ;
#8946 = DIRECTION ( 'NONE',  ( 0.000000000000000000, 0.000000000000000000, 1.000000000000000000 ) ) ;
#8948 = MECHANICAL_DESIGN_GEOMETRIC_PRESENTATION_REPRESENTATION (  '', ( #6958 ), #8120 ) ;
#8947 = DIRECTION ( 'NONE',  ( 0.000000000000000000, 0.000000000000000000, -1.000000000000000000 ) ) ;
#8949 =( GEOMETRIC_REPRESENTATION_CONTEXT ( 3 ) GLOBAL_UNCERTAINTY_ASSIGNED_CONTEXT ( ( #7415 ) ) GLOBAL_UNIT_ASSIGNED_CONTEXT ( ( #894, #6580, #7294 ) ) REPRESENTATION_CONTEXT ( 'NONE', 'WORKASPACE' ) );
#8950 = MECHANICAL_DESIGN_GEOMETRIC_PRESENTATION_REPRESENTATION (  '', ( #4629 ), #70 ) ;
#8951 = VECTOR ( 'NONE', #4952, 1000.000000000000000 ) ;
#8952 = EDGE_LOOP ( 'NONE', ( #5780, #2237, #4568, #7435, #2539, #916 ) ) ;
#8953 = EDGE_CURVE ( 'NONE', #3223, #3492, #453, .T. ) ;
#8954 = EDGE_CURVE ( 'NONE', #7994, #7129, #2088, .T. ) ;
#8955 = MECHANICAL_DESIGN_GEOMETRIC_PRESENTATION_REPRESENTATION (  '', ( #7620 ), #4816 ) ;
#8956 = MECHANICAL_DESIGN_GEOMETRIC_PRESENTATION_REPRESENTATION (  '', ( #428 ), #7293 ) ;
#8957 = ORIENTED_EDGE ( 'NONE', *, *, #2929, .T. ) ;
#8958 = VECTOR ( 'NONE', #3500, 1000.000000000000000 ) ;
#8959 = ORIENTED_EDGE ( 'NONE', *, *, #6912, .T. ) ;
#8960 = DIRECTION ( 'NONE',  ( -0.000000000000000000, -0.000000000000000000, -1.000000000000000000 ) ) ;
#8961 = COLOUR_RGB ( '',0.7686274509803920907, 0.7686274509803920907, 0.7686274509803920907 ) ;
#8962 = LINE ( 'NONE', #9581, #10134 ) ;
#8963 = COLOUR_RGB ( '',0.7686274509803920907, 0.7686274509803920907, 0.7686274509803920907 ) ;
#8964 = VECTOR ( 'NONE', #8414, 1000.000000000000000 ) ;
#8965 = CARTESIAN_POINT ( 'NONE',  ( 0.9000000000000208944, -0.05000000000000000278, -2.050000000000000266 ) ) ;
#8966 = ORIENTED_EDGE ( 'NONE', *, *, #2914, .T. ) ;
#8967 = AXIS2_PLACEMENT_3D ( 'NONE', #382, #4549, #2708 ) ;
#8968 = LINE ( 'NONE', #9849, #634 ) ;
#8969 =( LENGTH_UNIT ( ) NAMED_UNIT ( * ) SI_UNIT ( .MILLI., .METRE. ) );
#8970 = VECTOR ( 'NONE', #2985, 1000.000000000000000 ) ;
#8971 = PRESENTATION_STYLE_ASSIGNMENT (( #2598 ) ) ;
#8972 = LINE ( 'NONE', #4133, #8718 ) ;
#8973 = VECTOR ( 'NONE', #1230, 1000.000000000000000 ) ;
#8974 = SURFACE_SIDE_STYLE ('',( #8205 ) ) ;
#8975 = DIRECTION ( 'NONE',  ( 0.000000000000000000, -0.000000000000000000, -1.000000000000000000 ) ) ;
#8976 = DIRECTION ( 'NONE',  ( -0.000000000000000000, 1.000000000000000000, -0.000000000000000000 ) ) ;
#8977 = ORIENTED_EDGE ( 'NONE', *, *, #7288, .T. ) ;
#8978 = DIRECTION ( 'NONE',  ( 0.000000000000000000, -0.000000000000000000, -1.000000000000000000 ) ) ;
#8979 = ORIENTED_EDGE ( 'NONE', *, *, #272, .F. ) ;
#8980 = VECTOR ( 'NONE', #7866, 1000.000000000000000 ) ;
#8981 = UNCERTAINTY_MEASURE_WITH_UNIT (LENGTH_MEASURE( 1.000000000000000082E-05 ), #680, 'distance_accuracy_value', 'NONE');
#8982 = COLOUR_RGB ( '',0.000000000000000000, 0.000000000000000000, 0.000000000000000000 ) ;
#8983 = SURFACE_STYLE_FILL_AREA ( #5917 ) ;
#8984 = ADVANCED_FACE ( 'NONE', ( #9251 ), #3741, .F. ) ;
#8985 = CARTESIAN_POINT ( 'NONE',  ( -2.000000000000000000, -0.05000000000000000278, -0.9500000000000005107 ) ) ;
#8986 = ORIENTED_EDGE ( 'NONE', *, *, #10004, .T. ) ;
#8987 = DIRECTION ( 'NONE',  ( -0.000000000000000000, -0.000000000000000000, -1.000000000000000000 ) ) ;
#8988 = VECTOR ( 'NONE', #9615, 1000.000000000000000 ) ;
#8989 = FACE_OUTER_BOUND ( 'NONE', #2588, .T. ) ;
#8990 = VECTOR ( 'NONE', #2369, 1000.000000000000000 ) ;
#8991 = VECTOR ( 'NONE', #7885, 1000.000000000000000 ) ;
#8992 = STYLED_ITEM ( 'NONE', ( #2749 ), #4285 ) ;
#8993 = ORIENTED_EDGE ( 'NONE', *, *, #4123, .F. ) ;
#8994 = DIRECTION ( 'NONE',  ( 0.000000000000000000, 1.355252715606880049E-16, -1.000000000000000000 ) ) ;
#8995 = EDGE_CURVE ( 'NONE', #9224, #5892, #7360, .T. ) ;
#8996 = ORIENTED_EDGE ( 'NONE', *, *, #9484, .F. ) ;
#8997 =( NAMED_UNIT ( * ) SI_UNIT ( $, .STERADIAN. ) SOLID_ANGLE_UNIT ( ) );
#8998 = PRESENTATION_STYLE_ASSIGNMENT (( #1881 ) ) ;
#8999 = SURFACE_SIDE_STYLE ('',( #7637 ) ) ;
#9000 = MECHANICAL_DESIGN_GEOMETRIC_PRESENTATION_REPRESENTATION (  '', ( #6343 ), #9334 ) ;
#9001 = CARTESIAN_POINT ( 'NONE',  ( 0.9000000000000208944, -0.05000000000000000278, -2.000000000000000000 ) ) ;
#9002 = CIRCLE ( 'NONE', #9335, 0.04999999999999995420 ) ;
#9003 = CARTESIAN_POINT ( 'NONE',  ( -1.999999999999988676, 0.000000000000000000, -0.9500000000000005107 ) ) ;
#9004 = ORIENTED_EDGE ( 'NONE', *, *, #9453, .T. ) ;
#9005 = FILL_AREA_STYLE ('',( #5886 ) ) ;
#9006 = LINE ( 'NONE', #6666, #734 ) ;
#9007 = ORIENTED_EDGE ( 'NONE', *, *, #2600, .T. ) ;
#9008 = PRESENTATION_LAYER_ASSIGNMENT (  '', '', ( #2668 ) ) ;
#9009 = STYLED_ITEM ( 'NONE', ( #3363 ), #1914 ) ;
#9010 = EDGE_CURVE ( 'NONE', #4261, #5245, #934, .T. ) ;
#9011 = ORIENTED_EDGE ( 'NONE', *, *, #5948, .T. ) ;
#9012 = AXIS2_PLACEMENT_3D ( 'NONE', #2543, #8910, #4944 ) ;
#9013 = VERTEX_POINT ( 'NONE', #5746 ) ;
#9014 = UNCERTAINTY_MEASURE_WITH_UNIT (LENGTH_MEASURE( 1.000000000000000082E-05 ), #7085, 'distance_accuracy_value', 'NONE');
#9015 = CARTESIAN_POINT ( 'NONE',  ( 2.050000000000000266, 0.1500000000000000222, 1.100000000000000089 ) ) ;
#9016 = FILL_AREA_STYLE ('',( #5002 ) ) ;
#9017 = SURFACE_SIDE_STYLE ('',( #3323 ) ) ;
#9018 = PRESENTATION_LAYER_ASSIGNMENT (  '', '', ( #4861 ) ) ;
#9019 = MECHANICAL_DESIGN_GEOMETRIC_PRESENTATION_REPRESENTATION (  '', ( #5202 ), #10011 ) ;
#9020 = EDGE_LOOP ( 'NONE', ( #8996, #7783, #361, #6789, #1668, #8895, #1588, #2519, #3580, #6114, #773, #9043, #1950, #6683, #2162, #2633, #4431, #4272, #4484, #6968, #1624, #7603, #6128, #4496, #209, #5564, #9928, #10123, #7583, #4442, #7101, #6312 ) ) ;
#9021 = COLOUR_RGB ( '',0.7686274509803920907, 0.7686274509803920907, 0.7686274509803920907 ) ;
#9022 = FACE_OUTER_BOUND ( 'NONE', #10242, .T. ) ;
#9023 = EDGE_CURVE ( 'NONE', #2949, #6133, #8, .T. ) ;
#9024 = EDGE_CURVE ( 'NONE', #5571, #5284, #8131, .T. ) ;
#9025 = ORIENTED_EDGE ( 'NONE', *, *, #2360, .T. ) ;
#9026 = CARTESIAN_POINT ( 'NONE',  ( -1.449999999999976419, -0.05000000000000000278, 1.999999999999999112 ) ) ;
#9027 = PRESENTATION_LAYER_ASSIGNMENT (  '', '', ( #7040 ) ) ;
#9028 = CARTESIAN_POINT ( 'NONE',  ( -0.5500000000000021538, -0.05000000000000000278, 0.6999999999999995115 ) ) ;
#9029 = AXIS2_PLACEMENT_3D ( 'NONE', #2079, #1245, #1920 ) ;
#9030 = CARTESIAN_POINT ( 'NONE',  ( 2.050000000000000266, 0.1499999999999999944, 0.9000000000000002442 ) ) ;
#9031 = ORIENTED_EDGE ( 'NONE', *, *, #4625, .F. ) ;
#9032 = FACE_OUTER_BOUND ( 'NONE', #204, .T. ) ;
#9033 =( NAMED_UNIT ( * ) PLANE_ANGLE_UNIT ( ) SI_UNIT ( $, .RADIAN. ) );
#9034 = CARTESIAN_POINT ( 'NONE',  ( 0.000000000000000000, 0.000000000000000000, -2.050000000000000266 ) ) ;
#9035 = CARTESIAN_POINT ( 'NONE',  ( -0.4500000000000122236, 0.000000000000000000, 1.599999999999999867 ) ) ;
#9036 = AXIS2_PLACEMENT_3D ( 'NONE', #3819, #5582, #8761 ) ;
#9037 = CARTESIAN_POINT ( 'NONE',  ( -0.5499999999999942712, 0.000000000000000000, -0.6500000000000004663 ) ) ;
#9038 = EDGE_CURVE ( 'NONE', #9983, #6778, #7291, .T. ) ;
#9039 = PRESENTATION_STYLE_ASSIGNMENT (( #4874 ) ) ;
#9040 = CARTESIAN_POINT ( 'NONE',  ( 1.150000000000021005, -0.05000000000000000278, -2.000000000000000000 ) ) ;
#9041 = FILL_AREA_STYLE ('',( #1869 ) ) ;
#9042 = FILL_AREA_STYLE ('',( #1079 ) ) ;
#9043 = ORIENTED_EDGE ( 'NONE', *, *, #8090, .T. ) ;
#9044 = MECHANICAL_DESIGN_GEOMETRIC_PRESENTATION_REPRESENTATION (  '', ( #2534 ), #509 ) ;
#9045 = LINE ( 'NONE', #8985, #5185 ) ;
#9046 = ORIENTED_EDGE ( 'NONE', *, *, #6234, .F. ) ;
#9047 = CARTESIAN_POINT ( 'NONE',  ( 1.200000000000000622, -0.05000000000000000278, -0.04999999999999973216 ) ) ;
#9048 = DIRECTION ( 'NONE',  ( 0.000000000000000000, -1.000000000000000000, 0.000000000000000000 ) ) ;
#9049 = VERTEX_POINT ( 'NONE', #6479 ) ;
#9050 = ORIENTED_EDGE ( 'NONE', *, *, #3159, .F. ) ;
#9051 = FILL_AREA_STYLE ('',( #8100 ) ) ;
#9052 = DIRECTION ( 'NONE',  ( 0.000000000000000000, 1.355252715606880049E-16, -1.000000000000000000 ) ) ;
#9053 = SURFACE_STYLE_USAGE ( .BOTH. , #5824 ) ;
#9054 = FACE_OUTER_BOUND ( 'NONE', #374, .T. ) ;
#9055 = DIRECTION ( 'NONE',  ( 1.000000000000000000, 0.000000000000000000, 0.000000000000000000 ) ) ;
#9056 = ORIENTED_EDGE ( 'NONE', *, *, #9894, .T. ) ;
#9057 =( LENGTH_UNIT ( ) NAMED_UNIT ( * ) SI_UNIT ( .MILLI., .METRE. ) );
#9058 = CARTESIAN_POINT ( 'NONE',  ( 2.050000000000000266, 0.1500000000000000222, 0.3000000000000000444 ) ) ;
#9059 = CARTESIAN_POINT ( 'NONE',  ( 0.3000000000000209166, 0.1499999999999999944, -2.050000000000000266 ) ) ;
#9060 = ADVANCED_FACE ( 'NONE', ( #6537 ), #2594, .F. ) ;
#9061 = PRESENTATION_STYLE_ASSIGNMENT (( #3314 ) ) ;
#9062 = EDGE_CURVE ( 'NONE', #6445, #6410, #4184, .T. ) ;
#9063 = VERTEX_POINT ( 'NONE', #3046 ) ;
#9064 = EDGE_LOOP ( 'NONE', ( #610, #2284, #5421, #2420, #5464, #4065 ) ) ;
#9065 = ORIENTED_EDGE ( 'NONE', *, *, #7347, .T. ) ;
#9066 = DIRECTION ( 'NONE',  ( -0.000000000000000000, 1.000000000000000000, -0.000000000000000000 ) ) ;
#9067 = DIRECTION ( 'NONE',  ( 1.000000000000000000, 0.000000000000000000, -6.195440985630866630E-16 ) ) ;
#9068 = ADVANCED_FACE ( 'NONE', ( #6246 ), #9401, .F. ) ;
#9069 = ORIENTED_EDGE ( 'NONE', *, *, #3907, .T. ) ;
#9070 = ORIENTED_EDGE ( 'NONE', *, *, #6859, .T. ) ;
#9071 = ORIENTED_EDGE ( 'NONE', *, *, #10225, .T. ) ;
#9072 = FACE_OUTER_BOUND ( 'NONE', #5664, .T. ) ;
#9073 =( NAMED_UNIT ( * ) SI_UNIT ( $, .STERADIAN. ) SOLID_ANGLE_UNIT ( ) );
#9074 = DIRECTION ( 'NONE',  ( 1.257674520082358417E-13, -0.000000000000000000, -1.000000000000000000 ) ) ;
#9075 = DIRECTION ( 'NONE',  ( 0.000000000000000000, 0.000000000000000000, 1.000000000000000000 ) ) ;
#9076 = FACE_OUTER_BOUND ( 'NONE', #4297, .T. ) ;
#9077 =( NAMED_UNIT ( * ) SI_UNIT ( $, .STERADIAN. ) SOLID_ANGLE_UNIT ( ) );
#9078 = FILL_AREA_STYLE_COLOUR ( '', #8803 ) ;
#9080 = ORIENTED_EDGE ( 'NONE', *, *, #2954, .T. ) ;
#9079 = LINE ( 'NONE', #8208, #8291 ) ;
#9081 = VERTEX_POINT ( 'NONE', #9850 ) ;
#9082 = UNCERTAINTY_MEASURE_WITH_UNIT (LENGTH_MEASURE( 1.000000000000000082E-05 ), #7490, 'distance_accuracy_value', 'NONE');
#9083 = CARTESIAN_POINT ( 'NONE',  ( -2.000000000000001776, -0.05000000000000000278, 0.6999999999999995115 ) ) ;
#9084 = EDGE_CURVE ( 'NONE', #408, #5459, #7605, .T. ) ;
#9085 = ADVANCED_FACE ( 'NONE', ( #5072 ), #5177, .T. ) ;
#9086 = PLANE ( 'NONE',  #2170 ) ;
#9087 = CARTESIAN_POINT ( 'NONE',  ( 2.000000000000000000, 0.000000000000000000, -0.9000000000000000222 ) ) ;
#9088 = CARTESIAN_POINT ( 'NONE',  ( 1.150000000000021005, -0.05000000000000000278, 2.000000000000000000 ) ) ;
#9089 =( NAMED_UNIT ( * ) PLANE_ANGLE_UNIT ( ) SI_UNIT ( $, .RADIAN. ) );
#9090 = ORIENTED_EDGE ( 'NONE', *, *, #122, .T. ) ;
#9091 = CARTESIAN_POINT ( 'NONE',  ( 2.000000000000000000, -0.05000000000000000278, 0.1000000000000000472 ) ) ;
#9092 =( LENGTH_UNIT ( ) NAMED_UNIT ( * ) SI_UNIT ( .MILLI., .METRE. ) );
#9093 = ORIENTED_EDGE ( 'NONE', *, *, #10089, .T. ) ;
#9094 = CARTESIAN_POINT ( 'NONE',  ( -2.000000000000000000, 0.1499999999999999944, -0.1500000000000003830 ) ) ;
#9095 = CYLINDRICAL_SURFACE ( 'NONE', #5498, 0.04999999999996716793 ) ;
#9096 = VECTOR ( 'NONE', #7590, 1000.000000000000000 ) ;
#9097 = ORIENTED_EDGE ( 'NONE', *, *, #4413, .T. ) ;
#9098 = SURFACE_STYLE_FILL_AREA ( #8336 ) ;
#9099 = CARTESIAN_POINT ( 'NONE',  ( 0.5000000000000208722, 0.1499999999999999944, -2.050000000000000266 ) ) ;
#9100 = FACE_OUTER_BOUND ( 'NONE', #10019, .T. ) ;
#9101 = EDGE_CURVE ( 'NONE', #10221, #8334, #8245, .T. ) ;
#9102 = EDGE_LOOP ( 'NONE', ( #9375, #2383, #2226, #4007 ) ) ;
#9103 = VERTEX_POINT ( 'NONE', #2799 ) ;
#9104 = VERTEX_POINT ( 'NONE', #1962 ) ;
#9105 = UNCERTAINTY_MEASURE_WITH_UNIT (LENGTH_MEASURE( 1.000000000000000082E-05 ), #8085, 'distance_accuracy_value', 'NONE');
#9106 = DIRECTION ( 'NONE',  ( -0.000000000000000000, 1.000000000000000000, -0.000000000000000000 ) ) ;
#9107 = VECTOR ( 'NONE', #7737, 1000.000000000000000 ) ;
#9108 = LINE ( 'NONE', #3543, #1345 ) ;
#9109 = EDGE_CURVE ( 'NONE', #5357, #6922, #4339, .T. ) ;
#9110 = VERTEX_POINT ( 'NONE', #8358 ) ;
#9111 = VECTOR ( 'NONE', #8320, 1000.000000000000000 ) ;
#9112 =( GEOMETRIC_REPRESENTATION_CONTEXT ( 3 ) GLOBAL_UNCERTAINTY_ASSIGNED_CONTEXT ( ( #4411 ) ) GLOBAL_UNIT_ASSIGNED_CONTEXT ( ( #6122, #1909, #6181 ) ) REPRESENTATION_CONTEXT ( 'NONE', 'WORKASPACE' ) );
#9113 = ORIENTED_EDGE ( 'NONE', *, *, #7643, .F. ) ;
#9114 = CARTESIAN_POINT ( 'NONE',  ( -0.4999999999999791833, -0.05000000000000000278, -2.000000000000002665 ) ) ;
#9115 =( LENGTH_UNIT ( ) NAMED_UNIT ( * ) SI_UNIT ( .MILLI., .METRE. ) );
#9116 = EDGE_CURVE ( 'NONE', #6365, #6005, #1189, .T. ) ;
#9117 = DIRECTION ( 'NONE',  ( 0.000000000000000000, -1.000000000000000000, 0.000000000000000000 ) ) ;
#9118 = VERTEX_POINT ( 'NONE', #3433 ) ;
#9119 = PRESENTATION_LAYER_ASSIGNMENT (  '', '', ( #9445 ) ) ;
#9121 = AXIS2_PLACEMENT_3D ( 'NONE', #5336, #4403, #4343 ) ;
#9120 = DIRECTION ( 'NONE',  ( 0.000000000000000000, -0.000000000000000000, -1.000000000000000000 ) ) ;
#9123 = VECTOR ( 'NONE', #4120, 1000.000000000000000 ) ;
#9122 = CARTESIAN_POINT ( 'NONE',  ( 1.249999999999997558, -0.05000000000000000278, 0.8499999999999999778 ) ) ;
#9124 = CARTESIAN_POINT ( 'NONE',  ( 2.050000000000000266, -0.05000000000000000278, -0.5000000000000000000 ) ) ;
#9125 = STYLED_ITEM ( 'NONE', ( #3268 ), #6385 ) ;
#9126 = PRESENTATION_STYLE_ASSIGNMENT (( #3607 ) ) ;
#9128 = SURFACE_SIDE_STYLE ('',( #633 ) ) ;
#9127 =( GEOMETRIC_REPRESENTATION_CONTEXT ( 3 ) GLOBAL_UNCERTAINTY_ASSIGNED_CONTEXT ( ( #9082 ) ) GLOBAL_UNIT_ASSIGNED_CONTEXT ( ( #7490, #3532, #8111 ) ) REPRESENTATION_CONTEXT ( 'NONE', 'WORKASPACE' ) );
#9129 = STYLED_ITEM ( 'NONE', ( #9570 ), #7622 ) ;
#9130 = CARTESIAN_POINT ( 'NONE',  ( -0.8999999999999793721, 0.000000000000000000, 1.649999999999999911 ) ) ;
#9131 =( NAMED_UNIT ( * ) SI_UNIT ( $, .STERADIAN. ) SOLID_ANGLE_UNIT ( ) );
#9132 = ORIENTED_EDGE ( 'NONE', *, *, #1122, .F. ) ;
#9133 =( NAMED_UNIT ( * ) PLANE_ANGLE_UNIT ( ) SI_UNIT ( $, .RADIAN. ) );
#9134 = VECTOR ( 'NONE', #1096, 1000.000000000000000 ) ;
#9135 = DIRECTION ( 'NONE',  ( 1.000000000000000000, -0.000000000000000000, -0.000000000000000000 ) ) ;
#9136 = AXIS2_PLACEMENT_3D ( 'NONE', #5903, #8353, #2063 ) ;
#9137 = LINE ( 'NONE', #8377, #1930 ) ;
#9138 = DIRECTION ( 'NONE',  ( -0.000000000000000000, -1.000000000000000000, -0.000000000000000000 ) ) ;
#9139 = CARTESIAN_POINT ( 'NONE',  ( 0.4500000000000204947, -0.05000000000000000278, 1.599999999999999645 ) ) ;
#9140 =( NAMED_UNIT ( * ) PLANE_ANGLE_UNIT ( ) SI_UNIT ( $, .RADIAN. ) );
#9141 = ORIENTED_EDGE ( 'NONE', *, *, #7146, .F. ) ;
#9142 = EDGE_CURVE ( 'NONE', #9167, #4562, #6630, .T. ) ;
#9143 = CARTESIAN_POINT ( 'NONE',  ( 2.000000000000000000, -1.355252715606880543E-17, 0.5000000000000001110 ) ) ;
#9144 = EDGE_CURVE ( 'NONE', #3484, #6535, #5858, .T. ) ;
#9145 = COLOUR_RGB ( '',0.7686274509803920907, 0.7686274509803920907, 0.7686274509803920907 ) ;
#9146 = VERTEX_POINT ( 'NONE', #3017 ) ;
#9147 = PLANE ( 'NONE',  #3840 ) ;
#9148 = FILL_AREA_STYLE_COLOUR ( '', #770 ) ;
#9149 = PRESENTATION_STYLE_ASSIGNMENT (( #7483 ) ) ;
#9150 = DIRECTION ( 'NONE',  ( 0.000000000000000000, -1.000000000000000000, 0.000000000000000000 ) ) ;
#9151 = DIRECTION ( 'NONE',  ( 0.000000000000000000, -0.000000000000000000, -1.000000000000000000 ) ) ;
#9152 = AXIS2_PLACEMENT_3D ( 'NONE', #10090, #5378, #9373 ) ;
#9153 = VERTEX_POINT ( 'NONE', #691 ) ;
#9154 = PRESENTATION_STYLE_ASSIGNMENT (( #6607 ) ) ;
#9155 = PRESENTATION_LAYER_ASSIGNMENT (  '', '', ( #106 ) ) ;
#9156 =( LENGTH_UNIT ( ) NAMED_UNIT ( * ) SI_UNIT ( .MILLI., .METRE. ) );
#9157 = ORIENTED_EDGE ( 'NONE', *, *, #9972, .T. ) ;
#9158 = VERTEX_POINT ( 'NONE', #2067 ) ;
#9159 = ORIENTED_EDGE ( 'NONE', *, *, #84, .F. ) ;
#9160 = MECHANICAL_DESIGN_GEOMETRIC_PRESENTATION_REPRESENTATION (  '', ( #6185 ), #6335 ) ;
#9161 = LINE ( 'NONE', #5059, #1956 ) ;
#9162 = DIRECTION ( 'NONE',  ( 1.000000000000000000, -0.000000000000000000, -0.000000000000000000 ) ) ;
#9163 = VECTOR ( 'NONE', #1442, 1000.000000000000000 ) ;
#9164 = EDGE_LOOP ( 'NONE', ( #2475, #7839, #9725, #475, #8510, #5873 ) ) ;
#9165 = PRESENTATION_LAYER_ASSIGNMENT (  '', '', ( #4016 ) ) ;
#9166 = VECTOR ( 'NONE', #9727, 1000.000000000000000 ) ;
#9167 = VERTEX_POINT ( 'NONE', #7722 ) ;
#9168 = SURFACE_STYLE_FILL_AREA ( #6906 ) ;
#9169 = VECTOR ( 'NONE', #4254, 1000.000000000000000 ) ;
#9170 = EDGE_CURVE ( 'NONE', #6583, #4167, #10213, .T. ) ;
#9171 = ORIENTED_EDGE ( 'NONE', *, *, #7938, .T. ) ;
#9172 =( LENGTH_UNIT ( ) NAMED_UNIT ( * ) SI_UNIT ( .MILLI., .METRE. ) );
#9173 = DIRECTION ( 'NONE',  ( 0.000000000000000000, -1.000000000000000000, 0.000000000000000000 ) ) ;
#9174 = SURFACE_STYLE_USAGE ( .BOTH. , #8455 ) ;
#9175 = ORIENTED_EDGE ( 'NONE', *, *, #5480, .F. ) ;
#9176 = CIRCLE ( 'NONE', #8691, 0.04999999999996716793 ) ;
#9177 =( NAMED_UNIT ( * ) PLANE_ANGLE_UNIT ( ) SI_UNIT ( $, .RADIAN. ) );
#9178 =( NAMED_UNIT ( * ) PLANE_ANGLE_UNIT ( ) SI_UNIT ( $, .RADIAN. ) );
#9179 = COLOUR_RGB ( '',0.7686274509803920907, 0.7686274509803920907, 0.7686274509803920907 ) ;
#9180 = DIRECTION ( 'NONE',  ( -0.000000000000000000, 0.000000000000000000, -1.000000000000000000 ) ) ;
#9181 = CARTESIAN_POINT ( 'NONE',  ( 1.450000000000020606, -0.05000000000000000278, 1.649999999999966827 ) ) ;
#9182 = PRESENTATION_LAYER_ASSIGNMENT (  '', '', ( #6040 ) ) ;
#9183 = STYLED_ITEM ( 'NONE', ( #4732 ), #5880 ) ;
#9184 = ADVANCED_FACE ( 'NONE', ( #5475 ), #1285, .T. ) ;
#9185 = PLANE ( 'NONE',  #60 ) ;
#9186 = VECTOR ( 'NONE', #5299, 1000.000000000000000 ) ;
#9187 = EDGE_CURVE ( 'NONE', #854, #9515, #4586, .T. ) ;
#9188 = SURFACE_SIDE_STYLE ('',( #8314 ) ) ;
#9189 = LINE ( 'NONE', #7675, #913 ) ;
#9190 = FILL_AREA_STYLE ('',( #9900 ) ) ;
#9191 = ORIENTED_EDGE ( 'NONE', *, *, #5296, .T. ) ;
#9192 = CARTESIAN_POINT ( 'NONE',  ( -0.2999999999999792277, -1.355252715606880543E-17, -2.000000000000000000 ) ) ;
#9193 =( GEOMETRIC_REPRESENTATION_CONTEXT ( 3 ) GLOBAL_UNCERTAINTY_ASSIGNED_CONTEXT ( ( #3588 ) ) GLOBAL_UNIT_ASSIGNED_CONTEXT ( ( #4981, #977, #1825 ) ) REPRESENTATION_CONTEXT ( 'NONE', 'WORKASPACE' ) );
#9194 = FILL_AREA_STYLE ('',( #2812 ) ) ;
#9195 = STYLED_ITEM ( 'NONE', ( #4718 ), #6076 ) ;
#9196 = MECHANICAL_DESIGN_GEOMETRIC_PRESENTATION_REPRESENTATION (  '', ( #9528 ), #4391 ) ;
#9197 = EDGE_CURVE ( 'NONE', #5057, #55, #6225, .T. ) ;
#9198 = PLANE ( 'NONE',  #10293 ) ;
#9199 = SURFACE_SIDE_STYLE ('',( #5352 ) ) ;
#9200 = ORIENTED_EDGE ( 'NONE', *, *, #5623, .F. ) ;
#9201 = VECTOR ( 'NONE', #10162, 1000.000000000000000 ) ;
#9202 = CARTESIAN_POINT ( 'NONE',  ( 0.7499999999999878986, -0.05000000000000000278, -1.649999999999967049 ) ) ;
#9203 = VECTOR ( 'NONE', #5107, 1000.000000000000000 ) ;
#9204 = ORIENTED_EDGE ( 'NONE', *, *, #9936, .T. ) ;
#9205 = UNCERTAINTY_MEASURE_WITH_UNIT (LENGTH_MEASURE( 1.000000000000000082E-05 ), #9680, 'distance_accuracy_value', 'NONE');
#9206 = CARTESIAN_POINT ( 'NONE',  ( 2.050000000000000266, -0.05000000000000000278, -0.1000000000000000472 ) ) ;
#9207 = CARTESIAN_POINT ( 'NONE',  ( -2.000000000000000000, -0.05000000000000000278, 1.249999999999999556 ) ) ;
#9208 = SURFACE_SIDE_STYLE ('',( #2828 ) ) ;
#9209 = ORIENTED_EDGE ( 'NONE', *, *, #10291, .F. ) ;
#9210 = DIRECTION ( 'NONE',  ( 0.000000000000000000, 0.000000000000000000, 1.000000000000000000 ) ) ;
#9211 = FACE_OUTER_BOUND ( 'NONE', #7212, .T. ) ;
#9212 = FILL_AREA_STYLE ('',( #623 ) ) ;
#9213 = CARTESIAN_POINT ( 'NONE',  ( 2.000000000000000000, 0.000000000000000000, -2.000000000000000000 ) ) ;
#9214 = ORIENTED_EDGE ( 'NONE', *, *, #2544, .T. ) ;
#9215 = ORIENTED_EDGE ( 'NONE', *, *, #66, .T. ) ;
#9216 = ORIENTED_EDGE ( 'NONE', *, *, #10262, .F. ) ;
#9217 = UNCERTAINTY_MEASURE_WITH_UNIT (LENGTH_MEASURE( 1.000000000000000082E-05 ), #8030, 'distance_accuracy_value', 'NONE');
#9218 = SURFACE_STYLE_USAGE ( .BOTH. , #9989 ) ;
#9219 = PLANE ( 'NONE',  #135 ) ;
#9220 =( NAMED_UNIT ( * ) PLANE_ANGLE_UNIT ( ) SI_UNIT ( $, .RADIAN. ) );
#9221 =( NAMED_UNIT ( * ) SI_UNIT ( $, .STERADIAN. ) SOLID_ANGLE_UNIT ( ) );
#9222 = EDGE_CURVE ( 'NONE', #2608, #8772, #1432, .T. ) ;
#9223 = EDGE_CURVE ( 'NONE', #1401, #7159, #5817, .T. ) ;
#9224 = VERTEX_POINT ( 'NONE', #5278 ) ;
#9225 = ORIENTED_EDGE ( 'NONE', *, *, #474, .F. ) ;
#9226 = EDGE_LOOP ( 'NONE', ( #6039, #6290, #5323, #1756 ) ) ;
#9227 =( NAMED_UNIT ( * ) PLANE_ANGLE_UNIT ( ) SI_UNIT ( $, .RADIAN. ) );
#9228 =( NAMED_UNIT ( * ) PLANE_ANGLE_UNIT ( ) SI_UNIT ( $, .RADIAN. ) );
#9229 = PRESENTATION_STYLE_ASSIGNMENT (( #9174 ) ) ;
#9230 = VERTEX_POINT ( 'NONE', #9272 ) ;
#9231 = SURFACE_SIDE_STYLE ('',( #9422 ) ) ;
#9232 = CARTESIAN_POINT ( 'NONE',  ( 2.000000000000000000, 1.000000000000000000, -2.000000000000000000 ) ) ;
#9233 = FILL_AREA_STYLE ('',( #3665 ) ) ;
#9234 = CARTESIAN_POINT ( 'NONE',  ( 1.199999999999987965, -0.05000000000000000278, 1.649999999999966827 ) ) ;
#9235 = PRESENTATION_STYLE_ASSIGNMENT (( #1136 ) ) ;
#9236 = DIRECTION ( 'NONE',  ( 1.000000000000000000, -0.000000000000000000, -0.000000000000000000 ) ) ;
#9237 = LINE ( 'NONE', #1138, #1976 ) ;
#9238 = ORIENTED_EDGE ( 'NONE', *, *, #5054, .T. ) ;
#9239 =( NAMED_UNIT ( * ) SI_UNIT ( $, .STERADIAN. ) SOLID_ANGLE_UNIT ( ) );
#9240 = CARTESIAN_POINT ( 'NONE',  ( -2.000000000000003997, -0.05000000000000000278, 0.9499999999999995115 ) ) ;
#9241 = PRODUCT_DEFINITION ( 'UNKNOWN', '', #1669, #1536 ) ;
#9242 = ADVANCED_FACE ( 'NONE', ( #6266 ), #6072, .F. ) ;
#9243 = SURFACE_STYLE_USAGE ( .BOTH. , #8420 ) ;
#9244 = CARTESIAN_POINT ( 'NONE',  ( 0.1000000000000208361, -0.05000000000000000278, -1.999999999999999556 ) ) ;
#9245 = LINE ( 'NONE', #3735, #53 ) ;
#9246 = EDGE_LOOP ( 'NONE', ( #8558, #10200, #1108, #1600 ) ) ;
#9247 =( NAMED_UNIT ( * ) SI_UNIT ( $, .STERADIAN. ) SOLID_ANGLE_UNIT ( ) );
#9248 = DIRECTION ( 'NONE',  ( 0.000000000000000000, -0.000000000000000000, -1.000000000000000000 ) ) ;
#9249 = ORIENTED_EDGE ( 'NONE', *, *, #6268, .T. ) ;
#9250 = EDGE_CURVE ( 'NONE', #3712, #8927, #1578, .T. ) ;
#9251 = FACE_OUTER_BOUND ( 'NONE', #4277, .T. ) ;
#9252 =( NAMED_UNIT ( * ) PLANE_ANGLE_UNIT ( ) SI_UNIT ( $, .RADIAN. ) );
#9253 = ORIENTED_EDGE ( 'NONE', *, *, #824, .F. ) ;
#9254 = SURFACE_STYLE_USAGE ( .BOTH. , #10192 ) ;
#9255 =( NAMED_UNIT ( * ) PLANE_ANGLE_UNIT ( ) SI_UNIT ( $, .RADIAN. ) );
#9256 = CARTESIAN_POINT ( 'NONE',  ( -0.4999999999999942824, -0.05000000000000000278, -0.6500000000000001332 ) ) ;
#9257 = ORIENTED_EDGE ( 'NONE', *, *, #840, .T. ) ;
#9258 = EDGE_LOOP ( 'NONE', ( #9653, #7901, #7508, #3794, #3779, #10151, #9225, #4680, #3099, #5525, #15, #5406, #1149, #4304, #2998, #2169, #2647, #9767, #1152, #6777, #4734, #3180, #3929, #6248, #3736, #2011, #10302, #7384, #5966, #9622, #7186, #3216, #1311, #8918, #2329, #5127, #2341, #606, #7109, #3784, #6059, #1727, #1679, #5833, #3302, #7230, #6407, #4882, #4439, #4824, #2762, #4375, #6548, #1824, #3790, #4839, #8276, #921, #1219, #6232, #6008, #10179, #908, #10228, #5065, #4236, #5111, #2719, #3468, #6219, #4626, #7430, #7945, #1421, #3952, #246, #3317, #9379, #6381, #2614, #4925, #421, #1986, #827, #5381, #1615, #7436, #8230, #4311, #3403, #4830, #4331, #1063, #872, #3227, #9141, #4433, #219, #7495, #2779, #2711, #3254, #8266, #5325, #7555, #2936, #10127, #9050, #7200, #535, #3795, #264, #7923, #6151, #5992, #5600, #2324, #6334, #2372, #10336, #1879, #5347, #7731, #5729, #5997, #390, #7593, #9935, #9809, #3658, #7981, #4539, #5752, #481, #184, #7770, #3938, #6066, #2458, #5004, #3212, #1423, #1298, #8710, #5467, #6070, #6668, #843, #8443, #3621, #10039, #6244, #9848, #745, #6844, #6662, #1121, #371, #8715 ) ) ;
#9259 = PLANE ( 'NONE',  #2972 ) ;
#9260 =( NAMED_UNIT ( * ) SI_UNIT ( $, .STERADIAN. ) SOLID_ANGLE_UNIT ( ) );
#9261 = PRESENTATION_LAYER_ASSIGNMENT (  '', '', ( #4103 ) ) ;
#9262 = CYLINDRICAL_SURFACE ( 'NONE', #5691, 0.04999999999996716793 ) ;
#9263 = ORIENTED_EDGE ( 'NONE', *, *, #8227, .T. ) ;
#9264 = PLANE ( 'NONE',  #5928 ) ;
#9265 = MECHANICAL_DESIGN_GEOMETRIC_PRESENTATION_REPRESENTATION (  '', ( #8774 ), #5444 ) ;
#9266 = VERTEX_POINT ( 'NONE', #4799 ) ;
#9267 = SURFACE_STYLE_FILL_AREA ( #3595 ) ;
#9268 = ORIENTED_EDGE ( 'NONE', *, *, #4624, .T. ) ;
#9269 = EDGE_CURVE ( 'NONE', #3450, #257, #8760, .T. ) ;
#9270 =( NAMED_UNIT ( * ) PLANE_ANGLE_UNIT ( ) SI_UNIT ( $, .RADIAN. ) );
#9271 = DIRECTION ( 'NONE',  ( 0.000000000000000000, 0.000000000000000000, 1.000000000000000000 ) ) ;
#9272 = CARTESIAN_POINT ( 'NONE',  ( 2.000000000000000000, -1.355252715606880543E-17, -0.2999999999999999334 ) ) ;
#9273 =( NAMED_UNIT ( * ) SI_UNIT ( $, .STERADIAN. ) SOLID_ANGLE_UNIT ( ) );
#9274 = VECTOR ( 'NONE', #1599, 1000.000000000000000 ) ;
#9275 = UNCERTAINTY_MEASURE_WITH_UNIT (LENGTH_MEASURE( 1.000000000000000082E-05 ), #2437, 'distance_accuracy_value', 'NONE');
#9276 = COLOUR_RGB ( '',0.7686274509803920907, 0.7686274509803920907, 0.7686274509803920907 ) ;
#9277 = AXIS2_PLACEMENT_3D ( 'NONE', #7087, #2223, #2165 ) ;
#9278 = PRESENTATION_STYLE_ASSIGNMENT (( #2862 ) ) ;
#9279 = DIRECTION ( 'NONE',  ( 0.000000000000000000, -1.000000000000000000, 0.000000000000000000 ) ) ;
#9280 = DIRECTION ( 'NONE',  ( 0.000000000000000000, -1.000000000000000000, 0.000000000000000000 ) ) ;
#9281 = STYLED_ITEM ( 'NONE', ( #3382 ), #8462 ) ;
#9282 =( LENGTH_UNIT ( ) NAMED_UNIT ( * ) SI_UNIT ( .MILLI., .METRE. ) );
#9283 = MECHANICAL_DESIGN_GEOMETRIC_PRESENTATION_REPRESENTATION (  '', ( #9938 ), #6465 ) ;
#9284 = LINE ( 'NONE', #1353, #4618 ) ;
#9285 =( NAMED_UNIT ( * ) PLANE_ANGLE_UNIT ( ) SI_UNIT ( $, .RADIAN. ) );
#9286 = ORIENTED_EDGE ( 'NONE', *, *, #7095, .T. ) ;
#9287 = AXIS2_PLACEMENT_3D ( 'NONE', #9743, #6693, #1968 ) ;
#9288 = PRESENTATION_STYLE_ASSIGNMENT (( #10070 ) ) ;
#9289 =( LENGTH_UNIT ( ) NAMED_UNIT ( * ) SI_UNIT ( .MILLI., .METRE. ) );
#9290 = AXIS2_PLACEMENT_3D ( 'NONE', #6255, #9411, #1616 ) ;
#9291 = VECTOR ( 'NONE', #534, 1000.000000000000000 ) ;
#9292 = MECHANICAL_DESIGN_GEOMETRIC_PRESENTATION_REPRESENTATION (  '', ( #2127 ), #6477 ) ;
#9293 = FACE_OUTER_BOUND ( 'NONE', #4266, .T. ) ;
#9294 = FILL_AREA_STYLE_COLOUR ( '', #900 ) ;
#9295 = EDGE_LOOP ( 'NONE', ( #9071, #5102, #6641, #6898 ) ) ;
#9296 = LINE ( 'NONE', #5293, #8619 ) ;
#9297 = LINE ( 'NONE', #2213, #5986 ) ;
#9298 = CARTESIAN_POINT ( 'NONE',  ( 2.000000000000000000, -1.355252715606880543E-17, 0.9000000000000002442 ) ) ;
#9299 = EDGE_CURVE ( 'NONE', #7394, #4383, #944, .T. ) ;
#9300 = ORIENTED_EDGE ( 'NONE', *, *, #151, .T. ) ;
#9301 = AXIS2_PLACEMENT_3D ( 'NONE', #3845, #4960, #8140 ) ;
#9302 = UNCERTAINTY_MEASURE_WITH_UNIT (LENGTH_MEASURE( 1.000000000000000082E-05 ), #10240, 'distance_accuracy_value', 'NONE');
#9303 = LINE ( 'NONE', #2154, #6007 ) ;
#9304 = DIRECTION ( 'NONE',  ( -0.000000000000000000, -0.000000000000000000, 1.000000000000000000 ) ) ;
#9305 = PLANE ( 'NONE',  #494 ) ;
#9306 = PRESENTATION_LAYER_ASSIGNMENT (  '', '', ( #10303 ) ) ;
#9307 = VERTEX_POINT ( 'NONE', #8023 ) ;
#9308 = SURFACE_STYLE_FILL_AREA ( #359 ) ;
#9309 = COLOUR_RGB ( '',0.7686274509803920907, 0.7686274509803920907, 0.7686274509803920907 ) ;
#9310 = DIRECTION ( 'NONE',  ( 0.000000000000000000, 0.000000000000000000, 1.000000000000000000 ) ) ;
#9311 = PRESENTATION_LAYER_ASSIGNMENT (  '', '', ( #444 ) ) ;
#9312 = ORIENTED_EDGE ( 'NONE', *, *, #6938, .F. ) ;
#9313 = EDGE_CURVE ( 'NONE', #8448, #8055, #93, .T. ) ;
#9314 = EDGE_LOOP ( 'NONE', ( #3950, #6208, #690, #5317 ) ) ;
#9315 = UNCERTAINTY_MEASURE_WITH_UNIT (LENGTH_MEASURE( 1.000000000000000082E-05 ), #57, 'distance_accuracy_value', 'NONE');
#9316 = DIRECTION ( 'NONE',  ( -0.000000000000000000, 1.000000000000000000, -0.000000000000000000 ) ) ;
#9317 =( NAMED_UNIT ( * ) PLANE_ANGLE_UNIT ( ) SI_UNIT ( $, .RADIAN. ) );
#9318 = MECHANICAL_DESIGN_GEOMETRIC_PRESENTATION_REPRESENTATION (  '', ( #8661 ), #4842 ) ;
#9319 = AXIS2_PLACEMENT_3D ( 'NONE', #4293, #7468, #282 ) ;
#9320 = DIRECTION ( 'NONE',  ( -1.445602896647340149E-16, 0.000000000000000000, 1.000000000000000000 ) ) ;
#9321 = PRESENTATION_LAYER_ASSIGNMENT (  '', '', ( #3489 ) ) ;
#9322 = FILL_AREA_STYLE ('',( #7868 ) ) ;
#9323 = ORIENTED_EDGE ( 'NONE', *, *, #2044, .F. ) ;
#9324 = DIRECTION ( 'NONE',  ( -0.000000000000000000, 1.000000000000000000, -0.000000000000000000 ) ) ;
#9325 = ADVANCED_FACE ( 'NONE', ( #9687 ), #6315, .T. ) ;
#9326 = VECTOR ( 'NONE', #2722, 1000.000000000000000 ) ;
#9327 = ORIENTED_EDGE ( 'NONE', *, *, #8255, .T. ) ;
#9328 = CARTESIAN_POINT ( 'NONE',  ( -1.199999999999946443, 0.000000000000000000, -1.649999999999966827 ) ) ;
#9329 = MECHANICAL_DESIGN_GEOMETRIC_PRESENTATION_REPRESENTATION (  '', ( #5839 ), #3842 ) ;
#9330 = VERTEX_POINT ( 'NONE', #1534 ) ;
#9331 = DIRECTION ( 'NONE',  ( 0.000000000000000000, 0.000000000000000000, 1.000000000000000000 ) ) ;
#9332 = CARTESIAN_POINT ( 'NONE',  ( -0.4999999999999791833, 0.1499999999999999944, -2.000000000000000000 ) ) ;
#9333 = DIRECTION ( 'NONE',  ( 0.000000000000000000, 0.000000000000000000, 1.000000000000000000 ) ) ;
#9334 =( GEOMETRIC_REPRESENTATION_CONTEXT ( 3 ) GLOBAL_UNCERTAINTY_ASSIGNED_CONTEXT ( ( #7437 ) ) GLOBAL_UNIT_ASSIGNED_CONTEXT ( ( #4059, #8752, #7233 ) ) REPRESENTATION_CONTEXT ( 'NONE', 'WORKASPACE' ) );
#9335 = AXIS2_PLACEMENT_3D ( 'NONE', #3720, #373, #9271 ) ;
#9336 = ADVANCED_FACE ( 'NONE', ( #2545 ), #5683, .F. ) ;
#9337 = PLANE ( 'NONE',  #8800 ) ;
#9338 = DIRECTION ( 'NONE',  ( 1.000000000000000000, 0.000000000000000000, 0.000000000000000000 ) ) ;
#9339 = DIRECTION ( 'NONE',  ( 0.000000000000000000, 0.000000000000000000, 1.000000000000000000 ) ) ;
#9340 = AXIS2_PLACEMENT_3D ( 'NONE', #6689, #7406, #2702 ) ;
#9341 = FACE_OUTER_BOUND ( 'NONE', #10097, .T. ) ;
#9342 = AXIS2_PLACEMENT_3D ( 'NONE', #1161, #8946, #3530 ) ;
#9343 = PRESENTATION_STYLE_ASSIGNMENT (( #6867 ) ) ;
#9344 = VECTOR ( 'NONE', #7343, 1000.000000000000000 ) ;
#9345 = ORIENTED_EDGE ( 'NONE', *, *, #7377, .F. ) ;
#9346 =( NAMED_UNIT ( * ) SI_UNIT ( $, .STERADIAN. ) SOLID_ANGLE_UNIT ( ) );
#9347 = STYLED_ITEM ( 'NONE', ( #1479 ), #10103 ) ;
#9348 = EDGE_CURVE ( 'NONE', #3038, #950, #315, .T. ) ;
#9349 = VECTOR ( 'NONE', #6249, 1000.000000000000000 ) ;
#9350 = ADVANCED_FACE ( 'NONE', ( #5061 ), #5944, .F. ) ;
#9351 = CARTESIAN_POINT ( 'NONE',  ( 2.000000000000000000, 0.1499999999999999944, 1.300000000000000266 ) ) ;
#9352 = CARTESIAN_POINT ( 'NONE',  ( -1.500000000000000000, 1.000000000000000000, -1.750000000000000000 ) ) ;
#9353 = VECTOR ( 'NONE', #3953, 1000.000000000000000 ) ;
#9354 = FILL_AREA_STYLE_COLOUR ( '', #2016 ) ;
#9355 = FILL_AREA_STYLE_COLOUR ( '', #2597 ) ;
#9356 = ORIENTED_EDGE ( 'NONE', *, *, #4262, .T. ) ;
#9357 = CARTESIAN_POINT ( 'NONE',  ( -0.3499999999999461875, -0.05000000000000000278, -1.649999999999967049 ) ) ;
#9358 = CARTESIAN_POINT ( 'NONE',  ( 2.000000000000000000, 0.000000000000000000, 2.000000000000000000 ) ) ;
#9359 =( NAMED_UNIT ( * ) SI_UNIT ( $, .STERADIAN. ) SOLID_ANGLE_UNIT ( ) );
#9360 = ORIENTED_EDGE ( 'NONE', *, *, #7819, .T. ) ;
#9361 = COLOUR_RGB ( '',0.7686274509803920907, 0.7686274509803920907, 0.7686274509803920907 ) ;
#9362 = VECTOR ( 'NONE', #7030, 1000.000000000000000 ) ;
#9363 = FILL_AREA_STYLE ('',( #6094 ) ) ;
#9364 = CARTESIAN_POINT ( 'NONE',  ( 0.000000000000000000, 0.000000000000000000, 2.050000000000000266 ) ) ;
#9365 = EDGE_LOOP ( 'NONE', ( #2272, #9674, #2028, #681, #5832, #6871 ) ) ;
#9366 = CARTESIAN_POINT ( 'NONE',  ( -0.4999999999999791833, -1.355252715606880543E-17, -2.000000000000000000 ) ) ;
#9367 =( GEOMETRIC_REPRESENTATION_CONTEXT ( 3 ) GLOBAL_UNCERTAINTY_ASSIGNED_CONTEXT ( ( #9217 ) ) GLOBAL_UNIT_ASSIGNED_CONTEXT ( ( #8030, #3189, #7106 ) ) REPRESENTATION_CONTEXT ( 'NONE', 'WORKASPACE' ) );
#9368 = PRESENTATION_STYLE_ASSIGNMENT (( #6054 ) ) ;
#9369 = CARTESIAN_POINT ( 'NONE',  ( 0.9000000000000208944, 0.1499999999999999944, 2.050000000000000266 ) ) ;
#9370 = ORIENTED_EDGE ( 'NONE', *, *, #7748, .T. ) ;
#9371 = ORIENTED_EDGE ( 'NONE', *, *, #6634, .F. ) ;
#9372 = AXIS2_PLACEMENT_3D ( 'NONE', #566, #463, #9405 ) ;
#9373 = DIRECTION ( 'NONE',  ( -0.000000000000000000, 0.000000000000000000, 1.000000000000000000 ) ) ;
#9374 = PRESENTATION_STYLE_ASSIGNMENT (( #2232 ) ) ;
#9375 = ORIENTED_EDGE ( 'NONE', *, *, #9893, .T. ) ;
#9376 = EDGE_CURVE ( 'NONE', #8004, #9158, #1060, .T. ) ;
#9377 = FACE_OUTER_BOUND ( 'NONE', #9365, .T. ) ;
#9378 = DIRECTION ( 'NONE',  ( 0.000000000000000000, -1.000000000000000000, 0.000000000000000000 ) ) ;
#9379 = ORIENTED_EDGE ( 'NONE', *, *, #7712, .F. ) ;
#9380 = LINE ( 'NONE', #1431, #8839 ) ;
#9381 = EDGE_CURVE ( 'NONE', #6620, #422, #150, .T. ) ;
#9382 = DIRECTION ( 'NONE',  ( 0.000000000000000000, -1.000000000000000000, 0.000000000000000000 ) ) ;
#9383 = UNCERTAINTY_MEASURE_WITH_UNIT (LENGTH_MEASURE( 1.000000000000000082E-05 ), #3743, 'distance_accuracy_value', 'NONE');
#9384 = LINE ( 'NONE', #10216, #4388 ) ;
#9385 = SURFACE_STYLE_USAGE ( .BOTH. , #7157 ) ;
#9386 = PLANE ( 'NONE',  #5963 ) ;
#9387 = ORIENTED_EDGE ( 'NONE', *, *, #3175, .T. ) ;
#9388 = LINE ( 'NONE', #3885, #8991 ) ;
#9389 = CARTESIAN_POINT ( 'NONE',  ( 2.050000000000000266, -0.05000000000000000278, -0.9000000000000000222 ) ) ;
#9390 = PRESENTATION_STYLE_ASSIGNMENT (( #10175 ) ) ;
#9391 = DIRECTION ( 'NONE',  ( -0.000000000000000000, -1.000000000000000000, -0.000000000000000000 ) ) ;
#9392 = ORIENTED_EDGE ( 'NONE', *, *, #6425, .T. ) ;
#9393 = LINE ( 'NONE', #757, #8825 ) ;
#9394 = CARTESIAN_POINT ( 'NONE',  ( 0.5000000000000208722, 0.1499999999999999944, 2.050000000000000266 ) ) ;
#9395 = CARTESIAN_POINT ( 'NONE',  ( 2.000000000000012879, -0.05000000000000000278, -1.300000000000000266 ) ) ;
#9396 = ORIENTED_EDGE ( 'NONE', *, *, #1203, .F. ) ;
#9397 = UNCERTAINTY_MEASURE_WITH_UNIT (LENGTH_MEASURE( 1.000000000000000082E-05 ), #2090, 'distance_accuracy_value', 'NONE');
#9398 = ADVANCED_FACE ( 'NONE', ( #6781 ), #1850, .F. ) ;
#9399 = ADVANCED_FACE ( 'NONE', ( #1113 ), #3374, .F. ) ;
#9400 = LINE ( 'NONE', #2314, #9641 ) ;
#9401 = PLANE ( 'NONE',  #6490 ) ;
#9402 = VERTEX_POINT ( 'NONE', #6108 ) ;
#9403 = LINE ( 'NONE', #2265, #2188 ) ;
#9404 = DIRECTION ( 'NONE',  ( 0.000000000000000000, 0.000000000000000000, -1.000000000000000000 ) ) ;
#9405 = DIRECTION ( 'NONE',  ( 0.000000000000000000, 0.000000000000000000, -1.000000000000000000 ) ) ;
#9406 = FACE_OUTER_BOUND ( 'NONE', #9164, .T. ) ;
#9407 = VERTEX_POINT ( 'NONE', #8446 ) ;
#9408 = EDGE_LOOP ( 'NONE', ( #2358, #2823, #3945, #4437 ) ) ;
#9409 = UNCERTAINTY_MEASURE_WITH_UNIT (LENGTH_MEASURE( 1.000000000000000082E-05 ), #6214, 'distance_accuracy_value', 'NONE');
#9410 = CYLINDRICAL_SURFACE ( 'NONE', #943, 0.04999999999999995420 ) ;
#9411 = DIRECTION ( 'NONE',  ( 0.000000000000000000, 0.000000000000000000, -1.000000000000000000 ) ) ;
#9412 = ORIENTED_EDGE ( 'NONE', *, *, #6179, .T. ) ;
#9413 =( NAMED_UNIT ( * ) SI_UNIT ( $, .STERADIAN. ) SOLID_ANGLE_UNIT ( ) );
#9414 = SURFACE_STYLE_FILL_AREA ( #6257 ) ;
#9415 = VERTEX_POINT ( 'NONE', #3709 ) ;
#9416 = CARTESIAN_POINT ( 'NONE',  ( -0.5500000000000041522, 0.000000000000000000, 0.9499999999999995115 ) ) ;
#9417 = DIRECTION ( 'NONE',  ( 0.000000000000000000, 0.000000000000000000, 1.000000000000000000 ) ) ;
#9418 = CARTESIAN_POINT ( 'NONE',  ( -2.050000000000000266, -0.05000000000000000278, 0.3999999999999995226 ) ) ;
#9419 = ORIENTED_EDGE ( 'NONE', *, *, #7900, .T. ) ;
#9420 = FACE_OUTER_BOUND ( 'NONE', #8416, .T. ) ;
#9421 = ADVANCED_FACE ( 'NONE', ( #4578 ), #4529, .F. ) ;
#9422 = SURFACE_STYLE_FILL_AREA ( #642 ) ;
#9423 = DIRECTION ( 'NONE',  ( -0.000000000000000000, 1.000000000000000000, -0.000000000000000000 ) ) ;
#9424 = AXIS2_PLACEMENT_3D ( 'NONE', #4820, #7021, #2306 ) ;
#9425 = DIRECTION ( 'NONE',  ( -0.000000000000000000, -1.000000000000000000, -0.000000000000000000 ) ) ;
#9426 = ADVANCED_FACE ( 'NONE', ( #10206 ), #2843, .F. ) ;
#9427 = DIRECTION ( 'NONE',  ( -0.000000000000000000, 0.000000000000000000, -1.000000000000000000 ) ) ;
#9428 = CARTESIAN_POINT ( 'NONE',  ( 1.450000000000020828, -0.05000000000000000278, -2.000000000000000000 ) ) ;
#9429 = FILL_AREA_STYLE ('',( #7014 ) ) ;
#9430 = ORIENTED_EDGE ( 'NONE', *, *, #3349, .T. ) ;
#9431 = AXIS2_PLACEMENT_3D ( 'NONE', #9440, #7893, #3143 ) ;
#9432 = CARTESIAN_POINT ( 'NONE',  ( 0.3000000000000208611, 0.000000000000000000, 1.649999999999999911 ) ) ;
#9433 = CARTESIAN_POINT ( 'NONE',  ( 1.400000000000053868, 0.000000000000000000, 1.600000000000024070 ) ) ;
#9435 = CARTESIAN_POINT ( 'NONE',  ( 1.999999999999996669, 0.000000000000000000, 1.100000000000000089 ) ) ;
#9434 = STYLED_ITEM ( 'NONE', ( #3882 ), #8300 ) ;
#9436 = VECTOR ( 'NONE', #1192, 1000.000000000000000 ) ;
#9437 = AXIS2_PLACEMENT_3D ( 'NONE', #7248, #6625, #4860 ) ;
#9438 = CARTESIAN_POINT ( 'NONE',  ( 1.200000000000000622, 0.000000000000000000, -0.04999999999999973910 ) ) ;
#9439 = ORIENTED_EDGE ( 'NONE', *, *, #10208, .T. ) ;
#9440 = CARTESIAN_POINT ( 'NONE',  ( -0.5500000000000018208, -0.05000000000000000278, 0.4499999999999995670 ) ) ;
#9441 = CARTESIAN_POINT ( 'NONE',  ( -2.000000000000000000, 0.000000000000000000, 2.000000000000000000 ) ) ;
#9442 = VERTEX_POINT ( 'NONE', #1424 ) ;
#9443 = CARTESIAN_POINT ( 'NONE',  ( -2.050000000000000266, 0.1499999999999999944, -0.7000000000000003997 ) ) ;
#9444 = FILL_AREA_STYLE_COLOUR ( '', #5036 ) ;
#9445 = STYLED_ITEM ( 'NONE', ( #7132 ), #8768 ) ;
#9446 = PRESENTATION_LAYER_ASSIGNMENT (  '', '', ( #6808 ) ) ;
#9447 =( GEOMETRIC_REPRESENTATION_CONTEXT ( 3 ) GLOBAL_UNCERTAINTY_ASSIGNED_CONTEXT ( ( #9706 ) ) GLOBAL_UNIT_ASSIGNED_CONTEXT ( ( #7423, #2431, #228 ) ) REPRESENTATION_CONTEXT ( 'NONE', 'WORKASPACE' ) );
#9448 = VECTOR ( 'NONE', #8659, 1000.000000000000000 ) ;
#9449 = ORIENTED_EDGE ( 'NONE', *, *, #7582, .T. ) ;
#9450 = CYLINDRICAL_SURFACE ( 'NONE', #656, 0.04999999999999991257 ) ;
#9451 = CARTESIAN_POINT ( 'NONE',  ( -1.450000000000020828, -0.05000000000000000278, -2.000000000000000000 ) ) ;
#9452 = EDGE_CURVE ( 'NONE', #2889, #10221, #1478, .T. ) ;
#9453 = EDGE_CURVE ( 'NONE', #9146, #7259, #4060, .T. ) ;
#9454 = CARTESIAN_POINT ( 'NONE',  ( -0.5500000000000041522, -0.05000000000000000278, 1.249999999999999556 ) ) ;
#9455 = ORIENTED_EDGE ( 'NONE', *, *, #7000, .T. ) ;
#9456 =( GEOMETRIC_REPRESENTATION_CONTEXT ( 3 ) GLOBAL_UNCERTAINTY_ASSIGNED_CONTEXT ( ( #6701 ) ) GLOBAL_UNIT_ASSIGNED_CONTEXT ( ( #3387, #5635, #7299 ) ) REPRESENTATION_CONTEXT ( 'NONE', 'WORKASPACE' ) );
#9457 = PRESENTATION_LAYER_ASSIGNMENT (  '', '', ( #6481 ) ) ;
#9458 = COLOUR_RGB ( '',0.7686274509803920907, 0.7686274509803920907, 0.7686274509803920907 ) ;
#9459 = PRESENTATION_LAYER_ASSIGNMENT (  '', '', ( #4815 ) ) ;
#9460 = ORIENTED_EDGE ( 'NONE', *, *, #5537, .F. ) ;
#9461 = CARTESIAN_POINT ( 'NONE',  ( -0.6999999999999793054, -0.05000000000000000278, -2.000000000000005329 ) ) ;
#9462 = CARTESIAN_POINT ( 'NONE',  ( 1.150000000000021227, 0.000000000000000000, -1.649999999999966827 ) ) ;
#9463 = ORIENTED_EDGE ( 'NONE', *, *, #5562, .T. ) ;
#9464 = SURFACE_SIDE_STYLE ('',( #3859 ) ) ;
#9465 = FILL_AREA_STYLE_COLOUR ( '', #2800 ) ;
#9466 = PRESENTATION_LAYER_ASSIGNMENT (  '', '', ( #8663 ) ) ;
#9467 = VERTEX_POINT ( 'NONE', #1527 ) ;
#9468 = PRESENTATION_STYLE_ASSIGNMENT (( #10253 ) ) ;
#9469 = AXIS2_PLACEMENT_3D ( 'NONE', #2285, #7916, #8511 ) ;
#9470 = EDGE_CURVE ( 'NONE', #1844, #3366, #6409, .T. ) ;
#9471 = CARTESIAN_POINT ( 'NONE',  ( -1.450000000000020828, 0.1499999999999999944, 2.050000000000000266 ) ) ;
#9472 = CARTESIAN_POINT ( 'NONE',  ( -0.5500000000000018208, -0.05000000000000000278, 0.4499999999999995670 ) ) ;
#9473 = ORIENTED_EDGE ( 'NONE', *, *, #8059, .T. ) ;
#9474 = FILL_AREA_STYLE_COLOUR ( '', #4646 ) ;
#9475 =( LENGTH_UNIT ( ) NAMED_UNIT ( * ) SI_UNIT ( .MILLI., .METRE. ) );
#9476 = CARTESIAN_POINT ( 'NONE',  ( 2.050000000000000266, 0.1499999999999999944, 0.5000000000000001110 ) ) ;
#9477 = MECHANICAL_DESIGN_GEOMETRIC_PRESENTATION_REPRESENTATION (  '', ( #444 ), #2152 ) ;
#9478 = SURFACE_SIDE_STYLE ('',( #3962 ) ) ;
#9479 = LINE ( 'NONE', #1535, #7534 ) ;
#9480 = PRESENTATION_LAYER_ASSIGNMENT (  '', '', ( #7990 ) ) ;
#9481 = COLOUR_RGB ( '',0.7686274509803920907, 0.7686274509803920907, 0.7686274509803920907 ) ;
#9482 = CARTESIAN_POINT ( 'NONE',  ( 2.000000000000000000, 0.000000000000000000, 2.000000000000000000 ) ) ;
#9483 = SURFACE_SIDE_STYLE ('',( #7824 ) ) ;
#9484 = EDGE_CURVE ( 'NONE', #9858, #9769, #4688, .T. ) ;
#9485 = DIRECTION ( 'NONE',  ( 0.000000000000000000, 1.000000000000000000, 0.000000000000000000 ) ) ;
#9486 = CARTESIAN_POINT ( 'NONE',  ( -0.8500000000000124123, 0.000000000000000000, 1.649999999999967049 ) ) ;
#9487 =( NAMED_UNIT ( * ) SI_UNIT ( $, .STERADIAN. ) SOLID_ANGLE_UNIT ( ) );
#9488 = ORIENTED_EDGE ( 'NONE', *, *, #8268, .F. ) ;
#9489 = VECTOR ( 'NONE', #1917, 1000.000000000000000 ) ;
#9490 = PRESENTATION_LAYER_ASSIGNMENT (  '', '', ( #6681 ) ) ;
#9491 = FILL_AREA_STYLE_COLOUR ( '', #3679 ) ;
#9492 = VECTOR ( 'NONE', #8875, 1000.000000000000000 ) ;
#9493 = SURFACE_STYLE_USAGE ( .BOTH. , #9544 ) ;
#9494 = LINE ( 'NONE', #9389, #6974 ) ;
#9495 = ADVANCED_FACE ( 'NONE', ( #2388 ), #4102, .F. ) ;
#9496 = EDGE_CURVE ( 'NONE', #2650, #5446, #2425, .T. ) ;
#9497 =( GEOMETRIC_REPRESENTATION_CONTEXT ( 3 ) GLOBAL_UNCERTAINTY_ASSIGNED_CONTEXT ( ( #8361 ) ) GLOBAL_UNIT_ASSIGNED_CONTEXT ( ( #5637, #8822, #1546 ) ) REPRESENTATION_CONTEXT ( 'NONE', 'WORKASPACE' ) );
#9498 =( LENGTH_UNIT ( ) NAMED_UNIT ( * ) SI_UNIT ( .MILLI., .METRE. ) );
#9499 =( GEOMETRIC_REPRESENTATION_CONTEXT ( 3 ) GLOBAL_UNCERTAINTY_ASSIGNED_CONTEXT ( ( #9596 ) ) GLOBAL_UNIT_ASSIGNED_CONTEXT ( ( #8298, #2017, #2904 ) ) REPRESENTATION_CONTEXT ( 'NONE', 'WORKASPACE' ) );
#9500 = ORIENTED_EDGE ( 'NONE', *, *, #887, .T. ) ;
#9501 = CARTESIAN_POINT ( 'NONE',  ( -0.4999999999999885092, 0.000000000000000000, -0.9500000000000005107 ) ) ;
#9502 = LINE ( 'NONE', #4822, #1589 ) ;
#9503 = DIRECTION ( 'NONE',  ( 0.000000000000000000, -0.000000000000000000, -1.000000000000000000 ) ) ;
#9504 = VERTEX_POINT ( 'NONE', #5673 ) ;
#9505 = UNCERTAINTY_MEASURE_WITH_UNIT (LENGTH_MEASURE( 1.000000000000000082E-05 ), #6460, 'distance_accuracy_value', 'NONE');
#9506 = CARTESIAN_POINT ( 'NONE',  ( 0.3000000000000208611, -0.05000000000000000278, -2.000000000000000000 ) ) ;
#9507 = CARTESIAN_POINT ( 'NONE',  ( -0.8499999999999793276, 0.000000000000000000, -1.599999999999999867 ) ) ;
#9508 = MECHANICAL_DESIGN_GEOMETRIC_PRESENTATION_REPRESENTATION (  '', ( #7346 ), #6351 ) ;
#9509 = EDGE_CURVE ( 'NONE', #1197, #651, #5611, .T. ) ;
#9510 = PRESENTATION_LAYER_ASSIGNMENT (  '', '', ( #2023 ) ) ;
#9511 = ORIENTED_EDGE ( 'NONE', *, *, #9537, .T. ) ;
#9512 = PRESENTATION_STYLE_ASSIGNMENT (( #3094 ) ) ;
#9513 = CARTESIAN_POINT ( 'NONE',  ( -2.050000000000000266, 0.000000000000000000, 0.000000000000000000 ) ) ;
#9514 = PRESENTATION_STYLE_ASSIGNMENT (( #4679 ) ) ;
#9515 = VERTEX_POINT ( 'NONE', #8010 ) ;
#9516 = PRESENTATION_LAYER_ASSIGNMENT (  '', '', ( #10173 ) ) ;
#9517 = MECHANICAL_DESIGN_GEOMETRIC_PRESENTATION_REPRESENTATION (  '', ( #9183 ), #2847 ) ;
#9518 = COLOUR_RGB ( '',0.7686274509803920907, 0.7686274509803920907, 0.7686274509803920907 ) ;
#9519 = ORIENTED_EDGE ( 'NONE', *, *, #5346, .F. ) ;
#9520 = FILL_AREA_STYLE_COLOUR ( '', #8123 ) ;
#9521 = EDGE_LOOP ( 'NONE', ( #5504, #7957, #2410, #1338 ) ) ;
#9522 = CARTESIAN_POINT ( 'NONE',  ( 2.050000000000000266, 0.1499999999999999944, -1.100000000000000089 ) ) ;
#9523 = CARTESIAN_POINT ( 'NONE',  ( 2.000000000000000000, -0.05000000000000000278, -1.100000000000000089 ) ) ;
#9524 = FACE_OUTER_BOUND ( 'NONE', #5012, .T. ) ;
#9525 =( GEOMETRIC_REPRESENTATION_CONTEXT ( 3 ) GLOBAL_UNCERTAINTY_ASSIGNED_CONTEXT ( ( #3478 ) ) GLOBAL_UNIT_ASSIGNED_CONTEXT ( ( #6331, #5494, #4763 ) ) REPRESENTATION_CONTEXT ( 'NONE', 'WORKASPACE' ) );
#9526 = STYLED_ITEM ( 'NONE', ( #1029 ), #6217 ) ;
#9527 = ORIENTED_EDGE ( 'NONE', *, *, #9223, .T. ) ;
#9528 = STYLED_ITEM ( 'NONE', ( #7919 ), #5539 ) ;
#9529 = FACE_OUTER_BOUND ( 'NONE', #385, .T. ) ;
#9530 = PLANE ( 'NONE',  #8127 ) ;
#9531 = DIRECTION ( 'NONE',  ( 0.000000000000000000, 1.355252715606880049E-16, -1.000000000000000000 ) ) ;
#9532 = ORIENTED_EDGE ( 'NONE', *, *, #6948, .T. ) ;
#9533 = CIRCLE ( 'NONE', #6383, 0.04999999999995480976 ) ;
#9534 = LINE ( 'NONE', #2396, #1123 ) ;
#9535 = CARTESIAN_POINT ( 'NONE',  ( 0.5000000000000208722, -0.05000000000000000278, -1.999999999999999556 ) ) ;
#9536 = ADVANCED_FACE ( 'NONE', ( #8795 ), #835, .F. ) ;
#9537 = EDGE_CURVE ( 'NONE', #257, #675, #355, .T. ) ;
#9538 = CARTESIAN_POINT ( 'NONE',  ( -0.8999999999999791500, -0.05000000000000000278, 2.050000000000000266 ) ) ;
#9539 = DIRECTION ( 'NONE',  ( -1.000000000000000000, -0.000000000000000000, -0.000000000000000000 ) ) ;
#9540 = PLANE ( 'NONE',  #3968 ) ;
#9541 = SURFACE_SIDE_STYLE ('',( #1399 ) ) ;
#9542 = SURFACE_SIDE_STYLE ('',( #8764 ) ) ;
#9543 = ORIENTED_EDGE ( 'NONE', *, *, #4900, .T. ) ;
#9544 = SURFACE_SIDE_STYLE ('',( #698 ) ) ;
#9545 = DIRECTION ( 'NONE',  ( 0.000000000000000000, -1.000000000000000000, 0.000000000000000000 ) ) ;
#9546 = CARTESIAN_POINT ( 'NONE',  ( 0.4500000000000538569, -0.05000000000000000278, -1.649999999999967049 ) ) ;
#9547 = LINE ( 'NONE', #3937, #3619 ) ;
#9548 = EDGE_LOOP ( 'NONE', ( #3050, #10277, #1795, #8818, #7296, #10356 ) ) ;
#9549 = CARTESIAN_POINT ( 'NONE',  ( -1.400000000000012124, -0.05000000000000000278, -1.599999999999999867 ) ) ;
#9550 = CARTESIAN_POINT ( 'NONE',  ( -0.5000000000000000000, -0.05000000000000000278, 0.09999999999999914513 ) ) ;
#9551 = ORIENTED_EDGE ( 'NONE', *, *, #8401, .T. ) ;
#9552 = SURFACE_STYLE_USAGE ( .BOTH. , #1556 ) ;
#9553 = ADVANCED_FACE ( 'NONE', ( #9054 ), #8332, .F. ) ;
#9554 =( NAMED_UNIT ( * ) PLANE_ANGLE_UNIT ( ) SI_UNIT ( $, .RADIAN. ) );
#9555 = ORIENTED_EDGE ( 'NONE', *, *, #700, .T. ) ;
#9556 = DIRECTION ( 'NONE',  ( 1.000000000000000000, -0.000000000000000000, -0.000000000000000000 ) ) ;
#9557 = DIRECTION ( 'NONE',  ( 0.000000000000000000, -1.000000000000000000, 0.000000000000000000 ) ) ;
#9558 = FILL_AREA_STYLE ('',( #4614 ) ) ;
#9559 = SURFACE_SIDE_STYLE ('',( #6400 ) ) ;
#9560 = ORIENTED_EDGE ( 'NONE', *, *, #2133, .F. ) ;
#9561 = EDGE_CURVE ( 'NONE', #941, #6770, #190, .T. ) ;
#9562 = VERTEX_POINT ( 'NONE', #4310 ) ;
#9563 = PLANE ( 'NONE',  #5650 ) ;
#9564 = VERTEX_POINT ( 'NONE', #9823 ) ;
#9565 = PRESENTATION_STYLE_ASSIGNMENT (( #8007 ) ) ;
#9566 = DIRECTION ( 'NONE',  ( 0.000000000000000000, 1.355252715606880049E-16, -1.000000000000000000 ) ) ;
#9567 =( NAMED_UNIT ( * ) SI_UNIT ( $, .STERADIAN. ) SOLID_ANGLE_UNIT ( ) );
#9568 = EDGE_LOOP ( 'NONE', ( #7801, #6060, #7549, #6091 ) ) ;
#9569 = LINE ( 'NONE', #9722, #6361 ) ;
#9570 = PRESENTATION_STYLE_ASSIGNMENT (( #8326 ) ) ;
#9571 = VERTEX_POINT ( 'NONE', #299 ) ;
#9572 = CARTESIAN_POINT ( 'NONE',  ( 0.000000000000000000, 1.000000000000000000, 0.000000000000000000 ) ) ;
#9573 = LINE ( 'NONE', #4171, #5522 ) ;
#9574 = SURFACE_SIDE_STYLE ('',( #7918 ) ) ;
#9575 = CARTESIAN_POINT ( 'NONE',  ( -0.2999999999999792277, -0.05000000000000000278, -2.000000000000002220 ) ) ;
#9576 = FACE_OUTER_BOUND ( 'NONE', #7651, .T. ) ;
#9577 = LINE ( 'NONE', #3237, #9201 ) ;
#9578 = EDGE_CURVE ( 'NONE', #4594, #8299, #6604, .T. ) ;
#9579 = EDGE_CURVE ( 'NONE', #8876, #5284, #3527, .T. ) ;
#9580 = LINE ( 'NONE', #3, #5303 ) ;
#9581 = CARTESIAN_POINT ( 'NONE',  ( 0.05000000000002047945, 0.000000000000000000, -1.599999999999999645 ) ) ;
#9582 = DIRECTION ( 'NONE',  ( -0.000000000000000000, -1.355252715606880049E-16, 1.000000000000000000 ) ) ;
#9583 = SURFACE_SIDE_STYLE ('',( #1022 ) ) ;
#9584 = VERTEX_POINT ( 'NONE', #8107 ) ;
#9585 = DIRECTION ( 'NONE',  ( 0.000000000000000000, 1.000000000000000000, 0.000000000000000000 ) ) ;
#9586 = DIRECTION ( 'NONE',  ( -0.000000000000000000, -1.000000000000000000, 0.000000000000000000 ) ) ;
#9587 = PLANE ( 'NONE',  #1595 ) ;
#9588 = SURFACE_SIDE_STYLE ('',( #2501 ) ) ;
#9589 = DIRECTION ( 'NONE',  ( 0.000000000000000000, 0.000000000000000000, 1.000000000000000000 ) ) ;
#9590 = LINE ( 'NONE', #4135, #4621 ) ;
#9591 = FILL_AREA_STYLE_COLOUR ( '', #2962 ) ;
#9592 =( GEOMETRIC_REPRESENTATION_CONTEXT ( 3 ) GLOBAL_UNCERTAINTY_ASSIGNED_CONTEXT ( ( #5250 ) ) GLOBAL_UNIT_ASSIGNED_CONTEXT ( ( #8936, #7420, #2080 ) ) REPRESENTATION_CONTEXT ( 'NONE', 'WORKASPACE' ) );
#9593 = CARTESIAN_POINT ( 'NONE',  ( 0.1000000000000208639, -0.05000000000000000278, 2.000000000000000000 ) ) ;
#9594 =( LENGTH_UNIT ( ) NAMED_UNIT ( * ) SI_UNIT ( .MILLI., .METRE. ) );
#9595 = ORIENTED_EDGE ( 'NONE', *, *, #2131, .T. ) ;
#9596 = UNCERTAINTY_MEASURE_WITH_UNIT (LENGTH_MEASURE( 1.000000000000000082E-05 ), #8298, 'distance_accuracy_value', 'NONE');
#9597 = AXIS2_PLACEMENT_3D ( 'NONE', #4419, #391, #3780 ) ;
#9598 = FILL_AREA_STYLE ('',( #6047 ) ) ;
#9599 = AXIS2_PLACEMENT_3D ( 'NONE', #4137, #7306, #2507 ) ;
#9600 = MECHANICAL_DESIGN_GEOMETRIC_PRESENTATION_REPRESENTATION (  '', ( #3113 ), #9112 ) ;
#9601 = ORIENTED_EDGE ( 'NONE', *, *, #3301, .T. ) ;
#9602 = LINE ( 'NONE', #1040, #8542 ) ;
#9603 = CARTESIAN_POINT ( 'NONE',  ( -0.5499999999999946043, -0.05000000000000000278, -0.4000000000000005218 ) ) ;
#9604 = EDGE_CURVE ( 'NONE', #1737, #160, #9873, .T. ) ;
#9605 = ORIENTED_EDGE ( 'NONE', *, *, #6878, .T. ) ;
#9606 = EDGE_LOOP ( 'NONE', ( #3504, #8395, #1093, #4622 ) ) ;
#9607 = VECTOR ( 'NONE', #9582, 1000.000000000000000 ) ;
#9608 = UNCERTAINTY_MEASURE_WITH_UNIT (LENGTH_MEASURE( 1.000000000000000082E-05 ), #4749, 'distance_accuracy_value', 'NONE');
#9609 = COLOUR_RGB ( '',0.7686274509803920907, 0.7686274509803920907, 0.7686274509803920907 ) ;
#9610 = FILL_AREA_STYLE ('',( #3059 ) ) ;
#9611 = EDGE_LOOP ( 'NONE', ( #5520, #8787, #6027, #2868 ) ) ;
#9612 =( NAMED_UNIT ( * ) PLANE_ANGLE_UNIT ( ) SI_UNIT ( $, .RADIAN. ) );
#9613 = CARTESIAN_POINT ( 'NONE',  ( 2.050000000000000266, 0.1500000000000000222, -0.1000000000000000472 ) ) ;
#9614 = PRESENTATION_LAYER_ASSIGNMENT (  '', '', ( #9125 ) ) ;
#9615 = DIRECTION ( 'NONE',  ( -0.000000000000000000, 1.000000000000000000, -0.000000000000000000 ) ) ;
#9616 = CARTESIAN_POINT ( 'NONE',  ( 1.199999999999996403, 0.000000000000000000, 1.150000000000000355 ) ) ;
#9617 = EDGE_LOOP ( 'NONE', ( #8217, #10047, #2969, #526, #8735, #8796 ) ) ;
#9618 = STYLED_ITEM ( 'NONE', ( #723 ), #8769 ) ;
#9619 = PRESENTATION_LAYER_ASSIGNMENT (  '', '', ( #2959 ) ) ;
#9620 = AXIS2_PLACEMENT_3D ( 'NONE', #7264, #4206, #2616 ) ;
#9621 = ADVANCED_FACE ( 'NONE', ( #5931 ), #9095, .T. ) ;
#9622 = ORIENTED_EDGE ( 'NONE', *, *, #1802, .F. ) ;
#9623 =( LENGTH_UNIT ( ) NAMED_UNIT ( * ) SI_UNIT ( .MILLI., .METRE. ) );
#9624 = SURFACE_STYLE_FILL_AREA ( #4854 ) ;
#9625 = COLOUR_RGB ( '',0.7686274509803920907, 0.7686274509803920907, 0.7686274509803920907 ) ;
#9626 = FILL_AREA_STYLE_COLOUR ( '', #4327 ) ;
#9627 = PLANE ( 'NONE',  #6552 ) ;
#9628 = STYLED_ITEM ( 'NONE', ( #4073 ), #3924 ) ;
#9629 = EDGE_CURVE ( 'NONE', #5999, #4462, #5991, .T. ) ;
#9630 = FILL_AREA_STYLE ('',( #4118 ) ) ;
#9631 = STYLED_ITEM ( 'NONE', ( #7453 ), #9068 ) ;
#9632 = PRESENTATION_LAYER_ASSIGNMENT (  '', '', ( #4486 ) ) ;
#9633 = FILL_AREA_STYLE_COLOUR ( '', #754 ) ;
#9634 = AXIS2_PLACEMENT_3D ( 'NONE', #7782, #5248, #5895 ) ;
#9635 = DIRECTION ( 'NONE',  ( 0.000000000000000000, -0.000000000000000000, 1.000000000000000000 ) ) ;
#9636 = LINE ( 'NONE', #5695, #9492 ) ;
#9637 = ORIENTED_EDGE ( 'NONE', *, *, #2819, .F. ) ;
#9638 = PLANE ( 'NONE',  #2990 ) ;
#9639 = MECHANICAL_DESIGN_GEOMETRIC_PRESENTATION_REPRESENTATION (  '', ( #5648 ), #7314 ) ;
#9640 = EDGE_CURVE ( 'NONE', #8538, #2730, #1810, .T. ) ;
#9641 = VECTOR ( 'NONE', #2373, 1000.000000000000000 ) ;
#9642 = CARTESIAN_POINT ( 'NONE',  ( -0.5500000000000038192, 0.000000000000000000, 1.199999999999999734 ) ) ;
#9643 = AXIS2_PLACEMENT_3D ( 'NONE', #7258, #4244, #277 ) ;
#9644 = DIRECTION ( 'NONE',  ( 1.000000000000000000, 0.000000000000000000, 0.000000000000000000 ) ) ;
#9645 = FACE_OUTER_BOUND ( 'NONE', #1742, .T. ) ;
#9646 = DIRECTION ( 'NONE',  ( 1.000000000000000000, 0.000000000000000000, 0.000000000000000000 ) ) ;
#9647 =( NAMED_UNIT ( * ) SI_UNIT ( $, .STERADIAN. ) SOLID_ANGLE_UNIT ( ) );
#9648 = AXIS2_PLACEMENT_3D ( 'NONE', #2092, #2883, #5364 ) ;
#9649 = CARTESIAN_POINT ( 'NONE',  ( -0.5500000000000018208, 0.000000000000000000, 0.6499999999999995781 ) ) ;
#9650 = DIRECTION ( 'NONE',  ( 0.000000000000000000, 1.000000000000000000, 0.000000000000000000 ) ) ;
#9651 = DIRECTION ( 'NONE',  ( -0.000000000000000000, -1.000000000000000000, -0.000000000000000000 ) ) ;
#9652 = VECTOR ( 'NONE', #853, 1000.000000000000000 ) ;
#9653 = ORIENTED_EDGE ( 'NONE', *, *, #1062, .F. ) ;
#9654 = EDGE_CURVE ( 'NONE', #4004, #7185, #8584, .T. ) ;
#9655 = ADVANCED_FACE ( 'NONE', ( #6198 ), #5255, .F. ) ;
#9656 = LINE ( 'NONE', #2516, #7175 ) ;
#9657 = DIRECTION ( 'NONE',  ( 0.000000000000000000, 0.000000000000000000, 1.000000000000000000 ) ) ;
#9658 = CIRCLE ( 'NONE', #9986, 0.04999999999995480976 ) ;
#9659 = VECTOR ( 'NONE', #6908, 1000.000000000000000 ) ;
#9660 = ORIENTED_EDGE ( 'NONE', *, *, #2418, .T. ) ;
#9661 = LINE ( 'NONE', #2520, #8855 ) ;
#9662 = VECTOR ( 'NONE', #1008, 1000.000000000000000 ) ;
#9663 = DIRECTION ( 'NONE',  ( -0.000000000000000000, -1.000000000000000000, 0.000000000000000000 ) ) ;
#9664 = ORIENTED_EDGE ( 'NONE', *, *, #3203, .F. ) ;
#9665 = CARTESIAN_POINT ( 'NONE',  ( 1.400000000000053868, -0.05000000000000000278, 1.649999999999966827 ) ) ;
#9666 = VERTEX_POINT ( 'NONE', #10190 ) ;
#9667 = VECTOR ( 'NONE', #6632, 1000.000000000000000 ) ;
#9668 = VECTOR ( 'NONE', #1046, 1000.000000000000000 ) ;
#9669 = SURFACE_STYLE_USAGE ( .BOTH. , #23 ) ;
#9670 = ORIENTED_EDGE ( 'NONE', *, *, #9084, .T. ) ;
#9671 = FILL_AREA_STYLE_COLOUR ( '', #8186 ) ;
#9672 = PRESENTATION_STYLE_ASSIGNMENT (( #1620 ) ) ;
#9673 =( NAMED_UNIT ( * ) SI_UNIT ( $, .STERADIAN. ) SOLID_ANGLE_UNIT ( ) );
#9674 = ORIENTED_EDGE ( 'NONE', *, *, #2952, .F. ) ;
#9675 = CARTESIAN_POINT ( 'NONE',  ( -0.8499999999999793276, -0.05000000000000000278, -1.599999999999999867 ) ) ;
#9676 = COLOUR_RGB ( '',0.7686274509803920907, 0.7686274509803920907, 0.7686274509803920907 ) ;
#9677 = DIRECTION ( 'NONE',  ( 0.000000000000000000, -1.000000000000000000, -1.355252715606880049E-16 ) ) ;
#9678 = VECTOR ( 'NONE', #6556, 1000.000000000000000 ) ;
#9679 = COLOUR_RGB ( '',0.7686274509803920907, 0.7686274509803920907, 0.7686274509803920907 ) ;
#9680 =( LENGTH_UNIT ( ) NAMED_UNIT ( * ) SI_UNIT ( .MILLI., .METRE. ) );
#9681 = VERTEX_POINT ( 'NONE', #5411 ) ;
#9682 = SURFACE_STYLE_USAGE ( .BOTH. , #3231 ) ;
#9683 = SURFACE_STYLE_FILL_AREA ( #10370 ) ;
#9684 = CARTESIAN_POINT ( 'NONE',  ( 0.4500000000000538569, -0.05000000000000000278, 1.649999999999967049 ) ) ;
#9685 =( GEOMETRIC_REPRESENTATION_CONTEXT ( 3 ) GLOBAL_UNCERTAINTY_ASSIGNED_CONTEXT ( ( #40 ) ) GLOBAL_UNIT_ASSIGNED_CONTEXT ( ( #6928, #1376, #7699 ) ) REPRESENTATION_CONTEXT ( 'NONE', 'WORKASPACE' ) );
#9686 = VECTOR ( 'NONE', #702, 1000.000000000000000 ) ;
#9687 = FACE_OUTER_BOUND ( 'NONE', #5417, .T. ) ;
#9688 = VECTOR ( 'NONE', #1505, 1000.000000000000000 ) ;
#9689 = ADVANCED_FACE ( 'NONE', ( #4610 ), #1375, .F. ) ;
#9690 = ADVANCED_FACE ( 'NONE', ( #6823 ), #2826, .F. ) ;
#9691 = DIRECTION ( 'NONE',  ( -0.000000000000000000, -1.000000000000000000, -0.000000000000000000 ) ) ;
#9692 = AXIS2_PLACEMENT_3D ( 'NONE', #8725, #3124, #741 ) ;
#9693 = CARTESIAN_POINT ( 'NONE',  ( 0.4500000000000204947, -0.05000000000000000278, -1.599999999999999867 ) ) ;
#9694 = MECHANICAL_DESIGN_GEOMETRIC_PRESENTATION_REPRESENTATION (  '', ( #3866 ), #7198 ) ;
#9695 =( NAMED_UNIT ( * ) PLANE_ANGLE_UNIT ( ) SI_UNIT ( $, .RADIAN. ) );
#9696 = ADVANCED_FACE ( 'NONE', ( #5655 ), #4881, .T. ) ;
#9697 = EDGE_LOOP ( 'NONE', ( #5271, #1381, #6833, #5050 ) ) ;
#9698 = DIRECTION ( 'NONE',  ( -0.000000000000000000, -1.000000000000000000, 0.000000000000000000 ) ) ;
#9699 = CARTESIAN_POINT ( 'NONE',  ( 1.400000000000053868, -0.05000000000000000278, -1.649999999999966827 ) ) ;
#9700 = STYLED_ITEM ( 'NONE', ( #7247 ), #2973 ) ;
#9701 = PRESENTATION_STYLE_ASSIGNMENT (( #4041 ) ) ;
#9702 =( NAMED_UNIT ( * ) PLANE_ANGLE_UNIT ( ) SI_UNIT ( $, .RADIAN. ) );
#9703 =( NAMED_UNIT ( * ) SI_UNIT ( $, .STERADIAN. ) SOLID_ANGLE_UNIT ( ) );
#9704 =( NAMED_UNIT ( * ) PLANE_ANGLE_UNIT ( ) SI_UNIT ( $, .RADIAN. ) );
#9705 = ORIENTED_EDGE ( 'NONE', *, *, #4446, .T. ) ;
#9706 = UNCERTAINTY_MEASURE_WITH_UNIT (LENGTH_MEASURE( 1.000000000000000082E-05 ), #7423, 'distance_accuracy_value', 'NONE');
#9707 = PLANE ( 'NONE',  #4012 ) ;
#9708 = CARTESIAN_POINT ( 'NONE',  ( 1.400000000000053868, -0.05000000000000000278, 1.649999999999966827 ) ) ;
#9709 = ORIENTED_EDGE ( 'NONE', *, *, #9782, .F. ) ;
#9710 = SURFACE_STYLE_USAGE ( .BOTH. , #124 ) ;
#9711 = CARTESIAN_POINT ( 'NONE',  ( 0.9000000000000208944, 0.000000000000000000, -1.999999999999999556 ) ) ;
#9712 = SURFACE_STYLE_FILL_AREA ( #7317 ) ;
#9713 = VERTEX_POINT ( 'NONE', #4771 ) ;
#9714 = EDGE_CURVE ( 'NONE', #6349, #9104, #6395, .T. ) ;
#9715 = PLANE ( 'NONE',  #9597 ) ;
#9716 = ADVANCED_FACE ( 'NONE', ( #3944 ), #10343, .F. ) ;
#9717 = ORIENTED_EDGE ( 'NONE', *, *, #9579, .T. ) ;
#9718 =( NAMED_UNIT ( * ) SI_UNIT ( $, .STERADIAN. ) SOLID_ANGLE_UNIT ( ) );
#9719 = FACE_OUTER_BOUND ( 'NONE', #6458, .T. ) ;
#9720 = DIRECTION ( 'NONE',  ( -0.000000000000000000, 1.000000000000000000, -0.000000000000000000 ) ) ;
#9721 = ORIENTED_EDGE ( 'NONE', *, *, #1996, .T. ) ;
#9722 = CARTESIAN_POINT ( 'NONE',  ( -2.050000000000000266, -0.05000000000000000278, -0.7000000000000003997 ) ) ;
#9723 = FILL_AREA_STYLE ('',( #9826 ) ) ;
#9724 = DIRECTION ( 'NONE',  ( 0.000000000000000000, -1.000000000000000000, 0.000000000000000000 ) ) ;
#9725 = ORIENTED_EDGE ( 'NONE', *, *, #7718, .T. ) ;
#9726 = FILL_AREA_STYLE_COLOUR ( '', #7302 ) ;
#9727 = DIRECTION ( 'NONE',  ( -0.000000000000000000, 1.000000000000000000, -0.000000000000000000 ) ) ;
#9728 = EDGE_CURVE ( 'NONE', #5900, #302, #1758, .T. ) ;
#9729 = ORIENTED_EDGE ( 'NONE', *, *, #7589, .T. ) ;
#9730 = AXIS2_PLACEMENT_3D ( 'NONE', #4095, #7267, #9758 ) ;
#9731 = ORIENTED_EDGE ( 'NONE', *, *, #9629, .T. ) ;
#9732 = CARTESIAN_POINT ( 'NONE',  ( -0.6999999999999793054, -0.05000000000000000278, 1.649999999999999911 ) ) ;
#9733 = ADVANCED_FACE ( 'NONE', ( #7471 ), #9086, .F. ) ;
#9734 = FILL_AREA_STYLE ('',( #851 ) ) ;
#9735 =( NAMED_UNIT ( * ) SI_UNIT ( $, .STERADIAN. ) SOLID_ANGLE_UNIT ( ) );
#9736 = DIRECTION ( 'NONE',  ( -1.000000000000000000, 0.000000000000000000, 0.000000000000000000 ) ) ;
#9737 = ORIENTED_EDGE ( 'NONE', *, *, #2819, .T. ) ;
#9738 = DIRECTION ( 'NONE',  ( 0.000000000000000000, -1.000000000000000000, 0.000000000000000000 ) ) ;
#9739 = FILL_AREA_STYLE ('',( #4185 ) ) ;
#9740 = EDGE_CURVE ( 'NONE', #8581, #4983, #1492, .T. ) ;
#9741 = CARTESIAN_POINT ( 'NONE',  ( -0.3499999999999792166, -0.05000000000000000278, -1.599999999999999867 ) ) ;
#9742 = DIRECTION ( 'NONE',  ( 0.000000000000000000, 0.000000000000000000, -1.000000000000000000 ) ) ;
#9743 = CARTESIAN_POINT ( 'NONE',  ( 1.250000000000004663, -0.05000000000000000278, -0.3500000000000001443 ) ) ;
#9744 = LINE ( 'NONE', #8883, #7443 ) ;
#9745 = PRESENTATION_STYLE_ASSIGNMENT (( #4876 ) ) ;
#9746 = CARTESIAN_POINT ( 'NONE',  ( 1.249999999999999556, 0.000000000000000000, 0.4999999999999997780 ) ) ;
#9747 =( NAMED_UNIT ( * ) SI_UNIT ( $, .STERADIAN. ) SOLID_ANGLE_UNIT ( ) );
#9748 = ORIENTED_EDGE ( 'NONE', *, *, #3549, .F. ) ;
#9749 = VECTOR ( 'NONE', #718, 1000.000000000000000 ) ;
#9750 = CARTESIAN_POINT ( 'NONE',  ( -1.449999999999978861, -0.05000000000000000278, -1.649999999999966827 ) ) ;
#9751 = EDGE_CURVE ( 'NONE', #3856, #8782, #3397, .T. ) ;
#9752 = EDGE_LOOP ( 'NONE', ( #4665, #9396, #8507, #7039 ) ) ;
#9753 = CARTESIAN_POINT ( 'NONE',  ( 2.000000000000000444, -0.05000000000000000278, 0.09999999999999999167 ) ) ;
#9754 = DIRECTION ( 'NONE',  ( 0.000000000000000000, 0.000000000000000000, -1.000000000000000000 ) ) ;
#9755 = VECTOR ( 'NONE', #6760, 1000.000000000000000 ) ;
#9756 = DIRECTION ( 'NONE',  ( -0.000000000000000000, -0.000000000000000000, 1.000000000000000000 ) ) ;
#9757 = ORIENTED_EDGE ( 'NONE', *, *, #1393, .T. ) ;
#9758 = DIRECTION ( 'NONE',  ( 0.000000000000000000, 0.000000000000000000, -1.000000000000000000 ) ) ;
#9759 = ORIENTED_EDGE ( 'NONE', *, *, #2514, .T. ) ;
#9760 = CARTESIAN_POINT ( 'NONE',  ( 2.050000000000000266, 0.000000000000000000, 0.000000000000000000 ) ) ;
#9761 = SURFACE_STYLE_USAGE ( .BOTH. , #8999 ) ;
#9762 = VECTOR ( 'NONE', #4662, 1000.000000000000000 ) ;
#9763 = VECTOR ( 'NONE', #3934, 1000.000000000000000 ) ;
#9764 = MECHANICAL_DESIGN_GEOMETRIC_PRESENTATION_REPRESENTATION (  '', ( #10270 ), #6457 ) ;
#9765 = EDGE_CURVE ( 'NONE', #8738, #5245, #2611, .T. ) ;
#9766 = EDGE_CURVE ( 'NONE', #1724, #8048, #9045, .T. ) ;
#9767 = ORIENTED_EDGE ( 'NONE', *, *, #8891, .F. ) ;
#9768 = CARTESIAN_POINT ( 'NONE',  ( -2.050000000000000266, 0.1499999999999999944, -0.1500000000000003830 ) ) ;
#9769 = VERTEX_POINT ( 'NONE', #118 ) ;
#9770 = VECTOR ( 'NONE', #9236, 1000.000000000000000 ) ;
#9771 = AXIS2_PLACEMENT_3D ( 'NONE', #6470, #3380, #6578 ) ;
#9772 = ORIENTED_EDGE ( 'NONE', *, *, #7692, .T. ) ;
#9773 = AXIS2_PLACEMENT_3D ( 'NONE', #8756, #7099, #7961 ) ;
#9774 = VERTEX_POINT ( 'NONE', #1037 ) ;
#9775 = SURFACE_STYLE_USAGE ( .BOTH. , #3419 ) ;
#9776 = PLANE ( 'NONE',  #7633 ) ;
#9777 = CARTESIAN_POINT ( 'NONE',  ( -1.150000000000021005, -0.05000000000000000278, -2.050000000000000266 ) ) ;
#9778 = CARTESIAN_POINT ( 'NONE',  ( 0.9000000000000208944, 0.1499999999999999944, -2.050000000000000266 ) ) ;
#9779 = DIRECTION ( 'NONE',  ( -0.000000000000000000, 1.000000000000000000, -0.000000000000000000 ) ) ;
#9780 = VECTOR ( 'NONE', #7432, 1000.000000000000000 ) ;
#9781 = PRESENTATION_LAYER_ASSIGNMENT (  '', '', ( #2622 ) ) ;
#9782 = EDGE_CURVE ( 'NONE', #5239, #9985, #8258, .T. ) ;
#9783 = VECTOR ( 'NONE', #7740, 1000.000000000000000 ) ;
#9784 = VERTEX_POINT ( 'NONE', #3509 ) ;
#9785 = DIRECTION ( 'NONE',  ( -0.000000000000000000, -0.000000000000000000, -1.000000000000000000 ) ) ;
#9786 = EDGE_LOOP ( 'NONE', ( #8342, #3554, #4224, #18, #3594, #3164 ) ) ;
#9787 = MECHANICAL_DESIGN_GEOMETRIC_PRESENTATION_REPRESENTATION (  '', ( #2299 ), #4637 ) ;
#9788 = AXIS2_PLACEMENT_3D ( 'NONE', #4325, #6673, #3479 ) ;
#9789 = AXIS2_PLACEMENT_3D ( 'NONE', #608, #4510, #2150 ) ;
#9790 = CARTESIAN_POINT ( 'NONE',  ( 0.5000000000000208722, 0.000000000000000000, 1.649999999999999911 ) ) ;
#9791 = DIRECTION ( 'NONE',  ( -1.000000000000000000, 0.000000000000000000, 0.000000000000000000 ) ) ;
#9792 = EDGE_LOOP ( 'NONE', ( #6991, #8424, #9159, #33 ) ) ;
#9793 = DIRECTION ( 'NONE',  ( -0.000000000000000000, -0.000000000000000000, -1.000000000000000000 ) ) ;
#9794 = CARTESIAN_POINT ( 'NONE',  ( -0.5500000000000021538, -0.05000000000000000278, 0.3999999999999995226 ) ) ;
#9795 = SURFACE_STYLE_USAGE ( .BOTH. , #213 ) ;
#9796 = VECTOR ( 'NONE', #2273, 1000.000000000000000 ) ;
#9797 = FACE_OUTER_BOUND ( 'NONE', #7269, .T. ) ;
#9798 = VECTOR ( 'NONE', #4907, 1000.000000000000000 ) ;
#9799 = DIRECTION ( 'NONE',  ( -0.000000000000000000, 1.000000000000000000, -0.000000000000000000 ) ) ;
#9800 = SURFACE_STYLE_FILL_AREA ( #3341 ) ;
#9801 = PRESENTATION_STYLE_ASSIGNMENT (( #4918 ) ) ;
#9802 = ORIENTED_EDGE ( 'NONE', *, *, #7392, .T. ) ;
#9803 = COLOUR_RGB ( '',0.7686274509803920907, 0.7686274509803920907, 0.7686274509803920907 ) ;
#9804 = UNCERTAINTY_MEASURE_WITH_UNIT (LENGTH_MEASURE( 1.000000000000000082E-05 ), #7214, 'distance_accuracy_value', 'NONE');
#9805 = MECHANICAL_DESIGN_GEOMETRIC_PRESENTATION_REPRESENTATION (  '', ( #7316 ), #6176 ) ;
#9806 = FILL_AREA_STYLE ('',( #5712 ) ) ;
#9807 = EDGE_CURVE ( 'NONE', #2679, #9402, #4294, .T. ) ;
#9808 = EDGE_CURVE ( 'NONE', #5233, #651, #9658, .T. ) ;
#9809 = ORIENTED_EDGE ( 'NONE', *, *, #6415, .F. ) ;
#9810 = DIRECTION ( 'NONE',  ( -0.000000000000000000, -0.000000000000000000, -1.000000000000000000 ) ) ;
#9811 = COLOUR_RGB ( '',0.7686274509803920907, 0.7686274509803920907, 0.7686274509803920907 ) ;
#9812 = CARTESIAN_POINT ( 'NONE',  ( 1.199999999999987965, 0.000000000000000000, 1.600000000000012079 ) ) ;
#9813 = DIRECTION ( 'NONE',  ( 0.000000000000000000, 0.000000000000000000, 1.000000000000000000 ) ) ;
#9814 = AXIS2_PLACEMENT_3D ( 'NONE', #7993, #6436, #1458 ) ;
#9815 = VERTEX_POINT ( 'NONE', #6492 ) ;
#9816 = DIRECTION ( 'NONE',  ( 0.000000000000000000, -1.000000000000000000, -1.355252715606880049E-16 ) ) ;
#9817 =( NAMED_UNIT ( * ) SI_UNIT ( $, .STERADIAN. ) SOLID_ANGLE_UNIT ( ) );
#9818 = ORIENTED_EDGE ( 'NONE', *, *, #9728, .F. ) ;
#9819 = EDGE_CURVE ( 'NONE', #3529, #4951, #9656, .T. ) ;
#9820 =( NAMED_UNIT ( * ) PLANE_ANGLE_UNIT ( ) SI_UNIT ( $, .RADIAN. ) );
#9821 = MECHANICAL_DESIGN_GEOMETRIC_PRESENTATION_REPRESENTATION (  '', ( #5517 ), #5005 ) ;
#9822 = MECHANICAL_DESIGN_GEOMETRIC_PRESENTATION_REPRESENTATION (  '', ( #4016 ), #6189 ) ;
#9823 = CARTESIAN_POINT ( 'NONE',  ( 1.199999999999987965, 0.000000000000000000, -1.600000000000012079 ) ) ;
#9824 = MECHANICAL_DESIGN_GEOMETRIC_PRESENTATION_REPRESENTATION (  '', ( #2664 ), #2489 ) ;
#9825 = EDGE_LOOP ( 'NONE', ( #5725, #3377, #144, #9268 ) ) ;
#9826 = FILL_AREA_STYLE_COLOUR ( '', #2460 ) ;
#9827 = LINE ( 'NONE', #2726, #2116 ) ;
#9828 = ORIENTED_EDGE ( 'NONE', *, *, #4500, .T. ) ;
#9829 = COLOUR_RGB ( '',0.7686274509803920907, 0.7686274509803920907, 0.7686274509803920907 ) ;
#9830 =( GEOMETRIC_REPRESENTATION_CONTEXT ( 3 ) GLOBAL_UNCERTAINTY_ASSIGNED_CONTEXT ( ( #1788 ) ) GLOBAL_UNIT_ASSIGNED_CONTEXT ( ( #783, #3228, #5576 ) ) REPRESENTATION_CONTEXT ( 'NONE', 'WORKASPACE' ) );
#9831 = VERTEX_POINT ( 'NONE', #1706 ) ;
#9832 = AXIS2_PLACEMENT_3D ( 'NONE', #6265, #4750, #3870 ) ;
#9833 = ORIENTED_EDGE ( 'NONE', *, *, #5748, .T. ) ;
#9834 = UNCERTAINTY_MEASURE_WITH_UNIT (LENGTH_MEASURE( 1.000000000000000082E-05 ), #5896, 'distance_accuracy_value', 'NONE');
#9835 = LINE ( 'NONE', #365, #6819 ) ;
#9836 = SURFACE_STYLE_USAGE ( .BOTH. , #8180 ) ;
#9837 = VECTOR ( 'NONE', #1215, 1000.000000000000000 ) ;
#9838 = VERTEX_POINT ( 'NONE', #4923 ) ;
#9839 = VECTOR ( 'NONE', #5521, 1000.000000000000000 ) ;
#9840 = VERTEX_POINT ( 'NONE', #912 ) ;
#9841 = EDGE_CURVE ( 'NONE', #4356, #5813, #3350, .T. ) ;
#9842 = DIRECTION ( 'NONE',  ( 1.000000000000000000, 0.000000000000000000, -0.000000000000000000 ) ) ;
#9843 = CIRCLE ( 'NONE', #8539, 0.04999999999999996808 ) ;
#9844 = EDGE_CURVE ( 'NONE', #10285, #3407, #3775, .T. ) ;
#9845 = LINE ( 'NONE', #327, #5627 ) ;
#9846 = VECTOR ( 'NONE', #63, 1000.000000000000000 ) ;
#9847 = DIRECTION ( 'NONE',  ( 0.000000000000000000, 0.000000000000000000, 1.000000000000000000 ) ) ;
#9848 = ORIENTED_EDGE ( 'NONE', *, *, #4900, .F. ) ;
#9849 = CARTESIAN_POINT ( 'NONE',  ( -1.150000000000021005, -0.05000000000000000278, 2.050000000000000266 ) ) ;
#9850 = CARTESIAN_POINT ( 'NONE',  ( 1.450000000000020606, 0.000000000000000000, 1.649999999999966827 ) ) ;
#9851 = DIRECTION ( 'NONE',  ( 2.891205793294679805E-16, 0.000000000000000000, -1.000000000000000000 ) ) ;
#9852 = CARTESIAN_POINT ( 'NONE',  ( 1.200000000000000622, 0.000000000000000000, -1.149999999999933964 ) ) ;
#9853 = CARTESIAN_POINT ( 'NONE',  ( -0.04999999999997882527, -0.05000000000000000278, -1.599999999999999867 ) ) ;
#9854 = PRESENTATION_LAYER_ASSIGNMENT (  '', '', ( #9528 ) ) ;
#9855 =( LENGTH_UNIT ( ) NAMED_UNIT ( * ) SI_UNIT ( .MILLI., .METRE. ) );
#9856 = FACE_OUTER_BOUND ( 'NONE', #7707, .T. ) ;
#9857 =( LENGTH_UNIT ( ) NAMED_UNIT ( * ) SI_UNIT ( .MILLI., .METRE. ) );
#9858 = VERTEX_POINT ( 'NONE', #6807 ) ;
#9859 = MECHANICAL_DESIGN_GEOMETRIC_PRESENTATION_REPRESENTATION (  '', ( #8555 ), #318 ) ;
#9860 = CARTESIAN_POINT ( 'NONE',  ( -1.999999999999994449, -0.05000000000000000278, -0.4000000000000005218 ) ) ;
#9861 = ADVANCED_FACE ( 'NONE', ( #10021 ), #500, .F. ) ;
#9862 = ORIENTED_EDGE ( 'NONE', *, *, #7392, .F. ) ;
#9863 = CARTESIAN_POINT ( 'NONE',  ( 2.000000000000000000, 0.000000000000000000, 2.000000000000000000 ) ) ;
#9864 =( NAMED_UNIT ( * ) PLANE_ANGLE_UNIT ( ) SI_UNIT ( $, .RADIAN. ) );
#9865 = ORIENTED_EDGE ( 'NONE', *, *, #2394, .T. ) ;
#9866 = DIRECTION ( 'NONE',  ( 0.000000000000000000, -1.000000000000000000, 0.000000000000000000 ) ) ;
#9867 = FILL_AREA_STYLE ('',( #985 ) ) ;
#9868 = ADVANCED_FACE ( 'NONE', ( #5345 ), #1358, .F. ) ;
#9869 = ORIENTED_EDGE ( 'NONE', *, *, #9453, .F. ) ;
#9870 = CARTESIAN_POINT ( 'NONE',  ( 0.3000000000000209166, -0.05000000000000000278, -2.050000000000000266 ) ) ;
#9871 = CARTESIAN_POINT ( 'NONE',  ( -1.999999999999994449, -0.05000000000000000278, -0.7000000000000005107 ) ) ;
#9872 =( NAMED_UNIT ( * ) SI_UNIT ( $, .STERADIAN. ) SOLID_ANGLE_UNIT ( ) );
#9873 = LINE ( 'NONE', #7329, #6016 ) ;
#9874 =( NAMED_UNIT ( * ) PLANE_ANGLE_UNIT ( ) SI_UNIT ( $, .RADIAN. ) );
#9875 = ORIENTED_EDGE ( 'NONE', *, *, #3687, .F. ) ;
#9876 = CARTESIAN_POINT ( 'NONE',  ( 2.050000000000000266, 0.1499999999999999944, -0.2999999999999999334 ) ) ;
#9877 = SURFACE_SIDE_STYLE ('',( #7491 ) ) ;
#9878 = EDGE_CURVE ( 'NONE', #1414, #9330, #9176, .T. ) ;
#9879 = VERTEX_POINT ( 'NONE', #9964 ) ;
#9880 = ORIENTED_EDGE ( 'NONE', *, *, #4089, .T. ) ;
#9881 = ORIENTED_EDGE ( 'NONE', *, *, #525, .F. ) ;
#9882 = CARTESIAN_POINT ( 'NONE',  ( -2.050000000000000266, 0.000000000000000000, 0.000000000000000000 ) ) ;
#9883 = DIRECTION ( 'NONE',  ( 1.000000000000000000, -0.000000000000000000, -0.000000000000000000 ) ) ;
#9884 = EDGE_LOOP ( 'NONE', ( #3838, #5229, #4940, #5606 ) ) ;
#9885 = ORIENTED_EDGE ( 'NONE', *, *, #7529, .T. ) ;
#9886 = DIRECTION ( 'NONE',  ( -0.000000000000000000, -1.000000000000000000, 0.000000000000000000 ) ) ;
#9887 = PRESENTATION_STYLE_ASSIGNMENT (( #2902 ) ) ;
#9888 = FILL_AREA_STYLE_COLOUR ( '', #3966 ) ;
#9889 = ORIENTED_EDGE ( 'NONE', *, *, #177, .F. ) ;
#9890 = FILL_AREA_STYLE_COLOUR ( '', #975 ) ;
#9891 = DIRECTION ( 'NONE',  ( 0.000000000000000000, -0.000000000000000000, -1.000000000000000000 ) ) ;
#9892 =( NAMED_UNIT ( * ) PLANE_ANGLE_UNIT ( ) SI_UNIT ( $, .RADIAN. ) );
#9893 = EDGE_CURVE ( 'NONE', #2836, #10243, #6082, .T. ) ;
#9894 = EDGE_CURVE ( 'NONE', #2527, #3484, #2754, .T. ) ;
#9895 = SURFACE_STYLE_USAGE ( .BOTH. , #6746 ) ;
#9896 = LINE ( 'NONE', #577, #4299 ) ;
#9897 = DIRECTION ( 'NONE',  ( 1.257674520082358417E-13, -0.000000000000000000, -1.000000000000000000 ) ) ;
#9899 = ORIENTED_EDGE ( 'NONE', *, *, #5024, .F. ) ;
#9898 = DIRECTION ( 'NONE',  ( 1.000000000000000000, 0.000000000000000000, -0.000000000000000000 ) ) ;
#9900 = FILL_AREA_STYLE_COLOUR ( '', #3321 ) ;
#9901 = EDGE_LOOP ( 'NONE', ( #7390, #3083, #7760, #2094 ) ) ;
#9902 = UNCERTAINTY_MEASURE_WITH_UNIT (LENGTH_MEASURE( 1.000000000000000082E-05 ), #4463, 'distance_accuracy_value', 'NONE');
#9903 =( LENGTH_UNIT ( ) NAMED_UNIT ( * ) SI_UNIT ( .MILLI., .METRE. ) );
#9904 = DIRECTION ( 'NONE',  ( -0.000000000000000000, -0.000000000000000000, -1.000000000000000000 ) ) ;
#9905 = LINE ( 'NONE', #2144, #5964 ) ;
#9906 = PLANE ( 'NONE',  #8863 ) ;
#9907 =( NAMED_UNIT ( * ) SI_UNIT ( $, .STERADIAN. ) SOLID_ANGLE_UNIT ( ) );
#9908 = EDGE_LOOP ( 'NONE', ( #1018, #3357, #8966, #10083 ) ) ;
#9909 = CARTESIAN_POINT ( 'NONE',  ( 1.150000000000021005, -0.05000000000000000278, -2.050000000000000266 ) ) ;
#9910 = MECHANICAL_DESIGN_GEOMETRIC_PRESENTATION_REPRESENTATION (  '', ( #8767 ), #1576 ) ;
#9911 = CARTESIAN_POINT ( 'NONE',  ( 1.249999999999999112, 0.000000000000000000, 0.3499999999999999223 ) ) ;
#9912 = ORIENTED_EDGE ( 'NONE', *, *, #7527, .T. ) ;
#9913 = UNCERTAINTY_MEASURE_WITH_UNIT (LENGTH_MEASURE( 1.000000000000000082E-05 ), #4406, 'distance_accuracy_value', 'NONE');
#9914 = DIRECTION ( 'NONE',  ( 0.000000000000000000, 0.000000000000000000, 1.000000000000000000 ) ) ;
#9915 = LINE ( 'NONE', #1155, #5980 ) ;
#9916 =( NAMED_UNIT ( * ) PLANE_ANGLE_UNIT ( ) SI_UNIT ( $, .RADIAN. ) );
#9917 = DIRECTION ( 'NONE',  ( -1.000000000000000000, 0.000000000000000000, 0.000000000000000000 ) ) ;
#9918 = SURFACE_STYLE_USAGE ( .BOTH. , #3578 ) ;
#9919 = DIRECTION ( 'NONE',  ( 0.000000000000000000, 0.000000000000000000, 1.000000000000000000 ) ) ;
#9920 = EDGE_LOOP ( 'NONE', ( #9865, #4204, #1042, #4948, #3174, #310 ) ) ;
#9921 = FILL_AREA_STYLE ('',( #358 ) ) ;
#9922 = EDGE_CURVE ( 'NONE', #3310, #6685, #5191, .T. ) ;
#9923 = DIRECTION ( 'NONE',  ( -1.000000000000000000, 0.000000000000000000, 0.000000000000000000 ) ) ;
#9924 = FILL_AREA_STYLE_COLOUR ( '', #8275 ) ;
#9925 = ORIENTED_EDGE ( 'NONE', *, *, #6321, .T. ) ;
#9926 = VECTOR ( 'NONE', #6762, 1000.000000000000000 ) ;
#9927 = VERTEX_POINT ( 'NONE', #7772 ) ;
#9928 = ORIENTED_EDGE ( 'NONE', *, *, #2727, .F. ) ;
#9929 = UNCERTAINTY_MEASURE_WITH_UNIT (LENGTH_MEASURE( 1.000000000000000082E-05 ), #3982, 'distance_accuracy_value', 'NONE');
#9930 = PRESENTATION_LAYER_ASSIGNMENT (  '', '', ( #586 ) ) ;
#9931 = DIRECTION ( 'NONE',  ( 1.000000000000000000, -0.000000000000000000, -0.000000000000000000 ) ) ;
#9932 = PRESENTATION_LAYER_ASSIGNMENT (  '', '', ( #8774 ) ) ;
#9933 =( NAMED_UNIT ( * ) SI_UNIT ( $, .STERADIAN. ) SOLID_ANGLE_UNIT ( ) );
#9934 = SURFACE_STYLE_FILL_AREA ( #1946 ) ;
#9935 = ORIENTED_EDGE ( 'NONE', *, *, #7880, .F. ) ;
#9936 = EDGE_CURVE ( 'NONE', #7421, #4462, #1500, .T. ) ;
#9937 = ADVANCED_FACE ( 'NONE', ( #4715 ), #3243, .T. ) ;
#9938 = STYLED_ITEM ( 'NONE', ( #8971 ), #240 ) ;
#9939 = VECTOR ( 'NONE', #9391, 1000.000000000000000 ) ;
#9940 = ORIENTED_EDGE ( 'NONE', *, *, #2752, .T. ) ;
#9941 = FILL_AREA_STYLE_COLOUR ( '', #928 ) ;
#9942 = ORIENTED_EDGE ( 'NONE', *, *, #7938, .F. ) ;
#9943 = FACE_OUTER_BOUND ( 'NONE', #1055, .T. ) ;
#9944 = CARTESIAN_POINT ( 'NONE',  ( -0.4500000000000122236, -0.05000000000000000278, 1.599999999999999867 ) ) ;
#9945 = AXIS2_PLACEMENT_3D ( 'NONE', #9649, #4969, #6546 ) ;
#9946 = ORIENTED_EDGE ( 'NONE', *, *, #1558, .F. ) ;
#9948 =( GEOMETRIC_REPRESENTATION_CONTEXT ( 3 ) GLOBAL_UNCERTAINTY_ASSIGNED_CONTEXT ( ( #6000 ) ) GLOBAL_UNIT_ASSIGNED_CONTEXT ( ( #5583, #539, #1396 ) ) REPRESENTATION_CONTEXT ( 'NONE', 'WORKASPACE' ) );
#9947 = DIRECTION ( 'NONE',  ( 0.000000000000000000, -1.000000000000000000, 0.000000000000000000 ) ) ;
#9950 = VECTOR ( 'NONE', #6740, 1000.000000000000000 ) ;
#9949 = CARTESIAN_POINT ( 'NONE',  ( -0.6499999999999884759, -0.05000000000000000278, -1.250000000000000444 ) ) ;
#9951 = ADVANCED_FACE ( 'NONE', ( #2250 ), #7161, .T. ) ;
#9952 = FILL_AREA_STYLE ('',( #6073 ) ) ;
#9953 = STYLED_ITEM ( 'NONE', ( #3416 ), #6443 ) ;
#9954 = DIRECTION ( 'NONE',  ( -0.000000000000000000, -1.000000000000000000, -0.000000000000000000 ) ) ;
#9955 = LINE ( 'NONE', #6121, #3886 ) ;
#9956 = PRESENTATION_LAYER_ASSIGNMENT (  '', '', ( #8643 ) ) ;
#9957 = CARTESIAN_POINT ( 'NONE',  ( -2.050000000000000266, 0.1499999999999999944, 0.9499999999999996225 ) ) ;
#9958 = PRESENTATION_LAYER_ASSIGNMENT (  '', '', ( #10294 ) ) ;
#9959 = DIRECTION ( 'NONE',  ( -0.000000000000000000, -0.000000000000000000, -1.000000000000000000 ) ) ;
#9960 = CARTESIAN_POINT ( 'NONE',  ( 1.249999999999996669, 0.000000000000000000, 1.300000000000000044 ) ) ;
#9961 = ORIENTED_EDGE ( 'NONE', *, *, #9222, .F. ) ;
#9962 = DIRECTION ( 'NONE',  ( 0.000000000000000000, 0.000000000000000000, -1.000000000000000000 ) ) ;
#9963 = PRESENTATION_LAYER_ASSIGNMENT (  '', '', ( #4817 ) ) ;
#9964 = CARTESIAN_POINT ( 'NONE',  ( 1.150000000000021005, -1.355252715606880543E-17, 2.000000000000000000 ) ) ;
#9965 = CARTESIAN_POINT ( 'NONE',  ( 0.3499999999999878209, -0.05000000000000000278, 1.599999999999999867 ) ) ;
#9966 = ORIENTED_EDGE ( 'NONE', *, *, #4761, .T. ) ;
#9967 = PRESENTATION_STYLE_ASSIGNMENT (( #5977 ) ) ;
#9968 = STYLED_ITEM ( 'NONE', ( #5667 ), #982 ) ;
#9969 = CARTESIAN_POINT ( 'NONE',  ( -0.5500000000000038192, -0.05000000000000000278, 0.9999999999999995559 ) ) ;
#9970 = PRESENTATION_LAYER_ASSIGNMENT (  '', '', ( #2804 ) ) ;
#9971 = VERTEX_POINT ( 'NONE', #10329 ) ;
#9972 = EDGE_CURVE ( 'NONE', #3858, #2859, #5551, .T. ) ;
#9973 = EDGE_CURVE ( 'NONE', #1551, #7942, #130, .T. ) ;
#9974 = CARTESIAN_POINT ( 'NONE',  ( -0.5500000000000018208, -0.05000000000000000278, 0.6499999999999995781 ) ) ;
#9975 = SURFACE_STYLE_FILL_AREA ( #9363 ) ;
#9976 = SURFACE_SIDE_STYLE ('',( #5365 ) ) ;
#9977 = VECTOR ( 'NONE', #8689, 1000.000000000000000 ) ;
#9978 = EDGE_LOOP ( 'NONE', ( #9670, #6222, #65, #2785, #6080, #5633 ) ) ;
#9979 = DIRECTION ( 'NONE',  ( -1.000000000000000000, -0.000000000000000000, -0.000000000000000000 ) ) ;
#9980 = CARTESIAN_POINT ( 'NONE',  ( 1.249999999999999112, -0.05000000000000000278, 0.3499999999999999223 ) ) ;
#9981 = CARTESIAN_POINT ( 'NONE',  ( 1.400000000000053868, 0.000000000000000000, -1.600000000000024070 ) ) ;
#9982 = CARTESIAN_POINT ( 'NONE',  ( 0.5000000000000208722, 0.1499999999999999944, 2.050000000000000266 ) ) ;
#9983 = VERTEX_POINT ( 'NONE', #4654 ) ;
#9984 = ORIENTED_EDGE ( 'NONE', *, *, #7538, .T. ) ;
#9985 = VERTEX_POINT ( 'NONE', #9 ) ;
#9986 = AXIS2_PLACEMENT_3D ( 'NONE', #6707, #5130, #1141 ) ;
#9987 = STYLED_ITEM ( 'NONE', ( #4766 ), #3524 ) ;
#9988 = STYLED_ITEM ( 'NONE', ( #10170 ), #1523 ) ;
#9989 = SURFACE_SIDE_STYLE ('',( #6835 ) ) ;
#9990 = LINE ( 'NONE', #3061, #4526 ) ;
#9991 = VECTOR ( 'NONE', #5853, 1000.000000000000000 ) ;
#9992 =( LENGTH_UNIT ( ) NAMED_UNIT ( * ) SI_UNIT ( .MILLI., .METRE. ) );
#9993 =( LENGTH_UNIT ( ) NAMED_UNIT ( * ) SI_UNIT ( .MILLI., .METRE. ) );
#9994 = ORIENTED_EDGE ( 'NONE', *, *, #442, .T. ) ;
#9995 = VECTOR ( 'NONE', #4248, 1000.000000000000000 ) ;
#9996 = VECTOR ( 'NONE', #1743, 1000.000000000000000 ) ;
#9997 = VECTOR ( 'NONE', #536, 1000.000000000000000 ) ;
#9998 = ORIENTED_EDGE ( 'NONE', *, *, #7970, .T. ) ;
#9999 =( NAMED_UNIT ( * ) SI_UNIT ( $, .STERADIAN. ) SOLID_ANGLE_UNIT ( ) );
#10000 = ORIENTED_EDGE ( 'NONE', *, *, #43, .T. ) ;
#10001 = SURFACE_STYLE_USAGE ( .BOTH. , #3654 ) ;
#10002 =( NAMED_UNIT ( * ) PLANE_ANGLE_UNIT ( ) SI_UNIT ( $, .RADIAN. ) );
#10003 = VERTEX_POINT ( 'NONE', #7831 ) ;
#10004 = EDGE_CURVE ( 'NONE', #563, #941, #6525, .T. ) ;
#10005 = VECTOR ( 'NONE', #9917, 1000.000000000000000 ) ;
#10006 = CARTESIAN_POINT ( 'NONE',  ( -2.000000000000003997, 0.000000000000000000, 0.9499999999999995115 ) ) ;
#10007 = CARTESIAN_POINT ( 'NONE',  ( 2.000000000000004885, -0.05000000000000000278, -0.5000000000000000000 ) ) ;
#10008 = STYLED_ITEM ( 'NONE', ( #3166 ), #5171 ) ;
#10009 = DIRECTION ( 'NONE',  ( 0.000000000000000000, 0.000000000000000000, 1.000000000000000000 ) ) ;
#10010 = VECTOR ( 'NONE', #7909, 1000.000000000000000 ) ;
#10011 =( GEOMETRIC_REPRESENTATION_CONTEXT ( 3 ) GLOBAL_UNCERTAINTY_ASSIGNED_CONTEXT ( ( #9014 ) ) GLOBAL_UNIT_ASSIGNED_CONTEXT ( ( #7085, #4731, #1609 ) ) REPRESENTATION_CONTEXT ( 'NONE', 'WORKASPACE' ) );
#10012 = EDGE_CURVE ( 'NONE', #6739, #6154, #809, .T. ) ;
#10013 = AXIS2_PLACEMENT_3D ( 'NONE', #1562, #5566, #4050 ) ;
#10014 = SURFACE_STYLE_FILL_AREA ( #5183 ) ;
#10015 =( GEOMETRIC_REPRESENTATION_CONTEXT ( 3 ) GLOBAL_UNCERTAINTY_ASSIGNED_CONTEXT ( ( #4825 ) ) GLOBAL_UNIT_ASSIGNED_CONTEXT ( ( #26, #9916, #6719 ) ) REPRESENTATION_CONTEXT ( 'NONE', 'WORKASPACE' ) );
#10016 = LINE ( 'NONE', #2806, #255 ) ;
#10017 = LINE ( 'NONE', #2027, #9770 ) ;
#10018 = PRESENTATION_STYLE_ASSIGNMENT (( #5965 ) ) ;
#10019 = EDGE_LOOP ( 'NONE', ( #2413, #1838, #2210, #867, #3755, #6916 ) ) ;
#10020 = VECTOR ( 'NONE', #8987, 1000.000000000000000 ) ;
#10021 = FACE_OUTER_BOUND ( 'NONE', #6930, .T. ) ;
#10022 = MECHANICAL_DESIGN_GEOMETRIC_PRESENTATION_REPRESENTATION (  '', ( #9526 ), #6218 ) ;
#10023 = AXIS2_PLACEMENT_3D ( 'NONE', #4021, #9423, #6316 ) ;
#10024 = CARTESIAN_POINT ( 'NONE',  ( -2.050000000000000266, 0.1499999999999999944, -1.250000000000000444 ) ) ;
#10025 = LINE ( 'NONE', #9244, #8022 ) ;
#10026 = SURFACE_STYLE_USAGE ( .BOTH. , #4359 ) ;
#10027 = LINE ( 'NONE', #5975, #8617 ) ;
#10028 = ORIENTED_EDGE ( 'NONE', *, *, #2133, .T. ) ;
#10029 = STYLED_ITEM ( 'NONE', ( #2659 ), #2685 ) ;
#10030 = CARTESIAN_POINT ( 'NONE',  ( 0.3499999999999878209, 0.000000000000000000, 1.649999999999967049 ) ) ;
#10031 = DIRECTION ( 'NONE',  ( 1.000000000000000000, -0.000000000000000000, -0.000000000000000000 ) ) ;
#10032 = FACE_OUTER_BOUND ( 'NONE', #3370, .T. ) ;
#10033 = PRESENTATION_LAYER_ASSIGNMENT (  '', '', ( #674 ) ) ;
#10034 = ORIENTED_EDGE ( 'NONE', *, *, #8932, .T. ) ;
#10035 = UNCERTAINTY_MEASURE_WITH_UNIT (LENGTH_MEASURE( 1.000000000000000082E-05 ), #1030, 'distance_accuracy_value', 'NONE');
#10036 =( NAMED_UNIT ( * ) PLANE_ANGLE_UNIT ( ) SI_UNIT ( $, .RADIAN. ) );
#10037 = DIRECTION ( 'NONE',  ( -0.000000000000000000, -0.000000000000000000, -1.000000000000000000 ) ) ;
#10038 = SURFACE_STYLE_FILL_AREA ( #7787 ) ;
#10039 = ORIENTED_EDGE ( 'NONE', *, *, #6538, .F. ) ;
#10040 =( LENGTH_UNIT ( ) NAMED_UNIT ( * ) SI_UNIT ( .MILLI., .METRE. ) );
#10041 = PRESENTATION_STYLE_ASSIGNMENT (( #7701 ) ) ;
#10042 = EDGE_CURVE ( 'NONE', #8408, #9971, #7300, .T. ) ;
#10043 = EDGE_CURVE ( 'NONE', #7271, #4458, #214, .T. ) ;
#10044 = CARTESIAN_POINT ( 'NONE',  ( -0.5499999999999942712, -0.05000000000000000278, -0.4500000000000005107 ) ) ;
#10045 = CARTESIAN_POINT ( 'NONE',  ( -0.2999999999999792277, -0.05000000000000000278, -2.050000000000000266 ) ) ;
#10046 = CARTESIAN_POINT ( 'NONE',  ( -0.2999999999999792277, 0.1499999999999999944, 2.050000000000000266 ) ) ;
#10047 = ORIENTED_EDGE ( 'NONE', *, *, #9023, .F. ) ;
#10048 = VERTEX_POINT ( 'NONE', #5073 ) ;
#10049 = UNCERTAINTY_MEASURE_WITH_UNIT (LENGTH_MEASURE( 1.000000000000000082E-05 ), #7634, 'distance_accuracy_value', 'NONE');
#10050 = FACE_OUTER_BOUND ( 'NONE', #4606, .T. ) ;
#10051 =( NAMED_UNIT ( * ) PLANE_ANGLE_UNIT ( ) SI_UNIT ( $, .RADIAN. ) );
#10052 = FACE_OUTER_BOUND ( 'NONE', #9825, .T. ) ;
#10053 = VERTEX_POINT ( 'NONE', #268 ) ;
#10054 = LINE ( 'NONE', #3916, #4083 ) ;
#10055 = ORIENTED_EDGE ( 'NONE', *, *, #496, .F. ) ;
#10056 = CARTESIAN_POINT ( 'NONE',  ( -2.050000000000000266, 0.1499999999999999944, -1.250000000000000444 ) ) ;
#10057 = ORIENTED_EDGE ( 'NONE', *, *, #3276, .T. ) ;
#10058 =( LENGTH_UNIT ( ) NAMED_UNIT ( * ) SI_UNIT ( .MILLI., .METRE. ) );
#10059 = DIRECTION ( 'NONE',  ( 0.000000000000000000, 0.000000000000000000, -1.000000000000000000 ) ) ;
#10060 = ADVANCED_FACE ( 'NONE', ( #1746 ), #1074, .T. ) ;
#10061 = DIRECTION ( 'NONE',  ( 0.000000000000000000, 0.000000000000000000, 1.000000000000000000 ) ) ;
#10062 = SURFACE_STYLE_USAGE ( .BOTH. , #9231 ) ;
#10063 = SURFACE_SIDE_STYLE ('',( #2595 ) ) ;
#10064 = LINE ( 'NONE', #7568, #4959 ) ;
#10065 = DIRECTION ( 'NONE',  ( 0.000000000000000000, 0.000000000000000000, 1.000000000000000000 ) ) ;
#10066 = ADVANCED_FACE ( 'NONE', ( #5747 ), #7362, .F. ) ;
#10067 = CARTESIAN_POINT ( 'NONE',  ( -0.8500000000000124123, 0.000000000000000000, -1.649999999999967049 ) ) ;
#10068 = DIRECTION ( 'NONE',  ( -1.000000000000000000, 0.000000000000000000, -1.445602896647339903E-16 ) ) ;
#10069 = VERTEX_POINT ( 'NONE', #3497 ) ;
#10070 = SURFACE_STYLE_USAGE ( .BOTH. , #438 ) ;
#10071 = DIRECTION ( 'NONE',  ( 0.000000000000000000, -1.000000000000000000, 0.000000000000000000 ) ) ;
#10072 = DIRECTION ( 'NONE',  ( -1.000000000000000000, 0.000000000000000000, 0.000000000000000000 ) ) ;
#10073 = EDGE_CURVE ( 'NONE', #2787, #8929, #8356, .T. ) ;
#10074 = CARTESIAN_POINT ( 'NONE',  ( 1.450000000000020828, 0.1499999999999999944, 2.050000000000000266 ) ) ;
#10075 = VERTEX_POINT ( 'NONE', #8077 ) ;
#10076 = LINE ( 'NONE', #4604, #2301 ) ;
#10077 =( NAMED_UNIT ( * ) PLANE_ANGLE_UNIT ( ) SI_UNIT ( $, .RADIAN. ) );
#10078 = ORIENTED_EDGE ( 'NONE', *, *, #7880, .T. ) ;
#10079 = DIRECTION ( 'NONE',  ( -0.000000000000000000, 1.000000000000000000, 0.000000000000000000 ) ) ;
#10080 = SURFACE_SIDE_STYLE ('',( #8483 ) ) ;
#10081 =( NAMED_UNIT ( * ) SI_UNIT ( $, .STERADIAN. ) SOLID_ANGLE_UNIT ( ) );
#10082 = ADVANCED_FACE ( 'NONE', ( #899 ), #4131, .F. ) ;
#10083 = ORIENTED_EDGE ( 'NONE', *, *, #1438, .T. ) ;
#10084 = CARTESIAN_POINT ( 'NONE',  ( -1.400000000000012124, -0.05000000000000000278, 1.649999999999966827 ) ) ;
#10085 = ORIENTED_EDGE ( 'NONE', *, *, #6951, .T. ) ;
#10086 = ORIENTED_EDGE ( 'NONE', *, *, #1580, .T. ) ;
#10087 = PRESENTATION_STYLE_ASSIGNMENT (( #7594 ) ) ;
#10088 = DIRECTION ( 'NONE',  ( 0.000000000000000000, -1.000000000000000000, 0.000000000000000000 ) ) ;
#10089 = EDGE_CURVE ( 'NONE', #7349, #1499, #630, .T. ) ;
#10090 = CARTESIAN_POINT ( 'NONE',  ( -0.6999999999999793054, -0.05000000000000000278, 2.000000000000005329 ) ) ;
#10091 = MECHANICAL_DESIGN_GEOMETRIC_PRESENTATION_REPRESENTATION (  '', ( #4103 ), #1921 ) ;
#10092 = EDGE_CURVE ( 'NONE', #6583, #8169, #1385, .T. ) ;
#10093 = ORIENTED_EDGE ( 'NONE', *, *, #6234, .T. ) ;
#10094 = SURFACE_SIDE_STYLE ('',( #980 ) ) ;
#10095 = CARTESIAN_POINT ( 'NONE',  ( -1.150000000000021005, -0.05000000000000000278, -2.000000000000000000 ) ) ;
#10096 = VECTOR ( 'NONE', #6132, 1000.000000000000000 ) ;
#10097 = EDGE_LOOP ( 'NONE', ( #2060, #1544, #7088, #3751 ) ) ;
#10098 = CARTESIAN_POINT ( 'NONE',  ( -0.8999999999999791500, -0.05000000000000000278, 2.000000000000000000 ) ) ;
#10099 = EDGE_LOOP ( 'NONE', ( #6612, #116, #9912, #6414, #1044, #236 ) ) ;
#10100 = CARTESIAN_POINT ( 'NONE',  ( 0.9000000000000208944, 0.1499999999999999944, 2.000000000000000000 ) ) ;
#10101 = CARTESIAN_POINT ( 'NONE',  ( 0.05000000000002047945, 0.000000000000000000, -1.599999999999999645 ) ) ;
#10102 = DIRECTION ( 'NONE',  ( 1.000000000000000000, 0.000000000000000000, 0.000000000000000000 ) ) ;
#10103 = ADVANCED_FACE ( 'NONE', ( #8306 ), #5466, .F. ) ;
#10104 = PLANE ( 'NONE',  #334 ) ;
#10105 = VECTOR ( 'NONE', #7837, 1000.000000000000000 ) ;
#10106 = UNCERTAINTY_MEASURE_WITH_UNIT (LENGTH_MEASURE( 1.000000000000000082E-05 ), #1202, 'distance_accuracy_value', 'NONE');
#10107 = VECTOR ( 'NONE', #3727, 1000.000000000000000 ) ;
#10108 = LINE ( 'NONE', #588, #6714 ) ;
#10109 = VECTOR ( 'NONE', #7921, 1000.000000000000000 ) ;
#10110 = CARTESIAN_POINT ( 'NONE',  ( -0.3499999999999792166, -0.05000000000000000278, 1.599999999999999645 ) ) ;
#10111 = AXIS2_PLACEMENT_3D ( 'NONE', #7008, #692, #740 ) ;
#10112 = LINE ( 'NONE', #3669, #8964 ) ;
#10113 = CARTESIAN_POINT ( 'NONE',  ( 1.249999999999998002, 0.000000000000000000, 0.9000000000000000222 ) ) ;
#10114 = ORIENTED_EDGE ( 'NONE', *, *, #1514, .T. ) ;
#10115 = COLOUR_RGB ( '',0.7686274509803920907, 0.7686274509803920907, 0.7686274509803920907 ) ;
#10116 = EDGE_CURVE ( 'NONE', #4458, #7951, #2109, .T. ) ;
#10117 =( GEOMETRIC_REPRESENTATION_CONTEXT ( 3 ) GLOBAL_UNCERTAINTY_ASSIGNED_CONTEXT ( ( #6595 ) ) GLOBAL_UNIT_ASSIGNED_CONTEXT ( ( #9115, #9228, #1900 ) ) REPRESENTATION_CONTEXT ( 'NONE', 'WORKASPACE' ) );
#10118 = VECTOR ( 'NONE', #5888, 1000.000000000000000 ) ;
#10119 = VECTOR ( 'NONE', #7056, 1000.000000000000000 ) ;
#10120 = LINE ( 'NONE', #6918, #3284 ) ;
#10121 = AXIS2_PLACEMENT_3D ( 'NONE', #275, #3668, #6865 ) ;
#10122 = CARTESIAN_POINT ( 'NONE',  ( 1.150000000000021005, -0.05000000000000000278, 2.050000000000000266 ) ) ;
#10123 = ORIENTED_EDGE ( 'NONE', *, *, #8528, .T. ) ;
#10124 = DIRECTION ( 'NONE',  ( -0.000000000000000000, -0.000000000000000000, -1.000000000000000000 ) ) ;
#10125 = CARTESIAN_POINT ( 'NONE',  ( 0.1000000000000208639, -0.05000000000000000278, -2.050000000000000266 ) ) ;
#10126 = PRESENTATION_STYLE_ASSIGNMENT (( #2038 ) ) ;
#10127 = ORIENTED_EDGE ( 'NONE', *, *, #4671, .F. ) ;
#10128 = UNCERTAINTY_MEASURE_WITH_UNIT (LENGTH_MEASURE( 1.000000000000000082E-05 ), #8865, 'distance_accuracy_value', 'NONE');
#10129 = VECTOR ( 'NONE', #1469, 1000.000000000000000 ) ;
#10130 = LINE ( 'NONE', #3844, #7822 ) ;
#10131 = DIRECTION ( 'NONE',  ( 0.000000000000000000, 0.000000000000000000, 1.000000000000000000 ) ) ;
#10132 = FILL_AREA_STYLE_COLOUR ( '', #9518 ) ;
#10133 = ADVANCED_FACE ( 'NONE', ( #10052 ), #9262, .T. ) ;
#10134 = VECTOR ( 'NONE', #4235, 1000.000000000000000 ) ;
#10135 = CARTESIAN_POINT ( 'NONE',  ( -0.4500000000000122236, -0.05000000000000000278, 1.649999999999967049 ) ) ;
#10136 = PLANE ( 'NONE',  #7867 ) ;
#10137 = VERTEX_POINT ( 'NONE', #6510 ) ;
#10138 = COLOUR_RGB ( '',0.7686274509803920907, 0.7686274509803920907, 0.7686274509803920907 ) ;
#10139 =( NAMED_UNIT ( * ) PLANE_ANGLE_UNIT ( ) SI_UNIT ( $, .RADIAN. ) );
#10140 = LINE ( 'NONE', #10046, #3096 ) ;
#10141 =( GEOMETRIC_REPRESENTATION_CONTEXT ( 3 ) GLOBAL_UNCERTAINTY_ASSIGNED_CONTEXT ( ( #8163 ) ) GLOBAL_UNIT_ASSIGNED_CONTEXT ( ( #2151, #10077, #5295 ) ) REPRESENTATION_CONTEXT ( 'NONE', 'WORKASPACE' ) );
#10142 = ORIENTED_EDGE ( 'NONE', *, *, #1393, .F. ) ;
#10143 = EDGE_CURVE ( 'NONE', #2059, #4104, #2515, .T. ) ;
#10144 = ORIENTED_EDGE ( 'NONE', *, *, #5653, .T. ) ;
#10145 = UNCERTAINTY_MEASURE_WITH_UNIT (LENGTH_MEASURE( 1.000000000000000082E-05 ), #1601, 'distance_accuracy_value', 'NONE');
#10146 = DIRECTION ( 'NONE',  ( 0.000000000000000000, 0.000000000000000000, 1.000000000000000000 ) ) ;
#10147 =( LENGTH_UNIT ( ) NAMED_UNIT ( * ) SI_UNIT ( .MILLI., .METRE. ) );
#10148 = VECTOR ( 'NONE', #367, 1000.000000000000000 ) ;
#10149 = PRESENTATION_LAYER_ASSIGNMENT (  '', '', ( #10308 ) ) ;
#10150 = DIRECTION ( 'NONE',  ( -1.000000000000000000, -0.000000000000000000, -0.000000000000000000 ) ) ;
#10151 = ORIENTED_EDGE ( 'NONE', *, *, #317, .F. ) ;
#10152 = STYLED_ITEM ( 'NONE', ( #4412 ), #1488 ) ;
#10153 = AXIS2_PLACEMENT_3D ( 'NONE', #3976, #3829, #2199 ) ;
#10154 = ORIENTED_EDGE ( 'NONE', *, *, #4387, .F. ) ;
#10155 = DIRECTION ( 'NONE',  ( 0.000000000000000000, 0.000000000000000000, -1.000000000000000000 ) ) ;
#10156 = CARTESIAN_POINT ( 'NONE',  ( 0.7000000000000209388, -0.05000000000000000278, -2.000000000000000000 ) ) ;
#10157 = DIRECTION ( 'NONE',  ( -0.000000000000000000, -0.000000000000000000, -1.000000000000000000 ) ) ;
#10158 = AXIS2_PLACEMENT_3D ( 'NONE', #7083, #4728, #5449 ) ;
#10159 = COLOUR_RGB ( '',0.7686274509803920907, 0.7686274509803920907, 0.7686274509803920907 ) ;
#10160 = PRESENTATION_LAYER_ASSIGNMENT (  '', '', ( #7339 ) ) ;
#10161 = SURFACE_STYLE_FILL_AREA ( #1436 ) ;
#10162 = DIRECTION ( 'NONE',  ( -0.000000000000000000, 1.000000000000000000, -0.000000000000000000 ) ) ;
#10163 = ADVANCED_FACE ( 'NONE', ( #9524 ), #3265, .T. ) ;
#10164 = EDGE_CURVE ( 'NONE', #3977, #7116, #1721, .T. ) ;
#10165 = LINE ( 'NONE', #544, #86 ) ;
#10166 = DIRECTION ( 'NONE',  ( 0.000000000000000000, 0.000000000000000000, -1.000000000000000000 ) ) ;
#10167 = SURFACE_SIDE_STYLE ('',( #4649 ) ) ;
#10168 = MECHANICAL_DESIGN_GEOMETRIC_PRESENTATION_REPRESENTATION (  '', ( #7519 ), #2002 ) ;
#10169 = ORIENTED_EDGE ( 'NONE', *, *, #2822, .T. ) ;
#10170 = PRESENTATION_STYLE_ASSIGNMENT (( #2443 ) ) ;
#10171 = CARTESIAN_POINT ( 'NONE',  ( -1.999999999999988676, -0.05000000000000000278, -1.250000000000000444 ) ) ;
#10172 = MECHANICAL_DESIGN_GEOMETRIC_PRESENTATION_REPRESENTATION (  '', ( #6040 ), #3190 ) ;
#10173 = STYLED_ITEM ( 'NONE', ( #19 ), #2242 ) ;
#10174 = STYLED_ITEM ( 'NONE', ( #4205 ), #5967 ) ;
#10175 = SURFACE_STYLE_USAGE ( .BOTH. , #3835 ) ;
#10176 = MECHANICAL_DESIGN_GEOMETRIC_PRESENTATION_REPRESENTATION (  '', ( #1181 ), #4871 ) ;
#10177 = DIRECTION ( 'NONE',  ( 0.000000000000000000, -1.000000000000000000, 0.000000000000000000 ) ) ;
#10178 = CARTESIAN_POINT ( 'NONE',  ( 2.000000000000000000, 0.000000000000000000, 2.000000000000000000 ) ) ;
#10179 = ORIENTED_EDGE ( 'NONE', *, *, #6784, .F. ) ;
#10180 = SURFACE_STYLE_USAGE ( .BOTH. , #7024 ) ;
#10181 = CARTESIAN_POINT ( 'NONE',  ( 2.050000000000000266, -0.05000000000000000278, -0.2999999999999999334 ) ) ;
#10182 = SURFACE_STYLE_FILL_AREA ( #8626 ) ;
#10183 = ORIENTED_EDGE ( 'NONE', *, *, #2895, .F. ) ;
#10184 = AXIS2_PLACEMENT_3D ( 'NONE', #9364, #562, #7033 ) ;
#10185 = VECTOR ( 'NONE', #9138, 1000.000000000000000 ) ;
#10186 = CARTESIAN_POINT ( 'NONE',  ( 1.200000000000000622, -0.05000000000000000278, -0.04999999999999973216 ) ) ;
#10187 = DIRECTION ( 'NONE',  ( -0.000000000000000000, 1.000000000000000000, -0.000000000000000000 ) ) ;
#10188 = PRESENTATION_LAYER_ASSIGNMENT (  '', '', ( #7526 ) ) ;
#10189 = SURFACE_SIDE_STYLE ('',( #4609 ) ) ;
#10190 = CARTESIAN_POINT ( 'NONE',  ( 0.3500000000000211831, 0.000000000000000000, -1.599999999999999645 ) ) ;
#10191 = VERTEX_POINT ( 'NONE', #7235 ) ;
#10192 = SURFACE_SIDE_STYLE ('',( #2095 ) ) ;
#10193 = CARTESIAN_POINT ( 'NONE',  ( -0.6999999999999791944, -0.05000000000000000278, 2.050000000000000266 ) ) ;
#10194 = VECTOR ( 'NONE', #5912, 1000.000000000000000 ) ;
#10195 = SURFACE_SIDE_STYLE ('',( #8440 ) ) ;
#10196 = DIRECTION ( 'NONE',  ( -0.000000000000000000, -1.000000000000000000, 0.000000000000000000 ) ) ;
#10197 = FILL_AREA_STYLE_COLOUR ( '', #4112 ) ;
#10198 = COLOUR_RGB ( '',0.000000000000000000, 0.000000000000000000, 0.000000000000000000 ) ;
#10199 = EDGE_CURVE ( 'NONE', #2859, #5312, #1621, .T. ) ;
#10200 = ORIENTED_EDGE ( 'NONE', *, *, #9894, .F. ) ;
#10201 = ORIENTED_EDGE ( 'NONE', *, *, #8172, .T. ) ;
#10202 =( NAMED_UNIT ( * ) SI_UNIT ( $, .STERADIAN. ) SOLID_ANGLE_UNIT ( ) );
#10203 = DIRECTION ( 'NONE',  ( -0.000000000000000000, 1.000000000000000000, -0.000000000000000000 ) ) ;
#10204 = ORIENTED_EDGE ( 'NONE', *, *, #4760, .T. ) ;
#10205 = AXIS2_PLACEMENT_3D ( 'NONE', #3634, #6469, #8238 ) ;
#10206 = FACE_OUTER_BOUND ( 'NONE', #10363, .T. ) ;
#10207 = DIRECTION ( 'NONE',  ( -0.000000000000000000, 0.000000000000000000, 1.000000000000000000 ) ) ;
#10208 = EDGE_CURVE ( 'NONE', #4334, #202, #4160, .T. ) ;
#10209 = ORIENTED_EDGE ( 'NONE', *, *, #380, .T. ) ;
#10210 = DIRECTION ( 'NONE',  ( -0.000000000000000000, 1.000000000000000000, -0.000000000000000000 ) ) ;
#10211 = ORIENTED_EDGE ( 'NONE', *, *, #9010, .T. ) ;
#10212 = LINE ( 'NONE', #9476, #6026 ) ;
#10213 = LINE ( 'NONE', #1490, #4652 ) ;
#10214 = CARTESIAN_POINT ( 'NONE',  ( -0.4500000000000122236, -0.05000000000000000278, -1.649999999999967049 ) ) ;
#10215 = FACE_OUTER_BOUND ( 'NONE', #5979, .T. ) ;
#10216 = CARTESIAN_POINT ( 'NONE',  ( 2.050000000000000266, 0.1499999999999999944, 1.300000000000000266 ) ) ;
#10217 = SURFACE_SIDE_STYLE ('',( #7881 ) ) ;
#10218 = CARTESIAN_POINT ( 'NONE',  ( 0.7000000000000209388, -0.05000000000000000278, -2.000000000000000000 ) ) ;
#10219 = LINE ( 'NONE', #7211, #3447 ) ;
#10220 = FILL_AREA_STYLE ('',( #1400 ) ) ;
#10221 = VERTEX_POINT ( 'NONE', #8707 ) ;
#10222 =( NAMED_UNIT ( * ) PLANE_ANGLE_UNIT ( ) SI_UNIT ( $, .RADIAN. ) );
#10223 = EDGE_CURVE ( 'NONE', #9584, #5057, #1528, .T. ) ;
#10224 = DIRECTION ( 'NONE',  ( 0.000000000000000000, 0.000000000000000000, 1.000000000000000000 ) ) ;
#10225 = EDGE_CURVE ( 'NONE', #9104, #10069, #726, .T. ) ;
#10226 = DIRECTION ( 'NONE',  ( -0.000000000000000000, 1.000000000000000000, -0.000000000000000000 ) ) ;
#10227 =( NAMED_UNIT ( * ) PLANE_ANGLE_UNIT ( ) SI_UNIT ( $, .RADIAN. ) );
#10228 = ORIENTED_EDGE ( 'NONE', *, *, #3423, .F. ) ;
#10229 = DIRECTION ( 'NONE',  ( -0.000000000000000000, 1.000000000000000000, -0.000000000000000000 ) ) ;
#10230 = PRESENTATION_STYLE_ASSIGNMENT (( #7079 ) ) ;
#10231 = EDGE_LOOP ( 'NONE', ( #437, #3475, #8328, #2110 ) ) ;
#10232 = UNCERTAINTY_MEASURE_WITH_UNIT (LENGTH_MEASURE( 1.000000000000000082E-05 ), #6205, 'distance_accuracy_value', 'NONE');
#10233 =( NAMED_UNIT ( * ) SI_UNIT ( $, .STERADIAN. ) SOLID_ANGLE_UNIT ( ) );
#10234 =( NAMED_UNIT ( * ) SI_UNIT ( $, .STERADIAN. ) SOLID_ANGLE_UNIT ( ) );
#10235 = DIRECTION ( 'NONE',  ( 0.000000000000000000, 0.000000000000000000, 1.000000000000000000 ) ) ;
#10236 = ORIENTED_EDGE ( 'NONE', *, *, #9654, .T. ) ;
#10237 = CARTESIAN_POINT ( 'NONE',  ( -0.4500000000000122236, 0.000000000000000000, -1.649999999999967049 ) ) ;
#10238 = CARTESIAN_POINT ( 'NONE',  ( 1.450000000000020828, 0.1499999999999999944, -2.000000000000000000 ) ) ;
#10239 = PRESENTATION_STYLE_ASSIGNMENT (( #2888 ) ) ;
#10240 =( LENGTH_UNIT ( ) NAMED_UNIT ( * ) SI_UNIT ( .MILLI., .METRE. ) );
#10241 = EDGE_CURVE ( 'NONE', #8169, #9774, #8058, .T. ) ;
#10242 = EDGE_LOOP ( 'NONE', ( #7189, #4149, #1999, #4583 ) ) ;
#10243 = VERTEX_POINT ( 'NONE', #9616 ) ;
#10244 = UNCERTAINTY_MEASURE_WITH_UNIT (LENGTH_MEASURE( 1.000000000000000082E-05 ), #7237, 'distance_accuracy_value', 'NONE');
#10245 = DIRECTION ( 'NONE',  ( -1.000000000000000000, 0.000000000000000000, 0.000000000000000000 ) ) ;
#10246 = SURFACE_SIDE_STYLE ('',( #7047 ) ) ;
#10247 = ORIENTED_EDGE ( 'NONE', *, *, #9381, .F. ) ;
#10248 = DIRECTION ( 'NONE',  ( -1.183329228255495291E-13, 0.000000000000000000, 1.000000000000000000 ) ) ;
#10249 =( NAMED_UNIT ( * ) PLANE_ANGLE_UNIT ( ) SI_UNIT ( $, .RADIAN. ) );
#10250 = EDGE_CURVE ( 'NONE', #3310, #5040, #2473, .T. ) ;
#10251 =( NAMED_UNIT ( * ) SI_UNIT ( $, .STERADIAN. ) SOLID_ANGLE_UNIT ( ) );
#10252 = ORIENTED_EDGE ( 'NONE', *, *, #3277, .F. ) ;
#10253 = SURFACE_STYLE_USAGE ( .BOTH. , #10094 ) ;
#10254 = FACE_OUTER_BOUND ( 'NONE', #4765, .T. ) ;
#10255 = DIRECTION ( 'NONE',  ( 0.000000000000000000, 1.000000000000000000, 0.000000000000000000 ) ) ;
#10256 = ORIENTED_EDGE ( 'NONE', *, *, #865, .T. ) ;
#10257 = DIRECTION ( 'NONE',  ( 1.239088197126173129E-15, -0.000000000000000000, 1.000000000000000000 ) ) ;
#10258 = PRESENTATION_LAYER_ASSIGNMENT (  '', '', ( #8086 ) ) ;
#10259 = CARTESIAN_POINT ( 'NONE',  ( -1.500000000000000000, 1.000000000000000000, -1.500000000000000000 ) ) ;
#10260 = SURFACE_SIDE_STYLE ('',( #7105 ) ) ;
#10261 = EDGE_CURVE ( 'NONE', #2559, #9081, #3871, .T. ) ;
#10262 = EDGE_CURVE ( 'NONE', #5152, #4575, #356, .T. ) ;
#10263 = COLOUR_RGB ( '',0.7686274509803920907, 0.7686274509803920907, 0.7686274509803920907 ) ;
#10264 =( NAMED_UNIT ( * ) SI_UNIT ( $, .STERADIAN. ) SOLID_ANGLE_UNIT ( ) );
#10265 = DIRECTION ( 'NONE',  ( -1.000000000000000000, 0.000000000000000000, 0.000000000000000000 ) ) ;
#10266 = EDGE_CURVE ( 'NONE', #1277, #2833, #1837, .T. ) ;
#10267 = DIRECTION ( 'NONE',  ( 0.000000000000000000, -1.000000000000000000, 0.000000000000000000 ) ) ;
#10268 = EDGE_LOOP ( 'NONE', ( #4744, #2735, #2248, #5079 ) ) ;
#10269 = CIRCLE ( 'NONE', #9599, 0.04999999999996695282 ) ;
#10270 = STYLED_ITEM ( 'NONE', ( #9039 ), #6997 ) ;
#10271 = DIRECTION ( 'NONE',  ( 0.000000000000000000, 0.000000000000000000, 1.000000000000000000 ) ) ;
#10272 = LINE ( 'NONE', #3244, #1349 ) ;
#10273 = DIRECTION ( 'NONE',  ( 0.000000000000000000, -1.000000000000000000, 0.000000000000000000 ) ) ;
#10274 = STYLED_ITEM ( 'NONE', ( #9278 ), #404 ) ;
#10275 = VECTOR ( 'NONE', #7156, 1000.000000000000000 ) ;
#10276 = LINE ( 'NONE', #3140, #4794 ) ;
#10277 = ORIENTED_EDGE ( 'NONE', *, *, #9348, .F. ) ;
#10278 = CARTESIAN_POINT ( 'NONE',  ( -2.000000000000001776, 0.000000000000000000, 0.3999999999999995226 ) ) ;
#10279 = DIRECTION ( 'NONE',  ( 0.000000000000000000, 1.000000000000000000, 0.000000000000000000 ) ) ;
#10280 = ORIENTED_EDGE ( 'NONE', *, *, #3933, .F. ) ;
#10281 = PLANE ( 'NONE',  #9319 ) ;
#10282 = PLANE ( 'NONE',  #5389 ) ;
#10283 = MECHANICAL_DESIGN_GEOMETRIC_PRESENTATION_REPRESENTATION (  '', ( #9129 ), #9447 ) ;
#10284 = CIRCLE ( 'NONE', #1597, 0.05000000000000002359 ) ;
#10285 = VERTEX_POINT ( 'NONE', #1158 ) ;
#10286 = CARTESIAN_POINT ( 'NONE',  ( -2.050000000000000266, -0.05000000000000000278, -0.1500000000000003830 ) ) ;
#10287 = DIRECTION ( 'NONE',  ( 0.000000000000000000, 0.000000000000000000, 1.000000000000000000 ) ) ;
#10288 = CARTESIAN_POINT ( 'NONE',  ( 0.3000000000000206390, -0.05000000000000000278, -1.649999999999999911 ) ) ;
#10289 = ORIENTED_EDGE ( 'NONE', *, *, #10313, .F. ) ;
#10290 = EDGE_CURVE ( 'NONE', #7855, #7884, #6722, .T. ) ;
#10291 = EDGE_CURVE ( 'NONE', #5516, #1049, #8944, .T. ) ;
#10292 = VECTOR ( 'NONE', #3988, 1000.000000000000000 ) ;
#10293 = AXIS2_PLACEMENT_3D ( 'NONE', #7987, #7112, #807 ) ;
#10294 = STYLED_ITEM ( 'NONE', ( #9235 ), #3778 ) ;
#10295 = EDGE_LOOP ( 'NONE', ( #9449, #7711, #6212, #7700 ) ) ;
#10296 = DIRECTION ( 'NONE',  ( -0.000000000000000000, 1.000000000000000000, 0.000000000000000000 ) ) ;
#10297 = VERTEX_POINT ( 'NONE', #4216 ) ;
#10298 = CARTESIAN_POINT ( 'NONE',  ( -1.150000000000021005, -0.05000000000000000278, 2.000000000000000000 ) ) ;
#10299 = DIRECTION ( 'NONE',  ( 0.000000000000000000, -1.000000000000000000, 0.000000000000000000 ) ) ;
#10300 = DIRECTION ( 'NONE',  ( 0.000000000000000000, 1.000000000000000000, 0.000000000000000000 ) ) ;
#10301 = VECTOR ( 'NONE', #3922, 1000.000000000000000 ) ;
#10302 = ORIENTED_EDGE ( 'NONE', *, *, #7446, .F. ) ;
#10303 = STYLED_ITEM ( 'NONE', ( #7560 ), #3965 ) ;
#10304 = LINE ( 'NONE', #3176, #4136 ) ;
#10305 = ORIENTED_EDGE ( 'NONE', *, *, #210, .T. ) ;
#10306 = MECHANICAL_DESIGN_GEOMETRIC_PRESENTATION_REPRESENTATION (  '', ( #6837 ), #279 ) ;
#10307 = FACE_OUTER_BOUND ( 'NONE', #7558, .T. ) ;
#10308 = STYLED_ITEM ( 'NONE', ( #1915 ), #1397 ) ;
#10309 = DIRECTION ( 'NONE',  ( 0.000000000000000000, -0.000000000000000000, -1.000000000000000000 ) ) ;
#10310 = CARTESIAN_POINT ( 'NONE',  ( 1.150000000000021005, -1.355252715606880543E-17, -2.000000000000000000 ) ) ;
#10311 = DIRECTION ( 'NONE',  ( 0.000000000000000000, 0.000000000000000000, 1.000000000000000000 ) ) ;
#10312 = SURFACE_STYLE_USAGE ( .BOTH. , #4752 ) ;
#10313 = EDGE_CURVE ( 'NONE', #8738, #8842, #4374, .T. ) ;
#10314 = COLOUR_RGB ( '',0.7686274509803920907, 0.7686274509803920907, 0.7686274509803920907 ) ;
#10315 = VECTOR ( 'NONE', #706, 1000.000000000000000 ) ;
#10316 = DIRECTION ( 'NONE',  ( -0.000000000000000000, -1.355252715606880049E-16, 1.000000000000000000 ) ) ;
#10317 = DIRECTION ( 'NONE',  ( 0.000000000000000000, -1.000000000000000000, 0.000000000000000000 ) ) ;
#10318 = STYLED_ITEM ( 'NONE', ( #759 ), #4188 ) ;
#10319 = EDGE_CURVE ( 'NONE', #3454, #1724, #5825, .T. ) ;
#10320 =( LENGTH_UNIT ( ) NAMED_UNIT ( * ) SI_UNIT ( .MILLI., .METRE. ) );
#10321 = ADVANCED_FACE ( 'NONE', ( #3364 ), #5209, .T. ) ;
#10322 = DIRECTION ( 'NONE',  ( -1.000000000000000000, -0.000000000000000000, -0.000000000000000000 ) ) ;
#10323 = ADVANCED_FACE ( 'NONE', ( #3465 ), #8390, .F. ) ;
#10324 = VERTEX_POINT ( 'NONE', #8585 ) ;
#10325 =( GEOMETRIC_REPRESENTATION_CONTEXT ( 3 ) GLOBAL_UNCERTAINTY_ASSIGNED_CONTEXT ( ( #4978 ) ) GLOBAL_UNIT_ASSIGNED_CONTEXT ( ( #2667, #8087, #973 ) ) REPRESENTATION_CONTEXT ( 'NONE', 'WORKASPACE' ) );
#10326 = CIRCLE ( 'NONE', #468, 0.04999999999996716793 ) ;
#10327 = DIRECTION ( 'NONE',  ( 1.445602896647340149E-16, 0.000000000000000000, -1.000000000000000000 ) ) ;
#10328 = STYLED_ITEM ( 'NONE', ( #9229 ), #4683 ) ;
#10329 = CARTESIAN_POINT ( 'NONE',  ( 0.4500000000000204947, 0.000000000000000000, 1.599999999999999645 ) ) ;
#10330 = EDGE_CURVE ( 'NONE', #5609, #4788, #6048, .T. ) ;
#10331 = LINE ( 'NONE', #9351, #8303 ) ;
#10332 = LINE ( 'NONE', #4717, #9686 ) ;
#10333 = FILL_AREA_STYLE ('',( #6332 ) ) ;
#10334 = STYLED_ITEM ( 'NONE', ( #9154 ), #2058 ) ;
#10335 =( GEOMETRIC_REPRESENTATION_CONTEXT ( 3 ) GLOBAL_UNCERTAINTY_ASSIGNED_CONTEXT ( ( #3992 ) ) GLOBAL_UNIT_ASSIGNED_CONTEXT ( ( #6734, #7438, #9260 ) ) REPRESENTATION_CONTEXT ( 'NONE', 'WORKASPACE' ) );
#10336 = ORIENTED_EDGE ( 'NONE', *, *, #2024, .F. ) ;
#10337 = LINE ( 'NONE', #3249, #5123 ) ;
#10338 = ORIENTED_EDGE ( 'NONE', *, *, #7819, .F. ) ;
#10339 = UNCERTAINTY_MEASURE_WITH_UNIT (LENGTH_MEASURE( 1.000000000000000082E-05 ), #9993, 'distance_accuracy_value', 'NONE');
#10340 = LINE ( 'NONE', #3994, #4169 ) ;
#10341 = COLOUR_RGB ( '',0.7686274509803920907, 0.7686274509803920907, 0.7686274509803920907 ) ;
#10342 = AXIS2_PLACEMENT_3D ( 'NONE', #4569, #9210, #5367 ) ;
#10343 = PLANE ( 'NONE',  #120 ) ;
#10344 = COLOUR_RGB ( '',0.7686274509803920907, 0.7686274509803920907, 0.7686274509803920907 ) ;
#10345 = ORIENTED_EDGE ( 'NONE', *, *, #9819, .T. ) ;
#10346 = FACE_OUTER_BOUND ( 'NONE', #9884, .T. ) ;
#10347 = DIRECTION ( 'NONE',  ( -0.000000000000000000, -1.000000000000000000, -0.000000000000000000 ) ) ;
#10348 = PLANE ( 'NONE',  #9620 ) ;
#10349 = FILL_AREA_STYLE ('',( #4733 ) ) ;
#10350 = ORIENTED_EDGE ( 'NONE', *, *, #6139, .T. ) ;
#10351 = COLOUR_RGB ( '',0.7686274509803920907, 0.7686274509803920907, 0.7686274509803920907 ) ;
#10352 = ORIENTED_EDGE ( 'NONE', *, *, #5775, .F. ) ;
#10353 = UNCERTAINTY_MEASURE_WITH_UNIT (LENGTH_MEASURE( 1.000000000000000082E-05 ), #2246, 'distance_accuracy_value', 'NONE');
#10354 = DIRECTION ( 'NONE',  ( -1.000000000000000000, 0.000000000000000000, 0.000000000000000000 ) ) ;
#10355 = PLANE ( 'NONE',  #9290 ) ;
#10356 = ORIENTED_EDGE ( 'NONE', *, *, #5605, .T. ) ;
#10357 = FILL_AREA_STYLE ('',( #9671 ) ) ;
#10358 = SURFACE_SIDE_STYLE ('',( #2424 ) ) ;
#10359 = DIRECTION ( 'NONE',  ( 0.7071067811865474617, 0.000000000000000000, 0.7071067811865474617 ) ) ;
#10360 = EDGE_CURVE ( 'NONE', #1643, #1004, #8436, .T. ) ;
#10361 = COLOUR_RGB ( '',0.7686274509803920907, 0.7686274509803920907, 0.7686274509803920907 ) ;
#10362 = ADVANCED_FACE ( 'NONE', ( #3789 ), #10136, .T. ) ;
#10363 = EDGE_LOOP ( 'NONE', ( #2233, #776, #447, #2423, #3714, #7332 ) ) ;
#10364 = STYLED_ITEM ( 'NONE', ( #5279 ), #5456 ) ;
#10365 = SURFACE_SIDE_STYLE ('',( #138 ) ) ;
#10366 = CARTESIAN_POINT ( 'NONE',  ( 1.250000000000005107, -0.05000000000000000278, -0.3000000000000002109 ) ) ;
#10367 = ORIENTED_EDGE ( 'NONE', *, *, #3234, .T. ) ;
#10368 = SURFACE_STYLE_USAGE ( .BOTH. , #7282 ) ;
#10369 = VECTOR ( 'NONE', #3822, 1000.000000000000000 ) ;
#10370 = FILL_AREA_STYLE ('',( #6313 ) ) ;
#10371 = DIRECTION ( 'NONE',  ( -0.000000000000000000, 1.000000000000000000, -0.000000000000000000 ) ) ;
#10372 = DIRECTION ( 'NONE',  ( -0.000000000000000000, -0.000000000000000000, 1.000000000000000000 ) ) ;
#10373 = LINE ( 'NONE', #7004, #7054 ) ;
ENDSEC;
END-ISO-10303-21;
