ISO-10303-21;
HEADER;
/* Generated by software containing ST-Developer
 * from STEP Tools, Inc. (www.steptools.com) 
 */

FILE_DESCRIPTION(
/* description */ (''),
/* implementation_level */ '2;1');

FILE_NAME(
/* name */ 'D:\\FIVERR\\Harrystreet894\\CAD\\TL 3330 Tactile Button.st
p',
/* time_stamp */ '2024-12-04T20:05:36+07:00',
/* author */ ('AR'),
/* organization */ (''),
/* preprocessor_version */ 'ST-DEVELOPER v18',
/* originating_system */ 'Autodesk Inventor 2020',
/* authorisation */ '');

FILE_SCHEMA (('AUTOMOTIVE_DESIGN { 1 0 10303 214 3 1 1 }'));
ENDSEC;

DATA;
#10=MECHANICAL_DESIGN_GEOMETRIC_PRESENTATION_REPRESENTATION('',(#208,#209,
#210,#211,#212,#213,#214,#215,#216,#217,#218,#219,#220,#221,#222,#223,#224,
#225,#226,#227,#228,#229,#230,#231,#232,#233,#234,#235,#236,#237,#238,#239,
#240,#241,#242,#243,#244,#245,#246,#247,#248,#249,#250,#251,#252,#253,#254,
#255,#256,#257,#258,#259,#260,#261,#262,#263,#264),#5153);
#11=SHAPE_REPRESENTATION_RELATIONSHIP('SRR','None',#5160,#12);
#12=ADVANCED_BREP_SHAPE_REPRESENTATION('',(#41,#42,#43,#44,#45),#5152);
#13=CONICAL_SURFACE('',#3141,0.1,0.0174532925199433);
#14=CONICAL_SURFACE('',#3144,0.1,0.0174532925199433);
#15=CONICAL_SURFACE('',#3148,0.1,0.0174532925199433);
#16=CONICAL_SURFACE('',#3151,0.1,0.0174532925199433);
#17=B_SPLINE_SURFACE_WITH_KNOTS('',3,3,((#4896,#4897,#4898,#4899,#4900),
(#4901,#4902,#4903,#4904,#4905),(#4906,#4907,#4908,#4909,#4910),(#4911,
#4912,#4913,#4914,#4915),(#4916,#4917,#4918,#4919,#4920)),.UNSPECIFIED.,
 .F.,.F.,.F.,(4,1,4),(4,1,4),(0.,0.571428571428571,1.),(0.,0.571428571428571,
1.),.UNSPECIFIED.);
#18=B_SPLINE_SURFACE_WITH_KNOTS('',3,3,((#4926,#4927,#4928,#4929,#4930),
(#4931,#4932,#4933,#4934,#4935),(#4936,#4937,#4938,#4939,#4940),(#4941,
#4942,#4943,#4944,#4945),(#4946,#4947,#4948,#4949,#4950)),.UNSPECIFIED.,
 .F.,.F.,.F.,(4,1,4),(4,1,4),(0.,0.571428571428571,1.),(0.,0.571428571428571,
1.),.UNSPECIFIED.);
#19=B_SPLINE_SURFACE_WITH_KNOTS('',3,3,((#4956,#4957,#4958,#4959,#4960),
(#4961,#4962,#4963,#4964,#4965),(#4966,#4967,#4968,#4969,#4970),(#4971,
#4972,#4973,#4974,#4975),(#4976,#4977,#4978,#4979,#4980)),.UNSPECIFIED.,
 .F.,.F.,.F.,(4,1,4),(4,1,4),(0.,0.571428571428571,1.),(0.,0.571428571428571,
1.),.UNSPECIFIED.);
#20=B_SPLINE_SURFACE_WITH_KNOTS('',3,3,((#4986,#4987,#4988,#4989,#4990),
(#4991,#4992,#4993,#4994,#4995),(#4996,#4997,#4998,#4999,#5000),(#5001,
#5002,#5003,#5004,#5005),(#5006,#5007,#5008,#5009,#5010)),.UNSPECIFIED.,
 .F.,.F.,.F.,(4,1,4),(4,1,4),(0.,0.571428571428571,1.),(0.,0.571428571428571,
1.),.UNSPECIFIED.);
#21=B_SPLINE_CURVE_WITH_KNOTS('',3,(#4699,#4700,#4701,#4702,#4703,#4704,
#4705,#4706,#4707,#4708,#4709,#4710,#4711,#4712,#4713,#4714,#4715,#4716,
#4717,#4718,#4719,#4720),.UNSPECIFIED.,.F.,.F.,(4,3,3,3,3,3,3,4),(0.,0.237919449457434,
0.475775711737917,0.713579250111213,0.951538933277743,1.1893708862313,1.42726966113565,
1.56128200146529),.UNSPECIFIED.);
#22=B_SPLINE_CURVE_WITH_KNOTS('',3,(#4724,#4725,#4726,#4727,#4728,#4729,
#4730,#4731,#4732,#4733,#4734,#4735,#4736,#4737,#4738,#4739,#4740,#4741,
#4742,#4743,#4744,#4745),.UNSPECIFIED.,.F.,.F.,(4,3,3,3,3,3,3,4),(0.,0.237919449454,
0.475775711731047,0.713579250100912,0.951538933264009,1.18937088621413,
1.42726966111505,1.56128200144275),.UNSPECIFIED.);
#23=B_SPLINE_CURVE_WITH_KNOTS('',3,(#4749,#4750,#4751,#4752,#4753,#4754,
#4755,#4756,#4757,#4758,#4759,#4760,#4761,#4762,#4763,#4764,#4765,#4766,
#4767,#4768,#4769,#4770),.UNSPECIFIED.,.F.,.F.,(4,3,3,3,3,3,3,4),(0.,0.237919449461196,
0.475775711745437,0.713579250122493,0.951538933292788,1.18937088625011,
1.42726966115822,1.56128200148998),.UNSPECIFIED.);
#24=B_SPLINE_CURVE_WITH_KNOTS('',3,(#4774,#4775,#4776,#4777,#4778,#4779,
#4780,#4781,#4782,#4783,#4784,#4785,#4786,#4787,#4788,#4789,#4790,#4791,
#4792,#4793,#4794,#4795),.UNSPECIFIED.,.F.,.F.,(4,3,3,3,3,3,3,4),(0.,0.237919449458466,
0.475775711739982,0.713579250114313,0.951538933281878,1.18937088623647,
1.42726966114186,1.56128200147206),.UNSPECIFIED.);
#25=B_SPLINE_CURVE_WITH_KNOTS('',3,(#4799,#4800,#4801,#4802,#4803,#4804,
#4805,#4806,#4807,#4808,#4809,#4810,#4811,#4812,#4813,#4814,#4815,#4816,
#4817,#4818,#4819,#4820),.UNSPECIFIED.,.F.,.F.,(4,3,3,3,3,3,3,4),(0.,0.237919449454422,
0.475775711731889,0.713579250102174,0.951538933265693,1.18937088621624,
1.42726966111758,1.56128200144552),.UNSPECIFIED.);
#26=B_SPLINE_CURVE_WITH_KNOTS('',3,(#4824,#4825,#4826,#4827,#4828,#4829,
#4830,#4831,#4832,#4833,#4834,#4835,#4836,#4837,#4838,#4839,#4840,#4841,
#4842,#4843,#4844,#4845),.UNSPECIFIED.,.F.,.F.,(4,3,3,3,3,3,3,4),(0.,0.237919449457574,
0.475775711738194,0.713579250111629,0.951538933278299,1.189370886232,1.42726966113649,
1.5612820014662),.UNSPECIFIED.);
#27=B_SPLINE_CURVE_WITH_KNOTS('',3,(#4849,#4850,#4851,#4852,#4853,#4854,
#4855,#4856,#4857,#4858,#4859,#4860,#4861,#4862,#4863,#4864,#4865,#4866,
#4867,#4868,#4869,#4870),.UNSPECIFIED.,.F.,.F.,(4,3,3,3,3,3,3,4),(0.,0.237919449462042,
0.475775711747126,0.713579250125027,0.951538933296164,1.18937088625433,
1.42726966116328,1.56128200149551),.UNSPECIFIED.);
#28=B_SPLINE_CURVE_WITH_KNOTS('',3,(#4873,#4874,#4875,#4876,#4877,#4878,
#4879,#4880,#4881,#4882,#4883,#4884,#4885,#4886,#4887,#4888,#4889,#4890,
#4891,#4892,#4893,#4894),.UNSPECIFIED.,.F.,.F.,(4,3,3,3,3,3,3,4),(0.,0.237919449458187,
0.475775711739416,0.713579250113461,0.951538933280744,1.18937088623505,
1.42726966114016,1.56128200147022),.UNSPECIFIED.);
#29=B_SPLINE_CURVE_WITH_KNOTS('',3,(#4921,#4922,#4923,#4924,#4925),
 .UNSPECIFIED.,.F.,.F.,(4,1,4),(-1.,-0.571428571428571,0.),
 .UNSPECIFIED.);
#30=B_SPLINE_CURVE_WITH_KNOTS('',3,(#4951,#4952,#4953,#4954,#4955),
 .UNSPECIFIED.,.F.,.F.,(4,1,4),(-1.,-0.571428571428571,0.),
 .UNSPECIFIED.);
#31=B_SPLINE_CURVE_WITH_KNOTS('',3,(#4981,#4982,#4983,#4984,#4985),
 .UNSPECIFIED.,.F.,.F.,(4,1,4),(-1.,-0.571428571428571,0.),
 .UNSPECIFIED.);
#32=B_SPLINE_CURVE_WITH_KNOTS('',3,(#5011,#5012,#5013,#5014,#5015),
 .UNSPECIFIED.,.F.,.F.,(4,1,4),(-1.,-0.571428571428571,0.),
 .UNSPECIFIED.);
#33=(
BOUNDED_SURFACE()
B_SPLINE_SURFACE(2,2,((#4292,#4293,#4294),(#4295,#4296,#4297),(#4298,#4299,
#4300)),.UNSPECIFIED.,.F.,.F.,.F.)
B_SPLINE_SURFACE_WITH_KNOTS((3,3),(3,3),(-2.29410894467947E-16,1.5707963267949),
(-3.14159265358979,-1.5707963267949),.UNSPECIFIED.)
GEOMETRIC_REPRESENTATION_ITEM()
RATIONAL_B_SPLINE_SURFACE(((1.,0.707106781186547,1.),(0.707106781186538,
0.499999999999993,0.707106781186538),(1.,0.707106781186547,1.)))
REPRESENTATION_ITEM('')
SURFACE()
);
#34=(
BOUNDED_SURFACE()
B_SPLINE_SURFACE(2,2,((#4315,#4316,#4317),(#4318,#4319,#4320),(#4321,#4322,
#4323)),.UNSPECIFIED.,.F.,.F.,.F.)
B_SPLINE_SURFACE_WITH_KNOTS((3,3),(3,3),(-6.93889390390721E-16,1.5707963267949),
(-1.57079632679489,-2.88726594401446E-15),.UNSPECIFIED.)
GEOMETRIC_REPRESENTATION_ITEM()
RATIONAL_B_SPLINE_SURFACE(((1.,0.707106781186552,1.),(0.707106781186538,
0.499999999999996,0.707106781186538),(1.,0.707106781186552,1.)))
REPRESENTATION_ITEM('')
SURFACE()
);
#35=(
BOUNDED_SURFACE()
B_SPLINE_SURFACE(2,2,((#4335,#4336,#4337),(#4338,#4339,#4340),(#4341,#4342,
#4343)),.UNSPECIFIED.,.F.,.F.,.F.)
B_SPLINE_SURFACE_WITH_KNOTS((3,3),(3,3),(-1.35593011590282E-16,1.5707963267949),
(0.,1.5707963267949),.UNSPECIFIED.)
GEOMETRIC_REPRESENTATION_ITEM()
RATIONAL_B_SPLINE_SURFACE(((1.,0.707106781186547,1.),(0.707106781186538,
0.499999999999993,0.707106781186538),(1.,0.707106781186547,1.)))
REPRESENTATION_ITEM('')
SURFACE()
);
#36=(
BOUNDED_SURFACE()
B_SPLINE_SURFACE(2,2,((#4355,#4356,#4357),(#4358,#4359,#4360),(#4361,#4362,
#4363)),.UNSPECIFIED.,.F.,.F.,.F.)
B_SPLINE_SURFACE_WITH_KNOTS((3,3),(3,3),(-2.29410894467947E-16,1.5707963267949),
(1.5707963267949,3.1415926535898),.UNSPECIFIED.)
GEOMETRIC_REPRESENTATION_ITEM()
RATIONAL_B_SPLINE_SURFACE(((1.,0.707106781186544,1.),(0.707106781186542,
0.499999999999993,0.707106781186542),(1.,0.707106781186544,1.)))
REPRESENTATION_ITEM('')
SURFACE()
);
#37=(
BOUNDED_SURFACE()
B_SPLINE_SURFACE(2,2,((#4391,#4392,#4393),(#4394,#4395,#4396),(#4397,#4398,
#4399)),.UNSPECIFIED.,.F.,.F.,.F.)
B_SPLINE_SURFACE_WITH_KNOTS((3,3),(3,3),(-2.29410894467948E-16,1.5707963267949),
(-3.14159265358979,-1.5707963267949),.UNSPECIFIED.)
GEOMETRIC_REPRESENTATION_ITEM()
RATIONAL_B_SPLINE_SURFACE(((1.,0.707106781186549,1.),(0.707106781186539,
0.499999999999995,0.707106781186539),(1.,0.707106781186549,1.)))
REPRESENTATION_ITEM('')
SURFACE()
);
#38=(
BOUNDED_SURFACE()
B_SPLINE_SURFACE(2,2,((#4414,#4415,#4416),(#4417,#4418,#4419),(#4420,#4421,
#4422)),.UNSPECIFIED.,.F.,.F.,.F.)
B_SPLINE_SURFACE_WITH_KNOTS((3,3),(3,3),(-6.93889390390723E-16,1.5707963267949),
(-1.5707963267949,1.45806817744991E-15),.UNSPECIFIED.)
GEOMETRIC_REPRESENTATION_ITEM()
RATIONAL_B_SPLINE_SURFACE(((1.,0.707106781186547,1.),(0.707106781186543,
0.499999999999996,0.707106781186543),(1.,0.707106781186547,1.)))
REPRESENTATION_ITEM('')
SURFACE()
);
#39=(
BOUNDED_SURFACE()
B_SPLINE_SURFACE(2,2,((#4434,#4435,#4436),(#4437,#4438,#4439),(#4440,#4441,
#4442)),.UNSPECIFIED.,.F.,.F.,.F.)
B_SPLINE_SURFACE_WITH_KNOTS((3,3),(3,3),(-1.84726696039003E-16,1.5707963267949),
(-2.22044604925031E-14,1.57079632679489),.UNSPECIFIED.)
GEOMETRIC_REPRESENTATION_ITEM()
RATIONAL_B_SPLINE_SURFACE(((1.,0.707106781186542,1.),(0.707106781186546,
0.499999999999995,0.707106781186546),(1.,0.707106781186542,1.)))
REPRESENTATION_ITEM('')
SURFACE()
);
#40=(
BOUNDED_SURFACE()
B_SPLINE_SURFACE(2,2,((#4454,#4455,#4456),(#4457,#4458,#4459),(#4460,#4461,
#4462)),.UNSPECIFIED.,.F.,.F.,.F.)
B_SPLINE_SURFACE_WITH_KNOTS((3,3),(3,3),(-2.29410894467948E-16,1.5707963267949),
(1.57079632679491,3.14159265358979),.UNSPECIFIED.)
GEOMETRIC_REPRESENTATION_ITEM()
RATIONAL_B_SPLINE_SURFACE(((1.,0.707106781186551,1.),(0.707106781186542,
0.499999999999998,0.707106781186542),(1.,0.707106781186551,1.)))
REPRESENTATION_ITEM('')
SURFACE()
);
#41=MANIFOLD_SOLID_BREP('Metal Cover',#2909);
#42=MANIFOLD_SOLID_BREP('Plastic Body',#2910);
#43=MANIFOLD_SOLID_BREP('Button',#2911);
#44=MANIFOLD_SOLID_BREP('Pins',#2912);
#45=MANIFOLD_SOLID_BREP('Pins',#2913);
#46=FACE_BOUND('',#433,.T.);
#47=FACE_BOUND('',#434,.T.);
#48=FACE_BOUND('',#435,.T.);
#49=FACE_BOUND('',#479,.T.);
#50=FACE_BOUND('',#480,.T.);
#51=FACE_BOUND('',#481,.T.);
#52=FACE_BOUND('',#537,.T.);
#53=FACE_BOUND('',#538,.T.);
#54=CYLINDRICAL_SURFACE('',#2944,0.1);
#55=CYLINDRICAL_SURFACE('',#2967,0.225);
#56=CYLINDRICAL_SURFACE('',#2971,0.225);
#57=CYLINDRICAL_SURFACE('',#2973,0.125000000000001);
#58=CYLINDRICAL_SURFACE('',#2976,0.125);
#59=CYLINDRICAL_SURFACE('',#2979,0.125);
#60=CYLINDRICAL_SURFACE('',#2982,0.125);
#61=CYLINDRICAL_SURFACE('',#2985,0.125000000000001);
#62=CYLINDRICAL_SURFACE('',#2988,0.125);
#63=CYLINDRICAL_SURFACE('',#2991,0.125);
#64=CYLINDRICAL_SURFACE('',#2994,0.125);
#65=CYLINDRICAL_SURFACE('',#2997,0.2);
#66=CYLINDRICAL_SURFACE('',#3000,0.2);
#67=CYLINDRICAL_SURFACE('',#3003,0.2);
#68=CYLINDRICAL_SURFACE('',#3006,0.2);
#69=CYLINDRICAL_SURFACE('',#3010,0.25);
#70=CYLINDRICAL_SURFACE('',#3013,0.25);
#71=CYLINDRICAL_SURFACE('',#3016,0.125000000000001);
#72=CYLINDRICAL_SURFACE('',#3019,0.25);
#73=CYLINDRICAL_SURFACE('',#3024,0.25);
#74=CYLINDRICAL_SURFACE('',#3027,0.125);
#75=CYLINDRICAL_SURFACE('',#3030,0.1);
#76=CYLINDRICAL_SURFACE('',#3035,0.1);
#77=CYLINDRICAL_SURFACE('',#3040,0.1);
#78=CYLINDRICAL_SURFACE('',#3045,0.1);
#79=CYLINDRICAL_SURFACE('',#3050,0.1);
#80=CYLINDRICAL_SURFACE('',#3052,0.125000000000001);
#81=CYLINDRICAL_SURFACE('',#3055,0.125);
#82=CYLINDRICAL_SURFACE('',#3062,0.1);
#83=CYLINDRICAL_SURFACE('',#3067,0.1);
#84=CYLINDRICAL_SURFACE('',#3072,0.1);
#85=CYLINDRICAL_SURFACE('',#3077,0.1);
#86=CYLINDRICAL_SURFACE('',#3079,0.125);
#87=CYLINDRICAL_SURFACE('',#3082,0.125000000000001);
#88=CYLINDRICAL_SURFACE('',#3085,0.125);
#89=CYLINDRICAL_SURFACE('',#3088,0.125);
#90=CYLINDRICAL_SURFACE('',#3092,0.125);
#91=CYLINDRICAL_SURFACE('',#3095,0.125);
#92=CYLINDRICAL_SURFACE('',#3117,0.25);
#93=CYLINDRICAL_SURFACE('',#3125,0.25);
#94=CYLINDRICAL_SURFACE('',#3127,0.25);
#95=CYLINDRICAL_SURFACE('',#3130,0.25);
#96=CYLINDRICAL_SURFACE('',#3137,0.1);
#97=CYLINDRICAL_SURFACE('',#3138,0.1);
#98=CYLINDRICAL_SURFACE('',#3139,0.1);
#99=CYLINDRICAL_SURFACE('',#3140,0.1);
#100=CYLINDRICAL_SURFACE('',#3157,0.2);
#101=CYLINDRICAL_SURFACE('',#3163,0.3);
#102=CYLINDRICAL_SURFACE('',#3171,0.2);
#103=CYLINDRICAL_SURFACE('',#3177,0.3);
#104=CIRCLE('',#2937,0.225);
#105=CIRCLE('',#2938,0.1);
#106=CIRCLE('',#2940,0.1);
#107=CIRCLE('',#2941,0.225);
#108=CIRCLE('',#2945,0.1);
#109=CIRCLE('',#2947,0.225);
#110=CIRCLE('',#2949,0.125000000000001);
#111=CIRCLE('',#2950,0.25);
#112=CIRCLE('',#2951,0.25);
#113=CIRCLE('',#2952,0.125);
#114=CIRCLE('',#2953,0.25);
#115=CIRCLE('',#2954,0.25);
#116=CIRCLE('',#2955,0.2);
#117=CIRCLE('',#2956,0.2);
#118=CIRCLE('',#2957,0.2);
#119=CIRCLE('',#2958,0.2);
#120=CIRCLE('',#2959,0.125);
#121=CIRCLE('',#2960,0.125);
#122=CIRCLE('',#2961,0.125);
#123=CIRCLE('',#2962,0.125000000000001);
#124=CIRCLE('',#2963,0.125);
#125=CIRCLE('',#2964,0.125);
#126=CIRCLE('',#2965,0.125);
#127=CIRCLE('',#2966,0.125000000000001);
#128=CIRCLE('',#2969,0.225);
#129=CIRCLE('',#2970,0.1);
#130=CIRCLE('',#2974,0.125000000000001);
#131=CIRCLE('',#2977,0.125);
#132=CIRCLE('',#2980,0.125);
#133=CIRCLE('',#2983,0.125);
#134=CIRCLE('',#2986,0.125000000000001);
#135=CIRCLE('',#2989,0.125);
#136=CIRCLE('',#2992,0.125);
#137=CIRCLE('',#2995,0.125);
#138=CIRCLE('',#2998,0.2);
#139=CIRCLE('',#3001,0.2);
#140=CIRCLE('',#3004,0.2);
#141=CIRCLE('',#3007,0.2);
#142=CIRCLE('',#3011,0.25);
#143=CIRCLE('',#3014,0.25);
#144=CIRCLE('',#3017,0.125000000000001);
#145=CIRCLE('',#3020,0.25);
#146=CIRCLE('',#3025,0.25);
#147=CIRCLE('',#3028,0.125);
#148=CIRCLE('',#3031,0.1);
#149=CIRCLE('',#3032,0.125);
#150=CIRCLE('',#3033,0.0999999999999998);
#151=CIRCLE('',#3034,0.025);
#152=CIRCLE('',#3036,0.1);
#153=CIRCLE('',#3037,0.1);
#154=CIRCLE('',#3038,0.0250000000000007);
#155=CIRCLE('',#3039,0.125000000000001);
#156=CIRCLE('',#3041,0.1);
#157=CIRCLE('',#3042,0.0999999999999998);
#158=CIRCLE('',#3043,0.0250000000000004);
#159=CIRCLE('',#3044,0.125);
#160=CIRCLE('',#3046,0.1);
#161=CIRCLE('',#3047,0.0999999999999998);
#162=CIRCLE('',#3048,0.0249999999999998);
#163=CIRCLE('',#3049,0.125);
#164=CIRCLE('',#3053,0.125000000000001);
#165=CIRCLE('',#3056,0.125);
#166=CIRCLE('',#3058,0.1);
#167=CIRCLE('',#3059,0.125000000000001);
#168=CIRCLE('',#3060,0.1);
#169=CIRCLE('',#3061,0.0250000000000006);
#170=CIRCLE('',#3063,0.1);
#171=CIRCLE('',#3064,0.1);
#172=CIRCLE('',#3065,0.025);
#173=CIRCLE('',#3066,0.125);
#174=CIRCLE('',#3068,0.0999999999999998);
#175=CIRCLE('',#3069,0.0999999999999995);
#176=CIRCLE('',#3070,0.0249999999999998);
#177=CIRCLE('',#3071,0.125);
#178=CIRCLE('',#3073,0.1);
#179=CIRCLE('',#3074,0.1);
#180=CIRCLE('',#3075,0.0250000000000004);
#181=CIRCLE('',#3076,0.125);
#182=CIRCLE('',#3080,0.125);
#183=CIRCLE('',#3083,0.125000000000001);
#184=CIRCLE('',#3086,0.125);
#185=CIRCLE('',#3089,0.125);
#186=CIRCLE('',#3093,0.125);
#187=CIRCLE('',#3096,0.125);
#188=CIRCLE('',#3099,0.25);
#189=CIRCLE('',#3102,0.25);
#190=CIRCLE('',#3118,0.25);
#191=CIRCLE('',#3119,0.25);
#192=CIRCLE('',#3121,0.25);
#193=CIRCLE('',#3122,0.25);
#194=CIRCLE('',#3123,0.25);
#195=CIRCLE('',#3128,0.25);
#196=CIRCLE('',#3142,0.1);
#197=CIRCLE('',#3145,0.1);
#198=CIRCLE('',#3149,0.1);
#199=CIRCLE('',#3152,0.1);
#200=CIRCLE('',#3158,0.2);
#201=CIRCLE('',#3159,0.2);
#202=CIRCLE('',#3164,0.3);
#203=CIRCLE('',#3165,0.3);
#204=CIRCLE('',#3172,0.2);
#205=CIRCLE('',#3173,0.2);
#206=CIRCLE('',#3178,0.3);
#207=CIRCLE('',#3179,0.3);
#208=STYLED_ITEM('',(#5170),#2753);
#209=STYLED_ITEM('',(#5170),#2754);
#210=STYLED_ITEM('',(#5170),#2755);
#211=STYLED_ITEM('',(#5170),#2756);
#212=STYLED_ITEM('',(#5170),#2757);
#213=STYLED_ITEM('',(#5170),#2758);
#214=STYLED_ITEM('',(#5170),#2759);
#215=STYLED_ITEM('',(#5170),#2760);
#216=STYLED_ITEM('',(#5170),#2761);
#217=STYLED_ITEM('',(#5170),#2762);
#218=STYLED_ITEM('',(#5170),#2763);
#219=STYLED_ITEM('',(#5170),#2764);
#220=STYLED_ITEM('',(#5170),#2765);
#221=STYLED_ITEM('',(#5170),#2766);
#222=STYLED_ITEM('',(#5170),#2767);
#223=STYLED_ITEM('',(#5170),#2768);
#224=STYLED_ITEM('',(#5170),#2769);
#225=STYLED_ITEM('',(#5170),#2770);
#226=STYLED_ITEM('',(#5170),#2771);
#227=STYLED_ITEM('',(#5170),#2772);
#228=STYLED_ITEM('',(#5170),#2773);
#229=STYLED_ITEM('',(#5170),#2774);
#230=STYLED_ITEM('',(#5170),#2775);
#231=STYLED_ITEM('',(#5170),#2776);
#232=STYLED_ITEM('',(#5170),#2777);
#233=STYLED_ITEM('',(#5170),#2778);
#234=STYLED_ITEM('',(#5170),#2779);
#235=STYLED_ITEM('',(#5170),#2780);
#236=STYLED_ITEM('',(#5170),#2781);
#237=STYLED_ITEM('',(#5170),#2782);
#238=STYLED_ITEM('',(#5170),#2783);
#239=STYLED_ITEM('',(#5170),#2784);
#240=STYLED_ITEM('',(#5170),#2785);
#241=STYLED_ITEM('',(#5170),#2786);
#242=STYLED_ITEM('',(#5170),#2787);
#243=STYLED_ITEM('',(#5170),#2788);
#244=STYLED_ITEM('',(#5170),#2789);
#245=STYLED_ITEM('',(#5170),#2790);
#246=STYLED_ITEM('',(#5170),#2791);
#247=STYLED_ITEM('',(#5170),#2792);
#248=STYLED_ITEM('',(#5170),#2793);
#249=STYLED_ITEM('',(#5170),#2794);
#250=STYLED_ITEM('',(#5170),#2795);
#251=STYLED_ITEM('',(#5170),#2796);
#252=STYLED_ITEM('',(#5170),#2797);
#253=STYLED_ITEM('',(#5170),#2798);
#254=STYLED_ITEM('',(#5170),#2799);
#255=STYLED_ITEM('',(#5170),#2800);
#256=STYLED_ITEM('',(#5170),#2801);
#257=STYLED_ITEM('',(#5170),#2802);
#258=STYLED_ITEM('',(#5170),#2803);
#259=STYLED_ITEM('',(#5170),#2804);
#260=STYLED_ITEM('',(#5169),#41);
#261=STYLED_ITEM('',(#5171),#42);
#262=STYLED_ITEM('',(#5172),#43);
#263=STYLED_ITEM('',(#5173),#44);
#264=STYLED_ITEM('',(#5173),#45);
#265=FACE_OUTER_BOUND('',#423,.T.);
#266=FACE_OUTER_BOUND('',#424,.T.);
#267=FACE_OUTER_BOUND('',#425,.T.);
#268=FACE_OUTER_BOUND('',#426,.T.);
#269=FACE_OUTER_BOUND('',#427,.T.);
#270=FACE_OUTER_BOUND('',#428,.T.);
#271=FACE_OUTER_BOUND('',#429,.T.);
#272=FACE_OUTER_BOUND('',#430,.T.);
#273=FACE_OUTER_BOUND('',#431,.T.);
#274=FACE_OUTER_BOUND('',#432,.T.);
#275=FACE_OUTER_BOUND('',#436,.T.);
#276=FACE_OUTER_BOUND('',#437,.T.);
#277=FACE_OUTER_BOUND('',#438,.T.);
#278=FACE_OUTER_BOUND('',#439,.T.);
#279=FACE_OUTER_BOUND('',#440,.T.);
#280=FACE_OUTER_BOUND('',#441,.T.);
#281=FACE_OUTER_BOUND('',#442,.T.);
#282=FACE_OUTER_BOUND('',#443,.T.);
#283=FACE_OUTER_BOUND('',#444,.T.);
#284=FACE_OUTER_BOUND('',#445,.T.);
#285=FACE_OUTER_BOUND('',#446,.T.);
#286=FACE_OUTER_BOUND('',#447,.T.);
#287=FACE_OUTER_BOUND('',#448,.T.);
#288=FACE_OUTER_BOUND('',#449,.T.);
#289=FACE_OUTER_BOUND('',#450,.T.);
#290=FACE_OUTER_BOUND('',#451,.T.);
#291=FACE_OUTER_BOUND('',#452,.T.);
#292=FACE_OUTER_BOUND('',#453,.T.);
#293=FACE_OUTER_BOUND('',#454,.T.);
#294=FACE_OUTER_BOUND('',#455,.T.);
#295=FACE_OUTER_BOUND('',#456,.T.);
#296=FACE_OUTER_BOUND('',#457,.T.);
#297=FACE_OUTER_BOUND('',#458,.T.);
#298=FACE_OUTER_BOUND('',#459,.T.);
#299=FACE_OUTER_BOUND('',#460,.T.);
#300=FACE_OUTER_BOUND('',#461,.T.);
#301=FACE_OUTER_BOUND('',#462,.T.);
#302=FACE_OUTER_BOUND('',#463,.T.);
#303=FACE_OUTER_BOUND('',#464,.T.);
#304=FACE_OUTER_BOUND('',#465,.T.);
#305=FACE_OUTER_BOUND('',#466,.T.);
#306=FACE_OUTER_BOUND('',#467,.T.);
#307=FACE_OUTER_BOUND('',#468,.T.);
#308=FACE_OUTER_BOUND('',#469,.T.);
#309=FACE_OUTER_BOUND('',#470,.T.);
#310=FACE_OUTER_BOUND('',#471,.T.);
#311=FACE_OUTER_BOUND('',#472,.T.);
#312=FACE_OUTER_BOUND('',#473,.T.);
#313=FACE_OUTER_BOUND('',#474,.T.);
#314=FACE_OUTER_BOUND('',#475,.T.);
#315=FACE_OUTER_BOUND('',#476,.T.);
#316=FACE_OUTER_BOUND('',#477,.T.);
#317=FACE_OUTER_BOUND('',#478,.T.);
#318=FACE_OUTER_BOUND('',#482,.T.);
#319=FACE_OUTER_BOUND('',#483,.T.);
#320=FACE_OUTER_BOUND('',#484,.T.);
#321=FACE_OUTER_BOUND('',#485,.T.);
#322=FACE_OUTER_BOUND('',#486,.T.);
#323=FACE_OUTER_BOUND('',#487,.T.);
#324=FACE_OUTER_BOUND('',#488,.T.);
#325=FACE_OUTER_BOUND('',#489,.T.);
#326=FACE_OUTER_BOUND('',#490,.T.);
#327=FACE_OUTER_BOUND('',#491,.T.);
#328=FACE_OUTER_BOUND('',#492,.T.);
#329=FACE_OUTER_BOUND('',#493,.T.);
#330=FACE_OUTER_BOUND('',#494,.T.);
#331=FACE_OUTER_BOUND('',#495,.T.);
#332=FACE_OUTER_BOUND('',#496,.T.);
#333=FACE_OUTER_BOUND('',#497,.T.);
#334=FACE_OUTER_BOUND('',#498,.T.);
#335=FACE_OUTER_BOUND('',#499,.T.);
#336=FACE_OUTER_BOUND('',#500,.T.);
#337=FACE_OUTER_BOUND('',#501,.T.);
#338=FACE_OUTER_BOUND('',#502,.T.);
#339=FACE_OUTER_BOUND('',#503,.T.);
#340=FACE_OUTER_BOUND('',#504,.T.);
#341=FACE_OUTER_BOUND('',#505,.T.);
#342=FACE_OUTER_BOUND('',#506,.T.);
#343=FACE_OUTER_BOUND('',#507,.T.);
#344=FACE_OUTER_BOUND('',#508,.T.);
#345=FACE_OUTER_BOUND('',#509,.T.);
#346=FACE_OUTER_BOUND('',#510,.T.);
#347=FACE_OUTER_BOUND('',#511,.T.);
#348=FACE_OUTER_BOUND('',#512,.T.);
#349=FACE_OUTER_BOUND('',#513,.T.);
#350=FACE_OUTER_BOUND('',#514,.T.);
#351=FACE_OUTER_BOUND('',#515,.T.);
#352=FACE_OUTER_BOUND('',#516,.T.);
#353=FACE_OUTER_BOUND('',#517,.T.);
#354=FACE_OUTER_BOUND('',#518,.T.);
#355=FACE_OUTER_BOUND('',#519,.T.);
#356=FACE_OUTER_BOUND('',#520,.T.);
#357=FACE_OUTER_BOUND('',#521,.T.);
#358=FACE_OUTER_BOUND('',#522,.T.);
#359=FACE_OUTER_BOUND('',#523,.T.);
#360=FACE_OUTER_BOUND('',#524,.T.);
#361=FACE_OUTER_BOUND('',#525,.T.);
#362=FACE_OUTER_BOUND('',#526,.T.);
#363=FACE_OUTER_BOUND('',#527,.T.);
#364=FACE_OUTER_BOUND('',#528,.T.);
#365=FACE_OUTER_BOUND('',#529,.T.);
#366=FACE_OUTER_BOUND('',#530,.T.);
#367=FACE_OUTER_BOUND('',#531,.T.);
#368=FACE_OUTER_BOUND('',#532,.T.);
#369=FACE_OUTER_BOUND('',#533,.T.);
#370=FACE_OUTER_BOUND('',#534,.T.);
#371=FACE_OUTER_BOUND('',#535,.T.);
#372=FACE_OUTER_BOUND('',#536,.T.);
#373=FACE_OUTER_BOUND('',#539,.T.);
#374=FACE_OUTER_BOUND('',#540,.T.);
#375=FACE_OUTER_BOUND('',#541,.T.);
#376=FACE_OUTER_BOUND('',#542,.T.);
#377=FACE_OUTER_BOUND('',#543,.T.);
#378=FACE_OUTER_BOUND('',#544,.T.);
#379=FACE_OUTER_BOUND('',#545,.T.);
#380=FACE_OUTER_BOUND('',#546,.T.);
#381=FACE_OUTER_BOUND('',#547,.T.);
#382=FACE_OUTER_BOUND('',#548,.T.);
#383=FACE_OUTER_BOUND('',#549,.T.);
#384=FACE_OUTER_BOUND('',#550,.T.);
#385=FACE_OUTER_BOUND('',#551,.T.);
#386=FACE_OUTER_BOUND('',#552,.T.);
#387=FACE_OUTER_BOUND('',#553,.T.);
#388=FACE_OUTER_BOUND('',#554,.T.);
#389=FACE_OUTER_BOUND('',#555,.T.);
#390=FACE_OUTER_BOUND('',#556,.T.);
#391=FACE_OUTER_BOUND('',#557,.T.);
#392=FACE_OUTER_BOUND('',#558,.T.);
#393=FACE_OUTER_BOUND('',#559,.T.);
#394=FACE_OUTER_BOUND('',#560,.T.);
#395=FACE_OUTER_BOUND('',#561,.T.);
#396=FACE_OUTER_BOUND('',#562,.T.);
#397=FACE_OUTER_BOUND('',#563,.T.);
#398=FACE_OUTER_BOUND('',#564,.T.);
#399=FACE_OUTER_BOUND('',#565,.T.);
#400=FACE_OUTER_BOUND('',#566,.T.);
#401=FACE_OUTER_BOUND('',#567,.T.);
#402=FACE_OUTER_BOUND('',#568,.T.);
#403=FACE_OUTER_BOUND('',#569,.T.);
#404=FACE_OUTER_BOUND('',#570,.T.);
#405=FACE_OUTER_BOUND('',#571,.T.);
#406=FACE_OUTER_BOUND('',#572,.T.);
#407=FACE_OUTER_BOUND('',#573,.T.);
#408=FACE_OUTER_BOUND('',#574,.T.);
#409=FACE_OUTER_BOUND('',#575,.T.);
#410=FACE_OUTER_BOUND('',#576,.T.);
#411=FACE_OUTER_BOUND('',#577,.T.);
#412=FACE_OUTER_BOUND('',#578,.T.);
#413=FACE_OUTER_BOUND('',#579,.T.);
#414=FACE_OUTER_BOUND('',#580,.T.);
#415=FACE_OUTER_BOUND('',#581,.T.);
#416=FACE_OUTER_BOUND('',#582,.T.);
#417=FACE_OUTER_BOUND('',#583,.T.);
#418=FACE_OUTER_BOUND('',#584,.T.);
#419=FACE_OUTER_BOUND('',#585,.T.);
#420=FACE_OUTER_BOUND('',#586,.T.);
#421=FACE_OUTER_BOUND('',#587,.T.);
#422=FACE_OUTER_BOUND('',#588,.T.);
#423=EDGE_LOOP('',(#1843,#1844,#1845,#1846));
#424=EDGE_LOOP('',(#1847,#1848,#1849,#1850));
#425=EDGE_LOOP('',(#1851,#1852,#1853,#1854));
#426=EDGE_LOOP('',(#1855,#1856,#1857,#1858,#1859,#1860,#1861,#1862));
#427=EDGE_LOOP('',(#1863,#1864,#1865,#1866,#1867,#1868,#1869,#1870));
#428=EDGE_LOOP('',(#1871,#1872,#1873,#1874));
#429=EDGE_LOOP('',(#1875,#1876,#1877,#1878));
#430=EDGE_LOOP('',(#1879,#1880,#1881,#1882));
#431=EDGE_LOOP('',(#1883,#1884,#1885,#1886,#1887,#1888,#1889,#1890));
#432=EDGE_LOOP('',(#1891,#1892,#1893,#1894,#1895,#1896,#1897,#1898,#1899,
#1900,#1901,#1902,#1903,#1904,#1905,#1906,#1907,#1908,#1909,#1910));
#433=EDGE_LOOP('',(#1911,#1912,#1913,#1914,#1915,#1916,#1917,#1918));
#434=EDGE_LOOP('',(#1919,#1920,#1921,#1922,#1923,#1924,#1925,#1926));
#435=EDGE_LOOP('',(#1927,#1928,#1929,#1930,#1931,#1932,#1933,#1934));
#436=EDGE_LOOP('',(#1935,#1936,#1937,#1938));
#437=EDGE_LOOP('',(#1939,#1940,#1941,#1942,#1943,#1944,#1945,#1946));
#438=EDGE_LOOP('',(#1947,#1948,#1949,#1950));
#439=EDGE_LOOP('',(#1951,#1952,#1953,#1954));
#440=EDGE_LOOP('',(#1955,#1956,#1957,#1958));
#441=EDGE_LOOP('',(#1959,#1960,#1961,#1962));
#442=EDGE_LOOP('',(#1963,#1964,#1965,#1966));
#443=EDGE_LOOP('',(#1967,#1968,#1969,#1970));
#444=EDGE_LOOP('',(#1971,#1972,#1973,#1974));
#445=EDGE_LOOP('',(#1975,#1976,#1977,#1978));
#446=EDGE_LOOP('',(#1979,#1980,#1981,#1982));
#447=EDGE_LOOP('',(#1983,#1984,#1985,#1986));
#448=EDGE_LOOP('',(#1987,#1988,#1989,#1990));
#449=EDGE_LOOP('',(#1991,#1992,#1993,#1994));
#450=EDGE_LOOP('',(#1995,#1996,#1997,#1998));
#451=EDGE_LOOP('',(#1999,#2000,#2001,#2002));
#452=EDGE_LOOP('',(#2003,#2004,#2005,#2006));
#453=EDGE_LOOP('',(#2007,#2008,#2009,#2010));
#454=EDGE_LOOP('',(#2011,#2012,#2013,#2014));
#455=EDGE_LOOP('',(#2015,#2016,#2017,#2018));
#456=EDGE_LOOP('',(#2019,#2020,#2021,#2022));
#457=EDGE_LOOP('',(#2023,#2024,#2025,#2026));
#458=EDGE_LOOP('',(#2027,#2028,#2029,#2030));
#459=EDGE_LOOP('',(#2031,#2032,#2033,#2034));
#460=EDGE_LOOP('',(#2035,#2036,#2037,#2038));
#461=EDGE_LOOP('',(#2039,#2040,#2041,#2042));
#462=EDGE_LOOP('',(#2043,#2044,#2045,#2046));
#463=EDGE_LOOP('',(#2047,#2048,#2049,#2050));
#464=EDGE_LOOP('',(#2051,#2052,#2053,#2054));
#465=EDGE_LOOP('',(#2055,#2056,#2057,#2058));
#466=EDGE_LOOP('',(#2059,#2060,#2061,#2062));
#467=EDGE_LOOP('',(#2063,#2064,#2065,#2066));
#468=EDGE_LOOP('',(#2067,#2068,#2069,#2070));
#469=EDGE_LOOP('',(#2071,#2072,#2073,#2074));
#470=EDGE_LOOP('',(#2075,#2076,#2077,#2078));
#471=EDGE_LOOP('',(#2079,#2080,#2081,#2082));
#472=EDGE_LOOP('',(#2083,#2084,#2085,#2086));
#473=EDGE_LOOP('',(#2087,#2088,#2089,#2090));
#474=EDGE_LOOP('',(#2091,#2092,#2093,#2094));
#475=EDGE_LOOP('',(#2095,#2096,#2097,#2098));
#476=EDGE_LOOP('',(#2099,#2100,#2101,#2102));
#477=EDGE_LOOP('',(#2103,#2104,#2105,#2106));
#478=EDGE_LOOP('',(#2107,#2108,#2109,#2110,#2111,#2112,#2113,#2114,#2115,
#2116,#2117,#2118,#2119,#2120,#2121,#2122,#2123,#2124,#2125,#2126));
#479=EDGE_LOOP('',(#2127,#2128,#2129,#2130,#2131,#2132,#2133,#2134));
#480=EDGE_LOOP('',(#2135,#2136,#2137,#2138,#2139,#2140,#2141,#2142));
#481=EDGE_LOOP('',(#2143,#2144,#2145,#2146,#2147,#2148,#2149,#2150));
#482=EDGE_LOOP('',(#2151,#2152,#2153,#2154));
#483=EDGE_LOOP('',(#2155,#2156,#2157,#2158));
#484=EDGE_LOOP('',(#2159,#2160,#2161,#2162));
#485=EDGE_LOOP('',(#2163,#2164,#2165,#2166));
#486=EDGE_LOOP('',(#2167,#2168,#2169,#2170));
#487=EDGE_LOOP('',(#2171,#2172,#2173,#2174));
#488=EDGE_LOOP('',(#2175,#2176,#2177,#2178));
#489=EDGE_LOOP('',(#2179,#2180,#2181,#2182));
#490=EDGE_LOOP('',(#2183,#2184,#2185,#2186));
#491=EDGE_LOOP('',(#2187,#2188,#2189,#2190));
#492=EDGE_LOOP('',(#2191,#2192,#2193,#2194));
#493=EDGE_LOOP('',(#2195,#2196,#2197,#2198));
#494=EDGE_LOOP('',(#2199,#2200,#2201,#2202));
#495=EDGE_LOOP('',(#2203,#2204,#2205,#2206,#2207,#2208,#2209,#2210));
#496=EDGE_LOOP('',(#2211,#2212,#2213,#2214));
#497=EDGE_LOOP('',(#2215,#2216,#2217,#2218));
#498=EDGE_LOOP('',(#2219,#2220,#2221,#2222));
#499=EDGE_LOOP('',(#2223,#2224,#2225,#2226));
#500=EDGE_LOOP('',(#2227,#2228,#2229,#2230));
#501=EDGE_LOOP('',(#2231,#2232,#2233,#2234));
#502=EDGE_LOOP('',(#2235,#2236,#2237,#2238));
#503=EDGE_LOOP('',(#2239,#2240,#2241,#2242));
#504=EDGE_LOOP('',(#2243,#2244,#2245,#2246));
#505=EDGE_LOOP('',(#2247,#2248,#2249,#2250));
#506=EDGE_LOOP('',(#2251,#2252,#2253,#2254));
#507=EDGE_LOOP('',(#2255,#2256,#2257,#2258));
#508=EDGE_LOOP('',(#2259,#2260,#2261,#2262,#2263,#2264,#2265,#2266));
#509=EDGE_LOOP('',(#2267,#2268,#2269,#2270));
#510=EDGE_LOOP('',(#2271,#2272,#2273,#2274));
#511=EDGE_LOOP('',(#2275,#2276,#2277,#2278));
#512=EDGE_LOOP('',(#2279,#2280,#2281,#2282));
#513=EDGE_LOOP('',(#2283,#2284,#2285,#2286));
#514=EDGE_LOOP('',(#2287,#2288,#2289,#2290));
#515=EDGE_LOOP('',(#2291,#2292,#2293,#2294));
#516=EDGE_LOOP('',(#2295,#2296,#2297,#2298));
#517=EDGE_LOOP('',(#2299,#2300,#2301,#2302));
#518=EDGE_LOOP('',(#2303,#2304,#2305,#2306,#2307));
#519=EDGE_LOOP('',(#2308,#2309,#2310,#2311));
#520=EDGE_LOOP('',(#2312,#2313,#2314,#2315,#2316));
#521=EDGE_LOOP('',(#2317,#2318,#2319,#2320,#2321,#2322,#2323,#2324,#2325,
#2326,#2327,#2328));
#522=EDGE_LOOP('',(#2329,#2330,#2331,#2332));
#523=EDGE_LOOP('',(#2333,#2334,#2335,#2336));
#524=EDGE_LOOP('',(#2337,#2338,#2339,#2340));
#525=EDGE_LOOP('',(#2341,#2342,#2343,#2344));
#526=EDGE_LOOP('',(#2345,#2346,#2347,#2348));
#527=EDGE_LOOP('',(#2349,#2350,#2351,#2352));
#528=EDGE_LOOP('',(#2353,#2354,#2355,#2356));
#529=EDGE_LOOP('',(#2357,#2358,#2359,#2360));
#530=EDGE_LOOP('',(#2361,#2362,#2363,#2364));
#531=EDGE_LOOP('',(#2365,#2366,#2367,#2368));
#532=EDGE_LOOP('',(#2369,#2370,#2371,#2372));
#533=EDGE_LOOP('',(#2373,#2374,#2375,#2376));
#534=EDGE_LOOP('',(#2377,#2378,#2379,#2380,#2381,#2382,#2383,#2384,#2385,
#2386,#2387,#2388,#2389,#2390));
#535=EDGE_LOOP('',(#2391,#2392,#2393,#2394));
#536=EDGE_LOOP('',(#2395,#2396,#2397,#2398,#2399,#2400,#2401,#2402,#2403,
#2404,#2405,#2406));
#537=EDGE_LOOP('',(#2407,#2408,#2409,#2410,#2411,#2412,#2413,#2414));
#538=EDGE_LOOP('',(#2415,#2416,#2417,#2418,#2419,#2420,#2421,#2422));
#539=EDGE_LOOP('',(#2423,#2424,#2425,#2426));
#540=EDGE_LOOP('',(#2427,#2428,#2429,#2430));
#541=EDGE_LOOP('',(#2431,#2432,#2433,#2434,#2435,#2436));
#542=EDGE_LOOP('',(#2437,#2438,#2439,#2440));
#543=EDGE_LOOP('',(#2441,#2442,#2443,#2444));
#544=EDGE_LOOP('',(#2445,#2446,#2447,#2448));
#545=EDGE_LOOP('',(#2449,#2450,#2451,#2452,#2453,#2454));
#546=EDGE_LOOP('',(#2455,#2456,#2457,#2458,#2459,#2460,#2461,#2462));
#547=EDGE_LOOP('',(#2463,#2464,#2465,#2466,#2467,#2468,#2469,#2470));
#548=EDGE_LOOP('',(#2471,#2472,#2473,#2474,#2475,#2476));
#549=EDGE_LOOP('',(#2477,#2478,#2479,#2480,#2481,#2482,#2483,#2484));
#550=EDGE_LOOP('',(#2485,#2486,#2487,#2488,#2489,#2490));
#551=EDGE_LOOP('',(#2491,#2492,#2493,#2494));
#552=EDGE_LOOP('',(#2495,#2496,#2497,#2498));
#553=EDGE_LOOP('',(#2499,#2500,#2501,#2502));
#554=EDGE_LOOP('',(#2503,#2504,#2505,#2506));
#555=EDGE_LOOP('',(#2507,#2508,#2509));
#556=EDGE_LOOP('',(#2510,#2511,#2512));
#557=EDGE_LOOP('',(#2513,#2514,#2515));
#558=EDGE_LOOP('',(#2516,#2517,#2518));
#559=EDGE_LOOP('',(#2519,#2520,#2521,#2522));
#560=EDGE_LOOP('',(#2523,#2524,#2525,#2526));
#561=EDGE_LOOP('',(#2527,#2528,#2529,#2530));
#562=EDGE_LOOP('',(#2531,#2532,#2533,#2534));
#563=EDGE_LOOP('',(#2535,#2536,#2537,#2538));
#564=EDGE_LOOP('',(#2539,#2540,#2541,#2542));
#565=EDGE_LOOP('',(#2543,#2544,#2545,#2546));
#566=EDGE_LOOP('',(#2547,#2548,#2549,#2550));
#567=EDGE_LOOP('',(#2551,#2552,#2553,#2554));
#568=EDGE_LOOP('',(#2555,#2556,#2557,#2558,#2559,#2560,#2561,#2562));
#569=EDGE_LOOP('',(#2563,#2564,#2565,#2566));
#570=EDGE_LOOP('',(#2567,#2568,#2569,#2570));
#571=EDGE_LOOP('',(#2571,#2572,#2573,#2574));
#572=EDGE_LOOP('',(#2575,#2576,#2577,#2578));
#573=EDGE_LOOP('',(#2579,#2580,#2581,#2582));
#574=EDGE_LOOP('',(#2583,#2584,#2585,#2586));
#575=EDGE_LOOP('',(#2587,#2588,#2589,#2590));
#576=EDGE_LOOP('',(#2591,#2592,#2593,#2594));
#577=EDGE_LOOP('',(#2595,#2596,#2597,#2598,#2599,#2600,#2601,#2602));
#578=EDGE_LOOP('',(#2603,#2604,#2605,#2606,#2607,#2608,#2609,#2610));
#579=EDGE_LOOP('',(#2611,#2612,#2613,#2614));
#580=EDGE_LOOP('',(#2615,#2616,#2617,#2618));
#581=EDGE_LOOP('',(#2619,#2620,#2621,#2622));
#582=EDGE_LOOP('',(#2623,#2624,#2625,#2626));
#583=EDGE_LOOP('',(#2627,#2628,#2629,#2630));
#584=EDGE_LOOP('',(#2631,#2632,#2633,#2634));
#585=EDGE_LOOP('',(#2635,#2636,#2637,#2638));
#586=EDGE_LOOP('',(#2639,#2640,#2641,#2642));
#587=EDGE_LOOP('',(#2643,#2644,#2645,#2646,#2647,#2648,#2649,#2650));
#588=EDGE_LOOP('',(#2651,#2652,#2653,#2654,#2655,#2656,#2657,#2658));
#589=LINE('',#3981,#881);
#590=LINE('',#3983,#882);
#591=LINE('',#3985,#883);
#592=LINE('',#3986,#884);
#593=LINE('',#3990,#885);
#594=LINE('',#3992,#886);
#595=LINE('',#3994,#887);
#596=LINE('',#3995,#888);
#597=LINE('',#3998,#889);
#598=LINE('',#4000,#890);
#599=LINE('',#4001,#891);
#600=LINE('',#4004,#892);
#601=LINE('',#4008,#893);
#602=LINE('',#4010,#894);
#603=LINE('',#4012,#895);
#604=LINE('',#4016,#896);
#605=LINE('',#4020,#897);
#606=LINE('',#4022,#898);
#607=LINE('',#4024,#899);
#608=LINE('',#4027,#900);
#609=LINE('',#4030,#901);
#610=LINE('',#4031,#902);
#611=LINE('',#4034,#903);
#612=LINE('',#4035,#904);
#613=LINE('',#4038,#905);
#614=LINE('',#4042,#906);
#615=LINE('',#4044,#907);
#616=LINE('',#4046,#908);
#617=LINE('',#4052,#909);
#618=LINE('',#4056,#910);
#619=LINE('',#4060,#911);
#620=LINE('',#4063,#912);
#621=LINE('',#4065,#913);
#622=LINE('',#4067,#914);
#623=LINE('',#4071,#915);
#624=LINE('',#4073,#916);
#625=LINE('',#4075,#917);
#626=LINE('',#4078,#918);
#627=LINE('',#4081,#919);
#628=LINE('',#4085,#920);
#629=LINE('',#4089,#921);
#630=LINE('',#4093,#922);
#631=LINE('',#4097,#923);
#632=LINE('',#4101,#924);
#633=LINE('',#4105,#925);
#634=LINE('',#4109,#926);
#635=LINE('',#4113,#927);
#636=LINE('',#4117,#928);
#637=LINE('',#4121,#929);
#638=LINE('',#4125,#930);
#639=LINE('',#4128,#931);
#640=LINE('',#4131,#932);
#641=LINE('',#4135,#933);
#642=LINE('',#4136,#934);
#643=LINE('',#4139,#935);
#644=LINE('',#4140,#936);
#645=LINE('',#4146,#937);
#646=LINE('',#4147,#938);
#647=LINE('',#4150,#939);
#648=LINE('',#4151,#940);
#649=LINE('',#4155,#941);
#650=LINE('',#4158,#942);
#651=LINE('',#4159,#943);
#652=LINE('',#4163,#944);
#653=LINE('',#4166,#945);
#654=LINE('',#4167,#946);
#655=LINE('',#4171,#947);
#656=LINE('',#4173,#948);
#657=LINE('',#4178,#949);
#658=LINE('',#4179,#950);
#659=LINE('',#4182,#951);
#660=LINE('',#4183,#952);
#661=LINE('',#4187,#953);
#662=LINE('',#4190,#954);
#663=LINE('',#4191,#955);
#664=LINE('',#4195,#956);
#665=LINE('',#4198,#957);
#666=LINE('',#4199,#958);
#667=LINE('',#4203,#959);
#668=LINE('',#4205,#960);
#669=LINE('',#4210,#961);
#670=LINE('',#4211,#962);
#671=LINE('',#4214,#963);
#672=LINE('',#4215,#964);
#673=LINE('',#4219,#965);
#674=LINE('',#4222,#966);
#675=LINE('',#4223,#967);
#676=LINE('',#4227,#968);
#677=LINE('',#4230,#969);
#678=LINE('',#4231,#970);
#679=LINE('',#4235,#971);
#680=LINE('',#4237,#972);
#681=LINE('',#4241,#973);
#682=LINE('',#4242,#974);
#683=LINE('',#4243,#975);
#684=LINE('',#4247,#976);
#685=LINE('',#4250,#977);
#686=LINE('',#4251,#978);
#687=LINE('',#4255,#979);
#688=LINE('',#4258,#980);
#689=LINE('',#4259,#981);
#690=LINE('',#4264,#982);
#691=LINE('',#4265,#983);
#692=LINE('',#4269,#984);
#693=LINE('',#4272,#985);
#694=LINE('',#4273,#986);
#695=LINE('',#4276,#987);
#696=LINE('',#4277,#988);
#697=LINE('',#4280,#989);
#698=LINE('',#4281,#990);
#699=LINE('',#4285,#991);
#700=LINE('',#4287,#992);
#701=LINE('',#4313,#993);
#702=LINE('',#4314,#994);
#703=LINE('',#4333,#995);
#704=LINE('',#4334,#996);
#705=LINE('',#4353,#997);
#706=LINE('',#4354,#998);
#707=LINE('',#4370,#999);
#708=LINE('',#4371,#1000);
#709=LINE('',#4374,#1001);
#710=LINE('',#4376,#1002);
#711=LINE('',#4377,#1003);
#712=LINE('',#4380,#1004);
#713=LINE('',#4384,#1005);
#714=LINE('',#4385,#1006);
#715=LINE('',#4388,#1007);
#716=LINE('',#4412,#1008);
#717=LINE('',#4413,#1009);
#718=LINE('',#4432,#1010);
#719=LINE('',#4433,#1011);
#720=LINE('',#4452,#1012);
#721=LINE('',#4453,#1013);
#722=LINE('',#4469,#1014);
#723=LINE('',#4470,#1015);
#724=LINE('',#4473,#1016);
#725=LINE('',#4475,#1017);
#726=LINE('',#4476,#1018);
#727=LINE('',#4479,#1019);
#728=LINE('',#4483,#1020);
#729=LINE('',#4484,#1021);
#730=LINE('',#4487,#1022);
#731=LINE('',#4493,#1023);
#732=LINE('',#4496,#1024);
#733=LINE('',#4497,#1025);
#734=LINE('',#4500,#1026);
#735=LINE('',#4503,#1027);
#736=LINE('',#4506,#1028);
#737=LINE('',#4507,#1029);
#738=LINE('',#4510,#1030);
#739=LINE('',#4514,#1031);
#740=LINE('',#4515,#1032);
#741=LINE('',#4521,#1033);
#742=LINE('',#4523,#1034);
#743=LINE('',#4525,#1035);
#744=LINE('',#4526,#1036);
#745=LINE('',#4530,#1037);
#746=LINE('',#4533,#1038);
#747=LINE('',#4534,#1039);
#748=LINE('',#4538,#1040);
#749=LINE('',#4540,#1041);
#750=LINE('',#4542,#1042);
#751=LINE('',#4543,#1043);
#752=LINE('',#4549,#1044);
#753=LINE('',#4550,#1045);
#754=LINE('',#4551,#1046);
#755=LINE('',#4554,#1047);
#756=LINE('',#4556,#1048);
#757=LINE('',#4558,#1049);
#758=LINE('',#4560,#1050);
#759=LINE('',#4562,#1051);
#760=LINE('',#4564,#1052);
#761=LINE('',#4566,#1053);
#762=LINE('',#4568,#1054);
#763=LINE('',#4569,#1055);
#764=LINE('',#4570,#1056);
#765=LINE('',#4574,#1057);
#766=LINE('',#4576,#1058);
#767=LINE('',#4578,#1059);
#768=LINE('',#4579,#1060);
#769=LINE('',#4582,#1061);
#770=LINE('',#4584,#1062);
#771=LINE('',#4585,#1063);
#772=LINE('',#4588,#1064);
#773=LINE('',#4590,#1065);
#774=LINE('',#4591,#1066);
#775=LINE('',#4593,#1067);
#776=LINE('',#4597,#1068);
#777=LINE('',#4599,#1069);
#778=LINE('',#4601,#1070);
#779=LINE('',#4602,#1071);
#780=LINE('',#4606,#1072);
#781=LINE('',#4608,#1073);
#782=LINE('',#4610,#1074);
#783=LINE('',#4611,#1075);
#784=LINE('',#4613,#1076);
#785=LINE('',#4614,#1077);
#786=LINE('',#4616,#1078);
#787=LINE('',#4618,#1079);
#788=LINE('',#4620,#1080);
#789=LINE('',#4621,#1081);
#790=LINE('',#4624,#1082);
#791=LINE('',#4625,#1083);
#792=LINE('',#4627,#1084);
#793=LINE('',#4629,#1085);
#794=LINE('',#4630,#1086);
#795=LINE('',#4633,#1087);
#796=LINE('',#4634,#1088);
#797=LINE('',#4637,#1089);
#798=LINE('',#4639,#1090);
#799=LINE('',#4641,#1091);
#800=LINE('',#4643,#1092);
#801=LINE('',#4644,#1093);
#802=LINE('',#4650,#1094);
#803=LINE('',#4655,#1095);
#804=LINE('',#4657,#1096);
#805=LINE('',#4661,#1097);
#806=LINE('',#4663,#1098);
#807=LINE('',#4665,#1099);
#808=LINE('',#4669,#1100);
#809=LINE('',#4670,#1101);
#810=LINE('',#4672,#1102);
#811=LINE('',#4673,#1103);
#812=LINE('',#4675,#1104);
#813=LINE('',#4677,#1105);
#814=LINE('',#4681,#1106);
#815=LINE('',#4683,#1107);
#816=LINE('',#4684,#1108);
#817=LINE('',#4686,#1109);
#818=LINE('',#4688,#1110);
#819=LINE('',#4691,#1111);
#820=LINE('',#4694,#1112);
#821=LINE('',#4722,#1113);
#822=LINE('',#4746,#1114);
#823=LINE('',#4772,#1115);
#824=LINE('',#4796,#1116);
#825=LINE('',#4822,#1117);
#826=LINE('',#4846,#1118);
#827=LINE('',#4871,#1119);
#828=LINE('',#4895,#1120);
#829=LINE('',#5018,#1121);
#830=LINE('',#5021,#1122);
#831=LINE('',#5024,#1123);
#832=LINE('',#5025,#1124);
#833=LINE('',#5028,#1125);
#834=LINE('',#5032,#1126);
#835=LINE('',#5033,#1127);
#836=LINE('',#5037,#1128);
#837=LINE('',#5041,#1129);
#838=LINE('',#5042,#1130);
#839=LINE('',#5045,#1131);
#840=LINE('',#5048,#1132);
#841=LINE('',#5053,#1133);
#842=LINE('',#5055,#1134);
#843=LINE('',#5057,#1135);
#844=LINE('',#5058,#1136);
#845=LINE('',#5061,#1137);
#846=LINE('',#5063,#1138);
#847=LINE('',#5064,#1139);
#848=LINE('',#5070,#1140);
#849=LINE('',#5073,#1141);
#850=LINE('',#5075,#1142);
#851=LINE('',#5076,#1143);
#852=LINE('',#5079,#1144);
#853=LINE('',#5081,#1145);
#854=LINE('',#5082,#1146);
#855=LINE('',#5085,#1147);
#856=LINE('',#5087,#1148);
#857=LINE('',#5088,#1149);
#858=LINE('',#5094,#1150);
#859=LINE('',#5096,#1151);
#860=LINE('',#5097,#1152);
#861=LINE('',#5103,#1153);
#862=LINE('',#5105,#1154);
#863=LINE('',#5107,#1155);
#864=LINE('',#5108,#1156);
#865=LINE('',#5111,#1157);
#866=LINE('',#5113,#1158);
#867=LINE('',#5114,#1159);
#868=LINE('',#5119,#1160);
#869=LINE('',#5123,#1161);
#870=LINE('',#5125,#1162);
#871=LINE('',#5126,#1163);
#872=LINE('',#5129,#1164);
#873=LINE('',#5131,#1165);
#874=LINE('',#5132,#1166);
#875=LINE('',#5135,#1167);
#876=LINE('',#5137,#1168);
#877=LINE('',#5138,#1169);
#878=LINE('',#5143,#1170);
#879=LINE('',#5146,#1171);
#880=LINE('',#5147,#1172);
#881=VECTOR('',#3187,10.);
#882=VECTOR('',#3188,10.);
#883=VECTOR('',#3189,10.);
#884=VECTOR('',#3190,10.);
#885=VECTOR('',#3193,10.);
#886=VECTOR('',#3194,10.);
#887=VECTOR('',#3195,10.);
#888=VECTOR('',#3196,10.);
#889=VECTOR('',#3199,10.);
#890=VECTOR('',#3200,10.);
#891=VECTOR('',#3201,10.);
#892=VECTOR('',#3204,10.);
#893=VECTOR('',#3207,10.);
#894=VECTOR('',#3208,10.);
#895=VECTOR('',#3209,10.);
#896=VECTOR('',#3214,10.);
#897=VECTOR('',#3217,10.);
#898=VECTOR('',#3218,10.);
#899=VECTOR('',#3219,10.);
#900=VECTOR('',#3222,10.);
#901=VECTOR('',#3225,10.);
#902=VECTOR('',#3226,10.);
#903=VECTOR('',#3229,10.);
#904=VECTOR('',#3230,10.);
#905=VECTOR('',#3233,10.);
#906=VECTOR('',#3238,10.);
#907=VECTOR('',#3239,10.);
#908=VECTOR('',#3240,10.);
#909=VECTOR('',#3247,10.);
#910=VECTOR('',#3250,10.);
#911=VECTOR('',#3253,10.);
#912=VECTOR('',#3256,10.);
#913=VECTOR('',#3257,10.);
#914=VECTOR('',#3258,10.);
#915=VECTOR('',#3261,10.);
#916=VECTOR('',#3262,10.);
#917=VECTOR('',#3263,10.);
#918=VECTOR('',#3266,10.);
#919=VECTOR('',#3267,10.);
#920=VECTOR('',#3270,10.);
#921=VECTOR('',#3273,10.);
#922=VECTOR('',#3276,10.);
#923=VECTOR('',#3279,10.);
#924=VECTOR('',#3282,10.);
#925=VECTOR('',#3285,10.);
#926=VECTOR('',#3288,10.);
#927=VECTOR('',#3291,10.);
#928=VECTOR('',#3294,10.);
#929=VECTOR('',#3297,10.);
#930=VECTOR('',#3300,10.);
#931=VECTOR('',#3305,10.);
#932=VECTOR('',#3308,10.);
#933=VECTOR('',#3311,10.);
#934=VECTOR('',#3312,10.);
#935=VECTOR('',#3317,10.);
#936=VECTOR('',#3318,10.);
#937=VECTOR('',#3325,10.);
#938=VECTOR('',#3326,10.);
#939=VECTOR('',#3329,10.);
#940=VECTOR('',#3330,10.);
#941=VECTOR('',#3335,10.);
#942=VECTOR('',#3338,10.);
#943=VECTOR('',#3339,10.);
#944=VECTOR('',#3344,10.);
#945=VECTOR('',#3347,10.);
#946=VECTOR('',#3348,10.);
#947=VECTOR('',#3353,10.);
#948=VECTOR('',#3356,10.);
#949=VECTOR('',#3361,10.);
#950=VECTOR('',#3362,10.);
#951=VECTOR('',#3365,10.);
#952=VECTOR('',#3366,10.);
#953=VECTOR('',#3371,10.);
#954=VECTOR('',#3374,10.);
#955=VECTOR('',#3375,10.);
#956=VECTOR('',#3380,10.);
#957=VECTOR('',#3383,10.);
#958=VECTOR('',#3384,10.);
#959=VECTOR('',#3389,10.);
#960=VECTOR('',#3392,10.);
#961=VECTOR('',#3397,10.);
#962=VECTOR('',#3398,10.);
#963=VECTOR('',#3401,10.);
#964=VECTOR('',#3402,10.);
#965=VECTOR('',#3407,10.);
#966=VECTOR('',#3410,10.);
#967=VECTOR('',#3411,10.);
#968=VECTOR('',#3416,10.);
#969=VECTOR('',#3419,10.);
#970=VECTOR('',#3420,10.);
#971=VECTOR('',#3425,10.);
#972=VECTOR('',#3428,10.);
#973=VECTOR('',#3431,10.);
#974=VECTOR('',#3432,10.);
#975=VECTOR('',#3433,10.);
#976=VECTOR('',#3438,10.);
#977=VECTOR('',#3441,10.);
#978=VECTOR('',#3442,10.);
#979=VECTOR('',#3447,10.);
#980=VECTOR('',#3450,10.);
#981=VECTOR('',#3451,10.);
#982=VECTOR('',#3458,10.);
#983=VECTOR('',#3459,10.);
#984=VECTOR('',#3464,10.);
#985=VECTOR('',#3467,10.);
#986=VECTOR('',#3468,10.);
#987=VECTOR('',#3471,10.);
#988=VECTOR('',#3472,10.);
#989=VECTOR('',#3475,10.);
#990=VECTOR('',#3476,10.);
#991=VECTOR('',#3481,10.);
#992=VECTOR('',#3484,10.);
#993=VECTOR('',#3505,10.);
#994=VECTOR('',#3506,10.);
#995=VECTOR('',#3517,10.);
#996=VECTOR('',#3518,10.);
#997=VECTOR('',#3529,10.);
#998=VECTOR('',#3530,10.);
#999=VECTOR('',#3539,10.);
#1000=VECTOR('',#3540,10.);
#1001=VECTOR('',#3543,10.);
#1002=VECTOR('',#3544,10.);
#1003=VECTOR('',#3545,10.);
#1004=VECTOR('',#3548,10.);
#1005=VECTOR('',#3553,10.);
#1006=VECTOR('',#3554,10.);
#1007=VECTOR('',#3557,10.);
#1008=VECTOR('',#3574,10.);
#1009=VECTOR('',#3575,10.);
#1010=VECTOR('',#3586,10.);
#1011=VECTOR('',#3587,10.);
#1012=VECTOR('',#3598,10.);
#1013=VECTOR('',#3599,10.);
#1014=VECTOR('',#3608,10.);
#1015=VECTOR('',#3609,10.);
#1016=VECTOR('',#3612,10.);
#1017=VECTOR('',#3613,10.);
#1018=VECTOR('',#3614,10.);
#1019=VECTOR('',#3617,10.);
#1020=VECTOR('',#3622,10.);
#1021=VECTOR('',#3623,10.);
#1022=VECTOR('',#3626,10.);
#1023=VECTOR('',#3635,10.);
#1024=VECTOR('',#3638,10.);
#1025=VECTOR('',#3639,10.);
#1026=VECTOR('',#3642,10.);
#1027=VECTOR('',#3647,10.);
#1028=VECTOR('',#3650,10.);
#1029=VECTOR('',#3651,10.);
#1030=VECTOR('',#3654,10.);
#1031=VECTOR('',#3659,10.);
#1032=VECTOR('',#3660,10.);
#1033=VECTOR('',#3667,10.);
#1034=VECTOR('',#3668,10.);
#1035=VECTOR('',#3669,10.);
#1036=VECTOR('',#3670,10.);
#1037=VECTOR('',#3673,10.);
#1038=VECTOR('',#3676,10.);
#1039=VECTOR('',#3677,10.);
#1040=VECTOR('',#3680,10.);
#1041=VECTOR('',#3681,10.);
#1042=VECTOR('',#3682,10.);
#1043=VECTOR('',#3683,10.);
#1044=VECTOR('',#3688,10.);
#1045=VECTOR('',#3689,10.);
#1046=VECTOR('',#3690,10.);
#1047=VECTOR('',#3693,10.);
#1048=VECTOR('',#3694,10.);
#1049=VECTOR('',#3695,10.);
#1050=VECTOR('',#3696,10.);
#1051=VECTOR('',#3697,10.);
#1052=VECTOR('',#3698,10.);
#1053=VECTOR('',#3699,10.);
#1054=VECTOR('',#3700,10.);
#1055=VECTOR('',#3701,10.);
#1056=VECTOR('',#3702,10.);
#1057=VECTOR('',#3705,10.);
#1058=VECTOR('',#3706,10.);
#1059=VECTOR('',#3707,10.);
#1060=VECTOR('',#3708,10.);
#1061=VECTOR('',#3711,10.);
#1062=VECTOR('',#3712,10.);
#1063=VECTOR('',#3713,10.);
#1064=VECTOR('',#3716,10.);
#1065=VECTOR('',#3717,10.);
#1066=VECTOR('',#3718,10.);
#1067=VECTOR('',#3721,10.);
#1068=VECTOR('',#3724,10.);
#1069=VECTOR('',#3725,10.);
#1070=VECTOR('',#3726,10.);
#1071=VECTOR('',#3727,10.);
#1072=VECTOR('',#3730,10.);
#1073=VECTOR('',#3731,10.);
#1074=VECTOR('',#3732,10.);
#1075=VECTOR('',#3733,10.);
#1076=VECTOR('',#3736,10.);
#1077=VECTOR('',#3737,10.);
#1078=VECTOR('',#3740,10.);
#1079=VECTOR('',#3743,10.);
#1080=VECTOR('',#3744,10.);
#1081=VECTOR('',#3745,10.);
#1082=VECTOR('',#3748,10.);
#1083=VECTOR('',#3749,10.);
#1084=VECTOR('',#3752,10.);
#1085=VECTOR('',#3753,10.);
#1086=VECTOR('',#3754,10.);
#1087=VECTOR('',#3757,10.);
#1088=VECTOR('',#3758,10.);
#1089=VECTOR('',#3761,10.);
#1090=VECTOR('',#3762,10.);
#1091=VECTOR('',#3763,10.);
#1092=VECTOR('',#3764,10.);
#1093=VECTOR('',#3765,10.);
#1094=VECTOR('',#3772,10.);
#1095=VECTOR('',#3777,10.);
#1096=VECTOR('',#3778,10.);
#1097=VECTOR('',#3781,10.);
#1098=VECTOR('',#3782,10.);
#1099=VECTOR('',#3783,10.);
#1100=VECTOR('',#3786,10.);
#1101=VECTOR('',#3787,10.);
#1102=VECTOR('',#3790,10.);
#1103=VECTOR('',#3791,10.);
#1104=VECTOR('',#3794,10.);
#1105=VECTOR('',#3797,10.);
#1106=VECTOR('',#3802,10.);
#1107=VECTOR('',#3805,10.);
#1108=VECTOR('',#3806,10.);
#1109=VECTOR('',#3809,10.);
#1110=VECTOR('',#3812,10.);
#1111=VECTOR('',#3817,10.);
#1112=VECTOR('',#3822,10.);
#1113=VECTOR('',#3827,10.);
#1114=VECTOR('',#3828,10.);
#1115=VECTOR('',#3831,10.);
#1116=VECTOR('',#3832,10.);
#1117=VECTOR('',#3835,10.);
#1118=VECTOR('',#3836,10.);
#1119=VECTOR('',#3839,10.);
#1120=VECTOR('',#3840,10.);
#1121=VECTOR('',#3843,10.);
#1122=VECTOR('',#3846,10.);
#1123=VECTOR('',#3849,10.);
#1124=VECTOR('',#3850,10.);
#1125=VECTOR('',#3853,10.);
#1126=VECTOR('',#3858,10.);
#1127=VECTOR('',#3859,10.);
#1128=VECTOR('',#3864,10.);
#1129=VECTOR('',#3869,10.);
#1130=VECTOR('',#3870,10.);
#1131=VECTOR('',#3873,10.);
#1132=VECTOR('',#3878,10.);
#1133=VECTOR('',#3883,10.);
#1134=VECTOR('',#3884,10.);
#1135=VECTOR('',#3885,10.);
#1136=VECTOR('',#3886,10.);
#1137=VECTOR('',#3889,10.);
#1138=VECTOR('',#3890,10.);
#1139=VECTOR('',#3891,10.);
#1140=VECTOR('',#3898,10.);
#1141=VECTOR('',#3901,10.);
#1142=VECTOR('',#3902,10.);
#1143=VECTOR('',#3903,10.);
#1144=VECTOR('',#3906,10.);
#1145=VECTOR('',#3907,10.);
#1146=VECTOR('',#3908,10.);
#1147=VECTOR('',#3911,10.);
#1148=VECTOR('',#3912,10.);
#1149=VECTOR('',#3913,10.);
#1150=VECTOR('',#3920,10.);
#1151=VECTOR('',#3923,10.);
#1152=VECTOR('',#3924,10.);
#1153=VECTOR('',#3931,10.);
#1154=VECTOR('',#3932,10.);
#1155=VECTOR('',#3933,10.);
#1156=VECTOR('',#3934,10.);
#1157=VECTOR('',#3937,10.);
#1158=VECTOR('',#3938,10.);
#1159=VECTOR('',#3939,10.);
#1160=VECTOR('',#3944,10.);
#1161=VECTOR('',#3949,10.);
#1162=VECTOR('',#3950,10.);
#1163=VECTOR('',#3951,10.);
#1164=VECTOR('',#3954,10.);
#1165=VECTOR('',#3955,10.);
#1166=VECTOR('',#3956,10.);
#1167=VECTOR('',#3959,10.);
#1168=VECTOR('',#3960,10.);
#1169=VECTOR('',#3961,10.);
#1170=VECTOR('',#3966,10.);
#1171=VECTOR('',#3971,10.);
#1172=VECTOR('',#3972,10.);
#1173=VERTEX_POINT('',#3979);
#1174=VERTEX_POINT('',#3980);
#1175=VERTEX_POINT('',#3982);
#1176=VERTEX_POINT('',#3984);
#1177=VERTEX_POINT('',#3988);
#1178=VERTEX_POINT('',#3989);
#1179=VERTEX_POINT('',#3991);
#1180=VERTEX_POINT('',#3993);
#1181=VERTEX_POINT('',#3997);
#1182=VERTEX_POINT('',#3999);
#1183=VERTEX_POINT('',#4003);
#1184=VERTEX_POINT('',#4005);
#1185=VERTEX_POINT('',#4007);
#1186=VERTEX_POINT('',#4009);
#1187=VERTEX_POINT('',#4011);
#1188=VERTEX_POINT('',#4015);
#1189=VERTEX_POINT('',#4017);
#1190=VERTEX_POINT('',#4019);
#1191=VERTEX_POINT('',#4021);
#1192=VERTEX_POINT('',#4023);
#1193=VERTEX_POINT('',#4025);
#1194=VERTEX_POINT('',#4029);
#1195=VERTEX_POINT('',#4033);
#1196=VERTEX_POINT('',#4037);
#1197=VERTEX_POINT('',#4041);
#1198=VERTEX_POINT('',#4043);
#1199=VERTEX_POINT('',#4045);
#1200=VERTEX_POINT('',#4049);
#1201=VERTEX_POINT('',#4051);
#1202=VERTEX_POINT('',#4053);
#1203=VERTEX_POINT('',#4055);
#1204=VERTEX_POINT('',#4057);
#1205=VERTEX_POINT('',#4059);
#1206=VERTEX_POINT('',#4062);
#1207=VERTEX_POINT('',#4064);
#1208=VERTEX_POINT('',#4066);
#1209=VERTEX_POINT('',#4068);
#1210=VERTEX_POINT('',#4070);
#1211=VERTEX_POINT('',#4072);
#1212=VERTEX_POINT('',#4074);
#1213=VERTEX_POINT('',#4076);
#1214=VERTEX_POINT('',#4079);
#1215=VERTEX_POINT('',#4080);
#1216=VERTEX_POINT('',#4082);
#1217=VERTEX_POINT('',#4084);
#1218=VERTEX_POINT('',#4086);
#1219=VERTEX_POINT('',#4088);
#1220=VERTEX_POINT('',#4090);
#1221=VERTEX_POINT('',#4092);
#1222=VERTEX_POINT('',#4095);
#1223=VERTEX_POINT('',#4096);
#1224=VERTEX_POINT('',#4098);
#1225=VERTEX_POINT('',#4100);
#1226=VERTEX_POINT('',#4102);
#1227=VERTEX_POINT('',#4104);
#1228=VERTEX_POINT('',#4106);
#1229=VERTEX_POINT('',#4108);
#1230=VERTEX_POINT('',#4111);
#1231=VERTEX_POINT('',#4112);
#1232=VERTEX_POINT('',#4114);
#1233=VERTEX_POINT('',#4116);
#1234=VERTEX_POINT('',#4118);
#1235=VERTEX_POINT('',#4120);
#1236=VERTEX_POINT('',#4122);
#1237=VERTEX_POINT('',#4124);
#1238=VERTEX_POINT('',#4130);
#1239=VERTEX_POINT('',#4132);
#1240=VERTEX_POINT('',#4134);
#1241=VERTEX_POINT('',#4143);
#1242=VERTEX_POINT('',#4144);
#1243=VERTEX_POINT('',#4149);
#1244=VERTEX_POINT('',#4153);
#1245=VERTEX_POINT('',#4157);
#1246=VERTEX_POINT('',#4161);
#1247=VERTEX_POINT('',#4165);
#1248=VERTEX_POINT('',#4169);
#1249=VERTEX_POINT('',#4175);
#1250=VERTEX_POINT('',#4176);
#1251=VERTEX_POINT('',#4181);
#1252=VERTEX_POINT('',#4185);
#1253=VERTEX_POINT('',#4189);
#1254=VERTEX_POINT('',#4193);
#1255=VERTEX_POINT('',#4197);
#1256=VERTEX_POINT('',#4201);
#1257=VERTEX_POINT('',#4207);
#1258=VERTEX_POINT('',#4208);
#1259=VERTEX_POINT('',#4213);
#1260=VERTEX_POINT('',#4217);
#1261=VERTEX_POINT('',#4221);
#1262=VERTEX_POINT('',#4225);
#1263=VERTEX_POINT('',#4229);
#1264=VERTEX_POINT('',#4233);
#1265=VERTEX_POINT('',#4239);
#1266=VERTEX_POINT('',#4240);
#1267=VERTEX_POINT('',#4245);
#1268=VERTEX_POINT('',#4249);
#1269=VERTEX_POINT('',#4253);
#1270=VERTEX_POINT('',#4257);
#1271=VERTEX_POINT('',#4263);
#1272=VERTEX_POINT('',#4267);
#1273=VERTEX_POINT('',#4271);
#1274=VERTEX_POINT('',#4275);
#1275=VERTEX_POINT('',#4279);
#1276=VERTEX_POINT('',#4283);
#1277=VERTEX_POINT('',#4301);
#1278=VERTEX_POINT('',#4302);
#1279=VERTEX_POINT('',#4304);
#1280=VERTEX_POINT('',#4306);
#1281=VERTEX_POINT('',#4310);
#1282=VERTEX_POINT('',#4311);
#1283=VERTEX_POINT('',#4324);
#1284=VERTEX_POINT('',#4325);
#1285=VERTEX_POINT('',#4330);
#1286=VERTEX_POINT('',#4331);
#1287=VERTEX_POINT('',#4344);
#1288=VERTEX_POINT('',#4345);
#1289=VERTEX_POINT('',#4350);
#1290=VERTEX_POINT('',#4351);
#1291=VERTEX_POINT('',#4364);
#1292=VERTEX_POINT('',#4365);
#1293=VERTEX_POINT('',#4373);
#1294=VERTEX_POINT('',#4375);
#1295=VERTEX_POINT('',#4379);
#1296=VERTEX_POINT('',#4383);
#1297=VERTEX_POINT('',#4387);
#1298=VERTEX_POINT('',#4400);
#1299=VERTEX_POINT('',#4401);
#1300=VERTEX_POINT('',#4403);
#1301=VERTEX_POINT('',#4405);
#1302=VERTEX_POINT('',#4409);
#1303=VERTEX_POINT('',#4410);
#1304=VERTEX_POINT('',#4423);
#1305=VERTEX_POINT('',#4424);
#1306=VERTEX_POINT('',#4429);
#1307=VERTEX_POINT('',#4430);
#1308=VERTEX_POINT('',#4443);
#1309=VERTEX_POINT('',#4444);
#1310=VERTEX_POINT('',#4449);
#1311=VERTEX_POINT('',#4450);
#1312=VERTEX_POINT('',#4463);
#1313=VERTEX_POINT('',#4464);
#1314=VERTEX_POINT('',#4472);
#1315=VERTEX_POINT('',#4474);
#1316=VERTEX_POINT('',#4478);
#1317=VERTEX_POINT('',#4482);
#1318=VERTEX_POINT('',#4486);
#1319=VERTEX_POINT('',#4491);
#1320=VERTEX_POINT('',#4495);
#1321=VERTEX_POINT('',#4499);
#1322=VERTEX_POINT('',#4505);
#1323=VERTEX_POINT('',#4509);
#1324=VERTEX_POINT('',#4513);
#1325=VERTEX_POINT('',#4519);
#1326=VERTEX_POINT('',#4520);
#1327=VERTEX_POINT('',#4522);
#1328=VERTEX_POINT('',#4524);
#1329=VERTEX_POINT('',#4528);
#1330=VERTEX_POINT('',#4529);
#1331=VERTEX_POINT('',#4531);
#1332=VERTEX_POINT('',#4536);
#1333=VERTEX_POINT('',#4537);
#1334=VERTEX_POINT('',#4539);
#1335=VERTEX_POINT('',#4541);
#1336=VERTEX_POINT('',#4545);
#1337=VERTEX_POINT('',#4546);
#1338=VERTEX_POINT('',#4548);
#1339=VERTEX_POINT('',#4553);
#1340=VERTEX_POINT('',#4555);
#1341=VERTEX_POINT('',#4557);
#1342=VERTEX_POINT('',#4559);
#1343=VERTEX_POINT('',#4561);
#1344=VERTEX_POINT('',#4563);
#1345=VERTEX_POINT('',#4565);
#1346=VERTEX_POINT('',#4567);
#1347=VERTEX_POINT('',#4572);
#1348=VERTEX_POINT('',#4573);
#1349=VERTEX_POINT('',#4575);
#1350=VERTEX_POINT('',#4577);
#1351=VERTEX_POINT('',#4581);
#1352=VERTEX_POINT('',#4583);
#1353=VERTEX_POINT('',#4587);
#1354=VERTEX_POINT('',#4589);
#1355=VERTEX_POINT('',#4595);
#1356=VERTEX_POINT('',#4596);
#1357=VERTEX_POINT('',#4598);
#1358=VERTEX_POINT('',#4600);
#1359=VERTEX_POINT('',#4604);
#1360=VERTEX_POINT('',#4605);
#1361=VERTEX_POINT('',#4607);
#1362=VERTEX_POINT('',#4609);
#1363=VERTEX_POINT('',#4619);
#1364=VERTEX_POINT('',#4623);
#1365=VERTEX_POINT('',#4628);
#1366=VERTEX_POINT('',#4632);
#1367=VERTEX_POINT('',#4636);
#1368=VERTEX_POINT('',#4638);
#1369=VERTEX_POINT('',#4640);
#1370=VERTEX_POINT('',#4642);
#1371=VERTEX_POINT('',#4646);
#1372=VERTEX_POINT('',#4648);
#1373=VERTEX_POINT('',#4652);
#1374=VERTEX_POINT('',#4654);
#1375=VERTEX_POINT('',#4656);
#1376=VERTEX_POINT('',#4658);
#1377=VERTEX_POINT('',#4660);
#1378=VERTEX_POINT('',#4662);
#1379=VERTEX_POINT('',#4664);
#1380=VERTEX_POINT('',#4666);
#1381=VERTEX_POINT('',#4668);
#1382=VERTEX_POINT('',#4679);
#1383=VERTEX_POINT('',#4697);
#1384=VERTEX_POINT('',#4698);
#1385=VERTEX_POINT('',#4721);
#1386=VERTEX_POINT('',#4723);
#1387=VERTEX_POINT('',#4748);
#1388=VERTEX_POINT('',#4771);
#1389=VERTEX_POINT('',#4773);
#1390=VERTEX_POINT('',#4798);
#1391=VERTEX_POINT('',#4821);
#1392=VERTEX_POINT('',#4823);
#1393=VERTEX_POINT('',#4848);
#1394=VERTEX_POINT('',#4872);
#1395=VERTEX_POINT('',#5017);
#1396=VERTEX_POINT('',#5019);
#1397=VERTEX_POINT('',#5023);
#1398=VERTEX_POINT('',#5027);
#1399=VERTEX_POINT('',#5031);
#1400=VERTEX_POINT('',#5036);
#1401=VERTEX_POINT('',#5040);
#1402=VERTEX_POINT('',#5044);
#1403=VERTEX_POINT('',#5051);
#1404=VERTEX_POINT('',#5052);
#1405=VERTEX_POINT('',#5054);
#1406=VERTEX_POINT('',#5056);
#1407=VERTEX_POINT('',#5060);
#1408=VERTEX_POINT('',#5062);
#1409=VERTEX_POINT('',#5066);
#1410=VERTEX_POINT('',#5068);
#1411=VERTEX_POINT('',#5072);
#1412=VERTEX_POINT('',#5074);
#1413=VERTEX_POINT('',#5078);
#1414=VERTEX_POINT('',#5080);
#1415=VERTEX_POINT('',#5084);
#1416=VERTEX_POINT('',#5086);
#1417=VERTEX_POINT('',#5090);
#1418=VERTEX_POINT('',#5092);
#1419=VERTEX_POINT('',#5101);
#1420=VERTEX_POINT('',#5102);
#1421=VERTEX_POINT('',#5104);
#1422=VERTEX_POINT('',#5106);
#1423=VERTEX_POINT('',#5110);
#1424=VERTEX_POINT('',#5112);
#1425=VERTEX_POINT('',#5116);
#1426=VERTEX_POINT('',#5118);
#1427=VERTEX_POINT('',#5122);
#1428=VERTEX_POINT('',#5124);
#1429=VERTEX_POINT('',#5128);
#1430=VERTEX_POINT('',#5130);
#1431=VERTEX_POINT('',#5134);
#1432=VERTEX_POINT('',#5136);
#1433=VERTEX_POINT('',#5140);
#1434=VERTEX_POINT('',#5142);
#1435=EDGE_CURVE('',#1173,#1174,#589,.T.);
#1436=EDGE_CURVE('',#1175,#1173,#590,.T.);
#1437=EDGE_CURVE('',#1176,#1175,#591,.T.);
#1438=EDGE_CURVE('',#1174,#1176,#592,.T.);
#1439=EDGE_CURVE('',#1177,#1178,#593,.T.);
#1440=EDGE_CURVE('',#1179,#1177,#594,.T.);
#1441=EDGE_CURVE('',#1180,#1179,#595,.T.);
#1442=EDGE_CURVE('',#1178,#1180,#596,.T.);
#1443=EDGE_CURVE('',#1179,#1181,#597,.T.);
#1444=EDGE_CURVE('',#1181,#1182,#598,.T.);
#1445=EDGE_CURVE('',#1182,#1180,#599,.T.);
#1446=EDGE_CURVE('',#1183,#1177,#600,.T.);
#1447=EDGE_CURVE('',#1184,#1183,#104,.T.);
#1448=EDGE_CURVE('',#1185,#1184,#601,.T.);
#1449=EDGE_CURVE('',#1185,#1186,#602,.T.);
#1450=EDGE_CURVE('',#1187,#1186,#603,.T.);
#1451=EDGE_CURVE('',#1181,#1187,#105,.T.);
#1452=EDGE_CURVE('',#1188,#1175,#604,.T.);
#1453=EDGE_CURVE('',#1189,#1188,#106,.T.);
#1454=EDGE_CURVE('',#1190,#1189,#605,.T.);
#1455=EDGE_CURVE('',#1191,#1190,#606,.T.);
#1456=EDGE_CURVE('',#1192,#1191,#607,.T.);
#1457=EDGE_CURVE('',#1193,#1192,#107,.T.);
#1458=EDGE_CURVE('',#1176,#1193,#608,.T.);
#1459=EDGE_CURVE('',#1173,#1194,#609,.T.);
#1460=EDGE_CURVE('',#1194,#1188,#610,.T.);
#1461=EDGE_CURVE('',#1178,#1195,#611,.T.);
#1462=EDGE_CURVE('',#1195,#1183,#612,.T.);
#1463=EDGE_CURVE('',#1187,#1196,#613,.T.);
#1464=EDGE_CURVE('',#1196,#1182,#108,.T.);
#1465=EDGE_CURVE('',#1197,#1196,#614,.T.);
#1466=EDGE_CURVE('',#1198,#1197,#615,.T.);
#1467=EDGE_CURVE('',#1199,#1198,#616,.T.);
#1468=EDGE_CURVE('',#1195,#1199,#109,.T.);
#1469=EDGE_CURVE('',#1186,#1200,#110,.T.);
#1470=EDGE_CURVE('',#1200,#1201,#617,.T.);
#1471=EDGE_CURVE('',#1201,#1202,#111,.T.);
#1472=EDGE_CURVE('',#1202,#1203,#618,.T.);
#1473=EDGE_CURVE('',#1203,#1204,#112,.T.);
#1474=EDGE_CURVE('',#1204,#1205,#619,.T.);
#1475=EDGE_CURVE('',#1205,#1190,#113,.T.);
#1476=EDGE_CURVE('',#1206,#1189,#620,.T.);
#1477=EDGE_CURVE('',#1206,#1207,#621,.T.);
#1478=EDGE_CURVE('',#1207,#1208,#622,.T.);
#1479=EDGE_CURVE('',#1208,#1209,#114,.T.);
#1480=EDGE_CURVE('',#1209,#1210,#623,.T.);
#1481=EDGE_CURVE('',#1210,#1211,#624,.T.);
#1482=EDGE_CURVE('',#1211,#1212,#625,.T.);
#1483=EDGE_CURVE('',#1212,#1213,#115,.T.);
#1484=EDGE_CURVE('',#1213,#1197,#626,.T.);
#1485=EDGE_CURVE('',#1214,#1215,#627,.T.);
#1486=EDGE_CURVE('',#1215,#1216,#116,.T.);
#1487=EDGE_CURVE('',#1216,#1217,#628,.T.);
#1488=EDGE_CURVE('',#1217,#1218,#117,.T.);
#1489=EDGE_CURVE('',#1218,#1219,#629,.T.);
#1490=EDGE_CURVE('',#1219,#1220,#118,.T.);
#1491=EDGE_CURVE('',#1220,#1221,#630,.T.);
#1492=EDGE_CURVE('',#1221,#1214,#119,.T.);
#1493=EDGE_CURVE('',#1222,#1223,#631,.T.);
#1494=EDGE_CURVE('',#1223,#1224,#120,.T.);
#1495=EDGE_CURVE('',#1224,#1225,#632,.T.);
#1496=EDGE_CURVE('',#1225,#1226,#121,.T.);
#1497=EDGE_CURVE('',#1226,#1227,#633,.T.);
#1498=EDGE_CURVE('',#1227,#1228,#122,.T.);
#1499=EDGE_CURVE('',#1228,#1229,#634,.T.);
#1500=EDGE_CURVE('',#1229,#1222,#123,.T.);
#1501=EDGE_CURVE('',#1230,#1231,#635,.T.);
#1502=EDGE_CURVE('',#1231,#1232,#124,.T.);
#1503=EDGE_CURVE('',#1232,#1233,#636,.T.);
#1504=EDGE_CURVE('',#1233,#1234,#125,.T.);
#1505=EDGE_CURVE('',#1234,#1235,#637,.T.);
#1506=EDGE_CURVE('',#1235,#1236,#126,.T.);
#1507=EDGE_CURVE('',#1236,#1237,#638,.T.);
#1508=EDGE_CURVE('',#1237,#1230,#127,.T.);
#1509=EDGE_CURVE('',#1199,#1184,#639,.T.);
#1510=EDGE_CURVE('',#1238,#1174,#640,.T.);
#1511=EDGE_CURVE('',#1239,#1238,#128,.T.);
#1512=EDGE_CURVE('',#1240,#1239,#641,.T.);
#1513=EDGE_CURVE('',#1240,#1207,#642,.T.);
#1514=EDGE_CURVE('',#1194,#1206,#129,.T.);
#1515=EDGE_CURVE('',#1193,#1238,#643,.T.);
#1516=EDGE_CURVE('',#1192,#1239,#644,.T.);
#1517=EDGE_CURVE('',#1241,#1242,#130,.T.);
#1518=EDGE_CURVE('',#1241,#1230,#645,.T.);
#1519=EDGE_CURVE('',#1242,#1237,#646,.T.);
#1520=EDGE_CURVE('',#1242,#1243,#647,.T.);
#1521=EDGE_CURVE('',#1243,#1236,#648,.T.);
#1522=EDGE_CURVE('',#1243,#1244,#131,.T.);
#1523=EDGE_CURVE('',#1244,#1235,#649,.T.);
#1524=EDGE_CURVE('',#1244,#1245,#650,.T.);
#1525=EDGE_CURVE('',#1245,#1234,#651,.T.);
#1526=EDGE_CURVE('',#1245,#1246,#132,.T.);
#1527=EDGE_CURVE('',#1246,#1233,#652,.T.);
#1528=EDGE_CURVE('',#1246,#1247,#653,.T.);
#1529=EDGE_CURVE('',#1247,#1232,#654,.T.);
#1530=EDGE_CURVE('',#1247,#1248,#133,.T.);
#1531=EDGE_CURVE('',#1248,#1231,#655,.T.);
#1532=EDGE_CURVE('',#1248,#1241,#656,.T.);
#1533=EDGE_CURVE('',#1249,#1250,#134,.T.);
#1534=EDGE_CURVE('',#1249,#1222,#657,.T.);
#1535=EDGE_CURVE('',#1250,#1229,#658,.T.);
#1536=EDGE_CURVE('',#1250,#1251,#659,.T.);
#1537=EDGE_CURVE('',#1251,#1228,#660,.T.);
#1538=EDGE_CURVE('',#1251,#1252,#135,.T.);
#1539=EDGE_CURVE('',#1252,#1227,#661,.T.);
#1540=EDGE_CURVE('',#1252,#1253,#662,.T.);
#1541=EDGE_CURVE('',#1253,#1226,#663,.T.);
#1542=EDGE_CURVE('',#1253,#1254,#136,.T.);
#1543=EDGE_CURVE('',#1254,#1225,#664,.T.);
#1544=EDGE_CURVE('',#1254,#1255,#665,.T.);
#1545=EDGE_CURVE('',#1255,#1224,#666,.T.);
#1546=EDGE_CURVE('',#1255,#1256,#137,.T.);
#1547=EDGE_CURVE('',#1256,#1223,#667,.T.);
#1548=EDGE_CURVE('',#1256,#1249,#668,.T.);
#1549=EDGE_CURVE('',#1257,#1258,#138,.T.);
#1550=EDGE_CURVE('',#1257,#1214,#669,.T.);
#1551=EDGE_CURVE('',#1258,#1221,#670,.T.);
#1552=EDGE_CURVE('',#1258,#1259,#671,.T.);
#1553=EDGE_CURVE('',#1259,#1220,#672,.T.);
#1554=EDGE_CURVE('',#1259,#1260,#139,.T.);
#1555=EDGE_CURVE('',#1260,#1219,#673,.T.);
#1556=EDGE_CURVE('',#1260,#1261,#674,.T.);
#1557=EDGE_CURVE('',#1261,#1218,#675,.T.);
#1558=EDGE_CURVE('',#1261,#1262,#140,.T.);
#1559=EDGE_CURVE('',#1262,#1217,#676,.T.);
#1560=EDGE_CURVE('',#1262,#1263,#677,.T.);
#1561=EDGE_CURVE('',#1263,#1216,#678,.T.);
#1562=EDGE_CURVE('',#1263,#1264,#141,.T.);
#1563=EDGE_CURVE('',#1264,#1215,#679,.T.);
#1564=EDGE_CURVE('',#1264,#1257,#680,.T.);
#1565=EDGE_CURVE('',#1265,#1266,#681,.T.);
#1566=EDGE_CURVE('',#1265,#1205,#682,.T.);
#1567=EDGE_CURVE('',#1266,#1204,#683,.T.);
#1568=EDGE_CURVE('',#1266,#1267,#142,.T.);
#1569=EDGE_CURVE('',#1267,#1203,#684,.T.);
#1570=EDGE_CURVE('',#1267,#1268,#685,.T.);
#1571=EDGE_CURVE('',#1268,#1202,#686,.T.);
#1572=EDGE_CURVE('',#1268,#1269,#143,.T.);
#1573=EDGE_CURVE('',#1269,#1201,#687,.T.);
#1574=EDGE_CURVE('',#1269,#1270,#688,.T.);
#1575=EDGE_CURVE('',#1270,#1200,#689,.T.);
#1576=EDGE_CURVE('',#1270,#1185,#144,.T.);
#1577=EDGE_CURVE('',#1198,#1271,#690,.T.);
#1578=EDGE_CURVE('',#1271,#1213,#691,.T.);
#1579=EDGE_CURVE('',#1271,#1272,#145,.T.);
#1580=EDGE_CURVE('',#1272,#1212,#692,.T.);
#1581=EDGE_CURVE('',#1272,#1273,#693,.T.);
#1582=EDGE_CURVE('',#1273,#1211,#694,.T.);
#1583=EDGE_CURVE('',#1273,#1274,#695,.T.);
#1584=EDGE_CURVE('',#1274,#1210,#696,.T.);
#1585=EDGE_CURVE('',#1274,#1275,#697,.T.);
#1586=EDGE_CURVE('',#1275,#1209,#698,.T.);
#1587=EDGE_CURVE('',#1275,#1276,#146,.T.);
#1588=EDGE_CURVE('',#1276,#1208,#699,.T.);
#1589=EDGE_CURVE('',#1276,#1240,#700,.T.);
#1590=EDGE_CURVE('',#1191,#1265,#147,.T.);
#1591=EDGE_CURVE('',#1277,#1278,#148,.T.);
#1592=EDGE_CURVE('',#1278,#1279,#149,.T.);
#1593=EDGE_CURVE('',#1279,#1280,#150,.T.);
#1594=EDGE_CURVE('',#1280,#1277,#151,.T.);
#1595=EDGE_CURVE('',#1281,#1282,#152,.T.);
#1596=EDGE_CURVE('',#1282,#1280,#701,.T.);
#1597=EDGE_CURVE('',#1279,#1281,#702,.T.);
#1598=EDGE_CURVE('',#1283,#1284,#153,.T.);
#1599=EDGE_CURVE('',#1284,#1282,#154,.T.);
#1600=EDGE_CURVE('',#1281,#1283,#155,.T.);
#1601=EDGE_CURVE('',#1285,#1286,#156,.T.);
#1602=EDGE_CURVE('',#1286,#1284,#703,.T.);
#1603=EDGE_CURVE('',#1283,#1285,#704,.T.);
#1604=EDGE_CURVE('',#1287,#1288,#157,.T.);
#1605=EDGE_CURVE('',#1288,#1286,#158,.T.);
#1606=EDGE_CURVE('',#1285,#1287,#159,.T.);
#1607=EDGE_CURVE('',#1289,#1290,#160,.T.);
#1608=EDGE_CURVE('',#1290,#1288,#705,.T.);
#1609=EDGE_CURVE('',#1287,#1289,#706,.T.);
#1610=EDGE_CURVE('',#1291,#1292,#161,.T.);
#1611=EDGE_CURVE('',#1292,#1290,#162,.T.);
#1612=EDGE_CURVE('',#1289,#1291,#163,.T.);
#1613=EDGE_CURVE('',#1277,#1292,#707,.T.);
#1614=EDGE_CURVE('',#1291,#1278,#708,.T.);
#1615=EDGE_CURVE('',#1293,#1283,#709,.T.);
#1616=EDGE_CURVE('',#1294,#1293,#710,.T.);
#1617=EDGE_CURVE('',#1294,#1285,#711,.T.);
#1618=EDGE_CURVE('',#1295,#1281,#712,.T.);
#1619=EDGE_CURVE('',#1293,#1295,#164,.T.);
#1620=EDGE_CURVE('',#1296,#1279,#713,.T.);
#1621=EDGE_CURVE('',#1295,#1296,#714,.T.);
#1622=EDGE_CURVE('',#1297,#1278,#715,.T.);
#1623=EDGE_CURVE('',#1296,#1297,#165,.T.);
#1624=EDGE_CURVE('',#1298,#1299,#166,.T.);
#1625=EDGE_CURVE('',#1299,#1300,#167,.T.);
#1626=EDGE_CURVE('',#1300,#1301,#168,.T.);
#1627=EDGE_CURVE('',#1301,#1298,#169,.T.);
#1628=EDGE_CURVE('',#1302,#1303,#170,.T.);
#1629=EDGE_CURVE('',#1303,#1301,#716,.T.);
#1630=EDGE_CURVE('',#1300,#1302,#717,.T.);
#1631=EDGE_CURVE('',#1304,#1305,#171,.T.);
#1632=EDGE_CURVE('',#1305,#1303,#172,.T.);
#1633=EDGE_CURVE('',#1302,#1304,#173,.T.);
#1634=EDGE_CURVE('',#1306,#1307,#174,.T.);
#1635=EDGE_CURVE('',#1307,#1305,#718,.T.);
#1636=EDGE_CURVE('',#1304,#1306,#719,.T.);
#1637=EDGE_CURVE('',#1308,#1309,#175,.T.);
#1638=EDGE_CURVE('',#1309,#1307,#176,.T.);
#1639=EDGE_CURVE('',#1306,#1308,#177,.T.);
#1640=EDGE_CURVE('',#1310,#1311,#178,.T.);
#1641=EDGE_CURVE('',#1311,#1309,#720,.T.);
#1642=EDGE_CURVE('',#1308,#1310,#721,.T.);
#1643=EDGE_CURVE('',#1312,#1313,#179,.T.);
#1644=EDGE_CURVE('',#1313,#1311,#180,.T.);
#1645=EDGE_CURVE('',#1310,#1312,#181,.T.);
#1646=EDGE_CURVE('',#1298,#1313,#722,.T.);
#1647=EDGE_CURVE('',#1312,#1299,#723,.T.);
#1648=EDGE_CURVE('',#1314,#1304,#724,.T.);
#1649=EDGE_CURVE('',#1315,#1314,#725,.T.);
#1650=EDGE_CURVE('',#1315,#1306,#726,.T.);
#1651=EDGE_CURVE('',#1316,#1302,#727,.T.);
#1652=EDGE_CURVE('',#1314,#1316,#182,.T.);
#1653=EDGE_CURVE('',#1317,#1300,#728,.T.);
#1654=EDGE_CURVE('',#1316,#1317,#729,.T.);
#1655=EDGE_CURVE('',#1318,#1299,#730,.T.);
#1656=EDGE_CURVE('',#1317,#1318,#183,.T.);
#1657=EDGE_CURVE('',#1319,#1294,#184,.T.);
#1658=EDGE_CURVE('',#1319,#1287,#731,.T.);
#1659=EDGE_CURVE('',#1320,#1291,#732,.T.);
#1660=EDGE_CURVE('',#1297,#1320,#733,.T.);
#1661=EDGE_CURVE('',#1321,#1289,#734,.T.);
#1662=EDGE_CURVE('',#1320,#1321,#185,.T.);
#1663=EDGE_CURVE('',#1321,#1319,#735,.T.);
#1664=EDGE_CURVE('',#1322,#1312,#736,.T.);
#1665=EDGE_CURVE('',#1318,#1322,#737,.T.);
#1666=EDGE_CURVE('',#1323,#1310,#738,.T.);
#1667=EDGE_CURVE('',#1322,#1323,#186,.T.);
#1668=EDGE_CURVE('',#1324,#1308,#739,.T.);
#1669=EDGE_CURVE('',#1323,#1324,#740,.T.);
#1670=EDGE_CURVE('',#1324,#1315,#187,.T.);
#1671=EDGE_CURVE('',#1325,#1326,#741,.T.);
#1672=EDGE_CURVE('',#1327,#1325,#742,.T.);
#1673=EDGE_CURVE('',#1327,#1328,#743,.T.);
#1674=EDGE_CURVE('',#1326,#1328,#744,.T.);
#1675=EDGE_CURVE('',#1329,#1330,#745,.T.);
#1676=EDGE_CURVE('',#1331,#1329,#188,.T.);
#1677=EDGE_CURVE('',#1328,#1331,#746,.T.);
#1678=EDGE_CURVE('',#1330,#1327,#747,.T.);
#1679=EDGE_CURVE('',#1332,#1333,#748,.T.);
#1680=EDGE_CURVE('',#1334,#1332,#749,.T.);
#1681=EDGE_CURVE('',#1335,#1334,#750,.T.);
#1682=EDGE_CURVE('',#1333,#1335,#751,.T.);
#1683=EDGE_CURVE('',#1336,#1337,#189,.T.);
#1684=EDGE_CURVE('',#1338,#1336,#752,.T.);
#1685=EDGE_CURVE('',#1335,#1338,#753,.T.);
#1686=EDGE_CURVE('',#1337,#1334,#754,.T.);
#1687=EDGE_CURVE('',#1339,#1326,#755,.T.);
#1688=EDGE_CURVE('',#1340,#1339,#756,.T.);
#1689=EDGE_CURVE('',#1341,#1340,#757,.T.);
#1690=EDGE_CURVE('',#1341,#1342,#758,.T.);
#1691=EDGE_CURVE('',#1343,#1342,#759,.T.);
#1692=EDGE_CURVE('',#1343,#1344,#760,.T.);
#1693=EDGE_CURVE('',#1344,#1345,#761,.T.);
#1694=EDGE_CURVE('',#1346,#1345,#762,.T.);
#1695=EDGE_CURVE('',#1346,#1332,#763,.T.);
#1696=EDGE_CURVE('',#1333,#1325,#764,.T.);
#1697=EDGE_CURVE('',#1347,#1348,#765,.T.);
#1698=EDGE_CURVE('',#1347,#1349,#766,.T.);
#1699=EDGE_CURVE('',#1350,#1349,#767,.T.);
#1700=EDGE_CURVE('',#1348,#1350,#768,.T.);
#1701=EDGE_CURVE('',#1348,#1351,#769,.T.);
#1702=EDGE_CURVE('',#1352,#1350,#770,.T.);
#1703=EDGE_CURVE('',#1351,#1352,#771,.T.);
#1704=EDGE_CURVE('',#1353,#1347,#772,.T.);
#1705=EDGE_CURVE('',#1353,#1354,#773,.T.);
#1706=EDGE_CURVE('',#1349,#1354,#774,.T.);
#1707=EDGE_CURVE('',#1354,#1352,#775,.T.);
#1708=EDGE_CURVE('',#1355,#1356,#776,.T.);
#1709=EDGE_CURVE('',#1355,#1357,#777,.T.);
#1710=EDGE_CURVE('',#1358,#1357,#778,.T.);
#1711=EDGE_CURVE('',#1356,#1358,#779,.T.);
#1712=EDGE_CURVE('',#1359,#1360,#780,.T.);
#1713=EDGE_CURVE('',#1359,#1361,#781,.T.);
#1714=EDGE_CURVE('',#1362,#1361,#782,.T.);
#1715=EDGE_CURVE('',#1360,#1362,#783,.T.);
#1716=EDGE_CURVE('',#1360,#1355,#784,.T.);
#1717=EDGE_CURVE('',#1357,#1362,#785,.T.);
#1718=EDGE_CURVE('',#1361,#1358,#786,.T.);
#1719=EDGE_CURVE('',#1342,#1353,#787,.T.);
#1720=EDGE_CURVE('',#1341,#1363,#788,.T.);
#1721=EDGE_CURVE('',#1353,#1363,#789,.T.);
#1722=EDGE_CURVE('',#1363,#1364,#790,.T.);
#1723=EDGE_CURVE('',#1364,#1340,#791,.T.);
#1724=EDGE_CURVE('',#1356,#1343,#792,.T.);
#1725=EDGE_CURVE('',#1356,#1365,#793,.T.);
#1726=EDGE_CURVE('',#1365,#1344,#794,.T.);
#1727=EDGE_CURVE('',#1366,#1365,#795,.T.);
#1728=EDGE_CURVE('',#1366,#1345,#796,.T.);
#1729=EDGE_CURVE('',#1351,#1367,#797,.T.);
#1730=EDGE_CURVE('',#1368,#1367,#798,.T.);
#1731=EDGE_CURVE('',#1368,#1369,#799,.T.);
#1732=EDGE_CURVE('',#1370,#1369,#800,.T.);
#1733=EDGE_CURVE('',#1370,#1359,#801,.T.);
#1734=EDGE_CURVE('',#1371,#1370,#190,.T.);
#1735=EDGE_CURVE('',#1369,#1372,#191,.T.);
#1736=EDGE_CURVE('',#1372,#1371,#802,.T.);
#1737=EDGE_CURVE('',#1373,#1368,#192,.T.);
#1738=EDGE_CURVE('',#1374,#1373,#803,.T.);
#1739=EDGE_CURVE('',#1374,#1375,#804,.T.);
#1740=EDGE_CURVE('',#1375,#1376,#193,.T.);
#1741=EDGE_CURVE('',#1376,#1377,#805,.T.);
#1742=EDGE_CURVE('',#1377,#1378,#806,.T.);
#1743=EDGE_CURVE('',#1378,#1379,#807,.T.);
#1744=EDGE_CURVE('',#1379,#1380,#194,.T.);
#1745=EDGE_CURVE('',#1380,#1381,#808,.T.);
#1746=EDGE_CURVE('',#1381,#1372,#809,.T.);
#1747=EDGE_CURVE('',#1379,#1336,#810,.T.);
#1748=EDGE_CURVE('',#1378,#1338,#811,.T.);
#1749=EDGE_CURVE('',#1380,#1337,#812,.T.);
#1750=EDGE_CURVE('',#1381,#1346,#813,.T.);
#1751=EDGE_CURVE('',#1367,#1382,#195,.T.);
#1752=EDGE_CURVE('',#1382,#1373,#814,.T.);
#1753=EDGE_CURVE('',#1377,#1330,#815,.T.);
#1754=EDGE_CURVE('',#1376,#1329,#816,.T.);
#1755=EDGE_CURVE('',#1375,#1331,#817,.T.);
#1756=EDGE_CURVE('',#1339,#1374,#818,.T.);
#1757=EDGE_CURVE('',#1364,#1382,#819,.T.);
#1758=EDGE_CURVE('',#1366,#1371,#820,.T.);
#1759=EDGE_CURVE('',#1383,#1384,#21,.T.);
#1760=EDGE_CURVE('',#1384,#1385,#821,.T.);
#1761=EDGE_CURVE('',#1385,#1386,#22,.T.);
#1762=EDGE_CURVE('',#1386,#1383,#822,.T.);
#1763=EDGE_CURVE('',#1386,#1387,#23,.T.);
#1764=EDGE_CURVE('',#1387,#1388,#823,.T.);
#1765=EDGE_CURVE('',#1388,#1389,#24,.T.);
#1766=EDGE_CURVE('',#1389,#1386,#824,.T.);
#1767=EDGE_CURVE('',#1389,#1390,#25,.T.);
#1768=EDGE_CURVE('',#1390,#1391,#825,.T.);
#1769=EDGE_CURVE('',#1391,#1392,#26,.T.);
#1770=EDGE_CURVE('',#1392,#1389,#826,.T.);
#1771=EDGE_CURVE('',#1393,#1383,#27,.T.);
#1772=EDGE_CURVE('',#1383,#1392,#827,.T.);
#1773=EDGE_CURVE('',#1392,#1394,#28,.T.);
#1774=EDGE_CURVE('',#1394,#1393,#828,.T.);
#1775=EDGE_CURVE('',#1391,#1394,#29,.T.);
#1776=EDGE_CURVE('',#1388,#1390,#30,.T.);
#1777=EDGE_CURVE('',#1385,#1387,#31,.T.);
#1778=EDGE_CURVE('',#1393,#1384,#32,.T.);
#1779=EDGE_CURVE('',#1395,#1385,#829,.T.);
#1780=EDGE_CURVE('',#1395,#1396,#196,.T.);
#1781=EDGE_CURVE('',#1396,#1387,#830,.T.);
#1782=EDGE_CURVE('',#1397,#1384,#831,.T.);
#1783=EDGE_CURVE('',#1397,#1395,#832,.T.);
#1784=EDGE_CURVE('',#1398,#1393,#833,.T.);
#1785=EDGE_CURVE('',#1398,#1397,#197,.T.);
#1786=EDGE_CURVE('',#1399,#1394,#834,.T.);
#1787=EDGE_CURVE('',#1399,#1398,#835,.T.);
#1788=EDGE_CURVE('',#1400,#1391,#836,.T.);
#1789=EDGE_CURVE('',#1400,#1399,#198,.T.);
#1790=EDGE_CURVE('',#1401,#1390,#837,.T.);
#1791=EDGE_CURVE('',#1401,#1400,#838,.T.);
#1792=EDGE_CURVE('',#1402,#1388,#839,.T.);
#1793=EDGE_CURVE('',#1402,#1401,#199,.T.);
#1794=EDGE_CURVE('',#1396,#1402,#840,.T.);
#1795=EDGE_CURVE('',#1403,#1404,#841,.T.);
#1796=EDGE_CURVE('',#1404,#1405,#842,.T.);
#1797=EDGE_CURVE('',#1406,#1405,#843,.T.);
#1798=EDGE_CURVE('',#1403,#1406,#844,.T.);
#1799=EDGE_CURVE('',#1407,#1403,#845,.T.);
#1800=EDGE_CURVE('',#1408,#1406,#846,.T.);
#1801=EDGE_CURVE('',#1407,#1408,#847,.T.);
#1802=EDGE_CURVE('',#1409,#1407,#200,.T.);
#1803=EDGE_CURVE('',#1410,#1408,#201,.T.);
#1804=EDGE_CURVE('',#1409,#1410,#848,.T.);
#1805=EDGE_CURVE('',#1411,#1409,#849,.T.);
#1806=EDGE_CURVE('',#1412,#1410,#850,.T.);
#1807=EDGE_CURVE('',#1411,#1412,#851,.T.);
#1808=EDGE_CURVE('',#1413,#1411,#852,.T.);
#1809=EDGE_CURVE('',#1414,#1412,#853,.T.);
#1810=EDGE_CURVE('',#1413,#1414,#854,.T.);
#1811=EDGE_CURVE('',#1415,#1413,#855,.T.);
#1812=EDGE_CURVE('',#1416,#1414,#856,.T.);
#1813=EDGE_CURVE('',#1415,#1416,#857,.T.);
#1814=EDGE_CURVE('',#1417,#1415,#202,.T.);
#1815=EDGE_CURVE('',#1418,#1416,#203,.T.);
#1816=EDGE_CURVE('',#1417,#1418,#858,.T.);
#1817=EDGE_CURVE('',#1404,#1417,#859,.T.);
#1818=EDGE_CURVE('',#1405,#1418,#860,.T.);
#1819=EDGE_CURVE('',#1419,#1420,#861,.T.);
#1820=EDGE_CURVE('',#1419,#1421,#862,.T.);
#1821=EDGE_CURVE('',#1421,#1422,#863,.T.);
#1822=EDGE_CURVE('',#1420,#1422,#864,.T.);
#1823=EDGE_CURVE('',#1423,#1419,#865,.T.);
#1824=EDGE_CURVE('',#1423,#1424,#866,.T.);
#1825=EDGE_CURVE('',#1424,#1421,#867,.T.);
#1826=EDGE_CURVE('',#1425,#1423,#204,.T.);
#1827=EDGE_CURVE('',#1425,#1426,#868,.T.);
#1828=EDGE_CURVE('',#1426,#1424,#205,.T.);
#1829=EDGE_CURVE('',#1427,#1425,#869,.T.);
#1830=EDGE_CURVE('',#1427,#1428,#870,.T.);
#1831=EDGE_CURVE('',#1428,#1426,#871,.T.);
#1832=EDGE_CURVE('',#1429,#1427,#872,.T.);
#1833=EDGE_CURVE('',#1429,#1430,#873,.T.);
#1834=EDGE_CURVE('',#1430,#1428,#874,.T.);
#1835=EDGE_CURVE('',#1431,#1429,#875,.T.);
#1836=EDGE_CURVE('',#1431,#1432,#876,.T.);
#1837=EDGE_CURVE('',#1432,#1430,#877,.T.);
#1838=EDGE_CURVE('',#1433,#1431,#206,.T.);
#1839=EDGE_CURVE('',#1433,#1434,#878,.T.);
#1840=EDGE_CURVE('',#1434,#1432,#207,.T.);
#1841=EDGE_CURVE('',#1420,#1433,#879,.T.);
#1842=EDGE_CURVE('',#1422,#1434,#880,.T.);
#1843=ORIENTED_EDGE('',*,*,#1435,.F.);
#1844=ORIENTED_EDGE('',*,*,#1436,.F.);
#1845=ORIENTED_EDGE('',*,*,#1437,.F.);
#1846=ORIENTED_EDGE('',*,*,#1438,.F.);
#1847=ORIENTED_EDGE('',*,*,#1439,.F.);
#1848=ORIENTED_EDGE('',*,*,#1440,.F.);
#1849=ORIENTED_EDGE('',*,*,#1441,.F.);
#1850=ORIENTED_EDGE('',*,*,#1442,.F.);
#1851=ORIENTED_EDGE('',*,*,#1441,.T.);
#1852=ORIENTED_EDGE('',*,*,#1443,.T.);
#1853=ORIENTED_EDGE('',*,*,#1444,.T.);
#1854=ORIENTED_EDGE('',*,*,#1445,.T.);
#1855=ORIENTED_EDGE('',*,*,#1440,.T.);
#1856=ORIENTED_EDGE('',*,*,#1446,.F.);
#1857=ORIENTED_EDGE('',*,*,#1447,.F.);
#1858=ORIENTED_EDGE('',*,*,#1448,.F.);
#1859=ORIENTED_EDGE('',*,*,#1449,.T.);
#1860=ORIENTED_EDGE('',*,*,#1450,.F.);
#1861=ORIENTED_EDGE('',*,*,#1451,.F.);
#1862=ORIENTED_EDGE('',*,*,#1443,.F.);
#1863=ORIENTED_EDGE('',*,*,#1437,.T.);
#1864=ORIENTED_EDGE('',*,*,#1452,.F.);
#1865=ORIENTED_EDGE('',*,*,#1453,.F.);
#1866=ORIENTED_EDGE('',*,*,#1454,.F.);
#1867=ORIENTED_EDGE('',*,*,#1455,.F.);
#1868=ORIENTED_EDGE('',*,*,#1456,.F.);
#1869=ORIENTED_EDGE('',*,*,#1457,.F.);
#1870=ORIENTED_EDGE('',*,*,#1458,.F.);
#1871=ORIENTED_EDGE('',*,*,#1436,.T.);
#1872=ORIENTED_EDGE('',*,*,#1459,.T.);
#1873=ORIENTED_EDGE('',*,*,#1460,.T.);
#1874=ORIENTED_EDGE('',*,*,#1452,.T.);
#1875=ORIENTED_EDGE('',*,*,#1439,.T.);
#1876=ORIENTED_EDGE('',*,*,#1461,.T.);
#1877=ORIENTED_EDGE('',*,*,#1462,.T.);
#1878=ORIENTED_EDGE('',*,*,#1446,.T.);
#1879=ORIENTED_EDGE('',*,*,#1444,.F.);
#1880=ORIENTED_EDGE('',*,*,#1451,.T.);
#1881=ORIENTED_EDGE('',*,*,#1463,.T.);
#1882=ORIENTED_EDGE('',*,*,#1464,.T.);
#1883=ORIENTED_EDGE('',*,*,#1442,.T.);
#1884=ORIENTED_EDGE('',*,*,#1445,.F.);
#1885=ORIENTED_EDGE('',*,*,#1464,.F.);
#1886=ORIENTED_EDGE('',*,*,#1465,.F.);
#1887=ORIENTED_EDGE('',*,*,#1466,.F.);
#1888=ORIENTED_EDGE('',*,*,#1467,.F.);
#1889=ORIENTED_EDGE('',*,*,#1468,.F.);
#1890=ORIENTED_EDGE('',*,*,#1461,.F.);
#1891=ORIENTED_EDGE('',*,*,#1463,.F.);
#1892=ORIENTED_EDGE('',*,*,#1450,.T.);
#1893=ORIENTED_EDGE('',*,*,#1469,.T.);
#1894=ORIENTED_EDGE('',*,*,#1470,.T.);
#1895=ORIENTED_EDGE('',*,*,#1471,.T.);
#1896=ORIENTED_EDGE('',*,*,#1472,.T.);
#1897=ORIENTED_EDGE('',*,*,#1473,.T.);
#1898=ORIENTED_EDGE('',*,*,#1474,.T.);
#1899=ORIENTED_EDGE('',*,*,#1475,.T.);
#1900=ORIENTED_EDGE('',*,*,#1454,.T.);
#1901=ORIENTED_EDGE('',*,*,#1476,.F.);
#1902=ORIENTED_EDGE('',*,*,#1477,.T.);
#1903=ORIENTED_EDGE('',*,*,#1478,.T.);
#1904=ORIENTED_EDGE('',*,*,#1479,.T.);
#1905=ORIENTED_EDGE('',*,*,#1480,.T.);
#1906=ORIENTED_EDGE('',*,*,#1481,.T.);
#1907=ORIENTED_EDGE('',*,*,#1482,.T.);
#1908=ORIENTED_EDGE('',*,*,#1483,.T.);
#1909=ORIENTED_EDGE('',*,*,#1484,.T.);
#1910=ORIENTED_EDGE('',*,*,#1465,.T.);
#1911=ORIENTED_EDGE('',*,*,#1485,.T.);
#1912=ORIENTED_EDGE('',*,*,#1486,.T.);
#1913=ORIENTED_EDGE('',*,*,#1487,.T.);
#1914=ORIENTED_EDGE('',*,*,#1488,.T.);
#1915=ORIENTED_EDGE('',*,*,#1489,.T.);
#1916=ORIENTED_EDGE('',*,*,#1490,.T.);
#1917=ORIENTED_EDGE('',*,*,#1491,.T.);
#1918=ORIENTED_EDGE('',*,*,#1492,.T.);
#1919=ORIENTED_EDGE('',*,*,#1493,.T.);
#1920=ORIENTED_EDGE('',*,*,#1494,.T.);
#1921=ORIENTED_EDGE('',*,*,#1495,.T.);
#1922=ORIENTED_EDGE('',*,*,#1496,.T.);
#1923=ORIENTED_EDGE('',*,*,#1497,.T.);
#1924=ORIENTED_EDGE('',*,*,#1498,.T.);
#1925=ORIENTED_EDGE('',*,*,#1499,.T.);
#1926=ORIENTED_EDGE('',*,*,#1500,.T.);
#1927=ORIENTED_EDGE('',*,*,#1501,.T.);
#1928=ORIENTED_EDGE('',*,*,#1502,.T.);
#1929=ORIENTED_EDGE('',*,*,#1503,.T.);
#1930=ORIENTED_EDGE('',*,*,#1504,.T.);
#1931=ORIENTED_EDGE('',*,*,#1505,.T.);
#1932=ORIENTED_EDGE('',*,*,#1506,.T.);
#1933=ORIENTED_EDGE('',*,*,#1507,.T.);
#1934=ORIENTED_EDGE('',*,*,#1508,.T.);
#1935=ORIENTED_EDGE('',*,*,#1462,.F.);
#1936=ORIENTED_EDGE('',*,*,#1468,.T.);
#1937=ORIENTED_EDGE('',*,*,#1509,.T.);
#1938=ORIENTED_EDGE('',*,*,#1447,.T.);
#1939=ORIENTED_EDGE('',*,*,#1435,.T.);
#1940=ORIENTED_EDGE('',*,*,#1510,.F.);
#1941=ORIENTED_EDGE('',*,*,#1511,.F.);
#1942=ORIENTED_EDGE('',*,*,#1512,.F.);
#1943=ORIENTED_EDGE('',*,*,#1513,.T.);
#1944=ORIENTED_EDGE('',*,*,#1477,.F.);
#1945=ORIENTED_EDGE('',*,*,#1514,.F.);
#1946=ORIENTED_EDGE('',*,*,#1459,.F.);
#1947=ORIENTED_EDGE('',*,*,#1515,.F.);
#1948=ORIENTED_EDGE('',*,*,#1457,.T.);
#1949=ORIENTED_EDGE('',*,*,#1516,.T.);
#1950=ORIENTED_EDGE('',*,*,#1511,.T.);
#1951=ORIENTED_EDGE('',*,*,#1438,.T.);
#1952=ORIENTED_EDGE('',*,*,#1458,.T.);
#1953=ORIENTED_EDGE('',*,*,#1515,.T.);
#1954=ORIENTED_EDGE('',*,*,#1510,.T.);
#1955=ORIENTED_EDGE('',*,*,#1517,.F.);
#1956=ORIENTED_EDGE('',*,*,#1518,.T.);
#1957=ORIENTED_EDGE('',*,*,#1508,.F.);
#1958=ORIENTED_EDGE('',*,*,#1519,.F.);
#1959=ORIENTED_EDGE('',*,*,#1520,.F.);
#1960=ORIENTED_EDGE('',*,*,#1519,.T.);
#1961=ORIENTED_EDGE('',*,*,#1507,.F.);
#1962=ORIENTED_EDGE('',*,*,#1521,.F.);
#1963=ORIENTED_EDGE('',*,*,#1522,.F.);
#1964=ORIENTED_EDGE('',*,*,#1521,.T.);
#1965=ORIENTED_EDGE('',*,*,#1506,.F.);
#1966=ORIENTED_EDGE('',*,*,#1523,.F.);
#1967=ORIENTED_EDGE('',*,*,#1524,.F.);
#1968=ORIENTED_EDGE('',*,*,#1523,.T.);
#1969=ORIENTED_EDGE('',*,*,#1505,.F.);
#1970=ORIENTED_EDGE('',*,*,#1525,.F.);
#1971=ORIENTED_EDGE('',*,*,#1526,.F.);
#1972=ORIENTED_EDGE('',*,*,#1525,.T.);
#1973=ORIENTED_EDGE('',*,*,#1504,.F.);
#1974=ORIENTED_EDGE('',*,*,#1527,.F.);
#1975=ORIENTED_EDGE('',*,*,#1528,.F.);
#1976=ORIENTED_EDGE('',*,*,#1527,.T.);
#1977=ORIENTED_EDGE('',*,*,#1503,.F.);
#1978=ORIENTED_EDGE('',*,*,#1529,.F.);
#1979=ORIENTED_EDGE('',*,*,#1530,.F.);
#1980=ORIENTED_EDGE('',*,*,#1529,.T.);
#1981=ORIENTED_EDGE('',*,*,#1502,.F.);
#1982=ORIENTED_EDGE('',*,*,#1531,.F.);
#1983=ORIENTED_EDGE('',*,*,#1532,.F.);
#1984=ORIENTED_EDGE('',*,*,#1531,.T.);
#1985=ORIENTED_EDGE('',*,*,#1501,.F.);
#1986=ORIENTED_EDGE('',*,*,#1518,.F.);
#1987=ORIENTED_EDGE('',*,*,#1533,.F.);
#1988=ORIENTED_EDGE('',*,*,#1534,.T.);
#1989=ORIENTED_EDGE('',*,*,#1500,.F.);
#1990=ORIENTED_EDGE('',*,*,#1535,.F.);
#1991=ORIENTED_EDGE('',*,*,#1536,.F.);
#1992=ORIENTED_EDGE('',*,*,#1535,.T.);
#1993=ORIENTED_EDGE('',*,*,#1499,.F.);
#1994=ORIENTED_EDGE('',*,*,#1537,.F.);
#1995=ORIENTED_EDGE('',*,*,#1538,.F.);
#1996=ORIENTED_EDGE('',*,*,#1537,.T.);
#1997=ORIENTED_EDGE('',*,*,#1498,.F.);
#1998=ORIENTED_EDGE('',*,*,#1539,.F.);
#1999=ORIENTED_EDGE('',*,*,#1540,.F.);
#2000=ORIENTED_EDGE('',*,*,#1539,.T.);
#2001=ORIENTED_EDGE('',*,*,#1497,.F.);
#2002=ORIENTED_EDGE('',*,*,#1541,.F.);
#2003=ORIENTED_EDGE('',*,*,#1542,.F.);
#2004=ORIENTED_EDGE('',*,*,#1541,.T.);
#2005=ORIENTED_EDGE('',*,*,#1496,.F.);
#2006=ORIENTED_EDGE('',*,*,#1543,.F.);
#2007=ORIENTED_EDGE('',*,*,#1544,.F.);
#2008=ORIENTED_EDGE('',*,*,#1543,.T.);
#2009=ORIENTED_EDGE('',*,*,#1495,.F.);
#2010=ORIENTED_EDGE('',*,*,#1545,.F.);
#2011=ORIENTED_EDGE('',*,*,#1546,.F.);
#2012=ORIENTED_EDGE('',*,*,#1545,.T.);
#2013=ORIENTED_EDGE('',*,*,#1494,.F.);
#2014=ORIENTED_EDGE('',*,*,#1547,.F.);
#2015=ORIENTED_EDGE('',*,*,#1548,.F.);
#2016=ORIENTED_EDGE('',*,*,#1547,.T.);
#2017=ORIENTED_EDGE('',*,*,#1493,.F.);
#2018=ORIENTED_EDGE('',*,*,#1534,.F.);
#2019=ORIENTED_EDGE('',*,*,#1549,.F.);
#2020=ORIENTED_EDGE('',*,*,#1550,.T.);
#2021=ORIENTED_EDGE('',*,*,#1492,.F.);
#2022=ORIENTED_EDGE('',*,*,#1551,.F.);
#2023=ORIENTED_EDGE('',*,*,#1552,.F.);
#2024=ORIENTED_EDGE('',*,*,#1551,.T.);
#2025=ORIENTED_EDGE('',*,*,#1491,.F.);
#2026=ORIENTED_EDGE('',*,*,#1553,.F.);
#2027=ORIENTED_EDGE('',*,*,#1554,.F.);
#2028=ORIENTED_EDGE('',*,*,#1553,.T.);
#2029=ORIENTED_EDGE('',*,*,#1490,.F.);
#2030=ORIENTED_EDGE('',*,*,#1555,.F.);
#2031=ORIENTED_EDGE('',*,*,#1556,.F.);
#2032=ORIENTED_EDGE('',*,*,#1555,.T.);
#2033=ORIENTED_EDGE('',*,*,#1489,.F.);
#2034=ORIENTED_EDGE('',*,*,#1557,.F.);
#2035=ORIENTED_EDGE('',*,*,#1558,.F.);
#2036=ORIENTED_EDGE('',*,*,#1557,.T.);
#2037=ORIENTED_EDGE('',*,*,#1488,.F.);
#2038=ORIENTED_EDGE('',*,*,#1559,.F.);
#2039=ORIENTED_EDGE('',*,*,#1560,.F.);
#2040=ORIENTED_EDGE('',*,*,#1559,.T.);
#2041=ORIENTED_EDGE('',*,*,#1487,.F.);
#2042=ORIENTED_EDGE('',*,*,#1561,.F.);
#2043=ORIENTED_EDGE('',*,*,#1562,.F.);
#2044=ORIENTED_EDGE('',*,*,#1561,.T.);
#2045=ORIENTED_EDGE('',*,*,#1486,.F.);
#2046=ORIENTED_EDGE('',*,*,#1563,.F.);
#2047=ORIENTED_EDGE('',*,*,#1564,.F.);
#2048=ORIENTED_EDGE('',*,*,#1563,.T.);
#2049=ORIENTED_EDGE('',*,*,#1485,.F.);
#2050=ORIENTED_EDGE('',*,*,#1550,.F.);
#2051=ORIENTED_EDGE('',*,*,#1565,.F.);
#2052=ORIENTED_EDGE('',*,*,#1566,.T.);
#2053=ORIENTED_EDGE('',*,*,#1474,.F.);
#2054=ORIENTED_EDGE('',*,*,#1567,.F.);
#2055=ORIENTED_EDGE('',*,*,#1568,.F.);
#2056=ORIENTED_EDGE('',*,*,#1567,.T.);
#2057=ORIENTED_EDGE('',*,*,#1473,.F.);
#2058=ORIENTED_EDGE('',*,*,#1569,.F.);
#2059=ORIENTED_EDGE('',*,*,#1570,.F.);
#2060=ORIENTED_EDGE('',*,*,#1569,.T.);
#2061=ORIENTED_EDGE('',*,*,#1472,.F.);
#2062=ORIENTED_EDGE('',*,*,#1571,.F.);
#2063=ORIENTED_EDGE('',*,*,#1572,.F.);
#2064=ORIENTED_EDGE('',*,*,#1571,.T.);
#2065=ORIENTED_EDGE('',*,*,#1471,.F.);
#2066=ORIENTED_EDGE('',*,*,#1573,.F.);
#2067=ORIENTED_EDGE('',*,*,#1574,.F.);
#2068=ORIENTED_EDGE('',*,*,#1573,.T.);
#2069=ORIENTED_EDGE('',*,*,#1470,.F.);
#2070=ORIENTED_EDGE('',*,*,#1575,.F.);
#2071=ORIENTED_EDGE('',*,*,#1576,.F.);
#2072=ORIENTED_EDGE('',*,*,#1575,.T.);
#2073=ORIENTED_EDGE('',*,*,#1469,.F.);
#2074=ORIENTED_EDGE('',*,*,#1449,.F.);
#2075=ORIENTED_EDGE('',*,*,#1577,.F.);
#2076=ORIENTED_EDGE('',*,*,#1466,.T.);
#2077=ORIENTED_EDGE('',*,*,#1484,.F.);
#2078=ORIENTED_EDGE('',*,*,#1578,.F.);
#2079=ORIENTED_EDGE('',*,*,#1579,.F.);
#2080=ORIENTED_EDGE('',*,*,#1578,.T.);
#2081=ORIENTED_EDGE('',*,*,#1483,.F.);
#2082=ORIENTED_EDGE('',*,*,#1580,.F.);
#2083=ORIENTED_EDGE('',*,*,#1581,.F.);
#2084=ORIENTED_EDGE('',*,*,#1580,.T.);
#2085=ORIENTED_EDGE('',*,*,#1482,.F.);
#2086=ORIENTED_EDGE('',*,*,#1582,.F.);
#2087=ORIENTED_EDGE('',*,*,#1583,.F.);
#2088=ORIENTED_EDGE('',*,*,#1582,.T.);
#2089=ORIENTED_EDGE('',*,*,#1481,.F.);
#2090=ORIENTED_EDGE('',*,*,#1584,.F.);
#2091=ORIENTED_EDGE('',*,*,#1585,.F.);
#2092=ORIENTED_EDGE('',*,*,#1584,.T.);
#2093=ORIENTED_EDGE('',*,*,#1480,.F.);
#2094=ORIENTED_EDGE('',*,*,#1586,.F.);
#2095=ORIENTED_EDGE('',*,*,#1587,.F.);
#2096=ORIENTED_EDGE('',*,*,#1586,.T.);
#2097=ORIENTED_EDGE('',*,*,#1479,.F.);
#2098=ORIENTED_EDGE('',*,*,#1588,.F.);
#2099=ORIENTED_EDGE('',*,*,#1589,.F.);
#2100=ORIENTED_EDGE('',*,*,#1588,.T.);
#2101=ORIENTED_EDGE('',*,*,#1478,.F.);
#2102=ORIENTED_EDGE('',*,*,#1513,.F.);
#2103=ORIENTED_EDGE('',*,*,#1590,.F.);
#2104=ORIENTED_EDGE('',*,*,#1455,.T.);
#2105=ORIENTED_EDGE('',*,*,#1475,.F.);
#2106=ORIENTED_EDGE('',*,*,#1566,.F.);
#2107=ORIENTED_EDGE('',*,*,#1509,.F.);
#2108=ORIENTED_EDGE('',*,*,#1467,.T.);
#2109=ORIENTED_EDGE('',*,*,#1577,.T.);
#2110=ORIENTED_EDGE('',*,*,#1579,.T.);
#2111=ORIENTED_EDGE('',*,*,#1581,.T.);
#2112=ORIENTED_EDGE('',*,*,#1583,.T.);
#2113=ORIENTED_EDGE('',*,*,#1585,.T.);
#2114=ORIENTED_EDGE('',*,*,#1587,.T.);
#2115=ORIENTED_EDGE('',*,*,#1589,.T.);
#2116=ORIENTED_EDGE('',*,*,#1512,.T.);
#2117=ORIENTED_EDGE('',*,*,#1516,.F.);
#2118=ORIENTED_EDGE('',*,*,#1456,.T.);
#2119=ORIENTED_EDGE('',*,*,#1590,.T.);
#2120=ORIENTED_EDGE('',*,*,#1565,.T.);
#2121=ORIENTED_EDGE('',*,*,#1568,.T.);
#2122=ORIENTED_EDGE('',*,*,#1570,.T.);
#2123=ORIENTED_EDGE('',*,*,#1572,.T.);
#2124=ORIENTED_EDGE('',*,*,#1574,.T.);
#2125=ORIENTED_EDGE('',*,*,#1576,.T.);
#2126=ORIENTED_EDGE('',*,*,#1448,.T.);
#2127=ORIENTED_EDGE('',*,*,#1564,.T.);
#2128=ORIENTED_EDGE('',*,*,#1549,.T.);
#2129=ORIENTED_EDGE('',*,*,#1552,.T.);
#2130=ORIENTED_EDGE('',*,*,#1554,.T.);
#2131=ORIENTED_EDGE('',*,*,#1556,.T.);
#2132=ORIENTED_EDGE('',*,*,#1558,.T.);
#2133=ORIENTED_EDGE('',*,*,#1560,.T.);
#2134=ORIENTED_EDGE('',*,*,#1562,.T.);
#2135=ORIENTED_EDGE('',*,*,#1548,.T.);
#2136=ORIENTED_EDGE('',*,*,#1533,.T.);
#2137=ORIENTED_EDGE('',*,*,#1536,.T.);
#2138=ORIENTED_EDGE('',*,*,#1538,.T.);
#2139=ORIENTED_EDGE('',*,*,#1540,.T.);
#2140=ORIENTED_EDGE('',*,*,#1542,.T.);
#2141=ORIENTED_EDGE('',*,*,#1544,.T.);
#2142=ORIENTED_EDGE('',*,*,#1546,.T.);
#2143=ORIENTED_EDGE('',*,*,#1532,.T.);
#2144=ORIENTED_EDGE('',*,*,#1517,.T.);
#2145=ORIENTED_EDGE('',*,*,#1520,.T.);
#2146=ORIENTED_EDGE('',*,*,#1522,.T.);
#2147=ORIENTED_EDGE('',*,*,#1524,.T.);
#2148=ORIENTED_EDGE('',*,*,#1526,.T.);
#2149=ORIENTED_EDGE('',*,*,#1528,.T.);
#2150=ORIENTED_EDGE('',*,*,#1530,.T.);
#2151=ORIENTED_EDGE('',*,*,#1460,.F.);
#2152=ORIENTED_EDGE('',*,*,#1514,.T.);
#2153=ORIENTED_EDGE('',*,*,#1476,.T.);
#2154=ORIENTED_EDGE('',*,*,#1453,.T.);
#2155=ORIENTED_EDGE('',*,*,#1591,.T.);
#2156=ORIENTED_EDGE('',*,*,#1592,.T.);
#2157=ORIENTED_EDGE('',*,*,#1593,.T.);
#2158=ORIENTED_EDGE('',*,*,#1594,.T.);
#2159=ORIENTED_EDGE('',*,*,#1595,.T.);
#2160=ORIENTED_EDGE('',*,*,#1596,.T.);
#2161=ORIENTED_EDGE('',*,*,#1593,.F.);
#2162=ORIENTED_EDGE('',*,*,#1597,.T.);
#2163=ORIENTED_EDGE('',*,*,#1598,.T.);
#2164=ORIENTED_EDGE('',*,*,#1599,.T.);
#2165=ORIENTED_EDGE('',*,*,#1595,.F.);
#2166=ORIENTED_EDGE('',*,*,#1600,.T.);
#2167=ORIENTED_EDGE('',*,*,#1601,.T.);
#2168=ORIENTED_EDGE('',*,*,#1602,.T.);
#2169=ORIENTED_EDGE('',*,*,#1598,.F.);
#2170=ORIENTED_EDGE('',*,*,#1603,.T.);
#2171=ORIENTED_EDGE('',*,*,#1604,.T.);
#2172=ORIENTED_EDGE('',*,*,#1605,.T.);
#2173=ORIENTED_EDGE('',*,*,#1601,.F.);
#2174=ORIENTED_EDGE('',*,*,#1606,.T.);
#2175=ORIENTED_EDGE('',*,*,#1607,.T.);
#2176=ORIENTED_EDGE('',*,*,#1608,.T.);
#2177=ORIENTED_EDGE('',*,*,#1604,.F.);
#2178=ORIENTED_EDGE('',*,*,#1609,.T.);
#2179=ORIENTED_EDGE('',*,*,#1610,.T.);
#2180=ORIENTED_EDGE('',*,*,#1611,.T.);
#2181=ORIENTED_EDGE('',*,*,#1607,.F.);
#2182=ORIENTED_EDGE('',*,*,#1612,.T.);
#2183=ORIENTED_EDGE('',*,*,#1591,.F.);
#2184=ORIENTED_EDGE('',*,*,#1613,.T.);
#2185=ORIENTED_EDGE('',*,*,#1610,.F.);
#2186=ORIENTED_EDGE('',*,*,#1614,.T.);
#2187=ORIENTED_EDGE('',*,*,#1603,.F.);
#2188=ORIENTED_EDGE('',*,*,#1615,.F.);
#2189=ORIENTED_EDGE('',*,*,#1616,.F.);
#2190=ORIENTED_EDGE('',*,*,#1617,.T.);
#2191=ORIENTED_EDGE('',*,*,#1600,.F.);
#2192=ORIENTED_EDGE('',*,*,#1618,.F.);
#2193=ORIENTED_EDGE('',*,*,#1619,.F.);
#2194=ORIENTED_EDGE('',*,*,#1615,.T.);
#2195=ORIENTED_EDGE('',*,*,#1597,.F.);
#2196=ORIENTED_EDGE('',*,*,#1620,.F.);
#2197=ORIENTED_EDGE('',*,*,#1621,.F.);
#2198=ORIENTED_EDGE('',*,*,#1618,.T.);
#2199=ORIENTED_EDGE('',*,*,#1592,.F.);
#2200=ORIENTED_EDGE('',*,*,#1622,.F.);
#2201=ORIENTED_EDGE('',*,*,#1623,.F.);
#2202=ORIENTED_EDGE('',*,*,#1620,.T.);
#2203=ORIENTED_EDGE('',*,*,#1594,.F.);
#2204=ORIENTED_EDGE('',*,*,#1596,.F.);
#2205=ORIENTED_EDGE('',*,*,#1599,.F.);
#2206=ORIENTED_EDGE('',*,*,#1602,.F.);
#2207=ORIENTED_EDGE('',*,*,#1605,.F.);
#2208=ORIENTED_EDGE('',*,*,#1608,.F.);
#2209=ORIENTED_EDGE('',*,*,#1611,.F.);
#2210=ORIENTED_EDGE('',*,*,#1613,.F.);
#2211=ORIENTED_EDGE('',*,*,#1624,.T.);
#2212=ORIENTED_EDGE('',*,*,#1625,.T.);
#2213=ORIENTED_EDGE('',*,*,#1626,.T.);
#2214=ORIENTED_EDGE('',*,*,#1627,.T.);
#2215=ORIENTED_EDGE('',*,*,#1628,.T.);
#2216=ORIENTED_EDGE('',*,*,#1629,.T.);
#2217=ORIENTED_EDGE('',*,*,#1626,.F.);
#2218=ORIENTED_EDGE('',*,*,#1630,.T.);
#2219=ORIENTED_EDGE('',*,*,#1631,.T.);
#2220=ORIENTED_EDGE('',*,*,#1632,.T.);
#2221=ORIENTED_EDGE('',*,*,#1628,.F.);
#2222=ORIENTED_EDGE('',*,*,#1633,.T.);
#2223=ORIENTED_EDGE('',*,*,#1634,.T.);
#2224=ORIENTED_EDGE('',*,*,#1635,.T.);
#2225=ORIENTED_EDGE('',*,*,#1631,.F.);
#2226=ORIENTED_EDGE('',*,*,#1636,.T.);
#2227=ORIENTED_EDGE('',*,*,#1637,.T.);
#2228=ORIENTED_EDGE('',*,*,#1638,.T.);
#2229=ORIENTED_EDGE('',*,*,#1634,.F.);
#2230=ORIENTED_EDGE('',*,*,#1639,.T.);
#2231=ORIENTED_EDGE('',*,*,#1640,.T.);
#2232=ORIENTED_EDGE('',*,*,#1641,.T.);
#2233=ORIENTED_EDGE('',*,*,#1637,.F.);
#2234=ORIENTED_EDGE('',*,*,#1642,.T.);
#2235=ORIENTED_EDGE('',*,*,#1643,.T.);
#2236=ORIENTED_EDGE('',*,*,#1644,.T.);
#2237=ORIENTED_EDGE('',*,*,#1640,.F.);
#2238=ORIENTED_EDGE('',*,*,#1645,.T.);
#2239=ORIENTED_EDGE('',*,*,#1624,.F.);
#2240=ORIENTED_EDGE('',*,*,#1646,.T.);
#2241=ORIENTED_EDGE('',*,*,#1643,.F.);
#2242=ORIENTED_EDGE('',*,*,#1647,.T.);
#2243=ORIENTED_EDGE('',*,*,#1636,.F.);
#2244=ORIENTED_EDGE('',*,*,#1648,.F.);
#2245=ORIENTED_EDGE('',*,*,#1649,.F.);
#2246=ORIENTED_EDGE('',*,*,#1650,.T.);
#2247=ORIENTED_EDGE('',*,*,#1633,.F.);
#2248=ORIENTED_EDGE('',*,*,#1651,.F.);
#2249=ORIENTED_EDGE('',*,*,#1652,.F.);
#2250=ORIENTED_EDGE('',*,*,#1648,.T.);
#2251=ORIENTED_EDGE('',*,*,#1630,.F.);
#2252=ORIENTED_EDGE('',*,*,#1653,.F.);
#2253=ORIENTED_EDGE('',*,*,#1654,.F.);
#2254=ORIENTED_EDGE('',*,*,#1651,.T.);
#2255=ORIENTED_EDGE('',*,*,#1625,.F.);
#2256=ORIENTED_EDGE('',*,*,#1655,.F.);
#2257=ORIENTED_EDGE('',*,*,#1656,.F.);
#2258=ORIENTED_EDGE('',*,*,#1653,.T.);
#2259=ORIENTED_EDGE('',*,*,#1627,.F.);
#2260=ORIENTED_EDGE('',*,*,#1629,.F.);
#2261=ORIENTED_EDGE('',*,*,#1632,.F.);
#2262=ORIENTED_EDGE('',*,*,#1635,.F.);
#2263=ORIENTED_EDGE('',*,*,#1638,.F.);
#2264=ORIENTED_EDGE('',*,*,#1641,.F.);
#2265=ORIENTED_EDGE('',*,*,#1644,.F.);
#2266=ORIENTED_EDGE('',*,*,#1646,.F.);
#2267=ORIENTED_EDGE('',*,*,#1606,.F.);
#2268=ORIENTED_EDGE('',*,*,#1617,.F.);
#2269=ORIENTED_EDGE('',*,*,#1657,.F.);
#2270=ORIENTED_EDGE('',*,*,#1658,.T.);
#2271=ORIENTED_EDGE('',*,*,#1614,.F.);
#2272=ORIENTED_EDGE('',*,*,#1659,.F.);
#2273=ORIENTED_EDGE('',*,*,#1660,.F.);
#2274=ORIENTED_EDGE('',*,*,#1622,.T.);
#2275=ORIENTED_EDGE('',*,*,#1612,.F.);
#2276=ORIENTED_EDGE('',*,*,#1661,.F.);
#2277=ORIENTED_EDGE('',*,*,#1662,.F.);
#2278=ORIENTED_EDGE('',*,*,#1659,.T.);
#2279=ORIENTED_EDGE('',*,*,#1609,.F.);
#2280=ORIENTED_EDGE('',*,*,#1658,.F.);
#2281=ORIENTED_EDGE('',*,*,#1663,.F.);
#2282=ORIENTED_EDGE('',*,*,#1661,.T.);
#2283=ORIENTED_EDGE('',*,*,#1647,.F.);
#2284=ORIENTED_EDGE('',*,*,#1664,.F.);
#2285=ORIENTED_EDGE('',*,*,#1665,.F.);
#2286=ORIENTED_EDGE('',*,*,#1655,.T.);
#2287=ORIENTED_EDGE('',*,*,#1645,.F.);
#2288=ORIENTED_EDGE('',*,*,#1666,.F.);
#2289=ORIENTED_EDGE('',*,*,#1667,.F.);
#2290=ORIENTED_EDGE('',*,*,#1664,.T.);
#2291=ORIENTED_EDGE('',*,*,#1642,.F.);
#2292=ORIENTED_EDGE('',*,*,#1668,.F.);
#2293=ORIENTED_EDGE('',*,*,#1669,.F.);
#2294=ORIENTED_EDGE('',*,*,#1666,.T.);
#2295=ORIENTED_EDGE('',*,*,#1639,.F.);
#2296=ORIENTED_EDGE('',*,*,#1650,.F.);
#2297=ORIENTED_EDGE('',*,*,#1670,.F.);
#2298=ORIENTED_EDGE('',*,*,#1668,.T.);
#2299=ORIENTED_EDGE('',*,*,#1671,.F.);
#2300=ORIENTED_EDGE('',*,*,#1672,.F.);
#2301=ORIENTED_EDGE('',*,*,#1673,.T.);
#2302=ORIENTED_EDGE('',*,*,#1674,.F.);
#2303=ORIENTED_EDGE('',*,*,#1675,.F.);
#2304=ORIENTED_EDGE('',*,*,#1676,.F.);
#2305=ORIENTED_EDGE('',*,*,#1677,.F.);
#2306=ORIENTED_EDGE('',*,*,#1673,.F.);
#2307=ORIENTED_EDGE('',*,*,#1678,.F.);
#2308=ORIENTED_EDGE('',*,*,#1679,.F.);
#2309=ORIENTED_EDGE('',*,*,#1680,.F.);
#2310=ORIENTED_EDGE('',*,*,#1681,.F.);
#2311=ORIENTED_EDGE('',*,*,#1682,.F.);
#2312=ORIENTED_EDGE('',*,*,#1683,.F.);
#2313=ORIENTED_EDGE('',*,*,#1684,.F.);
#2314=ORIENTED_EDGE('',*,*,#1685,.F.);
#2315=ORIENTED_EDGE('',*,*,#1681,.T.);
#2316=ORIENTED_EDGE('',*,*,#1686,.F.);
#2317=ORIENTED_EDGE('',*,*,#1671,.T.);
#2318=ORIENTED_EDGE('',*,*,#1687,.F.);
#2319=ORIENTED_EDGE('',*,*,#1688,.F.);
#2320=ORIENTED_EDGE('',*,*,#1689,.F.);
#2321=ORIENTED_EDGE('',*,*,#1690,.T.);
#2322=ORIENTED_EDGE('',*,*,#1691,.F.);
#2323=ORIENTED_EDGE('',*,*,#1692,.T.);
#2324=ORIENTED_EDGE('',*,*,#1693,.T.);
#2325=ORIENTED_EDGE('',*,*,#1694,.F.);
#2326=ORIENTED_EDGE('',*,*,#1695,.T.);
#2327=ORIENTED_EDGE('',*,*,#1679,.T.);
#2328=ORIENTED_EDGE('',*,*,#1696,.T.);
#2329=ORIENTED_EDGE('',*,*,#1697,.F.);
#2330=ORIENTED_EDGE('',*,*,#1698,.T.);
#2331=ORIENTED_EDGE('',*,*,#1699,.F.);
#2332=ORIENTED_EDGE('',*,*,#1700,.F.);
#2333=ORIENTED_EDGE('',*,*,#1701,.F.);
#2334=ORIENTED_EDGE('',*,*,#1700,.T.);
#2335=ORIENTED_EDGE('',*,*,#1702,.F.);
#2336=ORIENTED_EDGE('',*,*,#1703,.F.);
#2337=ORIENTED_EDGE('',*,*,#1704,.F.);
#2338=ORIENTED_EDGE('',*,*,#1705,.T.);
#2339=ORIENTED_EDGE('',*,*,#1706,.F.);
#2340=ORIENTED_EDGE('',*,*,#1698,.F.);
#2341=ORIENTED_EDGE('',*,*,#1706,.T.);
#2342=ORIENTED_EDGE('',*,*,#1707,.T.);
#2343=ORIENTED_EDGE('',*,*,#1702,.T.);
#2344=ORIENTED_EDGE('',*,*,#1699,.T.);
#2345=ORIENTED_EDGE('',*,*,#1708,.F.);
#2346=ORIENTED_EDGE('',*,*,#1709,.T.);
#2347=ORIENTED_EDGE('',*,*,#1710,.F.);
#2348=ORIENTED_EDGE('',*,*,#1711,.F.);
#2349=ORIENTED_EDGE('',*,*,#1712,.F.);
#2350=ORIENTED_EDGE('',*,*,#1713,.T.);
#2351=ORIENTED_EDGE('',*,*,#1714,.F.);
#2352=ORIENTED_EDGE('',*,*,#1715,.F.);
#2353=ORIENTED_EDGE('',*,*,#1716,.F.);
#2354=ORIENTED_EDGE('',*,*,#1715,.T.);
#2355=ORIENTED_EDGE('',*,*,#1717,.F.);
#2356=ORIENTED_EDGE('',*,*,#1709,.F.);
#2357=ORIENTED_EDGE('',*,*,#1717,.T.);
#2358=ORIENTED_EDGE('',*,*,#1714,.T.);
#2359=ORIENTED_EDGE('',*,*,#1718,.T.);
#2360=ORIENTED_EDGE('',*,*,#1710,.T.);
#2361=ORIENTED_EDGE('',*,*,#1719,.F.);
#2362=ORIENTED_EDGE('',*,*,#1690,.F.);
#2363=ORIENTED_EDGE('',*,*,#1720,.T.);
#2364=ORIENTED_EDGE('',*,*,#1721,.F.);
#2365=ORIENTED_EDGE('',*,*,#1722,.F.);
#2366=ORIENTED_EDGE('',*,*,#1720,.F.);
#2367=ORIENTED_EDGE('',*,*,#1689,.T.);
#2368=ORIENTED_EDGE('',*,*,#1723,.F.);
#2369=ORIENTED_EDGE('',*,*,#1724,.F.);
#2370=ORIENTED_EDGE('',*,*,#1725,.T.);
#2371=ORIENTED_EDGE('',*,*,#1726,.T.);
#2372=ORIENTED_EDGE('',*,*,#1692,.F.);
#2373=ORIENTED_EDGE('',*,*,#1693,.F.);
#2374=ORIENTED_EDGE('',*,*,#1726,.F.);
#2375=ORIENTED_EDGE('',*,*,#1727,.F.);
#2376=ORIENTED_EDGE('',*,*,#1728,.T.);
#2377=ORIENTED_EDGE('',*,*,#1701,.T.);
#2378=ORIENTED_EDGE('',*,*,#1729,.T.);
#2379=ORIENTED_EDGE('',*,*,#1730,.F.);
#2380=ORIENTED_EDGE('',*,*,#1731,.T.);
#2381=ORIENTED_EDGE('',*,*,#1732,.F.);
#2382=ORIENTED_EDGE('',*,*,#1733,.T.);
#2383=ORIENTED_EDGE('',*,*,#1712,.T.);
#2384=ORIENTED_EDGE('',*,*,#1716,.T.);
#2385=ORIENTED_EDGE('',*,*,#1708,.T.);
#2386=ORIENTED_EDGE('',*,*,#1724,.T.);
#2387=ORIENTED_EDGE('',*,*,#1691,.T.);
#2388=ORIENTED_EDGE('',*,*,#1719,.T.);
#2389=ORIENTED_EDGE('',*,*,#1704,.T.);
#2390=ORIENTED_EDGE('',*,*,#1697,.T.);
#2391=ORIENTED_EDGE('',*,*,#1734,.T.);
#2392=ORIENTED_EDGE('',*,*,#1732,.T.);
#2393=ORIENTED_EDGE('',*,*,#1735,.T.);
#2394=ORIENTED_EDGE('',*,*,#1736,.T.);
#2395=ORIENTED_EDGE('',*,*,#1735,.F.);
#2396=ORIENTED_EDGE('',*,*,#1731,.F.);
#2397=ORIENTED_EDGE('',*,*,#1737,.F.);
#2398=ORIENTED_EDGE('',*,*,#1738,.F.);
#2399=ORIENTED_EDGE('',*,*,#1739,.T.);
#2400=ORIENTED_EDGE('',*,*,#1740,.T.);
#2401=ORIENTED_EDGE('',*,*,#1741,.T.);
#2402=ORIENTED_EDGE('',*,*,#1742,.T.);
#2403=ORIENTED_EDGE('',*,*,#1743,.T.);
#2404=ORIENTED_EDGE('',*,*,#1744,.T.);
#2405=ORIENTED_EDGE('',*,*,#1745,.T.);
#2406=ORIENTED_EDGE('',*,*,#1746,.T.);
#2407=ORIENTED_EDGE('',*,*,#1657,.T.);
#2408=ORIENTED_EDGE('',*,*,#1616,.T.);
#2409=ORIENTED_EDGE('',*,*,#1619,.T.);
#2410=ORIENTED_EDGE('',*,*,#1621,.T.);
#2411=ORIENTED_EDGE('',*,*,#1623,.T.);
#2412=ORIENTED_EDGE('',*,*,#1660,.T.);
#2413=ORIENTED_EDGE('',*,*,#1662,.T.);
#2414=ORIENTED_EDGE('',*,*,#1663,.T.);
#2415=ORIENTED_EDGE('',*,*,#1656,.T.);
#2416=ORIENTED_EDGE('',*,*,#1665,.T.);
#2417=ORIENTED_EDGE('',*,*,#1667,.T.);
#2418=ORIENTED_EDGE('',*,*,#1669,.T.);
#2419=ORIENTED_EDGE('',*,*,#1670,.T.);
#2420=ORIENTED_EDGE('',*,*,#1649,.T.);
#2421=ORIENTED_EDGE('',*,*,#1652,.T.);
#2422=ORIENTED_EDGE('',*,*,#1654,.T.);
#2423=ORIENTED_EDGE('',*,*,#1684,.T.);
#2424=ORIENTED_EDGE('',*,*,#1747,.F.);
#2425=ORIENTED_EDGE('',*,*,#1743,.F.);
#2426=ORIENTED_EDGE('',*,*,#1748,.T.);
#2427=ORIENTED_EDGE('',*,*,#1683,.T.);
#2428=ORIENTED_EDGE('',*,*,#1749,.F.);
#2429=ORIENTED_EDGE('',*,*,#1744,.F.);
#2430=ORIENTED_EDGE('',*,*,#1747,.T.);
#2431=ORIENTED_EDGE('',*,*,#1750,.F.);
#2432=ORIENTED_EDGE('',*,*,#1745,.F.);
#2433=ORIENTED_EDGE('',*,*,#1749,.T.);
#2434=ORIENTED_EDGE('',*,*,#1686,.T.);
#2435=ORIENTED_EDGE('',*,*,#1680,.T.);
#2436=ORIENTED_EDGE('',*,*,#1695,.F.);
#2437=ORIENTED_EDGE('',*,*,#1737,.T.);
#2438=ORIENTED_EDGE('',*,*,#1730,.T.);
#2439=ORIENTED_EDGE('',*,*,#1751,.T.);
#2440=ORIENTED_EDGE('',*,*,#1752,.T.);
#2441=ORIENTED_EDGE('',*,*,#1675,.T.);
#2442=ORIENTED_EDGE('',*,*,#1753,.F.);
#2443=ORIENTED_EDGE('',*,*,#1741,.F.);
#2444=ORIENTED_EDGE('',*,*,#1754,.T.);
#2445=ORIENTED_EDGE('',*,*,#1676,.T.);
#2446=ORIENTED_EDGE('',*,*,#1754,.F.);
#2447=ORIENTED_EDGE('',*,*,#1740,.F.);
#2448=ORIENTED_EDGE('',*,*,#1755,.T.);
#2449=ORIENTED_EDGE('',*,*,#1755,.F.);
#2450=ORIENTED_EDGE('',*,*,#1739,.F.);
#2451=ORIENTED_EDGE('',*,*,#1756,.F.);
#2452=ORIENTED_EDGE('',*,*,#1687,.T.);
#2453=ORIENTED_EDGE('',*,*,#1674,.T.);
#2454=ORIENTED_EDGE('',*,*,#1677,.T.);
#2455=ORIENTED_EDGE('',*,*,#1672,.T.);
#2456=ORIENTED_EDGE('',*,*,#1696,.F.);
#2457=ORIENTED_EDGE('',*,*,#1682,.T.);
#2458=ORIENTED_EDGE('',*,*,#1685,.T.);
#2459=ORIENTED_EDGE('',*,*,#1748,.F.);
#2460=ORIENTED_EDGE('',*,*,#1742,.F.);
#2461=ORIENTED_EDGE('',*,*,#1753,.T.);
#2462=ORIENTED_EDGE('',*,*,#1678,.T.);
#2463=ORIENTED_EDGE('',*,*,#1722,.T.);
#2464=ORIENTED_EDGE('',*,*,#1757,.T.);
#2465=ORIENTED_EDGE('',*,*,#1751,.F.);
#2466=ORIENTED_EDGE('',*,*,#1729,.F.);
#2467=ORIENTED_EDGE('',*,*,#1703,.T.);
#2468=ORIENTED_EDGE('',*,*,#1707,.F.);
#2469=ORIENTED_EDGE('',*,*,#1705,.F.);
#2470=ORIENTED_EDGE('',*,*,#1721,.T.);
#2471=ORIENTED_EDGE('',*,*,#1752,.F.);
#2472=ORIENTED_EDGE('',*,*,#1757,.F.);
#2473=ORIENTED_EDGE('',*,*,#1723,.T.);
#2474=ORIENTED_EDGE('',*,*,#1688,.T.);
#2475=ORIENTED_EDGE('',*,*,#1756,.T.);
#2476=ORIENTED_EDGE('',*,*,#1738,.T.);
#2477=ORIENTED_EDGE('',*,*,#1727,.T.);
#2478=ORIENTED_EDGE('',*,*,#1725,.F.);
#2479=ORIENTED_EDGE('',*,*,#1711,.T.);
#2480=ORIENTED_EDGE('',*,*,#1718,.F.);
#2481=ORIENTED_EDGE('',*,*,#1713,.F.);
#2482=ORIENTED_EDGE('',*,*,#1733,.F.);
#2483=ORIENTED_EDGE('',*,*,#1734,.F.);
#2484=ORIENTED_EDGE('',*,*,#1758,.F.);
#2485=ORIENTED_EDGE('',*,*,#1736,.F.);
#2486=ORIENTED_EDGE('',*,*,#1746,.F.);
#2487=ORIENTED_EDGE('',*,*,#1750,.T.);
#2488=ORIENTED_EDGE('',*,*,#1694,.T.);
#2489=ORIENTED_EDGE('',*,*,#1728,.F.);
#2490=ORIENTED_EDGE('',*,*,#1758,.T.);
#2491=ORIENTED_EDGE('',*,*,#1759,.T.);
#2492=ORIENTED_EDGE('',*,*,#1760,.T.);
#2493=ORIENTED_EDGE('',*,*,#1761,.T.);
#2494=ORIENTED_EDGE('',*,*,#1762,.T.);
#2495=ORIENTED_EDGE('',*,*,#1763,.T.);
#2496=ORIENTED_EDGE('',*,*,#1764,.T.);
#2497=ORIENTED_EDGE('',*,*,#1765,.T.);
#2498=ORIENTED_EDGE('',*,*,#1766,.T.);
#2499=ORIENTED_EDGE('',*,*,#1767,.T.);
#2500=ORIENTED_EDGE('',*,*,#1768,.T.);
#2501=ORIENTED_EDGE('',*,*,#1769,.T.);
#2502=ORIENTED_EDGE('',*,*,#1770,.T.);
#2503=ORIENTED_EDGE('',*,*,#1771,.T.);
#2504=ORIENTED_EDGE('',*,*,#1772,.T.);
#2505=ORIENTED_EDGE('',*,*,#1773,.T.);
#2506=ORIENTED_EDGE('',*,*,#1774,.T.);
#2507=ORIENTED_EDGE('',*,*,#1773,.F.);
#2508=ORIENTED_EDGE('',*,*,#1769,.F.);
#2509=ORIENTED_EDGE('',*,*,#1775,.T.);
#2510=ORIENTED_EDGE('',*,*,#1767,.F.);
#2511=ORIENTED_EDGE('',*,*,#1765,.F.);
#2512=ORIENTED_EDGE('',*,*,#1776,.T.);
#2513=ORIENTED_EDGE('',*,*,#1763,.F.);
#2514=ORIENTED_EDGE('',*,*,#1761,.F.);
#2515=ORIENTED_EDGE('',*,*,#1777,.T.);
#2516=ORIENTED_EDGE('',*,*,#1759,.F.);
#2517=ORIENTED_EDGE('',*,*,#1771,.F.);
#2518=ORIENTED_EDGE('',*,*,#1778,.T.);
#2519=ORIENTED_EDGE('',*,*,#1777,.F.);
#2520=ORIENTED_EDGE('',*,*,#1779,.F.);
#2521=ORIENTED_EDGE('',*,*,#1780,.T.);
#2522=ORIENTED_EDGE('',*,*,#1781,.T.);
#2523=ORIENTED_EDGE('',*,*,#1760,.F.);
#2524=ORIENTED_EDGE('',*,*,#1782,.F.);
#2525=ORIENTED_EDGE('',*,*,#1783,.T.);
#2526=ORIENTED_EDGE('',*,*,#1779,.T.);
#2527=ORIENTED_EDGE('',*,*,#1778,.F.);
#2528=ORIENTED_EDGE('',*,*,#1784,.F.);
#2529=ORIENTED_EDGE('',*,*,#1785,.T.);
#2530=ORIENTED_EDGE('',*,*,#1782,.T.);
#2531=ORIENTED_EDGE('',*,*,#1774,.F.);
#2532=ORIENTED_EDGE('',*,*,#1786,.F.);
#2533=ORIENTED_EDGE('',*,*,#1787,.T.);
#2534=ORIENTED_EDGE('',*,*,#1784,.T.);
#2535=ORIENTED_EDGE('',*,*,#1762,.F.);
#2536=ORIENTED_EDGE('',*,*,#1766,.F.);
#2537=ORIENTED_EDGE('',*,*,#1770,.F.);
#2538=ORIENTED_EDGE('',*,*,#1772,.F.);
#2539=ORIENTED_EDGE('',*,*,#1775,.F.);
#2540=ORIENTED_EDGE('',*,*,#1788,.F.);
#2541=ORIENTED_EDGE('',*,*,#1789,.T.);
#2542=ORIENTED_EDGE('',*,*,#1786,.T.);
#2543=ORIENTED_EDGE('',*,*,#1768,.F.);
#2544=ORIENTED_EDGE('',*,*,#1790,.F.);
#2545=ORIENTED_EDGE('',*,*,#1791,.T.);
#2546=ORIENTED_EDGE('',*,*,#1788,.T.);
#2547=ORIENTED_EDGE('',*,*,#1776,.F.);
#2548=ORIENTED_EDGE('',*,*,#1792,.F.);
#2549=ORIENTED_EDGE('',*,*,#1793,.T.);
#2550=ORIENTED_EDGE('',*,*,#1790,.T.);
#2551=ORIENTED_EDGE('',*,*,#1764,.F.);
#2552=ORIENTED_EDGE('',*,*,#1781,.F.);
#2553=ORIENTED_EDGE('',*,*,#1794,.T.);
#2554=ORIENTED_EDGE('',*,*,#1792,.T.);
#2555=ORIENTED_EDGE('',*,*,#1783,.F.);
#2556=ORIENTED_EDGE('',*,*,#1785,.F.);
#2557=ORIENTED_EDGE('',*,*,#1787,.F.);
#2558=ORIENTED_EDGE('',*,*,#1789,.F.);
#2559=ORIENTED_EDGE('',*,*,#1791,.F.);
#2560=ORIENTED_EDGE('',*,*,#1793,.F.);
#2561=ORIENTED_EDGE('',*,*,#1794,.F.);
#2562=ORIENTED_EDGE('',*,*,#1780,.F.);
#2563=ORIENTED_EDGE('',*,*,#1795,.T.);
#2564=ORIENTED_EDGE('',*,*,#1796,.T.);
#2565=ORIENTED_EDGE('',*,*,#1797,.F.);
#2566=ORIENTED_EDGE('',*,*,#1798,.F.);
#2567=ORIENTED_EDGE('',*,*,#1799,.T.);
#2568=ORIENTED_EDGE('',*,*,#1798,.T.);
#2569=ORIENTED_EDGE('',*,*,#1800,.F.);
#2570=ORIENTED_EDGE('',*,*,#1801,.F.);
#2571=ORIENTED_EDGE('',*,*,#1802,.T.);
#2572=ORIENTED_EDGE('',*,*,#1801,.T.);
#2573=ORIENTED_EDGE('',*,*,#1803,.F.);
#2574=ORIENTED_EDGE('',*,*,#1804,.F.);
#2575=ORIENTED_EDGE('',*,*,#1805,.T.);
#2576=ORIENTED_EDGE('',*,*,#1804,.T.);
#2577=ORIENTED_EDGE('',*,*,#1806,.F.);
#2578=ORIENTED_EDGE('',*,*,#1807,.F.);
#2579=ORIENTED_EDGE('',*,*,#1808,.T.);
#2580=ORIENTED_EDGE('',*,*,#1807,.T.);
#2581=ORIENTED_EDGE('',*,*,#1809,.F.);
#2582=ORIENTED_EDGE('',*,*,#1810,.F.);
#2583=ORIENTED_EDGE('',*,*,#1811,.T.);
#2584=ORIENTED_EDGE('',*,*,#1810,.T.);
#2585=ORIENTED_EDGE('',*,*,#1812,.F.);
#2586=ORIENTED_EDGE('',*,*,#1813,.F.);
#2587=ORIENTED_EDGE('',*,*,#1814,.T.);
#2588=ORIENTED_EDGE('',*,*,#1813,.T.);
#2589=ORIENTED_EDGE('',*,*,#1815,.F.);
#2590=ORIENTED_EDGE('',*,*,#1816,.F.);
#2591=ORIENTED_EDGE('',*,*,#1817,.T.);
#2592=ORIENTED_EDGE('',*,*,#1816,.T.);
#2593=ORIENTED_EDGE('',*,*,#1818,.F.);
#2594=ORIENTED_EDGE('',*,*,#1796,.F.);
#2595=ORIENTED_EDGE('',*,*,#1818,.T.);
#2596=ORIENTED_EDGE('',*,*,#1815,.T.);
#2597=ORIENTED_EDGE('',*,*,#1812,.T.);
#2598=ORIENTED_EDGE('',*,*,#1809,.T.);
#2599=ORIENTED_EDGE('',*,*,#1806,.T.);
#2600=ORIENTED_EDGE('',*,*,#1803,.T.);
#2601=ORIENTED_EDGE('',*,*,#1800,.T.);
#2602=ORIENTED_EDGE('',*,*,#1797,.T.);
#2603=ORIENTED_EDGE('',*,*,#1817,.F.);
#2604=ORIENTED_EDGE('',*,*,#1795,.F.);
#2605=ORIENTED_EDGE('',*,*,#1799,.F.);
#2606=ORIENTED_EDGE('',*,*,#1802,.F.);
#2607=ORIENTED_EDGE('',*,*,#1805,.F.);
#2608=ORIENTED_EDGE('',*,*,#1808,.F.);
#2609=ORIENTED_EDGE('',*,*,#1811,.F.);
#2610=ORIENTED_EDGE('',*,*,#1814,.F.);
#2611=ORIENTED_EDGE('',*,*,#1819,.F.);
#2612=ORIENTED_EDGE('',*,*,#1820,.T.);
#2613=ORIENTED_EDGE('',*,*,#1821,.T.);
#2614=ORIENTED_EDGE('',*,*,#1822,.F.);
#2615=ORIENTED_EDGE('',*,*,#1823,.F.);
#2616=ORIENTED_EDGE('',*,*,#1824,.T.);
#2617=ORIENTED_EDGE('',*,*,#1825,.T.);
#2618=ORIENTED_EDGE('',*,*,#1820,.F.);
#2619=ORIENTED_EDGE('',*,*,#1826,.F.);
#2620=ORIENTED_EDGE('',*,*,#1827,.T.);
#2621=ORIENTED_EDGE('',*,*,#1828,.T.);
#2622=ORIENTED_EDGE('',*,*,#1824,.F.);
#2623=ORIENTED_EDGE('',*,*,#1829,.F.);
#2624=ORIENTED_EDGE('',*,*,#1830,.T.);
#2625=ORIENTED_EDGE('',*,*,#1831,.T.);
#2626=ORIENTED_EDGE('',*,*,#1827,.F.);
#2627=ORIENTED_EDGE('',*,*,#1832,.F.);
#2628=ORIENTED_EDGE('',*,*,#1833,.T.);
#2629=ORIENTED_EDGE('',*,*,#1834,.T.);
#2630=ORIENTED_EDGE('',*,*,#1830,.F.);
#2631=ORIENTED_EDGE('',*,*,#1835,.F.);
#2632=ORIENTED_EDGE('',*,*,#1836,.T.);
#2633=ORIENTED_EDGE('',*,*,#1837,.T.);
#2634=ORIENTED_EDGE('',*,*,#1833,.F.);
#2635=ORIENTED_EDGE('',*,*,#1838,.F.);
#2636=ORIENTED_EDGE('',*,*,#1839,.T.);
#2637=ORIENTED_EDGE('',*,*,#1840,.T.);
#2638=ORIENTED_EDGE('',*,*,#1836,.F.);
#2639=ORIENTED_EDGE('',*,*,#1841,.F.);
#2640=ORIENTED_EDGE('',*,*,#1822,.T.);
#2641=ORIENTED_EDGE('',*,*,#1842,.T.);
#2642=ORIENTED_EDGE('',*,*,#1839,.F.);
#2643=ORIENTED_EDGE('',*,*,#1842,.F.);
#2644=ORIENTED_EDGE('',*,*,#1821,.F.);
#2645=ORIENTED_EDGE('',*,*,#1825,.F.);
#2646=ORIENTED_EDGE('',*,*,#1828,.F.);
#2647=ORIENTED_EDGE('',*,*,#1831,.F.);
#2648=ORIENTED_EDGE('',*,*,#1834,.F.);
#2649=ORIENTED_EDGE('',*,*,#1837,.F.);
#2650=ORIENTED_EDGE('',*,*,#1840,.F.);
#2651=ORIENTED_EDGE('',*,*,#1841,.T.);
#2652=ORIENTED_EDGE('',*,*,#1838,.T.);
#2653=ORIENTED_EDGE('',*,*,#1835,.T.);
#2654=ORIENTED_EDGE('',*,*,#1832,.T.);
#2655=ORIENTED_EDGE('',*,*,#1829,.T.);
#2656=ORIENTED_EDGE('',*,*,#1826,.T.);
#2657=ORIENTED_EDGE('',*,*,#1823,.T.);
#2658=ORIENTED_EDGE('',*,*,#1819,.T.);
#2659=PLANE('',#2933);
#2660=PLANE('',#2934);
#2661=PLANE('',#2935);
#2662=PLANE('',#2936);
#2663=PLANE('',#2939);
#2664=PLANE('',#2942);
#2665=PLANE('',#2943);
#2666=PLANE('',#2946);
#2667=PLANE('',#2948);
#2668=PLANE('',#2968);
#2669=PLANE('',#2972);
#2670=PLANE('',#2975);
#2671=PLANE('',#2978);
#2672=PLANE('',#2981);
#2673=PLANE('',#2984);
#2674=PLANE('',#2987);
#2675=PLANE('',#2990);
#2676=PLANE('',#2993);
#2677=PLANE('',#2996);
#2678=PLANE('',#2999);
#2679=PLANE('',#3002);
#2680=PLANE('',#3005);
#2681=PLANE('',#3008);
#2682=PLANE('',#3009);
#2683=PLANE('',#3012);
#2684=PLANE('',#3015);
#2685=PLANE('',#3018);
#2686=PLANE('',#3021);
#2687=PLANE('',#3022);
#2688=PLANE('',#3023);
#2689=PLANE('',#3026);
#2690=PLANE('',#3029);
#2691=PLANE('',#3051);
#2692=PLANE('',#3054);
#2693=PLANE('',#3057);
#2694=PLANE('',#3078);
#2695=PLANE('',#3081);
#2696=PLANE('',#3084);
#2697=PLANE('',#3087);
#2698=PLANE('',#3090);
#2699=PLANE('',#3091);
#2700=PLANE('',#3094);
#2701=PLANE('',#3097);
#2702=PLANE('',#3098);
#2703=PLANE('',#3100);
#2704=PLANE('',#3101);
#2705=PLANE('',#3103);
#2706=PLANE('',#3104);
#2707=PLANE('',#3105);
#2708=PLANE('',#3106);
#2709=PLANE('',#3107);
#2710=PLANE('',#3108);
#2711=PLANE('',#3109);
#2712=PLANE('',#3110);
#2713=PLANE('',#3111);
#2714=PLANE('',#3112);
#2715=PLANE('',#3113);
#2716=PLANE('',#3114);
#2717=PLANE('',#3115);
#2718=PLANE('',#3116);
#2719=PLANE('',#3120);
#2720=PLANE('',#3124);
#2721=PLANE('',#3126);
#2722=PLANE('',#3129);
#2723=PLANE('',#3131);
#2724=PLANE('',#3132);
#2725=PLANE('',#3133);
#2726=PLANE('',#3134);
#2727=PLANE('',#3135);
#2728=PLANE('',#3136);
#2729=PLANE('',#3143);
#2730=PLANE('',#3146);
#2731=PLANE('',#3147);
#2732=PLANE('',#3150);
#2733=PLANE('',#3153);
#2734=PLANE('',#3154);
#2735=PLANE('',#3155);
#2736=PLANE('',#3156);
#2737=PLANE('',#3160);
#2738=PLANE('',#3161);
#2739=PLANE('',#3162);
#2740=PLANE('',#3166);
#2741=PLANE('',#3167);
#2742=PLANE('',#3168);
#2743=PLANE('',#3169);
#2744=PLANE('',#3170);
#2745=PLANE('',#3174);
#2746=PLANE('',#3175);
#2747=PLANE('',#3176);
#2748=PLANE('',#3180);
#2749=PLANE('',#3181);
#2750=PLANE('',#3182);
#2751=ADVANCED_FACE('',(#265),#2659,.F.);
#2752=ADVANCED_FACE('',(#266),#2660,.F.);
#2753=ADVANCED_FACE('',(#267),#2661,.F.);
#2754=ADVANCED_FACE('',(#268),#2662,.T.);
#2755=ADVANCED_FACE('',(#269),#2663,.T.);
#2756=ADVANCED_FACE('',(#270),#2664,.F.);
#2757=ADVANCED_FACE('',(#271),#2665,.T.);
#2758=ADVANCED_FACE('',(#272),#54,.F.);
#2759=ADVANCED_FACE('',(#273),#2666,.T.);
#2760=ADVANCED_FACE('',(#274,#46,#47,#48),#2667,.F.);
#2761=ADVANCED_FACE('',(#275),#55,.T.);
#2762=ADVANCED_FACE('',(#276),#2668,.T.);
#2763=ADVANCED_FACE('',(#277),#56,.T.);
#2764=ADVANCED_FACE('',(#278),#2669,.T.);
#2765=ADVANCED_FACE('',(#279),#57,.F.);
#2766=ADVANCED_FACE('',(#280),#2670,.T.);
#2767=ADVANCED_FACE('',(#281),#58,.F.);
#2768=ADVANCED_FACE('',(#282),#2671,.T.);
#2769=ADVANCED_FACE('',(#283),#59,.F.);
#2770=ADVANCED_FACE('',(#284),#2672,.T.);
#2771=ADVANCED_FACE('',(#285),#60,.F.);
#2772=ADVANCED_FACE('',(#286),#2673,.T.);
#2773=ADVANCED_FACE('',(#287),#61,.F.);
#2774=ADVANCED_FACE('',(#288),#2674,.T.);
#2775=ADVANCED_FACE('',(#289),#62,.F.);
#2776=ADVANCED_FACE('',(#290),#2675,.T.);
#2777=ADVANCED_FACE('',(#291),#63,.F.);
#2778=ADVANCED_FACE('',(#292),#2676,.T.);
#2779=ADVANCED_FACE('',(#293),#64,.F.);
#2780=ADVANCED_FACE('',(#294),#2677,.T.);
#2781=ADVANCED_FACE('',(#295),#65,.F.);
#2782=ADVANCED_FACE('',(#296),#2678,.T.);
#2783=ADVANCED_FACE('',(#297),#66,.F.);
#2784=ADVANCED_FACE('',(#298),#2679,.T.);
#2785=ADVANCED_FACE('',(#299),#67,.F.);
#2786=ADVANCED_FACE('',(#300),#2680,.T.);
#2787=ADVANCED_FACE('',(#301),#68,.F.);
#2788=ADVANCED_FACE('',(#302),#2681,.T.);
#2789=ADVANCED_FACE('',(#303),#2682,.T.);
#2790=ADVANCED_FACE('',(#304),#69,.T.);
#2791=ADVANCED_FACE('',(#305),#2683,.T.);
#2792=ADVANCED_FACE('',(#306),#70,.T.);
#2793=ADVANCED_FACE('',(#307),#2684,.T.);
#2794=ADVANCED_FACE('',(#308),#71,.F.);
#2795=ADVANCED_FACE('',(#309),#2685,.T.);
#2796=ADVANCED_FACE('',(#310),#72,.F.);
#2797=ADVANCED_FACE('',(#311),#2686,.T.);
#2798=ADVANCED_FACE('',(#312),#2687,.T.);
#2799=ADVANCED_FACE('',(#313),#2688,.T.);
#2800=ADVANCED_FACE('',(#314),#73,.F.);
#2801=ADVANCED_FACE('',(#315),#2689,.T.);
#2802=ADVANCED_FACE('',(#316),#74,.F.);
#2803=ADVANCED_FACE('',(#317,#49,#50,#51),#2690,.T.);
#2804=ADVANCED_FACE('',(#318),#75,.F.);
#2805=ADVANCED_FACE('',(#319),#33,.F.);
#2806=ADVANCED_FACE('',(#320),#76,.T.);
#2807=ADVANCED_FACE('',(#321),#34,.F.);
#2808=ADVANCED_FACE('',(#322),#77,.T.);
#2809=ADVANCED_FACE('',(#323),#35,.F.);
#2810=ADVANCED_FACE('',(#324),#78,.T.);
#2811=ADVANCED_FACE('',(#325),#36,.F.);
#2812=ADVANCED_FACE('',(#326),#79,.T.);
#2813=ADVANCED_FACE('',(#327),#2691,.T.);
#2814=ADVANCED_FACE('',(#328),#80,.T.);
#2815=ADVANCED_FACE('',(#329),#2692,.T.);
#2816=ADVANCED_FACE('',(#330),#81,.T.);
#2817=ADVANCED_FACE('',(#331),#2693,.T.);
#2818=ADVANCED_FACE('',(#332),#37,.F.);
#2819=ADVANCED_FACE('',(#333),#82,.T.);
#2820=ADVANCED_FACE('',(#334),#38,.F.);
#2821=ADVANCED_FACE('',(#335),#83,.T.);
#2822=ADVANCED_FACE('',(#336),#39,.F.);
#2823=ADVANCED_FACE('',(#337),#84,.T.);
#2824=ADVANCED_FACE('',(#338),#40,.F.);
#2825=ADVANCED_FACE('',(#339),#85,.T.);
#2826=ADVANCED_FACE('',(#340),#2694,.T.);
#2827=ADVANCED_FACE('',(#341),#86,.T.);
#2828=ADVANCED_FACE('',(#342),#2695,.T.);
#2829=ADVANCED_FACE('',(#343),#87,.T.);
#2830=ADVANCED_FACE('',(#344),#2696,.T.);
#2831=ADVANCED_FACE('',(#345),#88,.T.);
#2832=ADVANCED_FACE('',(#346),#2697,.T.);
#2833=ADVANCED_FACE('',(#347),#89,.T.);
#2834=ADVANCED_FACE('',(#348),#2698,.T.);
#2835=ADVANCED_FACE('',(#349),#2699,.T.);
#2836=ADVANCED_FACE('',(#350),#90,.T.);
#2837=ADVANCED_FACE('',(#351),#2700,.T.);
#2838=ADVANCED_FACE('',(#352),#91,.T.);
#2839=ADVANCED_FACE('',(#353),#2701,.F.);
#2840=ADVANCED_FACE('',(#354),#2702,.F.);
#2841=ADVANCED_FACE('',(#355),#2703,.F.);
#2842=ADVANCED_FACE('',(#356),#2704,.F.);
#2843=ADVANCED_FACE('',(#357),#2705,.T.);
#2844=ADVANCED_FACE('',(#358),#2706,.T.);
#2845=ADVANCED_FACE('',(#359),#2707,.T.);
#2846=ADVANCED_FACE('',(#360),#2708,.T.);
#2847=ADVANCED_FACE('',(#361),#2709,.T.);
#2848=ADVANCED_FACE('',(#362),#2710,.T.);
#2849=ADVANCED_FACE('',(#363),#2711,.T.);
#2850=ADVANCED_FACE('',(#364),#2712,.T.);
#2851=ADVANCED_FACE('',(#365),#2713,.T.);
#2852=ADVANCED_FACE('',(#366),#2714,.F.);
#2853=ADVANCED_FACE('',(#367),#2715,.F.);
#2854=ADVANCED_FACE('',(#368),#2716,.F.);
#2855=ADVANCED_FACE('',(#369),#2717,.F.);
#2856=ADVANCED_FACE('',(#370),#2718,.T.);
#2857=ADVANCED_FACE('',(#371),#92,.T.);
#2858=ADVANCED_FACE('',(#372,#52,#53),#2719,.T.);
#2859=ADVANCED_FACE('',(#373),#2720,.T.);
#2860=ADVANCED_FACE('',(#374),#93,.F.);
#2861=ADVANCED_FACE('',(#375),#2721,.T.);
#2862=ADVANCED_FACE('',(#376),#94,.T.);
#2863=ADVANCED_FACE('',(#377),#2722,.F.);
#2864=ADVANCED_FACE('',(#378),#95,.F.);
#2865=ADVANCED_FACE('',(#379),#2723,.F.);
#2866=ADVANCED_FACE('',(#380),#2724,.F.);
#2867=ADVANCED_FACE('',(#381),#2725,.T.);
#2868=ADVANCED_FACE('',(#382),#2726,.T.);
#2869=ADVANCED_FACE('',(#383),#2727,.T.);
#2870=ADVANCED_FACE('',(#384),#2728,.T.);
#2871=ADVANCED_FACE('',(#385),#96,.T.);
#2872=ADVANCED_FACE('',(#386),#97,.T.);
#2873=ADVANCED_FACE('',(#387),#98,.T.);
#2874=ADVANCED_FACE('',(#388),#99,.T.);
#2875=ADVANCED_FACE('',(#389),#17,.F.);
#2876=ADVANCED_FACE('',(#390),#18,.F.);
#2877=ADVANCED_FACE('',(#391),#19,.F.);
#2878=ADVANCED_FACE('',(#392),#20,.F.);
#2879=ADVANCED_FACE('',(#393),#13,.T.);
#2880=ADVANCED_FACE('',(#394),#2729,.T.);
#2881=ADVANCED_FACE('',(#395),#14,.T.);
#2882=ADVANCED_FACE('',(#396),#2730,.T.);
#2883=ADVANCED_FACE('',(#397),#2731,.T.);
#2884=ADVANCED_FACE('',(#398),#15,.T.);
#2885=ADVANCED_FACE('',(#399),#2732,.T.);
#2886=ADVANCED_FACE('',(#400),#16,.T.);
#2887=ADVANCED_FACE('',(#401),#2733,.T.);
#2888=ADVANCED_FACE('',(#402),#2734,.F.);
#2889=ADVANCED_FACE('',(#403),#2735,.T.);
#2890=ADVANCED_FACE('',(#404),#2736,.T.);
#2891=ADVANCED_FACE('',(#405),#100,.F.);
#2892=ADVANCED_FACE('',(#406),#2737,.T.);
#2893=ADVANCED_FACE('',(#407),#2738,.T.);
#2894=ADVANCED_FACE('',(#408),#2739,.T.);
#2895=ADVANCED_FACE('',(#409),#101,.T.);
#2896=ADVANCED_FACE('',(#410),#2740,.T.);
#2897=ADVANCED_FACE('',(#411),#2741,.T.);
#2898=ADVANCED_FACE('',(#412),#2742,.F.);
#2899=ADVANCED_FACE('',(#413),#2743,.F.);
#2900=ADVANCED_FACE('',(#414),#2744,.F.);
#2901=ADVANCED_FACE('',(#415),#102,.F.);
#2902=ADVANCED_FACE('',(#416),#2745,.F.);
#2903=ADVANCED_FACE('',(#417),#2746,.F.);
#2904=ADVANCED_FACE('',(#418),#2747,.F.);
#2905=ADVANCED_FACE('',(#419),#103,.T.);
#2906=ADVANCED_FACE('',(#420),#2748,.F.);
#2907=ADVANCED_FACE('',(#421),#2749,.F.);
#2908=ADVANCED_FACE('',(#422),#2750,.T.);
#2909=CLOSED_SHELL('',(#2751,#2752,#2753,#2754,#2755,#2756,#2757,#2758,
#2759,#2760,#2761,#2762,#2763,#2764,#2765,#2766,#2767,#2768,#2769,#2770,
#2771,#2772,#2773,#2774,#2775,#2776,#2777,#2778,#2779,#2780,#2781,#2782,
#2783,#2784,#2785,#2786,#2787,#2788,#2789,#2790,#2791,#2792,#2793,#2794,
#2795,#2796,#2797,#2798,#2799,#2800,#2801,#2802,#2803,#2804));
#2910=CLOSED_SHELL('',(#2805,#2806,#2807,#2808,#2809,#2810,#2811,#2812,
#2813,#2814,#2815,#2816,#2817,#2818,#2819,#2820,#2821,#2822,#2823,#2824,
#2825,#2826,#2827,#2828,#2829,#2830,#2831,#2832,#2833,#2834,#2835,#2836,
#2837,#2838,#2839,#2840,#2841,#2842,#2843,#2844,#2845,#2846,#2847,#2848,
#2849,#2850,#2851,#2852,#2853,#2854,#2855,#2856,#2857,#2858,#2859,#2860,
#2861,#2862,#2863,#2864,#2865,#2866,#2867,#2868,#2869,#2870));
#2911=CLOSED_SHELL('',(#2871,#2872,#2873,#2874,#2875,#2876,#2877,#2878,
#2879,#2880,#2881,#2882,#2883,#2884,#2885,#2886,#2887,#2888));
#2912=CLOSED_SHELL('',(#2889,#2890,#2891,#2892,#2893,#2894,#2895,#2896,
#2897,#2898));
#2913=CLOSED_SHELL('',(#2899,#2900,#2901,#2902,#2903,#2904,#2905,#2906,
#2907,#2908));
#2914=DERIVED_UNIT_ELEMENT(#2916,1.);
#2915=DERIVED_UNIT_ELEMENT(#5155,3.);
#2916=(
MASS_UNIT()
NAMED_UNIT(*)
SI_UNIT($,.GRAM.)
);
#2917=DERIVED_UNIT((#2914,#2915));
#2918=MEASURE_REPRESENTATION_ITEM('density measure',
POSITIVE_RATIO_MEASURE(1.),#2917);
#2919=PROPERTY_DEFINITION_REPRESENTATION(#2924,#2921);
#2920=PROPERTY_DEFINITION_REPRESENTATION(#2925,#2922);
#2921=REPRESENTATION('material name',(#2923),#5152);
#2922=REPRESENTATION('density',(#2918),#5152);
#2923=DESCRIPTIVE_REPRESENTATION_ITEM('Generic','Generic');
#2924=PROPERTY_DEFINITION('material property','material name',#5162);
#2925=PROPERTY_DEFINITION('material property','density of part',#5162);
#2926=DATE_TIME_ROLE('creation_date');
#2927=APPLIED_DATE_AND_TIME_ASSIGNMENT(#2928,#2926,(#5162));
#2928=DATE_AND_TIME(#2929,#2930);
#2929=CALENDAR_DATE(2024,4,12);
#2930=LOCAL_TIME(12,16,19.,#2931);
#2931=COORDINATED_UNIVERSAL_TIME_OFFSET(0,0,.BEHIND.);
#2932=AXIS2_PLACEMENT_3D('placement',#3977,#3183,#3184);
#2933=AXIS2_PLACEMENT_3D('',#3978,#3185,#3186);
#2934=AXIS2_PLACEMENT_3D('',#3987,#3191,#3192);
#2935=AXIS2_PLACEMENT_3D('',#3996,#3197,#3198);
#2936=AXIS2_PLACEMENT_3D('',#4002,#3202,#3203);
#2937=AXIS2_PLACEMENT_3D('',#4006,#3205,#3206);
#2938=AXIS2_PLACEMENT_3D('',#4013,#3210,#3211);
#2939=AXIS2_PLACEMENT_3D('',#4014,#3212,#3213);
#2940=AXIS2_PLACEMENT_3D('',#4018,#3215,#3216);
#2941=AXIS2_PLACEMENT_3D('',#4026,#3220,#3221);
#2942=AXIS2_PLACEMENT_3D('',#4028,#3223,#3224);
#2943=AXIS2_PLACEMENT_3D('',#4032,#3227,#3228);
#2944=AXIS2_PLACEMENT_3D('',#4036,#3231,#3232);
#2945=AXIS2_PLACEMENT_3D('',#4039,#3234,#3235);
#2946=AXIS2_PLACEMENT_3D('',#4040,#3236,#3237);
#2947=AXIS2_PLACEMENT_3D('',#4047,#3241,#3242);
#2948=AXIS2_PLACEMENT_3D('',#4048,#3243,#3244);
#2949=AXIS2_PLACEMENT_3D('',#4050,#3245,#3246);
#2950=AXIS2_PLACEMENT_3D('',#4054,#3248,#3249);
#2951=AXIS2_PLACEMENT_3D('',#4058,#3251,#3252);
#2952=AXIS2_PLACEMENT_3D('',#4061,#3254,#3255);
#2953=AXIS2_PLACEMENT_3D('',#4069,#3259,#3260);
#2954=AXIS2_PLACEMENT_3D('',#4077,#3264,#3265);
#2955=AXIS2_PLACEMENT_3D('',#4083,#3268,#3269);
#2956=AXIS2_PLACEMENT_3D('',#4087,#3271,#3272);
#2957=AXIS2_PLACEMENT_3D('',#4091,#3274,#3275);
#2958=AXIS2_PLACEMENT_3D('',#4094,#3277,#3278);
#2959=AXIS2_PLACEMENT_3D('',#4099,#3280,#3281);
#2960=AXIS2_PLACEMENT_3D('',#4103,#3283,#3284);
#2961=AXIS2_PLACEMENT_3D('',#4107,#3286,#3287);
#2962=AXIS2_PLACEMENT_3D('',#4110,#3289,#3290);
#2963=AXIS2_PLACEMENT_3D('',#4115,#3292,#3293);
#2964=AXIS2_PLACEMENT_3D('',#4119,#3295,#3296);
#2965=AXIS2_PLACEMENT_3D('',#4123,#3298,#3299);
#2966=AXIS2_PLACEMENT_3D('',#4126,#3301,#3302);
#2967=AXIS2_PLACEMENT_3D('',#4127,#3303,#3304);
#2968=AXIS2_PLACEMENT_3D('',#4129,#3306,#3307);
#2969=AXIS2_PLACEMENT_3D('',#4133,#3309,#3310);
#2970=AXIS2_PLACEMENT_3D('',#4137,#3313,#3314);
#2971=AXIS2_PLACEMENT_3D('',#4138,#3315,#3316);
#2972=AXIS2_PLACEMENT_3D('',#4141,#3319,#3320);
#2973=AXIS2_PLACEMENT_3D('',#4142,#3321,#3322);
#2974=AXIS2_PLACEMENT_3D('',#4145,#3323,#3324);
#2975=AXIS2_PLACEMENT_3D('',#4148,#3327,#3328);
#2976=AXIS2_PLACEMENT_3D('',#4152,#3331,#3332);
#2977=AXIS2_PLACEMENT_3D('',#4154,#3333,#3334);
#2978=AXIS2_PLACEMENT_3D('',#4156,#3336,#3337);
#2979=AXIS2_PLACEMENT_3D('',#4160,#3340,#3341);
#2980=AXIS2_PLACEMENT_3D('',#4162,#3342,#3343);
#2981=AXIS2_PLACEMENT_3D('',#4164,#3345,#3346);
#2982=AXIS2_PLACEMENT_3D('',#4168,#3349,#3350);
#2983=AXIS2_PLACEMENT_3D('',#4170,#3351,#3352);
#2984=AXIS2_PLACEMENT_3D('',#4172,#3354,#3355);
#2985=AXIS2_PLACEMENT_3D('',#4174,#3357,#3358);
#2986=AXIS2_PLACEMENT_3D('',#4177,#3359,#3360);
#2987=AXIS2_PLACEMENT_3D('',#4180,#3363,#3364);
#2988=AXIS2_PLACEMENT_3D('',#4184,#3367,#3368);
#2989=AXIS2_PLACEMENT_3D('',#4186,#3369,#3370);
#2990=AXIS2_PLACEMENT_3D('',#4188,#3372,#3373);
#2991=AXIS2_PLACEMENT_3D('',#4192,#3376,#3377);
#2992=AXIS2_PLACEMENT_3D('',#4194,#3378,#3379);
#2993=AXIS2_PLACEMENT_3D('',#4196,#3381,#3382);
#2994=AXIS2_PLACEMENT_3D('',#4200,#3385,#3386);
#2995=AXIS2_PLACEMENT_3D('',#4202,#3387,#3388);
#2996=AXIS2_PLACEMENT_3D('',#4204,#3390,#3391);
#2997=AXIS2_PLACEMENT_3D('',#4206,#3393,#3394);
#2998=AXIS2_PLACEMENT_3D('',#4209,#3395,#3396);
#2999=AXIS2_PLACEMENT_3D('',#4212,#3399,#3400);
#3000=AXIS2_PLACEMENT_3D('',#4216,#3403,#3404);
#3001=AXIS2_PLACEMENT_3D('',#4218,#3405,#3406);
#3002=AXIS2_PLACEMENT_3D('',#4220,#3408,#3409);
#3003=AXIS2_PLACEMENT_3D('',#4224,#3412,#3413);
#3004=AXIS2_PLACEMENT_3D('',#4226,#3414,#3415);
#3005=AXIS2_PLACEMENT_3D('',#4228,#3417,#3418);
#3006=AXIS2_PLACEMENT_3D('',#4232,#3421,#3422);
#3007=AXIS2_PLACEMENT_3D('',#4234,#3423,#3424);
#3008=AXIS2_PLACEMENT_3D('',#4236,#3426,#3427);
#3009=AXIS2_PLACEMENT_3D('',#4238,#3429,#3430);
#3010=AXIS2_PLACEMENT_3D('',#4244,#3434,#3435);
#3011=AXIS2_PLACEMENT_3D('',#4246,#3436,#3437);
#3012=AXIS2_PLACEMENT_3D('',#4248,#3439,#3440);
#3013=AXIS2_PLACEMENT_3D('',#4252,#3443,#3444);
#3014=AXIS2_PLACEMENT_3D('',#4254,#3445,#3446);
#3015=AXIS2_PLACEMENT_3D('',#4256,#3448,#3449);
#3016=AXIS2_PLACEMENT_3D('',#4260,#3452,#3453);
#3017=AXIS2_PLACEMENT_3D('',#4261,#3454,#3455);
#3018=AXIS2_PLACEMENT_3D('',#4262,#3456,#3457);
#3019=AXIS2_PLACEMENT_3D('',#4266,#3460,#3461);
#3020=AXIS2_PLACEMENT_3D('',#4268,#3462,#3463);
#3021=AXIS2_PLACEMENT_3D('',#4270,#3465,#3466);
#3022=AXIS2_PLACEMENT_3D('',#4274,#3469,#3470);
#3023=AXIS2_PLACEMENT_3D('',#4278,#3473,#3474);
#3024=AXIS2_PLACEMENT_3D('',#4282,#3477,#3478);
#3025=AXIS2_PLACEMENT_3D('',#4284,#3479,#3480);
#3026=AXIS2_PLACEMENT_3D('',#4286,#3482,#3483);
#3027=AXIS2_PLACEMENT_3D('',#4288,#3485,#3486);
#3028=AXIS2_PLACEMENT_3D('',#4289,#3487,#3488);
#3029=AXIS2_PLACEMENT_3D('',#4290,#3489,#3490);
#3030=AXIS2_PLACEMENT_3D('',#4291,#3491,#3492);
#3031=AXIS2_PLACEMENT_3D('',#4303,#3493,#3494);
#3032=AXIS2_PLACEMENT_3D('',#4305,#3495,#3496);
#3033=AXIS2_PLACEMENT_3D('',#4307,#3497,#3498);
#3034=AXIS2_PLACEMENT_3D('',#4308,#3499,#3500);
#3035=AXIS2_PLACEMENT_3D('',#4309,#3501,#3502);
#3036=AXIS2_PLACEMENT_3D('',#4312,#3503,#3504);
#3037=AXIS2_PLACEMENT_3D('',#4326,#3507,#3508);
#3038=AXIS2_PLACEMENT_3D('',#4327,#3509,#3510);
#3039=AXIS2_PLACEMENT_3D('',#4328,#3511,#3512);
#3040=AXIS2_PLACEMENT_3D('',#4329,#3513,#3514);
#3041=AXIS2_PLACEMENT_3D('',#4332,#3515,#3516);
#3042=AXIS2_PLACEMENT_3D('',#4346,#3519,#3520);
#3043=AXIS2_PLACEMENT_3D('',#4347,#3521,#3522);
#3044=AXIS2_PLACEMENT_3D('',#4348,#3523,#3524);
#3045=AXIS2_PLACEMENT_3D('',#4349,#3525,#3526);
#3046=AXIS2_PLACEMENT_3D('',#4352,#3527,#3528);
#3047=AXIS2_PLACEMENT_3D('',#4366,#3531,#3532);
#3048=AXIS2_PLACEMENT_3D('',#4367,#3533,#3534);
#3049=AXIS2_PLACEMENT_3D('',#4368,#3535,#3536);
#3050=AXIS2_PLACEMENT_3D('',#4369,#3537,#3538);
#3051=AXIS2_PLACEMENT_3D('',#4372,#3541,#3542);
#3052=AXIS2_PLACEMENT_3D('',#4378,#3546,#3547);
#3053=AXIS2_PLACEMENT_3D('',#4381,#3549,#3550);
#3054=AXIS2_PLACEMENT_3D('',#4382,#3551,#3552);
#3055=AXIS2_PLACEMENT_3D('',#4386,#3555,#3556);
#3056=AXIS2_PLACEMENT_3D('',#4389,#3558,#3559);
#3057=AXIS2_PLACEMENT_3D('',#4390,#3560,#3561);
#3058=AXIS2_PLACEMENT_3D('',#4402,#3562,#3563);
#3059=AXIS2_PLACEMENT_3D('',#4404,#3564,#3565);
#3060=AXIS2_PLACEMENT_3D('',#4406,#3566,#3567);
#3061=AXIS2_PLACEMENT_3D('',#4407,#3568,#3569);
#3062=AXIS2_PLACEMENT_3D('',#4408,#3570,#3571);
#3063=AXIS2_PLACEMENT_3D('',#4411,#3572,#3573);
#3064=AXIS2_PLACEMENT_3D('',#4425,#3576,#3577);
#3065=AXIS2_PLACEMENT_3D('',#4426,#3578,#3579);
#3066=AXIS2_PLACEMENT_3D('',#4427,#3580,#3581);
#3067=AXIS2_PLACEMENT_3D('',#4428,#3582,#3583);
#3068=AXIS2_PLACEMENT_3D('',#4431,#3584,#3585);
#3069=AXIS2_PLACEMENT_3D('',#4445,#3588,#3589);
#3070=AXIS2_PLACEMENT_3D('',#4446,#3590,#3591);
#3071=AXIS2_PLACEMENT_3D('',#4447,#3592,#3593);
#3072=AXIS2_PLACEMENT_3D('',#4448,#3594,#3595);
#3073=AXIS2_PLACEMENT_3D('',#4451,#3596,#3597);
#3074=AXIS2_PLACEMENT_3D('',#4465,#3600,#3601);
#3075=AXIS2_PLACEMENT_3D('',#4466,#3602,#3603);
#3076=AXIS2_PLACEMENT_3D('',#4467,#3604,#3605);
#3077=AXIS2_PLACEMENT_3D('',#4468,#3606,#3607);
#3078=AXIS2_PLACEMENT_3D('',#4471,#3610,#3611);
#3079=AXIS2_PLACEMENT_3D('',#4477,#3615,#3616);
#3080=AXIS2_PLACEMENT_3D('',#4480,#3618,#3619);
#3081=AXIS2_PLACEMENT_3D('',#4481,#3620,#3621);
#3082=AXIS2_PLACEMENT_3D('',#4485,#3624,#3625);
#3083=AXIS2_PLACEMENT_3D('',#4488,#3627,#3628);
#3084=AXIS2_PLACEMENT_3D('',#4489,#3629,#3630);
#3085=AXIS2_PLACEMENT_3D('',#4490,#3631,#3632);
#3086=AXIS2_PLACEMENT_3D('',#4492,#3633,#3634);
#3087=AXIS2_PLACEMENT_3D('',#4494,#3636,#3637);
#3088=AXIS2_PLACEMENT_3D('',#4498,#3640,#3641);
#3089=AXIS2_PLACEMENT_3D('',#4501,#3643,#3644);
#3090=AXIS2_PLACEMENT_3D('',#4502,#3645,#3646);
#3091=AXIS2_PLACEMENT_3D('',#4504,#3648,#3649);
#3092=AXIS2_PLACEMENT_3D('',#4508,#3652,#3653);
#3093=AXIS2_PLACEMENT_3D('',#4511,#3655,#3656);
#3094=AXIS2_PLACEMENT_3D('',#4512,#3657,#3658);
#3095=AXIS2_PLACEMENT_3D('',#4516,#3661,#3662);
#3096=AXIS2_PLACEMENT_3D('',#4517,#3663,#3664);
#3097=AXIS2_PLACEMENT_3D('',#4518,#3665,#3666);
#3098=AXIS2_PLACEMENT_3D('',#4527,#3671,#3672);
#3099=AXIS2_PLACEMENT_3D('',#4532,#3674,#3675);
#3100=AXIS2_PLACEMENT_3D('',#4535,#3678,#3679);
#3101=AXIS2_PLACEMENT_3D('',#4544,#3684,#3685);
#3102=AXIS2_PLACEMENT_3D('',#4547,#3686,#3687);
#3103=AXIS2_PLACEMENT_3D('',#4552,#3691,#3692);
#3104=AXIS2_PLACEMENT_3D('',#4571,#3703,#3704);
#3105=AXIS2_PLACEMENT_3D('',#4580,#3709,#3710);
#3106=AXIS2_PLACEMENT_3D('',#4586,#3714,#3715);
#3107=AXIS2_PLACEMENT_3D('',#4592,#3719,#3720);
#3108=AXIS2_PLACEMENT_3D('',#4594,#3722,#3723);
#3109=AXIS2_PLACEMENT_3D('',#4603,#3728,#3729);
#3110=AXIS2_PLACEMENT_3D('',#4612,#3734,#3735);
#3111=AXIS2_PLACEMENT_3D('',#4615,#3738,#3739);
#3112=AXIS2_PLACEMENT_3D('',#4617,#3741,#3742);
#3113=AXIS2_PLACEMENT_3D('',#4622,#3746,#3747);
#3114=AXIS2_PLACEMENT_3D('',#4626,#3750,#3751);
#3115=AXIS2_PLACEMENT_3D('',#4631,#3755,#3756);
#3116=AXIS2_PLACEMENT_3D('',#4635,#3759,#3760);
#3117=AXIS2_PLACEMENT_3D('',#4645,#3766,#3767);
#3118=AXIS2_PLACEMENT_3D('',#4647,#3768,#3769);
#3119=AXIS2_PLACEMENT_3D('',#4649,#3770,#3771);
#3120=AXIS2_PLACEMENT_3D('',#4651,#3773,#3774);
#3121=AXIS2_PLACEMENT_3D('',#4653,#3775,#3776);
#3122=AXIS2_PLACEMENT_3D('',#4659,#3779,#3780);
#3123=AXIS2_PLACEMENT_3D('',#4667,#3784,#3785);
#3124=AXIS2_PLACEMENT_3D('',#4671,#3788,#3789);
#3125=AXIS2_PLACEMENT_3D('',#4674,#3792,#3793);
#3126=AXIS2_PLACEMENT_3D('',#4676,#3795,#3796);
#3127=AXIS2_PLACEMENT_3D('',#4678,#3798,#3799);
#3128=AXIS2_PLACEMENT_3D('',#4680,#3800,#3801);
#3129=AXIS2_PLACEMENT_3D('',#4682,#3803,#3804);
#3130=AXIS2_PLACEMENT_3D('',#4685,#3807,#3808);
#3131=AXIS2_PLACEMENT_3D('',#4687,#3810,#3811);
#3132=AXIS2_PLACEMENT_3D('',#4689,#3813,#3814);
#3133=AXIS2_PLACEMENT_3D('',#4690,#3815,#3816);
#3134=AXIS2_PLACEMENT_3D('',#4692,#3818,#3819);
#3135=AXIS2_PLACEMENT_3D('',#4693,#3820,#3821);
#3136=AXIS2_PLACEMENT_3D('',#4695,#3823,#3824);
#3137=AXIS2_PLACEMENT_3D('',#4696,#3825,#3826);
#3138=AXIS2_PLACEMENT_3D('',#4747,#3829,#3830);
#3139=AXIS2_PLACEMENT_3D('',#4797,#3833,#3834);
#3140=AXIS2_PLACEMENT_3D('',#4847,#3837,#3838);
#3141=AXIS2_PLACEMENT_3D('',#5016,#3841,#3842);
#3142=AXIS2_PLACEMENT_3D('',#5020,#3844,#3845);
#3143=AXIS2_PLACEMENT_3D('',#5022,#3847,#3848);
#3144=AXIS2_PLACEMENT_3D('',#5026,#3851,#3852);
#3145=AXIS2_PLACEMENT_3D('',#5029,#3854,#3855);
#3146=AXIS2_PLACEMENT_3D('',#5030,#3856,#3857);
#3147=AXIS2_PLACEMENT_3D('',#5034,#3860,#3861);
#3148=AXIS2_PLACEMENT_3D('',#5035,#3862,#3863);
#3149=AXIS2_PLACEMENT_3D('',#5038,#3865,#3866);
#3150=AXIS2_PLACEMENT_3D('',#5039,#3867,#3868);
#3151=AXIS2_PLACEMENT_3D('',#5043,#3871,#3872);
#3152=AXIS2_PLACEMENT_3D('',#5046,#3874,#3875);
#3153=AXIS2_PLACEMENT_3D('',#5047,#3876,#3877);
#3154=AXIS2_PLACEMENT_3D('',#5049,#3879,#3880);
#3155=AXIS2_PLACEMENT_3D('',#5050,#3881,#3882);
#3156=AXIS2_PLACEMENT_3D('',#5059,#3887,#3888);
#3157=AXIS2_PLACEMENT_3D('',#5065,#3892,#3893);
#3158=AXIS2_PLACEMENT_3D('',#5067,#3894,#3895);
#3159=AXIS2_PLACEMENT_3D('',#5069,#3896,#3897);
#3160=AXIS2_PLACEMENT_3D('',#5071,#3899,#3900);
#3161=AXIS2_PLACEMENT_3D('',#5077,#3904,#3905);
#3162=AXIS2_PLACEMENT_3D('',#5083,#3909,#3910);
#3163=AXIS2_PLACEMENT_3D('',#5089,#3914,#3915);
#3164=AXIS2_PLACEMENT_3D('',#5091,#3916,#3917);
#3165=AXIS2_PLACEMENT_3D('',#5093,#3918,#3919);
#3166=AXIS2_PLACEMENT_3D('',#5095,#3921,#3922);
#3167=AXIS2_PLACEMENT_3D('',#5098,#3925,#3926);
#3168=AXIS2_PLACEMENT_3D('',#5099,#3927,#3928);
#3169=AXIS2_PLACEMENT_3D('',#5100,#3929,#3930);
#3170=AXIS2_PLACEMENT_3D('',#5109,#3935,#3936);
#3171=AXIS2_PLACEMENT_3D('',#5115,#3940,#3941);
#3172=AXIS2_PLACEMENT_3D('',#5117,#3942,#3943);
#3173=AXIS2_PLACEMENT_3D('',#5120,#3945,#3946);
#3174=AXIS2_PLACEMENT_3D('',#5121,#3947,#3948);
#3175=AXIS2_PLACEMENT_3D('',#5127,#3952,#3953);
#3176=AXIS2_PLACEMENT_3D('',#5133,#3957,#3958);
#3177=AXIS2_PLACEMENT_3D('',#5139,#3962,#3963);
#3178=AXIS2_PLACEMENT_3D('',#5141,#3964,#3965);
#3179=AXIS2_PLACEMENT_3D('',#5144,#3967,#3968);
#3180=AXIS2_PLACEMENT_3D('',#5145,#3969,#3970);
#3181=AXIS2_PLACEMENT_3D('',#5148,#3973,#3974);
#3182=AXIS2_PLACEMENT_3D('',#5149,#3975,#3976);
#3183=DIRECTION('axis',(0.,0.,1.));
#3184=DIRECTION('refdir',(1.,0.,0.));
#3185=DIRECTION('center_axis',(0.,0.,1.));
#3186=DIRECTION('ref_axis',(1.,0.,0.));
#3187=DIRECTION('',(1.,8.42229352225852E-31,0.));
#3188=DIRECTION('',(0.,-1.,0.));
#3189=DIRECTION('',(-1.,1.61674871551148E-30,0.));
#3190=DIRECTION('',(0.,1.,0.));
#3191=DIRECTION('center_axis',(0.,0.,1.));
#3192=DIRECTION('ref_axis',(1.,0.,0.));
#3193=DIRECTION('',(0.,-1.,0.));
#3194=DIRECTION('',(-1.,-1.97602620784736E-30,0.));
#3195=DIRECTION('',(0.,1.,0.));
#3196=DIRECTION('',(1.,2.01402671184442E-31,0.));
#3197=DIRECTION('center_axis',(-1.,0.,-1.71512449944288E-15));
#3198=DIRECTION('ref_axis',(-1.71512449944288E-15,0.,1.));
#3199=DIRECTION('',(-1.71512449944288E-15,-1.15211823310158E-15,1.));
#3200=DIRECTION('',(0.,-1.,0.));
#3201=DIRECTION('',(1.71512449944288E-15,1.17427435296891E-16,-1.));
#3202=DIRECTION('center_axis',(-1.97602620784736E-30,1.,1.15211823310158E-15));
#3203=DIRECTION('ref_axis',(-1.71512449944288E-15,-1.15211823310158E-15,
1.));
#3204=DIRECTION('',(1.71512449944288E-15,1.15211823310158E-15,-1.));
#3205=DIRECTION('center_axis',(0.,-1.,0.));
#3206=DIRECTION('ref_axis',(0.,0.,1.));
#3207=DIRECTION('',(-1.,1.15211823310158E-15,0.));
#3208=DIRECTION('',(0.,0.,-1.));
#3209=DIRECTION('',(1.,-1.15211823310158E-15,0.));
#3210=DIRECTION('center_axis',(0.,1.,0.));
#3211=DIRECTION('ref_axis',(-1.,0.,-1.73472347597681E-15));
#3212=DIRECTION('center_axis',(1.61674871551148E-30,1.,9.42642190719473E-16));
#3213=DIRECTION('ref_axis',(-1.71512449944288E-15,9.42642190719473E-16,
-1.));
#3214=DIRECTION('',(-1.71512449944288E-15,9.42642190719473E-16,-1.));
#3215=DIRECTION('center_axis',(0.,1.,0.));
#3216=DIRECTION('ref_axis',(0.,0.,1.));
#3217=DIRECTION('',(1.,9.42642190719473E-16,0.));
#3218=DIRECTION('',(0.,0.,-1.));
#3219=DIRECTION('',(-1.,-9.42642190719473E-16,0.));
#3220=DIRECTION('center_axis',(0.,-1.,0.));
#3221=DIRECTION('ref_axis',(1.,0.,-1.69617406539954E-15));
#3222=DIRECTION('',(1.71512449944288E-15,-9.42642190719473E-16,1.));
#3223=DIRECTION('center_axis',(1.,0.,-1.71512449944288E-15));
#3224=DIRECTION('ref_axis',(-1.71512449944288E-15,0.,-1.));
#3225=DIRECTION('',(1.71512449944288E-15,4.9106018396882E-16,1.));
#3226=DIRECTION('',(0.,1.,0.));
#3227=DIRECTION('center_axis',(-1.,0.,-1.71512449944288E-15));
#3228=DIRECTION('ref_axis',(-1.71512449944288E-15,0.,1.));
#3229=DIRECTION('',(-1.71512449944288E-15,-1.17427435296891E-16,1.));
#3230=DIRECTION('',(0.,1.,0.));
#3231=DIRECTION('center_axis',(0.,-1.,0.));
#3232=DIRECTION('ref_axis',(0.,0.,1.));
#3233=DIRECTION('',(0.,-1.,0.));
#3234=DIRECTION('center_axis',(0.,-1.,0.));
#3235=DIRECTION('ref_axis',(0.,0.,1.));
#3236=DIRECTION('center_axis',(2.01402671184442E-31,-1.,-1.17427435296891E-16));
#3237=DIRECTION('ref_axis',(1.71512449944288E-15,1.17427435296891E-16,-1.));
#3238=DIRECTION('',(-1.,1.17427435296891E-16,0.));
#3239=DIRECTION('',(0.,0.,-1.));
#3240=DIRECTION('',(1.,-1.17427435296891E-16,0.));
#3241=DIRECTION('center_axis',(0.,1.,0.));
#3242=DIRECTION('ref_axis',(-1.,0.,-1.69617406539954E-15));
#3243=DIRECTION('center_axis',(0.,0.,1.));
#3244=DIRECTION('ref_axis',(1.,0.,0.));
#3245=DIRECTION('center_axis',(0.,0.,1.));
#3246=DIRECTION('ref_axis',(-4.4408920985006E-15,1.,0.));
#3247=DIRECTION('',(2.44005060357177E-16,1.,0.));
#3248=DIRECTION('center_axis',(0.,0.,-1.));
#3249=DIRECTION('ref_axis',(0.,1.,0.));
#3250=DIRECTION('',(1.,0.,0.));
#3251=DIRECTION('center_axis',(0.,0.,-1.));
#3252=DIRECTION('ref_axis',(1.,0.,0.));
#3253=DIRECTION('',(4.88010120714354E-16,-1.,0.));
#3254=DIRECTION('center_axis',(0.,0.,1.));
#3255=DIRECTION('ref_axis',(1.,4.44089209850062E-15,0.));
#3256=DIRECTION('',(0.,1.,0.));
#3257=DIRECTION('',(-1.,4.9106018396882E-16,0.));
#3258=DIRECTION('',(0.,1.,0.));
#3259=DIRECTION('center_axis',(0.,0.,1.));
#3260=DIRECTION('ref_axis',(-1.,0.,0.));
#3261=DIRECTION('',(0.,-1.,0.));
#3262=DIRECTION('',(-1.,0.,0.));
#3263=DIRECTION('',(0.,1.,0.));
#3264=DIRECTION('center_axis',(0.,0.,1.));
#3265=DIRECTION('ref_axis',(-1.,0.,0.));
#3266=DIRECTION('',(0.,-1.,0.));
#3267=DIRECTION('',(1.,0.,0.));
#3268=DIRECTION('center_axis',(0.,0.,1.));
#3269=DIRECTION('ref_axis',(0.,1.,0.));
#3270=DIRECTION('',(0.,1.,0.));
#3271=DIRECTION('center_axis',(0.,0.,1.));
#3272=DIRECTION('ref_axis',(-1.,0.,0.));
#3273=DIRECTION('',(-1.,0.,0.));
#3274=DIRECTION('center_axis',(0.,0.,1.));
#3275=DIRECTION('ref_axis',(0.,-1.,0.));
#3276=DIRECTION('',(0.,-1.,0.));
#3277=DIRECTION('center_axis',(0.,0.,1.));
#3278=DIRECTION('ref_axis',(1.,6.93889390390722E-16,0.));
#3279=DIRECTION('',(0.,1.,0.));
#3280=DIRECTION('center_axis',(0.,0.,1.));
#3281=DIRECTION('ref_axis',(-1.,-2.2204460492503E-15,0.));
#3282=DIRECTION('',(-1.,0.,0.));
#3283=DIRECTION('center_axis',(0.,0.,1.));
#3284=DIRECTION('ref_axis',(4.44089209850063E-15,-1.,0.));
#3285=DIRECTION('',(-2.22044604925031E-16,-1.,0.));
#3286=DIRECTION('center_axis',(0.,0.,1.));
#3287=DIRECTION('ref_axis',(1.,-1.11022302462516E-15,0.));
#3288=DIRECTION('',(1.,-5.55111512312578E-16,0.));
#3289=DIRECTION('center_axis',(0.,0.,1.));
#3290=DIRECTION('ref_axis',(-4.4408920985006E-15,1.,0.));
#3291=DIRECTION('',(1.,5.55111512312578E-16,0.));
#3292=DIRECTION('center_axis',(0.,0.,1.));
#3293=DIRECTION('ref_axis',(0.,1.,0.));
#3294=DIRECTION('',(-2.22044604925031E-16,1.,0.));
#3295=DIRECTION('center_axis',(0.,0.,1.));
#3296=DIRECTION('ref_axis',(-1.,2.22044604925032E-15,0.));
#3297=DIRECTION('',(-1.,0.,0.));
#3298=DIRECTION('center_axis',(0.,0.,1.));
#3299=DIRECTION('ref_axis',(4.44089209850061E-15,-1.,0.));
#3300=DIRECTION('',(0.,-1.,0.));
#3301=DIRECTION('center_axis',(0.,0.,1.));
#3302=DIRECTION('ref_axis',(1.,4.4408920985006E-15,0.));
#3303=DIRECTION('center_axis',(0.,-1.,0.));
#3304=DIRECTION('ref_axis',(0.,0.,1.));
#3305=DIRECTION('',(0.,1.,0.));
#3306=DIRECTION('center_axis',(8.42229352225852E-31,-1.,4.9106018396882E-16));
#3307=DIRECTION('ref_axis',(1.71512449944288E-15,4.9106018396882E-16,1.));
#3308=DIRECTION('',(-1.71512449944288E-15,-4.9106018396882E-16,-1.));
#3309=DIRECTION('center_axis',(0.,1.,0.));
#3310=DIRECTION('ref_axis',(0.,0.,1.));
#3311=DIRECTION('',(1.,-4.9106018396882E-16,0.));
#3312=DIRECTION('',(0.,0.,-1.));
#3313=DIRECTION('center_axis',(0.,-1.,0.));
#3314=DIRECTION('ref_axis',(1.,0.,-1.73472347597681E-15));
#3315=DIRECTION('center_axis',(0.,1.,0.));
#3316=DIRECTION('ref_axis',(0.,0.,1.));
#3317=DIRECTION('',(0.,-1.,0.));
#3318=DIRECTION('',(0.,-1.,0.));
#3319=DIRECTION('center_axis',(1.,0.,-1.71512449944288E-15));
#3320=DIRECTION('ref_axis',(-1.71512449944288E-15,0.,-1.));
#3321=DIRECTION('center_axis',(0.,0.,-1.));
#3322=DIRECTION('ref_axis',(1.,4.4408920985006E-15,0.));
#3323=DIRECTION('center_axis',(0.,0.,-1.));
#3324=DIRECTION('ref_axis',(1.,4.4408920985006E-15,0.));
#3325=DIRECTION('',(0.,0.,-1.));
#3326=DIRECTION('',(0.,0.,-1.));
#3327=DIRECTION('center_axis',(1.,0.,0.));
#3328=DIRECTION('ref_axis',(0.,-1.,0.));
#3329=DIRECTION('',(0.,1.,0.));
#3330=DIRECTION('',(0.,0.,-1.));
#3331=DIRECTION('center_axis',(0.,0.,-1.));
#3332=DIRECTION('ref_axis',(4.44089209850061E-15,-1.,0.));
#3333=DIRECTION('center_axis',(0.,0.,-1.));
#3334=DIRECTION('ref_axis',(4.44089209850061E-15,-1.,0.));
#3335=DIRECTION('',(0.,0.,-1.));
#3336=DIRECTION('center_axis',(0.,-1.,0.));
#3337=DIRECTION('ref_axis',(-1.,0.,0.));
#3338=DIRECTION('',(1.,0.,0.));
#3339=DIRECTION('',(0.,0.,-1.));
#3340=DIRECTION('center_axis',(0.,0.,-1.));
#3341=DIRECTION('ref_axis',(-1.,2.22044604925032E-15,0.));
#3342=DIRECTION('center_axis',(0.,0.,-1.));
#3343=DIRECTION('ref_axis',(-1.,2.22044604925032E-15,0.));
#3344=DIRECTION('',(0.,0.,-1.));
#3345=DIRECTION('center_axis',(-1.,-2.22044604925031E-16,0.));
#3346=DIRECTION('ref_axis',(-2.22044604925031E-16,1.,0.));
#3347=DIRECTION('',(2.22044604925031E-16,-1.,0.));
#3348=DIRECTION('',(0.,0.,-1.));
#3349=DIRECTION('center_axis',(0.,0.,-1.));
#3350=DIRECTION('ref_axis',(0.,1.,0.));
#3351=DIRECTION('center_axis',(0.,0.,-1.));
#3352=DIRECTION('ref_axis',(0.,1.,0.));
#3353=DIRECTION('',(0.,0.,-1.));
#3354=DIRECTION('center_axis',(-5.55111512312578E-16,1.,0.));
#3355=DIRECTION('ref_axis',(1.,5.55111512312578E-16,0.));
#3356=DIRECTION('',(-1.,-5.55111512312578E-16,0.));
#3357=DIRECTION('center_axis',(0.,0.,-1.));
#3358=DIRECTION('ref_axis',(-4.4408920985006E-15,1.,0.));
#3359=DIRECTION('center_axis',(0.,0.,-1.));
#3360=DIRECTION('ref_axis',(-4.4408920985006E-15,1.,0.));
#3361=DIRECTION('',(0.,0.,-1.));
#3362=DIRECTION('',(0.,0.,-1.));
#3363=DIRECTION('center_axis',(5.55111512312578E-16,1.,0.));
#3364=DIRECTION('ref_axis',(1.,-5.55111512312578E-16,0.));
#3365=DIRECTION('',(-1.,5.55111512312578E-16,0.));
#3366=DIRECTION('',(0.,0.,-1.));
#3367=DIRECTION('center_axis',(0.,0.,-1.));
#3368=DIRECTION('ref_axis',(1.,-1.11022302462516E-15,0.));
#3369=DIRECTION('center_axis',(0.,0.,-1.));
#3370=DIRECTION('ref_axis',(1.,-1.11022302462516E-15,0.));
#3371=DIRECTION('',(0.,0.,-1.));
#3372=DIRECTION('center_axis',(1.,-2.22044604925031E-16,0.));
#3373=DIRECTION('ref_axis',(-2.22044604925031E-16,-1.,0.));
#3374=DIRECTION('',(2.22044604925031E-16,1.,0.));
#3375=DIRECTION('',(0.,0.,-1.));
#3376=DIRECTION('center_axis',(0.,0.,-1.));
#3377=DIRECTION('ref_axis',(4.44089209850063E-15,-1.,0.));
#3378=DIRECTION('center_axis',(0.,0.,-1.));
#3379=DIRECTION('ref_axis',(4.44089209850063E-15,-1.,0.));
#3380=DIRECTION('',(0.,0.,-1.));
#3381=DIRECTION('center_axis',(0.,-1.,0.));
#3382=DIRECTION('ref_axis',(-1.,0.,0.));
#3383=DIRECTION('',(1.,0.,0.));
#3384=DIRECTION('',(0.,0.,-1.));
#3385=DIRECTION('center_axis',(0.,0.,-1.));
#3386=DIRECTION('ref_axis',(-1.,-2.2204460492503E-15,0.));
#3387=DIRECTION('center_axis',(0.,0.,-1.));
#3388=DIRECTION('ref_axis',(-1.,-2.2204460492503E-15,0.));
#3389=DIRECTION('',(0.,0.,-1.));
#3390=DIRECTION('center_axis',(-1.,0.,0.));
#3391=DIRECTION('ref_axis',(0.,1.,0.));
#3392=DIRECTION('',(0.,-1.,0.));
#3393=DIRECTION('center_axis',(0.,0.,-1.));
#3394=DIRECTION('ref_axis',(1.,6.93889390390722E-16,0.));
#3395=DIRECTION('center_axis',(0.,0.,-1.));
#3396=DIRECTION('ref_axis',(1.,6.93889390390722E-16,0.));
#3397=DIRECTION('',(0.,0.,-1.));
#3398=DIRECTION('',(0.,0.,-1.));
#3399=DIRECTION('center_axis',(1.,0.,0.));
#3400=DIRECTION('ref_axis',(0.,-1.,0.));
#3401=DIRECTION('',(0.,1.,0.));
#3402=DIRECTION('',(0.,0.,-1.));
#3403=DIRECTION('center_axis',(0.,0.,-1.));
#3404=DIRECTION('ref_axis',(0.,-1.,0.));
#3405=DIRECTION('center_axis',(0.,0.,-1.));
#3406=DIRECTION('ref_axis',(0.,-1.,0.));
#3407=DIRECTION('',(0.,0.,-1.));
#3408=DIRECTION('center_axis',(0.,-1.,0.));
#3409=DIRECTION('ref_axis',(-1.,0.,0.));
#3410=DIRECTION('',(1.,0.,0.));
#3411=DIRECTION('',(0.,0.,-1.));
#3412=DIRECTION('center_axis',(0.,0.,-1.));
#3413=DIRECTION('ref_axis',(-1.,0.,0.));
#3414=DIRECTION('center_axis',(0.,0.,-1.));
#3415=DIRECTION('ref_axis',(-1.,0.,0.));
#3416=DIRECTION('',(0.,0.,-1.));
#3417=DIRECTION('center_axis',(-1.,0.,0.));
#3418=DIRECTION('ref_axis',(0.,1.,0.));
#3419=DIRECTION('',(0.,-1.,0.));
#3420=DIRECTION('',(0.,0.,-1.));
#3421=DIRECTION('center_axis',(0.,0.,-1.));
#3422=DIRECTION('ref_axis',(0.,1.,0.));
#3423=DIRECTION('center_axis',(0.,0.,-1.));
#3424=DIRECTION('ref_axis',(0.,1.,0.));
#3425=DIRECTION('',(0.,0.,-1.));
#3426=DIRECTION('center_axis',(0.,1.,0.));
#3427=DIRECTION('ref_axis',(1.,0.,0.));
#3428=DIRECTION('',(-1.,0.,0.));
#3429=DIRECTION('center_axis',(1.,4.88010120714354E-16,0.));
#3430=DIRECTION('ref_axis',(4.88010120714354E-16,-1.,0.));
#3431=DIRECTION('',(-4.88010120714354E-16,1.,0.));
#3432=DIRECTION('',(0.,0.,-1.));
#3433=DIRECTION('',(0.,0.,-1.));
#3434=DIRECTION('center_axis',(0.,0.,-1.));
#3435=DIRECTION('ref_axis',(1.,0.,0.));
#3436=DIRECTION('center_axis',(0.,0.,1.));
#3437=DIRECTION('ref_axis',(1.,0.,0.));
#3438=DIRECTION('',(0.,0.,-1.));
#3439=DIRECTION('center_axis',(0.,1.,0.));
#3440=DIRECTION('ref_axis',(1.,0.,0.));
#3441=DIRECTION('',(-1.,0.,0.));
#3442=DIRECTION('',(0.,0.,-1.));
#3443=DIRECTION('center_axis',(0.,0.,-1.));
#3444=DIRECTION('ref_axis',(0.,1.,0.));
#3445=DIRECTION('center_axis',(0.,0.,1.));
#3446=DIRECTION('ref_axis',(0.,1.,0.));
#3447=DIRECTION('',(0.,0.,-1.));
#3448=DIRECTION('center_axis',(-1.,2.44005060357177E-16,0.));
#3449=DIRECTION('ref_axis',(2.44005060357177E-16,1.,0.));
#3450=DIRECTION('',(-2.44005060357177E-16,-1.,0.));
#3451=DIRECTION('',(0.,0.,-1.));
#3452=DIRECTION('center_axis',(0.,0.,-1.));
#3453=DIRECTION('ref_axis',(-4.4408920985006E-15,1.,0.));
#3454=DIRECTION('center_axis',(0.,0.,-1.));
#3455=DIRECTION('ref_axis',(-4.4408920985006E-15,1.,0.));
#3456=DIRECTION('center_axis',(1.,0.,0.));
#3457=DIRECTION('ref_axis',(0.,-1.,0.));
#3458=DIRECTION('',(0.,1.,0.));
#3459=DIRECTION('',(0.,0.,-1.));
#3460=DIRECTION('center_axis',(0.,0.,-1.));
#3461=DIRECTION('ref_axis',(-1.,0.,0.));
#3462=DIRECTION('center_axis',(0.,0.,-1.));
#3463=DIRECTION('ref_axis',(-1.,0.,0.));
#3464=DIRECTION('',(0.,0.,-1.));
#3465=DIRECTION('center_axis',(-1.,0.,0.));
#3466=DIRECTION('ref_axis',(0.,1.,0.));
#3467=DIRECTION('',(0.,-1.,0.));
#3468=DIRECTION('',(0.,0.,-1.));
#3469=DIRECTION('center_axis',(0.,-1.,0.));
#3470=DIRECTION('ref_axis',(-1.,0.,0.));
#3471=DIRECTION('',(1.,0.,0.));
#3472=DIRECTION('',(0.,0.,-1.));
#3473=DIRECTION('center_axis',(1.,0.,0.));
#3474=DIRECTION('ref_axis',(0.,-1.,0.));
#3475=DIRECTION('',(0.,1.,0.));
#3476=DIRECTION('',(0.,0.,-1.));
#3477=DIRECTION('center_axis',(0.,0.,-1.));
#3478=DIRECTION('ref_axis',(-1.,0.,0.));
#3479=DIRECTION('center_axis',(0.,0.,-1.));
#3480=DIRECTION('ref_axis',(-1.,0.,0.));
#3481=DIRECTION('',(0.,0.,-1.));
#3482=DIRECTION('center_axis',(-1.,0.,0.));
#3483=DIRECTION('ref_axis',(0.,1.,0.));
#3484=DIRECTION('',(0.,-1.,0.));
#3485=DIRECTION('center_axis',(0.,0.,-1.));
#3486=DIRECTION('ref_axis',(1.,4.44089209850062E-15,0.));
#3487=DIRECTION('center_axis',(0.,0.,-1.));
#3488=DIRECTION('ref_axis',(1.,4.44089209850062E-15,0.));
#3489=DIRECTION('center_axis',(0.,0.,1.));
#3490=DIRECTION('ref_axis',(1.,0.,0.));
#3491=DIRECTION('center_axis',(0.,1.,0.));
#3492=DIRECTION('ref_axis',(0.,0.,1.));
#3493=DIRECTION('center_axis',(-2.7755575615629E-15,-1.,0.));
#3494=DIRECTION('ref_axis',(0.,0.,1.));
#3495=DIRECTION('center_axis',(1.83528715574358E-16,0.,1.));
#3496=DIRECTION('ref_axis',(-0.707106781186548,-0.707106781186547,1.38777878078145E-16));
#3497=DIRECTION('center_axis',(-1.,0.,0.));
#3498=DIRECTION('ref_axis',(0.,-1.,0.));
#3499=DIRECTION('center_axis',(-1.83528715574358E-16,0.,-1.));
#3500=DIRECTION('ref_axis',(-0.707106781186548,-0.707106781186547,1.29774399325086E-16));
#3501=DIRECTION('center_axis',(1.,-7.28583859910256E-16,-1.83528715574358E-16));
#3502=DIRECTION('ref_axis',(0.,-0.707106781186548,0.707106781186547));
#3503=DIRECTION('center_axis',(-1.,0.,0.));
#3504=DIRECTION('ref_axis',(0.,-1.,-3.46944695195362E-16));
#3505=DIRECTION('',(-1.,7.28583859910256E-16,1.83528715574358E-16));
#3506=DIRECTION('',(1.,-7.28583859910256E-16,-1.83528715574358E-16));
#3507=DIRECTION('center_axis',(-2.77555756156289E-15,-1.,0.));
#3508=DIRECTION('ref_axis',(1.,-2.77555756156289E-15,-3.46944695195361E-16));
#3509=DIRECTION('center_axis',(-1.83528715574358E-16,0.,-1.));
#3510=DIRECTION('ref_axis',(0.707106781186549,-0.707106781186546,-1.29774399325086E-16));
#3511=DIRECTION('center_axis',(1.83528715574358E-16,0.,1.));
#3512=DIRECTION('ref_axis',(0.707106781186548,-0.707106781186547,-1.38777878078144E-16));
#3513=DIRECTION('center_axis',(1.73472347597681E-16,1.,-3.18371571422709E-32));
#3514=DIRECTION('ref_axis',(0.707106781186548,0.,0.707106781186547));
#3515=DIRECTION('center_axis',(0.,-1.,0.));
#3516=DIRECTION('ref_axis',(1.,0.,0.));
#3517=DIRECTION('',(-1.73472347597681E-16,-1.,3.18371571422709E-32));
#3518=DIRECTION('',(1.73472347597681E-16,1.,-3.18371571422709E-32));
#3519=DIRECTION('center_axis',(1.,-1.11022302462516E-14,0.));
#3520=DIRECTION('ref_axis',(1.11022302462516E-14,1.,0.));
#3521=DIRECTION('center_axis',(-1.83528715574358E-16,0.,-1.));
#3522=DIRECTION('ref_axis',(0.707106781186552,0.707106781186543,-1.29774399325086E-16));
#3523=DIRECTION('center_axis',(1.83528715574358E-16,0.,1.));
#3524=DIRECTION('ref_axis',(0.707106781186552,0.707106781186543,-1.38777878078144E-16));
#3525=DIRECTION('center_axis',(-1.,1.73472347597681E-16,1.83528715574358E-16));
#3526=DIRECTION('ref_axis',(0.,0.707106781186548,0.707106781186547));
#3527=DIRECTION('center_axis',(1.,0.,0.));
#3528=DIRECTION('ref_axis',(0.,1.,0.));
#3529=DIRECTION('',(1.,-1.73472347597681E-16,-1.83528715574358E-16));
#3530=DIRECTION('',(-1.,1.73472347597681E-16,1.83528715574358E-16));
#3531=DIRECTION('center_axis',(-2.7755575615629E-15,1.,0.));
#3532=DIRECTION('ref_axis',(-1.,-2.7755575615629E-15,0.));
#3533=DIRECTION('center_axis',(-1.83528715574358E-16,0.,-1.));
#3534=DIRECTION('ref_axis',(-0.70710678118655,0.707106781186545,1.29774399325086E-16));
#3535=DIRECTION('center_axis',(1.83528715574358E-16,0.,1.));
#3536=DIRECTION('ref_axis',(-0.70710678118655,0.707106781186545,1.38777878078145E-16));
#3537=DIRECTION('center_axis',(-1.73472347597681E-16,-1.,3.18371571422709E-32));
#3538=DIRECTION('ref_axis',(-0.707106781186548,0.,0.707106781186548));
#3539=DIRECTION('',(1.73472347597681E-16,1.,-3.18371571422709E-32));
#3540=DIRECTION('',(-1.73472347597681E-16,-1.,3.18371571422709E-32));
#3541=DIRECTION('center_axis',(1.,-1.73472347597681E-16,0.));
#3542=DIRECTION('ref_axis',(1.73472347597681E-16,1.,-3.18371571422709E-32));
#3543=DIRECTION('',(0.,0.,1.));
#3544=DIRECTION('',(-1.73472347597681E-16,-1.,3.18371571422709E-32));
#3545=DIRECTION('',(0.,0.,1.));
#3546=DIRECTION('center_axis',(0.,0.,1.));
#3547=DIRECTION('ref_axis',(8.70831184940352E-15,-1.,0.));
#3548=DIRECTION('',(0.,0.,1.));
#3549=DIRECTION('center_axis',(-1.83528715574358E-16,0.,-1.));
#3550=DIRECTION('ref_axis',(8.70831184940352E-15,-1.,0.));
#3551=DIRECTION('center_axis',(-7.28583859910256E-16,-1.,0.));
#3552=DIRECTION('ref_axis',(1.,-7.28583859910256E-16,-1.83528715574358E-16));
#3553=DIRECTION('',(0.,0.,1.));
#3554=DIRECTION('',(-1.,7.28583859910256E-16,1.83528715574358E-16));
#3555=DIRECTION('center_axis',(0.,0.,1.));
#3556=DIRECTION('ref_axis',(-1.,1.28369537222284E-15,0.));
#3557=DIRECTION('',(0.,0.,1.));
#3558=DIRECTION('center_axis',(-1.83528715574358E-16,0.,-1.));
#3559=DIRECTION('ref_axis',(-1.,1.28369537222284E-15,0.));
#3560=DIRECTION('center_axis',(1.83528715574358E-16,0.,1.));
#3561=DIRECTION('ref_axis',(1.,0.,-1.83528715574358E-16));
#3562=DIRECTION('center_axis',(5.55111512312578E-15,-1.,0.));
#3563=DIRECTION('ref_axis',(0.,0.,1.));
#3564=DIRECTION('center_axis',(1.83528715574358E-16,0.,1.));
#3565=DIRECTION('ref_axis',(-0.707106781186547,-0.707106781186548,1.38777878078144E-16));
#3566=DIRECTION('center_axis',(-1.,5.55111512312579E-15,0.));
#3567=DIRECTION('ref_axis',(-5.55111512312579E-15,-1.,0.));
#3568=DIRECTION('center_axis',(-1.83528715574358E-16,0.,-1.));
#3569=DIRECTION('ref_axis',(-0.707106781186547,-0.707106781186548,1.29774399325085E-16));
#3570=DIRECTION('center_axis',(1.,3.81639164714897E-16,-1.83528715574358E-16));
#3571=DIRECTION('ref_axis',(0.,-0.707106781186548,0.707106781186547));
#3572=DIRECTION('center_axis',(-1.,0.,0.));
#3573=DIRECTION('ref_axis',(0.,-1.,-3.46944695195362E-16));
#3574=DIRECTION('',(-1.,-3.81639164714897E-16,1.83528715574358E-16));
#3575=DIRECTION('',(1.,3.81639164714897E-16,-1.83528715574358E-16));
#3576=DIRECTION('center_axis',(1.38777878078144E-15,-1.,0.));
#3577=DIRECTION('ref_axis',(1.,1.38777878078144E-15,-3.4694469519536E-16));
#3578=DIRECTION('center_axis',(-1.83528715574358E-16,0.,-1.));
#3579=DIRECTION('ref_axis',(0.707106781186548,-0.707106781186547,-1.29774399325086E-16));
#3580=DIRECTION('center_axis',(1.83528715574358E-16,0.,1.));
#3581=DIRECTION('ref_axis',(0.707106781186548,-0.707106781186547,-1.38777878078145E-16));
#3582=DIRECTION('center_axis',(-4.85722573273506E-17,1.,8.91440399983584E-33));
#3583=DIRECTION('ref_axis',(0.707106781186548,0.,0.707106781186547));
#3584=DIRECTION('center_axis',(0.,-1.,0.));
#3585=DIRECTION('ref_axis',(1.,0.,0.));
#3586=DIRECTION('',(4.85722573273506E-17,-1.,-8.91440399983584E-33));
#3587=DIRECTION('',(-4.85722573273506E-17,1.,8.91440399983584E-33));
#3588=DIRECTION('center_axis',(1.,-5.55111512312581E-15,0.));
#3589=DIRECTION('ref_axis',(5.55111512312581E-15,1.,0.));
#3590=DIRECTION('center_axis',(-1.83528715574358E-16,0.,-1.));
#3591=DIRECTION('ref_axis',(0.707106781186551,0.707106781186544,-1.29774399325086E-16));
#3592=DIRECTION('center_axis',(1.83528715574358E-16,0.,1.));
#3593=DIRECTION('ref_axis',(0.707106781186551,0.707106781186544,-1.38777878078145E-16));
#3594=DIRECTION('center_axis',(-1.,1.73472347597681E-16,1.83528715574358E-16));
#3595=DIRECTION('ref_axis',(0.,0.707106781186548,0.707106781186547));
#3596=DIRECTION('center_axis',(1.,0.,0.));
#3597=DIRECTION('ref_axis',(0.,1.,0.));
#3598=DIRECTION('',(1.,-1.73472347597681E-16,-1.83528715574358E-16));
#3599=DIRECTION('',(-1.,1.73472347597681E-16,1.83528715574358E-16));
#3600=DIRECTION('center_axis',(0.,1.,0.));
#3601=DIRECTION('ref_axis',(-1.,0.,0.));
#3602=DIRECTION('center_axis',(-1.83528715574358E-16,0.,-1.));
#3603=DIRECTION('ref_axis',(-0.707106781186551,0.707106781186544,1.29774399325086E-16));
#3604=DIRECTION('center_axis',(1.83528715574358E-16,0.,1.));
#3605=DIRECTION('ref_axis',(-0.707106781186551,0.707106781186544,1.38777878078144E-16));
#3606=DIRECTION('center_axis',(2.70616862252382E-16,-1.,-4.96659651419426E-32));
#3607=DIRECTION('ref_axis',(-0.707106781186548,0.,0.707106781186548));
#3608=DIRECTION('',(-2.70616862252382E-16,1.,4.96659651419426E-32));
#3609=DIRECTION('',(2.70616862252382E-16,-1.,-4.96659651419426E-32));
#3610=DIRECTION('center_axis',(1.,4.85722573273506E-17,0.));
#3611=DIRECTION('ref_axis',(-4.85722573273506E-17,1.,8.91440399983584E-33));
#3612=DIRECTION('',(0.,0.,1.));
#3613=DIRECTION('',(4.85722573273506E-17,-1.,-8.91440399983584E-33));
#3614=DIRECTION('',(0.,0.,1.));
#3615=DIRECTION('center_axis',(0.,0.,1.));
#3616=DIRECTION('ref_axis',(-1.73472347597681E-16,-1.,0.));
#3617=DIRECTION('',(0.,0.,1.));
#3618=DIRECTION('center_axis',(-1.83528715574358E-16,0.,-1.));
#3619=DIRECTION('ref_axis',(-1.73472347597681E-16,-1.,0.));
#3620=DIRECTION('center_axis',(3.81639164714897E-16,-1.,0.));
#3621=DIRECTION('ref_axis',(1.,3.81639164714897E-16,-1.83528715574358E-16));
#3622=DIRECTION('',(0.,0.,1.));
#3623=DIRECTION('',(-1.,-3.81639164714897E-16,1.83528715574358E-16));
#3624=DIRECTION('center_axis',(0.,0.,1.));
#3625=DIRECTION('ref_axis',(-1.,-5.37764277552807E-15,0.));
#3626=DIRECTION('',(0.,0.,1.));
#3627=DIRECTION('center_axis',(-1.83528715574358E-16,0.,-1.));
#3628=DIRECTION('ref_axis',(-1.,-5.37764277552807E-15,0.));
#3629=DIRECTION('center_axis',(1.83528715574358E-16,0.,1.));
#3630=DIRECTION('ref_axis',(1.,0.,-1.83528715574358E-16));
#3631=DIRECTION('center_axis',(0.,0.,1.));
#3632=DIRECTION('ref_axis',(1.,-1.73472347597681E-16,0.));
#3633=DIRECTION('center_axis',(-1.83528715574358E-16,0.,-1.));
#3634=DIRECTION('ref_axis',(1.,-1.73472347597681E-16,0.));
#3635=DIRECTION('',(0.,0.,1.));
#3636=DIRECTION('center_axis',(-1.,1.73472347597681E-16,0.));
#3637=DIRECTION('ref_axis',(-1.73472347597681E-16,-1.,3.18371571422709E-32));
#3638=DIRECTION('',(0.,0.,1.));
#3639=DIRECTION('',(1.73472347597681E-16,1.,-3.18371571422709E-32));
#3640=DIRECTION('center_axis',(0.,0.,1.));
#3641=DIRECTION('ref_axis',(1.73472347597681E-16,1.,0.));
#3642=DIRECTION('',(0.,0.,1.));
#3643=DIRECTION('center_axis',(-1.83528715574358E-16,0.,-1.));
#3644=DIRECTION('ref_axis',(1.73472347597681E-16,1.,0.));
#3645=DIRECTION('center_axis',(1.73472347597681E-16,1.,0.));
#3646=DIRECTION('ref_axis',(-1.,1.73472347597681E-16,1.83528715574358E-16));
#3647=DIRECTION('',(1.,-1.73472347597681E-16,-1.83528715574358E-16));
#3648=DIRECTION('center_axis',(-1.,-2.70616862252382E-16,0.));
#3649=DIRECTION('ref_axis',(2.70616862252382E-16,-1.,-4.96659651419426E-32));
#3650=DIRECTION('',(0.,0.,1.));
#3651=DIRECTION('',(-2.70616862252382E-16,1.,4.96659651419426E-32));
#3652=DIRECTION('center_axis',(0.,0.,1.));
#3653=DIRECTION('ref_axis',(-4.26741975090294E-15,1.,0.));
#3654=DIRECTION('',(0.,0.,1.));
#3655=DIRECTION('center_axis',(-1.83528715574358E-16,0.,-1.));
#3656=DIRECTION('ref_axis',(-4.26741975090294E-15,1.,0.));
#3657=DIRECTION('center_axis',(1.73472347597681E-16,1.,0.));
#3658=DIRECTION('ref_axis',(-1.,1.73472347597681E-16,1.83528715574358E-16));
#3659=DIRECTION('',(0.,0.,1.));
#3660=DIRECTION('',(1.,-1.73472347597681E-16,-1.83528715574358E-16));
#3661=DIRECTION('center_axis',(0.,0.,1.));
#3662=DIRECTION('ref_axis',(1.,-4.6143644460983E-15,0.));
#3663=DIRECTION('center_axis',(-1.83528715574358E-16,0.,-1.));
#3664=DIRECTION('ref_axis',(1.,-4.6143644460983E-15,0.));
#3665=DIRECTION('center_axis',(1.,0.,1.14430881924084E-16));
#3666=DIRECTION('ref_axis',(1.14430881924084E-16,0.,-1.));
#3667=DIRECTION('',(0.,1.,0.));
#3668=DIRECTION('',(1.14430881924084E-16,0.,-1.));
#3669=DIRECTION('',(0.,1.,0.));
#3670=DIRECTION('',(-1.14430881924084E-16,7.18000198565415E-33,1.));
#3671=DIRECTION('center_axis',(-1.14430881924084E-16,0.,1.));
#3672=DIRECTION('ref_axis',(1.,0.,1.14430881924084E-16));
#3673=DIRECTION('',(2.77555756156289E-16,-1.,3.17609499600702E-32));
#3674=DIRECTION('center_axis',(1.14430881924084E-16,0.,-1.));
#3675=DIRECTION('ref_axis',(1.,0.,-1.55820775385987E-16));
#3676=DIRECTION('',(-1.,-1.73472347597681E-16,-1.14430881924084E-16));
#3677=DIRECTION('',(1.,0.,1.14430881924084E-16));
#3678=DIRECTION('center_axis',(-1.,0.,1.04205143539379E-15));
#3679=DIRECTION('ref_axis',(1.04205143539379E-15,0.,1.));
#3680=DIRECTION('',(0.,-1.,0.));
#3681=DIRECTION('',(-1.04205143539379E-15,-2.07797704525991E-31,-1.));
#3682=DIRECTION('',(0.,1.,0.));
#3683=DIRECTION('',(1.04205143539379E-15,0.,1.));
#3684=DIRECTION('center_axis',(3.48162045003064E-16,0.,1.));
#3685=DIRECTION('ref_axis',(1.,0.,-3.48162045003064E-16));
#3686=DIRECTION('center_axis',(-3.48162045003064E-16,0.,-1.));
#3687=DIRECTION('ref_axis',(-1.,0.,-1.55820775385987E-16));
#3688=DIRECTION('',(2.77555756156289E-16,1.,-9.66343796657455E-32));
#3689=DIRECTION('',(1.,0.,-3.48162045003064E-16));
#3690=DIRECTION('',(-1.,-1.73472347597681E-16,3.48162045003064E-16));
#3691=DIRECTION('center_axis',(-1.60901887626834E-16,0.,-1.));
#3692=DIRECTION('ref_axis',(-1.,0.,1.60901887626834E-16));
#3693=DIRECTION('',(1.,-2.77555756156287E-16,-1.60901887626834E-16));
#3694=DIRECTION('',(2.77555756156289E-16,-1.,-4.46592450872403E-32));
#3695=DIRECTION('',(-1.,4.7184478546569E-15,1.60901887626834E-16));
#3696=DIRECTION('',(0.,1.,0.));
#3697=DIRECTION('',(-1.,0.,1.60901887626834E-16));
#3698=DIRECTION('',(0.,-1.,0.));
#3699=DIRECTION('',(1.,0.,-1.60901887626834E-16));
#3700=DIRECTION('',(1.85037170770859E-16,1.,-2.97728300581602E-32));
#3701=DIRECTION('',(-1.,-1.73472347597681E-16,1.60901887626834E-16));
#3702=DIRECTION('',(-1.,0.,1.60901887626834E-16));
#3703=DIRECTION('center_axis',(0.,0.,1.));
#3704=DIRECTION('ref_axis',(1.,0.,0.));
#3705=DIRECTION('',(-1.,0.,0.));
#3706=DIRECTION('',(0.,1.,0.));
#3707=DIRECTION('',(1.,0.,0.));
#3708=DIRECTION('',(0.,1.,0.));
#3709=DIRECTION('center_axis',(-1.,0.,0.));
#3710=DIRECTION('ref_axis',(0.,0.,1.));
#3711=DIRECTION('',(0.,0.,-1.));
#3712=DIRECTION('',(0.,0.,1.));
#3713=DIRECTION('',(0.,1.,0.));
#3714=DIRECTION('center_axis',(1.,0.,0.));
#3715=DIRECTION('ref_axis',(0.,0.,-1.));
#3716=DIRECTION('',(0.,0.,1.));
#3717=DIRECTION('',(0.,1.,0.));
#3718=DIRECTION('',(0.,0.,-1.));
#3719=DIRECTION('center_axis',(0.,1.,0.));
#3720=DIRECTION('ref_axis',(0.,0.,1.));
#3721=DIRECTION('',(-1.,0.,0.));
#3722=DIRECTION('center_axis',(-1.,0.,0.));
#3723=DIRECTION('ref_axis',(0.,0.,1.));
#3724=DIRECTION('',(0.,0.,-1.));
#3725=DIRECTION('',(0.,1.,0.));
#3726=DIRECTION('',(0.,0.,1.));
#3727=DIRECTION('',(0.,1.,0.));
#3728=DIRECTION('center_axis',(1.,0.,0.));
#3729=DIRECTION('ref_axis',(0.,0.,-1.));
#3730=DIRECTION('',(0.,0.,1.));
#3731=DIRECTION('',(0.,1.,0.));
#3732=DIRECTION('',(0.,0.,-1.));
#3733=DIRECTION('',(0.,1.,0.));
#3734=DIRECTION('center_axis',(0.,0.,1.));
#3735=DIRECTION('ref_axis',(1.,0.,0.));
#3736=DIRECTION('',(-1.,0.,0.));
#3737=DIRECTION('',(1.,0.,0.));
#3738=DIRECTION('center_axis',(0.,1.,0.));
#3739=DIRECTION('ref_axis',(0.,0.,1.));
#3740=DIRECTION('',(-1.,0.,1.98254111540206E-16));
#3741=DIRECTION('center_axis',(1.,0.,0.));
#3742=DIRECTION('ref_axis',(0.,0.,1.));
#3743=DIRECTION('',(0.,0.,1.));
#3744=DIRECTION('',(0.,0.,1.));
#3745=DIRECTION('',(0.,-1.,0.));
#3746=DIRECTION('center_axis',(0.,-1.,0.));
#3747=DIRECTION('ref_axis',(0.,0.,-1.));
#3748=DIRECTION('',(-1.,4.7184478546569E-15,1.66533453693773E-15));
#3749=DIRECTION('',(-1.48029736616675E-15,0.,-1.));
#3750=DIRECTION('center_axis',(-1.,0.,0.));
#3751=DIRECTION('ref_axis',(0.,0.,-1.));
#3752=DIRECTION('',(0.,0.,-1.));
#3753=DIRECTION('',(0.,-1.,0.));
#3754=DIRECTION('',(0.,0.,-1.));
#3755=DIRECTION('center_axis',(0.,-1.,0.));
#3756=DIRECTION('ref_axis',(0.,0.,-1.));
#3757=DIRECTION('',(-1.,0.,-2.41352831440251E-16));
#3758=DIRECTION('',(-1.48029736616675E-15,0.,-1.));
#3759=DIRECTION('center_axis',(0.,1.,0.));
#3760=DIRECTION('ref_axis',(0.,0.,1.));
#3761=DIRECTION('',(-1.,0.,-2.41352831440251E-16));
#3762=DIRECTION('',(0.,0.,-1.));
#3763=DIRECTION('',(1.,0.,-1.83528715574358E-16));
#3764=DIRECTION('',(0.,0.,1.));
#3765=DIRECTION('',(-1.,0.,1.66533453693774E-15));
#3766=DIRECTION('center_axis',(0.,0.,-1.));
#3767=DIRECTION('ref_axis',(0.707106781186548,0.707106781186548,0.));
#3768=DIRECTION('center_axis',(1.66533453693774E-15,0.,1.));
#3769=DIRECTION('ref_axis',(0.707106781186548,0.707106781186548,0.));
#3770=DIRECTION('center_axis',(-1.83528715574358E-16,0.,-1.));
#3771=DIRECTION('ref_axis',(0.707106781186548,0.707106781186548,0.));
#3772=DIRECTION('',(0.,0.,-1.));
#3773=DIRECTION('center_axis',(1.83528715574358E-16,0.,1.));
#3774=DIRECTION('ref_axis',(1.,0.,-1.83528715574358E-16));
#3775=DIRECTION('center_axis',(-1.83528715574358E-16,0.,-1.));
#3776=DIRECTION('ref_axis',(-0.707106781186548,0.707106781186548,0.));
#3777=DIRECTION('',(0.,1.,0.));
#3778=DIRECTION('',(1.,-1.73472347597681E-16,-1.83528715574358E-16));
#3779=DIRECTION('center_axis',(-1.83528715574358E-16,0.,-1.));
#3780=DIRECTION('ref_axis',(1.,0.,-1.55820775385987E-16));
#3781=DIRECTION('',(2.77555756156289E-16,-1.,-5.09394514276334E-32));
#3782=DIRECTION('',(1.,0.,-1.83528715574358E-16));
#3783=DIRECTION('',(2.77555756156289E-16,1.,-5.09394514276334E-32));
#3784=DIRECTION('center_axis',(-1.83528715574358E-16,0.,-1.));
#3785=DIRECTION('ref_axis',(-1.,0.,-1.55820775385987E-16));
#3786=DIRECTION('',(1.,1.73472347597681E-16,-1.83528715574358E-16));
#3787=DIRECTION('',(0.,1.,0.));
#3788=DIRECTION('center_axis',(1.,-2.77555756156289E-16,1.55820775385987E-16));
#3789=DIRECTION('ref_axis',(-2.77555756156289E-16,-1.,-5.09394514276334E-32));
#3790=DIRECTION('',(1.55820775385987E-16,0.,-1.));
#3791=DIRECTION('',(1.55820775385987E-16,0.,-1.));
#3792=DIRECTION('center_axis',(-1.55820775385987E-16,0.,1.));
#3793=DIRECTION('ref_axis',(-1.,0.,-1.55820775385987E-16));
#3794=DIRECTION('',(1.55820775385987E-16,0.,-1.));
#3795=DIRECTION('center_axis',(1.73472347597681E-16,-1.,2.7030595710698E-32));
#3796=DIRECTION('ref_axis',(-1.,-1.73472347597681E-16,-1.83528715574358E-16));
#3797=DIRECTION('',(-1.48029736616675E-15,0.,-1.));
#3798=DIRECTION('center_axis',(0.,0.,1.));
#3799=DIRECTION('ref_axis',(-0.707106781186548,0.707106781186548,0.));
#3800=DIRECTION('center_axis',(1.66533453693773E-15,0.,1.));
#3801=DIRECTION('ref_axis',(-0.707106781186548,0.707106781186548,0.));
#3802=DIRECTION('',(0.,0.,1.));
#3803=DIRECTION('center_axis',(1.,2.77555756156289E-16,-1.55820775385987E-16));
#3804=DIRECTION('ref_axis',(2.77555756156289E-16,-1.,-5.09394514276334E-32));
#3805=DIRECTION('',(-1.55820775385987E-16,0.,-1.));
#3806=DIRECTION('',(-1.55820775385987E-16,0.,-1.));
#3807=DIRECTION('center_axis',(-1.55820775385987E-16,0.,-1.));
#3808=DIRECTION('ref_axis',(1.,0.,-1.55820775385987E-16));
#3809=DIRECTION('',(-1.55820775385987E-16,0.,-1.));
#3810=DIRECTION('center_axis',(1.73472347597681E-16,1.,-2.7030595710698E-32));
#3811=DIRECTION('ref_axis',(1.,-1.73472347597681E-16,-1.83528715574358E-16));
#3812=DIRECTION('',(0.,2.7030595710698E-32,1.));
#3813=DIRECTION('center_axis',(0.,1.,0.));
#3814=DIRECTION('ref_axis',(1.,0.,-1.83528715574358E-16));
#3815=DIRECTION('center_axis',(-1.66533453693773E-15,0.,-1.));
#3816=DIRECTION('ref_axis',(-1.,0.,1.66533453693773E-15));
#3817=DIRECTION('',(0.,1.,0.));
#3818=DIRECTION('center_axis',(-1.,0.,0.));
#3819=DIRECTION('ref_axis',(0.,0.,1.));
#3820=DIRECTION('center_axis',(-1.66533453693774E-15,0.,-1.));
#3821=DIRECTION('ref_axis',(-1.,0.,1.66533453693774E-15));
#3822=DIRECTION('',(0.,1.,0.));
#3823=DIRECTION('center_axis',(1.,0.,0.));
#3824=DIRECTION('ref_axis',(0.,0.,-1.));
#3825=DIRECTION('center_axis',(1.,-1.73472347597681E-16,-1.83528715574358E-16));
#3826=DIRECTION('ref_axis',(0.,0.70090926429985,0.713250449154182));
#3827=DIRECTION('',(-1.,1.73472347597681E-16,1.83528715574358E-16));
#3828=DIRECTION('',(1.,-1.73472347597681E-16,-1.83528715574358E-16));
#3829=DIRECTION('center_axis',(1.73472347597681E-16,1.,-3.18371571422709E-32));
#3830=DIRECTION('ref_axis',(-0.70090926429985,0.,0.713250449154182));
#3831=DIRECTION('',(-1.73472347597681E-16,-1.,3.1827459974311E-32));
#3832=DIRECTION('',(1.73472347597681E-16,1.,-3.18371571422709E-32));
#3833=DIRECTION('center_axis',(-1.,-2.478176394335E-17,1.83528715574358E-16));
#3834=DIRECTION('ref_axis',(0.,-0.70090926429985,0.713250449154182));
#3835=DIRECTION('',(1.,2.478176394335E-17,-1.83528715574358E-16));
#3836=DIRECTION('',(-1.,-2.478176394335E-17,1.83528715574358E-16));
#3837=DIRECTION('center_axis',(-1.73472347597681E-16,-1.,3.18371571422709E-32));
#3838=DIRECTION('ref_axis',(0.70090926429985,0.,0.713250449154182));
#3839=DIRECTION('',(-1.73472347597681E-16,-1.,3.18371571422709E-32));
#3840=DIRECTION('',(1.73472347597681E-16,1.,-3.1827459974311E-32));
#3841=DIRECTION('center_axis',(-2.77555756156289E-16,0.,-1.));
#3842=DIRECTION('ref_axis',(1.746299285732E-10,1.,-3.20496064918812E-26));
#3843=DIRECTION('',(5.5502696614051E-16,-0.0174524064372836,0.999847695156391));
#3844=DIRECTION('center_axis',(1.83528715574358E-16,-5.73971850987445E-42,
1.));
#3845=DIRECTION('ref_axis',(1.746299285732E-10,1.,-3.20496064918812E-26));
#3846=DIRECTION('',(0.0174524064372838,-6.09502862867201E-12,0.999847695156391));
#3847=DIRECTION('center_axis',(1.76648944656026E-16,0.999847695156391,0.0174524064372836));
#3848=DIRECTION('ref_axis',(-1.,1.73472347597681E-16,1.83528715574358E-16));
#3849=DIRECTION('',(-1.01569934803713E-12,-0.017452406437283,0.999847695156391));
#3850=DIRECTION('',(-1.,1.73472347597681E-16,1.83528715574358E-16));
#3851=DIRECTION('center_axis',(-2.77555756156289E-16,0.,-1.));
#3852=DIRECTION('ref_axis',(1.,3.49237132268864E-10,-1.83528715574358E-16));
#3853=DIRECTION('',(-0.0174524064372836,0.,0.999847695156391));
#3854=DIRECTION('center_axis',(1.83528715574358E-16,-1.14794370197489E-41,
1.));
#3855=DIRECTION('ref_axis',(1.,3.49237132268864E-10,-1.83528715574358E-16));
#3856=DIRECTION('center_axis',(0.999847695156391,-1.7344592691891E-16,0.0174524064372836));
#3857=DIRECTION('ref_axis',(1.73472347597681E-16,1.,-3.18371571422709E-32));
#3858=DIRECTION('',(-0.0174524064372833,2.03195372304041E-12,0.999847695156391));
#3859=DIRECTION('',(1.73472347597681E-16,1.,-3.18371571422709E-32));
#3860=DIRECTION('center_axis',(1.83528715574358E-16,0.,1.));
#3861=DIRECTION('ref_axis',(1.,0.,-1.83528715574358E-16));
#3862=DIRECTION('center_axis',(-2.77555756156289E-16,0.,-1.));
#3863=DIRECTION('ref_axis',(5.82088197087493E-11,-1.,-1.06829899162461E-26));
#3864=DIRECTION('',(2.77513483070255E-16,0.0174524064372837,0.999847695156391));
#3865=DIRECTION('center_axis',(1.83528715574358E-16,1.43492962746861E-42,
1.));
#3866=DIRECTION('ref_axis',(5.82088197087493E-11,-1.,-1.06829899162461E-26));
#3867=DIRECTION('center_axis',(2.79810072977846E-17,-0.999847695156391,
0.0174524064372837));
#3868=DIRECTION('ref_axis',(1.,2.478176394335E-17,-1.83528715574358E-16));
#3869=DIRECTION('',(-3.04737555759447E-12,0.0174524064372837,0.999847695156391));
#3870=DIRECTION('',(1.,2.478176394335E-17,-1.83528715574358E-16));
#3871=DIRECTION('center_axis',(-2.77555756156289E-16,0.,-1.));
#3872=DIRECTION('ref_axis',(-1.,-1.16416425111065E-10,1.83528715574358E-16));
#3873=DIRECTION('',(0.0174524064372838,0.,0.999847695156391));
#3874=DIRECTION('center_axis',(1.83528715574358E-16,0.,1.));
#3875=DIRECTION('ref_axis',(-1.,-1.16416425111065E-10,1.83528715574358E-16));
#3876=DIRECTION('center_axis',(-0.999847695156391,1.7344592691891E-16,0.0174524064372838));
#3877=DIRECTION('ref_axis',(-1.73472347597681E-16,-1.,3.18371571422709E-32));
#3878=DIRECTION('',(-1.73472347597681E-16,-1.,3.18371571422709E-32));
#3879=DIRECTION('center_axis',(1.83528715574358E-16,0.,1.));
#3880=DIRECTION('ref_axis',(1.,0.,-1.83528715574358E-16));
#3881=DIRECTION('center_axis',(0.,1.,0.));
#3882=DIRECTION('ref_axis',(1.04205143539379E-15,0.,1.));
#3883=DIRECTION('',(1.04205143539379E-15,0.,1.));
#3884=DIRECTION('',(1.,0.,-9.25185853854297E-16));
#3885=DIRECTION('',(1.04205143539379E-15,0.,1.));
#3886=DIRECTION('',(1.,0.,-9.25185853854297E-16));
#3887=DIRECTION('center_axis',(-9.25185853854297E-16,0.,-1.));
#3888=DIRECTION('ref_axis',(0.,1.,0.));
#3889=DIRECTION('',(0.,1.,0.));
#3890=DIRECTION('',(0.,1.,0.));
#3891=DIRECTION('',(1.,0.,-9.25185853854297E-16));
#3892=DIRECTION('center_axis',(1.,0.,-9.25185853854297E-16));
#3893=DIRECTION('ref_axis',(-9.25185853854297E-16,1.73472347597681E-16,
-1.));
#3894=DIRECTION('center_axis',(-1.,0.,1.04205143539379E-15));
#3895=DIRECTION('ref_axis',(-1.04205143539379E-15,1.73472347597681E-16,
-1.));
#3896=DIRECTION('center_axis',(-1.,0.,1.04205143539379E-15));
#3897=DIRECTION('ref_axis',(-1.04205143539379E-15,1.73472347597681E-16,
-1.));
#3898=DIRECTION('',(1.,0.,-9.25185853854297E-16));
#3899=DIRECTION('center_axis',(-8.06352602722979E-17,0.996194698091746,
-0.0871557427476585));
#3900=DIRECTION('ref_axis',(1.03808611507818E-15,0.0871557427476584,0.996194698091746));
#3901=DIRECTION('',(1.03808611507818E-15,0.0871557427476584,0.996194698091746));
#3902=DIRECTION('',(1.03808611507818E-15,0.0871557427476584,0.996194698091746));
#3903=DIRECTION('',(1.,0.,-9.25185853854297E-16));
#3904=DIRECTION('center_axis',(-9.21665242359135E-16,-0.0871557427476583,
-0.996194698091746));
#3905=DIRECTION('ref_axis',(-9.08207668330091E-17,0.996194698091746,-0.0871557427476583));
#3906=DIRECTION('',(-9.08207668330091E-17,0.996194698091746,-0.0871557427476583));
#3907=DIRECTION('',(-9.08207668330091E-17,0.996194698091746,-0.0871557427476583));
#3908=DIRECTION('',(1.,0.,-9.25185853854297E-16));
#3909=DIRECTION('center_axis',(8.06352602722976E-17,-0.996194698091746,
0.0871557427476582));
#3910=DIRECTION('ref_axis',(-1.03808611507818E-15,-0.0871557427476582,-0.996194698091746));
#3911=DIRECTION('',(-1.03808611507818E-15,-0.0871557427476582,-0.996194698091746));
#3912=DIRECTION('',(-1.03808611507818E-15,-0.0871557427476582,-0.996194698091746));
#3913=DIRECTION('',(1.,0.,-9.25185853854297E-16));
#3914=DIRECTION('center_axis',(1.,0.,-9.25185853854297E-16));
#3915=DIRECTION('ref_axis',(9.25185853854297E-16,0.,1.));
#3916=DIRECTION('center_axis',(1.,0.,-1.04205143539379E-15));
#3917=DIRECTION('ref_axis',(1.04205143539379E-15,0.,1.));
#3918=DIRECTION('center_axis',(1.,0.,-1.04205143539379E-15));
#3919=DIRECTION('ref_axis',(1.04205143539379E-15,0.,1.));
#3920=DIRECTION('',(1.,0.,-9.25185853854297E-16));
#3921=DIRECTION('center_axis',(9.25185853854297E-16,0.,1.));
#3922=DIRECTION('ref_axis',(0.,-1.,0.));
#3923=DIRECTION('',(0.,-1.,0.));
#3924=DIRECTION('',(0.,-1.,0.));
#3925=DIRECTION('center_axis',(1.,0.,-1.04205143539379E-15));
#3926=DIRECTION('ref_axis',(-1.04205143539379E-15,0.,-1.));
#3927=DIRECTION('center_axis',(1.,0.,-1.04205143539379E-15));
#3928=DIRECTION('ref_axis',(-1.04205143539379E-15,0.,-1.));
#3929=DIRECTION('center_axis',(0.,-1.,0.));
#3930=DIRECTION('ref_axis',(-1.04205143539379E-15,0.,1.));
#3931=DIRECTION('',(-1.04205143539379E-15,0.,1.));
#3932=DIRECTION('',(-1.,0.,-9.25185853854297E-16));
#3933=DIRECTION('',(-1.04205143539379E-15,0.,1.));
#3934=DIRECTION('',(-1.,0.,-9.25185853854297E-16));
#3935=DIRECTION('center_axis',(-9.25185853854297E-16,0.,1.));
#3936=DIRECTION('ref_axis',(0.,1.,0.));
#3937=DIRECTION('',(0.,1.,0.));
#3938=DIRECTION('',(-1.,0.,-9.25185853854297E-16));
#3939=DIRECTION('',(0.,1.,0.));
#3940=DIRECTION('center_axis',(1.,0.,9.25185853854297E-16));
#3941=DIRECTION('ref_axis',(9.25185853854297E-16,1.73472347597681E-16,-1.));
#3942=DIRECTION('center_axis',(-1.,0.,-1.04205143539379E-15));
#3943=DIRECTION('ref_axis',(1.04205143539379E-15,1.73472347597681E-16,-1.));
#3944=DIRECTION('',(-1.,0.,-9.25185853854297E-16));
#3945=DIRECTION('center_axis',(-1.,0.,-1.04205143539379E-15));
#3946=DIRECTION('ref_axis',(1.04205143539379E-15,1.73472347597681E-16,-1.));
#3947=DIRECTION('center_axis',(-8.06352602722979E-17,-0.996194698091746,
0.0871557427476585));
#3948=DIRECTION('ref_axis',(-1.03808611507818E-15,0.0871557427476584,0.996194698091746));
#3949=DIRECTION('',(-1.03808611507818E-15,0.0871557427476584,0.996194698091746));
#3950=DIRECTION('',(-1.,0.,-9.25185853854297E-16));
#3951=DIRECTION('',(-1.03808611507818E-15,0.0871557427476584,0.996194698091746));
#3952=DIRECTION('center_axis',(-9.21665242359135E-16,0.0871557427476583,
0.996194698091746));
#3953=DIRECTION('ref_axis',(9.08207668330091E-17,0.996194698091746,-0.0871557427476583));
#3954=DIRECTION('',(9.08207668330091E-17,0.996194698091746,-0.0871557427476583));
#3955=DIRECTION('',(-1.,0.,-9.25185853854297E-16));
#3956=DIRECTION('',(9.08207668330091E-17,0.996194698091746,-0.0871557427476583));
#3957=DIRECTION('center_axis',(8.06352602722976E-17,0.996194698091746,-0.0871557427476582));
#3958=DIRECTION('ref_axis',(1.03808611507818E-15,-0.0871557427476582,-0.996194698091746));
#3959=DIRECTION('',(1.03808611507818E-15,-0.0871557427476582,-0.996194698091746));
#3960=DIRECTION('',(-1.,0.,-9.25185853854297E-16));
#3961=DIRECTION('',(1.03808611507818E-15,-0.0871557427476582,-0.996194698091746));
#3962=DIRECTION('center_axis',(1.,0.,9.25185853854297E-16));
#3963=DIRECTION('ref_axis',(-9.25185853854297E-16,0.,1.));
#3964=DIRECTION('center_axis',(1.,0.,1.04205143539379E-15));
#3965=DIRECTION('ref_axis',(-1.04205143539379E-15,0.,1.));
#3966=DIRECTION('',(-1.,0.,-9.25185853854297E-16));
#3967=DIRECTION('center_axis',(1.,0.,1.04205143539379E-15));
#3968=DIRECTION('ref_axis',(-1.04205143539379E-15,0.,1.));
#3969=DIRECTION('center_axis',(9.25185853854297E-16,0.,-1.));
#3970=DIRECTION('ref_axis',(0.,-1.,0.));
#3971=DIRECTION('',(0.,-1.,0.));
#3972=DIRECTION('',(0.,-1.,0.));
#3973=DIRECTION('center_axis',(1.,0.,1.04205143539379E-15));
#3974=DIRECTION('ref_axis',(1.04205143539379E-15,0.,-1.));
#3975=DIRECTION('center_axis',(1.,0.,1.04205143539379E-15));
#3976=DIRECTION('ref_axis',(1.04205143539379E-15,0.,-1.));
#3977=CARTESIAN_POINT('',(0.,0.,0.));
#3978=CARTESIAN_POINT('Origin',(0.,0.,-0.65));
#3979=CARTESIAN_POINT('',(3.775,9.562258772913E-16,-0.65));
#3980=CARTESIAN_POINT('',(3.9,9.562258772913E-16,-0.65));
#3981=CARTESIAN_POINT('',(1.95,9.56225877291299E-16,-0.65));
#3982=CARTESIAN_POINT('',(3.775,0.75,-0.65));
#3983=CARTESIAN_POINT('',(3.775,0.85,-0.65));
#3984=CARTESIAN_POINT('',(3.9,0.75,-0.65));
#3985=CARTESIAN_POINT('',(1.95,0.75,-0.65));
#3986=CARTESIAN_POINT('',(3.9,0.85,-0.65));
#3987=CARTESIAN_POINT('Origin',(0.,0.,-0.65));
#3988=CARTESIAN_POINT('',(-3.9,0.75,-0.65));
#3989=CARTESIAN_POINT('',(-3.9,-7.54964898345828E-17,-0.65));
#3990=CARTESIAN_POINT('',(-3.9,0.85,-0.65));
#3991=CARTESIAN_POINT('',(-3.775,0.75,-0.65));
#3992=CARTESIAN_POINT('',(-1.95,0.75,-0.65));
#3993=CARTESIAN_POINT('',(-3.775,-7.54964898345828E-17,-0.65));
#3994=CARTESIAN_POINT('',(-3.775,0.85,-0.65));
#3995=CARTESIAN_POINT('',(-1.95,-7.54964898345824E-17,-0.65));
#3996=CARTESIAN_POINT('Origin',(-3.77500000000001,1.7,3.60707963267949));
#3997=CARTESIAN_POINT('',(-3.775,0.75,-0.225));
#3998=CARTESIAN_POINT('',(-3.775,0.749999999999999,0.0320796326794898));
#3999=CARTESIAN_POINT('',(-3.775,-1.25403149835762E-16,-0.225));
#4000=CARTESIAN_POINT('',(-3.775,0.85,-0.225));
#4001=CARTESIAN_POINT('',(-3.775,0.,-1.29292036732051));
#4002=CARTESIAN_POINT('Origin',(-3.9,0.750000000000001,-1.29292036732051));
#4003=CARTESIAN_POINT('',(-3.9,0.75,-0.225));
#4004=CARTESIAN_POINT('',(-3.9,0.749999999999999,0.0320796326794898));
#4005=CARTESIAN_POINT('',(-3.675,0.749999999999999,0.));
#4006=CARTESIAN_POINT('Origin',(-3.675,0.749999999999999,-0.225));
#4007=CARTESIAN_POINT('',(-3.575,0.749999999999999,0.));
#4008=CARTESIAN_POINT('',(-3.575,0.749999999999999,0.));
#4009=CARTESIAN_POINT('',(-3.575,0.749999999999999,-0.125));
#4010=CARTESIAN_POINT('',(-3.575,0.749999999999999,0.));
#4011=CARTESIAN_POINT('',(-3.675,0.749999999999999,-0.125));
#4012=CARTESIAN_POINT('',(-3.575,0.749999999999999,-0.125));
#4013=CARTESIAN_POINT('Origin',(-3.675,0.75,-0.225));
#4014=CARTESIAN_POINT('Origin',(3.9,0.75,0.0320796326794898));
#4015=CARTESIAN_POINT('',(3.775,0.75,-0.225));
#4016=CARTESIAN_POINT('',(3.775,0.750000000000001,-1.29292036732051));
#4017=CARTESIAN_POINT('',(3.675,0.75,-0.125));
#4018=CARTESIAN_POINT('Origin',(3.675,0.75,-0.225));
#4019=CARTESIAN_POINT('',(3.575,0.75,-0.125));
#4020=CARTESIAN_POINT('',(4.9,0.750000000000001,-0.125));
#4021=CARTESIAN_POINT('',(3.575,0.75,0.));
#4022=CARTESIAN_POINT('',(3.575,0.75,0.));
#4023=CARTESIAN_POINT('',(3.675,0.75,0.));
#4024=CARTESIAN_POINT('',(4.9,0.750000000000001,0.));
#4025=CARTESIAN_POINT('',(3.9,0.75,-0.225));
#4026=CARTESIAN_POINT('Origin',(3.675,0.75,-0.225));
#4027=CARTESIAN_POINT('',(3.9,0.750000000000001,-1.29292036732051));
#4028=CARTESIAN_POINT('Origin',(3.77500000000001,1.7,3.60707963267949));
#4029=CARTESIAN_POINT('',(3.775,1.16492645547805E-15,-0.225));
#4030=CARTESIAN_POINT('',(3.775,1.62263365137523E-15,0.70707963267949));
#4031=CARTESIAN_POINT('',(3.775,0.85,-0.225));
#4032=CARTESIAN_POINT('Origin',(-3.90000000000001,1.7,3.60707963267949));
#4033=CARTESIAN_POINT('',(-3.9,-1.25403149835762E-16,-0.225));
#4034=CARTESIAN_POINT('',(-3.9,0.,-1.29292036732051));
#4035=CARTESIAN_POINT('',(-3.9,0.85,-0.225));
#4036=CARTESIAN_POINT('Origin',(-3.675,0.381935412752241,-0.225));
#4037=CARTESIAN_POINT('',(-3.675,-1.43848608238692E-16,-0.125));
#4038=CARTESIAN_POINT('',(-3.675,0.85,-0.125));
#4039=CARTESIAN_POINT('Origin',(-3.675,-1.38777878078145E-16,-0.225));
#4040=CARTESIAN_POINT('Origin',(-3.9,-2.34854870593783E-16,0.70707963267949));
#4041=CARTESIAN_POINT('',(-2.9,-2.77555756156289E-16,-0.125));
#4042=CARTESIAN_POINT('',(-4.9,0.,-0.125));
#4043=CARTESIAN_POINT('',(-2.9,-2.34854870593783E-16,0.));
#4044=CARTESIAN_POINT('',(-2.9,-2.34854870593783E-16,0.));
#4045=CARTESIAN_POINT('',(-3.675,-1.43848608238692E-16,0.));
#4046=CARTESIAN_POINT('',(-4.9,0.,0.));
#4047=CARTESIAN_POINT('Origin',(-3.675,-1.38777878078145E-16,-0.225));
#4048=CARTESIAN_POINT('Origin',(0.,1.7,-0.125));
#4049=CARTESIAN_POINT('',(-3.45,0.875,-0.125));
#4050=CARTESIAN_POINT('Origin',(-3.575,0.875,-0.125));
#4051=CARTESIAN_POINT('',(-3.45,3.15,-0.125));
#4052=CARTESIAN_POINT('',(-3.45,3.15,-0.125));
#4053=CARTESIAN_POINT('',(-3.2,3.4,-0.125));
#4054=CARTESIAN_POINT('Origin',(-3.2,3.15,-0.125));
#4055=CARTESIAN_POINT('',(3.2,3.4,-0.125));
#4056=CARTESIAN_POINT('',(3.2,3.4,-0.125));
#4057=CARTESIAN_POINT('',(3.45,3.15,-0.125));
#4058=CARTESIAN_POINT('Origin',(3.2,3.15,-0.125));
#4059=CARTESIAN_POINT('',(3.45,0.874999999999999,-0.125));
#4060=CARTESIAN_POINT('',(3.45,0.874999999999999,-0.125));
#4061=CARTESIAN_POINT('Origin',(3.575,0.875,-0.125));
#4062=CARTESIAN_POINT('',(3.675,1.24206200879939E-15,-0.125));
#4063=CARTESIAN_POINT('',(3.675,0.85,-0.125));
#4064=CARTESIAN_POINT('',(2.9,1.66533453693773E-15,-0.125));
#4065=CARTESIAN_POINT('',(2.9,1.62263365137523E-15,-0.125));
#4066=CARTESIAN_POINT('',(2.9,0.5,-0.125));
#4067=CARTESIAN_POINT('',(2.9,0.5,-0.125));
#4068=CARTESIAN_POINT('',(2.4,0.5,-0.125));
#4069=CARTESIAN_POINT('Origin',(2.65,0.5,-0.125));
#4070=CARTESIAN_POINT('',(2.4,0.1,-0.125));
#4071=CARTESIAN_POINT('',(2.4,0.1,-0.125));
#4072=CARTESIAN_POINT('',(-2.4,0.1,-0.125));
#4073=CARTESIAN_POINT('',(-2.4,0.1,-0.125));
#4074=CARTESIAN_POINT('',(-2.4,0.5,-0.125));
#4075=CARTESIAN_POINT('',(-2.4,0.5,-0.125));
#4076=CARTESIAN_POINT('',(-2.9,0.5,-0.125));
#4077=CARTESIAN_POINT('Origin',(-2.65,0.5,-0.125));
#4078=CARTESIAN_POINT('',(-2.9,-2.34854870593783E-16,-0.125));
#4079=CARTESIAN_POINT('',(-1.4,0.85,-0.125));
#4080=CARTESIAN_POINT('',(1.4,0.85,-0.125));
#4081=CARTESIAN_POINT('',(1.4,0.85,-0.125));
#4082=CARTESIAN_POINT('',(1.6,1.05,-0.125));
#4083=CARTESIAN_POINT('Origin',(1.4,1.05,-0.125));
#4084=CARTESIAN_POINT('',(1.6,2.35,-0.125));
#4085=CARTESIAN_POINT('',(1.6,2.35,-0.125));
#4086=CARTESIAN_POINT('',(1.4,2.55,-0.125));
#4087=CARTESIAN_POINT('Origin',(1.4,2.35,-0.125));
#4088=CARTESIAN_POINT('',(-1.4,2.55,-0.125));
#4089=CARTESIAN_POINT('',(-1.4,2.55,-0.125));
#4090=CARTESIAN_POINT('',(-1.6,2.35,-0.125));
#4091=CARTESIAN_POINT('Origin',(-1.4,2.35,-0.125));
#4092=CARTESIAN_POINT('',(-1.6,1.05,-0.125));
#4093=CARTESIAN_POINT('',(-1.6,1.05,-0.125));
#4094=CARTESIAN_POINT('Origin',(-1.4,1.05,-0.125));
#4095=CARTESIAN_POINT('',(2.9,1.075,-0.125));
#4096=CARTESIAN_POINT('',(2.9,2.325,-0.125));
#4097=CARTESIAN_POINT('',(2.9,2.325,-0.125));
#4098=CARTESIAN_POINT('',(2.775,2.45,-0.125));
#4099=CARTESIAN_POINT('Origin',(2.775,2.325,-0.125));
#4100=CARTESIAN_POINT('',(2.525,2.45,-0.125));
#4101=CARTESIAN_POINT('',(2.525,2.45,-0.125));
#4102=CARTESIAN_POINT('',(2.4,2.325,-0.125));
#4103=CARTESIAN_POINT('Origin',(2.525,2.325,-0.125));
#4104=CARTESIAN_POINT('',(2.4,1.075,-0.125));
#4105=CARTESIAN_POINT('',(2.4,1.075,-0.125));
#4106=CARTESIAN_POINT('',(2.525,0.95,-0.125));
#4107=CARTESIAN_POINT('Origin',(2.525,1.075,-0.125));
#4108=CARTESIAN_POINT('',(2.775,0.95,-0.125));
#4109=CARTESIAN_POINT('',(2.775,0.95,-0.125));
#4110=CARTESIAN_POINT('Origin',(2.775,1.075,-0.125));
#4111=CARTESIAN_POINT('',(-2.775,0.95,-0.125));
#4112=CARTESIAN_POINT('',(-2.525,0.95,-0.125));
#4113=CARTESIAN_POINT('',(-2.525,0.95,-0.125));
#4114=CARTESIAN_POINT('',(-2.4,1.075,-0.125));
#4115=CARTESIAN_POINT('Origin',(-2.525,1.075,-0.125));
#4116=CARTESIAN_POINT('',(-2.4,2.325,-0.125));
#4117=CARTESIAN_POINT('',(-2.4,2.325,-0.125));
#4118=CARTESIAN_POINT('',(-2.525,2.45,-0.125));
#4119=CARTESIAN_POINT('Origin',(-2.525,2.325,-0.125));
#4120=CARTESIAN_POINT('',(-2.775,2.45,-0.125));
#4121=CARTESIAN_POINT('',(-2.775,2.45,-0.125));
#4122=CARTESIAN_POINT('',(-2.9,2.325,-0.125));
#4123=CARTESIAN_POINT('Origin',(-2.775,2.325,-0.125));
#4124=CARTESIAN_POINT('',(-2.9,1.075,-0.125));
#4125=CARTESIAN_POINT('',(-2.9,1.075,-0.125));
#4126=CARTESIAN_POINT('Origin',(-2.775,1.075,-0.125));
#4127=CARTESIAN_POINT('Origin',(-3.675,0.381935412752241,-0.225));
#4128=CARTESIAN_POINT('',(-3.675,0.85,0.));
#4129=CARTESIAN_POINT('Origin',(3.9,6.4051328343759E-16,-1.29292036732051));
#4130=CARTESIAN_POINT('',(3.9,1.16492645547805E-15,-0.225));
#4131=CARTESIAN_POINT('',(3.9,1.62263365137523E-15,0.70707963267949));
#4132=CARTESIAN_POINT('',(3.675,1.24206200879939E-15,0.));
#4133=CARTESIAN_POINT('Origin',(3.675,1.2490009027033E-15,-0.225));
#4134=CARTESIAN_POINT('',(2.9,1.62263365137523E-15,0.));
#4135=CARTESIAN_POINT('',(2.9,1.62263365137523E-15,0.));
#4136=CARTESIAN_POINT('',(2.9,1.62263365137523E-15,0.));
#4137=CARTESIAN_POINT('Origin',(3.675,1.17961196366423E-15,-0.225));
#4138=CARTESIAN_POINT('Origin',(3.675,0.375,-0.225));
#4139=CARTESIAN_POINT('',(3.9,0.85,-0.225));
#4140=CARTESIAN_POINT('',(3.675,0.85,0.));
#4141=CARTESIAN_POINT('Origin',(3.90000000000001,1.7,3.60707963267949));
#4142=CARTESIAN_POINT('Origin',(-2.775,1.075,0.));
#4143=CARTESIAN_POINT('',(-2.775,0.95,0.));
#4144=CARTESIAN_POINT('',(-2.9,1.075,0.));
#4145=CARTESIAN_POINT('Origin',(-2.775,1.075,0.));
#4146=CARTESIAN_POINT('',(-2.775,0.95,0.));
#4147=CARTESIAN_POINT('',(-2.9,1.075,0.));
#4148=CARTESIAN_POINT('Origin',(-2.9,2.325,0.));
#4149=CARTESIAN_POINT('',(-2.9,2.325,0.));
#4150=CARTESIAN_POINT('',(-2.9,1.075,0.));
#4151=CARTESIAN_POINT('',(-2.9,2.325,0.));
#4152=CARTESIAN_POINT('Origin',(-2.775,2.325,0.));
#4153=CARTESIAN_POINT('',(-2.775,2.45,0.));
#4154=CARTESIAN_POINT('Origin',(-2.775,2.325,0.));
#4155=CARTESIAN_POINT('',(-2.775,2.45,0.));
#4156=CARTESIAN_POINT('Origin',(-2.525,2.45,0.));
#4157=CARTESIAN_POINT('',(-2.525,2.45,0.));
#4158=CARTESIAN_POINT('',(-2.775,2.45,0.));
#4159=CARTESIAN_POINT('',(-2.525,2.45,0.));
#4160=CARTESIAN_POINT('Origin',(-2.525,2.325,0.));
#4161=CARTESIAN_POINT('',(-2.4,2.325,0.));
#4162=CARTESIAN_POINT('Origin',(-2.525,2.325,0.));
#4163=CARTESIAN_POINT('',(-2.4,2.325,0.));
#4164=CARTESIAN_POINT('Origin',(-2.4,1.075,0.));
#4165=CARTESIAN_POINT('',(-2.4,1.075,0.));
#4166=CARTESIAN_POINT('',(-2.4,2.325,0.));
#4167=CARTESIAN_POINT('',(-2.4,1.075,0.));
#4168=CARTESIAN_POINT('Origin',(-2.525,1.075,0.));
#4169=CARTESIAN_POINT('',(-2.525,0.95,0.));
#4170=CARTESIAN_POINT('Origin',(-2.525,1.075,0.));
#4171=CARTESIAN_POINT('',(-2.525,0.95,0.));
#4172=CARTESIAN_POINT('Origin',(-2.775,0.95,0.));
#4173=CARTESIAN_POINT('',(-2.525,0.95,0.));
#4174=CARTESIAN_POINT('Origin',(2.775,1.075,0.));
#4175=CARTESIAN_POINT('',(2.9,1.075,0.));
#4176=CARTESIAN_POINT('',(2.775,0.95,0.));
#4177=CARTESIAN_POINT('Origin',(2.775,1.075,0.));
#4178=CARTESIAN_POINT('',(2.9,1.075,0.));
#4179=CARTESIAN_POINT('',(2.775,0.95,0.));
#4180=CARTESIAN_POINT('Origin',(2.525,0.95,0.));
#4181=CARTESIAN_POINT('',(2.525,0.95,0.));
#4182=CARTESIAN_POINT('',(2.775,0.95,0.));
#4183=CARTESIAN_POINT('',(2.525,0.95,0.));
#4184=CARTESIAN_POINT('Origin',(2.525,1.075,0.));
#4185=CARTESIAN_POINT('',(2.4,1.075,0.));
#4186=CARTESIAN_POINT('Origin',(2.525,1.075,0.));
#4187=CARTESIAN_POINT('',(2.4,1.075,0.));
#4188=CARTESIAN_POINT('Origin',(2.4,2.325,0.));
#4189=CARTESIAN_POINT('',(2.4,2.325,0.));
#4190=CARTESIAN_POINT('',(2.4,1.075,0.));
#4191=CARTESIAN_POINT('',(2.4,2.325,0.));
#4192=CARTESIAN_POINT('Origin',(2.525,2.325,0.));
#4193=CARTESIAN_POINT('',(2.525,2.45,0.));
#4194=CARTESIAN_POINT('Origin',(2.525,2.325,0.));
#4195=CARTESIAN_POINT('',(2.525,2.45,0.));
#4196=CARTESIAN_POINT('Origin',(2.775,2.45,0.));
#4197=CARTESIAN_POINT('',(2.775,2.45,0.));
#4198=CARTESIAN_POINT('',(2.525,2.45,0.));
#4199=CARTESIAN_POINT('',(2.775,2.45,0.));
#4200=CARTESIAN_POINT('Origin',(2.775,2.325,0.));
#4201=CARTESIAN_POINT('',(2.9,2.325,0.));
#4202=CARTESIAN_POINT('Origin',(2.775,2.325,0.));
#4203=CARTESIAN_POINT('',(2.9,2.325,0.));
#4204=CARTESIAN_POINT('Origin',(2.9,1.075,0.));
#4205=CARTESIAN_POINT('',(2.9,2.325,0.));
#4206=CARTESIAN_POINT('Origin',(-1.4,1.05,0.));
#4207=CARTESIAN_POINT('',(-1.4,0.85,0.));
#4208=CARTESIAN_POINT('',(-1.6,1.05,0.));
#4209=CARTESIAN_POINT('Origin',(-1.4,1.05,0.));
#4210=CARTESIAN_POINT('',(-1.4,0.85,0.));
#4211=CARTESIAN_POINT('',(-1.6,1.05,0.));
#4212=CARTESIAN_POINT('Origin',(-1.6,2.35,0.));
#4213=CARTESIAN_POINT('',(-1.6,2.35,0.));
#4214=CARTESIAN_POINT('',(-1.6,1.05,0.));
#4215=CARTESIAN_POINT('',(-1.6,2.35,0.));
#4216=CARTESIAN_POINT('Origin',(-1.4,2.35,0.));
#4217=CARTESIAN_POINT('',(-1.4,2.55,0.));
#4218=CARTESIAN_POINT('Origin',(-1.4,2.35,0.));
#4219=CARTESIAN_POINT('',(-1.4,2.55,0.));
#4220=CARTESIAN_POINT('Origin',(1.4,2.55,0.));
#4221=CARTESIAN_POINT('',(1.4,2.55,0.));
#4222=CARTESIAN_POINT('',(-1.4,2.55,0.));
#4223=CARTESIAN_POINT('',(1.4,2.55,0.));
#4224=CARTESIAN_POINT('Origin',(1.4,2.35,0.));
#4225=CARTESIAN_POINT('',(1.6,2.35,0.));
#4226=CARTESIAN_POINT('Origin',(1.4,2.35,0.));
#4227=CARTESIAN_POINT('',(1.6,2.35,0.));
#4228=CARTESIAN_POINT('Origin',(1.6,1.05,0.));
#4229=CARTESIAN_POINT('',(1.6,1.05,0.));
#4230=CARTESIAN_POINT('',(1.6,2.35,0.));
#4231=CARTESIAN_POINT('',(1.6,1.05,0.));
#4232=CARTESIAN_POINT('Origin',(1.4,1.05,0.));
#4233=CARTESIAN_POINT('',(1.4,0.85,0.));
#4234=CARTESIAN_POINT('Origin',(1.4,1.05,0.));
#4235=CARTESIAN_POINT('',(1.4,0.85,0.));
#4236=CARTESIAN_POINT('Origin',(-1.4,0.85,0.));
#4237=CARTESIAN_POINT('',(1.4,0.85,0.));
#4238=CARTESIAN_POINT('Origin',(3.45,3.15,0.));
#4239=CARTESIAN_POINT('',(3.45,0.874999999999999,0.));
#4240=CARTESIAN_POINT('',(3.45,3.15,0.));
#4241=CARTESIAN_POINT('',(3.45,0.874999999999999,0.));
#4242=CARTESIAN_POINT('',(3.45,0.874999999999999,0.));
#4243=CARTESIAN_POINT('',(3.45,3.15,0.));
#4244=CARTESIAN_POINT('Origin',(3.2,3.15,0.));
#4245=CARTESIAN_POINT('',(3.2,3.4,0.));
#4246=CARTESIAN_POINT('Origin',(3.2,3.15,0.));
#4247=CARTESIAN_POINT('',(3.2,3.4,0.));
#4248=CARTESIAN_POINT('Origin',(-3.2,3.4,0.));
#4249=CARTESIAN_POINT('',(-3.2,3.4,0.));
#4250=CARTESIAN_POINT('',(3.2,3.4,0.));
#4251=CARTESIAN_POINT('',(-3.2,3.4,0.));
#4252=CARTESIAN_POINT('Origin',(-3.2,3.15,0.));
#4253=CARTESIAN_POINT('',(-3.45,3.15,0.));
#4254=CARTESIAN_POINT('Origin',(-3.2,3.15,0.));
#4255=CARTESIAN_POINT('',(-3.45,3.15,0.));
#4256=CARTESIAN_POINT('Origin',(-3.45,0.875,0.));
#4257=CARTESIAN_POINT('',(-3.45,0.875,0.));
#4258=CARTESIAN_POINT('',(-3.45,3.15,0.));
#4259=CARTESIAN_POINT('',(-3.45,0.875,0.));
#4260=CARTESIAN_POINT('Origin',(-3.575,0.875,0.));
#4261=CARTESIAN_POINT('Origin',(-3.575,0.875,0.));
#4262=CARTESIAN_POINT('Origin',(-2.9,0.5,0.));
#4263=CARTESIAN_POINT('',(-2.9,0.5,0.));
#4264=CARTESIAN_POINT('',(-2.9,-2.34854870593783E-16,0.));
#4265=CARTESIAN_POINT('',(-2.9,0.5,0.));
#4266=CARTESIAN_POINT('Origin',(-2.65,0.5,0.));
#4267=CARTESIAN_POINT('',(-2.4,0.5,0.));
#4268=CARTESIAN_POINT('Origin',(-2.65,0.5,0.));
#4269=CARTESIAN_POINT('',(-2.4,0.5,0.));
#4270=CARTESIAN_POINT('Origin',(-2.4,0.1,0.));
#4271=CARTESIAN_POINT('',(-2.4,0.1,0.));
#4272=CARTESIAN_POINT('',(-2.4,0.5,0.));
#4273=CARTESIAN_POINT('',(-2.4,0.1,0.));
#4274=CARTESIAN_POINT('Origin',(2.4,0.1,0.));
#4275=CARTESIAN_POINT('',(2.4,0.1,0.));
#4276=CARTESIAN_POINT('',(-2.4,0.1,0.));
#4277=CARTESIAN_POINT('',(2.4,0.1,0.));
#4278=CARTESIAN_POINT('Origin',(2.4,0.5,0.));
#4279=CARTESIAN_POINT('',(2.4,0.5,0.));
#4280=CARTESIAN_POINT('',(2.4,0.1,0.));
#4281=CARTESIAN_POINT('',(2.4,0.5,0.));
#4282=CARTESIAN_POINT('Origin',(2.65,0.5,0.));
#4283=CARTESIAN_POINT('',(2.9,0.5,0.));
#4284=CARTESIAN_POINT('Origin',(2.65,0.5,0.));
#4285=CARTESIAN_POINT('',(2.9,0.5,0.));
#4286=CARTESIAN_POINT('Origin',(2.9,1.59594559789866E-15,0.));
#4287=CARTESIAN_POINT('',(2.9,0.5,0.));
#4288=CARTESIAN_POINT('Origin',(3.575,0.875,0.));
#4289=CARTESIAN_POINT('Origin',(3.575,0.875,0.));
#4290=CARTESIAN_POINT('Origin',(0.,1.7,0.));
#4291=CARTESIAN_POINT('Origin',(3.675,0.375,-0.225));
#4292=CARTESIAN_POINT('Ctrl Pts',(2.4,1.075,0.174999999999999));
#4293=CARTESIAN_POINT('Ctrl Pts',(2.4,0.95,0.174999999999999));
#4294=CARTESIAN_POINT('Ctrl Pts',(2.525,0.95,0.174999999999999));
#4295=CARTESIAN_POINT('Ctrl Pts',(2.4,1.075,0.275));
#4296=CARTESIAN_POINT('Ctrl Pts',(2.4,0.95,0.275));
#4297=CARTESIAN_POINT('Ctrl Pts',(2.525,0.95,0.275));
#4298=CARTESIAN_POINT('Ctrl Pts',(2.5,1.075,0.274999999999999));
#4299=CARTESIAN_POINT('Ctrl Pts',(2.5,1.05,0.274999999999999));
#4300=CARTESIAN_POINT('Ctrl Pts',(2.525,1.05,0.274999999999999));
#4301=CARTESIAN_POINT('',(2.5,1.075,0.274999999999999));
#4302=CARTESIAN_POINT('',(2.4,1.075,0.174999999999999));
#4303=CARTESIAN_POINT('Origin',(2.5,1.075,0.174999999999999));
#4304=CARTESIAN_POINT('',(2.525,0.95,0.174999999999999));
#4305=CARTESIAN_POINT('Origin',(2.525,1.075,0.174999999999999));
#4306=CARTESIAN_POINT('',(2.525,1.05,0.274999999999999));
#4307=CARTESIAN_POINT('Origin',(2.525,1.05,0.174999999999999));
#4308=CARTESIAN_POINT('Origin',(2.525,1.075,0.274999999999999));
#4309=CARTESIAN_POINT('Origin',(2.5875,1.05,0.174999999999999));
#4310=CARTESIAN_POINT('',(2.775,0.95,0.174999999999999));
#4311=CARTESIAN_POINT('',(2.775,1.05,0.274999999999999));
#4312=CARTESIAN_POINT('Origin',(2.775,1.05,0.174999999999999));
#4313=CARTESIAN_POINT('',(2.5875,1.05,0.274999999999999));
#4314=CARTESIAN_POINT('',(2.5875,0.95,0.174999999999999));
#4315=CARTESIAN_POINT('Ctrl Pts',(2.775,0.95,0.174999999999999));
#4316=CARTESIAN_POINT('Ctrl Pts',(2.9,0.95,0.174999999999999));
#4317=CARTESIAN_POINT('Ctrl Pts',(2.9,1.075,0.174999999999999));
#4318=CARTESIAN_POINT('Ctrl Pts',(2.775,0.95,0.275));
#4319=CARTESIAN_POINT('Ctrl Pts',(2.9,0.95,0.275));
#4320=CARTESIAN_POINT('Ctrl Pts',(2.9,1.075,0.275));
#4321=CARTESIAN_POINT('Ctrl Pts',(2.775,1.05,0.274999999999999));
#4322=CARTESIAN_POINT('Ctrl Pts',(2.8,1.05,0.274999999999999));
#4323=CARTESIAN_POINT('Ctrl Pts',(2.8,1.075,0.274999999999999));
#4324=CARTESIAN_POINT('',(2.9,1.075,0.174999999999999));
#4325=CARTESIAN_POINT('',(2.8,1.075,0.274999999999999));
#4326=CARTESIAN_POINT('Origin',(2.8,1.075,0.174999999999999));
#4327=CARTESIAN_POINT('Origin',(2.775,1.075,0.274999999999999));
#4328=CARTESIAN_POINT('Origin',(2.775,1.075,0.174999999999999));
#4329=CARTESIAN_POINT('Origin',(2.8,1.3875,0.174999999999999));
#4330=CARTESIAN_POINT('',(2.9,2.325,0.174999999999999));
#4331=CARTESIAN_POINT('',(2.8,2.325,0.274999999999999));
#4332=CARTESIAN_POINT('Origin',(2.8,2.325,0.174999999999999));
#4333=CARTESIAN_POINT('',(2.8,1.3875,0.274999999999999));
#4334=CARTESIAN_POINT('',(2.9,1.3875,0.174999999999999));
#4335=CARTESIAN_POINT('Ctrl Pts',(2.9,2.325,0.174999999999999));
#4336=CARTESIAN_POINT('Ctrl Pts',(2.9,2.45,0.174999999999999));
#4337=CARTESIAN_POINT('Ctrl Pts',(2.775,2.45,0.174999999999999));
#4338=CARTESIAN_POINT('Ctrl Pts',(2.9,2.325,0.275));
#4339=CARTESIAN_POINT('Ctrl Pts',(2.9,2.45,0.275));
#4340=CARTESIAN_POINT('Ctrl Pts',(2.775,2.45,0.275));
#4341=CARTESIAN_POINT('Ctrl Pts',(2.8,2.325,0.274999999999999));
#4342=CARTESIAN_POINT('Ctrl Pts',(2.8,2.35,0.274999999999999));
#4343=CARTESIAN_POINT('Ctrl Pts',(2.775,2.35,0.274999999999999));
#4344=CARTESIAN_POINT('',(2.775,2.45,0.174999999999999));
#4345=CARTESIAN_POINT('',(2.775,2.35,0.274999999999999));
#4346=CARTESIAN_POINT('Origin',(2.775,2.35,0.174999999999999));
#4347=CARTESIAN_POINT('Origin',(2.775,2.325,0.274999999999999));
#4348=CARTESIAN_POINT('Origin',(2.775,2.325,0.174999999999999));
#4349=CARTESIAN_POINT('Origin',(2.7125,2.35,0.174999999999999));
#4350=CARTESIAN_POINT('',(2.525,2.45,0.174999999999999));
#4351=CARTESIAN_POINT('',(2.525,2.35,0.274999999999999));
#4352=CARTESIAN_POINT('Origin',(2.525,2.35,0.174999999999999));
#4353=CARTESIAN_POINT('',(2.7125,2.35,0.274999999999999));
#4354=CARTESIAN_POINT('',(2.7125,2.45,0.174999999999999));
#4355=CARTESIAN_POINT('Ctrl Pts',(2.525,2.45,0.174999999999999));
#4356=CARTESIAN_POINT('Ctrl Pts',(2.4,2.45,0.174999999999999));
#4357=CARTESIAN_POINT('Ctrl Pts',(2.4,2.325,0.174999999999999));
#4358=CARTESIAN_POINT('Ctrl Pts',(2.525,2.45,0.275));
#4359=CARTESIAN_POINT('Ctrl Pts',(2.4,2.45,0.275));
#4360=CARTESIAN_POINT('Ctrl Pts',(2.4,2.325,0.275));
#4361=CARTESIAN_POINT('Ctrl Pts',(2.525,2.35,0.274999999999999));
#4362=CARTESIAN_POINT('Ctrl Pts',(2.5,2.35,0.274999999999999));
#4363=CARTESIAN_POINT('Ctrl Pts',(2.5,2.325,0.274999999999999));
#4364=CARTESIAN_POINT('',(2.4,2.325,0.174999999999999));
#4365=CARTESIAN_POINT('',(2.5,2.325,0.274999999999999));
#4366=CARTESIAN_POINT('Origin',(2.5,2.325,0.174999999999999));
#4367=CARTESIAN_POINT('Origin',(2.525,2.325,0.274999999999999));
#4368=CARTESIAN_POINT('Origin',(2.525,2.325,0.174999999999999));
#4369=CARTESIAN_POINT('Origin',(2.5,2.0125,0.174999999999999));
#4370=CARTESIAN_POINT('',(2.5,2.0125,0.274999999999999));
#4371=CARTESIAN_POINT('',(2.4,2.0125,0.174999999999999));
#4372=CARTESIAN_POINT('Origin',(2.9,1.075,-0.125000000000001));
#4373=CARTESIAN_POINT('',(2.9,1.075,-0.125000000000001));
#4374=CARTESIAN_POINT('',(2.9,1.075,-0.125000000000001));
#4375=CARTESIAN_POINT('',(2.9,2.325,-0.125000000000001));
#4376=CARTESIAN_POINT('',(2.9,0.537499999999999,-0.125000000000001));
#4377=CARTESIAN_POINT('',(2.9,2.325,-0.125000000000001));
#4378=CARTESIAN_POINT('Origin',(2.775,1.075,-0.125000000000001));
#4379=CARTESIAN_POINT('',(2.775,0.95,-0.125000000000001));
#4380=CARTESIAN_POINT('',(2.775,0.95,-0.125000000000001));
#4381=CARTESIAN_POINT('Origin',(2.775,1.075,-0.125));
#4382=CARTESIAN_POINT('Origin',(2.525,0.95,-0.125000000000001));
#4383=CARTESIAN_POINT('',(2.525,0.95,-0.125000000000001));
#4384=CARTESIAN_POINT('',(2.525,0.95,-0.125000000000001));
#4385=CARTESIAN_POINT('',(-0.4625,0.950000000000002,-0.125));
#4386=CARTESIAN_POINT('Origin',(2.525,1.075,-0.125000000000001));
#4387=CARTESIAN_POINT('',(2.4,1.075,-0.125000000000001));
#4388=CARTESIAN_POINT('',(2.4,1.075,-0.125000000000001));
#4389=CARTESIAN_POINT('Origin',(2.525,1.075,-0.125));
#4390=CARTESIAN_POINT('Origin',(2.65,1.7,0.274999999999999));
#4391=CARTESIAN_POINT('Ctrl Pts',(-2.9,1.075,0.175));
#4392=CARTESIAN_POINT('Ctrl Pts',(-2.9,0.95,0.175));
#4393=CARTESIAN_POINT('Ctrl Pts',(-2.775,0.95,0.175));
#4394=CARTESIAN_POINT('Ctrl Pts',(-2.9,1.075,0.275));
#4395=CARTESIAN_POINT('Ctrl Pts',(-2.9,0.95,0.275));
#4396=CARTESIAN_POINT('Ctrl Pts',(-2.775,0.95,0.275));
#4397=CARTESIAN_POINT('Ctrl Pts',(-2.8,1.075,0.275));
#4398=CARTESIAN_POINT('Ctrl Pts',(-2.8,1.05,0.275));
#4399=CARTESIAN_POINT('Ctrl Pts',(-2.775,1.05,0.275));
#4400=CARTESIAN_POINT('',(-2.8,1.075,0.275));
#4401=CARTESIAN_POINT('',(-2.9,1.075,0.175));
#4402=CARTESIAN_POINT('Origin',(-2.8,1.075,0.175));
#4403=CARTESIAN_POINT('',(-2.775,0.95,0.175));
#4404=CARTESIAN_POINT('Origin',(-2.775,1.075,0.175));
#4405=CARTESIAN_POINT('',(-2.775,1.05,0.275));
#4406=CARTESIAN_POINT('Origin',(-2.775,1.05,0.175));
#4407=CARTESIAN_POINT('Origin',(-2.775,1.075,0.275));
#4408=CARTESIAN_POINT('Origin',(-2.7125,1.05,0.175));
#4409=CARTESIAN_POINT('',(-2.525,0.95,0.175));
#4410=CARTESIAN_POINT('',(-2.525,1.05,0.275));
#4411=CARTESIAN_POINT('Origin',(-2.525,1.05,0.175));
#4412=CARTESIAN_POINT('',(-2.7125,1.05,0.275));
#4413=CARTESIAN_POINT('',(-2.7125,0.95,0.175));
#4414=CARTESIAN_POINT('Ctrl Pts',(-2.525,0.95,0.175));
#4415=CARTESIAN_POINT('Ctrl Pts',(-2.4,0.95,0.175));
#4416=CARTESIAN_POINT('Ctrl Pts',(-2.4,1.075,0.175));
#4417=CARTESIAN_POINT('Ctrl Pts',(-2.525,0.95,0.275000000000001));
#4418=CARTESIAN_POINT('Ctrl Pts',(-2.4,0.95,0.275000000000001));
#4419=CARTESIAN_POINT('Ctrl Pts',(-2.4,1.075,0.275000000000001));
#4420=CARTESIAN_POINT('Ctrl Pts',(-2.525,1.05,0.275));
#4421=CARTESIAN_POINT('Ctrl Pts',(-2.5,1.05,0.275));
#4422=CARTESIAN_POINT('Ctrl Pts',(-2.5,1.075,0.275));
#4423=CARTESIAN_POINT('',(-2.4,1.075,0.175));
#4424=CARTESIAN_POINT('',(-2.5,1.075,0.275));
#4425=CARTESIAN_POINT('Origin',(-2.5,1.075,0.175));
#4426=CARTESIAN_POINT('Origin',(-2.525,1.075,0.275));
#4427=CARTESIAN_POINT('Origin',(-2.525,1.075,0.175));
#4428=CARTESIAN_POINT('Origin',(-2.5,1.3875,0.175));
#4429=CARTESIAN_POINT('',(-2.4,2.325,0.175));
#4430=CARTESIAN_POINT('',(-2.5,2.325,0.275));
#4431=CARTESIAN_POINT('Origin',(-2.5,2.325,0.175));
#4432=CARTESIAN_POINT('',(-2.5,1.3875,0.275));
#4433=CARTESIAN_POINT('',(-2.4,1.3875,0.175));
#4434=CARTESIAN_POINT('Ctrl Pts',(-2.4,2.325,0.175));
#4435=CARTESIAN_POINT('Ctrl Pts',(-2.4,2.45,0.175));
#4436=CARTESIAN_POINT('Ctrl Pts',(-2.525,2.45,0.175));
#4437=CARTESIAN_POINT('Ctrl Pts',(-2.4,2.325,0.275));
#4438=CARTESIAN_POINT('Ctrl Pts',(-2.4,2.45,0.275));
#4439=CARTESIAN_POINT('Ctrl Pts',(-2.525,2.45,0.275000000000001));
#4440=CARTESIAN_POINT('Ctrl Pts',(-2.5,2.325,0.275));
#4441=CARTESIAN_POINT('Ctrl Pts',(-2.5,2.35,0.275));
#4442=CARTESIAN_POINT('Ctrl Pts',(-2.525,2.35,0.275));
#4443=CARTESIAN_POINT('',(-2.525,2.45,0.175));
#4444=CARTESIAN_POINT('',(-2.525,2.35,0.275));
#4445=CARTESIAN_POINT('Origin',(-2.525,2.35,0.175));
#4446=CARTESIAN_POINT('Origin',(-2.525,2.325,0.275));
#4447=CARTESIAN_POINT('Origin',(-2.525,2.325,0.175));
#4448=CARTESIAN_POINT('Origin',(-2.5875,2.35,0.175));
#4449=CARTESIAN_POINT('',(-2.775,2.45,0.175));
#4450=CARTESIAN_POINT('',(-2.775,2.35,0.275));
#4451=CARTESIAN_POINT('Origin',(-2.775,2.35,0.175));
#4452=CARTESIAN_POINT('',(-2.5875,2.35,0.275));
#4453=CARTESIAN_POINT('',(-2.5875,2.45,0.175));
#4454=CARTESIAN_POINT('Ctrl Pts',(-2.775,2.45,0.175));
#4455=CARTESIAN_POINT('Ctrl Pts',(-2.9,2.45,0.175));
#4456=CARTESIAN_POINT('Ctrl Pts',(-2.9,2.325,0.175));
#4457=CARTESIAN_POINT('Ctrl Pts',(-2.775,2.45,0.275000000000001));
#4458=CARTESIAN_POINT('Ctrl Pts',(-2.9,2.45,0.275000000000001));
#4459=CARTESIAN_POINT('Ctrl Pts',(-2.9,2.325,0.275000000000001));
#4460=CARTESIAN_POINT('Ctrl Pts',(-2.775,2.35,0.275));
#4461=CARTESIAN_POINT('Ctrl Pts',(-2.8,2.35,0.275));
#4462=CARTESIAN_POINT('Ctrl Pts',(-2.8,2.325,0.275));
#4463=CARTESIAN_POINT('',(-2.9,2.325,0.175));
#4464=CARTESIAN_POINT('',(-2.8,2.325,0.275));
#4465=CARTESIAN_POINT('Origin',(-2.8,2.325,0.175));
#4466=CARTESIAN_POINT('Origin',(-2.775,2.325,0.275));
#4467=CARTESIAN_POINT('Origin',(-2.775,2.325,0.175));
#4468=CARTESIAN_POINT('Origin',(-2.8,2.0125,0.175));
#4469=CARTESIAN_POINT('',(-2.8,2.0125,0.275));
#4470=CARTESIAN_POINT('',(-2.9,2.0125,0.175));
#4471=CARTESIAN_POINT('Origin',(-2.4,1.075,-0.125));
#4472=CARTESIAN_POINT('',(-2.4,1.075,-0.125));
#4473=CARTESIAN_POINT('',(-2.4,1.075,-0.125));
#4474=CARTESIAN_POINT('',(-2.4,2.325,-0.125));
#4475=CARTESIAN_POINT('',(-2.4,0.5375,-0.125));
#4476=CARTESIAN_POINT('',(-2.4,2.325,-0.125));
#4477=CARTESIAN_POINT('Origin',(-2.525,1.075,-0.125));
#4478=CARTESIAN_POINT('',(-2.525,0.95,-0.125));
#4479=CARTESIAN_POINT('',(-2.525,0.95,-0.125));
#4480=CARTESIAN_POINT('Origin',(-2.525,1.075,-0.125));
#4481=CARTESIAN_POINT('Origin',(-2.775,0.95,-0.125));
#4482=CARTESIAN_POINT('',(-2.775,0.95,-0.125));
#4483=CARTESIAN_POINT('',(-2.775,0.95,-0.125));
#4484=CARTESIAN_POINT('',(-3.1125,0.95,-0.125));
#4485=CARTESIAN_POINT('Origin',(-2.775,1.075,-0.125));
#4486=CARTESIAN_POINT('',(-2.9,1.075,-0.125));
#4487=CARTESIAN_POINT('',(-2.9,1.075,-0.125));
#4488=CARTESIAN_POINT('Origin',(-2.775,1.075,-0.125));
#4489=CARTESIAN_POINT('Origin',(-2.65,1.7,0.275));
#4490=CARTESIAN_POINT('Origin',(2.775,2.325,-0.125000000000001));
#4491=CARTESIAN_POINT('',(2.775,2.45,-0.125000000000001));
#4492=CARTESIAN_POINT('Origin',(2.775,2.325,-0.125));
#4493=CARTESIAN_POINT('',(2.775,2.45,-0.125000000000001));
#4494=CARTESIAN_POINT('Origin',(2.4,2.325,-0.125000000000001));
#4495=CARTESIAN_POINT('',(2.4,2.325,-0.125000000000001));
#4496=CARTESIAN_POINT('',(2.4,2.325,-0.125000000000001));
#4497=CARTESIAN_POINT('',(2.4,1.1625,-0.125000000000001));
#4498=CARTESIAN_POINT('Origin',(2.525,2.325,-0.125000000000001));
#4499=CARTESIAN_POINT('',(2.525,2.45,-0.125000000000001));
#4500=CARTESIAN_POINT('',(2.525,2.45,-0.125000000000001));
#4501=CARTESIAN_POINT('Origin',(2.525,2.325,-0.125));
#4502=CARTESIAN_POINT('Origin',(2.775,2.45,-0.125000000000001));
#4503=CARTESIAN_POINT('',(-0.3375,2.45,-0.125));
#4504=CARTESIAN_POINT('Origin',(-2.9,2.325,-0.125));
#4505=CARTESIAN_POINT('',(-2.9,2.325,-0.125));
#4506=CARTESIAN_POINT('',(-2.9,2.325,-0.125));
#4507=CARTESIAN_POINT('',(-2.9,1.1625,-0.125));
#4508=CARTESIAN_POINT('Origin',(-2.775,2.325,-0.125));
#4509=CARTESIAN_POINT('',(-2.775,2.45,-0.125));
#4510=CARTESIAN_POINT('',(-2.775,2.45,-0.125));
#4511=CARTESIAN_POINT('Origin',(-2.775,2.325,-0.125));
#4512=CARTESIAN_POINT('Origin',(-2.525,2.45,-0.125));
#4513=CARTESIAN_POINT('',(-2.525,2.45,-0.125));
#4514=CARTESIAN_POINT('',(-2.525,2.45,-0.125));
#4515=CARTESIAN_POINT('',(-2.9875,2.45,-0.125));
#4516=CARTESIAN_POINT('Origin',(-2.525,2.325,-0.125));
#4517=CARTESIAN_POINT('Origin',(-2.525,2.325,-0.125));
#4518=CARTESIAN_POINT('Origin',(-1.8,0.1,-2.));
#4519=CARTESIAN_POINT('',(-1.8,0.1,-2.5));
#4520=CARTESIAN_POINT('',(-1.8,0.75,-2.5));
#4521=CARTESIAN_POINT('',(-1.8,0.05,-2.5));
#4522=CARTESIAN_POINT('',(-1.8,0.1,-2.));
#4523=CARTESIAN_POINT('',(-1.8,0.1,-1.0625));
#4524=CARTESIAN_POINT('',(-1.8,0.75,-2.));
#4525=CARTESIAN_POINT('',(-1.8,0.1,-2.));
#4526=CARTESIAN_POINT('',(-1.8,0.75,-2.15));
#4527=CARTESIAN_POINT('Origin',(-3.03002181276446,0.1,-2.));
#4528=CARTESIAN_POINT('',(-2.4,0.5,-2.));
#4529=CARTESIAN_POINT('',(-2.4,0.1,-2.));
#4530=CARTESIAN_POINT('',(-2.4,0.3,-2.));
#4531=CARTESIAN_POINT('',(-2.65,0.749999999999999,-2.));
#4532=CARTESIAN_POINT('Origin',(-2.65,0.5,-2.));
#4533=CARTESIAN_POINT('',(-1.51501090638223,0.75,-2.));
#4534=CARTESIAN_POINT('',(-2.71501090638223,0.1,-2.));
#4535=CARTESIAN_POINT('Origin',(1.8,0.1,-2.6));
#4536=CARTESIAN_POINT('',(1.8,0.75,-2.5));
#4537=CARTESIAN_POINT('',(1.8,0.1,-2.5));
#4538=CARTESIAN_POINT('',(1.8,0.05,-2.5));
#4539=CARTESIAN_POINT('',(1.8,0.75,-2.));
#4540=CARTESIAN_POINT('',(1.8,0.75,-2.45));
#4541=CARTESIAN_POINT('',(1.8,0.1,-2.));
#4542=CARTESIAN_POINT('',(1.8,0.1,-2.));
#4543=CARTESIAN_POINT('',(1.8,0.1,-1.3625));
#4544=CARTESIAN_POINT('Origin',(1.8,0.1,-2.));
#4545=CARTESIAN_POINT('',(2.4,0.5,-2.));
#4546=CARTESIAN_POINT('',(2.65,0.75,-2.));
#4547=CARTESIAN_POINT('Origin',(2.65,0.5,-2.));
#4548=CARTESIAN_POINT('',(2.4,0.1,-2.));
#4549=CARTESIAN_POINT('',(2.4,0.3,-2.));
#4550=CARTESIAN_POINT('',(-0.3,0.1,-2.));
#4551=CARTESIAN_POINT('',(0.9,0.75,-2.));
#4552=CARTESIAN_POINT('Origin',(2.95,0.,-2.5));
#4553=CARTESIAN_POINT('',(-3.45,0.75,-2.5));
#4554=CARTESIAN_POINT('',(-1.475,0.75,-2.5));
#4555=CARTESIAN_POINT('',(-3.45,2.9,-2.5));
#4556=CARTESIAN_POINT('',(-3.45,1.2875,-2.5));
#4557=CARTESIAN_POINT('',(-1.8,2.9,-2.5));
#4558=CARTESIAN_POINT('',(-1.725,2.89999999999999,-2.5));
#4559=CARTESIAN_POINT('',(-1.8,3.4,-2.5));
#4560=CARTESIAN_POINT('',(-1.8,1.7,-2.5));
#4561=CARTESIAN_POINT('',(1.8,3.4,-2.5));
#4562=CARTESIAN_POINT('',(3.45,3.4,-2.5));
#4563=CARTESIAN_POINT('',(1.8,2.9,-2.5));
#4564=CARTESIAN_POINT('',(1.8,1.7,-2.5));
#4565=CARTESIAN_POINT('',(3.45,2.9,-2.5));
#4566=CARTESIAN_POINT('',(2.6625,2.9,-2.5));
#4567=CARTESIAN_POINT('',(3.45,0.75,-2.5));
#4568=CARTESIAN_POINT('',(3.45,2.3625,-2.5));
#4569=CARTESIAN_POINT('',(1.475,0.75,-2.5));
#4570=CARTESIAN_POINT('',(2.675,0.1,-2.5));
#4571=CARTESIAN_POINT('Origin',(-2.4,3.4,-1.75));
#4572=CARTESIAN_POINT('',(-1.8,3.4,-1.75));
#4573=CARTESIAN_POINT('',(-2.4,3.4,-1.75));
#4574=CARTESIAN_POINT('',(-1.2,3.4,-1.75));
#4575=CARTESIAN_POINT('',(-1.8,3.5,-1.75));
#4576=CARTESIAN_POINT('',(-1.8,3.4,-1.75));
#4577=CARTESIAN_POINT('',(-2.4,3.5,-1.75));
#4578=CARTESIAN_POINT('',(-2.4,3.5,-1.75));
#4579=CARTESIAN_POINT('',(-2.4,3.4,-1.75));
#4580=CARTESIAN_POINT('Origin',(-2.4,3.4,-2.));
#4581=CARTESIAN_POINT('',(-2.4,3.4,-2.));
#4582=CARTESIAN_POINT('',(-2.4,3.4,-1.65625));
#4583=CARTESIAN_POINT('',(-2.4,3.5,-2.));
#4584=CARTESIAN_POINT('',(-2.4,3.5,-2.));
#4585=CARTESIAN_POINT('',(-2.4,3.4,-2.));
#4586=CARTESIAN_POINT('Origin',(-1.8,3.4,-1.75));
#4587=CARTESIAN_POINT('',(-1.8,3.4,-2.));
#4588=CARTESIAN_POINT('',(-1.8,3.4,-1.53125));
#4589=CARTESIAN_POINT('',(-1.8,3.5,-2.));
#4590=CARTESIAN_POINT('',(-1.8,3.4,-2.));
#4591=CARTESIAN_POINT('',(-1.8,3.5,-1.75));
#4592=CARTESIAN_POINT('Origin',(-2.1,3.5,-1.875));
#4593=CARTESIAN_POINT('',(-1.8,3.5,-2.));
#4594=CARTESIAN_POINT('Origin',(1.8,3.4,-2.));
#4595=CARTESIAN_POINT('',(1.8,3.4,-1.75));
#4596=CARTESIAN_POINT('',(1.8,3.4,-2.));
#4597=CARTESIAN_POINT('',(1.8,3.4,-1.65625));
#4598=CARTESIAN_POINT('',(1.8,3.5,-1.75));
#4599=CARTESIAN_POINT('',(1.8,3.4,-1.75));
#4600=CARTESIAN_POINT('',(1.8,3.5,-2.));
#4601=CARTESIAN_POINT('',(1.8,3.5,-2.));
#4602=CARTESIAN_POINT('',(1.8,3.4,-2.));
#4603=CARTESIAN_POINT('Origin',(2.4,3.4,-1.75));
#4604=CARTESIAN_POINT('',(2.4,3.4,-2.));
#4605=CARTESIAN_POINT('',(2.4,3.4,-1.75));
#4606=CARTESIAN_POINT('',(2.4,3.4,-1.53125));
#4607=CARTESIAN_POINT('',(2.4,3.5,-2.));
#4608=CARTESIAN_POINT('',(2.4,3.4,-2.));
#4609=CARTESIAN_POINT('',(2.4,3.5,-1.75));
#4610=CARTESIAN_POINT('',(2.4,3.5,-1.75));
#4611=CARTESIAN_POINT('',(2.4,3.4,-1.75));
#4612=CARTESIAN_POINT('Origin',(1.8,3.4,-1.75));
#4613=CARTESIAN_POINT('',(0.9,3.4,-1.75));
#4614=CARTESIAN_POINT('',(1.8,3.5,-1.75));
#4615=CARTESIAN_POINT('Origin',(2.1,3.5,-1.875));
#4616=CARTESIAN_POINT('',(3.2,3.5,-2.));
#4617=CARTESIAN_POINT('Origin',(-1.8,3.4,-2.5));
#4618=CARTESIAN_POINT('',(-1.8,3.4,-1.90625));
#4619=CARTESIAN_POINT('',(-1.8,2.9,-2.));
#4620=CARTESIAN_POINT('',(-1.8,2.9,-2.));
#4621=CARTESIAN_POINT('',(-1.8,3.4,-2.));
#4622=CARTESIAN_POINT('Origin',(-2.375,2.9,-2.25));
#4623=CARTESIAN_POINT('',(-3.45,2.9,-1.99999999999999));
#4624=CARTESIAN_POINT('',(-3.19999999999999,2.9,-2.));
#4625=CARTESIAN_POINT('',(-3.45,2.9,-1.99999999999999));
#4626=CARTESIAN_POINT('Origin',(1.8,3.4,-2.));
#4627=CARTESIAN_POINT('',(1.8,3.4,-1.65625));
#4628=CARTESIAN_POINT('',(1.8,2.9,-2.));
#4629=CARTESIAN_POINT('',(1.8,3.4,-2.));
#4630=CARTESIAN_POINT('',(1.8,2.9,-2.5));
#4631=CARTESIAN_POINT('Origin',(2.375,2.9,-2.25));
#4632=CARTESIAN_POINT('',(3.45,2.9,-2.));
#4633=CARTESIAN_POINT('',(1.8,2.9,-2.));
#4634=CARTESIAN_POINT('',(3.45,2.9,-2.));
#4635=CARTESIAN_POINT('Origin',(-5.55111512312578E-16,3.4,-1.3125));
#4636=CARTESIAN_POINT('',(-3.2,3.4,-2.));
#4637=CARTESIAN_POINT('',(-0.9,3.4,-2.));
#4638=CARTESIAN_POINT('',(-3.2,3.4,-0.125));
#4639=CARTESIAN_POINT('',(-3.2,3.4,-1.65625));
#4640=CARTESIAN_POINT('',(3.2,3.4,-0.125000000000001));
#4641=CARTESIAN_POINT('',(-3.45,3.4,-0.125));
#4642=CARTESIAN_POINT('',(3.2,3.4,-2.));
#4643=CARTESIAN_POINT('',(3.2,3.4,-0.71875));
#4644=CARTESIAN_POINT('',(3.45,3.4,-2.));
#4645=CARTESIAN_POINT('Origin',(3.2,3.15,-0.71875));
#4646=CARTESIAN_POINT('',(3.45,3.15,-2.));
#4647=CARTESIAN_POINT('Origin',(3.2,3.15,-2.));
#4648=CARTESIAN_POINT('',(3.45,3.15,-0.125000000000001));
#4649=CARTESIAN_POINT('Origin',(3.2,3.15,-0.125));
#4650=CARTESIAN_POINT('',(3.45,3.15,-0.71875));
#4651=CARTESIAN_POINT('Origin',(-3.45,0.,-0.125));
#4652=CARTESIAN_POINT('',(-3.45,3.15,-0.125));
#4653=CARTESIAN_POINT('Origin',(-3.2,3.15,-0.125));
#4654=CARTESIAN_POINT('',(-3.45,0.75,-0.125));
#4655=CARTESIAN_POINT('',(-3.45,0.,-0.125));
#4656=CARTESIAN_POINT('',(-2.65,0.75,-0.125));
#4657=CARTESIAN_POINT('',(-3.45,0.75,-0.125));
#4658=CARTESIAN_POINT('',(-2.4,0.5,-0.125));
#4659=CARTESIAN_POINT('Origin',(-2.65,0.5,-0.125));
#4660=CARTESIAN_POINT('',(-2.4,0.1,-0.125));
#4661=CARTESIAN_POINT('',(-2.4,0.25,-0.125));
#4662=CARTESIAN_POINT('',(2.4,0.1,-0.125));
#4663=CARTESIAN_POINT('',(-0.525,0.1,-0.125));
#4664=CARTESIAN_POINT('',(2.4,0.5,-0.125));
#4665=CARTESIAN_POINT('',(2.4,0.249999999999999,-0.125000000000001));
#4666=CARTESIAN_POINT('',(2.65,0.75,-0.125));
#4667=CARTESIAN_POINT('Origin',(2.65,0.5,-0.124999999999999));
#4668=CARTESIAN_POINT('',(3.45,0.75,-0.125));
#4669=CARTESIAN_POINT('',(-3.42607886505419E-16,0.75,-0.125));
#4670=CARTESIAN_POINT('',(3.45,0.,-0.125000000000001));
#4671=CARTESIAN_POINT('Origin',(2.4,0.5,-0.125));
#4672=CARTESIAN_POINT('',(2.4,0.5,-0.125));
#4673=CARTESIAN_POINT('',(2.4,0.1,-0.125));
#4674=CARTESIAN_POINT('Origin',(2.65,0.5,-0.125));
#4675=CARTESIAN_POINT('',(2.65,0.75,-0.125));
#4676=CARTESIAN_POINT('Origin',(3.45,0.75,-0.125));
#4677=CARTESIAN_POINT('',(3.45,0.75,-2.));
#4678=CARTESIAN_POINT('Origin',(-3.2,3.15,-1.65625));
#4679=CARTESIAN_POINT('',(-3.45,3.15,-2.));
#4680=CARTESIAN_POINT('Origin',(-3.2,3.15,-2.));
#4681=CARTESIAN_POINT('',(-3.45,3.15,-1.65625));
#4682=CARTESIAN_POINT('Origin',(-2.4,0.5,-0.125));
#4683=CARTESIAN_POINT('',(-2.4,0.1,-0.125));
#4684=CARTESIAN_POINT('',(-2.4,0.5,-0.125));
#4685=CARTESIAN_POINT('Origin',(-2.65,0.5,-0.125));
#4686=CARTESIAN_POINT('',(-2.65,0.75,-0.125));
#4687=CARTESIAN_POINT('Origin',(-3.45,0.75,-0.125));
#4688=CARTESIAN_POINT('',(-3.45,0.75,-1.0625));
#4689=CARTESIAN_POINT('Origin',(-2.4,0.1,-0.125));
#4690=CARTESIAN_POINT('Origin',(-2.95,0.,-2.));
#4691=CARTESIAN_POINT('',(-3.45,0.,-2.));
#4692=CARTESIAN_POINT('Origin',(-3.45,0.,-2.));
#4693=CARTESIAN_POINT('Origin',(3.45,0.,-2.));
#4694=CARTESIAN_POINT('',(3.45,0.,-2.));
#4695=CARTESIAN_POINT('Origin',(3.45,0.,-0.125000000000001));
#4696=CARTESIAN_POINT('Origin',(-0.699999999991268,2.33427520876021,0.775));
#4697=CARTESIAN_POINT('',(1.38427520876021,2.33427520876021,0.875));
#4698=CARTESIAN_POINT('',(1.40000000000491,2.43425997827585,0.776745240643728));
#4699=CARTESIAN_POINT('Ctrl Pts',(1.38427520876021,2.33427520876021,0.875));
#4700=CARTESIAN_POINT('Ctrl Pts',(1.38507396125384,2.34216553049979,0.875));
#4701=CARTESIAN_POINT('Ctrl Pts',(1.38587271374747,2.35005544047538,0.874061806283602));
#4702=CARTESIAN_POINT('Ctrl Pts',(1.38667146624109,2.3577257393286,0.872211483972118));
#4703=CARTESIAN_POINT('Ctrl Pts',(1.38747000660025,2.36539400108677,0.870361653073352));
#4704=CARTESIAN_POINT('Ctrl Pts',(1.38826854695941,2.37284196907293,0.867600373172723));
#4705=CARTESIAN_POINT('Ctrl Pts',(1.38906708731857,2.37986283104555,0.864004318402927));
#4706=CARTESIAN_POINT('Ctrl Pts',(1.38986545067097,2.38688213675359,0.860409060745035));
#4707=CARTESIAN_POINT('Ctrl Pts',(1.39066381402336,2.3934737952078,0.855979774591298));
#4708=CARTESIAN_POINT('Ctrl Pts',(1.39146217737576,2.39945485229189,0.8508393965501));
#4709=CARTESIAN_POINT('Ctrl Pts',(1.39226106494357,2.40543983661327,0.845695643272049));
#4710=CARTESIAN_POINT('Ctrl Pts',(1.39305995251138,2.4108127892821,0.83984039638195));
#4711=CARTESIAN_POINT('Ctrl Pts',(1.39385884007919,2.41542438757819,0.833436382307322));
#4712=CARTESIAN_POINT('Ctrl Pts',(1.39465729882612,2.42003351049516,0.82703580573131));
#4713=CARTESIAN_POINT('Ctrl Pts',(1.39545575757306,2.4238816191788,0.820087721238324));
#4714=CARTESIAN_POINT('Ctrl Pts',(1.39625421631999,2.42686188252092,0.812785021396434));
#4715=CARTESIAN_POINT('Ctrl Pts',(1.3970528994042,2.42984298320641,0.805480269766954));
#4716=CARTESIAN_POINT('Ctrl Pts',(1.39785158248841,2.43195543767127,0.797821464404144));
#4717=CARTESIAN_POINT('Ctrl Pts',(1.39865026557261,2.43314056731669,0.790021347392909));
#4718=CARTESIAN_POINT('Ctrl Pts',(1.39910017705004,2.43380817057544,0.785627411627829));
#4719=CARTESIAN_POINT('Ctrl Pts',(1.39955008852747,2.43418241344025,0.781188927099252));
#4720=CARTESIAN_POINT('Ctrl Pts',(1.40000000000491,2.43425997827585,0.776745240643728));
#4721=CARTESIAN_POINT('',(-1.39999999998254,2.43425997827585,0.776745240643729));
#4722=CARTESIAN_POINT('',(-0.699999999991268,2.43425997827585,0.776745240643729));
#4723=CARTESIAN_POINT('',(-1.38427520876021,2.33427520876021,0.875));
#4724=CARTESIAN_POINT('Ctrl Pts',(-1.39999999998254,2.43425997827585,0.776745240643729));
#4725=CARTESIAN_POINT('Ctrl Pts',(-1.39920124749005,2.43412227317393,0.784634360649089));
#4726=CARTESIAN_POINT('Ctrl Pts',(-1.39840249499756,2.43304652443333,0.792506695215112));
#4727=CARTESIAN_POINT('Ctrl Pts',(-1.39760374250507,2.43106261876182,0.800143533267644));
#4728=CARTESIAN_POINT('Ctrl Pts',(-1.39680520214704,2.42907923998039,0.807778343111728));
#4729=CARTESIAN_POINT('Ctrl Pts',(-1.39600666178902,2.42618839567164,0.815176985757172));
#4730=CARTESIAN_POINT('Ctrl Pts',(-1.39520812143099,2.42247035766171,0.822134018609093));
#4731=CARTESIAN_POINT('Ctrl Pts',(-1.39440975807973,2.41875314380285,0.829089509344987));
#4732=CARTESIAN_POINT('Ctrl Pts',(-1.39361139472848,2.41420949194841,0.835602862155501));
#4733=CARTESIAN_POINT('Ctrl Pts',(-1.39281303137722,2.40896551297253,0.841493296328815));
#4734=CARTESIAN_POINT('Ctrl Pts',(-1.39201414381054,2.40371809073412,0.847387598235268));
#4735=CARTESIAN_POINT('Ctrl Pts',(-1.39121525624387,2.39776996467274,0.852657544428867));
#4736=CARTESIAN_POINT('Ctrl Pts',(-1.3904163686772,2.39128644247268,0.857156674899743));
#4737=CARTESIAN_POINT('Ctrl Pts',(-1.3896179099314,2.38480640044902,0.861653390361129));
#4738=CARTESIAN_POINT('Ctrl Pts',(-1.3888194511856,2.37779221542619,0.865379652164645));
#4739=CARTESIAN_POINT('Ctrl Pts',(-1.3880209924398,2.37043861505372,0.868232011912489));
#4740=CARTESIAN_POINT('Ctrl Pts',(-1.38722230935673,2.36308294859251,0.871085173067547));
#4741=CARTESIAN_POINT('Ctrl Pts',(-1.38642362627366,2.35538844228895,0.873063641211341));
#4742=CARTESIAN_POINT('Ctrl Pts',(-1.38562494319059,2.34756882990906,0.874112459543445));
#4743=CARTESIAN_POINT('Ctrl Pts',(-1.38517503171379,2.34316391207827,0.874703276370149));
#4744=CARTESIAN_POINT('Ctrl Pts',(-1.384725120237,2.3387195721138,0.875));
#4745=CARTESIAN_POINT('Ctrl Pts',(-1.38427520876021,2.33427520876021,0.875));
#4746=CARTESIAN_POINT('',(-0.699999999991268,2.33427520876021,0.875));
#4747=CARTESIAN_POINT('Origin',(-1.38427520876021,1.37499999999418,0.775));
#4748=CARTESIAN_POINT('',(-1.48425997827585,2.35000000002943,0.776745240643729));
#4749=CARTESIAN_POINT('Ctrl Pts',(-1.38427520876021,2.33427520876021,0.875));
#4750=CARTESIAN_POINT('Ctrl Pts',(-1.39216553049979,2.33507396125509,0.875));
#4751=CARTESIAN_POINT('Ctrl Pts',(-1.40005544047538,2.33587271374996,0.874061806283602));
#4752=CARTESIAN_POINT('Ctrl Pts',(-1.40772573932859,2.33667146624483,0.872211483972119));
#4753=CARTESIAN_POINT('Ctrl Pts',(-1.41539400108677,2.33747000660523,0.870361653073353));
#4754=CARTESIAN_POINT('Ctrl Pts',(-1.42284196907293,2.33826854696564,0.867600373172724));
#4755=CARTESIAN_POINT('Ctrl Pts',(-1.42986283104555,2.33906708732605,0.864004318402928));
#4756=CARTESIAN_POINT('Ctrl Pts',(-1.43688213675359,2.33986545067969,0.860409060745036));
#4757=CARTESIAN_POINT('Ctrl Pts',(-1.4434737952078,2.34066381403332,0.855979774591299));
#4758=CARTESIAN_POINT('Ctrl Pts',(-1.44945485229189,2.34146217738696,0.850839396550101));
#4759=CARTESIAN_POINT('Ctrl Pts',(-1.45543983661327,2.34226106495602,0.845695643272051));
#4760=CARTESIAN_POINT('Ctrl Pts',(-1.4608127892821,2.34305995252508,0.839840396381951));
#4761=CARTESIAN_POINT('Ctrl Pts',(-1.46542438757819,2.34385884009413,0.833436382307323));
#4762=CARTESIAN_POINT('Ctrl Pts',(-1.47003351049516,2.34465729884231,0.827035805731311));
#4763=CARTESIAN_POINT('Ctrl Pts',(-1.4738816191788,2.34545575759049,0.820087721238325));
#4764=CARTESIAN_POINT('Ctrl Pts',(-1.47686188252092,2.34625421633867,0.812785021396434));
#4765=CARTESIAN_POINT('Ctrl Pts',(-1.47984298320641,2.34705289942413,0.805480269766955));
#4766=CARTESIAN_POINT('Ctrl Pts',(-1.48195543767127,2.34785158250958,0.797821464404145));
#4767=CARTESIAN_POINT('Ctrl Pts',(-1.48314056731669,2.34865026559503,0.79002134739291));
#4768=CARTESIAN_POINT('Ctrl Pts',(-1.48380817057544,2.34910017707316,0.785627411627831));
#4769=CARTESIAN_POINT('Ctrl Pts',(-1.48418241344025,2.3495500885513,0.781188927099253));
#4770=CARTESIAN_POINT('Ctrl Pts',(-1.48425997827585,2.35000000002943,0.776745240643729));
#4771=CARTESIAN_POINT('',(-1.48425997827585,1.04999999998836,0.776745240643729));
#4772=CARTESIAN_POINT('',(-1.48425997827585,1.37499999999418,0.776745240643729));
#4773=CARTESIAN_POINT('',(-1.38427520876021,1.06572479123979,0.875));
#4774=CARTESIAN_POINT('Ctrl Pts',(-1.48425997827585,1.04999999998836,0.776745240643729));
#4775=CARTESIAN_POINT('Ctrl Pts',(-1.48412227317393,1.05079875248233,0.784634360649089));
#4776=CARTESIAN_POINT('Ctrl Pts',(-1.48304652443333,1.05159750497629,0.792506695215112));
#4777=CARTESIAN_POINT('Ctrl Pts',(-1.48106261876182,1.05239625747026,0.800143533267644));
#4778=CARTESIAN_POINT('Ctrl Pts',(-1.47907923998039,1.05319479782977,0.807778343111728));
#4779=CARTESIAN_POINT('Ctrl Pts',(-1.47618839567164,1.05399333818927,0.815176985757172));
#4780=CARTESIAN_POINT('Ctrl Pts',(-1.47247035766171,1.05479187854877,0.822134018609094));
#4781=CARTESIAN_POINT('Ctrl Pts',(-1.46875314380285,1.05559024190151,0.829089509344988));
#4782=CARTESIAN_POINT('Ctrl Pts',(-1.46420949194841,1.05638860525424,0.835602862155501));
#4783=CARTESIAN_POINT('Ctrl Pts',(-1.45896551297253,1.05718696860698,0.841493296328815));
#4784=CARTESIAN_POINT('Ctrl Pts',(-1.45371809073412,1.05798585617513,0.847387598235268));
#4785=CARTESIAN_POINT('Ctrl Pts',(-1.44776996467274,1.05878474374328,0.852657544428868));
#4786=CARTESIAN_POINT('Ctrl Pts',(-1.44128644247268,1.05958363131144,0.857156674899744));
#4787=CARTESIAN_POINT('Ctrl Pts',(-1.43480640044902,1.06038209005871,0.86165339036113));
#4788=CARTESIAN_POINT('Ctrl Pts',(-1.42779221542619,1.06118054880599,0.865379652164645));
#4789=CARTESIAN_POINT('Ctrl Pts',(-1.42043861505372,1.06197900755327,0.868232011912489));
#4790=CARTESIAN_POINT('Ctrl Pts',(-1.4130829485925,1.06277769063782,0.871085173067547));
#4791=CARTESIAN_POINT('Ctrl Pts',(-1.40538844228895,1.06357637372237,0.873063641211341));
#4792=CARTESIAN_POINT('Ctrl Pts',(-1.39756882990906,1.06437505680692,0.874112459543445));
#4793=CARTESIAN_POINT('Ctrl Pts',(-1.39316391207827,1.06482496828454,0.874703276370149));
#4794=CARTESIAN_POINT('Ctrl Pts',(-1.3887195721138,1.06527487976216,0.875));
#4795=CARTESIAN_POINT('Ctrl Pts',(-1.38427520876021,1.06572479123979,0.875));
#4796=CARTESIAN_POINT('',(-1.38427520876021,1.37499999999418,0.875));
#4797=CARTESIAN_POINT('Origin',(0.700000000002911,1.06572479123979,0.775));
#4798=CARTESIAN_POINT('',(-1.39999999998529,0.965740021724148,0.776745240643729));
#4799=CARTESIAN_POINT('Ctrl Pts',(-1.38427520876021,1.06572479123979,0.875));
#4800=CARTESIAN_POINT('Ctrl Pts',(-1.38507396125284,1.05783446950021,0.875));
#4801=CARTESIAN_POINT('Ctrl Pts',(-1.38587271374547,1.04994455952462,0.874061806283602));
#4802=CARTESIAN_POINT('Ctrl Pts',(-1.3866714662381,1.04227426067141,0.872211483972118));
#4803=CARTESIAN_POINT('Ctrl Pts',(-1.38747000659627,1.03460599891323,0.870361653073353));
#4804=CARTESIAN_POINT('Ctrl Pts',(-1.38826854695443,1.02715803092707,0.867600373172723));
#4805=CARTESIAN_POINT('Ctrl Pts',(-1.38906708731259,1.02013716895445,0.864004318402928));
#4806=CARTESIAN_POINT('Ctrl Pts',(-1.38986545066399,1.01311786324641,0.860409060745035));
#4807=CARTESIAN_POINT('Ctrl Pts',(-1.39066381401539,1.0065262047922,0.855979774591299));
#4808=CARTESIAN_POINT('Ctrl Pts',(-1.39146217736679,1.00054514770811,0.850839396550101));
#4809=CARTESIAN_POINT('Ctrl Pts',(-1.3922610649336,0.994560163386733,0.84569564327205));
#4810=CARTESIAN_POINT('Ctrl Pts',(-1.39305995250041,0.989187210717901,0.83984039638195));
#4811=CARTESIAN_POINT('Ctrl Pts',(-1.39385884006723,0.984575612421807,0.833436382307322));
#4812=CARTESIAN_POINT('Ctrl Pts',(-1.39465729881317,0.979966489504839,0.827035805731311));
#4813=CARTESIAN_POINT('Ctrl Pts',(-1.39545575755911,0.9761183808212,0.820087721238324));
#4814=CARTESIAN_POINT('Ctrl Pts',(-1.39625421630505,0.973138117479083,0.812785021396434));
#4815=CARTESIAN_POINT('Ctrl Pts',(-1.39705289938826,0.97015701679359,0.805480269766954));
#4816=CARTESIAN_POINT('Ctrl Pts',(-1.39785158247147,0.968044562328733,0.797821464404144));
#4817=CARTESIAN_POINT('Ctrl Pts',(-1.39865026555468,0.966859432683306,0.790021347392909));
#4818=CARTESIAN_POINT('Ctrl Pts',(-1.39910017703155,0.96619182942456,0.78562741162783));
#4819=CARTESIAN_POINT('Ctrl Pts',(-1.39955008850842,0.96581758655975,0.781188927099252));
#4820=CARTESIAN_POINT('Ctrl Pts',(-1.39999999998529,0.965740021724148,0.776745240643729));
#4821=CARTESIAN_POINT('',(1.40000000000582,0.965740021724148,0.776745240643728));
#4822=CARTESIAN_POINT('',(0.700000000002911,0.965740021724148,0.776745240643728));
#4823=CARTESIAN_POINT('',(1.38427520876021,1.06572479123979,0.875));
#4824=CARTESIAN_POINT('Ctrl Pts',(1.40000000000582,0.965740021724148,0.776745240643728));
#4825=CARTESIAN_POINT('Ctrl Pts',(1.39920124751215,0.965877726826068,0.784634360649088));
#4826=CARTESIAN_POINT('Ctrl Pts',(1.39840249501848,0.966953475566666,0.792506695215112));
#4827=CARTESIAN_POINT('Ctrl Pts',(1.3976037425248,0.968937381238181,0.800143533267644));
#4828=CARTESIAN_POINT('Ctrl Pts',(1.3968052021656,0.970920760019612,0.807778343111727));
#4829=CARTESIAN_POINT('Ctrl Pts',(1.39600666180639,0.973811604328365,0.815176985757171));
#4830=CARTESIAN_POINT('Ctrl Pts',(1.39520812144718,0.977529642338287,0.822134018609093));
#4831=CARTESIAN_POINT('Ctrl Pts',(1.39440975809474,0.981246856197149,0.829089509344987));
#4832=CARTESIAN_POINT('Ctrl Pts',(1.3936113947423,0.985790508051589,0.8356028621555));
#4833=CARTESIAN_POINT('Ctrl Pts',(1.39281303138986,0.991034487027469,0.841493296328814));
#4834=CARTESIAN_POINT('Ctrl Pts',(1.392014143822,0.996281909265879,0.847387598235267));
#4835=CARTESIAN_POINT('Ctrl Pts',(1.39121525625415,1.00223003532726,0.852657544428866));
#4836=CARTESIAN_POINT('Ctrl Pts',(1.39041636868629,1.00871355752732,0.857156674899743));
#4837=CARTESIAN_POINT('Ctrl Pts',(1.38961790993931,1.01519359955098,0.861653390361129));
#4838=CARTESIAN_POINT('Ctrl Pts',(1.38881945119233,1.02220778457381,0.865379652164644));
#4839=CARTESIAN_POINT('Ctrl Pts',(1.38802099244534,1.02956138494628,0.868232011912488));
#4840=CARTESIAN_POINT('Ctrl Pts',(1.38722230936109,1.03691705140749,0.871085173067547));
#4841=CARTESIAN_POINT('Ctrl Pts',(1.38642362627684,1.04461155771105,0.87306364121134));
#4842=CARTESIAN_POINT('Ctrl Pts',(1.38562494319258,1.05243117009094,0.874112459543444));
#4843=CARTESIAN_POINT('Ctrl Pts',(1.38517503171513,1.05683608792173,0.874703276370149));
#4844=CARTESIAN_POINT('Ctrl Pts',(1.38472512023767,1.0612804278862,0.875));
#4845=CARTESIAN_POINT('Ctrl Pts',(1.38427520876021,1.06572479123979,0.875));
#4846=CARTESIAN_POINT('',(0.700000000002911,1.06572479123979,0.875));
#4847=CARTESIAN_POINT('Origin',(1.38427520876021,2.02500000001746,0.775));
#4848=CARTESIAN_POINT('',(1.48425997827585,2.35000000003492,0.776745240643728));
#4849=CARTESIAN_POINT('Ctrl Pts',(1.48425997827585,2.35000000003492,0.776745240643728));
#4850=CARTESIAN_POINT('Ctrl Pts',(1.48412227317393,2.34920124753977,0.784634360649089));
#4851=CARTESIAN_POINT('Ctrl Pts',(1.48304652443333,2.34840249504462,0.792506695215112));
#4852=CARTESIAN_POINT('Ctrl Pts',(1.48106261876182,2.34760374254947,0.800143533267644));
#4853=CARTESIAN_POINT('Ctrl Pts',(1.47907923998039,2.34680520218879,0.807778343111727));
#4854=CARTESIAN_POINT('Ctrl Pts',(1.47618839567164,2.3460066618281,0.815176985757171));
#4855=CARTESIAN_POINT('Ctrl Pts',(1.47247035766171,2.34520812146742,0.822134018609093));
#4856=CARTESIAN_POINT('Ctrl Pts',(1.46875314380285,2.3444097581135,0.829089509344987));
#4857=CARTESIAN_POINT('Ctrl Pts',(1.46420949194841,2.34361139475958,0.8356028621555));
#4858=CARTESIAN_POINT('Ctrl Pts',(1.45896551297253,2.34281303140566,0.841493296328814));
#4859=CARTESIAN_POINT('Ctrl Pts',(1.45371809073412,2.34201414383633,0.847387598235267));
#4860=CARTESIAN_POINT('Ctrl Pts',(1.44776996467274,2.34121525626699,0.852657544428867));
#4861=CARTESIAN_POINT('Ctrl Pts',(1.44128644247268,2.34041636869766,0.857156674899743));
#4862=CARTESIAN_POINT('Ctrl Pts',(1.43480640044902,2.3396179099492,0.861653390361129));
#4863=CARTESIAN_POINT('Ctrl Pts',(1.42779221542619,2.33881945120074,0.865379652164644));
#4864=CARTESIAN_POINT('Ctrl Pts',(1.42043861505373,2.33802099245228,0.868232011912489));
#4865=CARTESIAN_POINT('Ctrl Pts',(1.41308294859251,2.33722230936654,0.871085173067547));
#4866=CARTESIAN_POINT('Ctrl Pts',(1.40538844228895,2.33642362628081,0.873063641211341));
#4867=CARTESIAN_POINT('Ctrl Pts',(1.39756882990906,2.33562494319508,0.874112459543444));
#4868=CARTESIAN_POINT('Ctrl Pts',(1.39316391207827,2.33517503171679,0.874703276370149));
#4869=CARTESIAN_POINT('Ctrl Pts',(1.3887195721138,2.3347251202385,0.875));
#4870=CARTESIAN_POINT('Ctrl Pts',(1.38427520876021,2.33427520876021,0.875));
#4871=CARTESIAN_POINT('',(1.38427520876021,2.02500000001746,0.875));
#4872=CARTESIAN_POINT('',(1.48425997827585,1.04999999999019,0.776745240643728));
#4873=CARTESIAN_POINT('Ctrl Pts',(1.38427520876021,1.06572479123979,0.875));
#4874=CARTESIAN_POINT('Ctrl Pts',(1.39216553049979,1.06492603874591,0.875));
#4875=CARTESIAN_POINT('Ctrl Pts',(1.40005544047538,1.06412728625204,0.874061806283602));
#4876=CARTESIAN_POINT('Ctrl Pts',(1.4077257393286,1.06332853375816,0.872211483972118));
#4877=CARTESIAN_POINT('Ctrl Pts',(1.41539400108677,1.06252999339875,0.870361653073353));
#4878=CARTESIAN_POINT('Ctrl Pts',(1.42284196907293,1.06173145303934,0.867600373172723));
#4879=CARTESIAN_POINT('Ctrl Pts',(1.42986283104555,1.06093291267993,0.864004318402927));
#4880=CARTESIAN_POINT('Ctrl Pts',(1.43688213675359,1.06013454932729,0.860409060745035));
#4881=CARTESIAN_POINT('Ctrl Pts',(1.4434737952078,1.05933618597465,0.855979774591299));
#4882=CARTESIAN_POINT('Ctrl Pts',(1.44945485229189,1.058537822622,0.850839396550101));
#4883=CARTESIAN_POINT('Ctrl Pts',(1.45543983661327,1.05773893505394,0.84569564327205));
#4884=CARTESIAN_POINT('Ctrl Pts',(1.4608127892821,1.05694004748589,0.83984039638195));
#4885=CARTESIAN_POINT('Ctrl Pts',(1.46542438757819,1.05614115991783,0.833436382307322));
#4886=CARTESIAN_POINT('Ctrl Pts',(1.47003351049516,1.05534270117064,0.827035805731311));
#4887=CARTESIAN_POINT('Ctrl Pts',(1.4738816191788,1.05454424242346,0.820087721238325));
#4888=CARTESIAN_POINT('Ctrl Pts',(1.47686188252092,1.05374578367627,0.812785021396434));
#4889=CARTESIAN_POINT('Ctrl Pts',(1.47984298320641,1.05294710059182,0.805480269766954));
#4890=CARTESIAN_POINT('Ctrl Pts',(1.48195543767127,1.05214841750736,0.797821464404145));
#4891=CARTESIAN_POINT('Ctrl Pts',(1.48314056731669,1.0513497344229,0.790021347392909));
#4892=CARTESIAN_POINT('Ctrl Pts',(1.48380817057544,1.05089982294533,0.78562741162783));
#4893=CARTESIAN_POINT('Ctrl Pts',(1.48418241344025,1.05044991146776,0.781188927099252));
#4894=CARTESIAN_POINT('Ctrl Pts',(1.48425997827585,1.04999999999019,0.776745240643728));
#4895=CARTESIAN_POINT('',(1.48425997827585,2.02500000001746,0.776745240643728));
#4896=CARTESIAN_POINT('Ctrl Pts',(1.38427520876021,1.06572479123979,0.875));
#4897=CARTESIAN_POINT('Ctrl Pts',(1.38427520876021,1.06572479123979,0.875));
#4898=CARTESIAN_POINT('Ctrl Pts',(1.38427520876021,1.06572479123979,0.875));
#4899=CARTESIAN_POINT('Ctrl Pts',(1.38427520876021,1.06572479123979,0.875));
#4900=CARTESIAN_POINT('Ctrl Pts',(1.38427520876021,1.06572479123979,0.875));
#4901=CARTESIAN_POINT('Ctrl Pts',(1.41386269512735,1.06272959290653,0.875));
#4902=CARTESIAN_POINT('Ctrl Pts',(1.40931077879564,1.05848136982808,0.875977690026751));
#4903=CARTESIAN_POINT('Ctrl Pts',(1.39981258907597,1.04834069917768,0.873904406345468));
#4904=CARTESIAN_POINT('Ctrl Pts',(1.39045657440164,1.03955124212138,0.87573326752012));
#4905=CARTESIAN_POINT('Ctrl Pts',(1.38727040709271,1.03613730487264,0.875));
#4906=CARTESIAN_POINT('Ctrl Pts',(1.46520937162411,1.05748799582333,0.850601115596638));
#4907=CARTESIAN_POINT('Ctrl Pts',(1.46522333933377,1.04116860979925,0.852845456528888));
#4908=CARTESIAN_POINT('Ctrl Pts',(1.44439912109427,0.998802419278815,0.855600694939119));
#4909=CARTESIAN_POINT('Ctrl Pts',(1.40475154369262,0.984780152592983,0.852284371295417));
#4910=CARTESIAN_POINT('Ctrl Pts',(1.39251200417458,0.98479062837586,0.850601115596637));
#4911=CARTESIAN_POINT('Ctrl Pts',(1.48387269864783,1.05224639874013,0.798932475680974));
#4912=CARTESIAN_POINT('Ctrl Pts',(1.48390882937172,1.02799046953571,0.798367560302829));
#4913=CARTESIAN_POINT('Ctrl Pts',(1.46399873032301,0.979388249085041,0.799789393872314));
#4914=CARTESIAN_POINT('Ctrl Pts',(1.41594554815969,0.96610020330948,0.798508789147));
#4915=CARTESIAN_POINT('Ctrl Pts',(1.39775360125645,0.966127301352223,0.798932475680973));
#4916=CARTESIAN_POINT('Ctrl Pts',(1.48425997827585,1.04999999999019,0.776745240643728));
#4917=CARTESIAN_POINT('Ctrl Pts',(1.48425997827438,1.02478947344621,0.776745240643754));
#4918=CARTESIAN_POINT('Ctrl Pts',(1.46315914917731,0.981071587864943,0.776745240643705));
#4919=CARTESIAN_POINT('Ctrl Pts',(1.41890789491381,0.965740021724801,0.776745240643739));
#4920=CARTESIAN_POINT('Ctrl Pts',(1.40000000000582,0.965740021724148,0.776745240643728));
#4921=CARTESIAN_POINT('Ctrl Pts',(1.40000000000582,0.965740021724148,0.776745240643728));
#4922=CARTESIAN_POINT('Ctrl Pts',(1.41890789491381,0.965740021724801,0.776745240643739));
#4923=CARTESIAN_POINT('Ctrl Pts',(1.46315914917731,0.981071587864943,0.776745240643705));
#4924=CARTESIAN_POINT('Ctrl Pts',(1.48425997827438,1.02478947344621,0.776745240643754));
#4925=CARTESIAN_POINT('Ctrl Pts',(1.48425997827585,1.04999999999019,0.776745240643728));
#4926=CARTESIAN_POINT('Ctrl Pts',(-1.38427520876021,1.06572479123979,0.875));
#4927=CARTESIAN_POINT('Ctrl Pts',(-1.38427520876021,1.06572479123979,0.875));
#4928=CARTESIAN_POINT('Ctrl Pts',(-1.38427520876021,1.06572479123979,0.875000000000001));
#4929=CARTESIAN_POINT('Ctrl Pts',(-1.38427520876021,1.06572479123979,0.875));
#4930=CARTESIAN_POINT('Ctrl Pts',(-1.38427520876021,1.06572479123979,0.875));
#4931=CARTESIAN_POINT('Ctrl Pts',(-1.3872704070888,1.03613730487264,0.875));
#4932=CARTESIAN_POINT('Ctrl Pts',(-1.39151863016786,1.04068922120443,0.875977690027318));
#4933=CARTESIAN_POINT('Ctrl Pts',(-1.40165930082016,1.05018741092324,0.873904406345135));
#4934=CARTESIAN_POINT('Ctrl Pts',(-1.41044875787821,1.0595434255975,0.875733267520114));
#4935=CARTESIAN_POINT('Ctrl Pts',(-1.41386269512736,1.06272959290618,0.875));
#4936=CARTESIAN_POINT('Ctrl Pts',(-1.39251200416382,0.984790628375682,0.850601115596642));
#4937=CARTESIAN_POINT('Ctrl Pts',(-1.40883139018894,0.98477666066085,0.852845456525755));
#4938=CARTESIAN_POINT('Ctrl Pts',(-1.45119758071518,1.00560087889741,0.855600694938977));
#4939=CARTESIAN_POINT('Ctrl Pts',(-1.46521984740606,1.04524845630337,0.852284371296172));
#4940=CARTESIAN_POINT('Ctrl Pts',(-1.46520937162409,1.05748799582237,0.850601115596638));
#4941=CARTESIAN_POINT('Ctrl Pts',(-1.39775360123885,0.966127301352496,0.798932475680969));
#4942=CARTESIAN_POINT('Ctrl Pts',(-1.42200953044574,0.966091170630014,0.798367560299774));
#4943=CARTESIAN_POINT('Ctrl Pts',(-1.47061175090539,0.986001269658955,0.799789393873033));
#4944=CARTESIAN_POINT('Ctrl Pts',(-1.48389979669085,1.03405445183292,0.798508789147486));
#4945=CARTESIAN_POINT('Ctrl Pts',(-1.48387269864786,1.05224639873856,0.798932475680975));
#4946=CARTESIAN_POINT('Ctrl Pts',(-1.39999999998529,0.965740021724148,0.776745240643729));
#4947=CARTESIAN_POINT('Ctrl Pts',(-1.42521052653283,0.965740021721946,0.77674524064369));
#4948=CARTESIAN_POINT('Ctrl Pts',(-1.46892841212571,0.986840850806691,0.776745240643736));
#4949=CARTESIAN_POINT('Ctrl Pts',(-1.48425997827455,1.0310921050777,0.776745240643752));
#4950=CARTESIAN_POINT('Ctrl Pts',(-1.48425997827585,1.04999999998836,0.776745240643729));
#4951=CARTESIAN_POINT('Ctrl Pts',(-1.48425997827585,1.04999999998836,0.776745240643729));
#4952=CARTESIAN_POINT('Ctrl Pts',(-1.48425997827455,1.0310921050777,0.776745240643752));
#4953=CARTESIAN_POINT('Ctrl Pts',(-1.46892841212571,0.986840850806691,0.776745240643736));
#4954=CARTESIAN_POINT('Ctrl Pts',(-1.42521052653283,0.965740021721946,0.77674524064369));
#4955=CARTESIAN_POINT('Ctrl Pts',(-1.39999999998529,0.965740021724148,0.776745240643729));
#4956=CARTESIAN_POINT('Ctrl Pts',(-1.38427520876021,2.33427520876021,0.875));
#4957=CARTESIAN_POINT('Ctrl Pts',(-1.38427520876021,2.33427520876021,0.875));
#4958=CARTESIAN_POINT('Ctrl Pts',(-1.38427520876021,2.33427520876021,0.875000000000001));
#4959=CARTESIAN_POINT('Ctrl Pts',(-1.38427520876021,2.33427520876021,0.875));
#4960=CARTESIAN_POINT('Ctrl Pts',(-1.38427520876021,2.33427520876021,0.875));
#4961=CARTESIAN_POINT('Ctrl Pts',(-1.41386269512736,2.33727040709721,0.875));
#4962=CARTESIAN_POINT('Ctrl Pts',(-1.40931077879525,2.34151863017502,0.875977690026399));
#4963=CARTESIAN_POINT('Ctrl Pts',(-1.39980968745136,2.35165514201488,0.873925263161871));
#4964=CARTESIAN_POINT('Ctrl Pts',(-1.39045657439773,2.36044875787882,0.875733267520466));
#4965=CARTESIAN_POINT('Ctrl Pts',(-1.38727040708827,2.36386269512736,0.875));
#4966=CARTESIAN_POINT('Ctrl Pts',(-1.46520861007033,2.34251200418694,0.850600187124258));
#4967=CARTESIAN_POINT('Ctrl Pts',(-1.46522257777587,2.35883139021143,0.852844528059229));
#4968=CARTESIAN_POINT('Ctrl Pts',(-1.44440307881929,2.40120059015461,0.8555897116056));
#4969=CARTESIAN_POINT('Ctrl Pts',(-1.40475154368046,2.41521908585728,0.852283442820691));
#4970=CARTESIAN_POINT('Ctrl Pts',(-1.39251200416238,2.41520861007073,0.850600187124265));
#4971=CARTESIAN_POINT('Ctrl Pts',(-1.48387269864809,2.34775360127668,0.798932475680979));
#4972=CARTESIAN_POINT('Ctrl Pts',(-1.4839088293731,2.37200953048217,0.798367560305211));
#4973=CARTESIAN_POINT('Ctrl Pts',(-1.46399782793215,2.42060932969032,0.799776285002828));
#4974=CARTESIAN_POINT('Ctrl Pts',(-1.41594554813977,2.43389979668921,0.79850878914486));
#4975=CARTESIAN_POINT('Ctrl Pts',(-1.39775360123649,2.43387269864747,0.798932475680968));
#4976=CARTESIAN_POINT('Ctrl Pts',(-1.48425997827585,2.35000000002943,0.776745240643729));
#4977=CARTESIAN_POINT('Ctrl Pts',(-1.48425997827145,2.37521052657411,0.776745240643806));
#4978=CARTESIAN_POINT('Ctrl Pts',(-1.4631585672913,2.41892771399524,0.776745240643707));
#4979=CARTESIAN_POINT('Ctrl Pts',(-1.41890789489105,2.43425997827781,0.776745240643695));
#4980=CARTESIAN_POINT('Ctrl Pts',(-1.39999999998254,2.43425997827585,0.776745240643729));
#4981=CARTESIAN_POINT('Ctrl Pts',(-1.39999999998254,2.43425997827585,0.776745240643729));
#4982=CARTESIAN_POINT('Ctrl Pts',(-1.41890789489105,2.43425997827781,0.776745240643695));
#4983=CARTESIAN_POINT('Ctrl Pts',(-1.4631585672913,2.41892771399524,0.776745240643707));
#4984=CARTESIAN_POINT('Ctrl Pts',(-1.48425997827145,2.37521052657411,0.776745240643806));
#4985=CARTESIAN_POINT('Ctrl Pts',(-1.48425997827585,2.35000000002943,0.776745240643729));
#4986=CARTESIAN_POINT('Ctrl Pts',(1.38427520876021,2.33427520876021,0.875));
#4987=CARTESIAN_POINT('Ctrl Pts',(1.38427520876021,2.33427520876021,0.875));
#4988=CARTESIAN_POINT('Ctrl Pts',(1.38427520876021,2.33427520876021,0.874999999999999));
#4989=CARTESIAN_POINT('Ctrl Pts',(1.38427520876021,2.33427520876021,0.875));
#4990=CARTESIAN_POINT('Ctrl Pts',(1.38427520876021,2.33427520876021,0.875));
#4991=CARTESIAN_POINT('Ctrl Pts',(1.38727040709254,2.36386269512736,0.875));
#4992=CARTESIAN_POINT('Ctrl Pts',(1.39151863017134,2.35931077879631,0.875977690026713));
#4993=CARTESIAN_POINT('Ctrl Pts',(1.40165514201215,2.34980968745698,0.873925263162277));
#4994=CARTESIAN_POINT('Ctrl Pts',(1.41044875787872,2.34045657440665,0.875733267519607));
#4995=CARTESIAN_POINT('Ctrl Pts',(1.41386269512736,2.33727040709825,0.875));
#4996=CARTESIAN_POINT('Ctrl Pts',(1.3925120041741,2.41520861007054,0.850600187124261));
#4997=CARTESIAN_POINT('Ctrl Pts',(1.40883139019653,2.41522257778121,0.852844528055568));
#4998=CARTESIAN_POINT('Ctrl Pts',(1.45120059013418,2.39440307883913,0.855589711607448));
#4999=CARTESIAN_POINT('Ctrl Pts',(1.46521908584856,2.35475154370684,0.852283442825811));
#5000=CARTESIAN_POINT('Ctrl Pts',(1.46520861007028,2.34251200418982,0.850600187124256));
#5001=CARTESIAN_POINT('Ctrl Pts',(1.39775360125566,2.43387269864777,0.798932475680973));
#5002=CARTESIAN_POINT('Ctrl Pts',(1.42200953045602,2.43390882937137,0.798367560302314));
#5003=CARTESIAN_POINT('Ctrl Pts',(1.47060932965037,2.41399782796576,0.799776285002673));
#5004=CARTESIAN_POINT('Ctrl Pts',(1.48389979669216,2.36594554818219,0.798508789149728));
#5005=CARTESIAN_POINT('Ctrl Pts',(1.48387269864817,2.34775360128139,0.79893247568098));
#5006=CARTESIAN_POINT('Ctrl Pts',(1.40000000000491,2.43425997827585,0.776745240643728));
#5007=CARTESIAN_POINT('Ctrl Pts',(1.42521052654428,2.43425997827512,0.776745240643741));
#5008=CARTESIAN_POINT('Ctrl Pts',(1.46892771395847,2.41315856732302,0.776745240643671));
#5009=CARTESIAN_POINT('Ctrl Pts',(1.48425997827193,2.36890789493945,0.776745240643797));
#5010=CARTESIAN_POINT('Ctrl Pts',(1.48425997827585,2.35000000003492,0.776745240643728));
#5011=CARTESIAN_POINT('Ctrl Pts',(1.48425997827585,2.35000000003492,0.776745240643728));
#5012=CARTESIAN_POINT('Ctrl Pts',(1.48425997827193,2.36890789493945,0.776745240643797));
#5013=CARTESIAN_POINT('Ctrl Pts',(1.46892771395847,2.41315856732302,0.776745240643671));
#5014=CARTESIAN_POINT('Ctrl Pts',(1.42521052654428,2.43425997827512,0.776745240643741));
#5015=CARTESIAN_POINT('Ctrl Pts',(1.40000000000491,2.43425997827585,0.776745240643728));
#5016=CARTESIAN_POINT('Origin',(-1.4,2.35,-0.125));
#5017=CARTESIAN_POINT('',(-1.39999999998254,2.45,-0.125));
#5018=CARTESIAN_POINT('',(-1.39999999998254,2.45,-0.125));
#5019=CARTESIAN_POINT('',(-1.5,2.35000000003492,-0.125));
#5020=CARTESIAN_POINT('Origin',(-1.4,2.35,-0.125));
#5021=CARTESIAN_POINT('',(-1.5,2.35000000003492,-0.125));
#5022=CARTESIAN_POINT('Origin',(-1.39999999998254,2.45,-0.125));
#5023=CARTESIAN_POINT('',(1.40000000000582,2.45,-0.125));
#5024=CARTESIAN_POINT('',(1.40000000000582,2.45,-0.125));
#5025=CARTESIAN_POINT('',(1.40000000000582,2.45,-0.125));
#5026=CARTESIAN_POINT('Origin',(1.4,2.35,-0.125));
#5027=CARTESIAN_POINT('',(1.5,2.35000000003492,-0.125));
#5028=CARTESIAN_POINT('',(1.5,2.35000000003492,-0.125));
#5029=CARTESIAN_POINT('Origin',(1.4,2.35,-0.125));
#5030=CARTESIAN_POINT('Origin',(1.5,2.35000000003492,-0.125));
#5031=CARTESIAN_POINT('',(1.5,1.04999999998836,-0.125));
#5032=CARTESIAN_POINT('',(1.5,1.04999999998836,-0.125));
#5033=CARTESIAN_POINT('',(1.5,1.04999999998836,-0.125));
#5034=CARTESIAN_POINT('Origin',(4.16333634234434E-16,1.7,0.875));
#5035=CARTESIAN_POINT('Origin',(1.4,1.05,-0.125));
#5036=CARTESIAN_POINT('',(1.40000000000582,0.95,-0.125));
#5037=CARTESIAN_POINT('',(1.40000000000582,0.95,-0.125));
#5038=CARTESIAN_POINT('Origin',(1.4,1.05,-0.125));
#5039=CARTESIAN_POINT('Origin',(1.40000000000582,0.95,-0.125));
#5040=CARTESIAN_POINT('',(-1.39999999998254,0.95,-0.125));
#5041=CARTESIAN_POINT('',(-1.39999999998254,0.95,-0.125));
#5042=CARTESIAN_POINT('',(-1.39999999998254,0.95,-0.125));
#5043=CARTESIAN_POINT('Origin',(-1.4,1.05,-0.125));
#5044=CARTESIAN_POINT('',(-1.5,1.04999999998836,-0.125));
#5045=CARTESIAN_POINT('',(-1.5,1.04999999998836,-0.125));
#5046=CARTESIAN_POINT('Origin',(-1.4,1.05,-0.125));
#5047=CARTESIAN_POINT('Origin',(-1.5,1.04999999998836,-0.125));
#5048=CARTESIAN_POINT('',(-1.5,2.35000000003492,-0.125));
#5049=CARTESIAN_POINT('Origin',(1.38777878078145E-16,1.7,-0.125));
#5050=CARTESIAN_POINT('Origin',(1.8,0.75,-2.1));
#5051=CARTESIAN_POINT('',(1.8,0.75,-2.1));
#5052=CARTESIAN_POINT('',(1.8,0.75,-2.));
#5053=CARTESIAN_POINT('',(1.8,0.75,-2.1));
#5054=CARTESIAN_POINT('',(2.4,0.75,-2.));
#5055=CARTESIAN_POINT('',(1.8,0.75,-2.));
#5056=CARTESIAN_POINT('',(2.4,0.75,-2.1));
#5057=CARTESIAN_POINT('',(2.4,0.75,-2.1));
#5058=CARTESIAN_POINT('',(1.8,0.75,-2.1));
#5059=CARTESIAN_POINT('Origin',(1.8,0.326630036375621,-2.1));
#5060=CARTESIAN_POINT('',(1.8,0.326630036375621,-2.1));
#5061=CARTESIAN_POINT('',(1.8,0.326630036375621,-2.1));
#5062=CARTESIAN_POINT('',(2.4,0.326630036375621,-2.1));
#5063=CARTESIAN_POINT('',(2.4,0.326630036375621,-2.1));
#5064=CARTESIAN_POINT('',(1.8,0.326630036375621,-2.1));
#5065=CARTESIAN_POINT('Origin',(1.8,0.326630036375621,-2.3));
#5066=CARTESIAN_POINT('',(1.8,0.127391096757272,-2.28256885145047));
#5067=CARTESIAN_POINT('Origin',(1.8,0.326630036375621,-2.3));
#5068=CARTESIAN_POINT('',(2.4,0.127391096757272,-2.28256885145047));
#5069=CARTESIAN_POINT('Origin',(2.4,0.326630036375621,-2.3));
#5070=CARTESIAN_POINT('',(1.8,0.127391096757272,-2.28256885145047));
#5071=CARTESIAN_POINT('Origin',(1.8,0.0996194698091746,-2.6));
#5072=CARTESIAN_POINT('',(1.8,0.0996194698091746,-2.6));
#5073=CARTESIAN_POINT('',(1.8,0.0996194698091746,-2.6));
#5074=CARTESIAN_POINT('',(2.4,0.0996194698091746,-2.6));
#5075=CARTESIAN_POINT('',(2.4,0.0996194698091746,-2.6));
#5076=CARTESIAN_POINT('',(1.8,0.0996194698091746,-2.6));
#5077=CARTESIAN_POINT('Origin',(1.8,0.,-2.59128442572523));
#5078=CARTESIAN_POINT('',(1.8,0.,-2.59128442572523));
#5079=CARTESIAN_POINT('',(1.8,0.,-2.59128442572523));
#5080=CARTESIAN_POINT('',(2.4,0.,-2.59128442572523));
#5081=CARTESIAN_POINT('',(2.4,0.,-2.59128442572523));
#5082=CARTESIAN_POINT('',(1.8,0.,-2.59128442572523));
#5083=CARTESIAN_POINT('Origin',(1.8,0.0277716269480976,-2.2738532771757));
#5084=CARTESIAN_POINT('',(1.8,0.0277716269480976,-2.2738532771757));
#5085=CARTESIAN_POINT('',(1.8,0.0277716269480976,-2.2738532771757));
#5086=CARTESIAN_POINT('',(2.4,0.0277716269480976,-2.2738532771757));
#5087=CARTESIAN_POINT('',(2.4,0.0277716269480976,-2.2738532771757));
#5088=CARTESIAN_POINT('',(1.8,0.0277716269480976,-2.2738532771757));
#5089=CARTESIAN_POINT('Origin',(1.8,0.326630036375621,-2.3));
#5090=CARTESIAN_POINT('',(1.8,0.326630036375621,-2.));
#5091=CARTESIAN_POINT('Origin',(1.8,0.326630036375621,-2.3));
#5092=CARTESIAN_POINT('',(2.4,0.326630036375621,-2.));
#5093=CARTESIAN_POINT('Origin',(2.4,0.326630036375621,-2.3));
#5094=CARTESIAN_POINT('',(1.8,0.326630036375621,-2.));
#5095=CARTESIAN_POINT('Origin',(1.8,0.75,-2.));
#5096=CARTESIAN_POINT('',(1.8,0.75,-2.));
#5097=CARTESIAN_POINT('',(2.4,0.75,-2.));
#5098=CARTESIAN_POINT('Origin',(2.4,0.375,-2.3));
#5099=CARTESIAN_POINT('Origin',(1.8,0.375,-2.3));
#5100=CARTESIAN_POINT('Origin',(-1.8,0.75,-2.1));
#5101=CARTESIAN_POINT('',(-1.8,0.75,-2.1));
#5102=CARTESIAN_POINT('',(-1.8,0.75,-2.));
#5103=CARTESIAN_POINT('',(-1.8,0.75,-2.1));
#5104=CARTESIAN_POINT('',(-2.4,0.75,-2.1));
#5105=CARTESIAN_POINT('',(-1.8,0.75,-2.1));
#5106=CARTESIAN_POINT('',(-2.4,0.75,-2.));
#5107=CARTESIAN_POINT('',(-2.4,0.75,-2.1));
#5108=CARTESIAN_POINT('',(-1.8,0.75,-2.));
#5109=CARTESIAN_POINT('Origin',(-1.8,0.326630036375621,-2.1));
#5110=CARTESIAN_POINT('',(-1.8,0.326630036375621,-2.1));
#5111=CARTESIAN_POINT('',(-1.8,0.326630036375621,-2.1));
#5112=CARTESIAN_POINT('',(-2.4,0.326630036375621,-2.1));
#5113=CARTESIAN_POINT('',(-1.8,0.326630036375621,-2.1));
#5114=CARTESIAN_POINT('',(-2.4,0.326630036375621,-2.1));
#5115=CARTESIAN_POINT('Origin',(-1.8,0.326630036375621,-2.3));
#5116=CARTESIAN_POINT('',(-1.8,0.127391096757272,-2.28256885145047));
#5117=CARTESIAN_POINT('Origin',(-1.8,0.326630036375621,-2.3));
#5118=CARTESIAN_POINT('',(-2.4,0.127391096757272,-2.28256885145047));
#5119=CARTESIAN_POINT('',(-1.8,0.127391096757272,-2.28256885145047));
#5120=CARTESIAN_POINT('Origin',(-2.4,0.326630036375621,-2.3));
#5121=CARTESIAN_POINT('Origin',(-1.8,0.0996194698091746,-2.6));
#5122=CARTESIAN_POINT('',(-1.8,0.0996194698091746,-2.6));
#5123=CARTESIAN_POINT('',(-1.8,0.0996194698091746,-2.6));
#5124=CARTESIAN_POINT('',(-2.4,0.0996194698091746,-2.6));
#5125=CARTESIAN_POINT('',(-1.8,0.0996194698091746,-2.6));
#5126=CARTESIAN_POINT('',(-2.4,0.0996194698091746,-2.6));
#5127=CARTESIAN_POINT('Origin',(-1.8,0.,-2.59128442572523));
#5128=CARTESIAN_POINT('',(-1.8,0.,-2.59128442572523));
#5129=CARTESIAN_POINT('',(-1.8,0.,-2.59128442572523));
#5130=CARTESIAN_POINT('',(-2.4,0.,-2.59128442572523));
#5131=CARTESIAN_POINT('',(-1.8,0.,-2.59128442572523));
#5132=CARTESIAN_POINT('',(-2.4,0.,-2.59128442572523));
#5133=CARTESIAN_POINT('Origin',(-1.8,0.0277716269480976,-2.2738532771757));
#5134=CARTESIAN_POINT('',(-1.8,0.0277716269480976,-2.2738532771757));
#5135=CARTESIAN_POINT('',(-1.8,0.0277716269480976,-2.2738532771757));
#5136=CARTESIAN_POINT('',(-2.4,0.0277716269480976,-2.2738532771757));
#5137=CARTESIAN_POINT('',(-1.8,0.0277716269480976,-2.2738532771757));
#5138=CARTESIAN_POINT('',(-2.4,0.0277716269480976,-2.2738532771757));
#5139=CARTESIAN_POINT('Origin',(-1.8,0.326630036375621,-2.3));
#5140=CARTESIAN_POINT('',(-1.8,0.326630036375621,-2.));
#5141=CARTESIAN_POINT('Origin',(-1.8,0.326630036375621,-2.3));
#5142=CARTESIAN_POINT('',(-2.4,0.326630036375621,-2.));
#5143=CARTESIAN_POINT('',(-1.8,0.326630036375621,-2.));
#5144=CARTESIAN_POINT('Origin',(-2.4,0.326630036375621,-2.3));
#5145=CARTESIAN_POINT('Origin',(-1.8,0.75,-2.));
#5146=CARTESIAN_POINT('',(-1.8,0.75,-2.));
#5147=CARTESIAN_POINT('',(-2.4,0.75,-2.));
#5148=CARTESIAN_POINT('Origin',(-2.4,0.375,-2.3));
#5149=CARTESIAN_POINT('Origin',(-1.8,0.375,-2.3));
#5150=UNCERTAINTY_MEASURE_WITH_UNIT(LENGTH_MEASURE(0.01),#5154,
'DISTANCE_ACCURACY_VALUE',
'Maximum model space distance between geometric entities at asserted c
onnectivities');
#5151=UNCERTAINTY_MEASURE_WITH_UNIT(LENGTH_MEASURE(0.01),#5154,
'DISTANCE_ACCURACY_VALUE',
'Maximum model space distance between geometric entities at asserted c
onnectivities');
#5152=(
GEOMETRIC_REPRESENTATION_CONTEXT(3)
GLOBAL_UNCERTAINTY_ASSIGNED_CONTEXT((#5150))
GLOBAL_UNIT_ASSIGNED_CONTEXT((#5154,#5156,#5157))
REPRESENTATION_CONTEXT('','3D')
);
#5153=(
GEOMETRIC_REPRESENTATION_CONTEXT(3)
GLOBAL_UNCERTAINTY_ASSIGNED_CONTEXT((#5151))
GLOBAL_UNIT_ASSIGNED_CONTEXT((#5154,#5156,#5157))
REPRESENTATION_CONTEXT('','3D')
);
#5154=(
LENGTH_UNIT()
NAMED_UNIT(*)
SI_UNIT(.MILLI.,.METRE.)
);
#5155=(
LENGTH_UNIT()
NAMED_UNIT(*)
SI_UNIT(.CENTI.,.METRE.)
);
#5156=(
NAMED_UNIT(*)
PLANE_ANGLE_UNIT()
SI_UNIT($,.RADIAN.)
);
#5157=(
NAMED_UNIT(*)
SI_UNIT($,.STERADIAN.)
SOLID_ANGLE_UNIT()
);
#5158=SHAPE_DEFINITION_REPRESENTATION(#5159,#5160);
#5159=PRODUCT_DEFINITION_SHAPE('',$,#5162);
#5160=SHAPE_REPRESENTATION('',(#2932),#5152);
#5161=PRODUCT_DEFINITION_CONTEXT('part definition',#5166,'design');
#5162=PRODUCT_DEFINITION('TL 3330 Tactile Button',
'TL 3330 Tactile Button',#5163,#5161);
#5163=PRODUCT_DEFINITION_FORMATION('',$,#5168);
#5164=PRODUCT_RELATED_PRODUCT_CATEGORY('TL 3330 Tactile Button',
'TL 3330 Tactile Button',(#5168));
#5165=APPLICATION_PROTOCOL_DEFINITION('international standard',
'automotive_design',2009,#5166);
#5166=APPLICATION_CONTEXT(
'Core Data for Automotive Mechanical Design Process');
#5167=PRODUCT_CONTEXT('part definition',#5166,'mechanical');
#5168=PRODUCT('TL 3330 Tactile Button','TL 3330 Tactile Button',$,(#5167));
#5169=PRESENTATION_STYLE_ASSIGNMENT((#5174));
#5170=PRESENTATION_STYLE_ASSIGNMENT((#5175));
#5171=PRESENTATION_STYLE_ASSIGNMENT((#5176));
#5172=PRESENTATION_STYLE_ASSIGNMENT((#5177));
#5173=PRESENTATION_STYLE_ASSIGNMENT((#5178));
#5174=SURFACE_STYLE_USAGE(.BOTH.,#5189);
#5175=SURFACE_STYLE_USAGE(.BOTH.,#5190);
#5176=SURFACE_STYLE_USAGE(.BOTH.,#5191);
#5177=SURFACE_STYLE_USAGE(.BOTH.,#5192);
#5178=SURFACE_STYLE_USAGE(.BOTH.,#5193);
#5179=SURFACE_STYLE_RENDERING_WITH_PROPERTIES($,#5209,(#5184));
#5180=SURFACE_STYLE_RENDERING_WITH_PROPERTIES($,#5210,(#5185));
#5181=SURFACE_STYLE_RENDERING_WITH_PROPERTIES($,#5211,(#5186));
#5182=SURFACE_STYLE_RENDERING_WITH_PROPERTIES($,#5212,(#5187));
#5183=SURFACE_STYLE_RENDERING_WITH_PROPERTIES($,#5213,(#5188));
#5184=SURFACE_STYLE_TRANSPARENT(0.);
#5185=SURFACE_STYLE_TRANSPARENT(0.);
#5186=SURFACE_STYLE_TRANSPARENT(0.);
#5187=SURFACE_STYLE_TRANSPARENT(0.);
#5188=SURFACE_STYLE_TRANSPARENT(0.);
#5189=SURFACE_SIDE_STYLE('',(#5194,#5179));
#5190=SURFACE_SIDE_STYLE('',(#5195,#5180));
#5191=SURFACE_SIDE_STYLE('',(#5196,#5181));
#5192=SURFACE_SIDE_STYLE('',(#5197,#5182));
#5193=SURFACE_SIDE_STYLE('',(#5198,#5183));
#5194=SURFACE_STYLE_FILL_AREA(#5199);
#5195=SURFACE_STYLE_FILL_AREA(#5200);
#5196=SURFACE_STYLE_FILL_AREA(#5201);
#5197=SURFACE_STYLE_FILL_AREA(#5202);
#5198=SURFACE_STYLE_FILL_AREA(#5203);
#5199=FILL_AREA_STYLE('',(#5204));
#5200=FILL_AREA_STYLE('',(#5205));
#5201=FILL_AREA_STYLE('',(#5206));
#5202=FILL_AREA_STYLE('',(#5207));
#5203=FILL_AREA_STYLE('',(#5208));
#5204=FILL_AREA_STYLE_COLOUR('',#5209);
#5205=FILL_AREA_STYLE_COLOUR('',#5210);
#5206=FILL_AREA_STYLE_COLOUR('',#5211);
#5207=FILL_AREA_STYLE_COLOUR('',#5212);
#5208=FILL_AREA_STYLE_COLOUR('',#5213);
#5209=COLOUR_RGB('',0.749019607843137,0.749019607843137,0.749019607843137);
#5210=COLOUR_RGB('',0.745098039215686,0.737254901960784,0.729411764705882);
#5211=COLOUR_RGB('',1.,0.968627450980392,0.725490196078431);
#5212=COLOUR_RGB('',0.0196078431372549,0.0196078431372549,0.0196078431372549);
#5213=COLOUR_RGB('',1.,0.56078431372549,0.184313725490196);
ENDSEC;
END-ISO-10303-21;
