ISO-10303-21;
HEADER;
FILE_DESCRIPTION (( 'STEP AP214' ),
    '1' );
FILE_NAME ('TPS566231RQFR.STEP',
    '2023-09-02T02:30:20',
    ( '' ),
    ( '' ),
    'SwSTEP 2.0',
    'SolidWorks 2021',
    '' );
FILE_SCHEMA (( 'AUTOMOTIVE_DESIGN' ));
ENDSEC;

DATA;
#1 = AXIS2_PLACEMENT_3D ( 'NONE', #1783, #1845, #2079 ) ;
#2 = ORIENTED_EDGE ( 'NONE', *, *, #703, .F. ) ;
#3 = DIRECTION ( 'NONE',  ( -1.000000000000000000, 0.000000000000000000, -0.000000000000000000 ) ) ;
#4 = ORIENTED_EDGE ( 'NONE', *, *, #2176, .F. ) ;
#5 = ADVANCED_FACE ( 'NONE', ( #104 ), #2820, .F. ) ;
#6 = DIRECTION ( 'NONE',  ( -1.000000000000000000, 0.000000000000000000, 9.637352644315575028E-16 ) ) ;
#7 = AXIS2_PLACEMENT_3D ( 'NONE', #1662, #2656, #441 ) ;
#8 = LINE ( 'NONE', #1005, #1234 ) ;
#9 = PLANE ( 'NONE',  #2701 ) ;
#10 = ORIENTED_EDGE ( 'NONE', *, *, #516, .T. ) ;
#11 = DIRECTION ( 'NONE',  ( 2.780005570475652379E-17, 0.000000000000000000, 1.000000000000000000 ) ) ;
#12 = ORIENTED_EDGE ( 'NONE', *, *, #1222, .T. ) ;
#13 = LINE ( 'NONE', #2469, #2186 ) ;
#14 = CARTESIAN_POINT ( 'NONE',  ( -0.7999999999999998224, 0.9799999999999999822, -0.6250000000000000000 ) ) ;
#15 = ORIENTED_EDGE ( 'NONE', *, *, #1464, .T. ) ;
#16 = DIRECTION ( 'NONE',  ( 0.000000000000000000, -1.000000000000000000, 0.000000000000000000 ) ) ;
#17 = CARTESIAN_POINT ( 'NONE',  ( 0.7749999999999991340, 0.1000000000000000056, 0.6250000000000005551 ) ) ;
#18 = LINE ( 'NONE', #283, #3007 ) ;
#19 = EDGE_LOOP ( 'NONE', ( #122, #1819, #1059, #1729 ) ) ;
#20 = PRESENTATION_STYLE_ASSIGNMENT (( #1991 ) ) ;
#21 = CARTESIAN_POINT ( 'NONE',  ( -0.7999999999999998224, 0.9799999999999999822, -0.5500000000000000444 ) ) ;
#22 = ORIENTED_EDGE ( 'NONE', *, *, #1380, .F. ) ;
#23 = EDGE_LOOP ( 'NONE', ( #2931, #1470, #2305, #1942 ) ) ;
#24 = FACE_OUTER_BOUND ( 'NONE', #2111, .T. ) ;
#25 = CARTESIAN_POINT ( 'NONE',  ( 0.7749999999999994671, 0.1000000000000000056, -0.1249999999999995698 ) ) ;
#26 = DIRECTION ( 'NONE',  ( 8.673617379884027583E-16, 0.000000000000000000, -1.000000000000000000 ) ) ;
#27 = DIRECTION ( 'NONE',  ( 0.000000000000000000, 0.000000000000000000, 1.000000000000000000 ) ) ;
#28 = LINE ( 'NONE', #2059, #1047 ) ;
#29 = EDGE_CURVE ( 'NONE', #2164, #983, #851, .T. ) ;
#30 = DIRECTION ( 'NONE',  ( 0.000000000000000000, -1.000000000000000000, 0.000000000000000000 ) ) ;
#31 = FACE_OUTER_BOUND ( 'NONE', #484, .T. ) ;
#32 = EDGE_CURVE ( 'NONE', #3046, #2386, #862, .T. ) ;
#33 = ORIENTED_EDGE ( 'NONE', *, *, #2207, .F. ) ;
#34 = ORIENTED_EDGE ( 'NONE', *, *, #2514, .T. ) ;
#35 = FACE_OUTER_BOUND ( 'NONE', #3203, .T. ) ;
#36 = AXIS2_PLACEMENT_3D ( 'NONE', #2951, #765, #1743 ) ;
#37 = AXIS2_PLACEMENT_3D ( 'NONE', #228, #1224, #1000 ) ;
#38 = AXIS2_PLACEMENT_3D ( 'NONE', #2363, #909, #1182 ) ;
#39 = DIRECTION ( 'NONE',  ( -0.000000000000000000, -0.000000000000000000, -1.000000000000000000 ) ) ;
#40 = AXIS2_PLACEMENT_3D ( 'NONE', #2571, #2782, #603 ) ;
#41 = AXIS2_PLACEMENT_3D ( 'NONE', #3225, #1993, #1890 ) ;
#42 = CARTESIAN_POINT ( 'NONE',  ( 0.9999999999999997780, 0.1000000000000000056, 0.1250000000000006106 ) ) ;
#43 = LINE ( 'NONE', #561, #1967 ) ;
#44 = CARTESIAN_POINT ( 'NONE',  ( -0.1250000000000001943, 0.05000000000000002359, 3.513618151573398336E-17 ) ) ;
#45 = EDGE_CURVE ( 'NONE', #1556, #2218, #2097, .T. ) ;
#46 = ORIENTED_EDGE ( 'NONE', *, *, #2540, .F. ) ;
#47 = VERTEX_POINT ( 'NONE', #80 ) ;
#48 = VERTEX_POINT ( 'NONE', #1626 ) ;
#49 = AXIS2_PLACEMENT_3D ( 'NONE', #3135, #1896, #2835 ) ;
#50 = DIRECTION ( 'NONE',  ( -1.000000000000000000, -0.000000000000000000, -0.000000000000000000 ) ) ;
#51 = CARTESIAN_POINT ( 'NONE',  ( 0.3750000000000001110, 0.1000000000000000056, 0.2249999999999999500 ) ) ;
#52 = ORIENTED_EDGE ( 'NONE', *, *, #775, .T. ) ;
#53 = ORIENTED_EDGE ( 'NONE', *, *, #3186, .T. ) ;
#54 = EDGE_CURVE ( 'NONE', #823, #1204, #1862, .T. ) ;
#55 = DIRECTION ( 'NONE',  ( -1.000000000000000000, 0.000000000000000000, 0.000000000000000000 ) ) ;
#56 = ADVANCED_FACE ( 'NONE', ( #1156 ), #2558, .T. ) ;
#57 = DIRECTION ( 'NONE',  ( -0.000000000000000000, -1.000000000000000000, -0.000000000000000000 ) ) ;
#58 = EDGE_LOOP ( 'NONE', ( #2278, #128, #213, #1948 ) ) ;
#59 = PLANE ( 'NONE',  #773 ) ;
#60 = DIRECTION ( 'NONE',  ( 0.000000000000000000, -1.000000000000000000, 0.000000000000000000 ) ) ;
#61 = CARTESIAN_POINT ( 'NONE',  ( -0.1249999999999999722, 0.1000000000000000056, 0.7500000000000000000 ) ) ;
#62 = CARTESIAN_POINT ( 'NONE',  ( -0.7749999999999995781, 0.05000000000000002359, 0.6250000000000001110 ) ) ;
#63 = ORIENTED_EDGE ( 'NONE', *, *, #639, .F. ) ;
#64 = DIRECTION ( 'NONE',  ( 0.000000000000000000, 1.000000000000000000, -0.000000000000000000 ) ) ;
#65 = FACE_OUTER_BOUND ( 'NONE', #1927, .T. ) ;
#66 = ORIENTED_EDGE ( 'NONE', *, *, #1636, .T. ) ;
#67 = EDGE_LOOP ( 'NONE', ( #2930, #1431, #1953, #195 ) ) ;
#68 = DIRECTION ( 'NONE',  ( 0.000000000000000000, 1.000000000000000000, 0.000000000000000000 ) ) ;
#69 = EDGE_CURVE ( 'NONE', #1902, #903, #604, .T. ) ;
#70 = DIRECTION ( 'NONE',  ( 0.000000000000000000, -1.000000000000000000, 0.000000000000000000 ) ) ;
#71 = FACE_OUTER_BOUND ( 'NONE', #863, .T. ) ;
#72 = CARTESIAN_POINT ( 'NONE',  ( -0.2500000000000000000, 0.1000000000000000056, 0.07499999999999976130 ) ) ;
#73 = CARTESIAN_POINT ( 'NONE',  ( 0.9999999999999997780, 0.1000000000000000056, 0.1250000000000006106 ) ) ;
#74 = ORIENTED_EDGE ( 'NONE', *, *, #455, .F. ) ;
#75 = VERTEX_POINT ( 'NONE', #3118 ) ;
#76 = EDGE_LOOP ( 'NONE', ( #710, #2952, #1593, #115 ) ) ;
#77 =( LENGTH_UNIT ( ) NAMED_UNIT ( * ) SI_UNIT ( .MILLI., .METRE. ) );
#78 = DIRECTION ( 'NONE',  ( 0.000000000000000000, 1.000000000000000000, 0.000000000000000000 ) ) ;
#79 = LINE ( 'NONE', #1071, #888 ) ;
#80 = CARTESIAN_POINT ( 'NONE',  ( -0.9999999999999997780, 0.05000000000000002359, 0.6250000000000001110 ) ) ;
#81 = EDGE_CURVE ( 'NONE', #926, #1499, #149, .T. ) ;
#82 = DIRECTION ( 'NONE',  ( 0.000000000000000000, -1.000000000000000000, 0.000000000000000000 ) ) ;
#83 = EDGE_CURVE ( 'NONE', #2047, #2179, #2572, .T. ) ;
#84 = EDGE_LOOP ( 'NONE', ( #1269, #722, #2823, #2323 ) ) ;
#85 = EDGE_CURVE ( 'NONE', #285, #663, #583, .T. ) ;
#86 = SURFACE_STYLE_USAGE ( .BOTH. , #1390 ) ;
#87 = CIRCLE ( 'NONE', #1918, 0.1249999999999998196 ) ;
#88 = VECTOR ( 'NONE', #2208, 1000.000000000000000 ) ;
#89 = ORIENTED_EDGE ( 'NONE', *, *, #544, .F. ) ;
#90 = VECTOR ( 'NONE', #832, 1000.000000000000000 ) ;
#91 = CIRCLE ( 'NONE', #1921, 0.1249999999999998196 ) ;
#92 = ORIENTED_EDGE ( 'NONE', *, *, #1380, .T. ) ;
#93 = PLANE ( 'NONE',  #737 ) ;
#94 = CARTESIAN_POINT ( 'NONE',  ( -0.7999999999999998224, 0.9799999999999999822, -0.6250000000000000000 ) ) ;
#95 = CARTESIAN_POINT ( 'NONE',  ( 0.9999999999999997780, 0.1000000000000000056, -0.1249999999999994033 ) ) ;
#96 = CIRCLE ( 'NONE', #1655, 0.1250000000000000000 ) ;
#97 = ORIENTED_EDGE ( 'NONE', *, *, #558, .T. ) ;
#98 = EDGE_CURVE ( 'NONE', #2015, #157, #1584, .T. ) ;
#99 = VERTEX_POINT ( 'NONE', #1773 ) ;
#100 = LINE ( 'NONE', #848, #2482 ) ;
#101 = AXIS2_PLACEMENT_3D ( 'NONE', #1793, #315, #2294 ) ;
#102 = CARTESIAN_POINT ( 'NONE',  ( 1.000000000000000222, 0.05000000000000002359, -0.7500000000000000000 ) ) ;
#103 = CARTESIAN_POINT ( 'NONE',  ( -0.9999999999999997780, 0.1000000000000000056, 0.1250000000000000000 ) ) ;
#104 = FACE_OUTER_BOUND ( 'NONE', #129, .T. ) ;
#105 = VECTOR ( 'NONE', #2612, 1000.000000000000000 ) ;
#106 =( NAMED_UNIT ( * ) SI_UNIT ( $, .STERADIAN. ) SOLID_ANGLE_UNIT ( ) );
#107 = VECTOR ( 'NONE', #2476, 1000.000000000000000 ) ;
#108 = ORIENTED_EDGE ( 'NONE', *, *, #2501, .F. ) ;
#109 = CARTESIAN_POINT ( 'NONE',  ( -0.2500000000000000000, 0.1000000000000000056, 0.07499999999999976130 ) ) ;
#110 = CARTESIAN_POINT ( 'NONE',  ( -0.9999999999999997780, 0.1000000000000000056, -0.3749999999999998890 ) ) ;
#111 = DIRECTION ( 'NONE',  ( -7.228014483236683736E-16, 0.000000000000000000, 1.000000000000000000 ) ) ;
#112 = ADVANCED_BREP_SHAPE_REPRESENTATION ( 'TPS566231RQFR', ( #1387, #289, #2437, #2459, #2444, #2424, #377, #1435, #2416, #381, #297, #1366 ), #3143 ) ;
#113 = CARTESIAN_POINT ( 'NONE',  ( 0.7749999999999993561, 0.1000000000000000056, 0.5000000000000005551 ) ) ;
#114 = ADVANCED_FACE ( 'NONE', ( #227 ), #160, .F. ) ;
#115 = ORIENTED_EDGE ( 'NONE', *, *, #2425, .T. ) ;
#116 = PRODUCT_DEFINITION_SHAPE ( 'NONE', 'NONE',  #955 ) ;
#117 = CARTESIAN_POINT ( 'NONE',  ( 0.7749999999999994671, 0.1000000000000000056, -0.1249999999999995698 ) ) ;
#118 = PLANE ( 'NONE',  #49 ) ;
#119 = CARTESIAN_POINT ( 'NONE',  ( 0.3750000000000001110, 0.000000000000000000, 0.2249999999999999500 ) ) ;
#120 = EDGE_CURVE ( 'NONE', #411, #2429, #2614, .T. ) ;
#121 = ORIENTED_EDGE ( 'NONE', *, *, #2575, .T. ) ;
#122 = ORIENTED_EDGE ( 'NONE', *, *, #2468, .F. ) ;
#123 =( NAMED_UNIT ( * ) PLANE_ANGLE_UNIT ( ) SI_UNIT ( $, .RADIAN. ) );
#124 = EDGE_LOOP ( 'NONE', ( #1017, #1778, #1963, #327 ) ) ;
#125 = DIRECTION ( 'NONE',  ( -1.000000000000000000, 0.000000000000000000, -0.000000000000000000 ) ) ;
#126 = LINE ( 'NONE', #1131, #1818 ) ;
#127 = CARTESIAN_POINT ( 'NONE',  ( -0.6499999999999998002, 0.1000000000000000056, -0.6249999999999998890 ) ) ;
#128 = ORIENTED_EDGE ( 'NONE', *, *, #1139, .F. ) ;
#129 = EDGE_LOOP ( 'NONE', ( #1612, #1701, #1851, #2491 ) ) ;
#130 = ADVANCED_FACE ( 'NONE', ( #1601 ), #2864, .F. ) ;
#131 = FACE_OUTER_BOUND ( 'NONE', #2641, .T. ) ;
#132 = DIRECTION ( 'NONE',  ( 1.000000000000000000, 0.000000000000000000, 0.000000000000000000 ) ) ;
#133 = FACE_OUTER_BOUND ( 'NONE', #2099, .T. ) ;
#134 = DIRECTION ( 'NONE',  ( -0.000000000000000000, -1.000000000000000000, -0.000000000000000000 ) ) ;
#135 = VERTEX_POINT ( 'NONE', #2564 ) ;
#136 = FILL_AREA_STYLE_COLOUR ( '', #316 ) ;
#137 = DIRECTION ( 'NONE',  ( -0.000000000000000000, -1.000000000000000000, -0.000000000000000000 ) ) ;
#138 = COLOUR_RGB ( '',0.2509803921568627416, 0.2509803921568627416, 0.2509803921568627416 ) ;
#139 = DIRECTION ( 'NONE',  ( -0.000000000000000000, -0.000000000000000000, -1.000000000000000000 ) ) ;
#140 = DIRECTION ( 'NONE',  ( 0.000000000000000000, -0.000000000000000000, -1.000000000000000000 ) ) ;
#141 = CARTESIAN_POINT ( 'NONE',  ( -0.9999999999999997780, 0.1000000000000000056, -0.6249999999999998890 ) ) ;
#142 = MECHANICAL_DESIGN_GEOMETRIC_PRESENTATION_REPRESENTATION (  '', ( #2381 ), #416 ) ;
#143 = VECTOR ( 'NONE', #707, 1000.000000000000000 ) ;
#144 = VECTOR ( 'NONE', #2767, 1000.000000000000000 ) ;
#145 = DIRECTION ( 'NONE',  ( 1.000000000000000000, 0.000000000000000000, -0.000000000000000000 ) ) ;
#146 = DIRECTION ( 'NONE',  ( 0.000000000000000000, 0.000000000000000000, -1.000000000000000000 ) ) ;
#147 = CARTESIAN_POINT ( 'NONE',  ( 0.7749999999999995781, 0.1000000000000000056, 5.430045880531565739E-16 ) ) ;
#148 = ADVANCED_FACE ( 'NONE', ( #1099 ), #3075, .T. ) ;
#149 = LINE ( 'NONE', #2623, #358 ) ;
#150 = VERTEX_POINT ( 'NONE', #246 ) ;
#151 = VECTOR ( 'NONE', #473, 1000.000000000000000 ) ;
#152 = DIRECTION ( 'NONE',  ( 0.000000000000000000, -1.000000000000000000, 0.000000000000000000 ) ) ;
#153 = CARTESIAN_POINT ( 'NONE',  ( 0.9999999999999993339, 0.000000000000000000, 0.6250000000000007772 ) ) ;
#154 = ORIENTED_EDGE ( 'NONE', *, *, #409, .T. ) ;
#155 = AXIS2_PLACEMENT_3D ( 'NONE', #2988, #414, #1165 ) ;
#156 = EDGE_CURVE ( 'NONE', #3209, #2480, #818, .T. ) ;
#157 = VERTEX_POINT ( 'NONE', #431 ) ;
#158 = VECTOR ( 'NONE', #2050, 1000.000000000000000 ) ;
#159 = CARTESIAN_POINT ( 'NONE',  ( -0.6499999999999998002, 0.1000000000000000056, -0.5249999999999999112 ) ) ;
#160 = PLANE ( 'NONE',  #615 ) ;
#161 = ORIENTED_EDGE ( 'NONE', *, *, #2986, .T. ) ;
#162 = DIRECTION ( 'NONE',  ( -1.000000000000000000, -0.000000000000000000, -0.000000000000000000 ) ) ;
#163 = CARTESIAN_POINT ( 'NONE',  ( -0.2500000000000000555, 0.000000000000000000, -0.4999999999999998890 ) ) ;
#164 = EDGE_LOOP ( 'NONE', ( #540, #1223, #2840, #1221 ) ) ;
#165 = DIRECTION ( 'NONE',  ( 1.000000000000000000, 0.000000000000000000, -0.000000000000000000 ) ) ;
#166 = CARTESIAN_POINT ( 'NONE',  ( 0.9999999999999993339, 0.1000000000000000056, -0.3750000000000009437 ) ) ;
#167 = CARTESIAN_POINT ( 'NONE',  ( 0.9999999999999993339, 0.1000000000000000056, 0.3750000000000007216 ) ) ;
#168 = ORIENTED_EDGE ( 'NONE', *, *, #786, .F. ) ;
#169 = EDGE_CURVE ( 'NONE', #593, #1941, #357, .T. ) ;
#170 = FACE_OUTER_BOUND ( 'NONE', #1647, .T. ) ;
#171 = ORIENTED_EDGE ( 'NONE', *, *, #1828, .T. ) ;
#172 = VERTEX_POINT ( 'NONE', #2022 ) ;
#173 = ADVANCED_FACE ( 'NONE', ( #2618 ), #59, .F. ) ;
#174 = VERTEX_POINT ( 'NONE', #1768 ) ;
#175 = DIRECTION ( 'NONE',  ( -0.000000000000000000, -1.000000000000000000, -0.000000000000000000 ) ) ;
#176 = ADVANCED_FACE ( 'NONE', ( #425 ), #2970, .F. ) ;
#177 = DIRECTION ( 'NONE',  ( 0.000000000000000000, 1.000000000000000000, 0.000000000000000000 ) ) ;
#178 = ORIENTED_EDGE ( 'NONE', *, *, #156, .T. ) ;
#179 = DIRECTION ( 'NONE',  ( 0.000000000000000000, 1.000000000000000000, -0.000000000000000000 ) ) ;
#180 = FACE_OUTER_BOUND ( 'NONE', #2674, .T. ) ;
#181 = LINE ( 'NONE', #2400, #1982 ) ;
#182 = CARTESIAN_POINT ( 'NONE',  ( 0.3749999999999997224, 0.1000000000000000056, -0.7500000000000000000 ) ) ;
#183 = CARTESIAN_POINT ( 'NONE',  ( 0.9999999999999997780, 0.05000000000000002359, 0.1250000000000006106 ) ) ;
#184 = ADVANCED_FACE ( 'NONE', ( #306 ), #1832, .T. ) ;
#185 = VERTEX_POINT ( 'NONE', #1127 ) ;
#186 = ADVANCED_FACE ( 'NONE', ( #170 ), #2889, .F. ) ;
#187 = CARTESIAN_POINT ( 'NONE',  ( -0.9999999999999997780, 0.1000000000000000056, 0.1250000000000000000 ) ) ;
#188 = UNCERTAINTY_MEASURE_WITH_UNIT (LENGTH_MEASURE( 1.000000000000000082E-05 ), #2760, 'distance_accuracy_value', 'NONE');
#189 = ORIENTED_EDGE ( 'NONE', *, *, #816, .F. ) ;
#190 = DIRECTION ( 'NONE',  ( 0.000000000000000000, -0.000000000000000000, -1.000000000000000000 ) ) ;
#191 = CYLINDRICAL_SURFACE ( 'NONE', #1404, 0.1250000000000000000 ) ;
#192 = DIRECTION ( 'NONE',  ( 0.000000000000000000, 0.000000000000000000, -1.000000000000000000 ) ) ;
#193 = ORIENTED_EDGE ( 'NONE', *, *, #1658, .F. ) ;
#194 = AXIS2_PLACEMENT_3D ( 'NONE', #2034, #1919, #452 ) ;
#195 = ORIENTED_EDGE ( 'NONE', *, *, #839, .T. ) ;
#196 = EDGE_CURVE ( 'NONE', #205, #2987, #2904, .T. ) ;
#197 = VERTEX_POINT ( 'NONE', #2177 ) ;
#198 = ORIENTED_EDGE ( 'NONE', *, *, #1464, .F. ) ;
#199 = CARTESIAN_POINT ( 'NONE',  ( -0.3750000000000000000, 0.05000000000000002359, 0.7500000000000000000 ) ) ;
#200 =( GEOMETRIC_REPRESENTATION_CONTEXT ( 3 ) GLOBAL_UNCERTAINTY_ASSIGNED_CONTEXT ( ( #2188 ) ) GLOBAL_UNIT_ASSIGNED_CONTEXT ( ( #288, #2407, #2927 ) ) REPRESENTATION_CONTEXT ( 'NONE', 'WORKASPACE' ) );
#201 = SURFACE_STYLE_USAGE ( .BOTH. , #254 ) ;
#202 = ORIENTED_EDGE ( 'NONE', *, *, #777, .F. ) ;
#203 = ORIENTED_EDGE ( 'NONE', *, *, #1858, .T. ) ;
#204 = CIRCLE ( 'NONE', #1203, 0.1250000000000000000 ) ;
#205 = VERTEX_POINT ( 'NONE', #699 ) ;
#206 = CARTESIAN_POINT ( 'NONE',  ( -0.3750000000000000000, 0.000000000000000000, 0.7500000000000000000 ) ) ;
#207 = ORIENTED_EDGE ( 'NONE', *, *, #2664, .T. ) ;
#208 = AXIS2_PLACEMENT_3D ( 'NONE', #302, #1811, #2297 ) ;
#209 = ADVANCED_FACE ( 'NONE', ( #408 ), #2859, .T. ) ;
#210 = DIRECTION ( 'NONE',  ( -0.000000000000000000, -1.000000000000000000, -0.000000000000000000 ) ) ;
#211 =( NAMED_UNIT ( * ) SI_UNIT ( $, .STERADIAN. ) SOLID_ANGLE_UNIT ( ) );
#212 = VECTOR ( 'NONE', #807, 1000.000000000000000 ) ;
#213 = ORIENTED_EDGE ( 'NONE', *, *, #2862, .F. ) ;
#214 = DIRECTION ( 'NONE',  ( 0.000000000000000000, 0.000000000000000000, 1.000000000000000000 ) ) ;
#215 = CARTESIAN_POINT ( 'NONE',  ( -0.9999999999999997780, 0.1000000000000000056, 0.3750000000000001665 ) ) ;
#216 = DIRECTION ( 'NONE',  ( -1.000000000000000000, -0.000000000000000000, -0.000000000000000000 ) ) ;
#217 = EDGE_CURVE ( 'NONE', #449, #1902, #2639, .T. ) ;
#218 = VERTEX_POINT ( 'NONE', #635 ) ;
#219 = FILL_AREA_STYLE ('',( #2450 ) ) ;
#220 = DIRECTION ( 'NONE',  ( 1.000000000000000000, 0.000000000000000000, 7.228014483236683736E-16 ) ) ;
#221 = VERTEX_POINT ( 'NONE', #2417 ) ;
#222 = ORIENTED_EDGE ( 'NONE', *, *, #2596, .T. ) ;
#223 = EDGE_LOOP ( 'NONE', ( #1715, #2947, #2007, #776 ) ) ;
#224 = SURFACE_STYLE_USAGE ( .BOTH. , #435 ) ;
#225 = ORIENTED_EDGE ( 'NONE', *, *, #917, .F. ) ;
#226 = MECHANICAL_DESIGN_GEOMETRIC_PRESENTATION_REPRESENTATION (  '', ( #3030 ), #855 ) ;
#227 = FACE_OUTER_BOUND ( 'NONE', #702, .T. ) ;
#228 = CARTESIAN_POINT ( 'NONE',  ( 0.1249999999999998335, 0.1000000000000000056, -0.7500000000000000000 ) ) ;
#229 = EDGE_CURVE ( 'NONE', #2714, #903, #428, .T. ) ;
#230 = PLANE ( 'NONE',  #1814 ) ;
#231 = PLANE ( 'NONE',  #434 ) ;
#232 = CARTESIAN_POINT ( 'NONE',  ( -1.807003620809175864E-16, 0.05000000000000002359, -0.3750000000000004441 ) ) ;
#233 = ORIENTED_EDGE ( 'NONE', *, *, #2597, .F. ) ;
#234 = ORIENTED_EDGE ( 'NONE', *, *, #2315, .F. ) ;
#235 = VERTEX_POINT ( 'NONE', #3138 ) ;
#236 = EDGE_CURVE ( 'NONE', #3209, #2052, #1684, .T. ) ;
#237 = ORIENTED_EDGE ( 'NONE', *, *, #619, .F. ) ;
#238 = SURFACE_STYLE_FILL_AREA ( #461 ) ;
#239 = VERTEX_POINT ( 'NONE', #3101 ) ;
#240 = EDGE_CURVE ( 'NONE', #2975, #2348, #901, .T. ) ;
#241 = CARTESIAN_POINT ( 'NONE',  ( 0.7749999999999993561, 0.1000000000000000056, -0.3750000000000008327 ) ) ;
#242 = ADVANCED_FACE ( 'NONE', ( #2162 ), #3155, .T. ) ;
#243 = CARTESIAN_POINT ( 'NONE',  ( -0.7749999999999995781, 0.000000000000000000, 0.6250000000000001110 ) ) ;
#244 = APPLICATION_CONTEXT ( 'automotive_design' ) ;
#245 = ORIENTED_EDGE ( 'NONE', *, *, #2880, .T. ) ;
#246 = CARTESIAN_POINT ( 'NONE',  ( 0.3749999999999997224, 0.1000000000000000056, -0.7500000000000000000 ) ) ;
#247 = VERTEX_POINT ( 'NONE', #928 ) ;
#248 = DIRECTION ( 'NONE',  ( 0.000000000000000000, -1.000000000000000000, 0.000000000000000000 ) ) ;
#249 = DIRECTION ( 'NONE',  ( 0.000000000000000000, 1.000000000000000000, -0.000000000000000000 ) ) ;
#250 = CARTESIAN_POINT ( 'NONE',  ( -0.9999999999999997780, 0.1000000000000000056, 0.6250000000000001110 ) ) ;
#251 = VECTOR ( 'NONE', #253, 1000.000000000000000 ) ;
#252 = ADVANCED_FACE ( 'NONE', ( #1899 ), #1863, .T. ) ;
#253 = DIRECTION ( 'NONE',  ( 1.084202172485503448E-15, -0.000000000000000000, -1.000000000000000000 ) ) ;
#254 = SURFACE_SIDE_STYLE ('',( #238 ) ) ;
#255 = VECTOR ( 'NONE', #1571, 1000.000000000000000 ) ;
#256 = EDGE_LOOP ( 'NONE', ( #1351, #2624, #864, #207 ) ) ;
#257 = VECTOR ( 'NONE', #2719, 1000.000000000000000 ) ;
#258 = AXIS2_PLACEMENT_3D ( 'NONE', #893, #1642, #165 ) ;
#259 = FACE_OUTER_BOUND ( 'NONE', #632, .T. ) ;
#260 = DIRECTION ( 'NONE',  ( 0.000000000000000000, 1.000000000000000000, 0.000000000000000000 ) ) ;
#261 = VECTOR ( 'NONE', #1573, 1000.000000000000000 ) ;
#262 = VECTOR ( 'NONE', #1638, 1000.000000000000000 ) ;
#263 = CIRCLE ( 'NONE', #2136, 0.1250000000000000000 ) ;
#264 = CARTESIAN_POINT ( 'NONE',  ( -0.8000000000000003775, 0.1000000000000000056, -0.3749999999999998890 ) ) ;
#265 = VECTOR ( 'NONE', #82, 1000.000000000000000 ) ;
#266 = ORIENTED_EDGE ( 'NONE', *, *, #1233, .F. ) ;
#267 = CARTESIAN_POINT ( 'NONE',  ( 0.7749999999999993561, 0.000000000000000000, 0.5000000000000005551 ) ) ;
#268 = VECTOR ( 'NONE', #1539, 1000.000000000000000 ) ;
#269 = LINE ( 'NONE', #536, #791 ) ;
#270 = DIRECTION ( 'NONE',  ( 1.000000000000000000, 0.000000000000000000, -4.818676322157796389E-16 ) ) ;
#271 = EDGE_LOOP ( 'NONE', ( #590, #2807, #585, #2562 ) ) ;
#272 = DIRECTION ( 'NONE',  ( 0.7071067811865489050, -0.000000000000000000, -0.7071067811865460184 ) ) ;
#273 = DIRECTION ( 'NONE',  ( 0.000000000000000000, -1.000000000000000000, 0.000000000000000000 ) ) ;
#274 = ORIENTED_EDGE ( 'NONE', *, *, #1015, .T. ) ;
#275 = ORIENTED_EDGE ( 'NONE', *, *, #1161, .T. ) ;
#276 = CARTESIAN_POINT ( 'NONE',  ( -0.9999999999999997780, 0.000000000000000000, 0.3750000000000001665 ) ) ;
#277 = EDGE_CURVE ( 'NONE', #205, #512, #460, .T. ) ;
#278 = CARTESIAN_POINT ( 'NONE',  ( -0.7749999999999995781, 0.05000000000000002359, 9.486769009248163798E-17 ) ) ;
#279 = ORIENTED_EDGE ( 'NONE', *, *, #1616, .T. ) ;
#280 = ORIENTED_EDGE ( 'NONE', *, *, #1616, .F. ) ;
#281 = LINE ( 'NONE', #1522, #2750 ) ;
#282 = DIRECTION ( 'NONE',  ( -1.000000000000000000, 0.000000000000000000, 0.000000000000000000 ) ) ;
#283 = CARTESIAN_POINT ( 'NONE',  ( -0.9999999999999997780, 0.1000000000000000056, -0.3749999999999998890 ) ) ;
#284 = ORIENTED_EDGE ( 'NONE', *, *, #1670, .F. ) ;
#285 = VERTEX_POINT ( 'NONE', #182 ) ;
#286 = SURFACE_STYLE_USAGE ( .BOTH. , #2061 ) ;
#287 = CARTESIAN_POINT ( 'NONE',  ( 0.2500000000000000000, 0.1000000000000000056, 0.2250000000000000056 ) ) ;
#288 =( LENGTH_UNIT ( ) NAMED_UNIT ( * ) SI_UNIT ( .MILLI., .METRE. ) );
#289 = MANIFOLD_SOLID_BREP ( 'Boss-Extrude4[1]', #564 ) ;
#290 = CARTESIAN_POINT ( 'NONE',  ( -0.1249999999999999445, 0.1000000000000000056, -0.7500000000000001110 ) ) ;
#291 = EDGE_CURVE ( 'NONE', #2672, #2591, #2727, .T. ) ;
#292 = CARTESIAN_POINT ( 'NONE',  ( -0.7999999999999998224, 1.000000000000000000, -0.5500000000000000444 ) ) ;
#293 = UNCERTAINTY_MEASURE_WITH_UNIT (LENGTH_MEASURE( 1.000000000000000082E-05 ), #393, 'distance_accuracy_value', 'NONE');
#294 = DIRECTION ( 'NONE',  ( 0.000000000000000000, 1.000000000000000000, 0.000000000000000000 ) ) ;
#295 = CARTESIAN_POINT ( 'NONE',  ( 0.7749999999999993561, 0.1000000000000000056, 0.5000000000000005551 ) ) ;
#296 = FACE_OUTER_BOUND ( 'NONE', #3077, .T. ) ;
#297 = MANIFOLD_SOLID_BREP ( 'Cut-Extrude2', #1533 ) ;
#298 = ORIENTED_EDGE ( 'NONE', *, *, #98, .T. ) ;
#299 = VECTOR ( 'NONE', #1373, 1000.000000000000000 ) ;
#300 = VERTEX_POINT ( 'NONE', #199 ) ;
#301 = LINE ( 'NONE', #2536, #2183 ) ;
#302 = CARTESIAN_POINT ( 'NONE',  ( -0.7749999999999995781, 0.1000000000000000056, 9.486769009248163798E-17 ) ) ;
#303 = CARTESIAN_POINT ( 'NONE',  ( -0.2500000000000000000, 0.000000000000000000, 0.07499999999999976130 ) ) ;
#304 = EDGE_CURVE ( 'NONE', #2944, #1413, #1187, .T. ) ;
#305 = CARTESIAN_POINT ( 'NONE',  ( -0.9999999999999997780, 0.05000000000000002359, 0.7500000000000000000 ) ) ;
#306 = FACE_OUTER_BOUND ( 'NONE', #960, .T. ) ;
#307 = AXIS2_PLACEMENT_3D ( 'NONE', #325, #70, #866 ) ;
#308 = AXIS2_PLACEMENT_3D ( 'NONE', #923, #2159, #2869 ) ;
#309 = LINE ( 'NONE', #2527, #1088 ) ;
#310 = VECTOR ( 'NONE', #1529, 1000.000000000000000 ) ;
#311 = EDGE_CURVE ( 'NONE', #2005, #2179, #2003, .T. ) ;
#312 = VECTOR ( 'NONE', #3092, 1000.000000000000000 ) ;
#313 = DIRECTION ( 'NONE',  ( 1.000000000000000000, 0.000000000000000000, 0.000000000000000000 ) ) ;
#314 = LINE ( 'NONE', #1301, #2680 ) ;
#315 = DIRECTION ( 'NONE',  ( 1.000000000000000000, 0.000000000000000000, 3.212450881438531255E-16 ) ) ;
#316 = COLOUR_RGB ( '',0.7921568627450980005, 0.8196078431372548767, 0.9333333333333333481 ) ;
#317 = ORIENTED_EDGE ( 'NONE', *, *, #1346, .F. ) ;
#318 = DIRECTION ( 'NONE',  ( 0.000000000000000000, 0.000000000000000000, 1.000000000000000000 ) ) ;
#319 = CIRCLE ( 'NONE', #2143, 0.1250000000000000000 ) ;
#320 = ADVANCED_FACE ( 'NONE', ( #990 ), #1246, .F. ) ;
#321 = CARTESIAN_POINT ( 'NONE',  ( 0.3750000000000001110, 0.000000000000000000, 0.2249999999999999500 ) ) ;
#322 = DIRECTION ( 'NONE',  ( 0.000000000000000000, 0.000000000000000000, 1.000000000000000000 ) ) ;
#323 = CARTESIAN_POINT ( 'NONE',  ( 0.9999999999999997780, 0.000000000000000000, 0.1250000000000006106 ) ) ;
#324 = DIRECTION ( 'NONE',  ( 0.000000000000000000, 0.000000000000000000, 1.000000000000000000 ) ) ;
#325 = CARTESIAN_POINT ( 'NONE',  ( -0.2500000000000000000, 0.1000000000000000056, 0.07499999999999976130 ) ) ;
#326 = UNCERTAINTY_MEASURE_WITH_UNIT (LENGTH_MEASURE( 1.000000000000000082E-05 ), #1939, 'distance_accuracy_value', 'NONE');
#327 = ORIENTED_EDGE ( 'NONE', *, *, #1692, .F. ) ;
#328 = CARTESIAN_POINT ( 'NONE',  ( -0.3750000000000000000, 0.1000000000000000056, 0.7500000000000000000 ) ) ;
#329 = LINE ( 'NONE', #560, #2698 ) ;
#330 = CARTESIAN_POINT ( 'NONE',  ( -0.7749999999999995781, 0.1000000000000000056, 0.6250000000000001110 ) ) ;
#331 = DIRECTION ( 'NONE',  ( 3.892007798665913454E-16, 0.000000000000000000, 1.000000000000000000 ) ) ;
#332 = EDGE_CURVE ( 'NONE', #3124, #2560, #3220, .T. ) ;
#333 = EDGE_LOOP ( 'NONE', ( #154, #1570, #2919, #3040 ) ) ;
#334 = DIRECTION ( 'NONE',  ( -0.000000000000000000, -1.000000000000000000, -0.000000000000000000 ) ) ;
#335 = ORIENTED_EDGE ( 'NONE', *, *, #2505, .F. ) ;
#336 = CIRCLE ( 'NONE', #1469, 0.1250000000000000000 ) ;
#337 = ORIENTED_EDGE ( 'NONE', *, *, #240, .T. ) ;
#338 = CARTESIAN_POINT ( 'NONE',  ( 0.1249999999999998335, 0.1000000000000000056, -0.7500000000000000000 ) ) ;
#339 = PLANE ( 'NONE',  #2967 ) ;
#340 = CARTESIAN_POINT ( 'NONE',  ( -0.3750000000000000000, 0.1000000000000000056, 0.7500000000000000000 ) ) ;
#341 = EDGE_CURVE ( 'NONE', #2666, #2857, #518, .T. ) ;
#342 = EDGE_CURVE ( 'NONE', #2903, #2833, #2973, .T. ) ;
#343 = VERTEX_POINT ( 'NONE', #1007 ) ;
#344 = ORIENTED_EDGE ( 'NONE', *, *, #1310, .F. ) ;
#345 = DIRECTION ( 'NONE',  ( -1.000000000000000000, 0.000000000000000000, 0.000000000000000000 ) ) ;
#346 = DIRECTION ( 'NONE',  ( -0.000000000000000000, -1.000000000000000000, -0.000000000000000000 ) ) ;
#347 = ADVANCED_FACE ( 'NONE', ( #3195 ), #778, .F. ) ;
#348 = CARTESIAN_POINT ( 'NONE',  ( -0.2500000000000000000, 0.000000000000000000, -0.05000000000000005135 ) ) ;
#349 = CARTESIAN_POINT ( 'NONE',  ( 0.3750000000000001110, 0.05000000000000002359, 0.2249999999999999500 ) ) ;
#350 = CARTESIAN_POINT ( 'NONE',  ( 0.7749999999999994671, 0.05000000000000002359, 0.1250000000000004441 ) ) ;
#351 = ORIENTED_EDGE ( 'NONE', *, *, #1847, .T. ) ;
#352 =( NAMED_UNIT ( * ) SI_UNIT ( $, .STERADIAN. ) SOLID_ANGLE_UNIT ( ) );
#353 = FACE_OUTER_BOUND ( 'NONE', #164, .T. ) ;
#354 = CARTESIAN_POINT ( 'NONE',  ( -0.6499999999999998002, 0.1000000000000000056, -0.6249999999999998890 ) ) ;
#355 = CARTESIAN_POINT ( 'NONE',  ( -0.000000000000000000, 0.05000000000000002359, 0.1250000000000000000 ) ) ;
#356 = VERTEX_POINT ( 'NONE', #1716 ) ;
#357 = CIRCLE ( 'NONE', #2271, 0.1250000000000000000 ) ;
#358 = VECTOR ( 'NONE', #1575, 1000.000000000000000 ) ;
#359 = EDGE_CURVE ( 'NONE', #239, #1585, #2712, .T. ) ;
#360 = DIRECTION ( 'NONE',  ( -0.000000000000000000, 1.000000000000000000, -0.000000000000000000 ) ) ;
#361 = EDGE_LOOP ( 'NONE', ( #2150, #1668, #89, #2211, #344 ) ) ;
#362 = AXIS2_PLACEMENT_3D ( 'NONE', #103, #1109, #2523 ) ;
#363 = CIRCLE ( 'NONE', #2752, 0.1249999999999998890 ) ;
#364 = CARTESIAN_POINT ( 'NONE',  ( -0.7999999999999998224, 0.9799999999999999822, -0.4749999999999999778 ) ) ;
#365 = ADVANCED_FACE ( 'NONE', ( #2999 ), #963, .T. ) ;
#366 = DIRECTION ( 'NONE',  ( 1.084202172485503448E-15, -0.000000000000000000, -1.000000000000000000 ) ) ;
#367 = ORIENTED_EDGE ( 'NONE', *, *, #757, .F. ) ;
#368 = ORIENTED_EDGE ( 'NONE', *, *, #763, .T. ) ;
#369 = ORIENTED_EDGE ( 'NONE', *, *, #2921, .T. ) ;
#370 = FACE_OUTER_BOUND ( 'NONE', #764, .T. ) ;
#371 = MECHANICAL_DESIGN_GEOMETRIC_PRESENTATION_REPRESENTATION (  '', ( #1048 ), #787 ) ;
#372 = PLANE ( 'NONE',  #1106 ) ;
#373 = CARTESIAN_POINT ( 'NONE',  ( 0.9999999999999993339, 0.1000000000000000056, 0.6250000000000007772 ) ) ;
#374 = DIRECTION ( 'NONE',  ( -0.000000000000000000, 1.000000000000000000, -0.000000000000000000 ) ) ;
#375 = EDGE_LOOP ( 'NONE', ( #2458, #2654, #478, #2677 ) ) ;
#376 = AXIS2_PLACEMENT_3D ( 'NONE', #1008, #1420, #1698 ) ;
#377 = MANIFOLD_SOLID_BREP ( 'Boss-Extrude4[6]', #1083 ) ;
#378 = VECTOR ( 'NONE', #2276, 1000.000000000000000 ) ;
#379 = ORIENTED_EDGE ( 'NONE', *, *, #1097, .T. ) ;
#380 = ORIENTED_EDGE ( 'NONE', *, *, #1732, .F. ) ;
#381 = MANIFOLD_SOLID_BREP ( 'Boss-Extrude4[9]', #2477 ) ;
#382 = CARTESIAN_POINT ( 'NONE',  ( -0.9999999999999997780, 0.05000000000000002359, -0.1250000000000000000 ) ) ;
#383 = EDGE_CURVE ( 'NONE', #1010, #3046, #2691, .T. ) ;
#384 = LINE ( 'NONE', #2548, #529 ) ;
#385 = DIRECTION ( 'NONE',  ( 0.000000000000000000, 0.000000000000000000, -1.000000000000000000 ) ) ;
#386 = FACE_OUTER_BOUND ( 'NONE', #2455, .T. ) ;
#387 = ORIENTED_EDGE ( 'NONE', *, *, #1308, .F. ) ;
#388 = FACE_OUTER_BOUND ( 'NONE', #479, .T. ) ;
#389 = CARTESIAN_POINT ( 'NONE',  ( -0.1249999999999999722, 0.1000000000000000056, 0.7500000000000000000 ) ) ;
#390 = CARTESIAN_POINT ( 'NONE',  ( 0.9999999999999997780, 0.1000000000000000056, 0.1250000000000006106 ) ) ;
#391 = DIRECTION ( 'NONE',  ( 0.000000000000000000, 0.000000000000000000, 1.000000000000000000 ) ) ;
#392 = SURFACE_STYLE_USAGE ( .BOTH. , #2128 ) ;
#393 =( LENGTH_UNIT ( ) NAMED_UNIT ( * ) SI_UNIT ( .MILLI., .METRE. ) );
#394 = ORIENTED_EDGE ( 'NONE', *, *, #1253, .T. ) ;
#395 = ORIENTED_EDGE ( 'NONE', *, *, #2718, .T. ) ;
#396 = CARTESIAN_POINT ( 'NONE',  ( -0.7749999999999995781, 0.1000000000000000056, 0.5000000000000001110 ) ) ;
#397 = EDGE_CURVE ( 'NONE', #1113, #575, #2333, .T. ) ;
#398 = DIRECTION ( 'NONE',  ( 0.000000000000000000, 0.000000000000000000, 1.000000000000000000 ) ) ;
#399 = FACE_OUTER_BOUND ( 'NONE', #2465, .T. ) ;
#400 = FACE_OUTER_BOUND ( 'NONE', #3156, .T. ) ;
#401 = EDGE_LOOP ( 'NONE', ( #2287, #2534, #1016, #1077, #3035, #1322, #3002, #2237, #245, #2311, #2213, #1384, #275, #1257, #1833, #1504 ) ) ;
#402 = DIRECTION ( 'NONE',  ( 9.637352644315575028E-16, 0.000000000000000000, 1.000000000000000000 ) ) ;
#403 = DIRECTION ( 'NONE',  ( -2.810894521258714231E-16, 0.000000000000000000, -1.000000000000000000 ) ) ;
#404 = DIRECTION ( 'NONE',  ( -0.000000000000000000, 1.000000000000000000, -0.000000000000000000 ) ) ;
#405 = EDGE_CURVE ( 'NONE', #744, #2005, #2817, .T. ) ;
#406 = DIRECTION ( 'NONE',  ( -0.000000000000000000, -1.000000000000000000, -0.000000000000000000 ) ) ;
#407 = EDGE_LOOP ( 'NONE', ( #2366, #53, #22, #63 ) ) ;
#408 = FACE_OUTER_BOUND ( 'NONE', #2845, .T. ) ;
#409 = EDGE_CURVE ( 'NONE', #2232, #2541, #601, .T. ) ;
#410 = ORIENTED_EDGE ( 'NONE', *, *, #3055, .T. ) ;
#411 = VERTEX_POINT ( 'NONE', #1084 ) ;
#412 = SURFACE_STYLE_FILL_AREA ( #2320 ) ;
#413 = ORIENTED_EDGE ( 'NONE', *, *, #2368, .T. ) ;
#414 = DIRECTION ( 'NONE',  ( 0.000000000000000000, -1.000000000000000000, 0.000000000000000000 ) ) ;
#415 = FACE_OUTER_BOUND ( 'NONE', #871, .T. ) ;
#416 =( GEOMETRIC_REPRESENTATION_CONTEXT ( 3 ) GLOBAL_UNCERTAINTY_ASSIGNED_CONTEXT ( ( #2991 ) ) GLOBAL_UNIT_ASSIGNED_CONTEXT ( ( #2772, #1332, #352 ) ) REPRESENTATION_CONTEXT ( 'NONE', 'WORKASPACE' ) );
#417 = EDGE_CURVE ( 'NONE', #2375, #1720, #3057, .T. ) ;
#418 = AXIS2_PLACEMENT_3D ( 'NONE', #1711, #248, #2733 ) ;
#419 = VERTEX_POINT ( 'NONE', #551 ) ;
#420 = LINE ( 'NONE', #3114, #3006 ) ;
#421 = CARTESIAN_POINT ( 'NONE',  ( 0.9999999999999993339, 0.1000000000000000056, -0.3750000000000009437 ) ) ;
#422 = CYLINDRICAL_SURFACE ( 'NONE', #1145, 0.1250000000000000000 ) ;
#423 = VECTOR ( 'NONE', #861, 1000.000000000000000 ) ;
#424 = VECTOR ( 'NONE', #2360, 1000.000000000000000 ) ;
#425 = FACE_OUTER_BOUND ( 'NONE', #271, .T. ) ;
#426 = EDGE_CURVE ( 'NONE', #2115, #984, #301, .T. ) ;
#427 = VECTOR ( 'NONE', #139, 1000.000000000000000 ) ;
#428 = LINE ( 'NONE', #2383, #2226 ) ;
#429 =( NAMED_UNIT ( * ) PLANE_ANGLE_UNIT ( ) SI_UNIT ( $, .RADIAN. ) );
#430 = VERTEX_POINT ( 'NONE', #1781 ) ;
#431 = CARTESIAN_POINT ( 'NONE',  ( -0.1250000000000002220, 0.000000000000000000, -0.4999999999999998890 ) ) ;
#432 = STYLED_ITEM ( 'NONE', ( #2594 ), #2437 ) ;
#433 = VERTEX_POINT ( 'NONE', #2077 ) ;
#434 = AXIS2_PLACEMENT_3D ( 'NONE', #2205, #1965, #2192 ) ;
#435 = SURFACE_SIDE_STYLE ('',( #482 ) ) ;
#436 = DIRECTION ( 'NONE',  ( 0.000000000000000000, -1.000000000000000000, 0.000000000000000000 ) ) ;
#437 = LINE ( 'NONE', #2090, #1395 ) ;
#438 = PRODUCT_CONTEXT ( 'NONE', #3139, 'mechanical' ) ;
#439 = ORIENTED_EDGE ( 'NONE', *, *, #2724, .F. ) ;
#440 = DIRECTION ( 'NONE',  ( 1.000000000000000000, 0.000000000000000000, -9.637352644315575028E-16 ) ) ;
#441 = DIRECTION ( 'NONE',  ( 1.000000000000000000, 0.000000000000000000, 4.818676322157796389E-16 ) ) ;
#442 = CARTESIAN_POINT ( 'NONE',  ( -0.9999999999999997780, 0.05000000000000002359, -0.6249999999999998890 ) ) ;
#443 = ORIENTED_EDGE ( 'NONE', *, *, #2198, .T. ) ;
#444 = VERTEX_POINT ( 'NONE', #3066 ) ;
#445 = VERTEX_POINT ( 'NONE', #813 ) ;
#446 = EDGE_CURVE ( 'NONE', #2714, #3192, #100, .T. ) ;
#447 = CARTESIAN_POINT ( 'NONE',  ( 0.9999999999999993339, 0.1000000000000000056, 0.3750000000000007216 ) ) ;
#448 =( NAMED_UNIT ( * ) SI_UNIT ( $, .STERADIAN. ) SOLID_ANGLE_UNIT ( ) );
#449 = VERTEX_POINT ( 'NONE', #1054 ) ;
#450 = ADVANCED_FACE ( 'NONE', ( #1304 ), #2569, .T. ) ;
#451 = EDGE_LOOP ( 'NONE', ( #2687, #387, #3176, #1487 ) ) ;
#452 = DIRECTION ( 'NONE',  ( 0.000000000000000000, -0.000000000000000000, 1.000000000000000000 ) ) ;
#453 = ADVANCED_FACE ( 'NONE', ( #659, #2895 ), #2171, .F. ) ;
#454 = LINE ( 'NONE', #1426, #2080 ) ;
#455 = EDGE_CURVE ( 'NONE', #1585, #1664, #1877, .T. ) ;
#456 = CARTESIAN_POINT ( 'NONE',  ( -0.7999999999999998224, 1.000000000000000000, -0.4749999999999999778 ) ) ;
#457 = LINE ( 'NONE', #2463, #3126 ) ;
#458 = DIRECTION ( 'NONE',  ( 0.000000000000000000, -1.000000000000000000, 0.000000000000000000 ) ) ;
#459 = ORIENTED_EDGE ( 'NONE', *, *, #2533, .F. ) ;
#460 = LINE ( 'NONE', #447, #1702 ) ;
#461 = FILL_AREA_STYLE ('',( #1849 ) ) ;
#462 = DIRECTION ( 'NONE',  ( 0.000000000000000000, 1.000000000000000000, 0.000000000000000000 ) ) ;
#463 = CARTESIAN_POINT ( 'NONE',  ( 0.7749999999999993561, 0.1000000000000000056, 0.5000000000000005551 ) ) ;
#464 = EDGE_LOOP ( 'NONE', ( #3001, #469, #1364, #2726 ) ) ;
#465 = CLOSED_SHELL ( 'NONE', ( #56, #2784, #2106, #2014, #904, #320, #209 ) ) ;
#466 = EDGE_CURVE ( 'NONE', #2321, #174, #2884, .T. ) ;
#467 = DIRECTION ( 'NONE',  ( 1.000000000000000000, 0.000000000000000000, 7.228014483236683736E-16 ) ) ;
#468 = UNCERTAINTY_MEASURE_WITH_UNIT (LENGTH_MEASURE( 1.000000000000000082E-05 ), #77, 'distance_accuracy_value', 'NONE');
#469 = ORIENTED_EDGE ( 'NONE', *, *, #2304, .T. ) ;
#470 = AXIS2_PLACEMENT_3D ( 'NONE', #1955, #2937, #1697 ) ;
#471 = CARTESIAN_POINT ( 'NONE',  ( -0.9999999999999997780, 0.1000000000000000056, -0.1250000000000000000 ) ) ;
#472 = DIRECTION ( 'NONE',  ( 0.000000000000000000, 0.000000000000000000, -1.000000000000000000 ) ) ;
#473 = DIRECTION ( 'NONE',  ( 1.000000000000000000, -0.000000000000000000, 7.228014483236683736E-16 ) ) ;
#474 = VECTOR ( 'NONE', #2966, 1000.000000000000000 ) ;
#475 = ORIENTED_EDGE ( 'NONE', *, *, #2092, .T. ) ;
#476 = VECTOR ( 'NONE', #2819, 1000.000000000000000 ) ;
#477 = CARTESIAN_POINT ( 'NONE',  ( -0.7999999999999998224, 0.9799999999999999822, -0.5500000000000000444 ) ) ;
#478 = ORIENTED_EDGE ( 'NONE', *, *, #981, .T. ) ;
#479 = EDGE_LOOP ( 'NONE', ( #2808, #506, #3133, #2940 ) ) ;
#480 = VECTOR ( 'NONE', #1951, 1000.000000000000000 ) ;
#481 = ADVANCED_FACE ( 'NONE', ( #1909 ), #1152, .F. ) ;
#482 = SURFACE_STYLE_FILL_AREA ( #1210 ) ;
#483 = VECTOR ( 'NONE', #220, 1000.000000000000000 ) ;
#484 = EDGE_LOOP ( 'NONE', ( #1375, #1186, #902, #950 ) ) ;
#485 = AXIS2_PLACEMENT_3D ( 'NONE', #2399, #1609, #146 ) ;
#486 = LINE ( 'NONE', #2423, #1652 ) ;
#487 = ADVANCED_FACE ( 'NONE', ( #370 ), #1399, .F. ) ;
#488 = ORIENTED_EDGE ( 'NONE', *, *, #3081, .F. ) ;
#489 = EDGE_LOOP ( 'NONE', ( #1388, #2771, #2060, #932 ) ) ;
#490 = PLANE ( 'NONE',  #674 ) ;
#491 = CARTESIAN_POINT ( 'NONE',  ( 0.7749999999999993561, 0.000000000000000000, -0.3750000000000008327 ) ) ;
#492 = DIRECTION ( 'NONE',  ( 0.000000000000000000, 0.000000000000000000, 1.000000000000000000 ) ) ;
#493 = ORIENTED_EDGE ( 'NONE', *, *, #2176, .T. ) ;
#494 = CARTESIAN_POINT ( 'NONE',  ( -0.3749999999999999445, 0.1000000000000000056, -0.4999999999999998890 ) ) ;
#495 = ADVANCED_FACE ( 'NONE', ( #1135 ), #1370, .T. ) ;
#496 = CARTESIAN_POINT ( 'NONE',  ( 0.1249999999999998612, 0.05000000000000002359, 0.2250000000000000056 ) ) ;
#497 = ORIENTED_EDGE ( 'NONE', *, *, #1275, .T. ) ;
#498 = CARTESIAN_POINT ( 'NONE',  ( -0.9999999999999997780, 0.1000000000000000056, 0.3750000000000001665 ) ) ;
#499 = VERTEX_POINT ( 'NONE', #2620 ) ;
#500 = CARTESIAN_POINT ( 'NONE',  ( 0.7749999999999995781, 0.1000000000000000056, 5.430045880531565739E-16 ) ) ;
#501 = FACE_OUTER_BOUND ( 'NONE', #2665, .T. ) ;
#502 = CARTESIAN_POINT ( 'NONE',  ( -0.6499999999999998002, 0.05000000000000002359, -0.5249999999999999112 ) ) ;
#503 = LINE ( 'NONE', #232, #1548 ) ;
#504 = ORIENTED_EDGE ( 'NONE', *, *, #1543, .T. ) ;
#505 = ORIENTED_EDGE ( 'NONE', *, *, #3188, .F. ) ;
#506 = ORIENTED_EDGE ( 'NONE', *, *, #2018, .F. ) ;
#507 = ADVANCED_FACE ( 'NONE', ( #131 ), #2634, .T. ) ;
#508 = ORIENTED_EDGE ( 'NONE', *, *, #750, .T. ) ;
#509 = DIRECTION ( 'NONE',  ( -1.000000000000000000, 0.000000000000000000, 9.637352644315575028E-16 ) ) ;
#510 = VECTOR ( 'NONE', #826, 1000.000000000000000 ) ;
#511 = FACE_OUTER_BOUND ( 'NONE', #1795, .T. ) ;
#512 = VERTEX_POINT ( 'NONE', #1381 ) ;
#513 = LINE ( 'NONE', #1428, #1980 ) ;
#514 = LINE ( 'NONE', #1509, #688 ) ;
#515 = CARTESIAN_POINT ( 'NONE',  ( 0.2500000000000000000, 0.1000000000000000056, 0.2250000000000000056 ) ) ;
#516 = EDGE_CURVE ( 'NONE', #1557, #1338, #420, .T. ) ;
#517 = ORIENTED_EDGE ( 'NONE', *, *, #2304, .F. ) ;
#518 = LINE ( 'NONE', #2492, #1810 ) ;
#519 = LINE ( 'NONE', #2283, #951 ) ;
#520 = COLOUR_RGB ( '',1.000000000000000000, 1.000000000000000000, 1.000000000000000000 ) ;
#521 = MECHANICAL_DESIGN_GEOMETRIC_PRESENTATION_REPRESENTATION (  '', ( #726 ), #672 ) ;
#522 = EDGE_CURVE ( 'NONE', #768, #150, #1623, .T. ) ;
#523 = ORIENTED_EDGE ( 'NONE', *, *, #2544, .T. ) ;
#524 = AXIS2_PLACEMENT_3D ( 'NONE', #1417, #2622, #1897 ) ;
#525 = VECTOR ( 'NONE', #1775, 1000.000000000000000 ) ;
#526 = CARTESIAN_POINT ( 'NONE',  ( -0.1250000000000002220, 0.1000000000000000056, -0.4999999999999998890 ) ) ;
#527 = DIRECTION ( 'NONE',  ( 0.000000000000000000, 0.000000000000000000, 1.000000000000000000 ) ) ;
#528 = CIRCLE ( 'NONE', #995, 0.1249999999999998890 ) ;
#529 = VECTOR ( 'NONE', #398, 1000.000000000000000 ) ;
#530 = LINE ( 'NONE', #3056, #570 ) ;
#531 = MECHANICAL_DESIGN_GEOMETRIC_PRESENTATION_REPRESENTATION (  '', ( #432 ), #949 ) ;
#532 = ORIENTED_EDGE ( 'NONE', *, *, #740, .F. ) ;
#533 = ORIENTED_EDGE ( 'NONE', *, *, #1517, .F. ) ;
#534 = PLANE ( 'NONE',  #2185 ) ;
#535 = VECTOR ( 'NONE', #2250, 1000.000000000000000 ) ;
#536 = CARTESIAN_POINT ( 'NONE',  ( -0.9999999999999997780, 0.000000000000000000, -0.1250000000000000000 ) ) ;
#537 = LINE ( 'NONE', #3191, #151 ) ;
#538 = EDGE_LOOP ( 'NONE', ( #2841, #1546, #1527, #1774, #1202 ) ) ;
#539 = LINE ( 'NONE', #1305, #1353 ) ;
#540 = ORIENTED_EDGE ( 'NONE', *, *, #2299, .T. ) ;
#541 = ADVANCED_FACE ( 'NONE', ( #3150 ), #1660, .T. ) ;
#542 = ORIENTED_EDGE ( 'NONE', *, *, #2154, .F. ) ;
#543 = LINE ( 'NONE', #1336, #105 ) ;
#544 = EDGE_CURVE ( 'NONE', #2648, #1189, #3175, .T. ) ;
#545 = DIRECTION ( 'NONE',  ( -1.000000000000000000, -0.000000000000000000, -0.000000000000000000 ) ) ;
#546 = ADVANCED_FACE ( 'NONE', ( #1355 ), #2586, .F. ) ;
#547 = DIRECTION ( 'NONE',  ( 0.000000000000000000, 0.000000000000000000, -1.000000000000000000 ) ) ;
#548 = DIRECTION ( 'NONE',  ( 0.000000000000000000, 0.000000000000000000, 1.000000000000000000 ) ) ;
#549 = CARTESIAN_POINT ( 'NONE',  ( 1.000000000000000222, 1.000000000000000000, -0.7500000000000000000 ) ) ;
#550 = ORIENTED_EDGE ( 'NONE', *, *, #3208, .T. ) ;
#551 = CARTESIAN_POINT ( 'NONE',  ( -0.7749999999999994671, 0.1000000000000000056, -0.1250000000000000000 ) ) ;
#552 = DIRECTION ( 'NONE',  ( 0.000000000000000000, 1.000000000000000000, 0.000000000000000000 ) ) ;
#553 = CARTESIAN_POINT ( 'NONE',  ( -0.3749999999999997780, 0.1000000000000000056, 0.07499999999999990008 ) ) ;
#554 = ORIENTED_EDGE ( 'NONE', *, *, #1666, .T. ) ;
#555 = CARTESIAN_POINT ( 'NONE',  ( -0.9999999999999997780, 0.1000000000000000056, 0.1250000000000000000 ) ) ;
#556 = EDGE_LOOP ( 'NONE', ( #2500, #898, #542, #1607 ) ) ;
#557 = DIRECTION ( 'NONE',  ( 0.000000000000000000, -1.000000000000000000, 0.000000000000000000 ) ) ;
#558 = EDGE_CURVE ( 'NONE', #3128, #1972, #2352, .T. ) ;
#559 = ORIENTED_EDGE ( 'NONE', *, *, #2358, .T. ) ;
#560 = CARTESIAN_POINT ( 'NONE',  ( -0.7749999999999994671, 0.1000000000000000056, 0.1250000000000001110 ) ) ;
#561 = CARTESIAN_POINT ( 'NONE',  ( 0.9999999999999993339, 0.1000000000000000056, -0.3750000000000009437 ) ) ;
#562 = LINE ( 'NONE', #44, #2391 ) ;
#563 = EDGE_LOOP ( 'NONE', ( #2924, #1264, #2643, #1454 ) ) ;
#564 = CLOSED_SHELL ( 'NONE', ( #819, #130, #546, #1485, #3100, #184, #581 ) ) ;
#565 = SURFACE_SIDE_STYLE ('',( #2521 ) ) ;
#566 = CARTESIAN_POINT ( 'NONE',  ( 0.1249999999999998612, 0.1000000000000000056, 0.2250000000000000056 ) ) ;
#567 = LINE ( 'NONE', #2354, #261 ) ;
#568 = ORIENTED_EDGE ( 'NONE', *, *, #1558, .F. ) ;
#569 = CARTESIAN_POINT ( 'NONE',  ( 0.3750000000000001110, 0.1000000000000000056, 0.2249999999999999500 ) ) ;
#570 = VECTOR ( 'NONE', #1076, 1000.000000000000000 ) ;
#571 = AXIS2_PLACEMENT_3D ( 'NONE', #1964, #3213, #712 ) ;
#572 = CARTESIAN_POINT ( 'NONE',  ( 0.9999999999999993339, 0.1000000000000000056, -0.3750000000000009437 ) ) ;
#573 = VECTOR ( 'NONE', #2958, 1000.000000000000000 ) ;
#574 = VECTOR ( 'NONE', #2580, 1000.000000000000000 ) ;
#575 = VERTEX_POINT ( 'NONE', #2107 ) ;
#576 = VECTOR ( 'NONE', #216, 1000.000000000000000 ) ;
#577 = LINE ( 'NONE', #1312, #2440 ) ;
#578 = CARTESIAN_POINT ( 'NONE',  ( 0.9999999999999993339, 0.000000000000000000, -0.3750000000000009437 ) ) ;
#579 = CARTESIAN_POINT ( 'NONE',  ( 0.7749999999999993561, 0.000000000000000000, 0.3750000000000006106 ) ) ;
#580 = DIRECTION ( 'NONE',  ( 1.000000000000000000, 0.000000000000000000, 0.000000000000000000 ) ) ;
#581 = ADVANCED_FACE ( 'NONE', ( #872 ), #1859, .F. ) ;
#582 = VECTOR ( 'NONE', #1530, 1000.000000000000000 ) ;
#583 = LINE ( 'NONE', #2868, #3054 ) ;
#584 = AXIS2_PLACEMENT_3D ( 'NONE', #2802, #78, #1055 ) ;
#585 = ORIENTED_EDGE ( 'NONE', *, *, #2953, .F. ) ;
#586 = FACE_OUTER_BOUND ( 'NONE', #2875, .T. ) ;
#587 = PLANE ( 'NONE',  #362 ) ;
#588 = ADVANCED_FACE ( 'NONE', ( #388 ), #230, .F. ) ;
#589 = ORIENTED_EDGE ( 'NONE', *, *, #1270, .F. ) ;
#590 = ORIENTED_EDGE ( 'NONE', *, *, #3076, .T. ) ;
#591 = CARTESIAN_POINT ( 'NONE',  ( -0.9999999999999997780, 0.1000000000000000056, 0.1250000000000000000 ) ) ;
#592 = EDGE_CURVE ( 'NONE', #2404, #926, #2190, .T. ) ;
#593 = VERTEX_POINT ( 'NONE', #1240 ) ;
#594 = CARTESIAN_POINT ( 'NONE',  ( -0.3750000000000000000, 0.000000000000000000, 0.7500000000000000000 ) ) ;
#595 = PRODUCT_DEFINITION_CONTEXT ( 'detailed design', #244, 'design' ) ;
#596 = CARTESIAN_POINT ( 'NONE',  ( 0.9999999999999993339, 0.000000000000000000, 0.3750000000000007216 ) ) ;
#597 = CARTESIAN_POINT ( 'NONE',  ( 0.1249999999999998335, 0.1000000000000000056, -0.7500000000000000000 ) ) ;
#598 = DIRECTION ( 'NONE',  ( -0.000000000000000000, -1.000000000000000000, -0.000000000000000000 ) ) ;
#599 = ORIENTED_EDGE ( 'NONE', *, *, #2876, .T. ) ;
#600 = ORIENTED_EDGE ( 'NONE', *, *, #1168, .T. ) ;
#601 = LINE ( 'NONE', #1317, #2638 ) ;
#602 = CARTESIAN_POINT ( 'NONE',  ( -0.9999999999999997780, 0.000000000000000000, -0.3749999999999998890 ) ) ;
#603 = DIRECTION ( 'NONE',  ( -8.673617379884035472E-16, 0.000000000000000000, -1.000000000000000000 ) ) ;
#604 = LINE ( 'NONE', #1087, #723 ) ;
#605 = ORIENTED_EDGE ( 'NONE', *, *, #2315, .T. ) ;
#606 = EDGE_CURVE ( 'NONE', #2833, #2348, #2487, .T. ) ;
#607 = LINE ( 'NONE', #817, #2286 ) ;
#608 = DIRECTION ( 'NONE',  ( -4.818676322157796389E-16, 0.000000000000000000, 1.000000000000000000 ) ) ;
#609 = FACE_OUTER_BOUND ( 'NONE', #1842, .T. ) ;
#610 = LINE ( 'NONE', #2882, #623 ) ;
#611 = DIRECTION ( 'NONE',  ( -1.000000000000000000, 0.000000000000000000, -4.818676322157796389E-16 ) ) ;
#612 = ORIENTED_EDGE ( 'NONE', *, *, #405, .F. ) ;
#613 = DIRECTION ( 'NONE',  ( -1.000000000000000000, 0.000000000000000000, 4.818676322157796389E-16 ) ) ;
#614 = CARTESIAN_POINT ( 'NONE',  ( -0.1249999999999999445, 0.000000000000000000, -0.7500000000000001110 ) ) ;
#615 = AXIS2_PLACEMENT_3D ( 'NONE', #463, #3023, #1735 ) ;
#616 = PRESENTATION_STYLE_ASSIGNMENT (( #3102 ) ) ;
#617 = PRESENTATION_LAYER_ASSIGNMENT (  '', '', ( #1536 ) ) ;
#618 = PRODUCT ( 'TPS566231RQFR', 'TPS566231RQFR', '', ( #438 ) ) ;
#619 = EDGE_CURVE ( 'NONE', #3192, #1525, #1004, .T. ) ;
#620 = CARTESIAN_POINT ( 'NONE',  ( 0.9999999999999993339, 0.1000000000000000056, 0.3750000000000007216 ) ) ;
#621 = AXIS2_PLACEMENT_3D ( 'NONE', #292, #2023, #2502 ) ;
#622 = STYLED_ITEM ( 'NONE', ( #1190 ), #1435 ) ;
#623 = VECTOR ( 'NONE', #1582, 1000.000000000000000 ) ;
#624 = DIRECTION ( 'NONE',  ( 0.000000000000000000, 0.000000000000000000, -1.000000000000000000 ) ) ;
#625 = DIRECTION ( 'NONE',  ( 0.000000000000000000, 0.000000000000000000, 1.000000000000000000 ) ) ;
#626 = LINE ( 'NONE', #2309, #1745 ) ;
#627 = VECTOR ( 'NONE', #868, 1000.000000000000000 ) ;
#628 = DIRECTION ( 'NONE',  ( 0.000000000000000000, 1.000000000000000000, 0.000000000000000000 ) ) ;
#629 = AXIS2_PLACEMENT_3D ( 'NONE', #477, #964, #700 ) ;
#630 = FACE_OUTER_BOUND ( 'NONE', #2148, .T. ) ;
#631 = DIRECTION ( 'NONE',  ( 0.000000000000000000, -0.000000000000000000, 1.000000000000000000 ) ) ;
#632 = EDGE_LOOP ( 'NONE', ( #2144, #648, #1001, #379 ) ) ;
#633 = CIRCLE ( 'NONE', #1992, 0.07500000000000003886 ) ;
#634 = ORIENTED_EDGE ( 'NONE', *, *, #979, .F. ) ;
#635 = CARTESIAN_POINT ( 'NONE',  ( 1.000000000000000222, 0.05000000000000002359, -0.7500000000000000000 ) ) ;
#636 = FILL_AREA_STYLE ('',( #1360 ) ) ;
#637 = FACE_OUTER_BOUND ( 'NONE', #1361, .T. ) ;
#638 = VERTEX_POINT ( 'NONE', #1474 ) ;
#639 = EDGE_CURVE ( 'NONE', #2648, #2960, #2669, .T. ) ;
#640 = LINE ( 'NONE', #596, #427 ) ;
#641 = CARTESIAN_POINT ( 'NONE',  ( 0.9999999999999993339, 0.05000000000000002359, -0.3750000000000009437 ) ) ;
#642 = DIRECTION ( 'NONE',  ( -0.000000000000000000, 1.000000000000000000, -0.000000000000000000 ) ) ;
#643 = ADVANCED_FACE ( 'NONE', ( #728 ), #490, .T. ) ;
#644 = DIRECTION ( 'NONE',  ( -0.000000000000000000, -1.000000000000000000, -0.000000000000000000 ) ) ;
#645 = CARTESIAN_POINT ( 'NONE',  ( -0.1250000000000002220, 0.1000000000000000056, -0.4999999999999998890 ) ) ;
#646 = LINE ( 'NONE', #661, #2184 ) ;
#647 = ORIENTED_EDGE ( 'NONE', *, *, #304, .F. ) ;
#648 = ORIENTED_EDGE ( 'NONE', *, *, #943, .F. ) ;
#649 = ORIENTED_EDGE ( 'NONE', *, *, #2678, .F. ) ;
#650 = PRESENTATION_STYLE_ASSIGNMENT (( #392 ) ) ;
#651 = FILL_AREA_STYLE ('',( #136 ) ) ;
#652 = PLANE ( 'NONE',  #2484 ) ;
#653 = EDGE_LOOP ( 'NONE', ( #915, #394, #337, #1043 ) ) ;
#654 = CARTESIAN_POINT ( 'NONE',  ( 1.000000000000000222, 0.05000000000000002359, 0.7500000000000000000 ) ) ;
#655 = CARTESIAN_POINT ( 'NONE',  ( -0.1249999999999999722, 0.000000000000000000, 0.7500000000000000000 ) ) ;
#656 = DIRECTION ( 'NONE',  ( -0.000000000000000000, -1.000000000000000000, -0.000000000000000000 ) ) ;
#657 = EDGE_CURVE ( 'NONE', #433, #1996, #1998, .T. ) ;
#658 = VERTEX_POINT ( 'NONE', #1678 ) ;
#659 = FACE_BOUND ( 'NONE', #965, .T. ) ;
#660 = DIRECTION ( 'NONE',  ( -0.000000000000000000, -1.000000000000000000, -0.000000000000000000 ) ) ;
#661 = CARTESIAN_POINT ( 'NONE',  ( -0.9999999999999997780, 0.1000000000000000056, 0.3750000000000001665 ) ) ;
#662 = VECTOR ( 'NONE', #1569, 1000.000000000000000 ) ;
#663 = VERTEX_POINT ( 'NONE', #2233 ) ;
#664 = FILL_AREA_STYLE_COLOUR ( '', #1502 ) ;
#665 = ORIENTED_EDGE ( 'NONE', *, *, #1003, .F. ) ;
#666 = DIRECTION ( 'NONE',  ( 0.000000000000000000, -1.000000000000000000, 0.000000000000000000 ) ) ;
#667 = ORIENTED_EDGE ( 'NONE', *, *, #1352, .F. ) ;
#668 = PRESENTATION_LAYER_ASSIGNMENT (  '', '', ( #1973 ) ) ;
#669 = DIRECTION ( 'NONE',  ( 1.000000000000000000, -0.000000000000000000, 9.637352644315584889E-16 ) ) ;
#670 = DIRECTION ( 'NONE',  ( -0.000000000000000000, 1.000000000000000000, -0.000000000000000000 ) ) ;
#671 = DIRECTION ( 'NONE',  ( 0.000000000000000000, -0.000000000000000000, 1.000000000000000000 ) ) ;
#672 =( GEOMETRIC_REPRESENTATION_CONTEXT ( 3 ) GLOBAL_UNCERTAINTY_ASSIGNED_CONTEXT ( ( #468 ) ) GLOBAL_UNIT_ASSIGNED_CONTEXT ( ( #77, #3047, #1843 ) ) REPRESENTATION_CONTEXT ( 'NONE', 'WORKASPACE' ) );
#673 = EDGE_CURVE ( 'NONE', #1628, #445, #985, .T. ) ;
#674 = AXIS2_PLACEMENT_3D ( 'NONE', #1213, #16, #190 ) ;
#675 = ADVANCED_FACE ( 'NONE', ( #1949 ), #1725, .T. ) ;
#676 = CARTESIAN_POINT ( 'NONE',  ( 0.000000000000000000, 1.000000000000000000, 0.000000000000000000 ) ) ;
#677 = PLANE ( 'NONE',  #7 ) ;
#678 = DIRECTION ( 'NONE',  ( 0.000000000000000000, 0.000000000000000000, -1.000000000000000000 ) ) ;
#679 = VECTOR ( 'NONE', #2918, 1000.000000000000000 ) ;
#680 = EDGE_LOOP ( 'NONE', ( #298, #1905, #3120, #2920 ) ) ;
#681 = VECTOR ( 'NONE', #436, 1000.000000000000000 ) ;
#682 = EDGE_CURVE ( 'NONE', #2683, #2900, #2462, .T. ) ;
#683 = DIRECTION ( 'NONE',  ( 0.000000000000000000, -1.000000000000000000, 0.000000000000000000 ) ) ;
#684 = SURFACE_SIDE_STYLE ('',( #1615 ) ) ;
#685 = CARTESIAN_POINT ( 'NONE',  ( 0.7749999999999995781, 0.1000000000000000056, 5.430045880531565739E-16 ) ) ;
#686 = MECHANICAL_DESIGN_GEOMETRIC_PRESENTATION_REPRESENTATION (  '', ( #2341 ), #3011 ) ;
#687 = EDGE_CURVE ( 'NONE', #1720, #1484, #2982, .T. ) ;
#688 = VECTOR ( 'NONE', #2507, 1000.000000000000000 ) ;
#689 = DIRECTION ( 'NONE',  ( 0.000000000000000000, -1.000000000000000000, 0.000000000000000000 ) ) ;
#690 = VERTEX_POINT ( 'NONE', #1447 ) ;
#691 = CARTESIAN_POINT ( 'NONE',  ( -0.7749999999999994671, 0.1000000000000000056, 0.1250000000000001110 ) ) ;
#692 = PLANE ( 'NONE',  #2129 ) ;
#693 = EDGE_LOOP ( 'NONE', ( #161, #234, #1755, #1142 ) ) ;
#694 = DIRECTION ( 'NONE',  ( -0.000000000000000000, -1.000000000000000000, -0.000000000000000000 ) ) ;
#695 = DIRECTION ( 'NONE',  ( -1.000000000000000000, 0.000000000000000000, -7.228014483236683736E-16 ) ) ;
#696 = CARTESIAN_POINT ( 'NONE',  ( 0.7749999999999991340, 0.1000000000000000056, -0.5000000000000007772 ) ) ;
#697 = CYLINDRICAL_SURFACE ( 'NONE', #1709, 0.1250000000000001110 ) ;
#698 = EDGE_CURVE ( 'NONE', #1021, #961, #2336, .T. ) ;
#699 = CARTESIAN_POINT ( 'NONE',  ( 0.9999999999999993339, 0.1000000000000000056, 0.3750000000000007216 ) ) ;
#700 = DIRECTION ( 'NONE',  ( 0.000000000000000000, 0.000000000000000000, 1.000000000000000000 ) ) ;
#701 = VECTOR ( 'NONE', #870, 1000.000000000000000 ) ;
#702 = EDGE_LOOP ( 'NONE', ( #2553, #459, #1613, #2406 ) ) ;
#703 = EDGE_CURVE ( 'NONE', #47, #1959, #2246, .T. ) ;
#704 = ORIENTED_EDGE ( 'NONE', *, *, #606, .T. ) ;
#705 = CARTESIAN_POINT ( 'NONE',  ( 0.7749999999999995781, 0.1000000000000000056, 5.430045880531565739E-16 ) ) ;
#706 = ORIENTED_EDGE ( 'NONE', *, *, #85, .F. ) ;
#707 = DIRECTION ( 'NONE',  ( 1.000000000000000000, 0.000000000000000000, 0.000000000000000000 ) ) ;
#708 =( NAMED_UNIT ( * ) PLANE_ANGLE_UNIT ( ) SI_UNIT ( $, .RADIAN. ) );
#709 = ORIENTED_EDGE ( 'NONE', *, *, #1341, .T. ) ;
#710 = ORIENTED_EDGE ( 'NONE', *, *, #397, .T. ) ;
#711 = VERTEX_POINT ( 'NONE', #471 ) ;
#712 = DIRECTION ( 'NONE',  ( -1.000000000000000000, 0.000000000000000000, -0.000000000000000000 ) ) ;
#713 = CARTESIAN_POINT ( 'NONE',  ( -0.7749999999999995781, 0.000000000000000000, 9.486769009248163798E-17 ) ) ;
#714 = DIRECTION ( 'NONE',  ( 0.000000000000000000, -1.000000000000000000, 0.000000000000000000 ) ) ;
#715 = ORIENTED_EDGE ( 'NONE', *, *, #240, .F. ) ;
#716 = ORIENTED_EDGE ( 'NONE', *, *, #2137, .T. ) ;
#717 = SURFACE_SIDE_STYLE ('',( #3218 ) ) ;
#718 = FACE_OUTER_BOUND ( 'NONE', #2668, .T. ) ;
#719 = ORIENTED_EDGE ( 'NONE', *, *, #2302, .F. ) ;
#720 = ORIENTED_EDGE ( 'NONE', *, *, #3147, .T. ) ;
#721 = ADVANCED_FACE ( 'NONE', ( #501 ), #2948, .T. ) ;
#722 = ORIENTED_EDGE ( 'NONE', *, *, #3019, .T. ) ;
#723 = VECTOR ( 'NONE', #2125, 1000.000000000000000 ) ;
#724 = FACE_OUTER_BOUND ( 'NONE', #3216, .T. ) ;
#725 = ORIENTED_EDGE ( 'NONE', *, *, #1118, .T. ) ;
#726 = STYLED_ITEM ( 'NONE', ( #797 ), #377 ) ;
#727 = EDGE_LOOP ( 'NONE', ( #2350, #3212, #2158, #847 ) ) ;
#728 = FACE_OUTER_BOUND ( 'NONE', #2332, .T. ) ;
#729 = LINE ( 'NONE', #1199, #3014 ) ;
#730 = DIRECTION ( 'NONE',  ( 0.000000000000000000, 0.000000000000000000, -1.000000000000000000 ) ) ;
#731 = AXIS2_PLACEMENT_3D ( 'NONE', #278, #3039, #1267 ) ;
#732 = ORIENTED_EDGE ( 'NONE', *, *, #1885, .T. ) ;
#733 = VECTOR ( 'NONE', #294, 1000.000000000000000 ) ;
#734 = PRESENTATION_LAYER_ASSIGNMENT (  '', '', ( #622 ) ) ;
#735 = PRESENTATION_STYLE_ASSIGNMENT (( #201 ) ) ;
#736 = VECTOR ( 'NONE', #2395, 1000.000000000000000 ) ;
#737 = AXIS2_PLACEMENT_3D ( 'NONE', #2846, #2865, #2579 ) ;
#738 = VERTEX_POINT ( 'NONE', #456 ) ;
#739 = CARTESIAN_POINT ( 'NONE',  ( 0.9999999999999993339, 0.1000000000000000056, 0.3750000000000007216 ) ) ;
#740 = EDGE_CURVE ( 'NONE', #2230, #2714, #513, .T. ) ;
#741 = EDGE_LOOP ( 'NONE', ( #1120, #1513, #929, #634 ) ) ;
#742 = VECTOR ( 'NONE', #2447, 1000.000000000000000 ) ;
#743 = CARTESIAN_POINT ( 'NONE',  ( -0.3750000000000000000, 0.05000000000000002359, -0.7500000000000001110 ) ) ;
#744 = VERTEX_POINT ( 'NONE', #1198 ) ;
#745 = EDGE_CURVE ( 'NONE', #3034, #411, #2851, .T. ) ;
#746 = CARTESIAN_POINT ( 'NONE',  ( 0.9999999999999993339, 0.1000000000000000056, -0.6250000000000009992 ) ) ;
#747 = LINE ( 'NONE', #924, #2806 ) ;
#748 = CARTESIAN_POINT ( 'NONE',  ( 0.9999999999999997780, 0.1000000000000000056, 0.1250000000000006106 ) ) ;
#749 = ORIENTED_EDGE ( 'NONE', *, *, #3226, .T. ) ;
#750 = EDGE_CURVE ( 'NONE', #658, #2496, #3204, .T. ) ;
#751 = VERTEX_POINT ( 'NONE', #2530 ) ;
#752 = CARTESIAN_POINT ( 'NONE',  ( -0.1249999999999999445, 0.1000000000000000056, -0.7500000000000001110 ) ) ;
#753 = VERTEX_POINT ( 'NONE', #94 ) ;
#754 = COLOUR_RGB ( '',0.7921568627450980005, 0.8196078431372548767, 0.9333333333333333481 ) ;
#755 = LINE ( 'NONE', #526, #2537 ) ;
#756 = VECTOR ( 'NONE', #2867, 1000.000000000000000 ) ;
#757 = EDGE_CURVE ( 'NONE', #2218, #983, #329, .T. ) ;
#758 = CARTESIAN_POINT ( 'NONE',  ( 0.9999999999999993339, 0.1000000000000000056, -0.3750000000000009437 ) ) ;
#759 = ORIENTED_EDGE ( 'NONE', *, *, #2664, .F. ) ;
#760 = CARTESIAN_POINT ( 'NONE',  ( -0.7749999999999995781, 0.000000000000000000, 0.5000000000000001110 ) ) ;
#761 = DIRECTION ( 'NONE',  ( -2.810894521258714231E-16, 0.000000000000000000, -1.000000000000000000 ) ) ;
#762 = LINE ( 'NONE', #2206, #2801 ) ;
#763 = EDGE_CURVE ( 'NONE', #1286, #2547, #1064, .T. ) ;
#764 = EDGE_LOOP ( 'NONE', ( #882, #3169, #1191, #505, #2355 ) ) ;
#765 = DIRECTION ( 'NONE',  ( 0.000000000000000000, 1.000000000000000000, 0.000000000000000000 ) ) ;
#766 = DIRECTION ( 'NONE',  ( 0.000000000000000000, -1.000000000000000000, 0.000000000000000000 ) ) ;
#767 = DIRECTION ( 'NONE',  ( 0.000000000000000000, 0.000000000000000000, 1.000000000000000000 ) ) ;
#768 = VERTEX_POINT ( 'NONE', #1102 ) ;
#769 = DIRECTION ( 'NONE',  ( -1.000000000000000000, 0.000000000000000000, -0.000000000000000000 ) ) ;
#770 = AXIS2_PLACEMENT_3D ( 'NONE', #2379, #374, #391 ) ;
#771 = DIRECTION ( 'NONE',  ( 0.000000000000000000, 1.000000000000000000, 0.000000000000000000 ) ) ;
#772 = CARTESIAN_POINT ( 'NONE',  ( 0.3750000000000001110, 0.1000000000000000056, 0.2249999999999999500 ) ) ;
#773 = AXIS2_PLACEMENT_3D ( 'NONE', #2306, #1078, #3061 ) ;
#774 = DIRECTION ( 'NONE',  ( 0.000000000000000000, 0.000000000000000000, 1.000000000000000000 ) ) ;
#775 = EDGE_CURVE ( 'NONE', #218, #3071, #2057, .T. ) ;
#776 = ORIENTED_EDGE ( 'NONE', *, *, #2018, .T. ) ;
#777 = EDGE_CURVE ( 'NONE', #2989, #1338, #2044, .T. ) ;
#778 = PLANE ( 'NONE',  #36 ) ;
#779 = CARTESIAN_POINT ( 'NONE',  ( -0.7749999999999995781, 0.05000000000000002359, 0.3750000000000001665 ) ) ;
#780 = AXIS2_PLACEMENT_3D ( 'NONE', #1037, #3015, #2296 ) ;
#781 = EDGE_CURVE ( 'NONE', #2288, #2585, #2518, .T. ) ;
#782 = VECTOR ( 'NONE', #1651, 1000.000000000000000 ) ;
#783 = VECTOR ( 'NONE', #695, 1000.000000000000000 ) ;
#784 = CARTESIAN_POINT ( 'NONE',  ( -0.2500000000000000555, 0.1000000000000000056, -0.4999999999999998890 ) ) ;
#785 = VECTOR ( 'NONE', #2969, 1000.000000000000000 ) ;
#786 = EDGE_CURVE ( 'NONE', #2179, #801, #838, .T. ) ;
#787 =( GEOMETRIC_REPRESENTATION_CONTEXT ( 3 ) GLOBAL_UNCERTAINTY_ASSIGNED_CONTEXT ( ( #326 ) ) GLOBAL_UNIT_ASSIGNED_CONTEXT ( ( #1939, #2938, #2004 ) ) REPRESENTATION_CONTEXT ( 'NONE', 'WORKASPACE' ) );
#788 = DIRECTION ( 'NONE',  ( 0.000000000000000000, 0.000000000000000000, 1.000000000000000000 ) ) ;
#789 = AXIS2_PLACEMENT_3D ( 'NONE', #1122, #2108, #1860 ) ;
#790 = LINE ( 'NONE', #597, #939 ) ;
#791 = VECTOR ( 'NONE', #2045, 1000.000000000000000 ) ;
#792 = DIRECTION ( 'NONE',  ( 0.000000000000000000, 0.000000000000000000, 1.000000000000000000 ) ) ;
#793 = CARTESIAN_POINT ( 'NONE',  ( 0.7749999999999991340, 0.1000000000000000056, -0.5000000000000007772 ) ) ;
#794 = EDGE_LOOP ( 'NONE', ( #612, #2954, #3065, #1686 ) ) ;
#795 = ORIENTED_EDGE ( 'NONE', *, *, #2133, .F. ) ;
#796 = ADVANCED_FACE ( 'NONE', ( #3027 ), #825, .T. ) ;
#797 = PRESENTATION_STYLE_ASSIGNMENT (( #286 ) ) ;
#798 = PLANE ( 'NONE',  #208 ) ;
#799 = CYLINDRICAL_SURFACE ( 'NONE', #1, 0.1249999999999998890 ) ;
#800 = ORIENTED_EDGE ( 'NONE', *, *, #3081, .T. ) ;
#801 = VERTEX_POINT ( 'NONE', #349 ) ;
#802 = DIRECTION ( 'NONE',  ( 0.000000000000000000, -1.000000000000000000, 0.000000000000000000 ) ) ;
#803 = EDGE_CURVE ( 'NONE', #2443, #2105, #1791, .T. ) ;
#804 = DIRECTION ( 'NONE',  ( 0.000000000000000000, 1.000000000000000000, 0.000000000000000000 ) ) ;
#805 = EDGE_LOOP ( 'NONE', ( #1096, #2515, #1456, #2663, #2432, #1354, #2659, #380 ) ) ;
#806 = DIRECTION ( 'NONE',  ( -0.000000000000000000, 0.000000000000000000, 1.000000000000000000 ) ) ;
#807 = DIRECTION ( 'NONE',  ( -0.000000000000000000, 1.000000000000000000, -0.000000000000000000 ) ) ;
#808 = PLANE ( 'NONE',  #1500 ) ;
#809 = VERTEX_POINT ( 'NONE', #1568 ) ;
#810 = ORIENTED_EDGE ( 'NONE', *, *, #786, .T. ) ;
#811 = EDGE_LOOP ( 'NONE', ( #821, #2019, #2696, #1789 ) ) ;
#812 = ORIENTED_EDGE ( 'NONE', *, *, #2880, .F. ) ;
#813 = CARTESIAN_POINT ( 'NONE',  ( 0.9999999999999993339, 0.1000000000000000056, 0.6250000000000007772 ) ) ;
#814 = CARTESIAN_POINT ( 'NONE',  ( -0.6499999999999998002, 0.000000000000000000, -0.5249999999999999112 ) ) ;
#815 = CARTESIAN_POINT ( 'NONE',  ( -0.7749999999999995781, 0.1000000000000000056, 0.5000000000000001110 ) ) ;
#816 = EDGE_CURVE ( 'NONE', #2356, #285, #1329, .T. ) ;
#817 = CARTESIAN_POINT ( 'NONE',  ( -0.8000000000000003775, 0.1000000000000000056, -0.3749999999999998890 ) ) ;
#818 = LINE ( 'NONE', #3103, #2526 ) ;
#819 = ADVANCED_FACE ( 'NONE', ( #1029 ), #534, .F. ) ;
#820 = LINE ( 'NONE', #14, #1541 ) ;
#821 = ORIENTED_EDGE ( 'NONE', *, *, #1790, .T. ) ;
#822 = EDGE_CURVE ( 'NONE', #1968, #48, #2907, .T. ) ;
#823 = VERTEX_POINT ( 'NONE', #1756 ) ;
#824 = DIRECTION ( 'NONE',  ( 1.000000000000000000, -0.000000000000000000, 0.000000000000000000 ) ) ;
#825 = PLANE ( 'NONE',  #3060 ) ;
#826 = DIRECTION ( 'NONE',  ( 0.000000000000000000, -1.000000000000000000, 0.000000000000000000 ) ) ;
#827 = CARTESIAN_POINT ( 'NONE',  ( 0.7749999999999994671, 0.05000000000000002359, -0.1249999999999995698 ) ) ;
#828 = ORIENTED_EDGE ( 'NONE', *, *, #2505, .T. ) ;
#829 = ADVANCED_FACE ( 'NONE', ( #1553 ), #2754, .F. ) ;
#830 = ORIENTED_EDGE ( 'NONE', *, *, #1804, .T. ) ;
#831 = DIRECTION ( 'NONE',  ( 0.000000000000000000, -1.000000000000000000, 0.000000000000000000 ) ) ;
#832 = DIRECTION ( 'NONE',  ( -1.000000000000000000, -0.000000000000000000, -0.000000000000000000 ) ) ;
#833 = VECTOR ( 'NONE', #2403, 1000.000000000000000 ) ;
#834 = CARTESIAN_POINT ( 'NONE',  ( -0.6499999999999998002, 0.05000000000000002359, -0.6249999999999998890 ) ) ;
#835 = VECTOR ( 'NONE', #2509, 1000.000000000000000 ) ;
#836 = EDGE_LOOP ( 'NONE', ( #2822, #1151, #667, #1734, #550, #2873, #1207, #1669, #2362, #92, #1981, #2195, #2153, #3145, #1452, #1287, #725, #2349, #2127, #1898, #10, #202, #3125, #1058, #704, #3157, #198, #1728, #274, #1239, #1677, #1838, #1526, #810, #2910, #2653, #812, #1867, #2626, #2257, #2251, #410 ) ) ;
#837 = AXIS2_PLACEMENT_3D ( 'NONE', #1578, #1143, #1323 ) ;
#838 = CIRCLE ( 'NONE', #3224, 0.1250000000000001110 ) ;
#839 = EDGE_CURVE ( 'NONE', #1562, #2429, #1313, .T. ) ;
#840 = CARTESIAN_POINT ( 'NONE',  ( -0.9999999999999997780, 0.1000000000000000056, -0.6249999999999998890 ) ) ;
#841 = AXIS2_PLACEMENT_3D ( 'NONE', #2671, #1430, #1171 ) ;
#842 = VECTOR ( 'NONE', #1758, 1000.000000000000000 ) ;
#843 = DIRECTION ( 'NONE',  ( 0.000000000000000000, 0.000000000000000000, -1.000000000000000000 ) ) ;
#844 = LINE ( 'NONE', #2275, #1392 ) ;
#845 = LINE ( 'NONE', #1604, #756 ) ;
#846 = EDGE_CURVE ( 'NONE', #1189, #2165, #91, .T. ) ;
#847 = ORIENTED_EDGE ( 'NONE', *, *, #1408, .F. ) ;
#848 = CARTESIAN_POINT ( 'NONE',  ( 0.9999999999999993339, 0.1000000000000000056, -0.3750000000000009437 ) ) ;
#849 = LINE ( 'NONE', #2587, #1936 ) ;
#850 = CARTESIAN_POINT ( 'NONE',  ( -0.7749999999999994671, 0.05000000000000002359, -0.1250000000000000000 ) ) ;
#851 = LINE ( 'NONE', #355, #2373 ) ;
#852 = LINE ( 'NONE', #2039, #2086 ) ;
#853 = ORIENTED_EDGE ( 'NONE', *, *, #2168, .F. ) ;
#854 = PLANE ( 'NONE',  #1926 ) ;
#855 =( GEOMETRIC_REPRESENTATION_CONTEXT ( 3 ) GLOBAL_UNCERTAINTY_ASSIGNED_CONTEXT ( ( #1268 ) ) GLOBAL_UNIT_ASSIGNED_CONTEXT ( ( #2457, #708, #1961 ) ) REPRESENTATION_CONTEXT ( 'NONE', 'WORKASPACE' ) );
#856 = LINE ( 'NONE', #2830, #2644 ) ;
#857 = DIRECTION ( 'NONE',  ( 9.637352644315575028E-16, -0.000000000000000000, 1.000000000000000000 ) ) ;
#858 = ORIENTED_EDGE ( 'NONE', *, *, #2887, .F. ) ;
#859 = EDGE_CURVE ( 'NONE', #47, #99, #844, .T. ) ;
#860 = PLANE ( 'NONE',  #3073 ) ;
#861 = DIRECTION ( 'NONE',  ( 1.000000000000000000, 0.000000000000000000, 0.000000000000000000 ) ) ;
#862 = LINE ( 'NONE', #3098, #3105 ) ;
#863 = EDGE_LOOP ( 'NONE', ( #2200, #3193, #1718, #2065 ) ) ;
#864 = ORIENTED_EDGE ( 'NONE', *, *, #2092, .F. ) ;
#865 = CYLINDRICAL_SURFACE ( 'NONE', #629, 0.07500000000000003886 ) ;
#866 = DIRECTION ( 'NONE',  ( 0.000000000000000000, 0.000000000000000000, -1.000000000000000000 ) ) ;
#867 = ORIENTED_EDGE ( 'NONE', *, *, #2167, .F. ) ;
#868 = DIRECTION ( 'NONE',  ( -0.000000000000000000, -1.000000000000000000, -0.000000000000000000 ) ) ;
#869 = CARTESIAN_POINT ( 'NONE',  ( 0.9999999999999997780, 0.1000000000000000056, -0.1249999999999994033 ) ) ;
#870 = DIRECTION ( 'NONE',  ( -0.000000000000000000, -0.000000000000000000, -1.000000000000000000 ) ) ;
#871 = EDGE_LOOP ( 'NONE', ( #2790, #2625, #945, #439 ) ) ;
#872 = FACE_OUTER_BOUND ( 'NONE', #2928, .T. ) ;
#873 = CARTESIAN_POINT ( 'NONE',  ( -0.7999999999999998224, 1.000000000000000000, -0.6250000000000000000 ) ) ;
#874 = FACE_OUTER_BOUND ( 'NONE', #948, .T. ) ;
#875 = EDGE_CURVE ( 'NONE', #150, #744, #790, .T. ) ;
#876 = EDGE_CURVE ( 'NONE', #2591, #1802, #281, .T. ) ;
#877 = VERTEX_POINT ( 'NONE', #1874 ) ;
#878 = CARTESIAN_POINT ( 'NONE',  ( -0.6499999999999998002, 0.1000000000000000056, -0.6249999999999998890 ) ) ;
#879 = SURFACE_STYLE_USAGE ( .BOTH. , #1386 ) ;
#880 = AXIS2_PLACEMENT_3D ( 'NONE', #1216, #2280, #318 ) ;
#881 = EDGE_CURVE ( 'NONE', #2944, #2672, #363, .T. ) ;
#882 = ORIENTED_EDGE ( 'NONE', *, *, #2936, .F. ) ;
#883 = PRESENTATION_LAYER_ASSIGNMENT (  '', '', ( #2381 ) ) ;
#884 = CARTESIAN_POINT ( 'NONE',  ( 0.9999999999999993339, 0.1000000000000000056, 0.6250000000000007772 ) ) ;
#885 = CIRCLE ( 'NONE', #2850, 0.07500000000000003886 ) ;
#886 = VECTOR ( 'NONE', #2259, 1000.000000000000000 ) ;
#887 = EDGE_CURVE ( 'NONE', #2547, #3099, #856, .T. ) ;
#888 = VECTOR ( 'NONE', #2063, 1000.000000000000000 ) ;
#889 = CARTESIAN_POINT ( 'NONE',  ( 0.1249999999999998335, 0.05000000000000002359, -0.7500000000000000000 ) ) ;
#890 = CARTESIAN_POINT ( 'NONE',  ( -0.8000000000000003775, 0.1000000000000000056, -0.3749999999999998890 ) ) ;
#891 = LINE ( 'NONE', #2813, #1515 ) ;
#892 = AXIS2_PLACEMENT_3D ( 'NONE', #110, #843, #125 ) ;
#893 = CARTESIAN_POINT ( 'NONE',  ( -0.9999999999999997780, 0.1000000000000000056, 0.3750000000000001665 ) ) ;
#894 = VECTOR ( 'NONE', #2824, 1000.000000000000000 ) ;
#895 = DIRECTION ( 'NONE',  ( -0.000000000000000000, -1.000000000000000000, -0.000000000000000000 ) ) ;
#896 = FACE_OUTER_BOUND ( 'NONE', #489, .T. ) ;
#897 = DIRECTION ( 'NONE',  ( 1.000000000000000000, 0.000000000000000000, 0.000000000000000000 ) ) ;
#898 = ORIENTED_EDGE ( 'NONE', *, *, #341, .F. ) ;
#899 = AXIS2_PLACEMENT_3D ( 'NONE', #1276, #2032, #3048 ) ;
#900 = ORIENTED_EDGE ( 'NONE', *, *, #1258, .T. ) ;
#901 = LINE ( 'NONE', #878, #2578 ) ;
#902 = ORIENTED_EDGE ( 'NONE', *, *, #2030, .F. ) ;
#903 = VERTEX_POINT ( 'NONE', #641 ) ;
#904 = ADVANCED_FACE ( 'NONE', ( #3108 ), #1907, .T. ) ;
#905 = DIRECTION ( 'NONE',  ( 0.000000000000000000, 0.000000000000000000, -1.000000000000000000 ) ) ;
#906 = CARTESIAN_POINT ( 'NONE',  ( -0.1249999999999999445, 0.1000000000000000056, -0.7500000000000001110 ) ) ;
#907 = CARTESIAN_POINT ( 'NONE',  ( 0.9999999999999993339, 0.1000000000000000056, -0.3750000000000009437 ) ) ;
#908 = CARTESIAN_POINT ( 'NONE',  ( -0.7749999999999995781, 0.1000000000000000056, 0.6250000000000001110 ) ) ;
#909 = DIRECTION ( 'NONE',  ( -0.7071067811865461294, 0.000000000000000000, -0.7071067811865490160 ) ) ;
#910 = FACE_OUTER_BOUND ( 'NONE', #84, .T. ) ;
#911 = FACE_OUTER_BOUND ( 'NONE', #333, .T. ) ;
#912 = VERTEX_POINT ( 'NONE', #655 ) ;
#913 = VECTOR ( 'NONE', #2091, 1000.000000000000000 ) ;
#914 = DIRECTION ( 'NONE',  ( 0.000000000000000000, -1.000000000000000000, 0.000000000000000000 ) ) ;
#915 = ORIENTED_EDGE ( 'NONE', *, *, #1341, .F. ) ;
#916 = ORIENTED_EDGE ( 'NONE', *, *, #3188, .T. ) ;
#917 = EDGE_CURVE ( 'NONE', #1750, #2015, #2616, .T. ) ;
#918 = EDGE_CURVE ( 'NONE', #809, #499, #610, .T. ) ;
#919 = DIRECTION ( 'NONE',  ( -1.000000000000000000, 0.000000000000000000, -0.000000000000000000 ) ) ;
#920 = PLANE ( 'NONE',  #1763 ) ;
#921 = CARTESIAN_POINT ( 'NONE',  ( 0.1249999999999998612, 0.1000000000000000056, 0.2250000000000000056 ) ) ;
#922 = ORIENTED_EDGE ( 'NONE', *, *, #1765, .F. ) ;
#923 = CARTESIAN_POINT ( 'NONE',  ( 0.000000000000000000, 0.1000000000000000056, 0.000000000000000000 ) ) ;
#924 = CARTESIAN_POINT ( 'NONE',  ( -0.9999999999999997780, 0.1000000000000000056, -0.6249999999999998890 ) ) ;
#925 = LINE ( 'NONE', #1137, #2749 ) ;
#926 = VERTEX_POINT ( 'NONE', #1412 ) ;
#927 = EDGE_CURVE ( 'NONE', #239, #2582, #3093, .T. ) ;
#928 = CARTESIAN_POINT ( 'NONE',  ( 0.7749999999999993561, 0.05000000000000002359, -0.3750000000000008327 ) ) ;
#929 = ORIENTED_EDGE ( 'NONE', *, *, #2499, .T. ) ;
#930 = AXIS2_PLACEMENT_3D ( 'NONE', #1393, #3146, #919 ) ;
#931 = DIRECTION ( 'NONE',  ( 0.000000000000000000, 1.000000000000000000, 0.000000000000000000 ) ) ;
#932 = ORIENTED_EDGE ( 'NONE', *, *, #1520, .F. ) ;
#933 = ADVANCED_FACE ( 'NONE', ( #399 ), #2629, .F. ) ;
#934 = DIRECTION ( 'NONE',  ( -2.780005570475652379E-17, 0.000000000000000000, -1.000000000000000000 ) ) ;
#935 = CARTESIAN_POINT ( 'NONE',  ( 0.7749999999999991340, 0.1000000000000000056, 0.6250000000000005551 ) ) ;
#936 = STYLED_ITEM ( 'NONE', ( #2087 ), #1387 ) ;
#937 = ORIENTED_EDGE ( 'NONE', *, *, #1928, .F. ) ;
#938 = VECTOR ( 'NONE', #3152, 1000.000000000000000 ) ;
#939 = VECTOR ( 'NONE', #2506, 1000.000000000000000 ) ;
#940 = CARTESIAN_POINT ( 'NONE',  ( -0.7749999999999995781, 0.1000000000000000056, 9.486769009248163798E-17 ) ) ;
#941 = DIRECTION ( 'NONE',  ( 0.000000000000000000, 1.000000000000000000, 0.000000000000000000 ) ) ;
#942 = CARTESIAN_POINT ( 'NONE',  ( 0.2500000000000000000, 0.1000000000000000056, 0.2250000000000000056 ) ) ;
#943 = EDGE_CURVE ( 'NONE', #877, #2759, #2410, .T. ) ;
#944 = AXIS2_PLACEMENT_3D ( 'NONE', #328, #1130, #2117 ) ;
#945 = ORIENTED_EDGE ( 'NONE', *, *, #698, .F. ) ;
#946 = PRESENTATION_LAYER_ASSIGNMENT (  '', '', ( #2649 ) ) ;
#947 = DIRECTION ( 'NONE',  ( -0.7071067811865461294, 0.000000000000000000, -0.7071067811865490160 ) ) ;
#948 = EDGE_LOOP ( 'NONE', ( #720, #4, #1969, #1676 ) ) ;
#949 =( GEOMETRIC_REPRESENTATION_CONTEXT ( 3 ) GLOBAL_UNCERTAINTY_ASSIGNED_CONTEXT ( ( #3202 ) ) GLOBAL_UNIT_ASSIGNED_CONTEXT ( ( #2339, #1631, #1111 ) ) REPRESENTATION_CONTEXT ( 'NONE', 'WORKASPACE' ) );
#950 = ORIENTED_EDGE ( 'NONE', *, *, #120, .F. ) ;
#951 = VECTOR ( 'NONE', #273, 1000.000000000000000 ) ;
#952 = PLANE ( 'NONE',  #1293 ) ;
#953 = CARTESIAN_POINT ( 'NONE',  ( -0.9999999999999997780, 0.05000000000000002359, 0.7500000000000000000 ) ) ;
#954 = DIRECTION ( 'NONE',  ( 0.000000000000000000, 0.000000000000000000, 1.000000000000000000 ) ) ;
#955 = PRODUCT_DEFINITION ( 'UNKNOWN', '', #2878, #595 ) ;
#956 = EDGE_LOOP ( 'NONE', ( #1374, #33, #1162, #279 ) ) ;
#957 = CARTESIAN_POINT ( 'NONE',  ( 0.9999999999999993339, 0.1000000000000000056, 0.6250000000000007772 ) ) ;
#958 = DIRECTION ( 'NONE',  ( -3.212450881438531255E-16, -0.000000000000000000, 1.000000000000000000 ) ) ;
#959 = CARTESIAN_POINT ( 'NONE',  ( -0.3749999999999997780, 0.05000000000000002359, 0.07499999999999990008 ) ) ;
#960 = EDGE_LOOP ( 'NONE', ( #475, #171, #2799, #1794, #2006 ) ) ;
#961 = VERTEX_POINT ( 'NONE', #1378 ) ;
#962 = ADVANCED_FACE ( 'NONE', ( #415 ), #1148, .T. ) ;
#963 = PLANE ( 'NONE',  #470 ) ;
#964 = DIRECTION ( 'NONE',  ( 0.000000000000000000, 1.000000000000000000, 0.000000000000000000 ) ) ;
#965 = EDGE_LOOP ( 'NONE', ( #1134, #2856 ) ) ;
#966 = VERTEX_POINT ( 'NONE', #3130 ) ;
#967 = EDGE_CURVE ( 'NONE', #2606, #2443, #1397, .T. ) ;
#968 = DIRECTION ( 'NONE',  ( -0.000000000000000000, -0.000000000000000000, 1.000000000000000000 ) ) ;
#969 = CARTESIAN_POINT ( 'NONE',  ( -0.2500000000000000555, 0.1000000000000000056, -0.4999999999999998890 ) ) ;
#970 = FILL_AREA_STYLE ('',( #2703 ) ) ;
#971 = ORIENTED_EDGE ( 'NONE', *, *, #846, .T. ) ;
#972 = DIRECTION ( 'NONE',  ( 0.000000000000000000, 1.000000000000000000, -0.000000000000000000 ) ) ;
#973 = DIRECTION ( 'NONE',  ( -0.000000000000000000, -1.000000000000000000, -0.000000000000000000 ) ) ;
#974 = DIRECTION ( 'NONE',  ( -1.000000000000000000, 0.000000000000000000, -7.228014483236683736E-16 ) ) ;
#975 = EDGE_LOOP ( 'NONE', ( #1125, #1465, #1746, #1457 ) ) ;
#976 = ADVANCED_FACE ( 'NONE', ( #1657 ), #1348, .F. ) ;
#977 = ORIENTED_EDGE ( 'NONE', *, *, #3042, .F. ) ;
#978 = CARTESIAN_POINT ( 'NONE',  ( 0.7749999999999995781, 0.1000000000000000056, 5.430045880531565739E-16 ) ) ;
#979 = EDGE_CURVE ( 'NONE', #801, #3071, #1116, .T. ) ;
#980 = CARTESIAN_POINT ( 'NONE',  ( 0.1249999999999998335, 0.1000000000000000056, -0.7500000000000000000 ) ) ;
#981 = EDGE_CURVE ( 'NONE', #1884, #2189, #2847, .T. ) ;
#982 = MECHANICAL_DESIGN_GEOMETRIC_PRESENTATION_REPRESENTATION (  '', ( #1536 ), #1648 ) ;
#983 = VERTEX_POINT ( 'NONE', #2651 ) ;
#984 = VERTEX_POINT ( 'NONE', #1853 ) ;
#985 = LINE ( 'NONE', #957, #1093 ) ;
#986 = DIRECTION ( 'NONE',  ( 0.000000000000000000, 0.000000000000000000, -1.000000000000000000 ) ) ;
#987 = CARTESIAN_POINT ( 'NONE',  ( -0.9999999999999997780, 0.1000000000000000056, 0.3750000000000001665 ) ) ;
#988 = AXIS2_PLACEMENT_3D ( 'NONE', #1049, #2009, #788 ) ;
#989 = AXIS2_PLACEMENT_3D ( 'NONE', #2852, #628, #2607 ) ;
#990 = FACE_OUTER_BOUND ( 'NONE', #538, .T. ) ;
#991 = COLOUR_RGB ( '',0.7921568627450980005, 0.8196078431372548767, 0.9333333333333333481 ) ;
#992 = PLANE ( 'NONE',  #1605 ) ;
#993 = EDGE_CURVE ( 'NONE', #2560, #961, #437, .T. ) ;
#994 = ORIENTED_EDGE ( 'NONE', *, *, #2887, .T. ) ;
#995 = AXIS2_PLACEMENT_3D ( 'NONE', #2193, #2934, #2723 ) ;
#996 = DIRECTION ( 'NONE',  ( -0.000000000000000000, -1.000000000000000000, -0.000000000000000000 ) ) ;
#997 = AXIS2_PLACEMENT_3D ( 'NONE', #2775, #2805, #1320 ) ;
#998 = AXIS2_PLACEMENT_3D ( 'NONE', #21, #552, #1070 ) ;
#999 = EDGE_CURVE ( 'NONE', #1664, #984, #2602, .T. ) ;
#1000 = DIRECTION ( 'NONE',  ( 1.000000000000000000, 0.000000000000000000, -0.000000000000000000 ) ) ;
#1001 = ORIENTED_EDGE ( 'NONE', *, *, #2552, .F. ) ;
#1002 = ORIENTED_EDGE ( 'NONE', *, *, #1666, .F. ) ;
#1003 = EDGE_CURVE ( 'NONE', #1958, #2759, #126, .T. ) ;
#1004 = LINE ( 'NONE', #2707, #2081 ) ;
#1005 = CARTESIAN_POINT ( 'NONE',  ( -0.1249999999999999722, 0.000000000000000000, 0.7500000000000000000 ) ) ;
#1006 = DIRECTION ( 'NONE',  ( 1.000000000000000000, 0.000000000000000000, 0.000000000000000000 ) ) ;
#1007 = CARTESIAN_POINT ( 'NONE',  ( -0.3750000000000000000, 0.1000000000000000056, 0.7500000000000000000 ) ) ;
#1008 = CARTESIAN_POINT ( 'NONE',  ( -0.7999999999999998224, 0.9799999999999999822, -0.5500000000000000444 ) ) ;
#1009 = VERTEX_POINT ( 'NONE', #1706 ) ;
#1010 = VERTEX_POINT ( 'NONE', #1736 ) ;
#1011 = CARTESIAN_POINT ( 'NONE',  ( -0.7999999999999998224, 0.9799999999999999822, -0.5500000000000000444 ) ) ;
#1012 = PRODUCT_RELATED_PRODUCT_CATEGORY ( 'part', '', ( #618 ) ) ;
#1013 = EDGE_CURVE ( 'NONE', #1628, #3012, #2170, .T. ) ;
#1014 = LINE ( 'NONE', #2070, #2273 ) ;
#1015 = EDGE_CURVE ( 'NONE', #1072, #1413, #486, .T. ) ;
#1016 = ORIENTED_EDGE ( 'NONE', *, *, #3194, .T. ) ;
#1017 = ORIENTED_EDGE ( 'NONE', *, *, #1013, .F. ) ;
#1018 = DIRECTION ( 'NONE',  ( 1.000000000000000000, -0.000000000000000000, 9.637352644315584889E-16 ) ) ;
#1019 = CARTESIAN_POINT ( 'NONE',  ( 0.9999999999999997780, 0.000000000000000000, -0.1249999999999994033 ) ) ;
#1020 = LINE ( 'NONE', #2996, #2647 ) ;
#1021 = VERTEX_POINT ( 'NONE', #243 ) ;
#1022 = CARTESIAN_POINT ( 'NONE',  ( -0.5874999999999983569, 0.05000000000000002359, -0.5875000000000009104 ) ) ;
#1023 = CARTESIAN_POINT ( 'NONE',  ( -0.2500000000000000000, 0.000000000000000000, 0.07499999999999976130 ) ) ;
#1024 = EDGE_CURVE ( 'NONE', #135, #593, #3211, .T. ) ;
#1025 = ORIENTED_EDGE ( 'NONE', *, *, #304, .T. ) ;
#1026 = CARTESIAN_POINT ( 'NONE',  ( 0.7749999999999995781, 0.000000000000000000, 5.430045880531565739E-16 ) ) ;
#1027 = DIRECTION ( 'NONE',  ( -1.000000000000000000, -0.000000000000000000, -0.000000000000000000 ) ) ;
#1028 = ADVANCED_FACE ( 'NONE', ( #1237 ), #2667, .F. ) ;
#1029 = FACE_OUTER_BOUND ( 'NONE', #256, .T. ) ;
#1030 = CARTESIAN_POINT ( 'NONE',  ( 0.9999999999999993339, 0.1000000000000000056, 0.3750000000000007216 ) ) ;
#1031 = DIRECTION ( 'NONE',  ( -3.212450881438531255E-16, -0.000000000000000000, 1.000000000000000000 ) ) ;
#1032 = ORIENTED_EDGE ( 'NONE', *, *, #1124, .F. ) ;
#1033 = EDGE_LOOP ( 'NONE', ( #1565, #1414, #97, #2449 ) ) ;
#1034 = ORIENTED_EDGE ( 'NONE', *, *, #803, .F. ) ;
#1035 = VECTOR ( 'NONE', #1895, 1000.000000000000000 ) ;
#1036 = ADVANCED_FACE ( 'NONE', ( #2681 ), #1924, .T. ) ;
#1037 = CARTESIAN_POINT ( 'NONE',  ( -0.2500000000000000000, 0.1000000000000000056, 0.07499999999999976130 ) ) ;
#1038 = FACE_OUTER_BOUND ( 'NONE', #2763, .T. ) ;
#1039 = CARTESIAN_POINT ( 'NONE',  ( -0.3749999999999999445, 0.05000000000000002359, -0.4999999999999998890 ) ) ;
#1040 = AXIS2_PLACEMENT_3D ( 'NONE', #969, #1211, #2929 ) ;
#1041 = VECTOR ( 'NONE', #1984, 1000.000000000000000 ) ;
#1042 = ORIENTED_EDGE ( 'NONE', *, *, #875, .F. ) ;
#1043 = ORIENTED_EDGE ( 'NONE', *, *, #606, .F. ) ;
#1044 = VECTOR ( 'NONE', #1306, 1000.000000000000000 ) ;
#1045 = EDGE_LOOP ( 'NONE', ( #1478, #2943, #1181, #2971 ) ) ;
#1046 = DIRECTION ( 'NONE',  ( 0.000000000000000000, 0.000000000000000000, 1.000000000000000000 ) ) ;
#1047 = VECTOR ( 'NONE', #1066, 1000.000000000000000 ) ;
#1048 = STYLED_ITEM ( 'NONE', ( #1206 ), #2459 ) ;
#1049 = CARTESIAN_POINT ( 'NONE',  ( 0.9999999999999993339, 0.1000000000000000056, -0.3750000000000009437 ) ) ;
#1050 = VECTOR ( 'NONE', #3190, 1000.000000000000000 ) ;
#1051 = CARTESIAN_POINT ( 'NONE',  ( -0.9999999999999997780, 0.05000000000000002359, -0.7500000000000000000 ) ) ;
#1052 = CARTESIAN_POINT ( 'NONE',  ( 0.2500000000000000000, 0.1000000000000000056, 0.2250000000000000056 ) ) ;
#1053 = DIRECTION ( 'NONE',  ( 0.000000000000000000, -0.000000000000000000, 1.000000000000000000 ) ) ;
#1054 = CARTESIAN_POINT ( 'NONE',  ( 0.9999999999999997780, 0.1000000000000000056, -0.1249999999999994033 ) ) ;
#1055 = DIRECTION ( 'NONE',  ( 0.000000000000000000, 0.000000000000000000, 1.000000000000000000 ) ) ;
#1056 = PLANE ( 'NONE',  #1446 ) ;
#1057 = ADVANCED_FACE ( 'NONE', ( #511 ), #2441, .T. ) ;
#1058 = ORIENTED_EDGE ( 'NONE', *, *, #342, .T. ) ;
#1059 = ORIENTED_EDGE ( 'NONE', *, *, #1346, .T. ) ;
#1060 = CARTESIAN_POINT ( 'NONE',  ( -0.1250000000000002220, 0.05000000000000002359, -0.4999999999999998890 ) ) ;
#1061 = EDGE_LOOP ( 'NONE', ( #1514, #193, #2110, #3142 ) ) ;
#1062 = LINE ( 'NONE', #3005, #1391 ) ;
#1063 = ADVANCED_FACE ( 'NONE', ( #724 ), #1180, .F. ) ;
#1064 = LINE ( 'NONE', #1534, #733 ) ;
#1065 = DIRECTION ( 'NONE',  ( 0.000000000000000000, 0.000000000000000000, 1.000000000000000000 ) ) ;
#1066 = DIRECTION ( 'NONE',  ( 0.000000000000000000, -1.000000000000000000, 0.000000000000000000 ) ) ;
#1067 = ORIENTED_EDGE ( 'NONE', *, *, #822, .F. ) ;
#1068 = ORIENTED_EDGE ( 'NONE', *, *, #2540, .T. ) ;
#1069 = DIRECTION ( 'NONE',  ( -0.000000000000000000, -1.000000000000000000, -0.000000000000000000 ) ) ;
#1070 = DIRECTION ( 'NONE',  ( 0.000000000000000000, 0.000000000000000000, 1.000000000000000000 ) ) ;
#1071 = CARTESIAN_POINT ( 'NONE',  ( -0.7749999999999995781, 0.1000000000000000056, 0.6250000000000001110 ) ) ;
#1072 = VERTEX_POINT ( 'NONE', #743 ) ;
#1073 = ADVANCED_FACE ( 'NONE', ( #1960 ), #3182, .T. ) ;
#1074 = DIRECTION ( 'NONE',  ( -1.084202172485503448E-15, 0.000000000000000000, 1.000000000000000000 ) ) ;
#1075 = ADVANCED_FACE ( 'NONE', ( #1192 ), #2731, .F. ) ;
#1076 = DIRECTION ( 'NONE',  ( 0.000000000000000000, 0.000000000000000000, -1.000000000000000000 ) ) ;
#1077 = ORIENTED_EDGE ( 'NONE', *, *, #217, .T. ) ;
#1078 = DIRECTION ( 'NONE',  ( 0.000000000000000000, -1.000000000000000000, 0.000000000000000000 ) ) ;
#1079 = DIRECTION ( 'NONE',  ( 0.000000000000000000, 0.000000000000000000, -1.000000000000000000 ) ) ;
#1080 = DIRECTION ( 'NONE',  ( 0.000000000000000000, 1.000000000000000000, -0.000000000000000000 ) ) ;
#1081 = CARTESIAN_POINT ( 'NONE',  ( -0.2500000000000000000, 0.1000000000000000056, -0.05000000000000005135 ) ) ;
#1082 = ORIENTED_EDGE ( 'NONE', *, *, #887, .F. ) ;
#1083 = CLOSED_SHELL ( 'NONE', ( #1997, #2743, #1194, #3086, #2600, #643 ) ) ;
#1084 = CARTESIAN_POINT ( 'NONE',  ( 0.7749999999999991340, 0.000000000000000000, 0.6250000000000005551 ) ) ;
#1085 = CARTESIAN_POINT ( 'NONE',  ( -0.1249999999999999445, 0.1000000000000000056, -0.7500000000000001110 ) ) ;
#1086 = LINE ( 'NONE', #340, #1044 ) ;
#1087 = CARTESIAN_POINT ( 'NONE',  ( 1.000000000000000222, 0.05000000000000002359, 0.7500000000000000000 ) ) ;
#1088 = VECTOR ( 'NONE', #39, 1000.000000000000000 ) ;
#1089 = LINE ( 'NONE', #591, #265 ) ;
#1090 = ADVANCED_FACE ( 'NONE', ( #3163 ), #692, .T. ) ;
#1091 = VECTOR ( 'NONE', #2613, 1000.000000000000000 ) ;
#1092 = ORIENTED_EDGE ( 'NONE', *, *, #1164, .T. ) ;
#1093 = VECTOR ( 'NONE', #1018, 1000.000000000000000 ) ;
#1094 = FACE_OUTER_BOUND ( 'NONE', #361, .T. ) ;
#1095 = AXIS2_PLACEMENT_3D ( 'NONE', #2161, #404, #192 ) ;
#1096 = ORIENTED_EDGE ( 'NONE', *, *, #1114, .T. ) ;
#1097 = EDGE_CURVE ( 'NONE', #2849, #1958, #2945, .T. ) ;
#1098 = CIRCLE ( 'NONE', #2031, 0.07500000000000003886 ) ;
#1099 = FACE_OUTER_BOUND ( 'NONE', #1962, .T. ) ;
#1100 = ORIENTED_EDGE ( 'NONE', *, *, #1459, .T. ) ;
#1101 = DIRECTION ( 'NONE',  ( -0.000000000000000000, -0.000000000000000000, -1.000000000000000000 ) ) ;
#1102 = CARTESIAN_POINT ( 'NONE',  ( 0.3750000000000001110, 0.1000000000000000056, 0.2249999999999999500 ) ) ;
#1103 = CARTESIAN_POINT ( 'NONE',  ( 0.9999999999999993339, 0.1000000000000000056, -0.6250000000000009992 ) ) ;
#1104 = COLOUR_RGB ( '',0.7921568627450980005, 0.8196078431372548767, 0.9333333333333333481 ) ;
#1105 = ORIENTED_EDGE ( 'NONE', *, *, #2706, .T. ) ;
#1106 = AXIS2_PLACEMENT_3D ( 'NONE', #421, #2160, #613 ) ;
#1107 = CARTESIAN_POINT ( 'NONE',  ( -0.7749999999999995781, 0.1000000000000000056, 0.5000000000000001110 ) ) ;
#1108 = DIRECTION ( 'NONE',  ( 0.000000000000000000, 1.000000000000000000, 0.000000000000000000 ) ) ;
#1109 = DIRECTION ( 'NONE',  ( 0.000000000000000000, 0.000000000000000000, -1.000000000000000000 ) ) ;
#1110 = EDGE_LOOP ( 'NONE', ( #2112, #971, #1766, #284 ) ) ;
#1111 =( NAMED_UNIT ( * ) SI_UNIT ( $, .STERADIAN. ) SOLID_ANGLE_UNIT ( ) );
#1112 = LINE ( 'NONE', #2826, #2584 ) ;
#1113 = VERTEX_POINT ( 'NONE', #498 ) ;
#1114 = EDGE_CURVE ( 'NONE', #99, #300, #2979, .T. ) ;
#1115 = LINE ( 'NONE', #364, #312 ) ;
#1116 = LINE ( 'NONE', #1166, #574 ) ;
#1117 = DIRECTION ( 'NONE',  ( 0.000000000000000000, 0.000000000000000000, 1.000000000000000000 ) ) ;
#1118 = EDGE_CURVE ( 'NONE', #2585, #2052, #2202, .T. ) ;
#1119 = VERTEX_POINT ( 'NONE', #3200 ) ;
#1120 = ORIENTED_EDGE ( 'NONE', *, *, #1622, .F. ) ;
#1121 = DIRECTION ( 'NONE',  ( 0.000000000000000000, -1.000000000000000000, 0.000000000000000000 ) ) ;
#1122 = CARTESIAN_POINT ( 'NONE',  ( -0.3750000000000000000, 0.1000000000000000056, -0.7500000000000001110 ) ) ;
#1123 = PLANE ( 'NONE',  #2535 ) ;
#1124 = EDGE_CURVE ( 'NONE', #2479, #444, #454, .T. ) ;
#1125 = ORIENTED_EDGE ( 'NONE', *, *, #698, .T. ) ;
#1126 = ORIENTED_EDGE ( 'NONE', *, *, #2816, .F. ) ;
#1127 = CARTESIAN_POINT ( 'NONE',  ( -0.1249999999999999722, 0.05000000000000002359, 0.7500000000000000000 ) ) ;
#1128 = SURFACE_STYLE_FILL_AREA ( #2114 ) ;
#1129 = EDGE_CURVE ( 'NONE', #2115, #356, #2702, .T. ) ;
#1130 = DIRECTION ( 'NONE',  ( 0.000000000000000000, 0.000000000000000000, -1.000000000000000000 ) ) ;
#1131 = CARTESIAN_POINT ( 'NONE',  ( 0.1249999999999998612, 0.000000000000000000, 0.2250000000000000056 ) ) ;
#1132 = FACE_OUTER_BOUND ( 'NONE', #1422, .T. ) ;
#1133 = ORIENTED_EDGE ( 'NONE', *, *, #2299, .F. ) ;
#1134 = ORIENTED_EDGE ( 'NONE', *, *, #1222, .F. ) ;
#1135 = FACE_OUTER_BOUND ( 'NONE', #805, .T. ) ;
#1136 = CYLINDRICAL_SURFACE ( 'NONE', #485, 0.1250000000000000000 ) ;
#1137 = CARTESIAN_POINT ( 'NONE',  ( -0.3750000000000000000, 0.1000000000000000056, -0.7500000000000001110 ) ) ;
#1138 = DIRECTION ( 'NONE',  ( 0.000000000000000000, 0.000000000000000000, -1.000000000000000000 ) ) ;
#1139 = EDGE_CURVE ( 'NONE', #197, #1177, #2272, .T. ) ;
#1140 = SURFACE_SIDE_STYLE ('',( #1128 ) ) ;
#1141 = AXIS2_PLACEMENT_3D ( 'NONE', #1916, #2661, #1938 ) ;
#1142 = ORIENTED_EDGE ( 'NONE', *, *, #32, .T. ) ;
#1143 = DIRECTION ( 'NONE',  ( 9.637352644315584889E-16, 0.000000000000000000, -1.000000000000000000 ) ) ;
#1144 = AXIS2_PLACEMENT_3D ( 'NONE', #2025, #771, #2073 ) ;
#1145 = AXIS2_PLACEMENT_3D ( 'NONE', #1402, #2657, #1625 ) ;
#1146 = AXIS2_PLACEMENT_3D ( 'NONE', #163, #177, #671 ) ;
#1147 = DIRECTION ( 'NONE',  ( -0.000000000000000000, -1.000000000000000000, -0.000000000000000000 ) ) ;
#1148 = PLANE ( 'NONE',  #1710 ) ;
#1149 = DIRECTION ( 'NONE',  ( 0.000000000000000000, 1.000000000000000000, 0.000000000000000000 ) ) ;
#1150 = AXIS2_PLACEMENT_3D ( 'NONE', #1777, #1555, #1053 ) ;
#1151 = ORIENTED_EDGE ( 'NONE', *, *, #2474, .T. ) ;
#1152 = PLANE ( 'NONE',  #258 ) ;
#1153 = VECTOR ( 'NONE', #3003, 1000.000000000000000 ) ;
#1154 = LINE ( 'NONE', #2570, #3181 ) ;
#1155 = DIRECTION ( 'NONE',  ( 0.000000000000000000, 0.000000000000000000, -1.000000000000000000 ) ) ;
#1156 = FACE_OUTER_BOUND ( 'NONE', #2610, .T. ) ;
#1157 = AXIS2_PLACEMENT_3D ( 'NONE', #696, #1694, #1462 ) ;
#1158 = EDGE_LOOP ( 'NONE', ( #2082, #369, #1901, #1326 ) ) ;
#1159 = CARTESIAN_POINT ( 'NONE',  ( 0.9999999999999993339, 0.1000000000000000056, 0.3750000000000007216 ) ) ;
#1160 = ORIENTED_EDGE ( 'NONE', *, *, #2076, .T. ) ;
#1161 = EDGE_CURVE ( 'NONE', #2214, #1696, #530, .T. ) ;
#1162 = ORIENTED_EDGE ( 'NONE', *, *, #1453, .T. ) ;
#1163 = FILL_AREA_STYLE_COLOUR ( '', #520 ) ;
#1164 = EDGE_CURVE ( 'NONE', #638, #48, #820, .T. ) ;
#1165 = DIRECTION ( 'NONE',  ( 0.000000000000000000, 0.000000000000000000, -1.000000000000000000 ) ) ;
#1166 = CARTESIAN_POINT ( 'NONE',  ( 0.3750000000000000000, 0.05000000000000002359, -1.459502924499717545E-16 ) ) ;
#1167 = SURFACE_STYLE_FILL_AREA ( #970 ) ;
#1168 = EDGE_CURVE ( 'NONE', #2975, #172, #1014, .T. ) ;
#1169 = CARTESIAN_POINT ( 'NONE',  ( -0.6499999999999998002, 0.1000000000000000056, -0.5249999999999999112 ) ) ;
#1170 = DIRECTION ( 'NONE',  ( 1.000000000000000000, 0.000000000000000000, 0.000000000000000000 ) ) ;
#1171 = DIRECTION ( 'NONE',  ( 0.000000000000000000, 0.000000000000000000, -1.000000000000000000 ) ) ;
#1172 = ORIENTED_EDGE ( 'NONE', *, *, #1574, .F. ) ;
#1173 = ORIENTED_EDGE ( 'NONE', *, *, #2575, .F. ) ;
#1174 = DIRECTION ( 'NONE',  ( 0.000000000000000000, -0.000000000000000000, 1.000000000000000000 ) ) ;
#1175 = EDGE_LOOP ( 'NONE', ( #2389, #1682, #3196, #2796 ) ) ;
#1176 = EDGE_CURVE ( 'NONE', #2606, #2404, #1311, .T. ) ;
#1177 = VERTEX_POINT ( 'NONE', #594 ) ;
#1178 = EDGE_CURVE ( 'NONE', #3180, #638, #885, .T. ) ;
#1179 = CARTESIAN_POINT ( 'NONE',  ( 0.9999999999999993339, 0.000000000000000000, -0.6250000000000009992 ) ) ;
#1180 = PLANE ( 'NONE',  #37 ) ;
#1181 = ORIENTED_EDGE ( 'NONE', *, *, #2067, .T. ) ;
#1182 = DIRECTION ( 'NONE',  ( -0.7071067811865489050, 0.000000000000000000, 0.7071067811865460184 ) ) ;
#1183 = PLANE ( 'NONE',  #2241 ) ;
#1184 = FACE_OUTER_BOUND ( 'NONE', #19, .T. ) ;
#1185 = CIRCLE ( 'NONE', #2318, 0.1250000000000001110 ) ;
#1186 = ORIENTED_EDGE ( 'NONE', *, *, #3226, .F. ) ;
#1187 = LINE ( 'NONE', #494, #88 ) ;
#1188 = CARTESIAN_POINT ( 'NONE',  ( -9.035018104045844810E-17, 0.05000000000000002359, 0.1249999999999998612 ) ) ;
#1189 = VERTEX_POINT ( 'NONE', #1752 ) ;
#1190 = PRESENTATION_STYLE_ASSIGNMENT (( #224 ) ) ;
#1191 = ORIENTED_EDGE ( 'NONE', *, *, #1253, .F. ) ;
#1192 = FACE_OUTER_BOUND ( 'NONE', #1407, .T. ) ;
#1193 = AXIS2_PLACEMENT_3D ( 'NONE', #884, #2577, #1888 ) ;
#1194 = ADVANCED_FACE ( 'NONE', ( #2785 ), #2303, .F. ) ;
#1195 = ORIENTED_EDGE ( 'NONE', *, *, #2302, .T. ) ;
#1196 = VECTOR ( 'NONE', #689, 1000.000000000000000 ) ;
#1197 = AXIS2_PLACEMENT_3D ( 'NONE', #2121, #2398, #145 ) ;
#1198 = CARTESIAN_POINT ( 'NONE',  ( 0.1249999999999998335, 0.1000000000000000056, -0.7500000000000000000 ) ) ;
#1199 = CARTESIAN_POINT ( 'NONE',  ( -0.000000000000000000, 0.05000000000000002359, -0.6249999999999998890 ) ) ;
#1200 = FACE_OUTER_BOUND ( 'NONE', #1061, .T. ) ;
#1201 = VECTOR ( 'NONE', #1315, 1000.000000000000000 ) ;
#1202 = ORIENTED_EDGE ( 'NONE', *, *, #417, .T. ) ;
#1203 = AXIS2_PLACEMENT_3D ( 'NONE', #1906, #2892, #1046 ) ;
#1204 = VERTEX_POINT ( 'NONE', #264 ) ;
#1205 = DIRECTION ( 'NONE',  ( 0.000000000000000000, -1.000000000000000000, 0.000000000000000000 ) ) ;
#1206 = PRESENTATION_STYLE_ASSIGNMENT (( #2974 ) ) ;
#1207 = ORIENTED_EDGE ( 'NONE', *, *, #1161, .F. ) ;
#1208 = CIRCLE ( 'NONE', #2343, 0.1249999999999998196 ) ;
#1209 = CIRCLE ( 'NONE', #3018, 0.1250000000000000000 ) ;
#1210 = FILL_AREA_STYLE ('',( #1409 ) ) ;
#1211 = DIRECTION ( 'NONE',  ( 0.000000000000000000, 1.000000000000000000, 0.000000000000000000 ) ) ;
#1212 = EDGE_CURVE ( 'NONE', #575, #3124, #2043, .T. ) ;
#1213 = CARTESIAN_POINT ( 'NONE',  ( 0.7749999999999991340, 0.000000000000000000, -0.5000000000000007772 ) ) ;
#1214 = CARTESIAN_POINT ( 'NONE',  ( -0.7999999999999998224, 1.000000000000000000, -0.5500000000000000444 ) ) ;
#1215 = DIRECTION ( 'NONE',  ( 0.000000000000000000, 1.000000000000000000, 0.000000000000000000 ) ) ;
#1216 = CARTESIAN_POINT ( 'NONE',  ( 0.9999999999999997780, 0.1000000000000000056, -0.1249999999999994033 ) ) ;
#1217 = ORIENTED_EDGE ( 'NONE', *, *, #2220, .T. ) ;
#1218 = ADVANCED_FACE ( 'NONE', ( #2245 ), #2990, .F. ) ;
#1219 = SURFACE_STYLE_FILL_AREA ( #219 ) ;
#1220 =( LENGTH_UNIT ( ) NAMED_UNIT ( * ) SI_UNIT ( .MILLI., .METRE. ) );
#1221 = ORIENTED_EDGE ( 'NONE', *, *, #341, .T. ) ;
#1222 = EDGE_CURVE ( 'NONE', #738, #2732, #1292, .T. ) ;
#1223 = ORIENTED_EDGE ( 'NONE', *, *, #967, .F. ) ;
#1224 = DIRECTION ( 'NONE',  ( 0.000000000000000000, 0.000000000000000000, 1.000000000000000000 ) ) ;
#1225 = DIRECTION ( 'NONE',  ( 0.000000000000000000, 0.000000000000000000, -1.000000000000000000 ) ) ;
#1226 = CARTESIAN_POINT ( 'NONE',  ( -0.3750000000000000000, 0.1000000000000000056, -0.7500000000000001110 ) ) ;
#1227 = CARTESIAN_POINT ( 'NONE',  ( -0.3750000000000000000, 0.000000000000000000, -0.7500000000000001110 ) ) ;
#1228 = PLANE ( 'NONE',  #2858 ) ;
#1229 = ORIENTED_EDGE ( 'NONE', *, *, #1765, .T. ) ;
#1230 = ORIENTED_EDGE ( 'NONE', *, *, #2133, .T. ) ;
#1231 = VERTEX_POINT ( 'NONE', #1549 ) ;
#1232 = CARTESIAN_POINT ( 'NONE',  ( -0.2500000000000000000, 0.1000000000000000056, 0.07499999999999976130 ) ) ;
#1233 = EDGE_CURVE ( 'NONE', #983, #1557, #1707, .T. ) ;
#1234 = VECTOR ( 'NONE', #761, 1000.000000000000000 ) ;
#1235 = FACE_OUTER_BOUND ( 'NONE', #407, .T. ) ;
#1236 = CLOSED_SHELL ( 'NONE', ( #3123, #1362, #2961, #1369, #2737, #1389 ) ) ;
#1237 = FACE_OUTER_BOUND ( 'NONE', #811, .T. ) ;
#1238 = COLOUR_RGB ( '',0.7921568627450980005, 0.8196078431372548767, 0.9333333333333333481 ) ;
#1239 = ORIENTED_EDGE ( 'NONE', *, *, #1723, .T. ) ;
#1240 = CARTESIAN_POINT ( 'NONE',  ( 0.7749999999999994671, 0.1000000000000000056, -0.1249999999999995698 ) ) ;
#1241 = LINE ( 'NONE', #1679, #2494 ) ;
#1242 = DIRECTION ( 'NONE',  ( 7.228014483236683736E-16, 0.000000000000000000, -1.000000000000000000 ) ) ;
#1243 = EDGE_LOOP ( 'NONE', ( #46, #1230, #443, #1421 ) ) ;
#1244 = VECTOR ( 'NONE', #2809, 1000.000000000000000 ) ;
#1245 = AXIS2_PLACEMENT_3D ( 'NONE', #940, #2145, #3095 ) ;
#1246 = PLANE ( 'NONE',  #1440 ) ;
#1247 = AXIS2_PLACEMENT_3D ( 'NONE', #2646, #2454, #2210 ) ;
#1248 = LINE ( 'NONE', #1433, #2446 ) ;
#1249 = ORIENTED_EDGE ( 'NONE', *, *, #881, .T. ) ;
#1250 = VECTOR ( 'NONE', #1147, 1000.000000000000000 ) ;
#1251 = ADVANCED_FACE ( 'NONE', ( #2766 ), #1279, .F. ) ;
#1252 = LINE ( 'NONE', #1637, #1343 ) ;
#1253 = EDGE_CURVE ( 'NONE', #2035, #2975, #309, .T. ) ;
#1254 = MECHANICAL_DESIGN_GEOMETRIC_PRESENTATION_REPRESENTATION (  '', ( #2649 ), #1345 ) ;
#1255 = ORIENTED_EDGE ( 'NONE', *, *, #592, .F. ) ;
#1256 = DIRECTION ( 'NONE',  ( 1.000000000000000000, 0.000000000000000000, 0.000000000000000000 ) ) ;
#1257 = ORIENTED_EDGE ( 'NONE', *, *, #1866, .F. ) ;
#1258 = EDGE_CURVE ( 'NONE', #2005, #221, #1532, .T. ) ;
#1259 = DIRECTION ( 'NONE',  ( 0.000000000000000000, 0.000000000000000000, -1.000000000000000000 ) ) ;
#1260 = CARTESIAN_POINT ( 'NONE',  ( 0.7749999999999993561, 0.1000000000000000056, 0.3750000000000006106 ) ) ;
#1261 = LINE ( 'NONE', #250, #480 ) ;
#1262 = ORIENTED_EDGE ( 'NONE', *, *, #2474, .F. ) ;
#1263 = LINE ( 'NONE', #3000, #2762 ) ;
#1264 = ORIENTED_EDGE ( 'NONE', *, *, #45, .T. ) ;
#1265 = PRESENTATION_LAYER_ASSIGNMENT (  '', '', ( #3030 ) ) ;
#1266 = LINE ( 'NONE', #2253, #1153 ) ;
#1267 = DIRECTION ( 'NONE',  ( 0.000000000000000000, 0.000000000000000000, -1.000000000000000000 ) ) ;
#1268 = UNCERTAINTY_MEASURE_WITH_UNIT (LENGTH_MEASURE( 1.000000000000000082E-05 ), #2457, 'distance_accuracy_value', 'NONE');
#1269 = ORIENTED_EDGE ( 'NONE', *, *, #2596, .F. ) ;
#1270 = EDGE_CURVE ( 'NONE', #593, #2900, #2748, .T. ) ;
#1271 = DIRECTION ( 'NONE',  ( 1.000000000000000000, 0.000000000000000000, 0.000000000000000000 ) ) ;
#1272 = LINE ( 'NONE', #1523, #2196 ) ;
#1273 = CARTESIAN_POINT ( 'NONE',  ( 0.1249999999999998335, 0.000000000000000000, -0.7500000000000000000 ) ) ;
#1274 = ORIENTED_EDGE ( 'NONE', *, *, #169, .T. ) ;
#1275 = EDGE_CURVE ( 'NONE', #1802, #2944, #1062, .T. ) ;
#1276 = CARTESIAN_POINT ( 'NONE',  ( 0.7749999999999991340, 0.1000000000000000056, -0.5000000000000007772 ) ) ;
#1277 = DIRECTION ( 'NONE',  ( 0.000000000000000000, 0.000000000000000000, 1.000000000000000000 ) ) ;
#1278 = DIRECTION ( 'NONE',  ( 1.000000000000000000, -0.000000000000000000, -4.818676322157796389E-16 ) ) ;
#1279 = PLANE ( 'NONE',  #3112 ) ;
#1280 = CLOSED_SHELL ( 'NONE', ( #148, #1075, #176, #933, #1477, #347 ) ) ;
#1281 = CARTESIAN_POINT ( 'NONE',  ( -0.9999999999999997780, 0.05000000000000002359, 0.7500000000000000000 ) ) ;
#1282 = DIRECTION ( 'NONE',  ( 0.000000000000000000, 1.000000000000000000, 0.000000000000000000 ) ) ;
#1283 = AXIS2_PLACEMENT_3D ( 'NONE', #2675, #947, #2151 ) ;
#1284 = PLANE ( 'NONE',  #101 ) ;
#1285 = ADVANCED_FACE ( 'NONE', ( #2516 ), #2546, .F. ) ;
#1286 = VERTEX_POINT ( 'NONE', #1363 ) ;
#1287 = ORIENTED_EDGE ( 'NONE', *, *, #1408, .T. ) ;
#1288 = PRESENTATION_LAYER_ASSIGNMENT (  '', '', ( #726 ) ) ;
#1289 = DIRECTION ( 'NONE',  ( 0.000000000000000000, 0.000000000000000000, -1.000000000000000000 ) ) ;
#1290 = LINE ( 'NONE', #2761, #535 ) ;
#1291 = DIRECTION ( 'NONE',  ( 0.000000000000000000, 1.000000000000000000, -0.000000000000000000 ) ) ;
#1292 = CIRCLE ( 'NONE', #621, 0.07500000000000003886 ) ;
#1293 = AXIS2_PLACEMENT_3D ( 'NONE', #705, #462, #1437 ) ;
#1294 = VECTOR ( 'NONE', #2346, 1000.000000000000000 ) ;
#1295 = DIRECTION ( 'NONE',  ( 1.000000000000000000, 0.000000000000000000, 0.000000000000000000 ) ) ;
#1296 = AXIS2_PLACEMENT_3D ( 'NONE', #1825, #1567, #767 ) ;
#1297 = CARTESIAN_POINT ( 'NONE',  ( -0.9999999999999997780, 0.1000000000000000056, 0.6250000000000001110 ) ) ;
#1298 = VECTOR ( 'NONE', #1356, 1000.000000000000000 ) ;
#1299 = ORIENTED_EDGE ( 'NONE', *, *, #875, .T. ) ;
#1300 = CARTESIAN_POINT ( 'NONE',  ( -0.9999999999999997780, 0.1000000000000000056, -0.6249999999999998890 ) ) ;
#1301 = CARTESIAN_POINT ( 'NONE',  ( 9.035018104045864531E-17, 0.05000000000000002359, -0.1250000000000001388 ) ) ;
#1302 = CARTESIAN_POINT ( 'NONE',  ( 0.7749999999999994671, 0.1000000000000000056, 0.1250000000000004441 ) ) ;
#1303 = EDGE_CURVE ( 'NONE', #1941, #2725, #2390, .T. ) ;
#1304 = FACE_OUTER_BOUND ( 'NONE', #975, .T. ) ;
#1305 = CARTESIAN_POINT ( 'NONE',  ( 0.7749999999999993561, 0.1000000000000000056, 0.3750000000000006106 ) ) ;
#1306 = DIRECTION ( 'NONE',  ( 1.000000000000000000, 0.000000000000000000, 0.000000000000000000 ) ) ;
#1307 = ORIENTED_EDGE ( 'NONE', *, *, #1024, .F. ) ;
#1308 = EDGE_CURVE ( 'NONE', #2404, #2105, #1112, .T. ) ;
#1309 = CARTESIAN_POINT ( 'NONE',  ( -0.7999999999999998224, 0.9799999999999999822, -0.4749999999999999778 ) ) ;
#1310 = EDGE_CURVE ( 'NONE', #343, #3026, #2116, .T. ) ;
#1311 = LINE ( 'NONE', #572, #2788 ) ;
#1312 = CARTESIAN_POINT ( 'NONE',  ( 0.7749999999999989120, 0.1000000000000000056, -0.6250000000000007772 ) ) ;
#1313 = LINE ( 'NONE', #2308, #144 ) ;
#1314 = CARTESIAN_POINT ( 'NONE',  ( -0.9999999999999997780, 1.000000000000000000, 0.7500000000000000000 ) ) ;
#1315 = DIRECTION ( 'NONE',  ( 0.000000000000000000, -1.000000000000000000, 0.000000000000000000 ) ) ;
#1316 = ADVANCED_FACE ( 'NONE', ( #2890 ), #2863, .F. ) ;
#1317 = CARTESIAN_POINT ( 'NONE',  ( -0.9999999999999997780, 0.000000000000000000, 0.3750000000000001665 ) ) ;
#1318 = CARTESIAN_POINT ( 'NONE',  ( 0.1249999999999998612, 0.1000000000000000056, 0.2250000000000000056 ) ) ;
#1319 = DIRECTION ( 'NONE',  ( 0.000000000000000000, 0.000000000000000000, -1.000000000000000000 ) ) ;
#1320 = DIRECTION ( 'NONE',  ( 2.810894521258714231E-16, 0.000000000000000000, 1.000000000000000000 ) ) ;
#1321 = ADVANCED_FACE ( 'NONE', ( #2342 ), #3106, .T. ) ;
#1322 = ORIENTED_EDGE ( 'NONE', *, *, #229, .F. ) ;
#1323 = DIRECTION ( 'NONE',  ( -1.000000000000000000, 0.000000000000000000, -9.637352644315584889E-16 ) ) ;
#1324 = AXIS2_PLACEMENT_3D ( 'NONE', #1379, #2630, #2883 ) ;
#1325 = ADVANCED_FACE ( 'NONE', ( #1094 ), #652, .T. ) ;
#1326 = ORIENTED_EDGE ( 'NONE', *, *, #1445, .F. ) ;
#1327 = ORIENTED_EDGE ( 'NONE', *, *, #839, .F. ) ;
#1328 = LINE ( 'NONE', #3078, #627 ) ;
#1329 = LINE ( 'NONE', #2292, #2529 ) ;
#1330 = LINE ( 'NONE', #3109, #662 ) ;
#1331 = CLOSED_SHELL ( 'NONE', ( #1784, #1218, #450, #481, #173, #962 ) ) ;
#1332 =( NAMED_UNIT ( * ) PLANE_ANGLE_UNIT ( ) SI_UNIT ( $, .RADIAN. ) );
#1333 = LINE ( 'NONE', #102, #2914 ) ;
#1334 = LINE ( 'NONE', #2335, #90 ) ;
#1335 = EDGE_LOOP ( 'NONE', ( #2955, #706, #189, #493 ) ) ;
#1336 = CARTESIAN_POINT ( 'NONE',  ( -0.9999999999999997780, 0.1000000000000000056, 0.3750000000000001665 ) ) ;
#1337 = COLOUR_RGB ( '',0.7921568627450980005, 0.8196078431372548767, 0.9333333333333333481 ) ;
#1338 = VERTEX_POINT ( 'NONE', #382 ) ;
#1339 = AXIS2_PLACEMENT_3D ( 'NONE', #3097, #2854, #631 ) ;
#1340 = AXIS2_PLACEMENT_3D ( 'NONE', #2413, #179, #3134 ) ;
#1341 = EDGE_CURVE ( 'NONE', #2035, #2833, #3127, .T. ) ;
#1342 =( NAMED_UNIT ( * ) PLANE_ANGLE_UNIT ( ) SI_UNIT ( $, .RADIAN. ) );
#1343 = VECTOR ( 'NONE', #1673, 1000.000000000000000 ) ;
#1344 = ORIENTED_EDGE ( 'NONE', *, *, #98, .F. ) ;
#1345 =( GEOMETRIC_REPRESENTATION_CONTEXT ( 3 ) GLOBAL_UNCERTAINTY_ASSIGNED_CONTEXT ( ( #3025 ) ) GLOBAL_UNIT_ASSIGNED_CONTEXT ( ( #1220, #2713, #448 ) ) REPRESENTATION_CONTEXT ( 'NONE', 'WORKASPACE' ) );
#1346 = EDGE_CURVE ( 'NONE', #2591, #221, #2843, .T. ) ;
#1347 = DIRECTION ( 'NONE',  ( 0.000000000000000000, 0.000000000000000000, -1.000000000000000000 ) ) ;
#1348 = PLANE ( 'NONE',  #1146 ) ;
#1349 = FACE_OUTER_BOUND ( 'NONE', #1175, .T. ) ;
#1350 = VECTOR ( 'NONE', #30, 1000.000000000000000 ) ;
#1351 = ORIENTED_EDGE ( 'NONE', *, *, #1928, .T. ) ;
#1352 = EDGE_CURVE ( 'NONE', #2479, #1467, #2563, .T. ) ;
#1353 = VECTOR ( 'NONE', #831, 1000.000000000000000 ) ;
#1354 = ORIENTED_EDGE ( 'NONE', *, *, #3165, .T. ) ;
#1355 = FACE_OUTER_BOUND ( 'NONE', #2690, .T. ) ;
#1356 = DIRECTION ( 'NONE',  ( 1.084202172485503448E-15, -0.000000000000000000, -1.000000000000000000 ) ) ;
#1357 = FACE_OUTER_BOUND ( 'NONE', #2728, .T. ) ;
#1358 = CARTESIAN_POINT ( 'NONE',  ( -0.9999999999999997780, 0.1000000000000000056, 0.1250000000000000000 ) ) ;
#1359 = ORIENTED_EDGE ( 'NONE', *, *, #1270, .T. ) ;
#1360 = FILL_AREA_STYLE_COLOUR ( '', #1104 ) ;
#1361 = EDGE_LOOP ( 'NONE', ( #749, #1945, #1640, #2814 ) ) ;
#1362 = ADVANCED_FACE ( 'NONE', ( #3144 ), #2627, .F. ) ;
#1363 = CARTESIAN_POINT ( 'NONE',  ( -0.9999999999999997780, 0.05000000000000002359, -0.7500000000000000000 ) ) ;
#1364 = ORIENTED_EDGE ( 'NONE', *, *, #1705, .T. ) ;
#1365 = CARTESIAN_POINT ( 'NONE',  ( 0.7749999999999989120, 0.05000000000000002359, -0.6250000000000007772 ) ) ;
#1366 = AXIS2_PLACEMENT_3D ( 'NONE', #1925, #954, #1708 ) ;
#1367 = CARTESIAN_POINT ( 'NONE',  ( -0.6499999999999998002, 0.000000000000000000, -0.6249999999999998890 ) ) ;
#1368 = LINE ( 'NONE', #127, #701 ) ;
#1369 = ADVANCED_FACE ( 'NONE', ( #637 ), #2599, .F. ) ;
#1370 = PLANE ( 'NONE',  #1197 ) ;
#1371 = CARTESIAN_POINT ( 'NONE',  ( -0.1249999999999999445, 0.000000000000000000, -0.7500000000000001110 ) ) ;
#1372 = LINE ( 'NONE', #2365, #3173 ) ;
#1373 = DIRECTION ( 'NONE',  ( 1.000000000000000000, 0.000000000000000000, 0.000000000000000000 ) ) ;
#1374 = ORIENTED_EDGE ( 'NONE', *, *, #3089, .F. ) ;
#1375 = ORIENTED_EDGE ( 'NONE', *, *, #745, .F. ) ;
#1376 = CARTESIAN_POINT ( 'NONE',  ( -0.3750000000000000000, 0.1000000000000000056, 0.7500000000000000000 ) ) ;
#1377 = LINE ( 'NONE', #2565, #1817 ) ;
#1378 = CARTESIAN_POINT ( 'NONE',  ( -0.7749999999999995781, 0.000000000000000000, 0.3750000000000001665 ) ) ;
#1379 = CARTESIAN_POINT ( 'NONE',  ( 0.7749999999999991340, 0.1000000000000000056, -0.5000000000000007772 ) ) ;
#1380 = EDGE_CURVE ( 'NONE', #2960, #1915, #87, .T. ) ;
#1381 = CARTESIAN_POINT ( 'NONE',  ( 0.9999999999999993339, 0.000000000000000000, 0.3750000000000007216 ) ) ;
#1382 = LINE ( 'NONE', #389, #2191 ) ;
#1383 = DIRECTION ( 'NONE',  ( -1.000000000000000000, -0.000000000000000000, -0.000000000000000000 ) ) ;
#1384 = ORIENTED_EDGE ( 'NONE', *, *, #3165, .F. ) ;
#1385 = FILL_AREA_STYLE_COLOUR ( '', #1238 ) ;
#1386 = SURFACE_SIDE_STYLE ('',( #2130 ) ) ;
#1387 = MANIFOLD_SOLID_BREP ( 'Boss-Extrude2', #1855 ) ;
#1388 = ORIENTED_EDGE ( 'NONE', *, *, #558, .F. ) ;
#1389 = ADVANCED_FACE ( 'NONE', ( #31 ), #2879, .F. ) ;
#1390 = SURFACE_SIDE_STYLE ('',( #412 ) ) ;
#1391 = VECTOR ( 'NONE', #1518, 1000.000000000000000 ) ;
#1392 = VECTOR ( 'NONE', #2812, 1000.000000000000000 ) ;
#1393 = CARTESIAN_POINT ( 'NONE',  ( -0.9999999999999997780, 0.1000000000000000056, -0.3749999999999998890 ) ) ;
#1394 = AXIS2_PLACEMENT_3D ( 'NONE', #303, #1291, #1319 ) ;
#1395 = VECTOR ( 'NONE', #1603, 1000.000000000000000 ) ;
#1396 = FACE_OUTER_BOUND ( 'NONE', #2660, .T. ) ;
#1397 = LINE ( 'NONE', #907, #736 ) ;
#1398 = VECTOR ( 'NONE', #1031, 1000.000000000000000 ) ;
#1399 = PLANE ( 'NONE',  #308 ) ;
#1400 = PRESENTATION_LAYER_ASSIGNMENT (  '', '', ( #2139 ) ) ;
#1401 = CARTESIAN_POINT ( 'NONE',  ( -0.9999999999999997780, 0.1000000000000000056, -0.3749999999999998890 ) ) ;
#1402 = CARTESIAN_POINT ( 'NONE',  ( -0.7749999999999995781, 0.1000000000000000056, 9.486769009248163798E-17 ) ) ;
#1403 = ORIENTED_EDGE ( 'NONE', *, *, #2711, .T. ) ;
#1404 = AXIS2_PLACEMENT_3D ( 'NONE', #2216, #3214, #986 ) ;
#1405 = CARTESIAN_POINT ( 'NONE',  ( 0.9999999999999997780, 0.1000000000000000056, -0.1249999999999994033 ) ) ;
#1406 =( LENGTH_UNIT ( ) NAMED_UNIT ( * ) SI_UNIT ( .MILLI., .METRE. ) );
#1407 = EDGE_LOOP ( 'NONE', ( #1747, #2695, #1507, #2317 ) ) ;
#1408 = EDGE_CURVE ( 'NONE', #1959, #2585, #2642, .T. ) ;
#1409 = FILL_AREA_STYLE_COLOUR ( '', #991 ) ;
#1410 = ORIENTED_EDGE ( 'NONE', *, *, #3038, .T. ) ;
#1411 = DIRECTION ( 'NONE',  ( 1.000000000000000000, 0.000000000000000000, -2.780005570475652379E-17 ) ) ;
#1412 = CARTESIAN_POINT ( 'NONE',  ( 0.7749999999999989120, 0.1000000000000000056, -0.6250000000000007772 ) ) ;
#1413 = VERTEX_POINT ( 'NONE', #1039 ) ;
#1414 = ORIENTED_EDGE ( 'NONE', *, *, #1658, .T. ) ;
#1415 = CARTESIAN_POINT ( 'NONE',  ( 0.9999999999999993339, 0.1000000000000000056, -0.6250000000000009992 ) ) ;
#1416 = CARTESIAN_POINT ( 'NONE',  ( -0.3749999999999999445, 0.1000000000000000056, -0.4999999999999998890 ) ) ;
#1417 = CARTESIAN_POINT ( 'NONE',  ( -0.1249999999999999445, 0.1000000000000000056, -0.7500000000000001110 ) ) ;
#1418 = EDGE_CURVE ( 'NONE', #2725, #2300, #1689, .T. ) ;
#1419 = DIRECTION ( 'NONE',  ( 0.000000000000000000, -1.000000000000000000, 0.000000000000000000 ) ) ;
#1420 = DIRECTION ( 'NONE',  ( 0.000000000000000000, 1.000000000000000000, 0.000000000000000000 ) ) ;
#1421 = ORIENTED_EDGE ( 'NONE', *, *, #516, .F. ) ;
#1422 = EDGE_LOOP ( 'NONE', ( #1761, #2252, #1255, #2453 ) ) ;
#1423 = ORIENTED_EDGE ( 'NONE', *, *, #2876, .F. ) ;
#1424 = EDGE_CURVE ( 'NONE', #2164, #2052, #2941, .T. ) ;
#1425 = LINE ( 'NONE', #2267, #2438 ) ;
#1426 = CARTESIAN_POINT ( 'NONE',  ( -1.807003620809174632E-16, 0.05000000000000002359, 0.3750000000000002220 ) ) ;
#1427 =( NAMED_UNIT ( * ) PLANE_ANGLE_UNIT ( ) SI_UNIT ( $, .RADIAN. ) );
#1428 = CARTESIAN_POINT ( 'NONE',  ( 0.9999999999999993339, 0.1000000000000000056, -0.3750000000000009437 ) ) ;
#1429 = FACE_OUTER_BOUND ( 'NONE', #3122, .T. ) ;
#1430 = DIRECTION ( 'NONE',  ( 0.000000000000000000, 1.000000000000000000, -0.000000000000000000 ) ) ;
#1431 = ORIENTED_EDGE ( 'NONE', *, *, #277, .F. ) ;
#1432 = FILL_AREA_STYLE ('',( #1385 ) ) ;
#1433 = CARTESIAN_POINT ( 'NONE',  ( 0.9999999999999993339, 0.1000000000000000056, 0.6250000000000007772 ) ) ;
#1434 = ORIENTED_EDGE ( 'NONE', *, *, #3042, .T. ) ;
#1435 = MANIFOLD_SOLID_BREP ( 'Boss-Extrude4[7]', #1971 ) ;
#1436 = ORIENTED_EDGE ( 'NONE', *, *, #740, .T. ) ;
#1437 = DIRECTION ( 'NONE',  ( 0.000000000000000000, -0.000000000000000000, 1.000000000000000000 ) ) ;
#1438 = EDGE_CURVE ( 'NONE', #3128, #658, #96, .T. ) ;
#1439 = ORIENTED_EDGE ( 'NONE', *, *, #1139, .T. ) ;
#1440 = AXIS2_PLACEMENT_3D ( 'NONE', #1232, #1205, #2239 ) ;
#1441 = EDGE_CURVE ( 'NONE', #1562, #205, #3178, .T. ) ;
#1442 = DIRECTION ( 'NONE',  ( 0.000000000000000000, 0.000000000000000000, 1.000000000000000000 ) ) ;
#1443 = AXIS2_PLACEMENT_3D ( 'NONE', #1788, #1772, #769 ) ;
#1444 = EDGE_LOOP ( 'NONE', ( #1544, #1580, #3052, #1751 ) ) ;
#1445 = EDGE_CURVE ( 'NONE', #1857, #300, #2716, .T. ) ;
#1446 = AXIS2_PLACEMENT_3D ( 'NONE', #354, #1798, #322 ) ;
#1447 = CARTESIAN_POINT ( 'NONE',  ( -0.7749999999999994671, 0.000000000000000000, -0.1250000000000000000 ) ) ;
#1448 = LINE ( 'NONE', #215, #1876 ) ;
#1449 = DIRECTION ( 'NONE',  ( 0.000000000000000000, 1.000000000000000000, -0.000000000000000000 ) ) ;
#1450 = VECTOR ( 'NONE', #1805, 1000.000000000000000 ) ;
#1451 = ORIENTED_EDGE ( 'NONE', *, *, #1804, .F. ) ;
#1452 = ORIENTED_EDGE ( 'NONE', *, *, #703, .T. ) ;
#1453 = EDGE_CURVE ( 'NONE', #499, #1231, #1671, .T. ) ;
#1454 = ORIENTED_EDGE ( 'NONE', *, *, #29, .F. ) ;
#1455 = VECTOR ( 'NONE', #403, 1000.000000000000000 ) ;
#1456 = ORIENTED_EDGE ( 'NONE', *, *, #1310, .T. ) ;
#1457 = ORIENTED_EDGE ( 'NONE', *, *, #1618, .T. ) ;
#1458 = ORIENTED_EDGE ( 'NONE', *, *, #876, .T. ) ;
#1459 = EDGE_CURVE ( 'NONE', #1802, #1072, #1719, .T. ) ;
#1460 = DIRECTION ( 'NONE',  ( -4.818676322157796389E-16, 0.000000000000000000, -1.000000000000000000 ) ) ;
#1461 = CARTESIAN_POINT ( 'NONE',  ( -0.3749999999999997780, 0.1000000000000000056, 0.07499999999999990008 ) ) ;
#1462 = DIRECTION ( 'NONE',  ( 0.000000000000000000, 0.000000000000000000, -1.000000000000000000 ) ) ;
#1463 = FACE_OUTER_BOUND ( 'NONE', #741, .T. ) ;
#1464 = EDGE_CURVE ( 'NONE', #1286, #1634, #1425, .T. ) ;
#1465 = ORIENTED_EDGE ( 'NONE', *, *, #993, .F. ) ;
#1466 = ORIENTED_EDGE ( 'NONE', *, *, #3141, .F. ) ;
#1467 = VERTEX_POINT ( 'NONE', #183 ) ;
#1468 = LINE ( 'NONE', #1956, #2860 ) ;
#1469 = AXIS2_PLACEMENT_3D ( 'NONE', #1827, #642, #1621 ) ;
#1470 = ORIENTED_EDGE ( 'NONE', *, *, #927, .F. ) ;
#1471 = EDGE_LOOP ( 'NONE', ( #719, #2380, #2972, #2787 ) ) ;
#1472 = DIRECTION ( 'NONE',  ( 0.000000000000000000, 1.000000000000000000, 0.000000000000000000 ) ) ;
#1473 = CARTESIAN_POINT ( 'NONE',  ( 0.000000000000000000, 0.05000000000000002359, 0.3750000000000001665 ) ) ;
#1474 = CARTESIAN_POINT ( 'NONE',  ( -0.7999999999999998224, 0.9799999999999999822, -0.6250000000000000000 ) ) ;
#1475 = CARTESIAN_POINT ( 'NONE',  ( -0.7749999999999995781, 0.1000000000000000056, 9.486769009248163798E-17 ) ) ;
#1476 = CARTESIAN_POINT ( 'NONE',  ( -0.9999999999999997780, 0.1000000000000000056, 0.6250000000000001110 ) ) ;
#1477 = ADVANCED_FACE ( 'NONE', ( #2679 ), #952, .T. ) ;
#1478 = ORIENTED_EDGE ( 'NONE', *, *, #1164, .F. ) ;
#1479 = EDGE_CURVE ( 'NONE', #1177, #912, #2436, .T. ) ;
#1480 =( NAMED_UNIT ( * ) PLANE_ANGLE_UNIT ( ) SI_UNIT ( $, .RADIAN. ) );
#1481 = DIRECTION ( 'NONE',  ( 1.000000000000000000, 0.000000000000000000, 0.000000000000000000 ) ) ;
#1482 = EDGE_LOOP ( 'NONE', ( #1274, #351, #2720, #1912 ) ) ;
#1483 = CARTESIAN_POINT ( 'NONE',  ( 0.1249999999999998612, 0.1000000000000000056, 0.2250000000000000056 ) ) ;
#1484 = VERTEX_POINT ( 'NONE', #3198 ) ;
#1485 = ADVANCED_FACE ( 'NONE', ( #1357 ), #1056, .F. ) ;
#1486 = DIRECTION ( 'NONE',  ( -7.228014483236683736E-16, 0.000000000000000000, 1.000000000000000000 ) ) ;
#1487 = ORIENTED_EDGE ( 'NONE', *, *, #967, .T. ) ;
#1488 = AXIS2_PLACEMENT_3D ( 'NONE', #620, #608, #1617 ) ;
#1489 = AXIS2_PLACEMENT_3D ( 'NONE', #676, #1586, #3166 ) ;
#1490 = DIRECTION ( 'NONE',  ( 1.000000000000000000, -0.000000000000000000, -4.818676322157796389E-16 ) ) ;
#1491 = CARTESIAN_POINT ( 'NONE',  ( -0.9999999999999997780, 0.1000000000000000056, -0.1250000000000000000 ) ) ;
#1492 = DIRECTION ( 'NONE',  ( 0.000000000000000000, -0.000000000000000000, -1.000000000000000000 ) ) ;
#1493 = VECTOR ( 'NONE', #2166, 1000.000000000000000 ) ;
#1494 = VERTEX_POINT ( 'NONE', #614 ) ;
#1495 = VECTOR ( 'NONE', #2792, 1000.000000000000000 ) ;
#1496 = CARTESIAN_POINT ( 'NONE',  ( 0.1249999999999998612, 0.05000000000000002359, -3.475006963094561622E-18 ) ) ;
#1497 = VECTOR ( 'NONE', #1610, 1000.000000000000000 ) ;
#1498 = LINE ( 'NONE', #2538, #2652 ) ;
#1499 = VERTEX_POINT ( 'NONE', #2051 ) ;
#1500 = AXIS2_PLACEMENT_3D ( 'NONE', #1524, #2794, #331 ) ;
#1501 = CARTESIAN_POINT ( 'NONE',  ( -0.9999999999999997780, 0.1000000000000000056, -0.1250000000000000000 ) ) ;
#1502 = COLOUR_RGB ( '',0.7921568627450980005, 0.8196078431372548767, 0.9333333333333333481 ) ;
#1503 = EDGE_CURVE ( 'NONE', #1119, #1009, #2557, .T. ) ;
#1504 = ORIENTED_EDGE ( 'NONE', *, *, #1700, .T. ) ;
#1505 = AXIS2_PLACEMENT_3D ( 'NONE', #1030, #282, #548 ) ;
#1506 = DIRECTION ( 'NONE',  ( -1.000000000000000000, -0.000000000000000000, -0.000000000000000000 ) ) ;
#1507 = ORIENTED_EDGE ( 'NONE', *, *, #1847, .F. ) ;
#1508 = DIRECTION ( 'NONE',  ( 0.000000000000000000, -0.000000000000000000, 1.000000000000000000 ) ) ;
#1509 = CARTESIAN_POINT ( 'NONE',  ( 0.9999999999999997780, 0.1000000000000000056, -0.1249999999999994033 ) ) ;
#1510 = LINE ( 'NONE', #2000, #842 ) ;
#1511 = FILL_AREA_STYLE ('',( #2985 ) ) ;
#1512 = PLANE ( 'NONE',  #899 ) ;
#1513 = ORIENTED_EDGE ( 'NONE', *, *, #522, .T. ) ;
#1514 = ORIENTED_EDGE ( 'NONE', *, *, #1438, .F. ) ;
#1515 = VECTOR ( 'NONE', #1149, 1000.000000000000000 ) ;
#1516 = FACE_OUTER_BOUND ( 'NONE', #2825, .T. ) ;
#1517 = EDGE_CURVE ( 'NONE', #197, #809, #1086, .T. ) ;
#1518 = DIRECTION ( 'NONE',  ( 0.000000000000000000, 0.000000000000000000, 1.000000000000000000 ) ) ;
#1519 = UNCERTAINTY_MEASURE_WITH_UNIT (LENGTH_MEASURE( 1.000000000000000082E-05 ), #2367, 'distance_accuracy_value', 'NONE');
#1520 = EDGE_CURVE ( 'NONE', #1972, #3221, #2959, .T. ) ;
#1521 = ORIENTED_EDGE ( 'NONE', *, *, #156, .F. ) ;
#1522 = CARTESIAN_POINT ( 'NONE',  ( -0.3750000000000000000, 0.1000000000000000056, -0.7500000000000001110 ) ) ;
#1523 = CARTESIAN_POINT ( 'NONE',  ( -0.1249999999999999722, 0.1000000000000000056, 0.7500000000000000000 ) ) ;
#1524 = CARTESIAN_POINT ( 'NONE',  ( 0.3750000000000001110, 0.1000000000000000056, 0.2249999999999999500 ) ) ;
#1525 = VERTEX_POINT ( 'NONE', #3085 ) ;
#1526 = ORIENTED_EDGE ( 'NONE', *, *, #311, .T. ) ;
#1527 = ORIENTED_EDGE ( 'NONE', *, *, #918, .T. ) ;
#1528 = DIRECTION ( 'NONE',  ( 0.000000000000000000, -1.000000000000000000, 0.000000000000000000 ) ) ;
#1529 = DIRECTION ( 'NONE',  ( 0.000000000000000000, -1.000000000000000000, 0.000000000000000000 ) ) ;
#1530 = DIRECTION ( 'NONE',  ( -0.000000000000000000, -1.000000000000000000, -0.000000000000000000 ) ) ;
#1531 = EDGE_CURVE ( 'NONE', #2264, #2288, #2279, .T. ) ;
#1532 = LINE ( 'NONE', #2254, #2528 ) ;
#1533 = CLOSED_SHELL ( 'NONE', ( #2262, #5, #2069, #495, #2382, #675, #1823, #453, #2998, #2478, #2054, #242, #2402, #796, #487, #2898, #1057, #507, #3132, #2739, #2411, #1690, #829, #1952, #2397, #1285, #1325, #2517, #1929, #2632, #186, #2633, #1321, #2942, #114, #1073, #1687, #2497, #2619, #365, #1316, #1983, #1576, #1645, #1889, #1090, #1742 ) ) ;
#1534 = CARTESIAN_POINT ( 'NONE',  ( -0.9999999999999997780, 0.05000000000000002359, -0.7500000000000000000 ) ) ;
#1535 = DIRECTION ( 'NONE',  ( 0.000000000000000000, 1.000000000000000000, 0.000000000000000000 ) ) ;
#1536 = STYLED_ITEM ( 'NONE', ( #650 ), #289 ) ;
#1537 = LINE ( 'NONE', #2532, #1201 ) ;
#1538 =( GEOMETRIC_REPRESENTATION_CONTEXT ( 3 ) GLOBAL_UNCERTAINTY_ASSIGNED_CONTEXT ( ( #188 ) ) GLOBAL_UNIT_ASSIGNED_CONTEXT ( ( #2760, #1480, #2475 ) ) REPRESENTATION_CONTEXT ( 'NONE', 'WORKASPACE' ) );
#1539 = DIRECTION ( 'NONE',  ( 2.780005570475652379E-17, -0.000000000000000000, 1.000000000000000000 ) ) ;
#1540 = CARTESIAN_POINT ( 'NONE',  ( -0.9999999999999997780, 0.1000000000000000056, 0.1250000000000000000 ) ) ;
#1541 = VECTOR ( 'NONE', #1566, 1000.000000000000000 ) ;
#1542 = AXIS2_PLACEMENT_3D ( 'NONE', #1826, #2549, #1508 ) ;
#1543 = EDGE_CURVE ( 'NONE', #711, #1556, #567, .T. ) ;
#1544 = ORIENTED_EDGE ( 'NONE', *, *, #1275, .F. ) ;
#1545 = CIRCLE ( 'NONE', #1868, 0.1249999999999998196 ) ;
#1546 = ORIENTED_EDGE ( 'NONE', *, *, #1517, .T. ) ;
#1547 = DIRECTION ( 'NONE',  ( 0.000000000000000000, 0.000000000000000000, 1.000000000000000000 ) ) ;
#1548 = VECTOR ( 'NONE', #270, 1000.000000000000000 ) ;
#1549 = CARTESIAN_POINT ( 'NONE',  ( -0.1250000000000001665, 0.000000000000000000, 0.07499999999999981681 ) ) ;
#1550 = VECTOR ( 'NONE', #2427, 1000.000000000000000 ) ;
#1551 = ORIENTED_EDGE ( 'NONE', *, *, #2837, .T. ) ;
#1552 = CARTESIAN_POINT ( 'NONE',  ( 1.000000000000000222, 0.05000000000000002359, 0.7500000000000000000 ) ) ;
#1553 = FACE_OUTER_BOUND ( 'NONE', #1444, .T. ) ;
#1554 = LINE ( 'NONE', #2531, #378 ) ;
#1555 = DIRECTION ( 'NONE',  ( 0.000000000000000000, 1.000000000000000000, 0.000000000000000000 ) ) ;
#1556 = VERTEX_POINT ( 'NONE', #1540 ) ;
#1557 = VERTEX_POINT ( 'NONE', #850 ) ;
#1558 = EDGE_CURVE ( 'NONE', #2583, #663, #3069, .T. ) ;
#1559 = CARTESIAN_POINT ( 'NONE',  ( -0.9999999999999997780, 1.000000000000000000, -0.7500000000000000000 ) ) ;
#1560 = CARTESIAN_POINT ( 'NONE',  ( -0.6499999999999998002, 0.1000000000000000056, -0.5249999999999999112 ) ) ;
#1561 = DIRECTION ( 'NONE',  ( 1.000000000000000000, 0.000000000000000000, 0.000000000000000000 ) ) ;
#1562 = VERTEX_POINT ( 'NONE', #373 ) ;
#1563 = LINE ( 'NONE', #1309, #894 ) ;
#1564 = ORIENTED_EDGE ( 'NONE', *, *, #2344, .F. ) ;
#1565 = ORIENTED_EDGE ( 'NONE', *, *, #217, .F. ) ;
#1566 = DIRECTION ( 'NONE',  ( 0.000000000000000000, 1.000000000000000000, 0.000000000000000000 ) ) ;
#1567 = DIRECTION ( 'NONE',  ( 0.000000000000000000, 1.000000000000000000, 0.000000000000000000 ) ) ;
#1568 = CARTESIAN_POINT ( 'NONE',  ( -0.1249999999999999722, 0.1000000000000000056, 0.7500000000000000000 ) ) ;
#1569 = DIRECTION ( 'NONE',  ( -0.000000000000000000, -1.000000000000000000, -0.000000000000000000 ) ) ;
#1570 = ORIENTED_EDGE ( 'NONE', *, *, #1885, .F. ) ;
#1571 = DIRECTION ( 'NONE',  ( 0.000000000000000000, 0.000000000000000000, 1.000000000000000000 ) ) ;
#1572 = DIRECTION ( 'NONE',  ( 1.000000000000000000, 0.000000000000000000, 0.000000000000000000 ) ) ;
#1573 = DIRECTION ( 'NONE',  ( 0.000000000000000000, 0.000000000000000000, 1.000000000000000000 ) ) ;
#1574 = EDGE_CURVE ( 'NONE', #984, #2329, #1334, .T. ) ;
#1575 = DIRECTION ( 'NONE',  ( -0.000000000000000000, -1.000000000000000000, -0.000000000000000000 ) ) ;
#1576 = ADVANCED_FACE ( 'NONE', ( #2298 ), #1123, .T. ) ;
#1577 = PLANE ( 'NONE',  #2704 ) ;
#1578 = CARTESIAN_POINT ( 'NONE',  ( 0.9999999999999993339, 0.1000000000000000056, 0.6250000000000007772 ) ) ;
#1579 = ADVANCED_FACE ( 'NONE', ( #2539 ), #799, .T. ) ;
#1580 = ORIENTED_EDGE ( 'NONE', *, *, #876, .F. ) ;
#1581 = LINE ( 'NONE', #1602, #1450 ) ;
#1582 = DIRECTION ( 'NONE',  ( -2.810894521258714231E-16, 0.000000000000000000, -1.000000000000000000 ) ) ;
#1583 = CARTESIAN_POINT ( 'NONE',  ( 0.7749999999999994671, 0.1000000000000000056, -0.1249999999999995698 ) ) ;
#1584 = CIRCLE ( 'NONE', #2322, 0.1249999999999998890 ) ;
#1585 = VERTEX_POINT ( 'NONE', #1560 ) ;
#1586 = DIRECTION ( 'NONE',  ( 0.000000000000000000, -1.000000000000000000, 0.000000000000000000 ) ) ;
#1587 = CARTESIAN_POINT ( 'NONE',  ( 0.1249999999999998612, 0.000000000000000000, 0.2250000000000000056 ) ) ;
#1588 = CARTESIAN_POINT ( 'NONE',  ( -0.3750000000000000000, 0.1000000000000000056, -0.7500000000000001110 ) ) ;
#1589 = EDGE_LOOP ( 'NONE', ( #867, #508, #66, #1262 ) ) ;
#1590 = EDGE_CURVE ( 'NONE', #2165, #1857, #2774, .T. ) ;
#1591 =( GEOMETRIC_REPRESENTATION_CONTEXT ( 3 ) GLOBAL_UNCERTAINTY_ASSIGNED_CONTEXT ( ( #2503 ) ) GLOBAL_UNIT_ASSIGNED_CONTEXT ( ( #1596, #1342, #2421 ) ) REPRESENTATION_CONTEXT ( 'NONE', 'WORKASPACE' ) );
#1592 = CARTESIAN_POINT ( 'NONE',  ( -0.7999999999999998224, 0.9799999999999999822, -0.4749999999999999778 ) ) ;
#1593 = ORIENTED_EDGE ( 'NONE', *, *, #332, .T. ) ;
#1594 = VECTOR ( 'NONE', #2426, 1000.000000000000000 ) ;
#1595 = ADVANCED_FACE ( 'NONE', ( #65 ), #587, .F. ) ;
#1596 =( LENGTH_UNIT ( ) NAMED_UNIT ( * ) SI_UNIT ( .MILLI., .METRE. ) );
#1597 = AXIS2_PLACEMENT_3D ( 'NONE', #2780, #1809, #580 ) ;
#1598 = AXIS2_PLACEMENT_3D ( 'NONE', #3149, #3079, #385 ) ;
#1599 = ORIENTED_EDGE ( 'NONE', *, *, #3197, .T. ) ;
#1600 =( GEOMETRIC_REPRESENTATION_CONTEXT ( 3 ) GLOBAL_UNCERTAINTY_ASSIGNED_CONTEXT ( ( #2056 ) ) GLOBAL_UNIT_ASSIGNED_CONTEXT ( ( #1406, #123, #2163 ) ) REPRESENTATION_CONTEXT ( 'NONE', 'WORKASPACE' ) );
#1601 = FACE_OUTER_BOUND ( 'NONE', #23, .T. ) ;
#1602 = CARTESIAN_POINT ( 'NONE',  ( -0.9999999999999997780, 0.05000000000000002359, 0.7500000000000000000 ) ) ;
#1603 = DIRECTION ( 'NONE',  ( -0.000000000000000000, -1.000000000000000000, -0.000000000000000000 ) ) ;
#1604 = CARTESIAN_POINT ( 'NONE',  ( 0.1249999999999998335, 0.1000000000000000056, -0.7500000000000000000 ) ) ;
#1605 = AXIS2_PLACEMENT_3D ( 'NONE', #1970, #1731, #1481 ) ;
#1606 = CIRCLE ( 'NONE', #2042, 0.07500000000000003886 ) ;
#1607 = ORIENTED_EDGE ( 'NONE', *, *, #81, .T. ) ;
#1608 = DIRECTION ( 'NONE',  ( -3.892007798665913454E-16, 0.000000000000000000, -1.000000000000000000 ) ) ;
#1609 = DIRECTION ( 'NONE',  ( 0.000000000000000000, -1.000000000000000000, 0.000000000000000000 ) ) ;
#1610 = DIRECTION ( 'NONE',  ( 0.000000000000000000, -1.000000000000000000, 0.000000000000000000 ) ) ;
#1611 = ORIENTED_EDGE ( 'NONE', *, *, #2194, .F. ) ;
#1612 = ORIENTED_EDGE ( 'NONE', *, *, #2514, .F. ) ;
#1613 = ORIENTED_EDGE ( 'NONE', *, *, #2028, .F. ) ;
#1614 = DIRECTION ( 'NONE',  ( -0.000000000000000000, -1.000000000000000000, -0.000000000000000000 ) ) ;
#1615 = SURFACE_STYLE_FILL_AREA ( #636 ) ;
#1616 = EDGE_CURVE ( 'NONE', #1231, #2020, #1920, .T. ) ;
#1617 = DIRECTION ( 'NONE',  ( 1.000000000000000000, 0.000000000000000000, 4.818676322157796389E-16 ) ) ;
#1618 = EDGE_CURVE ( 'NONE', #3124, #1021, #79, .T. ) ;
#1619 = CARTESIAN_POINT ( 'NONE',  ( -0.6499999999999998002, 0.1000000000000000056, -0.5249999999999999112 ) ) ;
#1620 = DIRECTION ( 'NONE',  ( -1.000000000000000000, -0.000000000000000000, -0.000000000000000000 ) ) ;
#1621 = DIRECTION ( 'NONE',  ( 0.000000000000000000, 0.000000000000000000, -1.000000000000000000 ) ) ;
#1622 = EDGE_CURVE ( 'NONE', #768, #801, #2284, .T. ) ;
#1623 = LINE ( 'NONE', #1930, #2957 ) ;
#1624 = LINE ( 'NONE', #1643, #2396 ) ;
#1625 = DIRECTION ( 'NONE',  ( 0.000000000000000000, 0.000000000000000000, -1.000000000000000000 ) ) ;
#1626 = CARTESIAN_POINT ( 'NONE',  ( -0.7999999999999998224, 1.000000000000000000, -0.6250000000000000000 ) ) ;
#1627 = EDGE_CURVE ( 'NONE', #3099, #433, #2803, .T. ) ;
#1628 = VERTEX_POINT ( 'NONE', #2836 ) ;
#1629 = ORIENTED_EDGE ( 'NONE', *, *, #2244, .T. ) ;
#1630 = DIRECTION ( 'NONE',  ( 0.000000000000000000, -0.000000000000000000, -1.000000000000000000 ) ) ;
#1631 =( NAMED_UNIT ( * ) PLANE_ANGLE_UNIT ( ) SI_UNIT ( $, .RADIAN. ) );
#1632 = ORIENTED_EDGE ( 'NONE', *, *, #2936, .T. ) ;
#1633 = EDGE_LOOP ( 'NONE', ( #2002, #1564, #2098, #1976 ) ) ;
#1634 = VERTEX_POINT ( 'NONE', #442 ) ;
#1635 = CARTESIAN_POINT ( 'NONE',  ( 1.000000000000000222, 0.05000000000000002359, 0.7500000000000000000 ) ) ;
#1636 = EDGE_CURVE ( 'NONE', #2496, #1467, #2886, .T. ) ;
#1637 = CARTESIAN_POINT ( 'NONE',  ( -0.9999999999999997780, 0.1000000000000000056, 0.6250000000000001110 ) ) ;
#1638 = DIRECTION ( 'NONE',  ( -0.000000000000000000, -1.000000000000000000, -0.000000000000000000 ) ) ;
#1639 = DIRECTION ( 'NONE',  ( 0.000000000000000000, 0.000000000000000000, -1.000000000000000000 ) ) ;
#1640 = ORIENTED_EDGE ( 'NONE', *, *, #196, .F. ) ;
#1641 = AXIS2_PLACEMENT_3D ( 'NONE', #1103, #857, #2119 ) ;
#1642 = DIRECTION ( 'NONE',  ( 0.000000000000000000, 0.000000000000000000, 1.000000000000000000 ) ) ;
#1643 = CARTESIAN_POINT ( 'NONE',  ( -0.1249999999999999445, 0.1000000000000000056, -0.7500000000000001110 ) ) ;
#1644 = DIRECTION ( 'NONE',  ( -1.000000000000000000, -0.000000000000000000, -0.000000000000000000 ) ) ;
#1645 = ADVANCED_FACE ( 'NONE', ( #896 ), #2415, .F. ) ;
#1646 = ORIENTED_EDGE ( 'NONE', *, *, #1178, .F. ) ;
#1647 = EDGE_LOOP ( 'NONE', ( #977, #2181, #1042, #3199 ) ) ;
#1648 =( GEOMETRIC_REPRESENTATION_CONTEXT ( 3 ) GLOBAL_UNCERTAINTY_ASSIGNED_CONTEXT ( ( #1519 ) ) GLOBAL_UNIT_ASSIGNED_CONTEXT ( ( #2367, #3121, #3207 ) ) REPRESENTATION_CONTEXT ( 'NONE', 'WORKASPACE' ) );
#1649 = ORIENTED_EDGE ( 'NONE', *, *, #2706, .F. ) ;
#1650 = VECTOR ( 'NONE', #2016, 1000.000000000000114 ) ;
#1651 = DIRECTION ( 'NONE',  ( -0.000000000000000000, -0.000000000000000000, 1.000000000000000000 ) ) ;
#1652 = VECTOR ( 'NONE', #2187, 1000.000000000000000 ) ;
#1653 = VECTOR ( 'NONE', #2778, 1000.000000000000000 ) ;
#1654 = ORIENTED_EDGE ( 'NONE', *, *, #657, .T. ) ;
#1655 = AXIS2_PLACEMENT_3D ( 'NONE', #978, #931, #1277 ) ;
#1656 = LINE ( 'NONE', #2650, #1714 ) ;
#1657 = FACE_OUTER_BOUND ( 'NONE', #3154, .T. ) ;
#1658 = EDGE_CURVE ( 'NONE', #449, #3128, #2897, .T. ) ;
#1659 = CIRCLE ( 'NONE', #1296, 0.1250000000000001110 ) ;
#1660 = CYLINDRICAL_SURFACE ( 'NONE', #1245, 0.1250000000000000000 ) ;
#1661 = CIRCLE ( 'NONE', #2238, 0.1250000000000000000 ) ;
#1662 = CARTESIAN_POINT ( 'NONE',  ( 0.9999999999999993339, 0.1000000000000000056, 0.3750000000000007216 ) ) ;
#1663 = CARTESIAN_POINT ( 'NONE',  ( -0.2500000000000000000, 0.05000000000000002359, 0.07499999999999976130 ) ) ;
#1664 = VERTEX_POINT ( 'NONE', #3136 ) ;
#1665 = AXIS2_PLACEMENT_3D ( 'NONE', #287, #1528, #2017 ) ;
#1666 = EDGE_CURVE ( 'NONE', #2288, #3209, #646, .T. ) ;
#1667 = DIRECTION ( 'NONE',  ( 0.000000000000000000, -0.000000000000000000, 1.000000000000000000 ) ) ;
#1668 = ORIENTED_EDGE ( 'NONE', *, *, #846, .F. ) ;
#1669 = ORIENTED_EDGE ( 'NONE', *, *, #2071, .F. ) ;
#1670 = EDGE_CURVE ( 'NONE', #1915, #1857, #1545, .T. ) ;
#1671 = LINE ( 'NONE', #1975, #573 ) ;
#1672 = CARTESIAN_POINT ( 'NONE',  ( 0.9999999999999993339, 0.000000000000000000, 0.6250000000000007772 ) ) ;
#1673 = DIRECTION ( 'NONE',  ( 0.000000000000000000, -1.000000000000000000, 0.000000000000000000 ) ) ;
#1674 = DIRECTION ( 'NONE',  ( -1.000000000000000000, 0.000000000000000000, 0.000000000000000000 ) ) ;
#1675 =( LENGTH_UNIT ( ) NAMED_UNIT ( * ) SI_UNIT ( .MILLI., .METRE. ) );
#1676 = ORIENTED_EDGE ( 'NONE', *, *, #943, .T. ) ;
#1677 = ORIENTED_EDGE ( 'NONE', *, *, #1893, .T. ) ;
#1678 = CARTESIAN_POINT ( 'NONE',  ( 0.7749999999999994671, 0.1000000000000000056, 0.1250000000000004441 ) ) ;
#1679 = CARTESIAN_POINT ( 'NONE',  ( -0.3750000000000000000, 0.1000000000000000056, 0.7500000000000000000 ) ) ;
#1680 = DIRECTION ( 'NONE',  ( 1.000000000000000000, 0.000000000000000000, 9.637352644315584889E-16 ) ) ;
#1681 = ORIENTED_EDGE ( 'NONE', *, *, #1835, .F. ) ;
#1682 = ORIENTED_EDGE ( 'NONE', *, *, #2220, .F. ) ;
#1683 = ADVANCED_FACE ( 'NONE', ( #874 ), #697, .T. ) ;
#1684 = LINE ( 'NONE', #2430, #833 ) ;
#1685 = LINE ( 'NONE', #1188, #483 ) ;
#1686 = ORIENTED_EDGE ( 'NONE', *, *, #311, .F. ) ;
#1687 = ADVANCED_FACE ( 'NONE', ( #133 ), #422, .F. ) ;
#1688 = ORIENTED_EDGE ( 'NONE', *, *, #2067, .F. ) ;
#1689 = LINE ( 'NONE', #2908, #2388 ) ;
#1690 = ADVANCED_FACE ( 'NONE', ( #1184 ), #1911, .T. ) ;
#1691 = CARTESIAN_POINT ( 'NONE',  ( 0.9999999999999997780, 0.1000000000000000056, -0.1249999999999994033 ) ) ;
#1692 = EDGE_CURVE ( 'NONE', #3012, #1696, #181, .T. ) ;
#1693 = CARTESIAN_POINT ( 'NONE',  ( -0.6499999999999998002, 0.05000000000000002359, -0.000000000000000000 ) ) ;
#1694 = DIRECTION ( 'NONE',  ( 0.000000000000000000, 1.000000000000000000, -0.000000000000000000 ) ) ;
#1695 = DIRECTION ( 'NONE',  ( 1.084202172485503448E-15, 0.000000000000000000, -1.000000000000000000 ) ) ;
#1696 = VERTEX_POINT ( 'NONE', #3116 ) ;
#1697 = DIRECTION ( 'NONE',  ( -1.000000000000000000, 0.000000000000000000, -0.000000000000000000 ) ) ;
#1698 = DIRECTION ( 'NONE',  ( 0.000000000000000000, -0.000000000000000000, 1.000000000000000000 ) ) ;
#1699 = ORIENTED_EDGE ( 'NONE', *, *, #236, .F. ) ;
#1700 = EDGE_CURVE ( 'NONE', #235, #2479, #1861, .T. ) ;
#1701 = ORIENTED_EDGE ( 'NONE', *, *, #2977, .T. ) ;
#1702 = VECTOR ( 'NONE', #1614, 1000.000000000000000 ) ;
#1703 = CARTESIAN_POINT ( 'NONE',  ( -0.9999999999999997780, 0.05000000000000002359, 0.7500000000000000000 ) ) ;
#1704 = ORIENTED_EDGE ( 'NONE', *, *, #196, .T. ) ;
#1705 = EDGE_CURVE ( 'NONE', #966, #1010, #3117, .T. ) ;
#1706 = CARTESIAN_POINT ( 'NONE',  ( -0.3749999999999999445, 0.1000000000000000056, -0.4999999999999998890 ) ) ;
#1707 = CIRCLE ( 'NONE', #731, 0.1250000000000000000 ) ;
#1708 = DIRECTION ( 'NONE',  ( 1.000000000000000000, 0.000000000000000000, 0.000000000000000000 ) ) ;
#1709 = AXIS2_PLACEMENT_3D ( 'NONE', #942, #2636, #1155 ) ;
#1710 = AXIS2_PLACEMENT_3D ( 'NONE', #2141, #2893, #140 ) ;
#1711 = CARTESIAN_POINT ( 'NONE',  ( -0.7749999999999995781, 0.000000000000000000, 9.486769009248163798E-17 ) ) ;
#1712 = CARTESIAN_POINT ( 'NONE',  ( -6.023345402697234146E-16, 0.05000000000000002359, -0.6250000000000000000 ) ) ;
#1713 = DIRECTION ( 'NONE',  ( 0.000000000000000000, 1.000000000000000000, 0.000000000000000000 ) ) ;
#1714 = VECTOR ( 'NONE', #1733, 1000.000000000000000 ) ;
#1715 = ORIENTED_EDGE ( 'NONE', *, *, #917, .T. ) ;
#1716 = CARTESIAN_POINT ( 'NONE',  ( -0.9999999999999997780, 0.1000000000000000056, -0.6249999999999998890 ) ) ;
#1717 = CIRCLE ( 'NONE', #998, 0.07500000000000003886 ) ;
#1718 = ORIENTED_EDGE ( 'NONE', *, *, #2281, .T. ) ;
#1719 = LINE ( 'NONE', #2511, #1196 ) ;
#1720 = VERTEX_POINT ( 'NONE', #2428 ) ;
#1721 = DIRECTION ( 'NONE',  ( 0.000000000000000000, -1.000000000000000000, 0.000000000000000000 ) ) ;
#1722 = PRESENTATION_STYLE_ASSIGNMENT (( #3201 ) ) ;
#1723 = EDGE_CURVE ( 'NONE', #1413, #2374, #2486, .T. ) ;
#1724 = ORIENTED_EDGE ( 'NONE', *, *, #2699, .F. ) ;
#1725 = PLANE ( 'NONE',  #571 ) ;
#1726 = DIRECTION ( 'NONE',  ( 0.000000000000000000, 0.000000000000000000, 1.000000000000000000 ) ) ;
#1727 = LINE ( 'NONE', #2235, #2909 ) ;
#1728 = ORIENTED_EDGE ( 'NONE', *, *, #2544, .F. ) ;
#1729 = ORIENTED_EDGE ( 'NONE', *, *, #1893, .F. ) ;
#1730 = DIRECTION ( 'NONE',  ( -0.000000000000000000, -1.000000000000000000, -0.000000000000000000 ) ) ;
#1731 = DIRECTION ( 'NONE',  ( -0.000000000000000000, 0.000000000000000000, 1.000000000000000000 ) ) ;
#1732 = EDGE_CURVE ( 'NONE', #99, #3099, #2173, .T. ) ;
#1733 = DIRECTION ( 'NONE',  ( 0.000000000000000000, -1.000000000000000000, 0.000000000000000000 ) ) ;
#1734 = ORIENTED_EDGE ( 'NONE', *, *, #1124, .T. ) ;
#1735 = DIRECTION ( 'NONE',  ( 0.000000000000000000, -0.000000000000000000, 1.000000000000000000 ) ) ;
#1736 = CARTESIAN_POINT ( 'NONE',  ( -0.7749999999999994671, 0.1000000000000000056, -0.1250000000000000000 ) ) ;
#1737 = EDGE_CURVE ( 'NONE', #2189, #1119, #925, .T. ) ;
#1738 = DIRECTION ( 'NONE',  ( 0.000000000000000000, -1.000000000000000000, 0.000000000000000000 ) ) ;
#1739 = CARTESIAN_POINT ( 'NONE',  ( 0.3749999999999997224, 0.05000000000000002359, -0.7500000000000000000 ) ) ;
#1740 = FACE_OUTER_BOUND ( 'NONE', #2804, .T. ) ;
#1741 = ORIENTED_EDGE ( 'NONE', *, *, #2552, .T. ) ;
#1742 = ADVANCED_FACE ( 'NONE', ( #1200 ), #2378, .F. ) ;
#1743 = DIRECTION ( 'NONE',  ( 0.000000000000000000, -0.000000000000000000, 1.000000000000000000 ) ) ;
#1744 = FACE_OUTER_BOUND ( 'NONE', #1989, .T. ) ;
#1745 = VECTOR ( 'NONE', #656, 1000.000000000000000 ) ;
#1746 = ORIENTED_EDGE ( 'NONE', *, *, #332, .F. ) ;
#1747 = ORIENTED_EDGE ( 'NONE', *, *, #1418, .T. ) ;
#1748 = LINE ( 'NONE', #2912, #681 ) ;
#1749 = VECTOR ( 'NONE', #1759, 1000.000000000000000 ) ;
#1750 = VERTEX_POINT ( 'NONE', #2609 ) ;
#1751 = ORIENTED_EDGE ( 'NONE', *, *, #881, .F. ) ;
#1752 = CARTESIAN_POINT ( 'NONE',  ( -0.2500000000000000000, 0.1000000000000000056, -0.05000000000000005135 ) ) ;
#1753 = UNCERTAINTY_MEASURE_WITH_UNIT (LENGTH_MEASURE( 1.000000000000000082E-05 ), #1675, 'distance_accuracy_value', 'NONE');
#1754 = AXIS2_PLACEMENT_3D ( 'NONE', #2925, #1882, #1174 ) ;
#1755 = ORIENTED_EDGE ( 'NONE', *, *, #2405, .F. ) ;
#1756 = CARTESIAN_POINT ( 'NONE',  ( -0.9999999999999997780, 0.1000000000000000056, -0.3749999999999998890 ) ) ;
#1757 = PLANE ( 'NONE',  #1505 ) ;
#1758 = DIRECTION ( 'NONE',  ( -1.000000000000000000, -0.000000000000000000, -0.000000000000000000 ) ) ;
#1759 = DIRECTION ( 'NONE',  ( 0.000000000000000000, -1.000000000000000000, 0.000000000000000000 ) ) ;
#1760 = AXIS2_PLACEMENT_3D ( 'NONE', #987, #1006, #2489 ) ;
#1761 = ORIENTED_EDGE ( 'NONE', *, *, #2194, .T. ) ;
#1762 = VECTOR ( 'NONE', #6, 1000.000000000000000 ) ;
#1763 = AXIS2_PLACEMENT_3D ( 'NONE', #1011, #1472, #2628 ) ;
#1764 = CARTESIAN_POINT ( 'NONE',  ( 0.1249999999999998612, 0.1000000000000000056, 0.2250000000000000056 ) ) ;
#1765 = EDGE_CURVE ( 'NONE', #663, #1958, #1372, .T. ) ;
#1766 = ORIENTED_EDGE ( 'NONE', *, *, #1590, .T. ) ;
#1767 = PRESENTATION_LAYER_ASSIGNMENT (  '', '', ( #1048 ) ) ;
#1768 = CARTESIAN_POINT ( 'NONE',  ( -0.9999999999999997780, 0.000000000000000000, -0.3749999999999998890 ) ) ;
#1769 = DIRECTION ( 'NONE',  ( 0.000000000000000000, -1.000000000000000000, 0.000000000000000000 ) ) ;
#1770 = VECTOR ( 'NONE', #2377, 1000.000000000000000 ) ;
#1771 = AXIS2_PLACEMENT_3D ( 'NONE', #3009, #2519, #1065 ) ;
#1772 = DIRECTION ( 'NONE',  ( 0.000000000000000000, 0.000000000000000000, -1.000000000000000000 ) ) ;
#1773 = CARTESIAN_POINT ( 'NONE',  ( -0.9999999999999997780, 0.05000000000000002359, 0.7500000000000000000 ) ) ;
#1774 = ORIENTED_EDGE ( 'NONE', *, *, #2207, .T. ) ;
#1775 = DIRECTION ( 'NONE',  ( -1.000000000000000000, -0.000000000000000000, -0.000000000000000000 ) ) ;
#1776 = CARTESIAN_POINT ( 'NONE',  ( -0.7999999999999998224, 0.9799999999999999822, -0.5500000000000000444 ) ) ;
#1777 = CARTESIAN_POINT ( 'NONE',  ( -0.7999999999999998224, 1.000000000000000000, -0.5500000000000000444 ) ) ;
#1778 = ORIENTED_EDGE ( 'NONE', *, *, #673, .T. ) ;
#1779 = EDGE_LOOP ( 'NONE', ( #2422, #554, #2451, #1780 ) ) ;
#1780 = ORIENTED_EDGE ( 'NONE', *, *, #1118, .F. ) ;
#1781 = CARTESIAN_POINT ( 'NONE',  ( 0.7749999999999989120, 0.1000000000000000056, -0.6250000000000007772 ) ) ;
#1782 = CYLINDRICAL_SURFACE ( 'NONE', #1665, 0.1250000000000001110 ) ;
#1783 = CARTESIAN_POINT ( 'NONE',  ( -0.2500000000000000555, 0.1000000000000000056, -0.4999999999999998890 ) ) ;
#1784 = ADVANCED_FACE ( 'NONE', ( #911 ), #1966, .F. ) ;
#1785 = ORIENTED_EDGE ( 'NONE', *, *, #3197, .F. ) ;
#1786 = CARTESIAN_POINT ( 'NONE',  ( -0.2500000000000000000, 0.1000000000000000056, -0.05000000000000005135 ) ) ;
#1787 = EDGE_CURVE ( 'NONE', #1009, #1884, #528, .T. ) ;
#1788 = CARTESIAN_POINT ( 'NONE',  ( -0.9999999999999997780, 0.1000000000000000056, 0.6250000000000001110 ) ) ;
#1789 = ORIENTED_EDGE ( 'NONE', *, *, #2344, .T. ) ;
#1790 = EDGE_CURVE ( 'NONE', #690, #2386, #2217, .T. ) ;
#1791 = LINE ( 'NONE', #578, #1653 ) ;
#1792 = PLANE ( 'NONE',  #3184 ) ;
#1793 = CARTESIAN_POINT ( 'NONE',  ( -0.3750000000000000000, 0.1000000000000000056, 0.7500000000000000000 ) ) ;
#1794 = ORIENTED_EDGE ( 'NONE', *, *, #3160, .T. ) ;
#1795 = EDGE_LOOP ( 'NONE', ( #2392, #1436, #3110, #1681 ) ) ;
#1796 = DIRECTION ( 'NONE',  ( -0.000000000000000000, -1.000000000000000000, -0.000000000000000000 ) ) ;
#1797 = LINE ( 'NONE', #814, #2758 ) ;
#1798 = DIRECTION ( 'NONE',  ( -1.000000000000000000, 0.000000000000000000, 0.000000000000000000 ) ) ;
#1799 = ORIENTED_EDGE ( 'NONE', *, *, #2978, .F. ) ;
#1800 = CARTESIAN_POINT ( 'NONE',  ( 0.9999999999999993339, 0.000000000000000000, -0.3750000000000009437 ) ) ;
#1801 = EDGE_CURVE ( 'NONE', #638, #3180, #1098, .T. ) ;
#1802 = VERTEX_POINT ( 'NONE', #1986 ) ;
#1803 = DIRECTION ( 'NONE',  ( 0.000000000000000000, -0.000000000000000000, -1.000000000000000000 ) ) ;
#1804 = EDGE_CURVE ( 'NONE', #1996, #2547, #1510, .T. ) ;
#1805 = DIRECTION ( 'NONE',  ( 1.000000000000000000, 0.000000000000000000, 0.000000000000000000 ) ) ;
#1806 = CARTESIAN_POINT ( 'NONE',  ( -0.9999999999999997780, 0.1000000000000000056, -0.6249999999999998890 ) ) ;
#1807 = LINE ( 'NONE', #2012, #212 ) ;
#1808 = AXIS2_PLACEMENT_3D ( 'NONE', #2113, #914, #1630 ) ;
#1809 = DIRECTION ( 'NONE',  ( -0.000000000000000000, 0.000000000000000000, 1.000000000000000000 ) ) ;
#1810 = VECTOR ( 'NONE', #1730, 1000.000000000000000 ) ;
#1811 = DIRECTION ( 'NONE',  ( 0.000000000000000000, -1.000000000000000000, 0.000000000000000000 ) ) ;
#1812 = DIRECTION ( 'NONE',  ( 0.000000000000000000, -0.000000000000000000, -1.000000000000000000 ) ) ;
#1813 = VECTOR ( 'NONE', #2102, 1000.000000000000000 ) ;
#1814 = AXIS2_PLACEMENT_3D ( 'NONE', #1226, #2471, #2445 ) ;
#1815 = EDGE_LOOP ( 'NONE', ( #715, #600, #2412, #1126 ) ) ;
#1816 = PLANE ( 'NONE',  #997 ) ;
#1817 = VECTOR ( 'NONE', #1101, 1000.000000000000000 ) ;
#1818 = VECTOR ( 'NONE', #2456, 1000.000000000000000 ) ;
#1819 = ORIENTED_EDGE ( 'NONE', *, *, #291, .T. ) ;
#1820 = ORIENTED_EDGE ( 'NONE', *, *, #2605, .F. ) ;
#1821 = DIRECTION ( 'NONE',  ( 0.000000000000000000, 0.000000000000000000, -1.000000000000000000 ) ) ;
#1822 = CIRCLE ( 'NONE', #2040, 0.1250000000000000000 ) ;
#1823 = ADVANCED_FACE ( 'NONE', ( #2508 ), #1228, .T. ) ;
#1824 = ORIENTED_EDGE ( 'NONE', *, *, #1858, .F. ) ;
#1825 = CARTESIAN_POINT ( 'NONE',  ( 0.2500000000000000000, 0.1000000000000000056, 0.2250000000000000056 ) ) ;
#1826 = CARTESIAN_POINT ( 'NONE',  ( -0.2500000000000000555, 0.1000000000000000056, -0.4999999999999998890 ) ) ;
#1827 = CARTESIAN_POINT ( 'NONE',  ( 0.7749999999999993561, 0.05000000000000002359, 0.5000000000000005551 ) ) ;
#1828 = EDGE_CURVE ( 'NONE', #2321, #239, #18, .T. ) ;
#1829 = DIRECTION ( 'NONE',  ( -1.000000000000000000, -0.000000000000000000, -0.000000000000000000 ) ) ;
#1830 = LINE ( 'NONE', #2334, #1455 ) ;
#1831 = CARTESIAN_POINT ( 'NONE',  ( -0.7749999999999995781, 0.1000000000000000056, 0.5000000000000001110 ) ) ;
#1832 = PLANE ( 'NONE',  #1754 ) ;
#1833 = ORIENTED_EDGE ( 'NONE', *, *, #2028, .T. ) ;
#1834 = DIRECTION ( 'NONE',  ( 0.000000000000000000, 0.000000000000000000, 1.000000000000000000 ) ) ;
#1835 = EDGE_CURVE ( 'NONE', #247, #903, #503, .T. ) ;
#1836 = ORIENTED_EDGE ( 'NONE', *, *, #2776, .F. ) ;
#1837 = DIRECTION ( 'NONE',  ( 0.000000000000000000, 0.000000000000000000, -1.000000000000000000 ) ) ;
#1838 = ORIENTED_EDGE ( 'NONE', *, *, #1258, .F. ) ;
#1839 = DIRECTION ( 'NONE',  ( 1.000000000000000000, 0.000000000000000000, 0.000000000000000000 ) ) ;
#1840 = CARTESIAN_POINT ( 'NONE',  ( -0.2500000000000000555, 0.1000000000000000056, -0.4999999999999998890 ) ) ;
#1841 = DIRECTION ( 'NONE',  ( 0.000000000000000000, 1.000000000000000000, 0.000000000000000000 ) ) ;
#1842 = EDGE_LOOP ( 'NONE', ( #2753, #2926, #533, #1439 ) ) ;
#1843 =( NAMED_UNIT ( * ) SI_UNIT ( $, .STERADIAN. ) SOLID_ANGLE_UNIT ( ) );
#1844 = DIRECTION ( 'NONE',  ( -0.000000000000000000, -1.000000000000000000, -0.000000000000000000 ) ) ;
#1845 = DIRECTION ( 'NONE',  ( -0.000000000000000000, -1.000000000000000000, -0.000000000000000000 ) ) ;
#1846 = CARTESIAN_POINT ( 'NONE',  ( -0.9999999999999997780, 0.1000000000000000056, -0.3749999999999998890 ) ) ;
#1847 = EDGE_CURVE ( 'NONE', #1941, #3140, #537, .T. ) ;
#1848 = ORIENTED_EDGE ( 'NONE', *, *, #927, .T. ) ;
#1849 = FILL_AREA_STYLE_COLOUR ( '', #2340 ) ;
#1850 = DIRECTION ( 'NONE',  ( 0.000000000000000000, -1.000000000000000000, 0.000000000000000000 ) ) ;
#1851 = ORIENTED_EDGE ( 'NONE', *, *, #2568, .T. ) ;
#1852 = FACE_OUTER_BOUND ( 'NONE', #401, .T. ) ;
#1853 = CARTESIAN_POINT ( 'NONE',  ( -0.6499999999999998002, 0.000000000000000000, -0.6249999999999998890 ) ) ;
#1854 = CYLINDRICAL_SURFACE ( 'NONE', #3159, 0.1250000000000000000 ) ;
#1855 = CLOSED_SHELL ( 'NONE', ( #2460, #252, #2255, #1943 ) ) ;
#1856 = ORIENTED_EDGE ( 'NONE', *, *, #2076, .F. ) ;
#1857 = VERTEX_POINT ( 'NONE', #959 ) ;
#1858 = EDGE_CURVE ( 'NONE', #2480, #2264, #1261, .T. ) ;
#1859 = PLANE ( 'NONE',  #989 ) ;
#1860 = DIRECTION ( 'NONE',  ( -0.000000000000000000, 0.000000000000000000, -1.000000000000000000 ) ) ;
#1861 = LINE ( 'NONE', #167, #1497 ) ;
#1862 = LINE ( 'NONE', #1846, #2631 ) ;
#1863 = CYLINDRICAL_SURFACE ( 'NONE', #1141, 0.07500000000000003886 ) ;
#1864 = AXIS2_PLACEMENT_3D ( 'NONE', #187, #1978, #3 ) ;
#1865 = PRESENTATION_STYLE_ASSIGNMENT (( #879 ) ) ;
#1866 = EDGE_CURVE ( 'NONE', #445, #1696, #762, .T. ) ;
#1867 = ORIENTED_EDGE ( 'NONE', *, *, #2844, .T. ) ;
#1868 = AXIS2_PLACEMENT_3D ( 'NONE', #1663, #1879, #678 ) ;
#1869 = CARTESIAN_POINT ( 'NONE',  ( -0.1249999999999999445, 0.1000000000000000056, -0.7500000000000001110 ) ) ;
#1870 = AXIS2_PLACEMENT_3D ( 'NONE', #515, #1713, #2248 ) ;
#1871 = ORIENTED_EDGE ( 'NONE', *, *, #1176, .T. ) ;
#1872 = MECHANICAL_DESIGN_GEOMETRIC_PRESENTATION_REPRESENTATION (  '', ( #2139 ), #1600 ) ;
#1873 = FACE_OUTER_BOUND ( 'NONE', #2408, .T. ) ;
#1874 = CARTESIAN_POINT ( 'NONE',  ( 0.1249999999999998612, 0.1000000000000000056, 0.2250000000000000056 ) ) ;
#1875 = DIRECTION ( 'NONE',  ( 1.000000000000000000, 0.000000000000000000, -0.000000000000000000 ) ) ;
#1876 = VECTOR ( 'NONE', #973, 1000.000000000000000 ) ;
#1877 = LINE ( 'NONE', #1169, #1035 ) ;
#1878 = CARTESIAN_POINT ( 'NONE',  ( -0.9999999999999997780, 0.000000000000000000, 0.1250000000000000000 ) ) ;
#1879 = DIRECTION ( 'NONE',  ( -0.000000000000000000, 1.000000000000000000, -0.000000000000000000 ) ) ;
#1880 = ORIENTED_EDGE ( 'NONE', *, *, #682, .T. ) ;
#1881 = ORIENTED_EDGE ( 'NONE', *, *, #1543, .F. ) ;
#1882 = DIRECTION ( 'NONE',  ( 0.000000000000000000, 1.000000000000000000, 0.000000000000000000 ) ) ;
#1883 = SURFACE_STYLE_USAGE ( .BOTH. , #684 ) ;
#1884 = VERTEX_POINT ( 'NONE', #2950 ) ;
#1885 = EDGE_CURVE ( 'NONE', #575, #2541, #3206, .T. ) ;
#1886 = EDGE_LOOP ( 'NONE', ( #2401, #916, #709, #3185 ) ) ;
#1887 = ORIENTED_EDGE ( 'NONE', *, *, #2810, .F. ) ;
#1888 = DIRECTION ( 'NONE',  ( -1.000000000000000000, 0.000000000000000000, -9.637352644315584889E-16 ) ) ;
#1889 = ADVANCED_FACE ( 'NONE', ( #2448 ), #9, .T. ) ;
#1890 = DIRECTION ( 'NONE',  ( 0.000000000000000000, 0.000000000000000000, -1.000000000000000000 ) ) ;
#1891 = DIRECTION ( 'NONE',  ( -0.000000000000000000, -0.000000000000000000, 1.000000000000000000 ) ) ;
#1892 = PLANE ( 'NONE',  #1324 ) ;
#1893 = EDGE_CURVE ( 'NONE', #2374, #221, #1727, .T. ) ;
#1894 = ORIENTED_EDGE ( 'NONE', *, *, #1129, .F. ) ;
#1895 = DIRECTION ( 'NONE',  ( -0.000000000000000000, -1.000000000000000000, -0.000000000000000000 ) ) ;
#1896 = DIRECTION ( 'NONE',  ( 0.000000000000000000, 1.000000000000000000, 0.000000000000000000 ) ) ;
#1897 = DIRECTION ( 'NONE',  ( -1.084202172485503448E-15, 0.000000000000000000, 1.000000000000000000 ) ) ;
#1898 = ORIENTED_EDGE ( 'NONE', *, *, #1233, .T. ) ;
#1899 = FACE_OUTER_BOUND ( 'NONE', #1045, .T. ) ;
#1900 = LINE ( 'NONE', #2100, #2911 ) ;
#1901 = ORIENTED_EDGE ( 'NONE', *, *, #1937, .T. ) ;
#1902 = VERTEX_POINT ( 'NONE', #2013 ) ;
#1903 = EDGE_CURVE ( 'NONE', #1499, #2857, #2236, .T. ) ;
#1904 = CARTESIAN_POINT ( 'NONE',  ( 0.7749999999999994671, 0.1000000000000000056, 0.1250000000000004441 ) ) ;
#1905 = ORIENTED_EDGE ( 'NONE', *, *, #2149, .F. ) ;
#1906 = CARTESIAN_POINT ( 'NONE',  ( 0.7749999999999993561, 0.1000000000000000056, 0.5000000000000005551 ) ) ;
#1907 = CYLINDRICAL_SURFACE ( 'NONE', #1598, 0.1249999999999998196 ) ;
#1908 = ADVANCED_FACE ( 'NONE', ( #1740 ), #2735, .T. ) ;
#1909 = FACE_OUTER_BOUND ( 'NONE', #3031, .T. ) ;
#1910 = CARTESIAN_POINT ( 'NONE',  ( 1.000000000000000222, 0.05000000000000002359, 0.7500000000000000000 ) ) ;
#1911 = PLANE ( 'NONE',  #524 ) ;
#1912 = ORIENTED_EDGE ( 'NONE', *, *, #1024, .T. ) ;
#1913 = ORIENTED_EDGE ( 'NONE', *, *, #2533, .T. ) ;
#1914 = AXIS2_PLACEMENT_3D ( 'NONE', #2838, #134, #1138 ) ;
#1915 = VERTEX_POINT ( 'NONE', #2710 ) ;
#1916 = CARTESIAN_POINT ( 'NONE',  ( -0.7999999999999998224, 0.9799999999999999822, -0.5500000000000000444 ) ) ;
#1917 = ORIENTED_EDGE ( 'NONE', *, *, #1178, .T. ) ;
#1918 = AXIS2_PLACEMENT_3D ( 'NONE', #2369, #360, #2155 ) ;
#1919 = DIRECTION ( 'NONE',  ( 0.000000000000000000, 1.000000000000000000, 0.000000000000000000 ) ) ;
#1920 = CIRCLE ( 'NONE', #1394, 0.1249999999999998196 ) ;
#1921 = AXIS2_PLACEMENT_3D ( 'NONE', #72, #1080, #3063 ) ;
#1922 = CIRCLE ( 'NONE', #2085, 0.1250000000000000000 ) ;
#1923 = DIRECTION ( 'NONE',  ( -1.734723475976807094E-15, 0.000000000000000000, -1.000000000000000000 ) ) ;
#1924 = PLANE ( 'NONE',  #1040 ) ;
#1925 = CARTESIAN_POINT ( 'NONE',  ( 0.000000000000000000, 0.000000000000000000, 0.000000000000000000 ) ) ;
#1926 = AXIS2_PLACEMENT_3D ( 'NONE', #2307, #3062, #624 ) ;
#1927 = EDGE_LOOP ( 'NONE', ( #2742, #1466, #517, #605 ) ) ;
#1928 = EDGE_CURVE ( 'NONE', #2329, #174, #1020, .T. ) ;
#1929 = ADVANCED_FACE ( 'NONE', ( #1463 ), #808, .T. ) ;
#1930 = CARTESIAN_POINT ( 'NONE',  ( 0.3750000000000001110, 0.1000000000000000056, 0.2249999999999999500 ) ) ;
#1931 = AXIS2_PLACEMENT_3D ( 'NONE', #784, #1769, #3037 ) ;
#1932 = DIRECTION ( 'NONE',  ( 0.000000000000000000, -0.000000000000000000, 1.000000000000000000 ) ) ;
#1933 = DIRECTION ( 'NONE',  ( 0.000000000000000000, -1.000000000000000000, 0.000000000000000000 ) ) ;
#1934 = ORIENTED_EDGE ( 'NONE', *, *, #1097, .F. ) ;
#1935 = ORIENTED_EDGE ( 'NONE', *, *, #1303, .F. ) ;
#1936 = VECTOR ( 'NONE', #1844, 1000.000000000000000 ) ;
#1937 = EDGE_CURVE ( 'NONE', #343, #300, #1537, .T. ) ;
#1938 = DIRECTION ( 'NONE',  ( 0.000000000000000000, 0.000000000000000000, 1.000000000000000000 ) ) ;
#1939 =( LENGTH_UNIT ( ) NAMED_UNIT ( * ) SI_UNIT ( .MILLI., .METRE. ) );
#1940 = ORIENTED_EDGE ( 'NONE', *, *, #3089, .T. ) ;
#1941 = VERTEX_POINT ( 'NONE', #1302 ) ;
#1942 = ORIENTED_EDGE ( 'NONE', *, *, #466, .T. ) ;
#1943 = ADVANCED_FACE ( 'NONE', ( #296 ), #2310, .T. ) ;
#1944 = DIRECTION ( 'NONE',  ( -3.212450881438531255E-16, 0.000000000000000000, 1.000000000000000000 ) ) ;
#1945 = ORIENTED_EDGE ( 'NONE', *, *, #2442, .F. ) ;
#1946 = CARTESIAN_POINT ( 'NONE',  ( -0.9999999999999997780, 0.1000000000000000056, -0.1250000000000000000 ) ) ;
#1947 = APPLICATION_PROTOCOL_DEFINITION ( 'draft international standard', 'automotive_design', 1998, #3139 ) ;
#1948 = ORIENTED_EDGE ( 'NONE', *, *, #687, .T. ) ;
#1949 = FACE_OUTER_BOUND ( 'NONE', #2174, .T. ) ;
#1950 = DIRECTION ( 'NONE',  ( 1.000000000000000000, -0.000000000000000000, 3.212450881438531255E-16 ) ) ;
#1951 = DIRECTION ( 'NONE',  ( 1.000000000000000000, 0.000000000000000000, 0.000000000000000000 ) ) ;
#1952 = ADVANCED_FACE ( 'NONE', ( #3029 ), #1284, .T. ) ;
#1953 = ORIENTED_EDGE ( 'NONE', *, *, #1441, .F. ) ;
#1954 = ORIENTED_EDGE ( 'NONE', *, *, #1903, .F. ) ;
#1955 = CARTESIAN_POINT ( 'NONE',  ( -0.9999999999999997780, 0.1000000000000000056, 0.6250000000000001110 ) ) ;
#1956 = CARTESIAN_POINT ( 'NONE',  ( -0.1250000000000002220, 0.1000000000000000056, -0.4999999999999998890 ) ) ;
#1957 = EDGE_CURVE ( 'NONE', #185, #2960, #562, .T. ) ;
#1958 = VERTEX_POINT ( 'NONE', #1273 ) ;
#1959 = VERTEX_POINT ( 'NONE', #62 ) ;
#1960 = FACE_OUTER_BOUND ( 'NONE', #563, .T. ) ;
#1961 =( NAMED_UNIT ( * ) SI_UNIT ( $, .STERADIAN. ) SOLID_ANGLE_UNIT ( ) );
#1962 = EDGE_LOOP ( 'NONE', ( #1195, #1935, #2693, #1359 ) ) ;
#1963 = ORIENTED_EDGE ( 'NONE', *, *, #1866, .T. ) ;
#1964 = CARTESIAN_POINT ( 'NONE',  ( -0.9999999999999997780, 0.05000000000000002359, -0.7500000000000000000 ) ) ;
#1965 = DIRECTION ( 'NONE',  ( 1.000000000000000000, 0.000000000000000000, 0.000000000000000000 ) ) ;
#1966 = PLANE ( 'NONE',  #1760 ) ;
#1967 = VECTOR ( 'NONE', #2734, 1000.000000000000000 ) ;
#1968 = VERTEX_POINT ( 'NONE', #2261 ) ;
#1969 = ORIENTED_EDGE ( 'NONE', *, *, #2124, .F. ) ;
#1970 = CARTESIAN_POINT ( 'NONE',  ( -0.9999999999999997780, 0.1000000000000000056, -0.1250000000000000000 ) ) ;
#1971 = CLOSED_SHELL ( 'NONE', ( #2839, #1579, #2319, #588, #1036, #976 ) ) ;
#1972 = VERTEX_POINT ( 'NONE', #827 ) ;
#1973 = STYLED_ITEM ( 'NONE', ( #20 ), #297 ) ;
#1974 = EDGE_CURVE ( 'NONE', #2230, #247, #28, .T. ) ;
#1975 = CARTESIAN_POINT ( 'NONE',  ( -0.1250000000000001665, 0.1000000000000000056, 0.07499999999999981681 ) ) ;
#1976 = ORIENTED_EDGE ( 'NONE', *, *, #3141, .T. ) ;
#1977 = VECTOR ( 'NONE', #272, 1000.000000000000114 ) ;
#1978 = DIRECTION ( 'NONE',  ( 0.000000000000000000, 0.000000000000000000, -1.000000000000000000 ) ) ;
#1979 = VECTOR ( 'NONE', #1027, 1000.000000000000000 ) ;
#1980 = VECTOR ( 'NONE', #1490, 1000.000000000000000 ) ;
#1981 = ORIENTED_EDGE ( 'NONE', *, *, #1670, .T. ) ;
#1982 = VECTOR ( 'NONE', #1680, 1000.000000000000000 ) ;
#1983 = ADVANCED_FACE ( 'NONE', ( #2027 ), #2046, .T. ) ;
#1984 = DIRECTION ( 'NONE',  ( -0.000000000000000000, -1.000000000000000000, -0.000000000000000000 ) ) ;
#1985 = CARTESIAN_POINT ( 'NONE',  ( -0.8000000000000003775, 0.05000000000000002359, -0.3749999999999998890 ) ) ;
#1986 = CARTESIAN_POINT ( 'NONE',  ( -0.3750000000000000000, 0.1000000000000000056, -0.7500000000000001110 ) ) ;
#1987 = AXIS2_PLACEMENT_3D ( 'NONE', #2686, #1449, #730 ) ;
#1988 = ORIENTED_EDGE ( 'NONE', *, *, #417, .F. ) ;
#1989 = EDGE_LOOP ( 'NONE', ( #2295, #1410, #1871, #2285 ) ) ;
#1990 = AXIS2_PLACEMENT_3D ( 'NONE', #290, #2301, #1074 ) ;
#1991 = SURFACE_STYLE_USAGE ( .BOTH. , #717 ) ;
#1992 = AXIS2_PLACEMENT_3D ( 'NONE', #1214, #2670, #2933 ) ;
#1993 = DIRECTION ( 'NONE',  ( 0.000000000000000000, 1.000000000000000000, -0.000000000000000000 ) ) ;
#1994 = EDGE_CURVE ( 'NONE', #1484, #1177, #2769, .T. ) ;
#1995 = CARTESIAN_POINT ( 'NONE',  ( 0.9999999999999997780, 0.1000000000000000056, 0.1250000000000006106 ) ) ;
#1996 = VERTEX_POINT ( 'NONE', #549 ) ;
#1997 = ADVANCED_FACE ( 'NONE', ( #3010 ), #2277, .T. ) ;
#1998 = LINE ( 'NONE', #2684, #2485 ) ;
#1999 = CARTESIAN_POINT ( 'NONE',  ( 0.7749999999999991340, 0.05000000000000002359, 0.6250000000000005551 ) ) ;
#2000 = CARTESIAN_POINT ( 'NONE',  ( -0.9999999999999997780, 1.000000000000000000, -0.7500000000000000000 ) ) ;
#2001 = ORIENTED_EDGE ( 'NONE', *, *, #859, .T. ) ;
#2002 = ORIENTED_EDGE ( 'NONE', *, *, #2795, .T. ) ;
#2003 = LINE ( 'NONE', #1496, #2786 ) ;
#2004 =( NAMED_UNIT ( * ) SI_UNIT ( $, .STERADIAN. ) SOLID_ANGLE_UNIT ( ) );
#2005 = VERTEX_POINT ( 'NONE', #889 ) ;
#2006 = ORIENTED_EDGE ( 'NONE', *, *, #1129, .T. ) ;
#2007 = ORIENTED_EDGE ( 'NONE', *, *, #1503, .F. ) ;
#2008 = CYLINDRICAL_SURFACE ( 'NONE', #155, 0.1249999999999998196 ) ;
#2009 = DIRECTION ( 'NONE',  ( -1.000000000000000000, 0.000000000000000000, 0.000000000000000000 ) ) ;
#2010 = DIRECTION ( 'NONE',  ( 0.000000000000000000, 1.000000000000000000, 0.000000000000000000 ) ) ;
#2011 = DIRECTION ( 'NONE',  ( 1.000000000000000000, 0.000000000000000000, 0.000000000000000000 ) ) ;
#2012 = CARTESIAN_POINT ( 'NONE',  ( -0.7999999999999998224, 0.9799999999999999822, -0.6250000000000000000 ) ) ;
#2013 = CARTESIAN_POINT ( 'NONE',  ( 0.9999999999999997780, 0.05000000000000002359, -0.1249999999999994033 ) ) ;
#2014 = ADVANCED_FACE ( 'NONE', ( #1873 ), #93, .F. ) ;
#2015 = VERTEX_POINT ( 'NONE', #2089 ) ;
#2016 = DIRECTION ( 'NONE',  ( 0.7071067811865489050, 0.000000000000000000, -0.7071067811865460184 ) ) ;
#2017 = DIRECTION ( 'NONE',  ( 0.000000000000000000, 0.000000000000000000, -1.000000000000000000 ) ) ;
#2018 = EDGE_CURVE ( 'NONE', #1119, #1750, #1328, .T. ) ;
#2019 = ORIENTED_EDGE ( 'NONE', *, *, #32, .F. ) ;
#2020 = VERTEX_POINT ( 'NONE', #348 ) ;
#2021 = CARTESIAN_POINT ( 'NONE',  ( -0.9999999999999997780, 0.1000000000000000056, 0.1250000000000000000 ) ) ;
#2022 = CARTESIAN_POINT ( 'NONE',  ( -0.9999999999999997780, 0.1000000000000000056, -0.6249999999999998890 ) ) ;
#2023 = DIRECTION ( 'NONE',  ( 0.000000000000000000, 1.000000000000000000, 0.000000000000000000 ) ) ;
#2024 = VECTOR ( 'NONE', #1256, 1000.000000000000000 ) ;
#2025 = CARTESIAN_POINT ( 'NONE',  ( -0.7999999999999998224, 1.000000000000000000, -0.5500000000000000444 ) ) ;
#2026 = CARTESIAN_POINT ( 'NONE',  ( -0.1250000000000001665, 0.05000000000000002359, 0.07499999999999981681 ) ) ;
#2027 = FACE_OUTER_BOUND ( 'NONE', #1779, .T. ) ;
#2028 = EDGE_CURVE ( 'NONE', #445, #235, #1377, .T. ) ;
#2029 = AXIS2_PLACEMENT_3D ( 'NONE', #1831, #2313, #3033 ) ;
#2030 = EDGE_CURVE ( 'NONE', #2429, #512, #640, .T. ) ;
#2031 = AXIS2_PLACEMENT_3D ( 'NONE', #2473, #1215, #774 ) ;
#2032 = DIRECTION ( 'NONE',  ( 0.000000000000000000, -1.000000000000000000, 0.000000000000000000 ) ) ;
#2033 = VECTOR ( 'NONE', #625, 1000.000000000000000 ) ;
#2034 = CARTESIAN_POINT ( 'NONE',  ( 0.7749999999999993561, 0.000000000000000000, 0.5000000000000005551 ) ) ;
#2035 = VERTEX_POINT ( 'NONE', #1619 ) ;
#2036 = VECTOR ( 'NONE', #1295, 1000.000000000000000 ) ;
#2037 = EDGE_CURVE ( 'NONE', #135, #2683, #2324, .T. ) ;
#2038 = ORIENTED_EDGE ( 'NONE', *, *, #2986, .F. ) ;
#2039 = CARTESIAN_POINT ( 'NONE',  ( -0.7749999999999994671, 0.1000000000000000056, -0.1250000000000000000 ) ) ;
#2040 = AXIS2_PLACEMENT_3D ( 'NONE', #713, #249, #2949 ) ;
#2041 = ADVANCED_FACE ( 'NONE', ( #2370 ), #854, .F. ) ;
#2042 = AXIS2_PLACEMENT_3D ( 'NONE', #1776, #2768, #792 ) ;
#2043 = LINE ( 'NONE', #1297, #2024 ) ;
#2044 = LINE ( 'NONE', #1281, #1495 ) ;
#2045 = DIRECTION ( 'NONE',  ( 0.000000000000000000, 0.000000000000000000, 1.000000000000000000 ) ) ;
#2046 = PLANE ( 'NONE',  #1597 ) ;
#2047 = VERTEX_POINT ( 'NONE', #2811 ) ;
#2048 = EDGE_CURVE ( 'NONE', #2989, #2903, #2601, .T. ) ;
#2049 = SURFACE_STYLE_USAGE ( .BOTH. , #565 ) ;
#2050 = DIRECTION ( 'NONE',  ( 2.780005570475652379E-17, -0.000000000000000000, 1.000000000000000000 ) ) ;
#2051 = CARTESIAN_POINT ( 'NONE',  ( 0.7749999999999989120, 0.000000000000000000, -0.6250000000000007772 ) ) ;
#2052 = VERTEX_POINT ( 'NONE', #2615 ) ;
#2053 = CYLINDRICAL_SURFACE ( 'NONE', #1931, 0.1249999999999998890 ) ;
#2054 = ADVANCED_FACE ( 'NONE', ( #71 ), #3041, .T. ) ;
#2055 = DIRECTION ( 'NONE',  ( 0.000000000000000000, 0.000000000000000000, 1.000000000000000000 ) ) ;
#2056 = UNCERTAINTY_MEASURE_WITH_UNIT (LENGTH_MEASURE( 1.000000000000000082E-05 ), #1406, 'distance_accuracy_value', 'NONE');
#2057 = LINE ( 'NONE', #1051, #525 ) ;
#2058 = DIRECTION ( 'NONE',  ( -0.000000000000000000, -1.000000000000000000, -0.000000000000000000 ) ) ;
#2059 = CARTESIAN_POINT ( 'NONE',  ( 0.7749999999999993561, 0.1000000000000000056, -0.3750000000000008327 ) ) ;
#2060 = ORIENTED_EDGE ( 'NONE', *, *, #2167, .T. ) ;
#2061 = SURFACE_SIDE_STYLE ('',( #1219 ) ) ;
#2062 = FACE_OUTER_BOUND ( 'NONE', #794, .T. ) ;
#2063 = DIRECTION ( 'NONE',  ( -0.000000000000000000, -1.000000000000000000, -0.000000000000000000 ) ) ;
#2064 = ORIENTED_EDGE ( 'NONE', *, *, #455, .T. ) ;
#2065 = ORIENTED_EDGE ( 'NONE', *, *, #2048, .F. ) ;
#2066 = DIRECTION ( 'NONE',  ( 0.000000000000000000, 0.000000000000000000, 1.000000000000000000 ) ) ;
#2067 = EDGE_CURVE ( 'NONE', #3180, #1968, #1115, .T. ) ;
#2068 = ORIENTED_EDGE ( 'NONE', *, *, #2244, .F. ) ;
#2069 = ADVANCED_FACE ( 'NONE', ( #1852 ), #2359, .T. ) ;
#2070 = CARTESIAN_POINT ( 'NONE',  ( -0.9999999999999997780, 0.1000000000000000056, -0.6249999999999998890 ) ) ;
#2071 = EDGE_CURVE ( 'NONE', #185, #2214, #1581, .T. ) ;
#2072 = PLANE ( 'NONE',  #944 ) ;
#2073 = DIRECTION ( 'NONE',  ( 0.000000000000000000, 0.000000000000000000, 1.000000000000000000 ) ) ;
#2074 = DIRECTION ( 'NONE',  ( 0.000000000000000000, -1.000000000000000000, 0.000000000000000000 ) ) ;
#2075 = EDGE_LOOP ( 'NONE', ( #2467, #1327, #108, #1217 ) ) ;
#2076 = EDGE_CURVE ( 'NONE', #430, #2101, #577, .T. ) ;
#2077 = CARTESIAN_POINT ( 'NONE',  ( 1.000000000000000222, 1.000000000000000000, 0.7500000000000000000 ) ) ;
#2078 = DIRECTION ( 'NONE',  ( -2.780005570475652379E-17, 0.000000000000000000, -1.000000000000000000 ) ) ;
#2079 = DIRECTION ( 'NONE',  ( 0.000000000000000000, 0.000000000000000000, -1.000000000000000000 ) ) ;
#2080 = VECTOR ( 'NONE', #2483, 1000.000000000000000 ) ;
#2081 = VECTOR ( 'NONE', #1738, 1000.000000000000000 ) ;
#2082 = ORIENTED_EDGE ( 'NONE', *, *, #1590, .F. ) ;
#2083 = VECTOR ( 'NONE', #1933, 1000.000000000000000 ) ;
#2084 = CARTESIAN_POINT ( 'NONE',  ( -0.9999999999999997780, 0.000000000000000000, -0.1250000000000000000 ) ) ;
#2085 = AXIS2_PLACEMENT_3D ( 'NONE', #2169, #670, #1923 ) ;
#2086 = VECTOR ( 'NONE', #3053, 1000.000000000000000 ) ;
#2087 = PRESENTATION_STYLE_ASSIGNMENT (( #86 ) ) ;
#2088 = ORIENTED_EDGE ( 'NONE', *, *, #1441, .T. ) ;
#2089 = CARTESIAN_POINT ( 'NONE',  ( -0.3749999999999999445, 0.000000000000000000, -0.4999999999999998890 ) ) ;
#2090 = CARTESIAN_POINT ( 'NONE',  ( -0.7749999999999995781, 0.1000000000000000056, 0.3750000000000001665 ) ) ;
#2091 = DIRECTION ( 'NONE',  ( -0.000000000000000000, -0.000000000000000000, -1.000000000000000000 ) ) ;
#2092 = EDGE_CURVE ( 'NONE', #356, #2321, #384, .T. ) ;
#2093 = ORIENTED_EDGE ( 'NONE', *, *, #1957, .F. ) ;
#2094 = PRESENTATION_STYLE_ASSIGNMENT (( #2049 ) ) ;
#2095 = CARTESIAN_POINT ( 'NONE',  ( -0.1250000000000001665, 0.1000000000000000056, 0.07499999999999981681 ) ) ;
#2096 = CARTESIAN_POINT ( 'NONE',  ( -0.9999999999999997780, 1.000000000000000000, 0.7500000000000000000 ) ) ;
#2097 = LINE ( 'NONE', #1358, #299 ) ;
#2098 = ORIENTED_EDGE ( 'NONE', *, *, #1705, .F. ) ;
#2099 = EDGE_LOOP ( 'NONE', ( #367, #599, #1068, #266 ) ) ;
#2100 = CARTESIAN_POINT ( 'NONE',  ( 0.7749999999999993561, 0.1000000000000000056, 0.3750000000000006106 ) ) ;
#2101 = VERTEX_POINT ( 'NONE', #1365 ) ;
#2102 = DIRECTION ( 'NONE',  ( 1.000000000000000000, 0.000000000000000000, 0.000000000000000000 ) ) ;
#2103 = DIRECTION ( 'NONE',  ( 0.000000000000000000, -1.000000000000000000, 0.000000000000000000 ) ) ;
#2104 = CARTESIAN_POINT ( 'NONE',  ( -0.3750000000000000000, 0.000000000000000000, -0.7500000000000001110 ) ) ;
#2105 = VERTEX_POINT ( 'NONE', #2829 ) ;
#2106 = ADVANCED_FACE ( 'NONE', ( #609 ), #2072, .F. ) ;
#2107 = CARTESIAN_POINT ( 'NONE',  ( -0.9999999999999997780, 0.1000000000000000056, 0.6250000000000001110 ) ) ;
#2108 = DIRECTION ( 'NONE',  ( 1.000000000000000000, 0.000000000000000000, -0.000000000000000000 ) ) ;
#2109 = DIRECTION ( 'NONE',  ( 0.000000000000000000, -1.000000000000000000, 0.000000000000000000 ) ) ;
#2110 = ORIENTED_EDGE ( 'NONE', *, *, #3194, .F. ) ;
#2111 = EDGE_LOOP ( 'NONE', ( #647, #1249, #2175, #3070 ) ) ;
#2112 = ORIENTED_EDGE ( 'NONE', *, *, #3186, .F. ) ;
#2113 = CARTESIAN_POINT ( 'NONE',  ( -0.2500000000000000000, 0.000000000000000000, 0.07499999999999976130 ) ) ;
#2114 = FILL_AREA_STYLE ('',( #664 ) ) ;
#2115 = VERTEX_POINT ( 'NONE', #3107 ) ;
#2116 = LINE ( 'NONE', #1376, #1813 ) ;
#2117 = DIRECTION ( 'NONE',  ( -1.000000000000000000, 0.000000000000000000, -0.000000000000000000 ) ) ;
#2118 = DIRECTION ( 'NONE',  ( 0.000000000000000000, 0.000000000000000000, 1.000000000000000000 ) ) ;
#2119 = DIRECTION ( 'NONE',  ( 1.000000000000000000, 0.000000000000000000, -9.637352644315575028E-16 ) ) ;
#2120 = VECTOR ( 'NONE', #683, 1000.000000000000000 ) ;
#2121 = CARTESIAN_POINT ( 'NONE',  ( -0.9999999999999997780, 0.05000000000000002359, 0.7500000000000000000 ) ) ;
#2122 = LINE ( 'NONE', #2853, #2708 ) ;
#2123 = CARTESIAN_POINT ( 'NONE',  ( 0.9999999999999997780, 0.1000000000000000056, -0.1249999999999994033 ) ) ;
#2124 = EDGE_CURVE ( 'NONE', #877, #2356, #1659, .T. ) ;
#2125 = DIRECTION ( 'NONE',  ( 0.000000000000000000, 0.000000000000000000, -1.000000000000000000 ) ) ;
#2126 = EDGE_LOOP ( 'NONE', ( #1917, #1092, #1067, #1688 ) ) ;
#2127 = ORIENTED_EDGE ( 'NONE', *, *, #29, .T. ) ;
#2128 = SURFACE_SIDE_STYLE ('',( #2611 ) ) ;
#2129 = AXIS2_PLACEMENT_3D ( 'NONE', #1691, #1486, #467 ) ;
#2130 = SURFACE_STYLE_FILL_AREA ( #651 ) ;
#2131 = VECTOR ( 'NONE', #3043, 1000.000000000000000 ) ;
#2132 = VERTEX_POINT ( 'NONE', #3129 ) ;
#2133 = EDGE_CURVE ( 'NONE', #419, #711, #2715, .T. ) ;
#2134 = AXIS2_PLACEMENT_3D ( 'NONE', #147, #458, #2871 ) ;
#2135 = DIRECTION ( 'NONE',  ( 0.000000000000000000, -0.000000000000000000, -1.000000000000000000 ) ) ;
#2136 = AXIS2_PLACEMENT_3D ( 'NONE', #2156, #2498, #2394 ) ;
#2137 = EDGE_CURVE ( 'NONE', #961, #2232, #2409, .T. ) ;
#2138 = ORIENTED_EDGE ( 'NONE', *, *, #1627, .T. ) ;
#2139 = STYLED_ITEM ( 'NONE', ( #616 ), #2424 ) ;
#2140 = DIRECTION ( 'NONE',  ( -1.000000000000000000, -0.000000000000000000, -0.000000000000000000 ) ) ;
#2141 = CARTESIAN_POINT ( 'NONE',  ( -0.7749999999999995781, 0.000000000000000000, 0.5000000000000001110 ) ) ;
#2142 = CARTESIAN_POINT ( 'NONE',  ( -0.7999999999999998224, 0.9799999999999999822, -0.4749999999999999778 ) ) ;
#2143 = AXIS2_PLACEMENT_3D ( 'NONE', #1475, #2685, #472 ) ;
#2144 = ORIENTED_EDGE ( 'NONE', *, *, #1003, .T. ) ;
#2145 = DIRECTION ( 'NONE',  ( -0.000000000000000000, -1.000000000000000000, -0.000000000000000000 ) ) ;
#2146 = CARTESIAN_POINT ( 'NONE',  ( 0.7749999999999994671, 0.000000000000000000, 0.1250000000000004441 ) ) ;
#2147 = DIRECTION ( 'NONE',  ( -1.000000000000000000, -0.000000000000000000, -0.000000000000000000 ) ) ;
#2148 = EDGE_LOOP ( 'NONE', ( #2965, #2915, #2088, #1704 ) ) ;
#2149 = EDGE_CURVE ( 'NONE', #1884, #157, #755, .T. ) ;
#2150 = ORIENTED_EDGE ( 'NONE', *, *, #2921, .F. ) ;
#2151 = DIRECTION ( 'NONE',  ( -0.7071067811865489050, 0.000000000000000000, 0.7071067811865460184 ) ) ;
#2152 = ORIENTED_EDGE ( 'NONE', *, *, #1790, .F. ) ;
#2153 = ORIENTED_EDGE ( 'NONE', *, *, #1114, .F. ) ;
#2154 = EDGE_CURVE ( 'NONE', #926, #2666, #263, .T. ) ;
#2155 = DIRECTION ( 'NONE',  ( 1.734723475976809658E-15, 0.000000000000000000, -1.000000000000000000 ) ) ;
#2156 = CARTESIAN_POINT ( 'NONE',  ( 0.7749999999999991340, 0.1000000000000000056, -0.5000000000000007772 ) ) ;
#2157 = CARTESIAN_POINT ( 'NONE',  ( -0.1249999999999999445, 0.1000000000000000056, -0.7500000000000001110 ) ) ;
#2158 = ORIENTED_EDGE ( 'NONE', *, *, #781, .T. ) ;
#2159 = DIRECTION ( 'NONE',  ( 0.000000000000000000, 1.000000000000000000, 0.000000000000000000 ) ) ;
#2160 = DIRECTION ( 'NONE',  ( -4.818676322157796389E-16, 0.000000000000000000, -1.000000000000000000 ) ) ;
#2161 = CARTESIAN_POINT ( 'NONE',  ( -0.2500000000000000555, 0.05000000000000002359, -0.4999999999999998890 ) ) ;
#2162 = FACE_OUTER_BOUND ( 'NONE', #1886, .T. ) ;
#2163 =( NAMED_UNIT ( * ) SI_UNIT ( $, .STERADIAN. ) SOLID_ANGLE_UNIT ( ) );
#2164 = VERTEX_POINT ( 'NONE', #2225 ) ;
#2165 = VERTEX_POINT ( 'NONE', #2243 ) ;
#2166 = DIRECTION ( 'NONE',  ( -0.000000000000000000, -0.000000000000000000, -1.000000000000000000 ) ) ;
#2167 = EDGE_CURVE ( 'NONE', #658, #3221, #1656, .T. ) ;
#2168 = EDGE_CURVE ( 'NONE', #2101, #247, #1922, .T. ) ;
#2169 = CARTESIAN_POINT ( 'NONE',  ( 0.7749999999999991340, 0.05000000000000002359, -0.5000000000000007772 ) ) ;
#2170 = LINE ( 'NONE', #935, #2229 ) ;
#2171 = PLANE ( 'NONE',  #1489 ) ;
#2172 = CARTESIAN_POINT ( 'NONE',  ( 0.2500000000000000000, 0.000000000000000000, 0.2250000000000000056 ) ) ;
#2173 = LINE ( 'NONE', #3168, #938 ) ;
#2174 = EDGE_LOOP ( 'NONE', ( #52, #2902, #1299, #2351, #900, #317, #1458, #1100, #523, #368, #1451, #1836 ) ) ;
#2175 = ORIENTED_EDGE ( 'NONE', *, *, #2468, .T. ) ;
#2176 = EDGE_CURVE ( 'NONE', #2356, #2583, #13, .T. ) ;
#2177 = CARTESIAN_POINT ( 'NONE',  ( -0.3750000000000000000, 0.1000000000000000056, 0.7500000000000000000 ) ) ;
#2178 = CARTESIAN_POINT ( 'NONE',  ( 0.9999999999999997780, 0.1000000000000000056, 0.1250000000000006106 ) ) ;
#2179 = VERTEX_POINT ( 'NONE', #496 ) ;
#2180 = AXIS2_PLACEMENT_3D ( 'NONE', #3172, #2922, #1667 ) ;
#2181 = ORIENTED_EDGE ( 'NONE', *, *, #2559, .F. ) ;
#2182 = VECTOR ( 'NONE', #57, 1000.000000000000000 ) ;
#2183 = VECTOR ( 'NONE', #1069, 1000.000000000000000 ) ;
#2184 = VECTOR ( 'NONE', #1644, 1000.000000000000000 ) ;
#2185 = AXIS2_PLACEMENT_3D ( 'NONE', #1300, #1271, #547 ) ;
#2186 = VECTOR ( 'NONE', #2881, 1000.000000000000000 ) ;
#2187 = DIRECTION ( 'NONE',  ( 0.000000000000000000, 0.000000000000000000, 1.000000000000000000 ) ) ;
#2188 = UNCERTAINTY_MEASURE_WITH_UNIT (LENGTH_MEASURE( 1.000000000000000082E-05 ), #288, 'distance_accuracy_value', 'NONE');
#2189 = VERTEX_POINT ( 'NONE', #906 ) ;
#2190 = LINE ( 'NONE', #746, #1762 ) ;
#2191 = VECTOR ( 'NONE', #3115, 1000.000000000000000 ) ;
#2192 = DIRECTION ( 'NONE',  ( 0.000000000000000000, 0.000000000000000000, -1.000000000000000000 ) ) ;
#2193 = CARTESIAN_POINT ( 'NONE',  ( -0.2500000000000000555, 0.1000000000000000056, -0.4999999999999998890 ) ) ;
#2194 = EDGE_CURVE ( 'NONE', #2105, #1499, #2745, .T. ) ;
#2195 = ORIENTED_EDGE ( 'NONE', *, *, #1445, .T. ) ;
#2196 = VECTOR ( 'NONE', #2058, 1000.000000000000000 ) ;
#2197 = CARTESIAN_POINT ( 'NONE',  ( -0.7749999999999995781, 0.1000000000000000056, 0.5000000000000001110 ) ) ;
#2198 = EDGE_CURVE ( 'NONE', #711, #1338, #1748, .T. ) ;
#2199 = ORIENTED_EDGE ( 'NONE', *, *, #2425, .F. ) ;
#2200 = ORIENTED_EDGE ( 'NONE', *, *, #2718, .F. ) ;
#2201 = DIRECTION ( 'NONE',  ( 1.000000000000000000, 0.000000000000000000, 0.000000000000000000 ) ) ;
#2202 = LINE ( 'NONE', #1473, #2384 ) ;
#2203 = APPLICATION_PROTOCOL_DEFINITION ( 'draft international standard', 'automotive_design', 1998, #244 ) ;
#2204 = CARTESIAN_POINT ( 'NONE',  ( -0.000000000000000000, 0.05000000000000002359, 0.6250000000000001110 ) ) ;
#2205 = CARTESIAN_POINT ( 'NONE',  ( -0.3750000000000000000, 0.1000000000000000056, -0.7500000000000001110 ) ) ;
#2206 = CARTESIAN_POINT ( 'NONE',  ( 0.9999999999999993339, 0.1000000000000000056, 0.6250000000000007772 ) ) ;
#2207 = EDGE_CURVE ( 'NONE', #499, #2375, #2592, .T. ) ;
#2208 = DIRECTION ( 'NONE',  ( 0.000000000000000000, -1.000000000000000000, 0.000000000000000000 ) ) ;
#2209 = FACE_OUTER_BOUND ( 'NONE', #1243, .T. ) ;
#2210 = DIRECTION ( 'NONE',  ( 0.000000000000000000, 0.000000000000000000, -1.000000000000000000 ) ) ;
#2211 = ORIENTED_EDGE ( 'NONE', *, *, #2711, .F. ) ;
#2212 = DIRECTION ( 'NONE',  ( 7.228014483236683736E-16, 0.000000000000000000, -1.000000000000000000 ) ) ;
#2213 = ORIENTED_EDGE ( 'NONE', *, *, #657, .F. ) ;
#2214 = VERTEX_POINT ( 'NONE', #654 ) ;
#2215 = CARTESIAN_POINT ( 'NONE',  ( -0.1250000000000001665, 0.1000000000000000056, 0.07499999999999981681 ) ) ;
#2216 = CARTESIAN_POINT ( 'NONE',  ( 0.7749999999999991340, 0.1000000000000000056, -0.5000000000000007772 ) ) ;
#2217 = LINE ( 'NONE', #3215, #576 ) ;
#2218 = VERTEX_POINT ( 'NONE', #691 ) ;
#2219 = EDGE_LOOP ( 'NONE', ( #2576, #497, #1025, #2770 ) ) ;
#2220 = EDGE_CURVE ( 'NONE', #3074, #411, #2481, .T. ) ;
#2221 = DIRECTION ( 'NONE',  ( 0.000000000000000000, 0.000000000000000000, -1.000000000000000000 ) ) ;
#2222 = SURFACE_STYLE_FILL_AREA ( #2240 ) ;
#2223 = CLOSED_SHELL ( 'NONE', ( #2041, #1595, #541, #1028, #1251, #721 ) ) ;
#2224 = ORIENTED_EDGE ( 'NONE', *, *, #999, .T. ) ;
#2225 = CARTESIAN_POINT ( 'NONE',  ( -0.9999999999999997780, 0.05000000000000002359, 0.1250000000000000000 ) ) ;
#2226 = VECTOR ( 'NONE', #1419, 1000.000000000000000 ) ;
#2227 = ADVANCED_FACE ( 'NONE', ( #259 ), #2729, .F. ) ;
#2228 = CARTESIAN_POINT ( 'NONE',  ( 0.9999999999999997780, 0.1000000000000000056, -0.1249999999999994033 ) ) ;
#2229 = VECTOR ( 'NONE', #1721, 1000.000000000000000 ) ;
#2230 = VERTEX_POINT ( 'NONE', #241 ) ;
#2231 = VECTOR ( 'NONE', #2201, 1000.000000000000000 ) ;
#2232 = VERTEX_POINT ( 'NONE', #3162 ) ;
#2233 = CARTESIAN_POINT ( 'NONE',  ( 0.3749999999999997224, 0.000000000000000000, -0.7500000000000000000 ) ) ;
#2234 = DIRECTION ( 'NONE',  ( -0.000000000000000000, -0.000000000000000000, -1.000000000000000000 ) ) ;
#2235 = CARTESIAN_POINT ( 'NONE',  ( -0.1250000000000007494, 0.05000000000000002359, -1.355252715606887445E-16 ) ) ;
#2236 = CIRCLE ( 'NONE', #1987, 0.1250000000000000000 ) ;
#2237 = ORIENTED_EDGE ( 'NONE', *, *, #619, .T. ) ;
#2238 = AXIS2_PLACEMENT_3D ( 'NONE', #1026, #68, #2066 ) ;
#2239 = DIRECTION ( 'NONE',  ( 0.000000000000000000, -0.000000000000000000, -1.000000000000000000 ) ) ;
#2240 = FILL_AREA_STYLE ('',( #2418 ) ) ;
#2241 = AXIS2_PLACEMENT_3D ( 'NONE', #2172, #941, #1932 ) ;
#2242 = ORIENTED_EDGE ( 'NONE', *, *, #1574, .T. ) ;
#2243 = CARTESIAN_POINT ( 'NONE',  ( -0.3749999999999997780, 0.1000000000000000056, 0.07499999999999990008 ) ) ;
#2244 = EDGE_CURVE ( 'NONE', #2480, #47, #1252, .T. ) ;
#2245 = FACE_OUTER_BOUND ( 'NONE', #2524, .T. ) ;
#2246 = LINE ( 'NONE', #2204, #3113 ) ;
#2247 = DIRECTION ( 'NONE',  ( 0.000000000000000000, 0.000000000000000000, 1.000000000000000000 ) ) ;
#2248 = DIRECTION ( 'NONE',  ( 0.000000000000000000, -0.000000000000000000, 1.000000000000000000 ) ) ;
#2249 = DIRECTION ( 'NONE',  ( 0.000000000000000000, 1.000000000000000000, -0.000000000000000000 ) ) ;
#2250 = DIRECTION ( 'NONE',  ( -1.000000000000000000, 0.000000000000000000, -4.818676322157796389E-16 ) ) ;
#2251 = ORIENTED_EDGE ( 'NONE', *, *, #69, .F. ) ;
#2252 = ORIENTED_EDGE ( 'NONE', *, *, #81, .F. ) ;
#2253 = CARTESIAN_POINT ( 'NONE',  ( -0.9999999999999997780, 0.1000000000000000056, -0.1250000000000000000 ) ) ;
#2254 = CARTESIAN_POINT ( 'NONE',  ( -0.9999999999999997780, 0.05000000000000002359, -0.7500000000000000000 ) ) ;
#2255 = ADVANCED_FACE ( 'NONE', ( #1396 ), #920, .F. ) ;
#2256 = DIRECTION ( 'NONE',  ( 0.000000000000000000, 0.000000000000000000, 1.000000000000000000 ) ) ;
#2257 = ORIENTED_EDGE ( 'NONE', *, *, #1835, .T. ) ;
#2258 = ORIENTED_EDGE ( 'NONE', *, *, #816, .T. ) ;
#2259 = DIRECTION ( 'NONE',  ( 1.000000000000000000, -0.000000000000000000, 7.228014483236683736E-16 ) ) ;
#2260 = FACE_OUTER_BOUND ( 'NONE', #1335, .T. ) ;
#2261 = CARTESIAN_POINT ( 'NONE',  ( -0.7999999999999998224, 1.000000000000000000, -0.4749999999999999778 ) ) ;
#2262 = ADVANCED_FACE ( 'NONE', ( #1235 ), #2008, .F. ) ;
#2263 = ORIENTED_EDGE ( 'NONE', *, *, #639, .T. ) ;
#2264 = VERTEX_POINT ( 'NONE', #3148 ) ;
#2265 = CARTESIAN_POINT ( 'NONE',  ( -0.9999999999999997780, 0.1000000000000000056, 0.3750000000000001665 ) ) ;
#2266 = CARTESIAN_POINT ( 'NONE',  ( -0.9999999999999997780, 0.1000000000000000056, -0.6249999999999998890 ) ) ;
#2267 = CARTESIAN_POINT ( 'NONE',  ( -0.9999999999999997780, 0.05000000000000002359, 0.7500000000000000000 ) ) ;
#2268 = EDGE_CURVE ( 'NONE', #2987, #3074, #204, .T. ) ;
#2269 = ORIENTED_EDGE ( 'NONE', *, *, #1732, .T. ) ;
#2270 = CARTESIAN_POINT ( 'NONE',  ( -0.9999999999999997780, 0.000000000000000000, -0.6249999999999998890 ) ) ;
#2271 = AXIS2_PLACEMENT_3D ( 'NONE', #685, #260, #527 ) ;
#2272 = LINE ( 'NONE', #2291, #1244 ) ;
#2273 = VECTOR ( 'NONE', #1506, 1000.000000000000000 ) ;
#2274 = AXIS2_PLACEMENT_3D ( 'NONE', #267, #3189, #214 ) ;
#2275 = CARTESIAN_POINT ( 'NONE',  ( -0.9999999999999997780, 0.05000000000000002359, 0.7500000000000000000 ) ) ;
#2276 = DIRECTION ( 'NONE',  ( -0.000000000000000000, -1.000000000000000000, -0.000000000000000000 ) ) ;
#2277 = CYLINDRICAL_SURFACE ( 'NONE', #2282, 0.1250000000000000000 ) ;
#2278 = ORIENTED_EDGE ( 'NONE', *, *, #1994, .T. ) ;
#2279 = CIRCLE ( 'NONE', #2029, 0.1250000000000000000 ) ;
#2280 = DIRECTION ( 'NONE',  ( -1.000000000000000000, 0.000000000000000000, 0.000000000000000000 ) ) ;
#2281 = EDGE_CURVE ( 'NONE', #1204, #2903, #607, .T. ) ;
#2282 = AXIS2_PLACEMENT_3D ( 'NONE', #793, #2520, #1347 ) ;
#2283 = CARTESIAN_POINT ( 'NONE',  ( -0.7749999999999994671, 0.1000000000000000056, -0.1250000000000000000 ) ) ;
#2284 = LINE ( 'NONE', #51, #2855 ) ;
#2285 = ORIENTED_EDGE ( 'NONE', *, *, #592, .T. ) ;
#2286 = VECTOR ( 'NONE', #802, 1000.000000000000000 ) ;
#2287 = ORIENTED_EDGE ( 'NONE', *, *, #1352, .T. ) ;
#2288 = VERTEX_POINT ( 'NONE', #2316 ) ;
#2289 = FACE_OUTER_BOUND ( 'NONE', #653, .T. ) ;
#2290 = VECTOR ( 'NONE', #1170, 1000.000000000000000 ) ;
#2291 = CARTESIAN_POINT ( 'NONE',  ( -0.3750000000000000000, 0.1000000000000000056, 0.7500000000000000000 ) ) ;
#2292 = CARTESIAN_POINT ( 'NONE',  ( 0.3750000000000001110, 0.1000000000000000056, 0.2249999999999999500 ) ) ;
#2293 = DIRECTION ( 'NONE',  ( -1.000000000000000000, 0.000000000000000000, -7.228014483236683736E-16 ) ) ;
#2294 = DIRECTION ( 'NONE',  ( 3.212450881438531255E-16, 0.000000000000000000, -1.000000000000000000 ) ) ;
#2295 = ORIENTED_EDGE ( 'NONE', *, *, #2154, .T. ) ;
#2296 = DIRECTION ( 'NONE',  ( 0.000000000000000000, 0.000000000000000000, -1.000000000000000000 ) ) ;
#2297 = DIRECTION ( 'NONE',  ( 0.000000000000000000, -0.000000000000000000, -1.000000000000000000 ) ) ;
#2298 = FACE_OUTER_BOUND ( 'NONE', #3090, .T. ) ;
#2299 = EDGE_CURVE ( 'NONE', #2857, #2443, #2525, .T. ) ;
#2300 = VERTEX_POINT ( 'NONE', #323 ) ;
#2301 = DIRECTION ( 'NONE',  ( -1.000000000000000000, 0.000000000000000000, -1.084202172485503448E-15 ) ) ;
#2302 = EDGE_CURVE ( 'NONE', #2900, #2725, #1661, .T. ) ;
#2303 = PLANE ( 'NONE',  #988 ) ;
#2304 = EDGE_CURVE ( 'NONE', #2132, #966, #2513, .T. ) ;
#2305 = ORIENTED_EDGE ( 'NONE', *, *, #1828, .F. ) ;
#2306 = CARTESIAN_POINT ( 'NONE',  ( -0.7749999999999995781, 0.1000000000000000056, 0.5000000000000001110 ) ) ;
#2307 = CARTESIAN_POINT ( 'NONE',  ( -0.9999999999999997780, 0.1000000000000000056, -0.1250000000000000000 ) ) ;
#2308 = CARTESIAN_POINT ( 'NONE',  ( 0.9999999999999993339, 0.1000000000000000056, 0.6250000000000007772 ) ) ;
#2309 = CARTESIAN_POINT ( 'NONE',  ( -0.7749999999999994671, 0.1000000000000000056, 0.1250000000000001110 ) ) ;
#2310 = PLANE ( 'NONE',  #1150 ) ;
#2311 = ORIENTED_EDGE ( 'NONE', *, *, #2776, .T. ) ;
#2312 = DIRECTION ( 'NONE',  ( 1.000000000000000000, 0.000000000000000000, -2.780005570475652379E-17 ) ) ;
#2313 = DIRECTION ( 'NONE',  ( 0.000000000000000000, 1.000000000000000000, -0.000000000000000000 ) ) ;
#2314 = ORIENTED_EDGE ( 'NONE', *, *, #2037, .T. ) ;
#2315 = EDGE_CURVE ( 'NONE', #2132, #75, #2764, .T. ) ;
#2316 = CARTESIAN_POINT ( 'NONE',  ( -0.7749999999999995781, 0.1000000000000000056, 0.3750000000000001665 ) ) ;
#2317 = ORIENTED_EDGE ( 'NONE', *, *, #1303, .T. ) ;
#2318 = AXIS2_PLACEMENT_3D ( 'NONE', #2326, #1841, #1117 ) ;
#2319 = ADVANCED_FACE ( 'NONE', ( #1516 ), #2783, .F. ) ;
#2320 = FILL_AREA_STYLE ('',( #1163 ) ) ;
#2321 = VERTEX_POINT ( 'NONE', #2543 ) ;
#2322 = AXIS2_PLACEMENT_3D ( 'NONE', #2327, #2010, #2256 ) ;
#2323 = ORIENTED_EDGE ( 'NONE', *, *, #3208, .F. ) ;
#2324 = LINE ( 'NONE', #2345, #1250 ) ;
#2325 = DIRECTION ( 'NONE',  ( -3.892007798665913454E-16, 0.000000000000000000, -1.000000000000000000 ) ) ;
#2326 = CARTESIAN_POINT ( 'NONE',  ( 0.2500000000000000000, 0.000000000000000000, 0.2250000000000000056 ) ) ;
#2327 = CARTESIAN_POINT ( 'NONE',  ( -0.2500000000000000555, 0.000000000000000000, -0.4999999999999998890 ) ) ;
#2328 = ORIENTED_EDGE ( 'NONE', *, *, #2149, .T. ) ;
#2329 = VERTEX_POINT ( 'NONE', #2270 ) ;
#2330 = VECTOR ( 'NONE', #346, 1000.000000000000000 ) ;
#2331 = COLOUR_RGB ( '',0.7921568627450980005, 0.8196078431372548767, 0.9333333333333333481 ) ;
#2332 = EDGE_LOOP ( 'NONE', ( #1954, #1611, #1034, #1133 ) ) ;
#2333 = LINE ( 'NONE', #2265, #255 ) ;
#2334 = CARTESIAN_POINT ( 'NONE',  ( -0.1249999999999999722, 0.1000000000000000056, 0.7500000000000000000 ) ) ;
#2335 = CARTESIAN_POINT ( 'NONE',  ( -0.9999999999999997780, 0.000000000000000000, -0.6249999999999998890 ) ) ;
#2336 = CIRCLE ( 'NONE', #2789, 0.1250000000000000000 ) ;
#2337 = CARTESIAN_POINT ( 'NONE',  ( 0.1249999999999998612, 0.1000000000000000056, 0.2250000000000000056 ) ) ;
#2338 = VECTOR ( 'NONE', #509, 1000.000000000000000 ) ;
#2339 =( LENGTH_UNIT ( ) NAMED_UNIT ( * ) SI_UNIT ( .MILLI., .METRE. ) );
#2340 = COLOUR_RGB ( '',0.7921568627450980005, 0.8196078431372548767, 0.9333333333333333481 ) ;
#2341 = STYLED_ITEM ( 'NONE', ( #1865 ), #2416 ) ;
#2342 = FACE_OUTER_BOUND ( 'NONE', #124, .T. ) ;
#2343 = AXIS2_PLACEMENT_3D ( 'NONE', #1023, #64, #3068 ) ;
#2344 = EDGE_CURVE ( 'NONE', #1010, #690, #852, .T. ) ;
#2345 = CARTESIAN_POINT ( 'NONE',  ( 0.9999999999999997780, 0.1000000000000000056, -0.1249999999999994033 ) ) ;
#2346 = DIRECTION ( 'NONE',  ( -0.000000000000000000, -1.000000000000000000, -0.000000000000000000 ) ) ;
#2347 = LINE ( 'NONE', #2372, #2461 ) ;
#2348 = VERTEX_POINT ( 'NONE', #834 ) ;
#2349 = ORIENTED_EDGE ( 'NONE', *, *, #1424, .F. ) ;
#2350 = ORIENTED_EDGE ( 'NONE', *, *, #3058, .F. ) ;
#2351 = ORIENTED_EDGE ( 'NONE', *, *, #405, .T. ) ;
#2352 = LINE ( 'NONE', #117, #2435 ) ;
#2353 = LINE ( 'NONE', #1401, #1770 ) ;
#2354 = CARTESIAN_POINT ( 'NONE',  ( -0.9999999999999997780, 0.1000000000000000056, -0.1250000000000000000 ) ) ;
#2355 = ORIENTED_EDGE ( 'NONE', *, *, #54, .F. ) ;
#2356 = VERTEX_POINT ( 'NONE', #569 ) ;
#2357 = VECTOR ( 'NONE', #611, 1000.000000000000000 ) ;
#2358 = EDGE_CURVE ( 'NONE', #1556, #2164, #1089, .T. ) ;
#2359 = PLANE ( 'NONE',  #3067 ) ;
#2360 = DIRECTION ( 'NONE',  ( -0.000000000000000000, -0.000000000000000000, -1.000000000000000000 ) ) ;
#2361 = CARTESIAN_POINT ( 'NONE',  ( -0.7749999999999994671, 0.000000000000000000, 0.1250000000000001110 ) ) ;
#2362 = ORIENTED_EDGE ( 'NONE', *, *, #1957, .T. ) ;
#2363 = CARTESIAN_POINT ( 'NONE',  ( -0.6499999999999998002, 0.1000000000000000056, -0.5249999999999999112 ) ) ;
#2364 = CARTESIAN_POINT ( 'NONE',  ( 0.7749999999999993561, 0.1000000000000000056, -0.3750000000000008327 ) ) ;
#2365 = CARTESIAN_POINT ( 'NONE',  ( 0.1249999999999998335, 0.000000000000000000, -0.7500000000000000000 ) ) ;
#2366 = ORIENTED_EDGE ( 'NONE', *, *, #544, .T. ) ;
#2367 =( LENGTH_UNIT ( ) NAMED_UNIT ( * ) SI_UNIT ( .MILLI., .METRE. ) );
#2368 = EDGE_CURVE ( 'NONE', #2419, #738, #1563, .T. ) ;
#2369 = CARTESIAN_POINT ( 'NONE',  ( -0.2500000000000000000, 0.05000000000000002359, 0.07499999999999976130 ) ) ;
#2370 = FACE_OUTER_BOUND ( 'NONE', #693, .T. ) ;
#2371 = DIRECTION ( 'NONE',  ( 1.000000000000000000, 0.000000000000000000, 7.228014483236683736E-16 ) ) ;
#2372 = CARTESIAN_POINT ( 'NONE',  ( -0.6499999999999998002, 0.1000000000000000056, -0.5249999999999999112 ) ) ;
#2373 = VECTOR ( 'NONE', #1561, 1000.000000000000000 ) ;
#2374 = VERTEX_POINT ( 'NONE', #1060 ) ;
#2375 = VERTEX_POINT ( 'NONE', #1786 ) ;
#2376 = DIRECTION ( 'NONE',  ( -1.000000000000000000, 0.000000000000000000, 0.000000000000000000 ) ) ;
#2377 = DIRECTION ( 'NONE',  ( 0.000000000000000000, -1.000000000000000000, 0.000000000000000000 ) ) ;
#2378 = PLANE ( 'NONE',  #1339 ) ;
#2379 = CARTESIAN_POINT ( 'NONE',  ( -0.7999999999999998224, 0.9799999999999999822, -0.5500000000000000444 ) ) ;
#2380 = ORIENTED_EDGE ( 'NONE', *, *, #682, .F. ) ;
#2381 = STYLED_ITEM ( 'NONE', ( #2094 ), #381 ) ;
#2382 = ADVANCED_FACE ( 'NONE', ( #2561 ), #3022, .T. ) ;
#2383 = CARTESIAN_POINT ( 'NONE',  ( 0.9999999999999993339, 0.1000000000000000056, -0.3750000000000009437 ) ) ;
#2384 = VECTOR ( 'NONE', #1674, 1000.000000000000000 ) ;
#2385 = AXIS2_PLACEMENT_3D ( 'NONE', #1415, #402, #440 ) ;
#2386 = VERTEX_POINT ( 'NONE', #2084 ) ;
#2387 = ORIENTED_EDGE ( 'NONE', *, *, #2844, .F. ) ;
#2388 = VECTOR ( 'NONE', #3017, 1000.000000000000000 ) ;
#2389 = ORIENTED_EDGE ( 'NONE', *, *, #745, .T. ) ;
#2390 = LINE ( 'NONE', #1904, #2330 ) ;
#2391 = VECTOR ( 'NONE', #3045, 1000.000000000000000 ) ;
#2392 = ORIENTED_EDGE ( 'NONE', *, *, #1974, .F. ) ;
#2393 = AXIS2_PLACEMENT_3D ( 'NONE', #305, #345, #1547 ) ;
#2394 = DIRECTION ( 'NONE',  ( 0.000000000000000000, 0.000000000000000000, -1.000000000000000000 ) ) ;
#2395 = DIRECTION ( 'NONE',  ( -0.000000000000000000, -1.000000000000000000, -0.000000000000000000 ) ) ;
#2396 = VECTOR ( 'NONE', #895, 1000.000000000000000 ) ;
#2397 = ADVANCED_FACE ( 'NONE', ( #35 ), #1816, .T. ) ;
#2398 = DIRECTION ( 'NONE',  ( 0.000000000000000000, 0.000000000000000000, 1.000000000000000000 ) ) ;
#2399 = CARTESIAN_POINT ( 'NONE',  ( 0.7749999999999993561, 0.1000000000000000056, 0.5000000000000005551 ) ) ;
#2400 = CARTESIAN_POINT ( 'NONE',  ( -6.023345402697239077E-16, 0.05000000000000002359, 0.6249999999999997780 ) ) ;
#2401 = ORIENTED_EDGE ( 'NONE', *, *, #2281, .F. ) ;
#2402 = ADVANCED_FACE ( 'NONE', ( #2289 ), #1577, .T. ) ;
#2403 = DIRECTION ( 'NONE',  ( 0.000000000000000000, -1.000000000000000000, 0.000000000000000000 ) ) ;
#2404 = VERTEX_POINT ( 'NONE', #2574 ) ;
#2405 = EDGE_CURVE ( 'NONE', #3046, #2132, #1266, .T. ) ;
#2406 = ORIENTED_EDGE ( 'NONE', *, *, #673, .F. ) ;
#2407 =( NAMED_UNIT ( * ) PLANE_ANGLE_UNIT ( ) SI_UNIT ( $, .RADIAN. ) );
#2408 = EDGE_LOOP ( 'NONE', ( #800, #2717, #2827, #3087 ) ) ;
#2409 = LINE ( 'NONE', #276, #3177 ) ;
#2410 = LINE ( 'NONE', #921, #1294 ) ;
#2411 = ADVANCED_FACE ( 'NONE', ( #24 ), #2053, .F. ) ;
#2412 = ORIENTED_EDGE ( 'NONE', *, *, #2605, .T. ) ;
#2413 = CARTESIAN_POINT ( 'NONE',  ( -0.2500000000000000000, 0.1000000000000000056, 0.07499999999999976130 ) ) ;
#2414 = DIRECTION ( 'NONE',  ( 3.212450881438531255E-16, 0.000000000000000000, -1.000000000000000000 ) ) ;
#2415 = CYLINDRICAL_SURFACE ( 'NONE', #2134, 0.1250000000000000000 ) ;
#2416 = MANIFOLD_SOLID_BREP ( 'Boss-Extrude4[8]', #465 ) ;
#2417 = CARTESIAN_POINT ( 'NONE',  ( -0.1249999999999998890, 0.05000000000000002359, -0.7500000000000000000 ) ) ;
#2418 = FILL_AREA_STYLE_COLOUR ( '', #3179 ) ;
#2419 = VERTEX_POINT ( 'NONE', #1592 ) ;
#2420 = ORIENTED_EDGE ( 'NONE', *, *, #2978, .T. ) ;
#2421 =( NAMED_UNIT ( * ) SI_UNIT ( $, .STERADIAN. ) SOLID_ANGLE_UNIT ( ) );
#2422 = ORIENTED_EDGE ( 'NONE', *, *, #781, .F. ) ;
#2423 = CARTESIAN_POINT ( 'NONE',  ( -0.3750000000000000000, 0.05000000000000002359, 0.000000000000000000 ) ) ;
#2424 = MANIFOLD_SOLID_BREP ( 'Boss-Extrude4[5]', #1280 ) ;
#2425 = EDGE_CURVE ( 'NONE', #2560, #1113, #543, .T. ) ;
#2426 = DIRECTION ( 'NONE',  ( 0.000000000000000000, -1.000000000000000000, 0.000000000000000000 ) ) ;
#2427 = DIRECTION ( 'NONE',  ( -1.000000000000000000, -0.000000000000000000, -0.000000000000000000 ) ) ;
#2428 = CARTESIAN_POINT ( 'NONE',  ( -0.3749999999999997780, 0.1000000000000000056, 0.07499999999999990008 ) ) ;
#2429 = VERTEX_POINT ( 'NONE', #153 ) ;
#2430 = CARTESIAN_POINT ( 'NONE',  ( -0.9999999999999997780, 0.1000000000000000056, 0.3750000000000001665 ) ) ;
#2431 = DIRECTION ( 'NONE',  ( 1.000000000000000000, -0.000000000000000000, 9.637352644315584889E-16 ) ) ;
#2432 = ORIENTED_EDGE ( 'NONE', *, *, #2071, .T. ) ;
#2433 = ORIENTED_EDGE ( 'NONE', *, *, #1994, .F. ) ;
#2434 = AXIS2_PLACEMENT_3D ( 'NONE', #1946, #1442, #2470 ) ;
#2435 = VECTOR ( 'NONE', #1121, 1000.000000000000000 ) ;
#2436 = LINE ( 'NONE', #206, #2231 ) ;
#2437 = MANIFOLD_SOLID_BREP ( 'Boss-Extrude4[2]', #1236 ) ;
#2438 = VECTOR ( 'NONE', #968, 1000.000000000000000 ) ;
#2439 = AXIS2_PLACEMENT_3D ( 'NONE', #869, #111, #2371 ) ;
#2440 = VECTOR ( 'NONE', #2103, 1000.000000000000000 ) ;
#2441 = PLANE ( 'NONE',  #2697 ) ;
#2442 = EDGE_CURVE ( 'NONE', #2987, #3034, #1900, .T. ) ;
#2443 = VERTEX_POINT ( 'NONE', #2906 ) ;
#2444 = MANIFOLD_SOLID_BREP ( 'Boss-Extrude4[4]', #1331 ) ;
#2445 = DIRECTION ( 'NONE',  ( 1.000000000000000000, 0.000000000000000000, -0.000000000000000000 ) ) ;
#2446 = VECTOR ( 'NONE', #2431, 1000.000000000000000 ) ;
#2447 = DIRECTION ( 'NONE',  ( 0.000000000000000000, 0.000000000000000000, -1.000000000000000000 ) ) ;
#2448 = FACE_OUTER_BOUND ( 'NONE', #1589, .T. ) ;
#2449 = ORIENTED_EDGE ( 'NONE', *, *, #3055, .F. ) ;
#2450 = FILL_AREA_STYLE_COLOUR ( '', #2331 ) ;
#2451 = ORIENTED_EDGE ( 'NONE', *, *, #236, .T. ) ;
#2452 = ORIENTED_EDGE ( 'NONE', *, *, #1424, .T. ) ;
#2453 = ORIENTED_EDGE ( 'NONE', *, *, #1308, .T. ) ;
#2454 = DIRECTION ( 'NONE',  ( -0.000000000000000000, 1.000000000000000000, -0.000000000000000000 ) ) ;
#2455 = EDGE_LOOP ( 'NONE', ( #2242, #759, #1894, #2815 ) ) ;
#2456 = DIRECTION ( 'NONE',  ( 2.780005570475652379E-17, -0.000000000000000000, 1.000000000000000000 ) ) ;
#2457 =( LENGTH_UNIT ( ) NAMED_UNIT ( * ) SI_UNIT ( .MILLI., .METRE. ) );
#2458 = ORIENTED_EDGE ( 'NONE', *, *, #1503, .T. ) ;
#2459 = MANIFOLD_SOLID_BREP ( 'Boss-Extrude4[3]', #2223 ) ;
#2460 = ADVANCED_FACE ( 'NONE', ( #2466 ), #865, .T. ) ;
#2461 = VECTOR ( 'NONE', #2848, 1000.000000000000114 ) ;
#2462 = LINE ( 'NONE', #2721, #783 ) ;
#2463 = CARTESIAN_POINT ( 'NONE',  ( -0.3750000000000000000, 0.1000000000000000056, 0.7500000000000000000 ) ) ;
#2464 = DIRECTION ( 'NONE',  ( 1.000000000000000000, 0.000000000000000000, 0.000000000000000000 ) ) ;
#2465 = EDGE_LOOP ( 'NONE', ( #1880, #589, #1307, #2314 ) ) ;
#2466 = FACE_OUTER_BOUND ( 'NONE', #2126, .T. ) ;
#2467 = ORIENTED_EDGE ( 'NONE', *, *, #120, .T. ) ;
#2468 = EDGE_CURVE ( 'NONE', #2672, #2374, #1468, .T. ) ;
#2469 = CARTESIAN_POINT ( 'NONE',  ( 0.3750000000000001110, 0.1000000000000000056, 0.2249999999999999500 ) ) ;
#2470 = DIRECTION ( 'NONE',  ( 1.000000000000000000, 0.000000000000000000, -0.000000000000000000 ) ) ;
#2471 = DIRECTION ( 'NONE',  ( 0.000000000000000000, 0.000000000000000000, 1.000000000000000000 ) ) ;
#2472 = FACE_OUTER_BOUND ( 'NONE', #223, .T. ) ;
#2473 = CARTESIAN_POINT ( 'NONE',  ( -0.7999999999999998224, 0.9799999999999999822, -0.5500000000000000444 ) ) ;
#2474 = EDGE_CURVE ( 'NONE', #3221, #1467, #1685, .T. ) ;
#2475 =( NAMED_UNIT ( * ) SI_UNIT ( $, .STERADIAN. ) SOLID_ANGLE_UNIT ( ) );
#2476 = DIRECTION ( 'NONE',  ( 0.000000000000000000, -1.000000000000000000, 0.000000000000000000 ) ) ;
#2477 = CLOSED_SHELL ( 'NONE', ( #1683, #2992, #1063, #2227, #1908, #2946 ) ) ;
#2478 = ADVANCED_FACE ( 'NONE', ( #718 ), #2923, .T. ) ;
#2479 = VERTEX_POINT ( 'NONE', #2662 ) ;
#2480 = VERTEX_POINT ( 'NONE', #3219 ) ;
#2481 = LINE ( 'NONE', #2976, #2490 ) ;
#2482 = VECTOR ( 'NONE', #1289, 1000.000000000000000 ) ;
#2483 = DIRECTION ( 'NONE',  ( -1.000000000000000000, 0.000000000000000000, -4.818676322157796389E-16 ) ) ;
#2484 = AXIS2_PLACEMENT_3D ( 'NONE', #109, #1850, #2135 ) ;
#2485 = VECTOR ( 'NONE', #2932, 1000.000000000000000 ) ;
#2486 = CIRCLE ( 'NONE', #1095, 0.1249999999999998890 ) ;
#2487 = LINE ( 'NONE', #1693, #474 ) ;
#2488 = CARTESIAN_POINT ( 'NONE',  ( -0.6499999999999998002, 0.1000000000000000056, -0.6249999999999998890 ) ) ;
#2489 = DIRECTION ( 'NONE',  ( 0.000000000000000000, 0.000000000000000000, -1.000000000000000000 ) ) ;
#2490 = VECTOR ( 'NONE', #996, 1000.000000000000000 ) ;
#2491 = ORIENTED_EDGE ( 'NONE', *, *, #2368, .F. ) ;
#2492 = CARTESIAN_POINT ( 'NONE',  ( 0.7749999999999993561, 0.1000000000000000056, -0.3750000000000008327 ) ) ;
#2493 = DIRECTION ( 'NONE',  ( -1.000000000000000000, 0.000000000000000000, 9.637352644315575028E-16 ) ) ;
#2494 = VECTOR ( 'NONE', #2968, 1000.000000000000000 ) ;
#2495 = ORIENTED_EDGE ( 'NONE', *, *, #1618, .F. ) ;
#2496 = VERTEX_POINT ( 'NONE', #2178 ) ;
#2497 = ADVANCED_FACE ( 'NONE', ( #2209 ), #992, .T. ) ;
#2498 = DIRECTION ( 'NONE',  ( 0.000000000000000000, 1.000000000000000000, -0.000000000000000000 ) ) ;
#2499 = EDGE_CURVE ( 'NONE', #150, #3071, #3174, .T. ) ;
#2500 = ORIENTED_EDGE ( 'NONE', *, *, #1903, .T. ) ;
#2501 = EDGE_CURVE ( 'NONE', #3074, #1562, #1248, .T. ) ;
#2502 = DIRECTION ( 'NONE',  ( 0.000000000000000000, 0.000000000000000000, 1.000000000000000000 ) ) ;
#2503 = UNCERTAINTY_MEASURE_WITH_UNIT (LENGTH_MEASURE( 1.000000000000000082E-05 ), #1596, 'distance_accuracy_value', 'NONE');
#2504 = EDGE_LOOP ( 'NONE', ( #1654, #830, #2673, #2138 ) ) ;
#2505 = EDGE_CURVE ( 'NONE', #3192, #430, #1498, .T. ) ;
#2506 = DIRECTION ( 'NONE',  ( -1.000000000000000000, -0.000000000000000000, -0.000000000000000000 ) ) ;
#2507 = DIRECTION ( 'NONE',  ( -0.000000000000000000, -0.000000000000000000, -1.000000000000000000 ) ) ;
#2508 = FACE_OUTER_BOUND ( 'NONE', #836, .T. ) ;
#2509 = DIRECTION ( 'NONE',  ( 0.000000000000000000, -1.000000000000000000, 0.000000000000000000 ) ) ;
#2510 = LINE ( 'NONE', #566, #158 ) ;
#2511 = CARTESIAN_POINT ( 'NONE',  ( -0.3750000000000000000, 0.1000000000000000056, -0.7500000000000001110 ) ) ;
#2512 = ORIENTED_EDGE ( 'NONE', *, *, #2891, .F. ) ;
#2513 = LINE ( 'NONE', #2021, #2036 ) ;
#2514 = EDGE_CURVE ( 'NONE', #753, #2419, #1717, .T. ) ;
#2515 = ORIENTED_EDGE ( 'NONE', *, *, #1937, .F. ) ;
#2516 = FACE_OUTER_BOUND ( 'NONE', #1110, .T. ) ;
#2517 = ADVANCED_FACE ( 'NONE', ( #586 ), #1782, .F. ) ;
#2518 = LINE ( 'NONE', #2566, #2131 ) ;
#2519 = DIRECTION ( 'NONE',  ( -0.000000000000000000, 1.000000000000000000, -0.000000000000000000 ) ) ;
#2520 = DIRECTION ( 'NONE',  ( -0.000000000000000000, -1.000000000000000000, -0.000000000000000000 ) ) ;
#2521 = SURFACE_STYLE_FILL_AREA ( #2800 ) ;
#2522 = CARTESIAN_POINT ( 'NONE',  ( -0.8000000000000003775, 0.000000000000000000, -0.3749999999999998890 ) ) ;
#2523 = DIRECTION ( 'NONE',  ( -1.000000000000000000, 0.000000000000000000, -0.000000000000000000 ) ) ;
#2524 = EDGE_LOOP ( 'NONE', ( #3104, #2495, #2658, #732 ) ) ;
#2525 = LINE ( 'NONE', #1800, #2542 ) ;
#2526 = VECTOR ( 'NONE', #324, 1000.000000000000000 ) ;
#2527 = CARTESIAN_POINT ( 'NONE',  ( -0.6499999999999998002, 0.1000000000000000056, -0.6249999999999998890 ) ) ;
#2528 = VECTOR ( 'NONE', #545, 1000.000000000000000 ) ;
#2529 = VECTOR ( 'NONE', #2325, 1000.000000000000000 ) ;
#2530 = CARTESIAN_POINT ( 'NONE',  ( 0.7749999999999993561, 0.1000000000000000056, 0.3750000000000006106 ) ) ;
#2531 = CARTESIAN_POINT ( 'NONE',  ( -0.3749999999999999445, 0.1000000000000000056, -0.4999999999999998890 ) ) ;
#2532 = CARTESIAN_POINT ( 'NONE',  ( -0.3750000000000000000, 0.1000000000000000056, 0.7500000000000000000 ) ) ;
#2533 = EDGE_CURVE ( 'NONE', #235, #751, #1290, .T. ) ;
#2534 = ORIENTED_EDGE ( 'NONE', *, *, #1636, .F. ) ;
#2535 = AXIS2_PLACEMENT_3D ( 'NONE', #815, #2109, #1812 ) ;
#2536 = CARTESIAN_POINT ( 'NONE',  ( -0.6499999999999998002, 0.1000000000000000056, -0.6249999999999998890 ) ) ;
#2537 = VECTOR ( 'NONE', #175, 1000.000000000000000 ) ;
#2538 = CARTESIAN_POINT ( 'NONE',  ( 0.9999999999999993339, 0.1000000000000000056, -0.6250000000000009992 ) ) ;
#2539 = FACE_OUTER_BOUND ( 'NONE', #680, .T. ) ;
#2540 = EDGE_CURVE ( 'NONE', #419, #1557, #519, .T. ) ;
#2541 = VERTEX_POINT ( 'NONE', #2781 ) ;
#2542 = VECTOR ( 'NONE', #1278, 1000.000000000000000 ) ;
#2543 = CARTESIAN_POINT ( 'NONE',  ( -0.9999999999999997780, 0.1000000000000000056, -0.3749999999999998890 ) ) ;
#2544 = EDGE_CURVE ( 'NONE', #1072, #1286, #1263, .T. ) ;
#2545 = CIRCLE ( 'NONE', #1157, 0.1250000000000000000 ) ;
#2546 = CYLINDRICAL_SURFACE ( 'NONE', #307, 0.1249999999999998196 ) ;
#2547 = VERTEX_POINT ( 'NONE', #1559 ) ;
#2548 = CARTESIAN_POINT ( 'NONE',  ( -0.9999999999999997780, 0.1000000000000000056, -0.6249999999999998890 ) ) ;
#2549 = DIRECTION ( 'NONE',  ( 0.000000000000000000, 1.000000000000000000, 0.000000000000000000 ) ) ;
#2550 = LINE ( 'NONE', #1019, #2993 ) ;
#2551 = CARTESIAN_POINT ( 'NONE',  ( -0.3750000000000000000, 0.000000000000000000, 0.7500000000000000000 ) ) ;
#2552 = EDGE_CURVE ( 'NONE', #2849, #877, #3016, .T. ) ;
#2553 = ORIENTED_EDGE ( 'NONE', *, *, #3019, .F. ) ;
#2554 = ORIENTED_EDGE ( 'NONE', *, *, #999, .F. ) ;
#2555 = CARTESIAN_POINT ( 'NONE',  ( -0.9999999999999997780, 0.1000000000000000056, -0.1250000000000000000 ) ) ;
#2556 = CARTESIAN_POINT ( 'NONE',  ( -0.7749999999999995781, 0.1000000000000000056, 0.3750000000000001665 ) ) ;
#2557 = LINE ( 'NONE', #1588, #2797 ) ;
#2558 = CYLINDRICAL_SURFACE ( 'NONE', #1914, 0.1249999999999998196 ) ;
#2559 = EDGE_CURVE ( 'NONE', #744, #2047, #2510, .T. ) ;
#2560 = VERTEX_POINT ( 'NONE', #2556 ) ;
#2561 = FACE_OUTER_BOUND ( 'NONE', #2730, .T. ) ;
#2562 = ORIENTED_EDGE ( 'NONE', *, *, #2747, .T. ) ;
#2563 = LINE ( 'NONE', #1635, #2899 ) ;
#2564 = CARTESIAN_POINT ( 'NONE',  ( 0.9999999999999997780, 0.1000000000000000056, -0.1249999999999994033 ) ) ;
#2565 = CARTESIAN_POINT ( 'NONE',  ( 0.9999999999999993339, 0.1000000000000000056, 0.3750000000000007216 ) ) ;
#2566 = CARTESIAN_POINT ( 'NONE',  ( -0.7749999999999995781, 0.1000000000000000056, 0.3750000000000001665 ) ) ;
#2567 = CARTESIAN_POINT ( 'NONE',  ( 0.9999999999999993339, 0.1000000000000000056, -0.6250000000000009992 ) ) ;
#2568 = EDGE_CURVE ( 'NONE', #2732, #738, #2861, .T. ) ;
#2569 = CYLINDRICAL_SURFACE ( 'NONE', #2901, 0.1250000000000000000 ) ;
#2570 = CARTESIAN_POINT ( 'NONE',  ( -0.9999999999999997780, 0.000000000000000000, 0.6250000000000001110 ) ) ;
#2571 = CARTESIAN_POINT ( 'NONE',  ( 0.7749999999999995781, 0.05000000000000002359, 5.430045880531565739E-16 ) ) ;
#2572 = LINE ( 'NONE', #2337, #1749 ) ;
#2573 = ORIENTED_EDGE ( 'NONE', *, *, #2977, .F. ) ;
#2574 = CARTESIAN_POINT ( 'NONE',  ( 0.9999999999999993339, 0.1000000000000000056, -0.6250000000000009992 ) ) ;
#2575 = EDGE_CURVE ( 'NONE', #2582, #1664, #1797, .T. ) ;
#2576 = ORIENTED_EDGE ( 'NONE', *, *, #1459, .F. ) ;
#2577 = DIRECTION ( 'NONE',  ( 9.637352644315584889E-16, 0.000000000000000000, -1.000000000000000000 ) ) ;
#2578 = VECTOR ( 'NONE', #152, 1000.000000000000000 ) ;
#2579 = DIRECTION ( 'NONE',  ( 2.810894521258714231E-16, 0.000000000000000000, 1.000000000000000000 ) ) ;
#2580 = DIRECTION ( 'NONE',  ( -3.892007798665913454E-16, 0.000000000000000000, -1.000000000000000000 ) ) ;
#2581 = LINE ( 'NONE', #1081, #2821 ) ;
#2582 = VERTEX_POINT ( 'NONE', #2522 ) ;
#2583 = VERTEX_POINT ( 'NONE', #321 ) ;
#2584 = VECTOR ( 'NONE', #137, 1000.000000000000000 ) ;
#2585 = VERTEX_POINT ( 'NONE', #779 ) ;
#2586 = PLANE ( 'NONE',  #38 ) ;
#2587 = CARTESIAN_POINT ( 'NONE',  ( 0.9999999999999997780, 0.1000000000000000056, 0.1250000000000006106 ) ) ;
#2588 = DIRECTION ( 'NONE',  ( 0.000000000000000000, 0.000000000000000000, 1.000000000000000000 ) ) ;
#2589 = VECTOR ( 'NONE', #1944, 1000.000000000000000 ) ;
#2590 = VECTOR ( 'NONE', #644, 1000.000000000000000 ) ;
#2591 = VERTEX_POINT ( 'NONE', #1085 ) ;
#2592 = CIRCLE ( 'NONE', #41, 0.1249999999999998196 ) ;
#2593 = ORIENTED_EDGE ( 'NONE', *, *, #1801, .F. ) ;
#2594 = PRESENTATION_STYLE_ASSIGNMENT (( #1883 ) ) ;
#2595 = PRESENTATION_LAYER_ASSIGNMENT (  '', '', ( #2341 ) ) ;
#2596 = EDGE_CURVE ( 'NONE', #751, #444, #539, .T. ) ;
#2597 = EDGE_CURVE ( 'NONE', #2020, #1484, #1208, .T. ) ;
#2598 = VECTOR ( 'NONE', #1572, 1000.000000000000000 ) ;
#2599 = PLANE ( 'NONE',  #1488 ) ;
#2600 = ADVANCED_FACE ( 'NONE', ( #1744 ), #1512, .F. ) ;
#2601 = LINE ( 'NONE', #2791, #3119 ) ;
#2602 = LINE ( 'NONE', #1367, #424 ) ;
#2603 = CARTESIAN_POINT ( 'NONE',  ( -0.9999999999999997780, 0.1000000000000000056, 0.3750000000000001665 ) ) ;
#2604 = ORIENTED_EDGE ( 'NONE', *, *, #2645, .F. ) ;
#2605 = EDGE_CURVE ( 'NONE', #172, #1634, #2741, .T. ) ;
#2606 = VERTEX_POINT ( 'NONE', #3032 ) ;
#2607 = DIRECTION ( 'NONE',  ( 0.000000000000000000, -0.000000000000000000, 1.000000000000000000 ) ) ;
#2608 = LINE ( 'NONE', #1878, #2290 ) ;
#2609 = CARTESIAN_POINT ( 'NONE',  ( -0.3750000000000000000, 0.000000000000000000, -0.7500000000000001110 ) ) ;
#2610 = EDGE_LOOP ( 'NONE', ( #1988, #1940, #2888, #2872 ) ) ;
#2611 = SURFACE_STYLE_FILL_AREA ( #1432 ) ;
#2612 = DIRECTION ( 'NONE',  ( -1.000000000000000000, -0.000000000000000000, -0.000000000000000000 ) ) ;
#2613 = DIRECTION ( 'NONE',  ( 0.000000000000000000, -1.000000000000000000, 0.000000000000000000 ) ) ;
#2614 = LINE ( 'NONE', #1672, #3164 ) ;
#2615 = CARTESIAN_POINT ( 'NONE',  ( -0.9999999999999997780, 0.05000000000000002359, 0.3750000000000001665 ) ) ;
#2616 = LINE ( 'NONE', #2104, #2033 ) ;
#2617 = PLANE ( 'NONE',  #1641 ) ;
#2618 = FACE_OUTER_BOUND ( 'NONE', #76, .T. ) ;
#2619 = ADVANCED_FACE ( 'NONE', ( #1038 ), #798, .T. ) ;
#2620 = CARTESIAN_POINT ( 'NONE',  ( -0.1250000000000001665, 0.1000000000000000056, 0.07499999999999981681 ) ) ;
#2621 = CARTESIAN_POINT ( 'NONE',  ( 0.9999999999999997780, 0.000000000000000000, -0.1249999999999994033 ) ) ;
#2622 = DIRECTION ( 'NONE',  ( -1.000000000000000000, 0.000000000000000000, -1.084202172485503448E-15 ) ) ;
#2623 = CARTESIAN_POINT ( 'NONE',  ( 0.7749999999999989120, 0.1000000000000000056, -0.6250000000000007772 ) ) ;
#2624 = ORIENTED_EDGE ( 'NONE', *, *, #466, .F. ) ;
#2625 = ORIENTED_EDGE ( 'NONE', *, *, #2137, .F. ) ;
#2626 = ORIENTED_EDGE ( 'NONE', *, *, #2168, .T. ) ;
#2627 = PLANE ( 'NONE',  #1193 ) ;
#2628 = DIRECTION ( 'NONE',  ( 0.000000000000000000, -0.000000000000000000, 1.000000000000000000 ) ) ;
#2629 = PLANE ( 'NONE',  #2439 ) ;
#2630 = DIRECTION ( 'NONE',  ( 0.000000000000000000, -1.000000000000000000, 0.000000000000000000 ) ) ;
#2631 = VECTOR ( 'NONE', #897, 1000.000000000000000 ) ;
#2632 = ADVANCED_FACE ( 'NONE', ( #2062 ), #339, .T. ) ;
#2633 = ADVANCED_FACE ( 'NONE', ( #910 ), #1136, .F. ) ;
#2634 = PLANE ( 'NONE',  #2385 ) ;
#2635 = PLANE ( 'NONE',  #789 ) ;
#2636 = DIRECTION ( 'NONE',  ( -0.000000000000000000, -1.000000000000000000, -0.000000000000000000 ) ) ;
#2637 = ORIENTED_EDGE ( 'NONE', *, *, #2765, .F. ) ;
#2638 = VECTOR ( 'NONE', #3083, 1000.000000000000000 ) ;
#2639 = LINE ( 'NONE', #1405, #2120 ) ;
#2640 = ORIENTED_EDGE ( 'NONE', *, *, #981, .F. ) ;
#2641 = EDGE_LOOP ( 'NONE', ( #237, #828, #1160, #2387 ) ) ;
#2642 = CIRCLE ( 'NONE', #1247, 0.1250000000000000000 ) ;
#2643 = ORIENTED_EDGE ( 'NONE', *, *, #757, .T. ) ;
#2644 = VECTOR ( 'NONE', #1891, 1000.000000000000000 ) ;
#2645 = EDGE_CURVE ( 'NONE', #75, #3082, #2608, .T. ) ;
#2646 = CARTESIAN_POINT ( 'NONE',  ( -0.7749999999999995781, 0.05000000000000002359, 0.5000000000000001110 ) ) ;
#2647 = VECTOR ( 'NONE', #492, 1000.000000000000000 ) ;
#2648 = VERTEX_POINT ( 'NONE', #2095 ) ;
#2649 = STYLED_ITEM ( 'NONE', ( #735 ), #2444 ) ;
#2650 = CARTESIAN_POINT ( 'NONE',  ( 0.7749999999999994671, 0.1000000000000000056, 0.1250000000000004441 ) ) ;
#2651 = CARTESIAN_POINT ( 'NONE',  ( -0.7749999999999994671, 0.05000000000000002359, 0.1250000000000001110 ) ) ;
#2652 = VECTOR ( 'NONE', #2493, 1000.000000000000000 ) ;
#2653 = ORIENTED_EDGE ( 'NONE', *, *, #775, .F. ) ;
#2654 = ORIENTED_EDGE ( 'NONE', *, *, #1787, .T. ) ;
#2655 = CARTESIAN_POINT ( 'NONE',  ( -0.9999999999999997780, 0.1000000000000000056, -0.3749999999999998890 ) ) ;
#2656 = DIRECTION ( 'NONE',  ( -4.818676322157796389E-16, 0.000000000000000000, 1.000000000000000000 ) ) ;
#2657 = DIRECTION ( 'NONE',  ( 0.000000000000000000, -1.000000000000000000, 0.000000000000000000 ) ) ;
#2658 = ORIENTED_EDGE ( 'NONE', *, *, #1212, .F. ) ;
#2659 = ORIENTED_EDGE ( 'NONE', *, *, #1627, .F. ) ;
#2660 = EDGE_LOOP ( 'NONE', ( #1646, #2593 ) ) ;
#2661 = DIRECTION ( 'NONE',  ( 0.000000000000000000, 1.000000000000000000, 0.000000000000000000 ) ) ;
#2662 = CARTESIAN_POINT ( 'NONE',  ( 0.9999999999999993339, 0.05000000000000002359, 0.3750000000000007216 ) ) ;
#2663 = ORIENTED_EDGE ( 'NONE', *, *, #2699, .T. ) ;
#2664 = EDGE_CURVE ( 'NONE', #356, #2329, #2122, .T. ) ;
#2665 = EDGE_LOOP ( 'NONE', ( #2038, #2152, #2828, #2604 ) ) ;
#2666 = VERTEX_POINT ( 'NONE', #2364 ) ;
#2667 = PLANE ( 'NONE',  #2434 ) ;
#2668 = EDGE_LOOP ( 'NONE', ( #2420, #34 ) ) ;
#2669 = LINE ( 'NONE', #2215, #1594 ) ;
#2670 = DIRECTION ( 'NONE',  ( 0.000000000000000000, 1.000000000000000000, 0.000000000000000000 ) ) ;
#2671 = CARTESIAN_POINT ( 'NONE',  ( -0.7749999999999995781, 0.1000000000000000056, 9.486769009248163798E-17 ) ) ;
#2672 = VERTEX_POINT ( 'NONE', #645 ) ;
#2673 = ORIENTED_EDGE ( 'NONE', *, *, #887, .T. ) ;
#2674 = EDGE_LOOP ( 'NONE', ( #2997, #665, #922, #568 ) ) ;
#2675 = CARTESIAN_POINT ( 'NONE',  ( -0.6499999999999998002, 0.1000000000000000056, -0.5249999999999999112 ) ) ;
#2676 = CARTESIAN_POINT ( 'NONE',  ( 0.3749999999999997224, 0.1000000000000000056, -0.7500000000000000000 ) ) ;
#2677 = ORIENTED_EDGE ( 'NONE', *, *, #1737, .T. ) ;
#2678 = EDGE_CURVE ( 'NONE', #2189, #1494, #1624, .T. ) ;
#2679 = FACE_OUTER_BOUND ( 'NONE', #1482, .T. ) ;
#2680 = VECTOR ( 'NONE', #2293, 1000.000000000000000 ) ;
#2681 = FACE_OUTER_BOUND ( 'NONE', #375, .T. ) ;
#2682 = SHAPE_DEFINITION_REPRESENTATION ( #116, #112 ) ;
#2683 = VERTEX_POINT ( 'NONE', #2621 ) ;
#2684 = CARTESIAN_POINT ( 'NONE',  ( 1.000000000000000222, 1.000000000000000000, 0.7500000000000000000 ) ) ;
#2685 = DIRECTION ( 'NONE',  ( 0.000000000000000000, 1.000000000000000000, -0.000000000000000000 ) ) ;
#2686 = CARTESIAN_POINT ( 'NONE',  ( 0.7749999999999991340, 0.000000000000000000, -0.5000000000000007772 ) ) ;
#2687 = ORIENTED_EDGE ( 'NONE', *, *, #803, .T. ) ;
#2688 = ORIENTED_EDGE ( 'NONE', *, *, #763, .F. ) ;
#2689 = VECTOR ( 'NONE', #2874, 1000.000000000000000 ) ;
#2690 = EDGE_LOOP ( 'NONE', ( #121, #74, #2738, #1848 ) ) ;
#2691 = LINE ( 'NONE', #2555, #3171 ) ;
#2692 = SURFACE_SIDE_STYLE ('',( #2222 ) ) ;
#2693 = ORIENTED_EDGE ( 'NONE', *, *, #169, .F. ) ;
#2694 = AXIS2_PLACEMENT_3D ( 'NONE', #2197, #2249, #2221 ) ;
#2695 = ORIENTED_EDGE ( 'NONE', *, *, #2747, .F. ) ;
#2696 = ORIENTED_EDGE ( 'NONE', *, *, #383, .F. ) ;
#2697 = AXIS2_PLACEMENT_3D ( 'NONE', #758, #1460, #2963 ) ;
#2698 = VECTOR ( 'NONE', #60, 1000.000000000000000 ) ;
#2699 = EDGE_CURVE ( 'NONE', #3026, #185, #1382, .T. ) ;
#2700 = MECHANICAL_DESIGN_GEOMETRIC_PRESENTATION_REPRESENTATION (  '', ( #622 ), #200 ) ;
#2701 = AXIS2_PLACEMENT_3D ( 'NONE', #748, #1242, #974 ) ;
#2702 = LINE ( 'NONE', #840, #1979 ) ;
#2703 = FILL_AREA_STYLE_COLOUR ( '', #754 ) ;
#2704 = AXIS2_PLACEMENT_3D ( 'NONE', #3072, #55, #1834 ) ;
#2705 = ORIENTED_EDGE ( 'NONE', *, *, #3160, .F. ) ;
#2706 = EDGE_CURVE ( 'NONE', #157, #1494, #2870, .T. ) ;
#2707 = CARTESIAN_POINT ( 'NONE',  ( 0.9999999999999993339, 0.1000000000000000056, -0.6250000000000009992 ) ) ;
#2708 = VECTOR ( 'NONE', #660, 1000.000000000000000 ) ;
#2709 = CARTESIAN_POINT ( 'NONE',  ( 0.1249999999999998335, 0.1000000000000000056, -0.7500000000000000000 ) ) ;
#2710 = CARTESIAN_POINT ( 'NONE',  ( -0.2500000000000000000, 0.05000000000000002359, -0.05000000000000005135 ) ) ;
#2711 = EDGE_CURVE ( 'NONE', #3026, #2648, #1830, .T. ) ;
#2712 = LINE ( 'NONE', #2740, #1977 ) ;
#2713 =( NAMED_UNIT ( * ) PLANE_ANGLE_UNIT ( ) SI_UNIT ( $, .RADIAN. ) );
#2714 = VERTEX_POINT ( 'NONE', #166 ) ;
#2715 = LINE ( 'NONE', #1501, #2962 ) ;
#2716 = LINE ( 'NONE', #3161, #2589 ) ;
#2717 = ORIENTED_EDGE ( 'NONE', *, *, #1453, .F. ) ;
#2718 = EDGE_CURVE ( 'NONE', #823, #2989, #2353, .T. ) ;
#2719 = DIRECTION ( 'NONE',  ( -1.000000000000000000, 0.000000000000000000, -7.228014483236683736E-16 ) ) ;
#2720 = ORIENTED_EDGE ( 'NONE', *, *, #2953, .T. ) ;
#2721 = CARTESIAN_POINT ( 'NONE',  ( 0.9999999999999997780, 0.000000000000000000, -0.1249999999999994033 ) ) ;
#2722 = LINE ( 'NONE', #1227, #1550 ) ;
#2723 = DIRECTION ( 'NONE',  ( 0.000000000000000000, 0.000000000000000000, 1.000000000000000000 ) ) ;
#2724 = EDGE_CURVE ( 'NONE', #2541, #1021, #1154, .T. ) ;
#2725 = VERTEX_POINT ( 'NONE', #2146 ) ;
#2726 = ORIENTED_EDGE ( 'NONE', *, *, #383, .T. ) ;
#2727 = LINE ( 'NONE', #752, #251 ) ;
#2728 = EDGE_LOOP ( 'NONE', ( #2224, #3158, #2705, #2064 ) ) ;
#2729 = PLANE ( 'NONE',  #2751 ) ;
#2730 = EDGE_LOOP ( 'NONE', ( #178, #1629, #2001, #2269, #1082, #2688, #15, #1820, #1632, #395, #2832, #2935, #504, #559, #2452, #1699 ) ) ;
#2731 = PLANE ( 'NONE',  #3223 ) ;
#2732 = VERTEX_POINT ( 'NONE', #873 ) ;
#2733 = DIRECTION ( 'NONE',  ( 0.000000000000000000, -0.000000000000000000, -1.000000000000000000 ) ) ;
#2734 = DIRECTION ( 'NONE',  ( 1.000000000000000000, -0.000000000000000000, -4.818676322157796389E-16 ) ) ;
#2735 = PLANE ( 'NONE',  #1870 ) ;
#2736 = AXIS2_PLACEMENT_3D ( 'NONE', #141, #3131, #1875 ) ;
#2737 = ADVANCED_FACE ( 'NONE', ( #630 ), #118, .T. ) ;
#2738 = ORIENTED_EDGE ( 'NONE', *, *, #359, .F. ) ;
#2739 = ADVANCED_FACE ( 'NONE', ( #2885 ), #2635, .T. ) ;
#2740 = CARTESIAN_POINT ( 'NONE',  ( -0.6499999999999998002, 0.1000000000000000056, -0.5249999999999999112 ) ) ;
#2741 = LINE ( 'NONE', #2266, #1350 ) ;
#2742 = ORIENTED_EDGE ( 'NONE', *, *, #2645, .T. ) ;
#2743 = ADVANCED_FACE ( 'NONE', ( #353 ), #372, .F. ) ;
#2744 = EDGE_LOOP ( 'NONE', ( #2573, #1799, #413, #12 ) ) ;
#2745 = LINE ( 'NONE', #1179, #2338 ) ;
#2746 = PRESENTATION_LAYER_ASSIGNMENT (  '', '', ( #936 ) ) ;
#2747 = EDGE_CURVE ( 'NONE', #3140, #2300, #849, .T. ) ;
#2748 = LINE ( 'NONE', #25, #2182 ) ;
#2749 = VECTOR ( 'NONE', #1383, 1000.000000000000000 ) ;
#2750 = VECTOR ( 'NONE', #1620, 1000.000000000000000 ) ;
#2751 = AXIS2_PLACEMENT_3D ( 'NONE', #1483, #1411, #934 ) ;
#2752 = AXIS2_PLACEMENT_3D ( 'NONE', #1840, #2866, #2118 ) ;
#2753 = ORIENTED_EDGE ( 'NONE', *, *, #1479, .T. ) ;
#2754 = PLANE ( 'NONE',  #1542 ) ;
#2755 = FACE_OUTER_BOUND ( 'NONE', #67, .T. ) ;
#2756 = CARTESIAN_POINT ( 'NONE',  ( 0.000000000000000000, 0.05000000000000002359, 0.000000000000000000 ) ) ;
#2757 = ORIENTED_EDGE ( 'NONE', *, *, #822, .T. ) ;
#2758 = VECTOR ( 'NONE', #2773, 1000.000000000000114 ) ;
#2759 = VERTEX_POINT ( 'NONE', #1587 ) ;
#2760 =( LENGTH_UNIT ( ) NAMED_UNIT ( * ) SI_UNIT ( .MILLI., .METRE. ) );
#2761 = CARTESIAN_POINT ( 'NONE',  ( 0.9999999999999993339, 0.1000000000000000056, 0.3750000000000007216 ) ) ;
#2762 = VECTOR ( 'NONE', #50, 1000.000000000000000 ) ;
#2763 = EDGE_LOOP ( 'NONE', ( #1881, #795, #1423, #3111 ) ) ;
#2764 = LINE ( 'NONE', #555, #582 ) ;
#2765 = EDGE_CURVE ( 'NONE', #174, #2582, #2818, .T. ) ;
#2766 = FACE_OUTER_BOUND ( 'NONE', #464, .T. ) ;
#2767 = DIRECTION ( 'NONE',  ( -0.000000000000000000, -1.000000000000000000, -0.000000000000000000 ) ) ;
#2768 = DIRECTION ( 'NONE',  ( 0.000000000000000000, 1.000000000000000000, 0.000000000000000000 ) ) ;
#2769 = LINE ( 'NONE', #2551, #1398 ) ;
#2770 = ORIENTED_EDGE ( 'NONE', *, *, #1015, .F. ) ;
#2771 = ORIENTED_EDGE ( 'NONE', *, *, #1438, .T. ) ;
#2772 =( LENGTH_UNIT ( ) NAMED_UNIT ( * ) SI_UNIT ( .MILLI., .METRE. ) );
#2773 = DIRECTION ( 'NONE',  ( 0.7071067811865489050, -0.000000000000000000, -0.7071067811865460184 ) ) ;
#2774 = LINE ( 'NONE', #553, #310 ) ;
#2775 = CARTESIAN_POINT ( 'NONE',  ( -0.1249999999999999722, 0.1000000000000000056, 0.7500000000000000000 ) ) ;
#2776 = EDGE_CURVE ( 'NONE', #218, #1996, #1333, .T. ) ;
#2777 = CARTESIAN_POINT ( 'NONE',  ( -0.7749999999999995781, 0.1000000000000000056, 9.486769009248163798E-17 ) ) ;
#2778 = DIRECTION ( 'NONE',  ( 0.000000000000000000, 0.000000000000000000, -1.000000000000000000 ) ) ;
#2779 = CYLINDRICAL_SURFACE ( 'NONE', #1771, 0.07500000000000003886 ) ;
#2780 = CARTESIAN_POINT ( 'NONE',  ( -0.9999999999999997780, 0.1000000000000000056, 0.3750000000000001665 ) ) ;
#2781 = CARTESIAN_POINT ( 'NONE',  ( -0.9999999999999997780, 0.000000000000000000, 0.6250000000000001110 ) ) ;
#2782 = DIRECTION ( 'NONE',  ( -0.000000000000000000, 1.000000000000000000, -0.000000000000000000 ) ) ;
#2783 = PLANE ( 'NONE',  #1990 ) ;
#2784 = ADVANCED_FACE ( 'NONE', ( #3084 ), #860, .F. ) ;
#2785 = FACE_OUTER_BOUND ( 'NONE', #451, .T. ) ;
#2786 = VECTOR ( 'NONE', #11, 1000.000000000000000 ) ;
#2787 = ORIENTED_EDGE ( 'NONE', *, *, #1418, .F. ) ;
#2788 = VECTOR ( 'NONE', #1821, 1000.000000000000000 ) ;
#2789 = AXIS2_PLACEMENT_3D ( 'NONE', #760, #972, #1259 ) ;
#2790 = ORIENTED_EDGE ( 'NONE', *, *, #409, .F. ) ;
#2791 = CARTESIAN_POINT ( 'NONE',  ( 0.000000000000000000, 0.05000000000000002359, -0.3749999999999998890 ) ) ;
#2792 = DIRECTION ( 'NONE',  ( -0.000000000000000000, -0.000000000000000000, 1.000000000000000000 ) ) ;
#2793 = DIRECTION ( 'NONE',  ( -1.000000000000000000, 0.000000000000000000, 3.892007798665913454E-16 ) ) ;
#2794 = DIRECTION ( 'NONE',  ( -1.000000000000000000, 0.000000000000000000, 3.892007798665913454E-16 ) ) ;
#2795 = EDGE_CURVE ( 'NONE', #3082, #690, #1822, .T. ) ;
#2796 = ORIENTED_EDGE ( 'NONE', *, *, #2442, .T. ) ;
#2797 = VECTOR ( 'NONE', #2588, 1000.000000000000000 ) ;
#2798 = VECTOR ( 'NONE', #366, 1000.000000000000000 ) ;
#2799 = ORIENTED_EDGE ( 'NONE', *, *, #359, .T. ) ;
#2800 = FILL_AREA_STYLE ('',( #2834 ) ) ;
#2801 = VECTOR ( 'NONE', #714, 1000.000000000000000 ) ;
#2802 = CARTESIAN_POINT ( 'NONE',  ( -0.7999999999999998224, 1.000000000000000000, -0.5500000000000000444 ) ) ;
#2803 = LINE ( 'NONE', #2096, #423 ) ;
#2804 = EDGE_LOOP ( 'NONE', ( #3051, #2258, #1599, #1741 ) ) ;
#2805 = DIRECTION ( 'NONE',  ( -1.000000000000000000, 0.000000000000000000, 2.810894521258714231E-16 ) ) ;
#2806 = VECTOR ( 'NONE', #1726, 1000.000000000000000 ) ;
#2807 = ORIENTED_EDGE ( 'NONE', *, *, #2037, .F. ) ;
#2808 = ORIENTED_EDGE ( 'NONE', *, *, #2891, .T. ) ;
#2809 = DIRECTION ( 'NONE',  ( -0.000000000000000000, -1.000000000000000000, -0.000000000000000000 ) ) ;
#2810 = EDGE_CURVE ( 'NONE', #1113, #2232, #1448, .T. ) ;
#2811 = CARTESIAN_POINT ( 'NONE',  ( 0.1249999999999998612, 0.1000000000000000056, 0.2250000000000000056 ) ) ;
#2812 = DIRECTION ( 'NONE',  ( -0.000000000000000000, -0.000000000000000000, 1.000000000000000000 ) ) ;
#2813 = CARTESIAN_POINT ( 'NONE',  ( 1.000000000000000222, 0.05000000000000002359, 0.7500000000000000000 ) ) ;
#2814 = ORIENTED_EDGE ( 'NONE', *, *, #277, .T. ) ;
#2815 = ORIENTED_EDGE ( 'NONE', *, *, #426, .T. ) ;
#2816 = EDGE_CURVE ( 'NONE', #2348, #1634, #729, .T. ) ;
#2817 = LINE ( 'NONE', #338, #835 ) ;
#2818 = LINE ( 'NONE', #602, #2598 ) ;
#2819 = DIRECTION ( 'NONE',  ( -3.892007798665913454E-16, 0.000000000000000000, -1.000000000000000000 ) ) ;
#2820 = CYLINDRICAL_SURFACE ( 'NONE', #770, 0.07500000000000003886 ) ;
#2821 = VECTOR ( 'NONE', #2074, 1000.000000000000000 ) ;
#2822 = ORIENTED_EDGE ( 'NONE', *, *, #1520, .T. ) ;
#2823 = ORIENTED_EDGE ( 'NONE', *, *, #1013, .T. ) ;
#2824 = DIRECTION ( 'NONE',  ( -0.000000000000000000, 1.000000000000000000, -0.000000000000000000 ) ) ;
#2825 = EDGE_LOOP ( 'NONE', ( #1105, #649, #2640, #2328 ) ) ;
#2826 = CARTESIAN_POINT ( 'NONE',  ( 0.9999999999999993339, 0.1000000000000000056, -0.6250000000000009992 ) ) ;
#2827 = ORIENTED_EDGE ( 'NONE', *, *, #918, .F. ) ;
#2828 = ORIENTED_EDGE ( 'NONE', *, *, #2795, .F. ) ;
#2829 = CARTESIAN_POINT ( 'NONE',  ( 0.9999999999999993339, 0.000000000000000000, -0.6250000000000009992 ) ) ;
#2830 = CARTESIAN_POINT ( 'NONE',  ( -0.9999999999999997780, 1.000000000000000000, 0.7500000000000000000 ) ) ;
#2831 = CARTESIAN_POINT ( 'NONE',  ( 0.9999999999999993339, 0.000000000000000000, 0.3750000000000007216 ) ) ;
#2832 = ORIENTED_EDGE ( 'NONE', *, *, #777, .T. ) ;
#2833 = VERTEX_POINT ( 'NONE', #502 ) ;
#2834 = FILL_AREA_STYLE_COLOUR ( '', #1337 ) ;
#2835 = DIRECTION ( 'NONE',  ( 0.000000000000000000, -0.000000000000000000, 1.000000000000000000 ) ) ;
#2836 = CARTESIAN_POINT ( 'NONE',  ( 0.7749999999999991340, 0.1000000000000000056, 0.6250000000000005551 ) ) ;
#2837 = EDGE_CURVE ( 'NONE', #48, #1968, #633, .T. ) ;
#2838 = CARTESIAN_POINT ( 'NONE',  ( -0.2500000000000000000, 0.1000000000000000056, 0.07499999999999976130 ) ) ;
#2839 = ADVANCED_FACE ( 'NONE', ( #2472 ), #231, .F. ) ;
#2840 = ORIENTED_EDGE ( 'NONE', *, *, #3038, .F. ) ;
#2841 = ORIENTED_EDGE ( 'NONE', *, *, #2862, .T. ) ;
#2842 = AXIS2_PLACEMENT_3D ( 'NONE', #500, #694, #1225 ) ;
#2843 = LINE ( 'NONE', #1869, #2905 ) ;
#2844 = EDGE_CURVE ( 'NONE', #1525, #2101, #3205, .T. ) ;
#2845 = EDGE_LOOP ( 'NONE', ( #2433, #233, #280, #488, #3217 ) ) ;
#2846 = CARTESIAN_POINT ( 'NONE',  ( -0.1249999999999999722, 0.1000000000000000056, 0.7500000000000000000 ) ) ;
#2847 = LINE ( 'NONE', #2157, #2798 ) ;
#2848 = DIRECTION ( 'NONE',  ( 0.7071067811865489050, -0.000000000000000000, -0.7071067811865460184 ) ) ;
#2849 = VERTEX_POINT ( 'NONE', #2709 ) ;
#2850 = AXIS2_PLACEMENT_3D ( 'NONE', #3024, #804, #2055 ) ;
#2851 = CIRCLE ( 'NONE', #2274, 0.1250000000000000000 ) ;
#2852 = CARTESIAN_POINT ( 'NONE',  ( 0.000000000000000000, 0.000000000000000000, 0.000000000000000000 ) ) ;
#2853 = CARTESIAN_POINT ( 'NONE',  ( -0.9999999999999997780, 0.1000000000000000056, -0.6249999999999998890 ) ) ;
#2854 = DIRECTION ( 'NONE',  ( 0.000000000000000000, 1.000000000000000000, 0.000000000000000000 ) ) ;
#2855 = VECTOR ( 'NONE', #3050, 1000.000000000000000 ) ;
#2856 = ORIENTED_EDGE ( 'NONE', *, *, #2568, .F. ) ;
#2857 = VERTEX_POINT ( 'NONE', #491 ) ;
#2858 = AXIS2_PLACEMENT_3D ( 'NONE', #2756, #2984, #1492 ) ;
#2859 = PLANE ( 'NONE',  #1808 ) ;
#2860 = VECTOR ( 'NONE', #766, 1000.000000000000000 ) ;
#2861 = CIRCLE ( 'NONE', #584, 0.07500000000000003886 ) ;
#2862 = EDGE_CURVE ( 'NONE', #1720, #197, #457, .T. ) ;
#2863 = CYLINDRICAL_SURFACE ( 'NONE', #3059, 0.1250000000000000000 ) ;
#2864 = PLANE ( 'NONE',  #930 ) ;
#2865 = DIRECTION ( 'NONE',  ( -1.000000000000000000, 0.000000000000000000, 2.810894521258714231E-16 ) ) ;
#2866 = DIRECTION ( 'NONE',  ( 0.000000000000000000, 1.000000000000000000, 0.000000000000000000 ) ) ;
#2867 = DIRECTION ( 'NONE',  ( -1.000000000000000000, -0.000000000000000000, -0.000000000000000000 ) ) ;
#2868 = CARTESIAN_POINT ( 'NONE',  ( 0.3749999999999997224, 0.1000000000000000056, -0.7500000000000000000 ) ) ;
#2869 = DIRECTION ( 'NONE',  ( 0.000000000000000000, -0.000000000000000000, 1.000000000000000000 ) ) ;
#2870 = LINE ( 'NONE', #1371, #1298 ) ;
#2871 = DIRECTION ( 'NONE',  ( 0.000000000000000000, 0.000000000000000000, -1.000000000000000000 ) ) ;
#2872 = ORIENTED_EDGE ( 'NONE', *, *, #687, .F. ) ;
#2873 = ORIENTED_EDGE ( 'NONE', *, *, #1692, .T. ) ;
#2874 = DIRECTION ( 'NONE',  ( -1.000000000000000000, 0.000000000000000000, -4.818676322157796389E-16 ) ) ;
#2875 = EDGE_LOOP ( 'NONE', ( #3013, #1434, #3004, #168 ) ) ;
#2876 = EDGE_CURVE ( 'NONE', #2218, #419, #319, .T. ) ;
#2877 = ORIENTED_EDGE ( 'NONE', *, *, #446, .F. ) ;
#2878 = PRODUCT_DEFINITION_FORMATION_WITH_SPECIFIED_SOURCE ( 'ANY', '', #618, .NOT_KNOWN. ) ;
#2879 = PLANE ( 'NONE',  #194 ) ;
#2880 = EDGE_CURVE ( 'NONE', #1525, #218, #3151, .T. ) ;
#2881 = DIRECTION ( 'NONE',  ( -0.000000000000000000, -1.000000000000000000, -0.000000000000000000 ) ) ;
#2882 = CARTESIAN_POINT ( 'NONE',  ( -0.1249999999999999722, 0.1000000000000000056, 0.7500000000000000000 ) ) ;
#2883 = DIRECTION ( 'NONE',  ( 0.000000000000000000, -0.000000000000000000, -1.000000000000000000 ) ) ;
#2884 = LINE ( 'NONE', #2655, #2590 ) ;
#2885 = FACE_OUTER_BOUND ( 'NONE', #2219, .T. ) ;
#2886 = LINE ( 'NONE', #390, #2083 ) ;
#2887 = EDGE_CURVE ( 'NONE', #430, #2230, #2545, .T. ) ;
#2888 = ORIENTED_EDGE ( 'NONE', *, *, #2597, .T. ) ;
#2889 = PLANE ( 'NONE',  #2180 ) ;
#2890 = FACE_OUTER_BOUND ( 'NONE', #727, .T. ) ;
#2891 = EDGE_CURVE ( 'NONE', #1494, #1750, #2722, .T. ) ;
#2892 = DIRECTION ( 'NONE',  ( 0.000000000000000000, 1.000000000000000000, 0.000000000000000000 ) ) ;
#2893 = DIRECTION ( 'NONE',  ( 0.000000000000000000, -1.000000000000000000, 0.000000000000000000 ) ) ;
#2894 = MECHANICAL_DESIGN_GEOMETRIC_PRESENTATION_REPRESENTATION (  '', ( #1973 ), #1538 ) ;
#2895 = FACE_OUTER_BOUND ( 'NONE', #2504, .T. ) ;
#2896 = FACE_OUTER_BOUND ( 'NONE', #3187, .T. ) ;
#2897 = LINE ( 'NONE', #2123, #679 ) ;
#2898 = ADVANCED_FACE ( 'NONE', ( #1429 ), #191, .F. ) ;
#2899 = VECTOR ( 'NONE', #905, 1000.000000000000000 ) ;
#2900 = VERTEX_POINT ( 'NONE', #3167 ) ;
#2901 = AXIS2_PLACEMENT_3D ( 'NONE', #1107, #1796, #2916 ) ;
#2902 = ORIENTED_EDGE ( 'NONE', *, *, #2499, .F. ) ;
#2903 = VERTEX_POINT ( 'NONE', #1985 ) ;
#2904 = LINE ( 'NONE', #1159, #2689 ) ;
#2905 = VECTOR ( 'NONE', #666, 1000.000000000000000 ) ;
#2906 = CARTESIAN_POINT ( 'NONE',  ( 0.9999999999999993339, 0.000000000000000000, -0.3750000000000009437 ) ) ;
#2907 = CIRCLE ( 'NONE', #1144, 0.07500000000000003886 ) ;
#2908 = CARTESIAN_POINT ( 'NONE',  ( 0.9999999999999997780, 0.000000000000000000, 0.1250000000000006106 ) ) ;
#2909 = VECTOR ( 'NONE', #1695, 1000.000000000000000 ) ;
#2910 = ORIENTED_EDGE ( 'NONE', *, *, #979, .T. ) ;
#2911 = VECTOR ( 'NONE', #3088, 1000.000000000000000 ) ;
#2912 = CARTESIAN_POINT ( 'NONE',  ( -0.9999999999999997780, 0.1000000000000000056, -0.1250000000000000000 ) ) ;
#2913 = DIRECTION ( 'NONE',  ( -1.000000000000000000, 0.000000000000000000, -7.228014483236683736E-16 ) ) ;
#2914 = VECTOR ( 'NONE', #1108, 1000.000000000000000 ) ;
#2915 = ORIENTED_EDGE ( 'NONE', *, *, #2501, .T. ) ;
#2916 = DIRECTION ( 'NONE',  ( 0.000000000000000000, 0.000000000000000000, -1.000000000000000000 ) ) ;
#2917 = DIRECTION ( 'NONE',  ( -1.000000000000000000, 0.000000000000000000, 0.000000000000000000 ) ) ;
#2918 = DIRECTION ( 'NONE',  ( -1.000000000000000000, 0.000000000000000000, -7.228014483236683736E-16 ) ) ;
#2919 = ORIENTED_EDGE ( 'NONE', *, *, #397, .F. ) ;
#2920 = ORIENTED_EDGE ( 'NONE', *, *, #3036, .T. ) ;
#2921 = EDGE_CURVE ( 'NONE', #2165, #343, #1241, .T. ) ;
#2922 = DIRECTION ( 'NONE',  ( 0.000000000000000000, 1.000000000000000000, 0.000000000000000000 ) ) ;
#2923 = PLANE ( 'NONE',  #376 ) ;
#2924 = ORIENTED_EDGE ( 'NONE', *, *, #2358, .F. ) ;
#2925 = CARTESIAN_POINT ( 'NONE',  ( 0.000000000000000000, 0.1000000000000000056, 0.000000000000000000 ) ) ;
#2926 = ORIENTED_EDGE ( 'NONE', *, *, #2980, .F. ) ;
#2927 =( NAMED_UNIT ( * ) SI_UNIT ( $, .STERADIAN. ) SOLID_ANGLE_UNIT ( ) );
#2928 = EDGE_LOOP ( 'NONE', ( #937, #1172, #2554, #1173, #2637 ) ) ;
#2929 = DIRECTION ( 'NONE',  ( 0.000000000000000000, -0.000000000000000000, 1.000000000000000000 ) ) ;
#2930 = ORIENTED_EDGE ( 'NONE', *, *, #2030, .T. ) ;
#2931 = ORIENTED_EDGE ( 'NONE', *, *, #2765, .T. ) ;
#2932 = DIRECTION ( 'NONE',  ( 0.000000000000000000, 0.000000000000000000, -1.000000000000000000 ) ) ;
#2933 = DIRECTION ( 'NONE',  ( 0.000000000000000000, 0.000000000000000000, 1.000000000000000000 ) ) ;
#2934 = DIRECTION ( 'NONE',  ( 0.000000000000000000, 1.000000000000000000, 0.000000000000000000 ) ) ;
#2935 = ORIENTED_EDGE ( 'NONE', *, *, #2198, .F. ) ;
#2936 = EDGE_CURVE ( 'NONE', #172, #823, #747, .T. ) ;
#2937 = DIRECTION ( 'NONE',  ( 0.000000000000000000, 0.000000000000000000, -1.000000000000000000 ) ) ;
#2938 =( NAMED_UNIT ( * ) PLANE_ANGLE_UNIT ( ) SI_UNIT ( $, .RADIAN. ) );
#2939 = ORIENTED_EDGE ( 'NONE', *, *, #1700, .F. ) ;
#2940 = ORIENTED_EDGE ( 'NONE', *, *, #2678, .T. ) ;
#2941 = LINE ( 'NONE', #1703, #782 ) ;
#2942 = ADVANCED_FACE ( 'NONE', ( #2896 ), #677, .T. ) ;
#2943 = ORIENTED_EDGE ( 'NONE', *, *, #1801, .T. ) ;
#2944 = VERTEX_POINT ( 'NONE', #1416 ) ;
#2945 = LINE ( 'NONE', #980, #2956 ) ;
#2946 = ADVANCED_FACE ( 'NONE', ( #180 ), #1183, .F. ) ;
#2947 = ORIENTED_EDGE ( 'NONE', *, *, #3036, .F. ) ;
#2948 = PLANE ( 'NONE',  #418 ) ;
#2949 = DIRECTION ( 'NONE',  ( 0.000000000000000000, 0.000000000000000000, -1.000000000000000000 ) ) ;
#2950 = CARTESIAN_POINT ( 'NONE',  ( -0.1250000000000002220, 0.1000000000000000056, -0.4999999999999998890 ) ) ;
#2951 = CARTESIAN_POINT ( 'NONE',  ( 0.7749999999999995781, 0.000000000000000000, 5.430045880531565739E-16 ) ) ;
#2952 = ORIENTED_EDGE ( 'NONE', *, *, #1212, .T. ) ;
#2953 = EDGE_CURVE ( 'NONE', #3140, #135, #514, .T. ) ;
#2954 = ORIENTED_EDGE ( 'NONE', *, *, #2559, .T. ) ;
#2955 = ORIENTED_EDGE ( 'NONE', *, *, #1558, .T. ) ;
#2956 = VECTOR ( 'NONE', #210, 1000.000000000000000 ) ;
#2957 = VECTOR ( 'NONE', #1608, 1000.000000000000000 ) ;
#2958 = DIRECTION ( 'NONE',  ( -0.000000000000000000, -1.000000000000000000, -0.000000000000000000 ) ) ;
#2959 = CIRCLE ( 'NONE', #40, 0.1250000000000000000 ) ;
#2960 = VERTEX_POINT ( 'NONE', #2026 ) ;
#2961 = ADVANCED_FACE ( 'NONE', ( #2755 ), #1757, .F. ) ;
#2962 = VECTOR ( 'NONE', #2140, 1000.000000000000000 ) ;
#2963 = DIRECTION ( 'NONE',  ( -1.000000000000000000, 0.000000000000000000, 4.818676322157796389E-16 ) ) ;
#2964 = PRESENTATION_LAYER_ASSIGNMENT (  '', '', ( #432 ) ) ;
#2965 = ORIENTED_EDGE ( 'NONE', *, *, #2268, .T. ) ;
#2966 = DIRECTION ( 'NONE',  ( 0.000000000000000000, 0.000000000000000000, -1.000000000000000000 ) ) ;
#2967 = AXIS2_PLACEMENT_3D ( 'NONE', #1318, #2312, #2078 ) ;
#2968 = DIRECTION ( 'NONE',  ( -3.212450881438531255E-16, -0.000000000000000000, 1.000000000000000000 ) ) ;
#2969 = DIRECTION ( 'NONE',  ( -0.000000000000000000, -1.000000000000000000, -0.000000000000000000 ) ) ;
#2970 = PLANE ( 'NONE',  #880 ) ;
#2971 = ORIENTED_EDGE ( 'NONE', *, *, #2837, .F. ) ;
#2972 = ORIENTED_EDGE ( 'NONE', *, *, #3076, .F. ) ;
#2973 = LINE ( 'NONE', #1022, #1650 ) ;
#2974 = SURFACE_STYLE_USAGE ( .BOTH. , #2692 ) ;
#2975 = VERTEX_POINT ( 'NONE', #2488 ) ;
#2976 = CARTESIAN_POINT ( 'NONE',  ( 0.7749999999999991340, 0.1000000000000000056, 0.6250000000000005551 ) ) ;
#2977 = EDGE_CURVE ( 'NONE', #753, #2732, #1807, .T. ) ;
#2978 = EDGE_CURVE ( 'NONE', #2419, #753, #1606, .T. ) ;
#2979 = LINE ( 'NONE', #953, #143 ) ;
#2980 = EDGE_CURVE ( 'NONE', #809, #912, #1272, .T. ) ;
#2981 = ORIENTED_EDGE ( 'NONE', *, *, #85, .T. ) ;
#2982 = LINE ( 'NONE', #1461, #1041 ) ;
#2983 = FACE_OUTER_BOUND ( 'NONE', #2744, .T. ) ;
#2984 = DIRECTION ( 'NONE',  ( 0.000000000000000000, -1.000000000000000000, 0.000000000000000000 ) ) ;
#2985 = FILL_AREA_STYLE_COLOUR ( '', #138 ) ;
#2986 = EDGE_CURVE ( 'NONE', #2386, #75, #269, .T. ) ;
#2987 = VERTEX_POINT ( 'NONE', #1260 ) ;
#2988 = CARTESIAN_POINT ( 'NONE',  ( -0.2500000000000000000, 0.1000000000000000056, 0.07499999999999976130 ) ) ;
#2989 = VERTEX_POINT ( 'NONE', #2995 ) ;
#2990 = PLANE ( 'NONE',  #1443 ) ;
#2991 = UNCERTAINTY_MEASURE_WITH_UNIT (LENGTH_MEASURE( 1.000000000000000082E-05 ), #2772, 'distance_accuracy_value', 'NONE');
#2992 = ADVANCED_FACE ( 'NONE', ( #2260 ), #1792, .F. ) ;
#2993 = VECTOR ( 'NONE', #2234, 1000.000000000000000 ) ;
#2994 = DIRECTION ( 'NONE',  ( -0.000000000000000000, 1.000000000000000000, -0.000000000000000000 ) ) ;
#2995 = CARTESIAN_POINT ( 'NONE',  ( -0.9999999999999997780, 0.05000000000000002359, -0.3749999999999998890 ) ) ;
#2996 = CARTESIAN_POINT ( 'NONE',  ( -0.9999999999999997780, 0.000000000000000000, -0.6249999999999998890 ) ) ;
#2997 = ORIENTED_EDGE ( 'NONE', *, *, #3147, .F. ) ;
#2998 = ADVANCED_FACE ( 'NONE', ( #2983 ), #2779, .F. ) ;
#2999 = FACE_OUTER_BOUND ( 'NONE', #3021, .T. ) ;
#3000 = CARTESIAN_POINT ( 'NONE',  ( -0.9999999999999997780, 0.05000000000000002359, -0.7500000000000000000 ) ) ;
#3001 = ORIENTED_EDGE ( 'NONE', *, *, #2405, .T. ) ;
#3002 = ORIENTED_EDGE ( 'NONE', *, *, #446, .T. ) ;
#3003 = DIRECTION ( 'NONE',  ( 0.000000000000000000, 0.000000000000000000, 1.000000000000000000 ) ) ;
#3004 = ORIENTED_EDGE ( 'NONE', *, *, #1622, .T. ) ;
#3005 = CARTESIAN_POINT ( 'NONE',  ( -0.3750000000000000000, 0.1000000000000000056, -0.7500000000000001110 ) ) ;
#3006 = VECTOR ( 'NONE', #2376, 1000.000000000000000 ) ;
#3007 = VECTOR ( 'NONE', #2464, 1000.000000000000000 ) ;
#3008 = CARTESIAN_POINT ( 'NONE',  ( 0.2500000000000000000, 0.05000000000000002359, 0.2250000000000000056 ) ) ;
#3009 = CARTESIAN_POINT ( 'NONE',  ( -0.7999999999999998224, 0.9799999999999999822, -0.5500000000000000444 ) ) ;
#3010 = FACE_OUTER_BOUND ( 'NONE', #556, .T. ) ;
#3011 =( GEOMETRIC_REPRESENTATION_CONTEXT ( 3 ) GLOBAL_UNCERTAINTY_ASSIGNED_CONTEXT ( ( #293 ) ) GLOBAL_UNIT_ASSIGNED_CONTEXT ( ( #393, #429, #106 ) ) REPRESENTATION_CONTEXT ( 'NONE', 'WORKASPACE' ) );
#3012 = VERTEX_POINT ( 'NONE', #1999 ) ;
#3013 = ORIENTED_EDGE ( 'NONE', *, *, #83, .F. ) ;
#3014 = VECTOR ( 'NONE', #2917, 1000.000000000000000 ) ;
#3015 = DIRECTION ( 'NONE',  ( 0.000000000000000000, 1.000000000000000000, -0.000000000000000000 ) ) ;
#3016 = LINE ( 'NONE', #1764, #268 ) ;
#3017 = DIRECTION ( 'NONE',  ( 1.000000000000000000, -0.000000000000000000, 7.228014483236683736E-16 ) ) ;
#3018 = AXIS2_PLACEMENT_3D ( 'NONE', #295, #1282, #27 ) ;
#3019 = EDGE_CURVE ( 'NONE', #751, #1628, #1209, .T. ) ;
#3020 = ORIENTED_EDGE ( 'NONE', *, *, #3058, .T. ) ;
#3021 = EDGE_LOOP ( 'NONE', ( #2068, #203, #3020, #2 ) ) ;
#3022 = PLANE ( 'NONE',  #2393 ) ;
#3023 = DIRECTION ( 'NONE',  ( 0.000000000000000000, 1.000000000000000000, 0.000000000000000000 ) ) ;
#3024 = CARTESIAN_POINT ( 'NONE',  ( -0.7999999999999998224, 0.9799999999999999822, -0.5500000000000000444 ) ) ;
#3025 = UNCERTAINTY_MEASURE_WITH_UNIT (LENGTH_MEASURE( 1.000000000000000082E-05 ), #1220, 'distance_accuracy_value', 'NONE');
#3026 = VERTEX_POINT ( 'NONE', #61 ) ;
#3027 = FACE_OUTER_BOUND ( 'NONE', #1815, .T. ) ;
#3028 = DIRECTION ( 'NONE',  ( 3.892007798665913454E-16, 0.000000000000000000, 1.000000000000000000 ) ) ;
#3029 = FACE_OUTER_BOUND ( 'NONE', #1158, .T. ) ;
#3030 = STYLED_ITEM ( 'NONE', ( #1722 ), #112 ) ;
#3031 = EDGE_LOOP ( 'NONE', ( #716, #1887, #2199, #3222 ) ) ;
#3032 = CARTESIAN_POINT ( 'NONE',  ( 0.9999999999999993339, 0.1000000000000000056, -0.3750000000000009437 ) ) ;
#3033 = DIRECTION ( 'NONE',  ( 0.000000000000000000, 0.000000000000000000, -1.000000000000000000 ) ) ;
#3034 = VERTEX_POINT ( 'NONE', #579 ) ;
#3035 = ORIENTED_EDGE ( 'NONE', *, *, #69, .T. ) ;
#3036 = EDGE_CURVE ( 'NONE', #1009, #2015, #1554, .T. ) ;
#3037 = DIRECTION ( 'NONE',  ( 0.000000000000000000, 0.000000000000000000, -1.000000000000000000 ) ) ;
#3038 = EDGE_CURVE ( 'NONE', #2666, #2606, #43, .T. ) ;
#3039 = DIRECTION ( 'NONE',  ( -0.000000000000000000, 1.000000000000000000, -0.000000000000000000 ) ) ;
#3040 = ORIENTED_EDGE ( 'NONE', *, *, #2810, .T. ) ;
#3041 = PLANE ( 'NONE',  #892 ) ;
#3042 = EDGE_CURVE ( 'NONE', #2047, #768, #3210, .T. ) ;
#3043 = DIRECTION ( 'NONE',  ( 0.000000000000000000, -1.000000000000000000, 0.000000000000000000 ) ) ;
#3044 = LINE ( 'NONE', #330, #510 ) ;
#3045 = DIRECTION ( 'NONE',  ( -2.810894521258714231E-16, 0.000000000000000000, -1.000000000000000000 ) ) ;
#3046 = VERTEX_POINT ( 'NONE', #1491 ) ;
#3047 =( NAMED_UNIT ( * ) PLANE_ANGLE_UNIT ( ) SI_UNIT ( $, .RADIAN. ) );
#3048 = DIRECTION ( 'NONE',  ( 0.000000000000000000, -0.000000000000000000, -1.000000000000000000 ) ) ;
#3049 = AXIS2_PLACEMENT_3D ( 'NONE', #1052, #1535, #2247 ) ;
#3050 = DIRECTION ( 'NONE',  ( 0.000000000000000000, -1.000000000000000000, 0.000000000000000000 ) ) ;
#3051 = ORIENTED_EDGE ( 'NONE', *, *, #2124, .T. ) ;
#3052 = ORIENTED_EDGE ( 'NONE', *, *, #291, .F. ) ;
#3053 = DIRECTION ( 'NONE',  ( -0.000000000000000000, -1.000000000000000000, -0.000000000000000000 ) ) ;
#3054 = VECTOR ( 'NONE', #334, 1000.000000000000000 ) ;
#3055 = EDGE_CURVE ( 'NONE', #1902, #1972, #314, .T. ) ;
#3056 = CARTESIAN_POINT ( 'NONE',  ( 1.000000000000000222, 0.05000000000000002359, 0.7500000000000000000 ) ) ;
#3057 = CIRCLE ( 'NONE', #780, 0.1249999999999998196 ) ;
#3058 = EDGE_CURVE ( 'NONE', #2264, #1959, #3044, .T. ) ;
#3059 = AXIS2_PLACEMENT_3D ( 'NONE', #396, #3091, #1837 ) ;
#3060 = AXIS2_PLACEMENT_3D ( 'NONE', #1806, #806, #313 ) ;
#3061 = DIRECTION ( 'NONE',  ( 0.000000000000000000, -0.000000000000000000, -1.000000000000000000 ) ) ;
#3062 = DIRECTION ( 'NONE',  ( 1.000000000000000000, 0.000000000000000000, 0.000000000000000000 ) ) ;
#3063 = DIRECTION ( 'NONE',  ( 0.000000000000000000, 0.000000000000000000, -1.000000000000000000 ) ) ;
#3064 = LINE ( 'NONE', #95, #913 ) ;
#3065 = ORIENTED_EDGE ( 'NONE', *, *, #83, .T. ) ;
#3066 = CARTESIAN_POINT ( 'NONE',  ( 0.7749999999999993561, 0.05000000000000002359, 0.3750000000000006106 ) ) ;
#3067 = AXIS2_PLACEMENT_3D ( 'NONE', #1552, #824, #1079 ) ;
#3068 = DIRECTION ( 'NONE',  ( 0.000000000000000000, 0.000000000000000000, -1.000000000000000000 ) ) ;
#3069 = LINE ( 'NONE', #119, #476 ) ;
#3070 = ORIENTED_EDGE ( 'NONE', *, *, #1723, .F. ) ;
#3071 = VERTEX_POINT ( 'NONE', #1739 ) ;
#3072 = CARTESIAN_POINT ( 'NONE',  ( -0.6499999999999998002, 0.1000000000000000056, -0.6249999999999998890 ) ) ;
#3073 = AXIS2_PLACEMENT_3D ( 'NONE', #3096, #1950, #2414 ) ;
#3074 = VERTEX_POINT ( 'NONE', #17 ) ;
#3075 = CYLINDRICAL_SURFACE ( 'NONE', #2842, 0.1250000000000000000 ) ;
#3076 = EDGE_CURVE ( 'NONE', #2300, #2683, #2550, .T. ) ;
#3077 = EDGE_LOOP ( 'NONE', ( #2757, #1551 ) ) ;
#3078 = CARTESIAN_POINT ( 'NONE',  ( -0.3750000000000000000, 0.1000000000000000056, -0.7500000000000001110 ) ) ;
#3079 = DIRECTION ( 'NONE',  ( -0.000000000000000000, -1.000000000000000000, -0.000000000000000000 ) ) ;
#3080 = LINE ( 'NONE', #2831, #2357 ) ;
#3081 = EDGE_CURVE ( 'NONE', #912, #1231, #8, .T. ) ;
#3082 = VERTEX_POINT ( 'NONE', #2361 ) ;
#3083 = DIRECTION ( 'NONE',  ( 0.000000000000000000, 0.000000000000000000, 1.000000000000000000 ) ) ;
#3084 = FACE_OUTER_BOUND ( 'NONE', #58, .T. ) ;
#3085 = CARTESIAN_POINT ( 'NONE',  ( 0.9999999999999993339, 0.05000000000000002359, -0.6250000000000009992 ) ) ;
#3086 = ADVANCED_FACE ( 'NONE', ( #1132 ), #2617, .F. ) ;
#3087 = ORIENTED_EDGE ( 'NONE', *, *, #2980, .T. ) ;
#3088 = DIRECTION ( 'NONE',  ( -0.000000000000000000, -1.000000000000000000, -0.000000000000000000 ) ) ;
#3089 = EDGE_CURVE ( 'NONE', #2375, #2020, #1330, .T. ) ;
#3090 = EDGE_LOOP ( 'NONE', ( #1521, #1002, #3137, #1824 ) ) ;
#3091 = DIRECTION ( 'NONE',  ( 0.000000000000000000, -1.000000000000000000, 0.000000000000000000 ) ) ;
#3092 = DIRECTION ( 'NONE',  ( 0.000000000000000000, 1.000000000000000000, 0.000000000000000000 ) ) ;
#3093 = LINE ( 'NONE', #890, #262 ) ;
#3094 = PLANE ( 'NONE',  #2736 ) ;
#3095 = DIRECTION ( 'NONE',  ( 0.000000000000000000, 0.000000000000000000, -1.000000000000000000 ) ) ;
#3096 = CARTESIAN_POINT ( 'NONE',  ( -0.3750000000000000000, 0.1000000000000000056, 0.7500000000000000000 ) ) ;
#3097 = CARTESIAN_POINT ( 'NONE',  ( 0.7749999999999995781, 0.1000000000000000056, 5.430045880531565739E-16 ) ) ;
#3098 = CARTESIAN_POINT ( 'NONE',  ( -0.9999999999999997780, 0.1000000000000000056, -0.1250000000000000000 ) ) ;
#3099 = VERTEX_POINT ( 'NONE', #1314 ) ;
#3100 = ADVANCED_FACE ( 'NONE', ( #386 ), #3094, .F. ) ;
#3101 = CARTESIAN_POINT ( 'NONE',  ( -0.8000000000000003775, 0.1000000000000000056, -0.3749999999999998890 ) ) ;
#3102 = SURFACE_STYLE_USAGE ( .BOTH. , #1140 ) ;
#3103 = CARTESIAN_POINT ( 'NONE',  ( -0.9999999999999997780, 0.1000000000000000056, 0.3750000000000001665 ) ) ;
#3104 = ORIENTED_EDGE ( 'NONE', *, *, #2724, .T. ) ;
#3105 = VECTOR ( 'NONE', #406, 1000.000000000000000 ) ;
#3106 = PLANE ( 'NONE',  #837 ) ;
#3107 = CARTESIAN_POINT ( 'NONE',  ( -0.6499999999999998002, 0.1000000000000000056, -0.6249999999999998890 ) ) ;
#3108 = FACE_OUTER_BOUND ( 'NONE', #956, .T. ) ;
#3109 = CARTESIAN_POINT ( 'NONE',  ( -0.2500000000000000000, 0.1000000000000000056, -0.05000000000000005135 ) ) ;
#3110 = ORIENTED_EDGE ( 'NONE', *, *, #229, .T. ) ;
#3111 = ORIENTED_EDGE ( 'NONE', *, *, #45, .F. ) ;
#3112 = AXIS2_PLACEMENT_3D ( 'NONE', #2777, #557, #1803 ) ;
#3113 = VECTOR ( 'NONE', #2011, 1000.000000000000000 ) ;
#3114 = CARTESIAN_POINT ( 'NONE',  ( -0.000000000000000000, 0.05000000000000002359, -0.1250000000000000000 ) ) ;
#3115 = DIRECTION ( 'NONE',  ( 0.000000000000000000, -1.000000000000000000, 0.000000000000000000 ) ) ;
#3116 = CARTESIAN_POINT ( 'NONE',  ( 0.9999999999999993339, 0.05000000000000002359, 0.6250000000000007772 ) ) ;
#3117 = CIRCLE ( 'NONE', #841, 0.1250000000000000000 ) ;
#3118 = CARTESIAN_POINT ( 'NONE',  ( -0.9999999999999997780, 0.000000000000000000, 0.1250000000000000000 ) ) ;
#3119 = VECTOR ( 'NONE', #1839, 1000.000000000000000 ) ;
#3120 = ORIENTED_EDGE ( 'NONE', *, *, #1787, .F. ) ;
#3121 =( NAMED_UNIT ( * ) PLANE_ANGLE_UNIT ( ) SI_UNIT ( $, .RADIAN. ) );
#3122 = EDGE_LOOP ( 'NONE', ( #1856, #994, #3153, #853 ) ) ;
#3123 = ADVANCED_FACE ( 'NONE', ( #1349 ), #1854, .T. ) ;
#3124 = VERTEX_POINT ( 'NONE', #908 ) ;
#3125 = ORIENTED_EDGE ( 'NONE', *, *, #2048, .T. ) ;
#3126 = VECTOR ( 'NONE', #958, 1000.000000000000000 ) ;
#3127 = LINE ( 'NONE', #159, #1091 ) ;
#3128 = VERTEX_POINT ( 'NONE', #1583 ) ;
#3129 = CARTESIAN_POINT ( 'NONE',  ( -0.9999999999999997780, 0.1000000000000000056, 0.1250000000000000000 ) ) ;
#3130 = CARTESIAN_POINT ( 'NONE',  ( -0.7749999999999994671, 0.1000000000000000056, 0.1250000000000001110 ) ) ;
#3131 = DIRECTION ( 'NONE',  ( 0.000000000000000000, 0.000000000000000000, 1.000000000000000000 ) ) ;
#3132 = ADVANCED_FACE ( 'NONE', ( #400 ), #1892, .T. ) ;
#3133 = ORIENTED_EDGE ( 'NONE', *, *, #1737, .F. ) ;
#3134 = DIRECTION ( 'NONE',  ( 0.000000000000000000, 0.000000000000000000, -1.000000000000000000 ) ) ;
#3135 = CARTESIAN_POINT ( 'NONE',  ( 0.7749999999999993561, 0.1000000000000000056, 0.5000000000000005551 ) ) ;
#3136 = CARTESIAN_POINT ( 'NONE',  ( -0.6499999999999998002, 0.000000000000000000, -0.5249999999999999112 ) ) ;
#3137 = ORIENTED_EDGE ( 'NONE', *, *, #1531, .F. ) ;
#3138 = CARTESIAN_POINT ( 'NONE',  ( 0.9999999999999993339, 0.1000000000000000056, 0.3750000000000007216 ) ) ;
#3139 = APPLICATION_CONTEXT ( 'automotive_design' ) ;
#3140 = VERTEX_POINT ( 'NONE', #73 ) ;
#3141 = EDGE_CURVE ( 'NONE', #966, #3082, #626, .T. ) ;
#3142 = ORIENTED_EDGE ( 'NONE', *, *, #750, .F. ) ;
#3143 =( GEOMETRIC_REPRESENTATION_CONTEXT ( 3 ) GLOBAL_UNCERTAINTY_ASSIGNED_CONTEXT ( ( #1753 ) ) GLOBAL_UNIT_ASSIGNED_CONTEXT ( ( #1675, #1427, #211 ) ) REPRESENTATION_CONTEXT ( 'NONE', 'WORKASPACE' ) );
#3144 = FACE_OUTER_BOUND ( 'NONE', #2075, .T. ) ;
#3145 = ORIENTED_EDGE ( 'NONE', *, *, #859, .F. ) ;
#3146 = DIRECTION ( 'NONE',  ( 0.000000000000000000, 0.000000000000000000, -1.000000000000000000 ) ) ;
#3147 = EDGE_CURVE ( 'NONE', #2759, #2583, #1185, .T. ) ;
#3148 = CARTESIAN_POINT ( 'NONE',  ( -0.7749999999999995781, 0.1000000000000000056, 0.6250000000000001110 ) ) ;
#3149 = CARTESIAN_POINT ( 'NONE',  ( -0.2500000000000000000, 0.1000000000000000056, 0.07499999999999976130 ) ) ;
#3150 = FACE_OUTER_BOUND ( 'NONE', #1633, .T. ) ;
#3151 = LINE ( 'NONE', #1910, #742 ) ;
#3152 = DIRECTION ( 'NONE',  ( 0.000000000000000000, 1.000000000000000000, 0.000000000000000000 ) ) ;
#3153 = ORIENTED_EDGE ( 'NONE', *, *, #1974, .T. ) ;
#3154 = EDGE_LOOP ( 'NONE', ( #225, #2512, #1649, #1344 ) ) ;
#3155 = PLANE ( 'NONE',  #1283 ) ;
#3156 = EDGE_LOOP ( 'NONE', ( #858, #335, #2877, #532 ) ) ;
#3157 = ORIENTED_EDGE ( 'NONE', *, *, #2816, .T. ) ;
#3158 = ORIENTED_EDGE ( 'NONE', *, *, #426, .F. ) ;
#3159 = AXIS2_PLACEMENT_3D ( 'NONE', #113, #598, #1639 ) ;
#3160 = EDGE_CURVE ( 'NONE', #1585, #2115, #1368, .T. ) ;
#3161 = CARTESIAN_POINT ( 'NONE',  ( -0.3749999999999997780, 0.05000000000000002359, -1.204669080539448358E-16 ) ) ;
#3162 = CARTESIAN_POINT ( 'NONE',  ( -0.9999999999999997780, 0.000000000000000000, 0.3750000000000001665 ) ) ;
#3163 = FACE_OUTER_BOUND ( 'NONE', #1033, .T. ) ;
#3164 = VECTOR ( 'NONE', #669, 1000.000000000000000 ) ;
#3165 = EDGE_CURVE ( 'NONE', #2214, #433, #891, .T. ) ;
#3166 = DIRECTION ( 'NONE',  ( 0.000000000000000000, -0.000000000000000000, -1.000000000000000000 ) ) ;
#3167 = CARTESIAN_POINT ( 'NONE',  ( 0.7749999999999994671, 0.000000000000000000, -0.1249999999999995698 ) ) ;
#3168 = CARTESIAN_POINT ( 'NONE',  ( -0.9999999999999997780, 0.05000000000000002359, 0.7500000000000000000 ) ) ;
#3169 = ORIENTED_EDGE ( 'NONE', *, *, #1168, .F. ) ;
#3170 = MECHANICAL_DESIGN_GEOMETRIC_PRESENTATION_REPRESENTATION (  '', ( #936 ), #1591 ) ;
#3171 = VECTOR ( 'NONE', #1829, 1000.000000000000000 ) ;
#3172 = CARTESIAN_POINT ( 'NONE',  ( 0.2500000000000000000, 0.1000000000000000056, 0.2250000000000000056 ) ) ;
#3173 = VECTOR ( 'NONE', #2147, 1000.000000000000000 ) ;
#3174 = LINE ( 'NONE', #2676, #107 ) ;
#3175 = CIRCLE ( 'NONE', #1340, 0.1249999999999998196 ) ;
#3176 = ORIENTED_EDGE ( 'NONE', *, *, #1176, .F. ) ;
#3177 = VECTOR ( 'NONE', #162, 1000.000000000000000 ) ;
#3178 = LINE ( 'NONE', #739, #1493 ) ;
#3179 = COLOUR_RGB ( '',0.7921568627450980005, 0.8196078431372548767, 0.9333333333333333481 ) ;
#3180 = VERTEX_POINT ( 'NONE', #2142 ) ;
#3181 = VECTOR ( 'NONE', #132, 1000.000000000000000 ) ;
#3182 = PLANE ( 'NONE',  #1864 ) ;
#3183 = SURFACE_SIDE_STYLE ('',( #1167 ) ) ;
#3184 = AXIS2_PLACEMENT_3D ( 'NONE', #772, #2793, #3028 ) ;
#3185 = ORIENTED_EDGE ( 'NONE', *, *, #342, .F. ) ;
#3186 = EDGE_CURVE ( 'NONE', #1189, #1915, #2581, .T. ) ;
#3187 = EDGE_LOOP ( 'NONE', ( #2939, #1913, #222, #1032 ) ) ;
#3188 = EDGE_CURVE ( 'NONE', #1204, #2035, #2347, .T. ) ;
#3189 = DIRECTION ( 'NONE',  ( 0.000000000000000000, 1.000000000000000000, 0.000000000000000000 ) ) ;
#3190 = DIRECTION ( 'NONE',  ( -1.000000000000000000, 0.000000000000000000, 9.637352644315575028E-16 ) ) ;
#3191 = CARTESIAN_POINT ( 'NONE',  ( 0.9999999999999997780, 0.1000000000000000056, 0.1250000000000006106 ) ) ;
#3192 = VERTEX_POINT ( 'NONE', #2567 ) ;
#3193 = ORIENTED_EDGE ( 'NONE', *, *, #54, .T. ) ;
#3194 = EDGE_CURVE ( 'NONE', #2496, #449, #3064, .T. ) ;
#3195 = FACE_OUTER_BOUND ( 'NONE', #1471, .T. ) ;
#3196 = ORIENTED_EDGE ( 'NONE', *, *, #2268, .F. ) ;
#3197 = EDGE_CURVE ( 'NONE', #285, #2849, #845, .T. ) ;
#3198 = CARTESIAN_POINT ( 'NONE',  ( -0.3749999999999997780, 0.000000000000000000, 0.07499999999999990008 ) ) ;
#3199 = ORIENTED_EDGE ( 'NONE', *, *, #522, .F. ) ;
#3200 = CARTESIAN_POINT ( 'NONE',  ( -0.3750000000000000000, 0.1000000000000000056, -0.7500000000000001110 ) ) ;
#3201 = SURFACE_STYLE_USAGE ( .BOTH. , #3183 ) ;
#3202 = UNCERTAINTY_MEASURE_WITH_UNIT (LENGTH_MEASURE( 1.000000000000000082E-05 ), #2339, 'distance_accuracy_value', 'NONE');
#3203 = EDGE_LOOP ( 'NONE', ( #1724, #1403, #2263, #2093 ) ) ;
#3204 = LINE ( 'NONE', #42, #886 ) ;
#3205 = LINE ( 'NONE', #1712, #1050 ) ;
#3206 = LINE ( 'NONE', #1476, #785 ) ;
#3207 =( NAMED_UNIT ( * ) SI_UNIT ( $, .STERADIAN. ) SOLID_ANGLE_UNIT ( ) );
#3208 = EDGE_CURVE ( 'NONE', #444, #3012, #336, .T. ) ;
#3209 = VERTEX_POINT ( 'NONE', #2603 ) ;
#3210 = CIRCLE ( 'NONE', #3049, 0.1250000000000001110 ) ;
#3211 = LINE ( 'NONE', #2228, #257 ) ;
#3212 = ORIENTED_EDGE ( 'NONE', *, *, #1531, .T. ) ;
#3213 = DIRECTION ( 'NONE',  ( 0.000000000000000000, 0.000000000000000000, -1.000000000000000000 ) ) ;
#3214 = DIRECTION ( 'NONE',  ( 0.000000000000000000, -1.000000000000000000, 0.000000000000000000 ) ) ;
#3215 = CARTESIAN_POINT ( 'NONE',  ( -0.9999999999999997780, 0.000000000000000000, -0.1250000000000000000 ) ) ;
#3216 = EDGE_LOOP ( 'NONE', ( #1229, #1934, #1785, #2981 ) ) ;
#3217 = ORIENTED_EDGE ( 'NONE', *, *, #1479, .F. ) ;
#3218 = SURFACE_STYLE_FILL_AREA ( #1511 ) ;
#3219 = CARTESIAN_POINT ( 'NONE',  ( -0.9999999999999997780, 0.1000000000000000056, 0.6250000000000001110 ) ) ;
#3220 = CIRCLE ( 'NONE', #2694, 0.1250000000000000000 ) ;
#3221 = VERTEX_POINT ( 'NONE', #350 ) ;
#3222 = ORIENTED_EDGE ( 'NONE', *, *, #993, .T. ) ;
#3223 = AXIS2_PLACEMENT_3D ( 'NONE', #1995, #2212, #2913 ) ;
#3224 = AXIS2_PLACEMENT_3D ( 'NONE', #3008, #2994, #26 ) ;
#3225 = CARTESIAN_POINT ( 'NONE',  ( -0.2500000000000000000, 0.1000000000000000056, 0.07499999999999976130 ) ) ;
#3226 = EDGE_CURVE ( 'NONE', #512, #3034, #3080, .T. ) ;
ENDSEC;
END-ISO-10303-21;
