:020000041000EA
:1000000000B5324B212058609868022188439860DF
:10001000D860186158612E4B002199600221596106
:100020000121F02299502B49196001219960352056
:1000300000F044F80222904214D00621196600F024
:1000400034F8196E01211966002018661A6600F04E
:100050002CF8196E196E196E052000F02FF8012189
:100060000842F9D1002199601B49196000215960AB
:100070001A491B48016001219960EB211966A021F2
:10008000196600F012F800219960164914480160C1
:100090000121996001BC002800D000471248134993
:1000A000086003C880F30888084703B5996A0420EC
:1000B0000142FBD001200142F8D103BD02B5186610
:1000C0001866FFF7F2FF186E186E02BD00000240BE
:1000D000000000180000070000035F00212200005C
:1000E000F4000018222000A00001001008ED00E03C
:1000F00000000000000000000000000074B24E7A12
:1001000000000420E3010010C3010010E903001007
:10011000C1010010C1010010C1010010C101001097
:10012000C1010010C1010010C10100104503001001
:10013000C1010010C1010010C9030010D503001057
:10014000CD010010CD010010CD010010CD01001037
:10015000CD010010CD010010CD010010CD01001027
:10016000CD010010CD010010CD010010CD01001017
:10017000CD010010CD010010CD010010CD01001007
:10018000CD010010CD010010CD010010CD010010F7
:10019000CD010010CD010010CD010010CD010010E7
:1001A000CD010010CD010010CD010010CD010010D7
:1001B000CD010010CD010010CD010010CD010010C7
:1001C00000BE00BE00BE00BE00BE00BE00F03FF894
:1001D000103800BE00202049086006C881F3088856
:1001E00010471E48006800282DD10CA40ECC002911
:1001F00002D000F010F8F9E719491A4A002000E08F
:1002000001C19142FCD1184988471849884700BE6E
:10021000FDE701C901C29A42FBD37047F4D6011031
:10022000C00000208C110020CCE701100000042049
:1002300000000420CCE7011000100420001004206E
:100240000000000070470A4811F090FE0047EFF3ED
:100250000580C0B27047000008ED00E0000000D04B
:1002600098110020ECAD0020CD02001031C5001027
:1002700057560000F8B5C046F8BC08BC9E4670470B
:10028000F8B5C04610B5064C2378002B07D1054BB6
:10029000002B02D0044800E000BF0123237010BDF2
:1002A000101700200000000084020010044B10B55D
:1002B000002B03D00349044800E000BF10BDC04636
:1002C000000000001417002084020010164B002BC1
:1002D00000D1144B9D46402292029A1A9246002168
:1002E0008B460F461348144A121A13F0CBFE0F4BDD
:1002F000002B00D098470E4B002B00D098470020D1
:10030000002104000D000D48002802D00C480CF01C
:1003100012F913F039FA2000290008F04FFB0CF015
:1003200007F9C0460000080000000420000000009B
:100330001D89001098110020ECAD002037C5001079
:10034000000000007046C0082CD3EFF309808169DB
:1003500002390978002929D101B50FC8B8470CBC6A
:1003600003C29E461E4B06CB91421ED0083B1A602C
:10037000002909D0EFF3098020388863F0C0444693
:100380004D4656465F46F0C0906B1030F0C8A04610
:10039000A946B246BB4680F309882038F0C802203F
:1003A000C0430047EFF30880D1E770470D4A136858
:1003B0009942FAD801B5890053589C460FC8E047C6
:1003C0000CBC10609E46704701B507F0A1FD03BC50
:1003D0008E46C7E701B507F059FD03BC8E46C1E75D
:1003E000B8050020D0A50110102304E0202302E06E
:1003F000302300E040239C46F0B404AE7546E80884
:1004000001D3EFF309860E4F0FCE0FC70FBC0FC7F6
:100410004046494652465B460FC71DCE3100A60AEC
:1004200000D304316E0900D248311FC7EFF30980B1
:100430006946EFF3148663C7604601490BF0FCFB85
:100440005CAD002001480421014B1847B007002093
:100450007D1F011002B47146490849000956490040
:100460008E4402BC7047C04602B471464908490038
:10047000095C49008E4402BC7047C0460022430814
:100480008B4274D303098B425FD3030A8B4244D35C
:10049000030B8B4228D3030C8B420DD3FF2209029E
:1004A00012BA030C8B4202D31212090265D0030B5D
:1004B0008B4219D300E0090AC30B8B4201D3CB0353
:1004C000C01A5241830B8B4201D38B03C01A524195
:1004D000430B8B4201D34B03C01A5241030B8B4297
:1004E00001D30B03C01A5241C30A8B4201D3CB0282
:1004F000C01A5241830A8B4201D38B02C01A524167
:10050000430A8B4201D34B02C01A5241030A8B4269
:1005100001D30B02C01A5241CDD2C3098B4201D381
:10052000CB01C01A524183098B4201D38B01C01AFF
:10053000524143098B4201D34B01C01A5241030976
:100540008B4201D30B01C01A5241C3088B4201D325
:10055000CB00C01A524183088B4201D38B00C01AD2
:10056000524143088B4201D34B00C01A5241411AF9
:1005700000D20146524110467047FFE701B5002006
:1005800000F0F0F802BDC0460029F7D076E77047CA
:1005900003460B437FD4002243088B4274D30309E4
:1005A0008B425FD3030A8B4244D3030B8B4228D385
:1005B000030C8B420DD3FF22090212BA030C8B42AB
:1005C00002D31212090265D0030B8B4219D300E04B
:1005D000090AC30B8B4201D3CB03C01A5241830BD0
:1005E0008B4201D38B03C01A5241430B8B4201D380
:1005F0004B03C01A5241030B8B4201D30B03C01AA9
:100600005241C30A8B4201D3CB02C01A5241830A22
:100610008B4201D38B02C01A5241430A8B4201D351
:100620004B02C01A5241030A8B4201D30B02C01A7B
:100630005241CDD2C3098B4201D3CB01C01A5241E2
:1006400083098B4201D38B01C01A524143098B426B
:1006500001D34B01C01A524103098B4201D30B0154
:10066000C01A5241C3088B4201D3CB00C01A524179
:1006700083088B4201D38B00C01A524143088B423E
:1006800001D34B00C01A5241411A00D201465241D7
:10069000104670475DE0CA0F00D04942031000D3F6
:1006A0004042534000229C4603098B422DD3030A4B
:1006B0008B4212D3FC22890112BA030A8B420CD35B
:1006C000890192118B4208D3890192118B4204D384
:1006D00089013AD0921100E08909C3098B4201D304
:1006E000CB01C01A524183098B4201D38B01C01A3E
:1006F000524143098B4201D34B01C01A52410309B5
:100700008B4201D30B01C01A5241C3088B4201D363
:10071000CB00C01A524183088B4201D38B00C01A10
:100720005241D9D243088B4201D34B00C01A5241E7
:10073000411A00D20146634652415B10104601D374
:100740004042002B00D54942704763465B1000D3FE
:10075000404201B5002000F005F802BD0029F8D0A4
:1007600016E770477047C046D0400B1CD1409C46EE
:10077000203AD3401843524263469340184370478F
:100780009140031C90409C46203A934019435242AA
:100790006346D340194370478446101C62468C461A
:1007A000191C634600E0C0461FB501F031FA00286D
:1007B00001D40021C8421FBD10B501F089F94042A3
:1007C000013010BD10B501F023FA002801DB002034
:1007D00010BD012010BDC04610B501F019FA002867
:1007E00001DD002010BD012010BDC04610B501F094
:1007F000ABF9002801DC002010BD012010BDC0466F
:1008000010B501F0A1F9002801DA002010BD012087
:1008100010BDC0461C2101231B04984201D3000CCB
:1008200010391B0A984201D3000A08391B09984263
:1008300001D30009043902A2105C40187047C04679
:100840000403020201010101000000000000000099
:10085000414208401C2101231B04984201D3000C93
:1008600010391B0A984201D3000A08391B09984223
:1008700001D30009043902A2105C401A7047C04637
:100880001B1C1D1D1E1E1E1E1F1F1F1F1F1F1F1F87
:10089000002B15D1002A13D1002906DB01DC00282A
:1008A00006D00020C043410802E080210906002054
:1008B00007B4024801A14018029003BDA9FEFFFF42
:1008C00003B4684601B5029800F02CF9019B9E46DE
:1008D00002B00CBC7047C046002B11D1002A0FD1CA
:1008E000002900D1002802D00021C943081C07B408
:1008F000024802A14018029003BDC04669FEFFFFF6
:1009000003B4684601B5029800F04AF8019B9E4680
:1009100002B00CBC7047C046F0B5CE464746150441
:100920002D0C2E0080B50704140C3F0C9946030CC7
:100930007E435D43674363437F19340CE4199C464F
:10094000A54203D980235B029846C4444B464343E7
:100950005143250C36046544360C2404A4195B1954
:10096000591820000CBC90469946F0BD094A43082E
:100970001340C01A0300084A8008104013401B1897
:100980001809C018054B03401802C0180304C0180A
:10099000000E704755555555333333330F0F0F0F36
:1009A000F0B54F464646D646C0B5040082B00D00AD
:1009B000914698468B422FD82CD04146484602F0AB
:1009C000DDF829000600200002F0D8F8331A9C4612
:1009D000203B9A4600D576E04B46524693401F0096
:1009E0004B46624693401E00AF4228D825D053465E
:1009F000A41BBD41002B00DA7BE000220023009203
:100A00000193012352469340019301236246934090
:100A1000009318E08242D0D9002200230092019373
:100A20000A9B002B01D01C605D600098019902B008
:100A30001CBC90469946A246F0BDA342D7D90022DD
:100A40000023009201936346002BE9D0FB079846F0
:100A5000414672080A437B0866460EE0AB4201D16C
:100A6000A2420CD8A41A9D41012024196D410021F5
:100A7000013E24184D41002E06D0AB42EED9013E76
:100A800024196D41002EF8D10098019953460019A0
:100A90006941002B23DB2B005246D3402A006446D9
:100AA000E2401C0053461500002B2DDB2600574664
:100AB000BE40330026006746BE403200801A99418E
:100AC00000900191ACE7624620239B1A4A46DA4027
:100AD0006146130042468A4017001F4380E7624682
:100AE00020239B1A2A0066469A402300F3401343B2
:100AF000D4E76246202300219B1A00220091019234
:100B00000122DA40019280E72023624626009B1AE8
:100B1000DE402F00B0466646B74046463B003343B2
:100B2000C8E7C046F0B583B016001F0000900191E1
:100B300002F030F804000D0002000B003000390014
:100B4000FFF7EAFE009A019B121A8B4108992000D8
:100B50000A604B60290003B0F0BDC046F0B54E46B8
:100B600057464546DE46E0B543025B0A450083B082
:100B70000F1C99462D0EC60F002D57D0FF2D24D0E7
:100B80008020DB00C0041843002381469A469B4620
:100B90007F3D7C027A00FB0F640A120E984623D038
:100BA000FF2A4BD0E30080240020E4047F3A1C435A
:100BB000AD186B1C47460193534677403A000F2B04
:100BC00048D87D499B00CB589F46002B00D085E03C
:100BD00008339A46063B9B467C027A00FB0FFF25B2
:100BE000640A120E9846DBD1002C00D090E05246E9
:100BF00001231A4392460120DBE74C465846170072
:100C0000022824D0032800D1CFE0002200230128AD
:100C10004DD15802D205400AFF071043384303B0B4
:100C20003CBC90469946A246AB46F0BD002B5BD13A
:100C300004239A46033B00259B46AAE7FF35002C78
:100C400060D1524602231A4392460220B1E7FF22A6
:100C50000023DEE74B461B0C9C464B462604360C15
:100C6000180461463300220C6446000C43434E4393
:100C70005043544380191A0C1218964203D980210C
:100C800049028C4664441B041B0C1004C0188301E9
:100C90005E1EB341800E1843130C1B199B010343C6
:100CA0001C00230179D5012362081C401443019ADA
:100CB0007F32002A4DDD630704D00F232340042B2D
:100CC00000D00434230103D53C4B019A1C408032F0
:100CD000FE2ABCDCA3015B0AD2B29AE70C239A4637
:100CE000093BFF259B4654E71800FFF793FD4A4652
:100CF000431F76259A4000236D4291462D1A9A464D
:100D00009B4646E7524603231A439246032050E788
:100D10002000FFF77FFD431F2D1A9C40763D0020E9
:100D200047E780230027DB03FF2272E7424666E79E
:100D30004C463200584662E780234A46DB031A429B
:100D400022D01C4220D123435B025B0A4746FF228C
:100D50005FE701239A1A1B2A21DC23000199D34063
:100D60009E318C401A0023005C1EA34113435A0796
:100D700004D00F221A40042A00D004335A0111D49F
:100D80009B015B0A002244E780234A46DB031343AE
:100D90005B025B0A3700FF223BE7019587E70022F1
:100DA000002336E70122002333E78023DB032343BC
:100DB0005B025B0AFF222CE790970110FFFFFFF711
:100DC00041024200C30F490A120E00207E2A0DD9AB
:100DD0009D2A0CD8802000040143952A0ADC962025
:100DE000821AD1404842002B00D108007047034AC4
:100DF0009818FBE7963A9140F4E7C046FFFFFF7F63
:100E000070B500283DD0C317C5185D40C40F280039
:100E1000FFF700FD9E22121A962A07DCD2B208289C
:100E200033DD083885406802400A23E0992A0BDD4B
:100E3000052329001B1AD94003001B339D402B00BA
:100E40005D1EAB4119430D00052801DD431F9D4088
:100E50002B000F490B406E0709D00F263540042D9B
:100E600005D004335D0102D59F220B40121A9B016D
:100E7000580AD2B24002D205400AE4071043204388
:100E800070BD002400220020F4E76802400AF1E768
:100E9000FFFFFFFBF0B54F464646D6460C00090360
:100EA000C0B5490A470F5E0039431F03DB0F9C465C
:100EB00065007B0A570F1F436D0DE40F760DA146A9
:100EC000C000B846D200AB1B64457BD0002B5FDD71
:100ED000002E00D0A4E03E00164300D112E15E1EB9
:100EE000002E00D09EE1871A4346B842804101257A
:100EF000C91A4042091A0B0200D431E149024E0AD4
:100F0000002E00D16EE13000FFF784FC0300083BA7
:100F10001F2B00DD61E120223900D21A9E40D14012
:100F20009F400E439D4200DD51E15D1B6B1C1F2B5A
:100F300000DD7CE12021C91A3D0030008F4088404F
:100F4000DD40791E8F41310007222843D94000251A
:100F500007433A40002A09D00F233B40042B05D019
:100F60003B1DBB42BF417F42C9191F000B0200D489
:100F700026E26A1CC64B55056D0D9A4200D106E16A
:100F8000C44AFF080A40530752023B43120B8EE04B
:100F9000002B00D0B8E06B1C5B055B0D012B00DC67
:100FA00030E1871A4346B842B641CB1A76429E1BBF
:100FB000330200D54CE13B003343A1D10022002491
:100FC000002570E0002B00DCE5E0002E00D183E07E
:100FD000AF4EB54260D0802636043743B846382B32
:100FE00000DC3EE1434613431F007A1E97413F1841
:100FF00087428041404209180B0200D4B0E0A44B64
:1010000001359D4200D1C3E0A24A7B080A4001217C
:101010000F401F435108D30707221F433A4099E767
:101020009B4EB54238D0802636043743B846382B1D
:1010300000DDDCE01F2B00DC30E11E004746203ED7
:10104000F740BC46202B04D04026F31A46469E406B
:101050003243170063467A1E97411F43CCE0002BB2
:1010600000D104E24346134300D159E14B07C008C5
:1010700018438023C9081B03194208D04546ED08D0
:101080001D4204D14346D008590708432900420FA6
:10109000C9007F4D1143C0004B07CA087C49C008F6
:1010A00003438D4268D012036D05120B6D0D0021B4
:1010B00012031800130B0A0D12051A43764B2D0567
:1010C00013402B435B00E4075B08234319001CBC5F
:1010D00090469946A246F0BD3E00164312D05E1ED1
:1010E000002E00D000E187188742804141444042F1
:1010F000091801250B0233D5022585E76446330024
:10110000414610001D00C7E7002D00D0DAE00C00BA
:101110000443F3D05C1C00D19FE15D4CA64200D19A
:101120002FE1DB43382B00DD66E11F2B00DD83E17F
:1011300020240500E41A0F00DD40D940A0404346BA
:10114000A7405B1A441EA04198462F433843171A04
:10115000BA42924143465242991A64463500CAE661
:1011600007223A40002A00D0F6E64B07CA08484951
:10117000FF083B438D4296D11900114300D19EE1F7
:10118000802109030A431203120B414D8FE715001A
:10119000002200238BE7002B00D0C7E06B1C5F050B
:1011A0007F0D012F00DCF1E0394DAB4200D1B9E0F9
:1011B00085180A0085428941424449425118072254
:1011C000CF076D082F4349083A401D00C2E60722A9
:1011D0003049ED1A31403A40BCE63E00283886409E
:1011E00000279FE63800FFF715FB20308EE64346C8
:1011F00013431F007A1E9741C71BB84280414042EB
:10120000091A78E60E003B0006431343002D61D116
:10121000002E00D0F4E0002B00D11BE16446390021
:10122000100039E71A4FBB427AD03300FFE6300096
:101230001F3DE840202B03D04021CB1A9E4037436E
:101240007B1E9F41072207433A400021002589E782
:10125000171A4346BA42B641591A76428E1B644663
:101260004EE61F2B00DDADE020264746F61AB740BC
:10127000B9461700B246DF404E463E433700564659
:10128000B240561EB24117434246DA408918AEE6D4
:10129000FF070000FFFF7FFFFFFF0F80202647466C
:1012A000F61AB740B9461700B246DF404E463E43F5
:1012B00037005646B240561EB24117434246DA4006
:1012C000891A99E77F4CA6425BD0802424045B42B4
:1012D000214327E7002E0CD1002B00D1CBE0644640
:1012E00039001000774DD7E6764FBB4218D0330057
:1012F00075E6002B14D04B07C00818438023C9089B
:101300001B03194207D0FC081C4204D17907D008FE
:101310000843E14621004C46420FC9001143C0007A
:10132000684DB9E61D0000220023C0E6002D5BD108
:101330000D00054300D1E2E65D1C00D1B0E0614D37
:10134000AE421FD0DB43382B71DC1F2B00DD96E053
:1013500020250F00ED1AAF40B9460700AA46DF402E
:101360004D463D432F005546A840D940451EA84153
:1013700088440743BF189742924151424144350087
:101380003AE6644635004146100085E60B0003430B
:10139000002D00D063E6002BF5D04346134300D167
:1013A0007AE6871887428041072241444042091863
:1013B0003A400B0200D4D5E6434B01351940C9E54C
:1013C000380069E61E004746203EF740BC46202B09
:1013D00004D04026F31A46469E4032431700634627
:1013E0007A1E97411F4302E6364DAE42CAD0802591
:1013F0002D045B422943A6E70843411E8841A6E627
:10140000002B00D148E6871A4346B842B641CB1AB2
:1014100076429E1B33024BD5171A4346BA4292417D
:10142000591A5242891A072264463A4092E501430A
:101430000F00791E8F419DE71C000F00203CE74004
:10144000202B03D04024E31A99400843411E8841D1
:1014500038437CE60022002425E6171A4346BA42A8
:101460009241591A5242891A6446350043E5414671
:101470001000144D10E680220024120380E61D00A7
:101480000F00203DEF40BC46202B03D04025EB1A37
:101490009940084307006346781E87411F4369E768
:1014A000871897429B4141445B42C9183500A3E528
:1014B0003B003343CED0072231003A4052E60023AE
:1014C0001A00F4E5FF070000FFFF7FFFF0B5574665
:1014D000DE464E464546E0B5834607000E0348000B
:1014E00085B092461C00360B400DCD0F002800D170
:1014F0009DE0954B984239D08023F6001B041E4393
:10150000924A7B0F33439946944603006344009309
:1015100000230026FF00029323031B0B9846630061
:10152000E40F52465B0D019400D1B3E086498B4233
:1015300000D19EE04246D100802212040A43514667
:10154000490F11438B46814952468C4600996344AA
:10155000CB1A0021D20000932B0063409A460F2E35
:1015600000D905E17A4BB6009B599F465B46334351
:10157000994600D0B8E00223082600270090029385
:10158000CAE7CB463A0002990195019B9A46022987
:1015900027D0032900D180E2012944D06D49009B66
:1015A0008C4663441C00002C38DD530700D013E246
:1015B000D2085B46DB0109D55946674B19408B467B
:1015C0008021C9008C46009B63441C00634B9C42F5
:1015D00007DC5B4664055F075B0217431B0B620D6C
:1015E00002E000230027584A00211B031C0B0B0DAF
:1015F0001B05234314055A4A380013401C43534625
:101600006400DB0764081C43210005B03CBC904625
:101610009946A246AB46F0BD0122524201231B1B54
:10162000382B00DCADE1002200230027DCE75B461D
:10163000334399465ED0002E00D18AE13000FFF797
:10164000E9F803000B3B1C2B00DD7BE11D22D31AC4
:101650005A460100DA4008398E4013005F46334392
:1016600099468F403F4B00261B1A0093002302939C
:1016700052E7414653460B433B499B468C46009BF1
:10168000634400935B46002B3BD1022300221E43A0
:10169000022161E7434613439B4637D04346002B64
:1016A00000D162E14046FFF7B5F803000B3B1C2B6D
:1016B00000DD53E102004146083A914088461D2171
:1016C000CB1A5146D9400B0041460B439B4653462B
:1016D00093401A00009B25499C46604403008C46B9
:1016E00063440093002137E70323B14600900C26A2
:1016F000029311E70023009301330426002702938D
:101700000AE70323C3461E43032125E701331E4393
:101710000022012120E700239A46802300271B0393
:10172000094A61E7802349461B03194200D1E2E0E0
:101730005946194200D0DEE00B431B0317001B0B78
:10174000A246014A50E7C046FF07000001FCFFFF28
:10175000D0970110FF030000FFFFFFFEFE0700000F
:10176000FFFF0F800DFCFFFF01F8FFFFF3030000F8
:10177000D94500D9CBE000D1C6E03C00484600275F
:10178000009B013B00935B46160E1B021E43130297
:10179000984633041B0C9946310C0191FEF7F4FE78
:1017A0004A4642430B04210C050019438A4207D9DB
:1017B0008919013D8E4203D88A4201D9851E8919B3
:1017C000881A0199FEF7E0FE09048C464A46210476
:1017D00064464243090C030021438A4204D9891913
:1017E000013B8E4200D8F1E02D041D43AB46434639
:1017F000891A4246280C12041D0C5B46140C220068
:101800001B041B0C5A4303946B43444302956843E7
:101810001B19150CEB189C4203D980246402A446C2
:1018200060441C0C15041B042D0C20185D1981420A
:1018300077D373D00C1AA24A7D1BAF42BF419446A6
:10184000009B7F426344E01B1C00864200D1DBE02A
:101850000199FEF799FE4A4642430B04290C070002
:1018600019438A4207D98919013F8E4203D88A4217
:1018700001D9871E8919881A0199FEF785FE090486
:101880004A46894629044D464243090C0300294330
:101890008A4207D98919013B8E4203D88A4201D96D
:1018A000831E89193F04891A3A00039F1A4338009E
:1018B00013041B0C584381460298150C6F43434395
:1018C00045434846000C8446DB1963449F4203D9D4
:1018D000802040028446654448461F0C00041B04D7
:1018E000000C7D191818A94200D284E000D17FE0D5
:1018F00001231A4357E680234A461B0313431B0365
:101900001B0BAA466F4A6FE6BA4200D935E74B4631
:10191000DC0758087B081C43FF0734E70024AF426C
:1019200089D247444745A4415B466442A4196418E0
:10193000013BA6421ED2A0426DD800D1B6E0241AC7
:101940009B4678E703005A46283B9A400027914679
:1019500088E65846FEF75EFF203072E603005246E6
:10196000283B9A4093460022B4E65046FEF752FFC9
:1019700020309AE6A642E2D1B845DCD9341A9B461B
:1019800059E71F2B65DC504C0099A4465C46614426
:1019900008008C4011008240D940501E82410C4307
:1019A00014435A46DA401300620709D00F2222403E
:1019B000042A05D02200141D9442894149425B1833
:1019C0001A0262D50122002300270DE68A4200D8C0
:1019D0000AE7831E891907E70F231340042B00D160
:1019E000E6E5171D9742924153429B44FA08E0E511
:1019F000002800D1D7E57118531EB14227D3A94260
:101A000015D358D01A0073E7002B00DC04E601233D
:101A100000229B44CDE502234744474589415B4270
:101A20009C46494289190C19E344241A03E74346AA
:101A30005F0047459B41B8465B429E19023A8919AF
:101A4000A94200D054E7404500D051E7ABE51A0069
:101A5000F6E71F215F4649420C1BE740202B07D0C9
:101A60001A49009B8C46634418005B4683401A4326
:101A7000501E82413A4307270023174009D00F2107
:101A8000002311401400042995D122005F075B0256
:101A90001B0BD20817430022A6E5802359461B03DF
:101AA0000B431B0317001B0B064A9DE5BD42B2D832
:101AB0009B460024BFE68045B9D31A00C3E7C04661
:101AC000FF030000FF0700001E0400003E040000AA
:101AD000F0B54F464646D6468446C0B58046194EB8
:101AE00018030F034D00000B5C0082463F0B6D0D89
:101AF000C90F9146640DDB0F0120B5420AD0B442F4
:101B000003D0A54201D157450CD01CBC9046994644
:101B1000A246F0BD66463E43F7D1AC42F5D15446ED
:101B20001443F2D10120C845EFD1994207D0002DCE
:101B3000EBD163461F433800471EB841E5E700205C
:101B4000E3E7C046FF070000F0B54F464646D646DD
:101B50004D00C0B50E03C90F8A462C491F035C0017
:101B60008046360B6D0D91463F0B640DDB0F8D42A9
:101B70001ED08C4216D0002D1ED130438446002C3E
:101B800001D13A4323D06246002A1AD09A4529D07F
:101B9000514602200139084001381CBC9046994644
:101BA000A246F0BD39001143E5D002204042F4E7DF
:101BB0003043FAD1AC420FD0002C0FD13A43E7D0DA
:101BC0000CE00122013B934318000130E5E7634636
:101BD0000020002BE1D0DBE73A43E6D19A45D7D18C
:101BE000A542D5DCA54205DBBE42D1D808D00020F5
:101BF000BE42D2D250460123013898430130CCE78F
:101C0000C845C5D80020C845F4D3C6E7FF07000083
:101C1000F0B54F464646D6464D00C0B50E03C90F37
:101C20008A462E491F035C008046360B6D0D914697
:101C30003F0B640DDB0F8D4218D08C4211D0002D6C
:101C400018D130438446002C1ED13A431CD1634640
:101C50000020002B30D051460220013908400138C5
:101C60002AE039001143EAD0022025E03043FBD1BD
:101C7000AC4226D0002C26D13A4324D15146022032
:101C800001390840013817E06246002A0FD09A4512
:101C9000E1D1A54205DBBE42DDD819D00020BE420D
:101CA0000AD25046012301389843013004E0012252
:101CB000013B9343180001301CBC90469946A24654
:101CC000F0BD3A43D0D19A45C5D1A542C3DCE0E787
:101CD000C845C0D80020C845E3D3EDE7FF070000A2
:101CE000F0B55746DE464E464546E0B5834606000B
:101CF0000F03480087B092461D003F0B400DCC0FEC
:101D0000002800D16FE0DE4B984238D08023FF00DE
:101D10001B041F43730F3B430193DA4B0027994683
:101D200000239B46F60081442B0369001B0B52469F
:101D30009846490DED0F002900D185E0D04B99421E
:101D400000D173E04346DA0080231B04134352465C
:101D5000CC48520F84461343524600206144D200BF
:101D600089442100694000918C46012149448A46FA
:101D70000F2F00D990E0C449BF00CF59BF465B4642
:101D80003B43019300D06AE10223082700268146E5
:101D90009B46C9E732005846019B614600910228E4
:101DA00000D175E0032800D1FEE1012800D02CE12C
:101DB00000230027002600253F032A0D3F0BB348D0
:101DC00012053A4302401B051343009A5B00D107FA
:101DD0005B080B433000190007B03CBC90469946A5
:101DE000A246AB46F0BD5B463B43019300D12FE1D9
:101DF000002F00D1A5E13800FEF70CFD03000B3BDE
:101E00001C2B00DD96E11D22D31A5A460100DA4050
:101E10005E4608398F4013008E403B4301939C4B34
:101E200000271B1A994600239B467DE741465346EF
:101E30000B4393498C46E144002B00D01AE1022267
:101E40000220174300228CE7134300D10DE14346E3
:101E5000002B00D181E14046FEF7DCFC02000B3A8A
:101E60001C2A00DD72E10100434608398B40984688
:101E70001D239A1A5346D3401A0043461343524631
:101E80008A404946081A824989468144002068E709
:101E90007B4B002700268EE7140C1204120C110055
:101EA000370C3604350C794328008C462E006043ED
:101EB0006044834656432100300C8046584679439F
:101EC00040440291844506D98846802149028C46C7
:101ED000E044414602913604010C360C00048B4666
:101EE00081191E0C1B041B0C0391190079438C46AD
:101EF000280075436544A8465843050C454477437C
:101F0000A94203D9802149028C466744290C8C469A
:101F100039000004000C2D042D186144AB440591D8
:101F20005946049101990F043F0C080C39005143A4
:101F30004243904602008C46090C8B4662437C4328
:101F400044445C44A04503D9802149028846424468
:101F5000210C884661460904090C8C463900594316
:101F6000434370437E430F0CF6182404BE196444A7
:101F700042448C46B34203D980235B0298464044D6
:101F8000029B61469846049B370443449B46AB45FD
:101F9000AD416B420D0405992D0C8C467F196744A9
:101FA000FD18A8465D462D19A542A44193466442FA
:101FB000A446C344DC448F42BF4198459B419345AE
:101FC0009241A445A4415B427F421F43360C5242DA
:101FD0006442BF192243BF18624638184302D20D2B
:101FE000039913436A020A43501E82416146ED0D74
:101FF0002A434E023243D90100D4B3E001265008EF
:1020000032400243DE0732435B08224C5444002C2A
:1020100062DD510709D00F201040042805D0101DA3
:102020009042924152429B180200D90104D580246B
:102030001948E400034054441848844200DD27E76F
:102040005E075B02D2081F0B630516435B0DB2E609
:10205000002399460133042700269B4664E60323A8
:10206000019781460C279B465EE60122012017431B
:10207000002276E6032303201F43434671E6C04651
:10208000FF07000001FCFFFF10980110FFFF0F8009
:102090000DFCFFFFFF030000FFFFFFFEFE07000037
:1020A0000023802700933F030026434B83E6019BD8
:1020B0003200A446584670E6AC466EE68027019989
:1020C0003F0339422DD03B422BD11F433F033F0BEF
:1020D00000951600384B6EE601252D1B382D00DDCE
:1020E00066E61F2D40DC35481C0050441600824037
:1020F0008440EE40501E824134431443EB4062075B
:1021000009D00F222240042A05D02200141D944237
:10211000804140421B181A023ED5012300270026A9
:1021200049E68027019B3F031F433F033F0B009479
:10213000214B40E603005A46283B9A400026019274
:102140006DE65846FEF766FB203057E60300524620
:10215000283B9A401300002293E65046FEF75AFBB4
:1021600020307BE6CA4650E71F201E004042041B79
:10217000E640202D03D0124C5444A3401A43501E75
:102180008241324307260027164009D00F20002342
:10219000104014000428B9D122005E075B021F0B17
:1021A000D2081643002306E680273F031F433F0360
:1021B0003F0B1600004BFEE5FF0700001E04000069
:1021C0003E040000F8B557464E464546DE460C0034
:1021D0000903E0B5490A460F5F0031431E03DB0FD8
:1021E000760A9B46530F3343C84E6500C000E40F88
:1021F000D2006D0DA24681467F0D9C469046B742A7
:1022000000D1B9E05B46012673409B46EE1BA34517
:1022100000D183E0002E63DD002F00D0B1E06346E3
:10222000134300D123E1731E002B00D0BAE1861ABC
:102230006346B04280410125C91A4042091A0B0287
:1022400000D447E149024B0A98464346002B00D18F
:1022500089E14046FEF7DEFA0300083B1F2B00DD54
:102260007CE120223000D21A4146D0409940020041
:102270009E400A439D4200DD6AE15D1B6B1C1F2BE3
:1022800000DD94E1202110003500C91A8E40DA40AB
:102290008840DD40711E8E41110007222843002531
:1022A00006433240002A09D00F233340042B05D0C7
:1022B000331DB342B641764289191E000B0200D489
:1022C0003DE26A1C914B55056D0D9A4200D119E112
:1022D0008F4AF6080A40570752023743120B9BE019
:1022E000002E00D0C5E06E1C7605760D012E00DCB8
:1022F00048E16746861ACB1BB042BF417F42B846D1
:102300001F004346FF1A3B00B8461B0200D55FE1A1
:1023100037439AD100220024002579E0002E00DC0A
:10232000FAE0002F00D18DE0784B9D4267D08023EA
:1023300067461B041F43BC46382E00DC52E163464F
:1023400013435A1E93411E18864280414042091889
:102350000B0200D4BEE06D4B01359D4200D1D2E0AE
:102360006B4A73080A4001210E401E435108D307EF
:1023700007221E43324095E71E00164300D045E772
:1023800040E7624B9D423AD0802367461B041F43BF
:10239000BC46382E00DDEBE01F2E00DC3AE13300B6
:1023A0006746203BDF403B00202E05D04027BF1B67
:1023B0006646BE40324390464646721E96413343BF
:1023C000DAE0002B00D114E26346134300D168E148
:1023D00080234E07C008C9081B030643194208D0D2
:1023E0006046C008184204D163460100D2085E0767
:1023F0001643F3009946C900720F444D11434B46F2
:10240000DE08424B4F073743CA089D4200D16EE0B9
:1024100012036D05120B6D0D00211203130B0A0D33
:1024200012051A433B4B2D0513402B435B00E40779
:102430005B082343380019003CBC90469946A246ED
:10244000AB46F8BD6346134311D0731E002B00D07A
:1024500007E18618864280416144404209180125FF
:102460000B0237D502257BE73E00614691463500D9
:10247000C5E75C46002D00D0E1E00B000343F3D03C
:10248000731C00D1ACE1214B9F4200D13AE1F343F0
:10249000382B00DD6FE11F2B00DD8CE120250E00C5
:1024A000ED1AAE40B0460600AA46DE40454635432A
:1024B0002E005546D940A8406346451EA8415B1AE8
:1024C0009C463043161AB242924163465242991AD0
:1024D0003D00B4E607223240002A00D0E4E60B4B70
:1024E000F6084F073743CA089D4200D090E73B00EB
:1024F000134300D1A6E180231B031A431203120BDE
:10250000024D89E715000022002785E7FF0700003C
:10251000FFFF7FFFFFFF0F80002E00D0C7E06B1C86
:102520005E05760D012E00DCF0E0C84DAB4200D117
:10253000B9E085180A008542894162444942511830
:102540000722CE076D082E43490832401D00A9E638
:10255000BF49ED1A114007223240A3E63200283865
:102560008240002686E63000FEF754F9203073E6FC
:10257000634613435A1E9341C61AB04280414042FB
:10258000091A5CE60E00674606431743002D5ED12C
:10259000002E00D0F3E0002F00D11EE15C46614622
:1025A00091462CE7A94FBE427BD01E00F1E61000F9
:1025B0001F3DE840202B03D04021CB1A9A40164300
:1025C000731E9E410722064332400021002583E707
:1025D000161A6346B2428041591A40420B1A984675
:1025E0005C4632E61F2E00DDABE02027BB1B9A467F
:1025F00063465746BB40994613004F46F3401F437E
:102600003B005746BA40571EBA4113436246F24058
:10261000891898E62027BB1B9A4663465746BB405D
:10262000994613004F46F3401F433B005746BA40BC
:10263000571EBA4113436246F240891A9CE7834B06
:102640009F425FD080252D047342294320E7002E4E
:102650000CD1002F00D1D0E05C46614691467B4D05
:10266000CDE67A4FBE421CD01E0065E6002F18D082
:10267000C0084E0706438020C9080003014208D065
:102680006346DC08044204D12100DA46D2085E0722
:102690001643F300994601245346C900720F1143B3
:1026A0001C406A4DABE61D0000220027B4E6002D59
:1026B00059D10B00034300D1D6E6731C00D1B2E020
:1026C000624B9F421ED0F343382B6FDC1F2B00DD83
:1026D00097E020250E00ED1AAE40B0460600AA464F
:1026E000DE40454635432E005546A840D940451E9C
:1026F000A8418C440643B618964292415142614427
:102700003D0025E63D006146914678E60B00034317
:10271000002D00D055E6002BF5D06346134300D1C1
:102720006DE68618864280416144404209180022C5
:102730000B0200D4D0E6464B01351940B2E5B14654
:102740005DE633006746203BDF403B00202E05D08E
:102750004027BF1B6646BE40324390464646721E27
:1027600096413343EFE5394B9F42CBD080252D0472
:1027700073422943A8E70843411E8841A2E6002F7F
:1027800000D13CE66346861ACF1AB0429B415B42B9
:10279000FB1A98461B024ED5161A6346B242924166
:1027A000591A5242891A5C4600227BE501430E0009
:1027B000711E8E419FE71D000E00203DEE40B04689
:1027C000202B04D04025EB1A994008438146484607
:1027D0004346411E8841184374E60022002417E650
:1027E000161A6346B2429241591A5242891A3D0062
:1027F00025E561469146154D01E68022002412032D
:1028000079E61D000E00203DEE40B046202B04D09E
:102810004025EB1A9940084381464E464346711EB7
:102820008E411E4367E7861896429B4161445B4296
:10283000C9183D008CE547463743CED007224146B4
:10284000324049E600273A00E6E5C046FF070000AF
:10285000FFFF7FFF70B50C4E0D031C0349005B00AA
:102860002D0B490D240B5B0DB14208D00649002009
:102870008B4203D114432000441EA04170BD054388
:102880000120002DFAD1F1E7FF07000030B5144D0B
:102890000A034B00120B5B0DC90F0024AB4211DD84
:1028A000104CA34210DC8024640322430E4CE41A33
:1028B0001F2C0CDD0D48C31ADA4013005C420029BE
:1028C00000D11C00200030BD094BCC18FAE7094D9F
:1028D000E040AC4663449A4013000343EEE7C04631
:1028E000FE0300001D040000330400001304000078
:1028F000FFFFFF7FEDFBFFFF70B500282DD0C31752
:10290000C5185D40C40F2800FDF784FF154B1B1A46
:102910005B055B0D0A2815DD0B38854000222D0371
:102920002D0B002110002D030A0D2D0B12052A433B
:102930000D4D1B052A4013435B00E4075B0823434E
:10294000190070BD02002900153291400A000B21C8
:10295000081AC5402D032D0BE3E7002400230025B2
:102960000022DEE71E040000FFFF0F8010B5041EEA
:1029700025D0FDF74FFF144B1B1A5B055B0D0A2892
:1029800012DD0B38844000222403240B00211000A8
:1029900024030A0D240B120522430C4C1B05224074
:1029A00013435B00590810BD02002100153291400D
:1029B0000A000B21081AC4402403240BE6E7002375
:1029C00000240022E2E7C0461E040000FFFF0F8043
:1029D0004100090E4B1C70B5DBB24602750AC40FEC
:1029E000012B14DDE0239B006D07360BCB18002173
:1029F0000A0D280012051C4D32435B052A405B0876
:102A000013435B00E4075B082343190070BD0029F2
:102A100014D1002D1ED02800FDF7FCFE0A281CDC76
:102A20000B232A001B1ADA40030015339D400F4B7D
:102A300012031B1A5B05160B5B0DD8E7002D06D0A1
:102A4000320B802636036D071643094BCFE7084B40
:102A50000026CCE700230026C9E703002A000B3B31
:102A60009A400025E3E7C046FFFF0F80890300007E
:102A7000FF070000F0B54C00640D0B03621C5B0AFD
:102A8000460F5205C90F1E43C500520D012A29DD0C
:102A9000374BE718FE2F1CDC002F3BDD8001431E67
:102AA00098410722F3006D0F03432B431A40002A7D
:102AB00004D00F221A40042A00D004338022D2040A
:102AC0001A4024D00137FAB2FF2F02D09B01580AD6
:102AD00001E0FF2200204002D205400AC90710434E
:102AE0000843F0BD3543002C04D1002D0AD100224B
:102AF0000020F0E7002DECD08020C0033043FF22FF
:102B0000E9E7002400235B02580AE2B2E3E7DB08AE
:102B10003C00F8E73B001733F3DB80231B0433430F
:102B20001E26F61B1F2E14DD02225242D71B1A004E
:102B3000FA401700202E04D00E4A94466444A34065
:102B40001D432B005D1EAB4107223B431A4000276B
:102B5000ADE7094A2800A218954093406C1EA54194
:102B6000F04007222B4303431A4000279FE7C0464B
:102B700080FCFFFFA2FCFFFF82FCFFFF10B50029D5
:102B800003D1FDF747FE203002E0081CFDF742FEAE
:102B900010BDC046F0B54E465746DE464546E0B548
:102BA0000F00002183B006008946002F06DA3900A5
:102BB000002746428F41012149428946002B07DA0E
:102BC0004946C943100089461900002342428B41FF
:102BD00034003D0092469846BB4269D866D04146D3
:102BE0005046FFF7CBFF834639003000FFF7C6FFA2
:102BF0005B461B1A9C46203B9B4600D575E0514620
:102C0000584681400B005146604681400A00BB4255
:102C100061D85ED034003D005946A41A9D41002978
:102C200000DA7AE000210020012600900191594647
:102C30008E400196614601268E406146009600292D
:102C400050D0D90756085F080E4363460EE0AF42E6
:102C500001D1A6420CD8A41BBD41012124196D410C
:102C60000022013B64185541002B06D0AF42EED93B
:102C7000013B24196D41002BF8D1009801995B4666
:102C800000196941002B3DDB2E00DE4063462C001D
:102C9000DC405B46002B4BDB34005D46AC40230040
:102CA0006446A6403200801A994103E0B24296D9A8
:102CB000002000214B46002B04D003000C00002113
:102CC0005842A14103B03CBC90469946A246AB464F
:102CD000F0BDB1429ED900210020009001916146D3
:102CE0000029AED100980199E4E7202362465146BD
:102CF0009B1AD940404600916146884003000099E4
:102D00000B4380E7624620239B1A2A009A40260044
:102D100013006246D6401E43B8E7614620260127CD
:102D2000761A00200021F74000900191019781E779
:102D30006746202362463500BC409B1ADD402300D5
:102D40002B43ADE7024670B50A4392072AD11E4DC8
:102D5000EE0104C808C9541B9443344017D0D0B2C4
:102D6000D9B2401A2106014310D190B299B2401A4B
:102D7000210401430AD110021902000A090A401A6B
:102D80002102014302D1100E190E401A70BD9A4261
:102D9000DFD010BA19BA884201D9012070BD0020D5
:102DA000C04370BD02780B7801300131002A09D090
:102DB0009A4207D102780B7801300131002A01D004
:0C2DC0009A42EFD0D01A70BD0101010151
:022DCC0070474E
:022DCE0070474C
:022DD00070474A
:102DD400DA235B00838101487047C046A098011044
:102DE400F0B5050000208FB081425CD102AB9E1D7E
:102DF4002722300011F044F92B6828005B6B9847B8
:102E04002B6807005B6B280098472B0029331B783D
:102E140003AC00932B002A331B7822220193234B0B
:102E240022762380E13BFF3BA3700223FF33A38080
:102E3400413BE371B73B6372053BA372023B63738F
:102E44006A461B4B67766382122307270012A0761B
:102E540005201278FF336277164AA382113BFF3BA9
:102E6400E28302AAF377D619F77704AE2077F077D6
:102E7400043080186A4612790321C2770A2002AA14
:102E84008018C1774020A173083189183235C8777A
:102E9400FF350DA90B70292221002800E375E77680
:102EA40011F05CF828000FB0F0BDC0460902000024
:082EB4000921000003400000A9
:102EBC00F0B50400164B8BB0083301AD036024222F
:102ECC001449280011F046F8210000220126FF3198
:102EDC002020844603233700944460469B1A9F406D
:102EEC00285CFFB2CB7C00280FD03B430132CB7463
:102EFC00042AEDD120005D30FF3009F067FF20007F
:102F0C0001F0CEF920000BB0F0BDBB43EEE7C0469C
:082F1C0050980110909601107D
:102F240010B50400FFF7C8FFD0212000490009F0C4
:062F340051FD200010BD5C
:0C2F3C000122014B1A7070470D2D00207F
:102F480010B5034B034A3F2103480FF0F5F8C0467C
:0C2F5800829D01100B9D01109D9D011039
:102F640070B5060014001D000EF054FE002901DAAD
:102F7400FFF7E8FF24184D41A942F9D801D1A04236
:0E2F8400F6D8002DF4DB34607560300070BDAF
:102F9400F0B58BB001AD242204000D49280010F0D7
:102FA400DDFF01260022032031001700831A994017
:102FB4002037EF5DCBB22178002F06D00B4323706E
:102FC4000132042AF0D10BB0F0BD99432170F7E728
:042FD400B49601109E
:102FD800F0B50D00040016001F0087B004A8084AC9
:102FE8000023FFF7BBFF049A059B00970292039307
:102FF800210033002A0003480EF004FB07B0F0BD9F
:08300800A8610000540700203C
:1030100070B586B00400160004A8094A00230D000C
:10302000FFF7A0FF049A059B0292039300232A0056
:1030300000932100330003480EF003FB06B070BD7F
:08304000A86100005407002004
:10304800F0B506005D36FF3695B0050030000F007C
:103058000193009209F088FE3C22002105A811F096
:103068000DF80123072203AC23718033FF33EB5C97
:103078002100134063716B461B782800E3716B468F
:103088001B79A77123720523039301F05DFA0400ED
:0C309800300009F085FE200015B0F0BDEE
:1030A4000300F0B55D33A1B0FF33019018000C00AC
:1030B4001700039309F05AFE4022002110A810F0D3
:1030C400DFFF03220FAB07AE1A710021052209AD01
:1030D400300010F0D5FF0A220021280010F0D0FFA4
:1030E4000A2200210CA810F0CBFF06235F43032122
:1030F400E319029300220123009604950591029995
:103104008C4213D0042A11D8217800290AD0002136
:103114006678C8B2824200D86BE0009F481C795C94
:10312400B14201D10634EAE70100F2E701980199BE
:1031340082308731FF30FF310D000400009002928D
:103144001E2B17D8667E002E0BD000262778F0B2EF
:10315400824200D867E0701C844607A8865DBE42A0
:103164003FD101340235A142EAD11C000025E3B26B
:103174001E2B38D909A8002484460CAFE5B2954229
:10318400B6410098764246760026AA4201D907A89D
:10319400065D009806700026AA4202D960466600C1
:1031A400365A0E800026AA4201D96500EE5B0098CB
:1031B400013401304E8100900231052CDED10FAA7A
:1031C400D3186A46127A0FA91A71202301980F9313
:1031D40001F0BCF90400039809F0E4FD200021B0DB
:1031E400F0BD6646B3E70FAB1B191D715D71063464
:1031F400BDE7009960888E54049957007852A188DD
:103204000CAD79530FADEF186D462D7D0132B871B9
:103214003972000A090A0633D2B23D717E71F8711F
:103224007972DBB27EE70FA8C618002077712F8869
:103234003071B7713F0AF7716F89063337723F0AED
:0E3244007772029EDBB20136F0B2029089E78B
:1032540010B50100014803F0D1F910BD1C1B00207A
:10326400F8B50F001A4D062604001A49280003F089
:10327400A9F91949280003F0A5F90A223900280000
:1032840003F027FA7E430134A619B4421ED0134931
:10329400280003F097F921780A22280003F015FA90
:1032A4000F49280003F08EF9631C19880A222800AC
:1032B40003F0F1F90B49280003F084F9E31C1988A1
:1032C4000A22280003F0EBF90634DEE7F8BDC04615
:1032D4001C1B0020429C0110489C0110539C0110AF
:0832E400599C01105D9C0110D2
:1032EC0010B50D4C20000EF0F1F80C4920000EF03A
:1032FC0061F9032104200DF045FF032105200DF099
:10330C0041FF0022012104200DF05CFF002201216D
:10331C0005200DF057FF10BD54070020801A060041
:10332C00F0B587B003AD009001920F000A22002186
:10333C0028001C00002610F09FFE082C17D83B0A12
:10334C002B7002AB22000199981D02346F7010F0A3
:10335C0001FE3300220029000098FFF737FE061EFD
:10336C0001DAFFF7BDFFA41B66426641F6B23000DE
:04337C0007B0F0BDE9
:1033800007B513006A46073213700123FFF7CEFF1B
:023390000EBD70
:1033920073B505001C0001A80B0A037041701600EA
:1033A2000100012302222800FFF715FE022806D0A1
:1033B2000024A04201DAFFF798FF200076BD280022
:1033C20022003100FFF723FE051E01DAFFF78DFF11
:0A33D200641B63425C41E4B2EFE7C4
:1033DC0073B5184D1849280003F0F0F801240026A5
:1033EC006B46D91D0023012220000B70FFF70AFE4B
:1033FC00012810D11149280003F0E0F80F2C03D854
:10340C000F49280003F0DAF810222100280003F0FD
:10341C0058F90136F6B20134E4B27F2CE0D1002E1B
:10342C0003D10849280003F0C9F8280003F0D0F8AC
:10343C0073BDC0461C1B0020EF9A0110F99A0110B5
:08344C00FD9A0110FF9A011026
:1034540010B50221132003F07BFA0121122003F09E
:1034640077FA0021122003F0B1FA282003F010FAB1
:103474000121122003F0AAFAC82003F009FA02215C
:10348400132003F065FA03F0F3F9064BC018064B5A
:10349400186003F0EDF9FF22044B1860044B1A7016
:1034A40010BDC046C4090000782C00204829002023
:0434B4009C03002055
:1034B80010B588B0FFF7CAFE0E4C2378002B0BD04E
:1034C8001E220021684610F0D9FD002269460A48EC
:1034D800FFF7E4FD00232370FFF7B8FF0023012165
:1034E800064A1370064A1370064A1170064A13708A
:1034F80008B010BD0E2D0020A0270020022D0020AE
:0C350800012D00209D0300200D2D00204F
:1035140010B51180188014880648211C844200D9F3
:10352400011C118018880449021C884200D90A1C15
:0C3534001A8010BDFF040000CF02000050
:10354000F0B500268FB002ABDF1C01900C00012308
:103550003A00494914203E70FFF71BFF0500B042B6
:1035600017D1464B464C1B78B34209D045494648D3
:1035700003F046F803F07EF9206028000FB0F0BD9C
:1035800003F078F92368C01AF423FF339842EDD88A
:10359000F3E73B785AB2002A01DB2670EDE70F27EC
:1035A0001F40052F09D9320033491420FFF7E8FEE8
:1035B0000122364B1A700025DFE72670002F54D009
:1035C0002822310004A810F05DFDFB0004AA304958
:1035D0001420FFF7DEFE002815D1284B284C1B785D
:1035E000002B07D02B49284803F00AF803F042F9D2
:1035F0002060E0E703F03EF92368C01AF423FF33AC
:103600009842EFD8D7E7F10004AB5A185078CB5C5A
:1036100000021843D37891781B021943002302AAB1
:103620009380D380130003AA0633FFF773FF0621AC
:1036300001202378019A4B43985423784B43D318A5
:103640005E70237801364B43D31802AA92885A80C1
:103650002378019A4B43D31802AAD2889A80237800
:1036600001332370F3B29F42CDD8002202491420C7
:10367000FFF786FE81E7C0464E8100009D030020D3
:103680004C2900200B9B01101C1B0020092D002041
:0836900050810000249B011091
:10369800F8B507000E00002400233100337038000D
:1036A800FFF74AFF051E06D0002C02D00648FFF798
:1036B800CDFD2800F8BD01340220E4B203F0E6F89D
:0C36C800032CE9D1F5E7C046619C01101D
:1036D40030B585B0334802ACFFF7BAFDFFF704FEFE
:1036E400FFF7B6FEFFF778FE05220021200010F058
:1036F400C7FC042322002C491420FFF748FE0028AD
:103704004BD00023294D2A492800237102F05AFF87
:103714002100280002F072FF6B46DC1C002322000B
:103724002370244901331420FFF731FE002809D007
:103734001E4D2149280002F045FF2178102228005F
:1037440002F0C7FF002301AD01932A0004331B4993
:103754001420FFF71CFE002812D0144C1849200036
:1037640002F030FF0A222988200002F094FF154954
:10377400200002F027FF69880A22200002F08FFF50
:103784000022114B11491A701320033201F0DAF8A8
:103794000F48FFF75DFD05B030BD0E48FFF758FD3B
:1037A400BAE7C0469F9B0110408100001C1B00200B
:1037B400C19B011047800000F19B0110488000006C
:1037C4000A9C0110089C01100D2D00203D2F0010B3
:0837D400219C0110D49B01109F
:1037DC00F0B58BB003F048F8504C2368C01A1D2884
:1037EC002ED903F041F81E222060002102A810F00F
:1037FC0043FC6B46DD1D002313202B7003F008F9EE
:10380C000023474E07003478E4B298421AD09C4209
:10381C001AD1444D2B78002B12D003F025F8424BD3
:10382C001B68C01A95280BD902A922003F48FFF744
:10383C0033FC3F4B210002A82C701C70FFF70CFDD1
:10384C000BB0F0BD002C00D03370290002A8FFF79C
:10385C001DFF384A384900284ED00023137001331D
:10386C000B7003F001F8354B2A781B68984215D27F
:10387C00002AE5D002F0F8FF314C2368C01AF4237B
:10388C00FF339842DCD92F48FFF7DEFC297802A8D9
:10389C00FFF7E2FC02F0E8FF2060D1E7214C002AA0
:1038AC0002D12378002B03D002A92048FFF7F4FBA8
:1038BC002B78002B03D002F0D7FF1B4B18601C4F4A
:1038CC002A783B781E4E9A420DD0297802A8FFF731
:1038DC00C3FC2B783B7002F0C7FF30602B785A1E6C
:1038EC0093412370ACE702F0BFFF3368C01AF42396
:1038FC00FF339842E9D8F1E7002C01D1002F01D118
:10390C000123337013780133DBB2137000220A7079
:10391C00072B95D90C48FFF7C9FD91E750290020DA
:10392C000D2D00200E2D002048290020A02700205E
:10393C009C030020022D00209D030020782C0020E9
:0C394C004C290020419B0110629B0110DF
:10395800F8B50F001049060015000FF0E5F8041E31
:103968000AD10E4D0E49280002F02AFE3100280027
:1039780002F042FE2000F8BD03002A0001213800B1
:103988000FF0EEFE06002000AD1B0EF0A9FE684207
:103998006841C0B2EFE7C0467D9A01101C1B0020A9
:0439A800809A0110F0
:1039AC00F8B50E000949170000250FF0BBF804000C
:1039BC00A84209D003003A00012130000FF0B0F901
:1039CC00050020000EF08AFE2800F8BD7A9A01103E
:1039DC0070B50500194C0E002000194902F0EEFDDF
:1039EC002900200002F0EAFD1649200002F002FE38
:1039FC00280015490FF096F8051E04D11349200034
:103A0C0002F0F8FD70BD300011F02AF82B00020016
:103A1C00012130000FF0A2FE06000D49200002F03B
:103A2C00CDFD0A223100200002F059FE0949200088
:103A3C0002F0E0FD28000EF051FEE3E71C1B002015
:103A4C00DC9C0110E79C01107D9A0110ED9C01108B
:083A5C00FC9C0110039D011008
:103A6400F8B50700134D0E0028001349140002F0A6
:103A7400A9FD3900280002F0A5FD1049280002F034
:103A8400BDFD002C07D00E4938000FF04FF8051E7D
:103A940003D1040030702000F8BD621E0300012130
:103AA40030000FF041F900230400335428000EF0D5
:103AB40019FEF0E71C1B0020BA9C0110E79C0110C2
:043AC4007A9A0110D9
:103AC800F0B585B00CF0E2FC2D4B2E4C186080232D
:103AD8009B0002930193C13BFF3B009300222A49BC
:103AE80020000CF01FF9294D29492A00200008F070
:103AF80019FD0CF0B1FF0123029350330193254BBC
:103B0800254C0093002301001A00200000F0F6FC69
:103B18002000224B33220021FE30236010F0AEFA41
:103B28001F4809F019F920000526823032000021CB
:103B3800FF3010F0A3FA20000A2787303A0000214E
:103B4800FF3010F09BFA200091303A000021FF303E
:103B580010F094FA20009B3032000021FF3010F062
:103B68008DFA1048FFF712FAC02300225B00E254D6
:103B78000D492A00200008F0D5FC05B0F0BDC0466C
:103B8800FC250020FC1C0020549A0110580300203A
:103B9800CDFC001035120000A02700205898011015
:0C3BA800FC280020B2280020BD2E0010D8
:103BB40070B509480BF010FE041E0BDA074D0849D6
:103BC400280002F01BFD604210F042FF01002800B3
:103BD40002F014FD70BDC046FC1C00201C1B00201C
:043BE400C19C01106F
:103BE800F8B5124C1249200002F0EAFC114E124DB1
:103BF800316828000BF074FD1049071E00D11049E8
:103C0800200002F0F9FC002F0ED00E49200002F02F
:103C1800F3FC316828000CF017F90849002800D196
:103C28000749200002F0E8FCF8BDC0461C1B002034
:103C38008E9C0110FC250020FC1C0020829C011099
:083C48008A9C0110AB9C0110E5
:103C5000F0B585B0FFF7C8FF164F1022694638004F
:103C6000FFF700FF144C051E0FD11449200002F08D
:103C7000C7FC134E38003100FFF7B0FE10223100B0
:103C8000684610F025FF6B46DD730E49200002F0F8
:103C90009BFC6946200002F0B3FC0B496846FFF725
:103CA00051F843425841094B1870FFF783FF05B0A4
:103CB000F0BDC0469B9A01101C1B0020A89A011061
:103CC000C89A0110D09A0110DB9A0110062D00202D
:103CD000012310B5164C86B0227853402370FFF7AD
:103CE00083FF23781349002B00D113491348FFF7B2
:103CF00075FEFFF75FFF124903A802F049FD237824
:103D00001049002B00D11049684602F041FD694678
:103D100003A802F06FFD01000C4802F067FC684642
:103D200002F0E7FC03A802F0E4FC06B010BDC046B8
:103D3000062D0020DB9A0110C89A01109B9A0110F1
:103D4000659A0110579A01105D9A01101C1B002002
:103D500010B5FFF7BDFF044B1B78002B02D00122EA
:103D6000024B1A7010BDC046062D00209E03002095
:103D7000F0B599B0FFF732FD102002F04FFE9D4CD8
:103D80002378002800D0BDE0002B05D1013323703B
:103D900002F070FD984B1860984B1B201A68DF6882
:103DA00003925A6804929A68059202F095FD040005
:103DB0001A2002F091FD924B02901E78914D002E38
:103DC00000D1E0E06B4610229A5E6B460C21595EF2
:103DD0006B463FB214269E5F1300A24200DD230013
:103DE0000800994200DA18001E2300933C3B02F0C1
:103DF000D6FA029A04003B00974200DD130030001F
:103E00009E4200DA18001E23310000933A003C3B2A
:103E100002F0C5FA23000E339BB206001C2B00D81B
:103E2000002433000E339BB224B21C2B00D8002692
:103E3000062002F0F3FD47424741072002F0EEFD65
:103E4000434258417FB240000743092002F0E6FD9B
:103E50004342584180000743082002F0DFFD4342FF
:103E60005841C023C0005B000743EF54664B1B78EA
:103E70000293002B5CD00D2002F0D0FD002400281E
:103E800001D10A2464420F2002F0C8FD002800D1AD
:103E90000A340E2002F0C2FD0026002801D10A26B5
:103EA00076420C2002F0BAFD002800D10A36230029
:103EB000564F334339D03868FEF78AFD544A554B84
:103EC000FCF7E8FFFEF7D6FD38603F683000FCF7EE
:103ED00097FF391CFCF742FEFCF772FF46B2200048
:103EE000FCF78EFF391CFCF739FEFCF769FF002355
:103EF000320041B22800FFF7A7F80F2002F0CAFCF9
:103F000019B0F0BD002B0AD002F0B4FC3A4B1B688C
:103F1000C01AFA239B00984204D9FFF719FF002327
:103F2000237039E702F0A6FCF9E700233B60CCE7F9
:103F3000E317E71836B25F40F317F01858404643CE
:103F4000464335497043FCF723FB46B238007C43B7
:103F50007C4331496043FCF71BFB029B41B23200BA
:103F60002800FFF771F80C2002F058FD011E03D164
:103F700001235B420A00BDE70E2002F04FFD011E47
:103F8000BBD10123F6E72548FFF704F807240127F2
:103F9000234BB200D058C0B202F040FD32003900CD
:103FA00022409140F310EB18FE33CAB21978002872
:103FB0001DD10A431A7001360C2EE9D1194C20008C
:103FC00008F0D6FE022307A90B71013B1800FD3053
:103FD000285CCA1801331071162BF7D128000B602A
:103FE00000F0B6FA200008F0DFFE1E2086E79143BD
:103FF0001970E0E7082D0020442900208C030020E0
:10400000062D0020A02700209E030020C02A0020AB
:104010009A9999999999B93F78690000B228002036
:084020005C030020FC280020D5
:1040280030B585B06C46FFF7DBFD104D102221003E
:104038002800FFF7B7FC102811D16368009A934253
:1040480009DDE368A268934205DD094B07CC07C385
:104058001A0023681360FFF7A9FD05B030BD1022D0
:1040680003492800FFF774FCF5E7C046E19A011000
:044078008C03002095
:10407C00E12110B54902214800F0DEFE2048FFF78F
:10408C00E3F82048FFF7E0F81F48FFF7DDF80024BD
:10409C001E4BA200D0580221C0B2013402F054FCD5
:1040AC000C2CF5D10221102002F04EFC012119201C
:1040BC0002F04AFC0121122002F046FC01211320DF
:1040CC0002F042FC0121142002F03EFC00211220DF
:1040DC0002F078FC0021132002F074FC0021142063
:1040EC0002F070FCFFF7F0FAFA20C00002F0CCFBF3
:1040FC00FFF7A8FDFFF792FF10BDC0461C1B002068
:10410C00419D0110549D01106C9D01105C03002019
:02411C007047EA
:0E411E0010B5040003681B6B9847A08910BD04
:0E412C00CB880079181A43425841C0B2704740
:04413A0004207047A6
:08414000004870475A9F01106E
:0841480000487047449F01107C
:1041500030B5050089B00922002102A80FF092FFB6
:104160002B00FD331878013B1978154B1B22019366
:10417000022301AC63719F33A371A03BE3717433DD
:1041800023726D3B63720D33A372F03BA3817133D5
:10419000FF33A37323750B4BE073E3820A4B0B4889
:1041A000AA8123830E35D23B05906175FF3B210028
:1041B0002800A3760FF0D4FE280009B030BDC04619
:1041C00006ABFF0A0902000091020000090181020A
:1041D000F0B5050000208FB081425ED102AB2722EE
:1041E000981D0FF04FFF2B6828005B6B2F799847C5
:1041F0002B6806005B6B280098472B0029331B783F
:1042000003AC9C462B002A331B78E7720193244BA6
:1042100022272380E13BFF3BA3700223FF33A380CF
:10422000413BE371B73B6372053BA372023B63738F
:104230001C4B277667466382122325226676072663
:104240000012A07605206777174FFF33A382E7831C
:10425000113B02AFFF3BBF1802AA3B709719E676ED
:10426000FE7704AE2077F077043080186A46127922
:104270000321C2770A2002AA8018C1774020A173C7
:1042800008318918C87749350DA90B7029222100FA
:104290002800E3750FF064FE28000FB0F0BDC046A3
:0C42A0000902000009210000034000009A
:1042AC0010B504000A4B0833036001F039F806F02E
:1042BC0065FE2000403005F0F6FC2000343005F09F
:1042CC00F2FC20002C3005F0EEFC200010BDC046A6
:0442DC00F49E01103B
:1042E00010B50400FFF7E2FF80212000490008F02C
:0642F00073FB200010BD6D
:1042F80010B50400024B036005F088FB200010BDD8
:04430800589E0110AA
:10430C0010B50400FFF7F2FF2000302108F05EFB2F
:04431C00200010BDB0
:0A43200010B50C220FF01CFE10BDBA
:08432A0010B501F032F810BDDE
:1043320070B50400042918D005003C352B78002BF9
:1043420006D103002933197801F02AF801232B70D2
:10435200250048352B78002B07D123002A33197802
:10436200200001F01DF801232B702000343005F0ED
:1043720057FC2000403005F053FC20002C3005F0A3
:044382004FFC70BDBF
:1043880070B50D00040040220321280005F0E6FB6B
:1043980023002933187040220321280005F0E5FB8B
:1043A8002A342070280005F075FB002804D18922E2
:1043B8000249034807F072FD70BDC046D69E011041
:0443C800E19E011061
:1043CC0070B5040000F0E0FF2300293319782000B9
:1043DC00250001F008F8012320003C352B70343007
:1043EC0005F019FC2B78002B03D0236820005B6CA4
:0443FC00984770BDB1
:1044000070B5040000F0C6FF23002A33197820009D
:1044100000F0DBFF23002500B833186001232000E3
:1044200048352B70403005F0FCFB2B78002B03D077
:0A443000236820001B6C984770BD44
:10443A00F7B51F00042300921370CA880379040099
:10444A000D0000269A4217D14B78B34216D00026A7
:10445A006A78012A10D1EB78092B0DD12300A9889B
:10446A00BC33197021003F262B89B83101330B6008
:10447A00009BBD343C601A703000FEBDCB78062B21
:10448A00E6D18B881B120193212B1AD0222BDFD164
:10449A0003681B6B98470028D9D0236820005B6B00
:1044AA0098470028D3D0236820005B6B984723687D
:1044BA0006001B6B200098470123009A386013708E
:1044CA00C6E700F02EFF3200019906F02CF9002809
:0E44DA00BDD00123009A386009261370B8E7A0
:0C44E80010B500F01FFF06F0F1F810BD49
:0E44F400C36810B5002B01D09B68984710BD1F
:10450400F8B51E0000230125040083600E4B45719D
:10451400083303602C30170005F074FB200034309E
:1045240005F070FB2000403005F06CFB23003C33A9
:104534001D701D73C0331F705E7000F0F5FE210006
:0C45440000F0ACFE2000F8BDF49E011059
:1045500070B504008CB00D0000F00EFF684605F049
:1045600047FA200000260D4B69460A9534300BAD02
:10457000009309942E7005F06BFB200000F003FF00
:10458000074B31001A68684605F0F6F92C78684642
:10459000FFF7B2FE20000CB070BDC046589E01105F
:0445A000749E0110F4
:1045A400F8B504000F0000F0E5FEFFF79BFF051EC1
:1045B40004D1200000F0E5FE2800F8BD26003C36BA
:1045C4003578002DF5D020004422390074300FF0E6
:1045D400C5FC23002200293319787832636F200048
:0A45E40000F0F9FE00233370E3E756
:1045EE0010B50400FFF779FF002803D12C3420709A
:1045FE00013010BDA16A606AFFF7CDFF0028F8D028
:08460E0001232C342370F4E7B2
:0C46160010B50400FFF76BFF200010BD82
:1046220010B542680368086854100019D20701D512
:084632000268D358984710BD3F
:0C463A0010B501000430FFF7EFFF10BDC9
:1046480010B5024BC3601CC91CC010BD689E011088
:1046580010B586B00400684603910092436004AB2D
:1046680006C806C3200003A9FFF7EAFF200006B02A
:0246780010BD73
:0C467A0013B50400FFF7EBFF200016BD95
:10468800F0B504008DB000F04DFE2300060029337C
:1046980008AD1F7821002800184A0023FFF7E9FF1A
:1046A8003900032340220095300006F0D7FC28008B
:1046B800FFF7ADFF260000F035FE2A360390377865
:1046C800210028000E4A0023FFF7D3FF39000323F7
:1046D80040220095039806F0C1FC2800FFF797FFD9
:1046E80022003178BC324023200000F05EFE002317
:1046F8000120483423700DB0F0BDC046CD430010F2
:044708000144001058
:08470C0010B5FFF794FF10BD8A
:0847140010B5FFF7F9FF10BD1D
:06471C0016204042704728
:0A4722000020814200D119387047D1
:04472C0001207047B1
:0647300016204042704714
:064736001620404270470E
:04473C001120704791
:024740007047C0
:024742007047BE
:024744007047BC
:1047480070B5104C10492068104A114B88420FD19F
:10475800606890420CD1A068984209D100250D48A4
:1047680025600DF0FFFB0300802029008004984796
:10477800216009480021A36062600DF061FA0023FE
:10478800236070BD8C110020DE8116F0299B72BD5C
:0C4798007ABE59D355420000A0860100F3
:1047A4000B00F0B50F2700260E33023902003A4001
:1047B400D5B22C0000093034092A00DD07341C70FE
:0A47C4005E70023B9942F1D1F0BD96
:0447CE001E207047F2
:0247D20070472E
:1047D40013B5040068460CF0ADFC21000098FFF707
:1047E400DFFF210001981031FFF7DAFF202016BD0A
:1047F40010B5192002F026F8040004480DF0B4FBAB
:10480400030001200021A0409847C0465542000003
:1048140010B50400FFF7D9FF84420AD2054B2401E6
:104824001C196068002804D003685B68984700235B
:08483400636010BDC003002009
:0A483C0010B503680868984710BD26
:0A48460010B5011DFFF7F7FF10BDCC
:10485000030010B5044AC26005C905C3042218004C
:0C48600000210FF00FFC10BD649F011040
:10486C0013B50400009169460192FFF7EBFF20009D
:02487C0016BD67
:0C487E0010B50400FFF7F3FF200010BD90
:10488C00F0B587B004000E0000921F00FFF799FFEF
:10489C0084423CD2284B22019B185B68002B02D02F
:1048AC002000FFF7B1FF200001F0C8FF0190382075
:1048BC0008F058F80199050004F0B2FB009B022B9C
:1048CC0027D13A00310002A8FFF7D3FF02A9280034
:1048DC0004F0E6FB02A8FFF798FE3A00310002A8AC
:1048EC00FFF7C7FF02A9280004F0F8FB02A8FFF7A6
:1048FC008CFE114B22019B18D9685D60002906D1F2
:10490C00009B032B12D10231200002F01DF807B0DE
:10491C00F0BD009B3A00310002A8032BE0D0FFF75A
:10492C00A8FF02A9280004F0BBFBDFE7009B042BC7
:0C493C00EAD10321E8E7C046C0030020D8
:0A49480010B50023FFF79EFF10BD1D
:0849520010B5FFF777FF10BD5F
:08495A0010B5FFF7F9FF10BDD5
:04496200002070477A
:104968009A2370B55B00C35C05001400002B1CD1B2
:104978000368DB699847F0210C4B09012140C918ED
:104988004B1E9941F0232340303B5A4253410F229A
:104998000731144001330D3A012C02D0023C624227
:1049A8006241A869006804F074FC70BD00FDFFFF57
:1049B8009A2310B55B00C35C0400002B05D1A369E2
:0C49C800186804F096FC0028F9D010BD1F
:1049D4009A2370B55B00C55C0400002D14D1836973
:1049E400002B0CD01868002809D00368DB689847AE
:1049F400A36904211D60A06907F0ECFFA5610023F1
:0A4A0400FC34E3622363636370BDBA
:104A0E009A23F7B55B00C35C0400002B2AD18025E6
:104A1E00FF276D00A369186804F04CFC002821D014
:104A2E0007F0FFFAA369012218686B46DE1D0368C2
:104A3E0031005B6998472300FC335A6BAA420ED0B3
:104A4E005A6BAA420BD02200D96A307828325054C1
:104A5E00DA6A01323A40DA625A6B01325A6307F06F
:064A6E00F6FAD7E7F7BDE0
:104A74009A2210B552000300805C002806D0012061
:104A840001F006FF054801F086FA10BD9B69002B72
:104A9400FBD01868431E9841C0B2F6E72C170020DB
:104AA40070B504000D0001F076FA03000020834283
:104AB40004D0236829001B6C2000984770BD08B4FB
:104AC400024B9C46024BC01A08BC6047A54A001022
:044AD400400100009D
:104AD80037B56B46DC1D9A2321705B00C35C05006B
:104AE800002B04D0C9B20A48FFF7D8FF3EBDAB6916
:104AF800186804F0FEFB0028F9D0AB690122186899
:104B0800210003681B6998470130431E9841EDE76F
:044B18002C17002036
:104B1C00F7B5060001911700002401F038FAA04205
:104B2C000DD0A7420BD93D1B402D00D94025019B30
:104B3C002A001919300000F06BFF6419F1E720000E
:104B4C00FEBD08B4024B9C46024BC01A08BC604721
:084B5C001D4B00104001000098
:104B64009A2370B55B00C35C05000E001400002B93
:104B740005D00F48FFF7D0FF0400200070BDAB69DB
:104B8400186804F0B8FB0028F9D0AB6901211B6850
:104B940018005B6F74301B6B9847AB692200186870
:104BA400310003681B699847431CE6D10024E4E7FD
:044BB4002C1700209A
:104BB800F0B5C3B0050001F0D7F9932380229B001C
:104BC800E918CB6852000400D31A984201DDCC687A
:104BD800141B01AB220002A92800A82601F017F82F
:104BE8000021019802AB241A76001C199323802215
:104BF8009B00EB18DF685200974211D081420FD01A
:104C0800DF6897420AD05A68675CAA1897555A68AD
:104C18000132D2B25A60DA680132DA600131E5E76E
:044C280043B0F0BDE8
:104C2C0070B5040000F0A2FB2000FFF7BFFF932338
:104C3C009B00E318DD68200000F09FFB280070BD8E
:104C4C0008B4034B9C46034BC01A08BC6047C046D3
:084C5C002D4C00104001000086
:104C64009A2310B55B00C35C0400002B05D00648F2
:104C7400FFF7DAFF0400200010BDFC3407F0D6F97A
:0C4C8400646B07F0E9F9F6E72C1700203C
:104C900070B5040000F070FB2000FFF78DFF932338
:104CA0009B00E318DA68002A09D0A8229B6852000A
:104CB000E3189D5C200000F066FB280070BD012514
:104CC0006D42F7E708B4034B9C46034BC01A08BC7F
:0C4CD0006047C046914C001040010000FD
:104CDC009A2310B55B00C35C0400002B05D00B4875
:104CEC00FFF7D0FF0400200010BD07F09BF9230054
:104CFC00FC335A6B002A05D01B6B2834E45C07F09C
:104D0C00A7F9F0E701246442F9E7C0462C1700200C
:104D1C0070B5040000F02AFB2000FFF747FF932337
:104D2C009B00E318DA68002A10D0A8219A68490081
:104D3C00A218555C9A680132D2B29A60DA68013ACC
:104D4C00DA60200000F019FB280070BD01256D42CF
:104D5C00F7E708B4024B9C46024BC01A08BC6047EC
:084D6C001D4D00104001000084
:104D74009A2310B55B00C35C0400002B05D00E48D9
:104D8400FFF7CAFF0400200010BD07F04FF923000D
:104D9400FC335A6B002A0CD01A6B2834A45C1A6BAF
:104DA4000132D2B21A635A6B013A5A6307F054F9CA
:0C4DB400E9E701246442F9E72C17002015
:104DC000802210B50400520000210FF05BF923008F
:0E4DD0000022FC335A6020009A60DA6010BDA9
:104DDE0010B542680368086854100019D20701D54F
:084DEE000268D358984710BD7C
:0C4DF60010B501000430FFF7EFFF10BD06
:104E040010B5024BC3601CC91CC010BD709F0110BB
:104E140010B586B00400684603910092436004AB69
:104E240006C806C3200003A9FFF7EAFF200006B066
:024E340010BDAF
:0C4E360013B50400FFF7EBFF200016BDD1
:104E44009A2370B55B00C35C86B004000D00002B90
:104E540036D18669002E04D1042007F087FDA061B5
:104E64000660A369186800282CD1783007F07EFD0D
:104E740006002223E25E2023E15E2B0004F02AFDDB
:104E8400A3691E602423E25E531C06D0A069262178
:104E9400635E0068032104F02BFDA3691D68002DE7
:104EA4000ED00026094A3300210002A8FFF7C1FFF3
:104EB4002800320002A904F089FA02A8FFF7A9FB2E
:104EC40006B070BD290004F0D5F9DBE70F4A0010E5
:084ED40010B5FFF78EFF10BDC1
:084EDC0010B5FFF7F9FF10BD4E
:104EE400F7B51A4B1A4DFA260024083300932B60A9
:104EF4002023B600AE606C6016486B61AC61EC6157
:104F0400FFF75CFF9A22012752002000AF5401F002
:104F140099FC0190380001F095FC20230E4D009976
:104F24006B616B469B88AE602B84012368845B4273
:104F34006C600A482960AC61EC61AB84EB84FFF7D8
:104F44003DFF9A225200AC54F7BDC0467C9F01102D
:104F54001C1B0020441B0020E41900200C1A002014
:044F64000020704772
:024F6800704790
:024F6A0070478E
:024F6C0070478C
:104F700010B5054BC458002C05D023682000DB6A0F
:0C4F80009847A468F7E710BD8C050000FE
:104F8C0070B50D00054BC458002C06D023682000CA
:104F9C00DB6829009847A468F6E770BD8C05000013
:084FAC00004870474CA0011001
:104FB40010B50400044B036005F0E4FF200006F084
:0C4FC40017F9200010BDC046CC9F011062
:104FD00010B50400FFF7EEFFB2212000C90007F072
:064FE000FBFC200010BDE7
:104FE800F0B50F4B0500C458002385B0019102AA03
:104FF800D61C002C12D0236801991F69320003AB1C
:105008002000B84731780300042905D0039A280006
:1050180005F01AFA05B0F0BDA468E8E73178F5E7BD
:045028008C050000F3
:10502C0070B50E0005000021002A0CD10A4BC458A3
:10503C00002C0ED0236800225B69310020009847B9
:10504C00002804D00121280004F0C8FF70BDA4681A
:0C505C00EEE72100F7E7C0468C050000DD
:1050680070B50E0005000021074BC458002C07D06E
:105078002368310020009B699847A4680100F5E780
:0C508800280005F0B7F870BD8C05000092
:10509400F8B505000E001700084BC458002C07D0C3
:1050A40023682000DB693A0031009847A468F5E7DB
:1050B4002800012105F00CF9F8BDC0468C0500005C
:1050C400F0B5002187B0040005F07AFB6B4600229E
:1050D400DA80238901A9A588E28889260B731B0A33
:1050E4004B730F4BEF27CB81042376000E80113EC8
:1050F400FF3ECE704E710D728A72FF330A34013E48
:105104002D0A120AC871CA720F718E714D720B8208
:10511400122220000EF022FF200007B0F0BDC0468E
:045124000102000084
:10512800F8B506000C000500002730000FF09AFCC7
:10513800AB1B984205D92B78677023700135023470
:08514800F3E74000C0B2F8BD1E
:1051500070B504000C4BC558002D07D02B682800F3
:105160005B6A9847002802D1AD68F5E72800A925B9
:10517000064BED006353064BE118FFF7D5FF635D67
:10518000C0186055601970BD8C0500000203000056
:045190004A050000CC
:1051940070B5A125064BED004353064B0400C1181E
:1051A4000548FFF7BFFF635DC0186055601970BD07
:0C51B400020300000A050000B09F01107B
:1051C00070B59925064BED004353064B0400C018FB
:1051D000FFF700FB635DC0186055601970BDC046E5
:0851E00002030000CA040000F4
:1051E8000023F0B587B003A98B71B123DB00C35C42
:1051F80005000B7101234B71BF33CB713A330B722E
:10520800CE2309249B00154AC718039238000922A7
:105218000EF0A2FE124BEE58002E17D03368002174
:105228009B6830009847C37882781B021343093B78
:105238000193CE2301009B00E01828180931019A38
:105248000EF08AFE019BB668E418E5E73800054BC6
:10525800EC54054B2412EC5407B0F0BD0902FFFFD3
:0C5268008C0500003A0300003B0300002E
:1052740073B504000D0016000BF0F0FB80235B00F7
:10528400010000932A003300200005F05DFF024B6B
:0C5294002000236076BDC046CC9F0110B6
:1052A00010B50E4A04008358002B12D18150B1234F
:1052B000DB00E25C48790A71E25C1218E2540B6888
:1052C00008009B6A9847238918182081012010BD87
:1052D00013009A68002AFBD19960E8E78C0500006A
:1052E0001FB5040005F066FA0100684604F0CEFB25
:1052F0004021684604F044FC074BE458002C06D0DB
:10530000236820001B6A69469847A468F6E7684648
:0C53100004F0C3FB1FBDC0468C0500006C
:10531C0010B50400FFF7DEFF200005F0E7F910BD23
:10532C0070B50D4D2B78BFF35B8F0C4CDB0711D494
:10533C00280007F009F900280CD0C02208492000E9
:10534C00FFF792FF280007F021F9064A06492000D2
:10535C0007F0E6F8200070BD581C00201C2000202F
:0C536C008A2E000058030020B54F0010EE
:0E53780010B5FFF7D7FF03685B6F984710BDB5
:0E53860010B5FFF7D0FF03689B6F984710BD6E
:0E53940010B5FFF7C9FF0368DB6F984710BD27
:1053A20010B50C00FFF7C1FF210005F026FA10BD71
:1053B20070B515001E000C00FFF7B7FF33002A007E
:0853C200210005F056FB70BD4F
:1053CA0010B50C00FFF7ADFF210005F0AEFB10BDD4
:1053DA0070B515001E000C00FFF7A3FF33002A006A
:0853EA00210005F0E4FB70BD99
:1053F20010B50C00FFF799FF210005F044FC10BD29
:0854020010B504F0C8FC10BD58
:08540A0010B504F0DAFC10BD3E
:0854120010B504F0AEFC10BD62
:02541A007047D9
:02541C007047D7
:02541E007047D5
:08542000436A783318787047E5
:06542800FC30806A7047B1
:04542E0001207047A2
:0854340000487047A4A101101B
:10543C00F0B505009BB007AC4B220F0020000021FB
:10544C000EF01AFE2B00FC339B6A05215A1E934169
:10545C0000202E795B421940731CDBB20193AB7BAD
:10546C0002932B7B03936B7B0493874200D0A5E0C4
:10547C006176534906A86183102161770B39E17776
:10548C002421471D0922F9772527627406A8053ABD
:10549C00C019A274033A027006A8C71D0320494B19
:1054AC00F8772380BF3BFF3BA370812308AFFA77CB
:1054BC0004275B00A380823BE37162754E3B22762E
:1054CC00A27706A80832121823722A3BD777637288
:1054DC000A220333A3723C4B06A8A38102231218A1
:1054EC00D1770591073706A97F18FB770627052189
:1054FC0009A8C77711A801702D2006A940182421EE
:10550C00E672A373E674A375E37501702E2006A9E9
:10551C00401807702F204018694606700E7912A8A3
:10552C0006703126072006A97618307032267618B8
:10553C0005213170332606A9761869460F7A06A91B
:10554C003770224E10272686372676183770092793
:10555C0014AE377039260427761837703A26761829
:10556C0069460F7906A93770194E1D3526874126D5
:10557C00761830703B30401805210170432106A885
:10558C00091868464426007B0870124906A8801941
:10559C00018011492800D1874A2206A95218694670
:1055AC00097C11704B2206A952181370402219ABBA
:1055BC001A7021000B320EF0CDFC28001BB0F0BD90
:1055CC000524000009020000020200000340000054
:0C55DC00020A0000024000000705000069
:1055E80010B504000A4B08330360FFF79BFE05F073
:1055F800C7FC2000D03004F058FB20007C3004F0B9
:1056080054FB2000703004F050FB200010BDC04651
:045618005CA1011080
:10561C0010B50400FFF7E2FF94212000490007F0C9
:06562C00D5F9200010BDBD
:0856320010B5FFF7AEFE10BD3C
:10563C0010B50400024B036004F0E6F9200010BD25
:04564C0094A0011015
:1056500010B50400FFF7F2FF2000282107F0BCF985
:04566000200010BD59
:1056640010B50400024B036004F0D2F9200010BD11
:0456740064A001101D
:1056780010B50400FFF7F2FF2000342107F0A8F965
:04568800200010BD31
:10568C0010B50400024B036004F0BEF9200010BDFD
:04569C007CA00110DD
:1056A00010B50400FFF7F2FF2000382107F094F94D
:0456B000200010BD09
:1056B40070B50D000400072217490F300EF04EFCA0
:1056C40040220221280004F04BFA402220730221D8
:1056D400280004F04CFA402260730321280004F0EF
:1056E4003FFAA073280004F0D7F9002804D1AF22B0
:1056F4000A490B4806F0D4FB22002100002378322B
:1057040085311165536513701373D9345032137492
:105714005465936570BDC046B0A001103EA1011050
:0457240049A1011086
:10572800F0B504000E0087B01500FFF72FFEF288D1
:1057380023799A4236D1002D34D173780593012B01
:105748002DD1F378202B26D13789072F23D1230099
:105758000F33039307333A001900039804930EF0AC
:10576800D5FB059D002816D03A00049903980EF041
:10577800F3FB217CE07B09020918607CE77C0004CC
:105788000918A07C0097000609182068237D476B3C
:10579800627D2000B847F378212B00D1012528002D
:0857A80007B0F0BD0025FAE78F
:1057B00070B50400FFF7EEFDFFF7B8FD217B05F0A3
:1057C00063FA23002200C833853225001A602000C6
:1057D00000234732843513607C302B7004F021FAAB
:1057E0002B78002B03D123682000DB6B984770BD1A
:1057F00070B504002500FC35FFF7CCFD6E6A002E65
:1058000005D0DE220E49FF320E4806F04BFB230086
:10581000D9332B62FFF78AFD617B05F08BF9686253
:1058200025002000D8352E70D03004F0FAF92B78FE
:10583000002B03D1236820009B6B984770BDC046A6
:085840003EA10110B7A0011008
:065848000023C36070475D
:10585000022370B543710023040083600C4B1500D4
:1058600008330360703004F0CFF920007C3004F07E
:10587000CBF92000D03004F0C7F92300FC339D623F
:10588000FFF754FD2100FFF70BFD200070BDC0465F
:045890005CA1011006
:1058940070B504000D00FFF77BFD230078331D7005
:1058A400002D42D1260084363378002B05D0FFF733
:1058B4003BFD217B04F0A0FF35702300220025006E
:1058C4000026C83385327C3528001A605E6004F0F7
:1058D400A6F9280004F09CF9B04205D1A22215498A
:1058E4001548520006F0DCFA2500D8352B78002B39
:1058F40005D0FFF719FD217B04F07EFF2E702300F5
:105904002200FC33D93225001A620022D035280047
:105914005A6204F084F9280004F07AF9002804D1CA
:10592400A722044952000548DCE72000703004F047
:1059340076F970BD3EA10110C5A00110D6A00110DA
:1059440010B50400FFF724FD00212000FFF7A0FF9D
:0259540010BD84
:1059560070B50D000400FFF71AFD042D03D00021D9
:085966002000FFF794FF70BD63
:10596E00F8B5040016000D001F00FFF70CFD042310
:10597E003370EA88237900209A4210D16A78012A7E
:10598E000DD1EB78212B06D0222B09D0202B19D14B
:10599E003070163401E032700F3407203C60F8BDD1
:1059AE00A988114000D011002000FFF76CFF0122E2
:1059BE00AB8800201340E366AB8892181340A366B1
:0A59CE003270ECE703233370E9E7C1
:1059D80010B504008AB0FFF7CBFC684604F004F861
:1059E80020000A4B694670300093099404F02CF9A2
:1059F8002000FFF7C4FC064B00211A68684603F034
:105A0800B7FF6846FFF716FE0AB010BD94A0011054
:045A1800789E011063
:105A1C0070B504000E008EB01500FFF7A7FC01A8AE
:105A2C0003F0E0FF20000B9600260D4B01A90C950E
:105A3C007C300DAD01930A942E7004F003F9200014
:105A4C00FFF79BFC074B31001A6801A803F08EFF8F
:105A5C002C7801A8FFF700FE20000EB070BDC046E8
:085A6C0064A00110789E0110F6
:105A740070B5040025008435FFF78AFC2B78002BD1
:105A840010D12600CC363368002B0BD0FFF74CFC2A
:105A94002200217B8532336805F08CF8002801D080
:065AA40001232B7070BD10
:105AAA00F0B585B01F000AAB1B780400039302917E
:105ABA000192FFF75CFC00233B60230078331B78DC
:105ACA00002B21D0230084331B78002B1CD1260005
:105ADA004025CC363368ED1A019B9D4200D91D0042
:105AEA00019B002B06D02300C83318682A000299AC
:105AFA000EF031FA33685B193360039B3D60002B6B
:105B0A0002D02000FFF7B1FF2000FFF737FC05B0F5
:025B1A00F0BDDC
:105B1C00F0B50400406A85B0030078331D78012687
:105B2C00002D05D1303425703500280005B0F0BDAE
:105B3C000027009603ABE26AA16A0397FFF7AFFF59
:105B4C00039AE36AA16A9B1A8A18E362A262BB42B7
:105B5C0002D130342670E8E7606AFFF785FF3D001C
:025B6C00E3E76D
:105B7000F0B51C0093B0019205000F00FFF7FCFB8D
:105B800063426341DBB20093002C00D103AC0026DA
:105B900004A8266003F02CFF6A46109428003D24D8
:105BA0000F4B12780493019B04A90F9311AB1A7049
:105BB00002ABE418D03026700D950E9704F048F82B
:105BC0002800FFF7E0FB074B31001A6804A803F038
:105BD000D3FE247804A8FFF759FD200013B0F0BDD0
:085BE0007CA00110789E011069
:105BE800030070B5FC335B6A0400002B0ED105007E
:105BF800D8352B78002B09D1FFF794FB22004023DE
:0E5C0800D932617B04F032FF01232B7070BD96
:105C1600F8B506001F0000233B60330078331B787D
:105C26000800002B19D03300D8331B78002B14D171
:105C36003400FC34656A954200D915002A00216AB1
:105C46000EF08BF93D60236A5B192362636A5D1B64
:0C5C5600656202D13000FFF7C4FFF8BD0A
:105C620037B50400406A030078331D78002D04D153
:105C720035342570013528003EBD0023E26A0193C8
:105C8200A16A01ABFFF7C6FF019BA26AD218A2620A
:105C9200226B1168CB181360E36A01995B1A210029
:105CA200E36234310978002902D11268002A01D155
:105CB200002B03D1012335342370DCE7606AFFF740
:065CC20092FF0025D7E768
:0E5CC80010B504000021FFF7BBFD200010BD49
:0C5CD60010B50400FFF7F5FF200010BD22
:105CE20010B542680368086854100019D20701D53C
:085CF2000268D358984710BD69
:0C5CFA0010B501000430FFF7EFFF10BDF3
:105D080010B5024BC3601CC91CC010BDA4A0011073
:105D180010B586B00400684603910092436004AB56
:105D280006C806C3200003A9FFF7EAFF200006B053
:025D380010BD9C
:0C5D3A0013B50400FFF7EBFF200016BDBE
:105D4800F0B58BB00400FFF721FBFFF7EBFA060074
:105D580006ADA77B00212800FFF7B9FF3900032310
:105D680040220095300005F079F92800FEF74FFC35
:105D7800FFF7D8FA0700267B21002800174A0023DE
:105D8800FFF7D7FF3100022340220095380005F0C5
:105D980065F92800FEF73BFCFFF7C4FA0600677BAD
:105DA800210028000E4A0023FFF7C3FF3900022311
:105DB80040220095300005F051F92800FEF727FC35
:105DC800FFF7B0FA2200FC32617B4023126A04F02C
:105DD8004DFE0120D83420700BB0F0BDB157001033
:045DE800F15700105F
:085DEC0010B5FFF784FF10BDA4
:085DF40010B5FFF7F9FF10BD27
:105DFC0010B503689B6C984710BD08B4024B9C46C9
:105E0C00024BC01A08BC6047FD5D00104001000049
:045E1C007047704714
:045E20007047704710
:105E240010B504000120783400F032FD207810BD54
:105E340008B4034B9C46034BC01A08BC6047C046D9
:085E4400255E00104001000082
:105E4C00012270B501235242FF210B4806F05AFF84
:105E5C0000F00AFD0500094C78342378002B03D0A0
:105E6C00012000F011FDF8E700F0FEFC401BC728F4
:105E7C00F6D9FEF7B9FC70BDC41D00202C1700200C
:105E8C0007B50122019101A9FFF7C2FD002801D03D
:0A5E9C0001980EBD01204042FBE713
:105EA80008B4034B9C46034BC01A08BC6047C04665
:085EB8008D5E001028010000BE
:105EC00013B56B46DC1D0023012221002370FFF770
:105ED0004FFE002801D0207816BD01204042FBE78C
:105EE00008B4034B9C46034BC01A08BC6047C0462D
:085EF000C15E00102801000052
:105EF800F7B5040001930E001500FFF747FA9C233D
:105F08009B00E758002F04D0089B019A2900300015
:105F1800B84798239B00E650019A0433E5500433B0
:0A5F2800E250089A0433E250F7BD7E
:105F3400962310B5DB00984203D10121014806F0F5
:085F4400C7FE10BDC41D0020C2
:045F4C000068704732
:045F50000C3070475A
:0C5F540010B5FFF7FBFF0023036010BD39
:105F6000CB6810B5C360002B01D05B68984710BDAB
:105F700070B50500FFF700FA2B000024D8331B781A
:105F8000A34205D12B00FC335C6A402C00D940248D
:0A5F90002800FFF7F8F9200070BDAB
:065F9A007830007870472A
:105FA000F0B585B003930AAB1E880BAB04001F88C5
:105FB0000D0002920AF054FD039B0100029A019722
:105FC00000962000FFF744FC200029300021FF301C
:105FD00005F09EFD2300FA2200264133FF33920094
:105FE0005E609A60184B194A23602300FC33DA6222
:105FF000174A20001A63174A51305A648022310030
:10600000FF3052000EF03EF893239B00E3185E60D1
:106010009E60DE609D239B00E6184033E718300049
:106020001036FFF751FEBE42F9D1AD220023920097
:10603000A350443AA3509D4202D02000FFF7CCFC6D
:10604000200005B0F0BDC0466CA20110E4A2011012
:0860500044A3011054A3011048
:10605800104B70B5036003000F4AFC33DA620F4A35
:1060680004001A630E4A5A649D239B00C6184033E5
:10607800C518AE4204D0103D2800FEF7C8FAF8E76C
:1060880020002930FF3005F06BFD2000FFF7A8FA4B
:10609800200070BD6CA20110E4A2011044A30110FD
:0460A80054A30110EC
:1060AC0008B4034B9C46034BC01A08BC6047C0465F
:0860BC005960001028010000EA
:1060C40008B4034B9C46034BC01A08BC6047C04647
:0860D400596000102C010000CE
:1060DC0010B50400FFF7BAFFAE212000890006F0CE
:0660EC0075FC200010BD50
:1060F40008B4034B9C46034BC01A08BC6047C04617
:08610400DD6000102C01000019
:10610C0008B4034B9C46034BC01A08BC6047C046FE
:08611C00DD6000102801000005
:1061240070B504000D00884205D0FEF7E1F929009E
:0A6134002000FFF713FF200070BDEC
:10613E0010B5FFF706FF0068431E9841C0B210BDB0
:1061500010B50400FFF7F3FF002804D1054A0649F3
:10616000064805F09FFEE068FFF7F0FE0300200000
:10617000984710BD020200004DA2011058A2011064
:10618000F8B5AD2706000025FFF704F9BF00F35965
:10619000AB420ED99D2292002B01B418E4182000C6
:1061A000FFF7CDFF002804D02000FFF7D1FF013515
:0461B000EDE7F8BD62
:1061B40010B5044B0822C3600B68002108C00DF021
:0861C4005FFF10BDC8A101102E
:1061CC0013B504000191002903D1FFF7BDFE200097
:0A61DC0016BD01A9FFF7E8FFF9E77F
:1061E60010B542680368086854100019D20701D533
:0861F6000268D358984710BD60
:0C61FE0010B501000430FFF7EFFF10BDEA
:10620C0010B5024BC3601CC91CC010BDBCA1011051
:10621C0010B586B00400684603910092436004AB4D
:10622C0006C806C3200003A9FFF7EAFF200006B04A
:02623C0010BD93
:0C623E0013B50400FFF7EBFF200016BDB5
:10624C0030B589B00400FFF791F89C23274A9B00D6
:10625C00E2502000FFF791F80023254A210004A802
:10626C00FFF7E7FF2000FFF781F8AD239B00E05814
:10627C00032808D8421CE2500001403BC0182018EB
:10628C0004A9FFF749FF2000FFF777F804A8FEF7F1
:10629C00BCF9BC2006F066FB0500164B08C0FFF7E6
:1062AC000DFD28000021403006F0B8FD28005430C8
:1062BC0006F050FD8022104B520000932800002362
:1062CC00182106F025FE97239B00E5500B4904A8E6
:1062DC00FFF776FF04A9280006F072FE04A8FEF76B
:1062EC0094F92000FEF762FC09B030BD355F001058
:1062FC00B94B001068B70110D4A101104D5E00100D
:10630C0008B4034B9C46034BC01A08BC6047C046FC
:08631C004D6200104001000079
:0863240010B50368984710BD95
:08632C0010B5FFF7F9FF10BDE9
:0863340010B5FFF762FF10BD78
:08633C0010B5FFF7F9FF10BDD9
:1063440037B50E4C200006F0B9FC0D4D0D492A005E
:10635400200006F0E9F8012201920B4AF82300928A
:1063640000220A4C5B0111002000FFF717FE2A00EF
:106374000749200006F0D8F837BDC046C41D0020E8
:1063840058030020DFCC0010122000002C1700203E
:04639400596000103C
:0663980010B50CF02BF91A
:10639E0010B51C00431A0298511A001B5843FAF705
:0663AE00F0F8001910BD1B
:1063B400F0B589B00191037D0400012B00D08AE07F
:1063C400021D0292100001220493002352421C0079
:1063D4001500049E03920178002900D06EE04178F4
:1063E400002900D06AE0511C65D001335BB20499E6
:1063F4008B4201DD049303920134E1B202304CB2CA
:106404000829E8D100263700039BBB4204DC049B27
:10641400039A9B18BB4253DC0F22029B1D782B115D
:106424001540029ADCB25278111107916946097F2E
:1064340005910F2111400691002B08D021005731FE
:10644400092B00DC2739019800F0C0F836182C43DA
:1064540008D029005731092D00D82739019800F0B8
:10646400B5F83618059B1C430AD01900079B573111
:10647400092B01DC05993031019800F0A7F8361892
:106484000699069B5731092B01D819003031019820
:1064940000F09CF83618072F04D03A21019800F038
:1064A40095F83618029B013702330293082FABD1BB
:1064B400300009B0F0BD2200330098E72A009BE7C2
:1064C400039BBB42EED1002BE7D13A21019800F0A7
:1064D4007DF83618E1E70300050000261333103574
:1064E400029329780A22019800F0EFF82E21070080
:1064F400019800F06BF8029B3F180135F6199D4294
:10650400EFD1E17C0A22019800F0DFF83618CFE7DA
:1065140010B50400054B01750833036010220021F7
:1065240004300DF0ADFD200010BDC04680A3011065
:10653400F7B50F0000211D0008AB1B780400019380
:10654400084B16000833036001750C2204300DF06B
:1065540097FD6B461B7927746674A5742000E37459
:08656400FEBDC04680A301103A
:10656C0007B501210548FFF7CFFF00210448009132
:10657C000B000A00FFF7D8FF07BDC0465C1E0020C9
:04658C00741E002059
:1065900070B5040008000D000EF068FA23680200D0
:0A65A00029005B682000984770BDD9
:1065AA0010B50B1E02D0FFF7EEFF0300180010BD56
:0E65BA0010B503688A685B680968984710BDD1
:0865C80010B5FFF7EEFF10BD56
:0A65D00010B503681B68984710BD62
:1065DC0010B50249FFF7D6FF10BDC0468CA30110C1
:1065EC0070B50500FFF7E3FF04002800FFF7F0FF8C
:0465FC00201870BD36
:1066000070B50400FFF7D1FF05002000FFF7E6FF9B
:04661000401970BD00
:10661400F0B58BB06B461500002205330600DA771F
:106624000800012D00D80A2509AC2900F9F7AAFFB2
:10663400CAB2130037330700DBB2092902D81300AA
:106644003033DBB2013C2370002FEED12100300047
:08665400FFF7A9FF0BB0F0BD38
:10665C00F8B506000C00151E04D10368C9B21B68FE
:10666C009847F8BD0A2A0CD100290BDA2D21FFF727
:10667C00A9FF614207002A003000FFF7C5FF381858
:0E668C00EFE7D2B221003000FFF7BEFFE9E7D2
:08669A0010B5FFF7DEFF10BD93
:1066A20070B50400FFF7D9FF05002000FFF795FF42
:0466B200401970BD5E
:1066B60010B5002A04D10368C9B21B68984710BDFB
:0866C600D2B2FFF7A4FFFAE7CE
:0866CE0010B5FFF7F1FF10BD4C
:1066D60070B50400FFF7ECFF05002000FFF77BFF15
:0466E600401970BD2A
:0866EA0010B5FFF7E3FF10BD3E
:1066F20010B504000068002801D00DF000F9200058
:0267020010BDC8
:1067040010B504000068002801D00DF0F7F800234C
:086714002360A360636010BD67
:10671C0070B504000D00006801310DF07BFD031E07
:08672C0001D0012028C470BD5A
:10673400036810B50400002B04D043688B4201D3D6
:10674400012010BD2000FFF7E7FF0028F9D0A3685F
:0A675400002BF5D122681370F3E763
:10675E0070B50E00110004001500FFF7E4FF0028CD
:10676E0004D12000FFF7C7FF200070BD2A003100C2
:10677E00A56020680DF0EDFB00232268A16853543C
:02678E00F2E730
:10679000002370B504000D000360436083609942DC
:1067A00007D008000EF062F9290002002000FFF770
:0667B000D6FF200070BDC1
:1067B600F7B5040001911600002902D10025280032
:1067C600FEBD0125002AFAD08368D7183900FFF7E5
:1067D600AEFF051EF2D02368A26801999818320010
:0E67E6000DF0BBFB00222368A760DA55E7E741
:1067F40010B58A6809680400FFF7DBFF002802D19E
:0A6804002000FFF77DFF200010BD0B
:1068100010B500F043F8FDF7DCFFFEF787FDFEF74B
:106820007DFDE12106484902FFF710FDFDF726FC3A
:10683000FDF79EFA034B002BFAD000E000BFF7E70C
:086840002C17002000000000ED
:1068480010B50400FDF7BFFF844203D2034B2401B7
:10685800E05E10BD01204042FBE7C046C0030020B7
:0C68680010B5040002F0F0FE200010BD8E
:1068740007B50649684602F028FF00980199FA22F4
:1068840000239200FAF702F80EBDC04698110020CA
:0868940010B506F0FBFA10BD7F
:10689C0010B5044C200002F0E1FE200002F0DEFEF8
:0868AC0010BDC0469811002048
:1068B40010B5054C200002F045FF044A04492000AD
:1068C40005F032FE10BDC046981100205803002088
:0468D40069680010DF
:1068D80070B50400FDF777FF844202D301204042DF
:1068E80070BDFDF770FF8442F8D2144A192C14D8F1
:1068F80023001A331B01D55E6B1CEFD0104BE4004C
:106908001C196668002E0ED0300002F0BDF90D4B40
:106918001A6810239B1A1841E2E72301D55E1A3C36
:106928006B1CEBD1DAE70C2006F01EF80600064ACD
:10693800290002F0CDF96660E6E7C046C0030020F2
:0C694800A0030020A00500200000C07F7C
:10695400F7B504000D00FDF738FF84422ED21A4E1D
:106964002701F319D868002802D0042106F032F870
:106974002000FFF767FF0190042005F0F7FF0023D4
:106984000400038083700199F61904F0F0FCF460AC
:10699400012D10D0002D06D0022D10D0200002F0C1
:1069A400C6F9022103E0200002F0C1F92900200009
:1069B40002F0C8F902E0200002F0AEF9F7BD2000B1
:0C69C40002F0B5F90121F2E7C003002049
:1069D000F7B507000E00FDF7FAFE87421AD20E4DFA
:1069E0003B01ED18EC68002C10D13800FFF72CFFAC
:1069F0000700042005F0BCFF00230400038083701F
:106A000001220096390004F0D3FCEC603100200034
:0C6A10000AF020F9F7BDC046C0030020CA
:106A1C00F7B50500FDF7D5FE002485421AD20E4FBE
:106A2C002B01FF18FE68A64210D12800FFF706FFC5
:106A3C000500042005F096FF0600048084702300F6
:106A4C0000942200290004F0ADFCFE6030000AF036
:0C6A5C0007F9C4B22000FEBDC0030020FA
:106A6800010010B5002807D10420404200F0D5F9F4
:106A780004235B42180010BD132001F0EFFD002332
:106A88009842F7D10120404200F0C7F90123F0E70E
:106A980080B5EFF30583002B03D1EFF31083002BB0
:106AA80006D00620404200F0B8F90620404280BDDA
:0C6AB800014F00DFFBE7C046696A0010D8
:106AC40070B5051E18D084680268002C10D003210C
:106AD40023000B400C4203D1C16815000F2923D8B1
:106AE40009210020494202F04BF80024200070BD27
:106AF400C368002BF4D11500114B1A0090321068B2
:106B040000280AD000F04FFB0400012300280BD119
:106B14000521494202F034F8E8E704330122102148
:106B2400D86F00F0C2FAEFE7F322A37000232270BB
:106B3400A360E360034A024B65605A66D6E7C04629
:086B4400A4050020A56B001060
:106B4C0070B50300022510000124284014402A428D
:106B5C0014D1EFF3108672B61A6815000D40002C94
:106B6C0006D0A94206D1100088431860100001E03D
:106B7C00281EF8D1002E00D162B670BD1868030033
:106B8C000B40002C03D09942F7D00020F5E75A1E99
:086B9C0093415B421840F0E751
:106BA400F8B505008468002C00D1F8BD2800231D29
:106BB400DA7F616A0C30A768FFF7C6FF061E07D0AC
:106BC400200001F011FB00223100200001F0A6FC9E
:046BD4003C00E8E7B2
:106BD800F8B504000D0016001F00002804D0037843
:106BE800F32B01D1002907DA04212000494201F0E2
:106BF800C5FF04204042F8BD0C30FFF7A3FF002872
:106C0800F9D1002F10D03900433001F027FD0028BA
:106C180008D0064B20005F69390001F0C3FA043739
:106C28003D62FE770220E5E70320E3E7A4050020A4
:106C380070B5041E02D00378F32B08D0042120007D
:106C48000425494201F09AFF6D42280070BD83680F
:106C5800002B0DD003256D42200001F0B9FA002267
:106C6800290001F059FCA0680028F5D101F024FBA7
:106C78000025A3782570DB07E7D5084B1A0090326A
:106C88001068A84203D0210000F09DFADDE7043324
:106C98002100D86F00F03DFAD7E7C046A4050020D0
:106CA800F7B50C00002804D00378F32B01D1002994
:106CB80007DA04210424494201F060FF64422000FD
:106CC800FEBD03000C330093EFF3108372B6C26865
:106CD8001443C460002B00D162B68568002D03D12F
:106CE800280001F0E9FAEAE7AB682F1D0193FA7F63
:106CF800696A0098FFF726FF061E0ED00222FB7F66
:106D08000400134201D16B6A9C43280001F06AFA1F
:0E6D180000223100280001F0FFFB019DDEE7A4
:106D280080B5EFF30583002B03D1EFF31083002B1D
:106D380006D006210020494201F020FF002080BD36
:0C6D4800014F00DFFBE7C046C56A0010E9
:106D5400B0B5EFF30583002B03D1EFF31083002BC1
:106D64001AD0002804D00378F32B01D1002907DAC4
:106D740004210424494201F003FF64422000B0BD11
:106D8400EFF3108372B6C4680C43C460002B00D1C7
:106D940062B601F0F7F8F1E7014F00DF0400EDE718
:046DA400A96C0010C6
:106DA800B0B5EFF30584002C03D1EFF31084002C69
:106DB80016D0002806D00478F32C03D1002B01D17B
:106DC800002906DA0421494201F0D8FE0420404295
:106DD800B0BD0C30FFF7B6FE0028F9D10338F7E74D
:0C6DE800014F00DFF4E7C046D96B00103B
:106DF40080B5EFF30583002B03D1EFF31083002B51
:106E040006D00621494201F0BBFE0620404280BD67
:0C6E1400014F00DFFBE7C046396C0010A6
:026E20007047B9
:026E22007047B7
:106E240073B5514C0020237A012B06D0834205D040
:106E3400013801F095FE0120404276BD4B4DEB68D0
:106E44002A8AE365230054331A80AB68296B2364D0
:106E5400EB6A1800019300F00DF9002802D0019AA2
:106E6400231DDA676E69A969300000F003F9002870
:106E740001D1231DDE6F6667EE69296A300000F0D8
:106E8400F9F8002801D1231DDE6FA6676E6AA96A8E
:106E9400300000F0EFF8002801D1231DDE6FE66713
:106EA4006E6B002E08D0F3683000B268316800F0D1
:106EB40053F923000833DE67AE6B002E08D0F36865
:106EC4003000B268316800F047F9230088331E604F
:106ED400EE6B002E08D0F3683000B268316800F021
:106EE4003BF923008C331E602E6C002E08D0F3680F
:106EF4003000B268316800F02FF9230090331E602F
:106F04006E6C002E08D0F3683000B268316800F06F
:106F140023F9230094331E60AE6C002E08D0F3686E
:106F24003000B268316800F017F9230098331E600E
:106F3400EE6C002E08D0F3683000B268316800F0BF
:106F44000BF923009C331E602D6D002D08D0EB68D7
:106F54002800AA68296800F0FFF82300A0331D6008
:106F640001230020237268E7A40500201097011074
:106F7400F7B51E4C0720257A012D04D101F0A6FB9C
:106F8400002807D101200126404201F0E9FD7642A4
:106F94003000FEBDFF23164A1B04116A154F0B4334
:106FA4001362136AD1695B029B0E9B060B437868DC
:106FB4001149D36101F068FC061EE3D101F0A8FC7D
:106FC400206101F089FC0D4801F004F901F06EF92B
:106FD4003B6801932B4207D0022383F31488BFF349
:106FE4006F8F02232372D3E70323F6E7A40500205F
:106FF40000ED00E010970110D5030010C00500203B
:027004007047D3
:1070060070B50D000400FFF708FF2900200001F00D
:0470160068FD70BDE4
:10701C0080B5FFF7F1FFEFF30583002B03D1EFF3FE
:10702C001083002B06D00620404201F095FD06206F
:10703C00404280BD014F00DFFBE7C046256E0010CB
:10704C0080B5EFF30583002B03D1EFF31083002BF6
:10705C0006D00620404201F07FFD0620404280BD54
:0C706C00014F00DFFBE7C046756F00100D
:10707800030010B5002813D002000A4307241000AB
:10708800204022420DD117290AD910221960083947
:10709800C91899605A60086099684A60D8600120E8
:0670A80010BD0020FCE712
:1070AE000300F0B5002817D0081E15D003261400D3
:1070BE000020B44384420FD11D000F3107308143AD
:1070CE0008352C002D686768281BB743C01B81420A
:1070DE0003D928680028F4D1F0BD58681E68081836
:1070EE0058609B19083B5E68B04200D958606068D2
:1070FE000A43002803D1200062600830ECE7032326
:0C710E0098432018056042602060F6E7FE
:10711A00020010B5002812D0081E10D01300002457
:10712A00083908338B420BD1032158688843010080
:10713A005068411A5160002C08D15C60012010BDD2
:10714A0018681C000028FAD00300EBE71B682360CC
:02715A00F4E758
:10715C0030B504000800002C1BD0002914D0002AE4
:10716C0019D0002B19D0216000216160110041431E
:10717C005D18A260E360636125611C000138002882
:10718C0003D18A1A9850013030BDA51825602C0007
:0E719C00F4E72000F8E71000F6E71800F4E72B
:1071AA000300EFF3108100280BD072B64069002863
:1071BA0004D002685A615A6801325A60002900D123
:0471CA0062B67047F2
:1071CE00EFF31082002811D0C3688B420ED80369EA
:1071DE008B420BD972B643690B6043684161013B28
:1071EE0043600020824200D162B6704704204042C4
:0271FE00FBE7AD
:1072000070B5EFF31085036B002B1DD00024CE78F2
:10721000DA78B24210D31A004A608C60002A11D08A
:107220009160002C13D0616072B6836A013383626F
:10723000002D00D162B670BD5A681C00002AEBD048
:107240001300E5E7C162ECE74B608B60C16201634C
:02725000EAE76B
:10725200EFF3108372B6826A002A11D0511E816246
:10726200002B0FD00122C06A00280ED072B681789E
:107272008270002B00D162B6002907D08068F3E744
:0E728200002B02D162B6002AECD1002070472A
:107290004B688A68002B05D09A608A68002A03D060
:0C72A00053607047C262F8E70363FAE72E
:1072AC00F8B587780400002F31D0C56800262F0070
:1072BC0001000C372800FFF7E5FF2100380026708D
:1072CC00FFF77FFFAB68B34246D03800FFF767FF8C
:1072DC000400B04240D0280000F078FF07003200D4
:1072EC00310001F017F9380000F0D8FF070020003A
:1072FC006A6AB9680C300CF02DFEF923A670237065
:10730C00FB68E37021002800FFF774FF24E0856818
:10731C00AB68002BF6D05B78832BF3D1280000F000
:10732C0055FF06003A00390001F0F4F8300000F087
:10733C00B5FF210006006A6A80680C310CF00AFE69
:10734C00F368002B01D0E2781A700023280021008A
:0A735C0023700C30FFF735FFF8BD79
:10736800F7B504000E0017000193002804D0037835
:10737800FA2B01D1002907D104212000494201F04C
:1073880017FC042040421AE08368002B18D05B7871
:10739800832B15D100F01CFF05000122002101F00C
:1073A800BBF8280000F07CFF05003100626A8068A5
:1073B8000CF0D2FD0020EB68834200D01F70FEBDA8
:1073C8000C30FFF7EEFE051E0FD03100626A0C305C
:1073D8000CF0C2FD0026F923200029002B70AE70A6
:1073E800EF70FFF709FF3000E9E7019B0320002B4E
:1073F800C8D01900932001F031F9002808D0054BB6
:107408002000596900F0CEFEEFF309839E60DF602B
:087418000220B7E7A4050020E3
:10742000F7B504000F0016000193002804D003787C
:10743000FA2B01D1002907D104212000494201F093
:10744000BBFB042040421DE0FFF703FF051E3BD0BD
:1074500001002000FFF71CFF29003800626A0C3190
:107460000CF07EFD002E01D0EB7833702700002653
:107470000C37290038002E70FFF7A9FEA368B3422D
:1074800001D10020FEBD3800FFF78FFE051EF8D0A9
:10749000200000F0A1FE07003100012201F040F8B9
:1074A000380000F001FF07002800B968626A0C305C
:1074B0000CF056FDF923AE702B70FB6829002000FC
:1074C000EB70FFF79DFEDCE7019B0320002BB9D09A
:1074D0001900832001F0C6F8002808D0054B2000D1
:1074E000596900F063FEEFF309839F60DE600220BC
:0874F000A8E7C046A405002036
:1074F800F0B587B007001600019100280AD00029CE
:1075080008D0F9F783F904000198F9F77FF9001911
:107518001F2806DC04210020494201F049FB002411
:107528007BE00322019B033393430C3305937B4396
:107538000293002E22D0B468002C06D0144202D147
:10754800F368332B04D80921E5E7F368002BFAD157
:107558003368356972690393002D09D003212B0024
:107568000B400D4202D10299914259D90A21D2E722
:10757800002AFBD1002C03D004920FE035000396BB
:10758800294B1A00A032106800281CD0FFF709FE0A
:10759800041E16D00123002D29D10493224E002267
:1075A8000299F06FFFF77FFD051E19D1049B002B90
:1075B80007D03300A033186800280BD02100FFF74C
:1075C80002FE0521A7E7043301223421D86FFFF713
:1075D8006AFDDDE704362100F06FFFF79AFDF0E75A
:1075E800029A00210CF04AFD0223049A1343FA225E
:1075F800A370039B2000636000232270019AA3609C
:107608006262A362059AE362236339002B000C309F
:10761800FFF7A0FD044B054A1A67200007B0F0BD2C
:10762800002CE4D1ACE7C046A4050020AD720010E0
:10763800064B10B59A6ED86E0821FFF759FF044B18
:10764800D86443425841404210BDC04610970110CB
:04765800A405002065
:10765C00F7B505000E0001920093EFF30583002BA4
:10766C0003D1EFF31083002B29D0002D07D02B78FA
:10767C00FA2B04D1002E02D0009B002B07D0042142
:10768C002800494201F092FA0420404216E02800FA
:10769C000C30FFF784FD041E16D031006A6A0C30E2
:1076AC000CF058FCF9232370009B2000A370019B65
:1076BC006660E370A56000F061FC0098FEBD019A65
:1076CC00009B024F00DFF9E70320DEE7697300102F
:1076DC00F7B504000E000192EFF30582002A03D1E6
:1076EC00EFF31082002A27D0002C06D02278FA2A39
:1076FC0003D1002E01D0002B07D0042120004942D9
:10770C0001F054FA0420404215E02000FFF79BFDE5
:10771C00051E15D00100626A30000C310CF01AFC09
:10772C00019B002B02D0EB78019A13702800EC60BF
:10773C0000F024FC0020FEBD019A024F00DFFAE7A6
:08774C000320E0E721740010A6
:1077540070B500283AD0846805684668002C0FD0BC
:10776400032223001340144202D1C2681B2A1CD8EE
:1077740009210020494201F00BFA0024200070BDC9
:10778400C368002BF4D1134B1A00943210680028FC
:1077940006D1043301221C21D86FFFF786FC01E0D7
:1077A400FFF701FD041E0CD00123F522A370002372
:1077B4002270E6706560A360E360236163612376F1
:1077C400DCE70521494201F0E3F9D7E705000600AB
:0877D400D9E7C046A40500201E
:1077DC002A4B70B55D6904000E00002D06D10821FE
:1077EC00494201F0D1F90120404219E0002802D0B1
:1077FC000378F52B06D004212000494201F0C4F98E
:10780C000420F1E7037E002B0BD10361EB6AC5600A
:10781C004361002B00D018610123EC620020237619
:10782C0070BDC278D1070CD5C168A94209D1FF2B14
:10783C0005D11021494201F0A7F90320D4E7013307
:10784C00ECE7002EF9D093070BD51F221F21E0681F
:10785C006B1C9A56431C5956914202DADA7700F0A7
:10786C00CAFC3100532000F0F7FE002803D0290099
:10787C00200000F095FC0220B6E7C046A4050020CD
:10788C00354B70B55B690400002B06D108214942C9
:10789C0001F07AF90120404270BD002802D0027834
:1078AC00F52A06D004212000494201F06DF904208C
:1078BC00F1E7027E0F21002A03D0C168994206D05D
:1078CC000E212000494201F05FF90320E3E7013A61
:1078DC00D2B2027600208242DED16269824201D0AD
:1078EC00216911612169002923D04A6102209A1C67
:1078FC00D27FDD6A52B2002D1DD10133DA77A36835
:10790C00002B11D0200000F061FC06002A00290099
:10791C0000F000FEF36AE66025616361002B00D085
:10792C001C610123F4622376002000F0C3FC0020CC
:10793C00B2E7DA62DAE7E97801420AD0A9680029ED
:10794C0007D00131C97F0E1C49B2914200DA161CD6
:0C795C0072B26D69CFE7C046A4050020A0
:1079680070B5041E02D00378F52B08D0042120003E
:107978000425494201F00AF96D42280070BD037ED2
:10798800002B1FD06369C068002B01D022691A61DF
:107998002269002A25D053610225831CDB7FC26A35
:1079A8005BB2002A1FD11F21421C5156994202D0B6
:1079B800D37700F022FC03256D42A068002822D16D
:1079C80000F07AFC0025A3782570DB07D5D5154B88
:1079D8001A0094321068A8421DD02100FFF7F3FB6B
:1079E800CBE7C362D8E7D17829420AD09168002949
:1079F80007D00131C97F0E1C49B2994200DA1E1C1A
:107A080073B25269CDE7200000F0E2FB00222900A2
:107A180000F082FDD1E704332100D86FFFF779FB2E
:087A2800ABE7C046A4050020F5
:107A3000F8B50400002C00D1F8BD0822E37867698E
:107A4000134216D00026A3682676B34211D0200038
:107A500000F0C2FB05003200310000F061FDEB6A6E
:107A6000E56026616361B34200D01C610123EC62D2
:067A700023763C00DEE776
:107A760070B50225C3782B4220D01F22C068431957
:107A86009A56C46AE3782B420DD0A3688B4200D184
:107A96008B68002B07D00133DB7F1E1C5BB2934241
:107AA60000DA161C72B26469002CEBD11F21431C4C
:0E7AB6005956914202D0DA7700F0A0FB70BD65
:107AC40080B5EFF30583002B03D1EFF31083002B74
:107AD40006D006210020494201F05AF8002080BD5A
:0C7AE400014F00DFFBE7C04655770010A3
:107AF00080B5EFF30583002B03D1EFF31083002B48
:107B000006D00621494201F045F80620404280BDDA
:0C7B1000014F00DFFBE7C046DD770010EE
:107B1C0080B5EFF30583002B03D1EFF31083002B1B
:107B2C0006D00621494201F02FF80620404280BDC4
:0C7B3C00014F00DFFBE7C0468D78001011
:107B480080B5EFF30583002B03D1EFF31083002BEF
:107B580006D00621494201F019F80620404280BDAE
:0C7B6800014F00DFFBE7C0466979001008
:107B7400F8B5254B1500421E06000F009A4201D8A5
:107B8400884207D204210020494201F009F8002468
:107B94002000F8BD002D12D0AC682A68002C0AD051
:107BA400032123000B400C4203D1E96815000F297F
:107BB4001DD80921E7E7EB68002BFAD11500134B18
:107BC4001A009832106800280AD0FFF7ECFA040073
:107BD400012300280BD10521494200F0E1FFD7E73A
:107BE400043301221021D86FFFF75FFAEFE7F62282
:107BF400A37000232270A360054A044B6560A7812B
:107C0400E6819A66C4E7C046FEFF0000A405002092
:047C1400377C0010A9
:107C18000300EFF3108172B602880020824202D07E
:0E7C2800013A1A800130002900D162B670477F
:107C3600836810B50400002B0BD00C30FFF7E9FF6A
:107C4600002806D0200000F0C4FA0022110000F03F
:047C560064FC10BDFD
:107C5C0070B504000D00002802D00378F62B08D074
:107C6C0004212000494200F097FF04235B421800D6
:107C7C0070BD0C30FFF7CAFF00239842F7D19D422C
:107C8C000CD02900632000F0E7FC002804D0044B42
:107C9C002000596900F084FA0223E7E70323E5E7A3
:047CAC00A40500200B
:107CB00070B5041E02D00378F62B08D004212000F2
:107CC0000425494200F06EFF6D42280070BD8368B4
:107CD000002B0DD003256D42200000F07DFA00221C
:107CE000290000F01DFCA0680028F5D100F0E8FA9A
:107CF0000025A3782570DB07E7D5084B1A009832DA
:107D00001068A84203D02100FFF761FADDE70433D1
:107D10002100D86FFFF701FAD7E7C046A40500207D
:107D200010B5002802D00378F62B06D00421494272
:107D300000F038FF0420404209E08368002B07D0A0
:107D400000F04AFA0122002100F0EAFB002010BDF9
:107D5000EFF3108172B68289C489944206D9013248
:107D6000828118000029F2D162B6F0E7002900D123
:0E7D700062B61121494200F015FF0320DBE747
:107D800080B5EFF30583002B03D1EFF31083002BB5
:107D900006D006210020494200F004FF002080BDEB
:0C7DA000014F00DFFBE7C046757B0010C0
:107DAC00B0B50C00EFF30583002B03D1EFF3108378
:107DBC00002B16D0002804D00378F62B01D1002C10
:107DCC0006D00421494200F0E7FE04204042B0BD39
:107DDC000C30FFF71BFF03002000002BF7D1032012
:0C7DEC00F4E7014F00DFF2E75D7C0010BF
:107DF80080B5EFF30583002B03D1EFF31083002B3D
:107E08001BD0002802D00378F62B06D00421494263
:107E180000F0C4FE042040420EE0EFF3108272B678
:107E28008389C18999420BD901338381002A00D102
:107E380062B600F0A5F8002080BD064F00DFFBE722
:107E4800002A00D162B61121494200F0A7FE0320A2
:087E5800E1E7C046217D0010A6
:107E600080B5EFF30583002B03D1EFF31083002BD4
:107E700006D00621494200F095FE0620404280BD12
:0C7E8000014F00DFFBE7C046B17C0010A2
:107E8C0070B500F03BFD1E4CE3680133E36000F07D
:107E9C00CFF9002000F00EFA236D002B00D098478C
:107EAC00226C002A2BD0A369E16B994204D0D969CA
:107EBC00E363002900D1DA61DA69002A1BD1237A45
:107ECC00022B1CD1656A002D19D0E36B6A1C01339F
:107EDC00D27FDB7F52B25BB29A4210D1280000F005
:107EEC007FF9E06B00F09AF9280000F0DBF9236CC5
:107EFC00E563EB6103E0013ADA61002ADFD070BD83
:047F0C00A4050020A8
:107F1000F8B51C4B1D001C0054355634288872B629
:107F20002288002A04D162B6002000F0C9F9F8BD09
:107F30001E00013A22805A363188DF6D8A000131F5
:107F400089B2D25988420ED0318062B6002AEBD075
:107F50001078F1380828E1D8F8F77CFA07E00BE050
:107F6000E00D0FE011000021EEE71B6E10009847B6
:107F7000CFE75B6EFAE79B6EF8E7DB6EF6E71B6F09
:087F8000F4E7C046A40500204F
:107F88000100F8B5EFF31080164A130054331C882B
:107F980072B6150056352B889C421BD901332B80AD
:107FA800150058352B88D76D9E0001339BB2F151CF
:107FB8009C4200D100232B80002800D162B6537A5E
:107FC800002B04D18022084B52055A60F8BD0123CA
:107FD8009372FBE7002800D162B60220FFF70FF882
:0C7FE800F4E7C046A405002000ED00E016
:0C7FF4000378F12B00D07047C068F9E75B
:10800000C26910B503694169541C0ED1002B00D020
:1080100059614269002A03D013610023436101E0E2
:10802000084A13630023C36110BD002B03D0DC6931
:108030005961A218DA614269002AEDD1014AD3627E
:08804000F0E7C046A405002092
:1080480001231F2110B54370C3185956094B0A4A1A
:108058005B6A002B04D05C1CE47F64B28C4206DCB3
:10806800C26083609060002B00D0D86010BD1A00F9
:0C8078009B68EEE7A4050020C005002076
:0C808400014B58697047C046A40500205D
:1080900080B500F099FD044F00DF01210020494226
:0C80A00000F068FDFEE7C046858500107A
:1080AC0070B50300022510000124284014402A4218
:1080BC0014D1EFF3108672B61A6815000D40002C1F
:1080CC0006D0A94206D1100088431860100001E0C8
:1080DC00281EF8D1002E00D162B670BD18680300BE
:1080EC000B40002C03D09942F7D00020F5E75A1E24
:0880FC0093415B421840F0E7DC
:10810400002210B508490B6B002B08D101246442EE
:10811400C46142610361002A04D0106110BD1A00D9
:0C8124001B69F1E70863F9E7A4050020DF
:10813000002310B5827804000380930707D5016BF4
:108140000E4BD20610D50833D86FFFF740F8A3784E
:10815000DB0708D5094B1A0088321068002807D0C1
:108160002100FFF734F810BD586FFEF7D6FFEEE799
:1081700004332100D86FFEF7D0FFF4E7A4050020F8
:10818000C37810B5DB0702D4FFF7D2FF10BD04237C
:1081900043700023044AC360536B8360002B00D0FC
:0C81A000D8605063F2E7C046A405002040
:1081AC001F2210B54B1C9A568368002B04D05C1C04
:1081BC00E47F64B2944206DAC8608B608160002B65
:0C81CC0000D0D96010BD18009B68EEE7E1
:1081D8000300806882689A60002A00D0D360002378
:0481E800C3607047B9
:1081EC00C268002A06D083689360002B00D0DA6046
:0681FC000023C360704780
:1082020070B505000400002C09D02378F12B07D0AB
:108212002800FFF7EAFF29002000FFF7C6FF70BD24
:04822200E468F0E735
:10822800012310B5010043700148FFF7BBFF10BDE3
:04823800C00500205D
:10823C00F8B5194DEC6A002C1ED0E369013BE361E3
:10824C00002B19D1102620276378732B18D014D843
:10825C00532B19D0BB43432B12D02000FFF7C0FF88
:10826C002000FFF7DBFF2469002C04D0E369002B0E
:10827C00EAD000236361EC62F8BDB343832BECD1ED
:10828C002000FFF7B1FEE8E72000FFF7ADFE21006C
:0C829C00FFF7EBFBE1E7C046A405002063
:0682A800806B20307047DE
:1082B00002234370014B98617047C046A40500201B
:1082C000F8B5154D04002E7A6F69002815D1022EDD
:1082D00012D16C6A002C0FD0621C7B1CD27FDB7F1A
:1082E00052B25BB29A4207DD2000FFF77FFF3800F1
:1082F000FFF7AAFE6670AC61F8BD022E07D1421CE2
:108300007B1CD27FDB7F52B25BB29A42EFDC200053
:0C831000FFF78AFFF0E7C046A40500203C
:10831C00F0B587B005910390042100280AD0002AFB
:10832C0056D09768002F0BD0BB0702D1D368432BD4
:10833C0009D809210020494200F016FC0024BEE0B7
:10834C00D368002BF5D19369146956690093002CFE
:10835C0006D0630702D1002E00D0BCE00B21E9E768
:10836C00009B002B31D0009B0C21013B372BE1D81B
:10837C00002E00D0B5E013680293536804930023D9
:10838C0001939F420BD15C4B1A0088321068002875
:10839C0025D0FEF704FF071E44D001230193002CC7
:1083AC0049D1554B002E21D1544A566D1A00083232
:1083BC00D06F00281AD0FEF7F2FE051E1DD0102338
:1083CC00019A1A4301923C0026E018230093CFE750
:1083DC00182314001600029200930492D3E704337E
:1083EC0001224421D86FFEF75CFED4E72200310055
:1083FC00586FFEF756FE051EE5D10025019BAB42DA
:10840C000AD03D4B1A0088321568002D0CD028007C
:10841C003900FEF7D6FE00250223019A1A43019279
:10842C00002C0AD1052185E704333900D86FFEF7FB
:10843C006EFE2C00F0E725003C00F223FF33238076
:10844C00019B6A46A370049B1278E370029B52B2A4
:10845C0063600023611CA360E36023616361A3611B
:10846C00E361CA77A11CCA776362A362E36233003B
:10847C00FD22403BEB18A363039B6284E363204B18
:10848C00256366632B601D4B1B6800935B0719D437
:10849C00A36B002019001A00343101C39942FCD19E
:1084AC00184B20005363039B936380235B04D363BB
:1084BC00059B1362104B144A1A66FFF7FBFE200053
:1084CC0007B0F0BDB608114B113E002EE0D00435BC
:1084DC00013E2B60F9E7009B002B00D043E71823EB
:1084EC000093730700D039E733000949483B8B42AE
:1084FC0000D840E732E7C046A405002010970110D1
:10850C00A52E5AE29180001041850010CCCCCCCC29
:04851C00B7FFFF7F27
:1085200070B50400836B15001962FFF769FD200028
:10853000002D02D0FFF7C4FE70BDFFF775FEFBE70C
:1085400010B543780400332B0BD1031D416ADA7F49
:108550002830FFF7ABFD011E03D000222000FFF7FB
:04856000DFFF10BD6C
:1085640010B504008069002803D000221100FFF731
:10857400D5FF6378232B02D10022A3689A6110BD32
:1085840070B50E4C267A022E16D1636A002B13D0D6
:108594006569E86AFFF74AFA2800FFF7E1FF08482F
:1085A400FFF718FE4670A061EFF30983AB63002365
:1085B40028006361FFF7E2FD70BDC046A4050020FA
:0485C400C0050020CE
:1085C80070B5041E02D00378F12B07D004212000D7
:1085D800494200F0CBFA0420404270BD0F22437894
:1085E8001340022B1ED0032B2AD0012B21D1FFF7D9
:1085F800F9FDE06AFFF718FA2000FFF7AFFF65788A
:10860800022D23D11348FFF7E3FD134B4570986102
:10861800EFF30982A26300225A612000FFF7ACFD44
:108628000020DAE70C4B1A7A022A02D15B6A002B87
:10863800DFD103212000494200F098FA0320CBE75C
:10864800FFF7D0FD2000FFF7D7FCD2E70020FFF7A7
:0C86580033FEE2E7C0050020A40500206E
:1086640070B5184C0300207A002202280FD1606AEA
:1086740090420CD0606943704B1C0AD1FFF740FD57
:108684001148FFF7A7FD022301224370A0611000E7
:1086940070BDE36A002B02D0DD69A9420CD2C1612E
:1086A40042610361002A0BD01061002BE8D0DA6923
:1086B4005861511AD961E3E71A00491B1B69E9E7BC
:0C86C400E062F2E7A4050020C0050020E1
:1086D00070B50D4D0021AA6D0C48FFF71FFE0C4C24
:1086E0006B6EA0620120002B0DD098470300002084
:1086F000834208D1EA6DE16C286EFFF70FFEA0649B
:10870000431E9841C0B270BD10970110E18A00105D
:04871000A40500209C
:1087140080B5EFF30583002B03D1EFF31083002B17
:1087240006D006210020494200F022FA002080BD34
:0C873400014F00DFFBE7C0461D83001072
:1087400080B5EFF30583002B03D1EFF31083002BEB
:1087500002D0034B586980BD024F00DFFBE7C046E3
:08876000A40500208580001033
:10876800B0B5040000F038FAEFF30583002B03D10D
:10877800EFF31083002B07D006212000494200F0B8
:10878800F5F906204042B0BD2000014F00DFFAE7AE
:04879800C98500107F
:10879C00002230B50C4C636C002B02D01D698D424D
:1087AC000CD901618260C360002B03D01D699860F5
:1087BC00691A1961002A05D0D06030BD1A00491B16
:0C87CC00DB68E9E76064F8E7A405002022
:1087D800F8B51B4D6C6C002C2DD023696E69013BDC
:1087E80023612369002B25D1E368002B01D0A268FF
:1087F8009A6021006B640023E86C1A001831FEF7B8
:1088080029FF00280CD0AB69210003206F696B6138
:10881800FEF7F5FB6B69002B02D1B74200D11E00B1
:10882800E378012B08D120006169FFF7B3FF6C6C76
:10883800002CD6D16E61F8BD01236370F7E7C046FE
:04884800A405002063
:10884C0010B5FEF7F3FE002803D1034B034A1A655B
:10885C0010BD01204042FBE7A4050020D987001081
:10886C0037B5012504006D422B000022694620001B
:10887C00FEF72EFF0028F7D10198009B9847F3E7ED
:10888C00010010B5002817D00D4B1868F7F7F0FD54
:10889C00802301385B0498420ED2FF23094A1B0641
:1088AC00116A0B4313620622074B1A6058600020B2
:1088BC009860064B187010BD01204042FBE7C04683
:1088CC005007002000ED00E010E000E00A2D002031
:1088DC00074B1A78002A05D000221A708022054B0B
:1088EC00D2045A600123044A11680B431360704789
:0C88FC000A2D002000ED00E010E000E07C
:0C890800014B1B687047C04610E000E007
:0689140001204042704703
:10891C00094A0A4B10B51A60094B9B1A094A136095
:10892C00094A0A4B1A600A4B9B1A0A4A136000F058
:10893C0055F800F06DF8C04600FC0320BC2A00205E
:10894C0000000420B82A0020ECAD0020B02A002042
:08895C0000FC0320AC2A0020FE
:1089640070B50B251C240C480C4B456003600C4B64
:10897400C4608360FFF7A4F80A4B18600A480B4BE5
:10898400456003600A4BC4608360FFF799F8094BA4
:1089940018600AF0F7FE70BD7C2A002034A601108E
:1089A400902A00208C2A00202C27002041A60110A8
:0889B400402700203C270020B1
:0889BC0010B5FDF727FF10BD07
:1089C400012110B5024B49421868FFF78FF810BD1A
:0489D4008C2A0020C9
:1089D80010B5024B1868FFF79DF810BD8C2A0020CF
:0C89E80010B508F0EBF900F011F810BD1C
:0289F4007047CA
:0289F6007047C8
:1089F80010B500F043F8FFF7F9FFFFF7AFFFFFF7F7
:0C8A0800F6FF03F077FCFFF7D5FF10BD70
:088A140010B5FEF701FB10BDD7
:108A1C0013B5114B114C0021236180231B026361A0
:108A2C004423E3600E4B2200A3601823A3610D4B7B
:108A3C000D482360FFF768FE031E05D122000B4989
:108A4C0000900B4803F05CFCFEF7FAFA002209498F
:108A5C0013000092F5E7C046582D00202C2D002065
:108A6C00102C00204BA60110F989001050A6011003
:088A7C001D0101806CA6011030
:108A840030B585B068460200054B32CB32C21B6854
:108A94001360FFF715F8034B186005B030BDC046EE
:088AA40080970110502D002005
:108AAC0073B506000C00150003F024FC00280CD153
:108ABC000649A31DA21D02D3054A9B009958002309
:108ACC0032002800009303F01BFC73BD81A601103B
:048ADC009CA7011042
:068AE00010B500F091F852
:108AE800002307B502000138009304281AD8002390
:108AF800F7F7B6FC03080C10140001220B490C48C8
:108B080003F000FC02220B490B48F9E703220B494A
:108B18000B48F5E704220B490B48F1E705220B49FE
:108B28000B48EDE70B490C48EAE7C04689A6011057
:108B380025010280AAA6011026010280CFA60110F5
:108B48002701028004A70110280102803FA7011015
:0C8B58002A0102807FA7011000010280AA
:108B640010B50100014AFFF79FFF10BD31010180DC
:108B740010B5024AFFF798FF10BDC04632010180CC
:108B840010B5024AFFF790FF10BDC04637010180BF
:108B940010B5024AFFF788FF10BDC04633010180BB
:108BA4000B0010B5113302D0014AFFF77DFF10BD51
:048BB4003401018007
:108BB80010B5024AFFF776FF10BDC04638010180A4
:108BC80010B5FFF7B9FD034B1B68002B00D0984781
:088BD80010BDC046742C002002
:108BE000034B10B51B68002B00D0984710BDC04642
:048BF000742C0020C1
:108BF40010B503F01BFA03F019FC03F018FC03F0A2
:048C04002BFA10BD7A
:108C080010B5024B1B689847FBE7C0464806002092
:088C180010B5FDF799FA10BD3B
:0C8C200010B50400FDF79CF9200010BD09
:108C2C00F8B50500060010CD002C14D10E4F386895
:108C3C00002803D001214942FEF754FF3468002C70
:108C4C0004D1280004F086F82C0035603868002820
:108C5C0001D0FEF75DFFAC4204D08B2203490448DF
:108C6C0003F01AF92000F8BD502D0020D8A70110F0
:048C7C00E7A7011055
:028C800070473B
:0E8C820010B504000C2103F0A6FE200010BD6A
:108C900070B5040003689B689847201D07F042FFE9
:0E8CA000050023682000DB689847280070BD9F
:108CB00010B50348FFF7BAFF04F05AF810BDC046DC
:048CC000DC1D002097
:108CC40010B50348FFF7B0FF04F06CF810BDC046C0
:048CD400DC1D002083
:108CD80070B504000D00074B82600360FFF7E4FFE6
:108CE8002900201D07F0E0FE2000FFF7E7FF200025
:088CF80070BDC04614A8011074
:0E8D000010B50368012200211B69984710BDC1
:0E8D0E00002210B5036811001B69984710BDC4
:108D1C0010B5040003F086F90121200007F0CCFF08
:068D2C0003F096F910BDF2
:108D320010B5040003F07BF90021200007F0C1FF09
:068D420003F08BF910BDE7
:108D480070B50D00040003F06FF92900200007F04A
:088D58009BFF03F07FF970BDE1
:088D600010B507F05BFF10BD28
:088D680010B507F054FF10BD27
:088D700010B507F056FF10BD1D
:088D780010B507F049FF10BD22
:088D800010B507F051FF10BD12
:108D880070B505000D4E3000FFF74CFF03F0ECFF07
:108D9800280007F0E1FE041E0CD1280007F03AFF76
:108DA80003F0FAFD68603000FFF73CFF03F0F8FFBE
:108DB800200070BD01246442F5E7C046341E00203F
:108DC80070B505000B4E3000FFF72CFF03F0CCFF09
:108DD800280007F0C3FE441EA041444268680028EA
:108DE80001D003F006FE3000FFF71CFF03F0D8FFA8
:088DF800200070BD341E0020B4
:108E0000F7B50D001E0004000A4F01923800FFF76D
:108E10000DFF03F0ADFF33002A000199200007F099
:108E2000C3FE04003800FFF701FF03F0BDFF200080
:088E3000FEBDC046341E002007
:108E3800F0B589B0029101920393050007F0EAFEAC
:108E48000700280007F0E0FE0600280007F0E5FE0E
:108E58000490280007F0E4FE390007900198F7F71E
:108E68008FFB0C1E69D1029B002B66D0019A039BD5
:108E78009B18049AB618B3425FD83148FFF7D2FE60
:108E880003F072FF039B002B4FD0002C4BD10199AC
:108E9800280007F0BCFE040001000198F7F770FBFA
:108EA800039B601A984200D918000322029B1342C0
:108EB80001D187422ED93E00874200D906003200F0
:108EC800029968680BF048F8BE4205D26B680799AA
:108ED800BA1B98190BF0D2F86B6805970693102304
:108EE80004932800059B069A019907F065FE041E65
:108EF80006D0049B013B0493002BF2D10124644269
:108F0800039B9B1B0393019B9B190193029B9B193A
:108F18000293B7E73900F7F7ADFA7843029B0600EA
:108F280005900693DBE7012464420548FFF77AFEC3
:108F380003F036FF200009B0F0BD01246442F9E7D0
:048F4800341E0020B3
:108F4C00F7B50D001700060007F05CFE04003000BA
:108F5C0007F061FE2018EC19A04203D201246442F0
:108F6C002000FEBDA0421FD81948FFF759FE03F0A0
:108F7C00F9FE0024002F24D0002C20D110230193C3
:108F8C002900300007F0EAFD041E06D0019B013BCE
:108F9C000193002BF4D1012464422900300007F026
:108FAC0034FE3F1A2D18E5E72100300007F02DFEA6
:108FBC0001002000F7F7E2FA0029CFD1D4E7012411
:108FCC0064420348FFF72CFE03F0E8FEC8E7C046F6
:048FDC00341E00201F
:108FE00010B50400FBF786FA2000FCF7B3FF200061
:108FF00010BD10B50400FBF77DFA2000FCF7AAFFB6
:10900000200010BD10B50400FBF774FA2000FCF737
:06901000A1FF200010BDCD
:1090180010B50300024A083007F06EFE10BDC046C6
:049028002391001080
:10902C0070B50D00002104000D4B102208330360B5
:10903C008180817108300BF01FF820001830FCF78C
:10904C003DFE20002830FCF739FE29002000FFF7F8
:10905C00DDFF2900201D02F086F9200070BDC046FE
:04906C0024A8011023
:1090700010B50400074B08330360083007F098FE72
:1090800020002830FBF7C7FA20001830FBF7C3FA9E
:08909000200010BD24A801100E
:1090980010B50400FFF7E8FF2000382103F098FC22
:0490A800200010BDD7
:1090AC0070B50E00040002F0BDFF3000FDF741F872
:1090BC000500200008341830002D0AD03100FDF7CF
:1090CC002BF801221100200007F040FE02F0C0FF37
:0C90DC0070BDFFF77FFF2A000121F4E7C0
:1090E80070B50E00040002F09FFF3000FDF723F872
:1090F8000500200008342830002D0AD03100FDF783
:109108000DF801220221200007F022FE02F0A2FF42
:0A91180070BDFFF761FF2A00F4E7C5
:1091220010B5012902D002290AD010BD183004005E
:10913200FDF704F80028F8D02000FFF76CFDF4E7F3
:049142002830F4E7F6
:02914600704770
:1091480070B506000400831D3E229A5E0C36031D8E
:109158003E21595E300009F0A3F8E56C236D002D1F
:1091680001D1DA0711D558102018DB0701D503689B
:109178005D592300583300229B5E2200563200219D
:10918800525E210054310978A8473000E16B09F09C
:10919800ECF830002200024909F026F970BDC046FB
:0491A80069940010B6
:1091AC00F7B50093836C04000E001500002B05D05E
:1091BC0036222B492B48FF3202F06EFE2A4A0365F9
:1091CC000368C2641B6898472300270054331E7041
:1091DC0002331D800193009B58373B80042E0DD821
:1091EC003000F7F73BF915031015190001232A007D
:1091FC0001215B4220000C3009F06BF92368200040
:10920C005B689847F7BD01222B0002215242F1E71F
:10921C002A003100009BEDE72300012270331A7005
:10922C006B1C0CD0042003F09DFB019B050000215E
:10923C00595E00230380837002F095F8E5650022E7
:10924C00BB5E0133DAD0042003F08CFB0022050056
:10925C000023F95E0280827002F08AF82566CDE761
:0C926C008DA801109CA80110AD9100100D
:1092780070B5040003680D001B689847200029009A
:109288000C3009F072F82368E56320005B689847A2
:0292980070BDA7
:10929A00F8B504001F0003680D001B681600984704
:1092AA0020003B00320029000C3009F06EF82368D8
:0892BA0020005B689847F8BD35
:1092C20070B5040003681B68984720000C3009F051
:1092D200FAF8230070331B780500002B06D0206EAD
:1092E200002803D06942694107F0B3FC23682000DB
:0892F2005B689847280070BD7D
:1092FA0070B5040003681B68984720000C3009F019
:10930A00E4F8230070331B780500002B05D0E06DCC
:10931A0007F0A7FC434258410540236820005B68D8
:06932A009847280070BD09
:0A93300010B50C3009F0B8F810BDBC
:0E933A0010B50C000C3009F0BAF8200010BD80
:10934800F7B5002504001F001D4B0E00083303600D
:109358001C4B290043600192856010220C300AF0F2
:109368008DFE20001C30FCF7ABFC20002C30FCF7F5
:10937800A7FC0222A31CFF32E763DA87019A231DA8
:10938800DE87A31DDA874E33A564E56425652200D0
:109398001D70012356325B421380538023007033C3
:1093A8006566A566E5661D70A2686368501020189A
:1093B800D20701D50268D35898472000FEBDC046A1
:0893C800B4A801104991001046
:1093D000F7B50500036816001B680F0098472B00BF
:1093E00040331B783401002B01D0002E11D02B000C
:1093F00041331B78002B01D0012E0AD020001C30F5
:1094000039002818FCF78EFE2B6828005B68984707
:10941000F7BD02F00DFE3800FCF791FE2B001C3466
:109420000C332C190193002812D02000FCF787FE82
:10943000002801D102F0FCFF39002000FCF772FE89
:1094400001223100019808F0E5FF02F007FEDBE79A
:109450002000FCF774FE002801D002F0EAFF200093
:08946000FFF7C7FD0022ECE755
:1094680009011C3110B544182000FCF764FE0028DF
:0A94780002D02000FFF7CCFB10BD6E
:10948200F8B504002600036840361B680D009847B3
:109492003378AB4233D0002D0DD0230041331B78FB
:1094A200002B08D1A268636850102018D20701D59A
:1094B2000268D3589847270002F0B9FD1C37002DE7
:1094C20022D03800FCF73AFE00280AD03800FCF718
:1094D2003EFE02F0ACFF2000012200210C3008F019
:1094E20098FF02F0BAFD3570002D08D123004133F8
:1094F2001B78002B03D120000C3008F034FF2368C6
:1095020020005B689847F8BD20002A000C30290033
:1095120008F07FFF3800FCF711FE0028E1D002F0CE
:0495220087FFDEE7FA
:10952600F8B504002600036841361B680D0098470D
:109536003378AB4233D0002D0DD0230040331B7857
:10954600002B08D1A268636850102018D20701D5F5
:109556000268D3589847270002F067FD2C37002D84
:1095660022D03800FCF7E8FD00280AD03800FCF7C6
:10957600ECFD02F05AFF0122200011000C3008F029
:1095860046FF02F068FD3570002D08D123004033F8
:109596001B78002B03D120000C3008F0E2FE236874
:1095A60020005B689847F8BD20002A000C30012196
:1095B60008F02DFF3800FCF7BFFD0028E1D002F0CF
:0495C60035FFDEE7A8
:1095CC001FB50400194B0021083303606846FCF7F3
:1095DC007CFB002269462000FFF7F4FE6846FBF78F
:1095EC0014F800216846FCF770FB01226946200044
:1095FC00FFF7E8FE6846FBF708F8230040331B78BA
:10960C00002B04D1230041331B78002B03D0200006
:10961C000C3008F0A3FE20002C30FAF7F6FF2000E7
:10962C001C30FAF7F2FF200004B010BDB4A80110F2
:10963C0010B50400FFF7C4FF2000742103F0C6F935
:04964C00200010BD2D
:1096500010B5437D0400002B04D0037D002B01D006
:0896600002F0E7FE200010BD3E
:1096680013B5040001A802F0DBF8637D002B0BD1D1
:10967800237D002B01D002F0D7FE206902F08EF87E
:10968800012320606160637501A802F0CFF813BD63
:1096980037B5040001A80D0002F0C2F8002300222B
:1096A800226063606B7D002B08D0286902F076F891
:1096B8002A686B68801A99412060616001A802F0ED
:0696C800B5F820003EBDD4
:1096CE0030B50D0085B0040003A802F0A6F82900FD
:1096DE006846FFF7DAFF00980199AA68EB6812183E
:1096EE004B4103A82260636002F09DF8200005B094
:0296FE0030BD7D
:1097000013B5040001A802F08FF8206902F04AF8AE
:109710000022002320606160A260E36001A802F0E3
:0497200089F813BDF4
:1097240010B50B00040000210020236100232060F9
:109734006160A060E160227520006375FFF7DEFFC1
:04974400200010BD34
:1097480010B5040002F054F8012201002000FFF7D0
:06975800E5FF200010BD3A
:04975E000020704730
:0C9762001D20404270471D20404270470F
:0C976E0016204042704716204042704711
:08977A00012070470120704737
:08978200002070470020704731
:10978A00F8B5050000248EB2CB0704D5FFF794FD87
:10979A00441EA04104B210273E4205D02800FFF71C
:0C97AA00A7FD002800D03C432000F8BDC3
:1097B80008B4024B9C46743808BC60478B9700106D
:0A97C80010B5FFF75AFE002010BD97
:1097D40008B4024B9C46743808BC6047C997001013
:0A97E40010B5FFF79EFE002010BD37
:1097F00008B4024B9C46743808BC6047E5970010DB
:1098000010B50400024B0360FFF7E0FE200010BD1E
:10981000D4A8011008B4024B9C46743808BC6047B9
:04982000019800109B
:1098240010B50400FFF7EAFF2000782103F0D2F816
:10983400200010BD08B4024B9C46743808BC604735
:049844002598001053
:10984800F7B505000C00161E1BD002F0E9FB01233A
:109858004340DFB2002F03D02B6828001B689847CD
:10986800A3190193019B9C4205D021782800FFF79A
:1098780060FD0134F6E7002F03D02B6828005B68F1
:0698880098473000FEBD10
:1098900008B4024B9C46743808BC604749980010D5
:1098A00070B504000D00101E0CD0236820001B684A
:1098B00098472000FFF73CFD2870236820005B6874
:0698C0009847012070BD75
:1098C80008B4024B9C46743808BC6047A198001045
:1098D80010B50400FFF734FD024B20002360024B53
:0C98E800636710BDD4A8011010A9011086
:1098F400F8B504000D0016001F0003681B689847A4
:109904003B00320029002000FFF74EFC23682000B2
:069914005B689847F8BDF6
:10991A0070B504000E0002F086FBA569002D0BD07D
:10992A0020000830FFF769FB0122631CDA77002365
:10993A00A21CE361D677A36102F08BFB002D03D052
:0A994A002100280000F090F970BD24
:1099540010B5002802D003F009FA10BD02F066FB2E
:02996400FBE71F
:1099660010B5002802D003F01CFA10BD02F073FBFC
:02997600FBE70D
:10997800F0B5040089B00E00170002F055FBA56988
:1099880002F068FB002D29D003AD0021280003F068
:1099980047FA02F049FBA3690193E369002B04D05D
:1099A80039220F490F4802F079FAE56102F052FBBB
:1099B800019B002B0FD03900280003F03BFA002848
:1099C80009D13000FFF7C2FF20000121FFF7A1FFF6
:1099D8003000FFF7C4FF280003F04FFA09B0F0BDCC
:0899E80075A9011081A901100D
:1099F00070B500250400064B45600833036008304D
:109A0000FCF762F92000A561E561258470BDC046C0
:049A1000A0A90110F8
:109A1400084B10B50833036083690400002B04D09D
:109A240026220549054802F03BFA0830FAF7F1FD11
:109A3400200010BDA0A9011075A901108FA9011063
:109A440030B50400250085B0083502F0EFFA29008E
:109A54006846FFF7E3F82800FFF7D2FA0023E0692D
:109A6400A361984201D003F005FA02F0F5FA6846C2
:109A7400FCF763FB002802D06846FFF7CBF8684682
:089A8400FAF7C7FD05B030BD83
:0E9A8C00002343608360013301600373704761
:029A9A00704713
:109A9C000300007B002805D00CCB002012689A42F2
:069AAC004041C0B270470A
:109AB200F0B5036885B001930123050018008840C2
:109AC20019001E0051400290039101989900445CD4
:109AD2000299214205D030210C40002A07D0102CD7
:109AE20007D10133112BF0D10120404215E0002CA7
:109AF200F7D010005900023908430091310081402B
:109B0200AF680F42EDD1202C07D10399009C0C4382
:0E9B1200210034008C402742E3D105B0F0BDA5
:109B200070B5040008001100020020001D00FFF7BE
:109B3000C0FF002802DA0020207370BD41082368AE
:109B40008A009A18D3885279666855439B195B1925
:109B5000636001238340A268C00113430843A360EC
:049B6000C0B2EAE7BE
:0E9B640010B513000A000121FFF7D8FF10BD55
:0E9B720010B513000A000021FFF7D1FF10BD4F
:109B800070B50D0004000A000021FFF7EBFF2A006A
:0A9B900000212000FFF7EDFF70BD7B
:089B9A000023036043607047E3
:029BA20070470A
:049BA400006870479E
:109BA80000230B604368002B02D1016041607047BD
:049BB8001960FBE74E
:109BBC0003000068002806D00268002A00D15A6011
:089BCC001A60002303607047DA
:109BD40010B50468002223008B4204D0002B10D05F
:109BE4001A001B68F8E7002A01D00B6813608C4246
:109BF40001D10B68036043688B4200D142600023AB
:049C04000B6010BD24
:0C9C080010B50400FFF7C5FF200010BDE0
:0E9C140010B5FFF7C5FF43425841C0B210BD66
:109C220070B505002800FFF7BCFF00280ED0041F06
:109C3200236820009B689847002807D02800FFF778
:0E9C4200BCFF23682000DB689847EBE770BD8D
:109C500070B504000D00FFF7A5FFAC610600291DDB
:109C60002000FFF7A1FF002E02D12000FFF7D9FF4F
:029C700070BDC5
:109C720070B505000C00FFF794FF0600002C00D021
:109C8200043421002800FFF7A4FFA64202D12800D5
:069C9200FFF7C6FF70BDE4
:109C980010B504002000FFF781FF002804D0043825
:0A9CA8000368DB689847F5E710BD7C
:109CB20010B50400FFF7EFFF2000FFF771FF20004F
:029CC20010BDD3
:029CC4007047E7
:029CC6007047E5
:0A9CC80010B503689B6D984710BDAE
:109CD40030B587B06B46040005220021981D0AF0B8
:109CE400CFF9C8239B00E258238901AD8921AB81B8
:109CF4000A4B4900EB8104232980EA711139626817
:109D0400FF390A34E9700392FF331222290020003C
:109D14002B820AF023F9200007B030BD01020000B5
:089D24000048704790AC0110EB
:089D2C0000487047C8AC0110AB
:089D34000048704794AC0110D7
:089D3C0000487047DAAC011089
:089D440000487047C0AC01109B
:089D4C0000487047AAAC0110A9
:109D5400036810B55B6F04009847BB239B00E05871
:109D640003681B6F9847236820009B6F984710BDBA
:109D7400CD239B00C35810B5002B04D1024A0349DC
:109D8400034802F08DF810BDCD060000D5A90110DE
:049D9400E3A901102E
:109D980010B5040002F048F9CD229200A35801330F
:109DA800A350002B05D1D72202490348D20002F064
:0C9DB80075F810BDD5A90110E3A9011039
:109DC400CD239B00C35870B50400012B16D1C925BF
:109DD400CA26AD00B6000122A05963590240002BE7
:109DE40001D1002A0AD00021401061512018A1514C
:109DF4008A4201D00268D3589847ECE7CD229200FA
:109E0400A358002B04D1054A0549064802F048F836
:109E1400013BA35002F020F970BDC046C606000005
:089E2400D5A90110E3A901100A
:109E2C0007B50022024913000248009202F068FABA
:089E3C00EFA901100E011580D1
:109E440007B50022024913000248009202F05CFAAE
:089E540017AA0110040115809A
:109E5C00036870B5DB6F04009847BE239B00E55A7E
:109E6C002B12022B28D0032B5BD00020012B06D108
:109E7C00236820001B6B9847002801D1002070BD7F
:109E8C00236820001B6B98470678122EF6D12368A6
:109E9C0020001B6B98474578012DEFD1C1239B0007
:109EAC00E650236820001B6B9847C0239B00E050B2
:109EBC0008332800E554E2E72368EDB229002000BE
:109ECC005B6B98470028D9D0236829005B6B200076
:109EDC0098470378092BD1D1236829005B6B2000AC
:109EEC0098474378022BC9D1236829005B6B20006B
:109EFC0098472368867829005B6B20009847C1221D
:109F0C00C37892001B023343A3502368290020001E
:109F1C005B6B9847C0239B00E05001200833E05452
:109F2C00ADE7EDB20020052DA9D82800C125236886
:109F3C00AD00F6F793FA030D151D252D9B6B200034
:109F4C0098470378635123689B6B20009847E1E79F
:109F5C00DB6B20009847037863512368DB6BF4E7D5
:109F6C001B6C200098470378635123681B6CECE74B
:109F7C005B6C200098470378635123685B6CE4E7C3
:109F8C009B6C200098470378635123689B6CDCE73B
:109F9C00DB6C20009847037863512368DB6CD4E7B3
:109FAC001F200B78DB0913700B785B069B0F53702B
:109FBC000B78034093704B78D370C8788B78000281
:109FCC000343938048790B7900020343D380C8790B
:0A9FDC008B790002034313817047E4
:109FE800036870B55B6F04000D009847C3239B009E
:109FF800E35C022B05D03E2209490A48FF3201F0F2
:10A008004DFFC423084A9B00E5541433E250002254
:10A018000433E250236820009B6F984770BDC04608
:0CA02800D5A9011036AA011095A5001062
:10A03400036870B5DB6F04009847C2239B00E35CA0
:10A04400002B02D00025280070BDBB25AD0060594F
:10A0540003685B6C9847C1239B00E2589042F1D897
:10A06400C026B600A159121A0918A151E250002ABB
:10A0740014D102210833E1540E4BE55C002D07D0C6
:10A08400E254163BE118236820009B6E9847DAE7F8
:10A0940001212000FFF7A6FF0125D4E7C8239B0078
:10A0A400E3586059934200D913000268146C1A00F3
:08A0B400A047F1E70A030000D8
:10A0BC00036813B5DB6F04009847C7239B00E35C70
:10A0CC00012B06D8002213000F4900920F4802F012
:10A0DC0017F9C3239B00E35C002B04D000220C492E
:10A0EC0013000092F2E70B4BE35C032B0AD0200029
:10A0FC00FFF79AFF002805D1BB239B00E0580368AB
:10A10C00DB6C984713BDC046EFA901100E011580FA
:08A11C0061AA01100B03000011
:10A12400036870B5DB6F04009847C2239B00E35CAF
:10A134000025012B36D1C1239B00E358AB4206D145
:10A144001C4AA15CA94201D101252BE0A354C822D9
:10A154009200A5589D4200D91D00BB23C0269B0038
:10A16400E058B60003682A009B6CA1599847A3598C
:10A174005B19A351C1239B00E258551BE550E3D161
:10A184000C4BE25C002ADFD102210333E1540A4B79
:10A19400E55C002D08D0E254163BE118236820004A
:10A1A4009B6E9847280070BD01212000FFF71AFF1D
:0CA1B400CAE7C046090300000A030000CF
:10A1C000036810B5DB6F04009847C7239B00E35C6E
:10A1D000012B01D8FFF72AFE074BE35C032B0AD0C3
:10A1E0002000FFF79FFF002805D1BB239B00E0580C
:0CA1F0000368DB6C984710BD0B030000F7
:10A1FC00036870B55B6F04000D009847C3239B0088
:10A20C00E35C032B05D0C32209490A48520001F034
:10A21C0043FEC423084A9B00E5541433E250002249
:10A22C000433E250236820009B6F984770BDC046F2
:0CA23C00D5A90110ABAA0110E1AF001081
:10A24800036810B50400DB6F98470120044BE2183F
:10A258001D3BE2500433E0500433E05410BDC046C7
:04A268001D030000D2
:10A26C00036810B5DB6F04009847C7239B00E35CC1
:10A27C000020042B0CD1074B0130E25A064BE25262
:10A28C003633E218303BE2500433E0500433E054F0
:0CA29C0010BDC0462E030000FA020000B6
:10A2A800036810B5DB6F04009847C32304229B00A2
:10A2B800E254143BE25C044B2000E15A23681B6F14
:0CA2C8009847012010BDC046FA020000BB
:10A2D400036870B55B6F04000D009847C3239B00AF
:10A2E400E35C042B05D0EB2209490A48520001F033
:10A2F400D7FDC423084A9B00E5541433E2500022DE
:10A304000433E250236820009B6F984770BDC04619
:0CA31400D5A90110D7AA011035A6001031
:10A32000036870B5DB6F04009847C7239B00E35CAC
:10A33000042B04D000201E4BE35A834215D11D4B41
:10A34000E15C012912D0022913D0002081420CD1F6
:10A350000122194B1A80C023174A9B00E2500222A7
:10A3600001200433E2500433E05470BD0022124B4C
:10A37000F0E70F4BE25A8F231000984303000020B0
:10A380008342F2D10C48130702D100230380E2E795
:10A390001E2553002B40D2111A431823023A53436F
:10A3A000E31830331B780B42EFD00123EEE7C046B1
:0CA3B000FA020000F60200007C2C0020E5
:10A3BC0030B5036891B0DB6F04009847BB23C8220B
:10A3CC009B00E058920003686946A258DB6B9847E3
:10A3DC00BD239B00E5182A0069462000FFF7E0FD2D
:10A3EC00C02200239200A3500432A3500432A35085
:10A3FC00C32301229B00E2542368290020005B6EDA
:06A40C00984711B030BDBD
:10A41400036810B5DB6F04009847C7239B00E35C17
:10A42400012B01D8FFF700FDCB2201239200A35496
:10A43400203AA25C002A03D12000FFF7BDFF10BD23
:0CA44400014AA354FBE7C0462D030000B2
:10A45000F8B51D00036804005B6F0F0016009847F5
:10A46000C3239B00E35C012B04D00B4A0B490C482F
:10A4700001F018FDC4239B00E7540433E650094A59
:10A480000433E5500C33E25000220433E2502368D9
:10A4900020009B6F9847F8BDBA020000D5A90110B3
:08A4A000FFAA011071AE0010CB
:10A4A800036870B5DB6F04009847BF239B00E35A2D
:10A4B800002B34D0BD229200A55C1432A25C012D81
:10A4C80025D1012A06D0BB239B00E0580368DB6C2A
:10A4D800984770BDC1229200A158994200D9A35053
:10A4E800C1229200A0581F4E012D28D1834208D9BD
:10A4F800C8239B00E158F6F743F8002901D11A4B0D
:10A50800E55402232000A355FFF708FEE1E7002ADF
:10A51800D9D1C1229200A2589A42E1D0D3E7BB23F5
:10A52800C1229B009200E058A15803680029CED1AF
:10A5380003250C4A9B6CA5540A009847C9E70123D8
:10A54800C822A355BB239200A2589B00E35882421D
:10A5580000D90200196818000D6CC02189006158E3
:0CA56800A847B6E70B0300000903000041
:10A57400036810B5DB6F040098470022024BE254D5
:10A58400024B0332E25410BD2D0300000B03000004
:10A59400036810B5DB6F04009847C423C32200216D
:10A5A40092009B00E35CA154134AA15C002903D0F0
:10A5B4002000FFF7DDFF10BD002B06D1BB239B005D
:10A5C400E0580368DB6C9847F5E70C4BE25C012A22
:10A5D40008D10232E2541F3BE05803689B6C0A0026
:10A5E4009847E8E7022AE6D10132E254BB239B00F4
:10A5F400E05803681B6CF2E72D0300000B03000016
:10A60400036810B5DB6F04009847CB2300229B003E
:10A61400E254203BE35C934203D12000FFF7A8FF00
:10A6240010BD0122014BE254FAE7C0462D0300009D
:10A63400036810B5DB6F04009847C423C3220021CC
:10A6440092009B00E35CA1540E4AA25C8A4203D0B0
:10A654002000FFF78DFF10BD002B0BD00A4B20000C
:10A66400E25A0A4BE252363BE25A3833E254FFF7DD
:10A6740019FFF0E7BB239B00E0580368DB6C9847A5
:10A68400E9E7C0462D030000FA0200002E03000093
:10A6940070B5BC2504000368AD005B6F9847635D2B
:10A6A400002B10D1BB26B600A059210003689B687B
:10A6B4009847A059402103689B6B9847C8239B0087
:10A6C400E05001236355236820009B6F984770BDB9
:10A6D400036870B55B6F05009847C7239B00EC5C6B
:10A6E4002B68E4B228009B6F043C984760426041A9
:04A6F400C0B270BDC3
:10A6F80070B5040003680B4D5B6F98472000FFF7A7
:10A70800C5FF635D002B07D1BB239B00E05803689E
:10A718005B69984701236355236820009B6F98471E
:08A7280070BDC046F102000003
:10A73000F7B5036801915B6B1100040016009847A0
:10A74000002834D0236831005B6B200098470378E1
:10A75000092B2CD1236831005B6B2000984743788C
:10A76000022B24D1236831005B6B200098472368BB
:10A7700087785B6B310020009847C3781B021F432A
:10A780000B2F14D92368310020005B6B98470930E8
:10A7900005006B78019A93420AD02B783100ED18AE
:10A7A000236820005B6B9847C0198542F1D30025D0
:04A7B0002800FEBDC2
:10A7B400BB239B0010B5C05803685B6B984710BD62
:10A7C40070B50D00036804005B6F98472B0708D130
:10A7D400C8239B00E558236820009B6F98472800F6
:10A7E40070BD1E2369001940ED0929430239063B57
:08A7F400594361188D8DEEE759
:10A7FC00F7B50E00036804005B6F984737008F2392
:10A80C009F4301D1330706D1002217491300174883
:10A81C00009201F075FD1E2375001D40F3091D43C8
:10A82C001823023D5D4365192B0030331B78DB0781
:10A83C0009D42000FFF748FF002810D00C4A0D491E
:10A84C000D4801F029FB31352B78002B07D0BB23A9
:10A85C009B00E05831000368DB6E98472F7023682B
:10A86C0020009B6F9847F7BD17AA011004011580B3
:0CA87C008C050000D5A9011022AB0110D2
:10A8880073B50D00036804005B6F98478F232A0097
:10A898009A4301D12B0706D100221A4913001A48FE
:10A8A800009201F02FFD1E236E001E40EB091E438F
:10A8B8001823023E5E43A619320030321178CB07C6
:10A8C80009D42000FFF702FF002816D00F4A1049CC
:10A8D800104801F0E3FA02230B431370BB239B00DB
:10A8E800E0582900036831369B6D98473378002B70
:10A8F80003D029002000FFF77DFF236820009B6F0D
:10A90800984773BD17AA011004011580CC040000F4
:08A91800D5A9011022AB0110CA
:10A92000036810B5DB6F04009847C7239B00E35C06
:10A93000042B04D000200E4BE35A834217D10D4B59
:10A940000020E35C022B12D1094BE15A8F230A004D
:10A950009A4382420BD10B0709D0BE239B00E35AD6
:10A96000834204D12000C9B2FFF78EFF012010BD41
:08A97000FA020000F6020000EB
:10A9780073B50D00036804005B6F98478F232A00A6
:10A988009A4301D12B0706D100221D4913001D4807
:10A99800009201F0B7FC1E266B003340EE091E43FF
:10A9A8001823023E7343E3181A0030321278D20794
:10A9B80009D42000FFF78AFE00281BD0124A134949
:10A9C800134801F06BFA31331B78002B03D02900B0
:10A9D8002000FFF70FFF182302217343E3183033D9
:10A9E8001A788A431A70BB239B00E0582900036831
:10A9F800DB6D9847236820009B6F984773BDC0465E
:10AA080017AA011004011580F1040000D5A901104E
:04AA180022AB01105C
:10AA1C00036810B5DB6F04009847C7239B00E35C09
:10AA2C00042B04D000200E4BE35A834217D10D4B5C
:10AA3C000020E35C022B12D1094BE15A8F230A0050
:10AA4C009A4382420BD10B0709D0BE239B00E35AD9
:10AA5C00834204D12000C9B2FFF788FF012010BD4A
:08AA6C00FA020000F6020000EE
:10AA7400F0B50F001E00036885B05B6F03920500FC
:10AA84003C0098478F239C4301D13B0706D1002209
:10AA9400130020492048009201F036FC1E237A005E
:10AAA4001A40FB0913431822023B5A43AA18130005
:10AAB40030331B78DB0709D42800FFF709FE041E96
:10AAC40012D0164A1649174801F0EAF9938DB34299
:10AAD40005D923002200144914480094DCE73132DC
:10AAE40016001278002A06D02B6828009B6F98471E
:10AAF400200005B0F0BDBB229200A85839000268BE
:10AB0400146E039AA047041EEED0337801333370D9
:10AB1400EAE7C04617AA011004011580AF0500003A
:10AB2400D5A9011022AB011030AB0110050115802D
:10AB340037B50D00036804005B6F98478F232A0024
:10AB44009A4301D12B0706D1002215491300154859
:10AB5400009201F0D9FB1E226B001340EA091A434C
:10AB64001823023A5343E31830331B78DB0709D424
:10AB74002000FFF7ADFD051E0CD00B4A0B490C4815
:10AB840001F08EF9BB239B00E058290003685B6E3B
:10AB940098470500236820009B6F984728003EBD16
:10ABA40017AA011004011580E9050000D5A90110B8
:04ABB40022AB0110BF
:10ABB800F0B50F0087B00393036805925B6F05003B
:10ABC8003C0098478F239C4301D13B0706D10022C4
:10ABD800130024492448009201F094FB1E237E00B0
:10ABE8001E40FB091E431823023E5E43AE19330084
:10ABF80030331B78DB0709D42800FFF767FD041EF4
:10AC080014D01A4A1A491B4801F048F9B38D039A1F
:10AC1800934205D223002200174918480094DBE725
:10AC28003300313304931B78002B06D02B6828009F
:10AC38009B6F9847200007B0F0BDBB239B00E858E6
:10AC480039000368059A9C6E039BA047041E07D031
:10AC5800039B049AF385049B1B7801331370E5E783
:10AC6800F085E3E781AB0110040115800A060000B6
:10AC7800D5A9011022AB01109FAB01100501158069
:10AC880037B50D00036804005B6F98478F232A00CF
:10AC98009A4301D12B0706D100221249130012480A
:10ACA800009201F02FFB1E216B000B40ED091D43A4
:10ACB800023D06394D4365192B0030331B78DB07FD
:10ACC80009D42000FFF702FD051E05D0074A0849F0
:10ACD800084801F0E3F8ED8D236820009B6F984742
:10ACE80028003EBD17AA011004011580490600007E
:08ACF800D5A9011022AB0110E7
:10AD0000036870B5DB6F04000E009847C721890007
:10AD1000625C6654D3B2B24226D00025032B03D91D
:10AD20000322B2426D41EDB2012B04D9012E02D8AB
:10AD3000002D11D002E0002D11D00025B4222000FA
:10AD4000920000211C3009F09DF90023074AA3540A
:10AD5000074AA3549D4202D02000FFF753FC23680A
:10AD6000310020001B6E984770BDC0461D030000D7
:04AD7000F2020000EB
:10AD7400036870B5DB6F04009847BB23BE259B00B6
:10AD8400E058AD000368615DDB6A9847635B0221AC
:10AD9400002B00D003212000FFF7B0FF012070BD7D
:10ADA400036810B5DB6F04009847BE239B00E15C89
:10ADB4000C4BE15400290AD1313BE05803681B6A6B
:10ADC400984703212000FFF799FF012010BD0122BD
:10ADD400054B2000E2541A330232E2542368DB6E3E
:0CADE4009847F2E71D030000F202000097
:10ADF000036810B50400DB6F984700201A4BE35C32
:10AE000083420ED1194BE05C0B282BD8F5F72CFBB5
:10AE1000060A2A0E2A12162A1A1E22262000FFF7D8
:10AE20007FFA10BD2000FFF7F9FDFAE72000FFF7D9
:10AE300077FDF6E72000FFF79DFFF2E72000FFF720
:10AE40000DF8EEE72000FFF7FFF9EAE72000FFF733
:10AE5000A9FFE6E72000FFF709FAE2E72000FFF785
:10AE600023FADEE70020DCE7F5020000F70200002D
:10AE7000036870B5DB6F04009847C5229200A158A3
:10AE8000C4230432C325A05800229B00AD00E35C1C
:10AE900062551B4AA25C002A10D0012B0AD802235B
:10AEA0006355BD239B00E1182368012220009B6E9F
:10AEB000984770BD2000FFF75DFBFAE7042B12D125
:10AEC0002000FFF795FF002806D1BB239B00E05828
:10AED0000368DB6C9847ECE7635D002BE9D1200049
:10AEE000FFF7E2FAE5E7032BEFD00125054AA55469
:10AEF000063AA050043AA1500832A354EFE7C046E6
:08AF00002D0300000A0300000C
:10AF080010B504000368DB6F984702212000FFF7A3
:10AF1800F3FE0022044B2000E254FFF76FFB236886
:0CAF28002000DB6D984710BD1E030000E8
:10AF340070B504000368104D5B6F9847635D002B88
:10AF440007D0BB239B00E05803689B699847002304
:10AF54006355C7239B00E35C012B03D90121200027
:10AF6400FFF7CCFE0023054A2000A354044AA3544F
:10AF740023689B6F984770BDF10200001D03000019
:04AF84001E030000A8
:10AF880070B5BC2504000368AD005B6F9847635D2E
:10AF9800002B0AD02000FFF7C9FFBB239B00E05815
:10AFA8000368DB68984700236355236820009B6F7C
:04AFB800984770BD89
:10AFBC00036870B5DB6F0D0004009847002D08D1B5
:10AFCC00C7239B00E35C002B03D029002000FFF774
:04AFDC0091FE70BDB5
:10AFE000F8B503680400DB6F9847C4231A4E9B0032
:10AFF000E75CA35D002B01D1002F0FD12000FFF7EC
:10B0000069FB051E0AD10100B422200092001C3009
:10B0100009F038F8114BE554114BE554C3230022D5
:10B020009B00E254A35D934203D02000FFF7A2FAF5
:10B03000F8BDBB239B00E0580368002F09D0DB69F3
:10B04000984720000421FFF75BFE2000FFF72CFA51
:10B05000EEE7DB6C9847EBE72D0300001D030000D3
:04B06000F2020000F8
:10B06400F0B50D0089B00693036817005B6F040008
:10B0740098478F232A009A4301D12B0706D1002237
:10B084002A4913002A48009201F03EF9294BE65C54
:10B09400002E06D1236820009B6F9847300009B02A
:10B0A400F0BD1E2368001840EB0918430300182262
:10B0B400023B5343E3180393303304931B78173A4A
:10B0C4001A40079201220590134205D08E221A4994
:10B0D4001A48D20000F0E4FE8023DB009F4203D92B
:10B0E400174A15491748F5E7BB239B00E0583A0077
:10B0F400036829001E6D069BB047061ECAD018239C
:10B1040005980E990138584304302018FBF708F8C5
:10B114000122049B1B781343049A1370039B079A20
:10B1240031331A70039B9F85B4E7C04617AA0110F8
:10B1340004011580F2020000D5A90110C0AB011072
:08B1440071040000E2AB0110F0
:10B14C00F0B5060085B002930AAB1B881C3603933E
:10B15C00214B04000360BB2335009B00009101923E
:10B16C00C71828001835FAF7A9FDAF42F9D1B42257
:10B17C00019B0021A380029B3000E380039B920083
:10B18C00238108F079FFBD239B00E01828220021C1
:10B19C0008F072FFC322002300999200A354203AB6
:10B1AC00A150012120000432A3520C4AA354423274
:10B1BC00A350143AA3500432A3500432A3500432C7
:10B1CC00A3500432A354143AA154054AA354054A7B
:10B1DC00A35405B0F0BDC04610AC0110F202000043
:08B1EC001D0300001E0300001A
:10B1F4000E4B70B50360BC239B00C35C0400002BA2
:10B2040004D00B4A0B490C4800F04AFEFFF7BAFE83
:10B21400BB2326009B00E5181C36B54204D0183D1C
:10B224002800F9F7F6F9F8E7200070BD10AC01101A
:0CB2340062050000D5A90110FAAB011062
:10B2400070B50D0003680400DB6F98478F232A0058
:10B250009A4301D12B0701D1FEF7F4FD1E231820DC
:10B2600069001940ED0929438B1E4343E31831332C
:10B270001A78002A0DD0013941430431013A64188B
:10B2800020001A70FAF75BFF002802D02000FDF7BB
:04B29000C3FC70BDCE
:10B2940070B50D0003680400DB6F98478F232A0004
:10B2A4009A4301D12B0701D1FEF7CAFD1E231820B2
:10B2B40069001940ED0929438B1E4343E3183133D8
:10B2C4001A78002A0DD0013941430431013A641837
:10B2D40020001A70FAF731FF002802D02000FDF791
:04B2E40099FC70BDA4
:10B2E800EFF3108172B6054B1A78002A05D10132A6
:10B2F8001000884302491A70087070470B2D00200F
:04B30800032D0020F1
:10B30C0010B5EFF310820123934304D03622064983
:10B31C00064800F0C1FD064A1370064B1B78002B43
:10B32C0000D062B610BDC046F5AC011011AD0110D5
:08B33C000B2D0020032D002061
:0CB34400014B18787047C0460B2D00200C
:10B3500070B50D000400160005F091FC6B1C07D0C1
:10B360000021200005F0AEFC3100200005F090FC2B
:02B3700070BDAE
:0AB3720010B50022FFF7EBFF10BD3D
:10B37C0070B50D000400160005F07BFC6B1C0BD0A7
:10B38C003100200005F060FC0121200005F094FC48
:0AB39C000021200005F076FC70BDD2
:0AB3A60010B50022FFF7E7FF10BD0D
:10B3B00070B504000D001E00002A09D11A00FFF725
:10B3C000C7FF6B1C03D02000049905F043FC70BD3F
:10B3D00005F055FC6B1CFAD02000049905F03AFCEE
:10B3E0002000012105F06EFC3100200005F050FC2A
:02B3F000EDE787
:10B3F20003000022885E421C02D0984201D14868B4
:06B4020070470C31F5E774
:10B4080013B50400431C0AD0FFF7EFFF431C06D115
:10B418000023220002490348009300F073FF16BD81
:08B428002BAD01103001018081
:10B4300003000022885E421C02D0984201D1886835
:06B4400070470C31F5E736
:10B44600F7B54668330032331C78002C32D10368D6
:10B456005B6898470300306A98422BD03269181A05
:10B46600104033223362B256002A24DB2100F5F75E
:10B4760084F93427F75704000D00002F14D000215B
:10B48600706A24184D41009401958F421ADB3A00E8
:10B4960020002900F5F765F93A0004000D00F5F7DC
:10B4A6006CF9009B181A7062B26AF36AA4185D41BF
:10B4B600B462F562F7BD020023002100B068F5F71B
:10B4C60028FAD6E7F7680B00009801993A00F5F7D5
:10B4D60000FA4743009B0400DF1B0D007762E3E799
:10B4E6000300824206D901208A4202D99942894143
:10B4F6004842704700208B42FBD991424041F8E711
:10B50800F0B546683B4B326B040085B01A4266D1F1
:10B51800FFF795FF7368002B63D018685968F36AC2
:10B528008B4207D302D1B36A834203D323685B6992
:10B53800984754E06568AA6AEB6A801A9941EB69F2
:10B548006F698B4224D302D1AB69834220D3342262
:10B55800AA56002A29DBF5F70FF92B0033331B789D
:10B568005BB29C46002B10D0AB680393039B013B56
:10B57800009300230193009A019B80185941634668
:10B58800002B19DB6246F5F7EBF8874200D9070074
:10B598002B6AFF182B691F40336ABB4211D1CA229C
:10B5A80015491648FF3200F079FC02000B00E868E4
:10B5B8000021F5F7ADF9D0E7039A019BF5F788F973
:10B5C800E3E7236838001B69984723685B68984756
:10B5D8003A000100306AFFF782FF0028A6D105B0C3
:10B5E800F0BD336A726930699B18184023681B697B
:10B5F8009847F4E700FFFF0060AD011072AD01103D
:10B608004368F0B51A0030321278040085B0002A79
:10B6180000D080E032331B78002B7CD103681B6894
:10B6280098472368DB69984706680390002E06D17F
:10B63800330032003A493B48009600F063FE300080
:10B6480039490F00F4F79CFF38000029F9D1390077
:10B658003548F4F70FFF1F23012265680290A860A0
:10B66800013B04D31100029899408842F8D12A007E
:10B678003332137039003000F4F7FCFE1F23020048
:10B688000121E86008009840824201D0013BF9D2CC
:10B69800290034310B70039B5868011F1C2905D9F8
:10B6A80000222249130022480092C6E701232028DD
:10B6B80033D08340013B07200027884016002B61C8
:10B6C800029A3B006861C117F5F722F902000B00E6
:10B6D80001204042C1178019794180185941320030
:10B6E8003B00F5F7F5F82368A861E9615B682F600E
:10B6F8006F609847002128620122002063689862E1
:10B70800D9625F621A86323320001F70FFF797FEF6
:10B718002000FFF7F5FE05B0F0BD5B42CBE7C04661
:10B7280096AD01100E01048040420F00AFAD01102C
:04B738000501048083
:10B73C0070B5050000F076FC2B686C68DB689847E8
:10B74C00230032331B78002B02D000F081FC70BD3B
:10B75C0026000123313633706368002B16D0280085
:10B76C00FFF76BFE6368E26A596891420ED803D109
:10B77C001A68A16A8A4209D86A68DB6852686360F1
:10B78C002368002BE8D090689847E5E70023280051
:08B79C003370FFF7B3FED8E79C
:10B7A40070B50400FFF72EFF00F040FC2000FFF707
:10B7B40048FE63689C6ADD6A00F04EFC29002000A4
:02B7C40070BD56
:08B7C60010B5FFF7ECFF10BD08
:10B7D00010B50022024B1A7006F007FF10BDC046DC
:04B7E00058AD002040
:10B7E40010B506F0B7FE0122014B1A7010BDC04619
:04B7F40058AD00202C
:08B7F80000487047ECAD0110A0
:10B80000034B10B51B68002B01D00248984710BDB0
:08B810004C060020ECAD011014
:10B8180010B50C23CA5E0423C95E06F041FD10BDB5
:0CB8280010B5040000F000FC200010BD72
:0CB8340010B5040000F010FC200010BD56
:04B84000007B7047D2
:10B844000F4B70B50833036000230E4E43608160D4
:10B854000273040030000D00FDF7E6F901F086FAEA
:10B86400002D0AD0084B1A681C6062603000FDF796
:10B87400DBF901F097FA200070BD6560F6E7C04679
:0CB8840020AE0110081E0020041E002051
:10B8900070B50400154B164D083303602800FDF702
:10B8A000C5F901F065FAA368002B05D0114962685B
:10B8B0000B68A34213D10A600F4B1A68A24201D150
:10B8C00000221A602800FDF7B1F901F06DFA237B20
:10B8D000002B02D1201F01F095F8200070BD190047
:10B8E0005B68A342FBD14A60E6E7C04620AE011088
:0CB8F000081E0020041E0020301E002056
:10B8FC0010B50400FFF7C6FF2000102101F066F818
:04B90C00200010BD4A
:10B91000F7B51A4E019030000D00FDF787F901F0E0
:10B9200027FA174B1C68002C16D0A768002F11D0DF
:10B93000380009F09BF8A8420CD12A003800019980
:10B9400008F0E8FA002805D13000FDF76FF901F0A2
:10B950002BFA11E06468E6E7072DF5D12A0001997A
:10B96000084808F0D7FA0028EED13000FDF75EF95C
:10B9700001F01AFA044B1C682000FEBD081E0020CE
:0CB98000041E002018AE0110301E002034
:04B98C0000207047E0
:10B99000036870B5012200211B6904009847051E49
:10B9A0000DDB2368022200211B6920009847060056
:10B9B00023682900002220001B69984735002800D1
:02B9C00070BD58
:10B9C40070B50E0000250400104905604560300084
:10B9D40009F0C2F829003018206023681A782F2A49
:10B9E40008D10133236000290AD12A2208490948D1
:10B9F40000F056FA002AF6D0013301312360ECE757
:10BA0400FFF784FF6060200070BDC04680AE011067
:08BA14009CAE0110A9AE011067
:04BA1C000068704707
:10BA2000436810B5181E05D0FFF70AFF01384342DE
:06BA30005841C0B210BD38
:10BA360010B50400FFF7F1FF0023984203D06368B6
:0ABA4600002B00D0043B180010BDD7
:10BA5000436810B5181E04D0FFF7F2FE4342584168
:04BA6000C0B210BDA3
:10BA640010B50400FFF7F2FF0023984203D0636887
:0ABA7400002B00D0043B180010BDA9
:0ABA7E004068431E9841C0B27047B3
:06BA880058204042704707
:06BA8E0058204042704701
:06BA9400582040427047FB
:04BA9A0000207047D1
:10BA9E00F8B50E00036804001B6D8D18984733002F
:10BAAE0022689D4207D019785F1C2000936C98473E
:10BABE00431C06D13D00236820005B6D9847A81BF0
:06BACE00F8BD3B00ECE7AF
:10BAD400F8B50E00036804001B6D8F1835009847F5
:10BAE4002368AF4207D0DB6C20009847431C02D088
:10BAF40028700135F4E7236820005B6D9847A81B84
:02BB0400F8BD8A
:04BB06000020704764
:04BB0A000020704760
:02BB0E0070477E
:10BB100013B504000F4B002208C0FFF793FE0E4B35
:10BB200020001A0068336360002308320B4922604A
:10BB3000636100F0C5FF6061002806D103000200C8
:10BB400000900749074800F0E1FB00F0F6FC2000F8
:10BB500016BDC04638AE011058AF0110E0AE01105E
:08BB6000E3AE011019010180A0
:10BB6800094B10B51A0004000832683302604360BC
:10BB7800406906F0B5FD054B201D2360044B63604A
:10BB8800FFF782FE200010BD58AF011000AF011072
:04BB980050AF011099
:10BB9C0030B5002585B01A4CAB002900E258194885
:10BBAC00013500F025FA0D2DF5D1A36C1648029342
:10BBBC00636C0193236C0093E36BA26B616B00F0DD
:10BBCC0017FA124B1248196800F012FAE36C1B07B3
:10BBDC0012D5104800F00CFA236D0F48DB0700D487
:10BBEC000E4800F005FAE36C0D485B0700D40D48D5
:10BBFC0000F0FEF905B030BD0B4800F0F9F9EFE7A5
:10BC0C005CAD0020C8AF0110D6AF011000ED00E014
:10BC1C0025B0011033B0011042B001104FB001102B
:0CBC2C0072B001107EB0011062B0011077
:10BC3800F7B51B4F05000E003800012100F046F94A
:10BC48000024A04216D1174800F0D4F9302D18D09E
:10BC5800402D1BD0202D1ED1134800F0CBF9134CDA
:10BC6800134800F0C7F9FFF795FF124800F0C2F932
:10BC780000233B700023320020000F49009300F09E
:10BC880041FB0E4800F0B6F90D4CE9E70D4800F00D
:10BC9800B1F90D4CE4E70D4800F0ACF90C4CDFE7C6
:10BCA800B0AD00208AB00110B3B001103E01FF8092
:10BCB800E0B00110EBB001100AB10110C2B00110E0
:10BCC8003F01FF80CBB001104001FF80D6B00110CA
:04BCD8003D01FF80AB
:10BCDC00F7B50C007746160000F084FB0194002C9D
:10BCEC0003D02300083B1B6801930025AE420FD004
:10BCFC00300007F0F5FD051E0AD0019AB24200D9BA
:10BD0C0032002100280008F025F9200007F0F2FD90
:10BD1C003B0032002100280000F020FB00F072FBF9
:04BD2C002800FEBD30
:10BD3000F7B516007746019100F05AFB019D754357
:10BD4000280007F0D3FD041E03D02A00002108F0CC
:10BD500099F93B0032000199200000F01DFB00F032
:06BD600057FB2000FEBDB0
:10BD6800F7B50D000192060000F03EFB204F3800A9
:10BD7800FCF758FF00F0F8FF2B001E4C093332D8AF
:10BD880029003000083107F0C1FD00282BD006003B
:10BD9800A268194B521905604360A26022692368A2
:10BDA800013222616268EB1808362360934200D999
:10BDB800636004380368002B00DAC01801220368A6
:10BDC8009343A269521B9B18A3613800FCF72AFF12
:10BDD80000F0E6FF29003000019A00F0ADFA00F00B
:10BDE80013FB3000FEBD6369002601336361ECE795
:0CBDF800D41C0020641C0020EFBEADDE57
:0ABE040010B57246FFF7AEFF10BD47
:10BE1000F7B50C000500160000F0EAFA1B4F3800D9
:10BE2000FCF704FF00F0A4FF002C21D0210008390A
:10BE3000174B4A689A4227D123000C3B18680A68BE
:10BE4000002800DA1B1818680123984300234B6070
:10BE5000104B01901868801A186018690138186131
:10BE6000986912180198121A9A61280006F0BEFF0C
:10BE70003800FCF7DBFE00F097FF3100200000F0F7
:10BE8000A3FA00F0C5FAF7BD2100EEE7D41C0020AC
:08BE9000EFBEADDE641C0020D2
:0ABE980010B57246FFF7B8FF10BDA9
:10BEA40007B50B00009201000022014800F02CFAB3
:04BEB4004401FF80C6
:10BEB80070B5050000F0B8F82C780123E4B2601ED4
:0CBEC80084412B7000F0C6F8E0B270BDA1
:10BED40070B504000E0000F0A9F825782670EDB2C4
:08BEE40000F0BAF8280070BD5F
:10BEEC0070B505000E0000F09DF82C68A4192C60AC
:08BEFC0000F0AEF8200070BD5B
:10BF040070B505000E0000F091F82C68A41B2C609D
:08BF140000F0A2F8200070BD4E
:10BF1C0037B500F087F8192101A8FFF73EFA012583
:10BF2C000424290001A804F08FFE104800F098FEAC
:10BF3C00002101A804F088FE013C0C4800F090FEA2
:10BF4C00002CEED10434290001A804F07DFE084831
:10BF5C0000F086FE002101A804F076FE013C0448A6
:10BF6C0000F07EFE002CEED1DAE7C046F04902006C
:04BF7C00801A060021
:10BF800037B5002201000400022000F083FB0D25DC
:10BF900000F04EF800222378002B02D100F05EF86A
:10BFA00037BD0A2B08D10D2A06D06B460122D91DB8
:10BFB00002200D7000F06EFB01222100022000F033
:08BFC00069FB22780134E6E779
:10BFC80010B5A2B002000B0001A884210BF082FC7E
:10BFD8000400832805D9832005220549684407F011
:10BFE800BBFF002C02DD01A8FFF7C6FF22B010BD81
:04BFF8001AB1011069
:10BFFC000FB407B504A901C90191FFF7DFFF03B026
:06C00C0008BC04B0184757
:0AC01200EFF31083012098437047FC
:0CC01C00EFF30580431E9841C0B270474E
:08C0280010B5FFF78BF910BD04
:10C0300010B5FFF759F9064A1368591C04D13F227D
:10C0400004490548FFF72EFF0133136010BDC046B9
:0CC050002827002039B1011049B101106F
:10C05C00054A10B51368002B05D0013B1360002B6B
:0CC06C0001D1FFF74DF910BD282700207E
:10C0780010B50C48FFF71CFF002805D0FFF7D4FFC8
:10C08800BFF34F8F20BFFDE7FFF7C4FF002801D0A3
:10C09800FFF740FFFFF7B9FF0028F9D0012000F0B3
:08C0A80043FAC046042D0020FC
:10C0B000F0B54A4C0E0021689BB04B00070005927A
:10C0C0009B0F8DB2032B00D14D420B1444482A0024
:10C0D000DBB2FFF793FF28003238FF3813280FD860
:10C0E000F4F7C2F90A6366696C726F750E0E0E0E74
:10C0F0000E0E0E0E0E0E0E78A1683A48FFF77EFF68
:10C100003800FFF73DFF61683748FFF777FF002EE3
:10C1100009D03648FFF734FF3000FFF731FF0599AB
:10C120003348FFF76BFFA1683248FFF767FF2368CA
:10C13000314A9A18012A06D9304A934203D0304A2C
:10C140000020934207D10020A368834203D0DB6C18
:10C150000130DB089843E3682A49002B03D0596873
:10C16000002900D12749284A002800D1274AE06940
:10C1700006AD0390A069029060690190206900906B
:10C180002348FFF73BFF280000F048FDEB68069AC4
:10C1900001932B7A1F4800936B682168FFF72EFFED
:10C1A0001D48FFF72BFF1BB0F0BDA1681B48A5E79A
:10C1B000A1681B48A2E7A1681A489FE7A1681A482E
:10C1C0009CE7A168194899E7A168194896E7A16812
:10C1D000184893E71848FFF711FF91E7542900200A
:10C1E0008FB10110E0B1011088B2011099B20110B5
:10C1F000A1B20110A5B20110C2FE007F4001FF8074
:10C200003D01FF807AB1011084B10110A5B3011086
:10C21000B9B2011012B301108CB30110F6B10110C4
:10C2200006B2011015B2011028B201103CB2011083
:0CC2300050B201105FB2011075B2011095
:02C23C00704749
:10C24000F0B505000E0017008FB0002800DB224D6E
:10C250003022002102A807F015FF204B01ACEB189B
:10C260000195A660012B05D91D4B9D4202D01D4BA7
:10C270009D422AD1F36B6360736BE3611A4B5B6978
:10C28000DA6BE36022615A6B1B6B6261A361FFF79B
:10C29000CFFE164A136801331360012B04D13422F8
:10C2A0002100134807F05CFE124D342221002800C3
:10C2B00007F056FE104B28001B68002B08D098474B
:10C2C000FFF7CCFE00200FB0F0BD6760E461D5E75A
:10C2D000FFF7B4FFF4E7C0460101FF80C2FE007F14
:10C2E0004001FF803D01FF80A40500205C27002065
:0CC2F00064270020542900206027002053
:04C2FC000020704767
:0CC30000014B1878C0B27047B0AD0020AF
:10C30C00F7B5050001910A480121774616001C007B
:10C31C00FFF7DAFD002809D13A0031002800FFF7B9
:10C32C0089FF2100089A0198FFF7BCFEFFF79EFEDB
:04C33C00B0AD002080
:10C340000B00074970B50D680400002D06D00549A3
:10C350000978012902D801000020A847200070BDFB
:08C36000801C0020FE2C0020CF
:10C3680037B5040010001A00074B1D68002D08D0CF
:10C37800064B1B78012B04D80B00009021000120EC
:10C38800A84720003EBDC046801C0020FE2C00208F
:10C3980037B5040010001A00074B1D68002D08D09F
:10C3A800064B1B78012B04D80B00009021000220BB
:10C3B800A84720003EBDC046801C0020FE2C00205F
:10C3C8000A00074910B50C680300002C06D005497F
:10C3D8000978012902D800210320A04710BDC046D2
:08C3E800801C0020FE2C002047
:10C3F00010B50548FCF71AFC00F0BAFC034A1378A4
:10C400000133137010BDC046841C0020FE2C002098
:10C4100010B5054A05481378013B1370FCF706FC7C
:10C4200000F0C2FC10BDC046FE2C0020841C002081
:02C43000704753
:02C43200704751
:06C434001D20404270478C
:06C43A001620404270478D
:04C440000120704720
:04C44400002070471D
:02C4480070473B
:10C44C00044B10B51868002803D001214942FBF7B2
:08C45C0049FB10BD502D00202A
:10C46400034B10B51868002801D0FBF755FB10BD2D
:04C47400502D002027
:10C4780070B515000C008E18B44205D02178034819
:10C4880006F016F80134F7E7280070BDB4AD0020B7
:10C4980070B500248DB2CB0705D5084806F010F812
:10C4A800441EA04104B21026354205D0034806F0C8
:10C4B8000DF8002800D03443200070BDB4AD002032
:10C4C800002010B50C00824204D0034805F0E8FFB4
:0CC4D8002070012010BDC046B4AD002053
:10C4E400094B70B508330360084B04001B68150042
:10C4F400002B07D1064E3000FFF78CF929003000DD
:10C5040005F035FF200070BDBCB40110602C002084
:04C51400B4AD0020A2
:04C518000020704748
:04C51C000020704744
:0CC5200010B5002801D0FFF7F9FCFEE781
:04C52C000120704733
:06C5300010B5FFF7F5FF56
:04C536000120704729
:0AC53A0010B5002107F02DFF10BD21
:08C5440010B5FCF73DFA10BD33
:08C54C0010B5FCF743FA10BD25
:10C5540070B50400037803252B40012B07D0FFF7A7
:10C5640073FF22781540012D03D1FFF779FF0020D6
:10C574000BE0002D05D0D42204490548D200FFF772
:10C584008FFC022313432370012070BDC0B301103C
:04C59400D2B301100D
:10C5980010B50378032219001140022904D0064A75
:10C5A80006490748FFF77AFC9343012213430370B7
:10C5B800FFF754FF10BDC046A9060000C0B3011024
:04C5C800F0B30110BB
:10C5CC00F8B5040000203F2C19DC174EA500A85923
:10C5DC00431C14D1022C12DC2000FFF799FF002819
:10C5EC000CD12000FFF792FF002807D10F4F3B78AA
:10C5FC00BFF35B8F0E4CDB0702D520007051F8BDEA
:10C60C003800FFF7A1FF0028F7D0E12209495202B8
:10C61C002000FFF761FF3800FFF7B8FF2000064A43
:10C62C000649FFF77DFFE8E7500600205C1C002060
:10C63C00AC2500200CB501105803002049C4001093
:10C64C0070B50400FFF7BCFFA30000240B4A9C50FC
:10C65C00A04206D105F0D0FF09230360012040421F
:10C66C0070BD03685B69984705002000002DF7DA60
:10C67C0005F0C2FF6D420560F0E7C0465006002091
:08C68C0010B5FFF7DDFF10BD42
:10C6940070B50C001500FFF797FF002807D105F0CF
:10C6A400AFFF0923036001246442200070BD0368C6
:10C6B40021002A00DB689847041EF6DA05F0A0FF83
:06C6C40064420460EFE790
:10C6CA0070B50C001500FFF77CFF002807D105F0B4
:10C6DA0094FF0923036001246442200070BD0368AB
:10C6EA0021002A009B689847041EF6DA05F085FFA8
:06C6FA0064420460EFE75A
:10C7000010B5FFF763FF041E05D105F07BFF092379
:10C710000360200010BD0368DB699847041EF8DA47
:0CC7200005F070FF644204600024F2E7A2
:10C72C0030B585B0019009200C004023042202ADE5
:10C73C0001A968442B7007F00DFC2100280006F0BD
:10C74C00F1F9041E07D00198FFF7D4FF002802D09E
:0CC75C002000FFF7ECFE200005B030BD0F
:10C76800F0B585B006000F000292FFF753FC051ED6
:10C7780006D0002332002C492C480093FFF7C2FD55
:10C78800FFF743FC0028F4D0029B002B08DA05F0E1
:10C7980035FF1623036001246442200005B0F0BD74
:10C7A8003000FFF7A9FF041E2AD02C00204B9B5D08
:10C7B8000393029BAB4223DD7B5D0A2B1CD1039BB9
:10C7C8000D2B19D0AC420CDA30002A1B3919FFF7AF
:10C7D8005DFF0028DFDB2418A542DEDC144B039A3A
:10C7E8009A55012230001349FFF750FF0028D2DB89
:10C7F800D3D00D220E4B9A557B5D01350393D8E7B4
:10C80800029BA342C9DD30001A1B3919FFF73EFF0E
:10C818000028C0DB2418002CBFD03F19013F3A780C
:10C82800034B9A55B9E7C04627B401102F01018080
:08C83800BE2C002061B40110C8
:08C8400010B5FFF75DFF10BD0C
:10C848007FB504000D001600FFF7E4FB002806D0B2
:10C85800002322001E491F480093FFF753FDFFF7EE
:10C86800D4FB0028F4D0002E06DA05F0C7FE162304
:10C8780003600120404219E02000FFF73DFF002837
:10C888001FD00F266E44012231002000FFF719FF48
:10C898000028EEDB0AD033780F4A0D2B08D1115D42
:10C8A8000A290AD013550A2301202B7004B070BD41
:10C8B8000A2B04D1115D0D29F4D11355E1E7135565
:10C8C800F2E7320029002000FFF7FBFEEEE7C04642
:0CC8D80063B401102F0101807E2C0020B1
:10C8E40070B50C001500FFF76FFE002807D105F0A6
:10C8F40087FE0923036001246442200070BD03689D
:10C9040021002A001B699847041EF6DA05F078FE18
:06C9140064420460EFE73D
:08C91A0010B5FFF7E2FF10BDAC
:10C9240070B50D00FFF750FE041E06D105F068FE39
:10C93400092303600120404270BD0368DB69984706
:10C94400431E9841802243420548120203409B182B
:10C954006B60236820009B6A984728610020EBE7FE
:04C9640000A0FFFF31
:08C9680010B5FFF7DBFF10BD65
:10C9700013B50400074B724621001868FFF7F4F95D
:10C98000002806D103000090220003490348FFF766
:10C99000BDFC16BDC00700209FB401101F0101801F
:08C9A00010B5FFF7E5FF10BD23
:10C9A80010B5034B010072461868FFF7D9F910BD9E
:04C9B800C007002094
:08C9BC0010B5FFF7F3FF10BDF9
:10C9C40010B5034B010072461868FFF71FFA10BD3B
:04C9D400C007002078
:10C9D80010B5034B010072461868FFF715FA10BD31
:04C9E800C007002064
:0EC9EC0010B504000421FFF7F1FF200010BD7C
:08C9FA0010B5FFF7E2FF10BDCC
:10CA040070B50C4D04002800FCF70EF900F0AEF9E7
:10CA140000231900084A1068A04200D111600133B4
:10CA24000432402BF7D12800FCF7FEF800F0BAF9E5
:0CCA340070BDC046AC1C00205006002065
:10CA400070B50324114D2800FCF7F0F800F090F9C0
:10CA50000F4BA200995800290ED00134402CF8D178
:10CA600005F0D0FD182303602800FCF7DFF800F084
:10CA70009BF9413C200070BD012128004942D15062
:10CA8000FCF7D4F800F090F9F4E7C046AC1C0020A5
:04CA9000500600202C
:10CA940010B50400FFF7D2FF002807DB044A830027
:10CAA4009C500023034A1354034A135410BDC04638
:0CCAB400500600207E2C0020BE2C00202C
:10CAC000F8B506000F000025FFF7E4FF0400A842B8
:10CAD0000ADB3900FFF72AFE051E05D1064BA4002C
:10CAE000E258964202D1E0502800F8BD05F08AFDD8
:0CCAF00009230360F8E7C0465006002050
:10CAFC000EB4F0B586B00500FFF79CFF041E13DBE7
:10CB0C000023290004A80393FEF756FF04A8FEF7A0
:10CB1C00B0FFA600051E1D4F0CD105F06DFD1323B3
:10CB2C000360BD5101246442200006B0F0BC08BC77
:10CB3C0003B0184704A8FEF785FF0300009004A873
:10CB4C00002B0AD0FEF788FF0390039B104ABB51C1
:10CB5C00002313550F4A1355E6E7FEF766FF051E33
:10CB6C00DBD0036804A89B680193FEF751FF0B9B75
:10CB7C00020003A92800019DA847051EE5D005F079
:10CB8C003BFD009B6D420560BB51CBE7500600207E
:08CB9C007E2C0020BE2C0020BD
:10CBA40073B50E0018490500F6F7CAF8041E03D140
:10CBB400FFF70AFD200076BD28001449F6F7C0F8F7
:10CBC400002804D10130FFF7FFFC0124F2E728001C
:10CBD4000F49F6F7B5F8002804D10230FFF7F4FC4A
:10CBE4000224E7E72B78402B06D10422691C01A814
:10CBF40007F0B4F9019CDDE7064928003140FFF74E
:10CC04007BFF0400D6E7C0462CB5011033B50110F4
:08CC140024B50110FFFFFEFF33
:10CC1C0010B5041E04D190220C490D48FFF73CF9C5
:10CC2C004C220021043007F027FA0A4B23608023A2
:10CC3C009B05236180235B052363074B1B686360A3
:10CC4C0002232372054BE36010BDC04655B501109D
:10CC5C0062B5011004F1000000ED00E05860010025
:10CC6C0070B50500FEF7C2FD0400FEF7A6FD060038
:0ECC7C002000FEF7A2FD801BA842F9D370BD78
:10CC8C001FB500230193031D029310230400684673
:10CC9C0000910393FAF742F82060002804D1352262
:10CCAC0002490348FFF7F8F81FBDC04686B50110CE
:04CCBC0095B5011019
:10CCC00010B504000249FFF7E1FF200010BDC04687
:04CCD00099B5011001
:0ACCD40010B50068FAF73CF810BD37
:0ECCDE0010B504000068FAF786F8200010BDBB
:10CCEC0010B502AC2478002C01D102342243006828
:06CCFC00FAF754F810BD28
:0ECD020007B5009313000022FFF7EFFF0EBDF0
:08CD100010B5FFF7F6FF10BD9E
:10CD18001FB5002304000362994200D10B49231D6B
:10CD280002931C2368460393113B00910193FAF781
:10CD3800C5FE2060002808D1FFF7DEFA002804D1DC
:10CD48003D2203490348FFF7A9F81FBDB9B50110F3
:08CD5800E9B50110F3B501106B
:0ECD600010B504000021FFF7D7FF200010BD22
:10CD700037B50121040049420068FAF7B9FE051EE3
:10CD800003D1236A0133236237BDFFF7B9FA031ECB
:10CD9000FAD12A00024903480093FFF7B7FAC046C8
:08CDA00017B601101501028015
:10CDA800036A13B5013B03620068FAF7B3FE041E79
:10CDB80009D0FFF7A1FA031E05D10090220002490D
:10CDC8000248FFF79FFA13BD29B601101701028028
:0ECDD80010B504000068FAF7B3FE200010BD8D
:10CDE8007FB504000E00150000210822684607F0F0
:10CDF80045F9231D029310236A4631002800039346
:10CE0800FAF7BAFF2060002804D137220249034804
:10CE1800FFF744F87FBDC04653B6011061B6011054
:10CE280010B50400024AFFF7DBFF200010BDC04622
:04CE3800FFFF0000F8
:10CE3C0013B500680C00FAF7B3FF021E0ED00023E6
:10CE4C00C11C07D19C420BD0009306490023064815
:10CE5C00FFF756FA1800911CF6D116BD0120FCE71D
:0CCE6C002000FAE770B6011014010280EB
:0ACE780010B50068FAF7BCFF10BD0A
:0ECE820010B504000068FAF7EAFF200010BDAA
:10CE900010B5002808D0F9F7FFFD002804D0E322E0
:10CEA00002490348FEF7FEFF10BDC0469FB60110C1
:04CEB00033B7011083
:10CEB400F7B501930723089D04000F002E0000928C
:10CEC4001D4201D09E4308362000442200217830C0
:10CED40007F0D6F86A426A412300002120003C335F
:10CEE40061611C301A705970202207F0C9F8009B48
:10CEF4002363019BED180723AD1B9D43099BE5624A
:10CF0400002B01D1034B0993099BA6626763A361BC
:08CF1400F7BDC04642B7011051
:10CF1C0013B5049C0093019413000A000021FFF741
:04CF2C00C3FF13BD6F
:10CF300070B50500040054352800FFF719FF2000E4
:10CF400040306669FFF798FF002363613D34237822
:10CF5000002B05D000242800FFF726FF200070BD1D
:10CF600001232370002EF5D03000FBF7FDFB0400F9
:02CF7000F1E7E7
:10CF740010B504000E4B08330360FFF7D7FF2300FE
:10CF84003C331B78002B06D0A06A002801D0FFF7A1
:10CF940032FD0023A36220005430FFF71BFF200062
:10CFA4004030FFF76CFF201DF7F733FB200010BD66
:04CFB40060B7011051
:10CFB80010B50400FFF7DAFF2000BC21FFF708FDD9
:04CFC800200010BD78
:10CFCC0070B505000400543528000E00FFF7CAFEAA
:10CFDC006369002B04D123003D331B78002B05D053
:10CFEC002800FFF7DBFE0420404270BDA36A002B33
:10CFFC000AD000232449E26A92089A4218D9A06AFE
:10D00C009A0011500133F6E7E06A204B98420CD895
:10D01C00032398431E49FFF7CBFCA0620028E8D1FC
:10D02C002800FFF7BBFE0520DEE701204042F1E7B8
:10D03C00442363622300783331002362201DF9F707
:10D04C006BF82200210013481832FBF75DFB60617E
:10D05C00002814D123003C331B78002B06D0A06A87
:10D06C00002801D0FFF7C3FC0023A3622800FFF7C0
:10D07C0095FE20004030FFF7F9FE0320B4E72800AE
:10D08C00FFF78CFE0020B0E7A52E5AE2FBFFFF7FD6
:08D09C00E8C70110A5D0001047
:10D0A40010B504000430FBF7B5FD20005430FFF741
:10D0B4005DFE002363612300012220003D331A70CA
:08D0C4004030FFF7D7FE10BD5C
:04D0CC000020704789
:04D0D0000020704785
:06D0D4000120002170475D
:06D0DA00C1698069704786
:08D0E0000048704770B7011011
:10D0E800F0B5431C87B00593DB7F0500002B00D10A
:10D0F80043622E00243601213000FEF7F3FE0023A0
:10D108000490019301280AD12F1D3800FBF738FE3F
:10D118000190002806D030000499FEF7EFFE019830
:10D1280007B0F0BD29696A69AB69EC695B185441BD
:10D13800380002930394FBF71BFE04003800FBF74A
:10D1480013FE039B2418002B02D1029BA34206D98D
:10D1580001213000FEF7D2FE194B0193DFE72B695E
:10D16800380002936C69FBF7FFFD019BA34202D1D3
:10D17800029B9842ECD82C696B691C4304D1380097
:10D18800FBF7F2FD6C612861AC69EB691C4312D1B5
:10D198003800FBF7EDFD06003800FBF7E5FD27003A
:10D1A8003200230006002869696992197B41121A26
:10D1B8008B41AA61EB610123059AD377AFE7C0469B
:04D1C8005FF0FFFF16
:10D1CC00F0B50669476985B00400043000920193FC
:10D1DC00FBF7C8FD009A019B05000A980B991218E1
:10D1EC004B4102920393236820009B6B9847039B4F
:10D1FC008B4203D805D1029B834202D9002005B093
:10D20C00F0BD009A019BB6185F412A000023B61AA4
:10D21C009F4123682000196B009A019B88470200EC
:10D22C000B0030003900F3F751FB1A43E6D10A9A90
:10D23C000B9B02980399B6185F4101225242D317F7
:10D24C00801859410B0021680200096B20008847A7
:10D25C0002000B0030003900F3F738FB1A43504240
:06D26C005041C0B2CBE707
:10D27400F0B585B01F000391431CDB7F160004004A
:10D284000A9D0B9A002B02D10B4805B0F0BD036830
:10D2940001920095D96B32003B0088470028F3D0F7
:10D2A4002269636992197B4111002B000A00201D39
:0CD2B4000399FBF7A3FDE8E75FF0FFFF24
:10D2C000F0B585B01F000391431CDB7F16000400FE
:10D2D0000A9D0B9A002B02D10B4805B0F0BD0368E4
:10D2E00001920095196C32003B0088470028F3D06A
:10D2F0002269636992197B4111002B000A00201DED
:0CD300000399FBF799FDE8E75FF0FFFFE1
:10D30C00F7B51F00431CDB7F16000400089D099A2B
:10D31C00002B01D10A48FEBD036801920095596C9F
:10D32C0032003B0088470028F4D022696369B618A4
:10D33C005F41201D2A003100FBF702FEEBE7C046DF
:04D34C005FF0FFFF90
:10D35000421C0300002010B5D27F824202D0181D6B
:08D36000FBF7FEFC002110BDEB
:10D3680010B5431CDB7F002B03D00430FBF704FD12
:08D3780010BD01204042FBE75B
:10D3800070B51D00036814009B6A060098470200F0
:10D390000B0020002900F3F79FFA1A4301D0002068
:10D3A00070BD336830009B6A984702000B000498F8
:10D3B0000599F3F791FA1A43F1D1049A059BA41841
:10D3C0005D41336830009B6B984701238D4202D842
:0CD3D00002D1844200D90023D8B2E1E76A
:10D3DC0070B5451C0400E87F002801D1606270BD67
:10D3EC00200001212430FEF787FD0300002083423A
:0CD3FC00F5D1E877201DFBF7E1FCF0E71D
:10D4080010B50400034B08330360FFF7E3FF200067
:08D4180010BDC046ECB7011085
:10D4200010B50400FFF7F0FF20002821FFF7D4FA21
:04D43000200010BD0B
:10D43400421C0300002010B5D27F824203D0196938
:0AD44400181DFBF78FFC002110BD3E
:10D44E0003001100421C002010B5D27F824204D08E
:0ED45E001A69181D5118FBF780FC002110BD43
:10D46C0070B51D00036814005B6A06009847020043
:10D47C000B0020002900F3F729FA1A4301D00020F1
:10D48C0070BD336830005B6A984702000B0004984B
:10D49C000599F3F71BFA1A43F1D1049A059BA418CA
:10D4AC005D41336830009B6B984701238D4202D855
:0CD4BC0002D1844200D90023D8B2E1E77D
:10D4C8000C4B13B5083303600023441C436083608E
:10D4D800016143618261C361E3774362013101D035
:10D4E8009A4206D10093002303491A000348FEF725
:10D4F80009FF16BDECB7011079B701100101FF80D3
:10D5080010B50400044B0360044B04300360FEF7BD
:10D51800BBF9200010BDC04648B8011074B801100E
:10D5280008B4024B9C46043808BC604709D5001073
:10D5380010B50400FFF7E4FF20001421FFF748FAB4
:10D54800200010BD08B4024B9C46043808BC604754
:04D5580039D50010B1
:10D55C000368C26A1B6A10B50400981A40181900B7
:10D56C00F3F70CF8236B8B420AD9E36B4A09920050
:10D57C009B181F2211401E3A8A4019680A431A60F0
:04D58C00002010BDAE
:10D5900003001A680120013203D058680130434269
:04D5A0005841704737
:10D5A40010B50A68046803000020944208D05B6840
:10D5B40049688B4204D08C4202D0D01A431E984151
:02D5C40010BD98
:10D5C600030040799A790430DB798018C0187047D7
:10D5D600036810B59B6A0400002B02D1C06906F0EF
:10D5E6008CF92368DB6A002B02D1A06A06F085F964
:10D5F60023681B6B002B02D1E06B06F07EF910BD91
:10D60800F0B589B00393036805921B6A039A0D006D
:10D618000E9C109F0790934229D812223749384808
:10D62800FEF73CFC079B1E68059B002B23D01B685C
:10D638000493049A039B93421DD1059B5968A14208
:10D6480019D8B369CB189C4215D21E1BBE4200D90B
:10D658003E00059B611A9B680493591832000F9885
:10D6680006F07AFC0F9BA4199B190F93BF1B002F80
:10D67800D8D1380040E073692A680493039B934229
:10D688000DD169688C420AD3049BCB189C4206D200
:10D698001E1BBE4200D93E00AB68611ADDE72000C0
:10D6A8000499F2F76DFF73680693002917D1049B5C
:10D6B8009F4214D319003800F2F762FF7F1A300036
:10D6C800049122000F9B0399069E0097B0470028FB
:10D6D80012D10F9BE419DB190F93049FC7E7039B33
:10D6E800621A2B60049B300000930399AB68069E76
:10D6F8006A60B0470028BAD009B0F0BDABB80110D5
:04D70800B1B80110A3
:10D70C0030B50C00010085B0089D019300922300F8
:0ED71C00002214310295FFF771FF05B030BDF9
:10D72A0010B50C008269FF21A06806F0A6FC01234F
:06D73A005B42236010BDFC
:10D74000F8B58B6A04000D000160002B15D0C36191
:10D75000EB6A002B1DD0A362210028002031FFF7C7
:10D76000E4FF012325685B426361686AC30617D042
:10D770002D4A2E492E48FEF795FB486906F0B6F86B
:10D78000E0610028E4D12000FFF725FF0C20404293
:10D7900048E0A86906F0AAF8A0620028DCD1F2E708
:10D7A000002803D1234A21492348E4E72B6B002BAF
:10D7B0000BD0E363AF6969693800F2F7E5FE002931
:10D7C0000AD01E4A19491E48D5E7C00806F08EF84F
:10D7D000E0630028EED1D6E7EE6939003000F2F7B9
:10D7E000D3FE0D1E03D0174A10491748C3E7310076
:10D7F000012008394042F2F741FE0138F3F70AF8F8
:10D8000020231B1A9B009E4203D2104A074910484E
:10D81000B1E7012328005B426360A360E5602561F6
:10D820000234E587F8BDC04612080000ABB801100D
:10D83000CFB8011013080000EDB801101E08000059
:10D8400005B901101F08000034B9011022080000BA
:04D8500064B90110A6
:10D85400F8B5C7690D68083F0E000020BD4215D316
:10D8640039002800F2F708FE0138F3F77DF802309A
:10D8740080003900281AF2F7FFFD0400F3F774F86A
:0ED8840067438000281AC01B30602000F8BDEA
:10D89200F0B58DB01D00129B0691013B060009A94F
:10D8A200006807920993FFF7D4FF04002900149837
:10D8B200139B9847002813D1002C11D00127022373
:10D8C2002740DB1B05939B0002930AAB0193009058
:10D8D2002B003000079A0699FFF795FE002809D021
:10D8E2000DB0F0BD139B0A991498984703000120CC
:10D8F200002B09D1059B013B8342F3DC9B000AAA62
:0CD90200D558BB1EE418D1E71800E9E777
:10D91000F0B58BB006000691181E079207D10123BF
:10D92000119A5B421360129B18600BB0F0BD013876
:10D93000099009A93068FFF78DFF10A9050030682C
:10D94000FFF788FF0590059B079FAB4206D3119B0D
:10D95000109A1F60129B00201A60E6E7059BE81AE8
:10D96000F2F758FF04002800F2F772FF20231C1B77
:10D97000013C844200D904000423029307AB0193C5
:10D98000A300009300223B0030000699FFF73CFE05
:10D99000079B0028C9D1012B03D93268126A934230
:10D9A00005D98F2204490548D200FEF77BFA0123EE
:10D9B000A340ED1AC7E7C046ABB80110B0B90110DB
:10D9C000F0B514000200050001268BB01432E318F4
:10D9D000079105920693069BA34202D100200BB04B
:10D9E000F0BD172704ABFF18009400222800079B06
:10D9F000059902960197FFF707FE01340028EED142
:0CDA000032003900109802F06FFAE4E7E1
:10DA0C00F0B513688FB00893536806000993002390
:10DA1C000D00102703930593039B08AA9B009B58AA
:10DA2C000AAC049300222300300004990097FFF7FE
:10DA3C0067FE00280FD00300343307D1039B012B62
:10DA4C0006D10020059B834200D134380FB0F0BDC5
:10DA5C0001230393E0E7059B002B03D02368EA69BD
:10DA6C009B1AEBD463685B005A08262BE6D9336803
:10DA7C00DB699A42E2D801233A005B42210007A8F5
:10DA8C00079302F02BFA636807AA5B005B0800920D
:10DA9C0030003A000499103BFFF78CFF0028CAD1E4
:10DAAC00079B002BCAD10122049B08A96B60039B26
:10DABC009446013313409B005B58EF60AB602B0026
:10DACC001C3307CC07C32168196063460593B5E77F
:10DADC00F7B507000C001600E268216A10004B0035
:10DAEC005B080C30043B984216D80C21380000918E
:10DAFC00331D6168FFF704FE051E12D1E768300084
:10DB0C003760FFF75AFD3F18E7603000FFF755FD0F
:10DB1C00A3691818A06104E0002904DB0225326017
:10DB2C006D422800FEBD2200210038002432FFF790
:10DB3C0067FF051EF5D11023E360A3691433A361BD
:02DB4C00CAE726
:10DB4E00F0B5050093B004300E000024FFF719FD68
:10DB5E00A04209D10123280001AA07A9019402932A
:10DB6E00FFF74DFF041E0ED0200013B0F0BD3B7921
:10DB7E007F2B14D80822310005A806F0C4F900281E
:10DB8E000DD10124F0E710A8FFF7FBFC0028EBD124
:10DB9E00280010AA07A9FFF732FF002809D103AF0A
:10DBAE003A00280007A9FFF792FF0028DFD0831C58
:06DBBE00E9D00400D8E7E5
:10DBC400F7B51D00002306001400536201330191D0
:10DBD4009362270024373800FFF7D8FC002801D0CF
:10DBE40000200FE03A0021003000FFF70DFF00286D
:10DBF40008D12A0021003000FFF76EFF002802D070
:10DC0400831CE6D0FEBD70222B791340202BF0D16B
:10DC1400280001990830FFF7C3FC0028E9D101204E
:02DC2400F0E727
:10DC2600F7B5050004300E001400FFF7AEFC00281F
:10DC360001D00020FEBD01236A4600900193210019
:10DC46002800FFF7E0FE0028F4D12700243738002B
:10DC5600FFF79BFC0028ECD131003800FFF79FFC52
:0CDC6600002801D03A00EAE70120E3E7C3
:10DC7200F0B51D0016002C008BB0119B0690EB181E
:10DC820007910593059B9C4201D1012015E00123D8
:10DC92001727029304ABFF18002233000799069856
:10DCA20001970094FFF7AFFC002806D1109B3A7849
:0EDCB2005B1B1B5D01349A42E4D00BB0F0BD49
:10DCC000F7B50C0009680600170000254B1C0ED0A4
:10DCD00000686268836900938568A368A847051E89
:10DCE00005D1002F05D121003068FFF71EFD280067
:10DCF000FEBD336839009B6930000193A368226838
:10DD000000936368FFF7B5FF002803DBEBD13425F0
:08DD10006D42ECE70500EAE7B3
:10DD1800F0B587B00293036805921B6A029A050062
:10DD28000F000C9C934233D89C2240494048FEF790
:10DD3800B5F83B68029A9A4230D17868A0422DD84B
:10DD48002A6896698619B44228D20E9B361B9E42D1
:10DD580000D91E00BB68201A0D991818320006F069
:10DD6800FBF80D9BA4199B190D930E9B20009B1B80
:10DD780003932B689969F2F703FC002906D139004F
:10DD88002800059AFFF798FF002805D1039B0E93FA
:10DD98000E9B002BCDD1180007B0F0BD013303D086
:10DDA800B72222492348C2E72E682000B369190028
:10DDB8000393F2F7E5FB002930D10E9B039A9342B7
:10DDC8002CD311001800F2F7DBFB0E9B30005B1A16
:10DDD80000930493B36803919C46220066460D9B0A
:10DDE8000299B0470028D7D1059B002B06D1049A89
:10DDF8000D9B944663440D93A418C7E7049B280021
:10DE080001930D9B029A009305992300FFF72DFFBC
:10DE18000028C1DBEBD134204042BDE7029B611AE8
:10DE28003B600E9B79600393B0E7C046ABB8011026
:08DE3800B1B80110DBB90110C3
:10DE4000F0B50500140089B007931B680691029392
:10DE50004F4B5360436893608368D3604D4E029884
:10DE6000310006F07BFE029B31001F18380006F0DF
:10DE70007BFC0390012806D13B782E2B0DD1039B10
:10DE8000FB180293EAE7039B022B06D1022238001B
:10DE9000414906F03FF80028F1D0039BFB181E0013
:10DEA00002930123049330003A4906F057FE3618D6
:10DEB0003000384906F058FC0590002815D002289B
:10DEC0000DD102223000344906F024F8002806D192
:10DED000049B013B0493002B04D1B31CD1E7049BAA
:10DEE00001330493059BF618DDE73878002845D008
:10DEF000079B1F602379222B47D12600083632006A
:10DF000028000699FFF782FD002837D1220028005B
:10DF10000699FFF7E3FD002830D17F2223791340D3
:10DF2000112B01D0222BF1D1E379039A9342EDD149
:10DF300029002368627904339B18A27900979B1803
:10DF4000039A28000192069A14315268FFF791FE55
:10DF5000002813DBDAD02B0041331B78002B00D0D4
:10DF60007CE723797F2B00D878E731002800FFF782
:10DF7000EEFD002804D001DB0220404209B0F0BDD4
:10DF80007F2223791340237168E71420F5E7C04608
:0CDF900022080000F7B90110F9B90110D7
:10DF9C0070B5436886B04B60836802AE01928B60AB
:10DFAC00320001AB05000C00FFF744FF002814D130
:10DFBC003379222B13D12100280004AAFFF720FD6E
:10DFCC0000280AD163682361A36863610E23A361EF
:10DFDC000233E3602B6923602C6106B070BD142002
:04DFEC004042FAE7CE
:10DFF000020003691032002B03D08B4203D11B684F
:0CE000001360002070471A001B68F4E752
:10E00C00F0B5140084220D0007000021200087B019
:10E01C00520006F031F8AB690E2B0CD120001433F2
:10E02C0025492370083006F091FB0120AB690133C0
:10E03C00AB6107B0F0BD0F2B05D1200013331F4986
:10E04C0023700830EFE702AE320029003800FFF7EA
:10E05C003FFD002803D0831CEBD10020E9E77F2291
:10E06C0033791A40112A01D0222AECD15BB2002B51
:10E07C000ADA380004A9FFF764FD0028D9DBE2D1E5
:10E08C007F2233791340337133792370112B01D1F3
:10E09C00F36863602300029A717904325218B179E3
:10E0AC0038005218F179083300916968FFF728FBA2
:10E0BC000028BED10130BCE7FCB90110F9B9011040
:04E0CC0088697047A8
:10E0D0000A0010B510320C00FFF798FC002807D199
:10E0E000236963606369A3600E23A3610233E36065
:02E0F00010BD61
:10E0F200F8B507000C001500FFF7E9FF061E06D170
:10E10200A561226A53005B08AB4202D3E56030008E
:10E11200F8BDED1A002A09DA220021003800243263
:10E12200FFF773FC0028ECD00600F0E716267642D3
:02E13200EDE717
:04E13400086A7047BE
:10E138004B69CA691800920303D5086A984200D24D
:04E148001800704704
:10E14C00F0B595B005AE0391150003AB320009A9EB
:10E15C000700FFF76FFE041E18D184220100520045
:10E16C00280005F089FF33792B70112B01D1F3684E
:10E17C006B60391D07A8FFF70FFA2B00040008335A
:10E18C00002806D118000A4906F0E0FA200015B064
:10E19C00F0BD059A717904325218B17938005218D1
:10E1AC00F17900910A99FFF7ABFA0400EEE7C0464B
:04E1BC00F7B901109E
:10E1C00030B59BB00500FFF7BBFA041E2CD12B68BD
:10E1D000E8621B6A2863AB6301236863049004AAA6
:10E1E00028000FA90593FFF711FC041E21D120235D
:10E1F000102200932800109907ABFFF787FA041E3E
:10E2000017D1089B08226B60099B0D49AB600DA8D4
:10E21000039305F07FFE041E09D10C9B1A0C012A02
:10E220000BD19BB2012B08D820001BB030BD342489
:10E2300064422800FFF7CFF9F6E71624F8E7C04656
:04E24000FEB9011012
:0AE2440010B5FFF7C6F9002010BD69
:10E24E00F0B505009BB00430059106920024FFF74F
:10E25E0098F9A04215D1012309900A9309990698BD
:10E26E00059B9847041E0CD10A990698059B984762
:10E27E00041E06D1280009AA0FA9FFF7C0FB041E31
:10E28E0029D020001BB0F0BD0C232800009310995C
:10E29E000CABFFF734FA0BAF061E65D13800FFF753
:10E2AE008BF97022129B1818079312903B7913402A
:10E2BE00102B10D1FB68002B0DD02900069A00936D
:10E2CE000292059A28000192BB6832001431FFF7C2
:10E2DE00D9FA002846D1129A179B110007935B00BA
:10E2EE005B080C31043B9942CED9189B09A80993BF
:10E2FE00199B07930A93FFF744F90028AED08027A5
:10E30E00EE68BF02002EBCD08022F3695202134287
:10E31E0016D1F3693B4211D0336A002B0ED0069A08
:10E32E0029000292059A0093019232002800736A26
:10E33E002C321431FFF7A6FA002813D13668E1E724
:10E34E007369002BE5D0069A29000292059A009374
:10E35E0001923200280033692C321431FFF792FA01
:0CE36E000028D6D004008CE704008AE7E9
:10E37C00F8B504000E00236B606BA56B98421CD1A2
:10E38C00002D49D0E26A27689818396AF2F7F6F836
:10E39C007A6AE1621300AA4200D92B000021D2084C
:10E3AC006163E06B236305F067FE220020001C49CB
:10E3BC00FFF747FF0028DED025E01F210127014091
:10E3CC008F40421C013D6263A5634209E56B9200DC
:10E3DC0052593A42D0D1E36AC0182368196AF2F74D
:10E3EC00CDF831600121276B636BBB4212D01F2625
:10E3FC00180030400E00864030005A0992005259E5
:10E40C001040324200D1F8BD01336363A36B013B72
:10E41C00A363E9E70020F6E71C204042F3E7C0467F
:04E42C005DD50010AA
:10E4300073B50C0004310600FFF7A0FF051E1ED1C6
:10E44000210030000831FFF799FF051E17D1042382
:10E45000009323000200616830001C33FFF756F977
:10E46000002802D0030034330BD1E3690133E361A8
:10E4700014232362153B6362A3621133E360280017
:06E4800076BD0500FBE77C
:10E48600F0B504000E0089B0200007A9FFF773FF5E
:10E49600051E08D120680799C3689847051E43D012
:10E4A60003003433F0D0280009B0F0BD2300143344
:10E4B600059301231322029302ABD2180192320074
:10E4C6002000736A059900972C32FFF79AF8002806
:10E4D60012D10123210002AA029312339B18019341
:10E4E6002000079B059A00972031FFF712FC0028B1
:10E4F60004D003003433C7D00500D4E70137B36A2C
:10E50600BB42D3D82368A16A9A69706B05F025FDD2
:10E516002100236A2068F362636A20313363FFF7C0
:0CE5260001F9079B7362BEE70700E8E7FD
:10E53400F0B591B0089303230792CA6906000D0051
:10E544001340012B00D13BE1530314D4EB691A05AA
:10E5540018D42F6A089AD74200D534E19B0317D503
:10E56400089B0493049AEB69002A23D1974A089CD8
:10E574001340EB6103E000F035F9041EE6D02000FF
:10E5840011B0F0BD6A69296A8A42E2D92A62E0E7D9
:10E594006B699F42E4D92B6200230FAA13702900F0
:10E5A40030000133FFF7C4FF041EE8DB2B6A9F42EF
:10E5B400F2D8D5E72A002C32069280229202134226
:10E5C4001FD03368AA6ADB699A424ED13700336898
:10E5D40014371B6AB3636B6A0D932B6A0E93300076
:10E5E4000FA9FFF7C9FE041E1DD10F99012903D9F4
:10E5F4003068036A994221D9754A76497648FDF70D
:10E604004FFC2B6A002BE1D02A0028320292013BF6
:10E61400043A0192009330006B692A690699FFF766
:10E6240075F9041E05D08023EA691B031343EB61CB
:10E63400A5E706993068FFF776F8C7E7C3689847F7
:10E64400041E06D023003433EDD101235B42336230
:10E65400C5E70E9B3068002B28D10F9A6A62AB6223
:10E664008023EA699B021343EB613368DF69AB6A79
:10E67400FF1A049B9F4200D91F003200079B300001
:10E684000193AB6A0699009302976B6A1432FFF701
:10E6940041FB041E00D183E003003433C3D12900BD
:10E6A4003000FFF7EEFE041EE7D0BCE7013B0EA9E5
:10E6B4000E93FFF7CDF832680E9BD26901330E93A7
:10E6C4000594934248D10130F2F7C0F803000133B6
:10E6D4000B9009930594059B3A009B000A9304232D
:10E6E40002930DAB01930A9B3000009306990F9B94
:10E6F400FFF710FB041EA5D10B9B059A934230D162
:10E704000D9B012B3CD8354A3249354877E7012324
:10E7140008AA029312339B18059A019300923900B8
:10E72400002230000D9BFEF76DFF041E00D07AE737
:10E73400012308AA029312339B180193059B3A0004
:10E74400009330000F9B0699FFF7E4FA041E00D0F3
:10E7540078E7059B013305930E9B059A9A42D6D31D
:10E764007BE7042302930DAB01930A9B0200009301
:10E77400390030000D9BFEF745FF041EC0D052E760
:10E784003268126A9342BED8059B01330593059AF9
:10E79400099B93429FD80F9B6B62099B9B005EE78A
:10E7A4002B6ADB192B62AB6ADB19AB62079BDB19A3
:10E7B4000793049BDB1B049333681B6AB363D1E6A2
:10E7C40009246442DBE61B24FBE7C046FFFFF7FF96
:10E7D4008C040000ABB8011007BA0110D304000088
:04E7E400B0B90110B7
:10E7E800F0B5CB6905000C0093B05A0305D501229A
:10E7F8005242CA622D4A1340CB61E36900209B0351
:10E808002CD501002C2204A8276A05F037FC2369BF
:10E818002A00089363690C970993012314320B9318
:10E828000FAB43CA43C301262B00764214336E61F3
:10E838000193236A6269934212D321002800019A46
:10E848002C31FFF739FA002822D00300343305D1E0
:10E8580021002800FFF713FE0028EED013B0F0BD0A
:10E8680002AA01232800073204A900F023F800288F
:10E87800F4DB02AA0123210028000732FFF756FE25
:10E888000028EBDB6B690133D3D00F966E61D0E7BC
:10E89800636A074A2361236A27626361E3691A404E
:10E8A80080235B021343E361D8E7C046FFFFFBFF09
:04E8B800FFFFFDFF62
:10E8BC00F0B51D00032387B00592CA6906000C0051
:10E8CC001340022B55D0930306D4236A62690020AF
:10E8DC00934206D307B0F0BDFFF780FF0028F4D0B9
:10E8EC00F8E7D31A0493AB4200D90495049F002F88
:10E8FC0001D10498EEE78022E369D202134204D0DE
:10E90C003368A26ADB699A4214D1230021002833B0
:10E91C000293043B0193236A3000009322696369DC
:10E92C002C31FEF7EFFF0028D4D18023E269DB0203
:10E93C001343E3613268A36AD569ED1ABD4200D96D
:10E94C003D002100059A0093019230000022636A79
:10E95C0002952C31FEF752FE0028BBD1236A7F1B97
:10E96C005B192362A36A5B19A362059B5B19059370
:08E97C00BDE709204042ADE7B0
:10E9840070B50D0014001E00FFF72CFF00280DD1F8
:10E99400002E07D02B6A012E01D1E41802E0022ECA
:10E9A40005D01C00002C04DB20002C6270BD6B69B8
:08E9B400F3E716204042F9E7E9
:10E9BC000323F0B51600CA6905000C0087B013409C
:10E9CC00012B46D0FFF7B2FB0300B0421DD921004A
:10E9DC002800FFF703FF002815D105AB0293230095
:10E9EC002100103305900193280063692269009679
:10E9FC002C31FEF787FF002805D18023E2695B02EA
:10EA0C0013436661E36107B0F0BD0020B342FAD254
:10EA1C00276ABB4207D00200022321002800FFF71F
:10EA2C00ABFF0028EFDB236AB34209D300233A0083
:10EA3C0021002800FFF7A0FF0028E4DD0020E2E71A
:10EA4C00002305AA1370210028000133FFF76CFD89
:08EA5C00E7E709204042D6E77C
:10EA64000300F0B5012740331F70031DA9B0040053
:10EA740018000193FEF78AFD06000020864236D175
:10EA840007AD2C223100280005F0FAFA8023282251
:10EA94001B06310012A82B6205F0F2FA1C9737000E
:10EAA40023681B6A9F4202D3342040421FE01BA804
:10EAB400FEF76CFD002800D06BE020001BAA12A911
:10EAC400FEF7A2FF002812D12B6A002B3CDB019831
:10EAD400FEF75CFD00280CD01B9B01936B621C9B12
:10EAE400AB62002329001A00200000F054F829B07A
:10EAF400F0BD200003AB1DAA10A9FFF761F80028A0
:10EB0400F5DBE9D0059A1099069B11988A4201D148
:10EB1400984219D0824201D1994215D06A62DFE746
:10EB2400702202AB9B181B787F2B0DD920001FA9E4
:10EB3400FFF70BF80028DADB1BD0310020001DAAF8
:10EB440000F064FA0028D2D112AE310020001DAAD0
:10EB5400FEF7C2FF0028E3D0831CC8D12B0007CEE8
:10EB640007C307CE07C307CE07C3013706CE06C3C4
:10EB740096E770227F2102AB9B181B780B4002A9F9
:10EB84008A181370310003001DAA200000F046F912
:06EB9400D8E70020ABE70A
:10EB9A00F0B59FB00B93CB698C680133CB610B1D29
:10EBAA00099313000600089248680B9A0D004C60FE
:10EBBA0088601101C91899420FD100230D940E9053
:10EBCA000A9330686968C3689847041E0DD0230009
:10EBDA00343300D1F1E02000FEE0DF682A6AD2195E
:10EBEA005F681033D21B2A62E5E72F0001231C3726
:10EBFA005B42102239000FA80F9301F070F933001D
:10EC0A0020330693102322000293009430006B688D
:10EC1A0006990197FFF77BF8041ED8D110230790B5
:10EC2A00049305932BE0079B0B9A934200DB9EE02B
:10EC3A001F01089B059ADF193B68934200D096E0B2
:10EC4A00FA68B9680FA801F04AF9FB680022029332
:10EC5A00BB6830000193049B069900936B68FFF729
:10EC6A0056F8041EB3D17A68059B94466344049A05
:10EC7A000593FB68D3180493079B013307932B6A08
:10EC8A00049A5B005B08043B9342CCD804230293AA
:10EC9A000FAB01930092300000226B680699FFF7D0
:10ECAA0036F8041E93D101235B4202000699300014
:10ECBA007361FFF700F8041E89D130680369984729
:10ECCA00041E00D083E701235B4213932B6A13AF20
:10ECDA005B005B08020069683000043B0097FEF79E
:10ECEA006AFE041E00D076E7139B0F9A934264D102
:10ECFA000A9B002B2BD0341D2000FEF744FC002871
:10ED0A0000D075E03A0030000FAB0DA9FEF755FFB1
:10ED1A00002861DB00D16BE06B6839001193AB68A6
:10ED2A00300012930FAA002300F075F8002853D17F
:10ED3A0021000DA8FEF731FC002803D16B6873602F
:10ED4A00AB68B3603000FFF788FE002844D134690D
:10ED5A00002C00D13FE70999201DFEF71EFC002870
:10ED6A0003D16B686360AB68A3602468F0E7012392
:10ED7A0013AF009330003B00059A0E99FEF7C1FCD1
:10ED8A00041E00D027E7012239000FA801F0A7F8D6
:10ED9A0001230293049B2200009330006B680699BA
:10EDAA000197FEF7B4FF041E00D010E7059B01335C
:10EDBA000593049B0133049361E701235B423362A9
:10EDCA00002313A913930DA801331493FEF7E5FB4F
:10EDDA00002803D1342040421FB0F0BD3000099909
:10EDEA00FFF7C7FA01230A93002800D1E9E6F3E7FF
:10EDFA003A0030000DA9FEF711FF0028ECDBA6D07F
:10EE0A006B6839007B62AB683000BB6200231A0072
:06EE1A00FFF7BEFE99E7C0
:10EE200070B515000C2610CD88B00094A419019679
:10EE3000029503960494D2790693059207925A1E7E
:0EEE400093416A460133FFF7A8FE08B070BD8B
:10EE5000F0B593B006000D00FFF7C6FC041E3ED1CE
:10EE60009023EA691B03134080225202934236D159
:10EE70002F1D3800FEF78CFB002830D13A003000FF
:10EE800007A9FEF7C3FD041E29D101000C2204A826
:10EE900005F0F8F8EB68300003930C23EA68009360
:10EEA000089904ABFEF732FC03AF041E17D13B797F
:10EEB000112B04D00B4A0C490C48FCF7F3FF2B69CB
:10EEC0003A00BB606B6907A9FB6003003000FFF7E5
:10EED000A7FF041E03D1EA69054B1340EB61200034
:10EEE00013B0F0BD13060000ABB8011036BA011024
:04EEF000FFFFFEFF23
:10EEF40070B505000C00FFF7A9FF2A000600EB68B7
:10EF04000C32002B03D0A34210D123681360A369F1
:10EF1400002B02D01B68002B06D12B685B6B002BE7
:10EF240002D1606B04F0EAFC300070BD1A001B686B
:02EF3400E7E70D
:10EF3600F0B506000C0097B0009201930098FEF71A
:10EF46003FFB3368256ADB692818984217D8009B6F
:10EF5600043D20C30D930C2300220E93019B0C92BB
:10EF66001193009B10920B950F95DB79210012935C
:10EF760002230BAA3000FFF70DFE17B0F0BD002DDF
:10EF860039DB0BAD2B00220083CA83C383CA83C33C
:10EF960083CA83C303CA03C321003000FFF745FABF
:10EFA6000028EAD16B6A009A6362AB6A0490A36296
:10EFB600236A0890043B08C205920C220393079328
:10EFC600019B06920993009B2100DB7930000A938E
:10EFD60003AA0223FFF7DEFD0028CED180232A6A8A
:10EFE6001B0613432B62636802006B62A368290049
:10EFF600AB620300BEE72200210030002432FEF798
:08F0060002FD00289AD0B8E7D2
:10F01000F0B50C00070091B010001500FEF7D3FA10
:10F02000236A14305B005B0883421ED13800211D27
:10F0300005AAFEF7F8FD0190002813DB0D9B002BBD
:10F0400013DA216A304A38000A4313400D93636A89
:10F0500005A90E93A36A01930F9300231A00FFF7EB
:10F060009CFD0190019811B0F0BD2B68280005931C
:10F07000FEF7A9FA002306900793089321003800B1
:10F08000013305AAFFF789FD01900028EAD1231D6D
:10F09000FE680393002E1AD13E690434002EE1D09D
:10F0A0002100301DFEF77EFA00280ED1F7682B688C
:10F0B0009F420AD92800FEF786FA3F1AF760280017
:10F0C000FEF781FAB369181AB0613668E6E703996A
:10F0D000301DFEF767FA002809D1F3680293029AFF
:10F0E0002B689A4205D101235B427360B360366896
:10F0F000D0E7029A9A42FAD92800FEF764FA029BF6
:0CF10000181AF060F3E7C046FFFFFF7F25
:10F10C00F0B5A5B00500FEF715FB041E7BD12B68EE
:10F11C0001005A6AE86BD20804F0AEFF2A68EC6270
:10F12C00136A526A9A4200D91A002A6300222800F4
:10F13C006A63AB630EA9FFF775F9041E60D1280052
:10F14C0019A9FFF76FF9041E5AD10300020019A97F
:10F15C002800FFF71CFD041E52D1102205922B4AE9
:10F16C0005AB9A80082229689871C869096A1B9EA8
:10F17C001A9F0A912649AE6009900B916F60254940
:10F18C000CA8DA710896079704F0E4FE34231022D9
:10F19C001693143B189601920293049328001F3B7C
:10F1AC0006AE01AA0EA917970396FFF7F0FC1023E1
:10F1BC00002804D00200343202D0040020E00124E4
:10F1CC000193202328000293049301AA1F3B0EA94C
:10F1DC000396FFF7DCFC002804D003003433ECD199
:10F1EC00002CEAD000232800019301AA01330EA9B8
:10F1FC000293FEF705FC041E02D12B681B6AAB635D
:10F20C002800FEF7E2F9200025B0F0BD2E14000016
:08F21C000100010053BA0110CA
:10F22400030070B59CB0019140331B780500002B9E
:10F234003FD002AE3200280001AB06A9FEF7FEFD66
:10F244000400831C3CD12F21019805F019FA0028F1
:10F2540033D12B6828001B6A11A9AB63FFF7E6F8CA
:10F26400041E2AD10F9B02001A93109B11A900932C
:10F274001B9303002800FFF78EFC041E1DD1019C84
:10F28400124BB0712000B38005F0EEFB129A139B71
:10F29400F071B260F3600F921093320023002800E3
:10F2A40006A9FFF746FE041E07D12B681B6AAB6351
:10F2B40003E0FFF7D5FB041EBBD020001CB070BDDB
:10F2C4000028FAD111246442F7E7C046220800005E
:10F2D400F0B595B0009303230392009A06000C0046
:10F2E4001340012B11D105AF3A00300003AB09A93B
:10F2F400FEF7A4FD051E14D13B79222B00D18BE02F
:10F30400009B9B052FD5112566E0030040331B7835
:10F31400002BE8D1FFF7A4FB051EE4D0280015B0AC
:10F32400F0BD831CFAD1039B2F211800019305F033
:10F33400A7F902900028F1D1009BDB05EED5374BED
:10F34400B8710198BB8005F08FFB01235B42BB6061
:10F35400029BF871FB603A003000019B09A9FFF79A
:10F36400E8FD051EDAD1009A1A9BE2610022A3612E
:10F374000A9B226263600B9B009AA360059BE36077
:10F38400079B01932361089B636152050FD40123FA
:10F394005B42E3621A9B002B16D01B68002B13D030
:10F3A40063630323E2691340012B24D02EE0002B76
:10F3B40004D08023009A5B021343E36101235B4280
:10F3C400236100236361E2E733685A6B002A07D0A4
:10F3D400F368002B02D00C256D429FE76263E0E7DF
:10F3E4000322E1690A40012A0AD1586904F07CFA2F
:10F3F40060630028EFD0F36800252360F4608DE794
:10F40400986904F071FA60630028E4D02100306840
:10F414002C31FEF788F9EEE71525DDE71108000029
:0CF4240013B500240094FFF753FF16BD41
:10F43000030010B59CB0019140331B780400002BF1
:10F4400009D0200001AB02AA06A9FEF7F9FC0028AA
:10F4500006D01CB010BDFFF705FB0028F1D0F8E77F
:10F460006B461B7B222B17D0200002AA06A9FFF7B0
:10F47000CFFD0028EDD16B461B7B222BE9D120006C
:10F4800006AA12A9FEF7CFFB0028E2DB11D10F4A32
:10F490000F491048FCF706FD200004AA11A9FEF749
:10F4A000B5FA0028D5D1199B142BDDD02720404276
:10F4B000CFE71A9B20000F931B9B06A90093109384
:10F4C00000231A00FFF769FBC3E7C046710700007D
:08F4D000ABB801105CBA011099
:10F4D8000300F0B5B3B00391029240331B780400E7
:10F4E800002B44D0039B05AF04933A00200004ABE3
:10F4F80011A9FEF7A1FC00283DD180233A795B428F
:10F5080013433B713A00030011A92000FFF784FC64
:10F51800002830D109AE3200200002AB1CA9FEF74A
:10F528008BFC051E29D0831C25D12F21029805F0BC
:10F53800A5F803002800002B1DD10DAF3B0007CE16
:10F5480007C30EAB06AA43CA43C37F223B79029E78
:10F55800134030003B7105F085FAF871AB1C20D1DF
:10F5680033003A0020001CA9FFF7E1FC1FE0FFF779
:10F5780075FA0028B6D033B0F0BD7F213B793279D7
:10F588000B409A424AD1222AD7D120000BAA27A998
:10F59800FEF738FA0028EED12F9B142BCDD0272068
:10F5A8003DE033003A0020001CA9FFF735FC002895
:10F5B800E1D12700012341373B70200003AB05AAA6
:10F5C80011A9FEF739FC0028D5D10600387005AA24
:10F5D800200011A9FFF718FD0028CCD1AB1CCAD018
:10F5E80009AB1B79222BC6D120001CAA28A9FEF73B
:10F5F80016FB0028BFDB05D1FB220A490A48D200C6
:10F60800FCF74CFC309B32002593319B2000019382
:10F6180026931CA93300FFF7BCFAACE7152040423B
:0CF62800A9E7C046ABB801105CBA0110A5
:10F63400002807DC0300163304DA0300343301D155
:06F644008A2040427047DD
:10F64A00F7B50024170005681E00C0690A002300E8
:10F65A002100F1F75CF93A00230012184B4108988F
:10F66A0029680090019428004C693100A047FEBD2A
:10F67A00F7B50024170005681E00C0690A002300B8
:10F68A002100F1F744F93A00230012184B41089877
:10F69A0029680090019428008C693100A047FEBDBA
:10F6AA00030073B50024DE691D68320023000800D8
:10F6BA002100F1F72CF90B00296800960194020049
:08F6CA00C9692800884776BDDC
:0CF6D20010B5006803681B69984710BD64
:0AF6DE000368013303600020704749
:10F6E800F7B507000400A43738000D00FDF73CFB10
:10F6F8002300903300931D602B6828009B6898476F
:10F70800061E06D00023009A13603800FDF748FB58
:10F7180056E0010023002000583324226C30019366
:10F7280004F0ACFC274BA565E365274B280023664E
:10F73800264B6366264BA3662B685B6A98472300B3
:10F74800E06694331B68984200D2E3662B68280071
:10F758009B6A98472300206798331B68984200D219
:10F7680023672B682800DB6A9847230060679C336F
:10F778001B68984200D263672B6828009B6B9847E8
:10F788000023626FF1F7A4F81F23A0671F30984386
:10F798002300E067A0331B68984200D9E367200084
:10F7A80001991430FEF708FD061EAED00023009A1A
:10F7B80038001360FDF7F4FA3000FFF737FF060052
:10F7C8003000FEBD4BF600107BF60010ABF60010C3
:04F7D800D3F6001054
:10F7DC00F8B5050007002E000024A4373800903639
:10F7EC00FDF7C0FA3368A34213D028001430FEF79B
:10F7FC0023FD041E02D0FFF717FF040030680368D6
:10F80C00DB689847002802D0002C00D104000023AC
:0CF81C0033603800FDF7C2FA2000F8BD90
:10F8280070B505000400A43528000E00FDF79CFA09
:10F83800200031001430FFF7F7FD04002800FDF721
:0AF84800AFFA2000FFF7F2FE70BDDA
:10F85200F8B507000400A43738000D001600FDF7C4
:10F8620086FA2000320029001430FFF734FE04002B
:0EF872003800FDF798FA2000FFF7DBFEF8BD26
:10F8800070B505000400A43528000E00FDF770FADD
:10F89000200031001430FFF7C5FC04002800FDF7FC
:0AF8A00083FA2000FFF7C6FE70BDDA
:10F8AC00F0B506000500A436C5B0300014000F00FA
:10F8BC00FDF758FA2800390002AA1430FEF740FC74
:10F8CC0005003000FDF76AFA039B0193236102AB3C
:10F8DC001B78112B0DD0223B5A1E9341064A5B42DA
:10F8EC001340064A9B1828006360FFF79DFE45B045
:10F8FC00F0BD034BF7E7C04601BEFFFFFF41000020
:04F90C00FF81000077
:10F91000F7B506001400370028220021200004F06B
:10F92000B1FB0023A43738000193FDF721FA300022
:10F930000D49143001AAFEF78AFC05003800FDF7D6
:10F9400033FA002D0DD1736F019A23606360B36F9A
:10F95000E560A3609B1A2361A361FF236561E561F4
:0CF9600063622800FEBDC046DFF6001008
:10F96C00F0B5070085B03E0038201C0002920191D2
:10F97C00FCF7F8FFA43605003000FDF7F3F903227D
:10F98C0020001437BC461040144236D00021012808
:10F99C0035D0022802D00800002200E008008023A5
:10F9AC0067105B001F4003978027A310BF003B40EC
:10F9BC00039F3B438027FF0027401F4380232402E3
:10F9CC001B0123403B4303430B4313432900604675
:10F9DC00029AFFF721FD04003000FDF7DFF9002C3F
:10F9EC0006D1019B1D602000FFF71EFE05B0F0BD87
:10F9FC0038212800FCF7EAFFF5E70121CCE70220CB
:02FA0C00CAE747
:10FA0E0070B506000400A43630000D00FDF7A9F90C
:10FA1E00200029001430FFF766FA04003000FDF7CD
:10FA2E00BCF9002D03D038212800FCF7CEFF2000B2
:06FA3E00FFF7F9FD70BDA9
:10FA4400F7B507000400A437380015001E00019123
:10FA5400FDF78CF9200033002A0001991430FEF7D9
:10FA64002BFF04003800FDF79DF92000FFF7E0FDAF
:02FA7400FEBDD5
:10FA7600F7B507000400A437380015001E000191F1
:10FA8600FDF773F9200033002A0001991430FEF7C0
:10FA96004EFD04003800FDF784F92000FFF7C7FD8E
:02FAA600FEBDA3
:10FAA80070B505000400A43528000E00FDF75CF9C8
:10FAB800200031001430FFF7C7F904002800FDF7D3
:0AFAC8006FF92000FFF7B2FD70BDDA
:10FAD200F7B507000400A437380015001E00019195
:10FAE200FDF745F9200033002A0001991430FEF792
:10FAF20048FF04003800FDF756F92000FFF799FD92
:02FB0200FEBD46
:10FB040070B505000400A43528000E00FDF72EF999
:10FB1400200031001430FEF70BFB04002800FDF731
:0AFB240041F92000FFF784FD70BDD9
:10FB2E0070B505000400A43528000E00FDF719F984
:10FB3E00200031001430FEF7F8FA04002800FDF71B
:0AFB4E002CF92000FFF76FFD70BDD9
:10FB5800F8B507000400A43738000D001600FDF7BB
:10FB680003F92000320029001430FEF723FF0400B7
:0EFB78003800FDF715F92000FFF758FDF8BD25
:10FB8600F7B504002C2027000E000192FCF7EDFECD
:10FB9600A43705003800FDF7E8F820002900019A8F
:10FBA6001430FEF7F8F904003800FDF7FAF8002CD7
:10FBB60004D135602000FFF73AFDFEBD2C21280058
:06FBC600FCF707FFF6E763
:10FBCC0070B506000400A43630000D00FDF7CAF82D
:10FBDC00200029001430FEF705FA04003000FDF770
:10FBEC00DDF8002D03D02C212800FCF7EFFE2000BF
:06FBFC00FFF71AFD70BDC9
:10FC0200F0B507000400A437C3B038000E00150099
:10FC1200FDF7ADF820006A4631001430FEF7F5F921
:10FC220004003800FDF7BFF8012C0FD16B461A789B
:10FC32000523112A03D00023222A00D103332A00EC
:10FC4200FF322800537002A904F085FD2000FFF75F
:06FC5200F0FC43B0F0BD20
:10FC5800F8B507000400A43738000D001600FDF7BA
:10FC680083F82000320029001430FEF73EFA3800ED
:06FC7800FDF796F8F8BD4F
:10FC7E0070B505000400A43528000E00FDF771F8DC
:10FC8E00200031001430FEF71AFA04002800FDF7A8
:0AFC9E0084F82000FFF7C7FC70BDDA
:10FCA80070B506000400A43630000D00FDF75CF8BE
:10FCB800200029001430FEF707FA3000FDF770F82D
:02FCC80070BD0D
:10FCCC0010B50400074B0360074B4360FFF780FD42
:10FCDC002000A430FDF77AF82000FDF70FFC20007F
:0CFCEC0010BDC04668BA0110E8BA011053
:10FCF80008B4024B9C46043808BC6047CDFC001091
:10FD080010B50400FFF7DEFF2000C821FCF760FEF5
:04FD1800200010BDFA
:10FD1C0008B4024B9C46043808BC604709FD00102F
:10FD2C0070B5040015001E0000F084FB2000134B7E
:10FD3C0044222360124B00216360143004F09CF9C0
:10FD4C00200038220021583004F096F923000022BC
:10FD5C00200090331A60049A5E609A60059AA43071
:10FD6C00DA60069A1A61FCF7F5FF002D03D0290022
:10FD7C002000FFF7B3FC200070BDC04668BA01102C
:04FD8C00E8BA0110C0
:10FD9000F0B51D000368A3B09B6804000F001600B7
:10FDA000984700283CD10100242208A804F06AF9F1
:10FDB000234B20000493234B03940593224B06937B
:10FDC000224B079323685B6A984787422AD808909A
:10FDD000236820009B6A9847864225D809902368AB
:10FDE0002000DB6A9847854220D80A9023682000CB
:10FDF0009B6B98470A9B1A0001930023F0F76CFD58
:10FE00001F230B901F309843289B834210D30C90E4
:10FE100003A911A8FFF77AF900280CD0FFF70AFC14
:10FE200023B0F0BD0897D3E70996D8E70A95DDE738
:10FE3000289B0C93ECE723682000DB689847EFE7EA
:10FE40004BF600107BF60010ABF60010D3F6001056
:10FE5000F7B506000500A43630000F00FCF788FF58
:10FE60002B0090331B68002B0CD0002F00D11F00FB
:10FE70002B6828009B6A9847041E0CD03000FCF7C2
:10FE800093FF06E0002F06D130001324FCF78CFF0F
:10FE900064422000FEBD2B00A0331B682A000093A3
:10FEA00029002B0098329C33943138001B6812686B
:10FEB0000968FFF76DFF041EE0D12B6839002800A8
:08FEC0005B6A98470400D9E7D2
:10FEC80010B51F2201244308002B06D0190040005A
:0EFED80021400843013A5B08F6E7904010BD58
:10FEE800F8B515000E001F2201270400006843081A
:10FEF800002B06D01900400039400843013A5B083E
:10FF0800F6E79040FFF7DCFF721931000F260B4D22
:10FF180020608A4210D00B7801311F0047403740DB
:10FF2800BF007F59000947401B097B4033409B00B5
:10FF380058593F097840ECE72060F8BD34A8011013
:10FF4800436870B504000D00002B09D10B6801004F
:10FF5800DB6D280008319847002800D1656070BD26
:06FF680016204042FBE7F9
:10FF6E0010B504004068002806D00368A1681B6E17
:0EFF7E0098470023636010BD16204042FBE749
:10FF8C00054B10B50833036043680400002B01D007
:0CFF9C00FFF7E7FF200010BD20BB0110A4
:10FFA80010B50400FFF7EEFF20000C21FCF710FD50
:04FFB800200010BD58
:10FFBC00030040680A0010B5002804D14B22044904
:10FFCC000448FBF769FF01688C6E9968A04710BD67
:08FFDC0014BB01101CBB011055
:10FFE4000300406810B5002804D151220449054893
:0CFFF400FBF756FF02689968D26E904738
:020000041001E9
:0C00000010BDC04614BB01101CBB011059
:10000C000300406810B5002804D157220449054864
:10001C00FBF742FF02689968126F904710BDC0460B
:08002C0014BB01101CBB011004
:100034000300406810B5002804D15D220449054836
:10004400FBF72EFF02689968526F904710BDC046B7
:0800540014BB01101CBB0110DC
:10005C00436870B504000D00002B04D144220849FC
:10006C000848FBF719FF022228000021FF3204F098
:10007C0003F860682A000368A1685B6E984770BD3E
:08008C0014BB01101CBB0110A4
:10009400034B083303600023436083607047C0460A
:0400A40020BB01106C
:1000A80070B50D0041680400002909D129680E6B5C
:1000B800010028000831B047002800D1656070BDF4
:0600C80016204042FBE798
:1000CE0010B504004068002806D00368A1685B6B79
:0E00DE0098470023636010BD16204042FBE7E8
:1000EC00054B10B50833036043680400002B01D0A6
:0C00FC00FFF7E7FF200010BD80BB0110E3
:1001080010B50400FFF7EEFF20000C21FCF760FC9F
:04011800200010BDF6
:10011C0070B5040040681300002804D1442205493E
:10012C000548FBF7B9FE0268956B0A00A168A84761
:0C013C0070BDC04670BB011079BB011003
:1001480070B5040040681300002804D14A2205490C
:100158000548FBF7A3FE0268D56B0A00A168A8470B
:0C01680070BDC04670BB011079BB0110D7
:100174000300406810B5002804D150220449054802
:10018400FBF78EFE02689968126C904710BDC0465A
:0801940070BB011079BB0110E2
:10019C000300406810B5002804D1562204490548D4
:1001AC00FBF77AFE02689968526C904710BDC04606
:0801BC0070BB011079BB0110BA
:1001C40070B5040040681300002804D15C2205497E
:1001D4000548FBF765FE0268956C0A00A168A8470C
:0C01E40070BDC04670BB011079BB01105B
:1001F0000300406810B5002804D162220449054874
:10020000FBF750FE02689968D26C904710BDC0465B
:0802100070BB011079BB011065
:100218000300406810B5002804D168220449054845
:10022800FBF73CFE02689968126D904710BDC04606
:0802380070BB011079BB01103D
:100240000300406810B5002804D16E220449054817
:10025000FBF728FE02689968526D904710BDC046B2
:0802600070BB011079BB011015
:10026800030040680A0010B5002804D1742204492C
:100278000448FBF713FE01688C6D9968A04710BD10
:0802880070BB011079BB0110ED
:10029000034B083303600023436083607047C0460C
:0402A00080BB01100E
:0602A400582040427047A3
:0602AA005820404270479D
:0602B00058204042704797
:0402B600002070476D
:0E02BA0010B5036800229C6C0123A04710BD04
:0E02C800036810B59C6C00231A00A04710BDFF
:1002D600F8B503680400DB6C0D0098472368060038
:1002E60029009F6C002202232000B84723680700DC
:1002F6009B6C32009C462900002320006446A047E0
:040306003800F8BD06
:06030A005820404270473C
:02031000704734
:040312000020704710
:0C03160010B5036800229B6E984710BDD4
:100322000368F7B5DB6E04000D00984701900220C8
:10033200FF30FCF71CFB23680600290020001B6F1E
:100342009847002723683200290020005B6E9847F7
:10035200002801DD0137F5E72368290020009B6EA4
:10036200019A984702213000FF31FCF734FB380034
:02037200FEBDCE
:1003740010B50400024B0360FFF7B6FE200010BD69
:04038400DCBB0110CD
:1003880010B50400FFF7F2FF20000C21FCF720FB5A
:04039800200010BD74
:10039C00F7B506000C201F000D000192FCF7E2FAE5
:1003AC000400FFF76FFF094B3100236020003B0076
:1003BC00019AFFF773FE061E05D0236820005B68C8
:1003CC0098473000FEBD2C60FBE7C046DCBB01103B
:1003DC0010B50400024B0360FFF7D2FD200010BDE6
:0403EC0030BC011010
:1003F00010B50400FFF7F2FF20000C21FCF7ECFA27
:04040000200010BD0B
:10040400F8B505000C200E001700FCF7AFFA040045
:10041400FFF73EFE084B29003A0020002360FFF757
:1004240091FD051E05D0236820005B6898472800CD
:0C043400F8BD3460FBE7C04630BC01108E
:1004400010B50400054B012208C0FBF7FBF9044B73
:1004500020002360034B636010BDC046BCAE01109A
:080460005CBC0110DCBC0110C2
:1004680070B50400FFF72FFE0500236820005B68C5
:060478009847280070BD4A
:10047E0070B50400FFF774FD0500236820005B686B
:06048E009847280070BD34
:10049400F7B50025684600950195F8F773FCA84266
:1004A40044D12348234C24182348241A21006846A5
:1004B400F8F758FC0500601E2900EFF7DDFF461C25
:1004C4006846F8F753FC04006846F8F753FC070045
:1004D4006E43E4196846A41B6D00F8F773FC290009
:1004E4002000F0F739F9002907D02000E1172A008D
:1004F400EB17F0F7EFF968430400104F3B78BFF3B4
:100504005B8F0F4DDB0711D43800FCF721F800286E
:100514000CD0220031002800FCF7D4FF3800FCF78F
:1005240039F82800074A0849FBF7FEFF2800FEBDFA
:10053400F4D601108C110020C0000020601C0020A3
:0C054400B01100205803002009D4001062
:020550007047F2
:0405520001207047CD
:10055800054B064A1A608022054B5202DA64802253
:100568009205DA647047C046900011509314010058
:0405780000201150FE
:02057C007047C6
:100580008022024B92021A607047C04690201150A0
:100590008022024B92021A607047C0469030115080
:0405A00081607047BF
:1005A4008022024B5201DA647047C0460020115089
:0805B4000048704780BE0110F1
:0405BC004020704724
:1005C000D03003790160591E8B4192055B03920D77
:1005D0001A438023DB001A43034BDA6703795A423C
:0C05E000534103717047C04608001050E2
:1005EC000322054B9A668022044B1201191D083315
:1005FC00CA67DA677047C0460000115000001050FF
:10060C00F0B57F270F400400CE111648791EC900A3
:10061C000D18002E01D014480D18E8200001844656
:10062C00E16800205118614519D20C2179438642AA
:10063C0016D01031002061180871E0680B4E9B0633
:10064C00861981308E60FF30094903430B432B60C0
:10065C003F2301203F329A43E3689A18E260F0BDD1
:10066C00D031E7E70C0010500800105080011050FA
:04067C00000002A0D8
:020680007047C1
:100684007F231940044BC900C9188023CA6F1B017A
:0C0694001343CB677047C04608001050AD
:1006A0007F231940034BC900C918CB6F024A13407E
:0C06B000CB67704708001050FFF7FFFFF9
:1006BC0030B57F242140733C4C4300190400D034E6
:1006CC002260D43002789B051400651EAC419B0D52
:1006DC00640323438024E4002343044CC900091918
:1006EC004B6053425A410270012030BD80001050C3
:1006FC00C82110B504004900FCF768F9200010BDB2
:10070C0010B5054A0021054803F0B6FC8022044BC5
:10071C005202DA6410BDC046F80F000008001050F9
:04072C000030115038
:10073000080010B5082A00D90822024903F010FC6D
:0807400010BDC046000010507E
:10074800094B10B5DA6F002413040AD50300D0331F
:1007580018689205940D002803D02200996803F0C8
:0C076800FBFB200010BDC0460800105034
:1007740070B504001500002902D0806903F0EEFB77
:10078400FFE7FFE7FFE7FFE7FFE7FFE7227D531EF1
:100794009A41842352032A431B021A43034BDA6708
:1007A400237D5A425341237570BDC0460400105046
:1007B4007F230D4A1940CB009B185B6810B50024B9
:1007C4001A040ED59C050C23594341180B00D03351
:1007D4001868A40D002804D0D8312200096803F059
:0C07E400BDFB200010BDC046800010507E
:1007F000F8B57F24060017001D000C40002A07D022
:100800000C236343C3182A003900986903F0A8FB3E
:10081000FFE7FFE7FFE7FFE7FFE7FFE70C206043A5
:100820003018027D10341300591E8B4184215B0364
:100830002B4309020B430449E400635053425A41DD
:0C08400002750120F8BDC04600001050F9
:10084C00036810B59B6998472022034BDA67BFF306
:0C085C004F8FBFF36F8F10BD04E100E070
:100868002022074B10B5DA67BFF34F8FBFF36F8FA6
:10087800044B1B6858680368DB6A984710BDC0467C
:0808880004E100E0D81D00208E
:100890000023202210B58360134B41601860134B76
:1008A000DA67BFF34F8FBFF36F8F8023104A5B046B
:1008B0001360104A10481360190082689143FBD1FD
:1008C00080220E48520103F0DDFB09220C4B5A67CF
:1008D00003329A670B3A1A640A4B0B4A9B685A65B3
:1008E00020220A4B1A6010BDD81D002004E100E050
:1008F00000E0004000F0004000C000400000105048
:100900000000115000ED00E06908011000E100E076
:10091000F0B5040085B080224A4E520133684A4D3A
:10092000134218D00026494A310049482E6003F08E
:10093000A9FB80231B03E6602B6501F0ADFB60681B
:1009400003689B689847C0212022424B49005A50B7
:100950001A6005B0F0BD802233685202134210D0F5
:10096000210001223C4BD4312275A3610A70220080
:100970006068D83213600368DB68984780239B0265
:100980002B653368DB0621D433689B0353D433686B
:100990001B0408D58022314B60685201DA64036879
:1009A0000021DB69984733685B0406D51023606833
:1009B0002B6503680121DB69984710223368934354
:1009C000C1D03368029301230393A4E7AB6D019375
:1009D0000123019A1A420AD06068AB6503685B691B
:1009E0009847A368002B02D02B600023A36002234A
:1009F000019A1A4204D06068AB6503681B69984786
:100A000002270123BB40019A1A420AD00E4A6068AD
:100A10009365012203687910174206D05B6AC9B258
:100A200098470137202FECD1AEE780225242114384
:100A30009B6AC9B2F4E76068A96C03681B6A9847AF
:100A4000A5E7C0469800115000001150F80F0000B3
:100A50000800105000E100E000011050002011508B
:100A600070B50E4D01232A78BFF35B8F16000C4C36
:100A70001E401A4210D12800FBF76CFD00280BD055
:100A8000084B2800083323606660FBF785FD2000D3
:100A9000054A0649FBF74AFD200070BD541C0020A2
:100AA0008C1E002004BE01105803002051050110C7
:100AB000F8B50C00164E050031002000FAF7A4FC32
:100AC000C0B2FF2804D10E2212491348FBF7EAF9FD
:100AD000124F3B78002B03D100F0BAF901233B7091
:100AE00031002000FAF7A4FC1F212870200000F03C
:100AF0004FFB00222000110000F06AFB00212000C3
:100B000000F012FCF02C02D10222054B1A60F8BD55
:100B1000E4BC0110F7BE011006BF0110072D002034
:040B200000E00440AD
:100B24000B4A037811681B034B40E021C9010B40B9
:100B340008490B600421084B1960130080225200FD
:100B440019681142FCD05868000180B27047C04651
:0C0B540000C0044000D0044000E0044059
:040B600000207047BA
:040B640000207047B6
:100B6800F0231B0670B5CD1809050C0D00290AD114
:100B7800FBF75AFA80212800490100F009F8FBF731
:100B880069FA200070BD01204042FBE70000000028
:100B980001B40248844601BC604700BF250100201B
:100BA800002010B5984201D1002010BD0C5C1454EF
:040BB8000130F7E72A
:100BC000F8B51700F02212068C182600FF221640F6
:100BD00014420FD11D0A13405A1E9341ED18FBF722
:100BE00027FA200039002A0200F00AF8FBF736FA4B
:100BF0003000F8BD01204042FBE70000000000008B
:100C000001B40248844601BC604700BFD101002006
:060C100080208003704704
:060C160080204001704740
:060C1C008020400070473B
:060C220080204005704730
:040C2800FF207047F2
:100C2C000B0010B50121082B03D0043B594259414C
:100C3C004900034B034A80001B688058984710BD3D
:080C4C00002A00208829002085
:100C54000023C25E01239340D0221206002901D052
:080C6400536170479361FCE746
:100C6C00D0231B060021425E5B680120D340184054
:020C7C007047BF
:100C7E0010B501804B1C02D0080000F05CFB10BDCB
:100C90000023C05E10B5431C04D131220749084827
:100CA000FBF700F98A1E013953425A414B42594120
:100CB000D2B2C9B200F08CFA10BDC04674BF0110A8
:040CC0007FBF0110E1
:100CC4000023C25E10B5531C04D10A490A483932C4
:100CD400FBF7E6F88170012904D1D02391401B066B
:100CE400596210BD0029FCD101239340D022120681
:0C0CF4009362F6E774BF01107FBF01108F
:100D000070B54C1C12D08CB21D2C04D95F2208493E
:100D10000848FBF7C7F8084C8D002B51074C818120
:100D200022600D2243600270002070BD0800FCE7C5
:100D300074BF011097BF011088290020002A0020ED
:100D4000010010B501220C23C05E8968014B00F040
:080D5000A3FA10BD2D0C0110E7
:100D5800082310B5012903D002394B424B419B00AF
:100D6800002A09D00C21425E044C9200115983607C
:100D780019431151FFF7E0FF10BDC046042A0020B7
:100D880070B504000C23C05E064D8300595900223B
:100D980000F05CFA00220C21635E9B005A51A260AD
:080DA80070BDC046042A0020C2
:100DB00010B50400FFF7E8FF00232370A3816360F0
:020DC00010BD64
:100DC40010B501F0D3F90122014B1A6010BDC046E1
:040DD400B42A00201D
:100DD800024BC918890001607047C04640000034C2
:100DE80010B5040000F0ACFE01002000FFF7F0FF92
:0A0DF800FF232371BFF35F8F10BDCE
:100E020010B5040000F09FFE01002000FFF7E3FF91
:0A0E1200FF23A380BFF35F8F10BD24
:020E1C0070471D
:100E2000074942684B6A10B5046800209A4206D808
:100E3000896A0130A14202D2D01A431E984110BDE6
:040E40000040054029
:0C0E44000260436000487047210E01105E
:100E50000123084A08491360084A136018008A6889
:100E60009043FBD1064A136080235B00116819424E
:100E7000FCD0704700E0004000C0004000F000409F
:040E800000C004406A
:100E8400EFF3108072B6034A1368002BFCD0BFF353
:080E94005F8F70472C0100D0B4
:100E9C00BFF35F8F0022024B1A6080F310887047FB
:040EAC002C0100D045
:100EB0000722CB08C35C0120114088401840431E24
:060EC0009841C0B270472A
:100EC600F8B505000C001700FFF7D9FF2100060052
:100ED6002800FFF7EAFF002803D02100380001F0C0
:100EE600B2F907210123E2080C40A340A95C3000B7
:0A0EF6000B43AB54FFF7CFFFF8BD2C
:100F000070B505000C00FFF7BDFF210006002800AA
:100F1000FFF7CEFF002805D13321084B084A0948C6
:100F200001F00EF907210122E0080C40A2402B5CE1
:100F300093432B543000FFF7B1FF70BDB6BF0110D3
:080F400033C00110D5BF011000
:100F4800F0B585B01D000A9B0700009103929D42F1
:100F580005D22D21314B324A324801F0EDF80C24EC
:100F68002B0E02932D02002328000A9A0299EFF70C
:100F7800AFFC7C432C4B0600E4186368834200D224
:100F880060603B1FDBB20193C023019A9B0123439E
:100F9800012A34D8009A012A31D102321A60009B02
:100FA800A2681A42FCD0039A236852015A40802151
:100FB800E02349011A40019B21430A60012B0BD809
:100FC8002368009A5340032213400B600123009AC0
:100FD8009340A2681342FCD0802380229B012343C4
:100FE80012011A6028003200002302996660EFF7A8
:100FF8006FFC0E4BBF00D851012005B0F0BD802218
:1010080012011A60094BBA00D1580029CBD058698F
:10101800EFF730FA01300138FDD1C4E742C00110C2
:10102800B3C0011053C00110008000400027002009
:1010380073B50C2000F07AFF01F03AF800280AD0C6
:1010480000232B4A2B489900013388500A2BFAD1E8
:10105800294B536273BD294CA06700F06FFF012232
:10106800274B1A60636C012BFCD10322254B1A60B5
:10107800A66B012EFCD10224310000940623224ADB
:10108800224800F0D3FC310000940523204A21486F
:1010980000F0CCFC204B214D2100009300220420BD
:1010A800FFF74EFF2B003100002200950520FFF7C7
:1010B80047FF00220F4C1100230000940720FFF780
:1010C8003FFF00222300110000940820FFF738FF9B
:1010D8000022094B1100009309202300FFF730FF7D
:1010E80000222B00110000950620FFF729FFB1E729
:1010F80000270020006CDC021BB7000000800040C5
:101108003CB0004030B00040002F685900800240D9
:1011180000389C1C00C00240001BB70040597307F0
:0C112800014B8000C058704700270020D9
:1011380030B5002489B009222100050001A80094D7
:1011480002F09CFF0922210005A8049402F096FFF2
:101158006A464B236846137004A90D2200F00CF868
:1011680004AB1B195B792B550134082CF8D109B055
:1011780030BD00000000000001B40248844601BCF4
:08118800604700BF7D0200205A
:10119000084B8200D218402310B51468C000634089
:1011A000C02423408024640122431360024BC018F2
:0C11B000416010BD04C00140004001403F
:1011BC00034BC000C0181F23406818407047C0463E
:0411CC00004001409E
:1011D000094B8000C0184B1E9941531E9A41C9000B
:1011E000036892001143594080230C225B01114097
:0C11F000184301607047C04604C0014075
:1011FC00064BC000C018036809045940C0239B0269
:10120C00194080235B011843016070470440014082
:10121C00064BC000C018036809035940C0239B014A
:10122C00194080235B011843016070470440014062
:10123C000722C308104080008140024A3C339B00C7
:08124C00995070470040014079
:10125400F8B5D0231B061C680500631E9C41302092
:101264000B4B644204402800E4180F001600FFF7FB
:10127400E3FF07232B40ED089B00AD0065199F4059
:101284008024002E00D1C024A40125432F60F8BD82
:0412940000410140D4
:1012980010B51C00FFF7DAFFD0231B061A68064BAF
:1012A80092000D200549D45000F050FA01210D207C
:1012B80000F03CFA10BDC046E4250020C912011018
:1012C800F8B5D0231B061C680025631E9C413023FB
:1012D8000F2664421C40104BE4180722EB08083321
:1012E8009B001B592A409200D3401F0037403342CD
:1012F8000ED039002800FFF79DFFD0231B061B687E
:10130800064A9B009B58002B02D0390028009847BA
:1013180001351E2DE1D1F8BD00410140E425002032
:10132800054B8000C01840228023002900D1C0232B
:0C1338009B0118430260704704C0014094
:101344000123D022834010B51206936205219361D4
:06135400FFF71CFF10BDB5
:10135A00F0B5002487B00592012206002500039308
:10136A000CAB1B780094019303680492DC66596005
:10137A00DA66039B9C4204DB2000019B337107B0B1
:10138A00F0BD0020039B013B0293844200D13079D7
:10139A00029B00218002A34202D10499019B594079
:1013AA002F000025059B32681B5D490203430B434E
:1013BA0013610D9B002B04D00E9898470700054334
:1013CA00EDB2002F1BD1102133685A6B0A42F0D0BC
:1013DA001A1DD26F0092002A16D05B6D049D0D9BD8
:1013EA00002B05D00E9898470543EDB2002822D16C
:1013FA008021336889005A6B0A42F0D01B6E002D97
:10140A0017D13D000134B4E7002DE8D1029BA34275
:10141A00F8D1019B002BF5D11D00E0E7009B002BC2
:10142A0004D0DB0702D4009B1B07A5D40224644224
:0A143A00A2E7002FF2D00124F9E729
:10144400F0B5002485B00292019301220AAB060094
:101454001F7803682000DC6603925960DA66019BFA
:101464009C4203DB2000377105B0F0BD019B32685C
:101474005D1E536F102BFCD000218C4200D13179BA
:1014840000238902A54201D1039B7B405B020B43ED
:10149400802149000B43136133681A1DD26F5D6DBF
:1014A4006B1E9D410B9BEDB2002B03D00C9898470B
:1014B4000543EDB2002D08D133689A6F002AEBD0B2
:1014C4001B69029A13550134C9E7441EA041841EC6
:0214D400C8E767
:1014D800034A0823824200D0DB18024A136070478F
:0814E8005407002000E0004061
:1014F000F0B585B0039005200C00FFF715FE050040
:10150000600821004019EEF7B9FF032747430600A2
:1015100005213800EEF7B2FF331A01900320029341
:10152000214B68439C420FD82049EEF7A7FF431C8C
:101530000093019B009A023B934207D25F211C4B10
:101540001C4A1D4800F0FCFD1C49EEE7039B0120EE
:101550001C680023E36622680433534006221340CC
:101560008022520122431360029BE361019B2362AC
:101570004F2F03D950213800EEF780FF2300A0330E
:101580001860E06F009B2200434098B280237C32B9
:101590005B0113431860012331002800E366EEF776
:1015A0006DFF05B0F0BDC0463F420F008096980029
:1015B000F6C001106EC1011014C1011040787D0108
:1015C0000E4A082370B5904200D0DB180C4A0D4C2F
:1015D00013600D4A13601D00A26895432A1EFAD1BC
:1015E00066240368FF3405710332DD661C60DD6329
:1015F0009D6388331A60FFF77BFF70BD540700209E
:0C16000000E0004000C0004000F000408E
:10160C00F0B58BB01D0010AB1B7806AE07001400B4
:10161C0005933000129A139B0491FFF70DFC059B68
:10162C000190009322002B00380004990296FFF7DA
:06163C008EFE0BB0F0BDB4
:10164200F0B58BB01D0010AB1B7806AE070014007E
:1016520005933000129A139B0491FFF7F2FB059B4E
:101662000190009322002B00380004990296FFF7A4
:06167200E8FE0BB0F0BD24
:10167800074B10309B688000C150BFF35F8FBFF3EA
:101688005F8F0021034B196082F310887047C046B2
:0816980000ED00E0240100D088
:1016A000038810B5DA0A1C2A05D09921044B054A93
:1016B000054800F045FD5B051B150433C01810BD3F
:0C16C0007FC10110D3C2011094C10110C1
:1016CC000439081A430810B5000B05D08B21044BC4
:1016DC00044A054800F02EFD0448184380B210BDA2
:1016EC00EEC10110B0C2011094C1011000E0FFFF67
:1016FC0001228240034B1B681340581E8341D8B211
:08170C007047C04600E100E057
:10171400002904D0034B1860034B18607047034B37
:10172400FBE7C04680E200E000E100E080E100E089
:0E1734000123834010B51800FFF7EAFF10BD37
:10174400024B10309B688000C058704700ED00E0E9
:1017540070B504000D00EFF3108672B60C4A1368DE
:10176400002BFCD0BFF35F8F2000FFF7E9FF094B8C
:10177400984207D0A84205D06E21074B074A084873
:1017840000F0DCFC320029002000FFF773FF70BD7D
:10179400240100D0CD010010FEC1011096C2011039
:0417A40094C10110DB
:1017A800F0B5060085B00F00EFF31083029372B610
:1017B8004E4A1368002BFCD0BFF35F8F34004C4BAC
:1017C80010349B68A200D3580193019A494B9A425E
:1017D80067D0BA4200D181E0474D531B2F2B60D808
:1017E8003000FFF787FF002103903000FFF79EFFCE
:1017F800BFF35F8FEEF727FD002808D0844206D09C
:101808001E213E4B3E4AFF313E4800F095FC012325
:101818000C21019C3C4A9C4323005B1B5B415A43BF
:10182800120D8C4600230625A1686557B9420ED1D2
:10183800002D14DA002841D1002B3CD0FF219971EA
:1018480032499980324B19781A70A17125E0002D20
:1018580046DB63465D43284923004C19E3E70C2027
:101868006843254F3B189A68A260DA79E27106222C
:101878009A56A2719B797F2B1AD80430C019FFF7AA
:101888000BFF0100201DFFF71DFF0C236B43FF1802
:101898001F4BA0801A781D70BA7130000399FFF7AA
:1018A80045FF3000029A0199FFF7E2FE05B0F0BD4E
:1018B800BD200002E9E70F4B0193C3E7154B1B1B43
:1018C800083B5A081B0B03D09321134B134A9BE781
:1018D800134BA380134B1343E380DEE70193E0E748
:1018E800A921114B064A49008EE7C046240100D0C1
:1018F80000ED00E0CD0100105C07002034C20110AB
:10190800E2C2011094C10110AAAA000000BDFFFFA5
:10191800052D002096070020EEC10110BCC2011061
:0C19280000F0FFFF00F8FFFF58C20110A4
:10193400F8B50126294C06430500331B2F2B04D987
:101944007821274B274AFF3107E0EEF77EFC002879
:1019540006D1BD21244B234A4900244800F0EEFB64
:10196400EFF3108772B6224B9C461A68002AFCD00B
:10197400BFF35F8F1F4B2A00121B524153431B0DB1
:101984001D4A800092685BB2125811000022B142D5
:101994000FD1194A194992681150194A11781370D4
:1019A400A971BFF35F8F00236246136087F3108829
:1019B400F8BD06216156994208D10C214A430749D2
:1019C4008A18FF2191710F499180E6E701320C34A6
:1019D400042AEED18C210C4B024AB4E75C070020A8
:1019E4005EC20110F5C2011086C2011094C101103B
:1019F400240100D0AAAA000000ED00E0CD010010EF
:0C1A0400052D002000BDFFFF90C2011066
:101A1000054B064A1360064A136053609360D36017
:101A200013615361936170478080808000E400E01F
:041A300004E400E0EA
:101A3400F7B504000C2017001D000E00EEF71CFD86
:101A44002E49019041433800EEF716FD0200982319
:101A5400103A5B009A4205D91621294B294A2A4893
:101A640000F06CFB6B1E062B03D8089B013B062B76
:101A740003D91921254B234AF1E7089B9D4203D240
:101A84001F21234B1F4AEAE7019B3A099A4203D2DA
:101A94002221204B1B4AE2E7089B2D041F032368E5
:101AA4002F43002B0ADA3F2223681340B34205D1A7
:101AB400A3681B051B0D834200D1E368164B9C42AF
:101AC40019D080235B01154A15491360154A136028
:101AD4001D008A689543FBD1C023221D9B0113433B
:101AE40021222660A0601A602268002AFCDA0822FB
:101AF400E7601A60F7BD80239B01E4E740420F00D2
:101B04000FC3011000C401102BC3011085C30110C1
:101B1400CEC30110E5C3011000C0024000E0004044
:081B240000C0004000F0004089
:101B2C000021044B044ABFF35F8F02C39342FAD1E6
:0C1B3C007047C046000100D0800100D0BE
:101B4800044A1078431CDBB2172B01D81370704776
:081B58001023FBE7A4070020A5
:101B6000F7B5EFF305823F231A40100001921038B9
:101B7000EFF3108772B6184B1A68002AFCD0BFF337
:101B80005F8F012634008440144D154B6C631B7825
:101B90001A00C24094466146002231420AD0114EDA
:101BA000696A8500AE59B1420FD30F4A0C49A3436D
:101BB000AA580B70BFF35F8F002307490B6087F3B0
:101BC00010889A4200D09047F7BD019B07499B00BF
:101BD0005B1819681960EDE7280100D00040054046
:101BE0000C2D0020642C0020EC250020D03F054067
:101BF00010B50100024A0348FFF765F910BDC04661
:081C000009C40110002D0020B1
:101C080010B501000148FFF777F910BD002D00203D
:101C1800034B596A0A00986A596A8A42FAD170478E
:041C28000040054033
:101C2C00054B5A6A8A42FCD38A4202D19A6A824292
:0C1C3C0000D370475A6AF7E700400540EB
:101C480070B504000D00FFF7E3FF02000B00200051
:101C58002900801859418B4204D801D1824201D809
:101C6800002905DA3F21044B044A054800F064FACC
:101C7800FFF7D8FF70BDC0462BC4011027C501105F
:041C880046C401103D
:101C8C00F7B504000D00EFF3108772B61C4B1A6801
:101C9C00002AFCD0BFF35F8FA3001A4E0193002DD6
:101CAC001BD02000FFF748FD86420BD031002000EE
:101CBC00FFF74AFD01212000FFF736FD0123A34069
:101CCC00114A1360114B019A9D50BFF35F8F002393
:101CDC000B4A136087F31088F7BD0C4BA2009D5084
:101CEC000122A2400A4920000B7893430B7031006B
:101CFC00FFF754FD29002000FFF716FDE5E7C0466D
:101D0C00280100D0611B011038600540EC25002033
:041D1C000C2D00206A
:101D2000F0B587B01E0007000492FFF775FF049B13
:101D3000350003938E4202D850D183424ED9EFF33F
:101D40001083059372B6264B1A68002AFCD0BFF3A5
:101D50005F8F0124BC40234B04991B7801932343DC
:101D6000DBB20293029A1F4B1A701F4B3A1D92006E
:101D70005C63D1501D49BA0056501A6A1E002242B7
:101D800013D11B6C23420AD00020BFF35F8F0023C6
:101D9000134A1360059B83F3108807B0F0BDC1217F
:101DA000134B144A144800F0CBF9FFF735FF8D426E
:101DB000EAD802D1039B8342E6D8029B019A012014
:101DC0009342E2D01F2302003B409A400B4B346207
:101DD00074631A60034B019A1A70D6E70120DCE79E
:101DE000280100D00C2D002000400540642C00206C
:101DF000A8C401103CC50110C9C4011080E200E074
:101E000010B5EFF3108472B60A490B68002BFCD0B2
:101E1000BFF35F8F01238340074A084813620278AB
:101E20009A430270BFF35F8F00230B6084F3108826
:101E300010BDC046280100D0004005400C2D0020F8
:101E4000054B984204D08023DB03044A136070479B
:101E500080231B04F9E7C0460080034000E00040F7
:101E600070B5060006200C00FFF75EF92100C000E7
:101E7000EEF704FB0124C50907D00E4B9D4215D88F
:101E80007F23184000192C0045088020002374622D
:101E90008001B5622C36064333600620FFF744F913
:101EA000A10149198000EEF7E9FA70BD0025024C46
:0C1EB000EBE7C046FEFF0000FFFF000053
:101EBC0070B5040006200D00FFF730F9002825D07E
:101ECC00144B9C4223D08023DB03134A1349136029
:101EDC00134A136018008A689043FBD12900200034
:101EEC00FFF7B8FF6023E26A210053406E221340D3
:101EFC0080222C3152010A4313600A4B10222363B7
:101F0C0080239B010B431A600323A36470BD8023C1
:101F1C001B04DAE70080034000E0004000C00040F2
:081F2C0000F000400103000079
:101F34008023024A9B000343D3627047008005401C
:101F4400AA22064B12011A602F220549DA60054ABB
:101F540011605A68002AFCDA7047C046004002400B
:081F640000B0FA000060024029
:101F6C00142310B50100188804331B88984710BD42
:101F7C0070B50400012689004518AC4201D130002F
:101F8C0070BD2068FFF7ECFF01C4431E984140422E
:041F9C000640F2E722
:101FA0008022094B5202196D1142FCD009225A6756
:101FB000064B053ADA67064B1A68064BDA67064B9A
:101FC0001A68064B1A647047000011500430115013
:101FD0009827002000400140542C002000C0014000
:101FE00010B51020FFF7EAF8082802D11D4800F0CC
:101FF0002DF91D4B0F20DA6F1C4B1A601C4B1A6C0D
:102000001C4B1A6001221100FFF7E2F802210F2099
:10201000FFF704F9184B03211A68082353401F22C5
:102020001340164A0F201360FFF7E8F80222144B02
:10203000DA67144B9218DA67134B08325A671B6D34
:102040001B079B0F012B05D07B21104B104A114819
:1020500000F076F8FA2000218000FFF7F5FDFFF789
:102060009FFF10BD56C50110004001409827002079
:1020700000C00140542C00207C4001407C500140B5
:1020800000201150042011500000115078C501109B
:082090001EC6011090C50110ED
:1020980010B500F015F8012807D1032203490B6D8C
:1020A8009B081342FBD0FFF797FF10BD00001150AB
:1020B800024B18688007C00F7047C04600C0064032
:1020C8008023DB0518680B49030B020510B59BB28A
:1020D800120D8A4205D02221074B084A084800F011
:1020E8002BF8022B03D02321064B044AF6E7000FF6
:1020F80010BDC046270900003CC60110CEC601101D
:082108005DC60110BDC6011007
:10211000084A03001168002901D1074911601068BD
:102120000649C3188B4201D8136070470120404212
:10213000FBE7C0469C270020ECAD002000FC0320FC
:1021400013B50C001900074B002A01D1064B1A00E9
:102150000192009302002300044801F0F5FF00BE45
:10216000FDE7C046E2C601101DC70110EFC6011011
:10217000264B274A70B51A60264A274C1500274B74
:102180002360180091688843FBD1254E254B9E4261
:1021900025D3FEF751FF244B2360AB68DB0180336E
:1021A000FBD14022214B22489A675A671A67DA66A8
:1021B000204B984216D3204D204CC0222800A16805
:1021C00001F0CEFEA560EEF742F8002800D000BE78
:1021D000FFF7ACFCFFF71CFCFEF720FE70BD08CE3D
:1021E0009847D3E7040003680834002B0BD0012B79
:1021F00005D08321124B134A1348FFF7A1FFFEF7C6
:1022000000FE2000D4E7FEF7EFFDFAE700E0004013
:10221000BFCDFBFE00C0004000F00040FE7F3C0050
:102220006C11002070110020FFFFFF0100F0014041
:102230006C1100206C1100200000002000ED00E077
:0C2240001EC70110A9C701103BC7011008
:10224C000FB407B5074801F0DBFF049B002B07D048
:10225C0005A91800019105F0F5FA034801F0D0FF2B
:0C226C0000BEFDE799C70110A7C70110D4
:1022780010B5034B034A1B6800211068984710BD2E
:0822880040290020582C002021
:1022900010B5034B034A1B6800215068984710BDD6
:0822A00040290020582C002009
:1022A800F7B5160004000D001022002907D1254BB0
:1022B8001B68002B03D0244901F092FEF7BD0021D2
:1022C800200001F0DBFE01235B422049A3602800C7
:1022D800E580A680F9F794F81D49C7B23000F9F7F0
:1022E8008FF8C0B2874206D000221A4913001A4854
:1022F8000092FAF707F878427841E121174B4042FB
:102308008003C01849022060FFF7D4FD022128008D
:10231800FEF73AFF02213000FEF736FF10221000C8
:102328002368D96A2C338843802149010B431860FC
:10233800002DC3D12100044801F052FE0122014BB7
:102348001A60BBE7602C0020B4AD002098BD0110D6
:102358002CBD0110B6C70110090109800080034097
:0A23680010B50068FFF768FD10BD16
:1023720010B50400C1600068FFF79FFD10212368BB
:10238200DA6A2C339143802252011343196010BD43
:1023940037B51D00022A1CD8114B00689C5C4B1FEA
:1023A400691EC9005B010B4321004D1EA941013C7C
:1023B40049000B4361424C41C16AA40023434B4092
:1023C4006E2102000B4080212C3249010A43136024
:1023D40037BD00220349130003480092F9F794FF24
:0C23E400DDC70110CAC701100901098003
:1023F00010B50068044C054BA04203D11A60044B91
:10240000196010BD5A60FAE700400340582C0020C4
:04241000402900203F
:10241400F8B50C0003681F4915005E18711E8E4143
:102424001D4A07001D491436934200D01C496A1EF8
:1024340095413000FFF78CF93000E9B2FFF778F9E5
:102444003B68012C15D0002C16D1210010220A4320
:102454006142614189010A439A63002C0FD13821FA
:102464005A6B34330A40190080235B010B431A6012
:10247400F8BD20210022EAE700210A00E7E7012C49
:10248400F6D10722596B3433114080225201134391
:102494001960EDE700C0FCBF004003407922011041
:0424A4009122011070
:1024A8001022036899691142FCD11868C0B27047BC
:1024B8008022036898691042FCD0C9B2196070473D
:0C24C800036801209B691B0998437047C2
:0A24D400036898690006C00F704706
:1024DE0070B504000D00100022816381531C02D0E0
:1024EE000221FEF74EFE0A23E05E431C02D00221BB
:1024FE00FEF747FE246880222300C02130335201AC
:10250E001A430902032D03D1236B9943116070BD49
:10251E00022D09D00023012D09D00020246B034386
:10252E0063400B401360F2E780231B02F5E7802027
:04253E00C001F3E7FE
:0C25420010B5002801D1F9F75AF910BDBE
:0825500000487047E0C70110CC
:1025580010B50020FFF748FB00200249FFF792FB67
:0825680010BDC046432501101F
:0C257000014B986A7047C04600400540CF
:10257C00F7B50025124C0190F9F754FD019EA36AA2
:10258C002F009E420DD2FFF741FB2A004B1CB618C0
:10259C005F4132003B000020FFF7BCFBF9F758FD10
:1025AC00F7BDFFF733FB0029F3D0FFF72FFB012317
:1025BC0001225B428018594160602560E9E7C04602
:0425CC000040054086
:0825D00010B5F9F715F910BD73
:0A25D80010B50020FFF710FC10BD45
:0825E20010B5FFF7F8FF10BD72
:0A25EA0010B50020FFF70BFB10BD39
:1025F40010B5062001F0D4FF0120F9F78FFFC04683
:0C260400014B18687047C046C00700205A
:1026100070B505000C1E47D0002802D0836B002B3C
:1026200048D001260C22A35E626E32423FD19B0548
:1026300030D52100280000F061F8E36A0600002B85
:1026400004D0E1692800984700283CDBA3891B06D9
:102650003CD4216B002908D023004033994202D09A
:102660002800F9F719FC00232363616C002904D0CA
:102670002800F9F711FC0023636400F0F3F900234C
:10268000A381636EDB0726D5A06D01F0B1F800F0E1
:10269000F1F90AE0A06D01F0ADF80C22A35E002B69
:1026A000C7D1636E1E401AD00026300070BD002BCB
:1026B000FAD0BEE7012600F04FF90C22A35E626E4D
:1026C0003242F4D1B3E701267642BFE72169280000
:1026D000F9F7E2FBBDE7A06D01F08EF8D4E7A06D3D
:0826E00001F08AF8E1E7C046B1
:1026E80010B5034B01001868FFF78EFF10BDC046F8
:0426F800C0070020F7
:1026FC00F0B5C64600B50C23CA5E804693B20C00FA
:10270C00190746D480231B0113436268A381002A56
:10271C005FDDA56A002D5FD0424641461668002257
:10272C009BB20A60E169DA0400D57EE00123002245
:10273C004046A847431C55D0A389A56AE1695B07AD
:10274C0006D56368C01A236B002B01D0E36BC01A4B
:10275C00002302004046A847431C4FD0A389364AA9
:10276C0013400022626022691BB2A3812260DB0449
:10277C0059D44346216B1E6000292DD023004033D1
:10278C00994202D04046F9F781FB002300202363D5
:10279C0023E02669002E1FD022682660951B00229C
:1027AC009B071DD0A260002D04DC15E036182D1AF5
:1027BC00002D11DD2B003200E1694046676AB847F5
:1027CC000028F3DCA389402201201343A38140425B
:1027DC0003E0E26B002A9CDC002004BC9046F0BDB8
:1027EC006269DFE743461B68002BA5D01D2B01D087
:1027FC00162B1CD1434600201E60EEE743461D6895
:10280C000C22A35E1D2DDED80C490122E9408A431F
:10281C00D9D10949626022690B40A3812260DB0493
:10282C00A7D5002DA5D12065A3E7206D87E7402211
:10283C00A3891343A381D0E7FFF7FFFF01004020DA
:10284C0070B505000C00002802D0836B002B16D04D
:10285C000C22A35E0026002B0FD0626ED20701D48F
:10286C009B0513D521002800FFF742FF636E06007D
:10287C00DB0702D4A3899B0504D5300070BD00F0A2
:10288C0065F8E5E7A06D00F0B1FFF6E7A06D00F08C
:04289C00ABFFE7E7C0
:1028A00010B5011E04D0054B1868FFF7CFFF10BD0F
:1028B000034B0449186800F0D7FEF8E7C007002072
:0828C000F0C801104D280110C1
:1028C800002310B504000360436083608181436680
:1028D800C281036143618361082200215C3001F0F9
:1028E800CDFB2000064BE4612362064B583063623F
:1028F800054BA362054BE36200F074FF10BDC046B0
:10290800E9450110114601104D46011079460110A4
:1029180010B5024900F0A4FE10BDC04611260110F2
:1029280070B568244A1E54430E0021007431F9F72B
:1029380065FA051E09D000232200036046600C30AA
:10294800A8606832002101F099FB280070BDC046DC
:1029580070B50400144D280000F048FFA36B002B4D
:102968001DD1124A0421E263B8229200A350B92370
:1029780003229B00E2500833E218043BE2506068EF
:102988000022FFF79DFF01220921A068FFF798FFA9
:1029980002221221E068FFF793FF0123A3632800B6
:1029A80000F026FF70BDC046C8AD002019290110EF
:1029B800F8B5274E0700300000F018FF254B1D68BA
:1029C800AB6B002B31D0B8239B009C4665446B68E9
:1029D800AC68013B03D523E06834013B20D30C21CC
:1029E800625E002AF8D1002520001B4B5830E360B6
:1029F800656600F0F7FE300000F0FAFE2000256062
:102A0800A560656025616561A561082200215C30CB
:102A180001F034FB256365636564A5642000F8BD97
:102A28002868002805D00500D1E72800FFF790FFA7
:102A3800C9E704213800FFF773FF28600028F2D1A6
:102A4800300000F0D5FE0C2300243B60E6E7C046CA
:0C2A5800D4AD0020F0C801100100FFFF09
:102A640010B5024800F0C4FE10BDC046D4AD00202D
:102A740010B5024800F0BEFE10BDC046D4AD002023
:102A8400F0B583B00F00110001AA050006F08AF822
:102A9400061E36D02800FFF78DFF041E31D0DB233D
:102AA40039005B00019A280001F038FB071E1FDB88
:102AB400636EDB0715D5194BE7812362184BA6819A
:102AC4006362184BE461A362174BE362F3051AD403
:102AD400636EDB0702D4A3899B051BD5200003B0DA
:102AE400F0BDA3899B05E6D4A06D00F081FEE2E76A
:102AF400FFF7B6FF0023A06DA38100F077FEFFF778
:102B0400B7FF0024EAE7022300222100280000F096
:102B140055FADDE7A06D00F06DFEDFE7E945011031
:0C2B2400114601104D46011079460110C9
:102B300010B5044B0A001B6801001800FFF7A2FF44
:082B400010BDC046C0070020D3
:102B4800F0B54E46994657464546DE46130092462E
:102B58004A46E0B5534383B006000D000C9C009331
:102B6800002B4FD0002803D0836B002B00D1ADE0A1
:102B78000C23E15E626E8BB2D20702D49A0500D4B0
:102B8800AEE080229201134206D10A43644B616E83
:102B9800A2810B40636693B26768002F3ADB009806
:102BA8003A00216883469B073CD4B046060011E0F2
:102BB80028003A0001F0D0F923682100DB192360CE
:102BC8004046ED19F61B01F041FB002800D08EE0CD
:102BD80021686768BE42EBD8B3463200280001F08E
:102BE800BBF963689B1B636023685B4423604B46A7
:102BF8000093636EDB0705D4A3899B0502D4A06DFF
:102C080000F0F6FD009803B03CBC90469946A246F9
:102C1800AB46F0BD00220098626000272168834619
:102C28009B07C2D5904200D993465A46280001F026
:102C380093F95A462368216B5B4418002360636844
:102C48009B1A6360009B9B1A9846002961D0002B51
:102C5800CDD023004033994204D03000F9F718F959
:102C6800236818000023236323695D449B46636936
:102C7800474698464B46B1460193060001E0002FAF
:102C88004AD02561676125602100484601F0DEFAD7
:102C98005B4623614346636163682660FF1AED184B
:102CA800002363600028EAD0636EB846DB0705D4CA
:102CB800A3899B0502D4A06D00F09AFD4246009BB3
:102CC8005146981AEDF7D6FB00909BE7FFF740FEB8
:102CD8000C23E15E626E8BB2D20700D551E74DE757
:102CE800A06D00F083FD0C23E15E8BB249E7636EB3
:102CF800B346DB0705D4A3899B0502D4A06D00F079
:102D080077FD5A46009B5146981AEDF7B3FB0090A1
:102D180078E7002BA8D16AE7019B994667E7C04688
:042D2800FFDFFFFFCB
:102D2C0010B50400054882B00068009313000A0037
:102D3C002100FFF703FF02B010BDC046C007002002
:102D4C00F8B50C000600F9F7F7FB204FBB685D687F
:102D5C0003239D431E4B2C1B9C466444240B1D4B90
:102D6C00013C24039C4207DD0021300001F0FEFAF7
:102D7C00BB685B19984204D03000F9F7E1FB0020E6
:102D8C00F8BD6142300001F0F1FA431C0DD0012274
:102D9C00BB682D1B15435D600F4B30001A68141B6C
:102DAC001C60F9F7CDFB0120EAE70021300001F0AF
:102DBC00DDFABA68831A0F2BDEDD08490968401A60
:102DCC000549086001210B435360D5E75C0D0020D9
:102DDC00EF0F0000FF0F0000B02500206411002051
:102DEC00F8B5CE464746050080B50C1E55D0F9F710
:102DFC00A3FB210008394F68012438000323A043AA
:102E0C000A1856689E43B146644EB368934229D063
:102E1C004B465360D3189C463C4242D10F68C91BA9
:102E2C008B68C019984663465F6808239C46B44477
:102E3C002740E0456AD04346CC68DC60A360002F95
:102E4C0032D1012448440443A0469368544C0F18D3
:102E5C00A34200D17FE0D268DA60936043464B60B6
:102E6C00386025E003004B443C4206D10A68891ABD
:102E7C0088689B18CA68C260906001221A434A6035
:102E8C00484AB16012689A4204D8474B2800196826
:102E9C00FFF756FF2800F9F753FB0CBC90469946F8
:102EAC00F8BD5F682740CCD0012303434B6008502A
:102EBC003E4B98421AD9430A042B33D8820914008A
:102ECC0039323834D200B218083A936803279A4240
:102EDC0039D05C68BC43844233D99B689A42F8D1A0
:102EEC00D368CB608A609960D160D3E7C008FF3BA0
:102EFC008210FF3B93407268C000134373608619C5
:102F0C00B368CE608B60B160D960C3E7002F41D14C
:102F1C00030090684B44D2681C43C26090604C60C4
:102F2C00CB50B7E7142B07D9542B1CD8020B140029
:102F3C006F326E34D200C6E71C005C335B34DA00AF
:102F4C00C1E71A00CCE70123A410A3407068034327
:102F5C0073601300C5E7D9609960CB608B60434602
:102F6C004B60386096E7AA225200934205D8C20BF8
:102F7C00140078327734D200A5E70D4A934205D875
:102F8C00820C14007D327C34D2009CE7FE227E241D
:102F9C00920098E704434C6010607BE75C0D0020C6
:102FAC00640D002068110020E0250020FF010000C6
:042FBC0054050000B8
:082FC00010B500F001F810BD8E
:102FC800F0B545465746DE464E46E0B50C0097B08C
:102FD800050090461F00002802D0836B002B4AD0C2
:102FE800626EA389D20702D49A0500D4F9E084223C
:102FF80052001340934200D1EEE0A36A9946002B99
:103008003CD0012F15D0022F44D0002F42D01623D8
:103018002B60636EDB0702D4A3899B0536D5012597
:103028006D42280017B03CBC90469946A246AB4674
:10303800F0BD21002800FFF705FCA389DA0400D5BC
:1030480034E101230022E1692800C8470600431C37
:1030580000D1CBE0A3892269590700D4D8E063687E
:10306800F61A236B002B01D0E16B761A0123B044CA
:103078009B46002712E0FFF76BFCB1E71D332B607E
:10308800636EDB07CBD4A3899B05C8D4A06D00F081
:10309800AFFBC4E7002300269B462269002A00D123
:1030A800C0E00C23E25E914993B20B4272D18021B9
:1030B800C9008A460B4266D0C246002F00D0CEE037
:1030C8005B46002B00D0B2E0A389DB0400D5C4E046
:1030D80001230022E1692800C847431C5AD06368CD
:1030E800216B1A00C61A8B46002900D1ABE0E16BB0
:1030F800761A2269F61894466046A26B121AB61A16
:103108005218B24500DBD3E0E36CE1695E425346F6
:103118001E40320000232800C847431C3AD0002331
:10312800216B636023692360002908D023004033A2
:10313800994202D02800F8F7ABFE0023236320222F
:10314800A3899343A38153469E1B0DD021002800D9
:1031580001F07CF800281DD16368B3421AD32268B5
:1031680092199E1B2260666008222000012500211A
:103178005C3000F083FF636E1D4002D1A3899B057C
:103188005CD500254DE75A4B994574D080231B0127
:103198001A43A28121002800FFF754FB002832D1EE
:1031A8003B004246E1692800C847431C2BD0216BED
:1031B800002908D023004033994202D02800F8F7AC
:1031C80067FE0023236323694A4A23600023636060
:1031D800A3891340A381C7E721002800FFF732FB2A
:1031E8000BE7A06D00F002FBA38900E7636E3B428A
:1031F80000D014E7A3899B0500D510E7A06D00F067
:10320800F7FA35000DE7636EDB0700D404E706E73D
:103218001B0700D42AE72368002B00D126E79B1A56
:10322800F61823E72100280000F014FB39E7236B88
:103238009B46002B06D06368E16B5AE7A06D00F04F
:10324800D7FAEEE6626823699C4661462368591AF4
:103258000023761A52189B4653E7206D3FE70E234A
:10326800E15E6A46280000F047F8002892D1049BE6
:1032780043449A4624E70E23E15E002986DB6A462A
:10328800280000F039F80C23E25E002800D07DE722
:10329800F021019B09020B40802109028B4200D0DA
:1032A80074E753461A43E364A28105E7266DD2E624
:1032B800B318534500D827E753469E1B63469B190E
:1032C80023605B46921B6260002B09D023004033C9
:1032D8009B4503D059462800F8F7DAFD00232363FD
:1032E8002022A3899343A381183A3EE71A080000D5
:0832F8004D460110DFF7FFFF56
:10330000002370B5074C0500080011002360F9F791
:103310002BFB431C00D070BD2368002BFBD02B601F
:08332000F9E7C046C4AD00202E
:10332800F0B54546DE4657464E46E0B5936883B04D
:1033380000900D009046002B2DD08B891A0732D5AE
:103348000A69002A2FD0424616689A0737D56B6A51
:1033580000279A46AD4B00249946E969002C16D0FF
:1033680023004C4500D9A94B3A000098D0470028C3
:1033780000DC8FE043469B683F18241A181A43461E
:10338800986008D06B6AE9699A46002CE8D13768DA
:1033980074680836E2E7002003B03CBC90469946C2
:1033A800A246AB46F0BD2900009804F029FB00288E
:1033B80000D028E14246AB8916689A07C7D4DA07D5
:1033C80070D4002291468022920000279346AC6870
:1033D8002868002F53D05A46134200D1A8E0A246CD
:1033E800BC4200D9D7E09022D20013422ED02969DE
:1033F800441AA4466869019442001218D00F821832
:10340800781C521060449246904201D982460200CC
:103418005B0500D4D0E011000098F8F7EFFC041E1B
:1034280000D1EAE0019A296900F096FDAB89784A53
:10343800134080221343AB815246019B2C61E01854
:10344800BA463C00D31A28606A61AB6052464946C6
:1034580000F0C6FDAB681C1BAC603C0000272B6865
:1034680053442B6043469B68A1441C1B43469C6005
:1034780000D190E7AC682868AB89002FABD13268DF
:10348800776891460836A4E729000098FFF7DAF92B
:1034980000282DD00C22AB5E402201201343AB81C3
:1034A800404279E7002399469A46330000204E4669
:1034B8000027994625E000282FD0B346BE4200D900
:1034C800BB4628682A696B69904203D9AA689C1888
:1034D800A34563DC5B4500DD82E06C6A5246E9691E
:1034E8000098A047041ED5DD361B0120002ECBD046
:1034F80043469B68A2443F1B1C1B43469C6000D16B
:1035080049E7002FD7D14B461B689A464B465F6860
:1035180008239C46E144002FF5D03A000A21504682
:1035280000F0B4FC002859D053460130C61AC4E74D
:103538002B69834217D36B699A46BB4213D8354B24
:1035480038009F4200D934485146EDF71DF85346DC
:103558004A464343E96900986C6AA047002899DD08
:1035680004003F1B7EE7BC4200D93C0022004946CC
:1035780000F036FDAB682A681B1B1219AB602A6085
:10358800002BEED129000098FFF75CF9002800D045
:1035980080E73F1B66E73C00BA4657E751462200E2
:1035A80000F01EFD2B6829001B192B600098FFF7FF
:1035B80049F9002898D06DE70098F8F78BFB041EAE
:1035C80000D039E7009C29692000F8F761FC8022C7
:1035D800AB899343743A1BB222605DE77E1C6CE7AB
:1035E8005A46514600F0FCFC5A46AB685C469B1AAA
:1035F800AB602B685B442B6076E70C23009A136062
:103608000C22AB5E48E701204042C5E600FCFF7F84
:0C3618007FFBFFFFFEFFFF7FFFFFFF7F37
:10362400B823F0B5C6469B00C71800B588460026E7
:10363400002F13D07B68BC685D1E0CD4A389012BBA
:1036440006D90E22A35E013302D02000C0470643F0
:103654006834013DF2D23F68002FEBD1300004BC46
:043664009046F0BDDF
:10366800F8B54746CE4680B5B8278046BF004744E0
:1036780089460026002F14D07B68BC685D1E0DD4D7
:10368800A389012B07D90E22A35E013303D02100A1
:103698004046C84706436834013DF1D23F68002FD1
:0C36A800EAD130000CBC90469946F8BDF9
:1036B400F0B5C64600B51D00160086B001AB0393F5
:1036C40001236E43071E90460C9C019102960596B9
:1036D400049302D0836B002B2FD00C23E25E636E25
:1036E40091B2DB0701D48B052AD580239B011942B3
:1036F40005D11343A381626E194B1340636603AA79
:1037040021003800FFF70EFE636E002809D1DB07A5
:1037140002D4A3899B051AD5280006B004BC9046A0
:10372400F0BDDB0702D4A3899B0514D50598414657
:10373400301AECF7A1FE0500EEE7FFF70BF9CCE732
:10374400A06D00F055F80C23E25E91B2CDE7A06DB8
:1037540000F050F8E0E7A06D00F04CF8E6E7C04652
:04376400FFDFFFFF85
:1037680010B50400054882B00068009313000A00F1
:103778002100FFF79BFF02B010BDC046C007002024
:1037880070B50D4E0D4DAD1BAD1006D00024A30035
:10379800F35801349847A542F9D1ECF767FD084E74
:1037A800084DAD1BAD1006D00024A300F35801341A
:1037B8009847A542F9D170BD6C1100207011002006
:0837C800701100208C1100209B
:1037D000044B1B685B6B002B00D1034B94225200FF
:0C37E000985C7047C0070020F00B002030
:0437EC007047C0461C
:0437F0007047C04618
:0437F4007047C04614
:0437F8007047C04610
:1037FC0070B50C001E000E23C95E96B01500002992
:10380C000EDA00233360A3891B0605D48023002025
:10381C00DB002B6016B070BD402300202B60F9E755
:10382C006A46FFF767FD0028EBDBF022019B1202D2
:10383C001340064A8020944663445A4253413360F5
:10384C008023DB002B600001E4E7C04600E0FFFFB3
:10385C0070B58B8982B006000C009B0707D523003E
:10386C004333236023610123636102B070BD01AB5C
:10387C006A46FFF7BDFF009905003000F8F7BCFA67
:10388C0000281ED08022154BF363A38920601343BC
:10389C00009A1BB26261019AA3812061002A02D1B5
:1038AC002B43A381E1E70E23E15E300005F0C4F960
:1038BC00002810D00322A3899343012213431BB287
:1038CC00EEE70C22A35E9A05CFD403229343022287
:1038DC001343A381C3E70C22A35EE1E7192901106E
:1038EC0010B5034B01001868F8F786FA10BDC046F6
:0438FC00C0070020E1
:1039000010B5034B01001868F8F7C6FA10BDC046A1
:04391000C0070020CC
:10391400F0B557464546DE464E46E0B50D000B353C
:1039240083B00700162D28D8102900D9C1E0F8F774
:1039340007FE102518230220CC4EF3181A005C68E9
:10394400083A944200D15BE1032362689A4313006E
:10395400E268A168CA6091600122E31859683800DE
:103964000A435A60F8F7F0FD2000083003B03CBC6D
:1039740090469946A246AB46F0BD07239D4300D529
:1039840097E0A94200D994E0F8F7DAFDF823FF3371
:103994009D4200D859E1680A00D18EE0042800D97C
:1039A40034E138239846A80980443930C100AF4E29
:1039B40071180839CC68A14218D0032362689A436D
:1039C4001300521B0F2A00DD18E1002AC0DA03237A
:1039D4009C4608E06246636893435A1B0F2A00DD45
:1039E4000CE1002AB4DAE468A142F3D1320034696C
:1039F4000832944267D00323616899438A460B00D6
:103A0400491B0F2900DD0DE1726132610029A3DA3F
:103A1400974A924500D94AE1DB08FF3A9910FF3AE8
:103A24008A40DB0071689B190A4399687260E360FD
:103A3400A1609C60CC60012183109940914248D8D8
:103A44000A4205D103239843490004300A42FBD0BB
:103A540003239846C3009946B144CC468246634644
:103A6400DC68A44507D1F4E0002A00DB10E1E46837
:103A7400A44500D1EDE04246636893435A1B0F2AE4
:103A8400F2DD01208046611905436560A068E568A0
:103A94000836C560A8604046F160B16010434860D4
:103AA400CE608E603800E250F8F74EFD20000830FA
:103AB4005CE70C2300203B6058E780213F2389000A
:103AC4004020984673E7012172688310994091421F
:103AD400B6D90323B46862689A439046AA4202D3D3
:103AE400531B0F2B7CDC634A634B93461B681268A1
:103AF400EB18013200D13BE1604A944663441B0B4E
:103B04001B0301930199380000F034FC0300814643
:103B1400013300D1F9E04346E318834200D9F2E0CF
:103B2400574A01999246126894465246614411607C
:103B3400834200D13EE15A461268013200D155E178
:103B44004A46D31A59185346196007234A46134064
:103B540000D123E1082189464A49D21A9144CB1A5B
:103B6400019A38004A441105090D5B1A19009B4655
:103B740000F000FC431C00D134E14B46C01A012381
:103B84005844184353461B685B4419005346196054
:103B94004B46B3605860B44212D043460F2B00D852
:103BA4001CE1072260680C3B9343063A024005205F
:103BB4001A436260E218506090600F2B00D933E121
:103BC400314B1A68914200D919600323B4686268C2
:103BD4009A432E4B1868814200D89AE0196098E005
:103BE4000122290013431143651961603800B5604F
:103BF4006B60F8F7A9FC20000830B7E64046F5E60C
:103C0400DC680230A34200D1F0E69DE6142874D9A2
:103C1400542800D9AFE06E239846280B80446F30B7
:103C2400C100C4E6012360191D4365607061306101
:103C3400C26082601A0053460A4342603800E15071
:103C4400F8F782FC2000083090E62B00E8080833DF
:103C540072E608239B46073BDC449B46DA44434612
:103C64005246134200D0FAE66DE0C0465C0D0020D7
:103C7400FF01000064110020E02500200F10000067
:103C8400B025002008100000D8250020DC250020E5
:103C94000122E318596838000A435A60E368A268AD
:103CA400D3609A60F8F750FC200008305EE65A0AA8
:103CB400042A39D9142A74D85B23984690445C3278
:103CC400D20008235B429C46B21894446346996828
:103CD400032399468C4559D04B464A689A4352452A
:103CE40002D989688C45F7D1CB6872689C466346D3
:103CF400A160E3609C60CC609DE65B2398468044B1
:103D04005C30C10053E6B44274D00323B4686268E3
:103D14009A43531B954202D80F2B00DD60E738000D
:103D2400F8F712FC002021E69A09382398469044BB
:103D34003932D200C5E74B461A68083B0138914630
:103D44009A4200D087E043460342F4D173688B4320
:103D540073604900994200D9BBE6002904D1B8E652
:103D6400042294464900E2440B42F9D0504671E6DD
:103D740010330193C6E6AA235B00984224D8DD3BA6
:103D84009846E80B80447830C10010E6434601228F
:103D94009B109A4073681A437260A8E780235B0102
:103DA400DEE6542A2FD81A0B6E23984690446F32BD
:103DB400D20086E71A0500D0BDE60120019BB26857
:103DC400434403435360FBE6244B984226D87C23A8
:103DD4009846A80C80447D30C100E8E501234A469A
:103DE40053609CE7002301209B46CBE65B464A4692
:103DF4001A60AAE61A4A01999246126894465246F3
:103E04006144116097E6AA2149008A4214D8DA0B6A
:103E14007723984690447832D20052E7FE217E23DD
:103E240089007F209846C2E5210038000831F8F760
:103E340031F853461968C3E608498A4206D89A0CF1
:103E44007C23984690447D32D2003AE7FE227E23BA
:103E54009200984635E773687BE7C0465405000036
:043E6400B025002065
:103E680082B000290AD0002A0BD0002B0BD013787F
:103E78000B601078431E984102B0704701A9002AD0
:0C3E8800F3D10020F8E702204042F5E7EB
:103E940070B5CCB2830734D0531E002A1BD00278ED
:103EA400A24219D0032504E0013B14D30278A242B4
:103EB40012D001302842F7D1032B0ED8002B0AD0A0
:103EC4000278A24208D0C31802E00278A24203D0CA
:103ED40001308342F9D1002070BDFF220D062D0C64
:103EE400114029430D04084E0D43026807496A40F6
:103EF400511891433142E3D1043B0430032BF4D8ED
:103F0400DCE71300D8E7C04680808080FFFEFEFE19
:103F140030B5032A1CD903000B439B070FD0047848
:103F24000B789C4217D1012305E0C45C5D1CCB5C7B
:103F34009C4210D12B009342F7D1002030BD03687E
:103F44000C68A342EBD1043A04300431032AF6D8B6
:0C3F5400002AE4D1F1E7E01AF0E7C046D3
:103F6000F0B50F2A37D90D0005430C000300AD074B
:103F700035D11500103D2D092E0136181036276851
:103F80001F6067685F60A7689F60E7681034DF6044
:103F90001033B342F3D10F2401352D0149191440D8
:103FA0004519032C1DD90023CE58EE500433E61AD0
:103FB000032EF9D80323043CA4080134A4001A40BA
:103FC0002D190919002A05D00023CC5CEC540133CB
:103FD0009342FAD1F0BD0500002AF5D1FAE70500B9
:083FE000F2E72200F8E7C046F9
:103FE800F0B588420AD98B18984207D2531E002A86
:103FF80003D0CA5CC254013BFBD2F0BD0F2A09D8DA
:104008000500002AF9D00023CC5CEC54013393421C
:10401800FAD1F2E70D0005430C000300AD0729D1E2
:104028001500103D2D092F013F18103726681E6016
:1040380066685E60A6689E60E6681034DE601033CD
:10404800BB42F3D10F2401352D01491914404519FC
:10405800032C11D90023CE58EE500433E61A032E50
:10406800F9D80323043CA4080134A4002D19091924
:0C4078001A40C6E70500C6E72200C2E7B8
:10408400F0B5830746D0541E002A42D0CEB20200B7
:10409400032502E01A00013C3BD3531C16702B424B
:1040A400F8D1032C2DD9FF220A40150215432A0406
:1040B40015430F2C16D92700103F3F093E01B44683
:1040C4001E001A0010366644156055609560D56070
:1040D4001032B242F8D10F2201373F01DB191440EC
:1040E400032C0ED9261FB608B700BC461A001F1DA4
:1040F400674420C2BA42FCD103220136B6009B19A0
:104104001440002C05D0C9B21C19197001339C420B
:0C411400FBD1F0BD14000300C3E7C0465F
:1041200070B50500080011000022064C22601A003C
:10413000F8F738FD431C00D070BD2368002BFBD07E
:084140002B60F9E7C4AD00207B
:104148000FB400B5064983B004AB086804CB816896
:10415800019301F0F7FF03B008BC04B01847C0464C
:04416800C00700206C
:10416C0030B5050089B008000C0000F079FC04ABF8
:10417C00214A01930223069201220293AB6B059014
:10418C000130049407920390AC68002B25D00C23CB
:10419C00E25E636E91B2DB0701D48B0525D58023DB
:1041AC009B01194205D11343A381626E134B13403B
:1041BC006366280001AA2100FFF7B0F84542684168
:1041CC000B254042636E0540013DDB0702D4A389F9
:1041DC009B0506D5280009B030BD2800FEF7B6FBBC
:1041EC00D5E7A06DFFF702FBF4E7A06DFFF7FCFA33
:1041FC000C23E25E91B2D2E708C90110FFDFFFFF8A
:10420C0010B5034B01001868FFF7AAFF10BDC0469C
:04421C00C0070020B7
:1042200010B5044B0A001B6801001800F7F756FD93
:0842300010BDC046C0070020CC
:10423800092310B5828913400022092B01D01000F0
:0C42480010BDFEF729FB0200F9E7C0469C
:10425400F8B505000C00002802D0836B002B45D074
:1042640080210C22A35E89019AB20A4206D10B4333
:104274003D4A616EA3810A4062669AB20021616080
:1042840091063ED451071DD4D10664D508261642A2
:1042940050D104221343A3812369002B56D00C234D
:1042A400E75EBEB2B3072FD12369280023602269D9
:1042B4006369E169256AA847030060600020002B58
:1042C40017DDF8BD216B0029E6D023004033994265
:1042D40002D02800F7F7DEFD00232363E36B63605D
:1042E400002BD9D0A36B00202360EAE7FEF732FB52
:1042F400B6E70C21625E002B17D040231A4360609E
:10430400A28101204042DCE70123A381174B184915
:104314001868FFF785F90923A7811E40092EC3D128
:1043240021002800FEF7E8F9BEE720231A43A28102
:104334000138C6E721002800FEF786FA0028E0D1FC
:10434400A389A060B3431BB2A061A2E721002800A7
:10435400FFF782FAA3E709222A60402201201343CF
:10436400A3814042ADE7C046FFDFFFFFF0C8011064
:0443740039420110B9
:10437800002370B5064C050008002360FDF7C4FE55
:10438800431C00D070BD2368002BFBD02B60F9E7DD
:04439800C4AD002090
:10439C004A424A41802310B55200DB0000F002F87B
:0443AC0010BDC0463A
:1043B000F0B5CE46474680B51F00614B83B01D68FF
:1043C000040089461600002D03D0AB6B002B00D1F2
:1043D0007DE0022E05D0012E00D9ACE0002F00DADE
:1043E000A9E0636EDB0733D521002800FEF72EFA23
:1043F000216B002908D023004033994202D02800C5
:10440000F7F74AFD002323630023A36163600C22B6
:10441000A35E1A065FD44B4A13400022A381904644
:10442000022E1CD1022213430022A260220043323A
:10443000226022610122616EA3816261114201D179
:104440009B0560D5404603B00CBC90469946F0BD34
:10445000A3899B05C8D4A06DFFF7CCF9C4E701ABD5
:104460006A4621002800FFF7C9F9A3891843A081F3
:10447000002F37D1009F3800FFF738FA8146002817
:1044800047D08022A3891343A381AB6B002B2FD08D
:104490000C22A35E009ABA4203D080221201134379
:1044A000A381012E02D101221343A3814A46226037
:1044B000226108229BB267611A401DD1A2600122CD
:1044C000616E11408846BBD000239846BAE72800A9
:1044D000FEF742FA7DE721692800F7F7DDFC0C22A0
:1044E000A35E98E74B46002BC5D0AB6B002BCFD11A
:1044F0002800FEF731FACBE7DA0708D500227F4221
:10450000A260A761DBE7A06DFFF776F99AE7A760E5
:10451000D5E7009B9846BB4205D10C22A35E012241
:10452000524290467EE71800FFF7E0F981460028E6
:10453000F3D04746A5E701235B42984682E7C04691
:08454000C00700205CF3FFFF3F
:1045480070B505000C001F2922D8B7239B00C3585B
:10455800002B0ED08A009B181A68002A09D0012A5D
:1045680010D0511C10D00021200019609047002065
:1045780070BD280000F030F822000100280000F08B
:1045880017F8F5E70020F3E7162303600120EFE7AB
:0C4598001623036001204042EAE7C04601
:1045A40010B5034B01001868FFF7CCFF10BDC046DF
:0445B400C00700201C
:1045B800002370B5074C050008001100236005F0C2
:1045C8005BF8431C00D070BD2368002BFBD02B6028
:0845D800F9E7C046C4AD002064
:0845E00010B505F045F810BD0F
:1045E80070B50C000E25495F04F0B0FE002803DB0F
:1045F800236D1B18236570BDA389024A1340A3814C
:08460800F9E7C046FFEFFFFFD8
:10461000F8B516001F000C228B5E0C0005000E2260
:10462000895EDA0507D50022022304F029FB0C225B
:10463000A35E0E22A15E044A28001340A38132002B
:0C4640003B0003F0CDF9F8BDFFEFFFFFD9
:10464C0070B50C000E25495F04F014FB431C06D01A
:10465C008023A2895B011343A381206570BDA389CC
:0C466C00014A1340A381F9E7FFEFFFFFB4
:0C46780010B50E23C95E03F02DFA10BD32
:104684000323CAB2F0B50340002A39D0002B0ED060
:104694000378002B57D09A4231D0032404E00378E6
:1046A400002B50D093422AD001302042F7D1FF256D
:1046B40029400D0229430D040D4329000468234EAB
:1046C40061408B198B43A119A143214E0B43334203
:1046D4000BD1043001681D4F0C00CB196C408B4387
:1046E400E119A1430B433342F3D00378002B04D1E7
:1046F40029E001300378002B25D09A42F9D1F0BD8E
:10470400002B0AD00378002BF9D0032202E00378AF
:10471400002BF4D001301042F9D102680B4B0C4944
:10472400D31893430B4206D104300268074BD318C5
:1047340093430B42F8D00378002BE0D00130037888
:10474400002BFBD1DBE70020D9E7C046FFFEFEFECD
:044754008080808061
:1047580003000A7801311A700133002AF9D1704731
:1047680070B504780600002C12D00D78002D09D001
:10477800A5420BD00B0001E0A24207D001331A7802
:10478800002AF9D101300478002CEFD1801B70BDCC
:044798000020FCE71A
:10479C0070B50D0011008E2D00D9A3E0584EAC0061
:1047AC003459A746574870BD5748FCE75748FAE7B5
:1047BC005748F8E75748F6E75748F4E75748F2E701
:1047CC005748F0E75748EEE75748ECE75748EAE711
:1047DC005748E8E75748E6E75748E4E75748E2E721
:1047EC005748E0E75748DEE75748DCE75748DAE731
:1047FC005748D8E75748D6E75748D4E75748D2E741
:10480C005748D0E75748CEE75748CCE75748CAE750
:10481C005748C8E75748C6E75748C4E75748C2E760
:10482C005748C0E75748BEE75748BCE75748BAE770
:10483C005748B8E75748B6E75748B4E75748B2E780
:10484C005748B0E75748AEE75748ACE75748AAE790
:10485C005748A8E75748A6E75748A4E75748A2E7A0
:10486C005748A0E757489EE757489CE757489AE7B0
:10487C00574898E7574896E7574894E7574892E7C0
:10488C00574890E757488EE757488CE757488AE7D0
:10489C00574888E7574886E7574884E7574882E7E0
:1048AC00574880E757487EE757487CE757487AE7F0
:1048BC00574878E7574876E7574874E7574872E700
:1048CC00574870E757486EE757486CE757486AE710
:1048DC00574868E7574866E7574864E7574862E720
:1048EC00574860E7002B08D01A00280001F026FC7E
:1048FC00002800D057E7534855E70300F4E7C046BB
:10490C000CC9011048CB0110BCD10110A4D101106D
:10491C0090D10110F4D10110ECCE011024CE011075
:10492C005CD1011074D1011060CD011020D10110A7
:10493C0094CF01101CD2011028CC0110F0CB011027
:10494C00F8CC0110F8CD0110E8CC011030D20110D8
:10495C003CCD011010CF011038D1011008D101103D
:10496C00D8D00110C0D00110A0D0011080D00110FF
:10497C0050D001102CD00110ECD00110D0D101106E
:10498C0014D00110F8CF0110E4CF0110C8CF0110E2
:10499C00BCCF0110A8CF011084CF01106CCF011037
:1049AC0058CF011040CF011048D0011030CF01106A
:1049BC0028CF011004CF0110D8CE0110BCCE0110AD
:1049CC00A8CE011078CE01106CCE01105CCE011077
:1049DC0044CE011034CE01100CCE0110E8CD0110E4
:1049EC00D8CD0110C0CD0110A0CD011080CD01108B
:1049FC0028CD011018CD0110D8CC0110C8CC011055
:104A0C00B4CC0110A8CC011090CC011084CC0110B6
:104A1C0070CC01105CCC011048CC01101CCC0110E6
:104A2C000CCC0110DCCB0110C8CB0110ACCB0110AD
:104A3C00A0CB011088CB011078CB01105CCB0110FE
:084A4C0050CB011044CC011015
:104A540010B5044B0100002218680023FFF79CFEE8
:084A640010BDC046C007002090
:104A6C0010B5040083070AD00378002B23D003224F
:104A7C0002E00378002B1CD001301042F9D10268FF
:104A8C000E4B0F49D31893430B420FD104300268DD
:104A9C000A4BD31893430B4208D104300268074BDE
:104AAC00D31893430B42F1D000E001300378002B74
:104ABC00FBD1001B10BD0020FCE7C046FFFEFEFE34
:044ACC0080808080E6
:104AD0000300F0B5C6460B4300B580469B0701D1E5
:104AE000032A1AD84646002A13D0531E9C460B7838
:104AF000771C3C003370002B21D0012307E0604677
:104B0000CD5CC01AFC18F5540133002D18D0934227
:104B1000F5D1404604BC9046F0BD04000D4D06E0C2
:104B2000043A0431261D2060032ADCD934000868C9
:104B3000094BC31883432B42F2D02600D5E76046C9
:104B4000211800220028E4D022700134A142FBD1B8
:0C4B5000DFE7C04680808080FFFEFEFE94
:104B5C0070B504780600002C13D00D78002D09D008
:104B6C00A54209D00B0001E0A24205D001331A780E
:104B7C00002AF9D1801B70BD01300478002CEDD1D6
:084B8C00F8E70020F7E7C0463E
:104B9400F0B5DE464E4657464546E0B5C3B00C0078
:104BA400079191461093089004F05CF8036818008C
:104BB4001A93FFF759FF1990A3891B0605D523699A
:104BC4000993002B01D100F023FF32AB259300237E
:104BD40025AFBB607B6018930024002316931794C1
:104BE4000023CA4632AE14931B930C9353461B788E
:104BF400002B47D05446252B02D11BE0252B03D094
:104C040001342378002BF9D15346E51A0FD03360D1
:104C1400BB6875605B19BB607B6801337B60072BE5
:104C240027DC08360C9B9C46AC4463460C932378E3
:104C3400002B27D0631C9A46002316AAD37701229F
:104C44005242934600220B922032904620329146E3
:104C5400383A63789446002100240025524618000F
:104C640020380132099158283ED8BF49800008589D
:104C740087463A000799089804F07EFB002809D17A
:104C840032AECFE7BB68002B04D03A0007990898EE
:104C940004F072FB079B9B895B0601D501F058F970
:104CA4000C9843B03CBC90469946A246AB46F0BD36
:104CB4000021303B1800099B0A959A460D00AB0071
:104CC4005D1913786D0045191800511C30380A001D
:104CD4000928F4D952468A46099252460B950A9DF0
:104CE400180020385828C0D90999139392460029EE
:104CF40001D001F01CFA139A002AC3D028AB1A7011
:104D0400002216A9CA770A9501327EE18023099907
:104D14001D431378A3E7531C0A9313782A2B01D15C
:104D240001F0CFF91800002230389346092801D940
:104D340001F097F8099B5946A2469B460A9A8B00B4
:104D44005B185B0019181378541C180030382200C3
:104D54000928F4D920005A465446824609928B46C3
:104D64005246BDE7099913780420054377E7137881
:104D740001212B2473E710980999036804300B93DD
:104D840010900B981378002800DB68E740420B90E2
:104D9400EAE7012309991D43137860E70999137819
:104DA400002C00D05BE70121203458E709991393C4
:104DB4009246002901D001F0B2F96C4B1493AB0672
:104DC40000D409E30722109B07339343013294462E
:104DD4009C4462465C681B680E930F9410920223F5
:104DE400EA0769D50E990F9A0800104364D0302160
:104DF4001EAA11704C206946091809781D43517088
:104E0400002216A9CA775A4601325BD10022914684
:104E14000A95012B00D1CFE0022B01D100F036FC22
:104E24000E980F995B4632AA90460993B34600E068
:104E3400A0464A079446434665465C1EC6080723B7
:104E4400CA08354311002A00034030332370280078
:104E54000A43EDD10E900F9109995E468B460A994B
:104E640042461294C90701D500F0F1FC32AB1B1B7A
:104E74000D935B4609930D9B9B4500DA0993002330
:104E840015934B46002B00D1C8E0099B01330993CD
:104E9400C4E013939246AB0600D4B2E20722109BFF
:104EA40007339343013294469C4462465C681B6812
:104EB4000E930F9401231092002216A9CA775A4622
:104EC4000132A3D0002291468022290091430A9105
:104ED4000E990F9A080010439BD15A46002A01D01C
:104EE40000F047FE002B01D000F071FC012003000C
:104EF40032AA2B400D931292BBD02723302128AA2B
:104F0400D15416AA9446483363441293B1E71393D9
:104F1400109B92461C1D1B6816A91A0012930023AD
:104F2400CB77002A01D100F0A5FD5B46013301D106
:104F340000F08DFE5A4600211298FEF7A9FF0028C2
:104F440001D100F096FF129BC21A16ABDB7F0D92C3
:104F54009946D343DB171A400023099210940A950B
:104F64009B4615938DE7C04648D20110D0D301105B
:104F7400099913939246002901D001F0D4F8AB06A5
:104F840000D40FE20722109B073393430132944667
:104F94009C4462465C681B680E930F9410920F9BAE
:104FA400002B01DA00F077FC16ABDB7F99465A46FA
:104FB4000123013288D10A950E9B0F9C002C01D04D
:104FC40000F07EFD092B01D900F07AFD27220E9B0B
:104FD40028A930338B54012316AA94460D936E33BB
:104FE4006344129345E7109992460A682420099273
:104FF4006A4612181278139328AB1A70002216A866
:10500400C2770A1D109201220A9509920022914644
:1050140001320D92002293461592129302230A9AAA
:105024001A40904602D0099B0233099384230A9ABA
:10503400BC681A40119238D10B9B099A9D1A002D15
:1050440033DDCC4A7B689146102D1FDD22004C468F
:1050540003E0103D0836102D16DD10211032013307
:1050640034607160BA607B60072BF2DD3A00079907
:10507400089804F081F9002800D00BE6103DBA68C6
:105084007B6832AE102DE8DCA14614004A46641950
:10509400013332607560BC607B60072B01DD00F07A
:1050A4003BFD16ABDB7F083699464B46002B0FD0F1
:1050B40016AA1F23944663443360012373607B68FC
:1050C40001340133BC607B60072B00DDC6E2083687
:1050D4004346002B0CD01EAB3360022373607B6805
:1050E40002340133BC607B60072B00DDC2E208366A
:1050F400119B802B00D120E25B460D9A9B1A9B46A4
:10510400002B32DD5A467B689B4D102A22DD10228B
:10511400A84691465D4603E0103D0836102D17DD84
:10512400424632604A46103401337260BC607B6090
:10513400072BF1DD3A000799089804F01DF90028BF
:1051440000D0A7E5103DBC687B6832AE102DE7DCCB
:10515400AB4645465A465C44013335607260BC60D8
:105164007B60072B00DDAFE208360A9BDB0500D528
:1051740084E1129B33600D9B9C4673607B6864449E
:105184000133BC607B60072B00DD6BE108360A9BB2
:105194005B0731D50B9B099A9D1A002D2CDD754AAE
:1051A4007B68914610229046102D04DC1BE0103DD4
:1051B4000836102D17DD6F4A103432604246013331
:1051C4007260BC607B60072BF1DD3A000799089898
:1051D40004F0D2F8002800D05CE5103DBC687B6880
:1051E40032AE102DE7DC4A466419013324C6BC6094
:1051F4007B60072B00DD36E30B9A099B9A4200DAA9
:105204001A000C9B9C46944463460C93002C00D0DB
:10521400CEE1002332AE7B60E8E413939246AB0602
:1052240051D50722109B07339343013294469C4483
:1052340062465C681B6810920E930F9400233BE651
:1052440009999246002901D000F061FF109A08CA1A
:105254001092AA0600D52BE3EA0601D500F058FC0B
:105264006A0601D400F054FC6A46128E1A80BDE42A
:10527400434609991D431378F1E4109992460B684B
:105284003E4A0E9300230F9302331D431EAB1A8034
:1052940078220B1D10933A4B1392149302230BE6BE
:1052A400137809996C2B00D1D2E310200543D6E47E
:1052B4004B4609991D431378D1E4139310231D43DE
:1052C4009246AB06ADD4109A08CA1092EA0602D4EC
:1052D4006A0600D59BB20E9300230F93ECE5634658
:1052E40009991D431378BAE4099913939246002946
:1052F40001D000F010FF0722109B073393431A00DC
:1053040018CA9846109201221693179464006408F0
:1053140052421C4B40462100EDF79AFA002800D077
:10532400CCE20122174B524240462100EBF752FADD
:10533400002800D0C2E21698179900220023EBF748
:105344003FFA002801D000F048FD16ABDB7F9946F8
:10535400139B472B01DD00F080FC0B4B1293802341
:105364009D437D3B09930D9300230A959B4615931A
:1053740087E5C046F0D3011000D401103078000056
:10538400D0D30110FFFFEF7FACD301100999139321
:105394009246002901D000F0ABFE10231D43AB065A
:1053A40000D5EFE5109A08CA1092EA0600D56AE221
:1053B4006A0600D467E21BB20E93DB170F93EEE587
:1053C400099913939246002901D000F09CFEC44B26
:1053D4001493AB0600D5F5E4109A08CA1092EA06B5
:1053E40000D54BE26A0600D448E29BB20E93002338
:1053F4000F93F4E4139310231D439246AB0600D598
:105404004CE5109A08CA1092EA0602D46A0600D53E
:105414009BB20E9300230F9301334DE501330D939B
:105424001300A34691460C0008334A4659461560BA
:1054340051600D9A5C44BC607A60072A00DDF6E294
:105444001E00994601320D9208364A4621AB13607C
:105454001B9B9C4653600D9B6444BC607B60072B84
:1054640000DC94E63A000799089803F085FF0028C9
:1054740001D0FFF70FFCBC6832AE88E6139B652BA6
:1054840000DC9FE01698179900220023EBF792F9AD
:10549400002800D12AE1934B013433600123736067
:1054A4007B68BC6001337B60072B00DDB6E3083604
:1054B4001F9B189A934204DB0A9BDB0701D4BC6848
:1054C40065E61A9BBA683360199B9C4673607B68D7
:1054D400624401331400BA607B60072B00DDBDE237
:1054E4000836189B013B9846002B00DC4FE64246E9
:1054F4007B687D4D102A00DC43E310229146220094
:10550400444604E00836103C102C00DC37E34946DE
:105514001032013335607160BA607B60072BF1DDB6
:105524003A000799089803F027FF002801D0FFF7F5
:10553400B1FBBA687B6832AEE5E70B9B099A9B1A0C
:105544009846002B00DCD7E542467B68664D102A5E
:1055540022DD102291462200444603E0103C083626
:10556400102C17DD49461032013335607160BA6082
:105574007B60072BF2DD3A000799089803F0FCFEE4
:10558400002801D0FFF786FB103CBA687B6832AE76
:10559400102CE7DCA0461400424644440133356035
:1055A4007260BC607B60072B00DDF6E20836A3E581
:1055B4003A000799089803F0DFFE002800D128E696
:1055C400FFF768FB082189467A6818990134531C4F
:1055D400B144012900DC29E1129ABC603260012245
:1055E4007B607260072B00DDA6E24A461A990133FC
:1055F4001160199A4946944664444A60BC609846CE
:105604007B60072B00DDA5E208239C46E14443466A
:10561400169817994E465D1C189B0022013B9B4629
:10562400002311950D950836EBF7C4F8002800D037
:10563400D3E04A46129B5C44013313604B465A46FE
:10564400BC605A607D60072D00DDF0E14346023303
:105654000D934B461033B1461E00F6E63A00079907
:10566400089803F089FE002801D0FFF713FBBC68FB
:1056740032AE2DE53A000799089803F07DFE002824
:1056840001D0FFF707FBBC6832AE31E50F20B4460A
:1056940032AB19000E9A0F9B0400149D14402C5D2C
:1056A40016091D07013935430C701C0923002C0011
:1056B4002A001C43F0D10E920F9332AB5B1A129165
:1056C40066460D93FFF7D5FB3A000799089803F057
:1056D40053FE002801D0FFF7DDFABC6832AE44E582
:1056E400BCD30110ECD3011000D401101F99002980
:1056F40000DC5FE2159B1D00189B9D4200DD5DE10F
:10570400002D0BDD129B641933607B6875600133D7
:10571400BC607B60072B00DD53E30836EB43DB17EB
:105724001D40159B5B1B9846002B00DD4AE11F9B27
:10573400189A934200DAB4E10A9AD20700D5B0E18C
:105744001899159ACB1A8A1A1D00934200DD150088
:10575400002D0EDD1599129A8C46624432607A68E7
:10576400641901327560BC607A60072A00DD69E360
:105774000836EA43D21715405B1B9846002B00DC21
:1057840005E542467B68E04D102A00DCF9E1102271
:1057940091462200444604E00836103C102C00DCFC
:1057A400EDE149461032013335607160BA607B60C7
:1057B400072BF1DD3A000799089803F0DDFD002876
:1057C40001D0FFF767FABA687B6832AEE5E70023D9
:1057D4000D9332AB1293FFF74CFB5B46002B00DCBE
:1057E40033E6102B01DC00F042FC2100C64D1026EC
:1057F4004A465C46119B05E00832103C102C00DC44
:105804000CE60133103115605660B9607B60072BDC
:10581400F2DD3A000799089803F0AEFD002801D0A4
:10582400FFF738FAB9687B6832AAE6E701210A98DB
:10583400014200D0D0E6129871603060BC607B6099
:10584400072B00DDF3E0931C0D931036FDE5302BA0
:1058540000D120E13023023A137032AB9B1A0D932E
:105864001292FFF706FB3A000799089803F084FDAB
:10587400002801D0FFF70EFABC68BDE40E930023A4
:105884000F93FFF7ACFA0E93DB170F930F9B002BCC
:1058940001DBFFF789FB0E990F9A00244B429441D8
:1058A4000E930F942D2316AAD3779946FFF77FFB07
:1058B4000C9A1A60D2175A60FFF798F9169817993C
:1058C40002000B00ECF7C4FF002800D0ACE3202357
:1058D400139A9A435B469146013300D1C6E2472AA4
:1058E40000D1C7E180235B002B430A93179B002B55
:1058F40000DA78E2169A0993002390461193139BD9
:10590400662B00D188E2462B00D1E7E24B46452BBB
:1059140000D1B6E123AB049320AB03931FAB0293F6
:105924005B4601930223424600930898099B02F0C8
:105934008FF9139B1290672B00D0D6E3129B1A00A9
:105944005A441400EA0700D4D2E10023002240465E
:105954000999EAF72FFF2300002809D1239B30215E
:10596400A34205D25A1C23921970239B9C42F9D856
:10597400129A9B1A18931F9B15934B46472B00D1E1
:10598400BEE1139B662B00D0C2E1159B002B00DC0B
:1059940064E35B46002B00D053E3EB0700D550E3F0
:1059A400159B09930D93119B002B00D0E0E116ABDE
:1059B400DB7F994600239B46FFF763FA1D1E00DD3B
:1059C400A0E6ABE642467B684F4D102A00DC32E18C
:1059D400102291462200444604E00836103C102C64
:1059E40000DC26E149461032013335607160BA604B
:1059F4007B60072BF1DD3A000799089803F0BCFCA3
:105A0400002801D0FFF746F9BA687B6832AEE5E7B3
:105A140040210898F6F7F4F9079B186018610028EC
:105A240000D169E34023079A5361FFF7CEF83A00A7
:105A34000799089803F0A0FC002801D0FFF72AF981
:105A44007B68BC6801330D9332AB34AE9946FCE4F9
:105A5400434601321D431378FFF701F93A000799D1
:105A6400089803F089FC002801D0FFF713F9BC68FB
:105A740032AE36E55B460993062B00D9F1E0099B6B
:105A840010940D93002399469B4615931F4B0A953A
:105A94001293FFF7C3FA129A32AB9B1A0D93FFF7D6
:105AA400E8F91A9A3260199A944672607A686444E2
:105AB4000132BC607A60072A00DD75E108363FE6F2
:105AC40032ABB0460E9C0F9D1E00200029000A2216
:105AD4000023EAF7FFFE013E30323270002320003B
:105AE40029000A22EAF7F6FE030004000D000B4326
:105AF400EBD1320032AB9B1A12960E940F954646A8
:105B04000D93FFF7B6F9C04600D40110E4D3011099
:105B14000C9A1A60FFF76AF83A000799089803F09C
:105B24002BFC002801D0FFF7B5F816ABDB7FBC686F
:105B3400994632AEFFF7B9FA3A000799089803F08C
:105B44001BFC002801D0FFF7A5F832AABC687B68CB
:105B540091464AE53A000799089803F00DFC00289D
:105B640001D0FFF797F87B68BC68984632AB99463A
:105B74004DE5012B01D0FFF74FF9FFF727FAA046B7
:105B8400140042464444013335607260BC607B605B
:105B9400072B01DCFFF7FAFA64E43A000799089846
:105BA40003F0EAFB002801D0FFF774F8BC6832AEBA
:105BB400FFF7A2FAD64B01343360012373607B688C
:105BC400BC6001337B60072B00DD18E10836002937
:105BD40002D1189B002B47D01A9B3360199B9C461B
:105BE40073607B6864440133BC607B60072B00DD19
:105BF4004CE132000832002900DA82E112990133C3
:105C0400116018997B608C4664445160BC60072B1A
:105C140000DD27E408321600FFF7B9FA3A000799C5
:105C2400089803F0A9FB002801D0FFF733F832AE3F
:105C34003EE4A04614004246444401333560726099
:105C4400BC607B60072B00DD3CE108366FE51298F1
:105C5400FEF70AFF0200FFF778F9AE4B1293FFF745
:105C64007EFB062309930AE70A9BDB0701D4FFF7AF
:105C74008EFAB1E75B46002B00D033E601239B4646
:105C840030E65B465A1C23AB049320AB03931FAB53
:105C9400029302230D92019200934246099B0898B5
:105CA40001F0D6FF1290139B472B00D003E2EB07C1
:105CB40000D4ECE10D9A129B944663441C00139BA0
:105CC400462B00D041E6129B1B78302B02D01F9B41
:105CD400E4183AE60022002340460999EAF76AFDEF
:105CE4000028F4D101230D9A9B1A1F93E4182CE683
:105CF400239AD31A18931F9B15934B46472B07D10E
:105D0400159BDA1C01DB9B453ADA139B023B139388
:105D14006A464C21159B521812785C1E21AB1F94C5
:105D240099461A70002C00DA6CE12B234A46537012
:105D3400092C00DD11E130234A4630349370D470CD
:105D440022AB4A469B1A189A9C46110061441B9345
:105D54000D91012A00DC5CE1199B0D9A9C4662447A
:105D6400D343DB170D921A400023099215931AE6C8
:105D74002D2316AAD377994600239B46FFF785F86F
:105D8400159B18998B4200DA8EE0EA0700D42FE1C4
:105D9400199B159A9C4662440D92D343DB171A4013
:105DA400672309921393FEE53A000799089803F0D4
:105DB400E3FA002801D0FEF76DFF1F9BBC6832AEEA
:105DC400BEE43A000799089803F0D6FA002801D0F7
:105DD400FEF760FFBC6832AEA0E42D2316AAD37789
:105DE4009946FFF7B5FA8022169B179C120698462F
:105DF40094462300634409932D2311937FE53A00CD
:105E04000799089803F0B8FA002801D0FEF742FF7A
:105E14001F99BC6832AEDAE623AB049320AB03933C
:105E24001FAB02935B4601930323424600930898F9
:105E3400099B01F00DFF03005B441C005B461290BC
:105E44000D9340E73A000799089803F095FA002863
:105E540001D0FEF71FFF189B1F9ABC689B1A32AE35
:105E640087E40A9A92465246FEF73AFF06239B4677
:105E740038E516ABDB7F109499465B4609930D9386
:105E840000230A959B461593FEF7FBFF3A000799FA
:105E9400089803F071FA002801D0FEF7FBFE1F9961
:105EA400BC687B6832AAA6E6199B189A9C46159B87
:105EB40062440D92002B00DD6FE7159A0D9B981A32
:105EC400421C69E73A000799089803F055FA00283C
:105ED40001D0FEF7DFFEBC6832AE28E423AB0493A6
:105EE40020AB03931FAB02935B460193032342460B
:105EF40000930898099B01F0ABFE5B4612900D934A
:105F0400D8E64E42044D103168DA1021884609E083
:105F1400ECD30110B0D3011000D401100832103EAC
:105F2400102E5BDD41461034013315605160BC60B6
:105F34007B60072BF2DD3A000799089803F01CFAFE
:105F4400002801D0FEF7A6FEBC687B6832AAE6E70B
:105F540001235B420C93FEF7A3FE16AA3B2394464F
:105F64006344B346A8461E0000E02E0020000A2128
:105F7400EAF7F2FB751E3031297020000A21EAF796
:105F840005FB04000928F0DC32002B0016A95E464C
:105F94004546934698468C4613003B223034E4B27F
:105FA400023B62441C709A4200D899E03B235A4653
:105FB40063449A1A012358465B4201E0C45C0133EE
:105FC4004946C918CC709A42F8D116A98C462E229B
:105FD400434662449446FB1A6344B2E6A41901336F
:105FE40015605660BC607B60072B57DC083205E601
:105FF4001A00DB431100DB171940672309910D9246
:106004001393D0E40124159B4A46E41A2D235370BC
:106014008EE601232B40159300D09DE6CB430A0066
:10602400DB171A400992BEE4179B002B27DB16AB43
:10603400DB7F9946139B472B1DDC3F4B1293FFF7E5
:106044008EF9199A159B94466344180002005A4429
:10605400D343DB170D921A400992A4E45B46002B4C
:1060640012D1EB0710D4012309930D939BE4330061
:10607400324DFFF7DAF9324B1293FFF770F92D2303
:1060840016AAD3779946D5E7199B581CDEE7239BBC
:10609400129A9B1A18931F9B159331E63A0007999D
:1060A400089803F069F9002801D0FEF7F3FDBC68F5
:1060B4007B6832AAA2E5129A0D9B944663441C00A5
:1060C40043E4109B0999181D1B689B46002B02DAB8
:1060D40001235B429B46537810900A9AFEF7BFFD5A
:1060E40016AA2E23944663442BE65B460D93DAE509
:1060F40016ABDC77FFF751F90C23089A13600D3BBC
:106104000C93FEF7CDFD16ABDC77FFF760F916AB09
:10611400DC77FFF79BF816ABDC77FFF7ECF816ABF0
:10612400DC77FEF74AFE16ABDC77FEF728FF16ABEA
:10613400DC77FEF7E0FDC046B4D3011000D40110B3
:04614400B8D30110BB
:04614800002070477C
:10614C00F0B5DE464E4645465746E0B5C3B08B46E5
:10615C0091461C000D930500079002F07FFD03682B
:10616C0018001A93FEF77CFC1990002D04D0AB6B31
:10617C000893002B00D1A9E05B465A460C21595ECE
:10618C00526E8BB2D20702D49A0500D4C7E080229B
:10619C009201134209D10A435B4659469A81496ED2
:1061AC00B64B0B4059464B6693B21A075ED55A460E
:1061BC001269002A5AD01A221A400A2A6FD032AB1E
:1061CC002593002325AFBB607B601893002400232C
:1061DC00169317940023DA46CB4632AE14931B93D6
:1061EC000A935B461B78002B00D141E25C46252BC1
:1061FC0002D11CE0252B03D001342378002BF9D1DC
:10620C005B46E51A0FD03360BB6875605B19BB60E9
:10621C007B6801337B60072B5CDC08360A9B9C4651
:10622C00AC4463460A932378002B00D120E2631C14
:10623C009B46002316AAD377012252429146002294
:10624C000B92203294462032637890460021002431
:10625C0000255A460132089118002038582801D9D7
:10626C0000F018FC86498000085887465946079864
:10627C0001F0C4FB5B4600280CD05B6EDB0705D439
:10628C005B469B899B0501D400F0FCFB01235B4220
:10629C000A933CE01A229B891A400A2A8FD15A464B
:1062AC000E21525E002A8ADB5A46526ED20705D462
:1062BC009B0503D45B46986DFDF798FA23004A467C
:1062CC005946079801F07AFA0A9020E00798FCF7F3
:1062DC003DFB51E73A005146079803F015F90028A9
:1062EC0009D132AE9AE73A005146079803F00CF9FF
:1062FC00002800D1B4E1D3465A465B46526E9B89C6
:10630C00D20702D49A0500D4B5E35B06BED40A9832
:10631C0043B03CBC90469946A246AB46F0BD5B46AA
:10632C00986DFDF761FA5B460C21595E8BB22EE736
:10633C000021303B1800089B09959B460D00AB00D3
:10634C005D1913786D0045191800511C30380A007E
:10635C000928F4D9594693460B95099D08915A463C
:10636C007AE708991378002C00D073E701212034C8
:10637C0070E7012308991D4313786BE70899139371
:10638C009346002901D001F00AFA3E4B1493AB0658
:10639C0000D437E307220D9B073393430132944615
:1063AC009C4462465C681B680E930F940D9202230A
:1063BC00EA070DD50E990F9A0800104308D030212A
:1063CC001EAA11704C206946091809781D4351709A
:1063DC00002216A9CA774A46013200D197E1002261
:1063EC00904680222900914309910E990F9A08003A
:1063FC00104300D08EE14A46002A01D000F02DFE59
:10640C00002B01D000F012FD0120030032AA2B401A
:10641C000C93129208D02723302128AAD15416AA03
:10642C0094464833634412934B4608930C9B99450E
:10643C0000DA0893002315934346002B02D0089BE7
:10644C00013308930223099A1A40109202D0089B38
:10645C00023308938423099ABC681A40119241D1E3
:10646C000B9B089A9D1A002D3CDD074A7B689046D1
:10647C00102D28DD220044460CE0C046FFDFFFFF54
:10648C0010D4011098D50110B8D50110103D083664
:10649C00102D16DD10211032013334607160BA609A
:1064AC007B60072BF2DD3A005146079803F02CF87D
:1064BC00002800D01FE7103DBA687B6832AE102D63
:1064CC00E8DCA04614004246641901333260756062
:1064DC00BC607B60072B01DD00F028FD16ABDB7F79
:1064EC00083698464346002B10D016AA1F23944614
:1064FC0063443360012373607B6801340133BC60F7
:10650C007B60072B01DD00F005FC0836109B002B8F
:10651C000DD01EAB3360022373607B6802340133F1
:10652C00BC607B60072B01DD00F001FC0836119B81
:10653C00802B00D1B4E34B460C9A9B1A9846002B47
:10654C0032DD42467B68CA4D102A21DD102291466D
:10655C002200444603E0103C0836102C16DD494658
:10656C001032013335607160BA607B60072BF2DD4D
:10657C003A005146079802F0C7FF002800D0BAE64F
:10658C00103CBA687B6832AE102CE8DCA0461400D4
:10659C0042464444013335607260BC607B60072B1B
:1065AC0001DD00F0EEFB0836099BDB0500D50FE39F
:1065BC00129B33600C9B9C4673607B686444013374
:1065CC00BC607B60072B00DDF6E20836099B5B079D
:1065DC0039D50B9B089A9D1A002D34DDA54A7B6892
:1065EC00904610229146102D04DC1BE0103D08361D
:1065FC00102D17DD9F4A103432604A460133726009
:10660C00BC607B60072BF1DD3A005146079802F025
:10661C007BFF002800D06EE6103DBC687B6832AE74
:10662C00102DE7DC42466419013324C6BC607B6044
:10663C00072B08DD3A005146079802F065FF002849
:10664C0000D058E6BC680B9A089B9A4200DA1A00F4
:10665C000A9B9C46944463460A93002C00D042E665
:10666C0000237B605B461B7832AE002B00D0BDE56F
:10667C00BB68D346002B01D000F085FF00237B6064
:10668C003AE613930D9B93461C1D1B6816A91A0022
:10669C0012930023CB77002A01D100F040FE4B4629
:1066AC00013301D100F09FFE4A4600211298FDF7FC
:1066BC00EBFB002801D100F0E9FD129BC21A16ABCE
:1066CC00DB7F0C929846D343DB171A4000230892C9
:1066DC000D94099599461593AEE613939346AB0624
:1066EC0000D476E107220D9B16A9073393430132A0
:1066FC0094469C4462465C681B680D920022CA77E3
:10670C004A460E930F940123013200D067E6002213
:10671C0090460995012B00D1D8E0022B00D113E350
:10672C000E980F994B4632AA089391460C9600E0AE
:10673C00A1464A0794464B466546C2085C1E072391
:10674C0015432A000340CE08303323702800310053
:10675C003243EDD10E900F9108994A46894609991A
:10676C0012940C9EC90700D5D4E332AB1B1B0C93BF
:10677C005AE60D980899036804300B930D900B980A
:10678C001378002800DB65E540420B90042005439C
:10679C0060E5137801212B245CE508991378F5E763
:1067AC00531C9B4613782A2B01D100F0D1FF180003
:1067BC000022303891465A46092800D9CFE5089B6B
:1067CC004946A34699468B005B185B001918137851
:1067DC00541C1800303822000928F4D94A4689463E
:1067EC0021005C468B4608925A4635E5089993463B
:1067FC00002901D000F0C0FF0D9A08CA0D92AA061C
:10680C0001D400F04AFC0A9A1A60D2175A60E8E4E4
:10681C0013939346AB0600D4C8E007220D9B0733B5
:10682C009343013294469C4462465C681B680D920B
:10683C000E930F940023CBE50D9993460B680E4AEB
:10684C000E9300230F9302331D431EAB1A80782244
:10685C000B1D0D93094B139214930223B8E5137877
:10686C0008996C2B01D100F038FD10200543F1E4A0
:10687C00C8D50110B8D501103078000098D501109A
:10688C00089913939346002901D000F079FF102347
:10689C001D43AB0600D4F8E207220D9B073393434C
:1068AC00013294469C4462465C681B680E930F94BC
:1068BC000D920F9B002B00DAFAE216ABDB7F9846A9
:1068CC004A460123013200D08BE509950E9B0F9CA3
:1068DC00002C00D0F1E0092B00D9EEE027220E9B12
:1068EC0028A930338B54012316AA94460C936E338B
:1068FC006344129398E5089913939346002901D0A9
:10690C0000F046FF07220D9B073393431A0018CA69
:10691C0098460D9201221693179464006408524213
:10692C00DA4B40462100EBF78FFF002800D0C1E383
:10693C000122D64B524240462100E9F747FF00287E
:10694C0000D0B7E31698179900220023E9F734FF1B
:10695C00002801D000F075FC16ABDB7F9846139B2A
:10696C00472B01DD00F03BFDC94B129380239D4367
:10697C007D3B08930C9300230995994615935BE591
:10698C00802308991D43137864E4634608991D43DA
:10699C0013785FE4082308991D4313785AE4139382
:1069AC0010231D439346AB0600D536E70D9A08CA53
:1069BC000D92EA0602D46A0600D59BB20E93002310
:1069CC000F9305E5139310231D439346AB0600D597
:1069DC0088E60D9A08CA0D92EA0602D46A0600D51A
:1069EC009BB20E9300230F930133F1E40899139398
:1069FC009346002901D000F0C7FEA64B1493AB06BA
:106A0C0000D5C7E40D9A08CA0D92EA0600D55BE2E0
:106A1C006A0600D458E29BB20E9300230F93C6E48F
:106A2C000D9993460A68202008926A46121812782B
:106A3C00139328AB1A70002216A8C2770A1D0D9268
:106A4C000122099508920022904601320C920022F4
:106A5C00129391461592F5E40899139393460029E5
:106A6C0000D116E716ABDC7713E7434608991D43B4
:106A7C001378FFF7EFFB5B46986DFCF7B7FE5B46B0
:106A8C009B8942E45B46986DFCF7B0FE01235B42A8
:106A9C000A933CE4089913939346002901D000F023
:106AAC0082FE139A002A00D1E2E528AB1A7000226C
:106ABC0016A9CA7709950132C4E74A460E9C0F9D68
:106ACC0032ABB1461E000892200029000A22002396
:106ADC00E9F7FCFE013E3032327000232000290021
:106AEC000A22E9F7F3FE030004000D000B43EBD17F
:106AFC003200089B12964E46994632AB9B1A0E9466
:106B0C000F950C9390E4082189467A681899013402
:106B1C00531CB144012900DCDBE1129ABC603260E9
:106B2C0001227B607260072B00DD79E24A461A99DC
:106B3C0001331160199A4946944664444A60BC601A
:106B4C0098467B60072B00DD78E208239C46E144E5
:106B5C004346169817994E465D1C189B0022013B24
:106B6C001093002311950C950836E9F71FFE0028A9
:106B7C0000D061E1129A7D60013213004A46136025
:106B8C00109B9C4664445360BC60072D00DDB0E153
:106B9C00434602330C934B461033B1461E004A4613
:106BAC0021AB13601B9B9C4653600C9B6444BC60E4
:106BBC007B60072B00DC09E53A005146079802F090
:106BCC00A3FC002801D0FFF796FBBC6832AEFDE4B5
:106BDC00139B652B97DD1698179900220023E9F774
:106BEC00E5FD002800D1D9E02B4B013433600123A3
:106BFC0073607B68BC6001337B60072B00DD12E3A4
:106C0C0008361F9B189A934203DB099BDB0700D4C1
:106C1C0014E31A9BBA683360199B9C4673607B68BB
:106C2C00624401331400BA607B60072B00DD5AE329
:106C3C000836189B013B9846002B00DCC6E4424604
:106C4C007B68164D102A00DC0EE2102291462200C1
:106C5C00444604E00836103C102C00DC02E24946A5
:106C6C001032013335607160BA607B60072BF1DD47
:106C7C003A005146079802F047FC002801D0FFF774
:106C8C003AFBBA687B6832AEE5E7C046FFFFEF7FA0
:106C9C0074D5011084D50110B4D50110C8D50110DC
:106CAC000B9B089A9B1A9846002B00DC43E4424647
:106CBC007B68DA4D102A20DD2200444603E0103CAC
:106CCC000836102C17DD102110320133356071603D
:106CDC00BA607B60072BF2DD3A005146079802F050
:106CEC0013FC002801D0FFF706FB103CBA687B6848
:106CFC0032AE102CE7DCA04614004246444401336B
:106D0C0035607260BC607B60072B00DDB8E1083633
:106D1C00FFF711FC3A005146079802F0F5FB0028EA
:106D2C0001D0FFF7E8FABC6832AEFFF7EFFB3A0090
:106D3C005146079802F0E8FB002801D0FFF7DBFA78
:106D4C00BC6832AEFFF7F3FB0F200E9A0F9BB446D4
:106D5C0032A90400149D14402C5D1E07150901393D
:106D6C002E430C701C092300340032001C43F0D15C
:106D7C000E920F9332AB5B1A129166460C93FFF78F
:106D8C0053FB3A005146079802F0BEFB002801D095
:106D9C00FFF7B1FABC6832AEFFF706FC1F99002969
:106DAC0000DC08E2159B1D00189B9D4200DD1D00B8
:106DBC00002D0BDD129B641933607B687560013309
:106DCC00BC607B60072B00DD3CE30836EB43DB1734
:106DDC001D40159B5B1B9846002B00DCC1E0424616
:106DEC007B688E4D102A00DC8DE21022210091462A
:106DFC0044463200564604E00832103C102C00DCAD
:106E0C007DE248461031013315605060B9607B60FB
:106E1C00072BF1DD3A003100079802F075FB0028D2
:106E2C0000D0BBE3B9687B6832AAE6E700230C9379
:106E3C0032AB1293FFF7F8FA109B002B00DCAEE696
:106E4C00102B01DC00F05BFC2100744D1C001026A3
:106E5C004A46119B05E00832103C102C00DC22E263
:106E6C000133103115605660B9607B60072BF2DD81
:106E7C003A005146079802F047FB002801D0FFF773
:106E8C003AFAB9687B6832AAE6E70D9A08CA0D92FD
:106E9C00EA0606D46A0604D51BB20E93DB170F93D1
:106EAC0007E50E93DB170F930F9B002B00DB04E51C
:106EBC000E990F9A00244B4294410E930F942D235C
:106ECC0016AAD3779846FBE40E9300230F93FFF793
:106EDC006EFA01210998014200D01EE612987160E9
:106EEC003060BC607B60072B03DC931C0C9310366A
:106EFC0055E63A005146079802F006FB002801D0EF
:106F0C00FFF7F9F97B68BC6801330C9332AB34AEF4
:106F1C00994644E6302B00D113E23023023A137029
:106F2C0032AB9B1A0C931292FFF77EFA3A00514641
:106F3C00079802F0E9FA002801D0FFF7DCF916AB4C
:106F4C00DB7FBC68984632AEFFF7CCFA3A0051466C
:106F5C00079802F0D9FA002801D0FFF7CCF9BC68E9
:106F6C0032AE1F9B189A934248DB099AD20745D43C
:106F7C001899159ACB1A8A1A1D00934200DD150038
:106F8C00002D0EDD1599129A8C46624432607A6897
:106F9C00641901327560BC607A60072A00DD63E118
:106FAC000836EA43D21715405B1B9846002B01DCD0
:106FBC00FFF70CFB42467B68184D102A54DD10225B
:106FCC0091462200444603E00836103C102C49DD63
:106FDC0049461032013335607160BA607B60072B13
:106FEC00F2DD3A005146079802F08EFA002801D0E3
:106FFC00FFF781F9BA687B6832AEE6E71A9A32601D
:10700C00199A944672607A6864440132BC607A6062
:10701C00072A00DD09E20836AAE7C046C8D50110E8
:10702C003A005146079802F06FFA002801D0FFF79A
:10703C0062F932AABC687B68914677E53A00514602
:10704C00079802F061FA002801D0FFF754F97B6829
:10705C00BC68984632AB99467AE5012B01D0FFF714
:10706C005CFB3BE4A04614004246444401333560CB
:10707C007260BC607B60072B01DCFFF7A6FA9BE516
:10708C003A005146079802F03FFA002801D0FFF76A
:10709C0032F9BC6832AEFFF74EFAEA0606D46A063D
:1070AC0004D56A46128D1A80FFF79BF80A9A1A606B
:1070BC00FFF797F81698179902000B00EBF7C4FB33
:1070CC00002800D0E4E22023139A9A4313000C9278
:1070DC004A46013200D1D6E0472B00D1BEE18023D5
:1070EC005B002B430993179B002B00DABDE1169A2A
:1070FC000893002390461093139B662B00D1C0E19C
:10710C00462B00D12CE20C9B452B00D1F1E123AB9B
:10711C00049320AB03931FAB02934B4601930223C2
:10712C00424600930798089B00F08EFD139B12902B
:10713C00672B00D030E3129B1A004A441400EA0774
:10714C0000D404E10023002240460899E9F72EFB05
:10715C002300002809D1239B3021A34205D25A1CBD
:10716C0023921970239B9C42F9D8129A9B1A18935C
:10717C001F9B15930C9B472B00D1F0E0139B662BA8
:10718C0000D0F4E0159B002B00DCAFE24B46002B4B
:10719C0000D08AE2EB0700D587E2159B08930C938D
:1071AC00109B002B00D024E116ABDB7F984600230C
:1071BC009946FFF741F9E04B0134336001237360CA
:1071CC007B68BC6001337B60072B40DC08360029F0
:1071DC0007D1189B002B04D1099BDB0701D4FFF7C7
:1071EC00F5F91A9B3360199B9C4673607B68644469
:1071FC000133BC607B60072B00DD6CE13200083290
:10720C00002900DACDE112990133116018997B60E5
:10721C008C4664445160BC60072B00DDCCE4083222
:10722C001600FFF7D3F93A005146079802F06CF9B3
:10723C00002801D0FFF75FF832AEE2E4BC68FFF73C
:10724C00C5F92D2316AAD3779846FFF788FB3A0089
:10725C005146079802F058F9002801D0FFF74BF877
:10726C001F99BC6832AEB2E73A005146079802F05B
:10727C004BF9002801D0FFF73EF8189B1F9ABC6809
:10728C009B1A32AE8DE60623994628E716ABDB7FB8
:10729C000D9498464B4608930C93002309959946F8
:1072AC001593FFF7C9F801330C9313001094914612
:1072BC000C0008334A461560109A494694464A60B9
:1072CC000C9A6444BC607A60072A00DD11E61E004B
:1072DC0001320C920836994661E4634601321D4333
:1072EC001378FEF7B7FF3A005146079802F00CF9F5
:1072FC00002801D0FEF7FFFFBC6832AE99E4A0462F
:10730C00B2460C00160042464444013335607260AC
:10731C00BC607B60072B00DD18E6083621E64B4687
:10732C000893062B01D906230893089B0D940C9304
:10733C000023984699461593804B09951293FFF7B5
:10734C0081F8129A32AB9B1A0C93FFF76DF8239AC3
:10735C00D31A18931F9B15930C9B472B07D1159B86
:10736C00DA1C01DB99454CDA139B023B13932C225C
:10737C00159B4C215C1E16AB9B186A465218127852
:10738C001F941A70002C00DAA7E12D212B2316AACA
:10739C0052181370092C00DD2FE12E21302316AA70
:1073AC00521813702F2216AB9B1830341C7022AB62
:1073BC0021AA9B1A189A9C46110061441B930C91AC
:1073CC00012A00DC7EE1199B0C9A9C466244D34353
:1073DC00DB170C921A40002308921593E0E6584BE9
:1073EC001293FFF7C3FA1298FDF73AFB0200FFF76E
:1073FC0066F92D2316AAD377984600239946FFF7F2
:10740C001EF8159B18998B4200DA9BE0EA0700D412
:10741C0034E1199B159A9C4662440C92D343DB17BA
:10742C001A40672308921393BAE63A00514607981C
:10743C0002F06AF8002801D0FEF75DFF1F9BBC68C4
:10744C0032AE95E53A005146079802F05DF80028F7
:10745C0001D0FEF750FFBC6832AEB7E44B46002BB0
:10746C0000D03CE60123994639E68022169B179CF6
:10747C001206984694462300634408932D231093D8
:10748C003AE623AB049320AB03931FAB02934B461A
:10749C0001930323424600930798089B00F0D4FB0A
:1074AC0003004B441C004B4612901193129B1B780B
:1074BC00302B02D01F9BE41844E6002200234046E8
:1074CC000899E9F773F90028F4D10123119A9B1A52
:1074DC001F93E41836E63A005146079802F014F868
:1074EC00002801D0FEF707FF1F99BC687B6832AA01
:1074FC0086E64B465A1C23AB049320AB03931FAB7D
:10750C00029302231192019200934246089B079822
:10751C0000F09AFB1290139B472B00D012E1EB0763
:10752C0000D408E1119A129B944663441C00139BEF
:10753C00462BBBD006E6C046B4D50110ACD5011025
:10754C0078D50110199B189A9C46159B62440C9295
:10755C00002B00DD62E7159A0C9B981A421C5CE725
:10756C0023AB049320AB03931FAB02934B460193C5
:10757C000323424600930798089B00F065FB4B469B
:10758C0012901193CEE73A005146079801F0BCFFD8
:10759C00002801D1FFF772F8FEF7AEFEB346FEF7F6
:1075AC00ABFE4E42824D10311CDA1021884603E0AE
:1075BC000832103E102E15DD414610340133156093
:1075CC005160BC607B60072BF2DD3A005146079896
:1075DC0001F09AFF002801D0FEF78DFEBC687B6895
:1075EC0032AAE6E7A419013315605660BC607B60D3
:1075FC00072B00DD92E0083205E616AA3B239446E1
:10760C006344B146A8461E0000E02E0020000A216B
:10761C00E9F79EF8751E3031297020000A21E8F731
:10762C00B1FF04000928F0DC32002B0016A94E46ED
:10763C004546914698468C4613003B223034E4B2C2
:10764C00023B62441C709A4200D890E03B234A46AD
:10765C0063449A1A012348465B4201E0C45C01333F
:10766C0021A9C918CC709A42F8D116A98C462E22A1
:10767C00434662449446FB1A634499E61A00DB4382
:10768C001100DB171940672308910C92139387E5BF
:10769C00179B002B3ADB16ABDB7F9846139B472BD3
:1076AC0030DC444B1293FFF761F9199A159B944601
:1076BC006344180002004A44D343DB170C921A406F
:1076CC0008926DE501232B40159300D07BE6CB434C
:1076DC000A00DB171A40089262E50124159B16AAD2
:1076EC00E41A2D231F395218137053E64B46002B06
:1076FC0011D1EB070FD4012308930C9350E5330001
:10770C002B4DD7E52C4B1293FFF730F92D2316AAEE
:10771C00D3779846C2E7199B581CCBE73A005146E1
:10772C00079801F0F1FE002801D0FEF7E4FDBC68DB
:10773C007B6832AA67E5239B129A9B1A18931F9BAE
:10774C0015930CE6129A119B944663441C00F9E4C1
:10775C000D9B0899181D1B689946002B02DA012312
:10776C005B42994653780D905A46FEF773FD16AA64
:10777C002E23944663441BE616ABDC77FFF73CF8EC
:10778C0016ABDC77FFF783F816ABDC77FFF735F930
:10779C0016ABDC77FFF7B6F84B461193BBE616AB8E
:1077AC00DC77FEF7F2FD16ABDC77FFF77AF9C04613
:0C77BC00C8D501107CD5011080D501104B
:1077C800F0B5150002221E4C1F008B89A544934377
:1077D8006A4693814B6E06001993CB8916A8D3810C
:1077E800CB690C0007934B6A09931AAB0093049377
:1077F8008023DB000293059300230693FBF7F2FF37
:107808002A003B0069463000FEF79CFC051E0EDA94
:107818006B469B895B0603D54022A3891343A3814A
:107828001698FBF7E1FF2800064B9D44F0BD69461A
:107838003000FBF707F80028EAD001256D42E7E79A
:0878480094FBFFFF6C0400003B
:1078500010B50B000349020008688168FEF776FC4A
:0878600010BDC046C007002066
:1078680030B504009BB01800002A2DDB82236D463A
:107878009B00AB8100910491002A13D00123013AA7
:107888005B4202920592EB8102001E9B6946200032
:10789800FDF77CF9431C01DA8B2323600023009A4F
:1078A80013700CE001235B4202920592EB81020007
:1078B8001E9B69462000FDF769F9431C01DB1BB0DC
:1078C80030BD8B232360FAE78B23012023604042DD
:0478D800F5E7C046CA
:1078DC0010B50400054882B00068009313000A003C
:1078EC002100FFF7BBFF02B010BDC046C00700204F
:1078FC00F8B506000D001400002802D0836B002B95
:10790C004BD0A369A3600C23E25E91B20B071FD589
:10791C002369002B1CD0FF20EFB205408020800192
:10792C00014226D022686169D31A99422CDD0133B9
:10793C00A1680139A160511C2160177062699A42DB
:10794C002ED0A389DB0701D50A2D29D02800F8BD3C
:10795C002100300000F052F8002827D1FF20EFB2B0
:10796C00054080200C23E25E800191B22369014224
:10797C00D8D10243616EA2810E4A0A4062666169E7
:10798C002268D31A9942D2DC21003000FAF758FF52
:10799C0000280BD122680123CAE7FAF7D7FFB0E71A
:1079AC0021003000FAF74CFF0028CFD001256D42A2
:0879BC00CCE7C046FFDFFFFF2E
:1079C400002904D0FF2A04D801200A70704700203F
:0C79D400FCE78A23036001204042F7E733
:1079E00070B50500080011000022064C22601A0044
:1079F000F4F7BAFE431C00D070BD2368002BFBD007
:087A00002B60F9E7C4AD002082
:107A0800334B70B5050018680C00002802D0836B52
:107A1800002B3DD00C23E25E93B219070DD52169E6
:107A2800002915D0DA0722D50023A3606369002056
:107A38005B42A361002922D070BDD90640D55B07FF
:107A480029D4216908231343A3819BB20029E9D1D2
:107A5800A0228020920080001A408242E2D02100B9
:107A68002800FBF7F7FEA3892169DA07DCD4002296
:107A78009B0700D46269A26000200029DCD10C2297
:107A8800A35E1A06D8D540221343A3810138D3E751
:107A9800FAF75EFFBEE7216B00290AD023004033C6
:107AA800994204D02800F4F7F3F90C23E25E00238E
:107AB800236324239A430023216963602160C1E77B
:107AC80009232B60402301201A43A2814042B3E7D7
:047AD800C0070020C3
:107ADC00002370B5064C050008002360F4F7D0FDB8
:107AEC00431C00D070BD2368002BFBD02B60F9E742
:047AFC00C4AD0020F5
:107B0000F0B5454680465746DE464E464346E0B50C
:107B10001B690D6985B00F000020AB4200DA92E0CE
:107B200014239C468C446246013DAB000292D61859
:107B3000142242449146994433680192591C4B46A1
:107B40001868E8F79BFC041E46D0029A0023924670
:107B5000002001994A46A446B1465446BB46AA466F
:107B600006000D001F000392634604CC1004000CB5
:107B70005843120C5A43C019030CD2182B68000446
:107B80001904090C8919170C000C1204091A120C9B
:107B90001B0C9B1A0A149B1809041E14090C1B04C5
:107BA000194302C5A145DFD2039B4E4699461B6887
:107BB000644655465F46002B0ED14B46019A043B66
:107BC0009A4204D306E0043B013D9A4202D219686E
:107BD0000029F8D043461D613900404601F0B0FA53
:107BE00000282FDB029B01340020A4461900019FCE
:107BF0003B6810C91A04120C10182204120C821AC5
:107C00001B0C200C1B1A10141B1812041814120C35
:107C10001B04134308C78E42EAD2019A6446944675
:107C2000AB006344196800290CD1043B9A4204D389
:107C300006E0043B013D9A4202D219680029F8D0BF
:107C400043461D61200005B03CBC90469946A246C3
:047C5000AB46F0BD92
:107C5400F0B557464E46DE464546E0B516001F00D1
:107C6400016C9DB0040002960397002908D00123FB
:107C7400426C93404A608B6001F03CF8002323641B
:107C84003D1E00DAB8E10023299A13602A00CC4B88
:107C94001A409A4200D1BBE1029E039F00220023B6
:107CA40030003900E8F786FD002813D00123289A14
:107CB40013602A9B002B00D1D4E1C24B2A9A136093
:107CC400013B9A4650461DB03CBC90469946A2469C
:107CD400AB46F0BD1AAB01931BAB009332003B00E3
:107CE400200001F0D7FA2B0D834600D0ADE11A9B9A
:107CF40098461B9B43441E00B34BF318202B01DC16
:107D040000F096FC4022D31A9D40B04B0298F31821
:107D1400D8402843EAF728FE0123AD4D16934919AC
:107D2400751E0022AB4BEAF74BFAAB4AAB4BE9F7B3
:107D3400D5FFAB4AAB4BE9F7ABF8060028000F00C0
:107D4400EAF7D8FDA84AA94BE9F7C8FF02000B00DF
:107D540030003900E9F79CF806000F00EAF794FDBB
:107D640000220690002330003900E8F729FD00289E
:107D74000DD0069B18009946EAF7BCFD3B00320083
:107D8400E8F718FD434258414B461B1A069301235A
:107D9400069E0A93162E10D89549F300C918086850
:107DA4004968029A039BE8F71FFD002801D100F0FF
:107DB40045FC0023013E06960A9343465D1B0023BF
:107DC40004932B00013B984604D501235B1B0493C9
:107DD40000239846069B002B00DA8AE29C4609930E
:107DE40000239946E044269B092B00D93DE1012656
:107DF400052B02DD0026043B2693269B032B01D191
:107E040000F043FD01DC00F0F9FC269B042B01D1BA
:107E140000F06EFC01230893269B052B01D000F093
:107E2400F3FC279A069B944663440B930133079310
:107E34001F1E00DC01270023079D63640021172F08
:107E440000DC20E1012204335B001800143011002F
:107E54000132B842F8D96164200000F023FF824661
:107E640020640E2D00D816E11B9B002B00DA22E2C1
:107E7400069A0E2A00DD1EE25D4BD2009B181A689A
:107E84005B6804920593279B002B01DA00F03BFC0E
:107E9400029E039F049A059B30003900E9F714FB06
:107EA400EAF7F2FC8146EAF725FD049A059BE9F717
:107EB40015FF02000B0030003900EAF781F9534640
:107EC4005D1C4B46524630331370079B06000F006F
:107ED400012B45D00022474BE9F700FF0022002385
:107EE40006000F00E8F766FC002800D069E30222D0
:107EF400079B5244534402931500A1460EE000220E
:107F04003C4BE9F7EBFE0022002306000F0001358D
:107F1400E8F750FC002801D000F0C2FC049A059B4D
:107F240030003900E9F7D0FAEAF7AEFC0400EAF7CA
:107F3400E1FC049A059BE9F7D1FE02000B00300036
:107F44003900EAF73DF922006B1E30321A70029BA9
:107F540006000F00A846AB42D1D14B46A1461C00F7
:107F640032003B0030003900E8F792FF049A059B89
:107F740006000F00E8F738FC00280CD1049A059B92
:107F840030003900E8F716FC002800D119E34B460D
:107F9400DB0700D415E36B1E1978504607E09842BE
:107FA40001D100F002FD023D29781D00013B1A00B9
:107FB4003929F4D082460291029E0136167000E3FC
:107FC4000000F07FE9D50110320400001204000023
:107FD400000010FE0000F83F61436F63A787D23FA3
:107FE400B3C8608B288AC63FFB799F501344D33FA4
:107FF40018D60110000024400123299A7D006D0841
:1080040013602A00BF4B03951A409A4200D043E6FE
:10801400BD4B289A1360029B002B0CD12D030AD16F
:108024002A9B002B01D100F0ABFDB84B9A460833D4
:108034002A9A136046E62A9B002B02D1B44B9A4637
:1080440040E6B34B9A460333F2E73A03B14D120BC1
:108054001543B14A29009D181A9B30009846002305
:1080640016935EE6AD4B9A462CE6012500230122C9
:1080740001266D4226930892079527930023002139
:108084006364079B0B93200000F00CFE824620647F
:108094000E2D00D9E8E6002E00D1E5E6029A039BF6
:1080A400069F0E920F93002F00DC52E30F213B003A
:1080B4000B40DA009A4B9B181D685E680C950D9670
:1080C4003D11EB0601D400F008FC964B0D401A6AF2
:1080D4005B6A0E980F99E9F7F7F903231090119151
:1080E4000293002D18D00C980D99230001274C46BB
:1080F40099468C4E2F4206D0029B0133029332687C
:108104007368E9F7EBFD6D100836002DF2D14B468C
:10811400A1461C000C900D910C9A0D9B109811997E
:10812400E9F7D2F90C900D910A9B002B09D00C9819
:108134000D990022774BE8F743FB002801D000F0AB
:1081440082FC0298EAF7D6FB0C9A0D9BE9F7C6FD70
:10815400754B0022E8F79CFE744B0500CE18079B74
:10816400002B00D16FE3069B1893079B10930C9888
:108174000D99EAF789FB129513960600109D684B3A
:108184006A1ED2009B18303619685A68F3B25646F4
:1081940001361491159202931796EAF7ABFB02008D
:1081A4000B000C980D99EAF70BF8149A159B06002E
:1081B40008980F00002800D1ADE300205C49E9F7DE
:1081C40083F9129A139BE9F7FBFF6B4652461B7A1D
:1081D4000C900D91137032003B00E8F705FB00286A
:1081E40001D000F0BDFC32003B0000204949E9F712
:1081F400E7FF0C9A0D9BE8F7E3FA002801D000F0A2
:10820400B1FC012D00D178E34A46149242461992FA
:108214005A46179B554402951294109299460C9C09
:108224000D9DD34612E032003B0000203949E9F7A6
:10823400C7FF22002B00E8F7C3FA002801D000F0A2
:1082440065FC029BD146534500D14EE30022394BD5
:1082540020002900E9F742FD0022364B04000D00FE
:1082640030003900E9F73AFD0F000600EAF70CFB8D
:108274008046EAF73FFB02000B0030003900E9F7C3
:108284009FFF01234B449A4643463033DBB2984662
:108294004B4642461A7022002B0006000F00E8F7F6
:1082A4008FFA0028BFD0109B5546DA469B46189B90
:1082B400129C069385E1089A002A3DD0269A012A49
:1082C40000DC05E2079B5D1E4B46A94500DAEAE2A5
:1082D4005D1B079B002B00DA15E39C46049AE044DF
:1082E4001700624404920121200000F09DFD060065
:1082F40025E0049A069BD21A5B4299460023049215
:10830400099370E50000F07F0F270000D8D5011015
:10831400E4D501100000F03F01FCFFFFE8D5011097
:1083240018D60110F0D5011000001C400000C0FC5C
:108334000000E03F000024404D460026049F002F2B
:108344000DDD4346002B0ADD3B00474500DD92E18D
:10835400049AFF1AD21A04924246D31A98464B46FC
:10836400002B0ED0089B002B05D04B465B1B994677
:10837400002D00D081E159464A46200000F01AFE43
:1083840083460121200000F04FFD099A8146002A0E
:1083940000D037E1269B012B00DC53E101231F2091
:1083A4004344184000D12BE120231B1A042B00DC8A
:1083B400E0E31C23181A049B3F189C46844463463C
:1083C40080440493049B002B05DD59461A002000C9
:1083D40000F050FE83464346002B05DD49464246E5
:1083E400200000F047FE81460A9B002B7AD1079BB0
:1083F400002B00DCF5E1089B002B00D190E0002F5E
:1084040000DD50E1099B0496002B00D0D0E1079ACF
:1084140053469446013B9C44634608930123029AC5
:108424005D461A405346D046CB4607920A935946B6
:108434002800FFF763FB0300099030333100280064
:10844400029300F07BFE049A07005946200000F0D6
:108454008FFEC3688146002B00D0CEE001002800C7
:1084640000F06CFE82464946200000F043FC524670
:10847400269B134303D1079B002B00D125E3002F38
:1084840000DA19E2269B1F4303D1079B002B00D17E
:1084940012E243465F1C5346002B00DDA2E26A460B
:1084A4004346127A1A70089B434500D1A9E200237F
:1084B40029000A22200000F027FC049B05009E42AC
:1084C40000D190E0310000230A22200000F01CFCBF
:1084D400002306000A220499200000F015FCB84687
:1084E4000490A4E74946584600F028FE002800DB23
:1084F4007DE7069B5946013B06930A220023200090
:1085040000F002FC089B8346002B00D012E30B9B77
:10851400002B04DC269B022B00DD35E30B9B079329
:10852400079B5746984623005C46B3464E469946F9
:1085340007E0210000230A22484600F0E5FB2F0053
:10854400040031002000FFF7D9FA534630307D1C77
:108554003870EB1A4345ECDB4B460027B1465E46C8
:10856400A3461C00029001225946200000F082FD1F
:108574004946834600F0E2FD6B1E1A78002800DCB1
:1085840098E0514606E0994200D182E1023D2A7802
:108594001D00013B392AF6D08A4601321A70494639
:1085A400200000F0A7FB002E0BD0002F05D0B7420F
:1085B40003D03900200000F09DFB3100200000F0C2
:1085C40099FB5946200000F095FB00232B70069B75
:1085D400289A013313602A9B002B01D1FFF772FB09
:1085E4001D60FFF76FFB310000230A22200000F01A
:1085F4008BFBB8460600049019E701239A4632E73C
:108604001C20D8E60100200000F0D4FC269B814603
:10861400012B00DCE0E0002309934B461B69033384
:108624009B004B44586800F0B5FB20231B1AB6E6A8
:1086340020220298D31A9840FFF76CFB00230A9378
:10864400FFF7BBFB029B002B00D0A7E6029803991F
:1086540000220B0309D1DA4B0B4206D0049B0132F2
:108664000133049301239C46E044099B0992002BA7
:1086740000D193E6D1E743466AE62A0031002000A0
:1086840000F098FC5A4601000600200000F0D6FBDA
:1086940059460500200000F02DFB4B46AB46002B4D
:1086A40000D16EE667E631003A00200000F0E2FCFB
:1086B4000600A7E6002808D10299C90700D560E79B
:1086C40003E0023D2A781D00013B302AF9D066E719
:1086D400169A002A00D19CE1BA4A94466344049A4B
:1086E400984494469C4463464D4617000493FAE527
:1086F40001230893279B002B00DCC0E00B93079316
:108704001F00FFF798FB079B002B01DDFFF7C0FB61
:1087140000D0B0E0049805990022AB4BE9F7DEFAEB
:10872400029A039BE8F76AF800230026994600287A
:108734005FD1534652465D1C31231370069B0133AF
:1087440006934946200000F0D5FA002E00D034E705
:1087540037E7069B002B00D16DE10E980F995D421F
:108764000F239A4A2B40DB00D3181A685B68E9F799
:10877400B5FA2D110C900D91002D00D1ECE10222DF
:1087840000230127924E02922F4207D0029B01330D
:10879400029332687368E9F7A1FA01236D10083671
:1087A400002DF1D1002B00D1BEE40C900D91BBE45F
:1087B4007168200000F076FA3100050033690C314D
:1087C4009A1C92000C30FBF7C9FB012229002000FF
:1087D40000F050FC04901AE6029B002B00D135E710
:1087E40019E7269B022B00DC05E6079B002B00D132
:1087F40013E1279B5546DB430693A2E70023089326
:10880400269B022B00D175E700230021636420001E
:1088140000F048FA0023279301330893023B824671
:1088240020640B930793FFF71FFB0298EAF762F8A3
:108834000C9A0D9BE9F752FA664B0022E8F728FBE5
:108844000500654BCE1800220C980D995E4BE9F794
:10885400B7FC2A00330002900391E7F7C5FF002814
:1088640055D18021090673182A0002980399E7F765
:10887400A7FF002841D0002300269946B9E7012329
:10888400012507932793FFF7F9FB00230893FFF7CC
:10889400C8FA069B8A460133069331230B707EE6A1
:1088A40045464C468DE6EE1A099BA9469C46B444BF
:1088B4006346002509930CE50A9A534692464246BC
:1088C400D946AB46551C002B00DDE3E06A4643461F
:1088D400127A37001A70049E61E60E9A0F9B10926A
:1088E400119302230293FFF7FCFB149BDA4699468B
:1088F400199B129C9846109B9B460E9A0F9B0292C2
:108904000393FFF7B1FA049B079A9F1AEBE4002341
:10891400002699460DE712981399E9F7DFF96A469C
:108924005346127A0C900D911A70109B179D012BCF
:1089340027D0109B534402934B46C146A0462C00BB
:1089440010930022254B30003900E9F7C7F90F00D6
:108954000600E9F799FF0500E9F7CCFF0B000200D8
:1089640039003000E9F72CFC3035029B25700134C6
:1089740006000F00A342E4D1109B4446C846994622
:10898400029D00220C980D99154BE8F781FA3200EC
:108994003B00E7F715FF002800D1A2E0189A6B1EF0
:1089A400197806925046FFF702FB069B8246013374
:1089B40006933023020003700293FFF7FDFAC046CA
:1089C4000000F07F330400000000144018D60110AA
:1089D400F0D5011000001C400000C0FC0000244041
:1089E4000000E03F0A9BD9469A46029BAB463D00F5
:1089F400392B61D04246029B370001331370049E29
:108A0400CDE50A9BD9469A46AB463D003700049E05
:108A1400A9E536231A9A9B1A61E6494605222000E5
:108A240000F072F981460100584600F087FB0028E7
:108A340000DD7EE6DDE60E9A0F9B0C920D93022379
:108A44000293FFF771FB079B002B00D1EDE60B9F10
:108A5400002F00DC51E70C980D99069B0022013B86
:108A640018934B4BE9F73AF905000E0002980C9560
:108A74000D960130E9F73EFF2A003300E9F72EF99D
:108A8400444B0022E8F704FA434B0500CE18109734
:108A9400FFF76DFB59460122200000F0EBFA49462E
:108AA400834600F04BFB00283CDD029B392B03D0AE
:108AB400099B3133029309E7392342463700137087
:108AC400049E39226B1E514664E50A9BD9469A4698
:108AD4004346AB465D1C029B392BEDD0002FE7DCEF
:108AE400F4E60C9A0D9B00202C49E9F769FB32004F
:108AF4003B00E7F779FE002801D1FEE61D006B1E5E
:108B04001A78302AFAD0189B06935AE55546DA4665
:108B1400109A4B469346189A4146129C0692504628
:108B2400FFF745FA002800D0D0E6029BDB0700D40B
:108B3400CCE6BAE7002331000A22200000F0E4F872
:108B44000B9B0600002B01DD079358E4269B022BA8
:108B54001ADC0B9B079352E402230293FFF7E4FA17
:108B6400179DD0E7189B179D0693029953465046CC
:108B7400FFF71DFA042B00D124E43C23181A1AE44D
:108B8400074B9A46FFF79EF80B9B07932DE6C046CA
:108B94000000244000001C400000C0FC0000E03F36
:048BA400D8D501100F
:108BA800F0B5D6464F4646460B78C0B5722B3FD037
:108BB800772B37D0612B07D01623036000201CBC0D
:108BC80090469946A246F0BD822384209B009A468F
:108BD8000124400080235B02994680231B019846AC
:108BE8001C2310279C460326022501310B78002BF5
:108BF8000ED0622B13D0782B0ED02B2BF5D16346D9
:108C0800013198430B78B44338432C43002BF0D1FF
:108C180053461C431460D2E743461C43E5E74B46E2
:108C28001C43E2E7C023DB009A4601240820D1E771
:0C8C3800002300249A460420CCE7C0462C
:108C4400002370B5064C050008002360F3F7F6FD19
:108C5400431C00D070BD2368002BFBD02B60F9E7C8
:048C6400C4AD00207B
:108C6800034B1B68586B002800D10248F03070474E
:088C7800C0070020F00B0020F2
:108C800070B50500080011000022064C22601A0091
:108C9000F3F743FE431C00D070BD2368002BFBD0CC
:088CA0002B60F9E7C4AD0020D0
:108CA80070B50400C06C0D0000280AD0AB00C318D2
:108CB800186800280FD002681A6000230361C36097
:108CC80070BD212204212000F3F72EF8E06400286B
:108CD800ECD10020F4E70126AE40721D920001217C
:108CE8002000F3F721F80028F3D045608660E4E718
:108CF800002906D04B689A00C36C9B181A680A6052
:048D08001960704737
:108D0C00F8B5CE4647468146080080B50D000C6983
:108D1C001F0000211430036801311E04360C564329
:108D2C001B0C5343F619370CDB1936041F0C360C8D
:108D3C001B049B1908C08C42EDDC002F08D0AB68DB
:108D4C00A3420ADD231D9B00EB1801345F602C61EC
:108D5C0028000CBC90469946F8BD6B684846591CD7
:108D6C00FFF79CFF29002B6980469A1C92000C315E
:108D7C000C30FBF7EFF86B689A004B46DB6C9B18DA
:0C8D8C001A682A601D604546DCE7C046FE
:108D98000300020C0020002A01D11B0410301A0E17
:108DA80001D108301B021A0F01D104301B019A0FA0
:108DB80001D102309B00002B02DB5B0001D50130A2
:088DC80070472020FCE7C046C3
:108DD00003685A0709D00022D90704D49A071ED580
:108DE00001225B080360100070471904002200296B
:108DF00001D11B0C1032FF21194201D108321B0A8C
:108E0000190701D104321B09990701D102329B08CD
:108E1000D90702D45B0806D001320360E3E79B0860
:0C8E200003600222DFE72022DDE7C046ED
:108E2C0010B50C000121FFF739FF012344610361E8
:048E3C0010BDC0465F
:108E4000F0B557464E464546DE46E0B514690E6914
:108E500085B00F001500A64204DA33001700260083
:108E60000D001C0033199846BB687968434500DA49
:108E70000131FFF719FF14220300944663449A4618
:108E800043469B0019005144029003918A4504D245
:108E90005346002204C39942FCD83B0014339C463D
:108EA00001931423B2006244A4009C462300AC4406
:108EB000634400939C4562D2914608E0240C32D171
:108EC00004239B46009BDC44DA44634557D9634640
:108ED0001C682604360CF1D0554600224C46019FF2
:108EE00002CF28680B041B0C73430004000C1B18F2
:108EF000994691442A680B0C100C4A464946734324
:108F0000120C1B189B1809041A0C090C1B040B43A8
:108F1000AB4608C5BC42E3D85B465A606346A146EF
:108F20001C68240CCCD0534600221B68494650468E
:108F30001E009146019D2A88360C624392194A44CC
:108F40001B0416041B0C33434668036037043F0CB4
:108F5000B94608CD120C1B0C63434B449B181A0CEA
:108F6000834691460430A942E5D85F467B600423DE
:108F70009B46009BDC448946DA446345A7D84346B8
:108F8000002B0EDD039B043B1A68002A09D14246E0
:108F900003E0043B1968002902D1013A002AF8D104
:108FA0009046029B424618001A6105B03CBC9046B0
:088FB0009946A246AB46F0BD54
:108FB800F8B54746CE46032380B588460700140017
:108FC80013403AD1A410464626D0BD6C002D3DD0A2
:108FD800012346469846002399464346234208D132
:108FE800641019D0286800281BD005004346234286
:108FF800F6D02A0031003800FFF71EFF002E1AD0E5
:10900800FA6C736894469B0063441A686410326073
:109018001E600600002CE5D130000CBC9046994635
:10902800F8BD2A0029003800FFF706FF4B462860E4
:1090380003600500DAE70600D2E70B4A013B9B0014
:109048009A580023FFF75EFE8046BBE701213800EF
:10905800FFF726FE054B050043610123036100234A
:10906800B8640360B4E7C046E0D60110710200009E
:10907800F0B5DE4657464E464546E0B50D002B692D
:1090880056119B46B3445B465C1CAB6883B00190A9
:10909800170049689C4203DD01315B009C42FBDC00
:1090A8000198FFF7FDFD030084461433002E06DD0A
:1090B8000022B100591804C39942FCD10B00296958
:1090C8002A008E001F21143239409619894600293A
:1090D80029D020214846091A884600271900484601
:1090E80013688A4683403B4308C1434680CADF4031
:1090F8009642F4D853465F60002F01D05C46023494
:1091080063466046013C1C616B689A00019BDB6CFE
:109118009B181A682A601D6003B03CBC90469946AB
:10912800A246AB46F0BD02CA02C39642E8D902CABB
:0891380002C39642F7D8E3E7F9
:109140000A69036930B50500981A12D192001435E6
:109150001431AB18891801E09D420AD2043B04394E
:109160001C680A689442F7D09442804101239843D6
:04917000013030BDDD
:10917400F8B5454657464E461400DE46E0B50E00A7
:10918400250013690A698846D71A14361435002F46
:1091940016D19B00F218EB1802E0B24200D86FE03F
:1091A400043A1168043B8C4619688C45F5D00AD200
:1091B40033002E001D0043460127A0461C0002E098
:1091C400002FF5DB002743465968FFF76BFD434644
:1091D40081461B69C7609C469800236982469B00B0
:1091E40098464F46B244A8441437002000E02600B5
:1091F40004CD34009346594608CC09041A04120CD1
:109204001218090C521A190C5B461B0CCB1A1114B8
:109214005B1812041814120C1B04391D13433B6011
:109224000F00A845E3D8A24515D908CC1A04120C9E
:10923400121815141B0C5B1912041814120C1B04BD
:10924400134308C7A245F0D85246961B053EB608FC
:109254000136B60089190439002B07D101235B427A
:10926400984604390B68C444002BF7D04B46624639
:109274001A6148463CBC90469946A246AB46F8BDA6
:109284000021FFF70FFD01230361002381464361A1
:04929400EFE7C046FA
:10929800F0B501211C0083B01500089FFFF700FD01
:1092A8002303640006001B0B640D02D080225203C6
:1092B80013430193002D19D068460095FFF784FDEC
:1092C800002830D1009B019D7361B5616B1E9D41E3
:1092D80001353561002C14D0194B9C463523644464
:1092E8002418181A099B3C60186019E001A8FFF7B8
:1092F8006BFD019B20307361012301253361002C34
:10930800EAD1104B9C46104B6044EB189B00F318B5
:1093180038605869FFF73CFD6D01099B281A1860F1
:10932800300003B0F0BD019D20232A001B1A9A408B
:109338001300C540009A019513437361C5E7C04601
:0C934800CDFBFFFFCEFBFFFFFFFFFF3F50
:1093540070B50500080011000022064C22601A00B6
:10936400F3F770FA431C00D070BD2368002BFBD0C8
:089374002B60F9E7C4AD0020F5
:10937C00F0B557464E46DE464546E0B5936883B099
:10938C0001900E009246002B6CD0136808688D6813
:10939C001F0044E09022B389D20013422ED03169D1
:1093AC00421A9346706942001218D00F8218601C42
:1093BC00521058449046904201D9804602008020B9
:1093CC00C000034237D011000198F2F715FD051EBD
:1093DC0053D05A463169FAF7BDFDB389294A134077
:1093EC0080221343B381434628005A463561A04678
:1093FC002500584473619B1A3060B360424649465D
:10940C00FAF7ECFDB3685D1B3368B5604344336019
:10941C00180053469B681C1B53469C6022D03B682B
:10942C007C6899460837A846002CF8D0AC42B1D2DB
:10943C002500A046E2E70198F2F74AFC051ED2D1BE
:10944C00019C31692000F2F721FD0C23236040229E
:10945C00B38901201343B3815246002340429360E9
:10946C00536003E0002352460020536003B03CBC21
:10947C0090469946A246AB46F0BD0C23019A136068
:08948C00E5E7C0467FFBFFFF8E
:10949400F8B54E464546DE4657464B6EE0B5804627
:1094A4000E0091469B0430D513689A469368002BAE
:1094B40029D05246146852689346970818D000255C
:1094C40003E001350434AF4210D032002168404635
:1094D40000F072F8431CF4D14A46002393605360B1
:1094E4003CBC90469946A246AB46F8BD4B469B68A9
:1094F4005A4603218A439B1A4A469360082294469B
:10950400E244002BD5D10020E6E7F9F70BFFE3E7AF
:10951400936810B5002B02D0FFF7BAFF10BD53605B
:049524000020FBE741
:10952800F0B5CE46474680B583B0814688461400DC
:10953800FAF74AF9012803D14346013BFE2B2ED9FD
:10954800230001AF5C3342463900484600F060F81A
:109558000600431C29D000281FD03978002507E0D1
:1095680023685A1C226019700135B54215D2795DFD
:10957800A368013BA360002BF2DAA269934201DBE6
:109588000A29EDD122004846FEF7B4F9431CEBD175
:1095980003B00CBC90469946F0BD4046F8E74346F8
:1095A80001AFD9B239700126D8E74022A389134305
:0495B800A381EDE7B7
:1095BC0070B514000C23D25E636E0E00050091B2E0
:1095CC00DB0701D48B051AD580239B01194204D1EA
:1095DC001A43A281626E1343636628002200310095
:1095EC00FFF79CFF636E0500DB0702D4A3899B0584
:1095FC0001D5280070BDA06DFAF7F8F8F9E7A06D59
:0C960C00FAF7F2F80C23E25E91B2DDE701
:1096180070B51D00124B84B01B6804005B6B0029F9
:109628000CD0002B08D0E0201E582B002000B0479B
:10963800431C0ED004B070BD0A4BF4E7002B0DD0CC
:10964800E02201A99E5820002B000022B047431CAD
:10965800F0D100232B608A332360EBE7014BEFE75F
:08966800C0070020F00B0020F8
:1096700058220120014B40421A607047C4AD0020BF
:1096800058220120014B40421A607047C4AD0020AF
:1096900000000000000000010000010000000101C6
:1096A00000010000000100010001010000010101B2
:1096B00001000000000000000000000100000100A7
:1096C0000000010100010000000100010001010093
:1096D0000001010101000000000000000000000086
:1096E000000000000000000000000000000000007A
:1096F000000000000000000000000000000000006A
:109700000000000000000000000000000000000059
:1097100005000000E803000005000000C42A002046
:109720001000000000000000000000000000000029
:109730000000000000000000000000000000000029
:109740000000000000000000000000000000000019
:109750000000000000000000000000000000000009
:109760000000000000100000D4A5011010A6011098
:109770006D8800104D880010F8A50110040000004D
:10978000ADA301100B000000102D00201C000000F4
:10979000540C0010FE0B0010FE0B00102C0D0010DE
:1097A000FA0B0010FA0B0010220D00102C0D001007
:1097B000FA0B0010220D0010FA0B00102C0D0010F7
:1097C000300D0010300D0010300D0010380D00105D
:1097D00070170010E2150010261600108A150010F0
:1097E0002616001016170010261600108A150010F5
:1097F000E2150010E2150010161700108A1500106F
:109800008215001082150010821500102417001018
:10981000981E00109A1D00109A1D0010B82000100C
:10982000941D0010941D0010A0200010B8200010FE
:10983000941D0010A0200010941D0010B8200010EE
:10984000AE200010AE200010AE200010BC20001092
:109850000000000000000000BD2E0010252F0010A9
:10986000E52D0010334300103B4400102D41001043
:10987000894600102B43001089430010414100101D
:109880003B4100106D4F0010D52D00101F410010FE
:1098900049410010CD2D0010CF2D0010D12D00100A
:1098A00005010902A10185010901A10005091901AC
:1098B00029031500250195037501810275059501A0
:1098C00081030501093009311581257F750895024D
:1098D000810609381581257F750895018106C0C06C
:1098E00005010904A1018502050919012980150056
:1098F00025017501958081020501093009311600A5
:109900008026FF7F75109502810209391500250711
:10991000350046380165147504950181027504957A
:10992000018103C0050D0904A10185030922A102DB
:10993000094209321500250175019502810275065B
:1099400095018103095175089501257F8102050163
:10995000093026FF04751095018102093126CF02D6
:109960008102050DC00922A1020942093215002514
:1099700001750195028102750695018103095175F2
:10998000089501257F81020501093026FF04751025
:1099900095018102093126CF028102050DC00922FD
:1099A000A1020942093215002501750195028102C3
:1099B000750695018103095175089501257F81027E
:1099C0000501093026FF0475109501810209312631
:1099D000CF028102050DC00922A1020942093215F8
:1099E0000025017501950281027506950181030923
:1099F0005175089501257F81020501093026FF0474
:109A0000751095018102093126CF028102050DC032
:109A10000922A102094209321500250175019502AA
:109A20008102750695018103095175089501257F0D
:109A300081020501093026FF047510950181020994
:109A40003126CF028102050DC00954250575089500
:049A5000018102C0CE
:039A540066730036
:109A57004D6F7573650047616D65506164004D6FAB
:109A67006465207377617070656420746F2048495E
:039A770044200088
:039A7A0072620015
:109A7D007762004661696C656420746F206F706554
:0E9A8D006E20666F722077726974653A200051
:109A9B002F66732F6D6F64652E62696E006D6F6438
:109AAB00652E62696E206D697373696E672C206415
:109ABB00656661756C74696E6720746F2067616D84
:109ACB0065706164004D6F6465207365743A2000A6
:069ADB006D6F757365005C
:0E9AE1002F66732F63616C69622E62696E00DE
:109AEF00493243207363616E3A00203078003000B2
:0C9AFF00206E6F2064657669636573005B
:109B0B0047543931312073746174757320726561F8
:109B1B0064206661696C656400475439313120708B
:109B2B006F696E7420646174612072656164206674
:069B3B0061696C65640025
:109B41004754393131207374617274757020746FA8
:109B510075636820646174612069676E6F72656402
:109B61000047543931312072656164206661696C46
:109B710075726573206578636565646564207468D2
:109B8100726573686F6C643B207265736574746988
:0E9B91006E6720636F6E74726F6C6C6572008D
:109B9F0047543931312073657475703A207265738B
:109BAF00657474696E6720636F6E74726F6C6C6529
:109BBF00720047543931312070726F6475637420AD
:109BCF0049443A200047543931312070726F64751F
:109BDF0063742049442072656164206661696C6515
:109BEF006400475439313120636F6E6669672076A0
:109BFF00657273696F6E3A2030780047543931318E
:109C0F0020726177207265736F6C7574696F6E3A2D
:109C1F00200047543931312073657475703A2049EB
:109C2F004E54207472696767657220656E61626C4D
:039C3F0065640059
:109C420047543931310020746F75636865733A2067
:0F9C520000202069643D0020783D0020793D000E
:109C610047543931312072656164207375636365CE
:109C710065646564206166746572207265747279C9
:019C810000E2
:109C82004661696C203A28004F4B21004D6F756E7A
:109C920074696E672066696C6573797374656D208B
:109CA2002F66732F2E2E2E2000466F726D617474F4
:089CB200696E672E2E2E2000C2
:079CBA0052656164202200E5
:109CC1004661696C20756E6D6F756E74696E672083
:0B9CD10066696C6573797374656D0043
:109CDC00577269746520746F202200222E2E2E205C
:109CEC000046696C65206E6F7420666F756E64003B
:0F9CFC0057726F746520002063686172732E00C9
:109D0B00766F6964207570646174655F75735F73DA
:109D1B00696E63655F626F6F74286162736F6C75D8
:109D2B0074655F74696D655F742A2C2075696E7438
:069D3B0036345F742900BC
:109D4100436F6D706F736974652048494420626F79
:109D51006F740047616D65706164207265706F7228
:109D6100747320656E61626C6564004D6F75736517
:109D7100207265706F72747320656E61626C6564C8
:019D810000E1
:109D820075735F73696E63655F626F6F74203C3DCC
:109D920020494E5436345F4D4158002F686F6D652F
:109DA2002F74616E676C65732F2E61726475696EB4
:109DB2006F31352F7061636B616765732F617264F8
:109DC20075696E6F2F68617264776172652F6D625B
:109DD20065645F7270323034302F342E362E302F5D
:109DE200636F7265732F61726475696E6F2F6D6236
:109DF20065642F746172676574732F5441524745CD
:109E0200545F52415350424552525950492F544186
:109E1200524745545F5250323034302F7069636F6D
:109E22002D73646B2F636F6D6D6F6E2F7069636F2F
:109E32005F626173652F696E636C7564652F70690B
:0B9E4200636F2F74797065732E680049
:109E50000000000000000000F94200100D43001057
:089E6000EF450010459A0010C7
:0C9E680015470010214300101D410010A0
:089E7400FFFFFFFFFFFFFFFFEE
:109E7C002F686F6D652F74616E676C65732F2E6123
:109E8C00726475696E6F31352F7061636B616765D4
:109E9C00732F61726475696E6F2F6861726477617C
:109EAC0072652F6D6265645F7270323034302F349E
:109EBC002E362E302F6C69627261726965732F5564
:109ECC0053424849442F7372632F555342484944B7
:109EDC002E637070007265736F6C7665722E76618E
:069EEC006C6964282900E6
:109EF4000000000000000000AD420010E14200102C
:109F0400D1410010334300103B4400102D41001098
:109F1400894600102B430010894300104141001072
:109F24003B4100106D4F0010514100101F410010C3
:109F340049410010CD2D0010CF2D0010D12D00105F
:109F44001603480049004400200044004500560020
:069F540049004300450036
:089F5A0008034800490044001F
:0C9F64005B490010214300101D4100105B
:0C9F7000DD4E0010214300101D410010C8
:109F7C000000000000000000D94A0010654B0010E2
:109F8C0063490010B9490010654C0010754D001064
:109F9C00DD4C0010454E001069490010D5490010E9
:049FAC00754A0010E2
:109FB0005261737062657272795069205069636F83
:019FC00000A0
:109FC4000000000000000000B54F0010D14F001049
:109FD40009AF001015A40010BDA00010C1A100100D
:109FE400BDAF0010C79C0010C99C001041B2001006
:109FF40095B20010559D0010C5500010E951001095
:10A00400259D0010AD4F001095510010C151001056
:10A014003D9D001051510010654F0010694F001014
:10A024006B4F0010714F00108D4F0010E94F00105E
:10A034002D5000106950001095500010035400106A
:08A044000B540010135400102E
:10A04C001003410072006400750069006E006F001F
:10A05C00000000000000000065560010795600104A
:08A06C001D5B0010459A001075
:10A0740000000000000000008D560010A1560010E2
:08A08400635C0010459A001016
:10A08C0000000000000000003D560010515600106A
:08A09C0021540010459A001048
:0CA0A400F55D0010214300101D4100106C
:07A0B00080250000000008FC
:0EA0B7005F72785F73697A65203D3D2030004E
:10A0C5005F74785F6C6973742E656D707479282977
:10A0D500005F72785F6C6973742E656D7074792892
:02A0E500290050
:10A0E7002F686F6D652F74616E676C65732F2E61B6
:10A0F700726475696E6F31352F7061636B61676567
:10A10700732F61726475696E6F2F6861726477610E
:10A1170072652F6D6265645F7270323034302F3430
:10A127002E362E302F636F7265732F6172647569D7
:10A137006E6F2F5553422F5553424344432E63703E
:10A1470070007265736F6C7665722E76616C6964E8
:03A15700282900B4
:10A15C000000000000000000E95500101D56001022
:10A16C003D540010575900106F590010295700101A
:10A17C00495D001033560010B556001029540010DC
:10A18C002F54001045590010355400101B5400106A
:08A19C001D5400101F540010B7
:10A1A40016034300440043002000440045005600C9
:06A1B400490043004500D4
:0CA1BC003D630010214300101D41001005
:0CA1C8002D630010214300101D41001009
:07A1D400555342657674004B
:10A1DB002F686F6D652F74616E676C65732F2E61C1
:10A1EB00726475696E6F31352F7061636B61676572
:10A1FB00732F61726475696E6F2F6861726477611A
:10A20B0072652F6D6265645F7270323034302F343B
:10A21B002E362E302F636F7265732F6172647569E2
:10A22B006E6F2F6D6265642F706C6174666F726DEB
:10A23B002F696E636C7564652F706C6174666F72D9
:10A24B006D2F43616C6C6261636B2E6800626F6F84
:09A25B006C282A7468697329005B
:10A26400000000000000000059600010DD600010D4
:10A274003D540010575900106F5900102957001011
:10A28400495D001033560010B556001029540010D3
:10A294002F5400104559001035540010F95E001079
:10A2A400816100101F5400108D5E0010C15E00100B
:10A2B4004D620010FD5D00101D5E00102D4C00105D
:10A2C400914C00101D4D0010215E0010A54A001095
:10A2D4001D4B0010255E0010D8FEFFFF000000009B
:10A2E400AD6000100D610010D5BA00109FBA0010C7
:10A2F40007BB00109BBA00109BBA00109BBA001059
:10A304000BBB00100FBB00100BBB00101D4700104F
:10A31400234700102D470010314700103747001025
:10A324003D47001041470010A95E0010E15E001097
:10A334004347001045470010D4FEFFFF0000000013
:10A34400C5600010F5600010C0FEFFFF00000000B3
:10A35400C34A00104F4B001063490010235E0010E5
:10A364004D4C00105F4D0010C54C00100D630010E3
:0CA37400075E00101F5E0010355E001038
:0CA380000000000000000000B5630010A9
:03A38C000D0A00B7
:0BA38F005254582056352E352E330056
:10A39A007274785F74696D6572007274785F69644B
:10A3AA006C650073696E676C65746F6E5F6D75744A
:10A3BA006578004E6F7420616C6C6F7765642069F4
:10A3CA006E2049535220636F6E7465787400537916
:10A3DA007374656D206973206F7574206F66206DC4
:10A3EA00656D6F727900506172616D657465722076
:10A3FA006572726F72005265736F75726365206E53
:10A40A006F7420617661696C61626C65004F70657A
:10A41A00726174696F6E206E6F7420636F6D706CF9
:10A42A00657465642077697468696E20746865204C
:10A43A0074696D656F757420706572696F64005513
:10A44A006E7370656369666965642052544F532060
:10A45A006572726F7200666C6173685F6F666673AD
:10A46A00202B20636F756E74203C3D205049434F6A
:10A47A005F464C4153485F53495A455F42595445D8
:10A48A0053002E2F6D6265642D6F732F746172678E
:10A49A006574732F5441524745545F524153504299
:10A4AA004552525950492F5441524745545F5250D0
:10A4BA00323034302F7069636F2D73646B2F727072
:10A4CA00325F636F6D6D6F6E2F6861726477617250
:10A4DA00655F666C6173682F666C6173682E6300D2
:10A4EA00636F6E6E6563745F696E7465726E616CBC
:10A4FA005F666C61736820262620666C6173685FEC
:10A50A00657869745F78697020262620666C6173A5
:10A51A00685F72616E67655F657261736520262682
:10A52A0020666C6173685F666C7573685F636163EC
:10A53A00686500636F6E6E6563745F696E746572D9
:10A54A006E616C5F666C61736820262620666C619A
:10A55A0073685F657869745F78697020262620665B
:10A56A006C6173685F72616E67655F70726F677244
:10A57A00616D20262620666C6173685F666C757350
:10A58A00685F636163686500636F6E6E6563745FBD
:10A59A00696E7465726E616C5F666C6173682026A1
:10A5AA002620666C6173685F657869745F78697084
:10A5BA0020262620666C6173685F666C7573685F17
:06A5CA0063616368650097
:04A5D0000000000087
:10A5D400A4A3011000000000CC2B002044000000C4
:10A5E4001012002000020000010000000100000021
:04A5F4000000000063
:10A5F8000000000000000000042B002034000000D0
:08A60800382B00205000000077
:10A610009AA3011000000000882B002044000000D5
:10A6200010140020000300002800000001000000BA
:04A630000000000026
:10A634006D616C6C6F635F6D7574657800656E76C3
:07A644005F6D75746578007D
:10A64B006D61696E00507265206D61696E20746872
:10A65B0072656164206E6F742063726561746564EA
:10A66B00004661696C656420746F20737461727449
:06A67B002052544F530071
:08A68100556E6B6E6F776E00E1
:10A68900434D5349532D52544F53206572726F7283
:10A699003A20537461636B206F766572666C6F77CD
:10A6A90000434D5349532D52544F53206572726FD5
:10A6B900723A20495352205175657565206F766548
:10A6C90072666C6F7700434D5349532D52544F5363
:10A6D900206572726F723A20557365722054696DE4
:10A6E90065722043616C6C6261636B20517565759D
:10A6F90065206F766572666C6F7700434D534953D9
:10A709002D52544F53206572726F723A205354443C
:10A7190020432F432B2B206C696272617279206C64
:10A7290069627370616365206E6F74206176616917
:10A739006C61626C6500434D5349532D52544F531C
:10A74900206572726F723A2053544420432F432B71
:10A759002B206C696272617279206D75746578203D
:10A76900696E697469616C697A6174696F6E206672
:10A7790061696C656400434D5349532D52544F53DD
:10A78900206572726F723A20556E6B6E6F776E002C
:10A79C00BDA30110D8A30110F0A3011000A4011057
:08A7AC0017A4011049A40110DB
:10A7B4002E2F6D6265642D6F732F706C6174666FDC
:10A7C400726D2F696E636C7564652F706C6174664D
:10A7D4006F726D2F53696E676C65746F6E5074720F
:10A7E4002E680070203D3D207265696E746572703C
:10A7F4007265745F636173743C54202A3E28265F3B
:06A804006461746129008B
:10A80C000000000000000000818C0010838C001000
:08A81C00B18C0010C58C001086
:10A8240000000000000000007190001099900010DA
:10A83400000000006410B71DC8206E3BAC30D92660
:10A844009041DC76F4516B6B5861B24D3C7105500C
:10A854002083B8ED44930FF0E8A3D6D68CB361CB34
:10A86400B0C2649BD4D2D38678E20AA01CF2BDBDE8
:10A874002E2F6D6265642D6F732F64726976657215
:10A88400732F736F757263652F53657269616C42C0
:10A894006173652E637070005F7374617469635FC4
:0FA8A40070696E6D6170203D3D204E554C4C002B
:10A8B40000000000000000004791001047910010C4
:08A8C400CD9500103D96001037
:10A8CC0000000000000000004791001047910010AC
:10A8DC00019800102598001049980010A1980010BC
:10A8EC00639700106F9700107B97001083970010F0
:10A8FC00C9970010E59700108B9700108CFFFFFF95
:10A90C00000000001598001039980010C99800102C
:10A91C009198001069970010879700105F970010AE
:10A92C007F970010018D00100F8D0010759700108F
:10A93C001D470010234700102D470010D59700101D
:0CA94C00F1970010B9970010414700106F
:10A958002E2F6D6265642D6F732F64726976657230
:10A96800732F7573622F736F757263652F417379D7
:10A978006E634F702E637070005F77616974203D5D
:07A988003D204E554C4C0030
:0EA98F005F6C697374203D3D204E554C4C00AA
:10A9A00000000000000000000000000000000000A7
:08A9B00099630010459A0010A4
:10A9B8002E2F6D6265642D6F732F647269766572D0
:10A9C800732F7573622F736F757263652F555342BA
:10A9D8004465766963652E637070005F6C6F636BA6
:07A9E8006564203E203000F1
:10A9EF0044657669636520737461746520697320AB
:10A9FF0022506F776572656422206F722022446542
:08AA0F007461636865642200B4
:10AA170054686520656E64706F696E742069732071
:0FAA27006E6F7420696E64657861626C652E00D5
:10AA36005F7472616E736665722E757365725F639D
:10AA4600616C6C6261636B203D3D2052657175657A
:0BAA5600737458666572446F6E6500F3
:10AA610054686520737461636B2069732077616931
:10AA710074696E67206F6E20612075736572206343
:10AA8100616C6C6261636B20666F72207468652013
:10AA910062756666657220746F2066696C6C206FE2
:0AAAA10072207374617475732E0047
:10AAAB005F7472616E736665722E757365725F6328
:10AABB00616C6C6261636B203D3D20536574436F29
:0CAACB006E66696775726174696F6E00D9
:10AAD7005F7472616E736665722E757365725F63FC
:10AAE700616C6C6261636B203D3D20536574496EF8
:08AAF70074657266616365007D
:10AAFF005F7472616E736665722E757365725F63D4
:10AB0F00616C6C6261636B203D3D205265717565B0
:03AB1F007374004C
:0EAB220021636F6E666967757265642829008D
:10AB30005468652073697A65206F662074686520A3
:10AB40006461746120746F20726561642069732090
:10AB50006C657373207468616E20746865206D6124
:10AB600078207061636B65742073697A6520666F05
:10AB700072207468697320656E64706F696E742EDC
:01AB800000D4
:10AB810054686520656E64706F696E742069732006
:10AB91006E6F7420696E64657861626C65005369DB
:10ABA1007A65206265696E67207772697474656E73
:0FABB10020697320746F6F206C617267652E00CE
:10ABC0002128696E666F2D3E666C616773202620B2
:10ABD000454E44504F494E545F454E41424C4544CA
:10ABE00029006D61785F7061636B65745F73697A6A
:0AABF00065203C3D20313032340076
:0EABFA00215F696E697469616C697A65640037
:10AC0800000000000000000000000000000000003C
:10AC180009AF001015A40010BDA00010C1A10010BC
:10AC2800BDAF0010C79C0010C99C001041B20010B5
:10AC380095B20010559D0010D59C00109963001026
:10AC4800259D00102D9D00104D9D0010359D001074
:10AC58003D9D0010459D0010654F0010694F001084
:10AC68006B4F0010C59C0010996300109963001089
:10AC7800996300109963001099630010999D001062
:08AC8800C59D0010759D001030
:04AC900004030904AC
:10AC94001603300031003200330034003500360032
:06ACA40037003800390002
:10ACAA001603550053004200200044004500560098
:06ACBA00490043004500C3
:08ACC000080355005300420097
:10ACC80012036D006200650064002E006F007200C0
:02ACD800670013
:06ACDA000603300031000A
:10ACE0002E2F6D6265642D6F732F68616C2F736FEB
:10ACF000757263652F6D6265645F63726974696301
:10AD0000616C5F73656374696F6E5F6170692E63F8
:10AD100000216172655F696E74657272757074731B
:0BAD20005F656E61626C6564282900AD
:10AD2B0070696E6D6170206E6F7420666F756E64E6
:10AD3B0020666F72207065726970686572616C0055
:10AD4B002E2F6D6265642D6F732F68616C2F736F7F
:10AD5B00757263652F6D6265645F7469636B657291
:10AD6B005F6170692E63006D617463685F74696302
:10AD7B006B20213D2071756575652D3E7469636B84
:0BAD8B005F6C6173745F7265616400AF
:10AD96005469636B6572206672657175656E637959
:10ADA600206973207A65726F005469636B6572203F
:10ADB6006E756D626572206F6620626974206973B4
:10ADC6002067726561746572207468616E20333223
:10ADD600206F72206C657373207468616E20342056
:05ADE6006269747300B6
:08ADEC00F4AD0110D8110020A4
:10ADF400E5B7001071250110D9250110E3250110D4
:10AE04007D250110D1250110D1B700105125011065
:04AE1400000000003A
:08AE180064656661756C74004D
:10AE2000000000000000000091B80010FDB8001004
:10AE30000000000000000000000000000000000012
:10AE400099630010996300109963001099630010D2
:10AE50005F9700108DB90010018D00100F8D00104C
:10AE600091B900101D470010234700102D47001016
:10AE700031470010374700103D4700104147001090
:10AE80002F002E2F6D6265642D6F732F706C6174AF
:10AE9000666F726D2F736F757263652F46696C658F
:10AEA000506174682E637070006C656E20213D20C7
:02AEB000300070
:10AEB400000000000000000000000000000000008E
:10AEC4009963001089BA00108FBA001089BA001073
:0CAED40089BA001095BA001089BA00106D
:10AEE000772B0053747265616D206F626A20666112
:06AEF000696C757265003B
:10AEF800000000000000000000000000000000004A
:10AF08009963001099630010996300109963001009
:10AF18005F9700108DB90010018D00100F8D001083
:10AF280091B900101D470010234700102D4700104D
:10AF380031470010374700103D47001041470010C7
:10AF4800FCFFFFFF00000000000000000000000000
:10AF580000000000000000000000000000000000E9
:10AF6800D5BA00109FBA001007BB00109BBA00109A
:10AF78009BBA00109BBA00100BBB00100FBB00104F
:10AF88000BBB00101D470010234700102D47001071
:10AF980031470010374700103D4700104147001067
:10AFA800996300109963001043470010454700104B
:10AFB800FCFFFFFF00000000000000000000000090
:10AFC8000A52252D34643A202530386C58000A532B
:10AFD800502020203A202530386C580A4C52202026
:10AFE800203A202530386C580A50432020203A2037
:10AFF8002530386C580A78505352203A202530387A
:10B008006C580A50535020203A202530386C580A82
:10B018004D535020203A202530386C58000A4350B0
:10B028005549443A202530386C58000A4D6F6465FC
:10B03800203A20546872656164000A50726976206B
:10B048003A2055736572000A50726976203A20508A
:10B05800726976696C65676564000A4D6F6465207E
:10B068003A2048616E646C6572000A537461636BC0
:10B078003A20505350000A537461636B3A204D5381
:02B08800500076
:10B08A000A2B2B204D6265644F53204661756C7400
:10B09A002048616E646C6572202B2B0A0A46617522
:10B0AA006C74547970653A20004D656D4D616E611E
:10B0BA0067654661756C74004275734661756C7498
:10B0CA000055736167654661756C74004861726406
:10B0DA004661756C74000A0A436F6E746578743A37
:10B0EA00000A0A2D2D204D6265644F532046617572
:10B0FA006C742048616E646C6572202D2D0A0A00FA
:10B10A004661756C7420657863657074696F6E004A
:05B11A002E2E2E0A009C
:10B11F002E2F6D6265642D6F732F706C6174666F67
:10B12F00726D2F736F757263652F6D6265645F63E8
:10B13F007269746963616C2E630063726974696309
:10B14F00616C5F73656374696F6E5F7265656E7452
:10B15F0072616E63795F636F756E746572203C20E8
:0BB16F0055494E5433325F4D415800EB
:10B17A003C756E6E616D65643E00203C68616E646C
:10B18A006C65723E000A0A2B2B204D6265644F5390
:10B19A00204572726F7220496E666F202B2B0A450A
:10B1AA0072726F72205374617475733A2030782505
:10B1BA005820436F64653A202564204D6F64756C8E
:10B1CA00653A2025640A4572726F72204D65737361
:10B1DA006167653A20004B65726E656C2045727234
:10B1EA006F723A203078256C582C200054687265AA
:10B1FA0061643A203078256C582C20004D757465AE
:10B20A00783A203078256C582C200053656D61708F
:10B21A00686F72653A203078256C582C20004D658D
:10B22A006D6F7279506F6F6C3A203078256C582C9C
:10B23A0020004576656E74466C6167733A203078F3
:10B24A00256C582C200054696D65723A2030782597
:10B25A006C582C20004D657373616765517565756F
:10B26A00653A203078256C582C200041737365723A
:10B27A0074696F6E206661696C65643A20000A4CD5
:10B28A006F636174696F6E3A203078256C58000AD2
:10B29A0046696C653A20002B2564000A4572726F74
:10B2AA00722056616C75653A203078256C58000A10
:10B2BA0043757272656E74205468726561643A20CF
:10B2CA00257325732049643A203078256C58204527
:10B2DA006E7472793A203078256C58205374616301
:10B2EA006B53697A653A203078256C58205374611B
:10B2FA00636B4D656D3A203078256C582053503A6F
:10B30A00203078256C5820000A466F72206D6F72C3
:10B31A006520696E666F2C2076697369743A2068B5
:10B32A00747470733A2F2F6D6265642E636F6D2F7C
:10B33A00732F6572726F723F6572726F723D3078E9
:10B34A0025303858266F737665723D256C642663FE
:10B35A006F72653D30782530386C5826636F6D7092
:10B36A003D2564267665723D256C75267467743DA5
:10B37A005241535042455252595F50495F504943D6
:10B38A004F000A2D2D204D6265644F53204572727D
:0CB39A006F7220496E666F202D2D0A0096
:10B3A6002E2F6D6265642D6F732F706C6174666FDE
:10B3B600726D2F736F757263652F6D6265645F7250
:10B3C600657461726765742E6370700028677561B5
:10B3D60072642026204358415F47554152445F4DD1
:0AB3E60041534B29203D3D2030006B
:10B3F0002867756172642026204358415F47554194
:10B4000052445F4D41534B29203D3D204358415FFD
:10B4100047554152445F494E49545F494E5F50522F
:07B420004F47524553530052
:10B427004572726F72202D2077726974696E67207A
:10B43700746F20612066696C6520696E20616E20DB
:10B44700495352206F7220637269746963616C207B
:0CB4570073656374696F6E0D0A000D00D0
:10B463004572726F72202D2072656164696E672068
:10B4730066726F6D20612066696C6520696E20615C
:10B483006E20495352206F7220637269746963613D
:0CB493006C2073656374696F6E0D0A0015
:10B49F004F70657261746F72206E6577206F75746F
:0DB4AF00206F66206D656D6F72790D0A00CB
:10B4BC00000000000000000049C40010EDC900109D
:10B4CC00C9C4001079C4001035C4001045C4001064
:10B4DC005F97001041C40010018D00100F8D0010FB
:10B4EC003BC400101D470010234700102D470010CF
:10B4FC00314700103747001099C400104147001025
:10B50C00FFFFFFFF00000000FFFFFFFF0100000036
:08B51C00FFFFFFFF000000002B
:08B524002F737464657272005C
:07B52C002F737464696E00C7
:08B533002F7374646F7574003E
:10B53B002E2F6D6265642D6F732F706C6174666F47
:10B54B00726D2F736F757263652F6D6265645F73B8
:10B55B00746174732E6300737461747320213D20C6
:05B56B004E554C4C00A0
:10B570002E2F6D6265642D6F732F72746F732F732E
:10B580006F757263652F4576656E74466C6167737F
:09B590002E637070005F69640015
:10B599006170706C69636174696F6E5F756E6E61FD
:10B5A9006D65645F6576656E745F666C616773006F
:10B5B9006170706C69636174696F6E5F756E6E61DD
:10B5C9006D65645F6D75746578002E2F6D626564B5
:10B5D9002D6F732F72746F732F736F757263652F6D
:10B5E9004D757465782E637070005F6964207C7C8A
:10B5F900206D6265645F6765745F6572726F725F03
:0EB60900696E5F70726F677265737328290037
:10B617004D75746578206C6F636B206661696C6526
:02B627006400BD
:10B629004D7574657820756E6C6F636B2066616902
:04B639006C656400D8
:10B63D002E2F6D6265642D6F732F72746F732F7360
:10B64D006F757263652F53656D6170686F72652ECE
:10B65D00637070005F696420213D206E756C6C70A5
:03B66D00747200F4
:10B6700053656D6170686F72652061637175697281
:09B6800065206661696C656400D7
:10B689002E2F6D6265642D6F732F72746F732F7314
:10B699006F757263652F5468697354687265616464
:10B6A9002E6370700028666C616773203D3D206FC2
:10B6B90073466C6167734572726F7254696D656F19
:10B6C90075742026262072656C5F74696D6520216A
:10B6D9003D20776169745F666F725F7533325F66AB
:10B6E9006F726576657229207C7C2028666C61679B
:10B6F90073203D3D206F73466C6167734572726FAD
:10B70900725265736F757263652026262072656CA7
:10B719005F74696D65203D3D2072656C5F74696D6C
:0AB72900652E7A65726F2829290049
:0FB73300737461747573203D3D206F734F4B002D
:10B742006170706C69636174696F6E5F756E6E6152
:0BB752006D65645F74687265616400DF
:10B76000000000000000000075CF0010B9CF0010ED
:09B77000464C4153484941500088
:10B7790042617365206164647265737320616E64EC
:10B789002073697A65206E65656420746F2062652F
:10B799002073657420696E20666C617368696170D5
:10B7A9002D626C6F636B2D64657669636520636FC9
:10B7B9006E66696775726174696F6E20696E206F54
:10B7C9007264657220746F207573652064656661A3
:10B7D900756C7420636F6E7374727563746F720025
:10B7EC00000000000000000009D4001021D400105B
:10B7FC00E9D00010DDD30010CDD0001075D20010B0
:10B80C00C1D200100DD30010D1D00010D5D0001033
:10B81C0051D3001035D400104FD4001069D3001050
:10B82C00DBD000106DD4001081D30010CDD10010EE
:04B83C00E1D0001047
:10B8400000000000000000000000000000000000F8
:10B850009963001089BA00108FBA001089BA0010DD
:10B8600089BA001095BA001089BA0010FCFFFFFFDA
:0CB87000000000000000000000000000CC
:10B87C002E2F6D6265642D6F732F73746F726167F9
:10B88C00652F66696C6573797374656D2F6C69745B
:10B89C00746C6566732F6C6974746C6566732F6C4D
:10B8AC0066732E6300626C6F636B203C206C667356
:10B8BC002D3E6366672D3E626C6F636B5F636F75C5
:03B8CC006E740097
:10B8CF006C66732D3E6366672D3E6C6F6F6B6168A0
:10B8DF006561642025203332203D3D2030006C66A9
:10B8EF00732D3E6366672D3E6C6F6F6B616865618C
:10B8FF0064203E2030006C66732D3E6366672D3EDC
:10B90F0070726F675F73697A652025206C66732D7F
:10B91F003E6366672D3E726561645F73697A652069
:10B92F003D3D2030006C66732D3E6366672D3E6291
:10B93F006C6F636B5F73697A652025206C66732D5E
:10B94F003E6366672D3E70726F675F73697A65201D
:10B95F003D3D203000342A6C66735F6E707732285D
:10B96F0030786666666666666666202F20286C6687
:10B97F00732D3E6366672D3E626C6F636B5F7369F9
:10B98F007A652D322A342929203C3D206C66732D8F
:10B99F003E6366672D3E626C6F636B5F73697A659A
:01B9AF000097
:10B9B00068656164203E3D2032202626206865614E
:10B9C00064203C3D206C66732D3E6366672D3E62AD
:0BB9D0006C6F636B5F636F756E74003B
:10B9DB007063616368652D3E626C6F636B203D3DE8
:0CB9EB0020307866666666666666660058
:05B9F7002F002E2E00C0
:02B9FC002E001B
:09B9FE006C6974746C65667300D9
:10BA07006E626C6F636B203E3D2032202626206ECF
:10BA1700626C6F636B203C3D206C66732D3E6366E2
:0FBA2700672D3E626C6F636B5F636F756E7400AB
:10BA3600656E7472792E642E74797065203D3D2092
:0DBA46004C46535F545950455F5245470030
:09BA53006C6974746C6566730083
:04BA5C00726573009C
:10BA60000000000000000000CDFC001009FD0010E7
:10BA70009D0301100504011029F8001053F800106F
:10BA8000ADF8001081F8001011F90010E9F600106F
:10BA9000DDF7001051FE00106DF900100FFA0010D4
:10BAA00045FA001077FA0010A9FA0010B702011049
:10BAB000D3FA001005FB0010C90201102FFB001083
:10BAC00059FB001087FB0010CDFB001003FC001099
:10BAD00059FC00107FFC0010A9FC0010230301108A
:10BAE000FCFFFFFF00000000F9FC00101DFD00102E
:10BAF0002E2F6D6265642D6F732F73746F72616783
:10BB0000652F66696C6573797374656D2F736F75D6
:10BB10007263652F4469722E637070005F667300F4
:10BB200000000000000000008DFF0010A9FF0010C1
:10BB30005D0001106FFF0010BDFF0010E5FF001059
:0CBB40000D0001103500011049FF00103D
:10BB4C002E2F6D6265642D6F732F73746F72616726
:10BB5C00652F66696C6573797374656D2F736F757A
:10BB6C007263652F46696C652E637070005F667337
:01BB7C0000C8
:10BB80000000000000000000ED000110090101109C
:10BB90001D01011049010110C5010110CF00011064
:10BBA000750101109D010110F10101101902011030
:10BBB0004102011069020110234700102D470010B7
:10BBC00031470010374700103D4700104147001033
:04BBD000A9000110B7
:10BBD400000000000000000075030110890301103B
:10BBE4001D01011049010110C50101106904011072
:10BBF400750101109D010110F101011019020110DC
:10BC04004102011069020110234700102D47001062
:10BC140031470010374700103D47001041470010DE
:04BC2400A900011062
:10BC28000000000000000000DD030110F103011016
:10BC38005D0001107F040110BDFF0010E5FF00103A
:0CBC48000D0001103500011049FF001034
:10BC540000000000000000000000000000000000E0
:10BC64009D03011005040110A5020110AB0201108F
:10BC7400AB020110B1020110AB0201109963001074
:10BC840099630010A50201109963001099630010D4
:10BC94009963001099630010B7020110B7020110F4
:10BCA40099630010BB020110C9020110D7020110F0
:10BCB4000B030110AB020110A5020110AB0201102D
:10BCC40011030110130301101703011023030110C2
:10BCD400FCFFFFFF00000000000000000000000067
:10BCE4001A00000000000000000000001B0000001B
:10BCF40000000000010000001C0000000000000023
:10BD0400020000001D00000000000000030000000D
:10BD1400F00000000000000004000000FFFF00002D
:08BD2400FFFFFFFF000000001B
:10BD2C00010000000000000000400340050000007E
:10BD3C000100000000800340090000000100000029
:10BD4C00008003400D000000000000000040034094
:10BD5C00110000000000000000400340150000002E
:10BD6C0001000000008003401900000001000000E9
:10BD7C00008003401D000000000000000040034054
:0CBD8C00FFFF0000FFFFFFFF00000000B1
:10BD98000000000000000000004003400400000014
:10BDA80001000000008003400800000001000000BE
:10BDB800008003400C000000000000000040034029
:10BDC80010000000000000000040034014000000C4
:10BDD800010000000080034018000000010000007E
:10BDE800008003401C0000000000000000400340E9
:0CBDF800FFFF0000FFFFFFFF0000000045
:10BE0400000000000000000051050110FD060110B3
:10BE1400910801104D080110530501105905011036
:10BE24000D0701107D0501107D050110810501102C
:10BE340091050110A1050110A5050110B50501101A
:10BE4400BD05011031070110C1050110490701109A
:10BE540075070110ED0501100D0601108106011092
:10BE640085060110A1060110BD060110B5070110D9
:0CBE7400F10701108106011011090110F6
:10BE8000800E00003F0100003F0100003F01000064
:10BE90003F0100003F0100003F0100003F010000A2
:10BEA0003F0100003F0100003F0100003F01000092
:10BEB0003F0100003F0100003F0100003F01000082
:04BEC0003F0100003E
:10BEC4002E2F6D6265642D6F732F746172676574B4
:10BED400732F5441524745545F5241535042455287
:10BEE400525950492F5441524745545F52503230B1
:10BEF40034302F616E616C6F67696E5F6170692E9B
:10BF04006300284144434E616D652970696E6D611B
:10BF1400705F7065726970686572616C2870696EB3
:10BF24002C2050696E4D61705F4144432920213DAE
:0DBF340020284144434E616D65294E4300B5
:10BF41002E2F6D6265642D6F732F74617267657436
:10BF5100732F5441524745545F5241535042455209
:10BF6100525950492F5441524745545F5250323033
:10BF710034302F6770696F5F6170692E63006F6283
:10BF81006A2D3E70696E20213D202850696E4E61F8
:06BF91006D65294E43001E
:10BF97002875696E7433325F742970696E203C208E
:0FBFA7004750494F5F50494E5F434F554E54002E
:10BFB60068775F69735F636C61696D656428626940
:10BFC60074732C206269745F696E64657829002E2B
:10BFD6002F6D6265642D6F732F746172676574735C
:10BFE6002F5441524745545F524153504245525295
:10BFF6005950492F5441524745545F5250323034BC
:10C00600302F7069636F2D73646B2F7270325F63AC
:10C016006F6D6D6F6E2F68617264776172655F63B5
:0DC026006C61696D2F636C61696D2E6300A4
:0FC0330068775F636C61696D5F636C6561720054
:10C042007372635F66726571203E3D206672657130
:10C05200002E2F6D6265642D6F732F746172676598
:10C0620074732F5441524745545F524153504245D5
:10C0720052525950492F5441524745545F525032FF
:10C082003034302F7069636F2D73646B2F7270328E
:10C092005F636F6D6D6F6E2F686172647761726539
:10C0A2005F636C6F636B732F636C6F636B732E6371
:01C0B200008D
:10C0B300636C6F636B5F636F6E6669677572650050
:10C0C300666C6173685F72616E67655F65726173E9
:02C0D300650006
:10C0D500666C6173685F72616E67655F70726F67CA
:04C0E50072616D0017
:0DC0E900666C6173685F646F5F636D640077
:10C0F6007364615F74785F686F6C645F636F756E9D
:10C1060074203C3D206C636E74202D2032002E2F4F
:10C116006D6265642D6F732F746172676574732F1A
:10C126005441524745545F52415350424552525929
:10C1360050492F5441524745545F525032303430A3
:10C146002F7069636F2D73646B2F7270325F636F2C
:10C156006D6D6F6E2F68617264776172655F6932AB
:08C16600632F6932632E6300B0
:10C16E006932635F7365745F626175647261746571
:01C17E0000C0
:10C17F0030783163203D3D20282A696E7374293E43
:10C18F003E313175002E2F6D6265642D6F732F74E4
:10C19F006172676574732F5441524745545F524122
:10C1AF005350424552525950492F544152474554CA
:10C1BF005F5250323034302F7069636F2D73646B60
:10C1CF002F7270325F636F6D6D6F6E2F6861726467
:0FC1DF00776172655F6972712F6972712E6300EB
:10C1EE00212864656C7461203E3E20313175290032
:10C1FE0063757272656E74203D3D205F5F756E686B
:10C20E00616E646C65645F757365725F69727120CF
:10C21E007C7C2063757272656E74203D3D20686172
:06C22E006E646C657200F5
:10C2340021657863657074696F6E207C7C206578F5
:10C2440063657074696F6E203D3D206E756D202BA3
:0AC254002031360066616C7365004E
:10C25E0069735F7368617265645F6972715F726141
:10C26E00775F68616E646C657228736C6F745F685B
:10C27E00616E646C65722900657863657074696FB0
:08C28E006E00666F756E64001E
:10C296006972715F7365745F6578636C75736976CF
:0AC2A600655F68616E646C657200EC
:0CC2B0006D616B655F6272616E63680017
:10C2BC00696E736572745F6272616E63685F616EE2
:07C2CC00645F6C696E6B00FA
:0FC2D3007265736F6C76655F6272616E6368008F
:10C2E2006972715F72656D6F76655F68616E646CAD
:03C2F20065720072
:10C2F5006972715F6164645F7461696C5F746F5FBB
:0AC30500667265655F6C6973740071
:10C30F006662646976203E3D2031362026262066FF
:10C31F0062646976203C3D20333230002E2F6D62EF
:10C32F0065642D6F732F746172676574732F544139
:10C33F00524745545F52415350424552525950490A
:10C34F002F5441524745545F5250323034302F7082
:10C35F0069636F2D73646B2F7270325F636F6D6DD6
:10C36F006F6E2F68617264776172655F706C6C2F8E
:10C37F00706C6C2E630028706F73745F6469763114
:10C38F00203E3D203120262620706F73745F646934
:10C39F007631203C3D2037292026262028706F73C8
:10C3AF00745F64697632203E3D203120262620704E
:10C3BF006F73745F64697632203C3D2037290070BB
:10C3CF006F73745F64697632203C3D20706F7374B5
:10C3DF005F64697631007265665F6D687A203C3DF7
:10C3EF00202876636F5F66726571202F20313629A2
:01C3FF00003D
:09C40000706C6C5F696E697400D8
:10C40900486172647761726520616C61726D202583
:10C419006420616C726561647920636C61696D6522
:02C429006400AD
:10C42B0075735F73696E63655F626F6F74203C3DFC
:10C43B0020494E5436345F4D4158002E2F6D6265A6
:10C44B00642D6F732F746172676574732F5441522F
:10C45B004745545F52415350424552525950492F10
:10C46B005441524745545F5250323034302F70692B
:10C47B00636F2D73646B2F636F6D6D6F6E2F7069B0
:10C48B00636F5F626173652F696E636C7564652F93
:0DC49B007069636F2F74797065732E6800EF
:10C4A80074696D65725F68772D3E696E74732026B6
:10C4B800203175203C3C20616C61726D5F6E756D3A
:10C4C800002E2F6D6265642D6F732F74617267651E
:10C4D80074732F5441524745545F5241535042455B
:10C4E80052525950492F5441524745545F52503285
:10C4F8003034302F7069636F2D73646B2F72703214
:10C508005F636F6D6D6F6E2F6861726477617265BE
:0FC518005F74696D65722F74696D65722E6300B3
:10C527007570646174655F75735F73696E63655F6A
:05C53700626F6F74004B
:10C53C0068617264776172655F616C61726D5F7363
:0AC54C0065745F7461726765740026
:10C556004E6F7420657870656374696E6720444D0C
:10C5660020746F2062652066756E6374696F6E2035
:10C57600380068775F6C696E655F737461746528EF
:10C5860029203D3D204C535F4A002E2F6D62656485
:10C596002D6F732F746172676574732F5441524700
:10C5A60045545F52415350424552525950492F54B7
:10C5B60041524745545F5250323034302F706963D0
:10C5C6006F2D73646B2F7270325F636F6D6D6F6E5C
:10C5D6002F7069636F5F6669782F727032303430FE
:10C5E6005F7573625F6465766963655F656E756DB9
:10C5F60065726174696F6E2F7270323034305F7598
:10C6060073625F6465766963655F656E756D657295
:08C616006174696F6E2E630070
:10C61E0068775F656E756D65726174696F6E5F6662
:0EC62E0069785F666F7263655F6C735F6A00A8
:10C63C006D616E756661637475726572203D3D2027
:10C64C004D414E5546414354555245525F52504907
:10C65C00002E2F6D6265642D6F732F746172676588
:10C66C0074732F5441524745545F524153504245C5
:10C67C0052525950492F5441524745545F525032EF
:10C68C003034302F7069636F2D73646B2F7270327E
:10C69C005F636F6D6D6F6E2F7069636F5F706C6130
:10C6AC0074666F726D2F706C6174666F726D2E6331
:10C6BC000070617274203D3D20504152545F5250C5
:02C6CC0032003A
:10C6CE007270323034305F636869705F7665727392
:04C6DE00696F6E0012
:10C6E2002C2066756E6374696F6E3A2000617373F5
:10C6F200657274696F6E2022257322206661696CEF
:10C7020065643A2066696C6520222573222C206CB0
:0CC71200696E65202564257325730A00FC
:10C71E0031203D3D202875696E747074725F7429E6
:10C72E006C2D3E7370696E5F6C6F636B002E2F6D98
:10C73E006265642D6F732F746172676574732F5405
:10C74E0041524745545F52415350424552525950FF
:10C75E00492F5441524745545F5250323034302F96
:10C76E007069636F2D73646B2F7270325F636F6DC0
:10C77E006D6F6E2F7069636F5F72756E74696D6524
:0BC78E002F72756E74696D652E6300DC
:10C799000A2A2A2A2050414E4943202A2A2A0A00D5
:0DC7A90072756E74696D655F696E6974006C
:10C7B600496E76616C69642073657269616C20707C
:04C7C600696E730025
:10C7CA00556E737570706F727465642070617269EA
:03C7DA007479006F
:03C7DD0000020156
:08C7E00040420F0020000000A0
:01C7E8000050
:10C7EC000020202020202020202028282828282035
:10C7FC00202020202020202020202020202020202D
:10C80C002088101010101010101010101010101094
:10C81C001004040404040404040404101010101084
:10C82C00101041414141414101010101010101014E
:10C83C0001010101010101010101010110101010A0
:10C84C001010424242424242020202020202020220
:10C85C000202020202020202020202021010101074
:10C86C00200000000000000000000000000000009C
:10C87C0000000000000000000000000000000000AC
:10C88C00000000000000000000000000000000009C
:10C89C00000000000000000000000000000000008C
:10C8AC00000000000000000000000000000000007C
:10C8BC00000000000000000000000000000000006C
:10C8CC00000000000000000000000000000000005C
:10C8DC00000000000000000000000000000000004C
:01C8EC00004B
:04C8F000C807002055
:10C8F40043000000504F534958000000000000005E
:04C904002E00000001
:04C908000A00000021
:10C90C00B0470110EC480110E8480110E448011050
:10C91C00E0480110DC480110D8480110D44801103F
:10C92C00D0480110CC480110C8480110C44801106F
:10C93C00C0480110BC480110B8480110F048011063
:10C94C00B4480110B0480110AC480110A8480110BF
:10C95C00A4480110A04801109C48011098480110EF
:10C96C0094480110904801108C480110884801101F
:10C97C0084480110804801107C480110784801104F
:10C98C0074480110704801106C480110684801107F
:10C99C0064480110F0480110F0480110F0480110F3
:10C9AC00F0480110F0480110F0480110F048011057
:10C9BC00F0480110604801105C480110F04801106B
:10C9CC00F0480110F0480110F0480110F048011037
:10C9DC00F0480110F0480110F0480110F048011027
:10C9EC00F0480110F0480110F0480110F048011017
:10C9FC005848011054480110504801104C4801107F
:10CA0C00F0480110F0480110F0480110484801109E
:10CA1C00F0480110F0480110F04801104448011092
:10CA2C00F0480110F048011040480110F048011086
:10CA3C00F04801103C480110F0480110F04801107A
:10CA4C00F0480110F0480110F0480110F0480110B6
:10CA5C00F0480110F0480110F0480110F0480110A6
:10CA6C0038480110F04801103448011030480110CA
:10CA7C002C480110F0480110F04801102848011012
:10CA8C00F0480110F0480110F0480110F048011076
:10CA9C00F0480110F0480110F0480110F048011066
:10CAAC0024480110204801101C480110184801109E
:10CABC001448011010480110F04801100C480110E6
:10CACC00084801100448011000480110FC470110EF
:10CADC00F8470110F4470110F0470110EC47011022
:10CAEC00E8470110E4470110E0470110DC47011052
:10CAFC00F0480110D8470110D4470110D04701105D
:10CB0C00CC470110F0480110F0480110F04801101A
:10CB1C00F0480110F0480110C8470110F04801100E
:10CB2C00F0480110F0480110C4470110C047011033
:0CCB3C00BC470110B8470110B4470110BD
:10CB480053756363657373004E6F74206F776E65FA
:10CB5800720000004E6F20737563682066696C650B
:10CB6800206F72206469726563746F7279000000C7
:10CB78004E6F20737563682070726F6365737300FE
:10CB8800496E746572727570746564207379737414
:10CB9800656D2063616C6C00492F4F206572726F60
:10CBA800720000004E6F20737563682064657669B3
:10CBB8006365206F7220616464726573730000009E
:10CBC800417267206C69737420746F6F206C6F6E8C
:10CBD800670000004578656320666F726D61742098
:10CBE8006572726F72000000536F636B6574206129
:10CBF8006C726561647920636F6E6E6563746564D9
:10CC0800000000004261642066696C65206E756DE5
:10CC1800626572004E6F206368696C6472656E00AD
:10CC280044657374696E6174696F6E2061646472BF
:10CC38006573732072657175697265640000000020
:10CC48004E6F206D6F72652070726F6365737365C8
:10CC5800730000004E6F7420656E6F7567682073EF
:10CC680070616365000000005065726D69737369D7
:10CC78006F6E2064656E696564000000426164201F
:10CC88006164647265737300446576696365206FD7
:10CC980072207265736F75726365206275737900AF
:10CCA80046696C65206578697374730043726F73A5
:10CCB800732D646576696365206C696E6B0000008E
:10CCC8004E6F20737563682064657669636500003C
:10CCD8004E6F742061206469726563746F727900A5
:10CCE800486F737420697320646F776E00000000CA
:10CCF800436F6E6E656374696F6E20616C726561F7
:10CD0800647920696E2070726F67726573730000B2
:10CD180049732061206469726563746F72790000D9
:10CD2800496E76616C696420617267756D656E74B1
:10CD3800000000004E6574776F726B20696E746531
:10CD48007266616365206973206E6F7420636F6E0D
:10CD58006669677572656400436F6E6E65637469B2
:10CD68006F6E2061626F72746564206279206E65EF
:10CD780074776F726B000000546F6F206D616E796D
:10CD8800206F70656E2066696C657320696E20730C
:10CD9800797374656D00000046696C65206465737D
:10CDA80063726970746F722076616C756520746F38
:10CDB8006F206C61726765004E6F74206120636834
:10CDC80061726163746572206465766963650000E9
:10CDD800546578742066696C652062757379000003
:10CDE80046696C6520746F6F206C6172676500001E
:10CDF800486F737420697320756E7265616368612A
:10CE0800626C65004E6F207370616365206C6566A7
:10CE180074206F6E20646576696365004E6F7420B8
:10CE2800737570706F72746564000000496C6C658E
:10CE380067616C207365656B000000005265616472
:10CE48002D6F6E6C792066696C65207379737465D3
:10CE58006D000000546F6F206D616E79206C696EF3
:10CE68006B73000042726F6B656E207069706500AD
:10CE78004D617468656D617469637320617267756B
:10CE88006D656E74206F7574206F6620646F6D61B8
:10CE9800696E206F662066756E6374696F6E000038
:10CEA800526573756C7420746F6F206C617267655E
:10CEB800000000004E6F206D657373616765206F19
:10CEC8006620646573697265642074797065000012
:10CED8004964656E7469666965722072656D6F76FE
:10CEE80065640000496C6C6567616C2062797465E3
:10CEF8002073657175656E63650000004465616443
:10CF08006C6F636B000000004E6574776F726B2066
:10CF1800697320756E726561636861626C65000093
:10CF28004E6F206C6F636B004E6F742061207374BA
:10CF38007265616D0000000053747265616D20694F
:10CF48006F63746C2074696D656F75740000000000
:10CF58004E6F2073747265616D207265736F7572A0
:10CF6800636573005669727475616C2063697263D6
:10CF780075697420697320676F6E650050726F74ED
:10CF88006F636F6C206572726F720000556E6B6E06
:10CF98006F776E2070726F746F636F6C00000000A3
:10CFA8004D756C7469686F7020617474656D707408
:10CFB80065640000426164206D6573736167650094
:10CFC80046756E6374696F6E206E6F7420696D703C
:10CFD8006C656D656E746564000000004469726577
:10CFE80063746F7279206E6F7420656D7074790048
:10CFF80046696C65206F722070617468206E616D7F
:10D008006520746F6F206C6F6E670000546F6F201F
:10D018006D616E792073796D626F6C6963206C69DC
:10D028006E6B73004E6F2062756666657220737052
:10D0380061636520617661696C61626C65000000FE
:10D048004E6F20646174610041646472657373207B
:10D0580066616D696C79206E6F7420737570706F7E
:10D06800727465642062792070726F746F636F6C7C
:10D078002066616D696C790050726F746F636F6CB4
:10D088002077726F6E67207479706520666F7220E2
:10D09800736F636B65740000536F636B6574206F07
:10D0A8007065726174696F6E206F6E206E6F6E2D81
:10D0B800736F636B6574000050726F746F636F6C8D
:10D0C800206E6F7420617661696C61626C65000026
:10D0D800436F6E6E656374696F6E207265667573F3
:10D0E80065640000436F6E6E656374696F6E2072CD
:10D0F80065736574206279207065657200000000B0
:10D108004164647265737320616C7265616479202F
:10D11800696E2075736500004164647265737320DD
:10D128006E6F7420617661696C61626C65000000E5
:10D13800536F6674776172652063617573656420E7
:10D14800636F6E6E656374696F6E2061626F72746F
:10D1580000000000536F636B6574206973206E6F65
:10D168007420636F6E6E656374656400536F636BE0
:10D17800657420697320616C726561647920636FDE
:10D188006E6E6563746564004F7065726174696F73
:10D198006E2063616E63656C65640000537461742E
:10D1A80065206E6F74207265636F76657261626C5C
:10D1B8006500000050726576696F7573206F776E31
:10D1C80065722064696564004F7065726174696F87
:10D1D8006E206E6F7420737570706F727465642042
:10D1E8006F6E20736F636B657400000056616C7519
:10D1F8006520746F6F206C6172676520666F72209E
:10D20800646566696E656420646174612074797010
:10D21800650000004D65737361676520746F6F204A
:10D228006C6F6E6700000000436F6E6E6563746913
:10D238006F6E2074696D6564206F7574000000005E
:10D24800A04D0110EC4C0110EC4C0110964D011052
:10D25800EC4C0110EC4C0110EC4C0110EC4C0110A2
:10D26800EC4C0110EC4C01107A4D0110724D01107C
:10D27800EC4C0110684D01101A4D0110EC4C0110D6
:10D28800104D0110B44C0110B44C0110B44C0110F5
:10D29800B44C0110B44C0110B44C0110B44C011042
:10D2A800B44C0110B44C0110EC4C0110EC4C0110C2
:10D2B800EC4C0110EC4C0110EC4C0110EC4C011042
:10D2C800EC4C0110EC4C0110EC4C0110EC4C011032
:10D2D80090530110EC520110EC4C0110EC5201106B
:10D2E800EC4C0110EC4C0110EC4C0110EC4C011012
:10D2F800E2520110EC4C0110EC4C0110BE5201102E
:10D30800EC4C0110EC4C0110EC4C0110EC4C0110F1
:10D31800EC4C0110F8530110EC4C0110EC4C0110CE
:10D32800C4530110EC4C0110EC4C0110EC4C0110F2
:10D33800EC4C0110EC4C0110EC4C0110EC4C0110C1
:10D34800EC4C0110EC4C0110EC4C0110EA4F0110B0
:10D35800744F0110EC520110EC520110EC52011004
:10D36800B4520110744F0110EC4C0110EC4C011038
:10D37800A4520110EC4C0110445201101E5201102D
:10D388007E52011074520110EC4C0110124F011022
:10D39800EC4C0110964E0110EC4C0110EC4C0110B5
:04D3A800B04D011073
:10D3AC00494E4600696E66004E414E006E616E003D
:10D3BC0030313233343536373839414243444546BF
:10D3CC000000000030313233343536373839616281
:10D3DC006364656600000000286E756C6C290000A3
:04D3EC00300000000D
:10D3F000202020202020202020202020202020202D
:10D40000303030303030303030303030303030301C
:10D410006E630110A06A0110A06A01107E63011002
:10D42000A06A0110A06A0110A06A0110A06A011090
:10D43000A06A0110A06A01107E6701109E670110AA
:10D44000A06A0110A6670110AC670110A06A011064
:10D450008C6901103C6301103C6301103C630110B6
:10D460003C6301103C6301103C6301103C630110FC
:10D470003C6301103C630110A06A0110A06A011016
:10D48000A06A0110A06A0110A06A0110A06A011030
:10D49000A06A0110A06A0110A06A0110A06A011020
:10D4A0008C68011002690110A06A01100269011064
:10D4B000A06A0110A06A0110A06A0110A06A011000
:10D4C000A0690110A06A0110A06A0110AA690110E8
:10D4D000A06A0110A06A0110A06A0110A06A0110E0
:10D4E000A06A0110D0690110A06A0110A06A0110A1
:10D4F000F8690110A06A0110A06A0110A06A011069
:10D50000A06A0110A06A0110A06A0110A06A0110AF
:10D51000A06A0110A06A0110A06A01102C6A011013
:10D52000646A0110026901100269011002690110A8
:10D53000766A0110646A0110A06A0110A06A0110E5
:10D540006A680110A06A0110F86701101C680110D8
:10D550004468011096690110A06A01108E660110DE
:10D56000A06A0110E6660110A06A0110A06A01100D
:04D5700088630110BB
:10D57400494E4600696E66004E414E006E616E0073
:10D5840030313233343536373839414243444546F5
:10D5940000000000303132333435363738396162B7
:10D5A4006364656600000000286E756C6C290000D9
:04D5B4003000000043
:10D5B8002020202020202020202020202020202063
:10D5C8003030303030303030303030303030303053
:10D5D800496E66696E697479000000004E614E00FC
:04D5E800300000000F
:10D5F0000080E03779C34143176E05B5B5B893464F
:10D60000F5F93FE9034F384D321D30F94877825A1A
:08D610003CBF737FDD4F15756F
:10D61800000000000000F03F00000000000024406F
:10D6280000000000000059400000000000408F404A
:10D63800000000000088C34000000000006AF840B5
:10D648000000000080842E4100000000D0126341D9
:10D658000000000084D797410000000065CDCD414F
:10D66800000000205FA00242000000E87648374230
:10D67800000000A2941A6D42000040E59C30A242CE
:10D688000000901EC4BCD64200003426F56B0C4343
:10D698000080E03779C3414300A0D88557347643EA
:10D6A80000C84E676DC1AB43003D9160E458E1434B
:10D6B800408CB5781DAF154450EFE2D6E41A4B44C0
:10D6C80092D54D06CFF08044F64AE1C7022DB54405
:08D6D800B49DD9794378EA44BE
:0CD6E00005000000190000007D000000A3
:08D6EC00E02BFE7F01000000AD
:10D6F400084A10B51378002B0AD18023064807493D
:10D704005B051C68C45004338B42FAD101231370A7
:10D7140010BDC046FF2C00200026001000010010A0
:10D7240010B5024B0133984710BDC04600260020B7
:10D73400431E9841054B02301B6800025840C02329
:10D744009B001840024B18607047C0460C80014093
:10D754000C9001408023F0B50A1804000D0085B038
:10D764009B039A4205D941211D4B1E4A1E4800F0D5
:10D7740003F91826142733881C49388898473388B6
:10D784001B4903903888984733881A49029038888F
:10D79400984733880190184938889847039B0600B6
:10D7A400002B07D0029B002B04D0019B002B01D03F
:10D7B400002803D14921114B0A4AD7E7FFF798FF04
:10D7C400039B9847029B984780222000D823290076
:10D7D4005202019CA047B047FFF7A2FF05B0F0BD7D
:10D7E40060A40110C3C001108CA4011049460000BC
:10D7F400455800005245000046430000EAA40110C9
:10D804008023F0B5140085B01218050003919B0322
:10D814009A4205D958211D4B1D4A1E4800F0ACF808
:10D824001826142733881C493888984733881B499D
:10D834000290388898473388194901903888984766
:10D8440033880090174938889847029B0600002BBC
:10D8540007D0019B002B04D0009B002B01D0002893
:10D8640003D16021104B0A4AD7E7FFF741FF029B1F
:10D874009847019B9847220028000399009B9847EA
:10D88400B047FFF74DFF05B0F0BDC04660A40110DE
:10D89400D5C001108CA40110494600004558000071
:10D8A40052500000464300003DA50110F0B5182673
:10D8B400142485B0338801900291208827491700E9
:10D8C4009847338826490500208898473388039071
:10D8D4002449208898470600002D04D0039B002B80
:10D8E40001D0002805D180211F4B204A204800F098
:10D8F40043F8FFF7FDFEA847039B98470020FFF776
:10D9040017FFC0223B0008250220520539001943A5
:10D9140007D10120FFF70CFFB047FFF701FF05B067
:10D92400F0BD916A0C002C4001420BD0002F09D0AD
:10D93400D91B0D2906D80199013F0978116601996F
:10D9440001310191002CE1D0002BDFD0116E029C3B
:10D95400013B2170210001310291D7E749460000C3
:10D96400455800004643000092A50110E9C001108B
:10D974008CA401100000000001B40248844601BCDC
:10D98400604700BF412101100000000006000000B4
:10D994000700000008000000090000001600000055
:10D9A400150000000A0000000B0000000E0000003B
:10D9B4000C0000000D0000000F00000087000000B4
:10D9C400B603000087000000B6030000FF01010059
:10D9D4001A000000000000001B000000000000000E
:10D9E4001C000000000000001D00000000000000FA
:10D9F4000000000000000000000000000000000023
:10DA04000100000000000000000000000000000011
:10DA14000200000000000000000000000000000000
:10DA240003000000000000000000000000000000EF
:10DA340004000000000000000000000000000000DE
:10DA440005000000000000000000000000000000CD
:10DA540006000000000000000000000000000000BC
:10DA640007000000000000000000000000000000AB
:10DA7400080000000000000000000000000000009A
:10DA84000900000000000000000000000000000089
:10DA94000A00000000000000000000000000000078
:10DAA4000B00000000000000000000000000000067
:10DAB4000C00000000000000000000000000000056
:10DAC4000D00000000000000000000000000000045
:10DAD4000E00000000000000000000000000000034
:10DAE4000F00000000000000000000000000000023
:10DAF4001000000000000000000000000000000012
:10DB04001100000000000000000000000000000000
:10DB140012000000000000000000000000000000EF
:10DB240013000000000000000000000000000000DE
:10DB340014000000000000000000000000000000CD
:10DB440015000000000000000000000000000000BC
:10DB540016000000000000000000000000000000AB
:10DB6400170000000000000000000000000000009A
:10DB74001800000000000000000000000000000089
:10DB84001900000000000000000000000000000078
:10DB94001A00000000000000000000000000000067
:10DBA4001B00000000000000000000000000000056
:10DBB4001C00000000000000000000000000000045
:10DBC4001D00000000000000000000000000000034
:10DBD4000A0000008FA30110D3B3FB020000000071
:10DBE4000000000000000000000000000000000031
:10DBF4000000000000000000000000000000000021
:10DC04000000000000000000000000000000000010
:10DC14000000000000000000000000000000000000
:10DC240000000000000000000000000000000000F0
:10DC340000000000000000000000000000000000E0
:10DC440000000000000000000000000000000000D0
:10DC540000000000000000000000000000000000C0
:10DC640000000000000000000000000000000000B0
:10DC74000000000000000000F58B00103DB700100C
:10DC8400FFFFFFFFFFFFFFFFFFFFFFFF000000009C
:10DC94000000000000000000000000000000000080
:10DCA4000000000000000000000000000000000070
:10DCB4000000000000000000000000000000000060
:10DCC4000000000000000000000000000000000050
:10DCD4000000000000000000000000000000000040
:10DCE4000000000000000000000000000000000030
:10DCF4000000000000000000000000000000000020
:10DD0400000000000000000000000000000000000F
:10DD140000000000000000000000000000000000FF
:10DD240000000000000000000000000000000000EF
:10DD340000000000000000000000000000000000DF
:10DD440000000000000000000000000000000000CF
:10DD540000000000000000000000000000000000BF
:10DD640000000000000000000000000000000000AF
:10DD7400000000000000000000000000000000009F
:10DD840040597307004004400000000000000000F8
:10DD9400000001000000000000000000000002007C
:10DDA400000000000000000000000300000000006C
:10DDB400000000000000FF000000000000B54868FB
:10DDC40001318E460047704609380149884700BD35
:10DDD40035190110100000000000000000000000D0
:10DDE400503300004C330000543300005233000021
:10DDF400C80700200000000000000000B40A002052
:10DE04001C0B0020840B0020000000000000000018
:10DE140000000000000000000000000000000000FE
:10DE240000000000000000000000000000000000EE
:10DE340000000000000000000000000000000000DE
:10DE440000000000000000000000000000000000CE
:10DE540000000000000000000000000000000000BE
:10DE640000000000000000000000000000000000AE
:10DE7400000000000000000000000000000000009E
:10DE8400000000000000000000000000000000008E
:10DE9400000000000000000000000000000000007E
:10DEA40001000000000000000E33CDAB34126DE61B
:10DEB400ECDE05000B000000000000000000000084
:10DEC400000000000000000000000000000000004E
:10DED400000000000000000000000000000000003E
:10DEE400000000000000000000000000000000002E
:10DEF400000000000000000000000000000000001E
:10DF0400000000000000000000000000000000000D
:10DF140000000000000000000000000000000000FD
:10DF240000000000000000000000000000000000ED
:10DF340000000000000000000000000000000000DD
:10DF440000000000000000000000000000000000CD
:10DF540000000000000000000000000000000000BD
:10DF640000000000000000000000000000000000AD
:10DF7400000000000000000000000000000000009D
:10DF8400000000000000000000000000000000008D
:10DF9400000000000000000000000000000000007D
:10DFA400000000000000000000000000000000006D
:10DFB400000000000000000000000000000000005D
:10DFC400000000000000000000000000000000004D
:10DFD400000000000000000000000000000000003D
:10DFE400000000000000000000000000000000002D
:10DFF400000000000000000000000000000000001D
:10E00400000000000000000000000000000000000C
:10E0140000000000000000000000000000000000FC
:10E0240000000000000000000000000000000000EC
:10E0340000000000000000000000000000000000DC
:10E0440000000000000000000000000000000000CC
:10E0540000000000000000000000000000000000BC
:10E0640000000000000000000000000000000000AC
:10E07400000000000000000000000000000000009C
:10E08400000000000000000000000000000000008C
:10E09400000000000000000000000000000000007C
:10E0A400000000000000000000000000000000006C
:10E0B400000000000000000000000000000000005C
:10E0C400000000000000000000000000000000004C
:10E0D400000000000000000000000000000000003C
:10E0E400000000000000000000000000000000002C
:10E0F400000000000000000000000000000000001C
:10E10400000000000000000000000000000000000B
:10E1140000000000000000000000000000000000FB
:10E1240000000000000000000000000000000000EB
:10E1340000000000000000000000000000000000DB
:10E1440000000000000000000000000000000000CB
:10E1540000000000000000000000000000000000BB
:10E1640000000000000000000000000000000000AB
:10E17400000000000000000000000000000000009B
:10E18400000000000000000000000000000000008B
:10E19400000000000000000000000000000000007B
:10E1A400000000000000000000000000000000006B
:10E1B400000000000000000000000000000000005B
:10E1C400000000000000000000000000000000004B
:10E1D400000000000000000000000000000000003B
:10E1E400000000000000000000000000000000002B
:10E1F400000000000000000000000000000000001B
:10E20400000000000000000000000000000000000A
:10E2140000000000000000000000000000000000FA
:10E2240043000000000000000000000000000000A7
:10E2340000000000000000000000000000000000DA
:10E244004300000000000000000000000000000087
:10E2540000000000000000000000000000000000BA
:10E264004300000000000000000000000000000067
:10E27400000000000000000000000000000000009A
:10E284004300000000000000000000000000000047
:10E29400000000000000000000000000000000007A
:10E2A4004300000000000000000000000000000027
:10E2B400000000000000000000000000000000005A
:10E2C4004300000000000000000000000000000007
:10E2D400000000000000000000000000000000003A
:10E2E40043000000000000000000000000000000E7
:10E2F400000000000000000000000000000000001A
:10E30400C5790110693E011000000000ECC701103E
:10E3140004C9011000C9011000C9011000C901108D
:10E3240000C9011000C9011000C9011000C9011081
:10E3340000C9011000C90110FFFFFFFFFFFFFFFF2D
:10E34400FFFFFFFFFFFF0000010041534349490065
:10E3540000000000000000000000000000000000B9
:10E364000000000000000000000041534349490040
:10E374000000000000000000000000000000000099
:10E384000000000000000000000000000000000089
:10E39400000000005C0D00205C0D0020640D0020D6
:10E3A400640D00206C0D00206C0D0020740D002005
:10E3B400740D00207C0D00207C0D0020840D0020B5
:10E3C400840D00208C0D00208C0D0020940D002065
:10E3D400940D00209C0D00209C0D0020A40D002015
:10E3E400A40D0020AC0D0020AC0D0020B40D0020C5
:10E3F400B40D0020BC0D0020BC0D0020C40D002075
:10E40400C40D0020CC0D0020CC0D0020D40D002024
:10E41400D40D0020DC0D0020DC0D0020E40D0020D4
:10E42400E40D0020EC0D0020EC0D0020F40D002084
:10E43400F40D0020FC0D0020FC0D0020040E002033
:10E44400040E00200C0E00200C0E0020140E0020E0
:10E45400140E00201C0E00201C0E0020240E002090
:10E46400240E00202C0E00202C0E0020340E002040
:10E47400340E00203C0E00203C0E0020440E0020F0
:10E48400440E00204C0E00204C0E0020540E0020A0
:10E49400540E00205C0E00205C0E0020640E002050
:10E4A400640E00206C0E00206C0E0020740E002000
:10E4B400740E00207C0E00207C0E0020840E0020B0
:10E4C400840E00208C0E00208C0E0020940E002060
:10E4D400940E00209C0E00209C0E0020A40E002010
:10E4E400A40E0020AC0E0020AC0E0020B40E0020C0
:10E4F400B40E0020BC0E0020BC0E0020C40E002070
:10E50400C40E0020CC0E0020CC0E0020D40E00201F
:10E51400D40E0020DC0E0020DC0E0020E40E0020CF
:10E52400E40E0020EC0E0020EC0E0020F40E00207F
:10E53400F40E0020FC0E0020FC0E0020040F00202E
:10E54400040F00200C0F00200C0F0020140F0020DB
:10E55400140F00201C0F00201C0F0020240F00208B
:10E56400240F00202C0F00202C0F0020340F00203B
:10E57400340F00203C0F00203C0F0020440F0020EB
:10E58400440F00204C0F00204C0F0020540F00209B
:10E59400540F00205C0F00205C0F0020640F00204B
:10E5A400640F00206C0F00206C0F0020740F0020FB
:10E5B400740F00207C0F00207C0F0020840F0020AB
:10E5C400840F00208C0F00208C0F0020940F00205B
:10E5D400940F00209C0F00209C0F0020A40F00200B
:10E5E400A40F0020AC0F0020AC0F0020B40F0020BB
:10E5F400B40F0020BC0F0020BC0F0020C40F00206B
:10E60400C40F0020CC0F0020CC0F0020D40F00201A
:10E61400D40F0020DC0F0020DC0F0020E40F0020CA
:10E62400E40F0020EC0F0020EC0F0020F40F00207A
:10E63400F40F0020FC0F0020FC0F00200410002029
:10E64400041000200C1000200C10002014100020D6
:10E65400141000201C1000201C1000202410002086
:10E66400241000202C1000202C1000203410002036
:10E67400341000203C1000203C10002044100020E6
:10E68400441000204C1000204C1000205410002096
:10E69400541000205C1000205C1000206410002046
:10E6A400641000206C1000206C10002074100020F6
:10E6B400741000207C1000207C10002084100020A6
:10E6C400841000208C1000208C1000209410002056
:10E6D400941000209C1000209C100020A410002006
:10E6E400A4100020AC100020AC100020B4100020B6
:10E6F400B4100020BC100020BC100020C410002066
:10E70400C4100020CC100020CC100020D410002015
:10E71400D4100020DC100020DC100020E4100020C5
:10E72400E4100020EC100020EC100020F410002075
:10E73400F4100020FC100020FC1000200411002024
:10E74400041100200C1100200C11002014110020D1
:10E75400141100201C1100201C1100202411002081
:10E76400241100202C1100202C1100203411002031
:10E77400341100203C1100203C11002044110020E1
:10E78400441100204C1100204C1100205411002091
:10E7940054110020FFFFFFFF000002004504001099
:10E7A40049470010AD020010C93A0010E54E0010B0
:0CE7B400456300106D650010B568001092
:04000005100001D511
:00000001FF
